
Session altered.


Session altered.


Session altered.


Session altered.


Session altered.


PL/SQL procedure successfully completed.

PMLE_WASM2JS_MLE_PARITY|PASS|tics=100|canonical_bytes=78522|canonical_sha256=aec7b09fff9353137c965eb63ba0b97b766c528aa335ccf57a85050c01bc6c98
PMLE_WASM2JS_MLE_TIC|tic=1|mle_ms=6.451
PMLE_WASM2JS_MLE_TIC|tic=2|mle_ms=6.348
PMLE_WASM2JS_MLE_TIC|tic=3|mle_ms=3.846
PMLE_WASM2JS_MLE_TIC|tic=4|mle_ms=9.702
PMLE_WASM2JS_MLE_TIC|tic=5|mle_ms=3.962
PMLE_WASM2JS_MLE_TIC|tic=6|mle_ms=5.069
PMLE_WASM2JS_MLE_TIC|tic=7|mle_ms=19.9
PMLE_WASM2JS_MLE_TIC|tic=8|mle_ms=6.652
PMLE_WASM2JS_MLE_TIC|tic=9|mle_ms=11.961
PMLE_WASM2JS_MLE_TIC|tic=10|mle_ms=29.364
PMLE_WASM2JS_MLE_TIC|tic=11|mle_ms=10.407
PMLE_WASM2JS_MLE_TIC|tic=12|mle_ms=6.366
PMLE_WASM2JS_MLE_TIC|tic=13|mle_ms=17.59
PMLE_WASM2JS_MLE_TIC|tic=14|mle_ms=14.739
PMLE_WASM2JS_MLE_TIC|tic=15|mle_ms=12.181
PMLE_WASM2JS_MLE_TIC|tic=16|mle_ms=18.384
PMLE_WASM2JS_MLE_TIC|tic=17|mle_ms=13.251
PMLE_WASM2JS_MLE_TIC|tic=18|mle_ms=11.138
PMLE_WASM2JS_MLE_TIC|tic=19|mle_ms=14.639
PMLE_WASM2JS_MLE_TIC|tic=20|mle_ms=7.592
PMLE_WASM2JS_MLE_TIC|tic=21|mle_ms=20.305
PMLE_WASM2JS_MLE_TIC|tic=22|mle_ms=15.909
PMLE_WASM2JS_MLE_TIC|tic=23|mle_ms=9.637
PMLE_WASM2JS_MLE_TIC|tic=24|mle_ms=14.078
PMLE_WASM2JS_MLE_TIC|tic=25|mle_ms=14.659
PMLE_WASM2JS_MLE_TIC|tic=26|mle_ms=9.503
PMLE_WASM2JS_MLE_TIC|tic=27|mle_ms=14.322
PMLE_WASM2JS_MLE_TIC|tic=28|mle_ms=19.541
PMLE_WASM2JS_MLE_TIC|tic=29|mle_ms=5.935
PMLE_WASM2JS_MLE_TIC|tic=30|mle_ms=8.956
PMLE_WASM2JS_MLE_TIC|tic=31|mle_ms=22.108
PMLE_WASM2JS_MLE_TIC|tic=32|mle_ms=6.684
PMLE_WASM2JS_MLE_TIC|tic=33|mle_ms=15.978
PMLE_WASM2JS_MLE_TIC|tic=34|mle_ms=19.48
PMLE_WASM2JS_MLE_TIC|tic=35|mle_ms=5.51
PMLE_WASM2JS_MLE_TIC|tic=36|mle_ms=10.361
PMLE_WASM2JS_MLE_TIC|tic=37|mle_ms=19.3
PMLE_WASM2JS_MLE_TIC|tic=38|mle_ms=9.431
PMLE_WASM2JS_MLE_TIC|tic=39|mle_ms=7.859
PMLE_WASM2JS_MLE_TIC|tic=40|mle_ms=26.931
PMLE_WASM2JS_MLE_TIC|tic=41|mle_ms=11.987
PMLE_WASM2JS_MLE_TIC|tic=42|mle_ms=8.76
PMLE_WASM2JS_MLE_TIC|tic=43|mle_ms=20.568
PMLE_WASM2JS_MLE_TIC|tic=44|mle_ms=10.793
PMLE_WASM2JS_MLE_TIC|tic=45|mle_ms=8.603
PMLE_WASM2JS_MLE_TIC|tic=46|mle_ms=20.41
PMLE_WASM2JS_MLE_TIC|tic=47|mle_ms=9.974
PMLE_WASM2JS_MLE_TIC|tic=48|mle_ms=15.636
PMLE_WASM2JS_MLE_TIC|tic=49|mle_ms=16.885
PMLE_WASM2JS_MLE_TIC|tic=50|mle_ms=8.235
PMLE_WASM2JS_MLE_TIC|tic=51|mle_ms=14.62
PMLE_WASM2JS_MLE_TIC|tic=52|mle_ms=17.242
PMLE_WASM2JS_MLE_TIC|tic=53|mle_ms=7.12
PMLE_WASM2JS_MLE_TIC|tic=54|mle_ms=12.22
PMLE_WASM2JS_MLE_TIC|tic=55|mle_ms=19.702
PMLE_WASM2JS_MLE_TIC|tic=56|mle_ms=8.119
PMLE_WASM2JS_MLE_TIC|tic=57|mle_ms=10.88
PMLE_WASM2JS_MLE_TIC|tic=58|mle_ms=19.811
PMLE_WASM2JS_MLE_TIC|tic=59|mle_ms=4.433
PMLE_WASM2JS_MLE_TIC|tic=60|mle_ms=25.761
PMLE_WASM2JS_MLE_TIC|tic=61|mle_ms=23.192
PMLE_WASM2JS_MLE_TIC|tic=62|mle_ms=6.21
PMLE_WASM2JS_MLE_TIC|tic=63|mle_ms=13.491
PMLE_WASM2JS_MLE_TIC|tic=64|mle_ms=22.192
PMLE_WASM2JS_MLE_TIC|tic=65|mle_ms=4.536
PMLE_WASM2JS_MLE_TIC|tic=66|mle_ms=15.163
PMLE_WASM2JS_MLE_TIC|tic=67|mle_ms=21.262
PMLE_WASM2JS_MLE_TIC|tic=68|mle_ms=7.258
PMLE_WASM2JS_MLE_TIC|tic=69|mle_ms=7.957
PMLE_WASM2JS_MLE_TIC|tic=70|mle_ms=17.165
PMLE_WASM2JS_MLE_TIC|tic=71|mle_ms=10.978
PMLE_WASM2JS_MLE_TIC|tic=72|mle_ms=7.498
PMLE_WASM2JS_MLE_TIC|tic=73|mle_ms=23.549
PMLE_WASM2JS_MLE_TIC|tic=74|mle_ms=8.398
PMLE_WASM2JS_MLE_TIC|tic=75|mle_ms=10.027
PMLE_WASM2JS_MLE_TIC|tic=76|mle_ms=19.702
PMLE_WASM2JS_MLE_TIC|tic=77|mle_ms=8.968
PMLE_WASM2JS_MLE_TIC|tic=78|mle_ms=9.668
PMLE_WASM2JS_MLE_TIC|tic=79|mle_ms=20.892
PMLE_WASM2JS_MLE_TIC|tic=80|mle_ms=5.28
PMLE_WASM2JS_MLE_TIC|tic=81|mle_ms=16.312
PMLE_WASM2JS_MLE_TIC|tic=82|mle_ms=21.644
PMLE_WASM2JS_MLE_TIC|tic=83|mle_ms=9.311
PMLE_WASM2JS_MLE_TIC|tic=84|mle_ms=11.344
PMLE_WASM2JS_MLE_TIC|tic=85|mle_ms=17.348
PMLE_WASM2JS_MLE_TIC|tic=86|mle_ms=8.949
PMLE_WASM2JS_MLE_TIC|tic=87|mle_ms=13.037
PMLE_WASM2JS_MLE_TIC|tic=88|mle_ms=19.748
PMLE_WASM2JS_MLE_TIC|tic=89|mle_ms=6.608
PMLE_WASM2JS_MLE_TIC|tic=90|mle_ms=10.362
PMLE_WASM2JS_MLE_TIC|tic=91|mle_ms=27.975
PMLE_WASM2JS_MLE_TIC|tic=92|mle_ms=7.798
PMLE_WASM2JS_MLE_TIC|tic=93|mle_ms=14.259
PMLE_WASM2JS_MLE_TIC|tic=94|mle_ms=20.459
PMLE_WASM2JS_MLE_TIC|tic=95|mle_ms=5.832
PMLE_WASM2JS_MLE_TIC|tic=96|mle_ms=11.668
PMLE_WASM2JS_MLE_TIC|tic=97|mle_ms=21.082
PMLE_WASM2JS_MLE_TIC|tic=98|mle_ms=8.996
PMLE_WASM2JS_MLE_TIC|tic=99|mle_ms=6.234
PMLE_WASM2JS_MLE_TIC|tic=100|mle_ms=18.324
PMLE_WASM2JS_MLE_TIC|tic=101|mle_ms=11.262
PMLE_WASM2JS_MLE_TIC|tic=102|mle_ms=8.271
PMLE_WASM2JS_MLE_TIC|tic=103|mle_ms=19.297
PMLE_WASM2JS_MLE_TIC|tic=104|mle_ms=8.596
PMLE_WASM2JS_MLE_TIC|tic=105|mle_ms=5.645
PMLE_WASM2JS_MLE_TIC|tic=106|mle_ms=20.115
PMLE_WASM2JS_MLE_TIC|tic=107|mle_ms=8.198
PMLE_WASM2JS_MLE_TIC|tic=108|mle_ms=10.734
PMLE_WASM2JS_MLE_TIC|tic=109|mle_ms=21.819
PMLE_WASM2JS_MLE_TIC|tic=110|mle_ms=6.261
PMLE_WASM2JS_MLE_TIC|tic=111|mle_ms=30.397
PMLE_WASM2JS_MLE_TIC|tic=112|mle_ms=19.188
PMLE_WASM2JS_MLE_TIC|tic=113|mle_ms=8.557
PMLE_WASM2JS_MLE_TIC|tic=114|mle_ms=13.995
PMLE_WASM2JS_MLE_TIC|tic=115|mle_ms=18.702
PMLE_WASM2JS_MLE_TIC|tic=116|mle_ms=9.055
PMLE_WASM2JS_MLE_TIC|tic=117|mle_ms=13.833
PMLE_WASM2JS_MLE_TIC|tic=118|mle_ms=21.653
PMLE_WASM2JS_MLE_TIC|tic=119|mle_ms=4.93
PMLE_WASM2JS_MLE_TIC|tic=120|mle_ms=8.962
PMLE_WASM2JS_MLE_TIC|tic=121|mle_ms=23.421
PMLE_WASM2JS_MLE_TIC|tic=122|mle_ms=5.704
PMLE_WASM2JS_MLE_TIC|tic=123|mle_ms=16.956
PMLE_WASM2JS_MLE_TIC|tic=124|mle_ms=23.156
PMLE_WASM2JS_MLE_TIC|tic=125|mle_ms=5.636
PMLE_WASM2JS_MLE_TIC|tic=126|mle_ms=12.403
PMLE_WASM2JS_MLE_TIC|tic=127|mle_ms=21.529
PMLE_WASM2JS_MLE_TIC|tic=128|mle_ms=8.354
PMLE_WASM2JS_MLE_TIC|tic=129|mle_ms=11.815
PMLE_WASM2JS_MLE_TIC|tic=130|mle_ms=29.902
PMLE_WASM2JS_MLE_TIC|tic=131|mle_ms=15.469
PMLE_WASM2JS_MLE_TIC|tic=132|mle_ms=8.474
PMLE_WASM2JS_MLE_TIC|tic=133|mle_ms=23.081
PMLE_WASM2JS_MLE_TIC|tic=134|mle_ms=30.14
PMLE_WASM2JS_MLE_TIC|tic=135|mle_ms=11.218
PMLE_WASM2JS_MLE_TIC|tic=136|mle_ms=19.256
PMLE_WASM2JS_MLE_TIC|tic=137|mle_ms=17.175
PMLE_WASM2JS_MLE_TIC|tic=138|mle_ms=14.036
PMLE_WASM2JS_MLE_TIC|tic=139|mle_ms=21.854
PMLE_WASM2JS_MLE_TIC|tic=140|mle_ms=10.931
PMLE_WASM2JS_MLE_TIC|tic=141|mle_ms=15.842
PMLE_WASM2JS_MLE_TIC|tic=142|mle_ms=19.482
PMLE_WASM2JS_MLE_TIC|tic=143|mle_ms=16.824
PMLE_WASM2JS_MLE_TIC|tic=144|mle_ms=12.328
PMLE_WASM2JS_MLE_TIC|tic=145|mle_ms=17.596
PMLE_WASM2JS_MLE_TIC|tic=146|mle_ms=16.78
PMLE_WASM2JS_MLE_TIC|tic=147|mle_ms=16.517
PMLE_WASM2JS_MLE_TIC|tic=148|mle_ms=16.706
PMLE_WASM2JS_MLE_TIC|tic=149|mle_ms=22.448
PMLE_WASM2JS_MLE_TIC|tic=150|mle_ms=13.979
PMLE_WASM2JS_MLE_TIC|tic=151|mle_ms=21.472
PMLE_WASM2JS_MLE_TIC|tic=152|mle_ms=9.733
PMLE_WASM2JS_MLE_TIC|tic=153|mle_ms=24.323
PMLE_WASM2JS_MLE_TIC|tic=154|mle_ms=23.378
PMLE_WASM2JS_MLE_TIC|tic=155|mle_ms=12.067
PMLE_WASM2JS_MLE_TIC|tic=156|mle_ms=12.662
PMLE_WASM2JS_MLE_TIC|tic=157|mle_ms=20.324
PMLE_WASM2JS_MLE_TIC|tic=158|mle_ms=18.292
PMLE_WASM2JS_MLE_TIC|tic=159|mle_ms=33.787
PMLE_WASM2JS_MLE_TIC|tic=160|mle_ms=17.104
PMLE_WASM2JS_MLE_TIC|tic=161|mle_ms=15.945
PMLE_WASM2JS_MLE_TIC|tic=162|mle_ms=14.206
PMLE_WASM2JS_MLE_TIC|tic=163|mle_ms=24.716
PMLE_WASM2JS_MLE_TIC|tic=164|mle_ms=12.278
PMLE_WASM2JS_MLE_TIC|tic=165|mle_ms=9.898
PMLE_WASM2JS_MLE_TIC|tic=166|mle_ms=22.769
PMLE_WASM2JS_MLE_TIC|tic=167|mle_ms=11.164
PMLE_WASM2JS_MLE_TIC|tic=168|mle_ms=22.086
PMLE_WASM2JS_MLE_TIC|tic=169|mle_ms=35.411
PMLE_WASM2JS_MLE_TIC|tic=170|mle_ms=16.746
PMLE_WASM2JS_MLE_TIC|tic=171|mle_ms=17.25
PMLE_WASM2JS_MLE_TIC|tic=172|mle_ms=29.726
PMLE_WASM2JS_MLE_TIC|tic=173|mle_ms=13.875
PMLE_WASM2JS_MLE_TIC|tic=174|mle_ms=20.274
PMLE_WASM2JS_MLE_TIC|tic=175|mle_ms=19.768
PMLE_WASM2JS_MLE_TIC|tic=176|mle_ms=15.563
PMLE_WASM2JS_MLE_TIC|tic=177|mle_ms=19.131
PMLE_WASM2JS_MLE_TIC|tic=178|mle_ms=33.347
PMLE_WASM2JS_MLE_TIC|tic=179|mle_ms=14.857
PMLE_WASM2JS_MLE_TIC|tic=180|mle_ms=16.155
PMLE_WASM2JS_MLE_TIC|tic=181|mle_ms=26.662
PMLE_WASM2JS_MLE_TIC|tic=182|mle_ms=21.292
PMLE_WASM2JS_MLE_TIC|tic=183|mle_ms=22.399
PMLE_WASM2JS_MLE_TIC|tic=184|mle_ms=24.585
PMLE_WASM2JS_MLE_TIC|tic=185|mle_ms=31.138
PMLE_WASM2JS_MLE_TIC|tic=186|mle_ms=29.23
PMLE_WASM2JS_MLE_TIC|tic=187|mle_ms=34.448
PMLE_WASM2JS_MLE_TIC|tic=188|mle_ms=17.599
PMLE_WASM2JS_MLE_TIC|tic=189|mle_ms=30.47
PMLE_WASM2JS_MLE_TIC|tic=190|mle_ms=24.78
PMLE_WASM2JS_MLE_TIC|tic=191|mle_ms=29.494
PMLE_WASM2JS_MLE_TIC|tic=192|mle_ms=15.022
PMLE_WASM2JS_MLE_TIC|tic=193|mle_ms=23.558
PMLE_WASM2JS_MLE_TIC|tic=194|mle_ms=33.846
PMLE_WASM2JS_MLE_TIC|tic=195|mle_ms=15.149
PMLE_WASM2JS_MLE_TIC|tic=196|mle_ms=22.881
PMLE_WASM2JS_MLE_TIC|tic=197|mle_ms=25.786
PMLE_WASM2JS_MLE_TIC|tic=198|mle_ms=20.033
PMLE_WASM2JS_MLE_TIC|tic=199|mle_ms=20.206
PMLE_WASM2JS_MLE_TIC|tic=200|mle_ms=20.908
PMLE_WASM2JS_MLE_TIC|tic=201|mle_ms=23.891
PMLE_WASM2JS_MLE_TIC|tic=202|mle_ms=22.848
PMLE_WASM2JS_MLE_TIC|tic=203|mle_ms=32.051
PMLE_WASM2JS_MLE_TIC|tic=204|mle_ms=15.764
PMLE_WASM2JS_MLE_TIC|tic=205|mle_ms=22.877
PMLE_WASM2JS_MLE_TIC|tic=206|mle_ms=42.998
PMLE_WASM2JS_MLE_TIC|tic=207|mle_ms=18.024
PMLE_WASM2JS_MLE_TIC|tic=208|mle_ms=38.137
PMLE_WASM2JS_MLE_TIC|tic=209|mle_ms=23.436
PMLE_WASM2JS_MLE_TIC|tic=210|mle_ms=35.468
PMLE_WASM2JS_MLE_TIC|tic=211|mle_ms=27.138
PMLE_WASM2JS_MLE_TIC|tic=212|mle_ms=31.092
PMLE_WASM2JS_MLE_TIC|tic=213|mle_ms=17.414
PMLE_WASM2JS_MLE_TIC|tic=214|mle_ms=23.023
PMLE_WASM2JS_MLE_TIC|tic=215|mle_ms=23.299
PMLE_WASM2JS_MLE_TIC|tic=216|mle_ms=14.602
PMLE_WASM2JS_MLE_TIC|tic=217|mle_ms=20.513
PMLE_WASM2JS_MLE_TIC|tic=218|mle_ms=32.105
PMLE_WASM2JS_MLE_TIC|tic=219|mle_ms=12.116
PMLE_WASM2JS_MLE_TIC|tic=220|mle_ms=22.515
PMLE_WASM2JS_MLE_TIC|tic=221|mle_ms=27.491
PMLE_WASM2JS_MLE_TIC|tic=222|mle_ms=15.669
PMLE_WASM2JS_MLE_TIC|tic=223|mle_ms=23.884
PMLE_WASM2JS_MLE_TIC|tic=224|mle_ms=20.701
PMLE_WASM2JS_MLE_TIC|tic=225|mle_ms=24.191
PMLE_WASM2JS_MLE_TIC|tic=226|mle_ms=27.782
PMLE_WASM2JS_MLE_TIC|tic=227|mle_ms=22.651
PMLE_WASM2JS_MLE_TIC|tic=228|mle_ms=22.468
PMLE_WASM2JS_MLE_TIC|tic=229|mle_ms=31.14
PMLE_WASM2JS_MLE_TIC|tic=230|mle_ms=30.523
PMLE_WASM2JS_MLE_TIC|tic=231|mle_ms=18.973
PMLE_WASM2JS_MLE_TIC|tic=232|mle_ms=18.433
PMLE_WASM2JS_MLE_TIC|tic=233|mle_ms=24.81
PMLE_WASM2JS_MLE_TIC|tic=234|mle_ms=14.665
PMLE_WASM2JS_MLE_TIC|tic=235|mle_ms=19.42
PMLE_WASM2JS_MLE_TIC|tic=236|mle_ms=26.341
PMLE_WASM2JS_MLE_TIC|tic=237|mle_ms=172.497
PMLE_WASM2JS_MLE_TIC|tic=238|mle_ms=24.045
PMLE_WASM2JS_MLE_TIC|tic=239|mle_ms=18.501
PMLE_WASM2JS_MLE_TIC|tic=240|mle_ms=8.871
PMLE_WASM2JS_MLE_TIC|tic=241|mle_ms=27.963
PMLE_WASM2JS_MLE_TIC|tic=242|mle_ms=19.204
PMLE_WASM2JS_MLE_TIC|tic=243|mle_ms=18.752
PMLE_WASM2JS_MLE_TIC|tic=244|mle_ms=34.665
PMLE_WASM2JS_MLE_TIC|tic=245|mle_ms=31.129
PMLE_WASM2JS_MLE_TIC|tic=246|mle_ms=13.994
PMLE_WASM2JS_MLE_TIC|tic=247|mle_ms=30.902
PMLE_WASM2JS_MLE_TIC|tic=248|mle_ms=24.564
PMLE_WASM2JS_MLE_TIC|tic=249|mle_ms=16.769
PMLE_WASM2JS_MLE_TIC|tic=250|mle_ms=23.131
PMLE_WASM2JS_MLE_TIC|tic=251|mle_ms=29.716
PMLE_WASM2JS_MLE_TIC|tic=252|mle_ms=8.807
PMLE_WASM2JS_MLE_TIC|tic=253|mle_ms=27.757
PMLE_WASM2JS_MLE_TIC|tic=254|mle_ms=21.224
PMLE_WASM2JS_MLE_TIC|tic=255|mle_ms=11.748
PMLE_WASM2JS_MLE_TIC|tic=256|mle_ms=21.071
PMLE_WASM2JS_MLE_TIC|tic=257|mle_ms=26.517
PMLE_WASM2JS_MLE_TIC|tic=258|mle_ms=12.666
PMLE_WASM2JS_MLE_TIC|tic=259|mle_ms=18.82
PMLE_WASM2JS_MLE_TIC|tic=260|mle_ms=20.823
PMLE_WASM2JS_MLE_TIC|tic=261|mle_ms=23.143
PMLE_WASM2JS_MLE_TIC|tic=262|mle_ms=24.294
PMLE_WASM2JS_MLE_TIC|tic=263|mle_ms=25.085
PMLE_WASM2JS_MLE_TIC|tic=264|mle_ms=23.375
PMLE_WASM2JS_MLE_TIC|tic=265|mle_ms=25.314
PMLE_WASM2JS_MLE_TIC|tic=266|mle_ms=26.618
PMLE_WASM2JS_MLE_TIC|tic=267|mle_ms=33.733
PMLE_WASM2JS_MLE_TIC|tic=268|mle_ms=28.085
PMLE_WASM2JS_MLE_TIC|tic=269|mle_ms=18.457
PMLE_WASM2JS_MLE_TIC|tic=270|mle_ms=14.869
PMLE_WASM2JS_MLE_TIC|tic=271|mle_ms=33.69
PMLE_WASM2JS_MLE_TIC|tic=272|mle_ms=19.388
PMLE_WASM2JS_MLE_TIC|tic=273|mle_ms=19.72
PMLE_WASM2JS_MLE_TIC|tic=274|mle_ms=21.292
PMLE_WASM2JS_MLE_TIC|tic=275|mle_ms=17.158
PMLE_WASM2JS_MLE_TIC|tic=276|mle_ms=20.129
PMLE_WASM2JS_MLE_TIC|tic=277|mle_ms=26.81
PMLE_WASM2JS_MLE_TIC|tic=278|mle_ms=18.191
PMLE_WASM2JS_MLE_TIC|tic=279|mle_ms=22.316
PMLE_WASM2JS_MLE_TIC|tic=280|mle_ms=19.69
PMLE_WASM2JS_MLE_TIC|tic=281|mle_ms=23.308
PMLE_WASM2JS_MLE_TIC|tic=282|mle_ms=13.968
PMLE_WASM2JS_MLE_TIC|tic=283|mle_ms=35.678
PMLE_WASM2JS_MLE_TIC|tic=284|mle_ms=16.25
PMLE_WASM2JS_MLE_TIC|tic=285|mle_ms=13.521
PMLE_WASM2JS_MLE_TIC|tic=286|mle_ms=31.93
PMLE_WASM2JS_MLE_TIC|tic=287|mle_ms=28.555
PMLE_WASM2JS_MLE_TIC|tic=288|mle_ms=14.528
PMLE_WASM2JS_MLE_TIC|tic=289|mle_ms=22.661
PMLE_WASM2JS_MLE_TIC|tic=290|mle_ms=19.401
PMLE_WASM2JS_MLE_TIC|tic=291|mle_ms=20.968
PMLE_WASM2JS_MLE_TIC|tic=292|mle_ms=20.355
PMLE_WASM2JS_MLE_TIC|tic=293|mle_ms=36.665
PMLE_WASM2JS_MLE_TIC|tic=294|mle_ms=17.386
PMLE_WASM2JS_MLE_TIC|tic=295|mle_ms=22.801
PMLE_WASM2JS_MLE_TIC|tic=296|mle_ms=21.728
PMLE_WASM2JS_MLE_TIC|tic=297|mle_ms=32.884
PMLE_WASM2JS_MLE_TIC|tic=298|mle_ms=22.912
PMLE_WASM2JS_MLE_TIC|tic=299|mle_ms=16.107
PMLE_WASM2JS_MLE_TIC|tic=300|mle_ms=15.416
PMLE_WASM2JS_MLE_TIC|tic=301|mle_ms=38.252
PMLE_WASM2JS_MLE_TIC|tic=302|mle_ms=15.792
PMLE_WASM2JS_MLE_TIC|tic=303|mle_ms=34.25
PMLE_WASM2JS_MLE_TIC|tic=304|mle_ms=16.83
PMLE_WASM2JS_MLE_TIC|tic=305|mle_ms=15.936
PMLE_WASM2JS_MLE_TIC|tic=306|mle_ms=19.65
PMLE_WASM2JS_MLE_TIC|tic=307|mle_ms=33.77
PMLE_WASM2JS_MLE_TIC|tic=308|mle_ms=15.181
PMLE_WASM2JS_MLE_TIC|tic=309|mle_ms=11.811
PMLE_WASM2JS_MLE_TIC|tic=310|mle_ms=23.222
PMLE_WASM2JS_MLE_TIC|tic=311|mle_ms=27.42
PMLE_WASM2JS_MLE_TIC|tic=312|mle_ms=9.18
PMLE_WASM2JS_MLE_TIC|tic=313|mle_ms=25.987
PMLE_WASM2JS_MLE_TIC|tic=314|mle_ms=19.213
PMLE_WASM2JS_MLE_TIC|tic=315|mle_ms=9.605
PMLE_WASM2JS_MLE_TIC|tic=316|mle_ms=32.634
PMLE_WASM2JS_MLE_TIC|tic=317|mle_ms=19.546
PMLE_WASM2JS_MLE_TIC|tic=318|mle_ms=11.675
PMLE_WASM2JS_MLE_TIC|tic=319|mle_ms=19.438
PMLE_WASM2JS_MLE_TIC|tic=320|mle_ms=26.426
PMLE_WASM2JS_MLE_TIC|tic=321|mle_ms=17.523
PMLE_WASM2JS_MLE_TIC|tic=322|mle_ms=24.316
PMLE_WASM2JS_MLE_TIC|tic=323|mle_ms=21.281
PMLE_WASM2JS_MLE_TIC|tic=324|mle_ms=11.871
PMLE_WASM2JS_MLE_TIC|tic=325|mle_ms=16.901
PMLE_WASM2JS_MLE_TIC|tic=326|mle_ms=22.459
PMLE_WASM2JS_MLE_TIC|tic=327|mle_ms=9.617
PMLE_WASM2JS_MLE_TIC|tic=328|mle_ms=25.073
PMLE_WASM2JS_MLE_TIC|tic=329|mle_ms=24.918
PMLE_WASM2JS_MLE_TIC|tic=330|mle_ms=12.554
PMLE_WASM2JS_MLE_TIC|tic=331|mle_ms=27.955
PMLE_WASM2JS_MLE_TIC|tic=332|mle_ms=18.737
PMLE_WASM2JS_MLE_TIC|tic=333|mle_ms=11.541
PMLE_WASM2JS_MLE_TIC|tic=334|mle_ms=27.285
PMLE_WASM2JS_MLE_TIC|tic=335|mle_ms=30.827
PMLE_WASM2JS_MLE_TIC|tic=336|mle_ms=14.552
PMLE_WASM2JS_MLE_TIC|tic=337|mle_ms=23.727
PMLE_WASM2JS_MLE_TIC|tic=338|mle_ms=21.453
PMLE_WASM2JS_MLE_TIC|tic=339|mle_ms=25.415
PMLE_WASM2JS_MLE_TIC|tic=340|mle_ms=26.116
PMLE_WASM2JS_MLE_TIC|tic=341|mle_ms=30.763
PMLE_WASM2JS_MLE_TIC|tic=342|mle_ms=11.962
PMLE_WASM2JS_MLE_TIC|tic=343|mle_ms=25.26
PMLE_WASM2JS_MLE_TIC|tic=344|mle_ms=18.831
PMLE_WASM2JS_MLE_TIC|tic=345|mle_ms=11.857
PMLE_WASM2JS_MLE_TIC|tic=346|mle_ms=28.86
PMLE_WASM2JS_MLE_TIC|tic=347|mle_ms=23.996
PMLE_WASM2JS_MLE_TIC|tic=348|mle_ms=11.989
PMLE_WASM2JS_MLE_TIC|tic=349|mle_ms=21.868
PMLE_WASM2JS_MLE_TIC|tic=350|mle_ms=26.814
PMLE_WASM2JS_MLE_TIC|tic=351|mle_ms=17.93
PMLE_WASM2JS_MLE_TIC|tic=352|mle_ms=26.663
PMLE_WASM2JS_MLE_TIC|tic=353|mle_ms=27.896
PMLE_WASM2JS_MLE_TIC|tic=354|mle_ms=11.593
PMLE_WASM2JS_MLE_TIC|tic=355|mle_ms=32.74
PMLE_WASM2JS_MLE_TIC|tic=356|mle_ms=22.845
PMLE_WASM2JS_MLE_TIC|tic=357|mle_ms=12.582
PMLE_WASM2JS_MLE_TIC|tic=358|mle_ms=25.63
PMLE_WASM2JS_MLE_TIC|tic=359|mle_ms=28.844
PMLE_WASM2JS_MLE_TIC|tic=360|mle_ms=16.569
PMLE_WASM2JS_MLE_TIC|tic=361|mle_ms=27.317
PMLE_WASM2JS_MLE_TIC|tic=362|mle_ms=21.551
PMLE_WASM2JS_MLE_TIC|tic=363|mle_ms=12.324
PMLE_WASM2JS_MLE_TIC|tic=364|mle_ms=21.904
PMLE_WASM2JS_MLE_TIC|tic=365|mle_ms=19.761
PMLE_WASM2JS_MLE_TIC|tic=366|mle_ms=17.581
PMLE_WASM2JS_MLE_TIC|tic=367|mle_ms=22.278
PMLE_WASM2JS_MLE_TIC|tic=368|mle_ms=20.15
PMLE_WASM2JS_MLE_TIC|tic=369|mle_ms=11.438
PMLE_WASM2JS_MLE_TIC|tic=370|mle_ms=24.154
PMLE_WASM2JS_MLE_TIC|tic=371|mle_ms=21.585
PMLE_WASM2JS_MLE_TIC|tic=372|mle_ms=14.236
PMLE_WASM2JS_MLE_TIC|tic=373|mle_ms=26.917
PMLE_WASM2JS_MLE_TIC|tic=374|mle_ms=37.325
PMLE_WASM2JS_MLE_TIC|tic=375|mle_ms=10.731
PMLE_WASM2JS_MLE_TIC|tic=376|mle_ms=27.305
PMLE_WASM2JS_MLE_TIC|tic=377|mle_ms=20.277
PMLE_WASM2JS_MLE_TIC|tic=378|mle_ms=20.744
PMLE_WASM2JS_MLE_TIC|tic=379|mle_ms=26.915
PMLE_WASM2JS_MLE_TIC|tic=380|mle_ms=22.385
PMLE_WASM2JS_MLE_TIC|tic=381|mle_ms=11.224
PMLE_WASM2JS_MLE_TIC|tic=382|mle_ms=30.32
PMLE_WASM2JS_MLE_TIC|tic=383|mle_ms=24.065
PMLE_WASM2JS_MLE_TIC|tic=384|mle_ms=11.928
PMLE_WASM2JS_MLE_TIC|tic=385|mle_ms=24.398
PMLE_WASM2JS_MLE_TIC|tic=386|mle_ms=32.473
PMLE_WASM2JS_MLE_TIC|tic=387|mle_ms=14.54
PMLE_WASM2JS_MLE_TIC|tic=388|mle_ms=36.639
PMLE_WASM2JS_MLE_TIC|tic=389|mle_ms=24.707
PMLE_WASM2JS_MLE_TIC|tic=390|mle_ms=14.899
PMLE_WASM2JS_MLE_TIC|tic=391|mle_ms=27.18
PMLE_WASM2JS_MLE_TIC|tic=392|mle_ms=34.555
PMLE_WASM2JS_MLE_TIC|tic=393|mle_ms=15.383
PMLE_WASM2JS_MLE_TIC|tic=394|mle_ms=26.402
PMLE_WASM2JS_MLE_TIC|tic=395|mle_ms=29.141
PMLE_WASM2JS_MLE_TIC|tic=396|mle_ms=18.598
PMLE_WASM2JS_MLE_TIC|tic=397|mle_ms=25.893
PMLE_WASM2JS_MLE_TIC|tic=398|mle_ms=30.404
PMLE_WASM2JS_MLE_TIC|tic=399|mle_ms=13.424
PMLE_WASM2JS_MLE_TIC|tic=400|mle_ms=24.195
PMLE_WASM2JS_MLE_TIC|tic=401|mle_ms=24.406
PMLE_WASM2JS_MLE_TIC|tic=402|mle_ms=30.524
PMLE_WASM2JS_MLE_TIC|tic=403|mle_ms=29.478
PMLE_WASM2JS_MLE_TIC|tic=404|mle_ms=23.873
PMLE_WASM2JS_MLE_TIC|tic=405|mle_ms=14.864
PMLE_WASM2JS_MLE_TIC|tic=406|mle_ms=39.747
PMLE_WASM2JS_MLE_TIC|tic=407|mle_ms=24.592
PMLE_WASM2JS_MLE_TIC|tic=408|mle_ms=15.682
PMLE_WASM2JS_MLE_TIC|tic=409|mle_ms=21.731
PMLE_WASM2JS_MLE_TIC|tic=410|mle_ms=27.304
PMLE_WASM2JS_MLE_TIC|tic=411|mle_ms=25.324
PMLE_WASM2JS_MLE_TIC|tic=412|mle_ms=23.032
PMLE_WASM2JS_MLE_TIC|tic=413|mle_ms=25.369
PMLE_WASM2JS_MLE_TIC|tic=414|mle_ms=14.683
PMLE_WASM2JS_MLE_TIC|tic=415|mle_ms=20.762
PMLE_WASM2JS_MLE_TIC|tic=416|mle_ms=30.589
PMLE_WASM2JS_MLE_TIC|tic=417|mle_ms=12.699
PMLE_WASM2JS_MLE_TIC|tic=418|mle_ms=25.025
PMLE_WASM2JS_MLE_TIC|tic=419|mle_ms=22.925
PMLE_WASM2JS_MLE_TIC|tic=420|mle_ms=14.636
PMLE_WASM2JS_MLE_TIC|tic=421|mle_ms=22.574
PMLE_WASM2JS_MLE_TIC|tic=422|mle_ms=30.646
PMLE_WASM2JS_MLE_TIC|tic=423|mle_ms=16.074
PMLE_WASM2JS_MLE_TIC|tic=424|mle_ms=20.779
PMLE_WASM2JS_MLE_TIC|tic=425|mle_ms=34.499
PMLE_WASM2JS_MLE_TIC|tic=426|mle_ms=22.118
PMLE_WASM2JS_MLE_TIC|tic=427|mle_ms=23.415
PMLE_WASM2JS_MLE_TIC|tic=428|mle_ms=19.601
PMLE_WASM2JS_MLE_TIC|tic=429|mle_ms=21.112
PMLE_WASM2JS_MLE_TIC|tic=430|mle_ms=25.431
PMLE_WASM2JS_MLE_TIC|tic=431|mle_ms=18.382
PMLE_WASM2JS_MLE_TIC|tic=432|mle_ms=12.511
PMLE_WASM2JS_MLE_TIC|tic=433|mle_ms=28.287
PMLE_WASM2JS_MLE_TIC|tic=434|mle_ms=23.039
PMLE_WASM2JS_MLE_TIC|tic=435|mle_ms=12.257
PMLE_WASM2JS_MLE_TIC|tic=436|mle_ms=25.053
PMLE_WASM2JS_MLE_TIC|tic=437|mle_ms=16.473
PMLE_WASM2JS_MLE_TIC|tic=438|mle_ms=17.321
PMLE_WASM2JS_MLE_TIC|tic=439|mle_ms=19.405
PMLE_WASM2JS_MLE_TIC|tic=440|mle_ms=16.052
PMLE_WASM2JS_MLE_TIC|tic=441|mle_ms=12.245
PMLE_WASM2JS_MLE_TIC|tic=442|mle_ms=21.775
PMLE_WASM2JS_MLE_TIC|tic=443|mle_ms=15.678
PMLE_WASM2JS_MLE_TIC|tic=444|mle_ms=10.371
PMLE_WASM2JS_MLE_TIC|tic=445|mle_ms=30.193
PMLE_WASM2JS_MLE_TIC|tic=446|mle_ms=33.727
PMLE_WASM2JS_MLE_TIC|tic=447|mle_ms=10.952
PMLE_WASM2JS_MLE_TIC|tic=448|mle_ms=17.798
PMLE_WASM2JS_MLE_TIC|tic=449|mle_ms=23.039
PMLE_WASM2JS_MLE_TIC|tic=450|mle_ms=13.395
PMLE_WASM2JS_MLE_TIC|tic=451|mle_ms=20.295
PMLE_WASM2JS_MLE_TIC|tic=452|mle_ms=15.519
PMLE_WASM2JS_MLE_TIC|tic=453|mle_ms=13.262
PMLE_WASM2JS_MLE_TIC|tic=454|mle_ms=23.458
PMLE_WASM2JS_MLE_TIC|tic=455|mle_ms=14.595
PMLE_WASM2JS_MLE_TIC|tic=456|mle_ms=16.58
PMLE_WASM2JS_MLE_TIC|tic=457|mle_ms=19.14
PMLE_WASM2JS_MLE_TIC|tic=458|mle_ms=20.448
PMLE_WASM2JS_MLE_TIC|tic=459|mle_ms=11.75
PMLE_WASM2JS_MLE_TIC|tic=460|mle_ms=26.906
PMLE_WASM2JS_MLE_TIC|tic=461|mle_ms=15.164
PMLE_WASM2JS_MLE_TIC|tic=462|mle_ms=14.372
PMLE_WASM2JS_MLE_TIC|tic=463|mle_ms=20.7
PMLE_WASM2JS_MLE_TIC|tic=464|mle_ms=15.141
PMLE_WASM2JS_MLE_TIC|tic=465|mle_ms=21.477
PMLE_WASM2JS_MLE_TIC|tic=466|mle_ms=26.313
PMLE_WASM2JS_MLE_TIC|tic=467|mle_ms=11.788
PMLE_WASM2JS_MLE_TIC|tic=468|mle_ms=12.38
PMLE_WASM2JS_MLE_TIC|tic=469|mle_ms=27.894
PMLE_WASM2JS_MLE_TIC|tic=470|mle_ms=21.472
PMLE_WASM2JS_MLE_TIC|tic=471|mle_ms=11.724
PMLE_WASM2JS_MLE_TIC|tic=472|mle_ms=20.914
PMLE_WASM2JS_MLE_TIC|tic=473|mle_ms=23.833
PMLE_WASM2JS_MLE_TIC|tic=474|mle_ms=30.165
PMLE_WASM2JS_MLE_TIC|tic=475|mle_ms=20.873
PMLE_WASM2JS_MLE_TIC|tic=476|mle_ms=22.118
PMLE_WASM2JS_MLE_TIC|tic=477|mle_ms=12.516
PMLE_WASM2JS_MLE_TIC|tic=478|mle_ms=21.637
PMLE_WASM2JS_MLE_TIC|tic=479|mle_ms=27.437
PMLE_WASM2JS_MLE_TIC|tic=480|mle_ms=11.933
PMLE_WASM2JS_MLE_TIC|tic=481|mle_ms=20.11
PMLE_WASM2JS_MLE_TIC|tic=482|mle_ms=17.465
PMLE_WASM2JS_MLE_TIC|tic=483|mle_ms=23.543
PMLE_WASM2JS_MLE_TIC|tic=484|mle_ms=21.697
PMLE_WASM2JS_MLE_TIC|tic=485|mle_ms=23.3
PMLE_WASM2JS_MLE_TIC|tic=486|mle_ms=20.339
PMLE_WASM2JS_MLE_TIC|tic=487|mle_ms=17.814
PMLE_WASM2JS_MLE_TIC|tic=488|mle_ms=13.737
PMLE_WASM2JS_MLE_TIC|tic=489|mle_ms=12.39
PMLE_WASM2JS_MLE_TIC|tic=490|mle_ms=22.354
PMLE_WASM2JS_MLE_TIC|tic=491|mle_ms=13.924
PMLE_WASM2JS_MLE_TIC|tic=492|mle_ms=11.86
PMLE_WASM2JS_MLE_TIC|tic=493|mle_ms=19.356
PMLE_WASM2JS_MLE_TIC|tic=494|mle_ms=18.306
PMLE_WASM2JS_MLE_TIC|tic=495|mle_ms=12.296
PMLE_WASM2JS_MLE_TIC|tic=496|mle_ms=24.425
PMLE_WASM2JS_MLE_TIC|tic=497|mle_ms=15.236
PMLE_WASM2JS_MLE_TIC|tic=498|mle_ms=25.232
PMLE_WASM2JS_MLE_TIC|tic=499|mle_ms=20.932
PMLE_WASM2JS_MLE_TIC|tic=500|mle_ms=21.514
PMLE_WASM2JS_MLE_TIC|tic=501|mle_ms=14.097
PMLE_WASM2JS_MLE_TIC|tic=502|mle_ms=26.239
PMLE_WASM2JS_MLE_TIC|tic=503|mle_ms=16.309
PMLE_WASM2JS_MLE_TIC|tic=504|mle_ms=11.154
PMLE_WASM2JS_MLE_TIC|tic=505|mle_ms=14.817
PMLE_WASM2JS_MLE_TIC|tic=506|mle_ms=20.755
PMLE_WASM2JS_MLE_TIC|tic=507|mle_ms=11.051
PMLE_WASM2JS_MLE_TIC|tic=508|mle_ms=17.427
PMLE_WASM2JS_MLE_TIC|tic=509|mle_ms=13.273
PMLE_WASM2JS_MLE_TIC|tic=510|mle_ms=16.415
PMLE_WASM2JS_MLE_TIC|tic=511|mle_ms=18.172
PMLE_WASM2JS_MLE_TIC|tic=512|mle_ms=18.987
PMLE_WASM2JS_MLE_TIC|tic=513|mle_ms=10.745
PMLE_WASM2JS_MLE_TIC|tic=514|mle_ms=23.059
PMLE_WASM2JS_MLE_TIC|tic=515|mle_ms=16.623
PMLE_WASM2JS_MLE_TIC|tic=516|mle_ms=17.94
PMLE_WASM2JS_MLE_TIC|tic=517|mle_ms=15.441
PMLE_WASM2JS_MLE_TIC|tic=518|mle_ms=16.957
PMLE_WASM2JS_MLE_TIC|tic=519|mle_ms=22.035
PMLE_WASM2JS_MLE_TIC|tic=520|mle_ms=19.021
PMLE_WASM2JS_MLE_TIC|tic=521|mle_ms=16.557
PMLE_WASM2JS_MLE_TIC|tic=522|mle_ms=23.049
PMLE_WASM2JS_MLE_TIC|tic=523|mle_ms=28.785
PMLE_WASM2JS_MLE_TIC|tic=524|mle_ms=18.343
PMLE_WASM2JS_MLE_TIC|tic=525|mle_ms=10.848
PMLE_WASM2JS_MLE_TIC|tic=526|mle_ms=22.395
PMLE_WASM2JS_MLE_TIC|tic=527|mle_ms=20.611
PMLE_WASM2JS_MLE_TIC|tic=528|mle_ms=13.613
PMLE_WASM2JS_MLE_TIC|tic=529|mle_ms=14.179
PMLE_WASM2JS_MLE_TIC|tic=530|mle_ms=18.64
PMLE_WASM2JS_MLE_TIC|tic=531|mle_ms=14.838
PMLE_WASM2JS_MLE_TIC|tic=532|mle_ms=19.744
PMLE_WASM2JS_MLE_TIC|tic=533|mle_ms=16.768
PMLE_WASM2JS_MLE_TIC|tic=534|mle_ms=13.816
PMLE_WASM2JS_MLE_TIC|tic=535|mle_ms=12.524
PMLE_WASM2JS_MLE_TIC|tic=536|mle_ms=13.182
PMLE_WASM2JS_MLE_TIC|tic=537|mle_ms=14.366
PMLE_WASM2JS_MLE_TIC|tic=538|mle_ms=18.793
PMLE_WASM2JS_MLE_TIC|tic=539|mle_ms=11.629
PMLE_WASM2JS_MLE_TIC|tic=540|mle_ms=14.761
PMLE_WASM2JS_MLE_TIC|tic=541|mle_ms=27.265
PMLE_WASM2JS_MLE_TIC|tic=542|mle_ms=17.987
PMLE_WASM2JS_MLE_TIC|tic=543|mle_ms=15.982
PMLE_WASM2JS_MLE_TIC|tic=544|mle_ms=16.445
PMLE_WASM2JS_MLE_TIC|tic=545|mle_ms=23.411
PMLE_WASM2JS_MLE_TIC|tic=546|mle_ms=17.77
PMLE_WASM2JS_MLE_TIC|tic=547|mle_ms=16.182
PMLE_WASM2JS_MLE_TIC|tic=548|mle_ms=13.211
PMLE_WASM2JS_MLE_TIC|tic=549|mle_ms=12.861
PMLE_WASM2JS_MLE_TIC|tic=550|mle_ms=24.42
PMLE_WASM2JS_MLE_TIC|tic=551|mle_ms=10.324
PMLE_WASM2JS_MLE_TIC|tic=552|mle_ms=15.241
PMLE_WASM2JS_MLE_TIC|tic=553|mle_ms=17.272
PMLE_WASM2JS_MLE_TIC|tic=554|mle_ms=14.831
PMLE_WASM2JS_MLE_TIC|tic=555|mle_ms=12.812
PMLE_WASM2JS_MLE_TIC|tic=556|mle_ms=20.925
PMLE_WASM2JS_MLE_TIC|tic=557|mle_ms=18.551
PMLE_WASM2JS_MLE_TIC|tic=558|mle_ms=23.342
PMLE_WASM2JS_MLE_TIC|tic=559|mle_ms=15.321
PMLE_WASM2JS_MLE_TIC|tic=560|mle_ms=25.311
PMLE_WASM2JS_MLE_TIC|tic=561|mle_ms=16.376
PMLE_WASM2JS_MLE_TIC|tic=562|mle_ms=17.991
PMLE_WASM2JS_MLE_TIC|tic=563|mle_ms=14.221
PMLE_WASM2JS_MLE_TIC|tic=564|mle_ms=31.259
PMLE_WASM2JS_MLE_TIC|tic=565|mle_ms=14.384
PMLE_WASM2JS_MLE_TIC|tic=566|mle_ms=17.347
PMLE_WASM2JS_MLE_TIC|tic=567|mle_ms=17.678
PMLE_WASM2JS_MLE_TIC|tic=568|mle_ms=17.556
PMLE_WASM2JS_MLE_TIC|tic=569|mle_ms=13.555
PMLE_WASM2JS_MLE_TIC|tic=570|mle_ms=24.47
PMLE_WASM2JS_MLE_TIC|tic=571|mle_ms=17.863
PMLE_WASM2JS_MLE_TIC|tic=572|mle_ms=11.561
PMLE_WASM2JS_MLE_TIC|tic=573|mle_ms=17.769
PMLE_WASM2JS_MLE_TIC|tic=574|mle_ms=20.081
PMLE_WASM2JS_MLE_TIC|tic=575|mle_ms=10.62
PMLE_WASM2JS_MLE_TIC|tic=576|mle_ms=20.874
PMLE_WASM2JS_MLE_TIC|tic=577|mle_ms=17.787
PMLE_WASM2JS_MLE_TIC|tic=578|mle_ms=16.97
PMLE_WASM2JS_MLE_TIC|tic=579|mle_ms=33.41
PMLE_WASM2JS_MLE_TIC|tic=580|mle_ms=17.441
PMLE_WASM2JS_MLE_TIC|tic=581|mle_ms=11.842
PMLE_WASM2JS_MLE_TIC|tic=582|mle_ms=20.265
PMLE_WASM2JS_MLE_TIC|tic=583|mle_ms=33.637
PMLE_WASM2JS_MLE_TIC|tic=584|mle_ms=12.478
PMLE_WASM2JS_MLE_TIC|tic=585|mle_ms=22.318
PMLE_WASM2JS_MLE_TIC|tic=586|mle_ms=24.349
PMLE_WASM2JS_MLE_TIC|tic=587|mle_ms=11.221
PMLE_WASM2JS_MLE_TIC|tic=588|mle_ms=24.78
PMLE_WASM2JS_MLE_TIC|tic=589|mle_ms=28.607
PMLE_WASM2JS_MLE_TIC|tic=590|mle_ms=14.9
PMLE_WASM2JS_MLE_TIC|tic=591|mle_ms=17.747
PMLE_WASM2JS_MLE_TIC|tic=592|mle_ms=18.628
PMLE_WASM2JS_MLE_TIC|tic=593|mle_ms=10.572
PMLE_WASM2JS_MLE_TIC|tic=594|mle_ms=18.661
PMLE_WASM2JS_MLE_TIC|tic=595|mle_ms=24.178
PMLE_WASM2JS_MLE_TIC|tic=596|mle_ms=14.293
PMLE_WASM2JS_MLE_TIC|tic=597|mle_ms=16.164
PMLE_WASM2JS_MLE_TIC|tic=598|mle_ms=17.965
PMLE_WASM2JS_MLE_TIC|tic=599|mle_ms=21.168
PMLE_WASM2JS_MLE_TIC|tic=600|mle_ms=19.862
PMLE_WASM2JS_MLE_TIC|tic=601|mle_ms=19.871
PMLE_WASM2JS_MLE_TIC|tic=602|mle_ms=11.861
PMLE_WASM2JS_MLE_TIC|tic=603|mle_ms=33.67
PMLE_WASM2JS_MLE_TIC|tic=604|mle_ms=25.824
PMLE_WASM2JS_MLE_TIC|tic=605|mle_ms=12.703
PMLE_WASM2JS_MLE_TIC|tic=606|mle_ms=22.541
PMLE_WASM2JS_MLE_TIC|tic=607|mle_ms=21.534
PMLE_WASM2JS_MLE_TIC|tic=608|mle_ms=17.163
PMLE_WASM2JS_MLE_TIC|tic=609|mle_ms=21.657
PMLE_WASM2JS_MLE_TIC|tic=610|mle_ms=18.015
PMLE_WASM2JS_MLE_TIC|tic=611|mle_ms=13.009
PMLE_WASM2JS_MLE_TIC|tic=612|mle_ms=17.362
PMLE_WASM2JS_MLE_TIC|tic=613|mle_ms=17.151
PMLE_WASM2JS_MLE_TIC|tic=614|mle_ms=15.746
PMLE_WASM2JS_MLE_TIC|tic=615|mle_ms=15.801
PMLE_WASM2JS_MLE_TIC|tic=616|mle_ms=23.104
PMLE_WASM2JS_MLE_TIC|tic=617|mle_ms=14.284
PMLE_WASM2JS_MLE_TIC|tic=618|mle_ms=29.218
PMLE_WASM2JS_MLE_TIC|tic=619|mle_ms=23.978
PMLE_WASM2JS_MLE_TIC|tic=620|mle_ms=14.831
PMLE_WASM2JS_MLE_TIC|tic=621|mle_ms=15.216
PMLE_WASM2JS_MLE_TIC|tic=622|mle_ms=24.514
PMLE_WASM2JS_MLE_TIC|tic=623|mle_ms=14.774
PMLE_WASM2JS_MLE_TIC|tic=624|mle_ms=19.476
PMLE_WASM2JS_MLE_TIC|tic=625|mle_ms=16.763
PMLE_WASM2JS_MLE_TIC|tic=626|mle_ms=19.555
PMLE_WASM2JS_MLE_TIC|tic=627|mle_ms=17.528
PMLE_WASM2JS_MLE_TIC|tic=628|mle_ms=17.675
PMLE_WASM2JS_MLE_TIC|tic=629|mle_ms=16.065
PMLE_WASM2JS_MLE_TIC|tic=630|mle_ms=19.855
PMLE_WASM2JS_MLE_TIC|tic=631|mle_ms=14.522
PMLE_WASM2JS_MLE_TIC|tic=632|mle_ms=20.995
PMLE_WASM2JS_MLE_TIC|tic=633|mle_ms=17.826
PMLE_WASM2JS_MLE_TIC|tic=634|mle_ms=19.127
PMLE_WASM2JS_MLE_TIC|tic=635|mle_ms=16.313
PMLE_WASM2JS_MLE_TIC|tic=636|mle_ms=17.366
PMLE_WASM2JS_MLE_TIC|tic=637|mle_ms=26.423
PMLE_WASM2JS_MLE_TIC|tic=638|mle_ms=14.739
PMLE_WASM2JS_MLE_TIC|tic=639|mle_ms=12.587
PMLE_WASM2JS_MLE_TIC|tic=640|mle_ms=16.08
PMLE_WASM2JS_MLE_TIC|tic=641|mle_ms=21.363
PMLE_WASM2JS_MLE_TIC|tic=642|mle_ms=18.558
PMLE_WASM2JS_MLE_TIC|tic=643|mle_ms=16.566
PMLE_WASM2JS_MLE_TIC|tic=644|mle_ms=17.641
PMLE_WASM2JS_MLE_TIC|tic=645|mle_ms=14.569
PMLE_WASM2JS_MLE_TIC|tic=646|mle_ms=22.442
PMLE_WASM2JS_MLE_TIC|tic=647|mle_ms=17.648
PMLE_WASM2JS_MLE_TIC|tic=648|mle_ms=13.682
PMLE_WASM2JS_MLE_TIC|tic=649|mle_ms=17.981
PMLE_WASM2JS_MLE_TIC|tic=650|mle_ms=17.451
PMLE_WASM2JS_MLE_TIC|tic=651|mle_ms=9.556
PMLE_WASM2JS_MLE_TIC|tic=652|mle_ms=19.115
PMLE_WASM2JS_MLE_TIC|tic=653|mle_ms=19.119
PMLE_WASM2JS_MLE_TIC|tic=654|mle_ms=26.058
PMLE_WASM2JS_MLE_TIC|tic=655|mle_ms=16.113
PMLE_WASM2JS_MLE_TIC|tic=656|mle_ms=21.786
PMLE_WASM2JS_MLE_TIC|tic=657|mle_ms=12.278
PMLE_WASM2JS_MLE_TIC|tic=658|mle_ms=27.486
PMLE_WASM2JS_MLE_TIC|tic=659|mle_ms=14.911
PMLE_WASM2JS_MLE_TIC|tic=660|mle_ms=22.908
PMLE_WASM2JS_MLE_TIC|tic=661|mle_ms=18.818
PMLE_WASM2JS_MLE_TIC|tic=662|mle_ms=19.02
PMLE_WASM2JS_MLE_TIC|tic=663|mle_ms=9.357
PMLE_WASM2JS_MLE_TIC|tic=664|mle_ms=28.056
PMLE_WASM2JS_MLE_TIC|tic=665|mle_ms=17.636
PMLE_WASM2JS_MLE_TIC|tic=666|mle_ms=16.222
PMLE_WASM2JS_MLE_TIC|tic=667|mle_ms=22.153
PMLE_WASM2JS_MLE_TIC|tic=668|mle_ms=24.715
PMLE_WASM2JS_MLE_TIC|tic=669|mle_ms=10.446
PMLE_WASM2JS_MLE_TIC|tic=670|mle_ms=30.179
PMLE_WASM2JS_MLE_TIC|tic=671|mle_ms=22.23
PMLE_WASM2JS_MLE_TIC|tic=672|mle_ms=12.02
PMLE_WASM2JS_MLE_TIC|tic=673|mle_ms=18.018
PMLE_WASM2JS_MLE_TIC|tic=674|mle_ms=19.807
PMLE_WASM2JS_MLE_TIC|tic=675|mle_ms=12.335
PMLE_WASM2JS_MLE_TIC|tic=676|mle_ms=21.958
PMLE_WASM2JS_MLE_TIC|tic=677|mle_ms=29.039
PMLE_WASM2JS_MLE_TIC|tic=678|mle_ms=18.307
PMLE_WASM2JS_MLE_TIC|tic=679|mle_ms=18.282
PMLE_WASM2JS_MLE_TIC|tic=680|mle_ms=27.248
PMLE_WASM2JS_MLE_TIC|tic=681|mle_ms=13.627
PMLE_WASM2JS_MLE_TIC|tic=682|mle_ms=57.926
PMLE_WASM2JS_MLE_TIC|tic=683|mle_ms=20.492
PMLE_WASM2JS_MLE_TIC|tic=684|mle_ms=12.514
PMLE_WASM2JS_MLE_TIC|tic=685|mle_ms=18.376
PMLE_WASM2JS_MLE_TIC|tic=686|mle_ms=46.893
PMLE_WASM2JS_MLE_TIC|tic=687|mle_ms=14.262
PMLE_WASM2JS_MLE_TIC|tic=688|mle_ms=19.428
PMLE_WASM2JS_MLE_TIC|tic=689|mle_ms=27.433
PMLE_WASM2JS_MLE_TIC|tic=690|mle_ms=15.598
PMLE_WASM2JS_MLE_TIC|tic=691|mle_ms=18.101
PMLE_WASM2JS_MLE_TIC|tic=692|mle_ms=28.109
PMLE_WASM2JS_MLE_TIC|tic=693|mle_ms=9.47
PMLE_WASM2JS_MLE_TIC|tic=694|mle_ms=19.591
PMLE_WASM2JS_MLE_TIC|tic=695|mle_ms=15.576
PMLE_WASM2JS_MLE_TIC|tic=696|mle_ms=28.236
PMLE_WASM2JS_MLE_TIC|tic=697|mle_ms=20.975
PMLE_WASM2JS_MLE_TIC|tic=698|mle_ms=22.301
PMLE_WASM2JS_MLE_TIC|tic=699|mle_ms=8.814
PMLE_WASM2JS_MLE_TIC|tic=700|mle_ms=28.832
PMLE_WASM2JS_MLE_TIC|tic=701|mle_ms=20.357
PMLE_WASM2JS_MLE_TIC|tic=702|mle_ms=11.742
PMLE_WASM2JS_MLE_TIC|tic=703|mle_ms=10.648
PMLE_WASM2JS_MLE_TIC|tic=704|mle_ms=15.798
PMLE_WASM2JS_MLE_TIC|tic=705|mle_ms=7.707
PMLE_WASM2JS_MLE_TIC|tic=706|mle_ms=18.925
PMLE_WASM2JS_MLE_TIC|tic=707|mle_ms=26.782
PMLE_WASM2JS_MLE_TIC|tic=708|mle_ms=19.181
PMLE_WASM2JS_MLE_TIC|tic=709|mle_ms=9.929
PMLE_WASM2JS_MLE_TIC|tic=710|mle_ms=15.704
PMLE_WASM2JS_MLE_TIC|tic=711|mle_ms=20.829
PMLE_WASM2JS_MLE_TIC|tic=712|mle_ms=9.451
PMLE_WASM2JS_MLE_TIC|tic=713|mle_ms=12.753
PMLE_WASM2JS_MLE_TIC|tic=714|mle_ms=11.145
PMLE_WASM2JS_MLE_TIC|tic=715|mle_ms=7.351
PMLE_WASM2JS_MLE_TIC|tic=716|mle_ms=16.635
PMLE_WASM2JS_MLE_TIC|tic=717|mle_ms=12.339
PMLE_WASM2JS_MLE_TIC|tic=718|mle_ms=9.596
PMLE_WASM2JS_MLE_TIC|tic=719|mle_ms=10.308
PMLE_WASM2JS_MLE_TIC|tic=720|mle_ms=12.941
PMLE_WASM2JS_MLE_TIC|tic=721|mle_ms=8.488
PMLE_WASM2JS_MLE_TIC|tic=722|mle_ms=13.939
PMLE_WASM2JS_MLE_TIC|tic=723|mle_ms=14.682
PMLE_WASM2JS_MLE_TIC|tic=724|mle_ms=16.12
PMLE_WASM2JS_MLE_TIC|tic=725|mle_ms=10.881
PMLE_WASM2JS_MLE_TIC|tic=726|mle_ms=15.44
PMLE_WASM2JS_MLE_TIC|tic=727|mle_ms=10.256
PMLE_WASM2JS_MLE_TIC|tic=728|mle_ms=13.145
PMLE_WASM2JS_MLE_TIC|tic=729|mle_ms=10.949
PMLE_WASM2JS_MLE_TIC|tic=730|mle_ms=9.825
PMLE_WASM2JS_MLE_TIC|tic=731|mle_ms=10.445
PMLE_WASM2JS_MLE_TIC|tic=732|mle_ms=12.44
PMLE_WASM2JS_MLE_TIC|tic=733|mle_ms=8.457
PMLE_WASM2JS_MLE_TIC|tic=734|mle_ms=16.04
PMLE_WASM2JS_MLE_TIC|tic=735|mle_ms=9.834
PMLE_WASM2JS_MLE_TIC|tic=736|mle_ms=10.998
PMLE_WASM2JS_MLE_TIC|tic=737|mle_ms=12.486
PMLE_WASM2JS_MLE_TIC|tic=738|mle_ms=10.586
PMLE_WASM2JS_MLE_TIC|tic=739|mle_ms=5.777
PMLE_WASM2JS_MLE_TIC|tic=740|mle_ms=10.64
PMLE_WASM2JS_MLE_TIC|tic=741|mle_ms=8.336
PMLE_WASM2JS_MLE_TIC|tic=742|mle_ms=6.465
PMLE_WASM2JS_MLE_TIC|tic=743|mle_ms=10.669
PMLE_WASM2JS_MLE_TIC|tic=744|mle_ms=8.772
PMLE_WASM2JS_MLE_TIC|tic=745|mle_ms=5.505
PMLE_WASM2JS_MLE_TIC|tic=746|mle_ms=12.622
PMLE_WASM2JS_MLE_TIC|tic=747|mle_ms=15.047
PMLE_WASM2JS_MLE_TIC|tic=748|mle_ms=6.983
PMLE_WASM2JS_MLE_TIC|tic=749|mle_ms=8.739
PMLE_WASM2JS_MLE_TIC|tic=750|mle_ms=9.587
PMLE_WASM2JS_MLE_TIC|tic=751|mle_ms=7.895
PMLE_WASM2JS_MLE_TIC|tic=752|mle_ms=10.249
PMLE_WASM2JS_MLE_TIC|tic=753|mle_ms=9.97
PMLE_WASM2JS_MLE_TIC|tic=754|mle_ms=8.295
PMLE_WASM2JS_MLE_TIC|tic=755|mle_ms=9.141
PMLE_WASM2JS_MLE_TIC|tic=756|mle_ms=12.287
PMLE_WASM2JS_MLE_TIC|tic=757|mle_ms=7.84
PMLE_WASM2JS_MLE_TIC|tic=758|mle_ms=9.233
PMLE_WASM2JS_MLE_TIC|tic=759|mle_ms=7.71
PMLE_WASM2JS_MLE_TIC|tic=760|mle_ms=11.045
PMLE_WASM2JS_MLE_TIC|tic=761|mle_ms=9.728
PMLE_WASM2JS_MLE_TIC|tic=762|mle_ms=8.66
PMLE_WASM2JS_MLE_TIC|tic=763|mle_ms=12.893
PMLE_WASM2JS_MLE_TIC|tic=764|mle_ms=11.374
PMLE_WASM2JS_MLE_TIC|tic=765|mle_ms=8.953
PMLE_WASM2JS_MLE_TIC|tic=766|mle_ms=13.235
PMLE_WASM2JS_MLE_TIC|tic=767|mle_ms=12.472
PMLE_WASM2JS_MLE_TIC|tic=768|mle_ms=10.206
PMLE_WASM2JS_MLE_TIC|tic=769|mle_ms=8.765
PMLE_WASM2JS_MLE_TIC|tic=770|mle_ms=11.6
PMLE_WASM2JS_MLE_TIC|tic=771|mle_ms=16.608
PMLE_WASM2JS_MLE_TIC|tic=772|mle_ms=10.189
PMLE_WASM2JS_MLE_TIC|tic=773|mle_ms=14.807
PMLE_WASM2JS_MLE_TIC|tic=774|mle_ms=10.059
PMLE_WASM2JS_MLE_TIC|tic=775|mle_ms=9.216
PMLE_WASM2JS_MLE_TIC|tic=776|mle_ms=13.656
PMLE_WASM2JS_MLE_TIC|tic=777|mle_ms=14.627
PMLE_WASM2JS_MLE_TIC|tic=778|mle_ms=9.159
PMLE_WASM2JS_MLE_TIC|tic=779|mle_ms=10.2
PMLE_WASM2JS_MLE_TIC|tic=780|mle_ms=11.041
PMLE_WASM2JS_MLE_TIC|tic=781|mle_ms=9.18
PMLE_WASM2JS_MLE_TIC|tic=782|mle_ms=9.995
PMLE_WASM2JS_MLE_TIC|tic=783|mle_ms=10.474
PMLE_WASM2JS_MLE_TIC|tic=784|mle_ms=8.867
PMLE_WASM2JS_MLE_TIC|tic=785|mle_ms=11.076
PMLE_WASM2JS_MLE_TIC|tic=786|mle_ms=13.025
PMLE_WASM2JS_MLE_TIC|tic=787|mle_ms=10.14
PMLE_WASM2JS_MLE_TIC|tic=788|mle_ms=12.605
PMLE_WASM2JS_MLE_TIC|tic=789|mle_ms=9.967
PMLE_WASM2JS_MLE_TIC|tic=790|mle_ms=10.033
PMLE_WASM2JS_MLE_TIC|tic=791|mle_ms=10.924
PMLE_WASM2JS_MLE_TIC|tic=792|mle_ms=15.304
PMLE_WASM2JS_MLE_TIC|tic=793|mle_ms=10.322
PMLE_WASM2JS_MLE_TIC|tic=794|mle_ms=13.809
PMLE_WASM2JS_MLE_TIC|tic=795|mle_ms=9.395
PMLE_WASM2JS_MLE_TIC|tic=796|mle_ms=10.406
PMLE_WASM2JS_MLE_TIC|tic=797|mle_ms=10.769
PMLE_WASM2JS_MLE_TIC|tic=798|mle_ms=8.288
PMLE_WASM2JS_MLE_TIC|tic=799|mle_ms=7.464
PMLE_WASM2JS_MLE_TIC|tic=800|mle_ms=11.241
PMLE_WASM2JS_MLE_TIC|tic=801|mle_ms=8.918
PMLE_WASM2JS_MLE_TIC|tic=802|mle_ms=6.878
PMLE_WASM2JS_MLE_TIC|tic=803|mle_ms=9.11
PMLE_WASM2JS_MLE_TIC|tic=804|mle_ms=9.215
PMLE_WASM2JS_MLE_TIC|tic=805|mle_ms=6.163
PMLE_WASM2JS_MLE_TIC|tic=806|mle_ms=11.993
PMLE_WASM2JS_MLE_TIC|tic=807|mle_ms=10.502
PMLE_WASM2JS_MLE_TIC|tic=808|mle_ms=6.883
PMLE_WASM2JS_MLE_TIC|tic=809|mle_ms=7.748
PMLE_WASM2JS_MLE_TIC|tic=810|mle_ms=8.77
PMLE_WASM2JS_MLE_TIC|tic=811|mle_ms=6.965
PMLE_WASM2JS_MLE_TIC|tic=812|mle_ms=9.699
PMLE_WASM2JS_MLE_TIC|tic=813|mle_ms=8.549
PMLE_WASM2JS_MLE_TIC|tic=814|mle_ms=6.662
PMLE_WASM2JS_MLE_TIC|tic=815|mle_ms=8.809
PMLE_WASM2JS_MLE_TIC|tic=816|mle_ms=10.603
PMLE_WASM2JS_MLE_TIC|tic=817|mle_ms=13.592
PMLE_WASM2JS_MLE_TIC|tic=818|mle_ms=9.754
PMLE_WASM2JS_MLE_TIC|tic=819|mle_ms=8.46
PMLE_WASM2JS_MLE_TIC|tic=820|mle_ms=6.621
PMLE_WASM2JS_MLE_TIC|tic=821|mle_ms=9.981
PMLE_WASM2JS_MLE_TIC|tic=822|mle_ms=7.599
PMLE_WASM2JS_MLE_TIC|tic=823|mle_ms=6.971
PMLE_WASM2JS_MLE_TIC|tic=824|mle_ms=8.392
PMLE_WASM2JS_MLE_TIC|tic=825|mle_ms=8.254
PMLE_WASM2JS_MLE_TIC|tic=826|mle_ms=8.546
PMLE_WASM2JS_MLE_TIC|tic=827|mle_ms=6.804
PMLE_WASM2JS_MLE_TIC|tic=828|mle_ms=8.673
PMLE_WASM2JS_MLE_TIC|tic=829|mle_ms=5.672
PMLE_WASM2JS_MLE_TIC|tic=830|mle_ms=7.447
PMLE_WASM2JS_MLE_TIC|tic=831|mle_ms=8.512
PMLE_WASM2JS_MLE_TIC|tic=832|mle_ms=5.874
PMLE_WASM2JS_MLE_TIC|tic=833|mle_ms=8.358
PMLE_WASM2JS_MLE_TIC|tic=834|mle_ms=8.877
PMLE_WASM2JS_MLE_TIC|tic=835|mle_ms=7.77
PMLE_WASM2JS_MLE_TIC|tic=836|mle_ms=10.559
PMLE_WASM2JS_MLE_TIC|tic=837|mle_ms=10.678
PMLE_WASM2JS_MLE_TIC|tic=838|mle_ms=8.607
PMLE_WASM2JS_MLE_TIC|tic=839|mle_ms=8.236
PMLE_WASM2JS_MLE_TIC|tic=840|mle_ms=12.716
PMLE_WASM2JS_MLE_TIC|tic=841|mle_ms=17.262
PMLE_WASM2JS_MLE_TIC|tic=842|mle_ms=14.146
PMLE_WASM2JS_MLE_TIC|tic=843|mle_ms=29.474
PMLE_WASM2JS_MLE_TIC|tic=844|mle_ms=11.252
PMLE_WASM2JS_MLE_TIC|tic=845|mle_ms=11.029
PMLE_WASM2JS_MLE_TIC|tic=846|mle_ms=22.339
PMLE_WASM2JS_MLE_TIC|tic=847|mle_ms=8.96
PMLE_WASM2JS_MLE_TIC|tic=848|mle_ms=11.616
PMLE_WASM2JS_MLE_TIC|tic=849|mle_ms=15.607
PMLE_WASM2JS_MLE_TIC|tic=850|mle_ms=9.049
PMLE_WASM2JS_MLE_TIC|tic=851|mle_ms=16.659
PMLE_WASM2JS_MLE_TIC|tic=852|mle_ms=21.818
PMLE_WASM2JS_MLE_TIC|tic=853|mle_ms=19.617
PMLE_WASM2JS_MLE_TIC|tic=854|mle_ms=12.407
PMLE_WASM2JS_MLE_TIC|tic=855|mle_ms=14.476
PMLE_WASM2JS_MLE_TIC|tic=856|mle_ms=13.625
PMLE_WASM2JS_MLE_TIC|tic=857|mle_ms=13.54
PMLE_WASM2JS_MLE_TIC|tic=858|mle_ms=21.75
PMLE_WASM2JS_MLE_TIC|tic=859|mle_ms=8.357
PMLE_WASM2JS_MLE_TIC|tic=860|mle_ms=13.163
PMLE_WASM2JS_MLE_TIC|tic=861|mle_ms=20.528
PMLE_WASM2JS_MLE_TIC|tic=862|mle_ms=8.869
PMLE_WASM2JS_MLE_TIC|tic=863|mle_ms=25.51
PMLE_WASM2JS_MLE_TIC|tic=864|mle_ms=16.258
PMLE_WASM2JS_MLE_TIC|tic=865|mle_ms=10.632
PMLE_WASM2JS_MLE_TIC|tic=866|mle_ms=16.521
PMLE_WASM2JS_MLE_TIC|tic=867|mle_ms=16.49
PMLE_WASM2JS_MLE_TIC|tic=868|mle_ms=8.489
PMLE_WASM2JS_MLE_TIC|tic=869|mle_ms=10.854
PMLE_WASM2JS_MLE_TIC|tic=870|mle_ms=17.522
PMLE_WASM2JS_MLE_TIC|tic=871|mle_ms=13.22
PMLE_WASM2JS_MLE_TIC|tic=872|mle_ms=10.594
PMLE_WASM2JS_MLE_TIC|tic=873|mle_ms=33.083
PMLE_WASM2JS_MLE_TIC|tic=874|mle_ms=15.315
PMLE_WASM2JS_MLE_TIC|tic=875|mle_ms=10.812
PMLE_WASM2JS_MLE_TIC|tic=876|mle_ms=21.553
PMLE_WASM2JS_MLE_TIC|tic=877|mle_ms=8.559
PMLE_WASM2JS_MLE_TIC|tic=878|mle_ms=10.652
PMLE_WASM2JS_MLE_TIC|tic=879|mle_ms=16.429
PMLE_WASM2JS_MLE_TIC|tic=880|mle_ms=8.554
PMLE_WASM2JS_MLE_TIC|tic=881|mle_ms=16.078
PMLE_WASM2JS_MLE_TIC|tic=882|mle_ms=16.035
PMLE_WASM2JS_MLE_TIC|tic=883|mle_ms=19.317
PMLE_WASM2JS_MLE_TIC|tic=884|mle_ms=12.707
PMLE_WASM2JS_MLE_TIC|tic=885|mle_ms=16.099
PMLE_WASM2JS_MLE_TIC|tic=886|mle_ms=13.137
PMLE_WASM2JS_MLE_TIC|tic=887|mle_ms=13.518
PMLE_WASM2JS_MLE_TIC|tic=888|mle_ms=15.405
PMLE_WASM2JS_MLE_TIC|tic=889|mle_ms=6.773
PMLE_WASM2JS_MLE_TIC|tic=890|mle_ms=12.789
PMLE_WASM2JS_MLE_TIC|tic=891|mle_ms=26.537
PMLE_WASM2JS_MLE_TIC|tic=892|mle_ms=6.84
PMLE_WASM2JS_MLE_TIC|tic=893|mle_ms=16.418
PMLE_WASM2JS_MLE_TIC|tic=894|mle_ms=10.566
PMLE_WASM2JS_MLE_TIC|tic=895|mle_ms=6.557
PMLE_WASM2JS_MLE_TIC|tic=896|mle_ms=15.119
PMLE_WASM2JS_MLE_TIC|tic=897|mle_ms=11.006
PMLE_WASM2JS_MLE_TIC|tic=898|mle_ms=7.188
PMLE_WASM2JS_MLE_TIC|tic=899|mle_ms=7.213
PMLE_WASM2JS_MLE_TIC|tic=900|mle_ms=11.391
PMLE_WASM2JS_MLE_TIC|tic=901|mle_ms=15.362
PMLE_WASM2JS_MLE_TIC|tic=902|mle_ms=8.208
PMLE_WASM2JS_MLE_TIC|tic=903|mle_ms=12.71
PMLE_WASM2JS_MLE_TIC|tic=904|mle_ms=8.661
PMLE_WASM2JS_MLE_TIC|tic=905|mle_ms=6.897
PMLE_WASM2JS_MLE_TIC|tic=906|mle_ms=15.892
PMLE_WASM2JS_MLE_TIC|tic=907|mle_ms=9.425
PMLE_WASM2JS_MLE_TIC|tic=908|mle_ms=8.357
PMLE_WASM2JS_MLE_TIC|tic=909|mle_ms=10.406
PMLE_WASM2JS_MLE_TIC|tic=910|mle_ms=8.678
PMLE_WASM2JS_MLE_TIC|tic=911|mle_ms=14.223
PMLE_WASM2JS_MLE_TIC|tic=912|mle_ms=17.083
PMLE_WASM2JS_MLE_TIC|tic=913|mle_ms=10.638
PMLE_WASM2JS_MLE_TIC|tic=914|mle_ms=9.252
PMLE_WASM2JS_MLE_TIC|tic=915|mle_ms=10.178
PMLE_WASM2JS_MLE_TIC|tic=916|mle_ms=19.856
PMLE_WASM2JS_MLE_TIC|tic=917|mle_ms=8.616
PMLE_WASM2JS_MLE_TIC|tic=918|mle_ms=12.29
PMLE_WASM2JS_MLE_TIC|tic=919|mle_ms=13.82
PMLE_WASM2JS_MLE_TIC|tic=920|mle_ms=8.708
PMLE_WASM2JS_MLE_TIC|tic=921|mle_ms=14.821
PMLE_WASM2JS_MLE_TIC|tic=922|mle_ms=12.968
PMLE_WASM2JS_MLE_TIC|tic=923|mle_ms=13.1
PMLE_WASM2JS_MLE_TIC|tic=924|mle_ms=18.147
PMLE_WASM2JS_MLE_TIC|tic=925|mle_ms=22.112
PMLE_WASM2JS_MLE_TIC|tic=926|mle_ms=13.92
PMLE_WASM2JS_MLE_TIC|tic=927|mle_ms=9.129
PMLE_WASM2JS_MLE_TIC|tic=928|mle_ms=25.565
PMLE_WASM2JS_MLE_TIC|tic=929|mle_ms=10.611
PMLE_WASM2JS_MLE_TIC|tic=930|mle_ms=13.228
PMLE_WASM2JS_MLE_TIC|tic=931|mle_ms=19.843
PMLE_WASM2JS_MLE_TIC|tic=932|mle_ms=8.176
PMLE_WASM2JS_MLE_TIC|tic=933|mle_ms=16.949
PMLE_WASM2JS_MLE_TIC|tic=934|mle_ms=20.919
PMLE_WASM2JS_MLE_TIC|tic=935|mle_ms=7.28
PMLE_WASM2JS_MLE_TIC|tic=936|mle_ms=15.684
PMLE_WASM2JS_MLE_TIC|tic=937|mle_ms=16.379
PMLE_WASM2JS_MLE_TIC|tic=938|mle_ms=8.341
PMLE_WASM2JS_MLE_TIC|tic=939|mle_ms=7.313
PMLE_WASM2JS_MLE_TIC|tic=940|mle_ms=19.566
PMLE_WASM2JS_MLE_TIC|tic=941|mle_ms=8.189
PMLE_WASM2JS_MLE_TIC|tic=942|mle_ms=7.753
PMLE_WASM2JS_MLE_TIC|tic=943|mle_ms=19.685
PMLE_WASM2JS_MLE_TIC|tic=944|mle_ms=8.527
PMLE_WASM2JS_MLE_TIC|tic=945|mle_ms=9.452
PMLE_WASM2JS_MLE_TIC|tic=946|mle_ms=28.537
PMLE_WASM2JS_MLE_TIC|tic=947|mle_ms=7.875
PMLE_WASM2JS_MLE_TIC|tic=948|mle_ms=8.759
PMLE_WASM2JS_MLE_TIC|tic=949|mle_ms=22.801
PMLE_WASM2JS_MLE_TIC|tic=950|mle_ms=16.061
PMLE_WASM2JS_MLE_TIC|tic=951|mle_ms=8.912
PMLE_WASM2JS_MLE_TIC|tic=952|mle_ms=28.718
PMLE_WASM2JS_MLE_TIC|tic=953|mle_ms=11.111
PMLE_WASM2JS_MLE_TIC|tic=954|mle_ms=9.042
PMLE_WASM2JS_MLE_TIC|tic=955|mle_ms=8.695
PMLE_WASM2JS_MLE_TIC|tic=956|mle_ms=15.964
PMLE_WASM2JS_MLE_TIC|tic=957|mle_ms=11.539
PMLE_WASM2JS_MLE_TIC|tic=958|mle_ms=11.4
PMLE_WASM2JS_MLE_TIC|tic=959|mle_ms=10.345
PMLE_WASM2JS_MLE_TIC|tic=960|mle_ms=12.99
PMLE_WASM2JS_MLE_TIC|tic=961|mle_ms=12.967
PMLE_WASM2JS_MLE_TIC|tic=962|mle_ms=9.133
PMLE_WASM2JS_MLE_TIC|tic=963|mle_ms=11.238
PMLE_WASM2JS_MLE_TIC|tic=964|mle_ms=10.278
PMLE_WASM2JS_MLE_TIC|tic=965|mle_ms=7.948
PMLE_WASM2JS_MLE_TIC|tic=966|mle_ms=14.605
PMLE_WASM2JS_MLE_TIC|tic=967|mle_ms=10.101
PMLE_WASM2JS_MLE_TIC|tic=968|mle_ms=6.582
PMLE_WASM2JS_MLE_TIC|tic=969|mle_ms=11.083
PMLE_WASM2JS_MLE_TIC|tic=970|mle_ms=18.461
PMLE_WASM2JS_MLE_TIC|tic=971|mle_ms=7.585
PMLE_WASM2JS_MLE_TIC|tic=972|mle_ms=8.298
PMLE_WASM2JS_MLE_TIC|tic=973|mle_ms=10.821
PMLE_WASM2JS_MLE_TIC|tic=974|mle_ms=7.283
PMLE_WASM2JS_MLE_TIC|tic=975|mle_ms=8.385
PMLE_WASM2JS_MLE_TIC|tic=976|mle_ms=15.56
PMLE_WASM2JS_MLE_TIC|tic=977|mle_ms=6.213
PMLE_WASM2JS_MLE_TIC|tic=978|mle_ms=8.69
PMLE_WASM2JS_MLE_TIC|tic=979|mle_ms=8.446
PMLE_WASM2JS_MLE_TIC|tic=980|mle_ms=6.396
PMLE_WASM2JS_MLE_TIC|tic=981|mle_ms=10.508
PMLE_WASM2JS_MLE_TIC|tic=982|mle_ms=9.838
PMLE_WASM2JS_MLE_TIC|tic=983|mle_ms=7.536
PMLE_WASM2JS_MLE_TIC|tic=984|mle_ms=9.401
PMLE_WASM2JS_MLE_TIC|tic=985|mle_ms=7.46
PMLE_WASM2JS_MLE_TIC|tic=986|mle_ms=11.906
PMLE_WASM2JS_MLE_TIC|tic=987|mle_ms=11.993
PMLE_WASM2JS_MLE_TIC|tic=988|mle_ms=8.005
PMLE_WASM2JS_MLE_TIC|tic=989|mle_ms=5.313
PMLE_WASM2JS_MLE_TIC|tic=990|mle_ms=12.516
PMLE_WASM2JS_MLE_TIC|tic=991|mle_ms=9.134
PMLE_WASM2JS_MLE_TIC|tic=992|mle_ms=5.698
PMLE_WASM2JS_MLE_TIC|tic=993|mle_ms=12.605
PMLE_WASM2JS_MLE_TIC|tic=994|mle_ms=7.563
PMLE_WASM2JS_MLE_TIC|tic=995|mle_ms=4.707
PMLE_WASM2JS_MLE_TIC|tic=996|mle_ms=20.207
PMLE_WASM2JS_MLE_TIC|tic=997|mle_ms=8.405
PMLE_WASM2JS_MLE_TIC|tic=998|mle_ms=5.023
PMLE_WASM2JS_MLE_TIC|tic=999|mle_ms=9.776
PMLE_WASM2JS_MLE_TIC|tic=1000|mle_ms=8.111
PMLE_WASM2JS_MLE_TIC|tic=1001|mle_ms=6.067
PMLE_WASM2JS_MLE_TIC|tic=1002|mle_ms=8.628
PMLE_WASM2JS_MLE_TIC|tic=1003|mle_ms=8.894
PMLE_WASM2JS_MLE_TIC|tic=1004|mle_ms=27.131
PMLE_WASM2JS_MLE_TIC|tic=1005|mle_ms=8.626
PMLE_WASM2JS_MLE_TIC|tic=1006|mle_ms=16.747
PMLE_WASM2JS_MLE_TIC|tic=1007|mle_ms=50.36
PMLE_WASM2JS_MLE_TIC|tic=1008|mle_ms=10.47
PMLE_WASM2JS_MLE_TIC|tic=1009|mle_ms=7.625
PMLE_WASM2JS_MLE_TIC|tic=1010|mle_ms=10.982
PMLE_WASM2JS_MLE_TIC|tic=1011|mle_ms=9.929
PMLE_WASM2JS_MLE_TIC|tic=1012|mle_ms=6.223
PMLE_WASM2JS_MLE_TIC|tic=1013|mle_ms=9.039
PMLE_WASM2JS_MLE_TIC|tic=1014|mle_ms=18.207
PMLE_WASM2JS_MLE_TIC|tic=1015|mle_ms=8.527
PMLE_WASM2JS_MLE_TIC|tic=1016|mle_ms=11.56
PMLE_WASM2JS_MLE_TIC|tic=1017|mle_ms=10.244
PMLE_WASM2JS_MLE_TIC|tic=1018|mle_ms=8.789
PMLE_WASM2JS_MLE_TIC|tic=1019|mle_ms=6.644
PMLE_WASM2JS_MLE_TIC|tic=1020|mle_ms=8.098
PMLE_WASM2JS_MLE_TIC|tic=1021|mle_ms=8.847
PMLE_WASM2JS_MLE_TIC|tic=1022|mle_ms=8.679
PMLE_WASM2JS_MLE_TIC|tic=1023|mle_ms=11.329
PMLE_WASM2JS_MLE_TIC|tic=1024|mle_ms=7.556
PMLE_WASM2JS_MLE_TIC|tic=1025|mle_ms=6.218
PMLE_WASM2JS_MLE_TIC|tic=1026|mle_ms=13.884
PMLE_WASM2JS_MLE_TIC|tic=1027|mle_ms=10.362
PMLE_WASM2JS_MLE_TIC|tic=1028|mle_ms=7.311
PMLE_WASM2JS_MLE_TIC|tic=1029|mle_ms=8.36
PMLE_WASM2JS_MLE_TIC|tic=1030|mle_ms=7.579
PMLE_WASM2JS_MLE_TIC|tic=1031|mle_ms=8.39
PMLE_WASM2JS_MLE_TIC|tic=1032|mle_ms=8.323
PMLE_WASM2JS_MLE_TIC|tic=1033|mle_ms=10.055
PMLE_WASM2JS_MLE_TIC|tic=1034|mle_ms=9.894
PMLE_WASM2JS_MLE_TIC|tic=1035|mle_ms=8.591
PMLE_WASM2JS_MLE_TIC|tic=1036|mle_ms=7.908
PMLE_WASM2JS_MLE_TIC|tic=1037|mle_ms=8.739
PMLE_WASM2JS_MLE_TIC|tic=1038|mle_ms=10.115
PMLE_WASM2JS_MLE_TIC|tic=1039|mle_ms=12.292
PMLE_WASM2JS_MLE_TIC|tic=1040|mle_ms=6.818
PMLE_WASM2JS_MLE_TIC|tic=1041|mle_ms=10.375
PMLE_WASM2JS_MLE_TIC|tic=1042|mle_ms=9.289
PMLE_WASM2JS_MLE_TIC|tic=1043|mle_ms=7.294
PMLE_WASM2JS_MLE_TIC|tic=1044|mle_ms=10.845
PMLE_WASM2JS_MLE_TIC|tic=1045|mle_ms=5.567
PMLE_WASM2JS_MLE_TIC|tic=1046|mle_ms=7.66
PMLE_WASM2JS_MLE_TIC|tic=1047|mle_ms=10.911
PMLE_WASM2JS_MLE_TIC|tic=1048|mle_ms=17.294
PMLE_WASM2JS_MLE_TIC|tic=1049|mle_ms=7.585
PMLE_WASM2JS_MLE_TIC|tic=1050|mle_ms=10.219
PMLE_WASM2JS_MLE_TIC|tic=1051|mle_ms=7.991
PMLE_WASM2JS_MLE_TIC|tic=1052|mle_ms=6.549
PMLE_WASM2JS_MLE_TIC|tic=1053|mle_ms=30.134
PMLE_WASM2JS_MLE_TIC|tic=1054|mle_ms=7.147
PMLE_WASM2JS_MLE_TIC|tic=1055|mle_ms=6.097
PMLE_WASM2JS_MLE_TIC|tic=1056|mle_ms=30.601
PMLE_WASM2JS_MLE_TIC|tic=1057|mle_ms=7.024
PMLE_WASM2JS_MLE_TIC|tic=1058|mle_ms=9.216
PMLE_WASM2JS_MLE_TIC|tic=1059|mle_ms=7.255
PMLE_WASM2JS_MLE_TIC|tic=1060|mle_ms=11.032
PMLE_WASM2JS_MLE_TIC|tic=1061|mle_ms=8.299
PMLE_WASM2JS_MLE_TIC|tic=1062|mle_ms=6.607
PMLE_WASM2JS_MLE_TIC|tic=1063|mle_ms=7.719
PMLE_WASM2JS_MLE_TIC|tic=1064|mle_ms=8.195
PMLE_WASM2JS_MLE_TIC|tic=1065|mle_ms=6.535
PMLE_WASM2JS_MLE_TIC|tic=1066|mle_ms=6.238
PMLE_WASM2JS_MLE_TIC|tic=1067|mle_ms=7.551
PMLE_WASM2JS_MLE_TIC|tic=1068|mle_ms=6.9
PMLE_WASM2JS_MLE_TIC|tic=1069|mle_ms=5.687
PMLE_WASM2JS_MLE_TIC|tic=1070|mle_ms=5.999
PMLE_WASM2JS_MLE_TIC|tic=1071|mle_ms=7.72
PMLE_WASM2JS_MLE_TIC|tic=1072|mle_ms=6.308
PMLE_WASM2JS_MLE_TIC|tic=1073|mle_ms=6.448
PMLE_WASM2JS_MLE_TIC|tic=1074|mle_ms=8.113
PMLE_WASM2JS_MLE_TIC|tic=1075|mle_ms=5.576
PMLE_WASM2JS_MLE_TIC|tic=1076|mle_ms=8.818
PMLE_WASM2JS_MLE_TIC|tic=1077|mle_ms=7.461
PMLE_WASM2JS_MLE_TIC|tic=1078|mle_ms=7.132
PMLE_WASM2JS_MLE_TIC|tic=1079|mle_ms=6.326
PMLE_WASM2JS_MLE_TIC|tic=1080|mle_ms=6.176
PMLE_WASM2JS_MLE_TIC|tic=1081|mle_ms=8.899
PMLE_WASM2JS_MLE_TIC|tic=1082|mle_ms=5.441
PMLE_WASM2JS_MLE_TIC|tic=1083|mle_ms=5.524
PMLE_WASM2JS_MLE_TIC|tic=1084|mle_ms=10.171
PMLE_WASM2JS_MLE_TIC|tic=1085|mle_ms=5.449
PMLE_WASM2JS_MLE_TIC|tic=1086|mle_ms=6.136
PMLE_WASM2JS_MLE_TIC|tic=1087|mle_ms=8.183
PMLE_WASM2JS_MLE_TIC|tic=1088|mle_ms=8.235
PMLE_WASM2JS_MLE_TIC|tic=1089|mle_ms=6.111
PMLE_WASM2JS_MLE_TIC|tic=1090|mle_ms=7.584
PMLE_WASM2JS_MLE_TIC|tic=1091|mle_ms=9.245
PMLE_WASM2JS_MLE_TIC|tic=1092|mle_ms=10.504
PMLE_WASM2JS_MLE_TIC|tic=1093|mle_ms=7.046
PMLE_WASM2JS_MLE_TIC|tic=1094|mle_ms=7.122
PMLE_WASM2JS_MLE_TIC|tic=1095|mle_ms=7.159
PMLE_WASM2JS_MLE_TIC|tic=1096|mle_ms=7.82
PMLE_WASM2JS_MLE_TIC|tic=1097|mle_ms=6.653
PMLE_WASM2JS_MLE_TIC|tic=1098|mle_ms=6.034
PMLE_WASM2JS_MLE_TIC|tic=1099|mle_ms=7.203
PMLE_WASM2JS_MLE_TIC|tic=1100|mle_ms=5.339
PMLE_WASM2JS_MLE_TIC|tic=1101|mle_ms=9.187
PMLE_WASM2JS_MLE_TIC|tic=1102|mle_ms=9.414
PMLE_WASM2JS_MLE_TIC|tic=1103|mle_ms=7.345
PMLE_WASM2JS_MLE_TIC|tic=1104|mle_ms=8.702
PMLE_WASM2JS_MLE_TIC|tic=1105|mle_ms=8.935
PMLE_WASM2JS_MLE_TIC|tic=1106|mle_ms=7.997
PMLE_WASM2JS_MLE_TIC|tic=1107|mle_ms=8.261
PMLE_WASM2JS_MLE_TIC|tic=1108|mle_ms=9.821
PMLE_WASM2JS_MLE_TIC|tic=1109|mle_ms=7.504
PMLE_WASM2JS_MLE_TIC|tic=1110|mle_ms=7.193
PMLE_WASM2JS_MLE_TIC|tic=1111|mle_ms=15.851
PMLE_WASM2JS_MLE_TIC|tic=1112|mle_ms=7.968
PMLE_WASM2JS_MLE_TIC|tic=1113|mle_ms=6.032
PMLE_WASM2JS_MLE_TIC|tic=1114|mle_ms=12.738
PMLE_WASM2JS_MLE_TIC|tic=1115|mle_ms=5.873
PMLE_WASM2JS_MLE_TIC|tic=1116|mle_ms=6.713
PMLE_WASM2JS_MLE_TIC|tic=1117|mle_ms=8.515
PMLE_WASM2JS_MLE_TIC|tic=1118|mle_ms=6.373
PMLE_WASM2JS_MLE_TIC|tic=1119|mle_ms=10.555
PMLE_WASM2JS_MLE_TIC|tic=1120|mle_ms=6.963
PMLE_WASM2JS_MLE_TIC|tic=1121|mle_ms=7.431
PMLE_WASM2JS_MLE_TIC|tic=1122|mle_ms=5.97
PMLE_WASM2JS_MLE_TIC|tic=1123|mle_ms=7.267
PMLE_WASM2JS_MLE_TIC|tic=1124|mle_ms=7.566
PMLE_WASM2JS_MLE_TIC|tic=1125|mle_ms=5.873
PMLE_WASM2JS_MLE_TIC|tic=1126|mle_ms=7.807
PMLE_WASM2JS_MLE_TIC|tic=1127|mle_ms=6.972
PMLE_WASM2JS_MLE_TIC|tic=1128|mle_ms=6.409
PMLE_WASM2JS_MLE_TIC|tic=1129|mle_ms=7.933
PMLE_WASM2JS_MLE_TIC|tic=1130|mle_ms=5.801
PMLE_WASM2JS_MLE_TIC|tic=1131|mle_ms=7.452
PMLE_WASM2JS_MLE_TIC|tic=1132|mle_ms=8.676
PMLE_WASM2JS_MLE_TIC|tic=1133|mle_ms=5.762
PMLE_WASM2JS_MLE_TIC|tic=1134|mle_ms=9.628
PMLE_WASM2JS_MLE_TIC|tic=1135|mle_ms=4.594
PMLE_WASM2JS_MLE_TIC|tic=1136|mle_ms=4.291
PMLE_WASM2JS_MLE_TIC|tic=1137|mle_ms=6.97
PMLE_WASM2JS_MLE_TIC|tic=1138|mle_ms=5.163
PMLE_WASM2JS_MLE_TIC|tic=1139|mle_ms=3.646
PMLE_WASM2JS_MLE_TIC|tic=1140|mle_ms=5.687
PMLE_WASM2JS_MLE_TIC|tic=1141|mle_ms=6.128
PMLE_WASM2JS_MLE_TIC|tic=1142|mle_ms=3.078
PMLE_WASM2JS_MLE_TIC|tic=1143|mle_ms=5.465
PMLE_WASM2JS_MLE_TIC|tic=1144|mle_ms=5.308
PMLE_WASM2JS_MLE_TIC|tic=1145|mle_ms=2.504
PMLE_WASM2JS_MLE_TIC|tic=1146|mle_ms=26.448
PMLE_WASM2JS_MLE_TIC|tic=1147|mle_ms=5.2
PMLE_WASM2JS_MLE_TIC|tic=1148|mle_ms=4.065
PMLE_WASM2JS_MLE_TIC|tic=1149|mle_ms=41.653
PMLE_WASM2JS_MLE_TIC|tic=1150|mle_ms=4.916
PMLE_WASM2JS_MLE_TIC|tic=1151|mle_ms=5.218
PMLE_WASM2JS_MLE_TIC|tic=1152|mle_ms=3.727
PMLE_WASM2JS_MLE_TIC|tic=1153|mle_ms=6.439
PMLE_WASM2JS_MLE_TIC|tic=1154|mle_ms=5.847
PMLE_WASM2JS_MLE_TIC|tic=1155|mle_ms=4.294
PMLE_WASM2JS_MLE_TIC|tic=1156|mle_ms=7.286
PMLE_WASM2JS_MLE_TIC|tic=1157|mle_ms=7.391
PMLE_WASM2JS_MLE_TIC|tic=1158|mle_ms=6.824
PMLE_WASM2JS_MLE_TIC|tic=1159|mle_ms=5.137
PMLE_WASM2JS_MLE_TIC|tic=1160|mle_ms=5.774
PMLE_WASM2JS_MLE_TIC|tic=1161|mle_ms=9.063
PMLE_WASM2JS_MLE_TIC|tic=1162|mle_ms=5.132
PMLE_WASM2JS_MLE_TIC|tic=1163|mle_ms=6.074
PMLE_WASM2JS_MLE_TIC|tic=1164|mle_ms=7.488
PMLE_WASM2JS_MLE_TIC|tic=1165|mle_ms=5.154
PMLE_WASM2JS_MLE_TIC|tic=1166|mle_ms=6.821
PMLE_WASM2JS_MLE_TIC|tic=1167|mle_ms=7.014
PMLE_WASM2JS_MLE_TIC|tic=1168|mle_ms=5.824
PMLE_WASM2JS_MLE_TIC|tic=1169|mle_ms=6.436
PMLE_WASM2JS_MLE_TIC|tic=1170|mle_ms=7.659
PMLE_WASM2JS_MLE_TIC|tic=1171|mle_ms=8.7
PMLE_WASM2JS_MLE_TIC|tic=1172|mle_ms=5.951
PMLE_WASM2JS_MLE_TIC|tic=1173|mle_ms=6.386
PMLE_WASM2JS_MLE_TIC|tic=1174|mle_ms=6.703
PMLE_WASM2JS_MLE_TIC|tic=1175|mle_ms=8.299
PMLE_WASM2JS_MLE_TIC|tic=1176|mle_ms=7.416
PMLE_WASM2JS_MLE_TIC|tic=1177|mle_ms=6.522
PMLE_WASM2JS_MLE_TIC|tic=1178|mle_ms=6.691
PMLE_WASM2JS_MLE_TIC|tic=1179|mle_ms=6.888
PMLE_WASM2JS_MLE_TIC|tic=1180|mle_ms=5.354
PMLE_WASM2JS_MLE_TIC|tic=1181|mle_ms=7.385
PMLE_WASM2JS_MLE_TIC|tic=1182|mle_ms=11.469
PMLE_WASM2JS_MLE_TIC|tic=1183|mle_ms=6.861
PMLE_WASM2JS_MLE_TIC|tic=1184|mle_ms=10.028
PMLE_WASM2JS_MLE_TIC|tic=1185|mle_ms=6.602
PMLE_WASM2JS_MLE_TIC|tic=1186|mle_ms=6.553
PMLE_WASM2JS_MLE_TIC|tic=1187|mle_ms=7.245
PMLE_WASM2JS_MLE_TIC|tic=1188|mle_ms=6.788
PMLE_WASM2JS_MLE_TIC|tic=1189|mle_ms=6.064
PMLE_WASM2JS_MLE_TIC|tic=1190|mle_ms=6.037
PMLE_WASM2JS_MLE_TIC|tic=1191|mle_ms=7.439
PMLE_WASM2JS_MLE_TIC|tic=1192|mle_ms=5.704
PMLE_WASM2JS_MLE_TIC|tic=1193|mle_ms=29.029
PMLE_WASM2JS_MLE_TIC|tic=1194|mle_ms=8.195
PMLE_WASM2JS_MLE_TIC|tic=1195|mle_ms=7
PMLE_WASM2JS_MLE_TIC|tic=1196|mle_ms=34.278
PMLE_WASM2JS_MLE_TIC|tic=1197|mle_ms=6.705
PMLE_WASM2JS_MLE_TIC|tic=1198|mle_ms=9.316
PMLE_WASM2JS_MLE_TIC|tic=1199|mle_ms=5.716
PMLE_WASM2JS_MLE_TIC|tic=1200|mle_ms=6.499
PMLE_WASM2JS_MLE_TIC|tic=1201|mle_ms=8.542
PMLE_WASM2JS_MLE_TIC|tic=1202|mle_ms=6.741
PMLE_WASM2JS_MLE_TIC|tic=1203|mle_ms=7.979
PMLE_WASM2JS_MLE_TIC|tic=1204|mle_ms=9.347
PMLE_WASM2JS_MLE_TIC|tic=1205|mle_ms=9.345
PMLE_WASM2JS_MLE_TIC|tic=1206|mle_ms=11.155
PMLE_WASM2JS_MLE_TIC|tic=1207|mle_ms=10.399
PMLE_WASM2JS_MLE_TIC|tic=1208|mle_ms=5.755
PMLE_WASM2JS_MLE_TIC|tic=1209|mle_ms=6.741
PMLE_WASM2JS_MLE_TIC|tic=1210|mle_ms=8.195
PMLE_WASM2JS_MLE_TIC|tic=1211|mle_ms=6.724
PMLE_WASM2JS_MLE_TIC|tic=1212|mle_ms=5.086
PMLE_WASM2JS_MLE_TIC|tic=1213|mle_ms=10.513
PMLE_WASM2JS_MLE_TIC|tic=1214|mle_ms=6.363
PMLE_WASM2JS_MLE_TIC|tic=1215|mle_ms=4.639
PMLE_WASM2JS_MLE_TIC|tic=1216|mle_ms=11.492
PMLE_WASM2JS_MLE_TIC|tic=1217|mle_ms=5.265
PMLE_WASM2JS_MLE_TIC|tic=1218|mle_ms=4.688
PMLE_WASM2JS_MLE_TIC|tic=1219|mle_ms=5.616
PMLE_WASM2JS_MLE_TIC|tic=1220|mle_ms=3.938
PMLE_WASM2JS_MLE_TIC|tic=1221|mle_ms=5.596
PMLE_WASM2JS_MLE_TIC|tic=1222|mle_ms=5.475
PMLE_WASM2JS_MLE_TIC|tic=1223|mle_ms=6.691
PMLE_WASM2JS_MLE_TIC|tic=1224|mle_ms=5.643
PMLE_WASM2JS_MLE_TIC|tic=1225|mle_ms=10.505
PMLE_WASM2JS_MLE_TIC|tic=1226|mle_ms=8.759
PMLE_WASM2JS_MLE_TIC|tic=1227|mle_ms=5.258
PMLE_WASM2JS_MLE_TIC|tic=1228|mle_ms=5.983
PMLE_WASM2JS_MLE_TIC|tic=1229|mle_ms=4.253
PMLE_WASM2JS_MLE_TIC|tic=1230|mle_ms=4.017
PMLE_WASM2JS_MLE_TIC|tic=1231|mle_ms=7.054
PMLE_WASM2JS_MLE_TIC|tic=1232|mle_ms=4.107
PMLE_WASM2JS_MLE_TIC|tic=1233|mle_ms=6.67
PMLE_WASM2JS_MLE_TIC|tic=1234|mle_ms=6.769
PMLE_WASM2JS_MLE_TIC|tic=1235|mle_ms=3.998
PMLE_WASM2JS_MLE_TIC|tic=1236|mle_ms=8.699
PMLE_WASM2JS_MLE_TIC|tic=1237|mle_ms=10.461
PMLE_WASM2JS_MLE_TIC|tic=1238|mle_ms=4.38
PMLE_WASM2JS_MLE_TIC|tic=1239|mle_ms=3.946
PMLE_WASM2JS_MLE_TIC|tic=1240|mle_ms=4.198
PMLE_WASM2JS_MLE_TIC|tic=1241|mle_ms=4.837
PMLE_WASM2JS_MLE_TIC|tic=1242|mle_ms=3.27
PMLE_WASM2JS_MLE_TIC|tic=1243|mle_ms=6.391
PMLE_WASM2JS_MLE_TIC|tic=1244|mle_ms=4.115
PMLE_WASM2JS_MLE_TIC|tic=1245|mle_ms=2.459
PMLE_WASM2JS_MLE_TIC|tic=1246|mle_ms=8.835
PMLE_WASM2JS_MLE_TIC|tic=1247|mle_ms=3.652
PMLE_WASM2JS_MLE_TIC|tic=1248|mle_ms=3.106
PMLE_WASM2JS_MLE_TIC|tic=1249|mle_ms=5.018
PMLE_WASM2JS_MLE_TIC|tic=1250|mle_ms=2.409
PMLE_WASM2JS_MLE_TIC|tic=1251|mle_ms=4.035
PMLE_WASM2JS_MLE_TIC|tic=1252|mle_ms=4.802
PMLE_WASM2JS_MLE_TIC|tic=1253|mle_ms=5.118
PMLE_WASM2JS_MLE_TIC|tic=1254|mle_ms=4.085
PMLE_WASM2JS_MLE_TIC|tic=1255|mle_ms=3.584
PMLE_WASM2JS_MLE_TIC|tic=1256|mle_ms=7.105
PMLE_WASM2JS_MLE_TIC|tic=1257|mle_ms=3.63
PMLE_WASM2JS_MLE_TIC|tic=1258|mle_ms=4.23
PMLE_WASM2JS_MLE_TIC|tic=1259|mle_ms=2.705
PMLE_WASM2JS_MLE_TIC|tic=1260|mle_ms=2.413
PMLE_WASM2JS_MLE_TIC|tic=1261|mle_ms=6.129
PMLE_WASM2JS_MLE_TIC|tic=1262|mle_ms=2.552
PMLE_WASM2JS_MLE_TIC|tic=1263|mle_ms=5.107
PMLE_WASM2JS_MLE_TIC|tic=1264|mle_ms=6.943
PMLE_WASM2JS_MLE_TIC|tic=1265|mle_ms=2.476
PMLE_WASM2JS_MLE_TIC|tic=1266|mle_ms=7.095
PMLE_WASM2JS_MLE_TIC|tic=1267|mle_ms=4.865
PMLE_WASM2JS_MLE_TIC|tic=1268|mle_ms=3.087
PMLE_WASM2JS_MLE_TIC|tic=1269|mle_ms=2.666
PMLE_WASM2JS_MLE_TIC|tic=1270|mle_ms=3.601
PMLE_WASM2JS_MLE_TIC|tic=1271|mle_ms=4.076
PMLE_WASM2JS_MLE_TIC|tic=1272|mle_ms=2.559
PMLE_WASM2JS_MLE_TIC|tic=1273|mle_ms=6.261
PMLE_WASM2JS_MLE_TIC|tic=1274|mle_ms=4.066
PMLE_WASM2JS_MLE_TIC|tic=1275|mle_ms=2.432
PMLE_WASM2JS_MLE_TIC|tic=1276|mle_ms=8.402
PMLE_WASM2JS_MLE_TIC|tic=1277|mle_ms=3.688
PMLE_WASM2JS_MLE_TIC|tic=1278|mle_ms=3.116
PMLE_WASM2JS_MLE_TIC|tic=1279|mle_ms=4.159
PMLE_WASM2JS_MLE_TIC|tic=1280|mle_ms=2.398
PMLE_WASM2JS_MLE_TIC|tic=1281|mle_ms=4.05
PMLE_WASM2JS_MLE_TIC|tic=1282|mle_ms=5.727
PMLE_WASM2JS_MLE_TIC|tic=1283|mle_ms=5.163
PMLE_WASM2JS_MLE_TIC|tic=1284|mle_ms=4.137
PMLE_WASM2JS_MLE_TIC|tic=1285|mle_ms=10.365
PMLE_WASM2JS_MLE_TIC|tic=1286|mle_ms=7.256
PMLE_WASM2JS_MLE_TIC|tic=1287|mle_ms=3.688
PMLE_WASM2JS_MLE_TIC|tic=1288|mle_ms=6.321
PMLE_WASM2JS_MLE_TIC|tic=1289|mle_ms=2.775
PMLE_WASM2JS_MLE_TIC|tic=1290|mle_ms=2.396
PMLE_WASM2JS_MLE_TIC|tic=1291|mle_ms=5.354
PMLE_WASM2JS_MLE_TIC|tic=1292|mle_ms=2.572
PMLE_WASM2JS_MLE_TIC|tic=1293|mle_ms=5.073
PMLE_WASM2JS_MLE_TIC|tic=1294|mle_ms=6.645
PMLE_WASM2JS_MLE_TIC|tic=1295|mle_ms=2.485
PMLE_WASM2JS_MLE_TIC|tic=1296|mle_ms=7.19
PMLE_WASM2JS_MLE_TIC|tic=1297|mle_ms=4.904
PMLE_WASM2JS_MLE_TIC|tic=1298|mle_ms=3.102
PMLE_WASM2JS_MLE_TIC|tic=1299|mle_ms=2.68
PMLE_WASM2JS_MLE_TIC|tic=1300|mle_ms=3.632
PMLE_WASM2JS_MLE_TIC|tic=1301|mle_ms=4.12
PMLE_WASM2JS_MLE_TIC|tic=1302|mle_ms=2.588
PMLE_WASM2JS_MLE_TIC|tic=1303|mle_ms=6.879
PMLE_WASM2JS_MLE_TIC|tic=1304|mle_ms=4.075
PMLE_WASM2JS_MLE_TIC|tic=1305|mle_ms=2.442
PMLE_WASM2JS_MLE_TIC|tic=1306|mle_ms=8.453
PMLE_WASM2JS_MLE_TIC|tic=1307|mle_ms=3.649
PMLE_WASM2JS_MLE_TIC|tic=1308|mle_ms=3.153
PMLE_WASM2JS_MLE_TIC|tic=1309|mle_ms=4.109
PMLE_WASM2JS_MLE_TIC|tic=1310|mle_ms=2.433
PMLE_WASM2JS_MLE_TIC|tic=1311|mle_ms=4.092
PMLE_WASM2JS_MLE_TIC|tic=1312|mle_ms=4.188
PMLE_WASM2JS_MLE_TIC|tic=1313|mle_ms=5.141
PMLE_WASM2JS_MLE_TIC|tic=1314|mle_ms=4.077
PMLE_WASM2JS_MLE_TIC|tic=1315|mle_ms=4.471
PMLE_WASM2JS_MLE_TIC|tic=1316|mle_ms=7.143
PMLE_WASM2JS_MLE_TIC|tic=1317|mle_ms=3.691
PMLE_WASM2JS_MLE_TIC|tic=1318|mle_ms=6.877
PMLE_WASM2JS_MLE_TIC|tic=1319|mle_ms=2.731
PMLE_WASM2JS_MLE_TIC|tic=1320|mle_ms=2.436
PMLE_WASM2JS_MLE_TIC|tic=1321|mle_ms=7.375
PMLE_WASM2JS_MLE_TIC|tic=1322|mle_ms=2.587
PMLE_WASM2JS_MLE_TIC|tic=1323|mle_ms=5.114
PMLE_WASM2JS_MLE_TIC|tic=1324|mle_ms=5.513
PMLE_WASM2JS_MLE_TIC|tic=1325|mle_ms=2.484
PMLE_WASM2JS_MLE_TIC|tic=1326|mle_ms=7.149
PMLE_WASM2JS_MLE_TIC|tic=1327|mle_ms=5.137
PMLE_WASM2JS_MLE_TIC|tic=1328|mle_ms=3.121
PMLE_WASM2JS_MLE_TIC|tic=1329|mle_ms=2.695
PMLE_WASM2JS_MLE_TIC|tic=1330|mle_ms=5.705
PMLE_WASM2JS_MLE_TIC|tic=1331|mle_ms=8.267
PMLE_WASM2JS_MLE_TIC|tic=1332|mle_ms=2.627
PMLE_WASM2JS_MLE_TIC|tic=1333|mle_ms=7.716
PMLE_WASM2JS_MLE_TIC|tic=1334|mle_ms=4.103
PMLE_WASM2JS_MLE_TIC|tic=1335|mle_ms=2.448
PMLE_WASM2JS_MLE_TIC|tic=1336|mle_ms=10.001
PMLE_WASM2JS_MLE_TIC|tic=1337|mle_ms=3.684
PMLE_WASM2JS_MLE_TIC|tic=1338|mle_ms=3.134
PMLE_WASM2JS_MLE_TIC|tic=1339|mle_ms=4.086
PMLE_WASM2JS_MLE_TIC|tic=1340|mle_ms=2.391
PMLE_WASM2JS_MLE_TIC|tic=1341|mle_ms=4.082
PMLE_WASM2JS_MLE_TIC|tic=1342|mle_ms=4.007
PMLE_WASM2JS_MLE_TIC|tic=1343|mle_ms=5.169
PMLE_WASM2JS_MLE_TIC|tic=1344|mle_ms=4.082
PMLE_WASM2JS_MLE_TIC|tic=1345|mle_ms=3.864
PMLE_WASM2JS_MLE_TIC|tic=1346|mle_ms=7.093
PMLE_WASM2JS_MLE_TIC|tic=1347|mle_ms=3.625
PMLE_WASM2JS_MLE_TIC|tic=1348|mle_ms=7.104
PMLE_WASM2JS_MLE_TIC|tic=1349|mle_ms=2.745
PMLE_WASM2JS_MLE_TIC|tic=1350|mle_ms=2.433
PMLE_WASM2JS_MLE_TIC|tic=1351|mle_ms=5.268
PMLE_WASM2JS_MLE_TIC|tic=1352|mle_ms=2.545
PMLE_WASM2JS_MLE_TIC|tic=1353|mle_ms=5.122
PMLE_WASM2JS_MLE_TIC|tic=1354|mle_ms=5.545
PMLE_WASM2JS_MLE_TIC|tic=1355|mle_ms=2.483
PMLE_WASM2JS_MLE_TIC|tic=1356|mle_ms=7.205
PMLE_WASM2JS_MLE_TIC|tic=1357|mle_ms=4.878
PMLE_WASM2JS_MLE_TIC|tic=1358|mle_ms=3.095
PMLE_WASM2JS_MLE_TIC|tic=1359|mle_ms=2.713
PMLE_WASM2JS_MLE_TIC|tic=1360|mle_ms=3.599
PMLE_WASM2JS_MLE_TIC|tic=1361|mle_ms=4.091
PMLE_WASM2JS_MLE_TIC|tic=1362|mle_ms=2.594
PMLE_WASM2JS_MLE_TIC|tic=1363|mle_ms=6.341
PMLE_WASM2JS_MLE_TIC|tic=1364|mle_ms=4.108
PMLE_WASM2JS_MLE_TIC|tic=1365|mle_ms=2.482
PMLE_WASM2JS_MLE_TIC|tic=1366|mle_ms=9.365
PMLE_WASM2JS_MLE_TIC|tic=1367|mle_ms=3.664
PMLE_WASM2JS_MLE_TIC|tic=1368|mle_ms=3.102
PMLE_WASM2JS_MLE_TIC|tic=1369|mle_ms=3.955
PMLE_WASM2JS_MLE_TIC|tic=1370|mle_ms=2.434
PMLE_WASM2JS_MLE_TIC|tic=1371|mle_ms=4.096
PMLE_WASM2JS_MLE_TIC|tic=1372|mle_ms=3.732
PMLE_WASM2JS_MLE_TIC|tic=1373|mle_ms=5.105
PMLE_WASM2JS_MLE_TIC|tic=1374|mle_ms=4.105
PMLE_WASM2JS_MLE_TIC|tic=1375|mle_ms=3.687
PMLE_WASM2JS_MLE_TIC|tic=1376|mle_ms=7.2
PMLE_WASM2JS_MLE_TIC|tic=1377|mle_ms=3.713
PMLE_WASM2JS_MLE_TIC|tic=1378|mle_ms=8.332
PMLE_WASM2JS_MLE_TIC|tic=1379|mle_ms=2.729
PMLE_WASM2JS_MLE_TIC|tic=1380|mle_ms=2.446
PMLE_WASM2JS_MLE_TIC|tic=1381|mle_ms=5.762
PMLE_WASM2JS_MLE_TIC|tic=1382|mle_ms=2.569
PMLE_WASM2JS_MLE_TIC|tic=1383|mle_ms=5.161
PMLE_WASM2JS_MLE_TIC|tic=1384|mle_ms=5.987
PMLE_WASM2JS_MLE_TIC|tic=1385|mle_ms=2.502
PMLE_WASM2JS_MLE_TIC|tic=1386|mle_ms=7.162
PMLE_WASM2JS_MLE_TIC|tic=1387|mle_ms=4.907
PMLE_WASM2JS_MLE_TIC|tic=1388|mle_ms=3.113
PMLE_WASM2JS_MLE_TIC|tic=1389|mle_ms=2.704
PMLE_WASM2JS_MLE_TIC|tic=1390|mle_ms=5.353
PMLE_WASM2JS_MLE_TIC|tic=1391|mle_ms=4.158
PMLE_WASM2JS_MLE_TIC|tic=1392|mle_ms=2.605
PMLE_WASM2JS_MLE_TIC|tic=1393|mle_ms=7.12
PMLE_WASM2JS_MLE_TIC|tic=1394|mle_ms=4.809
PMLE_WASM2JS_MLE_TIC|tic=1395|mle_ms=3.123
PMLE_WASM2JS_MLE_TIC|tic=1396|mle_ms=9.999
PMLE_WASM2JS_MLE_TIC|tic=1397|mle_ms=4.383
PMLE_WASM2JS_MLE_TIC|tic=1398|mle_ms=3.823
PMLE_WASM2JS_MLE_TIC|tic=1399|mle_ms=6.63
PMLE_WASM2JS_MLE_TIC|tic=1400|mle_ms=3.093
PMLE_WASM2JS_MLE_TIC|tic=1401|mle_ms=4.819
PMLE_WASM2JS_MLE_TIC|tic=1402|mle_ms=4.743
PMLE_WASM2JS_MLE_TIC|tic=1403|mle_ms=5.881
PMLE_WASM2JS_MLE_TIC|tic=1404|mle_ms=4.76
PMLE_WASM2JS_MLE_TIC|tic=1405|mle_ms=4.38
PMLE_WASM2JS_MLE_TIC|tic=1406|mle_ms=7.775
PMLE_WASM2JS_MLE_TIC|tic=1407|mle_ms=4.359
PMLE_WASM2JS_MLE_TIC|tic=1408|mle_ms=5.437
PMLE_WASM2JS_MLE_TIC|tic=1409|mle_ms=3.445
PMLE_WASM2JS_MLE_TIC|tic=1410|mle_ms=3.1
PMLE_WASM2JS_MLE_TIC|tic=1411|mle_ms=7.238
PMLE_WASM2JS_MLE_TIC|tic=1412|mle_ms=3.237
PMLE_WASM2JS_MLE_TIC|tic=1413|mle_ms=5.79
PMLE_WASM2JS_MLE_TIC|tic=1414|mle_ms=6.038
PMLE_WASM2JS_MLE_TIC|tic=1415|mle_ms=3.156
PMLE_WASM2JS_MLE_TIC|tic=1416|mle_ms=7.843
PMLE_WASM2JS_MLE_TIC|tic=1417|mle_ms=5.623
PMLE_WASM2JS_MLE_TIC|tic=1418|mle_ms=3.783
PMLE_WASM2JS_MLE_TIC|tic=1419|mle_ms=3.364
PMLE_WASM2JS_MLE_TIC|tic=1420|mle_ms=4.492
PMLE_WASM2JS_MLE_TIC|tic=1421|mle_ms=8.676
PMLE_WASM2JS_MLE_TIC|tic=1422|mle_ms=3.259
PMLE_WASM2JS_MLE_TIC|tic=1423|mle_ms=6.958
PMLE_WASM2JS_MLE_TIC|tic=1424|mle_ms=5.389
PMLE_WASM2JS_MLE_TIC|tic=1425|mle_ms=3.727
PMLE_WASM2JS_MLE_TIC|tic=1426|mle_ms=9.877
PMLE_WASM2JS_MLE_TIC|tic=1427|mle_ms=4.974
PMLE_WASM2JS_MLE_TIC|tic=1428|mle_ms=4.422
PMLE_WASM2JS_MLE_TIC|tic=1429|mle_ms=5.216
PMLE_WASM2JS_MLE_TIC|tic=1430|mle_ms=3.759
PMLE_WASM2JS_MLE_TIC|tic=1431|mle_ms=5.503
PMLE_WASM2JS_MLE_TIC|tic=1432|mle_ms=13.977
PMLE_WASM2JS_MLE_TIC|tic=1433|mle_ms=6.069
PMLE_WASM2JS_MLE_TIC|tic=1434|mle_ms=4.962
PMLE_WASM2JS_MLE_TIC|tic=1435|mle_ms=16.049
PMLE_WASM2JS_MLE_TIC|tic=1436|mle_ms=7.765
PMLE_WASM2JS_MLE_TIC|tic=1437|mle_ms=4.211
PMLE_WASM2JS_MLE_TIC|tic=1438|mle_ms=20.132
PMLE_WASM2JS_MLE_TIC|tic=1439|mle_ms=4.013
PMLE_WASM2JS_MLE_TIC|tic=1440|mle_ms=3.411
PMLE_WASM2JS_MLE_TIC|tic=1441|mle_ms=19.289
PMLE_WASM2JS_MLE_TIC|tic=1442|mle_ms=3.622
PMLE_WASM2JS_MLE_TIC|tic=1443|mle_ms=6.114
PMLE_WASM2JS_MLE_TIC|tic=1444|mle_ms=25.547
PMLE_WASM2JS_MLE_TIC|tic=1445|mle_ms=3.546
PMLE_WASM2JS_MLE_TIC|tic=1446|mle_ms=12.019
PMLE_WASM2JS_MLE_TIC|tic=1447|mle_ms=20.004
PMLE_WASM2JS_MLE_TIC|tic=1448|mle_ms=4.17
PMLE_WASM2JS_MLE_TIC|tic=1449|mle_ms=3.728
PMLE_WASM2JS_MLE_TIC|tic=1450|mle_ms=24.199
PMLE_WASM2JS_MLE_TIC|tic=1451|mle_ms=5.279
PMLE_WASM2JS_MLE_TIC|tic=1452|mle_ms=3.709
PMLE_WASM2JS_MLE_TIC|tic=1453|mle_ms=21.437
PMLE_WASM2JS_MLE_TIC|tic=1454|mle_ms=5.222
PMLE_WASM2JS_MLE_TIC|tic=1455|mle_ms=3.557
PMLE_WASM2JS_MLE_TIC|tic=1456|mle_ms=21.159
PMLE_WASM2JS_MLE_TIC|tic=1457|mle_ms=4.216
PMLE_WASM2JS_MLE_TIC|tic=1458|mle_ms=3.435
PMLE_WASM2JS_MLE_TIC|tic=1459|mle_ms=18.875
PMLE_WASM2JS_MLE_TIC|tic=1460|mle_ms=2.87
PMLE_WASM2JS_MLE_TIC|tic=1461|mle_ms=5.088
PMLE_WASM2JS_MLE_TIC|tic=1462|mle_ms=18.625
PMLE_WASM2JS_MLE_TIC|tic=1463|mle_ms=5.67
PMLE_WASM2JS_MLE_TIC|tic=1464|mle_ms=4.619
PMLE_WASM2JS_MLE_TIC|tic=1465|mle_ms=21.361
PMLE_WASM2JS_MLE_TIC|tic=1466|mle_ms=7.668
PMLE_WASM2JS_MLE_TIC|tic=1467|mle_ms=4.274
PMLE_WASM2JS_MLE_TIC|tic=1468|mle_ms=15.893
PMLE_WASM2JS_MLE_TIC|tic=1469|mle_ms=3.187
PMLE_WASM2JS_MLE_TIC|tic=1470|mle_ms=2.792
PMLE_WASM2JS_MLE_TIC|tic=1471|mle_ms=20.741
PMLE_WASM2JS_MLE_TIC|tic=1472|mle_ms=3.019
PMLE_WASM2JS_MLE_TIC|tic=1473|mle_ms=5.488
PMLE_WASM2JS_MLE_TIC|tic=1474|mle_ms=18.43
PMLE_WASM2JS_MLE_TIC|tic=1475|mle_ms=2.888
PMLE_WASM2JS_MLE_TIC|tic=1476|mle_ms=7.232
PMLE_WASM2JS_MLE_TIC|tic=1477|mle_ms=15.246
PMLE_WASM2JS_MLE_TIC|tic=1478|mle_ms=3.426
PMLE_WASM2JS_MLE_TIC|tic=1479|mle_ms=3.049
PMLE_WASM2JS_MLE_TIC|tic=1480|mle_ms=14.308
PMLE_WASM2JS_MLE_TIC|tic=1481|mle_ms=9.474
PMLE_WASM2JS_MLE_TIC|tic=1482|mle_ms=3.011
PMLE_WASM2JS_MLE_TIC|tic=1483|mle_ms=21.823
PMLE_WASM2JS_MLE_TIC|tic=1484|mle_ms=4.54
PMLE_WASM2JS_MLE_TIC|tic=1485|mle_ms=2.865
PMLE_WASM2JS_MLE_TIC|tic=1486|mle_ms=27.858
PMLE_WASM2JS_MLE_TIC|tic=1487|mle_ms=4.251
PMLE_WASM2JS_MLE_TIC|tic=1488|mle_ms=3.392
PMLE_WASM2JS_MLE_TIC|tic=1489|mle_ms=14.689
PMLE_WASM2JS_MLE_TIC|tic=1490|mle_ms=2.856
PMLE_WASM2JS_MLE_TIC|tic=1491|mle_ms=8.464
PMLE_WASM2JS_MLE_TIC|tic=1492|mle_ms=9.79
PMLE_WASM2JS_MLE_TIC|tic=1493|mle_ms=9.479
PMLE_WASM2JS_MLE_TIC|tic=1494|mle_ms=4.53
PMLE_WASM2JS_MLE_TIC|tic=1495|mle_ms=10.664
PMLE_WASM2JS_MLE_TIC|tic=1496|mle_ms=7.926
PMLE_WASM2JS_MLE_TIC|tic=1497|mle_ms=4.044
PMLE_WASM2JS_MLE_TIC|tic=1498|mle_ms=9.224
PMLE_WASM2JS_MLE_TIC|tic=1499|mle_ms=3.103
PMLE_WASM2JS_MLE_TIC|tic=1500|mle_ms=2.825
PMLE_WASM2JS_MLE_TIC|tic=1501|mle_ms=14.137
PMLE_WASM2JS_MLE_TIC|tic=1502|mle_ms=2.939
PMLE_WASM2JS_MLE_TIC|tic=1503|mle_ms=9.449
PMLE_WASM2JS_MLE_TIC|tic=1504|mle_ms=9.613
PMLE_WASM2JS_MLE_TIC|tic=1505|mle_ms=3.972
PMLE_WASM2JS_MLE_TIC|tic=1506|mle_ms=8.214
PMLE_WASM2JS_MLE_TIC|tic=1507|mle_ms=11.731
PMLE_WASM2JS_MLE_TIC|tic=1508|mle_ms=3.662
PMLE_WASM2JS_MLE_TIC|tic=1509|mle_ms=3.323
PMLE_WASM2JS_MLE_TIC|tic=1510|mle_ms=12.243
PMLE_WASM2JS_MLE_TIC|tic=1511|mle_ms=9.303
PMLE_WASM2JS_MLE_TIC|tic=1512|mle_ms=3.249
PMLE_WASM2JS_MLE_TIC|tic=1513|mle_ms=21.778
PMLE_WASM2JS_MLE_TIC|tic=1514|mle_ms=12.059
PMLE_WASM2JS_MLE_TIC|tic=1515|mle_ms=3.238
PMLE_WASM2JS_MLE_TIC|tic=1516|mle_ms=13.863
PMLE_WASM2JS_MLE_TIC|tic=1517|mle_ms=12.428
PMLE_WASM2JS_MLE_TIC|tic=1518|mle_ms=3.863
PMLE_WASM2JS_MLE_TIC|tic=1519|mle_ms=10.655
PMLE_WASM2JS_MLE_TIC|tic=1520|mle_ms=9.349
PMLE_WASM2JS_MLE_TIC|tic=1521|mle_ms=8.657
PMLE_WASM2JS_MLE_TIC|tic=1522|mle_ms=8.866
PMLE_WASM2JS_MLE_TIC|tic=1523|mle_ms=19.792
PMLE_WASM2JS_MLE_TIC|tic=1524|mle_ms=5.477
PMLE_WASM2JS_MLE_TIC|tic=1525|mle_ms=9.224
PMLE_WASM2JS_MLE_TIC|tic=1526|mle_ms=14.206
PMLE_WASM2JS_MLE_TIC|tic=1527|mle_ms=4.434
PMLE_WASM2JS_MLE_TIC|tic=1528|mle_ms=14.373
PMLE_WASM2JS_MLE_TIC|tic=1529|mle_ms=9.839
PMLE_WASM2JS_MLE_TIC|tic=1530|mle_ms=3.176
PMLE_WASM2JS_MLE_TIC|tic=1531|mle_ms=13.447
PMLE_WASM2JS_MLE_TIC|tic=1532|mle_ms=9.682
PMLE_WASM2JS_MLE_TIC|tic=1533|mle_ms=9.685
PMLE_WASM2JS_MLE_TIC|tic=1534|mle_ms=5.375
PMLE_WASM2JS_MLE_TIC|tic=1535|mle_ms=9.557
PMLE_WASM2JS_MLE_TIC|tic=1536|mle_ms=7.908
PMLE_WASM2JS_MLE_TIC|tic=1537|mle_ms=4.349
PMLE_WASM2JS_MLE_TIC|tic=1538|mle_ms=10.37
PMLE_WASM2JS_MLE_TIC|tic=1539|mle_ms=3.468
PMLE_WASM2JS_MLE_TIC|tic=1540|mle_ms=3.059
PMLE_WASM2JS_MLE_TIC|tic=1541|mle_ms=14.747
PMLE_WASM2JS_MLE_TIC|tic=1542|mle_ms=3.321
PMLE_WASM2JS_MLE_TIC|tic=1543|mle_ms=9.668
PMLE_WASM2JS_MLE_TIC|tic=1544|mle_ms=11.703
PMLE_WASM2JS_MLE_TIC|tic=1545|mle_ms=3.202
PMLE_WASM2JS_MLE_TIC|tic=1546|mle_ms=7.892
PMLE_WASM2JS_MLE_TIC|tic=1547|mle_ms=11.743
PMLE_WASM2JS_MLE_TIC|tic=1548|mle_ms=4.204
PMLE_WASM2JS_MLE_TIC|tic=1549|mle_ms=3.862
PMLE_WASM2JS_MLE_TIC|tic=1550|mle_ms=9.657
PMLE_WASM2JS_MLE_TIC|tic=1551|mle_ms=12.603
PMLE_WASM2JS_MLE_TIC|tic=1552|mle_ms=3.92
PMLE_WASM2JS_MLE_TIC|tic=1553|mle_ms=17.205
PMLE_WASM2JS_MLE_TIC|tic=1554|mle_ms=6.214
PMLE_WASM2JS_MLE_TIC|tic=1555|mle_ms=3.801
PMLE_WASM2JS_MLE_TIC|tic=1556|mle_ms=19.727
PMLE_WASM2JS_MLE_TIC|tic=1557|mle_ms=5.024
PMLE_WASM2JS_MLE_TIC|tic=1558|mle_ms=4.304
PMLE_WASM2JS_MLE_TIC|tic=1559|mle_ms=16.4
PMLE_WASM2JS_MLE_TIC|tic=1560|mle_ms=3.793
PMLE_WASM2JS_MLE_TIC|tic=1561|mle_ms=9.157
PMLE_WASM2JS_MLE_TIC|tic=1562|mle_ms=18.977
PMLE_WASM2JS_MLE_TIC|tic=1563|mle_ms=10.338
PMLE_WASM2JS_MLE_TIC|tic=1564|mle_ms=6.159
PMLE_WASM2JS_MLE_TIC|tic=1565|mle_ms=16.057
PMLE_WASM2JS_MLE_TIC|tic=1566|mle_ms=8.621
PMLE_WASM2JS_MLE_TIC|tic=1567|mle_ms=4.974
PMLE_WASM2JS_MLE_TIC|tic=1568|mle_ms=15.753
PMLE_WASM2JS_MLE_TIC|tic=1569|mle_ms=4.035
PMLE_WASM2JS_MLE_TIC|tic=1570|mle_ms=6.941
PMLE_WASM2JS_MLE_TIC|tic=1571|mle_ms=20.393
PMLE_WASM2JS_MLE_TIC|tic=1572|mle_ms=3.912
PMLE_WASM2JS_MLE_TIC|tic=1573|mle_ms=10.149
PMLE_WASM2JS_MLE_TIC|tic=1574|mle_ms=12.365
PMLE_WASM2JS_MLE_TIC|tic=1575|mle_ms=3.749
PMLE_WASM2JS_MLE_TIC|tic=1576|mle_ms=6.858
PMLE_WASM2JS_MLE_TIC|tic=1577|mle_ms=11.735
PMLE_WASM2JS_MLE_TIC|tic=1578|mle_ms=4.317
PMLE_WASM2JS_MLE_TIC|tic=1579|mle_ms=4.058
PMLE_WASM2JS_MLE_TIC|tic=1580|mle_ms=10.759
PMLE_WASM2JS_MLE_TIC|tic=1581|mle_ms=8.641
PMLE_WASM2JS_MLE_TIC|tic=1582|mle_ms=3.756
PMLE_WASM2JS_MLE_TIC|tic=1583|mle_ms=13.918
PMLE_WASM2JS_MLE_TIC|tic=1584|mle_ms=5.923
PMLE_WASM2JS_MLE_TIC|tic=1585|mle_ms=3.7
PMLE_WASM2JS_MLE_TIC|tic=1586|mle_ms=14.107
PMLE_WASM2JS_MLE_TIC|tic=1587|mle_ms=8.753
PMLE_WASM2JS_MLE_TIC|tic=1588|mle_ms=4.83
PMLE_WASM2JS_MLE_TIC|tic=1589|mle_ms=11.531
PMLE_WASM2JS_MLE_TIC|tic=1590|mle_ms=4.115
PMLE_WASM2JS_MLE_TIC|tic=1591|mle_ms=12.514
PMLE_WASM2JS_MLE_TIC|tic=1592|mle_ms=11.673
PMLE_WASM2JS_MLE_TIC|tic=1593|mle_ms=8.261
PMLE_WASM2JS_MLE_TIC|tic=1594|mle_ms=6.511
PMLE_WASM2JS_MLE_TIC|tic=1595|mle_ms=11.479
PMLE_WASM2JS_MLE_TIC|tic=1596|mle_ms=17.433
PMLE_WASM2JS_MLE_TIC|tic=1597|mle_ms=9.085
PMLE_WASM2JS_MLE_TIC|tic=1598|mle_ms=13.911
PMLE_WASM2JS_MLE_TIC|tic=1599|mle_ms=15.366
PMLE_WASM2JS_MLE_TIC|tic=1600|mle_ms=5.885
PMLE_WASM2JS_MLE_TIC|tic=1601|mle_ms=18.139
PMLE_WASM2JS_MLE_TIC|tic=1602|mle_ms=15.484
PMLE_WASM2JS_MLE_TIC|tic=1603|mle_ms=8.616
PMLE_WASM2JS_MLE_TIC|tic=1604|mle_ms=15.458
PMLE_WASM2JS_MLE_TIC|tic=1605|mle_ms=15.511
PMLE_WASM2JS_MLE_TIC|tic=1606|mle_ms=16.277
PMLE_WASM2JS_MLE_TIC|tic=1607|mle_ms=19.923
PMLE_WASM2JS_MLE_TIC|tic=1608|mle_ms=20.201
PMLE_WASM2JS_MLE_TIC|tic=1609|mle_ms=7.929
PMLE_WASM2JS_MLE_TIC|tic=1610|mle_ms=16.894
PMLE_WASM2JS_MLE_TIC|tic=1611|mle_ms=22.853
PMLE_WASM2JS_MLE_TIC|tic=1612|mle_ms=7.773
PMLE_WASM2JS_MLE_TIC|tic=1613|mle_ms=19.475
PMLE_WASM2JS_MLE_TIC|tic=1614|mle_ms=19.645
PMLE_WASM2JS_MLE_TIC|tic=1615|mle_ms=7.733
PMLE_WASM2JS_MLE_TIC|tic=1616|mle_ms=22.687
PMLE_WASM2JS_MLE_TIC|tic=1617|mle_ms=18.958
PMLE_WASM2JS_MLE_TIC|tic=1618|mle_ms=7.658
PMLE_WASM2JS_MLE_TIC|tic=1619|mle_ms=16.486
PMLE_WASM2JS_MLE_TIC|tic=1620|mle_ms=16.676
PMLE_WASM2JS_MLE_TIC|tic=1621|mle_ms=11.945
PMLE_WASM2JS_MLE_TIC|tic=1622|mle_ms=21.567
PMLE_WASM2JS_MLE_TIC|tic=1623|mle_ms=21.496
PMLE_WASM2JS_MLE_TIC|tic=1624|mle_ms=9.308
PMLE_WASM2JS_MLE_TIC|tic=1625|mle_ms=15.744
PMLE_WASM2JS_MLE_TIC|tic=1626|mle_ms=19.066
PMLE_WASM2JS_MLE_TIC|tic=1627|mle_ms=8.426
PMLE_WASM2JS_MLE_TIC|tic=1628|mle_ms=19.852
PMLE_WASM2JS_MLE_TIC|tic=1629|mle_ms=16.7
PMLE_WASM2JS_MLE_TIC|tic=1630|mle_ms=6.88
PMLE_WASM2JS_MLE_TIC|tic=1631|mle_ms=19.787
PMLE_WASM2JS_MLE_TIC|tic=1632|mle_ms=16.757
PMLE_WASM2JS_MLE_TIC|tic=1633|mle_ms=10.91
PMLE_WASM2JS_MLE_TIC|tic=1634|mle_ms=19.182
PMLE_WASM2JS_MLE_TIC|tic=1635|mle_ms=16.611
PMLE_WASM2JS_MLE_TIC|tic=1636|mle_ms=9.466
PMLE_WASM2JS_MLE_TIC|tic=1637|mle_ms=16.848
PMLE_WASM2JS_MLE_TIC|tic=1638|mle_ms=15.642
PMLE_WASM2JS_MLE_TIC|tic=1639|mle_ms=7.254
PMLE_WASM2JS_MLE_TIC|tic=1640|mle_ms=19.962
PMLE_WASM2JS_MLE_TIC|tic=1641|mle_ms=20.906
PMLE_WASM2JS_MLE_TIC|tic=1642|mle_ms=7.175
PMLE_WASM2JS_MLE_TIC|tic=1643|mle_ms=17.54
PMLE_WASM2JS_MLE_TIC|tic=1644|mle_ms=18.211
PMLE_WASM2JS_MLE_TIC|tic=1645|mle_ms=40.456
PMLE_WASM2JS_MLE_TIC|tic=1646|mle_ms=20.431
PMLE_WASM2JS_MLE_TIC|tic=1647|mle_ms=22.651
PMLE_WASM2JS_MLE_TIC|tic=1648|mle_ms=33.047
PMLE_WASM2JS_MLE_TIC|tic=1649|mle_ms=16.668
PMLE_WASM2JS_MLE_TIC|tic=1650|mle_ms=21.863
PMLE_WASM2JS_MLE_TIC|tic=1651|mle_ms=11.802
PMLE_WASM2JS_MLE_TIC|tic=1652|mle_ms=16.525
PMLE_WASM2JS_MLE_TIC|tic=1653|mle_ms=24.473
PMLE_WASM2JS_MLE_TIC|tic=1654|mle_ms=9.036
PMLE_WASM2JS_MLE_TIC|tic=1655|mle_ms=16.182
PMLE_WASM2JS_MLE_TIC|tic=1656|mle_ms=24.488
PMLE_WASM2JS_MLE_TIC|tic=1657|mle_ms=6.547
PMLE_WASM2JS_MLE_TIC|tic=1658|mle_ms=18.796
PMLE_WASM2JS_MLE_TIC|tic=1659|mle_ms=21.82
PMLE_WASM2JS_MLE_TIC|tic=1660|mle_ms=4.635
PMLE_WASM2JS_MLE_TIC|tic=1661|mle_ms=19.162
PMLE_WASM2JS_MLE_TIC|tic=1662|mle_ms=19.818
PMLE_WASM2JS_MLE_TIC|tic=1663|mle_ms=7.478
PMLE_WASM2JS_MLE_TIC|tic=1664|mle_ms=20.677
PMLE_WASM2JS_MLE_TIC|tic=1665|mle_ms=24.758
PMLE_WASM2JS_MLE_TIC|tic=1666|mle_ms=7.191
PMLE_WASM2JS_MLE_TIC|tic=1667|mle_ms=14.287
PMLE_WASM2JS_MLE_TIC|tic=1668|mle_ms=23.139
PMLE_WASM2JS_MLE_TIC|tic=1669|mle_ms=5.052
PMLE_WASM2JS_MLE_TIC|tic=1670|mle_ms=14.17
PMLE_WASM2JS_MLE_TIC|tic=1671|mle_ms=19.992
PMLE_WASM2JS_MLE_TIC|tic=1672|mle_ms=4.921
PMLE_WASM2JS_MLE_TIC|tic=1673|mle_ms=16.805
PMLE_WASM2JS_MLE_TIC|tic=1674|mle_ms=20.374
PMLE_WASM2JS_MLE_TIC|tic=1675|mle_ms=4.455
PMLE_WASM2JS_MLE_TIC|tic=1676|mle_ms=16.878
PMLE_WASM2JS_MLE_TIC|tic=1677|mle_ms=19.372
PMLE_WASM2JS_MLE_TIC|tic=1678|mle_ms=4.388
PMLE_WASM2JS_MLE_TIC|tic=1679|mle_ms=15.099
PMLE_WASM2JS_MLE_TIC|tic=1680|mle_ms=23.558
PMLE_WASM2JS_MLE_TIC|tic=1681|mle_ms=4.506
PMLE_WASM2JS_MLE_TIC|tic=1682|mle_ms=15.866
PMLE_WASM2JS_MLE_TIC|tic=1683|mle_ms=22.713
PMLE_WASM2JS_MLE_TIC|tic=1684|mle_ms=5.172
PMLE_WASM2JS_MLE_TIC|tic=1685|mle_ms=16.283
PMLE_WASM2JS_MLE_TIC|tic=1686|mle_ms=23.613
PMLE_WASM2JS_MLE_TIC|tic=1687|mle_ms=4.485
PMLE_WASM2JS_MLE_TIC|tic=1688|mle_ms=15.01
PMLE_WASM2JS_MLE_TIC|tic=1689|mle_ms=19.631
PMLE_WASM2JS_MLE_TIC|tic=1690|mle_ms=4.489
PMLE_WASM2JS_MLE_TIC|tic=1691|mle_ms=14.967
PMLE_WASM2JS_MLE_TIC|tic=1692|mle_ms=22.921
PMLE_WASM2JS_MLE_TIC|tic=1693|mle_ms=5.022
PMLE_WASM2JS_MLE_TIC|tic=1694|mle_ms=17.417
PMLE_WASM2JS_MLE_TIC|tic=1695|mle_ms=18.768
PMLE_WASM2JS_MLE_TIC|tic=1696|mle_ms=8.515
PMLE_WASM2JS_MLE_TIC|tic=1697|mle_ms=14.211
PMLE_WASM2JS_MLE_TIC|tic=1698|mle_ms=19.206
PMLE_WASM2JS_MLE_TIC|tic=1699|mle_ms=3.927
PMLE_WASM2JS_MLE_TIC|tic=1700|mle_ms=13.947
PMLE_WASM2JS_MLE_TIC|tic=1701|mle_ms=17.051
PMLE_WASM2JS_MLE_TIC|tic=1702|mle_ms=3.422
PMLE_WASM2JS_MLE_TIC|tic=1703|mle_ms=15.044
PMLE_WASM2JS_MLE_TIC|tic=1704|mle_ms=17.575
PMLE_WASM2JS_MLE_TIC|tic=1705|mle_ms=3.465
PMLE_WASM2JS_MLE_TIC|tic=1706|mle_ms=21.513
PMLE_WASM2JS_MLE_TIC|tic=1707|mle_ms=15.184
PMLE_WASM2JS_MLE_TIC|tic=1708|mle_ms=2.99
PMLE_WASM2JS_MLE_TIC|tic=1709|mle_ms=13.051
PMLE_WASM2JS_MLE_TIC|tic=1710|mle_ms=16.886
PMLE_WASM2JS_MLE_TIC|tic=1711|mle_ms=3.084
PMLE_WASM2JS_MLE_TIC|tic=1712|mle_ms=3.671
PMLE_WASM2JS_MLE_TIC|tic=1713|mle_ms=16.631
PMLE_WASM2JS_MLE_TIC|tic=1714|mle_ms=3.655
PMLE_WASM2JS_MLE_TIC|tic=1715|mle_ms=3.777
PMLE_WASM2JS_MLE_TIC|tic=1716|mle_ms=20.677
PMLE_WASM2JS_MLE_TIC|tic=1717|mle_ms=2.981
PMLE_WASM2JS_MLE_TIC|tic=1718|mle_ms=12.315
PMLE_WASM2JS_MLE_TIC|tic=1719|mle_ms=16.457
PMLE_WASM2JS_MLE_TIC|tic=1720|mle_ms=2.934
PMLE_WASM2JS_MLE_TIC|tic=1721|mle_ms=15.57
PMLE_WASM2JS_MLE_TIC|tic=1722|mle_ms=15.287
PMLE_WASM2JS_MLE_TIC|tic=1723|mle_ms=4.528
PMLE_WASM2JS_MLE_TIC|tic=1724|mle_ms=16.405
PMLE_WASM2JS_MLE_TIC|tic=1725|mle_ms=5.756
PMLE_WASM2JS_MLE_TIC|tic=1726|mle_ms=8.317
PMLE_WASM2JS_MLE_TIC|tic=1727|mle_ms=11.953
PMLE_WASM2JS_MLE_TIC|tic=1728|mle_ms=5.619
PMLE_WASM2JS_MLE_TIC|tic=1729|mle_ms=2.87
PMLE_WASM2JS_MLE_TIC|tic=1730|mle_ms=14.226
PMLE_WASM2JS_MLE_TIC|tic=1731|mle_ms=5.654
PMLE_WASM2JS_MLE_TIC|tic=1732|mle_ms=2.905
PMLE_WASM2JS_MLE_TIC|tic=1733|mle_ms=13.564
PMLE_WASM2JS_MLE_TIC|tic=1734|mle_ms=6.977
PMLE_WASM2JS_MLE_TIC|tic=1735|mle_ms=2.913
PMLE_WASM2JS_MLE_TIC|tic=1736|mle_ms=17.692
PMLE_WASM2JS_MLE_TIC|tic=1737|mle_ms=5.956
PMLE_WASM2JS_MLE_TIC|tic=1738|mle_ms=2.74
PMLE_WASM2JS_MLE_TIC|tic=1739|mle_ms=12.306
PMLE_WASM2JS_MLE_TIC|tic=1740|mle_ms=8.43
PMLE_WASM2JS_MLE_TIC|tic=1741|mle_ms=2.841
PMLE_WASM2JS_MLE_TIC|tic=1742|mle_ms=3.428
PMLE_WASM2JS_MLE_TIC|tic=1743|mle_ms=7.159
PMLE_WASM2JS_MLE_TIC|tic=1744|mle_ms=3.511
PMLE_WASM2JS_MLE_TIC|tic=1745|mle_ms=3.387
PMLE_WASM2JS_MLE_TIC|tic=1746|mle_ms=10.472
PMLE_WASM2JS_MLE_TIC|tic=1747|mle_ms=2.771
PMLE_WASM2JS_MLE_TIC|tic=1748|mle_ms=3.628
PMLE_WASM2JS_MLE_TIC|tic=1749|mle_ms=5.548
PMLE_WASM2JS_MLE_TIC|tic=1750|mle_ms=2.737
PMLE_WASM2JS_MLE_TIC|tic=1751|mle_ms=3.346
PMLE_WASM2JS_MLE_TIC|tic=1752|mle_ms=14.164
PMLE_WASM2JS_MLE_TIC|tic=1753|mle_ms=4.395
PMLE_WASM2JS_MLE_TIC|tic=1754|mle_ms=4.074
PMLE_WASM2JS_MLE_TIC|tic=1755|mle_ms=18.089
PMLE_WASM2JS_MLE_TIC|tic=1756|mle_ms=8.313
PMLE_WASM2JS_MLE_TIC|tic=1757|mle_ms=3.366
PMLE_WASM2JS_MLE_TIC|tic=1758|mle_ms=13.317
PMLE_WASM2JS_MLE_TIC|tic=1759|mle_ms=2.86
PMLE_WASM2JS_MLE_TIC|tic=1760|mle_ms=11.154
PMLE_WASM2JS_MLE_TIC|tic=1761|mle_ms=13.28
PMLE_WASM2JS_MLE_TIC|tic=1762|mle_ms=10.502
PMLE_WASM2JS_MLE_TIC|tic=1763|mle_ms=16.794
PMLE_WASM2JS_MLE_TIC|tic=1764|mle_ms=13.489
PMLE_WASM2JS_MLE_TIC|tic=1765|mle_ms=3.219
PMLE_WASM2JS_MLE_TIC|tic=1766|mle_ms=16.811
PMLE_WASM2JS_MLE_TIC|tic=1767|mle_ms=12.663
PMLE_WASM2JS_MLE_TIC|tic=1768|mle_ms=3.134
PMLE_WASM2JS_MLE_TIC|tic=1769|mle_ms=12.915
PMLE_WASM2JS_MLE_TIC|tic=1770|mle_ms=12.589
PMLE_WASM2JS_MLE_TIC|tic=1771|mle_ms=3.374
PMLE_WASM2JS_MLE_TIC|tic=1772|mle_ms=11.211
PMLE_WASM2JS_MLE_TIC|tic=1773|mle_ms=14.203
PMLE_WASM2JS_MLE_TIC|tic=1774|mle_ms=3.647
PMLE_WASM2JS_MLE_TIC|tic=1775|mle_ms=12.33
PMLE_WASM2JS_MLE_TIC|tic=1776|mle_ms=20.268
PMLE_WASM2JS_MLE_TIC|tic=1777|mle_ms=2.905
PMLE_WASM2JS_MLE_TIC|tic=1778|mle_ms=15.198
PMLE_WASM2JS_MLE_TIC|tic=1779|mle_ms=12.475
PMLE_WASM2JS_MLE_TIC|tic=1780|mle_ms=2.871
PMLE_WASM2JS_MLE_TIC|tic=1781|mle_ms=9.864
PMLE_WASM2JS_MLE_TIC|tic=1782|mle_ms=13.41
PMLE_WASM2JS_MLE_TIC|tic=1783|mle_ms=19.441
PMLE_WASM2JS_MLE_TIC|tic=1784|mle_ms=4.694
PMLE_WASM2JS_MLE_TIC|tic=1785|mle_ms=13.244
PMLE_WASM2JS_MLE_TIC|tic=1786|mle_ms=28.928
PMLE_WASM2JS_MLE_TIC|tic=1787|mle_ms=3.922
PMLE_WASM2JS_MLE_TIC|tic=1788|mle_ms=13.328
PMLE_WASM2JS_MLE_TIC|tic=1789|mle_ms=3.293
PMLE_WASM2JS_MLE_TIC|tic=1790|mle_ms=12.961
PMLE_WASM2JS_MLE_TIC|tic=1791|mle_ms=16.593
PMLE_WASM2JS_MLE_TIC|tic=1792|mle_ms=3.363
PMLE_WASM2JS_MLE_TIC|tic=1793|mle_ms=14.562
PMLE_WASM2JS_MLE_TIC|tic=1794|mle_ms=14.289
PMLE_WASM2JS_MLE_TIC|tic=1795|mle_ms=3.295
PMLE_WASM2JS_MLE_TIC|tic=1796|mle_ms=22.697
PMLE_WASM2JS_MLE_TIC|tic=1797|mle_ms=14.08
PMLE_WASM2JS_MLE_TIC|tic=1798|mle_ms=3.247
PMLE_WASM2JS_MLE_TIC|tic=1799|mle_ms=15.008
PMLE_WASM2JS_MLE_TIC|tic=1800|mle_ms=18.896
PMLE_WASM2JS_MLE_TIC|tic=1801|mle_ms=3.292
PMLE_WASM2JS_MLE_TIC|tic=1802|mle_ms=12.702
PMLE_WASM2JS_MLE_TIC|tic=1803|mle_ms=15.621
PMLE_WASM2JS_MLE_TIC|tic=1804|mle_ms=3.902
PMLE_WASM2JS_MLE_TIC|tic=1805|mle_ms=15.225
PMLE_WASM2JS_MLE_TIC|tic=1806|mle_ms=19.497
PMLE_WASM2JS_MLE_TIC|tic=1807|mle_ms=3.127
PMLE_WASM2JS_MLE_TIC|tic=1808|mle_ms=11.972
PMLE_WASM2JS_MLE_TIC|tic=1809|mle_ms=13.698
PMLE_WASM2JS_MLE_TIC|tic=1810|mle_ms=3.988
PMLE_WASM2JS_MLE_TIC|tic=1811|mle_ms=13.426
PMLE_WASM2JS_MLE_TIC|tic=1812|mle_ms=15.128
PMLE_WASM2JS_MLE_TIC|tic=1813|mle_ms=5.721
PMLE_WASM2JS_MLE_TIC|tic=1814|mle_ms=13.494
PMLE_WASM2JS_MLE_TIC|tic=1815|mle_ms=16.699
PMLE_WASM2JS_MLE_TIC|tic=1816|mle_ms=9.538
PMLE_WASM2JS_MLE_TIC|tic=1817|mle_ms=12.238
PMLE_WASM2JS_MLE_TIC|tic=1818|mle_ms=21.842
PMLE_WASM2JS_MLE_TIC|tic=1819|mle_ms=4.1
PMLE_WASM2JS_MLE_TIC|tic=1820|mle_ms=14.129
PMLE_WASM2JS_MLE_TIC|tic=1821|mle_ms=17.553
PMLE_WASM2JS_MLE_TIC|tic=1822|mle_ms=4.117
PMLE_WASM2JS_MLE_TIC|tic=1823|mle_ms=13.708
PMLE_WASM2JS_MLE_TIC|tic=1824|mle_ms=15.026
PMLE_WASM2JS_MLE_TIC|tic=1825|mle_ms=4.019
PMLE_WASM2JS_MLE_TIC|tic=1826|mle_ms=19.431
PMLE_WASM2JS_MLE_TIC|tic=1827|mle_ms=14.361
PMLE_WASM2JS_MLE_TIC|tic=1828|mle_ms=4.064
PMLE_WASM2JS_MLE_TIC|tic=1829|mle_ms=13.447
PMLE_WASM2JS_MLE_TIC|tic=1830|mle_ms=17.847
PMLE_WASM2JS_MLE_TIC|tic=1831|mle_ms=4.801
PMLE_WASM2JS_MLE_TIC|tic=1832|mle_ms=16.185
PMLE_WASM2JS_MLE_TIC|tic=1833|mle_ms=16.768
PMLE_WASM2JS_MLE_TIC|tic=1834|mle_ms=4.784
PMLE_WASM2JS_MLE_TIC|tic=1835|mle_ms=12.302
PMLE_WASM2JS_MLE_TIC|tic=1836|mle_ms=20.914
PMLE_WASM2JS_MLE_TIC|tic=1837|mle_ms=4.271
PMLE_WASM2JS_MLE_TIC|tic=1838|mle_ms=12.548
PMLE_WASM2JS_MLE_TIC|tic=1839|mle_ms=14.761
PMLE_WASM2JS_MLE_TIC|tic=1840|mle_ms=4.008
PMLE_WASM2JS_MLE_TIC|tic=1841|mle_ms=14.025
PMLE_WASM2JS_MLE_TIC|tic=1842|mle_ms=20.473
PMLE_WASM2JS_MLE_TIC|tic=1843|mle_ms=8.951
PMLE_WASM2JS_MLE_TIC|tic=1844|mle_ms=14.37
PMLE_WASM2JS_MLE_TIC|tic=1845|mle_ms=14.773
PMLE_WASM2JS_MLE_TIC|tic=1846|mle_ms=8.761
PMLE_WASM2JS_MLE_TIC|tic=1847|mle_ms=14.097
PMLE_WASM2JS_MLE_TIC|tic=1848|mle_ms=19.623
PMLE_WASM2JS_MLE_TIC|tic=1849|mle_ms=4.134
PMLE_WASM2JS_MLE_TIC|tic=1850|mle_ms=18.744
PMLE_WASM2JS_MLE_TIC|tic=1851|mle_ms=15.018
PMLE_WASM2JS_MLE_TIC|tic=1852|mle_ms=4.48
PMLE_WASM2JS_MLE_TIC|tic=1853|mle_ms=18.386
PMLE_WASM2JS_MLE_TIC|tic=1854|mle_ms=26.72
PMLE_WASM2JS_MLE_TIC|tic=1855|mle_ms=4.365
PMLE_WASM2JS_MLE_TIC|tic=1856|mle_ms=20.499
PMLE_WASM2JS_MLE_TIC|tic=1857|mle_ms=15.699
PMLE_WASM2JS_MLE_TIC|tic=1858|mle_ms=3.984
PMLE_WASM2JS_MLE_TIC|tic=1859|mle_ms=14.455
PMLE_WASM2JS_MLE_TIC|tic=1860|mle_ms=16.515
PMLE_WASM2JS_MLE_TIC|tic=1861|mle_ms=4.027
PMLE_WASM2JS_MLE_TIC|tic=1862|mle_ms=14.464
PMLE_WASM2JS_MLE_TIC|tic=1863|mle_ms=15.886
PMLE_WASM2JS_MLE_TIC|tic=1864|mle_ms=4.694
PMLE_WASM2JS_MLE_TIC|tic=1865|mle_ms=14.535
PMLE_WASM2JS_MLE_TIC|tic=1866|mle_ms=20.812
PMLE_WASM2JS_MLE_TIC|tic=1867|mle_ms=4.006
PMLE_WASM2JS_MLE_TIC|tic=1868|mle_ms=19.774
PMLE_WASM2JS_MLE_TIC|tic=1869|mle_ms=14.583
PMLE_WASM2JS_MLE_TIC|tic=1870|mle_ms=3.919
PMLE_WASM2JS_MLE_TIC|tic=1871|mle_ms=15.417
PMLE_WASM2JS_MLE_TIC|tic=1872|mle_ms=14.593
PMLE_WASM2JS_MLE_TIC|tic=1873|mle_ms=4.577
PMLE_WASM2JS_MLE_TIC|tic=1874|mle_ms=21.072
PMLE_WASM2JS_MLE_TIC|tic=1875|mle_ms=17.491
PMLE_WASM2JS_MLE_TIC|tic=1876|mle_ms=5.878
PMLE_WASM2JS_MLE_TIC|tic=1877|mle_ms=18.884
PMLE_WASM2JS_MLE_TIC|tic=1878|mle_ms=12.621
PMLE_WASM2JS_MLE_TIC|tic=1879|mle_ms=2.814
PMLE_WASM2JS_MLE_TIC|tic=1880|mle_ms=13.711
PMLE_WASM2JS_MLE_TIC|tic=1881|mle_ms=12.668
PMLE_WASM2JS_MLE_TIC|tic=1882|mle_ms=18.611
PMLE_WASM2JS_MLE_TIC|tic=1883|mle_ms=15.955
PMLE_WASM2JS_MLE_TIC|tic=1884|mle_ms=13.44
PMLE_WASM2JS_MLE_TIC|tic=1885|mle_ms=2.848
PMLE_WASM2JS_MLE_TIC|tic=1886|mle_ms=17.354
PMLE_WASM2JS_MLE_TIC|tic=1887|mle_ms=13.125
PMLE_WASM2JS_MLE_TIC|tic=1888|mle_ms=2.788
PMLE_WASM2JS_MLE_TIC|tic=1889|mle_ms=3.453
PMLE_WASM2JS_MLE_TIC|tic=1890|mle_ms=15.76
PMLE_WASM2JS_MLE_TIC|tic=1891|mle_ms=2.887
PMLE_WASM2JS_MLE_TIC|tic=1892|mle_ms=3.411
PMLE_WASM2JS_MLE_TIC|tic=1893|mle_ms=16.091
PMLE_WASM2JS_MLE_TIC|tic=1894|mle_ms=3.554
PMLE_WASM2JS_MLE_TIC|tic=1895|mle_ms=8.236
PMLE_WASM2JS_MLE_TIC|tic=1896|mle_ms=16.557
PMLE_WASM2JS_MLE_TIC|tic=1897|mle_ms=3.385
PMLE_WASM2JS_MLE_TIC|tic=1898|mle_ms=9.775
PMLE_WASM2JS_MLE_TIC|tic=1899|mle_ms=14.082
PMLE_WASM2JS_MLE_TIC|tic=1900|mle_ms=3.785
PMLE_WASM2JS_MLE_TIC|tic=1901|mle_ms=10.098
PMLE_WASM2JS_MLE_TIC|tic=1902|mle_ms=15.118
PMLE_WASM2JS_MLE_TIC|tic=1903|mle_ms=5.226
PMLE_WASM2JS_MLE_TIC|tic=1904|mle_ms=13.712
PMLE_WASM2JS_MLE_TIC|tic=1905|mle_ms=14.804
PMLE_WASM2JS_MLE_TIC|tic=1906|mle_ms=10.971
PMLE_WASM2JS_MLE_TIC|tic=1907|mle_ms=23.053
PMLE_WASM2JS_MLE_TIC|tic=1908|mle_ms=15.209
PMLE_WASM2JS_MLE_TIC|tic=1909|mle_ms=5.009
PMLE_WASM2JS_MLE_TIC|tic=1910|mle_ms=24.955
PMLE_WASM2JS_MLE_TIC|tic=1911|mle_ms=16.316
PMLE_WASM2JS_MLE_TIC|tic=1912|mle_ms=5.751
PMLE_WASM2JS_MLE_TIC|tic=1913|mle_ms=26.001
PMLE_WASM2JS_MLE_TIC|tic=1914|mle_ms=7.039
PMLE_WASM2JS_MLE_TIC|tic=1915|mle_ms=5.431
PMLE_WASM2JS_MLE_TIC|tic=1916|mle_ms=31.904
PMLE_WASM2JS_MLE_TIC|tic=1917|mle_ms=6.23
PMLE_WASM2JS_MLE_TIC|tic=1918|mle_ms=5.464
PMLE_WASM2JS_MLE_TIC|tic=1919|mle_ms=15.236
PMLE_WASM2JS_MLE_TIC|tic=1920|mle_ms=16.473
PMLE_WASM2JS_MLE_TIC|tic=1921|mle_ms=5.122
PMLE_WASM2JS_MLE_TIC|tic=1922|mle_ms=14.947
PMLE_WASM2JS_MLE_TIC|tic=1923|mle_ms=18.221
PMLE_WASM2JS_MLE_TIC|tic=1924|mle_ms=5.266
PMLE_WASM2JS_MLE_TIC|tic=1925|mle_ms=15.784
PMLE_WASM2JS_MLE_TIC|tic=1926|mle_ms=19.107
PMLE_WASM2JS_MLE_TIC|tic=1927|mle_ms=6.294
PMLE_WASM2JS_MLE_TIC|tic=1928|mle_ms=13.636
PMLE_WASM2JS_MLE_TIC|tic=1929|mle_ms=15.109
PMLE_WASM2JS_MLE_TIC|tic=1930|mle_ms=3.357
PMLE_WASM2JS_MLE_TIC|tic=1931|mle_ms=13.498
PMLE_WASM2JS_MLE_TIC|tic=1932|mle_ms=15.443
PMLE_WASM2JS_MLE_TIC|tic=1933|mle_ms=4.989
PMLE_WASM2JS_MLE_TIC|tic=1934|mle_ms=16.097
PMLE_WASM2JS_MLE_TIC|tic=1935|mle_ms=15.395
PMLE_WASM2JS_MLE_TIC|tic=1936|mle_ms=6.822
PMLE_WASM2JS_MLE_TIC|tic=1937|mle_ms=13.373
PMLE_WASM2JS_MLE_TIC|tic=1938|mle_ms=18.316
PMLE_WASM2JS_MLE_TIC|tic=1939|mle_ms=3.489
PMLE_WASM2JS_MLE_TIC|tic=1940|mle_ms=13.057
PMLE_WASM2JS_MLE_TIC|tic=1941|mle_ms=21.243
PMLE_WASM2JS_MLE_TIC|tic=1942|mle_ms=3.564
PMLE_WASM2JS_MLE_TIC|tic=1943|mle_ms=15.887
PMLE_WASM2JS_MLE_TIC|tic=1944|mle_ms=15.629
PMLE_WASM2JS_MLE_TIC|tic=1945|mle_ms=3.013
PMLE_WASM2JS_MLE_TIC|tic=1946|mle_ms=17.831
PMLE_WASM2JS_MLE_TIC|tic=1947|mle_ms=14.51
PMLE_WASM2JS_MLE_TIC|tic=1948|mle_ms=2.43
PMLE_WASM2JS_MLE_TIC|tic=1949|mle_ms=13.92
PMLE_WASM2JS_MLE_TIC|tic=1950|mle_ms=17.424
PMLE_WASM2JS_MLE_TIC|tic=1951|mle_ms=2.627
PMLE_WASM2JS_MLE_TIC|tic=1952|mle_ms=14.123
PMLE_WASM2JS_MLE_TIC|tic=1953|mle_ms=16.006
PMLE_WASM2JS_MLE_TIC|tic=1954|mle_ms=3.196
PMLE_WASM2JS_MLE_TIC|tic=1955|mle_ms=14.115
PMLE_WASM2JS_MLE_TIC|tic=1956|mle_ms=17.597
PMLE_WASM2JS_MLE_TIC|tic=1957|mle_ms=2.452
PMLE_WASM2JS_MLE_TIC|tic=1958|mle_ms=14.125
PMLE_WASM2JS_MLE_TIC|tic=1959|mle_ms=14.402
PMLE_WASM2JS_MLE_TIC|tic=1960|mle_ms=2.435
PMLE_WASM2JS_MLE_TIC|tic=1961|mle_ms=14.184
PMLE_WASM2JS_MLE_TIC|tic=1962|mle_ms=17.285
PMLE_WASM2JS_MLE_TIC|tic=1963|mle_ms=4.05
PMLE_WASM2JS_MLE_TIC|tic=1964|mle_ms=15.124
PMLE_WASM2JS_MLE_TIC|tic=1965|mle_ms=14.139
PMLE_WASM2JS_MLE_TIC|tic=1966|mle_ms=5.79
PMLE_WASM2JS_MLE_TIC|tic=1967|mle_ms=14.877
PMLE_WASM2JS_MLE_TIC|tic=1968|mle_ms=12.572
PMLE_WASM2JS_MLE_TIC|tic=1969|mle_ms=2.534
PMLE_WASM2JS_MLE_TIC|tic=1970|mle_ms=14.863
PMLE_WASM2JS_MLE_TIC|tic=1971|mle_ms=12.579
PMLE_WASM2JS_MLE_TIC|tic=1972|mle_ms=2.571
PMLE_WASM2JS_MLE_TIC|tic=1973|mle_ms=16.253
PMLE_WASM2JS_MLE_TIC|tic=1974|mle_ms=16.121
PMLE_WASM2JS_MLE_TIC|tic=1975|mle_ms=2.461
PMLE_WASM2JS_MLE_TIC|tic=1976|mle_ms=17.891
PMLE_WASM2JS_MLE_TIC|tic=1977|mle_ms=17.337
PMLE_WASM2JS_MLE_TIC|tic=1978|mle_ms=2.473
PMLE_WASM2JS_MLE_TIC|tic=1979|mle_ms=13.554
PMLE_WASM2JS_MLE_TIC|tic=1980|mle_ms=12.591
PMLE_WASM2JS_MLE_TIC|tic=1981|mle_ms=2.577
PMLE_WASM2JS_MLE_TIC|tic=1982|mle_ms=18.849
PMLE_WASM2JS_MLE_TIC|tic=1983|mle_ms=14.209
PMLE_WASM2JS_MLE_TIC|tic=1984|mle_ms=3.166
PMLE_WASM2JS_MLE_TIC|tic=1985|mle_ms=13.001
PMLE_WASM2JS_MLE_TIC|tic=1986|mle_ms=18.858
PMLE_WASM2JS_MLE_TIC|tic=1987|mle_ms=2.454
PMLE_WASM2JS_MLE_TIC|tic=1988|mle_ms=12.884
PMLE_WASM2JS_MLE_TIC|tic=1989|mle_ms=12.536
PMLE_WASM2JS_MLE_TIC|tic=1990|mle_ms=2.398
PMLE_WASM2JS_MLE_TIC|tic=1991|mle_ms=14.796
PMLE_WASM2JS_MLE_TIC|tic=1992|mle_ms=12.724
PMLE_WASM2JS_MLE_TIC|tic=1993|mle_ms=4.071
PMLE_WASM2JS_MLE_TIC|tic=1994|mle_ms=13.601
PMLE_WASM2JS_MLE_TIC|tic=1995|mle_ms=12.484
PMLE_WASM2JS_MLE_TIC|tic=1996|mle_ms=5.84
PMLE_WASM2JS_MLE_TIC|tic=1997|mle_ms=13.004
PMLE_WASM2JS_MLE_TIC|tic=1998|mle_ms=12.454
PMLE_WASM2JS_MLE_TIC|tic=1999|mle_ms=2.517
PMLE_WASM2JS_MLE_TIC|tic=2000|mle_ms=15.434
PMLE_WASM2JS_MLE_TIC|tic=2001|mle_ms=13.165
PMLE_WASM2JS_MLE_TIC|tic=2002|mle_ms=2.55
PMLE_WASM2JS_MLE_TIC|tic=2003|mle_ms=14.355
PMLE_WASM2JS_MLE_TIC|tic=2004|mle_ms=15.006
PMLE_WASM2JS_MLE_TIC|tic=2005|mle_ms=2.522
PMLE_WASM2JS_MLE_TIC|tic=2006|mle_ms=16.265
PMLE_WASM2JS_MLE_TIC|tic=2007|mle_ms=17.046
PMLE_WASM2JS_MLE_TIC|tic=2008|mle_ms=2.43
PMLE_WASM2JS_MLE_TIC|tic=2009|mle_ms=12.924
PMLE_WASM2JS_MLE_TIC|tic=2010|mle_ms=14.29
PMLE_WASM2JS_MLE_TIC|tic=2011|mle_ms=2.53
PMLE_WASM2JS_MLE_TIC|tic=2012|mle_ms=15.707
PMLE_WASM2JS_MLE_TIC|tic=2013|mle_ms=13.869
PMLE_WASM2JS_MLE_TIC|tic=2014|mle_ms=3.162
PMLE_WASM2JS_MLE_TIC|tic=2015|mle_ms=13.69
PMLE_WASM2JS_MLE_TIC|tic=2016|mle_ms=15.684
PMLE_WASM2JS_MLE_TIC|tic=2017|mle_ms=2.427
PMLE_WASM2JS_MLE_TIC|tic=2018|mle_ms=19.122
PMLE_WASM2JS_MLE_TIC|tic=2019|mle_ms=14.126
PMLE_WASM2JS_MLE_TIC|tic=2020|mle_ms=2.471
PMLE_WASM2JS_MLE_TIC|tic=2021|mle_ms=12.834
PMLE_WASM2JS_MLE_TIC|tic=2022|mle_ms=12.597
PMLE_WASM2JS_MLE_TIC|tic=2023|mle_ms=4.055
PMLE_WASM2JS_MLE_TIC|tic=2024|mle_ms=16.043
PMLE_WASM2JS_MLE_TIC|tic=2025|mle_ms=12.472
PMLE_WASM2JS_MLE_TIC|tic=2026|mle_ms=5.85
PMLE_WASM2JS_MLE_TIC|tic=2027|mle_ms=12.501
PMLE_WASM2JS_MLE_TIC|tic=2028|mle_ms=12.416
PMLE_WASM2JS_MLE_TIC|tic=2029|mle_ms=2.509
PMLE_WASM2JS_MLE_TIC|tic=2030|mle_ms=12.642
PMLE_WASM2JS_MLE_TIC|tic=2031|mle_ms=12.475
PMLE_WASM2JS_MLE_TIC|tic=2032|mle_ms=2.55
PMLE_WASM2JS_MLE_TIC|tic=2033|mle_ms=14.268
PMLE_WASM2JS_MLE_TIC|tic=2034|mle_ms=13.431
PMLE_WASM2JS_MLE_TIC|tic=2035|mle_ms=2.497
PMLE_WASM2JS_MLE_TIC|tic=2036|mle_ms=18.806
PMLE_WASM2JS_MLE_TIC|tic=2037|mle_ms=12.51
PMLE_WASM2JS_MLE_TIC|tic=2038|mle_ms=2.419
PMLE_WASM2JS_MLE_TIC|tic=2039|mle_ms=14.646
PMLE_WASM2JS_MLE_TIC|tic=2040|mle_ms=17.223
PMLE_WASM2JS_MLE_TIC|tic=2041|mle_ms=2.537
PMLE_WASM2JS_MLE_TIC|tic=2042|mle_ms=12.764
PMLE_WASM2JS_MLE_TIC|tic=2043|mle_ms=14.149
PMLE_WASM2JS_MLE_TIC|tic=2044|mle_ms=3.201
PMLE_WASM2JS_MLE_TIC|tic=2045|mle_ms=12.71
PMLE_WASM2JS_MLE_TIC|tic=2046|mle_ms=15.871
PMLE_WASM2JS_MLE_TIC|tic=2047|mle_ms=2.439
PMLE_WASM2JS_MLE_TIC|tic=2048|mle_ms=15.36
PMLE_WASM2JS_MLE_TIC|tic=2049|mle_ms=13.204
PMLE_WASM2JS_MLE_TIC|tic=2050|mle_ms=2.533
PMLE_WASM2JS_MLE_TIC|tic=2051|mle_ms=12.922
PMLE_WASM2JS_MLE_TIC|tic=2052|mle_ms=12.673
PMLE_WASM2JS_MLE_TIC|tic=2053|mle_ms=4.056
PMLE_WASM2JS_MLE_TIC|tic=2054|mle_ms=13.524
PMLE_WASM2JS_MLE_TIC|tic=2055|mle_ms=12.532
PMLE_WASM2JS_MLE_TIC|tic=2056|mle_ms=5.82
PMLE_WASM2JS_MLE_TIC|tic=2057|mle_ms=12.805
PMLE_WASM2JS_MLE_TIC|tic=2058|mle_ms=12.48
PMLE_WASM2JS_MLE_TIC|tic=2059|mle_ms=2.496
PMLE_WASM2JS_MLE_TIC|tic=2060|mle_ms=17.493
PMLE_WASM2JS_MLE_TIC|tic=2061|mle_ms=12.531
PMLE_WASM2JS_MLE_TIC|tic=2062|mle_ms=2.569
PMLE_WASM2JS_MLE_TIC|tic=2063|mle_ms=14.296
PMLE_WASM2JS_MLE_TIC|tic=2064|mle_ms=13.213
PMLE_WASM2JS_MLE_TIC|tic=2065|mle_ms=2.516
PMLE_WASM2JS_MLE_TIC|tic=2066|mle_ms=21.157
PMLE_WASM2JS_MLE_TIC|tic=2067|mle_ms=13.783
PMLE_WASM2JS_MLE_TIC|tic=2068|mle_ms=2.436
PMLE_WASM2JS_MLE_TIC|tic=2069|mle_ms=13.803
PMLE_WASM2JS_MLE_TIC|tic=2070|mle_ms=12.223
PMLE_WASM2JS_MLE_TIC|tic=2071|mle_ms=2.527
PMLE_WASM2JS_MLE_TIC|tic=2072|mle_ms=17.712
PMLE_WASM2JS_MLE_TIC|tic=2073|mle_ms=13.499
PMLE_WASM2JS_MLE_TIC|tic=2074|mle_ms=3.169
PMLE_WASM2JS_MLE_TIC|tic=2075|mle_ms=12.359
PMLE_WASM2JS_MLE_TIC|tic=2076|mle_ms=15.324
PMLE_WASM2JS_MLE_TIC|tic=2077|mle_ms=2.426
PMLE_WASM2JS_MLE_TIC|tic=2078|mle_ms=12.414
PMLE_WASM2JS_MLE_TIC|tic=2079|mle_ms=12.026
PMLE_WASM2JS_MLE_TIC|tic=2080|mle_ms=2.41
PMLE_WASM2JS_MLE_TIC|tic=2081|mle_ms=12.405
PMLE_WASM2JS_MLE_TIC|tic=2082|mle_ms=12.137
PMLE_WASM2JS_MLE_TIC|tic=2083|mle_ms=4.074
PMLE_WASM2JS_MLE_TIC|tic=2084|mle_ms=15.858
PMLE_WASM2JS_MLE_TIC|tic=2085|mle_ms=11.532
PMLE_WASM2JS_MLE_TIC|tic=2086|mle_ms=5.811
PMLE_WASM2JS_MLE_TIC|tic=2087|mle_ms=12.199
PMLE_WASM2JS_MLE_TIC|tic=2088|mle_ms=11.541
PMLE_WASM2JS_MLE_TIC|tic=2089|mle_ms=2.488
PMLE_WASM2JS_MLE_TIC|tic=2090|mle_ms=12.217
PMLE_WASM2JS_MLE_TIC|tic=2091|mle_ms=11.556
PMLE_WASM2JS_MLE_TIC|tic=2092|mle_ms=2.578
PMLE_WASM2JS_MLE_TIC|tic=2093|mle_ms=13.864
PMLE_WASM2JS_MLE_TIC|tic=2094|mle_ms=17.796
PMLE_WASM2JS_MLE_TIC|tic=2095|mle_ms=2.508
PMLE_WASM2JS_MLE_TIC|tic=2096|mle_ms=19.868
PMLE_WASM2JS_MLE_TIC|tic=2097|mle_ms=12.355
PMLE_WASM2JS_MLE_TIC|tic=2098|mle_ms=2.456
PMLE_WASM2JS_MLE_TIC|tic=2099|mle_ms=11.935
PMLE_WASM2JS_MLE_TIC|tic=2100|mle_ms=12.232
PMLE_WASM2JS_MLE_TIC|tic=2101|mle_ms=2.521
PMLE_WASM2JS_MLE_TIC|tic=2102|mle_ms=16.556
PMLE_WASM2JS_MLE_TIC|tic=2103|mle_ms=13.947
PMLE_WASM2JS_MLE_TIC|tic=2104|mle_ms=3.16
PMLE_WASM2JS_MLE_TIC|tic=2105|mle_ms=13.738
PMLE_WASM2JS_MLE_TIC|tic=2106|mle_ms=18.986
PMLE_WASM2JS_MLE_TIC|tic=2107|mle_ms=2.48
PMLE_WASM2JS_MLE_TIC|tic=2108|mle_ms=13.202
PMLE_WASM2JS_MLE_TIC|tic=2109|mle_ms=12.277
PMLE_WASM2JS_MLE_TIC|tic=2110|mle_ms=2.427
PMLE_WASM2JS_MLE_TIC|tic=2111|mle_ms=11.945
PMLE_WASM2JS_MLE_TIC|tic=2112|mle_ms=11.679
PMLE_WASM2JS_MLE_TIC|tic=2113|mle_ms=4.02
PMLE_WASM2JS_MLE_TIC|tic=2114|mle_ms=13.161
PMLE_WASM2JS_MLE_TIC|tic=2115|mle_ms=11.508
PMLE_WASM2JS_MLE_TIC|tic=2116|mle_ms=5.783
PMLE_WASM2JS_MLE_TIC|tic=2117|mle_ms=12.412
PMLE_WASM2JS_MLE_TIC|tic=2118|mle_ms=14.227
PMLE_WASM2JS_MLE_TIC|tic=2119|mle_ms=2.489
PMLE_WASM2JS_MLE_TIC|tic=2120|mle_ms=12.37
PMLE_WASM2JS_MLE_TIC|tic=2121|mle_ms=11.934
PMLE_WASM2JS_MLE_TIC|tic=2122|mle_ms=2.524
PMLE_WASM2JS_MLE_TIC|tic=2123|mle_ms=13.996
PMLE_WASM2JS_MLE_TIC|tic=2124|mle_ms=12.728
PMLE_WASM2JS_MLE_TIC|tic=2125|mle_ms=2.49
PMLE_WASM2JS_MLE_TIC|tic=2126|mle_ms=15.822
PMLE_WASM2JS_MLE_TIC|tic=2127|mle_ms=11.936
PMLE_WASM2JS_MLE_TIC|tic=2128|mle_ms=2.383
PMLE_WASM2JS_MLE_TIC|tic=2129|mle_ms=12.487
PMLE_WASM2JS_MLE_TIC|tic=2130|mle_ms=14.901
PMLE_WASM2JS_MLE_TIC|tic=2131|mle_ms=2.495
PMLE_WASM2JS_MLE_TIC|tic=2132|mle_ms=12.542
PMLE_WASM2JS_MLE_TIC|tic=2133|mle_ms=14.013
PMLE_WASM2JS_MLE_TIC|tic=2134|mle_ms=3.171
PMLE_WASM2JS_MLE_TIC|tic=2135|mle_ms=12.368
PMLE_WASM2JS_MLE_TIC|tic=2136|mle_ms=15.878
PMLE_WASM2JS_MLE_TIC|tic=2137|mle_ms=2.432
PMLE_WASM2JS_MLE_TIC|tic=2138|mle_ms=12.338
PMLE_WASM2JS_MLE_TIC|tic=2139|mle_ms=12.512
PMLE_WASM2JS_MLE_TIC|tic=2140|mle_ms=2.467
PMLE_WASM2JS_MLE_TIC|tic=2141|mle_ms=13.046
PMLE_WASM2JS_MLE_TIC|tic=2142|mle_ms=15.05
PMLE_WASM2JS_MLE_TIC|tic=2143|mle_ms=4.071
PMLE_WASM2JS_MLE_TIC|tic=2144|mle_ms=13.526
PMLE_WASM2JS_MLE_TIC|tic=2145|mle_ms=17.516
PMLE_WASM2JS_MLE_TIC|tic=2146|mle_ms=5.852
PMLE_WASM2JS_MLE_TIC|tic=2147|mle_ms=14.144
PMLE_WASM2JS_MLE_TIC|tic=2148|mle_ms=13.618
PMLE_WASM2JS_MLE_TIC|tic=2149|mle_ms=2.496
PMLE_WASM2JS_MLE_TIC|tic=2150|mle_ms=14.099
PMLE_WASM2JS_MLE_TIC|tic=2151|mle_ms=13.802
PMLE_WASM2JS_MLE_TIC|tic=2152|mle_ms=2.636
PMLE_WASM2JS_MLE_TIC|tic=2153|mle_ms=18.479
PMLE_WASM2JS_MLE_TIC|tic=2154|mle_ms=20.294
PMLE_WASM2JS_MLE_TIC|tic=2155|mle_ms=2.531
PMLE_WASM2JS_MLE_TIC|tic=2156|mle_ms=23.421
PMLE_WASM2JS_MLE_TIC|tic=2157|mle_ms=14.375
PMLE_WASM2JS_MLE_TIC|tic=2158|mle_ms=2.569
PMLE_WASM2JS_MLE_TIC|tic=2159|mle_ms=14.458
PMLE_WASM2JS_MLE_TIC|tic=2160|mle_ms=14.531
PMLE_WASM2JS_MLE_TIC|tic=2161|mle_ms=2.592
PMLE_WASM2JS_MLE_TIC|tic=2162|mle_ms=16.818
PMLE_WASM2JS_MLE_TIC|tic=2163|mle_ms=16.122
PMLE_WASM2JS_MLE_TIC|tic=2164|mle_ms=3.218
PMLE_WASM2JS_MLE_TIC|tic=2165|mle_ms=14.374
PMLE_WASM2JS_MLE_TIC|tic=2166|mle_ms=17.926
PMLE_WASM2JS_MLE_TIC|tic=2167|mle_ms=2.455
PMLE_WASM2JS_MLE_TIC|tic=2168|mle_ms=14.14
PMLE_WASM2JS_MLE_TIC|tic=2169|mle_ms=20.539
PMLE_WASM2JS_MLE_TIC|tic=2170|mle_ms=2.458
PMLE_WASM2JS_MLE_TIC|tic=2171|mle_ms=15.344
PMLE_WASM2JS_MLE_TIC|tic=2172|mle_ms=14.699
PMLE_WASM2JS_MLE_TIC|tic=2173|mle_ms=4.086
PMLE_WASM2JS_MLE_TIC|tic=2174|mle_ms=13.564
PMLE_WASM2JS_MLE_TIC|tic=2175|mle_ms=14.617
PMLE_WASM2JS_MLE_TIC|tic=2176|mle_ms=5.872
PMLE_WASM2JS_MLE_TIC|tic=2177|mle_ms=12.997
PMLE_WASM2JS_MLE_TIC|tic=2178|mle_ms=20.458
PMLE_WASM2JS_MLE_TIC|tic=2179|mle_ms=2.568
PMLE_WASM2JS_MLE_TIC|tic=2180|mle_ms=12.749
PMLE_WASM2JS_MLE_TIC|tic=2181|mle_ms=16.834
PMLE_WASM2JS_MLE_TIC|tic=2182|mle_ms=2.586
PMLE_WASM2JS_MLE_TIC|tic=2183|mle_ms=14.406
PMLE_WASM2JS_MLE_TIC|tic=2184|mle_ms=14.921
PMLE_WASM2JS_MLE_TIC|tic=2185|mle_ms=2.505
PMLE_WASM2JS_MLE_TIC|tic=2186|mle_ms=16.068
PMLE_WASM2JS_MLE_TIC|tic=2187|mle_ms=14.136
PMLE_WASM2JS_MLE_TIC|tic=2188|mle_ms=2.428
PMLE_WASM2JS_MLE_TIC|tic=2189|mle_ms=17.834
PMLE_WASM2JS_MLE_TIC|tic=2190|mle_ms=14.143
PMLE_WASM2JS_MLE_TIC|tic=2191|mle_ms=2.563
PMLE_WASM2JS_MLE_TIC|tic=2192|mle_ms=21.656
PMLE_WASM2JS_MLE_TIC|tic=2193|mle_ms=15.828
PMLE_WASM2JS_MLE_TIC|tic=2194|mle_ms=3.207
PMLE_WASM2JS_MLE_TIC|tic=2195|mle_ms=12.978
PMLE_WASM2JS_MLE_TIC|tic=2196|mle_ms=16.474
PMLE_WASM2JS_MLE_TIC|tic=2197|mle_ms=2.469
PMLE_WASM2JS_MLE_TIC|tic=2198|mle_ms=17.733
PMLE_WASM2JS_MLE_TIC|tic=2199|mle_ms=18.213
PMLE_WASM2JS_MLE_TIC|tic=2200|mle_ms=2.445
PMLE_WASM2JS_MLE_TIC|tic=2201|mle_ms=16.921
PMLE_WASM2JS_MLE_TIC|tic=2202|mle_ms=18.114
PMLE_WASM2JS_MLE_TIC|tic=2203|mle_ms=4.13
PMLE_WASM2JS_MLE_TIC|tic=2204|mle_ms=13.795
PMLE_WASM2JS_MLE_TIC|tic=2205|mle_ms=17.987
PMLE_WASM2JS_MLE_TIC|tic=2206|mle_ms=5.926
PMLE_WASM2JS_MLE_TIC|tic=2207|mle_ms=16.608
PMLE_WASM2JS_MLE_TIC|tic=2208|mle_ms=13.081
PMLE_WASM2JS_MLE_TIC|tic=2209|mle_ms=2.522
PMLE_WASM2JS_MLE_TIC|tic=2210|mle_ms=15.147
PMLE_WASM2JS_MLE_TIC|tic=2211|mle_ms=13.019
PMLE_WASM2JS_MLE_TIC|tic=2212|mle_ms=2.582
PMLE_WASM2JS_MLE_TIC|tic=2213|mle_ms=16.748
PMLE_WASM2JS_MLE_TIC|tic=2214|mle_ms=14.087
PMLE_WASM2JS_MLE_TIC|tic=2215|mle_ms=2.512
PMLE_WASM2JS_MLE_TIC|tic=2216|mle_ms=16.239
PMLE_WASM2JS_MLE_TIC|tic=2217|mle_ms=12.468
PMLE_WASM2JS_MLE_TIC|tic=2218|mle_ms=2.468
PMLE_WASM2JS_MLE_TIC|tic=2219|mle_ms=12.882
PMLE_WASM2JS_MLE_TIC|tic=2220|mle_ms=14.848
PMLE_WASM2JS_MLE_TIC|tic=2221|mle_ms=2.476
PMLE_WASM2JS_MLE_TIC|tic=2222|mle_ms=12.891
PMLE_WASM2JS_MLE_TIC|tic=2223|mle_ms=14.041
PMLE_WASM2JS_MLE_TIC|tic=2224|mle_ms=3.19
PMLE_WASM2JS_MLE_TIC|tic=2225|mle_ms=12.826
PMLE_WASM2JS_MLE_TIC|tic=2226|mle_ms=17.827
PMLE_WASM2JS_MLE_TIC|tic=2227|mle_ms=2.434
PMLE_WASM2JS_MLE_TIC|tic=2228|mle_ms=12.87
PMLE_WASM2JS_MLE_TIC|tic=2229|mle_ms=12.89
PMLE_WASM2JS_MLE_TIC|tic=2230|mle_ms=2.866
PMLE_WASM2JS_MLE_TIC|tic=2231|mle_ms=15.721
PMLE_WASM2JS_MLE_TIC|tic=2232|mle_ms=17.608
PMLE_WASM2JS_MLE_TIC|tic=2233|mle_ms=4.514
PMLE_WASM2JS_MLE_TIC|tic=2234|mle_ms=14.991
PMLE_WASM2JS_MLE_TIC|tic=2235|mle_ms=12.811
PMLE_WASM2JS_MLE_TIC|tic=2236|mle_ms=6.655
PMLE_WASM2JS_MLE_TIC|tic=2237|mle_ms=14.275
PMLE_WASM2JS_MLE_TIC|tic=2238|mle_ms=14.998
PMLE_WASM2JS_MLE_TIC|tic=2239|mle_ms=3.089
PMLE_WASM2JS_MLE_TIC|tic=2240|mle_ms=3.528
PMLE_WASM2JS_MLE_TIC|tic=2241|mle_ms=12.885
PMLE_WASM2JS_MLE_TIC|tic=2242|mle_ms=5.28
PMLE_WASM2JS_MLE_TIC|tic=2243|mle_ms=5.148
PMLE_WASM2JS_MLE_TIC|tic=2244|mle_ms=13.592
PMLE_WASM2JS_MLE_TIC|tic=2245|mle_ms=3.028
PMLE_WASM2JS_MLE_TIC|tic=2246|mle_ms=7.96
PMLE_WASM2JS_MLE_TIC|tic=2247|mle_ms=12.352
PMLE_WASM2JS_MLE_TIC|tic=2248|mle_ms=2.857
PMLE_WASM2JS_MLE_TIC|tic=2249|mle_ms=3.517
PMLE_WASM2JS_MLE_TIC|tic=2250|mle_ms=12.461
PMLE_WASM2JS_MLE_TIC|tic=2251|mle_ms=2.955
PMLE_WASM2JS_MLE_TIC|tic=2252|mle_ms=3.85
PMLE_WASM2JS_MLE_TIC|tic=2253|mle_ms=14.082
PMLE_WASM2JS_MLE_TIC|tic=2254|mle_ms=3.601
PMLE_WASM2JS_MLE_TIC|tic=2255|mle_ms=3.76
PMLE_WASM2JS_MLE_TIC|tic=2256|mle_ms=17.32
PMLE_WASM2JS_MLE_TIC|tic=2257|mle_ms=5.11
PMLE_WASM2JS_MLE_TIC|tic=2258|mle_ms=3.679
PMLE_WASM2JS_MLE_TIC|tic=2259|mle_ms=13.107
PMLE_WASM2JS_MLE_TIC|tic=2260|mle_ms=2.884
PMLE_WASM2JS_MLE_TIC|tic=2261|mle_ms=3.771
PMLE_WASM2JS_MLE_TIC|tic=2262|mle_ms=13.277
PMLE_WASM2JS_MLE_TIC|tic=2263|mle_ms=4.548
PMLE_WASM2JS_MLE_TIC|tic=2264|mle_ms=4.494
PMLE_WASM2JS_MLE_TIC|tic=2265|mle_ms=13.298
PMLE_WASM2JS_MLE_TIC|tic=2266|mle_ms=8.071
PMLE_WASM2JS_MLE_TIC|tic=2267|mle_ms=13.444
PMLE_WASM2JS_MLE_TIC|tic=2268|mle_ms=3.469
PMLE_WASM2JS_MLE_TIC|tic=2269|mle_ms=2.842
PMLE_WASM2JS_MLE_TIC|tic=2270|mle_ms=13.395
PMLE_WASM2JS_MLE_TIC|tic=2271|mle_ms=3.485
PMLE_WASM2JS_MLE_TIC|tic=2272|mle_ms=2.975
PMLE_WASM2JS_MLE_TIC|tic=2273|mle_ms=17.226
PMLE_WASM2JS_MLE_TIC|tic=2274|mle_ms=4.23
PMLE_WASM2JS_MLE_TIC|tic=2275|mle_ms=2.867
PMLE_WASM2JS_MLE_TIC|tic=2276|mle_ms=19.931
PMLE_WASM2JS_MLE_TIC|tic=2277|mle_ms=3.438
PMLE_WASM2JS_MLE_TIC|tic=2278|mle_ms=2.792
PMLE_WASM2JS_MLE_TIC|tic=2279|mle_ms=13.07
PMLE_WASM2JS_MLE_TIC|tic=2280|mle_ms=3.559
PMLE_WASM2JS_MLE_TIC|tic=2281|mle_ms=2.872
PMLE_WASM2JS_MLE_TIC|tic=2282|mle_ms=13.15
PMLE_WASM2JS_MLE_TIC|tic=2283|mle_ms=5.074
PMLE_WASM2JS_MLE_TIC|tic=2284|mle_ms=3.547
PMLE_WASM2JS_MLE_TIC|tic=2285|mle_ms=13.391
PMLE_WASM2JS_MLE_TIC|tic=2286|mle_ms=10.948
PMLE_WASM2JS_MLE_TIC|tic=2287|mle_ms=2.815
PMLE_WASM2JS_MLE_TIC|tic=2288|mle_ms=13.255
PMLE_WASM2JS_MLE_TIC|tic=2289|mle_ms=3.41
PMLE_WASM2JS_MLE_TIC|tic=2290|mle_ms=2.769
PMLE_WASM2JS_MLE_TIC|tic=2291|mle_ms=3.42
PMLE_WASM2JS_MLE_TIC|tic=2292|mle_ms=3.476
PMLE_WASM2JS_MLE_TIC|tic=2293|mle_ms=4.429
PMLE_WASM2JS_MLE_TIC|tic=2294|mle_ms=4.213
PMLE_WASM2JS_MLE_TIC|tic=2295|mle_ms=3.354
PMLE_WASM2JS_MLE_TIC|tic=2296|mle_ms=8.305
PMLE_WASM2JS_MLE_TIC|tic=2297|mle_ms=3.46
PMLE_WASM2JS_MLE_TIC|tic=2298|mle_ms=3.293
PMLE_WASM2JS_MLE_TIC|tic=2299|mle_ms=2.828
PMLE_WASM2JS_MLE_TIC|tic=2300|mle_ms=12.871
PMLE_WASM2JS_MLE_TIC|tic=2301|mle_ms=3.394
PMLE_WASM2JS_MLE_TIC|tic=2302|mle_ms=2.891
PMLE_WASM2JS_MLE_TIC|tic=2303|mle_ms=14.387
PMLE_WASM2JS_MLE_TIC|tic=2304|mle_ms=13.625
PMLE_WASM2JS_MLE_TIC|tic=2305|mle_ms=5.059
PMLE_WASM2JS_MLE_TIC|tic=2306|mle_ms=19.072
PMLE_WASM2JS_MLE_TIC|tic=2307|mle_ms=12.789
PMLE_WASM2JS_MLE_TIC|tic=2308|mle_ms=2.871
PMLE_WASM2JS_MLE_TIC|tic=2309|mle_ms=14.828
PMLE_WASM2JS_MLE_TIC|tic=2310|mle_ms=12.912
PMLE_WASM2JS_MLE_TIC|tic=2311|mle_ms=2.956
PMLE_WASM2JS_MLE_TIC|tic=2312|mle_ms=12.94
PMLE_WASM2JS_MLE_TIC|tic=2313|mle_ms=14.717
PMLE_WASM2JS_MLE_TIC|tic=2314|mle_ms=3.626
PMLE_WASM2JS_MLE_TIC|tic=2315|mle_ms=15.151
PMLE_WASM2JS_MLE_TIC|tic=2316|mle_ms=18.318
PMLE_WASM2JS_MLE_TIC|tic=2317|mle_ms=2.977
PMLE_WASM2JS_MLE_TIC|tic=2318|mle_ms=20.314
PMLE_WASM2JS_MLE_TIC|tic=2319|mle_ms=12.857
PMLE_WASM2JS_MLE_TIC|tic=2320|mle_ms=2.845
PMLE_WASM2JS_MLE_TIC|tic=2321|mle_ms=12.402
PMLE_WASM2JS_MLE_TIC|tic=2322|mle_ms=12.715
PMLE_WASM2JS_MLE_TIC|tic=2323|mle_ms=4.805
PMLE_WASM2JS_MLE_TIC|tic=2324|mle_ms=19.648
PMLE_WASM2JS_MLE_TIC|tic=2325|mle_ms=12.578
PMLE_WASM2JS_MLE_TIC|tic=2326|mle_ms=8.343
PMLE_WASM2JS_MLE_TIC|tic=2327|mle_ms=13.429
PMLE_WASM2JS_MLE_TIC|tic=2328|mle_ms=12.363
PMLE_WASM2JS_MLE_TIC|tic=2329|mle_ms=2.868
PMLE_WASM2JS_MLE_TIC|tic=2330|mle_ms=14.225
PMLE_WASM2JS_MLE_TIC|tic=2331|mle_ms=14.444
PMLE_WASM2JS_MLE_TIC|tic=2332|mle_ms=2.945
PMLE_WASM2JS_MLE_TIC|tic=2333|mle_ms=14.28
PMLE_WASM2JS_MLE_TIC|tic=2334|mle_ms=15.212
PMLE_WASM2JS_MLE_TIC|tic=2335|mle_ms=2.852
PMLE_WASM2JS_MLE_TIC|tic=2336|mle_ms=17.345
PMLE_WASM2JS_MLE_TIC|tic=2337|mle_ms=12.224
PMLE_WASM2JS_MLE_TIC|tic=2338|mle_ms=2.746
PMLE_WASM2JS_MLE_TIC|tic=2339|mle_ms=12.475
PMLE_WASM2JS_MLE_TIC|tic=2340|mle_ms=12.66
PMLE_WASM2JS_MLE_TIC|tic=2341|mle_ms=2.878
PMLE_WASM2JS_MLE_TIC|tic=2342|mle_ms=13.033
PMLE_WASM2JS_MLE_TIC|tic=2343|mle_ms=14.114
PMLE_WASM2JS_MLE_TIC|tic=2344|mle_ms=5.749
PMLE_WASM2JS_MLE_TIC|tic=2345|mle_ms=3.506
PMLE_WASM2JS_MLE_TIC|tic=2346|mle_ms=15.732
PMLE_WASM2JS_MLE_TIC|tic=2347|mle_ms=2.945
PMLE_WASM2JS_MLE_TIC|tic=2348|mle_ms=3.552
PMLE_WASM2JS_MLE_TIC|tic=2349|mle_ms=13.316
PMLE_WASM2JS_MLE_TIC|tic=2350|mle_ms=3
PMLE_WASM2JS_MLE_TIC|tic=2351|mle_ms=14.401
PMLE_WASM2JS_MLE_TIC|tic=2352|mle_ms=13.971
PMLE_WASM2JS_MLE_TIC|tic=2353|mle_ms=4.51
PMLE_WASM2JS_MLE_TIC|tic=2354|mle_ms=20.698
PMLE_WASM2JS_MLE_TIC|tic=2355|mle_ms=15.639
PMLE_WASM2JS_MLE_TIC|tic=2356|mle_ms=5.672
PMLE_WASM2JS_MLE_TIC|tic=2357|mle_ms=15.168
PMLE_WASM2JS_MLE_TIC|tic=2358|mle_ms=13.472
PMLE_WASM2JS_MLE_TIC|tic=2359|mle_ms=5.018
PMLE_WASM2JS_MLE_TIC|tic=2360|mle_ms=16.29
PMLE_WASM2JS_MLE_TIC|tic=2361|mle_ms=15.39
PMLE_WASM2JS_MLE_TIC|tic=2362|mle_ms=3.136
PMLE_WASM2JS_MLE_TIC|tic=2363|mle_ms=16.147
PMLE_WASM2JS_MLE_TIC|tic=2364|mle_ms=16.651
PMLE_WASM2JS_MLE_TIC|tic=2365|mle_ms=5.263
PMLE_WASM2JS_MLE_TIC|tic=2366|mle_ms=18.07
PMLE_WASM2JS_MLE_TIC|tic=2367|mle_ms=15.371
PMLE_WASM2JS_MLE_TIC|tic=2368|mle_ms=4.251
PMLE_WASM2JS_MLE_TIC|tic=2369|mle_ms=15.646
PMLE_WASM2JS_MLE_TIC|tic=2370|mle_ms=15.583
PMLE_WASM2JS_MLE_TIC|tic=2371|mle_ms=4.221
PMLE_WASM2JS_MLE_TIC|tic=2372|mle_ms=17.359
PMLE_WASM2JS_MLE_TIC|tic=2373|mle_ms=17.295
PMLE_WASM2JS_MLE_TIC|tic=2374|mle_ms=4.877
PMLE_WASM2JS_MLE_TIC|tic=2375|mle_ms=15.03
PMLE_WASM2JS_MLE_TIC|tic=2376|mle_ms=18.036
PMLE_WASM2JS_MLE_TIC|tic=2377|mle_ms=4.1
PMLE_WASM2JS_MLE_TIC|tic=2378|mle_ms=15.051
PMLE_WASM2JS_MLE_TIC|tic=2379|mle_ms=15.387
PMLE_WASM2JS_MLE_TIC|tic=2380|mle_ms=4.15
PMLE_WASM2JS_MLE_TIC|tic=2381|mle_ms=17.253
PMLE_WASM2JS_MLE_TIC|tic=2382|mle_ms=15.6
PMLE_WASM2JS_MLE_TIC|tic=2383|mle_ms=5.742
PMLE_WASM2JS_MLE_TIC|tic=2384|mle_ms=17.251
PMLE_WASM2JS_MLE_TIC|tic=2385|mle_ms=15.316
PMLE_WASM2JS_MLE_TIC|tic=2386|mle_ms=6.728
PMLE_WASM2JS_MLE_TIC|tic=2387|mle_ms=14.747
PMLE_WASM2JS_MLE_TIC|tic=2388|mle_ms=22.843
PMLE_WASM2JS_MLE_TIC|tic=2389|mle_ms=4.171
PMLE_WASM2JS_MLE_TIC|tic=2390|mle_ms=14.296
PMLE_WASM2JS_MLE_TIC|tic=2391|mle_ms=15.407
PMLE_WASM2JS_MLE_TIC|tic=2392|mle_ms=4.248
PMLE_WASM2JS_MLE_TIC|tic=2393|mle_ms=15.973
PMLE_WASM2JS_MLE_TIC|tic=2394|mle_ms=16.214
PMLE_WASM2JS_MLE_TIC|tic=2395|mle_ms=4.189
PMLE_WASM2JS_MLE_TIC|tic=2396|mle_ms=19.268
PMLE_WASM2JS_MLE_TIC|tic=2397|mle_ms=16.106
PMLE_WASM2JS_MLE_TIC|tic=2398|mle_ms=4.068
PMLE_WASM2JS_MLE_TIC|tic=2399|mle_ms=14.506
PMLE_WASM2JS_MLE_TIC|tic=2400|mle_ms=17.133
PMLE_WASM2JS_MLE_TIC|tic=2401|mle_ms=4.196
PMLE_WASM2JS_MLE_TIC|tic=2402|mle_ms=14.972
PMLE_WASM2JS_MLE_TIC|tic=2403|mle_ms=16.925
PMLE_WASM2JS_MLE_TIC|tic=2404|mle_ms=4.881
PMLE_WASM2JS_MLE_TIC|tic=2405|mle_ms=17.009
PMLE_WASM2JS_MLE_TIC|tic=2406|mle_ms=17.962
PMLE_WASM2JS_MLE_TIC|tic=2407|mle_ms=4.086
PMLE_WASM2JS_MLE_TIC|tic=2408|mle_ms=15.472
PMLE_WASM2JS_MLE_TIC|tic=2409|mle_ms=15.897
PMLE_WASM2JS_MLE_TIC|tic=2410|mle_ms=4.713
PMLE_WASM2JS_MLE_TIC|tic=2411|mle_ms=15.534
PMLE_WASM2JS_MLE_TIC|tic=2412|mle_ms=18.597
PMLE_WASM2JS_MLE_TIC|tic=2413|mle_ms=5.565
PMLE_WASM2JS_MLE_TIC|tic=2414|mle_ms=15.763
PMLE_WASM2JS_MLE_TIC|tic=2415|mle_ms=15.961
PMLE_WASM2JS_MLE_TIC|tic=2416|mle_ms=6.238
PMLE_WASM2JS_MLE_TIC|tic=2417|mle_ms=14.977
PMLE_WASM2JS_MLE_TIC|tic=2418|mle_ms=15.827
PMLE_WASM2JS_MLE_TIC|tic=2419|mle_ms=4.734
PMLE_WASM2JS_MLE_TIC|tic=2420|mle_ms=16.911
PMLE_WASM2JS_MLE_TIC|tic=2421|mle_ms=19.807
PMLE_WASM2JS_MLE_TIC|tic=2422|mle_ms=4.705
PMLE_WASM2JS_MLE_TIC|tic=2423|mle_ms=17.29
PMLE_WASM2JS_MLE_TIC|tic=2424|mle_ms=17.551
PMLE_WASM2JS_MLE_TIC|tic=2425|mle_ms=4.541
PMLE_WASM2JS_MLE_TIC|tic=2426|mle_ms=22.237
PMLE_WASM2JS_MLE_TIC|tic=2427|mle_ms=17.035
PMLE_WASM2JS_MLE_TIC|tic=2428|mle_ms=2.99
PMLE_WASM2JS_MLE_TIC|tic=2429|mle_ms=17.665
PMLE_WASM2JS_MLE_TIC|tic=2430|mle_ms=12.454
PMLE_WASM2JS_MLE_TIC|tic=2431|mle_ms=8.302
PMLE_WASM2JS_MLE_TIC|tic=2432|mle_ms=17.429
PMLE_WASM2JS_MLE_TIC|tic=2433|mle_ms=17.935
PMLE_WASM2JS_MLE_TIC|tic=2434|mle_ms=4.457
PMLE_WASM2JS_MLE_TIC|tic=2435|mle_ms=16.662
PMLE_WASM2JS_MLE_TIC|tic=2436|mle_ms=11.4
PMLE_WASM2JS_MLE_TIC|tic=2437|mle_ms=2.731
PMLE_WASM2JS_MLE_TIC|tic=2438|mle_ms=10.38
PMLE_WASM2JS_MLE_TIC|tic=2439|mle_ms=8.874
PMLE_WASM2JS_MLE_TIC|tic=2440|mle_ms=2.735
PMLE_WASM2JS_MLE_TIC|tic=2441|mle_ms=13.657
PMLE_WASM2JS_MLE_TIC|tic=2442|mle_ms=8.751
PMLE_WASM2JS_MLE_TIC|tic=2443|mle_ms=9.369
PMLE_WASM2JS_MLE_TIC|tic=2444|mle_ms=9.856
PMLE_WASM2JS_MLE_TIC|tic=2445|mle_ms=15.839
PMLE_WASM2JS_MLE_TIC|tic=2446|mle_ms=5.177
PMLE_WASM2JS_MLE_TIC|tic=2447|mle_ms=8.396
PMLE_WASM2JS_MLE_TIC|tic=2448|mle_ms=8.386
PMLE_WASM2JS_MLE_TIC|tic=2449|mle_ms=3.022
PMLE_WASM2JS_MLE_TIC|tic=2450|mle_ms=8.232
PMLE_WASM2JS_MLE_TIC|tic=2451|mle_ms=38.348
PMLE_WASM2JS_MLE_TIC|tic=2452|mle_ms=3.291
PMLE_WASM2JS_MLE_TIC|tic=2453|mle_ms=15.684
PMLE_WASM2JS_MLE_TIC|tic=2454|mle_ms=12.208
PMLE_WASM2JS_MLE_TIC|tic=2455|mle_ms=3.134
PMLE_WASM2JS_MLE_TIC|tic=2456|mle_ms=12.839
PMLE_WASM2JS_MLE_TIC|tic=2457|mle_ms=8.499
PMLE_WASM2JS_MLE_TIC|tic=2458|mle_ms=3.043
PMLE_WASM2JS_MLE_TIC|tic=2459|mle_ms=10.519
PMLE_WASM2JS_MLE_TIC|tic=2460|mle_ms=8.615
PMLE_WASM2JS_MLE_TIC|tic=2461|mle_ms=8.729
PMLE_WASM2JS_MLE_TIC|tic=2462|mle_ms=8.336
PMLE_WASM2JS_MLE_TIC|tic=2463|mle_ms=15.747
PMLE_WASM2JS_MLE_TIC|tic=2464|mle_ms=4.87
PMLE_WASM2JS_MLE_TIC|tic=2465|mle_ms=10.119
PMLE_WASM2JS_MLE_TIC|tic=2466|mle_ms=15.081
PMLE_WASM2JS_MLE_TIC|tic=2467|mle_ms=2.962
PMLE_WASM2JS_MLE_TIC|tic=2468|mle_ms=8.162
PMLE_WASM2JS_MLE_TIC|tic=2469|mle_ms=8.799
PMLE_WASM2JS_MLE_TIC|tic=2470|mle_ms=3.048
PMLE_WASM2JS_MLE_TIC|tic=2471|mle_ms=13.811
PMLE_WASM2JS_MLE_TIC|tic=2472|mle_ms=8.792
PMLE_WASM2JS_MLE_TIC|tic=2473|mle_ms=10.233
PMLE_WASM2JS_MLE_TIC|tic=2474|mle_ms=10.295
PMLE_WASM2JS_MLE_TIC|tic=2475|mle_ms=8.698
PMLE_WASM2JS_MLE_TIC|tic=2476|mle_ms=9.885
PMLE_WASM2JS_MLE_TIC|tic=2477|mle_ms=8.251
PMLE_WASM2JS_MLE_TIC|tic=2478|mle_ms=8.753
PMLE_WASM2JS_MLE_TIC|tic=2479|mle_ms=3.459
PMLE_WASM2JS_MLE_TIC|tic=2480|mle_ms=7.872
PMLE_WASM2JS_MLE_TIC|tic=2481|mle_ms=14.226
PMLE_WASM2JS_MLE_TIC|tic=2482|mle_ms=3.328
PMLE_WASM2JS_MLE_TIC|tic=2483|mle_ms=10.18
PMLE_WASM2JS_MLE_TIC|tic=2484|mle_ms=10.475
PMLE_WASM2JS_MLE_TIC|tic=2485|mle_ms=3.27
PMLE_WASM2JS_MLE_TIC|tic=2486|mle_ms=7.822
PMLE_WASM2JS_MLE_TIC|tic=2487|mle_ms=15.348
PMLE_WASM2JS_MLE_TIC|tic=2488|mle_ms=2.943
PMLE_WASM2JS_MLE_TIC|tic=2489|mle_ms=3.123
PMLE_WASM2JS_MLE_TIC|tic=2490|mle_ms=8.402
PMLE_WASM2JS_MLE_TIC|tic=2491|mle_ms=8.424
PMLE_WASM2JS_MLE_TIC|tic=2492|mle_ms=2.963
PMLE_WASM2JS_MLE_TIC|tic=2493|mle_ms=15.397
PMLE_WASM2JS_MLE_TIC|tic=2494|mle_ms=4.614
PMLE_WASM2JS_MLE_TIC|tic=2495|mle_ms=2.859
PMLE_WASM2JS_MLE_TIC|tic=2496|mle_ms=14.085
PMLE_WASM2JS_MLE_TIC|tic=2497|mle_ms=3.231
PMLE_WASM2JS_MLE_TIC|tic=2498|mle_ms=3.155
PMLE_WASM2JS_MLE_TIC|tic=2499|mle_ms=9
PMLE_WASM2JS_MLE_TIC|tic=2500|mle_ms=3.218
PMLE_WASM2JS_MLE_TIC|tic=2501|mle_ms=8.549
PMLE_WASM2JS_MLE_TIC|tic=2502|mle_ms=10.966
PMLE_WASM2JS_MLE_TIC|tic=2503|mle_ms=10.016
PMLE_WASM2JS_MLE_TIC|tic=2504|mle_ms=4.69
PMLE_WASM2JS_MLE_TIC|tic=2505|mle_ms=13.382
PMLE_WASM2JS_MLE_TIC|tic=2506|mle_ms=7.595
PMLE_WASM2JS_MLE_TIC|tic=2507|mle_ms=2.835
PMLE_WASM2JS_MLE_TIC|tic=2508|mle_ms=13.142
PMLE_WASM2JS_MLE_TIC|tic=2509|mle_ms=3.193
PMLE_WASM2JS_MLE_TIC|tic=2510|mle_ms=2.847
PMLE_WASM2JS_MLE_TIC|tic=2511|mle_ms=19.136
PMLE_WASM2JS_MLE_TIC|tic=2512|mle_ms=3.087
PMLE_WASM2JS_MLE_TIC|tic=2513|mle_ms=11.874
PMLE_WASM2JS_MLE_TIC|tic=2514|mle_ms=19.632
PMLE_WASM2JS_MLE_TIC|tic=2515|mle_ms=2.966
PMLE_WASM2JS_MLE_TIC|tic=2516|mle_ms=7.588
PMLE_WASM2JS_MLE_TIC|tic=2517|mle_ms=13.146
PMLE_WASM2JS_MLE_TIC|tic=2518|mle_ms=2.844
PMLE_WASM2JS_MLE_TIC|tic=2519|mle_ms=3.117
PMLE_WASM2JS_MLE_TIC|tic=2520|mle_ms=14.933
PMLE_WASM2JS_MLE_TIC|tic=2521|mle_ms=8.497
PMLE_WASM2JS_MLE_TIC|tic=2522|mle_ms=2.915
PMLE_WASM2JS_MLE_TIC|tic=2523|mle_ms=22.475
PMLE_WASM2JS_MLE_TIC|tic=2524|mle_ms=4.636
PMLE_WASM2JS_MLE_TIC|tic=2525|mle_ms=2.859
PMLE_WASM2JS_MLE_TIC|tic=2526|mle_ms=19.651
PMLE_WASM2JS_MLE_TIC|tic=2527|mle_ms=2.843
PMLE_WASM2JS_MLE_TIC|tic=2528|mle_ms=2.741
PMLE_WASM2JS_MLE_TIC|tic=2529|mle_ms=14.54
PMLE_WASM2JS_MLE_TIC|tic=2530|mle_ms=2.874
PMLE_WASM2JS_MLE_TIC|tic=2531|mle_ms=8.387
PMLE_WASM2JS_MLE_TIC|tic=2532|mle_ms=15.448
PMLE_WASM2JS_MLE_TIC|tic=2533|mle_ms=11.859
PMLE_WASM2JS_MLE_TIC|tic=2534|mle_ms=4.506
PMLE_WASM2JS_MLE_TIC|tic=2535|mle_ms=14.857
PMLE_WASM2JS_MLE_TIC|tic=2536|mle_ms=7.362
PMLE_WASM2JS_MLE_TIC|tic=2537|mle_ms=2.731
PMLE_WASM2JS_MLE_TIC|tic=2538|mle_ms=17.856
PMLE_WASM2JS_MLE_TIC|tic=2539|mle_ms=3.124
PMLE_WASM2JS_MLE_TIC|tic=2540|mle_ms=2.704
PMLE_WASM2JS_MLE_TIC|tic=2541|mle_ms=25.907
PMLE_WASM2JS_MLE_TIC|tic=2542|mle_ms=2.996
PMLE_WASM2JS_MLE_TIC|tic=2543|mle_ms=11.695
PMLE_WASM2JS_MLE_TIC|tic=2544|mle_ms=14.687
PMLE_WASM2JS_MLE_TIC|tic=2545|mle_ms=2.839
PMLE_WASM2JS_MLE_TIC|tic=2546|mle_ms=7.378
PMLE_WASM2JS_MLE_TIC|tic=2547|mle_ms=7.846
PMLE_WASM2JS_MLE_TIC|tic=2548|mle_ms=2.757
PMLE_WASM2JS_MLE_TIC|tic=2549|mle_ms=3.014
PMLE_WASM2JS_MLE_TIC|tic=2550|mle_ms=7.924
PMLE_WASM2JS_MLE_TIC|tic=2551|mle_ms=8.414
PMLE_WASM2JS_MLE_TIC|tic=2552|mle_ms=2.929
PMLE_WASM2JS_MLE_TIC|tic=2553|mle_ms=14.976
PMLE_WASM2JS_MLE_TIC|tic=2554|mle_ms=4.536
PMLE_WASM2JS_MLE_TIC|tic=2555|mle_ms=2.799
PMLE_WASM2JS_MLE_TIC|tic=2556|mle_ms=14.518
PMLE_WASM2JS_MLE_TIC|tic=2557|mle_ms=2.812
PMLE_WASM2JS_MLE_TIC|tic=2558|mle_ms=2.765
PMLE_WASM2JS_MLE_TIC|tic=2559|mle_ms=8.268
PMLE_WASM2JS_MLE_TIC|tic=2560|mle_ms=3.911
PMLE_WASM2JS_MLE_TIC|tic=2561|mle_ms=8.767
PMLE_WASM2JS_MLE_TIC|tic=2562|mle_ms=8.567
PMLE_WASM2JS_MLE_TIC|tic=2563|mle_ms=10.295
PMLE_WASM2JS_MLE_TIC|tic=2564|mle_ms=4.973
PMLE_WASM2JS_MLE_TIC|tic=2565|mle_ms=8.591
PMLE_WASM2JS_MLE_TIC|tic=2566|mle_ms=9.831
PMLE_WASM2JS_MLE_TIC|tic=2567|mle_ms=3.213
PMLE_WASM2JS_MLE_TIC|tic=2568|mle_ms=8.472
PMLE_WASM2JS_MLE_TIC|tic=2569|mle_ms=11.319
PMLE_WASM2JS_MLE_TIC|tic=2570|mle_ms=3.573
PMLE_WASM2JS_MLE_TIC|tic=2571|mle_ms=9.062
PMLE_WASM2JS_MLE_TIC|tic=2572|mle_ms=10.653
PMLE_WASM2JS_MLE_TIC|tic=2573|mle_ms=10.472
PMLE_WASM2JS_MLE_TIC|tic=2574|mle_ms=5.238
PMLE_WASM2JS_MLE_TIC|tic=2575|mle_ms=9.047
PMLE_WASM2JS_MLE_TIC|tic=2576|mle_ms=7.992
PMLE_WASM2JS_MLE_TIC|tic=2577|mle_ms=3.305
PMLE_WASM2JS_MLE_TIC|tic=2578|mle_ms=11.724
PMLE_WASM2JS_MLE_TIC|tic=2579|mle_ms=4.803
PMLE_WASM2JS_MLE_TIC|tic=2580|mle_ms=4.454
PMLE_WASM2JS_MLE_TIC|tic=2581|mle_ms=17.552
PMLE_WASM2JS_MLE_TIC|tic=2582|mle_ms=4.679
PMLE_WASM2JS_MLE_TIC|tic=2583|mle_ms=11.623
PMLE_WASM2JS_MLE_TIC|tic=2584|mle_ms=12.951
PMLE_WASM2JS_MLE_TIC|tic=2585|mle_ms=5.01
PMLE_WASM2JS_MLE_TIC|tic=2586|mle_ms=9.569
PMLE_WASM2JS_MLE_TIC|tic=2587|mle_ms=10.521
PMLE_WASM2JS_MLE_TIC|tic=2588|mle_ms=5.027
PMLE_WASM2JS_MLE_TIC|tic=2589|mle_ms=5.257
PMLE_WASM2JS_MLE_TIC|tic=2590|mle_ms=11.329
PMLE_WASM2JS_MLE_TIC|tic=2591|mle_ms=12.194
PMLE_WASM2JS_MLE_TIC|tic=2592|mle_ms=5.254
PMLE_WASM2JS_MLE_TIC|tic=2593|mle_ms=23.319
PMLE_WASM2JS_MLE_TIC|tic=2594|mle_ms=6.944
PMLE_WASM2JS_MLE_TIC|tic=2595|mle_ms=5.138
PMLE_WASM2JS_MLE_TIC|tic=2596|mle_ms=19.26
PMLE_WASM2JS_MLE_TIC|tic=2597|mle_ms=5.023
PMLE_WASM2JS_MLE_TIC|tic=2598|mle_ms=4.948
PMLE_WASM2JS_MLE_TIC|tic=2599|mle_ms=23.178
PMLE_WASM2JS_MLE_TIC|tic=2600|mle_ms=5.205
PMLE_WASM2JS_MLE_TIC|tic=2601|mle_ms=10.776
PMLE_WASM2JS_MLE_TIC|tic=2602|mle_ms=26.994
PMLE_WASM2JS_MLE_TIC|tic=2603|mle_ms=8.04
PMLE_WASM2JS_MLE_TIC|tic=2604|mle_ms=7.244
PMLE_WASM2JS_MLE_TIC|tic=2605|mle_ms=25.287
PMLE_WASM2JS_MLE_TIC|tic=2606|mle_ms=7.907
PMLE_WASM2JS_MLE_TIC|tic=2607|mle_ms=5.401
PMLE_WASM2JS_MLE_TIC|tic=2608|mle_ms=25.102
PMLE_WASM2JS_MLE_TIC|tic=2609|mle_ms=5.848
PMLE_WASM2JS_MLE_TIC|tic=2610|mle_ms=5.625
PMLE_WASM2JS_MLE_TIC|tic=2611|mle_ms=34.01
PMLE_WASM2JS_MLE_TIC|tic=2612|mle_ms=5.836
PMLE_WASM2JS_MLE_TIC|tic=2613|mle_ms=10.391
PMLE_WASM2JS_MLE_TIC|tic=2614|mle_ms=38.661
PMLE_WASM2JS_MLE_TIC|tic=2615|mle_ms=7.442
PMLE_WASM2JS_MLE_TIC|tic=2616|mle_ms=9.795
PMLE_WASM2JS_MLE_TIC|tic=2617|mle_ms=29.39
PMLE_WASM2JS_MLE_TIC|tic=2618|mle_ms=5.848
PMLE_WASM2JS_MLE_TIC|tic=2619|mle_ms=5.96
PMLE_WASM2JS_MLE_TIC|tic=2620|mle_ms=27.588
PMLE_WASM2JS_MLE_TIC|tic=2621|mle_ms=10.944
PMLE_WASM2JS_MLE_TIC|tic=2622|mle_ms=5.741
PMLE_WASM2JS_MLE_TIC|tic=2623|mle_ms=32.864
PMLE_WASM2JS_MLE_TIC|tic=2624|mle_ms=7.485
PMLE_WASM2JS_MLE_TIC|tic=2625|mle_ms=5.46
PMLE_WASM2JS_MLE_TIC|tic=2626|mle_ms=30.363
PMLE_WASM2JS_MLE_TIC|tic=2627|mle_ms=5.507
PMLE_WASM2JS_MLE_TIC|tic=2628|mle_ms=5.438
PMLE_WASM2JS_MLE_TIC|tic=2629|mle_ms=31.211
PMLE_WASM2JS_MLE_TIC|tic=2630|mle_ms=5.586
PMLE_WASM2JS_MLE_TIC|tic=2631|mle_ms=10.701
PMLE_WASM2JS_MLE_TIC|tic=2632|mle_ms=36.739
PMLE_WASM2JS_MLE_TIC|tic=2633|mle_ms=10.057
PMLE_WASM2JS_MLE_TIC|tic=2634|mle_ms=7.381
PMLE_WASM2JS_MLE_TIC|tic=2635|mle_ms=32.464
PMLE_WASM2JS_MLE_TIC|tic=2636|mle_ms=8.132
PMLE_WASM2JS_MLE_TIC|tic=2637|mle_ms=5.59
PMLE_WASM2JS_MLE_TIC|tic=2638|mle_ms=28.764
PMLE_WASM2JS_MLE_TIC|tic=2639|mle_ms=5.385
PMLE_WASM2JS_MLE_TIC|tic=2640|mle_ms=5.058
PMLE_WASM2JS_MLE_TIC|tic=2641|mle_ms=31.234
PMLE_WASM2JS_MLE_TIC|tic=2642|mle_ms=3.692
PMLE_WASM2JS_MLE_TIC|tic=2643|mle_ms=6.027
PMLE_WASM2JS_MLE_TIC|tic=2644|mle_ms=31.14
PMLE_WASM2JS_MLE_TIC|tic=2645|mle_ms=3.685
PMLE_WASM2JS_MLE_TIC|tic=2646|mle_ms=6.025
PMLE_WASM2JS_MLE_TIC|tic=2647|mle_ms=25.288
PMLE_WASM2JS_MLE_TIC|tic=2648|mle_ms=3.665
PMLE_WASM2JS_MLE_TIC|tic=2649|mle_ms=3.767
PMLE_WASM2JS_MLE_TIC|tic=2650|mle_ms=25.418
PMLE_WASM2JS_MLE_TIC|tic=2651|mle_ms=10.447
PMLE_WASM2JS_MLE_TIC|tic=2652|mle_ms=3.612
PMLE_WASM2JS_MLE_TIC|tic=2653|mle_ms=27.724
PMLE_WASM2JS_MLE_TIC|tic=2654|mle_ms=5.252
PMLE_WASM2JS_MLE_TIC|tic=2655|mle_ms=3.408
PMLE_WASM2JS_MLE_TIC|tic=2656|mle_ms=29.498
PMLE_WASM2JS_MLE_TIC|tic=2657|mle_ms=3.562
PMLE_WASM2JS_MLE_TIC|tic=2658|mle_ms=3.486
PMLE_WASM2JS_MLE_TIC|tic=2659|mle_ms=27.252
PMLE_WASM2JS_MLE_TIC|tic=2660|mle_ms=3.648
PMLE_WASM2JS_MLE_TIC|tic=2661|mle_ms=8.65
PMLE_WASM2JS_MLE_TIC|tic=2662|mle_ms=25.615
PMLE_WASM2JS_MLE_TIC|tic=2663|mle_ms=5.837
PMLE_WASM2JS_MLE_TIC|tic=2664|mle_ms=4.87
PMLE_WASM2JS_MLE_TIC|tic=2665|mle_ms=26.814
PMLE_WASM2JS_MLE_TIC|tic=2666|mle_ms=5.547
PMLE_WASM2JS_MLE_TIC|tic=2667|mle_ms=2.93
PMLE_WASM2JS_MLE_TIC|tic=2668|mle_ms=24.986
PMLE_WASM2JS_MLE_TIC|tic=2669|mle_ms=3.372
PMLE_WASM2JS_MLE_TIC|tic=2670|mle_ms=3.074
PMLE_WASM2JS_MLE_TIC|tic=2671|mle_ms=31.877
PMLE_WASM2JS_MLE_TIC|tic=2672|mle_ms=3.271
PMLE_WASM2JS_MLE_TIC|tic=2673|mle_ms=5.718
PMLE_WASM2JS_MLE_TIC|tic=2674|mle_ms=26.765
PMLE_WASM2JS_MLE_TIC|tic=2675|mle_ms=3.393
PMLE_WASM2JS_MLE_TIC|tic=2676|mle_ms=5.668
PMLE_WASM2JS_MLE_TIC|tic=2677|mle_ms=27
PMLE_WASM2JS_MLE_TIC|tic=2678|mle_ms=3.25
PMLE_WASM2JS_MLE_TIC|tic=2679|mle_ms=3.426
PMLE_WASM2JS_MLE_TIC|tic=2680|mle_ms=25.058
PMLE_WASM2JS_MLE_TIC|tic=2681|mle_ms=8.485
PMLE_WASM2JS_MLE_TIC|tic=2682|mle_ms=3.311
PMLE_WASM2JS_MLE_TIC|tic=2683|mle_ms=29.383
PMLE_WASM2JS_MLE_TIC|tic=2684|mle_ms=4.973
PMLE_WASM2JS_MLE_TIC|tic=2685|mle_ms=3.217
PMLE_WASM2JS_MLE_TIC|tic=2686|mle_ms=27.424
PMLE_WASM2JS_MLE_TIC|tic=2687|mle_ms=3.143
PMLE_WASM2JS_MLE_TIC|tic=2688|mle_ms=3.076
PMLE_WASM2JS_MLE_TIC|tic=2689|mle_ms=26.303
PMLE_WASM2JS_MLE_TIC|tic=2690|mle_ms=4.755
PMLE_WASM2JS_MLE_TIC|tic=2691|mle_ms=8.059
PMLE_WASM2JS_MLE_TIC|tic=2692|mle_ms=25.855
PMLE_WASM2JS_MLE_TIC|tic=2693|mle_ms=5.663
PMLE_WASM2JS_MLE_TIC|tic=2694|mle_ms=4.776
PMLE_WASM2JS_MLE_TIC|tic=2695|mle_ms=25.707
PMLE_WASM2JS_MLE_TIC|tic=2696|mle_ms=7.065
PMLE_WASM2JS_MLE_TIC|tic=2697|mle_ms=2.85
PMLE_WASM2JS_MLE_TIC|tic=2698|mle_ms=25.374
PMLE_WASM2JS_MLE_TIC|tic=2699|mle_ms=3.297
PMLE_WASM2JS_MLE_TIC|tic=2700|mle_ms=2.931
PMLE_WASM2JS_MLE_TIC|tic=2701|mle_ms=30.9
PMLE_WASM2JS_MLE_TIC|tic=2702|mle_ms=3.337
PMLE_WASM2JS_MLE_TIC|tic=2703|mle_ms=7.248
PMLE_WASM2JS_MLE_TIC|tic=2704|mle_ms=27.26
PMLE_WASM2JS_MLE_TIC|tic=2705|mle_ms=3.2
PMLE_WASM2JS_MLE_TIC|tic=2706|mle_ms=5.519
PMLE_WASM2JS_MLE_TIC|tic=2707|mle_ms=27.105
PMLE_WASM2JS_MLE_TIC|tic=2708|mle_ms=3.154
PMLE_WASM2JS_MLE_TIC|tic=2709|mle_ms=3.324
PMLE_WASM2JS_MLE_TIC|tic=2710|mle_ms=34.32
PMLE_WASM2JS_MLE_TIC|tic=2711|mle_ms=8.434
PMLE_WASM2JS_MLE_TIC|tic=2712|mle_ms=3.355
PMLE_WASM2JS_MLE_TIC|tic=2713|mle_ms=31.555
PMLE_WASM2JS_MLE_TIC|tic=2714|mle_ms=4.964
PMLE_WASM2JS_MLE_TIC|tic=2715|mle_ms=3.176
PMLE_WASM2JS_MLE_TIC|tic=2716|mle_ms=27.985
PMLE_WASM2JS_MLE_TIC|tic=2717|mle_ms=3.175
PMLE_WASM2JS_MLE_TIC|tic=2718|mle_ms=3.104
PMLE_WASM2JS_MLE_TIC|tic=2719|mle_ms=27.521
PMLE_WASM2JS_MLE_TIC|tic=2720|mle_ms=3.156
PMLE_WASM2JS_MLE_TIC|tic=2721|mle_ms=8.183
PMLE_WASM2JS_MLE_TIC|tic=2722|mle_ms=25.512
PMLE_WASM2JS_MLE_TIC|tic=2723|mle_ms=5.66
PMLE_WASM2JS_MLE_TIC|tic=2724|mle_ms=4.683
PMLE_WASM2JS_MLE_TIC|tic=2725|mle_ms=26.768
PMLE_WASM2JS_MLE_TIC|tic=2726|mle_ms=5.198
PMLE_WASM2JS_MLE_TIC|tic=2727|mle_ms=2.663
PMLE_WASM2JS_MLE_TIC|tic=2728|mle_ms=31.937
PMLE_WASM2JS_MLE_TIC|tic=2729|mle_ms=3.135
PMLE_WASM2JS_MLE_TIC|tic=2730|mle_ms=2.752
PMLE_WASM2JS_MLE_TIC|tic=2731|mle_ms=32.239
PMLE_WASM2JS_MLE_TIC|tic=2732|mle_ms=2.933
PMLE_WASM2JS_MLE_TIC|tic=2733|mle_ms=5.282
PMLE_WASM2JS_MLE_TIC|tic=2734|mle_ms=29.219
PMLE_WASM2JS_MLE_TIC|tic=2735|mle_ms=2.836
PMLE_WASM2JS_MLE_TIC|tic=2736|mle_ms=5.094
PMLE_WASM2JS_MLE_TIC|tic=2737|mle_ms=27.11
PMLE_WASM2JS_MLE_TIC|tic=2738|mle_ms=2.779
PMLE_WASM2JS_MLE_TIC|tic=2739|mle_ms=2.946
PMLE_WASM2JS_MLE_TIC|tic=2740|mle_ms=25.583
PMLE_WASM2JS_MLE_TIC|tic=2741|mle_ms=7.99
PMLE_WASM2JS_MLE_TIC|tic=2742|mle_ms=2.932
PMLE_WASM2JS_MLE_TIC|tic=2743|mle_ms=31.652
PMLE_WASM2JS_MLE_TIC|tic=2744|mle_ms=4.539
PMLE_WASM2JS_MLE_TIC|tic=2745|mle_ms=2.785
PMLE_WASM2JS_MLE_TIC|tic=2746|mle_ms=28.041
PMLE_WASM2JS_MLE_TIC|tic=2747|mle_ms=2.809
PMLE_WASM2JS_MLE_TIC|tic=2748|mle_ms=2.714
PMLE_WASM2JS_MLE_TIC|tic=2749|mle_ms=29.249
PMLE_WASM2JS_MLE_TIC|tic=2750|mle_ms=2.817
PMLE_WASM2JS_MLE_TIC|tic=2751|mle_ms=7.829
PMLE_WASM2JS_MLE_TIC|tic=2752|mle_ms=34.246
PMLE_WASM2JS_MLE_TIC|tic=2753|mle_ms=7.088
PMLE_WASM2JS_MLE_TIC|tic=2754|mle_ms=4.595
PMLE_WASM2JS_MLE_TIC|tic=2755|mle_ms=28.317
PMLE_WASM2JS_MLE_TIC|tic=2756|mle_ms=5.275
PMLE_WASM2JS_MLE_TIC|tic=2757|mle_ms=2.385
PMLE_WASM2JS_MLE_TIC|tic=2758|mle_ms=36.774
PMLE_WASM2JS_MLE_TIC|tic=2759|mle_ms=2.817
PMLE_WASM2JS_MLE_TIC|tic=2760|mle_ms=2.413
PMLE_WASM2JS_MLE_TIC|tic=2761|mle_ms=34.099
PMLE_WASM2JS_MLE_TIC|tic=2762|mle_ms=2.698
PMLE_WASM2JS_MLE_TIC|tic=2763|mle_ms=5.018
PMLE_WASM2JS_MLE_TIC|tic=2764|mle_ms=30.317
PMLE_WASM2JS_MLE_TIC|tic=2765|mle_ms=2.552
PMLE_WASM2JS_MLE_TIC|tic=2766|mle_ms=4.893
PMLE_WASM2JS_MLE_TIC|tic=2767|mle_ms=27.366
PMLE_WASM2JS_MLE_TIC|tic=2768|mle_ms=2.495
PMLE_WASM2JS_MLE_TIC|tic=2769|mle_ms=2.679
PMLE_WASM2JS_MLE_TIC|tic=2770|mle_ms=28.367
PMLE_WASM2JS_MLE_TIC|tic=2771|mle_ms=7.678
PMLE_WASM2JS_MLE_TIC|tic=2772|mle_ms=2.634
PMLE_WASM2JS_MLE_TIC|tic=2773|mle_ms=36.149
PMLE_WASM2JS_MLE_TIC|tic=2774|mle_ms=4.255
PMLE_WASM2JS_MLE_TIC|tic=2775|mle_ms=2.438
PMLE_WASM2JS_MLE_TIC|tic=2776|mle_ms=27.534
PMLE_WASM2JS_MLE_TIC|tic=2777|mle_ms=2.458
PMLE_WASM2JS_MLE_TIC|tic=2778|mle_ms=2.362
PMLE_WASM2JS_MLE_TIC|tic=2779|mle_ms=28.705
PMLE_WASM2JS_MLE_TIC|tic=2780|mle_ms=2.498
PMLE_WASM2JS_MLE_TIC|tic=2781|mle_ms=7.485
PMLE_WASM2JS_MLE_TIC|tic=2782|mle_ms=25.43
PMLE_WASM2JS_MLE_TIC|tic=2783|mle_ms=5.081
PMLE_WASM2JS_MLE_TIC|tic=2784|mle_ms=4.151
PMLE_WASM2JS_MLE_TIC|tic=2785|mle_ms=26.708
PMLE_WASM2JS_MLE_TIC|tic=2786|mle_ms=4.893
PMLE_WASM2JS_MLE_TIC|tic=2787|mle_ms=2.349
PMLE_WASM2JS_MLE_TIC|tic=2788|mle_ms=30.923
PMLE_WASM2JS_MLE_TIC|tic=2789|mle_ms=2.811
PMLE_WASM2JS_MLE_TIC|tic=2790|mle_ms=2.426
PMLE_WASM2JS_MLE_TIC|tic=2791|mle_ms=31.717
PMLE_WASM2JS_MLE_TIC|tic=2792|mle_ms=2.634
PMLE_WASM2JS_MLE_TIC|tic=2793|mle_ms=4.948
PMLE_WASM2JS_MLE_TIC|tic=2794|mle_ms=28.051
PMLE_WASM2JS_MLE_TIC|tic=2795|mle_ms=2.525
PMLE_WASM2JS_MLE_TIC|tic=2796|mle_ms=4.783
PMLE_WASM2JS_MLE_TIC|tic=2797|mle_ms=30.332
PMLE_WASM2JS_MLE_TIC|tic=2798|mle_ms=2.506
PMLE_WASM2JS_MLE_TIC|tic=2799|mle_ms=2.643
PMLE_WASM2JS_MLE_TIC|tic=2800|mle_ms=32.505
PMLE_WASM2JS_MLE_TIC|tic=2801|mle_ms=7.621
PMLE_WASM2JS_MLE_TIC|tic=2802|mle_ms=2.568
PMLE_WASM2JS_MLE_TIC|tic=2803|mle_ms=31.681
PMLE_WASM2JS_MLE_TIC|tic=2804|mle_ms=5.643
PMLE_WASM2JS_MLE_TIC|tic=2805|mle_ms=2.415
PMLE_WASM2JS_MLE_TIC|tic=2806|mle_ms=27.679
PMLE_WASM2JS_MLE_TIC|tic=2807|mle_ms=2.493
PMLE_WASM2JS_MLE_TIC|tic=2808|mle_ms=2.373
PMLE_WASM2JS_MLE_TIC|tic=2809|mle_ms=32.806
PMLE_WASM2JS_MLE_TIC|tic=2810|mle_ms=2.491
PMLE_WASM2JS_MLE_TIC|tic=2811|mle_ms=7.505
PMLE_WASM2JS_MLE_TIC|tic=2812|mle_ms=27.303
PMLE_WASM2JS_MLE_TIC|tic=2813|mle_ms=5.259
PMLE_WASM2JS_MLE_TIC|tic=2814|mle_ms=4.193
PMLE_WASM2JS_MLE_TIC|tic=2815|mle_ms=26.599
PMLE_WASM2JS_MLE_TIC|tic=2816|mle_ms=4.951
PMLE_WASM2JS_MLE_TIC|tic=2817|mle_ms=2.354
PMLE_WASM2JS_MLE_TIC|tic=2818|mle_ms=25.011
PMLE_WASM2JS_MLE_TIC|tic=2819|mle_ms=2.761
PMLE_WASM2JS_MLE_TIC|tic=2820|mle_ms=3.783
PMLE_WASM2JS_MLE_TIC|tic=2821|mle_ms=30.045
PMLE_WASM2JS_MLE_TIC|tic=2822|mle_ms=2.645
PMLE_WASM2JS_MLE_TIC|tic=2823|mle_ms=4.998
PMLE_WASM2JS_MLE_TIC|tic=2824|mle_ms=30.023
PMLE_WASM2JS_MLE_TIC|tic=2825|mle_ms=2.562
PMLE_WASM2JS_MLE_TIC|tic=2826|mle_ms=4.829
PMLE_WASM2JS_MLE_TIC|tic=2827|mle_ms=30.56
PMLE_WASM2JS_MLE_TIC|tic=2828|mle_ms=2.499
PMLE_WASM2JS_MLE_TIC|tic=2829|mle_ms=2.667
PMLE_WASM2JS_MLE_TIC|tic=2830|mle_ms=26.448
PMLE_WASM2JS_MLE_TIC|tic=2831|mle_ms=7.622
PMLE_WASM2JS_MLE_TIC|tic=2832|mle_ms=2.556
PMLE_WASM2JS_MLE_TIC|tic=2833|mle_ms=28.962
PMLE_WASM2JS_MLE_TIC|tic=2834|mle_ms=4.217
PMLE_WASM2JS_MLE_TIC|tic=2835|mle_ms=2.423
PMLE_WASM2JS_MLE_TIC|tic=2836|mle_ms=27.408
PMLE_WASM2JS_MLE_TIC|tic=2837|mle_ms=2.447
PMLE_WASM2JS_MLE_TIC|tic=2838|mle_ms=2.388
PMLE_WASM2JS_MLE_TIC|tic=2839|mle_ms=27.228
PMLE_WASM2JS_MLE_TIC|tic=2840|mle_ms=2.46
PMLE_WASM2JS_MLE_TIC|tic=2841|mle_ms=7.426
PMLE_WASM2JS_MLE_TIC|tic=2842|mle_ms=33.164
PMLE_WASM2JS_MLE_TIC|tic=2843|mle_ms=5.057
PMLE_WASM2JS_MLE_TIC|tic=2844|mle_ms=4.141
PMLE_WASM2JS_MLE_TIC|tic=2845|mle_ms=25.328
PMLE_WASM2JS_MLE_TIC|tic=2846|mle_ms=4.936
PMLE_WASM2JS_MLE_TIC|tic=2847|mle_ms=2.33
PMLE_WASM2JS_MLE_TIC|tic=2848|mle_ms=26.236
PMLE_WASM2JS_MLE_TIC|tic=2849|mle_ms=2.73
PMLE_WASM2JS_MLE_TIC|tic=2850|mle_ms=2.36
PMLE_WASM2JS_MLE_TIC|tic=2851|mle_ms=30.099
PMLE_WASM2JS_MLE_TIC|tic=2852|mle_ms=2.665
PMLE_WASM2JS_MLE_TIC|tic=2853|mle_ms=6.225
PMLE_WASM2JS_MLE_TIC|tic=2854|mle_ms=26.542
PMLE_WASM2JS_MLE_TIC|tic=2855|mle_ms=2.507
PMLE_WASM2JS_MLE_TIC|tic=2856|mle_ms=4.81
PMLE_WASM2JS_MLE_TIC|tic=2857|mle_ms=26.328
PMLE_WASM2JS_MLE_TIC|tic=2858|mle_ms=2.463
PMLE_WASM2JS_MLE_TIC|tic=2859|mle_ms=2.631
PMLE_WASM2JS_MLE_TIC|tic=2860|mle_ms=25.102
PMLE_WASM2JS_MLE_TIC|tic=2861|mle_ms=7.573
PMLE_WASM2JS_MLE_TIC|tic=2862|mle_ms=2.545
PMLE_WASM2JS_MLE_TIC|tic=2863|mle_ms=32.978
PMLE_WASM2JS_MLE_TIC|tic=2864|mle_ms=4.244
PMLE_WASM2JS_MLE_TIC|tic=2865|mle_ms=2.435
PMLE_WASM2JS_MLE_TIC|tic=2866|mle_ms=27.578
PMLE_WASM2JS_MLE_TIC|tic=2867|mle_ms=2.478
PMLE_WASM2JS_MLE_TIC|tic=2868|mle_ms=2.382
PMLE_WASM2JS_MLE_TIC|tic=2869|mle_ms=24.926
PMLE_WASM2JS_MLE_TIC|tic=2870|mle_ms=2.438
PMLE_WASM2JS_MLE_TIC|tic=2871|mle_ms=8.75
PMLE_WASM2JS_MLE_TIC|tic=2872|mle_ms=26.558
PMLE_WASM2JS_MLE_TIC|tic=2873|mle_ms=5.096
PMLE_WASM2JS_MLE_TIC|tic=2874|mle_ms=4.144
PMLE_WASM2JS_MLE_TIC|tic=2875|mle_ms=25.885
PMLE_WASM2JS_MLE_TIC|tic=2876|mle_ms=4.862
PMLE_WASM2JS_MLE_TIC|tic=2877|mle_ms=2.306
PMLE_WASM2JS_MLE_TIC|tic=2878|mle_ms=25.471
PMLE_WASM2JS_MLE_TIC|tic=2879|mle_ms=2.755
PMLE_WASM2JS_MLE_TIC|tic=2880|mle_ms=3.579
PMLE_WASM2JS_MLE_TIC|tic=2881|mle_ms=31.731
PMLE_WASM2JS_MLE_TIC|tic=2882|mle_ms=2.64
PMLE_WASM2JS_MLE_TIC|tic=2883|mle_ms=4.949
PMLE_WASM2JS_MLE_TIC|tic=2884|mle_ms=32.084
PMLE_WASM2JS_MLE_TIC|tic=2885|mle_ms=2.571
PMLE_WASM2JS_MLE_TIC|tic=2886|mle_ms=4.81
PMLE_WASM2JS_MLE_TIC|tic=2887|mle_ms=25.248
PMLE_WASM2JS_MLE_TIC|tic=2888|mle_ms=2.48
PMLE_WASM2JS_MLE_TIC|tic=2889|mle_ms=2.601
PMLE_WASM2JS_MLE_TIC|tic=2890|mle_ms=23.955
PMLE_WASM2JS_MLE_TIC|tic=2891|mle_ms=7.633
PMLE_WASM2JS_MLE_TIC|tic=2892|mle_ms=2.54
PMLE_WASM2JS_MLE_TIC|tic=2893|mle_ms=27.706
PMLE_WASM2JS_MLE_TIC|tic=2894|mle_ms=4.232
PMLE_WASM2JS_MLE_TIC|tic=2895|mle_ms=2.406
PMLE_WASM2JS_MLE_TIC|tic=2896|mle_ms=27.526
PMLE_WASM2JS_MLE_TIC|tic=2897|mle_ms=2.462
PMLE_WASM2JS_MLE_TIC|tic=2898|mle_ms=2.366
PMLE_WASM2JS_MLE_TIC|tic=2899|mle_ms=26.305
PMLE_WASM2JS_MLE_TIC|tic=2900|mle_ms=2.484
PMLE_WASM2JS_MLE_TIC|tic=2901|mle_ms=8.678
PMLE_WASM2JS_MLE_TIC|tic=2902|mle_ms=24.409
PMLE_WASM2JS_MLE_TIC|tic=2903|mle_ms=5.105
PMLE_WASM2JS_MLE_TIC|tic=2904|mle_ms=4.13
PMLE_WASM2JS_MLE_TIC|tic=2905|mle_ms=26.357
PMLE_WASM2JS_MLE_TIC|tic=2906|mle_ms=5.084
PMLE_WASM2JS_MLE_TIC|tic=2907|mle_ms=2.372
PMLE_WASM2JS_MLE_TIC|tic=2908|mle_ms=25.686
PMLE_WASM2JS_MLE_TIC|tic=2909|mle_ms=2.754
PMLE_WASM2JS_MLE_TIC|tic=2910|mle_ms=2.376
PMLE_WASM2JS_MLE_TIC|tic=2911|mle_ms=29.217
PMLE_WASM2JS_MLE_TIC|tic=2912|mle_ms=2.63
PMLE_WASM2JS_MLE_TIC|tic=2913|mle_ms=5.013
PMLE_WASM2JS_MLE_TIC|tic=2914|mle_ms=27.095
PMLE_WASM2JS_MLE_TIC|tic=2915|mle_ms=2.55
PMLE_WASM2JS_MLE_TIC|tic=2916|mle_ms=4.815
PMLE_WASM2JS_MLE_TIC|tic=2917|mle_ms=30.568
PMLE_WASM2JS_MLE_TIC|tic=2918|mle_ms=2.495
PMLE_WASM2JS_MLE_TIC|tic=2919|mle_ms=2.61
PMLE_WASM2JS_MLE_TIC|tic=2920|mle_ms=30.417
PMLE_WASM2JS_MLE_TIC|tic=2921|mle_ms=7.611
PMLE_WASM2JS_MLE_TIC|tic=2922|mle_ms=2.583
PMLE_WASM2JS_MLE_TIC|tic=2923|mle_ms=31.967
PMLE_WASM2JS_MLE_TIC|tic=2924|mle_ms=4.254
PMLE_WASM2JS_MLE_TIC|tic=2925|mle_ms=3.666
PMLE_WASM2JS_MLE_TIC|tic=2926|mle_ms=26.312
PMLE_WASM2JS_MLE_TIC|tic=2927|mle_ms=2.468
PMLE_WASM2JS_MLE_TIC|tic=2928|mle_ms=2.403
PMLE_WASM2JS_MLE_TIC|tic=2929|mle_ms=26.348
PMLE_WASM2JS_MLE_TIC|tic=2930|mle_ms=2.493
PMLE_WASM2JS_MLE_TIC|tic=2931|mle_ms=7.456
PMLE_WASM2JS_MLE_TIC|tic=2932|mle_ms=24.072
PMLE_WASM2JS_MLE_TIC|tic=2933|mle_ms=5.051
PMLE_WASM2JS_MLE_TIC|tic=2934|mle_ms=5.399
PMLE_WASM2JS_MLE_TIC|tic=2935|mle_ms=27.24
PMLE_WASM2JS_MLE_TIC|tic=2936|mle_ms=4.95
PMLE_WASM2JS_MLE_TIC|tic=2937|mle_ms=2.368
PMLE_WASM2JS_MLE_TIC|tic=2938|mle_ms=25.243
PMLE_WASM2JS_MLE_TIC|tic=2939|mle_ms=2.75
PMLE_WASM2JS_MLE_TIC|tic=2940|mle_ms=2.383
PMLE_WASM2JS_MLE_TIC|tic=2941|mle_ms=32.085
PMLE_WASM2JS_MLE_TIC|tic=2942|mle_ms=2.651
PMLE_WASM2JS_MLE_TIC|tic=2943|mle_ms=4.953
PMLE_WASM2JS_MLE_TIC|tic=2944|mle_ms=29.481
PMLE_WASM2JS_MLE_TIC|tic=2945|mle_ms=2.557
PMLE_WASM2JS_MLE_TIC|tic=2946|mle_ms=4.855
PMLE_WASM2JS_MLE_TIC|tic=2947|mle_ms=30.872
PMLE_WASM2JS_MLE_TIC|tic=2948|mle_ms=2.489
PMLE_WASM2JS_MLE_TIC|tic=2949|mle_ms=2.663
PMLE_WASM2JS_MLE_TIC|tic=2950|mle_ms=25.509
PMLE_WASM2JS_MLE_TIC|tic=2951|mle_ms=7.669
PMLE_WASM2JS_MLE_TIC|tic=2952|mle_ms=2.568
PMLE_WASM2JS_MLE_TIC|tic=2953|mle_ms=26.639
PMLE_WASM2JS_MLE_TIC|tic=2954|mle_ms=4.238
PMLE_WASM2JS_MLE_TIC|tic=2955|mle_ms=3.63
PMLE_WASM2JS_MLE_TIC|tic=2956|mle_ms=26.573
PMLE_WASM2JS_MLE_TIC|tic=2957|mle_ms=2.463
PMLE_WASM2JS_MLE_TIC|tic=2958|mle_ms=2.366
PMLE_WASM2JS_MLE_TIC|tic=2959|mle_ms=25.925
PMLE_WASM2JS_MLE_TIC|tic=2960|mle_ms=2.565
PMLE_WASM2JS_MLE_TIC|tic=2961|mle_ms=7.55
PMLE_WASM2JS_MLE_TIC|tic=2962|mle_ms=24.498
PMLE_WASM2JS_MLE_TIC|tic=2963|mle_ms=5.095
PMLE_WASM2JS_MLE_TIC|tic=2964|mle_ms=5.537
PMLE_WASM2JS_MLE_TIC|tic=2965|mle_ms=24.295
PMLE_WASM2JS_MLE_TIC|tic=2966|mle_ms=4.894
PMLE_WASM2JS_MLE_TIC|tic=2967|mle_ms=2.345
PMLE_WASM2JS_MLE_TIC|tic=2968|mle_ms=25.498
PMLE_WASM2JS_MLE_TIC|tic=2969|mle_ms=2.734
PMLE_WASM2JS_MLE_TIC|tic=2970|mle_ms=2.384
PMLE_WASM2JS_MLE_TIC|tic=2971|mle_ms=29.217
PMLE_WASM2JS_MLE_TIC|tic=2972|mle_ms=2.62
PMLE_WASM2JS_MLE_TIC|tic=2973|mle_ms=6.152
PMLE_WASM2JS_MLE_TIC|tic=2974|mle_ms=25.78
PMLE_WASM2JS_MLE_TIC|tic=2975|mle_ms=2.493
PMLE_WASM2JS_MLE_TIC|tic=2976|mle_ms=4.816
PMLE_WASM2JS_MLE_TIC|tic=2977|mle_ms=25.297
PMLE_WASM2JS_MLE_TIC|tic=2978|mle_ms=2.484
PMLE_WASM2JS_MLE_TIC|tic=2979|mle_ms=2.632
PMLE_WASM2JS_MLE_TIC|tic=2980|mle_ms=34.232
PMLE_WASM2JS_MLE_TIC|tic=2981|mle_ms=8.788
PMLE_WASM2JS_MLE_TIC|tic=2982|mle_ms=2.543
PMLE_WASM2JS_MLE_TIC|tic=2983|mle_ms=26.6
PMLE_WASM2JS_MLE_TIC|tic=2984|mle_ms=4.203
PMLE_WASM2JS_MLE_TIC|tic=2985|mle_ms=2.448
PMLE_WASM2JS_MLE_TIC|tic=2986|mle_ms=34.02
PMLE_WASM2JS_MLE_TIC|tic=2987|mle_ms=2.494
PMLE_WASM2JS_MLE_TIC|tic=2988|mle_ms=2.401
PMLE_WASM2JS_MLE_TIC|tic=2989|mle_ms=26.349
PMLE_WASM2JS_MLE_TIC|tic=2990|mle_ms=2.458
PMLE_WASM2JS_MLE_TIC|tic=2991|mle_ms=7.483
PMLE_WASM2JS_MLE_TIC|tic=2992|mle_ms=25.072
PMLE_WASM2JS_MLE_TIC|tic=2993|mle_ms=5.125
PMLE_WASM2JS_MLE_TIC|tic=2994|mle_ms=5.455
PMLE_WASM2JS_MLE_TIC|tic=2995|mle_ms=26.334
PMLE_WASM2JS_MLE_TIC|tic=2996|mle_ms=4.904
PMLE_WASM2JS_MLE_TIC|tic=2997|mle_ms=2.354
PMLE_WASM2JS_MLE_TIC|tic=2998|mle_ms=29.632
PMLE_WASM2JS_MLE_TIC|tic=2999|mle_ms=2.751
PMLE_WASM2JS_MLE_TIC|tic=3000|mle_ms=2.435
PMLE_WASM2JS_MLE_TIC|tic=3001|mle_ms=31.671
PMLE_WASM2JS_MLE_TIC|tic=3002|mle_ms=3.838
PMLE_WASM2JS_MLE_TIC|tic=3003|mle_ms=4.927
PMLE_WASM2JS_MLE_TIC|tic=3004|mle_ms=26.429
PMLE_WASM2JS_MLE_TIC|tic=3005|mle_ms=2.534
PMLE_WASM2JS_MLE_TIC|tic=3006|mle_ms=4.802
PMLE_WASM2JS_MLE_TIC|tic=3007|mle_ms=26.142
PMLE_WASM2JS_MLE_TIC|tic=3008|mle_ms=2.47
PMLE_WASM2JS_MLE_TIC|tic=3009|mle_ms=2.621
PMLE_WASM2JS_MLE_TIC|tic=3010|mle_ms=30.349
PMLE_WASM2JS_MLE_TIC|tic=3011|mle_ms=8.866
PMLE_WASM2JS_MLE_TIC|tic=3012|mle_ms=2.531
PMLE_WASM2JS_MLE_TIC|tic=3013|mle_ms=27.225
PMLE_WASM2JS_MLE_TIC|tic=3014|mle_ms=4.219
PMLE_WASM2JS_MLE_TIC|tic=3015|mle_ms=2.394
PMLE_WASM2JS_MLE_TIC|tic=3016|mle_ms=29.444
PMLE_WASM2JS_MLE_TIC|tic=3017|mle_ms=2.43
PMLE_WASM2JS_MLE_TIC|tic=3018|mle_ms=2.374
PMLE_WASM2JS_MLE_TIC|tic=3019|mle_ms=24.295
PMLE_WASM2JS_MLE_TIC|tic=3020|mle_ms=2.438
PMLE_WASM2JS_MLE_TIC|tic=3021|mle_ms=8.8
PMLE_WASM2JS_MLE_TIC|tic=3022|mle_ms=24.129
PMLE_WASM2JS_MLE_TIC|tic=3023|mle_ms=5.04
PMLE_WASM2JS_MLE_TIC|tic=3024|mle_ms=4.139
PMLE_WASM2JS_MLE_TIC|tic=3025|mle_ms=25.464
PMLE_WASM2JS_MLE_TIC|tic=3026|mle_ms=4.875
PMLE_WASM2JS_MLE_TIC|tic=3027|mle_ms=2.338
PMLE_WASM2JS_MLE_TIC|tic=3028|mle_ms=27.301
PMLE_WASM2JS_MLE_TIC|tic=3029|mle_ms=2.758
PMLE_WASM2JS_MLE_TIC|tic=3030|mle_ms=2.373
PMLE_WASM2JS_MLE_TIC|tic=3031|mle_ms=30.338
PMLE_WASM2JS_MLE_TIC|tic=3032|mle_ms=2.584
PMLE_WASM2JS_MLE_TIC|tic=3033|mle_ms=4.889
PMLE_WASM2JS_MLE_TIC|tic=3034|mle_ms=25.731
PMLE_WASM2JS_MLE_TIC|tic=3035|mle_ms=3.766
PMLE_WASM2JS_MLE_TIC|tic=3036|mle_ms=4.847
PMLE_WASM2JS_MLE_TIC|tic=3037|mle_ms=24.026
PMLE_WASM2JS_MLE_TIC|tic=3038|mle_ms=2.455
PMLE_WASM2JS_MLE_TIC|tic=3039|mle_ms=2.621
PMLE_WASM2JS_MLE_TIC|tic=3040|mle_ms=25.395
PMLE_WASM2JS_MLE_TIC|tic=3041|mle_ms=7.526
PMLE_WASM2JS_MLE_TIC|tic=3042|mle_ms=2.532
PMLE_WASM2JS_MLE_TIC|tic=3043|mle_ms=26.61
PMLE_WASM2JS_MLE_TIC|tic=3044|mle_ms=4.229
PMLE_WASM2JS_MLE_TIC|tic=3045|mle_ms=2.473
PMLE_WASM2JS_MLE_TIC|tic=3046|mle_ms=27.635
PMLE_WASM2JS_MLE_TIC|tic=3047|mle_ms=2.48
PMLE_WASM2JS_MLE_TIC|tic=3048|mle_ms=2.367
PMLE_WASM2JS_MLE_TIC|tic=3049|mle_ms=24.198
PMLE_WASM2JS_MLE_TIC|tic=3050|mle_ms=3.705
PMLE_WASM2JS_MLE_TIC|tic=3051|mle_ms=7.464
PMLE_WASM2JS_MLE_TIC|tic=3052|mle_ms=25.38
PMLE_WASM2JS_MLE_TIC|tic=3053|mle_ms=5.037
PMLE_WASM2JS_MLE_TIC|tic=3054|mle_ms=4.159
PMLE_WASM2JS_MLE_TIC|tic=3055|mle_ms=26.566
PMLE_WASM2JS_MLE_TIC|tic=3056|mle_ms=4.876
PMLE_WASM2JS_MLE_TIC|tic=3057|mle_ms=2.331
PMLE_WASM2JS_MLE_TIC|tic=3058|mle_ms=32.392
PMLE_WASM2JS_MLE_TIC|tic=3059|mle_ms=2.741
PMLE_WASM2JS_MLE_TIC|tic=3060|mle_ms=2.374
PMLE_WASM2JS_MLE_TIC|tic=3061|mle_ms=35.568
PMLE_WASM2JS_MLE_TIC|tic=3062|mle_ms=2.658
PMLE_WASM2JS_MLE_TIC|tic=3063|mle_ms=5.553
PMLE_WASM2JS_MLE_TIC|tic=3064|mle_ms=30.827
PMLE_WASM2JS_MLE_TIC|tic=3065|mle_ms=3.052
PMLE_WASM2JS_MLE_TIC|tic=3066|mle_ms=5.352
PMLE_WASM2JS_MLE_TIC|tic=3067|mle_ms=27.052
PMLE_WASM2JS_MLE_TIC|tic=3068|mle_ms=2.968
PMLE_WASM2JS_MLE_TIC|tic=3069|mle_ms=3.286
PMLE_WASM2JS_MLE_TIC|tic=3070|mle_ms=26.241
PMLE_WASM2JS_MLE_TIC|tic=3071|mle_ms=9.783
PMLE_WASM2JS_MLE_TIC|tic=3072|mle_ms=3.101
PMLE_WASM2JS_MLE_TIC|tic=3073|mle_ms=34.276
PMLE_WASM2JS_MLE_TIC|tic=3074|mle_ms=4.793
PMLE_WASM2JS_MLE_TIC|tic=3075|mle_ms=2.937
PMLE_WASM2JS_MLE_TIC|tic=3076|mle_ms=28.33
PMLE_WASM2JS_MLE_TIC|tic=3077|mle_ms=3.038
PMLE_WASM2JS_MLE_TIC|tic=3078|mle_ms=2.945
PMLE_WASM2JS_MLE_TIC|tic=3079|mle_ms=26.311
PMLE_WASM2JS_MLE_TIC|tic=3080|mle_ms=2.924
PMLE_WASM2JS_MLE_TIC|tic=3081|mle_ms=7.918
PMLE_WASM2JS_MLE_TIC|tic=3082|mle_ms=23.346
PMLE_WASM2JS_MLE_TIC|tic=3083|mle_ms=5.552
PMLE_WASM2JS_MLE_TIC|tic=3084|mle_ms=4.644
PMLE_WASM2JS_MLE_TIC|tic=3085|mle_ms=24.012
PMLE_WASM2JS_MLE_TIC|tic=3086|mle_ms=5.407
PMLE_WASM2JS_MLE_TIC|tic=3087|mle_ms=2.88
PMLE_WASM2JS_MLE_TIC|tic=3088|mle_ms=22.648
PMLE_WASM2JS_MLE_TIC|tic=3089|mle_ms=3.334
PMLE_WASM2JS_MLE_TIC|tic=3090|mle_ms=2.922
PMLE_WASM2JS_MLE_TIC|tic=3091|mle_ms=26.966
PMLE_WASM2JS_MLE_TIC|tic=3092|mle_ms=3.127
PMLE_WASM2JS_MLE_TIC|tic=3093|mle_ms=5.506
PMLE_WASM2JS_MLE_TIC|tic=3094|mle_ms=27.57
PMLE_WASM2JS_MLE_TIC|tic=3095|mle_ms=3.258
PMLE_WASM2JS_MLE_TIC|tic=3096|mle_ms=5.412
PMLE_WASM2JS_MLE_TIC|tic=3097|mle_ms=14.461
PMLE_WASM2JS_MLE_TIC|tic=3098|mle_ms=2.74
PMLE_WASM2JS_MLE_TIC|tic=3099|mle_ms=2.936
PMLE_WASM2JS_MLE_TIC|tic=3100|mle_ms=14.245
PMLE_WASM2JS_MLE_TIC|tic=3101|mle_ms=7.99
PMLE_WASM2JS_MLE_TIC|tic=3102|mle_ms=4.192
PMLE_WASM2JS_MLE_TIC|tic=3103|mle_ms=20.15
PMLE_WASM2JS_MLE_TIC|tic=3104|mle_ms=4.222
PMLE_WASM2JS_MLE_TIC|tic=3105|mle_ms=2.72
PMLE_WASM2JS_MLE_TIC|tic=3106|mle_ms=10.427
PMLE_WASM2JS_MLE_TIC|tic=3107|mle_ms=2.718
PMLE_WASM2JS_MLE_TIC|tic=3108|mle_ms=2.702
PMLE_WASM2JS_MLE_TIC|tic=3109|mle_ms=8.367
PMLE_WASM2JS_MLE_TIC|tic=3110|mle_ms=4.096
PMLE_WASM2JS_MLE_TIC|tic=3111|mle_ms=7.939
PMLE_WASM2JS_MLE_TIC|tic=3112|mle_ms=14.224
PMLE_WASM2JS_MLE_TIC|tic=3113|mle_ms=9.676
PMLE_WASM2JS_MLE_TIC|tic=3114|mle_ms=4.244
PMLE_WASM2JS_MLE_TIC|tic=3115|mle_ms=7.864
PMLE_WASM2JS_MLE_TIC|tic=3116|mle_ms=7.236
PMLE_WASM2JS_MLE_TIC|tic=3117|mle_ms=2.705
PMLE_WASM2JS_MLE_TIC|tic=3118|mle_ms=9.145
PMLE_WASM2JS_MLE_TIC|tic=3119|mle_ms=4.124
PMLE_WASM2JS_MLE_TIC|tic=3120|mle_ms=3.287
PMLE_WASM2JS_MLE_TIC|tic=3121|mle_ms=13.88
PMLE_WASM2JS_MLE_TIC|tic=3122|mle_ms=3.361
PMLE_WASM2JS_MLE_TIC|tic=3123|mle_ms=14.625
PMLE_WASM2JS_MLE_TIC|tic=3124|mle_ms=11.325
PMLE_WASM2JS_MLE_TIC|tic=3125|mle_ms=3.802
PMLE_WASM2JS_MLE_TIC|tic=3126|mle_ms=7.597
PMLE_WASM2JS_MLE_TIC|tic=3127|mle_ms=4.669
PMLE_WASM2JS_MLE_TIC|tic=3128|mle_ms=13.162
PMLE_WASM2JS_MLE_TIC|tic=3129|mle_ms=3.486
PMLE_WASM2JS_MLE_TIC|tic=3130|mle_ms=8.872
PMLE_WASM2JS_MLE_TIC|tic=3131|mle_ms=15.442
PMLE_WASM2JS_MLE_TIC|tic=3132|mle_ms=3.346
PMLE_WASM2JS_MLE_TIC|tic=3133|mle_ms=15.838
PMLE_WASM2JS_MLE_TIC|tic=3134|mle_ms=10.379
PMLE_WASM2JS_MLE_TIC|tic=3135|mle_ms=3.141
PMLE_WASM2JS_MLE_TIC|tic=3136|mle_ms=13.581
PMLE_WASM2JS_MLE_TIC|tic=3137|mle_ms=15.021
PMLE_WASM2JS_MLE_TIC|tic=3138|mle_ms=3.109
PMLE_WASM2JS_MLE_TIC|tic=3139|mle_ms=9.478
PMLE_WASM2JS_MLE_TIC|tic=3140|mle_ms=8.593
PMLE_WASM2JS_MLE_TIC|tic=3141|mle_ms=8.807
PMLE_WASM2JS_MLE_TIC|tic=3142|mle_ms=9.235
PMLE_WASM2JS_MLE_TIC|tic=3143|mle_ms=16.702
PMLE_WASM2JS_MLE_TIC|tic=3144|mle_ms=4.79
PMLE_WASM2JS_MLE_TIC|tic=3145|mle_ms=14.219
PMLE_WASM2JS_MLE_TIC|tic=3146|mle_ms=15.967
PMLE_WASM2JS_MLE_TIC|tic=3147|mle_ms=3.046
PMLE_WASM2JS_MLE_TIC|tic=3148|mle_ms=8.763
PMLE_WASM2JS_MLE_TIC|tic=3149|mle_ms=8.881
PMLE_WASM2JS_MLE_TIC|tic=3150|mle_ms=4.432
PMLE_WASM2JS_MLE_TIC|tic=3151|mle_ms=15.004
PMLE_WASM2JS_MLE_TIC|tic=3152|mle_ms=9.799
PMLE_WASM2JS_MLE_TIC|tic=3153|mle_ms=5.687
PMLE_WASM2JS_MLE_TIC|tic=3154|mle_ms=10.292
PMLE_WASM2JS_MLE_TIC|tic=3155|mle_ms=9.808
PMLE_WASM2JS_MLE_TIC|tic=3156|mle_ms=6.82
PMLE_WASM2JS_MLE_TIC|tic=3157|mle_ms=10.026
PMLE_WASM2JS_MLE_TIC|tic=3158|mle_ms=7.98
PMLE_WASM2JS_MLE_TIC|tic=3159|mle_ms=3.433
PMLE_WASM2JS_MLE_TIC|tic=3160|mle_ms=8.73
PMLE_WASM2JS_MLE_TIC|tic=3161|mle_ms=14.807
PMLE_WASM2JS_MLE_TIC|tic=3162|mle_ms=3.622
PMLE_WASM2JS_MLE_TIC|tic=3163|mle_ms=11.874
PMLE_WASM2JS_MLE_TIC|tic=3164|mle_ms=11.675
PMLE_WASM2JS_MLE_TIC|tic=3165|mle_ms=3.353
PMLE_WASM2JS_MLE_TIC|tic=3166|mle_ms=12.477
PMLE_WASM2JS_MLE_TIC|tic=3167|mle_ms=8.453
PMLE_WASM2JS_MLE_TIC|tic=3168|mle_ms=3.271
PMLE_WASM2JS_MLE_TIC|tic=3169|mle_ms=9.436
PMLE_WASM2JS_MLE_TIC|tic=3170|mle_ms=8.267
PMLE_WASM2JS_MLE_TIC|tic=3171|mle_ms=11.1
PMLE_WASM2JS_MLE_TIC|tic=3172|mle_ms=9.2
PMLE_WASM2JS_MLE_TIC|tic=3173|mle_ms=10.924
PMLE_WASM2JS_MLE_TIC|tic=3174|mle_ms=5.197
PMLE_WASM2JS_MLE_TIC|tic=3175|mle_ms=13.835
PMLE_WASM2JS_MLE_TIC|tic=3176|mle_ms=11.429
PMLE_WASM2JS_MLE_TIC|tic=3177|mle_ms=3.338
PMLE_WASM2JS_MLE_TIC|tic=3178|mle_ms=11.773
PMLE_WASM2JS_MLE_TIC|tic=3179|mle_ms=8.793
PMLE_WASM2JS_MLE_TIC|tic=3180|mle_ms=3.49
PMLE_WASM2JS_MLE_TIC|tic=3181|mle_ms=16.882
PMLE_WASM2JS_MLE_TIC|tic=3182|mle_ms=8.875
PMLE_WASM2JS_MLE_TIC|tic=3183|mle_ms=6.787
PMLE_WASM2JS_MLE_TIC|tic=3184|mle_ms=14.043
PMLE_WASM2JS_MLE_TIC|tic=3185|mle_ms=11.314
PMLE_WASM2JS_MLE_TIC|tic=3186|mle_ms=5.704
PMLE_WASM2JS_MLE_TIC|tic=3187|mle_ms=11.189
PMLE_WASM2JS_MLE_TIC|tic=3188|mle_ms=10.368
PMLE_WASM2JS_MLE_TIC|tic=3189|mle_ms=4.072
PMLE_WASM2JS_MLE_TIC|tic=3190|mle_ms=11.356
PMLE_WASM2JS_MLE_TIC|tic=3191|mle_ms=18.125
PMLE_WASM2JS_MLE_TIC|tic=3192|mle_ms=3.91
PMLE_WASM2JS_MLE_TIC|tic=3193|mle_ms=14.41
PMLE_WASM2JS_MLE_TIC|tic=3194|mle_ms=18.798
PMLE_WASM2JS_MLE_TIC|tic=3195|mle_ms=5.902
PMLE_WASM2JS_MLE_TIC|tic=3196|mle_ms=16.761
PMLE_WASM2JS_MLE_TIC|tic=3197|mle_ms=12.366
PMLE_WASM2JS_MLE_TIC|tic=3198|mle_ms=5.809
PMLE_WASM2JS_MLE_TIC|tic=3199|mle_ms=14.38
PMLE_WASM2JS_MLE_TIC|tic=3200|mle_ms=12.411
PMLE_WASM2JS_MLE_TIC|tic=3201|mle_ms=13.874
PMLE_WASM2JS_MLE_TIC|tic=3202|mle_ms=13.567
PMLE_WASM2JS_MLE_TIC|tic=3203|mle_ms=18.784
PMLE_WASM2JS_MLE_TIC|tic=3204|mle_ms=14.892
PMLE_WASM2JS_MLE_TIC|tic=3205|mle_ms=17.01
PMLE_WASM2JS_MLE_TIC|tic=3206|mle_ms=17.296
PMLE_WASM2JS_MLE_TIC|tic=3207|mle_ms=5.754
PMLE_WASM2JS_MLE_TIC|tic=3208|mle_ms=12.703
PMLE_WASM2JS_MLE_TIC|tic=3209|mle_ms=12.584
PMLE_WASM2JS_MLE_TIC|tic=3210|mle_ms=5.765
PMLE_WASM2JS_MLE_TIC|tic=3211|mle_ms=20.865
PMLE_WASM2JS_MLE_TIC|tic=3212|mle_ms=12.677
PMLE_WASM2JS_MLE_TIC|tic=3213|mle_ms=6.693
PMLE_WASM2JS_MLE_TIC|tic=3214|mle_ms=12.612
PMLE_WASM2JS_MLE_TIC|tic=3215|mle_ms=11.443
PMLE_WASM2JS_MLE_TIC|tic=3216|mle_ms=5.522
PMLE_WASM2JS_MLE_TIC|tic=3217|mle_ms=14.102
PMLE_WASM2JS_MLE_TIC|tic=3218|mle_ms=12.205
PMLE_WASM2JS_MLE_TIC|tic=3219|mle_ms=8.349
PMLE_WASM2JS_MLE_TIC|tic=3220|mle_ms=13.996
PMLE_WASM2JS_MLE_TIC|tic=3221|mle_ms=19.861
PMLE_WASM2JS_MLE_TIC|tic=3222|mle_ms=5.405
PMLE_WASM2JS_MLE_TIC|tic=3223|mle_ms=15.717
PMLE_WASM2JS_MLE_TIC|tic=3224|mle_ms=18.684
PMLE_WASM2JS_MLE_TIC|tic=3225|mle_ms=5.276
PMLE_WASM2JS_MLE_TIC|tic=3226|mle_ms=16.635
PMLE_WASM2JS_MLE_TIC|tic=3227|mle_ms=12.22
PMLE_WASM2JS_MLE_TIC|tic=3228|mle_ms=5.214
PMLE_WASM2JS_MLE_TIC|tic=3229|mle_ms=12.377
PMLE_WASM2JS_MLE_TIC|tic=3230|mle_ms=16.653
PMLE_WASM2JS_MLE_TIC|tic=3231|mle_ms=11.623
PMLE_WASM2JS_MLE_TIC|tic=3232|mle_ms=12.653
PMLE_WASM2JS_MLE_TIC|tic=3233|mle_ms=15.21
PMLE_WASM2JS_MLE_TIC|tic=3234|mle_ms=6.985
PMLE_WASM2JS_MLE_TIC|tic=3235|mle_ms=13.776
PMLE_WASM2JS_MLE_TIC|tic=3236|mle_ms=14.025
PMLE_WASM2JS_MLE_TIC|tic=3237|mle_ms=5.056
PMLE_WASM2JS_MLE_TIC|tic=3238|mle_ms=12.75
PMLE_WASM2JS_MLE_TIC|tic=3239|mle_ms=17.228
PMLE_WASM2JS_MLE_TIC|tic=3240|mle_ms=5.228
PMLE_WASM2JS_MLE_TIC|tic=3241|mle_ms=20.012
PMLE_WASM2JS_MLE_TIC|tic=3242|mle_ms=12.257
PMLE_WASM2JS_MLE_TIC|tic=3243|mle_ms=8.473
PMLE_WASM2JS_MLE_TIC|tic=3244|mle_ms=16.178
PMLE_WASM2JS_MLE_TIC|tic=3245|mle_ms=16.944
PMLE_WASM2JS_MLE_TIC|tic=3246|mle_ms=7.212
PMLE_WASM2JS_MLE_TIC|tic=3247|mle_ms=12.883
PMLE_WASM2JS_MLE_TIC|tic=3248|mle_ms=13.106
PMLE_WASM2JS_MLE_TIC|tic=3249|mle_ms=6.747
PMLE_WASM2JS_MLE_TIC|tic=3250|mle_ms=14.342
PMLE_WASM2JS_MLE_TIC|tic=3251|mle_ms=19.975
PMLE_WASM2JS_MLE_TIC|tic=3252|mle_ms=6.014
PMLE_WASM2JS_MLE_TIC|tic=3253|mle_ms=16.396
PMLE_WASM2JS_MLE_TIC|tic=3254|mle_ms=13.824
PMLE_WASM2JS_MLE_TIC|tic=3255|mle_ms=5.69
PMLE_WASM2JS_MLE_TIC|tic=3256|mle_ms=13.615
PMLE_WASM2JS_MLE_TIC|tic=3257|mle_ms=6.999
PMLE_WASM2JS_MLE_TIC|tic=3258|mle_ms=5.989
PMLE_WASM2JS_MLE_TIC|tic=3259|mle_ms=14.604
PMLE_WASM2JS_MLE_TIC|tic=3260|mle_ms=6.526
PMLE_WASM2JS_MLE_TIC|tic=3261|mle_ms=12.433
PMLE_WASM2JS_MLE_TIC|tic=3262|mle_ms=13.818
PMLE_WASM2JS_MLE_TIC|tic=3263|mle_ms=8.219
PMLE_WASM2JS_MLE_TIC|tic=3264|mle_ms=6.153
PMLE_WASM2JS_MLE_TIC|tic=3265|mle_ms=14.575
PMLE_WASM2JS_MLE_TIC|tic=3266|mle_ms=6.463
PMLE_WASM2JS_MLE_TIC|tic=3267|mle_ms=5.486
PMLE_WASM2JS_MLE_TIC|tic=3268|mle_ms=15.226
PMLE_WASM2JS_MLE_TIC|tic=3269|mle_ms=6.316
PMLE_WASM2JS_MLE_TIC|tic=3270|mle_ms=5.559
PMLE_WASM2JS_MLE_TIC|tic=3271|mle_ms=20.999
PMLE_WASM2JS_MLE_TIC|tic=3272|mle_ms=10.837
PMLE_WASM2JS_MLE_TIC|tic=3273|mle_ms=6.484
PMLE_WASM2JS_MLE_TIC|tic=3274|mle_ms=12.79
PMLE_WASM2JS_MLE_TIC|tic=3275|mle_ms=5.827
PMLE_WASM2JS_MLE_TIC|tic=3276|mle_ms=6.423
PMLE_WASM2JS_MLE_TIC|tic=3277|mle_ms=12.487
PMLE_WASM2JS_MLE_TIC|tic=3278|mle_ms=3.676
PMLE_WASM2JS_MLE_TIC|tic=3279|mle_ms=2.773
PMLE_WASM2JS_MLE_TIC|tic=3280|mle_ms=10.623
PMLE_WASM2JS_MLE_TIC|tic=3281|mle_ms=10.624
PMLE_WASM2JS_MLE_TIC|tic=3282|mle_ms=3
PMLE_WASM2JS_MLE_TIC|tic=3283|mle_ms=13.467
PMLE_WASM2JS_MLE_TIC|tic=3284|mle_ms=3.914
PMLE_WASM2JS_MLE_TIC|tic=3285|mle_ms=2.86
PMLE_WASM2JS_MLE_TIC|tic=3286|mle_ms=10.596
PMLE_WASM2JS_MLE_TIC|tic=3287|mle_ms=3.379
PMLE_WASM2JS_MLE_TIC|tic=3288|mle_ms=2.745
PMLE_WASM2JS_MLE_TIC|tic=3289|mle_ms=11.758
PMLE_WASM2JS_MLE_TIC|tic=3290|mle_ms=3.623
PMLE_WASM2JS_MLE_TIC|tic=3291|mle_ms=8.817
PMLE_WASM2JS_MLE_TIC|tic=3292|mle_ms=11.446
PMLE_WASM2JS_MLE_TIC|tic=3293|mle_ms=4.789
PMLE_WASM2JS_MLE_TIC|tic=3294|mle_ms=2.645
PMLE_WASM2JS_MLE_TIC|tic=3295|mle_ms=9.952
PMLE_WASM2JS_MLE_TIC|tic=3296|mle_ms=3.333
PMLE_WASM2JS_MLE_TIC|tic=3297|mle_ms=2.32
PMLE_WASM2JS_MLE_TIC|tic=3298|mle_ms=9.948
PMLE_WASM2JS_MLE_TIC|tic=3299|mle_ms=3.108
PMLE_WASM2JS_MLE_TIC|tic=3300|mle_ms=2.385
PMLE_WASM2JS_MLE_TIC|tic=3301|mle_ms=18.114
PMLE_WASM2JS_MLE_TIC|tic=3302|mle_ms=3.212
PMLE_WASM2JS_MLE_TIC|tic=3303|mle_ms=4.06
PMLE_WASM2JS_MLE_TIC|tic=3304|mle_ms=14.292
PMLE_WASM2JS_MLE_TIC|tic=3305|mle_ms=3.112
PMLE_WASM2JS_MLE_TIC|tic=3306|mle_ms=2.62
PMLE_WASM2JS_MLE_TIC|tic=3307|mle_ms=10.361
PMLE_WASM2JS_MLE_TIC|tic=3308|mle_ms=4.214
PMLE_WASM2JS_MLE_TIC|tic=3309|mle_ms=2.38
PMLE_WASM2JS_MLE_TIC|tic=3310|mle_ms=9.96
PMLE_WASM2JS_MLE_TIC|tic=3311|mle_ms=15.255
PMLE_WASM2JS_MLE_TIC|tic=3312|mle_ms=2.582
PMLE_WASM2JS_MLE_TIC|tic=3313|mle_ms=12.588
PMLE_WASM2JS_MLE_TIC|tic=3314|mle_ms=10.315
PMLE_WASM2JS_MLE_TIC|tic=3315|mle_ms=2.429
PMLE_WASM2JS_MLE_TIC|tic=3316|mle_ms=12.015
PMLE_WASM2JS_MLE_TIC|tic=3317|mle_ms=8.755
PMLE_WASM2JS_MLE_TIC|tic=3318|mle_ms=2.438
PMLE_WASM2JS_MLE_TIC|tic=3319|mle_ms=9.797
PMLE_WASM2JS_MLE_TIC|tic=3320|mle_ms=8.782
PMLE_WASM2JS_MLE_TIC|tic=3321|mle_ms=10.022
PMLE_WASM2JS_MLE_TIC|tic=3322|mle_ms=10.083
PMLE_WASM2JS_MLE_TIC|tic=3323|mle_ms=10.457
PMLE_WASM2JS_MLE_TIC|tic=3324|mle_ms=2.673
PMLE_WASM2JS_MLE_TIC|tic=3325|mle_ms=10.489
PMLE_WASM2JS_MLE_TIC|tic=3326|mle_ms=13.357
PMLE_WASM2JS_MLE_TIC|tic=3327|mle_ms=2.387
PMLE_WASM2JS_MLE_TIC|tic=3328|mle_ms=2.989
PMLE_WASM2JS_MLE_TIC|tic=3329|mle_ms=8.9
PMLE_WASM2JS_MLE_TIC|tic=3330|mle_ms=2.421
PMLE_WASM2JS_MLE_TIC|tic=3331|mle_ms=9.481
PMLE_WASM2JS_MLE_TIC|tic=3332|mle_ms=9.367
PMLE_WASM2JS_MLE_TIC|tic=3333|mle_ms=4.192
PMLE_WASM2JS_MLE_TIC|tic=3334|mle_ms=5.039
PMLE_WASM2JS_MLE_TIC|tic=3335|mle_ms=9.274
PMLE_WASM2JS_MLE_TIC|tic=3336|mle_ms=2.833
PMLE_WASM2JS_MLE_TIC|tic=3337|mle_ms=3.049
PMLE_WASM2JS_MLE_TIC|tic=3338|mle_ms=8.95
PMLE_WASM2JS_MLE_TIC|tic=3339|mle_ms=2.475
PMLE_WASM2JS_MLE_TIC|tic=3340|mle_ms=3.052
PMLE_WASM2JS_MLE_TIC|tic=3341|mle_ms=15.548
PMLE_WASM2JS_MLE_TIC|tic=3342|mle_ms=2.565
PMLE_WASM2JS_MLE_TIC|tic=3343|mle_ms=6.11
PMLE_WASM2JS_MLE_TIC|tic=3344|mle_ms=9.173
PMLE_WASM2JS_MLE_TIC|tic=3345|mle_ms=2.5
PMLE_WASM2JS_MLE_TIC|tic=3346|mle_ms=10.291
PMLE_WASM2JS_MLE_TIC|tic=3347|mle_ms=10.094
PMLE_WASM2JS_MLE_TIC|tic=3348|mle_ms=2.482
PMLE_WASM2JS_MLE_TIC|tic=3349|mle_ms=10.452
PMLE_WASM2JS_MLE_TIC|tic=3350|mle_ms=12.559
PMLE_WASM2JS_MLE_TIC|tic=3351|mle_ms=8.919
PMLE_WASM2JS_MLE_TIC|tic=3352|mle_ms=10.456
PMLE_WASM2JS_MLE_TIC|tic=3353|mle_ms=14.167
PMLE_WASM2JS_MLE_TIC|tic=3354|mle_ms=2.687
PMLE_WASM2JS_MLE_TIC|tic=3355|mle_ms=11.469
PMLE_WASM2JS_MLE_TIC|tic=3356|mle_ms=9.171
PMLE_WASM2JS_MLE_TIC|tic=3357|mle_ms=2.372
PMLE_WASM2JS_MLE_TIC|tic=3358|mle_ms=11.614
PMLE_WASM2JS_MLE_TIC|tic=3359|mle_ms=8.991
PMLE_WASM2JS_MLE_TIC|tic=3360|mle_ms=2.418
PMLE_WASM2JS_MLE_TIC|tic=3361|mle_ms=18.085
PMLE_WASM2JS_MLE_TIC|tic=3362|mle_ms=9.389
PMLE_WASM2JS_MLE_TIC|tic=3363|mle_ms=4.186
PMLE_WASM2JS_MLE_TIC|tic=3364|mle_ms=13.947
PMLE_WASM2JS_MLE_TIC|tic=3365|mle_ms=9.114
PMLE_WASM2JS_MLE_TIC|tic=3366|mle_ms=2.681
PMLE_WASM2JS_MLE_TIC|tic=3367|mle_ms=17.442
PMLE_WASM2JS_MLE_TIC|tic=3368|mle_ms=9.783
PMLE_WASM2JS_MLE_TIC|tic=3369|mle_ms=4.202
PMLE_WASM2JS_MLE_TIC|tic=3370|mle_ms=12.015
PMLE_WASM2JS_MLE_TIC|tic=3371|mle_ms=15.685
PMLE_WASM2JS_MLE_TIC|tic=3372|mle_ms=2.608
PMLE_WASM2JS_MLE_TIC|tic=3373|mle_ms=16.652
PMLE_WASM2JS_MLE_TIC|tic=3374|mle_ms=12.202
PMLE_WASM2JS_MLE_TIC|tic=3375|mle_ms=2.478
PMLE_WASM2JS_MLE_TIC|tic=3376|mle_ms=10.535
PMLE_WASM2JS_MLE_TIC|tic=3377|mle_ms=8.985
PMLE_WASM2JS_MLE_TIC|tic=3378|mle_ms=2.469
PMLE_WASM2JS_MLE_TIC|tic=3379|mle_ms=11.552
PMLE_WASM2JS_MLE_TIC|tic=3380|mle_ms=8.752
PMLE_WASM2JS_MLE_TIC|tic=3381|mle_ms=8.857
PMLE_WASM2JS_MLE_TIC|tic=3382|mle_ms=3.424
PMLE_WASM2JS_MLE_TIC|tic=3383|mle_ms=10.474
PMLE_WASM2JS_MLE_TIC|tic=3384|mle_ms=2.707
PMLE_WASM2JS_MLE_TIC|tic=3385|mle_ms=4.15
PMLE_WASM2JS_MLE_TIC|tic=3386|mle_ms=9.962
PMLE_WASM2JS_MLE_TIC|tic=3387|mle_ms=3.163
PMLE_WASM2JS_MLE_TIC|tic=3388|mle_ms=5.28
PMLE_WASM2JS_MLE_TIC|tic=3389|mle_ms=10.006
PMLE_WASM2JS_MLE_TIC|tic=3390|mle_ms=3.178
PMLE_WASM2JS_MLE_TIC|tic=3391|mle_ms=10.294
PMLE_WASM2JS_MLE_TIC|tic=3392|mle_ms=4.312
PMLE_WASM2JS_MLE_TIC|tic=3393|mle_ms=4.706
PMLE_WASM2JS_MLE_TIC|tic=3394|mle_ms=4.015
PMLE_WASM2JS_MLE_TIC|tic=3395|mle_ms=3.829
PMLE_WASM2JS_MLE_TIC|tic=3396|mle_ms=3.338
PMLE_WASM2JS_MLE_TIC|tic=3397|mle_ms=3.716
PMLE_WASM2JS_MLE_TIC|tic=3398|mle_ms=11.816
PMLE_WASM2JS_MLE_TIC|tic=3399|mle_ms=3.214
PMLE_WASM2JS_MLE_TIC|tic=3400|mle_ms=3.805
PMLE_WASM2JS_MLE_TIC|tic=3401|mle_ms=16.452
PMLE_WASM2JS_MLE_TIC|tic=3402|mle_ms=3.394
PMLE_WASM2JS_MLE_TIC|tic=3403|mle_ms=5.722
PMLE_WASM2JS_MLE_TIC|tic=3404|mle_ms=10.659
PMLE_WASM2JS_MLE_TIC|tic=3405|mle_ms=3.499
PMLE_WASM2JS_MLE_TIC|tic=3406|mle_ms=13.161
PMLE_WASM2JS_MLE_TIC|tic=3407|mle_ms=10.632
PMLE_WASM2JS_MLE_TIC|tic=3408|mle_ms=3.09
PMLE_WASM2JS_MLE_TIC|tic=3409|mle_ms=11.496
PMLE_WASM2JS_MLE_TIC|tic=3410|mle_ms=9.736
PMLE_WASM2JS_MLE_TIC|tic=3411|mle_ms=9.332
PMLE_WASM2JS_MLE_TIC|tic=3412|mle_ms=12.523
PMLE_WASM2JS_MLE_TIC|tic=3413|mle_ms=13.008
PMLE_WASM2JS_MLE_TIC|tic=3414|mle_ms=4.705
PMLE_WASM2JS_MLE_TIC|tic=3415|mle_ms=11.102
PMLE_WASM2JS_MLE_TIC|tic=3416|mle_ms=12.302
PMLE_WASM2JS_MLE_TIC|tic=3417|mle_ms=2.792
PMLE_WASM2JS_MLE_TIC|tic=3418|mle_ms=12.46
PMLE_WASM2JS_MLE_TIC|tic=3419|mle_ms=10.459
PMLE_WASM2JS_MLE_TIC|tic=3420|mle_ms=2.829
PMLE_WASM2JS_MLE_TIC|tic=3421|mle_ms=17.463
PMLE_WASM2JS_MLE_TIC|tic=3422|mle_ms=10.504
PMLE_WASM2JS_MLE_TIC|tic=3423|mle_ms=6.159
PMLE_WASM2JS_MLE_TIC|tic=3424|mle_ms=14.426
PMLE_WASM2JS_MLE_TIC|tic=3425|mle_ms=10.03
PMLE_WASM2JS_MLE_TIC|tic=3426|mle_ms=5.789
PMLE_WASM2JS_MLE_TIC|tic=3427|mle_ms=11.122
PMLE_WASM2JS_MLE_TIC|tic=3428|mle_ms=13.256
PMLE_WASM2JS_MLE_TIC|tic=3429|mle_ms=5.356
PMLE_WASM2JS_MLE_TIC|tic=3430|mle_ms=14.765
PMLE_WASM2JS_MLE_TIC|tic=3431|mle_ms=14.378
PMLE_WASM2JS_MLE_TIC|tic=3432|mle_ms=5.248
PMLE_WASM2JS_MLE_TIC|tic=3433|mle_ms=16.511
PMLE_WASM2JS_MLE_TIC|tic=3434|mle_ms=15.534
PMLE_WASM2JS_MLE_TIC|tic=3435|mle_ms=5.09
PMLE_WASM2JS_MLE_TIC|tic=3436|mle_ms=16.079
PMLE_WASM2JS_MLE_TIC|tic=3437|mle_ms=12.179
PMLE_WASM2JS_MLE_TIC|tic=3438|mle_ms=5.128
PMLE_WASM2JS_MLE_TIC|tic=3439|mle_ms=13.39
PMLE_WASM2JS_MLE_TIC|tic=3440|mle_ms=13.921
PMLE_WASM2JS_MLE_TIC|tic=3441|mle_ms=7.334
PMLE_WASM2JS_MLE_TIC|tic=3442|mle_ms=13.212
PMLE_WASM2JS_MLE_TIC|tic=3443|mle_ms=15.75
PMLE_WASM2JS_MLE_TIC|tic=3444|mle_ms=7.036
PMLE_WASM2JS_MLE_TIC|tic=3445|mle_ms=14.994
PMLE_WASM2JS_MLE_TIC|tic=3446|mle_ms=15.528
PMLE_WASM2JS_MLE_TIC|tic=3447|mle_ms=5.055
PMLE_WASM2JS_MLE_TIC|tic=3448|mle_ms=13.131
PMLE_WASM2JS_MLE_TIC|tic=3449|mle_ms=13.843
PMLE_WASM2JS_MLE_TIC|tic=3450|mle_ms=6.405
PMLE_WASM2JS_MLE_TIC|tic=3451|mle_ms=15.432
PMLE_WASM2JS_MLE_TIC|tic=3452|mle_ms=12.109
PMLE_WASM2JS_MLE_TIC|tic=3453|mle_ms=8.426
PMLE_WASM2JS_MLE_TIC|tic=3454|mle_ms=15.064
PMLE_WASM2JS_MLE_TIC|tic=3455|mle_ms=15.749
PMLE_WASM2JS_MLE_TIC|tic=3456|mle_ms=8.058
PMLE_WASM2JS_MLE_TIC|tic=3457|mle_ms=12.732
PMLE_WASM2JS_MLE_TIC|tic=3458|mle_ms=12.117
PMLE_WASM2JS_MLE_TIC|tic=3459|mle_ms=4.919
PMLE_WASM2JS_MLE_TIC|tic=3460|mle_ms=39.214
PMLE_WASM2JS_MLE_TIC|tic=3461|mle_ms=15.33
PMLE_WASM2JS_MLE_TIC|tic=3462|mle_ms=5.42
PMLE_WASM2JS_MLE_TIC|tic=3463|mle_ms=43.24
PMLE_WASM2JS_MLE_TIC|tic=3464|mle_ms=19.709
PMLE_WASM2JS_MLE_TIC|tic=3465|mle_ms=5.924
PMLE_WASM2JS_MLE_TIC|tic=3466|mle_ms=43.378
PMLE_WASM2JS_MLE_TIC|tic=3467|mle_ms=13.919
PMLE_WASM2JS_MLE_TIC|tic=3468|mle_ms=6.335
PMLE_WASM2JS_MLE_TIC|tic=3469|mle_ms=41.074
PMLE_WASM2JS_MLE_TIC|tic=3470|mle_ms=18.443
PMLE_WASM2JS_MLE_TIC|tic=3471|mle_ms=10.565
PMLE_WASM2JS_MLE_TIC|tic=3472|mle_ms=40.401
PMLE_WASM2JS_MLE_TIC|tic=3473|mle_ms=18.943
PMLE_WASM2JS_MLE_TIC|tic=3474|mle_ms=10.883
PMLE_WASM2JS_MLE_TIC|tic=3475|mle_ms=41.21
PMLE_WASM2JS_MLE_TIC|tic=3476|mle_ms=24.898
PMLE_WASM2JS_MLE_TIC|tic=3477|mle_ms=8.172
PMLE_WASM2JS_MLE_TIC|tic=3478|mle_ms=16.738
PMLE_WASM2JS_MLE_TIC|tic=3479|mle_ms=18.94
PMLE_WASM2JS_MLE_TIC|tic=3480|mle_ms=10.494
PMLE_WASM2JS_MLE_TIC|tic=3481|mle_ms=26.044
PMLE_WASM2JS_MLE_TIC|tic=3482|mle_ms=17.164
PMLE_WASM2JS_MLE_TIC|tic=3483|mle_ms=11.762
PMLE_WASM2JS_MLE_TIC|tic=3484|mle_ms=23.433
PMLE_WASM2JS_MLE_TIC|tic=3485|mle_ms=16.982
PMLE_WASM2JS_MLE_TIC|tic=3486|mle_ms=11.334
PMLE_WASM2JS_MLE_TIC|tic=3487|mle_ms=13.692
PMLE_WASM2JS_MLE_TIC|tic=3488|mle_ms=14.01
PMLE_WASM2JS_MLE_TIC|tic=3489|mle_ms=7.933
PMLE_WASM2JS_MLE_TIC|tic=3490|mle_ms=17.735
PMLE_WASM2JS_MLE_TIC|tic=3491|mle_ms=15.827
PMLE_WASM2JS_MLE_TIC|tic=3492|mle_ms=6.679
PMLE_WASM2JS_MLE_TIC|tic=3493|mle_ms=19.397
PMLE_WASM2JS_MLE_TIC|tic=3494|mle_ms=15.698
PMLE_WASM2JS_MLE_TIC|tic=3495|mle_ms=6.736
PMLE_WASM2JS_MLE_TIC|tic=3496|mle_ms=17.692
PMLE_WASM2JS_MLE_TIC|tic=3497|mle_ms=13.527
PMLE_WASM2JS_MLE_TIC|tic=3498|mle_ms=8.216
PMLE_WASM2JS_MLE_TIC|tic=3499|mle_ms=15.414
PMLE_WASM2JS_MLE_TIC|tic=3500|mle_ms=14.823
PMLE_WASM2JS_MLE_TIC|tic=3501|mle_ms=9.58
PMLE_WASM2JS_MLE_TIC|tic=3502|mle_ms=16.891
PMLE_WASM2JS_MLE_TIC|tic=3503|mle_ms=18.08
PMLE_WASM2JS_MLE_TIC|tic=3504|mle_ms=9.302
PMLE_WASM2JS_MLE_TIC|tic=3505|mle_ms=18.957
PMLE_WASM2JS_MLE_TIC|tic=3506|mle_ms=19.178
PMLE_WASM2JS_MLE_TIC|tic=3507|mle_ms=7.834
PMLE_WASM2JS_MLE_TIC|tic=3508|mle_ms=15.486
PMLE_WASM2JS_MLE_TIC|tic=3509|mle_ms=15.231
PMLE_WASM2JS_MLE_TIC|tic=3510|mle_ms=8.247
PMLE_WASM2JS_MLE_TIC|tic=3511|mle_ms=18.88
PMLE_WASM2JS_MLE_TIC|tic=3512|mle_ms=17.946
PMLE_WASM2JS_MLE_TIC|tic=3513|mle_ms=10.255
PMLE_WASM2JS_MLE_TIC|tic=3514|mle_ms=17.336
PMLE_WASM2JS_MLE_TIC|tic=3515|mle_ms=13.91
PMLE_WASM2JS_MLE_TIC|tic=3516|mle_ms=10.179
PMLE_WASM2JS_MLE_TIC|tic=3517|mle_ms=14.236
PMLE_WASM2JS_MLE_TIC|tic=3518|mle_ms=17.394
PMLE_WASM2JS_MLE_TIC|tic=3519|mle_ms=6.363
PMLE_WASM2JS_MLE_TIC|tic=3520|mle_ms=12.737
PMLE_WASM2JS_MLE_TIC|tic=3521|mle_ms=14.633
PMLE_WASM2JS_MLE_TIC|tic=3522|mle_ms=5.541
PMLE_WASM2JS_MLE_TIC|tic=3523|mle_ms=16.349
PMLE_WASM2JS_MLE_TIC|tic=3524|mle_ms=15.319
PMLE_WASM2JS_MLE_TIC|tic=3525|mle_ms=3.894
PMLE_WASM2JS_MLE_TIC|tic=3526|mle_ms=14.567
PMLE_WASM2JS_MLE_TIC|tic=3527|mle_ms=10.071
PMLE_WASM2JS_MLE_TIC|tic=3528|mle_ms=2.863
PMLE_WASM2JS_MLE_TIC|tic=3529|mle_ms=15.202
PMLE_WASM2JS_MLE_TIC|tic=3530|mle_ms=9.393
PMLE_WASM2JS_MLE_TIC|tic=3531|mle_ms=5.108
PMLE_WASM2JS_MLE_TIC|tic=3532|mle_ms=10.03
PMLE_WASM2JS_MLE_TIC|tic=3533|mle_ms=14.99
PMLE_WASM2JS_MLE_TIC|tic=3534|mle_ms=6.012
PMLE_WASM2JS_MLE_TIC|tic=3535|mle_ms=12.222
PMLE_WASM2JS_MLE_TIC|tic=3536|mle_ms=14.376
PMLE_WASM2JS_MLE_TIC|tic=3537|mle_ms=2.759
PMLE_WASM2JS_MLE_TIC|tic=3538|mle_ms=10.037
PMLE_WASM2JS_MLE_TIC|tic=3539|mle_ms=10.054
PMLE_WASM2JS_MLE_TIC|tic=3540|mle_ms=2.801
PMLE_WASM2JS_MLE_TIC|tic=3541|mle_ms=15.832
PMLE_WASM2JS_MLE_TIC|tic=3542|mle_ms=9.993
PMLE_WASM2JS_MLE_TIC|tic=3543|mle_ms=5.437
PMLE_WASM2JS_MLE_TIC|tic=3544|mle_ms=12.136
PMLE_WASM2JS_MLE_TIC|tic=3545|mle_ms=9.905
PMLE_WASM2JS_MLE_TIC|tic=3546|mle_ms=8.151
PMLE_WASM2JS_MLE_TIC|tic=3547|mle_ms=12.021
PMLE_WASM2JS_MLE_TIC|tic=3548|mle_ms=10.265
PMLE_WASM2JS_MLE_TIC|tic=3549|mle_ms=3.067
PMLE_WASM2JS_MLE_TIC|tic=3550|mle_ms=9.869
PMLE_WASM2JS_MLE_TIC|tic=3551|mle_ms=14.201
PMLE_WASM2JS_MLE_TIC|tic=3552|mle_ms=2.925
PMLE_WASM2JS_MLE_TIC|tic=3553|mle_ms=12.522
PMLE_WASM2JS_MLE_TIC|tic=3554|mle_ms=11.907
PMLE_WASM2JS_MLE_TIC|tic=3555|mle_ms=2.848
PMLE_WASM2JS_MLE_TIC|tic=3556|mle_ms=11.891
PMLE_WASM2JS_MLE_TIC|tic=3557|mle_ms=11.207
PMLE_WASM2JS_MLE_TIC|tic=3558|mle_ms=2.776
PMLE_WASM2JS_MLE_TIC|tic=3559|mle_ms=7.842
PMLE_WASM2JS_MLE_TIC|tic=3560|mle_ms=9.666
PMLE_WASM2JS_MLE_TIC|tic=3561|mle_ms=5.049
PMLE_WASM2JS_MLE_TIC|tic=3562|mle_ms=7.755
PMLE_WASM2JS_MLE_TIC|tic=3563|mle_ms=12.373
PMLE_WASM2JS_MLE_TIC|tic=3564|mle_ms=4.483
PMLE_WASM2JS_MLE_TIC|tic=3565|mle_ms=8.909
PMLE_WASM2JS_MLE_TIC|tic=3566|mle_ms=15.92
PMLE_WASM2JS_MLE_TIC|tic=3567|mle_ms=2.819
PMLE_WASM2JS_MLE_TIC|tic=3568|mle_ms=7.635
PMLE_WASM2JS_MLE_TIC|tic=3569|mle_ms=9.644
PMLE_WASM2JS_MLE_TIC|tic=3570|mle_ms=2.83
PMLE_WASM2JS_MLE_TIC|tic=3571|mle_ms=11.159
PMLE_WASM2JS_MLE_TIC|tic=3572|mle_ms=9.521
PMLE_WASM2JS_MLE_TIC|tic=3573|mle_ms=5.383
PMLE_WASM2JS_MLE_TIC|tic=3574|mle_ms=13.352
PMLE_WASM2JS_MLE_TIC|tic=3575|mle_ms=9.784
PMLE_WASM2JS_MLE_TIC|tic=3576|mle_ms=6.48
PMLE_WASM2JS_MLE_TIC|tic=3577|mle_ms=13.466
PMLE_WASM2JS_MLE_TIC|tic=3578|mle_ms=9.595
PMLE_WASM2JS_MLE_TIC|tic=3579|mle_ms=2.726
PMLE_WASM2JS_MLE_TIC|tic=3580|mle_ms=7.225
PMLE_WASM2JS_MLE_TIC|tic=3581|mle_ms=11.071
PMLE_WASM2JS_MLE_TIC|tic=3582|mle_ms=2.618
PMLE_WASM2JS_MLE_TIC|tic=3583|mle_ms=11.278
PMLE_WASM2JS_MLE_TIC|tic=3584|mle_ms=10.612
PMLE_WASM2JS_MLE_TIC|tic=3585|mle_ms=2.441
PMLE_WASM2JS_MLE_TIC|tic=3586|mle_ms=11.281
PMLE_WASM2JS_MLE_TIC|tic=3587|mle_ms=8.601
PMLE_WASM2JS_MLE_TIC|tic=3588|mle_ms=2.448
PMLE_WASM2JS_MLE_TIC|tic=3589|mle_ms=9.312
PMLE_WASM2JS_MLE_TIC|tic=3590|mle_ms=9.647
PMLE_WASM2JS_MLE_TIC|tic=3591|mle_ms=4.684
PMLE_WASM2JS_MLE_TIC|tic=3592|mle_ms=7.902
PMLE_WASM2JS_MLE_TIC|tic=3593|mle_ms=12.988
PMLE_WASM2JS_MLE_TIC|tic=3594|mle_ms=4.063
PMLE_WASM2JS_MLE_TIC|tic=3595|mle_ms=7.92
PMLE_WASM2JS_MLE_TIC|tic=3596|mle_ms=13.596
PMLE_WASM2JS_MLE_TIC|tic=3597|mle_ms=2.409
PMLE_WASM2JS_MLE_TIC|tic=3598|mle_ms=12.718
PMLE_WASM2JS_MLE_TIC|tic=3599|mle_ms=9.147
PMLE_WASM2JS_MLE_TIC|tic=3600|mle_ms=2.44
PMLE_WASM2JS_MLE_TIC|tic=3601|mle_ms=11.256
PMLE_WASM2JS_MLE_TIC|tic=3602|mle_ms=10.248
PMLE_WASM2JS_MLE_TIC|tic=3603|mle_ms=5.121
PMLE_WASM2JS_MLE_TIC|tic=3604|mle_ms=14.183
PMLE_WASM2JS_MLE_TIC|tic=3605|mle_ms=8.79
PMLE_WASM2JS_MLE_TIC|tic=3606|mle_ms=7.529
PMLE_WASM2JS_MLE_TIC|tic=3607|mle_ms=7.737
PMLE_WASM2JS_MLE_TIC|tic=3608|mle_ms=8.889
PMLE_WASM2JS_MLE_TIC|tic=3609|mle_ms=2.697
PMLE_WASM2JS_MLE_TIC|tic=3610|mle_ms=7.266
PMLE_WASM2JS_MLE_TIC|tic=3611|mle_ms=12.706
PMLE_WASM2JS_MLE_TIC|tic=3612|mle_ms=2.592
PMLE_WASM2JS_MLE_TIC|tic=3613|mle_ms=10.959
PMLE_WASM2JS_MLE_TIC|tic=3614|mle_ms=10.109
PMLE_WASM2JS_MLE_TIC|tic=3615|mle_ms=2.421
PMLE_WASM2JS_MLE_TIC|tic=3616|mle_ms=11.101
PMLE_WASM2JS_MLE_TIC|tic=3617|mle_ms=8.755
PMLE_WASM2JS_MLE_TIC|tic=3618|mle_ms=2.442
PMLE_WASM2JS_MLE_TIC|tic=3619|mle_ms=9.019
PMLE_WASM2JS_MLE_TIC|tic=3620|mle_ms=12.824
PMLE_WASM2JS_MLE_TIC|tic=3621|mle_ms=4.656
PMLE_WASM2JS_MLE_TIC|tic=3622|mle_ms=8.452
PMLE_WASM2JS_MLE_TIC|tic=3623|mle_ms=12.146
PMLE_WASM2JS_MLE_TIC|tic=3624|mle_ms=5.192
PMLE_WASM2JS_MLE_TIC|tic=3625|mle_ms=7.154
PMLE_WASM2JS_MLE_TIC|tic=3626|mle_ms=13.22
PMLE_WASM2JS_MLE_TIC|tic=3627|mle_ms=2.369
PMLE_WASM2JS_MLE_TIC|tic=3628|mle_ms=11.65
PMLE_WASM2JS_MLE_TIC|tic=3629|mle_ms=11.318
PMLE_WASM2JS_MLE_TIC|tic=3630|mle_ms=2.42
PMLE_WASM2JS_MLE_TIC|tic=3631|mle_ms=9.384
PMLE_WASM2JS_MLE_TIC|tic=3632|mle_ms=9.406
PMLE_WASM2JS_MLE_TIC|tic=3633|mle_ms=5.184
PMLE_WASM2JS_MLE_TIC|tic=3634|mle_ms=8.835
PMLE_WASM2JS_MLE_TIC|tic=3635|mle_ms=10.66
PMLE_WASM2JS_MLE_TIC|tic=3636|mle_ms=6.425
PMLE_WASM2JS_MLE_TIC|tic=3637|mle_ms=7.378
PMLE_WASM2JS_MLE_TIC|tic=3638|mle_ms=9.484
PMLE_WASM2JS_MLE_TIC|tic=3639|mle_ms=2.68
PMLE_WASM2JS_MLE_TIC|tic=3640|mle_ms=7.27
PMLE_WASM2JS_MLE_TIC|tic=3641|mle_ms=13.25
PMLE_WASM2JS_MLE_TIC|tic=3642|mle_ms=2.594
PMLE_WASM2JS_MLE_TIC|tic=3643|mle_ms=10.177
PMLE_WASM2JS_MLE_TIC|tic=3644|mle_ms=11.753
PMLE_WASM2JS_MLE_TIC|tic=3645|mle_ms=2.428
PMLE_WASM2JS_MLE_TIC|tic=3646|mle_ms=12.902
PMLE_WASM2JS_MLE_TIC|tic=3647|mle_ms=9.476
PMLE_WASM2JS_MLE_TIC|tic=3648|mle_ms=2.401
PMLE_WASM2JS_MLE_TIC|tic=3649|mle_ms=8.207
PMLE_WASM2JS_MLE_TIC|tic=3650|mle_ms=9.307
PMLE_WASM2JS_MLE_TIC|tic=3651|mle_ms=5.689
PMLE_WASM2JS_MLE_TIC|tic=3652|mle_ms=10.228
PMLE_WASM2JS_MLE_TIC|tic=3653|mle_ms=11.884
PMLE_WASM2JS_MLE_TIC|tic=3654|mle_ms=4.053
PMLE_WASM2JS_MLE_TIC|tic=3655|mle_ms=9.863
PMLE_WASM2JS_MLE_TIC|tic=3656|mle_ms=15.132
PMLE_WASM2JS_MLE_TIC|tic=3657|mle_ms=2.387
PMLE_WASM2JS_MLE_TIC|tic=3658|mle_ms=10.39
PMLE_WASM2JS_MLE_TIC|tic=3659|mle_ms=11.462
PMLE_WASM2JS_MLE_TIC|tic=3660|mle_ms=2.433
PMLE_WASM2JS_MLE_TIC|tic=3661|mle_ms=13.08
PMLE_WASM2JS_MLE_TIC|tic=3662|mle_ms=9.63
PMLE_WASM2JS_MLE_TIC|tic=3663|mle_ms=5.064
PMLE_WASM2JS_MLE_TIC|tic=3664|mle_ms=11.63
PMLE_WASM2JS_MLE_TIC|tic=3665|mle_ms=12.327
PMLE_WASM2JS_MLE_TIC|tic=3666|mle_ms=6.441
PMLE_WASM2JS_MLE_TIC|tic=3667|mle_ms=8.128
PMLE_WASM2JS_MLE_TIC|tic=3668|mle_ms=11.153
PMLE_WASM2JS_MLE_TIC|tic=3669|mle_ms=3.684
PMLE_WASM2JS_MLE_TIC|tic=3670|mle_ms=7.508
PMLE_WASM2JS_MLE_TIC|tic=3671|mle_ms=11.623
PMLE_WASM2JS_MLE_TIC|tic=3672|mle_ms=2.574
PMLE_WASM2JS_MLE_TIC|tic=3673|mle_ms=10.209
PMLE_WASM2JS_MLE_TIC|tic=3674|mle_ms=11.787
PMLE_WASM2JS_MLE_TIC|tic=3675|mle_ms=2.455
PMLE_WASM2JS_MLE_TIC|tic=3676|mle_ms=11.172
PMLE_WASM2JS_MLE_TIC|tic=3677|mle_ms=9.166
PMLE_WASM2JS_MLE_TIC|tic=3678|mle_ms=2.401
PMLE_WASM2JS_MLE_TIC|tic=3679|mle_ms=8.579
PMLE_WASM2JS_MLE_TIC|tic=3680|mle_ms=9.452
PMLE_WASM2JS_MLE_TIC|tic=3681|mle_ms=4.653
PMLE_WASM2JS_MLE_TIC|tic=3682|mle_ms=9.316
PMLE_WASM2JS_MLE_TIC|tic=3683|mle_ms=13.272
PMLE_WASM2JS_MLE_TIC|tic=3684|mle_ms=4.058
PMLE_WASM2JS_MLE_TIC|tic=3685|mle_ms=7.373
PMLE_WASM2JS_MLE_TIC|tic=3686|mle_ms=13.944
PMLE_WASM2JS_MLE_TIC|tic=3687|mle_ms=2.418
PMLE_WASM2JS_MLE_TIC|tic=3688|mle_ms=7.337
PMLE_WASM2JS_MLE_TIC|tic=3689|mle_ms=11.616
PMLE_WASM2JS_MLE_TIC|tic=3690|mle_ms=2.457
PMLE_WASM2JS_MLE_TIC|tic=3691|mle_ms=9.906
PMLE_WASM2JS_MLE_TIC|tic=3692|mle_ms=9.817
PMLE_WASM2JS_MLE_TIC|tic=3693|mle_ms=5.146
PMLE_WASM2JS_MLE_TIC|tic=3694|mle_ms=10.845
PMLE_WASM2JS_MLE_TIC|tic=3695|mle_ms=9.646
PMLE_WASM2JS_MLE_TIC|tic=3696|mle_ms=6.514
PMLE_WASM2JS_MLE_TIC|tic=3697|mle_ms=8.025
PMLE_WASM2JS_MLE_TIC|tic=3698|mle_ms=10.618
PMLE_WASM2JS_MLE_TIC|tic=3699|mle_ms=2.679
PMLE_WASM2JS_MLE_TIC|tic=3700|mle_ms=7.882
PMLE_WASM2JS_MLE_TIC|tic=3701|mle_ms=11.276
PMLE_WASM2JS_MLE_TIC|tic=3702|mle_ms=2.588
PMLE_WASM2JS_MLE_TIC|tic=3703|mle_ms=10.586
PMLE_WASM2JS_MLE_TIC|tic=3704|mle_ms=13.886
PMLE_WASM2JS_MLE_TIC|tic=3705|mle_ms=2.447
PMLE_WASM2JS_MLE_TIC|tic=3706|mle_ms=14.384
PMLE_WASM2JS_MLE_TIC|tic=3707|mle_ms=8.973
PMLE_WASM2JS_MLE_TIC|tic=3708|mle_ms=2.401
PMLE_WASM2JS_MLE_TIC|tic=3709|mle_ms=11.555
PMLE_WASM2JS_MLE_TIC|tic=3710|mle_ms=9.205
PMLE_WASM2JS_MLE_TIC|tic=3711|mle_ms=4.603
PMLE_WASM2JS_MLE_TIC|tic=3712|mle_ms=10.324
PMLE_WASM2JS_MLE_TIC|tic=3713|mle_ms=12.938
PMLE_WASM2JS_MLE_TIC|tic=3714|mle_ms=4.112
PMLE_WASM2JS_MLE_TIC|tic=3715|mle_ms=10.171
PMLE_WASM2JS_MLE_TIC|tic=3716|mle_ms=13.478
PMLE_WASM2JS_MLE_TIC|tic=3717|mle_ms=2.364
PMLE_WASM2JS_MLE_TIC|tic=3718|mle_ms=14.78
PMLE_WASM2JS_MLE_TIC|tic=3719|mle_ms=10.447
PMLE_WASM2JS_MLE_TIC|tic=3720|mle_ms=2.406
PMLE_WASM2JS_MLE_TIC|tic=3721|mle_ms=12.62
PMLE_WASM2JS_MLE_TIC|tic=3722|mle_ms=9.457
PMLE_WASM2JS_MLE_TIC|tic=3723|mle_ms=6.162
PMLE_WASM2JS_MLE_TIC|tic=3724|mle_ms=11.813
PMLE_WASM2JS_MLE_TIC|tic=3725|mle_ms=9.326
PMLE_WASM2JS_MLE_TIC|tic=3726|mle_ms=6.397
PMLE_WASM2JS_MLE_TIC|tic=3727|mle_ms=10.203
PMLE_WASM2JS_MLE_TIC|tic=3728|mle_ms=10.36
PMLE_WASM2JS_MLE_TIC|tic=3729|mle_ms=2.687
PMLE_WASM2JS_MLE_TIC|tic=3730|mle_ms=10.175
PMLE_WASM2JS_MLE_TIC|tic=3731|mle_ms=13.671
PMLE_WASM2JS_MLE_TIC|tic=3732|mle_ms=2.614
PMLE_WASM2JS_MLE_TIC|tic=3733|mle_ms=14.051
PMLE_WASM2JS_MLE_TIC|tic=3734|mle_ms=10.939
PMLE_WASM2JS_MLE_TIC|tic=3735|mle_ms=2.459
PMLE_WASM2JS_MLE_TIC|tic=3736|mle_ms=11.926
PMLE_WASM2JS_MLE_TIC|tic=3737|mle_ms=9.264
PMLE_WASM2JS_MLE_TIC|tic=3738|mle_ms=2.45
PMLE_WASM2JS_MLE_TIC|tic=3739|mle_ms=14.351
PMLE_WASM2JS_MLE_TIC|tic=3740|mle_ms=9.547
PMLE_WASM2JS_MLE_TIC|tic=3741|mle_ms=4.645
PMLE_WASM2JS_MLE_TIC|tic=3742|mle_ms=8.019
PMLE_WASM2JS_MLE_TIC|tic=3743|mle_ms=13.4
PMLE_WASM2JS_MLE_TIC|tic=3744|mle_ms=4.051
PMLE_WASM2JS_MLE_TIC|tic=3745|mle_ms=7.906
PMLE_WASM2JS_MLE_TIC|tic=3746|mle_ms=12.421
PMLE_WASM2JS_MLE_TIC|tic=3747|mle_ms=2.388
PMLE_WASM2JS_MLE_TIC|tic=3748|mle_ms=7.79
PMLE_WASM2JS_MLE_TIC|tic=3749|mle_ms=10.969
PMLE_WASM2JS_MLE_TIC|tic=3750|mle_ms=2.436
PMLE_WASM2JS_MLE_TIC|tic=3751|mle_ms=9.494
PMLE_WASM2JS_MLE_TIC|tic=3752|mle_ms=7.733
PMLE_WASM2JS_MLE_TIC|tic=3753|mle_ms=5.062
PMLE_WASM2JS_MLE_TIC|tic=3754|mle_ms=8.824
PMLE_WASM2JS_MLE_TIC|tic=3755|mle_ms=9.557
PMLE_WASM2JS_MLE_TIC|tic=3756|mle_ms=7.556
PMLE_WASM2JS_MLE_TIC|tic=3757|mle_ms=7.207
PMLE_WASM2JS_MLE_TIC|tic=3758|mle_ms=9.443
PMLE_WASM2JS_MLE_TIC|tic=3759|mle_ms=2.674
PMLE_WASM2JS_MLE_TIC|tic=3760|mle_ms=7.135
PMLE_WASM2JS_MLE_TIC|tic=3761|mle_ms=12.077
PMLE_WASM2JS_MLE_TIC|tic=3762|mle_ms=2.597
PMLE_WASM2JS_MLE_TIC|tic=3763|mle_ms=11.319
PMLE_WASM2JS_MLE_TIC|tic=3764|mle_ms=11.732
PMLE_WASM2JS_MLE_TIC|tic=3765|mle_ms=2.463
PMLE_WASM2JS_MLE_TIC|tic=3766|mle_ms=11.114
PMLE_WASM2JS_MLE_TIC|tic=3767|mle_ms=9.698
PMLE_WASM2JS_MLE_TIC|tic=3768|mle_ms=3.571
PMLE_WASM2JS_MLE_TIC|tic=3769|mle_ms=7.402
PMLE_WASM2JS_MLE_TIC|tic=3770|mle_ms=9.336
PMLE_WASM2JS_MLE_TIC|tic=3771|mle_ms=4.635
PMLE_WASM2JS_MLE_TIC|tic=3772|mle_ms=7.289
PMLE_WASM2JS_MLE_TIC|tic=3773|mle_ms=11.999
PMLE_WASM2JS_MLE_TIC|tic=3774|mle_ms=4.075
PMLE_WASM2JS_MLE_TIC|tic=3775|mle_ms=8.464
PMLE_WASM2JS_MLE_TIC|tic=3776|mle_ms=13.269
PMLE_WASM2JS_MLE_TIC|tic=3777|mle_ms=2.384
PMLE_WASM2JS_MLE_TIC|tic=3778|mle_ms=7.21
PMLE_WASM2JS_MLE_TIC|tic=3779|mle_ms=9.553
PMLE_WASM2JS_MLE_TIC|tic=3780|mle_ms=2.405
PMLE_WASM2JS_MLE_TIC|tic=3781|mle_ms=12.761
PMLE_WASM2JS_MLE_TIC|tic=3782|mle_ms=11.43
PMLE_WASM2JS_MLE_TIC|tic=3783|mle_ms=5.139
PMLE_WASM2JS_MLE_TIC|tic=3784|mle_ms=8.943
PMLE_WASM2JS_MLE_TIC|tic=3785|mle_ms=9.332
PMLE_WASM2JS_MLE_TIC|tic=3786|mle_ms=6.436
PMLE_WASM2JS_MLE_TIC|tic=3787|mle_ms=8.557
PMLE_WASM2JS_MLE_TIC|tic=3788|mle_ms=9.212
PMLE_WASM2JS_MLE_TIC|tic=3789|mle_ms=2.68
PMLE_WASM2JS_MLE_TIC|tic=3790|mle_ms=7.284
PMLE_WASM2JS_MLE_TIC|tic=3791|mle_ms=11.766
PMLE_WASM2JS_MLE_TIC|tic=3792|mle_ms=2.56
PMLE_WASM2JS_MLE_TIC|tic=3793|mle_ms=9.891
PMLE_WASM2JS_MLE_TIC|tic=3794|mle_ms=12.81
PMLE_WASM2JS_MLE_TIC|tic=3795|mle_ms=2.451
PMLE_WASM2JS_MLE_TIC|tic=3796|mle_ms=11.216
PMLE_WASM2JS_MLE_TIC|tic=3797|mle_ms=10.214
PMLE_WASM2JS_MLE_TIC|tic=3798|mle_ms=2.495
PMLE_WASM2JS_MLE_TIC|tic=3799|mle_ms=8.061
PMLE_WASM2JS_MLE_TIC|tic=3800|mle_ms=11.196
PMLE_WASM2JS_MLE_TIC|tic=3801|mle_ms=4.651
PMLE_WASM2JS_MLE_TIC|tic=3802|mle_ms=7.818
PMLE_WASM2JS_MLE_TIC|tic=3803|mle_ms=12.673
PMLE_WASM2JS_MLE_TIC|tic=3804|mle_ms=4.057
PMLE_WASM2JS_MLE_TIC|tic=3805|mle_ms=7.811
PMLE_WASM2JS_MLE_TIC|tic=3806|mle_ms=14.613
PMLE_WASM2JS_MLE_TIC|tic=3807|mle_ms=2.403
PMLE_WASM2JS_MLE_TIC|tic=3808|mle_ms=7.792
PMLE_WASM2JS_MLE_TIC|tic=3809|mle_ms=9.622
PMLE_WASM2JS_MLE_TIC|tic=3810|mle_ms=2.449
PMLE_WASM2JS_MLE_TIC|tic=3811|mle_ms=10.247
PMLE_WASM2JS_MLE_TIC|tic=3812|mle_ms=11.026
PMLE_WASM2JS_MLE_TIC|tic=3813|mle_ms=5.209
PMLE_WASM2JS_MLE_TIC|tic=3814|mle_ms=14.358
PMLE_WASM2JS_MLE_TIC|tic=3815|mle_ms=7.703
PMLE_WASM2JS_MLE_TIC|tic=3816|mle_ms=6.533
PMLE_WASM2JS_MLE_TIC|tic=3817|mle_ms=7.646
PMLE_WASM2JS_MLE_TIC|tic=3818|mle_ms=8.801
PMLE_WASM2JS_MLE_TIC|tic=3819|mle_ms=2.659
PMLE_WASM2JS_MLE_TIC|tic=3820|mle_ms=7.038
PMLE_WASM2JS_MLE_TIC|tic=3821|mle_ms=11.673
PMLE_WASM2JS_MLE_TIC|tic=3822|mle_ms=2.563
PMLE_WASM2JS_MLE_TIC|tic=3823|mle_ms=9.787
PMLE_WASM2JS_MLE_TIC|tic=3824|mle_ms=9.37
PMLE_WASM2JS_MLE_TIC|tic=3825|mle_ms=3.585
PMLE_WASM2JS_MLE_TIC|tic=3826|mle_ms=11.013
PMLE_WASM2JS_MLE_TIC|tic=3827|mle_ms=7.11
PMLE_WASM2JS_MLE_TIC|tic=3828|mle_ms=2.401
PMLE_WASM2JS_MLE_TIC|tic=3829|mle_ms=7.381
PMLE_WASM2JS_MLE_TIC|tic=3830|mle_ms=2.4
PMLE_WASM2JS_MLE_TIC|tic=3831|mle_ms=4.612
PMLE_WASM2JS_MLE_TIC|tic=3832|mle_ms=7.197
PMLE_WASM2JS_MLE_TIC|tic=3833|mle_ms=6.262
PMLE_WASM2JS_MLE_TIC|tic=3834|mle_ms=4.05
PMLE_WASM2JS_MLE_TIC|tic=3835|mle_ms=7.196
PMLE_WASM2JS_MLE_TIC|tic=3836|mle_ms=6.45
PMLE_WASM2JS_MLE_TIC|tic=3837|mle_ms=2.346
PMLE_WASM2JS_MLE_TIC|tic=3838|mle_ms=7.719
PMLE_WASM2JS_MLE_TIC|tic=3839|mle_ms=2.694
PMLE_WASM2JS_MLE_TIC|tic=3840|mle_ms=2.382
PMLE_WASM2JS_MLE_TIC|tic=3841|mle_ms=9.466
PMLE_WASM2JS_MLE_TIC|tic=3842|mle_ms=3.703
PMLE_WASM2JS_MLE_TIC|tic=3843|mle_ms=6.306
PMLE_WASM2JS_MLE_TIC|tic=3844|mle_ms=9.208
PMLE_WASM2JS_MLE_TIC|tic=3845|mle_ms=2.882
PMLE_WASM2JS_MLE_TIC|tic=3846|mle_ms=6.82
PMLE_WASM2JS_MLE_TIC|tic=3847|mle_ms=7.644
PMLE_WASM2JS_MLE_TIC|tic=3848|mle_ms=2.861
PMLE_WASM2JS_MLE_TIC|tic=3849|mle_ms=3.822
PMLE_WASM2JS_MLE_TIC|tic=3850|mle_ms=9.888
PMLE_WASM2JS_MLE_TIC|tic=3851|mle_ms=5.081
PMLE_WASM2JS_MLE_TIC|tic=3852|mle_ms=8.202
PMLE_WASM2JS_MLE_TIC|tic=3853|mle_ms=10.369
PMLE_WASM2JS_MLE_TIC|tic=3854|mle_ms=4.477
PMLE_WASM2JS_MLE_TIC|tic=3855|mle_ms=8.005
PMLE_WASM2JS_MLE_TIC|tic=3856|mle_ms=12.639
PMLE_WASM2JS_MLE_TIC|tic=3857|mle_ms=2.805
PMLE_WASM2JS_MLE_TIC|tic=3858|mle_ms=14.25
PMLE_WASM2JS_MLE_TIC|tic=3859|mle_ms=12.036
PMLE_WASM2JS_MLE_TIC|tic=3860|mle_ms=2.835
PMLE_WASM2JS_MLE_TIC|tic=3861|mle_ms=11.187
PMLE_WASM2JS_MLE_TIC|tic=3862|mle_ms=7.654
PMLE_WASM2JS_MLE_TIC|tic=3863|mle_ms=5.552
PMLE_WASM2JS_MLE_TIC|tic=3864|mle_ms=14.781
PMLE_WASM2JS_MLE_TIC|tic=3865|mle_ms=7.768
PMLE_WASM2JS_MLE_TIC|tic=3866|mle_ms=7.955
PMLE_WASM2JS_MLE_TIC|tic=3867|mle_ms=7.665
PMLE_WASM2JS_MLE_TIC|tic=3868|mle_ms=7.445
PMLE_WASM2JS_MLE_TIC|tic=3869|mle_ms=3.075
PMLE_WASM2JS_MLE_TIC|tic=3870|mle_ms=7.623
PMLE_WASM2JS_MLE_TIC|tic=3871|mle_ms=9.703
PMLE_WASM2JS_MLE_TIC|tic=3872|mle_ms=3.945
PMLE_WASM2JS_MLE_TIC|tic=3873|mle_ms=10.221
PMLE_WASM2JS_MLE_TIC|tic=3874|mle_ms=9.07
PMLE_WASM2JS_MLE_TIC|tic=3875|mle_ms=2.887
PMLE_WASM2JS_MLE_TIC|tic=3876|mle_ms=11.602
PMLE_WASM2JS_MLE_TIC|tic=3877|mle_ms=12.856
PMLE_WASM2JS_MLE_TIC|tic=3878|mle_ms=2.808
PMLE_WASM2JS_MLE_TIC|tic=3879|mle_ms=7.774
PMLE_WASM2JS_MLE_TIC|tic=3880|mle_ms=7.36
PMLE_WASM2JS_MLE_TIC|tic=3881|mle_ms=4.998
PMLE_WASM2JS_MLE_TIC|tic=3882|mle_ms=7.644
PMLE_WASM2JS_MLE_TIC|tic=3883|mle_ms=11.184
PMLE_WASM2JS_MLE_TIC|tic=3884|mle_ms=4.368
PMLE_WASM2JS_MLE_TIC|tic=3885|mle_ms=7.471
PMLE_WASM2JS_MLE_TIC|tic=3886|mle_ms=12.008
PMLE_WASM2JS_MLE_TIC|tic=3887|mle_ms=2.72
PMLE_WASM2JS_MLE_TIC|tic=3888|mle_ms=7.53
PMLE_WASM2JS_MLE_TIC|tic=3889|mle_ms=9.567
PMLE_WASM2JS_MLE_TIC|tic=3890|mle_ms=2.747
PMLE_WASM2JS_MLE_TIC|tic=3891|mle_ms=9.665
PMLE_WASM2JS_MLE_TIC|tic=3892|mle_ms=8.306
PMLE_WASM2JS_MLE_TIC|tic=3893|mle_ms=5.457
PMLE_WASM2JS_MLE_TIC|tic=3894|mle_ms=10.153
PMLE_WASM2JS_MLE_TIC|tic=3895|mle_ms=8.152
PMLE_WASM2JS_MLE_TIC|tic=3896|mle_ms=6.694
PMLE_WASM2JS_MLE_TIC|tic=3897|mle_ms=7.442
PMLE_WASM2JS_MLE_TIC|tic=3898|mle_ms=8.252
PMLE_WASM2JS_MLE_TIC|tic=3899|mle_ms=3.034
PMLE_WASM2JS_MLE_TIC|tic=3900|mle_ms=8.603
PMLE_WASM2JS_MLE_TIC|tic=3901|mle_ms=10.433
PMLE_WASM2JS_MLE_TIC|tic=3902|mle_ms=2.858
PMLE_WASM2JS_MLE_TIC|tic=3903|mle_ms=10.059
PMLE_WASM2JS_MLE_TIC|tic=3904|mle_ms=9.845
PMLE_WASM2JS_MLE_TIC|tic=3905|mle_ms=3.951
PMLE_WASM2JS_MLE_TIC|tic=3906|mle_ms=11.478
PMLE_WASM2JS_MLE_TIC|tic=3907|mle_ms=8.149
PMLE_WASM2JS_MLE_TIC|tic=3908|mle_ms=2.729
PMLE_WASM2JS_MLE_TIC|tic=3909|mle_ms=7.748
PMLE_WASM2JS_MLE_TIC|tic=3910|mle_ms=10.484
PMLE_WASM2JS_MLE_TIC|tic=3911|mle_ms=5.026
PMLE_WASM2JS_MLE_TIC|tic=3912|mle_ms=7.242
PMLE_WASM2JS_MLE_TIC|tic=3913|mle_ms=10.821
PMLE_WASM2JS_MLE_TIC|tic=3914|mle_ms=4.398
PMLE_WASM2JS_MLE_TIC|tic=3915|mle_ms=2.823
PMLE_WASM2JS_MLE_TIC|tic=3916|mle_ms=13.2
PMLE_WASM2JS_MLE_TIC|tic=3917|mle_ms=2.754
PMLE_WASM2JS_MLE_TIC|tic=3918|mle_ms=2.74
PMLE_WASM2JS_MLE_TIC|tic=3919|mle_ms=7.771
PMLE_WASM2JS_MLE_TIC|tic=3920|mle_ms=2.845
PMLE_WASM2JS_MLE_TIC|tic=3921|mle_ms=4.952
PMLE_WASM2JS_MLE_TIC|tic=3922|mle_ms=7.587
PMLE_WASM2JS_MLE_TIC|tic=3923|mle_ms=5.368
PMLE_WASM2JS_MLE_TIC|tic=3924|mle_ms=4.342
PMLE_WASM2JS_MLE_TIC|tic=3925|mle_ms=8.662
PMLE_WASM2JS_MLE_TIC|tic=3926|mle_ms=6.662
PMLE_WASM2JS_MLE_TIC|tic=3927|mle_ms=2.666
PMLE_WASM2JS_MLE_TIC|tic=3928|mle_ms=8.475
PMLE_WASM2JS_MLE_TIC|tic=3929|mle_ms=3.451
PMLE_WASM2JS_MLE_TIC|tic=3930|mle_ms=3.067
PMLE_WASM2JS_MLE_TIC|tic=3931|mle_ms=15.332
PMLE_WASM2JS_MLE_TIC|tic=3932|mle_ms=3.217
PMLE_WASM2JS_MLE_TIC|tic=3933|mle_ms=5.801
PMLE_WASM2JS_MLE_TIC|tic=3934|mle_ms=10.029
PMLE_WASM2JS_MLE_TIC|tic=3935|mle_ms=3.187
PMLE_WASM2JS_MLE_TIC|tic=3936|mle_ms=7.1
PMLE_WASM2JS_MLE_TIC|tic=3937|mle_ms=13.705
PMLE_WASM2JS_MLE_TIC|tic=3938|mle_ms=3.064
PMLE_WASM2JS_MLE_TIC|tic=3939|mle_ms=3.346
PMLE_WASM2JS_MLE_TIC|tic=3940|mle_ms=13.002
PMLE_WASM2JS_MLE_TIC|tic=3941|mle_ms=5.374
PMLE_WASM2JS_MLE_TIC|tic=3942|mle_ms=3.53
PMLE_WASM2JS_MLE_TIC|tic=3943|mle_ms=17.521
PMLE_WASM2JS_MLE_TIC|tic=3944|mle_ms=4.562
PMLE_WASM2JS_MLE_TIC|tic=3945|mle_ms=2.96
PMLE_WASM2JS_MLE_TIC|tic=3946|mle_ms=20.641
PMLE_WASM2JS_MLE_TIC|tic=3947|mle_ms=2.908
PMLE_WASM2JS_MLE_TIC|tic=3948|mle_ms=2.811
PMLE_WASM2JS_MLE_TIC|tic=3949|mle_ms=13.772
PMLE_WASM2JS_MLE_TIC|tic=3950|mle_ms=2.845
PMLE_WASM2JS_MLE_TIC|tic=3951|mle_ms=5.051
PMLE_WASM2JS_MLE_TIC|tic=3952|mle_ms=12.403
PMLE_WASM2JS_MLE_TIC|tic=3953|mle_ms=5.547
PMLE_WASM2JS_MLE_TIC|tic=3954|mle_ms=4.463
PMLE_WASM2JS_MLE_TIC|tic=3955|mle_ms=13.513
PMLE_WASM2JS_MLE_TIC|tic=3956|mle_ms=6.876
PMLE_WASM2JS_MLE_TIC|tic=3957|mle_ms=2.834
PMLE_WASM2JS_MLE_TIC|tic=3958|mle_ms=12.355
PMLE_WASM2JS_MLE_TIC|tic=3959|mle_ms=3.107
PMLE_WASM2JS_MLE_TIC|tic=3960|mle_ms=2.777
PMLE_WASM2JS_MLE_TIC|tic=3961|mle_ms=14.692
PMLE_WASM2JS_MLE_TIC|tic=3962|mle_ms=4.189
PMLE_WASM2JS_MLE_TIC|tic=3963|mle_ms=5.421
PMLE_WASM2JS_MLE_TIC|tic=3964|mle_ms=9.759
PMLE_WASM2JS_MLE_TIC|tic=3965|mle_ms=2.819
PMLE_WASM2JS_MLE_TIC|tic=3966|mle_ms=6.744
PMLE_WASM2JS_MLE_TIC|tic=3967|mle_ms=8.202
PMLE_WASM2JS_MLE_TIC|tic=3968|mle_ms=2.786
PMLE_WASM2JS_MLE_TIC|tic=3969|mle_ms=3.088
PMLE_WASM2JS_MLE_TIC|tic=3970|mle_ms=9.352
PMLE_WASM2JS_MLE_TIC|tic=3971|mle_ms=5.07
PMLE_WASM2JS_MLE_TIC|tic=3972|mle_ms=2.875
PMLE_WASM2JS_MLE_TIC|tic=3973|mle_ms=11.309
PMLE_WASM2JS_MLE_TIC|tic=3974|mle_ms=4.422
PMLE_WASM2JS_MLE_TIC|tic=3975|mle_ms=2.727
PMLE_WASM2JS_MLE_TIC|tic=3976|mle_ms=12.018
PMLE_WASM2JS_MLE_TIC|tic=3977|mle_ms=3.82
PMLE_WASM2JS_MLE_TIC|tic=3978|mle_ms=4.237
PMLE_WASM2JS_MLE_TIC|tic=3979|mle_ms=8.774
PMLE_WASM2JS_MLE_TIC|tic=3980|mle_ms=3.214
PMLE_WASM2JS_MLE_TIC|tic=3981|mle_ms=5.366
PMLE_WASM2JS_MLE_TIC|tic=3982|mle_ms=7.899
PMLE_WASM2JS_MLE_TIC|tic=3983|mle_ms=6.369
PMLE_WASM2JS_MLE_TIC|tic=3984|mle_ms=4.809
PMLE_WASM2JS_MLE_TIC|tic=3985|mle_ms=8.944
PMLE_WASM2JS_MLE_TIC|tic=3986|mle_ms=11.788
PMLE_WASM2JS_MLE_TIC|tic=3987|mle_ms=3.121
PMLE_WASM2JS_MLE_TIC|tic=3988|mle_ms=7.724
PMLE_WASM2JS_MLE_TIC|tic=3989|mle_ms=8.141
PMLE_WASM2JS_MLE_TIC|tic=3990|mle_ms=3.146
PMLE_WASM2JS_MLE_TIC|tic=3991|mle_ms=11.188
PMLE_WASM2JS_MLE_TIC|tic=3992|mle_ms=8.014
PMLE_WASM2JS_MLE_TIC|tic=3993|mle_ms=5.76
PMLE_WASM2JS_MLE_TIC|tic=3994|mle_ms=9.284
PMLE_WASM2JS_MLE_TIC|tic=3995|mle_ms=12.096
PMLE_WASM2JS_MLE_TIC|tic=3996|mle_ms=7.167
PMLE_WASM2JS_MLE_TIC|tic=3997|mle_ms=8.868
PMLE_WASM2JS_MLE_TIC|tic=3998|mle_ms=9.056
PMLE_WASM2JS_MLE_TIC|tic=3999|mle_ms=3.418
PMLE_WASM2JS_MLE_TIC|tic=4000|mle_ms=7.806
PMLE_WASM2JS_MLE_TIC|tic=4001|mle_ms=9.601
PMLE_WASM2JS_MLE_TIC|tic=4002|mle_ms=3.275
PMLE_WASM2JS_MLE_TIC|tic=4003|mle_ms=11.648
PMLE_WASM2JS_MLE_TIC|tic=4004|mle_ms=4.762
PMLE_WASM2JS_MLE_TIC|tic=4005|mle_ms=3.173
PMLE_WASM2JS_MLE_TIC|tic=4006|mle_ms=11.69
PMLE_WASM2JS_MLE_TIC|tic=4007|mle_ms=3.175
PMLE_WASM2JS_MLE_TIC|tic=4008|mle_ms=3.148
PMLE_WASM2JS_MLE_TIC|tic=4009|mle_ms=8.255
PMLE_WASM2JS_MLE_TIC|tic=4010|mle_ms=3.145
PMLE_WASM2JS_MLE_TIC|tic=4011|mle_ms=6.449
PMLE_WASM2JS_MLE_TIC|tic=4012|mle_ms=7.839
PMLE_WASM2JS_MLE_TIC|tic=4013|mle_ms=5.799
PMLE_WASM2JS_MLE_TIC|tic=4014|mle_ms=4.709
PMLE_WASM2JS_MLE_TIC|tic=4015|mle_ms=8.178
PMLE_WASM2JS_MLE_TIC|tic=4016|mle_ms=7.067
PMLE_WASM2JS_MLE_TIC|tic=4017|mle_ms=4.212
PMLE_WASM2JS_MLE_TIC|tic=4018|mle_ms=8.169
PMLE_WASM2JS_MLE_TIC|tic=4019|mle_ms=4.928
PMLE_WASM2JS_MLE_TIC|tic=4020|mle_ms=3.347
PMLE_WASM2JS_MLE_TIC|tic=4021|mle_ms=10.333
PMLE_WASM2JS_MLE_TIC|tic=4022|mle_ms=3.548
PMLE_WASM2JS_MLE_TIC|tic=4023|mle_ms=6.97
PMLE_WASM2JS_MLE_TIC|tic=4024|mle_ms=9.658
PMLE_WASM2JS_MLE_TIC|tic=4025|mle_ms=3.391
PMLE_WASM2JS_MLE_TIC|tic=4026|mle_ms=13.308
PMLE_WASM2JS_MLE_TIC|tic=4027|mle_ms=8.11
PMLE_WASM2JS_MLE_TIC|tic=4028|mle_ms=3.325
PMLE_WASM2JS_MLE_TIC|tic=4029|mle_ms=8.329
PMLE_WASM2JS_MLE_TIC|tic=4030|mle_ms=8.014
PMLE_WASM2JS_MLE_TIC|tic=4031|mle_ms=5.576
PMLE_WASM2JS_MLE_TIC|tic=4032|mle_ms=8.329
PMLE_WASM2JS_MLE_TIC|tic=4033|mle_ms=11.891
PMLE_WASM2JS_MLE_TIC|tic=4034|mle_ms=4.975
PMLE_WASM2JS_MLE_TIC|tic=4035|mle_ms=8.389
PMLE_WASM2JS_MLE_TIC|tic=4036|mle_ms=13.628
PMLE_WASM2JS_MLE_TIC|tic=4037|mle_ms=3.554
PMLE_WASM2JS_MLE_TIC|tic=4038|mle_ms=8.735
PMLE_WASM2JS_MLE_TIC|tic=4039|mle_ms=9.704
PMLE_WASM2JS_MLE_TIC|tic=4040|mle_ms=3.515
PMLE_WASM2JS_MLE_TIC|tic=4041|mle_ms=11.223
PMLE_WASM2JS_MLE_TIC|tic=4042|mle_ms=8.414
PMLE_WASM2JS_MLE_TIC|tic=4043|mle_ms=6.273
PMLE_WASM2JS_MLE_TIC|tic=4044|mle_ms=10.751
PMLE_WASM2JS_MLE_TIC|tic=4045|mle_ms=9.699
PMLE_WASM2JS_MLE_TIC|tic=4046|mle_ms=7.603
PMLE_WASM2JS_MLE_TIC|tic=4047|mle_ms=11.181
PMLE_WASM2JS_MLE_TIC|tic=4048|mle_ms=8.25
PMLE_WASM2JS_MLE_TIC|tic=4049|mle_ms=3.634
PMLE_WASM2JS_MLE_TIC|tic=4050|mle_ms=10.749
PMLE_WASM2JS_MLE_TIC|tic=4051|mle_ms=11.386
PMLE_WASM2JS_MLE_TIC|tic=4052|mle_ms=3.525
PMLE_WASM2JS_MLE_TIC|tic=4053|mle_ms=14.063
PMLE_WASM2JS_MLE_TIC|tic=4054|mle_ms=9.668
PMLE_WASM2JS_MLE_TIC|tic=4055|mle_ms=3.413
PMLE_WASM2JS_MLE_TIC|tic=4056|mle_ms=16.041
PMLE_WASM2JS_MLE_TIC|tic=4057|mle_ms=8.03
PMLE_WASM2JS_MLE_TIC|tic=4058|mle_ms=3.285
PMLE_WASM2JS_MLE_TIC|tic=4059|mle_ms=19.339
PMLE_WASM2JS_MLE_TIC|tic=4060|mle_ms=12.269
PMLE_WASM2JS_MLE_TIC|tic=4061|mle_ms=7.566
PMLE_WASM2JS_MLE_TIC|tic=4062|mle_ms=14.116
PMLE_WASM2JS_MLE_TIC|tic=4063|mle_ms=11.529
PMLE_WASM2JS_MLE_TIC|tic=4064|mle_ms=3.514
PMLE_WASM2JS_MLE_TIC|tic=4065|mle_ms=3.39
PMLE_WASM2JS_MLE_TIC|tic=4066|mle_ms=3.509
PMLE_WASM2JS_MLE_TIC|tic=4067|mle_ms=3.264
PMLE_WASM2JS_MLE_TIC|tic=4068|mle_ms=3.285
PMLE_WASM2JS_MLE_TIC|tic=4069|mle_ms=4.571
PMLE_WASM2JS_MLE_TIC|tic=4070|mle_ms=3.305
PMLE_WASM2JS_MLE_TIC|tic=4071|mle_ms=3.248
PMLE_WASM2JS_MLE_TIC|tic=4072|mle_ms=3.353
PMLE_WASM2JS_MLE_TIC|tic=4073|mle_ms=3.446
PMLE_WASM2JS_MLE_TIC|tic=4074|mle_ms=3.377
PMLE_WASM2JS_MLE_TIC|tic=4075|mle_ms=3.264
PMLE_WASM2JS_MLE_TIC|tic=4076|mle_ms=3.376
PMLE_WASM2JS_MLE_TIC|tic=4077|mle_ms=3.162
PMLE_WASM2JS_MLE_TIC|tic=4078|mle_ms=3.198
PMLE_WASM2JS_MLE_TIC|tic=4079|mle_ms=3.268
PMLE_WASM2JS_MLE_TIC|tic=4080|mle_ms=3.302
PMLE_WASM2JS_MLE_TIC|tic=4081|mle_ms=3.348
PMLE_WASM2JS_MLE_TIC|tic=4082|mle_ms=3.632
PMLE_WASM2JS_MLE_TIC|tic=4083|mle_ms=3.59
PMLE_WASM2JS_MLE_TIC|tic=4084|mle_ms=4.876
PMLE_WASM2JS_MLE_TIC|tic=4085|mle_ms=3.507
PMLE_WASM2JS_MLE_TIC|tic=4086|mle_ms=3.634
PMLE_WASM2JS_MLE_TIC|tic=4087|mle_ms=3.523
PMLE_WASM2JS_MLE_TIC|tic=4088|mle_ms=3.487
PMLE_WASM2JS_MLE_TIC|tic=4089|mle_ms=3.492
PMLE_WASM2JS_MLE_TIC|tic=4090|mle_ms=3.556
PMLE_WASM2JS_MLE_TIC|tic=4091|mle_ms=3.548
PMLE_WASM2JS_MLE_TIC|tic=4092|mle_ms=3.594
PMLE_WASM2JS_MLE_TIC|tic=4093|mle_ms=3.641
PMLE_WASM2JS_MLE_TIC|tic=4094|mle_ms=3.636
PMLE_WASM2JS_MLE_TIC|tic=4095|mle_ms=3.543
PMLE_WASM2JS_MLE_TIC|tic=4096|mle_ms=3.408
PMLE_WASM2JS_MLE_TIC|tic=4097|mle_ms=3.246
PMLE_WASM2JS_MLE_TIC|tic=4098|mle_ms=4.419
PMLE_WASM2JS_MLE_TIC|tic=4099|mle_ms=3.267
PMLE_WASM2JS_MLE_TIC|tic=4100|mle_ms=3.217
PMLE_WASM2JS_MLE_TIC|tic=4101|mle_ms=3.228
PMLE_WASM2JS_MLE_TIC|tic=4102|mle_ms=3.255
PMLE_WASM2JS_MLE_TIC|tic=4103|mle_ms=2.98
PMLE_WASM2JS_MLE_TIC|tic=4104|mle_ms=3.099
PMLE_WASM2JS_MLE_TIC|tic=4105|mle_ms=3.044
PMLE_WASM2JS_MLE_TIC|tic=4106|mle_ms=3.211
PMLE_WASM2JS_MLE_TIC|tic=4107|mle_ms=2.926
PMLE_WASM2JS_MLE_TIC|tic=4108|mle_ms=3.038
PMLE_WASM2JS_MLE_TIC|tic=4109|mle_ms=2.987
PMLE_WASM2JS_MLE_TIC|tic=4110|mle_ms=2.953
PMLE_WASM2JS_MLE_TIC|tic=4111|mle_ms=3.009
PMLE_WASM2JS_MLE_TIC|tic=4112|mle_ms=2.975
PMLE_WASM2JS_MLE_TIC|tic=4113|mle_ms=4.146
PMLE_WASM2JS_MLE_TIC|tic=4114|mle_ms=3.076
PMLE_WASM2JS_MLE_TIC|tic=4115|mle_ms=2.934
PMLE_WASM2JS_MLE_TIC|tic=4116|mle_ms=3.063
PMLE_WASM2JS_MLE_TIC|tic=4117|mle_ms=2.963
PMLE_WASM2JS_MLE_TIC|tic=4118|mle_ms=3.205
PMLE_WASM2JS_MLE_TIC|tic=4119|mle_ms=3.202
PMLE_WASM2JS_MLE_TIC|tic=4120|mle_ms=3.393
PMLE_WASM2JS_MLE_TIC|tic=4121|mle_ms=3.314
PMLE_WASM2JS_MLE_TIC|tic=4122|mle_ms=3.371
PMLE_WASM2JS_MLE_TIC|tic=4123|mle_ms=3.409
PMLE_WASM2JS_MLE_TIC|tic=4124|mle_ms=3.406
PMLE_WASM2JS_MLE_TIC|tic=4125|mle_ms=3.353
PMLE_WASM2JS_MLE_TIC|tic=4126|mle_ms=3.447
PMLE_WASM2JS_MLE_TIC|tic=4127|mle_ms=4.412
PMLE_WASM2JS_MLE_TIC|tic=4128|mle_ms=3.339
PMLE_WASM2JS_MLE_TIC|tic=4129|mle_ms=3.34
PMLE_WASM2JS_MLE_TIC|tic=4130|mle_ms=3.352
PMLE_WASM2JS_MLE_TIC|tic=4131|mle_ms=3.369
PMLE_WASM2JS_MLE_TIC|tic=4132|mle_ms=3.02
PMLE_WASM2JS_MLE_TIC|tic=4133|mle_ms=2.734
PMLE_WASM2JS_MLE_TIC|tic=4134|mle_ms=2.828
PMLE_WASM2JS_MLE_TIC|tic=4135|mle_ms=2.704
PMLE_WASM2JS_MLE_TIC|tic=4136|mle_ms=2.851
PMLE_WASM2JS_MLE_TIC|tic=4137|mle_ms=2.589
PMLE_WASM2JS_MLE_TIC|tic=4138|mle_ms=2.608
PMLE_WASM2JS_MLE_TIC|tic=4139|mle_ms=2.662
PMLE_WASM2JS_MLE_TIC|tic=4140|mle_ms=2.661
PMLE_WASM2JS_MLE_TIC|tic=4141|mle_ms=2.694
PMLE_WASM2JS_MLE_TIC|tic=4142|mle_ms=2.727
PMLE_WASM2JS_MLE_TIC|tic=4143|mle_ms=3.821
PMLE_WASM2JS_MLE_TIC|tic=4144|mle_ms=2.859
PMLE_WASM2JS_MLE_TIC|tic=4145|mle_ms=2.726
PMLE_WASM2JS_MLE_TIC|tic=4146|mle_ms=2.841
PMLE_WASM2JS_MLE_TIC|tic=4147|mle_ms=2.705
PMLE_WASM2JS_MLE_TIC|tic=4148|mle_ms=2.636
PMLE_WASM2JS_MLE_TIC|tic=4149|mle_ms=2.63
PMLE_WASM2JS_MLE_TIC|tic=4150|mle_ms=2.671
PMLE_WASM2JS_MLE_TIC|tic=4151|mle_ms=2.668
PMLE_WASM2JS_MLE_TIC|tic=4152|mle_ms=2.694
PMLE_WASM2JS_MLE_TIC|tic=4153|mle_ms=2.711
PMLE_WASM2JS_MLE_TIC|tic=4154|mle_ms=2.817
PMLE_WASM2JS_MLE_TIC|tic=4155|mle_ms=2.693
PMLE_WASM2JS_MLE_TIC|tic=4156|mle_ms=2.85
PMLE_WASM2JS_MLE_TIC|tic=4157|mle_ms=2.858
PMLE_WASM2JS_MLE_TIC|tic=4158|mle_ms=2.883
PMLE_WASM2JS_MLE_TIC|tic=4159|mle_ms=3.933
PMLE_WASM2JS_MLE_TIC|tic=4160|mle_ms=2.814
PMLE_WASM2JS_MLE_TIC|tic=4161|mle_ms=2.811
PMLE_WASM2JS_MLE_TIC|tic=4162|mle_ms=2.881
PMLE_WASM2JS_MLE_TIC|tic=4163|mle_ms=2.881
PMLE_WASM2JS_MLE_TIC|tic=4164|mle_ms=2.984
PMLE_WASM2JS_MLE_TIC|tic=4165|mle_ms=2.865
PMLE_WASM2JS_MLE_TIC|tic=4166|mle_ms=2.995
PMLE_WASM2JS_MLE_TIC|tic=4167|mle_ms=2.768
PMLE_WASM2JS_MLE_TIC|tic=4168|mle_ms=2.857
PMLE_WASM2JS_MLE_TIC|tic=4169|mle_ms=2.686
PMLE_WASM2JS_MLE_TIC|tic=4170|mle_ms=2.344
PMLE_WASM2JS_MLE_TIC|tic=4171|mle_ms=2.459
PMLE_WASM2JS_MLE_TIC|tic=4172|mle_ms=2.448
PMLE_WASM2JS_MLE_TIC|tic=4173|mle_ms=2.46
PMLE_WASM2JS_MLE_TIC|tic=4174|mle_ms=2.486
PMLE_WASM2JS_MLE_TIC|tic=4175|mle_ms=3.449
PMLE_WASM2JS_MLE_TIC|tic=4176|mle_ms=2.537
PMLE_WASM2JS_MLE_TIC|tic=4177|mle_ms=2.358
PMLE_WASM2JS_MLE_TIC|tic=4178|mle_ms=2.317
PMLE_WASM2JS_MLE_TIC|tic=4179|mle_ms=2.355
PMLE_WASM2JS_MLE_TIC|tic=4180|mle_ms=2.356
PMLE_WASM2JS_MLE_TIC|tic=4181|mle_ms=2.35
PMLE_WASM2JS_MLE_TIC|tic=4182|mle_ms=2.4
PMLE_WASM2JS_MLE_TIC|tic=4183|mle_ms=2.449
PMLE_WASM2JS_MLE_TIC|tic=4184|mle_ms=2.5
PMLE_WASM2JS_MLE_TIC|tic=4185|mle_ms=2.435
PMLE_WASM2JS_MLE_TIC|tic=4186|mle_ms=2.526
PMLE_WASM2JS_MLE_TIC|tic=4187|mle_ms=2.319
PMLE_WASM2JS_MLE_TIC|tic=4188|mle_ms=2.375
PMLE_WASM2JS_MLE_TIC|tic=4189|mle_ms=2.411
PMLE_WASM2JS_MLE_TIC|tic=4190|mle_ms=2.361
PMLE_WASM2JS_MLE_TIC|tic=4191|mle_ms=2.344
PMLE_WASM2JS_MLE_TIC|tic=4192|mle_ms=2.444
PMLE_WASM2JS_MLE_TIC|tic=4193|mle_ms=3.491
PMLE_WASM2JS_MLE_TIC|tic=4194|mle_ms=2.524
PMLE_WASM2JS_MLE_TIC|tic=4195|mle_ms=2.392
PMLE_WASM2JS_MLE_TIC|tic=4196|mle_ms=2.474
PMLE_WASM2JS_MLE_TIC|tic=4197|mle_ms=2.299
PMLE_WASM2JS_MLE_TIC|tic=4198|mle_ms=2.305
PMLE_WASM2JS_MLE_TIC|tic=4199|mle_ms=2.34
PMLE_WASM2JS_MLE_TIC|tic=4200|mle_ms=2.363
PMLE_WASM2JS_MLE_TIC|tic=4201|mle_ms=2.394
PMLE_WASM2JS_MLE_TIC|tic=4202|mle_ms=2.436
PMLE_WASM2JS_MLE_TIC|tic=4203|mle_ms=2.381
PMLE_WASM2JS_MLE_TIC|tic=4204|mle_ms=2.513
PMLE_WASM2JS_MLE_TIC|tic=4205|mle_ms=2.399
PMLE_WASM2JS_MLE_TIC|tic=4206|mle_ms=2.49
PMLE_WASM2JS_MLE_TIC|tic=4207|mle_ms=2.312
PMLE_WASM2JS_MLE_TIC|tic=4208|mle_ms=2.318
PMLE_WASM2JS_MLE_TIC|tic=4209|mle_ms=2.339
PMLE_WASM2JS_MLE_TIC|tic=4210|mle_ms=2.309
PMLE_WASM2JS_MLE_TIC|tic=4211|mle_ms=3.344
PMLE_WASM2JS_MLE_TIC|tic=4212|mle_ms=2.487
PMLE_WASM2JS_MLE_TIC|tic=4213|mle_ms=2.428
PMLE_WASM2JS_MLE_TIC|tic=4214|mle_ms=2.494
PMLE_WASM2JS_MLE_TIC|tic=4215|mle_ms=2.359
PMLE_WASM2JS_MLE_TIC|tic=4216|mle_ms=2.496
PMLE_WASM2JS_MLE_TIC|tic=4217|mle_ms=2.292
PMLE_WASM2JS_MLE_TIC|tic=4218|mle_ms=2.325
PMLE_WASM2JS_MLE_TIC|tic=4219|mle_ms=2.37
PMLE_WASM2JS_MLE_TIC|tic=4220|mle_ms=2.295
PMLE_WASM2JS_MLE_TIC|tic=4221|mle_ms=2.321
PMLE_WASM2JS_MLE_TIC|tic=4222|mle_ms=2.405
PMLE_WASM2JS_MLE_TIC|tic=4223|mle_ms=2.411
PMLE_WASM2JS_MLE_TIC|tic=4224|mle_ms=2.477
PMLE_WASM2JS_MLE_TIC|tic=4225|mle_ms=2.401
PMLE_WASM2JS_MLE_TIC|tic=4226|mle_ms=2.469
PMLE_WASM2JS_MLE_TIC|tic=4227|mle_ms=2.296
PMLE_WASM2JS_MLE_TIC|tic=4228|mle_ms=3.326
PMLE_WASM2JS_MLE_TIC|tic=4229|mle_ms=2.379
PMLE_WASM2JS_MLE_TIC|tic=4230|mle_ms=2.334
PMLE_WASM2JS_MLE_TIC|tic=4231|mle_ms=2.348
PMLE_WASM2JS_MLE_TIC|tic=4232|mle_ms=2.388
PMLE_WASM2JS_MLE_TIC|tic=4233|mle_ms=2.415
PMLE_WASM2JS_MLE_TIC|tic=4234|mle_ms=2.441
PMLE_WASM2JS_MLE_TIC|tic=4235|mle_ms=2.371
PMLE_WASM2JS_MLE_TIC|tic=4236|mle_ms=2.47
PMLE_WASM2JS_MLE_TIC|tic=4237|mle_ms=2.295
PMLE_WASM2JS_MLE_TIC|tic=4238|mle_ms=2.301
PMLE_WASM2JS_MLE_TIC|tic=4239|mle_ms=2.324
PMLE_WASM2JS_MLE_TIC|tic=4240|mle_ms=2.314
PMLE_WASM2JS_MLE_TIC|tic=4241|mle_ms=2.382
PMLE_WASM2JS_MLE_TIC|tic=4242|mle_ms=2.423
PMLE_WASM2JS_MLE_TIC|tic=4243|mle_ms=2.454
PMLE_WASM2JS_MLE_TIC|tic=4244|mle_ms=2.45
PMLE_WASM2JS_MLE_TIC|tic=4245|mle_ms=3.342
PMLE_WASM2JS_MLE_TIC|tic=4246|mle_ms=2.461
PMLE_WASM2JS_MLE_TIC|tic=4247|mle_ms=2.274
PMLE_WASM2JS_MLE_TIC|tic=4248|mle_ms=2.349
PMLE_WASM2JS_MLE_TIC|tic=4249|mle_ms=2.341
PMLE_WASM2JS_MLE_TIC|tic=4250|mle_ms=2.304
PMLE_WASM2JS_MLE_TIC|tic=4251|mle_ms=2.367
PMLE_WASM2JS_MLE_TIC|tic=4252|mle_ms=2.426
PMLE_WASM2JS_MLE_TIC|tic=4253|mle_ms=2.445
PMLE_WASM2JS_MLE_TIC|tic=4254|mle_ms=2.512
PMLE_WASM2JS_MLE_TIC|tic=4255|mle_ms=2.415
PMLE_WASM2JS_MLE_TIC|tic=4256|mle_ms=2.466
PMLE_WASM2JS_MLE_TIC|tic=4257|mle_ms=2.274
PMLE_WASM2JS_MLE_TIC|tic=4258|mle_ms=2.32
PMLE_WASM2JS_MLE_TIC|tic=4259|mle_ms=2.355
PMLE_WASM2JS_MLE_TIC|tic=4260|mle_ms=2.33
PMLE_WASM2JS_MLE_TIC|tic=4261|mle_ms=3.362
PMLE_WASM2JS_MLE_TIC|tic=4262|mle_ms=2.404
PMLE_WASM2JS_MLE_TIC|tic=4263|mle_ms=2.423
PMLE_WASM2JS_MLE_TIC|tic=4264|mle_ms=2.48
PMLE_WASM2JS_MLE_TIC|tic=4265|mle_ms=2.388
PMLE_WASM2JS_MLE_TIC|tic=4266|mle_ms=2.496
PMLE_WASM2JS_MLE_TIC|tic=4267|mle_ms=2.318
PMLE_WASM2JS_MLE_TIC|tic=4268|mle_ms=2.312
PMLE_WASM2JS_MLE_TIC|tic=4269|mle_ms=2.318
PMLE_WASM2JS_MLE_TIC|tic=4270|mle_ms=2.292
PMLE_WASM2JS_MLE_TIC|tic=4271|mle_ms=2.347
PMLE_WASM2JS_MLE_TIC|tic=4272|mle_ms=2.417
PMLE_WASM2JS_MLE_TIC|tic=4273|mle_ms=2.418
PMLE_WASM2JS_MLE_TIC|tic=4274|mle_ms=2.45
PMLE_WASM2JS_MLE_TIC|tic=4275|mle_ms=2.372
PMLE_WASM2JS_MLE_TIC|tic=4276|mle_ms=2.489
PMLE_WASM2JS_MLE_TIC|tic=4277|mle_ms=2.282
PMLE_WASM2JS_MLE_TIC|tic=4278|mle_ms=3.329
PMLE_WASM2JS_MLE_TIC|tic=4279|mle_ms=2.388
PMLE_WASM2JS_MLE_TIC|tic=4280|mle_ms=2.298
PMLE_WASM2JS_MLE_TIC|tic=4281|mle_ms=2.318
PMLE_WASM2JS_MLE_TIC|tic=4282|mle_ms=2.379
PMLE_WASM2JS_MLE_TIC|tic=4283|mle_ms=2.467
PMLE_WASM2JS_MLE_TIC|tic=4284|mle_ms=2.513
PMLE_WASM2JS_MLE_TIC|tic=4285|mle_ms=2.402
PMLE_WASM2JS_MLE_TIC|tic=4286|mle_ms=2.472
PMLE_WASM2JS_MLE_TIC|tic=4287|mle_ms=2.287
PMLE_WASM2JS_MLE_TIC|tic=4288|mle_ms=2.337
PMLE_WASM2JS_MLE_TIC|tic=4289|mle_ms=2.406
PMLE_WASM2JS_MLE_TIC|tic=4290|mle_ms=2.383
PMLE_WASM2JS_MLE_TIC|tic=4291|mle_ms=2.37
PMLE_WASM2JS_MLE_TIC|tic=4292|mle_ms=2.403
PMLE_WASM2JS_MLE_TIC|tic=4293|mle_ms=2.421
PMLE_WASM2JS_MLE_TIC|tic=4294|mle_ms=3.451
PMLE_WASM2JS_MLE_TIC|tic=4295|mle_ms=2.391
PMLE_WASM2JS_MLE_TIC|tic=4296|mle_ms=2.478
PMLE_WASM2JS_MLE_TIC|tic=4297|mle_ms=2.324
PMLE_WASM2JS_MLE_TIC|tic=4298|mle_ms=2.314
PMLE_WASM2JS_MLE_TIC|tic=4299|mle_ms=2.331
PMLE_WASM2JS_MLE_TIC|tic=4300|mle_ms=2.34
PMLE_WASM2JS_MLE_TIC|tic=4301|mle_ms=2.377
PMLE_WASM2JS_MLE_TIC|tic=4302|mle_ms=2.465
PMLE_WASM2JS_MLE_TIC|tic=4303|mle_ms=2.442
PMLE_WASM2JS_MLE_TIC|tic=4304|mle_ms=2.481
PMLE_WASM2JS_MLE_TIC|tic=4305|mle_ms=2.361
PMLE_WASM2JS_MLE_TIC|tic=4306|mle_ms=2.476
PMLE_WASM2JS_MLE_TIC|tic=4307|mle_ms=2.284
PMLE_WASM2JS_MLE_TIC|tic=4308|mle_ms=2.345
PMLE_WASM2JS_MLE_TIC|tic=4309|mle_ms=3.28
PMLE_WASM2JS_MLE_TIC|tic=4310|mle_ms=2.329
PMLE_WASM2JS_MLE_TIC|tic=4311|mle_ms=2.312
PMLE_WASM2JS_MLE_TIC|tic=4312|mle_ms=2.395
PMLE_WASM2JS_MLE_TIC|tic=4313|mle_ms=2.393
PMLE_WASM2JS_MLE_TIC|tic=4314|mle_ms=2.513
PMLE_WASM2JS_MLE_TIC|tic=4315|mle_ms=2.399
PMLE_WASM2JS_MLE_TIC|tic=4316|mle_ms=2.469
PMLE_WASM2JS_MLE_TIC|tic=4317|mle_ms=2.265
PMLE_WASM2JS_MLE_TIC|tic=4318|mle_ms=2.29
PMLE_WASM2JS_MLE_TIC|tic=4319|mle_ms=2.331
PMLE_WASM2JS_MLE_TIC|tic=4320|mle_ms=2.321
PMLE_WASM2JS_MLE_TIC|tic=4321|mle_ms=2.351
PMLE_WASM2JS_MLE_TIC|tic=4322|mle_ms=2.397
PMLE_WASM2JS_MLE_TIC|tic=4323|mle_ms=2.37
PMLE_WASM2JS_MLE_TIC|tic=4324|mle_ms=2.472
PMLE_WASM2JS_MLE_TIC|tic=4325|mle_ms=3.377
PMLE_WASM2JS_MLE_TIC|tic=4326|mle_ms=2.515
PMLE_WASM2JS_MLE_TIC|tic=4327|mle_ms=2.311
PMLE_WASM2JS_MLE_TIC|tic=4328|mle_ms=2.319
PMLE_WASM2JS_MLE_TIC|tic=4329|mle_ms=2.302
PMLE_WASM2JS_MLE_TIC|tic=4330|mle_ms=2.318
PMLE_WASM2JS_MLE_TIC|tic=4331|mle_ms=2.321
PMLE_WASM2JS_MLE_TIC|tic=4332|mle_ms=2.404
PMLE_WASM2JS_MLE_TIC|tic=4333|mle_ms=2.431
PMLE_WASM2JS_MLE_TIC|tic=4334|mle_ms=2.465
PMLE_WASM2JS_MLE_TIC|tic=4335|mle_ms=2.396
PMLE_WASM2JS_MLE_TIC|tic=4336|mle_ms=2.521
PMLE_WASM2JS_MLE_TIC|tic=4337|mle_ms=2.346
PMLE_WASM2JS_MLE_TIC|tic=4338|mle_ms=2.331
PMLE_WASM2JS_MLE_TIC|tic=4339|mle_ms=2.378
PMLE_WASM2JS_MLE_TIC|tic=4340|mle_ms=3.206
PMLE_WASM2JS_MLE_TIC|tic=4341|mle_ms=2.343
PMLE_WASM2JS_MLE_TIC|tic=4342|mle_ms=2.383
PMLE_WASM2JS_MLE_TIC|tic=4343|mle_ms=2.411
PMLE_WASM2JS_MLE_TIC|tic=4344|mle_ms=2.465
PMLE_WASM2JS_MLE_TIC|tic=4345|mle_ms=2.413
PMLE_WASM2JS_MLE_TIC|tic=4346|mle_ms=2.438
PMLE_WASM2JS_MLE_TIC|tic=4347|mle_ms=2.244
PMLE_WASM2JS_MLE_TIC|tic=4348|mle_ms=2.312
PMLE_WASM2JS_MLE_TIC|tic=4349|mle_ms=2.345
PMLE_WASM2JS_MLE_TIC|tic=4350|mle_ms=2.377
PMLE_WASM2JS_MLE_TIC|tic=4351|mle_ms=2.38
PMLE_WASM2JS_MLE_TIC|tic=4352|mle_ms=2.393
PMLE_WASM2JS_MLE_TIC|tic=4353|mle_ms=2.406
PMLE_WASM2JS_MLE_TIC|tic=4354|mle_ms=3.347
PMLE_WASM2JS_MLE_TIC|tic=4355|mle_ms=2.384
PMLE_WASM2JS_MLE_TIC|tic=4356|mle_ms=2.482
PMLE_WASM2JS_MLE_TIC|tic=4357|mle_ms=2.294
PMLE_WASM2JS_MLE_TIC|tic=4358|mle_ms=2.307
PMLE_WASM2JS_MLE_TIC|tic=4359|mle_ms=2.317
PMLE_WASM2JS_MLE_TIC|tic=4360|mle_ms=2.288
PMLE_WASM2JS_MLE_TIC|tic=4361|mle_ms=2.384
PMLE_WASM2JS_MLE_TIC|tic=4362|mle_ms=2.404
PMLE_WASM2JS_MLE_TIC|tic=4363|mle_ms=2.409
PMLE_WASM2JS_MLE_TIC|tic=4364|mle_ms=2.501
PMLE_WASM2JS_MLE_TIC|tic=4365|mle_ms=2.364
PMLE_WASM2JS_MLE_TIC|tic=4366|mle_ms=2.464
PMLE_WASM2JS_MLE_TIC|tic=4367|mle_ms=2.29
PMLE_WASM2JS_MLE_TIC|tic=4368|mle_ms=2.302
PMLE_WASM2JS_MLE_TIC|tic=4369|mle_ms=3.204
PMLE_WASM2JS_MLE_TIC|tic=4370|mle_ms=2.325
PMLE_WASM2JS_MLE_TIC|tic=4371|mle_ms=2.297
PMLE_WASM2JS_MLE_TIC|tic=4372|mle_ms=2.4
PMLE_WASM2JS_MLE_TIC|tic=4373|mle_ms=2.418
PMLE_WASM2JS_MLE_TIC|tic=4374|mle_ms=2.477
PMLE_WASM2JS_MLE_TIC|tic=4375|mle_ms=2.423
PMLE_WASM2JS_MLE_TIC|tic=4376|mle_ms=2.468
PMLE_WASM2JS_MLE_TIC|tic=4377|mle_ms=2.306
PMLE_WASM2JS_MLE_TIC|tic=4378|mle_ms=2.307
PMLE_WASM2JS_MLE_TIC|tic=4379|mle_ms=2.35
PMLE_WASM2JS_MLE_TIC|tic=4380|mle_ms=2.332
PMLE_WASM2JS_MLE_TIC|tic=4381|mle_ms=2.332
PMLE_WASM2JS_MLE_TIC|tic=4382|mle_ms=2.366
PMLE_WASM2JS_MLE_TIC|tic=4383|mle_ms=3.26
PMLE_WASM2JS_MLE_TIC|tic=4384|mle_ms=2.46
PMLE_WASM2JS_MLE_TIC|tic=4385|mle_ms=2.374
PMLE_WASM2JS_MLE_TIC|tic=4386|mle_ms=2.515
PMLE_WASM2JS_MLE_TIC|tic=4387|mle_ms=2.323
PMLE_WASM2JS_MLE_TIC|tic=4388|mle_ms=2.335
PMLE_WASM2JS_MLE_TIC|tic=4389|mle_ms=2.319
PMLE_WASM2JS_MLE_TIC|tic=4390|mle_ms=2.309
PMLE_WASM2JS_MLE_TIC|tic=4391|mle_ms=2.346
PMLE_WASM2JS_MLE_TIC|tic=4392|mle_ms=2.397
PMLE_WASM2JS_MLE_TIC|tic=4393|mle_ms=2.48
PMLE_WASM2JS_MLE_TIC|tic=4394|mle_ms=2.488
PMLE_WASM2JS_MLE_TIC|tic=4395|mle_ms=2.358
PMLE_WASM2JS_MLE_TIC|tic=4396|mle_ms=2.472
PMLE_WASM2JS_MLE_TIC|tic=4397|mle_ms=3.125
PMLE_WASM2JS_MLE_TIC|tic=4398|mle_ms=2.375
PMLE_WASM2JS_MLE_TIC|tic=4399|mle_ms=2.357
PMLE_WASM2JS_MLE_TIC|tic=4400|mle_ms=2.328
PMLE_WASM2JS_MLE_TIC|tic=4401|mle_ms=2.359
PMLE_WASM2JS_MLE_TIC|tic=4402|mle_ms=2.389
PMLE_WASM2JS_MLE_TIC|tic=4403|mle_ms=2.43
PMLE_WASM2JS_MLE_TIC|tic=4404|mle_ms=2.487
PMLE_WASM2JS_MLE_TIC|tic=4405|mle_ms=2.389
PMLE_WASM2JS_MLE_TIC|tic=4406|mle_ms=2.476
PMLE_WASM2JS_MLE_TIC|tic=4407|mle_ms=2.276
PMLE_WASM2JS_MLE_TIC|tic=4408|mle_ms=2.339
PMLE_WASM2JS_MLE_TIC|tic=4409|mle_ms=2.347
PMLE_WASM2JS_MLE_TIC|tic=4410|mle_ms=3.226
PMLE_WASM2JS_MLE_TIC|tic=4411|mle_ms=2.407
PMLE_WASM2JS_MLE_TIC|tic=4412|mle_ms=2.417
PMLE_WASM2JS_MLE_TIC|tic=4413|mle_ms=2.404
PMLE_WASM2JS_MLE_TIC|tic=4414|mle_ms=2.483
PMLE_WASM2JS_MLE_TIC|tic=4415|mle_ms=2.375
PMLE_WASM2JS_MLE_TIC|tic=4416|mle_ms=2.501
PMLE_WASM2JS_MLE_TIC|tic=4417|mle_ms=2.348
PMLE_WASM2JS_MLE_TIC|tic=4418|mle_ms=2.301
PMLE_WASM2JS_MLE_TIC|tic=4419|mle_ms=2.336
PMLE_WASM2JS_MLE_TIC|tic=4420|mle_ms=2.311
PMLE_WASM2JS_MLE_TIC|tic=4421|mle_ms=2.345
PMLE_WASM2JS_MLE_TIC|tic=4422|mle_ms=2.464
PMLE_WASM2JS_MLE_TIC|tic=4423|mle_ms=3.291
PMLE_WASM2JS_MLE_TIC|tic=4424|mle_ms=2.492
PMLE_WASM2JS_MLE_TIC|tic=4425|mle_ms=2.398
PMLE_WASM2JS_MLE_TIC|tic=4426|mle_ms=2.492
PMLE_WASM2JS_MLE_TIC|tic=4427|mle_ms=2.289
PMLE_WASM2JS_MLE_TIC|tic=4428|mle_ms=2.333
PMLE_WASM2JS_MLE_TIC|tic=4429|mle_ms=2.401
PMLE_WASM2JS_MLE_TIC|tic=4430|mle_ms=2.316
PMLE_WASM2JS_MLE_TIC|tic=4431|mle_ms=2.317
PMLE_WASM2JS_MLE_TIC|tic=4432|mle_ms=2.396
PMLE_WASM2JS_MLE_TIC|tic=4433|mle_ms=2.428
PMLE_WASM2JS_MLE_TIC|tic=4434|mle_ms=2.494
PMLE_WASM2JS_MLE_TIC|tic=4435|mle_ms=2.433
PMLE_WASM2JS_MLE_TIC|tic=4436|mle_ms=3.31
PMLE_WASM2JS_MLE_TIC|tic=4437|mle_ms=2.35
PMLE_WASM2JS_MLE_TIC|tic=4438|mle_ms=2.309
PMLE_WASM2JS_MLE_TIC|tic=4439|mle_ms=2.331
PMLE_WASM2JS_MLE_TIC|tic=4440|mle_ms=2.347
PMLE_WASM2JS_MLE_TIC|tic=4441|mle_ms=2.351
PMLE_WASM2JS_MLE_TIC|tic=4442|mle_ms=2.394
PMLE_WASM2JS_MLE_TIC|tic=4443|mle_ms=2.388
PMLE_WASM2JS_MLE_TIC|tic=4444|mle_ms=2.475
PMLE_WASM2JS_MLE_TIC|tic=4445|mle_ms=2.377
PMLE_WASM2JS_MLE_TIC|tic=4446|mle_ms=2.474
PMLE_WASM2JS_MLE_TIC|tic=4447|mle_ms=2.351
PMLE_WASM2JS_MLE_TIC|tic=4448|mle_ms=2.338
PMLE_WASM2JS_MLE_TIC|tic=4449|mle_ms=3.132
PMLE_WASM2JS_MLE_TIC|tic=4450|mle_ms=2.331
PMLE_WASM2JS_MLE_TIC|tic=4451|mle_ms=2.347
PMLE_WASM2JS_MLE_TIC|tic=4452|mle_ms=2.406
PMLE_WASM2JS_MLE_TIC|tic=4453|mle_ms=2.428
PMLE_WASM2JS_MLE_TIC|tic=4454|mle_ms=2.457
PMLE_WASM2JS_MLE_TIC|tic=4455|mle_ms=2.36
PMLE_WASM2JS_MLE_TIC|tic=4456|mle_ms=2.472
PMLE_WASM2JS_MLE_TIC|tic=4457|mle_ms=2.288
PMLE_WASM2JS_MLE_TIC|tic=4458|mle_ms=2.334
PMLE_WASM2JS_MLE_TIC|tic=4459|mle_ms=2.397
PMLE_WASM2JS_MLE_TIC|tic=4460|mle_ms=2.332
PMLE_WASM2JS_MLE_TIC|tic=4461|mle_ms=3.153
PMLE_WASM2JS_MLE_TIC|tic=4462|mle_ms=2.445
PMLE_WASM2JS_MLE_TIC|tic=4463|mle_ms=2.42
PMLE_WASM2JS_MLE_TIC|tic=4464|mle_ms=2.487
PMLE_WASM2JS_MLE_TIC|tic=4465|mle_ms=2.386
PMLE_WASM2JS_MLE_TIC|tic=4466|mle_ms=2.465
PMLE_WASM2JS_MLE_TIC|tic=4467|mle_ms=2.28
PMLE_WASM2JS_MLE_TIC|tic=4468|mle_ms=2.307
PMLE_WASM2JS_MLE_TIC|tic=4469|mle_ms=2.356
PMLE_WASM2JS_MLE_TIC|tic=4470|mle_ms=2.356
PMLE_WASM2JS_MLE_TIC|tic=4471|mle_ms=2.388
PMLE_WASM2JS_MLE_TIC|tic=4472|mle_ms=2.411
PMLE_WASM2JS_MLE_TIC|tic=4473|mle_ms=3.209
PMLE_WASM2JS_MLE_TIC|tic=4474|mle_ms=2.516
PMLE_WASM2JS_MLE_TIC|tic=4475|mle_ms=2.378
PMLE_WASM2JS_MLE_TIC|tic=4476|mle_ms=2.531
PMLE_WASM2JS_MLE_TIC|tic=4477|mle_ms=2.322
PMLE_WASM2JS_MLE_TIC|tic=4478|mle_ms=2.31
PMLE_WASM2JS_MLE_TIC|tic=4479|mle_ms=2.325
PMLE_WASM2JS_MLE_TIC|tic=4480|mle_ms=2.309
PMLE_WASM2JS_MLE_TIC|tic=4481|mle_ms=2.348
PMLE_WASM2JS_MLE_TIC|tic=4482|mle_ms=2.432
PMLE_WASM2JS_MLE_TIC|tic=4483|mle_ms=2.437
PMLE_WASM2JS_MLE_TIC|tic=4484|mle_ms=2.528
PMLE_WASM2JS_MLE_TIC|tic=4485|mle_ms=2.381
PMLE_WASM2JS_MLE_TIC|tic=4486|mle_ms=3.341
PMLE_WASM2JS_MLE_TIC|tic=4487|mle_ms=2.402
PMLE_WASM2JS_MLE_TIC|tic=4488|mle_ms=2.355
PMLE_WASM2JS_MLE_TIC|tic=4489|mle_ms=2.369
PMLE_WASM2JS_MLE_TIC|tic=4490|mle_ms=2.342
PMLE_WASM2JS_MLE_TIC|tic=4491|mle_ms=2.329
PMLE_WASM2JS_MLE_TIC|tic=4492|mle_ms=2.443
PMLE_WASM2JS_MLE_TIC|tic=4493|mle_ms=2.44
PMLE_WASM2JS_MLE_TIC|tic=4494|mle_ms=2.518
PMLE_WASM2JS_MLE_TIC|tic=4495|mle_ms=2.411
PMLE_WASM2JS_MLE_TIC|tic=4496|mle_ms=2.487
PMLE_WASM2JS_MLE_TIC|tic=4497|mle_ms=2.329
PMLE_WASM2JS_MLE_TIC|tic=4498|mle_ms=2.368
PMLE_WASM2JS_MLE_TIC|tic=4499|mle_ms=3.243
PMLE_WASM2JS_MLE_TIC|tic=4500|mle_ms=2.432
PMLE_WASM2JS_MLE_TIC|tic=4501|mle_ms=2.377
PMLE_WASM2JS_MLE_TIC|tic=4502|mle_ms=2.385
PMLE_WASM2JS_MLE_TIC|tic=4503|mle_ms=2.402
PMLE_WASM2JS_MLE_TIC|tic=4504|mle_ms=2.472
PMLE_WASM2JS_MLE_TIC|tic=4505|mle_ms=2.367
PMLE_WASM2JS_MLE_TIC|tic=4506|mle_ms=2.487
PMLE_WASM2JS_MLE_TIC|tic=4507|mle_ms=2.301
PMLE_WASM2JS_MLE_TIC|tic=4508|mle_ms=2.352
PMLE_WASM2JS_MLE_TIC|tic=4509|mle_ms=2.393
PMLE_WASM2JS_MLE_TIC|tic=4510|mle_ms=2.346
PMLE_WASM2JS_MLE_TIC|tic=4511|mle_ms=2.35
PMLE_WASM2JS_MLE_TIC|tic=4512|mle_ms=2.436
PMLE_WASM2JS_MLE_TIC|tic=4513|mle_ms=3.296
PMLE_WASM2JS_MLE_TIC|tic=4514|mle_ms=2.494
PMLE_WASM2JS_MLE_TIC|tic=4515|mle_ms=2.355
PMLE_WASM2JS_MLE_TIC|tic=4516|mle_ms=2.457
PMLE_WASM2JS_MLE_TIC|tic=4517|mle_ms=2.297
PMLE_WASM2JS_MLE_TIC|tic=4518|mle_ms=2.307
PMLE_WASM2JS_MLE_TIC|tic=4519|mle_ms=2.346
PMLE_WASM2JS_MLE_TIC|tic=4520|mle_ms=2.325
PMLE_WASM2JS_MLE_TIC|tic=4521|mle_ms=2.336
PMLE_WASM2JS_MLE_TIC|tic=4522|mle_ms=2.402
PMLE_WASM2JS_MLE_TIC|tic=4523|mle_ms=2.452
PMLE_WASM2JS_MLE_TIC|tic=4524|mle_ms=2.533
PMLE_WASM2JS_MLE_TIC|tic=4525|mle_ms=2.418
PMLE_WASM2JS_MLE_TIC|tic=4526|mle_ms=3.3
PMLE_WASM2JS_MLE_TIC|tic=4527|mle_ms=2.327
PMLE_WASM2JS_MLE_TIC|tic=4528|mle_ms=2.322
PMLE_WASM2JS_MLE_TIC|tic=4529|mle_ms=2.346
PMLE_WASM2JS_MLE_TIC|tic=4530|mle_ms=2.346
PMLE_WASM2JS_MLE_TIC|tic=4531|mle_ms=2.351
PMLE_WASM2JS_MLE_TIC|tic=4532|mle_ms=2.464
PMLE_WASM2JS_MLE_TIC|tic=4533|mle_ms=2.448
PMLE_WASM2JS_MLE_TIC|tic=4534|mle_ms=2.479
PMLE_WASM2JS_MLE_TIC|tic=4535|mle_ms=2.418
PMLE_WASM2JS_MLE_TIC|tic=4536|mle_ms=2.5
PMLE_WASM2JS_MLE_TIC|tic=4537|mle_ms=2.4
PMLE_WASM2JS_MLE_TIC|tic=4538|mle_ms=2.329
PMLE_WASM2JS_MLE_TIC|tic=4539|mle_ms=2.351
PMLE_WASM2JS_MLE_TIC|tic=4540|mle_ms=3.198
PMLE_WASM2JS_MLE_TIC|tic=4541|mle_ms=2.34
PMLE_WASM2JS_MLE_TIC|tic=4542|mle_ms=2.387
PMLE_WASM2JS_MLE_TIC|tic=4543|mle_ms=2.453
PMLE_WASM2JS_MLE_TIC|tic=4544|mle_ms=2.481
PMLE_WASM2JS_MLE_TIC|tic=4545|mle_ms=2.374
PMLE_WASM2JS_MLE_TIC|tic=4546|mle_ms=2.465
PMLE_WASM2JS_MLE_TIC|tic=4547|mle_ms=2.373
PMLE_WASM2JS_MLE_TIC|tic=4548|mle_ms=2.342
PMLE_WASM2JS_MLE_TIC|tic=4549|mle_ms=2.375
PMLE_WASM2JS_MLE_TIC|tic=4550|mle_ms=2.331
PMLE_WASM2JS_MLE_TIC|tic=4551|mle_ms=2.334
PMLE_WASM2JS_MLE_TIC|tic=4552|mle_ms=2.393
PMLE_WASM2JS_MLE_TIC|tic=4553|mle_ms=3.264
PMLE_WASM2JS_MLE_TIC|tic=4554|mle_ms=2.502
PMLE_WASM2JS_MLE_TIC|tic=4555|mle_ms=2.391
PMLE_WASM2JS_MLE_TIC|tic=4556|mle_ms=2.488
PMLE_WASM2JS_MLE_TIC|tic=4557|mle_ms=2.285
PMLE_WASM2JS_MLE_TIC|tic=4558|mle_ms=2.326
PMLE_WASM2JS_MLE_TIC|tic=4559|mle_ms=2.347
PMLE_WASM2JS_MLE_TIC|tic=4560|mle_ms=2.33
PMLE_WASM2JS_MLE_TIC|tic=4561|mle_ms=2.364
PMLE_WASM2JS_MLE_TIC|tic=4562|mle_ms=2.4
PMLE_WASM2JS_MLE_TIC|tic=4563|mle_ms=2.411
PMLE_WASM2JS_MLE_TIC|tic=4564|mle_ms=2.478
PMLE_WASM2JS_MLE_TIC|tic=4565|mle_ms=2.371
PMLE_WASM2JS_MLE_TIC|tic=4566|mle_ms=3.372
PMLE_WASM2JS_MLE_TIC|tic=4567|mle_ms=2.317
PMLE_WASM2JS_MLE_TIC|tic=4568|mle_ms=2.299
PMLE_WASM2JS_MLE_TIC|tic=4569|mle_ms=2.339
PMLE_WASM2JS_MLE_TIC|tic=4570|mle_ms=2.317
PMLE_WASM2JS_MLE_TIC|tic=4571|mle_ms=2.361
PMLE_WASM2JS_MLE_TIC|tic=4572|mle_ms=2.434
PMLE_WASM2JS_MLE_TIC|tic=4573|mle_ms=2.46
PMLE_WASM2JS_MLE_TIC|tic=4574|mle_ms=2.48
PMLE_WASM2JS_MLE_TIC|tic=4575|mle_ms=2.367
PMLE_WASM2JS_MLE_TIC|tic=4576|mle_ms=2.484
PMLE_WASM2JS_MLE_TIC|tic=4577|mle_ms=2.284
PMLE_WASM2JS_MLE_TIC|tic=4578|mle_ms=2.409
PMLE_WASM2JS_MLE_TIC|tic=4579|mle_ms=2.42
PMLE_WASM2JS_MLE_TIC|tic=4580|mle_ms=3.216
PMLE_WASM2JS_MLE_TIC|tic=4581|mle_ms=2.388
PMLE_WASM2JS_MLE_TIC|tic=4582|mle_ms=2.415
PMLE_WASM2JS_MLE_TIC|tic=4583|mle_ms=2.439
PMLE_WASM2JS_MLE_TIC|tic=4584|mle_ms=2.529
PMLE_WASM2JS_MLE_TIC|tic=4585|mle_ms=2.401
PMLE_WASM2JS_MLE_TIC|tic=4586|mle_ms=2.464
PMLE_WASM2JS_MLE_TIC|tic=4587|mle_ms=2.293
PMLE_WASM2JS_MLE_TIC|tic=4588|mle_ms=2.315
PMLE_WASM2JS_MLE_TIC|tic=4589|mle_ms=2.352
PMLE_WASM2JS_MLE_TIC|tic=4590|mle_ms=2.357
PMLE_WASM2JS_MLE_TIC|tic=4591|mle_ms=2.388
PMLE_WASM2JS_MLE_TIC|tic=4592|mle_ms=2.392
PMLE_WASM2JS_MLE_TIC|tic=4593|mle_ms=2.427
PMLE_WASM2JS_MLE_TIC|tic=4594|mle_ms=3.405
PMLE_WASM2JS_MLE_TIC|tic=4595|mle_ms=2.435
PMLE_WASM2JS_MLE_TIC|tic=4596|mle_ms=2.524
PMLE_WASM2JS_MLE_TIC|tic=4597|mle_ms=2.316
PMLE_WASM2JS_MLE_TIC|tic=4598|mle_ms=2.301
PMLE_WASM2JS_MLE_TIC|tic=4599|mle_ms=2.343
PMLE_WASM2JS_MLE_TIC|tic=4600|mle_ms=2.314
PMLE_WASM2JS_MLE_TIC|tic=4601|mle_ms=2.381
PMLE_WASM2JS_MLE_TIC|tic=4602|mle_ms=2.418
PMLE_WASM2JS_MLE_TIC|tic=4603|mle_ms=2.458
PMLE_WASM2JS_MLE_TIC|tic=4604|mle_ms=2.486
PMLE_WASM2JS_MLE_TIC|tic=4605|mle_ms=2.383
PMLE_WASM2JS_MLE_TIC|tic=4606|mle_ms=2.512
PMLE_WASM2JS_MLE_TIC|tic=4607|mle_ms=2.307
PMLE_WASM2JS_MLE_TIC|tic=4608|mle_ms=3.232
PMLE_WASM2JS_MLE_TIC|tic=4609|mle_ms=2.386
PMLE_WASM2JS_MLE_TIC|tic=4610|mle_ms=2.303
PMLE_WASM2JS_MLE_TIC|tic=4611|mle_ms=2.348
PMLE_WASM2JS_MLE_TIC|tic=4612|mle_ms=2.399
PMLE_WASM2JS_MLE_TIC|tic=4613|mle_ms=2.405
PMLE_WASM2JS_MLE_TIC|tic=4614|mle_ms=2.532
PMLE_WASM2JS_MLE_TIC|tic=4615|mle_ms=2.406
PMLE_WASM2JS_MLE_TIC|tic=4616|mle_ms=2.461
PMLE_WASM2JS_MLE_TIC|tic=4617|mle_ms=2.29
PMLE_WASM2JS_MLE_TIC|tic=4618|mle_ms=2.38
PMLE_WASM2JS_MLE_TIC|tic=4619|mle_ms=2.363
PMLE_WASM2JS_MLE_TIC|tic=4620|mle_ms=2.344
PMLE_WASM2JS_MLE_TIC|tic=4621|mle_ms=3.219
PMLE_WASM2JS_MLE_TIC|tic=4622|mle_ms=2.432
PMLE_WASM2JS_MLE_TIC|tic=4623|mle_ms=2.389
PMLE_WASM2JS_MLE_TIC|tic=4624|mle_ms=2.484
PMLE_WASM2JS_MLE_TIC|tic=4625|mle_ms=2.389
PMLE_WASM2JS_MLE_TIC|tic=4626|mle_ms=2.487
PMLE_WASM2JS_MLE_TIC|tic=4627|mle_ms=2.307
PMLE_WASM2JS_MLE_TIC|tic=4628|mle_ms=2.304
PMLE_WASM2JS_MLE_TIC|tic=4629|mle_ms=2.367
PMLE_WASM2JS_MLE_TIC|tic=4630|mle_ms=2.342
PMLE_WASM2JS_MLE_TIC|tic=4631|mle_ms=2.353
PMLE_WASM2JS_MLE_TIC|tic=4632|mle_ms=2.464
PMLE_WASM2JS_MLE_TIC|tic=4633|mle_ms=2.464
PMLE_WASM2JS_MLE_TIC|tic=4634|mle_ms=2.474
PMLE_WASM2JS_MLE_TIC|tic=4635|mle_ms=3.241
PMLE_WASM2JS_MLE_TIC|tic=4636|mle_ms=2.503
PMLE_WASM2JS_MLE_TIC|tic=4637|mle_ms=2.299
PMLE_WASM2JS_MLE_TIC|tic=4638|mle_ms=2.315
PMLE_WASM2JS_MLE_TIC|tic=4639|mle_ms=2.343
PMLE_WASM2JS_MLE_TIC|tic=4640|mle_ms=2.3
PMLE_WASM2JS_MLE_TIC|tic=4641|mle_ms=2.317
PMLE_WASM2JS_MLE_TIC|tic=4642|mle_ms=2.395
PMLE_WASM2JS_MLE_TIC|tic=4643|mle_ms=2.405
PMLE_WASM2JS_MLE_TIC|tic=4644|mle_ms=2.483
PMLE_WASM2JS_MLE_TIC|tic=4645|mle_ms=2.415
PMLE_WASM2JS_MLE_TIC|tic=4646|mle_ms=2.453
PMLE_WASM2JS_MLE_TIC|tic=4647|mle_ms=2.277
PMLE_WASM2JS_MLE_TIC|tic=4648|mle_ms=2.324
PMLE_WASM2JS_MLE_TIC|tic=4649|mle_ms=3.212
PMLE_WASM2JS_MLE_TIC|tic=4650|mle_ms=2.337
PMLE_WASM2JS_MLE_TIC|tic=4651|mle_ms=2.338
PMLE_WASM2JS_MLE_TIC|tic=4652|mle_ms=2.38
PMLE_WASM2JS_MLE_TIC|tic=4653|mle_ms=2.4
PMLE_WASM2JS_MLE_TIC|tic=4654|mle_ms=2.465
PMLE_WASM2JS_MLE_TIC|tic=4655|mle_ms=2.416
PMLE_WASM2JS_MLE_TIC|tic=4656|mle_ms=2.486
PMLE_WASM2JS_MLE_TIC|tic=4657|mle_ms=2.304
PMLE_WASM2JS_MLE_TIC|tic=4658|mle_ms=2.324
PMLE_WASM2JS_MLE_TIC|tic=4659|mle_ms=2.365
PMLE_WASM2JS_MLE_TIC|tic=4660|mle_ms=2.323
PMLE_WASM2JS_MLE_TIC|tic=4661|mle_ms=2.405
PMLE_WASM2JS_MLE_TIC|tic=4662|mle_ms=2.412
PMLE_WASM2JS_MLE_TIC|tic=4663|mle_ms=3.31
PMLE_WASM2JS_MLE_TIC|tic=4664|mle_ms=2.477
PMLE_WASM2JS_MLE_TIC|tic=4665|mle_ms=2.345
PMLE_WASM2JS_MLE_TIC|tic=4666|mle_ms=2.496
PMLE_WASM2JS_MLE_TIC|tic=4667|mle_ms=2.288
PMLE_WASM2JS_MLE_TIC|tic=4668|mle_ms=2.635
PMLE_WASM2JS_MLE_TIC|tic=4669|mle_ms=2.491
PMLE_WASM2JS_MLE_TIC|tic=4670|mle_ms=2.327
PMLE_WASM2JS_MLE_TIC|tic=4671|mle_ms=2.313
PMLE_WASM2JS_MLE_TIC|tic=4672|mle_ms=2.392
PMLE_WASM2JS_MLE_TIC|tic=4673|mle_ms=2.446
PMLE_WASM2JS_MLE_TIC|tic=4674|mle_ms=2.519
PMLE_WASM2JS_MLE_TIC|tic=4675|mle_ms=2.421
PMLE_WASM2JS_MLE_TIC|tic=4676|mle_ms=2.482
PMLE_WASM2JS_MLE_TIC|tic=4677|mle_ms=3.22
PMLE_WASM2JS_MLE_TIC|tic=4678|mle_ms=2.37
PMLE_WASM2JS_MLE_TIC|tic=4679|mle_ms=2.36
PMLE_WASM2JS_MLE_TIC|tic=4680|mle_ms=2.383
PMLE_WASM2JS_MLE_TIC|tic=4681|mle_ms=2.396
PMLE_WASM2JS_MLE_TIC|tic=4682|mle_ms=2.429
PMLE_WASM2JS_MLE_TIC|tic=4683|mle_ms=2.421
PMLE_WASM2JS_MLE_TIC|tic=4684|mle_ms=2.466
PMLE_WASM2JS_MLE_TIC|tic=4685|mle_ms=2.405
PMLE_WASM2JS_MLE_TIC|tic=4686|mle_ms=2.462
PMLE_WASM2JS_MLE_TIC|tic=4687|mle_ms=2.332
PMLE_WASM2JS_MLE_TIC|tic=4688|mle_ms=2.309
PMLE_WASM2JS_MLE_TIC|tic=4689|mle_ms=2.338
PMLE_WASM2JS_MLE_TIC|tic=4690|mle_ms=2.353
PMLE_WASM2JS_MLE_TIC|tic=4691|mle_ms=3.239
PMLE_WASM2JS_MLE_TIC|tic=4692|mle_ms=2.467
PMLE_WASM2JS_MLE_TIC|tic=4693|mle_ms=2.484
PMLE_WASM2JS_MLE_TIC|tic=4694|mle_ms=2.483
PMLE_WASM2JS_MLE_TIC|tic=4695|mle_ms=2.432
PMLE_WASM2JS_MLE_TIC|tic=4696|mle_ms=2.488
PMLE_WASM2JS_MLE_TIC|tic=4697|mle_ms=2.312
PMLE_WASM2JS_MLE_TIC|tic=4698|mle_ms=2.33
PMLE_WASM2JS_MLE_TIC|tic=4699|mle_ms=2.375
PMLE_WASM2JS_MLE_TIC|tic=4700|mle_ms=2.333
PMLE_WASM2JS_MLE_TIC|tic=4701|mle_ms=2.375
PMLE_WASM2JS_MLE_TIC|tic=4702|mle_ms=2.446
PMLE_WASM2JS_MLE_TIC|tic=4703|mle_ms=2.448
PMLE_WASM2JS_MLE_TIC|tic=4704|mle_ms=2.503
PMLE_WASM2JS_MLE_TIC|tic=4705|mle_ms=3.343
PMLE_WASM2JS_MLE_TIC|tic=4706|mle_ms=2.482
PMLE_WASM2JS_MLE_TIC|tic=4707|mle_ms=2.289
PMLE_WASM2JS_MLE_TIC|tic=4708|mle_ms=2.325
PMLE_WASM2JS_MLE_TIC|tic=4709|mle_ms=2.339
PMLE_WASM2JS_MLE_TIC|tic=4710|mle_ms=2.361
PMLE_WASM2JS_MLE_TIC|tic=4711|mle_ms=2.445
PMLE_WASM2JS_MLE_TIC|tic=4712|mle_ms=2.456
PMLE_WASM2JS_MLE_TIC|tic=4713|mle_ms=2.399
PMLE_WASM2JS_MLE_TIC|tic=4714|mle_ms=2.468
PMLE_WASM2JS_MLE_TIC|tic=4715|mle_ms=2.414
PMLE_WASM2JS_MLE_TIC|tic=4716|mle_ms=2.513
PMLE_WASM2JS_MLE_TIC|tic=4717|mle_ms=2.336
PMLE_WASM2JS_MLE_TIC|tic=4718|mle_ms=2.342
PMLE_WASM2JS_MLE_TIC|tic=4719|mle_ms=3.278
PMLE_WASM2JS_MLE_TIC|tic=4720|mle_ms=2.34
PMLE_WASM2JS_MLE_TIC|tic=4721|mle_ms=2.344
PMLE_WASM2JS_MLE_TIC|tic=4722|mle_ms=2.426
PMLE_WASM2JS_MLE_TIC|tic=4723|mle_ms=2.439
PMLE_WASM2JS_MLE_TIC|tic=4724|mle_ms=2.449
PMLE_WASM2JS_MLE_TIC|tic=4725|mle_ms=2.361
PMLE_WASM2JS_MLE_TIC|tic=4726|mle_ms=2.491
PMLE_WASM2JS_MLE_TIC|tic=4727|mle_ms=2.332
PMLE_WASM2JS_MLE_TIC|tic=4728|mle_ms=2.366
PMLE_WASM2JS_MLE_TIC|tic=4729|mle_ms=2.381
PMLE_WASM2JS_MLE_TIC|tic=4730|mle_ms=2.338
PMLE_WASM2JS_MLE_TIC|tic=4731|mle_ms=2.387
PMLE_WASM2JS_MLE_TIC|tic=4732|mle_ms=2.447
PMLE_WASM2JS_MLE_TIC|tic=4733|mle_ms=3.363
PMLE_WASM2JS_MLE_TIC|tic=4734|mle_ms=2.529
PMLE_WASM2JS_MLE_TIC|tic=4735|mle_ms=2.396
PMLE_WASM2JS_MLE_TIC|tic=4736|mle_ms=2.477
PMLE_WASM2JS_MLE_TIC|tic=4737|mle_ms=2.288
PMLE_WASM2JS_MLE_TIC|tic=4738|mle_ms=2.314
PMLE_WASM2JS_MLE_TIC|tic=4739|mle_ms=2.367
PMLE_WASM2JS_MLE_TIC|tic=4740|mle_ms=2.369
PMLE_WASM2JS_MLE_TIC|tic=4741|mle_ms=2.424
PMLE_WASM2JS_MLE_TIC|tic=4742|mle_ms=2.473
PMLE_WASM2JS_MLE_TIC|tic=4743|mle_ms=2.433
PMLE_WASM2JS_MLE_TIC|tic=4744|mle_ms=2.506
PMLE_WASM2JS_MLE_TIC|tic=4745|mle_ms=2.388
PMLE_WASM2JS_MLE_TIC|tic=4746|mle_ms=3.41
PMLE_WASM2JS_MLE_TIC|tic=4747|mle_ms=2.348
PMLE_WASM2JS_MLE_TIC|tic=4748|mle_ms=2.323
PMLE_WASM2JS_MLE_TIC|tic=4749|mle_ms=2.334
PMLE_WASM2JS_MLE_TIC|tic=4750|mle_ms=2.341
PMLE_WASM2JS_MLE_TIC|tic=4751|mle_ms=2.357
PMLE_WASM2JS_MLE_TIC|tic=4752|mle_ms=2.441
PMLE_WASM2JS_MLE_TIC|tic=4753|mle_ms=2.45
PMLE_WASM2JS_MLE_TIC|tic=4754|mle_ms=2.51
PMLE_WASM2JS_MLE_TIC|tic=4755|mle_ms=2.377
PMLE_WASM2JS_MLE_TIC|tic=4756|mle_ms=2.48
PMLE_WASM2JS_MLE_TIC|tic=4757|mle_ms=2.31
PMLE_WASM2JS_MLE_TIC|tic=4758|mle_ms=2.332
PMLE_WASM2JS_MLE_TIC|tic=4759|mle_ms=2.388
PMLE_WASM2JS_MLE_TIC|tic=4760|mle_ms=3.195
PMLE_WASM2JS_MLE_TIC|tic=4761|mle_ms=2.374
PMLE_WASM2JS_MLE_TIC|tic=4762|mle_ms=2.417
PMLE_WASM2JS_MLE_TIC|tic=4763|mle_ms=2.431
PMLE_WASM2JS_MLE_TIC|tic=4764|mle_ms=2.556
PMLE_WASM2JS_MLE_TIC|tic=4765|mle_ms=2.422
PMLE_WASM2JS_MLE_TIC|tic=4766|mle_ms=2.512
PMLE_WASM2JS_MLE_TIC|tic=4767|mle_ms=2.314
PMLE_WASM2JS_MLE_TIC|tic=4768|mle_ms=2.335
PMLE_WASM2JS_MLE_TIC|tic=4769|mle_ms=2.374
PMLE_WASM2JS_MLE_TIC|tic=4770|mle_ms=2.346
PMLE_WASM2JS_MLE_TIC|tic=4771|mle_ms=2.372
PMLE_WASM2JS_MLE_TIC|tic=4772|mle_ms=2.422
PMLE_WASM2JS_MLE_TIC|tic=4773|mle_ms=2.407
PMLE_WASM2JS_MLE_TIC|tic=4774|mle_ms=3.421
PMLE_WASM2JS_MLE_TIC|tic=4775|mle_ms=2.44
PMLE_WASM2JS_MLE_TIC|tic=4776|mle_ms=2.539
PMLE_WASM2JS_MLE_TIC|tic=4777|mle_ms=2.34
PMLE_WASM2JS_MLE_TIC|tic=4778|mle_ms=2.335
PMLE_WASM2JS_MLE_TIC|tic=4779|mle_ms=2.381
PMLE_WASM2JS_MLE_TIC|tic=4780|mle_ms=2.375
PMLE_WASM2JS_MLE_TIC|tic=4781|mle_ms=2.352
PMLE_WASM2JS_MLE_TIC|tic=4782|mle_ms=2.427
PMLE_WASM2JS_MLE_TIC|tic=4783|mle_ms=2.437
PMLE_WASM2JS_MLE_TIC|tic=4784|mle_ms=2.488
PMLE_WASM2JS_MLE_TIC|tic=4785|mle_ms=2.382
PMLE_WASM2JS_MLE_TIC|tic=4786|mle_ms=2.487
PMLE_WASM2JS_MLE_TIC|tic=4787|mle_ms=2.307
PMLE_WASM2JS_MLE_TIC|tic=4788|mle_ms=3.298
PMLE_WASM2JS_MLE_TIC|tic=4789|mle_ms=2.418
PMLE_WASM2JS_MLE_TIC|tic=4790|mle_ms=2.336
PMLE_WASM2JS_MLE_TIC|tic=4791|mle_ms=2.353
PMLE_WASM2JS_MLE_TIC|tic=4792|mle_ms=2.404
PMLE_WASM2JS_MLE_TIC|tic=4793|mle_ms=2.42
PMLE_WASM2JS_MLE_TIC|tic=4794|mle_ms=2.526
PMLE_WASM2JS_MLE_TIC|tic=4795|mle_ms=2.398
PMLE_WASM2JS_MLE_TIC|tic=4796|mle_ms=2.478
PMLE_WASM2JS_MLE_TIC|tic=4797|mle_ms=2.293
PMLE_WASM2JS_MLE_TIC|tic=4798|mle_ms=2.326
PMLE_WASM2JS_MLE_TIC|tic=4799|mle_ms=2.372
PMLE_WASM2JS_MLE_TIC|tic=4800|mle_ms=2.363
PMLE_WASM2JS_MLE_TIC|tic=4801|mle_ms=2.428
PMLE_WASM2JS_MLE_TIC|tic=4802|mle_ms=3.358
PMLE_WASM2JS_MLE_TIC|tic=4803|mle_ms=2.44
PMLE_WASM2JS_MLE_TIC|tic=4804|mle_ms=2.468
PMLE_WASM2JS_MLE_TIC|tic=4805|mle_ms=2.374
PMLE_WASM2JS_MLE_TIC|tic=4806|mle_ms=2.507
PMLE_WASM2JS_MLE_TIC|tic=4807|mle_ms=2.307
PMLE_WASM2JS_MLE_TIC|tic=4808|mle_ms=2.312
PMLE_WASM2JS_MLE_TIC|tic=4809|mle_ms=2.322
PMLE_WASM2JS_MLE_TIC|tic=4810|mle_ms=2.322
PMLE_WASM2JS_MLE_TIC|tic=4811|mle_ms=2.349
PMLE_WASM2JS_MLE_TIC|tic=4812|mle_ms=2.423
PMLE_WASM2JS_MLE_TIC|tic=4813|mle_ms=2.448
PMLE_WASM2JS_MLE_TIC|tic=4814|mle_ms=2.487
PMLE_WASM2JS_MLE_TIC|tic=4815|mle_ms=2.412
PMLE_WASM2JS_MLE_TIC|tic=4816|mle_ms=3.41
PMLE_WASM2JS_MLE_TIC|tic=4817|mle_ms=2.336
PMLE_WASM2JS_MLE_TIC|tic=4818|mle_ms=2.336
PMLE_WASM2JS_MLE_TIC|tic=4819|mle_ms=2.376
PMLE_WASM2JS_MLE_TIC|tic=4820|mle_ms=2.332
PMLE_WASM2JS_MLE_TIC|tic=4821|mle_ms=2.328
PMLE_WASM2JS_MLE_TIC|tic=4822|mle_ms=2.442
PMLE_WASM2JS_MLE_TIC|tic=4823|mle_ms=2.415
PMLE_WASM2JS_MLE_TIC|tic=4824|mle_ms=2.517
PMLE_WASM2JS_MLE_TIC|tic=4825|mle_ms=2.421
PMLE_WASM2JS_MLE_TIC|tic=4826|mle_ms=2.476
PMLE_WASM2JS_MLE_TIC|tic=4827|mle_ms=2.309
PMLE_WASM2JS_MLE_TIC|tic=4828|mle_ms=2.374
PMLE_WASM2JS_MLE_TIC|tic=4829|mle_ms=2.353
PMLE_WASM2JS_MLE_TIC|tic=4830|mle_ms=2.348
PMLE_WASM2JS_MLE_TIC|tic=4831|mle_ms=3.278
PMLE_WASM2JS_MLE_TIC|tic=4832|mle_ms=2.42
PMLE_WASM2JS_MLE_TIC|tic=4833|mle_ms=2.414
PMLE_WASM2JS_MLE_TIC|tic=4834|mle_ms=2.487
PMLE_WASM2JS_MLE_TIC|tic=4835|mle_ms=2.376
PMLE_WASM2JS_MLE_TIC|tic=4836|mle_ms=2.533
PMLE_WASM2JS_MLE_TIC|tic=4837|mle_ms=2.342
PMLE_WASM2JS_MLE_TIC|tic=4838|mle_ms=2.308
PMLE_WASM2JS_MLE_TIC|tic=4839|mle_ms=2.383
PMLE_WASM2JS_MLE_TIC|tic=4840|mle_ms=2.33
PMLE_WASM2JS_MLE_TIC|tic=4841|mle_ms=2.366
PMLE_WASM2JS_MLE_TIC|tic=4842|mle_ms=2.423
PMLE_WASM2JS_MLE_TIC|tic=4843|mle_ms=2.434
PMLE_WASM2JS_MLE_TIC|tic=4844|mle_ms=2.471
PMLE_WASM2JS_MLE_TIC|tic=4845|mle_ms=3.298
PMLE_WASM2JS_MLE_TIC|tic=4846|mle_ms=2.492
PMLE_WASM2JS_MLE_TIC|tic=4847|mle_ms=2.298
PMLE_WASM2JS_MLE_TIC|tic=4848|mle_ms=2.319
PMLE_WASM2JS_MLE_TIC|tic=4849|mle_ms=2.393
PMLE_WASM2JS_MLE_TIC|tic=4850|mle_ms=2.319
PMLE_WASM2JS_MLE_TIC|tic=4851|mle_ms=2.345
PMLE_WASM2JS_MLE_TIC|tic=4852|mle_ms=2.421
PMLE_WASM2JS_MLE_TIC|tic=4853|mle_ms=2.434
PMLE_WASM2JS_MLE_TIC|tic=4854|mle_ms=2.493
PMLE_WASM2JS_MLE_TIC|tic=4855|mle_ms=2.396
PMLE_WASM2JS_MLE_TIC|tic=4856|mle_ms=2.48
PMLE_WASM2JS_MLE_TIC|tic=4857|mle_ms=2.273
PMLE_WASM2JS_MLE_TIC|tic=4858|mle_ms=2.316
PMLE_WASM2JS_MLE_TIC|tic=4859|mle_ms=2.375
PMLE_WASM2JS_MLE_TIC|tic=4860|mle_ms=3.232
PMLE_WASM2JS_MLE_TIC|tic=4861|mle_ms=2.412
PMLE_WASM2JS_MLE_TIC|tic=4862|mle_ms=2.419
PMLE_WASM2JS_MLE_TIC|tic=4863|mle_ms=2.44
PMLE_WASM2JS_MLE_TIC|tic=4864|mle_ms=2.494
PMLE_WASM2JS_MLE_TIC|tic=4865|mle_ms=2.375
PMLE_WASM2JS_MLE_TIC|tic=4866|mle_ms=2.504
PMLE_WASM2JS_MLE_TIC|tic=4867|mle_ms=2.308
PMLE_WASM2JS_MLE_TIC|tic=4868|mle_ms=2.318
PMLE_WASM2JS_MLE_TIC|tic=4869|mle_ms=2.335
PMLE_WASM2JS_MLE_TIC|tic=4870|mle_ms=2.328
PMLE_WASM2JS_MLE_TIC|tic=4871|mle_ms=2.355
PMLE_WASM2JS_MLE_TIC|tic=4872|mle_ms=2.438
PMLE_WASM2JS_MLE_TIC|tic=4873|mle_ms=2.451
PMLE_WASM2JS_MLE_TIC|tic=4874|mle_ms=2.503
PMLE_WASM2JS_MLE_TIC|tic=4875|mle_ms=2.368
PMLE_WASM2JS_MLE_TIC|tic=4876|mle_ms=3.458
PMLE_WASM2JS_MLE_TIC|tic=4877|mle_ms=2.329
PMLE_WASM2JS_MLE_TIC|tic=4878|mle_ms=2.333
PMLE_WASM2JS_MLE_TIC|tic=4879|mle_ms=2.365
PMLE_WASM2JS_MLE_TIC|tic=4880|mle_ms=2.326
PMLE_WASM2JS_MLE_TIC|tic=4881|mle_ms=2.34
PMLE_WASM2JS_MLE_TIC|tic=4882|mle_ms=2.411
PMLE_WASM2JS_MLE_TIC|tic=4883|mle_ms=2.399
PMLE_WASM2JS_MLE_TIC|tic=4884|mle_ms=2.492
PMLE_WASM2JS_MLE_TIC|tic=4885|mle_ms=2.411
PMLE_WASM2JS_MLE_TIC|tic=4886|mle_ms=2.502
PMLE_WASM2JS_MLE_TIC|tic=4887|mle_ms=2.286
PMLE_WASM2JS_MLE_TIC|tic=4888|mle_ms=2.335
PMLE_WASM2JS_MLE_TIC|tic=4889|mle_ms=2.377
PMLE_WASM2JS_MLE_TIC|tic=4890|mle_ms=2.363
PMLE_WASM2JS_MLE_TIC|tic=4891|mle_ms=3.318
PMLE_WASM2JS_MLE_TIC|tic=4892|mle_ms=2.432
PMLE_WASM2JS_MLE_TIC|tic=4893|mle_ms=2.427
PMLE_WASM2JS_MLE_TIC|tic=4894|mle_ms=2.477
PMLE_WASM2JS_MLE_TIC|tic=4895|mle_ms=2.377
PMLE_WASM2JS_MLE_TIC|tic=4896|mle_ms=2.504
PMLE_WASM2JS_MLE_TIC|tic=4897|mle_ms=2.34
PMLE_WASM2JS_MLE_TIC|tic=4898|mle_ms=2.351
PMLE_WASM2JS_MLE_TIC|tic=4899|mle_ms=2.356
PMLE_WASM2JS_MLE_TIC|tic=4900|mle_ms=2.341
PMLE_WASM2JS_MLE_TIC|tic=4901|mle_ms=2.413
PMLE_WASM2JS_MLE_TIC|tic=4902|mle_ms=2.443
PMLE_WASM2JS_MLE_TIC|tic=4903|mle_ms=2.51
PMLE_WASM2JS_MLE_TIC|tic=4904|mle_ms=2.511
PMLE_WASM2JS_MLE_TIC|tic=4905|mle_ms=2.399
PMLE_WASM2JS_MLE_TIC|tic=4906|mle_ms=2.502
PMLE_WASM2JS_MLE_TIC|tic=4907|mle_ms=3.256
PMLE_WASM2JS_MLE_TIC|tic=4908|mle_ms=2.371
PMLE_WASM2JS_MLE_TIC|tic=4909|mle_ms=2.345
PMLE_WASM2JS_MLE_TIC|tic=4910|mle_ms=2.337
PMLE_WASM2JS_MLE_TIC|tic=4911|mle_ms=2.353
PMLE_WASM2JS_MLE_TIC|tic=4912|mle_ms=2.409
PMLE_WASM2JS_MLE_TIC|tic=4913|mle_ms=2.474
PMLE_WASM2JS_MLE_TIC|tic=4914|mle_ms=2.535
PMLE_WASM2JS_MLE_TIC|tic=4915|mle_ms=2.42
PMLE_WASM2JS_MLE_TIC|tic=4916|mle_ms=2.468
PMLE_WASM2JS_MLE_TIC|tic=4917|mle_ms=2.288
PMLE_WASM2JS_MLE_TIC|tic=4918|mle_ms=2.341
PMLE_WASM2JS_MLE_TIC|tic=4919|mle_ms=2.362
PMLE_WASM2JS_MLE_TIC|tic=4920|mle_ms=2.338
PMLE_WASM2JS_MLE_TIC|tic=4921|mle_ms=2.383
PMLE_WASM2JS_MLE_TIC|tic=4922|mle_ms=2.427
PMLE_WASM2JS_MLE_TIC|tic=4923|mle_ms=3.374
PMLE_WASM2JS_MLE_TIC|tic=4924|mle_ms=2.515
PMLE_WASM2JS_MLE_TIC|tic=4925|mle_ms=2.392
PMLE_WASM2JS_MLE_TIC|tic=4926|mle_ms=2.481
PMLE_WASM2JS_MLE_TIC|tic=4927|mle_ms=2.333
PMLE_WASM2JS_MLE_TIC|tic=4928|mle_ms=2.324
PMLE_WASM2JS_MLE_TIC|tic=4929|mle_ms=2.369
PMLE_WASM2JS_MLE_TIC|tic=4930|mle_ms=2.345
PMLE_WASM2JS_MLE_TIC|tic=4931|mle_ms=2.354
PMLE_WASM2JS_MLE_TIC|tic=4932|mle_ms=2.406
PMLE_WASM2JS_MLE_TIC|tic=4933|mle_ms=2.461
PMLE_WASM2JS_MLE_TIC|tic=4934|mle_ms=2.5
PMLE_WASM2JS_MLE_TIC|tic=4935|mle_ms=2.391
PMLE_WASM2JS_MLE_TIC|tic=4936|mle_ms=2.461
PMLE_WASM2JS_MLE_TIC|tic=4937|mle_ms=2.317
PMLE_WASM2JS_MLE_TIC|tic=4938|mle_ms=2.373
PMLE_WASM2JS_MLE_TIC|tic=4939|mle_ms=2.363
PMLE_WASM2JS_MLE_TIC|tic=4940|mle_ms=3.285
PMLE_WASM2JS_MLE_TIC|tic=4941|mle_ms=2.368
PMLE_WASM2JS_MLE_TIC|tic=4942|mle_ms=2.41
PMLE_WASM2JS_MLE_TIC|tic=4943|mle_ms=2.429
PMLE_WASM2JS_MLE_TIC|tic=4944|mle_ms=2.482
PMLE_WASM2JS_MLE_TIC|tic=4945|mle_ms=2.405
PMLE_WASM2JS_MLE_TIC|tic=4946|mle_ms=2.469
PMLE_WASM2JS_MLE_TIC|tic=4947|mle_ms=2.284
PMLE_WASM2JS_MLE_TIC|tic=4948|mle_ms=2.327
PMLE_WASM2JS_MLE_TIC|tic=4949|mle_ms=2.356
PMLE_WASM2JS_MLE_TIC|tic=4950|mle_ms=2.342
PMLE_WASM2JS_MLE_TIC|tic=4951|mle_ms=2.378
PMLE_WASM2JS_MLE_TIC|tic=4952|mle_ms=2.396
PMLE_WASM2JS_MLE_TIC|tic=4953|mle_ms=2.422
PMLE_WASM2JS_MLE_TIC|tic=4954|mle_ms=2.465
PMLE_WASM2JS_MLE_TIC|tic=4955|mle_ms=2.369
PMLE_WASM2JS_MLE_TIC|tic=4956|mle_ms=2.5
PMLE_WASM2JS_MLE_TIC|tic=4957|mle_ms=3.264
PMLE_WASM2JS_MLE_TIC|tic=4958|mle_ms=2.348
PMLE_WASM2JS_MLE_TIC|tic=4959|mle_ms=2.348
PMLE_WASM2JS_MLE_TIC|tic=4960|mle_ms=2.322
PMLE_WASM2JS_MLE_TIC|tic=4961|mle_ms=2.385
PMLE_WASM2JS_MLE_TIC|tic=4962|mle_ms=2.412
PMLE_WASM2JS_MLE_TIC|tic=4963|mle_ms=2.417
PMLE_WASM2JS_MLE_TIC|tic=4964|mle_ms=2.476
PMLE_WASM2JS_MLE_TIC|tic=4965|mle_ms=2.354
PMLE_WASM2JS_MLE_TIC|tic=4966|mle_ms=2.487
PMLE_WASM2JS_MLE_TIC|tic=4967|mle_ms=2.297
PMLE_WASM2JS_MLE_TIC|tic=4968|mle_ms=2.339
PMLE_WASM2JS_MLE_TIC|tic=4969|mle_ms=2.362
PMLE_WASM2JS_MLE_TIC|tic=4970|mle_ms=2.322
PMLE_WASM2JS_MLE_TIC|tic=4971|mle_ms=2.366
PMLE_WASM2JS_MLE_TIC|tic=4972|mle_ms=2.413
PMLE_WASM2JS_MLE_TIC|tic=4973|mle_ms=2.41
PMLE_WASM2JS_MLE_TIC|tic=4974|mle_ms=3.559
PMLE_WASM2JS_MLE_TIC|tic=4975|mle_ms=2.433
PMLE_WASM2JS_MLE_TIC|tic=4976|mle_ms=2.448
PMLE_WASM2JS_MLE_TIC|tic=4977|mle_ms=2.283
PMLE_WASM2JS_MLE_TIC|tic=4978|mle_ms=2.308
PMLE_WASM2JS_MLE_TIC|tic=4979|mle_ms=2.34
PMLE_WASM2JS_MLE_TIC|tic=4980|mle_ms=2.334
PMLE_WASM2JS_MLE_TIC|tic=4981|mle_ms=2.354
PMLE_WASM2JS_MLE_TIC|tic=4982|mle_ms=2.393
PMLE_WASM2JS_MLE_TIC|tic=4983|mle_ms=2.447
PMLE_WASM2JS_MLE_TIC|tic=4984|mle_ms=2.508
PMLE_WASM2JS_MLE_TIC|tic=4985|mle_ms=2.408
PMLE_WASM2JS_MLE_TIC|tic=4986|mle_ms=2.537
PMLE_WASM2JS_MLE_TIC|tic=4987|mle_ms=2.328
PMLE_WASM2JS_MLE_TIC|tic=4988|mle_ms=2.308
PMLE_WASM2JS_MLE_TIC|tic=4989|mle_ms=2.327
PMLE_WASM2JS_MLE_TIC|tic=4990|mle_ms=2.308
PMLE_WASM2JS_MLE_TIC|tic=4991|mle_ms=2.344
PMLE_WASM2JS_MLE_TIC|tic=4992|mle_ms=3.435
PMLE_WASM2JS_MLE_TIC|tic=4993|mle_ms=2.443
PMLE_WASM2JS_MLE_TIC|tic=4994|mle_ms=2.439
PMLE_WASM2JS_MLE_TIC|tic=4995|mle_ms=2.385
PMLE_WASM2JS_MLE_TIC|tic=4996|mle_ms=2.518
PMLE_WASM2JS_MLE_TIC|tic=4997|mle_ms=2.327
PMLE_WASM2JS_MLE_TIC|tic=4998|mle_ms=2.395
PMLE_WASM2JS_MLE_TIC|tic=4999|mle_ms=2.457
PMLE_WASM2JS_MLE_TIC|tic=5000|mle_ms=2.363
PMLE_WASM2JS_MLE_TIC|tic=5001|mle_ms=2.432
PMLE_WASM2JS_MLE_TIC|tic=5002|mle_ms=2.474
PMLE_WASM2JS_MLE_TIC|tic=5003|mle_ms=2.483
PMLE_WASM2JS_MLE_TIC|tic=5004|mle_ms=2.539
PMLE_WASM2JS_MLE_TIC|tic=5005|mle_ms=2.447
PMLE_WASM2JS_MLE_TIC|tic=5006|mle_ms=2.503
PMLE_WASM2JS_MLE_TIC|tic=5007|mle_ms=2.316
PMLE_WASM2JS_MLE_TIC|tic=5008|mle_ms=2.378
PMLE_WASM2JS_MLE_TIC|tic=5009|mle_ms=3.461
PMLE_WASM2JS_MLE_TIC|tic=5010|mle_ms=2.394
PMLE_WASM2JS_MLE_TIC|tic=5011|mle_ms=2.381
PMLE_WASM2JS_MLE_TIC|tic=5012|mle_ms=2.397
PMLE_WASM2JS_MLE_TIC|tic=5013|mle_ms=2.403
PMLE_WASM2JS_MLE_TIC|tic=5014|mle_ms=2.529
PMLE_WASM2JS_MLE_TIC|tic=5015|mle_ms=2.425
PMLE_WASM2JS_MLE_TIC|tic=5016|mle_ms=2.533
PMLE_WASM2JS_MLE_TIC|tic=5017|mle_ms=2.348
PMLE_WASM2JS_MLE_TIC|tic=5018|mle_ms=2.345
PMLE_WASM2JS_MLE_TIC|tic=5019|mle_ms=2.361
PMLE_WASM2JS_MLE_TIC|tic=5020|mle_ms=2.372
PMLE_WASM2JS_MLE_TIC|tic=5021|mle_ms=2.386
PMLE_WASM2JS_MLE_TIC|tic=5022|mle_ms=2.473
PMLE_WASM2JS_MLE_TIC|tic=5023|mle_ms=2.51
PMLE_WASM2JS_MLE_TIC|tic=5024|mle_ms=2.513
PMLE_WASM2JS_MLE_TIC|tic=5025|mle_ms=2.399
PMLE_WASM2JS_MLE_TIC|tic=5026|mle_ms=2.509
PMLE_WASM2JS_MLE_TIC|tic=5027|mle_ms=3.39
PMLE_WASM2JS_MLE_TIC|tic=5028|mle_ms=2.369
PMLE_WASM2JS_MLE_TIC|tic=5029|mle_ms=2.364
PMLE_WASM2JS_MLE_TIC|tic=5030|mle_ms=2.334
PMLE_WASM2JS_MLE_TIC|tic=5031|mle_ms=2.331
PMLE_WASM2JS_MLE_TIC|tic=5032|mle_ms=2.447
PMLE_WASM2JS_MLE_TIC|tic=5033|mle_ms=2.478
PMLE_WASM2JS_MLE_TIC|tic=5034|mle_ms=2.538
PMLE_WASM2JS_MLE_TIC|tic=5035|mle_ms=2.472
PMLE_WASM2JS_MLE_TIC|tic=5036|mle_ms=2.491
PMLE_WASM2JS_MLE_TIC|tic=5037|mle_ms=2.32
PMLE_WASM2JS_MLE_TIC|tic=5038|mle_ms=2.333
PMLE_WASM2JS_MLE_TIC|tic=5039|mle_ms=2.349
PMLE_WASM2JS_MLE_TIC|tic=5040|mle_ms=2.35
PMLE_WASM2JS_MLE_TIC|tic=5041|mle_ms=2.375
PMLE_WASM2JS_MLE_TIC|tic=5042|mle_ms=2.444
PMLE_WASM2JS_MLE_TIC|tic=5043|mle_ms=2.412
PMLE_WASM2JS_MLE_TIC|tic=5044|mle_ms=2.516
PMLE_WASM2JS_MLE_TIC|tic=5045|mle_ms=2.431
PMLE_WASM2JS_MLE_TIC|tic=5046|mle_ms=3.59
PMLE_WASM2JS_MLE_TIC|tic=5047|mle_ms=2.347
PMLE_WASM2JS_MLE_TIC|tic=5048|mle_ms=2.315
PMLE_WASM2JS_MLE_TIC|tic=5049|mle_ms=2.347
PMLE_WASM2JS_MLE_TIC|tic=5050|mle_ms=2.32
PMLE_WASM2JS_MLE_TIC|tic=5051|mle_ms=2.328
PMLE_WASM2JS_MLE_TIC|tic=5052|mle_ms=2.42
PMLE_WASM2JS_MLE_TIC|tic=5053|mle_ms=2.426
PMLE_WASM2JS_MLE_TIC|tic=5054|mle_ms=2.496
PMLE_WASM2JS_MLE_TIC|tic=5055|mle_ms=2.362
PMLE_WASM2JS_MLE_TIC|tic=5056|mle_ms=2.486
PMLE_WASM2JS_MLE_TIC|tic=5057|mle_ms=2.337
PMLE_WASM2JS_MLE_TIC|tic=5058|mle_ms=2.335
PMLE_WASM2JS_MLE_TIC|tic=5059|mle_ms=2.407
PMLE_WASM2JS_MLE_TIC|tic=5060|mle_ms=2.314
PMLE_WASM2JS_MLE_TIC|tic=5061|mle_ms=2.313
PMLE_WASM2JS_MLE_TIC|tic=5062|mle_ms=2.409
PMLE_WASM2JS_MLE_TIC|tic=5063|mle_ms=2.403
PMLE_WASM2JS_MLE_TIC|tic=5064|mle_ms=2.525
PMLE_WASM2JS_MLE_TIC|tic=5065|mle_ms=3.494
PMLE_WASM2JS_MLE_TIC|tic=5066|mle_ms=2.489
PMLE_WASM2JS_MLE_TIC|tic=5067|mle_ms=2.299
PMLE_WASM2JS_MLE_TIC|tic=5068|mle_ms=2.345
PMLE_WASM2JS_MLE_TIC|tic=5069|mle_ms=2.37
PMLE_WASM2JS_MLE_TIC|tic=5070|mle_ms=2.321
PMLE_WASM2JS_MLE_TIC|tic=5071|mle_ms=2.376
PMLE_WASM2JS_MLE_TIC|tic=5072|mle_ms=2.412
PMLE_WASM2JS_MLE_TIC|tic=5073|mle_ms=2.413
PMLE_WASM2JS_MLE_TIC|tic=5074|mle_ms=2.471
PMLE_WASM2JS_MLE_TIC|tic=5075|mle_ms=2.376
PMLE_WASM2JS_MLE_TIC|tic=5076|mle_ms=2.493
PMLE_WASM2JS_MLE_TIC|tic=5077|mle_ms=2.32
PMLE_WASM2JS_MLE_TIC|tic=5078|mle_ms=2.302
PMLE_WASM2JS_MLE_TIC|tic=5079|mle_ms=2.324
PMLE_WASM2JS_MLE_TIC|tic=5080|mle_ms=2.314
PMLE_WASM2JS_MLE_TIC|tic=5081|mle_ms=2.36
PMLE_WASM2JS_MLE_TIC|tic=5082|mle_ms=2.441
PMLE_WASM2JS_MLE_TIC|tic=5083|mle_ms=2.464
PMLE_WASM2JS_MLE_TIC|tic=5084|mle_ms=3.587
PMLE_WASM2JS_MLE_TIC|tic=5085|mle_ms=2.37
PMLE_WASM2JS_MLE_TIC|tic=5086|mle_ms=2.472
PMLE_WASM2JS_MLE_TIC|tic=5087|mle_ms=2.299
PMLE_WASM2JS_MLE_TIC|tic=5088|mle_ms=2.339
PMLE_WASM2JS_MLE_TIC|tic=5089|mle_ms=2.363
PMLE_WASM2JS_MLE_TIC|tic=5090|mle_ms=2.306
PMLE_WASM2JS_MLE_TIC|tic=5091|mle_ms=2.315
PMLE_WASM2JS_MLE_TIC|tic=5092|mle_ms=2.414
PMLE_WASM2JS_MLE_TIC|tic=5093|mle_ms=2.484
PMLE_WASM2JS_MLE_TIC|tic=5094|mle_ms=2.541
PMLE_WASM2JS_MLE_TIC|tic=5095|mle_ms=2.434
PMLE_WASM2JS_MLE_TIC|tic=5096|mle_ms=2.487
PMLE_WASM2JS_MLE_TIC|tic=5097|mle_ms=2.292
PMLE_WASM2JS_MLE_TIC|tic=5098|mle_ms=2.337
PMLE_WASM2JS_MLE_TIC|tic=5099|mle_ms=2.359
PMLE_WASM2JS_MLE_TIC|tic=5100|mle_ms=2.377
PMLE_WASM2JS_MLE_TIC|tic=5101|mle_ms=2.423
PMLE_WASM2JS_MLE_TIC|tic=5102|mle_ms=2.411
PMLE_WASM2JS_MLE_TIC|tic=5103|mle_ms=3.465
PMLE_WASM2JS_MLE_TIC|tic=5104|mle_ms=2.521
PMLE_WASM2JS_MLE_TIC|tic=5105|mle_ms=2.414
PMLE_WASM2JS_MLE_TIC|tic=5106|mle_ms=2.499
PMLE_WASM2JS_MLE_TIC|tic=5107|mle_ms=2.38
PMLE_WASM2JS_MLE_TIC|tic=5108|mle_ms=2.352
PMLE_WASM2JS_MLE_TIC|tic=5109|mle_ms=2.321
PMLE_WASM2JS_MLE_TIC|tic=5110|mle_ms=2.309
PMLE_WASM2JS_MLE_TIC|tic=5111|mle_ms=2.346
PMLE_WASM2JS_MLE_TIC|tic=5112|mle_ms=2.414
PMLE_WASM2JS_MLE_TIC|tic=5113|mle_ms=2.449
PMLE_WASM2JS_MLE_TIC|tic=5114|mle_ms=2.464
PMLE_WASM2JS_MLE_TIC|tic=5115|mle_ms=2.374
PMLE_WASM2JS_MLE_TIC|tic=5116|mle_ms=2.494
PMLE_WASM2JS_MLE_TIC|tic=5117|mle_ms=2.334
PMLE_WASM2JS_MLE_TIC|tic=5118|mle_ms=2.373
PMLE_WASM2JS_MLE_TIC|tic=5119|mle_ms=2.411
PMLE_WASM2JS_MLE_TIC|tic=5120|mle_ms=2.354
PMLE_WASM2JS_MLE_TIC|tic=5121|mle_ms=2.359
PMLE_WASM2JS_MLE_TIC|tic=5122|mle_ms=2.423
PMLE_WASM2JS_MLE_TIC|tic=5123|mle_ms=3.494
PMLE_WASM2JS_MLE_TIC|tic=5124|mle_ms=2.528
PMLE_WASM2JS_MLE_TIC|tic=5125|mle_ms=2.441
PMLE_WASM2JS_MLE_TIC|tic=5126|mle_ms=2.488
PMLE_WASM2JS_MLE_TIC|tic=5127|mle_ms=2.313
PMLE_WASM2JS_MLE_TIC|tic=5128|mle_ms=2.334
PMLE_WASM2JS_MLE_TIC|tic=5129|mle_ms=2.377
PMLE_WASM2JS_MLE_TIC|tic=5130|mle_ms=2.359
PMLE_WASM2JS_MLE_TIC|tic=5131|mle_ms=2.36
PMLE_WASM2JS_MLE_TIC|tic=5132|mle_ms=2.437
PMLE_WASM2JS_MLE_TIC|tic=5133|mle_ms=2.416
PMLE_WASM2JS_MLE_TIC|tic=5134|mle_ms=2.471
PMLE_WASM2JS_MLE_TIC|tic=5135|mle_ms=2.399
PMLE_WASM2JS_MLE_TIC|tic=5136|mle_ms=2.504
PMLE_WASM2JS_MLE_TIC|tic=5137|mle_ms=2.363
PMLE_WASM2JS_MLE_TIC|tic=5138|mle_ms=2.333
PMLE_WASM2JS_MLE_TIC|tic=5139|mle_ms=2.339
PMLE_WASM2JS_MLE_TIC|tic=5140|mle_ms=2.332
PMLE_WASM2JS_MLE_TIC|tic=5141|mle_ms=2.354
PMLE_WASM2JS_MLE_TIC|tic=5142|mle_ms=2.45
PMLE_WASM2JS_MLE_TIC|tic=5143|mle_ms=3.548
PMLE_WASM2JS_MLE_TIC|tic=5144|mle_ms=2.505
PMLE_WASM2JS_MLE_TIC|tic=5145|mle_ms=2.354
PMLE_WASM2JS_MLE_TIC|tic=5146|mle_ms=2.498
PMLE_WASM2JS_MLE_TIC|tic=5147|mle_ms=2.347
PMLE_WASM2JS_MLE_TIC|tic=5148|mle_ms=2.352
PMLE_WASM2JS_MLE_TIC|tic=5149|mle_ms=2.372
PMLE_WASM2JS_MLE_TIC|tic=5150|mle_ms=2.33
PMLE_WASM2JS_MLE_TIC|tic=5151|mle_ms=2.331
PMLE_WASM2JS_MLE_TIC|tic=5152|mle_ms=2.41
PMLE_WASM2JS_MLE_TIC|tic=5153|mle_ms=2.408
PMLE_WASM2JS_MLE_TIC|tic=5154|mle_ms=2.526
PMLE_WASM2JS_MLE_TIC|tic=5155|mle_ms=2.407
PMLE_WASM2JS_MLE_TIC|tic=5156|mle_ms=2.503
PMLE_WASM2JS_MLE_TIC|tic=5157|mle_ms=2.322
PMLE_WASM2JS_MLE_TIC|tic=5158|mle_ms=2.321
PMLE_WASM2JS_MLE_TIC|tic=5159|mle_ms=2.339
PMLE_WASM2JS_MLE_TIC|tic=5160|mle_ms=2.351
PMLE_WASM2JS_MLE_TIC|tic=5161|mle_ms=2.373
PMLE_WASM2JS_MLE_TIC|tic=5162|mle_ms=2.4
PMLE_WASM2JS_MLE_TIC|tic=5163|mle_ms=3.502
PMLE_WASM2JS_MLE_TIC|tic=5164|mle_ms=2.483
PMLE_WASM2JS_MLE_TIC|tic=5165|mle_ms=2.364
PMLE_WASM2JS_MLE_TIC|tic=5166|mle_ms=2.51
PMLE_WASM2JS_MLE_TIC|tic=5167|mle_ms=2.32
PMLE_WASM2JS_MLE_TIC|tic=5168|mle_ms=2.331
PMLE_WASM2JS_MLE_TIC|tic=5169|mle_ms=2.369
PMLE_WASM2JS_MLE_TIC|tic=5170|mle_ms=2.347
PMLE_WASM2JS_MLE_TIC|tic=5171|mle_ms=2.334
PMLE_WASM2JS_MLE_TIC|tic=5172|mle_ms=2.425
PMLE_WASM2JS_MLE_TIC|tic=5173|mle_ms=2.438
PMLE_WASM2JS_MLE_TIC|tic=5174|mle_ms=2.475
PMLE_WASM2JS_MLE_TIC|tic=5175|mle_ms=2.357
PMLE_WASM2JS_MLE_TIC|tic=5176|mle_ms=2.475
PMLE_WASM2JS_MLE_TIC|tic=5177|mle_ms=2.328
PMLE_WASM2JS_MLE_TIC|tic=5178|mle_ms=2.374
PMLE_WASM2JS_MLE_TIC|tic=5179|mle_ms=2.4
PMLE_WASM2JS_MLE_TIC|tic=5180|mle_ms=2.311
PMLE_WASM2JS_MLE_TIC|tic=5181|mle_ms=2.34
PMLE_WASM2JS_MLE_TIC|tic=5182|mle_ms=2.452
PMLE_WASM2JS_MLE_TIC|tic=5183|mle_ms=3.504
PMLE_WASM2JS_MLE_TIC|tic=5184|mle_ms=2.521
PMLE_WASM2JS_MLE_TIC|tic=5185|mle_ms=2.436
PMLE_WASM2JS_MLE_TIC|tic=5186|mle_ms=2.489
PMLE_WASM2JS_MLE_TIC|tic=5187|mle_ms=2.278
PMLE_WASM2JS_MLE_TIC|tic=5188|mle_ms=2.311
PMLE_WASM2JS_MLE_TIC|tic=5189|mle_ms=2.36
PMLE_WASM2JS_MLE_TIC|tic=5190|mle_ms=2.331
PMLE_WASM2JS_MLE_TIC|tic=5191|mle_ms=2.378
PMLE_WASM2JS_MLE_TIC|tic=5192|mle_ms=2.399
PMLE_WASM2JS_MLE_TIC|tic=5193|mle_ms=2.436
PMLE_WASM2JS_MLE_TIC|tic=5194|mle_ms=2.489
PMLE_WASM2JS_MLE_TIC|tic=5195|mle_ms=2.373
PMLE_WASM2JS_MLE_TIC|tic=5196|mle_ms=2.507
PMLE_WASM2JS_MLE_TIC|tic=5197|mle_ms=2.343
PMLE_WASM2JS_MLE_TIC|tic=5198|mle_ms=2.302
PMLE_WASM2JS_MLE_TIC|tic=5199|mle_ms=2.349
PMLE_WASM2JS_MLE_TIC|tic=5200|mle_ms=2.311
PMLE_WASM2JS_MLE_TIC|tic=5201|mle_ms=2.42
PMLE_WASM2JS_MLE_TIC|tic=5202|mle_ms=3.518
PMLE_WASM2JS_MLE_TIC|tic=5203|mle_ms=2.482
PMLE_WASM2JS_MLE_TIC|tic=5204|mle_ms=2.477
PMLE_WASM2JS_MLE_TIC|tic=5205|mle_ms=2.377
PMLE_WASM2JS_MLE_TIC|tic=5206|mle_ms=2.469
PMLE_WASM2JS_MLE_TIC|tic=5207|mle_ms=2.282
PMLE_WASM2JS_MLE_TIC|tic=5208|mle_ms=2.345
PMLE_WASM2JS_MLE_TIC|tic=5209|mle_ms=2.346
PMLE_WASM2JS_MLE_TIC|tic=5210|mle_ms=2.288
PMLE_WASM2JS_MLE_TIC|tic=5211|mle_ms=2.33
PMLE_WASM2JS_MLE_TIC|tic=5212|mle_ms=2.387
PMLE_WASM2JS_MLE_TIC|tic=5213|mle_ms=2.391
PMLE_WASM2JS_MLE_TIC|tic=5214|mle_ms=2.459
PMLE_WASM2JS_MLE_TIC|tic=5215|mle_ms=2.393
PMLE_WASM2JS_MLE_TIC|tic=5216|mle_ms=2.474
PMLE_WASM2JS_MLE_TIC|tic=5217|mle_ms=2.282
PMLE_WASM2JS_MLE_TIC|tic=5218|mle_ms=2.329
PMLE_WASM2JS_MLE_TIC|tic=5219|mle_ms=2.353
PMLE_WASM2JS_MLE_TIC|tic=5220|mle_ms=2.331
PMLE_WASM2JS_MLE_TIC|tic=5221|mle_ms=2.368
PMLE_WASM2JS_MLE_TIC|tic=5222|mle_ms=3.443
PMLE_WASM2JS_MLE_TIC|tic=5223|mle_ms=2.396
PMLE_WASM2JS_MLE_TIC|tic=5224|mle_ms=2.468
PMLE_WASM2JS_MLE_TIC|tic=5225|mle_ms=2.358
PMLE_WASM2JS_MLE_TIC|tic=5226|mle_ms=2.489
PMLE_WASM2JS_MLE_TIC|tic=5227|mle_ms=2.345
PMLE_WASM2JS_MLE_TIC|tic=5228|mle_ms=2.367
PMLE_WASM2JS_MLE_TIC|tic=5229|mle_ms=2.332
PMLE_WASM2JS_MLE_TIC|tic=5230|mle_ms=2.325
PMLE_WASM2JS_MLE_TIC|tic=5231|mle_ms=2.325
PMLE_WASM2JS_MLE_TIC|tic=5232|mle_ms=2.427
PMLE_WASM2JS_MLE_TIC|tic=5233|mle_ms=2.405
PMLE_WASM2JS_MLE_TIC|tic=5234|mle_ms=2.46
PMLE_WASM2JS_MLE_TIC|tic=5235|mle_ms=2.338
PMLE_WASM2JS_MLE_TIC|tic=5236|mle_ms=2.48
PMLE_WASM2JS_MLE_TIC|tic=5237|mle_ms=2.299
PMLE_WASM2JS_MLE_TIC|tic=5238|mle_ms=2.309
PMLE_WASM2JS_MLE_TIC|tic=5239|mle_ms=2.359
PMLE_WASM2JS_MLE_TIC|tic=5240|mle_ms=2.332
PMLE_WASM2JS_MLE_TIC|tic=5241|mle_ms=3.435
PMLE_WASM2JS_MLE_TIC|tic=5242|mle_ms=2.448
PMLE_WASM2JS_MLE_TIC|tic=5243|mle_ms=2.404
PMLE_WASM2JS_MLE_TIC|tic=5244|mle_ms=2.494
PMLE_WASM2JS_MLE_TIC|tic=5245|mle_ms=2.377
PMLE_WASM2JS_MLE_TIC|tic=5246|mle_ms=2.45
PMLE_WASM2JS_MLE_TIC|tic=5247|mle_ms=2.28
PMLE_WASM2JS_MLE_TIC|tic=5248|mle_ms=2.293
PMLE_WASM2JS_MLE_TIC|tic=5249|mle_ms=2.333
PMLE_WASM2JS_MLE_TIC|tic=5250|mle_ms=2.344
PMLE_WASM2JS_MLE_RANK|PASS|stream=live-dm-2026-07-23|tics=5250|p50_ms=7.244|p95_ms=26.044|p99_ms=33.083|max_ms=172.497|throughput_tps=104.627
PMLE_WASM2JS_MLE_WINDOW|through_tic=100|tics=100|wall_ms=1331.027|memory=linear_memory_bytes=72810496
PMLE_WASM2JS_MLE_WINDOW|through_tic=200|tics=100|wall_ms=1837.854|memory=linear_memory_bytes=72810496
PMLE_WASM2JS_MLE_WINDOW|through_tic=300|tics=100|wall_ms=2442.719|memory=linear_memory_bytes=72810496
PMLE_WASM2JS_MLE_WINDOW|through_tic=400|tics=100|wall_ms=2174.337|memory=linear_memory_bytes=72810496
PMLE_WASM2JS_MLE_WINDOW|through_tic=500|tics=100|wall_ms=2030.681|memory=linear_memory_bytes=72810496
PMLE_WASM2JS_MLE_WINDOW|through_tic=600|tics=100|wall_ms=1791.884|memory=linear_memory_bytes=72810496
PMLE_WASM2JS_MLE_WINDOW|through_tic=700|tics=100|wall_ms=1958.09|memory=linear_memory_bytes=72810496
PMLE_WASM2JS_MLE_WINDOW|through_tic=800|tics=100|wall_ms=1140.147|memory=linear_memory_bytes=72810496
PMLE_WASM2JS_MLE_WINDOW|through_tic=900|tics=100|wall_ms=1213.17|memory=linear_memory_bytes=72810496
PMLE_WASM2JS_MLE_WINDOW|through_tic=1000|tics=100|wall_ms=1177.014|memory=linear_memory_bytes=72810496
PMLE_WASM2JS_MLE_WINDOW|through_tic=1100|tics=100|wall_ms=941.125|memory=linear_memory_bytes=72810496
PMLE_WASM2JS_MLE_WINDOW|through_tic=1200|tics=100|wall_ms=797.301|memory=linear_memory_bytes=72810496
PMLE_WASM2JS_MLE_WINDOW|through_tic=1300|tics=100|wall_ms=539.069|memory=linear_memory_bytes=72810496
PMLE_WASM2JS_MLE_WINDOW|through_tic=1400|tics=100|wall_ms=452.071|memory=linear_memory_bytes=72810496
PMLE_WASM2JS_MLE_WINDOW|through_tic=1500|tics=100|wall_ms=802.656|memory=linear_memory_bytes=72810496
PMLE_WASM2JS_MLE_WINDOW|through_tic=1600|tics=100|wall_ms=908.987|memory=linear_memory_bytes=72810496
PMLE_WASM2JS_MLE_WINDOW|through_tic=1700|tics=100|wall_ms=1564.855|memory=linear_memory_bytes=72810496
PMLE_WASM2JS_MLE_WINDOW|through_tic=1800|tics=100|wall_ms=984.87|memory=linear_memory_bytes=72810496
PMLE_WASM2JS_MLE_WINDOW|through_tic=1900|tics=100|wall_ms=1185.297|memory=linear_memory_bytes=72810496
PMLE_WASM2JS_MLE_WINDOW|through_tic=2000|tics=100|wall_ms=1176.294|memory=linear_memory_bytes=72810496
PMLE_WASM2JS_MLE_WINDOW|through_tic=2100|tics=100|wall_ms=1040.738|memory=linear_memory_bytes=72810496
PMLE_WASM2JS_MLE_WINDOW|through_tic=2200|tics=100|wall_ms=1089.183|memory=linear_memory_bytes=72810496
PMLE_WASM2JS_MLE_WINDOW|through_tic=2300|tics=100|wall_ms=860.303|memory=linear_memory_bytes=72810496
PMLE_WASM2JS_MLE_WINDOW|through_tic=2400|tics=100|wall_ms=1135.168|memory=linear_memory_bytes=72810496
PMLE_WASM2JS_MLE_WINDOW|through_tic=2500|tics=100|wall_ms=1013.494|memory=linear_memory_bytes=72810496
PMLE_WASM2JS_MLE_WINDOW|through_tic=2600|tics=100|wall_ms=860.927|memory=linear_memory_bytes=72810496
PMLE_WASM2JS_MLE_WINDOW|through_tic=2700|tics=100|wall_ms=1325.967|memory=linear_memory_bytes=72810496
PMLE_WASM2JS_MLE_WINDOW|through_tic=2800|tics=100|wall_ms=1275.001|memory=linear_memory_bytes=72810496
PMLE_WASM2JS_MLE_WINDOW|through_tic=2900|tics=100|wall_ms=1174.534|memory=linear_memory_bytes=72810496
PMLE_WASM2JS_MLE_WINDOW|through_tic=3000|tics=100|wall_ms=1169.822|memory=linear_memory_bytes=72810496
PMLE_WASM2JS_MLE_WINDOW|through_tic=3100|tics=100|wall_ms=1164.12|memory=linear_memory_bytes=72810496
PMLE_WASM2JS_MLE_WINDOW|through_tic=3200|tics=100|wall_ms=904.131|memory=linear_memory_bytes=72810496
PMLE_WASM2JS_MLE_WINDOW|through_tic=3300|tics=100|wall_ms=1044.304|memory=linear_memory_bytes=72810496
PMLE_WASM2JS_MLE_WINDOW|through_tic=3400|tics=100|wall_ms=761.075|memory=linear_memory_bytes=72810496
PMLE_WASM2JS_MLE_WINDOW|through_tic=3500|tics=100|wall_ms=1371.392|memory=linear_memory_bytes=72810496
PMLE_WASM2JS_MLE_WINDOW|through_tic=3600|tics=100|wall_ms=983.349|memory=linear_memory_bytes=72810496
PMLE_WASM2JS_MLE_WINDOW|through_tic=3700|tics=100|wall_ms=814.809|memory=linear_memory_bytes=72810496
PMLE_WASM2JS_MLE_WINDOW|through_tic=3800|tics=100|wall_ms=820.38|memory=linear_memory_bytes=72810496
PMLE_WASM2JS_MLE_WINDOW|through_tic=3900|tics=100|wall_ms=722.783|memory=linear_memory_bytes=72810496
PMLE_WASM2JS_MLE_WINDOW|through_tic=4000|tics=100|wall_ms=692.891|memory=linear_memory_bytes=72810496
PMLE_WASM2JS_MLE_WINDOW|through_tic=4100|tics=100|wall_ms=629.061|memory=linear_memory_bytes=72810496
PMLE_WASM2JS_MLE_WINDOW|through_tic=4200|tics=100|wall_ms=286.06|memory=linear_memory_bytes=72810496
PMLE_WASM2JS_MLE_WINDOW|through_tic=4300|tics=100|wall_ms=245.249|memory=linear_memory_bytes=72810496
PMLE_WASM2JS_MLE_WINDOW|through_tic=4400|tics=100|wall_ms=245.029|memory=linear_memory_bytes=72810496
PMLE_WASM2JS_MLE_WINDOW|through_tic=4500|tics=100|wall_ms=246.751|memory=linear_memory_bytes=72810496
PMLE_WASM2JS_MLE_WINDOW|through_tic=4600|tics=100|wall_ms=246.1|memory=linear_memory_bytes=72810496
PMLE_WASM2JS_MLE_WINDOW|through_tic=4700|tics=100|wall_ms=246.503|memory=linear_memory_bytes=72810496
PMLE_WASM2JS_MLE_WINDOW|through_tic=4800|tics=100|wall_ms=247.472|memory=linear_memory_bytes=72810496
PMLE_WASM2JS_MLE_WINDOW|through_tic=4900|tics=100|wall_ms=246.827|memory=linear_memory_bytes=72810496
PMLE_WASM2JS_MLE_WINDOW|through_tic=5000|tics=100|wall_ms=246.304|memory=linear_memory_bytes=72810496
PMLE_WASM2JS_MLE_WINDOW|through_tic=5100|tics=100|wall_ms=246.604|memory=linear_memory_bytes=72810496
PMLE_WASM2JS_MLE_WINDOW|through_tic=5200|tics=100|wall_ms=245.93|memory=linear_memory_bytes=72810496
PMLE_WASM2JS_MLE_WINDOW|through_tic=5250|tics=50|wall_ms=122.769|memory=linear_memory_bytes=72810496

