PMLE_HOST_QUIESCENCE|PASS|docker_builds=0|compiles=0|verifiers=0
PMLE_DECPS_ARTIFACT|sha256=5ec18cbe4cff7192d384e81d1010e0133d357d44ff17fa65821e1489c4fd1ee3|bytes=1081335|phase=dual-clock

Session altered.


Session altered.


Session altered.


Session altered.

PMLE_ENVIRONMENT|cpu_count=2|resource_plan=DEFAULT_PLAN|cpu_managed=ON|pdb_cpu_count=2|pdb_utilization_limit=50|pdb_running_sessions_limit=2|pdb_plan=DEFAULT_CDB_PLAN

Session altered.


Session altered.


Session altered.


Session altered.

6 command-line variables
M_LoadDefaults: Load system defaults.
M_Random: Using DelegateRandom.
-iwad specified. Will be used with priority
ITicker: Using nanosecond accuracy timer.
FreeDoom: Phase 1	   v1.9
W_Init: Init WADfiles.
	added freedoom1.wad (zipped: false network: true)
VI_Init: set palettes.
Palette: 3584 colors
VI_Init: set colormaps.
Colormaps: 35
V_Init: allocate screens.
AM_Init: Init Automap colors -
===========================================================================
Copyright © 2001-2017 Contributors to the Freedoom project.
All rights reserved.
See: https://github.com/freedoom/freedoom/blob/master/COPYING.adoc
===========================================================================
Tables.InitTables: Init trigonometric LUTs.
M_Init: Init miscellaneous info.
R_Init: Init DOOM refresh daemon -
P_Init: Init Playloop state.
false NUKAGE1 NUKAGE3 8
false FWATER1 FWATER4 8
false SWATER1 SWATER4 8
false LAVA1 LAVA4 8
false BLOOD1 BLOOD3 8
false RROCK05 RROCK08 8
false SLIME01 SLIME04 8
false SLIME05 SLIME08 8
false SLIME09 SLIME12 8
I_Init: Setting up machine state.
D_CheckNetGame: Checking network game status.
startskill sk_medium  deathmatch: false  startmap: 1  startepisode: 1
player 1 of 1 (1 nodes)
S_Init: Setting up sound.
M_Random: Switching to DoomRandom (new instance)
P_GetNodesVersion: using normal BSP nodes
PMLE_LIVE_REPLAY_INIT|stream=live-dm-2026-07-23|wall_ms=40210.482
PMLE_LIVE_REPLAY_TIC|tic=1|mle_ms=71.922|monotonic_ms=70|clock_delta_ms=1.922|cl
ock_suspect=0
PMLE_LIVE_REPLAY_TIC|tic=2|mle_ms=37.626|monotonic_ms=40|clock_delta_ms=2.374|cl
ock_suspect=0
PMLE_LIVE_REPLAY_TIC|tic=3|mle_ms=21.605|monotonic_ms=20|clock_delta_ms=1.605|cl
ock_suspect=0
PMLE_LIVE_REPLAY_TIC|tic=4|mle_ms=56.255|monotonic_ms=60|clock_delta_ms=3.745|cl
ock_suspect=0
PMLE_LIVE_REPLAY_TIC|tic=5|mle_ms=22.276|monotonic_ms=20|clock_delta_ms=2.276|cl
ock_suspect=0
PMLE_LIVE_REPLAY_TIC|tic=6|mle_ms=33.211|monotonic_ms=40|clock_delta_ms=6.789|cl
ock_suspect=0
PMLE_LIVE_REPLAY_TIC|tic=7|mle_ms=97.557|monotonic_ms=90|clock_delta_ms=7.557|cl
ock_suspect=0
PMLE_LIVE_REPLAY_TIC|tic=8|mle_ms=30.544|monotonic_ms=30|clock_delta_ms=.544|clo
ck_suspect=0
PMLE_LIVE_REPLAY_TIC|tic=9|mle_ms=58.025|monotonic_ms=60|clock_delta_ms=1.975|cl
ock_suspect=0
PMLE_LIVE_REPLAY_TIC|tic=10|mle_ms=134.545|monotonic_ms=140|clock_delta_ms=5.455
|clock_suspect=0
PMLE_LIVE_REPLAY_TIC|tic=11|mle_ms=58.144|monotonic_ms=60|clock_delta_ms=1.856|c
lock_suspect=0
PMLE_LIVE_REPLAY_TIC|tic=12|mle_ms=32.812|monotonic_ms=30|clock_delta_ms=2.812|c
lock_suspect=0
PMLE_LIVE_REPLAY_TIC|tic=13|mle_ms=85.312|monotonic_ms=80|clock_delta_ms=5.312|c
lock_suspect=0
PMLE_LIVE_REPLAY_TIC|tic=14|mle_ms=72.673|monotonic_ms=80|clock_delta_ms=7.327|c
lock_suspect=0
PMLE_LIVE_REPLAY_TIC|tic=15|mle_ms=68.145|monotonic_ms=60|clock_delta_ms=8.145|c
lock_suspect=0
PMLE_LIVE_REPLAY_TIC|tic=16|mle_ms=103.671|monotonic_ms=110|clock_delta_ms=6.329
|clock_suspect=0
PMLE_LIVE_REPLAY_TIC|tic=17|mle_ms=57.83|monotonic_ms=60|clock_delta_ms=2.17|clo
ck_suspect=0
PMLE_LIVE_REPLAY_TIC|tic=18|mle_ms=73.234|monotonic_ms=70|clock_delta_ms=3.234|c
lock_suspect=0
PMLE_LIVE_REPLAY_TIC|tic=19|mle_ms=62.988|monotonic_ms=60|clock_delta_ms=2.988|c
lock_suspect=0
PMLE_LIVE_REPLAY_TIC|tic=20|mle_ms=41.873|monotonic_ms=40|clock_delta_ms=1.873|c
lock_suspect=0
PMLE_LIVE_REPLAY_TIC|tic=21|mle_ms=132.869|monotonic_ms=140|clock_delta_ms=7.131
|clock_suspect=0
PMLE_LIVE_REPLAY_TIC|tic=22|mle_ms=65.97|monotonic_ms=60|clock_delta_ms=5.97|clo
ck_suspect=0
PMLE_LIVE_REPLAY_TIC|tic=23|mle_ms=45.024|monotonic_ms=50|clock_delta_ms=4.976|c
lock_suspect=0
PMLE_LIVE_REPLAY_TIC|tic=24|mle_ms=76.798|monotonic_ms=80|clock_delta_ms=3.202|c
lock_suspect=0
PMLE_LIVE_REPLAY_TIC|tic=25|mle_ms=69.997|monotonic_ms=70|clock_delta_ms=.003|cl
ock_suspect=0
PMLE_LIVE_REPLAY_TIC|tic=26|mle_ms=57.983|monotonic_ms=50|clock_delta_ms=7.983|c
lock_suspect=0
PMLE_LIVE_REPLAY_TIC|tic=27|mle_ms=85.595|monotonic_ms=90|clock_delta_ms=4.405|c
lock_suspect=0
PMLE_LIVE_REPLAY_TIC|tic=28|mle_ms=89.36|monotonic_ms=90|clock_delta_ms=.64|cloc
k_suspect=0
PMLE_LIVE_REPLAY_TIC|tic=29|mle_ms=25.329|monotonic_ms=20|clock_delta_ms=5.329|c
lock_suspect=0
PMLE_LIVE_REPLAY_TIC|tic=30|mle_ms=45.121|monotonic_ms=50|clock_delta_ms=4.879|c
lock_suspect=0
PMLE_LIVE_REPLAY_TIC|tic=31|mle_ms=127.376|monotonic_ms=130|clock_delta_ms=2.624
|clock_suspect=0
PMLE_LIVE_REPLAY_TIC|tic=32|mle_ms=34.877|monotonic_ms=30|clock_delta_ms=4.877|c
lock_suspect=0
PMLE_LIVE_REPLAY_TIC|tic=33|mle_ms=76.95|monotonic_ms=80|clock_delta_ms=3.05|clo
ck_suspect=0
PMLE_LIVE_REPLAY_TIC|tic=34|mle_ms=86.282|monotonic_ms=90|clock_delta_ms=3.718|c
lock_suspect=0
PMLE_LIVE_REPLAY_TIC|tic=35|mle_ms=22.345|monotonic_ms=20|clock_delta_ms=2.345|c
lock_suspect=0
PMLE_LIVE_REPLAY_TIC|tic=36|mle_ms=52.293|monotonic_ms=50|clock_delta_ms=2.293|c
lock_suspect=0
PMLE_LIVE_REPLAY_TIC|tic=37|mle_ms=95.44|monotonic_ms=100|clock_delta_ms=4.56|cl
ock_suspect=0
PMLE_LIVE_REPLAY_TIC|tic=38|mle_ms=43.167|monotonic_ms=40|clock_delta_ms=3.167|c
lock_suspect=0
PMLE_LIVE_REPLAY_TIC|tic=39|mle_ms=37.856|monotonic_ms=40|clock_delta_ms=2.144|c
lock_suspect=0
PMLE_LIVE_REPLAY_TIC|tic=40|mle_ms=132.031|monotonic_ms=130|clock_delta_ms=2.031
|clock_suspect=0
PMLE_LIVE_REPLAY_TIC|tic=41|mle_ms=79.47|monotonic_ms=80|clock_delta_ms=.53|cloc
k_suspect=0
PMLE_LIVE_REPLAY_TIC|tic=42|mle_ms=53.075|monotonic_ms=50|clock_delta_ms=3.075|c
lock_suspect=0
PMLE_LIVE_REPLAY_TIC|tic=43|mle_ms=108.046|monotonic_ms=110|clock_delta_ms=1.954
|clock_suspect=0
PMLE_LIVE_REPLAY_TIC|tic=44|mle_ms=58.679|monotonic_ms=60|clock_delta_ms=1.321|c
lock_suspect=0
PMLE_LIVE_REPLAY_TIC|tic=45|mle_ms=43.291|monotonic_ms=40|clock_delta_ms=3.291|c
lock_suspect=0
PMLE_LIVE_REPLAY_TIC|tic=46|mle_ms=116.605|monotonic_ms=120|clock_delta_ms=3.395
|clock_suspect=0
PMLE_LIVE_REPLAY_TIC|tic=47|mle_ms=53.696|monotonic_ms=50|clock_delta_ms=3.696|c
lock_suspect=0
PMLE_LIVE_REPLAY_TIC|tic=48|mle_ms=67.358|monotonic_ms=70|clock_delta_ms=2.642|c
lock_suspect=0
PMLE_LIVE_REPLAY_TIC|tic=49|mle_ms=80.192|monotonic_ms=80|clock_delta_ms=.192|cl
ock_suspect=0
PMLE_LIVE_REPLAY_TIC|tic=50|mle_ms=45.769|monotonic_ms=50|clock_delta_ms=4.231|c
lock_suspect=0
PMLE_LIVE_REPLAY_TIC|tic=51|mle_ms=81.11|monotonic_ms=80|clock_delta_ms=1.11|clo
ck_suspect=0
PMLE_LIVE_REPLAY_TIC|tic=52|mle_ms=91.073|monotonic_ms=90|clock_delta_ms=1.073|c
lock_suspect=0
PMLE_LIVE_REPLAY_TIC|tic=53|mle_ms=43.11|monotonic_ms=40|clock_delta_ms=3.11|clo
ck_suspect=0
PMLE_LIVE_REPLAY_TIC|tic=54|mle_ms=65.948|monotonic_ms=70|clock_delta_ms=4.052|c
lock_suspect=0
PMLE_LIVE_REPLAY_TIC|tic=55|mle_ms=90.065|monotonic_ms=90|clock_delta_ms=.065|cl
ock_suspect=0
PMLE_LIVE_REPLAY_TIC|tic=56|mle_ms=47.794|monotonic_ms=50|clock_delta_ms=2.206|c
lock_suspect=0
PMLE_LIVE_REPLAY_TIC|tic=57|mle_ms=57.641|monotonic_ms=50|clock_delta_ms=7.641|c
lock_suspect=0
PMLE_LIVE_REPLAY_TIC|tic=58|mle_ms=93.585|monotonic_ms=100|clock_delta_ms=6.415|
clock_suspect=0
PMLE_LIVE_REPLAY_TIC|tic=59|mle_ms=22.513|monotonic_ms=20|clock_delta_ms=2.513|c
lock_suspect=0
PMLE_LIVE_REPLAY_TIC|tic=60|mle_ms=179.365|monotonic_ms=180|clock_delta_ms=.635|
clock_suspect=0
PMLE_LIVE_REPLAY_TIC|tic=61|mle_ms=119.109|monotonic_ms=120|clock_delta_ms=.891|
clock_suspect=0
PMLE_LIVE_REPLAY_TIC|tic=62|mle_ms=28.423|monotonic_ms=30|clock_delta_ms=1.577|c
lock_suspect=0
PMLE_LIVE_REPLAY_TIC|tic=63|mle_ms=56.074|monotonic_ms=50|clock_delta_ms=6.074|c
lock_suspect=0
PMLE_LIVE_REPLAY_TIC|tic=64|mle_ms=100.819|monotonic_ms=100|clock_delta_ms=.819|
clock_suspect=0
PMLE_LIVE_REPLAY_TIC|tic=65|mle_ms=18.712|monotonic_ms=20|clock_delta_ms=1.288|c
lock_suspect=0
PMLE_LIVE_REPLAY_TIC|tic=66|mle_ms=82.544|monotonic_ms=90|clock_delta_ms=7.456|c
lock_suspect=0
PMLE_LIVE_REPLAY_TIC|tic=67|mle_ms=101.64|monotonic_ms=100|clock_delta_ms=1.64|c
lock_suspect=0
PMLE_LIVE_REPLAY_TIC|tic=68|mle_ms=62.27|monotonic_ms=60|clock_delta_ms=2.27|clo
ck_suspect=0
PMLE_LIVE_REPLAY_TIC|tic=69|mle_ms=46.791|monotonic_ms=50|clock_delta_ms=3.209|c
lock_suspect=0
PMLE_LIVE_REPLAY_TIC|tic=70|mle_ms=84.72|monotonic_ms=80|clock_delta_ms=4.72|clo
ck_suspect=0
PMLE_LIVE_REPLAY_TIC|tic=71|mle_ms=57.068|monotonic_ms=60|clock_delta_ms=2.932|c
lock_suspect=0
PMLE_LIVE_REPLAY_TIC|tic=72|mle_ms=39.805|monotonic_ms=40|clock_delta_ms=.195|cl
ock_suspect=0
PMLE_LIVE_REPLAY_TIC|tic=73|mle_ms=117.472|monotonic_ms=120|clock_delta_ms=2.528
|clock_suspect=0
PMLE_LIVE_REPLAY_TIC|tic=74|mle_ms=46.647|monotonic_ms=40|clock_delta_ms=6.647|c
lock_suspect=0
PMLE_LIVE_REPLAY_TIC|tic=75|mle_ms=55.483|monotonic_ms=60|clock_delta_ms=4.517|c
lock_suspect=0
PMLE_LIVE_REPLAY_TIC|tic=76|mle_ms=99.707|monotonic_ms=100|clock_delta_ms=.293|c
lock_suspect=0
PMLE_LIVE_REPLAY_TIC|tic=77|mle_ms=51.74|monotonic_ms=50|clock_delta_ms=1.74|clo
ck_suspect=0
PMLE_LIVE_REPLAY_TIC|tic=78|mle_ms=61.477|monotonic_ms=60|clock_delta_ms=1.477|c
lock_suspect=0
PMLE_LIVE_REPLAY_TIC|tic=79|mle_ms=110.786|monotonic_ms=110|clock_delta_ms=.786|
clock_suspect=0
PMLE_LIVE_REPLAY_TIC|tic=80|mle_ms=32.7|monotonic_ms=30|clock_delta_ms=2.7|clock
_suspect=0
PMLE_LIVE_REPLAY_TIC|tic=81|mle_ms=125.224|monotonic_ms=130|clock_delta_ms=4.776
|clock_suspect=0
PMLE_LIVE_REPLAY_TIC|tic=82|mle_ms=124.1|monotonic_ms=120|clock_delta_ms=4.1|clo
ck_suspect=0
PMLE_LIVE_REPLAY_TIC|tic=83|mle_ms=54.527|monotonic_ms=60|clock_delta_ms=5.473|c
lock_suspect=0
PMLE_LIVE_REPLAY_TIC|tic=84|mle_ms=65.307|monotonic_ms=60|clock_delta_ms=5.307|c
lock_suspect=0
PMLE_LIVE_REPLAY_TIC|tic=85|mle_ms=86.604|monotonic_ms=90|clock_delta_ms=3.396|c
lock_suspect=0
PMLE_LIVE_REPLAY_TIC|tic=86|mle_ms=48.108|monotonic_ms=50|clock_delta_ms=1.892|c
lock_suspect=0
PMLE_LIVE_REPLAY_TIC|tic=87|mle_ms=69.997|monotonic_ms=70|clock_delta_ms=.003|cl
ock_suspect=0
PMLE_LIVE_REPLAY_TIC|tic=88|mle_ms=99.204|monotonic_ms=100|clock_delta_ms=.796|c
lock_suspect=0
PMLE_LIVE_REPLAY_TIC|tic=89|mle_ms=35.166|monotonic_ms=30|clock_delta_ms=5.166|c
lock_suspect=0
PMLE_LIVE_REPLAY_TIC|tic=90|mle_ms=68.49|monotonic_ms=70|clock_delta_ms=1.51|clo
ck_suspect=0
PMLE_LIVE_REPLAY_TIC|tic=91|mle_ms=147.795|monotonic_ms=150|clock_delta_ms=2.205
|clock_suspect=0
PMLE_LIVE_REPLAY_TIC|tic=92|mle_ms=46.341|monotonic_ms=50|clock_delta_ms=3.659|c
lock_suspect=0
PMLE_LIVE_REPLAY_TIC|tic=93|mle_ms=76.779|monotonic_ms=70|clock_delta_ms=6.779|c
lock_suspect=0
PMLE_LIVE_REPLAY_TIC|tic=94|mle_ms=122.996|monotonic_ms=130|clock_delta_ms=7.004
|clock_suspect=0
PMLE_LIVE_REPLAY_TIC|tic=95|mle_ms=31.373|monotonic_ms=30|clock_delta_ms=1.373|c
lock_suspect=0
PMLE_LIVE_REPLAY_TIC|tic=96|mle_ms=85.941|monotonic_ms=80|clock_delta_ms=5.941|c
lock_suspect=0
PMLE_LIVE_REPLAY_TIC|tic=97|mle_ms=136.148|monotonic_ms=140|clock_delta_ms=3.852
|clock_suspect=0
PMLE_LIVE_REPLAY_TIC|tic=98|mle_ms=53.321|monotonic_ms=50|clock_delta_ms=3.321|c
lock_suspect=0
PMLE_LIVE_REPLAY_TIC|tic=99|mle_ms=37.749|monotonic_ms=40|clock_delta_ms=2.251|c
lock_suspect=0
PMLE_LIVE_REPLAY_TIC|tic=100|mle_ms=113.691|monotonic_ms=120|clock_delta_ms=6.30
9|clock_suspect=0
PMLE_LIVE_REPLAY_TIC|tic=101|mle_ms=62.887|monotonic_ms=60|clock_delta_ms=2.887|
clock_suspect=0
PMLE_LIVE_REPLAY_TIC|tic=102|mle_ms=48.678|monotonic_ms=50|clock_delta_ms=1.322|
clock_suspect=0
PMLE_LIVE_REPLAY_TIC|tic=103|mle_ms=103.428|monotonic_ms=110|clock_delta_ms=6.57
2|clock_suspect=0
PMLE_LIVE_REPLAY_TIC|tic=104|mle_ms=40.965|monotonic_ms=40|clock_delta_ms=.965|c
lock_suspect=0
PMLE_LIVE_REPLAY_TIC|tic=105|mle_ms=28.362|monotonic_ms=30|clock_delta_ms=1.638|
clock_suspect=0
PMLE_LIVE_REPLAY_TIC|tic=106|mle_ms=104.179|monotonic_ms=100|clock_delta_ms=4.17
9|clock_suspect=0
PMLE_LIVE_REPLAY_TIC|tic=107|mle_ms=71.03|monotonic_ms=70|clock_delta_ms=1.03|cl
ock_suspect=0
PMLE_LIVE_REPLAY_TIC|tic=108|mle_ms=60.875|monotonic_ms=60|clock_delta_ms=.875|c
lock_suspect=0
PMLE_LIVE_REPLAY_TIC|tic=109|mle_ms=93.492|monotonic_ms=100|clock_delta_ms=6.508
|clock_suspect=0
PMLE_LIVE_REPLAY_TIC|tic=110|mle_ms=31.941|monotonic_ms=30|clock_delta_ms=1.941|
clock_suspect=0
PMLE_LIVE_REPLAY_TIC|tic=111|mle_ms=170.402|monotonic_ms=170|clock_delta_ms=.402
|clock_suspect=0
PMLE_LIVE_REPLAY_TIC|tic=112|mle_ms=105.508|monotonic_ms=100|clock_delta_ms=5.50
8|clock_suspect=0
PMLE_LIVE_REPLAY_TIC|tic=113|mle_ms=54.89|monotonic_ms=60|clock_delta_ms=5.11|cl
ock_suspect=0
PMLE_LIVE_REPLAY_TIC|tic=114|mle_ms=76.004|monotonic_ms=70|clock_delta_ms=6.004|
clock_suspect=0
PMLE_LIVE_REPLAY_TIC|tic=115|mle_ms=100.632|monotonic_ms=110|clock_delta_ms=9.36
8|clock_suspect=0
PMLE_LIVE_REPLAY_TIC|tic=116|mle_ms=57.409|monotonic_ms=50|clock_delta_ms=7.409|
clock_suspect=0
PMLE_LIVE_REPLAY_TIC|tic=117|mle_ms=77.81|monotonic_ms=80|clock_delta_ms=2.19|cl
ock_suspect=0
PMLE_LIVE_REPLAY_TIC|tic=118|mle_ms=114.902|monotonic_ms=120|clock_delta_ms=5.09
8|clock_suspect=0
PMLE_LIVE_REPLAY_TIC|tic=119|mle_ms=28.561|monotonic_ms=20|clock_delta_ms=8.561|
clock_suspect=0
PMLE_LIVE_REPLAY_TIC|tic=120|mle_ms=52.585|monotonic_ms=60|clock_delta_ms=7.415|
clock_suspect=0
PMLE_LIVE_REPLAY_TIC|tic=121|mle_ms=124.966|monotonic_ms=120|clock_delta_ms=4.96
6|clock_suspect=0
PMLE_LIVE_REPLAY_TIC|tic=122|mle_ms=29.464|monotonic_ms=30|clock_delta_ms=.536|c
lock_suspect=0
PMLE_LIVE_REPLAY_TIC|tic=123|mle_ms=77.69|monotonic_ms=80|clock_delta_ms=2.31|cl
ock_suspect=0
PMLE_LIVE_REPLAY_TIC|tic=124|mle_ms=124.827|monotonic_ms=120|clock_delta_ms=4.82
7|clock_suspect=0
PMLE_LIVE_REPLAY_TIC|tic=125|mle_ms=37.109|monotonic_ms=40|clock_delta_ms=2.891|
clock_suspect=0
PMLE_LIVE_REPLAY_TIC|tic=126|mle_ms=82.917|monotonic_ms=80|clock_delta_ms=2.917|
clock_suspect=0
PMLE_LIVE_REPLAY_TIC|tic=127|mle_ms=120.998|monotonic_ms=130|clock_delta_ms=9.00
2|clock_suspect=0
PMLE_LIVE_REPLAY_TIC|tic=128|mle_ms=46.653|monotonic_ms=40|clock_delta_ms=6.653|
clock_suspect=0
PMLE_LIVE_REPLAY_TIC|tic=129|mle_ms=77.387|monotonic_ms=80|clock_delta_ms=2.613|
clock_suspect=0
PMLE_LIVE_REPLAY_TIC|tic=130|mle_ms=198.802|monotonic_ms=200|clock_delta_ms=1.19
8|clock_suspect=0
PMLE_LIVE_REPLAY_TIC|tic=131|mle_ms=94.974|monotonic_ms=90|clock_delta_ms=4.974|
clock_suspect=0
PMLE_LIVE_REPLAY_TIC|tic=132|mle_ms=51.535|monotonic_ms=60|clock_delta_ms=8.465|
clock_suspect=0
PMLE_LIVE_REPLAY_TIC|tic=133|mle_ms=120.709|monotonic_ms=120|clock_delta_ms=.709
|clock_suspect=0
PMLE_LIVE_REPLAY_TIC|tic=134|mle_ms=140.458|monotonic_ms=140|clock_delta_ms=.458
|clock_suspect=0
PMLE_LIVE_REPLAY_TIC|tic=135|mle_ms=57.041|monotonic_ms=50|clock_delta_ms=7.041|
clock_suspect=0
PMLE_LIVE_REPLAY_TIC|tic=136|mle_ms=108.579|monotonic_ms=110|clock_delta_ms=1.42
1|clock_suspect=0
PMLE_LIVE_REPLAY_TIC|tic=137|mle_ms=104.152|monotonic_ms=110|clock_delta_ms=5.84
8|clock_suspect=0
PMLE_LIVE_REPLAY_TIC|tic=138|mle_ms=82.566|monotonic_ms=80|clock_delta_ms=2.566|
clock_suspect=0
PMLE_LIVE_REPLAY_TIC|tic=139|mle_ms=120.569|monotonic_ms=120|clock_delta_ms=.569
|clock_suspect=0
PMLE_LIVE_REPLAY_TIC|tic=140|mle_ms=52.593|monotonic_ms=50|clock_delta_ms=2.593|
clock_suspect=0
PMLE_LIVE_REPLAY_TIC|tic=141|mle_ms=105.722|monotonic_ms=110|clock_delta_ms=4.27
8|clock_suspect=0
PMLE_LIVE_REPLAY_TIC|tic=142|mle_ms=140.587|monotonic_ms=140|clock_delta_ms=.587
|clock_suspect=0
PMLE_LIVE_REPLAY_TIC|tic=143|mle_ms=123.796|monotonic_ms=120|clock_delta_ms=3.79
6|clock_suspect=0
PMLE_LIVE_REPLAY_TIC|tic=144|mle_ms=77.754|monotonic_ms=80|clock_delta_ms=2.246|
clock_suspect=0
PMLE_LIVE_REPLAY_TIC|tic=145|mle_ms=112.381|monotonic_ms=110|clock_delta_ms=2.38
1|clock_suspect=0
PMLE_LIVE_REPLAY_TIC|tic=146|mle_ms=95.29|monotonic_ms=100|clock_delta_ms=4.71|c
lock_suspect=0
PMLE_LIVE_REPLAY_TIC|tic=147|mle_ms=60.896|monotonic_ms=60|clock_delta_ms=.896|c
lock_suspect=0
PMLE_LIVE_REPLAY_TIC|tic=148|mle_ms=80.767|monotonic_ms=80|clock_delta_ms=.767|c
lock_suspect=0
PMLE_LIVE_REPLAY_TIC|tic=149|mle_ms=161.235|monotonic_ms=160|clock_delta_ms=1.23
5|clock_suspect=0
PMLE_LIVE_REPLAY_TIC|tic=150|mle_ms=79.24|monotonic_ms=80|clock_delta_ms=.76|clo
ck_suspect=0
PMLE_LIVE_REPLAY_TIC|tic=151|mle_ms=121.923|monotonic_ms=120|clock_delta_ms=1.92
3|clock_suspect=0
PMLE_LIVE_REPLAY_TIC|tic=152|mle_ms=55.066|monotonic_ms=60|clock_delta_ms=4.934|
clock_suspect=0
PMLE_LIVE_REPLAY_TIC|tic=153|mle_ms=151.575|monotonic_ms=150|clock_delta_ms=1.57
5|clock_suspect=0
PMLE_LIVE_REPLAY_TIC|tic=154|mle_ms=112.203|monotonic_ms=110|clock_delta_ms=2.20
3|clock_suspect=0
PMLE_LIVE_REPLAY_TIC|tic=155|mle_ms=72.057|monotonic_ms=70|clock_delta_ms=2.057|
clock_suspect=0
PMLE_LIVE_REPLAY_TIC|tic=156|mle_ms=74.871|monotonic_ms=80|clock_delta_ms=5.129|
clock_suspect=0
PMLE_LIVE_REPLAY_TIC|tic=157|mle_ms=106.553|monotonic_ms=110|clock_delta_ms=3.44
7|clock_suspect=0
PMLE_LIVE_REPLAY_TIC|tic=158|mle_ms=65.934|monotonic_ms=60|clock_delta_ms=5.934|
clock_suspect=0
PMLE_LIVE_REPLAY_TIC|tic=159|mle_ms=190.754|monotonic_ms=190|clock_delta_ms=.754
|clock_suspect=0
PMLE_LIVE_REPLAY_TIC|tic=160|mle_ms=91.505|monotonic_ms=90|clock_delta_ms=1.505|
clock_suspect=0
PMLE_LIVE_REPLAY_TIC|tic=161|mle_ms=97.941|monotonic_ms=100|clock_delta_ms=2.059
|clock_suspect=0
PMLE_LIVE_REPLAY_TIC|tic=162|mle_ms=76.355|monotonic_ms=80|clock_delta_ms=3.645|
clock_suspect=0
PMLE_LIVE_REPLAY_TIC|tic=163|mle_ms=155.62|monotonic_ms=150|clock_delta_ms=5.62|
clock_suspect=0
PMLE_LIVE_REPLAY_TIC|tic=164|mle_ms=70.321|monotonic_ms=80|clock_delta_ms=9.679|
clock_suspect=0
PMLE_LIVE_REPLAY_TIC|tic=165|mle_ms=56.833|monotonic_ms=50|clock_delta_ms=6.833|
clock_suspect=0
PMLE_LIVE_REPLAY_TIC|tic=166|mle_ms=123.889|monotonic_ms=130|clock_delta_ms=6.11
1|clock_suspect=0
PMLE_LIVE_REPLAY_TIC|tic=167|mle_ms=55.419|monotonic_ms=50|clock_delta_ms=5.419|
clock_suspect=0
PMLE_LIVE_REPLAY_TIC|tic=168|mle_ms=159.118|monotonic_ms=160|clock_delta_ms=.882
|clock_suspect=0
PMLE_LIVE_REPLAY_TIC|tic=169|mle_ms=131.863|monotonic_ms=130|clock_delta_ms=1.86
3|clock_suspect=0
PMLE_LIVE_REPLAY_TIC|tic=170|mle_ms=101.232|monotonic_ms=100|clock_delta_ms=1.23
2|clock_suspect=0
PMLE_LIVE_REPLAY_TIC|tic=171|mle_ms=102.9|monotonic_ms=110|clock_delta_ms=7.1|cl
ock_suspect=0
PMLE_LIVE_REPLAY_TIC|tic=172|mle_ms=173.535|monotonic_ms=170|clock_delta_ms=3.53
5|clock_suspect=0
PMLE_LIVE_REPLAY_TIC|tic=173|mle_ms=109.566|monotonic_ms=110|clock_delta_ms=.434
|clock_suspect=0
PMLE_LIVE_REPLAY_TIC|tic=174|mle_ms=118.926|monotonic_ms=120|clock_delta_ms=1.07
4|clock_suspect=0
PMLE_LIVE_REPLAY_TIC|tic=175|mle_ms=111.804|monotonic_ms=110|clock_delta_ms=1.80
4|clock_suspect=0
PMLE_LIVE_REPLAY_TIC|tic=176|mle_ms=100.408|monotonic_ms=100|clock_delta_ms=.408
|clock_suspect=0
PMLE_LIVE_REPLAY_TIC|tic=177|mle_ms=99.6|monotonic_ms=100|clock_delta_ms=.4|cloc
k_suspect=0
PMLE_LIVE_REPLAY_TIC|tic=178|mle_ms=152.644|monotonic_ms=150|clock_delta_ms=2.64
4|clock_suspect=0
PMLE_LIVE_REPLAY_TIC|tic=179|mle_ms=96.961|monotonic_ms=100|clock_delta_ms=3.039
|clock_suspect=0
PMLE_LIVE_REPLAY_TIC|tic=180|mle_ms=97.743|monotonic_ms=100|clock_delta_ms=2.257
|clock_suspect=0
PMLE_LIVE_REPLAY_TIC|tic=181|mle_ms=152.957|monotonic_ms=150|clock_delta_ms=2.95
7|clock_suspect=0
PMLE_LIVE_REPLAY_TIC|tic=182|mle_ms=117.548|monotonic_ms=120|clock_delta_ms=2.45
2|clock_suspect=0
PMLE_LIVE_REPLAY_TIC|tic=183|mle_ms=131.281|monotonic_ms=130|clock_delta_ms=1.28
1|clock_suspect=0
PMLE_LIVE_REPLAY_TIC|tic=184|mle_ms=138.149|monotonic_ms=140|clock_delta_ms=1.85
1|clock_suspect=0
PMLE_LIVE_REPLAY_TIC|tic=185|mle_ms=236.04|monotonic_ms=240|clock_delta_ms=3.96|
clock_suspect=0
PMLE_LIVE_REPLAY_TIC|tic=186|mle_ms=146.627|monotonic_ms=140|clock_delta_ms=6.62
7|clock_suspect=0
PMLE_LIVE_REPLAY_TIC|tic=187|mle_ms=231.85|monotonic_ms=230|clock_delta_ms=1.85|
clock_suspect=0
PMLE_LIVE_REPLAY_TIC|tic=188|mle_ms=114.154|monotonic_ms=120|clock_delta_ms=5.84
6|clock_suspect=0
PMLE_LIVE_REPLAY_TIC|tic=189|mle_ms=232.381|monotonic_ms=230|clock_delta_ms=2.38
1|clock_suspect=0
PMLE_LIVE_REPLAY_TIC|tic=190|mle_ms=168.627|monotonic_ms=170|clock_delta_ms=1.37
3|clock_suspect=0
PMLE_LIVE_REPLAY_TIC|tic=191|mle_ms=180.412|monotonic_ms=180|clock_delta_ms=.412
|clock_suspect=0
PMLE_LIVE_REPLAY_TIC|tic=192|mle_ms=85.004|monotonic_ms=80|clock_delta_ms=5.004|
clock_suspect=0
PMLE_LIVE_REPLAY_TIC|tic=193|mle_ms=137.208|monotonic_ms=140|clock_delta_ms=2.79
2|clock_suspect=0
PMLE_LIVE_REPLAY_TIC|tic=194|mle_ms=153.504|monotonic_ms=160|clock_delta_ms=6.49
6|clock_suspect=0
PMLE_LIVE_REPLAY_TIC|tic=195|mle_ms=101.591|monotonic_ms=100|clock_delta_ms=1.59
1|clock_suspect=0
PMLE_LIVE_REPLAY_TIC|tic=196|mle_ms=131.136|monotonic_ms=130|clock_delta_ms=1.13
6|clock_suspect=0
PMLE_LIVE_REPLAY_TIC|tic=197|mle_ms=143.633|monotonic_ms=140|clock_delta_ms=3.63
3|clock_suspect=0
PMLE_LIVE_REPLAY_TIC|tic=198|mle_ms=109.87|monotonic_ms=110|clock_delta_ms=.13|c
lock_suspect=0
PMLE_LIVE_REPLAY_TIC|tic=199|mle_ms=236.382|monotonic_ms=240|clock_delta_ms=3.61
8|clock_suspect=0
PMLE_LIVE_REPLAY_TIC|tic=200|mle_ms=120.002|monotonic_ms=120|clock_delta_ms=.002
|clock_suspect=0
PMLE_LIVE_REPLAY_TIC|tic=201|mle_ms=134.926|monotonic_ms=130|clock_delta_ms=4.92
6|clock_suspect=0
PMLE_LIVE_REPLAY_TIC|tic=202|mle_ms=135.87|monotonic_ms=140|clock_delta_ms=4.13|
clock_suspect=0
PMLE_LIVE_REPLAY_TIC|tic=203|mle_ms=136.436|monotonic_ms=130|clock_delta_ms=6.43
6|clock_suspect=0
PMLE_LIVE_REPLAY_TIC|tic=204|mle_ms=86.472|monotonic_ms=90|clock_delta_ms=3.528|
clock_suspect=0
PMLE_LIVE_REPLAY_TIC|tic=205|mle_ms=119.494|monotonic_ms=120|clock_delta_ms=.506
|clock_suspect=0
PMLE_LIVE_REPLAY_TIC|tic=206|mle_ms=266.258|monotonic_ms=270|clock_delta_ms=3.74
2|clock_suspect=0
PMLE_LIVE_REPLAY_TIC|tic=207|mle_ms=100.007|monotonic_ms=100|clock_delta_ms=.007
|clock_suspect=0
PMLE_LIVE_REPLAY_TIC|tic=208|mle_ms=270.588|monotonic_ms=270|clock_delta_ms=.588
|clock_suspect=0
PMLE_LIVE_REPLAY_TIC|tic=209|mle_ms=133.413|monotonic_ms=130|clock_delta_ms=3.41
3|clock_suspect=0
PMLE_LIVE_REPLAY_TIC|tic=210|mle_ms=167.268|monotonic_ms=170|clock_delta_ms=2.73
2|clock_suspect=0
PMLE_LIVE_REPLAY_TIC|tic=211|mle_ms=149.581|monotonic_ms=150|clock_delta_ms=.419
|clock_suspect=0
PMLE_LIVE_REPLAY_TIC|tic=212|mle_ms=178.062|monotonic_ms=180|clock_delta_ms=1.93
8|clock_suspect=0
PMLE_LIVE_REPLAY_TIC|tic=213|mle_ms=101.045|monotonic_ms=100|clock_delta_ms=1.04
5|clock_suspect=0
PMLE_LIVE_REPLAY_TIC|tic=214|mle_ms=131.68|monotonic_ms=130|clock_delta_ms=1.68|
clock_suspect=0
PMLE_LIVE_REPLAY_TIC|tic=215|mle_ms=145.117|monotonic_ms=140|clock_delta_ms=5.11
7|clock_suspect=0
PMLE_LIVE_REPLAY_TIC|tic=216|mle_ms=97.604|monotonic_ms=100|clock_delta_ms=2.396
|clock_suspect=0
PMLE_LIVE_REPLAY_TIC|tic=217|mle_ms=120.921|monotonic_ms=120|clock_delta_ms=.921
|clock_suspect=0
PMLE_LIVE_REPLAY_TIC|tic=218|mle_ms=138.217|monotonic_ms=140|clock_delta_ms=1.78
3|clock_suspect=0
PMLE_LIVE_REPLAY_TIC|tic=219|mle_ms=77.018|monotonic_ms=80|clock_delta_ms=2.982|
clock_suspect=0
PMLE_LIVE_REPLAY_TIC|tic=220|mle_ms=142.697|monotonic_ms=140|clock_delta_ms=2.69
7|clock_suspect=0
PMLE_LIVE_REPLAY_TIC|tic=221|mle_ms=153.917|monotonic_ms=150|clock_delta_ms=3.91
7|clock_suspect=0
PMLE_LIVE_REPLAY_TIC|tic=222|mle_ms=89.583|monotonic_ms=90|clock_delta_ms=.417|c
lock_suspect=0
PMLE_LIVE_REPLAY_TIC|tic=223|mle_ms=137.665|monotonic_ms=140|clock_delta_ms=2.33
5|clock_suspect=0
PMLE_LIVE_REPLAY_TIC|tic=224|mle_ms=109.8|monotonic_ms=110|clock_delta_ms=.2|clo
ck_suspect=0
PMLE_LIVE_REPLAY_TIC|tic=225|mle_ms=190.099|monotonic_ms=190|clock_delta_ms=.099
|clock_suspect=0
PMLE_LIVE_REPLAY_TIC|tic=226|mle_ms=190.39|monotonic_ms=190|clock_delta_ms=.39|c
lock_suspect=0
PMLE_LIVE_REPLAY_TIC|tic=227|mle_ms=152.01|monotonic_ms=150|clock_delta_ms=2.01|
clock_suspect=0
PMLE_LIVE_REPLAY_TIC|tic=228|mle_ms=109.059|monotonic_ms=110|clock_delta_ms=.941
|clock_suspect=0
PMLE_LIVE_REPLAY_TIC|tic=229|mle_ms=199.931|monotonic_ms=200|clock_delta_ms=.069
|clock_suspect=0
PMLE_LIVE_REPLAY_TIC|tic=230|mle_ms=176.528|monotonic_ms=180|clock_delta_ms=3.47
2|clock_suspect=0
PMLE_LIVE_REPLAY_TIC|tic=231|mle_ms=104.145|monotonic_ms=100|clock_delta_ms=4.14
5|clock_suspect=0
PMLE_LIVE_REPLAY_TIC|tic=232|mle_ms=98.108|monotonic_ms=100|clock_delta_ms=1.892
|clock_suspect=0
PMLE_LIVE_REPLAY_TIC|tic=233|mle_ms=139.737|monotonic_ms=140|clock_delta_ms=.263
|clock_suspect=0
PMLE_LIVE_REPLAY_TIC|tic=234|mle_ms=95.002|monotonic_ms=100|clock_delta_ms=4.998
|clock_suspect=0
PMLE_LIVE_REPLAY_TIC|tic=235|mle_ms=106.317|monotonic_ms=100|clock_delta_ms=6.31
7|clock_suspect=0
PMLE_LIVE_REPLAY_TIC|tic=236|mle_ms=148.096|monotonic_ms=150|clock_delta_ms=1.90
4|clock_suspect=0
PMLE_LIVE_REPLAY_TIC|tic=237|mle_ms=116.161|monotonic_ms=120|clock_delta_ms=3.83
9|clock_suspect=0
PMLE_LIVE_REPLAY_TIC|tic=238|mle_ms=164.127|monotonic_ms=160|clock_delta_ms=4.12
7|clock_suspect=0
PMLE_LIVE_REPLAY_TIC|tic=239|mle_ms=94.749|monotonic_ms=100|clock_delta_ms=5.251
|clock_suspect=0
PMLE_LIVE_REPLAY_TIC|tic=240|mle_ms=53.374|monotonic_ms=50|clock_delta_ms=3.374|
clock_suspect=0
PMLE_LIVE_REPLAY_TIC|tic=241|mle_ms=151.253|monotonic_ms=150|clock_delta_ms=1.25
3|clock_suspect=0
PMLE_LIVE_REPLAY_TIC|tic=242|mle_ms=102.915|monotonic_ms=110|clock_delta_ms=7.08
5|clock_suspect=0
PMLE_LIVE_REPLAY_TIC|tic=243|mle_ms=120.275|monotonic_ms=120|clock_delta_ms=.275
|clock_suspect=0
PMLE_LIVE_REPLAY_TIC|tic=244|mle_ms=284.408|monotonic_ms=280|clock_delta_ms=4.40
8|clock_suspect=0
PMLE_LIVE_REPLAY_TIC|tic=245|mle_ms=205.081|monotonic_ms=210|clock_delta_ms=4.91
9|clock_suspect=0
PMLE_LIVE_REPLAY_TIC|tic=246|mle_ms=81.96|monotonic_ms=80|clock_delta_ms=1.96|cl
ock_suspect=0
PMLE_LIVE_REPLAY_TIC|tic=247|mle_ms=165.99|monotonic_ms=160|clock_delta_ms=5.99|
clock_suspect=0
PMLE_LIVE_REPLAY_TIC|tic=248|mle_ms=140.201|monotonic_ms=140|clock_delta_ms=.201
|clock_suspect=0
PMLE_LIVE_REPLAY_TIC|tic=249|mle_ms=97.289|monotonic_ms=100|clock_delta_ms=2.711
|clock_suspect=0
PMLE_LIVE_REPLAY_TIC|tic=250|mle_ms=117.765|monotonic_ms=120|clock_delta_ms=2.23
5|clock_suspect=0
PMLE_LIVE_REPLAY_TIC|tic=251|mle_ms=157.191|monotonic_ms=160|clock_delta_ms=2.80
9|clock_suspect=0
PMLE_LIVE_REPLAY_TIC|tic=252|mle_ms=44.864|monotonic_ms=40|clock_delta_ms=4.864|
clock_suspect=0
PMLE_LIVE_REPLAY_TIC|tic=253|mle_ms=179.501|monotonic_ms=180|clock_delta_ms=.499
|clock_suspect=0
PMLE_LIVE_REPLAY_TIC|tic=254|mle_ms=113.069|monotonic_ms=110|clock_delta_ms=3.06
9|clock_suspect=0
PMLE_LIVE_REPLAY_TIC|tic=255|mle_ms=75.207|monotonic_ms=80|clock_delta_ms=4.793|
clock_suspect=0
PMLE_LIVE_REPLAY_TIC|tic=256|mle_ms=119.842|monotonic_ms=120|clock_delta_ms=.158
|clock_suspect=0
PMLE_LIVE_REPLAY_TIC|tic=257|mle_ms=123.6|monotonic_ms=120|clock_delta_ms=3.6|cl
ock_suspect=0
PMLE_LIVE_REPLAY_TIC|tic=258|mle_ms=73.314|monotonic_ms=80|clock_delta_ms=6.686|
clock_suspect=0
PMLE_LIVE_REPLAY_TIC|tic=259|mle_ms=105.211|monotonic_ms=100|clock_delta_ms=5.21
1|clock_suspect=0
PMLE_LIVE_REPLAY_TIC|tic=260|mle_ms=104.996|monotonic_ms=110|clock_delta_ms=5.00
4|clock_suspect=0
PMLE_LIVE_REPLAY_TIC|tic=261|mle_ms=130.746|monotonic_ms=130|clock_delta_ms=.746
|clock_suspect=0
PMLE_LIVE_REPLAY_TIC|tic=262|mle_ms=143.836|monotonic_ms=140|clock_delta_ms=3.83
6|clock_suspect=0
PMLE_LIVE_REPLAY_TIC|tic=263|mle_ms=112.609|monotonic_ms=110|clock_delta_ms=2.60
9|clock_suspect=0
PMLE_LIVE_REPLAY_TIC|tic=264|mle_ms=175.864|monotonic_ms=180|clock_delta_ms=4.13
6|clock_suspect=0
PMLE_LIVE_REPLAY_TIC|tic=265|mle_ms=146.382|monotonic_ms=150|clock_delta_ms=3.61
8|clock_suspect=0
PMLE_LIVE_REPLAY_TIC|tic=266|mle_ms=122.945|monotonic_ms=120|clock_delta_ms=2.94
5|clock_suspect=0
PMLE_LIVE_REPLAY_TIC|tic=267|mle_ms=303.139|monotonic_ms=300|clock_delta_ms=3.13
9|clock_suspect=0
PMLE_LIVE_REPLAY_TIC|tic=268|mle_ms=201.159|monotonic_ms=200|clock_delta_ms=1.15
9|clock_suspect=0
PMLE_LIVE_REPLAY_TIC|tic=269|mle_ms=111.638|monotonic_ms=120|clock_delta_ms=8.36
2|clock_suspect=0
PMLE_LIVE_REPLAY_TIC|tic=270|mle_ms=82.663|monotonic_ms=80|clock_delta_ms=2.663|
clock_suspect=0
PMLE_LIVE_REPLAY_TIC|tic=271|mle_ms=209.048|monotonic_ms=210|clock_delta_ms=.952
|clock_suspect=0
PMLE_LIVE_REPLAY_TIC|tic=272|mle_ms=102.524|monotonic_ms=100|clock_delta_ms=2.52
4|clock_suspect=0
PMLE_LIVE_REPLAY_TIC|tic=273|mle_ms=112.216|monotonic_ms=110|clock_delta_ms=2.21
6|clock_suspect=0
PMLE_LIVE_REPLAY_TIC|tic=274|mle_ms=113.94|monotonic_ms=120|clock_delta_ms=6.06|
clock_suspect=0
PMLE_LIVE_REPLAY_TIC|tic=275|mle_ms=89.097|monotonic_ms=90|clock_delta_ms=.903|c
lock_suspect=0
PMLE_LIVE_REPLAY_TIC|tic=276|mle_ms=102.802|monotonic_ms=100|clock_delta_ms=2.80
2|clock_suspect=0
PMLE_LIVE_REPLAY_TIC|tic=277|mle_ms=148.161|monotonic_ms=150|clock_delta_ms=1.83
9|clock_suspect=0
PMLE_LIVE_REPLAY_TIC|tic=278|mle_ms=104.011|monotonic_ms=100|clock_delta_ms=4.01
1|clock_suspect=0
PMLE_LIVE_REPLAY_TIC|tic=279|mle_ms=148.358|monotonic_ms=150|clock_delta_ms=1.64
2|clock_suspect=0
PMLE_LIVE_REPLAY_TIC|tic=280|mle_ms=111.144|monotonic_ms=110|clock_delta_ms=1.14
4|clock_suspect=0
PMLE_LIVE_REPLAY_TIC|tic=281|mle_ms=121.699|monotonic_ms=120|clock_delta_ms=1.69
9|clock_suspect=0
PMLE_LIVE_REPLAY_TIC|tic=282|mle_ms=79.232|monotonic_ms=80|clock_delta_ms=.768|c
lock_suspect=0
PMLE_LIVE_REPLAY_TIC|tic=283|mle_ms=244.638|monotonic_ms=250|clock_delta_ms=5.36
2|clock_suspect=0
PMLE_LIVE_REPLAY_TIC|tic=284|mle_ms=79.081|monotonic_ms=80|clock_delta_ms=.919|c
lock_suspect=0
PMLE_LIVE_REPLAY_TIC|tic=285|mle_ms=77.671|monotonic_ms=70|clock_delta_ms=7.671|
clock_suspect=0
PMLE_LIVE_REPLAY_TIC|tic=286|mle_ms=165.004|monotonic_ms=170|clock_delta_ms=4.99
6|clock_suspect=0
PMLE_LIVE_REPLAY_TIC|tic=287|mle_ms=155.846|monotonic_ms=150|clock_delta_ms=5.84
6|clock_suspect=0
PMLE_LIVE_REPLAY_TIC|tic=288|mle_ms=88.275|monotonic_ms=90|clock_delta_ms=1.725|
clock_suspect=0
PMLE_LIVE_REPLAY_TIC|tic=289|mle_ms=137.255|monotonic_ms=140|clock_delta_ms=2.74
5|clock_suspect=0
PMLE_LIVE_REPLAY_TIC|tic=290|mle_ms=107.853|monotonic_ms=110|clock_delta_ms=2.14
7|clock_suspect=0
PMLE_LIVE_REPLAY_TIC|tic=291|mle_ms=122.877|monotonic_ms=120|clock_delta_ms=2.87
7|clock_suspect=0
PMLE_LIVE_REPLAY_TIC|tic=292|mle_ms=124.588|monotonic_ms=130|clock_delta_ms=5.41
2|clock_suspect=0
PMLE_LIVE_REPLAY_TIC|tic=293|mle_ms=263.032|monotonic_ms=260|clock_delta_ms=3.03
2|clock_suspect=0
PMLE_LIVE_REPLAY_TIC|tic=294|mle_ms=99.713|monotonic_ms=100|clock_delta_ms=.287|
clock_suspect=0
PMLE_LIVE_REPLAY_TIC|tic=295|mle_ms=135.509|monotonic_ms=130|clock_delta_ms=5.50
9|clock_suspect=0
PMLE_LIVE_REPLAY_TIC|tic=296|mle_ms=102.653|monotonic_ms=110|clock_delta_ms=7.34
7|clock_suspect=0
PMLE_LIVE_REPLAY_TIC|tic=297|mle_ms=236.289|monotonic_ms=230|clock_delta_ms=6.28
9|clock_suspect=0
PMLE_LIVE_REPLAY_TIC|tic=298|mle_ms=161.536|monotonic_ms=160|clock_delta_ms=1.53
6|clock_suspect=0
PMLE_LIVE_REPLAY_TIC|tic=299|mle_ms=88.501|monotonic_ms=90|clock_delta_ms=1.499|
clock_suspect=0
PMLE_LIVE_REPLAY_TIC|tic=300|mle_ms=93.016|monotonic_ms=100|clock_delta_ms=6.984
|clock_suspect=0
PMLE_LIVE_REPLAY_TIC|tic=301|mle_ms=220.622|monotonic_ms=230|clock_delta_ms=9.37
8|clock_suspect=0
PMLE_LIVE_REPLAY_TIC|tic=302|mle_ms=84.29|monotonic_ms=80|clock_delta_ms=4.29|cl
ock_suspect=0
PMLE_LIVE_REPLAY_TIC|tic=303|mle_ms=186.541|monotonic_ms=190|clock_delta_ms=3.45
9|clock_suspect=0
PMLE_LIVE_REPLAY_TIC|tic=304|mle_ms=91.247|monotonic_ms=90|clock_delta_ms=1.247|
clock_suspect=0
PMLE_LIVE_REPLAY_TIC|tic=305|mle_ms=85.909|monotonic_ms=80|clock_delta_ms=5.909|
clock_suspect=0
PMLE_LIVE_REPLAY_TIC|tic=306|mle_ms=117.851|monotonic_ms=120|clock_delta_ms=2.14
9|clock_suspect=0
PMLE_LIVE_REPLAY_TIC|tic=307|mle_ms=289.166|monotonic_ms=290|clock_delta_ms=.834
|clock_suspect=0
PMLE_LIVE_REPLAY_TIC|tic=308|mle_ms=97.664|monotonic_ms=100|clock_delta_ms=2.336
|clock_suspect=0
PMLE_LIVE_REPLAY_TIC|tic=309|mle_ms=106.763|monotonic_ms=110|clock_delta_ms=3.23
7|clock_suspect=0
PMLE_LIVE_REPLAY_TIC|tic=310|mle_ms=133.726|monotonic_ms=130|clock_delta_ms=3.72
6|clock_suspect=0
PMLE_LIVE_REPLAY_TIC|tic=311|mle_ms=150.638|monotonic_ms=150|clock_delta_ms=.638
|clock_suspect=0
PMLE_LIVE_REPLAY_TIC|tic=312|mle_ms=48.77|monotonic_ms=50|clock_delta_ms=1.23|cl
ock_suspect=0
PMLE_LIVE_REPLAY_TIC|tic=313|mle_ms=162.644|monotonic_ms=160|clock_delta_ms=2.64
4|clock_suspect=0
PMLE_LIVE_REPLAY_TIC|tic=314|mle_ms=126.086|monotonic_ms=130|clock_delta_ms=3.91
4|clock_suspect=0
PMLE_LIVE_REPLAY_TIC|tic=315|mle_ms=62.504|monotonic_ms=60|clock_delta_ms=2.504|
clock_suspect=0
PMLE_LIVE_REPLAY_TIC|tic=316|mle_ms=231.215|monotonic_ms=230|clock_delta_ms=1.21
5|clock_suspect=0
PMLE_LIVE_REPLAY_TIC|tic=317|mle_ms=87.662|monotonic_ms=90|clock_delta_ms=2.338|
clock_suspect=0
PMLE_LIVE_REPLAY_TIC|tic=318|mle_ms=75.186|monotonic_ms=70|clock_delta_ms=5.186|
clock_suspect=0
PMLE_LIVE_REPLAY_TIC|tic=319|mle_ms=107.041|monotonic_ms=110|clock_delta_ms=2.95
9|clock_suspect=0
PMLE_LIVE_REPLAY_TIC|tic=320|mle_ms=142.858|monotonic_ms=140|clock_delta_ms=2.85
8|clock_suspect=0
PMLE_LIVE_REPLAY_TIC|tic=321|mle_ms=103.473|monotonic_ms=110|clock_delta_ms=6.52
7|clock_suspect=0
PMLE_LIVE_REPLAY_TIC|tic=322|mle_ms=149.997|monotonic_ms=150|clock_delta_ms=.003
|clock_suspect=0
PMLE_LIVE_REPLAY_TIC|tic=323|mle_ms=127.916|monotonic_ms=130|clock_delta_ms=2.08
4|clock_suspect=0
PMLE_LIVE_REPLAY_TIC|tic=324|mle_ms=71.734|monotonic_ms=70|clock_delta_ms=1.734|
clock_suspect=0
PMLE_LIVE_REPLAY_TIC|tic=325|mle_ms=91.904|monotonic_ms=90|clock_delta_ms=1.904|
clock_suspect=0
PMLE_LIVE_REPLAY_TIC|tic=326|mle_ms=140.076|monotonic_ms=140|clock_delta_ms=.076
|clock_suspect=0
PMLE_LIVE_REPLAY_TIC|tic=327|mle_ms=54.231|monotonic_ms=50|clock_delta_ms=4.231|
clock_suspect=0
PMLE_LIVE_REPLAY_TIC|tic=328|mle_ms=135.443|monotonic_ms=140|clock_delta_ms=4.55
7|clock_suspect=0
PMLE_LIVE_REPLAY_TIC|tic=329|mle_ms=116.887|monotonic_ms=120|clock_delta_ms=3.11
3|clock_suspect=0
PMLE_LIVE_REPLAY_TIC|tic=330|mle_ms=75.967|monotonic_ms=70|clock_delta_ms=5.967|
clock_suspect=0
PMLE_LIVE_REPLAY_TIC|tic=331|mle_ms=169.782|monotonic_ms=170|clock_delta_ms=.218
|clock_suspect=0
PMLE_LIVE_REPLAY_TIC|tic=332|mle_ms=109.715|monotonic_ms=110|clock_delta_ms=.285
|clock_suspect=0
PMLE_LIVE_REPLAY_TIC|tic=333|mle_ms=69.894|monotonic_ms=70|clock_delta_ms=.106|c
lock_suspect=0
PMLE_LIVE_REPLAY_TIC|tic=334|mle_ms=161.356|monotonic_ms=160|clock_delta_ms=1.35
6|clock_suspect=0
PMLE_LIVE_REPLAY_TIC|tic=335|mle_ms=222.618|monotonic_ms=230|clock_delta_ms=7.38
2|clock_suspect=0
PMLE_LIVE_REPLAY_TIC|tic=336|mle_ms=89.05|monotonic_ms=90|clock_delta_ms=.95|clo
ck_suspect=0
PMLE_LIVE_REPLAY_TIC|tic=337|mle_ms=130.319|monotonic_ms=130|clock_delta_ms=.319
|clock_suspect=0
PMLE_LIVE_REPLAY_TIC|tic=338|mle_ms=115.568|monotonic_ms=110|clock_delta_ms=5.56
8|clock_suspect=0
PMLE_LIVE_REPLAY_TIC|tic=339|mle_ms=131.285|monotonic_ms=130|clock_delta_ms=1.28
5|clock_suspect=0
PMLE_LIVE_REPLAY_TIC|tic=340|mle_ms=154.367|monotonic_ms=160|clock_delta_ms=5.63
3|clock_suspect=0
PMLE_LIVE_REPLAY_TIC|tic=341|mle_ms=172.596|monotonic_ms=170|clock_delta_ms=2.59
6|clock_suspect=0
PMLE_LIVE_REPLAY_TIC|tic=342|mle_ms=78.46|monotonic_ms=80|clock_delta_ms=1.54|cl
ock_suspect=0
PMLE_LIVE_REPLAY_TIC|tic=343|mle_ms=134.629|monotonic_ms=130|clock_delta_ms=4.62
9|clock_suspect=0
PMLE_LIVE_REPLAY_TIC|tic=344|mle_ms=101.554|monotonic_ms=110|clock_delta_ms=8.44
6|clock_suspect=0
PMLE_LIVE_REPLAY_TIC|tic=345|mle_ms=70.986|monotonic_ms=70|clock_delta_ms=.986|c
lock_suspect=0
PMLE_LIVE_REPLAY_TIC|tic=346|mle_ms=192.577|monotonic_ms=190|clock_delta_ms=2.57
7|clock_suspect=0
PMLE_LIVE_REPLAY_TIC|tic=347|mle_ms=132.811|monotonic_ms=130|clock_delta_ms=2.81
1|clock_suspect=0
PMLE_LIVE_REPLAY_TIC|tic=348|mle_ms=73.126|monotonic_ms=80|clock_delta_ms=6.874|
clock_suspect=0
PMLE_LIVE_REPLAY_TIC|tic=349|mle_ms=122.587|monotonic_ms=120|clock_delta_ms=2.58
7|clock_suspect=0
PMLE_LIVE_REPLAY_TIC|tic=350|mle_ms=148.86|monotonic_ms=150|clock_delta_ms=1.14|
clock_suspect=0
PMLE_LIVE_REPLAY_TIC|tic=351|mle_ms=133.384|monotonic_ms=130|clock_delta_ms=3.38
4|clock_suspect=0
PMLE_LIVE_REPLAY_TIC|tic=352|mle_ms=178.884|monotonic_ms=180|clock_delta_ms=1.11
6|clock_suspect=0
PMLE_LIVE_REPLAY_TIC|tic=353|mle_ms=193.144|monotonic_ms=190|clock_delta_ms=3.14
4|clock_suspect=0
PMLE_LIVE_REPLAY_TIC|tic=354|mle_ms=68.42|monotonic_ms=70|clock_delta_ms=1.58|cl
ock_suspect=0
PMLE_LIVE_REPLAY_TIC|tic=355|mle_ms=228.061|monotonic_ms=230|clock_delta_ms=1.93
9|clock_suspect=0
PMLE_LIVE_REPLAY_TIC|tic=356|mle_ms=137.564|monotonic_ms=140|clock_delta_ms=2.43
6|clock_suspect=0
PMLE_LIVE_REPLAY_TIC|tic=357|mle_ms=84.072|monotonic_ms=80|clock_delta_ms=4.072|
clock_suspect=0
PMLE_LIVE_REPLAY_TIC|tic=358|mle_ms=149.482|monotonic_ms=150|clock_delta_ms=.518
|clock_suspect=0
PMLE_LIVE_REPLAY_TIC|tic=359|mle_ms=159.095|monotonic_ms=160|clock_delta_ms=.905
|clock_suspect=0
PMLE_LIVE_REPLAY_TIC|tic=360|mle_ms=67.316|monotonic_ms=70|clock_delta_ms=2.684|
clock_suspect=0
PMLE_LIVE_REPLAY_TIC|tic=361|mle_ms=162.197|monotonic_ms=160|clock_delta_ms=2.19
7|clock_suspect=0
PMLE_LIVE_REPLAY_TIC|tic=362|mle_ms=115.88|monotonic_ms=120|clock_delta_ms=4.12|
clock_suspect=0
PMLE_LIVE_REPLAY_TIC|tic=363|mle_ms=72.233|monotonic_ms=70|clock_delta_ms=2.233|
clock_suspect=0
PMLE_LIVE_REPLAY_TIC|tic=364|mle_ms=123.589|monotonic_ms=120|clock_delta_ms=3.58
9|clock_suspect=0
PMLE_LIVE_REPLAY_TIC|tic=365|mle_ms=123.956|monotonic_ms=130|clock_delta_ms=6.04
4|clock_suspect=0
PMLE_LIVE_REPLAY_TIC|tic=366|mle_ms=104.58|monotonic_ms=100|clock_delta_ms=4.58|
clock_suspect=0
PMLE_LIVE_REPLAY_TIC|tic=367|mle_ms=131.844|monotonic_ms=130|clock_delta_ms=1.84
4|clock_suspect=0
PMLE_LIVE_REPLAY_TIC|tic=368|mle_ms=125.411|monotonic_ms=130|clock_delta_ms=4.58
9|clock_suspect=0
PMLE_LIVE_REPLAY_TIC|tic=369|mle_ms=76.514|monotonic_ms=70|clock_delta_ms=6.514|
clock_suspect=0
PMLE_LIVE_REPLAY_TIC|tic=370|mle_ms=147.641|monotonic_ms=150|clock_delta_ms=2.35
9|clock_suspect=0
PMLE_LIVE_REPLAY_TIC|tic=371|mle_ms=118.794|monotonic_ms=120|clock_delta_ms=1.20
6|clock_suspect=0
PMLE_LIVE_REPLAY_TIC|tic=372|mle_ms=50.002|monotonic_ms=50|clock_delta_ms=.002|c
lock_suspect=0
PMLE_LIVE_REPLAY_TIC|tic=373|mle_ms=148.889|monotonic_ms=150|clock_delta_ms=1.11
1|clock_suspect=0
PMLE_LIVE_REPLAY_TIC|tic=374|mle_ms=259.789|monotonic_ms=260|clock_delta_ms=.211
|clock_suspect=0
PMLE_LIVE_REPLAY_TIC|tic=375|mle_ms=61.023|monotonic_ms=60|clock_delta_ms=1.023|
clock_suspect=0
PMLE_LIVE_REPLAY_TIC|tic=376|mle_ms=152.45|monotonic_ms=150|clock_delta_ms=2.45|
clock_suspect=0
PMLE_LIVE_REPLAY_TIC|tic=377|mle_ms=126.331|monotonic_ms=130|clock_delta_ms=3.66
9|clock_suspect=0
PMLE_LIVE_REPLAY_TIC|tic=378|mle_ms=121.722|monotonic_ms=120|clock_delta_ms=1.72
2|clock_suspect=0
PMLE_LIVE_REPLAY_TIC|tic=379|mle_ms=153.469|monotonic_ms=150|clock_delta_ms=3.46
9|clock_suspect=0
PMLE_LIVE_REPLAY_TIC|tic=380|mle_ms=122.734|monotonic_ms=120|clock_delta_ms=2.73
4|clock_suspect=0
PMLE_LIVE_REPLAY_TIC|tic=381|mle_ms=74.991|monotonic_ms=70|clock_delta_ms=4.991|
clock_suspect=0
PMLE_LIVE_REPLAY_TIC|tic=382|mle_ms=150.306|monotonic_ms=150|clock_delta_ms=.306
|clock_suspect=0
PMLE_LIVE_REPLAY_TIC|tic=383|mle_ms=131.884|monotonic_ms=140|clock_delta_ms=8.11
6|clock_suspect=0
PMLE_LIVE_REPLAY_TIC|tic=384|mle_ms=76.191|monotonic_ms=70|clock_delta_ms=6.191|
clock_suspect=0
PMLE_LIVE_REPLAY_TIC|tic=385|mle_ms=137.574|monotonic_ms=140|clock_delta_ms=2.42
6|clock_suspect=0
PMLE_LIVE_REPLAY_TIC|tic=386|mle_ms=201.156|monotonic_ms=200|clock_delta_ms=1.15
6|clock_suspect=0
PMLE_LIVE_REPLAY_TIC|tic=387|mle_ms=85.512|monotonic_ms=90|clock_delta_ms=4.488|
clock_suspect=0
PMLE_LIVE_REPLAY_TIC|tic=388|mle_ms=259.21|monotonic_ms=260|clock_delta_ms=.79|c
lock_suspect=0
PMLE_LIVE_REPLAY_TIC|tic=389|mle_ms=144.316|monotonic_ms=140|clock_delta_ms=4.31
6|clock_suspect=0
PMLE_LIVE_REPLAY_TIC|tic=390|mle_ms=91.649|monotonic_ms=90|clock_delta_ms=1.649|
clock_suspect=0
PMLE_LIVE_REPLAY_TIC|tic=391|mle_ms=156.923|monotonic_ms=160|clock_delta_ms=3.07
7|clock_suspect=0
PMLE_LIVE_REPLAY_TIC|tic=392|mle_ms=205.695|monotonic_ms=200|clock_delta_ms=5.69
5|clock_suspect=0
PMLE_LIVE_REPLAY_TIC|tic=393|mle_ms=133.661|monotonic_ms=140|clock_delta_ms=6.33
9|clock_suspect=0
PMLE_LIVE_REPLAY_TIC|tic=394|mle_ms=166.921|monotonic_ms=170|clock_delta_ms=3.07
9|clock_suspect=0
PMLE_LIVE_REPLAY_TIC|tic=395|mle_ms=166.718|monotonic_ms=160|clock_delta_ms=6.71
8|clock_suspect=0
PMLE_LIVE_REPLAY_TIC|tic=396|mle_ms=123.346|monotonic_ms=130|clock_delta_ms=6.65
4|clock_suspect=0
PMLE_LIVE_REPLAY_TIC|tic=397|mle_ms=143.733|monotonic_ms=140|clock_delta_ms=3.73
3|clock_suspect=0
PMLE_LIVE_REPLAY_TIC|tic=398|mle_ms=179.348|monotonic_ms=180|clock_delta_ms=.652
|clock_suspect=0
PMLE_LIVE_REPLAY_TIC|tic=399|mle_ms=82.892|monotonic_ms=80|clock_delta_ms=2.892|
clock_suspect=0
PMLE_LIVE_REPLAY_TIC|tic=400|mle_ms=142.808|monotonic_ms=140|clock_delta_ms=2.80
8|clock_suspect=0
PMLE_LIVE_REPLAY_TIC|tic=401|mle_ms=136.545|monotonic_ms=140|clock_delta_ms=3.45
5|clock_suspect=0
PMLE_LIVE_REPLAY_TIC|tic=402|mle_ms=203.249|monotonic_ms=200|clock_delta_ms=3.24
9|clock_suspect=0
PMLE_LIVE_REPLAY_TIC|tic=403|mle_ms=168.755|monotonic_ms=170|clock_delta_ms=1.24
5|clock_suspect=0
PMLE_LIVE_REPLAY_TIC|tic=404|mle_ms=131.942|monotonic_ms=130|clock_delta_ms=1.94
2|clock_suspect=0
PMLE_LIVE_REPLAY_TIC|tic=405|mle_ms=108.669|monotonic_ms=110|clock_delta_ms=1.33
1|clock_suspect=0
PMLE_LIVE_REPLAY_TIC|tic=406|mle_ms=242.619|monotonic_ms=250|clock_delta_ms=7.38
1|clock_suspect=0
PMLE_LIVE_REPLAY_TIC|tic=407|mle_ms=140.916|monotonic_ms=140|clock_delta_ms=.916
|clock_suspect=0
PMLE_LIVE_REPLAY_TIC|tic=408|mle_ms=106.505|monotonic_ms=100|clock_delta_ms=6.50
5|clock_suspect=0
PMLE_LIVE_REPLAY_TIC|tic=409|mle_ms=133.081|monotonic_ms=140|clock_delta_ms=6.91
9|clock_suspect=0
PMLE_LIVE_REPLAY_TIC|tic=410|mle_ms=159.926|monotonic_ms=160|clock_delta_ms=.074
|clock_suspect=0
PMLE_LIVE_REPLAY_TIC|tic=411|mle_ms=155.317|monotonic_ms=150|clock_delta_ms=5.31
7|clock_suspect=0
PMLE_LIVE_REPLAY_TIC|tic=412|mle_ms=139.536|monotonic_ms=140|clock_delta_ms=.464
|clock_suspect=0
PMLE_LIVE_REPLAY_TIC|tic=413|mle_ms=148.64|monotonic_ms=150|clock_delta_ms=1.36|
clock_suspect=0
PMLE_LIVE_REPLAY_TIC|tic=414|mle_ms=94.265|monotonic_ms=90|clock_delta_ms=4.265|
clock_suspect=0
PMLE_LIVE_REPLAY_TIC|tic=415|mle_ms=135.913|monotonic_ms=140|clock_delta_ms=4.08
7|clock_suspect=0
PMLE_LIVE_REPLAY_TIC|tic=416|mle_ms=180.314|monotonic_ms=180|clock_delta_ms=.314
|clock_suspect=0
PMLE_LIVE_REPLAY_TIC|tic=417|mle_ms=78.477|monotonic_ms=80|clock_delta_ms=1.523|
clock_suspect=0
PMLE_LIVE_REPLAY_TIC|tic=418|mle_ms=147.877|monotonic_ms=150|clock_delta_ms=2.12
3|clock_suspect=0
PMLE_LIVE_REPLAY_TIC|tic=419|mle_ms=141.087|monotonic_ms=140|clock_delta_ms=1.08
7|clock_suspect=0
PMLE_LIVE_REPLAY_TIC|tic=420|mle_ms=106.689|monotonic_ms=110|clock_delta_ms=3.31
1|clock_suspect=0
PMLE_LIVE_REPLAY_TIC|tic=421|mle_ms=141.549|monotonic_ms=140|clock_delta_ms=1.54
9|clock_suspect=0
PMLE_LIVE_REPLAY_TIC|tic=422|mle_ms=163.542|monotonic_ms=160|clock_delta_ms=3.54
2|clock_suspect=0
PMLE_LIVE_REPLAY_TIC|tic=423|mle_ms=102.851|monotonic_ms=100|clock_delta_ms=2.85
1|clock_suspect=0
PMLE_LIVE_REPLAY_TIC|tic=424|mle_ms=131.1|monotonic_ms=130|clock_delta_ms=1.1|cl
ock_suspect=0
PMLE_LIVE_REPLAY_TIC|tic=425|mle_ms=236.949|monotonic_ms=240|clock_delta_ms=3.05
1|clock_suspect=0
PMLE_LIVE_REPLAY_TIC|tic=426|mle_ms=160.567|monotonic_ms=160|clock_delta_ms=.567
|clock_suspect=0
PMLE_LIVE_REPLAY_TIC|tic=427|mle_ms=139.926|monotonic_ms=140|clock_delta_ms=.074
|clock_suspect=0
PMLE_LIVE_REPLAY_TIC|tic=428|mle_ms=135.226|monotonic_ms=140|clock_delta_ms=4.77
4|clock_suspect=0
PMLE_LIVE_REPLAY_TIC|tic=429|mle_ms=165.77|monotonic_ms=160|clock_delta_ms=5.77|
clock_suspect=0
PMLE_LIVE_REPLAY_TIC|tic=430|mle_ms=191.092|monotonic_ms=190|clock_delta_ms=1.09
2|clock_suspect=0
PMLE_LIVE_REPLAY_TIC|tic=431|mle_ms=112.944|monotonic_ms=120|clock_delta_ms=7.05
6|clock_suspect=0
PMLE_LIVE_REPLAY_TIC|tic=432|mle_ms=78.994|monotonic_ms=80|clock_delta_ms=1.006|
clock_suspect=0
PMLE_LIVE_REPLAY_TIC|tic=433|mle_ms=154.621|monotonic_ms=150|clock_delta_ms=4.62
1|clock_suspect=0
PMLE_LIVE_REPLAY_TIC|tic=434|mle_ms=162.306|monotonic_ms=160|clock_delta_ms=2.30
6|clock_suspect=0
PMLE_LIVE_REPLAY_TIC|tic=435|mle_ms=77.918|monotonic_ms=80|clock_delta_ms=2.082|
clock_suspect=0
PMLE_LIVE_REPLAY_TIC|tic=436|mle_ms=153.541|monotonic_ms=160|clock_delta_ms=6.45
9|clock_suspect=0
PMLE_LIVE_REPLAY_TIC|tic=437|mle_ms=110.15|monotonic_ms=110|clock_delta_ms=.15|c
lock_suspect=0
PMLE_LIVE_REPLAY_TIC|tic=438|mle_ms=109.647|monotonic_ms=110|clock_delta_ms=.353
|clock_suspect=0
PMLE_LIVE_REPLAY_TIC|tic=439|mle_ms=123.377|monotonic_ms=120|clock_delta_ms=3.37
7|clock_suspect=0
PMLE_LIVE_REPLAY_TIC|tic=440|mle_ms=102.087|monotonic_ms=100|clock_delta_ms=2.08
7|clock_suspect=0
PMLE_LIVE_REPLAY_TIC|tic=441|mle_ms=74.246|monotonic_ms=80|clock_delta_ms=5.754|
clock_suspect=0
PMLE_LIVE_REPLAY_TIC|tic=442|mle_ms=127.257|monotonic_ms=120|clock_delta_ms=7.25
7|clock_suspect=0
PMLE_LIVE_REPLAY_TIC|tic=443|mle_ms=97.432|monotonic_ms=100|clock_delta_ms=2.568
|clock_suspect=0
PMLE_LIVE_REPLAY_TIC|tic=444|mle_ms=62.281|monotonic_ms=60|clock_delta_ms=2.281|
clock_suspect=0
PMLE_LIVE_REPLAY_TIC|tic=445|mle_ms=251.879|monotonic_ms=250|clock_delta_ms=1.87
9|clock_suspect=0
PMLE_LIVE_REPLAY_TIC|tic=446|mle_ms=184.656|monotonic_ms=190|clock_delta_ms=5.34
4|clock_suspect=0
PMLE_LIVE_REPLAY_TIC|tic=447|mle_ms=64.767|monotonic_ms=60|clock_delta_ms=4.767|
clock_suspect=0
PMLE_LIVE_REPLAY_TIC|tic=448|mle_ms=108.36|monotonic_ms=110|clock_delta_ms=1.64|
clock_suspect=0
PMLE_LIVE_REPLAY_TIC|tic=449|mle_ms=144.196|monotonic_ms=150|clock_delta_ms=5.80
4|clock_suspect=0
PMLE_LIVE_REPLAY_TIC|tic=450|mle_ms=82.273|monotonic_ms=80|clock_delta_ms=2.273|
clock_suspect=0
PMLE_LIVE_REPLAY_TIC|tic=451|mle_ms=123.43|monotonic_ms=120|clock_delta_ms=3.43|
clock_suspect=0
PMLE_LIVE_REPLAY_TIC|tic=452|mle_ms=98.675|monotonic_ms=100|clock_delta_ms=1.325
|clock_suspect=0
PMLE_LIVE_REPLAY_TIC|tic=453|mle_ms=85.942|monotonic_ms=90|clock_delta_ms=4.058|
clock_suspect=0
PMLE_LIVE_REPLAY_TIC|tic=454|mle_ms=154.256|monotonic_ms=150|clock_delta_ms=4.25
6|clock_suspect=0
PMLE_LIVE_REPLAY_TIC|tic=455|mle_ms=85.742|monotonic_ms=90|clock_delta_ms=4.258|
clock_suspect=0
PMLE_LIVE_REPLAY_TIC|tic=456|mle_ms=95.031|monotonic_ms=90|clock_delta_ms=5.031|
clock_suspect=0
PMLE_LIVE_REPLAY_TIC|tic=457|mle_ms=114.031|monotonic_ms=120|clock_delta_ms=5.96
9|clock_suspect=0
PMLE_LIVE_REPLAY_TIC|tic=458|mle_ms=139.399|monotonic_ms=140|clock_delta_ms=.601
|clock_suspect=0
PMLE_LIVE_REPLAY_TIC|tic=459|mle_ms=78.287|monotonic_ms=70|clock_delta_ms=8.287|
clock_suspect=0
PMLE_LIVE_REPLAY_TIC|tic=460|mle_ms=142.149|monotonic_ms=150|clock_delta_ms=7.85
1|clock_suspect=0
PMLE_LIVE_REPLAY_TIC|tic=461|mle_ms=87.93|monotonic_ms=80|clock_delta_ms=7.93|cl
ock_suspect=0
PMLE_LIVE_REPLAY_TIC|tic=462|mle_ms=84.802|monotonic_ms=90|clock_delta_ms=5.198|
clock_suspect=0
PMLE_LIVE_REPLAY_TIC|tic=463|mle_ms=119.452|monotonic_ms=120|clock_delta_ms=.548
|clock_suspect=0
PMLE_LIVE_REPLAY_TIC|tic=464|mle_ms=92.86|monotonic_ms=90|clock_delta_ms=2.86|cl
ock_suspect=0
PMLE_LIVE_REPLAY_TIC|tic=465|mle_ms=171.431|monotonic_ms=170|clock_delta_ms=1.43
1|clock_suspect=0
PMLE_LIVE_REPLAY_TIC|tic=466|mle_ms=148.981|monotonic_ms=150|clock_delta_ms=1.01
9|clock_suspect=0
PMLE_LIVE_REPLAY_TIC|tic=467|mle_ms=78.639|monotonic_ms=80|clock_delta_ms=1.361|
clock_suspect=0
PMLE_LIVE_REPLAY_TIC|tic=468|mle_ms=75.195|monotonic_ms=80|clock_delta_ms=4.805|
clock_suspect=0
PMLE_LIVE_REPLAY_TIC|tic=469|mle_ms=155.94|monotonic_ms=150|clock_delta_ms=5.94|
clock_suspect=0
PMLE_LIVE_REPLAY_TIC|tic=470|mle_ms=130.118|monotonic_ms=130|clock_delta_ms=.118
|clock_suspect=0
PMLE_LIVE_REPLAY_TIC|tic=471|mle_ms=91.879|monotonic_ms=100|clock_delta_ms=8.121
|clock_suspect=0
PMLE_LIVE_REPLAY_TIC|tic=472|mle_ms=131.454|monotonic_ms=130|clock_delta_ms=1.45
4|clock_suspect=0
PMLE_LIVE_REPLAY_TIC|tic=473|mle_ms=121.721|monotonic_ms=120|clock_delta_ms=1.72
1|clock_suspect=0
PMLE_LIVE_REPLAY_TIC|tic=474|mle_ms=220.256|monotonic_ms=220|clock_delta_ms=.256
|clock_suspect=0
PMLE_LIVE_REPLAY_TIC|tic=475|mle_ms=151.409|monotonic_ms=150|clock_delta_ms=1.40
9|clock_suspect=0
PMLE_LIVE_REPLAY_TIC|tic=476|mle_ms=123.731|monotonic_ms=120|clock_delta_ms=3.73
1|clock_suspect=0
PMLE_LIVE_REPLAY_TIC|tic=477|mle_ms=73.447|monotonic_ms=80|clock_delta_ms=6.553|
clock_suspect=0
PMLE_LIVE_REPLAY_TIC|tic=478|mle_ms=148.686|monotonic_ms=150|clock_delta_ms=1.31
4|clock_suspect=0
PMLE_LIVE_REPLAY_TIC|tic=479|mle_ms=202.855|monotonic_ms=200|clock_delta_ms=2.85
5|clock_suspect=0
PMLE_LIVE_REPLAY_TIC|tic=480|mle_ms=67.056|monotonic_ms=70|clock_delta_ms=2.944|
clock_suspect=0
PMLE_LIVE_REPLAY_TIC|tic=481|mle_ms=112.254|monotonic_ms=110|clock_delta_ms=2.25
4|clock_suspect=0
PMLE_LIVE_REPLAY_TIC|tic=482|mle_ms=91.392|monotonic_ms=90|clock_delta_ms=1.392|
clock_suspect=0
PMLE_LIVE_REPLAY_TIC|tic=483|mle_ms=158.763|monotonic_ms=160|clock_delta_ms=1.23
7|clock_suspect=0
PMLE_LIVE_REPLAY_TIC|tic=484|mle_ms=120.939|monotonic_ms=120|clock_delta_ms=.939
|clock_suspect=0
PMLE_LIVE_REPLAY_TIC|tic=485|mle_ms=91.821|monotonic_ms=90|clock_delta_ms=1.821|
clock_suspect=0
PMLE_LIVE_REPLAY_TIC|tic=486|mle_ms=114.7|monotonic_ms=120|clock_delta_ms=5.3|cl
ock_suspect=0
PMLE_LIVE_REPLAY_TIC|tic=487|mle_ms=113.349|monotonic_ms=110|clock_delta_ms=3.34
9|clock_suspect=0
PMLE_LIVE_REPLAY_TIC|tic=488|mle_ms=76.094|monotonic_ms=80|clock_delta_ms=3.906|
clock_suspect=0
PMLE_LIVE_REPLAY_TIC|tic=489|mle_ms=71.879|monotonic_ms=70|clock_delta_ms=1.879|
clock_suspect=0
PMLE_LIVE_REPLAY_TIC|tic=490|mle_ms=127.29|monotonic_ms=130|clock_delta_ms=2.71|
clock_suspect=0
PMLE_LIVE_REPLAY_TIC|tic=491|mle_ms=71.958|monotonic_ms=70|clock_delta_ms=1.958|
clock_suspect=0
PMLE_LIVE_REPLAY_TIC|tic=492|mle_ms=68.374|monotonic_ms=70|clock_delta_ms=1.626|
clock_suspect=0
PMLE_LIVE_REPLAY_TIC|tic=493|mle_ms=126.815|monotonic_ms=120|clock_delta_ms=6.81
5|clock_suspect=0
PMLE_LIVE_REPLAY_TIC|tic=494|mle_ms=100.761|monotonic_ms=100|clock_delta_ms=.761
|clock_suspect=0
PMLE_LIVE_REPLAY_TIC|tic=495|mle_ms=78.102|monotonic_ms=80|clock_delta_ms=1.898|
clock_suspect=0
PMLE_LIVE_REPLAY_TIC|tic=496|mle_ms=129.601|monotonic_ms=130|clock_delta_ms=.399
|clock_suspect=0
PMLE_LIVE_REPLAY_TIC|tic=497|mle_ms=78.452|monotonic_ms=80|clock_delta_ms=1.548|
clock_suspect=0
PMLE_LIVE_REPLAY_TIC|tic=498|mle_ms=181.988|monotonic_ms=180|clock_delta_ms=1.98
8|clock_suspect=0
PMLE_LIVE_REPLAY_TIC|tic=499|mle_ms=83.434|monotonic_ms=90|clock_delta_ms=6.566|
clock_suspect=0
PMLE_LIVE_REPLAY_TIC|tic=500|mle_ms=108.47|monotonic_ms=100|clock_delta_ms=8.47|
clock_suspect=0
PMLE_LIVE_REPLAY_TIC|tic=501|mle_ms=82.63|monotonic_ms=80|clock_delta_ms=2.63|cl
ock_suspect=0
PMLE_LIVE_REPLAY_TIC|tic=502|mle_ms=168.457|monotonic_ms=170|clock_delta_ms=1.54
3|clock_suspect=0
PMLE_LIVE_REPLAY_TIC|tic=503|mle_ms=86.454|monotonic_ms=80|clock_delta_ms=6.454|
clock_suspect=0
PMLE_LIVE_REPLAY_TIC|tic=504|mle_ms=75.038|monotonic_ms=80|clock_delta_ms=4.962|
clock_suspect=0
PMLE_LIVE_REPLAY_TIC|tic=505|mle_ms=85.131|monotonic_ms=80|clock_delta_ms=5.131|
clock_suspect=0
PMLE_LIVE_REPLAY_TIC|tic=506|mle_ms=114.838|monotonic_ms=120|clock_delta_ms=5.16
2|clock_suspect=0
PMLE_LIVE_REPLAY_TIC|tic=507|mle_ms=74.17|monotonic_ms=70|clock_delta_ms=4.17|cl
ock_suspect=0
PMLE_LIVE_REPLAY_TIC|tic=508|mle_ms=100.354|monotonic_ms=100|clock_delta_ms=.354
|clock_suspect=0
PMLE_LIVE_REPLAY_TIC|tic=509|mle_ms=64.837|monotonic_ms=70|clock_delta_ms=5.163|
clock_suspect=0
PMLE_LIVE_REPLAY_TIC|tic=510|mle_ms=91.989|monotonic_ms=90|clock_delta_ms=1.989|
clock_suspect=0
PMLE_LIVE_REPLAY_TIC|tic=511|mle_ms=104.18|monotonic_ms=100|clock_delta_ms=4.18|
clock_suspect=0
PMLE_LIVE_REPLAY_TIC|tic=512|mle_ms=121.88|monotonic_ms=130|clock_delta_ms=8.12|
clock_suspect=0
PMLE_LIVE_REPLAY_TIC|tic=513|mle_ms=67.341|monotonic_ms=60|clock_delta_ms=7.341|
clock_suspect=0
PMLE_LIVE_REPLAY_TIC|tic=514|mle_ms=108.733|monotonic_ms=110|clock_delta_ms=1.26
7|clock_suspect=0
PMLE_LIVE_REPLAY_TIC|tic=515|mle_ms=82.925|monotonic_ms=90|clock_delta_ms=7.075|
clock_suspect=0
PMLE_LIVE_REPLAY_TIC|tic=516|mle_ms=115.923|monotonic_ms=110|clock_delta_ms=5.92
3|clock_suspect=0
PMLE_LIVE_REPLAY_TIC|tic=517|mle_ms=99.076|monotonic_ms=100|clock_delta_ms=.924|
clock_suspect=0
PMLE_LIVE_REPLAY_TIC|tic=518|mle_ms=97.289|monotonic_ms=100|clock_delta_ms=2.711
|clock_suspect=0
PMLE_LIVE_REPLAY_TIC|tic=519|mle_ms=165.08|monotonic_ms=160|clock_delta_ms=5.08|
clock_suspect=0
PMLE_LIVE_REPLAY_TIC|tic=520|mle_ms=105.118|monotonic_ms=110|clock_delta_ms=4.88
2|clock_suspect=0
PMLE_LIVE_REPLAY_TIC|tic=521|mle_ms=88.115|monotonic_ms=90|clock_delta_ms=1.885|
clock_suspect=0
PMLE_LIVE_REPLAY_TIC|tic=522|mle_ms=168.125|monotonic_ms=170|clock_delta_ms=1.87
5|clock_suspect=0
PMLE_LIVE_REPLAY_TIC|tic=523|mle_ms=195.301|monotonic_ms=190|clock_delta_ms=5.30
1|clock_suspect=0
PMLE_LIVE_REPLAY_TIC|tic=524|mle_ms=129.145|monotonic_ms=130|clock_delta_ms=.855
|clock_suspect=0
PMLE_LIVE_REPLAY_TIC|tic=525|mle_ms=68.527|monotonic_ms=70|clock_delta_ms=1.473|
clock_suspect=0
PMLE_LIVE_REPLAY_TIC|tic=526|mle_ms=142.71|monotonic_ms=140|clock_delta_ms=2.71|
clock_suspect=0
PMLE_LIVE_REPLAY_TIC|tic=527|mle_ms=94.902|monotonic_ms=100|clock_delta_ms=5.098
|clock_suspect=0
PMLE_LIVE_REPLAY_TIC|tic=528|mle_ms=77.716|monotonic_ms=70|clock_delta_ms=7.716|
clock_suspect=0
PMLE_LIVE_REPLAY_TIC|tic=529|mle_ms=81.77|monotonic_ms=90|clock_delta_ms=8.23|cl
ock_suspect=0
PMLE_LIVE_REPLAY_TIC|tic=530|mle_ms=117.714|monotonic_ms=110|clock_delta_ms=7.71
4|clock_suspect=0
PMLE_LIVE_REPLAY_TIC|tic=531|mle_ms=80.954|monotonic_ms=80|clock_delta_ms=.954|c
lock_suspect=0
PMLE_LIVE_REPLAY_TIC|tic=532|mle_ms=118.765|monotonic_ms=120|clock_delta_ms=1.23
5|clock_suspect=0
PMLE_LIVE_REPLAY_TIC|tic=533|mle_ms=101.025|monotonic_ms=100|clock_delta_ms=1.02
5|clock_suspect=0
PMLE_LIVE_REPLAY_TIC|tic=534|mle_ms=71.709|monotonic_ms=80|clock_delta_ms=8.291|
clock_suspect=0
PMLE_LIVE_REPLAY_TIC|tic=535|mle_ms=73.08|monotonic_ms=70|clock_delta_ms=3.08|cl
ock_suspect=0
PMLE_LIVE_REPLAY_TIC|tic=536|mle_ms=83.005|monotonic_ms=80|clock_delta_ms=3.005|
clock_suspect=0
PMLE_LIVE_REPLAY_TIC|tic=537|mle_ms=83.728|monotonic_ms=90|clock_delta_ms=6.272|
clock_suspect=0
PMLE_LIVE_REPLAY_TIC|tic=538|mle_ms=116.364|monotonic_ms=110|clock_delta_ms=6.36
4|clock_suspect=0
PMLE_LIVE_REPLAY_TIC|tic=539|mle_ms=70.867|monotonic_ms=70|clock_delta_ms=.867|c
lock_suspect=0
PMLE_LIVE_REPLAY_TIC|tic=540|mle_ms=86.113|monotonic_ms=90|clock_delta_ms=3.887|
clock_suspect=0
PMLE_LIVE_REPLAY_TIC|tic=541|mle_ms=228.1|monotonic_ms=230|clock_delta_ms=1.9|cl
ock_suspect=0
PMLE_LIVE_REPLAY_TIC|tic=542|mle_ms=76.492|monotonic_ms=70|clock_delta_ms=6.492|
clock_suspect=0
PMLE_LIVE_REPLAY_TIC|tic=543|mle_ms=105.579|monotonic_ms=110|clock_delta_ms=4.42
1|clock_suspect=0
PMLE_LIVE_REPLAY_TIC|tic=544|mle_ms=93.806|monotonic_ms=90|clock_delta_ms=3.806|
clock_suspect=0
PMLE_LIVE_REPLAY_TIC|tic=545|mle_ms=144.279|monotonic_ms=150|clock_delta_ms=5.72
1|clock_suspect=0
PMLE_LIVE_REPLAY_TIC|tic=546|mle_ms=95.551|monotonic_ms=90|clock_delta_ms=5.551|
clock_suspect=0
PMLE_LIVE_REPLAY_TIC|tic=547|mle_ms=88.574|monotonic_ms=90|clock_delta_ms=1.426|
clock_suspect=0
PMLE_LIVE_REPLAY_TIC|tic=548|mle_ms=87.67|monotonic_ms=90|clock_delta_ms=2.33|cl
ock_suspect=0
PMLE_LIVE_REPLAY_TIC|tic=549|mle_ms=66.578|monotonic_ms=70|clock_delta_ms=3.422|
clock_suspect=0
PMLE_LIVE_REPLAY_TIC|tic=550|mle_ms=151.371|monotonic_ms=150|clock_delta_ms=1.37
1|clock_suspect=0
PMLE_LIVE_REPLAY_TIC|tic=551|mle_ms=55.971|monotonic_ms=60|clock_delta_ms=4.029|
clock_suspect=0
PMLE_LIVE_REPLAY_TIC|tic=552|mle_ms=81.369|monotonic_ms=80|clock_delta_ms=1.369|
clock_suspect=0
PMLE_LIVE_REPLAY_TIC|tic=553|mle_ms=105.261|monotonic_ms=100|clock_delta_ms=5.26
1|clock_suspect=0
PMLE_LIVE_REPLAY_TIC|tic=554|mle_ms=107.698|monotonic_ms=110|clock_delta_ms=2.30
2|clock_suspect=0
PMLE_LIVE_REPLAY_TIC|tic=555|mle_ms=78.978|monotonic_ms=80|clock_delta_ms=1.022|
clock_suspect=0
PMLE_LIVE_REPLAY_TIC|tic=556|mle_ms=133.128|monotonic_ms=130|clock_delta_ms=3.12
8|clock_suspect=0
PMLE_LIVE_REPLAY_TIC|tic=557|mle_ms=91.483|monotonic_ms=90|clock_delta_ms=1.483|
clock_suspect=0
PMLE_LIVE_REPLAY_TIC|tic=558|mle_ms=143.44|monotonic_ms=150|clock_delta_ms=6.56|
clock_suspect=0
PMLE_LIVE_REPLAY_TIC|tic=559|mle_ms=86.787|monotonic_ms=80|clock_delta_ms=6.787|
clock_suspect=0
PMLE_LIVE_REPLAY_TIC|tic=560|mle_ms=191.608|monotonic_ms=200|clock_delta_ms=8.39
2|clock_suspect=0
PMLE_LIVE_REPLAY_TIC|tic=561|mle_ms=88.917|monotonic_ms=80|clock_delta_ms=8.917|
clock_suspect=0
PMLE_LIVE_REPLAY_TIC|tic=562|mle_ms=111.983|monotonic_ms=120|clock_delta_ms=8.01
7|clock_suspect=0
PMLE_LIVE_REPLAY_TIC|tic=563|mle_ms=71.655|monotonic_ms=70|clock_delta_ms=1.655|
clock_suspect=0
PMLE_LIVE_REPLAY_TIC|tic=564|mle_ms=213.365|monotonic_ms=210|clock_delta_ms=3.36
5|clock_suspect=0
PMLE_LIVE_REPLAY_TIC|tic=565|mle_ms=84.698|monotonic_ms=90|clock_delta_ms=5.302|
clock_suspect=0
PMLE_LIVE_REPLAY_TIC|tic=566|mle_ms=100.214|monotonic_ms=100|clock_delta_ms=.214
|clock_suspect=0
PMLE_LIVE_REPLAY_TIC|tic=567|mle_ms=95.996|monotonic_ms=90|clock_delta_ms=5.996|
clock_suspect=0
PMLE_LIVE_REPLAY_TIC|tic=568|mle_ms=112.528|monotonic_ms=120|clock_delta_ms=7.47
2|clock_suspect=0
PMLE_LIVE_REPLAY_TIC|tic=569|mle_ms=93.343|monotonic_ms=90|clock_delta_ms=3.343|
clock_suspect=0
PMLE_LIVE_REPLAY_TIC|tic=570|mle_ms=110.557|monotonic_ms=110|clock_delta_ms=.557
|clock_suspect=0
PMLE_LIVE_REPLAY_TIC|tic=571|mle_ms=98.249|monotonic_ms=100|clock_delta_ms=1.751
|clock_suspect=0
PMLE_LIVE_REPLAY_TIC|tic=572|mle_ms=67.546|monotonic_ms=70|clock_delta_ms=2.454|
clock_suspect=0
PMLE_LIVE_REPLAY_TIC|tic=573|mle_ms=102.212|monotonic_ms=100|clock_delta_ms=2.21
2|clock_suspect=0
PMLE_LIVE_REPLAY_TIC|tic=574|mle_ms=150.684|monotonic_ms=150|clock_delta_ms=.684
|clock_suspect=0
PMLE_LIVE_REPLAY_TIC|tic=575|mle_ms=73.52|monotonic_ms=70|clock_delta_ms=3.52|cl
ock_suspect=0
PMLE_LIVE_REPLAY_TIC|tic=576|mle_ms=139.531|monotonic_ms=140|clock_delta_ms=.469
|clock_suspect=0
PMLE_LIVE_REPLAY_TIC|tic=577|mle_ms=110.098|monotonic_ms=110|clock_delta_ms=.098
|clock_suspect=0
PMLE_LIVE_REPLAY_TIC|tic=578|mle_ms=109.133|monotonic_ms=110|clock_delta_ms=.867
|clock_suspect=0
PMLE_LIVE_REPLAY_TIC|tic=579|mle_ms=229.462|monotonic_ms=230|clock_delta_ms=.538
|clock_suspect=0
PMLE_LIVE_REPLAY_TIC|tic=580|mle_ms=98.862|monotonic_ms=100|clock_delta_ms=1.138
|clock_suspect=0
PMLE_LIVE_REPLAY_TIC|tic=581|mle_ms=71.492|monotonic_ms=70|clock_delta_ms=1.492|
clock_suspect=0
PMLE_LIVE_REPLAY_TIC|tic=582|mle_ms=112.136|monotonic_ms=110|clock_delta_ms=2.13
6|clock_suspect=0
PMLE_LIVE_REPLAY_TIC|tic=583|mle_ms=65.095|monotonic_ms=170|clock_delta_ms=104.9
05|clock_suspect=1
PMLE_LIVE_REPLAY_TIC|tic=584|mle_ms=74.618|monotonic_ms=80|clock_delta_ms=5.382|
clock_suspect=0
PMLE_LIVE_REPLAY_TIC|tic=585|mle_ms=128.743|monotonic_ms=130|clock_delta_ms=1.25
7|clock_suspect=0
PMLE_LIVE_REPLAY_TIC|tic=586|mle_ms=149.525|monotonic_ms=150|clock_delta_ms=.475
|clock_suspect=0
PMLE_LIVE_REPLAY_TIC|tic=587|mle_ms=62.42|monotonic_ms=60|clock_delta_ms=2.42|cl
ock_suspect=0
PMLE_LIVE_REPLAY_TIC|tic=588|mle_ms=93.62|monotonic_ms=90|clock_delta_ms=3.62|cl
ock_suspect=0
PMLE_LIVE_REPLAY_TIC|tic=589|mle_ms=92.757|monotonic_ms=90|clock_delta_ms=2.757|
clock_suspect=0
PMLE_LIVE_REPLAY_TIC|tic=590|mle_ms=83.077|monotonic_ms=90|clock_delta_ms=6.923|
clock_suspect=0
PMLE_LIVE_REPLAY_TIC|tic=591|mle_ms=101.297|monotonic_ms=100|clock_delta_ms=1.29
7|clock_suspect=0
PMLE_LIVE_REPLAY_TIC|tic=592|mle_ms=103.487|monotonic_ms=100|clock_delta_ms=3.48
7|clock_suspect=0
PMLE_LIVE_REPLAY_TIC|tic=593|mle_ms=64.606|monotonic_ms=70|clock_delta_ms=5.394|
clock_suspect=0
PMLE_LIVE_REPLAY_TIC|tic=594|mle_ms=111.772|monotonic_ms=110|clock_delta_ms=1.77
2|clock_suspect=0
PMLE_LIVE_REPLAY_TIC|tic=595|mle_ms=108.289|monotonic_ms=110|clock_delta_ms=1.71
1|clock_suspect=0
PMLE_LIVE_REPLAY_TIC|tic=596|mle_ms=102.846|monotonic_ms=100|clock_delta_ms=2.84
6|clock_suspect=0
PMLE_LIVE_REPLAY_TIC|tic=597|mle_ms=85.82|monotonic_ms=90|clock_delta_ms=4.18|cl
ock_suspect=0
PMLE_LIVE_REPLAY_TIC|tic=598|mle_ms=99.027|monotonic_ms=100|clock_delta_ms=.973|
clock_suspect=0
PMLE_LIVE_REPLAY_TIC|tic=599|mle_ms=171.282|monotonic_ms=170|clock_delta_ms=1.28
2|clock_suspect=0
PMLE_LIVE_REPLAY_TIC|tic=600|mle_ms=131.047|monotonic_ms=130|clock_delta_ms=1.04
7|clock_suspect=0
PMLE_LIVE_REPLAY_TIC|tic=601|mle_ms=111.338|monotonic_ms=110|clock_delta_ms=1.33
8|clock_suspect=0
PMLE_LIVE_REPLAY_TIC|tic=602|mle_ms=64.697|monotonic_ms=70|clock_delta_ms=5.303|
clock_suspect=0
PMLE_LIVE_REPLAY_TIC|tic=603|mle_ms=180.144|monotonic_ms=180|clock_delta_ms=.144
|clock_suspect=0
PMLE_LIVE_REPLAY_TIC|tic=604|mle_ms=142.846|monotonic_ms=140|clock_delta_ms=2.84
6|clock_suspect=0
PMLE_LIVE_REPLAY_TIC|tic=605|mle_ms=67.295|monotonic_ms=70|clock_delta_ms=2.705|
clock_suspect=0
PMLE_LIVE_REPLAY_TIC|tic=606|mle_ms=119.992|monotonic_ms=120|clock_delta_ms=.008
|clock_suspect=0
PMLE_LIVE_REPLAY_TIC|tic=607|mle_ms=87.099|monotonic_ms=80|clock_delta_ms=7.099|
clock_suspect=0
PMLE_LIVE_REPLAY_TIC|tic=608|mle_ms=102.714|monotonic_ms=110|clock_delta_ms=7.28
6|clock_suspect=0
PMLE_LIVE_REPLAY_TIC|tic=609|mle_ms=132.357|monotonic_ms=130|clock_delta_ms=2.35
7|clock_suspect=0
PMLE_LIVE_REPLAY_TIC|tic=610|mle_ms=99.946|monotonic_ms=100|clock_delta_ms=.054|
clock_suspect=0
PMLE_LIVE_REPLAY_TIC|tic=611|mle_ms=74.027|monotonic_ms=70|clock_delta_ms=4.027|
clock_suspect=0
PMLE_LIVE_REPLAY_TIC|tic=612|mle_ms=97.618|monotonic_ms=100|clock_delta_ms=2.382
|clock_suspect=0
PMLE_LIVE_REPLAY_TIC|tic=613|mle_ms=91.303|monotonic_ms=90|clock_delta_ms=1.303|
clock_suspect=0
PMLE_LIVE_REPLAY_TIC|tic=614|mle_ms=103.433|monotonic_ms=110|clock_delta_ms=6.56
7|clock_suspect=0
PMLE_LIVE_REPLAY_TIC|tic=615|mle_ms=88.373|monotonic_ms=80|clock_delta_ms=8.373|
clock_suspect=0
PMLE_LIVE_REPLAY_TIC|tic=616|mle_ms=141.518|monotonic_ms=150|clock_delta_ms=8.48
2|clock_suspect=0
PMLE_LIVE_REPLAY_TIC|tic=617|mle_ms=73.813|monotonic_ms=70|clock_delta_ms=3.813|
clock_suspect=0
PMLE_LIVE_REPLAY_TIC|tic=618|mle_ms=210.032|monotonic_ms=210|clock_delta_ms=.032
|clock_suspect=0
PMLE_LIVE_REPLAY_TIC|tic=619|mle_ms=106.554|monotonic_ms=110|clock_delta_ms=3.44
6|clock_suspect=0
PMLE_LIVE_REPLAY_TIC|tic=620|mle_ms=80.022|monotonic_ms=80|clock_delta_ms=.022|c
lock_suspect=0
PMLE_LIVE_REPLAY_TIC|tic=621|mle_ms=80.062|monotonic_ms=80|clock_delta_ms=.062|c
lock_suspect=0
PMLE_LIVE_REPLAY_TIC|tic=622|mle_ms=164.447|monotonic_ms=160|clock_delta_ms=4.44
7|clock_suspect=0
PMLE_LIVE_REPLAY_TIC|tic=623|mle_ms=115.541|monotonic_ms=120|clock_delta_ms=4.45
9|clock_suspect=0
PMLE_LIVE_REPLAY_TIC|tic=624|mle_ms=138.113|monotonic_ms=140|clock_delta_ms=1.88
7|clock_suspect=0
PMLE_LIVE_REPLAY_TIC|tic=625|mle_ms=86.202|monotonic_ms=80|clock_delta_ms=6.202|
clock_suspect=0
PMLE_LIVE_REPLAY_TIC|tic=626|mle_ms=106.851|monotonic_ms=110|clock_delta_ms=3.14
9|clock_suspect=0
PMLE_LIVE_REPLAY_TIC|tic=627|mle_ms=99.114|monotonic_ms=100|clock_delta_ms=.886|
clock_suspect=0
PMLE_LIVE_REPLAY_TIC|tic=628|mle_ms=103.185|monotonic_ms=100|clock_delta_ms=3.18
5|clock_suspect=0
PMLE_LIVE_REPLAY_TIC|tic=629|mle_ms=95.175|monotonic_ms=100|clock_delta_ms=4.825
|clock_suspect=0
PMLE_LIVE_REPLAY_TIC|tic=630|mle_ms=107.057|monotonic_ms=100|clock_delta_ms=7.05
7|clock_suspect=0
PMLE_LIVE_REPLAY_TIC|tic=631|mle_ms=80.032|monotonic_ms=80|clock_delta_ms=.032|c
lock_suspect=0
PMLE_LIVE_REPLAY_TIC|tic=632|mle_ms=89.593|monotonic_ms=90|clock_delta_ms=.407|c
lock_suspect=0
PMLE_LIVE_REPLAY_TIC|tic=633|mle_ms=109.724|monotonic_ms=110|clock_delta_ms=.276
|clock_suspect=0
PMLE_LIVE_REPLAY_TIC|tic=634|mle_ms=120.394|monotonic_ms=120|clock_delta_ms=.394
|clock_suspect=0
PMLE_LIVE_REPLAY_TIC|tic=635|mle_ms=111.615|monotonic_ms=120|clock_delta_ms=8.38
5|clock_suspect=0
PMLE_LIVE_REPLAY_TIC|tic=636|mle_ms=97.35|monotonic_ms=90|clock_delta_ms=7.35|cl
ock_suspect=0
PMLE_LIVE_REPLAY_TIC|tic=637|mle_ms=201.534|monotonic_ms=200|clock_delta_ms=1.53
4|clock_suspect=0
PMLE_LIVE_REPLAY_TIC|tic=638|mle_ms=89.2|monotonic_ms=90|clock_delta_ms=.8|clock
_suspect=0
PMLE_LIVE_REPLAY_TIC|tic=639|mle_ms=83.12|monotonic_ms=90|clock_delta_ms=6.88|cl
ock_suspect=0
PMLE_LIVE_REPLAY_TIC|tic=640|mle_ms=92.19|monotonic_ms=90|clock_delta_ms=2.19|cl
ock_suspect=0
PMLE_LIVE_REPLAY_TIC|tic=641|mle_ms=143.371|monotonic_ms=140|clock_delta_ms=3.37
1|clock_suspect=0
PMLE_LIVE_REPLAY_TIC|tic=642|mle_ms=111.464|monotonic_ms=110|clock_delta_ms=1.46
4|clock_suspect=0
PMLE_LIVE_REPLAY_TIC|tic=643|mle_ms=82.349|monotonic_ms=90|clock_delta_ms=7.651|
clock_suspect=0
PMLE_LIVE_REPLAY_TIC|tic=644|mle_ms=98.302|monotonic_ms=90|clock_delta_ms=8.302|
clock_suspect=0
PMLE_LIVE_REPLAY_TIC|tic=645|mle_ms=48.209|monotonic_ms=50|clock_delta_ms=1.791|
clock_suspect=0
PMLE_LIVE_REPLAY_TIC|tic=646|mle_ms=132.217|monotonic_ms=140|clock_delta_ms=7.78
3|clock_suspect=0
PMLE_LIVE_REPLAY_TIC|tic=647|mle_ms=98.338|monotonic_ms=90|clock_delta_ms=8.338|
clock_suspect=0
PMLE_LIVE_REPLAY_TIC|tic=648|mle_ms=84.381|monotonic_ms=90|clock_delta_ms=5.619|
clock_suspect=0
PMLE_LIVE_REPLAY_TIC|tic=649|mle_ms=105.007|monotonic_ms=100|clock_delta_ms=5.00
7|clock_suspect=0
PMLE_LIVE_REPLAY_TIC|tic=650|mle_ms=98.801|monotonic_ms=100|clock_delta_ms=1.199
|clock_suspect=0
PMLE_LIVE_REPLAY_TIC|tic=651|mle_ms=48.428|monotonic_ms=50|clock_delta_ms=1.572|
clock_suspect=0
PMLE_LIVE_REPLAY_TIC|tic=652|mle_ms=105.238|monotonic_ms=110|clock_delta_ms=4.76
2|clock_suspect=0
PMLE_LIVE_REPLAY_TIC|tic=653|mle_ms=98.379|monotonic_ms=90|clock_delta_ms=8.379|
clock_suspect=0
PMLE_LIVE_REPLAY_TIC|tic=654|mle_ms=148.006|monotonic_ms=150|clock_delta_ms=1.99
4|clock_suspect=0
PMLE_LIVE_REPLAY_TIC|tic=655|mle_ms=85.405|monotonic_ms=90|clock_delta_ms=4.595|
clock_suspect=0
PMLE_LIVE_REPLAY_TIC|tic=656|mle_ms=128.455|monotonic_ms=130|clock_delta_ms=1.54
5|clock_suspect=0
PMLE_LIVE_REPLAY_TIC|tic=657|mle_ms=68.928|monotonic_ms=70|clock_delta_ms=1.072|
clock_suspect=0
PMLE_LIVE_REPLAY_TIC|tic=658|mle_ms=143.018|monotonic_ms=140|clock_delta_ms=3.01
8|clock_suspect=0
PMLE_LIVE_REPLAY_TIC|tic=659|mle_ms=92.047|monotonic_ms=90|clock_delta_ms=2.047|
clock_suspect=0
PMLE_LIVE_REPLAY_TIC|tic=660|mle_ms=169.746|monotonic_ms=170|clock_delta_ms=.254
|clock_suspect=0
PMLE_LIVE_REPLAY_TIC|tic=661|mle_ms=99.146|monotonic_ms=100|clock_delta_ms=.854|
clock_suspect=0
PMLE_LIVE_REPLAY_TIC|tic=662|mle_ms=107.714|monotonic_ms=110|clock_delta_ms=2.28
6|clock_suspect=0
PMLE_LIVE_REPLAY_TIC|tic=663|mle_ms=57.784|monotonic_ms=60|clock_delta_ms=2.216|
clock_suspect=0
PMLE_LIVE_REPLAY_TIC|tic=664|mle_ms=154.25|monotonic_ms=150|clock_delta_ms=4.25|
clock_suspect=0
PMLE_LIVE_REPLAY_TIC|tic=665|mle_ms=102.517|monotonic_ms=100|clock_delta_ms=2.51
7|clock_suspect=0
PMLE_LIVE_REPLAY_TIC|tic=666|mle_ms=94.818|monotonic_ms=100|clock_delta_ms=5.182
|clock_suspect=0
PMLE_LIVE_REPLAY_TIC|tic=667|mle_ms=128.672|monotonic_ms=130|clock_delta_ms=1.32
8|clock_suspect=0
PMLE_LIVE_REPLAY_TIC|tic=668|mle_ms=144.025|monotonic_ms=140|clock_delta_ms=4.02
5|clock_suspect=0
PMLE_LIVE_REPLAY_TIC|tic=669|mle_ms=58.498|monotonic_ms=60|clock_delta_ms=1.502|
clock_suspect=0
PMLE_LIVE_REPLAY_TIC|tic=670|mle_ms=148.682|monotonic_ms=150|clock_delta_ms=1.31
8|clock_suspect=0
PMLE_LIVE_REPLAY_TIC|tic=671|mle_ms=131.009|monotonic_ms=130|clock_delta_ms=1.00
9|clock_suspect=0
PMLE_LIVE_REPLAY_TIC|tic=672|mle_ms=89.374|monotonic_ms=90|clock_delta_ms=.626|c
lock_suspect=0
PMLE_LIVE_REPLAY_TIC|tic=673|mle_ms=115.788|monotonic_ms=110|clock_delta_ms=5.78
8|clock_suspect=0
PMLE_LIVE_REPLAY_TIC|tic=674|mle_ms=140.836|monotonic_ms=140|clock_delta_ms=.836
|clock_suspect=0
PMLE_LIVE_REPLAY_TIC|tic=675|mle_ms=85.14|monotonic_ms=90|clock_delta_ms=4.86|cl
ock_suspect=0
PMLE_LIVE_REPLAY_TIC|tic=676|mle_ms=117.5|monotonic_ms=120|clock_delta_ms=2.5|cl
ock_suspect=0
PMLE_LIVE_REPLAY_TIC|tic=677|mle_ms=162.815|monotonic_ms=160|clock_delta_ms=2.81
5|clock_suspect=0
PMLE_LIVE_REPLAY_TIC|tic=678|mle_ms=104.801|monotonic_ms=110|clock_delta_ms=5.19
9|clock_suspect=0
PMLE_LIVE_REPLAY_TIC|tic=679|mle_ms=99.811|monotonic_ms=100|clock_delta_ms=.189|
clock_suspect=0
PMLE_LIVE_REPLAY_TIC|tic=680|mle_ms=165.078|monotonic_ms=160|clock_delta_ms=5.07
8|clock_suspect=0
PMLE_LIVE_REPLAY_TIC|tic=681|mle_ms=77.855|monotonic_ms=80|clock_delta_ms=2.145|
clock_suspect=0
PMLE_LIVE_REPLAY_TIC|tic=682|mle_ms=256.541|monotonic_ms=250|clock_delta_ms=6.54
1|clock_suspect=0
PMLE_LIVE_REPLAY_TIC|tic=683|mle_ms=126.866|monotonic_ms=130|clock_delta_ms=3.13
4|clock_suspect=0
PMLE_LIVE_REPLAY_TIC|tic=684|mle_ms=74.424|monotonic_ms=80|clock_delta_ms=5.576|
clock_suspect=0
PMLE_LIVE_REPLAY_TIC|tic=685|mle_ms=104.687|monotonic_ms=100|clock_delta_ms=4.68
7|clock_suspect=0
PMLE_LIVE_REPLAY_TIC|tic=686|mle_ms=296.11|monotonic_ms=300|clock_delta_ms=3.89|
clock_suspect=0
PMLE_LIVE_REPLAY_TIC|tic=687|mle_ms=77.587|monotonic_ms=70|clock_delta_ms=7.587|
clock_suspect=0
PMLE_LIVE_REPLAY_TIC|tic=688|mle_ms=102.653|monotonic_ms=110|clock_delta_ms=7.34
7|clock_suspect=0
PMLE_LIVE_REPLAY_TIC|tic=689|mle_ms=192.163|monotonic_ms=190|clock_delta_ms=2.16
3|clock_suspect=0
PMLE_LIVE_REPLAY_TIC|tic=690|mle_ms=88.587|monotonic_ms=90|clock_delta_ms=1.413|
clock_suspect=0
PMLE_LIVE_REPLAY_TIC|tic=691|mle_ms=92.882|monotonic_ms=90|clock_delta_ms=2.882|
clock_suspect=0
PMLE_LIVE_REPLAY_TIC|tic=692|mle_ms=134.766|monotonic_ms=140|clock_delta_ms=5.23
4|clock_suspect=0
PMLE_LIVE_REPLAY_TIC|tic=693|mle_ms=50.527|monotonic_ms=50|clock_delta_ms=.527|c
lock_suspect=0
PMLE_LIVE_REPLAY_TIC|tic=694|mle_ms=118.602|monotonic_ms=120|clock_delta_ms=1.39
8|clock_suspect=0
PMLE_LIVE_REPLAY_TIC|tic=695|mle_ms=84.769|monotonic_ms=80|clock_delta_ms=4.769|
clock_suspect=0
PMLE_LIVE_REPLAY_TIC|tic=696|mle_ms=199.482|monotonic_ms=200|clock_delta_ms=.518
|clock_suspect=0
PMLE_LIVE_REPLAY_TIC|tic=697|mle_ms=104.732|monotonic_ms=100|clock_delta_ms=4.73
2|clock_suspect=0
PMLE_LIVE_REPLAY_TIC|tic=698|mle_ms=131.278|monotonic_ms=140|clock_delta_ms=8.72
2|clock_suspect=0
PMLE_LIVE_REPLAY_TIC|tic=699|mle_ms=44.492|monotonic_ms=40|clock_delta_ms=4.492|
clock_suspect=0
PMLE_LIVE_REPLAY_TIC|tic=700|mle_ms=154.878|monotonic_ms=160|clock_delta_ms=5.12
2|clock_suspect=0
PMLE_LIVE_REPLAY_TIC|tic=701|mle_ms=114.995|monotonic_ms=120|clock_delta_ms=5.00
5|clock_suspect=0
PMLE_LIVE_REPLAY_TIC|tic=702|mle_ms=69.684|monotonic_ms=70|clock_delta_ms=.316|c
lock_suspect=0
PMLE_LIVE_REPLAY_TIC|tic=703|mle_ms=55.78|monotonic_ms=50|clock_delta_ms=5.78|cl
ock_suspect=0
PMLE_LIVE_REPLAY_TIC|tic=704|mle_ms=89.674|monotonic_ms=90|clock_delta_ms=.326|c
lock_suspect=0
PMLE_LIVE_REPLAY_TIC|tic=705|mle_ms=38.65|monotonic_ms=40|clock_delta_ms=1.35|cl
ock_suspect=0
PMLE_LIVE_REPLAY_TIC|tic=706|mle_ms=72.478|monotonic_ms=80|clock_delta_ms=7.522|
clock_suspect=0
PMLE_LIVE_REPLAY_TIC|tic=707|mle_ms=192.674|monotonic_ms=190|clock_delta_ms=2.67
4|clock_suspect=0
PMLE_LIVE_REPLAY_TIC|tic=708|mle_ms=114.155|monotonic_ms=110|clock_delta_ms=4.15
5|clock_suspect=0
PMLE_LIVE_REPLAY_TIC|tic=709|mle_ms=47.371|monotonic_ms=50|clock_delta_ms=2.629|
clock_suspect=0
PMLE_LIVE_REPLAY_TIC|tic=710|mle_ms=87.226|monotonic_ms=90|clock_delta_ms=2.774|
clock_suspect=0
PMLE_LIVE_REPLAY_TIC|tic=711|mle_ms=113.544|monotonic_ms=110|clock_delta_ms=3.54
4|clock_suspect=0
PMLE_LIVE_REPLAY_TIC|tic=712|mle_ms=51.269|monotonic_ms=50|clock_delta_ms=1.269|
clock_suspect=0
PMLE_LIVE_REPLAY_TIC|tic=713|mle_ms=65.957|monotonic_ms=70|clock_delta_ms=4.043|
clock_suspect=0
PMLE_LIVE_REPLAY_TIC|tic=714|mle_ms=66.386|monotonic_ms=60|clock_delta_ms=6.386|
clock_suspect=0
PMLE_LIVE_REPLAY_TIC|tic=715|mle_ms=38.131|monotonic_ms=40|clock_delta_ms=1.869|
clock_suspect=0
PMLE_LIVE_REPLAY_TIC|tic=716|mle_ms=97.533|monotonic_ms=100|clock_delta_ms=2.467
|clock_suspect=0
PMLE_LIVE_REPLAY_TIC|tic=717|mle_ms=63.621|monotonic_ms=60|clock_delta_ms=3.621|
clock_suspect=0
PMLE_LIVE_REPLAY_TIC|tic=718|mle_ms=50.955|monotonic_ms=50|clock_delta_ms=.955|c
lock_suspect=0
PMLE_LIVE_REPLAY_TIC|tic=719|mle_ms=56.136|monotonic_ms=60|clock_delta_ms=3.864|
clock_suspect=0
PMLE_LIVE_REPLAY_TIC|tic=720|mle_ms=70.883|monotonic_ms=70|clock_delta_ms=.883|c
lock_suspect=0
PMLE_LIVE_REPLAY_TIC|tic=721|mle_ms=45.874|monotonic_ms=50|clock_delta_ms=4.126|
clock_suspect=0
PMLE_LIVE_REPLAY_TIC|tic=722|mle_ms=97.803|monotonic_ms=100|clock_delta_ms=2.197
|clock_suspect=0
PMLE_LIVE_REPLAY_TIC|tic=723|mle_ms=97.905|monotonic_ms=90|clock_delta_ms=7.905|
clock_suspect=0
PMLE_LIVE_REPLAY_TIC|tic=724|mle_ms=73.068|monotonic_ms=80|clock_delta_ms=6.932|
clock_suspect=0
PMLE_LIVE_REPLAY_TIC|tic=725|mle_ms=79.777|monotonic_ms=80|clock_delta_ms=.223|c
lock_suspect=0
PMLE_LIVE_REPLAY_TIC|tic=726|mle_ms=115.771|monotonic_ms=110|clock_delta_ms=5.77
1|clock_suspect=0
PMLE_LIVE_REPLAY_TIC|tic=727|mle_ms=64.844|monotonic_ms=70|clock_delta_ms=5.156|
clock_suspect=0
PMLE_LIVE_REPLAY_TIC|tic=728|mle_ms=106.188|monotonic_ms=100|clock_delta_ms=6.18
8|clock_suspect=0
PMLE_LIVE_REPLAY_TIC|tic=729|mle_ms=65.207|monotonic_ms=70|clock_delta_ms=4.793|
clock_suspect=0
PMLE_LIVE_REPLAY_TIC|tic=730|mle_ms=59.813|monotonic_ms=60|clock_delta_ms=.187|c
lock_suspect=0
PMLE_LIVE_REPLAY_TIC|tic=731|mle_ms=57.124|monotonic_ms=60|clock_delta_ms=2.876|
clock_suspect=0
PMLE_LIVE_REPLAY_TIC|tic=732|mle_ms=66.414|monotonic_ms=60|clock_delta_ms=6.414|
clock_suspect=0
PMLE_LIVE_REPLAY_TIC|tic=733|mle_ms=42.984|monotonic_ms=50|clock_delta_ms=7.016|
clock_suspect=0
PMLE_LIVE_REPLAY_TIC|tic=734|mle_ms=94.749|monotonic_ms=90|clock_delta_ms=4.749|
clock_suspect=0
PMLE_LIVE_REPLAY_TIC|tic=735|mle_ms=56.429|monotonic_ms=60|clock_delta_ms=3.571|
clock_suspect=0
PMLE_LIVE_REPLAY_TIC|tic=736|mle_ms=58.435|monotonic_ms=60|clock_delta_ms=1.565|
clock_suspect=0
PMLE_LIVE_REPLAY_TIC|tic=737|mle_ms=62.265|monotonic_ms=60|clock_delta_ms=2.265|
clock_suspect=0
PMLE_LIVE_REPLAY_TIC|tic=738|mle_ms=55.632|monotonic_ms=50|clock_delta_ms=5.632|
clock_suspect=0
PMLE_LIVE_REPLAY_TIC|tic=739|mle_ms=27.144|monotonic_ms=30|clock_delta_ms=2.856|
clock_suspect=0
PMLE_LIVE_REPLAY_TIC|tic=740|mle_ms=54.958|monotonic_ms=60|clock_delta_ms=5.042|
clock_suspect=0
PMLE_LIVE_REPLAY_TIC|tic=741|mle_ms=43.841|monotonic_ms=40|clock_delta_ms=3.841|
clock_suspect=0
PMLE_LIVE_REPLAY_TIC|tic=742|mle_ms=37.247|monotonic_ms=40|clock_delta_ms=2.753|
clock_suspect=0
PMLE_LIVE_REPLAY_TIC|tic=743|mle_ms=58.297|monotonic_ms=60|clock_delta_ms=1.703|
clock_suspect=0
PMLE_LIVE_REPLAY_TIC|tic=744|mle_ms=46.271|monotonic_ms=40|clock_delta_ms=6.271|
clock_suspect=0
PMLE_LIVE_REPLAY_TIC|tic=745|mle_ms=29.102|monotonic_ms=30|clock_delta_ms=.898|c
lock_suspect=0
PMLE_LIVE_REPLAY_TIC|tic=746|mle_ms=71.808|monotonic_ms=70|clock_delta_ms=1.808|
clock_suspect=0
PMLE_LIVE_REPLAY_TIC|tic=747|mle_ms=41.482|monotonic_ms=40|clock_delta_ms=1.482|
clock_suspect=0
PMLE_LIVE_REPLAY_TIC|tic=748|mle_ms=33.928|monotonic_ms=40|clock_delta_ms=6.072|
clock_suspect=0
PMLE_LIVE_REPLAY_TIC|tic=749|mle_ms=43.375|monotonic_ms=40|clock_delta_ms=3.375|
clock_suspect=0
PMLE_LIVE_REPLAY_TIC|tic=750|mle_ms=47.927|monotonic_ms=50|clock_delta_ms=2.073|
clock_suspect=0
PMLE_LIVE_REPLAY_TIC|tic=751|mle_ms=38.694|monotonic_ms=40|clock_delta_ms=1.306|
clock_suspect=0
PMLE_LIVE_REPLAY_TIC|tic=752|mle_ms=49.692|monotonic_ms=50|clock_delta_ms=.308|c
lock_suspect=0
PMLE_LIVE_REPLAY_TIC|tic=753|mle_ms=51.213|monotonic_ms=50|clock_delta_ms=1.213|
clock_suspect=0
PMLE_LIVE_REPLAY_TIC|tic=754|mle_ms=39.483|monotonic_ms=40|clock_delta_ms=.517|c
lock_suspect=0
PMLE_LIVE_REPLAY_TIC|tic=755|mle_ms=46.174|monotonic_ms=50|clock_delta_ms=3.826|
clock_suspect=0
PMLE_LIVE_REPLAY_TIC|tic=756|mle_ms=75.985|monotonic_ms=70|clock_delta_ms=5.985|
clock_suspect=0
PMLE_LIVE_REPLAY_TIC|tic=757|mle_ms=50.905|monotonic_ms=50|clock_delta_ms=.905|c
lock_suspect=0
PMLE_LIVE_REPLAY_TIC|tic=758|mle_ms=49.2|monotonic_ms=50|clock_delta_ms=.8|clock
_suspect=0
PMLE_LIVE_REPLAY_TIC|tic=759|mle_ms=37.815|monotonic_ms=40|clock_delta_ms=2.185|
clock_suspect=0
PMLE_LIVE_REPLAY_TIC|tic=760|mle_ms=56.551|monotonic_ms=60|clock_delta_ms=3.449|
clock_suspect=0
PMLE_LIVE_REPLAY_TIC|tic=761|mle_ms=49.151|monotonic_ms=50|clock_delta_ms=.849|c
lock_suspect=0
PMLE_LIVE_REPLAY_TIC|tic=762|mle_ms=45.421|monotonic_ms=40|clock_delta_ms=5.421|
clock_suspect=0
PMLE_LIVE_REPLAY_TIC|tic=763|mle_ms=82.556|monotonic_ms=80|clock_delta_ms=2.556|
clock_suspect=0
PMLE_LIVE_REPLAY_TIC|tic=764|mle_ms=59.372|monotonic_ms=60|clock_delta_ms=.628|c
lock_suspect=0
PMLE_LIVE_REPLAY_TIC|tic=765|mle_ms=51.551|monotonic_ms=50|clock_delta_ms=1.551|
clock_suspect=0
PMLE_LIVE_REPLAY_TIC|tic=766|mle_ms=81.388|monotonic_ms=90|clock_delta_ms=8.612|
clock_suspect=0
PMLE_LIVE_REPLAY_TIC|tic=767|mle_ms=63.847|monotonic_ms=60|clock_delta_ms=3.847|
clock_suspect=0
PMLE_LIVE_REPLAY_TIC|tic=768|mle_ms=53.022|monotonic_ms=50|clock_delta_ms=3.022|
clock_suspect=0
PMLE_LIVE_REPLAY_TIC|tic=769|mle_ms=45.527|monotonic_ms=50|clock_delta_ms=4.473|
clock_suspect=0
PMLE_LIVE_REPLAY_TIC|tic=770|mle_ms=60.466|monotonic_ms=60|clock_delta_ms=.466|c
lock_suspect=0
PMLE_LIVE_REPLAY_TIC|tic=771|mle_ms=51.884|monotonic_ms=50|clock_delta_ms=1.884|
clock_suspect=0
PMLE_LIVE_REPLAY_TIC|tic=772|mle_ms=52.605|monotonic_ms=50|clock_delta_ms=2.605|
clock_suspect=0
PMLE_LIVE_REPLAY_TIC|tic=773|mle_ms=82.476|monotonic_ms=90|clock_delta_ms=7.524|
clock_suspect=0
PMLE_LIVE_REPLAY_TIC|tic=774|mle_ms=64.689|monotonic_ms=60|clock_delta_ms=4.689|
clock_suspect=0
PMLE_LIVE_REPLAY_TIC|tic=775|mle_ms=50.301|monotonic_ms=50|clock_delta_ms=.301|c
lock_suspect=0
PMLE_LIVE_REPLAY_TIC|tic=776|mle_ms=79.846|monotonic_ms=80|clock_delta_ms=.154|c
lock_suspect=0
PMLE_LIVE_REPLAY_TIC|tic=777|mle_ms=105.845|monotonic_ms=110|clock_delta_ms=4.15
5|clock_suspect=0
PMLE_LIVE_REPLAY_TIC|tic=778|mle_ms=65.073|monotonic_ms=60|clock_delta_ms=5.073|
clock_suspect=0
PMLE_LIVE_REPLAY_TIC|tic=779|mle_ms=67.035|monotonic_ms=70|clock_delta_ms=2.965|
clock_suspect=0
PMLE_LIVE_REPLAY_TIC|tic=780|mle_ms=72.614|monotonic_ms=70|clock_delta_ms=2.614|
clock_suspect=0
PMLE_LIVE_REPLAY_TIC|tic=781|mle_ms=55.32|monotonic_ms=60|clock_delta_ms=4.68|cl
ock_suspect=0
PMLE_LIVE_REPLAY_TIC|tic=782|mle_ms=57.298|monotonic_ms=60|clock_delta_ms=2.702|
clock_suspect=0
PMLE_LIVE_REPLAY_TIC|tic=783|mle_ms=60.125|monotonic_ms=60|clock_delta_ms=.125|c
lock_suspect=0
PMLE_LIVE_REPLAY_TIC|tic=784|mle_ms=45.978|monotonic_ms=40|clock_delta_ms=5.978|
clock_suspect=0
PMLE_LIVE_REPLAY_TIC|tic=785|mle_ms=64.874|monotonic_ms=70|clock_delta_ms=5.126|
clock_suspect=0
PMLE_LIVE_REPLAY_TIC|tic=786|mle_ms=72.816|monotonic_ms=70|clock_delta_ms=2.816|
clock_suspect=0
PMLE_LIVE_REPLAY_TIC|tic=787|mle_ms=56.496|monotonic_ms=60|clock_delta_ms=3.504|
clock_suspect=0
PMLE_LIVE_REPLAY_TIC|tic=788|mle_ms=82.462|monotonic_ms=80|clock_delta_ms=2.462|
clock_suspect=0
PMLE_LIVE_REPLAY_TIC|tic=789|mle_ms=76.694|monotonic_ms=80|clock_delta_ms=3.306|
clock_suspect=0
PMLE_LIVE_REPLAY_TIC|tic=790|mle_ms=63.951|monotonic_ms=60|clock_delta_ms=3.951|
clock_suspect=0
PMLE_LIVE_REPLAY_TIC|tic=791|mle_ms=55.752|monotonic_ms=60|clock_delta_ms=4.248|
clock_suspect=0
PMLE_LIVE_REPLAY_TIC|tic=792|mle_ms=46.398|monotonic_ms=40|clock_delta_ms=6.398|
clock_suspect=0
PMLE_LIVE_REPLAY_TIC|tic=793|mle_ms=59.511|monotonic_ms=60|clock_delta_ms=.489|c
lock_suspect=0
PMLE_LIVE_REPLAY_TIC|tic=794|mle_ms=70.555|monotonic_ms=70|clock_delta_ms=.555|c
lock_suspect=0
PMLE_LIVE_REPLAY_TIC|tic=795|mle_ms=43.706|monotonic_ms=50|clock_delta_ms=6.294|
clock_suspect=0
PMLE_LIVE_REPLAY_TIC|tic=796|mle_ms=59.384|monotonic_ms=60|clock_delta_ms=.616|c
lock_suspect=0
PMLE_LIVE_REPLAY_TIC|tic=797|mle_ms=62.095|monotonic_ms=60|clock_delta_ms=2.095|
clock_suspect=0
PMLE_LIVE_REPLAY_TIC|tic=798|mle_ms=47.251|monotonic_ms=40|clock_delta_ms=7.251|
clock_suspect=0
PMLE_LIVE_REPLAY_TIC|tic=799|mle_ms=40.562|monotonic_ms=50|clock_delta_ms=9.438|
clock_suspect=0
PMLE_LIVE_REPLAY_TIC|tic=800|mle_ms=67.603|monotonic_ms=60|clock_delta_ms=7.603|
clock_suspect=0
PMLE_LIVE_REPLAY_TIC|tic=801|mle_ms=45.783|monotonic_ms=50|clock_delta_ms=4.217|
clock_suspect=0
PMLE_LIVE_REPLAY_TIC|tic=802|mle_ms=40.607|monotonic_ms=40|clock_delta_ms=.607|c
lock_suspect=0
PMLE_LIVE_REPLAY_TIC|tic=803|mle_ms=48.347|monotonic_ms=50|clock_delta_ms=1.653|
clock_suspect=0
PMLE_LIVE_REPLAY_TIC|tic=804|mle_ms=53.577|monotonic_ms=50|clock_delta_ms=3.577|
clock_suspect=0
PMLE_LIVE_REPLAY_TIC|tic=805|mle_ms=33.77|monotonic_ms=40|clock_delta_ms=6.23|cl
ock_suspect=0
PMLE_LIVE_REPLAY_TIC|tic=806|mle_ms=71.446|monotonic_ms=70|clock_delta_ms=1.446|
clock_suspect=0
PMLE_LIVE_REPLAY_TIC|tic=807|mle_ms=60.615|monotonic_ms=60|clock_delta_ms=.615|c
lock_suspect=0
PMLE_LIVE_REPLAY_TIC|tic=808|mle_ms=45.13|monotonic_ms=40|clock_delta_ms=5.13|cl
ock_suspect=0
PMLE_LIVE_REPLAY_TIC|tic=809|mle_ms=44.743|monotonic_ms=50|clock_delta_ms=5.257|
clock_suspect=0
PMLE_LIVE_REPLAY_TIC|tic=810|mle_ms=43.874|monotonic_ms=40|clock_delta_ms=3.874|
clock_suspect=0
PMLE_LIVE_REPLAY_TIC|tic=811|mle_ms=32.979|monotonic_ms=30|clock_delta_ms=2.979|
clock_suspect=0
PMLE_LIVE_REPLAY_TIC|tic=812|mle_ms=59.753|monotonic_ms=60|clock_delta_ms=.247|c
lock_suspect=0
PMLE_LIVE_REPLAY_TIC|tic=813|mle_ms=41.363|monotonic_ms=50|clock_delta_ms=8.637|
clock_suspect=0
PMLE_LIVE_REPLAY_TIC|tic=814|mle_ms=39.191|monotonic_ms=40|clock_delta_ms=.809|c
lock_suspect=0
PMLE_LIVE_REPLAY_TIC|tic=815|mle_ms=41.972|monotonic_ms=40|clock_delta_ms=1.972|
clock_suspect=0
PMLE_LIVE_REPLAY_TIC|tic=816|mle_ms=57.629|monotonic_ms=60|clock_delta_ms=2.371|
clock_suspect=0
PMLE_LIVE_REPLAY_TIC|tic=817|mle_ms=42.73|monotonic_ms=40|clock_delta_ms=2.73|cl
ock_suspect=0
PMLE_LIVE_REPLAY_TIC|tic=818|mle_ms=58.339|monotonic_ms=60|clock_delta_ms=1.661|
clock_suspect=0
PMLE_LIVE_REPLAY_TIC|tic=819|mle_ms=50.6|monotonic_ms=50|clock_delta_ms=.6|clock
_suspect=0
PMLE_LIVE_REPLAY_TIC|tic=820|mle_ms=43.889|monotonic_ms=40|clock_delta_ms=3.889|
clock_suspect=0
PMLE_LIVE_REPLAY_TIC|tic=821|mle_ms=61.02|monotonic_ms=60|clock_delta_ms=1.02|cl
ock_suspect=0
PMLE_LIVE_REPLAY_TIC|tic=822|mle_ms=45.087|monotonic_ms=50|clock_delta_ms=4.913|
clock_suspect=0
PMLE_LIVE_REPLAY_TIC|tic=823|mle_ms=42.66|monotonic_ms=40|clock_delta_ms=2.66|cl
ock_suspect=0
PMLE_LIVE_REPLAY_TIC|tic=824|mle_ms=53.009|monotonic_ms=50|clock_delta_ms=3.009|
clock_suspect=0
PMLE_LIVE_REPLAY_TIC|tic=825|mle_ms=50.301|monotonic_ms=50|clock_delta_ms=.301|c
lock_suspect=0
PMLE_LIVE_REPLAY_TIC|tic=826|mle_ms=50.821|monotonic_ms=50|clock_delta_ms=.821|c
lock_suspect=0
PMLE_LIVE_REPLAY_TIC|tic=827|mle_ms=38.057|monotonic_ms=40|clock_delta_ms=1.943|
clock_suspect=0
PMLE_LIVE_REPLAY_TIC|tic=828|mle_ms=45.742|monotonic_ms=50|clock_delta_ms=4.258|
clock_suspect=0
PMLE_LIVE_REPLAY_TIC|tic=829|mle_ms=31.381|monotonic_ms=30|clock_delta_ms=1.381|
clock_suspect=0
PMLE_LIVE_REPLAY_TIC|tic=830|mle_ms=36.615|monotonic_ms=40|clock_delta_ms=3.385|
clock_suspect=0
PMLE_LIVE_REPLAY_TIC|tic=831|mle_ms=42.034|monotonic_ms=40|clock_delta_ms=2.034|
clock_suspect=0
PMLE_LIVE_REPLAY_TIC|tic=832|mle_ms=29.952|monotonic_ms=30|clock_delta_ms=.048|c
lock_suspect=0
PMLE_LIVE_REPLAY_TIC|tic=833|mle_ms=37.149|monotonic_ms=40|clock_delta_ms=2.851|
clock_suspect=0
PMLE_LIVE_REPLAY_TIC|tic=834|mle_ms=46.65|monotonic_ms=40|clock_delta_ms=6.65|cl
ock_suspect=0
PMLE_LIVE_REPLAY_TIC|tic=835|mle_ms=38.046|monotonic_ms=40|clock_delta_ms=1.954|
clock_suspect=0
PMLE_LIVE_REPLAY_TIC|tic=836|mle_ms=53.848|monotonic_ms=50|clock_delta_ms=3.848|
clock_suspect=0
PMLE_LIVE_REPLAY_TIC|tic=837|mle_ms=55.048|monotonic_ms=60|clock_delta_ms=4.952|
clock_suspect=0
PMLE_LIVE_REPLAY_TIC|tic=838|mle_ms=42.326|monotonic_ms=40|clock_delta_ms=2.326|
clock_suspect=0
PMLE_LIVE_REPLAY_TIC|tic=839|mle_ms=48.669|monotonic_ms=50|clock_delta_ms=1.331|
clock_suspect=0
PMLE_LIVE_REPLAY_TIC|tic=840|mle_ms=73.947|monotonic_ms=80|clock_delta_ms=6.053|
clock_suspect=0
PMLE_LIVE_REPLAY_TIC|tic=841|mle_ms=85.852|monotonic_ms=80|clock_delta_ms=5.852|
clock_suspect=0
PMLE_LIVE_REPLAY_TIC|tic=842|mle_ms=67.385|monotonic_ms=70|clock_delta_ms=2.615|
clock_suspect=0
PMLE_LIVE_REPLAY_TIC|tic=843|mle_ms=122.917|monotonic_ms=120|clock_delta_ms=2.91
7|clock_suspect=0
PMLE_LIVE_REPLAY_TIC|tic=844|mle_ms=54.307|monotonic_ms=60|clock_delta_ms=5.693|
clock_suspect=0
PMLE_LIVE_REPLAY_TIC|tic=845|mle_ms=48.888|monotonic_ms=40|clock_delta_ms=8.888|
clock_suspect=0
PMLE_LIVE_REPLAY_TIC|tic=846|mle_ms=115.154|monotonic_ms=120|clock_delta_ms=4.84
6|clock_suspect=0
PMLE_LIVE_REPLAY_TIC|tic=847|mle_ms=51.158|monotonic_ms=50|clock_delta_ms=1.158|
clock_suspect=0
PMLE_LIVE_REPLAY_TIC|tic=848|mle_ms=54.775|monotonic_ms=60|clock_delta_ms=5.225|
clock_suspect=0
PMLE_LIVE_REPLAY_TIC|tic=849|mle_ms=72.508|monotonic_ms=70|clock_delta_ms=2.508|
clock_suspect=0
PMLE_LIVE_REPLAY_TIC|tic=850|mle_ms=45.691|monotonic_ms=40|clock_delta_ms=5.691|
clock_suspect=0
PMLE_LIVE_REPLAY_TIC|tic=851|mle_ms=89.331|monotonic_ms=90|clock_delta_ms=.669|c
lock_suspect=0
PMLE_LIVE_REPLAY_TIC|tic=852|mle_ms=112.21|monotonic_ms=120|clock_delta_ms=7.79|
clock_suspect=0
PMLE_LIVE_REPLAY_TIC|tic=853|mle_ms=99.865|monotonic_ms=100|clock_delta_ms=.135|
clock_suspect=0
PMLE_LIVE_REPLAY_TIC|tic=854|mle_ms=61.117|monotonic_ms=60|clock_delta_ms=1.117|
clock_suspect=0
PMLE_LIVE_REPLAY_TIC|tic=855|mle_ms=66.301|monotonic_ms=60|clock_delta_ms=6.301|
clock_suspect=0
PMLE_LIVE_REPLAY_TIC|tic=856|mle_ms=71.361|monotonic_ms=80|clock_delta_ms=8.639|
clock_suspect=0
PMLE_LIVE_REPLAY_TIC|tic=857|mle_ms=63.111|monotonic_ms=60|clock_delta_ms=3.111|
clock_suspect=0
PMLE_LIVE_REPLAY_TIC|tic=858|mle_ms=71.809|monotonic_ms=70|clock_delta_ms=1.809|
clock_suspect=0
PMLE_LIVE_REPLAY_TIC|tic=859|mle_ms=43.025|monotonic_ms=40|clock_delta_ms=3.025|
clock_suspect=0
PMLE_LIVE_REPLAY_TIC|tic=860|mle_ms=64.461|monotonic_ms=70|clock_delta_ms=5.539|
clock_suspect=0
PMLE_LIVE_REPLAY_TIC|tic=861|mle_ms=97.135|monotonic_ms=100|clock_delta_ms=2.865
|clock_suspect=0
PMLE_LIVE_REPLAY_TIC|tic=862|mle_ms=38.805|monotonic_ms=30|clock_delta_ms=8.805|
clock_suspect=0
PMLE_LIVE_REPLAY_TIC|tic=863|mle_ms=119.897|monotonic_ms=120|clock_delta_ms=.103
|clock_suspect=0
PMLE_LIVE_REPLAY_TIC|tic=864|mle_ms=79.464|monotonic_ms=80|clock_delta_ms=.536|c
lock_suspect=0
PMLE_LIVE_REPLAY_TIC|tic=865|mle_ms=44.835|monotonic_ms=50|clock_delta_ms=5.165|
clock_suspect=0
PMLE_LIVE_REPLAY_TIC|tic=866|mle_ms=92.445|monotonic_ms=90|clock_delta_ms=2.445|
clock_suspect=0
PMLE_LIVE_REPLAY_TIC|tic=867|mle_ms=81.284|monotonic_ms=80|clock_delta_ms=1.284|
clock_suspect=0
PMLE_LIVE_REPLAY_TIC|tic=868|mle_ms=38.179|monotonic_ms=40|clock_delta_ms=1.821|
clock_suspect=0
PMLE_LIVE_REPLAY_TIC|tic=869|mle_ms=54.331|monotonic_ms=50|clock_delta_ms=4.331|
clock_suspect=0
PMLE_LIVE_REPLAY_TIC|tic=870|mle_ms=87.813|monotonic_ms=90|clock_delta_ms=2.187|
clock_suspect=0
PMLE_LIVE_REPLAY_TIC|tic=871|mle_ms=63.9|monotonic_ms=70|clock_delta_ms=6.1|cloc
k_suspect=0
PMLE_LIVE_REPLAY_TIC|tic=872|mle_ms=49.021|monotonic_ms=50|clock_delta_ms=.979|c
lock_suspect=0
PMLE_LIVE_REPLAY_TIC|tic=873|mle_ms=185.48|monotonic_ms=180|clock_delta_ms=5.48|
clock_suspect=0
PMLE_LIVE_REPLAY_TIC|tic=874|mle_ms=42.647|monotonic_ms=40|clock_delta_ms=2.647|
clock_suspect=0
PMLE_LIVE_REPLAY_TIC|tic=875|mle_ms=51.257|monotonic_ms=60|clock_delta_ms=8.743|
clock_suspect=0
PMLE_LIVE_REPLAY_TIC|tic=876|mle_ms=119.697|monotonic_ms=120|clock_delta_ms=.303
|clock_suspect=0
PMLE_LIVE_REPLAY_TIC|tic=877|mle_ms=42.94|monotonic_ms=40|clock_delta_ms=2.94|cl
ock_suspect=0
PMLE_LIVE_REPLAY_TIC|tic=878|mle_ms=45.101|monotonic_ms=40|clock_delta_ms=5.101|
clock_suspect=0
PMLE_LIVE_REPLAY_TIC|tic=879|mle_ms=76.932|monotonic_ms=80|clock_delta_ms=3.068|
clock_suspect=0
PMLE_LIVE_REPLAY_TIC|tic=880|mle_ms=47.655|monotonic_ms=50|clock_delta_ms=2.345|
clock_suspect=0
PMLE_LIVE_REPLAY_TIC|tic=881|mle_ms=82.213|monotonic_ms=80|clock_delta_ms=2.213|
clock_suspect=0
PMLE_LIVE_REPLAY_TIC|tic=882|mle_ms=81|monotonic_ms=80|clock_delta_ms=1|clock_su
spect=0
PMLE_LIVE_REPLAY_TIC|tic=883|mle_ms=102.555|monotonic_ms=100|clock_delta_ms=2.55
5|clock_suspect=0
PMLE_LIVE_REPLAY_TIC|tic=884|mle_ms=64.438|monotonic_ms=70|clock_delta_ms=5.562|
clock_suspect=0
PMLE_LIVE_REPLAY_TIC|tic=885|mle_ms=76.371|monotonic_ms=80|clock_delta_ms=3.629|
clock_suspect=0
PMLE_LIVE_REPLAY_TIC|tic=886|mle_ms=72.949|monotonic_ms=70|clock_delta_ms=2.949|
clock_suspect=0
PMLE_LIVE_REPLAY_TIC|tic=887|mle_ms=63.084|monotonic_ms=60|clock_delta_ms=3.084|
clock_suspect=0
PMLE_LIVE_REPLAY_TIC|tic=888|mle_ms=70.669|monotonic_ms=70|clock_delta_ms=.669|c
lock_suspect=0
PMLE_LIVE_REPLAY_TIC|tic=889|mle_ms=30.467|monotonic_ms=30|clock_delta_ms=.467|c
lock_suspect=0
PMLE_LIVE_REPLAY_TIC|tic=890|mle_ms=54.346|monotonic_ms=60|clock_delta_ms=5.654|
clock_suspect=0
PMLE_LIVE_REPLAY_TIC|tic=891|mle_ms=97.893|monotonic_ms=100|clock_delta_ms=2.107
|clock_suspect=0
PMLE_LIVE_REPLAY_TIC|tic=892|mle_ms=27.9|monotonic_ms=20|clock_delta_ms=7.9|cloc
k_suspect=0
PMLE_LIVE_REPLAY_TIC|tic=893|mle_ms=76.995|monotonic_ms=80|clock_delta_ms=3.005|
clock_suspect=0
PMLE_LIVE_REPLAY_TIC|tic=894|mle_ms=60.996|monotonic_ms=60|clock_delta_ms=.996|c
lock_suspect=0
PMLE_LIVE_REPLAY_TIC|tic=895|mle_ms=34.624|monotonic_ms=40|clock_delta_ms=5.376|
clock_suspect=0
PMLE_LIVE_REPLAY_TIC|tic=896|mle_ms=89.275|monotonic_ms=90|clock_delta_ms=.725|c
lock_suspect=0
PMLE_LIVE_REPLAY_TIC|tic=897|mle_ms=59.087|monotonic_ms=50|clock_delta_ms=9.087|
clock_suspect=0
PMLE_LIVE_REPLAY_TIC|tic=898|mle_ms=37.255|monotonic_ms=40|clock_delta_ms=2.745|
clock_suspect=0
PMLE_LIVE_REPLAY_TIC|tic=899|mle_ms=35.582|monotonic_ms=40|clock_delta_ms=4.418|
clock_suspect=0
PMLE_LIVE_REPLAY_TIC|tic=900|mle_ms=55.78|monotonic_ms=50|clock_delta_ms=5.78|cl
ock_suspect=0
PMLE_LIVE_REPLAY_TIC|tic=901|mle_ms=81.083|monotonic_ms=80|clock_delta_ms=1.083|
clock_suspect=0
PMLE_LIVE_REPLAY_TIC|tic=902|mle_ms=41.265|monotonic_ms=50|clock_delta_ms=8.735|
clock_suspect=0
PMLE_LIVE_REPLAY_TIC|tic=903|mle_ms=82.689|monotonic_ms=80|clock_delta_ms=2.689|
clock_suspect=0
PMLE_LIVE_REPLAY_TIC|tic=904|mle_ms=55.91|monotonic_ms=50|clock_delta_ms=5.91|cl
ock_suspect=0
PMLE_LIVE_REPLAY_TIC|tic=905|mle_ms=38.575|monotonic_ms=40|clock_delta_ms=1.425|
clock_suspect=0
PMLE_LIVE_REPLAY_TIC|tic=906|mle_ms=102.082|monotonic_ms=100|clock_delta_ms=2.08
2|clock_suspect=0
PMLE_LIVE_REPLAY_TIC|tic=907|mle_ms=59.58|monotonic_ms=60|clock_delta_ms=.42|clo
ck_suspect=0
PMLE_LIVE_REPLAY_TIC|tic=908|mle_ms=48.972|monotonic_ms=50|clock_delta_ms=1.028|
clock_suspect=0
PMLE_LIVE_REPLAY_TIC|tic=909|mle_ms=53.941|monotonic_ms=60|clock_delta_ms=6.059|
clock_suspect=0
PMLE_LIVE_REPLAY_TIC|tic=910|mle_ms=42.672|monotonic_ms=40|clock_delta_ms=2.672|
clock_suspect=0
PMLE_LIVE_REPLAY_TIC|tic=911|mle_ms=70.038|monotonic_ms=70|clock_delta_ms=.038|c
lock_suspect=0
PMLE_LIVE_REPLAY_TIC|tic=912|mle_ms=57.473|monotonic_ms=60|clock_delta_ms=2.527|
clock_suspect=0
PMLE_LIVE_REPLAY_TIC|tic=913|mle_ms=52.715|monotonic_ms=50|clock_delta_ms=2.715|
clock_suspect=0
PMLE_LIVE_REPLAY_TIC|tic=914|mle_ms=44.648|monotonic_ms=50|clock_delta_ms=5.352|
clock_suspect=0
PMLE_LIVE_REPLAY_TIC|tic=915|mle_ms=44.81|monotonic_ms=40|clock_delta_ms=4.81|cl
ock_suspect=0
PMLE_LIVE_REPLAY_TIC|tic=916|mle_ms=98.361|monotonic_ms=100|clock_delta_ms=1.639
|clock_suspect=0
PMLE_LIVE_REPLAY_TIC|tic=917|mle_ms=37.922|monotonic_ms=40|clock_delta_ms=2.078|
clock_suspect=0
PMLE_LIVE_REPLAY_TIC|tic=918|mle_ms=61.633|monotonic_ms=60|clock_delta_ms=1.633|
clock_suspect=0
PMLE_LIVE_REPLAY_TIC|tic=919|mle_ms=62.41|monotonic_ms=60|clock_delta_ms=2.41|cl
ock_suspect=0
PMLE_LIVE_REPLAY_TIC|tic=920|mle_ms=48.362|monotonic_ms=50|clock_delta_ms=1.638|
clock_suspect=0
PMLE_LIVE_REPLAY_TIC|tic=921|mle_ms=77.778|monotonic_ms=80|clock_delta_ms=2.222|
clock_suspect=0
PMLE_LIVE_REPLAY_TIC|tic=922|mle_ms=75.78|monotonic_ms=70|clock_delta_ms=5.78|cl
ock_suspect=0
PMLE_LIVE_REPLAY_TIC|tic=923|mle_ms=56.833|monotonic_ms=60|clock_delta_ms=3.167|
clock_suspect=0
PMLE_LIVE_REPLAY_TIC|tic=924|mle_ms=47.249|monotonic_ms=50|clock_delta_ms=2.751|
clock_suspect=0
PMLE_LIVE_REPLAY_TIC|tic=925|mle_ms=78.029|monotonic_ms=80|clock_delta_ms=1.971|
clock_suspect=0
PMLE_LIVE_REPLAY_TIC|tic=926|mle_ms=67.354|monotonic_ms=60|clock_delta_ms=7.354|
clock_suspect=0
PMLE_LIVE_REPLAY_TIC|tic=927|mle_ms=42.166|monotonic_ms=50|clock_delta_ms=7.834|
clock_suspect=0
PMLE_LIVE_REPLAY_TIC|tic=928|mle_ms=95.501|monotonic_ms=90|clock_delta_ms=5.501|
clock_suspect=0
PMLE_LIVE_REPLAY_TIC|tic=929|mle_ms=34.01|monotonic_ms=30|clock_delta_ms=4.01|cl
ock_suspect=0
PMLE_LIVE_REPLAY_TIC|tic=930|mle_ms=41.229|monotonic_ms=50|clock_delta_ms=8.771|
clock_suspect=0
PMLE_LIVE_REPLAY_TIC|tic=931|mle_ms=86.398|monotonic_ms=80|clock_delta_ms=6.398|
clock_suspect=0
PMLE_LIVE_REPLAY_TIC|tic=932|mle_ms=38.508|monotonic_ms=40|clock_delta_ms=1.492|
clock_suspect=0
PMLE_LIVE_REPLAY_TIC|tic=933|mle_ms=49.472|monotonic_ms=50|clock_delta_ms=.528|c
lock_suspect=0
PMLE_LIVE_REPLAY_TIC|tic=934|mle_ms=102.608|monotonic_ms=100|clock_delta_ms=2.60
8|clock_suspect=0
PMLE_LIVE_REPLAY_TIC|tic=935|mle_ms=29.121|monotonic_ms=30|clock_delta_ms=.879|c
lock_suspect=0
PMLE_LIVE_REPLAY_TIC|tic=936|mle_ms=85.107|monotonic_ms=90|clock_delta_ms=4.893|
clock_suspect=0
PMLE_LIVE_REPLAY_TIC|tic=937|mle_ms=84.904|monotonic_ms=80|clock_delta_ms=4.904|
clock_suspect=0
PMLE_LIVE_REPLAY_TIC|tic=938|mle_ms=38.014|monotonic_ms=40|clock_delta_ms=1.986|
clock_suspect=0
PMLE_LIVE_REPLAY_TIC|tic=939|mle_ms=33.012|monotonic_ms=30|clock_delta_ms=3.012|
clock_suspect=0
PMLE_LIVE_REPLAY_TIC|tic=940|mle_ms=95.899|monotonic_ms=100|clock_delta_ms=4.101
|clock_suspect=0
PMLE_LIVE_REPLAY_TIC|tic=941|mle_ms=38.932|monotonic_ms=40|clock_delta_ms=1.068|
clock_suspect=0
PMLE_LIVE_REPLAY_TIC|tic=942|mle_ms=36.199|monotonic_ms=40|clock_delta_ms=3.801|
clock_suspect=0
PMLE_LIVE_REPLAY_TIC|tic=943|mle_ms=98.532|monotonic_ms=90|clock_delta_ms=8.532|
clock_suspect=0
PMLE_LIVE_REPLAY_TIC|tic=944|mle_ms=55.184|monotonic_ms=60|clock_delta_ms=4.816|
clock_suspect=0
PMLE_LIVE_REPLAY_TIC|tic=945|mle_ms=52.958|monotonic_ms=50|clock_delta_ms=2.958|
clock_suspect=0
PMLE_LIVE_REPLAY_TIC|tic=946|mle_ms=155.361|monotonic_ms=160|clock_delta_ms=4.63
9|clock_suspect=0
PMLE_LIVE_REPLAY_TIC|tic=947|mle_ms=33.147|monotonic_ms=30|clock_delta_ms=3.147|
clock_suspect=0
PMLE_LIVE_REPLAY_TIC|tic=948|mle_ms=43.947|monotonic_ms=40|clock_delta_ms=3.947|
clock_suspect=0
PMLE_LIVE_REPLAY_TIC|tic=949|mle_ms=109.595|monotonic_ms=110|clock_delta_ms=.405
|clock_suspect=0
PMLE_LIVE_REPLAY_TIC|tic=950|mle_ms=48.145|monotonic_ms=50|clock_delta_ms=1.855|
clock_suspect=0
PMLE_LIVE_REPLAY_TIC|tic=951|mle_ms=39.719|monotonic_ms=40|clock_delta_ms=.281|c
lock_suspect=0
PMLE_LIVE_REPLAY_TIC|tic=952|mle_ms=147.641|monotonic_ms=150|clock_delta_ms=2.35
9|clock_suspect=0
PMLE_LIVE_REPLAY_TIC|tic=953|mle_ms=56.683|monotonic_ms=60|clock_delta_ms=3.317|
clock_suspect=0
PMLE_LIVE_REPLAY_TIC|tic=954|mle_ms=48.003|monotonic_ms=50|clock_delta_ms=1.997|
clock_suspect=0
PMLE_LIVE_REPLAY_TIC|tic=955|mle_ms=42.933|monotonic_ms=40|clock_delta_ms=2.933|
clock_suspect=0
PMLE_LIVE_REPLAY_TIC|tic=956|mle_ms=86.422|monotonic_ms=80|clock_delta_ms=6.422|
clock_suspect=0
PMLE_LIVE_REPLAY_TIC|tic=957|mle_ms=74.37|monotonic_ms=80|clock_delta_ms=5.63|cl
ock_suspect=0
PMLE_LIVE_REPLAY_TIC|tic=958|mle_ms=71.108|monotonic_ms=70|clock_delta_ms=1.108|
clock_suspect=0
PMLE_LIVE_REPLAY_TIC|tic=959|mle_ms=66.629|monotonic_ms=70|clock_delta_ms=3.371|
clock_suspect=0
PMLE_LIVE_REPLAY_TIC|tic=960|mle_ms=75.23|monotonic_ms=70|clock_delta_ms=5.23|cl
ock_suspect=0
PMLE_LIVE_REPLAY_TIC|tic=961|mle_ms=80.043|monotonic_ms=80|clock_delta_ms=.043|c
lock_suspect=0
PMLE_LIVE_REPLAY_TIC|tic=962|mle_ms=46.666|monotonic_ms=50|clock_delta_ms=3.334|
clock_suspect=0
PMLE_LIVE_REPLAY_TIC|tic=963|mle_ms=57.57|monotonic_ms=60|clock_delta_ms=2.43|cl
ock_suspect=0
PMLE_LIVE_REPLAY_TIC|tic=964|mle_ms=64.38|monotonic_ms=60|clock_delta_ms=4.38|cl
ock_suspect=0
PMLE_LIVE_REPLAY_TIC|tic=965|mle_ms=38.224|monotonic_ms=40|clock_delta_ms=1.776|
clock_suspect=0
PMLE_LIVE_REPLAY_TIC|tic=966|mle_ms=87.755|monotonic_ms=90|clock_delta_ms=2.245|
clock_suspect=0
PMLE_LIVE_REPLAY_TIC|tic=967|mle_ms=62.006|monotonic_ms=60|clock_delta_ms=2.006|
clock_suspect=0
PMLE_LIVE_REPLAY_TIC|tic=968|mle_ms=35.028|monotonic_ms=30|clock_delta_ms=5.028|
clock_suspect=0
PMLE_LIVE_REPLAY_TIC|tic=969|mle_ms=65.051|monotonic_ms=70|clock_delta_ms=4.949|
clock_suspect=0
PMLE_LIVE_REPLAY_TIC|tic=970|mle_ms=77.798|monotonic_ms=80|clock_delta_ms=2.202|
clock_suspect=0
PMLE_LIVE_REPLAY_TIC|tic=971|mle_ms=40.889|monotonic_ms=40|clock_delta_ms=.889|c
lock_suspect=0
PMLE_LIVE_REPLAY_TIC|tic=972|mle_ms=38.04|monotonic_ms=40|clock_delta_ms=1.96|cl
ock_suspect=0
PMLE_LIVE_REPLAY_TIC|tic=973|mle_ms=61.429|monotonic_ms=60|clock_delta_ms=1.429|
clock_suspect=0
PMLE_LIVE_REPLAY_TIC|tic=974|mle_ms=38.782|monotonic_ms=40|clock_delta_ms=1.218|
clock_suspect=0
PMLE_LIVE_REPLAY_TIC|tic=975|mle_ms=42.728|monotonic_ms=40|clock_delta_ms=2.728|
clock_suspect=0
PMLE_LIVE_REPLAY_TIC|tic=976|mle_ms=81.052|monotonic_ms=80|clock_delta_ms=1.052|
clock_suspect=0
PMLE_LIVE_REPLAY_TIC|tic=977|mle_ms=31.511|monotonic_ms=30|clock_delta_ms=1.511|
clock_suspect=0
PMLE_LIVE_REPLAY_TIC|tic=978|mle_ms=39.475|monotonic_ms=40|clock_delta_ms=.525|c
lock_suspect=0
PMLE_LIVE_REPLAY_TIC|tic=979|mle_ms=52.935|monotonic_ms=60|clock_delta_ms=7.065|
clock_suspect=0
PMLE_LIVE_REPLAY_TIC|tic=980|mle_ms=33.553|monotonic_ms=30|clock_delta_ms=3.553|
clock_suspect=0
PMLE_LIVE_REPLAY_TIC|tic=981|mle_ms=50.119|monotonic_ms=50|clock_delta_ms=.119|c
lock_suspect=0
PMLE_LIVE_REPLAY_TIC|tic=982|mle_ms=56.674|monotonic_ms=60|clock_delta_ms=3.326|
clock_suspect=0
PMLE_LIVE_REPLAY_TIC|tic=983|mle_ms=39.466|monotonic_ms=40|clock_delta_ms=.534|c
lock_suspect=0
PMLE_LIVE_REPLAY_TIC|tic=984|mle_ms=45.814|monotonic_ms=40|clock_delta_ms=5.814|
clock_suspect=0
PMLE_LIVE_REPLAY_TIC|tic=985|mle_ms=38.521|monotonic_ms=40|clock_delta_ms=1.479|
clock_suspect=0
PMLE_LIVE_REPLAY_TIC|tic=986|mle_ms=71.585|monotonic_ms=70|clock_delta_ms=1.585|
clock_suspect=0
PMLE_LIVE_REPLAY_TIC|tic=987|mle_ms=65.6|monotonic_ms=70|clock_delta_ms=4.4|cloc
k_suspect=0
PMLE_LIVE_REPLAY_TIC|tic=988|mle_ms=43.599|monotonic_ms=40|clock_delta_ms=3.599|
clock_suspect=0
PMLE_LIVE_REPLAY_TIC|tic=989|mle_ms=28.188|monotonic_ms=30|clock_delta_ms=1.812|
clock_suspect=0
PMLE_LIVE_REPLAY_TIC|tic=990|mle_ms=65.727|monotonic_ms=60|clock_delta_ms=5.727|
clock_suspect=0
PMLE_LIVE_REPLAY_TIC|tic=991|mle_ms=58.84|monotonic_ms=60|clock_delta_ms=1.16|cl
ock_suspect=0
PMLE_LIVE_REPLAY_TIC|tic=992|mle_ms=34.065|monotonic_ms=40|clock_delta_ms=5.935|
clock_suspect=0
PMLE_LIVE_REPLAY_TIC|tic=993|mle_ms=78.501|monotonic_ms=80|clock_delta_ms=1.499|
clock_suspect=0
PMLE_LIVE_REPLAY_TIC|tic=994|mle_ms=54.28|monotonic_ms=50|clock_delta_ms=4.28|cl
ock_suspect=0
PMLE_LIVE_REPLAY_TIC|tic=995|mle_ms=34.799|monotonic_ms=40|clock_delta_ms=5.201|
clock_suspect=0
PMLE_LIVE_REPLAY_TIC|tic=996|mle_ms=100.894|monotonic_ms=100|clock_delta_ms=.894
|clock_suspect=0
PMLE_LIVE_REPLAY_TIC|tic=997|mle_ms=60.883|monotonic_ms=60|clock_delta_ms=.883|c
lock_suspect=0
PMLE_LIVE_REPLAY_TIC|tic=998|mle_ms=34.231|monotonic_ms=30|clock_delta_ms=4.231|
clock_suspect=0
PMLE_LIVE_REPLAY_TIC|tic=999|mle_ms=58.696|monotonic_ms=60|clock_delta_ms=1.304|
clock_suspect=0
PMLE_LIVE_REPLAY_TIC|tic=1000|mle_ms=50.862|monotonic_ms=50|clock_delta_ms=.862|
clock_suspect=0
PMLE_LIVE_REPLAY_TIC|tic=1001|mle_ms=35.703|monotonic_ms=40|clock_delta_ms=4.297
|clock_suspect=0
PMLE_LIVE_REPLAY_TIC|tic=1002|mle_ms=48.003|monotonic_ms=50|clock_delta_ms=1.997
|clock_suspect=0
PMLE_LIVE_REPLAY_TIC|tic=1003|mle_ms=50.716|monotonic_ms=50|clock_delta_ms=.716|
clock_suspect=0
PMLE_LIVE_REPLAY_TIC|tic=1004|mle_ms=232.333|monotonic_ms=230|clock_delta_ms=2.3
33|clock_suspect=0
PMLE_LIVE_REPLAY_TIC|tic=1005|mle_ms=51.211|monotonic_ms=50|clock_delta_ms=1.211
|clock_suspect=0
PMLE_LIVE_REPLAY_TIC|tic=1006|mle_ms=104.504|monotonic_ms=110|clock_delta_ms=5.4
96|clock_suspect=0
PMLE_LIVE_REPLAY_TIC|tic=1007|mle_ms=291.798|monotonic_ms=290|clock_delta_ms=1.7
98|clock_suspect=0
PMLE_LIVE_REPLAY_TIC|tic=1008|mle_ms=55.369|monotonic_ms=50|clock_delta_ms=5.369
|clock_suspect=0
PMLE_LIVE_REPLAY_TIC|tic=1009|mle_ms=43.05|monotonic_ms=50|clock_delta_ms=6.95|c
lock_suspect=0
PMLE_LIVE_REPLAY_TIC|tic=1010|mle_ms=55.279|monotonic_ms=50|clock_delta_ms=5.279
|clock_suspect=0
PMLE_LIVE_REPLAY_TIC|tic=1011|mle_ms=51.33|monotonic_ms=50|clock_delta_ms=1.33|c
lock_suspect=0
PMLE_LIVE_REPLAY_TIC|tic=1012|mle_ms=38.057|monotonic_ms=40|clock_delta_ms=1.943
|clock_suspect=0
PMLE_LIVE_REPLAY_TIC|tic=1013|mle_ms=46.29|monotonic_ms=50|clock_delta_ms=3.71|c
lock_suspect=0
PMLE_LIVE_REPLAY_TIC|tic=1014|mle_ms=67.976|monotonic_ms=70|clock_delta_ms=2.024
|clock_suspect=0
PMLE_LIVE_REPLAY_TIC|tic=1015|mle_ms=60.126|monotonic_ms=60|clock_delta_ms=.126|
clock_suspect=0
PMLE_LIVE_REPLAY_TIC|tic=1016|mle_ms=65.11|monotonic_ms=60|clock_delta_ms=5.11|c
lock_suspect=0
PMLE_LIVE_REPLAY_TIC|tic=1017|mle_ms=51.909|monotonic_ms=50|clock_delta_ms=1.909
|clock_suspect=0
PMLE_LIVE_REPLAY_TIC|tic=1018|mle_ms=47.876|monotonic_ms=50|clock_delta_ms=2.124
|clock_suspect=0
PMLE_LIVE_REPLAY_TIC|tic=1019|mle_ms=33.313|monotonic_ms=40|clock_delta_ms=6.687
|clock_suspect=0
PMLE_LIVE_REPLAY_TIC|tic=1020|mle_ms=46.205|monotonic_ms=40|clock_delta_ms=6.205
|clock_suspect=0
PMLE_LIVE_REPLAY_TIC|tic=1021|mle_ms=47.922|monotonic_ms=50|clock_delta_ms=2.078
|clock_suspect=0
PMLE_LIVE_REPLAY_TIC|tic=1022|mle_ms=45.759|monotonic_ms=50|clock_delta_ms=4.241
|clock_suspect=0
PMLE_LIVE_REPLAY_TIC|tic=1023|mle_ms=56.79|monotonic_ms=50|clock_delta_ms=6.79|c
lock_suspect=0
PMLE_LIVE_REPLAY_TIC|tic=1024|mle_ms=41.44|monotonic_ms=40|clock_delta_ms=1.44|c
lock_suspect=0
PMLE_LIVE_REPLAY_TIC|tic=1025|mle_ms=36.183|monotonic_ms=40|clock_delta_ms=3.817
|clock_suspect=0
PMLE_LIVE_REPLAY_TIC|tic=1026|mle_ms=74.857|monotonic_ms=80|clock_delta_ms=5.143
|clock_suspect=0
PMLE_LIVE_REPLAY_TIC|tic=1027|mle_ms=60.565|monotonic_ms=60|clock_delta_ms=.565|
clock_suspect=0
PMLE_LIVE_REPLAY_TIC|tic=1028|mle_ms=35.675|monotonic_ms=30|clock_delta_ms=5.675
|clock_suspect=0
PMLE_LIVE_REPLAY_TIC|tic=1029|mle_ms=43.462|monotonic_ms=50|clock_delta_ms=6.538
|clock_suspect=0
PMLE_LIVE_REPLAY_TIC|tic=1030|mle_ms=43.206|monotonic_ms=40|clock_delta_ms=3.206
|clock_suspect=0
PMLE_LIVE_REPLAY_TIC|tic=1031|mle_ms=48.172|monotonic_ms=50|clock_delta_ms=1.828
|clock_suspect=0
PMLE_LIVE_REPLAY_TIC|tic=1032|mle_ms=44.695|monotonic_ms=40|clock_delta_ms=4.695
|clock_suspect=0
PMLE_LIVE_REPLAY_TIC|tic=1033|mle_ms=64.247|monotonic_ms=70|clock_delta_ms=5.753
|clock_suspect=0
PMLE_LIVE_REPLAY_TIC|tic=1034|mle_ms=59.176|monotonic_ms=60|clock_delta_ms=.824|
clock_suspect=0
PMLE_LIVE_REPLAY_TIC|tic=1035|mle_ms=46.555|monotonic_ms=40|clock_delta_ms=6.555
|clock_suspect=0
PMLE_LIVE_REPLAY_TIC|tic=1036|mle_ms=45.447|monotonic_ms=50|clock_delta_ms=4.553
|clock_suspect=0
PMLE_LIVE_REPLAY_TIC|tic=1037|mle_ms=47.114|monotonic_ms=40|clock_delta_ms=7.114
|clock_suspect=0
PMLE_LIVE_REPLAY_TIC|tic=1038|mle_ms=58.776|monotonic_ms=60|clock_delta_ms=1.224
|clock_suspect=0
PMLE_LIVE_REPLAY_TIC|tic=1039|mle_ms=45.176|monotonic_ms=50|clock_delta_ms=4.824
|clock_suspect=0
PMLE_LIVE_REPLAY_TIC|tic=1040|mle_ms=36.092|monotonic_ms=30|clock_delta_ms=6.092
|clock_suspect=0
PMLE_LIVE_REPLAY_TIC|tic=1041|mle_ms=61.828|monotonic_ms=70|clock_delta_ms=8.172
|clock_suspect=0
PMLE_LIVE_REPLAY_TIC|tic=1042|mle_ms=68.341|monotonic_ms=70|clock_delta_ms=1.659
|clock_suspect=0
PMLE_LIVE_REPLAY_TIC|tic=1043|mle_ms=45.126|monotonic_ms=40|clock_delta_ms=5.126
|clock_suspect=0
PMLE_LIVE_REPLAY_TIC|tic=1044|mle_ms=66.262|monotonic_ms=70|clock_delta_ms=3.738
|clock_suspect=0
PMLE_LIVE_REPLAY_TIC|tic=1045|mle_ms=34.805|monotonic_ms=30|clock_delta_ms=4.805
|clock_suspect=0
PMLE_LIVE_REPLAY_TIC|tic=1046|mle_ms=41.575|monotonic_ms=40|clock_delta_ms=1.575
|clock_suspect=0
PMLE_LIVE_REPLAY_TIC|tic=1047|mle_ms=52.324|monotonic_ms=60|clock_delta_ms=7.676
|clock_suspect=0
PMLE_LIVE_REPLAY_TIC|tic=1048|mle_ms=100.735|monotonic_ms=100|clock_delta_ms=.73
5|clock_suspect=0
PMLE_LIVE_REPLAY_TIC|tic=1049|mle_ms=38.024|monotonic_ms=30|clock_delta_ms=8.024
|clock_suspect=0
PMLE_LIVE_REPLAY_TIC|tic=1050|mle_ms=55.499|monotonic_ms=60|clock_delta_ms=4.501
|clock_suspect=0
PMLE_LIVE_REPLAY_TIC|tic=1051|mle_ms=45.443|monotonic_ms=50|clock_delta_ms=4.557
|clock_suspect=0
PMLE_LIVE_REPLAY_TIC|tic=1052|mle_ms=29.741|monotonic_ms=30|clock_delta_ms=.259|
clock_suspect=0
PMLE_LIVE_REPLAY_TIC|tic=1053|mle_ms=241.915|monotonic_ms=240|clock_delta_ms=1.9
15|clock_suspect=0
PMLE_LIVE_REPLAY_TIC|tic=1054|mle_ms=36.603|monotonic_ms=30|clock_delta_ms=6.603
|clock_suspect=0
PMLE_LIVE_REPLAY_TIC|tic=1055|mle_ms=27.109|monotonic_ms=30|clock_delta_ms=2.891
|clock_suspect=0
PMLE_LIVE_REPLAY_TIC|tic=1056|mle_ms=160.507|monotonic_ms=160|clock_delta_ms=.50
7|clock_suspect=0
PMLE_LIVE_REPLAY_TIC|tic=1057|mle_ms=34.896|monotonic_ms=40|clock_delta_ms=5.104
|clock_suspect=0
PMLE_LIVE_REPLAY_TIC|tic=1058|mle_ms=43.037|monotonic_ms=40|clock_delta_ms=3.037
|clock_suspect=0
PMLE_LIVE_REPLAY_TIC|tic=1059|mle_ms=38.843|monotonic_ms=40|clock_delta_ms=1.157
|clock_suspect=0
PMLE_LIVE_REPLAY_TIC|tic=1060|mle_ms=41.606|monotonic_ms=40|clock_delta_ms=1.606
|clock_suspect=0
PMLE_LIVE_REPLAY_TIC|tic=1061|mle_ms=42.55|monotonic_ms=40|clock_delta_ms=2.55|c
lock_suspect=0
PMLE_LIVE_REPLAY_TIC|tic=1062|mle_ms=35.099|monotonic_ms=40|clock_delta_ms=4.901
|clock_suspect=0
PMLE_LIVE_REPLAY_TIC|tic=1063|mle_ms=48.302|monotonic_ms=50|clock_delta_ms=1.698
|clock_suspect=0
PMLE_LIVE_REPLAY_TIC|tic=1064|mle_ms=41.409|monotonic_ms=40|clock_delta_ms=1.409
|clock_suspect=0
PMLE_LIVE_REPLAY_TIC|tic=1065|mle_ms=30.11|monotonic_ms=30|clock_delta_ms=.11|cl
ock_suspect=0
PMLE_LIVE_REPLAY_TIC|tic=1066|mle_ms=36.451|monotonic_ms=40|clock_delta_ms=3.549
|clock_suspect=0
PMLE_LIVE_REPLAY_TIC|tic=1067|mle_ms=36.853|monotonic_ms=30|clock_delta_ms=6.853
|clock_suspect=0
PMLE_LIVE_REPLAY_TIC|tic=1068|mle_ms=31.818|monotonic_ms=30|clock_delta_ms=1.818
|clock_suspect=0
PMLE_LIVE_REPLAY_TIC|tic=1069|mle_ms=34.489|monotonic_ms=40|clock_delta_ms=5.511
|clock_suspect=0
PMLE_LIVE_REPLAY_TIC|tic=1070|mle_ms=27.858|monotonic_ms=30|clock_delta_ms=2.142
|clock_suspect=0
PMLE_LIVE_REPLAY_TIC|tic=1071|mle_ms=35.043|monotonic_ms=30|clock_delta_ms=5.043
|clock_suspect=0
PMLE_LIVE_REPLAY_TIC|tic=1072|mle_ms=37.434|monotonic_ms=40|clock_delta_ms=2.566
|clock_suspect=0
PMLE_LIVE_REPLAY_TIC|tic=1073|mle_ms=36.16|monotonic_ms=40|clock_delta_ms=3.84|c
lock_suspect=0
PMLE_LIVE_REPLAY_TIC|tic=1074|mle_ms=41.426|monotonic_ms=40|clock_delta_ms=1.426
|clock_suspect=0
PMLE_LIVE_REPLAY_TIC|tic=1075|mle_ms=31.334|monotonic_ms=30|clock_delta_ms=1.334
|clock_suspect=0
PMLE_LIVE_REPLAY_TIC|tic=1076|mle_ms=42.589|monotonic_ms=40|clock_delta_ms=2.589
|clock_suspect=0
PMLE_LIVE_REPLAY_TIC|tic=1077|mle_ms=39.389|monotonic_ms=40|clock_delta_ms=.611|
clock_suspect=0
PMLE_LIVE_REPLAY_TIC|tic=1078|mle_ms=39.979|monotonic_ms=40|clock_delta_ms=.021|
clock_suspect=0
PMLE_LIVE_REPLAY_TIC|tic=1079|mle_ms=29.264|monotonic_ms=30|clock_delta_ms=.736|
clock_suspect=0
PMLE_LIVE_REPLAY_TIC|tic=1080|mle_ms=31.845|monotonic_ms=30|clock_delta_ms=1.845
|clock_suspect=0
PMLE_LIVE_REPLAY_TIC|tic=1081|mle_ms=50.639|monotonic_ms=50|clock_delta_ms=.639|
clock_suspect=0
PMLE_LIVE_REPLAY_TIC|tic=1082|mle_ms=25.574|monotonic_ms=30|clock_delta_ms=4.426
|clock_suspect=0
PMLE_LIVE_REPLAY_TIC|tic=1083|mle_ms=28.696|monotonic_ms=30|clock_delta_ms=1.304
|clock_suspect=0
PMLE_LIVE_REPLAY_TIC|tic=1084|mle_ms=65.7|monotonic_ms=60|clock_delta_ms=5.7|clo
ck_suspect=0
PMLE_LIVE_REPLAY_TIC|tic=1085|mle_ms=24.065|monotonic_ms=30|clock_delta_ms=5.935
|clock_suspect=0
PMLE_LIVE_REPLAY_TIC|tic=1086|mle_ms=35.274|monotonic_ms=30|clock_delta_ms=5.274
|clock_suspect=0
PMLE_LIVE_REPLAY_TIC|tic=1087|mle_ms=46.849|monotonic_ms=50|clock_delta_ms=3.151
|clock_suspect=0
PMLE_LIVE_REPLAY_TIC|tic=1088|mle_ms=43.527|monotonic_ms=40|clock_delta_ms=3.527
|clock_suspect=0
PMLE_LIVE_REPLAY_TIC|tic=1089|mle_ms=31.936|monotonic_ms=30|clock_delta_ms=1.936
|clock_suspect=0
PMLE_LIVE_REPLAY_TIC|tic=1090|mle_ms=37.016|monotonic_ms=40|clock_delta_ms=2.984
|clock_suspect=0
PMLE_LIVE_REPLAY_TIC|tic=1091|mle_ms=46.912|monotonic_ms=50|clock_delta_ms=3.088
|clock_suspect=0
PMLE_LIVE_REPLAY_TIC|tic=1092|mle_ms=33.546|monotonic_ms=30|clock_delta_ms=3.546
|clock_suspect=0
PMLE_LIVE_REPLAY_TIC|tic=1093|mle_ms=43.944|monotonic_ms=50|clock_delta_ms=6.056
|clock_suspect=0
PMLE_LIVE_REPLAY_TIC|tic=1094|mle_ms=43.279|monotonic_ms=40|clock_delta_ms=3.279
|clock_suspect=0
PMLE_LIVE_REPLAY_TIC|tic=1095|mle_ms=41.017|monotonic_ms=40|clock_delta_ms=1.017
|clock_suspect=0
PMLE_LIVE_REPLAY_TIC|tic=1096|mle_ms=45.835|monotonic_ms=50|clock_delta_ms=4.165
|clock_suspect=0
PMLE_LIVE_REPLAY_TIC|tic=1097|mle_ms=37.905|monotonic_ms=40|clock_delta_ms=2.095
|clock_suspect=0
PMLE_LIVE_REPLAY_TIC|tic=1098|mle_ms=35.275|monotonic_ms=30|clock_delta_ms=5.275
|clock_suspect=0
PMLE_LIVE_REPLAY_TIC|tic=1099|mle_ms=47.816|monotonic_ms=50|clock_delta_ms=2.184
|clock_suspect=0
PMLE_LIVE_REPLAY_TIC|tic=1100|mle_ms=30.577|monotonic_ms=30|clock_delta_ms=.577|
clock_suspect=0
PMLE_LIVE_REPLAY_TIC|tic=1101|mle_ms=51.191|monotonic_ms=50|clock_delta_ms=1.191
|clock_suspect=0
PMLE_LIVE_REPLAY_TIC|tic=1102|mle_ms=56.739|monotonic_ms=60|clock_delta_ms=3.261
|clock_suspect=0
PMLE_LIVE_REPLAY_TIC|tic=1103|mle_ms=40.394|monotonic_ms=40|clock_delta_ms=.394|
clock_suspect=0
PMLE_LIVE_REPLAY_TIC|tic=1104|mle_ms=54.288|monotonic_ms=50|clock_delta_ms=4.288
|clock_suspect=0
PMLE_LIVE_REPLAY_TIC|tic=1105|mle_ms=61.123|monotonic_ms=70|clock_delta_ms=8.877
|clock_suspect=0
PMLE_LIVE_REPLAY_TIC|tic=1106|mle_ms=51.129|monotonic_ms=50|clock_delta_ms=1.129
|clock_suspect=0
PMLE_LIVE_REPLAY_TIC|tic=1107|mle_ms=52.135|monotonic_ms=50|clock_delta_ms=2.135
|clock_suspect=0
PMLE_LIVE_REPLAY_TIC|tic=1108|mle_ms=75.714|monotonic_ms=70|clock_delta_ms=5.714
|clock_suspect=0
PMLE_LIVE_REPLAY_TIC|tic=1109|mle_ms=43.508|monotonic_ms=50|clock_delta_ms=6.492
|clock_suspect=0
PMLE_LIVE_REPLAY_TIC|tic=1110|mle_ms=39.923|monotonic_ms=40|clock_delta_ms=.077|
clock_suspect=0
PMLE_LIVE_REPLAY_TIC|tic=1111|mle_ms=108.216|monotonic_ms=110|clock_delta_ms=1.7
84|clock_suspect=0
PMLE_LIVE_REPLAY_TIC|tic=1112|mle_ms=50.052|monotonic_ms=50|clock_delta_ms=.052|
clock_suspect=0
PMLE_LIVE_REPLAY_TIC|tic=1113|mle_ms=27.329|monotonic_ms=20|clock_delta_ms=7.329
|clock_suspect=0
PMLE_LIVE_REPLAY_TIC|tic=1114|mle_ms=72.72|monotonic_ms=80|clock_delta_ms=7.28|c
lock_suspect=0
PMLE_LIVE_REPLAY_TIC|tic=1115|mle_ms=25.564|monotonic_ms=20|clock_delta_ms=5.564
|clock_suspect=0
PMLE_LIVE_REPLAY_TIC|tic=1116|mle_ms=32.54|monotonic_ms=30|clock_delta_ms=2.54|c
lock_suspect=0
PMLE_LIVE_REPLAY_TIC|tic=1117|mle_ms=50.608|monotonic_ms=60|clock_delta_ms=9.392
|clock_suspect=0
PMLE_LIVE_REPLAY_TIC|tic=1118|mle_ms=36.007|monotonic_ms=30|clock_delta_ms=6.007
|clock_suspect=0
PMLE_LIVE_REPLAY_TIC|tic=1119|mle_ms=34.798|monotonic_ms=40|clock_delta_ms=5.202
|clock_suspect=0
PMLE_LIVE_REPLAY_TIC|tic=1120|mle_ms=38.754|monotonic_ms=40|clock_delta_ms=1.246
|clock_suspect=0
PMLE_LIVE_REPLAY_TIC|tic=1121|mle_ms=35.919|monotonic_ms=30|clock_delta_ms=5.919
|clock_suspect=0
PMLE_LIVE_REPLAY_TIC|tic=1122|mle_ms=33.717|monotonic_ms=40|clock_delta_ms=6.283
|clock_suspect=0
PMLE_LIVE_REPLAY_TIC|tic=1123|mle_ms=40.072|monotonic_ms=40|clock_delta_ms=.072|
clock_suspect=0
PMLE_LIVE_REPLAY_TIC|tic=1124|mle_ms=38.363|monotonic_ms=30|clock_delta_ms=8.363
|clock_suspect=0
PMLE_LIVE_REPLAY_TIC|tic=1125|mle_ms=29.121|monotonic_ms=30|clock_delta_ms=.879|
clock_suspect=0
PMLE_LIVE_REPLAY_TIC|tic=1126|mle_ms=39.835|monotonic_ms=40|clock_delta_ms=.165|
clock_suspect=0
PMLE_LIVE_REPLAY_TIC|tic=1127|mle_ms=32.831|monotonic_ms=40|clock_delta_ms=7.169
|clock_suspect=0
PMLE_LIVE_REPLAY_TIC|tic=1128|mle_ms=33.85|monotonic_ms=30|clock_delta_ms=3.85|c
lock_suspect=0
PMLE_LIVE_REPLAY_TIC|tic=1129|mle_ms=41.172|monotonic_ms=40|clock_delta_ms=1.172
|clock_suspect=0
PMLE_LIVE_REPLAY_TIC|tic=1130|mle_ms=29.205|monotonic_ms=30|clock_delta_ms=.795|
clock_suspect=0
PMLE_LIVE_REPLAY_TIC|tic=1131|mle_ms=47.741|monotonic_ms=50|clock_delta_ms=2.259
|clock_suspect=0
PMLE_LIVE_REPLAY_TIC|tic=1132|mle_ms=54.001|monotonic_ms=50|clock_delta_ms=4.001
|clock_suspect=0
PMLE_LIVE_REPLAY_TIC|tic=1133|mle_ms=33.286|monotonic_ms=40|clock_delta_ms=6.714
|clock_suspect=0
PMLE_LIVE_REPLAY_TIC|tic=1134|mle_ms=50.167|monotonic_ms=50|clock_delta_ms=.167|
clock_suspect=0
PMLE_LIVE_REPLAY_TIC|tic=1135|mle_ms=26.927|monotonic_ms=20|clock_delta_ms=6.927
|clock_suspect=0
PMLE_LIVE_REPLAY_TIC|tic=1136|mle_ms=25.606|monotonic_ms=30|clock_delta_ms=4.394
|clock_suspect=0
PMLE_LIVE_REPLAY_TIC|tic=1137|mle_ms=39.072|monotonic_ms=40|clock_delta_ms=.928|
clock_suspect=0
PMLE_LIVE_REPLAY_TIC|tic=1138|mle_ms=30.863|monotonic_ms=30|clock_delta_ms=.863|
clock_suspect=0
PMLE_LIVE_REPLAY_TIC|tic=1139|mle_ms=19.905|monotonic_ms=20|clock_delta_ms=.095|
clock_suspect=0
PMLE_LIVE_REPLAY_TIC|tic=1140|mle_ms=29.657|monotonic_ms=30|clock_delta_ms=.343|
clock_suspect=0
PMLE_LIVE_REPLAY_TIC|tic=1141|mle_ms=31.483|monotonic_ms=30|clock_delta_ms=1.483
|clock_suspect=0
PMLE_LIVE_REPLAY_TIC|tic=1142|mle_ms=14.757|monotonic_ms=10|clock_delta_ms=4.757
|clock_suspect=0
PMLE_LIVE_REPLAY_TIC|tic=1143|mle_ms=27.848|monotonic_ms=30|clock_delta_ms=2.152
|clock_suspect=0
PMLE_LIVE_REPLAY_TIC|tic=1144|mle_ms=29.26|monotonic_ms=30|clock_delta_ms=.74|cl
ock_suspect=0
PMLE_LIVE_REPLAY_TIC|tic=1145|mle_ms=9.869|monotonic_ms=10|clock_delta_ms=.131|c
lock_suspect=0
PMLE_LIVE_REPLAY_TIC|tic=1146|mle_ms=220.958|monotonic_ms=220|clock_delta_ms=.95
8|clock_suspect=0
PMLE_LIVE_REPLAY_TIC|tic=1147|mle_ms=24.352|monotonic_ms=30|clock_delta_ms=5.648
|clock_suspect=0
PMLE_LIVE_REPLAY_TIC|tic=1148|mle_ms=16.791|monotonic_ms=10|clock_delta_ms=6.791
|clock_suspect=0
PMLE_LIVE_REPLAY_TIC|tic=1149|mle_ms=196.265|monotonic_ms=200|clock_delta_ms=3.7
35|clock_suspect=0
PMLE_LIVE_REPLAY_TIC|tic=1150|mle_ms=25.839|monotonic_ms=30|clock_delta_ms=4.161
|clock_suspect=0
PMLE_LIVE_REPLAY_TIC|tic=1151|mle_ms=26.185|monotonic_ms=20|clock_delta_ms=6.185
|clock_suspect=0
PMLE_LIVE_REPLAY_TIC|tic=1152|mle_ms=16.22|monotonic_ms=20|clock_delta_ms=3.78|c
lock_suspect=0
PMLE_LIVE_REPLAY_TIC|tic=1153|mle_ms=38.586|monotonic_ms=40|clock_delta_ms=1.414
|clock_suspect=0
PMLE_LIVE_REPLAY_TIC|tic=1154|mle_ms=33.759|monotonic_ms=30|clock_delta_ms=3.759
|clock_suspect=0
PMLE_LIVE_REPLAY_TIC|tic=1155|mle_ms=21.477|monotonic_ms=20|clock_delta_ms=1.477
|clock_suspect=0
PMLE_LIVE_REPLAY_TIC|tic=1156|mle_ms=46.97|monotonic_ms=50|clock_delta_ms=3.03|c
lock_suspect=0
PMLE_LIVE_REPLAY_TIC|tic=1157|mle_ms=36.711|monotonic_ms=40|clock_delta_ms=3.289
|clock_suspect=0
PMLE_LIVE_REPLAY_TIC|tic=1158|mle_ms=31.951|monotonic_ms=30|clock_delta_ms=1.951
|clock_suspect=0
PMLE_LIVE_REPLAY_TIC|tic=1159|mle_ms=25.645|monotonic_ms=20|clock_delta_ms=5.645
|clock_suspect=0
PMLE_LIVE_REPLAY_TIC|tic=1160|mle_ms=25.724|monotonic_ms=30|clock_delta_ms=4.276
|clock_suspect=0
PMLE_LIVE_REPLAY_TIC|tic=1161|mle_ms=46.13|monotonic_ms=50|clock_delta_ms=3.87|c
lock_suspect=0
PMLE_LIVE_REPLAY_TIC|tic=1162|mle_ms=26.934|monotonic_ms=20|clock_delta_ms=6.934
|clock_suspect=0
PMLE_LIVE_REPLAY_TIC|tic=1163|mle_ms=27.815|monotonic_ms=30|clock_delta_ms=2.185
|clock_suspect=0
PMLE_LIVE_REPLAY_TIC|tic=1164|mle_ms=42.735|monotonic_ms=40|clock_delta_ms=2.735
|clock_suspect=0
PMLE_LIVE_REPLAY_TIC|tic=1165|mle_ms=29.037|monotonic_ms=30|clock_delta_ms=.963|
clock_suspect=0
PMLE_LIVE_REPLAY_TIC|tic=1166|mle_ms=31.48|monotonic_ms=40|clock_delta_ms=8.52|c
lock_suspect=0
PMLE_LIVE_REPLAY_TIC|tic=1167|mle_ms=34.993|monotonic_ms=30|clock_delta_ms=4.993
|clock_suspect=0
PMLE_LIVE_REPLAY_TIC|tic=1168|mle_ms=35.32|monotonic_ms=40|clock_delta_ms=4.68|c
lock_suspect=0
PMLE_LIVE_REPLAY_TIC|tic=1169|mle_ms=35.129|monotonic_ms=30|clock_delta_ms=5.129
|clock_suspect=0
PMLE_LIVE_REPLAY_TIC|tic=1170|mle_ms=51.115|monotonic_ms=50|clock_delta_ms=1.115
|clock_suspect=0
PMLE_LIVE_REPLAY_TIC|tic=1171|mle_ms=47.756|monotonic_ms=50|clock_delta_ms=2.244
|clock_suspect=0
PMLE_LIVE_REPLAY_TIC|tic=1172|mle_ms=27.795|monotonic_ms=30|clock_delta_ms=2.205
|clock_suspect=0
PMLE_LIVE_REPLAY_TIC|tic=1173|mle_ms=32.922|monotonic_ms=30|clock_delta_ms=2.922
|clock_suspect=0
PMLE_LIVE_REPLAY_TIC|tic=1174|mle_ms=33.47|monotonic_ms=30|clock_delta_ms=3.47|c
lock_suspect=0
PMLE_LIVE_REPLAY_TIC|tic=1175|mle_ms=38.039|monotonic_ms=40|clock_delta_ms=1.961
|clock_suspect=0
PMLE_LIVE_REPLAY_TIC|tic=1176|mle_ms=38.211|monotonic_ms=40|clock_delta_ms=1.789
|clock_suspect=0
PMLE_LIVE_REPLAY_TIC|tic=1177|mle_ms=34.391|monotonic_ms=40|clock_delta_ms=5.609
|clock_suspect=0
PMLE_LIVE_REPLAY_TIC|tic=1178|mle_ms=33.402|monotonic_ms=30|clock_delta_ms=3.402
|clock_suspect=0
PMLE_LIVE_REPLAY_TIC|tic=1179|mle_ms=35.517|monotonic_ms=30|clock_delta_ms=5.517
|clock_suspect=0
PMLE_LIVE_REPLAY_TIC|tic=1180|mle_ms=27.865|monotonic_ms=30|clock_delta_ms=2.135
|clock_suspect=0
PMLE_LIVE_REPLAY_TIC|tic=1181|mle_ms=36.515|monotonic_ms=40|clock_delta_ms=3.485
|clock_suspect=0
PMLE_LIVE_REPLAY_TIC|tic=1182|mle_ms=55.293|monotonic_ms=50|clock_delta_ms=5.293
|clock_suspect=0
PMLE_LIVE_REPLAY_TIC|tic=1183|mle_ms=45.921|monotonic_ms=50|clock_delta_ms=4.079
|clock_suspect=0
PMLE_LIVE_REPLAY_TIC|tic=1184|mle_ms=56.781|monotonic_ms=60|clock_delta_ms=3.219
|clock_suspect=0
PMLE_LIVE_REPLAY_TIC|tic=1185|mle_ms=34.425|monotonic_ms=30|clock_delta_ms=4.425
|clock_suspect=0
PMLE_LIVE_REPLAY_TIC|tic=1186|mle_ms=41.707|monotonic_ms=40|clock_delta_ms=1.707
|clock_suspect=0
PMLE_LIVE_REPLAY_TIC|tic=1187|mle_ms=36.42|monotonic_ms=40|clock_delta_ms=3.58|c
lock_suspect=0
PMLE_LIVE_REPLAY_TIC|tic=1188|mle_ms=39.886|monotonic_ms=40|clock_delta_ms=.114|
clock_suspect=0
PMLE_LIVE_REPLAY_TIC|tic=1189|mle_ms=36.186|monotonic_ms=40|clock_delta_ms=3.814
|clock_suspect=0
PMLE_LIVE_REPLAY_TIC|tic=1190|mle_ms=27.918|monotonic_ms=20|clock_delta_ms=7.918
|clock_suspect=0
PMLE_LIVE_REPLAY_TIC|tic=1191|mle_ms=43.056|monotonic_ms=50|clock_delta_ms=6.944
|clock_suspect=0
PMLE_LIVE_REPLAY_TIC|tic=1192|mle_ms=31.993|monotonic_ms=30|clock_delta_ms=1.993
|clock_suspect=0
PMLE_LIVE_REPLAY_TIC|tic=1193|mle_ms=236.457|monotonic_ms=240|clock_delta_ms=3.5
43|clock_suspect=0
PMLE_LIVE_REPLAY_TIC|tic=1194|mle_ms=51.454|monotonic_ms=50|clock_delta_ms=1.454
|clock_suspect=0
PMLE_LIVE_REPLAY_TIC|tic=1195|mle_ms=44.253|monotonic_ms=40|clock_delta_ms=4.253
|clock_suspect=0
PMLE_LIVE_REPLAY_TIC|tic=1196|mle_ms=179.988|monotonic_ms=180|clock_delta_ms=.01
2|clock_suspect=0
PMLE_LIVE_REPLAY_TIC|tic=1197|mle_ms=36.576|monotonic_ms=40|clock_delta_ms=3.424
|clock_suspect=0
PMLE_LIVE_REPLAY_TIC|tic=1198|mle_ms=70.372|monotonic_ms=70|clock_delta_ms=.372|
clock_suspect=0
PMLE_LIVE_REPLAY_TIC|tic=1199|mle_ms=34.056|monotonic_ms=30|clock_delta_ms=4.056
|clock_suspect=0
PMLE_LIVE_REPLAY_TIC|tic=1200|mle_ms=45.233|monotonic_ms=50|clock_delta_ms=4.767
|clock_suspect=0
PMLE_LIVE_REPLAY_TIC|tic=1201|mle_ms=50.657|monotonic_ms=50|clock_delta_ms=.657|
clock_suspect=0
PMLE_LIVE_REPLAY_TIC|tic=1202|mle_ms=44.646|monotonic_ms=40|clock_delta_ms=4.646
|clock_suspect=0
PMLE_LIVE_REPLAY_TIC|tic=1203|mle_ms=45.296|monotonic_ms=50|clock_delta_ms=4.704
|clock_suspect=0
PMLE_LIVE_REPLAY_TIC|tic=1204|mle_ms=61.099|monotonic_ms=60|clock_delta_ms=1.099
|clock_suspect=0
PMLE_LIVE_REPLAY_TIC|tic=1205|mle_ms=27.487|monotonic_ms=30|clock_delta_ms=2.513
|clock_suspect=0
PMLE_LIVE_REPLAY_TIC|tic=1206|mle_ms=69.748|monotonic_ms=70|clock_delta_ms=.252|
clock_suspect=0
PMLE_LIVE_REPLAY_TIC|tic=1207|mle_ms=70.812|monotonic_ms=70|clock_delta_ms=.812|
clock_suspect=0
PMLE_LIVE_REPLAY_TIC|tic=1208|mle_ms=37.238|monotonic_ms=30|clock_delta_ms=7.238
|clock_suspect=0
PMLE_LIVE_REPLAY_TIC|tic=1209|mle_ms=51.32|monotonic_ms=60|clock_delta_ms=8.68|c
lock_suspect=0
PMLE_LIVE_REPLAY_TIC|tic=1210|mle_ms=66.972|monotonic_ms=60|clock_delta_ms=6.972
|clock_suspect=0
PMLE_LIVE_REPLAY_TIC|tic=1211|mle_ms=49.939|monotonic_ms=50|clock_delta_ms=.061|
clock_suspect=0
PMLE_LIVE_REPLAY_TIC|tic=1212|mle_ms=36.901|monotonic_ms=40|clock_delta_ms=3.099
|clock_suspect=0
PMLE_LIVE_REPLAY_TIC|tic=1213|mle_ms=85.051|monotonic_ms=80|clock_delta_ms=5.051
|clock_suspect=0
PMLE_LIVE_REPLAY_TIC|tic=1214|mle_ms=44.062|monotonic_ms=50|clock_delta_ms=5.938
|clock_suspect=0
PMLE_LIVE_REPLAY_TIC|tic=1215|mle_ms=32.684|monotonic_ms=30|clock_delta_ms=2.684
|clock_suspect=0
PMLE_LIVE_REPLAY_TIC|tic=1216|mle_ms=87.938|monotonic_ms=90|clock_delta_ms=2.062
|clock_suspect=0
PMLE_LIVE_REPLAY_TIC|tic=1217|mle_ms=30.53|monotonic_ms=30|clock_delta_ms=.53|cl
ock_suspect=0
PMLE_LIVE_REPLAY_TIC|tic=1218|mle_ms=24.647|monotonic_ms=30|clock_delta_ms=5.353
|clock_suspect=0
PMLE_LIVE_REPLAY_TIC|tic=1219|mle_ms=32.291|monotonic_ms=30|clock_delta_ms=2.291
|clock_suspect=0
PMLE_LIVE_REPLAY_TIC|tic=1220|mle_ms=19.999|monotonic_ms=20|clock_delta_ms=.001|
clock_suspect=0
PMLE_LIVE_REPLAY_TIC|tic=1221|mle_ms=26.532|monotonic_ms=20|clock_delta_ms=6.532
|clock_suspect=0
PMLE_LIVE_REPLAY_TIC|tic=1222|mle_ms=32.925|monotonic_ms=40|clock_delta_ms=7.075
|clock_suspect=0
PMLE_LIVE_REPLAY_TIC|tic=1223|mle_ms=42.428|monotonic_ms=40|clock_delta_ms=2.428
|clock_suspect=0
PMLE_LIVE_REPLAY_TIC|tic=1224|mle_ms=35.088|monotonic_ms=30|clock_delta_ms=5.088
|clock_suspect=0
PMLE_LIVE_REPLAY_TIC|tic=1225|mle_ms=76.457|monotonic_ms=80|clock_delta_ms=3.543
|clock_suspect=0
PMLE_LIVE_REPLAY_TIC|tic=1226|mle_ms=50.17|monotonic_ms=50|clock_delta_ms=.17|cl
ock_suspect=0
PMLE_LIVE_REPLAY_TIC|tic=1227|mle_ms=27.883|monotonic_ms=30|clock_delta_ms=2.117
|clock_suspect=0
PMLE_LIVE_REPLAY_TIC|tic=1228|mle_ms=40.103|monotonic_ms=40|clock_delta_ms=.103|
clock_suspect=0
PMLE_LIVE_REPLAY_TIC|tic=1229|mle_ms=26.637|monotonic_ms=30|clock_delta_ms=3.363
|clock_suspect=0
PMLE_LIVE_REPLAY_TIC|tic=1230|mle_ms=23.956|monotonic_ms=20|clock_delta_ms=3.956
|clock_suspect=0
PMLE_LIVE_REPLAY_TIC|tic=1231|mle_ms=46.51|monotonic_ms=50|clock_delta_ms=3.49|c
lock_suspect=0
PMLE_LIVE_REPLAY_TIC|tic=1232|mle_ms=25.1|monotonic_ms=20|clock_delta_ms=5.1|clo
ck_suspect=0
PMLE_LIVE_REPLAY_TIC|tic=1233|mle_ms=36.669|monotonic_ms=40|clock_delta_ms=3.331
|clock_suspect=0
PMLE_LIVE_REPLAY_TIC|tic=1234|mle_ms=36.8|monotonic_ms=40|clock_delta_ms=3.2|clo
ck_suspect=0
PMLE_LIVE_REPLAY_TIC|tic=1235|mle_ms=24.495|monotonic_ms=20|clock_delta_ms=4.495
|clock_suspect=0
PMLE_LIVE_REPLAY_TIC|tic=1236|mle_ms=49.492|monotonic_ms=50|clock_delta_ms=.508|
clock_suspect=0
PMLE_LIVE_REPLAY_TIC|tic=1237|mle_ms=31.135|monotonic_ms=30|clock_delta_ms=1.135
|clock_suspect=0
PMLE_LIVE_REPLAY_TIC|tic=1238|mle_ms=23.122|monotonic_ms=20|clock_delta_ms=3.122
|clock_suspect=0
PMLE_LIVE_REPLAY_TIC|tic=1239|mle_ms=21.51|monotonic_ms=30|clock_delta_ms=8.49|c
lock_suspect=0
PMLE_LIVE_REPLAY_TIC|tic=1240|mle_ms=19.788|monotonic_ms=20|clock_delta_ms=.212|
clock_suspect=0
PMLE_LIVE_REPLAY_TIC|tic=1241|mle_ms=21.413|monotonic_ms=20|clock_delta_ms=1.413
|clock_suspect=0
PMLE_LIVE_REPLAY_TIC|tic=1242|mle_ms=15.716|monotonic_ms=10|clock_delta_ms=5.716
|clock_suspect=0
PMLE_LIVE_REPLAY_TIC|tic=1243|mle_ms=35.422|monotonic_ms=40|clock_delta_ms=4.578
|clock_suspect=0
PMLE_LIVE_REPLAY_TIC|tic=1244|mle_ms=17.032|monotonic_ms=20|clock_delta_ms=2.968
|clock_suspect=0
PMLE_LIVE_REPLAY_TIC|tic=1245|mle_ms=8.115|monotonic_ms=0|clock_delta_ms=8.115|c
lock_suspect=0
PMLE_LIVE_REPLAY_TIC|tic=1246|mle_ms=45.888|monotonic_ms=50|clock_delta_ms=4.112
|clock_suspect=0
PMLE_LIVE_REPLAY_TIC|tic=1247|mle_ms=15.539|monotonic_ms=20|clock_delta_ms=4.461
|clock_suspect=0
PMLE_LIVE_REPLAY_TIC|tic=1248|mle_ms=12.923|monotonic_ms=10|clock_delta_ms=2.923
|clock_suspect=0
PMLE_LIVE_REPLAY_TIC|tic=1249|mle_ms=31.14|monotonic_ms=30|clock_delta_ms=1.14|c
lock_suspect=0
PMLE_LIVE_REPLAY_TIC|tic=1250|mle_ms=10.589|monotonic_ms=10|clock_delta_ms=.589|
clock_suspect=0
PMLE_LIVE_REPLAY_TIC|tic=1251|mle_ms=20.182|monotonic_ms=20|clock_delta_ms=.182|
clock_suspect=0
PMLE_LIVE_REPLAY_TIC|tic=1252|mle_ms=29.617|monotonic_ms=30|clock_delta_ms=.383|
clock_suspect=0
PMLE_LIVE_REPLAY_TIC|tic=1253|mle_ms=27.239|monotonic_ms=30|clock_delta_ms=2.761
|clock_suspect=0
PMLE_LIVE_REPLAY_TIC|tic=1254|mle_ms=19.96|monotonic_ms=20|clock_delta_ms=.04|cl
ock_suspect=0
PMLE_LIVE_REPLAY_TIC|tic=1255|mle_ms=15.436|monotonic_ms=10|clock_delta_ms=5.436
|clock_suspect=0
PMLE_LIVE_REPLAY_TIC|tic=1256|mle_ms=38.954|monotonic_ms=40|clock_delta_ms=1.046
|clock_suspect=0
PMLE_LIVE_REPLAY_TIC|tic=1257|mle_ms=16.344|monotonic_ms=20|clock_delta_ms=3.656
|clock_suspect=0
PMLE_LIVE_REPLAY_TIC|tic=1258|mle_ms=22.031|monotonic_ms=20|clock_delta_ms=2.031
|clock_suspect=0
PMLE_LIVE_REPLAY_TIC|tic=1259|mle_ms=12.05|monotonic_ms=10|clock_delta_ms=2.05|c
lock_suspect=0
PMLE_LIVE_REPLAY_TIC|tic=1260|mle_ms=9.971|monotonic_ms=10|clock_delta_ms=.029|c
lock_suspect=0
PMLE_LIVE_REPLAY_TIC|tic=1261|mle_ms=36.227|monotonic_ms=40|clock_delta_ms=3.773
|clock_suspect=0
PMLE_LIVE_REPLAY_TIC|tic=1262|mle_ms=10.959|monotonic_ms=10|clock_delta_ms=.959|
clock_suspect=0
PMLE_LIVE_REPLAY_TIC|tic=1263|mle_ms=23.613|monotonic_ms=20|clock_delta_ms=3.613
|clock_suspect=0
PMLE_LIVE_REPLAY_TIC|tic=1264|mle_ms=36.577|monotonic_ms=40|clock_delta_ms=3.423
|clock_suspect=0
PMLE_LIVE_REPLAY_TIC|tic=1265|mle_ms=9.693|monotonic_ms=10|clock_delta_ms=.307|c
lock_suspect=0
PMLE_LIVE_REPLAY_TIC|tic=1266|mle_ms=40.609|monotonic_ms=40|clock_delta_ms=.609|
clock_suspect=0
PMLE_LIVE_REPLAY_TIC|tic=1267|mle_ms=23.987|monotonic_ms=30|clock_delta_ms=6.013
|clock_suspect=0
PMLE_LIVE_REPLAY_TIC|tic=1268|mle_ms=11.18|monotonic_ms=10|clock_delta_ms=1.18|c
lock_suspect=0
PMLE_LIVE_REPLAY_TIC|tic=1269|mle_ms=9.577|monotonic_ms=10|clock_delta_ms=.423|c
lock_suspect=0
PMLE_LIVE_REPLAY_TIC|tic=1270|mle_ms=15.224|monotonic_ms=10|clock_delta_ms=5.224
|clock_suspect=0
PMLE_LIVE_REPLAY_TIC|tic=1271|mle_ms=17.261|monotonic_ms=20|clock_delta_ms=2.739
|clock_suspect=0
PMLE_LIVE_REPLAY_TIC|tic=1272|mle_ms=12.168|monotonic_ms=10|clock_delta_ms=2.168
|clock_suspect=0
PMLE_LIVE_REPLAY_TIC|tic=1273|mle_ms=37.999|monotonic_ms=40|clock_delta_ms=2.001
|clock_suspect=0
PMLE_LIVE_REPLAY_TIC|tic=1274|mle_ms=20.821|monotonic_ms=20|clock_delta_ms=.821|
clock_suspect=0
PMLE_LIVE_REPLAY_TIC|tic=1275|mle_ms=9.288|monotonic_ms=10|clock_delta_ms=.712|c
lock_suspect=0
PMLE_LIVE_REPLAY_TIC|tic=1276|mle_ms=49.137|monotonic_ms=50|clock_delta_ms=.863|
clock_suspect=0
PMLE_LIVE_REPLAY_TIC|tic=1277|mle_ms=15.388|monotonic_ms=10|clock_delta_ms=5.388
|clock_suspect=0
PMLE_LIVE_REPLAY_TIC|tic=1278|mle_ms=13.786|monotonic_ms=20|clock_delta_ms=6.214
|clock_suspect=0
PMLE_LIVE_REPLAY_TIC|tic=1279|mle_ms=21.453|monotonic_ms=20|clock_delta_ms=1.453
|clock_suspect=0
PMLE_LIVE_REPLAY_TIC|tic=1280|mle_ms=9.535|monotonic_ms=10|clock_delta_ms=.465|c
lock_suspect=0
PMLE_LIVE_REPLAY_TIC|tic=1281|mle_ms=19.99|monotonic_ms=20|clock_delta_ms=.01|cl
ock_suspect=0
PMLE_LIVE_REPLAY_TIC|tic=1282|mle_ms=34.499|monotonic_ms=30|clock_delta_ms=4.499
|clock_suspect=0
PMLE_LIVE_REPLAY_TIC|tic=1283|mle_ms=23.105|monotonic_ms=30|clock_delta_ms=6.895
|clock_suspect=0
PMLE_LIVE_REPLAY_TIC|tic=1284|mle_ms=17.559|monotonic_ms=10|clock_delta_ms=7.559
|clock_suspect=0
PMLE_LIVE_REPLAY_TIC|tic=1285|mle_ms=37.601|monotonic_ms=40|clock_delta_ms=2.399
|clock_suspect=0
PMLE_LIVE_REPLAY_TIC|tic=1286|mle_ms=38.437|monotonic_ms=40|clock_delta_ms=1.563
|clock_suspect=0
PMLE_LIVE_REPLAY_TIC|tic=1287|mle_ms=14.764|monotonic_ms=20|clock_delta_ms=5.236
|clock_suspect=0
PMLE_LIVE_REPLAY_TIC|tic=1288|mle_ms=38.864|monotonic_ms=30|clock_delta_ms=8.864
|clock_suspect=0
PMLE_LIVE_REPLAY_TIC|tic=1289|mle_ms=12.568|monotonic_ms=20|clock_delta_ms=7.432
|clock_suspect=0
PMLE_LIVE_REPLAY_TIC|tic=1290|mle_ms=15.178|monotonic_ms=10|clock_delta_ms=5.178
|clock_suspect=0
PMLE_LIVE_REPLAY_TIC|tic=1291|mle_ms=28.226|monotonic_ms=30|clock_delta_ms=1.774
|clock_suspect=0
PMLE_LIVE_REPLAY_TIC|tic=1292|mle_ms=9.25|monotonic_ms=10|clock_delta_ms=.75|clo
ck_suspect=0
PMLE_LIVE_REPLAY_TIC|tic=1293|mle_ms=25.533|monotonic_ms=30|clock_delta_ms=4.467
|clock_suspect=0
PMLE_LIVE_REPLAY_TIC|tic=1294|mle_ms=39.41|monotonic_ms=30|clock_delta_ms=9.41|c
lock_suspect=0
PMLE_LIVE_REPLAY_TIC|tic=1295|mle_ms=10.457|monotonic_ms=20|clock_delta_ms=9.543
|clock_suspect=0
PMLE_LIVE_REPLAY_TIC|tic=1296|mle_ms=40.99|monotonic_ms=40|clock_delta_ms=.99|cl
ock_suspect=0
PMLE_LIVE_REPLAY_TIC|tic=1297|mle_ms=27.433|monotonic_ms=20|clock_delta_ms=7.433
|clock_suspect=0
PMLE_LIVE_REPLAY_TIC|tic=1298|mle_ms=13.903|monotonic_ms=20|clock_delta_ms=6.097
|clock_suspect=0
PMLE_LIVE_REPLAY_TIC|tic=1299|mle_ms=11.962|monotonic_ms=10|clock_delta_ms=1.962
|clock_suspect=0
PMLE_LIVE_REPLAY_TIC|tic=1300|mle_ms=18.681|monotonic_ms=20|clock_delta_ms=1.319
|clock_suspect=0
PMLE_LIVE_REPLAY_TIC|tic=1301|mle_ms=19.839|monotonic_ms=20|clock_delta_ms=.161|
clock_suspect=0
PMLE_LIVE_REPLAY_TIC|tic=1302|mle_ms=10.78|monotonic_ms=10|clock_delta_ms=.78|cl
ock_suspect=0
PMLE_LIVE_REPLAY_TIC|tic=1303|mle_ms=39.274|monotonic_ms=40|clock_delta_ms=.726|
clock_suspect=0
PMLE_LIVE_REPLAY_TIC|tic=1304|mle_ms=16.935|monotonic_ms=20|clock_delta_ms=3.065
|clock_suspect=0
PMLE_LIVE_REPLAY_TIC|tic=1305|mle_ms=8.745|monotonic_ms=10|clock_delta_ms=1.255|
clock_suspect=0
PMLE_LIVE_REPLAY_TIC|tic=1306|mle_ms=48.744|monotonic_ms=40|clock_delta_ms=8.744
|clock_suspect=0
PMLE_LIVE_REPLAY_TIC|tic=1307|mle_ms=16.981|monotonic_ms=20|clock_delta_ms=3.019
|clock_suspect=0
PMLE_LIVE_REPLAY_TIC|tic=1308|mle_ms=13.451|monotonic_ms=20|clock_delta_ms=6.549
|clock_suspect=0
PMLE_LIVE_REPLAY_TIC|tic=1309|mle_ms=20.993|monotonic_ms=20|clock_delta_ms=.993|
clock_suspect=0
PMLE_LIVE_REPLAY_TIC|tic=1310|mle_ms=8.918|monotonic_ms=10|clock_delta_ms=1.082|
clock_suspect=0
PMLE_LIVE_REPLAY_TIC|tic=1311|mle_ms=18.784|monotonic_ms=10|clock_delta_ms=8.784
|clock_suspect=0
PMLE_LIVE_REPLAY_TIC|tic=1312|mle_ms=24.07|monotonic_ms=30|clock_delta_ms=5.93|c
lock_suspect=0
PMLE_LIVE_REPLAY_TIC|tic=1313|mle_ms=27.096|monotonic_ms=30|clock_delta_ms=2.904
|clock_suspect=0
PMLE_LIVE_REPLAY_TIC|tic=1314|mle_ms=17.6|monotonic_ms=10|clock_delta_ms=7.6|clo
ck_suspect=0
PMLE_LIVE_REPLAY_TIC|tic=1315|mle_ms=25.33|monotonic_ms=30|clock_delta_ms=4.67|c
lock_suspect=0
PMLE_LIVE_REPLAY_TIC|tic=1316|mle_ms=43.028|monotonic_ms=40|clock_delta_ms=3.028
|clock_suspect=0
PMLE_LIVE_REPLAY_TIC|tic=1317|mle_ms=17.289|monotonic_ms=20|clock_delta_ms=2.711
|clock_suspect=0
PMLE_LIVE_REPLAY_TIC|tic=1318|mle_ms=46.036|monotonic_ms=50|clock_delta_ms=3.964
|clock_suspect=0
PMLE_LIVE_REPLAY_TIC|tic=1319|mle_ms=11.991|monotonic_ms=10|clock_delta_ms=1.991
|clock_suspect=0
PMLE_LIVE_REPLAY_TIC|tic=1320|mle_ms=10.275|monotonic_ms=10|clock_delta_ms=.275|
clock_suspect=0
PMLE_LIVE_REPLAY_TIC|tic=1321|mle_ms=42.115|monotonic_ms=40|clock_delta_ms=2.115
|clock_suspect=0
PMLE_LIVE_REPLAY_TIC|tic=1322|mle_ms=9.682|monotonic_ms=10|clock_delta_ms=.318|c
lock_suspect=0
PMLE_LIVE_REPLAY_TIC|tic=1323|mle_ms=25.638|monotonic_ms=30|clock_delta_ms=4.362
|clock_suspect=0
PMLE_LIVE_REPLAY_TIC|tic=1324|mle_ms=29.366|monotonic_ms=20|clock_delta_ms=9.366
|clock_suspect=0
PMLE_LIVE_REPLAY_TIC|tic=1325|mle_ms=8.572|monotonic_ms=10|clock_delta_ms=1.428|
clock_suspect=0
PMLE_LIVE_REPLAY_TIC|tic=1326|mle_ms=36.905|monotonic_ms=40|clock_delta_ms=3.095
|clock_suspect=0
PMLE_LIVE_REPLAY_TIC|tic=1327|mle_ms=28.966|monotonic_ms=30|clock_delta_ms=1.034
|clock_suspect=0
PMLE_LIVE_REPLAY_TIC|tic=1328|mle_ms=14.119|monotonic_ms=10|clock_delta_ms=4.119
|clock_suspect=0
PMLE_LIVE_REPLAY_TIC|tic=1329|mle_ms=11.954|monotonic_ms=20|clock_delta_ms=8.046
|clock_suspect=0
PMLE_LIVE_REPLAY_TIC|tic=1330|mle_ms=37.035|monotonic_ms=30|clock_delta_ms=7.035
|clock_suspect=0
PMLE_LIVE_REPLAY_TIC|tic=1331|mle_ms=19.73|monotonic_ms=20|clock_delta_ms=.27|cl
ock_suspect=0
PMLE_LIVE_REPLAY_TIC|tic=1332|mle_ms=11.653|monotonic_ms=10|clock_delta_ms=1.653
|clock_suspect=0
PMLE_LIVE_REPLAY_TIC|tic=1333|mle_ms=45.657|monotonic_ms=50|clock_delta_ms=4.343
|clock_suspect=0
PMLE_LIVE_REPLAY_TIC|tic=1334|mle_ms=19.897|monotonic_ms=20|clock_delta_ms=.103|
clock_suspect=0
PMLE_LIVE_REPLAY_TIC|tic=1335|mle_ms=9.241|monotonic_ms=10|clock_delta_ms=.759|c
lock_suspect=0
PMLE_LIVE_REPLAY_TIC|tic=1336|mle_ms=65.688|monotonic_ms=70|clock_delta_ms=4.312
|clock_suspect=0
PMLE_LIVE_REPLAY_TIC|tic=1337|mle_ms=16.081|monotonic_ms=10|clock_delta_ms=6.081
|clock_suspect=0
PMLE_LIVE_REPLAY_TIC|tic=1338|mle_ms=12.953|monotonic_ms=10|clock_delta_ms=2.953
|clock_suspect=0
PMLE_LIVE_REPLAY_TIC|tic=1339|mle_ms=20.872|monotonic_ms=30|clock_delta_ms=9.128
|clock_suspect=0
PMLE_LIVE_REPLAY_TIC|tic=1340|mle_ms=8.378|monotonic_ms=0|clock_delta_ms=8.378|c
lock_suspect=0
PMLE_LIVE_REPLAY_TIC|tic=1341|mle_ms=16.421|monotonic_ms=20|clock_delta_ms=3.579
|clock_suspect=0
PMLE_LIVE_REPLAY_TIC|tic=1342|mle_ms=19.125|monotonic_ms=20|clock_delta_ms=.875|
clock_suspect=0
PMLE_LIVE_REPLAY_TIC|tic=1343|mle_ms=29.344|monotonic_ms=30|clock_delta_ms=.656|
clock_suspect=0
PMLE_LIVE_REPLAY_TIC|tic=1344|mle_ms=23.891|monotonic_ms=20|clock_delta_ms=3.891
|clock_suspect=0
PMLE_LIVE_REPLAY_TIC|tic=1345|mle_ms=18.465|monotonic_ms=20|clock_delta_ms=1.535
|clock_suspect=0
PMLE_LIVE_REPLAY_TIC|tic=1346|mle_ms=35.278|monotonic_ms=40|clock_delta_ms=4.722
|clock_suspect=0
PMLE_LIVE_REPLAY_TIC|tic=1347|mle_ms=14.334|monotonic_ms=10|clock_delta_ms=4.334
|clock_suspect=0
PMLE_LIVE_REPLAY_TIC|tic=1348|mle_ms=44.53|monotonic_ms=50|clock_delta_ms=5.47|c
lock_suspect=0
PMLE_LIVE_REPLAY_TIC|tic=1349|mle_ms=10.888|monotonic_ms=10|clock_delta_ms=.888|
clock_suspect=0
PMLE_LIVE_REPLAY_TIC|tic=1350|mle_ms=9.866|monotonic_ms=10|clock_delta_ms=.134|c
lock_suspect=0
PMLE_LIVE_REPLAY_TIC|tic=1351|mle_ms=25.478|monotonic_ms=20|clock_delta_ms=5.478
|clock_suspect=0
PMLE_LIVE_REPLAY_TIC|tic=1352|mle_ms=9.688|monotonic_ms=10|clock_delta_ms=.312|c
lock_suspect=0
PMLE_LIVE_REPLAY_TIC|tic=1353|mle_ms=34.651|monotonic_ms=40|clock_delta_ms=5.349
|clock_suspect=0
PMLE_LIVE_REPLAY_TIC|tic=1354|mle_ms=30.024|monotonic_ms=30|clock_delta_ms=.024|
clock_suspect=0
PMLE_LIVE_REPLAY_TIC|tic=1355|mle_ms=8.999|monotonic_ms=10|clock_delta_ms=1.001|
clock_suspect=0
PMLE_LIVE_REPLAY_TIC|tic=1356|mle_ms=35.549|monotonic_ms=30|clock_delta_ms=5.549
|clock_suspect=0
PMLE_LIVE_REPLAY_TIC|tic=1357|mle_ms=23.928|monotonic_ms=30|clock_delta_ms=6.072
|clock_suspect=0
PMLE_LIVE_REPLAY_TIC|tic=1358|mle_ms=13.05|monotonic_ms=10|clock_delta_ms=3.05|c
lock_suspect=0
PMLE_LIVE_REPLAY_TIC|tic=1359|mle_ms=12.366|monotonic_ms=10|clock_delta_ms=2.366
|clock_suspect=0
PMLE_LIVE_REPLAY_TIC|tic=1360|mle_ms=19.911|monotonic_ms=20|clock_delta_ms=.089|
clock_suspect=0
PMLE_LIVE_REPLAY_TIC|tic=1361|mle_ms=20.008|monotonic_ms=20|clock_delta_ms=.008|
clock_suspect=0
PMLE_LIVE_REPLAY_TIC|tic=1362|mle_ms=11.162|monotonic_ms=10|clock_delta_ms=1.162
|clock_suspect=0
PMLE_LIVE_REPLAY_TIC|tic=1363|mle_ms=37.453|monotonic_ms=40|clock_delta_ms=2.547
|clock_suspect=0
PMLE_LIVE_REPLAY_TIC|tic=1364|mle_ms=19.819|monotonic_ms=20|clock_delta_ms=.181|
clock_suspect=0
PMLE_LIVE_REPLAY_TIC|tic=1365|mle_ms=9.554|monotonic_ms=10|clock_delta_ms=.446|c
lock_suspect=0
PMLE_LIVE_REPLAY_TIC|tic=1366|mle_ms=51.414|monotonic_ms=50|clock_delta_ms=1.414
|clock_suspect=0
PMLE_LIVE_REPLAY_TIC|tic=1367|mle_ms=14.696|monotonic_ms=20|clock_delta_ms=5.304
|clock_suspect=0
PMLE_LIVE_REPLAY_TIC|tic=1368|mle_ms=13.269|monotonic_ms=10|clock_delta_ms=3.269
|clock_suspect=0
PMLE_LIVE_REPLAY_TIC|tic=1369|mle_ms=20.875|monotonic_ms=20|clock_delta_ms=.875|
clock_suspect=0
PMLE_LIVE_REPLAY_TIC|tic=1370|mle_ms=8.767|monotonic_ms=10|clock_delta_ms=1.233|
clock_suspect=0
PMLE_LIVE_REPLAY_TIC|tic=1371|mle_ms=15.513|monotonic_ms=10|clock_delta_ms=5.513
|clock_suspect=0
PMLE_LIVE_REPLAY_TIC|tic=1372|mle_ms=17.468|monotonic_ms=20|clock_delta_ms=2.532
|clock_suspect=0
PMLE_LIVE_REPLAY_TIC|tic=1373|mle_ms=27.319|monotonic_ms=30|clock_delta_ms=2.681
|clock_suspect=0
PMLE_LIVE_REPLAY_TIC|tic=1374|mle_ms=19.4|monotonic_ms=20|clock_delta_ms=.6|cloc
k_suspect=0
PMLE_LIVE_REPLAY_TIC|tic=1375|mle_ms=16.395|monotonic_ms=20|clock_delta_ms=3.605
|clock_suspect=0
PMLE_LIVE_REPLAY_TIC|tic=1376|mle_ms=37.389|monotonic_ms=30|clock_delta_ms=7.389
|clock_suspect=0
PMLE_LIVE_REPLAY_TIC|tic=1377|mle_ms=15.056|monotonic_ms=20|clock_delta_ms=4.944
|clock_suspect=0
PMLE_LIVE_REPLAY_TIC|tic=1378|mle_ms=20.248|monotonic_ms=20|clock_delta_ms=.248|
clock_suspect=0
PMLE_LIVE_REPLAY_TIC|tic=1379|mle_ms=11.21|monotonic_ms=10|clock_delta_ms=1.21|c
lock_suspect=0
PMLE_LIVE_REPLAY_TIC|tic=1380|mle_ms=9.734|monotonic_ms=10|clock_delta_ms=.266|c
lock_suspect=0
PMLE_LIVE_REPLAY_TIC|tic=1381|mle_ms=28.438|monotonic_ms=30|clock_delta_ms=1.562
|clock_suspect=0
PMLE_LIVE_REPLAY_TIC|tic=1382|mle_ms=11.05|monotonic_ms=10|clock_delta_ms=1.05|c
lock_suspect=0
PMLE_LIVE_REPLAY_TIC|tic=1383|mle_ms=25.141|monotonic_ms=20|clock_delta_ms=5.141
|clock_suspect=0
PMLE_LIVE_REPLAY_TIC|tic=1384|mle_ms=36.078|monotonic_ms=40|clock_delta_ms=3.922
|clock_suspect=0
PMLE_LIVE_REPLAY_TIC|tic=1385|mle_ms=10.712|monotonic_ms=10|clock_delta_ms=.712|
clock_suspect=0
PMLE_LIVE_REPLAY_TIC|tic=1386|mle_ms=43.264|monotonic_ms=40|clock_delta_ms=3.264
|clock_suspect=0
PMLE_LIVE_REPLAY_TIC|tic=1387|mle_ms=28.166|monotonic_ms=30|clock_delta_ms=1.834
|clock_suspect=0
PMLE_LIVE_REPLAY_TIC|tic=1388|mle_ms=13.006|monotonic_ms=20|clock_delta_ms=6.994
|clock_suspect=0
PMLE_LIVE_REPLAY_TIC|tic=1389|mle_ms=11.515|monotonic_ms=10|clock_delta_ms=1.515
|clock_suspect=0
PMLE_LIVE_REPLAY_TIC|tic=1390|mle_ms=30.063|monotonic_ms=30|clock_delta_ms=.063|
clock_suspect=0
PMLE_LIVE_REPLAY_TIC|tic=1391|mle_ms=20.337|monotonic_ms=20|clock_delta_ms=.337|
clock_suspect=0
PMLE_LIVE_REPLAY_TIC|tic=1392|mle_ms=11.924|monotonic_ms=10|clock_delta_ms=1.924
|clock_suspect=0
PMLE_LIVE_REPLAY_TIC|tic=1393|mle_ms=45.452|monotonic_ms=50|clock_delta_ms=4.548
|clock_suspect=0
PMLE_LIVE_REPLAY_TIC|tic=1394|mle_ms=26.829|monotonic_ms=20|clock_delta_ms=6.829
|clock_suspect=0
PMLE_LIVE_REPLAY_TIC|tic=1395|mle_ms=14.526|monotonic_ms=20|clock_delta_ms=5.474
|clock_suspect=0
PMLE_LIVE_REPLAY_TIC|tic=1396|mle_ms=52.684|monotonic_ms=50|clock_delta_ms=2.684
|clock_suspect=0
PMLE_LIVE_REPLAY_TIC|tic=1397|mle_ms=19.204|monotonic_ms=20|clock_delta_ms=.796|
clock_suspect=0
PMLE_LIVE_REPLAY_TIC|tic=1398|mle_ms=17.856|monotonic_ms=20|clock_delta_ms=2.144
|clock_suspect=0
PMLE_LIVE_REPLAY_TIC|tic=1399|mle_ms=43.48|monotonic_ms=40|clock_delta_ms=3.48|c
lock_suspect=0
PMLE_LIVE_REPLAY_TIC|tic=1400|mle_ms=12.966|monotonic_ms=10|clock_delta_ms=2.966
|clock_suspect=0
PMLE_LIVE_REPLAY_TIC|tic=1401|mle_ms=21.968|monotonic_ms=20|clock_delta_ms=1.968
|clock_suspect=0
PMLE_LIVE_REPLAY_TIC|tic=1402|mle_ms=27.187|monotonic_ms=30|clock_delta_ms=2.813
|clock_suspect=0
PMLE_LIVE_REPLAY_TIC|tic=1403|mle_ms=35.558|monotonic_ms=40|clock_delta_ms=4.442
|clock_suspect=0
PMLE_LIVE_REPLAY_TIC|tic=1404|mle_ms=26.564|monotonic_ms=20|clock_delta_ms=6.564
|clock_suspect=0
PMLE_LIVE_REPLAY_TIC|tic=1405|mle_ms=24.861|monotonic_ms=30|clock_delta_ms=5.139
|clock_suspect=0
PMLE_LIVE_REPLAY_TIC|tic=1406|mle_ms=47.998|monotonic_ms=50|clock_delta_ms=2.002
|clock_suspect=0
PMLE_LIVE_REPLAY_TIC|tic=1407|mle_ms=22.214|monotonic_ms=20|clock_delta_ms=2.214
|clock_suspect=0
PMLE_LIVE_REPLAY_TIC|tic=1408|mle_ms=32.89|monotonic_ms=30|clock_delta_ms=2.89|c
lock_suspect=0
PMLE_LIVE_REPLAY_TIC|tic=1409|mle_ms=17.632|monotonic_ms=20|clock_delta_ms=2.368
|clock_suspect=0
PMLE_LIVE_REPLAY_TIC|tic=1410|mle_ms=15.803|monotonic_ms=10|clock_delta_ms=5.803
|clock_suspect=0
PMLE_LIVE_REPLAY_TIC|tic=1411|mle_ms=41.052|monotonic_ms=40|clock_delta_ms=1.052
|clock_suspect=0
PMLE_LIVE_REPLAY_TIC|tic=1412|mle_ms=16.101|monotonic_ms=10|clock_delta_ms=6.101
|clock_suspect=0
PMLE_LIVE_REPLAY_TIC|tic=1413|mle_ms=30.095|monotonic_ms=30|clock_delta_ms=.095|
clock_suspect=0
PMLE_LIVE_REPLAY_TIC|tic=1414|mle_ms=38.323|monotonic_ms=40|clock_delta_ms=1.677
|clock_suspect=0
PMLE_LIVE_REPLAY_TIC|tic=1415|mle_ms=14.703|monotonic_ms=20|clock_delta_ms=5.297
|clock_suspect=0
PMLE_LIVE_REPLAY_TIC|tic=1416|mle_ms=50.827|monotonic_ms=50|clock_delta_ms=.827|
clock_suspect=0
PMLE_LIVE_REPLAY_TIC|tic=1417|mle_ms=33.75|monotonic_ms=30|clock_delta_ms=3.75|c
lock_suspect=0
PMLE_LIVE_REPLAY_TIC|tic=1418|mle_ms=19.812|monotonic_ms=20|clock_delta_ms=.188|
clock_suspect=0
PMLE_LIVE_REPLAY_TIC|tic=1419|mle_ms=18.88|monotonic_ms=20|clock_delta_ms=1.12|c
lock_suspect=0
PMLE_LIVE_REPLAY_TIC|tic=1420|mle_ms=31.596|monotonic_ms=30|clock_delta_ms=1.596
|clock_suspect=0
PMLE_LIVE_REPLAY_TIC|tic=1421|mle_ms=29.021|monotonic_ms=30|clock_delta_ms=.979|
clock_suspect=0
PMLE_LIVE_REPLAY_TIC|tic=1422|mle_ms=20.486|monotonic_ms=20|clock_delta_ms=.486|
clock_suspect=0
PMLE_LIVE_REPLAY_TIC|tic=1423|mle_ms=54.5|monotonic_ms=60|clock_delta_ms=5.5|clo
ck_suspect=0
PMLE_LIVE_REPLAY_TIC|tic=1424|mle_ms=36.994|monotonic_ms=30|clock_delta_ms=6.994
|clock_suspect=0
PMLE_LIVE_REPLAY_TIC|tic=1425|mle_ms=21.516|monotonic_ms=20|clock_delta_ms=1.516
|clock_suspect=0
PMLE_LIVE_REPLAY_TIC|tic=1426|mle_ms=66.961|monotonic_ms=70|clock_delta_ms=3.039
|clock_suspect=0
PMLE_LIVE_REPLAY_TIC|tic=1427|mle_ms=29.688|monotonic_ms=30|clock_delta_ms=.312|
clock_suspect=0
PMLE_LIVE_REPLAY_TIC|tic=1428|mle_ms=28.143|monotonic_ms=30|clock_delta_ms=1.857
|clock_suspect=0
PMLE_LIVE_REPLAY_TIC|tic=1429|mle_ms=37.67|monotonic_ms=40|clock_delta_ms=2.33|c
lock_suspect=0
PMLE_LIVE_REPLAY_TIC|tic=1430|mle_ms=24.983|monotonic_ms=20|clock_delta_ms=4.983
|clock_suspect=0
PMLE_LIVE_REPLAY_TIC|tic=1431|mle_ms=32.984|monotonic_ms=30|clock_delta_ms=2.984
|clock_suspect=0
PMLE_LIVE_REPLAY_TIC|tic=1432|mle_ms=76.674|monotonic_ms=80|clock_delta_ms=3.326
|clock_suspect=0
PMLE_LIVE_REPLAY_TIC|tic=1433|mle_ms=30.893|monotonic_ms=30|clock_delta_ms=.893|
clock_suspect=0
PMLE_LIVE_REPLAY_TIC|tic=1434|mle_ms=28.509|monotonic_ms=30|clock_delta_ms=1.491
|clock_suspect=0
PMLE_LIVE_REPLAY_TIC|tic=1435|mle_ms=88.59|monotonic_ms=90|clock_delta_ms=1.41|c
lock_suspect=0
PMLE_LIVE_REPLAY_TIC|tic=1436|mle_ms=38.29|monotonic_ms=40|clock_delta_ms=1.71|c
lock_suspect=0
PMLE_LIVE_REPLAY_TIC|tic=1437|mle_ms=18.94|monotonic_ms=20|clock_delta_ms=1.06|c
lock_suspect=0
PMLE_LIVE_REPLAY_TIC|tic=1438|mle_ms=140.977|monotonic_ms=140|clock_delta_ms=.97
7|clock_suspect=0
PMLE_LIVE_REPLAY_TIC|tic=1439|mle_ms=20.53|monotonic_ms=20|clock_delta_ms=.53|cl
ock_suspect=0
PMLE_LIVE_REPLAY_TIC|tic=1440|mle_ms=18.525|monotonic_ms=20|clock_delta_ms=1.475
|clock_suspect=0
PMLE_LIVE_REPLAY_TIC|tic=1441|mle_ms=100.006|monotonic_ms=100|clock_delta_ms=.00
6|clock_suspect=0
PMLE_LIVE_REPLAY_TIC|tic=1442|mle_ms=17.97|monotonic_ms=20|clock_delta_ms=2.03|c
lock_suspect=0
PMLE_LIVE_REPLAY_TIC|tic=1443|mle_ms=35.842|monotonic_ms=30|clock_delta_ms=5.842
|clock_suspect=0
PMLE_LIVE_REPLAY_TIC|tic=1444|mle_ms=124.5|monotonic_ms=130|clock_delta_ms=5.5|c
lock_suspect=0
PMLE_LIVE_REPLAY_TIC|tic=1445|mle_ms=15.284|monotonic_ms=10|clock_delta_ms=5.284
|clock_suspect=0
PMLE_LIVE_REPLAY_TIC|tic=1446|mle_ms=47.257|monotonic_ms=50|clock_delta_ms=2.743
|clock_suspect=0
PMLE_LIVE_REPLAY_TIC|tic=1447|mle_ms=113.15|monotonic_ms=110|clock_delta_ms=3.15
|clock_suspect=0
PMLE_LIVE_REPLAY_TIC|tic=1448|mle_ms=23.258|monotonic_ms=30|clock_delta_ms=6.742
|clock_suspect=0
PMLE_LIVE_REPLAY_TIC|tic=1449|mle_ms=22.314|monotonic_ms=20|clock_delta_ms=2.314
|clock_suspect=0
PMLE_LIVE_REPLAY_TIC|tic=1450|mle_ms=148.169|monotonic_ms=150|clock_delta_ms=1.8
31|clock_suspect=0
PMLE_LIVE_REPLAY_TIC|tic=1451|mle_ms=29.901|monotonic_ms=30|clock_delta_ms=.099|
clock_suspect=0
PMLE_LIVE_REPLAY_TIC|tic=1452|mle_ms=19.737|monotonic_ms=20|clock_delta_ms=.263|
clock_suspect=0
PMLE_LIVE_REPLAY_TIC|tic=1453|mle_ms=137.284|monotonic_ms=130|clock_delta_ms=7.2
84|clock_suspect=0
PMLE_LIVE_REPLAY_TIC|tic=1454|mle_ms=33.669|monotonic_ms=40|clock_delta_ms=6.331
|clock_suspect=0
PMLE_LIVE_REPLAY_TIC|tic=1455|mle_ms=17.852|monotonic_ms=20|clock_delta_ms=2.148
|clock_suspect=0
PMLE_LIVE_REPLAY_TIC|tic=1456|mle_ms=111.636|monotonic_ms=110|clock_delta_ms=1.6
36|clock_suspect=0
PMLE_LIVE_REPLAY_TIC|tic=1457|mle_ms=19.04|monotonic_ms=20|clock_delta_ms=.96|cl
ock_suspect=0
PMLE_LIVE_REPLAY_TIC|tic=1458|mle_ms=16.037|monotonic_ms=10|clock_delta_ms=6.037
|clock_suspect=0
PMLE_LIVE_REPLAY_TIC|tic=1459|mle_ms=92.809|monotonic_ms=100|clock_delta_ms=7.19
1|clock_suspect=0
PMLE_LIVE_REPLAY_TIC|tic=1460|mle_ms=10.441|monotonic_ms=10|clock_delta_ms=.441|
clock_suspect=0
PMLE_LIVE_REPLAY_TIC|tic=1461|mle_ms=24.183|monotonic_ms=20|clock_delta_ms=4.183
|clock_suspect=0
PMLE_LIVE_REPLAY_TIC|tic=1462|mle_ms=87.925|monotonic_ms=90|clock_delta_ms=2.075
|clock_suspect=0
PMLE_LIVE_REPLAY_TIC|tic=1463|mle_ms=26.486|monotonic_ms=20|clock_delta_ms=6.486
|clock_suspect=0
PMLE_LIVE_REPLAY_TIC|tic=1464|mle_ms=19.477|monotonic_ms=20|clock_delta_ms=.523|
clock_suspect=0
PMLE_LIVE_REPLAY_TIC|tic=1465|mle_ms=90.668|monotonic_ms=90|clock_delta_ms=.668|
clock_suspect=0
PMLE_LIVE_REPLAY_TIC|tic=1466|mle_ms=37.441|monotonic_ms=40|clock_delta_ms=2.559
|clock_suspect=0
PMLE_LIVE_REPLAY_TIC|tic=1467|mle_ms=19.68|monotonic_ms=20|clock_delta_ms=.32|cl
ock_suspect=0
PMLE_LIVE_REPLAY_TIC|tic=1468|mle_ms=76.298|monotonic_ms=80|clock_delta_ms=3.702
|clock_suspect=0
PMLE_LIVE_REPLAY_TIC|tic=1469|mle_ms=13.019|monotonic_ms=10|clock_delta_ms=3.019
|clock_suspect=0
PMLE_LIVE_REPLAY_TIC|tic=1470|mle_ms=11.095|monotonic_ms=10|clock_delta_ms=1.095
|clock_suspect=0
PMLE_LIVE_REPLAY_TIC|tic=1471|mle_ms=104.685|monotonic_ms=110|clock_delta_ms=5.3
15|clock_suspect=0
PMLE_LIVE_REPLAY_TIC|tic=1472|mle_ms=14.567|monotonic_ms=10|clock_delta_ms=4.567
|clock_suspect=0
PMLE_LIVE_REPLAY_TIC|tic=1473|mle_ms=31.861|monotonic_ms=30|clock_delta_ms=1.861
|clock_suspect=0
PMLE_LIVE_REPLAY_TIC|tic=1474|mle_ms=103.997|monotonic_ms=110|clock_delta_ms=6.0
03|clock_suspect=0
PMLE_LIVE_REPLAY_TIC|tic=1475|mle_ms=11.988|monotonic_ms=10|clock_delta_ms=1.988
|clock_suspect=0
PMLE_LIVE_REPLAY_TIC|tic=1476|mle_ms=41.358|monotonic_ms=40|clock_delta_ms=1.358
|clock_suspect=0
PMLE_LIVE_REPLAY_TIC|tic=1477|mle_ms=71.461|monotonic_ms=70|clock_delta_ms=1.461
|clock_suspect=0
PMLE_LIVE_REPLAY_TIC|tic=1478|mle_ms=13.309|monotonic_ms=20|clock_delta_ms=6.691
|clock_suspect=0
PMLE_LIVE_REPLAY_TIC|tic=1479|mle_ms=11.972|monotonic_ms=10|clock_delta_ms=1.972
|clock_suspect=0
PMLE_LIVE_REPLAY_TIC|tic=1480|mle_ms=66.572|monotonic_ms=70|clock_delta_ms=3.428
|clock_suspect=0
PMLE_LIVE_REPLAY_TIC|tic=1481|mle_ms=47.384|monotonic_ms=40|clock_delta_ms=7.384
|clock_suspect=0
PMLE_LIVE_REPLAY_TIC|tic=1482|mle_ms=12.119|monotonic_ms=10|clock_delta_ms=2.119
|clock_suspect=0
PMLE_LIVE_REPLAY_TIC|tic=1483|mle_ms=100.175|monotonic_ms=100|clock_delta_ms=.17
5|clock_suspect=0
PMLE_LIVE_REPLAY_TIC|tic=1484|mle_ms=19.522|monotonic_ms=20|clock_delta_ms=.478|
clock_suspect=0
PMLE_LIVE_REPLAY_TIC|tic=1485|mle_ms=10.952|monotonic_ms=20|clock_delta_ms=9.048
|clock_suspect=0
PMLE_LIVE_REPLAY_TIC|tic=1486|mle_ms=114.735|monotonic_ms=110|clock_delta_ms=4.7
35|clock_suspect=0
PMLE_LIVE_REPLAY_TIC|tic=1487|mle_ms=17.11|monotonic_ms=20|clock_delta_ms=2.89|c
lock_suspect=0
PMLE_LIVE_REPLAY_TIC|tic=1488|mle_ms=14.611|monotonic_ms=10|clock_delta_ms=4.611
|clock_suspect=0
PMLE_LIVE_REPLAY_TIC|tic=1489|mle_ms=74.387|monotonic_ms=80|clock_delta_ms=5.613
|clock_suspect=0
PMLE_LIVE_REPLAY_TIC|tic=1490|mle_ms=10.166|monotonic_ms=10|clock_delta_ms=.166|
clock_suspect=0
PMLE_LIVE_REPLAY_TIC|tic=1491|mle_ms=42.078|monotonic_ms=40|clock_delta_ms=2.078
|clock_suspect=0
PMLE_LIVE_REPLAY_TIC|tic=1492|mle_ms=51.88|monotonic_ms=50|clock_delta_ms=1.88|c
lock_suspect=0
PMLE_LIVE_REPLAY_TIC|tic=1493|mle_ms=48.133|monotonic_ms=50|clock_delta_ms=1.867
|clock_suspect=0
PMLE_LIVE_REPLAY_TIC|tic=1494|mle_ms=19.411|monotonic_ms=20|clock_delta_ms=.589|
clock_suspect=0
PMLE_LIVE_REPLAY_TIC|tic=1495|mle_ms=62.021|monotonic_ms=60|clock_delta_ms=2.021
|clock_suspect=0
PMLE_LIVE_REPLAY_TIC|tic=1496|mle_ms=47.08|monotonic_ms=50|clock_delta_ms=2.92|c
lock_suspect=0
PMLE_LIVE_REPLAY_TIC|tic=1497|mle_ms=19.727|monotonic_ms=20|clock_delta_ms=.273|
clock_suspect=0
PMLE_LIVE_REPLAY_TIC|tic=1498|mle_ms=44.429|monotonic_ms=40|clock_delta_ms=4.429
|clock_suspect=0
PMLE_LIVE_REPLAY_TIC|tic=1499|mle_ms=12.48|monotonic_ms=10|clock_delta_ms=2.48|c
lock_suspect=0
PMLE_LIVE_REPLAY_TIC|tic=1500|mle_ms=11.892|monotonic_ms=20|clock_delta_ms=8.108
|clock_suspect=0
PMLE_LIVE_REPLAY_TIC|tic=1501|mle_ms=73.619|monotonic_ms=70|clock_delta_ms=3.619
|clock_suspect=0
PMLE_LIVE_REPLAY_TIC|tic=1502|mle_ms=12.629|monotonic_ms=10|clock_delta_ms=2.629
|clock_suspect=0
PMLE_LIVE_REPLAY_TIC|tic=1503|mle_ms=55.409|monotonic_ms=60|clock_delta_ms=4.591
|clock_suspect=0
PMLE_LIVE_REPLAY_TIC|tic=1504|mle_ms=41.13|monotonic_ms=40|clock_delta_ms=1.13|c
lock_suspect=0
PMLE_LIVE_REPLAY_TIC|tic=1505|mle_ms=17.183|monotonic_ms=20|clock_delta_ms=2.817
|clock_suspect=0
PMLE_LIVE_REPLAY_TIC|tic=1506|mle_ms=43.367|monotonic_ms=40|clock_delta_ms=3.367
|clock_suspect=0
PMLE_LIVE_REPLAY_TIC|tic=1507|mle_ms=58.045|monotonic_ms=60|clock_delta_ms=1.955
|clock_suspect=0
PMLE_LIVE_REPLAY_TIC|tic=1508|mle_ms=16.878|monotonic_ms=10|clock_delta_ms=6.878
|clock_suspect=0
PMLE_LIVE_REPLAY_TIC|tic=1509|mle_ms=16.217|monotonic_ms=20|clock_delta_ms=3.783
|clock_suspect=0
PMLE_LIVE_REPLAY_TIC|tic=1510|mle_ms=42.81|monotonic_ms=40|clock_delta_ms=2.81|c
lock_suspect=0
PMLE_LIVE_REPLAY_TIC|tic=1511|mle_ms=52.787|monotonic_ms=60|clock_delta_ms=7.213
|clock_suspect=0
PMLE_LIVE_REPLAY_TIC|tic=1512|mle_ms=13.045|monotonic_ms=10|clock_delta_ms=3.045
|clock_suspect=0
PMLE_LIVE_REPLAY_TIC|tic=1513|mle_ms=110.664|monotonic_ms=110|clock_delta_ms=.66
4|clock_suspect=0
PMLE_LIVE_REPLAY_TIC|tic=1514|mle_ms=56.021|monotonic_ms=60|clock_delta_ms=3.979
|clock_suspect=0
PMLE_LIVE_REPLAY_TIC|tic=1515|mle_ms=13.628|monotonic_ms=10|clock_delta_ms=3.628
|clock_suspect=0
PMLE_LIVE_REPLAY_TIC|tic=1516|mle_ms=65.797|monotonic_ms=70|clock_delta_ms=4.203
|clock_suspect=0
PMLE_LIVE_REPLAY_TIC|tic=1517|mle_ms=60.858|monotonic_ms=60|clock_delta_ms=.858|
clock_suspect=0
PMLE_LIVE_REPLAY_TIC|tic=1518|mle_ms=15.408|monotonic_ms=10|clock_delta_ms=5.408
|clock_suspect=0
PMLE_LIVE_REPLAY_TIC|tic=1519|mle_ms=52.028|monotonic_ms=50|clock_delta_ms=2.028
|clock_suspect=0
PMLE_LIVE_REPLAY_TIC|tic=1520|mle_ms=47.036|monotonic_ms=50|clock_delta_ms=2.964
|clock_suspect=0
PMLE_LIVE_REPLAY_TIC|tic=1521|mle_ms=49.239|monotonic_ms=50|clock_delta_ms=.761|
clock_suspect=0
PMLE_LIVE_REPLAY_TIC|tic=1522|mle_ms=38.302|monotonic_ms=40|clock_delta_ms=1.698
|clock_suspect=0
PMLE_LIVE_REPLAY_TIC|tic=1523|mle_ms=97.65|monotonic_ms=100|clock_delta_ms=2.35|
clock_suspect=0
PMLE_LIVE_REPLAY_TIC|tic=1524|mle_ms=25.705|monotonic_ms=20|clock_delta_ms=5.705
|clock_suspect=0
PMLE_LIVE_REPLAY_TIC|tic=1525|mle_ms=44.61|monotonic_ms=50|clock_delta_ms=5.39|c
lock_suspect=0
PMLE_LIVE_REPLAY_TIC|tic=1526|mle_ms=64.713|monotonic_ms=60|clock_delta_ms=4.713
|clock_suspect=0
PMLE_LIVE_REPLAY_TIC|tic=1527|mle_ms=19.117|monotonic_ms=20|clock_delta_ms=.883|
clock_suspect=0
PMLE_LIVE_REPLAY_TIC|tic=1528|mle_ms=57.927|monotonic_ms=60|clock_delta_ms=2.073
|clock_suspect=0
PMLE_LIVE_REPLAY_TIC|tic=1529|mle_ms=53.647|monotonic_ms=50|clock_delta_ms=3.647
|clock_suspect=0
PMLE_LIVE_REPLAY_TIC|tic=1530|mle_ms=17.259|monotonic_ms=20|clock_delta_ms=2.741
|clock_suspect=0
PMLE_LIVE_REPLAY_TIC|tic=1531|mle_ms=75.484|monotonic_ms=80|clock_delta_ms=4.516
|clock_suspect=0
PMLE_LIVE_REPLAY_TIC|tic=1532|mle_ms=45.697|monotonic_ms=40|clock_delta_ms=5.697
|clock_suspect=0
PMLE_LIVE_REPLAY_TIC|tic=1533|mle_ms=42.957|monotonic_ms=50|clock_delta_ms=7.043
|clock_suspect=0
PMLE_LIVE_REPLAY_TIC|tic=1534|mle_ms=26.276|monotonic_ms=20|clock_delta_ms=6.276
|clock_suspect=0
PMLE_LIVE_REPLAY_TIC|tic=1535|mle_ms=42.501|monotonic_ms=40|clock_delta_ms=2.501
|clock_suspect=0
PMLE_LIVE_REPLAY_TIC|tic=1536|mle_ms=38.52|monotonic_ms=40|clock_delta_ms=1.48|c
lock_suspect=0
PMLE_LIVE_REPLAY_TIC|tic=1537|mle_ms=19.321|monotonic_ms=20|clock_delta_ms=.679|
clock_suspect=0
PMLE_LIVE_REPLAY_TIC|tic=1538|mle_ms=51.386|monotonic_ms=50|clock_delta_ms=1.386
|clock_suspect=0
PMLE_LIVE_REPLAY_TIC|tic=1539|mle_ms=18.726|monotonic_ms=20|clock_delta_ms=1.274
|clock_suspect=0
PMLE_LIVE_REPLAY_TIC|tic=1540|mle_ms=16.761|monotonic_ms=20|clock_delta_ms=3.239
|clock_suspect=0
PMLE_LIVE_REPLAY_TIC|tic=1541|mle_ms=98.505|monotonic_ms=100|clock_delta_ms=1.49
5|clock_suspect=0
PMLE_LIVE_REPLAY_TIC|tic=1542|mle_ms=19.583|monotonic_ms=20|clock_delta_ms=.417|
clock_suspect=0
PMLE_LIVE_REPLAY_TIC|tic=1543|mle_ms=62.293|monotonic_ms=60|clock_delta_ms=2.293
|clock_suspect=0
PMLE_LIVE_REPLAY_TIC|tic=1544|mle_ms=71.526|monotonic_ms=70|clock_delta_ms=1.526
|clock_suspect=0
PMLE_LIVE_REPLAY_TIC|tic=1545|mle_ms=16.583|monotonic_ms=20|clock_delta_ms=3.417
|clock_suspect=0
PMLE_LIVE_REPLAY_TIC|tic=1546|mle_ms=51.583|monotonic_ms=50|clock_delta_ms=1.583
|clock_suspect=0
PMLE_LIVE_REPLAY_TIC|tic=1547|mle_ms=67.797|monotonic_ms=70|clock_delta_ms=2.203
|clock_suspect=0
PMLE_LIVE_REPLAY_TIC|tic=1548|mle_ms=21.063|monotonic_ms=20|clock_delta_ms=1.063
|clock_suspect=0
PMLE_LIVE_REPLAY_TIC|tic=1549|mle_ms=20.583|monotonic_ms=20|clock_delta_ms=.583|
clock_suspect=0
PMLE_LIVE_REPLAY_TIC|tic=1550|mle_ms=47.231|monotonic_ms=50|clock_delta_ms=2.769
|clock_suspect=0
PMLE_LIVE_REPLAY_TIC|tic=1551|mle_ms=49.641|monotonic_ms=50|clock_delta_ms=.359|
clock_suspect=0
PMLE_LIVE_REPLAY_TIC|tic=1552|mle_ms=17.499|monotonic_ms=10|clock_delta_ms=7.499
|clock_suspect=0
PMLE_LIVE_REPLAY_TIC|tic=1553|mle_ms=91.955|monotonic_ms=100|clock_delta_ms=8.04
5|clock_suspect=0
PMLE_LIVE_REPLAY_TIC|tic=1554|mle_ms=37.193|monotonic_ms=30|clock_delta_ms=7.193
|clock_suspect=0
PMLE_LIVE_REPLAY_TIC|tic=1555|mle_ms=19.657|monotonic_ms=20|clock_delta_ms=.343|
clock_suspect=0
PMLE_LIVE_REPLAY_TIC|tic=1556|mle_ms=95.272|monotonic_ms=100|clock_delta_ms=4.72
8|clock_suspect=0
PMLE_LIVE_REPLAY_TIC|tic=1557|mle_ms=22.062|monotonic_ms=20|clock_delta_ms=2.062
|clock_suspect=0
PMLE_LIVE_REPLAY_TIC|tic=1558|mle_ms=21.862|monotonic_ms=20|clock_delta_ms=1.862
|clock_suspect=0
PMLE_LIVE_REPLAY_TIC|tic=1559|mle_ms=85.336|monotonic_ms=90|clock_delta_ms=4.664
|clock_suspect=0
PMLE_LIVE_REPLAY_TIC|tic=1560|mle_ms=17.28|monotonic_ms=20|clock_delta_ms=2.72|c
lock_suspect=0
PMLE_LIVE_REPLAY_TIC|tic=1561|mle_ms=49.68|monotonic_ms=50|clock_delta_ms=.32|cl
ock_suspect=0
PMLE_LIVE_REPLAY_TIC|tic=1562|mle_ms=95.612|monotonic_ms=90|clock_delta_ms=5.612
|clock_suspect=0
PMLE_LIVE_REPLAY_TIC|tic=1563|mle_ms=58.651|monotonic_ms=60|clock_delta_ms=1.349
|clock_suspect=0
PMLE_LIVE_REPLAY_TIC|tic=1564|mle_ms=34.441|monotonic_ms=30|clock_delta_ms=4.441
|clock_suspect=0
PMLE_LIVE_REPLAY_TIC|tic=1565|mle_ms=83.257|monotonic_ms=90|clock_delta_ms=6.743
|clock_suspect=0
PMLE_LIVE_REPLAY_TIC|tic=1566|mle_ms=50.4|monotonic_ms=50|clock_delta_ms=.4|cloc
k_suspect=0
PMLE_LIVE_REPLAY_TIC|tic=1567|mle_ms=25.613|monotonic_ms=20|clock_delta_ms=5.613
|clock_suspect=0
PMLE_LIVE_REPLAY_TIC|tic=1568|mle_ms=70.845|monotonic_ms=70|clock_delta_ms=.845|
clock_suspect=0
PMLE_LIVE_REPLAY_TIC|tic=1569|mle_ms=17.252|monotonic_ms=20|clock_delta_ms=2.748
|clock_suspect=0
PMLE_LIVE_REPLAY_TIC|tic=1570|mle_ms=17.746|monotonic_ms=20|clock_delta_ms=2.254
|clock_suspect=0
PMLE_LIVE_REPLAY_TIC|tic=1571|mle_ms=108.617|monotonic_ms=110|clock_delta_ms=1.3
83|clock_suspect=0
PMLE_LIVE_REPLAY_TIC|tic=1572|mle_ms=18.142|monotonic_ms=20|clock_delta_ms=1.858
|clock_suspect=0
PMLE_LIVE_REPLAY_TIC|tic=1573|mle_ms=51.136|monotonic_ms=50|clock_delta_ms=1.136
|clock_suspect=0
PMLE_LIVE_REPLAY_TIC|tic=1574|mle_ms=61.64|monotonic_ms=60|clock_delta_ms=1.64|c
lock_suspect=0
PMLE_LIVE_REPLAY_TIC|tic=1575|mle_ms=19.703|monotonic_ms=20|clock_delta_ms=.297|
clock_suspect=0
PMLE_LIVE_REPLAY_TIC|tic=1576|mle_ms=35.017|monotonic_ms=30|clock_delta_ms=5.017
|clock_suspect=0
PMLE_LIVE_REPLAY_TIC|tic=1577|mle_ms=51.71|monotonic_ms=60|clock_delta_ms=8.29|c
lock_suspect=0
PMLE_LIVE_REPLAY_TIC|tic=1578|mle_ms=19.401|monotonic_ms=20|clock_delta_ms=.599|
clock_suspect=0
PMLE_LIVE_REPLAY_TIC|tic=1579|mle_ms=20.506|monotonic_ms=20|clock_delta_ms=.506|
clock_suspect=0
PMLE_LIVE_REPLAY_TIC|tic=1580|mle_ms=55.003|monotonic_ms=50|clock_delta_ms=5.003
|clock_suspect=0
PMLE_LIVE_REPLAY_TIC|tic=1581|mle_ms=50.939|monotonic_ms=50|clock_delta_ms=.939|
clock_suspect=0
PMLE_LIVE_REPLAY_TIC|tic=1582|mle_ms=16.027|monotonic_ms=20|clock_delta_ms=3.973
|clock_suspect=0
PMLE_LIVE_REPLAY_TIC|tic=1583|mle_ms=71.019|monotonic_ms=70|clock_delta_ms=1.019
|clock_suspect=0
PMLE_LIVE_REPLAY_TIC|tic=1584|mle_ms=29.802|monotonic_ms=30|clock_delta_ms=.198|
clock_suspect=0
PMLE_LIVE_REPLAY_TIC|tic=1585|mle_ms=15.464|monotonic_ms=10|clock_delta_ms=5.464
|clock_suspect=0
PMLE_LIVE_REPLAY_TIC|tic=1586|mle_ms=72.778|monotonic_ms=80|clock_delta_ms=7.222
|clock_suspect=0
PMLE_LIVE_REPLAY_TIC|tic=1587|mle_ms=54.782|monotonic_ms=50|clock_delta_ms=4.782
|clock_suspect=0
PMLE_LIVE_REPLAY_TIC|tic=1588|mle_ms=25.004|monotonic_ms=30|clock_delta_ms=4.996
|clock_suspect=0
PMLE_LIVE_REPLAY_TIC|tic=1589|mle_ms=56.611|monotonic_ms=50|clock_delta_ms=6.611
|clock_suspect=0
PMLE_LIVE_REPLAY_TIC|tic=1590|mle_ms=19.045|monotonic_ms=20|clock_delta_ms=.955|
clock_suspect=0
PMLE_LIVE_REPLAY_TIC|tic=1591|mle_ms=54.141|monotonic_ms=60|clock_delta_ms=5.859
|clock_suspect=0
PMLE_LIVE_REPLAY_TIC|tic=1592|mle_ms=53.363|monotonic_ms=50|clock_delta_ms=3.363
|clock_suspect=0
PMLE_LIVE_REPLAY_TIC|tic=1593|mle_ms=47.642|monotonic_ms=50|clock_delta_ms=2.358
|clock_suspect=0
PMLE_LIVE_REPLAY_TIC|tic=1594|mle_ms=38.558|monotonic_ms=40|clock_delta_ms=1.442
|clock_suspect=0
PMLE_LIVE_REPLAY_TIC|tic=1595|mle_ms=60.797|monotonic_ms=60|clock_delta_ms=.797|
clock_suspect=0
PMLE_LIVE_REPLAY_TIC|tic=1596|mle_ms=107.74|monotonic_ms=110|clock_delta_ms=2.26
|clock_suspect=0
PMLE_LIVE_REPLAY_TIC|tic=1597|mle_ms=61.968|monotonic_ms=60|clock_delta_ms=1.968
|clock_suspect=0
PMLE_LIVE_REPLAY_TIC|tic=1598|mle_ms=87.799|monotonic_ms=90|clock_delta_ms=2.201
|clock_suspect=0
PMLE_LIVE_REPLAY_TIC|tic=1599|mle_ms=89.191|monotonic_ms=90|clock_delta_ms=.809|
clock_suspect=0
PMLE_LIVE_REPLAY_TIC|tic=1600|mle_ms=31.923|monotonic_ms=30|clock_delta_ms=1.923
|clock_suspect=0
PMLE_LIVE_REPLAY_TIC|tic=1601|mle_ms=106.279|monotonic_ms=100|clock_delta_ms=6.2
79|clock_suspect=0
PMLE_LIVE_REPLAY_TIC|tic=1602|mle_ms=89.54|monotonic_ms=90|clock_delta_ms=.46|cl
ock_suspect=0
PMLE_LIVE_REPLAY_TIC|tic=1603|mle_ms=55.709|monotonic_ms=60|clock_delta_ms=4.291
|clock_suspect=0
PMLE_LIVE_REPLAY_TIC|tic=1604|mle_ms=81.236|monotonic_ms=80|clock_delta_ms=1.236
|clock_suspect=0
PMLE_LIVE_REPLAY_TIC|tic=1605|mle_ms=79.236|monotonic_ms=80|clock_delta_ms=.764|
clock_suspect=0
PMLE_LIVE_REPLAY_TIC|tic=1606|mle_ms=71.745|monotonic_ms=70|clock_delta_ms=1.745
|clock_suspect=0
PMLE_LIVE_REPLAY_TIC|tic=1607|mle_ms=116.563|monotonic_ms=120|clock_delta_ms=3.4
37|clock_suspect=0
PMLE_LIVE_REPLAY_TIC|tic=1608|mle_ms=109.931|monotonic_ms=110|clock_delta_ms=.06
9|clock_suspect=0
PMLE_LIVE_REPLAY_TIC|tic=1609|mle_ms=40.187|monotonic_ms=40|clock_delta_ms=.187|
clock_suspect=0
PMLE_LIVE_REPLAY_TIC|tic=1610|mle_ms=82.782|monotonic_ms=80|clock_delta_ms=2.782
|clock_suspect=0
PMLE_LIVE_REPLAY_TIC|tic=1611|mle_ms=120.192|monotonic_ms=120|clock_delta_ms=.19
2|clock_suspect=0
PMLE_LIVE_REPLAY_TIC|tic=1612|mle_ms=38.249|monotonic_ms=40|clock_delta_ms=1.751
|clock_suspect=0
PMLE_LIVE_REPLAY_TIC|tic=1613|mle_ms=104.285|monotonic_ms=100|clock_delta_ms=4.2
85|clock_suspect=0
PMLE_LIVE_REPLAY_TIC|tic=1614|mle_ms=111.108|monotonic_ms=110|clock_delta_ms=1.1
08|clock_suspect=0
PMLE_LIVE_REPLAY_TIC|tic=1615|mle_ms=44.883|monotonic_ms=50|clock_delta_ms=5.117
|clock_suspect=0
PMLE_LIVE_REPLAY_TIC|tic=1616|mle_ms=102.864|monotonic_ms=100|clock_delta_ms=2.8
64|clock_suspect=0
PMLE_LIVE_REPLAY_TIC|tic=1617|mle_ms=97.626|monotonic_ms=100|clock_delta_ms=2.37
4|clock_suspect=0
PMLE_LIVE_REPLAY_TIC|tic=1618|mle_ms=45.684|monotonic_ms=50|clock_delta_ms=4.316
|clock_suspect=0
PMLE_LIVE_REPLAY_TIC|tic=1619|mle_ms=85.897|monotonic_ms=80|clock_delta_ms=5.897
|clock_suspect=0
PMLE_LIVE_REPLAY_TIC|tic=1620|mle_ms=93.821|monotonic_ms=100|clock_delta_ms=6.17
9|clock_suspect=0
PMLE_LIVE_REPLAY_TIC|tic=1621|mle_ms=79.925|monotonic_ms=80|clock_delta_ms=.075|
clock_suspect=0
PMLE_LIVE_REPLAY_TIC|tic=1622|mle_ms=114.463|monotonic_ms=110|clock_delta_ms=4.4
63|clock_suspect=0
PMLE_LIVE_REPLAY_TIC|tic=1623|mle_ms=119.417|monotonic_ms=120|clock_delta_ms=.58
3|clock_suspect=0
PMLE_LIVE_REPLAY_TIC|tic=1624|mle_ms=49.377|monotonic_ms=50|clock_delta_ms=.623|
clock_suspect=0
PMLE_LIVE_REPLAY_TIC|tic=1625|mle_ms=83.407|monotonic_ms=80|clock_delta_ms=3.407
|clock_suspect=0
PMLE_LIVE_REPLAY_TIC|tic=1626|mle_ms=112.944|monotonic_ms=120|clock_delta_ms=7.0
56|clock_suspect=0
PMLE_LIVE_REPLAY_TIC|tic=1627|mle_ms=45.816|monotonic_ms=40|clock_delta_ms=5.816
|clock_suspect=0
PMLE_LIVE_REPLAY_TIC|tic=1628|mle_ms=85.235|monotonic_ms=90|clock_delta_ms=4.765
|clock_suspect=0
PMLE_LIVE_REPLAY_TIC|tic=1629|mle_ms=90.744|monotonic_ms=90|clock_delta_ms=.744|
clock_suspect=0
PMLE_LIVE_REPLAY_TIC|tic=1630|mle_ms=42.575|monotonic_ms=40|clock_delta_ms=2.575
|clock_suspect=0
PMLE_LIVE_REPLAY_TIC|tic=1631|mle_ms=137.12|monotonic_ms=140|clock_delta_ms=2.88
|clock_suspect=0
PMLE_LIVE_REPLAY_TIC|tic=1632|mle_ms=107.076|monotonic_ms=100|clock_delta_ms=7.0
76|clock_suspect=0
PMLE_LIVE_REPLAY_TIC|tic=1633|mle_ms=67.62|monotonic_ms=70|clock_delta_ms=2.38|c
lock_suspect=0
PMLE_LIVE_REPLAY_TIC|tic=1634|mle_ms=113.4|monotonic_ms=120|clock_delta_ms=6.6|c
lock_suspect=0
PMLE_LIVE_REPLAY_TIC|tic=1635|mle_ms=86.06|monotonic_ms=80|clock_delta_ms=6.06|c
lock_suspect=0
PMLE_LIVE_REPLAY_TIC|tic=1636|mle_ms=60.158|monotonic_ms=60|clock_delta_ms=.158|
clock_suspect=0
PMLE_LIVE_REPLAY_TIC|tic=1637|mle_ms=103.946|monotonic_ms=110|clock_delta_ms=6.0
54|clock_suspect=0
PMLE_LIVE_REPLAY_TIC|tic=1638|mle_ms=98.816|monotonic_ms=90|clock_delta_ms=8.816
|clock_suspect=0
PMLE_LIVE_REPLAY_TIC|tic=1639|mle_ms=35.954|monotonic_ms=40|clock_delta_ms=4.046
|clock_suspect=0
PMLE_LIVE_REPLAY_TIC|tic=1640|mle_ms=97.854|monotonic_ms=100|clock_delta_ms=2.14
6|clock_suspect=0
PMLE_LIVE_REPLAY_TIC|tic=1641|mle_ms=110.96|monotonic_ms=110|clock_delta_ms=.96|
clock_suspect=0
PMLE_LIVE_REPLAY_TIC|tic=1642|mle_ms=36.86|monotonic_ms=40|clock_delta_ms=3.14|c
lock_suspect=0
PMLE_LIVE_REPLAY_TIC|tic=1643|mle_ms=87.805|monotonic_ms=80|clock_delta_ms=7.805
|clock_suspect=0
PMLE_LIVE_REPLAY_TIC|tic=1644|mle_ms=103.445|monotonic_ms=110|clock_delta_ms=6.5
55|clock_suspect=0
PMLE_LIVE_REPLAY_TIC|tic=1645|mle_ms=257.7|monotonic_ms=260|clock_delta_ms=2.3|c
lock_suspect=0
PMLE_LIVE_REPLAY_TIC|tic=1646|mle_ms=110.041|monotonic_ms=110|clock_delta_ms=.04
1|clock_suspect=0
PMLE_LIVE_REPLAY_TIC|tic=1647|mle_ms=122.824|monotonic_ms=120|clock_delta_ms=2.8
24|clock_suspect=0
PMLE_LIVE_REPLAY_TIC|tic=1648|mle_ms=143.168|monotonic_ms=140|clock_delta_ms=3.1
68|clock_suspect=0
PMLE_LIVE_REPLAY_TIC|tic=1649|mle_ms=84.158|monotonic_ms=90|clock_delta_ms=5.842
|clock_suspect=0
PMLE_LIVE_REPLAY_TIC|tic=1650|mle_ms=112.07|monotonic_ms=110|clock_delta_ms=2.07
|clock_suspect=0
PMLE_LIVE_REPLAY_TIC|tic=1651|mle_ms=70.653|monotonic_ms=70|clock_delta_ms=.653|
clock_suspect=0
PMLE_LIVE_REPLAY_TIC|tic=1652|mle_ms=92.452|monotonic_ms=90|clock_delta_ms=2.452
|clock_suspect=0
PMLE_LIVE_REPLAY_TIC|tic=1653|mle_ms=132.036|monotonic_ms=130|clock_delta_ms=2.0
36|clock_suspect=0
PMLE_LIVE_REPLAY_TIC|tic=1654|mle_ms=50.399|monotonic_ms=50|clock_delta_ms=.399|
clock_suspect=0
PMLE_LIVE_REPLAY_TIC|tic=1655|mle_ms=90.534|monotonic_ms=90|clock_delta_ms=.534|
clock_suspect=0
PMLE_LIVE_REPLAY_TIC|tic=1656|mle_ms=128.964|monotonic_ms=130|clock_delta_ms=1.0
36|clock_suspect=0
PMLE_LIVE_REPLAY_TIC|tic=1657|mle_ms=41.099|monotonic_ms=40|clock_delta_ms=1.099
|clock_suspect=0
PMLE_LIVE_REPLAY_TIC|tic=1658|mle_ms=93.075|monotonic_ms=100|clock_delta_ms=6.92
5|clock_suspect=0
PMLE_LIVE_REPLAY_TIC|tic=1659|mle_ms=112.41|monotonic_ms=110|clock_delta_ms=2.41
|clock_suspect=0
PMLE_LIVE_REPLAY_TIC|tic=1660|mle_ms=21.111|monotonic_ms=20|clock_delta_ms=1.111
|clock_suspect=0
PMLE_LIVE_REPLAY_TIC|tic=1661|mle_ms=99.361|monotonic_ms=100|clock_delta_ms=.639
|clock_suspect=0
PMLE_LIVE_REPLAY_TIC|tic=1662|mle_ms=99.257|monotonic_ms=100|clock_delta_ms=.743
|clock_suspect=0
PMLE_LIVE_REPLAY_TIC|tic=1663|mle_ms=41.877|monotonic_ms=40|clock_delta_ms=1.877
|clock_suspect=0
PMLE_LIVE_REPLAY_TIC|tic=1664|mle_ms=118.707|monotonic_ms=120|clock_delta_ms=1.2
93|clock_suspect=0
PMLE_LIVE_REPLAY_TIC|tic=1665|mle_ms=126.574|monotonic_ms=130|clock_delta_ms=3.4
26|clock_suspect=0
PMLE_LIVE_REPLAY_TIC|tic=1666|mle_ms=40.064|monotonic_ms=40|clock_delta_ms=.064|
clock_suspect=0
PMLE_LIVE_REPLAY_TIC|tic=1667|mle_ms=77.895|monotonic_ms=80|clock_delta_ms=2.105
|clock_suspect=0
PMLE_LIVE_REPLAY_TIC|tic=1668|mle_ms=104.931|monotonic_ms=100|clock_delta_ms=4.9
31|clock_suspect=0
PMLE_LIVE_REPLAY_TIC|tic=1669|mle_ms=27.948|monotonic_ms=30|clock_delta_ms=2.052
|clock_suspect=0
PMLE_LIVE_REPLAY_TIC|tic=1670|mle_ms=81.362|monotonic_ms=80|clock_delta_ms=1.362
|clock_suspect=0
PMLE_LIVE_REPLAY_TIC|tic=1671|mle_ms=99.696|monotonic_ms=100|clock_delta_ms=.304
|clock_suspect=0
PMLE_LIVE_REPLAY_TIC|tic=1672|mle_ms=25.806|monotonic_ms=30|clock_delta_ms=4.194
|clock_suspect=0
PMLE_LIVE_REPLAY_TIC|tic=1673|mle_ms=91.238|monotonic_ms=90|clock_delta_ms=1.238
|clock_suspect=0
PMLE_LIVE_REPLAY_TIC|tic=1674|mle_ms=101.616|monotonic_ms=100|clock_delta_ms=1.6
16|clock_suspect=0
PMLE_LIVE_REPLAY_TIC|tic=1675|mle_ms=22.802|monotonic_ms=20|clock_delta_ms=2.802
|clock_suspect=0
PMLE_LIVE_REPLAY_TIC|tic=1676|mle_ms=85.309|monotonic_ms=90|clock_delta_ms=4.691
|clock_suspect=0
PMLE_LIVE_REPLAY_TIC|tic=1677|mle_ms=107.706|monotonic_ms=110|clock_delta_ms=2.2
94|clock_suspect=0
PMLE_LIVE_REPLAY_TIC|tic=1678|mle_ms=24.327|monotonic_ms=20|clock_delta_ms=4.327
|clock_suspect=0
PMLE_LIVE_REPLAY_TIC|tic=1679|mle_ms=86.16|monotonic_ms=90|clock_delta_ms=3.84|c
lock_suspect=0
PMLE_LIVE_REPLAY_TIC|tic=1680|mle_ms=107.813|monotonic_ms=100|clock_delta_ms=7.8
13|clock_suspect=0
PMLE_LIVE_REPLAY_TIC|tic=1681|mle_ms=20.28|monotonic_ms=20|clock_delta_ms=.28|cl
ock_suspect=0
PMLE_LIVE_REPLAY_TIC|tic=1682|mle_ms=82.392|monotonic_ms=90|clock_delta_ms=7.608
|clock_suspect=0
PMLE_LIVE_REPLAY_TIC|tic=1683|mle_ms=119.726|monotonic_ms=120|clock_delta_ms=.27
4|clock_suspect=0
PMLE_LIVE_REPLAY_TIC|tic=1684|mle_ms=30.435|monotonic_ms=30|clock_delta_ms=.435|
clock_suspect=0
PMLE_LIVE_REPLAY_TIC|tic=1685|mle_ms=78.022|monotonic_ms=70|clock_delta_ms=8.022
|clock_suspect=0
PMLE_LIVE_REPLAY_TIC|tic=1686|mle_ms=112.403|monotonic_ms=120|clock_delta_ms=7.5
97|clock_suspect=0
PMLE_LIVE_REPLAY_TIC|tic=1687|mle_ms=21.976|monotonic_ms=20|clock_delta_ms=1.976
|clock_suspect=0
PMLE_LIVE_REPLAY_TIC|tic=1688|mle_ms=72.781|monotonic_ms=70|clock_delta_ms=2.781
|clock_suspect=0
PMLE_LIVE_REPLAY_TIC|tic=1689|mle_ms=93.462|monotonic_ms=100|clock_delta_ms=6.53
8|clock_suspect=0
PMLE_LIVE_REPLAY_TIC|tic=1690|mle_ms=26.988|monotonic_ms=20|clock_delta_ms=6.988
|clock_suspect=0
PMLE_LIVE_REPLAY_TIC|tic=1691|mle_ms=81.847|monotonic_ms=80|clock_delta_ms=1.847
|clock_suspect=0
PMLE_LIVE_REPLAY_TIC|tic=1692|mle_ms=98.003|monotonic_ms=100|clock_delta_ms=1.99
7|clock_suspect=0
PMLE_LIVE_REPLAY_TIC|tic=1693|mle_ms=29.965|monotonic_ms=30|clock_delta_ms=.035|
clock_suspect=0
PMLE_LIVE_REPLAY_TIC|tic=1694|mle_ms=115.208|monotonic_ms=120|clock_delta_ms=4.7
92|clock_suspect=0
PMLE_LIVE_REPLAY_TIC|tic=1695|mle_ms=112.344|monotonic_ms=110|clock_delta_ms=2.3
44|clock_suspect=0
PMLE_LIVE_REPLAY_TIC|tic=1696|mle_ms=56.848|monotonic_ms=60|clock_delta_ms=3.152
|clock_suspect=0
PMLE_LIVE_REPLAY_TIC|tic=1697|mle_ms=84.17|monotonic_ms=80|clock_delta_ms=4.17|c
lock_suspect=0
PMLE_LIVE_REPLAY_TIC|tic=1698|mle_ms=111.369|monotonic_ms=110|clock_delta_ms=1.3
69|clock_suspect=0
PMLE_LIVE_REPLAY_TIC|tic=1699|mle_ms=20.572|monotonic_ms=20|clock_delta_ms=.572|
clock_suspect=0
PMLE_LIVE_REPLAY_TIC|tic=1700|mle_ms=66.384|monotonic_ms=70|clock_delta_ms=3.616
|clock_suspect=0
PMLE_LIVE_REPLAY_TIC|tic=1701|mle_ms=86.143|monotonic_ms=90|clock_delta_ms=3.857
|clock_suspect=0
PMLE_LIVE_REPLAY_TIC|tic=1702|mle_ms=18.038|monotonic_ms=10|clock_delta_ms=8.038
|clock_suspect=0
PMLE_LIVE_REPLAY_TIC|tic=1703|mle_ms=79.679|monotonic_ms=80|clock_delta_ms=.321|
clock_suspect=0
PMLE_LIVE_REPLAY_TIC|tic=1704|mle_ms=105.938|monotonic_ms=110|clock_delta_ms=4.0
62|clock_suspect=0
PMLE_LIVE_REPLAY_TIC|tic=1705|mle_ms=18.687|monotonic_ms=20|clock_delta_ms=1.313
|clock_suspect=0
PMLE_LIVE_REPLAY_TIC|tic=1706|mle_ms=102.293|monotonic_ms=100|clock_delta_ms=2.2
93|clock_suspect=0
PMLE_LIVE_REPLAY_TIC|tic=1707|mle_ms=80.146|monotonic_ms=80|clock_delta_ms=.146|
clock_suspect=0
PMLE_LIVE_REPLAY_TIC|tic=1708|mle_ms=11.212|monotonic_ms=10|clock_delta_ms=1.212
|clock_suspect=0
PMLE_LIVE_REPLAY_TIC|tic=1709|mle_ms=63.929|monotonic_ms=70|clock_delta_ms=6.071
|clock_suspect=0
PMLE_LIVE_REPLAY_TIC|tic=1710|mle_ms=84.093|monotonic_ms=80|clock_delta_ms=4.093
|clock_suspect=0
PMLE_LIVE_REPLAY_TIC|tic=1711|mle_ms=12.768|monotonic_ms=10|clock_delta_ms=2.768
|clock_suspect=0
PMLE_LIVE_REPLAY_TIC|tic=1712|mle_ms=17.38|monotonic_ms=20|clock_delta_ms=2.62|c
lock_suspect=0
PMLE_LIVE_REPLAY_TIC|tic=1713|mle_ms=98.912|monotonic_ms=100|clock_delta_ms=1.08
8|clock_suspect=0
PMLE_LIVE_REPLAY_TIC|tic=1714|mle_ms=18.488|monotonic_ms=20|clock_delta_ms=1.512
|clock_suspect=0
PMLE_LIVE_REPLAY_TIC|tic=1715|mle_ms=21.405|monotonic_ms=20|clock_delta_ms=1.405
|clock_suspect=0
PMLE_LIVE_REPLAY_TIC|tic=1716|mle_ms=114.158|monotonic_ms=120|clock_delta_ms=5.8
42|clock_suspect=0
PMLE_LIVE_REPLAY_TIC|tic=1717|mle_ms=11.294|monotonic_ms=10|clock_delta_ms=1.294
|clock_suspect=0
PMLE_LIVE_REPLAY_TIC|tic=1718|mle_ms=59.24|monotonic_ms=60|clock_delta_ms=.76|cl
ock_suspect=0
PMLE_LIVE_REPLAY_TIC|tic=1719|mle_ms=81.136|monotonic_ms=80|clock_delta_ms=1.136
|clock_suspect=0
PMLE_LIVE_REPLAY_TIC|tic=1720|mle_ms=13.548|monotonic_ms=10|clock_delta_ms=3.548
|clock_suspect=0
PMLE_LIVE_REPLAY_TIC|tic=1721|mle_ms=61.77|monotonic_ms=60|clock_delta_ms=1.77|c
lock_suspect=0
PMLE_LIVE_REPLAY_TIC|tic=1722|mle_ms=91.258|monotonic_ms=90|clock_delta_ms=1.258
|clock_suspect=0
PMLE_LIVE_REPLAY_TIC|tic=1723|mle_ms=24.187|monotonic_ms=30|clock_delta_ms=5.813
|clock_suspect=0
PMLE_LIVE_REPLAY_TIC|tic=1724|mle_ms=88.938|monotonic_ms=90|clock_delta_ms=1.062
|clock_suspect=0
PMLE_LIVE_REPLAY_TIC|tic=1725|mle_ms=28.561|monotonic_ms=30|clock_delta_ms=1.439
|clock_suspect=0
PMLE_LIVE_REPLAY_TIC|tic=1726|mle_ms=45.223|monotonic_ms=40|clock_delta_ms=5.223
|clock_suspect=0
PMLE_LIVE_REPLAY_TIC|tic=1727|mle_ms=59.639|monotonic_ms=60|clock_delta_ms=.361|
clock_suspect=0
PMLE_LIVE_REPLAY_TIC|tic=1728|mle_ms=33.228|monotonic_ms=30|clock_delta_ms=3.228
|clock_suspect=0
PMLE_LIVE_REPLAY_TIC|tic=1729|mle_ms=13.679|monotonic_ms=20|clock_delta_ms=6.321
|clock_suspect=0
PMLE_LIVE_REPLAY_TIC|tic=1730|mle_ms=86.759|monotonic_ms=80|clock_delta_ms=6.759
|clock_suspect=0
PMLE_LIVE_REPLAY_TIC|tic=1731|mle_ms=27.002|monotonic_ms=30|clock_delta_ms=2.998
|clock_suspect=0
PMLE_LIVE_REPLAY_TIC|tic=1732|mle_ms=11.145|monotonic_ms=10|clock_delta_ms=1.145
|clock_suspect=0
PMLE_LIVE_REPLAY_TIC|tic=1733|mle_ms=73.035|monotonic_ms=80|clock_delta_ms=6.965
|clock_suspect=0
PMLE_LIVE_REPLAY_TIC|tic=1734|mle_ms=40.835|monotonic_ms=40|clock_delta_ms=.835|
clock_suspect=0
PMLE_LIVE_REPLAY_TIC|tic=1735|mle_ms=13.811|monotonic_ms=10|clock_delta_ms=3.811
|clock_suspect=0
PMLE_LIVE_REPLAY_TIC|tic=1736|mle_ms=101.247|monotonic_ms=100|clock_delta_ms=1.2
47|clock_suspect=0
PMLE_LIVE_REPLAY_TIC|tic=1737|mle_ms=33.751|monotonic_ms=40|clock_delta_ms=6.249
|clock_suspect=0
PMLE_LIVE_REPLAY_TIC|tic=1738|mle_ms=11.712|monotonic_ms=10|clock_delta_ms=1.712
|clock_suspect=0
PMLE_LIVE_REPLAY_TIC|tic=1739|mle_ms=64.255|monotonic_ms=60|clock_delta_ms=4.255
|clock_suspect=0
PMLE_LIVE_REPLAY_TIC|tic=1740|mle_ms=31.477|monotonic_ms=30|clock_delta_ms=1.477
|clock_suspect=0
PMLE_LIVE_REPLAY_TIC|tic=1741|mle_ms=12.087|monotonic_ms=20|clock_delta_ms=7.913
|clock_suspect=0
PMLE_LIVE_REPLAY_TIC|tic=1742|mle_ms=17.09|monotonic_ms=10|clock_delta_ms=7.09|c
lock_suspect=0
PMLE_LIVE_REPLAY_TIC|tic=1743|mle_ms=43.583|monotonic_ms=50|clock_delta_ms=6.417
|clock_suspect=0
PMLE_LIVE_REPLAY_TIC|tic=1744|mle_ms=16.403|monotonic_ms=10|clock_delta_ms=6.403
|clock_suspect=0
PMLE_LIVE_REPLAY_TIC|tic=1745|mle_ms=14.479|monotonic_ms=20|clock_delta_ms=5.521
|clock_suspect=0
PMLE_LIVE_REPLAY_TIC|tic=1746|mle_ms=59.698|monotonic_ms=60|clock_delta_ms=.302|
clock_suspect=0
PMLE_LIVE_REPLAY_TIC|tic=1747|mle_ms=11.739|monotonic_ms=10|clock_delta_ms=1.739
|clock_suspect=0
PMLE_LIVE_REPLAY_TIC|tic=1748|mle_ms=20.562|monotonic_ms=20|clock_delta_ms=.562|
clock_suspect=0
PMLE_LIVE_REPLAY_TIC|tic=1749|mle_ms=33.808|monotonic_ms=30|clock_delta_ms=3.808
|clock_suspect=0
PMLE_LIVE_REPLAY_TIC|tic=1750|mle_ms=11.836|monotonic_ms=20|clock_delta_ms=8.164
|clock_suspect=0
PMLE_LIVE_REPLAY_TIC|tic=1751|mle_ms=17.796|monotonic_ms=10|clock_delta_ms=7.796
|clock_suspect=0
PMLE_LIVE_REPLAY_TIC|tic=1752|mle_ms=74.359|monotonic_ms=80|clock_delta_ms=5.641
|clock_suspect=0
PMLE_LIVE_REPLAY_TIC|tic=1753|mle_ms=20.426|monotonic_ms=20|clock_delta_ms=.426|
clock_suspect=0
PMLE_LIVE_REPLAY_TIC|tic=1754|mle_ms=18.377|monotonic_ms=20|clock_delta_ms=1.623
|clock_suspect=0
PMLE_LIVE_REPLAY_TIC|tic=1755|mle_ms=92.149|monotonic_ms=90|clock_delta_ms=2.149
|clock_suspect=0
PMLE_LIVE_REPLAY_TIC|tic=1756|mle_ms=44.217|monotonic_ms=40|clock_delta_ms=4.217
|clock_suspect=0
PMLE_LIVE_REPLAY_TIC|tic=1757|mle_ms=14.921|monotonic_ms=20|clock_delta_ms=5.079
|clock_suspect=0
PMLE_LIVE_REPLAY_TIC|tic=1758|mle_ms=71.297|monotonic_ms=70|clock_delta_ms=1.297
|clock_suspect=0
PMLE_LIVE_REPLAY_TIC|tic=1759|mle_ms=10.63|monotonic_ms=10|clock_delta_ms=.63|cl
ock_suspect=0
PMLE_LIVE_REPLAY_TIC|tic=1760|mle_ms=51.753|monotonic_ms=50|clock_delta_ms=1.753
|clock_suspect=0
PMLE_LIVE_REPLAY_TIC|tic=1761|mle_ms=79.453|monotonic_ms=80|clock_delta_ms=.547|
clock_suspect=0
PMLE_LIVE_REPLAY_TIC|tic=1762|mle_ms=53.46|monotonic_ms=60|clock_delta_ms=6.54|c
lock_suspect=0
PMLE_LIVE_REPLAY_TIC|tic=1763|mle_ms=76.551|monotonic_ms=70|clock_delta_ms=6.551
|clock_suspect=0
PMLE_LIVE_REPLAY_TIC|tic=1764|mle_ms=70.68|monotonic_ms=70|clock_delta_ms=.68|cl
ock_suspect=0
PMLE_LIVE_REPLAY_TIC|tic=1765|mle_ms=12.713|monotonic_ms=20|clock_delta_ms=7.287
|clock_suspect=0
PMLE_LIVE_REPLAY_TIC|tic=1766|mle_ms=83.314|monotonic_ms=80|clock_delta_ms=3.314
|clock_suspect=0
PMLE_LIVE_REPLAY_TIC|tic=1767|mle_ms=65.117|monotonic_ms=60|clock_delta_ms=5.117
|clock_suspect=0
PMLE_LIVE_REPLAY_TIC|tic=1768|mle_ms=14.933|monotonic_ms=20|clock_delta_ms=5.067
|clock_suspect=0
PMLE_LIVE_REPLAY_TIC|tic=1769|mle_ms=68.555|monotonic_ms=70|clock_delta_ms=1.445
|clock_suspect=0
PMLE_LIVE_REPLAY_TIC|tic=1770|mle_ms=69.113|monotonic_ms=70|clock_delta_ms=.887|
clock_suspect=0
PMLE_LIVE_REPLAY_TIC|tic=1771|mle_ms=16.369|monotonic_ms=10|clock_delta_ms=6.369
|clock_suspect=0
PMLE_LIVE_REPLAY_TIC|tic=1772|mle_ms=65.631|monotonic_ms=70|clock_delta_ms=4.369
|clock_suspect=0
PMLE_LIVE_REPLAY_TIC|tic=1773|mle_ms=87.055|monotonic_ms=90|clock_delta_ms=2.945
|clock_suspect=0
PMLE_LIVE_REPLAY_TIC|tic=1774|mle_ms=15.605|monotonic_ms=10|clock_delta_ms=5.605
|clock_suspect=0
PMLE_LIVE_REPLAY_TIC|tic=1775|mle_ms=69.032|monotonic_ms=70|clock_delta_ms=.968|
clock_suspect=0
PMLE_LIVE_REPLAY_TIC|tic=1776|mle_ms=121.304|monotonic_ms=120|clock_delta_ms=1.3
04|clock_suspect=0
PMLE_LIVE_REPLAY_TIC|tic=1777|mle_ms=13.236|monotonic_ms=20|clock_delta_ms=6.764
|clock_suspect=0
PMLE_LIVE_REPLAY_TIC|tic=1778|mle_ms=71.881|monotonic_ms=70|clock_delta_ms=1.881
|clock_suspect=0
PMLE_LIVE_REPLAY_TIC|tic=1779|mle_ms=67.905|monotonic_ms=70|clock_delta_ms=2.095
|clock_suspect=0
PMLE_LIVE_REPLAY_TIC|tic=1780|mle_ms=10.605|monotonic_ms=10|clock_delta_ms=.605|
clock_suspect=0
PMLE_LIVE_REPLAY_TIC|tic=1781|mle_ms=44.182|monotonic_ms=40|clock_delta_ms=4.182
|clock_suspect=0
PMLE_LIVE_REPLAY_TIC|tic=1782|mle_ms=71.307|monotonic_ms=70|clock_delta_ms=1.307
|clock_suspect=0
PMLE_LIVE_REPLAY_TIC|tic=1783|mle_ms=159.171|monotonic_ms=160|clock_delta_ms=.82
9|clock_suspect=0
PMLE_LIVE_REPLAY_TIC|tic=1784|mle_ms=24.751|monotonic_ms=30|clock_delta_ms=5.249
|clock_suspect=0
PMLE_LIVE_REPLAY_TIC|tic=1785|mle_ms=69.553|monotonic_ms=70|clock_delta_ms=.447|
clock_suspect=0
PMLE_LIVE_REPLAY_TIC|tic=1786|mle_ms=156.91|monotonic_ms=150|clock_delta_ms=6.91
|clock_suspect=0
PMLE_LIVE_REPLAY_TIC|tic=1787|mle_ms=15.698|monotonic_ms=20|clock_delta_ms=4.302
|clock_suspect=0
PMLE_LIVE_REPLAY_TIC|tic=1788|mle_ms=66.765|monotonic_ms=70|clock_delta_ms=3.235
|clock_suspect=0
PMLE_LIVE_REPLAY_TIC|tic=1789|mle_ms=13.828|monotonic_ms=10|clock_delta_ms=3.828
|clock_suspect=0
PMLE_LIVE_REPLAY_TIC|tic=1790|mle_ms=62.133|monotonic_ms=60|clock_delta_ms=2.133
|clock_suspect=0
PMLE_LIVE_REPLAY_TIC|tic=1791|mle_ms=68.299|monotonic_ms=70|clock_delta_ms=1.701
|clock_suspect=0
PMLE_LIVE_REPLAY_TIC|tic=1792|mle_ms=15.632|monotonic_ms=20|clock_delta_ms=4.368
|clock_suspect=0
PMLE_LIVE_REPLAY_TIC|tic=1793|mle_ms=76.445|monotonic_ms=70|clock_delta_ms=6.445
|clock_suspect=0
PMLE_LIVE_REPLAY_TIC|tic=1794|mle_ms=88.459|monotonic_ms=90|clock_delta_ms=1.541
|clock_suspect=0
PMLE_LIVE_REPLAY_TIC|tic=1795|mle_ms=25.484|monotonic_ms=30|clock_delta_ms=4.516
|clock_suspect=0
PMLE_LIVE_REPLAY_TIC|tic=1796|mle_ms=188.548|monotonic_ms=180|clock_delta_ms=8.5
48|clock_suspect=0
PMLE_LIVE_REPLAY_TIC|tic=1797|mle_ms=89.715|monotonic_ms=90|clock_delta_ms=.285|
clock_suspect=0
PMLE_LIVE_REPLAY_TIC|tic=1798|mle_ms=16.718|monotonic_ms=20|clock_delta_ms=3.282
|clock_suspect=0
PMLE_LIVE_REPLAY_TIC|tic=1799|mle_ms=98.522|monotonic_ms=100|clock_delta_ms=1.47
8|clock_suspect=0
PMLE_LIVE_REPLAY_TIC|tic=1800|mle_ms=109.665|monotonic_ms=110|clock_delta_ms=.33
5|clock_suspect=0
PMLE_LIVE_REPLAY_TIC|tic=1801|mle_ms=13.576|monotonic_ms=10|clock_delta_ms=3.576
|clock_suspect=0
PMLE_LIVE_REPLAY_TIC|tic=1802|mle_ms=60.699|monotonic_ms=70|clock_delta_ms=9.301
|clock_suspect=0
PMLE_LIVE_REPLAY_TIC|tic=1803|mle_ms=76.565|monotonic_ms=70|clock_delta_ms=6.565
|clock_suspect=0
PMLE_LIVE_REPLAY_TIC|tic=1804|mle_ms=18.969|monotonic_ms=20|clock_delta_ms=1.031
|clock_suspect=0
PMLE_LIVE_REPLAY_TIC|tic=1805|mle_ms=69.475|monotonic_ms=70|clock_delta_ms=.525|
clock_suspect=0
PMLE_LIVE_REPLAY_TIC|tic=1806|mle_ms=104.934|monotonic_ms=110|clock_delta_ms=5.0
66|clock_suspect=0
PMLE_LIVE_REPLAY_TIC|tic=1807|mle_ms=12.244|monotonic_ms=10|clock_delta_ms=2.244
|clock_suspect=0
PMLE_LIVE_REPLAY_TIC|tic=1808|mle_ms=60.565|monotonic_ms=60|clock_delta_ms=.565|
clock_suspect=0
PMLE_LIVE_REPLAY_TIC|tic=1809|mle_ms=72.087|monotonic_ms=70|clock_delta_ms=2.087
|clock_suspect=0
PMLE_LIVE_REPLAY_TIC|tic=1810|mle_ms=21.593|monotonic_ms=20|clock_delta_ms=1.593
|clock_suspect=0
PMLE_LIVE_REPLAY_TIC|tic=1811|mle_ms=69.097|monotonic_ms=70|clock_delta_ms=.903|
clock_suspect=0
PMLE_LIVE_REPLAY_TIC|tic=1812|mle_ms=79.145|monotonic_ms=80|clock_delta_ms=.855|
clock_suspect=0
PMLE_LIVE_REPLAY_TIC|tic=1813|mle_ms=29.184|monotonic_ms=30|clock_delta_ms=.816|
clock_suspect=0
PMLE_LIVE_REPLAY_TIC|tic=1814|mle_ms=67.116|monotonic_ms=70|clock_delta_ms=2.884
|clock_suspect=0
PMLE_LIVE_REPLAY_TIC|tic=1815|mle_ms=94.245|monotonic_ms=90|clock_delta_ms=4.245
|clock_suspect=0
PMLE_LIVE_REPLAY_TIC|tic=1816|mle_ms=57.515|monotonic_ms=60|clock_delta_ms=2.485
|clock_suspect=0
PMLE_LIVE_REPLAY_TIC|tic=1817|mle_ms=70.763|monotonic_ms=70|clock_delta_ms=.763|
clock_suspect=0
PMLE_LIVE_REPLAY_TIC|tic=1818|mle_ms=106.456|monotonic_ms=110|clock_delta_ms=3.5
44|clock_suspect=0
PMLE_LIVE_REPLAY_TIC|tic=1819|mle_ms=23.117|monotonic_ms=20|clock_delta_ms=3.117
|clock_suspect=0
PMLE_LIVE_REPLAY_TIC|tic=1820|mle_ms=77.515|monotonic_ms=80|clock_delta_ms=2.485
|clock_suspect=0
PMLE_LIVE_REPLAY_TIC|tic=1821|mle_ms=101.609|monotonic_ms=100|clock_delta_ms=1.6
09|clock_suspect=0
PMLE_LIVE_REPLAY_TIC|tic=1822|mle_ms=22.534|monotonic_ms=20|clock_delta_ms=2.534
|clock_suspect=0
PMLE_LIVE_REPLAY_TIC|tic=1823|mle_ms=67.899|monotonic_ms=70|clock_delta_ms=2.101
|clock_suspect=0
PMLE_LIVE_REPLAY_TIC|tic=1824|mle_ms=87.725|monotonic_ms=90|clock_delta_ms=2.275
|clock_suspect=0
PMLE_LIVE_REPLAY_TIC|tic=1825|mle_ms=26.436|monotonic_ms=20|clock_delta_ms=6.436
|clock_suspect=0
PMLE_LIVE_REPLAY_TIC|tic=1826|mle_ms=106.315|monotonic_ms=110|clock_delta_ms=3.6
85|clock_suspect=0
PMLE_LIVE_REPLAY_TIC|tic=1827|mle_ms=72.027|monotonic_ms=70|clock_delta_ms=2.027
|clock_suspect=0
PMLE_LIVE_REPLAY_TIC|tic=1828|mle_ms=18.562|monotonic_ms=20|clock_delta_ms=1.438
|clock_suspect=0
PMLE_LIVE_REPLAY_TIC|tic=1829|mle_ms=70.468|monotonic_ms=70|clock_delta_ms=.468|
clock_suspect=0
PMLE_LIVE_REPLAY_TIC|tic=1830|mle_ms=76.32|monotonic_ms=80|clock_delta_ms=3.68|c
lock_suspect=0
PMLE_LIVE_REPLAY_TIC|tic=1831|mle_ms=19.445|monotonic_ms=20|clock_delta_ms=.555|
clock_suspect=0
PMLE_LIVE_REPLAY_TIC|tic=1832|mle_ms=98.48|monotonic_ms=100|clock_delta_ms=1.52|
clock_suspect=0
PMLE_LIVE_REPLAY_TIC|tic=1833|mle_ms=91.332|monotonic_ms=90|clock_delta_ms=1.332
|clock_suspect=0
PMLE_LIVE_REPLAY_TIC|tic=1834|mle_ms=24.076|monotonic_ms=20|clock_delta_ms=4.076
|clock_suspect=0
PMLE_LIVE_REPLAY_TIC|tic=1835|mle_ms=58.764|monotonic_ms=60|clock_delta_ms=1.236
|clock_suspect=0
PMLE_LIVE_REPLAY_TIC|tic=1836|mle_ms=105.296|monotonic_ms=110|clock_delta_ms=4.7
04|clock_suspect=0
PMLE_LIVE_REPLAY_TIC|tic=1837|mle_ms=18.965|monotonic_ms=20|clock_delta_ms=1.035
|clock_suspect=0
PMLE_LIVE_REPLAY_TIC|tic=1838|mle_ms=62.848|monotonic_ms=60|clock_delta_ms=2.848
|clock_suspect=0
PMLE_LIVE_REPLAY_TIC|tic=1839|mle_ms=74.463|monotonic_ms=70|clock_delta_ms=4.463
|clock_suspect=0
PMLE_LIVE_REPLAY_TIC|tic=1840|mle_ms=20.129|monotonic_ms=20|clock_delta_ms=.129|
clock_suspect=0
PMLE_LIVE_REPLAY_TIC|tic=1841|mle_ms=70.35|monotonic_ms=70|clock_delta_ms=.35|cl
ock_suspect=0
PMLE_LIVE_REPLAY_TIC|tic=1842|mle_ms=100.441|monotonic_ms=100|clock_delta_ms=.44
1|clock_suspect=0
PMLE_LIVE_REPLAY_TIC|tic=1843|mle_ms=27.906|monotonic_ms=30|clock_delta_ms=2.094
|clock_suspect=0
PMLE_LIVE_REPLAY_TIC|tic=1844|mle_ms=72.475|monotonic_ms=70|clock_delta_ms=2.475
|clock_suspect=0
PMLE_LIVE_REPLAY_TIC|tic=1845|mle_ms=73.76|monotonic_ms=80|clock_delta_ms=6.24|c
lock_suspect=0
PMLE_LIVE_REPLAY_TIC|tic=1846|mle_ms=51.187|monotonic_ms=50|clock_delta_ms=1.187
|clock_suspect=0
PMLE_LIVE_REPLAY_TIC|tic=1847|mle_ms=70.791|monotonic_ms=70|clock_delta_ms=.791|
clock_suspect=0
PMLE_LIVE_REPLAY_TIC|tic=1848|mle_ms=110.186|monotonic_ms=110|clock_delta_ms=.18
6|clock_suspect=0
PMLE_LIVE_REPLAY_TIC|tic=1849|mle_ms=21.787|monotonic_ms=20|clock_delta_ms=1.787
|clock_suspect=0
PMLE_LIVE_REPLAY_TIC|tic=1850|mle_ms=101.35|monotonic_ms=100|clock_delta_ms=1.35
|clock_suspect=0
PMLE_LIVE_REPLAY_TIC|tic=1851|mle_ms=84.698|monotonic_ms=90|clock_delta_ms=5.302
|clock_suspect=0
PMLE_LIVE_REPLAY_TIC|tic=1852|mle_ms=23.117|monotonic_ms=20|clock_delta_ms=3.117
|clock_suspect=0
PMLE_LIVE_REPLAY_TIC|tic=1853|mle_ms=84.798|monotonic_ms=90|clock_delta_ms=5.202
|clock_suspect=0
PMLE_LIVE_REPLAY_TIC|tic=1854|mle_ms=120.667|monotonic_ms=120|clock_delta_ms=.66
7|clock_suspect=0
PMLE_LIVE_REPLAY_TIC|tic=1855|mle_ms=24.031|monotonic_ms=20|clock_delta_ms=4.031
|clock_suspect=0
PMLE_LIVE_REPLAY_TIC|tic=1856|mle_ms=119.133|monotonic_ms=120|clock_delta_ms=.86
7|clock_suspect=0
PMLE_LIVE_REPLAY_TIC|tic=1857|mle_ms=84.65|monotonic_ms=90|clock_delta_ms=5.35|c
lock_suspect=0
PMLE_LIVE_REPLAY_TIC|tic=1858|mle_ms=18.444|monotonic_ms=10|clock_delta_ms=8.444
|clock_suspect=0
PMLE_LIVE_REPLAY_TIC|tic=1859|mle_ms=75.7|monotonic_ms=80|clock_delta_ms=4.3|clo
ck_suspect=0
PMLE_LIVE_REPLAY_TIC|tic=1860|mle_ms=88.136|monotonic_ms=90|clock_delta_ms=1.864
|clock_suspect=0
PMLE_LIVE_REPLAY_TIC|tic=1861|mle_ms=19.785|monotonic_ms=20|clock_delta_ms=.215|
clock_suspect=0
PMLE_LIVE_REPLAY_TIC|tic=1862|mle_ms=77.927|monotonic_ms=80|clock_delta_ms=2.073
|clock_suspect=0
PMLE_LIVE_REPLAY_TIC|tic=1863|mle_ms=84.883|monotonic_ms=80|clock_delta_ms=4.883
|clock_suspect=0
PMLE_LIVE_REPLAY_TIC|tic=1864|mle_ms=23.212|monotonic_ms=20|clock_delta_ms=3.212
|clock_suspect=0
PMLE_LIVE_REPLAY_TIC|tic=1865|mle_ms=71.485|monotonic_ms=80|clock_delta_ms=8.515
|clock_suspect=0
PMLE_LIVE_REPLAY_TIC|tic=1866|mle_ms=106.727|monotonic_ms=100|clock_delta_ms=6.7
27|clock_suspect=0
PMLE_LIVE_REPLAY_TIC|tic=1867|mle_ms=19.649|monotonic_ms=20|clock_delta_ms=.351|
clock_suspect=0
PMLE_LIVE_REPLAY_TIC|tic=1868|mle_ms=94.821|monotonic_ms=100|clock_delta_ms=5.17
9|clock_suspect=0
PMLE_LIVE_REPLAY_TIC|tic=1869|mle_ms=78.11|monotonic_ms=80|clock_delta_ms=1.89|c
lock_suspect=0
PMLE_LIVE_REPLAY_TIC|tic=1870|mle_ms=21.092|monotonic_ms=20|clock_delta_ms=1.092
|clock_suspect=0
PMLE_LIVE_REPLAY_TIC|tic=1871|mle_ms=74.789|monotonic_ms=70|clock_delta_ms=4.789
|clock_suspect=0
PMLE_LIVE_REPLAY_TIC|tic=1872|mle_ms=71.575|monotonic_ms=70|clock_delta_ms=1.575
|clock_suspect=0
PMLE_LIVE_REPLAY_TIC|tic=1873|mle_ms=19.449|monotonic_ms=20|clock_delta_ms=.551|
clock_suspect=0
PMLE_LIVE_REPLAY_TIC|tic=1874|mle_ms=98.915|monotonic_ms=100|clock_delta_ms=1.08
5|clock_suspect=0
PMLE_LIVE_REPLAY_TIC|tic=1875|mle_ms=83.829|monotonic_ms=90|clock_delta_ms=6.171
|clock_suspect=0
PMLE_LIVE_REPLAY_TIC|tic=1876|mle_ms=30.224|monotonic_ms=30|clock_delta_ms=.224|
clock_suspect=0
PMLE_LIVE_REPLAY_TIC|tic=1877|mle_ms=102.954|monotonic_ms=100|clock_delta_ms=2.9
54|clock_suspect=0
PMLE_LIVE_REPLAY_TIC|tic=1878|mle_ms=88.373|monotonic_ms=90|clock_delta_ms=1.627
|clock_suspect=0
PMLE_LIVE_REPLAY_TIC|tic=1879|mle_ms=13.997|monotonic_ms=10|clock_delta_ms=3.997
|clock_suspect=0
PMLE_LIVE_REPLAY_TIC|tic=1880|mle_ms=79.59|monotonic_ms=80|clock_delta_ms=.41|cl
ock_suspect=0
PMLE_LIVE_REPLAY_TIC|tic=1881|mle_ms=78.693|monotonic_ms=80|clock_delta_ms=1.307
|clock_suspect=0
PMLE_LIVE_REPLAY_TIC|tic=1882|mle_ms=103.784|monotonic_ms=100|clock_delta_ms=3.7
84|clock_suspect=0
PMLE_LIVE_REPLAY_TIC|tic=1883|mle_ms=77.91|monotonic_ms=80|clock_delta_ms=2.09|c
lock_suspect=0
PMLE_LIVE_REPLAY_TIC|tic=1884|mle_ms=66.58|monotonic_ms=70|clock_delta_ms=3.42|c
lock_suspect=0
PMLE_LIVE_REPLAY_TIC|tic=1885|mle_ms=10.806|monotonic_ms=10|clock_delta_ms=.806|
clock_suspect=0
PMLE_LIVE_REPLAY_TIC|tic=1886|mle_ms=94.869|monotonic_ms=90|clock_delta_ms=4.869
|clock_suspect=0
PMLE_LIVE_REPLAY_TIC|tic=1887|mle_ms=61.896|monotonic_ms=70|clock_delta_ms=8.104
|clock_suspect=0
PMLE_LIVE_REPLAY_TIC|tic=1888|mle_ms=11.977|monotonic_ms=10|clock_delta_ms=1.977
|clock_suspect=0
PMLE_LIVE_REPLAY_TIC|tic=1889|mle_ms=16.971|monotonic_ms=20|clock_delta_ms=3.029
|clock_suspect=0
PMLE_LIVE_REPLAY_TIC|tic=1890|mle_ms=61.373|monotonic_ms=60|clock_delta_ms=1.373
|clock_suspect=0
PMLE_LIVE_REPLAY_TIC|tic=1891|mle_ms=12.09|monotonic_ms=10|clock_delta_ms=2.09|c
lock_suspect=0
PMLE_LIVE_REPLAY_TIC|tic=1892|mle_ms=17.737|monotonic_ms=20|clock_delta_ms=2.263
|clock_suspect=0
PMLE_LIVE_REPLAY_TIC|tic=1893|mle_ms=81.091|monotonic_ms=80|clock_delta_ms=1.091
|clock_suspect=0
PMLE_LIVE_REPLAY_TIC|tic=1894|mle_ms=17.167|monotonic_ms=20|clock_delta_ms=2.833
|clock_suspect=0
PMLE_LIVE_REPLAY_TIC|tic=1895|mle_ms=40.725|monotonic_ms=40|clock_delta_ms=.725|
clock_suspect=0
PMLE_LIVE_REPLAY_TIC|tic=1896|mle_ms=90.569|monotonic_ms=90|clock_delta_ms=.569|
clock_suspect=0
PMLE_LIVE_REPLAY_TIC|tic=1897|mle_ms=17.552|monotonic_ms=10|clock_delta_ms=7.552
|clock_suspect=0
PMLE_LIVE_REPLAY_TIC|tic=1898|mle_ms=59.42|monotonic_ms=60|clock_delta_ms=.58|cl
ock_suspect=0
PMLE_LIVE_REPLAY_TIC|tic=1899|mle_ms=74.867|monotonic_ms=80|clock_delta_ms=5.133
|clock_suspect=0
PMLE_LIVE_REPLAY_TIC|tic=1900|mle_ms=21.038|monotonic_ms=20|clock_delta_ms=1.038
|clock_suspect=0
PMLE_LIVE_REPLAY_TIC|tic=1901|mle_ms=65.737|monotonic_ms=70|clock_delta_ms=4.263
|clock_suspect=0
PMLE_LIVE_REPLAY_TIC|tic=1902|mle_ms=85.024|monotonic_ms=80|clock_delta_ms=5.024
|clock_suspect=0
PMLE_LIVE_REPLAY_TIC|tic=1903|mle_ms=31.59|monotonic_ms=30|clock_delta_ms=1.59|c
lock_suspect=0
PMLE_LIVE_REPLAY_TIC|tic=1904|mle_ms=84.965|monotonic_ms=80|clock_delta_ms=4.965
|clock_suspect=0
PMLE_LIVE_REPLAY_TIC|tic=1905|mle_ms=75.721|monotonic_ms=80|clock_delta_ms=4.279
|clock_suspect=0
PMLE_LIVE_REPLAY_TIC|tic=1906|mle_ms=46.778|monotonic_ms=40|clock_delta_ms=6.778
|clock_suspect=0
PMLE_LIVE_REPLAY_TIC|tic=1907|mle_ms=119.724|monotonic_ms=120|clock_delta_ms=.27
6|clock_suspect=0
PMLE_LIVE_REPLAY_TIC|tic=1908|mle_ms=74.655|monotonic_ms=80|clock_delta_ms=5.345
|clock_suspect=0
PMLE_LIVE_REPLAY_TIC|tic=1909|mle_ms=25.505|monotonic_ms=20|clock_delta_ms=5.505
|clock_suspect=0
PMLE_LIVE_REPLAY_TIC|tic=1910|mle_ms=138.906|monotonic_ms=140|clock_delta_ms=1.0
94|clock_suspect=0
PMLE_LIVE_REPLAY_TIC|tic=1911|mle_ms=99.481|monotonic_ms=100|clock_delta_ms=.519
|clock_suspect=0
PMLE_LIVE_REPLAY_TIC|tic=1912|mle_ms=31.947|monotonic_ms=30|clock_delta_ms=1.947
|clock_suspect=0
PMLE_LIVE_REPLAY_TIC|tic=1913|mle_ms=144.067|monotonic_ms=150|clock_delta_ms=5.9
33|clock_suspect=0
PMLE_LIVE_REPLAY_TIC|tic=1914|mle_ms=39.164|monotonic_ms=40|clock_delta_ms=.836|
clock_suspect=0
PMLE_LIVE_REPLAY_TIC|tic=1915|mle_ms=28.107|monotonic_ms=20|clock_delta_ms=8.107
|clock_suspect=0
PMLE_LIVE_REPLAY_TIC|tic=1916|mle_ms=165.915|monotonic_ms=170|clock_delta_ms=4.0
85|clock_suspect=0
PMLE_LIVE_REPLAY_TIC|tic=1917|mle_ms=40.52|monotonic_ms=40|clock_delta_ms=.52|cl
ock_suspect=0
PMLE_LIVE_REPLAY_TIC|tic=1918|mle_ms=34.21|monotonic_ms=40|clock_delta_ms=5.79|c
lock_suspect=0
PMLE_LIVE_REPLAY_TIC|tic=1919|mle_ms=80.706|monotonic_ms=80|clock_delta_ms=.706|
clock_suspect=0
PMLE_LIVE_REPLAY_TIC|tic=1920|mle_ms=80.25|monotonic_ms=80|clock_delta_ms=.25|cl
ock_suspect=0
PMLE_LIVE_REPLAY_TIC|tic=1921|mle_ms=26.33|monotonic_ms=20|clock_delta_ms=6.33|c
lock_suspect=0
PMLE_LIVE_REPLAY_TIC|tic=1922|mle_ms=75.075|monotonic_ms=80|clock_delta_ms=4.925
|clock_suspect=0
PMLE_LIVE_REPLAY_TIC|tic=1923|mle_ms=90.132|monotonic_ms=90|clock_delta_ms=.132|
clock_suspect=0
PMLE_LIVE_REPLAY_TIC|tic=1924|mle_ms=26.999|monotonic_ms=30|clock_delta_ms=3.001
|clock_suspect=0
PMLE_LIVE_REPLAY_TIC|tic=1925|mle_ms=87.798|monotonic_ms=80|clock_delta_ms=7.798
|clock_suspect=0
PMLE_LIVE_REPLAY_TIC|tic=1926|mle_ms=102.049|monotonic_ms=110|clock_delta_ms=7.9
51|clock_suspect=0
PMLE_LIVE_REPLAY_TIC|tic=1927|mle_ms=14.491|monotonic_ms=10|clock_delta_ms=4.491
|clock_suspect=0
PMLE_LIVE_REPLAY_TIC|tic=1928|mle_ms=67.425|monotonic_ms=70|clock_delta_ms=2.575
|clock_suspect=0
PMLE_LIVE_REPLAY_TIC|tic=1929|mle_ms=93.623|monotonic_ms=90|clock_delta_ms=3.623
|clock_suspect=0
PMLE_LIVE_REPLAY_TIC|tic=1930|mle_ms=18.391|monotonic_ms=20|clock_delta_ms=1.609
|clock_suspect=0
PMLE_LIVE_REPLAY_TIC|tic=1931|mle_ms=76.675|monotonic_ms=80|clock_delta_ms=3.325
|clock_suspect=0
PMLE_LIVE_REPLAY_TIC|tic=1932|mle_ms=79.961|monotonic_ms=80|clock_delta_ms=.039|
clock_suspect=0
PMLE_LIVE_REPLAY_TIC|tic=1933|mle_ms=29.384|monotonic_ms=30|clock_delta_ms=.616|
clock_suspect=0
PMLE_LIVE_REPLAY_TIC|tic=1934|mle_ms=91.53|monotonic_ms=90|clock_delta_ms=1.53|c
lock_suspect=0
PMLE_LIVE_REPLAY_TIC|tic=1935|mle_ms=71.547|monotonic_ms=70|clock_delta_ms=1.547
|clock_suspect=0
PMLE_LIVE_REPLAY_TIC|tic=1936|mle_ms=43.046|monotonic_ms=40|clock_delta_ms=3.046
|clock_suspect=0
PMLE_LIVE_REPLAY_TIC|tic=1937|mle_ms=85.08|monotonic_ms=90|clock_delta_ms=4.92|c
lock_suspect=0
PMLE_LIVE_REPLAY_TIC|tic=1938|mle_ms=86.893|monotonic_ms=80|clock_delta_ms=6.893
|clock_suspect=0
PMLE_LIVE_REPLAY_TIC|tic=1939|mle_ms=16.972|monotonic_ms=20|clock_delta_ms=3.028
|clock_suspect=0
PMLE_LIVE_REPLAY_TIC|tic=1940|mle_ms=66.944|monotonic_ms=70|clock_delta_ms=3.056
|clock_suspect=0
PMLE_LIVE_REPLAY_TIC|tic=1941|mle_ms=122.398|monotonic_ms=120|clock_delta_ms=2.3
98|clock_suspect=0
PMLE_LIVE_REPLAY_TIC|tic=1942|mle_ms=17.761|monotonic_ms=20|clock_delta_ms=2.239
|clock_suspect=0
PMLE_LIVE_REPLAY_TIC|tic=1943|mle_ms=76.949|monotonic_ms=80|clock_delta_ms=3.051
|clock_suspect=0
PMLE_LIVE_REPLAY_TIC|tic=1944|mle_ms=76.402|monotonic_ms=70|clock_delta_ms=6.402
|clock_suspect=0
PMLE_LIVE_REPLAY_TIC|tic=1945|mle_ms=14.983|monotonic_ms=20|clock_delta_ms=5.017
|clock_suspect=0
PMLE_LIVE_REPLAY_TIC|tic=1946|mle_ms=93.692|monotonic_ms=90|clock_delta_ms=3.692
|clock_suspect=0
PMLE_LIVE_REPLAY_TIC|tic=1947|mle_ms=69.25|monotonic_ms=70|clock_delta_ms=.75|cl
ock_suspect=0
PMLE_LIVE_REPLAY_TIC|tic=1948|mle_ms=7.93|monotonic_ms=10|clock_delta_ms=2.07|cl
ock_suspect=0
PMLE_LIVE_REPLAY_TIC|tic=1949|mle_ms=70.271|monotonic_ms=70|clock_delta_ms=.271|
clock_suspect=0
PMLE_LIVE_REPLAY_TIC|tic=1950|mle_ms=77.985|monotonic_ms=80|clock_delta_ms=2.015
|clock_suspect=0
PMLE_LIVE_REPLAY_TIC|tic=1951|mle_ms=9.593|monotonic_ms=10|clock_delta_ms=.407|c
lock_suspect=0
PMLE_LIVE_REPLAY_TIC|tic=1952|mle_ms=66.569|monotonic_ms=60|clock_delta_ms=6.569
|clock_suspect=0
PMLE_LIVE_REPLAY_TIC|tic=1953|mle_ms=112.837|monotonic_ms=120|clock_delta_ms=7.1
63|clock_suspect=0
PMLE_LIVE_REPLAY_TIC|tic=1954|mle_ms=20.704|monotonic_ms=20|clock_delta_ms=.704|
clock_suspect=0
PMLE_LIVE_REPLAY_TIC|tic=1955|mle_ms=90.731|monotonic_ms=90|clock_delta_ms=.731|
clock_suspect=0
PMLE_LIVE_REPLAY_TIC|tic=1956|mle_ms=100.855|monotonic_ms=100|clock_delta_ms=.85
5|clock_suspect=0
PMLE_LIVE_REPLAY_TIC|tic=1957|mle_ms=9.556|monotonic_ms=10|clock_delta_ms=.444|c
lock_suspect=0
PMLE_LIVE_REPLAY_TIC|tic=1958|mle_ms=67.574|monotonic_ms=70|clock_delta_ms=2.426
|clock_suspect=0
PMLE_LIVE_REPLAY_TIC|tic=1959|mle_ms=67.557|monotonic_ms=60|clock_delta_ms=7.557
|clock_suspect=0
PMLE_LIVE_REPLAY_TIC|tic=1960|mle_ms=8.837|monotonic_ms=10|clock_delta_ms=1.163|
clock_suspect=0
PMLE_LIVE_REPLAY_TIC|tic=1961|mle_ms=68.933|monotonic_ms=70|clock_delta_ms=1.067
|clock_suspect=0
PMLE_LIVE_REPLAY_TIC|tic=1962|mle_ms=72.03|monotonic_ms=70|clock_delta_ms=2.03|c
lock_suspect=0
PMLE_LIVE_REPLAY_TIC|tic=1963|mle_ms=20.906|monotonic_ms=30|clock_delta_ms=9.094
|clock_suspect=0
PMLE_LIVE_REPLAY_TIC|tic=1964|mle_ms=92.73|monotonic_ms=90|clock_delta_ms=2.73|c
lock_suspect=0
PMLE_LIVE_REPLAY_TIC|tic=1965|mle_ms=79.397|monotonic_ms=80|clock_delta_ms=.603|
clock_suspect=0
PMLE_LIVE_REPLAY_TIC|tic=1966|mle_ms=37.312|monotonic_ms=30|clock_delta_ms=7.312
|clock_suspect=0
PMLE_LIVE_REPLAY_TIC|tic=1967|mle_ms=92.88|monotonic_ms=100|clock_delta_ms=7.12|
clock_suspect=0
PMLE_LIVE_REPLAY_TIC|tic=1968|mle_ms=77.875|monotonic_ms=80|clock_delta_ms=2.125
|clock_suspect=0
PMLE_LIVE_REPLAY_TIC|tic=1969|mle_ms=9.518|monotonic_ms=10|clock_delta_ms=.482|c
lock_suspect=0
PMLE_LIVE_REPLAY_TIC|tic=1970|mle_ms=75.443|monotonic_ms=70|clock_delta_ms=5.443
|clock_suspect=0
PMLE_LIVE_REPLAY_TIC|tic=1971|mle_ms=58.546|monotonic_ms=60|clock_delta_ms=1.454
|clock_suspect=0
PMLE_LIVE_REPLAY_TIC|tic=1972|mle_ms=14.093|monotonic_ms=10|clock_delta_ms=4.093
|clock_suspect=0
PMLE_LIVE_REPLAY_TIC|tic=1973|mle_ms=82.875|monotonic_ms=90|clock_delta_ms=7.125
|clock_suspect=0
PMLE_LIVE_REPLAY_TIC|tic=1974|mle_ms=67.876|monotonic_ms=60|clock_delta_ms=7.876
|clock_suspect=0
PMLE_LIVE_REPLAY_TIC|tic=1975|mle_ms=11.35|monotonic_ms=20|clock_delta_ms=8.65|c
lock_suspect=0
PMLE_LIVE_REPLAY_TIC|tic=1976|mle_ms=93.015|monotonic_ms=90|clock_delta_ms=3.015
|clock_suspect=0
PMLE_LIVE_REPLAY_TIC|tic=1977|mle_ms=80.646|monotonic_ms=80|clock_delta_ms=.646|
clock_suspect=0
PMLE_LIVE_REPLAY_TIC|tic=1978|mle_ms=9.255|monotonic_ms=10|clock_delta_ms=.745|c
lock_suspect=0
PMLE_LIVE_REPLAY_TIC|tic=1979|mle_ms=72.938|monotonic_ms=70|clock_delta_ms=2.938
|clock_suspect=0
PMLE_LIVE_REPLAY_TIC|tic=1980|mle_ms=62.821|monotonic_ms=60|clock_delta_ms=2.821
|clock_suspect=0
PMLE_LIVE_REPLAY_TIC|tic=1981|mle_ms=8.909|monotonic_ms=10|clock_delta_ms=1.091|
clock_suspect=0
PMLE_LIVE_REPLAY_TIC|tic=1982|mle_ms=89.428|monotonic_ms=90|clock_delta_ms=.572|
clock_suspect=0
PMLE_LIVE_REPLAY_TIC|tic=1983|mle_ms=69.024|monotonic_ms=70|clock_delta_ms=.976|
clock_suspect=0
PMLE_LIVE_REPLAY_TIC|tic=1984|mle_ms=13.032|monotonic_ms=20|clock_delta_ms=6.968
|clock_suspect=0
PMLE_LIVE_REPLAY_TIC|tic=1985|mle_ms=63.767|monotonic_ms=60|clock_delta_ms=3.767
|clock_suspect=0
PMLE_LIVE_REPLAY_TIC|tic=1986|mle_ms=77.53|monotonic_ms=80|clock_delta_ms=2.47|c
lock_suspect=0
PMLE_LIVE_REPLAY_TIC|tic=1987|mle_ms=9.025|monotonic_ms=10|clock_delta_ms=.975|c
lock_suspect=0
PMLE_LIVE_REPLAY_TIC|tic=1988|mle_ms=58.375|monotonic_ms=50|clock_delta_ms=8.375
|clock_suspect=0
PMLE_LIVE_REPLAY_TIC|tic=1989|mle_ms=58.714|monotonic_ms=60|clock_delta_ms=1.286
|clock_suspect=0
PMLE_LIVE_REPLAY_TIC|tic=1990|mle_ms=7.762|monotonic_ms=10|clock_delta_ms=2.238|
clock_suspect=0
PMLE_LIVE_REPLAY_TIC|tic=1991|mle_ms=74.845|monotonic_ms=80|clock_delta_ms=5.155
|clock_suspect=0
PMLE_LIVE_REPLAY_TIC|tic=1992|mle_ms=62.074|monotonic_ms=60|clock_delta_ms=2.074
|clock_suspect=0
PMLE_LIVE_REPLAY_TIC|tic=1993|mle_ms=18.52|monotonic_ms=20|clock_delta_ms=1.48|c
lock_suspect=0
PMLE_LIVE_REPLAY_TIC|tic=1994|mle_ms=75.574|monotonic_ms=70|clock_delta_ms=5.574
|clock_suspect=0
PMLE_LIVE_REPLAY_TIC|tic=1995|mle_ms=68.784|monotonic_ms=70|clock_delta_ms=1.216
|clock_suspect=0
PMLE_LIVE_REPLAY_TIC|tic=1996|mle_ms=28.269|monotonic_ms=30|clock_delta_ms=1.731
|clock_suspect=0
PMLE_LIVE_REPLAY_TIC|tic=1997|mle_ms=58.364|monotonic_ms=60|clock_delta_ms=1.636
|clock_suspect=0
PMLE_LIVE_REPLAY_TIC|tic=1998|mle_ms=60.447|monotonic_ms=60|clock_delta_ms=.447|
clock_suspect=0
PMLE_LIVE_REPLAY_TIC|tic=1999|mle_ms=9.477|monotonic_ms=10|clock_delta_ms=.523|c
lock_suspect=0
PMLE_LIVE_REPLAY_TIC|tic=2000|mle_ms=64.319|monotonic_ms=60|clock_delta_ms=4.319
|clock_suspect=0
PMLE_LIVE_REPLAY_TIC|tic=2001|mle_ms=68.492|monotonic_ms=70|clock_delta_ms=1.508
|clock_suspect=0
PMLE_LIVE_REPLAY_TIC|tic=2002|mle_ms=9.346|monotonic_ms=10|clock_delta_ms=.654|c
lock_suspect=0
PMLE_LIVE_REPLAY_TIC|tic=2003|mle_ms=70.928|monotonic_ms=70|clock_delta_ms=.928|
clock_suspect=0
PMLE_LIVE_REPLAY_TIC|tic=2004|mle_ms=89.921|monotonic_ms=90|clock_delta_ms=.079|
clock_suspect=0
PMLE_LIVE_REPLAY_TIC|tic=2005|mle_ms=11.161|monotonic_ms=10|clock_delta_ms=1.161
|clock_suspect=0
PMLE_LIVE_REPLAY_TIC|tic=2006|mle_ms=80.126|monotonic_ms=80|clock_delta_ms=.126|
clock_suspect=0
PMLE_LIVE_REPLAY_TIC|tic=2007|mle_ms=81.782|monotonic_ms=80|clock_delta_ms=1.782
|clock_suspect=0
PMLE_LIVE_REPLAY_TIC|tic=2008|mle_ms=8.246|monotonic_ms=10|clock_delta_ms=1.754|
clock_suspect=0
PMLE_LIVE_REPLAY_TIC|tic=2009|mle_ms=57.196|monotonic_ms=60|clock_delta_ms=2.804
|clock_suspect=0
PMLE_LIVE_REPLAY_TIC|tic=2010|mle_ms=75.679|monotonic_ms=70|clock_delta_ms=5.679
|clock_suspect=0
PMLE_LIVE_REPLAY_TIC|tic=2011|mle_ms=9.013|monotonic_ms=10|clock_delta_ms=.987|c
lock_suspect=0
PMLE_LIVE_REPLAY_TIC|tic=2012|mle_ms=61.72|monotonic_ms=70|clock_delta_ms=8.28|c
lock_suspect=0
PMLE_LIVE_REPLAY_TIC|tic=2013|mle_ms=77.67|monotonic_ms=70|clock_delta_ms=7.67|c
lock_suspect=0
PMLE_LIVE_REPLAY_TIC|tic=2014|mle_ms=14.423|monotonic_ms=20|clock_delta_ms=5.577
|clock_suspect=0
PMLE_LIVE_REPLAY_TIC|tic=2015|mle_ms=73.258|monotonic_ms=70|clock_delta_ms=3.258
|clock_suspect=0
PMLE_LIVE_REPLAY_TIC|tic=2016|mle_ms=84.642|monotonic_ms=90|clock_delta_ms=5.358
|clock_suspect=0
PMLE_LIVE_REPLAY_TIC|tic=2017|mle_ms=9.661|monotonic_ms=10|clock_delta_ms=.339|c
lock_suspect=0
PMLE_LIVE_REPLAY_TIC|tic=2018|mle_ms=105.293|monotonic_ms=100|clock_delta_ms=5.2
93|clock_suspect=0
PMLE_LIVE_REPLAY_TIC|tic=2019|mle_ms=78.743|monotonic_ms=80|clock_delta_ms=1.257
|clock_suspect=0
PMLE_LIVE_REPLAY_TIC|tic=2020|mle_ms=8.698|monotonic_ms=10|clock_delta_ms=1.302|
clock_suspect=0
PMLE_LIVE_REPLAY_TIC|tic=2021|mle_ms=57.892|monotonic_ms=60|clock_delta_ms=2.108
|clock_suspect=0
PMLE_LIVE_REPLAY_TIC|tic=2022|mle_ms=72.867|monotonic_ms=70|clock_delta_ms=2.867
|clock_suspect=0
PMLE_LIVE_REPLAY_TIC|tic=2023|mle_ms=19.858|monotonic_ms=20|clock_delta_ms=.142|
clock_suspect=0
PMLE_LIVE_REPLAY_TIC|tic=2024|mle_ms=65.319|monotonic_ms=60|clock_delta_ms=5.319
|clock_suspect=0
PMLE_LIVE_REPLAY_TIC|tic=2025|mle_ms=59.62|monotonic_ms=60|clock_delta_ms=.38|cl
ock_suspect=0
PMLE_LIVE_REPLAY_TIC|tic=2026|mle_ms=29.354|monotonic_ms=30|clock_delta_ms=.646|
clock_suspect=0
PMLE_LIVE_REPLAY_TIC|tic=2027|mle_ms=56.759|monotonic_ms=60|clock_delta_ms=3.241
|clock_suspect=0
PMLE_LIVE_REPLAY_TIC|tic=2028|mle_ms=62.35|monotonic_ms=60|clock_delta_ms=2.35|c
lock_suspect=0
PMLE_LIVE_REPLAY_TIC|tic=2029|mle_ms=8.596|monotonic_ms=10|clock_delta_ms=1.404|
clock_suspect=0
PMLE_LIVE_REPLAY_TIC|tic=2030|mle_ms=60.679|monotonic_ms=60|clock_delta_ms=.679|
clock_suspect=0
PMLE_LIVE_REPLAY_TIC|tic=2031|mle_ms=62.293|monotonic_ms=70|clock_delta_ms=7.707
|clock_suspect=0
PMLE_LIVE_REPLAY_TIC|tic=2032|mle_ms=9.502|monotonic_ms=0|clock_delta_ms=9.502|c
lock_suspect=0
PMLE_LIVE_REPLAY_TIC|tic=2033|mle_ms=77.208|monotonic_ms=80|clock_delta_ms=2.792
|clock_suspect=0
PMLE_LIVE_REPLAY_TIC|tic=2034|mle_ms=71.8|monotonic_ms=70|clock_delta_ms=1.8|clo
ck_suspect=0
PMLE_LIVE_REPLAY_TIC|tic=2035|mle_ms=8.626|monotonic_ms=10|clock_delta_ms=1.374|
clock_suspect=0
PMLE_LIVE_REPLAY_TIC|tic=2036|mle_ms=78.069|monotonic_ms=80|clock_delta_ms=1.931
|clock_suspect=0
PMLE_LIVE_REPLAY_TIC|tic=2037|mle_ms=59.79|monotonic_ms=60|clock_delta_ms=.21|cl
ock_suspect=0
PMLE_LIVE_REPLAY_TIC|tic=2038|mle_ms=9.482|monotonic_ms=10|clock_delta_ms=.518|c
lock_suspect=0
PMLE_LIVE_REPLAY_TIC|tic=2039|mle_ms=75.104|monotonic_ms=80|clock_delta_ms=4.896
|clock_suspect=0
PMLE_LIVE_REPLAY_TIC|tic=2040|mle_ms=87.641|monotonic_ms=80|clock_delta_ms=7.641
|clock_suspect=0
PMLE_LIVE_REPLAY_TIC|tic=2041|mle_ms=9.051|monotonic_ms=10|clock_delta_ms=.949|c
lock_suspect=0
PMLE_LIVE_REPLAY_TIC|tic=2042|mle_ms=63.153|monotonic_ms=70|clock_delta_ms=6.847
|clock_suspect=0
PMLE_LIVE_REPLAY_TIC|tic=2043|mle_ms=70.271|monotonic_ms=70|clock_delta_ms=.271|
clock_suspect=0
PMLE_LIVE_REPLAY_TIC|tic=2044|mle_ms=13.91|monotonic_ms=10|clock_delta_ms=3.91|c
lock_suspect=0
PMLE_LIVE_REPLAY_TIC|tic=2045|mle_ms=56.624|monotonic_ms=60|clock_delta_ms=3.376
|clock_suspect=0
PMLE_LIVE_REPLAY_TIC|tic=2046|mle_ms=81.512|monotonic_ms=80|clock_delta_ms=1.512
|clock_suspect=0
PMLE_LIVE_REPLAY_TIC|tic=2047|mle_ms=9.415|monotonic_ms=10|clock_delta_ms=.585|c
lock_suspect=0
PMLE_LIVE_REPLAY_TIC|tic=2048|mle_ms=66.356|monotonic_ms=60|clock_delta_ms=6.356
|clock_suspect=0
PMLE_LIVE_REPLAY_TIC|tic=2049|mle_ms=66.818|monotonic_ms=70|clock_delta_ms=3.182
|clock_suspect=0
PMLE_LIVE_REPLAY_TIC|tic=2050|mle_ms=9.494|monotonic_ms=10|clock_delta_ms=.506|c
lock_suspect=0
PMLE_LIVE_REPLAY_TIC|tic=2051|mle_ms=63.378|monotonic_ms=60|clock_delta_ms=3.378
|clock_suspect=0
PMLE_LIVE_REPLAY_TIC|tic=2052|mle_ms=63.657|monotonic_ms=70|clock_delta_ms=6.343
|clock_suspect=0
PMLE_LIVE_REPLAY_TIC|tic=2053|mle_ms=20.93|monotonic_ms=20|clock_delta_ms=.93|cl
ock_suspect=0
PMLE_LIVE_REPLAY_TIC|tic=2054|mle_ms=67.454|monotonic_ms=70|clock_delta_ms=2.546
|clock_suspect=0
PMLE_LIVE_REPLAY_TIC|tic=2055|mle_ms=58.629|monotonic_ms=50|clock_delta_ms=8.629
|clock_suspect=0
PMLE_LIVE_REPLAY_TIC|tic=2056|mle_ms=30.756|monotonic_ms=40|clock_delta_ms=9.244
|clock_suspect=0
PMLE_LIVE_REPLAY_TIC|tic=2057|mle_ms=61.967|monotonic_ms=60|clock_delta_ms=1.967
|clock_suspect=0
PMLE_LIVE_REPLAY_TIC|tic=2058|mle_ms=57.944|monotonic_ms=60|clock_delta_ms=2.056
|clock_suspect=0
PMLE_LIVE_REPLAY_TIC|tic=2059|mle_ms=8.555|monotonic_ms=0|clock_delta_ms=8.555|c
lock_suspect=0
PMLE_LIVE_REPLAY_TIC|tic=2060|mle_ms=76.204|monotonic_ms=80|clock_delta_ms=3.796
|clock_suspect=0
PMLE_LIVE_REPLAY_TIC|tic=2061|mle_ms=57.631|monotonic_ms=60|clock_delta_ms=2.369
|clock_suspect=0
PMLE_LIVE_REPLAY_TIC|tic=2062|mle_ms=10.489|monotonic_ms=10|clock_delta_ms=.489|
clock_suspect=0
PMLE_LIVE_REPLAY_TIC|tic=2063|mle_ms=78.492|monotonic_ms=80|clock_delta_ms=1.508
|clock_suspect=0
PMLE_LIVE_REPLAY_TIC|tic=2064|mle_ms=72.323|monotonic_ms=70|clock_delta_ms=2.323
|clock_suspect=0
PMLE_LIVE_REPLAY_TIC|tic=2065|mle_ms=10.859|monotonic_ms=10|clock_delta_ms=.859|
clock_suspect=0
PMLE_LIVE_REPLAY_TIC|tic=2066|mle_ms=132.921|monotonic_ms=130|clock_delta_ms=2.9
21|clock_suspect=0
PMLE_LIVE_REPLAY_TIC|tic=2067|mle_ms=93.354|monotonic_ms=100|clock_delta_ms=6.64
6|clock_suspect=0
PMLE_LIVE_REPLAY_TIC|tic=2068|mle_ms=10.694|monotonic_ms=10|clock_delta_ms=.694|
clock_suspect=0
PMLE_LIVE_REPLAY_TIC|tic=2069|mle_ms=83.195|monotonic_ms=80|clock_delta_ms=3.195
|clock_suspect=0
PMLE_LIVE_REPLAY_TIC|tic=2070|mle_ms=97.97|monotonic_ms=100|clock_delta_ms=2.03|
clock_suspect=0
PMLE_LIVE_REPLAY_TIC|tic=2071|mle_ms=12.466|monotonic_ms=10|clock_delta_ms=2.466
|clock_suspect=0
PMLE_LIVE_REPLAY_TIC|tic=2072|mle_ms=98.435|monotonic_ms=100|clock_delta_ms=1.56
5|clock_suspect=0
PMLE_LIVE_REPLAY_TIC|tic=2073|mle_ms=79.275|monotonic_ms=80|clock_delta_ms=.725|
clock_suspect=0
PMLE_LIVE_REPLAY_TIC|tic=2074|mle_ms=12.791|monotonic_ms=10|clock_delta_ms=2.791
|clock_suspect=0
PMLE_LIVE_REPLAY_TIC|tic=2075|mle_ms=60.322|monotonic_ms=60|clock_delta_ms=.322|
clock_suspect=0
PMLE_LIVE_REPLAY_TIC|tic=2076|mle_ms=80.483|monotonic_ms=80|clock_delta_ms=.483|
clock_suspect=0
PMLE_LIVE_REPLAY_TIC|tic=2077|mle_ms=9.968|monotonic_ms=10|clock_delta_ms=.032|c
lock_suspect=0
PMLE_LIVE_REPLAY_TIC|tic=2078|mle_ms=64.148|monotonic_ms=70|clock_delta_ms=5.852
|clock_suspect=0
PMLE_LIVE_REPLAY_TIC|tic=2079|mle_ms=68.325|monotonic_ms=70|clock_delta_ms=1.675
|clock_suspect=0
PMLE_LIVE_REPLAY_TIC|tic=2080|mle_ms=10.018|monotonic_ms=10|clock_delta_ms=.018|
clock_suspect=0
PMLE_LIVE_REPLAY_TIC|tic=2081|mle_ms=62.247|monotonic_ms=60|clock_delta_ms=2.247
|clock_suspect=0
PMLE_LIVE_REPLAY_TIC|tic=2082|mle_ms=62.778|monotonic_ms=60|clock_delta_ms=2.778
|clock_suspect=0
PMLE_LIVE_REPLAY_TIC|tic=2083|mle_ms=19.044|monotonic_ms=20|clock_delta_ms=.956|
clock_suspect=0
PMLE_LIVE_REPLAY_TIC|tic=2084|mle_ms=63.938|monotonic_ms=60|clock_delta_ms=3.938
|clock_suspect=0
PMLE_LIVE_REPLAY_TIC|tic=2085|mle_ms=58.919|monotonic_ms=60|clock_delta_ms=1.081
|clock_suspect=0
PMLE_LIVE_REPLAY_TIC|tic=2086|mle_ms=27.696|monotonic_ms=30|clock_delta_ms=2.304
|clock_suspect=0
PMLE_LIVE_REPLAY_TIC|tic=2087|mle_ms=63.348|monotonic_ms=70|clock_delta_ms=6.652
|clock_suspect=0
PMLE_LIVE_REPLAY_TIC|tic=2088|mle_ms=58.937|monotonic_ms=50|clock_delta_ms=8.937
|clock_suspect=0
PMLE_LIVE_REPLAY_TIC|tic=2089|mle_ms=9.454|monotonic_ms=10|clock_delta_ms=.546|c
lock_suspect=0
PMLE_LIVE_REPLAY_TIC|tic=2090|mle_ms=67.651|monotonic_ms=70|clock_delta_ms=2.349
|clock_suspect=0
PMLE_LIVE_REPLAY_TIC|tic=2091|mle_ms=61.625|monotonic_ms=60|clock_delta_ms=1.625
|clock_suspect=0
PMLE_LIVE_REPLAY_TIC|tic=2092|mle_ms=9.382|monotonic_ms=10|clock_delta_ms=.618|c
lock_suspect=0
PMLE_LIVE_REPLAY_TIC|tic=2093|mle_ms=67.432|monotonic_ms=70|clock_delta_ms=2.568
|clock_suspect=0
PMLE_LIVE_REPLAY_TIC|tic=2094|mle_ms=88.538|monotonic_ms=90|clock_delta_ms=1.462
|clock_suspect=0
PMLE_LIVE_REPLAY_TIC|tic=2095|mle_ms=8.654|monotonic_ms=10|clock_delta_ms=1.346|
clock_suspect=0
PMLE_LIVE_REPLAY_TIC|tic=2096|mle_ms=92.934|monotonic_ms=90|clock_delta_ms=2.934
|clock_suspect=0
PMLE_LIVE_REPLAY_TIC|tic=2097|mle_ms=62.863|monotonic_ms=60|clock_delta_ms=2.863
|clock_suspect=0
PMLE_LIVE_REPLAY_TIC|tic=2098|mle_ms=8.843|monotonic_ms=10|clock_delta_ms=1.157|
clock_suspect=0
PMLE_LIVE_REPLAY_TIC|tic=2099|mle_ms=58.341|monotonic_ms=60|clock_delta_ms=1.659
|clock_suspect=0
PMLE_LIVE_REPLAY_TIC|tic=2100|mle_ms=70.424|monotonic_ms=70|clock_delta_ms=.424|
clock_suspect=0
PMLE_LIVE_REPLAY_TIC|tic=2101|mle_ms=9.875|monotonic_ms=10|clock_delta_ms=.125|c
lock_suspect=0
PMLE_LIVE_REPLAY_TIC|tic=2102|mle_ms=82.41|monotonic_ms=90|clock_delta_ms=7.59|c
lock_suspect=0
PMLE_LIVE_REPLAY_TIC|tic=2103|mle_ms=68.559|monotonic_ms=60|clock_delta_ms=8.559
|clock_suspect=0
PMLE_LIVE_REPLAY_TIC|tic=2104|mle_ms=13.95|monotonic_ms=20|clock_delta_ms=6.05|c
lock_suspect=0
PMLE_LIVE_REPLAY_TIC|tic=2105|mle_ms=72.394|monotonic_ms=70|clock_delta_ms=2.394
|clock_suspect=0
PMLE_LIVE_REPLAY_TIC|tic=2106|mle_ms=89.522|monotonic_ms=90|clock_delta_ms=.478|
clock_suspect=0
PMLE_LIVE_REPLAY_TIC|tic=2107|mle_ms=7.994|monotonic_ms=10|clock_delta_ms=2.006|
clock_suspect=0
PMLE_LIVE_REPLAY_TIC|tic=2108|mle_ms=75.026|monotonic_ms=70|clock_delta_ms=5.026
|clock_suspect=0
PMLE_LIVE_REPLAY_TIC|tic=2109|mle_ms=62.343|monotonic_ms=70|clock_delta_ms=7.657
|clock_suspect=0
PMLE_LIVE_REPLAY_TIC|tic=2110|mle_ms=8.214|monotonic_ms=0|clock_delta_ms=8.214|c
lock_suspect=0
PMLE_LIVE_REPLAY_TIC|tic=2111|mle_ms=56.857|monotonic_ms=60|clock_delta_ms=3.143
|clock_suspect=0
PMLE_LIVE_REPLAY_TIC|tic=2112|mle_ms=58.278|monotonic_ms=60|clock_delta_ms=1.722
|clock_suspect=0
PMLE_LIVE_REPLAY_TIC|tic=2113|mle_ms=17.44|monotonic_ms=20|clock_delta_ms=2.56|c
lock_suspect=0
PMLE_LIVE_REPLAY_TIC|tic=2114|mle_ms=64.044|monotonic_ms=60|clock_delta_ms=4.044
|clock_suspect=0
PMLE_LIVE_REPLAY_TIC|tic=2115|mle_ms=58.542|monotonic_ms=60|clock_delta_ms=1.458
|clock_suspect=0
PMLE_LIVE_REPLAY_TIC|tic=2116|mle_ms=42.932|monotonic_ms=40|clock_delta_ms=2.932
|clock_suspect=0
PMLE_LIVE_REPLAY_TIC|tic=2117|mle_ms=71.254|monotonic_ms=70|clock_delta_ms=1.254
|clock_suspect=0
PMLE_LIVE_REPLAY_TIC|tic=2118|mle_ms=63.95|monotonic_ms=70|clock_delta_ms=6.05|c
lock_suspect=0
PMLE_LIVE_REPLAY_TIC|tic=2119|mle_ms=11.056|monotonic_ms=10|clock_delta_ms=1.056
|clock_suspect=0
PMLE_LIVE_REPLAY_TIC|tic=2120|mle_ms=62.805|monotonic_ms=60|clock_delta_ms=2.805
|clock_suspect=0
PMLE_LIVE_REPLAY_TIC|tic=2121|mle_ms=58.757|monotonic_ms=60|clock_delta_ms=1.243
|clock_suspect=0
PMLE_LIVE_REPLAY_TIC|tic=2122|mle_ms=9.442|monotonic_ms=10|clock_delta_ms=.558|c
lock_suspect=0
PMLE_LIVE_REPLAY_TIC|tic=2123|mle_ms=67.043|monotonic_ms=70|clock_delta_ms=2.957
|clock_suspect=0
PMLE_LIVE_REPLAY_TIC|tic=2124|mle_ms=63.547|monotonic_ms=60|clock_delta_ms=3.547
|clock_suspect=0
PMLE_LIVE_REPLAY_TIC|tic=2125|mle_ms=8.828|monotonic_ms=10|clock_delta_ms=1.172|
clock_suspect=0
PMLE_LIVE_REPLAY_TIC|tic=2126|mle_ms=78.418|monotonic_ms=80|clock_delta_ms=1.582
|clock_suspect=0
PMLE_LIVE_REPLAY_TIC|tic=2127|mle_ms=64.528|monotonic_ms=60|clock_delta_ms=4.528
|clock_suspect=0
PMLE_LIVE_REPLAY_TIC|tic=2128|mle_ms=9.204|monotonic_ms=10|clock_delta_ms=.796|c
lock_suspect=0
PMLE_LIVE_REPLAY_TIC|tic=2129|mle_ms=66.073|monotonic_ms=70|clock_delta_ms=3.927
|clock_suspect=0
PMLE_LIVE_REPLAY_TIC|tic=2130|mle_ms=63.038|monotonic_ms=60|clock_delta_ms=3.038
|clock_suspect=0
PMLE_LIVE_REPLAY_TIC|tic=2131|mle_ms=9.964|monotonic_ms=10|clock_delta_ms=.036|c
lock_suspect=0
PMLE_LIVE_REPLAY_TIC|tic=2132|mle_ms=59.69|monotonic_ms=60|clock_delta_ms=.31|cl
ock_suspect=0
PMLE_LIVE_REPLAY_TIC|tic=2133|mle_ms=68.22|monotonic_ms=70|clock_delta_ms=1.78|c
lock_suspect=0
PMLE_LIVE_REPLAY_TIC|tic=2134|mle_ms=14.583|monotonic_ms=10|clock_delta_ms=4.583
|clock_suspect=0
PMLE_LIVE_REPLAY_TIC|tic=2135|mle_ms=61.566|monotonic_ms=70|clock_delta_ms=8.434
|clock_suspect=0
PMLE_LIVE_REPLAY_TIC|tic=2136|mle_ms=77.612|monotonic_ms=70|clock_delta_ms=7.612
|clock_suspect=0
PMLE_LIVE_REPLAY_TIC|tic=2137|mle_ms=9.104|monotonic_ms=10|clock_delta_ms=.896|c
lock_suspect=0
PMLE_LIVE_REPLAY_TIC|tic=2138|mle_ms=62.521|monotonic_ms=70|clock_delta_ms=7.479
|clock_suspect=0
PMLE_LIVE_REPLAY_TIC|tic=2139|mle_ms=61.692|monotonic_ms=60|clock_delta_ms=1.692
|clock_suspect=0
PMLE_LIVE_REPLAY_TIC|tic=2140|mle_ms=10.471|monotonic_ms=10|clock_delta_ms=.471|
clock_suspect=0
PMLE_LIVE_REPLAY_TIC|tic=2141|mle_ms=72.157|monotonic_ms=70|clock_delta_ms=2.157
|clock_suspect=0
PMLE_LIVE_REPLAY_TIC|tic=2142|mle_ms=65.687|monotonic_ms=70|clock_delta_ms=4.313
|clock_suspect=0
PMLE_LIVE_REPLAY_TIC|tic=2143|mle_ms=19.618|monotonic_ms=20|clock_delta_ms=.382|
clock_suspect=0
PMLE_LIVE_REPLAY_TIC|tic=2144|mle_ms=63.892|monotonic_ms=60|clock_delta_ms=3.892
|clock_suspect=0
PMLE_LIVE_REPLAY_TIC|tic=2145|mle_ms=85.613|monotonic_ms=90|clock_delta_ms=4.387
|clock_suspect=0
PMLE_LIVE_REPLAY_TIC|tic=2146|mle_ms=29.636|monotonic_ms=30|clock_delta_ms=.364|
clock_suspect=0
PMLE_LIVE_REPLAY_TIC|tic=2147|mle_ms=83.159|monotonic_ms=80|clock_delta_ms=3.159
|clock_suspect=0
PMLE_LIVE_REPLAY_TIC|tic=2148|mle_ms=86.475|monotonic_ms=90|clock_delta_ms=3.525
|clock_suspect=0
PMLE_LIVE_REPLAY_TIC|tic=2149|mle_ms=11.634|monotonic_ms=10|clock_delta_ms=1.634
|clock_suspect=0
PMLE_LIVE_REPLAY_TIC|tic=2150|mle_ms=81.181|monotonic_ms=80|clock_delta_ms=1.181
|clock_suspect=0
PMLE_LIVE_REPLAY_TIC|tic=2151|mle_ms=64.416|monotonic_ms=60|clock_delta_ms=4.416
|clock_suspect=0
PMLE_LIVE_REPLAY_TIC|tic=2152|mle_ms=9.13|monotonic_ms=10|clock_delta_ms=.87|clo
ck_suspect=0
PMLE_LIVE_REPLAY_TIC|tic=2153|mle_ms=76.618|monotonic_ms=80|clock_delta_ms=3.382
|clock_suspect=0
PMLE_LIVE_REPLAY_TIC|tic=2154|mle_ms=104.746|monotonic_ms=100|clock_delta_ms=4.7
46|clock_suspect=0
PMLE_LIVE_REPLAY_TIC|tic=2155|mle_ms=10.4|monotonic_ms=10|clock_delta_ms=.4|cloc
k_suspect=0
PMLE_LIVE_REPLAY_TIC|tic=2156|mle_ms=118.782|monotonic_ms=120|clock_delta_ms=1.2
18|clock_suspect=0
PMLE_LIVE_REPLAY_TIC|tic=2157|mle_ms=84.89|monotonic_ms=90|clock_delta_ms=5.11|c
lock_suspect=0
PMLE_LIVE_REPLAY_TIC|tic=2158|mle_ms=9.92|monotonic_ms=10|clock_delta_ms=.08|clo
ck_suspect=0
PMLE_LIVE_REPLAY_TIC|tic=2159|mle_ms=70.458|monotonic_ms=70|clock_delta_ms=.458|
clock_suspect=0
PMLE_LIVE_REPLAY_TIC|tic=2160|mle_ms=70.077|monotonic_ms=70|clock_delta_ms=.077|
clock_suspect=0
PMLE_LIVE_REPLAY_TIC|tic=2161|mle_ms=9.734|monotonic_ms=10|clock_delta_ms=.266|c
lock_suspect=0
PMLE_LIVE_REPLAY_TIC|tic=2162|mle_ms=67.975|monotonic_ms=70|clock_delta_ms=2.025
|clock_suspect=0
PMLE_LIVE_REPLAY_TIC|tic=2163|mle_ms=78.308|monotonic_ms=70|clock_delta_ms=8.308
|clock_suspect=0
PMLE_LIVE_REPLAY_TIC|tic=2164|mle_ms=14.737|monotonic_ms=20|clock_delta_ms=5.263
|clock_suspect=0
PMLE_LIVE_REPLAY_TIC|tic=2165|mle_ms=67.672|monotonic_ms=70|clock_delta_ms=2.328
|clock_suspect=0
PMLE_LIVE_REPLAY_TIC|tic=2166|mle_ms=98.702|monotonic_ms=100|clock_delta_ms=1.29
8|clock_suspect=0
PMLE_LIVE_REPLAY_TIC|tic=2167|mle_ms=10.601|monotonic_ms=10|clock_delta_ms=.601|
clock_suspect=0
PMLE_LIVE_REPLAY_TIC|tic=2168|mle_ms=84.122|monotonic_ms=80|clock_delta_ms=4.122
|clock_suspect=0
PMLE_LIVE_REPLAY_TIC|tic=2169|mle_ms=126.569|monotonic_ms=130|clock_delta_ms=3.4
31|clock_suspect=0
PMLE_LIVE_REPLAY_TIC|tic=2170|mle_ms=10.481|monotonic_ms=10|clock_delta_ms=.481|
clock_suspect=0
PMLE_LIVE_REPLAY_TIC|tic=2171|mle_ms=75.761|monotonic_ms=70|clock_delta_ms=5.761
|clock_suspect=0
PMLE_LIVE_REPLAY_TIC|tic=2172|mle_ms=91.989|monotonic_ms=100|clock_delta_ms=8.01
1|clock_suspect=0
PMLE_LIVE_REPLAY_TIC|tic=2173|mle_ms=21.809|monotonic_ms=20|clock_delta_ms=1.809
|clock_suspect=0
PMLE_LIVE_REPLAY_TIC|tic=2174|mle_ms=72.208|monotonic_ms=70|clock_delta_ms=2.208
|clock_suspect=0
PMLE_LIVE_REPLAY_TIC|tic=2175|mle_ms=66.623|monotonic_ms=70|clock_delta_ms=3.377
|clock_suspect=0
PMLE_LIVE_REPLAY_TIC|tic=2176|mle_ms=27.012|monotonic_ms=20|clock_delta_ms=7.012
|clock_suspect=0
PMLE_LIVE_REPLAY_TIC|tic=2177|mle_ms=58.337|monotonic_ms=60|clock_delta_ms=1.663
|clock_suspect=0
PMLE_LIVE_REPLAY_TIC|tic=2178|mle_ms=93.316|monotonic_ms=100|clock_delta_ms=6.68
4|clock_suspect=0
PMLE_LIVE_REPLAY_TIC|tic=2179|mle_ms=8.245|monotonic_ms=0|clock_delta_ms=8.245|c
lock_suspect=0
PMLE_LIVE_REPLAY_TIC|tic=2180|mle_ms=58.542|monotonic_ms=60|clock_delta_ms=1.458
|clock_suspect=0
PMLE_LIVE_REPLAY_TIC|tic=2181|mle_ms=68.291|monotonic_ms=70|clock_delta_ms=1.709
|clock_suspect=0
PMLE_LIVE_REPLAY_TIC|tic=2182|mle_ms=10.046|monotonic_ms=10|clock_delta_ms=.046|
clock_suspect=0
PMLE_LIVE_REPLAY_TIC|tic=2183|mle_ms=80.974|monotonic_ms=80|clock_delta_ms=.974|
clock_suspect=0
PMLE_LIVE_REPLAY_TIC|tic=2184|mle_ms=75.772|monotonic_ms=80|clock_delta_ms=4.228
|clock_suspect=0
PMLE_LIVE_REPLAY_TIC|tic=2185|mle_ms=8.651|monotonic_ms=10|clock_delta_ms=1.349|
clock_suspect=0
PMLE_LIVE_REPLAY_TIC|tic=2186|mle_ms=87.59|monotonic_ms=80|clock_delta_ms=7.59|c
lock_suspect=0
PMLE_LIVE_REPLAY_TIC|tic=2187|mle_ms=68.405|monotonic_ms=70|clock_delta_ms=1.595
|clock_suspect=0
PMLE_LIVE_REPLAY_TIC|tic=2188|mle_ms=9.893|monotonic_ms=10|clock_delta_ms=.107|c
lock_suspect=0
PMLE_LIVE_REPLAY_TIC|tic=2189|mle_ms=87.372|monotonic_ms=90|clock_delta_ms=2.628
|clock_suspect=0
PMLE_LIVE_REPLAY_TIC|tic=2190|mle_ms=65.363|monotonic_ms=70|clock_delta_ms=4.637
|clock_suspect=0
PMLE_LIVE_REPLAY_TIC|tic=2191|mle_ms=10.184|monotonic_ms=10|clock_delta_ms=.184|
clock_suspect=0
PMLE_LIVE_REPLAY_TIC|tic=2192|mle_ms=111.053|monotonic_ms=110|clock_delta_ms=1.0
53|clock_suspect=0
PMLE_LIVE_REPLAY_TIC|tic=2193|mle_ms=78.346|monotonic_ms=80|clock_delta_ms=1.654
|clock_suspect=0
PMLE_LIVE_REPLAY_TIC|tic=2194|mle_ms=14.332|monotonic_ms=10|clock_delta_ms=4.332
|clock_suspect=0
PMLE_LIVE_REPLAY_TIC|tic=2195|mle_ms=59.748|monotonic_ms=60|clock_delta_ms=.252|
clock_suspect=0
PMLE_LIVE_REPLAY_TIC|tic=2196|mle_ms=78.779|monotonic_ms=80|clock_delta_ms=1.221
|clock_suspect=0
PMLE_LIVE_REPLAY_TIC|tic=2197|mle_ms=8.419|monotonic_ms=10|clock_delta_ms=1.581|
clock_suspect=0
PMLE_LIVE_REPLAY_TIC|tic=2198|mle_ms=79.72|monotonic_ms=80|clock_delta_ms=.28|cl
ock_suspect=0
PMLE_LIVE_REPLAY_TIC|tic=2199|mle_ms=85.232|monotonic_ms=80|clock_delta_ms=5.232
|clock_suspect=0
PMLE_LIVE_REPLAY_TIC|tic=2200|mle_ms=9.466|monotonic_ms=10|clock_delta_ms=.534|c
lock_suspect=0
PMLE_LIVE_REPLAY_TIC|tic=2201|mle_ms=81.698|monotonic_ms=90|clock_delta_ms=8.302
|clock_suspect=0
PMLE_LIVE_REPLAY_TIC|tic=2202|mle_ms=86.311|monotonic_ms=80|clock_delta_ms=6.311
|clock_suspect=0
PMLE_LIVE_REPLAY_TIC|tic=2203|mle_ms=19.306|monotonic_ms=20|clock_delta_ms=.694|
clock_suspect=0
PMLE_LIVE_REPLAY_TIC|tic=2204|mle_ms=64.678|monotonic_ms=70|clock_delta_ms=5.322
|clock_suspect=0
PMLE_LIVE_REPLAY_TIC|tic=2205|mle_ms=82.512|monotonic_ms=80|clock_delta_ms=2.512
|clock_suspect=0
PMLE_LIVE_REPLAY_TIC|tic=2206|mle_ms=27.686|monotonic_ms=30|clock_delta_ms=2.314
|clock_suspect=0
PMLE_LIVE_REPLAY_TIC|tic=2207|mle_ms=98.276|monotonic_ms=90|clock_delta_ms=8.276
|clock_suspect=0
PMLE_LIVE_REPLAY_TIC|tic=2208|mle_ms=72.087|monotonic_ms=80|clock_delta_ms=7.913
|clock_suspect=0
PMLE_LIVE_REPLAY_TIC|tic=2209|mle_ms=9.988|monotonic_ms=10|clock_delta_ms=.012|c
lock_suspect=0
PMLE_LIVE_REPLAY_TIC|tic=2210|mle_ms=61.406|monotonic_ms=60|clock_delta_ms=1.406
|clock_suspect=0
PMLE_LIVE_REPLAY_TIC|tic=2211|mle_ms=58.59|monotonic_ms=60|clock_delta_ms=1.41|c
lock_suspect=0
PMLE_LIVE_REPLAY_TIC|tic=2212|mle_ms=9.769|monotonic_ms=10|clock_delta_ms=.231|c
lock_suspect=0
PMLE_LIVE_REPLAY_TIC|tic=2213|mle_ms=93.451|monotonic_ms=90|clock_delta_ms=3.451
|clock_suspect=0
PMLE_LIVE_REPLAY_TIC|tic=2214|mle_ms=68.776|monotonic_ms=70|clock_delta_ms=1.224
|clock_suspect=0
PMLE_LIVE_REPLAY_TIC|tic=2215|mle_ms=8.629|monotonic_ms=10|clock_delta_ms=1.371|
clock_suspect=0
PMLE_LIVE_REPLAY_TIC|tic=2216|mle_ms=81.27|monotonic_ms=80|clock_delta_ms=1.27|c
lock_suspect=0
PMLE_LIVE_REPLAY_TIC|tic=2217|mle_ms=56.369|monotonic_ms=60|clock_delta_ms=3.631
|clock_suspect=0
PMLE_LIVE_REPLAY_TIC|tic=2218|mle_ms=8.156|monotonic_ms=0|clock_delta_ms=8.156|c
lock_suspect=0
PMLE_LIVE_REPLAY_TIC|tic=2219|mle_ms=64.266|monotonic_ms=70|clock_delta_ms=5.734
|clock_suspect=0
PMLE_LIVE_REPLAY_TIC|tic=2220|mle_ms=62.679|monotonic_ms=60|clock_delta_ms=2.679
|clock_suspect=0
PMLE_LIVE_REPLAY_TIC|tic=2221|mle_ms=10.832|monotonic_ms=10|clock_delta_ms=.832|
clock_suspect=0
PMLE_LIVE_REPLAY_TIC|tic=2222|mle_ms=60.087|monotonic_ms=60|clock_delta_ms=.087|
clock_suspect=0
PMLE_LIVE_REPLAY_TIC|tic=2223|mle_ms=70.596|monotonic_ms=70|clock_delta_ms=.596|
clock_suspect=0
PMLE_LIVE_REPLAY_TIC|tic=2224|mle_ms=14.438|monotonic_ms=20|clock_delta_ms=5.562
|clock_suspect=0
PMLE_LIVE_REPLAY_TIC|tic=2225|mle_ms=60.057|monotonic_ms=60|clock_delta_ms=.057|
clock_suspect=0
PMLE_LIVE_REPLAY_TIC|tic=2226|mle_ms=93.796|monotonic_ms=90|clock_delta_ms=3.796
|clock_suspect=0
PMLE_LIVE_REPLAY_TIC|tic=2227|mle_ms=8.509|monotonic_ms=10|clock_delta_ms=1.491|
clock_suspect=0
PMLE_LIVE_REPLAY_TIC|tic=2228|mle_ms=65.805|monotonic_ms=70|clock_delta_ms=4.195
|clock_suspect=0
PMLE_LIVE_REPLAY_TIC|tic=2229|mle_ms=65.263|monotonic_ms=60|clock_delta_ms=5.263
|clock_suspect=0
PMLE_LIVE_REPLAY_TIC|tic=2230|mle_ms=12.638|monotonic_ms=10|clock_delta_ms=2.638
|clock_suspect=0
PMLE_LIVE_REPLAY_TIC|tic=2231|mle_ms=60.341|monotonic_ms=60|clock_delta_ms=.341|
clock_suspect=0
PMLE_LIVE_REPLAY_TIC|tic=2232|mle_ms=88.23|monotonic_ms=90|clock_delta_ms=1.77|c
lock_suspect=0
PMLE_LIVE_REPLAY_TIC|tic=2233|mle_ms=20.903|monotonic_ms=20|clock_delta_ms=.903|
clock_suspect=0
PMLE_LIVE_REPLAY_TIC|tic=2234|mle_ms=70.965|monotonic_ms=70|clock_delta_ms=.965|
clock_suspect=0
PMLE_LIVE_REPLAY_TIC|tic=2235|mle_ms=61.061|monotonic_ms=70|clock_delta_ms=8.939
|clock_suspect=0
PMLE_LIVE_REPLAY_TIC|tic=2236|mle_ms=32.206|monotonic_ms=30|clock_delta_ms=2.206
|clock_suspect=0
PMLE_LIVE_REPLAY_TIC|tic=2237|mle_ms=68.807|monotonic_ms=70|clock_delta_ms=1.193
|clock_suspect=0
PMLE_LIVE_REPLAY_TIC|tic=2238|mle_ms=89.419|monotonic_ms=90|clock_delta_ms=.581|
clock_suspect=0
PMLE_LIVE_REPLAY_TIC|tic=2239|mle_ms=15.142|monotonic_ms=10|clock_delta_ms=5.142
|clock_suspect=0
PMLE_LIVE_REPLAY_TIC|tic=2240|mle_ms=18.303|monotonic_ms=20|clock_delta_ms=1.697
|clock_suspect=0
PMLE_LIVE_REPLAY_TIC|tic=2241|mle_ms=66.575|monotonic_ms=70|clock_delta_ms=3.425
|clock_suspect=0
PMLE_LIVE_REPLAY_TIC|tic=2242|mle_ms=14.84|monotonic_ms=10|clock_delta_ms=4.84|c
lock_suspect=0
PMLE_LIVE_REPLAY_TIC|tic=2243|mle_ms=26.01|monotonic_ms=30|clock_delta_ms=3.99|c
lock_suspect=0
PMLE_LIVE_REPLAY_TIC|tic=2244|mle_ms=68.553|monotonic_ms=70|clock_delta_ms=1.447
|clock_suspect=0
PMLE_LIVE_REPLAY_TIC|tic=2245|mle_ms=13.585|monotonic_ms=10|clock_delta_ms=3.585
|clock_suspect=0
PMLE_LIVE_REPLAY_TIC|tic=2246|mle_ms=41.013|monotonic_ms=40|clock_delta_ms=1.013
|clock_suspect=0
PMLE_LIVE_REPLAY_TIC|tic=2247|mle_ms=58.821|monotonic_ms=60|clock_delta_ms=1.179
|clock_suspect=0
PMLE_LIVE_REPLAY_TIC|tic=2248|mle_ms=10.615|monotonic_ms=10|clock_delta_ms=.615|
clock_suspect=0
PMLE_LIVE_REPLAY_TIC|tic=2249|mle_ms=15.538|monotonic_ms=20|clock_delta_ms=4.462
|clock_suspect=0
PMLE_LIVE_REPLAY_TIC|tic=2250|mle_ms=60.92|monotonic_ms=60|clock_delta_ms=.92|cl
ock_suspect=0
PMLE_LIVE_REPLAY_TIC|tic=2251|mle_ms=13.731|monotonic_ms=10|clock_delta_ms=3.731
|clock_suspect=0
PMLE_LIVE_REPLAY_TIC|tic=2252|mle_ms=23.476|monotonic_ms=20|clock_delta_ms=3.476
|clock_suspect=0
PMLE_LIVE_REPLAY_TIC|tic=2253|mle_ms=76.561|monotonic_ms=80|clock_delta_ms=3.439
|clock_suspect=0
PMLE_LIVE_REPLAY_TIC|tic=2254|mle_ms=14.979|monotonic_ms=20|clock_delta_ms=5.021
|clock_suspect=0
PMLE_LIVE_REPLAY_TIC|tic=2255|mle_ms=17.749|monotonic_ms=10|clock_delta_ms=7.749
|clock_suspect=0
PMLE_LIVE_REPLAY_TIC|tic=2256|mle_ms=87.082|monotonic_ms=90|clock_delta_ms=2.918
|clock_suspect=0
PMLE_LIVE_REPLAY_TIC|tic=2257|mle_ms=11.113|monotonic_ms=10|clock_delta_ms=1.113
|clock_suspect=0
PMLE_LIVE_REPLAY_TIC|tic=2258|mle_ms=16.019|monotonic_ms=20|clock_delta_ms=3.981
|clock_suspect=0
PMLE_LIVE_REPLAY_TIC|tic=2259|mle_ms=63.596|monotonic_ms=60|clock_delta_ms=3.596
|clock_suspect=0
PMLE_LIVE_REPLAY_TIC|tic=2260|mle_ms=11.548|monotonic_ms=10|clock_delta_ms=1.548
|clock_suspect=0
PMLE_LIVE_REPLAY_TIC|tic=2261|mle_ms=18.49|monotonic_ms=20|clock_delta_ms=1.51|c
lock_suspect=0
PMLE_LIVE_REPLAY_TIC|tic=2262|mle_ms=71.38|monotonic_ms=70|clock_delta_ms=1.38|c
lock_suspect=0
PMLE_LIVE_REPLAY_TIC|tic=2263|mle_ms=23.454|monotonic_ms=30|clock_delta_ms=6.546
|clock_suspect=0
PMLE_LIVE_REPLAY_TIC|tic=2264|mle_ms=21.359|monotonic_ms=20|clock_delta_ms=1.359
|clock_suspect=0
PMLE_LIVE_REPLAY_TIC|tic=2265|mle_ms=71.133|monotonic_ms=70|clock_delta_ms=1.133
|clock_suspect=0
PMLE_LIVE_REPLAY_TIC|tic=2266|mle_ms=42.269|monotonic_ms=40|clock_delta_ms=2.269
|clock_suspect=0
PMLE_LIVE_REPLAY_TIC|tic=2267|mle_ms=68.755|monotonic_ms=70|clock_delta_ms=1.245
|clock_suspect=0
PMLE_LIVE_REPLAY_TIC|tic=2268|mle_ms=14.846|monotonic_ms=20|clock_delta_ms=5.154
|clock_suspect=0
PMLE_LIVE_REPLAY_TIC|tic=2269|mle_ms=14.252|monotonic_ms=10|clock_delta_ms=4.252
|clock_suspect=0
PMLE_LIVE_REPLAY_TIC|tic=2270|mle_ms=69.245|monotonic_ms=70|clock_delta_ms=.755|
clock_suspect=0
PMLE_LIVE_REPLAY_TIC|tic=2271|mle_ms=14.306|monotonic_ms=10|clock_delta_ms=4.306
|clock_suspect=0
PMLE_LIVE_REPLAY_TIC|tic=2272|mle_ms=12.638|monotonic_ms=20|clock_delta_ms=7.362
|clock_suspect=0
PMLE_LIVE_REPLAY_TIC|tic=2273|mle_ms=75.093|monotonic_ms=70|clock_delta_ms=5.093
|clock_suspect=0
PMLE_LIVE_REPLAY_TIC|tic=2274|mle_ms=20.413|monotonic_ms=20|clock_delta_ms=.413|
clock_suspect=0
PMLE_LIVE_REPLAY_TIC|tic=2275|mle_ms=12.263|monotonic_ms=20|clock_delta_ms=7.737
|clock_suspect=0
PMLE_LIVE_REPLAY_TIC|tic=2276|mle_ms=110.45|monotonic_ms=110|clock_delta_ms=.45|
clock_suspect=0
PMLE_LIVE_REPLAY_TIC|tic=2277|mle_ms=25.804|monotonic_ms=20|clock_delta_ms=5.804
|clock_suspect=0
PMLE_LIVE_REPLAY_TIC|tic=2278|mle_ms=15.062|monotonic_ms=20|clock_delta_ms=4.938
|clock_suspect=0
PMLE_LIVE_REPLAY_TIC|tic=2279|mle_ms=87.152|monotonic_ms=80|clock_delta_ms=7.152
|clock_suspect=0
PMLE_LIVE_REPLAY_TIC|tic=2280|mle_ms=19.607|monotonic_ms=20|clock_delta_ms=.393|
clock_suspect=0
PMLE_LIVE_REPLAY_TIC|tic=2281|mle_ms=13.233|monotonic_ms=20|clock_delta_ms=6.767
|clock_suspect=0
PMLE_LIVE_REPLAY_TIC|tic=2282|mle_ms=79.773|monotonic_ms=80|clock_delta_ms=.227|
clock_suspect=0
PMLE_LIVE_REPLAY_TIC|tic=2283|mle_ms=30.411|monotonic_ms=30|clock_delta_ms=.411|
clock_suspect=0
PMLE_LIVE_REPLAY_TIC|tic=2284|mle_ms=21.422|monotonic_ms=20|clock_delta_ms=1.422
|clock_suspect=0
PMLE_LIVE_REPLAY_TIC|tic=2285|mle_ms=85.32|monotonic_ms=80|clock_delta_ms=5.32|c
lock_suspect=0
PMLE_LIVE_REPLAY_TIC|tic=2286|mle_ms=48.937|monotonic_ms=50|clock_delta_ms=1.063
|clock_suspect=0
PMLE_LIVE_REPLAY_TIC|tic=2287|mle_ms=11.699|monotonic_ms=20|clock_delta_ms=8.301
|clock_suspect=0
PMLE_LIVE_REPLAY_TIC|tic=2288|mle_ms=65.629|monotonic_ms=60|clock_delta_ms=5.629
|clock_suspect=0
PMLE_LIVE_REPLAY_TIC|tic=2289|mle_ms=16.817|monotonic_ms=20|clock_delta_ms=3.183
|clock_suspect=0
PMLE_LIVE_REPLAY_TIC|tic=2290|mle_ms=13.468|monotonic_ms=10|clock_delta_ms=3.468
|clock_suspect=0
PMLE_LIVE_REPLAY_TIC|tic=2291|mle_ms=17.956|monotonic_ms=20|clock_delta_ms=2.044
|clock_suspect=0
PMLE_LIVE_REPLAY_TIC|tic=2292|mle_ms=20.495|monotonic_ms=20|clock_delta_ms=.495|
clock_suspect=0
PMLE_LIVE_REPLAY_TIC|tic=2293|mle_ms=23.969|monotonic_ms=20|clock_delta_ms=3.969
|clock_suspect=0
PMLE_LIVE_REPLAY_TIC|tic=2294|mle_ms=22.701|monotonic_ms=30|clock_delta_ms=7.299
|clock_suspect=0
PMLE_LIVE_REPLAY_TIC|tic=2295|mle_ms=15.49|monotonic_ms=10|clock_delta_ms=5.49|c
lock_suspect=0
PMLE_LIVE_REPLAY_TIC|tic=2296|mle_ms=40.309|monotonic_ms=40|clock_delta_ms=.309|
clock_suspect=0
PMLE_LIVE_REPLAY_TIC|tic=2297|mle_ms=16.713|monotonic_ms=20|clock_delta_ms=3.287
|clock_suspect=0
PMLE_LIVE_REPLAY_TIC|tic=2298|mle_ms=17.029|monotonic_ms=20|clock_delta_ms=2.971
|clock_suspect=0
PMLE_LIVE_REPLAY_TIC|tic=2299|mle_ms=12.682|monotonic_ms=10|clock_delta_ms=2.682
|clock_suspect=0
PMLE_LIVE_REPLAY_TIC|tic=2300|mle_ms=62.921|monotonic_ms=60|clock_delta_ms=2.921
|clock_suspect=0
PMLE_LIVE_REPLAY_TIC|tic=2301|mle_ms=15.26|monotonic_ms=20|clock_delta_ms=4.74|c
lock_suspect=0
PMLE_LIVE_REPLAY_TIC|tic=2302|mle_ms=12.954|monotonic_ms=10|clock_delta_ms=2.954
|clock_suspect=0
PMLE_LIVE_REPLAY_TIC|tic=2303|mle_ms=71.773|monotonic_ms=70|clock_delta_ms=1.773
|clock_suspect=0
PMLE_LIVE_REPLAY_TIC|tic=2304|mle_ms=67.333|monotonic_ms=70|clock_delta_ms=2.667
|clock_suspect=0
PMLE_LIVE_REPLAY_TIC|tic=2305|mle_ms=12.324|monotonic_ms=10|clock_delta_ms=2.324
|clock_suspect=0
PMLE_LIVE_REPLAY_TIC|tic=2306|mle_ms=106.143|monotonic_ms=110|clock_delta_ms=3.8
57|clock_suspect=0
PMLE_LIVE_REPLAY_TIC|tic=2307|mle_ms=62.747|monotonic_ms=60|clock_delta_ms=2.747
|clock_suspect=0
PMLE_LIVE_REPLAY_TIC|tic=2308|mle_ms=11.216|monotonic_ms=10|clock_delta_ms=1.216
|clock_suspect=0
PMLE_LIVE_REPLAY_TIC|tic=2309|mle_ms=77.278|monotonic_ms=80|clock_delta_ms=2.722
|clock_suspect=0
PMLE_LIVE_REPLAY_TIC|tic=2310|mle_ms=61.675|monotonic_ms=60|clock_delta_ms=1.675
|clock_suspect=0
PMLE_LIVE_REPLAY_TIC|tic=2311|mle_ms=13.24|monotonic_ms=10|clock_delta_ms=3.24|c
lock_suspect=0
PMLE_LIVE_REPLAY_TIC|tic=2312|mle_ms=65.541|monotonic_ms=70|clock_delta_ms=4.459
|clock_suspect=0
PMLE_LIVE_REPLAY_TIC|tic=2313|mle_ms=73.12|monotonic_ms=70|clock_delta_ms=3.12|c
lock_suspect=0
PMLE_LIVE_REPLAY_TIC|tic=2314|mle_ms=14.921|monotonic_ms=20|clock_delta_ms=5.079
|clock_suspect=0
PMLE_LIVE_REPLAY_TIC|tic=2315|mle_ms=71.663|monotonic_ms=70|clock_delta_ms=1.663
|clock_suspect=0
PMLE_LIVE_REPLAY_TIC|tic=2316|mle_ms=104.728|monotonic_ms=110|clock_delta_ms=5.2
72|clock_suspect=0
PMLE_LIVE_REPLAY_TIC|tic=2317|mle_ms=12.309|monotonic_ms=10|clock_delta_ms=2.309
|clock_suspect=0
PMLE_LIVE_REPLAY_TIC|tic=2318|mle_ms=113.074|monotonic_ms=110|clock_delta_ms=3.0
74|clock_suspect=0
PMLE_LIVE_REPLAY_TIC|tic=2319|mle_ms=66.052|monotonic_ms=70|clock_delta_ms=3.948
|clock_suspect=0
PMLE_LIVE_REPLAY_TIC|tic=2320|mle_ms=12.092|monotonic_ms=10|clock_delta_ms=2.092
|clock_suspect=0
PMLE_LIVE_REPLAY_TIC|tic=2321|mle_ms=60.833|monotonic_ms=60|clock_delta_ms=.833|
clock_suspect=0
PMLE_LIVE_REPLAY_TIC|tic=2322|mle_ms=75.238|monotonic_ms=80|clock_delta_ms=4.762
|clock_suspect=0
PMLE_LIVE_REPLAY_TIC|tic=2323|mle_ms=30.551|monotonic_ms=30|clock_delta_ms=.551|
clock_suspect=0
PMLE_LIVE_REPLAY_TIC|tic=2324|mle_ms=92.525|monotonic_ms=90|clock_delta_ms=2.525
|clock_suspect=0
PMLE_LIVE_REPLAY_TIC|tic=2325|mle_ms=57.749|monotonic_ms=60|clock_delta_ms=2.251
|clock_suspect=0
PMLE_LIVE_REPLAY_TIC|tic=2326|mle_ms=43.258|monotonic_ms=40|clock_delta_ms=3.258
|clock_suspect=0
PMLE_LIVE_REPLAY_TIC|tic=2327|mle_ms=67.89|monotonic_ms=70|clock_delta_ms=2.11|c
lock_suspect=0
PMLE_LIVE_REPLAY_TIC|tic=2328|mle_ms=59.085|monotonic_ms=60|clock_delta_ms=.915|
clock_suspect=0
PMLE_LIVE_REPLAY_TIC|tic=2329|mle_ms=11.209|monotonic_ms=10|clock_delta_ms=1.209
|clock_suspect=0
PMLE_LIVE_REPLAY_TIC|tic=2330|mle_ms=73.376|monotonic_ms=70|clock_delta_ms=3.376
|clock_suspect=0
PMLE_LIVE_REPLAY_TIC|tic=2331|mle_ms=80.186|monotonic_ms=80|clock_delta_ms=.186|
clock_suspect=0
PMLE_LIVE_REPLAY_TIC|tic=2332|mle_ms=14.177|monotonic_ms=20|clock_delta_ms=5.823
|clock_suspect=0
PMLE_LIVE_REPLAY_TIC|tic=2333|mle_ms=83.29|monotonic_ms=80|clock_delta_ms=3.29|c
lock_suspect=0
PMLE_LIVE_REPLAY_TIC|tic=2334|mle_ms=63.351|monotonic_ms=60|clock_delta_ms=3.351
|clock_suspect=0
PMLE_LIVE_REPLAY_TIC|tic=2335|mle_ms=12.065|monotonic_ms=20|clock_delta_ms=7.935
|clock_suspect=0
PMLE_LIVE_REPLAY_TIC|tic=2336|mle_ms=89.615|monotonic_ms=80|clock_delta_ms=9.615
|clock_suspect=0
PMLE_LIVE_REPLAY_TIC|tic=2337|mle_ms=59.083|monotonic_ms=60|clock_delta_ms=.917|
clock_suspect=0
PMLE_LIVE_REPLAY_TIC|tic=2338|mle_ms=9.425|monotonic_ms=10|clock_delta_ms=.575|c
lock_suspect=0
PMLE_LIVE_REPLAY_TIC|tic=2339|mle_ms=67.116|monotonic_ms=70|clock_delta_ms=2.884
|clock_suspect=0
PMLE_LIVE_REPLAY_TIC|tic=2340|mle_ms=60.885|monotonic_ms=60|clock_delta_ms=.885|
clock_suspect=0
PMLE_LIVE_REPLAY_TIC|tic=2341|mle_ms=11.375|monotonic_ms=10|clock_delta_ms=1.375
|clock_suspect=0
PMLE_LIVE_REPLAY_TIC|tic=2342|mle_ms=67.51|monotonic_ms=70|clock_delta_ms=2.49|c
lock_suspect=0
PMLE_LIVE_REPLAY_TIC|tic=2343|mle_ms=79.078|monotonic_ms=80|clock_delta_ms=.922|
clock_suspect=0
PMLE_LIVE_REPLAY_TIC|tic=2344|mle_ms=16.407|monotonic_ms=20|clock_delta_ms=3.593
|clock_suspect=0
PMLE_LIVE_REPLAY_TIC|tic=2345|mle_ms=14.977|monotonic_ms=10|clock_delta_ms=4.977
|clock_suspect=0
PMLE_LIVE_REPLAY_TIC|tic=2346|mle_ms=79.305|monotonic_ms=80|clock_delta_ms=.695|
clock_suspect=0
PMLE_LIVE_REPLAY_TIC|tic=2347|mle_ms=11.461|monotonic_ms=10|clock_delta_ms=1.461
|clock_suspect=0
PMLE_LIVE_REPLAY_TIC|tic=2348|mle_ms=15.18|monotonic_ms=20|clock_delta_ms=4.82|c
lock_suspect=0
PMLE_LIVE_REPLAY_TIC|tic=2349|mle_ms=62.449|monotonic_ms=60|clock_delta_ms=2.449
|clock_suspect=0
PMLE_LIVE_REPLAY_TIC|tic=2350|mle_ms=13.018|monotonic_ms=10|clock_delta_ms=3.018
|clock_suspect=0
PMLE_LIVE_REPLAY_TIC|tic=2351|mle_ms=66.25|monotonic_ms=70|clock_delta_ms=3.75|c
lock_suspect=0
PMLE_LIVE_REPLAY_TIC|tic=2352|mle_ms=63.115|monotonic_ms=60|clock_delta_ms=3.115
|clock_suspect=0
PMLE_LIVE_REPLAY_TIC|tic=2353|mle_ms=21.626|monotonic_ms=20|clock_delta_ms=1.626
|clock_suspect=0
PMLE_LIVE_REPLAY_TIC|tic=2354|mle_ms=128.094|monotonic_ms=130|clock_delta_ms=1.9
06|clock_suspect=0
PMLE_LIVE_REPLAY_TIC|tic=2355|mle_ms=82.313|monotonic_ms=80|clock_delta_ms=2.313
|clock_suspect=0
PMLE_LIVE_REPLAY_TIC|tic=2356|mle_ms=36.782|monotonic_ms=40|clock_delta_ms=3.218
|clock_suspect=0
PMLE_LIVE_REPLAY_TIC|tic=2357|mle_ms=76.654|monotonic_ms=80|clock_delta_ms=3.346
|clock_suspect=0
PMLE_LIVE_REPLAY_TIC|tic=2358|mle_ms=67.546|monotonic_ms=70|clock_delta_ms=2.454
|clock_suspect=0
PMLE_LIVE_REPLAY_TIC|tic=2359|mle_ms=31.603|monotonic_ms=30|clock_delta_ms=1.603
|clock_suspect=0
PMLE_LIVE_REPLAY_TIC|tic=2360|mle_ms=84.66|monotonic_ms=80|clock_delta_ms=4.66|c
lock_suspect=0
PMLE_LIVE_REPLAY_TIC|tic=2361|mle_ms=78.422|monotonic_ms=80|clock_delta_ms=1.578
|clock_suspect=0
PMLE_LIVE_REPLAY_TIC|tic=2362|mle_ms=15.752|monotonic_ms=20|clock_delta_ms=4.248
|clock_suspect=0
PMLE_LIVE_REPLAY_TIC|tic=2363|mle_ms=76.467|monotonic_ms=70|clock_delta_ms=6.467
|clock_suspect=0
PMLE_LIVE_REPLAY_TIC|tic=2364|mle_ms=67.662|monotonic_ms=70|clock_delta_ms=2.338
|clock_suspect=0
PMLE_LIVE_REPLAY_TIC|tic=2365|mle_ms=25.577|monotonic_ms=30|clock_delta_ms=4.423
|clock_suspect=0
PMLE_LIVE_REPLAY_TIC|tic=2366|mle_ms=97.655|monotonic_ms=90|clock_delta_ms=7.655
|clock_suspect=0
PMLE_LIVE_REPLAY_TIC|tic=2367|mle_ms=73.77|monotonic_ms=80|clock_delta_ms=6.23|c
lock_suspect=0
PMLE_LIVE_REPLAY_TIC|tic=2368|mle_ms=21.058|monotonic_ms=20|clock_delta_ms=1.058
|clock_suspect=0
PMLE_LIVE_REPLAY_TIC|tic=2369|mle_ms=80.555|monotonic_ms=80|clock_delta_ms=.555|
clock_suspect=0
PMLE_LIVE_REPLAY_TIC|tic=2370|mle_ms=81.617|monotonic_ms=80|clock_delta_ms=1.617
|clock_suspect=0
PMLE_LIVE_REPLAY_TIC|tic=2371|mle_ms=24.001|monotonic_ms=30|clock_delta_ms=5.999
|clock_suspect=0
PMLE_LIVE_REPLAY_TIC|tic=2372|mle_ms=75.436|monotonic_ms=70|clock_delta_ms=5.436
|clock_suspect=0
PMLE_LIVE_REPLAY_TIC|tic=2373|mle_ms=84.641|monotonic_ms=90|clock_delta_ms=5.359
|clock_suspect=0
PMLE_LIVE_REPLAY_TIC|tic=2374|mle_ms=24.102|monotonic_ms=20|clock_delta_ms=4.102
|clock_suspect=0
PMLE_LIVE_REPLAY_TIC|tic=2375|mle_ms=73.697|monotonic_ms=70|clock_delta_ms=3.697
|clock_suspect=0
PMLE_LIVE_REPLAY_TIC|tic=2376|mle_ms=88.465|monotonic_ms=90|clock_delta_ms=1.535
|clock_suspect=0
PMLE_LIVE_REPLAY_TIC|tic=2377|mle_ms=21.956|monotonic_ms=20|clock_delta_ms=1.956
|clock_suspect=0
PMLE_LIVE_REPLAY_TIC|tic=2378|mle_ms=87.395|monotonic_ms=90|clock_delta_ms=2.605
|clock_suspect=0
PMLE_LIVE_REPLAY_TIC|tic=2379|mle_ms=73.23|monotonic_ms=80|clock_delta_ms=6.77|c
lock_suspect=0
PMLE_LIVE_REPLAY_TIC|tic=2380|mle_ms=22.509|monotonic_ms=20|clock_delta_ms=2.509
|clock_suspect=0
PMLE_LIVE_REPLAY_TIC|tic=2381|mle_ms=72.397|monotonic_ms=70|clock_delta_ms=2.397
|clock_suspect=0
PMLE_LIVE_REPLAY_TIC|tic=2382|mle_ms=74.992|monotonic_ms=80|clock_delta_ms=5.008
|clock_suspect=0
PMLE_LIVE_REPLAY_TIC|tic=2383|mle_ms=34.856|monotonic_ms=30|clock_delta_ms=4.856
|clock_suspect=0
PMLE_LIVE_REPLAY_TIC|tic=2384|mle_ms=112.769|monotonic_ms=110|clock_delta_ms=2.7
69|clock_suspect=0
PMLE_LIVE_REPLAY_TIC|tic=2385|mle_ms=98.113|monotonic_ms=100|clock_delta_ms=1.88
7|clock_suspect=0
PMLE_LIVE_REPLAY_TIC|tic=2386|mle_ms=45.577|monotonic_ms=50|clock_delta_ms=4.423
|clock_suspect=0
PMLE_LIVE_REPLAY_TIC|tic=2387|mle_ms=91.459|monotonic_ms=90|clock_delta_ms=1.459
|clock_suspect=0
PMLE_LIVE_REPLAY_TIC|tic=2388|mle_ms=108.954|monotonic_ms=110|clock_delta_ms=1.0
46|clock_suspect=0
PMLE_LIVE_REPLAY_TIC|tic=2389|mle_ms=22.098|monotonic_ms=20|clock_delta_ms=2.098
|clock_suspect=0
PMLE_LIVE_REPLAY_TIC|tic=2390|mle_ms=72.07|monotonic_ms=70|clock_delta_ms=2.07|c
lock_suspect=0
PMLE_LIVE_REPLAY_TIC|tic=2391|mle_ms=82.662|monotonic_ms=90|clock_delta_ms=7.338
|clock_suspect=0
PMLE_LIVE_REPLAY_TIC|tic=2392|mle_ms=26.939|monotonic_ms=20|clock_delta_ms=6.939
|clock_suspect=0
PMLE_LIVE_REPLAY_TIC|tic=2393|mle_ms=91.413|monotonic_ms=90|clock_delta_ms=1.413
|clock_suspect=0
PMLE_LIVE_REPLAY_TIC|tic=2394|mle_ms=79.35|monotonic_ms=80|clock_delta_ms=.65|cl
ock_suspect=0
PMLE_LIVE_REPLAY_TIC|tic=2395|mle_ms=24.484|monotonic_ms=30|clock_delta_ms=5.516
|clock_suspect=0
PMLE_LIVE_REPLAY_TIC|tic=2396|mle_ms=93.985|monotonic_ms=90|clock_delta_ms=3.985
|clock_suspect=0
PMLE_LIVE_REPLAY_TIC|tic=2397|mle_ms=80.876|monotonic_ms=80|clock_delta_ms=.876|
clock_suspect=0
PMLE_LIVE_REPLAY_TIC|tic=2398|mle_ms=23.484|monotonic_ms=30|clock_delta_ms=6.516
|clock_suspect=0
PMLE_LIVE_REPLAY_TIC|tic=2399|mle_ms=71.193|monotonic_ms=70|clock_delta_ms=1.193
|clock_suspect=0
PMLE_LIVE_REPLAY_TIC|tic=2400|mle_ms=85.936|monotonic_ms=80|clock_delta_ms=5.936
|clock_suspect=0
PMLE_LIVE_REPLAY_TIC|tic=2401|mle_ms=20.423|monotonic_ms=20|clock_delta_ms=.423|
clock_suspect=0
PMLE_LIVE_REPLAY_TIC|tic=2402|mle_ms=71.243|monotonic_ms=70|clock_delta_ms=1.243
|clock_suspect=0
PMLE_LIVE_REPLAY_TIC|tic=2403|mle_ms=80.889|monotonic_ms=80|clock_delta_ms=.889|
clock_suspect=0
PMLE_LIVE_REPLAY_TIC|tic=2404|mle_ms=27.252|monotonic_ms=30|clock_delta_ms=2.748
|clock_suspect=0
PMLE_LIVE_REPLAY_TIC|tic=2405|mle_ms=74.027|monotonic_ms=80|clock_delta_ms=5.973
|clock_suspect=0
PMLE_LIVE_REPLAY_TIC|tic=2406|mle_ms=88.137|monotonic_ms=80|clock_delta_ms=8.137
|clock_suspect=0
PMLE_LIVE_REPLAY_TIC|tic=2407|mle_ms=19.828|monotonic_ms=20|clock_delta_ms=.172|
clock_suspect=0
PMLE_LIVE_REPLAY_TIC|tic=2408|mle_ms=93.096|monotonic_ms=100|clock_delta_ms=6.90
4|clock_suspect=0
PMLE_LIVE_REPLAY_TIC|tic=2409|mle_ms=85.671|monotonic_ms=80|clock_delta_ms=5.671
|clock_suspect=0
PMLE_LIVE_REPLAY_TIC|tic=2410|mle_ms=24.37|monotonic_ms=30|clock_delta_ms=5.63|c
lock_suspect=0
PMLE_LIVE_REPLAY_TIC|tic=2411|mle_ms=77.852|monotonic_ms=80|clock_delta_ms=2.148
|clock_suspect=0
PMLE_LIVE_REPLAY_TIC|tic=2412|mle_ms=85.51|monotonic_ms=80|clock_delta_ms=5.51|c
lock_suspect=0
PMLE_LIVE_REPLAY_TIC|tic=2413|mle_ms=31.73|monotonic_ms=30|clock_delta_ms=1.73|c
lock_suspect=0
PMLE_LIVE_REPLAY_TIC|tic=2414|mle_ms=84.422|monotonic_ms=90|clock_delta_ms=5.578
|clock_suspect=0
PMLE_LIVE_REPLAY_TIC|tic=2415|mle_ms=90.442|monotonic_ms=90|clock_delta_ms=.442|
clock_suspect=0
PMLE_LIVE_REPLAY_TIC|tic=2416|mle_ms=35.552|monotonic_ms=30|clock_delta_ms=5.552
|clock_suspect=0
PMLE_LIVE_REPLAY_TIC|tic=2417|mle_ms=71.366|monotonic_ms=80|clock_delta_ms=8.634
|clock_suspect=0
PMLE_LIVE_REPLAY_TIC|tic=2418|mle_ms=78.395|monotonic_ms=70|clock_delta_ms=8.395
|clock_suspect=0
PMLE_LIVE_REPLAY_TIC|tic=2419|mle_ms=25.706|monotonic_ms=30|clock_delta_ms=4.294
|clock_suspect=0
PMLE_LIVE_REPLAY_TIC|tic=2420|mle_ms=81.829|monotonic_ms=80|clock_delta_ms=1.829
|clock_suspect=0
PMLE_LIVE_REPLAY_TIC|tic=2421|mle_ms=110.479|monotonic_ms=110|clock_delta_ms=.47
9|clock_suspect=0
PMLE_LIVE_REPLAY_TIC|tic=2422|mle_ms=27.4|monotonic_ms=30|clock_delta_ms=2.6|clo
ck_suspect=0
PMLE_LIVE_REPLAY_TIC|tic=2423|mle_ms=101.967|monotonic_ms=100|clock_delta_ms=1.9
67|clock_suspect=0
PMLE_LIVE_REPLAY_TIC|tic=2424|mle_ms=87.679|monotonic_ms=90|clock_delta_ms=2.321
|clock_suspect=0
PMLE_LIVE_REPLAY_TIC|tic=2425|mle_ms=25.216|monotonic_ms=20|clock_delta_ms=5.216
|clock_suspect=0
PMLE_LIVE_REPLAY_TIC|tic=2426|mle_ms=106.168|monotonic_ms=110|clock_delta_ms=3.8
32|clock_suspect=0
PMLE_LIVE_REPLAY_TIC|tic=2427|mle_ms=71.513|monotonic_ms=70|clock_delta_ms=1.513
|clock_suspect=0
PMLE_LIVE_REPLAY_TIC|tic=2428|mle_ms=11.656|monotonic_ms=10|clock_delta_ms=1.656
|clock_suspect=0
PMLE_LIVE_REPLAY_TIC|tic=2429|mle_ms=84.682|monotonic_ms=90|clock_delta_ms=5.318
|clock_suspect=0
PMLE_LIVE_REPLAY_TIC|tic=2430|mle_ms=64|monotonic_ms=60|clock_delta_ms=4|clock_s
uspect=0
PMLE_LIVE_REPLAY_TIC|tic=2431|mle_ms=51.708|monotonic_ms=50|clock_delta_ms=1.708
|clock_suspect=0
PMLE_LIVE_REPLAY_TIC|tic=2432|mle_ms=88.014|monotonic_ms=90|clock_delta_ms=1.986
|clock_suspect=0
PMLE_LIVE_REPLAY_TIC|tic=2433|mle_ms=102.512|monotonic_ms=110|clock_delta_ms=7.4
88|clock_suspect=0
PMLE_LIVE_REPLAY_TIC|tic=2434|mle_ms=22.454|monotonic_ms=20|clock_delta_ms=2.454
|clock_suspect=0
PMLE_LIVE_REPLAY_TIC|tic=2435|mle_ms=63.64|monotonic_ms=60|clock_delta_ms=3.64|c
lock_suspect=0
PMLE_LIVE_REPLAY_TIC|tic=2436|mle_ms=55.604|monotonic_ms=60|clock_delta_ms=4.396
|clock_suspect=0
PMLE_LIVE_REPLAY_TIC|tic=2437|mle_ms=9.665|monotonic_ms=10|clock_delta_ms=.335|c
lock_suspect=0
PMLE_LIVE_REPLAY_TIC|tic=2438|mle_ms=50.001|monotonic_ms=50|clock_delta_ms=.001|
clock_suspect=0
PMLE_LIVE_REPLAY_TIC|tic=2439|mle_ms=46.73|monotonic_ms=40|clock_delta_ms=6.73|c
lock_suspect=0
PMLE_LIVE_REPLAY_TIC|tic=2440|mle_ms=12.459|monotonic_ms=20|clock_delta_ms=7.541
|clock_suspect=0
PMLE_LIVE_REPLAY_TIC|tic=2441|mle_ms=69.635|monotonic_ms=70|clock_delta_ms=.365|
clock_suspect=0
PMLE_LIVE_REPLAY_TIC|tic=2442|mle_ms=38.121|monotonic_ms=30|clock_delta_ms=8.121
|clock_suspect=0
PMLE_LIVE_REPLAY_TIC|tic=2443|mle_ms=44.204|monotonic_ms=50|clock_delta_ms=5.796
|clock_suspect=0
PMLE_LIVE_REPLAY_TIC|tic=2444|mle_ms=47.681|monotonic_ms=50|clock_delta_ms=2.319
|clock_suspect=0
PMLE_LIVE_REPLAY_TIC|tic=2445|mle_ms=59.587|monotonic_ms=60|clock_delta_ms=.413|
clock_suspect=0
PMLE_LIVE_REPLAY_TIC|tic=2446|mle_ms=27.512|monotonic_ms=20|clock_delta_ms=7.512
|clock_suspect=0
PMLE_LIVE_REPLAY_TIC|tic=2447|mle_ms=41.785|monotonic_ms=50|clock_delta_ms=8.215
|clock_suspect=0
PMLE_LIVE_REPLAY_TIC|tic=2448|mle_ms=40.225|monotonic_ms=40|clock_delta_ms=.225|
clock_suspect=0
PMLE_LIVE_REPLAY_TIC|tic=2449|mle_ms=13.13|monotonic_ms=10|clock_delta_ms=3.13|c
lock_suspect=0
PMLE_LIVE_REPLAY_TIC|tic=2450|mle_ms=33.793|monotonic_ms=30|clock_delta_ms=3.793
|clock_suspect=0
PMLE_LIVE_REPLAY_TIC|tic=2451|mle_ms=268.105|monotonic_ms=270|clock_delta_ms=1.8
95|clock_suspect=0
PMLE_LIVE_REPLAY_TIC|tic=2452|mle_ms=13.854|monotonic_ms=10|clock_delta_ms=3.854
|clock_suspect=0
PMLE_LIVE_REPLAY_TIC|tic=2453|mle_ms=75.8|monotonic_ms=80|clock_delta_ms=4.2|clo
ck_suspect=0
PMLE_LIVE_REPLAY_TIC|tic=2454|mle_ms=50.825|monotonic_ms=50|clock_delta_ms=.825|
clock_suspect=0
PMLE_LIVE_REPLAY_TIC|tic=2455|mle_ms=15.63|monotonic_ms=20|clock_delta_ms=4.37|c
lock_suspect=0
PMLE_LIVE_REPLAY_TIC|tic=2456|mle_ms=65.244|monotonic_ms=60|clock_delta_ms=5.244
|clock_suspect=0
PMLE_LIVE_REPLAY_TIC|tic=2457|mle_ms=36.638|monotonic_ms=40|clock_delta_ms=3.362
|clock_suspect=0
PMLE_LIVE_REPLAY_TIC|tic=2458|mle_ms=13.418|monotonic_ms=10|clock_delta_ms=3.418
|clock_suspect=0
PMLE_LIVE_REPLAY_TIC|tic=2459|mle_ms=63.343|monotonic_ms=70|clock_delta_ms=6.657
|clock_suspect=0
PMLE_LIVE_REPLAY_TIC|tic=2460|mle_ms=47.043|monotonic_ms=40|clock_delta_ms=7.043
|clock_suspect=0
PMLE_LIVE_REPLAY_TIC|tic=2461|mle_ms=51.916|monotonic_ms=60|clock_delta_ms=8.084
|clock_suspect=0
PMLE_LIVE_REPLAY_TIC|tic=2462|mle_ms=43.442|monotonic_ms=40|clock_delta_ms=3.442
|clock_suspect=0
PMLE_LIVE_REPLAY_TIC|tic=2463|mle_ms=77.391|monotonic_ms=80|clock_delta_ms=2.609
|clock_suspect=0
PMLE_LIVE_REPLAY_TIC|tic=2464|mle_ms=24.528|monotonic_ms=20|clock_delta_ms=4.528
|clock_suspect=0
PMLE_LIVE_REPLAY_TIC|tic=2465|mle_ms=40.416|monotonic_ms=40|clock_delta_ms=.416|
clock_suspect=0
PMLE_LIVE_REPLAY_TIC|tic=2466|mle_ms=83.172|monotonic_ms=80|clock_delta_ms=3.172
|clock_suspect=0
PMLE_LIVE_REPLAY_TIC|tic=2467|mle_ms=16.109|monotonic_ms=20|clock_delta_ms=3.891
|clock_suspect=0
PMLE_LIVE_REPLAY_TIC|tic=2468|mle_ms=38.247|monotonic_ms=40|clock_delta_ms=1.753
|clock_suspect=0
PMLE_LIVE_REPLAY_TIC|tic=2469|mle_ms=47.119|monotonic_ms=50|clock_delta_ms=2.881
|clock_suspect=0
PMLE_LIVE_REPLAY_TIC|tic=2470|mle_ms=14.988|monotonic_ms=10|clock_delta_ms=4.988
|clock_suspect=0
PMLE_LIVE_REPLAY_TIC|tic=2471|mle_ms=76.153|monotonic_ms=80|clock_delta_ms=3.847
|clock_suspect=0
PMLE_LIVE_REPLAY_TIC|tic=2472|mle_ms=40.825|monotonic_ms=40|clock_delta_ms=.825|
clock_suspect=0
PMLE_LIVE_REPLAY_TIC|tic=2473|mle_ms=50.759|monotonic_ms=50|clock_delta_ms=.759|
clock_suspect=0
PMLE_LIVE_REPLAY_TIC|tic=2474|mle_ms=55.914|monotonic_ms=60|clock_delta_ms=4.086
|clock_suspect=0
PMLE_LIVE_REPLAY_TIC|tic=2475|mle_ms=49.456|monotonic_ms=40|clock_delta_ms=9.456
|clock_suspect=0
PMLE_LIVE_REPLAY_TIC|tic=2476|mle_ms=53.319|monotonic_ms=50|clock_delta_ms=3.319
|clock_suspect=0
PMLE_LIVE_REPLAY_TIC|tic=2477|mle_ms=48.361|monotonic_ms=50|clock_delta_ms=1.639
|clock_suspect=0
PMLE_LIVE_REPLAY_TIC|tic=2478|mle_ms=49.794|monotonic_ms=50|clock_delta_ms=.206|
clock_suspect=0
PMLE_LIVE_REPLAY_TIC|tic=2479|mle_ms=20.323|monotonic_ms=20|clock_delta_ms=.323|
clock_suspect=0
PMLE_LIVE_REPLAY_TIC|tic=2480|mle_ms=46.425|monotonic_ms=40|clock_delta_ms=6.425
|clock_suspect=0
PMLE_LIVE_REPLAY_TIC|tic=2481|mle_ms=90.977|monotonic_ms=90|clock_delta_ms=.977|
clock_suspect=0
PMLE_LIVE_REPLAY_TIC|tic=2482|mle_ms=16.99|monotonic_ms=20|clock_delta_ms=3.01|c
lock_suspect=0
PMLE_LIVE_REPLAY_TIC|tic=2483|mle_ms=50.304|monotonic_ms=50|clock_delta_ms=.304|
clock_suspect=0
PMLE_LIVE_REPLAY_TIC|tic=2484|mle_ms=50.453|monotonic_ms=50|clock_delta_ms=.453|
clock_suspect=0
PMLE_LIVE_REPLAY_TIC|tic=2485|mle_ms=13.719|monotonic_ms=20|clock_delta_ms=6.281
|clock_suspect=0
PMLE_LIVE_REPLAY_TIC|tic=2486|mle_ms=39.682|monotonic_ms=40|clock_delta_ms=.318|
clock_suspect=0
PMLE_LIVE_REPLAY_TIC|tic=2487|mle_ms=55.868|monotonic_ms=50|clock_delta_ms=5.868
|clock_suspect=0
PMLE_LIVE_REPLAY_TIC|tic=2488|mle_ms=10.807|monotonic_ms=10|clock_delta_ms=.807|
clock_suspect=0
PMLE_LIVE_REPLAY_TIC|tic=2489|mle_ms=13.862|monotonic_ms=20|clock_delta_ms=6.138
|clock_suspect=0
PMLE_LIVE_REPLAY_TIC|tic=2490|mle_ms=40.729|monotonic_ms=40|clock_delta_ms=.729|
clock_suspect=0
PMLE_LIVE_REPLAY_TIC|tic=2491|mle_ms=46.085|monotonic_ms=40|clock_delta_ms=6.085
|clock_suspect=0
PMLE_LIVE_REPLAY_TIC|tic=2492|mle_ms=12.974|monotonic_ms=20|clock_delta_ms=7.026
|clock_suspect=0
PMLE_LIVE_REPLAY_TIC|tic=2493|mle_ms=83.001|monotonic_ms=80|clock_delta_ms=3.001
|clock_suspect=0
PMLE_LIVE_REPLAY_TIC|tic=2494|mle_ms=25.208|monotonic_ms=30|clock_delta_ms=4.792
|clock_suspect=0
PMLE_LIVE_REPLAY_TIC|tic=2495|mle_ms=13.044|monotonic_ms=10|clock_delta_ms=3.044
|clock_suspect=0
PMLE_LIVE_REPLAY_TIC|tic=2496|mle_ms=66.535|monotonic_ms=70|clock_delta_ms=3.465
|clock_suspect=0
PMLE_LIVE_REPLAY_TIC|tic=2497|mle_ms=15.176|monotonic_ms=10|clock_delta_ms=5.176
|clock_suspect=0
PMLE_LIVE_REPLAY_TIC|tic=2498|mle_ms=15.211|monotonic_ms=20|clock_delta_ms=4.789
|clock_suspect=0
PMLE_LIVE_REPLAY_TIC|tic=2499|mle_ms=45.076|monotonic_ms=40|clock_delta_ms=5.076
|clock_suspect=0
PMLE_LIVE_REPLAY_TIC|tic=2500|mle_ms=15.392|monotonic_ms=20|clock_delta_ms=4.608
|clock_suspect=0
PMLE_LIVE_REPLAY_TIC|tic=2501|mle_ms=45.896|monotonic_ms=40|clock_delta_ms=5.896
|clock_suspect=0
PMLE_LIVE_REPLAY_TIC|tic=2502|mle_ms=40.063|monotonic_ms=40|clock_delta_ms=.063|
clock_suspect=0
PMLE_LIVE_REPLAY_TIC|tic=2503|mle_ms=45.47|monotonic_ms=50|clock_delta_ms=4.53|c
lock_suspect=0
PMLE_LIVE_REPLAY_TIC|tic=2504|mle_ms=20.734|monotonic_ms=20|clock_delta_ms=.734|
clock_suspect=0
PMLE_LIVE_REPLAY_TIC|tic=2505|mle_ms=58.236|monotonic_ms=60|clock_delta_ms=1.764
|clock_suspect=0
PMLE_LIVE_REPLAY_TIC|tic=2506|mle_ms=48.834|monotonic_ms=50|clock_delta_ms=1.166
|clock_suspect=0
PMLE_LIVE_REPLAY_TIC|tic=2507|mle_ms=15.024|monotonic_ms=10|clock_delta_ms=5.024
|clock_suspect=0
PMLE_LIVE_REPLAY_TIC|tic=2508|mle_ms=77.001|monotonic_ms=80|clock_delta_ms=2.999
|clock_suspect=0
PMLE_LIVE_REPLAY_TIC|tic=2509|mle_ms=17.515|monotonic_ms=20|clock_delta_ms=2.485
|clock_suspect=0
PMLE_LIVE_REPLAY_TIC|tic=2510|mle_ms=16.306|monotonic_ms=10|clock_delta_ms=6.306
|clock_suspect=0
PMLE_LIVE_REPLAY_TIC|tic=2511|mle_ms=131.001|monotonic_ms=130|clock_delta_ms=1.0
01|clock_suspect=0
PMLE_LIVE_REPLAY_TIC|tic=2512|mle_ms=16.069|monotonic_ms=20|clock_delta_ms=3.931
|clock_suspect=0
PMLE_LIVE_REPLAY_TIC|tic=2513|mle_ms=56.171|monotonic_ms=60|clock_delta_ms=3.829
|clock_suspect=0
PMLE_LIVE_REPLAY_TIC|tic=2514|mle_ms=95.587|monotonic_ms=90|clock_delta_ms=5.587
|clock_suspect=0
PMLE_LIVE_REPLAY_TIC|tic=2515|mle_ms=13.746|monotonic_ms=20|clock_delta_ms=6.254
|clock_suspect=0
PMLE_LIVE_REPLAY_TIC|tic=2516|mle_ms=44.789|monotonic_ms=40|clock_delta_ms=4.789
|clock_suspect=0
PMLE_LIVE_REPLAY_TIC|tic=2517|mle_ms=60.432|monotonic_ms=60|clock_delta_ms=.432|
clock_suspect=0
PMLE_LIVE_REPLAY_TIC|tic=2518|mle_ms=12.833|monotonic_ms=10|clock_delta_ms=2.833
|clock_suspect=0
PMLE_LIVE_REPLAY_TIC|tic=2519|mle_ms=14.833|monotonic_ms=20|clock_delta_ms=5.167
|clock_suspect=0
PMLE_LIVE_REPLAY_TIC|tic=2520|mle_ms=69.136|monotonic_ms=70|clock_delta_ms=.864|
clock_suspect=0
PMLE_LIVE_REPLAY_TIC|tic=2521|mle_ms=41.728|monotonic_ms=40|clock_delta_ms=1.728
|clock_suspect=0
PMLE_LIVE_REPLAY_TIC|tic=2522|mle_ms=11.828|monotonic_ms=10|clock_delta_ms=1.828
|clock_suspect=0
PMLE_LIVE_REPLAY_TIC|tic=2523|mle_ms=100.554|monotonic_ms=100|clock_delta_ms=.55
4|clock_suspect=0
PMLE_LIVE_REPLAY_TIC|tic=2524|mle_ms=20.294|monotonic_ms=20|clock_delta_ms=.294|
clock_suspect=0
PMLE_LIVE_REPLAY_TIC|tic=2525|mle_ms=10.217|monotonic_ms=10|clock_delta_ms=.217|
clock_suspect=0
PMLE_LIVE_REPLAY_TIC|tic=2526|mle_ms=104.427|monotonic_ms=110|clock_delta_ms=5.5
73|clock_suspect=0
PMLE_LIVE_REPLAY_TIC|tic=2527|mle_ms=10.677|monotonic_ms=10|clock_delta_ms=.677|
clock_suspect=0
PMLE_LIVE_REPLAY_TIC|tic=2528|mle_ms=16.02|monotonic_ms=20|clock_delta_ms=3.98|c
lock_suspect=0
PMLE_LIVE_REPLAY_TIC|tic=2529|mle_ms=76.928|monotonic_ms=70|clock_delta_ms=6.928
|clock_suspect=0
PMLE_LIVE_REPLAY_TIC|tic=2530|mle_ms=12.957|monotonic_ms=20|clock_delta_ms=7.043
|clock_suspect=0
PMLE_LIVE_REPLAY_TIC|tic=2531|mle_ms=49.895|monotonic_ms=50|clock_delta_ms=.105|
clock_suspect=0
PMLE_LIVE_REPLAY_TIC|tic=2532|mle_ms=83.072|monotonic_ms=80|clock_delta_ms=3.072
|clock_suspect=0
PMLE_LIVE_REPLAY_TIC|tic=2533|mle_ms=45.746|monotonic_ms=40|clock_delta_ms=5.746
|clock_suspect=0
PMLE_LIVE_REPLAY_TIC|tic=2534|mle_ms=22.426|monotonic_ms=30|clock_delta_ms=7.574
|clock_suspect=0
PMLE_LIVE_REPLAY_TIC|tic=2535|mle_ms=78.285|monotonic_ms=80|clock_delta_ms=1.715
|clock_suspect=0
PMLE_LIVE_REPLAY_TIC|tic=2536|mle_ms=47.35|monotonic_ms=40|clock_delta_ms=7.35|c
lock_suspect=0
PMLE_LIVE_REPLAY_TIC|tic=2537|mle_ms=13.677|monotonic_ms=20|clock_delta_ms=6.323
|clock_suspect=0
PMLE_LIVE_REPLAY_TIC|tic=2538|mle_ms=98.736|monotonic_ms=100|clock_delta_ms=1.26
4|clock_suspect=0
PMLE_LIVE_REPLAY_TIC|tic=2539|mle_ms=14.951|monotonic_ms=10|clock_delta_ms=4.951
|clock_suspect=0
PMLE_LIVE_REPLAY_TIC|tic=2540|mle_ms=11.226|monotonic_ms=10|clock_delta_ms=1.226
|clock_suspect=0
PMLE_LIVE_REPLAY_TIC|tic=2541|mle_ms=129.8|monotonic_ms=130|clock_delta_ms=.2|cl
ock_suspect=0
PMLE_LIVE_REPLAY_TIC|tic=2542|mle_ms=13.575|monotonic_ms=20|clock_delta_ms=6.425
|clock_suspect=0
PMLE_LIVE_REPLAY_TIC|tic=2543|mle_ms=59.178|monotonic_ms=50|clock_delta_ms=9.178
|clock_suspect=0
PMLE_LIVE_REPLAY_TIC|tic=2544|mle_ms=85.431|monotonic_ms=90|clock_delta_ms=4.569
|clock_suspect=0
PMLE_LIVE_REPLAY_TIC|tic=2545|mle_ms=13.687|monotonic_ms=10|clock_delta_ms=3.687
|clock_suspect=0
PMLE_LIVE_REPLAY_TIC|tic=2546|mle_ms=42.362|monotonic_ms=50|clock_delta_ms=7.638
|clock_suspect=0
PMLE_LIVE_REPLAY_TIC|tic=2547|mle_ms=34.675|monotonic_ms=30|clock_delta_ms=4.675
|clock_suspect=0
PMLE_LIVE_REPLAY_TIC|tic=2548|mle_ms=10.499|monotonic_ms=10|clock_delta_ms=.499|
clock_suspect=0
PMLE_LIVE_REPLAY_TIC|tic=2549|mle_ms=11.551|monotonic_ms=10|clock_delta_ms=1.551
|clock_suspect=0
PMLE_LIVE_REPLAY_TIC|tic=2550|mle_ms=36.173|monotonic_ms=40|clock_delta_ms=3.827
|clock_suspect=0
PMLE_LIVE_REPLAY_TIC|tic=2551|mle_ms=51.107|monotonic_ms=50|clock_delta_ms=1.107
|clock_suspect=0
PMLE_LIVE_REPLAY_TIC|tic=2552|mle_ms=12.759|monotonic_ms=10|clock_delta_ms=2.759
|clock_suspect=0
PMLE_LIVE_REPLAY_TIC|tic=2553|mle_ms=77.374|monotonic_ms=80|clock_delta_ms=2.626
|clock_suspect=0
PMLE_LIVE_REPLAY_TIC|tic=2554|mle_ms=19.286|monotonic_ms=20|clock_delta_ms=.714|
clock_suspect=0
PMLE_LIVE_REPLAY_TIC|tic=2555|mle_ms=10.295|monotonic_ms=10|clock_delta_ms=.295|
clock_suspect=0
PMLE_LIVE_REPLAY_TIC|tic=2556|mle_ms=61.27|monotonic_ms=60|clock_delta_ms=1.27|c
lock_suspect=0
PMLE_LIVE_REPLAY_TIC|tic=2557|mle_ms=10.193|monotonic_ms=10|clock_delta_ms=.193|
clock_suspect=0
PMLE_LIVE_REPLAY_TIC|tic=2558|mle_ms=9.844|monotonic_ms=10|clock_delta_ms=.156|c
lock_suspect=0
PMLE_LIVE_REPLAY_TIC|tic=2559|mle_ms=39.271|monotonic_ms=40|clock_delta_ms=.729|
clock_suspect=0
PMLE_LIVE_REPLAY_TIC|tic=2560|mle_ms=16.743|monotonic_ms=20|clock_delta_ms=3.257
|clock_suspect=0
PMLE_LIVE_REPLAY_TIC|tic=2561|mle_ms=46.537|monotonic_ms=40|clock_delta_ms=6.537
|clock_suspect=0
PMLE_LIVE_REPLAY_TIC|tic=2562|mle_ms=36.918|monotonic_ms=40|clock_delta_ms=3.082
|clock_suspect=0
PMLE_LIVE_REPLAY_TIC|tic=2563|mle_ms=47.931|monotonic_ms=50|clock_delta_ms=2.069
|clock_suspect=0
PMLE_LIVE_REPLAY_TIC|tic=2564|mle_ms=22.667|monotonic_ms=20|clock_delta_ms=2.667
|clock_suspect=0
PMLE_LIVE_REPLAY_TIC|tic=2565|mle_ms=38.239|monotonic_ms=40|clock_delta_ms=1.761
|clock_suspect=0
PMLE_LIVE_REPLAY_TIC|tic=2566|mle_ms=62.35|monotonic_ms=60|clock_delta_ms=2.35|c
lock_suspect=0
PMLE_LIVE_REPLAY_TIC|tic=2567|mle_ms=14.912|monotonic_ms=20|clock_delta_ms=5.088
|clock_suspect=0
PMLE_LIVE_REPLAY_TIC|tic=2568|mle_ms=43.272|monotonic_ms=40|clock_delta_ms=3.272
|clock_suspect=0
PMLE_LIVE_REPLAY_TIC|tic=2569|mle_ms=44.223|monotonic_ms=50|clock_delta_ms=5.777
|clock_suspect=0
PMLE_LIVE_REPLAY_TIC|tic=2570|mle_ms=16.702|monotonic_ms=10|clock_delta_ms=6.702
|clock_suspect=0
PMLE_LIVE_REPLAY_TIC|tic=2571|mle_ms=46.223|monotonic_ms=50|clock_delta_ms=3.777
|clock_suspect=0
PMLE_LIVE_REPLAY_TIC|tic=2572|mle_ms=52.839|monotonic_ms=50|clock_delta_ms=2.839
|clock_suspect=0
PMLE_LIVE_REPLAY_TIC|tic=2573|mle_ms=53.379|monotonic_ms=60|clock_delta_ms=6.621
|clock_suspect=0
PMLE_LIVE_REPLAY_TIC|tic=2574|mle_ms=22.664|monotonic_ms=20|clock_delta_ms=2.664
|clock_suspect=0
PMLE_LIVE_REPLAY_TIC|tic=2575|mle_ms=40.273|monotonic_ms=40|clock_delta_ms=.273|
clock_suspect=0
PMLE_LIVE_REPLAY_TIC|tic=2576|mle_ms=44.014|monotonic_ms=40|clock_delta_ms=4.014
|clock_suspect=0
PMLE_LIVE_REPLAY_TIC|tic=2577|mle_ms=13.53|monotonic_ms=20|clock_delta_ms=6.47|c
lock_suspect=0
PMLE_LIVE_REPLAY_TIC|tic=2578|mle_ms=65.403|monotonic_ms=60|clock_delta_ms=5.403
|clock_suspect=0
PMLE_LIVE_REPLAY_TIC|tic=2579|mle_ms=25.677|monotonic_ms=30|clock_delta_ms=4.323
|clock_suspect=0
PMLE_LIVE_REPLAY_TIC|tic=2580|mle_ms=22.534|monotonic_ms=20|clock_delta_ms=2.534
|clock_suspect=0
PMLE_LIVE_REPLAY_TIC|tic=2581|mle_ms=82.019|monotonic_ms=80|clock_delta_ms=2.019
|clock_suspect=0
PMLE_LIVE_REPLAY_TIC|tic=2582|mle_ms=23.904|monotonic_ms=30|clock_delta_ms=6.096
|clock_suspect=0
PMLE_LIVE_REPLAY_TIC|tic=2583|mle_ms=60.874|monotonic_ms=60|clock_delta_ms=.874|
clock_suspect=0
PMLE_LIVE_REPLAY_TIC|tic=2584|mle_ms=58.776|monotonic_ms=60|clock_delta_ms=1.224
|clock_suspect=0
PMLE_LIVE_REPLAY_TIC|tic=2585|mle_ms=25.825|monotonic_ms=20|clock_delta_ms=5.825
|clock_suspect=0
PMLE_LIVE_REPLAY_TIC|tic=2586|mle_ms=52.575|monotonic_ms=50|clock_delta_ms=2.575
|clock_suspect=0
PMLE_LIVE_REPLAY_TIC|tic=2587|mle_ms=55.579|monotonic_ms=60|clock_delta_ms=4.421
|clock_suspect=0
PMLE_LIVE_REPLAY_TIC|tic=2588|mle_ms=28.971|monotonic_ms=30|clock_delta_ms=1.029
|clock_suspect=0
PMLE_LIVE_REPLAY_TIC|tic=2589|mle_ms=30.878|monotonic_ms=30|clock_delta_ms=.878|
clock_suspect=0
PMLE_LIVE_REPLAY_TIC|tic=2590|mle_ms=64.377|monotonic_ms=60|clock_delta_ms=4.377
|clock_suspect=0
PMLE_LIVE_REPLAY_TIC|tic=2591|mle_ms=65.997|monotonic_ms=70|clock_delta_ms=4.003
|clock_suspect=0
PMLE_LIVE_REPLAY_TIC|tic=2592|mle_ms=26.397|monotonic_ms=30|clock_delta_ms=3.603
|clock_suspect=0
PMLE_LIVE_REPLAY_TIC|tic=2593|mle_ms=110.915|monotonic_ms=110|clock_delta_ms=.91
5|clock_suspect=0
PMLE_LIVE_REPLAY_TIC|tic=2594|mle_ms=35.747|monotonic_ms=30|clock_delta_ms=5.747
|clock_suspect=0
PMLE_LIVE_REPLAY_TIC|tic=2595|mle_ms=29.167|monotonic_ms=30|clock_delta_ms=.833|
clock_suspect=0
PMLE_LIVE_REPLAY_TIC|tic=2596|mle_ms=90.558|monotonic_ms=90|clock_delta_ms=.558|
clock_suspect=0
PMLE_LIVE_REPLAY_TIC|tic=2597|mle_ms=23.838|monotonic_ms=30|clock_delta_ms=6.162
|clock_suspect=0
PMLE_LIVE_REPLAY_TIC|tic=2598|mle_ms=26.255|monotonic_ms=20|clock_delta_ms=6.255
|clock_suspect=0
PMLE_LIVE_REPLAY_TIC|tic=2599|mle_ms=109.476|monotonic_ms=110|clock_delta_ms=.52
4|clock_suspect=0
PMLE_LIVE_REPLAY_TIC|tic=2600|mle_ms=29.034|monotonic_ms=30|clock_delta_ms=.966|
clock_suspect=0
PMLE_LIVE_REPLAY_TIC|tic=2601|mle_ms=73.043|monotonic_ms=80|clock_delta_ms=6.957
|clock_suspect=0
PMLE_LIVE_REPLAY_TIC|tic=2602|mle_ms=166.211|monotonic_ms=160|clock_delta_ms=6.2
11|clock_suspect=0
PMLE_LIVE_REPLAY_TIC|tic=2603|mle_ms=53.794|monotonic_ms=60|clock_delta_ms=6.206
|clock_suspect=0
PMLE_LIVE_REPLAY_TIC|tic=2604|mle_ms=53.735|monotonic_ms=50|clock_delta_ms=3.735
|clock_suspect=0
PMLE_LIVE_REPLAY_TIC|tic=2605|mle_ms=129.926|monotonic_ms=130|clock_delta_ms=.07
4|clock_suspect=0
PMLE_LIVE_REPLAY_TIC|tic=2606|mle_ms=41.153|monotonic_ms=40|clock_delta_ms=1.153
|clock_suspect=0
PMLE_LIVE_REPLAY_TIC|tic=2607|mle_ms=29.398|monotonic_ms=30|clock_delta_ms=.602|
clock_suspect=0
PMLE_LIVE_REPLAY_TIC|tic=2608|mle_ms=122.046|monotonic_ms=120|clock_delta_ms=2.0
46|clock_suspect=0
PMLE_LIVE_REPLAY_TIC|tic=2609|mle_ms=30.71|monotonic_ms=40|clock_delta_ms=9.29|c
lock_suspect=0
PMLE_LIVE_REPLAY_TIC|tic=2610|mle_ms=29.993|monotonic_ms=30|clock_delta_ms=.007|
clock_suspect=0
PMLE_LIVE_REPLAY_TIC|tic=2611|mle_ms=180.384|monotonic_ms=180|clock_delta_ms=.38
4|clock_suspect=0
PMLE_LIVE_REPLAY_TIC|tic=2612|mle_ms=36.291|monotonic_ms=30|clock_delta_ms=6.291
|clock_suspect=0
PMLE_LIVE_REPLAY_TIC|tic=2613|mle_ms=69.09|monotonic_ms=70|clock_delta_ms=.91|cl
ock_suspect=0
PMLE_LIVE_REPLAY_TIC|tic=2614|mle_ms=209.586|monotonic_ms=210|clock_delta_ms=.41
4|clock_suspect=0
PMLE_LIVE_REPLAY_TIC|tic=2615|mle_ms=49.187|monotonic_ms=50|clock_delta_ms=.813|
clock_suspect=0
PMLE_LIVE_REPLAY_TIC|tic=2616|mle_ms=61.755|monotonic_ms=60|clock_delta_ms=1.755
|clock_suspect=0
PMLE_LIVE_REPLAY_TIC|tic=2617|mle_ms=142.6|monotonic_ms=140|clock_delta_ms=2.6|c
lock_suspect=0
PMLE_LIVE_REPLAY_TIC|tic=2618|mle_ms=29.656|monotonic_ms=30|clock_delta_ms=.344|
clock_suspect=0
PMLE_LIVE_REPLAY_TIC|tic=2619|mle_ms=30.747|monotonic_ms=40|clock_delta_ms=9.253
|clock_suspect=0
PMLE_LIVE_REPLAY_TIC|tic=2620|mle_ms=135.093|monotonic_ms=130|clock_delta_ms=5.0
93|clock_suspect=0
PMLE_LIVE_REPLAY_TIC|tic=2621|mle_ms=61.627|monotonic_ms=60|clock_delta_ms=1.627
|clock_suspect=0
PMLE_LIVE_REPLAY_TIC|tic=2622|mle_ms=31.734|monotonic_ms=30|clock_delta_ms=1.734
|clock_suspect=0
PMLE_LIVE_REPLAY_TIC|tic=2623|mle_ms=164.262|monotonic_ms=170|clock_delta_ms=5.7
38|clock_suspect=0
PMLE_LIVE_REPLAY_TIC|tic=2624|mle_ms=44.093|monotonic_ms=40|clock_delta_ms=4.093
|clock_suspect=0
PMLE_LIVE_REPLAY_TIC|tic=2625|mle_ms=29|monotonic_ms=30|clock_delta_ms=1|clock_s
uspect=0
PMLE_LIVE_REPLAY_TIC|tic=2626|mle_ms=149.079|monotonic_ms=150|clock_delta_ms=.92
1|clock_suspect=0
PMLE_LIVE_REPLAY_TIC|tic=2627|mle_ms=29.899|monotonic_ms=30|clock_delta_ms=.101|
clock_suspect=0
PMLE_LIVE_REPLAY_TIC|tic=2628|mle_ms=30.718|monotonic_ms=30|clock_delta_ms=.718|
clock_suspect=0
PMLE_LIVE_REPLAY_TIC|tic=2629|mle_ms=159.468|monotonic_ms=160|clock_delta_ms=.53
2|clock_suspect=0
PMLE_LIVE_REPLAY_TIC|tic=2630|mle_ms=35.328|monotonic_ms=40|clock_delta_ms=4.672
|clock_suspect=0
PMLE_LIVE_REPLAY_TIC|tic=2631|mle_ms=64.005|monotonic_ms=60|clock_delta_ms=4.005
|clock_suspect=0
PMLE_LIVE_REPLAY_TIC|tic=2632|mle_ms=192.036|monotonic_ms=190|clock_delta_ms=2.0
36|clock_suspect=0
PMLE_LIVE_REPLAY_TIC|tic=2633|mle_ms=47.462|monotonic_ms=50|clock_delta_ms=2.538
|clock_suspect=0
PMLE_LIVE_REPLAY_TIC|tic=2634|mle_ms=39.548|monotonic_ms=40|clock_delta_ms=.452|
clock_suspect=0
PMLE_LIVE_REPLAY_TIC|tic=2635|mle_ms=162.635|monotonic_ms=160|clock_delta_ms=2.6
35|clock_suspect=0
PMLE_LIVE_REPLAY_TIC|tic=2636|mle_ms=50.526|monotonic_ms=50|clock_delta_ms=.526|
clock_suspect=0
PMLE_LIVE_REPLAY_TIC|tic=2637|mle_ms=36.818|monotonic_ms=40|clock_delta_ms=3.182
|clock_suspect=0
PMLE_LIVE_REPLAY_TIC|tic=2638|mle_ms=136.472|monotonic_ms=140|clock_delta_ms=3.5
28|clock_suspect=0
PMLE_LIVE_REPLAY_TIC|tic=2639|mle_ms=30.812|monotonic_ms=30|clock_delta_ms=.812|
clock_suspect=0
PMLE_LIVE_REPLAY_TIC|tic=2640|mle_ms=26.351|monotonic_ms=20|clock_delta_ms=6.351
|clock_suspect=0
PMLE_LIVE_REPLAY_TIC|tic=2641|mle_ms=157.382|monotonic_ms=160|clock_delta_ms=2.6
18|clock_suspect=0
PMLE_LIVE_REPLAY_TIC|tic=2642|mle_ms=16.914|monotonic_ms=20|clock_delta_ms=3.086
|clock_suspect=0
PMLE_LIVE_REPLAY_TIC|tic=2643|mle_ms=34.316|monotonic_ms=30|clock_delta_ms=4.316
|clock_suspect=0
PMLE_LIVE_REPLAY_TIC|tic=2644|mle_ms=174.407|monotonic_ms=180|clock_delta_ms=5.5
93|clock_suspect=0
PMLE_LIVE_REPLAY_TIC|tic=2645|mle_ms=18.438|monotonic_ms=20|clock_delta_ms=1.562
|clock_suspect=0
PMLE_LIVE_REPLAY_TIC|tic=2646|mle_ms=33.746|monotonic_ms=30|clock_delta_ms=3.746
|clock_suspect=0
PMLE_LIVE_REPLAY_TIC|tic=2647|mle_ms=123.667|monotonic_ms=120|clock_delta_ms=3.6
67|clock_suspect=0
PMLE_LIVE_REPLAY_TIC|tic=2648|mle_ms=14.978|monotonic_ms=20|clock_delta_ms=5.022
|clock_suspect=0
PMLE_LIVE_REPLAY_TIC|tic=2649|mle_ms=16.126|monotonic_ms=10|clock_delta_ms=6.126
|clock_suspect=0
PMLE_LIVE_REPLAY_TIC|tic=2650|mle_ms=146.168|monotonic_ms=150|clock_delta_ms=3.8
32|clock_suspect=0
PMLE_LIVE_REPLAY_TIC|tic=2651|mle_ms=51.995|monotonic_ms=50|clock_delta_ms=1.995
|clock_suspect=0
PMLE_LIVE_REPLAY_TIC|tic=2652|mle_ms=17.215|monotonic_ms=20|clock_delta_ms=2.785
|clock_suspect=0
PMLE_LIVE_REPLAY_TIC|tic=2653|mle_ms=130.598|monotonic_ms=130|clock_delta_ms=.59
8|clock_suspect=0
PMLE_LIVE_REPLAY_TIC|tic=2654|mle_ms=24.51|monotonic_ms=30|clock_delta_ms=5.49|c
lock_suspect=0
PMLE_LIVE_REPLAY_TIC|tic=2655|mle_ms=15.255|monotonic_ms=10|clock_delta_ms=5.255
|clock_suspect=0
PMLE_LIVE_REPLAY_TIC|tic=2656|mle_ms=151.466|monotonic_ms=150|clock_delta_ms=1.4
66|clock_suspect=0
PMLE_LIVE_REPLAY_TIC|tic=2657|mle_ms=15.221|monotonic_ms=20|clock_delta_ms=4.779
|clock_suspect=0
PMLE_LIVE_REPLAY_TIC|tic=2658|mle_ms=17.686|monotonic_ms=20|clock_delta_ms=2.314
|clock_suspect=0
PMLE_LIVE_REPLAY_TIC|tic=2659|mle_ms=128.402|monotonic_ms=120|clock_delta_ms=8.4
02|clock_suspect=0
PMLE_LIVE_REPLAY_TIC|tic=2660|mle_ms=16.477|monotonic_ms=20|clock_delta_ms=3.523
|clock_suspect=0
PMLE_LIVE_REPLAY_TIC|tic=2661|mle_ms=42.619|monotonic_ms=40|clock_delta_ms=2.619
|clock_suspect=0
PMLE_LIVE_REPLAY_TIC|tic=2662|mle_ms=118.889|monotonic_ms=120|clock_delta_ms=1.1
11|clock_suspect=0
PMLE_LIVE_REPLAY_TIC|tic=2663|mle_ms=26.67|monotonic_ms=30|clock_delta_ms=3.33|c
lock_suspect=0
PMLE_LIVE_REPLAY_TIC|tic=2664|mle_ms=21.921|monotonic_ms=20|clock_delta_ms=1.921
|clock_suspect=0
PMLE_LIVE_REPLAY_TIC|tic=2665|mle_ms=118.08|monotonic_ms=120|clock_delta_ms=1.92
|clock_suspect=0
PMLE_LIVE_REPLAY_TIC|tic=2666|mle_ms=25.438|monotonic_ms=20|clock_delta_ms=5.438
|clock_suspect=0
PMLE_LIVE_REPLAY_TIC|tic=2667|mle_ms=11.33|monotonic_ms=20|clock_delta_ms=8.67|c
lock_suspect=0
PMLE_LIVE_REPLAY_TIC|tic=2668|mle_ms=127.435|monotonic_ms=120|clock_delta_ms=7.4
35|clock_suspect=0
PMLE_LIVE_REPLAY_TIC|tic=2669|mle_ms=15.731|monotonic_ms=20|clock_delta_ms=4.269
|clock_suspect=0
PMLE_LIVE_REPLAY_TIC|tic=2670|mle_ms=13.703|monotonic_ms=10|clock_delta_ms=3.703
|clock_suspect=0
PMLE_LIVE_REPLAY_TIC|tic=2671|mle_ms=161.036|monotonic_ms=160|clock_delta_ms=1.0
36|clock_suspect=0
PMLE_LIVE_REPLAY_TIC|tic=2672|mle_ms=14.54|monotonic_ms=20|clock_delta_ms=5.46|c
lock_suspect=0
PMLE_LIVE_REPLAY_TIC|tic=2673|mle_ms=26.07|monotonic_ms=30|clock_delta_ms=3.93|c
lock_suspect=0
PMLE_LIVE_REPLAY_TIC|tic=2674|mle_ms=128.832|monotonic_ms=120|clock_delta_ms=8.8
32|clock_suspect=0
PMLE_LIVE_REPLAY_TIC|tic=2675|mle_ms=17.005|monotonic_ms=20|clock_delta_ms=2.995
|clock_suspect=0
PMLE_LIVE_REPLAY_TIC|tic=2676|mle_ms=35.734|monotonic_ms=40|clock_delta_ms=4.266
|clock_suspect=0
PMLE_LIVE_REPLAY_TIC|tic=2677|mle_ms=155.064|monotonic_ms=150|clock_delta_ms=5.0
64|clock_suspect=0
PMLE_LIVE_REPLAY_TIC|tic=2678|mle_ms=16.233|monotonic_ms=20|clock_delta_ms=3.767
|clock_suspect=0
PMLE_LIVE_REPLAY_TIC|tic=2679|mle_ms=18.338|monotonic_ms=20|clock_delta_ms=1.662
|clock_suspect=0
PMLE_LIVE_REPLAY_TIC|tic=2680|mle_ms=153.734|monotonic_ms=150|clock_delta_ms=3.7
34|clock_suspect=0
PMLE_LIVE_REPLAY_TIC|tic=2681|mle_ms=49.779|monotonic_ms=50|clock_delta_ms=.221|
clock_suspect=0
PMLE_LIVE_REPLAY_TIC|tic=2682|mle_ms=13.937|monotonic_ms=10|clock_delta_ms=3.937
|clock_suspect=0
PMLE_LIVE_REPLAY_TIC|tic=2683|mle_ms=140.396|monotonic_ms=140|clock_delta_ms=.39
6|clock_suspect=0
PMLE_LIVE_REPLAY_TIC|tic=2684|mle_ms=27.488|monotonic_ms=30|clock_delta_ms=2.512
|clock_suspect=0
PMLE_LIVE_REPLAY_TIC|tic=2685|mle_ms=17.507|monotonic_ms=20|clock_delta_ms=2.493
|clock_suspect=0
PMLE_LIVE_REPLAY_TIC|tic=2686|mle_ms=154.133|monotonic_ms=150|clock_delta_ms=4.1
33|clock_suspect=0
PMLE_LIVE_REPLAY_TIC|tic=2687|mle_ms=11.728|monotonic_ms=20|clock_delta_ms=8.272
|clock_suspect=0
PMLE_LIVE_REPLAY_TIC|tic=2688|mle_ms=14.715|monotonic_ms=10|clock_delta_ms=4.715
|clock_suspect=0
PMLE_LIVE_REPLAY_TIC|tic=2689|mle_ms=136.042|monotonic_ms=140|clock_delta_ms=3.9
58|clock_suspect=0
PMLE_LIVE_REPLAY_TIC|tic=2690|mle_ms=12.881|monotonic_ms=10|clock_delta_ms=2.881
|clock_suspect=0
PMLE_LIVE_REPLAY_TIC|tic=2691|mle_ms=48.468|monotonic_ms=50|clock_delta_ms=1.532
|clock_suspect=0
PMLE_LIVE_REPLAY_TIC|tic=2692|mle_ms=138.348|monotonic_ms=140|clock_delta_ms=1.6
52|clock_suspect=0
PMLE_LIVE_REPLAY_TIC|tic=2693|mle_ms=26.314|monotonic_ms=20|clock_delta_ms=6.314
|clock_suspect=0
PMLE_LIVE_REPLAY_TIC|tic=2694|mle_ms=28.825|monotonic_ms=30|clock_delta_ms=1.175
|clock_suspect=0
PMLE_LIVE_REPLAY_TIC|tic=2695|mle_ms=122.763|monotonic_ms=130|clock_delta_ms=7.2
37|clock_suspect=0
PMLE_LIVE_REPLAY_TIC|tic=2696|mle_ms=24.584|monotonic_ms=20|clock_delta_ms=4.584
|clock_suspect=0
PMLE_LIVE_REPLAY_TIC|tic=2697|mle_ms=10.337|monotonic_ms=10|clock_delta_ms=.337|
clock_suspect=0
PMLE_LIVE_REPLAY_TIC|tic=2698|mle_ms=122.323|monotonic_ms=120|clock_delta_ms=2.3
23|clock_suspect=0
PMLE_LIVE_REPLAY_TIC|tic=2699|mle_ms=15.107|monotonic_ms=20|clock_delta_ms=4.893
|clock_suspect=0
PMLE_LIVE_REPLAY_TIC|tic=2700|mle_ms=12.931|monotonic_ms=10|clock_delta_ms=2.931
|clock_suspect=0
PMLE_LIVE_REPLAY_TIC|tic=2701|mle_ms=161.342|monotonic_ms=160|clock_delta_ms=1.3
42|clock_suspect=0
PMLE_LIVE_REPLAY_TIC|tic=2702|mle_ms=15.588|monotonic_ms=20|clock_delta_ms=4.412
|clock_suspect=0
PMLE_LIVE_REPLAY_TIC|tic=2703|mle_ms=27.993|monotonic_ms=30|clock_delta_ms=2.007
|clock_suspect=0
PMLE_LIVE_REPLAY_TIC|tic=2704|mle_ms=128.997|monotonic_ms=130|clock_delta_ms=1.0
03|clock_suspect=0
PMLE_LIVE_REPLAY_TIC|tic=2705|mle_ms=12.769|monotonic_ms=10|clock_delta_ms=2.769
|clock_suspect=0
PMLE_LIVE_REPLAY_TIC|tic=2706|mle_ms=27.937|monotonic_ms=30|clock_delta_ms=2.063
|clock_suspect=0
PMLE_LIVE_REPLAY_TIC|tic=2707|mle_ms=139.652|monotonic_ms=140|clock_delta_ms=.34
8|clock_suspect=0
PMLE_LIVE_REPLAY_TIC|tic=2708|mle_ms=15.273|monotonic_ms=10|clock_delta_ms=5.273
|clock_suspect=0
PMLE_LIVE_REPLAY_TIC|tic=2709|mle_ms=16.522|monotonic_ms=20|clock_delta_ms=3.478
|clock_suspect=0
PMLE_LIVE_REPLAY_TIC|tic=2710|mle_ms=165.566|monotonic_ms=160|clock_delta_ms=5.5
66|clock_suspect=0
PMLE_LIVE_REPLAY_TIC|tic=2711|mle_ms=44.93|monotonic_ms=50|clock_delta_ms=5.07|c
lock_suspect=0
PMLE_LIVE_REPLAY_TIC|tic=2712|mle_ms=16.11|monotonic_ms=10|clock_delta_ms=6.11|c
lock_suspect=0
PMLE_LIVE_REPLAY_TIC|tic=2713|mle_ms=191.525|monotonic_ms=200|clock_delta_ms=8.4
75|clock_suspect=0
PMLE_LIVE_REPLAY_TIC|tic=2714|mle_ms=30.396|monotonic_ms=30|clock_delta_ms=.396|
clock_suspect=0
PMLE_LIVE_REPLAY_TIC|tic=2715|mle_ms=19.806|monotonic_ms=20|clock_delta_ms=.194|
clock_suspect=0
PMLE_LIVE_REPLAY_TIC|tic=2716|mle_ms=142.359|monotonic_ms=140|clock_delta_ms=2.3
59|clock_suspect=0
PMLE_LIVE_REPLAY_TIC|tic=2717|mle_ms=12.035|monotonic_ms=10|clock_delta_ms=2.035
|clock_suspect=0
PMLE_LIVE_REPLAY_TIC|tic=2718|mle_ms=14.739|monotonic_ms=20|clock_delta_ms=5.261
|clock_suspect=0
PMLE_LIVE_REPLAY_TIC|tic=2719|mle_ms=122.319|monotonic_ms=120|clock_delta_ms=2.3
19|clock_suspect=0
PMLE_LIVE_REPLAY_TIC|tic=2720|mle_ms=14.119|monotonic_ms=10|clock_delta_ms=4.119
|clock_suspect=0
PMLE_LIVE_REPLAY_TIC|tic=2721|mle_ms=43.99|monotonic_ms=50|clock_delta_ms=6.01|c
lock_suspect=0
PMLE_LIVE_REPLAY_TIC|tic=2722|mle_ms=127.657|monotonic_ms=120|clock_delta_ms=7.6
57|clock_suspect=0
PMLE_LIVE_REPLAY_TIC|tic=2723|mle_ms=32.861|monotonic_ms=40|clock_delta_ms=7.139
|clock_suspect=0
PMLE_LIVE_REPLAY_TIC|tic=2724|mle_ms=24.686|monotonic_ms=20|clock_delta_ms=4.686
|clock_suspect=0
PMLE_LIVE_REPLAY_TIC|tic=2725|mle_ms=123.727|monotonic_ms=130|clock_delta_ms=6.2
73|clock_suspect=0
PMLE_LIVE_REPLAY_TIC|tic=2726|mle_ms=24.105|monotonic_ms=20|clock_delta_ms=4.105
|clock_suspect=0
PMLE_LIVE_REPLAY_TIC|tic=2727|mle_ms=9|monotonic_ms=10|clock_delta_ms=1|clock_su
spect=0
PMLE_LIVE_REPLAY_TIC|tic=2728|mle_ms=154.269|monotonic_ms=150|clock_delta_ms=4.2
69|clock_suspect=0
PMLE_LIVE_REPLAY_TIC|tic=2729|mle_ms=13.237|monotonic_ms=20|clock_delta_ms=6.763
|clock_suspect=0
PMLE_LIVE_REPLAY_TIC|tic=2730|mle_ms=10.942|monotonic_ms=10|clock_delta_ms=.942|
clock_suspect=0
PMLE_LIVE_REPLAY_TIC|tic=2731|mle_ms=146.76|monotonic_ms=140|clock_delta_ms=6.76
|clock_suspect=0
PMLE_LIVE_REPLAY_TIC|tic=2732|mle_ms=12.334|monotonic_ms=20|clock_delta_ms=7.666
|clock_suspect=0
PMLE_LIVE_REPLAY_TIC|tic=2733|mle_ms=25.017|monotonic_ms=20|clock_delta_ms=5.017
|clock_suspect=0
PMLE_LIVE_REPLAY_TIC|tic=2734|mle_ms=138.459|monotonic_ms=140|clock_delta_ms=1.5
41|clock_suspect=0
PMLE_LIVE_REPLAY_TIC|tic=2735|mle_ms=9.634|monotonic_ms=10|clock_delta_ms=.366|c
lock_suspect=0
PMLE_LIVE_REPLAY_TIC|tic=2736|mle_ms=25.053|monotonic_ms=30|clock_delta_ms=4.947
|clock_suspect=0
PMLE_LIVE_REPLAY_TIC|tic=2737|mle_ms=131.684|monotonic_ms=130|clock_delta_ms=1.6
84|clock_suspect=0
PMLE_LIVE_REPLAY_TIC|tic=2738|mle_ms=11.53|monotonic_ms=10|clock_delta_ms=1.53|c
lock_suspect=0
PMLE_LIVE_REPLAY_TIC|tic=2739|mle_ms=12.457|monotonic_ms=10|clock_delta_ms=2.457
|clock_suspect=0
PMLE_LIVE_REPLAY_TIC|tic=2740|mle_ms=131.723|monotonic_ms=130|clock_delta_ms=1.7
23|clock_suspect=0
PMLE_LIVE_REPLAY_TIC|tic=2741|mle_ms=48.777|monotonic_ms=50|clock_delta_ms=1.223
|clock_suspect=0
PMLE_LIVE_REPLAY_TIC|tic=2742|mle_ms=14.046|monotonic_ms=20|clock_delta_ms=5.954
|clock_suspect=0
PMLE_LIVE_REPLAY_TIC|tic=2743|mle_ms=147.578|monotonic_ms=140|clock_delta_ms=7.5
78|clock_suspect=0
PMLE_LIVE_REPLAY_TIC|tic=2744|mle_ms=21.317|monotonic_ms=30|clock_delta_ms=8.683
|clock_suspect=0
PMLE_LIVE_REPLAY_TIC|tic=2745|mle_ms=11.115|monotonic_ms=10|clock_delta_ms=1.115
|clock_suspect=0
PMLE_LIVE_REPLAY_TIC|tic=2746|mle_ms=133.824|monotonic_ms=130|clock_delta_ms=3.8
24|clock_suspect=0
PMLE_LIVE_REPLAY_TIC|tic=2747|mle_ms=9.578|monotonic_ms=10|clock_delta_ms=.422|c
lock_suspect=0
PMLE_LIVE_REPLAY_TIC|tic=2748|mle_ms=10.954|monotonic_ms=10|clock_delta_ms=.954|
clock_suspect=0
PMLE_LIVE_REPLAY_TIC|tic=2749|mle_ms=135.831|monotonic_ms=140|clock_delta_ms=4.1
69|clock_suspect=0
PMLE_LIVE_REPLAY_TIC|tic=2750|mle_ms=12.121|monotonic_ms=10|clock_delta_ms=2.121
|clock_suspect=0
PMLE_LIVE_REPLAY_TIC|tic=2751|mle_ms=41.303|monotonic_ms=40|clock_delta_ms=1.303
|clock_suspect=0
PMLE_LIVE_REPLAY_TIC|tic=2752|mle_ms=163.854|monotonic_ms=160|clock_delta_ms=3.8
54|clock_suspect=0
PMLE_LIVE_REPLAY_TIC|tic=2753|mle_ms=23.978|monotonic_ms=30|clock_delta_ms=6.022
|clock_suspect=0
PMLE_LIVE_REPLAY_TIC|tic=2754|mle_ms=20.136|monotonic_ms=20|clock_delta_ms=.136|
clock_suspect=0
PMLE_LIVE_REPLAY_TIC|tic=2755|mle_ms=141.499|monotonic_ms=140|clock_delta_ms=1.4
99|clock_suspect=0
PMLE_LIVE_REPLAY_TIC|tic=2756|mle_ms=30.459|monotonic_ms=30|clock_delta_ms=.459|
clock_suspect=0
PMLE_LIVE_REPLAY_TIC|tic=2757|mle_ms=9.906|monotonic_ms=10|clock_delta_ms=.094|c
lock_suspect=0
PMLE_LIVE_REPLAY_TIC|tic=2758|mle_ms=190.218|monotonic_ms=190|clock_delta_ms=.21
8|clock_suspect=0
PMLE_LIVE_REPLAY_TIC|tic=2759|mle_ms=11.053|monotonic_ms=10|clock_delta_ms=1.053
|clock_suspect=0
PMLE_LIVE_REPLAY_TIC|tic=2760|mle_ms=10.406|monotonic_ms=10|clock_delta_ms=.406|
clock_suspect=0
PMLE_LIVE_REPLAY_TIC|tic=2761|mle_ms=190.441|monotonic_ms=190|clock_delta_ms=.44
1|clock_suspect=0
PMLE_LIVE_REPLAY_TIC|tic=2762|mle_ms=12.379|monotonic_ms=20|clock_delta_ms=7.621
|clock_suspect=0
PMLE_LIVE_REPLAY_TIC|tic=2763|mle_ms=29.407|monotonic_ms=30|clock_delta_ms=.593|
clock_suspect=0
PMLE_LIVE_REPLAY_TIC|tic=2764|mle_ms=182.309|monotonic_ms=180|clock_delta_ms=2.3
09|clock_suspect=0
PMLE_LIVE_REPLAY_TIC|tic=2765|mle_ms=12.53|monotonic_ms=10|clock_delta_ms=2.53|c
lock_suspect=0
PMLE_LIVE_REPLAY_TIC|tic=2766|mle_ms=29.998|monotonic_ms=30|clock_delta_ms=.002|
clock_suspect=0
PMLE_LIVE_REPLAY_TIC|tic=2767|mle_ms=156.927|monotonic_ms=160|clock_delta_ms=3.0
73|clock_suspect=0
PMLE_LIVE_REPLAY_TIC|tic=2768|mle_ms=9.339|monotonic_ms=10|clock_delta_ms=.661|c
lock_suspect=0
PMLE_LIVE_REPLAY_TIC|tic=2769|mle_ms=11.993|monotonic_ms=10|clock_delta_ms=1.993
|clock_suspect=0
PMLE_LIVE_REPLAY_TIC|tic=2770|mle_ms=138.541|monotonic_ms=140|clock_delta_ms=1.4
59|clock_suspect=0
PMLE_LIVE_REPLAY_TIC|tic=2771|mle_ms=47.303|monotonic_ms=40|clock_delta_ms=7.303
|clock_suspect=0
PMLE_LIVE_REPLAY_TIC|tic=2772|mle_ms=12.013|monotonic_ms=20|clock_delta_ms=7.987
|clock_suspect=0
PMLE_LIVE_REPLAY_TIC|tic=2773|mle_ms=165.608|monotonic_ms=160|clock_delta_ms=5.6
08|clock_suspect=0
PMLE_LIVE_REPLAY_TIC|tic=2774|mle_ms=17.949|monotonic_ms=20|clock_delta_ms=2.051
|clock_suspect=0
PMLE_LIVE_REPLAY_TIC|tic=2775|mle_ms=9.034|monotonic_ms=10|clock_delta_ms=.966|c
lock_suspect=0
PMLE_LIVE_REPLAY_TIC|tic=2776|mle_ms=135.09|monotonic_ms=140|clock_delta_ms=4.91
|clock_suspect=0
PMLE_LIVE_REPLAY_TIC|tic=2777|mle_ms=7.953|monotonic_ms=0|clock_delta_ms=7.953|c
lock_suspect=0
PMLE_LIVE_REPLAY_TIC|tic=2778|mle_ms=8.576|monotonic_ms=10|clock_delta_ms=1.424|
clock_suspect=0
PMLE_LIVE_REPLAY_TIC|tic=2779|mle_ms=155.205|monotonic_ms=160|clock_delta_ms=4.7
95|clock_suspect=0
PMLE_LIVE_REPLAY_TIC|tic=2780|mle_ms=10.095|monotonic_ms=10|clock_delta_ms=.095|
clock_suspect=0
PMLE_LIVE_REPLAY_TIC|tic=2781|mle_ms=39.826|monotonic_ms=40|clock_delta_ms=.174|
clock_suspect=0
PMLE_LIVE_REPLAY_TIC|tic=2782|mle_ms=123.225|monotonic_ms=120|clock_delta_ms=3.2
25|clock_suspect=0
PMLE_LIVE_REPLAY_TIC|tic=2783|mle_ms=21.844|monotonic_ms=20|clock_delta_ms=1.844
|clock_suspect=0
PMLE_LIVE_REPLAY_TIC|tic=2784|mle_ms=19.293|monotonic_ms=20|clock_delta_ms=.707|
clock_suspect=0
PMLE_LIVE_REPLAY_TIC|tic=2785|mle_ms=131.65|monotonic_ms=130|clock_delta_ms=1.65
|clock_suspect=0
PMLE_LIVE_REPLAY_TIC|tic=2786|mle_ms=22.52|monotonic_ms=30|clock_delta_ms=7.48|c
lock_suspect=0
PMLE_LIVE_REPLAY_TIC|tic=2787|mle_ms=8.475|monotonic_ms=0|clock_delta_ms=8.475|c
lock_suspect=0
PMLE_LIVE_REPLAY_TIC|tic=2788|mle_ms=149.233|monotonic_ms=150|clock_delta_ms=.76
7|clock_suspect=0
PMLE_LIVE_REPLAY_TIC|tic=2789|mle_ms=11.415|monotonic_ms=20|clock_delta_ms=8.585
|clock_suspect=0
PMLE_LIVE_REPLAY_TIC|tic=2790|mle_ms=9.249|monotonic_ms=0|clock_delta_ms=9.249|c
lock_suspect=0
PMLE_LIVE_REPLAY_TIC|tic=2791|mle_ms=148.058|monotonic_ms=150|clock_delta_ms=1.9
42|clock_suspect=0
PMLE_LIVE_REPLAY_TIC|tic=2792|mle_ms=10.044|monotonic_ms=10|clock_delta_ms=.044|
clock_suspect=0
PMLE_LIVE_REPLAY_TIC|tic=2793|mle_ms=23.799|monotonic_ms=30|clock_delta_ms=6.201
|clock_suspect=0
PMLE_LIVE_REPLAY_TIC|tic=2794|mle_ms=126.533|monotonic_ms=120|clock_delta_ms=6.5
33|clock_suspect=0
PMLE_LIVE_REPLAY_TIC|tic=2795|mle_ms=8.944|monotonic_ms=10|clock_delta_ms=1.056|
clock_suspect=0
PMLE_LIVE_REPLAY_TIC|tic=2796|mle_ms=23.671|monotonic_ms=30|clock_delta_ms=6.329
|clock_suspect=0
PMLE_LIVE_REPLAY_TIC|tic=2797|mle_ms=160.069|monotonic_ms=160|clock_delta_ms=.06
9|clock_suspect=0
PMLE_LIVE_REPLAY_TIC|tic=2798|mle_ms=8.453|monotonic_ms=0|clock_delta_ms=8.453|c
lock_suspect=0
PMLE_LIVE_REPLAY_TIC|tic=2799|mle_ms=10.988|monotonic_ms=20|clock_delta_ms=9.012
|clock_suspect=0
PMLE_LIVE_REPLAY_TIC|tic=2800|mle_ms=151.774|monotonic_ms=150|clock_delta_ms=1.7
74|clock_suspect=0
PMLE_LIVE_REPLAY_TIC|tic=2801|mle_ms=38.741|monotonic_ms=40|clock_delta_ms=1.259
|clock_suspect=0
PMLE_LIVE_REPLAY_TIC|tic=2802|mle_ms=10.03|monotonic_ms=10|clock_delta_ms=.03|cl
ock_suspect=0
PMLE_LIVE_REPLAY_TIC|tic=2803|mle_ms=171.429|monotonic_ms=170|clock_delta_ms=1.4
29|clock_suspect=0
PMLE_LIVE_REPLAY_TIC|tic=2804|mle_ms=21.261|monotonic_ms=20|clock_delta_ms=1.261
|clock_suspect=0
PMLE_LIVE_REPLAY_TIC|tic=2805|mle_ms=9.302|monotonic_ms=10|clock_delta_ms=.698|c
lock_suspect=0
PMLE_LIVE_REPLAY_TIC|tic=2806|mle_ms=139.085|monotonic_ms=140|clock_delta_ms=.91
5|clock_suspect=0
PMLE_LIVE_REPLAY_TIC|tic=2807|mle_ms=9.838|monotonic_ms=10|clock_delta_ms=.162|c
lock_suspect=0
PMLE_LIVE_REPLAY_TIC|tic=2808|mle_ms=8.378|monotonic_ms=10|clock_delta_ms=1.622|
clock_suspect=0
PMLE_LIVE_REPLAY_TIC|tic=2809|mle_ms=149.496|monotonic_ms=150|clock_delta_ms=.50
4|clock_suspect=0
PMLE_LIVE_REPLAY_TIC|tic=2810|mle_ms=8.899|monotonic_ms=0|clock_delta_ms=8.899|c
lock_suspect=0
PMLE_LIVE_REPLAY_TIC|tic=2811|mle_ms=38.722|monotonic_ms=40|clock_delta_ms=1.278
|clock_suspect=0
PMLE_LIVE_REPLAY_TIC|tic=2812|mle_ms=139.668|monotonic_ms=140|clock_delta_ms=.33
2|clock_suspect=0
PMLE_LIVE_REPLAY_TIC|tic=2813|mle_ms=26.333|monotonic_ms=30|clock_delta_ms=3.667
|clock_suspect=0
PMLE_LIVE_REPLAY_TIC|tic=2814|mle_ms=19.926|monotonic_ms=20|clock_delta_ms=.074|
clock_suspect=0
PMLE_LIVE_REPLAY_TIC|tic=2815|mle_ms=115.811|monotonic_ms=120|clock_delta_ms=4.1
89|clock_suspect=0
PMLE_LIVE_REPLAY_TIC|tic=2816|mle_ms=21.203|monotonic_ms=20|clock_delta_ms=1.203
|clock_suspect=0
PMLE_LIVE_REPLAY_TIC|tic=2817|mle_ms=7.682|monotonic_ms=0|clock_delta_ms=7.682|c
lock_suspect=0
PMLE_LIVE_REPLAY_TIC|tic=2818|mle_ms=115.783|monotonic_ms=120|clock_delta_ms=4.2
17|clock_suspect=0
PMLE_LIVE_REPLAY_TIC|tic=2819|mle_ms=11.227|monotonic_ms=10|clock_delta_ms=1.227
|clock_suspect=0
PMLE_LIVE_REPLAY_TIC|tic=2820|mle_ms=9.616|monotonic_ms=10|clock_delta_ms=.384|c
lock_suspect=0
PMLE_LIVE_REPLAY_TIC|tic=2821|mle_ms=156.02|monotonic_ms=160|clock_delta_ms=3.98
|clock_suspect=0
PMLE_LIVE_REPLAY_TIC|tic=2822|mle_ms=9.847|monotonic_ms=10|clock_delta_ms=.153|c
lock_suspect=0
PMLE_LIVE_REPLAY_TIC|tic=2823|mle_ms=25.153|monotonic_ms=20|clock_delta_ms=5.153
|clock_suspect=0
PMLE_LIVE_REPLAY_TIC|tic=2824|mle_ms=139.5|monotonic_ms=140|clock_delta_ms=.5|cl
ock_suspect=0
PMLE_LIVE_REPLAY_TIC|tic=2825|mle_ms=8.676|monotonic_ms=10|clock_delta_ms=1.324|
clock_suspect=0
PMLE_LIVE_REPLAY_TIC|tic=2826|mle_ms=22.436|monotonic_ms=20|clock_delta_ms=2.436
|clock_suspect=0
PMLE_LIVE_REPLAY_TIC|tic=2827|mle_ms=143.601|monotonic_ms=150|clock_delta_ms=6.3
99|clock_suspect=0
PMLE_LIVE_REPLAY_TIC|tic=2828|mle_ms=8.687|monotonic_ms=10|clock_delta_ms=1.313|
clock_suspect=0
PMLE_LIVE_REPLAY_TIC|tic=2829|mle_ms=11.057|monotonic_ms=10|clock_delta_ms=1.057
|clock_suspect=0
PMLE_LIVE_REPLAY_TIC|tic=2830|mle_ms=127.196|monotonic_ms=120|clock_delta_ms=7.1
96|clock_suspect=0
PMLE_LIVE_REPLAY_TIC|tic=2831|mle_ms=43.046|monotonic_ms=50|clock_delta_ms=6.954
|clock_suspect=0
PMLE_LIVE_REPLAY_TIC|tic=2832|mle_ms=11.63|monotonic_ms=10|clock_delta_ms=1.63|c
lock_suspect=0
PMLE_LIVE_REPLAY_TIC|tic=2833|mle_ms=130.339|monotonic_ms=130|clock_delta_ms=.33
9|clock_suspect=0
PMLE_LIVE_REPLAY_TIC|tic=2834|mle_ms=17.901|monotonic_ms=20|clock_delta_ms=2.099
|clock_suspect=0
PMLE_LIVE_REPLAY_TIC|tic=2835|mle_ms=7.789|monotonic_ms=10|clock_delta_ms=2.211|
clock_suspect=0
PMLE_LIVE_REPLAY_TIC|tic=2836|mle_ms=129.419|monotonic_ms=130|clock_delta_ms=.58
1|clock_suspect=0
PMLE_LIVE_REPLAY_TIC|tic=2837|mle_ms=7.54|monotonic_ms=0|clock_delta_ms=7.54|clo
ck_suspect=0
PMLE_LIVE_REPLAY_TIC|tic=2838|mle_ms=9.674|monotonic_ms=10|clock_delta_ms=.326|c
lock_suspect=0
PMLE_LIVE_REPLAY_TIC|tic=2839|mle_ms=132.876|monotonic_ms=140|clock_delta_ms=7.1
24|clock_suspect=0
PMLE_LIVE_REPLAY_TIC|tic=2840|mle_ms=10.089|monotonic_ms=10|clock_delta_ms=.089|
clock_suspect=0
PMLE_LIVE_REPLAY_TIC|tic=2841|mle_ms=41.599|monotonic_ms=40|clock_delta_ms=1.599
|clock_suspect=0
PMLE_LIVE_REPLAY_TIC|tic=2842|mle_ms=167.676|monotonic_ms=170|clock_delta_ms=2.3
24|clock_suspect=0
PMLE_LIVE_REPLAY_TIC|tic=2843|mle_ms=21.096|monotonic_ms=20|clock_delta_ms=1.096
|clock_suspect=0
PMLE_LIVE_REPLAY_TIC|tic=2844|mle_ms=18.463|monotonic_ms=10|clock_delta_ms=8.463
|clock_suspect=0
PMLE_LIVE_REPLAY_TIC|tic=2845|mle_ms=123.439|monotonic_ms=130|clock_delta_ms=6.5
61|clock_suspect=0
PMLE_LIVE_REPLAY_TIC|tic=2846|mle_ms=21.243|monotonic_ms=20|clock_delta_ms=1.243
|clock_suspect=0
PMLE_LIVE_REPLAY_TIC|tic=2847|mle_ms=7.415|monotonic_ms=10|clock_delta_ms=2.585|
clock_suspect=0
PMLE_LIVE_REPLAY_TIC|tic=2848|mle_ms=132.59|monotonic_ms=130|clock_delta_ms=2.59
|clock_suspect=0
PMLE_LIVE_REPLAY_TIC|tic=2849|mle_ms=10.701|monotonic_ms=10|clock_delta_ms=.701|
clock_suspect=0
PMLE_LIVE_REPLAY_TIC|tic=2850|mle_ms=9.811|monotonic_ms=10|clock_delta_ms=.189|c
lock_suspect=0
PMLE_LIVE_REPLAY_TIC|tic=2851|mle_ms=177.441|monotonic_ms=180|clock_delta_ms=2.5
59|clock_suspect=0
PMLE_LIVE_REPLAY_TIC|tic=2852|mle_ms=13.093|monotonic_ms=10|clock_delta_ms=3.093
|clock_suspect=0
PMLE_LIVE_REPLAY_TIC|tic=2853|mle_ms=31.542|monotonic_ms=30|clock_delta_ms=1.542
|clock_suspect=0
PMLE_LIVE_REPLAY_TIC|tic=2854|mle_ms=167.318|monotonic_ms=170|clock_delta_ms=2.6
82|clock_suspect=0
PMLE_LIVE_REPLAY_TIC|tic=2855|mle_ms=10.885|monotonic_ms=10|clock_delta_ms=.885|
clock_suspect=0
PMLE_LIVE_REPLAY_TIC|tic=2856|mle_ms=30.378|monotonic_ms=30|clock_delta_ms=.378|
clock_suspect=0
PMLE_LIVE_REPLAY_TIC|tic=2857|mle_ms=143.432|monotonic_ms=150|clock_delta_ms=6.5
68|clock_suspect=0
PMLE_LIVE_REPLAY_TIC|tic=2858|mle_ms=9.72|monotonic_ms=10|clock_delta_ms=.28|clo
ck_suspect=0
PMLE_LIVE_REPLAY_TIC|tic=2859|mle_ms=11.036|monotonic_ms=10|clock_delta_ms=1.036
|clock_suspect=0
PMLE_LIVE_REPLAY_TIC|tic=2860|mle_ms=125.36|monotonic_ms=120|clock_delta_ms=5.36
|clock_suspect=0
PMLE_LIVE_REPLAY_TIC|tic=2861|mle_ms=40.695|monotonic_ms=40|clock_delta_ms=.695|
clock_suspect=0
PMLE_LIVE_REPLAY_TIC|tic=2862|mle_ms=11.291|monotonic_ms=10|clock_delta_ms=1.291
|clock_suspect=0
PMLE_LIVE_REPLAY_TIC|tic=2863|mle_ms=168.121|monotonic_ms=170|clock_delta_ms=1.8
79|clock_suspect=0
PMLE_LIVE_REPLAY_TIC|tic=2864|mle_ms=21.433|monotonic_ms=20|clock_delta_ms=1.433
|clock_suspect=0
PMLE_LIVE_REPLAY_TIC|tic=2865|mle_ms=10.078|monotonic_ms=10|clock_delta_ms=.078|
clock_suspect=0
PMLE_LIVE_REPLAY_TIC|tic=2866|mle_ms=132.056|monotonic_ms=140|clock_delta_ms=7.9
44|clock_suspect=0
PMLE_LIVE_REPLAY_TIC|tic=2867|mle_ms=8.109|monotonic_ms=0|clock_delta_ms=8.109|c
lock_suspect=0
PMLE_LIVE_REPLAY_TIC|tic=2868|mle_ms=8.353|monotonic_ms=10|clock_delta_ms=1.647|
clock_suspect=0
PMLE_LIVE_REPLAY_TIC|tic=2869|mle_ms=117.043|monotonic_ms=120|clock_delta_ms=2.9
57|clock_suspect=0
PMLE_LIVE_REPLAY_TIC|tic=2870|mle_ms=8.245|monotonic_ms=10|clock_delta_ms=1.755|
clock_suspect=0
PMLE_LIVE_REPLAY_TIC|tic=2871|mle_ms=37.707|monotonic_ms=40|clock_delta_ms=2.293
|clock_suspect=0
PMLE_LIVE_REPLAY_TIC|tic=2872|mle_ms=131.713|monotonic_ms=130|clock_delta_ms=1.7
13|clock_suspect=0
PMLE_LIVE_REPLAY_TIC|tic=2873|mle_ms=25.678|monotonic_ms=20|clock_delta_ms=5.678
|clock_suspect=0
PMLE_LIVE_REPLAY_TIC|tic=2874|mle_ms=20.023|monotonic_ms=20|clock_delta_ms=.023|
clock_suspect=0
PMLE_LIVE_REPLAY_TIC|tic=2875|mle_ms=114.824|monotonic_ms=120|clock_delta_ms=5.1
76|clock_suspect=0
PMLE_LIVE_REPLAY_TIC|tic=2876|mle_ms=23.194|monotonic_ms=20|clock_delta_ms=3.194
|clock_suspect=0
PMLE_LIVE_REPLAY_TIC|tic=2877|mle_ms=7.126|monotonic_ms=10|clock_delta_ms=2.874|
clock_suspect=0
PMLE_LIVE_REPLAY_TIC|tic=2878|mle_ms=122.823|monotonic_ms=120|clock_delta_ms=2.8
23|clock_suspect=0
PMLE_LIVE_REPLAY_TIC|tic=2879|mle_ms=10.998|monotonic_ms=10|clock_delta_ms=.998|
clock_suspect=0
PMLE_LIVE_REPLAY_TIC|tic=2880|mle_ms=8.711|monotonic_ms=10|clock_delta_ms=1.289|
clock_suspect=0
PMLE_LIVE_REPLAY_TIC|tic=2881|mle_ms=167.748|monotonic_ms=170|clock_delta_ms=2.2
52|clock_suspect=0
PMLE_LIVE_REPLAY_TIC|tic=2882|mle_ms=16.93|monotonic_ms=20|clock_delta_ms=3.07|c
lock_suspect=0
PMLE_LIVE_REPLAY_TIC|tic=2883|mle_ms=29.655|monotonic_ms=30|clock_delta_ms=.345|
clock_suspect=0
PMLE_LIVE_REPLAY_TIC|tic=2884|mle_ms=183.651|monotonic_ms=180|clock_delta_ms=3.6
51|clock_suspect=0
PMLE_LIVE_REPLAY_TIC|tic=2885|mle_ms=9.905|monotonic_ms=10|clock_delta_ms=.095|c
lock_suspect=0
PMLE_LIVE_REPLAY_TIC|tic=2886|mle_ms=28.372|monotonic_ms=30|clock_delta_ms=1.628
|clock_suspect=0
PMLE_LIVE_REPLAY_TIC|tic=2887|mle_ms=120.332|monotonic_ms=120|clock_delta_ms=.33
2|clock_suspect=0
PMLE_LIVE_REPLAY_TIC|tic=2888|mle_ms=9.519|monotonic_ms=10|clock_delta_ms=.481|c
lock_suspect=0
PMLE_LIVE_REPLAY_TIC|tic=2889|mle_ms=10.926|monotonic_ms=10|clock_delta_ms=.926|
clock_suspect=0
PMLE_LIVE_REPLAY_TIC|tic=2890|mle_ms=125.649|monotonic_ms=120|clock_delta_ms=5.6
49|clock_suspect=0
PMLE_LIVE_REPLAY_TIC|tic=2891|mle_ms=40.953|monotonic_ms=50|clock_delta_ms=9.047
|clock_suspect=0
PMLE_LIVE_REPLAY_TIC|tic=2892|mle_ms=9.53|monotonic_ms=10|clock_delta_ms=.47|clo
ck_suspect=0
PMLE_LIVE_REPLAY_TIC|tic=2893|mle_ms=130.348|monotonic_ms=130|clock_delta_ms=.34
8|clock_suspect=0
PMLE_LIVE_REPLAY_TIC|tic=2894|mle_ms=18.129|monotonic_ms=10|clock_delta_ms=8.129
|clock_suspect=0
PMLE_LIVE_REPLAY_TIC|tic=2895|mle_ms=8.539|monotonic_ms=10|clock_delta_ms=1.461|
clock_suspect=0
PMLE_LIVE_REPLAY_TIC|tic=2896|mle_ms=132.019|monotonic_ms=130|clock_delta_ms=2.0
19|clock_suspect=0
PMLE_LIVE_REPLAY_TIC|tic=2897|mle_ms=7.814|monotonic_ms=10|clock_delta_ms=2.186|
clock_suspect=0
PMLE_LIVE_REPLAY_TIC|tic=2898|mle_ms=8.319|monotonic_ms=10|clock_delta_ms=1.681|
clock_suspect=0
PMLE_LIVE_REPLAY_TIC|tic=2899|mle_ms=137.715|monotonic_ms=140|clock_delta_ms=2.2
85|clock_suspect=0
PMLE_LIVE_REPLAY_TIC|tic=2900|mle_ms=9.805|monotonic_ms=10|clock_delta_ms=.195|c
lock_suspect=0
PMLE_LIVE_REPLAY_TIC|tic=2901|mle_ms=42.857|monotonic_ms=40|clock_delta_ms=2.857
|clock_suspect=0
PMLE_LIVE_REPLAY_TIC|tic=2902|mle_ms=114.213|monotonic_ms=120|clock_delta_ms=5.7
87|clock_suspect=0
PMLE_LIVE_REPLAY_TIC|tic=2903|mle_ms=21.37|monotonic_ms=20|clock_delta_ms=1.37|c
lock_suspect=0
PMLE_LIVE_REPLAY_TIC|tic=2904|mle_ms=18.165|monotonic_ms=20|clock_delta_ms=1.835
|clock_suspect=0
PMLE_LIVE_REPLAY_TIC|tic=2905|mle_ms=119.299|monotonic_ms=120|clock_delta_ms=.70
1|clock_suspect=0
PMLE_LIVE_REPLAY_TIC|tic=2906|mle_ms=24.042|monotonic_ms=20|clock_delta_ms=4.042
|clock_suspect=0
PMLE_LIVE_REPLAY_TIC|tic=2907|mle_ms=7.241|monotonic_ms=10|clock_delta_ms=2.759|
clock_suspect=0
PMLE_LIVE_REPLAY_TIC|tic=2908|mle_ms=119.429|monotonic_ms=120|clock_delta_ms=.57
1|clock_suspect=0
PMLE_LIVE_REPLAY_TIC|tic=2909|mle_ms=11.284|monotonic_ms=10|clock_delta_ms=1.284
|clock_suspect=0
PMLE_LIVE_REPLAY_TIC|tic=2910|mle_ms=8.66|monotonic_ms=10|clock_delta_ms=1.34|cl
ock_suspect=0
PMLE_LIVE_REPLAY_TIC|tic=2911|mle_ms=145.859|monotonic_ms=140|clock_delta_ms=5.8
59|clock_suspect=0
PMLE_LIVE_REPLAY_TIC|tic=2912|mle_ms=9.24|monotonic_ms=10|clock_delta_ms=.76|clo
ck_suspect=0
PMLE_LIVE_REPLAY_TIC|tic=2913|mle_ms=23.378|monotonic_ms=30|clock_delta_ms=6.622
|clock_suspect=0
PMLE_LIVE_REPLAY_TIC|tic=2914|mle_ms=120.705|monotonic_ms=120|clock_delta_ms=.70
5|clock_suspect=0
PMLE_LIVE_REPLAY_TIC|tic=2915|mle_ms=8.092|monotonic_ms=10|clock_delta_ms=1.908|
clock_suspect=0
PMLE_LIVE_REPLAY_TIC|tic=2916|mle_ms=26.669|monotonic_ms=20|clock_delta_ms=6.669
|clock_suspect=0
PMLE_LIVE_REPLAY_TIC|tic=2917|mle_ms=148.451|monotonic_ms=150|clock_delta_ms=1.5
49|clock_suspect=0
PMLE_LIVE_REPLAY_TIC|tic=2918|mle_ms=9.299|monotonic_ms=10|clock_delta_ms=.701|c
lock_suspect=0
PMLE_LIVE_REPLAY_TIC|tic=2919|mle_ms=10.778|monotonic_ms=10|clock_delta_ms=.778|
clock_suspect=0
PMLE_LIVE_REPLAY_TIC|tic=2920|mle_ms=133.818|monotonic_ms=140|clock_delta_ms=6.1
82|clock_suspect=0
PMLE_LIVE_REPLAY_TIC|tic=2921|mle_ms=38.462|monotonic_ms=30|clock_delta_ms=8.462
|clock_suspect=0
PMLE_LIVE_REPLAY_TIC|tic=2922|mle_ms=9.395|monotonic_ms=10|clock_delta_ms=.605|c
lock_suspect=0
PMLE_LIVE_REPLAY_TIC|tic=2923|mle_ms=147.661|monotonic_ms=150|clock_delta_ms=2.3
39|clock_suspect=0
PMLE_LIVE_REPLAY_TIC|tic=2924|mle_ms=20.09|monotonic_ms=20|clock_delta_ms=.09|cl
ock_suspect=0
PMLE_LIVE_REPLAY_TIC|tic=2925|mle_ms=7.935|monotonic_ms=10|clock_delta_ms=2.065|
clock_suspect=0
PMLE_LIVE_REPLAY_TIC|tic=2926|mle_ms=142.462|monotonic_ms=140|clock_delta_ms=2.4
62|clock_suspect=0
PMLE_LIVE_REPLAY_TIC|tic=2927|mle_ms=9.436|monotonic_ms=10|clock_delta_ms=.564|c
lock_suspect=0
PMLE_LIVE_REPLAY_TIC|tic=2928|mle_ms=10.324|monotonic_ms=10|clock_delta_ms=.324|
clock_suspect=0
PMLE_LIVE_REPLAY_TIC|tic=2929|mle_ms=122.344|monotonic_ms=120|clock_delta_ms=2.3
44|clock_suspect=0
PMLE_LIVE_REPLAY_TIC|tic=2930|mle_ms=8.309|monotonic_ms=10|clock_delta_ms=1.691|
clock_suspect=0
PMLE_LIVE_REPLAY_TIC|tic=2931|mle_ms=36.751|monotonic_ms=40|clock_delta_ms=3.249
|clock_suspect=0
PMLE_LIVE_REPLAY_TIC|tic=2932|mle_ms=115.962|monotonic_ms=120|clock_delta_ms=4.0
38|clock_suspect=0
PMLE_LIVE_REPLAY_TIC|tic=2933|mle_ms=23.63|monotonic_ms=20|clock_delta_ms=3.63|c
lock_suspect=0
PMLE_LIVE_REPLAY_TIC|tic=2934|mle_ms=20.815|monotonic_ms=20|clock_delta_ms=.815|
clock_suspect=0
PMLE_LIVE_REPLAY_TIC|tic=2935|mle_ms=150.104|monotonic_ms=150|clock_delta_ms=.10
4|clock_suspect=0
PMLE_LIVE_REPLAY_TIC|tic=2936|mle_ms=25.004|monotonic_ms=30|clock_delta_ms=4.996
|clock_suspect=0
PMLE_LIVE_REPLAY_TIC|tic=2937|mle_ms=8.415|monotonic_ms=0|clock_delta_ms=8.415|c
lock_suspect=0
PMLE_LIVE_REPLAY_TIC|tic=2938|mle_ms=115.087|monotonic_ms=120|clock_delta_ms=4.9
13|clock_suspect=0
PMLE_LIVE_REPLAY_TIC|tic=2939|mle_ms=10.617|monotonic_ms=10|clock_delta_ms=.617|
clock_suspect=0
PMLE_LIVE_REPLAY_TIC|tic=2940|mle_ms=8.767|monotonic_ms=10|clock_delta_ms=1.233|
clock_suspect=0
PMLE_LIVE_REPLAY_TIC|tic=2941|mle_ms=160.786|monotonic_ms=160|clock_delta_ms=.78
6|clock_suspect=0
PMLE_LIVE_REPLAY_TIC|tic=2942|mle_ms=11.807|monotonic_ms=10|clock_delta_ms=1.807
|clock_suspect=0
PMLE_LIVE_REPLAY_TIC|tic=2943|mle_ms=25.104|monotonic_ms=30|clock_delta_ms=4.896
|clock_suspect=0
PMLE_LIVE_REPLAY_TIC|tic=2944|mle_ms=160.178|monotonic_ms=160|clock_delta_ms=.17
8|clock_suspect=0
PMLE_LIVE_REPLAY_TIC|tic=2945|mle_ms=8.988|monotonic_ms=10|clock_delta_ms=1.012|
clock_suspect=0
PMLE_LIVE_REPLAY_TIC|tic=2946|mle_ms=29.443|monotonic_ms=30|clock_delta_ms=.557|
clock_suspect=0
PMLE_LIVE_REPLAY_TIC|tic=2947|mle_ms=180.542|monotonic_ms=180|clock_delta_ms=.54
2|clock_suspect=0
PMLE_LIVE_REPLAY_TIC|tic=2948|mle_ms=11.214|monotonic_ms=10|clock_delta_ms=1.214
|clock_suspect=0
PMLE_LIVE_REPLAY_TIC|tic=2949|mle_ms=12.965|monotonic_ms=10|clock_delta_ms=2.965
|clock_suspect=0
PMLE_LIVE_REPLAY_TIC|tic=2950|mle_ms=148.817|monotonic_ms=150|clock_delta_ms=1.1
83|clock_suspect=0
PMLE_LIVE_REPLAY_TIC|tic=2951|mle_ms=49.531|monotonic_ms=50|clock_delta_ms=.469|
clock_suspect=0
PMLE_LIVE_REPLAY_TIC|tic=2952|mle_ms=11.996|monotonic_ms=10|clock_delta_ms=1.996
|clock_suspect=0
PMLE_LIVE_REPLAY_TIC|tic=2953|mle_ms=139.164|monotonic_ms=140|clock_delta_ms=.83
6|clock_suspect=0
PMLE_LIVE_REPLAY_TIC|tic=2954|mle_ms=19.84|monotonic_ms=20|clock_delta_ms=.16|cl
ock_suspect=0
PMLE_LIVE_REPLAY_TIC|tic=2955|mle_ms=9.271|monotonic_ms=10|clock_delta_ms=.729|c
lock_suspect=0
PMLE_LIVE_REPLAY_TIC|tic=2956|mle_ms=138.968|monotonic_ms=140|clock_delta_ms=1.0
32|clock_suspect=0
PMLE_LIVE_REPLAY_TIC|tic=2957|mle_ms=7.919|monotonic_ms=10|clock_delta_ms=2.081|
clock_suspect=0
PMLE_LIVE_REPLAY_TIC|tic=2958|mle_ms=9.364|monotonic_ms=10|clock_delta_ms=.636|c
lock_suspect=0
PMLE_LIVE_REPLAY_TIC|tic=2959|mle_ms=123.323|monotonic_ms=120|clock_delta_ms=3.3
23|clock_suspect=0
PMLE_LIVE_REPLAY_TIC|tic=2960|mle_ms=10.035|monotonic_ms=10|clock_delta_ms=.035|
clock_suspect=0
PMLE_LIVE_REPLAY_TIC|tic=2961|mle_ms=47.727|monotonic_ms=50|clock_delta_ms=2.273
|clock_suspect=0
PMLE_LIVE_REPLAY_TIC|tic=2962|mle_ms=129.127|monotonic_ms=130|clock_delta_ms=.87
3|clock_suspect=0
PMLE_LIVE_REPLAY_TIC|tic=2963|mle_ms=26.008|monotonic_ms=20|clock_delta_ms=6.008
|clock_suspect=0
PMLE_LIVE_REPLAY_TIC|tic=2964|mle_ms=21.907|monotonic_ms=30|clock_delta_ms=8.093
|clock_suspect=0
PMLE_LIVE_REPLAY_TIC|tic=2965|mle_ms=115.365|monotonic_ms=110|clock_delta_ms=5.3
65|clock_suspect=0
PMLE_LIVE_REPLAY_TIC|tic=2966|mle_ms=24.324|monotonic_ms=20|clock_delta_ms=4.324
|clock_suspect=0
PMLE_LIVE_REPLAY_TIC|tic=2967|mle_ms=8.886|monotonic_ms=10|clock_delta_ms=1.114|
clock_suspect=0
PMLE_LIVE_REPLAY_TIC|tic=2968|mle_ms=116.383|monotonic_ms=120|clock_delta_ms=3.6
17|clock_suspect=0
PMLE_LIVE_REPLAY_TIC|tic=2969|mle_ms=11.792|monotonic_ms=10|clock_delta_ms=1.792
|clock_suspect=0
PMLE_LIVE_REPLAY_TIC|tic=2970|mle_ms=11.04|monotonic_ms=10|clock_delta_ms=1.04|c
lock_suspect=0
PMLE_LIVE_REPLAY_TIC|tic=2971|mle_ms=184.029|monotonic_ms=190|clock_delta_ms=5.9
71|clock_suspect=0
PMLE_LIVE_REPLAY_TIC|tic=2972|mle_ms=11.554|monotonic_ms=10|clock_delta_ms=1.554
|clock_suspect=0
PMLE_LIVE_REPLAY_TIC|tic=2973|mle_ms=26.271|monotonic_ms=30|clock_delta_ms=3.729
|clock_suspect=0
PMLE_LIVE_REPLAY_TIC|tic=2974|mle_ms=128.79|monotonic_ms=120|clock_delta_ms=8.79
|clock_suspect=0
PMLE_LIVE_REPLAY_TIC|tic=2975|mle_ms=8.44|monotonic_ms=10|clock_delta_ms=1.56|cl
ock_suspect=0
PMLE_LIVE_REPLAY_TIC|tic=2976|mle_ms=22.263|monotonic_ms=30|clock_delta_ms=7.737
|clock_suspect=0
PMLE_LIVE_REPLAY_TIC|tic=2977|mle_ms=114.537|monotonic_ms=110|clock_delta_ms=4.5
37|clock_suspect=0
PMLE_LIVE_REPLAY_TIC|tic=2978|mle_ms=9.882|monotonic_ms=10|clock_delta_ms=.118|c
lock_suspect=0
PMLE_LIVE_REPLAY_TIC|tic=2979|mle_ms=12.17|monotonic_ms=10|clock_delta_ms=2.17|c
lock_suspect=0
PMLE_LIVE_REPLAY_TIC|tic=2980|mle_ms=173.132|monotonic_ms=180|clock_delta_ms=6.8
68|clock_suspect=0
PMLE_LIVE_REPLAY_TIC|tic=2981|mle_ms=42.002|monotonic_ms=40|clock_delta_ms=2.002
|clock_suspect=0
PMLE_LIVE_REPLAY_TIC|tic=2982|mle_ms=10.848|monotonic_ms=10|clock_delta_ms=.848|
clock_suspect=0
PMLE_LIVE_REPLAY_TIC|tic=2983|mle_ms=137.901|monotonic_ms=140|clock_delta_ms=2.0
99|clock_suspect=0
PMLE_LIVE_REPLAY_TIC|tic=2984|mle_ms=20.069|monotonic_ms=20|clock_delta_ms=.069|
clock_suspect=0
PMLE_LIVE_REPLAY_TIC|tic=2985|mle_ms=9.663|monotonic_ms=10|clock_delta_ms=.337|c
lock_suspect=0
PMLE_LIVE_REPLAY_TIC|tic=2986|mle_ms=181.583|monotonic_ms=180|clock_delta_ms=1.5
83|clock_suspect=0
PMLE_LIVE_REPLAY_TIC|tic=2987|mle_ms=11.115|monotonic_ms=10|clock_delta_ms=1.115
|clock_suspect=0
PMLE_LIVE_REPLAY_TIC|tic=2988|mle_ms=11.965|monotonic_ms=10|clock_delta_ms=1.965
|clock_suspect=0
PMLE_LIVE_REPLAY_TIC|tic=2989|mle_ms=146.231|monotonic_ms=150|clock_delta_ms=3.7
69|clock_suspect=0
PMLE_LIVE_REPLAY_TIC|tic=2990|mle_ms=9.132|monotonic_ms=10|clock_delta_ms=.868|c
lock_suspect=0
PMLE_LIVE_REPLAY_TIC|tic=2991|mle_ms=48.712|monotonic_ms=50|clock_delta_ms=1.288
|clock_suspect=0
PMLE_LIVE_REPLAY_TIC|tic=2992|mle_ms=137.298|monotonic_ms=130|clock_delta_ms=7.2
98|clock_suspect=0
PMLE_LIVE_REPLAY_TIC|tic=2993|mle_ms=27.53|monotonic_ms=30|clock_delta_ms=2.47|c
lock_suspect=0
PMLE_LIVE_REPLAY_TIC|tic=2994|mle_ms=23.343|monotonic_ms=20|clock_delta_ms=3.343
|clock_suspect=0
PMLE_LIVE_REPLAY_TIC|tic=2995|mle_ms=141.725|monotonic_ms=150|clock_delta_ms=8.2
75|clock_suspect=0
PMLE_LIVE_REPLAY_TIC|tic=2996|mle_ms=22.459|monotonic_ms=20|clock_delta_ms=2.459
|clock_suspect=0
PMLE_LIVE_REPLAY_TIC|tic=2997|mle_ms=7.587|monotonic_ms=10|clock_delta_ms=2.413|
clock_suspect=0
PMLE_LIVE_REPLAY_TIC|tic=2998|mle_ms=141.398|monotonic_ms=140|clock_delta_ms=1.3
98|clock_suspect=0
PMLE_LIVE_REPLAY_TIC|tic=2999|mle_ms=10.155|monotonic_ms=10|clock_delta_ms=.155|
clock_suspect=0
PMLE_LIVE_REPLAY_TIC|tic=3000|mle_ms=8.582|monotonic_ms=10|clock_delta_ms=1.418|
clock_suspect=0
PMLE_LIVE_REPLAY_TIC|tic=3001|mle_ms=169.056|monotonic_ms=160|clock_delta_ms=9.0
56|clock_suspect=0
PMLE_LIVE_REPLAY_TIC|tic=3002|mle_ms=10.638|monotonic_ms=20|clock_delta_ms=9.362
|clock_suspect=0
PMLE_LIVE_REPLAY_TIC|tic=3003|mle_ms=24.971|monotonic_ms=20|clock_delta_ms=4.971
|clock_suspect=0
PMLE_LIVE_REPLAY_TIC|tic=3004|mle_ms=132.054|monotonic_ms=130|clock_delta_ms=2.0
54|clock_suspect=0
PMLE_LIVE_REPLAY_TIC|tic=3005|mle_ms=8.616|monotonic_ms=10|clock_delta_ms=1.384|
clock_suspect=0
PMLE_LIVE_REPLAY_TIC|tic=3006|mle_ms=25.489|monotonic_ms=30|clock_delta_ms=4.511
|clock_suspect=0
PMLE_LIVE_REPLAY_TIC|tic=3007|mle_ms=116.229|monotonic_ms=110|clock_delta_ms=6.2
29|clock_suspect=0
PMLE_LIVE_REPLAY_TIC|tic=3008|mle_ms=9.055|monotonic_ms=10|clock_delta_ms=.945|c
lock_suspect=0
PMLE_LIVE_REPLAY_TIC|tic=3009|mle_ms=10.954|monotonic_ms=10|clock_delta_ms=.954|
clock_suspect=0
PMLE_LIVE_REPLAY_TIC|tic=3010|mle_ms=147.361|monotonic_ms=150|clock_delta_ms=2.6
39|clock_suspect=0
PMLE_LIVE_REPLAY_TIC|tic=3011|mle_ms=38.751|monotonic_ms=40|clock_delta_ms=1.249
|clock_suspect=0
PMLE_LIVE_REPLAY_TIC|tic=3012|mle_ms=10.677|monotonic_ms=10|clock_delta_ms=.677|
clock_suspect=0
PMLE_LIVE_REPLAY_TIC|tic=3013|mle_ms=131.71|monotonic_ms=130|clock_delta_ms=1.71
|clock_suspect=0
PMLE_LIVE_REPLAY_TIC|tic=3014|mle_ms=17.813|monotonic_ms=20|clock_delta_ms=2.187
|clock_suspect=0
PMLE_LIVE_REPLAY_TIC|tic=3015|mle_ms=8.026|monotonic_ms=10|clock_delta_ms=1.974|
clock_suspect=0
PMLE_LIVE_REPLAY_TIC|tic=3016|mle_ms=148.124|monotonic_ms=150|clock_delta_ms=1.8
76|clock_suspect=0
PMLE_LIVE_REPLAY_TIC|tic=3017|mle_ms=9.889|monotonic_ms=10|clock_delta_ms=.111|c
lock_suspect=0
PMLE_LIVE_REPLAY_TIC|tic=3018|mle_ms=10.103|monotonic_ms=10|clock_delta_ms=.103|
clock_suspect=0
PMLE_LIVE_REPLAY_TIC|tic=3019|mle_ms=123.977|monotonic_ms=120|clock_delta_ms=3.9
77|clock_suspect=0
PMLE_LIVE_REPLAY_TIC|tic=3020|mle_ms=10.135|monotonic_ms=10|clock_delta_ms=.135|
clock_suspect=0
PMLE_LIVE_REPLAY_TIC|tic=3021|mle_ms=44.668|monotonic_ms=50|clock_delta_ms=5.332
|clock_suspect=0
PMLE_LIVE_REPLAY_TIC|tic=3022|mle_ms=123.112|monotonic_ms=120|clock_delta_ms=3.1
12|clock_suspect=0
PMLE_LIVE_REPLAY_TIC|tic=3023|mle_ms=30.625|monotonic_ms=30|clock_delta_ms=.625|
clock_suspect=0
PMLE_LIVE_REPLAY_TIC|tic=3024|mle_ms=30.104|monotonic_ms=30|clock_delta_ms=.104|
clock_suspect=0
PMLE_LIVE_REPLAY_TIC|tic=3025|mle_ms=149.101|monotonic_ms=150|clock_delta_ms=.89
9|clock_suspect=0
PMLE_LIVE_REPLAY_TIC|tic=3026|mle_ms=27.979|monotonic_ms=30|clock_delta_ms=2.021
|clock_suspect=0
PMLE_LIVE_REPLAY_TIC|tic=3027|mle_ms=9.247|monotonic_ms=10|clock_delta_ms=.753|c
lock_suspect=0
PMLE_LIVE_REPLAY_TIC|tic=3028|mle_ms=159.799|monotonic_ms=160|clock_delta_ms=.20
1|clock_suspect=0
PMLE_LIVE_REPLAY_TIC|tic=3029|mle_ms=10.573|monotonic_ms=10|clock_delta_ms=.573|
clock_suspect=0
PMLE_LIVE_REPLAY_TIC|tic=3030|mle_ms=9.268|monotonic_ms=10|clock_delta_ms=.732|c
lock_suspect=0
PMLE_LIVE_REPLAY_TIC|tic=3031|mle_ms=158.273|monotonic_ms=150|clock_delta_ms=8.2
73|clock_suspect=0
PMLE_LIVE_REPLAY_TIC|tic=3032|mle_ms=11.577|monotonic_ms=20|clock_delta_ms=8.423
|clock_suspect=0
PMLE_LIVE_REPLAY_TIC|tic=3033|mle_ms=25.387|monotonic_ms=20|clock_delta_ms=5.387
|clock_suspect=0
PMLE_LIVE_REPLAY_TIC|tic=3034|mle_ms=122.152|monotonic_ms=120|clock_delta_ms=2.1
52|clock_suspect=0
PMLE_LIVE_REPLAY_TIC|tic=3035|mle_ms=8.02|monotonic_ms=10|clock_delta_ms=1.98|cl
ock_suspect=0
PMLE_LIVE_REPLAY_TIC|tic=3036|mle_ms=24.281|monotonic_ms=30|clock_delta_ms=5.719
|clock_suspect=0
PMLE_LIVE_REPLAY_TIC|tic=3037|mle_ms=148.275|monotonic_ms=140|clock_delta_ms=8.2
75|clock_suspect=0
PMLE_LIVE_REPLAY_TIC|tic=3038|mle_ms=11.724|monotonic_ms=20|clock_delta_ms=8.276
|clock_suspect=0
PMLE_LIVE_REPLAY_TIC|tic=3039|mle_ms=12.717|monotonic_ms=10|clock_delta_ms=2.717
|clock_suspect=0
PMLE_LIVE_REPLAY_TIC|tic=3040|mle_ms=144.239|monotonic_ms=140|clock_delta_ms=4.2
39|clock_suspect=0
PMLE_LIVE_REPLAY_TIC|tic=3041|mle_ms=50.612|monotonic_ms=50|clock_delta_ms=.612|
clock_suspect=0
PMLE_LIVE_REPLAY_TIC|tic=3042|mle_ms=13.706|monotonic_ms=20|clock_delta_ms=6.294
|clock_suspect=0
PMLE_LIVE_REPLAY_TIC|tic=3043|mle_ms=158.773|monotonic_ms=160|clock_delta_ms=1.2
27|clock_suspect=0
PMLE_LIVE_REPLAY_TIC|tic=3044|mle_ms=27.005|monotonic_ms=20|clock_delta_ms=7.005
|clock_suspect=0
PMLE_LIVE_REPLAY_TIC|tic=3045|mle_ms=13.817|monotonic_ms=20|clock_delta_ms=6.183
|clock_suspect=0
PMLE_LIVE_REPLAY_TIC|tic=3046|mle_ms=143.032|monotonic_ms=140|clock_delta_ms=3.0
32|clock_suspect=0
PMLE_LIVE_REPLAY_TIC|tic=3047|mle_ms=8.583|monotonic_ms=10|clock_delta_ms=1.417|
clock_suspect=0
PMLE_LIVE_REPLAY_TIC|tic=3048|mle_ms=9.946|monotonic_ms=10|clock_delta_ms=.054|c
lock_suspect=0
PMLE_LIVE_REPLAY_TIC|tic=3049|mle_ms=122.421|monotonic_ms=120|clock_delta_ms=2.4
21|clock_suspect=0
PMLE_LIVE_REPLAY_TIC|tic=3050|mle_ms=8.139|monotonic_ms=10|clock_delta_ms=1.861|
clock_suspect=0
PMLE_LIVE_REPLAY_TIC|tic=3051|mle_ms=37.61|monotonic_ms=40|clock_delta_ms=2.39|c
lock_suspect=0
PMLE_LIVE_REPLAY_TIC|tic=3052|mle_ms=118.466|monotonic_ms=120|clock_delta_ms=1.5
34|clock_suspect=0
PMLE_LIVE_REPLAY_TIC|tic=3053|mle_ms=25.451|monotonic_ms=20|clock_delta_ms=5.451
|clock_suspect=0
PMLE_LIVE_REPLAY_TIC|tic=3054|mle_ms=21.35|monotonic_ms=20|clock_delta_ms=1.35|c
lock_suspect=0
PMLE_LIVE_REPLAY_TIC|tic=3055|mle_ms=144.877|monotonic_ms=150|clock_delta_ms=5.1
23|clock_suspect=0
PMLE_LIVE_REPLAY_TIC|tic=3056|mle_ms=32.055|monotonic_ms=30|clock_delta_ms=2.055
|clock_suspect=0
PMLE_LIVE_REPLAY_TIC|tic=3057|mle_ms=9.8|monotonic_ms=10|clock_delta_ms=.2|clock
_suspect=0
PMLE_LIVE_REPLAY_TIC|tic=3058|mle_ms=168.317|monotonic_ms=170|clock_delta_ms=1.6
83|clock_suspect=0
PMLE_LIVE_REPLAY_TIC|tic=3059|mle_ms=11.447|monotonic_ms=10|clock_delta_ms=1.447
|clock_suspect=0
PMLE_LIVE_REPLAY_TIC|tic=3060|mle_ms=8.951|monotonic_ms=10|clock_delta_ms=1.049|
clock_suspect=0
PMLE_LIVE_REPLAY_TIC|tic=3061|mle_ms=201.46|monotonic_ms=200|clock_delta_ms=1.46
|clock_suspect=0
PMLE_LIVE_REPLAY_TIC|tic=3062|mle_ms=9.108|monotonic_ms=10|clock_delta_ms=.892|c
lock_suspect=0
PMLE_LIVE_REPLAY_TIC|tic=3063|mle_ms=26.656|monotonic_ms=30|clock_delta_ms=3.344
|clock_suspect=0
PMLE_LIVE_REPLAY_TIC|tic=3064|mle_ms=169.197|monotonic_ms=170|clock_delta_ms=.80
3|clock_suspect=0
PMLE_LIVE_REPLAY_TIC|tic=3065|mle_ms=12.344|monotonic_ms=10|clock_delta_ms=2.344
|clock_suspect=0
PMLE_LIVE_REPLAY_TIC|tic=3066|mle_ms=28.965|monotonic_ms=30|clock_delta_ms=1.035
|clock_suspect=0
PMLE_LIVE_REPLAY_TIC|tic=3067|mle_ms=131.273|monotonic_ms=130|clock_delta_ms=1.2
73|clock_suspect=0
PMLE_LIVE_REPLAY_TIC|tic=3068|mle_ms=14.915|monotonic_ms=10|clock_delta_ms=4.915
|clock_suspect=0
PMLE_LIVE_REPLAY_TIC|tic=3069|mle_ms=16.211|monotonic_ms=20|clock_delta_ms=3.789
|clock_suspect=0
PMLE_LIVE_REPLAY_TIC|tic=3070|mle_ms=138.389|monotonic_ms=140|clock_delta_ms=1.6
11|clock_suspect=0
PMLE_LIVE_REPLAY_TIC|tic=3071|mle_ms=45.115|monotonic_ms=40|clock_delta_ms=5.115
|clock_suspect=0
PMLE_LIVE_REPLAY_TIC|tic=3072|mle_ms=13.234|monotonic_ms=20|clock_delta_ms=6.766
|clock_suspect=0
PMLE_LIVE_REPLAY_TIC|tic=3073|mle_ms=164.509|monotonic_ms=160|clock_delta_ms=4.5
09|clock_suspect=0
PMLE_LIVE_REPLAY_TIC|tic=3074|mle_ms=20.854|monotonic_ms=20|clock_delta_ms=.854|
clock_suspect=0
PMLE_LIVE_REPLAY_TIC|tic=3075|mle_ms=11.54|monotonic_ms=20|clock_delta_ms=8.46|c
lock_suspect=0
PMLE_LIVE_REPLAY_TIC|tic=3076|mle_ms=136.718|monotonic_ms=130|clock_delta_ms=6.7
18|clock_suspect=0
PMLE_LIVE_REPLAY_TIC|tic=3077|mle_ms=12.716|monotonic_ms=10|clock_delta_ms=2.716
|clock_suspect=0
PMLE_LIVE_REPLAY_TIC|tic=3078|mle_ms=13.913|monotonic_ms=20|clock_delta_ms=6.087
|clock_suspect=0
PMLE_LIVE_REPLAY_TIC|tic=3079|mle_ms=117.352|monotonic_ms=120|clock_delta_ms=2.6
48|clock_suspect=0
PMLE_LIVE_REPLAY_TIC|tic=3080|mle_ms=11.59|monotonic_ms=10|clock_delta_ms=1.59|c
lock_suspect=0
PMLE_LIVE_REPLAY_TIC|tic=3081|mle_ms=43.049|monotonic_ms=40|clock_delta_ms=3.049
|clock_suspect=0
PMLE_LIVE_REPLAY_TIC|tic=3082|mle_ms=118.364|monotonic_ms=120|clock_delta_ms=1.6
36|clock_suspect=0
PMLE_LIVE_REPLAY_TIC|tic=3083|mle_ms=33.113|monotonic_ms=30|clock_delta_ms=3.113
|clock_suspect=0
PMLE_LIVE_REPLAY_TIC|tic=3084|mle_ms=25.313|monotonic_ms=30|clock_delta_ms=4.687
|clock_suspect=0
PMLE_LIVE_REPLAY_TIC|tic=3085|mle_ms=111.692|monotonic_ms=110|clock_delta_ms=1.6
92|clock_suspect=0
PMLE_LIVE_REPLAY_TIC|tic=3086|mle_ms=31.308|monotonic_ms=30|clock_delta_ms=1.308
|clock_suspect=0
PMLE_LIVE_REPLAY_TIC|tic=3087|mle_ms=12.575|monotonic_ms=10|clock_delta_ms=2.575
|clock_suspect=0
PMLE_LIVE_REPLAY_TIC|tic=3088|mle_ms=107.905|monotonic_ms=110|clock_delta_ms=2.0
95|clock_suspect=0
PMLE_LIVE_REPLAY_TIC|tic=3089|mle_ms=15.741|monotonic_ms=20|clock_delta_ms=4.259
|clock_suspect=0
PMLE_LIVE_REPLAY_TIC|tic=3090|mle_ms=14.269|monotonic_ms=10|clock_delta_ms=4.269
|clock_suspect=0
PMLE_LIVE_REPLAY_TIC|tic=3091|mle_ms=126.887|monotonic_ms=130|clock_delta_ms=3.1
13|clock_suspect=0
PMLE_LIVE_REPLAY_TIC|tic=3092|mle_ms=14.014|monotonic_ms=10|clock_delta_ms=4.014
|clock_suspect=0
PMLE_LIVE_REPLAY_TIC|tic=3093|mle_ms=26.82|monotonic_ms=30|clock_delta_ms=3.18|c
lock_suspect=0
PMLE_LIVE_REPLAY_TIC|tic=3094|mle_ms=109.477|monotonic_ms=110|clock_delta_ms=.52
3|clock_suspect=0
PMLE_LIVE_REPLAY_TIC|tic=3095|mle_ms=14.179|monotonic_ms=10|clock_delta_ms=4.179
|clock_suspect=0
PMLE_LIVE_REPLAY_TIC|tic=3096|mle_ms=30.806|monotonic_ms=30|clock_delta_ms=.806|
clock_suspect=0
PMLE_LIVE_REPLAY_TIC|tic=3097|mle_ms=66.481|monotonic_ms=70|clock_delta_ms=3.519
|clock_suspect=0
PMLE_LIVE_REPLAY_TIC|tic=3098|mle_ms=10.238|monotonic_ms=10|clock_delta_ms=.238|
clock_suspect=0
PMLE_LIVE_REPLAY_TIC|tic=3099|mle_ms=11.886|monotonic_ms=10|clock_delta_ms=1.886
|clock_suspect=0
PMLE_LIVE_REPLAY_TIC|tic=3100|mle_ms=64.79|monotonic_ms=70|clock_delta_ms=5.21|c
lock_suspect=0
PMLE_LIVE_REPLAY_TIC|tic=3101|mle_ms=42.128|monotonic_ms=40|clock_delta_ms=2.128
|clock_suspect=0
PMLE_LIVE_REPLAY_TIC|tic=3102|mle_ms=12.885|monotonic_ms=10|clock_delta_ms=2.885
|clock_suspect=0
PMLE_LIVE_REPLAY_TIC|tic=3103|mle_ms=88.497|monotonic_ms=90|clock_delta_ms=1.503
|clock_suspect=0
PMLE_LIVE_REPLAY_TIC|tic=3104|mle_ms=22.414|monotonic_ms=20|clock_delta_ms=2.414
|clock_suspect=0
PMLE_LIVE_REPLAY_TIC|tic=3105|mle_ms=9.961|monotonic_ms=10|clock_delta_ms=.039|c
lock_suspect=0
PMLE_LIVE_REPLAY_TIC|tic=3106|mle_ms=49.047|monotonic_ms=50|clock_delta_ms=.953|
clock_suspect=0
PMLE_LIVE_REPLAY_TIC|tic=3107|mle_ms=10.089|monotonic_ms=10|clock_delta_ms=.089|
clock_suspect=0
PMLE_LIVE_REPLAY_TIC|tic=3108|mle_ms=11.33|monotonic_ms=10|clock_delta_ms=1.33|c
lock_suspect=0
PMLE_LIVE_REPLAY_TIC|tic=3109|mle_ms=41.005|monotonic_ms=40|clock_delta_ms=1.005
|clock_suspect=0
PMLE_LIVE_REPLAY_TIC|tic=3110|mle_ms=11.627|monotonic_ms=20|clock_delta_ms=8.373
|clock_suspect=0
PMLE_LIVE_REPLAY_TIC|tic=3111|mle_ms=46.9|monotonic_ms=40|clock_delta_ms=6.9|clo
ck_suspect=0
PMLE_LIVE_REPLAY_TIC|tic=3112|mle_ms=68.59|monotonic_ms=70|clock_delta_ms=1.41|c
lock_suspect=0
PMLE_LIVE_REPLAY_TIC|tic=3113|mle_ms=46.251|monotonic_ms=50|clock_delta_ms=3.749
|clock_suspect=0
PMLE_LIVE_REPLAY_TIC|tic=3114|mle_ms=19.181|monotonic_ms=20|clock_delta_ms=.819|
clock_suspect=0
PMLE_LIVE_REPLAY_TIC|tic=3115|mle_ms=32.115|monotonic_ms=30|clock_delta_ms=2.115
|clock_suspect=0
PMLE_LIVE_REPLAY_TIC|tic=3116|mle_ms=36.386|monotonic_ms=40|clock_delta_ms=3.614
|clock_suspect=0
PMLE_LIVE_REPLAY_TIC|tic=3117|mle_ms=10.69|monotonic_ms=10|clock_delta_ms=.69|cl
ock_suspect=0
PMLE_LIVE_REPLAY_TIC|tic=3118|mle_ms=33.528|monotonic_ms=30|clock_delta_ms=3.528
|clock_suspect=0
PMLE_LIVE_REPLAY_TIC|tic=3119|mle_ms=16.983|monotonic_ms=20|clock_delta_ms=3.017
|clock_suspect=0
PMLE_LIVE_REPLAY_TIC|tic=3120|mle_ms=14.661|monotonic_ms=10|clock_delta_ms=4.661
|clock_suspect=0
PMLE_LIVE_REPLAY_TIC|tic=3121|mle_ms=74.728|monotonic_ms=80|clock_delta_ms=5.272
|clock_suspect=0
PMLE_LIVE_REPLAY_TIC|tic=3122|mle_ms=16.789|monotonic_ms=10|clock_delta_ms=6.789
|clock_suspect=0
PMLE_LIVE_REPLAY_TIC|tic=3123|mle_ms=92.487|monotonic_ms=100|clock_delta_ms=7.51
3|clock_suspect=0
PMLE_LIVE_REPLAY_TIC|tic=3124|mle_ms=52.845|monotonic_ms=50|clock_delta_ms=2.845
|clock_suspect=0
PMLE_LIVE_REPLAY_TIC|tic=3125|mle_ms=18.385|monotonic_ms=20|clock_delta_ms=1.615
|clock_suspect=0
PMLE_LIVE_REPLAY_TIC|tic=3126|mle_ms=37.215|monotonic_ms=40|clock_delta_ms=2.785
|clock_suspect=0
PMLE_LIVE_REPLAY_TIC|tic=3127|mle_ms=24.898|monotonic_ms=20|clock_delta_ms=4.898
|clock_suspect=0
PMLE_LIVE_REPLAY_TIC|tic=3128|mle_ms=61.32|monotonic_ms=60|clock_delta_ms=1.32|c
lock_suspect=0
PMLE_LIVE_REPLAY_TIC|tic=3129|mle_ms=14.264|monotonic_ms=20|clock_delta_ms=5.736
|clock_suspect=0
PMLE_LIVE_REPLAY_TIC|tic=3130|mle_ms=50.74|monotonic_ms=50|clock_delta_ms=.74|cl
ock_suspect=0
PMLE_LIVE_REPLAY_TIC|tic=3131|mle_ms=76.405|monotonic_ms=70|clock_delta_ms=6.405
|clock_suspect=0
PMLE_LIVE_REPLAY_TIC|tic=3132|mle_ms=14.711|monotonic_ms=20|clock_delta_ms=5.289
|clock_suspect=0
PMLE_LIVE_REPLAY_TIC|tic=3133|mle_ms=79.15|monotonic_ms=80|clock_delta_ms=.85|cl
ock_suspect=0
PMLE_LIVE_REPLAY_TIC|tic=3134|mle_ms=52.968|monotonic_ms=50|clock_delta_ms=2.968
|clock_suspect=0
PMLE_LIVE_REPLAY_TIC|tic=3135|mle_ms=13.521|monotonic_ms=10|clock_delta_ms=3.521
|clock_suspect=0
PMLE_LIVE_REPLAY_TIC|tic=3136|mle_ms=69.945|monotonic_ms=70|clock_delta_ms=.055|
clock_suspect=0
PMLE_LIVE_REPLAY_TIC|tic=3137|mle_ms=62.077|monotonic_ms=70|clock_delta_ms=7.923
|clock_suspect=0
PMLE_LIVE_REPLAY_TIC|tic=3138|mle_ms=14.223|monotonic_ms=10|clock_delta_ms=4.223
|clock_suspect=0
PMLE_LIVE_REPLAY_TIC|tic=3139|mle_ms=43.875|monotonic_ms=40|clock_delta_ms=3.875
|clock_suspect=0
PMLE_LIVE_REPLAY_TIC|tic=3140|mle_ms=37.387|monotonic_ms=40|clock_delta_ms=2.613
|clock_suspect=0
PMLE_LIVE_REPLAY_TIC|tic=3141|mle_ms=49.431|monotonic_ms=50|clock_delta_ms=.569|
clock_suspect=0
PMLE_LIVE_REPLAY_TIC|tic=3142|mle_ms=44.286|monotonic_ms=50|clock_delta_ms=5.714
|clock_suspect=0
PMLE_LIVE_REPLAY_TIC|tic=3143|mle_ms=95.691|monotonic_ms=90|clock_delta_ms=5.691
|clock_suspect=0
PMLE_LIVE_REPLAY_TIC|tic=3144|mle_ms=29.981|monotonic_ms=30|clock_delta_ms=.019|
clock_suspect=0
PMLE_LIVE_REPLAY_TIC|tic=3145|mle_ms=83.648|monotonic_ms=90|clock_delta_ms=6.352
|clock_suspect=0
PMLE_LIVE_REPLAY_TIC|tic=3146|mle_ms=90.632|monotonic_ms=90|clock_delta_ms=.632|
clock_suspect=0
PMLE_LIVE_REPLAY_TIC|tic=3147|mle_ms=15.876|monotonic_ms=10|clock_delta_ms=5.876
|clock_suspect=0
PMLE_LIVE_REPLAY_TIC|tic=3148|mle_ms=53.837|monotonic_ms=60|clock_delta_ms=6.163
|clock_suspect=0
PMLE_LIVE_REPLAY_TIC|tic=3149|mle_ms=50.139|monotonic_ms=50|clock_delta_ms=.139|
clock_suspect=0
PMLE_LIVE_REPLAY_TIC|tic=3150|mle_ms=15.036|monotonic_ms=10|clock_delta_ms=5.036
|clock_suspect=0
PMLE_LIVE_REPLAY_TIC|tic=3151|mle_ms=89.393|monotonic_ms=90|clock_delta_ms=.607|
clock_suspect=0
PMLE_LIVE_REPLAY_TIC|tic=3152|mle_ms=49.297|monotonic_ms=50|clock_delta_ms=.703|
clock_suspect=0
PMLE_LIVE_REPLAY_TIC|tic=3153|mle_ms=29.937|monotonic_ms=30|clock_delta_ms=.063|
clock_suspect=0
PMLE_LIVE_REPLAY_TIC|tic=3154|mle_ms=55.02|monotonic_ms=60|clock_delta_ms=4.98|c
lock_suspect=0
PMLE_LIVE_REPLAY_TIC|tic=3155|mle_ms=50.915|monotonic_ms=50|clock_delta_ms=.915|
clock_suspect=0
PMLE_LIVE_REPLAY_TIC|tic=3156|mle_ms=36.48|monotonic_ms=30|clock_delta_ms=6.48|c
lock_suspect=0
PMLE_LIVE_REPLAY_TIC|tic=3157|mle_ms=36.091|monotonic_ms=40|clock_delta_ms=3.909
|clock_suspect=0
PMLE_LIVE_REPLAY_TIC|tic=3158|mle_ms=37.703|monotonic_ms=40|clock_delta_ms=2.297
|clock_suspect=0
PMLE_LIVE_REPLAY_TIC|tic=3159|mle_ms=16.533|monotonic_ms=10|clock_delta_ms=6.533
|clock_suspect=0
PMLE_LIVE_REPLAY_TIC|tic=3160|mle_ms=39.293|monotonic_ms=40|clock_delta_ms=.707|
clock_suspect=0
PMLE_LIVE_REPLAY_TIC|tic=3161|mle_ms=72.494|monotonic_ms=80|clock_delta_ms=7.506
|clock_suspect=0
PMLE_LIVE_REPLAY_TIC|tic=3162|mle_ms=16.378|monotonic_ms=10|clock_delta_ms=6.378
|clock_suspect=0
PMLE_LIVE_REPLAY_TIC|tic=3163|mle_ms=56.722|monotonic_ms=60|clock_delta_ms=3.278
|clock_suspect=0
PMLE_LIVE_REPLAY_TIC|tic=3164|mle_ms=43.989|monotonic_ms=40|clock_delta_ms=3.989
|clock_suspect=0
PMLE_LIVE_REPLAY_TIC|tic=3165|mle_ms=13.877|monotonic_ms=20|clock_delta_ms=6.123
|clock_suspect=0
PMLE_LIVE_REPLAY_TIC|tic=3166|mle_ms=67.635|monotonic_ms=60|clock_delta_ms=7.635
|clock_suspect=0
PMLE_LIVE_REPLAY_TIC|tic=3167|mle_ms=44.847|monotonic_ms=50|clock_delta_ms=5.153
|clock_suspect=0
PMLE_LIVE_REPLAY_TIC|tic=3168|mle_ms=18.471|monotonic_ms=20|clock_delta_ms=1.529
|clock_suspect=0
PMLE_LIVE_REPLAY_TIC|tic=3169|mle_ms=51.255|monotonic_ms=50|clock_delta_ms=1.255
|clock_suspect=0
PMLE_LIVE_REPLAY_TIC|tic=3170|mle_ms=44.286|monotonic_ms=40|clock_delta_ms=4.286
|clock_suspect=0
PMLE_LIVE_REPLAY_TIC|tic=3171|mle_ms=96.035|monotonic_ms=100|clock_delta_ms=3.96
5|clock_suspect=0
PMLE_LIVE_REPLAY_TIC|tic=3172|mle_ms=53.176|monotonic_ms=50|clock_delta_ms=3.176
|clock_suspect=0
PMLE_LIVE_REPLAY_TIC|tic=3173|mle_ms=63.306|monotonic_ms=70|clock_delta_ms=6.694
|clock_suspect=0
PMLE_LIVE_REPLAY_TIC|tic=3174|mle_ms=27.223|monotonic_ms=20|clock_delta_ms=7.223
|clock_suspect=0
PMLE_LIVE_REPLAY_TIC|tic=3175|mle_ms=66.31|monotonic_ms=70|clock_delta_ms=3.69|c
lock_suspect=0
PMLE_LIVE_REPLAY_TIC|tic=3176|mle_ms=64.584|monotonic_ms=60|clock_delta_ms=4.584
|clock_suspect=0
PMLE_LIVE_REPLAY_TIC|tic=3177|mle_ms=16.332|monotonic_ms=20|clock_delta_ms=3.668
|clock_suspect=0
PMLE_LIVE_REPLAY_TIC|tic=3178|mle_ms=59.12|monotonic_ms=60|clock_delta_ms=.88|cl
ock_suspect=0
PMLE_LIVE_REPLAY_TIC|tic=3179|mle_ms=40.38|monotonic_ms=40|clock_delta_ms=.38|cl
ock_suspect=0
PMLE_LIVE_REPLAY_TIC|tic=3180|mle_ms=16.413|monotonic_ms=20|clock_delta_ms=3.587
|clock_suspect=0
PMLE_LIVE_REPLAY_TIC|tic=3181|mle_ms=86.538|monotonic_ms=80|clock_delta_ms=6.538
|clock_suspect=0
PMLE_LIVE_REPLAY_TIC|tic=3182|mle_ms=44.478|monotonic_ms=50|clock_delta_ms=5.522
|clock_suspect=0
PMLE_LIVE_REPLAY_TIC|tic=3183|mle_ms=34.414|monotonic_ms=30|clock_delta_ms=4.414
|clock_suspect=0
PMLE_LIVE_REPLAY_TIC|tic=3184|mle_ms=61.046|monotonic_ms=60|clock_delta_ms=1.046
|clock_suspect=0
PMLE_LIVE_REPLAY_TIC|tic=3185|mle_ms=49.576|monotonic_ms=50|clock_delta_ms=.424|
clock_suspect=0
PMLE_LIVE_REPLAY_TIC|tic=3186|mle_ms=31.453|monotonic_ms=40|clock_delta_ms=8.547
|clock_suspect=0
PMLE_LIVE_REPLAY_TIC|tic=3187|mle_ms=60.415|monotonic_ms=60|clock_delta_ms=.415|
clock_suspect=0
PMLE_LIVE_REPLAY_TIC|tic=3188|mle_ms=55.238|monotonic_ms=50|clock_delta_ms=5.238
|clock_suspect=0
PMLE_LIVE_REPLAY_TIC|tic=3189|mle_ms=23.454|monotonic_ms=20|clock_delta_ms=3.454
|clock_suspect=0
PMLE_LIVE_REPLAY_TIC|tic=3190|mle_ms=54.257|monotonic_ms=60|clock_delta_ms=5.743
|clock_suspect=0
PMLE_LIVE_REPLAY_TIC|tic=3191|mle_ms=83.767|monotonic_ms=80|clock_delta_ms=3.767
|clock_suspect=0
PMLE_LIVE_REPLAY_TIC|tic=3192|mle_ms=18.988|monotonic_ms=20|clock_delta_ms=1.012
|clock_suspect=0
PMLE_LIVE_REPLAY_TIC|tic=3193|mle_ms=80.487|monotonic_ms=80|clock_delta_ms=.487|
clock_suspect=0
PMLE_LIVE_REPLAY_TIC|tic=3194|mle_ms=114.617|monotonic_ms=120|clock_delta_ms=5.3
83|clock_suspect=0
PMLE_LIVE_REPLAY_TIC|tic=3195|mle_ms=38.411|monotonic_ms=40|clock_delta_ms=1.589
|clock_suspect=0
PMLE_LIVE_REPLAY_TIC|tic=3196|mle_ms=89.001|monotonic_ms=80|clock_delta_ms=9.001
|clock_suspect=0
PMLE_LIVE_REPLAY_TIC|tic=3197|mle_ms=63.294|monotonic_ms=70|clock_delta_ms=6.706
|clock_suspect=0
PMLE_LIVE_REPLAY_TIC|tic=3198|mle_ms=34.73|monotonic_ms=30|clock_delta_ms=4.73|c
lock_suspect=0
PMLE_LIVE_REPLAY_TIC|tic=3199|mle_ms=80.811|monotonic_ms=80|clock_delta_ms=.811|
clock_suspect=0
PMLE_LIVE_REPLAY_TIC|tic=3200|mle_ms=61.356|monotonic_ms=70|clock_delta_ms=8.644
|clock_suspect=0
PMLE_LIVE_REPLAY_TIC|tic=3201|mle_ms=72.672|monotonic_ms=80|clock_delta_ms=7.328
|clock_suspect=0
PMLE_LIVE_REPLAY_TIC|tic=3202|mle_ms=73.725|monotonic_ms=70|clock_delta_ms=3.725
|clock_suspect=0
PMLE_LIVE_REPLAY_TIC|tic=3203|mle_ms=97.64|monotonic_ms=100|clock_delta_ms=2.36|
clock_suspect=0
PMLE_LIVE_REPLAY_TIC|tic=3204|mle_ms=42.038|monotonic_ms=40|clock_delta_ms=2.038
|clock_suspect=0
PMLE_LIVE_REPLAY_TIC|tic=3205|mle_ms=65.771|monotonic_ms=70|clock_delta_ms=4.229
|clock_suspect=0
PMLE_LIVE_REPLAY_TIC|tic=3206|mle_ms=94.961|monotonic_ms=90|clock_delta_ms=4.961
|clock_suspect=0
PMLE_LIVE_REPLAY_TIC|tic=3207|mle_ms=33.088|monotonic_ms=40|clock_delta_ms=6.912
|clock_suspect=0
PMLE_LIVE_REPLAY_TIC|tic=3208|mle_ms=67.943|monotonic_ms=60|clock_delta_ms=7.943
|clock_suspect=0
PMLE_LIVE_REPLAY_TIC|tic=3209|mle_ms=66.135|monotonic_ms=70|clock_delta_ms=3.865
|clock_suspect=0
PMLE_LIVE_REPLAY_TIC|tic=3210|mle_ms=43.667|monotonic_ms=40|clock_delta_ms=3.667
|clock_suspect=0
PMLE_LIVE_REPLAY_TIC|tic=3211|mle_ms=115.295|monotonic_ms=120|clock_delta_ms=4.7
05|clock_suspect=0
PMLE_LIVE_REPLAY_TIC|tic=3212|mle_ms=67.856|monotonic_ms=70|clock_delta_ms=2.144
|clock_suspect=0
PMLE_LIVE_REPLAY_TIC|tic=3213|mle_ms=32.5|monotonic_ms=30|clock_delta_ms=2.5|clo
ck_suspect=0
PMLE_LIVE_REPLAY_TIC|tic=3214|mle_ms=61.988|monotonic_ms=60|clock_delta_ms=1.988
|clock_suspect=0
PMLE_LIVE_REPLAY_TIC|tic=3215|mle_ms=56.411|monotonic_ms=60|clock_delta_ms=3.589
|clock_suspect=0
PMLE_LIVE_REPLAY_TIC|tic=3216|mle_ms=36.35|monotonic_ms=30|clock_delta_ms=6.35|c
lock_suspect=0
PMLE_LIVE_REPLAY_TIC|tic=3217|mle_ms=68.294|monotonic_ms=70|clock_delta_ms=1.706
|clock_suspect=0
PMLE_LIVE_REPLAY_TIC|tic=3218|mle_ms=48.441|monotonic_ms=50|clock_delta_ms=1.559
|clock_suspect=0
PMLE_LIVE_REPLAY_TIC|tic=3219|mle_ms=52.934|monotonic_ms=50|clock_delta_ms=2.934
|clock_suspect=0
PMLE_LIVE_REPLAY_TIC|tic=3220|mle_ms=75.985|monotonic_ms=80|clock_delta_ms=4.015
|clock_suspect=0
PMLE_LIVE_REPLAY_TIC|tic=3221|mle_ms=95.905|monotonic_ms=100|clock_delta_ms=4.09
5|clock_suspect=0
PMLE_LIVE_REPLAY_TIC|tic=3222|mle_ms=28.946|monotonic_ms=20|clock_delta_ms=8.946
|clock_suspect=0
PMLE_LIVE_REPLAY_TIC|tic=3223|mle_ms=90.557|monotonic_ms=100|clock_delta_ms=9.44
3|clock_suspect=0
PMLE_LIVE_REPLAY_TIC|tic=3224|mle_ms=86.269|monotonic_ms=80|clock_delta_ms=6.269
|clock_suspect=0
PMLE_LIVE_REPLAY_TIC|tic=3225|mle_ms=27.727|monotonic_ms=30|clock_delta_ms=2.273
|clock_suspect=0
PMLE_LIVE_REPLAY_TIC|tic=3226|mle_ms=100.697|monotonic_ms=100|clock_delta_ms=.69
7|clock_suspect=0
PMLE_LIVE_REPLAY_TIC|tic=3227|mle_ms=68.673|monotonic_ms=70|clock_delta_ms=1.327
|clock_suspect=0
PMLE_LIVE_REPLAY_TIC|tic=3228|mle_ms=33.249|monotonic_ms=30|clock_delta_ms=3.249
|clock_suspect=0
PMLE_LIVE_REPLAY_TIC|tic=3229|mle_ms=70.853|monotonic_ms=70|clock_delta_ms=.853|
clock_suspect=0
PMLE_LIVE_REPLAY_TIC|tic=3230|mle_ms=74|monotonic_ms=80|clock_delta_ms=6|clock_s
uspect=0
PMLE_LIVE_REPLAY_TIC|tic=3231|mle_ms=63.727|monotonic_ms=60|clock_delta_ms=3.727
|clock_suspect=0
PMLE_LIVE_REPLAY_TIC|tic=3232|mle_ms=65.453|monotonic_ms=70|clock_delta_ms=4.547
|clock_suspect=0
PMLE_LIVE_REPLAY_TIC|tic=3233|mle_ms=87.564|monotonic_ms=80|clock_delta_ms=7.564
|clock_suspect=0
PMLE_LIVE_REPLAY_TIC|tic=3234|mle_ms=46.535|monotonic_ms=50|clock_delta_ms=3.465
|clock_suspect=0
PMLE_LIVE_REPLAY_TIC|tic=3235|mle_ms=71.143|monotonic_ms=70|clock_delta_ms=1.143
|clock_suspect=0
PMLE_LIVE_REPLAY_TIC|tic=3236|mle_ms=77.065|monotonic_ms=80|clock_delta_ms=2.935
|clock_suspect=0
PMLE_LIVE_REPLAY_TIC|tic=3237|mle_ms=28.049|monotonic_ms=30|clock_delta_ms=1.951
|clock_suspect=0
PMLE_LIVE_REPLAY_TIC|tic=3238|mle_ms=81.944|monotonic_ms=80|clock_delta_ms=1.944
|clock_suspect=0
PMLE_LIVE_REPLAY_TIC|tic=3239|mle_ms=100.586|monotonic_ms=100|clock_delta_ms=.58
6|clock_suspect=0
PMLE_LIVE_REPLAY_TIC|tic=3240|mle_ms=36.016|monotonic_ms=40|clock_delta_ms=3.984
|clock_suspect=0
PMLE_LIVE_REPLAY_TIC|tic=3241|mle_ms=146.053|monotonic_ms=140|clock_delta_ms=6.0
53|clock_suspect=0
PMLE_LIVE_REPLAY_TIC|tic=3242|mle_ms=73.981|monotonic_ms=80|clock_delta_ms=6.019
|clock_suspect=0
PMLE_LIVE_REPLAY_TIC|tic=3243|mle_ms=48.995|monotonic_ms=50|clock_delta_ms=1.005
|clock_suspect=0
PMLE_LIVE_REPLAY_TIC|tic=3244|mle_ms=83.531|monotonic_ms=80|clock_delta_ms=3.531
|clock_suspect=0
PMLE_LIVE_REPLAY_TIC|tic=3245|mle_ms=105.821|monotonic_ms=110|clock_delta_ms=4.1
79|clock_suspect=0
PMLE_LIVE_REPLAY_TIC|tic=3246|mle_ms=51.991|monotonic_ms=50|clock_delta_ms=1.991
|clock_suspect=0
PMLE_LIVE_REPLAY_TIC|tic=3247|mle_ms=75.498|monotonic_ms=70|clock_delta_ms=5.498
|clock_suspect=0
PMLE_LIVE_REPLAY_TIC|tic=3248|mle_ms=70.951|monotonic_ms=70|clock_delta_ms=.951|
clock_suspect=0
PMLE_LIVE_REPLAY_TIC|tic=3249|mle_ms=29.204|monotonic_ms=30|clock_delta_ms=.796|
clock_suspect=0
PMLE_LIVE_REPLAY_TIC|tic=3250|mle_ms=77.387|monotonic_ms=80|clock_delta_ms=2.613
|clock_suspect=0
PMLE_LIVE_REPLAY_TIC|tic=3251|mle_ms=109.519|monotonic_ms=110|clock_delta_ms=.48
1|clock_suspect=0
PMLE_LIVE_REPLAY_TIC|tic=3252|mle_ms=36.849|monotonic_ms=40|clock_delta_ms=3.151
|clock_suspect=0
PMLE_LIVE_REPLAY_TIC|tic=3253|mle_ms=80.241|monotonic_ms=80|clock_delta_ms=.241|
clock_suspect=0
PMLE_LIVE_REPLAY_TIC|tic=3254|mle_ms=81.484|monotonic_ms=80|clock_delta_ms=1.484
|clock_suspect=0
PMLE_LIVE_REPLAY_TIC|tic=3255|mle_ms=32.948|monotonic_ms=30|clock_delta_ms=2.948
|clock_suspect=0
PMLE_LIVE_REPLAY_TIC|tic=3256|mle_ms=73.792|monotonic_ms=80|clock_delta_ms=6.208
|clock_suspect=0
PMLE_LIVE_REPLAY_TIC|tic=3257|mle_ms=45.72|monotonic_ms=40|clock_delta_ms=5.72|c
lock_suspect=0
PMLE_LIVE_REPLAY_TIC|tic=3258|mle_ms=38.342|monotonic_ms=40|clock_delta_ms=1.658
|clock_suspect=0
PMLE_LIVE_REPLAY_TIC|tic=3259|mle_ms=74.504|monotonic_ms=70|clock_delta_ms=4.504
|clock_suspect=0
PMLE_LIVE_REPLAY_TIC|tic=3260|mle_ms=38.387|monotonic_ms=40|clock_delta_ms=1.613
|clock_suspect=0
PMLE_LIVE_REPLAY_TIC|tic=3261|mle_ms=70.966|monotonic_ms=70|clock_delta_ms=.966|
clock_suspect=0
PMLE_LIVE_REPLAY_TIC|tic=3262|mle_ms=79.404|monotonic_ms=80|clock_delta_ms=.596|
clock_suspect=0
PMLE_LIVE_REPLAY_TIC|tic=3263|mle_ms=62.564|monotonic_ms=70|clock_delta_ms=7.436
|clock_suspect=0
PMLE_LIVE_REPLAY_TIC|tic=3264|mle_ms=42.375|monotonic_ms=40|clock_delta_ms=2.375
|clock_suspect=0
PMLE_LIVE_REPLAY_TIC|tic=3265|mle_ms=74.153|monotonic_ms=70|clock_delta_ms=4.153
|clock_suspect=0
PMLE_LIVE_REPLAY_TIC|tic=3266|mle_ms=41.03|monotonic_ms=40|clock_delta_ms=1.03|c
lock_suspect=0
PMLE_LIVE_REPLAY_TIC|tic=3267|mle_ms=32.432|monotonic_ms=40|clock_delta_ms=7.568
|clock_suspect=0
PMLE_LIVE_REPLAY_TIC|tic=3268|mle_ms=89.548|monotonic_ms=90|clock_delta_ms=.452|
clock_suspect=0
PMLE_LIVE_REPLAY_TIC|tic=3269|mle_ms=37.422|monotonic_ms=30|clock_delta_ms=7.422
|clock_suspect=0
PMLE_LIVE_REPLAY_TIC|tic=3270|mle_ms=32.474|monotonic_ms=40|clock_delta_ms=7.526
|clock_suspect=0
PMLE_LIVE_REPLAY_TIC|tic=3271|mle_ms=110.421|monotonic_ms=110|clock_delta_ms=.42
1|clock_suspect=0
PMLE_LIVE_REPLAY_TIC|tic=3272|mle_ms=81.551|monotonic_ms=80|clock_delta_ms=1.551
|clock_suspect=0
PMLE_LIVE_REPLAY_TIC|tic=3273|mle_ms=34.702|monotonic_ms=30|clock_delta_ms=4.702
|clock_suspect=0
PMLE_LIVE_REPLAY_TIC|tic=3274|mle_ms=68.215|monotonic_ms=70|clock_delta_ms=1.785
|clock_suspect=0
PMLE_LIVE_REPLAY_TIC|tic=3275|mle_ms=31.806|monotonic_ms=30|clock_delta_ms=1.806
|clock_suspect=0
PMLE_LIVE_REPLAY_TIC|tic=3276|mle_ms=31.307|monotonic_ms=30|clock_delta_ms=1.307
|clock_suspect=0
PMLE_LIVE_REPLAY_TIC|tic=3277|mle_ms=63.59|monotonic_ms=70|clock_delta_ms=6.41|c
lock_suspect=0
PMLE_LIVE_REPLAY_TIC|tic=3278|mle_ms=17.279|monotonic_ms=20|clock_delta_ms=2.721
|clock_suspect=0
PMLE_LIVE_REPLAY_TIC|tic=3279|mle_ms=11.843|monotonic_ms=10|clock_delta_ms=1.843
|clock_suspect=0
PMLE_LIVE_REPLAY_TIC|tic=3280|mle_ms=51.293|monotonic_ms=50|clock_delta_ms=1.293
|clock_suspect=0
PMLE_LIVE_REPLAY_TIC|tic=3281|mle_ms=55.989|monotonic_ms=60|clock_delta_ms=4.011
|clock_suspect=0
PMLE_LIVE_REPLAY_TIC|tic=3282|mle_ms=12.48|monotonic_ms=10|clock_delta_ms=2.48|c
lock_suspect=0
PMLE_LIVE_REPLAY_TIC|tic=3283|mle_ms=71.332|monotonic_ms=70|clock_delta_ms=1.332
|clock_suspect=0
PMLE_LIVE_REPLAY_TIC|tic=3284|mle_ms=23.368|monotonic_ms=20|clock_delta_ms=3.368
|clock_suspect=0
PMLE_LIVE_REPLAY_TIC|tic=3285|mle_ms=13.082|monotonic_ms=20|clock_delta_ms=6.918
|clock_suspect=0
PMLE_LIVE_REPLAY_TIC|tic=3286|mle_ms=53.708|monotonic_ms=50|clock_delta_ms=3.708
|clock_suspect=0
PMLE_LIVE_REPLAY_TIC|tic=3287|mle_ms=15.371|monotonic_ms=10|clock_delta_ms=5.371
|clock_suspect=0
PMLE_LIVE_REPLAY_TIC|tic=3288|mle_ms=13.318|monotonic_ms=20|clock_delta_ms=6.682
|clock_suspect=0
PMLE_LIVE_REPLAY_TIC|tic=3289|mle_ms=60.349|monotonic_ms=60|clock_delta_ms=.349|
clock_suspect=0
PMLE_LIVE_REPLAY_TIC|tic=3290|mle_ms=16.236|monotonic_ms=10|clock_delta_ms=6.236
|clock_suspect=0
PMLE_LIVE_REPLAY_TIC|tic=3291|mle_ms=48.047|monotonic_ms=40|clock_delta_ms=8.047
|clock_suspect=0
PMLE_LIVE_REPLAY_TIC|tic=3292|mle_ms=46.527|monotonic_ms=50|clock_delta_ms=3.473
|clock_suspect=0
PMLE_LIVE_REPLAY_TIC|tic=3293|mle_ms=22.779|monotonic_ms=20|clock_delta_ms=2.779
|clock_suspect=0
PMLE_LIVE_REPLAY_TIC|tic=3294|mle_ms=12.267|monotonic_ms=10|clock_delta_ms=2.267
|clock_suspect=0
PMLE_LIVE_REPLAY_TIC|tic=3295|mle_ms=48.427|monotonic_ms=50|clock_delta_ms=1.573
|clock_suspect=0
PMLE_LIVE_REPLAY_TIC|tic=3296|mle_ms=14.198|monotonic_ms=20|clock_delta_ms=5.802
|clock_suspect=0
PMLE_LIVE_REPLAY_TIC|tic=3297|mle_ms=7.667|monotonic_ms=10|clock_delta_ms=2.333|
clock_suspect=0
PMLE_LIVE_REPLAY_TIC|tic=3298|mle_ms=46.329|monotonic_ms=40|clock_delta_ms=6.329
|clock_suspect=0
PMLE_LIVE_REPLAY_TIC|tic=3299|mle_ms=16|monotonic_ms=20|clock_delta_ms=4|clock_s
uspect=0
PMLE_LIVE_REPLAY_TIC|tic=3300|mle_ms=11.537|monotonic_ms=10|clock_delta_ms=1.537
|clock_suspect=0
PMLE_LIVE_REPLAY_TIC|tic=3301|mle_ms=92.458|monotonic_ms=90|clock_delta_ms=2.458
|clock_suspect=0
PMLE_LIVE_REPLAY_TIC|tic=3302|mle_ms=12.871|monotonic_ms=20|clock_delta_ms=7.129
|clock_suspect=0
PMLE_LIVE_REPLAY_TIC|tic=3303|mle_ms=18.386|monotonic_ms=20|clock_delta_ms=1.614
|clock_suspect=0
PMLE_LIVE_REPLAY_TIC|tic=3304|mle_ms=65.349|monotonic_ms=60|clock_delta_ms=5.349
|clock_suspect=0
PMLE_LIVE_REPLAY_TIC|tic=3305|mle_ms=12.094|monotonic_ms=10|clock_delta_ms=2.094
|clock_suspect=0
PMLE_LIVE_REPLAY_TIC|tic=3306|mle_ms=10.812|monotonic_ms=10|clock_delta_ms=.812|
clock_suspect=0
PMLE_LIVE_REPLAY_TIC|tic=3307|mle_ms=50.345|monotonic_ms=50|clock_delta_ms=.345|
clock_suspect=0
PMLE_LIVE_REPLAY_TIC|tic=3308|mle_ms=15.252|monotonic_ms=20|clock_delta_ms=4.748
|clock_suspect=0
PMLE_LIVE_REPLAY_TIC|tic=3309|mle_ms=9.743|monotonic_ms=10|clock_delta_ms=.257|c
lock_suspect=0
PMLE_LIVE_REPLAY_TIC|tic=3310|mle_ms=50.052|monotonic_ms=50|clock_delta_ms=.052|
clock_suspect=0
PMLE_LIVE_REPLAY_TIC|tic=3311|mle_ms=73.916|monotonic_ms=70|clock_delta_ms=3.916
|clock_suspect=0
PMLE_LIVE_REPLAY_TIC|tic=3312|mle_ms=11.766|monotonic_ms=20|clock_delta_ms=8.234
|clock_suspect=0
PMLE_LIVE_REPLAY_TIC|tic=3313|mle_ms=68.039|monotonic_ms=60|clock_delta_ms=8.039
|clock_suspect=0
PMLE_LIVE_REPLAY_TIC|tic=3314|mle_ms=44.33|monotonic_ms=50|clock_delta_ms=5.67|c
lock_suspect=0
PMLE_LIVE_REPLAY_TIC|tic=3315|mle_ms=10.578|monotonic_ms=10|clock_delta_ms=.578|
clock_suspect=0
PMLE_LIVE_REPLAY_TIC|tic=3316|mle_ms=73.904|monotonic_ms=70|clock_delta_ms=3.904
|clock_suspect=0
PMLE_LIVE_REPLAY_TIC|tic=3317|mle_ms=43.646|monotonic_ms=50|clock_delta_ms=6.354
|clock_suspect=0
PMLE_LIVE_REPLAY_TIC|tic=3318|mle_ms=10.107|monotonic_ms=10|clock_delta_ms=.107|
clock_suspect=0
PMLE_LIVE_REPLAY_TIC|tic=3319|mle_ms=44.763|monotonic_ms=40|clock_delta_ms=4.763
|clock_suspect=0
PMLE_LIVE_REPLAY_TIC|tic=3320|mle_ms=43.047|monotonic_ms=40|clock_delta_ms=3.047
|clock_suspect=0
PMLE_LIVE_REPLAY_TIC|tic=3321|mle_ms=46.878|monotonic_ms=50|clock_delta_ms=3.122
|clock_suspect=0
PMLE_LIVE_REPLAY_TIC|tic=3322|mle_ms=45.34|monotonic_ms=50|clock_delta_ms=4.66|c
lock_suspect=0
PMLE_LIVE_REPLAY_TIC|tic=3323|mle_ms=48.876|monotonic_ms=50|clock_delta_ms=1.124
|clock_suspect=0
PMLE_LIVE_REPLAY_TIC|tic=3324|mle_ms=10.589|monotonic_ms=10|clock_delta_ms=.589|
clock_suspect=0
PMLE_LIVE_REPLAY_TIC|tic=3325|mle_ms=53.382|monotonic_ms=50|clock_delta_ms=3.382
|clock_suspect=0
PMLE_LIVE_REPLAY_TIC|tic=3326|mle_ms=64.365|monotonic_ms=60|clock_delta_ms=4.365
|clock_suspect=0
PMLE_LIVE_REPLAY_TIC|tic=3327|mle_ms=9.279|monotonic_ms=10|clock_delta_ms=.721|c
lock_suspect=0
PMLE_LIVE_REPLAY_TIC|tic=3328|mle_ms=14.495|monotonic_ms=20|clock_delta_ms=5.505
|clock_suspect=0
PMLE_LIVE_REPLAY_TIC|tic=3329|mle_ms=43.839|monotonic_ms=40|clock_delta_ms=3.839
|clock_suspect=0
PMLE_LIVE_REPLAY_TIC|tic=3330|mle_ms=11.772|monotonic_ms=10|clock_delta_ms=1.772
|clock_suspect=0
PMLE_LIVE_REPLAY_TIC|tic=3331|mle_ms=55.492|monotonic_ms=60|clock_delta_ms=4.508
|clock_suspect=0
PMLE_LIVE_REPLAY_TIC|tic=3332|mle_ms=42.897|monotonic_ms=40|clock_delta_ms=2.897
|clock_suspect=0
PMLE_LIVE_REPLAY_TIC|tic=3333|mle_ms=20.328|monotonic_ms=20|clock_delta_ms=.328|
clock_suspect=0
PMLE_LIVE_REPLAY_TIC|tic=3334|mle_ms=17.405|monotonic_ms=20|clock_delta_ms=2.595
|clock_suspect=0
PMLE_LIVE_REPLAY_TIC|tic=3335|mle_ms=40.289|monotonic_ms=40|clock_delta_ms=.289|
clock_suspect=0
PMLE_LIVE_REPLAY_TIC|tic=3336|mle_ms=11.398|monotonic_ms=10|clock_delta_ms=1.398
|clock_suspect=0
PMLE_LIVE_REPLAY_TIC|tic=3337|mle_ms=13.958|monotonic_ms=20|clock_delta_ms=6.042
|clock_suspect=0
PMLE_LIVE_REPLAY_TIC|tic=3338|mle_ms=41.869|monotonic_ms=40|clock_delta_ms=1.869
|clock_suspect=0
PMLE_LIVE_REPLAY_TIC|tic=3339|mle_ms=8.024|monotonic_ms=10|clock_delta_ms=1.976|
clock_suspect=0
PMLE_LIVE_REPLAY_TIC|tic=3340|mle_ms=11.87|monotonic_ms=10|clock_delta_ms=1.87|c
lock_suspect=0
PMLE_LIVE_REPLAY_TIC|tic=3341|mle_ms=76.969|monotonic_ms=80|clock_delta_ms=3.031
|clock_suspect=0
PMLE_LIVE_REPLAY_TIC|tic=3342|mle_ms=9.814|monotonic_ms=10|clock_delta_ms=.186|c
lock_suspect=0
PMLE_LIVE_REPLAY_TIC|tic=3343|mle_ms=22.398|monotonic_ms=20|clock_delta_ms=2.398
|clock_suspect=0
PMLE_LIVE_REPLAY_TIC|tic=3344|mle_ms=44.847|monotonic_ms=40|clock_delta_ms=4.847
|clock_suspect=0
PMLE_LIVE_REPLAY_TIC|tic=3345|mle_ms=9.79|monotonic_ms=10|clock_delta_ms=.21|clo
ck_suspect=0
PMLE_LIVE_REPLAY_TIC|tic=3346|mle_ms=47.56|monotonic_ms=50|clock_delta_ms=2.44|c
lock_suspect=0
PMLE_LIVE_REPLAY_TIC|tic=3347|mle_ms=49.645|monotonic_ms=50|clock_delta_ms=.355|
clock_suspect=0
PMLE_LIVE_REPLAY_TIC|tic=3348|mle_ms=9.465|monotonic_ms=10|clock_delta_ms=.535|c
lock_suspect=0
PMLE_LIVE_REPLAY_TIC|tic=3349|mle_ms=45.179|monotonic_ms=40|clock_delta_ms=5.179
|clock_suspect=0
PMLE_LIVE_REPLAY_TIC|tic=3350|mle_ms=56.763|monotonic_ms=60|clock_delta_ms=3.237
|clock_suspect=0
PMLE_LIVE_REPLAY_TIC|tic=3351|mle_ms=43.418|monotonic_ms=50|clock_delta_ms=6.582
|clock_suspect=0
PMLE_LIVE_REPLAY_TIC|tic=3352|mle_ms=47.601|monotonic_ms=40|clock_delta_ms=7.601
|clock_suspect=0
PMLE_LIVE_REPLAY_TIC|tic=3353|mle_ms=68.453|monotonic_ms=70|clock_delta_ms=1.547
|clock_suspect=0
PMLE_LIVE_REPLAY_TIC|tic=3354|mle_ms=12.773|monotonic_ms=10|clock_delta_ms=2.773
|clock_suspect=0
PMLE_LIVE_REPLAY_TIC|tic=3355|mle_ms=55.456|monotonic_ms=60|clock_delta_ms=4.544
|clock_suspect=0
PMLE_LIVE_REPLAY_TIC|tic=3356|mle_ms=47.801|monotonic_ms=50|clock_delta_ms=2.199
|clock_suspect=0
PMLE_LIVE_REPLAY_TIC|tic=3357|mle_ms=9.304|monotonic_ms=10|clock_delta_ms=.696|c
lock_suspect=0
PMLE_LIVE_REPLAY_TIC|tic=3358|mle_ms=60.683|monotonic_ms=60|clock_delta_ms=.683|
clock_suspect=0
PMLE_LIVE_REPLAY_TIC|tic=3359|mle_ms=49.19|monotonic_ms=50|clock_delta_ms=.81|cl
ock_suspect=0
PMLE_LIVE_REPLAY_TIC|tic=3360|mle_ms=11.194|monotonic_ms=10|clock_delta_ms=1.194
|clock_suspect=0
PMLE_LIVE_REPLAY_TIC|tic=3361|mle_ms=108.789|monotonic_ms=110|clock_delta_ms=1.2
11|clock_suspect=0
PMLE_LIVE_REPLAY_TIC|tic=3362|mle_ms=45.521|monotonic_ms=40|clock_delta_ms=5.521
|clock_suspect=0
PMLE_LIVE_REPLAY_TIC|tic=3363|mle_ms=23.573|monotonic_ms=30|clock_delta_ms=6.427
|clock_suspect=0
PMLE_LIVE_REPLAY_TIC|tic=3364|mle_ms=81.279|monotonic_ms=80|clock_delta_ms=1.279
|clock_suspect=0
PMLE_LIVE_REPLAY_TIC|tic=3365|mle_ms=55.367|monotonic_ms=50|clock_delta_ms=5.367
|clock_suspect=0
PMLE_LIVE_REPLAY_TIC|tic=3366|mle_ms=13.365|monotonic_ms=20|clock_delta_ms=6.635
|clock_suspect=0
PMLE_LIVE_REPLAY_TIC|tic=3367|mle_ms=61.691|monotonic_ms=60|clock_delta_ms=1.691
|clock_suspect=0
PMLE_LIVE_REPLAY_TIC|tic=3368|mle_ms=41.907|monotonic_ms=40|clock_delta_ms=1.907
|clock_suspect=0
PMLE_LIVE_REPLAY_TIC|tic=3369|mle_ms=8.256|monotonic_ms=10|clock_delta_ms=1.744|
clock_suspect=0
PMLE_LIVE_REPLAY_TIC|tic=3370|mle_ms=48.532|monotonic_ms=50|clock_delta_ms=1.468
|clock_suspect=0
PMLE_LIVE_REPLAY_TIC|tic=3371|mle_ms=82.308|monotonic_ms=80|clock_delta_ms=2.308
|clock_suspect=0
PMLE_LIVE_REPLAY_TIC|tic=3372|mle_ms=10.916|monotonic_ms=10|clock_delta_ms=.916|
clock_suspect=0
PMLE_LIVE_REPLAY_TIC|tic=3373|mle_ms=76.359|monotonic_ms=80|clock_delta_ms=3.641
|clock_suspect=0
PMLE_LIVE_REPLAY_TIC|tic=3374|mle_ms=60.458|monotonic_ms=60|clock_delta_ms=.458|
clock_suspect=0
PMLE_LIVE_REPLAY_TIC|tic=3375|mle_ms=8.782|monotonic_ms=10|clock_delta_ms=1.218|
clock_suspect=0
PMLE_LIVE_REPLAY_TIC|tic=3376|mle_ms=48.721|monotonic_ms=50|clock_delta_ms=1.279
|clock_suspect=0
PMLE_LIVE_REPLAY_TIC|tic=3377|mle_ms=47.294|monotonic_ms=40|clock_delta_ms=7.294
|clock_suspect=0
PMLE_LIVE_REPLAY_TIC|tic=3378|mle_ms=10.807|monotonic_ms=10|clock_delta_ms=.807|
clock_suspect=0
PMLE_LIVE_REPLAY_TIC|tic=3379|mle_ms=56.328|monotonic_ms=60|clock_delta_ms=3.672
|clock_suspect=0
PMLE_LIVE_REPLAY_TIC|tic=3380|mle_ms=43.176|monotonic_ms=40|clock_delta_ms=3.176
|clock_suspect=0
PMLE_LIVE_REPLAY_TIC|tic=3381|mle_ms=46.408|monotonic_ms=50|clock_delta_ms=3.592
|clock_suspect=0
PMLE_LIVE_REPLAY_TIC|tic=3382|mle_ms=17.446|monotonic_ms=20|clock_delta_ms=2.554
|clock_suspect=0
PMLE_LIVE_REPLAY_TIC|tic=3383|mle_ms=47.972|monotonic_ms=50|clock_delta_ms=2.028
|clock_suspect=0
PMLE_LIVE_REPLAY_TIC|tic=3384|mle_ms=11.153|monotonic_ms=10|clock_delta_ms=1.153
|clock_suspect=0
PMLE_LIVE_REPLAY_TIC|tic=3385|mle_ms=21.164|monotonic_ms=20|clock_delta_ms=1.164
|clock_suspect=0
PMLE_LIVE_REPLAY_TIC|tic=3386|mle_ms=48.32|monotonic_ms=50|clock_delta_ms=1.68|c
lock_suspect=0
PMLE_LIVE_REPLAY_TIC|tic=3387|mle_ms=13.679|monotonic_ms=10|clock_delta_ms=3.679
|clock_suspect=0
PMLE_LIVE_REPLAY_TIC|tic=3388|mle_ms=19.467|monotonic_ms=20|clock_delta_ms=.533|
clock_suspect=0
PMLE_LIVE_REPLAY_TIC|tic=3389|mle_ms=56.121|monotonic_ms=60|clock_delta_ms=3.879
|clock_suspect=0
PMLE_LIVE_REPLAY_TIC|tic=3390|mle_ms=16.797|monotonic_ms=10|clock_delta_ms=6.797
|clock_suspect=0
PMLE_LIVE_REPLAY_TIC|tic=3391|mle_ms=57.916|monotonic_ms=60|clock_delta_ms=2.084
|clock_suspect=0
PMLE_LIVE_REPLAY_TIC|tic=3392|mle_ms=27.372|monotonic_ms=30|clock_delta_ms=2.628
|clock_suspect=0
PMLE_LIVE_REPLAY_TIC|tic=3393|mle_ms=26.413|monotonic_ms=20|clock_delta_ms=6.413
|clock_suspect=0
PMLE_LIVE_REPLAY_TIC|tic=3394|mle_ms=23.939|monotonic_ms=30|clock_delta_ms=6.061
|clock_suspect=0
PMLE_LIVE_REPLAY_TIC|tic=3395|mle_ms=21.578|monotonic_ms=20|clock_delta_ms=1.578
|clock_suspect=0
PMLE_LIVE_REPLAY_TIC|tic=3396|mle_ms=19.693|monotonic_ms=20|clock_delta_ms=.307|
clock_suspect=0
PMLE_LIVE_REPLAY_TIC|tic=3397|mle_ms=20.522|monotonic_ms=20|clock_delta_ms=.522|
clock_suspect=0
PMLE_LIVE_REPLAY_TIC|tic=3398|mle_ms=51.88|monotonic_ms=50|clock_delta_ms=1.88|c
lock_suspect=0
PMLE_LIVE_REPLAY_TIC|tic=3399|mle_ms=14.92|monotonic_ms=20|clock_delta_ms=5.08|c
lock_suspect=0
PMLE_LIVE_REPLAY_TIC|tic=3400|mle_ms=21.1|monotonic_ms=20|clock_delta_ms=1.1|clo
ck_suspect=0
PMLE_LIVE_REPLAY_TIC|tic=3401|mle_ms=83.714|monotonic_ms=80|clock_delta_ms=3.714
|clock_suspect=0
PMLE_LIVE_REPLAY_TIC|tic=3402|mle_ms=15.581|monotonic_ms=20|clock_delta_ms=4.419
|clock_suspect=0
PMLE_LIVE_REPLAY_TIC|tic=3403|mle_ms=29.026|monotonic_ms=30|clock_delta_ms=.974|
clock_suspect=0
PMLE_LIVE_REPLAY_TIC|tic=3404|mle_ms=53.285|monotonic_ms=50|clock_delta_ms=3.285
|clock_suspect=0
PMLE_LIVE_REPLAY_TIC|tic=3405|mle_ms=15.359|monotonic_ms=20|clock_delta_ms=4.641
|clock_suspect=0
PMLE_LIVE_REPLAY_TIC|tic=3406|mle_ms=59.557|monotonic_ms=50|clock_delta_ms=9.557
|clock_suspect=0
PMLE_LIVE_REPLAY_TIC|tic=3407|mle_ms=59.143|monotonic_ms=60|clock_delta_ms=.857|
clock_suspect=0
PMLE_LIVE_REPLAY_TIC|tic=3408|mle_ms=16.433|monotonic_ms=20|clock_delta_ms=3.567
|clock_suspect=0
PMLE_LIVE_REPLAY_TIC|tic=3409|mle_ms=57.017|monotonic_ms=60|clock_delta_ms=2.983
|clock_suspect=0
PMLE_LIVE_REPLAY_TIC|tic=3410|mle_ms=43.098|monotonic_ms=40|clock_delta_ms=3.098
|clock_suspect=0
PMLE_LIVE_REPLAY_TIC|tic=3411|mle_ms=47.347|monotonic_ms=50|clock_delta_ms=2.653
|clock_suspect=0
PMLE_LIVE_REPLAY_TIC|tic=3412|mle_ms=51.237|monotonic_ms=50|clock_delta_ms=1.237
|clock_suspect=0
PMLE_LIVE_REPLAY_TIC|tic=3413|mle_ms=62.563|monotonic_ms=60|clock_delta_ms=2.563
|clock_suspect=0
PMLE_LIVE_REPLAY_TIC|tic=3414|mle_ms=22.326|monotonic_ms=20|clock_delta_ms=2.326
|clock_suspect=0
PMLE_LIVE_REPLAY_TIC|tic=3415|mle_ms=55.884|monotonic_ms=60|clock_delta_ms=4.116
|clock_suspect=0
PMLE_LIVE_REPLAY_TIC|tic=3416|mle_ms=59.77|monotonic_ms=60|clock_delta_ms=.23|cl
ock_suspect=0
PMLE_LIVE_REPLAY_TIC|tic=3417|mle_ms=11.897|monotonic_ms=10|clock_delta_ms=1.897
|clock_suspect=0
PMLE_LIVE_REPLAY_TIC|tic=3418|mle_ms=64.571|monotonic_ms=70|clock_delta_ms=5.429
|clock_suspect=0
PMLE_LIVE_REPLAY_TIC|tic=3419|mle_ms=54.342|monotonic_ms=50|clock_delta_ms=4.342
|clock_suspect=0
PMLE_LIVE_REPLAY_TIC|tic=3420|mle_ms=12.345|monotonic_ms=10|clock_delta_ms=2.345
|clock_suspect=0
PMLE_LIVE_REPLAY_TIC|tic=3421|mle_ms=81.803|monotonic_ms=90|clock_delta_ms=8.197
|clock_suspect=0
PMLE_LIVE_REPLAY_TIC|tic=3422|mle_ms=46.424|monotonic_ms=40|clock_delta_ms=6.424
|clock_suspect=0
PMLE_LIVE_REPLAY_TIC|tic=3423|mle_ms=30.317|monotonic_ms=30|clock_delta_ms=.317|
clock_suspect=0
PMLE_LIVE_REPLAY_TIC|tic=3424|mle_ms=64.392|monotonic_ms=70|clock_delta_ms=5.608
|clock_suspect=0
PMLE_LIVE_REPLAY_TIC|tic=3425|mle_ms=46.87|monotonic_ms=40|clock_delta_ms=6.87|c
lock_suspect=0
PMLE_LIVE_REPLAY_TIC|tic=3426|mle_ms=32.994|monotonic_ms=40|clock_delta_ms=7.006
|clock_suspect=0
PMLE_LIVE_REPLAY_TIC|tic=3427|mle_ms=51.548|monotonic_ms=50|clock_delta_ms=1.548
|clock_suspect=0
PMLE_LIVE_REPLAY_TIC|tic=3428|mle_ms=84.344|monotonic_ms=80|clock_delta_ms=4.344
|clock_suspect=0
PMLE_LIVE_REPLAY_TIC|tic=3429|mle_ms=33.741|monotonic_ms=40|clock_delta_ms=6.259
|clock_suspect=0
PMLE_LIVE_REPLAY_TIC|tic=3430|mle_ms=69.811|monotonic_ms=70|clock_delta_ms=.189|
clock_suspect=0
PMLE_LIVE_REPLAY_TIC|tic=3431|mle_ms=70.326|monotonic_ms=70|clock_delta_ms=.326|
clock_suspect=0
PMLE_LIVE_REPLAY_TIC|tic=3432|mle_ms=30.482|monotonic_ms=30|clock_delta_ms=.482|
clock_suspect=0
PMLE_LIVE_REPLAY_TIC|tic=3433|mle_ms=84.4|monotonic_ms=80|clock_delta_ms=4.4|clo
ck_suspect=0
PMLE_LIVE_REPLAY_TIC|tic=3434|mle_ms=89.372|monotonic_ms=90|clock_delta_ms=.628|
clock_suspect=0
PMLE_LIVE_REPLAY_TIC|tic=3435|mle_ms=33.437|monotonic_ms=30|clock_delta_ms=3.437
|clock_suspect=0
PMLE_LIVE_REPLAY_TIC|tic=3436|mle_ms=102.965|monotonic_ms=110|clock_delta_ms=7.0
35|clock_suspect=0
PMLE_LIVE_REPLAY_TIC|tic=3437|mle_ms=65.468|monotonic_ms=60|clock_delta_ms=5.468
|clock_suspect=0
PMLE_LIVE_REPLAY_TIC|tic=3438|mle_ms=34.264|monotonic_ms=40|clock_delta_ms=5.736
|clock_suspect=0
PMLE_LIVE_REPLAY_TIC|tic=3439|mle_ms=80.693|monotonic_ms=80|clock_delta_ms=.693|
clock_suspect=0
PMLE_LIVE_REPLAY_TIC|tic=3440|mle_ms=69.996|monotonic_ms=70|clock_delta_ms=.004|
clock_suspect=0
PMLE_LIVE_REPLAY_TIC|tic=3441|mle_ms=38.339|monotonic_ms=40|clock_delta_ms=1.661
|clock_suspect=0
PMLE_LIVE_REPLAY_TIC|tic=3442|mle_ms=70.329|monotonic_ms=70|clock_delta_ms=.329|
clock_suspect=0
PMLE_LIVE_REPLAY_TIC|tic=3443|mle_ms=84.108|monotonic_ms=80|clock_delta_ms=4.108
|clock_suspect=0
PMLE_LIVE_REPLAY_TIC|tic=3444|mle_ms=40.748|monotonic_ms=40|clock_delta_ms=.748|
clock_suspect=0
PMLE_LIVE_REPLAY_TIC|tic=3445|mle_ms=70.761|monotonic_ms=70|clock_delta_ms=.761|
clock_suspect=0
PMLE_LIVE_REPLAY_TIC|tic=3446|mle_ms=80.414|monotonic_ms=80|clock_delta_ms=.414|
clock_suspect=0
PMLE_LIVE_REPLAY_TIC|tic=3447|mle_ms=25.937|monotonic_ms=30|clock_delta_ms=4.063
|clock_suspect=0
PMLE_LIVE_REPLAY_TIC|tic=3448|mle_ms=75.403|monotonic_ms=80|clock_delta_ms=4.597
|clock_suspect=0
PMLE_LIVE_REPLAY_TIC|tic=3449|mle_ms=73.839|monotonic_ms=70|clock_delta_ms=3.839
|clock_suspect=0
PMLE_LIVE_REPLAY_TIC|tic=3450|mle_ms=30.206|monotonic_ms=30|clock_delta_ms=.206|
clock_suspect=0
PMLE_LIVE_REPLAY_TIC|tic=3451|mle_ms=78.735|monotonic_ms=80|clock_delta_ms=1.265
|clock_suspect=0
PMLE_LIVE_REPLAY_TIC|tic=3452|mle_ms=78.766|monotonic_ms=80|clock_delta_ms=1.234
|clock_suspect=0
PMLE_LIVE_REPLAY_TIC|tic=3453|mle_ms=49.618|monotonic_ms=50|clock_delta_ms=.382|
clock_suspect=0
PMLE_LIVE_REPLAY_TIC|tic=3454|mle_ms=75.651|monotonic_ms=70|clock_delta_ms=5.651
|clock_suspect=0
PMLE_LIVE_REPLAY_TIC|tic=3455|mle_ms=70.088|monotonic_ms=70|clock_delta_ms=.088|
clock_suspect=0
PMLE_LIVE_REPLAY_TIC|tic=3456|mle_ms=45.893|monotonic_ms=50|clock_delta_ms=4.107
|clock_suspect=0
PMLE_LIVE_REPLAY_TIC|tic=3457|mle_ms=65.137|monotonic_ms=60|clock_delta_ms=5.137
|clock_suspect=0
PMLE_LIVE_REPLAY_TIC|tic=3458|mle_ms=62.968|monotonic_ms=70|clock_delta_ms=7.032
|clock_suspect=0
PMLE_LIVE_REPLAY_TIC|tic=3459|mle_ms=25.748|monotonic_ms=20|clock_delta_ms=5.748
|clock_suspect=0
PMLE_LIVE_REPLAY_TIC|tic=3460|mle_ms=262.536|monotonic_ms=270|clock_delta_ms=7.4
64|clock_suspect=0
PMLE_LIVE_REPLAY_TIC|tic=3461|mle_ms=86.309|monotonic_ms=80|clock_delta_ms=6.309
|clock_suspect=0
PMLE_LIVE_REPLAY_TIC|tic=3462|mle_ms=29.546|monotonic_ms=30|clock_delta_ms=.454|
clock_suspect=0
PMLE_LIVE_REPLAY_TIC|tic=3463|mle_ms=346.197|monotonic_ms=350|clock_delta_ms=3.8
03|clock_suspect=0
PMLE_LIVE_REPLAY_TIC|tic=3464|mle_ms=127.725|monotonic_ms=130|clock_delta_ms=2.2
75|clock_suspect=0
PMLE_LIVE_REPLAY_TIC|tic=3465|mle_ms=43.558|monotonic_ms=40|clock_delta_ms=3.558
|clock_suspect=0
PMLE_LIVE_REPLAY_TIC|tic=3466|mle_ms=295.878|monotonic_ms=300|clock_delta_ms=4.1
22|clock_suspect=0
PMLE_LIVE_REPLAY_TIC|tic=3467|mle_ms=73.672|monotonic_ms=70|clock_delta_ms=3.672
|clock_suspect=0
PMLE_LIVE_REPLAY_TIC|tic=3468|mle_ms=35.326|monotonic_ms=30|clock_delta_ms=5.326
|clock_suspect=0
PMLE_LIVE_REPLAY_TIC|tic=3469|mle_ms=266.919|monotonic_ms=270|clock_delta_ms=3.0
81|clock_suspect=0
PMLE_LIVE_REPLAY_TIC|tic=3470|mle_ms=98.735|monotonic_ms=100|clock_delta_ms=1.26
5|clock_suspect=0
PMLE_LIVE_REPLAY_TIC|tic=3471|mle_ms=49.358|monotonic_ms=50|clock_delta_ms=.642|
clock_suspect=0
PMLE_LIVE_REPLAY_TIC|tic=3472|mle_ms=264.977|monotonic_ms=260|clock_delta_ms=4.9
77|clock_suspect=0
PMLE_LIVE_REPLAY_TIC|tic=3473|mle_ms=117.822|monotonic_ms=120|clock_delta_ms=2.1
78|clock_suspect=0
PMLE_LIVE_REPLAY_TIC|tic=3474|mle_ms=56.74|monotonic_ms=60|clock_delta_ms=3.26|c
lock_suspect=0
PMLE_LIVE_REPLAY_TIC|tic=3475|mle_ms=272.828|monotonic_ms=270|clock_delta_ms=2.8
28|clock_suspect=0
PMLE_LIVE_REPLAY_TIC|tic=3476|mle_ms=131.043|monotonic_ms=130|clock_delta_ms=1.0
43|clock_suspect=0
PMLE_LIVE_REPLAY_TIC|tic=3477|mle_ms=50.899|monotonic_ms=50|clock_delta_ms=.899|
clock_suspect=0
PMLE_LIVE_REPLAY_TIC|tic=3478|mle_ms=92.362|monotonic_ms=100|clock_delta_ms=7.63
8|clock_suspect=0
PMLE_LIVE_REPLAY_TIC|tic=3479|mle_ms=88.79|monotonic_ms=90|clock_delta_ms=1.21|c
lock_suspect=0
PMLE_LIVE_REPLAY_TIC|tic=3480|mle_ms=49.4|monotonic_ms=50|clock_delta_ms=.6|cloc
k_suspect=0
PMLE_LIVE_REPLAY_TIC|tic=3481|mle_ms=102.202|monotonic_ms=100|clock_delta_ms=2.2
02|clock_suspect=0
PMLE_LIVE_REPLAY_TIC|tic=3482|mle_ms=89.152|monotonic_ms=90|clock_delta_ms=.848|
clock_suspect=0
PMLE_LIVE_REPLAY_TIC|tic=3483|mle_ms=79.047|monotonic_ms=80|clock_delta_ms=.953|
clock_suspect=0
PMLE_LIVE_REPLAY_TIC|tic=3484|mle_ms=108.219|monotonic_ms=100|clock_delta_ms=8.2
19|clock_suspect=0
PMLE_LIVE_REPLAY_TIC|tic=3485|mle_ms=88.631|monotonic_ms=90|clock_delta_ms=1.369
|clock_suspect=0
PMLE_LIVE_REPLAY_TIC|tic=3486|mle_ms=68.667|monotonic_ms=70|clock_delta_ms=1.333
|clock_suspect=0
PMLE_LIVE_REPLAY_TIC|tic=3487|mle_ms=72.378|monotonic_ms=70|clock_delta_ms=2.378
|clock_suspect=0
PMLE_LIVE_REPLAY_TIC|tic=3488|mle_ms=78.042|monotonic_ms=80|clock_delta_ms=1.958
|clock_suspect=0
PMLE_LIVE_REPLAY_TIC|tic=3489|mle_ms=41.214|monotonic_ms=40|clock_delta_ms=1.214
|clock_suspect=0
PMLE_LIVE_REPLAY_TIC|tic=3490|mle_ms=96.027|monotonic_ms=100|clock_delta_ms=3.97
3|clock_suspect=0
PMLE_LIVE_REPLAY_TIC|tic=3491|mle_ms=83.109|monotonic_ms=80|clock_delta_ms=3.109
|clock_suspect=0
PMLE_LIVE_REPLAY_TIC|tic=3492|mle_ms=42.202|monotonic_ms=50|clock_delta_ms=7.798
|clock_suspect=0
PMLE_LIVE_REPLAY_TIC|tic=3493|mle_ms=99.918|monotonic_ms=100|clock_delta_ms=.082
|clock_suspect=0
PMLE_LIVE_REPLAY_TIC|tic=3494|mle_ms=78.191|monotonic_ms=70|clock_delta_ms=8.191
|clock_suspect=0
PMLE_LIVE_REPLAY_TIC|tic=3495|mle_ms=31.361|monotonic_ms=30|clock_delta_ms=1.361
|clock_suspect=0
PMLE_LIVE_REPLAY_TIC|tic=3496|mle_ms=96.624|monotonic_ms=100|clock_delta_ms=3.37
6|clock_suspect=0
PMLE_LIVE_REPLAY_TIC|tic=3497|mle_ms=68.53|monotonic_ms=70|clock_delta_ms=1.47|c
lock_suspect=0
PMLE_LIVE_REPLAY_TIC|tic=3498|mle_ms=32.096|monotonic_ms=30|clock_delta_ms=2.096
|clock_suspect=0
PMLE_LIVE_REPLAY_TIC|tic=3499|mle_ms=73.356|monotonic_ms=80|clock_delta_ms=6.644
|clock_suspect=0
PMLE_LIVE_REPLAY_TIC|tic=3500|mle_ms=74.324|monotonic_ms=70|clock_delta_ms=4.324
|clock_suspect=0
PMLE_LIVE_REPLAY_TIC|tic=3501|mle_ms=53.671|monotonic_ms=60|clock_delta_ms=6.329
|clock_suspect=0
PMLE_LIVE_REPLAY_TIC|tic=3502|mle_ms=77.941|monotonic_ms=70|clock_delta_ms=7.941
|clock_suspect=0
PMLE_LIVE_REPLAY_TIC|tic=3503|mle_ms=106.18|monotonic_ms=110|clock_delta_ms=3.82
|clock_suspect=0
PMLE_LIVE_REPLAY_TIC|tic=3504|mle_ms=51.917|monotonic_ms=50|clock_delta_ms=1.917
|clock_suspect=0
PMLE_LIVE_REPLAY_TIC|tic=3505|mle_ms=93.965|monotonic_ms=100|clock_delta_ms=6.03
5|clock_suspect=0
PMLE_LIVE_REPLAY_TIC|tic=3506|mle_ms=93.998|monotonic_ms=90|clock_delta_ms=3.998
|clock_suspect=0
PMLE_LIVE_REPLAY_TIC|tic=3507|mle_ms=40.642|monotonic_ms=40|clock_delta_ms=.642|
clock_suspect=0
PMLE_LIVE_REPLAY_TIC|tic=3508|mle_ms=86.257|monotonic_ms=90|clock_delta_ms=3.743
|clock_suspect=0
PMLE_LIVE_REPLAY_TIC|tic=3509|mle_ms=79.171|monotonic_ms=80|clock_delta_ms=.829|
clock_suspect=0
PMLE_LIVE_REPLAY_TIC|tic=3510|mle_ms=46.141|monotonic_ms=40|clock_delta_ms=6.141
|clock_suspect=0
PMLE_LIVE_REPLAY_TIC|tic=3511|mle_ms=94.231|monotonic_ms=100|clock_delta_ms=5.76
9|clock_suspect=0
PMLE_LIVE_REPLAY_TIC|tic=3512|mle_ms=104.08|monotonic_ms=100|clock_delta_ms=4.08
|clock_suspect=0
PMLE_LIVE_REPLAY_TIC|tic=3513|mle_ms=67.937|monotonic_ms=70|clock_delta_ms=2.063
|clock_suspect=0
PMLE_LIVE_REPLAY_TIC|tic=3514|mle_ms=81.584|monotonic_ms=80|clock_delta_ms=1.584
|clock_suspect=0
PMLE_LIVE_REPLAY_TIC|tic=3515|mle_ms=67.761|monotonic_ms=70|clock_delta_ms=2.239
|clock_suspect=0
PMLE_LIVE_REPLAY_TIC|tic=3516|mle_ms=62.361|monotonic_ms=60|clock_delta_ms=2.361
|clock_suspect=0
PMLE_LIVE_REPLAY_TIC|tic=3517|mle_ms=69.459|monotonic_ms=70|clock_delta_ms=.541|
clock_suspect=0
PMLE_LIVE_REPLAY_TIC|tic=3518|mle_ms=83.335|monotonic_ms=80|clock_delta_ms=3.335
|clock_suspect=0
PMLE_LIVE_REPLAY_TIC|tic=3519|mle_ms=35.546|monotonic_ms=40|clock_delta_ms=4.454
|clock_suspect=0
PMLE_LIVE_REPLAY_TIC|tic=3520|mle_ms=60.611|monotonic_ms=60|clock_delta_ms=.611|
clock_suspect=0
PMLE_LIVE_REPLAY_TIC|tic=3521|mle_ms=73.591|monotonic_ms=70|clock_delta_ms=3.591
|clock_suspect=0
PMLE_LIVE_REPLAY_TIC|tic=3522|mle_ms=31.359|monotonic_ms=40|clock_delta_ms=8.641
|clock_suspect=0
PMLE_LIVE_REPLAY_TIC|tic=3523|mle_ms=92.428|monotonic_ms=90|clock_delta_ms=2.428
|clock_suspect=0
PMLE_LIVE_REPLAY_TIC|tic=3524|mle_ms=117.379|monotonic_ms=120|clock_delta_ms=2.6
21|clock_suspect=0
PMLE_LIVE_REPLAY_TIC|tic=3525|mle_ms=21.761|monotonic_ms=20|clock_delta_ms=1.761
|clock_suspect=0
PMLE_LIVE_REPLAY_TIC|tic=3526|mle_ms=90.009|monotonic_ms=90|clock_delta_ms=.009|
clock_suspect=0
PMLE_LIVE_REPLAY_TIC|tic=3527|mle_ms=59.191|monotonic_ms=60|clock_delta_ms=.809|
clock_suspect=0
PMLE_LIVE_REPLAY_TIC|tic=3528|mle_ms=17.995|monotonic_ms=20|clock_delta_ms=2.005
|clock_suspect=0
PMLE_LIVE_REPLAY_TIC|tic=3529|mle_ms=77.168|monotonic_ms=70|clock_delta_ms=7.168
|clock_suspect=0
PMLE_LIVE_REPLAY_TIC|tic=3530|mle_ms=42.88|monotonic_ms=50|clock_delta_ms=7.12|c
lock_suspect=0
PMLE_LIVE_REPLAY_TIC|tic=3531|mle_ms=22.49|monotonic_ms=20|clock_delta_ms=2.49|c
lock_suspect=0
PMLE_LIVE_REPLAY_TIC|tic=3532|mle_ms=47.983|monotonic_ms=50|clock_delta_ms=2.017
|clock_suspect=0
PMLE_LIVE_REPLAY_TIC|tic=3533|mle_ms=92.174|monotonic_ms=90|clock_delta_ms=2.174
|clock_suspect=0
PMLE_LIVE_REPLAY_TIC|tic=3534|mle_ms=30.725|monotonic_ms=30|clock_delta_ms=.725|
clock_suspect=0
PMLE_LIVE_REPLAY_TIC|tic=3535|mle_ms=73.424|monotonic_ms=70|clock_delta_ms=3.424
|clock_suspect=0
PMLE_LIVE_REPLAY_TIC|tic=3536|mle_ms=85.358|monotonic_ms=90|clock_delta_ms=4.642
|clock_suspect=0
PMLE_LIVE_REPLAY_TIC|tic=3537|mle_ms=10.225|monotonic_ms=10|clock_delta_ms=.225|
clock_suspect=0
PMLE_LIVE_REPLAY_TIC|tic=3538|mle_ms=51.416|monotonic_ms=50|clock_delta_ms=1.416
|clock_suspect=0
PMLE_LIVE_REPLAY_TIC|tic=3539|mle_ms=48.995|monotonic_ms=50|clock_delta_ms=1.005
|clock_suspect=0
PMLE_LIVE_REPLAY_TIC|tic=3540|mle_ms=11.369|monotonic_ms=10|clock_delta_ms=1.369
|clock_suspect=0
PMLE_LIVE_REPLAY_TIC|tic=3541|mle_ms=75.351|monotonic_ms=80|clock_delta_ms=4.649
|clock_suspect=0
PMLE_LIVE_REPLAY_TIC|tic=3542|mle_ms=50.196|monotonic_ms=50|clock_delta_ms=.196|
clock_suspect=0
PMLE_LIVE_REPLAY_TIC|tic=3543|mle_ms=31.189|monotonic_ms=30|clock_delta_ms=1.189
|clock_suspect=0
PMLE_LIVE_REPLAY_TIC|tic=3544|mle_ms=64.528|monotonic_ms=60|clock_delta_ms=4.528
|clock_suspect=0
PMLE_LIVE_REPLAY_TIC|tic=3545|mle_ms=46.884|monotonic_ms=50|clock_delta_ms=3.116
|clock_suspect=0
PMLE_LIVE_REPLAY_TIC|tic=3546|mle_ms=37.24|monotonic_ms=40|clock_delta_ms=2.76|c
lock_suspect=0
PMLE_LIVE_REPLAY_TIC|tic=3547|mle_ms=64.862|monotonic_ms=60|clock_delta_ms=4.862
|clock_suspect=0
PMLE_LIVE_REPLAY_TIC|tic=3548|mle_ms=49.193|monotonic_ms=50|clock_delta_ms=.807|
clock_suspect=0
PMLE_LIVE_REPLAY_TIC|tic=3549|mle_ms=13.579|monotonic_ms=10|clock_delta_ms=3.579
|clock_suspect=0
PMLE_LIVE_REPLAY_TIC|tic=3550|mle_ms=45.517|monotonic_ms=50|clock_delta_ms=4.483
|clock_suspect=0
PMLE_LIVE_REPLAY_TIC|tic=3551|mle_ms=59.943|monotonic_ms=60|clock_delta_ms=.057|
clock_suspect=0
PMLE_LIVE_REPLAY_TIC|tic=3552|mle_ms=11.877|monotonic_ms=10|clock_delta_ms=1.877
|clock_suspect=0
PMLE_LIVE_REPLAY_TIC|tic=3553|mle_ms=69.301|monotonic_ms=70|clock_delta_ms=.699|
clock_suspect=0
PMLE_LIVE_REPLAY_TIC|tic=3554|mle_ms=59.831|monotonic_ms=60|clock_delta_ms=.169|
clock_suspect=0
PMLE_LIVE_REPLAY_TIC|tic=3555|mle_ms=12.549|monotonic_ms=10|clock_delta_ms=2.549
|clock_suspect=0
PMLE_LIVE_REPLAY_TIC|tic=3556|mle_ms=63.462|monotonic_ms=70|clock_delta_ms=6.538
|clock_suspect=0
PMLE_LIVE_REPLAY_TIC|tic=3557|mle_ms=48.037|monotonic_ms=50|clock_delta_ms=1.963
|clock_suspect=0
PMLE_LIVE_REPLAY_TIC|tic=3558|mle_ms=11.002|monotonic_ms=10|clock_delta_ms=1.002
|clock_suspect=0
PMLE_LIVE_REPLAY_TIC|tic=3559|mle_ms=34.24|monotonic_ms=30|clock_delta_ms=4.24|c
lock_suspect=0
PMLE_LIVE_REPLAY_TIC|tic=3560|mle_ms=47.876|monotonic_ms=50|clock_delta_ms=2.124
|clock_suspect=0
PMLE_LIVE_REPLAY_TIC|tic=3561|mle_ms=26.902|monotonic_ms=30|clock_delta_ms=3.098
|clock_suspect=0
PMLE_LIVE_REPLAY_TIC|tic=3562|mle_ms=35.78|monotonic_ms=30|clock_delta_ms=5.78|c
lock_suspect=0
PMLE_LIVE_REPLAY_TIC|tic=3563|mle_ms=64.353|monotonic_ms=70|clock_delta_ms=5.647
|clock_suspect=0
PMLE_LIVE_REPLAY_TIC|tic=3564|mle_ms=19.264|monotonic_ms=20|clock_delta_ms=.736|
clock_suspect=0
PMLE_LIVE_REPLAY_TIC|tic=3565|mle_ms=37.357|monotonic_ms=30|clock_delta_ms=7.357
|clock_suspect=0
PMLE_LIVE_REPLAY_TIC|tic=3566|mle_ms=101.08|monotonic_ms=100|clock_delta_ms=1.08
|clock_suspect=0
PMLE_LIVE_REPLAY_TIC|tic=3567|mle_ms=12.087|monotonic_ms=20|clock_delta_ms=7.913
|clock_suspect=0
PMLE_LIVE_REPLAY_TIC|tic=3568|mle_ms=36.054|monotonic_ms=30|clock_delta_ms=6.054
|clock_suspect=0
PMLE_LIVE_REPLAY_TIC|tic=3569|mle_ms=44.463|monotonic_ms=50|clock_delta_ms=5.537
|clock_suspect=0
PMLE_LIVE_REPLAY_TIC|tic=3570|mle_ms=11.902|monotonic_ms=10|clock_delta_ms=1.902
|clock_suspect=0
PMLE_LIVE_REPLAY_TIC|tic=3571|mle_ms=48.939|monotonic_ms=50|clock_delta_ms=1.061
|clock_suspect=0
PMLE_LIVE_REPLAY_TIC|tic=3572|mle_ms=65.632|monotonic_ms=60|clock_delta_ms=5.632
|clock_suspect=0
PMLE_LIVE_REPLAY_TIC|tic=3573|mle_ms=36.395|monotonic_ms=40|clock_delta_ms=3.605
|clock_suspect=0
PMLE_LIVE_REPLAY_TIC|tic=3574|mle_ms=70.701|monotonic_ms=70|clock_delta_ms=.701|
clock_suspect=0
PMLE_LIVE_REPLAY_TIC|tic=3575|mle_ms=51.909|monotonic_ms=50|clock_delta_ms=1.909
|clock_suspect=0
PMLE_LIVE_REPLAY_TIC|tic=3576|mle_ms=36.114|monotonic_ms=40|clock_delta_ms=3.886
|clock_suspect=0
PMLE_LIVE_REPLAY_TIC|tic=3577|mle_ms=63.367|monotonic_ms=60|clock_delta_ms=3.367
|clock_suspect=0
PMLE_LIVE_REPLAY_TIC|tic=3578|mle_ms=48.225|monotonic_ms=50|clock_delta_ms=1.775
|clock_suspect=0
PMLE_LIVE_REPLAY_TIC|tic=3579|mle_ms=12.019|monotonic_ms=10|clock_delta_ms=2.019
|clock_suspect=0
PMLE_LIVE_REPLAY_TIC|tic=3580|mle_ms=30.839|monotonic_ms=30|clock_delta_ms=.839|
clock_suspect=0
PMLE_LIVE_REPLAY_TIC|tic=3581|mle_ms=49.922|monotonic_ms=50|clock_delta_ms=.078|
clock_suspect=0
PMLE_LIVE_REPLAY_TIC|tic=3582|mle_ms=10.331|monotonic_ms=10|clock_delta_ms=.331|
clock_suspect=0
PMLE_LIVE_REPLAY_TIC|tic=3583|mle_ms=52.402|monotonic_ms=60|clock_delta_ms=7.598
|clock_suspect=0
PMLE_LIVE_REPLAY_TIC|tic=3584|mle_ms=68.918|monotonic_ms=70|clock_delta_ms=1.082
|clock_suspect=0
PMLE_LIVE_REPLAY_TIC|tic=3585|mle_ms=9.871|monotonic_ms=10|clock_delta_ms=.129|c
lock_suspect=0
PMLE_LIVE_REPLAY_TIC|tic=3586|mle_ms=60.606|monotonic_ms=60|clock_delta_ms=.606|
clock_suspect=0
PMLE_LIVE_REPLAY_TIC|tic=3587|mle_ms=41.747|monotonic_ms=40|clock_delta_ms=1.747
|clock_suspect=0
PMLE_LIVE_REPLAY_TIC|tic=3588|mle_ms=8.928|monotonic_ms=10|clock_delta_ms=1.072|
clock_suspect=0
PMLE_LIVE_REPLAY_TIC|tic=3589|mle_ms=34.363|monotonic_ms=30|clock_delta_ms=4.363
|clock_suspect=0
PMLE_LIVE_REPLAY_TIC|tic=3590|mle_ms=55.968|monotonic_ms=60|clock_delta_ms=4.032
|clock_suspect=0
PMLE_LIVE_REPLAY_TIC|tic=3591|mle_ms=23.684|monotonic_ms=20|clock_delta_ms=3.684
|clock_suspect=0
PMLE_LIVE_REPLAY_TIC|tic=3592|mle_ms=38.21|monotonic_ms=40|clock_delta_ms=1.79|c
lock_suspect=0
PMLE_LIVE_REPLAY_TIC|tic=3593|mle_ms=68.891|monotonic_ms=70|clock_delta_ms=1.109
|clock_suspect=0
PMLE_LIVE_REPLAY_TIC|tic=3594|mle_ms=18.323|monotonic_ms=20|clock_delta_ms=1.677
|clock_suspect=0
PMLE_LIVE_REPLAY_TIC|tic=3595|mle_ms=37.099|monotonic_ms=30|clock_delta_ms=7.099
|clock_suspect=0
PMLE_LIVE_REPLAY_TIC|tic=3596|mle_ms=59.147|monotonic_ms=60|clock_delta_ms=.853|
clock_suspect=0
PMLE_LIVE_REPLAY_TIC|tic=3597|mle_ms=8.378|monotonic_ms=10|clock_delta_ms=1.622|
clock_suspect=0
PMLE_LIVE_REPLAY_TIC|tic=3598|mle_ms=54|monotonic_ms=60|clock_delta_ms=6|clock_s
uspect=0
PMLE_LIVE_REPLAY_TIC|tic=3599|mle_ms=41.426|monotonic_ms=40|clock_delta_ms=1.426
|clock_suspect=0
PMLE_LIVE_REPLAY_TIC|tic=3600|mle_ms=9.812|monotonic_ms=10|clock_delta_ms=.188|c
lock_suspect=0
PMLE_LIVE_REPLAY_TIC|tic=3601|mle_ms=47.84|monotonic_ms=50|clock_delta_ms=2.16|c
lock_suspect=0
PMLE_LIVE_REPLAY_TIC|tic=3602|mle_ms=55.808|monotonic_ms=50|clock_delta_ms=5.808
|clock_suspect=0
PMLE_LIVE_REPLAY_TIC|tic=3603|mle_ms=28.939|monotonic_ms=30|clock_delta_ms=1.061
|clock_suspect=0
PMLE_LIVE_REPLAY_TIC|tic=3604|mle_ms=80.635|monotonic_ms=80|clock_delta_ms=.635|
clock_suspect=0
PMLE_LIVE_REPLAY_TIC|tic=3605|mle_ms=52.526|monotonic_ms=50|clock_delta_ms=2.526
|clock_suspect=0
PMLE_LIVE_REPLAY_TIC|tic=3606|mle_ms=43.627|monotonic_ms=50|clock_delta_ms=6.373
|clock_suspect=0
PMLE_LIVE_REPLAY_TIC|tic=3607|mle_ms=38.175|monotonic_ms=40|clock_delta_ms=1.825
|clock_suspect=0
PMLE_LIVE_REPLAY_TIC|tic=3608|mle_ms=48.9|monotonic_ms=40|clock_delta_ms=8.9|clo
ck_suspect=0
PMLE_LIVE_REPLAY_TIC|tic=3609|mle_ms=11.793|monotonic_ms=20|clock_delta_ms=8.207
|clock_suspect=0
PMLE_LIVE_REPLAY_TIC|tic=3610|mle_ms=31.545|monotonic_ms=30|clock_delta_ms=1.545
|clock_suspect=0
PMLE_LIVE_REPLAY_TIC|tic=3611|mle_ms=67.266|monotonic_ms=70|clock_delta_ms=2.734
|clock_suspect=0
PMLE_LIVE_REPLAY_TIC|tic=3612|mle_ms=9.482|monotonic_ms=10|clock_delta_ms=.518|c
lock_suspect=0
PMLE_LIVE_REPLAY_TIC|tic=3613|mle_ms=48.528|monotonic_ms=40|clock_delta_ms=8.528
|clock_suspect=0
PMLE_LIVE_REPLAY_TIC|tic=3614|mle_ms=58.599|monotonic_ms=60|clock_delta_ms=1.401
|clock_suspect=0
PMLE_LIVE_REPLAY_TIC|tic=3615|mle_ms=10.026|monotonic_ms=10|clock_delta_ms=.026|
clock_suspect=0
PMLE_LIVE_REPLAY_TIC|tic=3616|mle_ms=61.574|monotonic_ms=60|clock_delta_ms=1.574
|clock_suspect=0
PMLE_LIVE_REPLAY_TIC|tic=3617|mle_ms=38.793|monotonic_ms=40|clock_delta_ms=1.207
|clock_suspect=0
PMLE_LIVE_REPLAY_TIC|tic=3618|mle_ms=9.286|monotonic_ms=10|clock_delta_ms=.714|c
lock_suspect=0
PMLE_LIVE_REPLAY_TIC|tic=3619|mle_ms=40.942|monotonic_ms=40|clock_delta_ms=.942|
clock_suspect=0
PMLE_LIVE_REPLAY_TIC|tic=3620|mle_ms=65.794|monotonic_ms=70|clock_delta_ms=4.206
|clock_suspect=0
PMLE_LIVE_REPLAY_TIC|tic=3621|mle_ms=23.222|monotonic_ms=20|clock_delta_ms=3.222
|clock_suspect=0
PMLE_LIVE_REPLAY_TIC|tic=3622|mle_ms=43.128|monotonic_ms=50|clock_delta_ms=6.872
|clock_suspect=0
PMLE_LIVE_REPLAY_TIC|tic=3623|mle_ms=63.414|monotonic_ms=60|clock_delta_ms=3.414
|clock_suspect=0
PMLE_LIVE_REPLAY_TIC|tic=3624|mle_ms=19.721|monotonic_ms=20|clock_delta_ms=.279|
clock_suspect=0
PMLE_LIVE_REPLAY_TIC|tic=3625|mle_ms=29.808|monotonic_ms=30|clock_delta_ms=.192|
clock_suspect=0
PMLE_LIVE_REPLAY_TIC|tic=3626|mle_ms=80.963|monotonic_ms=80|clock_delta_ms=.963|
clock_suspect=0
PMLE_LIVE_REPLAY_TIC|tic=3627|mle_ms=9.479|monotonic_ms=10|clock_delta_ms=.521|c
lock_suspect=0
PMLE_LIVE_REPLAY_TIC|tic=3628|mle_ms=66.33|monotonic_ms=70|clock_delta_ms=3.67|c
lock_suspect=0
PMLE_LIVE_REPLAY_TIC|tic=3629|mle_ms=59.259|monotonic_ms=60|clock_delta_ms=.741|
clock_suspect=0
PMLE_LIVE_REPLAY_TIC|tic=3630|mle_ms=11.779|monotonic_ms=10|clock_delta_ms=1.779
|clock_suspect=0
PMLE_LIVE_REPLAY_TIC|tic=3631|mle_ms=51.191|monotonic_ms=50|clock_delta_ms=1.191
|clock_suspect=0
PMLE_LIVE_REPLAY_TIC|tic=3632|mle_ms=52.429|monotonic_ms=50|clock_delta_ms=2.429
|clock_suspect=0
PMLE_LIVE_REPLAY_TIC|tic=3633|mle_ms=27.335|monotonic_ms=30|clock_delta_ms=2.665
|clock_suspect=0
PMLE_LIVE_REPLAY_TIC|tic=3634|mle_ms=42.583|monotonic_ms=40|clock_delta_ms=2.583
|clock_suspect=0
PMLE_LIVE_REPLAY_TIC|tic=3635|mle_ms=45.343|monotonic_ms=50|clock_delta_ms=4.657
|clock_suspect=0
PMLE_LIVE_REPLAY_TIC|tic=3636|mle_ms=30.944|monotonic_ms=30|clock_delta_ms=.944|
clock_suspect=0
PMLE_LIVE_REPLAY_TIC|tic=3637|mle_ms=28.989|monotonic_ms=30|clock_delta_ms=1.011
|clock_suspect=0
PMLE_LIVE_REPLAY_TIC|tic=3638|mle_ms=47.103|monotonic_ms=40|clock_delta_ms=7.103
|clock_suspect=0
PMLE_LIVE_REPLAY_TIC|tic=3639|mle_ms=12.685|monotonic_ms=20|clock_delta_ms=7.315
|clock_suspect=0
PMLE_LIVE_REPLAY_TIC|tic=3640|mle_ms=35.921|monotonic_ms=30|clock_delta_ms=5.921
|clock_suspect=0
PMLE_LIVE_REPLAY_TIC|tic=3641|mle_ms=59.495|monotonic_ms=60|clock_delta_ms=.505|
clock_suspect=0
PMLE_LIVE_REPLAY_TIC|tic=3642|mle_ms=9.664|monotonic_ms=10|clock_delta_ms=.336|c
lock_suspect=0
PMLE_LIVE_REPLAY_TIC|tic=3643|mle_ms=49.924|monotonic_ms=50|clock_delta_ms=.076|
clock_suspect=0
PMLE_LIVE_REPLAY_TIC|tic=3644|mle_ms=65.212|monotonic_ms=70|clock_delta_ms=4.788
|clock_suspect=0
PMLE_LIVE_REPLAY_TIC|tic=3645|mle_ms=9.105|monotonic_ms=10|clock_delta_ms=.895|c
lock_suspect=0
PMLE_LIVE_REPLAY_TIC|tic=3646|mle_ms=64.291|monotonic_ms=60|clock_delta_ms=4.291
|clock_suspect=0
PMLE_LIVE_REPLAY_TIC|tic=3647|mle_ms=53.833|monotonic_ms=50|clock_delta_ms=3.833
|clock_suspect=0
PMLE_LIVE_REPLAY_TIC|tic=3648|mle_ms=11.052|monotonic_ms=20|clock_delta_ms=8.948
|clock_suspect=0
PMLE_LIVE_REPLAY_TIC|tic=3649|mle_ms=49.888|monotonic_ms=50|clock_delta_ms=.112|
clock_suspect=0
PMLE_LIVE_REPLAY_TIC|tic=3650|mle_ms=52.754|monotonic_ms=50|clock_delta_ms=2.754
|clock_suspect=0
PMLE_LIVE_REPLAY_TIC|tic=3651|mle_ms=23.956|monotonic_ms=20|clock_delta_ms=3.956
|clock_suspect=0
PMLE_LIVE_REPLAY_TIC|tic=3652|mle_ms=64.17|monotonic_ms=70|clock_delta_ms=5.83|c
lock_suspect=0
PMLE_LIVE_REPLAY_TIC|tic=3653|mle_ms=77.667|monotonic_ms=70|clock_delta_ms=7.667
|clock_suspect=0
PMLE_LIVE_REPLAY_TIC|tic=3654|mle_ms=23.784|monotonic_ms=30|clock_delta_ms=6.216
|clock_suspect=0
PMLE_LIVE_REPLAY_TIC|tic=3655|mle_ms=54.122|monotonic_ms=50|clock_delta_ms=4.122
|clock_suspect=0
PMLE_LIVE_REPLAY_TIC|tic=3656|mle_ms=73.974|monotonic_ms=80|clock_delta_ms=6.026
|clock_suspect=0
PMLE_LIVE_REPLAY_TIC|tic=3657|mle_ms=7.556|monotonic_ms=0|clock_delta_ms=7.556|c
lock_suspect=0
PMLE_LIVE_REPLAY_TIC|tic=3658|mle_ms=52.435|monotonic_ms=60|clock_delta_ms=7.565
|clock_suspect=0
PMLE_LIVE_REPLAY_TIC|tic=3659|mle_ms=58.401|monotonic_ms=60|clock_delta_ms=1.599
|clock_suspect=0
PMLE_LIVE_REPLAY_TIC|tic=3660|mle_ms=8.602|monotonic_ms=0|clock_delta_ms=8.602|c
lock_suspect=0
PMLE_LIVE_REPLAY_TIC|tic=3661|mle_ms=58.26|monotonic_ms=60|clock_delta_ms=1.74|c
lock_suspect=0
PMLE_LIVE_REPLAY_TIC|tic=3662|mle_ms=55.808|monotonic_ms=60|clock_delta_ms=4.192
|clock_suspect=0
PMLE_LIVE_REPLAY_TIC|tic=3663|mle_ms=27.937|monotonic_ms=30|clock_delta_ms=2.063
|clock_suspect=0
PMLE_LIVE_REPLAY_TIC|tic=3664|mle_ms=61.956|monotonic_ms=60|clock_delta_ms=1.956
|clock_suspect=0
PMLE_LIVE_REPLAY_TIC|tic=3665|mle_ms=59.708|monotonic_ms=60|clock_delta_ms=.292|
clock_suspect=0
PMLE_LIVE_REPLAY_TIC|tic=3666|mle_ms=35.086|monotonic_ms=30|clock_delta_ms=5.086
|clock_suspect=0
PMLE_LIVE_REPLAY_TIC|tic=3667|mle_ms=36.383|monotonic_ms=40|clock_delta_ms=3.617
|clock_suspect=0
PMLE_LIVE_REPLAY_TIC|tic=3668|mle_ms=64.893|monotonic_ms=60|clock_delta_ms=4.893
|clock_suspect=0
PMLE_LIVE_REPLAY_TIC|tic=3669|mle_ms=11.102|monotonic_ms=20|clock_delta_ms=8.898
|clock_suspect=0
PMLE_LIVE_REPLAY_TIC|tic=3670|mle_ms=39.041|monotonic_ms=40|clock_delta_ms=.959|
clock_suspect=0
PMLE_LIVE_REPLAY_TIC|tic=3671|mle_ms=63.139|monotonic_ms=60|clock_delta_ms=3.139
|clock_suspect=0
PMLE_LIVE_REPLAY_TIC|tic=3672|mle_ms=9.788|monotonic_ms=10|clock_delta_ms=.212|c
lock_suspect=0
PMLE_LIVE_REPLAY_TIC|tic=3673|mle_ms=53.887|monotonic_ms=50|clock_delta_ms=3.887
|clock_suspect=0
PMLE_LIVE_REPLAY_TIC|tic=3674|mle_ms=63.122|monotonic_ms=70|clock_delta_ms=6.878
|clock_suspect=0
PMLE_LIVE_REPLAY_TIC|tic=3675|mle_ms=9.925|monotonic_ms=10|clock_delta_ms=.075|c
lock_suspect=0
PMLE_LIVE_REPLAY_TIC|tic=3676|mle_ms=56.806|monotonic_ms=50|clock_delta_ms=6.806
|clock_suspect=0
PMLE_LIVE_REPLAY_TIC|tic=3677|mle_ms=41.145|monotonic_ms=40|clock_delta_ms=1.145
|clock_suspect=0
PMLE_LIVE_REPLAY_TIC|tic=3678|mle_ms=8.233|monotonic_ms=10|clock_delta_ms=1.767|
clock_suspect=0
PMLE_LIVE_REPLAY_TIC|tic=3679|mle_ms=31.641|monotonic_ms=30|clock_delta_ms=1.641
|clock_suspect=0
PMLE_LIVE_REPLAY_TIC|tic=3680|mle_ms=47.164|monotonic_ms=50|clock_delta_ms=2.836
|clock_suspect=0
PMLE_LIVE_REPLAY_TIC|tic=3681|mle_ms=22.815|monotonic_ms=20|clock_delta_ms=2.815
|clock_suspect=0
PMLE_LIVE_REPLAY_TIC|tic=3682|mle_ms=48.198|monotonic_ms=50|clock_delta_ms=1.802
|clock_suspect=0
PMLE_LIVE_REPLAY_TIC|tic=3683|mle_ms=60.923|monotonic_ms=60|clock_delta_ms=.923|
clock_suspect=0
PMLE_LIVE_REPLAY_TIC|tic=3684|mle_ms=16.949|monotonic_ms=20|clock_delta_ms=3.051
|clock_suspect=0
PMLE_LIVE_REPLAY_TIC|tic=3685|mle_ms=29.465|monotonic_ms=30|clock_delta_ms=.535|
clock_suspect=0
PMLE_LIVE_REPLAY_TIC|tic=3686|mle_ms=72.611|monotonic_ms=70|clock_delta_ms=2.611
|clock_suspect=0
PMLE_LIVE_REPLAY_TIC|tic=3687|mle_ms=7.819|monotonic_ms=10|clock_delta_ms=2.181|
clock_suspect=0
PMLE_LIVE_REPLAY_TIC|tic=3688|mle_ms=29.335|monotonic_ms=30|clock_delta_ms=.665|
clock_suspect=0
PMLE_LIVE_REPLAY_TIC|tic=3689|mle_ms=57.043|monotonic_ms=60|clock_delta_ms=2.957
|clock_suspect=0
PMLE_LIVE_REPLAY_TIC|tic=3690|mle_ms=9.971|monotonic_ms=10|clock_delta_ms=.029|c
lock_suspect=0
PMLE_LIVE_REPLAY_TIC|tic=3691|mle_ms=47.761|monotonic_ms=40|clock_delta_ms=7.761
|clock_suspect=0
PMLE_LIVE_REPLAY_TIC|tic=3692|mle_ms=51.785|monotonic_ms=60|clock_delta_ms=8.215
|clock_suspect=0
PMLE_LIVE_REPLAY_TIC|tic=3693|mle_ms=24.552|monotonic_ms=20|clock_delta_ms=4.552
|clock_suspect=0
PMLE_LIVE_REPLAY_TIC|tic=3694|mle_ms=45.186|monotonic_ms=50|clock_delta_ms=4.814
|clock_suspect=0
PMLE_LIVE_REPLAY_TIC|tic=3695|mle_ms=47.552|monotonic_ms=40|clock_delta_ms=7.552
|clock_suspect=0
PMLE_LIVE_REPLAY_TIC|tic=3696|mle_ms=34.241|monotonic_ms=40|clock_delta_ms=5.759
|clock_suspect=0
PMLE_LIVE_REPLAY_TIC|tic=3697|mle_ms=37.198|monotonic_ms=40|clock_delta_ms=2.802
|clock_suspect=0
PMLE_LIVE_REPLAY_TIC|tic=3698|mle_ms=45.921|monotonic_ms=40|clock_delta_ms=5.921
|clock_suspect=0
PMLE_LIVE_REPLAY_TIC|tic=3699|mle_ms=9.239|monotonic_ms=10|clock_delta_ms=.761|c
lock_suspect=0
PMLE_LIVE_REPLAY_TIC|tic=3700|mle_ms=41.464|monotonic_ms=40|clock_delta_ms=1.464
|clock_suspect=0
PMLE_LIVE_REPLAY_TIC|tic=3701|mle_ms=62.667|monotonic_ms=60|clock_delta_ms=2.667
|clock_suspect=0
PMLE_LIVE_REPLAY_TIC|tic=3702|mle_ms=11.003|monotonic_ms=10|clock_delta_ms=1.003
|clock_suspect=0
PMLE_LIVE_REPLAY_TIC|tic=3703|mle_ms=50.018|monotonic_ms=50|clock_delta_ms=.018|
clock_suspect=0
PMLE_LIVE_REPLAY_TIC|tic=3704|mle_ms=67.375|monotonic_ms=70|clock_delta_ms=2.625
|clock_suspect=0
PMLE_LIVE_REPLAY_TIC|tic=3705|mle_ms=9.28|monotonic_ms=10|clock_delta_ms=.72|clo
ck_suspect=0
PMLE_LIVE_REPLAY_TIC|tic=3706|mle_ms=80.532|monotonic_ms=80|clock_delta_ms=.532|
clock_suspect=0
PMLE_LIVE_REPLAY_TIC|tic=3707|mle_ms=53.117|monotonic_ms=50|clock_delta_ms=3.117
|clock_suspect=0
PMLE_LIVE_REPLAY_TIC|tic=3708|mle_ms=10.89|monotonic_ms=10|clock_delta_ms=.89|cl
ock_suspect=0
PMLE_LIVE_REPLAY_TIC|tic=3709|mle_ms=56.816|monotonic_ms=60|clock_delta_ms=3.184
|clock_suspect=0
PMLE_LIVE_REPLAY_TIC|tic=3710|mle_ms=42.052|monotonic_ms=40|clock_delta_ms=2.052
|clock_suspect=0
PMLE_LIVE_REPLAY_TIC|tic=3711|mle_ms=22.91|monotonic_ms=20|clock_delta_ms=2.91|c
lock_suspect=0
PMLE_LIVE_REPLAY_TIC|tic=3712|mle_ms=58.604|monotonic_ms=60|clock_delta_ms=1.396
|clock_suspect=0
PMLE_LIVE_REPLAY_TIC|tic=3713|mle_ms=63.183|monotonic_ms=70|clock_delta_ms=6.817
|clock_suspect=0
PMLE_LIVE_REPLAY_TIC|tic=3714|mle_ms=17.441|monotonic_ms=10|clock_delta_ms=7.441
|clock_suspect=0
PMLE_LIVE_REPLAY_TIC|tic=3715|mle_ms=46.803|monotonic_ms=50|clock_delta_ms=3.197
|clock_suspect=0
PMLE_LIVE_REPLAY_TIC|tic=3716|mle_ms=75.969|monotonic_ms=80|clock_delta_ms=4.031
|clock_suspect=0
PMLE_LIVE_REPLAY_TIC|tic=3717|mle_ms=7.6|monotonic_ms=0|clock_delta_ms=7.6|clock
_suspect=0
PMLE_LIVE_REPLAY_TIC|tic=3718|mle_ms=76.361|monotonic_ms=80|clock_delta_ms=3.639
|clock_suspect=0
PMLE_LIVE_REPLAY_TIC|tic=3719|mle_ms=61.274|monotonic_ms=60|clock_delta_ms=1.274
|clock_suspect=0
PMLE_LIVE_REPLAY_TIC|tic=3720|mle_ms=10.305|monotonic_ms=10|clock_delta_ms=.305|
clock_suspect=0
PMLE_LIVE_REPLAY_TIC|tic=3721|mle_ms=65.046|monotonic_ms=70|clock_delta_ms=4.954
|clock_suspect=0
PMLE_LIVE_REPLAY_TIC|tic=3722|mle_ms=51.839|monotonic_ms=50|clock_delta_ms=1.839
|clock_suspect=0
PMLE_LIVE_REPLAY_TIC|tic=3723|mle_ms=28.132|monotonic_ms=30|clock_delta_ms=1.868
|clock_suspect=0
PMLE_LIVE_REPLAY_TIC|tic=3724|mle_ms=67.427|monotonic_ms=60|clock_delta_ms=7.427
|clock_suspect=0
PMLE_LIVE_REPLAY_TIC|tic=3725|mle_ms=45.211|monotonic_ms=50|clock_delta_ms=4.789
|clock_suspect=0
PMLE_LIVE_REPLAY_TIC|tic=3726|mle_ms=33.1|monotonic_ms=30|clock_delta_ms=3.1|clo
ck_suspect=0
PMLE_LIVE_REPLAY_TIC|tic=3727|mle_ms=49.352|monotonic_ms=50|clock_delta_ms=.648|
clock_suspect=0
PMLE_LIVE_REPLAY_TIC|tic=3728|mle_ms=42.211|monotonic_ms=40|clock_delta_ms=2.211
|clock_suspect=0
PMLE_LIVE_REPLAY_TIC|tic=3729|mle_ms=11.591|monotonic_ms=20|clock_delta_ms=8.409
|clock_suspect=0
PMLE_LIVE_REPLAY_TIC|tic=3730|mle_ms=50.276|monotonic_ms=50|clock_delta_ms=.276|
clock_suspect=0
PMLE_LIVE_REPLAY_TIC|tic=3731|mle_ms=71.74|monotonic_ms=70|clock_delta_ms=1.74|c
lock_suspect=0
PMLE_LIVE_REPLAY_TIC|tic=3732|mle_ms=9.152|monotonic_ms=10|clock_delta_ms=.848|c
lock_suspect=0
PMLE_LIVE_REPLAY_TIC|tic=3733|mle_ms=61.145|monotonic_ms=60|clock_delta_ms=1.145
|clock_suspect=0
PMLE_LIVE_REPLAY_TIC|tic=3734|mle_ms=62.429|monotonic_ms=60|clock_delta_ms=2.429
|clock_suspect=0
PMLE_LIVE_REPLAY_TIC|tic=3735|mle_ms=12.326|monotonic_ms=10|clock_delta_ms=2.326
|clock_suspect=0
PMLE_LIVE_REPLAY_TIC|tic=3736|mle_ms=67.134|monotonic_ms=70|clock_delta_ms=2.866
|clock_suspect=0
PMLE_LIVE_REPLAY_TIC|tic=3737|mle_ms=44.103|monotonic_ms=50|clock_delta_ms=5.897
|clock_suspect=0
PMLE_LIVE_REPLAY_TIC|tic=3738|mle_ms=9.398|monotonic_ms=0|clock_delta_ms=9.398|c
lock_suspect=0
PMLE_LIVE_REPLAY_TIC|tic=3739|mle_ms=59.449|monotonic_ms=60|clock_delta_ms=.551|
clock_suspect=0
PMLE_LIVE_REPLAY_TIC|tic=3740|mle_ms=44.986|monotonic_ms=50|clock_delta_ms=5.014
|clock_suspect=0
PMLE_LIVE_REPLAY_TIC|tic=3741|mle_ms=21.877|monotonic_ms=20|clock_delta_ms=1.877
|clock_suspect=0
PMLE_LIVE_REPLAY_TIC|tic=3742|mle_ms=35.398|monotonic_ms=40|clock_delta_ms=4.602
|clock_suspect=0
PMLE_LIVE_REPLAY_TIC|tic=3743|mle_ms=62.422|monotonic_ms=60|clock_delta_ms=2.422
|clock_suspect=0
PMLE_LIVE_REPLAY_TIC|tic=3744|mle_ms=18.727|monotonic_ms=20|clock_delta_ms=1.273
|clock_suspect=0
PMLE_LIVE_REPLAY_TIC|tic=3745|mle_ms=33.822|monotonic_ms=30|clock_delta_ms=3.822
|clock_suspect=0
PMLE_LIVE_REPLAY_TIC|tic=3746|mle_ms=61.393|monotonic_ms=60|clock_delta_ms=1.393
|clock_suspect=0
PMLE_LIVE_REPLAY_TIC|tic=3747|mle_ms=7.414|monotonic_ms=10|clock_delta_ms=2.586|
clock_suspect=0
PMLE_LIVE_REPLAY_TIC|tic=3748|mle_ms=35.435|monotonic_ms=40|clock_delta_ms=4.565
|clock_suspect=0
PMLE_LIVE_REPLAY_TIC|tic=3749|mle_ms=58.197|monotonic_ms=50|clock_delta_ms=8.197
|clock_suspect=0
PMLE_LIVE_REPLAY_TIC|tic=3750|mle_ms=9.672|monotonic_ms=10|clock_delta_ms=.328|c
lock_suspect=0
PMLE_LIVE_REPLAY_TIC|tic=3751|mle_ms=51.627|monotonic_ms=60|clock_delta_ms=8.373
|clock_suspect=0
PMLE_LIVE_REPLAY_TIC|tic=3752|mle_ms=41.943|monotonic_ms=40|clock_delta_ms=1.943
|clock_suspect=0
PMLE_LIVE_REPLAY_TIC|tic=3753|mle_ms=30.917|monotonic_ms=30|clock_delta_ms=.917|
clock_suspect=0
PMLE_LIVE_REPLAY_TIC|tic=3754|mle_ms=50.466|monotonic_ms=50|clock_delta_ms=.466|
clock_suspect=0
PMLE_LIVE_REPLAY_TIC|tic=3755|mle_ms=52.211|monotonic_ms=50|clock_delta_ms=2.211
|clock_suspect=0
PMLE_LIVE_REPLAY_TIC|tic=3756|mle_ms=37.012|monotonic_ms=40|clock_delta_ms=2.988
|clock_suspect=0
PMLE_LIVE_REPLAY_TIC|tic=3757|mle_ms=31.231|monotonic_ms=30|clock_delta_ms=1.231
|clock_suspect=0
PMLE_LIVE_REPLAY_TIC|tic=3758|mle_ms=44.112|monotonic_ms=40|clock_delta_ms=4.112
|clock_suspect=0
PMLE_LIVE_REPLAY_TIC|tic=3759|mle_ms=10.237|monotonic_ms=20|clock_delta_ms=9.763
|clock_suspect=0
PMLE_LIVE_REPLAY_TIC|tic=3760|mle_ms=37.252|monotonic_ms=30|clock_delta_ms=7.252
|clock_suspect=0
PMLE_LIVE_REPLAY_TIC|tic=3761|mle_ms=70.27|monotonic_ms=70|clock_delta_ms=.27|cl
ock_suspect=0
PMLE_LIVE_REPLAY_TIC|tic=3762|mle_ms=11.905|monotonic_ms=10|clock_delta_ms=1.905
|clock_suspect=0
PMLE_LIVE_REPLAY_TIC|tic=3763|mle_ms=70.972|monotonic_ms=80|clock_delta_ms=9.028
|clock_suspect=0
PMLE_LIVE_REPLAY_TIC|tic=3764|mle_ms=75.191|monotonic_ms=70|clock_delta_ms=5.191
|clock_suspect=0
PMLE_LIVE_REPLAY_TIC|tic=3765|mle_ms=11.323|monotonic_ms=10|clock_delta_ms=1.323
|clock_suspect=0
PMLE_LIVE_REPLAY_TIC|tic=3766|mle_ms=61.529|monotonic_ms=60|clock_delta_ms=1.529
|clock_suspect=0
PMLE_LIVE_REPLAY_TIC|tic=3767|mle_ms=45.95|monotonic_ms=50|clock_delta_ms=4.05|c
lock_suspect=0
PMLE_LIVE_REPLAY_TIC|tic=3768|mle_ms=9.938|monotonic_ms=10|clock_delta_ms=.062|c
lock_suspect=0
PMLE_LIVE_REPLAY_TIC|tic=3769|mle_ms=33.44|monotonic_ms=30|clock_delta_ms=3.44|c
lock_suspect=0
PMLE_LIVE_REPLAY_TIC|tic=3770|mle_ms=42.02|monotonic_ms=50|clock_delta_ms=7.98|c
lock_suspect=0
PMLE_LIVE_REPLAY_TIC|tic=3771|mle_ms=21.54|monotonic_ms=20|clock_delta_ms=1.54|c
lock_suspect=0
PMLE_LIVE_REPLAY_TIC|tic=3772|mle_ms=34.558|monotonic_ms=30|clock_delta_ms=4.558
|clock_suspect=0
PMLE_LIVE_REPLAY_TIC|tic=3773|mle_ms=65.216|monotonic_ms=70|clock_delta_ms=4.784
|clock_suspect=0
PMLE_LIVE_REPLAY_TIC|tic=3774|mle_ms=20.632|monotonic_ms=20|clock_delta_ms=.632|
clock_suspect=0
PMLE_LIVE_REPLAY_TIC|tic=3775|mle_ms=32.149|monotonic_ms=30|clock_delta_ms=2.149
|clock_suspect=0
PMLE_LIVE_REPLAY_TIC|tic=3776|mle_ms=75.914|monotonic_ms=80|clock_delta_ms=4.086
|clock_suspect=0
PMLE_LIVE_REPLAY_TIC|tic=3777|mle_ms=9.516|monotonic_ms=10|clock_delta_ms=.484|c
lock_suspect=0
PMLE_LIVE_REPLAY_TIC|tic=3778|mle_ms=37.578|monotonic_ms=30|clock_delta_ms=7.578
|clock_suspect=0
PMLE_LIVE_REPLAY_TIC|tic=3779|mle_ms=60.002|monotonic_ms=60|clock_delta_ms=.002|
clock_suspect=0
PMLE_LIVE_REPLAY_TIC|tic=3780|mle_ms=11.66|monotonic_ms=20|clock_delta_ms=8.34|c
lock_suspect=0
PMLE_LIVE_REPLAY_TIC|tic=3781|mle_ms=69.859|monotonic_ms=70|clock_delta_ms=.141|
clock_suspect=0
PMLE_LIVE_REPLAY_TIC|tic=3782|mle_ms=73.003|monotonic_ms=70|clock_delta_ms=3.003
|clock_suspect=0
PMLE_LIVE_REPLAY_TIC|tic=3783|mle_ms=32.938|monotonic_ms=30|clock_delta_ms=2.938
|clock_suspect=0
PMLE_LIVE_REPLAY_TIC|tic=3784|mle_ms=56.19|monotonic_ms=60|clock_delta_ms=3.81|c
lock_suspect=0
PMLE_LIVE_REPLAY_TIC|tic=3785|mle_ms=53.299|monotonic_ms=50|clock_delta_ms=3.299
|clock_suspect=0
PMLE_LIVE_REPLAY_TIC|tic=3786|mle_ms=36.394|monotonic_ms=40|clock_delta_ms=3.606
|clock_suspect=0
PMLE_LIVE_REPLAY_TIC|tic=3787|mle_ms=29.535|monotonic_ms=30|clock_delta_ms=.465|
clock_suspect=0
PMLE_LIVE_REPLAY_TIC|tic=3788|mle_ms=41.6|monotonic_ms=40|clock_delta_ms=1.6|clo
ck_suspect=0
PMLE_LIVE_REPLAY_TIC|tic=3789|mle_ms=9.812|monotonic_ms=10|clock_delta_ms=.188|c
lock_suspect=0
PMLE_LIVE_REPLAY_TIC|tic=3790|mle_ms=28.733|monotonic_ms=30|clock_delta_ms=1.267
|clock_suspect=0
PMLE_LIVE_REPLAY_TIC|tic=3791|mle_ms=63.213|monotonic_ms=60|clock_delta_ms=3.213
|clock_suspect=0
PMLE_LIVE_REPLAY_TIC|tic=3792|mle_ms=11.847|monotonic_ms=10|clock_delta_ms=1.847
|clock_suspect=0
PMLE_LIVE_REPLAY_TIC|tic=3793|mle_ms=50.961|monotonic_ms=50|clock_delta_ms=.961|
clock_suspect=0
PMLE_LIVE_REPLAY_TIC|tic=3794|mle_ms=57.878|monotonic_ms=60|clock_delta_ms=2.122
|clock_suspect=0
PMLE_LIVE_REPLAY_TIC|tic=3795|mle_ms=8.053|monotonic_ms=10|clock_delta_ms=1.947|
clock_suspect=0
PMLE_LIVE_REPLAY_TIC|tic=3796|mle_ms=55.067|monotonic_ms=60|clock_delta_ms=4.933
|clock_suspect=0
PMLE_LIVE_REPLAY_TIC|tic=3797|mle_ms=55.596|monotonic_ms=50|clock_delta_ms=5.596
|clock_suspect=0
PMLE_LIVE_REPLAY_TIC|tic=3798|mle_ms=10.515|monotonic_ms=10|clock_delta_ms=.515|
clock_suspect=0
PMLE_LIVE_REPLAY_TIC|tic=3799|mle_ms=39.982|monotonic_ms=40|clock_delta_ms=.018|
clock_suspect=0
PMLE_LIVE_REPLAY_TIC|tic=3800|mle_ms=48.941|monotonic_ms=50|clock_delta_ms=1.059
|clock_suspect=0
PMLE_LIVE_REPLAY_TIC|tic=3801|mle_ms=19.768|monotonic_ms=20|clock_delta_ms=.232|
clock_suspect=0
PMLE_LIVE_REPLAY_TIC|tic=3802|mle_ms=31.776|monotonic_ms=30|clock_delta_ms=1.776
|clock_suspect=0
PMLE_LIVE_REPLAY_TIC|tic=3803|mle_ms=62.6|monotonic_ms=60|clock_delta_ms=2.6|clo
ck_suspect=0
PMLE_LIVE_REPLAY_TIC|tic=3804|mle_ms=20.537|monotonic_ms=20|clock_delta_ms=.537|
clock_suspect=0
PMLE_LIVE_REPLAY_TIC|tic=3805|mle_ms=36.634|monotonic_ms=40|clock_delta_ms=3.366
|clock_suspect=0
PMLE_LIVE_REPLAY_TIC|tic=3806|mle_ms=70.221|monotonic_ms=70|clock_delta_ms=.221|
clock_suspect=0
PMLE_LIVE_REPLAY_TIC|tic=3807|mle_ms=7.697|monotonic_ms=10|clock_delta_ms=2.303|
clock_suspect=0
PMLE_LIVE_REPLAY_TIC|tic=3808|mle_ms=32.091|monotonic_ms=30|clock_delta_ms=2.091
|clock_suspect=0
PMLE_LIVE_REPLAY_TIC|tic=3809|mle_ms=48.913|monotonic_ms=50|clock_delta_ms=1.087
|clock_suspect=0
PMLE_LIVE_REPLAY_TIC|tic=3810|mle_ms=15.141|monotonic_ms=20|clock_delta_ms=4.859
|clock_suspect=0
PMLE_LIVE_REPLAY_TIC|tic=3811|mle_ms=53.621|monotonic_ms=50|clock_delta_ms=3.621
|clock_suspect=0
PMLE_LIVE_REPLAY_TIC|tic=3812|mle_ms=48.029|monotonic_ms=50|clock_delta_ms=1.971
|clock_suspect=0
PMLE_LIVE_REPLAY_TIC|tic=3813|mle_ms=22.671|monotonic_ms=20|clock_delta_ms=2.671
|clock_suspect=0
PMLE_LIVE_REPLAY_TIC|tic=3814|mle_ms=61.289|monotonic_ms=60|clock_delta_ms=1.289
|clock_suspect=0
PMLE_LIVE_REPLAY_TIC|tic=3815|mle_ms=30.786|monotonic_ms=30|clock_delta_ms=.786|
clock_suspect=0
PMLE_LIVE_REPLAY_TIC|tic=3816|mle_ms=33.187|monotonic_ms=40|clock_delta_ms=6.813
|clock_suspect=0
PMLE_LIVE_REPLAY_TIC|tic=3817|mle_ms=32.727|monotonic_ms=30|clock_delta_ms=2.727
|clock_suspect=0
PMLE_LIVE_REPLAY_TIC|tic=3818|mle_ms=30.358|monotonic_ms=30|clock_delta_ms=.358|
clock_suspect=0
PMLE_LIVE_REPLAY_TIC|tic=3819|mle_ms=10.049|monotonic_ms=10|clock_delta_ms=.049|
clock_suspect=0
PMLE_LIVE_REPLAY_TIC|tic=3820|mle_ms=32.737|monotonic_ms=30|clock_delta_ms=2.737
|clock_suspect=0
PMLE_LIVE_REPLAY_TIC|tic=3821|mle_ms=59.04|monotonic_ms=60|clock_delta_ms=.96|cl
ock_suspect=0
PMLE_LIVE_REPLAY_TIC|tic=3822|mle_ms=9.632|monotonic_ms=10|clock_delta_ms=.368|c
lock_suspect=0
PMLE_LIVE_REPLAY_TIC|tic=3823|mle_ms=51.657|monotonic_ms=50|clock_delta_ms=1.657
|clock_suspect=0
PMLE_LIVE_REPLAY_TIC|tic=3824|mle_ms=55.989|monotonic_ms=60|clock_delta_ms=4.011
|clock_suspect=0
PMLE_LIVE_REPLAY_TIC|tic=3825|mle_ms=10.895|monotonic_ms=10|clock_delta_ms=.895|
clock_suspect=0
PMLE_LIVE_REPLAY_TIC|tic=3826|mle_ms=59.134|monotonic_ms=60|clock_delta_ms=.866|
clock_suspect=0
PMLE_LIVE_REPLAY_TIC|tic=3827|mle_ms=27.554|monotonic_ms=30|clock_delta_ms=2.446
|clock_suspect=0
PMLE_LIVE_REPLAY_TIC|tic=3828|mle_ms=8.941|monotonic_ms=10|clock_delta_ms=1.059|
clock_suspect=0
PMLE_LIVE_REPLAY_TIC|tic=3829|mle_ms=37.733|monotonic_ms=30|clock_delta_ms=7.733
|clock_suspect=0
PMLE_LIVE_REPLAY_TIC|tic=3830|mle_ms=8.647|monotonic_ms=10|clock_delta_ms=1.353|
clock_suspect=0
PMLE_LIVE_REPLAY_TIC|tic=3831|mle_ms=19.15|monotonic_ms=20|clock_delta_ms=.85|cl
ock_suspect=0
PMLE_LIVE_REPLAY_TIC|tic=3832|mle_ms=32.426|monotonic_ms=30|clock_delta_ms=2.426
|clock_suspect=0
PMLE_LIVE_REPLAY_TIC|tic=3833|mle_ms=25.449|monotonic_ms=30|clock_delta_ms=4.551
|clock_suspect=0
PMLE_LIVE_REPLAY_TIC|tic=3834|mle_ms=19.561|monotonic_ms=20|clock_delta_ms=.439|
clock_suspect=0
PMLE_LIVE_REPLAY_TIC|tic=3835|mle_ms=32.305|monotonic_ms=30|clock_delta_ms=2.305
|clock_suspect=0
PMLE_LIVE_REPLAY_TIC|tic=3836|mle_ms=40.423|monotonic_ms=40|clock_delta_ms=.423|
clock_suspect=0
PMLE_LIVE_REPLAY_TIC|tic=3837|mle_ms=9.385|monotonic_ms=10|clock_delta_ms=.615|c
lock_suspect=0
PMLE_LIVE_REPLAY_TIC|tic=3838|mle_ms=37.767|monotonic_ms=40|clock_delta_ms=2.233
|clock_suspect=0
PMLE_LIVE_REPLAY_TIC|tic=3839|mle_ms=11.843|monotonic_ms=10|clock_delta_ms=1.843
|clock_suspect=0
PMLE_LIVE_REPLAY_TIC|tic=3840|mle_ms=10.642|monotonic_ms=10|clock_delta_ms=.642|
clock_suspect=0
PMLE_LIVE_REPLAY_TIC|tic=3841|mle_ms=45.483|monotonic_ms=50|clock_delta_ms=4.517
|clock_suspect=0
PMLE_LIVE_REPLAY_TIC|tic=3842|mle_ms=11.736|monotonic_ms=10|clock_delta_ms=1.736
|clock_suspect=0
PMLE_LIVE_REPLAY_TIC|tic=3843|mle_ms=35.868|monotonic_ms=40|clock_delta_ms=4.132
|clock_suspect=0
PMLE_LIVE_REPLAY_TIC|tic=3844|mle_ms=48.482|monotonic_ms=40|clock_delta_ms=8.482
|clock_suspect=0
PMLE_LIVE_REPLAY_TIC|tic=3845|mle_ms=14.18|monotonic_ms=20|clock_delta_ms=5.82|c
lock_suspect=0
PMLE_LIVE_REPLAY_TIC|tic=3846|mle_ms=40.236|monotonic_ms=40|clock_delta_ms=.236|
clock_suspect=0
PMLE_LIVE_REPLAY_TIC|tic=3847|mle_ms=39.197|monotonic_ms=40|clock_delta_ms=.803|
clock_suspect=0
PMLE_LIVE_REPLAY_TIC|tic=3848|mle_ms=12.959|monotonic_ms=10|clock_delta_ms=2.959
|clock_suspect=0
PMLE_LIVE_REPLAY_TIC|tic=3849|mle_ms=18.983|monotonic_ms=20|clock_delta_ms=1.017
|clock_suspect=0
PMLE_LIVE_REPLAY_TIC|tic=3850|mle_ms=41.857|monotonic_ms=40|clock_delta_ms=1.857
|clock_suspect=0
PMLE_LIVE_REPLAY_TIC|tic=3851|mle_ms=27.597|monotonic_ms=30|clock_delta_ms=2.403
|clock_suspect=0
PMLE_LIVE_REPLAY_TIC|tic=3852|mle_ms=41.906|monotonic_ms=40|clock_delta_ms=1.906
|clock_suspect=0
PMLE_LIVE_REPLAY_TIC|tic=3853|mle_ms=49.446|monotonic_ms=50|clock_delta_ms=.554|
clock_suspect=0
PMLE_LIVE_REPLAY_TIC|tic=3854|mle_ms=21.973|monotonic_ms=20|clock_delta_ms=1.973
|clock_suspect=0
PMLE_LIVE_REPLAY_TIC|tic=3855|mle_ms=36.121|monotonic_ms=40|clock_delta_ms=3.879
|clock_suspect=0
PMLE_LIVE_REPLAY_TIC|tic=3856|mle_ms=58.219|monotonic_ms=60|clock_delta_ms=1.781
|clock_suspect=0
PMLE_LIVE_REPLAY_TIC|tic=3857|mle_ms=12.012|monotonic_ms=10|clock_delta_ms=2.012
|clock_suspect=0
PMLE_LIVE_REPLAY_TIC|tic=3858|mle_ms=73.609|monotonic_ms=70|clock_delta_ms=3.609
|clock_suspect=0
PMLE_LIVE_REPLAY_TIC|tic=3859|mle_ms=51.525|monotonic_ms=50|clock_delta_ms=1.525
|clock_suspect=0
PMLE_LIVE_REPLAY_TIC|tic=3860|mle_ms=10.185|monotonic_ms=20|clock_delta_ms=9.815
|clock_suspect=0
PMLE_LIVE_REPLAY_TIC|tic=3861|mle_ms=44.289|monotonic_ms=40|clock_delta_ms=4.289
|clock_suspect=0
PMLE_LIVE_REPLAY_TIC|tic=3862|mle_ms=32.146|monotonic_ms=30|clock_delta_ms=2.146
|clock_suspect=0
PMLE_LIVE_REPLAY_TIC|tic=3863|mle_ms=28.311|monotonic_ms=30|clock_delta_ms=1.689
|clock_suspect=0
PMLE_LIVE_REPLAY_TIC|tic=3864|mle_ms=73.407|monotonic_ms=70|clock_delta_ms=3.407
|clock_suspect=0
PMLE_LIVE_REPLAY_TIC|tic=3865|mle_ms=37.336|monotonic_ms=40|clock_delta_ms=2.664
|clock_suspect=0
PMLE_LIVE_REPLAY_TIC|tic=3866|mle_ms=37.639|monotonic_ms=40|clock_delta_ms=2.361
|clock_suspect=0
PMLE_LIVE_REPLAY_TIC|tic=3867|mle_ms=30.735|monotonic_ms=30|clock_delta_ms=.735|
clock_suspect=0
PMLE_LIVE_REPLAY_TIC|tic=3868|mle_ms=31.986|monotonic_ms=30|clock_delta_ms=1.986
|clock_suspect=0
PMLE_LIVE_REPLAY_TIC|tic=3869|mle_ms=13.434|monotonic_ms=20|clock_delta_ms=6.566
|clock_suspect=0
PMLE_LIVE_REPLAY_TIC|tic=3870|mle_ms=40.194|monotonic_ms=40|clock_delta_ms=.194|
clock_suspect=0
PMLE_LIVE_REPLAY_TIC|tic=3871|mle_ms=51.734|monotonic_ms=50|clock_delta_ms=1.734
|clock_suspect=0
PMLE_LIVE_REPLAY_TIC|tic=3872|mle_ms=13.821|monotonic_ms=10|clock_delta_ms=3.821
|clock_suspect=0
PMLE_LIVE_REPLAY_TIC|tic=3873|mle_ms=52.771|monotonic_ms=50|clock_delta_ms=2.771
|clock_suspect=0
PMLE_LIVE_REPLAY_TIC|tic=3874|mle_ms=43.645|monotonic_ms=50|clock_delta_ms=6.355
|clock_suspect=0
PMLE_LIVE_REPLAY_TIC|tic=3875|mle_ms=12.195|monotonic_ms=10|clock_delta_ms=2.195
|clock_suspect=0
PMLE_LIVE_REPLAY_TIC|tic=3876|mle_ms=-105.037|monotonic_ms=50|clock_delta_ms=155
.037|clock_suspect=1
PMLE_LIVE_REPLAY_TIC|tic=3877|mle_ms=48.027|monotonic_ms=50|clock_delta_ms=1.973
|clock_suspect=0
PMLE_LIVE_REPLAY_TIC|tic=3878|mle_ms=9.889|monotonic_ms=10|clock_delta_ms=.111|c
lock_suspect=0
PMLE_LIVE_REPLAY_TIC|tic=3879|mle_ms=31.822|monotonic_ms=30|clock_delta_ms=1.822
|clock_suspect=0
PMLE_LIVE_REPLAY_TIC|tic=3880|mle_ms=31.626|monotonic_ms=40|clock_delta_ms=8.374
|clock_suspect=0
PMLE_LIVE_REPLAY_TIC|tic=3881|mle_ms=24.601|monotonic_ms=20|clock_delta_ms=4.601
|clock_suspect=0
PMLE_LIVE_REPLAY_TIC|tic=3882|mle_ms=31.087|monotonic_ms=30|clock_delta_ms=1.087
|clock_suspect=0
PMLE_LIVE_REPLAY_TIC|tic=3883|mle_ms=47.307|monotonic_ms=50|clock_delta_ms=2.693
|clock_suspect=0
PMLE_LIVE_REPLAY_TIC|tic=3884|mle_ms=21.461|monotonic_ms=20|clock_delta_ms=1.461
|clock_suspect=0
PMLE_LIVE_REPLAY_TIC|tic=3885|mle_ms=34.991|monotonic_ms=40|clock_delta_ms=5.009
|clock_suspect=0
PMLE_LIVE_REPLAY_TIC|tic=3886|mle_ms=66.936|monotonic_ms=60|clock_delta_ms=6.936
|clock_suspect=0
PMLE_LIVE_REPLAY_TIC|tic=3887|mle_ms=10.535|monotonic_ms=10|clock_delta_ms=.535|
clock_suspect=0
PMLE_LIVE_REPLAY_TIC|tic=3888|mle_ms=28.935|monotonic_ms=30|clock_delta_ms=1.065
|clock_suspect=0
PMLE_LIVE_REPLAY_TIC|tic=3889|mle_ms=39.277|monotonic_ms=40|clock_delta_ms=.723|
clock_suspect=0
PMLE_LIVE_REPLAY_TIC|tic=3890|mle_ms=11.167|monotonic_ms=10|clock_delta_ms=1.167
|clock_suspect=0
PMLE_LIVE_REPLAY_TIC|tic=3891|mle_ms=52.736|monotonic_ms=60|clock_delta_ms=7.264
|clock_suspect=0
PMLE_LIVE_REPLAY_TIC|tic=3892|mle_ms=44.833|monotonic_ms=40|clock_delta_ms=4.833
|clock_suspect=0
PMLE_LIVE_REPLAY_TIC|tic=3893|mle_ms=34.772|monotonic_ms=40|clock_delta_ms=5.228
|clock_suspect=0
PMLE_LIVE_REPLAY_TIC|tic=3894|mle_ms=49.054|monotonic_ms=40|clock_delta_ms=9.054
|clock_suspect=0
PMLE_LIVE_REPLAY_TIC|tic=3895|mle_ms=44.963|monotonic_ms=50|clock_delta_ms=5.037
|clock_suspect=0
PMLE_LIVE_REPLAY_TIC|tic=3896|mle_ms=36.841|monotonic_ms=40|clock_delta_ms=3.159
|clock_suspect=0
PMLE_LIVE_REPLAY_TIC|tic=3897|mle_ms=29.72|monotonic_ms=30|clock_delta_ms=.28|cl
ock_suspect=0
PMLE_LIVE_REPLAY_TIC|tic=3898|mle_ms=40.853|monotonic_ms=40|clock_delta_ms=.853|
clock_suspect=0
PMLE_LIVE_REPLAY_TIC|tic=3899|mle_ms=14.677|monotonic_ms=10|clock_delta_ms=4.677
|clock_suspect=0
PMLE_LIVE_REPLAY_TIC|tic=3900|mle_ms=35.145|monotonic_ms=40|clock_delta_ms=4.855
|clock_suspect=0
PMLE_LIVE_REPLAY_TIC|tic=3901|mle_ms=48.542|monotonic_ms=50|clock_delta_ms=1.458
|clock_suspect=0
PMLE_LIVE_REPLAY_TIC|tic=3902|mle_ms=10.293|monotonic_ms=10|clock_delta_ms=.293|
clock_suspect=0
PMLE_LIVE_REPLAY_TIC|tic=3903|mle_ms=50.12|monotonic_ms=50|clock_delta_ms=.12|cl
ock_suspect=0
PMLE_LIVE_REPLAY_TIC|tic=3904|mle_ms=45.261|monotonic_ms=40|clock_delta_ms=5.261
|clock_suspect=0
PMLE_LIVE_REPLAY_TIC|tic=3905|mle_ms=10.165|monotonic_ms=10|clock_delta_ms=.165|
clock_suspect=0
PMLE_LIVE_REPLAY_TIC|tic=3906|mle_ms=59.881|monotonic_ms=60|clock_delta_ms=.119|
clock_suspect=0
PMLE_LIVE_REPLAY_TIC|tic=3907|mle_ms=33.145|monotonic_ms=40|clock_delta_ms=6.855
|clock_suspect=0
PMLE_LIVE_REPLAY_TIC|tic=3908|mle_ms=11.167|monotonic_ms=10|clock_delta_ms=1.167
|clock_suspect=0
PMLE_LIVE_REPLAY_TIC|tic=3909|mle_ms=32.943|monotonic_ms=30|clock_delta_ms=2.943
|clock_suspect=0
PMLE_LIVE_REPLAY_TIC|tic=3910|mle_ms=42.504|monotonic_ms=40|clock_delta_ms=2.504
|clock_suspect=0
PMLE_LIVE_REPLAY_TIC|tic=3911|mle_ms=21.688|monotonic_ms=30|clock_delta_ms=8.312
|clock_suspect=0
PMLE_LIVE_REPLAY_TIC|tic=3912|mle_ms=34.705|monotonic_ms=30|clock_delta_ms=4.705
|clock_suspect=0
PMLE_LIVE_REPLAY_TIC|tic=3913|mle_ms=61.171|monotonic_ms=60|clock_delta_ms=1.171
|clock_suspect=0
PMLE_LIVE_REPLAY_TIC|tic=3914|mle_ms=21.704|monotonic_ms=20|clock_delta_ms=1.704
|clock_suspect=0
PMLE_LIVE_REPLAY_TIC|tic=3915|mle_ms=11.638|monotonic_ms=20|clock_delta_ms=8.362
|clock_suspect=0
PMLE_LIVE_REPLAY_TIC|tic=3916|mle_ms=58.413|monotonic_ms=50|clock_delta_ms=8.413
|clock_suspect=0
PMLE_LIVE_REPLAY_TIC|tic=3917|mle_ms=9.347|monotonic_ms=10|clock_delta_ms=.653|c
lock_suspect=0
PMLE_LIVE_REPLAY_TIC|tic=3918|mle_ms=10.372|monotonic_ms=10|clock_delta_ms=.372|
clock_suspect=0
PMLE_LIVE_REPLAY_TIC|tic=3919|mle_ms=35.315|monotonic_ms=40|clock_delta_ms=4.685
|clock_suspect=0
PMLE_LIVE_REPLAY_TIC|tic=3920|mle_ms=10.128|monotonic_ms=10|clock_delta_ms=.128|
clock_suspect=0
PMLE_LIVE_REPLAY_TIC|tic=3921|mle_ms=21.743|monotonic_ms=20|clock_delta_ms=1.743
|clock_suspect=0
PMLE_LIVE_REPLAY_TIC|tic=3922|mle_ms=31.563|monotonic_ms=30|clock_delta_ms=1.563
|clock_suspect=0
PMLE_LIVE_REPLAY_TIC|tic=3923|mle_ms=26.694|monotonic_ms=30|clock_delta_ms=3.306
|clock_suspect=0
PMLE_LIVE_REPLAY_TIC|tic=3924|mle_ms=26.937|monotonic_ms=30|clock_delta_ms=3.063
|clock_suspect=0
PMLE_LIVE_REPLAY_TIC|tic=3925|mle_ms=37.694|monotonic_ms=30|clock_delta_ms=7.694
|clock_suspect=0
PMLE_LIVE_REPLAY_TIC|tic=3926|mle_ms=37.852|monotonic_ms=40|clock_delta_ms=2.148
|clock_suspect=0
PMLE_LIVE_REPLAY_TIC|tic=3927|mle_ms=11.183|monotonic_ms=10|clock_delta_ms=1.183
|clock_suspect=0
PMLE_LIVE_REPLAY_TIC|tic=3928|mle_ms=38.388|monotonic_ms=40|clock_delta_ms=1.612
|clock_suspect=0
PMLE_LIVE_REPLAY_TIC|tic=3929|mle_ms=14.444|monotonic_ms=20|clock_delta_ms=5.556
|clock_suspect=0
PMLE_LIVE_REPLAY_TIC|tic=3930|mle_ms=12.709|monotonic_ms=10|clock_delta_ms=2.709
|clock_suspect=0
PMLE_LIVE_REPLAY_TIC|tic=3931|mle_ms=73.095|monotonic_ms=70|clock_delta_ms=3.095
|clock_suspect=0
PMLE_LIVE_REPLAY_TIC|tic=3932|mle_ms=15.537|monotonic_ms=20|clock_delta_ms=4.463
|clock_suspect=0
PMLE_LIVE_REPLAY_TIC|tic=3933|mle_ms=35.307|monotonic_ms=30|clock_delta_ms=5.307
|clock_suspect=0
PMLE_LIVE_REPLAY_TIC|tic=3934|mle_ms=59.23|monotonic_ms=60|clock_delta_ms=.77|cl
ock_suspect=0
PMLE_LIVE_REPLAY_TIC|tic=3935|mle_ms=16.585|monotonic_ms=20|clock_delta_ms=3.415
|clock_suspect=0
PMLE_LIVE_REPLAY_TIC|tic=3936|mle_ms=50.443|monotonic_ms=50|clock_delta_ms=.443|
clock_suspect=0
PMLE_LIVE_REPLAY_TIC|tic=3937|mle_ms=66.024|monotonic_ms=70|clock_delta_ms=3.976
|clock_suspect=0
PMLE_LIVE_REPLAY_TIC|tic=3938|mle_ms=16.593|monotonic_ms=10|clock_delta_ms=6.593
|clock_suspect=0
PMLE_LIVE_REPLAY_TIC|tic=3939|mle_ms=19.041|monotonic_ms=20|clock_delta_ms=.959|
clock_suspect=0
PMLE_LIVE_REPLAY_TIC|tic=3940|mle_ms=73.906|monotonic_ms=80|clock_delta_ms=6.094
|clock_suspect=0
PMLE_LIVE_REPLAY_TIC|tic=3941|mle_ms=33.464|monotonic_ms=30|clock_delta_ms=3.464
|clock_suspect=0
PMLE_LIVE_REPLAY_TIC|tic=3942|mle_ms=21.712|monotonic_ms=20|clock_delta_ms=1.712
|clock_suspect=0
PMLE_LIVE_REPLAY_TIC|tic=3943|mle_ms=100.558|monotonic_ms=100|clock_delta_ms=.55
8|clock_suspect=0
PMLE_LIVE_REPLAY_TIC|tic=3944|mle_ms=24.497|monotonic_ms=30|clock_delta_ms=5.503
|clock_suspect=0
PMLE_LIVE_REPLAY_TIC|tic=3945|mle_ms=14.284|monotonic_ms=10|clock_delta_ms=4.284
|clock_suspect=0
PMLE_LIVE_REPLAY_TIC|tic=3946|mle_ms=99.858|monotonic_ms=100|clock_delta_ms=.142
|clock_suspect=0
PMLE_LIVE_REPLAY_TIC|tic=3947|mle_ms=10.197|monotonic_ms=10|clock_delta_ms=.197|
clock_suspect=0
PMLE_LIVE_REPLAY_TIC|tic=3948|mle_ms=10.845|monotonic_ms=10|clock_delta_ms=.845|
clock_suspect=0
PMLE_LIVE_REPLAY_TIC|tic=3949|mle_ms=55.035|monotonic_ms=60|clock_delta_ms=4.965
|clock_suspect=0
PMLE_LIVE_REPLAY_TIC|tic=3950|mle_ms=12.074|monotonic_ms=10|clock_delta_ms=2.074
|clock_suspect=0
PMLE_LIVE_REPLAY_TIC|tic=3951|mle_ms=25.209|monotonic_ms=20|clock_delta_ms=5.209
|clock_suspect=0
PMLE_LIVE_REPLAY_TIC|tic=3952|mle_ms=54.744|monotonic_ms=60|clock_delta_ms=5.256
|clock_suspect=0
PMLE_LIVE_REPLAY_TIC|tic=3953|mle_ms=30.122|monotonic_ms=30|clock_delta_ms=.122|
clock_suspect=0
PMLE_LIVE_REPLAY_TIC|tic=3954|mle_ms=19.279|monotonic_ms=20|clock_delta_ms=.721|
clock_suspect=0
PMLE_LIVE_REPLAY_TIC|tic=3955|mle_ms=51.034|monotonic_ms=50|clock_delta_ms=1.034
|clock_suspect=0
PMLE_LIVE_REPLAY_TIC|tic=3956|mle_ms=33.868|monotonic_ms=30|clock_delta_ms=3.868
|clock_suspect=0
PMLE_LIVE_REPLAY_TIC|tic=3957|mle_ms=10.297|monotonic_ms=10|clock_delta_ms=.297|
clock_suspect=0
PMLE_LIVE_REPLAY_TIC|tic=3958|mle_ms=51.805|monotonic_ms=60|clock_delta_ms=8.195
|clock_suspect=0
PMLE_LIVE_REPLAY_TIC|tic=3959|mle_ms=13.335|monotonic_ms=10|clock_delta_ms=3.335
|clock_suspect=0
PMLE_LIVE_REPLAY_TIC|tic=3960|mle_ms=12.05|monotonic_ms=10|clock_delta_ms=2.05|c
lock_suspect=0
PMLE_LIVE_REPLAY_TIC|tic=3961|mle_ms=65.168|monotonic_ms=70|clock_delta_ms=4.832
|clock_suspect=0
PMLE_LIVE_REPLAY_TIC|tic=3962|mle_ms=12.491|monotonic_ms=10|clock_delta_ms=2.491
|clock_suspect=0
PMLE_LIVE_REPLAY_TIC|tic=3963|mle_ms=27.578|monotonic_ms=30|clock_delta_ms=2.422
|clock_suspect=0
PMLE_LIVE_REPLAY_TIC|tic=3964|mle_ms=42.178|monotonic_ms=40|clock_delta_ms=2.178
|clock_suspect=0
PMLE_LIVE_REPLAY_TIC|tic=3965|mle_ms=10.106|monotonic_ms=10|clock_delta_ms=.106|
clock_suspect=0
PMLE_LIVE_REPLAY_TIC|tic=3966|mle_ms=35.096|monotonic_ms=40|clock_delta_ms=4.904
|clock_suspect=0
PMLE_LIVE_REPLAY_TIC|tic=3967|mle_ms=37.486|monotonic_ms=30|clock_delta_ms=7.486
|clock_suspect=0
PMLE_LIVE_REPLAY_TIC|tic=3968|mle_ms=10.077|monotonic_ms=10|clock_delta_ms=.077|
clock_suspect=0
PMLE_LIVE_REPLAY_TIC|tic=3969|mle_ms=12.284|monotonic_ms=20|clock_delta_ms=7.716
|clock_suspect=0
PMLE_LIVE_REPLAY_TIC|tic=3970|mle_ms=36.256|monotonic_ms=30|clock_delta_ms=6.256
|clock_suspect=0
PMLE_LIVE_REPLAY_TIC|tic=3971|mle_ms=26.331|monotonic_ms=30|clock_delta_ms=3.669
|clock_suspect=0
PMLE_LIVE_REPLAY_TIC|tic=3972|mle_ms=12.847|monotonic_ms=10|clock_delta_ms=2.847
|clock_suspect=0
PMLE_LIVE_REPLAY_TIC|tic=3973|mle_ms=51.54|monotonic_ms=50|clock_delta_ms=1.54|c
lock_suspect=0
PMLE_LIVE_REPLAY_TIC|tic=3974|mle_ms=20.95|monotonic_ms=20|clock_delta_ms=.95|cl
ock_suspect=0
PMLE_LIVE_REPLAY_TIC|tic=3975|mle_ms=11.388|monotonic_ms=20|clock_delta_ms=8.612
|clock_suspect=0
PMLE_LIVE_REPLAY_TIC|tic=3976|mle_ms=69.103|monotonic_ms=60|clock_delta_ms=9.103
|clock_suspect=0
PMLE_LIVE_REPLAY_TIC|tic=3977|mle_ms=17.836|monotonic_ms=20|clock_delta_ms=2.164
|clock_suspect=0
PMLE_LIVE_REPLAY_TIC|tic=3978|mle_ms=14.54|monotonic_ms=20|clock_delta_ms=5.46|c
lock_suspect=0
PMLE_LIVE_REPLAY_TIC|tic=3979|mle_ms=40.267|monotonic_ms=40|clock_delta_ms=.267|
clock_suspect=0
PMLE_LIVE_REPLAY_TIC|tic=3980|mle_ms=12.378|monotonic_ms=10|clock_delta_ms=2.378
|clock_suspect=0
PMLE_LIVE_REPLAY_TIC|tic=3981|mle_ms=27.552|monotonic_ms=30|clock_delta_ms=2.448
|clock_suspect=0
PMLE_LIVE_REPLAY_TIC|tic=3982|mle_ms=38.038|monotonic_ms=40|clock_delta_ms=1.962
|clock_suspect=0
PMLE_LIVE_REPLAY_TIC|tic=3983|mle_ms=31.152|monotonic_ms=30|clock_delta_ms=1.152
|clock_suspect=0
PMLE_LIVE_REPLAY_TIC|tic=3984|mle_ms=22.194|monotonic_ms=20|clock_delta_ms=2.194
|clock_suspect=0
PMLE_LIVE_REPLAY_TIC|tic=3985|mle_ms=35.023|monotonic_ms=30|clock_delta_ms=5.023
|clock_suspect=0
PMLE_LIVE_REPLAY_TIC|tic=3986|mle_ms=59.506|monotonic_ms=60|clock_delta_ms=.494|
clock_suspect=0
PMLE_LIVE_REPLAY_TIC|tic=3987|mle_ms=12.948|monotonic_ms=20|clock_delta_ms=7.052
|clock_suspect=0
PMLE_LIVE_REPLAY_TIC|tic=3988|mle_ms=39.226|monotonic_ms=40|clock_delta_ms=.774|
clock_suspect=0
PMLE_LIVE_REPLAY_TIC|tic=3989|mle_ms=42.523|monotonic_ms=40|clock_delta_ms=2.523
|clock_suspect=0
PMLE_LIVE_REPLAY_TIC|tic=3990|mle_ms=14.523|monotonic_ms=10|clock_delta_ms=4.523
|clock_suspect=0
PMLE_LIVE_REPLAY_TIC|tic=3991|mle_ms=54.771|monotonic_ms=60|clock_delta_ms=5.229
|clock_suspect=0
PMLE_LIVE_REPLAY_TIC|tic=3992|mle_ms=40.393|monotonic_ms=40|clock_delta_ms=.393|
clock_suspect=0
PMLE_LIVE_REPLAY_TIC|tic=3993|mle_ms=31.807|monotonic_ms=30|clock_delta_ms=1.807
|clock_suspect=0
PMLE_LIVE_REPLAY_TIC|tic=3994|mle_ms=47.621|monotonic_ms=50|clock_delta_ms=2.379
|clock_suspect=0
PMLE_LIVE_REPLAY_TIC|tic=3995|mle_ms=52.61|monotonic_ms=50|clock_delta_ms=2.61|c
lock_suspect=0
PMLE_LIVE_REPLAY_TIC|tic=3996|mle_ms=34.82|monotonic_ms=40|clock_delta_ms=5.18|c
lock_suspect=0
PMLE_LIVE_REPLAY_TIC|tic=3997|mle_ms=33.619|monotonic_ms=30|clock_delta_ms=3.619
|clock_suspect=0
PMLE_LIVE_REPLAY_TIC|tic=3998|mle_ms=53.105|monotonic_ms=50|clock_delta_ms=3.105
|clock_suspect=0
PMLE_LIVE_REPLAY_TIC|tic=3999|mle_ms=16.327|monotonic_ms=20|clock_delta_ms=3.673
|clock_suspect=0
PMLE_LIVE_REPLAY_TIC|tic=4000|mle_ms=34.853|monotonic_ms=30|clock_delta_ms=4.853
|clock_suspect=0
PMLE_LIVE_REPLAY_TIC|tic=4001|mle_ms=45.074|monotonic_ms=40|clock_delta_ms=5.074
|clock_suspect=0
PMLE_LIVE_REPLAY_TIC|tic=4002|mle_ms=13.975|monotonic_ms=10|clock_delta_ms=3.975
|clock_suspect=0
PMLE_LIVE_REPLAY_TIC|tic=4003|mle_ms=52.606|monotonic_ms=60|clock_delta_ms=7.394
|clock_suspect=0
PMLE_LIVE_REPLAY_TIC|tic=4004|mle_ms=26.566|monotonic_ms=20|clock_delta_ms=6.566
|clock_suspect=0
PMLE_LIVE_REPLAY_TIC|tic=4005|mle_ms=15.8|monotonic_ms=20|clock_delta_ms=4.2|clo
ck_suspect=0
PMLE_LIVE_REPLAY_TIC|tic=4006|mle_ms=65.03|monotonic_ms=70|clock_delta_ms=4.97|c
lock_suspect=0
PMLE_LIVE_REPLAY_TIC|tic=4007|mle_ms=13.747|monotonic_ms=10|clock_delta_ms=3.747
|clock_suspect=0
PMLE_LIVE_REPLAY_TIC|tic=4008|mle_ms=13.055|monotonic_ms=10|clock_delta_ms=3.055
|clock_suspect=0
PMLE_LIVE_REPLAY_TIC|tic=4009|mle_ms=35.475|monotonic_ms=40|clock_delta_ms=4.525
|clock_suspect=0
PMLE_LIVE_REPLAY_TIC|tic=4010|mle_ms=11.757|monotonic_ms=10|clock_delta_ms=1.757
|clock_suspect=0
PMLE_LIVE_REPLAY_TIC|tic=4011|mle_ms=22.866|monotonic_ms=20|clock_delta_ms=2.866
|clock_suspect=0
PMLE_LIVE_REPLAY_TIC|tic=4012|mle_ms=31.486|monotonic_ms=30|clock_delta_ms=1.486
|clock_suspect=0
PMLE_LIVE_REPLAY_TIC|tic=4013|mle_ms=31.914|monotonic_ms=40|clock_delta_ms=8.086
|clock_suspect=0
PMLE_LIVE_REPLAY_TIC|tic=4014|mle_ms=25.187|monotonic_ms=20|clock_delta_ms=5.187
|clock_suspect=0
PMLE_LIVE_REPLAY_TIC|tic=4015|mle_ms=37.478|monotonic_ms=40|clock_delta_ms=2.522
|clock_suspect=0
PMLE_LIVE_REPLAY_TIC|tic=4016|mle_ms=39.11|monotonic_ms=40|clock_delta_ms=.89|cl
ock_suspect=0
PMLE_LIVE_REPLAY_TIC|tic=4017|mle_ms=20.197|monotonic_ms=20|clock_delta_ms=.197|
clock_suspect=0
PMLE_LIVE_REPLAY_TIC|tic=4018|mle_ms=38.214|monotonic_ms=40|clock_delta_ms=1.786
|clock_suspect=0
PMLE_LIVE_REPLAY_TIC|tic=4019|mle_ms=16.136|monotonic_ms=10|clock_delta_ms=6.136
|clock_suspect=0
PMLE_LIVE_REPLAY_TIC|tic=4020|mle_ms=13.392|monotonic_ms=20|clock_delta_ms=6.608
|clock_suspect=0
PMLE_LIVE_REPLAY_TIC|tic=4021|mle_ms=51.48|monotonic_ms=50|clock_delta_ms=1.48|c
lock_suspect=0
PMLE_LIVE_REPLAY_TIC|tic=4022|mle_ms=18.631|monotonic_ms=20|clock_delta_ms=1.369
|clock_suspect=0
PMLE_LIVE_REPLAY_TIC|tic=4023|mle_ms=41.311|monotonic_ms=40|clock_delta_ms=1.311
|clock_suspect=0
PMLE_LIVE_REPLAY_TIC|tic=4024|mle_ms=50.369|monotonic_ms=50|clock_delta_ms=.369|
clock_suspect=0
PMLE_LIVE_REPLAY_TIC|tic=4025|mle_ms=13.581|monotonic_ms=10|clock_delta_ms=3.581
|clock_suspect=0
PMLE_LIVE_REPLAY_TIC|tic=4026|mle_ms=65.04|monotonic_ms=70|clock_delta_ms=4.96|c
lock_suspect=0
PMLE_LIVE_REPLAY_TIC|tic=4027|mle_ms=35.406|monotonic_ms=30|clock_delta_ms=5.406
|clock_suspect=0
PMLE_LIVE_REPLAY_TIC|tic=4028|mle_ms=14.7|monotonic_ms=20|clock_delta_ms=5.3|clo
ck_suspect=0
PMLE_LIVE_REPLAY_TIC|tic=4029|mle_ms=39.642|monotonic_ms=40|clock_delta_ms=.358|
clock_suspect=0
PMLE_LIVE_REPLAY_TIC|tic=4030|mle_ms=33.392|monotonic_ms=30|clock_delta_ms=3.392
|clock_suspect=0
PMLE_LIVE_REPLAY_TIC|tic=4031|mle_ms=26.375|monotonic_ms=30|clock_delta_ms=3.625
|clock_suspect=0
PMLE_LIVE_REPLAY_TIC|tic=4032|mle_ms=38.234|monotonic_ms=40|clock_delta_ms=1.766
|clock_suspect=0
PMLE_LIVE_REPLAY_TIC|tic=4033|mle_ms=48.696|monotonic_ms=40|clock_delta_ms=8.696
|clock_suspect=0
PMLE_LIVE_REPLAY_TIC|tic=4034|mle_ms=27.688|monotonic_ms=30|clock_delta_ms=2.312
|clock_suspect=0
PMLE_LIVE_REPLAY_TIC|tic=4035|mle_ms=44.626|monotonic_ms=50|clock_delta_ms=5.374
|clock_suspect=0
PMLE_LIVE_REPLAY_TIC|tic=4036|mle_ms=80.079|monotonic_ms=80|clock_delta_ms=.079|
clock_suspect=0
PMLE_LIVE_REPLAY_TIC|tic=4037|mle_ms=17.215|monotonic_ms=10|clock_delta_ms=7.215
|clock_suspect=0
PMLE_LIVE_REPLAY_TIC|tic=4038|mle_ms=38.279|monotonic_ms=40|clock_delta_ms=1.721
|clock_suspect=0
PMLE_LIVE_REPLAY_TIC|tic=4039|mle_ms=40.606|monotonic_ms=40|clock_delta_ms=.606|
clock_suspect=0
PMLE_LIVE_REPLAY_TIC|tic=4040|mle_ms=17.495|monotonic_ms=20|clock_delta_ms=2.505
|clock_suspect=0
PMLE_LIVE_REPLAY_TIC|tic=4041|mle_ms=56.167|monotonic_ms=60|clock_delta_ms=3.833
|clock_suspect=0
PMLE_LIVE_REPLAY_TIC|tic=4042|mle_ms=37.542|monotonic_ms=30|clock_delta_ms=7.542
|clock_suspect=0
PMLE_LIVE_REPLAY_TIC|tic=4043|mle_ms=33.381|monotonic_ms=40|clock_delta_ms=6.619
|clock_suspect=0
PMLE_LIVE_REPLAY_TIC|tic=4044|mle_ms=51.818|monotonic_ms=50|clock_delta_ms=1.818
|clock_suspect=0
PMLE_LIVE_REPLAY_TIC|tic=4045|mle_ms=35.307|monotonic_ms=40|clock_delta_ms=4.693
|clock_suspect=0
PMLE_LIVE_REPLAY_TIC|tic=4046|mle_ms=37.353|monotonic_ms=30|clock_delta_ms=7.353
|clock_suspect=0
PMLE_LIVE_REPLAY_TIC|tic=4047|mle_ms=61.223|monotonic_ms=60|clock_delta_ms=1.223
|clock_suspect=0
PMLE_LIVE_REPLAY_TIC|tic=4048|mle_ms=40.954|monotonic_ms=40|clock_delta_ms=.954|
clock_suspect=0
PMLE_LIVE_REPLAY_TIC|tic=4049|mle_ms=18.022|monotonic_ms=20|clock_delta_ms=1.978
|clock_suspect=0
PMLE_LIVE_REPLAY_TIC|tic=4050|mle_ms=62.909|monotonic_ms=70|clock_delta_ms=7.091
|clock_suspect=0
PMLE_LIVE_REPLAY_TIC|tic=4051|mle_ms=48.879|monotonic_ms=40|clock_delta_ms=8.879
|clock_suspect=0
PMLE_LIVE_REPLAY_TIC|tic=4052|mle_ms=14.541|monotonic_ms=20|clock_delta_ms=5.459
|clock_suspect=0
PMLE_LIVE_REPLAY_TIC|tic=4053|mle_ms=72.511|monotonic_ms=70|clock_delta_ms=2.511
|clock_suspect=0
PMLE_LIVE_REPLAY_TIC|tic=4054|mle_ms=43.851|monotonic_ms=50|clock_delta_ms=6.149
|clock_suspect=0
PMLE_LIVE_REPLAY_TIC|tic=4055|mle_ms=15.251|monotonic_ms=10|clock_delta_ms=5.251
|clock_suspect=0
PMLE_LIVE_REPLAY_TIC|tic=4056|mle_ms=83.224|monotonic_ms=80|clock_delta_ms=3.224
|clock_suspect=0
PMLE_LIVE_REPLAY_TIC|tic=4057|mle_ms=34.813|monotonic_ms=40|clock_delta_ms=5.187
|clock_suspect=0
PMLE_LIVE_REPLAY_TIC|tic=4058|mle_ms=14.177|monotonic_ms=10|clock_delta_ms=4.177
|clock_suspect=0
PMLE_LIVE_REPLAY_TIC|tic=4059|mle_ms=81.834|monotonic_ms=90|clock_delta_ms=8.166
|clock_suspect=0
PMLE_LIVE_REPLAY_TIC|tic=4060|mle_ms=38.181|monotonic_ms=30|clock_delta_ms=8.181
|clock_suspect=0
PMLE_LIVE_REPLAY_TIC|tic=4061|mle_ms=28.027|monotonic_ms=30|clock_delta_ms=1.973
|clock_suspect=0
PMLE_LIVE_REPLAY_TIC|tic=4062|mle_ms=64.972|monotonic_ms=70|clock_delta_ms=5.028
|clock_suspect=0
PMLE_LIVE_REPLAY_TIC|tic=4063|mle_ms=52.177|monotonic_ms=50|clock_delta_ms=2.177
|clock_suspect=0
PMLE_LIVE_REPLAY_TIC|tic=4064|mle_ms=16.754|monotonic_ms=20|clock_delta_ms=3.246
|clock_suspect=0
PMLE_LIVE_REPLAY_TIC|tic=4065|mle_ms=14.776|monotonic_ms=10|clock_delta_ms=4.776
|clock_suspect=0
PMLE_LIVE_REPLAY_TIC|tic=4066|mle_ms=18.608|monotonic_ms=20|clock_delta_ms=1.392
|clock_suspect=0
PMLE_LIVE_REPLAY_TIC|tic=4067|mle_ms=15.539|monotonic_ms=20|clock_delta_ms=4.461
|clock_suspect=0
PMLE_LIVE_REPLAY_TIC|tic=4068|mle_ms=16.641|monotonic_ms=10|clock_delta_ms=6.641
|clock_suspect=0
PMLE_LIVE_REPLAY_TIC|tic=4069|mle_ms=16.484|monotonic_ms=20|clock_delta_ms=3.516
|clock_suspect=0
PMLE_LIVE_REPLAY_TIC|tic=4070|mle_ms=14.229|monotonic_ms=10|clock_delta_ms=4.229
|clock_suspect=0
PMLE_LIVE_REPLAY_TIC|tic=4071|mle_ms=13.617|monotonic_ms=20|clock_delta_ms=6.383
|clock_suspect=0
PMLE_LIVE_REPLAY_TIC|tic=4072|mle_ms=16.194|monotonic_ms=10|clock_delta_ms=6.194
|clock_suspect=0
PMLE_LIVE_REPLAY_TIC|tic=4073|mle_ms=16.351|monotonic_ms=20|clock_delta_ms=3.649
|clock_suspect=0
PMLE_LIVE_REPLAY_TIC|tic=4074|mle_ms=17.032|monotonic_ms=20|clock_delta_ms=2.968
|clock_suspect=0
PMLE_LIVE_REPLAY_TIC|tic=4075|mle_ms=14.973|monotonic_ms=10|clock_delta_ms=4.973
|clock_suspect=0
PMLE_LIVE_REPLAY_TIC|tic=4076|mle_ms=14.616|monotonic_ms=20|clock_delta_ms=5.384
|clock_suspect=0
PMLE_LIVE_REPLAY_TIC|tic=4077|mle_ms=12.422|monotonic_ms=10|clock_delta_ms=2.422
|clock_suspect=0
PMLE_LIVE_REPLAY_TIC|tic=4078|mle_ms=14.589|monotonic_ms=10|clock_delta_ms=4.589
|clock_suspect=0
PMLE_LIVE_REPLAY_TIC|tic=4079|mle_ms=15.139|monotonic_ms=20|clock_delta_ms=4.861
|clock_suspect=0
PMLE_LIVE_REPLAY_TIC|tic=4080|mle_ms=19.329|monotonic_ms=20|clock_delta_ms=.671|
clock_suspect=0
PMLE_LIVE_REPLAY_TIC|tic=4081|mle_ms=18.566|monotonic_ms=20|clock_delta_ms=1.434
|clock_suspect=0
PMLE_LIVE_REPLAY_TIC|tic=4082|mle_ms=20.734|monotonic_ms=20|clock_delta_ms=.734|
clock_suspect=0
PMLE_LIVE_REPLAY_TIC|tic=4083|mle_ms=20.237|monotonic_ms=20|clock_delta_ms=.237|
clock_suspect=0
PMLE_LIVE_REPLAY_TIC|tic=4084|mle_ms=21.552|monotonic_ms=20|clock_delta_ms=1.552
|clock_suspect=0
PMLE_LIVE_REPLAY_TIC|tic=4085|mle_ms=18.657|monotonic_ms=20|clock_delta_ms=1.343
|clock_suspect=0
PMLE_LIVE_REPLAY_TIC|tic=4086|mle_ms=20.672|monotonic_ms=20|clock_delta_ms=.672|
clock_suspect=0
PMLE_LIVE_REPLAY_TIC|tic=4087|mle_ms=16.895|monotonic_ms=20|clock_delta_ms=3.105
|clock_suspect=0
PMLE_LIVE_REPLAY_TIC|tic=4088|mle_ms=19.115|monotonic_ms=20|clock_delta_ms=.885|
clock_suspect=0
PMLE_LIVE_REPLAY_TIC|tic=4089|mle_ms=20.883|monotonic_ms=20|clock_delta_ms=.883|
clock_suspect=0
PMLE_LIVE_REPLAY_TIC|tic=4090|mle_ms=17.496|monotonic_ms=10|clock_delta_ms=7.496
|clock_suspect=0
PMLE_LIVE_REPLAY_TIC|tic=4091|mle_ms=18.218|monotonic_ms=20|clock_delta_ms=1.782
|clock_suspect=0
PMLE_LIVE_REPLAY_TIC|tic=4092|mle_ms=17.186|monotonic_ms=20|clock_delta_ms=2.814
|clock_suspect=0
PMLE_LIVE_REPLAY_TIC|tic=4093|mle_ms=18.523|monotonic_ms=20|clock_delta_ms=1.477
|clock_suspect=0
PMLE_LIVE_REPLAY_TIC|tic=4094|mle_ms=20.009|monotonic_ms=20|clock_delta_ms=.009|
clock_suspect=0
PMLE_LIVE_REPLAY_TIC|tic=4095|mle_ms=18.429|monotonic_ms=20|clock_delta_ms=1.571
|clock_suspect=0
PMLE_LIVE_REPLAY_TIC|tic=4096|mle_ms=14.432|monotonic_ms=10|clock_delta_ms=4.432
|clock_suspect=0
PMLE_LIVE_REPLAY_TIC|tic=4097|mle_ms=14.327|monotonic_ms=20|clock_delta_ms=5.673
|clock_suspect=0
PMLE_LIVE_REPLAY_TIC|tic=4098|mle_ms=13.464|monotonic_ms=10|clock_delta_ms=3.464
|clock_suspect=0
PMLE_LIVE_REPLAY_TIC|tic=4099|mle_ms=14.519|monotonic_ms=10|clock_delta_ms=4.519
|clock_suspect=0
PMLE_LIVE_REPLAY_TIC|tic=4100|mle_ms=16.369|monotonic_ms=20|clock_delta_ms=3.631
|clock_suspect=0
PMLE_LIVE_REPLAY_TIC|tic=4101|mle_ms=13.427|monotonic_ms=10|clock_delta_ms=3.427
|clock_suspect=0
PMLE_LIVE_REPLAY_TIC|tic=4102|mle_ms=14.277|monotonic_ms=20|clock_delta_ms=5.723
|clock_suspect=0
PMLE_LIVE_REPLAY_TIC|tic=4103|mle_ms=12.342|monotonic_ms=10|clock_delta_ms=2.342
|clock_suspect=0
PMLE_LIVE_REPLAY_TIC|tic=4104|mle_ms=13.899|monotonic_ms=10|clock_delta_ms=3.899
|clock_suspect=0
PMLE_LIVE_REPLAY_TIC|tic=4105|mle_ms=16.159|monotonic_ms=10|clock_delta_ms=6.159
|clock_suspect=0
PMLE_LIVE_REPLAY_TIC|tic=4106|mle_ms=17.525|monotonic_ms=20|clock_delta_ms=2.475
|clock_suspect=0
PMLE_LIVE_REPLAY_TIC|tic=4107|mle_ms=15.3|monotonic_ms=10|clock_delta_ms=5.3|clo
ck_suspect=0
PMLE_LIVE_REPLAY_TIC|tic=4108|mle_ms=16.011|monotonic_ms=20|clock_delta_ms=3.989
|clock_suspect=0
PMLE_LIVE_REPLAY_TIC|tic=4109|mle_ms=15.467|monotonic_ms=20|clock_delta_ms=4.533
|clock_suspect=0
PMLE_LIVE_REPLAY_TIC|tic=4110|mle_ms=16.387|monotonic_ms=10|clock_delta_ms=6.387
|clock_suspect=0
PMLE_LIVE_REPLAY_TIC|tic=4111|mle_ms=18.213|monotonic_ms=20|clock_delta_ms=1.787
|clock_suspect=0
PMLE_LIVE_REPLAY_TIC|tic=4112|mle_ms=17.126|monotonic_ms=20|clock_delta_ms=2.874
|clock_suspect=0
PMLE_LIVE_REPLAY_TIC|tic=4113|mle_ms=19.259|monotonic_ms=20|clock_delta_ms=.741|
clock_suspect=0
PMLE_LIVE_REPLAY_TIC|tic=4114|mle_ms=17.964|monotonic_ms=20|clock_delta_ms=2.036
|clock_suspect=0
PMLE_LIVE_REPLAY_TIC|tic=4115|mle_ms=15.381|monotonic_ms=10|clock_delta_ms=5.381
|clock_suspect=0
PMLE_LIVE_REPLAY_TIC|tic=4116|mle_ms=16.929|monotonic_ms=20|clock_delta_ms=3.071
|clock_suspect=0
PMLE_LIVE_REPLAY_TIC|tic=4117|mle_ms=16.25|monotonic_ms=10|clock_delta_ms=6.25|c
lock_suspect=0
PMLE_LIVE_REPLAY_TIC|tic=4118|mle_ms=18.617|monotonic_ms=20|clock_delta_ms=1.383
|clock_suspect=0
PMLE_LIVE_REPLAY_TIC|tic=4119|mle_ms=19.113|monotonic_ms=20|clock_delta_ms=.887|
clock_suspect=0
PMLE_LIVE_REPLAY_TIC|tic=4120|mle_ms=20.683|monotonic_ms=20|clock_delta_ms=.683|
clock_suspect=0
PMLE_LIVE_REPLAY_TIC|tic=4121|mle_ms=19.693|monotonic_ms=20|clock_delta_ms=.307|
clock_suspect=0
PMLE_LIVE_REPLAY_TIC|tic=4122|mle_ms=22.165|monotonic_ms=20|clock_delta_ms=2.165
|clock_suspect=0
PMLE_LIVE_REPLAY_TIC|tic=4123|mle_ms=22.271|monotonic_ms=30|clock_delta_ms=7.729
|clock_suspect=0
PMLE_LIVE_REPLAY_TIC|tic=4124|mle_ms=23.102|monotonic_ms=20|clock_delta_ms=3.102
|clock_suspect=0
PMLE_LIVE_REPLAY_TIC|tic=4125|mle_ms=20.139|monotonic_ms=20|clock_delta_ms=.139|
clock_suspect=0
PMLE_LIVE_REPLAY_TIC|tic=4126|mle_ms=19.33|monotonic_ms=20|clock_delta_ms=.67|cl
ock_suspect=0
PMLE_LIVE_REPLAY_TIC|tic=4127|mle_ms=17.065|monotonic_ms=20|clock_delta_ms=2.935
|clock_suspect=0
PMLE_LIVE_REPLAY_TIC|tic=4128|mle_ms=19.114|monotonic_ms=20|clock_delta_ms=.886|
clock_suspect=0
PMLE_LIVE_REPLAY_TIC|tic=4129|mle_ms=18.6|monotonic_ms=10|clock_delta_ms=8.6|clo
ck_suspect=0
PMLE_LIVE_REPLAY_TIC|tic=4130|mle_ms=16.922|monotonic_ms=20|clock_delta_ms=3.078
|clock_suspect=0
PMLE_LIVE_REPLAY_TIC|tic=4131|mle_ms=15.751|monotonic_ms=20|clock_delta_ms=4.249
|clock_suspect=0
PMLE_LIVE_REPLAY_TIC|tic=4132|mle_ms=12.413|monotonic_ms=10|clock_delta_ms=2.413
|clock_suspect=0
PMLE_LIVE_REPLAY_TIC|tic=4133|mle_ms=11.282|monotonic_ms=10|clock_delta_ms=1.282
|clock_suspect=0
PMLE_LIVE_REPLAY_TIC|tic=4134|mle_ms=13.435|monotonic_ms=20|clock_delta_ms=6.565
|clock_suspect=0
PMLE_LIVE_REPLAY_TIC|tic=4135|mle_ms=12.639|monotonic_ms=10|clock_delta_ms=2.639
|clock_suspect=0
PMLE_LIVE_REPLAY_TIC|tic=4136|mle_ms=13.326|monotonic_ms=10|clock_delta_ms=3.326
|clock_suspect=0
PMLE_LIVE_REPLAY_TIC|tic=4137|mle_ms=11.812|monotonic_ms=10|clock_delta_ms=1.812
|clock_suspect=0
PMLE_LIVE_REPLAY_TIC|tic=4138|mle_ms=13.23|monotonic_ms=20|clock_delta_ms=6.77|c
lock_suspect=0
PMLE_LIVE_REPLAY_TIC|tic=4139|mle_ms=15.165|monotonic_ms=10|clock_delta_ms=5.165
|clock_suspect=0
PMLE_LIVE_REPLAY_TIC|tic=4140|mle_ms=12.187|monotonic_ms=10|clock_delta_ms=2.187
|clock_suspect=0
PMLE_LIVE_REPLAY_TIC|tic=4141|mle_ms=12.782|monotonic_ms=20|clock_delta_ms=7.218
|clock_suspect=0
PMLE_LIVE_REPLAY_TIC|tic=4142|mle_ms=13.787|monotonic_ms=10|clock_delta_ms=3.787
|clock_suspect=0
PMLE_LIVE_REPLAY_TIC|tic=4143|mle_ms=13.216|monotonic_ms=10|clock_delta_ms=3.216
|clock_suspect=0
PMLE_LIVE_REPLAY_TIC|tic=4144|mle_ms=14.444|monotonic_ms=20|clock_delta_ms=5.556
|clock_suspect=0
PMLE_LIVE_REPLAY_TIC|tic=4145|mle_ms=12.264|monotonic_ms=10|clock_delta_ms=2.264
|clock_suspect=0
PMLE_LIVE_REPLAY_TIC|tic=4146|mle_ms=13.709|monotonic_ms=10|clock_delta_ms=3.709
|clock_suspect=0
PMLE_LIVE_REPLAY_TIC|tic=4147|mle_ms=11.516|monotonic_ms=20|clock_delta_ms=8.484
|clock_suspect=0
PMLE_LIVE_REPLAY_TIC|tic=4148|mle_ms=9.783|monotonic_ms=10|clock_delta_ms=.217|c
lock_suspect=0
PMLE_LIVE_REPLAY_TIC|tic=4149|mle_ms=10.191|monotonic_ms=10|clock_delta_ms=.191|
clock_suspect=0
PMLE_LIVE_REPLAY_TIC|tic=4150|mle_ms=12.901|monotonic_ms=10|clock_delta_ms=2.901
|clock_suspect=0
PMLE_LIVE_REPLAY_TIC|tic=4151|mle_ms=12.086|monotonic_ms=10|clock_delta_ms=2.086
|clock_suspect=0
PMLE_LIVE_REPLAY_TIC|tic=4152|mle_ms=12.69|monotonic_ms=10|clock_delta_ms=2.69|c
lock_suspect=0
PMLE_LIVE_REPLAY_TIC|tic=4153|mle_ms=13.156|monotonic_ms=20|clock_delta_ms=6.844
|clock_suspect=0
PMLE_LIVE_REPLAY_TIC|tic=4154|mle_ms=14.232|monotonic_ms=10|clock_delta_ms=4.232
|clock_suspect=0
PMLE_LIVE_REPLAY_TIC|tic=4155|mle_ms=11.819|monotonic_ms=10|clock_delta_ms=1.819
|clock_suspect=0
PMLE_LIVE_REPLAY_TIC|tic=4156|mle_ms=13.441|monotonic_ms=20|clock_delta_ms=6.559
|clock_suspect=0
PMLE_LIVE_REPLAY_TIC|tic=4157|mle_ms=13.662|monotonic_ms=10|clock_delta_ms=3.662
|clock_suspect=0
PMLE_LIVE_REPLAY_TIC|tic=4158|mle_ms=14.495|monotonic_ms=20|clock_delta_ms=5.505
|clock_suspect=0
PMLE_LIVE_REPLAY_TIC|tic=4159|mle_ms=13.595|monotonic_ms=10|clock_delta_ms=3.595
|clock_suspect=0
PMLE_LIVE_REPLAY_TIC|tic=4160|mle_ms=13.177|monotonic_ms=10|clock_delta_ms=3.177
|clock_suspect=0
PMLE_LIVE_REPLAY_TIC|tic=4161|mle_ms=11.031|monotonic_ms=10|clock_delta_ms=1.031
|clock_suspect=0
PMLE_LIVE_REPLAY_TIC|tic=4162|mle_ms=12.396|monotonic_ms=20|clock_delta_ms=7.604
|clock_suspect=0
PMLE_LIVE_REPLAY_TIC|tic=4163|mle_ms=11.54|monotonic_ms=10|clock_delta_ms=1.54|c
lock_suspect=0
PMLE_LIVE_REPLAY_TIC|tic=4164|mle_ms=14.709|monotonic_ms=10|clock_delta_ms=4.709
|clock_suspect=0
PMLE_LIVE_REPLAY_TIC|tic=4165|mle_ms=13.945|monotonic_ms=20|clock_delta_ms=6.055
|clock_suspect=0
PMLE_LIVE_REPLAY_TIC|tic=4166|mle_ms=18.295|monotonic_ms=10|clock_delta_ms=8.295
|clock_suspect=0
PMLE_LIVE_REPLAY_TIC|tic=4167|mle_ms=14.001|monotonic_ms=20|clock_delta_ms=5.999
|clock_suspect=0
PMLE_LIVE_REPLAY_TIC|tic=4168|mle_ms=13.406|monotonic_ms=10|clock_delta_ms=3.406
|clock_suspect=0
PMLE_LIVE_REPLAY_TIC|tic=4169|mle_ms=12.133|monotonic_ms=10|clock_delta_ms=2.133
|clock_suspect=0
PMLE_LIVE_REPLAY_TIC|tic=4170|mle_ms=10.084|monotonic_ms=10|clock_delta_ms=.084|
clock_suspect=0
PMLE_LIVE_REPLAY_TIC|tic=4171|mle_ms=8.894|monotonic_ms=10|clock_delta_ms=1.106|
clock_suspect=0
PMLE_LIVE_REPLAY_TIC|tic=4172|mle_ms=9.226|monotonic_ms=10|clock_delta_ms=.774|c
lock_suspect=0
PMLE_LIVE_REPLAY_TIC|tic=4173|mle_ms=10.209|monotonic_ms=10|clock_delta_ms=.209|
clock_suspect=0
PMLE_LIVE_REPLAY_TIC|tic=4174|mle_ms=11.933|monotonic_ms=20|clock_delta_ms=8.067
|clock_suspect=0
PMLE_LIVE_REPLAY_TIC|tic=4175|mle_ms=10.442|monotonic_ms=10|clock_delta_ms=.442|
clock_suspect=0
PMLE_LIVE_REPLAY_TIC|tic=4176|mle_ms=12.52|monotonic_ms=10|clock_delta_ms=2.52|c
lock_suspect=0
PMLE_LIVE_REPLAY_TIC|tic=4177|mle_ms=9.384|monotonic_ms=10|clock_delta_ms=.616|c
lock_suspect=0
PMLE_LIVE_REPLAY_TIC|tic=4178|mle_ms=8.221|monotonic_ms=10|clock_delta_ms=1.779|
clock_suspect=0
PMLE_LIVE_REPLAY_TIC|tic=4179|mle_ms=7.695|monotonic_ms=0|clock_delta_ms=7.695|c
lock_suspect=0
PMLE_LIVE_REPLAY_TIC|tic=4180|mle_ms=8.474|monotonic_ms=10|clock_delta_ms=1.526|
clock_suspect=0
PMLE_LIVE_REPLAY_TIC|tic=4181|mle_ms=8.75|monotonic_ms=10|clock_delta_ms=1.25|cl
ock_suspect=0
PMLE_LIVE_REPLAY_TIC|tic=4182|mle_ms=9.19|monotonic_ms=10|clock_delta_ms=.81|clo
ck_suspect=0
PMLE_LIVE_REPLAY_TIC|tic=4183|mle_ms=10.88|monotonic_ms=10|clock_delta_ms=.88|cl
ock_suspect=0
PMLE_LIVE_REPLAY_TIC|tic=4184|mle_ms=12.829|monotonic_ms=10|clock_delta_ms=2.829
|clock_suspect=0
PMLE_LIVE_REPLAY_TIC|tic=4185|mle_ms=11.986|monotonic_ms=20|clock_delta_ms=8.014
|clock_suspect=0
PMLE_LIVE_REPLAY_TIC|tic=4186|mle_ms=12.785|monotonic_ms=10|clock_delta_ms=2.785
|clock_suspect=0
PMLE_LIVE_REPLAY_TIC|tic=4187|mle_ms=9.055|monotonic_ms=10|clock_delta_ms=.945|c
lock_suspect=0
PMLE_LIVE_REPLAY_TIC|tic=4188|mle_ms=9.57|monotonic_ms=10|clock_delta_ms=.43|clo
ck_suspect=0
PMLE_LIVE_REPLAY_TIC|tic=4189|mle_ms=10.392|monotonic_ms=10|clock_delta_ms=.392|
clock_suspect=0
PMLE_LIVE_REPLAY_TIC|tic=4190|mle_ms=9.885|monotonic_ms=10|clock_delta_ms=.115|c
lock_suspect=0
PMLE_LIVE_REPLAY_TIC|tic=4191|mle_ms=8.222|monotonic_ms=10|clock_delta_ms=1.778|
clock_suspect=0
PMLE_LIVE_REPLAY_TIC|tic=4192|mle_ms=8.874|monotonic_ms=10|clock_delta_ms=1.126|
clock_suspect=0
PMLE_LIVE_REPLAY_TIC|tic=4193|mle_ms=9.016|monotonic_ms=10|clock_delta_ms=.984|c
lock_suspect=0
PMLE_LIVE_REPLAY_TIC|tic=4194|mle_ms=12.221|monotonic_ms=10|clock_delta_ms=2.221
|clock_suspect=0
PMLE_LIVE_REPLAY_TIC|tic=4195|mle_ms=11.234|monotonic_ms=10|clock_delta_ms=1.234
|clock_suspect=0
PMLE_LIVE_REPLAY_TIC|tic=4196|mle_ms=11.587|monotonic_ms=10|clock_delta_ms=1.587
|clock_suspect=0
PMLE_LIVE_REPLAY_TIC|tic=4197|mle_ms=9.18|monotonic_ms=10|clock_delta_ms=.82|clo
ck_suspect=0
PMLE_LIVE_REPLAY_TIC|tic=4198|mle_ms=10.311|monotonic_ms=10|clock_delta_ms=.311|
clock_suspect=0
PMLE_LIVE_REPLAY_TIC|tic=4199|mle_ms=10.334|monotonic_ms=10|clock_delta_ms=.334|
clock_suspect=0
PMLE_LIVE_REPLAY_TIC|tic=4200|mle_ms=9.938|monotonic_ms=10|clock_delta_ms=.062|c
lock_suspect=0
PMLE_LIVE_REPLAY_TIC|tic=4201|mle_ms=9.081|monotonic_ms=10|clock_delta_ms=.919|c
lock_suspect=0
PMLE_LIVE_REPLAY_TIC|tic=4202|mle_ms=9.412|monotonic_ms=10|clock_delta_ms=.588|c
lock_suspect=0
PMLE_LIVE_REPLAY_TIC|tic=4203|mle_ms=10.273|monotonic_ms=10|clock_delta_ms=.273|
clock_suspect=0
PMLE_LIVE_REPLAY_TIC|tic=4204|mle_ms=12.162|monotonic_ms=10|clock_delta_ms=2.162
|clock_suspect=0
PMLE_LIVE_REPLAY_TIC|tic=4205|mle_ms=10.5|monotonic_ms=10|clock_delta_ms=.5|cloc
k_suspect=0
PMLE_LIVE_REPLAY_TIC|tic=4206|mle_ms=11.564|monotonic_ms=10|clock_delta_ms=1.564
|clock_suspect=0
PMLE_LIVE_REPLAY_TIC|tic=4207|mle_ms=9.905|monotonic_ms=10|clock_delta_ms=.095|c
lock_suspect=0
PMLE_LIVE_REPLAY_TIC|tic=4208|mle_ms=9.807|monotonic_ms=10|clock_delta_ms=.193|c
lock_suspect=0
PMLE_LIVE_REPLAY_TIC|tic=4209|mle_ms=9.47|monotonic_ms=10|clock_delta_ms=.53|clo
ck_suspect=0
PMLE_LIVE_REPLAY_TIC|tic=4210|mle_ms=9.1|monotonic_ms=10|clock_delta_ms=.9|clock
_suspect=0
PMLE_LIVE_REPLAY_TIC|tic=4211|mle_ms=8.33|monotonic_ms=10|clock_delta_ms=1.67|cl
ock_suspect=0
PMLE_LIVE_REPLAY_TIC|tic=4212|mle_ms=10.753|monotonic_ms=10|clock_delta_ms=.753|
clock_suspect=0
PMLE_LIVE_REPLAY_TIC|tic=4213|mle_ms=10.8|monotonic_ms=10|clock_delta_ms=.8|cloc
k_suspect=0
PMLE_LIVE_REPLAY_TIC|tic=4214|mle_ms=11.531|monotonic_ms=10|clock_delta_ms=1.531
|clock_suspect=0
PMLE_LIVE_REPLAY_TIC|tic=4215|mle_ms=9.987|monotonic_ms=10|clock_delta_ms=.013|c
lock_suspect=0
PMLE_LIVE_REPLAY_TIC|tic=4216|mle_ms=10.922|monotonic_ms=10|clock_delta_ms=.922|
clock_suspect=0
PMLE_LIVE_REPLAY_TIC|tic=4217|mle_ms=7.914|monotonic_ms=10|clock_delta_ms=2.086|
clock_suspect=0
PMLE_LIVE_REPLAY_TIC|tic=4218|mle_ms=9.748|monotonic_ms=10|clock_delta_ms=.252|c
lock_suspect=0
PMLE_LIVE_REPLAY_TIC|tic=4219|mle_ms=10.516|monotonic_ms=10|clock_delta_ms=.516|
clock_suspect=0
PMLE_LIVE_REPLAY_TIC|tic=4220|mle_ms=9.73|monotonic_ms=10|clock_delta_ms=.27|clo
ck_suspect=0
PMLE_LIVE_REPLAY_TIC|tic=4221|mle_ms=13.712|monotonic_ms=20|clock_delta_ms=6.288
|clock_suspect=0
PMLE_LIVE_REPLAY_TIC|tic=4222|mle_ms=12.534|monotonic_ms=10|clock_delta_ms=2.534
|clock_suspect=0
PMLE_LIVE_REPLAY_TIC|tic=4223|mle_ms=13.727|monotonic_ms=10|clock_delta_ms=3.727
|clock_suspect=0
PMLE_LIVE_REPLAY_TIC|tic=4224|mle_ms=13.716|monotonic_ms=20|clock_delta_ms=6.284
|clock_suspect=0
PMLE_LIVE_REPLAY_TIC|tic=4225|mle_ms=12.036|monotonic_ms=10|clock_delta_ms=2.036
|clock_suspect=0
PMLE_LIVE_REPLAY_TIC|tic=4226|mle_ms=12.259|monotonic_ms=10|clock_delta_ms=2.259
|clock_suspect=0
PMLE_LIVE_REPLAY_TIC|tic=4227|mle_ms=9.606|monotonic_ms=10|clock_delta_ms=.394|c
lock_suspect=0
PMLE_LIVE_REPLAY_TIC|tic=4228|mle_ms=9.921|monotonic_ms=10|clock_delta_ms=.079|c
lock_suspect=0
PMLE_LIVE_REPLAY_TIC|tic=4229|mle_ms=10.196|monotonic_ms=10|clock_delta_ms=.196|
clock_suspect=0
PMLE_LIVE_REPLAY_TIC|tic=4230|mle_ms=10.99|monotonic_ms=10|clock_delta_ms=.99|cl
ock_suspect=0
PMLE_LIVE_REPLAY_TIC|tic=4231|mle_ms=10.356|monotonic_ms=10|clock_delta_ms=.356|
clock_suspect=0
PMLE_LIVE_REPLAY_TIC|tic=4232|mle_ms=11.481|monotonic_ms=10|clock_delta_ms=1.481
|clock_suspect=0
PMLE_LIVE_REPLAY_TIC|tic=4233|mle_ms=10.63|monotonic_ms=10|clock_delta_ms=.63|cl
ock_suspect=0
PMLE_LIVE_REPLAY_TIC|tic=4234|mle_ms=11.145|monotonic_ms=20|clock_delta_ms=8.855
|clock_suspect=0
PMLE_LIVE_REPLAY_TIC|tic=4235|mle_ms=8.656|monotonic_ms=0|clock_delta_ms=8.656|c
lock_suspect=0
PMLE_LIVE_REPLAY_TIC|tic=4236|mle_ms=10.604|monotonic_ms=10|clock_delta_ms=.604|
clock_suspect=0
PMLE_LIVE_REPLAY_TIC|tic=4237|mle_ms=9.423|monotonic_ms=10|clock_delta_ms=.577|c
lock_suspect=0
PMLE_LIVE_REPLAY_TIC|tic=4238|mle_ms=10.086|monotonic_ms=10|clock_delta_ms=.086|
clock_suspect=0
PMLE_LIVE_REPLAY_TIC|tic=4239|mle_ms=9.208|monotonic_ms=10|clock_delta_ms=.792|c
lock_suspect=0
PMLE_LIVE_REPLAY_TIC|tic=4240|mle_ms=10.896|monotonic_ms=10|clock_delta_ms=.896|
clock_suspect=0
PMLE_LIVE_REPLAY_TIC|tic=4241|mle_ms=9.919|monotonic_ms=10|clock_delta_ms=.081|c
lock_suspect=0
PMLE_LIVE_REPLAY_TIC|tic=4242|mle_ms=11.309|monotonic_ms=20|clock_delta_ms=8.691
|clock_suspect=0
PMLE_LIVE_REPLAY_TIC|tic=4243|mle_ms=11.211|monotonic_ms=10|clock_delta_ms=1.211
|clock_suspect=0
PMLE_LIVE_REPLAY_TIC|tic=4244|mle_ms=11.393|monotonic_ms=10|clock_delta_ms=1.393
|clock_suspect=0
PMLE_LIVE_REPLAY_TIC|tic=4245|mle_ms=9.438|monotonic_ms=10|clock_delta_ms=.562|c
lock_suspect=0
PMLE_LIVE_REPLAY_TIC|tic=4246|mle_ms=9.759|monotonic_ms=10|clock_delta_ms=.241|c
lock_suspect=0
PMLE_LIVE_REPLAY_TIC|tic=4247|mle_ms=8.425|monotonic_ms=10|clock_delta_ms=1.575|
clock_suspect=0
PMLE_LIVE_REPLAY_TIC|tic=4248|mle_ms=12.415|monotonic_ms=10|clock_delta_ms=2.415
|clock_suspect=0
PMLE_LIVE_REPLAY_TIC|tic=4249|mle_ms=10.351|monotonic_ms=10|clock_delta_ms=.351|
clock_suspect=0
PMLE_LIVE_REPLAY_TIC|tic=4250|mle_ms=9.621|monotonic_ms=10|clock_delta_ms=.379|c
lock_suspect=0
PMLE_LIVE_REPLAY_TIC|tic=4251|mle_ms=9.11|monotonic_ms=10|clock_delta_ms=.89|clo
ck_suspect=0
PMLE_LIVE_REPLAY_TIC|tic=4252|mle_ms=10.076|monotonic_ms=10|clock_delta_ms=.076|
clock_suspect=0
PMLE_LIVE_REPLAY_TIC|tic=4253|mle_ms=10.72|monotonic_ms=10|clock_delta_ms=.72|cl
ock_suspect=0
PMLE_LIVE_REPLAY_TIC|tic=4254|mle_ms=12.651|monotonic_ms=10|clock_delta_ms=2.651
|clock_suspect=0
PMLE_LIVE_REPLAY_TIC|tic=4255|mle_ms=10.799|monotonic_ms=10|clock_delta_ms=.799|
clock_suspect=0
PMLE_LIVE_REPLAY_TIC|tic=4256|mle_ms=11.921|monotonic_ms=20|clock_delta_ms=8.079
|clock_suspect=0
PMLE_LIVE_REPLAY_TIC|tic=4257|mle_ms=10.389|monotonic_ms=10|clock_delta_ms=.389|
clock_suspect=0
PMLE_LIVE_REPLAY_TIC|tic=4258|mle_ms=10.583|monotonic_ms=10|clock_delta_ms=.583|
clock_suspect=0
PMLE_LIVE_REPLAY_TIC|tic=4259|mle_ms=10.312|monotonic_ms=10|clock_delta_ms=.312|
clock_suspect=0
PMLE_LIVE_REPLAY_TIC|tic=4260|mle_ms=10.858|monotonic_ms=10|clock_delta_ms=.858|
clock_suspect=0
PMLE_LIVE_REPLAY_TIC|tic=4261|mle_ms=10.48|monotonic_ms=10|clock_delta_ms=.48|cl
ock_suspect=0
PMLE_LIVE_REPLAY_TIC|tic=4262|mle_ms=10.592|monotonic_ms=10|clock_delta_ms=.592|
clock_suspect=0
PMLE_LIVE_REPLAY_TIC|tic=4263|mle_ms=9.809|monotonic_ms=10|clock_delta_ms=.191|c
lock_suspect=0
PMLE_LIVE_REPLAY_TIC|tic=4264|mle_ms=10.27|monotonic_ms=10|clock_delta_ms=.27|cl
ock_suspect=0
PMLE_LIVE_REPLAY_TIC|tic=4265|mle_ms=8.6|monotonic_ms=10|clock_delta_ms=1.4|cloc
k_suspect=0
PMLE_LIVE_REPLAY_TIC|tic=4266|mle_ms=10.212|monotonic_ms=10|clock_delta_ms=.212|
clock_suspect=0
PMLE_LIVE_REPLAY_TIC|tic=4267|mle_ms=9.218|monotonic_ms=10|clock_delta_ms=.782|c
lock_suspect=0
PMLE_LIVE_REPLAY_TIC|tic=4268|mle_ms=9.545|monotonic_ms=10|clock_delta_ms=.455|c
lock_suspect=0
PMLE_LIVE_REPLAY_TIC|tic=4269|mle_ms=9.505|monotonic_ms=10|clock_delta_ms=.495|c
lock_suspect=0
PMLE_LIVE_REPLAY_TIC|tic=4270|mle_ms=10.012|monotonic_ms=10|clock_delta_ms=.012|
clock_suspect=0
PMLE_LIVE_REPLAY_TIC|tic=4271|mle_ms=9.971|monotonic_ms=10|clock_delta_ms=.029|c
lock_suspect=0
PMLE_LIVE_REPLAY_TIC|tic=4272|mle_ms=11.878|monotonic_ms=10|clock_delta_ms=1.878
|clock_suspect=0
PMLE_LIVE_REPLAY_TIC|tic=4273|mle_ms=11.669|monotonic_ms=10|clock_delta_ms=1.669
|clock_suspect=0
PMLE_LIVE_REPLAY_TIC|tic=4274|mle_ms=11.909|monotonic_ms=10|clock_delta_ms=1.909
|clock_suspect=0
PMLE_LIVE_REPLAY_TIC|tic=4275|mle_ms=9.8|monotonic_ms=10|clock_delta_ms=.2|clock
_suspect=0
PMLE_LIVE_REPLAY_TIC|tic=4276|mle_ms=13.839|monotonic_ms=20|clock_delta_ms=6.161
|clock_suspect=0
PMLE_LIVE_REPLAY_TIC|tic=4277|mle_ms=9.692|monotonic_ms=10|clock_delta_ms=.308|c
lock_suspect=0
PMLE_LIVE_REPLAY_TIC|tic=4278|mle_ms=10.839|monotonic_ms=10|clock_delta_ms=.839|
clock_suspect=0
PMLE_LIVE_REPLAY_TIC|tic=4279|mle_ms=10.544|monotonic_ms=10|clock_delta_ms=.544|
clock_suspect=0
PMLE_LIVE_REPLAY_TIC|tic=4280|mle_ms=10.115|monotonic_ms=10|clock_delta_ms=.115|
clock_suspect=0
PMLE_LIVE_REPLAY_TIC|tic=4281|mle_ms=9.85|monotonic_ms=10|clock_delta_ms=.15|clo
ck_suspect=0
PMLE_LIVE_REPLAY_TIC|tic=4282|mle_ms=10.347|monotonic_ms=10|clock_delta_ms=.347|
clock_suspect=0
PMLE_LIVE_REPLAY_TIC|tic=4283|mle_ms=8.998|monotonic_ms=10|clock_delta_ms=1.002|
clock_suspect=0
PMLE_LIVE_REPLAY_TIC|tic=4284|mle_ms=10.778|monotonic_ms=10|clock_delta_ms=.778|
clock_suspect=0
PMLE_LIVE_REPLAY_TIC|tic=4285|mle_ms=10.282|monotonic_ms=10|clock_delta_ms=.282|
clock_suspect=0
PMLE_LIVE_REPLAY_TIC|tic=4286|mle_ms=11.662|monotonic_ms=10|clock_delta_ms=1.662
|clock_suspect=0
PMLE_LIVE_REPLAY_TIC|tic=4287|mle_ms=8.811|monotonic_ms=10|clock_delta_ms=1.189|
clock_suspect=0
PMLE_LIVE_REPLAY_TIC|tic=4288|mle_ms=9.692|monotonic_ms=10|clock_delta_ms=.308|c
lock_suspect=0
PMLE_LIVE_REPLAY_TIC|tic=4289|mle_ms=9.736|monotonic_ms=10|clock_delta_ms=.264|c
lock_suspect=0
PMLE_LIVE_REPLAY_TIC|tic=4290|mle_ms=9.635|monotonic_ms=10|clock_delta_ms=.365|c
lock_suspect=0
PMLE_LIVE_REPLAY_TIC|tic=4291|mle_ms=8.458|monotonic_ms=10|clock_delta_ms=1.542|
clock_suspect=0
PMLE_LIVE_REPLAY_TIC|tic=4292|mle_ms=9.099|monotonic_ms=10|clock_delta_ms=.901|c
lock_suspect=0
PMLE_LIVE_REPLAY_TIC|tic=4293|mle_ms=8.597|monotonic_ms=10|clock_delta_ms=1.403|
clock_suspect=0
PMLE_LIVE_REPLAY_TIC|tic=4294|mle_ms=9.064|monotonic_ms=0|clock_delta_ms=9.064|c
lock_suspect=0
PMLE_LIVE_REPLAY_TIC|tic=4295|mle_ms=8.449|monotonic_ms=10|clock_delta_ms=1.551|
clock_suspect=0
PMLE_LIVE_REPLAY_TIC|tic=4296|mle_ms=11.083|monotonic_ms=10|clock_delta_ms=1.083
|clock_suspect=0
PMLE_LIVE_REPLAY_TIC|tic=4297|mle_ms=9.357|monotonic_ms=10|clock_delta_ms=.643|c
lock_suspect=0
PMLE_LIVE_REPLAY_TIC|tic=4298|mle_ms=10.15|monotonic_ms=10|clock_delta_ms=.15|cl
ock_suspect=0
PMLE_LIVE_REPLAY_TIC|tic=4299|mle_ms=9.507|monotonic_ms=10|clock_delta_ms=.493|c
lock_suspect=0
PMLE_LIVE_REPLAY_TIC|tic=4300|mle_ms=10.372|monotonic_ms=10|clock_delta_ms=.372|
clock_suspect=0
PMLE_LIVE_REPLAY_TIC|tic=4301|mle_ms=9.955|monotonic_ms=10|clock_delta_ms=.045|c
lock_suspect=0
PMLE_LIVE_REPLAY_TIC|tic=4302|mle_ms=12.993|monotonic_ms=10|clock_delta_ms=2.993
|clock_suspect=0
PMLE_LIVE_REPLAY_TIC|tic=4303|mle_ms=11.083|monotonic_ms=10|clock_delta_ms=1.083
|clock_suspect=0
PMLE_LIVE_REPLAY_TIC|tic=4304|mle_ms=11.369|monotonic_ms=10|clock_delta_ms=1.369
|clock_suspect=0
PMLE_LIVE_REPLAY_TIC|tic=4305|mle_ms=10.423|monotonic_ms=10|clock_delta_ms=.423|
clock_suspect=0
PMLE_LIVE_REPLAY_TIC|tic=4306|mle_ms=12.117|monotonic_ms=10|clock_delta_ms=2.117
|clock_suspect=0
PMLE_LIVE_REPLAY_TIC|tic=4307|mle_ms=9.208|monotonic_ms=10|clock_delta_ms=.792|c
lock_suspect=0
PMLE_LIVE_REPLAY_TIC|tic=4308|mle_ms=10.008|monotonic_ms=10|clock_delta_ms=.008|
clock_suspect=0
PMLE_LIVE_REPLAY_TIC|tic=4309|mle_ms=10.244|monotonic_ms=10|clock_delta_ms=.244|
clock_suspect=0
PMLE_LIVE_REPLAY_TIC|tic=4310|mle_ms=9.867|monotonic_ms=10|clock_delta_ms=.133|c
lock_suspect=0
PMLE_LIVE_REPLAY_TIC|tic=4311|mle_ms=9.124|monotonic_ms=10|clock_delta_ms=.876|c
lock_suspect=0
PMLE_LIVE_REPLAY_TIC|tic=4312|mle_ms=10.783|monotonic_ms=10|clock_delta_ms=.783|
clock_suspect=0
PMLE_LIVE_REPLAY_TIC|tic=4313|mle_ms=10.93|monotonic_ms=20|clock_delta_ms=9.07|c
lock_suspect=0
PMLE_LIVE_REPLAY_TIC|tic=4314|mle_ms=12.688|monotonic_ms=10|clock_delta_ms=2.688
|clock_suspect=0
PMLE_LIVE_REPLAY_TIC|tic=4315|mle_ms=11.481|monotonic_ms=10|clock_delta_ms=1.481
|clock_suspect=0
PMLE_LIVE_REPLAY_TIC|tic=4316|mle_ms=12.08|monotonic_ms=10|clock_delta_ms=2.08|c
lock_suspect=0
PMLE_LIVE_REPLAY_TIC|tic=4317|mle_ms=9.778|monotonic_ms=10|clock_delta_ms=.222|c
lock_suspect=0
PMLE_LIVE_REPLAY_TIC|tic=4318|mle_ms=10.491|monotonic_ms=10|clock_delta_ms=.491|
clock_suspect=0
PMLE_LIVE_REPLAY_TIC|tic=4319|mle_ms=10.499|monotonic_ms=10|clock_delta_ms=.499|
clock_suspect=0
PMLE_LIVE_REPLAY_TIC|tic=4320|mle_ms=10.675|monotonic_ms=10|clock_delta_ms=.675|
clock_suspect=0
PMLE_LIVE_REPLAY_TIC|tic=4321|mle_ms=10.908|monotonic_ms=10|clock_delta_ms=.908|
clock_suspect=0
PMLE_LIVE_REPLAY_TIC|tic=4322|mle_ms=11.058|monotonic_ms=20|clock_delta_ms=8.942
|clock_suspect=0
PMLE_LIVE_REPLAY_TIC|tic=4323|mle_ms=10.377|monotonic_ms=10|clock_delta_ms=.377|
clock_suspect=0
PMLE_LIVE_REPLAY_TIC|tic=4324|mle_ms=11.678|monotonic_ms=10|clock_delta_ms=1.678
|clock_suspect=0
PMLE_LIVE_REPLAY_TIC|tic=4325|mle_ms=10.446|monotonic_ms=10|clock_delta_ms=.446|
clock_suspect=0
PMLE_LIVE_REPLAY_TIC|tic=4326|mle_ms=11.321|monotonic_ms=10|clock_delta_ms=1.321
|clock_suspect=0
PMLE_LIVE_REPLAY_TIC|tic=4327|mle_ms=10.047|monotonic_ms=10|clock_delta_ms=.047|
clock_suspect=0
PMLE_LIVE_REPLAY_TIC|tic=4328|mle_ms=9.472|monotonic_ms=10|clock_delta_ms=.528|c
lock_suspect=0
PMLE_LIVE_REPLAY_TIC|tic=4329|mle_ms=11.115|monotonic_ms=10|clock_delta_ms=1.115
|clock_suspect=0
PMLE_LIVE_REPLAY_TIC|tic=4330|mle_ms=10.075|monotonic_ms=10|clock_delta_ms=.075|
clock_suspect=0
PMLE_LIVE_REPLAY_TIC|tic=4331|mle_ms=9.921|monotonic_ms=10|clock_delta_ms=.079|c
lock_suspect=0
PMLE_LIVE_REPLAY_TIC|tic=4332|mle_ms=11.242|monotonic_ms=10|clock_delta_ms=1.242
|clock_suspect=0
PMLE_LIVE_REPLAY_TIC|tic=4333|mle_ms=11.599|monotonic_ms=10|clock_delta_ms=1.599
|clock_suspect=0
PMLE_LIVE_REPLAY_TIC|tic=4334|mle_ms=12.095|monotonic_ms=20|clock_delta_ms=7.905
|clock_suspect=0
PMLE_LIVE_REPLAY_TIC|tic=4335|mle_ms=9.295|monotonic_ms=10|clock_delta_ms=.705|c
lock_suspect=0
PMLE_LIVE_REPLAY_TIC|tic=4336|mle_ms=11.405|monotonic_ms=10|clock_delta_ms=1.405
|clock_suspect=0
PMLE_LIVE_REPLAY_TIC|tic=4337|mle_ms=7.88|monotonic_ms=0|clock_delta_ms=7.88|clo
ck_suspect=0
PMLE_LIVE_REPLAY_TIC|tic=4338|mle_ms=8.848|monotonic_ms=10|clock_delta_ms=1.152|
clock_suspect=0
PMLE_LIVE_REPLAY_TIC|tic=4339|mle_ms=8.706|monotonic_ms=10|clock_delta_ms=1.294|
clock_suspect=0
PMLE_LIVE_REPLAY_TIC|tic=4340|mle_ms=8.378|monotonic_ms=10|clock_delta_ms=1.622|
clock_suspect=0
PMLE_LIVE_REPLAY_TIC|tic=4341|mle_ms=7.88|monotonic_ms=10|clock_delta_ms=2.12|cl
ock_suspect=0
PMLE_LIVE_REPLAY_TIC|tic=4342|mle_ms=10.305|monotonic_ms=10|clock_delta_ms=.305|
clock_suspect=0
PMLE_LIVE_REPLAY_TIC|tic=4343|mle_ms=10.918|monotonic_ms=10|clock_delta_ms=.918|
clock_suspect=0
PMLE_LIVE_REPLAY_TIC|tic=4344|mle_ms=11.123|monotonic_ms=10|clock_delta_ms=1.123
|clock_suspect=0
PMLE_LIVE_REPLAY_TIC|tic=4345|mle_ms=9.027|monotonic_ms=10|clock_delta_ms=.973|c
lock_suspect=0
PMLE_LIVE_REPLAY_TIC|tic=4346|mle_ms=9.762|monotonic_ms=10|clock_delta_ms=.238|c
lock_suspect=0
PMLE_LIVE_REPLAY_TIC|tic=4347|mle_ms=7.357|monotonic_ms=10|clock_delta_ms=2.643|
clock_suspect=0
PMLE_LIVE_REPLAY_TIC|tic=4348|mle_ms=8.126|monotonic_ms=10|clock_delta_ms=1.874|
clock_suspect=0
PMLE_LIVE_REPLAY_TIC|tic=4349|mle_ms=8.24|monotonic_ms=0|clock_delta_ms=8.24|clo
ck_suspect=0
PMLE_LIVE_REPLAY_TIC|tic=4350|mle_ms=8.66|monotonic_ms=10|clock_delta_ms=1.34|cl
ock_suspect=0
PMLE_LIVE_REPLAY_TIC|tic=4351|mle_ms=9.34|monotonic_ms=10|clock_delta_ms=.66|clo
ck_suspect=0
PMLE_LIVE_REPLAY_TIC|tic=4352|mle_ms=10.926|monotonic_ms=10|clock_delta_ms=.926|
clock_suspect=0
PMLE_LIVE_REPLAY_TIC|tic=4353|mle_ms=11.172|monotonic_ms=10|clock_delta_ms=1.172
|clock_suspect=0
PMLE_LIVE_REPLAY_TIC|tic=4354|mle_ms=12.049|monotonic_ms=20|clock_delta_ms=7.951
|clock_suspect=0
PMLE_LIVE_REPLAY_TIC|tic=4355|mle_ms=11.24|monotonic_ms=10|clock_delta_ms=1.24|c
lock_suspect=0
PMLE_LIVE_REPLAY_TIC|tic=4356|mle_ms=14.016|monotonic_ms=10|clock_delta_ms=4.016
|clock_suspect=0
PMLE_LIVE_REPLAY_TIC|tic=4357|mle_ms=10.007|monotonic_ms=10|clock_delta_ms=.007|
clock_suspect=0
PMLE_LIVE_REPLAY_TIC|tic=4358|mle_ms=10.047|monotonic_ms=10|clock_delta_ms=.047|
clock_suspect=0
PMLE_LIVE_REPLAY_TIC|tic=4359|mle_ms=8.881|monotonic_ms=10|clock_delta_ms=1.119|
clock_suspect=0
PMLE_LIVE_REPLAY_TIC|tic=4360|mle_ms=9.257|monotonic_ms=10|clock_delta_ms=.743|c
lock_suspect=0
PMLE_LIVE_REPLAY_TIC|tic=4361|mle_ms=9.548|monotonic_ms=10|clock_delta_ms=.452|c
lock_suspect=0
PMLE_LIVE_REPLAY_TIC|tic=4362|mle_ms=11.244|monotonic_ms=10|clock_delta_ms=1.244
|clock_suspect=0
PMLE_LIVE_REPLAY_TIC|tic=4363|mle_ms=12.099|monotonic_ms=10|clock_delta_ms=2.099
|clock_suspect=0
PMLE_LIVE_REPLAY_TIC|tic=4364|mle_ms=11.442|monotonic_ms=20|clock_delta_ms=8.558
|clock_suspect=0
PMLE_LIVE_REPLAY_TIC|tic=4365|mle_ms=10.824|monotonic_ms=10|clock_delta_ms=.824|
clock_suspect=0
PMLE_LIVE_REPLAY_TIC|tic=4366|mle_ms=12.333|monotonic_ms=10|clock_delta_ms=2.333
|clock_suspect=0
PMLE_LIVE_REPLAY_TIC|tic=4367|mle_ms=9.447|monotonic_ms=10|clock_delta_ms=.553|c
lock_suspect=0
PMLE_LIVE_REPLAY_TIC|tic=4368|mle_ms=10.757|monotonic_ms=10|clock_delta_ms=.757|
clock_suspect=0
PMLE_LIVE_REPLAY_TIC|tic=4369|mle_ms=11.075|monotonic_ms=10|clock_delta_ms=1.075
|clock_suspect=0
PMLE_LIVE_REPLAY_TIC|tic=4370|mle_ms=10.274|monotonic_ms=10|clock_delta_ms=.274|
clock_suspect=0
PMLE_LIVE_REPLAY_TIC|tic=4371|mle_ms=10.019|monotonic_ms=10|clock_delta_ms=.019|
clock_suspect=0
PMLE_LIVE_REPLAY_TIC|tic=4372|mle_ms=11.01|monotonic_ms=10|clock_delta_ms=1.01|c
lock_suspect=0
PMLE_LIVE_REPLAY_TIC|tic=4373|mle_ms=11.414|monotonic_ms=10|clock_delta_ms=1.414
|clock_suspect=0
PMLE_LIVE_REPLAY_TIC|tic=4374|mle_ms=11.559|monotonic_ms=20|clock_delta_ms=8.441
|clock_suspect=0
PMLE_LIVE_REPLAY_TIC|tic=4375|mle_ms=9.562|monotonic_ms=0|clock_delta_ms=9.562|c
lock_suspect=0
PMLE_LIVE_REPLAY_TIC|tic=4376|mle_ms=10.603|monotonic_ms=20|clock_delta_ms=9.397
|clock_suspect=0
PMLE_LIVE_REPLAY_TIC|tic=4377|mle_ms=8.787|monotonic_ms=0|clock_delta_ms=8.787|c
lock_suspect=0
PMLE_LIVE_REPLAY_TIC|tic=4378|mle_ms=8.958|monotonic_ms=10|clock_delta_ms=1.042|
clock_suspect=0
PMLE_LIVE_REPLAY_TIC|tic=4379|mle_ms=8.784|monotonic_ms=10|clock_delta_ms=1.216|
clock_suspect=0
PMLE_LIVE_REPLAY_TIC|tic=4380|mle_ms=9.535|monotonic_ms=10|clock_delta_ms=.465|c
lock_suspect=0
PMLE_LIVE_REPLAY_TIC|tic=4381|mle_ms=10.216|monotonic_ms=10|clock_delta_ms=.216|
clock_suspect=0
PMLE_LIVE_REPLAY_TIC|tic=4382|mle_ms=10.976|monotonic_ms=10|clock_delta_ms=.976|
clock_suspect=0
PMLE_LIVE_REPLAY_TIC|tic=4383|mle_ms=12.124|monotonic_ms=20|clock_delta_ms=7.876
|clock_suspect=0
PMLE_LIVE_REPLAY_TIC|tic=4384|mle_ms=11.019|monotonic_ms=10|clock_delta_ms=1.019
|clock_suspect=0
PMLE_LIVE_REPLAY_TIC|tic=4385|mle_ms=9.642|monotonic_ms=10|clock_delta_ms=.358|c
lock_suspect=0
PMLE_LIVE_REPLAY_TIC|tic=4386|mle_ms=12.194|monotonic_ms=10|clock_delta_ms=2.194
|clock_suspect=0
PMLE_LIVE_REPLAY_TIC|tic=4387|mle_ms=9.23|monotonic_ms=10|clock_delta_ms=.77|clo
ck_suspect=0
PMLE_LIVE_REPLAY_TIC|tic=4388|mle_ms=8.282|monotonic_ms=10|clock_delta_ms=1.718|
clock_suspect=0
PMLE_LIVE_REPLAY_TIC|tic=4389|mle_ms=7.884|monotonic_ms=0|clock_delta_ms=7.884|c
lock_suspect=0
PMLE_LIVE_REPLAY_TIC|tic=4390|mle_ms=9.084|monotonic_ms=10|clock_delta_ms=.916|c
lock_suspect=0
PMLE_LIVE_REPLAY_TIC|tic=4391|mle_ms=9.646|monotonic_ms=10|clock_delta_ms=.354|c
lock_suspect=0
PMLE_LIVE_REPLAY_TIC|tic=4392|mle_ms=11.685|monotonic_ms=10|clock_delta_ms=1.685
|clock_suspect=0
PMLE_LIVE_REPLAY_TIC|tic=4393|mle_ms=10.52|monotonic_ms=20|clock_delta_ms=9.48|c
lock_suspect=0
PMLE_LIVE_REPLAY_TIC|tic=4394|mle_ms=11.062|monotonic_ms=10|clock_delta_ms=1.062
|clock_suspect=0
PMLE_LIVE_REPLAY_TIC|tic=4395|mle_ms=9.676|monotonic_ms=10|clock_delta_ms=.324|c
lock_suspect=0
PMLE_LIVE_REPLAY_TIC|tic=4396|mle_ms=10.391|monotonic_ms=10|clock_delta_ms=.391|
clock_suspect=0
PMLE_LIVE_REPLAY_TIC|tic=4397|mle_ms=8.244|monotonic_ms=10|clock_delta_ms=1.756|
clock_suspect=0
PMLE_LIVE_REPLAY_TIC|tic=4398|mle_ms=9.321|monotonic_ms=0|clock_delta_ms=9.321|c
lock_suspect=0
PMLE_LIVE_REPLAY_TIC|tic=4399|mle_ms=8.799|monotonic_ms=10|clock_delta_ms=1.201|
clock_suspect=0
PMLE_LIVE_REPLAY_TIC|tic=4400|mle_ms=7.996|monotonic_ms=10|clock_delta_ms=2.004|
clock_suspect=0
PMLE_LIVE_REPLAY_TIC|tic=4401|mle_ms=11.51|monotonic_ms=10|clock_delta_ms=1.51|c
lock_suspect=0
PMLE_LIVE_REPLAY_TIC|tic=4402|mle_ms=14.851|monotonic_ms=10|clock_delta_ms=4.851
|clock_suspect=0
PMLE_LIVE_REPLAY_TIC|tic=4403|mle_ms=9.366|monotonic_ms=10|clock_delta_ms=.634|c
lock_suspect=0
PMLE_LIVE_REPLAY_TIC|tic=4404|mle_ms=15.273|monotonic_ms=20|clock_delta_ms=4.727
|clock_suspect=0
PMLE_LIVE_REPLAY_TIC|tic=4405|mle_ms=10.056|monotonic_ms=10|clock_delta_ms=.056|
clock_suspect=0
PMLE_LIVE_REPLAY_TIC|tic=4406|mle_ms=12.975|monotonic_ms=10|clock_delta_ms=2.975
|clock_suspect=0
PMLE_LIVE_REPLAY_TIC|tic=4407|mle_ms=10.497|monotonic_ms=10|clock_delta_ms=.497|
clock_suspect=0
PMLE_LIVE_REPLAY_TIC|tic=4408|mle_ms=138.073|monotonic_ms=140|clock_delta_ms=1.9
27|clock_suspect=0
PMLE_LIVE_REPLAY_TIC|tic=4409|mle_ms=10.06|monotonic_ms=10|clock_delta_ms=.06|cl
ock_suspect=0
PMLE_LIVE_REPLAY_TIC|tic=4410|mle_ms=11.056|monotonic_ms=10|clock_delta_ms=1.056
|clock_suspect=0
PMLE_LIVE_REPLAY_TIC|tic=4411|mle_ms=10.405|monotonic_ms=10|clock_delta_ms=.405|
clock_suspect=0
PMLE_LIVE_REPLAY_TIC|tic=4412|mle_ms=11.725|monotonic_ms=10|clock_delta_ms=1.725
|clock_suspect=0
PMLE_LIVE_REPLAY_TIC|tic=4413|mle_ms=11.04|monotonic_ms=10|clock_delta_ms=1.04|c
lock_suspect=0
PMLE_LIVE_REPLAY_TIC|tic=4414|mle_ms=11.933|monotonic_ms=20|clock_delta_ms=8.067
|clock_suspect=0
PMLE_LIVE_REPLAY_TIC|tic=4415|mle_ms=10.593|monotonic_ms=10|clock_delta_ms=.593|
clock_suspect=0
PMLE_LIVE_REPLAY_TIC|tic=4416|mle_ms=11.056|monotonic_ms=10|clock_delta_ms=1.056
|clock_suspect=0
PMLE_LIVE_REPLAY_TIC|tic=4417|mle_ms=8.402|monotonic_ms=10|clock_delta_ms=1.598|
clock_suspect=0
PMLE_LIVE_REPLAY_TIC|tic=4418|mle_ms=8.167|monotonic_ms=10|clock_delta_ms=1.833|
clock_suspect=0
PMLE_LIVE_REPLAY_TIC|tic=4419|mle_ms=7.469|monotonic_ms=0|clock_delta_ms=7.469|c
lock_suspect=0
PMLE_LIVE_REPLAY_TIC|tic=4420|mle_ms=8.406|monotonic_ms=10|clock_delta_ms=1.594|
clock_suspect=0
PMLE_LIVE_REPLAY_TIC|tic=4421|mle_ms=8.253|monotonic_ms=10|clock_delta_ms=1.747|
clock_suspect=0
PMLE_LIVE_REPLAY_TIC|tic=4422|mle_ms=11.171|monotonic_ms=10|clock_delta_ms=1.171
|clock_suspect=0
PMLE_LIVE_REPLAY_TIC|tic=4423|mle_ms=11.546|monotonic_ms=10|clock_delta_ms=1.546
|clock_suspect=0
PMLE_LIVE_REPLAY_TIC|tic=4424|mle_ms=11.123|monotonic_ms=10|clock_delta_ms=1.123
|clock_suspect=0
PMLE_LIVE_REPLAY_TIC|tic=4425|mle_ms=9.269|monotonic_ms=10|clock_delta_ms=.731|c
lock_suspect=0
PMLE_LIVE_REPLAY_TIC|tic=4426|mle_ms=10.712|monotonic_ms=10|clock_delta_ms=.712|
clock_suspect=0
PMLE_LIVE_REPLAY_TIC|tic=4427|mle_ms=8.914|monotonic_ms=10|clock_delta_ms=1.086|
clock_suspect=0
PMLE_LIVE_REPLAY_TIC|tic=4428|mle_ms=10.199|monotonic_ms=10|clock_delta_ms=.199|
clock_suspect=0
PMLE_LIVE_REPLAY_TIC|tic=4429|mle_ms=9.362|monotonic_ms=10|clock_delta_ms=.638|c
lock_suspect=0
PMLE_LIVE_REPLAY_TIC|tic=4430|mle_ms=9.531|monotonic_ms=10|clock_delta_ms=.469|c
lock_suspect=0
PMLE_LIVE_REPLAY_TIC|tic=4431|mle_ms=9.315|monotonic_ms=10|clock_delta_ms=.685|c
lock_suspect=0
PMLE_LIVE_REPLAY_TIC|tic=4432|mle_ms=11.291|monotonic_ms=10|clock_delta_ms=1.291
|clock_suspect=0
PMLE_LIVE_REPLAY_TIC|tic=4433|mle_ms=10.757|monotonic_ms=10|clock_delta_ms=.757|
clock_suspect=0
PMLE_LIVE_REPLAY_TIC|tic=4434|mle_ms=24.963|monotonic_ms=30|clock_delta_ms=5.037
|clock_suspect=0
PMLE_LIVE_REPLAY_TIC|tic=4435|mle_ms=11.756|monotonic_ms=10|clock_delta_ms=1.756
|clock_suspect=0
PMLE_LIVE_REPLAY_TIC|tic=4436|mle_ms=11.735|monotonic_ms=10|clock_delta_ms=1.735
|clock_suspect=0
PMLE_LIVE_REPLAY_TIC|tic=4437|mle_ms=8.763|monotonic_ms=10|clock_delta_ms=1.237|
clock_suspect=0
PMLE_LIVE_REPLAY_TIC|tic=4438|mle_ms=9.996|monotonic_ms=10|clock_delta_ms=.004|c
lock_suspect=0
PMLE_LIVE_REPLAY_TIC|tic=4439|mle_ms=9.752|monotonic_ms=10|clock_delta_ms=.248|c
lock_suspect=0
PMLE_LIVE_REPLAY_TIC|tic=4440|mle_ms=11.208|monotonic_ms=10|clock_delta_ms=1.208
|clock_suspect=0
PMLE_LIVE_REPLAY_TIC|tic=4441|mle_ms=10.014|monotonic_ms=10|clock_delta_ms=.014|
clock_suspect=0
PMLE_LIVE_REPLAY_TIC|tic=4442|mle_ms=9.518|monotonic_ms=10|clock_delta_ms=.482|c
lock_suspect=0
PMLE_LIVE_REPLAY_TIC|tic=4443|mle_ms=8.764|monotonic_ms=10|clock_delta_ms=1.236|
clock_suspect=0
PMLE_LIVE_REPLAY_TIC|tic=4444|mle_ms=11.471|monotonic_ms=10|clock_delta_ms=1.471
|clock_suspect=0
PMLE_LIVE_REPLAY_TIC|tic=4445|mle_ms=11.105|monotonic_ms=10|clock_delta_ms=1.105
|clock_suspect=0
PMLE_LIVE_REPLAY_TIC|tic=4446|mle_ms=11.917|monotonic_ms=20|clock_delta_ms=8.083
|clock_suspect=0
PMLE_LIVE_REPLAY_TIC|tic=4447|mle_ms=9.368|monotonic_ms=10|clock_delta_ms=.632|c
lock_suspect=0
PMLE_LIVE_REPLAY_TIC|tic=4448|mle_ms=9.629|monotonic_ms=0|clock_delta_ms=9.629|c
lock_suspect=0
PMLE_LIVE_REPLAY_TIC|tic=4449|mle_ms=9.688|monotonic_ms=10|clock_delta_ms=.312|c
lock_suspect=0
PMLE_LIVE_REPLAY_TIC|tic=4450|mle_ms=10.609|monotonic_ms=20|clock_delta_ms=9.391
|clock_suspect=0
PMLE_LIVE_REPLAY_TIC|tic=4451|mle_ms=10.215|monotonic_ms=10|clock_delta_ms=.215|
clock_suspect=0
PMLE_LIVE_REPLAY_TIC|tic=4452|mle_ms=10.717|monotonic_ms=10|clock_delta_ms=.717|
clock_suspect=0
PMLE_LIVE_REPLAY_TIC|tic=4453|mle_ms=10.954|monotonic_ms=10|clock_delta_ms=.954|
clock_suspect=0
PMLE_LIVE_REPLAY_TIC|tic=4454|mle_ms=10.986|monotonic_ms=10|clock_delta_ms=.986|
clock_suspect=0
PMLE_LIVE_REPLAY_TIC|tic=4455|mle_ms=8.47|monotonic_ms=10|clock_delta_ms=1.53|cl
ock_suspect=0
PMLE_LIVE_REPLAY_TIC|tic=4456|mle_ms=9.567|monotonic_ms=10|clock_delta_ms=.433|c
lock_suspect=0
PMLE_LIVE_REPLAY_TIC|tic=4457|mle_ms=7.491|monotonic_ms=0|clock_delta_ms=7.491|c
lock_suspect=0
PMLE_LIVE_REPLAY_TIC|tic=4458|mle_ms=9.448|monotonic_ms=10|clock_delta_ms=.552|c
lock_suspect=0
PMLE_LIVE_REPLAY_TIC|tic=4459|mle_ms=10.218|monotonic_ms=10|clock_delta_ms=.218|
clock_suspect=0
PMLE_LIVE_REPLAY_TIC|tic=4460|mle_ms=12.261|monotonic_ms=20|clock_delta_ms=7.739
|clock_suspect=0
PMLE_LIVE_REPLAY_TIC|tic=4461|mle_ms=10.1|monotonic_ms=10|clock_delta_ms=.1|cloc
k_suspect=0
PMLE_LIVE_REPLAY_TIC|tic=4462|mle_ms=10.491|monotonic_ms=10|clock_delta_ms=.491|
clock_suspect=0
PMLE_LIVE_REPLAY_TIC|tic=4463|mle_ms=10.253|monotonic_ms=10|clock_delta_ms=.253|
clock_suspect=0
PMLE_LIVE_REPLAY_TIC|tic=4464|mle_ms=11.97|monotonic_ms=10|clock_delta_ms=1.97|c
lock_suspect=0
PMLE_LIVE_REPLAY_TIC|tic=4465|mle_ms=10.707|monotonic_ms=10|clock_delta_ms=.707|
clock_suspect=0
PMLE_LIVE_REPLAY_TIC|tic=4466|mle_ms=10.994|monotonic_ms=10|clock_delta_ms=.994|
clock_suspect=0
PMLE_LIVE_REPLAY_TIC|tic=4467|mle_ms=8.012|monotonic_ms=10|clock_delta_ms=1.988|
clock_suspect=0
PMLE_LIVE_REPLAY_TIC|tic=4468|mle_ms=8.473|monotonic_ms=10|clock_delta_ms=1.527|
clock_suspect=0
PMLE_LIVE_REPLAY_TIC|tic=4469|mle_ms=8.488|monotonic_ms=10|clock_delta_ms=1.512|
clock_suspect=0
PMLE_LIVE_REPLAY_TIC|tic=4470|mle_ms=9.878|monotonic_ms=10|clock_delta_ms=.122|c
lock_suspect=0
PMLE_LIVE_REPLAY_TIC|tic=4471|mle_ms=10.143|monotonic_ms=10|clock_delta_ms=.143|
clock_suspect=0
PMLE_LIVE_REPLAY_TIC|tic=4472|mle_ms=9.924|monotonic_ms=10|clock_delta_ms=.076|c
lock_suspect=0
PMLE_LIVE_REPLAY_TIC|tic=4473|mle_ms=9.74|monotonic_ms=10|clock_delta_ms=.26|clo
ck_suspect=0
PMLE_LIVE_REPLAY_TIC|tic=4474|mle_ms=11.979|monotonic_ms=10|clock_delta_ms=1.979
|clock_suspect=0
PMLE_LIVE_REPLAY_TIC|tic=4475|mle_ms=9.546|monotonic_ms=10|clock_delta_ms=.454|c
lock_suspect=0
PMLE_LIVE_REPLAY_TIC|tic=4476|mle_ms=9.551|monotonic_ms=10|clock_delta_ms=.449|c
lock_suspect=0
PMLE_LIVE_REPLAY_TIC|tic=4477|mle_ms=8.083|monotonic_ms=10|clock_delta_ms=1.917|
clock_suspect=0
PMLE_LIVE_REPLAY_TIC|tic=4478|mle_ms=9.555|monotonic_ms=10|clock_delta_ms=.445|c
lock_suspect=0
PMLE_LIVE_REPLAY_TIC|tic=4479|mle_ms=9.511|monotonic_ms=10|clock_delta_ms=.489|c
lock_suspect=0
PMLE_LIVE_REPLAY_TIC|tic=4480|mle_ms=10.208|monotonic_ms=10|clock_delta_ms=.208|
clock_suspect=0
PMLE_LIVE_REPLAY_TIC|tic=4481|mle_ms=10.696|monotonic_ms=10|clock_delta_ms=.696|
clock_suspect=0
PMLE_LIVE_REPLAY_TIC|tic=4482|mle_ms=11.639|monotonic_ms=10|clock_delta_ms=1.639
|clock_suspect=0
PMLE_LIVE_REPLAY_TIC|tic=4483|mle_ms=11.642|monotonic_ms=10|clock_delta_ms=1.642
|clock_suspect=0
PMLE_LIVE_REPLAY_TIC|tic=4484|mle_ms=11.479|monotonic_ms=10|clock_delta_ms=1.479
|clock_suspect=0
PMLE_LIVE_REPLAY_TIC|tic=4485|mle_ms=12.377|monotonic_ms=10|clock_delta_ms=2.377
|clock_suspect=0
PMLE_LIVE_REPLAY_TIC|tic=4486|mle_ms=11.146|monotonic_ms=10|clock_delta_ms=1.146
|clock_suspect=0
PMLE_LIVE_REPLAY_TIC|tic=4487|mle_ms=8.4|monotonic_ms=10|clock_delta_ms=1.6|cloc
k_suspect=0
PMLE_LIVE_REPLAY_TIC|tic=4488|mle_ms=9.695|monotonic_ms=10|clock_delta_ms=.305|c
lock_suspect=0
PMLE_LIVE_REPLAY_TIC|tic=4489|mle_ms=10.705|monotonic_ms=10|clock_delta_ms=.705|
clock_suspect=0
PMLE_LIVE_REPLAY_TIC|tic=4490|mle_ms=10.017|monotonic_ms=10|clock_delta_ms=.017|
clock_suspect=0
PMLE_LIVE_REPLAY_TIC|tic=4491|mle_ms=8.945|monotonic_ms=10|clock_delta_ms=1.055|
clock_suspect=0
PMLE_LIVE_REPLAY_TIC|tic=4492|mle_ms=9.442|monotonic_ms=10|clock_delta_ms=.558|c
lock_suspect=0
PMLE_LIVE_REPLAY_TIC|tic=4493|mle_ms=9.954|monotonic_ms=10|clock_delta_ms=.046|c
lock_suspect=0
PMLE_LIVE_REPLAY_TIC|tic=4494|mle_ms=13.058|monotonic_ms=20|clock_delta_ms=6.942
|clock_suspect=0
PMLE_LIVE_REPLAY_TIC|tic=4495|mle_ms=11.413|monotonic_ms=10|clock_delta_ms=1.413
|clock_suspect=0
PMLE_LIVE_REPLAY_TIC|tic=4496|mle_ms=11.44|monotonic_ms=10|clock_delta_ms=1.44|c
lock_suspect=0
PMLE_LIVE_REPLAY_TIC|tic=4497|mle_ms=8.995|monotonic_ms=10|clock_delta_ms=1.005|
clock_suspect=0
PMLE_LIVE_REPLAY_TIC|tic=4498|mle_ms=10.849|monotonic_ms=10|clock_delta_ms=.849|
clock_suspect=0
PMLE_LIVE_REPLAY_TIC|tic=4499|mle_ms=10.642|monotonic_ms=10|clock_delta_ms=.642|
clock_suspect=0
PMLE_LIVE_REPLAY_TIC|tic=4500|mle_ms=10.654|monotonic_ms=10|clock_delta_ms=.654|
clock_suspect=0
PMLE_LIVE_REPLAY_TIC|tic=4501|mle_ms=10.125|monotonic_ms=10|clock_delta_ms=.125|
clock_suspect=0
PMLE_LIVE_REPLAY_TIC|tic=4502|mle_ms=10.271|monotonic_ms=10|clock_delta_ms=.271|
clock_suspect=0
PMLE_LIVE_REPLAY_TIC|tic=4503|mle_ms=9.874|monotonic_ms=10|clock_delta_ms=.126|c
lock_suspect=0
PMLE_LIVE_REPLAY_TIC|tic=4504|mle_ms=9.674|monotonic_ms=10|clock_delta_ms=.326|c
lock_suspect=0
PMLE_LIVE_REPLAY_TIC|tic=4505|mle_ms=8.665|monotonic_ms=10|clock_delta_ms=1.335|
clock_suspect=0
PMLE_LIVE_REPLAY_TIC|tic=4506|mle_ms=11.564|monotonic_ms=10|clock_delta_ms=1.564
|clock_suspect=0
PMLE_LIVE_REPLAY_TIC|tic=4507|mle_ms=9.82|monotonic_ms=10|clock_delta_ms=.18|clo
ck_suspect=0
PMLE_LIVE_REPLAY_TIC|tic=4508|mle_ms=9.348|monotonic_ms=10|clock_delta_ms=.652|c
lock_suspect=0
PMLE_LIVE_REPLAY_TIC|tic=4509|mle_ms=8.957|monotonic_ms=10|clock_delta_ms=1.043|
clock_suspect=0
PMLE_LIVE_REPLAY_TIC|tic=4510|mle_ms=11.535|monotonic_ms=10|clock_delta_ms=1.535
|clock_suspect=0
PMLE_LIVE_REPLAY_TIC|tic=4511|mle_ms=9.593|monotonic_ms=10|clock_delta_ms=.407|c
lock_suspect=0
PMLE_LIVE_REPLAY_TIC|tic=4512|mle_ms=10.706|monotonic_ms=10|clock_delta_ms=.706|
clock_suspect=0
PMLE_LIVE_REPLAY_TIC|tic=4513|mle_ms=10.312|monotonic_ms=10|clock_delta_ms=.312|
clock_suspect=0
PMLE_LIVE_REPLAY_TIC|tic=4514|mle_ms=9.549|monotonic_ms=10|clock_delta_ms=.451|c
lock_suspect=0
PMLE_LIVE_REPLAY_TIC|tic=4515|mle_ms=8.224|monotonic_ms=10|clock_delta_ms=1.776|
clock_suspect=0
PMLE_LIVE_REPLAY_TIC|tic=4516|mle_ms=10.253|monotonic_ms=10|clock_delta_ms=.253|
clock_suspect=0
PMLE_LIVE_REPLAY_TIC|tic=4517|mle_ms=7.935|monotonic_ms=10|clock_delta_ms=2.065|
clock_suspect=0
PMLE_LIVE_REPLAY_TIC|tic=4518|mle_ms=9.913|monotonic_ms=10|clock_delta_ms=.087|c
lock_suspect=0
PMLE_LIVE_REPLAY_TIC|tic=4519|mle_ms=10.757|monotonic_ms=10|clock_delta_ms=.757|
clock_suspect=0
PMLE_LIVE_REPLAY_TIC|tic=4520|mle_ms=10.091|monotonic_ms=10|clock_delta_ms=.091|
clock_suspect=0
PMLE_LIVE_REPLAY_TIC|tic=4521|mle_ms=9.361|monotonic_ms=10|clock_delta_ms=.639|c
lock_suspect=0
PMLE_LIVE_REPLAY_TIC|tic=4522|mle_ms=9.96|monotonic_ms=10|clock_delta_ms=.04|clo
ck_suspect=0
PMLE_LIVE_REPLAY_TIC|tic=4523|mle_ms=10.039|monotonic_ms=10|clock_delta_ms=.039|
clock_suspect=0
PMLE_LIVE_REPLAY_TIC|tic=4524|mle_ms=11.131|monotonic_ms=10|clock_delta_ms=1.131
|clock_suspect=0
PMLE_LIVE_REPLAY_TIC|tic=4525|mle_ms=9.675|monotonic_ms=10|clock_delta_ms=.325|c
lock_suspect=0
PMLE_LIVE_REPLAY_TIC|tic=4526|mle_ms=9.852|monotonic_ms=10|clock_delta_ms=.148|c
lock_suspect=0
PMLE_LIVE_REPLAY_TIC|tic=4527|mle_ms=7.921|monotonic_ms=10|clock_delta_ms=2.079|
clock_suspect=0
PMLE_LIVE_REPLAY_TIC|tic=4528|mle_ms=10.725|monotonic_ms=10|clock_delta_ms=.725|
clock_suspect=0
PMLE_LIVE_REPLAY_TIC|tic=4529|mle_ms=9.427|monotonic_ms=10|clock_delta_ms=.573|c
lock_suspect=0
PMLE_LIVE_REPLAY_TIC|tic=4530|mle_ms=10.375|monotonic_ms=10|clock_delta_ms=.375|
clock_suspect=0
PMLE_LIVE_REPLAY_TIC|tic=4531|mle_ms=10.314|monotonic_ms=10|clock_delta_ms=.314|
clock_suspect=0
PMLE_LIVE_REPLAY_TIC|tic=4532|mle_ms=9.922|monotonic_ms=10|clock_delta_ms=.078|c
lock_suspect=0
PMLE_LIVE_REPLAY_TIC|tic=4533|mle_ms=8.764|monotonic_ms=10|clock_delta_ms=1.236|
clock_suspect=0
PMLE_LIVE_REPLAY_TIC|tic=4534|mle_ms=9.481|monotonic_ms=10|clock_delta_ms=.519|c
lock_suspect=0
PMLE_LIVE_REPLAY_TIC|tic=4535|mle_ms=10.537|monotonic_ms=10|clock_delta_ms=.537|
clock_suspect=0
PMLE_LIVE_REPLAY_TIC|tic=4536|mle_ms=9.991|monotonic_ms=10|clock_delta_ms=.009|c
lock_suspect=0
PMLE_LIVE_REPLAY_TIC|tic=4537|mle_ms=8.961|monotonic_ms=10|clock_delta_ms=1.039|
clock_suspect=0
PMLE_LIVE_REPLAY_TIC|tic=4538|mle_ms=9.782|monotonic_ms=10|clock_delta_ms=.218|c
lock_suspect=0
PMLE_LIVE_REPLAY_TIC|tic=4539|mle_ms=9.632|monotonic_ms=10|clock_delta_ms=.368|c
lock_suspect=0
PMLE_LIVE_REPLAY_TIC|tic=4540|mle_ms=10.4|monotonic_ms=10|clock_delta_ms=.4|cloc
k_suspect=0
PMLE_LIVE_REPLAY_TIC|tic=4541|mle_ms=9.882|monotonic_ms=10|clock_delta_ms=.118|c
lock_suspect=0
PMLE_LIVE_REPLAY_TIC|tic=4542|mle_ms=12.008|monotonic_ms=10|clock_delta_ms=2.008
|clock_suspect=0
PMLE_LIVE_REPLAY_TIC|tic=4543|mle_ms=12.299|monotonic_ms=10|clock_delta_ms=2.299
|clock_suspect=0
PMLE_LIVE_REPLAY_TIC|tic=4544|mle_ms=11.662|monotonic_ms=10|clock_delta_ms=1.662
|clock_suspect=0
PMLE_LIVE_REPLAY_TIC|tic=4545|mle_ms=10.096|monotonic_ms=10|clock_delta_ms=.096|
clock_suspect=0
PMLE_LIVE_REPLAY_TIC|tic=4546|mle_ms=10.883|monotonic_ms=10|clock_delta_ms=.883|
clock_suspect=0
PMLE_LIVE_REPLAY_TIC|tic=4547|mle_ms=10.012|monotonic_ms=20|clock_delta_ms=9.988
|clock_suspect=0
PMLE_LIVE_REPLAY_TIC|tic=4548|mle_ms=11.128|monotonic_ms=10|clock_delta_ms=1.128
|clock_suspect=0
PMLE_LIVE_REPLAY_TIC|tic=4549|mle_ms=10.354|monotonic_ms=10|clock_delta_ms=.354|
clock_suspect=0
PMLE_LIVE_REPLAY_TIC|tic=4550|mle_ms=9.994|monotonic_ms=10|clock_delta_ms=.006|c
lock_suspect=0
PMLE_LIVE_REPLAY_TIC|tic=4551|mle_ms=9.093|monotonic_ms=10|clock_delta_ms=.907|c
lock_suspect=0
PMLE_LIVE_REPLAY_TIC|tic=4552|mle_ms=9.511|monotonic_ms=10|clock_delta_ms=.489|c
lock_suspect=0
PMLE_LIVE_REPLAY_TIC|tic=4553|mle_ms=8.84|monotonic_ms=0|clock_delta_ms=8.84|clo
ck_suspect=0
PMLE_LIVE_REPLAY_TIC|tic=4554|mle_ms=10.764|monotonic_ms=20|clock_delta_ms=9.236
|clock_suspect=0
PMLE_LIVE_REPLAY_TIC|tic=4555|mle_ms=8.529|monotonic_ms=0|clock_delta_ms=8.529|c
lock_suspect=0
PMLE_LIVE_REPLAY_TIC|tic=4556|mle_ms=9.095|monotonic_ms=10|clock_delta_ms=.905|c
lock_suspect=0
PMLE_LIVE_REPLAY_TIC|tic=4557|mle_ms=8.093|monotonic_ms=10|clock_delta_ms=1.907|
clock_suspect=0
PMLE_LIVE_REPLAY_TIC|tic=4558|mle_ms=8.796|monotonic_ms=10|clock_delta_ms=1.204|
clock_suspect=0
PMLE_LIVE_REPLAY_TIC|tic=4559|mle_ms=11.401|monotonic_ms=10|clock_delta_ms=1.401
|clock_suspect=0
PMLE_LIVE_REPLAY_TIC|tic=4560|mle_ms=9.74|monotonic_ms=10|clock_delta_ms=.26|clo
ck_suspect=0
PMLE_LIVE_REPLAY_TIC|tic=4561|mle_ms=10.103|monotonic_ms=10|clock_delta_ms=.103|
clock_suspect=0
PMLE_LIVE_REPLAY_TIC|tic=4562|mle_ms=9.863|monotonic_ms=10|clock_delta_ms=.137|c
lock_suspect=0
PMLE_LIVE_REPLAY_TIC|tic=4563|mle_ms=8.617|monotonic_ms=10|clock_delta_ms=1.383|
clock_suspect=0
PMLE_LIVE_REPLAY_TIC|tic=4564|mle_ms=10.017|monotonic_ms=10|clock_delta_ms=.017|
clock_suspect=0
PMLE_LIVE_REPLAY_TIC|tic=4565|mle_ms=8.147|monotonic_ms=10|clock_delta_ms=1.853|
clock_suspect=0
PMLE_LIVE_REPLAY_TIC|tic=4566|mle_ms=9.707|monotonic_ms=10|clock_delta_ms=.293|c
lock_suspect=0
PMLE_LIVE_REPLAY_TIC|tic=4567|mle_ms=8.071|monotonic_ms=10|clock_delta_ms=1.929|
clock_suspect=0
PMLE_LIVE_REPLAY_TIC|tic=4568|mle_ms=9.85|monotonic_ms=10|clock_delta_ms=.15|clo
ck_suspect=0
PMLE_LIVE_REPLAY_TIC|tic=4569|mle_ms=8.855|monotonic_ms=10|clock_delta_ms=1.145|
clock_suspect=0
PMLE_LIVE_REPLAY_TIC|tic=4570|mle_ms=9.949|monotonic_ms=10|clock_delta_ms=.051|c
lock_suspect=0
PMLE_LIVE_REPLAY_TIC|tic=4571|mle_ms=9.813|monotonic_ms=10|clock_delta_ms=.187|c
lock_suspect=0
PMLE_LIVE_REPLAY_TIC|tic=4572|mle_ms=10.791|monotonic_ms=10|clock_delta_ms=.791|
clock_suspect=0
PMLE_LIVE_REPLAY_TIC|tic=4573|mle_ms=10.915|monotonic_ms=10|clock_delta_ms=.915|
clock_suspect=0
PMLE_LIVE_REPLAY_TIC|tic=4574|mle_ms=12.24|monotonic_ms=10|clock_delta_ms=2.24|c
lock_suspect=0
PMLE_LIVE_REPLAY_TIC|tic=4575|mle_ms=10.119|monotonic_ms=10|clock_delta_ms=.119|
clock_suspect=0
PMLE_LIVE_REPLAY_TIC|tic=4576|mle_ms=11.998|monotonic_ms=10|clock_delta_ms=1.998
|clock_suspect=0
PMLE_LIVE_REPLAY_TIC|tic=4577|mle_ms=10.376|monotonic_ms=10|clock_delta_ms=.376|
clock_suspect=0
PMLE_LIVE_REPLAY_TIC|tic=4578|mle_ms=11.22|monotonic_ms=10|clock_delta_ms=1.22|c
lock_suspect=0
PMLE_LIVE_REPLAY_TIC|tic=4579|mle_ms=11.95|monotonic_ms=20|clock_delta_ms=8.05|c
lock_suspect=0
PMLE_LIVE_REPLAY_TIC|tic=4580|mle_ms=11.228|monotonic_ms=10|clock_delta_ms=1.228
|clock_suspect=0
PMLE_LIVE_REPLAY_TIC|tic=4581|mle_ms=10.375|monotonic_ms=10|clock_delta_ms=.375|
clock_suspect=0
PMLE_LIVE_REPLAY_TIC|tic=4582|mle_ms=12.391|monotonic_ms=10|clock_delta_ms=2.391
|clock_suspect=0
PMLE_LIVE_REPLAY_TIC|tic=4583|mle_ms=12.411|monotonic_ms=10|clock_delta_ms=2.411
|clock_suspect=0
PMLE_LIVE_REPLAY_TIC|tic=4584|mle_ms=16.412|monotonic_ms=20|clock_delta_ms=3.588
|clock_suspect=0
PMLE_LIVE_REPLAY_TIC|tic=4585|mle_ms=12.359|monotonic_ms=10|clock_delta_ms=2.359
|clock_suspect=0
PMLE_LIVE_REPLAY_TIC|tic=4586|mle_ms=13.266|monotonic_ms=10|clock_delta_ms=3.266
|clock_suspect=0
PMLE_LIVE_REPLAY_TIC|tic=4587|mle_ms=10.876|monotonic_ms=20|clock_delta_ms=9.124
|clock_suspect=0
PMLE_LIVE_REPLAY_TIC|tic=4588|mle_ms=11.996|monotonic_ms=10|clock_delta_ms=1.996
|clock_suspect=0
PMLE_LIVE_REPLAY_TIC|tic=4589|mle_ms=12.167|monotonic_ms=10|clock_delta_ms=2.167
|clock_suspect=0
PMLE_LIVE_REPLAY_TIC|tic=4590|mle_ms=13.304|monotonic_ms=10|clock_delta_ms=3.304
|clock_suspect=0
PMLE_LIVE_REPLAY_TIC|tic=4591|mle_ms=12.246|monotonic_ms=20|clock_delta_ms=7.754
|clock_suspect=0
PMLE_LIVE_REPLAY_TIC|tic=4592|mle_ms=11.328|monotonic_ms=10|clock_delta_ms=1.328
|clock_suspect=0
PMLE_LIVE_REPLAY_TIC|tic=4593|mle_ms=11.185|monotonic_ms=10|clock_delta_ms=1.185
|clock_suspect=0
PMLE_LIVE_REPLAY_TIC|tic=4594|mle_ms=12.492|monotonic_ms=10|clock_delta_ms=2.492
|clock_suspect=0
PMLE_LIVE_REPLAY_TIC|tic=4595|mle_ms=11.924|monotonic_ms=10|clock_delta_ms=1.924
|clock_suspect=0
PMLE_LIVE_REPLAY_TIC|tic=4596|mle_ms=14.088|monotonic_ms=20|clock_delta_ms=5.912
|clock_suspect=0
PMLE_LIVE_REPLAY_TIC|tic=4597|mle_ms=11.215|monotonic_ms=10|clock_delta_ms=1.215
|clock_suspect=0
PMLE_LIVE_REPLAY_TIC|tic=4598|mle_ms=10.841|monotonic_ms=10|clock_delta_ms=.841|
clock_suspect=0
PMLE_LIVE_REPLAY_TIC|tic=4599|mle_ms=10.341|monotonic_ms=10|clock_delta_ms=.341|
clock_suspect=0
PMLE_LIVE_REPLAY_TIC|tic=4600|mle_ms=11.147|monotonic_ms=10|clock_delta_ms=1.147
|clock_suspect=0
PMLE_LIVE_REPLAY_TIC|tic=4601|mle_ms=11.617|monotonic_ms=10|clock_delta_ms=1.617
|clock_suspect=0
PMLE_LIVE_REPLAY_TIC|tic=4602|mle_ms=14.158|monotonic_ms=10|clock_delta_ms=4.158
|clock_suspect=0
PMLE_LIVE_REPLAY_TIC|tic=4603|mle_ms=12.77|monotonic_ms=10|clock_delta_ms=2.77|c
lock_suspect=0
PMLE_LIVE_REPLAY_TIC|tic=4604|mle_ms=11.798|monotonic_ms=20|clock_delta_ms=8.202
|clock_suspect=0
PMLE_LIVE_REPLAY_TIC|tic=4605|mle_ms=9.624|monotonic_ms=10|clock_delta_ms=.376|c
lock_suspect=0
PMLE_LIVE_REPLAY_TIC|tic=4606|mle_ms=11.374|monotonic_ms=10|clock_delta_ms=1.374
|clock_suspect=0
PMLE_LIVE_REPLAY_TIC|tic=4607|mle_ms=11.438|monotonic_ms=10|clock_delta_ms=1.438
|clock_suspect=0
PMLE_LIVE_REPLAY_TIC|tic=4608|mle_ms=9.815|monotonic_ms=10|clock_delta_ms=.185|c
lock_suspect=0
PMLE_LIVE_REPLAY_TIC|tic=4609|mle_ms=8.794|monotonic_ms=10|clock_delta_ms=1.206|
clock_suspect=0
PMLE_LIVE_REPLAY_TIC|tic=4610|mle_ms=9.413|monotonic_ms=10|clock_delta_ms=.587|c
lock_suspect=0
PMLE_LIVE_REPLAY_TIC|tic=4611|mle_ms=10.152|monotonic_ms=10|clock_delta_ms=.152|
clock_suspect=0
PMLE_LIVE_REPLAY_TIC|tic=4612|mle_ms=10.863|monotonic_ms=10|clock_delta_ms=.863|
clock_suspect=0
PMLE_LIVE_REPLAY_TIC|tic=4613|mle_ms=10.898|monotonic_ms=10|clock_delta_ms=.898|
clock_suspect=0
PMLE_LIVE_REPLAY_TIC|tic=4614|mle_ms=11.688|monotonic_ms=10|clock_delta_ms=1.688
|clock_suspect=0
PMLE_LIVE_REPLAY_TIC|tic=4615|mle_ms=9.432|monotonic_ms=10|clock_delta_ms=.568|c
lock_suspect=0
PMLE_LIVE_REPLAY_TIC|tic=4616|mle_ms=9.597|monotonic_ms=10|clock_delta_ms=.403|c
lock_suspect=0
PMLE_LIVE_REPLAY_TIC|tic=4617|mle_ms=7.485|monotonic_ms=10|clock_delta_ms=2.515|
clock_suspect=0
PMLE_LIVE_REPLAY_TIC|tic=4618|mle_ms=8.069|monotonic_ms=10|clock_delta_ms=1.931|
clock_suspect=0
PMLE_LIVE_REPLAY_TIC|tic=4619|mle_ms=7.834|monotonic_ms=0|clock_delta_ms=7.834|c
lock_suspect=0
PMLE_LIVE_REPLAY_TIC|tic=4620|mle_ms=8.981|monotonic_ms=10|clock_delta_ms=1.019|
clock_suspect=0
PMLE_LIVE_REPLAY_TIC|tic=4621|mle_ms=9.542|monotonic_ms=10|clock_delta_ms=.458|c
lock_suspect=0
PMLE_LIVE_REPLAY_TIC|tic=4622|mle_ms=10.767|monotonic_ms=10|clock_delta_ms=.767|
clock_suspect=0
PMLE_LIVE_REPLAY_TIC|tic=4623|mle_ms=10.421|monotonic_ms=10|clock_delta_ms=.421|
clock_suspect=0
PMLE_LIVE_REPLAY_TIC|tic=4624|mle_ms=11.796|monotonic_ms=20|clock_delta_ms=8.204
|clock_suspect=0
PMLE_LIVE_REPLAY_TIC|tic=4625|mle_ms=9.654|monotonic_ms=10|clock_delta_ms=.346|c
lock_suspect=0
PMLE_LIVE_REPLAY_TIC|tic=4626|mle_ms=10.12|monotonic_ms=10|clock_delta_ms=.12|cl
ock_suspect=0
PMLE_LIVE_REPLAY_TIC|tic=4627|mle_ms=8.209|monotonic_ms=0|clock_delta_ms=8.209|c
lock_suspect=0
PMLE_LIVE_REPLAY_TIC|tic=4628|mle_ms=8.369|monotonic_ms=10|clock_delta_ms=1.631|
clock_suspect=0
PMLE_LIVE_REPLAY_TIC|tic=4629|mle_ms=7.545|monotonic_ms=10|clock_delta_ms=2.455|
clock_suspect=0
PMLE_LIVE_REPLAY_TIC|tic=4630|mle_ms=7.746|monotonic_ms=10|clock_delta_ms=2.254|
clock_suspect=0
PMLE_LIVE_REPLAY_TIC|tic=4631|mle_ms=10.505|monotonic_ms=10|clock_delta_ms=.505|
clock_suspect=0
PMLE_LIVE_REPLAY_TIC|tic=4632|mle_ms=11.709|monotonic_ms=10|clock_delta_ms=1.709
|clock_suspect=0
PMLE_LIVE_REPLAY_TIC|tic=4633|mle_ms=12.263|monotonic_ms=10|clock_delta_ms=2.263
|clock_suspect=0
PMLE_LIVE_REPLAY_TIC|tic=4634|mle_ms=11.964|monotonic_ms=10|clock_delta_ms=1.964
|clock_suspect=0
PMLE_LIVE_REPLAY_TIC|tic=4635|mle_ms=10.146|monotonic_ms=10|clock_delta_ms=.146|
clock_suspect=0
PMLE_LIVE_REPLAY_TIC|tic=4636|mle_ms=12.112|monotonic_ms=20|clock_delta_ms=7.888
|clock_suspect=0
PMLE_LIVE_REPLAY_TIC|tic=4637|mle_ms=10.347|monotonic_ms=10|clock_delta_ms=.347|
clock_suspect=0
PMLE_LIVE_REPLAY_TIC|tic=4638|mle_ms=10.307|monotonic_ms=10|clock_delta_ms=.307|
clock_suspect=0
PMLE_LIVE_REPLAY_TIC|tic=4639|mle_ms=9.69|monotonic_ms=10|clock_delta_ms=.31|clo
ck_suspect=0
PMLE_LIVE_REPLAY_TIC|tic=4640|mle_ms=9.696|monotonic_ms=10|clock_delta_ms=.304|c
lock_suspect=0
PMLE_LIVE_REPLAY_TIC|tic=4641|mle_ms=10.393|monotonic_ms=10|clock_delta_ms=.393|
clock_suspect=0
PMLE_LIVE_REPLAY_TIC|tic=4642|mle_ms=11.104|monotonic_ms=10|clock_delta_ms=1.104
|clock_suspect=0
PMLE_LIVE_REPLAY_TIC|tic=4643|mle_ms=10.998|monotonic_ms=10|clock_delta_ms=.998|
clock_suspect=0
PMLE_LIVE_REPLAY_TIC|tic=4644|mle_ms=11.807|monotonic_ms=10|clock_delta_ms=1.807
|clock_suspect=0
PMLE_LIVE_REPLAY_TIC|tic=4645|mle_ms=10.774|monotonic_ms=10|clock_delta_ms=.774|
clock_suspect=0
PMLE_LIVE_REPLAY_TIC|tic=4646|mle_ms=10.548|monotonic_ms=10|clock_delta_ms=.548|
clock_suspect=0
PMLE_LIVE_REPLAY_TIC|tic=4647|mle_ms=7.412|monotonic_ms=10|clock_delta_ms=2.588|
clock_suspect=0
PMLE_LIVE_REPLAY_TIC|tic=4648|mle_ms=8.509|monotonic_ms=10|clock_delta_ms=1.491|
clock_suspect=0
PMLE_LIVE_REPLAY_TIC|tic=4649|mle_ms=9.876|monotonic_ms=10|clock_delta_ms=.124|c
lock_suspect=0
PMLE_LIVE_REPLAY_TIC|tic=4650|mle_ms=10.303|monotonic_ms=10|clock_delta_ms=.303|
clock_suspect=0
PMLE_LIVE_REPLAY_TIC|tic=4651|mle_ms=9.549|monotonic_ms=10|clock_delta_ms=.451|c
lock_suspect=0
PMLE_LIVE_REPLAY_TIC|tic=4652|mle_ms=9.826|monotonic_ms=10|clock_delta_ms=.174|c
lock_suspect=0
PMLE_LIVE_REPLAY_TIC|tic=4653|mle_ms=9.251|monotonic_ms=10|clock_delta_ms=.749|c
lock_suspect=0
PMLE_LIVE_REPLAY_TIC|tic=4654|mle_ms=10.179|monotonic_ms=10|clock_delta_ms=.179|
clock_suspect=0
PMLE_LIVE_REPLAY_TIC|tic=4655|mle_ms=10.985|monotonic_ms=10|clock_delta_ms=.985|
clock_suspect=0
PMLE_LIVE_REPLAY_TIC|tic=4656|mle_ms=10.987|monotonic_ms=10|clock_delta_ms=.987|
clock_suspect=0
PMLE_LIVE_REPLAY_TIC|tic=4657|mle_ms=8.135|monotonic_ms=10|clock_delta_ms=1.865|
clock_suspect=0
PMLE_LIVE_REPLAY_TIC|tic=4658|mle_ms=7.763|monotonic_ms=10|clock_delta_ms=2.237|
clock_suspect=0
PMLE_LIVE_REPLAY_TIC|tic=4659|mle_ms=8.674|monotonic_ms=10|clock_delta_ms=1.326|
clock_suspect=0
PMLE_LIVE_REPLAY_TIC|tic=4660|mle_ms=9.249|monotonic_ms=10|clock_delta_ms=.751|c
lock_suspect=0
PMLE_LIVE_REPLAY_TIC|tic=4661|mle_ms=10.511|monotonic_ms=10|clock_delta_ms=.511|
clock_suspect=0
PMLE_LIVE_REPLAY_TIC|tic=4662|mle_ms=11.486|monotonic_ms=10|clock_delta_ms=1.486
|clock_suspect=0
PMLE_LIVE_REPLAY_TIC|tic=4663|mle_ms=11.616|monotonic_ms=10|clock_delta_ms=1.616
|clock_suspect=0
PMLE_LIVE_REPLAY_TIC|tic=4664|mle_ms=11.956|monotonic_ms=10|clock_delta_ms=1.956
|clock_suspect=0
PMLE_LIVE_REPLAY_TIC|tic=4665|mle_ms=9.813|monotonic_ms=10|clock_delta_ms=.187|c
lock_suspect=0
PMLE_LIVE_REPLAY_TIC|tic=4666|mle_ms=11.622|monotonic_ms=10|clock_delta_ms=1.622
|clock_suspect=0
PMLE_LIVE_REPLAY_TIC|tic=4667|mle_ms=9.368|monotonic_ms=10|clock_delta_ms=.632|c
lock_suspect=0
PMLE_LIVE_REPLAY_TIC|tic=4668|mle_ms=9.563|monotonic_ms=10|clock_delta_ms=.437|c
lock_suspect=0
PMLE_LIVE_REPLAY_TIC|tic=4669|mle_ms=10.511|monotonic_ms=10|clock_delta_ms=.511|
clock_suspect=0
PMLE_LIVE_REPLAY_TIC|tic=4670|mle_ms=9.754|monotonic_ms=10|clock_delta_ms=.246|c
lock_suspect=0
PMLE_LIVE_REPLAY_TIC|tic=4671|mle_ms=9.655|monotonic_ms=10|clock_delta_ms=.345|c
lock_suspect=0
PMLE_LIVE_REPLAY_TIC|tic=4672|mle_ms=10.668|monotonic_ms=10|clock_delta_ms=.668|
clock_suspect=0
PMLE_LIVE_REPLAY_TIC|tic=4673|mle_ms=10.691|monotonic_ms=10|clock_delta_ms=.691|
clock_suspect=0
PMLE_LIVE_REPLAY_TIC|tic=4674|mle_ms=11.605|monotonic_ms=20|clock_delta_ms=8.395
|clock_suspect=0
PMLE_LIVE_REPLAY_TIC|tic=4675|mle_ms=8.682|monotonic_ms=0|clock_delta_ms=8.682|c
lock_suspect=0
PMLE_LIVE_REPLAY_TIC|tic=4676|mle_ms=10.219|monotonic_ms=10|clock_delta_ms=.219|
clock_suspect=0
PMLE_LIVE_REPLAY_TIC|tic=4677|mle_ms=9.261|monotonic_ms=10|clock_delta_ms=.739|c
lock_suspect=0
PMLE_LIVE_REPLAY_TIC|tic=4678|mle_ms=9.7|monotonic_ms=10|clock_delta_ms=.3|clock
_suspect=0
PMLE_LIVE_REPLAY_TIC|tic=4679|mle_ms=12.232|monotonic_ms=20|clock_delta_ms=7.768
|clock_suspect=0
PMLE_LIVE_REPLAY_TIC|tic=4680|mle_ms=11.49|monotonic_ms=10|clock_delta_ms=1.49|c
lock_suspect=0
PMLE_LIVE_REPLAY_TIC|tic=4681|mle_ms=10.29|monotonic_ms=10|clock_delta_ms=.29|cl
ock_suspect=0
PMLE_LIVE_REPLAY_TIC|tic=4682|mle_ms=10.985|monotonic_ms=10|clock_delta_ms=.985|
clock_suspect=0
PMLE_LIVE_REPLAY_TIC|tic=4683|mle_ms=10.801|monotonic_ms=10|clock_delta_ms=.801|
clock_suspect=0
PMLE_LIVE_REPLAY_TIC|tic=4684|mle_ms=11.792|monotonic_ms=10|clock_delta_ms=1.792
|clock_suspect=0
PMLE_LIVE_REPLAY_TIC|tic=4685|mle_ms=12.319|monotonic_ms=10|clock_delta_ms=2.319
|clock_suspect=0
PMLE_LIVE_REPLAY_TIC|tic=4686|mle_ms=13.167|monotonic_ms=20|clock_delta_ms=6.833
|clock_suspect=0
PMLE_LIVE_REPLAY_TIC|tic=4687|mle_ms=10.644|monotonic_ms=10|clock_delta_ms=.644|
clock_suspect=0
PMLE_LIVE_REPLAY_TIC|tic=4688|mle_ms=10.452|monotonic_ms=10|clock_delta_ms=.452|
clock_suspect=0
PMLE_LIVE_REPLAY_TIC|tic=4689|mle_ms=9.523|monotonic_ms=10|clock_delta_ms=.477|c
lock_suspect=0
PMLE_LIVE_REPLAY_TIC|tic=4690|mle_ms=9.748|monotonic_ms=10|clock_delta_ms=.252|c
lock_suspect=0
PMLE_LIVE_REPLAY_TIC|tic=4691|mle_ms=9.408|monotonic_ms=10|clock_delta_ms=.592|c
lock_suspect=0
PMLE_LIVE_REPLAY_TIC|tic=4692|mle_ms=10.988|monotonic_ms=10|clock_delta_ms=.988|
clock_suspect=0
PMLE_LIVE_REPLAY_TIC|tic=4693|mle_ms=10.183|monotonic_ms=10|clock_delta_ms=.183|
clock_suspect=0
PMLE_LIVE_REPLAY_TIC|tic=4694|mle_ms=9.202|monotonic_ms=10|clock_delta_ms=.798|c
lock_suspect=0
PMLE_LIVE_REPLAY_TIC|tic=4695|mle_ms=8.828|monotonic_ms=10|clock_delta_ms=1.172|
clock_suspect=0
PMLE_LIVE_REPLAY_TIC|tic=4696|mle_ms=11.477|monotonic_ms=10|clock_delta_ms=1.477
|clock_suspect=0
PMLE_LIVE_REPLAY_TIC|tic=4697|mle_ms=9.115|monotonic_ms=10|clock_delta_ms=.885|c
lock_suspect=0
PMLE_LIVE_REPLAY_TIC|tic=4698|mle_ms=9.592|monotonic_ms=10|clock_delta_ms=.408|c
lock_suspect=0
PMLE_LIVE_REPLAY_TIC|tic=4699|mle_ms=9.396|monotonic_ms=10|clock_delta_ms=.604|c
lock_suspect=0
PMLE_LIVE_REPLAY_TIC|tic=4700|mle_ms=7.951|monotonic_ms=0|clock_delta_ms=7.951|c
lock_suspect=0
PMLE_LIVE_REPLAY_TIC|tic=4701|mle_ms=9.263|monotonic_ms=10|clock_delta_ms=.737|c
lock_suspect=0
PMLE_LIVE_REPLAY_TIC|tic=4702|mle_ms=9.033|monotonic_ms=10|clock_delta_ms=.967|c
lock_suspect=0
PMLE_LIVE_REPLAY_TIC|tic=4703|mle_ms=8.964|monotonic_ms=10|clock_delta_ms=1.036|
clock_suspect=0
PMLE_LIVE_REPLAY_TIC|tic=4704|mle_ms=12.211|monotonic_ms=10|clock_delta_ms=2.211
|clock_suspect=0
PMLE_LIVE_REPLAY_TIC|tic=4705|mle_ms=10.914|monotonic_ms=10|clock_delta_ms=.914|
clock_suspect=0
PMLE_LIVE_REPLAY_TIC|tic=4706|mle_ms=11.263|monotonic_ms=20|clock_delta_ms=8.737
|clock_suspect=0
PMLE_LIVE_REPLAY_TIC|tic=4707|mle_ms=9.633|monotonic_ms=0|clock_delta_ms=9.633|c
lock_suspect=0
PMLE_LIVE_REPLAY_TIC|tic=4708|mle_ms=10.133|monotonic_ms=10|clock_delta_ms=.133|
clock_suspect=0
PMLE_LIVE_REPLAY_TIC|tic=4709|mle_ms=10.08|monotonic_ms=10|clock_delta_ms=.08|cl
ock_suspect=0
PMLE_LIVE_REPLAY_TIC|tic=4710|mle_ms=9.951|monotonic_ms=10|clock_delta_ms=.049|c
lock_suspect=0
PMLE_LIVE_REPLAY_TIC|tic=4711|mle_ms=9.824|monotonic_ms=10|clock_delta_ms=.176|c
lock_suspect=0
PMLE_LIVE_REPLAY_TIC|tic=4712|mle_ms=11.157|monotonic_ms=10|clock_delta_ms=1.157
|clock_suspect=0
PMLE_LIVE_REPLAY_TIC|tic=4713|mle_ms=10.233|monotonic_ms=10|clock_delta_ms=.233|
clock_suspect=0
PMLE_LIVE_REPLAY_TIC|tic=4714|mle_ms=11.309|monotonic_ms=10|clock_delta_ms=1.309
|clock_suspect=0
PMLE_LIVE_REPLAY_TIC|tic=4715|mle_ms=10.832|monotonic_ms=10|clock_delta_ms=.832|
clock_suspect=0
PMLE_LIVE_REPLAY_TIC|tic=4716|mle_ms=12.387|monotonic_ms=10|clock_delta_ms=2.387
|clock_suspect=0
PMLE_LIVE_REPLAY_TIC|tic=4717|mle_ms=10.088|monotonic_ms=10|clock_delta_ms=.088|
clock_suspect=0
PMLE_LIVE_REPLAY_TIC|tic=4718|mle_ms=9.977|monotonic_ms=10|clock_delta_ms=.023|c
lock_suspect=0
PMLE_LIVE_REPLAY_TIC|tic=4719|mle_ms=9.099|monotonic_ms=10|clock_delta_ms=.901|c
lock_suspect=0
PMLE_LIVE_REPLAY_TIC|tic=4720|mle_ms=9.616|monotonic_ms=10|clock_delta_ms=.384|c
lock_suspect=0
PMLE_LIVE_REPLAY_TIC|tic=4721|mle_ms=9.262|monotonic_ms=10|clock_delta_ms=.738|c
lock_suspect=0
PMLE_LIVE_REPLAY_TIC|tic=4722|mle_ms=10.887|monotonic_ms=10|clock_delta_ms=.887|
clock_suspect=0
PMLE_LIVE_REPLAY_TIC|tic=4723|mle_ms=9.065|monotonic_ms=10|clock_delta_ms=.935|c
lock_suspect=0
PMLE_LIVE_REPLAY_TIC|tic=4724|mle_ms=11.612|monotonic_ms=10|clock_delta_ms=1.612
|clock_suspect=0
PMLE_LIVE_REPLAY_TIC|tic=4725|mle_ms=9.835|monotonic_ms=10|clock_delta_ms=.165|c
lock_suspect=0
PMLE_LIVE_REPLAY_TIC|tic=4726|mle_ms=11.562|monotonic_ms=10|clock_delta_ms=1.562
|clock_suspect=0
PMLE_LIVE_REPLAY_TIC|tic=4727|mle_ms=9.371|monotonic_ms=10|clock_delta_ms=.629|c
lock_suspect=0
PMLE_LIVE_REPLAY_TIC|tic=4728|mle_ms=11.268|monotonic_ms=10|clock_delta_ms=1.268
|clock_suspect=0
PMLE_LIVE_REPLAY_TIC|tic=4729|mle_ms=11.055|monotonic_ms=20|clock_delta_ms=8.945
|clock_suspect=0
PMLE_LIVE_REPLAY_TIC|tic=4730|mle_ms=10.537|monotonic_ms=10|clock_delta_ms=.537|
clock_suspect=0
PMLE_LIVE_REPLAY_TIC|tic=4731|mle_ms=10.45|monotonic_ms=10|clock_delta_ms=.45|cl
ock_suspect=0
PMLE_LIVE_REPLAY_TIC|tic=4732|mle_ms=11.069|monotonic_ms=10|clock_delta_ms=1.069
|clock_suspect=0
PMLE_LIVE_REPLAY_TIC|tic=4733|mle_ms=10.838|monotonic_ms=10|clock_delta_ms=.838|
clock_suspect=0
PMLE_LIVE_REPLAY_TIC|tic=4734|mle_ms=12.635|monotonic_ms=10|clock_delta_ms=2.635
|clock_suspect=0
PMLE_LIVE_REPLAY_TIC|tic=4735|mle_ms=11.397|monotonic_ms=10|clock_delta_ms=1.397
|clock_suspect=0
PMLE_LIVE_REPLAY_TIC|tic=4736|mle_ms=12.285|monotonic_ms=10|clock_delta_ms=2.285
|clock_suspect=0
PMLE_LIVE_REPLAY_TIC|tic=4737|mle_ms=9.335|monotonic_ms=10|clock_delta_ms=.665|c
lock_suspect=0
PMLE_LIVE_REPLAY_TIC|tic=4738|mle_ms=9.275|monotonic_ms=10|clock_delta_ms=.725|c
lock_suspect=0
PMLE_LIVE_REPLAY_TIC|tic=4739|mle_ms=9.606|monotonic_ms=10|clock_delta_ms=.394|c
lock_suspect=0
PMLE_LIVE_REPLAY_TIC|tic=4740|mle_ms=10.04|monotonic_ms=10|clock_delta_ms=.04|cl
ock_suspect=0
PMLE_LIVE_REPLAY_TIC|tic=4741|mle_ms=9.289|monotonic_ms=10|clock_delta_ms=.711|c
lock_suspect=0
PMLE_LIVE_REPLAY_TIC|tic=4742|mle_ms=8.494|monotonic_ms=10|clock_delta_ms=1.506|
clock_suspect=0
PMLE_LIVE_REPLAY_TIC|tic=4743|mle_ms=8.653|monotonic_ms=10|clock_delta_ms=1.347|
clock_suspect=0
PMLE_LIVE_REPLAY_TIC|tic=4744|mle_ms=11.235|monotonic_ms=10|clock_delta_ms=1.235
|clock_suspect=0
PMLE_LIVE_REPLAY_TIC|tic=4745|mle_ms=9.85|monotonic_ms=10|clock_delta_ms=.15|clo
ck_suspect=0
PMLE_LIVE_REPLAY_TIC|tic=4746|mle_ms=11.565|monotonic_ms=10|clock_delta_ms=1.565
|clock_suspect=0
PMLE_LIVE_REPLAY_TIC|tic=4747|mle_ms=12.026|monotonic_ms=20|clock_delta_ms=7.974
|clock_suspect=0
PMLE_LIVE_REPLAY_TIC|tic=4748|mle_ms=8.801|monotonic_ms=0|clock_delta_ms=8.801|c
lock_suspect=0
PMLE_LIVE_REPLAY_TIC|tic=4749|mle_ms=8.006|monotonic_ms=10|clock_delta_ms=1.994|
clock_suspect=0
PMLE_LIVE_REPLAY_TIC|tic=4750|mle_ms=9.586|monotonic_ms=10|clock_delta_ms=.414|c
lock_suspect=0
PMLE_LIVE_REPLAY_TIC|tic=4751|mle_ms=9.098|monotonic_ms=10|clock_delta_ms=.902|c
lock_suspect=0
PMLE_LIVE_REPLAY_TIC|tic=4752|mle_ms=9.123|monotonic_ms=10|clock_delta_ms=.877|c
lock_suspect=0
PMLE_LIVE_REPLAY_TIC|tic=4753|mle_ms=10.148|monotonic_ms=10|clock_delta_ms=.148|
clock_suspect=0
PMLE_LIVE_REPLAY_TIC|tic=4754|mle_ms=10.371|monotonic_ms=10|clock_delta_ms=.371|
clock_suspect=0
PMLE_LIVE_REPLAY_TIC|tic=4755|mle_ms=9.465|monotonic_ms=10|clock_delta_ms=.535|c
lock_suspect=0
PMLE_LIVE_REPLAY_TIC|tic=4756|mle_ms=11.429|monotonic_ms=10|clock_delta_ms=1.429
|clock_suspect=0
PMLE_LIVE_REPLAY_TIC|tic=4757|mle_ms=9.619|monotonic_ms=10|clock_delta_ms=.381|c
lock_suspect=0
PMLE_LIVE_REPLAY_TIC|tic=4758|mle_ms=9.77|monotonic_ms=10|clock_delta_ms=.23|clo
ck_suspect=0
PMLE_LIVE_REPLAY_TIC|tic=4759|mle_ms=8.797|monotonic_ms=10|clock_delta_ms=1.203|
clock_suspect=0
PMLE_LIVE_REPLAY_TIC|tic=4760|mle_ms=8.662|monotonic_ms=10|clock_delta_ms=1.338|
clock_suspect=0
PMLE_LIVE_REPLAY_TIC|tic=4761|mle_ms=8.637|monotonic_ms=10|clock_delta_ms=1.363|
clock_suspect=0
PMLE_LIVE_REPLAY_TIC|tic=4762|mle_ms=8.76|monotonic_ms=10|clock_delta_ms=1.24|cl
ock_suspect=0
PMLE_LIVE_REPLAY_TIC|tic=4763|mle_ms=9.12|monotonic_ms=10|clock_delta_ms=.88|clo
ck_suspect=0
PMLE_LIVE_REPLAY_TIC|tic=4764|mle_ms=11.375|monotonic_ms=10|clock_delta_ms=1.375
|clock_suspect=0
PMLE_LIVE_REPLAY_TIC|tic=4765|mle_ms=10.242|monotonic_ms=10|clock_delta_ms=.242|
clock_suspect=0
PMLE_LIVE_REPLAY_TIC|tic=4766|mle_ms=11.059|monotonic_ms=10|clock_delta_ms=1.059
|clock_suspect=0
PMLE_LIVE_REPLAY_TIC|tic=4767|mle_ms=7.923|monotonic_ms=10|clock_delta_ms=2.077|
clock_suspect=0
PMLE_LIVE_REPLAY_TIC|tic=4768|mle_ms=8.755|monotonic_ms=10|clock_delta_ms=1.245|
clock_suspect=0
PMLE_LIVE_REPLAY_TIC|tic=4769|mle_ms=9.192|monotonic_ms=0|clock_delta_ms=9.192|c
lock_suspect=0
PMLE_LIVE_REPLAY_TIC|tic=4770|mle_ms=12.214|monotonic_ms=20|clock_delta_ms=7.786
|clock_suspect=0
PMLE_LIVE_REPLAY_TIC|tic=4771|mle_ms=10.569|monotonic_ms=10|clock_delta_ms=.569|
clock_suspect=0
PMLE_LIVE_REPLAY_TIC|tic=4772|mle_ms=9.55|monotonic_ms=10|clock_delta_ms=.45|clo
ck_suspect=0
PMLE_LIVE_REPLAY_TIC|tic=4773|mle_ms=8.209|monotonic_ms=10|clock_delta_ms=1.791|
clock_suspect=0
PMLE_LIVE_REPLAY_TIC|tic=4774|mle_ms=10.841|monotonic_ms=10|clock_delta_ms=.841|
clock_suspect=0
PMLE_LIVE_REPLAY_TIC|tic=4775|mle_ms=10.145|monotonic_ms=10|clock_delta_ms=.145|
clock_suspect=0
PMLE_LIVE_REPLAY_TIC|tic=4776|mle_ms=12.363|monotonic_ms=10|clock_delta_ms=2.363
|clock_suspect=0
PMLE_LIVE_REPLAY_TIC|tic=4777|mle_ms=10.259|monotonic_ms=10|clock_delta_ms=.259|
clock_suspect=0
PMLE_LIVE_REPLAY_TIC|tic=4778|mle_ms=9.952|monotonic_ms=10|clock_delta_ms=.048|c
lock_suspect=0
PMLE_LIVE_REPLAY_TIC|tic=4779|mle_ms=9.906|monotonic_ms=10|clock_delta_ms=.094|c
lock_suspect=0
PMLE_LIVE_REPLAY_TIC|tic=4780|mle_ms=10.075|monotonic_ms=10|clock_delta_ms=.075|
clock_suspect=0
PMLE_LIVE_REPLAY_TIC|tic=4781|mle_ms=9.549|monotonic_ms=10|clock_delta_ms=.451|c
lock_suspect=0
PMLE_LIVE_REPLAY_TIC|tic=4782|mle_ms=13.148|monotonic_ms=10|clock_delta_ms=3.148
|clock_suspect=0
PMLE_LIVE_REPLAY_TIC|tic=4783|mle_ms=11.941|monotonic_ms=10|clock_delta_ms=1.941
|clock_suspect=0
PMLE_LIVE_REPLAY_TIC|tic=4784|mle_ms=11.735|monotonic_ms=20|clock_delta_ms=8.265
|clock_suspect=0
PMLE_LIVE_REPLAY_TIC|tic=4785|mle_ms=15.17|monotonic_ms=10|clock_delta_ms=5.17|c
lock_suspect=0
PMLE_LIVE_REPLAY_TIC|tic=4786|mle_ms=14.644|monotonic_ms=20|clock_delta_ms=5.356
|clock_suspect=0
PMLE_LIVE_REPLAY_TIC|tic=4787|mle_ms=11.072|monotonic_ms=10|clock_delta_ms=1.072
|clock_suspect=0
PMLE_LIVE_REPLAY_TIC|tic=4788|mle_ms=11.934|monotonic_ms=10|clock_delta_ms=1.934
|clock_suspect=0
PMLE_LIVE_REPLAY_TIC|tic=4789|mle_ms=10.843|monotonic_ms=10|clock_delta_ms=.843|
clock_suspect=0
PMLE_LIVE_REPLAY_TIC|tic=4790|mle_ms=11.433|monotonic_ms=10|clock_delta_ms=1.433
|clock_suspect=0
PMLE_LIVE_REPLAY_TIC|tic=4791|mle_ms=13.91|monotonic_ms=20|clock_delta_ms=6.09|c
lock_suspect=0
PMLE_LIVE_REPLAY_TIC|tic=4792|mle_ms=13.861|monotonic_ms=10|clock_delta_ms=3.861
|clock_suspect=0
PMLE_LIVE_REPLAY_TIC|tic=4793|mle_ms=11.602|monotonic_ms=10|clock_delta_ms=1.602
|clock_suspect=0
PMLE_LIVE_REPLAY_TIC|tic=4794|mle_ms=12.664|monotonic_ms=10|clock_delta_ms=2.664
|clock_suspect=0
PMLE_LIVE_REPLAY_TIC|tic=4795|mle_ms=10.514|monotonic_ms=20|clock_delta_ms=9.486
|clock_suspect=0
PMLE_LIVE_REPLAY_TIC|tic=4796|mle_ms=10.656|monotonic_ms=10|clock_delta_ms=.656|
clock_suspect=0
PMLE_LIVE_REPLAY_TIC|tic=4797|mle_ms=8.595|monotonic_ms=0|clock_delta_ms=8.595|c
lock_suspect=0
PMLE_LIVE_REPLAY_TIC|tic=4798|mle_ms=8.342|monotonic_ms=10|clock_delta_ms=1.658|
clock_suspect=0
PMLE_LIVE_REPLAY_TIC|tic=4799|mle_ms=9.581|monotonic_ms=10|clock_delta_ms=.419|c
lock_suspect=0
PMLE_LIVE_REPLAY_TIC|tic=4800|mle_ms=10.525|monotonic_ms=10|clock_delta_ms=.525|
clock_suspect=0
PMLE_LIVE_REPLAY_TIC|tic=4801|mle_ms=10.179|monotonic_ms=10|clock_delta_ms=.179|
clock_suspect=0
PMLE_LIVE_REPLAY_TIC|tic=4802|mle_ms=10.175|monotonic_ms=10|clock_delta_ms=.175|
clock_suspect=0
PMLE_LIVE_REPLAY_TIC|tic=4803|mle_ms=8.961|monotonic_ms=0|clock_delta_ms=8.961|c
lock_suspect=0
PMLE_LIVE_REPLAY_TIC|tic=4804|mle_ms=9.438|monotonic_ms=10|clock_delta_ms=.562|c
lock_suspect=0
PMLE_LIVE_REPLAY_TIC|tic=4805|mle_ms=9.324|monotonic_ms=10|clock_delta_ms=.676|c
lock_suspect=0
PMLE_LIVE_REPLAY_TIC|tic=4806|mle_ms=10.441|monotonic_ms=10|clock_delta_ms=.441|
clock_suspect=0
PMLE_LIVE_REPLAY_TIC|tic=4807|mle_ms=8.386|monotonic_ms=10|clock_delta_ms=1.614|
clock_suspect=0
PMLE_LIVE_REPLAY_TIC|tic=4808|mle_ms=8.782|monotonic_ms=10|clock_delta_ms=1.218|
clock_suspect=0
PMLE_LIVE_REPLAY_TIC|tic=4809|mle_ms=11.378|monotonic_ms=10|clock_delta_ms=1.378
|clock_suspect=0
PMLE_LIVE_REPLAY_TIC|tic=4810|mle_ms=9.955|monotonic_ms=10|clock_delta_ms=.045|c
lock_suspect=0
PMLE_LIVE_REPLAY_TIC|tic=4811|mle_ms=11.558|monotonic_ms=10|clock_delta_ms=1.558
|clock_suspect=0
PMLE_LIVE_REPLAY_TIC|tic=4812|mle_ms=12.073|monotonic_ms=20|clock_delta_ms=7.927
|clock_suspect=0
PMLE_LIVE_REPLAY_TIC|tic=4813|mle_ms=11.215|monotonic_ms=10|clock_delta_ms=1.215
|clock_suspect=0
PMLE_LIVE_REPLAY_TIC|tic=4814|mle_ms=13.798|monotonic_ms=10|clock_delta_ms=3.798
|clock_suspect=0
PMLE_LIVE_REPLAY_TIC|tic=4815|mle_ms=9.719|monotonic_ms=10|clock_delta_ms=.281|c
lock_suspect=0
PMLE_LIVE_REPLAY_TIC|tic=4816|mle_ms=10.98|monotonic_ms=10|clock_delta_ms=.98|cl
ock_suspect=0
PMLE_LIVE_REPLAY_TIC|tic=4817|mle_ms=8.911|monotonic_ms=10|clock_delta_ms=1.089|
clock_suspect=0
PMLE_LIVE_REPLAY_TIC|tic=4818|mle_ms=10.302|monotonic_ms=10|clock_delta_ms=.302|
clock_suspect=0
PMLE_LIVE_REPLAY_TIC|tic=4819|mle_ms=10.589|monotonic_ms=10|clock_delta_ms=.589|
clock_suspect=0
PMLE_LIVE_REPLAY_TIC|tic=4820|mle_ms=11.168|monotonic_ms=10|clock_delta_ms=1.168
|clock_suspect=0
PMLE_LIVE_REPLAY_TIC|tic=4821|mle_ms=10.758|monotonic_ms=10|clock_delta_ms=.758|
clock_suspect=0
PMLE_LIVE_REPLAY_TIC|tic=4822|mle_ms=11.484|monotonic_ms=20|clock_delta_ms=8.516
|clock_suspect=0
PMLE_LIVE_REPLAY_TIC|tic=4823|mle_ms=11.414|monotonic_ms=10|clock_delta_ms=1.414
|clock_suspect=0
PMLE_LIVE_REPLAY_TIC|tic=4824|mle_ms=12.125|monotonic_ms=10|clock_delta_ms=2.125
|clock_suspect=0
PMLE_LIVE_REPLAY_TIC|tic=4825|mle_ms=11.384|monotonic_ms=10|clock_delta_ms=1.384
|clock_suspect=0
PMLE_LIVE_REPLAY_TIC|tic=4826|mle_ms=11.365|monotonic_ms=10|clock_delta_ms=1.365
|clock_suspect=0
PMLE_LIVE_REPLAY_TIC|tic=4827|mle_ms=9.403|monotonic_ms=10|clock_delta_ms=.597|c
lock_suspect=0
PMLE_LIVE_REPLAY_TIC|tic=4828|mle_ms=10.798|monotonic_ms=10|clock_delta_ms=.798|
clock_suspect=0
PMLE_LIVE_REPLAY_TIC|tic=4829|mle_ms=9.835|monotonic_ms=10|clock_delta_ms=.165|c
lock_suspect=0
PMLE_LIVE_REPLAY_TIC|tic=4830|mle_ms=10.801|monotonic_ms=10|clock_delta_ms=.801|
clock_suspect=0
PMLE_LIVE_REPLAY_TIC|tic=4831|mle_ms=10.373|monotonic_ms=10|clock_delta_ms=.373|
clock_suspect=0
PMLE_LIVE_REPLAY_TIC|tic=4832|mle_ms=10.545|monotonic_ms=20|clock_delta_ms=9.455
|clock_suspect=0
PMLE_LIVE_REPLAY_TIC|tic=4833|mle_ms=10.475|monotonic_ms=10|clock_delta_ms=.475|
clock_suspect=0
PMLE_LIVE_REPLAY_TIC|tic=4834|mle_ms=11.033|monotonic_ms=10|clock_delta_ms=1.033
|clock_suspect=0
PMLE_LIVE_REPLAY_TIC|tic=4835|mle_ms=8.686|monotonic_ms=10|clock_delta_ms=1.314|
clock_suspect=0
PMLE_LIVE_REPLAY_TIC|tic=4836|mle_ms=13.251|monotonic_ms=10|clock_delta_ms=3.251
|clock_suspect=0
PMLE_LIVE_REPLAY_TIC|tic=4837|mle_ms=10.449|monotonic_ms=10|clock_delta_ms=.449|
clock_suspect=0
PMLE_LIVE_REPLAY_TIC|tic=4838|mle_ms=10.13|monotonic_ms=10|clock_delta_ms=.13|cl
ock_suspect=0
PMLE_LIVE_REPLAY_TIC|tic=4839|mle_ms=9.547|monotonic_ms=10|clock_delta_ms=.453|c
lock_suspect=0
PMLE_LIVE_REPLAY_TIC|tic=4840|mle_ms=9.976|monotonic_ms=10|clock_delta_ms=.024|c
lock_suspect=0
PMLE_LIVE_REPLAY_TIC|tic=4841|mle_ms=9.971|monotonic_ms=10|clock_delta_ms=.029|c
lock_suspect=0
PMLE_LIVE_REPLAY_TIC|tic=4842|mle_ms=11.732|monotonic_ms=10|clock_delta_ms=1.732
|clock_suspect=0
PMLE_LIVE_REPLAY_TIC|tic=4843|mle_ms=11.705|monotonic_ms=10|clock_delta_ms=1.705
|clock_suspect=0
PMLE_LIVE_REPLAY_TIC|tic=4844|mle_ms=11.632|monotonic_ms=10|clock_delta_ms=1.632
|clock_suspect=0
PMLE_LIVE_REPLAY_TIC|tic=4845|mle_ms=9.995|monotonic_ms=10|clock_delta_ms=.005|c
lock_suspect=0
PMLE_LIVE_REPLAY_TIC|tic=4846|mle_ms=11.746|monotonic_ms=20|clock_delta_ms=8.254
|clock_suspect=0
PMLE_LIVE_REPLAY_TIC|tic=4847|mle_ms=9.505|monotonic_ms=10|clock_delta_ms=.495|c
lock_suspect=0
PMLE_LIVE_REPLAY_TIC|tic=4848|mle_ms=10.256|monotonic_ms=10|clock_delta_ms=.256|
clock_suspect=0
PMLE_LIVE_REPLAY_TIC|tic=4849|mle_ms=10.676|monotonic_ms=10|clock_delta_ms=.676|
clock_suspect=0
PMLE_LIVE_REPLAY_TIC|tic=4850|mle_ms=9.669|monotonic_ms=10|clock_delta_ms=.331|c
lock_suspect=0
PMLE_LIVE_REPLAY_TIC|tic=4851|mle_ms=9.412|monotonic_ms=10|clock_delta_ms=.588|c
lock_suspect=0
PMLE_LIVE_REPLAY_TIC|tic=4852|mle_ms=10.747|monotonic_ms=10|clock_delta_ms=.747|
clock_suspect=0
PMLE_LIVE_REPLAY_TIC|tic=4853|mle_ms=10.055|monotonic_ms=10|clock_delta_ms=.055|
clock_suspect=0
PMLE_LIVE_REPLAY_TIC|tic=4854|mle_ms=11.269|monotonic_ms=10|clock_delta_ms=1.269
|clock_suspect=0
PMLE_LIVE_REPLAY_TIC|tic=4855|mle_ms=11.505|monotonic_ms=10|clock_delta_ms=1.505
|clock_suspect=0
PMLE_LIVE_REPLAY_TIC|tic=4856|mle_ms=11.667|monotonic_ms=10|clock_delta_ms=1.667
|clock_suspect=0
PMLE_LIVE_REPLAY_TIC|tic=4857|mle_ms=10.721|monotonic_ms=10|clock_delta_ms=.721|
clock_suspect=0
PMLE_LIVE_REPLAY_TIC|tic=4858|mle_ms=9.929|monotonic_ms=10|clock_delta_ms=.071|c
lock_suspect=0
PMLE_LIVE_REPLAY_TIC|tic=4859|mle_ms=9.809|monotonic_ms=10|clock_delta_ms=.191|c
lock_suspect=0
PMLE_LIVE_REPLAY_TIC|tic=4860|mle_ms=9.986|monotonic_ms=10|clock_delta_ms=.014|c
lock_suspect=0
PMLE_LIVE_REPLAY_TIC|tic=4861|mle_ms=10.061|monotonic_ms=10|clock_delta_ms=.061|
clock_suspect=0
PMLE_LIVE_REPLAY_TIC|tic=4862|mle_ms=10.645|monotonic_ms=10|clock_delta_ms=.645|
clock_suspect=0
PMLE_LIVE_REPLAY_TIC|tic=4863|mle_ms=10.41|monotonic_ms=10|clock_delta_ms=.41|cl
ock_suspect=0
PMLE_LIVE_REPLAY_TIC|tic=4864|mle_ms=11.889|monotonic_ms=20|clock_delta_ms=8.111
|clock_suspect=0
PMLE_LIVE_REPLAY_TIC|tic=4865|mle_ms=10.241|monotonic_ms=10|clock_delta_ms=.241|
clock_suspect=0
PMLE_LIVE_REPLAY_TIC|tic=4866|mle_ms=12.586|monotonic_ms=10|clock_delta_ms=2.586
|clock_suspect=0
PMLE_LIVE_REPLAY_TIC|tic=4867|mle_ms=10.224|monotonic_ms=10|clock_delta_ms=.224|
clock_suspect=0
PMLE_LIVE_REPLAY_TIC|tic=4868|mle_ms=9.858|monotonic_ms=10|clock_delta_ms=.142|c
lock_suspect=0
PMLE_LIVE_REPLAY_TIC|tic=4869|mle_ms=9.311|monotonic_ms=10|clock_delta_ms=.689|c
lock_suspect=0
PMLE_LIVE_REPLAY_TIC|tic=4870|mle_ms=10.328|monotonic_ms=10|clock_delta_ms=.328|
clock_suspect=0
PMLE_LIVE_REPLAY_TIC|tic=4871|mle_ms=9.733|monotonic_ms=10|clock_delta_ms=.267|c
lock_suspect=0
PMLE_LIVE_REPLAY_TIC|tic=4872|mle_ms=10.55|monotonic_ms=10|clock_delta_ms=.55|cl
ock_suspect=0
PMLE_LIVE_REPLAY_TIC|tic=4873|mle_ms=11.67|monotonic_ms=10|clock_delta_ms=1.67|c
lock_suspect=0
PMLE_LIVE_REPLAY_TIC|tic=4874|mle_ms=11.606|monotonic_ms=10|clock_delta_ms=1.606
|clock_suspect=0
PMLE_LIVE_REPLAY_TIC|tic=4875|mle_ms=10.269|monotonic_ms=10|clock_delta_ms=.269|
clock_suspect=0
PMLE_LIVE_REPLAY_TIC|tic=4876|mle_ms=11.871|monotonic_ms=20|clock_delta_ms=8.129
|clock_suspect=0
PMLE_LIVE_REPLAY_TIC|tic=4877|mle_ms=9.432|monotonic_ms=10|clock_delta_ms=.568|c
lock_suspect=0
PMLE_LIVE_REPLAY_TIC|tic=4878|mle_ms=10.561|monotonic_ms=10|clock_delta_ms=.561|
clock_suspect=0
PMLE_LIVE_REPLAY_TIC|tic=4879|mle_ms=11.802|monotonic_ms=10|clock_delta_ms=1.802
|clock_suspect=0
PMLE_LIVE_REPLAY_TIC|tic=4880|mle_ms=9.356|monotonic_ms=10|clock_delta_ms=.644|c
lock_suspect=0
PMLE_LIVE_REPLAY_TIC|tic=4881|mle_ms=9.294|monotonic_ms=10|clock_delta_ms=.706|c
lock_suspect=0
PMLE_LIVE_REPLAY_TIC|tic=4882|mle_ms=10.4|monotonic_ms=10|clock_delta_ms=.4|cloc
k_suspect=0
PMLE_LIVE_REPLAY_TIC|tic=4883|mle_ms=9.318|monotonic_ms=10|clock_delta_ms=.682|c
lock_suspect=0
PMLE_LIVE_REPLAY_TIC|tic=4884|mle_ms=10.613|monotonic_ms=10|clock_delta_ms=.613|
clock_suspect=0
PMLE_LIVE_REPLAY_TIC|tic=4885|mle_ms=11.384|monotonic_ms=10|clock_delta_ms=1.384
|clock_suspect=0
PMLE_LIVE_REPLAY_TIC|tic=4886|mle_ms=11.541|monotonic_ms=10|clock_delta_ms=1.541
|clock_suspect=0
PMLE_LIVE_REPLAY_TIC|tic=4887|mle_ms=9.065|monotonic_ms=10|clock_delta_ms=.935|c
lock_suspect=0
PMLE_LIVE_REPLAY_TIC|tic=4888|mle_ms=9.819|monotonic_ms=10|clock_delta_ms=.181|c
lock_suspect=0
PMLE_LIVE_REPLAY_TIC|tic=4889|mle_ms=9.688|monotonic_ms=10|clock_delta_ms=.312|c
lock_suspect=0
PMLE_LIVE_REPLAY_TIC|tic=4890|mle_ms=10.302|monotonic_ms=10|clock_delta_ms=.302|
clock_suspect=0
PMLE_LIVE_REPLAY_TIC|tic=4891|mle_ms=9.687|monotonic_ms=10|clock_delta_ms=.313|c
lock_suspect=0
PMLE_LIVE_REPLAY_TIC|tic=4892|mle_ms=9.887|monotonic_ms=10|clock_delta_ms=.113|c
lock_suspect=0
PMLE_LIVE_REPLAY_TIC|tic=4893|mle_ms=10.708|monotonic_ms=10|clock_delta_ms=.708|
clock_suspect=0
PMLE_LIVE_REPLAY_TIC|tic=4894|mle_ms=11.557|monotonic_ms=10|clock_delta_ms=1.557
|clock_suspect=0
PMLE_LIVE_REPLAY_TIC|tic=4895|mle_ms=10.589|monotonic_ms=10|clock_delta_ms=.589|
clock_suspect=0
PMLE_LIVE_REPLAY_TIC|tic=4896|mle_ms=12.266|monotonic_ms=10|clock_delta_ms=2.266
|clock_suspect=0
PMLE_LIVE_REPLAY_TIC|tic=4897|mle_ms=9.77|monotonic_ms=10|clock_delta_ms=.23|clo
ck_suspect=0
PMLE_LIVE_REPLAY_TIC|tic=4898|mle_ms=9.319|monotonic_ms=10|clock_delta_ms=.681|c
lock_suspect=0
PMLE_LIVE_REPLAY_TIC|tic=4899|mle_ms=8.158|monotonic_ms=10|clock_delta_ms=1.842|
clock_suspect=0
PMLE_LIVE_REPLAY_TIC|tic=4900|mle_ms=9.817|monotonic_ms=10|clock_delta_ms=.183|c
lock_suspect=0
PMLE_LIVE_REPLAY_TIC|tic=4901|mle_ms=8.148|monotonic_ms=10|clock_delta_ms=1.852|
clock_suspect=0
PMLE_LIVE_REPLAY_TIC|tic=4902|mle_ms=9.956|monotonic_ms=10|clock_delta_ms=.044|c
lock_suspect=0
PMLE_LIVE_REPLAY_TIC|tic=4903|mle_ms=10.756|monotonic_ms=10|clock_delta_ms=.756|
clock_suspect=0
PMLE_LIVE_REPLAY_TIC|tic=4904|mle_ms=11.309|monotonic_ms=10|clock_delta_ms=1.309
|clock_suspect=0
PMLE_LIVE_REPLAY_TIC|tic=4905|mle_ms=10.066|monotonic_ms=10|clock_delta_ms=.066|
clock_suspect=0
PMLE_LIVE_REPLAY_TIC|tic=4906|mle_ms=11.658|monotonic_ms=10|clock_delta_ms=1.658
|clock_suspect=0
PMLE_LIVE_REPLAY_TIC|tic=4907|mle_ms=9.024|monotonic_ms=10|clock_delta_ms=.976|c
lock_suspect=0
PMLE_LIVE_REPLAY_TIC|tic=4908|mle_ms=10.563|monotonic_ms=10|clock_delta_ms=.563|
clock_suspect=0
PMLE_LIVE_REPLAY_TIC|tic=4909|mle_ms=9.978|monotonic_ms=10|clock_delta_ms=.022|c
lock_suspect=0
PMLE_LIVE_REPLAY_TIC|tic=4910|mle_ms=8.486|monotonic_ms=10|clock_delta_ms=1.514|
clock_suspect=0
PMLE_LIVE_REPLAY_TIC|tic=4911|mle_ms=7.353|monotonic_ms=10|clock_delta_ms=2.647|
clock_suspect=0
PMLE_LIVE_REPLAY_TIC|tic=4912|mle_ms=9.755|monotonic_ms=10|clock_delta_ms=.245|c
lock_suspect=0
PMLE_LIVE_REPLAY_TIC|tic=4913|mle_ms=10.161|monotonic_ms=10|clock_delta_ms=.161|
clock_suspect=0
PMLE_LIVE_REPLAY_TIC|tic=4914|mle_ms=13.215|monotonic_ms=10|clock_delta_ms=3.215
|clock_suspect=0
PMLE_LIVE_REPLAY_TIC|tic=4915|mle_ms=11.56|monotonic_ms=10|clock_delta_ms=1.56|c
lock_suspect=0
PMLE_LIVE_REPLAY_TIC|tic=4916|mle_ms=12.348|monotonic_ms=20|clock_delta_ms=7.652
|clock_suspect=0
PMLE_LIVE_REPLAY_TIC|tic=4917|mle_ms=9.761|monotonic_ms=10|clock_delta_ms=.239|c
lock_suspect=0
PMLE_LIVE_REPLAY_TIC|tic=4918|mle_ms=10.537|monotonic_ms=10|clock_delta_ms=.537|
clock_suspect=0
PMLE_LIVE_REPLAY_TIC|tic=4919|mle_ms=10.493|monotonic_ms=10|clock_delta_ms=.493|
clock_suspect=0
PMLE_LIVE_REPLAY_TIC|tic=4920|mle_ms=10.624|monotonic_ms=10|clock_delta_ms=.624|
clock_suspect=0
PMLE_LIVE_REPLAY_TIC|tic=4921|mle_ms=12.694|monotonic_ms=10|clock_delta_ms=2.694
|clock_suspect=0
PMLE_LIVE_REPLAY_TIC|tic=4922|mle_ms=12.043|monotonic_ms=10|clock_delta_ms=2.043
|clock_suspect=0
PMLE_LIVE_REPLAY_TIC|tic=4923|mle_ms=11.627|monotonic_ms=10|clock_delta_ms=1.627
|clock_suspect=0
PMLE_LIVE_REPLAY_TIC|tic=4924|mle_ms=13.007|monotonic_ms=20|clock_delta_ms=6.993
|clock_suspect=0
PMLE_LIVE_REPLAY_TIC|tic=4925|mle_ms=9.084|monotonic_ms=10|clock_delta_ms=.916|c
lock_suspect=0
PMLE_LIVE_REPLAY_TIC|tic=4926|mle_ms=10.56|monotonic_ms=10|clock_delta_ms=.56|cl
ock_suspect=0
PMLE_LIVE_REPLAY_TIC|tic=4927|mle_ms=9.295|monotonic_ms=10|clock_delta_ms=.705|c
lock_suspect=0
PMLE_LIVE_REPLAY_TIC|tic=4928|mle_ms=9.566|monotonic_ms=10|clock_delta_ms=.434|c
lock_suspect=0
PMLE_LIVE_REPLAY_TIC|tic=4929|mle_ms=9.565|monotonic_ms=10|clock_delta_ms=.435|c
lock_suspect=0
PMLE_LIVE_REPLAY_TIC|tic=4930|mle_ms=9.833|monotonic_ms=10|clock_delta_ms=.167|c
lock_suspect=0
PMLE_LIVE_REPLAY_TIC|tic=4931|mle_ms=10.002|monotonic_ms=10|clock_delta_ms=.002|
clock_suspect=0
PMLE_LIVE_REPLAY_TIC|tic=4932|mle_ms=11.502|monotonic_ms=10|clock_delta_ms=1.502
|clock_suspect=0
PMLE_LIVE_REPLAY_TIC|tic=4933|mle_ms=11.917|monotonic_ms=10|clock_delta_ms=1.917
|clock_suspect=0
PMLE_LIVE_REPLAY_TIC|tic=4934|mle_ms=11.823|monotonic_ms=10|clock_delta_ms=1.823
|clock_suspect=0
PMLE_LIVE_REPLAY_TIC|tic=4935|mle_ms=9.242|monotonic_ms=10|clock_delta_ms=.758|c
lock_suspect=0
PMLE_LIVE_REPLAY_TIC|tic=4936|mle_ms=9.885|monotonic_ms=10|clock_delta_ms=.115|c
lock_suspect=0
PMLE_LIVE_REPLAY_TIC|tic=4937|mle_ms=9.402|monotonic_ms=10|clock_delta_ms=.598|c
lock_suspect=0
PMLE_LIVE_REPLAY_TIC|tic=4938|mle_ms=9.562|monotonic_ms=10|clock_delta_ms=.438|c
lock_suspect=0
PMLE_LIVE_REPLAY_TIC|tic=4939|mle_ms=10.048|monotonic_ms=10|clock_delta_ms=.048|
clock_suspect=0
PMLE_LIVE_REPLAY_TIC|tic=4940|mle_ms=9.949|monotonic_ms=10|clock_delta_ms=.051|c
lock_suspect=0
PMLE_LIVE_REPLAY_TIC|tic=4941|mle_ms=12.087|monotonic_ms=10|clock_delta_ms=2.087
|clock_suspect=0
PMLE_LIVE_REPLAY_TIC|tic=4942|mle_ms=11.864|monotonic_ms=10|clock_delta_ms=1.864
|clock_suspect=0
PMLE_LIVE_REPLAY_TIC|tic=4943|mle_ms=12.662|monotonic_ms=20|clock_delta_ms=7.338
|clock_suspect=0
PMLE_LIVE_REPLAY_TIC|tic=4944|mle_ms=13.876|monotonic_ms=10|clock_delta_ms=3.876
|clock_suspect=0
PMLE_LIVE_REPLAY_TIC|tic=4945|mle_ms=11.97|monotonic_ms=10|clock_delta_ms=1.97|c
lock_suspect=0
PMLE_LIVE_REPLAY_TIC|tic=4946|mle_ms=12.757|monotonic_ms=20|clock_delta_ms=7.243
|clock_suspect=0
PMLE_LIVE_REPLAY_TIC|tic=4947|mle_ms=9.82|monotonic_ms=10|clock_delta_ms=.18|clo
ck_suspect=0
PMLE_LIVE_REPLAY_TIC|tic=4948|mle_ms=10.899|monotonic_ms=10|clock_delta_ms=.899|
clock_suspect=0
PMLE_LIVE_REPLAY_TIC|tic=4949|mle_ms=10.657|monotonic_ms=10|clock_delta_ms=.657|
clock_suspect=0
PMLE_LIVE_REPLAY_TIC|tic=4950|mle_ms=10.495|monotonic_ms=10|clock_delta_ms=.495|
clock_suspect=0
PMLE_LIVE_REPLAY_TIC|tic=4951|mle_ms=10.263|monotonic_ms=10|clock_delta_ms=.263|
clock_suspect=0
PMLE_LIVE_REPLAY_TIC|tic=4952|mle_ms=11.644|monotonic_ms=10|clock_delta_ms=1.644
|clock_suspect=0
PMLE_LIVE_REPLAY_TIC|tic=4953|mle_ms=10.246|monotonic_ms=10|clock_delta_ms=.246|
clock_suspect=0
PMLE_LIVE_REPLAY_TIC|tic=4954|mle_ms=11.566|monotonic_ms=10|clock_delta_ms=1.566
|clock_suspect=0
PMLE_LIVE_REPLAY_TIC|tic=4955|mle_ms=10.042|monotonic_ms=10|clock_delta_ms=.042|
clock_suspect=0
PMLE_LIVE_REPLAY_TIC|tic=4956|mle_ms=10.82|monotonic_ms=10|clock_delta_ms=.82|cl
ock_suspect=0
PMLE_LIVE_REPLAY_TIC|tic=4957|mle_ms=9.83|monotonic_ms=10|clock_delta_ms=.17|clo
ck_suspect=0
PMLE_LIVE_REPLAY_TIC|tic=4958|mle_ms=10.333|monotonic_ms=10|clock_delta_ms=.333|
clock_suspect=0
PMLE_LIVE_REPLAY_TIC|tic=4959|mle_ms=9.666|monotonic_ms=10|clock_delta_ms=.334|c
lock_suspect=0
PMLE_LIVE_REPLAY_TIC|tic=4960|mle_ms=10.637|monotonic_ms=10|clock_delta_ms=.637|
clock_suspect=0
PMLE_LIVE_REPLAY_TIC|tic=4961|mle_ms=10.219|monotonic_ms=10|clock_delta_ms=.219|
clock_suspect=0
PMLE_LIVE_REPLAY_TIC|tic=4962|mle_ms=13.607|monotonic_ms=20|clock_delta_ms=6.393
|clock_suspect=0
PMLE_LIVE_REPLAY_TIC|tic=4963|mle_ms=11.46|monotonic_ms=10|clock_delta_ms=1.46|c
lock_suspect=0
PMLE_LIVE_REPLAY_TIC|tic=4964|mle_ms=12.528|monotonic_ms=10|clock_delta_ms=2.528
|clock_suspect=0
PMLE_LIVE_REPLAY_TIC|tic=4965|mle_ms=11.456|monotonic_ms=10|clock_delta_ms=1.456
|clock_suspect=0
PMLE_LIVE_REPLAY_TIC|tic=4966|mle_ms=12.044|monotonic_ms=20|clock_delta_ms=7.956
|clock_suspect=0
PMLE_LIVE_REPLAY_TIC|tic=4967|mle_ms=10.427|monotonic_ms=10|clock_delta_ms=.427|
clock_suspect=0
PMLE_LIVE_REPLAY_TIC|tic=4968|mle_ms=10.61|monotonic_ms=10|clock_delta_ms=.61|cl
ock_suspect=0
PMLE_LIVE_REPLAY_TIC|tic=4969|mle_ms=9.913|monotonic_ms=10|clock_delta_ms=.087|c
lock_suspect=0
PMLE_LIVE_REPLAY_TIC|tic=4970|mle_ms=9.482|monotonic_ms=10|clock_delta_ms=.518|c
lock_suspect=0
PMLE_LIVE_REPLAY_TIC|tic=4971|mle_ms=8.68|monotonic_ms=0|clock_delta_ms=8.68|clo
ck_suspect=0
PMLE_LIVE_REPLAY_TIC|tic=4972|mle_ms=8.916|monotonic_ms=10|clock_delta_ms=1.084|
clock_suspect=0
PMLE_LIVE_REPLAY_TIC|tic=4973|mle_ms=8.515|monotonic_ms=10|clock_delta_ms=1.485|
clock_suspect=0
PMLE_LIVE_REPLAY_TIC|tic=4974|mle_ms=10.239|monotonic_ms=10|clock_delta_ms=.239|
clock_suspect=0
PMLE_LIVE_REPLAY_TIC|tic=4975|mle_ms=9.797|monotonic_ms=10|clock_delta_ms=.203|c
lock_suspect=0
PMLE_LIVE_REPLAY_TIC|tic=4976|mle_ms=11.48|monotonic_ms=10|clock_delta_ms=1.48|c
lock_suspect=0
PMLE_LIVE_REPLAY_TIC|tic=4977|mle_ms=8.992|monotonic_ms=10|clock_delta_ms=1.008|
clock_suspect=0
PMLE_LIVE_REPLAY_TIC|tic=4978|mle_ms=9.763|monotonic_ms=10|clock_delta_ms=.237|c
lock_suspect=0
PMLE_LIVE_REPLAY_TIC|tic=4979|mle_ms=10.134|monotonic_ms=10|clock_delta_ms=.134|
clock_suspect=0
PMLE_LIVE_REPLAY_TIC|tic=4980|mle_ms=10.247|monotonic_ms=10|clock_delta_ms=.247|
clock_suspect=0
PMLE_LIVE_REPLAY_TIC|tic=4981|mle_ms=9.65|monotonic_ms=10|clock_delta_ms=.35|clo
ck_suspect=0
PMLE_LIVE_REPLAY_TIC|tic=4982|mle_ms=10.246|monotonic_ms=10|clock_delta_ms=.246|
clock_suspect=0
PMLE_LIVE_REPLAY_TIC|tic=4983|mle_ms=8.382|monotonic_ms=10|clock_delta_ms=1.618|
clock_suspect=0
PMLE_LIVE_REPLAY_TIC|tic=4984|mle_ms=10.091|monotonic_ms=10|clock_delta_ms=.091|
clock_suspect=0
PMLE_LIVE_REPLAY_TIC|tic=4985|mle_ms=9.633|monotonic_ms=10|clock_delta_ms=.367|c
lock_suspect=0
PMLE_LIVE_REPLAY_TIC|tic=4986|mle_ms=12.382|monotonic_ms=10|clock_delta_ms=2.382
|clock_suspect=0
PMLE_LIVE_REPLAY_TIC|tic=4987|mle_ms=10.195|monotonic_ms=10|clock_delta_ms=.195|
clock_suspect=0
PMLE_LIVE_REPLAY_TIC|tic=4988|mle_ms=9.702|monotonic_ms=10|clock_delta_ms=.298|c
lock_suspect=0
PMLE_LIVE_REPLAY_TIC|tic=4989|mle_ms=9.617|monotonic_ms=10|clock_delta_ms=.383|c
lock_suspect=0
PMLE_LIVE_REPLAY_TIC|tic=4990|mle_ms=9.572|monotonic_ms=10|clock_delta_ms=.428|c
lock_suspect=0
PMLE_LIVE_REPLAY_TIC|tic=4991|mle_ms=9.289|monotonic_ms=10|clock_delta_ms=.711|c
lock_suspect=0
PMLE_LIVE_REPLAY_TIC|tic=4992|mle_ms=9.667|monotonic_ms=10|clock_delta_ms=.333|c
lock_suspect=0
PMLE_LIVE_REPLAY_TIC|tic=4993|mle_ms=9.06|monotonic_ms=10|clock_delta_ms=.94|clo
ck_suspect=0
PMLE_LIVE_REPLAY_TIC|tic=4994|mle_ms=10.766|monotonic_ms=10|clock_delta_ms=.766|
clock_suspect=0
PMLE_LIVE_REPLAY_TIC|tic=4995|mle_ms=9.723|monotonic_ms=10|clock_delta_ms=.277|c
lock_suspect=0
PMLE_LIVE_REPLAY_TIC|tic=4996|mle_ms=11.665|monotonic_ms=10|clock_delta_ms=1.665
|clock_suspect=0
PMLE_LIVE_REPLAY_TIC|tic=4997|mle_ms=8.855|monotonic_ms=10|clock_delta_ms=1.145|
clock_suspect=0
PMLE_LIVE_REPLAY_TIC|tic=4998|mle_ms=10.447|monotonic_ms=10|clock_delta_ms=.447|
clock_suspect=0
PMLE_LIVE_REPLAY_TIC|tic=4999|mle_ms=10.205|monotonic_ms=10|clock_delta_ms=.205|
clock_suspect=0
PMLE_LIVE_REPLAY_TIC|tic=5000|mle_ms=9.516|monotonic_ms=10|clock_delta_ms=.484|c
lock_suspect=0
PMLE_LIVE_REPLAY_TIC|tic=5001|mle_ms=7.684|monotonic_ms=10|clock_delta_ms=2.316|
clock_suspect=0
PMLE_LIVE_REPLAY_TIC|tic=5002|mle_ms=11.825|monotonic_ms=10|clock_delta_ms=1.825
|clock_suspect=0
PMLE_LIVE_REPLAY_TIC|tic=5003|mle_ms=10.172|monotonic_ms=10|clock_delta_ms=.172|
clock_suspect=0
PMLE_LIVE_REPLAY_TIC|tic=5004|mle_ms=11.713|monotonic_ms=10|clock_delta_ms=1.713
|clock_suspect=0
PMLE_LIVE_REPLAY_TIC|tic=5005|mle_ms=10.212|monotonic_ms=10|clock_delta_ms=.212|
clock_suspect=0
PMLE_LIVE_REPLAY_TIC|tic=5006|mle_ms=11.743|monotonic_ms=20|clock_delta_ms=8.257
|clock_suspect=0
PMLE_LIVE_REPLAY_TIC|tic=5007|mle_ms=9.528|monotonic_ms=10|clock_delta_ms=.472|c
lock_suspect=0
PMLE_LIVE_REPLAY_TIC|tic=5008|mle_ms=10.533|monotonic_ms=10|clock_delta_ms=.533|
clock_suspect=0
PMLE_LIVE_REPLAY_TIC|tic=5009|mle_ms=10.339|monotonic_ms=10|clock_delta_ms=.339|
clock_suspect=0
PMLE_LIVE_REPLAY_TIC|tic=5010|mle_ms=10.595|monotonic_ms=10|clock_delta_ms=.595|
clock_suspect=0
PMLE_LIVE_REPLAY_TIC|tic=5011|mle_ms=9.949|monotonic_ms=10|clock_delta_ms=.051|c
lock_suspect=0
PMLE_LIVE_REPLAY_TIC|tic=5012|mle_ms=11.112|monotonic_ms=10|clock_delta_ms=1.112
|clock_suspect=0
PMLE_LIVE_REPLAY_TIC|tic=5013|mle_ms=10.777|monotonic_ms=10|clock_delta_ms=.777|
clock_suspect=0
PMLE_LIVE_REPLAY_TIC|tic=5014|mle_ms=12.333|monotonic_ms=10|clock_delta_ms=2.333
|clock_suspect=0
PMLE_LIVE_REPLAY_TIC|tic=5015|mle_ms=10.777|monotonic_ms=10|clock_delta_ms=.777|
clock_suspect=0
PMLE_LIVE_REPLAY_TIC|tic=5016|mle_ms=12.102|monotonic_ms=20|clock_delta_ms=7.898
|clock_suspect=0
PMLE_LIVE_REPLAY_TIC|tic=5017|mle_ms=9.539|monotonic_ms=10|clock_delta_ms=.461|c
lock_suspect=0
PMLE_LIVE_REPLAY_TIC|tic=5018|mle_ms=9.683|monotonic_ms=0|clock_delta_ms=9.683|c
lock_suspect=0
PMLE_LIVE_REPLAY_TIC|tic=5019|mle_ms=9.161|monotonic_ms=10|clock_delta_ms=.839|c
lock_suspect=0
PMLE_LIVE_REPLAY_TIC|tic=5020|mle_ms=8.795|monotonic_ms=10|clock_delta_ms=1.205|
clock_suspect=0
PMLE_LIVE_REPLAY_TIC|tic=5021|mle_ms=8.258|monotonic_ms=10|clock_delta_ms=1.742|
clock_suspect=0
PMLE_LIVE_REPLAY_TIC|tic=5022|mle_ms=12.201|monotonic_ms=10|clock_delta_ms=2.201
|clock_suspect=0
PMLE_LIVE_REPLAY_TIC|tic=5023|mle_ms=11.282|monotonic_ms=20|clock_delta_ms=8.718
|clock_suspect=0
PMLE_LIVE_REPLAY_TIC|tic=5024|mle_ms=11.863|monotonic_ms=10|clock_delta_ms=1.863
|clock_suspect=0
PMLE_LIVE_REPLAY_TIC|tic=5025|mle_ms=9.903|monotonic_ms=10|clock_delta_ms=.097|c
lock_suspect=0
PMLE_LIVE_REPLAY_TIC|tic=5026|mle_ms=10.865|monotonic_ms=10|clock_delta_ms=.865|
clock_suspect=0
PMLE_LIVE_REPLAY_TIC|tic=5027|mle_ms=7.732|monotonic_ms=10|clock_delta_ms=2.268|
clock_suspect=0
PMLE_LIVE_REPLAY_TIC|tic=5028|mle_ms=8.653|monotonic_ms=0|clock_delta_ms=8.653|c
lock_suspect=0
PMLE_LIVE_REPLAY_TIC|tic=5029|mle_ms=8.438|monotonic_ms=10|clock_delta_ms=1.562|
clock_suspect=0
PMLE_LIVE_REPLAY_TIC|tic=5030|mle_ms=8.185|monotonic_ms=10|clock_delta_ms=1.815|
clock_suspect=0
PMLE_LIVE_REPLAY_TIC|tic=5031|mle_ms=7.667|monotonic_ms=10|clock_delta_ms=2.333|
clock_suspect=0
PMLE_LIVE_REPLAY_TIC|tic=5032|mle_ms=9.617|monotonic_ms=10|clock_delta_ms=.383|c
lock_suspect=0
PMLE_LIVE_REPLAY_TIC|tic=5033|mle_ms=10.078|monotonic_ms=10|clock_delta_ms=.078|
clock_suspect=0
PMLE_LIVE_REPLAY_TIC|tic=5034|mle_ms=12.18|monotonic_ms=10|clock_delta_ms=2.18|c
lock_suspect=0
PMLE_LIVE_REPLAY_TIC|tic=5035|mle_ms=10.694|monotonic_ms=10|clock_delta_ms=.694|
clock_suspect=0
PMLE_LIVE_REPLAY_TIC|tic=5036|mle_ms=11.253|monotonic_ms=10|clock_delta_ms=1.253
|clock_suspect=0
PMLE_LIVE_REPLAY_TIC|tic=5037|mle_ms=8.58|monotonic_ms=10|clock_delta_ms=1.42|cl
ock_suspect=0
PMLE_LIVE_REPLAY_TIC|tic=5038|mle_ms=9.665|monotonic_ms=10|clock_delta_ms=.335|c
lock_suspect=0
PMLE_LIVE_REPLAY_TIC|tic=5039|mle_ms=9.551|monotonic_ms=10|clock_delta_ms=.449|c
lock_suspect=0
PMLE_LIVE_REPLAY_TIC|tic=5040|mle_ms=9.403|monotonic_ms=10|clock_delta_ms=.597|c
lock_suspect=0
PMLE_LIVE_REPLAY_TIC|tic=5041|mle_ms=10.052|monotonic_ms=10|clock_delta_ms=.052|
clock_suspect=0
PMLE_LIVE_REPLAY_TIC|tic=5042|mle_ms=9.653|monotonic_ms=10|clock_delta_ms=.347|c
lock_suspect=0
PMLE_LIVE_REPLAY_TIC|tic=5043|mle_ms=11.182|monotonic_ms=10|clock_delta_ms=1.182
|clock_suspect=0
PMLE_LIVE_REPLAY_TIC|tic=5044|mle_ms=11.654|monotonic_ms=10|clock_delta_ms=1.654
|clock_suspect=0
PMLE_LIVE_REPLAY_TIC|tic=5045|mle_ms=10.491|monotonic_ms=10|clock_delta_ms=.491|
clock_suspect=0
PMLE_LIVE_REPLAY_TIC|tic=5046|mle_ms=12.167|monotonic_ms=20|clock_delta_ms=7.833
|clock_suspect=0
PMLE_LIVE_REPLAY_TIC|tic=5047|mle_ms=9.384|monotonic_ms=10|clock_delta_ms=.616|c
lock_suspect=0
PMLE_LIVE_REPLAY_TIC|tic=5048|mle_ms=9.479|monotonic_ms=10|clock_delta_ms=.521|c
lock_suspect=0
PMLE_LIVE_REPLAY_TIC|tic=5049|mle_ms=9.182|monotonic_ms=0|clock_delta_ms=9.182|c
lock_suspect=0
PMLE_LIVE_REPLAY_TIC|tic=5050|mle_ms=9.129|monotonic_ms=10|clock_delta_ms=.871|c
lock_suspect=0
PMLE_LIVE_REPLAY_TIC|tic=5051|mle_ms=8.201|monotonic_ms=10|clock_delta_ms=1.799|
clock_suspect=0
PMLE_LIVE_REPLAY_TIC|tic=5052|mle_ms=10.391|monotonic_ms=10|clock_delta_ms=.391|
clock_suspect=0
PMLE_LIVE_REPLAY_TIC|tic=5053|mle_ms=11.741|monotonic_ms=10|clock_delta_ms=1.741
|clock_suspect=0
PMLE_LIVE_REPLAY_TIC|tic=5054|mle_ms=11.233|monotonic_ms=20|clock_delta_ms=8.767
|clock_suspect=0
PMLE_LIVE_REPLAY_TIC|tic=5055|mle_ms=9.917|monotonic_ms=10|clock_delta_ms=.083|c
lock_suspect=0
PMLE_LIVE_REPLAY_TIC|tic=5056|mle_ms=12.583|monotonic_ms=10|clock_delta_ms=2.583
|clock_suspect=0
PMLE_LIVE_REPLAY_TIC|tic=5057|mle_ms=10.134|monotonic_ms=10|clock_delta_ms=.134|
clock_suspect=0
PMLE_LIVE_REPLAY_TIC|tic=5058|mle_ms=10.962|monotonic_ms=10|clock_delta_ms=.962|
clock_suspect=0
PMLE_LIVE_REPLAY_TIC|tic=5059|mle_ms=9.996|monotonic_ms=10|clock_delta_ms=.004|c
lock_suspect=0
PMLE_LIVE_REPLAY_TIC|tic=5060|mle_ms=9.175|monotonic_ms=10|clock_delta_ms=.825|c
lock_suspect=0
PMLE_LIVE_REPLAY_TIC|tic=5061|mle_ms=11.782|monotonic_ms=10|clock_delta_ms=1.782
|clock_suspect=0
PMLE_LIVE_REPLAY_TIC|tic=5062|mle_ms=11.589|monotonic_ms=10|clock_delta_ms=1.589
|clock_suspect=0
PMLE_LIVE_REPLAY_TIC|tic=5063|mle_ms=11.043|monotonic_ms=10|clock_delta_ms=1.043
|clock_suspect=0
PMLE_LIVE_REPLAY_TIC|tic=5064|mle_ms=11.727|monotonic_ms=20|clock_delta_ms=8.273
|clock_suspect=0
PMLE_LIVE_REPLAY_TIC|tic=5065|mle_ms=10.295|monotonic_ms=10|clock_delta_ms=.295|
clock_suspect=0
PMLE_LIVE_REPLAY_TIC|tic=5066|mle_ms=11.1|monotonic_ms=10|clock_delta_ms=1.1|clo
ck_suspect=0
PMLE_LIVE_REPLAY_TIC|tic=5067|mle_ms=8.658|monotonic_ms=10|clock_delta_ms=1.342|
clock_suspect=0
PMLE_LIVE_REPLAY_TIC|tic=5068|mle_ms=10.095|monotonic_ms=10|clock_delta_ms=.095|
clock_suspect=0
PMLE_LIVE_REPLAY_TIC|tic=5069|mle_ms=9.224|monotonic_ms=10|clock_delta_ms=.776|c
lock_suspect=0
PMLE_LIVE_REPLAY_TIC|tic=5070|mle_ms=8.934|monotonic_ms=0|clock_delta_ms=8.934|c
lock_suspect=0
PMLE_LIVE_REPLAY_TIC|tic=5071|mle_ms=9.862|monotonic_ms=10|clock_delta_ms=.138|c
lock_suspect=0
PMLE_LIVE_REPLAY_TIC|tic=5072|mle_ms=10.904|monotonic_ms=20|clock_delta_ms=9.096
|clock_suspect=0
PMLE_LIVE_REPLAY_TIC|tic=5073|mle_ms=10.596|monotonic_ms=10|clock_delta_ms=.596|
clock_suspect=0
PMLE_LIVE_REPLAY_TIC|tic=5074|mle_ms=12.96|monotonic_ms=10|clock_delta_ms=2.96|c
lock_suspect=0
PMLE_LIVE_REPLAY_TIC|tic=5075|mle_ms=11.965|monotonic_ms=10|clock_delta_ms=1.965
|clock_suspect=0
PMLE_LIVE_REPLAY_TIC|tic=5076|mle_ms=14.161|monotonic_ms=20|clock_delta_ms=5.839
|clock_suspect=0
PMLE_LIVE_REPLAY_TIC|tic=5077|mle_ms=11.973|monotonic_ms=10|clock_delta_ms=1.973
|clock_suspect=0
PMLE_LIVE_REPLAY_TIC|tic=5078|mle_ms=11.602|monotonic_ms=10|clock_delta_ms=1.602
|clock_suspect=0
PMLE_LIVE_REPLAY_TIC|tic=5079|mle_ms=13.396|monotonic_ms=10|clock_delta_ms=3.396
|clock_suspect=0
PMLE_LIVE_REPLAY_TIC|tic=5080|mle_ms=17.313|monotonic_ms=20|clock_delta_ms=2.687
|clock_suspect=0
PMLE_LIVE_REPLAY_TIC|tic=5081|mle_ms=14.306|monotonic_ms=10|clock_delta_ms=4.306
|clock_suspect=0
PMLE_LIVE_REPLAY_TIC|tic=5082|mle_ms=13.287|monotonic_ms=20|clock_delta_ms=6.713
|clock_suspect=0
PMLE_LIVE_REPLAY_TIC|tic=5083|mle_ms=13.9|monotonic_ms=10|clock_delta_ms=3.9|clo
ck_suspect=0
PMLE_LIVE_REPLAY_TIC|tic=5084|mle_ms=13.786|monotonic_ms=20|clock_delta_ms=6.214
|clock_suspect=0
PMLE_LIVE_REPLAY_TIC|tic=5085|mle_ms=13.402|monotonic_ms=10|clock_delta_ms=3.402
|clock_suspect=0
PMLE_LIVE_REPLAY_TIC|tic=5086|mle_ms=14.132|monotonic_ms=10|clock_delta_ms=4.132
|clock_suspect=0
PMLE_LIVE_REPLAY_TIC|tic=5087|mle_ms=11.891|monotonic_ms=10|clock_delta_ms=1.891
|clock_suspect=0
PMLE_LIVE_REPLAY_TIC|tic=5088|mle_ms=13.112|monotonic_ms=20|clock_delta_ms=6.888
|clock_suspect=0
PMLE_LIVE_REPLAY_TIC|tic=5089|mle_ms=12.631|monotonic_ms=10|clock_delta_ms=2.631
|clock_suspect=0
PMLE_LIVE_REPLAY_TIC|tic=5090|mle_ms=11.487|monotonic_ms=10|clock_delta_ms=1.487
|clock_suspect=0
PMLE_LIVE_REPLAY_TIC|tic=5091|mle_ms=11.002|monotonic_ms=10|clock_delta_ms=1.002
|clock_suspect=0
PMLE_LIVE_REPLAY_TIC|tic=5092|mle_ms=12.695|monotonic_ms=20|clock_delta_ms=7.305
|clock_suspect=0
PMLE_LIVE_REPLAY_TIC|tic=5093|mle_ms=12.203|monotonic_ms=10|clock_delta_ms=2.203
|clock_suspect=0
PMLE_LIVE_REPLAY_TIC|tic=5094|mle_ms=14.072|monotonic_ms=10|clock_delta_ms=4.072
|clock_suspect=0
PMLE_LIVE_REPLAY_TIC|tic=5095|mle_ms=12.041|monotonic_ms=10|clock_delta_ms=2.041
|clock_suspect=0
PMLE_LIVE_REPLAY_TIC|tic=5096|mle_ms=13.143|monotonic_ms=20|clock_delta_ms=6.857
|clock_suspect=0
PMLE_LIVE_REPLAY_TIC|tic=5097|mle_ms=9.641|monotonic_ms=10|clock_delta_ms=.359|c
lock_suspect=0
PMLE_LIVE_REPLAY_TIC|tic=5098|mle_ms=10.552|monotonic_ms=10|clock_delta_ms=.552|
clock_suspect=0
PMLE_LIVE_REPLAY_TIC|tic=5099|mle_ms=12.933|monotonic_ms=10|clock_delta_ms=2.933
|clock_suspect=0
PMLE_LIVE_REPLAY_TIC|tic=5100|mle_ms=11.274|monotonic_ms=10|clock_delta_ms=1.274
|clock_suspect=0
PMLE_LIVE_REPLAY_TIC|tic=5101|mle_ms=13.029|monotonic_ms=10|clock_delta_ms=3.029
|clock_suspect=0
PMLE_LIVE_REPLAY_TIC|tic=5102|mle_ms=12.656|monotonic_ms=10|clock_delta_ms=2.656
|clock_suspect=0
PMLE_LIVE_REPLAY_TIC|tic=5103|mle_ms=11.372|monotonic_ms=10|clock_delta_ms=1.372
|clock_suspect=0
PMLE_LIVE_REPLAY_TIC|tic=5104|mle_ms=13.231|monotonic_ms=20|clock_delta_ms=6.769
|clock_suspect=0
PMLE_LIVE_REPLAY_TIC|tic=5105|mle_ms=11.365|monotonic_ms=10|clock_delta_ms=1.365
|clock_suspect=0
PMLE_LIVE_REPLAY_TIC|tic=5106|mle_ms=14.375|monotonic_ms=10|clock_delta_ms=4.375
|clock_suspect=0
PMLE_LIVE_REPLAY_TIC|tic=5107|mle_ms=11.382|monotonic_ms=10|clock_delta_ms=1.382
|clock_suspect=0
PMLE_LIVE_REPLAY_TIC|tic=5108|mle_ms=11.935|monotonic_ms=20|clock_delta_ms=8.065
|clock_suspect=0
PMLE_LIVE_REPLAY_TIC|tic=5109|mle_ms=13.575|monotonic_ms=10|clock_delta_ms=3.575
|clock_suspect=0
PMLE_LIVE_REPLAY_TIC|tic=5110|mle_ms=11.332|monotonic_ms=10|clock_delta_ms=1.332
|clock_suspect=0
PMLE_LIVE_REPLAY_TIC|tic=5111|mle_ms=10.443|monotonic_ms=10|clock_delta_ms=.443|
clock_suspect=0
PMLE_LIVE_REPLAY_TIC|tic=5112|mle_ms=12.648|monotonic_ms=10|clock_delta_ms=2.648
|clock_suspect=0
PMLE_LIVE_REPLAY_TIC|tic=5113|mle_ms=13.833|monotonic_ms=20|clock_delta_ms=6.167
|clock_suspect=0
PMLE_LIVE_REPLAY_TIC|tic=5114|mle_ms=12.624|monotonic_ms=10|clock_delta_ms=2.624
|clock_suspect=0
PMLE_LIVE_REPLAY_TIC|tic=5115|mle_ms=9.994|monotonic_ms=10|clock_delta_ms=.006|c
lock_suspect=0
PMLE_LIVE_REPLAY_TIC|tic=5116|mle_ms=10.136|monotonic_ms=10|clock_delta_ms=.136|
clock_suspect=0
PMLE_LIVE_REPLAY_TIC|tic=5117|mle_ms=8.924|monotonic_ms=10|clock_delta_ms=1.076|
clock_suspect=0
PMLE_LIVE_REPLAY_TIC|tic=5118|mle_ms=8.332|monotonic_ms=10|clock_delta_ms=1.668|
clock_suspect=0
PMLE_LIVE_REPLAY_TIC|tic=5119|mle_ms=8.838|monotonic_ms=10|clock_delta_ms=1.162|
clock_suspect=0
PMLE_LIVE_REPLAY_TIC|tic=5120|mle_ms=9.52|monotonic_ms=10|clock_delta_ms=.48|clo
ck_suspect=0
PMLE_LIVE_REPLAY_TIC|tic=5121|mle_ms=9.908|monotonic_ms=10|clock_delta_ms=.092|c
lock_suspect=0
PMLE_LIVE_REPLAY_TIC|tic=5122|mle_ms=11.068|monotonic_ms=10|clock_delta_ms=1.068
|clock_suspect=0
PMLE_LIVE_REPLAY_TIC|tic=5123|mle_ms=10.55|monotonic_ms=10|clock_delta_ms=.55|cl
ock_suspect=0
PMLE_LIVE_REPLAY_TIC|tic=5124|mle_ms=11.992|monotonic_ms=10|clock_delta_ms=1.992
|clock_suspect=0
PMLE_LIVE_REPLAY_TIC|tic=5125|mle_ms=10.702|monotonic_ms=10|clock_delta_ms=.702|
clock_suspect=0
PMLE_LIVE_REPLAY_TIC|tic=5126|mle_ms=10.935|monotonic_ms=10|clock_delta_ms=.935|
clock_suspect=0
PMLE_LIVE_REPLAY_TIC|tic=5127|mle_ms=8.181|monotonic_ms=10|clock_delta_ms=1.819|
clock_suspect=0
PMLE_LIVE_REPLAY_TIC|tic=5128|mle_ms=8.276|monotonic_ms=10|clock_delta_ms=1.724|
clock_suspect=0
PMLE_LIVE_REPLAY_TIC|tic=5129|mle_ms=8.682|monotonic_ms=10|clock_delta_ms=1.318|
clock_suspect=0
PMLE_LIVE_REPLAY_TIC|tic=5130|mle_ms=9.976|monotonic_ms=10|clock_delta_ms=.024|c
lock_suspect=0
PMLE_LIVE_REPLAY_TIC|tic=5131|mle_ms=10.275|monotonic_ms=10|clock_delta_ms=.275|
clock_suspect=0
PMLE_LIVE_REPLAY_TIC|tic=5132|mle_ms=10.771|monotonic_ms=10|clock_delta_ms=.771|
clock_suspect=0
PMLE_LIVE_REPLAY_TIC|tic=5133|mle_ms=10.551|monotonic_ms=10|clock_delta_ms=.551|
clock_suspect=0
PMLE_LIVE_REPLAY_TIC|tic=5134|mle_ms=12.065|monotonic_ms=10|clock_delta_ms=2.065
|clock_suspect=0
PMLE_LIVE_REPLAY_TIC|tic=5135|mle_ms=9.524|monotonic_ms=10|clock_delta_ms=.476|c
lock_suspect=0
PMLE_LIVE_REPLAY_TIC|tic=5136|mle_ms=12.207|monotonic_ms=10|clock_delta_ms=2.207
|clock_suspect=0
PMLE_LIVE_REPLAY_TIC|tic=5137|mle_ms=8.524|monotonic_ms=10|clock_delta_ms=1.476|
clock_suspect=0
PMLE_LIVE_REPLAY_TIC|tic=5138|mle_ms=9.044|monotonic_ms=10|clock_delta_ms=.956|c
lock_suspect=0
PMLE_LIVE_REPLAY_TIC|tic=5139|mle_ms=8.976|monotonic_ms=10|clock_delta_ms=1.024|
clock_suspect=0
PMLE_LIVE_REPLAY_TIC|tic=5140|mle_ms=9.692|monotonic_ms=10|clock_delta_ms=.308|c
lock_suspect=0
PMLE_LIVE_REPLAY_TIC|tic=5141|mle_ms=9.368|monotonic_ms=10|clock_delta_ms=.632|c
lock_suspect=0
PMLE_LIVE_REPLAY_TIC|tic=5142|mle_ms=12.43|monotonic_ms=10|clock_delta_ms=2.43|c
lock_suspect=0
PMLE_LIVE_REPLAY_TIC|tic=5143|mle_ms=11.711|monotonic_ms=10|clock_delta_ms=1.711
|clock_suspect=0
PMLE_LIVE_REPLAY_TIC|tic=5144|mle_ms=11.624|monotonic_ms=20|clock_delta_ms=8.376
|clock_suspect=0
PMLE_LIVE_REPLAY_TIC|tic=5145|mle_ms=9.282|monotonic_ms=10|clock_delta_ms=.718|c
lock_suspect=0
PMLE_LIVE_REPLAY_TIC|tic=5146|mle_ms=11.832|monotonic_ms=10|clock_delta_ms=1.832
|clock_suspect=0
PMLE_LIVE_REPLAY_TIC|tic=5147|mle_ms=10.566|monotonic_ms=10|clock_delta_ms=.566|
clock_suspect=0
PMLE_LIVE_REPLAY_TIC|tic=5148|mle_ms=10.848|monotonic_ms=10|clock_delta_ms=.848|
clock_suspect=0
PMLE_LIVE_REPLAY_TIC|tic=5149|mle_ms=11.469|monotonic_ms=10|clock_delta_ms=1.469
|clock_suspect=0
PMLE_LIVE_REPLAY_TIC|tic=5150|mle_ms=10.9|monotonic_ms=10|clock_delta_ms=.9|cloc
k_suspect=0
PMLE_LIVE_REPLAY_TIC|tic=5151|mle_ms=10.673|monotonic_ms=10|clock_delta_ms=.673|
clock_suspect=0
PMLE_LIVE_REPLAY_TIC|tic=5152|mle_ms=11.51|monotonic_ms=10|clock_delta_ms=1.51|c
lock_suspect=0
PMLE_LIVE_REPLAY_TIC|tic=5153|mle_ms=10.849|monotonic_ms=20|clock_delta_ms=9.151
|clock_suspect=0
PMLE_LIVE_REPLAY_TIC|tic=5154|mle_ms=13.478|monotonic_ms=10|clock_delta_ms=3.478
|clock_suspect=0
PMLE_LIVE_REPLAY_TIC|tic=5155|mle_ms=10.451|monotonic_ms=10|clock_delta_ms=.451|
clock_suspect=0
PMLE_LIVE_REPLAY_TIC|tic=5156|mle_ms=11.775|monotonic_ms=10|clock_delta_ms=1.775
|clock_suspect=0
PMLE_LIVE_REPLAY_TIC|tic=5157|mle_ms=8.929|monotonic_ms=10|clock_delta_ms=1.071|
clock_suspect=0
PMLE_LIVE_REPLAY_TIC|tic=5158|mle_ms=10.502|monotonic_ms=10|clock_delta_ms=.502|
clock_suspect=0
PMLE_LIVE_REPLAY_TIC|tic=5159|mle_ms=10.649|monotonic_ms=10|clock_delta_ms=.649|
clock_suspect=0
PMLE_LIVE_REPLAY_TIC|tic=5160|mle_ms=10.606|monotonic_ms=10|clock_delta_ms=.606|
clock_suspect=0
PMLE_LIVE_REPLAY_TIC|tic=5161|mle_ms=10.326|monotonic_ms=10|clock_delta_ms=.326|
clock_suspect=0
PMLE_LIVE_REPLAY_TIC|tic=5162|mle_ms=9.946|monotonic_ms=10|clock_delta_ms=.054|c
lock_suspect=0
PMLE_LIVE_REPLAY_TIC|tic=5163|mle_ms=9.953|monotonic_ms=10|clock_delta_ms=.047|c
lock_suspect=0
PMLE_LIVE_REPLAY_TIC|tic=5164|mle_ms=10.936|monotonic_ms=10|clock_delta_ms=.936|
clock_suspect=0
PMLE_LIVE_REPLAY_TIC|tic=5165|mle_ms=8.192|monotonic_ms=10|clock_delta_ms=1.808|
clock_suspect=0
PMLE_LIVE_REPLAY_TIC|tic=5166|mle_ms=9.982|monotonic_ms=10|clock_delta_ms=.018|c
lock_suspect=0
PMLE_LIVE_REPLAY_TIC|tic=5167|mle_ms=8.343|monotonic_ms=10|clock_delta_ms=1.657|
clock_suspect=0
PMLE_LIVE_REPLAY_TIC|tic=5168|mle_ms=9.308|monotonic_ms=10|clock_delta_ms=.692|c
lock_suspect=0
PMLE_LIVE_REPLAY_TIC|tic=5169|mle_ms=9.693|monotonic_ms=10|clock_delta_ms=.307|c
lock_suspect=0
PMLE_LIVE_REPLAY_TIC|tic=5170|mle_ms=10.053|monotonic_ms=10|clock_delta_ms=.053|
clock_suspect=0
PMLE_LIVE_REPLAY_TIC|tic=5171|mle_ms=9.914|monotonic_ms=10|clock_delta_ms=.086|c
lock_suspect=0
PMLE_LIVE_REPLAY_TIC|tic=5172|mle_ms=11.713|monotonic_ms=10|clock_delta_ms=1.713
|clock_suspect=0
PMLE_LIVE_REPLAY_TIC|tic=5173|mle_ms=11.062|monotonic_ms=10|clock_delta_ms=1.062
|clock_suspect=0
PMLE_LIVE_REPLAY_TIC|tic=5174|mle_ms=11.794|monotonic_ms=10|clock_delta_ms=1.794
|clock_suspect=0
PMLE_LIVE_REPLAY_TIC|tic=5175|mle_ms=9.834|monotonic_ms=10|clock_delta_ms=.166|c
lock_suspect=0
PMLE_LIVE_REPLAY_TIC|tic=5176|mle_ms=11.616|monotonic_ms=20|clock_delta_ms=8.384
|clock_suspect=0
PMLE_LIVE_REPLAY_TIC|tic=5177|mle_ms=10.436|monotonic_ms=10|clock_delta_ms=.436|
clock_suspect=0
PMLE_LIVE_REPLAY_TIC|tic=5178|mle_ms=10.868|monotonic_ms=10|clock_delta_ms=.868|
clock_suspect=0
PMLE_LIVE_REPLAY_TIC|tic=5179|mle_ms=10.313|monotonic_ms=10|clock_delta_ms=.313|
clock_suspect=0
PMLE_LIVE_REPLAY_TIC|tic=5180|mle_ms=9.889|monotonic_ms=10|clock_delta_ms=.111|c
lock_suspect=0
PMLE_LIVE_REPLAY_TIC|tic=5181|mle_ms=8.956|monotonic_ms=10|clock_delta_ms=1.044|
clock_suspect=0
PMLE_LIVE_REPLAY_TIC|tic=5182|mle_ms=9.354|monotonic_ms=10|clock_delta_ms=.646|c
lock_suspect=0
PMLE_LIVE_REPLAY_TIC|tic=5183|mle_ms=9.71|monotonic_ms=10|clock_delta_ms=.29|clo
ck_suspect=0
PMLE_LIVE_REPLAY_TIC|tic=5184|mle_ms=12.508|monotonic_ms=10|clock_delta_ms=2.508
|clock_suspect=0
PMLE_LIVE_REPLAY_TIC|tic=5185|mle_ms=10.635|monotonic_ms=10|clock_delta_ms=.635|
clock_suspect=0
PMLE_LIVE_REPLAY_TIC|tic=5186|mle_ms=11.52|monotonic_ms=10|clock_delta_ms=1.52|c
lock_suspect=0
PMLE_LIVE_REPLAY_TIC|tic=5187|mle_ms=9.744|monotonic_ms=10|clock_delta_ms=.256|c
lock_suspect=0
PMLE_LIVE_REPLAY_TIC|tic=5188|mle_ms=10.574|monotonic_ms=10|clock_delta_ms=.574|
clock_suspect=0
PMLE_LIVE_REPLAY_TIC|tic=5189|mle_ms=10.817|monotonic_ms=10|clock_delta_ms=.817|
clock_suspect=0
PMLE_LIVE_REPLAY_TIC|tic=5190|mle_ms=13.278|monotonic_ms=20|clock_delta_ms=6.722
|clock_suspect=0
PMLE_LIVE_REPLAY_TIC|tic=5191|mle_ms=10.91|monotonic_ms=10|clock_delta_ms=.91|cl
ock_suspect=0
PMLE_LIVE_REPLAY_TIC|tic=5192|mle_ms=11.259|monotonic_ms=10|clock_delta_ms=1.259
|clock_suspect=0
PMLE_LIVE_REPLAY_TIC|tic=5193|mle_ms=10.929|monotonic_ms=10|clock_delta_ms=.929|
clock_suspect=0
PMLE_LIVE_REPLAY_TIC|tic=5194|mle_ms=11.707|monotonic_ms=10|clock_delta_ms=1.707
|clock_suspect=0
PMLE_LIVE_REPLAY_TIC|tic=5195|mle_ms=10.63|monotonic_ms=10|clock_delta_ms=.63|cl
ock_suspect=0
PMLE_LIVE_REPLAY_TIC|tic=5196|mle_ms=12.158|monotonic_ms=10|clock_delta_ms=2.158
|clock_suspect=0
PMLE_LIVE_REPLAY_TIC|tic=5197|mle_ms=9.853|monotonic_ms=10|clock_delta_ms=.147|c
lock_suspect=0
PMLE_LIVE_REPLAY_TIC|tic=5198|mle_ms=9.764|monotonic_ms=10|clock_delta_ms=.236|c
lock_suspect=0
PMLE_LIVE_REPLAY_TIC|tic=5199|mle_ms=8.909|monotonic_ms=10|clock_delta_ms=1.091|
clock_suspect=0
PMLE_LIVE_REPLAY_TIC|tic=5200|mle_ms=8.749|monotonic_ms=10|clock_delta_ms=1.251|
clock_suspect=0
PMLE_LIVE_REPLAY_TIC|tic=5201|mle_ms=8.238|monotonic_ms=10|clock_delta_ms=1.762|
clock_suspect=0
PMLE_LIVE_REPLAY_TIC|tic=5202|mle_ms=9.854|monotonic_ms=10|clock_delta_ms=.146|c
lock_suspect=0
PMLE_LIVE_REPLAY_TIC|tic=5203|mle_ms=10.786|monotonic_ms=10|clock_delta_ms=.786|
clock_suspect=0
PMLE_LIVE_REPLAY_TIC|tic=5204|mle_ms=10.826|monotonic_ms=10|clock_delta_ms=.826|
clock_suspect=0
PMLE_LIVE_REPLAY_TIC|tic=5205|mle_ms=12.762|monotonic_ms=10|clock_delta_ms=2.762
|clock_suspect=0
PMLE_LIVE_REPLAY_TIC|tic=5206|mle_ms=13.17|monotonic_ms=20|clock_delta_ms=6.83|c
lock_suspect=0
PMLE_LIVE_REPLAY_TIC|tic=5207|mle_ms=11.789|monotonic_ms=10|clock_delta_ms=1.789
|clock_suspect=0
PMLE_LIVE_REPLAY_TIC|tic=5208|mle_ms=11.129|monotonic_ms=10|clock_delta_ms=1.129
|clock_suspect=0
PMLE_LIVE_REPLAY_TIC|tic=5209|mle_ms=12.099|monotonic_ms=10|clock_delta_ms=2.099
|clock_suspect=0
PMLE_LIVE_REPLAY_TIC|tic=5210|mle_ms=10.835|monotonic_ms=10|clock_delta_ms=.835|
clock_suspect=0
PMLE_LIVE_REPLAY_TIC|tic=5211|mle_ms=12.817|monotonic_ms=20|clock_delta_ms=7.183
|clock_suspect=0
PMLE_LIVE_REPLAY_TIC|tic=5212|mle_ms=12.953|monotonic_ms=10|clock_delta_ms=2.953
|clock_suspect=0
PMLE_LIVE_REPLAY_TIC|tic=5213|mle_ms=14.816|monotonic_ms=10|clock_delta_ms=4.816
|clock_suspect=0
PMLE_LIVE_REPLAY_TIC|tic=5214|mle_ms=13.762|monotonic_ms=20|clock_delta_ms=6.238
|clock_suspect=0
PMLE_LIVE_REPLAY_TIC|tic=5215|mle_ms=11.1|monotonic_ms=10|clock_delta_ms=1.1|clo
ck_suspect=0
PMLE_LIVE_REPLAY_TIC|tic=5216|mle_ms=11.796|monotonic_ms=10|clock_delta_ms=1.796
|clock_suspect=0
PMLE_LIVE_REPLAY_TIC|tic=5217|mle_ms=9.288|monotonic_ms=10|clock_delta_ms=.712|c
lock_suspect=0
PMLE_LIVE_REPLAY_TIC|tic=5218|mle_ms=10.08|monotonic_ms=10|clock_delta_ms=.08|cl
ock_suspect=0
PMLE_LIVE_REPLAY_TIC|tic=5219|mle_ms=10.447|monotonic_ms=10|clock_delta_ms=.447|
clock_suspect=0
PMLE_LIVE_REPLAY_TIC|tic=5220|mle_ms=10.191|monotonic_ms=10|clock_delta_ms=.191|
clock_suspect=0
PMLE_LIVE_REPLAY_TIC|tic=5221|mle_ms=10.066|monotonic_ms=10|clock_delta_ms=.066|
clock_suspect=0
PMLE_LIVE_REPLAY_TIC|tic=5222|mle_ms=10.041|monotonic_ms=10|clock_delta_ms=.041|
clock_suspect=0
PMLE_LIVE_REPLAY_TIC|tic=5223|mle_ms=10.341|monotonic_ms=10|clock_delta_ms=.341|
clock_suspect=0
PMLE_LIVE_REPLAY_TIC|tic=5224|mle_ms=13.009|monotonic_ms=20|clock_delta_ms=6.991
|clock_suspect=0
PMLE_LIVE_REPLAY_TIC|tic=5225|mle_ms=10.131|monotonic_ms=10|clock_delta_ms=.131|
clock_suspect=0
PMLE_LIVE_REPLAY_TIC|tic=5226|mle_ms=10.764|monotonic_ms=10|clock_delta_ms=.764|
clock_suspect=0
PMLE_LIVE_REPLAY_TIC|tic=5227|mle_ms=8.543|monotonic_ms=0|clock_delta_ms=8.543|c
lock_suspect=0
PMLE_LIVE_REPLAY_TIC|tic=5228|mle_ms=8.465|monotonic_ms=10|clock_delta_ms=1.535|
clock_suspect=0
PMLE_LIVE_REPLAY_TIC|tic=5229|mle_ms=10.091|monotonic_ms=10|clock_delta_ms=.091|
clock_suspect=0
PMLE_LIVE_REPLAY_TIC|tic=5230|mle_ms=10.314|monotonic_ms=10|clock_delta_ms=.314|
clock_suspect=0
PMLE_LIVE_REPLAY_TIC|tic=5231|mle_ms=10.106|monotonic_ms=10|clock_delta_ms=.106|
clock_suspect=0
PMLE_LIVE_REPLAY_TIC|tic=5232|mle_ms=11.105|monotonic_ms=20|clock_delta_ms=8.895
|clock_suspect=0
PMLE_LIVE_REPLAY_TIC|tic=5233|mle_ms=10.64|monotonic_ms=10|clock_delta_ms=.64|cl
ock_suspect=0
PMLE_LIVE_REPLAY_TIC|tic=5234|mle_ms=10.875|monotonic_ms=10|clock_delta_ms=.875|
clock_suspect=0
PMLE_LIVE_REPLAY_TIC|tic=5235|mle_ms=9.31|monotonic_ms=10|clock_delta_ms=.69|clo
ck_suspect=0
PMLE_LIVE_REPLAY_TIC|tic=5236|mle_ms=9.897|monotonic_ms=10|clock_delta_ms=.103|c
lock_suspect=0
PMLE_LIVE_REPLAY_TIC|tic=5237|mle_ms=8.613|monotonic_ms=0|clock_delta_ms=8.613|c
lock_suspect=0
PMLE_LIVE_REPLAY_TIC|tic=5238|mle_ms=10.717|monotonic_ms=20|clock_delta_ms=9.283
|clock_suspect=0
PMLE_LIVE_REPLAY_TIC|tic=5239|mle_ms=10.68|monotonic_ms=10|clock_delta_ms=.68|cl
ock_suspect=0
PMLE_LIVE_REPLAY_TIC|tic=5240|mle_ms=10.244|monotonic_ms=10|clock_delta_ms=.244|
clock_suspect=0
PMLE_LIVE_REPLAY_TIC|tic=5241|mle_ms=11.29|monotonic_ms=10|clock_delta_ms=1.29|c
lock_suspect=0
PMLE_LIVE_REPLAY_TIC|tic=5242|mle_ms=10.534|monotonic_ms=10|clock_delta_ms=.534|
clock_suspect=0
PMLE_LIVE_REPLAY_TIC|tic=5243|mle_ms=10.33|monotonic_ms=10|clock_delta_ms=.33|cl
ock_suspect=0
PMLE_LIVE_REPLAY_TIC|tic=5244|mle_ms=11.349|monotonic_ms=10|clock_delta_ms=1.349
|clock_suspect=0
PMLE_LIVE_REPLAY_TIC|tic=5245|mle_ms=10.112|monotonic_ms=10|clock_delta_ms=.112|
clock_suspect=0
PMLE_LIVE_REPLAY_TIC|tic=5246|mle_ms=9.619|monotonic_ms=10|clock_delta_ms=.381|c
lock_suspect=0
PMLE_LIVE_REPLAY_TIC|tic=5247|mle_ms=8.081|monotonic_ms=10|clock_delta_ms=1.919|
clock_suspect=0
PMLE_LIVE_REPLAY_TIC|tic=5248|mle_ms=9.79|monotonic_ms=10|clock_delta_ms=.21|clo
ck_suspect=0
PMLE_LIVE_REPLAY_TIC|tic=5249|mle_ms=10.289|monotonic_ms=10|clock_delta_ms=.289|
clock_suspect=0
PMLE_LIVE_REPLAY_TIC|tic=5250|mle_ms=10.724|monotonic_ms=10|clock_delta_ms=.724|
clock_suspect=0
PMLE_LIVE_REPLAY_CLOCK|tics=5250|disagreement_limit_ms=30|suspects=2|maximum_sus
pects=26|verdict=PASS
PMLE_LIVE_REPLAY_TICKER|stream=live-dm-2026-07-23|tics=5250|p50_ms=37.238|p95_ms
=141.499|p99_ms=199.482|max_ms=346.197|throughput_tps=19.762|monotonic_centiseco
nds=26589|monotonic_tps=19.745
PMLE_LIVE_REPLAY_WINDOW|through_tic=100|tics=100|wall_ms=7177.677|monotonic_cent
iseconds=715|monotonic_tps=13.986|memory=iwadBytes=28795076|frameBytes=64000|thi
nkers=247|mobjs=238|killMonsters=29|livingMonsters=29|awakeMonsters=9|movingMons
ters=0|vertexes=1196|segs=2057|sectors=182|subsectors=682|nodes=681|lines=1175|s
ides=1829|blockmapInts=3764|blocklinks=864|rejectBytes=4141
PMLE_LIVE_REPLAY_WINDOW|through_tic=200|tics=100|wall_ms=10687.924|monotonic_cen
tiseconds=1069|monotonic_tps=9.355|memory=iwadBytes=28795076|frameBytes=64000|th
inkers=254|mobjs=243|killMonsters=29|livingMonsters=28|awakeMonsters=20|movingMo
nsters=2|vertexes=1196|segs=2057|sectors=182|subsectors=682|nodes=681|lines=1175
|sides=1829|blockmapInts=3764|blocklinks=864|rejectBytes=4141
PMLE_LIVE_REPLAY_WINDOW|through_tic=300|tics=100|wall_ms=13490.165|monotonic_cen
tiseconds=1349|monotonic_tps=7.413|memory=iwadBytes=28795076|frameBytes=64000|th
inkers=253|mobjs=243|killMonsters=29|livingMonsters=28|awakeMonsters=20|movingMo
nsters=1|vertexes=1196|segs=2057|sectors=182|subsectors=682|nodes=681|lines=1175
|sides=1829|blockmapInts=3764|blocklinks=864|rejectBytes=4141
PMLE_LIVE_REPLAY_WINDOW|through_tic=400|tics=100|wall_ms=13020.017|monotonic_cen
tiseconds=1302|monotonic_tps=7.68|memory=iwadBytes=28795076|frameBytes=64000|thi
nkers=250|mobjs=240|killMonsters=29|livingMonsters=28|awakeMonsters=20|movingMon
sters=0|vertexes=1196|segs=2057|sectors=182|subsectors=682|nodes=681|lines=1175|
sides=1829|blockmapInts=3764|blocklinks=864|rejectBytes=4141
PMLE_LIVE_REPLAY_WINDOW|through_tic=500|tics=100|wall_ms=12521.467|monotonic_cen
tiseconds=1252|monotonic_tps=7.987|memory=iwadBytes=28795076|frameBytes=64000|th
inkers=248|mobjs=239|killMonsters=29|livingMonsters=28|awakeMonsters=20|movingMo
nsters=0|vertexes=1196|segs=2057|sectors=182|subsectors=682|nodes=681|lines=1175
|sides=1829|blockmapInts=3764|blocklinks=864|rejectBytes=4141
PMLE_LIVE_REPLAY_WINDOW|through_tic=600|tics=100|wall_ms=10558.979|monotonic_cen
tiseconds=1066|monotonic_tps=9.381|memory=iwadBytes=28795076|frameBytes=64000|th
inkers=247|mobjs=238|killMonsters=29|livingMonsters=28|awakeMonsters=20|movingMo
nsters=0|vertexes=1196|segs=2057|sectors=182|subsectors=682|nodes=681|lines=1175
|sides=1829|blockmapInts=3764|blocklinks=864|rejectBytes=4141
PMLE_LIVE_REPLAY_WINDOW|through_tic=700|tics=100|wall_ms=11266.284|monotonic_cen
tiseconds=1127|monotonic_tps=8.873|memory=iwadBytes=28795076|frameBytes=64000|th
inkers=249|mobjs=239|killMonsters=29|livingMonsters=28|awakeMonsters=20|movingMo
nsters=0|vertexes=1196|segs=2057|sectors=182|subsectors=682|nodes=681|lines=1175
|sides=1829|blockmapInts=3764|blocklinks=864|rejectBytes=4141
PMLE_LIVE_REPLAY_WINDOW|through_tic=800|tics=100|wall_ms=6370.21|monotonic_centi
seconds=637|monotonic_tps=15.699|memory=iwadBytes=28795076|frameBytes=64000|thin
kers=240|mobjs=231|killMonsters=29|livingMonsters=28|awakeMonsters=20|movingMons
ters=2|vertexes=1196|segs=2057|sectors=182|subsectors=682|nodes=681|lines=1175|s
ides=1829|blockmapInts=3764|blocklinks=864|rejectBytes=4141
PMLE_LIVE_REPLAY_WINDOW|through_tic=900|tics=100|wall_ms=6080.647|monotonic_cent
iseconds=608|monotonic_tps=16.447|memory=iwadBytes=28795076|frameBytes=64000|thi
nkers=241|mobjs=232|killMonsters=29|livingMonsters=27|awakeMonsters=19|movingMon
sters=0|vertexes=1196|segs=2057|sectors=182|subsectors=682|nodes=681|lines=1175|
sides=1829|blockmapInts=3764|blocklinks=864|rejectBytes=4141
PMLE_LIVE_REPLAY_WINDOW|through_tic=1000|tics=100|wall_ms=5979.369|monotonic_cen
tiseconds=598|monotonic_tps=16.722|memory=iwadBytes=28795076|frameBytes=64000|th
inkers=241|mobjs=231|killMonsters=29|livingMonsters=26|awakeMonsters=18|movingMo
nsters=0|vertexes=1196|segs=2057|sectors=182|subsectors=682|nodes=681|lines=1175
|sides=1829|blockmapInts=3764|blocklinks=864|rejectBytes=4141
PMLE_LIVE_REPLAY_WINDOW|through_tic=1100|tics=100|wall_ms=5255.025|monotonic_cen
tiseconds=526|monotonic_tps=19.011|memory=iwadBytes=28795076|frameBytes=64000|th
inkers=238|mobjs=228|killMonsters=29|livingMonsters=24|awakeMonsters=18|movingMo
nsters=0|vertexes=1196|segs=2057|sectors=182|subsectors=682|nodes=681|lines=1175
|sides=1829|blockmapInts=3764|blocklinks=864|rejectBytes=4141
PMLE_LIVE_REPLAY_WINDOW|through_tic=1200|tics=100|wall_ms=4517.486|monotonic_cen
tiseconds=452|monotonic_tps=22.124|memory=iwadBytes=28795076|frameBytes=64000|th
inkers=244|mobjs=234|killMonsters=29|livingMonsters=21|awakeMonsters=15|movingMo
nsters=0|vertexes=1196|segs=2057|sectors=182|subsectors=682|nodes=681|lines=1175
|sides=1829|blockmapInts=3764|blocklinks=864|rejectBytes=4141
PMLE_LIVE_REPLAY_WINDOW|through_tic=1300|tics=100|wall_ms=3002.694|monotonic_cen
tiseconds=300|monotonic_tps=33.333|memory=iwadBytes=28795076|frameBytes=64000|th
inkers=237|mobjs=227|killMonsters=29|livingMonsters=21|awakeMonsters=15|movingMo
nsters=0|vertexes=1196|segs=2057|sectors=182|subsectors=682|nodes=681|lines=1175
|sides=1829|blockmapInts=3764|blocklinks=864|rejectBytes=4141
PMLE_LIVE_REPLAY_WINDOW|through_tic=1400|tics=100|wall_ms=2264.013|monotonic_cen
tiseconds=226|monotonic_tps=44.248|memory=iwadBytes=28795076|frameBytes=64000|th
inkers=237|mobjs=227|killMonsters=29|livingMonsters=21|awakeMonsters=15|movingMo
nsters=0|vertexes=1196|segs=2057|sectors=182|subsectors=682|nodes=681|lines=1175
|sides=1829|blockmapInts=3764|blocklinks=864|rejectBytes=4141
PMLE_LIVE_REPLAY_WINDOW|through_tic=1500|tics=100|wall_ms=4215.918|monotonic_cen
tiseconds=422|monotonic_tps=23.697|memory=iwadBytes=28795076|frameBytes=64000|th
inkers=235|mobjs=226|killMonsters=29|livingMonsters=21|awakeMonsters=15|movingMo
nsters=0|vertexes=1196|segs=2057|sectors=182|subsectors=682|nodes=681|lines=1175
|sides=1829|blockmapInts=3764|blocklinks=864|rejectBytes=4141
PMLE_LIVE_REPLAY_WINDOW|through_tic=1600|tics=100|wall_ms=4642.138|monotonic_cen
tiseconds=464|monotonic_tps=21.552|memory=iwadBytes=28795076|frameBytes=64000|th
inkers=239|mobjs=229|killMonsters=29|livingMonsters=21|awakeMonsters=15|movingMo
nsters=0|vertexes=1196|segs=2057|sectors=182|subsectors=682|nodes=681|lines=1175
|sides=1829|blockmapInts=3764|blocklinks=864|rejectBytes=4141
PMLE_LIVE_REPLAY_WINDOW|through_tic=1700|tics=100|wall_ms=8424.987|monotonic_cen
tiseconds=842|monotonic_tps=11.876|memory=iwadBytes=28795076|frameBytes=64000|th
inkers=239|mobjs=229|killMonsters=29|livingMonsters=19|awakeMonsters=17|movingMo
nsters=0|vertexes=1196|segs=2057|sectors=182|subsectors=682|nodes=681|lines=1175
|sides=1829|blockmapInts=3764|blocklinks=864|rejectBytes=4141
PMLE_LIVE_REPLAY_WINDOW|through_tic=1800|tics=100|wall_ms=5299.918|monotonic_cen
tiseconds=530|monotonic_tps=18.868|memory=iwadBytes=28795076|frameBytes=64000|th
inkers=242|mobjs=232|killMonsters=29|livingMonsters=18|awakeMonsters=16|movingMo
nsters=1|vertexes=1196|segs=2057|sectors=182|subsectors=682|nodes=681|lines=1175
|sides=1829|blockmapInts=3764|blocklinks=864|rejectBytes=4141
PMLE_LIVE_REPLAY_WINDOW|through_tic=1900|tics=100|wall_ms=6119.238|monotonic_cen
tiseconds=612|monotonic_tps=16.34|memory=iwadBytes=28795076|frameBytes=64000|thi
nkers=235|mobjs=226|killMonsters=29|livingMonsters=18|awakeMonsters=16|movingMon
sters=1|vertexes=1196|segs=2057|sectors=182|subsectors=682|nodes=681|lines=1175|
sides=1829|blockmapInts=3764|blocklinks=864|rejectBytes=4141
PMLE_LIVE_REPLAY_WINDOW|through_tic=2000|tics=100|wall_ms=6090.752|monotonic_cen
tiseconds=609|monotonic_tps=16.42|memory=iwadBytes=28795076|frameBytes=64000|thi
nkers=234|mobjs=225|killMonsters=29|livingMonsters=17|awakeMonsters=15|movingMon
sters=0|vertexes=1196|segs=2057|sectors=182|subsectors=682|nodes=681|lines=1175|
sides=1829|blockmapInts=3764|blocklinks=864|rejectBytes=4141
PMLE_LIVE_REPLAY_WINDOW|through_tic=2100|tics=100|wall_ms=5240.541|monotonic_cen
tiseconds=524|monotonic_tps=19.084|memory=iwadBytes=28795076|frameBytes=64000|th
inkers=234|mobjs=225|killMonsters=29|livingMonsters=17|awakeMonsters=15|movingMo
nsters=0|vertexes=1196|segs=2057|sectors=182|subsectors=682|nodes=681|lines=1175
|sides=1829|blockmapInts=3764|blocklinks=864|rejectBytes=4141
PMLE_LIVE_REPLAY_WINDOW|through_tic=2200|tics=100|wall_ms=5389.397|monotonic_cen
tiseconds=539|monotonic_tps=18.553|memory=iwadBytes=28795076|frameBytes=64000|th
inkers=234|mobjs=225|killMonsters=29|livingMonsters=17|awakeMonsters=15|movingMo
nsters=0|vertexes=1196|segs=2057|sectors=182|subsectors=682|nodes=681|lines=1175
|sides=1829|blockmapInts=3764|blocklinks=864|rejectBytes=4141
PMLE_LIVE_REPLAY_WINDOW|through_tic=2300|tics=100|wall_ms=4269.025|monotonic_cen
tiseconds=427|monotonic_tps=23.419|memory=iwadBytes=28795076|frameBytes=64000|th
inkers=234|mobjs=225|killMonsters=29|livingMonsters=17|awakeMonsters=15|movingMo
nsters=0|vertexes=1196|segs=2057|sectors=182|subsectors=682|nodes=681|lines=1175
|sides=1829|blockmapInts=3764|blocklinks=864|rejectBytes=4141
PMLE_LIVE_REPLAY_WINDOW|through_tic=2400|tics=100|wall_ms=5781.885|monotonic_cen
tiseconds=578|monotonic_tps=17.301|memory=iwadBytes=28795076|frameBytes=64000|th
inkers=235|mobjs=225|killMonsters=29|livingMonsters=17|awakeMonsters=15|movingMo
nsters=0|vertexes=1196|segs=2057|sectors=182|subsectors=682|nodes=681|lines=1175
|sides=1829|blockmapInts=3764|blocklinks=864|rejectBytes=4141
PMLE_LIVE_REPLAY_WINDOW|through_tic=2500|tics=100|wall_ms=5164.807|monotonic_cen
tiseconds=517|monotonic_tps=19.342|memory=iwadBytes=28795076|frameBytes=64000|th
inkers=237|mobjs=227|killMonsters=29|livingMonsters=17|awakeMonsters=15|movingMo
nsters=0|vertexes=1196|segs=2057|sectors=182|subsectors=682|nodes=681|lines=1175
|sides=1829|blockmapInts=3764|blocklinks=864|rejectBytes=4141
PMLE_LIVE_REPLAY_WINDOW|through_tic=2600|tics=100|wall_ms=4315.451|monotonic_cen
tiseconds=431|monotonic_tps=23.202|memory=iwadBytes=28795076|frameBytes=64000|th
inkers=238|mobjs=228|killMonsters=29|livingMonsters=17|awakeMonsters=15|movingMo
nsters=0|vertexes=1196|segs=2057|sectors=182|subsectors=682|nodes=681|lines=1175
|sides=1829|blockmapInts=3764|blocklinks=864|rejectBytes=4141
PMLE_LIVE_REPLAY_WINDOW|through_tic=2700|tics=100|wall_ms=6886.706|monotonic_cen
tiseconds=689|monotonic_tps=14.514|memory=iwadBytes=28795076|frameBytes=64000|th
inkers=236|mobjs=227|killMonsters=29|livingMonsters=17|awakeMonsters=15|movingMo
nsters=0|vertexes=1196|segs=2057|sectors=182|subsectors=682|nodes=681|lines=1175
|sides=1829|blockmapInts=3764|blocklinks=864|rejectBytes=4141
PMLE_LIVE_REPLAY_WINDOW|through_tic=2800|tics=100|wall_ms=6277.284|monotonic_cen
tiseconds=628|monotonic_tps=15.924|memory=iwadBytes=28795076|frameBytes=64000|th
inkers=234|mobjs=225|killMonsters=29|livingMonsters=17|awakeMonsters=15|movingMo
nsters=0|vertexes=1196|segs=2057|sectors=182|subsectors=682|nodes=681|lines=1175
|sides=1829|blockmapInts=3764|blocklinks=864|rejectBytes=4141
PMLE_LIVE_REPLAY_WINDOW|through_tic=2900|tics=100|wall_ms=5741.309|monotonic_cen
tiseconds=574|monotonic_tps=17.422|memory=iwadBytes=28795076|frameBytes=64000|th
inkers=234|mobjs=225|killMonsters=29|livingMonsters=17|awakeMonsters=15|movingMo
nsters=0|vertexes=1196|segs=2057|sectors=182|subsectors=682|nodes=681|lines=1175
|sides=1829|blockmapInts=3764|blocklinks=864|rejectBytes=4141
PMLE_LIVE_REPLAY_WINDOW|through_tic=3000|tics=100|wall_ms=5785.274|monotonic_cen
tiseconds=579|monotonic_tps=17.271|memory=iwadBytes=28795076|frameBytes=64000|th
inkers=234|mobjs=225|killMonsters=29|livingMonsters=17|awakeMonsters=15|movingMo
nsters=0|vertexes=1196|segs=2057|sectors=182|subsectors=682|nodes=681|lines=1175
|sides=1829|blockmapInts=3764|blocklinks=864|rejectBytes=4141
PMLE_LIVE_REPLAY_WINDOW|through_tic=3100|tics=100|wall_ms=5852.675|monotonic_cen
tiseconds=585|monotonic_tps=17.094|memory=iwadBytes=28795076|frameBytes=64000|th
inkers=234|mobjs=225|killMonsters=29|livingMonsters=17|awakeMonsters=15|movingMo
nsters=0|vertexes=1196|segs=2057|sectors=182|subsectors=682|nodes=681|lines=1175
|sides=1829|blockmapInts=3764|blocklinks=864|rejectBytes=4141
PMLE_LIVE_REPLAY_WINDOW|through_tic=3200|tics=100|wall_ms=4609.055|monotonic_cen
tiseconds=461|monotonic_tps=21.692|memory=iwadBytes=28795076|frameBytes=64000|th
inkers=236|mobjs=226|killMonsters=29|livingMonsters=17|awakeMonsters=15|movingMo
nsters=0|vertexes=1196|segs=2057|sectors=182|subsectors=682|nodes=681|lines=1175
|sides=1829|blockmapInts=3764|blocklinks=864|rejectBytes=4141
PMLE_LIVE_REPLAY_WINDOW|through_tic=3300|tics=100|wall_ms=5665.593|monotonic_cen
tiseconds=567|monotonic_tps=17.637|memory=iwadBytes=28795076|frameBytes=64000|th
inkers=236|mobjs=226|killMonsters=29|livingMonsters=17|awakeMonsters=15|movingMo
nsters=0|vertexes=1196|segs=2057|sectors=182|subsectors=682|nodes=681|lines=1175
|sides=1829|blockmapInts=3764|blocklinks=864|rejectBytes=4141
PMLE_LIVE_REPLAY_WINDOW|through_tic=3400|tics=100|wall_ms=3677.655|monotonic_cen
tiseconds=368|monotonic_tps=27.174|memory=iwadBytes=28795076|frameBytes=64000|th
inkers=235|mobjs=225|killMonsters=29|livingMonsters=17|awakeMonsters=15|movingMo
nsters=0|vertexes=1196|segs=2057|sectors=182|subsectors=682|nodes=681|lines=1175
|sides=1829|blockmapInts=3764|blocklinks=864|rejectBytes=4141
PMLE_LIVE_REPLAY_WINDOW|through_tic=3500|tics=100|wall_ms=7572.63|monotonic_cent
iseconds=757|monotonic_tps=13.21|memory=iwadBytes=28795076|frameBytes=64000|thin
kers=240|mobjs=231|killMonsters=29|livingMonsters=17|awakeMonsters=15|movingMons
ters=0|vertexes=1196|segs=2057|sectors=182|subsectors=682|nodes=681|lines=1175|s
ides=1829|blockmapInts=3764|blocklinks=864|rejectBytes=4141
PMLE_LIVE_REPLAY_WINDOW|through_tic=3600|tics=100|wall_ms=5065.422|monotonic_cen
tiseconds=507|monotonic_tps=19.724|memory=iwadBytes=28795076|frameBytes=64000|th
inkers=234|mobjs=225|killMonsters=29|livingMonsters=17|awakeMonsters=15|movingMo
nsters=0|vertexes=1196|segs=2057|sectors=182|subsectors=682|nodes=681|lines=1175
|sides=1829|blockmapInts=3764|blocklinks=864|rejectBytes=4141
PMLE_LIVE_REPLAY_WINDOW|through_tic=3700|tics=100|wall_ms=4084.812|monotonic_cen
tiseconds=408|monotonic_tps=24.51|memory=iwadBytes=28795076|frameBytes=64000|thi
nkers=234|mobjs=225|killMonsters=29|livingMonsters=17|awakeMonsters=15|movingMon
sters=0|vertexes=1196|segs=2057|sectors=182|subsectors=682|nodes=681|lines=1175|
sides=1829|blockmapInts=3764|blocklinks=864|rejectBytes=4141
PMLE_LIVE_REPLAY_WINDOW|through_tic=3800|tics=100|wall_ms=4144.654|monotonic_cen
tiseconds=414|monotonic_tps=24.155|memory=iwadBytes=28795076|frameBytes=64000|th
inkers=234|mobjs=225|killMonsters=29|livingMonsters=17|awakeMonsters=15|movingMo
nsters=0|vertexes=1196|segs=2057|sectors=182|subsectors=682|nodes=681|lines=1175
|sides=1829|blockmapInts=3764|blocklinks=864|rejectBytes=4141
PMLE_LIVE_REPLAY_WINDOW|through_tic=3900|tics=100|wall_ms=3228.615|monotonic_cen
tiseconds=339|monotonic_tps=29.499|memory=iwadBytes=28795076|frameBytes=64000|th
inkers=235|mobjs=226|killMonsters=29|livingMonsters=17|awakeMonsters=15|movingMo
nsters=0|vertexes=1196|segs=2057|sectors=182|subsectors=682|nodes=681|lines=1175
|sides=1829|blockmapInts=3764|blocklinks=864|rejectBytes=4141
PMLE_LIVE_REPLAY_WINDOW|through_tic=4000|tics=100|wall_ms=3284.698|monotonic_cen
tiseconds=328|monotonic_tps=30.488|memory=iwadBytes=28795076|frameBytes=64000|th
inkers=236|mobjs=227|killMonsters=29|livingMonsters=17|awakeMonsters=15|movingMo
nsters=0|vertexes=1196|segs=2057|sectors=182|subsectors=682|nodes=681|lines=1175
|sides=1829|blockmapInts=3764|blocklinks=864|rejectBytes=4141
PMLE_LIVE_REPLAY_WINDOW|through_tic=4100|tics=100|wall_ms=2974.865|monotonic_cen
tiseconds=297|monotonic_tps=33.67|memory=iwadBytes=28795076|frameBytes=64000|thi
nkers=236|mobjs=227|killMonsters=29|livingMonsters=17|awakeMonsters=15|movingMon
sters=0|vertexes=1196|segs=2057|sectors=182|subsectors=682|nodes=681|lines=1175|
sides=1829|blockmapInts=3764|blocklinks=864|rejectBytes=4141
PMLE_LIVE_REPLAY_WINDOW|through_tic=4200|tics=100|wall_ms=1359.97|monotonic_cent
iseconds=136|monotonic_tps=73.529|memory=iwadBytes=28795076|frameBytes=64000|thi
nkers=234|mobjs=225|killMonsters=29|livingMonsters=17|awakeMonsters=15|movingMon
sters=0|vertexes=1196|segs=2057|sectors=182|subsectors=682|nodes=681|lines=1175|
sides=1829|blockmapInts=3764|blocklinks=864|rejectBytes=4141
PMLE_LIVE_REPLAY_WINDOW|through_tic=4300|tics=100|wall_ms=1045.256|monotonic_cen
tiseconds=104|monotonic_tps=96.154|memory=iwadBytes=28795076|frameBytes=64000|th
inkers=234|mobjs=225|killMonsters=29|livingMonsters=17|awakeMonsters=15|movingMo
nsters=0|vertexes=1196|segs=2057|sectors=182|subsectors=682|nodes=681|lines=1175
|sides=1829|blockmapInts=3764|blocklinks=864|rejectBytes=4141
PMLE_LIVE_REPLAY_WINDOW|through_tic=4400|tics=100|wall_ms=1035.825|monotonic_cen
tiseconds=103|monotonic_tps=97.087|memory=iwadBytes=28795076|frameBytes=64000|th
inkers=234|mobjs=225|killMonsters=29|livingMonsters=17|awakeMonsters=15|movingMo
nsters=0|vertexes=1196|segs=2057|sectors=182|subsectors=682|nodes=681|lines=1175
|sides=1829|blockmapInts=3764|blocklinks=864|rejectBytes=4141
PMLE_LIVE_REPLAY_WINDOW|through_tic=4500|tics=100|wall_ms=1184.369|monotonic_cen
tiseconds=118|monotonic_tps=84.746|memory=iwadBytes=28795076|frameBytes=64000|th
inkers=234|mobjs=225|killMonsters=29|livingMonsters=17|awakeMonsters=15|movingMo
nsters=0|vertexes=1196|segs=2057|sectors=182|subsectors=682|nodes=681|lines=1175
|sides=1829|blockmapInts=3764|blocklinks=864|rejectBytes=4141
PMLE_LIVE_REPLAY_WINDOW|through_tic=4600|tics=100|wall_ms=1049.953|monotonic_cen
tiseconds=105|monotonic_tps=95.238|memory=iwadBytes=28795076|frameBytes=64000|th
inkers=234|mobjs=225|killMonsters=29|livingMonsters=17|awakeMonsters=15|movingMo
nsters=0|vertexes=1196|segs=2057|sectors=182|subsectors=682|nodes=681|lines=1175
|sides=1829|blockmapInts=3764|blocklinks=864|rejectBytes=4141
PMLE_LIVE_REPLAY_WINDOW|through_tic=4700|tics=100|wall_ms=1029.64|monotonic_cent
iseconds=102|monotonic_tps=98.039|memory=iwadBytes=28795076|frameBytes=64000|thi
nkers=234|mobjs=225|killMonsters=29|livingMonsters=17|awakeMonsters=15|movingMon
sters=0|vertexes=1196|segs=2057|sectors=182|subsectors=682|nodes=681|lines=1175|
sides=1829|blockmapInts=3764|blocklinks=864|rejectBytes=4141
PMLE_LIVE_REPLAY_WINDOW|through_tic=4800|tics=100|wall_ms=1050.618|monotonic_cen
tiseconds=105|monotonic_tps=95.238|memory=iwadBytes=28795076|frameBytes=64000|th
inkers=234|mobjs=225|killMonsters=29|livingMonsters=17|awakeMonsters=15|movingMo
nsters=0|vertexes=1196|segs=2057|sectors=182|subsectors=682|nodes=681|lines=1175
|sides=1829|blockmapInts=3764|blocklinks=864|rejectBytes=4141
PMLE_LIVE_REPLAY_WINDOW|through_tic=4900|tics=100|wall_ms=1056.972|monotonic_cen
tiseconds=106|monotonic_tps=94.34|memory=iwadBytes=28795076|frameBytes=64000|thi
nkers=234|mobjs=225|killMonsters=29|livingMonsters=17|awakeMonsters=15|movingMon
sters=0|vertexes=1196|segs=2057|sectors=182|subsectors=682|nodes=681|lines=1175|
sides=1829|blockmapInts=3764|blocklinks=864|rejectBytes=4141
PMLE_LIVE_REPLAY_WINDOW|through_tic=5000|tics=100|wall_ms=1053.794|monotonic_cen
tiseconds=105|monotonic_tps=95.238|memory=iwadBytes=28795076|frameBytes=64000|th
inkers=234|mobjs=225|killMonsters=29|livingMonsters=17|awakeMonsters=15|movingMo
nsters=0|vertexes=1196|segs=2057|sectors=182|subsectors=682|nodes=681|lines=1175
|sides=1829|blockmapInts=3764|blocklinks=864|rejectBytes=4141
PMLE_LIVE_REPLAY_WINDOW|through_tic=5100|tics=100|wall_ms=1100.073|monotonic_cen
tiseconds=110|monotonic_tps=90.909|memory=iwadBytes=28795076|frameBytes=64000|th
inkers=234|mobjs=225|killMonsters=29|livingMonsters=17|awakeMonsters=15|movingMo
nsters=0|vertexes=1196|segs=2057|sectors=182|subsectors=682|nodes=681|lines=1175
|sides=1829|blockmapInts=3764|blocklinks=864|rejectBytes=4141
PMLE_LIVE_REPLAY_WINDOW|through_tic=5200|tics=100|wall_ms=1075.925|monotonic_cen
tiseconds=107|monotonic_tps=93.458|memory=iwadBytes=28795076|frameBytes=64000|th
inkers=234|mobjs=225|killMonsters=29|livingMonsters=17|awakeMonsters=15|movingMo
nsters=0|vertexes=1196|segs=2057|sectors=182|subsectors=682|nodes=681|lines=1175
|sides=1829|blockmapInts=3764|blocklinks=864|rejectBytes=4141
PMLE_LIVE_REPLAY_WINDOW|through_tic=5250|tics=50|wall_ms=539.442|monotonic_centi
seconds=54|monotonic_tps=92.593|memory=iwadBytes=28795076|frameBytes=64000|think
ers=234|mobjs=225|killMonsters=29|livingMonsters=17|awakeMonsters=15|movingMonst
ers=0|vertexes=1196|segs=2057|sectors=182|subsectors=682|nodes=681|lines=1175|si
des=1829|blockmapInts=3764|blocklinks=864|rejectBytes=4141
PMLE_LIVE_REPLAY_MEMORY|iwadBytes=28795076|frameBytes=64000|thinkers=234|mobjs=2
25|killMonsters=29|livingMonsters=17|awakeMonsters=15|movingMonsters=0|vertexes=
1196|segs=2057|sectors=182|subsectors=682|nodes=681|lines=1175|sides=1829|blockm
apInts=3764|blocklinks=864|rejectBytes=4141
P_GetNodesVersion: using normal BSP nodes
Max size 65990
PMLE_LIVE_REPLAY_WARM_PREFIX|after_full_tics=5250|tics=500|p50_ms=111.066|p95_ms
=217.097|p99_ms=278.694|max_ms=331.295|throughput_tps=8.567|monotonic_centisecon
ds=5836|monotonic_tps=8.568
