PMLE_HOST_QUIESCENCE|PASS|docker_builds=0|compiles=0|verifiers=0
PMLE_DECPS_ARTIFACT|sha256=2848ef7a8dc4799de7faa46bcf304f4ac3d351da97be94b144a53f3300607f29|bytes=1081331|phase=dual-clock

Session altered.


Session altered.


Session altered.


Session altered.

PMLE_ENVIRONMENT|cpu_count=2|resource_plan=DEFAULT_PLAN|cpu_managed=ON|pdb_cpu_count=2|pdb_utilization_limit=50|pdb_running_sessions_limit=2|pdb_plan=DEFAULT_CDB_PLAN

Session altered.


Session altered.


Session altered.


Session altered.

6 command-line variables
M_LoadDefaults: Load system defaults.
M_Random: Using DelegateRandom.
-iwad specified. Will be used with priority
ITicker: Using nanosecond accuracy timer.
FreeDoom: Phase 1	   v1.9
W_Init: Init WADfiles.
	added freedoom1.wad (zipped: false network: true)
VI_Init: set palettes.
Palette: 3584 colors
VI_Init: set colormaps.
Colormaps: 35
V_Init: allocate screens.
AM_Init: Init Automap colors -
===========================================================================
Copyright © 2001-2017 Contributors to the Freedoom project.
All rights reserved.
See: https://github.com/freedoom/freedoom/blob/master/COPYING.adoc
===========================================================================
Tables.InitTables: Init trigonometric LUTs.
M_Init: Init miscellaneous info.
R_Init: Init DOOM refresh daemon -
P_Init: Init Playloop state.
false NUKAGE1 NUKAGE3 8
false FWATER1 FWATER4 8
false SWATER1 SWATER4 8
false LAVA1 LAVA4 8
false BLOOD1 BLOOD3 8
false RROCK05 RROCK08 8
false SLIME01 SLIME04 8
false SLIME05 SLIME08 8
false SLIME09 SLIME12 8
I_Init: Setting up machine state.
D_CheckNetGame: Checking network game status.
startskill sk_medium  deathmatch: false  startmap: 1  startepisode: 1
player 1 of 1 (1 nodes)
S_Init: Setting up sound.
M_Random: Switching to DoomRandom (new instance)
P_GetNodesVersion: using normal BSP nodes
PMLE_LIVE_REPLAY_INIT|stream=live-dm-2026-07-23|wall_ms=42015.513
PMLE_LIVE_REPLAY_TIC|tic=1|mle_ms=137.344|monotonic_ms=140|clock_delta_ms=2.656|
clock_suspect=0
PMLE_LIVE_REPLAY_TIC|tic=2|mle_ms=45.339|monotonic_ms=40|clock_delta_ms=5.339|cl
ock_suspect=0
PMLE_LIVE_REPLAY_TIC|tic=3|mle_ms=21.339|monotonic_ms=30|clock_delta_ms=8.661|cl
ock_suspect=0
PMLE_LIVE_REPLAY_TIC|tic=4|mle_ms=54.563|monotonic_ms=50|clock_delta_ms=4.563|cl
ock_suspect=0
PMLE_LIVE_REPLAY_TIC|tic=5|mle_ms=18.501|monotonic_ms=20|clock_delta_ms=1.499|cl
ock_suspect=0
PMLE_LIVE_REPLAY_TIC|tic=6|mle_ms=30.982|monotonic_ms=30|clock_delta_ms=.982|clo
ck_suspect=0
PMLE_LIVE_REPLAY_TIC|tic=7|mle_ms=101.984|monotonic_ms=100|clock_delta_ms=1.984|
clock_suspect=0
PMLE_LIVE_REPLAY_TIC|tic=8|mle_ms=36.822|monotonic_ms=40|clock_delta_ms=3.178|cl
ock_suspect=0
PMLE_LIVE_REPLAY_TIC|tic=9|mle_ms=65.589|monotonic_ms=60|clock_delta_ms=5.589|cl
ock_suspect=0
PMLE_LIVE_REPLAY_TIC|tic=10|mle_ms=149.629|monotonic_ms=150|clock_delta_ms=.371|
clock_suspect=0
PMLE_LIVE_REPLAY_TIC|tic=11|mle_ms=59.07|monotonic_ms=60|clock_delta_ms=.93|cloc
k_suspect=0
PMLE_LIVE_REPLAY_TIC|tic=12|mle_ms=36.228|monotonic_ms=40|clock_delta_ms=3.772|c
lock_suspect=0
PMLE_LIVE_REPLAY_TIC|tic=13|mle_ms=91.406|monotonic_ms=90|clock_delta_ms=1.406|c
lock_suspect=0
PMLE_LIVE_REPLAY_TIC|tic=14|mle_ms=75.824|monotonic_ms=80|clock_delta_ms=4.176|c
lock_suspect=0
PMLE_LIVE_REPLAY_TIC|tic=15|mle_ms=71.944|monotonic_ms=70|clock_delta_ms=1.944|c
lock_suspect=0
PMLE_LIVE_REPLAY_TIC|tic=16|mle_ms=82.068|monotonic_ms=80|clock_delta_ms=2.068|c
lock_suspect=0
PMLE_LIVE_REPLAY_TIC|tic=17|mle_ms=54.013|monotonic_ms=60|clock_delta_ms=5.987|c
lock_suspect=0
PMLE_LIVE_REPLAY_TIC|tic=18|mle_ms=61.905|monotonic_ms=60|clock_delta_ms=1.905|c
lock_suspect=0
PMLE_LIVE_REPLAY_TIC|tic=19|mle_ms=71.008|monotonic_ms=70|clock_delta_ms=1.008|c
lock_suspect=0
PMLE_LIVE_REPLAY_TIC|tic=20|mle_ms=42.236|monotonic_ms=40|clock_delta_ms=2.236|c
lock_suspect=0
PMLE_LIVE_REPLAY_TIC|tic=21|mle_ms=130.623|monotonic_ms=130|clock_delta_ms=.623|
clock_suspect=0
PMLE_LIVE_REPLAY_TIC|tic=22|mle_ms=99.936|monotonic_ms=100|clock_delta_ms=.064|c
lock_suspect=0
PMLE_LIVE_REPLAY_TIC|tic=23|mle_ms=54.853|monotonic_ms=60|clock_delta_ms=5.147|c
lock_suspect=0
PMLE_LIVE_REPLAY_TIC|tic=24|mle_ms=83.776|monotonic_ms=80|clock_delta_ms=3.776|c
lock_suspect=0
PMLE_LIVE_REPLAY_TIC|tic=25|mle_ms=65.264|monotonic_ms=70|clock_delta_ms=4.736|c
lock_suspect=0
PMLE_LIVE_REPLAY_TIC|tic=26|mle_ms=57.758|monotonic_ms=50|clock_delta_ms=7.758|c
lock_suspect=0
PMLE_LIVE_REPLAY_TIC|tic=27|mle_ms=79.681|monotonic_ms=80|clock_delta_ms=.319|cl
ock_suspect=0
PMLE_LIVE_REPLAY_TIC|tic=28|mle_ms=96.699|monotonic_ms=100|clock_delta_ms=3.301|
clock_suspect=0
PMLE_LIVE_REPLAY_TIC|tic=29|mle_ms=34.373|monotonic_ms=30|clock_delta_ms=4.373|c
lock_suspect=0
PMLE_LIVE_REPLAY_TIC|tic=30|mle_ms=63.781|monotonic_ms=70|clock_delta_ms=6.219|c
lock_suspect=0
PMLE_LIVE_REPLAY_TIC|tic=31|mle_ms=145.573|monotonic_ms=140|clock_delta_ms=5.573
|clock_suspect=0
PMLE_LIVE_REPLAY_TIC|tic=32|mle_ms=42.573|monotonic_ms=50|clock_delta_ms=7.427|c
lock_suspect=0
PMLE_LIVE_REPLAY_TIC|tic=33|mle_ms=97.716|monotonic_ms=90|clock_delta_ms=7.716|c
lock_suspect=0
PMLE_LIVE_REPLAY_TIC|tic=34|mle_ms=99.516|monotonic_ms=100|clock_delta_ms=.484|c
lock_suspect=0
PMLE_LIVE_REPLAY_TIC|tic=35|mle_ms=26.914|monotonic_ms=30|clock_delta_ms=3.086|c
lock_suspect=0
PMLE_LIVE_REPLAY_TIC|tic=36|mle_ms=57.02|monotonic_ms=60|clock_delta_ms=2.98|clo
ck_suspect=0
PMLE_LIVE_REPLAY_TIC|tic=37|mle_ms=89.303|monotonic_ms=90|clock_delta_ms=.697|cl
ock_suspect=0
PMLE_LIVE_REPLAY_TIC|tic=38|mle_ms=47.142|monotonic_ms=50|clock_delta_ms=2.858|c
lock_suspect=0
PMLE_LIVE_REPLAY_TIC|tic=39|mle_ms=42.727|monotonic_ms=40|clock_delta_ms=2.727|c
lock_suspect=0
PMLE_LIVE_REPLAY_TIC|tic=40|mle_ms=137.557|monotonic_ms=140|clock_delta_ms=2.443
|clock_suspect=0
PMLE_LIVE_REPLAY_TIC|tic=41|mle_ms=61.372|monotonic_ms=60|clock_delta_ms=1.372|c
lock_suspect=0
PMLE_LIVE_REPLAY_TIC|tic=42|mle_ms=47.029|monotonic_ms=40|clock_delta_ms=7.029|c
lock_suspect=0
PMLE_LIVE_REPLAY_TIC|tic=43|mle_ms=105.458|monotonic_ms=110|clock_delta_ms=4.542
|clock_suspect=0
PMLE_LIVE_REPLAY_TIC|tic=44|mle_ms=51.739|monotonic_ms=50|clock_delta_ms=1.739|c
lock_suspect=0
PMLE_LIVE_REPLAY_TIC|tic=45|mle_ms=46.298|monotonic_ms=50|clock_delta_ms=3.702|c
lock_suspect=0
PMLE_LIVE_REPLAY_TIC|tic=46|mle_ms=108.755|monotonic_ms=110|clock_delta_ms=1.245
|clock_suspect=0
PMLE_LIVE_REPLAY_TIC|tic=47|mle_ms=52.233|monotonic_ms=50|clock_delta_ms=2.233|c
lock_suspect=0
PMLE_LIVE_REPLAY_TIC|tic=48|mle_ms=63.298|monotonic_ms=60|clock_delta_ms=3.298|c
lock_suspect=0
PMLE_LIVE_REPLAY_TIC|tic=49|mle_ms=81.01|monotonic_ms=80|clock_delta_ms=1.01|clo
ck_suspect=0
PMLE_LIVE_REPLAY_TIC|tic=50|mle_ms=40.599|monotonic_ms=40|clock_delta_ms=.599|cl
ock_suspect=0
PMLE_LIVE_REPLAY_TIC|tic=51|mle_ms=78.192|monotonic_ms=80|clock_delta_ms=1.808|c
lock_suspect=0
PMLE_LIVE_REPLAY_TIC|tic=52|mle_ms=92.48|monotonic_ms=100|clock_delta_ms=7.52|cl
ock_suspect=0
PMLE_LIVE_REPLAY_TIC|tic=53|mle_ms=42.637|monotonic_ms=40|clock_delta_ms=2.637|c
lock_suspect=0
PMLE_LIVE_REPLAY_TIC|tic=54|mle_ms=74.752|monotonic_ms=70|clock_delta_ms=4.752|c
lock_suspect=0
PMLE_LIVE_REPLAY_TIC|tic=55|mle_ms=98.577|monotonic_ms=100|clock_delta_ms=1.423|
clock_suspect=0
PMLE_LIVE_REPLAY_TIC|tic=56|mle_ms=49.711|monotonic_ms=50|clock_delta_ms=.289|cl
ock_suspect=0
PMLE_LIVE_REPLAY_TIC|tic=57|mle_ms=58.873|monotonic_ms=60|clock_delta_ms=1.127|c
lock_suspect=0
PMLE_LIVE_REPLAY_TIC|tic=58|mle_ms=107.979|monotonic_ms=110|clock_delta_ms=2.021
|clock_suspect=0
PMLE_LIVE_REPLAY_TIC|tic=59|mle_ms=24.006|monotonic_ms=20|clock_delta_ms=4.006|c
lock_suspect=0
PMLE_LIVE_REPLAY_TIC|tic=60|mle_ms=175.981|monotonic_ms=180|clock_delta_ms=4.019
|clock_suspect=0
PMLE_LIVE_REPLAY_TIC|tic=61|mle_ms=127.509|monotonic_ms=130|clock_delta_ms=2.491
|clock_suspect=0
PMLE_LIVE_REPLAY_TIC|tic=62|mle_ms=34.666|monotonic_ms=30|clock_delta_ms=4.666|c
lock_suspect=0
PMLE_LIVE_REPLAY_TIC|tic=63|mle_ms=57.699|monotonic_ms=60|clock_delta_ms=2.301|c
lock_suspect=0
PMLE_LIVE_REPLAY_TIC|tic=64|mle_ms=111.285|monotonic_ms=110|clock_delta_ms=1.285
|clock_suspect=0
PMLE_LIVE_REPLAY_TIC|tic=65|mle_ms=49.145|monotonic_ms=50|clock_delta_ms=.855|cl
ock_suspect=0
PMLE_LIVE_REPLAY_TIC|tic=66|mle_ms=101.446|monotonic_ms=100|clock_delta_ms=1.446
|clock_suspect=0
PMLE_LIVE_REPLAY_TIC|tic=67|mle_ms=110.19|monotonic_ms=110|clock_delta_ms=.19|cl
ock_suspect=0
PMLE_LIVE_REPLAY_TIC|tic=68|mle_ms=-70.597|monotonic_ms=40|clock_delta_ms=110.59
7|clock_suspect=1
PMLE_LIVE_REPLAY_TIC|tic=69|mle_ms=39.817|monotonic_ms=40|clock_delta_ms=.183|cl
ock_suspect=0
PMLE_LIVE_REPLAY_TIC|tic=70|mle_ms=87.982|monotonic_ms=90|clock_delta_ms=2.018|c
lock_suspect=0
PMLE_LIVE_REPLAY_TIC|tic=71|mle_ms=62.662|monotonic_ms=60|clock_delta_ms=2.662|c
lock_suspect=0
PMLE_LIVE_REPLAY_TIC|tic=72|mle_ms=39.348|monotonic_ms=40|clock_delta_ms=.652|cl
ock_suspect=0
PMLE_LIVE_REPLAY_TIC|tic=73|mle_ms=131.054|monotonic_ms=130|clock_delta_ms=1.054
|clock_suspect=0
PMLE_LIVE_REPLAY_TIC|tic=74|mle_ms=45.164|monotonic_ms=50|clock_delta_ms=4.836|c
lock_suspect=0
PMLE_LIVE_REPLAY_TIC|tic=75|mle_ms=52.899|monotonic_ms=50|clock_delta_ms=2.899|c
lock_suspect=0
PMLE_LIVE_REPLAY_TIC|tic=76|mle_ms=101.278|monotonic_ms=100|clock_delta_ms=1.278
|clock_suspect=0
PMLE_LIVE_REPLAY_TIC|tic=77|mle_ms=50.613|monotonic_ms=50|clock_delta_ms=.613|cl
ock_suspect=0
PMLE_LIVE_REPLAY_TIC|tic=78|mle_ms=55.886|monotonic_ms=60|clock_delta_ms=4.114|c
lock_suspect=0
PMLE_LIVE_REPLAY_TIC|tic=79|mle_ms=90.012|monotonic_ms=90|clock_delta_ms=.012|cl
ock_suspect=0
PMLE_LIVE_REPLAY_TIC|tic=80|mle_ms=29.612|monotonic_ms=30|clock_delta_ms=.388|cl
ock_suspect=0
PMLE_LIVE_REPLAY_TIC|tic=81|mle_ms=106.399|monotonic_ms=110|clock_delta_ms=3.601
|clock_suspect=0
PMLE_LIVE_REPLAY_TIC|tic=82|mle_ms=109.573|monotonic_ms=110|clock_delta_ms=.427|
clock_suspect=0
PMLE_LIVE_REPLAY_TIC|tic=83|mle_ms=52.328|monotonic_ms=50|clock_delta_ms=2.328|c
lock_suspect=0
PMLE_LIVE_REPLAY_TIC|tic=84|mle_ms=65.164|monotonic_ms=60|clock_delta_ms=5.164|c
lock_suspect=0
PMLE_LIVE_REPLAY_TIC|tic=85|mle_ms=88.316|monotonic_ms=90|clock_delta_ms=1.684|c
lock_suspect=0
PMLE_LIVE_REPLAY_TIC|tic=86|mle_ms=49.45|monotonic_ms=50|clock_delta_ms=.55|cloc
k_suspect=0
PMLE_LIVE_REPLAY_TIC|tic=87|mle_ms=80.876|monotonic_ms=80|clock_delta_ms=.876|cl
ock_suspect=0
PMLE_LIVE_REPLAY_TIC|tic=88|mle_ms=109.332|monotonic_ms=110|clock_delta_ms=.668|
clock_suspect=0
PMLE_LIVE_REPLAY_TIC|tic=89|mle_ms=34.138|monotonic_ms=40|clock_delta_ms=5.862|c
lock_suspect=0
PMLE_LIVE_REPLAY_TIC|tic=90|mle_ms=64.096|monotonic_ms=60|clock_delta_ms=4.096|c
lock_suspect=0
PMLE_LIVE_REPLAY_TIC|tic=91|mle_ms=151.751|monotonic_ms=150|clock_delta_ms=1.751
|clock_suspect=0
PMLE_LIVE_REPLAY_TIC|tic=92|mle_ms=43.646|monotonic_ms=50|clock_delta_ms=6.354|c
lock_suspect=0
PMLE_LIVE_REPLAY_TIC|tic=93|mle_ms=63.071|monotonic_ms=60|clock_delta_ms=3.071|c
lock_suspect=0
PMLE_LIVE_REPLAY_TIC|tic=94|mle_ms=114.36|monotonic_ms=110|clock_delta_ms=4.36|c
lock_suspect=0
PMLE_LIVE_REPLAY_TIC|tic=95|mle_ms=23.943|monotonic_ms=30|clock_delta_ms=6.057|c
lock_suspect=0
PMLE_LIVE_REPLAY_TIC|tic=96|mle_ms=70.438|monotonic_ms=70|clock_delta_ms=.438|cl
ock_suspect=0
PMLE_LIVE_REPLAY_TIC|tic=97|mle_ms=105.683|monotonic_ms=100|clock_delta_ms=5.683
|clock_suspect=0
PMLE_LIVE_REPLAY_TIC|tic=98|mle_ms=41.702|monotonic_ms=50|clock_delta_ms=8.298|c
lock_suspect=0
PMLE_LIVE_REPLAY_TIC|tic=99|mle_ms=32.372|monotonic_ms=30|clock_delta_ms=2.372|c
lock_suspect=0
PMLE_LIVE_REPLAY_TIC|tic=100|mle_ms=104.104|monotonic_ms=100|clock_delta_ms=4.10
4|clock_suspect=0
PMLE_LIVE_REPLAY_TIC|tic=101|mle_ms=66.821|monotonic_ms=70|clock_delta_ms=3.179|
clock_suspect=0
PMLE_LIVE_REPLAY_TIC|tic=102|mle_ms=50.711|monotonic_ms=50|clock_delta_ms=.711|c
lock_suspect=0
PMLE_LIVE_REPLAY_TIC|tic=103|mle_ms=127.144|monotonic_ms=130|clock_delta_ms=2.85
6|clock_suspect=0
PMLE_LIVE_REPLAY_TIC|tic=104|mle_ms=54.33|monotonic_ms=50|clock_delta_ms=4.33|cl
ock_suspect=0
PMLE_LIVE_REPLAY_TIC|tic=105|mle_ms=30.733|monotonic_ms=30|clock_delta_ms=.733|c
lock_suspect=0
PMLE_LIVE_REPLAY_TIC|tic=106|mle_ms=136.902|monotonic_ms=140|clock_delta_ms=3.09
8|clock_suspect=0
PMLE_LIVE_REPLAY_TIC|tic=107|mle_ms=52.502|monotonic_ms=50|clock_delta_ms=2.502|
clock_suspect=0
PMLE_LIVE_REPLAY_TIC|tic=108|mle_ms=70.72|monotonic_ms=80|clock_delta_ms=9.28|cl
ock_suspect=0
PMLE_LIVE_REPLAY_TIC|tic=109|mle_ms=94.799|monotonic_ms=90|clock_delta_ms=4.799|
clock_suspect=0
PMLE_LIVE_REPLAY_TIC|tic=110|mle_ms=61.937|monotonic_ms=60|clock_delta_ms=1.937|
clock_suspect=0
PMLE_LIVE_REPLAY_TIC|tic=111|mle_ms=190.483|monotonic_ms=190|clock_delta_ms=.483
|clock_suspect=0
PMLE_LIVE_REPLAY_TIC|tic=112|mle_ms=109.953|monotonic_ms=110|clock_delta_ms=.047
|clock_suspect=0
PMLE_LIVE_REPLAY_TIC|tic=113|mle_ms=52.165|monotonic_ms=50|clock_delta_ms=2.165|
clock_suspect=0
PMLE_LIVE_REPLAY_TIC|tic=114|mle_ms=73.581|monotonic_ms=80|clock_delta_ms=6.419|
clock_suspect=0
PMLE_LIVE_REPLAY_TIC|tic=115|mle_ms=103.179|monotonic_ms=100|clock_delta_ms=3.17
9|clock_suspect=0
PMLE_LIVE_REPLAY_TIC|tic=116|mle_ms=59.062|monotonic_ms=60|clock_delta_ms=.938|c
lock_suspect=0
PMLE_LIVE_REPLAY_TIC|tic=117|mle_ms=79.869|monotonic_ms=80|clock_delta_ms=.131|c
lock_suspect=0
PMLE_LIVE_REPLAY_TIC|tic=118|mle_ms=118.016|monotonic_ms=120|clock_delta_ms=1.98
4|clock_suspect=0
PMLE_LIVE_REPLAY_TIC|tic=119|mle_ms=25.975|monotonic_ms=30|clock_delta_ms=4.025|
clock_suspect=0
PMLE_LIVE_REPLAY_TIC|tic=120|mle_ms=53.032|monotonic_ms=50|clock_delta_ms=3.032|
clock_suspect=0
PMLE_LIVE_REPLAY_TIC|tic=121|mle_ms=130.602|monotonic_ms=130|clock_delta_ms=.602
|clock_suspect=0
PMLE_LIVE_REPLAY_TIC|tic=122|mle_ms=31.021|monotonic_ms=30|clock_delta_ms=1.021|
clock_suspect=0
PMLE_LIVE_REPLAY_TIC|tic=123|mle_ms=79.307|monotonic_ms=80|clock_delta_ms=.693|c
lock_suspect=0
PMLE_LIVE_REPLAY_TIC|tic=124|mle_ms=123.988|monotonic_ms=120|clock_delta_ms=3.98
8|clock_suspect=0
PMLE_LIVE_REPLAY_TIC|tic=125|mle_ms=32.899|monotonic_ms=40|clock_delta_ms=7.101|
clock_suspect=0
PMLE_LIVE_REPLAY_TIC|tic=126|mle_ms=83.25|monotonic_ms=80|clock_delta_ms=3.25|cl
ock_suspect=0
PMLE_LIVE_REPLAY_TIC|tic=127|mle_ms=119.397|monotonic_ms=120|clock_delta_ms=.603
|clock_suspect=0
PMLE_LIVE_REPLAY_TIC|tic=128|mle_ms=49.864|monotonic_ms=50|clock_delta_ms=.136|c
lock_suspect=0
PMLE_LIVE_REPLAY_TIC|tic=129|mle_ms=79.046|monotonic_ms=80|clock_delta_ms=.954|c
lock_suspect=0
PMLE_LIVE_REPLAY_TIC|tic=130|mle_ms=204.069|monotonic_ms=200|clock_delta_ms=4.06
9|clock_suspect=0
PMLE_LIVE_REPLAY_TIC|tic=131|mle_ms=96.947|monotonic_ms=100|clock_delta_ms=3.053
|clock_suspect=0
PMLE_LIVE_REPLAY_TIC|tic=132|mle_ms=48.69|monotonic_ms=50|clock_delta_ms=1.31|cl
ock_suspect=0
PMLE_LIVE_REPLAY_TIC|tic=133|mle_ms=153.689|monotonic_ms=150|clock_delta_ms=3.68
9|clock_suspect=0
PMLE_LIVE_REPLAY_TIC|tic=134|mle_ms=142.586|monotonic_ms=140|clock_delta_ms=2.58
6|clock_suspect=0
PMLE_LIVE_REPLAY_TIC|tic=135|mle_ms=67.794|monotonic_ms=70|clock_delta_ms=2.206|
clock_suspect=0
PMLE_LIVE_REPLAY_TIC|tic=136|mle_ms=106.664|monotonic_ms=110|clock_delta_ms=3.33
6|clock_suspect=0
PMLE_LIVE_REPLAY_TIC|tic=137|mle_ms=94.406|monotonic_ms=90|clock_delta_ms=4.406|
clock_suspect=0
PMLE_LIVE_REPLAY_TIC|tic=138|mle_ms=80.135|monotonic_ms=80|clock_delta_ms=.135|c
lock_suspect=0
PMLE_LIVE_REPLAY_TIC|tic=139|mle_ms=133.032|monotonic_ms=140|clock_delta_ms=6.96
8|clock_suspect=0
PMLE_LIVE_REPLAY_TIC|tic=140|mle_ms=70.758|monotonic_ms=70|clock_delta_ms=.758|c
lock_suspect=0
PMLE_LIVE_REPLAY_TIC|tic=141|mle_ms=116.139|monotonic_ms=110|clock_delta_ms=6.13
9|clock_suspect=0
PMLE_LIVE_REPLAY_TIC|tic=142|mle_ms=105.519|monotonic_ms=110|clock_delta_ms=4.48
1|clock_suspect=0
PMLE_LIVE_REPLAY_TIC|tic=143|mle_ms=108.391|monotonic_ms=110|clock_delta_ms=1.60
9|clock_suspect=0
PMLE_LIVE_REPLAY_TIC|tic=144|mle_ms=67.031|monotonic_ms=70|clock_delta_ms=2.969|
clock_suspect=0
PMLE_LIVE_REPLAY_TIC|tic=145|mle_ms=87.396|monotonic_ms=80|clock_delta_ms=7.396|
clock_suspect=0
PMLE_LIVE_REPLAY_TIC|tic=146|mle_ms=104.371|monotonic_ms=110|clock_delta_ms=5.62
9|clock_suspect=0
PMLE_LIVE_REPLAY_TIC|tic=147|mle_ms=68.953|monotonic_ms=70|clock_delta_ms=1.047|
clock_suspect=0
PMLE_LIVE_REPLAY_TIC|tic=148|mle_ms=82.585|monotonic_ms=80|clock_delta_ms=2.585|
clock_suspect=0
PMLE_LIVE_REPLAY_TIC|tic=149|mle_ms=190.694|monotonic_ms=190|clock_delta_ms=.694
|clock_suspect=0
PMLE_LIVE_REPLAY_TIC|tic=150|mle_ms=85.02|monotonic_ms=90|clock_delta_ms=4.98|cl
ock_suspect=0
PMLE_LIVE_REPLAY_TIC|tic=151|mle_ms=127.708|monotonic_ms=120|clock_delta_ms=7.70
8|clock_suspect=0
PMLE_LIVE_REPLAY_TIC|tic=152|mle_ms=60.855|monotonic_ms=60|clock_delta_ms=.855|c
lock_suspect=0
PMLE_LIVE_REPLAY_TIC|tic=153|mle_ms=145.634|monotonic_ms=150|clock_delta_ms=4.36
6|clock_suspect=0
PMLE_LIVE_REPLAY_TIC|tic=154|mle_ms=127.85|monotonic_ms=130|clock_delta_ms=2.15|
clock_suspect=0
PMLE_LIVE_REPLAY_TIC|tic=155|mle_ms=82.074|monotonic_ms=80|clock_delta_ms=2.074|
clock_suspect=0
PMLE_LIVE_REPLAY_TIC|tic=156|mle_ms=75.865|monotonic_ms=80|clock_delta_ms=4.135|
clock_suspect=0
PMLE_LIVE_REPLAY_TIC|tic=157|mle_ms=107.274|monotonic_ms=100|clock_delta_ms=7.27
4|clock_suspect=0
PMLE_LIVE_REPLAY_TIC|tic=158|mle_ms=72.397|monotonic_ms=80|clock_delta_ms=7.603|
clock_suspect=0
PMLE_LIVE_REPLAY_TIC|tic=159|mle_ms=182.807|monotonic_ms=180|clock_delta_ms=2.80
7|clock_suspect=0
PMLE_LIVE_REPLAY_TIC|tic=160|mle_ms=104.733|monotonic_ms=100|clock_delta_ms=4.73
3|clock_suspect=0
PMLE_LIVE_REPLAY_TIC|tic=161|mle_ms=115.942|monotonic_ms=120|clock_delta_ms=4.05
8|clock_suspect=0
PMLE_LIVE_REPLAY_TIC|tic=162|mle_ms=113.496|monotonic_ms=110|clock_delta_ms=3.49
6|clock_suspect=0
PMLE_LIVE_REPLAY_TIC|tic=163|mle_ms=158.38|monotonic_ms=160|clock_delta_ms=1.62|
clock_suspect=0
PMLE_LIVE_REPLAY_TIC|tic=164|mle_ms=71.364|monotonic_ms=70|clock_delta_ms=1.364|
clock_suspect=0
PMLE_LIVE_REPLAY_TIC|tic=165|mle_ms=59.104|monotonic_ms=60|clock_delta_ms=.896|c
lock_suspect=0
PMLE_LIVE_REPLAY_TIC|tic=166|mle_ms=136.857|monotonic_ms=140|clock_delta_ms=3.14
3|clock_suspect=0
PMLE_LIVE_REPLAY_TIC|tic=167|mle_ms=68.909|monotonic_ms=70|clock_delta_ms=1.091|
clock_suspect=0
PMLE_LIVE_REPLAY_TIC|tic=168|mle_ms=177.273|monotonic_ms=180|clock_delta_ms=2.72
7|clock_suspect=0
PMLE_LIVE_REPLAY_TIC|tic=169|mle_ms=154.72|monotonic_ms=150|clock_delta_ms=4.72|
clock_suspect=0
PMLE_LIVE_REPLAY_TIC|tic=170|mle_ms=94.731|monotonic_ms=90|clock_delta_ms=4.731|
clock_suspect=0
PMLE_LIVE_REPLAY_TIC|tic=171|mle_ms=97.486|monotonic_ms=100|clock_delta_ms=2.514
|clock_suspect=0
PMLE_LIVE_REPLAY_TIC|tic=172|mle_ms=171.697|monotonic_ms=170|clock_delta_ms=1.69
7|clock_suspect=0
PMLE_LIVE_REPLAY_TIC|tic=173|mle_ms=86.214|monotonic_ms=90|clock_delta_ms=3.786|
clock_suspect=0
PMLE_LIVE_REPLAY_TIC|tic=174|mle_ms=112.92|monotonic_ms=110|clock_delta_ms=2.92|
clock_suspect=0
PMLE_LIVE_REPLAY_TIC|tic=175|mle_ms=110.428|monotonic_ms=110|clock_delta_ms=.428
|clock_suspect=0
PMLE_LIVE_REPLAY_TIC|tic=176|mle_ms=95.439|monotonic_ms=100|clock_delta_ms=4.561
|clock_suspect=0
PMLE_LIVE_REPLAY_TIC|tic=177|mle_ms=104.252|monotonic_ms=100|clock_delta_ms=4.25
2|clock_suspect=0
PMLE_LIVE_REPLAY_TIC|tic=178|mle_ms=164.245|monotonic_ms=170|clock_delta_ms=5.75
5|clock_suspect=0
PMLE_LIVE_REPLAY_TIC|tic=179|mle_ms=-20.331|monotonic_ms=90|clock_delta_ms=110.3
31|clock_suspect=1
PMLE_LIVE_REPLAY_TIC|tic=180|mle_ms=104.368|monotonic_ms=110|clock_delta_ms=5.63
2|clock_suspect=0
PMLE_LIVE_REPLAY_TIC|tic=181|mle_ms=172.069|monotonic_ms=170|clock_delta_ms=2.06
9|clock_suspect=0
PMLE_LIVE_REPLAY_TIC|tic=182|mle_ms=127.896|monotonic_ms=130|clock_delta_ms=2.10
4|clock_suspect=0
PMLE_LIVE_REPLAY_TIC|tic=183|mle_ms=143.428|monotonic_ms=140|clock_delta_ms=3.42
8|clock_suspect=0
PMLE_LIVE_REPLAY_TIC|tic=184|mle_ms=177.28|monotonic_ms=180|clock_delta_ms=2.72|
clock_suspect=0
PMLE_LIVE_REPLAY_TIC|tic=185|mle_ms=247.484|monotonic_ms=250|clock_delta_ms=2.51
6|clock_suspect=0
PMLE_LIVE_REPLAY_TIC|tic=186|mle_ms=143.687|monotonic_ms=140|clock_delta_ms=3.68
7|clock_suspect=0
PMLE_LIVE_REPLAY_TIC|tic=187|mle_ms=256.213|monotonic_ms=260|clock_delta_ms=3.78
7|clock_suspect=0
PMLE_LIVE_REPLAY_TIC|tic=188|mle_ms=116.284|monotonic_ms=110|clock_delta_ms=6.28
4|clock_suspect=0
PMLE_LIVE_REPLAY_TIC|tic=189|mle_ms=201.482|monotonic_ms=200|clock_delta_ms=1.48
2|clock_suspect=0
PMLE_LIVE_REPLAY_TIC|tic=190|mle_ms=159.586|monotonic_ms=160|clock_delta_ms=.414
|clock_suspect=0
PMLE_LIVE_REPLAY_TIC|tic=191|mle_ms=175.019|monotonic_ms=180|clock_delta_ms=4.98
1|clock_suspect=0
PMLE_LIVE_REPLAY_TIC|tic=192|mle_ms=83.715|monotonic_ms=80|clock_delta_ms=3.715|
clock_suspect=0
PMLE_LIVE_REPLAY_TIC|tic=193|mle_ms=137.276|monotonic_ms=140|clock_delta_ms=2.72
4|clock_suspect=0
PMLE_LIVE_REPLAY_TIC|tic=194|mle_ms=168.584|monotonic_ms=170|clock_delta_ms=1.41
6|clock_suspect=0
PMLE_LIVE_REPLAY_TIC|tic=195|mle_ms=86.004|monotonic_ms=90|clock_delta_ms=3.996|
clock_suspect=0
PMLE_LIVE_REPLAY_TIC|tic=196|mle_ms=133.107|monotonic_ms=130|clock_delta_ms=3.10
7|clock_suspect=0
PMLE_LIVE_REPLAY_TIC|tic=197|mle_ms=153.491|monotonic_ms=150|clock_delta_ms=3.49
1|clock_suspect=0
PMLE_LIVE_REPLAY_TIC|tic=198|mle_ms=125.612|monotonic_ms=130|clock_delta_ms=4.38
8|clock_suspect=0
PMLE_LIVE_REPLAY_TIC|tic=199|mle_ms=115.74|monotonic_ms=110|clock_delta_ms=5.74|
clock_suspect=0
PMLE_LIVE_REPLAY_TIC|tic=200|mle_ms=131.47|monotonic_ms=130|clock_delta_ms=1.47|
clock_suspect=0
PMLE_LIVE_REPLAY_TIC|tic=201|mle_ms=195.07|monotonic_ms=190|clock_delta_ms=5.07|
clock_suspect=0
PMLE_LIVE_REPLAY_TIC|tic=202|mle_ms=156.664|monotonic_ms=160|clock_delta_ms=3.33
6|clock_suspect=0
PMLE_LIVE_REPLAY_TIC|tic=203|mle_ms=165.448|monotonic_ms=160|clock_delta_ms=5.44
8|clock_suspect=0
PMLE_LIVE_REPLAY_TIC|tic=204|mle_ms=94.523|monotonic_ms=100|clock_delta_ms=5.477
|clock_suspect=0
PMLE_LIVE_REPLAY_TIC|tic=205|mle_ms=144.276|monotonic_ms=140|clock_delta_ms=4.27
6|clock_suspect=0
PMLE_LIVE_REPLAY_TIC|tic=206|mle_ms=280.479|monotonic_ms=280|clock_delta_ms=.479
|clock_suspect=0
PMLE_LIVE_REPLAY_TIC|tic=207|mle_ms=119.727|monotonic_ms=120|clock_delta_ms=.273
|clock_suspect=0
PMLE_LIVE_REPLAY_TIC|tic=208|mle_ms=280.657|monotonic_ms=280|clock_delta_ms=.657
|clock_suspect=0
PMLE_LIVE_REPLAY_TIC|tic=209|mle_ms=136.796|monotonic_ms=140|clock_delta_ms=3.20
4|clock_suspect=0
PMLE_LIVE_REPLAY_TIC|tic=210|mle_ms=191.265|monotonic_ms=190|clock_delta_ms=1.26
5|clock_suspect=0
PMLE_LIVE_REPLAY_TIC|tic=211|mle_ms=158.162|monotonic_ms=160|clock_delta_ms=1.83
8|clock_suspect=0
PMLE_LIVE_REPLAY_TIC|tic=212|mle_ms=313.955|monotonic_ms=320|clock_delta_ms=6.04
5|clock_suspect=0
PMLE_LIVE_REPLAY_TIC|tic=213|mle_ms=104.142|monotonic_ms=100|clock_delta_ms=4.14
2|clock_suspect=0
PMLE_LIVE_REPLAY_TIC|tic=214|mle_ms=141.152|monotonic_ms=140|clock_delta_ms=1.15
2|clock_suspect=0
PMLE_LIVE_REPLAY_TIC|tic=215|mle_ms=134.271|monotonic_ms=130|clock_delta_ms=4.27
1|clock_suspect=0
PMLE_LIVE_REPLAY_TIC|tic=216|mle_ms=102.511|monotonic_ms=110|clock_delta_ms=7.48
9|clock_suspect=0
PMLE_LIVE_REPLAY_TIC|tic=217|mle_ms=120.252|monotonic_ms=120|clock_delta_ms=.252
|clock_suspect=0
PMLE_LIVE_REPLAY_TIC|tic=218|mle_ms=135.359|monotonic_ms=130|clock_delta_ms=5.35
9|clock_suspect=0
PMLE_LIVE_REPLAY_TIC|tic=219|mle_ms=76.987|monotonic_ms=80|clock_delta_ms=3.013|
clock_suspect=0
PMLE_LIVE_REPLAY_TIC|tic=220|mle_ms=125.025|monotonic_ms=130|clock_delta_ms=4.97
5|clock_suspect=0
PMLE_LIVE_REPLAY_TIC|tic=221|mle_ms=147.386|monotonic_ms=140|clock_delta_ms=7.38
6|clock_suspect=0
PMLE_LIVE_REPLAY_TIC|tic=222|mle_ms=101.886|monotonic_ms=100|clock_delta_ms=1.88
6|clock_suspect=0
PMLE_LIVE_REPLAY_TIC|tic=223|mle_ms=134.405|monotonic_ms=140|clock_delta_ms=5.59
5|clock_suspect=0
PMLE_LIVE_REPLAY_TIC|tic=224|mle_ms=119.305|monotonic_ms=120|clock_delta_ms=.695
|clock_suspect=0
PMLE_LIVE_REPLAY_TIC|tic=225|mle_ms=183.277|monotonic_ms=180|clock_delta_ms=3.27
7|clock_suspect=0
PMLE_LIVE_REPLAY_TIC|tic=226|mle_ms=152.207|monotonic_ms=150|clock_delta_ms=2.20
7|clock_suspect=0
PMLE_LIVE_REPLAY_TIC|tic=227|mle_ms=114.866|monotonic_ms=120|clock_delta_ms=5.13
4|clock_suspect=0
PMLE_LIVE_REPLAY_TIC|tic=228|mle_ms=94.714|monotonic_ms=90|clock_delta_ms=4.714|
clock_suspect=0
PMLE_LIVE_REPLAY_TIC|tic=229|mle_ms=197.11|monotonic_ms=200|clock_delta_ms=2.89|
clock_suspect=0
PMLE_LIVE_REPLAY_TIC|tic=230|mle_ms=183.804|monotonic_ms=190|clock_delta_ms=6.19
6|clock_suspect=0
PMLE_LIVE_REPLAY_TIC|tic=231|mle_ms=113.224|monotonic_ms=110|clock_delta_ms=3.22
4|clock_suspect=0
PMLE_LIVE_REPLAY_TIC|tic=232|mle_ms=109.52|monotonic_ms=110|clock_delta_ms=.48|c
lock_suspect=0
PMLE_LIVE_REPLAY_TIC|tic=233|mle_ms=135.102|monotonic_ms=130|clock_delta_ms=5.10
2|clock_suspect=0
PMLE_LIVE_REPLAY_TIC|tic=234|mle_ms=86.324|monotonic_ms=90|clock_delta_ms=3.676|
clock_suspect=0
PMLE_LIVE_REPLAY_TIC|tic=235|mle_ms=113.503|monotonic_ms=110|clock_delta_ms=3.50
3|clock_suspect=0
PMLE_LIVE_REPLAY_TIC|tic=236|mle_ms=170.807|monotonic_ms=170|clock_delta_ms=.807
|clock_suspect=0
PMLE_LIVE_REPLAY_TIC|tic=237|mle_ms=100.218|monotonic_ms=100|clock_delta_ms=.218
|clock_suspect=0
PMLE_LIVE_REPLAY_TIC|tic=238|mle_ms=200.376|monotonic_ms=210|clock_delta_ms=9.62
4|clock_suspect=0
PMLE_LIVE_REPLAY_TIC|tic=239|mle_ms=159.014|monotonic_ms=150|clock_delta_ms=9.01
4|clock_suspect=0
PMLE_LIVE_REPLAY_TIC|tic=240|mle_ms=65.202|monotonic_ms=70|clock_delta_ms=4.798|
clock_suspect=0
PMLE_LIVE_REPLAY_TIC|tic=241|mle_ms=173.467|monotonic_ms=170|clock_delta_ms=3.46
7|clock_suspect=0
PMLE_LIVE_REPLAY_TIC|tic=242|mle_ms=100.334|monotonic_ms=100|clock_delta_ms=.334
|clock_suspect=0
PMLE_LIVE_REPLAY_TIC|tic=243|mle_ms=138.087|monotonic_ms=140|clock_delta_ms=1.91
3|clock_suspect=0
PMLE_LIVE_REPLAY_TIC|tic=244|mle_ms=284.779|monotonic_ms=290|clock_delta_ms=5.22
1|clock_suspect=0
PMLE_LIVE_REPLAY_TIC|tic=245|mle_ms=214.86|monotonic_ms=210|clock_delta_ms=4.86|
clock_suspect=0
PMLE_LIVE_REPLAY_TIC|tic=246|mle_ms=76.775|monotonic_ms=80|clock_delta_ms=3.225|
clock_suspect=0
PMLE_LIVE_REPLAY_TIC|tic=247|mle_ms=16.114|monotonic_ms=130|clock_delta_ms=113.8
86|clock_suspect=1
PMLE_LIVE_REPLAY_TIC|tic=248|mle_ms=127.103|monotonic_ms=130|clock_delta_ms=2.89
7|clock_suspect=0
PMLE_LIVE_REPLAY_TIC|tic=249|mle_ms=105.441|monotonic_ms=100|clock_delta_ms=5.44
1|clock_suspect=0
PMLE_LIVE_REPLAY_TIC|tic=250|mle_ms=132.259|monotonic_ms=130|clock_delta_ms=2.25
9|clock_suspect=0
PMLE_LIVE_REPLAY_TIC|tic=251|mle_ms=161.046|monotonic_ms=170|clock_delta_ms=8.95
4|clock_suspect=0
PMLE_LIVE_REPLAY_TIC|tic=252|mle_ms=45.521|monotonic_ms=40|clock_delta_ms=5.521|
clock_suspect=0
PMLE_LIVE_REPLAY_TIC|tic=253|mle_ms=160.729|monotonic_ms=160|clock_delta_ms=.729
|clock_suspect=0
PMLE_LIVE_REPLAY_TIC|tic=254|mle_ms=107.364|monotonic_ms=110|clock_delta_ms=2.63
6|clock_suspect=0
PMLE_LIVE_REPLAY_TIC|tic=255|mle_ms=74.442|monotonic_ms=70|clock_delta_ms=4.442|
clock_suspect=0
PMLE_LIVE_REPLAY_TIC|tic=256|mle_ms=126.516|monotonic_ms=130|clock_delta_ms=3.48
4|clock_suspect=0
PMLE_LIVE_REPLAY_TIC|tic=257|mle_ms=135.129|monotonic_ms=140|clock_delta_ms=4.87
1|clock_suspect=0
PMLE_LIVE_REPLAY_TIC|tic=258|mle_ms=89.047|monotonic_ms=80|clock_delta_ms=9.047|
clock_suspect=0
PMLE_LIVE_REPLAY_TIC|tic=259|mle_ms=111.085|monotonic_ms=120|clock_delta_ms=8.91
5|clock_suspect=0
PMLE_LIVE_REPLAY_TIC|tic=260|mle_ms=107.991|monotonic_ms=100|clock_delta_ms=7.99
1|clock_suspect=0
PMLE_LIVE_REPLAY_TIC|tic=261|mle_ms=135.941|monotonic_ms=140|clock_delta_ms=4.05
9|clock_suspect=0
PMLE_LIVE_REPLAY_TIC|tic=262|mle_ms=136.26|monotonic_ms=140|clock_delta_ms=3.74|
clock_suspect=0
PMLE_LIVE_REPLAY_TIC|tic=263|mle_ms=122.886|monotonic_ms=120|clock_delta_ms=2.88
6|clock_suspect=0
PMLE_LIVE_REPLAY_TIC|tic=264|mle_ms=165.594|monotonic_ms=160|clock_delta_ms=5.59
4|clock_suspect=0
PMLE_LIVE_REPLAY_TIC|tic=265|mle_ms=142.497|monotonic_ms=150|clock_delta_ms=7.50
3|clock_suspect=0
PMLE_LIVE_REPLAY_TIC|tic=266|mle_ms=138.845|monotonic_ms=140|clock_delta_ms=1.15
5|clock_suspect=0
PMLE_LIVE_REPLAY_TIC|tic=267|mle_ms=269.519|monotonic_ms=270|clock_delta_ms=.481
|clock_suspect=0
PMLE_LIVE_REPLAY_TIC|tic=268|mle_ms=166.651|monotonic_ms=160|clock_delta_ms=6.65
1|clock_suspect=0
PMLE_LIVE_REPLAY_TIC|tic=269|mle_ms=97.203|monotonic_ms=100|clock_delta_ms=2.797
|clock_suspect=0
PMLE_LIVE_REPLAY_TIC|tic=270|mle_ms=79.489|monotonic_ms=80|clock_delta_ms=.511|c
lock_suspect=0
PMLE_LIVE_REPLAY_TIC|tic=271|mle_ms=197.915|monotonic_ms=200|clock_delta_ms=2.08
5|clock_suspect=0
PMLE_LIVE_REPLAY_TIC|tic=272|mle_ms=121.087|monotonic_ms=120|clock_delta_ms=1.08
7|clock_suspect=0
PMLE_LIVE_REPLAY_TIC|tic=273|mle_ms=121.483|monotonic_ms=120|clock_delta_ms=1.48
3|clock_suspect=0
PMLE_LIVE_REPLAY_TIC|tic=274|mle_ms=113.687|monotonic_ms=110|clock_delta_ms=3.68
7|clock_suspect=0
PMLE_LIVE_REPLAY_TIC|tic=275|mle_ms=93.715|monotonic_ms=100|clock_delta_ms=6.285
|clock_suspect=0
PMLE_LIVE_REPLAY_TIC|tic=276|mle_ms=97.485|monotonic_ms=100|clock_delta_ms=2.515
|clock_suspect=0
PMLE_LIVE_REPLAY_TIC|tic=277|mle_ms=159.201|monotonic_ms=150|clock_delta_ms=9.20
1|clock_suspect=0
PMLE_LIVE_REPLAY_TIC|tic=278|mle_ms=96.405|monotonic_ms=100|clock_delta_ms=3.595
|clock_suspect=0
PMLE_LIVE_REPLAY_TIC|tic=279|mle_ms=180.258|monotonic_ms=180|clock_delta_ms=.258
|clock_suspect=0
PMLE_LIVE_REPLAY_TIC|tic=280|mle_ms=140.843|monotonic_ms=140|clock_delta_ms=.843
|clock_suspect=0
PMLE_LIVE_REPLAY_TIC|tic=281|mle_ms=157.627|monotonic_ms=160|clock_delta_ms=2.37
3|clock_suspect=0
PMLE_LIVE_REPLAY_TIC|tic=282|mle_ms=80.771|monotonic_ms=80|clock_delta_ms=.771|c
lock_suspect=0
PMLE_LIVE_REPLAY_TIC|tic=283|mle_ms=266.98|monotonic_ms=270|clock_delta_ms=3.02|
clock_suspect=0
PMLE_LIVE_REPLAY_TIC|tic=284|mle_ms=110.413|monotonic_ms=110|clock_delta_ms=.413
|clock_suspect=0
PMLE_LIVE_REPLAY_TIC|tic=285|mle_ms=80.577|monotonic_ms=80|clock_delta_ms=.577|c
lock_suspect=0
PMLE_LIVE_REPLAY_TIC|tic=286|mle_ms=165.257|monotonic_ms=160|clock_delta_ms=5.25
7|clock_suspect=0
PMLE_LIVE_REPLAY_TIC|tic=287|mle_ms=158.335|monotonic_ms=160|clock_delta_ms=1.66
5|clock_suspect=0
PMLE_LIVE_REPLAY_TIC|tic=288|mle_ms=87.711|monotonic_ms=90|clock_delta_ms=2.289|
clock_suspect=0
PMLE_LIVE_REPLAY_TIC|tic=289|mle_ms=129.426|monotonic_ms=130|clock_delta_ms=.574
|clock_suspect=0
PMLE_LIVE_REPLAY_TIC|tic=290|mle_ms=105.387|monotonic_ms=110|clock_delta_ms=4.61
3|clock_suspect=0
PMLE_LIVE_REPLAY_TIC|tic=291|mle_ms=126.154|monotonic_ms=120|clock_delta_ms=6.15
4|clock_suspect=0
PMLE_LIVE_REPLAY_TIC|tic=292|mle_ms=134.658|monotonic_ms=140|clock_delta_ms=5.34
2|clock_suspect=0
PMLE_LIVE_REPLAY_TIC|tic=293|mle_ms=256.004|monotonic_ms=250|clock_delta_ms=6.00
4|clock_suspect=0
PMLE_LIVE_REPLAY_TIC|tic=294|mle_ms=104.91|monotonic_ms=110|clock_delta_ms=5.09|
clock_suspect=0
PMLE_LIVE_REPLAY_TIC|tic=295|mle_ms=134.1|monotonic_ms=130|clock_delta_ms=4.1|cl
ock_suspect=0
PMLE_LIVE_REPLAY_TIC|tic=296|mle_ms=103.808|monotonic_ms=110|clock_delta_ms=6.19
2|clock_suspect=0
PMLE_LIVE_REPLAY_TIC|tic=297|mle_ms=226.72|monotonic_ms=220|clock_delta_ms=6.72|
clock_suspect=0
PMLE_LIVE_REPLAY_TIC|tic=298|mle_ms=133.053|monotonic_ms=140|clock_delta_ms=6.94
7|clock_suspect=0
PMLE_LIVE_REPLAY_TIC|tic=299|mle_ms=89.22|monotonic_ms=80|clock_delta_ms=9.22|cl
ock_suspect=0
PMLE_LIVE_REPLAY_TIC|tic=300|mle_ms=87.101|monotonic_ms=90|clock_delta_ms=2.899|
clock_suspect=0
PMLE_LIVE_REPLAY_TIC|tic=301|mle_ms=224.604|monotonic_ms=230|clock_delta_ms=5.39
6|clock_suspect=0
PMLE_LIVE_REPLAY_TIC|tic=302|mle_ms=96.532|monotonic_ms=90|clock_delta_ms=6.532|
clock_suspect=0
PMLE_LIVE_REPLAY_TIC|tic=303|mle_ms=212.925|monotonic_ms=220|clock_delta_ms=7.07
5|clock_suspect=0
PMLE_LIVE_REPLAY_TIC|tic=304|mle_ms=93.652|monotonic_ms=90|clock_delta_ms=3.652|
clock_suspect=0
PMLE_LIVE_REPLAY_TIC|tic=305|mle_ms=85.902|monotonic_ms=80|clock_delta_ms=5.902|
clock_suspect=0
PMLE_LIVE_REPLAY_TIC|tic=306|mle_ms=110.854|monotonic_ms=120|clock_delta_ms=9.14
6|clock_suspect=0
PMLE_LIVE_REPLAY_TIC|tic=307|mle_ms=245.272|monotonic_ms=240|clock_delta_ms=5.27
2|clock_suspect=0
PMLE_LIVE_REPLAY_TIC|tic=308|mle_ms=81.468|monotonic_ms=80|clock_delta_ms=1.468|
clock_suspect=0
PMLE_LIVE_REPLAY_TIC|tic=309|mle_ms=69.983|monotonic_ms=70|clock_delta_ms=.017|c
lock_suspect=0
PMLE_LIVE_REPLAY_TIC|tic=310|mle_ms=147.345|monotonic_ms=150|clock_delta_ms=2.65
5|clock_suspect=0
PMLE_LIVE_REPLAY_TIC|tic=311|mle_ms=145.882|monotonic_ms=150|clock_delta_ms=4.11
8|clock_suspect=0
PMLE_LIVE_REPLAY_TIC|tic=312|mle_ms=53.904|monotonic_ms=50|clock_delta_ms=3.904|
clock_suspect=0
PMLE_LIVE_REPLAY_TIC|tic=313|mle_ms=150.058|monotonic_ms=150|clock_delta_ms=.058
|clock_suspect=0
PMLE_LIVE_REPLAY_TIC|tic=314|mle_ms=127.503|monotonic_ms=130|clock_delta_ms=2.49
7|clock_suspect=0
PMLE_LIVE_REPLAY_TIC|tic=315|mle_ms=85.781|monotonic_ms=80|clock_delta_ms=5.781|
clock_suspect=0
PMLE_LIVE_REPLAY_TIC|tic=316|mle_ms=372.54|monotonic_ms=380|clock_delta_ms=7.46|
clock_suspect=0
PMLE_LIVE_REPLAY_TIC|tic=317|mle_ms=99.718|monotonic_ms=100|clock_delta_ms=.282|
clock_suspect=0
PMLE_LIVE_REPLAY_TIC|tic=318|mle_ms=91.805|monotonic_ms=90|clock_delta_ms=1.805|
clock_suspect=0
PMLE_LIVE_REPLAY_TIC|tic=319|mle_ms=147.541|monotonic_ms=150|clock_delta_ms=2.45
9|clock_suspect=0
PMLE_LIVE_REPLAY_TIC|tic=320|mle_ms=238.357|monotonic_ms=230|clock_delta_ms=8.35
7|clock_suspect=0
PMLE_LIVE_REPLAY_TIC|tic=321|mle_ms=13.524|monotonic_ms=130|clock_delta_ms=116.4
76|clock_suspect=1
PMLE_LIVE_REPLAY_TIC|tic=322|mle_ms=163.113|monotonic_ms=170|clock_delta_ms=6.88
7|clock_suspect=0
PMLE_LIVE_REPLAY_TIC|tic=323|mle_ms=131.4|monotonic_ms=130|clock_delta_ms=1.4|cl
ock_suspect=0
PMLE_LIVE_REPLAY_TIC|tic=324|mle_ms=77.956|monotonic_ms=80|clock_delta_ms=2.044|
clock_suspect=0
PMLE_LIVE_REPLAY_TIC|tic=325|mle_ms=109.52|monotonic_ms=110|clock_delta_ms=.48|c
lock_suspect=0
PMLE_LIVE_REPLAY_TIC|tic=326|mle_ms=133.383|monotonic_ms=130|clock_delta_ms=3.38
3|clock_suspect=0
PMLE_LIVE_REPLAY_TIC|tic=327|mle_ms=57.101|monotonic_ms=60|clock_delta_ms=2.899|
clock_suspect=0
PMLE_LIVE_REPLAY_TIC|tic=328|mle_ms=149.873|monotonic_ms=150|clock_delta_ms=.127
|clock_suspect=0
PMLE_LIVE_REPLAY_TIC|tic=329|mle_ms=121.344|monotonic_ms=120|clock_delta_ms=1.34
4|clock_suspect=0
PMLE_LIVE_REPLAY_TIC|tic=330|mle_ms=71.778|monotonic_ms=70|clock_delta_ms=1.778|
clock_suspect=0
PMLE_LIVE_REPLAY_TIC|tic=331|mle_ms=163.658|monotonic_ms=160|clock_delta_ms=3.65
8|clock_suspect=0
PMLE_LIVE_REPLAY_TIC|tic=332|mle_ms=109.268|monotonic_ms=110|clock_delta_ms=.732
|clock_suspect=0
PMLE_LIVE_REPLAY_TIC|tic=333|mle_ms=72.038|monotonic_ms=70|clock_delta_ms=2.038|
clock_suspect=0
PMLE_LIVE_REPLAY_TIC|tic=334|mle_ms=166.489|monotonic_ms=170|clock_delta_ms=3.51
1|clock_suspect=0
PMLE_LIVE_REPLAY_TIC|tic=335|mle_ms=239.633|monotonic_ms=240|clock_delta_ms=.367
|clock_suspect=0
PMLE_LIVE_REPLAY_TIC|tic=336|mle_ms=124.699|monotonic_ms=130|clock_delta_ms=5.30
1|clock_suspect=0
PMLE_LIVE_REPLAY_TIC|tic=337|mle_ms=149.141|monotonic_ms=150|clock_delta_ms=.859
|clock_suspect=0
PMLE_LIVE_REPLAY_TIC|tic=338|mle_ms=125.258|monotonic_ms=120|clock_delta_ms=5.25
8|clock_suspect=0
PMLE_LIVE_REPLAY_TIC|tic=339|mle_ms=141.013|monotonic_ms=140|clock_delta_ms=1.01
3|clock_suspect=0
PMLE_LIVE_REPLAY_TIC|tic=340|mle_ms=164.765|monotonic_ms=170|clock_delta_ms=5.23
5|clock_suspect=0
PMLE_LIVE_REPLAY_TIC|tic=341|mle_ms=188.911|monotonic_ms=190|clock_delta_ms=1.08
9|clock_suspect=0
PMLE_LIVE_REPLAY_TIC|tic=342|mle_ms=71.217|monotonic_ms=70|clock_delta_ms=1.217|
clock_suspect=0
PMLE_LIVE_REPLAY_TIC|tic=343|mle_ms=156.891|monotonic_ms=150|clock_delta_ms=6.89
1|clock_suspect=0
PMLE_LIVE_REPLAY_TIC|tic=344|mle_ms=106.49|monotonic_ms=110|clock_delta_ms=3.51|
clock_suspect=0
PMLE_LIVE_REPLAY_TIC|tic=345|mle_ms=72.436|monotonic_ms=70|clock_delta_ms=2.436|
clock_suspect=0
PMLE_LIVE_REPLAY_TIC|tic=346|mle_ms=187.676|monotonic_ms=190|clock_delta_ms=2.32
4|clock_suspect=0
PMLE_LIVE_REPLAY_TIC|tic=347|mle_ms=138.019|monotonic_ms=140|clock_delta_ms=1.98
1|clock_suspect=0
PMLE_LIVE_REPLAY_TIC|tic=348|mle_ms=73.862|monotonic_ms=70|clock_delta_ms=3.862|
clock_suspect=0
PMLE_LIVE_REPLAY_TIC|tic=349|mle_ms=123.169|monotonic_ms=130|clock_delta_ms=6.83
1|clock_suspect=0
PMLE_LIVE_REPLAY_TIC|tic=350|mle_ms=141.854|monotonic_ms=140|clock_delta_ms=1.85
4|clock_suspect=0
PMLE_LIVE_REPLAY_TIC|tic=351|mle_ms=117.921|monotonic_ms=120|clock_delta_ms=2.07
9|clock_suspect=0
PMLE_LIVE_REPLAY_TIC|tic=352|mle_ms=162.051|monotonic_ms=160|clock_delta_ms=2.05
1|clock_suspect=0
PMLE_LIVE_REPLAY_TIC|tic=353|mle_ms=169.084|monotonic_ms=170|clock_delta_ms=.916
|clock_suspect=0
PMLE_LIVE_REPLAY_TIC|tic=354|mle_ms=78.938|monotonic_ms=80|clock_delta_ms=1.062|
clock_suspect=0
PMLE_LIVE_REPLAY_TIC|tic=355|mle_ms=239.405|monotonic_ms=240|clock_delta_ms=.595
|clock_suspect=0
PMLE_LIVE_REPLAY_TIC|tic=356|mle_ms=134.489|monotonic_ms=130|clock_delta_ms=4.48
9|clock_suspect=0
PMLE_LIVE_REPLAY_TIC|tic=357|mle_ms=77.688|monotonic_ms=80|clock_delta_ms=2.312|
clock_suspect=0
PMLE_LIVE_REPLAY_TIC|tic=358|mle_ms=178.917|monotonic_ms=180|clock_delta_ms=1.08
3|clock_suspect=0
PMLE_LIVE_REPLAY_TIC|tic=359|mle_ms=233.821|monotonic_ms=230|clock_delta_ms=3.82
1|clock_suspect=0
PMLE_LIVE_REPLAY_TIC|tic=360|mle_ms=86.206|monotonic_ms=90|clock_delta_ms=3.794|
clock_suspect=0
PMLE_LIVE_REPLAY_TIC|tic=361|mle_ms=205.49|monotonic_ms=200|clock_delta_ms=5.49|
clock_suspect=0
PMLE_LIVE_REPLAY_TIC|tic=362|mle_ms=122.981|monotonic_ms=130|clock_delta_ms=7.01
9|clock_suspect=0
PMLE_LIVE_REPLAY_TIC|tic=363|mle_ms=74.613|monotonic_ms=70|clock_delta_ms=4.613|
clock_suspect=0
PMLE_LIVE_REPLAY_TIC|tic=364|mle_ms=161.174|monotonic_ms=160|clock_delta_ms=1.17
4|clock_suspect=0
PMLE_LIVE_REPLAY_TIC|tic=365|mle_ms=139.252|monotonic_ms=140|clock_delta_ms=.748
|clock_suspect=0
PMLE_LIVE_REPLAY_TIC|tic=366|mle_ms=108.35|monotonic_ms=110|clock_delta_ms=1.65|
clock_suspect=0
PMLE_LIVE_REPLAY_TIC|tic=367|mle_ms=128.253|monotonic_ms=130|clock_delta_ms=1.74
7|clock_suspect=0
PMLE_LIVE_REPLAY_TIC|tic=368|mle_ms=120.694|monotonic_ms=120|clock_delta_ms=.694
|clock_suspect=0
PMLE_LIVE_REPLAY_TIC|tic=369|mle_ms=69.363|monotonic_ms=70|clock_delta_ms=.637|c
lock_suspect=0
PMLE_LIVE_REPLAY_TIC|tic=370|mle_ms=160.559|monotonic_ms=160|clock_delta_ms=.559
|clock_suspect=0
PMLE_LIVE_REPLAY_TIC|tic=371|mle_ms=113.026|monotonic_ms=110|clock_delta_ms=3.02
6|clock_suspect=0
PMLE_LIVE_REPLAY_TIC|tic=372|mle_ms=57.318|monotonic_ms=60|clock_delta_ms=2.682|
clock_suspect=0
PMLE_LIVE_REPLAY_TIC|tic=373|mle_ms=151.47|monotonic_ms=150|clock_delta_ms=1.47|
clock_suspect=0
PMLE_LIVE_REPLAY_TIC|tic=374|mle_ms=263.148|monotonic_ms=260|clock_delta_ms=3.14
8|clock_suspect=0
PMLE_LIVE_REPLAY_TIC|tic=375|mle_ms=65.022|monotonic_ms=70|clock_delta_ms=4.978|
clock_suspect=0
PMLE_LIVE_REPLAY_TIC|tic=376|mle_ms=157.535|monotonic_ms=160|clock_delta_ms=2.46
5|clock_suspect=0
PMLE_LIVE_REPLAY_TIC|tic=377|mle_ms=120.493|monotonic_ms=120|clock_delta_ms=.493
|clock_suspect=0
PMLE_LIVE_REPLAY_TIC|tic=378|mle_ms=128.099|monotonic_ms=130|clock_delta_ms=1.90
1|clock_suspect=0
PMLE_LIVE_REPLAY_TIC|tic=379|mle_ms=166.91|monotonic_ms=160|clock_delta_ms=6.91|
clock_suspect=0
PMLE_LIVE_REPLAY_TIC|tic=380|mle_ms=126.41|monotonic_ms=130|clock_delta_ms=3.59|
clock_suspect=0
PMLE_LIVE_REPLAY_TIC|tic=381|mle_ms=70.616|monotonic_ms=70|clock_delta_ms=.616|c
lock_suspect=0
PMLE_LIVE_REPLAY_TIC|tic=382|mle_ms=165.439|monotonic_ms=160|clock_delta_ms=5.43
9|clock_suspect=0
PMLE_LIVE_REPLAY_TIC|tic=383|mle_ms=163.652|monotonic_ms=170|clock_delta_ms=6.34
8|clock_suspect=0
PMLE_LIVE_REPLAY_TIC|tic=384|mle_ms=73.834|monotonic_ms=70|clock_delta_ms=3.834|
clock_suspect=0
PMLE_LIVE_REPLAY_TIC|tic=385|mle_ms=159.271|monotonic_ms=160|clock_delta_ms=.729
|clock_suspect=0
PMLE_LIVE_REPLAY_TIC|tic=386|mle_ms=194.092|monotonic_ms=200|clock_delta_ms=5.90
8|clock_suspect=0
PMLE_LIVE_REPLAY_TIC|tic=387|mle_ms=99.953|monotonic_ms=100|clock_delta_ms=.047|
clock_suspect=0
PMLE_LIVE_REPLAY_TIC|tic=388|mle_ms=270.384|monotonic_ms=270|clock_delta_ms=.384
|clock_suspect=0
PMLE_LIVE_REPLAY_TIC|tic=389|mle_ms=145.059|monotonic_ms=140|clock_delta_ms=5.05
9|clock_suspect=0
PMLE_LIVE_REPLAY_TIC|tic=390|mle_ms=93.86|monotonic_ms=100|clock_delta_ms=6.14|c
lock_suspect=0
PMLE_LIVE_REPLAY_TIC|tic=391|mle_ms=170.724|monotonic_ms=170|clock_delta_ms=.724
|clock_suspect=0
PMLE_LIVE_REPLAY_TIC|tic=392|mle_ms=160.057|monotonic_ms=160|clock_delta_ms=.057
|clock_suspect=0
PMLE_LIVE_REPLAY_TIC|tic=393|mle_ms=96.492|monotonic_ms=90|clock_delta_ms=6.492|
clock_suspect=0
PMLE_LIVE_REPLAY_TIC|tic=394|mle_ms=157.481|monotonic_ms=160|clock_delta_ms=2.51
9|clock_suspect=0
PMLE_LIVE_REPLAY_TIC|tic=395|mle_ms=177.936|monotonic_ms=180|clock_delta_ms=2.06
4|clock_suspect=0
PMLE_LIVE_REPLAY_TIC|tic=396|mle_ms=4.951|monotonic_ms=120|clock_delta_ms=115.04
9|clock_suspect=1
PMLE_LIVE_REPLAY_TIC|tic=397|mle_ms=152.577|monotonic_ms=150|clock_delta_ms=2.57
7|clock_suspect=0
PMLE_LIVE_REPLAY_TIC|tic=398|mle_ms=219.862|monotonic_ms=220|clock_delta_ms=.138
|clock_suspect=0
PMLE_LIVE_REPLAY_TIC|tic=399|mle_ms=100.378|monotonic_ms=100|clock_delta_ms=.378
|clock_suspect=0
PMLE_LIVE_REPLAY_TIC|tic=400|mle_ms=179.074|monotonic_ms=180|clock_delta_ms=.926
|clock_suspect=0
PMLE_LIVE_REPLAY_TIC|tic=401|mle_ms=160.43|monotonic_ms=160|clock_delta_ms=.43|c
lock_suspect=0
PMLE_LIVE_REPLAY_TIC|tic=402|mle_ms=197.618|monotonic_ms=200|clock_delta_ms=2.38
2|clock_suspect=0
PMLE_LIVE_REPLAY_TIC|tic=403|mle_ms=179.503|monotonic_ms=180|clock_delta_ms=.497
|clock_suspect=0
PMLE_LIVE_REPLAY_TIC|tic=404|mle_ms=149.631|monotonic_ms=150|clock_delta_ms=.369
|clock_suspect=0
PMLE_LIVE_REPLAY_TIC|tic=405|mle_ms=96.421|monotonic_ms=100|clock_delta_ms=3.579
|clock_suspect=0
PMLE_LIVE_REPLAY_TIC|tic=406|mle_ms=235.083|monotonic_ms=230|clock_delta_ms=5.08
3|clock_suspect=0
PMLE_LIVE_REPLAY_TIC|tic=407|mle_ms=162.973|monotonic_ms=170|clock_delta_ms=7.02
7|clock_suspect=0
PMLE_LIVE_REPLAY_TIC|tic=408|mle_ms=112.878|monotonic_ms=110|clock_delta_ms=2.87
8|clock_suspect=0
PMLE_LIVE_REPLAY_TIC|tic=409|mle_ms=166.178|monotonic_ms=170|clock_delta_ms=3.82
2|clock_suspect=0
PMLE_LIVE_REPLAY_TIC|tic=410|mle_ms=196.115|monotonic_ms=190|clock_delta_ms=6.11
5|clock_suspect=0
PMLE_LIVE_REPLAY_TIC|tic=411|mle_ms=145.298|monotonic_ms=150|clock_delta_ms=4.70
2|clock_suspect=0
PMLE_LIVE_REPLAY_TIC|tic=412|mle_ms=156.997|monotonic_ms=150|clock_delta_ms=6.99
7|clock_suspect=0
PMLE_LIVE_REPLAY_TIC|tic=413|mle_ms=158.258|monotonic_ms=160|clock_delta_ms=1.74
2|clock_suspect=0
PMLE_LIVE_REPLAY_TIC|tic=414|mle_ms=107.74|monotonic_ms=110|clock_delta_ms=2.26|
clock_suspect=0
PMLE_LIVE_REPLAY_TIC|tic=415|mle_ms=122.163|monotonic_ms=120|clock_delta_ms=2.16
3|clock_suspect=0
PMLE_LIVE_REPLAY_TIC|tic=416|mle_ms=194.688|monotonic_ms=200|clock_delta_ms=5.31
2|clock_suspect=0
PMLE_LIVE_REPLAY_TIC|tic=417|mle_ms=91.695|monotonic_ms=90|clock_delta_ms=1.695|
clock_suspect=0
PMLE_LIVE_REPLAY_TIC|tic=418|mle_ms=149.316|monotonic_ms=150|clock_delta_ms=.684
|clock_suspect=0
PMLE_LIVE_REPLAY_TIC|tic=419|mle_ms=149.005|monotonic_ms=150|clock_delta_ms=.995
|clock_suspect=0
PMLE_LIVE_REPLAY_TIC|tic=420|mle_ms=103.279|monotonic_ms=100|clock_delta_ms=3.27
9|clock_suspect=0
PMLE_LIVE_REPLAY_TIC|tic=421|mle_ms=155.299|monotonic_ms=160|clock_delta_ms=4.70
1|clock_suspect=0
PMLE_LIVE_REPLAY_TIC|tic=422|mle_ms=154.114|monotonic_ms=150|clock_delta_ms=4.11
4|clock_suspect=0
PMLE_LIVE_REPLAY_TIC|tic=423|mle_ms=104.627|monotonic_ms=110|clock_delta_ms=5.37
3|clock_suspect=0
PMLE_LIVE_REPLAY_TIC|tic=424|mle_ms=128.458|monotonic_ms=120|clock_delta_ms=8.45
8|clock_suspect=0
PMLE_LIVE_REPLAY_TIC|tic=425|mle_ms=259.872|monotonic_ms=260|clock_delta_ms=.128
|clock_suspect=0
PMLE_LIVE_REPLAY_TIC|tic=426|mle_ms=172.027|monotonic_ms=180|clock_delta_ms=7.97
3|clock_suspect=0
PMLE_LIVE_REPLAY_TIC|tic=427|mle_ms=172.762|monotonic_ms=170|clock_delta_ms=2.76
2|clock_suspect=0
PMLE_LIVE_REPLAY_TIC|tic=428|mle_ms=146.449|monotonic_ms=150|clock_delta_ms=3.55
1|clock_suspect=0
PMLE_LIVE_REPLAY_TIC|tic=429|mle_ms=134.059|monotonic_ms=130|clock_delta_ms=4.05
9|clock_suspect=0
PMLE_LIVE_REPLAY_TIC|tic=430|mle_ms=157.313|monotonic_ms=160|clock_delta_ms=2.68
7|clock_suspect=0
PMLE_LIVE_REPLAY_TIC|tic=431|mle_ms=121.046|monotonic_ms=120|clock_delta_ms=1.04
6|clock_suspect=0
PMLE_LIVE_REPLAY_TIC|tic=432|mle_ms=80.379|monotonic_ms=80|clock_delta_ms=.379|c
lock_suspect=0
PMLE_LIVE_REPLAY_TIC|tic=433|mle_ms=137.204|monotonic_ms=140|clock_delta_ms=2.79
6|clock_suspect=0
PMLE_LIVE_REPLAY_TIC|tic=434|mle_ms=185.424|monotonic_ms=180|clock_delta_ms=5.42
4|clock_suspect=0
PMLE_LIVE_REPLAY_TIC|tic=435|mle_ms=97.659|monotonic_ms=100|clock_delta_ms=2.341
|clock_suspect=0
PMLE_LIVE_REPLAY_TIC|tic=436|mle_ms=194.287|monotonic_ms=190|clock_delta_ms=4.28
7|clock_suspect=0
PMLE_LIVE_REPLAY_TIC|tic=437|mle_ms=112.672|monotonic_ms=120|clock_delta_ms=7.32
8|clock_suspect=0
PMLE_LIVE_REPLAY_TIC|tic=438|mle_ms=113.368|monotonic_ms=110|clock_delta_ms=3.36
8|clock_suspect=0
PMLE_LIVE_REPLAY_TIC|tic=439|mle_ms=136.142|monotonic_ms=140|clock_delta_ms=3.85
8|clock_suspect=0
PMLE_LIVE_REPLAY_TIC|tic=440|mle_ms=116.852|monotonic_ms=110|clock_delta_ms=6.85
2|clock_suspect=0
PMLE_LIVE_REPLAY_TIC|tic=441|mle_ms=78.519|monotonic_ms=80|clock_delta_ms=1.481|
clock_suspect=0
PMLE_LIVE_REPLAY_TIC|tic=442|mle_ms=130.821|monotonic_ms=130|clock_delta_ms=.821
|clock_suspect=0
PMLE_LIVE_REPLAY_TIC|tic=443|mle_ms=104.317|monotonic_ms=110|clock_delta_ms=5.68
3|clock_suspect=0
PMLE_LIVE_REPLAY_TIC|tic=444|mle_ms=61.367|monotonic_ms=60|clock_delta_ms=1.367|
clock_suspect=0
PMLE_LIVE_REPLAY_TIC|tic=445|mle_ms=242.467|monotonic_ms=240|clock_delta_ms=2.46
7|clock_suspect=0
PMLE_LIVE_REPLAY_TIC|tic=446|mle_ms=163.912|monotonic_ms=160|clock_delta_ms=3.91
2|clock_suspect=0
PMLE_LIVE_REPLAY_TIC|tic=447|mle_ms=58.793|monotonic_ms=60|clock_delta_ms=1.207|
clock_suspect=0
PMLE_LIVE_REPLAY_TIC|tic=448|mle_ms=96.956|monotonic_ms=100|clock_delta_ms=3.044
|clock_suspect=0
PMLE_LIVE_REPLAY_TIC|tic=449|mle_ms=135.728|monotonic_ms=140|clock_delta_ms=4.27
2|clock_suspect=0
PMLE_LIVE_REPLAY_TIC|tic=450|mle_ms=91.177|monotonic_ms=90|clock_delta_ms=1.177|
clock_suspect=0
PMLE_LIVE_REPLAY_TIC|tic=451|mle_ms=134.054|monotonic_ms=130|clock_delta_ms=4.05
4|clock_suspect=0
PMLE_LIVE_REPLAY_TIC|tic=452|mle_ms=105.131|monotonic_ms=110|clock_delta_ms=4.86
9|clock_suspect=0
PMLE_LIVE_REPLAY_TIC|tic=453|mle_ms=86.214|monotonic_ms=80|clock_delta_ms=6.214|
clock_suspect=0
PMLE_LIVE_REPLAY_TIC|tic=454|mle_ms=145.67|monotonic_ms=150|clock_delta_ms=4.33|
clock_suspect=0
PMLE_LIVE_REPLAY_TIC|tic=455|mle_ms=89.84|monotonic_ms=90|clock_delta_ms=.16|clo
ck_suspect=0
PMLE_LIVE_REPLAY_TIC|tic=456|mle_ms=106.868|monotonic_ms=110|clock_delta_ms=3.13
2|clock_suspect=0
PMLE_LIVE_REPLAY_TIC|tic=457|mle_ms=110.66|monotonic_ms=110|clock_delta_ms=.66|c
lock_suspect=0
PMLE_LIVE_REPLAY_TIC|tic=458|mle_ms=124.816|monotonic_ms=120|clock_delta_ms=4.81
6|clock_suspect=0
PMLE_LIVE_REPLAY_TIC|tic=459|mle_ms=79.453|monotonic_ms=80|clock_delta_ms=.547|c
lock_suspect=0
PMLE_LIVE_REPLAY_TIC|tic=460|mle_ms=143.227|monotonic_ms=140|clock_delta_ms=3.22
7|clock_suspect=0
PMLE_LIVE_REPLAY_TIC|tic=461|mle_ms=99.482|monotonic_ms=100|clock_delta_ms=.518|
clock_suspect=0
PMLE_LIVE_REPLAY_TIC|tic=462|mle_ms=91.2|monotonic_ms=90|clock_delta_ms=1.2|cloc
k_suspect=0
PMLE_LIVE_REPLAY_TIC|tic=463|mle_ms=111.065|monotonic_ms=120|clock_delta_ms=8.93
5|clock_suspect=0
PMLE_LIVE_REPLAY_TIC|tic=464|mle_ms=92.304|monotonic_ms=90|clock_delta_ms=2.304|
clock_suspect=0
PMLE_LIVE_REPLAY_TIC|tic=465|mle_ms=167.515|monotonic_ms=170|clock_delta_ms=2.48
5|clock_suspect=0
PMLE_LIVE_REPLAY_TIC|tic=466|mle_ms=147.478|monotonic_ms=140|clock_delta_ms=7.47
8|clock_suspect=0
PMLE_LIVE_REPLAY_TIC|tic=467|mle_ms=78.466|monotonic_ms=80|clock_delta_ms=1.534|
clock_suspect=0
PMLE_LIVE_REPLAY_TIC|tic=468|mle_ms=75.968|monotonic_ms=80|clock_delta_ms=4.032|
clock_suspect=0
PMLE_LIVE_REPLAY_TIC|tic=469|mle_ms=169.261|monotonic_ms=170|clock_delta_ms=.739
|clock_suspect=0
PMLE_LIVE_REPLAY_TIC|tic=470|mle_ms=9.92|monotonic_ms=120|clock_delta_ms=110.08|
clock_suspect=1
PMLE_LIVE_REPLAY_TIC|tic=471|mle_ms=70.151|monotonic_ms=70|clock_delta_ms=.151|c
lock_suspect=0
PMLE_LIVE_REPLAY_TIC|tic=472|mle_ms=122.887|monotonic_ms=130|clock_delta_ms=7.11
3|clock_suspect=0
PMLE_LIVE_REPLAY_TIC|tic=473|mle_ms=98.001|monotonic_ms=90|clock_delta_ms=8.001|
clock_suspect=0
PMLE_LIVE_REPLAY_TIC|tic=474|mle_ms=180.371|monotonic_ms=190|clock_delta_ms=9.62
9|clock_suspect=0
PMLE_LIVE_REPLAY_TIC|tic=475|mle_ms=115.284|monotonic_ms=110|clock_delta_ms=5.28
4|clock_suspect=0
PMLE_LIVE_REPLAY_TIC|tic=476|mle_ms=125.439|monotonic_ms=130|clock_delta_ms=4.56
1|clock_suspect=0
PMLE_LIVE_REPLAY_TIC|tic=477|mle_ms=78.971|monotonic_ms=70|clock_delta_ms=8.971|
clock_suspect=0
PMLE_LIVE_REPLAY_TIC|tic=478|mle_ms=134.059|monotonic_ms=140|clock_delta_ms=5.94
1|clock_suspect=0
PMLE_LIVE_REPLAY_TIC|tic=479|mle_ms=198.739|monotonic_ms=200|clock_delta_ms=1.26
1|clock_suspect=0
PMLE_LIVE_REPLAY_TIC|tic=480|mle_ms=99.488|monotonic_ms=100|clock_delta_ms=.512|
clock_suspect=0
PMLE_LIVE_REPLAY_TIC|tic=481|mle_ms=153.747|monotonic_ms=150|clock_delta_ms=3.74
7|clock_suspect=0
PMLE_LIVE_REPLAY_TIC|tic=482|mle_ms=127.09|monotonic_ms=130|clock_delta_ms=2.91|
clock_suspect=0
PMLE_LIVE_REPLAY_TIC|tic=483|mle_ms=154.439|monotonic_ms=150|clock_delta_ms=4.43
9|clock_suspect=0
PMLE_LIVE_REPLAY_TIC|tic=484|mle_ms=131.996|monotonic_ms=140|clock_delta_ms=8.00
4|clock_suspect=0
PMLE_LIVE_REPLAY_TIC|tic=485|mle_ms=107.444|monotonic_ms=100|clock_delta_ms=7.44
4|clock_suspect=0
PMLE_LIVE_REPLAY_TIC|tic=486|mle_ms=121.025|monotonic_ms=120|clock_delta_ms=1.02
5|clock_suspect=0
PMLE_LIVE_REPLAY_TIC|tic=487|mle_ms=99.628|monotonic_ms=100|clock_delta_ms=.372|
clock_suspect=0
PMLE_LIVE_REPLAY_TIC|tic=488|mle_ms=74.315|monotonic_ms=80|clock_delta_ms=5.685|
clock_suspect=0
PMLE_LIVE_REPLAY_TIC|tic=489|mle_ms=71.943|monotonic_ms=70|clock_delta_ms=1.943|
clock_suspect=0
PMLE_LIVE_REPLAY_TIC|tic=490|mle_ms=142.903|monotonic_ms=140|clock_delta_ms=2.90
3|clock_suspect=0
PMLE_LIVE_REPLAY_TIC|tic=491|mle_ms=73.328|monotonic_ms=80|clock_delta_ms=6.672|
clock_suspect=0
PMLE_LIVE_REPLAY_TIC|tic=492|mle_ms=84.046|monotonic_ms=80|clock_delta_ms=4.046|
clock_suspect=0
PMLE_LIVE_REPLAY_TIC|tic=493|mle_ms=111.472|monotonic_ms=110|clock_delta_ms=1.47
2|clock_suspect=0
PMLE_LIVE_REPLAY_TIC|tic=494|mle_ms=112.123|monotonic_ms=110|clock_delta_ms=2.12
3|clock_suspect=0
PMLE_LIVE_REPLAY_TIC|tic=495|mle_ms=92.906|monotonic_ms=100|clock_delta_ms=7.094
|clock_suspect=0
PMLE_LIVE_REPLAY_TIC|tic=496|mle_ms=180.874|monotonic_ms=180|clock_delta_ms=.874
|clock_suspect=0
PMLE_LIVE_REPLAY_TIC|tic=497|mle_ms=86.532|monotonic_ms=80|clock_delta_ms=6.532|
clock_suspect=0
PMLE_LIVE_REPLAY_TIC|tic=498|mle_ms=193.592|monotonic_ms=200|clock_delta_ms=6.40
8|clock_suspect=0
PMLE_LIVE_REPLAY_TIC|tic=499|mle_ms=90.573|monotonic_ms=90|clock_delta_ms=.573|c
lock_suspect=0
PMLE_LIVE_REPLAY_TIC|tic=500|mle_ms=114.155|monotonic_ms=110|clock_delta_ms=4.15
5|clock_suspect=0
PMLE_LIVE_REPLAY_TIC|tic=501|mle_ms=79.686|monotonic_ms=80|clock_delta_ms=.314|c
lock_suspect=0
PMLE_LIVE_REPLAY_TIC|tic=502|mle_ms=148.889|monotonic_ms=150|clock_delta_ms=1.11
1|clock_suspect=0
PMLE_LIVE_REPLAY_TIC|tic=503|mle_ms=92.591|monotonic_ms=90|clock_delta_ms=2.591|
clock_suspect=0
PMLE_LIVE_REPLAY_TIC|tic=504|mle_ms=71.461|monotonic_ms=70|clock_delta_ms=1.461|
clock_suspect=0
PMLE_LIVE_REPLAY_TIC|tic=505|mle_ms=83.377|monotonic_ms=90|clock_delta_ms=6.623|
clock_suspect=0
PMLE_LIVE_REPLAY_TIC|tic=506|mle_ms=113.939|monotonic_ms=110|clock_delta_ms=3.93
9|clock_suspect=0
PMLE_LIVE_REPLAY_TIC|tic=507|mle_ms=64.194|monotonic_ms=70|clock_delta_ms=5.806|
clock_suspect=0
PMLE_LIVE_REPLAY_TIC|tic=508|mle_ms=98.027|monotonic_ms=90|clock_delta_ms=8.027|
clock_suspect=0
PMLE_LIVE_REPLAY_TIC|tic=509|mle_ms=76.397|monotonic_ms=80|clock_delta_ms=3.603|
clock_suspect=0
PMLE_LIVE_REPLAY_TIC|tic=510|mle_ms=93.693|monotonic_ms=100|clock_delta_ms=6.307
|clock_suspect=0
PMLE_LIVE_REPLAY_TIC|tic=511|mle_ms=116.367|monotonic_ms=110|clock_delta_ms=6.36
7|clock_suspect=0
PMLE_LIVE_REPLAY_TIC|tic=512|mle_ms=115.877|monotonic_ms=120|clock_delta_ms=4.12
3|clock_suspect=0
PMLE_LIVE_REPLAY_TIC|tic=513|mle_ms=62.465|monotonic_ms=60|clock_delta_ms=2.465|
clock_suspect=0
PMLE_LIVE_REPLAY_TIC|tic=514|mle_ms=134.403|monotonic_ms=130|clock_delta_ms=4.40
3|clock_suspect=0
PMLE_LIVE_REPLAY_TIC|tic=515|mle_ms=152.311|monotonic_ms=160|clock_delta_ms=7.68
9|clock_suspect=0
PMLE_LIVE_REPLAY_TIC|tic=516|mle_ms=124.791|monotonic_ms=120|clock_delta_ms=4.79
1|clock_suspect=0
PMLE_LIVE_REPLAY_TIC|tic=517|mle_ms=89.965|monotonic_ms=90|clock_delta_ms=.035|c
lock_suspect=0
PMLE_LIVE_REPLAY_TIC|tic=518|mle_ms=103.074|monotonic_ms=100|clock_delta_ms=3.07
4|clock_suspect=0
PMLE_LIVE_REPLAY_TIC|tic=519|mle_ms=168.82|monotonic_ms=170|clock_delta_ms=1.18|
clock_suspect=0
PMLE_LIVE_REPLAY_TIC|tic=520|mle_ms=115.897|monotonic_ms=120|clock_delta_ms=4.10
3|clock_suspect=0
PMLE_LIVE_REPLAY_TIC|tic=521|mle_ms=95.976|monotonic_ms=100|clock_delta_ms=4.024
|clock_suspect=0
PMLE_LIVE_REPLAY_TIC|tic=522|mle_ms=170.701|monotonic_ms=170|clock_delta_ms=.701
|clock_suspect=0
PMLE_LIVE_REPLAY_TIC|tic=523|mle_ms=158.804|monotonic_ms=160|clock_delta_ms=1.19
6|clock_suspect=0
PMLE_LIVE_REPLAY_TIC|tic=524|mle_ms=99.98|monotonic_ms=100|clock_delta_ms=.02|cl
ock_suspect=0
PMLE_LIVE_REPLAY_TIC|tic=525|mle_ms=71.003|monotonic_ms=70|clock_delta_ms=1.003|
clock_suspect=0
PMLE_LIVE_REPLAY_TIC|tic=526|mle_ms=141.641|monotonic_ms=140|clock_delta_ms=1.64
1|clock_suspect=0
PMLE_LIVE_REPLAY_TIC|tic=527|mle_ms=91.932|monotonic_ms=90|clock_delta_ms=1.932|
clock_suspect=0
PMLE_LIVE_REPLAY_TIC|tic=528|mle_ms=74.046|monotonic_ms=70|clock_delta_ms=4.046|
clock_suspect=0
PMLE_LIVE_REPLAY_TIC|tic=529|mle_ms=102.507|monotonic_ms=110|clock_delta_ms=7.49
3|clock_suspect=0
PMLE_LIVE_REPLAY_TIC|tic=530|mle_ms=136.836|monotonic_ms=130|clock_delta_ms=6.83
6|clock_suspect=0
PMLE_LIVE_REPLAY_TIC|tic=531|mle_ms=103.733|monotonic_ms=110|clock_delta_ms=6.26
7|clock_suspect=0
PMLE_LIVE_REPLAY_TIC|tic=532|mle_ms=139.679|monotonic_ms=140|clock_delta_ms=.321
|clock_suspect=0
PMLE_LIVE_REPLAY_TIC|tic=533|mle_ms=107.587|monotonic_ms=110|clock_delta_ms=2.41
3|clock_suspect=0
PMLE_LIVE_REPLAY_TIC|tic=534|mle_ms=74.158|monotonic_ms=70|clock_delta_ms=4.158|
clock_suspect=0
PMLE_LIVE_REPLAY_TIC|tic=535|mle_ms=82.655|monotonic_ms=80|clock_delta_ms=2.655|
clock_suspect=0
PMLE_LIVE_REPLAY_TIC|tic=536|mle_ms=89.439|monotonic_ms=90|clock_delta_ms=.561|c
lock_suspect=0
PMLE_LIVE_REPLAY_TIC|tic=537|mle_ms=82.579|monotonic_ms=80|clock_delta_ms=2.579|
clock_suspect=0
PMLE_LIVE_REPLAY_TIC|tic=538|mle_ms=120.792|monotonic_ms=130|clock_delta_ms=9.20
8|clock_suspect=0
PMLE_LIVE_REPLAY_TIC|tic=539|mle_ms=80.683|monotonic_ms=80|clock_delta_ms=.683|c
lock_suspect=0
PMLE_LIVE_REPLAY_TIC|tic=540|mle_ms=88.561|monotonic_ms=80|clock_delta_ms=8.561|
clock_suspect=0
PMLE_LIVE_REPLAY_TIC|tic=541|mle_ms=219.87|monotonic_ms=220|clock_delta_ms=.13|c
lock_suspect=0
PMLE_LIVE_REPLAY_TIC|tic=542|mle_ms=79.077|monotonic_ms=80|clock_delta_ms=.923|c
lock_suspect=0
PMLE_LIVE_REPLAY_TIC|tic=543|mle_ms=93.042|monotonic_ms=100|clock_delta_ms=6.958
|clock_suspect=0
PMLE_LIVE_REPLAY_TIC|tic=544|mle_ms=100.083|monotonic_ms=100|clock_delta_ms=.083
|clock_suspect=0
PMLE_LIVE_REPLAY_TIC|tic=545|mle_ms=133.795|monotonic_ms=130|clock_delta_ms=3.79
5|clock_suspect=0
PMLE_LIVE_REPLAY_TIC|tic=546|mle_ms=103.371|monotonic_ms=100|clock_delta_ms=3.37
1|clock_suspect=0
PMLE_LIVE_REPLAY_TIC|tic=547|mle_ms=96.013|monotonic_ms=100|clock_delta_ms=3.987
|clock_suspect=0
PMLE_LIVE_REPLAY_TIC|tic=548|mle_ms=78.411|monotonic_ms=80|clock_delta_ms=1.589|
clock_suspect=0
PMLE_LIVE_REPLAY_TIC|tic=549|mle_ms=65.891|monotonic_ms=60|clock_delta_ms=5.891|
clock_suspect=0
PMLE_LIVE_REPLAY_TIC|tic=550|mle_ms=162.96|monotonic_ms=170|clock_delta_ms=7.04|
clock_suspect=0
PMLE_LIVE_REPLAY_TIC|tic=551|mle_ms=67.316|monotonic_ms=70|clock_delta_ms=2.684|
clock_suspect=0
PMLE_LIVE_REPLAY_TIC|tic=552|mle_ms=93.272|monotonic_ms=90|clock_delta_ms=3.272|
clock_suspect=0
PMLE_LIVE_REPLAY_TIC|tic=553|mle_ms=110.378|monotonic_ms=110|clock_delta_ms=.378
|clock_suspect=0
PMLE_LIVE_REPLAY_TIC|tic=554|mle_ms=100.29|monotonic_ms=100|clock_delta_ms=.29|c
lock_suspect=0
PMLE_LIVE_REPLAY_TIC|tic=555|mle_ms=77.186|monotonic_ms=80|clock_delta_ms=2.814|
clock_suspect=0
PMLE_LIVE_REPLAY_TIC|tic=556|mle_ms=141.819|monotonic_ms=140|clock_delta_ms=1.81
9|clock_suspect=0
PMLE_LIVE_REPLAY_TIC|tic=557|mle_ms=94.984|monotonic_ms=90|clock_delta_ms=4.984|
clock_suspect=0
PMLE_LIVE_REPLAY_TIC|tic=558|mle_ms=139.96|monotonic_ms=140|clock_delta_ms=.04|c
lock_suspect=0
PMLE_LIVE_REPLAY_TIC|tic=559|mle_ms=88.45|monotonic_ms=90|clock_delta_ms=1.55|cl
ock_suspect=0
PMLE_LIVE_REPLAY_TIC|tic=560|mle_ms=213.055|monotonic_ms=220|clock_delta_ms=6.94
5|clock_suspect=0
PMLE_LIVE_REPLAY_TIC|tic=561|mle_ms=-22.604|monotonic_ms=90|clock_delta_ms=112.6
04|clock_suspect=1
PMLE_LIVE_REPLAY_TIC|tic=562|mle_ms=104.482|monotonic_ms=100|clock_delta_ms=4.48
2|clock_suspect=0
PMLE_LIVE_REPLAY_TIC|tic=563|mle_ms=78.433|monotonic_ms=80|clock_delta_ms=1.567|
clock_suspect=0
PMLE_LIVE_REPLAY_TIC|tic=564|mle_ms=171.835|monotonic_ms=170|clock_delta_ms=1.83
5|clock_suspect=0
PMLE_LIVE_REPLAY_TIC|tic=565|mle_ms=80.861|monotonic_ms=80|clock_delta_ms=.861|c
lock_suspect=0
PMLE_LIVE_REPLAY_TIC|tic=566|mle_ms=97.704|monotonic_ms=100|clock_delta_ms=2.296
|clock_suspect=0
PMLE_LIVE_REPLAY_TIC|tic=567|mle_ms=97.987|monotonic_ms=100|clock_delta_ms=2.013
|clock_suspect=0
PMLE_LIVE_REPLAY_TIC|tic=568|mle_ms=114.46|monotonic_ms=110|clock_delta_ms=4.46|
clock_suspect=0
PMLE_LIVE_REPLAY_TIC|tic=569|mle_ms=95.389|monotonic_ms=100|clock_delta_ms=4.611
|clock_suspect=0
PMLE_LIVE_REPLAY_TIC|tic=570|mle_ms=104.514|monotonic_ms=100|clock_delta_ms=4.51
4|clock_suspect=0
PMLE_LIVE_REPLAY_TIC|tic=571|mle_ms=97.401|monotonic_ms=100|clock_delta_ms=2.599
|clock_suspect=0
PMLE_LIVE_REPLAY_TIC|tic=572|mle_ms=76.076|monotonic_ms=80|clock_delta_ms=3.924|
clock_suspect=0
PMLE_LIVE_REPLAY_TIC|tic=573|mle_ms=97.272|monotonic_ms=90|clock_delta_ms=7.272|
clock_suspect=0
PMLE_LIVE_REPLAY_TIC|tic=574|mle_ms=135.934|monotonic_ms=140|clock_delta_ms=4.06
6|clock_suspect=0
PMLE_LIVE_REPLAY_TIC|tic=575|mle_ms=62.918|monotonic_ms=60|clock_delta_ms=2.918|
clock_suspect=0
PMLE_LIVE_REPLAY_TIC|tic=576|mle_ms=112.055|monotonic_ms=110|clock_delta_ms=2.05
5|clock_suspect=0
PMLE_LIVE_REPLAY_TIC|tic=577|mle_ms=108.1|monotonic_ms=110|clock_delta_ms=1.9|cl
ock_suspect=0
PMLE_LIVE_REPLAY_TIC|tic=578|mle_ms=115.669|monotonic_ms=120|clock_delta_ms=4.33
1|clock_suspect=0
PMLE_LIVE_REPLAY_TIC|tic=579|mle_ms=261.252|monotonic_ms=260|clock_delta_ms=1.25
2|clock_suspect=0
PMLE_LIVE_REPLAY_TIC|tic=580|mle_ms=132.448|monotonic_ms=130|clock_delta_ms=2.44
8|clock_suspect=0
PMLE_LIVE_REPLAY_TIC|tic=581|mle_ms=90.51|monotonic_ms=90|clock_delta_ms=.51|clo
ck_suspect=0
PMLE_LIVE_REPLAY_TIC|tic=582|mle_ms=136.513|monotonic_ms=140|clock_delta_ms=3.48
7|clock_suspect=0
PMLE_LIVE_REPLAY_TIC|tic=583|mle_ms=172.576|monotonic_ms=170|clock_delta_ms=2.57
6|clock_suspect=0
PMLE_LIVE_REPLAY_TIC|tic=584|mle_ms=78.405|monotonic_ms=80|clock_delta_ms=1.595|
clock_suspect=0
PMLE_LIVE_REPLAY_TIC|tic=585|mle_ms=124.112|monotonic_ms=120|clock_delta_ms=4.11
2|clock_suspect=0
PMLE_LIVE_REPLAY_TIC|tic=586|mle_ms=148.085|monotonic_ms=150|clock_delta_ms=1.91
5|clock_suspect=0
PMLE_LIVE_REPLAY_TIC|tic=587|mle_ms=71.155|monotonic_ms=70|clock_delta_ms=1.155|
clock_suspect=0
PMLE_LIVE_REPLAY_TIC|tic=588|mle_ms=93.169|monotonic_ms=100|clock_delta_ms=6.831
|clock_suspect=0
PMLE_LIVE_REPLAY_TIC|tic=589|mle_ms=98.715|monotonic_ms=100|clock_delta_ms=1.285
|clock_suspect=0
PMLE_LIVE_REPLAY_TIC|tic=590|mle_ms=86.83|monotonic_ms=80|clock_delta_ms=6.83|cl
ock_suspect=0
PMLE_LIVE_REPLAY_TIC|tic=591|mle_ms=106.342|monotonic_ms=110|clock_delta_ms=3.65
8|clock_suspect=0
PMLE_LIVE_REPLAY_TIC|tic=592|mle_ms=104.942|monotonic_ms=100|clock_delta_ms=4.94
2|clock_suspect=0
PMLE_LIVE_REPLAY_TIC|tic=593|mle_ms=64.801|monotonic_ms=70|clock_delta_ms=5.199|
clock_suspect=0
PMLE_LIVE_REPLAY_TIC|tic=594|mle_ms=100.073|monotonic_ms=100|clock_delta_ms=.073
|clock_suspect=0
PMLE_LIVE_REPLAY_TIC|tic=595|mle_ms=108.148|monotonic_ms=110|clock_delta_ms=1.85
2|clock_suspect=0
PMLE_LIVE_REPLAY_TIC|tic=596|mle_ms=98.659|monotonic_ms=100|clock_delta_ms=1.341
|clock_suspect=0
PMLE_LIVE_REPLAY_TIC|tic=597|mle_ms=94.62|monotonic_ms=90|clock_delta_ms=4.62|cl
ock_suspect=0
PMLE_LIVE_REPLAY_TIC|tic=598|mle_ms=107.934|monotonic_ms=110|clock_delta_ms=2.06
6|clock_suspect=0
PMLE_LIVE_REPLAY_TIC|tic=599|mle_ms=169.131|monotonic_ms=170|clock_delta_ms=.869
|clock_suspect=0
PMLE_LIVE_REPLAY_TIC|tic=600|mle_ms=126.353|monotonic_ms=120|clock_delta_ms=6.35
3|clock_suspect=0
PMLE_LIVE_REPLAY_TIC|tic=601|mle_ms=117.487|monotonic_ms=120|clock_delta_ms=2.51
3|clock_suspect=0
PMLE_LIVE_REPLAY_TIC|tic=602|mle_ms=66.809|monotonic_ms=60|clock_delta_ms=6.809|
clock_suspect=0
PMLE_LIVE_REPLAY_TIC|tic=603|mle_ms=189.024|monotonic_ms=190|clock_delta_ms=.976
|clock_suspect=0
PMLE_LIVE_REPLAY_TIC|tic=604|mle_ms=153.785|monotonic_ms=160|clock_delta_ms=6.21
5|clock_suspect=0
PMLE_LIVE_REPLAY_TIC|tic=605|mle_ms=89.715|monotonic_ms=90|clock_delta_ms=.285|c
lock_suspect=0
PMLE_LIVE_REPLAY_TIC|tic=606|mle_ms=148.061|monotonic_ms=140|clock_delta_ms=8.06
1|clock_suspect=0
PMLE_LIVE_REPLAY_TIC|tic=607|mle_ms=111.518|monotonic_ms=120|clock_delta_ms=8.48
2|clock_suspect=0
PMLE_LIVE_REPLAY_TIC|tic=608|mle_ms=109.749|monotonic_ms=110|clock_delta_ms=.251
|clock_suspect=0
PMLE_LIVE_REPLAY_TIC|tic=609|mle_ms=147.025|monotonic_ms=140|clock_delta_ms=7.02
5|clock_suspect=0
PMLE_LIVE_REPLAY_TIC|tic=610|mle_ms=115.935|monotonic_ms=120|clock_delta_ms=4.06
5|clock_suspect=0
PMLE_LIVE_REPLAY_TIC|tic=611|mle_ms=88.953|monotonic_ms=90|clock_delta_ms=1.047|
clock_suspect=0
PMLE_LIVE_REPLAY_TIC|tic=612|mle_ms=106.651|monotonic_ms=100|clock_delta_ms=6.65
1|clock_suspect=0
PMLE_LIVE_REPLAY_TIC|tic=613|mle_ms=108.424|monotonic_ms=110|clock_delta_ms=1.57
6|clock_suspect=0
PMLE_LIVE_REPLAY_TIC|tic=614|mle_ms=120.952|monotonic_ms=120|clock_delta_ms=.952
|clock_suspect=0
PMLE_LIVE_REPLAY_TIC|tic=615|mle_ms=101.09|monotonic_ms=100|clock_delta_ms=1.09|
clock_suspect=0
PMLE_LIVE_REPLAY_TIC|tic=616|mle_ms=145.012|monotonic_ms=150|clock_delta_ms=4.98
8|clock_suspect=0
PMLE_LIVE_REPLAY_TIC|tic=617|mle_ms=84.682|monotonic_ms=80|clock_delta_ms=4.682|
clock_suspect=0
PMLE_LIVE_REPLAY_TIC|tic=618|mle_ms=211.187|monotonic_ms=220|clock_delta_ms=8.81
3|clock_suspect=0
PMLE_LIVE_REPLAY_TIC|tic=619|mle_ms=104.157|monotonic_ms=100|clock_delta_ms=4.15
7|clock_suspect=0
PMLE_LIVE_REPLAY_TIC|tic=620|mle_ms=89.277|monotonic_ms=90|clock_delta_ms=.723|c
lock_suspect=0
PMLE_LIVE_REPLAY_TIC|tic=621|mle_ms=93.898|monotonic_ms=90|clock_delta_ms=3.898|
clock_suspect=0
PMLE_LIVE_REPLAY_TIC|tic=622|mle_ms=162.946|monotonic_ms=170|clock_delta_ms=7.05
4|clock_suspect=0
PMLE_LIVE_REPLAY_TIC|tic=623|mle_ms=98.646|monotonic_ms=100|clock_delta_ms=1.354
|clock_suspect=0
PMLE_LIVE_REPLAY_TIC|tic=624|mle_ms=116.662|monotonic_ms=110|clock_delta_ms=6.66
2|clock_suspect=0
PMLE_LIVE_REPLAY_TIC|tic=625|mle_ms=91.855|monotonic_ms=90|clock_delta_ms=1.855|
clock_suspect=0
PMLE_LIVE_REPLAY_TIC|tic=626|mle_ms=147.312|monotonic_ms=150|clock_delta_ms=2.68
8|clock_suspect=0
PMLE_LIVE_REPLAY_TIC|tic=627|mle_ms=124.682|monotonic_ms=130|clock_delta_ms=5.31
8|clock_suspect=0
PMLE_LIVE_REPLAY_TIC|tic=628|mle_ms=133.079|monotonic_ms=130|clock_delta_ms=3.07
9|clock_suspect=0
PMLE_LIVE_REPLAY_TIC|tic=629|mle_ms=118.594|monotonic_ms=120|clock_delta_ms=1.40
6|clock_suspect=0
PMLE_LIVE_REPLAY_TIC|tic=630|mle_ms=130.735|monotonic_ms=130|clock_delta_ms=.735
|clock_suspect=0
PMLE_LIVE_REPLAY_TIC|tic=631|mle_ms=112.095|monotonic_ms=110|clock_delta_ms=2.09
5|clock_suspect=0
PMLE_LIVE_REPLAY_TIC|tic=632|mle_ms=108.751|monotonic_ms=110|clock_delta_ms=1.24
9|clock_suspect=0
PMLE_LIVE_REPLAY_TIC|tic=633|mle_ms=110.937|monotonic_ms=110|clock_delta_ms=.937
|clock_suspect=0
PMLE_LIVE_REPLAY_TIC|tic=634|mle_ms=136.249|monotonic_ms=140|clock_delta_ms=3.75
1|clock_suspect=0
PMLE_LIVE_REPLAY_TIC|tic=635|mle_ms=98.782|monotonic_ms=100|clock_delta_ms=1.218
|clock_suspect=0
PMLE_LIVE_REPLAY_TIC|tic=636|mle_ms=107.627|monotonic_ms=100|clock_delta_ms=7.62
7|clock_suspect=0
PMLE_LIVE_REPLAY_TIC|tic=637|mle_ms=193.276|monotonic_ms=200|clock_delta_ms=6.72
4|clock_suspect=0
PMLE_LIVE_REPLAY_TIC|tic=638|mle_ms=97.538|monotonic_ms=90|clock_delta_ms=7.538|
clock_suspect=0
PMLE_LIVE_REPLAY_TIC|tic=639|mle_ms=79.547|monotonic_ms=80|clock_delta_ms=.453|c
lock_suspect=0
PMLE_LIVE_REPLAY_TIC|tic=640|mle_ms=90.115|monotonic_ms=90|clock_delta_ms=.115|c
lock_suspect=0
PMLE_LIVE_REPLAY_TIC|tic=641|mle_ms=130.795|monotonic_ms=140|clock_delta_ms=9.20
5|clock_suspect=0
PMLE_LIVE_REPLAY_TIC|tic=642|mle_ms=111.016|monotonic_ms=110|clock_delta_ms=1.01
6|clock_suspect=0
PMLE_LIVE_REPLAY_TIC|tic=643|mle_ms=113.418|monotonic_ms=110|clock_delta_ms=3.41
8|clock_suspect=0
PMLE_LIVE_REPLAY_TIC|tic=644|mle_ms=109.445|monotonic_ms=110|clock_delta_ms=.555
|clock_suspect=0
PMLE_LIVE_REPLAY_TIC|tic=645|mle_ms=59.769|monotonic_ms=60|clock_delta_ms=.231|c
lock_suspect=0
PMLE_LIVE_REPLAY_TIC|tic=646|mle_ms=125.126|monotonic_ms=120|clock_delta_ms=5.12
6|clock_suspect=0
PMLE_LIVE_REPLAY_TIC|tic=647|mle_ms=97.747|monotonic_ms=100|clock_delta_ms=2.253
|clock_suspect=0
PMLE_LIVE_REPLAY_TIC|tic=648|mle_ms=96.27|monotonic_ms=100|clock_delta_ms=3.73|c
lock_suspect=0
PMLE_LIVE_REPLAY_TIC|tic=649|mle_ms=-2.741|monotonic_ms=110|clock_delta_ms=112.7
41|clock_suspect=1
PMLE_LIVE_REPLAY_TIC|tic=650|mle_ms=92.12|monotonic_ms=90|clock_delta_ms=2.12|cl
ock_suspect=0
PMLE_LIVE_REPLAY_TIC|tic=651|mle_ms=48.656|monotonic_ms=50|clock_delta_ms=1.344|
clock_suspect=0
PMLE_LIVE_REPLAY_TIC|tic=652|mle_ms=108.206|monotonic_ms=110|clock_delta_ms=1.79
4|clock_suspect=0
PMLE_LIVE_REPLAY_TIC|tic=653|mle_ms=127.599|monotonic_ms=120|clock_delta_ms=7.59
9|clock_suspect=0
PMLE_LIVE_REPLAY_TIC|tic=654|mle_ms=160.788|monotonic_ms=170|clock_delta_ms=9.21
2|clock_suspect=0
PMLE_LIVE_REPLAY_TIC|tic=655|mle_ms=99.876|monotonic_ms=100|clock_delta_ms=.124|
clock_suspect=0
PMLE_LIVE_REPLAY_TIC|tic=656|mle_ms=137.302|monotonic_ms=130|clock_delta_ms=7.30
2|clock_suspect=0
PMLE_LIVE_REPLAY_TIC|tic=657|mle_ms=78.679|monotonic_ms=80|clock_delta_ms=1.321|
clock_suspect=0
PMLE_LIVE_REPLAY_TIC|tic=658|mle_ms=128.635|monotonic_ms=130|clock_delta_ms=1.36
5|clock_suspect=0
PMLE_LIVE_REPLAY_TIC|tic=659|mle_ms=81.276|monotonic_ms=80|clock_delta_ms=1.276|
clock_suspect=0
PMLE_LIVE_REPLAY_TIC|tic=660|mle_ms=172.59|monotonic_ms=170|clock_delta_ms=2.59|
clock_suspect=0
PMLE_LIVE_REPLAY_TIC|tic=661|mle_ms=105.058|monotonic_ms=110|clock_delta_ms=4.94
2|clock_suspect=0
PMLE_LIVE_REPLAY_TIC|tic=662|mle_ms=102.14|monotonic_ms=100|clock_delta_ms=2.14|
clock_suspect=0
PMLE_LIVE_REPLAY_TIC|tic=663|mle_ms=51.856|monotonic_ms=50|clock_delta_ms=1.856|
clock_suspect=0
PMLE_LIVE_REPLAY_TIC|tic=664|mle_ms=160.06|monotonic_ms=160|clock_delta_ms=.06|c
lock_suspect=0
PMLE_LIVE_REPLAY_TIC|tic=665|mle_ms=111.09|monotonic_ms=110|clock_delta_ms=1.09|
clock_suspect=0
PMLE_LIVE_REPLAY_TIC|tic=666|mle_ms=102.279|monotonic_ms=110|clock_delta_ms=7.72
1|clock_suspect=0
PMLE_LIVE_REPLAY_TIC|tic=667|mle_ms=125.159|monotonic_ms=120|clock_delta_ms=5.15
9|clock_suspect=0
PMLE_LIVE_REPLAY_TIC|tic=668|mle_ms=153.997|monotonic_ms=160|clock_delta_ms=6.00
3|clock_suspect=0
PMLE_LIVE_REPLAY_TIC|tic=669|mle_ms=66.869|monotonic_ms=60|clock_delta_ms=6.869|
clock_suspect=0
PMLE_LIVE_REPLAY_TIC|tic=670|mle_ms=150.616|monotonic_ms=150|clock_delta_ms=.616
|clock_suspect=0
PMLE_LIVE_REPLAY_TIC|tic=671|mle_ms=128.905|monotonic_ms=130|clock_delta_ms=1.09
5|clock_suspect=0
PMLE_LIVE_REPLAY_TIC|tic=672|mle_ms=73.561|monotonic_ms=80|clock_delta_ms=6.439|
clock_suspect=0
PMLE_LIVE_REPLAY_TIC|tic=673|mle_ms=91.669|monotonic_ms=90|clock_delta_ms=1.669|
clock_suspect=0
PMLE_LIVE_REPLAY_TIC|tic=674|mle_ms=133.549|monotonic_ms=130|clock_delta_ms=3.54
9|clock_suspect=0
PMLE_LIVE_REPLAY_TIC|tic=675|mle_ms=108.157|monotonic_ms=110|clock_delta_ms=1.84
3|clock_suspect=0
PMLE_LIVE_REPLAY_TIC|tic=676|mle_ms=153.432|monotonic_ms=150|clock_delta_ms=3.43
2|clock_suspect=0
PMLE_LIVE_REPLAY_TIC|tic=677|mle_ms=223.43|monotonic_ms=230|clock_delta_ms=6.57|
clock_suspect=0
PMLE_LIVE_REPLAY_TIC|tic=678|mle_ms=116.39|monotonic_ms=110|clock_delta_ms=6.39|
clock_suspect=0
PMLE_LIVE_REPLAY_TIC|tic=679|mle_ms=106.693|monotonic_ms=110|clock_delta_ms=3.30
7|clock_suspect=0
PMLE_LIVE_REPLAY_TIC|tic=680|mle_ms=164.261|monotonic_ms=170|clock_delta_ms=5.73
9|clock_suspect=0
PMLE_LIVE_REPLAY_TIC|tic=681|mle_ms=79.678|monotonic_ms=70|clock_delta_ms=9.678|
clock_suspect=0
PMLE_LIVE_REPLAY_TIC|tic=682|mle_ms=261.953|monotonic_ms=270|clock_delta_ms=8.04
7|clock_suspect=0
PMLE_LIVE_REPLAY_TIC|tic=683|mle_ms=112.306|monotonic_ms=110|clock_delta_ms=2.30
6|clock_suspect=0
PMLE_LIVE_REPLAY_TIC|tic=684|mle_ms=83.97|monotonic_ms=80|clock_delta_ms=3.97|cl
ock_suspect=0
PMLE_LIVE_REPLAY_TIC|tic=685|mle_ms=107.727|monotonic_ms=110|clock_delta_ms=2.27
3|clock_suspect=0
PMLE_LIVE_REPLAY_TIC|tic=686|mle_ms=302.775|monotonic_ms=300|clock_delta_ms=2.77
5|clock_suspect=0
PMLE_LIVE_REPLAY_TIC|tic=687|mle_ms=82.314|monotonic_ms=90|clock_delta_ms=7.686|
clock_suspect=0
PMLE_LIVE_REPLAY_TIC|tic=688|mle_ms=101.294|monotonic_ms=100|clock_delta_ms=1.29
4|clock_suspect=0
PMLE_LIVE_REPLAY_TIC|tic=689|mle_ms=189.518|monotonic_ms=190|clock_delta_ms=.482
|clock_suspect=0
PMLE_LIVE_REPLAY_TIC|tic=690|mle_ms=92.915|monotonic_ms=90|clock_delta_ms=2.915|
clock_suspect=0
PMLE_LIVE_REPLAY_TIC|tic=691|mle_ms=93.663|monotonic_ms=90|clock_delta_ms=3.663|
clock_suspect=0
PMLE_LIVE_REPLAY_TIC|tic=692|mle_ms=126.675|monotonic_ms=130|clock_delta_ms=3.32
5|clock_suspect=0
PMLE_LIVE_REPLAY_TIC|tic=693|mle_ms=52.381|monotonic_ms=50|clock_delta_ms=2.381|
clock_suspect=0
PMLE_LIVE_REPLAY_TIC|tic=694|mle_ms=121.773|monotonic_ms=130|clock_delta_ms=8.22
7|clock_suspect=0
PMLE_LIVE_REPLAY_TIC|tic=695|mle_ms=85.913|monotonic_ms=80|clock_delta_ms=5.913|
clock_suspect=0
PMLE_LIVE_REPLAY_TIC|tic=696|mle_ms=210.594|monotonic_ms=210|clock_delta_ms=.594
|clock_suspect=0
PMLE_LIVE_REPLAY_TIC|tic=697|mle_ms=112.204|monotonic_ms=110|clock_delta_ms=2.20
4|clock_suspect=0
PMLE_LIVE_REPLAY_TIC|tic=698|mle_ms=130.866|monotonic_ms=140|clock_delta_ms=9.13
4|clock_suspect=0
PMLE_LIVE_REPLAY_TIC|tic=699|mle_ms=49.137|monotonic_ms=40|clock_delta_ms=9.137|
clock_suspect=0
PMLE_LIVE_REPLAY_TIC|tic=700|mle_ms=155.756|monotonic_ms=160|clock_delta_ms=4.24
4|clock_suspect=0
PMLE_LIVE_REPLAY_TIC|tic=701|mle_ms=122.891|monotonic_ms=120|clock_delta_ms=2.89
1|clock_suspect=0
PMLE_LIVE_REPLAY_TIC|tic=702|mle_ms=78.776|monotonic_ms=80|clock_delta_ms=1.224|
clock_suspect=0
PMLE_LIVE_REPLAY_TIC|tic=703|mle_ms=57.978|monotonic_ms=60|clock_delta_ms=2.022|
clock_suspect=0
PMLE_LIVE_REPLAY_TIC|tic=704|mle_ms=87.335|monotonic_ms=90|clock_delta_ms=2.665|
clock_suspect=0
PMLE_LIVE_REPLAY_TIC|tic=705|mle_ms=36.125|monotonic_ms=40|clock_delta_ms=3.875|
clock_suspect=0
PMLE_LIVE_REPLAY_TIC|tic=706|mle_ms=74.323|monotonic_ms=70|clock_delta_ms=4.323|
clock_suspect=0
PMLE_LIVE_REPLAY_TIC|tic=707|mle_ms=202.272|monotonic_ms=200|clock_delta_ms=2.27
2|clock_suspect=0
PMLE_LIVE_REPLAY_TIC|tic=708|mle_ms=100.819|monotonic_ms=100|clock_delta_ms=.819
|clock_suspect=0
PMLE_LIVE_REPLAY_TIC|tic=709|mle_ms=48.194|monotonic_ms=50|clock_delta_ms=1.806|
clock_suspect=0
PMLE_LIVE_REPLAY_TIC|tic=710|mle_ms=96.995|monotonic_ms=100|clock_delta_ms=3.005
|clock_suspect=0
PMLE_LIVE_REPLAY_TIC|tic=711|mle_ms=118.58|monotonic_ms=120|clock_delta_ms=1.42|
clock_suspect=0
PMLE_LIVE_REPLAY_TIC|tic=712|mle_ms=52.711|monotonic_ms=50|clock_delta_ms=2.711|
clock_suspect=0
PMLE_LIVE_REPLAY_TIC|tic=713|mle_ms=76.886|monotonic_ms=80|clock_delta_ms=3.114|
clock_suspect=0
PMLE_LIVE_REPLAY_TIC|tic=714|mle_ms=69.478|monotonic_ms=70|clock_delta_ms=.522|c
lock_suspect=0
PMLE_LIVE_REPLAY_TIC|tic=715|mle_ms=41.516|monotonic_ms=40|clock_delta_ms=1.516|
clock_suspect=0
PMLE_LIVE_REPLAY_TIC|tic=716|mle_ms=95.425|monotonic_ms=90|clock_delta_ms=5.425|
clock_suspect=0
PMLE_LIVE_REPLAY_TIC|tic=717|mle_ms=57.793|monotonic_ms=60|clock_delta_ms=2.207|
clock_suspect=0
PMLE_LIVE_REPLAY_TIC|tic=718|mle_ms=51.549|monotonic_ms=50|clock_delta_ms=1.549|
clock_suspect=0
PMLE_LIVE_REPLAY_TIC|tic=719|mle_ms=54.107|monotonic_ms=60|clock_delta_ms=5.893|
clock_suspect=0
PMLE_LIVE_REPLAY_TIC|tic=720|mle_ms=72.359|monotonic_ms=70|clock_delta_ms=2.359|
clock_suspect=0
PMLE_LIVE_REPLAY_TIC|tic=721|mle_ms=44.775|monotonic_ms=40|clock_delta_ms=4.775|
clock_suspect=0
PMLE_LIVE_REPLAY_TIC|tic=722|mle_ms=81.156|monotonic_ms=90|clock_delta_ms=8.844|
clock_suspect=0
PMLE_LIVE_REPLAY_TIC|tic=723|mle_ms=78.234|monotonic_ms=70|clock_delta_ms=8.234|
clock_suspect=0
PMLE_LIVE_REPLAY_TIC|tic=724|mle_ms=62.663|monotonic_ms=70|clock_delta_ms=7.337|
clock_suspect=0
PMLE_LIVE_REPLAY_TIC|tic=725|mle_ms=70.548|monotonic_ms=70|clock_delta_ms=.548|c
lock_suspect=0
PMLE_LIVE_REPLAY_TIC|tic=726|mle_ms=114.923|monotonic_ms=110|clock_delta_ms=4.92
3|clock_suspect=0
PMLE_LIVE_REPLAY_TIC|tic=727|mle_ms=60.072|monotonic_ms=60|clock_delta_ms=.072|c
lock_suspect=0
PMLE_LIVE_REPLAY_TIC|tic=728|mle_ms=108.652|monotonic_ms=110|clock_delta_ms=1.34
8|clock_suspect=0
PMLE_LIVE_REPLAY_TIC|tic=729|mle_ms=74.576|monotonic_ms=80|clock_delta_ms=5.424|
clock_suspect=0
PMLE_LIVE_REPLAY_TIC|tic=730|mle_ms=65.333|monotonic_ms=60|clock_delta_ms=5.333|
clock_suspect=0
PMLE_LIVE_REPLAY_TIC|tic=731|mle_ms=71.044|monotonic_ms=70|clock_delta_ms=1.044|
clock_suspect=0
PMLE_LIVE_REPLAY_TIC|tic=732|mle_ms=77.861|monotonic_ms=80|clock_delta_ms=2.139|
clock_suspect=0
PMLE_LIVE_REPLAY_TIC|tic=733|mle_ms=48.02|monotonic_ms=50|clock_delta_ms=1.98|cl
ock_suspect=0
PMLE_LIVE_REPLAY_TIC|tic=734|mle_ms=111.882|monotonic_ms=110|clock_delta_ms=1.88
2|clock_suspect=0
PMLE_LIVE_REPLAY_TIC|tic=735|mle_ms=56.886|monotonic_ms=60|clock_delta_ms=3.114|
clock_suspect=0
PMLE_LIVE_REPLAY_TIC|tic=736|mle_ms=66.273|monotonic_ms=60|clock_delta_ms=6.273|
clock_suspect=0
PMLE_LIVE_REPLAY_TIC|tic=737|mle_ms=69.973|monotonic_ms=70|clock_delta_ms=.027|c
lock_suspect=0
PMLE_LIVE_REPLAY_TIC|tic=738|mle_ms=58.498|monotonic_ms=60|clock_delta_ms=1.502|
clock_suspect=0
PMLE_LIVE_REPLAY_TIC|tic=739|mle_ms=32.775|monotonic_ms=30|clock_delta_ms=2.775|
clock_suspect=0
PMLE_LIVE_REPLAY_TIC|tic=740|mle_ms=61.522|monotonic_ms=70|clock_delta_ms=8.478|
clock_suspect=0
PMLE_LIVE_REPLAY_TIC|tic=741|mle_ms=45.765|monotonic_ms=40|clock_delta_ms=5.765|
clock_suspect=0
PMLE_LIVE_REPLAY_TIC|tic=742|mle_ms=31.959|monotonic_ms=30|clock_delta_ms=1.959|
clock_suspect=0
PMLE_LIVE_REPLAY_TIC|tic=743|mle_ms=56.35|monotonic_ms=60|clock_delta_ms=3.65|cl
ock_suspect=0
PMLE_LIVE_REPLAY_TIC|tic=744|mle_ms=52.555|monotonic_ms=50|clock_delta_ms=2.555|
clock_suspect=0
PMLE_LIVE_REPLAY_TIC|tic=745|mle_ms=26.902|monotonic_ms=30|clock_delta_ms=3.098|
clock_suspect=0
PMLE_LIVE_REPLAY_TIC|tic=746|mle_ms=72.646|monotonic_ms=70|clock_delta_ms=2.646|
clock_suspect=0
PMLE_LIVE_REPLAY_TIC|tic=747|mle_ms=42.195|monotonic_ms=50|clock_delta_ms=7.805|
clock_suspect=0
PMLE_LIVE_REPLAY_TIC|tic=748|mle_ms=33.678|monotonic_ms=30|clock_delta_ms=3.678|
clock_suspect=0
PMLE_LIVE_REPLAY_TIC|tic=749|mle_ms=40.938|monotonic_ms=40|clock_delta_ms=.938|c
lock_suspect=0
PMLE_LIVE_REPLAY_TIC|tic=750|mle_ms=54.892|monotonic_ms=60|clock_delta_ms=5.108|
clock_suspect=0
PMLE_LIVE_REPLAY_TIC|tic=751|mle_ms=36.979|monotonic_ms=30|clock_delta_ms=6.979|
clock_suspect=0
PMLE_LIVE_REPLAY_TIC|tic=752|mle_ms=58.754|monotonic_ms=60|clock_delta_ms=1.246|
clock_suspect=0
PMLE_LIVE_REPLAY_TIC|tic=753|mle_ms=65.652|monotonic_ms=70|clock_delta_ms=4.348|
clock_suspect=0
PMLE_LIVE_REPLAY_TIC|tic=754|mle_ms=52.217|monotonic_ms=50|clock_delta_ms=2.217|
clock_suspect=0
PMLE_LIVE_REPLAY_TIC|tic=755|mle_ms=49.644|monotonic_ms=50|clock_delta_ms=.356|c
lock_suspect=0
PMLE_LIVE_REPLAY_TIC|tic=756|mle_ms=64.949|monotonic_ms=60|clock_delta_ms=4.949|
clock_suspect=0
PMLE_LIVE_REPLAY_TIC|tic=757|mle_ms=38.793|monotonic_ms=40|clock_delta_ms=1.207|
clock_suspect=0
PMLE_LIVE_REPLAY_TIC|tic=758|mle_ms=-66.162|monotonic_ms=50|clock_delta_ms=116.1
62|clock_suspect=1
PMLE_LIVE_REPLAY_TIC|tic=759|mle_ms=35.819|monotonic_ms=40|clock_delta_ms=4.181|
clock_suspect=0
PMLE_LIVE_REPLAY_TIC|tic=760|mle_ms=58.066|monotonic_ms=60|clock_delta_ms=1.934|
clock_suspect=0
PMLE_LIVE_REPLAY_TIC|tic=761|mle_ms=48.923|monotonic_ms=40|clock_delta_ms=8.923|
clock_suspect=0
PMLE_LIVE_REPLAY_TIC|tic=762|mle_ms=43.528|monotonic_ms=50|clock_delta_ms=6.472|
clock_suspect=0
PMLE_LIVE_REPLAY_TIC|tic=763|mle_ms=69.071|monotonic_ms=70|clock_delta_ms=.929|c
lock_suspect=0
PMLE_LIVE_REPLAY_TIC|tic=764|mle_ms=69.317|monotonic_ms=70|clock_delta_ms=.683|c
lock_suspect=0
PMLE_LIVE_REPLAY_TIC|tic=765|mle_ms=53.09|monotonic_ms=50|clock_delta_ms=3.09|cl
ock_suspect=0
PMLE_LIVE_REPLAY_TIC|tic=766|mle_ms=69.984|monotonic_ms=70|clock_delta_ms=.016|c
lock_suspect=0
PMLE_LIVE_REPLAY_TIC|tic=767|mle_ms=64.321|monotonic_ms=60|clock_delta_ms=4.321|
clock_suspect=0
PMLE_LIVE_REPLAY_TIC|tic=768|mle_ms=52.065|monotonic_ms=60|clock_delta_ms=7.935|
clock_suspect=0
PMLE_LIVE_REPLAY_TIC|tic=769|mle_ms=47.227|monotonic_ms=40|clock_delta_ms=7.227|
clock_suspect=0
PMLE_LIVE_REPLAY_TIC|tic=770|mle_ms=70.762|monotonic_ms=70|clock_delta_ms=.762|c
lock_suspect=0
PMLE_LIVE_REPLAY_TIC|tic=771|mle_ms=59.551|monotonic_ms=60|clock_delta_ms=.449|c
lock_suspect=0
PMLE_LIVE_REPLAY_TIC|tic=772|mle_ms=65.97|monotonic_ms=70|clock_delta_ms=4.03|cl
ock_suspect=0
PMLE_LIVE_REPLAY_TIC|tic=773|mle_ms=91.993|monotonic_ms=90|clock_delta_ms=1.993|
clock_suspect=0
PMLE_LIVE_REPLAY_TIC|tic=774|mle_ms=65.429|monotonic_ms=70|clock_delta_ms=4.571|
clock_suspect=0
PMLE_LIVE_REPLAY_TIC|tic=775|mle_ms=56.756|monotonic_ms=50|clock_delta_ms=6.756|
clock_suspect=0
PMLE_LIVE_REPLAY_TIC|tic=776|mle_ms=84.511|monotonic_ms=90|clock_delta_ms=5.489|
clock_suspect=0
PMLE_LIVE_REPLAY_TIC|tic=777|mle_ms=93.664|monotonic_ms=90|clock_delta_ms=3.664|
clock_suspect=0
PMLE_LIVE_REPLAY_TIC|tic=778|mle_ms=56.375|monotonic_ms=60|clock_delta_ms=3.625|
clock_suspect=0
PMLE_LIVE_REPLAY_TIC|tic=779|mle_ms=67.729|monotonic_ms=70|clock_delta_ms=2.271|
clock_suspect=0
PMLE_LIVE_REPLAY_TIC|tic=780|mle_ms=72.814|monotonic_ms=70|clock_delta_ms=2.814|
clock_suspect=0
PMLE_LIVE_REPLAY_TIC|tic=781|mle_ms=57.805|monotonic_ms=60|clock_delta_ms=2.195|
clock_suspect=0
PMLE_LIVE_REPLAY_TIC|tic=782|mle_ms=62.74|monotonic_ms=60|clock_delta_ms=2.74|cl
ock_suspect=0
PMLE_LIVE_REPLAY_TIC|tic=783|mle_ms=63.14|monotonic_ms=60|clock_delta_ms=3.14|cl
ock_suspect=0
PMLE_LIVE_REPLAY_TIC|tic=784|mle_ms=59.015|monotonic_ms=60|clock_delta_ms=.985|c
lock_suspect=0
PMLE_LIVE_REPLAY_TIC|tic=785|mle_ms=65.642|monotonic_ms=70|clock_delta_ms=4.358|
clock_suspect=0
PMLE_LIVE_REPLAY_TIC|tic=786|mle_ms=73.729|monotonic_ms=70|clock_delta_ms=3.729|
clock_suspect=0
PMLE_LIVE_REPLAY_TIC|tic=787|mle_ms=61.65|monotonic_ms=60|clock_delta_ms=1.65|cl
ock_suspect=0
PMLE_LIVE_REPLAY_TIC|tic=788|mle_ms=85.021|monotonic_ms=90|clock_delta_ms=4.979|
clock_suspect=0
PMLE_LIVE_REPLAY_TIC|tic=789|mle_ms=62.292|monotonic_ms=60|clock_delta_ms=2.292|
clock_suspect=0
PMLE_LIVE_REPLAY_TIC|tic=790|mle_ms=64.402|monotonic_ms=70|clock_delta_ms=5.598|
clock_suspect=0
PMLE_LIVE_REPLAY_TIC|tic=791|mle_ms=64.451|monotonic_ms=60|clock_delta_ms=4.451|
clock_suspect=0
PMLE_LIVE_REPLAY_TIC|tic=792|mle_ms=49.736|monotonic_ms=50|clock_delta_ms=.264|c
lock_suspect=0
PMLE_LIVE_REPLAY_TIC|tic=793|mle_ms=57.825|monotonic_ms=60|clock_delta_ms=2.175|
clock_suspect=0
PMLE_LIVE_REPLAY_TIC|tic=794|mle_ms=81.219|monotonic_ms=80|clock_delta_ms=1.219|
clock_suspect=0
PMLE_LIVE_REPLAY_TIC|tic=795|mle_ms=53.483|monotonic_ms=50|clock_delta_ms=3.483|
clock_suspect=0
PMLE_LIVE_REPLAY_TIC|tic=796|mle_ms=63.175|monotonic_ms=70|clock_delta_ms=6.825|
clock_suspect=0
PMLE_LIVE_REPLAY_TIC|tic=797|mle_ms=58.126|monotonic_ms=50|clock_delta_ms=8.126|
clock_suspect=0
PMLE_LIVE_REPLAY_TIC|tic=798|mle_ms=44.143|monotonic_ms=50|clock_delta_ms=5.857|
clock_suspect=0
PMLE_LIVE_REPLAY_TIC|tic=799|mle_ms=44.386|monotonic_ms=40|clock_delta_ms=4.386|
clock_suspect=0
PMLE_LIVE_REPLAY_TIC|tic=800|mle_ms=66.415|monotonic_ms=70|clock_delta_ms=3.585|
clock_suspect=0
PMLE_LIVE_REPLAY_TIC|tic=801|mle_ms=48.549|monotonic_ms=50|clock_delta_ms=1.451|
clock_suspect=0
PMLE_LIVE_REPLAY_TIC|tic=802|mle_ms=36.624|monotonic_ms=30|clock_delta_ms=6.624|
clock_suspect=0
PMLE_LIVE_REPLAY_TIC|tic=803|mle_ms=50.447|monotonic_ms=60|clock_delta_ms=9.553|
clock_suspect=0
PMLE_LIVE_REPLAY_TIC|tic=804|mle_ms=59.305|monotonic_ms=50|clock_delta_ms=9.305|
clock_suspect=0
PMLE_LIVE_REPLAY_TIC|tic=805|mle_ms=40.657|monotonic_ms=50|clock_delta_ms=9.343|
clock_suspect=0
PMLE_LIVE_REPLAY_TIC|tic=806|mle_ms=64.918|monotonic_ms=60|clock_delta_ms=4.918|
clock_suspect=0
PMLE_LIVE_REPLAY_TIC|tic=807|mle_ms=57.615|monotonic_ms=60|clock_delta_ms=2.385|
clock_suspect=0
PMLE_LIVE_REPLAY_TIC|tic=808|mle_ms=33.238|monotonic_ms=30|clock_delta_ms=3.238|
clock_suspect=0
PMLE_LIVE_REPLAY_TIC|tic=809|mle_ms=39.4|monotonic_ms=40|clock_delta_ms=.6|clock
_suspect=0
PMLE_LIVE_REPLAY_TIC|tic=810|mle_ms=42.658|monotonic_ms=40|clock_delta_ms=2.658|
clock_suspect=0
PMLE_LIVE_REPLAY_TIC|tic=811|mle_ms=33.539|monotonic_ms=40|clock_delta_ms=6.461|
clock_suspect=0
PMLE_LIVE_REPLAY_TIC|tic=812|mle_ms=63.821|monotonic_ms=60|clock_delta_ms=3.821|
clock_suspect=0
PMLE_LIVE_REPLAY_TIC|tic=813|mle_ms=50.817|monotonic_ms=50|clock_delta_ms=.817|c
lock_suspect=0
PMLE_LIVE_REPLAY_TIC|tic=814|mle_ms=41.973|monotonic_ms=40|clock_delta_ms=1.973|
clock_suspect=0
PMLE_LIVE_REPLAY_TIC|tic=815|mle_ms=52.378|monotonic_ms=60|clock_delta_ms=7.622|
clock_suspect=0
PMLE_LIVE_REPLAY_TIC|tic=816|mle_ms=57.822|monotonic_ms=50|clock_delta_ms=7.822|
clock_suspect=0
PMLE_LIVE_REPLAY_TIC|tic=817|mle_ms=35.69|monotonic_ms=40|clock_delta_ms=4.31|cl
ock_suspect=0
PMLE_LIVE_REPLAY_TIC|tic=818|mle_ms=52.657|monotonic_ms=50|clock_delta_ms=2.657|
clock_suspect=0
PMLE_LIVE_REPLAY_TIC|tic=819|mle_ms=45.09|monotonic_ms=50|clock_delta_ms=4.91|cl
ock_suspect=0
PMLE_LIVE_REPLAY_TIC|tic=820|mle_ms=37.522|monotonic_ms=40|clock_delta_ms=2.478|
clock_suspect=0
PMLE_LIVE_REPLAY_TIC|tic=821|mle_ms=61.584|monotonic_ms=60|clock_delta_ms=1.584|
clock_suspect=0
PMLE_LIVE_REPLAY_TIC|tic=822|mle_ms=48.25|monotonic_ms=50|clock_delta_ms=1.75|cl
ock_suspect=0
PMLE_LIVE_REPLAY_TIC|tic=823|mle_ms=44.933|monotonic_ms=40|clock_delta_ms=4.933|
clock_suspect=0
PMLE_LIVE_REPLAY_TIC|tic=824|mle_ms=56.797|monotonic_ms=60|clock_delta_ms=3.203|
clock_suspect=0
PMLE_LIVE_REPLAY_TIC|tic=825|mle_ms=52.393|monotonic_ms=50|clock_delta_ms=2.393|
clock_suspect=0
PMLE_LIVE_REPLAY_TIC|tic=826|mle_ms=56.854|monotonic_ms=60|clock_delta_ms=3.146|
clock_suspect=0
PMLE_LIVE_REPLAY_TIC|tic=827|mle_ms=41.952|monotonic_ms=40|clock_delta_ms=1.952|
clock_suspect=0
PMLE_LIVE_REPLAY_TIC|tic=828|mle_ms=57.787|monotonic_ms=60|clock_delta_ms=2.213|
clock_suspect=0
PMLE_LIVE_REPLAY_TIC|tic=829|mle_ms=32.915|monotonic_ms=30|clock_delta_ms=2.915|
clock_suspect=0
PMLE_LIVE_REPLAY_TIC|tic=830|mle_ms=43.699|monotonic_ms=40|clock_delta_ms=3.699|
clock_suspect=0
PMLE_LIVE_REPLAY_TIC|tic=831|mle_ms=48.254|monotonic_ms=50|clock_delta_ms=1.746|
clock_suspect=0
PMLE_LIVE_REPLAY_TIC|tic=832|mle_ms=27.21|monotonic_ms=30|clock_delta_ms=2.79|cl
ock_suspect=0
PMLE_LIVE_REPLAY_TIC|tic=833|mle_ms=44.092|monotonic_ms=40|clock_delta_ms=4.092|
clock_suspect=0
PMLE_LIVE_REPLAY_TIC|tic=834|mle_ms=45.013|monotonic_ms=50|clock_delta_ms=4.987|
clock_suspect=0
PMLE_LIVE_REPLAY_TIC|tic=835|mle_ms=40.685|monotonic_ms=40|clock_delta_ms=.685|c
lock_suspect=0
PMLE_LIVE_REPLAY_TIC|tic=836|mle_ms=63.025|monotonic_ms=60|clock_delta_ms=3.025|
clock_suspect=0
PMLE_LIVE_REPLAY_TIC|tic=837|mle_ms=54.858|monotonic_ms=60|clock_delta_ms=5.142|
clock_suspect=0
PMLE_LIVE_REPLAY_TIC|tic=838|mle_ms=43.647|monotonic_ms=40|clock_delta_ms=3.647|
clock_suspect=0
PMLE_LIVE_REPLAY_TIC|tic=839|mle_ms=42.461|monotonic_ms=40|clock_delta_ms=2.461|
clock_suspect=0
PMLE_LIVE_REPLAY_TIC|tic=840|mle_ms=77.574|monotonic_ms=80|clock_delta_ms=2.426|
clock_suspect=0
PMLE_LIVE_REPLAY_TIC|tic=841|mle_ms=96.335|monotonic_ms=100|clock_delta_ms=3.665
|clock_suspect=0
PMLE_LIVE_REPLAY_TIC|tic=842|mle_ms=78.089|monotonic_ms=80|clock_delta_ms=1.911|
clock_suspect=0
PMLE_LIVE_REPLAY_TIC|tic=843|mle_ms=147.876|monotonic_ms=140|clock_delta_ms=7.87
6|clock_suspect=0
PMLE_LIVE_REPLAY_TIC|tic=844|mle_ms=77.101|monotonic_ms=80|clock_delta_ms=2.899|
clock_suspect=0
PMLE_LIVE_REPLAY_TIC|tic=845|mle_ms=61.337|monotonic_ms=60|clock_delta_ms=1.337|
clock_suspect=0
PMLE_LIVE_REPLAY_TIC|tic=846|mle_ms=113.379|monotonic_ms=120|clock_delta_ms=6.62
1|clock_suspect=0
PMLE_LIVE_REPLAY_TIC|tic=847|mle_ms=41.62|monotonic_ms=40|clock_delta_ms=1.62|cl
ock_suspect=0
PMLE_LIVE_REPLAY_TIC|tic=848|mle_ms=54.499|monotonic_ms=50|clock_delta_ms=4.499|
clock_suspect=0
PMLE_LIVE_REPLAY_TIC|tic=849|mle_ms=72.752|monotonic_ms=80|clock_delta_ms=7.248|
clock_suspect=0
PMLE_LIVE_REPLAY_TIC|tic=850|mle_ms=51.585|monotonic_ms=50|clock_delta_ms=1.585|
clock_suspect=0
PMLE_LIVE_REPLAY_TIC|tic=851|mle_ms=88.685|monotonic_ms=90|clock_delta_ms=1.315|
clock_suspect=0
PMLE_LIVE_REPLAY_TIC|tic=852|mle_ms=105.867|monotonic_ms=100|clock_delta_ms=5.86
7|clock_suspect=0
PMLE_LIVE_REPLAY_TIC|tic=853|mle_ms=103.872|monotonic_ms=110|clock_delta_ms=6.12
8|clock_suspect=0
PMLE_LIVE_REPLAY_TIC|tic=854|mle_ms=64.226|monotonic_ms=60|clock_delta_ms=4.226|
clock_suspect=0
PMLE_LIVE_REPLAY_TIC|tic=855|mle_ms=71.529|monotonic_ms=70|clock_delta_ms=1.529|
clock_suspect=0
PMLE_LIVE_REPLAY_TIC|tic=856|mle_ms=80.592|monotonic_ms=80|clock_delta_ms=.592|c
lock_suspect=0
PMLE_LIVE_REPLAY_TIC|tic=857|mle_ms=69.835|monotonic_ms=70|clock_delta_ms=.165|c
lock_suspect=0
PMLE_LIVE_REPLAY_TIC|tic=858|mle_ms=77.312|monotonic_ms=80|clock_delta_ms=2.688|
clock_suspect=0
PMLE_LIVE_REPLAY_TIC|tic=859|mle_ms=42.011|monotonic_ms=40|clock_delta_ms=2.011|
clock_suspect=0
PMLE_LIVE_REPLAY_TIC|tic=860|mle_ms=69.801|monotonic_ms=70|clock_delta_ms=.199|c
lock_suspect=0
PMLE_LIVE_REPLAY_TIC|tic=861|mle_ms=105.529|monotonic_ms=110|clock_delta_ms=4.47
1|clock_suspect=0
PMLE_LIVE_REPLAY_TIC|tic=862|mle_ms=40.509|monotonic_ms=40|clock_delta_ms=.509|c
lock_suspect=0
PMLE_LIVE_REPLAY_TIC|tic=863|mle_ms=139.498|monotonic_ms=140|clock_delta_ms=.502
|clock_suspect=0
PMLE_LIVE_REPLAY_TIC|tic=864|mle_ms=77.784|monotonic_ms=80|clock_delta_ms=2.216|
clock_suspect=0
PMLE_LIVE_REPLAY_TIC|tic=865|mle_ms=50.197|monotonic_ms=50|clock_delta_ms=.197|c
lock_suspect=0
PMLE_LIVE_REPLAY_TIC|tic=866|mle_ms=83.813|monotonic_ms=80|clock_delta_ms=3.813|
clock_suspect=0
PMLE_LIVE_REPLAY_TIC|tic=867|mle_ms=76.892|monotonic_ms=80|clock_delta_ms=3.108|
clock_suspect=0
PMLE_LIVE_REPLAY_TIC|tic=868|mle_ms=43.33|monotonic_ms=40|clock_delta_ms=3.33|cl
ock_suspect=0
PMLE_LIVE_REPLAY_TIC|tic=869|mle_ms=49.676|monotonic_ms=50|clock_delta_ms=.324|c
lock_suspect=0
PMLE_LIVE_REPLAY_TIC|tic=870|mle_ms=92.508|monotonic_ms=90|clock_delta_ms=2.508|
clock_suspect=0
PMLE_LIVE_REPLAY_TIC|tic=871|mle_ms=68.27|monotonic_ms=70|clock_delta_ms=1.73|cl
ock_suspect=0
PMLE_LIVE_REPLAY_TIC|tic=872|mle_ms=45.564|monotonic_ms=50|clock_delta_ms=4.436|
clock_suspect=0
PMLE_LIVE_REPLAY_TIC|tic=873|mle_ms=164.128|monotonic_ms=160|clock_delta_ms=4.12
8|clock_suspect=0
PMLE_LIVE_REPLAY_TIC|tic=874|mle_ms=40.896|monotonic_ms=40|clock_delta_ms=.896|c
lock_suspect=0
PMLE_LIVE_REPLAY_TIC|tic=875|mle_ms=50.424|monotonic_ms=50|clock_delta_ms=.424|c
lock_suspect=0
PMLE_LIVE_REPLAY_TIC|tic=876|mle_ms=112.643|monotonic_ms=110|clock_delta_ms=2.64
3|clock_suspect=0
PMLE_LIVE_REPLAY_TIC|tic=877|mle_ms=41.988|monotonic_ms=50|clock_delta_ms=8.012|
clock_suspect=0
PMLE_LIVE_REPLAY_TIC|tic=878|mle_ms=50.078|monotonic_ms=50|clock_delta_ms=.078|c
lock_suspect=0
PMLE_LIVE_REPLAY_TIC|tic=879|mle_ms=90.588|monotonic_ms=90|clock_delta_ms=.588|c
lock_suspect=0
PMLE_LIVE_REPLAY_TIC|tic=880|mle_ms=39.936|monotonic_ms=40|clock_delta_ms=.064|c
lock_suspect=0
PMLE_LIVE_REPLAY_TIC|tic=881|mle_ms=84.481|monotonic_ms=80|clock_delta_ms=4.481|
clock_suspect=0
PMLE_LIVE_REPLAY_TIC|tic=882|mle_ms=84.354|monotonic_ms=90|clock_delta_ms=5.646|
clock_suspect=0
PMLE_LIVE_REPLAY_TIC|tic=883|mle_ms=111.487|monotonic_ms=110|clock_delta_ms=1.48
7|clock_suspect=0
PMLE_LIVE_REPLAY_TIC|tic=884|mle_ms=67.71|monotonic_ms=70|clock_delta_ms=2.29|cl
ock_suspect=0
PMLE_LIVE_REPLAY_TIC|tic=885|mle_ms=76.775|monotonic_ms=70|clock_delta_ms=6.775|
clock_suspect=0
PMLE_LIVE_REPLAY_TIC|tic=886|mle_ms=79.671|monotonic_ms=80|clock_delta_ms=.329|c
lock_suspect=0
PMLE_LIVE_REPLAY_TIC|tic=887|mle_ms=66.864|monotonic_ms=70|clock_delta_ms=3.136|
clock_suspect=0
PMLE_LIVE_REPLAY_TIC|tic=888|mle_ms=75.819|monotonic_ms=80|clock_delta_ms=4.181|
clock_suspect=0
PMLE_LIVE_REPLAY_TIC|tic=889|mle_ms=33.163|monotonic_ms=30|clock_delta_ms=3.163|
clock_suspect=0
PMLE_LIVE_REPLAY_TIC|tic=890|mle_ms=68.063|monotonic_ms=70|clock_delta_ms=1.937|
clock_suspect=0
PMLE_LIVE_REPLAY_TIC|tic=891|mle_ms=108.594|monotonic_ms=110|clock_delta_ms=1.40
6|clock_suspect=0
PMLE_LIVE_REPLAY_TIC|tic=892|mle_ms=28.644|monotonic_ms=20|clock_delta_ms=8.644|
clock_suspect=0
PMLE_LIVE_REPLAY_TIC|tic=893|mle_ms=84.97|monotonic_ms=90|clock_delta_ms=5.03|cl
ock_suspect=0
PMLE_LIVE_REPLAY_TIC|tic=894|mle_ms=47.3|monotonic_ms=50|clock_delta_ms=2.7|cloc
k_suspect=0
PMLE_LIVE_REPLAY_TIC|tic=895|mle_ms=27.272|monotonic_ms=20|clock_delta_ms=7.272|
clock_suspect=0
PMLE_LIVE_REPLAY_TIC|tic=896|mle_ms=73.831|monotonic_ms=80|clock_delta_ms=6.169|
clock_suspect=0
PMLE_LIVE_REPLAY_TIC|tic=897|mle_ms=57.341|monotonic_ms=60|clock_delta_ms=2.659|
clock_suspect=0
PMLE_LIVE_REPLAY_TIC|tic=898|mle_ms=34.638|monotonic_ms=30|clock_delta_ms=4.638|
clock_suspect=0
PMLE_LIVE_REPLAY_TIC|tic=899|mle_ms=38.381|monotonic_ms=40|clock_delta_ms=1.619|
clock_suspect=0
PMLE_LIVE_REPLAY_TIC|tic=900|mle_ms=65.109|monotonic_ms=60|clock_delta_ms=5.109|
clock_suspect=0
PMLE_LIVE_REPLAY_TIC|tic=901|mle_ms=87.947|monotonic_ms=80|clock_delta_ms=7.947|
clock_suspect=0
PMLE_LIVE_REPLAY_TIC|tic=902|mle_ms=42.864|monotonic_ms=50|clock_delta_ms=7.136|
clock_suspect=0
PMLE_LIVE_REPLAY_TIC|tic=903|mle_ms=77.061|monotonic_ms=70|clock_delta_ms=7.061|
clock_suspect=0
PMLE_LIVE_REPLAY_TIC|tic=904|mle_ms=52.791|monotonic_ms=60|clock_delta_ms=7.209|
clock_suspect=0
PMLE_LIVE_REPLAY_TIC|tic=905|mle_ms=41.585|monotonic_ms=40|clock_delta_ms=1.585|
clock_suspect=0
PMLE_LIVE_REPLAY_TIC|tic=906|mle_ms=105.335|monotonic_ms=100|clock_delta_ms=5.33
5|clock_suspect=0
PMLE_LIVE_REPLAY_TIC|tic=907|mle_ms=58.266|monotonic_ms=60|clock_delta_ms=1.734|
clock_suspect=0
PMLE_LIVE_REPLAY_TIC|tic=908|mle_ms=55.285|monotonic_ms=60|clock_delta_ms=4.715|
clock_suspect=0
PMLE_LIVE_REPLAY_TIC|tic=909|mle_ms=57.577|monotonic_ms=60|clock_delta_ms=2.423|
clock_suspect=0
PMLE_LIVE_REPLAY_TIC|tic=910|mle_ms=46.05|monotonic_ms=40|clock_delta_ms=6.05|cl
ock_suspect=0
PMLE_LIVE_REPLAY_TIC|tic=911|mle_ms=67.69|monotonic_ms=70|clock_delta_ms=2.31|cl
ock_suspect=0
PMLE_LIVE_REPLAY_TIC|tic=912|mle_ms=62.043|monotonic_ms=60|clock_delta_ms=2.043|
clock_suspect=0
PMLE_LIVE_REPLAY_TIC|tic=913|mle_ms=54.2|monotonic_ms=60|clock_delta_ms=5.8|cloc
k_suspect=0
PMLE_LIVE_REPLAY_TIC|tic=914|mle_ms=48.395|monotonic_ms=40|clock_delta_ms=8.395|
clock_suspect=0
PMLE_LIVE_REPLAY_TIC|tic=915|mle_ms=47.176|monotonic_ms=50|clock_delta_ms=2.824|
clock_suspect=0
PMLE_LIVE_REPLAY_TIC|tic=916|mle_ms=117.522|monotonic_ms=120|clock_delta_ms=2.47
8|clock_suspect=0
PMLE_LIVE_REPLAY_TIC|tic=917|mle_ms=46.719|monotonic_ms=50|clock_delta_ms=3.281|
clock_suspect=0
PMLE_LIVE_REPLAY_TIC|tic=918|mle_ms=-34.923|monotonic_ms=80|clock_delta_ms=114.9
23|clock_suspect=1
PMLE_LIVE_REPLAY_TIC|tic=919|mle_ms=65.744|monotonic_ms=60|clock_delta_ms=5.744|
clock_suspect=0
PMLE_LIVE_REPLAY_TIC|tic=920|mle_ms=42.452|monotonic_ms=40|clock_delta_ms=2.452|
clock_suspect=0
PMLE_LIVE_REPLAY_TIC|tic=921|mle_ms=66.167|monotonic_ms=70|clock_delta_ms=3.833|
clock_suspect=0
PMLE_LIVE_REPLAY_TIC|tic=922|mle_ms=61.725|monotonic_ms=60|clock_delta_ms=1.725|
clock_suspect=0
PMLE_LIVE_REPLAY_TIC|tic=923|mle_ms=46.037|monotonic_ms=50|clock_delta_ms=3.963|
clock_suspect=0
PMLE_LIVE_REPLAY_TIC|tic=924|mle_ms=43.28|monotonic_ms=40|clock_delta_ms=3.28|cl
ock_suspect=0
PMLE_LIVE_REPLAY_TIC|tic=925|mle_ms=77.945|monotonic_ms=80|clock_delta_ms=2.055|
clock_suspect=0
PMLE_LIVE_REPLAY_TIC|tic=926|mle_ms=65.312|monotonic_ms=70|clock_delta_ms=4.688|
clock_suspect=0
PMLE_LIVE_REPLAY_TIC|tic=927|mle_ms=37.925|monotonic_ms=30|clock_delta_ms=7.925|
clock_suspect=0
PMLE_LIVE_REPLAY_TIC|tic=928|mle_ms=91.881|monotonic_ms=100|clock_delta_ms=8.119
|clock_suspect=0
PMLE_LIVE_REPLAY_TIC|tic=929|mle_ms=44.672|monotonic_ms=40|clock_delta_ms=4.672|
clock_suspect=0
PMLE_LIVE_REPLAY_TIC|tic=930|mle_ms=46.463|monotonic_ms=50|clock_delta_ms=3.537|
clock_suspect=0
PMLE_LIVE_REPLAY_TIC|tic=931|mle_ms=91.072|monotonic_ms=90|clock_delta_ms=1.072|
clock_suspect=0
PMLE_LIVE_REPLAY_TIC|tic=932|mle_ms=40.018|monotonic_ms=40|clock_delta_ms=.018|c
lock_suspect=0
PMLE_LIVE_REPLAY_TIC|tic=933|mle_ms=53.257|monotonic_ms=50|clock_delta_ms=3.257|
clock_suspect=0
PMLE_LIVE_REPLAY_TIC|tic=934|mle_ms=100.991|monotonic_ms=100|clock_delta_ms=.991
|clock_suspect=0
PMLE_LIVE_REPLAY_TIC|tic=935|mle_ms=33.677|monotonic_ms=40|clock_delta_ms=6.323|
clock_suspect=0
PMLE_LIVE_REPLAY_TIC|tic=936|mle_ms=81.586|monotonic_ms=80|clock_delta_ms=1.586|
clock_suspect=0
PMLE_LIVE_REPLAY_TIC|tic=937|mle_ms=88.689|monotonic_ms=90|clock_delta_ms=1.311|
clock_suspect=0
PMLE_LIVE_REPLAY_TIC|tic=938|mle_ms=38.769|monotonic_ms=40|clock_delta_ms=1.231|
clock_suspect=0
PMLE_LIVE_REPLAY_TIC|tic=939|mle_ms=33.013|monotonic_ms=30|clock_delta_ms=3.013|
clock_suspect=0
PMLE_LIVE_REPLAY_TIC|tic=940|mle_ms=122.721|monotonic_ms=120|clock_delta_ms=2.72
1|clock_suspect=0
PMLE_LIVE_REPLAY_TIC|tic=941|mle_ms=42.002|monotonic_ms=40|clock_delta_ms=2.002|
clock_suspect=0
PMLE_LIVE_REPLAY_TIC|tic=942|mle_ms=42.852|monotonic_ms=50|clock_delta_ms=7.148|
clock_suspect=0
PMLE_LIVE_REPLAY_TIC|tic=943|mle_ms=115.738|monotonic_ms=110|clock_delta_ms=5.73
8|clock_suspect=0
PMLE_LIVE_REPLAY_TIC|tic=944|mle_ms=52.97|monotonic_ms=60|clock_delta_ms=7.03|cl
ock_suspect=0
PMLE_LIVE_REPLAY_TIC|tic=945|mle_ms=53.494|monotonic_ms=50|clock_delta_ms=3.494|
clock_suspect=0
PMLE_LIVE_REPLAY_TIC|tic=946|mle_ms=176.758|monotonic_ms=180|clock_delta_ms=3.24
2|clock_suspect=0
PMLE_LIVE_REPLAY_TIC|tic=947|mle_ms=40.774|monotonic_ms=40|clock_delta_ms=.774|c
lock_suspect=0
PMLE_LIVE_REPLAY_TIC|tic=948|mle_ms=52.031|monotonic_ms=50|clock_delta_ms=2.031|
clock_suspect=0
PMLE_LIVE_REPLAY_TIC|tic=949|mle_ms=117.329|monotonic_ms=120|clock_delta_ms=2.67
1|clock_suspect=0
PMLE_LIVE_REPLAY_TIC|tic=950|mle_ms=51.624|monotonic_ms=50|clock_delta_ms=1.624|
clock_suspect=0
PMLE_LIVE_REPLAY_TIC|tic=951|mle_ms=40.243|monotonic_ms=40|clock_delta_ms=.243|c
lock_suspect=0
PMLE_LIVE_REPLAY_TIC|tic=952|mle_ms=143.503|monotonic_ms=140|clock_delta_ms=3.50
3|clock_suspect=0
PMLE_LIVE_REPLAY_TIC|tic=953|mle_ms=56.214|monotonic_ms=60|clock_delta_ms=3.786|
clock_suspect=0
PMLE_LIVE_REPLAY_TIC|tic=954|mle_ms=49.589|monotonic_ms=50|clock_delta_ms=.411|c
lock_suspect=0
PMLE_LIVE_REPLAY_TIC|tic=955|mle_ms=45.152|monotonic_ms=40|clock_delta_ms=5.152|
clock_suspect=0
PMLE_LIVE_REPLAY_TIC|tic=956|mle_ms=101.262|monotonic_ms=100|clock_delta_ms=1.26
2|clock_suspect=0
PMLE_LIVE_REPLAY_TIC|tic=957|mle_ms=67.949|monotonic_ms=70|clock_delta_ms=2.051|
clock_suspect=0
PMLE_LIVE_REPLAY_TIC|tic=958|mle_ms=65.408|monotonic_ms=70|clock_delta_ms=4.592|
clock_suspect=0
PMLE_LIVE_REPLAY_TIC|tic=959|mle_ms=67.714|monotonic_ms=70|clock_delta_ms=2.286|
clock_suspect=0
PMLE_LIVE_REPLAY_TIC|tic=960|mle_ms=83.173|monotonic_ms=80|clock_delta_ms=3.173|
clock_suspect=0
PMLE_LIVE_REPLAY_TIC|tic=961|mle_ms=88.584|monotonic_ms=90|clock_delta_ms=1.416|
clock_suspect=0
PMLE_LIVE_REPLAY_TIC|tic=962|mle_ms=45.646|monotonic_ms=40|clock_delta_ms=5.646|
clock_suspect=0
PMLE_LIVE_REPLAY_TIC|tic=963|mle_ms=57.165|monotonic_ms=60|clock_delta_ms=2.835|
clock_suspect=0
PMLE_LIVE_REPLAY_TIC|tic=964|mle_ms=57.415|monotonic_ms=60|clock_delta_ms=2.585|
clock_suspect=0
PMLE_LIVE_REPLAY_TIC|tic=965|mle_ms=39.269|monotonic_ms=40|clock_delta_ms=.731|c
lock_suspect=0
PMLE_LIVE_REPLAY_TIC|tic=966|mle_ms=77.202|monotonic_ms=70|clock_delta_ms=7.202|
clock_suspect=0
PMLE_LIVE_REPLAY_TIC|tic=967|mle_ms=57.79|monotonic_ms=60|clock_delta_ms=2.21|cl
ock_suspect=0
PMLE_LIVE_REPLAY_TIC|tic=968|mle_ms=41.736|monotonic_ms=40|clock_delta_ms=1.736|
clock_suspect=0
PMLE_LIVE_REPLAY_TIC|tic=969|mle_ms=79.763|monotonic_ms=80|clock_delta_ms=.237|c
lock_suspect=0
PMLE_LIVE_REPLAY_TIC|tic=970|mle_ms=89.932|monotonic_ms=90|clock_delta_ms=.068|c
lock_suspect=0
PMLE_LIVE_REPLAY_TIC|tic=971|mle_ms=46.441|monotonic_ms=50|clock_delta_ms=3.559|
clock_suspect=0
PMLE_LIVE_REPLAY_TIC|tic=972|mle_ms=39.704|monotonic_ms=40|clock_delta_ms=.296|c
lock_suspect=0
PMLE_LIVE_REPLAY_TIC|tic=973|mle_ms=61.451|monotonic_ms=60|clock_delta_ms=1.451|
clock_suspect=0
PMLE_LIVE_REPLAY_TIC|tic=974|mle_ms=37.081|monotonic_ms=40|clock_delta_ms=2.919|
clock_suspect=0
PMLE_LIVE_REPLAY_TIC|tic=975|mle_ms=42.526|monotonic_ms=40|clock_delta_ms=2.526|
clock_suspect=0
PMLE_LIVE_REPLAY_TIC|tic=976|mle_ms=90.701|monotonic_ms=90|clock_delta_ms=.701|c
lock_suspect=0
PMLE_LIVE_REPLAY_TIC|tic=977|mle_ms=37.112|monotonic_ms=40|clock_delta_ms=2.888|
clock_suspect=0
PMLE_LIVE_REPLAY_TIC|tic=978|mle_ms=52.117|monotonic_ms=50|clock_delta_ms=2.117|
clock_suspect=0
PMLE_LIVE_REPLAY_TIC|tic=979|mle_ms=56.478|monotonic_ms=60|clock_delta_ms=3.522|
clock_suspect=0
PMLE_LIVE_REPLAY_TIC|tic=980|mle_ms=33.702|monotonic_ms=30|clock_delta_ms=3.702|
clock_suspect=0
PMLE_LIVE_REPLAY_TIC|tic=981|mle_ms=56.441|monotonic_ms=60|clock_delta_ms=3.559|
clock_suspect=0
PMLE_LIVE_REPLAY_TIC|tic=982|mle_ms=56.605|monotonic_ms=60|clock_delta_ms=3.395|
clock_suspect=0
PMLE_LIVE_REPLAY_TIC|tic=983|mle_ms=39.747|monotonic_ms=40|clock_delta_ms=.253|c
lock_suspect=0
PMLE_LIVE_REPLAY_TIC|tic=984|mle_ms=44.948|monotonic_ms=40|clock_delta_ms=4.948|
clock_suspect=0
PMLE_LIVE_REPLAY_TIC|tic=985|mle_ms=39.348|monotonic_ms=40|clock_delta_ms=.652|c
lock_suspect=0
PMLE_LIVE_REPLAY_TIC|tic=986|mle_ms=64.438|monotonic_ms=60|clock_delta_ms=4.438|
clock_suspect=0
PMLE_LIVE_REPLAY_TIC|tic=987|mle_ms=64.57|monotonic_ms=70|clock_delta_ms=5.43|cl
ock_suspect=0
PMLE_LIVE_REPLAY_TIC|tic=988|mle_ms=40.376|monotonic_ms=40|clock_delta_ms=.376|c
lock_suspect=0
PMLE_LIVE_REPLAY_TIC|tic=989|mle_ms=30.389|monotonic_ms=30|clock_delta_ms=.389|c
lock_suspect=0
PMLE_LIVE_REPLAY_TIC|tic=990|mle_ms=66.982|monotonic_ms=70|clock_delta_ms=3.018|
clock_suspect=0
PMLE_LIVE_REPLAY_TIC|tic=991|mle_ms=65.426|monotonic_ms=60|clock_delta_ms=5.426|
clock_suspect=0
PMLE_LIVE_REPLAY_TIC|tic=992|mle_ms=39.33|monotonic_ms=40|clock_delta_ms=.67|clo
ck_suspect=0
PMLE_LIVE_REPLAY_TIC|tic=993|mle_ms=83.614|monotonic_ms=90|clock_delta_ms=6.386|
clock_suspect=0
PMLE_LIVE_REPLAY_TIC|tic=994|mle_ms=52.033|monotonic_ms=50|clock_delta_ms=2.033|
clock_suspect=0
PMLE_LIVE_REPLAY_TIC|tic=995|mle_ms=31.846|monotonic_ms=30|clock_delta_ms=1.846|
clock_suspect=0
PMLE_LIVE_REPLAY_TIC|tic=996|mle_ms=104.088|monotonic_ms=100|clock_delta_ms=4.08
8|clock_suspect=0
PMLE_LIVE_REPLAY_TIC|tic=997|mle_ms=67.059|monotonic_ms=70|clock_delta_ms=2.941|
clock_suspect=0
PMLE_LIVE_REPLAY_TIC|tic=998|mle_ms=36.71|monotonic_ms=40|clock_delta_ms=3.29|cl
ock_suspect=0
PMLE_LIVE_REPLAY_TIC|tic=999|mle_ms=59.165|monotonic_ms=60|clock_delta_ms=.835|c
lock_suspect=0
PMLE_LIVE_REPLAY_TIC|tic=1000|mle_ms=53.952|monotonic_ms=50|clock_delta_ms=3.952
|clock_suspect=0
PMLE_LIVE_REPLAY_TIC|tic=1001|mle_ms=43.622|monotonic_ms=50|clock_delta_ms=6.378
|clock_suspect=0
PMLE_LIVE_REPLAY_TIC|tic=1002|mle_ms=46.997|monotonic_ms=40|clock_delta_ms=6.997
|clock_suspect=0
PMLE_LIVE_REPLAY_TIC|tic=1003|mle_ms=53.264|monotonic_ms=60|clock_delta_ms=6.736
|clock_suspect=0
PMLE_LIVE_REPLAY_TIC|tic=1004|mle_ms=235.642|monotonic_ms=230|clock_delta_ms=5.6
42|clock_suspect=0
PMLE_LIVE_REPLAY_TIC|tic=1005|mle_ms=41.226|monotonic_ms=40|clock_delta_ms=1.226
|clock_suspect=0
PMLE_LIVE_REPLAY_TIC|tic=1006|mle_ms=99.047|monotonic_ms=100|clock_delta_ms=.953
|clock_suspect=0
PMLE_LIVE_REPLAY_TIC|tic=1007|mle_ms=285.68|monotonic_ms=290|clock_delta_ms=4.32
|clock_suspect=0
PMLE_LIVE_REPLAY_TIC|tic=1008|mle_ms=55.675|monotonic_ms=50|clock_delta_ms=5.675
|clock_suspect=0
PMLE_LIVE_REPLAY_TIC|tic=1009|mle_ms=58.09|monotonic_ms=60|clock_delta_ms=1.91|c
lock_suspect=0
PMLE_LIVE_REPLAY_TIC|tic=1010|mle_ms=71.097|monotonic_ms=70|clock_delta_ms=1.097
|clock_suspect=0
PMLE_LIVE_REPLAY_TIC|tic=1011|mle_ms=70.339|monotonic_ms=70|clock_delta_ms=.339|
clock_suspect=0
PMLE_LIVE_REPLAY_TIC|tic=1012|mle_ms=54.841|monotonic_ms=60|clock_delta_ms=5.159
|clock_suspect=0
PMLE_LIVE_REPLAY_TIC|tic=1013|mle_ms=60.796|monotonic_ms=60|clock_delta_ms=.796|
clock_suspect=0
PMLE_LIVE_REPLAY_TIC|tic=1014|mle_ms=76.263|monotonic_ms=80|clock_delta_ms=3.737
|clock_suspect=0
PMLE_LIVE_REPLAY_TIC|tic=1015|mle_ms=68.123|monotonic_ms=60|clock_delta_ms=8.123
|clock_suspect=0
PMLE_LIVE_REPLAY_TIC|tic=1016|mle_ms=79.366|monotonic_ms=80|clock_delta_ms=.634|
clock_suspect=0
PMLE_LIVE_REPLAY_TIC|tic=1017|mle_ms=61.696|monotonic_ms=70|clock_delta_ms=8.304
|clock_suspect=0
PMLE_LIVE_REPLAY_TIC|tic=1018|mle_ms=55.67|monotonic_ms=50|clock_delta_ms=5.67|c
lock_suspect=0
PMLE_LIVE_REPLAY_TIC|tic=1019|mle_ms=39.583|monotonic_ms=40|clock_delta_ms=.417|
clock_suspect=0
PMLE_LIVE_REPLAY_TIC|tic=1020|mle_ms=42.674|monotonic_ms=40|clock_delta_ms=2.674
|clock_suspect=0
PMLE_LIVE_REPLAY_TIC|tic=1021|mle_ms=52.517|monotonic_ms=60|clock_delta_ms=7.483
|clock_suspect=0
PMLE_LIVE_REPLAY_TIC|tic=1022|mle_ms=45.041|monotonic_ms=40|clock_delta_ms=5.041
|clock_suspect=0
PMLE_LIVE_REPLAY_TIC|tic=1023|mle_ms=69.54|monotonic_ms=70|clock_delta_ms=.46|cl
ock_suspect=0
PMLE_LIVE_REPLAY_TIC|tic=1024|mle_ms=49.996|monotonic_ms=50|clock_delta_ms=.004|
clock_suspect=0
PMLE_LIVE_REPLAY_TIC|tic=1025|mle_ms=38.923|monotonic_ms=40|clock_delta_ms=1.077
|clock_suspect=0
PMLE_LIVE_REPLAY_TIC|tic=1026|mle_ms=77.338|monotonic_ms=80|clock_delta_ms=2.662
|clock_suspect=0
PMLE_LIVE_REPLAY_TIC|tic=1027|mle_ms=65.967|monotonic_ms=60|clock_delta_ms=5.967
|clock_suspect=0
PMLE_LIVE_REPLAY_TIC|tic=1028|mle_ms=38.361|monotonic_ms=40|clock_delta_ms=1.639
|clock_suspect=0
PMLE_LIVE_REPLAY_TIC|tic=1029|mle_ms=46.357|monotonic_ms=50|clock_delta_ms=3.643
|clock_suspect=0
PMLE_LIVE_REPLAY_TIC|tic=1030|mle_ms=41.623|monotonic_ms=40|clock_delta_ms=1.623
|clock_suspect=0
PMLE_LIVE_REPLAY_TIC|tic=1031|mle_ms=44.185|monotonic_ms=40|clock_delta_ms=4.185
|clock_suspect=0
PMLE_LIVE_REPLAY_TIC|tic=1032|mle_ms=41.001|monotonic_ms=50|clock_delta_ms=8.999
|clock_suspect=0
PMLE_LIVE_REPLAY_TIC|tic=1033|mle_ms=65.242|monotonic_ms=60|clock_delta_ms=5.242
|clock_suspect=0
PMLE_LIVE_REPLAY_TIC|tic=1034|mle_ms=54.629|monotonic_ms=60|clock_delta_ms=5.371
|clock_suspect=0
PMLE_LIVE_REPLAY_TIC|tic=1035|mle_ms=47.958|monotonic_ms=40|clock_delta_ms=7.958
|clock_suspect=0
PMLE_LIVE_REPLAY_TIC|tic=1036|mle_ms=51.33|monotonic_ms=60|clock_delta_ms=8.67|c
lock_suspect=0
PMLE_LIVE_REPLAY_TIC|tic=1037|mle_ms=55.971|monotonic_ms=50|clock_delta_ms=5.971
|clock_suspect=0
PMLE_LIVE_REPLAY_TIC|tic=1038|mle_ms=51.081|monotonic_ms=50|clock_delta_ms=1.081
|clock_suspect=0
PMLE_LIVE_REPLAY_TIC|tic=1039|mle_ms=51.154|monotonic_ms=50|clock_delta_ms=1.154
|clock_suspect=0
PMLE_LIVE_REPLAY_TIC|tic=1040|mle_ms=33.958|monotonic_ms=40|clock_delta_ms=6.042
|clock_suspect=0
PMLE_LIVE_REPLAY_TIC|tic=1041|mle_ms=56.04|monotonic_ms=50|clock_delta_ms=6.04|c
lock_suspect=0
PMLE_LIVE_REPLAY_TIC|tic=1042|mle_ms=57.752|monotonic_ms=60|clock_delta_ms=2.248
|clock_suspect=0
PMLE_LIVE_REPLAY_TIC|tic=1043|mle_ms=53.309|monotonic_ms=60|clock_delta_ms=6.691
|clock_suspect=0
PMLE_LIVE_REPLAY_TIC|tic=1044|mle_ms=67.24|monotonic_ms=60|clock_delta_ms=7.24|c
lock_suspect=0
PMLE_LIVE_REPLAY_TIC|tic=1045|mle_ms=34.312|monotonic_ms=40|clock_delta_ms=5.688
|clock_suspect=0
PMLE_LIVE_REPLAY_TIC|tic=1046|mle_ms=45.781|monotonic_ms=40|clock_delta_ms=5.781
|clock_suspect=0
PMLE_LIVE_REPLAY_TIC|tic=1047|mle_ms=71.95|monotonic_ms=70|clock_delta_ms=1.95|c
lock_suspect=0
PMLE_LIVE_REPLAY_TIC|tic=1048|mle_ms=120.726|monotonic_ms=130|clock_delta_ms=9.2
74|clock_suspect=0
PMLE_LIVE_REPLAY_TIC|tic=1049|mle_ms=45.563|monotonic_ms=40|clock_delta_ms=5.563
|clock_suspect=0
PMLE_LIVE_REPLAY_TIC|tic=1050|mle_ms=60.335|monotonic_ms=60|clock_delta_ms=.335|
clock_suspect=0
PMLE_LIVE_REPLAY_TIC|tic=1051|mle_ms=52.913|monotonic_ms=50|clock_delta_ms=2.913
|clock_suspect=0
PMLE_LIVE_REPLAY_TIC|tic=1052|mle_ms=38.701|monotonic_ms=40|clock_delta_ms=1.299
|clock_suspect=0
PMLE_LIVE_REPLAY_TIC|tic=1053|mle_ms=246.595|monotonic_ms=250|clock_delta_ms=3.4
05|clock_suspect=0
PMLE_LIVE_REPLAY_TIC|tic=1054|mle_ms=42.473|monotonic_ms=40|clock_delta_ms=2.473
|clock_suspect=0
PMLE_LIVE_REPLAY_TIC|tic=1055|mle_ms=32.147|monotonic_ms=30|clock_delta_ms=2.147
|clock_suspect=0
PMLE_LIVE_REPLAY_TIC|tic=1056|mle_ms=187.938|monotonic_ms=190|clock_delta_ms=2.0
62|clock_suspect=0
PMLE_LIVE_REPLAY_TIC|tic=1057|mle_ms=45.414|monotonic_ms=50|clock_delta_ms=4.586
|clock_suspect=0
PMLE_LIVE_REPLAY_TIC|tic=1058|mle_ms=50.613|monotonic_ms=50|clock_delta_ms=.613|
clock_suspect=0
PMLE_LIVE_REPLAY_TIC|tic=1059|mle_ms=45.29|monotonic_ms=40|clock_delta_ms=5.29|c
lock_suspect=0
PMLE_LIVE_REPLAY_TIC|tic=1060|mle_ms=41.858|monotonic_ms=50|clock_delta_ms=8.142
|clock_suspect=0
PMLE_LIVE_REPLAY_TIC|tic=1061|mle_ms=45.962|monotonic_ms=40|clock_delta_ms=5.962
|clock_suspect=0
PMLE_LIVE_REPLAY_TIC|tic=1062|mle_ms=32.329|monotonic_ms=30|clock_delta_ms=2.329
|clock_suspect=0
PMLE_LIVE_REPLAY_TIC|tic=1063|mle_ms=46.292|monotonic_ms=50|clock_delta_ms=3.708
|clock_suspect=0
PMLE_LIVE_REPLAY_TIC|tic=1064|mle_ms=43.121|monotonic_ms=40|clock_delta_ms=3.121
|clock_suspect=0
PMLE_LIVE_REPLAY_TIC|tic=1065|mle_ms=31.327|monotonic_ms=40|clock_delta_ms=8.673
|clock_suspect=0
PMLE_LIVE_REPLAY_TIC|tic=1066|mle_ms=36.772|monotonic_ms=30|clock_delta_ms=6.772
|clock_suspect=0
PMLE_LIVE_REPLAY_TIC|tic=1067|mle_ms=38.771|monotonic_ms=40|clock_delta_ms=1.229
|clock_suspect=0
PMLE_LIVE_REPLAY_TIC|tic=1068|mle_ms=34.281|monotonic_ms=40|clock_delta_ms=5.719
|clock_suspect=0
PMLE_LIVE_REPLAY_TIC|tic=1069|mle_ms=36.553|monotonic_ms=30|clock_delta_ms=6.553
|clock_suspect=0
PMLE_LIVE_REPLAY_TIC|tic=1070|mle_ms=30.629|monotonic_ms=30|clock_delta_ms=.629|
clock_suspect=0
PMLE_LIVE_REPLAY_TIC|tic=1071|mle_ms=40.092|monotonic_ms=40|clock_delta_ms=.092|
clock_suspect=0
PMLE_LIVE_REPLAY_TIC|tic=1072|mle_ms=38.741|monotonic_ms=40|clock_delta_ms=1.259
|clock_suspect=0
PMLE_LIVE_REPLAY_TIC|tic=1073|mle_ms=34.441|monotonic_ms=40|clock_delta_ms=5.559
|clock_suspect=0
PMLE_LIVE_REPLAY_TIC|tic=1074|mle_ms=42.823|monotonic_ms=40|clock_delta_ms=2.823
|clock_suspect=0
PMLE_LIVE_REPLAY_TIC|tic=1075|mle_ms=34.17|monotonic_ms=30|clock_delta_ms=4.17|c
lock_suspect=0
PMLE_LIVE_REPLAY_TIC|tic=1076|mle_ms=40.904|monotonic_ms=40|clock_delta_ms=.904|
clock_suspect=0
PMLE_LIVE_REPLAY_TIC|tic=1077|mle_ms=38.681|monotonic_ms=40|clock_delta_ms=1.319
|clock_suspect=0
PMLE_LIVE_REPLAY_TIC|tic=1078|mle_ms=46.281|monotonic_ms=50|clock_delta_ms=3.719
|clock_suspect=0
PMLE_LIVE_REPLAY_TIC|tic=1079|mle_ms=31.542|monotonic_ms=30|clock_delta_ms=1.542
|clock_suspect=0
PMLE_LIVE_REPLAY_TIC|tic=1080|mle_ms=35.673|monotonic_ms=40|clock_delta_ms=4.327
|clock_suspect=0
PMLE_LIVE_REPLAY_TIC|tic=1081|mle_ms=59.291|monotonic_ms=60|clock_delta_ms=.709|
clock_suspect=0
PMLE_LIVE_REPLAY_TIC|tic=1082|mle_ms=31.534|monotonic_ms=30|clock_delta_ms=1.534
|clock_suspect=0
PMLE_LIVE_REPLAY_TIC|tic=1083|mle_ms=31.242|monotonic_ms=30|clock_delta_ms=1.242
|clock_suspect=0
PMLE_LIVE_REPLAY_TIC|tic=1084|mle_ms=75.561|monotonic_ms=80|clock_delta_ms=4.439
|clock_suspect=0
PMLE_LIVE_REPLAY_TIC|tic=1085|mle_ms=-84.374|monotonic_ms=30|clock_delta_ms=114.
374|clock_suspect=1
PMLE_LIVE_REPLAY_TIC|tic=1086|mle_ms=35.18|monotonic_ms=30|clock_delta_ms=5.18|c
lock_suspect=0
PMLE_LIVE_REPLAY_TIC|tic=1087|mle_ms=51.538|monotonic_ms=50|clock_delta_ms=1.538
|clock_suspect=0
PMLE_LIVE_REPLAY_TIC|tic=1088|mle_ms=49.946|monotonic_ms=50|clock_delta_ms=.054|
clock_suspect=0
PMLE_LIVE_REPLAY_TIC|tic=1089|mle_ms=37.468|monotonic_ms=40|clock_delta_ms=2.532
|clock_suspect=0
PMLE_LIVE_REPLAY_TIC|tic=1090|mle_ms=43.503|monotonic_ms=40|clock_delta_ms=3.503
|clock_suspect=0
PMLE_LIVE_REPLAY_TIC|tic=1091|mle_ms=55.512|monotonic_ms=60|clock_delta_ms=4.488
|clock_suspect=0
PMLE_LIVE_REPLAY_TIC|tic=1092|mle_ms=34.068|monotonic_ms=30|clock_delta_ms=4.068
|clock_suspect=0
PMLE_LIVE_REPLAY_TIC|tic=1093|mle_ms=39.945|monotonic_ms=40|clock_delta_ms=.055|
clock_suspect=0
PMLE_LIVE_REPLAY_TIC|tic=1094|mle_ms=37.607|monotonic_ms=40|clock_delta_ms=2.393
|clock_suspect=0
PMLE_LIVE_REPLAY_TIC|tic=1095|mle_ms=30.51|monotonic_ms=30|clock_delta_ms=.51|cl
ock_suspect=0
PMLE_LIVE_REPLAY_TIC|tic=1096|mle_ms=39.955|monotonic_ms=40|clock_delta_ms=.045|
clock_suspect=0
PMLE_LIVE_REPLAY_TIC|tic=1097|mle_ms=33.49|monotonic_ms=40|clock_delta_ms=6.51|c
lock_suspect=0
PMLE_LIVE_REPLAY_TIC|tic=1098|mle_ms=30.434|monotonic_ms=30|clock_delta_ms=.434|
clock_suspect=0
PMLE_LIVE_REPLAY_TIC|tic=1099|mle_ms=34.868|monotonic_ms=30|clock_delta_ms=4.868
|clock_suspect=0
PMLE_LIVE_REPLAY_TIC|tic=1100|mle_ms=26.765|monotonic_ms=30|clock_delta_ms=3.235
|clock_suspect=0
PMLE_LIVE_REPLAY_TIC|tic=1101|mle_ms=48.898|monotonic_ms=50|clock_delta_ms=1.102
|clock_suspect=0
PMLE_LIVE_REPLAY_TIC|tic=1102|mle_ms=65.009|monotonic_ms=60|clock_delta_ms=5.009
|clock_suspect=0
PMLE_LIVE_REPLAY_TIC|tic=1103|mle_ms=41.187|monotonic_ms=40|clock_delta_ms=1.187
|clock_suspect=0
PMLE_LIVE_REPLAY_TIC|tic=1104|mle_ms=58.845|monotonic_ms=60|clock_delta_ms=1.155
|clock_suspect=0
PMLE_LIVE_REPLAY_TIC|tic=1105|mle_ms=60.937|monotonic_ms=60|clock_delta_ms=.937|
clock_suspect=0
PMLE_LIVE_REPLAY_TIC|tic=1106|mle_ms=45.495|monotonic_ms=50|clock_delta_ms=4.505
|clock_suspect=0
PMLE_LIVE_REPLAY_TIC|tic=1107|mle_ms=46.417|monotonic_ms=50|clock_delta_ms=3.583
|clock_suspect=0
PMLE_LIVE_REPLAY_TIC|tic=1108|mle_ms=60.186|monotonic_ms=60|clock_delta_ms=.186|
clock_suspect=0
PMLE_LIVE_REPLAY_TIC|tic=1109|mle_ms=41.561|monotonic_ms=40|clock_delta_ms=1.561
|clock_suspect=0
PMLE_LIVE_REPLAY_TIC|tic=1110|mle_ms=43.337|monotonic_ms=40|clock_delta_ms=3.337
|clock_suspect=0
PMLE_LIVE_REPLAY_TIC|tic=1111|mle_ms=106.609|monotonic_ms=110|clock_delta_ms=3.3
91|clock_suspect=0
PMLE_LIVE_REPLAY_TIC|tic=1112|mle_ms=44.93|monotonic_ms=40|clock_delta_ms=4.93|c
lock_suspect=0
PMLE_LIVE_REPLAY_TIC|tic=1113|mle_ms=34.939|monotonic_ms=40|clock_delta_ms=5.061
|clock_suspect=0
PMLE_LIVE_REPLAY_TIC|tic=1114|mle_ms=84.56|monotonic_ms=80|clock_delta_ms=4.56|c
lock_suspect=0
PMLE_LIVE_REPLAY_TIC|tic=1115|mle_ms=28.632|monotonic_ms=30|clock_delta_ms=1.368
|clock_suspect=0
PMLE_LIVE_REPLAY_TIC|tic=1116|mle_ms=36.672|monotonic_ms=40|clock_delta_ms=3.328
|clock_suspect=0
PMLE_LIVE_REPLAY_TIC|tic=1117|mle_ms=45.476|monotonic_ms=40|clock_delta_ms=5.476
|clock_suspect=0
PMLE_LIVE_REPLAY_TIC|tic=1118|mle_ms=29.217|monotonic_ms=30|clock_delta_ms=.783|
clock_suspect=0
PMLE_LIVE_REPLAY_TIC|tic=1119|mle_ms=37.251|monotonic_ms=40|clock_delta_ms=2.749
|clock_suspect=0
PMLE_LIVE_REPLAY_TIC|tic=1120|mle_ms=41.489|monotonic_ms=40|clock_delta_ms=1.489
|clock_suspect=0
PMLE_LIVE_REPLAY_TIC|tic=1121|mle_ms=60.837|monotonic_ms=60|clock_delta_ms=.837|
clock_suspect=0
PMLE_LIVE_REPLAY_TIC|tic=1122|mle_ms=37.454|monotonic_ms=40|clock_delta_ms=2.546
|clock_suspect=0
PMLE_LIVE_REPLAY_TIC|tic=1123|mle_ms=44.171|monotonic_ms=40|clock_delta_ms=4.171
|clock_suspect=0
PMLE_LIVE_REPLAY_TIC|tic=1124|mle_ms=44.31|monotonic_ms=50|clock_delta_ms=5.69|c
lock_suspect=0
PMLE_LIVE_REPLAY_TIC|tic=1125|mle_ms=32.276|monotonic_ms=30|clock_delta_ms=2.276
|clock_suspect=0
PMLE_LIVE_REPLAY_TIC|tic=1126|mle_ms=53.904|monotonic_ms=60|clock_delta_ms=6.096
|clock_suspect=0
PMLE_LIVE_REPLAY_TIC|tic=1127|mle_ms=40.573|monotonic_ms=40|clock_delta_ms=.573|
clock_suspect=0
PMLE_LIVE_REPLAY_TIC|tic=1128|mle_ms=45.511|monotonic_ms=40|clock_delta_ms=5.511
|clock_suspect=0
PMLE_LIVE_REPLAY_TIC|tic=1129|mle_ms=53.263|monotonic_ms=50|clock_delta_ms=3.263
|clock_suspect=0
PMLE_LIVE_REPLAY_TIC|tic=1130|mle_ms=31.532|monotonic_ms=40|clock_delta_ms=8.468
|clock_suspect=0
PMLE_LIVE_REPLAY_TIC|tic=1131|mle_ms=39.614|monotonic_ms=40|clock_delta_ms=.386|
clock_suspect=0
PMLE_LIVE_REPLAY_TIC|tic=1132|mle_ms=48.468|monotonic_ms=40|clock_delta_ms=8.468
|clock_suspect=0
PMLE_LIVE_REPLAY_TIC|tic=1133|mle_ms=26.704|monotonic_ms=30|clock_delta_ms=3.296
|clock_suspect=0
PMLE_LIVE_REPLAY_TIC|tic=1134|mle_ms=49.085|monotonic_ms=50|clock_delta_ms=.915|
clock_suspect=0
PMLE_LIVE_REPLAY_TIC|tic=1135|mle_ms=22.104|monotonic_ms=20|clock_delta_ms=2.104
|clock_suspect=0
PMLE_LIVE_REPLAY_TIC|tic=1136|mle_ms=18.968|monotonic_ms=20|clock_delta_ms=1.032
|clock_suspect=0
PMLE_LIVE_REPLAY_TIC|tic=1137|mle_ms=33.467|monotonic_ms=40|clock_delta_ms=6.533
|clock_suspect=0
PMLE_LIVE_REPLAY_TIC|tic=1138|mle_ms=30.264|monotonic_ms=30|clock_delta_ms=.264|
clock_suspect=0
PMLE_LIVE_REPLAY_TIC|tic=1139|mle_ms=20.702|monotonic_ms=20|clock_delta_ms=.702|
clock_suspect=0
PMLE_LIVE_REPLAY_TIC|tic=1140|mle_ms=31.83|monotonic_ms=30|clock_delta_ms=1.83|c
lock_suspect=0
PMLE_LIVE_REPLAY_TIC|tic=1141|mle_ms=36.691|monotonic_ms=40|clock_delta_ms=3.309
|clock_suspect=0
PMLE_LIVE_REPLAY_TIC|tic=1142|mle_ms=14.64|monotonic_ms=10|clock_delta_ms=4.64|c
lock_suspect=0
PMLE_LIVE_REPLAY_TIC|tic=1143|mle_ms=26.255|monotonic_ms=30|clock_delta_ms=3.745
|clock_suspect=0
PMLE_LIVE_REPLAY_TIC|tic=1144|mle_ms=37.284|monotonic_ms=30|clock_delta_ms=7.284
|clock_suspect=0
PMLE_LIVE_REPLAY_TIC|tic=1145|mle_ms=10.838|monotonic_ms=10|clock_delta_ms=.838|
clock_suspect=0
PMLE_LIVE_REPLAY_TIC|tic=1146|mle_ms=225.926|monotonic_ms=230|clock_delta_ms=4.0
74|clock_suspect=0
PMLE_LIVE_REPLAY_TIC|tic=1147|mle_ms=24.056|monotonic_ms=20|clock_delta_ms=4.056
|clock_suspect=0
PMLE_LIVE_REPLAY_TIC|tic=1148|mle_ms=15.091|monotonic_ms=20|clock_delta_ms=4.909
|clock_suspect=0
PMLE_LIVE_REPLAY_TIC|tic=1149|mle_ms=220.089|monotonic_ms=220|clock_delta_ms=.08
9|clock_suspect=0
PMLE_LIVE_REPLAY_TIC|tic=1150|mle_ms=25.948|monotonic_ms=30|clock_delta_ms=4.052
|clock_suspect=0
PMLE_LIVE_REPLAY_TIC|tic=1151|mle_ms=25.192|monotonic_ms=20|clock_delta_ms=5.192
|clock_suspect=0
PMLE_LIVE_REPLAY_TIC|tic=1152|mle_ms=18.813|monotonic_ms=20|clock_delta_ms=1.187
|clock_suspect=0
PMLE_LIVE_REPLAY_TIC|tic=1153|mle_ms=38.297|monotonic_ms=40|clock_delta_ms=1.703
|clock_suspect=0
PMLE_LIVE_REPLAY_TIC|tic=1154|mle_ms=31.764|monotonic_ms=30|clock_delta_ms=1.764
|clock_suspect=0
PMLE_LIVE_REPLAY_TIC|tic=1155|mle_ms=19.973|monotonic_ms=20|clock_delta_ms=.027|
clock_suspect=0
PMLE_LIVE_REPLAY_TIC|tic=1156|mle_ms=40.438|monotonic_ms=40|clock_delta_ms=.438|
clock_suspect=0
PMLE_LIVE_REPLAY_TIC|tic=1157|mle_ms=37.267|monotonic_ms=40|clock_delta_ms=2.733
|clock_suspect=0
PMLE_LIVE_REPLAY_TIC|tic=1158|mle_ms=36.144|monotonic_ms=30|clock_delta_ms=6.144
|clock_suspect=0
PMLE_LIVE_REPLAY_TIC|tic=1159|mle_ms=27.201|monotonic_ms=30|clock_delta_ms=2.799
|clock_suspect=0
PMLE_LIVE_REPLAY_TIC|tic=1160|mle_ms=32.208|monotonic_ms=30|clock_delta_ms=2.208
|clock_suspect=0
PMLE_LIVE_REPLAY_TIC|tic=1161|mle_ms=52.635|monotonic_ms=60|clock_delta_ms=7.365
|clock_suspect=0
PMLE_LIVE_REPLAY_TIC|tic=1162|mle_ms=31.443|monotonic_ms=30|clock_delta_ms=1.443
|clock_suspect=0
PMLE_LIVE_REPLAY_TIC|tic=1163|mle_ms=36.253|monotonic_ms=30|clock_delta_ms=6.253
|clock_suspect=0
PMLE_LIVE_REPLAY_TIC|tic=1164|mle_ms=44.73|monotonic_ms=50|clock_delta_ms=5.27|c
lock_suspect=0
PMLE_LIVE_REPLAY_TIC|tic=1165|mle_ms=32.438|monotonic_ms=30|clock_delta_ms=2.438
|clock_suspect=0
PMLE_LIVE_REPLAY_TIC|tic=1166|mle_ms=37.387|monotonic_ms=40|clock_delta_ms=2.613
|clock_suspect=0
PMLE_LIVE_REPLAY_TIC|tic=1167|mle_ms=33.822|monotonic_ms=30|clock_delta_ms=3.822
|clock_suspect=0
PMLE_LIVE_REPLAY_TIC|tic=1168|mle_ms=32.5|monotonic_ms=40|clock_delta_ms=7.5|clo
ck_suspect=0
PMLE_LIVE_REPLAY_TIC|tic=1169|mle_ms=32.905|monotonic_ms=30|clock_delta_ms=2.905
|clock_suspect=0
PMLE_LIVE_REPLAY_TIC|tic=1170|mle_ms=41.581|monotonic_ms=40|clock_delta_ms=1.581
|clock_suspect=0
PMLE_LIVE_REPLAY_TIC|tic=1171|mle_ms=55.915|monotonic_ms=60|clock_delta_ms=4.085
|clock_suspect=0
PMLE_LIVE_REPLAY_TIC|tic=1172|mle_ms=30.835|monotonic_ms=30|clock_delta_ms=.835|
clock_suspect=0
PMLE_LIVE_REPLAY_TIC|tic=1173|mle_ms=33.326|monotonic_ms=30|clock_delta_ms=3.326
|clock_suspect=0
PMLE_LIVE_REPLAY_TIC|tic=1174|mle_ms=42.709|monotonic_ms=40|clock_delta_ms=2.709
|clock_suspect=0
PMLE_LIVE_REPLAY_TIC|tic=1175|mle_ms=43.462|monotonic_ms=50|clock_delta_ms=6.538
|clock_suspect=0
PMLE_LIVE_REPLAY_TIC|tic=1176|mle_ms=45.057|monotonic_ms=40|clock_delta_ms=5.057
|clock_suspect=0
PMLE_LIVE_REPLAY_TIC|tic=1177|mle_ms=38.941|monotonic_ms=40|clock_delta_ms=1.059
|clock_suspect=0
PMLE_LIVE_REPLAY_TIC|tic=1178|mle_ms=36.189|monotonic_ms=40|clock_delta_ms=3.811
|clock_suspect=0
PMLE_LIVE_REPLAY_TIC|tic=1179|mle_ms=41.056|monotonic_ms=40|clock_delta_ms=1.056
|clock_suspect=0
PMLE_LIVE_REPLAY_TIC|tic=1180|mle_ms=30.955|monotonic_ms=30|clock_delta_ms=.955|
clock_suspect=0
PMLE_LIVE_REPLAY_TIC|tic=1181|mle_ms=41.561|monotonic_ms=40|clock_delta_ms=1.561
|clock_suspect=0
PMLE_LIVE_REPLAY_TIC|tic=1182|mle_ms=41.935|monotonic_ms=40|clock_delta_ms=1.935
|clock_suspect=0
PMLE_LIVE_REPLAY_TIC|tic=1183|mle_ms=43.837|monotonic_ms=50|clock_delta_ms=6.163
|clock_suspect=0
PMLE_LIVE_REPLAY_TIC|tic=1184|mle_ms=53.301|monotonic_ms=50|clock_delta_ms=3.301
|clock_suspect=0
PMLE_LIVE_REPLAY_TIC|tic=1185|mle_ms=37.59|monotonic_ms=40|clock_delta_ms=2.41|c
lock_suspect=0
PMLE_LIVE_REPLAY_TIC|tic=1186|mle_ms=43.461|monotonic_ms=40|clock_delta_ms=3.461
|clock_suspect=0
PMLE_LIVE_REPLAY_TIC|tic=1187|mle_ms=41.311|monotonic_ms=40|clock_delta_ms=1.311
|clock_suspect=0
PMLE_LIVE_REPLAY_TIC|tic=1188|mle_ms=42.364|monotonic_ms=50|clock_delta_ms=7.636
|clock_suspect=0
PMLE_LIVE_REPLAY_TIC|tic=1189|mle_ms=34.27|monotonic_ms=30|clock_delta_ms=4.27|c
lock_suspect=0
PMLE_LIVE_REPLAY_TIC|tic=1190|mle_ms=31.117|monotonic_ms=30|clock_delta_ms=1.117
|clock_suspect=0
PMLE_LIVE_REPLAY_TIC|tic=1191|mle_ms=44.442|monotonic_ms=50|clock_delta_ms=5.558
|clock_suspect=0
PMLE_LIVE_REPLAY_TIC|tic=1192|mle_ms=30.907|monotonic_ms=30|clock_delta_ms=.907|
clock_suspect=0
PMLE_LIVE_REPLAY_TIC|tic=1193|mle_ms=235.723|monotonic_ms=230|clock_delta_ms=5.7
23|clock_suspect=0
PMLE_LIVE_REPLAY_TIC|tic=1194|mle_ms=70.176|monotonic_ms=70|clock_delta_ms=.176|
clock_suspect=0
PMLE_LIVE_REPLAY_TIC|tic=1195|mle_ms=58.872|monotonic_ms=60|clock_delta_ms=1.128
|clock_suspect=0
PMLE_LIVE_REPLAY_TIC|tic=1196|mle_ms=193.761|monotonic_ms=200|clock_delta_ms=6.2
39|clock_suspect=0
PMLE_LIVE_REPLAY_TIC|tic=1197|mle_ms=41.892|monotonic_ms=40|clock_delta_ms=1.892
|clock_suspect=0
PMLE_LIVE_REPLAY_TIC|tic=1198|mle_ms=75.893|monotonic_ms=70|clock_delta_ms=5.893
|clock_suspect=0
PMLE_LIVE_REPLAY_TIC|tic=1199|mle_ms=40.522|monotonic_ms=40|clock_delta_ms=.522|
clock_suspect=0
PMLE_LIVE_REPLAY_TIC|tic=1200|mle_ms=59.506|monotonic_ms=60|clock_delta_ms=.494|
clock_suspect=0
PMLE_LIVE_REPLAY_TIC|tic=1201|mle_ms=67.12|monotonic_ms=70|clock_delta_ms=2.88|c
lock_suspect=0
PMLE_LIVE_REPLAY_TIC|tic=1202|mle_ms=55.91|monotonic_ms=50|clock_delta_ms=5.91|c
lock_suspect=0
PMLE_LIVE_REPLAY_TIC|tic=1203|mle_ms=59.71|monotonic_ms=60|clock_delta_ms=.29|cl
ock_suspect=0
PMLE_LIVE_REPLAY_TIC|tic=1204|mle_ms=75.545|monotonic_ms=80|clock_delta_ms=4.455
|clock_suspect=0
PMLE_LIVE_REPLAY_TIC|tic=1205|mle_ms=33.685|monotonic_ms=30|clock_delta_ms=3.685
|clock_suspect=0
PMLE_LIVE_REPLAY_TIC|tic=1206|mle_ms=74.127|monotonic_ms=80|clock_delta_ms=5.873
|clock_suspect=0
PMLE_LIVE_REPLAY_TIC|tic=1207|mle_ms=72.37|monotonic_ms=70|clock_delta_ms=2.37|c
lock_suspect=0
PMLE_LIVE_REPLAY_TIC|tic=1208|mle_ms=38.657|monotonic_ms=40|clock_delta_ms=1.343
|clock_suspect=0
PMLE_LIVE_REPLAY_TIC|tic=1209|mle_ms=53.269|monotonic_ms=50|clock_delta_ms=3.269
|clock_suspect=0
PMLE_LIVE_REPLAY_TIC|tic=1210|mle_ms=60.894|monotonic_ms=60|clock_delta_ms=.894|
clock_suspect=0
PMLE_LIVE_REPLAY_TIC|tic=1211|mle_ms=40.981|monotonic_ms=40|clock_delta_ms=.981|
clock_suspect=0
PMLE_LIVE_REPLAY_TIC|tic=1212|mle_ms=28.56|monotonic_ms=30|clock_delta_ms=1.44|c
lock_suspect=0
PMLE_LIVE_REPLAY_TIC|tic=1213|mle_ms=80.944|monotonic_ms=80|clock_delta_ms=.944|
clock_suspect=0
PMLE_LIVE_REPLAY_TIC|tic=1214|mle_ms=38.935|monotonic_ms=40|clock_delta_ms=1.065
|clock_suspect=0
PMLE_LIVE_REPLAY_TIC|tic=1215|mle_ms=29.006|monotonic_ms=30|clock_delta_ms=.994|
clock_suspect=0
PMLE_LIVE_REPLAY_TIC|tic=1216|mle_ms=77.017|monotonic_ms=80|clock_delta_ms=2.983
|clock_suspect=0
PMLE_LIVE_REPLAY_TIC|tic=1217|mle_ms=25.726|monotonic_ms=20|clock_delta_ms=5.726
|clock_suspect=0
PMLE_LIVE_REPLAY_TIC|tic=1218|mle_ms=26.403|monotonic_ms=30|clock_delta_ms=3.597
|clock_suspect=0
PMLE_LIVE_REPLAY_TIC|tic=1219|mle_ms=38.779|monotonic_ms=40|clock_delta_ms=1.221
|clock_suspect=0
PMLE_LIVE_REPLAY_TIC|tic=1220|mle_ms=24.103|monotonic_ms=20|clock_delta_ms=4.103
|clock_suspect=0
PMLE_LIVE_REPLAY_TIC|tic=1221|mle_ms=32.998|monotonic_ms=40|clock_delta_ms=7.002
|clock_suspect=0
PMLE_LIVE_REPLAY_TIC|tic=1222|mle_ms=36.045|monotonic_ms=30|clock_delta_ms=6.045
|clock_suspect=0
PMLE_LIVE_REPLAY_TIC|tic=1223|mle_ms=36.546|monotonic_ms=40|clock_delta_ms=3.454
|clock_suspect=0
PMLE_LIVE_REPLAY_TIC|tic=1224|mle_ms=33.289|monotonic_ms=30|clock_delta_ms=3.289
|clock_suspect=0
PMLE_LIVE_REPLAY_TIC|tic=1225|mle_ms=68.855|monotonic_ms=70|clock_delta_ms=1.145
|clock_suspect=0
PMLE_LIVE_REPLAY_TIC|tic=1226|mle_ms=48.688|monotonic_ms=50|clock_delta_ms=1.312
|clock_suspect=0
PMLE_LIVE_REPLAY_TIC|tic=1227|mle_ms=25.682|monotonic_ms=30|clock_delta_ms=4.318
|clock_suspect=0
PMLE_LIVE_REPLAY_TIC|tic=1228|mle_ms=31.366|monotonic_ms=30|clock_delta_ms=1.366
|clock_suspect=0
PMLE_LIVE_REPLAY_TIC|tic=1229|mle_ms=22.158|monotonic_ms=20|clock_delta_ms=2.158
|clock_suspect=0
PMLE_LIVE_REPLAY_TIC|tic=1230|mle_ms=23.105|monotonic_ms=20|clock_delta_ms=3.105
|clock_suspect=0
PMLE_LIVE_REPLAY_TIC|tic=1231|mle_ms=45.62|monotonic_ms=50|clock_delta_ms=4.38|c
lock_suspect=0
PMLE_LIVE_REPLAY_TIC|tic=1232|mle_ms=22.86|monotonic_ms=20|clock_delta_ms=2.86|c
lock_suspect=0
PMLE_LIVE_REPLAY_TIC|tic=1233|mle_ms=40.849|monotonic_ms=40|clock_delta_ms=.849|
clock_suspect=0
PMLE_LIVE_REPLAY_TIC|tic=1234|mle_ms=45.961|monotonic_ms=50|clock_delta_ms=4.039
|clock_suspect=0
PMLE_LIVE_REPLAY_TIC|tic=1235|mle_ms=25.052|monotonic_ms=20|clock_delta_ms=5.052
|clock_suspect=0
PMLE_LIVE_REPLAY_TIC|tic=1236|mle_ms=52.748|monotonic_ms=60|clock_delta_ms=7.252
|clock_suspect=0
PMLE_LIVE_REPLAY_TIC|tic=1237|mle_ms=31.126|monotonic_ms=30|clock_delta_ms=1.126
|clock_suspect=0
PMLE_LIVE_REPLAY_TIC|tic=1238|mle_ms=22.552|monotonic_ms=20|clock_delta_ms=2.552
|clock_suspect=0
PMLE_LIVE_REPLAY_TIC|tic=1239|mle_ms=22.849|monotonic_ms=20|clock_delta_ms=2.849
|clock_suspect=0
PMLE_LIVE_REPLAY_TIC|tic=1240|mle_ms=24.151|monotonic_ms=30|clock_delta_ms=5.849
|clock_suspect=0
PMLE_LIVE_REPLAY_TIC|tic=1241|mle_ms=24.571|monotonic_ms=20|clock_delta_ms=4.571
|clock_suspect=0
PMLE_LIVE_REPLAY_TIC|tic=1242|mle_ms=14.189|monotonic_ms=20|clock_delta_ms=5.811
|clock_suspect=0
PMLE_LIVE_REPLAY_TIC|tic=1243|mle_ms=33.502|monotonic_ms=30|clock_delta_ms=3.502
|clock_suspect=0
PMLE_LIVE_REPLAY_TIC|tic=1244|mle_ms=19.487|monotonic_ms=20|clock_delta_ms=.513|
clock_suspect=0
PMLE_LIVE_REPLAY_TIC|tic=1245|mle_ms=9.056|monotonic_ms=10|clock_delta_ms=.944|c
lock_suspect=0
PMLE_LIVE_REPLAY_TIC|tic=1246|mle_ms=49.052|monotonic_ms=50|clock_delta_ms=.948|
clock_suspect=0
PMLE_LIVE_REPLAY_TIC|tic=1247|mle_ms=24.471|monotonic_ms=20|clock_delta_ms=4.471
|clock_suspect=0
PMLE_LIVE_REPLAY_TIC|tic=1248|mle_ms=15.147|monotonic_ms=20|clock_delta_ms=4.853
|clock_suspect=0
PMLE_LIVE_REPLAY_TIC|tic=1249|mle_ms=30.682|monotonic_ms=30|clock_delta_ms=.682|
clock_suspect=0
PMLE_LIVE_REPLAY_TIC|tic=1250|mle_ms=9.151|monotonic_ms=10|clock_delta_ms=.849|c
lock_suspect=0
PMLE_LIVE_REPLAY_TIC|tic=1251|mle_ms=17.171|monotonic_ms=10|clock_delta_ms=7.171
|clock_suspect=0
PMLE_LIVE_REPLAY_TIC|tic=1252|mle_ms=28.94|monotonic_ms=30|clock_delta_ms=1.06|c
lock_suspect=0
PMLE_LIVE_REPLAY_TIC|tic=1253|mle_ms=31.236|monotonic_ms=30|clock_delta_ms=1.236
|clock_suspect=0
PMLE_LIVE_REPLAY_TIC|tic=1254|mle_ms=22.253|monotonic_ms=30|clock_delta_ms=7.747
|clock_suspect=0
PMLE_LIVE_REPLAY_TIC|tic=1255|mle_ms=20.095|monotonic_ms=20|clock_delta_ms=.095|
clock_suspect=0
PMLE_LIVE_REPLAY_TIC|tic=1256|mle_ms=42.144|monotonic_ms=40|clock_delta_ms=2.144
|clock_suspect=0
PMLE_LIVE_REPLAY_TIC|tic=1257|mle_ms=17.121|monotonic_ms=20|clock_delta_ms=2.879
|clock_suspect=0
PMLE_LIVE_REPLAY_TIC|tic=1258|mle_ms=21.633|monotonic_ms=20|clock_delta_ms=1.633
|clock_suspect=0
PMLE_LIVE_REPLAY_TIC|tic=1259|mle_ms=10.702|monotonic_ms=10|clock_delta_ms=.702|
clock_suspect=0
PMLE_LIVE_REPLAY_TIC|tic=1260|mle_ms=9.206|monotonic_ms=10|clock_delta_ms=.794|c
lock_suspect=0
PMLE_LIVE_REPLAY_TIC|tic=1261|mle_ms=34.698|monotonic_ms=30|clock_delta_ms=4.698
|clock_suspect=0
PMLE_LIVE_REPLAY_TIC|tic=1262|mle_ms=10.003|monotonic_ms=10|clock_delta_ms=.003|
clock_suspect=0
PMLE_LIVE_REPLAY_TIC|tic=1263|mle_ms=25.205|monotonic_ms=30|clock_delta_ms=4.795
|clock_suspect=0
PMLE_LIVE_REPLAY_TIC|tic=1264|mle_ms=38.75|monotonic_ms=40|clock_delta_ms=1.25|c
lock_suspect=0
PMLE_LIVE_REPLAY_TIC|tic=1265|mle_ms=9.886|monotonic_ms=10|clock_delta_ms=.114|c
lock_suspect=0
PMLE_LIVE_REPLAY_TIC|tic=1266|mle_ms=38.23|monotonic_ms=40|clock_delta_ms=1.77|c
lock_suspect=0
PMLE_LIVE_REPLAY_TIC|tic=1267|mle_ms=22.257|monotonic_ms=20|clock_delta_ms=2.257
|clock_suspect=0
PMLE_LIVE_REPLAY_TIC|tic=1268|mle_ms=11.539|monotonic_ms=10|clock_delta_ms=1.539
|clock_suspect=0
PMLE_LIVE_REPLAY_TIC|tic=1269|mle_ms=10.87|monotonic_ms=10|clock_delta_ms=.87|cl
ock_suspect=0
PMLE_LIVE_REPLAY_TIC|tic=1270|mle_ms=16.559|monotonic_ms=20|clock_delta_ms=3.441
|clock_suspect=0
PMLE_LIVE_REPLAY_TIC|tic=1271|mle_ms=20.422|monotonic_ms=20|clock_delta_ms=.422|
clock_suspect=0
PMLE_LIVE_REPLAY_TIC|tic=1272|mle_ms=11.911|monotonic_ms=10|clock_delta_ms=1.911
|clock_suspect=0
PMLE_LIVE_REPLAY_TIC|tic=1273|mle_ms=34.664|monotonic_ms=30|clock_delta_ms=4.664
|clock_suspect=0
PMLE_LIVE_REPLAY_TIC|tic=1274|mle_ms=17.124|monotonic_ms=20|clock_delta_ms=2.876
|clock_suspect=0
PMLE_LIVE_REPLAY_TIC|tic=1275|mle_ms=9.244|monotonic_ms=10|clock_delta_ms=.756|c
lock_suspect=0
PMLE_LIVE_REPLAY_TIC|tic=1276|mle_ms=50.179|monotonic_ms=50|clock_delta_ms=.179|
clock_suspect=0
PMLE_LIVE_REPLAY_TIC|tic=1277|mle_ms=14.776|monotonic_ms=20|clock_delta_ms=5.224
|clock_suspect=0
PMLE_LIVE_REPLAY_TIC|tic=1278|mle_ms=11.852|monotonic_ms=10|clock_delta_ms=1.852
|clock_suspect=0
PMLE_LIVE_REPLAY_TIC|tic=1279|mle_ms=20.791|monotonic_ms=20|clock_delta_ms=.791|
clock_suspect=0
PMLE_LIVE_REPLAY_TIC|tic=1280|mle_ms=9.253|monotonic_ms=10|clock_delta_ms=.747|c
lock_suspect=0
PMLE_LIVE_REPLAY_TIC|tic=1281|mle_ms=18.318|monotonic_ms=20|clock_delta_ms=1.682
|clock_suspect=0
PMLE_LIVE_REPLAY_TIC|tic=1282|mle_ms=32.994|monotonic_ms=30|clock_delta_ms=2.994
|clock_suspect=0
PMLE_LIVE_REPLAY_TIC|tic=1283|mle_ms=23.004|monotonic_ms=20|clock_delta_ms=3.004
|clock_suspect=0
PMLE_LIVE_REPLAY_TIC|tic=1284|mle_ms=17.571|monotonic_ms=20|clock_delta_ms=2.429
|clock_suspect=0
PMLE_LIVE_REPLAY_TIC|tic=1285|mle_ms=40.726|monotonic_ms=40|clock_delta_ms=.726|
clock_suspect=0
PMLE_LIVE_REPLAY_TIC|tic=1286|mle_ms=42.661|monotonic_ms=40|clock_delta_ms=2.661
|clock_suspect=0
PMLE_LIVE_REPLAY_TIC|tic=1287|mle_ms=16.458|monotonic_ms=20|clock_delta_ms=3.542
|clock_suspect=0
PMLE_LIVE_REPLAY_TIC|tic=1288|mle_ms=41.561|monotonic_ms=40|clock_delta_ms=1.561
|clock_suspect=0
PMLE_LIVE_REPLAY_TIC|tic=1289|mle_ms=11.658|monotonic_ms=10|clock_delta_ms=1.658
|clock_suspect=0
PMLE_LIVE_REPLAY_TIC|tic=1290|mle_ms=10.174|monotonic_ms=10|clock_delta_ms=.174|
clock_suspect=0
PMLE_LIVE_REPLAY_TIC|tic=1291|mle_ms=26.129|monotonic_ms=30|clock_delta_ms=3.871
|clock_suspect=0
PMLE_LIVE_REPLAY_TIC|tic=1292|mle_ms=11.793|monotonic_ms=10|clock_delta_ms=1.793
|clock_suspect=0
PMLE_LIVE_REPLAY_TIC|tic=1293|mle_ms=27.047|monotonic_ms=30|clock_delta_ms=2.953
|clock_suspect=0
PMLE_LIVE_REPLAY_TIC|tic=1294|mle_ms=38.367|monotonic_ms=40|clock_delta_ms=1.633
|clock_suspect=0
PMLE_LIVE_REPLAY_TIC|tic=1295|mle_ms=9.641|monotonic_ms=10|clock_delta_ms=.359|c
lock_suspect=0
PMLE_LIVE_REPLAY_TIC|tic=1296|mle_ms=37.226|monotonic_ms=30|clock_delta_ms=7.226
|clock_suspect=0
PMLE_LIVE_REPLAY_TIC|tic=1297|mle_ms=29.077|monotonic_ms=30|clock_delta_ms=.923|
clock_suspect=0
PMLE_LIVE_REPLAY_TIC|tic=1298|mle_ms=14.846|monotonic_ms=20|clock_delta_ms=5.154
|clock_suspect=0
PMLE_LIVE_REPLAY_TIC|tic=1299|mle_ms=12.847|monotonic_ms=10|clock_delta_ms=2.847
|clock_suspect=0
PMLE_LIVE_REPLAY_TIC|tic=1300|mle_ms=19.353|monotonic_ms=20|clock_delta_ms=.647|
clock_suspect=0
PMLE_LIVE_REPLAY_TIC|tic=1301|mle_ms=20.766|monotonic_ms=30|clock_delta_ms=9.234
|clock_suspect=0
PMLE_LIVE_REPLAY_TIC|tic=1302|mle_ms=11.468|monotonic_ms=10|clock_delta_ms=1.468
|clock_suspect=0
PMLE_LIVE_REPLAY_TIC|tic=1303|mle_ms=42.978|monotonic_ms=40|clock_delta_ms=2.978
|clock_suspect=0
PMLE_LIVE_REPLAY_TIC|tic=1304|mle_ms=22.785|monotonic_ms=20|clock_delta_ms=2.785
|clock_suspect=0
PMLE_LIVE_REPLAY_TIC|tic=1305|mle_ms=10.614|monotonic_ms=10|clock_delta_ms=.614|
clock_suspect=0
PMLE_LIVE_REPLAY_TIC|tic=1306|mle_ms=52.628|monotonic_ms=60|clock_delta_ms=7.372
|clock_suspect=0
PMLE_LIVE_REPLAY_TIC|tic=1307|mle_ms=17.213|monotonic_ms=10|clock_delta_ms=7.213
|clock_suspect=0
PMLE_LIVE_REPLAY_TIC|tic=1308|mle_ms=14.72|monotonic_ms=20|clock_delta_ms=5.28|c
lock_suspect=0
PMLE_LIVE_REPLAY_TIC|tic=1309|mle_ms=22.531|monotonic_ms=20|clock_delta_ms=2.531
|clock_suspect=0
PMLE_LIVE_REPLAY_TIC|tic=1310|mle_ms=9.628|monotonic_ms=10|clock_delta_ms=.372|c
lock_suspect=0
PMLE_LIVE_REPLAY_TIC|tic=1311|mle_ms=19.714|monotonic_ms=20|clock_delta_ms=.286|
clock_suspect=0
PMLE_LIVE_REPLAY_TIC|tic=1312|mle_ms=22.68|monotonic_ms=20|clock_delta_ms=2.68|c
lock_suspect=0
PMLE_LIVE_REPLAY_TIC|tic=1313|mle_ms=27.397|monotonic_ms=30|clock_delta_ms=2.603
|clock_suspect=0
PMLE_LIVE_REPLAY_TIC|tic=1314|mle_ms=21.237|monotonic_ms=20|clock_delta_ms=1.237
|clock_suspect=0
PMLE_LIVE_REPLAY_TIC|tic=1315|mle_ms=36.428|monotonic_ms=40|clock_delta_ms=3.572
|clock_suspect=0
PMLE_LIVE_REPLAY_TIC|tic=1316|mle_ms=44.154|monotonic_ms=40|clock_delta_ms=4.154
|clock_suspect=0
PMLE_LIVE_REPLAY_TIC|tic=1317|mle_ms=18.39|monotonic_ms=20|clock_delta_ms=1.61|c
lock_suspect=0
PMLE_LIVE_REPLAY_TIC|tic=1318|mle_ms=48.197|monotonic_ms=50|clock_delta_ms=1.803
|clock_suspect=0
PMLE_LIVE_REPLAY_TIC|tic=1319|mle_ms=13.033|monotonic_ms=10|clock_delta_ms=3.033
|clock_suspect=0
PMLE_LIVE_REPLAY_TIC|tic=1320|mle_ms=11.438|monotonic_ms=10|clock_delta_ms=1.438
|clock_suspect=0
PMLE_LIVE_REPLAY_TIC|tic=1321|mle_ms=47.234|monotonic_ms=50|clock_delta_ms=2.766
|clock_suspect=0
PMLE_LIVE_REPLAY_TIC|tic=1322|mle_ms=10.335|monotonic_ms=10|clock_delta_ms=.335|
clock_suspect=0
PMLE_LIVE_REPLAY_TIC|tic=1323|mle_ms=23.577|monotonic_ms=30|clock_delta_ms=6.423
|clock_suspect=0
PMLE_LIVE_REPLAY_TIC|tic=1324|mle_ms=28.514|monotonic_ms=20|clock_delta_ms=8.514
|clock_suspect=0
PMLE_LIVE_REPLAY_TIC|tic=1325|mle_ms=8.659|monotonic_ms=10|clock_delta_ms=1.341|
clock_suspect=0
PMLE_LIVE_REPLAY_TIC|tic=1326|mle_ms=35.305|monotonic_ms=40|clock_delta_ms=4.695
|clock_suspect=0
PMLE_LIVE_REPLAY_TIC|tic=1327|mle_ms=25.357|monotonic_ms=20|clock_delta_ms=5.357
|clock_suspect=0
PMLE_LIVE_REPLAY_TIC|tic=1328|mle_ms=13.558|monotonic_ms=20|clock_delta_ms=6.442
|clock_suspect=0
PMLE_LIVE_REPLAY_TIC|tic=1329|mle_ms=12.439|monotonic_ms=10|clock_delta_ms=2.439
|clock_suspect=0
PMLE_LIVE_REPLAY_TIC|tic=1330|mle_ms=34.305|monotonic_ms=30|clock_delta_ms=4.305
|clock_suspect=0
PMLE_LIVE_REPLAY_TIC|tic=1331|mle_ms=16.714|monotonic_ms=20|clock_delta_ms=3.286
|clock_suspect=0
PMLE_LIVE_REPLAY_TIC|tic=1332|mle_ms=9.853|monotonic_ms=10|clock_delta_ms=.147|c
lock_suspect=0
PMLE_LIVE_REPLAY_TIC|tic=1333|mle_ms=44.619|monotonic_ms=50|clock_delta_ms=5.381
|clock_suspect=0
PMLE_LIVE_REPLAY_TIC|tic=1334|mle_ms=20.232|monotonic_ms=20|clock_delta_ms=.232|
clock_suspect=0
PMLE_LIVE_REPLAY_TIC|tic=1335|mle_ms=9.805|monotonic_ms=10|clock_delta_ms=.195|c
lock_suspect=0
PMLE_LIVE_REPLAY_TIC|tic=1336|mle_ms=58.061|monotonic_ms=50|clock_delta_ms=8.061
|clock_suspect=0
PMLE_LIVE_REPLAY_TIC|tic=1337|mle_ms=16.687|monotonic_ms=20|clock_delta_ms=3.313
|clock_suspect=0
PMLE_LIVE_REPLAY_TIC|tic=1338|mle_ms=14.045|monotonic_ms=20|clock_delta_ms=5.955
|clock_suspect=0
PMLE_LIVE_REPLAY_TIC|tic=1339|mle_ms=23.649|monotonic_ms=20|clock_delta_ms=3.649
|clock_suspect=0
PMLE_LIVE_REPLAY_TIC|tic=1340|mle_ms=10.035|monotonic_ms=10|clock_delta_ms=.035|
clock_suspect=0
PMLE_LIVE_REPLAY_TIC|tic=1341|mle_ms=18.479|monotonic_ms=20|clock_delta_ms=1.521
|clock_suspect=0
PMLE_LIVE_REPLAY_TIC|tic=1342|mle_ms=21.11|monotonic_ms=20|clock_delta_ms=1.11|c
lock_suspect=0
PMLE_LIVE_REPLAY_TIC|tic=1343|mle_ms=27.843|monotonic_ms=30|clock_delta_ms=2.157
|clock_suspect=0
PMLE_LIVE_REPLAY_TIC|tic=1344|mle_ms=18.671|monotonic_ms=20|clock_delta_ms=1.329
|clock_suspect=0
PMLE_LIVE_REPLAY_TIC|tic=1345|mle_ms=18.03|monotonic_ms=10|clock_delta_ms=8.03|c
lock_suspect=0
PMLE_LIVE_REPLAY_TIC|tic=1346|mle_ms=35.175|monotonic_ms=40|clock_delta_ms=4.825
|clock_suspect=0
PMLE_LIVE_REPLAY_TIC|tic=1347|mle_ms=14.27|monotonic_ms=10|clock_delta_ms=4.27|c
lock_suspect=0
PMLE_LIVE_REPLAY_TIC|tic=1348|mle_ms=40.976|monotonic_ms=40|clock_delta_ms=.976|
clock_suspect=0
PMLE_LIVE_REPLAY_TIC|tic=1349|mle_ms=10.99|monotonic_ms=20|clock_delta_ms=9.01|c
lock_suspect=0
PMLE_LIVE_REPLAY_TIC|tic=1350|mle_ms=8.431|monotonic_ms=0|clock_delta_ms=8.431|c
lock_suspect=0
PMLE_LIVE_REPLAY_TIC|tic=1351|mle_ms=24.46|monotonic_ms=30|clock_delta_ms=5.54|c
lock_suspect=0
PMLE_LIVE_REPLAY_TIC|tic=1352|mle_ms=10.341|monotonic_ms=10|clock_delta_ms=.341|
clock_suspect=0
PMLE_LIVE_REPLAY_TIC|tic=1353|mle_ms=26.692|monotonic_ms=30|clock_delta_ms=3.308
|clock_suspect=0
PMLE_LIVE_REPLAY_TIC|tic=1354|mle_ms=30.016|monotonic_ms=30|clock_delta_ms=.016|
clock_suspect=0
PMLE_LIVE_REPLAY_TIC|tic=1355|mle_ms=8.388|monotonic_ms=0|clock_delta_ms=8.388|c
lock_suspect=0
PMLE_LIVE_REPLAY_TIC|tic=1356|mle_ms=35.8|monotonic_ms=40|clock_delta_ms=4.2|clo
ck_suspect=0
PMLE_LIVE_REPLAY_TIC|tic=1357|mle_ms=23.225|monotonic_ms=20|clock_delta_ms=3.225
|clock_suspect=0
PMLE_LIVE_REPLAY_TIC|tic=1358|mle_ms=13.418|monotonic_ms=20|clock_delta_ms=6.582
|clock_suspect=0
PMLE_LIVE_REPLAY_TIC|tic=1359|mle_ms=11.195|monotonic_ms=10|clock_delta_ms=1.195
|clock_suspect=0
PMLE_LIVE_REPLAY_TIC|tic=1360|mle_ms=16.958|monotonic_ms=20|clock_delta_ms=3.042
|clock_suspect=0
PMLE_LIVE_REPLAY_TIC|tic=1361|mle_ms=17.157|monotonic_ms=10|clock_delta_ms=7.157
|clock_suspect=0
PMLE_LIVE_REPLAY_TIC|tic=1362|mle_ms=11.82|monotonic_ms=10|clock_delta_ms=1.82|c
lock_suspect=0
PMLE_LIVE_REPLAY_TIC|tic=1363|mle_ms=40.036|monotonic_ms=40|clock_delta_ms=.036|
clock_suspect=0
PMLE_LIVE_REPLAY_TIC|tic=1364|mle_ms=21.96|monotonic_ms=30|clock_delta_ms=8.04|c
lock_suspect=0
PMLE_LIVE_REPLAY_TIC|tic=1365|mle_ms=9.967|monotonic_ms=10|clock_delta_ms=.033|c
lock_suspect=0
PMLE_LIVE_REPLAY_TIC|tic=1366|mle_ms=61.033|monotonic_ms=60|clock_delta_ms=1.033
|clock_suspect=0
PMLE_LIVE_REPLAY_TIC|tic=1367|mle_ms=17.091|monotonic_ms=10|clock_delta_ms=7.091
|clock_suspect=0
PMLE_LIVE_REPLAY_TIC|tic=1368|mle_ms=14.757|monotonic_ms=20|clock_delta_ms=5.243
|clock_suspect=0
PMLE_LIVE_REPLAY_TIC|tic=1369|mle_ms=20.506|monotonic_ms=20|clock_delta_ms=.506|
clock_suspect=0
PMLE_LIVE_REPLAY_TIC|tic=1370|mle_ms=10.347|monotonic_ms=10|clock_delta_ms=.347|
clock_suspect=0
PMLE_LIVE_REPLAY_TIC|tic=1371|mle_ms=19.491|monotonic_ms=20|clock_delta_ms=.509|
clock_suspect=0
PMLE_LIVE_REPLAY_TIC|tic=1372|mle_ms=-91.351|monotonic_ms=20|clock_delta_ms=111.
351|clock_suspect=1
PMLE_LIVE_REPLAY_TIC|tic=1373|mle_ms=27.035|monotonic_ms=30|clock_delta_ms=2.965
|clock_suspect=0
PMLE_LIVE_REPLAY_TIC|tic=1374|mle_ms=19.05|monotonic_ms=20|clock_delta_ms=.95|cl
ock_suspect=0
PMLE_LIVE_REPLAY_TIC|tic=1375|mle_ms=19.561|monotonic_ms=20|clock_delta_ms=.439|
clock_suspect=0
PMLE_LIVE_REPLAY_TIC|tic=1376|mle_ms=36.221|monotonic_ms=40|clock_delta_ms=3.779
|clock_suspect=0
PMLE_LIVE_REPLAY_TIC|tic=1377|mle_ms=13.998|monotonic_ms=10|clock_delta_ms=3.998
|clock_suspect=0
PMLE_LIVE_REPLAY_TIC|tic=1378|mle_ms=19.025|monotonic_ms=20|clock_delta_ms=.975|
clock_suspect=0
PMLE_LIVE_REPLAY_TIC|tic=1379|mle_ms=11.201|monotonic_ms=10|clock_delta_ms=1.201
|clock_suspect=0
PMLE_LIVE_REPLAY_TIC|tic=1380|mle_ms=9.567|monotonic_ms=10|clock_delta_ms=.433|c
lock_suspect=0
PMLE_LIVE_REPLAY_TIC|tic=1381|mle_ms=38.799|monotonic_ms=40|clock_delta_ms=1.201
|clock_suspect=0
PMLE_LIVE_REPLAY_TIC|tic=1382|mle_ms=11.732|monotonic_ms=10|clock_delta_ms=1.732
|clock_suspect=0
PMLE_LIVE_REPLAY_TIC|tic=1383|mle_ms=27.793|monotonic_ms=30|clock_delta_ms=2.207
|clock_suspect=0
PMLE_LIVE_REPLAY_TIC|tic=1384|mle_ms=34.548|monotonic_ms=30|clock_delta_ms=4.548
|clock_suspect=0
PMLE_LIVE_REPLAY_TIC|tic=1385|mle_ms=10.058|monotonic_ms=10|clock_delta_ms=.058|
clock_suspect=0
PMLE_LIVE_REPLAY_TIC|tic=1386|mle_ms=39.381|monotonic_ms=40|clock_delta_ms=.619|
clock_suspect=0
PMLE_LIVE_REPLAY_TIC|tic=1387|mle_ms=23.084|monotonic_ms=30|clock_delta_ms=6.916
|clock_suspect=0
PMLE_LIVE_REPLAY_TIC|tic=1388|mle_ms=12.283|monotonic_ms=10|clock_delta_ms=2.283
|clock_suspect=0
PMLE_LIVE_REPLAY_TIC|tic=1389|mle_ms=11.025|monotonic_ms=10|clock_delta_ms=1.025
|clock_suspect=0
PMLE_LIVE_REPLAY_TIC|tic=1390|mle_ms=32.926|monotonic_ms=30|clock_delta_ms=2.926
|clock_suspect=0
PMLE_LIVE_REPLAY_TIC|tic=1391|mle_ms=19.136|monotonic_ms=20|clock_delta_ms=.864|
clock_suspect=0
PMLE_LIVE_REPLAY_TIC|tic=1392|mle_ms=11.498|monotonic_ms=10|clock_delta_ms=1.498
|clock_suspect=0
PMLE_LIVE_REPLAY_TIC|tic=1393|mle_ms=37.094|monotonic_ms=40|clock_delta_ms=2.906
|clock_suspect=0
PMLE_LIVE_REPLAY_TIC|tic=1394|mle_ms=25.027|monotonic_ms=20|clock_delta_ms=5.027
|clock_suspect=0
PMLE_LIVE_REPLAY_TIC|tic=1395|mle_ms=14.752|monotonic_ms=20|clock_delta_ms=5.248
|clock_suspect=0
PMLE_LIVE_REPLAY_TIC|tic=1396|mle_ms=61.011|monotonic_ms=60|clock_delta_ms=1.011
|clock_suspect=0
PMLE_LIVE_REPLAY_TIC|tic=1397|mle_ms=25.145|monotonic_ms=30|clock_delta_ms=4.855
|clock_suspect=0
PMLE_LIVE_REPLAY_TIC|tic=1398|mle_ms=21.613|monotonic_ms=20|clock_delta_ms=1.613
|clock_suspect=0
PMLE_LIVE_REPLAY_TIC|tic=1399|mle_ms=51.812|monotonic_ms=50|clock_delta_ms=1.812
|clock_suspect=0
PMLE_LIVE_REPLAY_TIC|tic=1400|mle_ms=19.411|monotonic_ms=20|clock_delta_ms=.589|
clock_suspect=0
PMLE_LIVE_REPLAY_TIC|tic=1401|mle_ms=27.174|monotonic_ms=30|clock_delta_ms=2.826
|clock_suspect=0
PMLE_LIVE_REPLAY_TIC|tic=1402|mle_ms=30.782|monotonic_ms=30|clock_delta_ms=.782|
clock_suspect=0
PMLE_LIVE_REPLAY_TIC|tic=1403|mle_ms=41.538|monotonic_ms=40|clock_delta_ms=1.538
|clock_suspect=0
PMLE_LIVE_REPLAY_TIC|tic=1404|mle_ms=32.354|monotonic_ms=40|clock_delta_ms=7.646
|clock_suspect=0
PMLE_LIVE_REPLAY_TIC|tic=1405|mle_ms=30.385|monotonic_ms=30|clock_delta_ms=.385|
clock_suspect=0
PMLE_LIVE_REPLAY_TIC|tic=1406|mle_ms=56.253|monotonic_ms=50|clock_delta_ms=6.253
|clock_suspect=0
PMLE_LIVE_REPLAY_TIC|tic=1407|mle_ms=23.866|monotonic_ms=30|clock_delta_ms=6.134
|clock_suspect=0
PMLE_LIVE_REPLAY_TIC|tic=1408|mle_ms=33.142|monotonic_ms=30|clock_delta_ms=3.142
|clock_suspect=0
PMLE_LIVE_REPLAY_TIC|tic=1409|mle_ms=18.827|monotonic_ms=20|clock_delta_ms=1.173
|clock_suspect=0
PMLE_LIVE_REPLAY_TIC|tic=1410|mle_ms=16.729|monotonic_ms=20|clock_delta_ms=3.271
|clock_suspect=0
PMLE_LIVE_REPLAY_TIC|tic=1411|mle_ms=42.149|monotonic_ms=40|clock_delta_ms=2.149
|clock_suspect=0
PMLE_LIVE_REPLAY_TIC|tic=1412|mle_ms=16.644|monotonic_ms=20|clock_delta_ms=3.356
|clock_suspect=0
PMLE_LIVE_REPLAY_TIC|tic=1413|mle_ms=33.349|monotonic_ms=30|clock_delta_ms=3.349
|clock_suspect=0
PMLE_LIVE_REPLAY_TIC|tic=1414|mle_ms=34.591|monotonic_ms=30|clock_delta_ms=4.591
|clock_suspect=0
PMLE_LIVE_REPLAY_TIC|tic=1415|mle_ms=15.685|monotonic_ms=20|clock_delta_ms=4.315
|clock_suspect=0
PMLE_LIVE_REPLAY_TIC|tic=1416|mle_ms=48.912|monotonic_ms=50|clock_delta_ms=1.088
|clock_suspect=0
PMLE_LIVE_REPLAY_TIC|tic=1417|mle_ms=30.251|monotonic_ms=30|clock_delta_ms=.251|
clock_suspect=0
PMLE_LIVE_REPLAY_TIC|tic=1418|mle_ms=16.946|monotonic_ms=20|clock_delta_ms=3.054
|clock_suspect=0
PMLE_LIVE_REPLAY_TIC|tic=1419|mle_ms=15.117|monotonic_ms=10|clock_delta_ms=5.117
|clock_suspect=0
PMLE_LIVE_REPLAY_TIC|tic=1420|mle_ms=27.057|monotonic_ms=30|clock_delta_ms=2.943
|clock_suspect=0
PMLE_LIVE_REPLAY_TIC|tic=1421|mle_ms=27.558|monotonic_ms=30|clock_delta_ms=2.442
|clock_suspect=0
PMLE_LIVE_REPLAY_TIC|tic=1422|mle_ms=18.088|monotonic_ms=10|clock_delta_ms=8.088
|clock_suspect=0
PMLE_LIVE_REPLAY_TIC|tic=1423|mle_ms=40.726|monotonic_ms=40|clock_delta_ms=.726|
clock_suspect=0
PMLE_LIVE_REPLAY_TIC|tic=1424|mle_ms=29.792|monotonic_ms=30|clock_delta_ms=.208|
clock_suspect=0
PMLE_LIVE_REPLAY_TIC|tic=1425|mle_ms=18.423|monotonic_ms=20|clock_delta_ms=1.577
|clock_suspect=0
PMLE_LIVE_REPLAY_TIC|tic=1426|mle_ms=55.573|monotonic_ms=60|clock_delta_ms=4.427
|clock_suspect=0
PMLE_LIVE_REPLAY_TIC|tic=1427|mle_ms=26.876|monotonic_ms=30|clock_delta_ms=3.124
|clock_suspect=0
PMLE_LIVE_REPLAY_TIC|tic=1428|mle_ms=22.716|monotonic_ms=20|clock_delta_ms=2.716
|clock_suspect=0
PMLE_LIVE_REPLAY_TIC|tic=1429|mle_ms=36.873|monotonic_ms=40|clock_delta_ms=3.127
|clock_suspect=0
PMLE_LIVE_REPLAY_TIC|tic=1430|mle_ms=23.385|monotonic_ms=20|clock_delta_ms=3.385
|clock_suspect=0
PMLE_LIVE_REPLAY_TIC|tic=1431|mle_ms=34.674|monotonic_ms=30|clock_delta_ms=4.674
|clock_suspect=0
PMLE_LIVE_REPLAY_TIC|tic=1432|mle_ms=82.405|monotonic_ms=90|clock_delta_ms=7.595
|clock_suspect=0
PMLE_LIVE_REPLAY_TIC|tic=1433|mle_ms=32.956|monotonic_ms=30|clock_delta_ms=2.956
|clock_suspect=0
PMLE_LIVE_REPLAY_TIC|tic=1434|mle_ms=25.567|monotonic_ms=20|clock_delta_ms=5.567
|clock_suspect=0
PMLE_LIVE_REPLAY_TIC|tic=1435|mle_ms=99.636|monotonic_ms=100|clock_delta_ms=.364
|clock_suspect=0
PMLE_LIVE_REPLAY_TIC|tic=1436|mle_ms=53.112|monotonic_ms=60|clock_delta_ms=6.888
|clock_suspect=0
PMLE_LIVE_REPLAY_TIC|tic=1437|mle_ms=19.347|monotonic_ms=20|clock_delta_ms=.653|
clock_suspect=0
PMLE_LIVE_REPLAY_TIC|tic=1438|mle_ms=136.873|monotonic_ms=130|clock_delta_ms=6.8
73|clock_suspect=0
PMLE_LIVE_REPLAY_TIC|tic=1439|mle_ms=20.774|monotonic_ms=30|clock_delta_ms=9.226
|clock_suspect=0
PMLE_LIVE_REPLAY_TIC|tic=1440|mle_ms=25.072|monotonic_ms=20|clock_delta_ms=5.072
|clock_suspect=0
PMLE_LIVE_REPLAY_TIC|tic=1441|mle_ms=103.669|monotonic_ms=100|clock_delta_ms=3.6
69|clock_suspect=0
PMLE_LIVE_REPLAY_TIC|tic=1442|mle_ms=15.918|monotonic_ms=20|clock_delta_ms=4.082
|clock_suspect=0
PMLE_LIVE_REPLAY_TIC|tic=1443|mle_ms=30.967|monotonic_ms=30|clock_delta_ms=.967|
clock_suspect=0
PMLE_LIVE_REPLAY_TIC|tic=1444|mle_ms=144.919|monotonic_ms=150|clock_delta_ms=5.0
81|clock_suspect=0
PMLE_LIVE_REPLAY_TIC|tic=1445|mle_ms=16.458|monotonic_ms=10|clock_delta_ms=6.458
|clock_suspect=0
PMLE_LIVE_REPLAY_TIC|tic=1446|mle_ms=44.304|monotonic_ms=50|clock_delta_ms=5.696
|clock_suspect=0
PMLE_LIVE_REPLAY_TIC|tic=1447|mle_ms=94.14|monotonic_ms=90|clock_delta_ms=4.14|c
lock_suspect=0
PMLE_LIVE_REPLAY_TIC|tic=1448|mle_ms=20.786|monotonic_ms=20|clock_delta_ms=.786|
clock_suspect=0
PMLE_LIVE_REPLAY_TIC|tic=1449|mle_ms=18.258|monotonic_ms=20|clock_delta_ms=1.742
|clock_suspect=0
PMLE_LIVE_REPLAY_TIC|tic=1450|mle_ms=133.279|monotonic_ms=130|clock_delta_ms=3.2
79|clock_suspect=0
PMLE_LIVE_REPLAY_TIC|tic=1451|mle_ms=24.416|monotonic_ms=30|clock_delta_ms=5.584
|clock_suspect=0
PMLE_LIVE_REPLAY_TIC|tic=1452|mle_ms=19.403|monotonic_ms=20|clock_delta_ms=.597|
clock_suspect=0
PMLE_LIVE_REPLAY_TIC|tic=1453|mle_ms=113.205|monotonic_ms=110|clock_delta_ms=3.2
05|clock_suspect=0
PMLE_LIVE_REPLAY_TIC|tic=1454|mle_ms=26.81|monotonic_ms=30|clock_delta_ms=3.19|c
lock_suspect=0
PMLE_LIVE_REPLAY_TIC|tic=1455|mle_ms=15.338|monotonic_ms=10|clock_delta_ms=5.338
|clock_suspect=0
PMLE_LIVE_REPLAY_TIC|tic=1456|mle_ms=105.699|monotonic_ms=110|clock_delta_ms=4.3
01|clock_suspect=0
PMLE_LIVE_REPLAY_TIC|tic=1457|mle_ms=16.46|monotonic_ms=20|clock_delta_ms=3.54|c
lock_suspect=0
PMLE_LIVE_REPLAY_TIC|tic=1458|mle_ms=14.535|monotonic_ms=10|clock_delta_ms=4.535
|clock_suspect=0
PMLE_LIVE_REPLAY_TIC|tic=1459|mle_ms=88.417|monotonic_ms=90|clock_delta_ms=1.583
|clock_suspect=0
PMLE_LIVE_REPLAY_TIC|tic=1460|mle_ms=11.189|monotonic_ms=10|clock_delta_ms=1.189
|clock_suspect=0
PMLE_LIVE_REPLAY_TIC|tic=1461|mle_ms=23.304|monotonic_ms=20|clock_delta_ms=3.304
|clock_suspect=0
PMLE_LIVE_REPLAY_TIC|tic=1462|mle_ms=91.875|monotonic_ms=100|clock_delta_ms=8.12
5|clock_suspect=0
PMLE_LIVE_REPLAY_TIC|tic=1463|mle_ms=32.688|monotonic_ms=30|clock_delta_ms=2.688
|clock_suspect=0
PMLE_LIVE_REPLAY_TIC|tic=1464|mle_ms=25.602|monotonic_ms=20|clock_delta_ms=5.602
|clock_suspect=0
PMLE_LIVE_REPLAY_TIC|tic=1465|mle_ms=98.564|monotonic_ms=100|clock_delta_ms=1.43
6|clock_suspect=0
PMLE_LIVE_REPLAY_TIC|tic=1466|mle_ms=39.164|monotonic_ms=40|clock_delta_ms=.836|
clock_suspect=0
PMLE_LIVE_REPLAY_TIC|tic=1467|mle_ms=21.312|monotonic_ms=20|clock_delta_ms=1.312
|clock_suspect=0
PMLE_LIVE_REPLAY_TIC|tic=1468|mle_ms=89.514|monotonic_ms=90|clock_delta_ms=.486|
clock_suspect=0
PMLE_LIVE_REPLAY_TIC|tic=1469|mle_ms=15.721|monotonic_ms=20|clock_delta_ms=4.279
|clock_suspect=0
PMLE_LIVE_REPLAY_TIC|tic=1470|mle_ms=13.175|monotonic_ms=10|clock_delta_ms=3.175
|clock_suspect=0
PMLE_LIVE_REPLAY_TIC|tic=1471|mle_ms=105.943|monotonic_ms=110|clock_delta_ms=4.0
57|clock_suspect=0
PMLE_LIVE_REPLAY_TIC|tic=1472|mle_ms=13.736|monotonic_ms=10|clock_delta_ms=3.736
|clock_suspect=0
PMLE_LIVE_REPLAY_TIC|tic=1473|mle_ms=28.01|monotonic_ms=30|clock_delta_ms=1.99|c
lock_suspect=0
PMLE_LIVE_REPLAY_TIC|tic=1474|mle_ms=95.734|monotonic_ms=100|clock_delta_ms=4.26
6|clock_suspect=0
PMLE_LIVE_REPLAY_TIC|tic=1475|mle_ms=10.648|monotonic_ms=10|clock_delta_ms=.648|
clock_suspect=0
PMLE_LIVE_REPLAY_TIC|tic=1476|mle_ms=37.999|monotonic_ms=30|clock_delta_ms=7.999
|clock_suspect=0
PMLE_LIVE_REPLAY_TIC|tic=1477|mle_ms=68.512|monotonic_ms=70|clock_delta_ms=1.488
|clock_suspect=0
PMLE_LIVE_REPLAY_TIC|tic=1478|mle_ms=14.219|monotonic_ms=20|clock_delta_ms=5.781
|clock_suspect=0
PMLE_LIVE_REPLAY_TIC|tic=1479|mle_ms=13.265|monotonic_ms=10|clock_delta_ms=3.265
|clock_suspect=0
PMLE_LIVE_REPLAY_TIC|tic=1480|mle_ms=67.251|monotonic_ms=70|clock_delta_ms=2.749
|clock_suspect=0
PMLE_LIVE_REPLAY_TIC|tic=1481|mle_ms=46.446|monotonic_ms=40|clock_delta_ms=6.446
|clock_suspect=0
PMLE_LIVE_REPLAY_TIC|tic=1482|mle_ms=19.238|monotonic_ms=20|clock_delta_ms=.762|
clock_suspect=0
PMLE_LIVE_REPLAY_TIC|tic=1483|mle_ms=105.877|monotonic_ms=110|clock_delta_ms=4.1
23|clock_suspect=0
PMLE_LIVE_REPLAY_TIC|tic=1484|mle_ms=23.397|monotonic_ms=20|clock_delta_ms=3.397
|clock_suspect=0
PMLE_LIVE_REPLAY_TIC|tic=1485|mle_ms=13.081|monotonic_ms=20|clock_delta_ms=6.919
|clock_suspect=0
PMLE_LIVE_REPLAY_TIC|tic=1486|mle_ms=144.968|monotonic_ms=140|clock_delta_ms=4.9
68|clock_suspect=0
PMLE_LIVE_REPLAY_TIC|tic=1487|mle_ms=19.827|monotonic_ms=20|clock_delta_ms=.173|
clock_suspect=0
PMLE_LIVE_REPLAY_TIC|tic=1488|mle_ms=16.239|monotonic_ms=20|clock_delta_ms=3.761
|clock_suspect=0
PMLE_LIVE_REPLAY_TIC|tic=1489|mle_ms=79.105|monotonic_ms=80|clock_delta_ms=.895|
clock_suspect=0
PMLE_LIVE_REPLAY_TIC|tic=1490|mle_ms=10.435|monotonic_ms=10|clock_delta_ms=.435|
clock_suspect=0
PMLE_LIVE_REPLAY_TIC|tic=1491|mle_ms=46.8|monotonic_ms=40|clock_delta_ms=6.8|clo
ck_suspect=0
PMLE_LIVE_REPLAY_TIC|tic=1492|mle_ms=51.138|monotonic_ms=60|clock_delta_ms=8.862
|clock_suspect=0
PMLE_LIVE_REPLAY_TIC|tic=1493|mle_ms=56.249|monotonic_ms=50|clock_delta_ms=6.249
|clock_suspect=0
PMLE_LIVE_REPLAY_TIC|tic=1494|mle_ms=23.449|monotonic_ms=30|clock_delta_ms=6.551
|clock_suspect=0
PMLE_LIVE_REPLAY_TIC|tic=1495|mle_ms=58.224|monotonic_ms=50|clock_delta_ms=8.224
|clock_suspect=0
PMLE_LIVE_REPLAY_TIC|tic=1496|mle_ms=49.199|monotonic_ms=50|clock_delta_ms=.801|
clock_suspect=0
PMLE_LIVE_REPLAY_TIC|tic=1497|mle_ms=19.08|monotonic_ms=20|clock_delta_ms=.92|cl
ock_suspect=0
PMLE_LIVE_REPLAY_TIC|tic=1498|mle_ms=47.528|monotonic_ms=50|clock_delta_ms=2.472
|clock_suspect=0
PMLE_LIVE_REPLAY_TIC|tic=1499|mle_ms=16.573|monotonic_ms=20|clock_delta_ms=3.427
|clock_suspect=0
PMLE_LIVE_REPLAY_TIC|tic=1500|mle_ms=13.408|monotonic_ms=10|clock_delta_ms=3.408
|clock_suspect=0
PMLE_LIVE_REPLAY_TIC|tic=1501|mle_ms=72.344|monotonic_ms=70|clock_delta_ms=2.344
|clock_suspect=0
PMLE_LIVE_REPLAY_TIC|tic=1502|mle_ms=11.508|monotonic_ms=20|clock_delta_ms=8.492
|clock_suspect=0
PMLE_LIVE_REPLAY_TIC|tic=1503|mle_ms=50.343|monotonic_ms=50|clock_delta_ms=.343|
clock_suspect=0
PMLE_LIVE_REPLAY_TIC|tic=1504|mle_ms=45.509|monotonic_ms=40|clock_delta_ms=5.509
|clock_suspect=0
PMLE_LIVE_REPLAY_TIC|tic=1505|mle_ms=17.345|monotonic_ms=20|clock_delta_ms=2.655
|clock_suspect=0
PMLE_LIVE_REPLAY_TIC|tic=1506|mle_ms=43.691|monotonic_ms=40|clock_delta_ms=3.691
|clock_suspect=0
PMLE_LIVE_REPLAY_TIC|tic=1507|mle_ms=66.04|monotonic_ms=70|clock_delta_ms=3.96|c
lock_suspect=0
PMLE_LIVE_REPLAY_TIC|tic=1508|mle_ms=15.753|monotonic_ms=10|clock_delta_ms=5.753
|clock_suspect=0
PMLE_LIVE_REPLAY_TIC|tic=1509|mle_ms=14.974|monotonic_ms=20|clock_delta_ms=5.026
|clock_suspect=0
PMLE_LIVE_REPLAY_TIC|tic=1510|mle_ms=46.485|monotonic_ms=50|clock_delta_ms=3.515
|clock_suspect=0
PMLE_LIVE_REPLAY_TIC|tic=1511|mle_ms=53.413|monotonic_ms=50|clock_delta_ms=3.413
|clock_suspect=0
PMLE_LIVE_REPLAY_TIC|tic=1512|mle_ms=15.211|monotonic_ms=10|clock_delta_ms=5.211
|clock_suspect=0
PMLE_LIVE_REPLAY_TIC|tic=1513|mle_ms=117.504|monotonic_ms=120|clock_delta_ms=2.4
96|clock_suspect=0
PMLE_LIVE_REPLAY_TIC|tic=1514|mle_ms=58.491|monotonic_ms=60|clock_delta_ms=1.509
|clock_suspect=0
PMLE_LIVE_REPLAY_TIC|tic=1515|mle_ms=12.488|monotonic_ms=10|clock_delta_ms=2.488
|clock_suspect=0
PMLE_LIVE_REPLAY_TIC|tic=1516|mle_ms=70.987|monotonic_ms=70|clock_delta_ms=.987|
clock_suspect=0
PMLE_LIVE_REPLAY_TIC|tic=1517|mle_ms=62.502|monotonic_ms=70|clock_delta_ms=7.498
|clock_suspect=0
PMLE_LIVE_REPLAY_TIC|tic=1518|mle_ms=18.61|monotonic_ms=20|clock_delta_ms=1.39|c
lock_suspect=0
PMLE_LIVE_REPLAY_TIC|tic=1519|mle_ms=56.717|monotonic_ms=50|clock_delta_ms=6.717
|clock_suspect=0
PMLE_LIVE_REPLAY_TIC|tic=1520|mle_ms=46.65|monotonic_ms=50|clock_delta_ms=3.35|c
lock_suspect=0
PMLE_LIVE_REPLAY_TIC|tic=1521|mle_ms=54.181|monotonic_ms=50|clock_delta_ms=4.181
|clock_suspect=0
PMLE_LIVE_REPLAY_TIC|tic=1522|mle_ms=46.079|monotonic_ms=50|clock_delta_ms=3.921
|clock_suspect=0
PMLE_LIVE_REPLAY_TIC|tic=1523|mle_ms=118.813|monotonic_ms=120|clock_delta_ms=1.1
87|clock_suspect=0
PMLE_LIVE_REPLAY_TIC|tic=1524|mle_ms=35.594|monotonic_ms=30|clock_delta_ms=5.594
|clock_suspect=0
PMLE_LIVE_REPLAY_TIC|tic=1525|mle_ms=59.362|monotonic_ms=60|clock_delta_ms=.638|
clock_suspect=0
PMLE_LIVE_REPLAY_TIC|tic=1526|mle_ms=86.118|monotonic_ms=90|clock_delta_ms=3.882
|clock_suspect=0
PMLE_LIVE_REPLAY_TIC|tic=1527|mle_ms=24.6|monotonic_ms=20|clock_delta_ms=4.6|clo
ck_suspect=0
PMLE_LIVE_REPLAY_TIC|tic=1528|mle_ms=75.202|monotonic_ms=80|clock_delta_ms=4.798
|clock_suspect=0
PMLE_LIVE_REPLAY_TIC|tic=1529|mle_ms=54.108|monotonic_ms=50|clock_delta_ms=4.108
|clock_suspect=0
PMLE_LIVE_REPLAY_TIC|tic=1530|mle_ms=15.867|monotonic_ms=20|clock_delta_ms=4.133
|clock_suspect=0
PMLE_LIVE_REPLAY_TIC|tic=1531|mle_ms=71.399|monotonic_ms=70|clock_delta_ms=1.399
|clock_suspect=0
PMLE_LIVE_REPLAY_TIC|tic=1532|mle_ms=45.457|monotonic_ms=50|clock_delta_ms=4.543
|clock_suspect=0
PMLE_LIVE_REPLAY_TIC|tic=1533|mle_ms=44.642|monotonic_ms=40|clock_delta_ms=4.642
|clock_suspect=0
PMLE_LIVE_REPLAY_TIC|tic=1534|mle_ms=26.618|monotonic_ms=30|clock_delta_ms=3.382
|clock_suspect=0
PMLE_LIVE_REPLAY_TIC|tic=1535|mle_ms=45.682|monotonic_ms=40|clock_delta_ms=5.682
|clock_suspect=0
PMLE_LIVE_REPLAY_TIC|tic=1536|mle_ms=38.833|monotonic_ms=40|clock_delta_ms=1.167
|clock_suspect=0
PMLE_LIVE_REPLAY_TIC|tic=1537|mle_ms=19.327|monotonic_ms=20|clock_delta_ms=.673|
clock_suspect=0
PMLE_LIVE_REPLAY_TIC|tic=1538|mle_ms=51.25|monotonic_ms=50|clock_delta_ms=1.25|c
lock_suspect=0
PMLE_LIVE_REPLAY_TIC|tic=1539|mle_ms=16.011|monotonic_ms=20|clock_delta_ms=3.989
|clock_suspect=0
PMLE_LIVE_REPLAY_TIC|tic=1540|mle_ms=14.073|monotonic_ms=10|clock_delta_ms=4.073
|clock_suspect=0
PMLE_LIVE_REPLAY_TIC|tic=1541|mle_ms=79.319|monotonic_ms=80|clock_delta_ms=.681|
clock_suspect=0
PMLE_LIVE_REPLAY_TIC|tic=1542|mle_ms=16.614|monotonic_ms=20|clock_delta_ms=3.386
|clock_suspect=0
PMLE_LIVE_REPLAY_TIC|tic=1543|mle_ms=52.459|monotonic_ms=50|clock_delta_ms=2.459
|clock_suspect=0
PMLE_LIVE_REPLAY_TIC|tic=1544|mle_ms=55.347|monotonic_ms=60|clock_delta_ms=4.653
|clock_suspect=0
PMLE_LIVE_REPLAY_TIC|tic=1545|mle_ms=12.088|monotonic_ms=10|clock_delta_ms=2.088
|clock_suspect=0
PMLE_LIVE_REPLAY_TIC|tic=1546|mle_ms=40.586|monotonic_ms=40|clock_delta_ms=.586|
clock_suspect=0
PMLE_LIVE_REPLAY_TIC|tic=1547|mle_ms=54.364|monotonic_ms=60|clock_delta_ms=5.636
|clock_suspect=0
PMLE_LIVE_REPLAY_TIC|tic=1548|mle_ms=21.175|monotonic_ms=20|clock_delta_ms=1.175
|clock_suspect=0
PMLE_LIVE_REPLAY_TIC|tic=1549|mle_ms=19.469|monotonic_ms=20|clock_delta_ms=.531|
clock_suspect=0
PMLE_LIVE_REPLAY_TIC|tic=1550|mle_ms=41.872|monotonic_ms=40|clock_delta_ms=1.872
|clock_suspect=0
PMLE_LIVE_REPLAY_TIC|tic=1551|mle_ms=51.696|monotonic_ms=50|clock_delta_ms=1.696
|clock_suspect=0
PMLE_LIVE_REPLAY_TIC|tic=1552|mle_ms=19.856|monotonic_ms=20|clock_delta_ms=.144|
clock_suspect=0
PMLE_LIVE_REPLAY_TIC|tic=1553|mle_ms=86.924|monotonic_ms=90|clock_delta_ms=3.076
|clock_suspect=0
PMLE_LIVE_REPLAY_TIC|tic=1554|mle_ms=37.468|monotonic_ms=30|clock_delta_ms=7.468
|clock_suspect=0
PMLE_LIVE_REPLAY_TIC|tic=1555|mle_ms=21.505|monotonic_ms=30|clock_delta_ms=8.495
|clock_suspect=0
PMLE_LIVE_REPLAY_TIC|tic=1556|mle_ms=99.977|monotonic_ms=100|clock_delta_ms=.023
|clock_suspect=0
PMLE_LIVE_REPLAY_TIC|tic=1557|mle_ms=23.554|monotonic_ms=20|clock_delta_ms=3.554
|clock_suspect=0
PMLE_LIVE_REPLAY_TIC|tic=1558|mle_ms=21.604|monotonic_ms=20|clock_delta_ms=1.604
|clock_suspect=0
PMLE_LIVE_REPLAY_TIC|tic=1559|mle_ms=77.373|monotonic_ms=80|clock_delta_ms=2.627
|clock_suspect=0
PMLE_LIVE_REPLAY_TIC|tic=1560|mle_ms=18.041|monotonic_ms=20|clock_delta_ms=1.959
|clock_suspect=0
PMLE_LIVE_REPLAY_TIC|tic=1561|mle_ms=47.589|monotonic_ms=50|clock_delta_ms=2.411
|clock_suspect=0
PMLE_LIVE_REPLAY_TIC|tic=1562|mle_ms=97.845|monotonic_ms=90|clock_delta_ms=7.845
|clock_suspect=0
PMLE_LIVE_REPLAY_TIC|tic=1563|mle_ms=52.883|monotonic_ms=60|clock_delta_ms=7.117
|clock_suspect=0
PMLE_LIVE_REPLAY_TIC|tic=1564|mle_ms=38.256|monotonic_ms=30|clock_delta_ms=8.256
|clock_suspect=0
PMLE_LIVE_REPLAY_TIC|tic=1565|mle_ms=88.443|monotonic_ms=90|clock_delta_ms=1.557
|clock_suspect=0
PMLE_LIVE_REPLAY_TIC|tic=1566|mle_ms=52.304|monotonic_ms=60|clock_delta_ms=7.696
|clock_suspect=0
PMLE_LIVE_REPLAY_TIC|tic=1567|mle_ms=28.949|monotonic_ms=20|clock_delta_ms=8.949
|clock_suspect=0
PMLE_LIVE_REPLAY_TIC|tic=1568|mle_ms=89.106|monotonic_ms=90|clock_delta_ms=.894|
clock_suspect=0
PMLE_LIVE_REPLAY_TIC|tic=1569|mle_ms=20.113|monotonic_ms=20|clock_delta_ms=.113|
clock_suspect=0
PMLE_LIVE_REPLAY_TIC|tic=1570|mle_ms=15.203|monotonic_ms=20|clock_delta_ms=4.797
|clock_suspect=0
PMLE_LIVE_REPLAY_TIC|tic=1571|mle_ms=104.814|monotonic_ms=100|clock_delta_ms=4.8
14|clock_suspect=0
PMLE_LIVE_REPLAY_TIC|tic=1572|mle_ms=19.709|monotonic_ms=20|clock_delta_ms=.291|
clock_suspect=0
PMLE_LIVE_REPLAY_TIC|tic=1573|mle_ms=55.283|monotonic_ms=60|clock_delta_ms=4.717
|clock_suspect=0
PMLE_LIVE_REPLAY_TIC|tic=1574|mle_ms=61.012|monotonic_ms=60|clock_delta_ms=1.012
|clock_suspect=0
PMLE_LIVE_REPLAY_TIC|tic=1575|mle_ms=18.853|monotonic_ms=20|clock_delta_ms=1.147
|clock_suspect=0
PMLE_LIVE_REPLAY_TIC|tic=1576|mle_ms=34.451|monotonic_ms=30|clock_delta_ms=4.451
|clock_suspect=0
PMLE_LIVE_REPLAY_TIC|tic=1577|mle_ms=52.879|monotonic_ms=60|clock_delta_ms=7.121
|clock_suspect=0
PMLE_LIVE_REPLAY_TIC|tic=1578|mle_ms=21.727|monotonic_ms=20|clock_delta_ms=1.727
|clock_suspect=0
PMLE_LIVE_REPLAY_TIC|tic=1579|mle_ms=21.362|monotonic_ms=20|clock_delta_ms=1.362
|clock_suspect=0
PMLE_LIVE_REPLAY_TIC|tic=1580|mle_ms=59.633|monotonic_ms=60|clock_delta_ms=.367|
clock_suspect=0
PMLE_LIVE_REPLAY_TIC|tic=1581|mle_ms=55.784|monotonic_ms=60|clock_delta_ms=4.216
|clock_suspect=0
PMLE_LIVE_REPLAY_TIC|tic=1582|mle_ms=18.484|monotonic_ms=10|clock_delta_ms=8.484
|clock_suspect=0
PMLE_LIVE_REPLAY_TIC|tic=1583|mle_ms=66.915|monotonic_ms=70|clock_delta_ms=3.085
|clock_suspect=0
PMLE_LIVE_REPLAY_TIC|tic=1584|mle_ms=31.395|monotonic_ms=30|clock_delta_ms=1.395
|clock_suspect=0
PMLE_LIVE_REPLAY_TIC|tic=1585|mle_ms=18.02|monotonic_ms=20|clock_delta_ms=1.98|c
lock_suspect=0
PMLE_LIVE_REPLAY_TIC|tic=1586|mle_ms=82.825|monotonic_ms=80|clock_delta_ms=2.825
|clock_suspect=0
PMLE_LIVE_REPLAY_TIC|tic=1587|mle_ms=59.179|monotonic_ms=60|clock_delta_ms=.821|
clock_suspect=0
PMLE_LIVE_REPLAY_TIC|tic=1588|mle_ms=26.819|monotonic_ms=30|clock_delta_ms=3.181
|clock_suspect=0
PMLE_LIVE_REPLAY_TIC|tic=1589|mle_ms=65.055|monotonic_ms=60|clock_delta_ms=5.055
|clock_suspect=0
PMLE_LIVE_REPLAY_TIC|tic=1590|mle_ms=23.29|monotonic_ms=30|clock_delta_ms=6.71|c
lock_suspect=0
PMLE_LIVE_REPLAY_TIC|tic=1591|mle_ms=60.027|monotonic_ms=60|clock_delta_ms=.027|
clock_suspect=0
PMLE_LIVE_REPLAY_TIC|tic=1592|mle_ms=63.372|monotonic_ms=60|clock_delta_ms=3.372
|clock_suspect=0
PMLE_LIVE_REPLAY_TIC|tic=1593|mle_ms=50.544|monotonic_ms=50|clock_delta_ms=.544|
clock_suspect=0
PMLE_LIVE_REPLAY_TIC|tic=1594|mle_ms=38.101|monotonic_ms=40|clock_delta_ms=1.899
|clock_suspect=0
PMLE_LIVE_REPLAY_TIC|tic=1595|mle_ms=61.132|monotonic_ms=60|clock_delta_ms=1.132
|clock_suspect=0
PMLE_LIVE_REPLAY_TIC|tic=1596|mle_ms=111.673|monotonic_ms=110|clock_delta_ms=1.6
73|clock_suspect=0
PMLE_LIVE_REPLAY_TIC|tic=1597|mle_ms=51.69|monotonic_ms=60|clock_delta_ms=8.31|c
lock_suspect=0
PMLE_LIVE_REPLAY_TIC|tic=1598|mle_ms=66.956|monotonic_ms=60|clock_delta_ms=6.956
|clock_suspect=0
PMLE_LIVE_REPLAY_TIC|tic=1599|mle_ms=88.452|monotonic_ms=90|clock_delta_ms=1.548
|clock_suspect=0
PMLE_LIVE_REPLAY_TIC|tic=1600|mle_ms=37.166|monotonic_ms=40|clock_delta_ms=2.834
|clock_suspect=0
PMLE_LIVE_REPLAY_TIC|tic=1601|mle_ms=100.294|monotonic_ms=100|clock_delta_ms=.29
4|clock_suspect=0
PMLE_LIVE_REPLAY_TIC|tic=1602|mle_ms=92.02|monotonic_ms=90|clock_delta_ms=2.02|c
lock_suspect=0
PMLE_LIVE_REPLAY_TIC|tic=1603|mle_ms=55.349|monotonic_ms=60|clock_delta_ms=4.651
|clock_suspect=0
PMLE_LIVE_REPLAY_TIC|tic=1604|mle_ms=79.483|monotonic_ms=70|clock_delta_ms=9.483
|clock_suspect=0
PMLE_LIVE_REPLAY_TIC|tic=1605|mle_ms=-30.083|monotonic_ms=90|clock_delta_ms=120.
083|clock_suspect=1
PMLE_LIVE_REPLAY_TIC|tic=1606|mle_ms=70.326|monotonic_ms=70|clock_delta_ms=.326|
clock_suspect=0
PMLE_LIVE_REPLAY_TIC|tic=1607|mle_ms=108.281|monotonic_ms=110|clock_delta_ms=1.7
19|clock_suspect=0
PMLE_LIVE_REPLAY_TIC|tic=1608|mle_ms=120.798|monotonic_ms=120|clock_delta_ms=.79
8|clock_suspect=0
PMLE_LIVE_REPLAY_TIC|tic=1609|mle_ms=47.86|monotonic_ms=50|clock_delta_ms=2.14|c
lock_suspect=0
PMLE_LIVE_REPLAY_TIC|tic=1610|mle_ms=82.805|monotonic_ms=80|clock_delta_ms=2.805
|clock_suspect=0
PMLE_LIVE_REPLAY_TIC|tic=1611|mle_ms=120.847|monotonic_ms=120|clock_delta_ms=.84
7|clock_suspect=0
PMLE_LIVE_REPLAY_TIC|tic=1612|mle_ms=41.432|monotonic_ms=40|clock_delta_ms=1.432
|clock_suspect=0
PMLE_LIVE_REPLAY_TIC|tic=1613|mle_ms=98.044|monotonic_ms=100|clock_delta_ms=1.95
6|clock_suspect=0
PMLE_LIVE_REPLAY_TIC|tic=1614|mle_ms=102.199|monotonic_ms=100|clock_delta_ms=2.1
99|clock_suspect=0
PMLE_LIVE_REPLAY_TIC|tic=1615|mle_ms=44.376|monotonic_ms=50|clock_delta_ms=5.624
|clock_suspect=0
PMLE_LIVE_REPLAY_TIC|tic=1616|mle_ms=102.422|monotonic_ms=100|clock_delta_ms=2.4
22|clock_suspect=0
PMLE_LIVE_REPLAY_TIC|tic=1617|mle_ms=104.475|monotonic_ms=100|clock_delta_ms=4.4
75|clock_suspect=0
PMLE_LIVE_REPLAY_TIC|tic=1618|mle_ms=46.613|monotonic_ms=50|clock_delta_ms=3.387
|clock_suspect=0
PMLE_LIVE_REPLAY_TIC|tic=1619|mle_ms=91.761|monotonic_ms=90|clock_delta_ms=1.761
|clock_suspect=0
PMLE_LIVE_REPLAY_TIC|tic=1620|mle_ms=100.605|monotonic_ms=100|clock_delta_ms=.60
5|clock_suspect=0
PMLE_LIVE_REPLAY_TIC|tic=1621|mle_ms=86.406|monotonic_ms=90|clock_delta_ms=3.594
|clock_suspect=0
PMLE_LIVE_REPLAY_TIC|tic=1622|mle_ms=144.5|monotonic_ms=140|clock_delta_ms=4.5|c
lock_suspect=0
PMLE_LIVE_REPLAY_TIC|tic=1623|mle_ms=154.881|monotonic_ms=160|clock_delta_ms=5.1
19|clock_suspect=0
PMLE_LIVE_REPLAY_TIC|tic=1624|mle_ms=55.221|monotonic_ms=50|clock_delta_ms=5.221
|clock_suspect=0
PMLE_LIVE_REPLAY_TIC|tic=1625|mle_ms=93.419|monotonic_ms=100|clock_delta_ms=6.58
1|clock_suspect=0
PMLE_LIVE_REPLAY_TIC|tic=1626|mle_ms=108.763|monotonic_ms=110|clock_delta_ms=1.2
37|clock_suspect=0
PMLE_LIVE_REPLAY_TIC|tic=1627|mle_ms=52.364|monotonic_ms=50|clock_delta_ms=2.364
|clock_suspect=0
PMLE_LIVE_REPLAY_TIC|tic=1628|mle_ms=99.811|monotonic_ms=100|clock_delta_ms=.189
|clock_suspect=0
PMLE_LIVE_REPLAY_TIC|tic=1629|mle_ms=84.902|monotonic_ms=80|clock_delta_ms=4.902
|clock_suspect=0
PMLE_LIVE_REPLAY_TIC|tic=1630|mle_ms=33.282|monotonic_ms=40|clock_delta_ms=6.718
|clock_suspect=0
PMLE_LIVE_REPLAY_TIC|tic=1631|mle_ms=112.768|monotonic_ms=110|clock_delta_ms=2.7
68|clock_suspect=0
PMLE_LIVE_REPLAY_TIC|tic=1632|mle_ms=83.094|monotonic_ms=80|clock_delta_ms=3.094
|clock_suspect=0
PMLE_LIVE_REPLAY_TIC|tic=1633|mle_ms=53.502|monotonic_ms=60|clock_delta_ms=6.498
|clock_suspect=0
PMLE_LIVE_REPLAY_TIC|tic=1634|mle_ms=109.734|monotonic_ms=110|clock_delta_ms=.26
6|clock_suspect=0
PMLE_LIVE_REPLAY_TIC|tic=1635|mle_ms=89.764|monotonic_ms=90|clock_delta_ms=.236|
clock_suspect=0
PMLE_LIVE_REPLAY_TIC|tic=1636|mle_ms=56.017|monotonic_ms=50|clock_delta_ms=6.017
|clock_suspect=0
PMLE_LIVE_REPLAY_TIC|tic=1637|mle_ms=92.821|monotonic_ms=100|clock_delta_ms=7.17
9|clock_suspect=0
PMLE_LIVE_REPLAY_TIC|tic=1638|mle_ms=95.482|monotonic_ms=90|clock_delta_ms=5.482
|clock_suspect=0
PMLE_LIVE_REPLAY_TIC|tic=1639|mle_ms=35.844|monotonic_ms=40|clock_delta_ms=4.156
|clock_suspect=0
PMLE_LIVE_REPLAY_TIC|tic=1640|mle_ms=88.091|monotonic_ms=90|clock_delta_ms=1.909
|clock_suspect=0
PMLE_LIVE_REPLAY_TIC|tic=1641|mle_ms=114.23|monotonic_ms=110|clock_delta_ms=4.23
|clock_suspect=0
PMLE_LIVE_REPLAY_TIC|tic=1642|mle_ms=40.238|monotonic_ms=40|clock_delta_ms=.238|
clock_suspect=0
PMLE_LIVE_REPLAY_TIC|tic=1643|mle_ms=97.755|monotonic_ms=100|clock_delta_ms=2.24
5|clock_suspect=0
PMLE_LIVE_REPLAY_TIC|tic=1644|mle_ms=95.449|monotonic_ms=90|clock_delta_ms=5.449
|clock_suspect=0
PMLE_LIVE_REPLAY_TIC|tic=1645|mle_ms=275.866|monotonic_ms=280|clock_delta_ms=4.1
34|clock_suspect=0
PMLE_LIVE_REPLAY_TIC|tic=1646|mle_ms=120.615|monotonic_ms=120|clock_delta_ms=.61
5|clock_suspect=0
PMLE_LIVE_REPLAY_TIC|tic=1647|mle_ms=139.401|monotonic_ms=140|clock_delta_ms=.59
9|clock_suspect=0
PMLE_LIVE_REPLAY_TIC|tic=1648|mle_ms=145.172|monotonic_ms=150|clock_delta_ms=4.8
28|clock_suspect=0
PMLE_LIVE_REPLAY_TIC|tic=1649|mle_ms=94.894|monotonic_ms=90|clock_delta_ms=4.894
|clock_suspect=0
PMLE_LIVE_REPLAY_TIC|tic=1650|mle_ms=116.834|monotonic_ms=120|clock_delta_ms=3.1
66|clock_suspect=0
PMLE_LIVE_REPLAY_TIC|tic=1651|mle_ms=82.144|monotonic_ms=80|clock_delta_ms=2.144
|clock_suspect=0
PMLE_LIVE_REPLAY_TIC|tic=1652|mle_ms=94.417|monotonic_ms=90|clock_delta_ms=4.417
|clock_suspect=0
PMLE_LIVE_REPLAY_TIC|tic=1653|mle_ms=130.512|monotonic_ms=130|clock_delta_ms=.51
2|clock_suspect=0
PMLE_LIVE_REPLAY_TIC|tic=1654|mle_ms=51.474|monotonic_ms=60|clock_delta_ms=8.526
|clock_suspect=0
PMLE_LIVE_REPLAY_TIC|tic=1655|mle_ms=81.571|monotonic_ms=80|clock_delta_ms=1.571
|clock_suspect=0
PMLE_LIVE_REPLAY_TIC|tic=1656|mle_ms=126.286|monotonic_ms=120|clock_delta_ms=6.2
86|clock_suspect=0
PMLE_LIVE_REPLAY_TIC|tic=1657|mle_ms=38.514|monotonic_ms=40|clock_delta_ms=1.486
|clock_suspect=0
PMLE_LIVE_REPLAY_TIC|tic=1658|mle_ms=89.009|monotonic_ms=90|clock_delta_ms=.991|
clock_suspect=0
PMLE_LIVE_REPLAY_TIC|tic=1659|mle_ms=124.646|monotonic_ms=130|clock_delta_ms=5.3
54|clock_suspect=0
PMLE_LIVE_REPLAY_TIC|tic=1660|mle_ms=26.114|monotonic_ms=20|clock_delta_ms=6.114
|clock_suspect=0
PMLE_LIVE_REPLAY_TIC|tic=1661|mle_ms=102.221|monotonic_ms=100|clock_delta_ms=2.2
21|clock_suspect=0
PMLE_LIVE_REPLAY_TIC|tic=1662|mle_ms=103.804|monotonic_ms=110|clock_delta_ms=6.1
96|clock_suspect=0
PMLE_LIVE_REPLAY_TIC|tic=1663|mle_ms=46.169|monotonic_ms=50|clock_delta_ms=3.831
|clock_suspect=0
PMLE_LIVE_REPLAY_TIC|tic=1664|mle_ms=114.003|monotonic_ms=110|clock_delta_ms=4.0
03|clock_suspect=0
PMLE_LIVE_REPLAY_TIC|tic=1665|mle_ms=121.415|monotonic_ms=120|clock_delta_ms=1.4
15|clock_suspect=0
PMLE_LIVE_REPLAY_TIC|tic=1666|mle_ms=40.872|monotonic_ms=40|clock_delta_ms=.872|
clock_suspect=0
PMLE_LIVE_REPLAY_TIC|tic=1667|mle_ms=74.576|monotonic_ms=80|clock_delta_ms=5.424
|clock_suspect=0
PMLE_LIVE_REPLAY_TIC|tic=1668|mle_ms=105.644|monotonic_ms=100|clock_delta_ms=5.6
44|clock_suspect=0
PMLE_LIVE_REPLAY_TIC|tic=1669|mle_ms=30.534|monotonic_ms=30|clock_delta_ms=.534|
clock_suspect=0
PMLE_LIVE_REPLAY_TIC|tic=1670|mle_ms=73.165|monotonic_ms=80|clock_delta_ms=6.835
|clock_suspect=0
PMLE_LIVE_REPLAY_TIC|tic=1671|mle_ms=101.224|monotonic_ms=100|clock_delta_ms=1.2
24|clock_suspect=0
PMLE_LIVE_REPLAY_TIC|tic=1672|mle_ms=28.305|monotonic_ms=30|clock_delta_ms=1.695
|clock_suspect=0
PMLE_LIVE_REPLAY_TIC|tic=1673|mle_ms=103.998|monotonic_ms=100|clock_delta_ms=3.9
98|clock_suspect=0
PMLE_LIVE_REPLAY_TIC|tic=1674|mle_ms=112.052|monotonic_ms=110|clock_delta_ms=2.0
52|clock_suspect=0
PMLE_LIVE_REPLAY_TIC|tic=1675|mle_ms=23.116|monotonic_ms=30|clock_delta_ms=6.884
|clock_suspect=0
PMLE_LIVE_REPLAY_TIC|tic=1676|mle_ms=98.473|monotonic_ms=90|clock_delta_ms=8.473
|clock_suspect=0
PMLE_LIVE_REPLAY_TIC|tic=1677|mle_ms=97.063|monotonic_ms=100|clock_delta_ms=2.93
7|clock_suspect=0
PMLE_LIVE_REPLAY_TIC|tic=1678|mle_ms=22.38|monotonic_ms=20|clock_delta_ms=2.38|c
lock_suspect=0
PMLE_LIVE_REPLAY_TIC|tic=1679|mle_ms=72.044|monotonic_ms=80|clock_delta_ms=7.956
|clock_suspect=0
PMLE_LIVE_REPLAY_TIC|tic=1680|mle_ms=98.388|monotonic_ms=90|clock_delta_ms=8.388
|clock_suspect=0
PMLE_LIVE_REPLAY_TIC|tic=1681|mle_ms=21.049|monotonic_ms=20|clock_delta_ms=1.049
|clock_suspect=0
PMLE_LIVE_REPLAY_TIC|tic=1682|mle_ms=95.765|monotonic_ms=100|clock_delta_ms=4.23
5|clock_suspect=0
PMLE_LIVE_REPLAY_TIC|tic=1683|mle_ms=153.954|monotonic_ms=150|clock_delta_ms=3.9
54|clock_suspect=0
PMLE_LIVE_REPLAY_TIC|tic=1684|mle_ms=32.578|monotonic_ms=40|clock_delta_ms=7.422
|clock_suspect=0
PMLE_LIVE_REPLAY_TIC|tic=1685|mle_ms=104.636|monotonic_ms=100|clock_delta_ms=4.6
36|clock_suspect=0
PMLE_LIVE_REPLAY_TIC|tic=1686|mle_ms=130.318|monotonic_ms=130|clock_delta_ms=.31
8|clock_suspect=0
PMLE_LIVE_REPLAY_TIC|tic=1687|mle_ms=24.909|monotonic_ms=30|clock_delta_ms=5.091
|clock_suspect=0
PMLE_LIVE_REPLAY_TIC|tic=1688|mle_ms=79.321|monotonic_ms=80|clock_delta_ms=.679|
clock_suspect=0
PMLE_LIVE_REPLAY_TIC|tic=1689|mle_ms=99.165|monotonic_ms=100|clock_delta_ms=.835
|clock_suspect=0
PMLE_LIVE_REPLAY_TIC|tic=1690|mle_ms=21.515|monotonic_ms=20|clock_delta_ms=1.515
|clock_suspect=0
PMLE_LIVE_REPLAY_TIC|tic=1691|mle_ms=71.728|monotonic_ms=70|clock_delta_ms=1.728
|clock_suspect=0
PMLE_LIVE_REPLAY_TIC|tic=1692|mle_ms=96.363|monotonic_ms=100|clock_delta_ms=3.63
7|clock_suspect=0
PMLE_LIVE_REPLAY_TIC|tic=1693|mle_ms=26.955|monotonic_ms=20|clock_delta_ms=6.955
|clock_suspect=0
PMLE_LIVE_REPLAY_TIC|tic=1694|mle_ms=97.652|monotonic_ms=100|clock_delta_ms=2.34
8|clock_suspect=0
PMLE_LIVE_REPLAY_TIC|tic=1695|mle_ms=90.999|monotonic_ms=90|clock_delta_ms=.999|
clock_suspect=0
PMLE_LIVE_REPLAY_TIC|tic=1696|mle_ms=52.97|monotonic_ms=60|clock_delta_ms=7.03|c
lock_suspect=0
PMLE_LIVE_REPLAY_TIC|tic=1697|mle_ms=79.852|monotonic_ms=70|clock_delta_ms=9.852
|clock_suspect=0
PMLE_LIVE_REPLAY_TIC|tic=1698|mle_ms=125.719|monotonic_ms=120|clock_delta_ms=5.7
19|clock_suspect=0
PMLE_LIVE_REPLAY_TIC|tic=1699|mle_ms=25.864|monotonic_ms=30|clock_delta_ms=4.136
|clock_suspect=0
PMLE_LIVE_REPLAY_TIC|tic=1700|mle_ms=78.147|monotonic_ms=70|clock_delta_ms=8.147
|clock_suspect=0
PMLE_LIVE_REPLAY_TIC|tic=1701|mle_ms=82.443|monotonic_ms=90|clock_delta_ms=7.557
|clock_suspect=0
PMLE_LIVE_REPLAY_TIC|tic=1702|mle_ms=17.023|monotonic_ms=10|clock_delta_ms=7.023
|clock_suspect=0
PMLE_LIVE_REPLAY_TIC|tic=1703|mle_ms=82.744|monotonic_ms=90|clock_delta_ms=7.256
|clock_suspect=0
PMLE_LIVE_REPLAY_TIC|tic=1704|mle_ms=98.265|monotonic_ms=90|clock_delta_ms=8.265
|clock_suspect=0
PMLE_LIVE_REPLAY_TIC|tic=1705|mle_ms=17.95|monotonic_ms=20|clock_delta_ms=2.05|c
lock_suspect=0
PMLE_LIVE_REPLAY_TIC|tic=1706|mle_ms=98.571|monotonic_ms=100|clock_delta_ms=1.42
9|clock_suspect=0
PMLE_LIVE_REPLAY_TIC|tic=1707|mle_ms=105.373|monotonic_ms=110|clock_delta_ms=4.6
27|clock_suspect=0
PMLE_LIVE_REPLAY_TIC|tic=1708|mle_ms=24.157|monotonic_ms=20|clock_delta_ms=4.157
|clock_suspect=0
PMLE_LIVE_REPLAY_TIC|tic=1709|mle_ms=78.799|monotonic_ms=80|clock_delta_ms=1.201
|clock_suspect=0
PMLE_LIVE_REPLAY_TIC|tic=1710|mle_ms=100.738|monotonic_ms=100|clock_delta_ms=.73
8|clock_suspect=0
PMLE_LIVE_REPLAY_TIC|tic=1711|mle_ms=15.047|monotonic_ms=20|clock_delta_ms=4.953
|clock_suspect=0
PMLE_LIVE_REPLAY_TIC|tic=1712|mle_ms=19.592|monotonic_ms=20|clock_delta_ms=.408|
clock_suspect=0
PMLE_LIVE_REPLAY_TIC|tic=1713|mle_ms=90.578|monotonic_ms=90|clock_delta_ms=.578|
clock_suspect=0
PMLE_LIVE_REPLAY_TIC|tic=1714|mle_ms=18.326|monotonic_ms=10|clock_delta_ms=8.326
|clock_suspect=0
PMLE_LIVE_REPLAY_TIC|tic=1715|mle_ms=19.626|monotonic_ms=20|clock_delta_ms=.374|
clock_suspect=0
PMLE_LIVE_REPLAY_TIC|tic=1716|mle_ms=104.321|monotonic_ms=110|clock_delta_ms=5.6
79|clock_suspect=0
PMLE_LIVE_REPLAY_TIC|tic=1717|mle_ms=11.513|monotonic_ms=10|clock_delta_ms=1.513
|clock_suspect=0
PMLE_LIVE_REPLAY_TIC|tic=1718|mle_ms=61.842|monotonic_ms=60|clock_delta_ms=1.842
|clock_suspect=0
PMLE_LIVE_REPLAY_TIC|tic=1719|mle_ms=86.352|monotonic_ms=90|clock_delta_ms=3.648
|clock_suspect=0
PMLE_LIVE_REPLAY_TIC|tic=1720|mle_ms=13.02|monotonic_ms=10|clock_delta_ms=3.02|c
lock_suspect=0
PMLE_LIVE_REPLAY_TIC|tic=1721|mle_ms=63.101|monotonic_ms=60|clock_delta_ms=3.101
|clock_suspect=0
PMLE_LIVE_REPLAY_TIC|tic=1722|mle_ms=84.673|monotonic_ms=90|clock_delta_ms=5.327
|clock_suspect=0
PMLE_LIVE_REPLAY_TIC|tic=1723|mle_ms=23.862|monotonic_ms=20|clock_delta_ms=3.862
|clock_suspect=0
PMLE_LIVE_REPLAY_TIC|tic=1724|mle_ms=85.201|monotonic_ms=90|clock_delta_ms=4.799
|clock_suspect=0
PMLE_LIVE_REPLAY_TIC|tic=1725|mle_ms=30.614|monotonic_ms=30|clock_delta_ms=.614|
clock_suspect=0
PMLE_LIVE_REPLAY_TIC|tic=1726|mle_ms=44.825|monotonic_ms=40|clock_delta_ms=4.825
|clock_suspect=0
PMLE_LIVE_REPLAY_TIC|tic=1727|mle_ms=61.592|monotonic_ms=70|clock_delta_ms=8.408
|clock_suspect=0
PMLE_LIVE_REPLAY_TIC|tic=1728|mle_ms=32.857|monotonic_ms=30|clock_delta_ms=2.857
|clock_suspect=0
PMLE_LIVE_REPLAY_TIC|tic=1729|mle_ms=13.463|monotonic_ms=10|clock_delta_ms=3.463
|clock_suspect=0
PMLE_LIVE_REPLAY_TIC|tic=1730|mle_ms=85.443|monotonic_ms=90|clock_delta_ms=4.557
|clock_suspect=0
PMLE_LIVE_REPLAY_TIC|tic=1731|mle_ms=35.431|monotonic_ms=30|clock_delta_ms=5.431
|clock_suspect=0
PMLE_LIVE_REPLAY_TIC|tic=1732|mle_ms=14.856|monotonic_ms=20|clock_delta_ms=5.144
|clock_suspect=0
PMLE_LIVE_REPLAY_TIC|tic=1733|mle_ms=70.849|monotonic_ms=70|clock_delta_ms=.849|
clock_suspect=0
PMLE_LIVE_REPLAY_TIC|tic=1734|mle_ms=41.607|monotonic_ms=40|clock_delta_ms=1.607
|clock_suspect=0
PMLE_LIVE_REPLAY_TIC|tic=1735|mle_ms=-99.64|monotonic_ms=20|clock_delta_ms=119.6
4|clock_suspect=1
PMLE_LIVE_REPLAY_TIC|tic=1736|mle_ms=92.847|monotonic_ms=90|clock_delta_ms=2.847
|clock_suspect=0
PMLE_LIVE_REPLAY_TIC|tic=1737|mle_ms=28.715|monotonic_ms=30|clock_delta_ms=1.285
|clock_suspect=0
PMLE_LIVE_REPLAY_TIC|tic=1738|mle_ms=9.944|monotonic_ms=10|clock_delta_ms=.056|c
lock_suspect=0
PMLE_LIVE_REPLAY_TIC|tic=1739|mle_ms=59.49|monotonic_ms=60|clock_delta_ms=.51|cl
ock_suspect=0
PMLE_LIVE_REPLAY_TIC|tic=1740|mle_ms=26.411|monotonic_ms=20|clock_delta_ms=6.411
|clock_suspect=0
PMLE_LIVE_REPLAY_TIC|tic=1741|mle_ms=11.036|monotonic_ms=10|clock_delta_ms=1.036
|clock_suspect=0
PMLE_LIVE_REPLAY_TIC|tic=1742|mle_ms=16.617|monotonic_ms=20|clock_delta_ms=3.383
|clock_suspect=0
PMLE_LIVE_REPLAY_TIC|tic=1743|mle_ms=43.068|monotonic_ms=40|clock_delta_ms=3.068
|clock_suspect=0
PMLE_LIVE_REPLAY_TIC|tic=1744|mle_ms=18.153|monotonic_ms=20|clock_delta_ms=1.847
|clock_suspect=0
PMLE_LIVE_REPLAY_TIC|tic=1745|mle_ms=17.989|monotonic_ms=20|clock_delta_ms=2.011
|clock_suspect=0
PMLE_LIVE_REPLAY_TIC|tic=1746|mle_ms=65.789|monotonic_ms=70|clock_delta_ms=4.211
|clock_suspect=0
PMLE_LIVE_REPLAY_TIC|tic=1747|mle_ms=11.1|monotonic_ms=10|clock_delta_ms=1.1|clo
ck_suspect=0
PMLE_LIVE_REPLAY_TIC|tic=1748|mle_ms=16.479|monotonic_ms=10|clock_delta_ms=6.479
|clock_suspect=0
PMLE_LIVE_REPLAY_TIC|tic=1749|mle_ms=27.193|monotonic_ms=30|clock_delta_ms=2.807
|clock_suspect=0
PMLE_LIVE_REPLAY_TIC|tic=1750|mle_ms=11.238|monotonic_ms=10|clock_delta_ms=1.238
|clock_suspect=0
PMLE_LIVE_REPLAY_TIC|tic=1751|mle_ms=15.949|monotonic_ms=20|clock_delta_ms=4.051
|clock_suspect=0
PMLE_LIVE_REPLAY_TIC|tic=1752|mle_ms=74.409|monotonic_ms=70|clock_delta_ms=4.409
|clock_suspect=0
PMLE_LIVE_REPLAY_TIC|tic=1753|mle_ms=19.781|monotonic_ms=20|clock_delta_ms=.219|
clock_suspect=0
PMLE_LIVE_REPLAY_TIC|tic=1754|mle_ms=20.196|monotonic_ms=20|clock_delta_ms=.196|
clock_suspect=0
PMLE_LIVE_REPLAY_TIC|tic=1755|mle_ms=94.795|monotonic_ms=100|clock_delta_ms=5.20
5|clock_suspect=0
PMLE_LIVE_REPLAY_TIC|tic=1756|mle_ms=42.295|monotonic_ms=40|clock_delta_ms=2.295
|clock_suspect=0
PMLE_LIVE_REPLAY_TIC|tic=1757|mle_ms=13.752|monotonic_ms=10|clock_delta_ms=3.752
|clock_suspect=0
PMLE_LIVE_REPLAY_TIC|tic=1758|mle_ms=68.494|monotonic_ms=70|clock_delta_ms=1.506
|clock_suspect=0
PMLE_LIVE_REPLAY_TIC|tic=1759|mle_ms=12.641|monotonic_ms=20|clock_delta_ms=7.359
|clock_suspect=0
PMLE_LIVE_REPLAY_TIC|tic=1760|mle_ms=55.481|monotonic_ms=50|clock_delta_ms=5.481
|clock_suspect=0
PMLE_LIVE_REPLAY_TIC|tic=1761|mle_ms=72.984|monotonic_ms=70|clock_delta_ms=2.984
|clock_suspect=0
PMLE_LIVE_REPLAY_TIC|tic=1762|mle_ms=62.841|monotonic_ms=70|clock_delta_ms=7.159
|clock_suspect=0
PMLE_LIVE_REPLAY_TIC|tic=1763|mle_ms=73.13|monotonic_ms=70|clock_delta_ms=3.13|c
lock_suspect=0
PMLE_LIVE_REPLAY_TIC|tic=1764|mle_ms=69.322|monotonic_ms=70|clock_delta_ms=.678|
clock_suspect=0
PMLE_LIVE_REPLAY_TIC|tic=1765|mle_ms=14.292|monotonic_ms=10|clock_delta_ms=4.292
|clock_suspect=0
PMLE_LIVE_REPLAY_TIC|tic=1766|mle_ms=100.398|monotonic_ms=100|clock_delta_ms=.39
8|clock_suspect=0
PMLE_LIVE_REPLAY_TIC|tic=1767|mle_ms=77.095|monotonic_ms=80|clock_delta_ms=2.905
|clock_suspect=0
PMLE_LIVE_REPLAY_TIC|tic=1768|mle_ms=15.645|monotonic_ms=20|clock_delta_ms=4.355
|clock_suspect=0
PMLE_LIVE_REPLAY_TIC|tic=1769|mle_ms=73.795|monotonic_ms=70|clock_delta_ms=3.795
|clock_suspect=0
PMLE_LIVE_REPLAY_TIC|tic=1770|mle_ms=69.771|monotonic_ms=70|clock_delta_ms=.229|
clock_suspect=0
PMLE_LIVE_REPLAY_TIC|tic=1771|mle_ms=17.733|monotonic_ms=20|clock_delta_ms=2.267
|clock_suspect=0
PMLE_LIVE_REPLAY_TIC|tic=1772|mle_ms=57.878|monotonic_ms=60|clock_delta_ms=2.122
|clock_suspect=0
PMLE_LIVE_REPLAY_TIC|tic=1773|mle_ms=78.968|monotonic_ms=80|clock_delta_ms=1.032
|clock_suspect=0
PMLE_LIVE_REPLAY_TIC|tic=1774|mle_ms=17.197|monotonic_ms=10|clock_delta_ms=7.197
|clock_suspect=0
PMLE_LIVE_REPLAY_TIC|tic=1775|mle_ms=62.951|monotonic_ms=70|clock_delta_ms=7.049
|clock_suspect=0
PMLE_LIVE_REPLAY_TIC|tic=1776|mle_ms=112.481|monotonic_ms=110|clock_delta_ms=2.4
81|clock_suspect=0
PMLE_LIVE_REPLAY_TIC|tic=1777|mle_ms=11.35|monotonic_ms=10|clock_delta_ms=1.35|c
lock_suspect=0
PMLE_LIVE_REPLAY_TIC|tic=1778|mle_ms=63.129|monotonic_ms=60|clock_delta_ms=3.129
|clock_suspect=0
PMLE_LIVE_REPLAY_TIC|tic=1779|mle_ms=76.252|monotonic_ms=80|clock_delta_ms=3.748
|clock_suspect=0
PMLE_LIVE_REPLAY_TIC|tic=1780|mle_ms=12.19|monotonic_ms=10|clock_delta_ms=2.19|c
lock_suspect=0
PMLE_LIVE_REPLAY_TIC|tic=1781|mle_ms=56.797|monotonic_ms=60|clock_delta_ms=3.203
|clock_suspect=0
PMLE_LIVE_REPLAY_TIC|tic=1782|mle_ms=91.152|monotonic_ms=90|clock_delta_ms=1.152
|clock_suspect=0
PMLE_LIVE_REPLAY_TIC|tic=1783|mle_ms=208.331|monotonic_ms=210|clock_delta_ms=1.6
69|clock_suspect=0
PMLE_LIVE_REPLAY_TIC|tic=1784|mle_ms=32.418|monotonic_ms=30|clock_delta_ms=2.418
|clock_suspect=0
PMLE_LIVE_REPLAY_TIC|tic=1785|mle_ms=88.32|monotonic_ms=90|clock_delta_ms=1.68|c
lock_suspect=0
PMLE_LIVE_REPLAY_TIC|tic=1786|mle_ms=153.914|monotonic_ms=150|clock_delta_ms=3.9
14|clock_suspect=0
PMLE_LIVE_REPLAY_TIC|tic=1787|mle_ms=16.279|monotonic_ms=20|clock_delta_ms=3.721
|clock_suspect=0
PMLE_LIVE_REPLAY_TIC|tic=1788|mle_ms=71.582|monotonic_ms=70|clock_delta_ms=1.582
|clock_suspect=0
PMLE_LIVE_REPLAY_TIC|tic=1789|mle_ms=14.415|monotonic_ms=20|clock_delta_ms=5.585
|clock_suspect=0
PMLE_LIVE_REPLAY_TIC|tic=1790|mle_ms=68.343|monotonic_ms=70|clock_delta_ms=1.657
|clock_suspect=0
PMLE_LIVE_REPLAY_TIC|tic=1791|mle_ms=84.648|monotonic_ms=80|clock_delta_ms=4.648
|clock_suspect=0
PMLE_LIVE_REPLAY_TIC|tic=1792|mle_ms=16.877|monotonic_ms=20|clock_delta_ms=3.123
|clock_suspect=0
PMLE_LIVE_REPLAY_TIC|tic=1793|mle_ms=76.088|monotonic_ms=70|clock_delta_ms=6.088
|clock_suspect=0
PMLE_LIVE_REPLAY_TIC|tic=1794|mle_ms=75.018|monotonic_ms=80|clock_delta_ms=4.982
|clock_suspect=0
PMLE_LIVE_REPLAY_TIC|tic=1795|mle_ms=13.818|monotonic_ms=10|clock_delta_ms=3.818
|clock_suspect=0
PMLE_LIVE_REPLAY_TIC|tic=1796|mle_ms=115.143|monotonic_ms=120|clock_delta_ms=4.8
57|clock_suspect=0
PMLE_LIVE_REPLAY_TIC|tic=1797|mle_ms=71.909|monotonic_ms=70|clock_delta_ms=1.909
|clock_suspect=0
PMLE_LIVE_REPLAY_TIC|tic=1798|mle_ms=15.686|monotonic_ms=10|clock_delta_ms=5.686
|clock_suspect=0
PMLE_LIVE_REPLAY_TIC|tic=1799|mle_ms=88.371|monotonic_ms=80|clock_delta_ms=8.371
|clock_suspect=0
PMLE_LIVE_REPLAY_TIC|tic=1800|mle_ms=100.385|monotonic_ms=100|clock_delta_ms=.38
5|clock_suspect=0
PMLE_LIVE_REPLAY_TIC|tic=1801|mle_ms=13.591|monotonic_ms=20|clock_delta_ms=6.409
|clock_suspect=0
PMLE_LIVE_REPLAY_TIC|tic=1802|mle_ms=64.723|monotonic_ms=60|clock_delta_ms=4.723
|clock_suspect=0
PMLE_LIVE_REPLAY_TIC|tic=1803|mle_ms=79.808|monotonic_ms=80|clock_delta_ms=.192|
clock_suspect=0
PMLE_LIVE_REPLAY_TIC|tic=1804|mle_ms=20.1|monotonic_ms=20|clock_delta_ms=.1|cloc
k_suspect=0
PMLE_LIVE_REPLAY_TIC|tic=1805|mle_ms=65.358|monotonic_ms=70|clock_delta_ms=4.642
|clock_suspect=0
PMLE_LIVE_REPLAY_TIC|tic=1806|mle_ms=127.262|monotonic_ms=120|clock_delta_ms=7.2
62|clock_suspect=0
PMLE_LIVE_REPLAY_TIC|tic=1807|mle_ms=17.079|monotonic_ms=20|clock_delta_ms=2.921
|clock_suspect=0
PMLE_LIVE_REPLAY_TIC|tic=1808|mle_ms=70.328|monotonic_ms=70|clock_delta_ms=.328|
clock_suspect=0
PMLE_LIVE_REPLAY_TIC|tic=1809|mle_ms=71.387|monotonic_ms=70|clock_delta_ms=1.387
|clock_suspect=0
PMLE_LIVE_REPLAY_TIC|tic=1810|mle_ms=19.735|monotonic_ms=20|clock_delta_ms=.265|
clock_suspect=0
PMLE_LIVE_REPLAY_TIC|tic=1811|mle_ms=70.193|monotonic_ms=70|clock_delta_ms=.193|
clock_suspect=0
PMLE_LIVE_REPLAY_TIC|tic=1812|mle_ms=76.809|monotonic_ms=80|clock_delta_ms=3.191
|clock_suspect=0
PMLE_LIVE_REPLAY_TIC|tic=1813|mle_ms=31.121|monotonic_ms=30|clock_delta_ms=1.121
|clock_suspect=0
PMLE_LIVE_REPLAY_TIC|tic=1814|mle_ms=69.868|monotonic_ms=70|clock_delta_ms=.132|
clock_suspect=0
PMLE_LIVE_REPLAY_TIC|tic=1815|mle_ms=90.162|monotonic_ms=90|clock_delta_ms=.162|
clock_suspect=0
PMLE_LIVE_REPLAY_TIC|tic=1816|mle_ms=49.4|monotonic_ms=50|clock_delta_ms=.6|cloc
k_suspect=0
PMLE_LIVE_REPLAY_TIC|tic=1817|mle_ms=58.803|monotonic_ms=60|clock_delta_ms=1.197
|clock_suspect=0
PMLE_LIVE_REPLAY_TIC|tic=1818|mle_ms=102.61|monotonic_ms=100|clock_delta_ms=2.61
|clock_suspect=0
PMLE_LIVE_REPLAY_TIC|tic=1819|mle_ms=20.216|monotonic_ms=20|clock_delta_ms=.216|
clock_suspect=0
PMLE_LIVE_REPLAY_TIC|tic=1820|mle_ms=75.616|monotonic_ms=80|clock_delta_ms=4.384
|clock_suspect=0
PMLE_LIVE_REPLAY_TIC|tic=1821|mle_ms=92.9|monotonic_ms=90|clock_delta_ms=2.9|clo
ck_suspect=0
PMLE_LIVE_REPLAY_TIC|tic=1822|mle_ms=20.554|monotonic_ms=20|clock_delta_ms=.554|
clock_suspect=0
PMLE_LIVE_REPLAY_TIC|tic=1823|mle_ms=80.635|monotonic_ms=80|clock_delta_ms=.635|
clock_suspect=0
PMLE_LIVE_REPLAY_TIC|tic=1824|mle_ms=90.793|monotonic_ms=90|clock_delta_ms=.793|
clock_suspect=0
PMLE_LIVE_REPLAY_TIC|tic=1825|mle_ms=19.546|monotonic_ms=20|clock_delta_ms=.454|
clock_suspect=0
PMLE_LIVE_REPLAY_TIC|tic=1826|mle_ms=102.676|monotonic_ms=110|clock_delta_ms=7.3
24|clock_suspect=0
PMLE_LIVE_REPLAY_TIC|tic=1827|mle_ms=74.817|monotonic_ms=70|clock_delta_ms=4.817
|clock_suspect=0
PMLE_LIVE_REPLAY_TIC|tic=1828|mle_ms=18.801|monotonic_ms=20|clock_delta_ms=1.199
|clock_suspect=0
PMLE_LIVE_REPLAY_TIC|tic=1829|mle_ms=71.644|monotonic_ms=70|clock_delta_ms=1.644
|clock_suspect=0
PMLE_LIVE_REPLAY_TIC|tic=1830|mle_ms=78.716|monotonic_ms=80|clock_delta_ms=1.284
|clock_suspect=0
PMLE_LIVE_REPLAY_TIC|tic=1831|mle_ms=24.472|monotonic_ms=20|clock_delta_ms=4.472
|clock_suspect=0
PMLE_LIVE_REPLAY_TIC|tic=1832|mle_ms=113.442|monotonic_ms=120|clock_delta_ms=6.5
58|clock_suspect=0
PMLE_LIVE_REPLAY_TIC|tic=1833|mle_ms=89.679|monotonic_ms=90|clock_delta_ms=.321|
clock_suspect=0
PMLE_LIVE_REPLAY_TIC|tic=1834|mle_ms=24.823|monotonic_ms=20|clock_delta_ms=4.823
|clock_suspect=0
PMLE_LIVE_REPLAY_TIC|tic=1835|mle_ms=63.51|monotonic_ms=70|clock_delta_ms=6.49|c
lock_suspect=0
PMLE_LIVE_REPLAY_TIC|tic=1836|mle_ms=110.915|monotonic_ms=110|clock_delta_ms=.91
5|clock_suspect=0
PMLE_LIVE_REPLAY_TIC|tic=1837|mle_ms=20.46|monotonic_ms=20|clock_delta_ms=.46|cl
ock_suspect=0
PMLE_LIVE_REPLAY_TIC|tic=1838|mle_ms=62.371|monotonic_ms=60|clock_delta_ms=2.371
|clock_suspect=0
PMLE_LIVE_REPLAY_TIC|tic=1839|mle_ms=87.236|monotonic_ms=90|clock_delta_ms=2.764
|clock_suspect=0
PMLE_LIVE_REPLAY_TIC|tic=1840|mle_ms=21.889|monotonic_ms=20|clock_delta_ms=1.889
|clock_suspect=0
PMLE_LIVE_REPLAY_TIC|tic=1841|mle_ms=69.785|monotonic_ms=70|clock_delta_ms=.215|
clock_suspect=0
PMLE_LIVE_REPLAY_TIC|tic=1842|mle_ms=111.835|monotonic_ms=110|clock_delta_ms=1.8
35|clock_suspect=0
PMLE_LIVE_REPLAY_TIC|tic=1843|mle_ms=33.863|monotonic_ms=30|clock_delta_ms=3.863
|clock_suspect=0
PMLE_LIVE_REPLAY_TIC|tic=1844|mle_ms=80.13|monotonic_ms=80|clock_delta_ms=.13|cl
ock_suspect=0
PMLE_LIVE_REPLAY_TIC|tic=1845|mle_ms=73.617|monotonic_ms=80|clock_delta_ms=6.383
|clock_suspect=0
PMLE_LIVE_REPLAY_TIC|tic=1846|mle_ms=51.014|monotonic_ms=50|clock_delta_ms=1.014
|clock_suspect=0
PMLE_LIVE_REPLAY_TIC|tic=1847|mle_ms=78.247|monotonic_ms=80|clock_delta_ms=1.753
|clock_suspect=0
PMLE_LIVE_REPLAY_TIC|tic=1848|mle_ms=99.031|monotonic_ms=100|clock_delta_ms=.969
|clock_suspect=0
PMLE_LIVE_REPLAY_TIC|tic=1849|mle_ms=21.592|monotonic_ms=20|clock_delta_ms=1.592
|clock_suspect=0
PMLE_LIVE_REPLAY_TIC|tic=1850|mle_ms=97.904|monotonic_ms=100|clock_delta_ms=2.09
6|clock_suspect=0
PMLE_LIVE_REPLAY_TIC|tic=1851|mle_ms=79.147|monotonic_ms=80|clock_delta_ms=.853|
clock_suspect=0
PMLE_LIVE_REPLAY_TIC|tic=1852|mle_ms=22.449|monotonic_ms=20|clock_delta_ms=2.449
|clock_suspect=0
PMLE_LIVE_REPLAY_TIC|tic=1853|mle_ms=84.339|monotonic_ms=80|clock_delta_ms=4.339
|clock_suspect=0
PMLE_LIVE_REPLAY_TIC|tic=1854|mle_ms=128.401|monotonic_ms=130|clock_delta_ms=1.5
99|clock_suspect=0
PMLE_LIVE_REPLAY_TIC|tic=1855|mle_ms=19.558|monotonic_ms=20|clock_delta_ms=.442|
clock_suspect=0
PMLE_LIVE_REPLAY_TIC|tic=1856|mle_ms=109.657|monotonic_ms=110|clock_delta_ms=.34
3|clock_suspect=0
PMLE_LIVE_REPLAY_TIC|tic=1857|mle_ms=82.381|monotonic_ms=80|clock_delta_ms=2.381
|clock_suspect=0
PMLE_LIVE_REPLAY_TIC|tic=1858|mle_ms=19.544|monotonic_ms=20|clock_delta_ms=.456|
clock_suspect=0
PMLE_LIVE_REPLAY_TIC|tic=1859|mle_ms=71.334|monotonic_ms=70|clock_delta_ms=1.334
|clock_suspect=0
PMLE_LIVE_REPLAY_TIC|tic=1860|mle_ms=96.484|monotonic_ms=100|clock_delta_ms=3.51
6|clock_suspect=0
PMLE_LIVE_REPLAY_TIC|tic=1861|mle_ms=23.214|monotonic_ms=20|clock_delta_ms=3.214
|clock_suspect=0
PMLE_LIVE_REPLAY_TIC|tic=1862|mle_ms=79.21|monotonic_ms=80|clock_delta_ms=.79|cl
ock_suspect=0
PMLE_LIVE_REPLAY_TIC|tic=1863|mle_ms=101.684|monotonic_ms=110|clock_delta_ms=8.3
16|clock_suspect=0
PMLE_LIVE_REPLAY_TIC|tic=1864|mle_ms=29.616|monotonic_ms=20|clock_delta_ms=9.616
|clock_suspect=0
PMLE_LIVE_REPLAY_TIC|tic=1865|mle_ms=93.903|monotonic_ms=100|clock_delta_ms=6.09
7|clock_suspect=0
PMLE_LIVE_REPLAY_TIC|tic=1866|mle_ms=116.636|monotonic_ms=120|clock_delta_ms=3.3
64|clock_suspect=0
PMLE_LIVE_REPLAY_TIC|tic=1867|mle_ms=25.99|monotonic_ms=20|clock_delta_ms=5.99|c
lock_suspect=0
PMLE_LIVE_REPLAY_TIC|tic=1868|mle_ms=121.724|monotonic_ms=120|clock_delta_ms=1.7
24|clock_suspect=0
PMLE_LIVE_REPLAY_TIC|tic=1869|mle_ms=75.243|monotonic_ms=80|clock_delta_ms=4.757
|clock_suspect=0
PMLE_LIVE_REPLAY_TIC|tic=1870|mle_ms=22.827|monotonic_ms=20|clock_delta_ms=2.827
|clock_suspect=0
PMLE_LIVE_REPLAY_TIC|tic=1871|mle_ms=78.309|monotonic_ms=80|clock_delta_ms=1.691
|clock_suspect=0
PMLE_LIVE_REPLAY_TIC|tic=1872|mle_ms=72.176|monotonic_ms=70|clock_delta_ms=2.176
|clock_suspect=0
PMLE_LIVE_REPLAY_TIC|tic=1873|mle_ms=21.996|monotonic_ms=20|clock_delta_ms=1.996
|clock_suspect=0
PMLE_LIVE_REPLAY_TIC|tic=1874|mle_ms=104.878|monotonic_ms=110|clock_delta_ms=5.1
22|clock_suspect=0
PMLE_LIVE_REPLAY_TIC|tic=1875|mle_ms=97.138|monotonic_ms=100|clock_delta_ms=2.86
2|clock_suspect=0
PMLE_LIVE_REPLAY_TIC|tic=1876|mle_ms=33.448|monotonic_ms=30|clock_delta_ms=3.448
|clock_suspect=0
PMLE_LIVE_REPLAY_TIC|tic=1877|mle_ms=84.71|monotonic_ms=90|clock_delta_ms=5.29|c
lock_suspect=0
PMLE_LIVE_REPLAY_TIC|tic=1878|mle_ms=61.629|monotonic_ms=60|clock_delta_ms=1.629
|clock_suspect=0
PMLE_LIVE_REPLAY_TIC|tic=1879|mle_ms=10.425|monotonic_ms=10|clock_delta_ms=.425|
clock_suspect=0
PMLE_LIVE_REPLAY_TIC|tic=1880|mle_ms=68.213|monotonic_ms=70|clock_delta_ms=1.787
|clock_suspect=0
PMLE_LIVE_REPLAY_TIC|tic=1881|mle_ms=59.952|monotonic_ms=60|clock_delta_ms=.048|
clock_suspect=0
PMLE_LIVE_REPLAY_TIC|tic=1882|mle_ms=97.73|monotonic_ms=90|clock_delta_ms=7.73|c
lock_suspect=0
PMLE_LIVE_REPLAY_TIC|tic=1883|mle_ms=90.76|monotonic_ms=90|clock_delta_ms=.76|cl
ock_suspect=0
PMLE_LIVE_REPLAY_TIC|tic=1884|mle_ms=76.587|monotonic_ms=80|clock_delta_ms=3.413
|clock_suspect=0
PMLE_LIVE_REPLAY_TIC|tic=1885|mle_ms=13.188|monotonic_ms=10|clock_delta_ms=3.188
|clock_suspect=0
PMLE_LIVE_REPLAY_TIC|tic=1886|mle_ms=91.347|monotonic_ms=100|clock_delta_ms=8.65
3|clock_suspect=0
PMLE_LIVE_REPLAY_TIC|tic=1887|mle_ms=62.234|monotonic_ms=60|clock_delta_ms=2.234
|clock_suspect=0
PMLE_LIVE_REPLAY_TIC|tic=1888|mle_ms=10.83|monotonic_ms=10|clock_delta_ms=.83|cl
ock_suspect=0
PMLE_LIVE_REPLAY_TIC|tic=1889|mle_ms=17.256|monotonic_ms=20|clock_delta_ms=2.744
|clock_suspect=0
PMLE_LIVE_REPLAY_TIC|tic=1890|mle_ms=62.383|monotonic_ms=60|clock_delta_ms=2.383
|clock_suspect=0
PMLE_LIVE_REPLAY_TIC|tic=1891|mle_ms=12.736|monotonic_ms=10|clock_delta_ms=2.736
|clock_suspect=0
PMLE_LIVE_REPLAY_TIC|tic=1892|mle_ms=15.859|monotonic_ms=20|clock_delta_ms=4.141
|clock_suspect=0
PMLE_LIVE_REPLAY_TIC|tic=1893|mle_ms=89.179|monotonic_ms=90|clock_delta_ms=.821|
clock_suspect=0
PMLE_LIVE_REPLAY_TIC|tic=1894|mle_ms=19.391|monotonic_ms=20|clock_delta_ms=.609|
clock_suspect=0
PMLE_LIVE_REPLAY_TIC|tic=1895|mle_ms=52.637|monotonic_ms=50|clock_delta_ms=2.637
|clock_suspect=0
PMLE_LIVE_REPLAY_TIC|tic=1896|mle_ms=84.744|monotonic_ms=80|clock_delta_ms=4.744
|clock_suspect=0
PMLE_LIVE_REPLAY_TIC|tic=1897|mle_ms=14.083|monotonic_ms=20|clock_delta_ms=5.917
|clock_suspect=0
PMLE_LIVE_REPLAY_TIC|tic=1898|mle_ms=49.923|monotonic_ms=50|clock_delta_ms=.077|
clock_suspect=0
PMLE_LIVE_REPLAY_TIC|tic=1899|mle_ms=68.542|monotonic_ms=70|clock_delta_ms=1.458
|clock_suspect=0
PMLE_LIVE_REPLAY_TIC|tic=1900|mle_ms=17.093|monotonic_ms=10|clock_delta_ms=7.093
|clock_suspect=0
PMLE_LIVE_REPLAY_TIC|tic=1901|mle_ms=58.201|monotonic_ms=60|clock_delta_ms=1.799
|clock_suspect=0
PMLE_LIVE_REPLAY_TIC|tic=1902|mle_ms=74.483|monotonic_ms=80|clock_delta_ms=5.517
|clock_suspect=0
PMLE_LIVE_REPLAY_TIC|tic=1903|mle_ms=29.461|monotonic_ms=30|clock_delta_ms=.539|
clock_suspect=0
PMLE_LIVE_REPLAY_TIC|tic=1904|mle_ms=87.512|monotonic_ms=80|clock_delta_ms=7.512
|clock_suspect=0
PMLE_LIVE_REPLAY_TIC|tic=1905|mle_ms=75.052|monotonic_ms=80|clock_delta_ms=4.948
|clock_suspect=0
PMLE_LIVE_REPLAY_TIC|tic=1906|mle_ms=-62.577|monotonic_ms=50|clock_delta_ms=112.
577|clock_suspect=1
PMLE_LIVE_REPLAY_TIC|tic=1907|mle_ms=115.667|monotonic_ms=110|clock_delta_ms=5.6
67|clock_suspect=0
PMLE_LIVE_REPLAY_TIC|tic=1908|mle_ms=74.71|monotonic_ms=80|clock_delta_ms=5.29|c
lock_suspect=0
PMLE_LIVE_REPLAY_TIC|tic=1909|mle_ms=25.527|monotonic_ms=20|clock_delta_ms=5.527
|clock_suspect=0
PMLE_LIVE_REPLAY_TIC|tic=1910|mle_ms=149.861|monotonic_ms=150|clock_delta_ms=.13
9|clock_suspect=0
PMLE_LIVE_REPLAY_TIC|tic=1911|mle_ms=86.328|monotonic_ms=90|clock_delta_ms=3.672
|clock_suspect=0
PMLE_LIVE_REPLAY_TIC|tic=1912|mle_ms=32.225|monotonic_ms=30|clock_delta_ms=2.225
|clock_suspect=0
PMLE_LIVE_REPLAY_TIC|tic=1913|mle_ms=137.339|monotonic_ms=140|clock_delta_ms=2.6
61|clock_suspect=0
PMLE_LIVE_REPLAY_TIC|tic=1914|mle_ms=43.497|monotonic_ms=40|clock_delta_ms=3.497
|clock_suspect=0
PMLE_LIVE_REPLAY_TIC|tic=1915|mle_ms=36.326|monotonic_ms=40|clock_delta_ms=3.674
|clock_suspect=0
PMLE_LIVE_REPLAY_TIC|tic=1916|mle_ms=178.069|monotonic_ms=180|clock_delta_ms=1.9
31|clock_suspect=0
PMLE_LIVE_REPLAY_TIC|tic=1917|mle_ms=40.063|monotonic_ms=40|clock_delta_ms=.063|
clock_suspect=0
PMLE_LIVE_REPLAY_TIC|tic=1918|mle_ms=30.69|monotonic_ms=30|clock_delta_ms=.69|cl
ock_suspect=0
PMLE_LIVE_REPLAY_TIC|tic=1919|mle_ms=79.874|monotonic_ms=80|clock_delta_ms=.126|
clock_suspect=0
PMLE_LIVE_REPLAY_TIC|tic=1920|mle_ms=86.675|monotonic_ms=90|clock_delta_ms=3.325
|clock_suspect=0
PMLE_LIVE_REPLAY_TIC|tic=1921|mle_ms=29.441|monotonic_ms=30|clock_delta_ms=.559|
clock_suspect=0
PMLE_LIVE_REPLAY_TIC|tic=1922|mle_ms=89.696|monotonic_ms=80|clock_delta_ms=9.696
|clock_suspect=0
PMLE_LIVE_REPLAY_TIC|tic=1923|mle_ms=107.63|monotonic_ms=110|clock_delta_ms=2.37
|clock_suspect=0
PMLE_LIVE_REPLAY_TIC|tic=1924|mle_ms=38.049|monotonic_ms=40|clock_delta_ms=1.951
|clock_suspect=0
PMLE_LIVE_REPLAY_TIC|tic=1925|mle_ms=95.204|monotonic_ms=100|clock_delta_ms=4.79
6|clock_suspect=0
PMLE_LIVE_REPLAY_TIC|tic=1926|mle_ms=105.754|monotonic_ms=100|clock_delta_ms=5.7
54|clock_suspect=0
PMLE_LIVE_REPLAY_TIC|tic=1927|mle_ms=16.66|monotonic_ms=20|clock_delta_ms=3.34|c
lock_suspect=0
PMLE_LIVE_REPLAY_TIC|tic=1928|mle_ms=66.854|monotonic_ms=70|clock_delta_ms=3.146
|clock_suspect=0
PMLE_LIVE_REPLAY_TIC|tic=1929|mle_ms=71.543|monotonic_ms=70|clock_delta_ms=1.543
|clock_suspect=0
PMLE_LIVE_REPLAY_TIC|tic=1930|mle_ms=15.383|monotonic_ms=10|clock_delta_ms=5.383
|clock_suspect=0
PMLE_LIVE_REPLAY_TIC|tic=1931|mle_ms=72.177|monotonic_ms=70|clock_delta_ms=2.177
|clock_suspect=0
PMLE_LIVE_REPLAY_TIC|tic=1932|mle_ms=90.113|monotonic_ms=90|clock_delta_ms=.113|
clock_suspect=0
PMLE_LIVE_REPLAY_TIC|tic=1933|mle_ms=24.7|monotonic_ms=30|clock_delta_ms=5.3|clo
ck_suspect=0
PMLE_LIVE_REPLAY_TIC|tic=1934|mle_ms=94.593|monotonic_ms=90|clock_delta_ms=4.593
|clock_suspect=0
PMLE_LIVE_REPLAY_TIC|tic=1935|mle_ms=93.526|monotonic_ms=100|clock_delta_ms=6.47
4|clock_suspect=0
PMLE_LIVE_REPLAY_TIC|tic=1936|mle_ms=42.095|monotonic_ms=40|clock_delta_ms=2.095
|clock_suspect=0
PMLE_LIVE_REPLAY_TIC|tic=1937|mle_ms=69.397|monotonic_ms=70|clock_delta_ms=.603|
clock_suspect=0
PMLE_LIVE_REPLAY_TIC|tic=1938|mle_ms=79.074|monotonic_ms=80|clock_delta_ms=.926|
clock_suspect=0
PMLE_LIVE_REPLAY_TIC|tic=1939|mle_ms=14.993|monotonic_ms=10|clock_delta_ms=4.993
|clock_suspect=0
PMLE_LIVE_REPLAY_TIC|tic=1940|mle_ms=63.814|monotonic_ms=70|clock_delta_ms=6.186
|clock_suspect=0
PMLE_LIVE_REPLAY_TIC|tic=1941|mle_ms=101.347|monotonic_ms=100|clock_delta_ms=1.3
47|clock_suspect=0
PMLE_LIVE_REPLAY_TIC|tic=1942|mle_ms=16.228|monotonic_ms=20|clock_delta_ms=3.772
|clock_suspect=0
PMLE_LIVE_REPLAY_TIC|tic=1943|mle_ms=76.821|monotonic_ms=70|clock_delta_ms=6.821
|clock_suspect=0
PMLE_LIVE_REPLAY_TIC|tic=1944|mle_ms=73.27|monotonic_ms=80|clock_delta_ms=6.73|c
lock_suspect=0
PMLE_LIVE_REPLAY_TIC|tic=1945|mle_ms=13.84|monotonic_ms=10|clock_delta_ms=3.84|c
lock_suspect=0
PMLE_LIVE_REPLAY_TIC|tic=1946|mle_ms=101.124|monotonic_ms=100|clock_delta_ms=1.1
24|clock_suspect=0
PMLE_LIVE_REPLAY_TIC|tic=1947|mle_ms=82.327|monotonic_ms=80|clock_delta_ms=2.327
|clock_suspect=0
PMLE_LIVE_REPLAY_TIC|tic=1948|mle_ms=11.518|monotonic_ms=10|clock_delta_ms=1.518
|clock_suspect=0
PMLE_LIVE_REPLAY_TIC|tic=1949|mle_ms=85.837|monotonic_ms=90|clock_delta_ms=4.163
|clock_suspect=0
PMLE_LIVE_REPLAY_TIC|tic=1950|mle_ms=90.9|monotonic_ms=90|clock_delta_ms=.9|cloc
k_suspect=0
PMLE_LIVE_REPLAY_TIC|tic=1951|mle_ms=11.177|monotonic_ms=10|clock_delta_ms=1.177
|clock_suspect=0
PMLE_LIVE_REPLAY_TIC|tic=1952|mle_ms=82.855|monotonic_ms=90|clock_delta_ms=7.145
|clock_suspect=0
PMLE_LIVE_REPLAY_TIC|tic=1953|mle_ms=102.173|monotonic_ms=100|clock_delta_ms=2.1
73|clock_suspect=0
PMLE_LIVE_REPLAY_TIC|tic=1954|mle_ms=15.089|monotonic_ms=10|clock_delta_ms=5.089
|clock_suspect=0
PMLE_LIVE_REPLAY_TIC|tic=1955|mle_ms=88.776|monotonic_ms=90|clock_delta_ms=1.224
|clock_suspect=0
PMLE_LIVE_REPLAY_TIC|tic=1956|mle_ms=97.413|monotonic_ms=100|clock_delta_ms=2.58
7|clock_suspect=0
PMLE_LIVE_REPLAY_TIC|tic=1957|mle_ms=8.463|monotonic_ms=10|clock_delta_ms=1.537|
clock_suspect=0
PMLE_LIVE_REPLAY_TIC|tic=1958|mle_ms=68.53|monotonic_ms=70|clock_delta_ms=1.47|c
lock_suspect=0
PMLE_LIVE_REPLAY_TIC|tic=1959|mle_ms=67.052|monotonic_ms=60|clock_delta_ms=7.052
|clock_suspect=0
PMLE_LIVE_REPLAY_TIC|tic=1960|mle_ms=9.446|monotonic_ms=10|clock_delta_ms=.554|c
lock_suspect=0
PMLE_LIVE_REPLAY_TIC|tic=1961|mle_ms=67.81|monotonic_ms=70|clock_delta_ms=2.19|c
lock_suspect=0
PMLE_LIVE_REPLAY_TIC|tic=1962|mle_ms=71.343|monotonic_ms=70|clock_delta_ms=1.343
|clock_suspect=0
PMLE_LIVE_REPLAY_TIC|tic=1963|mle_ms=18.004|monotonic_ms=20|clock_delta_ms=1.996
|clock_suspect=0
PMLE_LIVE_REPLAY_TIC|tic=1964|mle_ms=80.746|monotonic_ms=80|clock_delta_ms=.746|
clock_suspect=0
PMLE_LIVE_REPLAY_TIC|tic=1965|mle_ms=85.662|monotonic_ms=90|clock_delta_ms=4.338
|clock_suspect=0
PMLE_LIVE_REPLAY_TIC|tic=1966|mle_ms=34.101|monotonic_ms=30|clock_delta_ms=4.101
|clock_suspect=0
PMLE_LIVE_REPLAY_TIC|tic=1967|mle_ms=75.075|monotonic_ms=80|clock_delta_ms=4.925
|clock_suspect=0
PMLE_LIVE_REPLAY_TIC|tic=1968|mle_ms=59.486|monotonic_ms=60|clock_delta_ms=.514|
clock_suspect=0
PMLE_LIVE_REPLAY_TIC|tic=1969|mle_ms=9.146|monotonic_ms=10|clock_delta_ms=.854|c
lock_suspect=0
PMLE_LIVE_REPLAY_TIC|tic=1970|mle_ms=68.684|monotonic_ms=60|clock_delta_ms=8.684
|clock_suspect=0
PMLE_LIVE_REPLAY_TIC|tic=1971|mle_ms=62.978|monotonic_ms=70|clock_delta_ms=7.022
|clock_suspect=0
PMLE_LIVE_REPLAY_TIC|tic=1972|mle_ms=10.985|monotonic_ms=10|clock_delta_ms=.985|
clock_suspect=0
PMLE_LIVE_REPLAY_TIC|tic=1973|mle_ms=91.805|monotonic_ms=90|clock_delta_ms=1.805
|clock_suspect=0
PMLE_LIVE_REPLAY_TIC|tic=1974|mle_ms=83.255|monotonic_ms=80|clock_delta_ms=3.255
|clock_suspect=0
PMLE_LIVE_REPLAY_TIC|tic=1975|mle_ms=11.251|monotonic_ms=10|clock_delta_ms=1.251
|clock_suspect=0
PMLE_LIVE_REPLAY_TIC|tic=1976|mle_ms=96.753|monotonic_ms=90|clock_delta_ms=6.753
|clock_suspect=0
PMLE_LIVE_REPLAY_TIC|tic=1977|mle_ms=91.748|monotonic_ms=90|clock_delta_ms=1.748
|clock_suspect=0
PMLE_LIVE_REPLAY_TIC|tic=1978|mle_ms=9.861|monotonic_ms=10|clock_delta_ms=.139|c
lock_suspect=0
PMLE_LIVE_REPLAY_TIC|tic=1979|mle_ms=67.399|monotonic_ms=70|clock_delta_ms=2.601
|clock_suspect=0
PMLE_LIVE_REPLAY_TIC|tic=1980|mle_ms=67.504|monotonic_ms=70|clock_delta_ms=2.496
|clock_suspect=0
PMLE_LIVE_REPLAY_TIC|tic=1981|mle_ms=9.373|monotonic_ms=10|clock_delta_ms=.627|c
lock_suspect=0
PMLE_LIVE_REPLAY_TIC|tic=1982|mle_ms=101.933|monotonic_ms=100|clock_delta_ms=1.9
33|clock_suspect=0
PMLE_LIVE_REPLAY_TIC|tic=1983|mle_ms=72.38|monotonic_ms=70|clock_delta_ms=2.38|c
lock_suspect=0
PMLE_LIVE_REPLAY_TIC|tic=1984|mle_ms=12.662|monotonic_ms=20|clock_delta_ms=7.338
|clock_suspect=0
PMLE_LIVE_REPLAY_TIC|tic=1985|mle_ms=59.068|monotonic_ms=50|clock_delta_ms=9.068
|clock_suspect=0
PMLE_LIVE_REPLAY_TIC|tic=1986|mle_ms=79.372|monotonic_ms=80|clock_delta_ms=.628|
clock_suspect=0
PMLE_LIVE_REPLAY_TIC|tic=1987|mle_ms=9.759|monotonic_ms=10|clock_delta_ms=.241|c
lock_suspect=0
PMLE_LIVE_REPLAY_TIC|tic=1988|mle_ms=68.092|monotonic_ms=70|clock_delta_ms=1.908
|clock_suspect=0
PMLE_LIVE_REPLAY_TIC|tic=1989|mle_ms=65.977|monotonic_ms=70|clock_delta_ms=4.023
|clock_suspect=0
PMLE_LIVE_REPLAY_TIC|tic=1990|mle_ms=8.649|monotonic_ms=10|clock_delta_ms=1.351|
clock_suspect=0
PMLE_LIVE_REPLAY_TIC|tic=1991|mle_ms=75.245|monotonic_ms=70|clock_delta_ms=5.245
|clock_suspect=0
PMLE_LIVE_REPLAY_TIC|tic=1992|mle_ms=71.588|monotonic_ms=70|clock_delta_ms=1.588
|clock_suspect=0
PMLE_LIVE_REPLAY_TIC|tic=1993|mle_ms=21.861|monotonic_ms=30|clock_delta_ms=8.139
|clock_suspect=0
PMLE_LIVE_REPLAY_TIC|tic=1994|mle_ms=67.038|monotonic_ms=60|clock_delta_ms=7.038
|clock_suspect=0
PMLE_LIVE_REPLAY_TIC|tic=1995|mle_ms=61.962|monotonic_ms=60|clock_delta_ms=1.962
|clock_suspect=0
PMLE_LIVE_REPLAY_TIC|tic=1996|mle_ms=27.497|monotonic_ms=30|clock_delta_ms=2.503
|clock_suspect=0
PMLE_LIVE_REPLAY_TIC|tic=1997|mle_ms=57.672|monotonic_ms=60|clock_delta_ms=2.328
|clock_suspect=0
PMLE_LIVE_REPLAY_TIC|tic=1998|mle_ms=57.595|monotonic_ms=60|clock_delta_ms=2.405
|clock_suspect=0
PMLE_LIVE_REPLAY_TIC|tic=1999|mle_ms=8.848|monotonic_ms=10|clock_delta_ms=1.152|
clock_suspect=0
PMLE_LIVE_REPLAY_TIC|tic=2000|mle_ms=60.278|monotonic_ms=60|clock_delta_ms=.278|
clock_suspect=0
PMLE_LIVE_REPLAY_TIC|tic=2001|mle_ms=67.482|monotonic_ms=60|clock_delta_ms=7.482
|clock_suspect=0
PMLE_LIVE_REPLAY_TIC|tic=2002|mle_ms=11.546|monotonic_ms=10|clock_delta_ms=1.546
|clock_suspect=0
PMLE_LIVE_REPLAY_TIC|tic=2003|mle_ms=83.703|monotonic_ms=90|clock_delta_ms=6.297
|clock_suspect=0
PMLE_LIVE_REPLAY_TIC|tic=2004|mle_ms=80.004|monotonic_ms=80|clock_delta_ms=.004|
clock_suspect=0
PMLE_LIVE_REPLAY_TIC|tic=2005|mle_ms=10.687|monotonic_ms=10|clock_delta_ms=.687|
clock_suspect=0
PMLE_LIVE_REPLAY_TIC|tic=2006|mle_ms=81.778|monotonic_ms=80|clock_delta_ms=1.778
|clock_suspect=0
PMLE_LIVE_REPLAY_TIC|tic=2007|mle_ms=83.003|monotonic_ms=80|clock_delta_ms=3.003
|clock_suspect=0
PMLE_LIVE_REPLAY_TIC|tic=2008|mle_ms=8.101|monotonic_ms=10|clock_delta_ms=1.899|
clock_suspect=0
PMLE_LIVE_REPLAY_TIC|tic=2009|mle_ms=62.39|monotonic_ms=70|clock_delta_ms=7.61|c
lock_suspect=0
PMLE_LIVE_REPLAY_TIC|tic=2010|mle_ms=80.362|monotonic_ms=80|clock_delta_ms=.362|
clock_suspect=0
PMLE_LIVE_REPLAY_TIC|tic=2011|mle_ms=10.843|monotonic_ms=10|clock_delta_ms=.843|
clock_suspect=0
PMLE_LIVE_REPLAY_TIC|tic=2012|mle_ms=64.797|monotonic_ms=60|clock_delta_ms=4.797
|clock_suspect=0
PMLE_LIVE_REPLAY_TIC|tic=2013|mle_ms=71.659|monotonic_ms=70|clock_delta_ms=1.659
|clock_suspect=0
PMLE_LIVE_REPLAY_TIC|tic=2014|mle_ms=13.259|monotonic_ms=20|clock_delta_ms=6.741
|clock_suspect=0
PMLE_LIVE_REPLAY_TIC|tic=2015|mle_ms=64.491|monotonic_ms=60|clock_delta_ms=4.491
|clock_suspect=0
PMLE_LIVE_REPLAY_TIC|tic=2016|mle_ms=80.175|monotonic_ms=80|clock_delta_ms=.175|
clock_suspect=0
PMLE_LIVE_REPLAY_TIC|tic=2017|mle_ms=7.781|monotonic_ms=10|clock_delta_ms=2.219|
clock_suspect=0
PMLE_LIVE_REPLAY_TIC|tic=2018|mle_ms=89.089|monotonic_ms=90|clock_delta_ms=.911|
clock_suspect=0
PMLE_LIVE_REPLAY_TIC|tic=2019|mle_ms=72.286|monotonic_ms=70|clock_delta_ms=2.286
|clock_suspect=0
PMLE_LIVE_REPLAY_TIC|tic=2020|mle_ms=9.614|monotonic_ms=10|clock_delta_ms=.386|c
lock_suspect=0
PMLE_LIVE_REPLAY_TIC|tic=2021|mle_ms=77.992|monotonic_ms=80|clock_delta_ms=2.008
|clock_suspect=0
PMLE_LIVE_REPLAY_TIC|tic=2022|mle_ms=70.983|monotonic_ms=70|clock_delta_ms=.983|
clock_suspect=0
PMLE_LIVE_REPLAY_TIC|tic=2023|mle_ms=17.592|monotonic_ms=20|clock_delta_ms=2.408
|clock_suspect=0
PMLE_LIVE_REPLAY_TIC|tic=2024|mle_ms=63.676|monotonic_ms=60|clock_delta_ms=3.676
|clock_suspect=0
PMLE_LIVE_REPLAY_TIC|tic=2025|mle_ms=58.273|monotonic_ms=60|clock_delta_ms=1.727
|clock_suspect=0
PMLE_LIVE_REPLAY_TIC|tic=2026|mle_ms=28.409|monotonic_ms=30|clock_delta_ms=1.591
|clock_suspect=0
PMLE_LIVE_REPLAY_TIC|tic=2027|mle_ms=57.233|monotonic_ms=50|clock_delta_ms=7.233
|clock_suspect=0
PMLE_LIVE_REPLAY_TIC|tic=2028|mle_ms=61.427|monotonic_ms=70|clock_delta_ms=8.573
|clock_suspect=0
PMLE_LIVE_REPLAY_TIC|tic=2029|mle_ms=10.434|monotonic_ms=10|clock_delta_ms=.434|
clock_suspect=0
PMLE_LIVE_REPLAY_TIC|tic=2030|mle_ms=59.72|monotonic_ms=60|clock_delta_ms=.28|cl
ock_suspect=0
PMLE_LIVE_REPLAY_TIC|tic=2031|mle_ms=68.595|monotonic_ms=70|clock_delta_ms=1.405
|clock_suspect=0
PMLE_LIVE_REPLAY_TIC|tic=2032|mle_ms=10.579|monotonic_ms=10|clock_delta_ms=.579|
clock_suspect=0
PMLE_LIVE_REPLAY_TIC|tic=2033|mle_ms=70.227|monotonic_ms=70|clock_delta_ms=.227|
clock_suspect=0
PMLE_LIVE_REPLAY_TIC|tic=2034|mle_ms=64.16|monotonic_ms=60|clock_delta_ms=4.16|c
lock_suspect=0
PMLE_LIVE_REPLAY_TIC|tic=2035|mle_ms=9.079|monotonic_ms=10|clock_delta_ms=.921|c
lock_suspect=0
PMLE_LIVE_REPLAY_TIC|tic=2036|mle_ms=82.71|monotonic_ms=80|clock_delta_ms=2.71|c
lock_suspect=0
PMLE_LIVE_REPLAY_TIC|tic=2037|mle_ms=65.355|monotonic_ms=70|clock_delta_ms=4.645
|clock_suspect=0
PMLE_LIVE_REPLAY_TIC|tic=2038|mle_ms=8.472|monotonic_ms=10|clock_delta_ms=1.528|
clock_suspect=0
PMLE_LIVE_REPLAY_TIC|tic=2039|mle_ms=79.422|monotonic_ms=80|clock_delta_ms=.578|
clock_suspect=0
PMLE_LIVE_REPLAY_TIC|tic=2040|mle_ms=92.283|monotonic_ms=90|clock_delta_ms=2.283
|clock_suspect=0
PMLE_LIVE_REPLAY_TIC|tic=2041|mle_ms=10.885|monotonic_ms=10|clock_delta_ms=.885|
clock_suspect=0
PMLE_LIVE_REPLAY_TIC|tic=2042|mle_ms=69.328|monotonic_ms=70|clock_delta_ms=.672|
clock_suspect=0
PMLE_LIVE_REPLAY_TIC|tic=2043|mle_ms=70.541|monotonic_ms=70|clock_delta_ms=.541|
clock_suspect=0
PMLE_LIVE_REPLAY_TIC|tic=2044|mle_ms=12.711|monotonic_ms=10|clock_delta_ms=2.711
|clock_suspect=0
PMLE_LIVE_REPLAY_TIC|tic=2045|mle_ms=60.323|monotonic_ms=60|clock_delta_ms=.323|
clock_suspect=0
PMLE_LIVE_REPLAY_TIC|tic=2046|mle_ms=78.091|monotonic_ms=80|clock_delta_ms=1.909
|clock_suspect=0
PMLE_LIVE_REPLAY_TIC|tic=2047|mle_ms=8.489|monotonic_ms=10|clock_delta_ms=1.511|
clock_suspect=0
PMLE_LIVE_REPLAY_TIC|tic=2048|mle_ms=60.661|monotonic_ms=60|clock_delta_ms=.661|
clock_suspect=0
PMLE_LIVE_REPLAY_TIC|tic=2049|mle_ms=75.933|monotonic_ms=80|clock_delta_ms=4.067
|clock_suspect=0
PMLE_LIVE_REPLAY_TIC|tic=2050|mle_ms=11.433|monotonic_ms=10|clock_delta_ms=1.433
|clock_suspect=0
PMLE_LIVE_REPLAY_TIC|tic=2051|mle_ms=84.3|monotonic_ms=80|clock_delta_ms=4.3|clo
ck_suspect=0
PMLE_LIVE_REPLAY_TIC|tic=2052|mle_ms=76.311|monotonic_ms=80|clock_delta_ms=3.689
|clock_suspect=0
PMLE_LIVE_REPLAY_TIC|tic=2053|mle_ms=22.425|monotonic_ms=20|clock_delta_ms=2.425
|clock_suspect=0
PMLE_LIVE_REPLAY_TIC|tic=2054|mle_ms=82.224|monotonic_ms=80|clock_delta_ms=2.224
|clock_suspect=0
PMLE_LIVE_REPLAY_TIC|tic=2055|mle_ms=81.793|monotonic_ms=90|clock_delta_ms=8.207
|clock_suspect=0
PMLE_LIVE_REPLAY_TIC|tic=2056|mle_ms=29.316|monotonic_ms=20|clock_delta_ms=9.316
|clock_suspect=0
PMLE_LIVE_REPLAY_TIC|tic=2057|mle_ms=62.311|monotonic_ms=70|clock_delta_ms=7.689
|clock_suspect=0
PMLE_LIVE_REPLAY_TIC|tic=2058|mle_ms=60.11|monotonic_ms=60|clock_delta_ms=.11|cl
ock_suspect=0
PMLE_LIVE_REPLAY_TIC|tic=2059|mle_ms=10.237|monotonic_ms=10|clock_delta_ms=.237|
clock_suspect=0
PMLE_LIVE_REPLAY_TIC|tic=2060|mle_ms=82.301|monotonic_ms=80|clock_delta_ms=2.301
|clock_suspect=0
PMLE_LIVE_REPLAY_TIC|tic=2061|mle_ms=70.587|monotonic_ms=70|clock_delta_ms=.587|
clock_suspect=0
PMLE_LIVE_REPLAY_TIC|tic=2062|mle_ms=11.217|monotonic_ms=10|clock_delta_ms=1.217
|clock_suspect=0
PMLE_LIVE_REPLAY_TIC|tic=2063|mle_ms=79.016|monotonic_ms=80|clock_delta_ms=.984|
clock_suspect=0
PMLE_LIVE_REPLAY_TIC|tic=2064|mle_ms=64.083|monotonic_ms=70|clock_delta_ms=5.917
|clock_suspect=0
PMLE_LIVE_REPLAY_TIC|tic=2065|mle_ms=10.379|monotonic_ms=10|clock_delta_ms=.379|
clock_suspect=0
PMLE_LIVE_REPLAY_TIC|tic=2066|mle_ms=102.876|monotonic_ms=100|clock_delta_ms=2.8
76|clock_suspect=0
PMLE_LIVE_REPLAY_TIC|tic=2067|mle_ms=72.501|monotonic_ms=70|clock_delta_ms=2.501
|clock_suspect=0
PMLE_LIVE_REPLAY_TIC|tic=2068|mle_ms=10.844|monotonic_ms=10|clock_delta_ms=.844|
clock_suspect=0
PMLE_LIVE_REPLAY_TIC|tic=2069|mle_ms=78.843|monotonic_ms=80|clock_delta_ms=1.157
|clock_suspect=0
PMLE_LIVE_REPLAY_TIC|tic=2070|mle_ms=60.673|monotonic_ms=60|clock_delta_ms=.673|
clock_suspect=0
PMLE_LIVE_REPLAY_TIC|tic=2071|mle_ms=9.32|monotonic_ms=10|clock_delta_ms=.68|clo
ck_suspect=0
PMLE_LIVE_REPLAY_TIC|tic=2072|mle_ms=77.368|monotonic_ms=80|clock_delta_ms=2.632
|clock_suspect=0
PMLE_LIVE_REPLAY_TIC|tic=2073|mle_ms=65.397|monotonic_ms=60|clock_delta_ms=5.397
|clock_suspect=0
PMLE_LIVE_REPLAY_TIC|tic=2074|mle_ms=13.745|monotonic_ms=20|clock_delta_ms=6.255
|clock_suspect=0
PMLE_LIVE_REPLAY_TIC|tic=2075|mle_ms=59.252|monotonic_ms=60|clock_delta_ms=.748|
clock_suspect=0
PMLE_LIVE_REPLAY_TIC|tic=2076|mle_ms=78.959|monotonic_ms=80|clock_delta_ms=1.041
|clock_suspect=0
PMLE_LIVE_REPLAY_TIC|tic=2077|mle_ms=8.326|monotonic_ms=0|clock_delta_ms=8.326|c
lock_suspect=0
PMLE_LIVE_REPLAY_TIC|tic=2078|mle_ms=65.731|monotonic_ms=70|clock_delta_ms=4.269
|clock_suspect=0
PMLE_LIVE_REPLAY_TIC|tic=2079|mle_ms=70.18|monotonic_ms=70|clock_delta_ms=.18|cl
ock_suspect=0
PMLE_LIVE_REPLAY_TIC|tic=2080|mle_ms=9.938|monotonic_ms=10|clock_delta_ms=.062|c
lock_suspect=0
PMLE_LIVE_REPLAY_TIC|tic=2081|mle_ms=61.453|monotonic_ms=60|clock_delta_ms=1.453
|clock_suspect=0
PMLE_LIVE_REPLAY_TIC|tic=2082|mle_ms=-49.585|monotonic_ms=70|clock_delta_ms=119.
585|clock_suspect=1
PMLE_LIVE_REPLAY_TIC|tic=2083|mle_ms=19.629|monotonic_ms=20|clock_delta_ms=.371|
clock_suspect=0
PMLE_LIVE_REPLAY_TIC|tic=2084|mle_ms=64.642|monotonic_ms=60|clock_delta_ms=4.642
|clock_suspect=0
PMLE_LIVE_REPLAY_TIC|tic=2085|mle_ms=56.429|monotonic_ms=60|clock_delta_ms=3.571
|clock_suspect=0
PMLE_LIVE_REPLAY_TIC|tic=2086|mle_ms=30.606|monotonic_ms=30|clock_delta_ms=.606|
clock_suspect=0
PMLE_LIVE_REPLAY_TIC|tic=2087|mle_ms=59.452|monotonic_ms=60|clock_delta_ms=.548|
clock_suspect=0
PMLE_LIVE_REPLAY_TIC|tic=2088|mle_ms=67.029|monotonic_ms=60|clock_delta_ms=7.029
|clock_suspect=0
PMLE_LIVE_REPLAY_TIC|tic=2089|mle_ms=10.663|monotonic_ms=20|clock_delta_ms=9.337
|clock_suspect=0
PMLE_LIVE_REPLAY_TIC|tic=2090|mle_ms=62.463|monotonic_ms=60|clock_delta_ms=2.463
|clock_suspect=0
PMLE_LIVE_REPLAY_TIC|tic=2091|mle_ms=60.629|monotonic_ms=60|clock_delta_ms=.629|
clock_suspect=0
PMLE_LIVE_REPLAY_TIC|tic=2092|mle_ms=9.849|monotonic_ms=10|clock_delta_ms=.151|c
lock_suspect=0
PMLE_LIVE_REPLAY_TIC|tic=2093|mle_ms=71.213|monotonic_ms=70|clock_delta_ms=1.213
|clock_suspect=0
PMLE_LIVE_REPLAY_TIC|tic=2094|mle_ms=88.466|monotonic_ms=90|clock_delta_ms=1.534
|clock_suspect=0
PMLE_LIVE_REPLAY_TIC|tic=2095|mle_ms=8.685|monotonic_ms=10|clock_delta_ms=1.315|
clock_suspect=0
PMLE_LIVE_REPLAY_TIC|tic=2096|mle_ms=96.812|monotonic_ms=90|clock_delta_ms=6.812
|clock_suspect=0
PMLE_LIVE_REPLAY_TIC|tic=2097|mle_ms=61.02|monotonic_ms=70|clock_delta_ms=8.98|c
lock_suspect=0
PMLE_LIVE_REPLAY_TIC|tic=2098|mle_ms=10.151|monotonic_ms=10|clock_delta_ms=.151|
clock_suspect=0
PMLE_LIVE_REPLAY_TIC|tic=2099|mle_ms=69.111|monotonic_ms=60|clock_delta_ms=9.111
|clock_suspect=0
PMLE_LIVE_REPLAY_TIC|tic=2100|mle_ms=70.764|monotonic_ms=80|clock_delta_ms=9.236
|clock_suspect=0
PMLE_LIVE_REPLAY_TIC|tic=2101|mle_ms=9.218|monotonic_ms=10|clock_delta_ms=.782|c
lock_suspect=0
PMLE_LIVE_REPLAY_TIC|tic=2102|mle_ms=87.206|monotonic_ms=90|clock_delta_ms=2.794
|clock_suspect=0
PMLE_LIVE_REPLAY_TIC|tic=2103|mle_ms=69.653|monotonic_ms=70|clock_delta_ms=.347|
clock_suspect=0
PMLE_LIVE_REPLAY_TIC|tic=2104|mle_ms=12.615|monotonic_ms=10|clock_delta_ms=2.615
|clock_suspect=0
PMLE_LIVE_REPLAY_TIC|tic=2105|mle_ms=71.779|monotonic_ms=70|clock_delta_ms=1.779
|clock_suspect=0
PMLE_LIVE_REPLAY_TIC|tic=2106|mle_ms=92.939|monotonic_ms=100|clock_delta_ms=7.06
1|clock_suspect=0
PMLE_LIVE_REPLAY_TIC|tic=2107|mle_ms=9.403|monotonic_ms=10|clock_delta_ms=.597|c
lock_suspect=0
PMLE_LIVE_REPLAY_TIC|tic=2108|mle_ms=70.676|monotonic_ms=70|clock_delta_ms=.676|
clock_suspect=0
PMLE_LIVE_REPLAY_TIC|tic=2109|mle_ms=65.68|monotonic_ms=60|clock_delta_ms=5.68|c
lock_suspect=0
PMLE_LIVE_REPLAY_TIC|tic=2110|mle_ms=11.238|monotonic_ms=20|clock_delta_ms=8.762
|clock_suspect=0
PMLE_LIVE_REPLAY_TIC|tic=2111|mle_ms=71.594|monotonic_ms=70|clock_delta_ms=1.594
|clock_suspect=0
PMLE_LIVE_REPLAY_TIC|tic=2112|mle_ms=60.978|monotonic_ms=60|clock_delta_ms=.978|
clock_suspect=0
PMLE_LIVE_REPLAY_TIC|tic=2113|mle_ms=18.388|monotonic_ms=20|clock_delta_ms=1.612
|clock_suspect=0
PMLE_LIVE_REPLAY_TIC|tic=2114|mle_ms=64.204|monotonic_ms=60|clock_delta_ms=4.204
|clock_suspect=0
PMLE_LIVE_REPLAY_TIC|tic=2115|mle_ms=57.192|monotonic_ms=60|clock_delta_ms=2.808
|clock_suspect=0
PMLE_LIVE_REPLAY_TIC|tic=2116|mle_ms=30.611|monotonic_ms=30|clock_delta_ms=.611|
clock_suspect=0
PMLE_LIVE_REPLAY_TIC|tic=2117|mle_ms=61.991|monotonic_ms=60|clock_delta_ms=1.991
|clock_suspect=0
PMLE_LIVE_REPLAY_TIC|tic=2118|mle_ms=73.02|monotonic_ms=70|clock_delta_ms=3.02|c
lock_suspect=0
PMLE_LIVE_REPLAY_TIC|tic=2119|mle_ms=9.396|monotonic_ms=10|clock_delta_ms=.604|c
lock_suspect=0
PMLE_LIVE_REPLAY_TIC|tic=2120|mle_ms=65.478|monotonic_ms=70|clock_delta_ms=4.522
|clock_suspect=0
PMLE_LIVE_REPLAY_TIC|tic=2121|mle_ms=68.076|monotonic_ms=70|clock_delta_ms=1.924
|clock_suspect=0
PMLE_LIVE_REPLAY_TIC|tic=2122|mle_ms=12.682|monotonic_ms=10|clock_delta_ms=2.682
|clock_suspect=0
PMLE_LIVE_REPLAY_TIC|tic=2123|mle_ms=78.532|monotonic_ms=80|clock_delta_ms=1.468
|clock_suspect=0
PMLE_LIVE_REPLAY_TIC|tic=2124|mle_ms=80.634|monotonic_ms=80|clock_delta_ms=.634|
clock_suspect=0
PMLE_LIVE_REPLAY_TIC|tic=2125|mle_ms=12.178|monotonic_ms=10|clock_delta_ms=2.178
|clock_suspect=0
PMLE_LIVE_REPLAY_TIC|tic=2126|mle_ms=95.74|monotonic_ms=100|clock_delta_ms=4.26|
clock_suspect=0
PMLE_LIVE_REPLAY_TIC|tic=2127|mle_ms=73.278|monotonic_ms=70|clock_delta_ms=3.278
|clock_suspect=0
PMLE_LIVE_REPLAY_TIC|tic=2128|mle_ms=9.754|monotonic_ms=10|clock_delta_ms=.246|c
lock_suspect=0
PMLE_LIVE_REPLAY_TIC|tic=2129|mle_ms=67.198|monotonic_ms=70|clock_delta_ms=2.802
|clock_suspect=0
PMLE_LIVE_REPLAY_TIC|tic=2130|mle_ms=59.722|monotonic_ms=60|clock_delta_ms=.278|
clock_suspect=0
PMLE_LIVE_REPLAY_TIC|tic=2131|mle_ms=10.424|monotonic_ms=10|clock_delta_ms=.424|
clock_suspect=0
PMLE_LIVE_REPLAY_TIC|tic=2132|mle_ms=63.799|monotonic_ms=60|clock_delta_ms=3.799
|clock_suspect=0
PMLE_LIVE_REPLAY_TIC|tic=2133|mle_ms=70.893|monotonic_ms=70|clock_delta_ms=.893|
clock_suspect=0
PMLE_LIVE_REPLAY_TIC|tic=2134|mle_ms=14.744|monotonic_ms=20|clock_delta_ms=5.256
|clock_suspect=0
PMLE_LIVE_REPLAY_TIC|tic=2135|mle_ms=63.814|monotonic_ms=60|clock_delta_ms=3.814
|clock_suspect=0
PMLE_LIVE_REPLAY_TIC|tic=2136|mle_ms=84.755|monotonic_ms=90|clock_delta_ms=5.245
|clock_suspect=0
PMLE_LIVE_REPLAY_TIC|tic=2137|mle_ms=9.468|monotonic_ms=10|clock_delta_ms=.532|c
lock_suspect=0
PMLE_LIVE_REPLAY_TIC|tic=2138|mle_ms=64.819|monotonic_ms=60|clock_delta_ms=4.819
|clock_suspect=0
PMLE_LIVE_REPLAY_TIC|tic=2139|mle_ms=58.554|monotonic_ms=60|clock_delta_ms=1.446
|clock_suspect=0
PMLE_LIVE_REPLAY_TIC|tic=2140|mle_ms=8.086|monotonic_ms=10|clock_delta_ms=1.914|
clock_suspect=0
PMLE_LIVE_REPLAY_TIC|tic=2141|mle_ms=62.52|monotonic_ms=60|clock_delta_ms=2.52|c
lock_suspect=0
PMLE_LIVE_REPLAY_TIC|tic=2142|mle_ms=60.399|monotonic_ms=60|clock_delta_ms=.399|
clock_suspect=0
PMLE_LIVE_REPLAY_TIC|tic=2143|mle_ms=23.277|monotonic_ms=20|clock_delta_ms=3.277
|clock_suspect=0
PMLE_LIVE_REPLAY_TIC|tic=2144|mle_ms=76.339|monotonic_ms=80|clock_delta_ms=3.661
|clock_suspect=0
PMLE_LIVE_REPLAY_TIC|tic=2145|mle_ms=95.173|monotonic_ms=100|clock_delta_ms=4.82
7|clock_suspect=0
PMLE_LIVE_REPLAY_TIC|tic=2146|mle_ms=30.252|monotonic_ms=30|clock_delta_ms=.252|
clock_suspect=0
PMLE_LIVE_REPLAY_TIC|tic=2147|mle_ms=80.974|monotonic_ms=80|clock_delta_ms=.974|
clock_suspect=0
PMLE_LIVE_REPLAY_TIC|tic=2148|mle_ms=76.142|monotonic_ms=70|clock_delta_ms=6.142
|clock_suspect=0
PMLE_LIVE_REPLAY_TIC|tic=2149|mle_ms=8.868|monotonic_ms=10|clock_delta_ms=1.132|
clock_suspect=0
PMLE_LIVE_REPLAY_TIC|tic=2150|mle_ms=70.64|monotonic_ms=70|clock_delta_ms=.64|cl
ock_suspect=0
PMLE_LIVE_REPLAY_TIC|tic=2151|mle_ms=66.623|monotonic_ms=70|clock_delta_ms=3.377
|clock_suspect=0
PMLE_LIVE_REPLAY_TIC|tic=2152|mle_ms=10.686|monotonic_ms=10|clock_delta_ms=.686|
clock_suspect=0
PMLE_LIVE_REPLAY_TIC|tic=2153|mle_ms=93.48|monotonic_ms=90|clock_delta_ms=3.48|c
lock_suspect=0
PMLE_LIVE_REPLAY_TIC|tic=2154|mle_ms=145.48|monotonic_ms=150|clock_delta_ms=4.52
|clock_suspect=0
PMLE_LIVE_REPLAY_TIC|tic=2155|mle_ms=12.681|monotonic_ms=10|clock_delta_ms=2.681
|clock_suspect=0
PMLE_LIVE_REPLAY_TIC|tic=2156|mle_ms=157.069|monotonic_ms=160|clock_delta_ms=2.9
31|clock_suspect=0
PMLE_LIVE_REPLAY_TIC|tic=2157|mle_ms=77.187|monotonic_ms=80|clock_delta_ms=2.813
|clock_suspect=0
PMLE_LIVE_REPLAY_TIC|tic=2158|mle_ms=8.624|monotonic_ms=10|clock_delta_ms=1.376|
clock_suspect=0
PMLE_LIVE_REPLAY_TIC|tic=2159|mle_ms=71.872|monotonic_ms=70|clock_delta_ms=1.872
|clock_suspect=0
PMLE_LIVE_REPLAY_TIC|tic=2160|mle_ms=73.434|monotonic_ms=70|clock_delta_ms=3.434
|clock_suspect=0
PMLE_LIVE_REPLAY_TIC|tic=2161|mle_ms=10.295|monotonic_ms=10|clock_delta_ms=.295|
clock_suspect=0
PMLE_LIVE_REPLAY_TIC|tic=2162|mle_ms=74.173|monotonic_ms=80|clock_delta_ms=5.827
|clock_suspect=0
PMLE_LIVE_REPLAY_TIC|tic=2163|mle_ms=80.797|monotonic_ms=80|clock_delta_ms=.797|
clock_suspect=0
PMLE_LIVE_REPLAY_TIC|tic=2164|mle_ms=16.019|monotonic_ms=10|clock_delta_ms=6.019
|clock_suspect=0
PMLE_LIVE_REPLAY_TIC|tic=2165|mle_ms=69.21|monotonic_ms=70|clock_delta_ms=.79|cl
ock_suspect=0
PMLE_LIVE_REPLAY_TIC|tic=2166|mle_ms=88.446|monotonic_ms=90|clock_delta_ms=1.554
|clock_suspect=0
PMLE_LIVE_REPLAY_TIC|tic=2167|mle_ms=8.32|monotonic_ms=10|clock_delta_ms=1.68|cl
ock_suspect=0
PMLE_LIVE_REPLAY_TIC|tic=2168|mle_ms=66.239|monotonic_ms=70|clock_delta_ms=3.761
|clock_suspect=0
PMLE_LIVE_REPLAY_TIC|tic=2169|mle_ms=100.789|monotonic_ms=100|clock_delta_ms=.78
9|clock_suspect=0
PMLE_LIVE_REPLAY_TIC|tic=2170|mle_ms=7.975|monotonic_ms=0|clock_delta_ms=7.975|c
lock_suspect=0
PMLE_LIVE_REPLAY_TIC|tic=2171|mle_ms=59.061|monotonic_ms=60|clock_delta_ms=.939|
clock_suspect=0
PMLE_LIVE_REPLAY_TIC|tic=2172|mle_ms=87.853|monotonic_ms=90|clock_delta_ms=2.147
|clock_suspect=0
PMLE_LIVE_REPLAY_TIC|tic=2173|mle_ms=24.21|monotonic_ms=30|clock_delta_ms=5.79|c
lock_suspect=0
PMLE_LIVE_REPLAY_TIC|tic=2174|mle_ms=84.228|monotonic_ms=80|clock_delta_ms=4.228
|clock_suspect=0
PMLE_LIVE_REPLAY_TIC|tic=2175|mle_ms=74.955|monotonic_ms=70|clock_delta_ms=4.955
|clock_suspect=0
PMLE_LIVE_REPLAY_TIC|tic=2176|mle_ms=34.797|monotonic_ms=40|clock_delta_ms=5.203
|clock_suspect=0
PMLE_LIVE_REPLAY_TIC|tic=2177|mle_ms=70.009|monotonic_ms=70|clock_delta_ms=.009|
clock_suspect=0
PMLE_LIVE_REPLAY_TIC|tic=2178|mle_ms=98.111|monotonic_ms=100|clock_delta_ms=1.88
9|clock_suspect=0
PMLE_LIVE_REPLAY_TIC|tic=2179|mle_ms=9.585|monotonic_ms=10|clock_delta_ms=.415|c
lock_suspect=0
PMLE_LIVE_REPLAY_TIC|tic=2180|mle_ms=64.626|monotonic_ms=60|clock_delta_ms=4.626
|clock_suspect=0
PMLE_LIVE_REPLAY_TIC|tic=2181|mle_ms=67.42|monotonic_ms=70|clock_delta_ms=2.58|c
lock_suspect=0
PMLE_LIVE_REPLAY_TIC|tic=2182|mle_ms=9.618|monotonic_ms=10|clock_delta_ms=.382|c
lock_suspect=0
PMLE_LIVE_REPLAY_TIC|tic=2183|mle_ms=73.547|monotonic_ms=70|clock_delta_ms=3.547
|clock_suspect=0
PMLE_LIVE_REPLAY_TIC|tic=2184|mle_ms=74.898|monotonic_ms=80|clock_delta_ms=5.102
|clock_suspect=0
PMLE_LIVE_REPLAY_TIC|tic=2185|mle_ms=9.797|monotonic_ms=10|clock_delta_ms=.203|c
lock_suspect=0
PMLE_LIVE_REPLAY_TIC|tic=2186|mle_ms=81.219|monotonic_ms=80|clock_delta_ms=1.219
|clock_suspect=0
PMLE_LIVE_REPLAY_TIC|tic=2187|mle_ms=70.678|monotonic_ms=70|clock_delta_ms=.678|
clock_suspect=0
PMLE_LIVE_REPLAY_TIC|tic=2188|mle_ms=8.862|monotonic_ms=10|clock_delta_ms=1.138|
clock_suspect=0
PMLE_LIVE_REPLAY_TIC|tic=2189|mle_ms=84.769|monotonic_ms=80|clock_delta_ms=4.769
|clock_suspect=0
PMLE_LIVE_REPLAY_TIC|tic=2190|mle_ms=82.563|monotonic_ms=90|clock_delta_ms=7.437
|clock_suspect=0
PMLE_LIVE_REPLAY_TIC|tic=2191|mle_ms=11.296|monotonic_ms=10|clock_delta_ms=1.296
|clock_suspect=0
PMLE_LIVE_REPLAY_TIC|tic=2192|mle_ms=96.164|monotonic_ms=90|clock_delta_ms=6.164
|clock_suspect=0
PMLE_LIVE_REPLAY_TIC|tic=2193|mle_ms=75.035|monotonic_ms=80|clock_delta_ms=4.965
|clock_suspect=0
PMLE_LIVE_REPLAY_TIC|tic=2194|mle_ms=12.501|monotonic_ms=10|clock_delta_ms=2.501
|clock_suspect=0
PMLE_LIVE_REPLAY_TIC|tic=2195|mle_ms=58.94|monotonic_ms=60|clock_delta_ms=1.06|c
lock_suspect=0
PMLE_LIVE_REPLAY_TIC|tic=2196|mle_ms=81.593|monotonic_ms=80|clock_delta_ms=1.593
|clock_suspect=0
PMLE_LIVE_REPLAY_TIC|tic=2197|mle_ms=8.486|monotonic_ms=10|clock_delta_ms=1.514|
clock_suspect=0
PMLE_LIVE_REPLAY_TIC|tic=2198|mle_ms=87.068|monotonic_ms=90|clock_delta_ms=2.932
|clock_suspect=0
PMLE_LIVE_REPLAY_TIC|tic=2199|mle_ms=84.973|monotonic_ms=80|clock_delta_ms=4.973
|clock_suspect=0
PMLE_LIVE_REPLAY_TIC|tic=2200|mle_ms=8.284|monotonic_ms=10|clock_delta_ms=1.716|
clock_suspect=0
PMLE_LIVE_REPLAY_TIC|tic=2201|mle_ms=73.292|monotonic_ms=70|clock_delta_ms=3.292
|clock_suspect=0
PMLE_LIVE_REPLAY_TIC|tic=2202|mle_ms=87.566|monotonic_ms=90|clock_delta_ms=2.434
|clock_suspect=0
PMLE_LIVE_REPLAY_TIC|tic=2203|mle_ms=19.753|monotonic_ms=20|clock_delta_ms=.247|
clock_suspect=0
PMLE_LIVE_REPLAY_TIC|tic=2204|mle_ms=64.614|monotonic_ms=70|clock_delta_ms=5.386
|clock_suspect=0
PMLE_LIVE_REPLAY_TIC|tic=2205|mle_ms=88.179|monotonic_ms=80|clock_delta_ms=8.179
|clock_suspect=0
PMLE_LIVE_REPLAY_TIC|tic=2206|mle_ms=30.026|monotonic_ms=30|clock_delta_ms=.026|
clock_suspect=0
PMLE_LIVE_REPLAY_TIC|tic=2207|mle_ms=104.8|monotonic_ms=110|clock_delta_ms=5.2|c
lock_suspect=0
PMLE_LIVE_REPLAY_TIC|tic=2208|mle_ms=66.355|monotonic_ms=70|clock_delta_ms=3.645
|clock_suspect=0
PMLE_LIVE_REPLAY_TIC|tic=2209|mle_ms=9.391|monotonic_ms=10|clock_delta_ms=.609|c
lock_suspect=0
PMLE_LIVE_REPLAY_TIC|tic=2210|mle_ms=58.405|monotonic_ms=50|clock_delta_ms=8.405
|clock_suspect=0
PMLE_LIVE_REPLAY_TIC|tic=2211|mle_ms=58.426|monotonic_ms=60|clock_delta_ms=1.574
|clock_suspect=0
PMLE_LIVE_REPLAY_TIC|tic=2212|mle_ms=10.314|monotonic_ms=10|clock_delta_ms=.314|
clock_suspect=0
PMLE_LIVE_REPLAY_TIC|tic=2213|mle_ms=91.044|monotonic_ms=90|clock_delta_ms=1.044
|clock_suspect=0
PMLE_LIVE_REPLAY_TIC|tic=2214|mle_ms=67.762|monotonic_ms=70|clock_delta_ms=2.238
|clock_suspect=0
PMLE_LIVE_REPLAY_TIC|tic=2215|mle_ms=8.578|monotonic_ms=10|clock_delta_ms=1.422|
clock_suspect=0
PMLE_LIVE_REPLAY_TIC|tic=2216|mle_ms=81.712|monotonic_ms=80|clock_delta_ms=1.712
|clock_suspect=0
PMLE_LIVE_REPLAY_TIC|tic=2217|mle_ms=62.712|monotonic_ms=60|clock_delta_ms=2.712
|clock_suspect=0
PMLE_LIVE_REPLAY_TIC|tic=2218|mle_ms=9.006|monotonic_ms=10|clock_delta_ms=.994|c
lock_suspect=0
PMLE_LIVE_REPLAY_TIC|tic=2219|mle_ms=58.758|monotonic_ms=60|clock_delta_ms=1.242
|clock_suspect=0
PMLE_LIVE_REPLAY_TIC|tic=2220|mle_ms=61.569|monotonic_ms=60|clock_delta_ms=1.569
|clock_suspect=0
PMLE_LIVE_REPLAY_TIC|tic=2221|mle_ms=9.149|monotonic_ms=10|clock_delta_ms=.851|c
lock_suspect=0
PMLE_LIVE_REPLAY_TIC|tic=2222|mle_ms=60.501|monotonic_ms=60|clock_delta_ms=.501|
clock_suspect=0
PMLE_LIVE_REPLAY_TIC|tic=2223|mle_ms=70.571|monotonic_ms=70|clock_delta_ms=.571|
clock_suspect=0
PMLE_LIVE_REPLAY_TIC|tic=2224|mle_ms=13.479|monotonic_ms=20|clock_delta_ms=6.521
|clock_suspect=0
PMLE_LIVE_REPLAY_TIC|tic=2225|mle_ms=58.095|monotonic_ms=60|clock_delta_ms=1.905
|clock_suspect=0
PMLE_LIVE_REPLAY_TIC|tic=2226|mle_ms=101.385|monotonic_ms=100|clock_delta_ms=1.3
85|clock_suspect=0
PMLE_LIVE_REPLAY_TIC|tic=2227|mle_ms=10.191|monotonic_ms=10|clock_delta_ms=.191|
clock_suspect=0
PMLE_LIVE_REPLAY_TIC|tic=2228|mle_ms=61.379|monotonic_ms=60|clock_delta_ms=1.379
|clock_suspect=0
PMLE_LIVE_REPLAY_TIC|tic=2229|mle_ms=59.855|monotonic_ms=60|clock_delta_ms=.145|
clock_suspect=0
PMLE_LIVE_REPLAY_TIC|tic=2230|mle_ms=13.262|monotonic_ms=10|clock_delta_ms=3.262
|clock_suspect=0
PMLE_LIVE_REPLAY_TIC|tic=2231|mle_ms=87.143|monotonic_ms=90|clock_delta_ms=2.857
|clock_suspect=0
PMLE_LIVE_REPLAY_TIC|tic=2232|mle_ms=108.232|monotonic_ms=110|clock_delta_ms=1.7
68|clock_suspect=0
PMLE_LIVE_REPLAY_TIC|tic=2233|mle_ms=24.975|monotonic_ms=20|clock_delta_ms=4.975
|clock_suspect=0
PMLE_LIVE_REPLAY_TIC|tic=2234|mle_ms=74.787|monotonic_ms=80|clock_delta_ms=5.213
|clock_suspect=0
PMLE_LIVE_REPLAY_TIC|tic=2235|mle_ms=74.64|monotonic_ms=70|clock_delta_ms=4.64|c
lock_suspect=0
PMLE_LIVE_REPLAY_TIC|tic=2236|mle_ms=39.359|monotonic_ms=40|clock_delta_ms=.641|
clock_suspect=0
PMLE_LIVE_REPLAY_TIC|tic=2237|mle_ms=73.02|monotonic_ms=80|clock_delta_ms=6.98|c
lock_suspect=0
PMLE_LIVE_REPLAY_TIC|tic=2238|mle_ms=77.282|monotonic_ms=70|clock_delta_ms=7.282
|clock_suspect=0
PMLE_LIVE_REPLAY_TIC|tic=2239|mle_ms=12.573|monotonic_ms=20|clock_delta_ms=7.427
|clock_suspect=0
PMLE_LIVE_REPLAY_TIC|tic=2240|mle_ms=17.854|monotonic_ms=10|clock_delta_ms=7.854
|clock_suspect=0
PMLE_LIVE_REPLAY_TIC|tic=2241|mle_ms=63.646|monotonic_ms=70|clock_delta_ms=6.354
|clock_suspect=0
PMLE_LIVE_REPLAY_TIC|tic=2242|mle_ms=12.439|monotonic_ms=10|clock_delta_ms=2.439
|clock_suspect=0
PMLE_LIVE_REPLAY_TIC|tic=2243|mle_ms=28.542|monotonic_ms=30|clock_delta_ms=1.458
|clock_suspect=0
PMLE_LIVE_REPLAY_TIC|tic=2244|mle_ms=79.603|monotonic_ms=80|clock_delta_ms=.397|
clock_suspect=0
PMLE_LIVE_REPLAY_TIC|tic=2245|mle_ms=16.496|monotonic_ms=10|clock_delta_ms=6.496
|clock_suspect=0
PMLE_LIVE_REPLAY_TIC|tic=2246|mle_ms=53.458|monotonic_ms=60|clock_delta_ms=6.542
|clock_suspect=0
PMLE_LIVE_REPLAY_TIC|tic=2247|mle_ms=70.686|monotonic_ms=70|clock_delta_ms=.686|
clock_suspect=0
PMLE_LIVE_REPLAY_TIC|tic=2248|mle_ms=12.801|monotonic_ms=10|clock_delta_ms=2.801
|clock_suspect=0
PMLE_LIVE_REPLAY_TIC|tic=2249|mle_ms=15.033|monotonic_ms=20|clock_delta_ms=4.967
|clock_suspect=0
PMLE_LIVE_REPLAY_TIC|tic=2250|mle_ms=56.932|monotonic_ms=50|clock_delta_ms=6.932
|clock_suspect=0
PMLE_LIVE_REPLAY_TIC|tic=2251|mle_ms=13.646|monotonic_ms=20|clock_delta_ms=6.354
|clock_suspect=0
PMLE_LIVE_REPLAY_TIC|tic=2252|mle_ms=24.128|monotonic_ms=20|clock_delta_ms=4.128
|clock_suspect=0
PMLE_LIVE_REPLAY_TIC|tic=2253|mle_ms=93.085|monotonic_ms=100|clock_delta_ms=6.91
5|clock_suspect=0
PMLE_LIVE_REPLAY_TIC|tic=2254|mle_ms=21.734|monotonic_ms=20|clock_delta_ms=1.734
|clock_suspect=0
PMLE_LIVE_REPLAY_TIC|tic=2255|mle_ms=26.398|monotonic_ms=20|clock_delta_ms=6.398
|clock_suspect=0
PMLE_LIVE_REPLAY_TIC|tic=2256|mle_ms=129.721|monotonic_ms=130|clock_delta_ms=.27
9|clock_suspect=0
PMLE_LIVE_REPLAY_TIC|tic=2257|mle_ms=14.698|monotonic_ms=20|clock_delta_ms=5.302
|clock_suspect=0
PMLE_LIVE_REPLAY_TIC|tic=2258|mle_ms=36.737|monotonic_ms=40|clock_delta_ms=3.263
|clock_suspect=0
PMLE_LIVE_REPLAY_TIC|tic=2259|mle_ms=90.561|monotonic_ms=90|clock_delta_ms=.561|
clock_suspect=0
PMLE_LIVE_REPLAY_TIC|tic=2260|mle_ms=14.22|monotonic_ms=10|clock_delta_ms=4.22|c
lock_suspect=0
PMLE_LIVE_REPLAY_TIC|tic=2261|mle_ms=20.162|monotonic_ms=20|clock_delta_ms=.162|
clock_suspect=0
PMLE_LIVE_REPLAY_TIC|tic=2262|mle_ms=74.227|monotonic_ms=70|clock_delta_ms=4.227
|clock_suspect=0
PMLE_LIVE_REPLAY_TIC|tic=2263|mle_ms=23.635|monotonic_ms=30|clock_delta_ms=6.365
|clock_suspect=0
PMLE_LIVE_REPLAY_TIC|tic=2264|mle_ms=27.427|monotonic_ms=30|clock_delta_ms=2.573
|clock_suspect=0
PMLE_LIVE_REPLAY_TIC|tic=2265|mle_ms=69.272|monotonic_ms=70|clock_delta_ms=.728|
clock_suspect=0
PMLE_LIVE_REPLAY_TIC|tic=2266|mle_ms=38.953|monotonic_ms=30|clock_delta_ms=8.953
|clock_suspect=0
PMLE_LIVE_REPLAY_TIC|tic=2267|mle_ms=62.638|monotonic_ms=70|clock_delta_ms=7.362
|clock_suspect=0
PMLE_LIVE_REPLAY_TIC|tic=2268|mle_ms=15.541|monotonic_ms=10|clock_delta_ms=5.541
|clock_suspect=0
PMLE_LIVE_REPLAY_TIC|tic=2269|mle_ms=13.283|monotonic_ms=20|clock_delta_ms=6.717
|clock_suspect=0
PMLE_LIVE_REPLAY_TIC|tic=2270|mle_ms=91.512|monotonic_ms=90|clock_delta_ms=1.512
|clock_suspect=0
PMLE_LIVE_REPLAY_TIC|tic=2271|mle_ms=32.659|monotonic_ms=30|clock_delta_ms=2.659
|clock_suspect=0
PMLE_LIVE_REPLAY_TIC|tic=2272|mle_ms=21.044|monotonic_ms=20|clock_delta_ms=1.044
|clock_suspect=0
PMLE_LIVE_REPLAY_TIC|tic=2273|mle_ms=-27.161|monotonic_ms=90|clock_delta_ms=117.
161|clock_suspect=1
PMLE_LIVE_REPLAY_TIC|tic=2274|mle_ms=23.634|monotonic_ms=20|clock_delta_ms=3.634
|clock_suspect=0
PMLE_LIVE_REPLAY_TIC|tic=2275|mle_ms=13.633|monotonic_ms=20|clock_delta_ms=6.367
|clock_suspect=0
PMLE_LIVE_REPLAY_TIC|tic=2276|mle_ms=118.163|monotonic_ms=120|clock_delta_ms=1.8
37|clock_suspect=0
PMLE_LIVE_REPLAY_TIC|tic=2277|mle_ms=27.877|monotonic_ms=20|clock_delta_ms=7.877
|clock_suspect=0
PMLE_LIVE_REPLAY_TIC|tic=2278|mle_ms=22.447|monotonic_ms=30|clock_delta_ms=7.553
|clock_suspect=0
PMLE_LIVE_REPLAY_TIC|tic=2279|mle_ms=77.217|monotonic_ms=70|clock_delta_ms=7.217
|clock_suspect=0
PMLE_LIVE_REPLAY_TIC|tic=2280|mle_ms=19.42|monotonic_ms=20|clock_delta_ms=.58|cl
ock_suspect=0
PMLE_LIVE_REPLAY_TIC|tic=2281|mle_ms=14.65|monotonic_ms=20|clock_delta_ms=5.35|c
lock_suspect=0
PMLE_LIVE_REPLAY_TIC|tic=2282|mle_ms=75.481|monotonic_ms=70|clock_delta_ms=5.481
|clock_suspect=0
PMLE_LIVE_REPLAY_TIC|tic=2283|mle_ms=32.301|monotonic_ms=40|clock_delta_ms=7.699
|clock_suspect=0
PMLE_LIVE_REPLAY_TIC|tic=2284|mle_ms=16.895|monotonic_ms=10|clock_delta_ms=6.895
|clock_suspect=0
PMLE_LIVE_REPLAY_TIC|tic=2285|mle_ms=68.78|monotonic_ms=70|clock_delta_ms=1.22|c
lock_suspect=0
PMLE_LIVE_REPLAY_TIC|tic=2286|mle_ms=42.849|monotonic_ms=50|clock_delta_ms=7.151
|clock_suspect=0
PMLE_LIVE_REPLAY_TIC|tic=2287|mle_ms=10.808|monotonic_ms=10|clock_delta_ms=.808|
clock_suspect=0
PMLE_LIVE_REPLAY_TIC|tic=2288|mle_ms=67.595|monotonic_ms=60|clock_delta_ms=7.595
|clock_suspect=0
PMLE_LIVE_REPLAY_TIC|tic=2289|mle_ms=14.305|monotonic_ms=20|clock_delta_ms=5.695
|clock_suspect=0
PMLE_LIVE_REPLAY_TIC|tic=2290|mle_ms=11.07|monotonic_ms=10|clock_delta_ms=1.07|c
lock_suspect=0
PMLE_LIVE_REPLAY_TIC|tic=2291|mle_ms=16.735|monotonic_ms=20|clock_delta_ms=3.265
|clock_suspect=0
PMLE_LIVE_REPLAY_TIC|tic=2292|mle_ms=19.768|monotonic_ms=20|clock_delta_ms=.232|
clock_suspect=0
PMLE_LIVE_REPLAY_TIC|tic=2293|mle_ms=23.408|monotonic_ms=20|clock_delta_ms=3.408
|clock_suspect=0
PMLE_LIVE_REPLAY_TIC|tic=2294|mle_ms=22.068|monotonic_ms=20|clock_delta_ms=2.068
|clock_suspect=0
PMLE_LIVE_REPLAY_TIC|tic=2295|mle_ms=14.332|monotonic_ms=20|clock_delta_ms=5.668
|clock_suspect=0
PMLE_LIVE_REPLAY_TIC|tic=2296|mle_ms=49.14|monotonic_ms=50|clock_delta_ms=.86|cl
ock_suspect=0
PMLE_LIVE_REPLAY_TIC|tic=2297|mle_ms=17.346|monotonic_ms=10|clock_delta_ms=7.346
|clock_suspect=0
PMLE_LIVE_REPLAY_TIC|tic=2298|mle_ms=17.222|monotonic_ms=20|clock_delta_ms=2.778
|clock_suspect=0
PMLE_LIVE_REPLAY_TIC|tic=2299|mle_ms=12.469|monotonic_ms=10|clock_delta_ms=2.469
|clock_suspect=0
PMLE_LIVE_REPLAY_TIC|tic=2300|mle_ms=68.125|monotonic_ms=70|clock_delta_ms=1.875
|clock_suspect=0
PMLE_LIVE_REPLAY_TIC|tic=2301|mle_ms=15.596|monotonic_ms=20|clock_delta_ms=4.404
|clock_suspect=0
PMLE_LIVE_REPLAY_TIC|tic=2302|mle_ms=13.575|monotonic_ms=10|clock_delta_ms=3.575
|clock_suspect=0
PMLE_LIVE_REPLAY_TIC|tic=2303|mle_ms=74.352|monotonic_ms=70|clock_delta_ms=4.352
|clock_suspect=0
PMLE_LIVE_REPLAY_TIC|tic=2304|mle_ms=72.112|monotonic_ms=80|clock_delta_ms=7.888
|clock_suspect=0
PMLE_LIVE_REPLAY_TIC|tic=2305|mle_ms=12.034|monotonic_ms=10|clock_delta_ms=2.034
|clock_suspect=0
PMLE_LIVE_REPLAY_TIC|tic=2306|mle_ms=98.991|monotonic_ms=100|clock_delta_ms=1.00
9|clock_suspect=0
PMLE_LIVE_REPLAY_TIC|tic=2307|mle_ms=61.953|monotonic_ms=60|clock_delta_ms=1.953
|clock_suspect=0
PMLE_LIVE_REPLAY_TIC|tic=2308|mle_ms=13.068|monotonic_ms=10|clock_delta_ms=3.068
|clock_suspect=0
PMLE_LIVE_REPLAY_TIC|tic=2309|mle_ms=95.11|monotonic_ms=100|clock_delta_ms=4.89|
clock_suspect=0
PMLE_LIVE_REPLAY_TIC|tic=2310|mle_ms=76.72|monotonic_ms=70|clock_delta_ms=6.72|c
lock_suspect=0
PMLE_LIVE_REPLAY_TIC|tic=2311|mle_ms=14.462|monotonic_ms=20|clock_delta_ms=5.538
|clock_suspect=0
PMLE_LIVE_REPLAY_TIC|tic=2312|mle_ms=65.38|monotonic_ms=60|clock_delta_ms=5.38|c
lock_suspect=0
PMLE_LIVE_REPLAY_TIC|tic=2313|mle_ms=90.149|monotonic_ms=100|clock_delta_ms=9.85
1|clock_suspect=0
PMLE_LIVE_REPLAY_TIC|tic=2314|mle_ms=22.329|monotonic_ms=20|clock_delta_ms=2.329
|clock_suspect=0
PMLE_LIVE_REPLAY_TIC|tic=2315|mle_ms=89.038|monotonic_ms=90|clock_delta_ms=.962|
clock_suspect=0
PMLE_LIVE_REPLAY_TIC|tic=2316|mle_ms=112.905|monotonic_ms=110|clock_delta_ms=2.9
05|clock_suspect=0
PMLE_LIVE_REPLAY_TIC|tic=2317|mle_ms=14.129|monotonic_ms=10|clock_delta_ms=4.129
|clock_suspect=0
PMLE_LIVE_REPLAY_TIC|tic=2318|mle_ms=122.211|monotonic_ms=130|clock_delta_ms=7.7
89|clock_suspect=0
PMLE_LIVE_REPLAY_TIC|tic=2319|mle_ms=67.077|monotonic_ms=60|clock_delta_ms=7.077
|clock_suspect=0
PMLE_LIVE_REPLAY_TIC|tic=2320|mle_ms=12.184|monotonic_ms=20|clock_delta_ms=7.816
|clock_suspect=0
PMLE_LIVE_REPLAY_TIC|tic=2321|mle_ms=77.065|monotonic_ms=70|clock_delta_ms=7.065
|clock_suspect=0
PMLE_LIVE_REPLAY_TIC|tic=2322|mle_ms=77.87|monotonic_ms=80|clock_delta_ms=2.13|c
lock_suspect=0
PMLE_LIVE_REPLAY_TIC|tic=2323|mle_ms=26.023|monotonic_ms=30|clock_delta_ms=3.977
|clock_suspect=0
PMLE_LIVE_REPLAY_TIC|tic=2324|mle_ms=108.644|monotonic_ms=110|clock_delta_ms=1.3
56|clock_suspect=0
PMLE_LIVE_REPLAY_TIC|tic=2325|mle_ms=69.705|monotonic_ms=70|clock_delta_ms=.295|
clock_suspect=0
PMLE_LIVE_REPLAY_TIC|tic=2326|mle_ms=42.873|monotonic_ms=40|clock_delta_ms=2.873
|clock_suspect=0
PMLE_LIVE_REPLAY_TIC|tic=2327|mle_ms=70.045|monotonic_ms=70|clock_delta_ms=.045|
clock_suspect=0
PMLE_LIVE_REPLAY_TIC|tic=2328|mle_ms=61.145|monotonic_ms=60|clock_delta_ms=1.145
|clock_suspect=0
PMLE_LIVE_REPLAY_TIC|tic=2329|mle_ms=11.072|monotonic_ms=10|clock_delta_ms=1.072
|clock_suspect=0
PMLE_LIVE_REPLAY_TIC|tic=2330|mle_ms=75.703|monotonic_ms=80|clock_delta_ms=4.297
|clock_suspect=0
PMLE_LIVE_REPLAY_TIC|tic=2331|mle_ms=76.848|monotonic_ms=70|clock_delta_ms=6.848
|clock_suspect=0
PMLE_LIVE_REPLAY_TIC|tic=2332|mle_ms=13.688|monotonic_ms=20|clock_delta_ms=6.312
|clock_suspect=0
PMLE_LIVE_REPLAY_TIC|tic=2333|mle_ms=79.632|monotonic_ms=80|clock_delta_ms=.368|
clock_suspect=0
PMLE_LIVE_REPLAY_TIC|tic=2334|mle_ms=69.129|monotonic_ms=70|clock_delta_ms=.871|
clock_suspect=0
PMLE_LIVE_REPLAY_TIC|tic=2335|mle_ms=10.671|monotonic_ms=10|clock_delta_ms=.671|
clock_suspect=0
PMLE_LIVE_REPLAY_TIC|tic=2336|mle_ms=86.891|monotonic_ms=80|clock_delta_ms=6.891
|clock_suspect=0
PMLE_LIVE_REPLAY_TIC|tic=2337|mle_ms=57.961|monotonic_ms=60|clock_delta_ms=2.039
|clock_suspect=0
PMLE_LIVE_REPLAY_TIC|tic=2338|mle_ms=10.866|monotonic_ms=10|clock_delta_ms=.866|
clock_suspect=0
PMLE_LIVE_REPLAY_TIC|tic=2339|mle_ms=59.966|monotonic_ms=60|clock_delta_ms=.034|
clock_suspect=0
PMLE_LIVE_REPLAY_TIC|tic=2340|mle_ms=61.177|monotonic_ms=60|clock_delta_ms=1.177
|clock_suspect=0
PMLE_LIVE_REPLAY_TIC|tic=2341|mle_ms=11.141|monotonic_ms=20|clock_delta_ms=8.859
|clock_suspect=0
PMLE_LIVE_REPLAY_TIC|tic=2342|mle_ms=61.311|monotonic_ms=60|clock_delta_ms=1.311
|clock_suspect=0
PMLE_LIVE_REPLAY_TIC|tic=2343|mle_ms=83.848|monotonic_ms=80|clock_delta_ms=3.848
|clock_suspect=0
PMLE_LIVE_REPLAY_TIC|tic=2344|mle_ms=20.782|monotonic_ms=20|clock_delta_ms=.782|
clock_suspect=0
PMLE_LIVE_REPLAY_TIC|tic=2345|mle_ms=18.309|monotonic_ms=20|clock_delta_ms=1.691
|clock_suspect=0
PMLE_LIVE_REPLAY_TIC|tic=2346|mle_ms=84.615|monotonic_ms=80|clock_delta_ms=4.615
|clock_suspect=0
PMLE_LIVE_REPLAY_TIC|tic=2347|mle_ms=14.01|monotonic_ms=20|clock_delta_ms=5.99|c
lock_suspect=0
PMLE_LIVE_REPLAY_TIC|tic=2348|mle_ms=19.246|monotonic_ms=20|clock_delta_ms=.754|
clock_suspect=0
PMLE_LIVE_REPLAY_TIC|tic=2349|mle_ms=74.482|monotonic_ms=70|clock_delta_ms=4.482
|clock_suspect=0
PMLE_LIVE_REPLAY_TIC|tic=2350|mle_ms=15.077|monotonic_ms=20|clock_delta_ms=4.923
|clock_suspect=0
PMLE_LIVE_REPLAY_TIC|tic=2351|mle_ms=77.848|monotonic_ms=80|clock_delta_ms=2.152
|clock_suspect=0
PMLE_LIVE_REPLAY_TIC|tic=2352|mle_ms=67.76|monotonic_ms=60|clock_delta_ms=7.76|c
lock_suspect=0
PMLE_LIVE_REPLAY_TIC|tic=2353|mle_ms=21.745|monotonic_ms=30|clock_delta_ms=8.255
|clock_suspect=0
PMLE_LIVE_REPLAY_TIC|tic=2354|mle_ms=112.877|monotonic_ms=110|clock_delta_ms=2.8
77|clock_suspect=0
PMLE_LIVE_REPLAY_TIC|tic=2355|mle_ms=65.687|monotonic_ms=60|clock_delta_ms=5.687
|clock_suspect=0
PMLE_LIVE_REPLAY_TIC|tic=2356|mle_ms=28.857|monotonic_ms=30|clock_delta_ms=1.143
|clock_suspect=0
PMLE_LIVE_REPLAY_TIC|tic=2357|mle_ms=72.115|monotonic_ms=80|clock_delta_ms=7.885
|clock_suspect=0
PMLE_LIVE_REPLAY_TIC|tic=2358|mle_ms=76.334|monotonic_ms=70|clock_delta_ms=6.334
|clock_suspect=0
PMLE_LIVE_REPLAY_TIC|tic=2359|mle_ms=33.226|monotonic_ms=40|clock_delta_ms=6.774
|clock_suspect=0
PMLE_LIVE_REPLAY_TIC|tic=2360|mle_ms=93.794|monotonic_ms=90|clock_delta_ms=3.794
|clock_suspect=0
PMLE_LIVE_REPLAY_TIC|tic=2361|mle_ms=90.696|monotonic_ms=90|clock_delta_ms=.696|
clock_suspect=0
PMLE_LIVE_REPLAY_TIC|tic=2362|mle_ms=16.795|monotonic_ms=20|clock_delta_ms=3.205
|clock_suspect=0
PMLE_LIVE_REPLAY_TIC|tic=2363|mle_ms=87.995|monotonic_ms=80|clock_delta_ms=7.995
|clock_suspect=0
PMLE_LIVE_REPLAY_TIC|tic=2364|mle_ms=83.874|monotonic_ms=90|clock_delta_ms=6.126
|clock_suspect=0
PMLE_LIVE_REPLAY_TIC|tic=2365|mle_ms=37.439|monotonic_ms=40|clock_delta_ms=2.561
|clock_suspect=0
PMLE_LIVE_REPLAY_TIC|tic=2366|mle_ms=119.147|monotonic_ms=120|clock_delta_ms=.85
3|clock_suspect=0
PMLE_LIVE_REPLAY_TIC|tic=2367|mle_ms=93.824|monotonic_ms=90|clock_delta_ms=3.824
|clock_suspect=0
PMLE_LIVE_REPLAY_TIC|tic=2368|mle_ms=29.465|monotonic_ms=30|clock_delta_ms=.535|
clock_suspect=0
PMLE_LIVE_REPLAY_TIC|tic=2369|mle_ms=84.732|monotonic_ms=80|clock_delta_ms=4.732
|clock_suspect=0
PMLE_LIVE_REPLAY_TIC|tic=2370|mle_ms=77.917|monotonic_ms=80|clock_delta_ms=2.083
|clock_suspect=0
PMLE_LIVE_REPLAY_TIC|tic=2371|mle_ms=22.384|monotonic_ms=20|clock_delta_ms=2.384
|clock_suspect=0
PMLE_LIVE_REPLAY_TIC|tic=2372|mle_ms=73.53|monotonic_ms=80|clock_delta_ms=6.47|c
lock_suspect=0
PMLE_LIVE_REPLAY_TIC|tic=2373|mle_ms=87.691|monotonic_ms=90|clock_delta_ms=2.309
|clock_suspect=0
PMLE_LIVE_REPLAY_TIC|tic=2374|mle_ms=24.748|monotonic_ms=20|clock_delta_ms=4.748
|clock_suspect=0
PMLE_LIVE_REPLAY_TIC|tic=2375|mle_ms=75.234|monotonic_ms=80|clock_delta_ms=4.766
|clock_suspect=0
PMLE_LIVE_REPLAY_TIC|tic=2376|mle_ms=100.608|monotonic_ms=100|clock_delta_ms=.60
8|clock_suspect=0
PMLE_LIVE_REPLAY_TIC|tic=2377|mle_ms=24.425|monotonic_ms=20|clock_delta_ms=4.425
|clock_suspect=0
PMLE_LIVE_REPLAY_TIC|tic=2378|mle_ms=80.113|monotonic_ms=80|clock_delta_ms=.113|
clock_suspect=0
PMLE_LIVE_REPLAY_TIC|tic=2379|mle_ms=77.233|monotonic_ms=80|clock_delta_ms=2.767
|clock_suspect=0
PMLE_LIVE_REPLAY_TIC|tic=2380|mle_ms=21.949|monotonic_ms=20|clock_delta_ms=1.949
|clock_suspect=0
PMLE_LIVE_REPLAY_TIC|tic=2381|mle_ms=80.908|monotonic_ms=80|clock_delta_ms=.908|
clock_suspect=0
PMLE_LIVE_REPLAY_TIC|tic=2382|mle_ms=84.343|monotonic_ms=90|clock_delta_ms=5.657
|clock_suspect=0
PMLE_LIVE_REPLAY_TIC|tic=2383|mle_ms=33.058|monotonic_ms=30|clock_delta_ms=3.058
|clock_suspect=0
PMLE_LIVE_REPLAY_TIC|tic=2384|mle_ms=98.958|monotonic_ms=100|clock_delta_ms=1.04
2|clock_suspect=0
PMLE_LIVE_REPLAY_TIC|tic=2385|mle_ms=83.625|monotonic_ms=80|clock_delta_ms=3.625
|clock_suspect=0
PMLE_LIVE_REPLAY_TIC|tic=2386|mle_ms=35.734|monotonic_ms=40|clock_delta_ms=4.266
|clock_suspect=0
PMLE_LIVE_REPLAY_TIC|tic=2387|mle_ms=74.723|monotonic_ms=70|clock_delta_ms=4.723
|clock_suspect=0
PMLE_LIVE_REPLAY_TIC|tic=2388|mle_ms=97.469|monotonic_ms=100|clock_delta_ms=2.53
1|clock_suspect=0
PMLE_LIVE_REPLAY_TIC|tic=2389|mle_ms=20.615|monotonic_ms=20|clock_delta_ms=.615|
clock_suspect=0
PMLE_LIVE_REPLAY_TIC|tic=2390|mle_ms=71.177|monotonic_ms=70|clock_delta_ms=1.177
|clock_suspect=0
PMLE_LIVE_REPLAY_TIC|tic=2391|mle_ms=75.305|monotonic_ms=80|clock_delta_ms=4.695
|clock_suspect=0
PMLE_LIVE_REPLAY_TIC|tic=2392|mle_ms=27.205|monotonic_ms=20|clock_delta_ms=7.205
|clock_suspect=0
PMLE_LIVE_REPLAY_TIC|tic=2393|mle_ms=94.405|monotonic_ms=100|clock_delta_ms=5.59
5|clock_suspect=0
PMLE_LIVE_REPLAY_TIC|tic=2394|mle_ms=78.702|monotonic_ms=80|clock_delta_ms=1.298
|clock_suspect=0
PMLE_LIVE_REPLAY_TIC|tic=2395|mle_ms=20.909|monotonic_ms=20|clock_delta_ms=.909|
clock_suspect=0
PMLE_LIVE_REPLAY_TIC|tic=2396|mle_ms=83.584|monotonic_ms=80|clock_delta_ms=3.584
|clock_suspect=0
PMLE_LIVE_REPLAY_TIC|tic=2397|mle_ms=76.551|monotonic_ms=80|clock_delta_ms=3.449
|clock_suspect=0
PMLE_LIVE_REPLAY_TIC|tic=2398|mle_ms=24.299|monotonic_ms=20|clock_delta_ms=4.299
|clock_suspect=0
PMLE_LIVE_REPLAY_TIC|tic=2399|mle_ms=71.297|monotonic_ms=70|clock_delta_ms=1.297
|clock_suspect=0
PMLE_LIVE_REPLAY_TIC|tic=2400|mle_ms=95.037|monotonic_ms=90|clock_delta_ms=5.037
|clock_suspect=0
PMLE_LIVE_REPLAY_TIC|tic=2401|mle_ms=24.149|monotonic_ms=20|clock_delta_ms=4.149
|clock_suspect=0
PMLE_LIVE_REPLAY_TIC|tic=2402|mle_ms=77.301|monotonic_ms=80|clock_delta_ms=2.699
|clock_suspect=0
PMLE_LIVE_REPLAY_TIC|tic=2403|mle_ms=83.058|monotonic_ms=90|clock_delta_ms=6.942
|clock_suspect=0
PMLE_LIVE_REPLAY_TIC|tic=2404|mle_ms=28.03|monotonic_ms=20|clock_delta_ms=8.03|c
lock_suspect=0
PMLE_LIVE_REPLAY_TIC|tic=2405|mle_ms=73.512|monotonic_ms=80|clock_delta_ms=6.488
|clock_suspect=0
PMLE_LIVE_REPLAY_TIC|tic=2406|mle_ms=87.894|monotonic_ms=80|clock_delta_ms=7.894
|clock_suspect=0
PMLE_LIVE_REPLAY_TIC|tic=2407|mle_ms=21.781|monotonic_ms=30|clock_delta_ms=8.219
|clock_suspect=0
PMLE_LIVE_REPLAY_TIC|tic=2408|mle_ms=92.434|monotonic_ms=90|clock_delta_ms=2.434
|clock_suspect=0
PMLE_LIVE_REPLAY_TIC|tic=2409|mle_ms=84.799|monotonic_ms=80|clock_delta_ms=4.799
|clock_suspect=0
PMLE_LIVE_REPLAY_TIC|tic=2410|mle_ms=24.446|monotonic_ms=30|clock_delta_ms=5.554
|clock_suspect=0
PMLE_LIVE_REPLAY_TIC|tic=2411|mle_ms=80.79|monotonic_ms=80|clock_delta_ms=.79|cl
ock_suspect=0
PMLE_LIVE_REPLAY_TIC|tic=2412|mle_ms=92.683|monotonic_ms=90|clock_delta_ms=2.683
|clock_suspect=0
PMLE_LIVE_REPLAY_TIC|tic=2413|mle_ms=34.314|monotonic_ms=40|clock_delta_ms=5.686
|clock_suspect=0
PMLE_LIVE_REPLAY_TIC|tic=2414|mle_ms=84.586|monotonic_ms=80|clock_delta_ms=4.586
|clock_suspect=0
PMLE_LIVE_REPLAY_TIC|tic=2415|mle_ms=82.702|monotonic_ms=80|clock_delta_ms=2.702
|clock_suspect=0
PMLE_LIVE_REPLAY_TIC|tic=2416|mle_ms=37.232|monotonic_ms=40|clock_delta_ms=2.768
|clock_suspect=0
PMLE_LIVE_REPLAY_TIC|tic=2417|mle_ms=75.84|monotonic_ms=80|clock_delta_ms=4.16|c
lock_suspect=0
PMLE_LIVE_REPLAY_TIC|tic=2418|mle_ms=81.987|monotonic_ms=80|clock_delta_ms=1.987
|clock_suspect=0
PMLE_LIVE_REPLAY_TIC|tic=2419|mle_ms=25.897|monotonic_ms=30|clock_delta_ms=4.103
|clock_suspect=0
PMLE_LIVE_REPLAY_TIC|tic=2420|mle_ms=80.308|monotonic_ms=80|clock_delta_ms=.308|
clock_suspect=0
PMLE_LIVE_REPLAY_TIC|tic=2421|mle_ms=103.762|monotonic_ms=100|clock_delta_ms=3.7
62|clock_suspect=0
PMLE_LIVE_REPLAY_TIC|tic=2422|mle_ms=25.358|monotonic_ms=30|clock_delta_ms=4.642
|clock_suspect=0
PMLE_LIVE_REPLAY_TIC|tic=2423|mle_ms=102.903|monotonic_ms=100|clock_delta_ms=2.9
03|clock_suspect=0
PMLE_LIVE_REPLAY_TIC|tic=2424|mle_ms=91.541|monotonic_ms=90|clock_delta_ms=1.541
|clock_suspect=0
PMLE_LIVE_REPLAY_TIC|tic=2425|mle_ms=24.65|monotonic_ms=20|clock_delta_ms=4.65|c
lock_suspect=0
PMLE_LIVE_REPLAY_TIC|tic=2426|mle_ms=121.001|monotonic_ms=130|clock_delta_ms=8.9
99|clock_suspect=0
PMLE_LIVE_REPLAY_TIC|tic=2427|mle_ms=77.372|monotonic_ms=70|clock_delta_ms=7.372
|clock_suspect=0
PMLE_LIVE_REPLAY_TIC|tic=2428|mle_ms=16.561|monotonic_ms=20|clock_delta_ms=3.439
|clock_suspect=0
PMLE_LIVE_REPLAY_TIC|tic=2429|mle_ms=93.564|monotonic_ms=90|clock_delta_ms=3.564
|clock_suspect=0
PMLE_LIVE_REPLAY_TIC|tic=2430|mle_ms=69.181|monotonic_ms=70|clock_delta_ms=.819|
clock_suspect=0
PMLE_LIVE_REPLAY_TIC|tic=2431|mle_ms=48.202|monotonic_ms=50|clock_delta_ms=1.798
|clock_suspect=0
PMLE_LIVE_REPLAY_TIC|tic=2432|mle_ms=83.887|monotonic_ms=80|clock_delta_ms=3.887
|clock_suspect=0
PMLE_LIVE_REPLAY_TIC|tic=2433|mle_ms=86.92|monotonic_ms=90|clock_delta_ms=3.08|c
lock_suspect=0
PMLE_LIVE_REPLAY_TIC|tic=2434|mle_ms=24.104|monotonic_ms=30|clock_delta_ms=5.896
|clock_suspect=0
PMLE_LIVE_REPLAY_TIC|tic=2435|mle_ms=77.791|monotonic_ms=70|clock_delta_ms=7.791
|clock_suspect=0
PMLE_LIVE_REPLAY_TIC|tic=2436|mle_ms=57.269|monotonic_ms=60|clock_delta_ms=2.731
|clock_suspect=0
PMLE_LIVE_REPLAY_TIC|tic=2437|mle_ms=9.632|monotonic_ms=10|clock_delta_ms=.368|c
lock_suspect=0
PMLE_LIVE_REPLAY_TIC|tic=2438|mle_ms=55.141|monotonic_ms=60|clock_delta_ms=4.859
|clock_suspect=0
PMLE_LIVE_REPLAY_TIC|tic=2439|mle_ms=46.563|monotonic_ms=40|clock_delta_ms=6.563
|clock_suspect=0
PMLE_LIVE_REPLAY_TIC|tic=2440|mle_ms=12.289|monotonic_ms=20|clock_delta_ms=7.711
|clock_suspect=0
PMLE_LIVE_REPLAY_TIC|tic=2441|mle_ms=74.56|monotonic_ms=70|clock_delta_ms=4.56|c
lock_suspect=0
PMLE_LIVE_REPLAY_TIC|tic=2442|mle_ms=38.022|monotonic_ms=40|clock_delta_ms=1.978
|clock_suspect=0
PMLE_LIVE_REPLAY_TIC|tic=2443|mle_ms=43.287|monotonic_ms=40|clock_delta_ms=3.287
|clock_suspect=0
PMLE_LIVE_REPLAY_TIC|tic=2444|mle_ms=41.775|monotonic_ms=40|clock_delta_ms=1.775
|clock_suspect=0
PMLE_LIVE_REPLAY_TIC|tic=2445|mle_ms=63.917|monotonic_ms=70|clock_delta_ms=6.083
|clock_suspect=0
PMLE_LIVE_REPLAY_TIC|tic=2446|mle_ms=24.213|monotonic_ms=20|clock_delta_ms=4.213
|clock_suspect=0
PMLE_LIVE_REPLAY_TIC|tic=2447|mle_ms=36.296|monotonic_ms=40|clock_delta_ms=3.704
|clock_suspect=0
PMLE_LIVE_REPLAY_TIC|tic=2448|mle_ms=40.775|monotonic_ms=40|clock_delta_ms=.775|
clock_suspect=0
PMLE_LIVE_REPLAY_TIC|tic=2449|mle_ms=13.785|monotonic_ms=10|clock_delta_ms=3.785
|clock_suspect=0
PMLE_LIVE_REPLAY_TIC|tic=2450|mle_ms=33.007|monotonic_ms=40|clock_delta_ms=6.993
|clock_suspect=0
PMLE_LIVE_REPLAY_TIC|tic=2451|mle_ms=209.821|monotonic_ms=320|clock_delta_ms=110
.179|clock_suspect=1
PMLE_LIVE_REPLAY_TIC|tic=2452|mle_ms=18.618|monotonic_ms=10|clock_delta_ms=8.618
|clock_suspect=0
PMLE_LIVE_REPLAY_TIC|tic=2453|mle_ms=94.99|monotonic_ms=100|clock_delta_ms=5.01|
clock_suspect=0
PMLE_LIVE_REPLAY_TIC|tic=2454|mle_ms=49.977|monotonic_ms=50|clock_delta_ms=.023|
clock_suspect=0
PMLE_LIVE_REPLAY_TIC|tic=2455|mle_ms=13.63|monotonic_ms=10|clock_delta_ms=3.63|c
lock_suspect=0
PMLE_LIVE_REPLAY_TIC|tic=2456|mle_ms=77.053|monotonic_ms=80|clock_delta_ms=2.947
|clock_suspect=0
PMLE_LIVE_REPLAY_TIC|tic=2457|mle_ms=42.357|monotonic_ms=40|clock_delta_ms=2.357
|clock_suspect=0
PMLE_LIVE_REPLAY_TIC|tic=2458|mle_ms=15.142|monotonic_ms=20|clock_delta_ms=4.858
|clock_suspect=0
PMLE_LIVE_REPLAY_TIC|tic=2459|mle_ms=56.837|monotonic_ms=60|clock_delta_ms=3.163
|clock_suspect=0
PMLE_LIVE_REPLAY_TIC|tic=2460|mle_ms=39.418|monotonic_ms=30|clock_delta_ms=9.418
|clock_suspect=0
PMLE_LIVE_REPLAY_TIC|tic=2461|mle_ms=46.001|monotonic_ms=50|clock_delta_ms=3.999
|clock_suspect=0
PMLE_LIVE_REPLAY_TIC|tic=2462|mle_ms=36.306|monotonic_ms=40|clock_delta_ms=3.694
|clock_suspect=0
PMLE_LIVE_REPLAY_TIC|tic=2463|mle_ms=74.358|monotonic_ms=70|clock_delta_ms=4.358
|clock_suspect=0
PMLE_LIVE_REPLAY_TIC|tic=2464|mle_ms=23.095|monotonic_ms=30|clock_delta_ms=6.905
|clock_suspect=0
PMLE_LIVE_REPLAY_TIC|tic=2465|mle_ms=40.466|monotonic_ms=40|clock_delta_ms=.466|
clock_suspect=0
PMLE_LIVE_REPLAY_TIC|tic=2466|mle_ms=76.724|monotonic_ms=70|clock_delta_ms=6.724
|clock_suspect=0
PMLE_LIVE_REPLAY_TIC|tic=2467|mle_ms=13.14|monotonic_ms=20|clock_delta_ms=6.86|c
lock_suspect=0
PMLE_LIVE_REPLAY_TIC|tic=2468|mle_ms=43.807|monotonic_ms=40|clock_delta_ms=3.807
|clock_suspect=0
PMLE_LIVE_REPLAY_TIC|tic=2469|mle_ms=41.164|monotonic_ms=40|clock_delta_ms=1.164
|clock_suspect=0
PMLE_LIVE_REPLAY_TIC|tic=2470|mle_ms=12.546|monotonic_ms=10|clock_delta_ms=2.546
|clock_suspect=0
PMLE_LIVE_REPLAY_TIC|tic=2471|mle_ms=67.199|monotonic_ms=70|clock_delta_ms=2.801
|clock_suspect=0
PMLE_LIVE_REPLAY_TIC|tic=2472|mle_ms=38.563|monotonic_ms=40|clock_delta_ms=1.437
|clock_suspect=0
PMLE_LIVE_REPLAY_TIC|tic=2473|mle_ms=52.035|monotonic_ms=50|clock_delta_ms=2.035
|clock_suspect=0
PMLE_LIVE_REPLAY_TIC|tic=2474|mle_ms=47.304|monotonic_ms=50|clock_delta_ms=2.696
|clock_suspect=0
PMLE_LIVE_REPLAY_TIC|tic=2475|mle_ms=37.379|monotonic_ms=40|clock_delta_ms=2.621
|clock_suspect=0
PMLE_LIVE_REPLAY_TIC|tic=2476|mle_ms=47.659|monotonic_ms=40|clock_delta_ms=7.659
|clock_suspect=0
PMLE_LIVE_REPLAY_TIC|tic=2477|mle_ms=43.476|monotonic_ms=50|clock_delta_ms=6.524
|clock_suspect=0
PMLE_LIVE_REPLAY_TIC|tic=2478|mle_ms=41.531|monotonic_ms=40|clock_delta_ms=1.531
|clock_suspect=0
PMLE_LIVE_REPLAY_TIC|tic=2479|mle_ms=17.675|monotonic_ms=20|clock_delta_ms=2.325
|clock_suspect=0
PMLE_LIVE_REPLAY_TIC|tic=2480|mle_ms=44.174|monotonic_ms=40|clock_delta_ms=4.174
|clock_suspect=0
PMLE_LIVE_REPLAY_TIC|tic=2481|mle_ms=91.972|monotonic_ms=90|clock_delta_ms=1.972
|clock_suspect=0
PMLE_LIVE_REPLAY_TIC|tic=2482|mle_ms=17.806|monotonic_ms=20|clock_delta_ms=2.194
|clock_suspect=0
PMLE_LIVE_REPLAY_TIC|tic=2483|mle_ms=51.702|monotonic_ms=50|clock_delta_ms=1.702
|clock_suspect=0
PMLE_LIVE_REPLAY_TIC|tic=2484|mle_ms=49.421|monotonic_ms=50|clock_delta_ms=.579|
clock_suspect=0
PMLE_LIVE_REPLAY_TIC|tic=2485|mle_ms=13.972|monotonic_ms=20|clock_delta_ms=6.028
|clock_suspect=0
PMLE_LIVE_REPLAY_TIC|tic=2486|mle_ms=41.095|monotonic_ms=40|clock_delta_ms=1.095
|clock_suspect=0
PMLE_LIVE_REPLAY_TIC|tic=2487|mle_ms=58.363|monotonic_ms=60|clock_delta_ms=1.637
|clock_suspect=0
PMLE_LIVE_REPLAY_TIC|tic=2488|mle_ms=11.148|monotonic_ms=10|clock_delta_ms=1.148
|clock_suspect=0
PMLE_LIVE_REPLAY_TIC|tic=2489|mle_ms=18.149|monotonic_ms=20|clock_delta_ms=1.851
|clock_suspect=0
PMLE_LIVE_REPLAY_TIC|tic=2490|mle_ms=43.571|monotonic_ms=40|clock_delta_ms=3.571
|clock_suspect=0
PMLE_LIVE_REPLAY_TIC|tic=2491|mle_ms=51.07|monotonic_ms=50|clock_delta_ms=1.07|c
lock_suspect=0
PMLE_LIVE_REPLAY_TIC|tic=2492|mle_ms=15.111|monotonic_ms=20|clock_delta_ms=4.889
|clock_suspect=0
PMLE_LIVE_REPLAY_TIC|tic=2493|mle_ms=78.419|monotonic_ms=70|clock_delta_ms=8.419
|clock_suspect=0
PMLE_LIVE_REPLAY_TIC|tic=2494|mle_ms=24.247|monotonic_ms=30|clock_delta_ms=5.753
|clock_suspect=0
PMLE_LIVE_REPLAY_TIC|tic=2495|mle_ms=11.161|monotonic_ms=10|clock_delta_ms=1.161
|clock_suspect=0
PMLE_LIVE_REPLAY_TIC|tic=2496|mle_ms=66.907|monotonic_ms=70|clock_delta_ms=3.093
|clock_suspect=0
PMLE_LIVE_REPLAY_TIC|tic=2497|mle_ms=13.756|monotonic_ms=10|clock_delta_ms=3.756
|clock_suspect=0
PMLE_LIVE_REPLAY_TIC|tic=2498|mle_ms=13.38|monotonic_ms=10|clock_delta_ms=3.38|c
lock_suspect=0
PMLE_LIVE_REPLAY_TIC|tic=2499|mle_ms=38.797|monotonic_ms=40|clock_delta_ms=1.203
|clock_suspect=0
PMLE_LIVE_REPLAY_TIC|tic=2500|mle_ms=13.736|monotonic_ms=20|clock_delta_ms=6.264
|clock_suspect=0
PMLE_LIVE_REPLAY_TIC|tic=2501|mle_ms=43.504|monotonic_ms=40|clock_delta_ms=3.504
|clock_suspect=0
PMLE_LIVE_REPLAY_TIC|tic=2502|mle_ms=39.1|monotonic_ms=40|clock_delta_ms=.9|cloc
k_suspect=0
PMLE_LIVE_REPLAY_TIC|tic=2503|mle_ms=46.774|monotonic_ms=50|clock_delta_ms=3.226
|clock_suspect=0
PMLE_LIVE_REPLAY_TIC|tic=2504|mle_ms=24.76|monotonic_ms=20|clock_delta_ms=4.76|c
lock_suspect=0
PMLE_LIVE_REPLAY_TIC|tic=2505|mle_ms=68.305|monotonic_ms=70|clock_delta_ms=1.695
|clock_suspect=0
PMLE_LIVE_REPLAY_TIC|tic=2506|mle_ms=52.356|monotonic_ms=50|clock_delta_ms=2.356
|clock_suspect=0
PMLE_LIVE_REPLAY_TIC|tic=2507|mle_ms=13.861|monotonic_ms=20|clock_delta_ms=6.139
|clock_suspect=0
PMLE_LIVE_REPLAY_TIC|tic=2508|mle_ms=74.218|monotonic_ms=70|clock_delta_ms=4.218
|clock_suspect=0
PMLE_LIVE_REPLAY_TIC|tic=2509|mle_ms=16.157|monotonic_ms=20|clock_delta_ms=3.843
|clock_suspect=0
PMLE_LIVE_REPLAY_TIC|tic=2510|mle_ms=13.723|monotonic_ms=10|clock_delta_ms=3.723
|clock_suspect=0
PMLE_LIVE_REPLAY_TIC|tic=2511|mle_ms=99.368|monotonic_ms=100|clock_delta_ms=.632
|clock_suspect=0
PMLE_LIVE_REPLAY_TIC|tic=2512|mle_ms=12.31|monotonic_ms=10|clock_delta_ms=2.31|c
lock_suspect=0
PMLE_LIVE_REPLAY_TIC|tic=2513|mle_ms=48.723|monotonic_ms=50|clock_delta_ms=1.277
|clock_suspect=0
PMLE_LIVE_REPLAY_TIC|tic=2514|mle_ms=91.157|monotonic_ms=90|clock_delta_ms=1.157
|clock_suspect=0
PMLE_LIVE_REPLAY_TIC|tic=2515|mle_ms=13.497|monotonic_ms=20|clock_delta_ms=6.503
|clock_suspect=0
PMLE_LIVE_REPLAY_TIC|tic=2516|mle_ms=40.017|monotonic_ms=40|clock_delta_ms=.017|
clock_suspect=0
PMLE_LIVE_REPLAY_TIC|tic=2517|mle_ms=63.652|monotonic_ms=60|clock_delta_ms=3.652
|clock_suspect=0
PMLE_LIVE_REPLAY_TIC|tic=2518|mle_ms=13.062|monotonic_ms=10|clock_delta_ms=3.062
|clock_suspect=0
PMLE_LIVE_REPLAY_TIC|tic=2519|mle_ms=16.287|monotonic_ms=20|clock_delta_ms=3.713
|clock_suspect=0
PMLE_LIVE_REPLAY_TIC|tic=2520|mle_ms=81.163|monotonic_ms=80|clock_delta_ms=1.163
|clock_suspect=0
PMLE_LIVE_REPLAY_TIC|tic=2521|mle_ms=43.153|monotonic_ms=40|clock_delta_ms=3.153
|clock_suspect=0
PMLE_LIVE_REPLAY_TIC|tic=2522|mle_ms=15.857|monotonic_ms=20|clock_delta_ms=4.143
|clock_suspect=0
PMLE_LIVE_REPLAY_TIC|tic=2523|mle_ms=99.547|monotonic_ms=100|clock_delta_ms=.453
|clock_suspect=0
PMLE_LIVE_REPLAY_TIC|tic=2524|mle_ms=21.573|monotonic_ms=20|clock_delta_ms=1.573
|clock_suspect=0
PMLE_LIVE_REPLAY_TIC|tic=2525|mle_ms=10.036|monotonic_ms=10|clock_delta_ms=.036|
clock_suspect=0
PMLE_LIVE_REPLAY_TIC|tic=2526|mle_ms=100.687|monotonic_ms=100|clock_delta_ms=.68
7|clock_suspect=0
PMLE_LIVE_REPLAY_TIC|tic=2527|mle_ms=10.493|monotonic_ms=10|clock_delta_ms=.493|
clock_suspect=0
PMLE_LIVE_REPLAY_TIC|tic=2528|mle_ms=10.296|monotonic_ms=10|clock_delta_ms=.296|
clock_suspect=0
PMLE_LIVE_REPLAY_TIC|tic=2529|mle_ms=67.887|monotonic_ms=70|clock_delta_ms=2.113
|clock_suspect=0
PMLE_LIVE_REPLAY_TIC|tic=2530|mle_ms=13.79|monotonic_ms=10|clock_delta_ms=3.79|c
lock_suspect=0
PMLE_LIVE_REPLAY_TIC|tic=2531|mle_ms=51.308|monotonic_ms=60|clock_delta_ms=8.692
|clock_suspect=0
PMLE_LIVE_REPLAY_TIC|tic=2532|mle_ms=81.493|monotonic_ms=80|clock_delta_ms=1.493
|clock_suspect=0
PMLE_LIVE_REPLAY_TIC|tic=2533|mle_ms=46.467|monotonic_ms=40|clock_delta_ms=6.467
|clock_suspect=0
PMLE_LIVE_REPLAY_TIC|tic=2534|mle_ms=22.92|monotonic_ms=30|clock_delta_ms=7.08|c
lock_suspect=0
PMLE_LIVE_REPLAY_TIC|tic=2535|mle_ms=69.916|monotonic_ms=70|clock_delta_ms=.084|
clock_suspect=0
PMLE_LIVE_REPLAY_TIC|tic=2536|mle_ms=40.807|monotonic_ms=40|clock_delta_ms=.807|
clock_suspect=0
PMLE_LIVE_REPLAY_TIC|tic=2537|mle_ms=9.331|monotonic_ms=10|clock_delta_ms=.669|c
lock_suspect=0
PMLE_LIVE_REPLAY_TIC|tic=2538|mle_ms=79.95|monotonic_ms=80|clock_delta_ms=.05|cl
ock_suspect=0
PMLE_LIVE_REPLAY_TIC|tic=2539|mle_ms=14.623|monotonic_ms=10|clock_delta_ms=4.623
|clock_suspect=0
PMLE_LIVE_REPLAY_TIC|tic=2540|mle_ms=12.47|monotonic_ms=10|clock_delta_ms=2.47|c
lock_suspect=0
PMLE_LIVE_REPLAY_TIC|tic=2541|mle_ms=145.203|monotonic_ms=150|clock_delta_ms=4.7
97|clock_suspect=0
PMLE_LIVE_REPLAY_TIC|tic=2542|mle_ms=14.013|monotonic_ms=10|clock_delta_ms=4.013
|clock_suspect=0
PMLE_LIVE_REPLAY_TIC|tic=2543|mle_ms=49.201|monotonic_ms=50|clock_delta_ms=.799|
clock_suspect=0
PMLE_LIVE_REPLAY_TIC|tic=2544|mle_ms=65.921|monotonic_ms=70|clock_delta_ms=4.079
|clock_suspect=0
PMLE_LIVE_REPLAY_TIC|tic=2545|mle_ms=10.526|monotonic_ms=10|clock_delta_ms=.526|
clock_suspect=0
PMLE_LIVE_REPLAY_TIC|tic=2546|mle_ms=36.27|monotonic_ms=40|clock_delta_ms=3.73|c
lock_suspect=0
PMLE_LIVE_REPLAY_TIC|tic=2547|mle_ms=33.552|monotonic_ms=30|clock_delta_ms=3.552
|clock_suspect=0
PMLE_LIVE_REPLAY_TIC|tic=2548|mle_ms=11.458|monotonic_ms=10|clock_delta_ms=1.458
|clock_suspect=0
PMLE_LIVE_REPLAY_TIC|tic=2549|mle_ms=13.923|monotonic_ms=20|clock_delta_ms=6.077
|clock_suspect=0
PMLE_LIVE_REPLAY_TIC|tic=2550|mle_ms=39.266|monotonic_ms=40|clock_delta_ms=.734|
clock_suspect=0
PMLE_LIVE_REPLAY_TIC|tic=2551|mle_ms=61.667|monotonic_ms=60|clock_delta_ms=1.667
|clock_suspect=0
PMLE_LIVE_REPLAY_TIC|tic=2552|mle_ms=14.454|monotonic_ms=10|clock_delta_ms=4.454
|clock_suspect=0
PMLE_LIVE_REPLAY_TIC|tic=2553|mle_ms=84.076|monotonic_ms=90|clock_delta_ms=5.924
|clock_suspect=0
PMLE_LIVE_REPLAY_TIC|tic=2554|mle_ms=22.661|monotonic_ms=20|clock_delta_ms=2.661
|clock_suspect=0
PMLE_LIVE_REPLAY_TIC|tic=2555|mle_ms=11.007|monotonic_ms=10|clock_delta_ms=1.007
|clock_suspect=0
PMLE_LIVE_REPLAY_TIC|tic=2556|mle_ms=64.502|monotonic_ms=60|clock_delta_ms=4.502
|clock_suspect=0
PMLE_LIVE_REPLAY_TIC|tic=2557|mle_ms=13.148|monotonic_ms=20|clock_delta_ms=6.852
|clock_suspect=0
PMLE_LIVE_REPLAY_TIC|tic=2558|mle_ms=13.763|monotonic_ms=10|clock_delta_ms=3.763
|clock_suspect=0
PMLE_LIVE_REPLAY_TIC|tic=2559|mle_ms=42.728|monotonic_ms=40|clock_delta_ms=2.728
|clock_suspect=0
PMLE_LIVE_REPLAY_TIC|tic=2560|mle_ms=18.597|monotonic_ms=20|clock_delta_ms=1.403
|clock_suspect=0
PMLE_LIVE_REPLAY_TIC|tic=2561|mle_ms=44.531|monotonic_ms=50|clock_delta_ms=5.469
|clock_suspect=0
PMLE_LIVE_REPLAY_TIC|tic=2562|mle_ms=43.597|monotonic_ms=40|clock_delta_ms=3.597
|clock_suspect=0
PMLE_LIVE_REPLAY_TIC|tic=2563|mle_ms=52.924|monotonic_ms=50|clock_delta_ms=2.924
|clock_suspect=0
PMLE_LIVE_REPLAY_TIC|tic=2564|mle_ms=23.878|monotonic_ms=30|clock_delta_ms=6.122
|clock_suspect=0
PMLE_LIVE_REPLAY_TIC|tic=2565|mle_ms=40.416|monotonic_ms=40|clock_delta_ms=.416|
clock_suspect=0
PMLE_LIVE_REPLAY_TIC|tic=2566|mle_ms=56.959|monotonic_ms=60|clock_delta_ms=3.041
|clock_suspect=0
PMLE_LIVE_REPLAY_TIC|tic=2567|mle_ms=12.671|monotonic_ms=10|clock_delta_ms=2.671
|clock_suspect=0
PMLE_LIVE_REPLAY_TIC|tic=2568|mle_ms=45.68|monotonic_ms=40|clock_delta_ms=5.68|c
lock_suspect=0
PMLE_LIVE_REPLAY_TIC|tic=2569|mle_ms=51.477|monotonic_ms=60|clock_delta_ms=8.523
|clock_suspect=0
PMLE_LIVE_REPLAY_TIC|tic=2570|mle_ms=18.872|monotonic_ms=10|clock_delta_ms=8.872
|clock_suspect=0
PMLE_LIVE_REPLAY_TIC|tic=2571|mle_ms=49.781|monotonic_ms=50|clock_delta_ms=.219|
clock_suspect=0
PMLE_LIVE_REPLAY_TIC|tic=2572|mle_ms=55.073|monotonic_ms=60|clock_delta_ms=4.927
|clock_suspect=0
PMLE_LIVE_REPLAY_TIC|tic=2573|mle_ms=50.91|monotonic_ms=50|clock_delta_ms=.91|cl
ock_suspect=0
PMLE_LIVE_REPLAY_TIC|tic=2574|mle_ms=23.316|monotonic_ms=20|clock_delta_ms=3.316
|clock_suspect=0
PMLE_LIVE_REPLAY_TIC|tic=2575|mle_ms=44.501|monotonic_ms=50|clock_delta_ms=5.499
|clock_suspect=0
PMLE_LIVE_REPLAY_TIC|tic=2576|mle_ms=39.34|monotonic_ms=40|clock_delta_ms=.66|cl
ock_suspect=0
PMLE_LIVE_REPLAY_TIC|tic=2577|mle_ms=12.459|monotonic_ms=10|clock_delta_ms=2.459
|clock_suspect=0
PMLE_LIVE_REPLAY_TIC|tic=2578|mle_ms=65.335|monotonic_ms=70|clock_delta_ms=4.665
|clock_suspect=0
PMLE_LIVE_REPLAY_TIC|tic=2579|mle_ms=29.82|monotonic_ms=30|clock_delta_ms=.18|cl
ock_suspect=0
PMLE_LIVE_REPLAY_TIC|tic=2580|mle_ms=28.929|monotonic_ms=20|clock_delta_ms=8.929
|clock_suspect=0
PMLE_LIVE_REPLAY_TIC|tic=2581|mle_ms=107.581|monotonic_ms=110|clock_delta_ms=2.4
19|clock_suspect=0
PMLE_LIVE_REPLAY_TIC|tic=2582|mle_ms=30.311|monotonic_ms=30|clock_delta_ms=.311|
clock_suspect=0
PMLE_LIVE_REPLAY_TIC|tic=2583|mle_ms=72.869|monotonic_ms=80|clock_delta_ms=7.131
|clock_suspect=0
PMLE_LIVE_REPLAY_TIC|tic=2584|mle_ms=82.392|monotonic_ms=80|clock_delta_ms=2.392
|clock_suspect=0
PMLE_LIVE_REPLAY_TIC|tic=2585|mle_ms=30.291|monotonic_ms=30|clock_delta_ms=.291|
clock_suspect=0
PMLE_LIVE_REPLAY_TIC|tic=2586|mle_ms=61.819|monotonic_ms=60|clock_delta_ms=1.819
|clock_suspect=0
PMLE_LIVE_REPLAY_TIC|tic=2587|mle_ms=53.232|monotonic_ms=50|clock_delta_ms=3.232
|clock_suspect=0
PMLE_LIVE_REPLAY_TIC|tic=2588|mle_ms=26.445|monotonic_ms=30|clock_delta_ms=3.555
|clock_suspect=0
PMLE_LIVE_REPLAY_TIC|tic=2589|mle_ms=29.153|monotonic_ms=30|clock_delta_ms=.847|
clock_suspect=0
PMLE_LIVE_REPLAY_TIC|tic=2590|mle_ms=60.324|monotonic_ms=60|clock_delta_ms=.324|
clock_suspect=0
PMLE_LIVE_REPLAY_TIC|tic=2591|mle_ms=70.644|monotonic_ms=70|clock_delta_ms=.644|
clock_suspect=0
PMLE_LIVE_REPLAY_TIC|tic=2592|mle_ms=31.774|monotonic_ms=30|clock_delta_ms=1.774
|clock_suspect=0
PMLE_LIVE_REPLAY_TIC|tic=2593|mle_ms=115.379|monotonic_ms=120|clock_delta_ms=4.6
21|clock_suspect=0
PMLE_LIVE_REPLAY_TIC|tic=2594|mle_ms=37.564|monotonic_ms=40|clock_delta_ms=2.436
|clock_suspect=0
PMLE_LIVE_REPLAY_TIC|tic=2595|mle_ms=30.246|monotonic_ms=30|clock_delta_ms=.246|
clock_suspect=0
PMLE_LIVE_REPLAY_TIC|tic=2596|mle_ms=91.57|monotonic_ms=90|clock_delta_ms=1.57|c
lock_suspect=0
PMLE_LIVE_REPLAY_TIC|tic=2597|mle_ms=25.32|monotonic_ms=20|clock_delta_ms=5.32|c
lock_suspect=0
PMLE_LIVE_REPLAY_TIC|tic=2598|mle_ms=25.828|monotonic_ms=30|clock_delta_ms=4.172
|clock_suspect=0
PMLE_LIVE_REPLAY_TIC|tic=2599|mle_ms=99.543|monotonic_ms=100|clock_delta_ms=.457
|clock_suspect=0
PMLE_LIVE_REPLAY_TIC|tic=2600|mle_ms=27.793|monotonic_ms=30|clock_delta_ms=2.207
|clock_suspect=0
PMLE_LIVE_REPLAY_TIC|tic=2601|mle_ms=60.659|monotonic_ms=60|clock_delta_ms=.659|
clock_suspect=0
PMLE_LIVE_REPLAY_TIC|tic=2602|mle_ms=129.922|monotonic_ms=130|clock_delta_ms=.07
8|clock_suspect=0
PMLE_LIVE_REPLAY_TIC|tic=2603|mle_ms=45.407|monotonic_ms=40|clock_delta_ms=5.407
|clock_suspect=0
PMLE_LIVE_REPLAY_TIC|tic=2604|mle_ms=37.914|monotonic_ms=40|clock_delta_ms=2.086
|clock_suspect=0
PMLE_LIVE_REPLAY_TIC|tic=2605|mle_ms=111.499|monotonic_ms=110|clock_delta_ms=1.4
99|clock_suspect=0
PMLE_LIVE_REPLAY_TIC|tic=2606|mle_ms=51.777|monotonic_ms=60|clock_delta_ms=8.223
|clock_suspect=0
PMLE_LIVE_REPLAY_TIC|tic=2607|mle_ms=34.573|monotonic_ms=30|clock_delta_ms=4.573
|clock_suspect=0
PMLE_LIVE_REPLAY_TIC|tic=2608|mle_ms=126.876|monotonic_ms=130|clock_delta_ms=3.1
24|clock_suspect=0
PMLE_LIVE_REPLAY_TIC|tic=2609|mle_ms=34.11|monotonic_ms=30|clock_delta_ms=4.11|c
lock_suspect=0
PMLE_LIVE_REPLAY_TIC|tic=2610|mle_ms=32.056|monotonic_ms=30|clock_delta_ms=2.056
|clock_suspect=0
PMLE_LIVE_REPLAY_TIC|tic=2611|mle_ms=173.197|monotonic_ms=180|clock_delta_ms=6.8
03|clock_suspect=0
PMLE_LIVE_REPLAY_TIC|tic=2612|mle_ms=30.476|monotonic_ms=30|clock_delta_ms=.476|
clock_suspect=0
PMLE_LIVE_REPLAY_TIC|tic=2613|mle_ms=71.277|monotonic_ms=70|clock_delta_ms=1.277
|clock_suspect=0
PMLE_LIVE_REPLAY_TIC|tic=2614|mle_ms=210.005|monotonic_ms=210|clock_delta_ms=.00
5|clock_suspect=0
PMLE_LIVE_REPLAY_TIC|tic=2615|mle_ms=49.849|monotonic_ms=50|clock_delta_ms=.151|
clock_suspect=0
PMLE_LIVE_REPLAY_TIC|tic=2616|mle_ms=58.366|monotonic_ms=60|clock_delta_ms=1.634
|clock_suspect=0
PMLE_LIVE_REPLAY_TIC|tic=2617|mle_ms=141.267|monotonic_ms=140|clock_delta_ms=1.2
67|clock_suspect=0
PMLE_LIVE_REPLAY_TIC|tic=2618|mle_ms=31.574|monotonic_ms=30|clock_delta_ms=1.574
|clock_suspect=0
PMLE_LIVE_REPLAY_TIC|tic=2619|mle_ms=30.564|monotonic_ms=30|clock_delta_ms=.564|
clock_suspect=0
PMLE_LIVE_REPLAY_TIC|tic=2620|mle_ms=139.074|monotonic_ms=140|clock_delta_ms=.92
6|clock_suspect=0
PMLE_LIVE_REPLAY_TIC|tic=2621|mle_ms=60.721|monotonic_ms=60|clock_delta_ms=.721|
clock_suspect=0
PMLE_LIVE_REPLAY_TIC|tic=2622|mle_ms=33.331|monotonic_ms=30|clock_delta_ms=3.331
|clock_suspect=0
PMLE_LIVE_REPLAY_TIC|tic=2623|mle_ms=150.054|monotonic_ms=150|clock_delta_ms=.05
4|clock_suspect=0
PMLE_LIVE_REPLAY_TIC|tic=2624|mle_ms=38.315|monotonic_ms=40|clock_delta_ms=1.685
|clock_suspect=0
PMLE_LIVE_REPLAY_TIC|tic=2625|mle_ms=34.326|monotonic_ms=40|clock_delta_ms=5.674
|clock_suspect=0
PMLE_LIVE_REPLAY_TIC|tic=2626|mle_ms=161.367|monotonic_ms=160|clock_delta_ms=1.3
67|clock_suspect=0
PMLE_LIVE_REPLAY_TIC|tic=2627|mle_ms=31.571|monotonic_ms=30|clock_delta_ms=1.571
|clock_suspect=0
PMLE_LIVE_REPLAY_TIC|tic=2628|mle_ms=30.092|monotonic_ms=30|clock_delta_ms=.092|
clock_suspect=0
PMLE_LIVE_REPLAY_TIC|tic=2629|mle_ms=144.256|monotonic_ms=150|clock_delta_ms=5.7
44|clock_suspect=0
PMLE_LIVE_REPLAY_TIC|tic=2630|mle_ms=33.644|monotonic_ms=30|clock_delta_ms=3.644
|clock_suspect=0
PMLE_LIVE_REPLAY_TIC|tic=2631|mle_ms=70.244|monotonic_ms=70|clock_delta_ms=.244|
clock_suspect=0
PMLE_LIVE_REPLAY_TIC|tic=2632|mle_ms=207.491|monotonic_ms=210|clock_delta_ms=2.5
09|clock_suspect=0
PMLE_LIVE_REPLAY_TIC|tic=2633|mle_ms=46.12|monotonic_ms=40|clock_delta_ms=6.12|c
lock_suspect=0
PMLE_LIVE_REPLAY_TIC|tic=2634|mle_ms=39.145|monotonic_ms=40|clock_delta_ms=.855|
clock_suspect=0
PMLE_LIVE_REPLAY_TIC|tic=2635|mle_ms=165.279|monotonic_ms=170|clock_delta_ms=4.7
21|clock_suspect=0
PMLE_LIVE_REPLAY_TIC|tic=2636|mle_ms=53.004|monotonic_ms=50|clock_delta_ms=3.004
|clock_suspect=0
PMLE_LIVE_REPLAY_TIC|tic=2637|mle_ms=37.102|monotonic_ms=40|clock_delta_ms=2.898
|clock_suspect=0
PMLE_LIVE_REPLAY_TIC|tic=2638|mle_ms=140.924|monotonic_ms=140|clock_delta_ms=.92
4|clock_suspect=0
PMLE_LIVE_REPLAY_TIC|tic=2639|mle_ms=27.686|monotonic_ms=30|clock_delta_ms=2.314
|clock_suspect=0
PMLE_LIVE_REPLAY_TIC|tic=2640|mle_ms=26.57|monotonic_ms=20|clock_delta_ms=6.57|c
lock_suspect=0
PMLE_LIVE_REPLAY_TIC|tic=2641|mle_ms=152.863|monotonic_ms=160|clock_delta_ms=7.1
37|clock_suspect=0
PMLE_LIVE_REPLAY_TIC|tic=2642|mle_ms=14.569|monotonic_ms=10|clock_delta_ms=4.569
|clock_suspect=0
PMLE_LIVE_REPLAY_TIC|tic=2643|mle_ms=30.805|monotonic_ms=30|clock_delta_ms=.805|
clock_suspect=0
PMLE_LIVE_REPLAY_TIC|tic=2644|mle_ms=166.951|monotonic_ms=170|clock_delta_ms=3.0
49|clock_suspect=0
PMLE_LIVE_REPLAY_TIC|tic=2645|mle_ms=17.263|monotonic_ms=20|clock_delta_ms=2.737
|clock_suspect=0
PMLE_LIVE_REPLAY_TIC|tic=2646|mle_ms=31.764|monotonic_ms=30|clock_delta_ms=1.764
|clock_suspect=0
PMLE_LIVE_REPLAY_TIC|tic=2647|mle_ms=9.661|monotonic_ms=120|clock_delta_ms=110.3
39|clock_suspect=1
PMLE_LIVE_REPLAY_TIC|tic=2648|mle_ms=15.38|monotonic_ms=20|clock_delta_ms=4.62|c
lock_suspect=0
PMLE_LIVE_REPLAY_TIC|tic=2649|mle_ms=17.834|monotonic_ms=10|clock_delta_ms=7.834
|clock_suspect=0
PMLE_LIVE_REPLAY_TIC|tic=2650|mle_ms=123.65|monotonic_ms=130|clock_delta_ms=6.35
|clock_suspect=0
PMLE_LIVE_REPLAY_TIC|tic=2651|mle_ms=43.761|monotonic_ms=40|clock_delta_ms=3.761
|clock_suspect=0
PMLE_LIVE_REPLAY_TIC|tic=2652|mle_ms=19.194|monotonic_ms=20|clock_delta_ms=.806|
clock_suspect=0
PMLE_LIVE_REPLAY_TIC|tic=2653|mle_ms=145.547|monotonic_ms=150|clock_delta_ms=4.4
53|clock_suspect=0
PMLE_LIVE_REPLAY_TIC|tic=2654|mle_ms=22.945|monotonic_ms=20|clock_delta_ms=2.945
|clock_suspect=0
PMLE_LIVE_REPLAY_TIC|tic=2655|mle_ms=14.317|monotonic_ms=10|clock_delta_ms=4.317
|clock_suspect=0
PMLE_LIVE_REPLAY_TIC|tic=2656|mle_ms=146.516|monotonic_ms=150|clock_delta_ms=3.4
84|clock_suspect=0
PMLE_LIVE_REPLAY_TIC|tic=2657|mle_ms=17.595|monotonic_ms=20|clock_delta_ms=2.405
|clock_suspect=0
PMLE_LIVE_REPLAY_TIC|tic=2658|mle_ms=18.931|monotonic_ms=20|clock_delta_ms=1.069
|clock_suspect=0
PMLE_LIVE_REPLAY_TIC|tic=2659|mle_ms=156.055|monotonic_ms=150|clock_delta_ms=6.0
55|clock_suspect=0
PMLE_LIVE_REPLAY_TIC|tic=2660|mle_ms=21.184|monotonic_ms=30|clock_delta_ms=8.816
|clock_suspect=0
PMLE_LIVE_REPLAY_TIC|tic=2661|mle_ms=60.369|monotonic_ms=60|clock_delta_ms=.369|
clock_suspect=0
PMLE_LIVE_REPLAY_TIC|tic=2662|mle_ms=155.088|monotonic_ms=150|clock_delta_ms=5.0
88|clock_suspect=0
PMLE_LIVE_REPLAY_TIC|tic=2663|mle_ms=28.51|monotonic_ms=30|clock_delta_ms=1.49|c
lock_suspect=0
PMLE_LIVE_REPLAY_TIC|tic=2664|mle_ms=21.875|monotonic_ms=20|clock_delta_ms=1.875
|clock_suspect=0
PMLE_LIVE_REPLAY_TIC|tic=2665|mle_ms=139.032|monotonic_ms=140|clock_delta_ms=.96
8|clock_suspect=0
PMLE_LIVE_REPLAY_TIC|tic=2666|mle_ms=29.964|monotonic_ms=30|clock_delta_ms=.036|
clock_suspect=0
PMLE_LIVE_REPLAY_TIC|tic=2667|mle_ms=12.58|monotonic_ms=10|clock_delta_ms=2.58|c
lock_suspect=0
PMLE_LIVE_REPLAY_TIC|tic=2668|mle_ms=146.529|monotonic_ms=150|clock_delta_ms=3.4
71|clock_suspect=0
PMLE_LIVE_REPLAY_TIC|tic=2669|mle_ms=17.381|monotonic_ms=20|clock_delta_ms=2.619
|clock_suspect=0
PMLE_LIVE_REPLAY_TIC|tic=2670|mle_ms=14.333|monotonic_ms=10|clock_delta_ms=4.333
|clock_suspect=0
PMLE_LIVE_REPLAY_TIC|tic=2671|mle_ms=153.041|monotonic_ms=150|clock_delta_ms=3.0
41|clock_suspect=0
PMLE_LIVE_REPLAY_TIC|tic=2672|mle_ms=14.015|monotonic_ms=20|clock_delta_ms=5.985
|clock_suspect=0
PMLE_LIVE_REPLAY_TIC|tic=2673|mle_ms=30.209|monotonic_ms=30|clock_delta_ms=.209|
clock_suspect=0
PMLE_LIVE_REPLAY_TIC|tic=2674|mle_ms=129.511|monotonic_ms=130|clock_delta_ms=.48
9|clock_suspect=0
PMLE_LIVE_REPLAY_TIC|tic=2675|mle_ms=17.089|monotonic_ms=20|clock_delta_ms=2.911
|clock_suspect=0
PMLE_LIVE_REPLAY_TIC|tic=2676|mle_ms=31.001|monotonic_ms=30|clock_delta_ms=1.001
|clock_suspect=0
PMLE_LIVE_REPLAY_TIC|tic=2677|mle_ms=129.777|monotonic_ms=130|clock_delta_ms=.22
3|clock_suspect=0
PMLE_LIVE_REPLAY_TIC|tic=2678|mle_ms=12.304|monotonic_ms=10|clock_delta_ms=2.304
|clock_suspect=0
PMLE_LIVE_REPLAY_TIC|tic=2679|mle_ms=14.449|monotonic_ms=10|clock_delta_ms=4.449
|clock_suspect=0
PMLE_LIVE_REPLAY_TIC|tic=2680|mle_ms=121.518|monotonic_ms=130|clock_delta_ms=8.4
82|clock_suspect=0
PMLE_LIVE_REPLAY_TIC|tic=2681|mle_ms=44.571|monotonic_ms=40|clock_delta_ms=4.571
|clock_suspect=0
PMLE_LIVE_REPLAY_TIC|tic=2682|mle_ms=16.033|monotonic_ms=20|clock_delta_ms=3.967
|clock_suspect=0
PMLE_LIVE_REPLAY_TIC|tic=2683|mle_ms=135.547|monotonic_ms=130|clock_delta_ms=5.5
47|clock_suspect=0
PMLE_LIVE_REPLAY_TIC|tic=2684|mle_ms=26.788|monotonic_ms=30|clock_delta_ms=3.212
|clock_suspect=0
PMLE_LIVE_REPLAY_TIC|tic=2685|mle_ms=17.565|monotonic_ms=20|clock_delta_ms=2.435
|clock_suspect=0
PMLE_LIVE_REPLAY_TIC|tic=2686|mle_ms=169.619|monotonic_ms=170|clock_delta_ms=.38
1|clock_suspect=0
PMLE_LIVE_REPLAY_TIC|tic=2687|mle_ms=15.332|monotonic_ms=10|clock_delta_ms=5.332
|clock_suspect=0
PMLE_LIVE_REPLAY_TIC|tic=2688|mle_ms=15.843|monotonic_ms=20|clock_delta_ms=4.157
|clock_suspect=0
PMLE_LIVE_REPLAY_TIC|tic=2689|mle_ms=134.663|monotonic_ms=130|clock_delta_ms=4.6
63|clock_suspect=0
PMLE_LIVE_REPLAY_TIC|tic=2690|mle_ms=11.4|monotonic_ms=10|clock_delta_ms=1.4|clo
ck_suspect=0
PMLE_LIVE_REPLAY_TIC|tic=2691|mle_ms=43.066|monotonic_ms=50|clock_delta_ms=6.934
|clock_suspect=0
PMLE_LIVE_REPLAY_TIC|tic=2692|mle_ms=128.935|monotonic_ms=130|clock_delta_ms=1.0
65|clock_suspect=0
PMLE_LIVE_REPLAY_TIC|tic=2693|mle_ms=30.588|monotonic_ms=30|clock_delta_ms=.588|
clock_suspect=0
PMLE_LIVE_REPLAY_TIC|tic=2694|mle_ms=23.896|monotonic_ms=20|clock_delta_ms=3.896
|clock_suspect=0
PMLE_LIVE_REPLAY_TIC|tic=2695|mle_ms=126.493|monotonic_ms=130|clock_delta_ms=3.5
07|clock_suspect=0
PMLE_LIVE_REPLAY_TIC|tic=2696|mle_ms=24.106|monotonic_ms=20|clock_delta_ms=4.106
|clock_suspect=0
PMLE_LIVE_REPLAY_TIC|tic=2697|mle_ms=10.912|monotonic_ms=10|clock_delta_ms=.912|
clock_suspect=0
PMLE_LIVE_REPLAY_TIC|tic=2698|mle_ms=132.299|monotonic_ms=130|clock_delta_ms=2.2
99|clock_suspect=0
PMLE_LIVE_REPLAY_TIC|tic=2699|mle_ms=19.7|monotonic_ms=20|clock_delta_ms=.3|cloc
k_suspect=0
PMLE_LIVE_REPLAY_TIC|tic=2700|mle_ms=14.544|monotonic_ms=20|clock_delta_ms=5.456
|clock_suspect=0
PMLE_LIVE_REPLAY_TIC|tic=2701|mle_ms=177.376|monotonic_ms=180|clock_delta_ms=2.6
24|clock_suspect=0
PMLE_LIVE_REPLAY_TIC|tic=2702|mle_ms=16.754|monotonic_ms=20|clock_delta_ms=3.246
|clock_suspect=0
PMLE_LIVE_REPLAY_TIC|tic=2703|mle_ms=30.75|monotonic_ms=30|clock_delta_ms=.75|cl
ock_suspect=0
PMLE_LIVE_REPLAY_TIC|tic=2704|mle_ms=139.612|monotonic_ms=140|clock_delta_ms=.38
8|clock_suspect=0
PMLE_LIVE_REPLAY_TIC|tic=2705|mle_ms=12.6|monotonic_ms=10|clock_delta_ms=2.6|clo
ck_suspect=0
PMLE_LIVE_REPLAY_TIC|tic=2706|mle_ms=30.072|monotonic_ms=30|clock_delta_ms=.072|
clock_suspect=0
PMLE_LIVE_REPLAY_TIC|tic=2707|mle_ms=135.371|monotonic_ms=140|clock_delta_ms=4.6
29|clock_suspect=0
PMLE_LIVE_REPLAY_TIC|tic=2708|mle_ms=12.062|monotonic_ms=10|clock_delta_ms=2.062
|clock_suspect=0
PMLE_LIVE_REPLAY_TIC|tic=2709|mle_ms=15.922|monotonic_ms=10|clock_delta_ms=5.922
|clock_suspect=0
PMLE_LIVE_REPLAY_TIC|tic=2710|mle_ms=182.298|monotonic_ms=190|clock_delta_ms=7.7
02|clock_suspect=0
PMLE_LIVE_REPLAY_TIC|tic=2711|mle_ms=43.758|monotonic_ms=40|clock_delta_ms=3.758
|clock_suspect=0
PMLE_LIVE_REPLAY_TIC|tic=2712|mle_ms=17.238|monotonic_ms=20|clock_delta_ms=2.762
|clock_suspect=0
PMLE_LIVE_REPLAY_TIC|tic=2713|mle_ms=151.545|monotonic_ms=150|clock_delta_ms=1.5
45|clock_suspect=0
PMLE_LIVE_REPLAY_TIC|tic=2714|mle_ms=22.592|monotonic_ms=20|clock_delta_ms=2.592
|clock_suspect=0
PMLE_LIVE_REPLAY_TIC|tic=2715|mle_ms=14.661|monotonic_ms=20|clock_delta_ms=5.339
|clock_suspect=0
PMLE_LIVE_REPLAY_TIC|tic=2716|mle_ms=152.57|monotonic_ms=150|clock_delta_ms=2.57
|clock_suspect=0
PMLE_LIVE_REPLAY_TIC|tic=2717|mle_ms=13.953|monotonic_ms=10|clock_delta_ms=3.953
|clock_suspect=0
PMLE_LIVE_REPLAY_TIC|tic=2718|mle_ms=14.327|monotonic_ms=20|clock_delta_ms=5.673
|clock_suspect=0
PMLE_LIVE_REPLAY_TIC|tic=2719|mle_ms=128.207|monotonic_ms=130|clock_delta_ms=1.7
93|clock_suspect=0
PMLE_LIVE_REPLAY_TIC|tic=2720|mle_ms=12.268|monotonic_ms=10|clock_delta_ms=2.268
|clock_suspect=0
PMLE_LIVE_REPLAY_TIC|tic=2721|mle_ms=41.989|monotonic_ms=40|clock_delta_ms=1.989
|clock_suspect=0
PMLE_LIVE_REPLAY_TIC|tic=2722|mle_ms=131.715|monotonic_ms=130|clock_delta_ms=1.7
15|clock_suspect=0
PMLE_LIVE_REPLAY_TIC|tic=2723|mle_ms=27.684|monotonic_ms=30|clock_delta_ms=2.316
|clock_suspect=0
PMLE_LIVE_REPLAY_TIC|tic=2724|mle_ms=21.969|monotonic_ms=20|clock_delta_ms=1.969
|clock_suspect=0
PMLE_LIVE_REPLAY_TIC|tic=2725|mle_ms=139.509|monotonic_ms=140|clock_delta_ms=.49
1|clock_suspect=0
PMLE_LIVE_REPLAY_TIC|tic=2726|mle_ms=29.071|monotonic_ms=30|clock_delta_ms=.929|
clock_suspect=0
PMLE_LIVE_REPLAY_TIC|tic=2727|mle_ms=10.613|monotonic_ms=10|clock_delta_ms=.613|
clock_suspect=0
PMLE_LIVE_REPLAY_TIC|tic=2728|mle_ms=168.473|monotonic_ms=170|clock_delta_ms=1.5
27|clock_suspect=0
PMLE_LIVE_REPLAY_TIC|tic=2729|mle_ms=14.456|monotonic_ms=10|clock_delta_ms=4.456
|clock_suspect=0
PMLE_LIVE_REPLAY_TIC|tic=2730|mle_ms=12.651|monotonic_ms=20|clock_delta_ms=7.349
|clock_suspect=0
PMLE_LIVE_REPLAY_TIC|tic=2731|mle_ms=172.61|monotonic_ms=170|clock_delta_ms=2.61
|clock_suspect=0
PMLE_LIVE_REPLAY_TIC|tic=2732|mle_ms=14.219|monotonic_ms=10|clock_delta_ms=4.219
|clock_suspect=0
PMLE_LIVE_REPLAY_TIC|tic=2733|mle_ms=29.449|monotonic_ms=30|clock_delta_ms=.551|
clock_suspect=0
PMLE_LIVE_REPLAY_TIC|tic=2734|mle_ms=170.147|monotonic_ms=170|clock_delta_ms=.14
7|clock_suspect=0
PMLE_LIVE_REPLAY_TIC|tic=2735|mle_ms=12.726|monotonic_ms=20|clock_delta_ms=7.274
|clock_suspect=0
PMLE_LIVE_REPLAY_TIC|tic=2736|mle_ms=28.081|monotonic_ms=20|clock_delta_ms=8.081
|clock_suspect=0
PMLE_LIVE_REPLAY_TIC|tic=2737|mle_ms=120.442|monotonic_ms=120|clock_delta_ms=.44
2|clock_suspect=0
PMLE_LIVE_REPLAY_TIC|tic=2738|mle_ms=10.027|monotonic_ms=10|clock_delta_ms=.027|
clock_suspect=0
PMLE_LIVE_REPLAY_TIC|tic=2739|mle_ms=13.024|monotonic_ms=20|clock_delta_ms=6.976
|clock_suspect=0
PMLE_LIVE_REPLAY_TIC|tic=2740|mle_ms=124.877|monotonic_ms=120|clock_delta_ms=4.8
77|clock_suspect=0
PMLE_LIVE_REPLAY_TIC|tic=2741|mle_ms=49.978|monotonic_ms=50|clock_delta_ms=.022|
clock_suspect=0
PMLE_LIVE_REPLAY_TIC|tic=2742|mle_ms=14.77|monotonic_ms=20|clock_delta_ms=5.23|c
lock_suspect=0
PMLE_LIVE_REPLAY_TIC|tic=2743|mle_ms=169.552|monotonic_ms=170|clock_delta_ms=.44
8|clock_suspect=0
PMLE_LIVE_REPLAY_TIC|tic=2744|mle_ms=25.754|monotonic_ms=20|clock_delta_ms=5.754
|clock_suspect=0
PMLE_LIVE_REPLAY_TIC|tic=2745|mle_ms=19.401|monotonic_ms=20|clock_delta_ms=.599|
clock_suspect=0
PMLE_LIVE_REPLAY_TIC|tic=2746|mle_ms=171.901|monotonic_ms=170|clock_delta_ms=1.9
01|clock_suspect=0
PMLE_LIVE_REPLAY_TIC|tic=2747|mle_ms=12.77|monotonic_ms=20|clock_delta_ms=7.23|c
lock_suspect=0
PMLE_LIVE_REPLAY_TIC|tic=2748|mle_ms=14.856|monotonic_ms=10|clock_delta_ms=4.856
|clock_suspect=0
PMLE_LIVE_REPLAY_TIC|tic=2749|mle_ms=162.974|monotonic_ms=170|clock_delta_ms=7.0
26|clock_suspect=0
PMLE_LIVE_REPLAY_TIC|tic=2750|mle_ms=9.944|monotonic_ms=10|clock_delta_ms=.056|c
lock_suspect=0
PMLE_LIVE_REPLAY_TIC|tic=2751|mle_ms=39.783|monotonic_ms=40|clock_delta_ms=.217|
clock_suspect=0
PMLE_LIVE_REPLAY_TIC|tic=2752|mle_ms=172.327|monotonic_ms=170|clock_delta_ms=2.3
27|clock_suspect=0
PMLE_LIVE_REPLAY_TIC|tic=2753|mle_ms=24.666|monotonic_ms=20|clock_delta_ms=4.666
|clock_suspect=0
PMLE_LIVE_REPLAY_TIC|tic=2754|mle_ms=21.103|monotonic_ms=20|clock_delta_ms=1.103
|clock_suspect=0
PMLE_LIVE_REPLAY_TIC|tic=2755|mle_ms=159.135|monotonic_ms=160|clock_delta_ms=.86
5|clock_suspect=0
PMLE_LIVE_REPLAY_TIC|tic=2756|mle_ms=29.577|monotonic_ms=30|clock_delta_ms=.423|
clock_suspect=0
PMLE_LIVE_REPLAY_TIC|tic=2757|mle_ms=8.781|monotonic_ms=10|clock_delta_ms=1.219|
clock_suspect=0
PMLE_LIVE_REPLAY_TIC|tic=2758|mle_ms=175.727|monotonic_ms=180|clock_delta_ms=4.2
73|clock_suspect=0
PMLE_LIVE_REPLAY_TIC|tic=2759|mle_ms=10.545|monotonic_ms=10|clock_delta_ms=.545|
clock_suspect=0
PMLE_LIVE_REPLAY_TIC|tic=2760|mle_ms=9.464|monotonic_ms=10|clock_delta_ms=.536|c
lock_suspect=0
PMLE_LIVE_REPLAY_TIC|tic=2761|mle_ms=175.117|monotonic_ms=170|clock_delta_ms=5.1
17|clock_suspect=0
PMLE_LIVE_REPLAY_TIC|tic=2762|mle_ms=9.233|monotonic_ms=10|clock_delta_ms=.767|c
lock_suspect=0
PMLE_LIVE_REPLAY_TIC|tic=2763|mle_ms=23.5|monotonic_ms=30|clock_delta_ms=6.5|clo
ck_suspect=0
PMLE_LIVE_REPLAY_TIC|tic=2764|mle_ms=154.668|monotonic_ms=150|clock_delta_ms=4.6
68|clock_suspect=0
PMLE_LIVE_REPLAY_TIC|tic=2765|mle_ms=9.149|monotonic_ms=10|clock_delta_ms=.851|c
lock_suspect=0
PMLE_LIVE_REPLAY_TIC|tic=2766|mle_ms=25.417|monotonic_ms=30|clock_delta_ms=4.583
|clock_suspect=0
PMLE_LIVE_REPLAY_TIC|tic=2767|mle_ms=145.377|monotonic_ms=140|clock_delta_ms=5.3
77|clock_suspect=0
PMLE_LIVE_REPLAY_TIC|tic=2768|mle_ms=8.326|monotonic_ms=10|clock_delta_ms=1.674|
clock_suspect=0
PMLE_LIVE_REPLAY_TIC|tic=2769|mle_ms=9.367|monotonic_ms=10|clock_delta_ms=.633|c
lock_suspect=0
PMLE_LIVE_REPLAY_TIC|tic=2770|mle_ms=133.002|monotonic_ms=130|clock_delta_ms=3.0
02|clock_suspect=0
PMLE_LIVE_REPLAY_TIC|tic=2771|mle_ms=42.498|monotonic_ms=40|clock_delta_ms=2.498
|clock_suspect=0
PMLE_LIVE_REPLAY_TIC|tic=2772|mle_ms=11.962|monotonic_ms=20|clock_delta_ms=8.038
|clock_suspect=0
PMLE_LIVE_REPLAY_TIC|tic=2773|mle_ms=199.181|monotonic_ms=200|clock_delta_ms=.81
9|clock_suspect=0
PMLE_LIVE_REPLAY_TIC|tic=2774|mle_ms=24.849|monotonic_ms=20|clock_delta_ms=4.849
|clock_suspect=0
PMLE_LIVE_REPLAY_TIC|tic=2775|mle_ms=11.696|monotonic_ms=10|clock_delta_ms=1.696
|clock_suspect=0
PMLE_LIVE_REPLAY_TIC|tic=2776|mle_ms=160.126|monotonic_ms=160|clock_delta_ms=.12
6|clock_suspect=0
PMLE_LIVE_REPLAY_TIC|tic=2777|mle_ms=9.069|monotonic_ms=10|clock_delta_ms=.931|c
lock_suspect=0
PMLE_LIVE_REPLAY_TIC|tic=2778|mle_ms=9.976|monotonic_ms=10|clock_delta_ms=.024|c
lock_suspect=0
PMLE_LIVE_REPLAY_TIC|tic=2779|mle_ms=151.94|monotonic_ms=150|clock_delta_ms=1.94
|clock_suspect=0
PMLE_LIVE_REPLAY_TIC|tic=2780|mle_ms=10.069|monotonic_ms=10|clock_delta_ms=.069|
clock_suspect=0
PMLE_LIVE_REPLAY_TIC|tic=2781|mle_ms=43.883|monotonic_ms=50|clock_delta_ms=6.117
|clock_suspect=0
PMLE_LIVE_REPLAY_TIC|tic=2782|mle_ms=120.857|monotonic_ms=120|clock_delta_ms=.85
7|clock_suspect=0
PMLE_LIVE_REPLAY_TIC|tic=2783|mle_ms=24.538|monotonic_ms=20|clock_delta_ms=4.538
|clock_suspect=0
PMLE_LIVE_REPLAY_TIC|tic=2784|mle_ms=21.066|monotonic_ms=20|clock_delta_ms=1.066
|clock_suspect=0
PMLE_LIVE_REPLAY_TIC|tic=2785|mle_ms=117.993|monotonic_ms=120|clock_delta_ms=2.0
07|clock_suspect=0
PMLE_LIVE_REPLAY_TIC|tic=2786|mle_ms=21.692|monotonic_ms=20|clock_delta_ms=1.692
|clock_suspect=0
PMLE_LIVE_REPLAY_TIC|tic=2787|mle_ms=7.697|monotonic_ms=10|clock_delta_ms=2.303|
clock_suspect=0
PMLE_LIVE_REPLAY_TIC|tic=2788|mle_ms=156.86|monotonic_ms=160|clock_delta_ms=3.14
|clock_suspect=0
PMLE_LIVE_REPLAY_TIC|tic=2789|mle_ms=10.939|monotonic_ms=10|clock_delta_ms=.939|
clock_suspect=0
PMLE_LIVE_REPLAY_TIC|tic=2790|mle_ms=12.565|monotonic_ms=10|clock_delta_ms=2.565
|clock_suspect=0
PMLE_LIVE_REPLAY_TIC|tic=2791|mle_ms=147.023|monotonic_ms=150|clock_delta_ms=2.9
77|clock_suspect=0
PMLE_LIVE_REPLAY_TIC|tic=2792|mle_ms=10.499|monotonic_ms=10|clock_delta_ms=.499|
clock_suspect=0
PMLE_LIVE_REPLAY_TIC|tic=2793|mle_ms=24.261|monotonic_ms=20|clock_delta_ms=4.261
|clock_suspect=0
PMLE_LIVE_REPLAY_TIC|tic=2794|mle_ms=126.95|monotonic_ms=130|clock_delta_ms=3.05
|clock_suspect=0
PMLE_LIVE_REPLAY_TIC|tic=2795|mle_ms=8.965|monotonic_ms=10|clock_delta_ms=1.035|
clock_suspect=0
PMLE_LIVE_REPLAY_TIC|tic=2796|mle_ms=25.551|monotonic_ms=30|clock_delta_ms=4.449
|clock_suspect=0
PMLE_LIVE_REPLAY_TIC|tic=2797|mle_ms=173.352|monotonic_ms=170|clock_delta_ms=3.3
52|clock_suspect=0
PMLE_LIVE_REPLAY_TIC|tic=2798|mle_ms=9.334|monotonic_ms=10|clock_delta_ms=.666|c
lock_suspect=0
PMLE_LIVE_REPLAY_TIC|tic=2799|mle_ms=11.93|monotonic_ms=10|clock_delta_ms=1.93|c
lock_suspect=0
PMLE_LIVE_REPLAY_TIC|tic=2800|mle_ms=152.118|monotonic_ms=150|clock_delta_ms=2.1
18|clock_suspect=0
PMLE_LIVE_REPLAY_TIC|tic=2801|mle_ms=40.683|monotonic_ms=40|clock_delta_ms=.683|
clock_suspect=0
PMLE_LIVE_REPLAY_TIC|tic=2802|mle_ms=9.657|monotonic_ms=10|clock_delta_ms=.343|c
lock_suspect=0
PMLE_LIVE_REPLAY_TIC|tic=2803|mle_ms=178.394|monotonic_ms=180|clock_delta_ms=1.6
06|clock_suspect=0
PMLE_LIVE_REPLAY_TIC|tic=2804|mle_ms=21.443|monotonic_ms=20|clock_delta_ms=1.443
|clock_suspect=0
PMLE_LIVE_REPLAY_TIC|tic=2805|mle_ms=9.403|monotonic_ms=10|clock_delta_ms=.597|c
lock_suspect=0
PMLE_LIVE_REPLAY_TIC|tic=2806|mle_ms=20.393|monotonic_ms=140|clock_delta_ms=119.
607|clock_suspect=1
PMLE_LIVE_REPLAY_TIC|tic=2807|mle_ms=7.869|monotonic_ms=10|clock_delta_ms=2.131|
clock_suspect=0
PMLE_LIVE_REPLAY_TIC|tic=2808|mle_ms=9.716|monotonic_ms=10|clock_delta_ms=.284|c
lock_suspect=0
PMLE_LIVE_REPLAY_TIC|tic=2809|mle_ms=149.541|monotonic_ms=150|clock_delta_ms=.45
9|clock_suspect=0
PMLE_LIVE_REPLAY_TIC|tic=2810|mle_ms=7.746|monotonic_ms=0|clock_delta_ms=7.746|c
lock_suspect=0
PMLE_LIVE_REPLAY_TIC|tic=2811|mle_ms=36.839|monotonic_ms=40|clock_delta_ms=3.161
|clock_suspect=0
PMLE_LIVE_REPLAY_TIC|tic=2812|mle_ms=157.265|monotonic_ms=160|clock_delta_ms=2.7
35|clock_suspect=0
PMLE_LIVE_REPLAY_TIC|tic=2813|mle_ms=22.106|monotonic_ms=20|clock_delta_ms=2.106
|clock_suspect=0
PMLE_LIVE_REPLAY_TIC|tic=2814|mle_ms=18.308|monotonic_ms=20|clock_delta_ms=1.692
|clock_suspect=0
PMLE_LIVE_REPLAY_TIC|tic=2815|mle_ms=116.156|monotonic_ms=120|clock_delta_ms=3.8
44|clock_suspect=0
PMLE_LIVE_REPLAY_TIC|tic=2816|mle_ms=24.915|monotonic_ms=20|clock_delta_ms=4.915
|clock_suspect=0
PMLE_LIVE_REPLAY_TIC|tic=2817|mle_ms=8.618|monotonic_ms=10|clock_delta_ms=1.382|
clock_suspect=0
PMLE_LIVE_REPLAY_TIC|tic=2818|mle_ms=124.212|monotonic_ms=120|clock_delta_ms=4.2
12|clock_suspect=0
PMLE_LIVE_REPLAY_TIC|tic=2819|mle_ms=11.985|monotonic_ms=20|clock_delta_ms=8.015
|clock_suspect=0
PMLE_LIVE_REPLAY_TIC|tic=2820|mle_ms=10.399|monotonic_ms=10|clock_delta_ms=.399|
clock_suspect=0
PMLE_LIVE_REPLAY_TIC|tic=2821|mle_ms=171.991|monotonic_ms=170|clock_delta_ms=1.9
91|clock_suspect=0
PMLE_LIVE_REPLAY_TIC|tic=2822|mle_ms=11.202|monotonic_ms=10|clock_delta_ms=1.202
|clock_suspect=0
PMLE_LIVE_REPLAY_TIC|tic=2823|mle_ms=24.652|monotonic_ms=20|clock_delta_ms=4.652
|clock_suspect=0
PMLE_LIVE_REPLAY_TIC|tic=2824|mle_ms=144.261|monotonic_ms=150|clock_delta_ms=5.7
39|clock_suspect=0
PMLE_LIVE_REPLAY_TIC|tic=2825|mle_ms=9.201|monotonic_ms=10|clock_delta_ms=.799|c
lock_suspect=0
PMLE_LIVE_REPLAY_TIC|tic=2826|mle_ms=26.085|monotonic_ms=20|clock_delta_ms=6.085
|clock_suspect=0
PMLE_LIVE_REPLAY_TIC|tic=2827|mle_ms=150.282|monotonic_ms=150|clock_delta_ms=.28
2|clock_suspect=0
PMLE_LIVE_REPLAY_TIC|tic=2828|mle_ms=11.915|monotonic_ms=20|clock_delta_ms=8.085
|clock_suspect=0
PMLE_LIVE_REPLAY_TIC|tic=2829|mle_ms=14.749|monotonic_ms=10|clock_delta_ms=4.749
|clock_suspect=0
PMLE_LIVE_REPLAY_TIC|tic=2830|mle_ms=160.177|monotonic_ms=160|clock_delta_ms=.17
7|clock_suspect=0
PMLE_LIVE_REPLAY_TIC|tic=2831|mle_ms=54.106|monotonic_ms=60|clock_delta_ms=5.894
|clock_suspect=0
PMLE_LIVE_REPLAY_TIC|tic=2832|mle_ms=13.975|monotonic_ms=10|clock_delta_ms=3.975
|clock_suspect=0
PMLE_LIVE_REPLAY_TIC|tic=2833|mle_ms=174.611|monotonic_ms=170|clock_delta_ms=4.6
11|clock_suspect=0
PMLE_LIVE_REPLAY_TIC|tic=2834|mle_ms=28.956|monotonic_ms=30|clock_delta_ms=1.044
|clock_suspect=0
PMLE_LIVE_REPLAY_TIC|tic=2835|mle_ms=10.347|monotonic_ms=10|clock_delta_ms=.347|
clock_suspect=0
PMLE_LIVE_REPLAY_TIC|tic=2836|mle_ms=147.198|monotonic_ms=150|clock_delta_ms=2.8
02|clock_suspect=0
PMLE_LIVE_REPLAY_TIC|tic=2837|mle_ms=9.097|monotonic_ms=10|clock_delta_ms=.903|c
lock_suspect=0
PMLE_LIVE_REPLAY_TIC|tic=2838|mle_ms=10.674|monotonic_ms=10|clock_delta_ms=.674|
clock_suspect=0
PMLE_LIVE_REPLAY_TIC|tic=2839|mle_ms=128.119|monotonic_ms=130|clock_delta_ms=1.8
81|clock_suspect=0
PMLE_LIVE_REPLAY_TIC|tic=2840|mle_ms=8.011|monotonic_ms=10|clock_delta_ms=1.989|
clock_suspect=0
PMLE_LIVE_REPLAY_TIC|tic=2841|mle_ms=37.35|monotonic_ms=30|clock_delta_ms=7.35|c
lock_suspect=0
PMLE_LIVE_REPLAY_TIC|tic=2842|mle_ms=156.634|monotonic_ms=160|clock_delta_ms=3.3
66|clock_suspect=0
PMLE_LIVE_REPLAY_TIC|tic=2843|mle_ms=22.412|monotonic_ms=20|clock_delta_ms=2.412
|clock_suspect=0
PMLE_LIVE_REPLAY_TIC|tic=2844|mle_ms=18.417|monotonic_ms=20|clock_delta_ms=1.583
|clock_suspect=0
PMLE_LIVE_REPLAY_TIC|tic=2845|mle_ms=146.472|monotonic_ms=150|clock_delta_ms=3.5
28|clock_suspect=0
PMLE_LIVE_REPLAY_TIC|tic=2846|mle_ms=23.126|monotonic_ms=20|clock_delta_ms=3.126
|clock_suspect=0
PMLE_LIVE_REPLAY_TIC|tic=2847|mle_ms=7.685|monotonic_ms=10|clock_delta_ms=2.315|
clock_suspect=0
PMLE_LIVE_REPLAY_TIC|tic=2848|mle_ms=121.905|monotonic_ms=120|clock_delta_ms=1.9
05|clock_suspect=0
PMLE_LIVE_REPLAY_TIC|tic=2849|mle_ms=10.548|monotonic_ms=10|clock_delta_ms=.548|
clock_suspect=0
PMLE_LIVE_REPLAY_TIC|tic=2850|mle_ms=10.132|monotonic_ms=10|clock_delta_ms=.132|
clock_suspect=0
PMLE_LIVE_REPLAY_TIC|tic=2851|mle_ms=165.867|monotonic_ms=170|clock_delta_ms=4.1
33|clock_suspect=0
PMLE_LIVE_REPLAY_TIC|tic=2852|mle_ms=11.331|monotonic_ms=10|clock_delta_ms=1.331
|clock_suspect=0
PMLE_LIVE_REPLAY_TIC|tic=2853|mle_ms=29.242|monotonic_ms=30|clock_delta_ms=.758|
clock_suspect=0
PMLE_LIVE_REPLAY_TIC|tic=2854|mle_ms=159.292|monotonic_ms=160|clock_delta_ms=.70
8|clock_suspect=0
PMLE_LIVE_REPLAY_TIC|tic=2855|mle_ms=10.997|monotonic_ms=10|clock_delta_ms=.997|
clock_suspect=0
PMLE_LIVE_REPLAY_TIC|tic=2856|mle_ms=29.862|monotonic_ms=30|clock_delta_ms=.138|
clock_suspect=0
PMLE_LIVE_REPLAY_TIC|tic=2857|mle_ms=169.69|monotonic_ms=170|clock_delta_ms=.31|
clock_suspect=0
PMLE_LIVE_REPLAY_TIC|tic=2858|mle_ms=10.565|monotonic_ms=10|clock_delta_ms=.565|
clock_suspect=0
PMLE_LIVE_REPLAY_TIC|tic=2859|mle_ms=12.415|monotonic_ms=10|clock_delta_ms=2.415
|clock_suspect=0
PMLE_LIVE_REPLAY_TIC|tic=2860|mle_ms=132.506|monotonic_ms=130|clock_delta_ms=2.5
06|clock_suspect=0
PMLE_LIVE_REPLAY_TIC|tic=2861|mle_ms=49.736|monotonic_ms=50|clock_delta_ms=.264|
clock_suspect=0
PMLE_LIVE_REPLAY_TIC|tic=2862|mle_ms=12.362|monotonic_ms=20|clock_delta_ms=7.638
|clock_suspect=0
PMLE_LIVE_REPLAY_TIC|tic=2863|mle_ms=160.856|monotonic_ms=160|clock_delta_ms=.85
6|clock_suspect=0
PMLE_LIVE_REPLAY_TIC|tic=2864|mle_ms=18.047|monotonic_ms=20|clock_delta_ms=1.953
|clock_suspect=0
PMLE_LIVE_REPLAY_TIC|tic=2865|mle_ms=7.821|monotonic_ms=0|clock_delta_ms=7.821|c
lock_suspect=0
PMLE_LIVE_REPLAY_TIC|tic=2866|mle_ms=128.429|monotonic_ms=130|clock_delta_ms=1.5
71|clock_suspect=0
PMLE_LIVE_REPLAY_TIC|tic=2867|mle_ms=7.903|monotonic_ms=10|clock_delta_ms=2.097|
clock_suspect=0
PMLE_LIVE_REPLAY_TIC|tic=2868|mle_ms=9.226|monotonic_ms=10|clock_delta_ms=.774|c
lock_suspect=0
PMLE_LIVE_REPLAY_TIC|tic=2869|mle_ms=122.933|monotonic_ms=120|clock_delta_ms=2.9
33|clock_suspect=0
PMLE_LIVE_REPLAY_TIC|tic=2870|mle_ms=10.45|monotonic_ms=10|clock_delta_ms=.45|cl
ock_suspect=0
PMLE_LIVE_REPLAY_TIC|tic=2871|mle_ms=41.338|monotonic_ms=40|clock_delta_ms=1.338
|clock_suspect=0
PMLE_LIVE_REPLAY_TIC|tic=2872|mle_ms=135.11|monotonic_ms=140|clock_delta_ms=4.89
|clock_suspect=0
PMLE_LIVE_REPLAY_TIC|tic=2873|mle_ms=21.473|monotonic_ms=20|clock_delta_ms=1.473
|clock_suspect=0
PMLE_LIVE_REPLAY_TIC|tic=2874|mle_ms=21.135|monotonic_ms=20|clock_delta_ms=1.135
|clock_suspect=0
PMLE_LIVE_REPLAY_TIC|tic=2875|mle_ms=121.399|monotonic_ms=120|clock_delta_ms=1.3
99|clock_suspect=0
PMLE_LIVE_REPLAY_TIC|tic=2876|mle_ms=24.111|monotonic_ms=30|clock_delta_ms=5.889
|clock_suspect=0
PMLE_LIVE_REPLAY_TIC|tic=2877|mle_ms=9.083|monotonic_ms=10|clock_delta_ms=.917|c
lock_suspect=0
PMLE_LIVE_REPLAY_TIC|tic=2878|mle_ms=133.786|monotonic_ms=130|clock_delta_ms=3.7
86|clock_suspect=0
PMLE_LIVE_REPLAY_TIC|tic=2879|mle_ms=13.408|monotonic_ms=20|clock_delta_ms=6.592
|clock_suspect=0
PMLE_LIVE_REPLAY_TIC|tic=2880|mle_ms=10.96|monotonic_ms=10|clock_delta_ms=.96|cl
ock_suspect=0
PMLE_LIVE_REPLAY_TIC|tic=2881|mle_ms=200.276|monotonic_ms=200|clock_delta_ms=.27
6|clock_suspect=0
PMLE_LIVE_REPLAY_TIC|tic=2882|mle_ms=11.476|monotonic_ms=10|clock_delta_ms=1.476
|clock_suspect=0
PMLE_LIVE_REPLAY_TIC|tic=2883|mle_ms=26.408|monotonic_ms=20|clock_delta_ms=6.408
|clock_suspect=0
PMLE_LIVE_REPLAY_TIC|tic=2884|mle_ms=159.176|monotonic_ms=160|clock_delta_ms=.82
4|clock_suspect=0
PMLE_LIVE_REPLAY_TIC|tic=2885|mle_ms=8.354|monotonic_ms=10|clock_delta_ms=1.646|
clock_suspect=0
PMLE_LIVE_REPLAY_TIC|tic=2886|mle_ms=22.362|monotonic_ms=20|clock_delta_ms=2.362
|clock_suspect=0
PMLE_LIVE_REPLAY_TIC|tic=2887|mle_ms=129.439|monotonic_ms=130|clock_delta_ms=.56
1|clock_suspect=0
PMLE_LIVE_REPLAY_TIC|tic=2888|mle_ms=10.278|monotonic_ms=10|clock_delta_ms=.278|
clock_suspect=0
PMLE_LIVE_REPLAY_TIC|tic=2889|mle_ms=12.347|monotonic_ms=20|clock_delta_ms=7.653
|clock_suspect=0
PMLE_LIVE_REPLAY_TIC|tic=2890|mle_ms=123.282|monotonic_ms=120|clock_delta_ms=3.2
82|clock_suspect=0
PMLE_LIVE_REPLAY_TIC|tic=2891|mle_ms=38.388|monotonic_ms=40|clock_delta_ms=1.612
|clock_suspect=0
PMLE_LIVE_REPLAY_TIC|tic=2892|mle_ms=11.302|monotonic_ms=10|clock_delta_ms=1.302
|clock_suspect=0
PMLE_LIVE_REPLAY_TIC|tic=2893|mle_ms=156.166|monotonic_ms=160|clock_delta_ms=3.8
34|clock_suspect=0
PMLE_LIVE_REPLAY_TIC|tic=2894|mle_ms=21.874|monotonic_ms=20|clock_delta_ms=1.874
|clock_suspect=0
PMLE_LIVE_REPLAY_TIC|tic=2895|mle_ms=11.756|monotonic_ms=10|clock_delta_ms=1.756
|clock_suspect=0
PMLE_LIVE_REPLAY_TIC|tic=2896|mle_ms=161.02|monotonic_ms=160|clock_delta_ms=1.02
|clock_suspect=0
PMLE_LIVE_REPLAY_TIC|tic=2897|mle_ms=10.009|monotonic_ms=10|clock_delta_ms=.009|
clock_suspect=0
PMLE_LIVE_REPLAY_TIC|tic=2898|mle_ms=11.311|monotonic_ms=10|clock_delta_ms=1.311
|clock_suspect=0
PMLE_LIVE_REPLAY_TIC|tic=2899|mle_ms=135.101|monotonic_ms=140|clock_delta_ms=4.8
99|clock_suspect=0
PMLE_LIVE_REPLAY_TIC|tic=2900|mle_ms=8.147|monotonic_ms=10|clock_delta_ms=1.853|
clock_suspect=0
PMLE_LIVE_REPLAY_TIC|tic=2901|mle_ms=37.817|monotonic_ms=40|clock_delta_ms=2.183
|clock_suspect=0
PMLE_LIVE_REPLAY_TIC|tic=2902|mle_ms=118.653|monotonic_ms=120|clock_delta_ms=1.3
47|clock_suspect=0
PMLE_LIVE_REPLAY_TIC|tic=2903|mle_ms=26.939|monotonic_ms=30|clock_delta_ms=3.061
|clock_suspect=0
PMLE_LIVE_REPLAY_TIC|tic=2904|mle_ms=24.197|monotonic_ms=20|clock_delta_ms=4.197
|clock_suspect=0
PMLE_LIVE_REPLAY_TIC|tic=2905|mle_ms=127.188|monotonic_ms=130|clock_delta_ms=2.8
12|clock_suspect=0
PMLE_LIVE_REPLAY_TIC|tic=2906|mle_ms=28.304|monotonic_ms=30|clock_delta_ms=1.696
|clock_suspect=0
PMLE_LIVE_REPLAY_TIC|tic=2907|mle_ms=10.362|monotonic_ms=10|clock_delta_ms=.362|
clock_suspect=0
PMLE_LIVE_REPLAY_TIC|tic=2908|mle_ms=130.879|monotonic_ms=130|clock_delta_ms=.87
9|clock_suspect=0
PMLE_LIVE_REPLAY_TIC|tic=2909|mle_ms=10.827|monotonic_ms=10|clock_delta_ms=.827|
clock_suspect=0
PMLE_LIVE_REPLAY_TIC|tic=2910|mle_ms=9.689|monotonic_ms=10|clock_delta_ms=.311|c
lock_suspect=0
PMLE_LIVE_REPLAY_TIC|tic=2911|mle_ms=143.02|monotonic_ms=140|clock_delta_ms=3.02
|clock_suspect=0
PMLE_LIVE_REPLAY_TIC|tic=2912|mle_ms=10.5|monotonic_ms=10|clock_delta_ms=.5|cloc
k_suspect=0
PMLE_LIVE_REPLAY_TIC|tic=2913|mle_ms=26.375|monotonic_ms=30|clock_delta_ms=3.625
|clock_suspect=0
PMLE_LIVE_REPLAY_TIC|tic=2914|mle_ms=137.604|monotonic_ms=140|clock_delta_ms=2.3
96|clock_suspect=0
PMLE_LIVE_REPLAY_TIC|tic=2915|mle_ms=8.682|monotonic_ms=10|clock_delta_ms=1.318|
clock_suspect=0
PMLE_LIVE_REPLAY_TIC|tic=2916|mle_ms=22.898|monotonic_ms=20|clock_delta_ms=2.898
|clock_suspect=0
PMLE_LIVE_REPLAY_TIC|tic=2917|mle_ms=140.398|monotonic_ms=140|clock_delta_ms=.39
8|clock_suspect=0
PMLE_LIVE_REPLAY_TIC|tic=2918|mle_ms=8.49|monotonic_ms=10|clock_delta_ms=1.51|cl
ock_suspect=0
PMLE_LIVE_REPLAY_TIC|tic=2919|mle_ms=10.629|monotonic_ms=10|clock_delta_ms=.629|
clock_suspect=0
PMLE_LIVE_REPLAY_TIC|tic=2920|mle_ms=151.835|monotonic_ms=150|clock_delta_ms=1.8
35|clock_suspect=0
PMLE_LIVE_REPLAY_TIC|tic=2921|mle_ms=53.662|monotonic_ms=60|clock_delta_ms=6.338
|clock_suspect=0
PMLE_LIVE_REPLAY_TIC|tic=2922|mle_ms=13.675|monotonic_ms=10|clock_delta_ms=3.675
|clock_suspect=0
PMLE_LIVE_REPLAY_TIC|tic=2923|mle_ms=202.172|monotonic_ms=200|clock_delta_ms=2.1
72|clock_suspect=0
PMLE_LIVE_REPLAY_TIC|tic=2924|mle_ms=26.639|monotonic_ms=30|clock_delta_ms=3.361
|clock_suspect=0
PMLE_LIVE_REPLAY_TIC|tic=2925|mle_ms=14.441|monotonic_ms=10|clock_delta_ms=4.441
|clock_suspect=0
PMLE_LIVE_REPLAY_TIC|tic=2926|mle_ms=138.856|monotonic_ms=140|clock_delta_ms=1.1
44|clock_suspect=0
PMLE_LIVE_REPLAY_TIC|tic=2927|mle_ms=8.033|monotonic_ms=10|clock_delta_ms=1.967|
clock_suspect=0
PMLE_LIVE_REPLAY_TIC|tic=2928|mle_ms=8.765|monotonic_ms=10|clock_delta_ms=1.235|
clock_suspect=0
PMLE_LIVE_REPLAY_TIC|tic=2929|mle_ms=140.94|monotonic_ms=140|clock_delta_ms=.94|
clock_suspect=0
PMLE_LIVE_REPLAY_TIC|tic=2930|mle_ms=10.088|monotonic_ms=10|clock_delta_ms=.088|
clock_suspect=0
PMLE_LIVE_REPLAY_TIC|tic=2931|mle_ms=44.658|monotonic_ms=40|clock_delta_ms=4.658
|clock_suspect=0
PMLE_LIVE_REPLAY_TIC|tic=2932|mle_ms=118.834|monotonic_ms=120|clock_delta_ms=1.1
66|clock_suspect=0
PMLE_LIVE_REPLAY_TIC|tic=2933|mle_ms=22.83|monotonic_ms=30|clock_delta_ms=7.17|c
lock_suspect=0
PMLE_LIVE_REPLAY_TIC|tic=2934|mle_ms=21.358|monotonic_ms=20|clock_delta_ms=1.358
|clock_suspect=0
PMLE_LIVE_REPLAY_TIC|tic=2935|mle_ms=140.563|monotonic_ms=140|clock_delta_ms=.56
3|clock_suspect=0
PMLE_LIVE_REPLAY_TIC|tic=2936|mle_ms=21.9|monotonic_ms=20|clock_delta_ms=1.9|clo
ck_suspect=0
PMLE_LIVE_REPLAY_TIC|tic=2937|mle_ms=7.756|monotonic_ms=10|clock_delta_ms=2.244|
clock_suspect=0
PMLE_LIVE_REPLAY_TIC|tic=2938|mle_ms=122.351|monotonic_ms=120|clock_delta_ms=2.3
51|clock_suspect=0
PMLE_LIVE_REPLAY_TIC|tic=2939|mle_ms=10.965|monotonic_ms=10|clock_delta_ms=.965|
clock_suspect=0
PMLE_LIVE_REPLAY_TIC|tic=2940|mle_ms=10.029|monotonic_ms=10|clock_delta_ms=.029|
clock_suspect=0
PMLE_LIVE_REPLAY_TIC|tic=2941|mle_ms=153.045|monotonic_ms=150|clock_delta_ms=3.0
45|clock_suspect=0
PMLE_LIVE_REPLAY_TIC|tic=2942|mle_ms=9.788|monotonic_ms=10|clock_delta_ms=.212|c
lock_suspect=0
PMLE_LIVE_REPLAY_TIC|tic=2943|mle_ms=21.82|monotonic_ms=30|clock_delta_ms=8.18|c
lock_suspect=0
PMLE_LIVE_REPLAY_TIC|tic=2944|mle_ms=146.659|monotonic_ms=140|clock_delta_ms=6.6
59|clock_suspect=0
PMLE_LIVE_REPLAY_TIC|tic=2945|mle_ms=8.221|monotonic_ms=10|clock_delta_ms=1.779|
clock_suspect=0
PMLE_LIVE_REPLAY_TIC|tic=2946|mle_ms=22.392|monotonic_ms=20|clock_delta_ms=2.392
|clock_suspect=0
PMLE_LIVE_REPLAY_TIC|tic=2947|mle_ms=165.347|monotonic_ms=170|clock_delta_ms=4.6
53|clock_suspect=0
PMLE_LIVE_REPLAY_TIC|tic=2948|mle_ms=8.186|monotonic_ms=10|clock_delta_ms=1.814|
clock_suspect=0
PMLE_LIVE_REPLAY_TIC|tic=2949|mle_ms=9.983|monotonic_ms=10|clock_delta_ms=.017|c
lock_suspect=0
PMLE_LIVE_REPLAY_TIC|tic=2950|mle_ms=117.869|monotonic_ms=120|clock_delta_ms=2.1
31|clock_suspect=0
PMLE_LIVE_REPLAY_TIC|tic=2951|mle_ms=42.442|monotonic_ms=40|clock_delta_ms=2.442
|clock_suspect=0
PMLE_LIVE_REPLAY_TIC|tic=2952|mle_ms=9.552|monotonic_ms=10|clock_delta_ms=.448|c
lock_suspect=0
PMLE_LIVE_REPLAY_TIC|tic=2953|mle_ms=128.55|monotonic_ms=130|clock_delta_ms=1.45
|clock_suspect=0
PMLE_LIVE_REPLAY_TIC|tic=2954|mle_ms=19.003|monotonic_ms=20|clock_delta_ms=.997|
clock_suspect=0
PMLE_LIVE_REPLAY_TIC|tic=2955|mle_ms=8.217|monotonic_ms=0|clock_delta_ms=8.217|c
lock_suspect=0
PMLE_LIVE_REPLAY_TIC|tic=2956|mle_ms=134.9|monotonic_ms=140|clock_delta_ms=5.1|c
lock_suspect=0
PMLE_LIVE_REPLAY_TIC|tic=2957|mle_ms=8.001|monotonic_ms=10|clock_delta_ms=1.999|
clock_suspect=0
PMLE_LIVE_REPLAY_TIC|tic=2958|mle_ms=8.862|monotonic_ms=10|clock_delta_ms=1.138|
clock_suspect=0
PMLE_LIVE_REPLAY_TIC|tic=2959|mle_ms=112.128|monotonic_ms=110|clock_delta_ms=2.1
28|clock_suspect=0
PMLE_LIVE_REPLAY_TIC|tic=2960|mle_ms=7.682|monotonic_ms=10|clock_delta_ms=2.318|
clock_suspect=0
PMLE_LIVE_REPLAY_TIC|tic=2961|mle_ms=39.762|monotonic_ms=40|clock_delta_ms=.238|
clock_suspect=0
PMLE_LIVE_REPLAY_TIC|tic=2962|mle_ms=117.832|monotonic_ms=110|clock_delta_ms=7.8
32|clock_suspect=0
PMLE_LIVE_REPLAY_TIC|tic=2963|mle_ms=26.334|monotonic_ms=30|clock_delta_ms=3.666
|clock_suspect=0
PMLE_LIVE_REPLAY_TIC|tic=2964|mle_ms=18.574|monotonic_ms=20|clock_delta_ms=1.426
|clock_suspect=0
PMLE_LIVE_REPLAY_TIC|tic=2965|mle_ms=137.924|monotonic_ms=140|clock_delta_ms=2.0
76|clock_suspect=0
PMLE_LIVE_REPLAY_TIC|tic=2966|mle_ms=27.314|monotonic_ms=20|clock_delta_ms=7.314
|clock_suspect=0
PMLE_LIVE_REPLAY_TIC|tic=2967|mle_ms=9.513|monotonic_ms=10|clock_delta_ms=.487|c
lock_suspect=0
PMLE_LIVE_REPLAY_TIC|tic=2968|mle_ms=134.266|monotonic_ms=140|clock_delta_ms=5.7
34|clock_suspect=0
PMLE_LIVE_REPLAY_TIC|tic=2969|mle_ms=11.169|monotonic_ms=10|clock_delta_ms=1.169
|clock_suspect=0
PMLE_LIVE_REPLAY_TIC|tic=2970|mle_ms=13.802|monotonic_ms=10|clock_delta_ms=3.802
|clock_suspect=0
PMLE_LIVE_REPLAY_TIC|tic=2971|mle_ms=151.407|monotonic_ms=150|clock_delta_ms=1.4
07|clock_suspect=0
PMLE_LIVE_REPLAY_TIC|tic=2972|mle_ms=9.567|monotonic_ms=10|clock_delta_ms=.433|c
lock_suspect=0
PMLE_LIVE_REPLAY_TIC|tic=2973|mle_ms=23.547|monotonic_ms=30|clock_delta_ms=6.453
|clock_suspect=0
PMLE_LIVE_REPLAY_TIC|tic=2974|mle_ms=131.558|monotonic_ms=130|clock_delta_ms=1.5
58|clock_suspect=0
PMLE_LIVE_REPLAY_TIC|tic=2975|mle_ms=9.887|monotonic_ms=10|clock_delta_ms=.113|c
lock_suspect=0
PMLE_LIVE_REPLAY_TIC|tic=2976|mle_ms=25.282|monotonic_ms=20|clock_delta_ms=5.282
|clock_suspect=0
PMLE_LIVE_REPLAY_TIC|tic=2977|mle_ms=2.621|monotonic_ms=120|clock_delta_ms=117.3
79|clock_suspect=1
PMLE_LIVE_REPLAY_TIC|tic=2978|mle_ms=7.893|monotonic_ms=10|clock_delta_ms=2.107|
clock_suspect=0
PMLE_LIVE_REPLAY_TIC|tic=2979|mle_ms=9.371|monotonic_ms=10|clock_delta_ms=.629|c
lock_suspect=0
PMLE_LIVE_REPLAY_TIC|tic=2980|mle_ms=164.939|monotonic_ms=160|clock_delta_ms=4.9
39|clock_suspect=0
PMLE_LIVE_REPLAY_TIC|tic=2981|mle_ms=37.247|monotonic_ms=40|clock_delta_ms=2.753
|clock_suspect=0
PMLE_LIVE_REPLAY_TIC|tic=2982|mle_ms=11.627|monotonic_ms=10|clock_delta_ms=1.627
|clock_suspect=0
PMLE_LIVE_REPLAY_TIC|tic=2983|mle_ms=151.049|monotonic_ms=150|clock_delta_ms=1.0
49|clock_suspect=0
PMLE_LIVE_REPLAY_TIC|tic=2984|mle_ms=19.5|monotonic_ms=20|clock_delta_ms=.5|cloc
k_suspect=0
PMLE_LIVE_REPLAY_TIC|tic=2985|mle_ms=9.633|monotonic_ms=10|clock_delta_ms=.367|c
lock_suspect=0
PMLE_LIVE_REPLAY_TIC|tic=2986|mle_ms=164.801|monotonic_ms=170|clock_delta_ms=5.1
99|clock_suspect=0
PMLE_LIVE_REPLAY_TIC|tic=2987|mle_ms=7.956|monotonic_ms=0|clock_delta_ms=7.956|c
lock_suspect=0
PMLE_LIVE_REPLAY_TIC|tic=2988|mle_ms=8.207|monotonic_ms=10|clock_delta_ms=1.793|
clock_suspect=0
PMLE_LIVE_REPLAY_TIC|tic=2989|mle_ms=129.063|monotonic_ms=130|clock_delta_ms=.93
7|clock_suspect=0
PMLE_LIVE_REPLAY_TIC|tic=2990|mle_ms=10.073|monotonic_ms=10|clock_delta_ms=.073|
clock_suspect=0
PMLE_LIVE_REPLAY_TIC|tic=2991|mle_ms=46.133|monotonic_ms=50|clock_delta_ms=3.867
|clock_suspect=0
PMLE_LIVE_REPLAY_TIC|tic=2992|mle_ms=131.845|monotonic_ms=130|clock_delta_ms=1.8
45|clock_suspect=0
PMLE_LIVE_REPLAY_TIC|tic=2993|mle_ms=24.818|monotonic_ms=30|clock_delta_ms=5.182
|clock_suspect=0
PMLE_LIVE_REPLAY_TIC|tic=2994|mle_ms=21.892|monotonic_ms=20|clock_delta_ms=1.892
|clock_suspect=0
PMLE_LIVE_REPLAY_TIC|tic=2995|mle_ms=130.076|monotonic_ms=130|clock_delta_ms=.07
6|clock_suspect=0
PMLE_LIVE_REPLAY_TIC|tic=2996|mle_ms=23.084|monotonic_ms=20|clock_delta_ms=3.084
|clock_suspect=0
PMLE_LIVE_REPLAY_TIC|tic=2997|mle_ms=9.927|monotonic_ms=10|clock_delta_ms=.073|c
lock_suspect=0
PMLE_LIVE_REPLAY_TIC|tic=2998|mle_ms=183.668|monotonic_ms=180|clock_delta_ms=3.6
68|clock_suspect=0
PMLE_LIVE_REPLAY_TIC|tic=2999|mle_ms=13.527|monotonic_ms=20|clock_delta_ms=6.473
|clock_suspect=0
PMLE_LIVE_REPLAY_TIC|tic=3000|mle_ms=11.169|monotonic_ms=10|clock_delta_ms=1.169
|clock_suspect=0
PMLE_LIVE_REPLAY_TIC|tic=3001|mle_ms=164.029|monotonic_ms=170|clock_delta_ms=5.9
71|clock_suspect=0
PMLE_LIVE_REPLAY_TIC|tic=3002|mle_ms=10.762|monotonic_ms=10|clock_delta_ms=.762|
clock_suspect=0
PMLE_LIVE_REPLAY_TIC|tic=3003|mle_ms=25.542|monotonic_ms=20|clock_delta_ms=5.542
|clock_suspect=0
PMLE_LIVE_REPLAY_TIC|tic=3004|mle_ms=135.212|monotonic_ms=140|clock_delta_ms=4.7
88|clock_suspect=0
PMLE_LIVE_REPLAY_TIC|tic=3005|mle_ms=8.846|monotonic_ms=10|clock_delta_ms=1.154|
clock_suspect=0
PMLE_LIVE_REPLAY_TIC|tic=3006|mle_ms=22.51|monotonic_ms=20|clock_delta_ms=2.51|c
lock_suspect=0
PMLE_LIVE_REPLAY_TIC|tic=3007|mle_ms=135.958|monotonic_ms=140|clock_delta_ms=4.0
42|clock_suspect=0
PMLE_LIVE_REPLAY_TIC|tic=3008|mle_ms=9.619|monotonic_ms=0|clock_delta_ms=9.619|c
lock_suspect=0
PMLE_LIVE_REPLAY_TIC|tic=3009|mle_ms=11.904|monotonic_ms=20|clock_delta_ms=8.096
|clock_suspect=0
PMLE_LIVE_REPLAY_TIC|tic=3010|mle_ms=144.994|monotonic_ms=140|clock_delta_ms=4.9
94|clock_suspect=0
PMLE_LIVE_REPLAY_TIC|tic=3011|mle_ms=39.316|monotonic_ms=40|clock_delta_ms=.684|
clock_suspect=0
PMLE_LIVE_REPLAY_TIC|tic=3012|mle_ms=12.057|monotonic_ms=10|clock_delta_ms=2.057
|clock_suspect=0
PMLE_LIVE_REPLAY_TIC|tic=3013|mle_ms=172.21|monotonic_ms=180|clock_delta_ms=7.79
|clock_suspect=0
PMLE_LIVE_REPLAY_TIC|tic=3014|mle_ms=25.223|monotonic_ms=20|clock_delta_ms=5.223
|clock_suspect=0
PMLE_LIVE_REPLAY_TIC|tic=3015|mle_ms=11.897|monotonic_ms=10|clock_delta_ms=1.897
|clock_suspect=0
PMLE_LIVE_REPLAY_TIC|tic=3016|mle_ms=183.3|monotonic_ms=190|clock_delta_ms=6.7|c
lock_suspect=0
PMLE_LIVE_REPLAY_TIC|tic=3017|mle_ms=9.496|monotonic_ms=10|clock_delta_ms=.504|c
lock_suspect=0
PMLE_LIVE_REPLAY_TIC|tic=3018|mle_ms=10.582|monotonic_ms=10|clock_delta_ms=.582|
clock_suspect=0
PMLE_LIVE_REPLAY_TIC|tic=3019|mle_ms=115.235|monotonic_ms=110|clock_delta_ms=5.2
35|clock_suspect=0
PMLE_LIVE_REPLAY_TIC|tic=3020|mle_ms=8.446|monotonic_ms=10|clock_delta_ms=1.554|
clock_suspect=0
PMLE_LIVE_REPLAY_TIC|tic=3021|mle_ms=38.309|monotonic_ms=40|clock_delta_ms=1.691
|clock_suspect=0
PMLE_LIVE_REPLAY_TIC|tic=3022|mle_ms=113.111|monotonic_ms=110|clock_delta_ms=3.1
11|clock_suspect=0
PMLE_LIVE_REPLAY_TIC|tic=3023|mle_ms=26.828|monotonic_ms=30|clock_delta_ms=3.172
|clock_suspect=0
PMLE_LIVE_REPLAY_TIC|tic=3024|mle_ms=23.952|monotonic_ms=20|clock_delta_ms=3.952
|clock_suspect=0
PMLE_LIVE_REPLAY_TIC|tic=3025|mle_ms=130.111|monotonic_ms=130|clock_delta_ms=.11
1|clock_suspect=0
PMLE_LIVE_REPLAY_TIC|tic=3026|mle_ms=22.286|monotonic_ms=30|clock_delta_ms=7.714
|clock_suspect=0
PMLE_LIVE_REPLAY_TIC|tic=3027|mle_ms=8.341|monotonic_ms=0|clock_delta_ms=8.341|c
lock_suspect=0
PMLE_LIVE_REPLAY_TIC|tic=3028|mle_ms=149.934|monotonic_ms=150|clock_delta_ms=.06
6|clock_suspect=0
PMLE_LIVE_REPLAY_TIC|tic=3029|mle_ms=11.513|monotonic_ms=20|clock_delta_ms=8.487
|clock_suspect=0
PMLE_LIVE_REPLAY_TIC|tic=3030|mle_ms=10.649|monotonic_ms=10|clock_delta_ms=.649|
clock_suspect=0
PMLE_LIVE_REPLAY_TIC|tic=3031|mle_ms=172.462|monotonic_ms=170|clock_delta_ms=2.4
62|clock_suspect=0
PMLE_LIVE_REPLAY_TIC|tic=3032|mle_ms=11.73|monotonic_ms=10|clock_delta_ms=1.73|c
lock_suspect=0
PMLE_LIVE_REPLAY_TIC|tic=3033|mle_ms=25.404|monotonic_ms=30|clock_delta_ms=4.596
|clock_suspect=0
PMLE_LIVE_REPLAY_TIC|tic=3034|mle_ms=134.122|monotonic_ms=130|clock_delta_ms=4.1
22|clock_suspect=0
PMLE_LIVE_REPLAY_TIC|tic=3035|mle_ms=8.495|monotonic_ms=10|clock_delta_ms=1.505|
clock_suspect=0
PMLE_LIVE_REPLAY_TIC|tic=3036|mle_ms=22.534|monotonic_ms=20|clock_delta_ms=2.534
|clock_suspect=0
PMLE_LIVE_REPLAY_TIC|tic=3037|mle_ms=116.26|monotonic_ms=120|clock_delta_ms=3.74
|clock_suspect=0
PMLE_LIVE_REPLAY_TIC|tic=3038|mle_ms=8.342|monotonic_ms=10|clock_delta_ms=1.658|
clock_suspect=0
PMLE_LIVE_REPLAY_TIC|tic=3039|mle_ms=9.432|monotonic_ms=10|clock_delta_ms=.568|c
lock_suspect=0
PMLE_LIVE_REPLAY_TIC|tic=3040|mle_ms=114.688|monotonic_ms=110|clock_delta_ms=4.6
88|clock_suspect=0
PMLE_LIVE_REPLAY_TIC|tic=3041|mle_ms=44.362|monotonic_ms=50|clock_delta_ms=5.638
|clock_suspect=0
PMLE_LIVE_REPLAY_TIC|tic=3042|mle_ms=12.601|monotonic_ms=10|clock_delta_ms=2.601
|clock_suspect=0
PMLE_LIVE_REPLAY_TIC|tic=3043|mle_ms=142.531|monotonic_ms=140|clock_delta_ms=2.5
31|clock_suspect=0
PMLE_LIVE_REPLAY_TIC|tic=3044|mle_ms=18.163|monotonic_ms=20|clock_delta_ms=1.837
|clock_suspect=0
PMLE_LIVE_REPLAY_TIC|tic=3045|mle_ms=8.787|monotonic_ms=10|clock_delta_ms=1.213|
clock_suspect=0
PMLE_LIVE_REPLAY_TIC|tic=3046|mle_ms=144.071|monotonic_ms=140|clock_delta_ms=4.0
71|clock_suspect=0
PMLE_LIVE_REPLAY_TIC|tic=3047|mle_ms=9.305|monotonic_ms=10|clock_delta_ms=.695|c
lock_suspect=0
PMLE_LIVE_REPLAY_TIC|tic=3048|mle_ms=9.65|monotonic_ms=10|clock_delta_ms=.35|clo
ck_suspect=0
PMLE_LIVE_REPLAY_TIC|tic=3049|mle_ms=125.652|monotonic_ms=130|clock_delta_ms=4.3
48|clock_suspect=0
PMLE_LIVE_REPLAY_TIC|tic=3050|mle_ms=8.951|monotonic_ms=10|clock_delta_ms=1.049|
clock_suspect=0
PMLE_LIVE_REPLAY_TIC|tic=3051|mle_ms=50.437|monotonic_ms=50|clock_delta_ms=.437|
clock_suspect=0
PMLE_LIVE_REPLAY_TIC|tic=3052|mle_ms=142.082|monotonic_ms=140|clock_delta_ms=2.0
82|clock_suspect=0
PMLE_LIVE_REPLAY_TIC|tic=3053|mle_ms=28.559|monotonic_ms=30|clock_delta_ms=1.441
|clock_suspect=0
PMLE_LIVE_REPLAY_TIC|tic=3054|mle_ms=25.74|monotonic_ms=20|clock_delta_ms=5.74|c
lock_suspect=0
PMLE_LIVE_REPLAY_TIC|tic=3055|mle_ms=144.267|monotonic_ms=150|clock_delta_ms=5.7
33|clock_suspect=0
PMLE_LIVE_REPLAY_TIC|tic=3056|mle_ms=26.848|monotonic_ms=20|clock_delta_ms=6.848
|clock_suspect=0
PMLE_LIVE_REPLAY_TIC|tic=3057|mle_ms=8.635|monotonic_ms=10|clock_delta_ms=1.365|
clock_suspect=0
PMLE_LIVE_REPLAY_TIC|tic=3058|mle_ms=161.603|monotonic_ms=160|clock_delta_ms=1.6
03|clock_suspect=0
PMLE_LIVE_REPLAY_TIC|tic=3059|mle_ms=12.12|monotonic_ms=20|clock_delta_ms=7.88|c
lock_suspect=0
PMLE_LIVE_REPLAY_TIC|tic=3060|mle_ms=10.317|monotonic_ms=10|clock_delta_ms=.317|
clock_suspect=0
PMLE_LIVE_REPLAY_TIC|tic=3061|mle_ms=179.43|monotonic_ms=180|clock_delta_ms=.57|
clock_suspect=0
PMLE_LIVE_REPLAY_TIC|tic=3062|mle_ms=9.724|monotonic_ms=10|clock_delta_ms=.276|c
lock_suspect=0
PMLE_LIVE_REPLAY_TIC|tic=3063|mle_ms=28.551|monotonic_ms=20|clock_delta_ms=8.551
|clock_suspect=0
PMLE_LIVE_REPLAY_TIC|tic=3064|mle_ms=153.101|monotonic_ms=160|clock_delta_ms=6.8
99|clock_suspect=0
PMLE_LIVE_REPLAY_TIC|tic=3065|mle_ms=13.065|monotonic_ms=10|clock_delta_ms=3.065
|clock_suspect=0
PMLE_LIVE_REPLAY_TIC|tic=3066|mle_ms=32.3|monotonic_ms=30|clock_delta_ms=2.3|clo
ck_suspect=0
PMLE_LIVE_REPLAY_TIC|tic=3067|mle_ms=160.856|monotonic_ms=160|clock_delta_ms=.85
6|clock_suspect=0
PMLE_LIVE_REPLAY_TIC|tic=3068|mle_ms=16.309|monotonic_ms=20|clock_delta_ms=3.691
|clock_suspect=0
PMLE_LIVE_REPLAY_TIC|tic=3069|mle_ms=16.903|monotonic_ms=20|clock_delta_ms=3.097
|clock_suspect=0
PMLE_LIVE_REPLAY_TIC|tic=3070|mle_ms=129.176|monotonic_ms=130|clock_delta_ms=.82
4|clock_suspect=0
PMLE_LIVE_REPLAY_TIC|tic=3071|mle_ms=41.777|monotonic_ms=40|clock_delta_ms=1.777
|clock_suspect=0
PMLE_LIVE_REPLAY_TIC|tic=3072|mle_ms=13.78|monotonic_ms=10|clock_delta_ms=3.78|c
lock_suspect=0
PMLE_LIVE_REPLAY_TIC|tic=3073|mle_ms=180.143|monotonic_ms=180|clock_delta_ms=.14
3|clock_suspect=0
PMLE_LIVE_REPLAY_TIC|tic=3074|mle_ms=22.778|monotonic_ms=30|clock_delta_ms=7.222
|clock_suspect=0
PMLE_LIVE_REPLAY_TIC|tic=3075|mle_ms=13.439|monotonic_ms=10|clock_delta_ms=3.439
|clock_suspect=0
PMLE_LIVE_REPLAY_TIC|tic=3076|mle_ms=142.379|monotonic_ms=140|clock_delta_ms=2.3
79|clock_suspect=0
PMLE_LIVE_REPLAY_TIC|tic=3077|mle_ms=11.51|monotonic_ms=10|clock_delta_ms=1.51|c
lock_suspect=0
PMLE_LIVE_REPLAY_TIC|tic=3078|mle_ms=12.559|monotonic_ms=20|clock_delta_ms=7.441
|clock_suspect=0
PMLE_LIVE_REPLAY_TIC|tic=3079|mle_ms=120.241|monotonic_ms=120|clock_delta_ms=.24
1|clock_suspect=0
PMLE_LIVE_REPLAY_TIC|tic=3080|mle_ms=12.721|monotonic_ms=10|clock_delta_ms=2.721
|clock_suspect=0
PMLE_LIVE_REPLAY_TIC|tic=3081|mle_ms=44.492|monotonic_ms=40|clock_delta_ms=4.492
|clock_suspect=0
PMLE_LIVE_REPLAY_TIC|tic=3082|mle_ms=122.915|monotonic_ms=130|clock_delta_ms=7.0
85|clock_suspect=0
PMLE_LIVE_REPLAY_TIC|tic=3083|mle_ms=30.964|monotonic_ms=30|clock_delta_ms=.964|
clock_suspect=0
PMLE_LIVE_REPLAY_TIC|tic=3084|mle_ms=26.679|monotonic_ms=20|clock_delta_ms=6.679
|clock_suspect=0
PMLE_LIVE_REPLAY_TIC|tic=3085|mle_ms=108.582|monotonic_ms=110|clock_delta_ms=1.4
18|clock_suspect=0
PMLE_LIVE_REPLAY_TIC|tic=3086|mle_ms=24.485|monotonic_ms=30|clock_delta_ms=5.515
|clock_suspect=0
PMLE_LIVE_REPLAY_TIC|tic=3087|mle_ms=12.014|monotonic_ms=10|clock_delta_ms=2.014
|clock_suspect=0
PMLE_LIVE_REPLAY_TIC|tic=3088|mle_ms=105.51|monotonic_ms=110|clock_delta_ms=4.49
|clock_suspect=0
PMLE_LIVE_REPLAY_TIC|tic=3089|mle_ms=15.507|monotonic_ms=10|clock_delta_ms=5.507
|clock_suspect=0
PMLE_LIVE_REPLAY_TIC|tic=3090|mle_ms=14.615|monotonic_ms=20|clock_delta_ms=5.385
|clock_suspect=0
PMLE_LIVE_REPLAY_TIC|tic=3091|mle_ms=136.896|monotonic_ms=130|clock_delta_ms=6.8
96|clock_suspect=0
PMLE_LIVE_REPLAY_TIC|tic=3092|mle_ms=14.748|monotonic_ms=20|clock_delta_ms=5.252
|clock_suspect=0
PMLE_LIVE_REPLAY_TIC|tic=3093|mle_ms=28.113|monotonic_ms=30|clock_delta_ms=1.887
|clock_suspect=0
PMLE_LIVE_REPLAY_TIC|tic=3094|mle_ms=113.583|monotonic_ms=110|clock_delta_ms=3.5
83|clock_suspect=0
PMLE_LIVE_REPLAY_TIC|tic=3095|mle_ms=11.436|monotonic_ms=10|clock_delta_ms=1.436
|clock_suspect=0
PMLE_LIVE_REPLAY_TIC|tic=3096|mle_ms=25.396|monotonic_ms=30|clock_delta_ms=4.604
|clock_suspect=0
PMLE_LIVE_REPLAY_TIC|tic=3097|mle_ms=66.089|monotonic_ms=60|clock_delta_ms=6.089
|clock_suspect=0
PMLE_LIVE_REPLAY_TIC|tic=3098|mle_ms=12.26|monotonic_ms=20|clock_delta_ms=7.74|c
lock_suspect=0
PMLE_LIVE_REPLAY_TIC|tic=3099|mle_ms=14.356|monotonic_ms=10|clock_delta_ms=4.356
|clock_suspect=0
PMLE_LIVE_REPLAY_TIC|tic=3100|mle_ms=68.004|monotonic_ms=70|clock_delta_ms=1.996
|clock_suspect=0
PMLE_LIVE_REPLAY_TIC|tic=3101|mle_ms=42.949|monotonic_ms=40|clock_delta_ms=2.949
|clock_suspect=0
PMLE_LIVE_REPLAY_TIC|tic=3102|mle_ms=11.276|monotonic_ms=10|clock_delta_ms=1.276
|clock_suspect=0
PMLE_LIVE_REPLAY_TIC|tic=3103|mle_ms=98.347|monotonic_ms=100|clock_delta_ms=1.65
3|clock_suspect=0
PMLE_LIVE_REPLAY_TIC|tic=3104|mle_ms=21.917|monotonic_ms=20|clock_delta_ms=1.917
|clock_suspect=0
PMLE_LIVE_REPLAY_TIC|tic=3105|mle_ms=11.069|monotonic_ms=10|clock_delta_ms=1.069
|clock_suspect=0
PMLE_LIVE_REPLAY_TIC|tic=3106|mle_ms=55.354|monotonic_ms=60|clock_delta_ms=4.646
|clock_suspect=0
PMLE_LIVE_REPLAY_TIC|tic=3107|mle_ms=9.779|monotonic_ms=10|clock_delta_ms=.221|c
lock_suspect=0
PMLE_LIVE_REPLAY_TIC|tic=3108|mle_ms=10.786|monotonic_ms=10|clock_delta_ms=.786|
clock_suspect=0
PMLE_LIVE_REPLAY_TIC|tic=3109|mle_ms=43.946|monotonic_ms=40|clock_delta_ms=3.946
|clock_suspect=0
PMLE_LIVE_REPLAY_TIC|tic=3110|mle_ms=13.224|monotonic_ms=20|clock_delta_ms=6.776
|clock_suspect=0
PMLE_LIVE_REPLAY_TIC|tic=3111|mle_ms=51.796|monotonic_ms=50|clock_delta_ms=1.796
|clock_suspect=0
PMLE_LIVE_REPLAY_TIC|tic=3112|mle_ms=87.854|monotonic_ms=90|clock_delta_ms=2.146
|clock_suspect=0
PMLE_LIVE_REPLAY_TIC|tic=3113|mle_ms=56.599|monotonic_ms=50|clock_delta_ms=6.599
|clock_suspect=0
PMLE_LIVE_REPLAY_TIC|tic=3114|mle_ms=23.358|monotonic_ms=30|clock_delta_ms=6.642
|clock_suspect=0
PMLE_LIVE_REPLAY_TIC|tic=3115|mle_ms=44.065|monotonic_ms=40|clock_delta_ms=4.065
|clock_suspect=0
PMLE_LIVE_REPLAY_TIC|tic=3116|mle_ms=49.715|monotonic_ms=50|clock_delta_ms=.285|
clock_suspect=0
PMLE_LIVE_REPLAY_TIC|tic=3117|mle_ms=12.978|monotonic_ms=20|clock_delta_ms=7.022
|clock_suspect=0
PMLE_LIVE_REPLAY_TIC|tic=3118|mle_ms=42.408|monotonic_ms=40|clock_delta_ms=2.408
|clock_suspect=0
PMLE_LIVE_REPLAY_TIC|tic=3119|mle_ms=20.829|monotonic_ms=20|clock_delta_ms=.829|
clock_suspect=0
PMLE_LIVE_REPLAY_TIC|tic=3120|mle_ms=16.688|monotonic_ms=20|clock_delta_ms=3.312
|clock_suspect=0
PMLE_LIVE_REPLAY_TIC|tic=3121|mle_ms=72.164|monotonic_ms=70|clock_delta_ms=2.164
|clock_suspect=0
PMLE_LIVE_REPLAY_TIC|tic=3122|mle_ms=15.906|monotonic_ms=10|clock_delta_ms=5.906
|clock_suspect=0
PMLE_LIVE_REPLAY_TIC|tic=3123|mle_ms=74.901|monotonic_ms=80|clock_delta_ms=5.099
|clock_suspect=0
PMLE_LIVE_REPLAY_TIC|tic=3124|mle_ms=45.919|monotonic_ms=40|clock_delta_ms=5.919
|clock_suspect=0
PMLE_LIVE_REPLAY_TIC|tic=3125|mle_ms=21.303|monotonic_ms=30|clock_delta_ms=8.697
|clock_suspect=0
PMLE_LIVE_REPLAY_TIC|tic=3126|mle_ms=43.337|monotonic_ms=40|clock_delta_ms=3.337
|clock_suspect=0
PMLE_LIVE_REPLAY_TIC|tic=3127|mle_ms=24.314|monotonic_ms=20|clock_delta_ms=4.314
|clock_suspect=0
PMLE_LIVE_REPLAY_TIC|tic=3128|mle_ms=59.148|monotonic_ms=60|clock_delta_ms=.852|
clock_suspect=0
PMLE_LIVE_REPLAY_TIC|tic=3129|mle_ms=17.6|monotonic_ms=20|clock_delta_ms=2.4|clo
ck_suspect=0
PMLE_LIVE_REPLAY_TIC|tic=3130|mle_ms=48.825|monotonic_ms=50|clock_delta_ms=1.175
|clock_suspect=0
PMLE_LIVE_REPLAY_TIC|tic=3131|mle_ms=80.522|monotonic_ms=80|clock_delta_ms=.522|
clock_suspect=0
PMLE_LIVE_REPLAY_TIC|tic=3132|mle_ms=14.523|monotonic_ms=10|clock_delta_ms=4.523
|clock_suspect=0
PMLE_LIVE_REPLAY_TIC|tic=3133|mle_ms=85.165|monotonic_ms=90|clock_delta_ms=4.835
|clock_suspect=0
PMLE_LIVE_REPLAY_TIC|tic=3134|mle_ms=48.379|monotonic_ms=50|clock_delta_ms=1.621
|clock_suspect=0
PMLE_LIVE_REPLAY_TIC|tic=3135|mle_ms=14.52|monotonic_ms=10|clock_delta_ms=4.52|c
lock_suspect=0
PMLE_LIVE_REPLAY_TIC|tic=3136|mle_ms=66.681|monotonic_ms=70|clock_delta_ms=3.319
|clock_suspect=0
PMLE_LIVE_REPLAY_TIC|tic=3137|mle_ms=65.577|monotonic_ms=70|clock_delta_ms=4.423
|clock_suspect=0
PMLE_LIVE_REPLAY_TIC|tic=3138|mle_ms=14.223|monotonic_ms=10|clock_delta_ms=4.223
|clock_suspect=0
PMLE_LIVE_REPLAY_TIC|tic=3139|mle_ms=45.685|monotonic_ms=50|clock_delta_ms=4.315
|clock_suspect=0
PMLE_LIVE_REPLAY_TIC|tic=3140|mle_ms=50.018|monotonic_ms=50|clock_delta_ms=.018|
clock_suspect=0
PMLE_LIVE_REPLAY_TIC|tic=3141|mle_ms=53.734|monotonic_ms=50|clock_delta_ms=3.734
|clock_suspect=0
PMLE_LIVE_REPLAY_TIC|tic=3142|mle_ms=50.103|monotonic_ms=50|clock_delta_ms=.103|
clock_suspect=0
PMLE_LIVE_REPLAY_TIC|tic=3143|mle_ms=88.946|monotonic_ms=90|clock_delta_ms=1.054
|clock_suspect=0
PMLE_LIVE_REPLAY_TIC|tic=3144|mle_ms=25.684|monotonic_ms=20|clock_delta_ms=5.684
|clock_suspect=0
PMLE_LIVE_REPLAY_TIC|tic=3145|mle_ms=72.9|monotonic_ms=80|clock_delta_ms=7.1|clo
ck_suspect=0
PMLE_LIVE_REPLAY_TIC|tic=3146|mle_ms=81.788|monotonic_ms=80|clock_delta_ms=1.788
|clock_suspect=0
PMLE_LIVE_REPLAY_TIC|tic=3147|mle_ms=13.217|monotonic_ms=10|clock_delta_ms=3.217
|clock_suspect=0
PMLE_LIVE_REPLAY_TIC|tic=3148|mle_ms=43.521|monotonic_ms=50|clock_delta_ms=6.479
|clock_suspect=0
PMLE_LIVE_REPLAY_TIC|tic=3149|mle_ms=47.967|monotonic_ms=40|clock_delta_ms=7.967
|clock_suspect=0
PMLE_LIVE_REPLAY_TIC|tic=3150|mle_ms=15.797|monotonic_ms=20|clock_delta_ms=4.203
|clock_suspect=0
PMLE_LIVE_REPLAY_TIC|tic=3151|mle_ms=88.298|monotonic_ms=90|clock_delta_ms=1.702
|clock_suspect=0
PMLE_LIVE_REPLAY_TIC|tic=3152|mle_ms=53.005|monotonic_ms=50|clock_delta_ms=3.005
|clock_suspect=0
PMLE_LIVE_REPLAY_TIC|tic=3153|mle_ms=32.926|monotonic_ms=30|clock_delta_ms=2.926
|clock_suspect=0
PMLE_LIVE_REPLAY_TIC|tic=3154|mle_ms=50.996|monotonic_ms=60|clock_delta_ms=9.004
|clock_suspect=0
PMLE_LIVE_REPLAY_TIC|tic=3155|mle_ms=57.851|monotonic_ms=50|clock_delta_ms=7.851
|clock_suspect=0
PMLE_LIVE_REPLAY_TIC|tic=3156|mle_ms=40.892|monotonic_ms=40|clock_delta_ms=.892|
clock_suspect=0
PMLE_LIVE_REPLAY_TIC|tic=3157|mle_ms=37.846|monotonic_ms=40|clock_delta_ms=2.154
|clock_suspect=0
PMLE_LIVE_REPLAY_TIC|tic=3158|mle_ms=33.25|monotonic_ms=40|clock_delta_ms=6.75|c
lock_suspect=0
PMLE_LIVE_REPLAY_TIC|tic=3159|mle_ms=14.873|monotonic_ms=10|clock_delta_ms=4.873
|clock_suspect=0
PMLE_LIVE_REPLAY_TIC|tic=3160|mle_ms=39.647|monotonic_ms=40|clock_delta_ms=.353|
clock_suspect=0
PMLE_LIVE_REPLAY_TIC|tic=3161|mle_ms=80.506|monotonic_ms=80|clock_delta_ms=.506|
clock_suspect=0
PMLE_LIVE_REPLAY_TIC|tic=3162|mle_ms=21.67|monotonic_ms=20|clock_delta_ms=1.67|c
lock_suspect=0
PMLE_LIVE_REPLAY_TIC|tic=3163|mle_ms=63.637|monotonic_ms=70|clock_delta_ms=6.363
|clock_suspect=0
PMLE_LIVE_REPLAY_TIC|tic=3164|mle_ms=45.733|monotonic_ms=40|clock_delta_ms=5.733
|clock_suspect=0
PMLE_LIVE_REPLAY_TIC|tic=3165|mle_ms=16.408|monotonic_ms=20|clock_delta_ms=3.592
|clock_suspect=0
PMLE_LIVE_REPLAY_TIC|tic=3166|mle_ms=-46.364|monotonic_ms=60|clock_delta_ms=106.
364|clock_suspect=1
PMLE_LIVE_REPLAY_TIC|tic=3167|mle_ms=39.848|monotonic_ms=40|clock_delta_ms=.152|
clock_suspect=0
PMLE_LIVE_REPLAY_TIC|tic=3168|mle_ms=17.333|monotonic_ms=20|clock_delta_ms=2.667
|clock_suspect=0
PMLE_LIVE_REPLAY_TIC|tic=3169|mle_ms=46.529|monotonic_ms=50|clock_delta_ms=3.471
|clock_suspect=0
PMLE_LIVE_REPLAY_TIC|tic=3170|mle_ms=37.137|monotonic_ms=30|clock_delta_ms=7.137
|clock_suspect=0
PMLE_LIVE_REPLAY_TIC|tic=3171|mle_ms=48.791|monotonic_ms=50|clock_delta_ms=1.209
|clock_suspect=0
PMLE_LIVE_REPLAY_TIC|tic=3172|mle_ms=44.224|monotonic_ms=50|clock_delta_ms=5.776
|clock_suspect=0
PMLE_LIVE_REPLAY_TIC|tic=3173|mle_ms=66.492|monotonic_ms=60|clock_delta_ms=6.492
|clock_suspect=0
PMLE_LIVE_REPLAY_TIC|tic=3174|mle_ms=31.436|monotonic_ms=40|clock_delta_ms=8.564
|clock_suspect=0
PMLE_LIVE_REPLAY_TIC|tic=3175|mle_ms=69.816|monotonic_ms=70|clock_delta_ms=.184|
clock_suspect=0
PMLE_LIVE_REPLAY_TIC|tic=3176|mle_ms=58.798|monotonic_ms=50|clock_delta_ms=8.798
|clock_suspect=0
PMLE_LIVE_REPLAY_TIC|tic=3177|mle_ms=14.012|monotonic_ms=20|clock_delta_ms=5.988
|clock_suspect=0
PMLE_LIVE_REPLAY_TIC|tic=3178|mle_ms=52.371|monotonic_ms=50|clock_delta_ms=2.371
|clock_suspect=0
PMLE_LIVE_REPLAY_TIC|tic=3179|mle_ms=38.69|monotonic_ms=40|clock_delta_ms=1.31|c
lock_suspect=0
PMLE_LIVE_REPLAY_TIC|tic=3180|mle_ms=19.381|monotonic_ms=20|clock_delta_ms=.619|
clock_suspect=0
PMLE_LIVE_REPLAY_TIC|tic=3181|mle_ms=86.413|monotonic_ms=90|clock_delta_ms=3.587
|clock_suspect=0
PMLE_LIVE_REPLAY_TIC|tic=3182|mle_ms=39.158|monotonic_ms=40|clock_delta_ms=.842|
clock_suspect=0
PMLE_LIVE_REPLAY_TIC|tic=3183|mle_ms=34.526|monotonic_ms=30|clock_delta_ms=4.526
|clock_suspect=0
PMLE_LIVE_REPLAY_TIC|tic=3184|mle_ms=69.694|monotonic_ms=70|clock_delta_ms=.306|
clock_suspect=0
PMLE_LIVE_REPLAY_TIC|tic=3185|mle_ms=61.418|monotonic_ms=60|clock_delta_ms=1.418
|clock_suspect=0
PMLE_LIVE_REPLAY_TIC|tic=3186|mle_ms=45.495|monotonic_ms=50|clock_delta_ms=4.505
|clock_suspect=0
PMLE_LIVE_REPLAY_TIC|tic=3187|mle_ms=57.787|monotonic_ms=60|clock_delta_ms=2.213
|clock_suspect=0
PMLE_LIVE_REPLAY_TIC|tic=3188|mle_ms=52.528|monotonic_ms=50|clock_delta_ms=2.528
|clock_suspect=0
PMLE_LIVE_REPLAY_TIC|tic=3189|mle_ms=24.246|monotonic_ms=20|clock_delta_ms=4.246
|clock_suspect=0
PMLE_LIVE_REPLAY_TIC|tic=3190|mle_ms=62.586|monotonic_ms=60|clock_delta_ms=2.586
|clock_suspect=0
PMLE_LIVE_REPLAY_TIC|tic=3191|mle_ms=97.663|monotonic_ms=100|clock_delta_ms=2.33
7|clock_suspect=0
PMLE_LIVE_REPLAY_TIC|tic=3192|mle_ms=25.699|monotonic_ms=30|clock_delta_ms=4.301
|clock_suspect=0
PMLE_LIVE_REPLAY_TIC|tic=3193|mle_ms=87.817|monotonic_ms=90|clock_delta_ms=2.183
|clock_suspect=0
PMLE_LIVE_REPLAY_TIC|tic=3194|mle_ms=133.931|monotonic_ms=130|clock_delta_ms=3.9
31|clock_suspect=0
PMLE_LIVE_REPLAY_TIC|tic=3195|mle_ms=38.886|monotonic_ms=40|clock_delta_ms=1.114
|clock_suspect=0
PMLE_LIVE_REPLAY_TIC|tic=3196|mle_ms=91.052|monotonic_ms=90|clock_delta_ms=1.052
|clock_suspect=0
PMLE_LIVE_REPLAY_TIC|tic=3197|mle_ms=78.768|monotonic_ms=80|clock_delta_ms=1.232
|clock_suspect=0
PMLE_LIVE_REPLAY_TIC|tic=3198|mle_ms=40.32|monotonic_ms=40|clock_delta_ms=.32|cl
ock_suspect=0
PMLE_LIVE_REPLAY_TIC|tic=3199|mle_ms=96.73|monotonic_ms=100|clock_delta_ms=3.27|
clock_suspect=0
PMLE_LIVE_REPLAY_TIC|tic=3200|mle_ms=75.549|monotonic_ms=70|clock_delta_ms=5.549
|clock_suspect=0
PMLE_LIVE_REPLAY_TIC|tic=3201|mle_ms=72.38|monotonic_ms=70|clock_delta_ms=2.38|c
lock_suspect=0
PMLE_LIVE_REPLAY_TIC|tic=3202|mle_ms=72.887|monotonic_ms=80|clock_delta_ms=7.113
|clock_suspect=0
PMLE_LIVE_REPLAY_TIC|tic=3203|mle_ms=88.286|monotonic_ms=80|clock_delta_ms=8.286
|clock_suspect=0
PMLE_LIVE_REPLAY_TIC|tic=3204|mle_ms=50.08|monotonic_ms=50|clock_delta_ms=.08|cl
ock_suspect=0
PMLE_LIVE_REPLAY_TIC|tic=3205|mle_ms=74.46|monotonic_ms=80|clock_delta_ms=5.54|c
lock_suspect=0
PMLE_LIVE_REPLAY_TIC|tic=3206|mle_ms=108.813|monotonic_ms=110|clock_delta_ms=1.1
87|clock_suspect=0
PMLE_LIVE_REPLAY_TIC|tic=3207|mle_ms=32.745|monotonic_ms=30|clock_delta_ms=2.745
|clock_suspect=0
PMLE_LIVE_REPLAY_TIC|tic=3208|mle_ms=69.905|monotonic_ms=70|clock_delta_ms=.095|
clock_suspect=0
PMLE_LIVE_REPLAY_TIC|tic=3209|mle_ms=65.953|monotonic_ms=70|clock_delta_ms=4.047
|clock_suspect=0
PMLE_LIVE_REPLAY_TIC|tic=3210|mle_ms=37.204|monotonic_ms=30|clock_delta_ms=7.204
|clock_suspect=0
PMLE_LIVE_REPLAY_TIC|tic=3211|mle_ms=110.031|monotonic_ms=110|clock_delta_ms=.03
1|clock_suspect=0
PMLE_LIVE_REPLAY_TIC|tic=3212|mle_ms=66.472|monotonic_ms=70|clock_delta_ms=3.528
|clock_suspect=0
PMLE_LIVE_REPLAY_TIC|tic=3213|mle_ms=38.931|monotonic_ms=40|clock_delta_ms=1.069
|clock_suspect=0
PMLE_LIVE_REPLAY_TIC|tic=3214|mle_ms=84.353|monotonic_ms=80|clock_delta_ms=4.353
|clock_suspect=0
PMLE_LIVE_REPLAY_TIC|tic=3215|mle_ms=59.58|monotonic_ms=60|clock_delta_ms=.42|cl
ock_suspect=0
PMLE_LIVE_REPLAY_TIC|tic=3216|mle_ms=41.634|monotonic_ms=50|clock_delta_ms=8.366
|clock_suspect=0
PMLE_LIVE_REPLAY_TIC|tic=3217|mle_ms=79.829|monotonic_ms=80|clock_delta_ms=.171|
clock_suspect=0
PMLE_LIVE_REPLAY_TIC|tic=3218|mle_ms=60.413|monotonic_ms=60|clock_delta_ms=.413|
clock_suspect=0
PMLE_LIVE_REPLAY_TIC|tic=3219|mle_ms=55.665|monotonic_ms=50|clock_delta_ms=5.665
|clock_suspect=0
PMLE_LIVE_REPLAY_TIC|tic=3220|mle_ms=85.996|monotonic_ms=90|clock_delta_ms=4.004
|clock_suspect=0
PMLE_LIVE_REPLAY_TIC|tic=3221|mle_ms=117.869|monotonic_ms=120|clock_delta_ms=2.1
31|clock_suspect=0
PMLE_LIVE_REPLAY_TIC|tic=3222|mle_ms=35.444|monotonic_ms=30|clock_delta_ms=5.444
|clock_suspect=0
PMLE_LIVE_REPLAY_TIC|tic=3223|mle_ms=96.989|monotonic_ms=100|clock_delta_ms=3.01
1|clock_suspect=0
PMLE_LIVE_REPLAY_TIC|tic=3224|mle_ms=102.616|monotonic_ms=100|clock_delta_ms=2.6
16|clock_suspect=0
PMLE_LIVE_REPLAY_TIC|tic=3225|mle_ms=32.56|monotonic_ms=30|clock_delta_ms=2.56|c
lock_suspect=0
PMLE_LIVE_REPLAY_TIC|tic=3226|mle_ms=91.391|monotonic_ms=90|clock_delta_ms=1.391
|clock_suspect=0
PMLE_LIVE_REPLAY_TIC|tic=3227|mle_ms=66.782|monotonic_ms=70|clock_delta_ms=3.218
|clock_suspect=0
PMLE_LIVE_REPLAY_TIC|tic=3228|mle_ms=34.637|monotonic_ms=40|clock_delta_ms=5.363
|clock_suspect=0
PMLE_LIVE_REPLAY_TIC|tic=3229|mle_ms=76.187|monotonic_ms=70|clock_delta_ms=6.187
|clock_suspect=0
PMLE_LIVE_REPLAY_TIC|tic=3230|mle_ms=74.892|monotonic_ms=80|clock_delta_ms=5.108
|clock_suspect=0
PMLE_LIVE_REPLAY_TIC|tic=3231|mle_ms=66.346|monotonic_ms=60|clock_delta_ms=6.346
|clock_suspect=0
PMLE_LIVE_REPLAY_TIC|tic=3232|mle_ms=68.494|monotonic_ms=70|clock_delta_ms=1.506
|clock_suspect=0
PMLE_LIVE_REPLAY_TIC|tic=3233|mle_ms=84.945|monotonic_ms=90|clock_delta_ms=5.055
|clock_suspect=0
PMLE_LIVE_REPLAY_TIC|tic=3234|mle_ms=40.678|monotonic_ms=40|clock_delta_ms=.678|
clock_suspect=0
PMLE_LIVE_REPLAY_TIC|tic=3235|mle_ms=73.927|monotonic_ms=70|clock_delta_ms=3.927
|clock_suspect=0
PMLE_LIVE_REPLAY_TIC|tic=3236|mle_ms=87.614|monotonic_ms=90|clock_delta_ms=2.386
|clock_suspect=0
PMLE_LIVE_REPLAY_TIC|tic=3237|mle_ms=29.433|monotonic_ms=30|clock_delta_ms=.567|
clock_suspect=0
PMLE_LIVE_REPLAY_TIC|tic=3238|mle_ms=68.601|monotonic_ms=70|clock_delta_ms=1.399
|clock_suspect=0
PMLE_LIVE_REPLAY_TIC|tic=3239|mle_ms=78.361|monotonic_ms=80|clock_delta_ms=1.639
|clock_suspect=0
PMLE_LIVE_REPLAY_TIC|tic=3240|mle_ms=37.143|monotonic_ms=30|clock_delta_ms=7.143
|clock_suspect=0
PMLE_LIVE_REPLAY_TIC|tic=3241|mle_ms=122.633|monotonic_ms=130|clock_delta_ms=7.3
67|clock_suspect=0
PMLE_LIVE_REPLAY_TIC|tic=3242|mle_ms=63.227|monotonic_ms=60|clock_delta_ms=3.227
|clock_suspect=0
PMLE_LIVE_REPLAY_TIC|tic=3243|mle_ms=61.449|monotonic_ms=60|clock_delta_ms=1.449
|clock_suspect=0
PMLE_LIVE_REPLAY_TIC|tic=3244|mle_ms=84.349|monotonic_ms=90|clock_delta_ms=5.651
|clock_suspect=0
PMLE_LIVE_REPLAY_TIC|tic=3245|mle_ms=84.231|monotonic_ms=80|clock_delta_ms=4.231
|clock_suspect=0
PMLE_LIVE_REPLAY_TIC|tic=3246|mle_ms=44.372|monotonic_ms=40|clock_delta_ms=4.372
|clock_suspect=0
PMLE_LIVE_REPLAY_TIC|tic=3247|mle_ms=70.899|monotonic_ms=80|clock_delta_ms=9.101
|clock_suspect=0
PMLE_LIVE_REPLAY_TIC|tic=3248|mle_ms=68.16|monotonic_ms=60|clock_delta_ms=8.16|c
lock_suspect=0
PMLE_LIVE_REPLAY_TIC|tic=3249|mle_ms=29.923|monotonic_ms=30|clock_delta_ms=.077|
clock_suspect=0
PMLE_LIVE_REPLAY_TIC|tic=3250|mle_ms=85.405|monotonic_ms=90|clock_delta_ms=4.595
|clock_suspect=0
PMLE_LIVE_REPLAY_TIC|tic=3251|mle_ms=142.344|monotonic_ms=140|clock_delta_ms=2.3
44|clock_suspect=0
PMLE_LIVE_REPLAY_TIC|tic=3252|mle_ms=72.881|monotonic_ms=70|clock_delta_ms=2.881
|clock_suspect=0
PMLE_LIVE_REPLAY_TIC|tic=3253|mle_ms=95.771|monotonic_ms=100|clock_delta_ms=4.22
9|clock_suspect=0
PMLE_LIVE_REPLAY_TIC|tic=3254|mle_ms=82.805|monotonic_ms=80|clock_delta_ms=2.805
|clock_suspect=0
PMLE_LIVE_REPLAY_TIC|tic=3255|mle_ms=39.016|monotonic_ms=40|clock_delta_ms=.984|
clock_suspect=0
PMLE_LIVE_REPLAY_TIC|tic=3256|mle_ms=91.005|monotonic_ms=90|clock_delta_ms=1.005
|clock_suspect=0
PMLE_LIVE_REPLAY_TIC|tic=3257|mle_ms=51.42|monotonic_ms=50|clock_delta_ms=1.42|c
lock_suspect=0
PMLE_LIVE_REPLAY_TIC|tic=3258|mle_ms=40.273|monotonic_ms=50|clock_delta_ms=9.727
|clock_suspect=0
PMLE_LIVE_REPLAY_TIC|tic=3259|mle_ms=85.614|monotonic_ms=80|clock_delta_ms=5.614
|clock_suspect=0
PMLE_LIVE_REPLAY_TIC|tic=3260|mle_ms=41.657|monotonic_ms=40|clock_delta_ms=1.657
|clock_suspect=0
PMLE_LIVE_REPLAY_TIC|tic=3261|mle_ms=76.843|monotonic_ms=80|clock_delta_ms=3.157
|clock_suspect=0
PMLE_LIVE_REPLAY_TIC|tic=3262|mle_ms=75.88|monotonic_ms=80|clock_delta_ms=4.12|c
lock_suspect=0
PMLE_LIVE_REPLAY_TIC|tic=3263|mle_ms=47.701|monotonic_ms=40|clock_delta_ms=7.701
|clock_suspect=0
PMLE_LIVE_REPLAY_TIC|tic=3264|mle_ms=36.849|monotonic_ms=40|clock_delta_ms=3.151
|clock_suspect=0
PMLE_LIVE_REPLAY_TIC|tic=3265|mle_ms=85.697|monotonic_ms=90|clock_delta_ms=4.303
|clock_suspect=0
PMLE_LIVE_REPLAY_TIC|tic=3266|mle_ms=42.015|monotonic_ms=40|clock_delta_ms=2.015
|clock_suspect=0
PMLE_LIVE_REPLAY_TIC|tic=3267|mle_ms=30.373|monotonic_ms=30|clock_delta_ms=.373|
clock_suspect=0
PMLE_LIVE_REPLAY_TIC|tic=3268|mle_ms=91.581|monotonic_ms=90|clock_delta_ms=1.581
|clock_suspect=0
PMLE_LIVE_REPLAY_TIC|tic=3269|mle_ms=39.795|monotonic_ms=40|clock_delta_ms=.205|
clock_suspect=0
PMLE_LIVE_REPLAY_TIC|tic=3270|mle_ms=35.627|monotonic_ms=40|clock_delta_ms=4.373
|clock_suspect=0
PMLE_LIVE_REPLAY_TIC|tic=3271|mle_ms=106.43|monotonic_ms=100|clock_delta_ms=6.43
|clock_suspect=0
PMLE_LIVE_REPLAY_TIC|tic=3272|mle_ms=78.284|monotonic_ms=80|clock_delta_ms=1.716
|clock_suspect=0
PMLE_LIVE_REPLAY_TIC|tic=3273|mle_ms=45.649|monotonic_ms=50|clock_delta_ms=4.351
|clock_suspect=0
PMLE_LIVE_REPLAY_TIC|tic=3274|mle_ms=79.583|monotonic_ms=80|clock_delta_ms=.417|
clock_suspect=0
PMLE_LIVE_REPLAY_TIC|tic=3275|mle_ms=31.886|monotonic_ms=30|clock_delta_ms=1.886
|clock_suspect=0
PMLE_LIVE_REPLAY_TIC|tic=3276|mle_ms=29.29|monotonic_ms=30|clock_delta_ms=.71|cl
ock_suspect=0
PMLE_LIVE_REPLAY_TIC|tic=3277|mle_ms=72.649|monotonic_ms=70|clock_delta_ms=2.649
|clock_suspect=0
PMLE_LIVE_REPLAY_TIC|tic=3278|mle_ms=17.454|monotonic_ms=20|clock_delta_ms=2.546
|clock_suspect=0
PMLE_LIVE_REPLAY_TIC|tic=3279|mle_ms=12.395|monotonic_ms=10|clock_delta_ms=2.395
|clock_suspect=0
PMLE_LIVE_REPLAY_TIC|tic=3280|mle_ms=53.715|monotonic_ms=50|clock_delta_ms=3.715
|clock_suspect=0
PMLE_LIVE_REPLAY_TIC|tic=3281|mle_ms=56.346|monotonic_ms=60|clock_delta_ms=3.654
|clock_suspect=0
PMLE_LIVE_REPLAY_TIC|tic=3282|mle_ms=12.715|monotonic_ms=10|clock_delta_ms=2.715
|clock_suspect=0
PMLE_LIVE_REPLAY_TIC|tic=3283|mle_ms=56.554|monotonic_ms=60|clock_delta_ms=3.446
|clock_suspect=0
PMLE_LIVE_REPLAY_TIC|tic=3284|mle_ms=20.03|monotonic_ms=20|clock_delta_ms=.03|cl
ock_suspect=0
PMLE_LIVE_REPLAY_TIC|tic=3285|mle_ms=12.767|monotonic_ms=10|clock_delta_ms=2.767
|clock_suspect=0
PMLE_LIVE_REPLAY_TIC|tic=3286|mle_ms=59.752|monotonic_ms=60|clock_delta_ms=.248|
clock_suspect=0
PMLE_LIVE_REPLAY_TIC|tic=3287|mle_ms=15.031|monotonic_ms=20|clock_delta_ms=4.969
|clock_suspect=0
PMLE_LIVE_REPLAY_TIC|tic=3288|mle_ms=12.315|monotonic_ms=10|clock_delta_ms=2.315
|clock_suspect=0
PMLE_LIVE_REPLAY_TIC|tic=3289|mle_ms=61.486|monotonic_ms=60|clock_delta_ms=1.486
|clock_suspect=0
PMLE_LIVE_REPLAY_TIC|tic=3290|mle_ms=15.826|monotonic_ms=20|clock_delta_ms=4.174
|clock_suspect=0
PMLE_LIVE_REPLAY_TIC|tic=3291|mle_ms=49.193|monotonic_ms=50|clock_delta_ms=.807|
clock_suspect=0
PMLE_LIVE_REPLAY_TIC|tic=3292|mle_ms=47.038|monotonic_ms=40|clock_delta_ms=7.038
|clock_suspect=0
PMLE_LIVE_REPLAY_TIC|tic=3293|mle_ms=23.437|monotonic_ms=30|clock_delta_ms=6.563
|clock_suspect=0
PMLE_LIVE_REPLAY_TIC|tic=3294|mle_ms=11.529|monotonic_ms=10|clock_delta_ms=1.529
|clock_suspect=0
PMLE_LIVE_REPLAY_TIC|tic=3295|mle_ms=50.15|monotonic_ms=50|clock_delta_ms=.15|cl
ock_suspect=0
PMLE_LIVE_REPLAY_TIC|tic=3296|mle_ms=14.746|monotonic_ms=10|clock_delta_ms=4.746
|clock_suspect=0
PMLE_LIVE_REPLAY_TIC|tic=3297|mle_ms=8.437|monotonic_ms=10|clock_delta_ms=1.563|
clock_suspect=0
PMLE_LIVE_REPLAY_TIC|tic=3298|mle_ms=54.977|monotonic_ms=60|clock_delta_ms=5.023
|clock_suspect=0
PMLE_LIVE_REPLAY_TIC|tic=3299|mle_ms=14.895|monotonic_ms=10|clock_delta_ms=4.895
|clock_suspect=0
PMLE_LIVE_REPLAY_TIC|tic=3300|mle_ms=10.98|monotonic_ms=10|clock_delta_ms=.98|cl
ock_suspect=0
PMLE_LIVE_REPLAY_TIC|tic=3301|mle_ms=105.625|monotonic_ms=100|clock_delta_ms=5.6
25|clock_suspect=0
PMLE_LIVE_REPLAY_TIC|tic=3302|mle_ms=15.5|monotonic_ms=20|clock_delta_ms=4.5|clo
ck_suspect=0
PMLE_LIVE_REPLAY_TIC|tic=3303|mle_ms=20.56|monotonic_ms=20|clock_delta_ms=.56|cl
ock_suspect=0
PMLE_LIVE_REPLAY_TIC|tic=3304|mle_ms=68.213|monotonic_ms=70|clock_delta_ms=1.787
|clock_suspect=0
PMLE_LIVE_REPLAY_TIC|tic=3305|mle_ms=16.294|monotonic_ms=10|clock_delta_ms=6.294
|clock_suspect=0
PMLE_LIVE_REPLAY_TIC|tic=3306|mle_ms=15.595|monotonic_ms=20|clock_delta_ms=4.405
|clock_suspect=0
PMLE_LIVE_REPLAY_TIC|tic=3307|mle_ms=66.56|monotonic_ms=60|clock_delta_ms=6.56|c
lock_suspect=0
PMLE_LIVE_REPLAY_TIC|tic=3308|mle_ms=15.89|monotonic_ms=20|clock_delta_ms=4.11|c
lock_suspect=0
PMLE_LIVE_REPLAY_TIC|tic=3309|mle_ms=9.99|monotonic_ms=10|clock_delta_ms=.01|clo
ck_suspect=0
PMLE_LIVE_REPLAY_TIC|tic=3310|mle_ms=50.455|monotonic_ms=50|clock_delta_ms=.455|
clock_suspect=0
PMLE_LIVE_REPLAY_TIC|tic=3311|mle_ms=82.344|monotonic_ms=80|clock_delta_ms=2.344
|clock_suspect=0
PMLE_LIVE_REPLAY_TIC|tic=3312|mle_ms=11.769|monotonic_ms=20|clock_delta_ms=8.231
|clock_suspect=0
PMLE_LIVE_REPLAY_TIC|tic=3313|mle_ms=82.456|monotonic_ms=80|clock_delta_ms=2.456
|clock_suspect=0
PMLE_LIVE_REPLAY_TIC|tic=3314|mle_ms=60.488|monotonic_ms=60|clock_delta_ms=.488|
clock_suspect=0
PMLE_LIVE_REPLAY_TIC|tic=3315|mle_ms=11.517|monotonic_ms=10|clock_delta_ms=1.517
|clock_suspect=0
PMLE_LIVE_REPLAY_TIC|tic=3316|mle_ms=82.791|monotonic_ms=80|clock_delta_ms=2.791
|clock_suspect=0
PMLE_LIVE_REPLAY_TIC|tic=3317|mle_ms=48.797|monotonic_ms=50|clock_delta_ms=1.203
|clock_suspect=0
PMLE_LIVE_REPLAY_TIC|tic=3318|mle_ms=11.155|monotonic_ms=10|clock_delta_ms=1.155
|clock_suspect=0
PMLE_LIVE_REPLAY_TIC|tic=3319|mle_ms=59.117|monotonic_ms=60|clock_delta_ms=.883|
clock_suspect=0
PMLE_LIVE_REPLAY_TIC|tic=3320|mle_ms=50.43|monotonic_ms=50|clock_delta_ms=.43|cl
ock_suspect=0
PMLE_LIVE_REPLAY_TIC|tic=3321|mle_ms=54.121|monotonic_ms=60|clock_delta_ms=5.879
|clock_suspect=0
PMLE_LIVE_REPLAY_TIC|tic=3322|mle_ms=50.137|monotonic_ms=50|clock_delta_ms=.137|
clock_suspect=0
PMLE_LIVE_REPLAY_TIC|tic=3323|mle_ms=57.463|monotonic_ms=60|clock_delta_ms=2.537
|clock_suspect=0
PMLE_LIVE_REPLAY_TIC|tic=3324|mle_ms=14.509|monotonic_ms=10|clock_delta_ms=4.509
|clock_suspect=0
PMLE_LIVE_REPLAY_TIC|tic=3325|mle_ms=65.811|monotonic_ms=70|clock_delta_ms=4.189
|clock_suspect=0
PMLE_LIVE_REPLAY_TIC|tic=3326|mle_ms=65.308|monotonic_ms=60|clock_delta_ms=5.308
|clock_suspect=0
PMLE_LIVE_REPLAY_TIC|tic=3327|mle_ms=9.327|monotonic_ms=10|clock_delta_ms=.673|c
lock_suspect=0
PMLE_LIVE_REPLAY_TIC|tic=3328|mle_ms=14.893|monotonic_ms=20|clock_delta_ms=5.107
|clock_suspect=0
PMLE_LIVE_REPLAY_TIC|tic=3329|mle_ms=47.006|monotonic_ms=40|clock_delta_ms=7.006
|clock_suspect=0
PMLE_LIVE_REPLAY_TIC|tic=3330|mle_ms=10.931|monotonic_ms=10|clock_delta_ms=.931|
clock_suspect=0
PMLE_LIVE_REPLAY_TIC|tic=3331|mle_ms=56.366|monotonic_ms=60|clock_delta_ms=3.634
|clock_suspect=0
PMLE_LIVE_REPLAY_TIC|tic=3332|mle_ms=43.85|monotonic_ms=40|clock_delta_ms=3.85|c
lock_suspect=0
PMLE_LIVE_REPLAY_TIC|tic=3333|mle_ms=17.671|monotonic_ms=20|clock_delta_ms=2.329
|clock_suspect=0
PMLE_LIVE_REPLAY_TIC|tic=3334|mle_ms=15.829|monotonic_ms=20|clock_delta_ms=4.171
|clock_suspect=0
PMLE_LIVE_REPLAY_TIC|tic=3335|mle_ms=41.435|monotonic_ms=40|clock_delta_ms=1.435
|clock_suspect=0
PMLE_LIVE_REPLAY_TIC|tic=3336|mle_ms=13.499|monotonic_ms=10|clock_delta_ms=3.499
|clock_suspect=0
PMLE_LIVE_REPLAY_TIC|tic=3337|mle_ms=15.356|monotonic_ms=20|clock_delta_ms=4.644
|clock_suspect=0
PMLE_LIVE_REPLAY_TIC|tic=3338|mle_ms=39.428|monotonic_ms=40|clock_delta_ms=.572|
clock_suspect=0
PMLE_LIVE_REPLAY_TIC|tic=3339|mle_ms=9.103|monotonic_ms=10|clock_delta_ms=.897|c
lock_suspect=0
PMLE_LIVE_REPLAY_TIC|tic=3340|mle_ms=15.082|monotonic_ms=10|clock_delta_ms=5.082
|clock_suspect=0
PMLE_LIVE_REPLAY_TIC|tic=3341|mle_ms=90.532|monotonic_ms=90|clock_delta_ms=.532|
clock_suspect=0
PMLE_LIVE_REPLAY_TIC|tic=3342|mle_ms=11.177|monotonic_ms=10|clock_delta_ms=1.177
|clock_suspect=0
PMLE_LIVE_REPLAY_TIC|tic=3343|mle_ms=26.673|monotonic_ms=30|clock_delta_ms=3.327
|clock_suspect=0
PMLE_LIVE_REPLAY_TIC|tic=3344|mle_ms=40.812|monotonic_ms=40|clock_delta_ms=.812|
clock_suspect=0
PMLE_LIVE_REPLAY_TIC|tic=3345|mle_ms=9.927|monotonic_ms=10|clock_delta_ms=.073|c
lock_suspect=0
PMLE_LIVE_REPLAY_TIC|tic=3346|mle_ms=57.917|monotonic_ms=60|clock_delta_ms=2.083
|clock_suspect=0
PMLE_LIVE_REPLAY_TIC|tic=3347|mle_ms=51.583|monotonic_ms=50|clock_delta_ms=1.583
|clock_suspect=0
PMLE_LIVE_REPLAY_TIC|tic=3348|mle_ms=11.043|monotonic_ms=10|clock_delta_ms=1.043
|clock_suspect=0
PMLE_LIVE_REPLAY_TIC|tic=3349|mle_ms=53.87|monotonic_ms=60|clock_delta_ms=6.13|c
lock_suspect=0
PMLE_LIVE_REPLAY_TIC|tic=3350|mle_ms=70.435|monotonic_ms=70|clock_delta_ms=.435|
clock_suspect=0
PMLE_LIVE_REPLAY_TIC|tic=3351|mle_ms=50.015|monotonic_ms=50|clock_delta_ms=.015|
clock_suspect=0
PMLE_LIVE_REPLAY_TIC|tic=3352|mle_ms=59.876|monotonic_ms=60|clock_delta_ms=.124|
clock_suspect=0
PMLE_LIVE_REPLAY_TIC|tic=3353|mle_ms=80.828|monotonic_ms=80|clock_delta_ms=.828|
clock_suspect=0
PMLE_LIVE_REPLAY_TIC|tic=3354|mle_ms=13.025|monotonic_ms=10|clock_delta_ms=3.025
|clock_suspect=0
PMLE_LIVE_REPLAY_TIC|tic=3355|mle_ms=48.864|monotonic_ms=50|clock_delta_ms=1.136
|clock_suspect=0
PMLE_LIVE_REPLAY_TIC|tic=3356|mle_ms=-62.365|monotonic_ms=50|clock_delta_ms=112.
365|clock_suspect=1
PMLE_LIVE_REPLAY_TIC|tic=3357|mle_ms=9.156|monotonic_ms=10|clock_delta_ms=.844|c
lock_suspect=0
PMLE_LIVE_REPLAY_TIC|tic=3358|mle_ms=66.136|monotonic_ms=70|clock_delta_ms=3.864
|clock_suspect=0
PMLE_LIVE_REPLAY_TIC|tic=3359|mle_ms=42.682|monotonic_ms=40|clock_delta_ms=2.682
|clock_suspect=0
PMLE_LIVE_REPLAY_TIC|tic=3360|mle_ms=10.721|monotonic_ms=10|clock_delta_ms=.721|
clock_suspect=0
PMLE_LIVE_REPLAY_TIC|tic=3361|mle_ms=90.091|monotonic_ms=90|clock_delta_ms=.091|
clock_suspect=0
PMLE_LIVE_REPLAY_TIC|tic=3362|mle_ms=42.073|monotonic_ms=40|clock_delta_ms=2.073
|clock_suspect=0
PMLE_LIVE_REPLAY_TIC|tic=3363|mle_ms=17.037|monotonic_ms=20|clock_delta_ms=2.963
|clock_suspect=0
PMLE_LIVE_REPLAY_TIC|tic=3364|mle_ms=63.941|monotonic_ms=60|clock_delta_ms=3.941
|clock_suspect=0
PMLE_LIVE_REPLAY_TIC|tic=3365|mle_ms=44.977|monotonic_ms=50|clock_delta_ms=5.023
|clock_suspect=0
PMLE_LIVE_REPLAY_TIC|tic=3366|mle_ms=11.99|monotonic_ms=10|clock_delta_ms=1.99|c
lock_suspect=0
PMLE_LIVE_REPLAY_TIC|tic=3367|mle_ms=60.074|monotonic_ms=60|clock_delta_ms=.074|
clock_suspect=0
PMLE_LIVE_REPLAY_TIC|tic=3368|mle_ms=43.503|monotonic_ms=40|clock_delta_ms=3.503
|clock_suspect=0
PMLE_LIVE_REPLAY_TIC|tic=3369|mle_ms=9.445|monotonic_ms=10|clock_delta_ms=.555|c
lock_suspect=0
PMLE_LIVE_REPLAY_TIC|tic=3370|mle_ms=49.487|monotonic_ms=50|clock_delta_ms=.513|
clock_suspect=0
PMLE_LIVE_REPLAY_TIC|tic=3371|mle_ms=77.506|monotonic_ms=80|clock_delta_ms=2.494
|clock_suspect=0
PMLE_LIVE_REPLAY_TIC|tic=3372|mle_ms=11.935|monotonic_ms=10|clock_delta_ms=1.935
|clock_suspect=0
PMLE_LIVE_REPLAY_TIC|tic=3373|mle_ms=84.552|monotonic_ms=90|clock_delta_ms=5.448
|clock_suspect=0
PMLE_LIVE_REPLAY_TIC|tic=3374|mle_ms=71.115|monotonic_ms=70|clock_delta_ms=1.115
|clock_suspect=0
PMLE_LIVE_REPLAY_TIC|tic=3375|mle_ms=11.086|monotonic_ms=10|clock_delta_ms=1.086
|clock_suspect=0
PMLE_LIVE_REPLAY_TIC|tic=3376|mle_ms=59.623|monotonic_ms=60|clock_delta_ms=.377|
clock_suspect=0
PMLE_LIVE_REPLAY_TIC|tic=3377|mle_ms=39.963|monotonic_ms=40|clock_delta_ms=.037|
clock_suspect=0
PMLE_LIVE_REPLAY_TIC|tic=3378|mle_ms=9.065|monotonic_ms=10|clock_delta_ms=.935|c
lock_suspect=0
PMLE_LIVE_REPLAY_TIC|tic=3379|mle_ms=53.401|monotonic_ms=50|clock_delta_ms=3.401
|clock_suspect=0
PMLE_LIVE_REPLAY_TIC|tic=3380|mle_ms=40.827|monotonic_ms=40|clock_delta_ms=.827|
clock_suspect=0
PMLE_LIVE_REPLAY_TIC|tic=3381|mle_ms=49.369|monotonic_ms=50|clock_delta_ms=.631|
clock_suspect=0
PMLE_LIVE_REPLAY_TIC|tic=3382|mle_ms=15.235|monotonic_ms=20|clock_delta_ms=4.765
|clock_suspect=0
PMLE_LIVE_REPLAY_TIC|tic=3383|mle_ms=49.416|monotonic_ms=50|clock_delta_ms=.584|
clock_suspect=0
PMLE_LIVE_REPLAY_TIC|tic=3384|mle_ms=14.981|monotonic_ms=10|clock_delta_ms=4.981
|clock_suspect=0
PMLE_LIVE_REPLAY_TIC|tic=3385|mle_ms=27.94|monotonic_ms=30|clock_delta_ms=2.06|c
lock_suspect=0
PMLE_LIVE_REPLAY_TIC|tic=3386|mle_ms=60.725|monotonic_ms=60|clock_delta_ms=.725|
clock_suspect=0
PMLE_LIVE_REPLAY_TIC|tic=3387|mle_ms=13.755|monotonic_ms=10|clock_delta_ms=3.755
|clock_suspect=0
PMLE_LIVE_REPLAY_TIC|tic=3388|mle_ms=24.317|monotonic_ms=30|clock_delta_ms=5.683
|clock_suspect=0
PMLE_LIVE_REPLAY_TIC|tic=3389|mle_ms=56.771|monotonic_ms=60|clock_delta_ms=3.229
|clock_suspect=0
PMLE_LIVE_REPLAY_TIC|tic=3390|mle_ms=16.978|monotonic_ms=10|clock_delta_ms=6.978
|clock_suspect=0
PMLE_LIVE_REPLAY_TIC|tic=3391|mle_ms=58.795|monotonic_ms=60|clock_delta_ms=1.205
|clock_suspect=0
PMLE_LIVE_REPLAY_TIC|tic=3392|mle_ms=22.159|monotonic_ms=20|clock_delta_ms=2.159
|clock_suspect=0
PMLE_LIVE_REPLAY_TIC|tic=3393|mle_ms=23.435|monotonic_ms=30|clock_delta_ms=6.565
|clock_suspect=0
PMLE_LIVE_REPLAY_TIC|tic=3394|mle_ms=22.936|monotonic_ms=20|clock_delta_ms=2.936
|clock_suspect=0
PMLE_LIVE_REPLAY_TIC|tic=3395|mle_ms=22.36|monotonic_ms=20|clock_delta_ms=2.36|c
lock_suspect=0
PMLE_LIVE_REPLAY_TIC|tic=3396|mle_ms=19.362|monotonic_ms=20|clock_delta_ms=.638|
clock_suspect=0
PMLE_LIVE_REPLAY_TIC|tic=3397|mle_ms=19.356|monotonic_ms=20|clock_delta_ms=.644|
clock_suspect=0
PMLE_LIVE_REPLAY_TIC|tic=3398|mle_ms=50.263|monotonic_ms=50|clock_delta_ms=.263|
clock_suspect=0
PMLE_LIVE_REPLAY_TIC|tic=3399|mle_ms=16.326|monotonic_ms=20|clock_delta_ms=3.674
|clock_suspect=0
PMLE_LIVE_REPLAY_TIC|tic=3400|mle_ms=21.137|monotonic_ms=20|clock_delta_ms=1.137
|clock_suspect=0
PMLE_LIVE_REPLAY_TIC|tic=3401|mle_ms=93.336|monotonic_ms=100|clock_delta_ms=6.66
4|clock_suspect=0
PMLE_LIVE_REPLAY_TIC|tic=3402|mle_ms=18.154|monotonic_ms=20|clock_delta_ms=1.846
|clock_suspect=0
PMLE_LIVE_REPLAY_TIC|tic=3403|mle_ms=32.181|monotonic_ms=30|clock_delta_ms=2.181
|clock_suspect=0
PMLE_LIVE_REPLAY_TIC|tic=3404|mle_ms=56.645|monotonic_ms=60|clock_delta_ms=3.355
|clock_suspect=0
PMLE_LIVE_REPLAY_TIC|tic=3405|mle_ms=21.198|monotonic_ms=20|clock_delta_ms=1.198
|clock_suspect=0
PMLE_LIVE_REPLAY_TIC|tic=3406|mle_ms=64.478|monotonic_ms=60|clock_delta_ms=4.478
|clock_suspect=0
PMLE_LIVE_REPLAY_TIC|tic=3407|mle_ms=54.025|monotonic_ms=60|clock_delta_ms=5.975
|clock_suspect=0
PMLE_LIVE_REPLAY_TIC|tic=3408|mle_ms=16.461|monotonic_ms=10|clock_delta_ms=6.461
|clock_suspect=0
PMLE_LIVE_REPLAY_TIC|tic=3409|mle_ms=57.019|monotonic_ms=60|clock_delta_ms=2.981
|clock_suspect=0
PMLE_LIVE_REPLAY_TIC|tic=3410|mle_ms=44.622|monotonic_ms=40|clock_delta_ms=4.622
|clock_suspect=0
PMLE_LIVE_REPLAY_TIC|tic=3411|mle_ms=47.617|monotonic_ms=50|clock_delta_ms=2.383
|clock_suspect=0
PMLE_LIVE_REPLAY_TIC|tic=3412|mle_ms=53.271|monotonic_ms=50|clock_delta_ms=3.271
|clock_suspect=0
PMLE_LIVE_REPLAY_TIC|tic=3413|mle_ms=61.131|monotonic_ms=70|clock_delta_ms=8.869
|clock_suspect=0
PMLE_LIVE_REPLAY_TIC|tic=3414|mle_ms=24.221|monotonic_ms=20|clock_delta_ms=4.221
|clock_suspect=0
PMLE_LIVE_REPLAY_TIC|tic=3415|mle_ms=62.361|monotonic_ms=60|clock_delta_ms=2.361
|clock_suspect=0
PMLE_LIVE_REPLAY_TIC|tic=3416|mle_ms=75.804|monotonic_ms=80|clock_delta_ms=4.196
|clock_suspect=0
PMLE_LIVE_REPLAY_TIC|tic=3417|mle_ms=12.171|monotonic_ms=10|clock_delta_ms=2.171
|clock_suspect=0
PMLE_LIVE_REPLAY_TIC|tic=3418|mle_ms=59.99|monotonic_ms=60|clock_delta_ms=.01|cl
ock_suspect=0
PMLE_LIVE_REPLAY_TIC|tic=3419|mle_ms=49.931|monotonic_ms=50|clock_delta_ms=.069|
clock_suspect=0
PMLE_LIVE_REPLAY_TIC|tic=3420|mle_ms=11.969|monotonic_ms=10|clock_delta_ms=1.969
|clock_suspect=0
PMLE_LIVE_REPLAY_TIC|tic=3421|mle_ms=87.605|monotonic_ms=90|clock_delta_ms=2.395
|clock_suspect=0
PMLE_LIVE_REPLAY_TIC|tic=3422|mle_ms=55.474|monotonic_ms=60|clock_delta_ms=4.526
|clock_suspect=0
PMLE_LIVE_REPLAY_TIC|tic=3423|mle_ms=37.919|monotonic_ms=30|clock_delta_ms=7.919
|clock_suspect=0
PMLE_LIVE_REPLAY_TIC|tic=3424|mle_ms=70.896|monotonic_ms=70|clock_delta_ms=.896|
clock_suspect=0
PMLE_LIVE_REPLAY_TIC|tic=3425|mle_ms=56.821|monotonic_ms=60|clock_delta_ms=3.179
|clock_suspect=0
PMLE_LIVE_REPLAY_TIC|tic=3426|mle_ms=36.219|monotonic_ms=40|clock_delta_ms=3.781
|clock_suspect=0
PMLE_LIVE_REPLAY_TIC|tic=3427|mle_ms=54.831|monotonic_ms=50|clock_delta_ms=4.831
|clock_suspect=0
PMLE_LIVE_REPLAY_TIC|tic=3428|mle_ms=72.687|monotonic_ms=80|clock_delta_ms=7.313
|clock_suspect=0
PMLE_LIVE_REPLAY_TIC|tic=3429|mle_ms=30.861|monotonic_ms=30|clock_delta_ms=.861|
clock_suspect=0
PMLE_LIVE_REPLAY_TIC|tic=3430|mle_ms=71.885|monotonic_ms=70|clock_delta_ms=1.885
|clock_suspect=0
PMLE_LIVE_REPLAY_TIC|tic=3431|mle_ms=72.925|monotonic_ms=70|clock_delta_ms=2.925
|clock_suspect=0
PMLE_LIVE_REPLAY_TIC|tic=3432|mle_ms=28.611|monotonic_ms=30|clock_delta_ms=1.389
|clock_suspect=0
PMLE_LIVE_REPLAY_TIC|tic=3433|mle_ms=92.617|monotonic_ms=90|clock_delta_ms=2.617
|clock_suspect=0
PMLE_LIVE_REPLAY_TIC|tic=3434|mle_ms=85.235|monotonic_ms=90|clock_delta_ms=4.765
|clock_suspect=0
PMLE_LIVE_REPLAY_TIC|tic=3435|mle_ms=30.657|monotonic_ms=30|clock_delta_ms=.657|
clock_suspect=0
PMLE_LIVE_REPLAY_TIC|tic=3436|mle_ms=89.433|monotonic_ms=90|clock_delta_ms=.567|
clock_suspect=0
PMLE_LIVE_REPLAY_TIC|tic=3437|mle_ms=63.721|monotonic_ms=60|clock_delta_ms=3.721
|clock_suspect=0
PMLE_LIVE_REPLAY_TIC|tic=3438|mle_ms=31.185|monotonic_ms=30|clock_delta_ms=1.185
|clock_suspect=0
PMLE_LIVE_REPLAY_TIC|tic=3439|mle_ms=77.135|monotonic_ms=80|clock_delta_ms=2.865
|clock_suspect=0
PMLE_LIVE_REPLAY_TIC|tic=3440|mle_ms=83.782|monotonic_ms=80|clock_delta_ms=3.782
|clock_suspect=0
PMLE_LIVE_REPLAY_TIC|tic=3441|mle_ms=61.92|monotonic_ms=70|clock_delta_ms=8.08|c
lock_suspect=0
PMLE_LIVE_REPLAY_TIC|tic=3442|mle_ms=99.788|monotonic_ms=100|clock_delta_ms=.212
|clock_suspect=0
PMLE_LIVE_REPLAY_TIC|tic=3443|mle_ms=124.596|monotonic_ms=120|clock_delta_ms=4.5
96|clock_suspect=0
PMLE_LIVE_REPLAY_TIC|tic=3444|mle_ms=46.458|monotonic_ms=50|clock_delta_ms=3.542
|clock_suspect=0
PMLE_LIVE_REPLAY_TIC|tic=3445|mle_ms=74.355|monotonic_ms=70|clock_delta_ms=4.355
|clock_suspect=0
PMLE_LIVE_REPLAY_TIC|tic=3446|mle_ms=82.609|monotonic_ms=80|clock_delta_ms=2.609
|clock_suspect=0
PMLE_LIVE_REPLAY_TIC|tic=3447|mle_ms=29.528|monotonic_ms=30|clock_delta_ms=.472|
clock_suspect=0
PMLE_LIVE_REPLAY_TIC|tic=3448|mle_ms=78.8|monotonic_ms=80|clock_delta_ms=1.2|clo
ck_suspect=0
PMLE_LIVE_REPLAY_TIC|tic=3449|mle_ms=73.833|monotonic_ms=80|clock_delta_ms=6.167
|clock_suspect=0
PMLE_LIVE_REPLAY_TIC|tic=3450|mle_ms=29.21|monotonic_ms=30|clock_delta_ms=.79|cl
ock_suspect=0
PMLE_LIVE_REPLAY_TIC|tic=3451|mle_ms=81.403|monotonic_ms=80|clock_delta_ms=1.403
|clock_suspect=0
PMLE_LIVE_REPLAY_TIC|tic=3452|mle_ms=65.23|monotonic_ms=60|clock_delta_ms=5.23|c
lock_suspect=0
PMLE_LIVE_REPLAY_TIC|tic=3453|mle_ms=45.779|monotonic_ms=50|clock_delta_ms=4.221
|clock_suspect=0
PMLE_LIVE_REPLAY_TIC|tic=3454|mle_ms=90.224|monotonic_ms=90|clock_delta_ms=.224|
clock_suspect=0
PMLE_LIVE_REPLAY_TIC|tic=3455|mle_ms=83.988|monotonic_ms=80|clock_delta_ms=3.988
|clock_suspect=0
PMLE_LIVE_REPLAY_TIC|tic=3456|mle_ms=56.33|monotonic_ms=60|clock_delta_ms=3.67|c
lock_suspect=0
PMLE_LIVE_REPLAY_TIC|tic=3457|mle_ms=66.922|monotonic_ms=70|clock_delta_ms=3.078
|clock_suspect=0
PMLE_LIVE_REPLAY_TIC|tic=3458|mle_ms=69.001|monotonic_ms=70|clock_delta_ms=.999|
clock_suspect=0
PMLE_LIVE_REPLAY_TIC|tic=3459|mle_ms=28.849|monotonic_ms=20|clock_delta_ms=8.849
|clock_suspect=0
PMLE_LIVE_REPLAY_TIC|tic=3460|mle_ms=262.96|monotonic_ms=260|clock_delta_ms=2.96
|clock_suspect=0
PMLE_LIVE_REPLAY_TIC|tic=3461|mle_ms=101.384|monotonic_ms=100|clock_delta_ms=1.3
84|clock_suspect=0
PMLE_LIVE_REPLAY_TIC|tic=3462|mle_ms=32.305|monotonic_ms=30|clock_delta_ms=2.305
|clock_suspect=0
PMLE_LIVE_REPLAY_TIC|tic=3463|mle_ms=279.169|monotonic_ms=280|clock_delta_ms=.83
1|clock_suspect=0
PMLE_LIVE_REPLAY_TIC|tic=3464|mle_ms=108.268|monotonic_ms=110|clock_delta_ms=1.7
32|clock_suspect=0
PMLE_LIVE_REPLAY_TIC|tic=3465|mle_ms=41.099|monotonic_ms=40|clock_delta_ms=1.099
|clock_suspect=0
PMLE_LIVE_REPLAY_TIC|tic=3466|mle_ms=326.13|monotonic_ms=330|clock_delta_ms=3.87
|clock_suspect=0
PMLE_LIVE_REPLAY_TIC|tic=3467|mle_ms=73.257|monotonic_ms=70|clock_delta_ms=3.257
|clock_suspect=0
PMLE_LIVE_REPLAY_TIC|tic=3468|mle_ms=40.197|monotonic_ms=40|clock_delta_ms=.197|
clock_suspect=0
PMLE_LIVE_REPLAY_TIC|tic=3469|mle_ms=270.938|monotonic_ms=270|clock_delta_ms=.93
8|clock_suspect=0
PMLE_LIVE_REPLAY_TIC|tic=3470|mle_ms=104.188|monotonic_ms=110|clock_delta_ms=5.8
12|clock_suspect=0
PMLE_LIVE_REPLAY_TIC|tic=3471|mle_ms=54.31|monotonic_ms=50|clock_delta_ms=4.31|c
lock_suspect=0
PMLE_LIVE_REPLAY_TIC|tic=3472|mle_ms=291.667|monotonic_ms=290|clock_delta_ms=1.6
67|clock_suspect=0
PMLE_LIVE_REPLAY_TIC|tic=3473|mle_ms=120.821|monotonic_ms=120|clock_delta_ms=.82
1|clock_suspect=0
PMLE_LIVE_REPLAY_TIC|tic=3474|mle_ms=53.99|monotonic_ms=60|clock_delta_ms=6.01|c
lock_suspect=0
PMLE_LIVE_REPLAY_TIC|tic=3475|mle_ms=275.602|monotonic_ms=270|clock_delta_ms=5.6
02|clock_suspect=0
PMLE_LIVE_REPLAY_TIC|tic=3476|mle_ms=126.463|monotonic_ms=130|clock_delta_ms=3.5
37|clock_suspect=0
PMLE_LIVE_REPLAY_TIC|tic=3477|mle_ms=48.341|monotonic_ms=50|clock_delta_ms=1.659
|clock_suspect=0
PMLE_LIVE_REPLAY_TIC|tic=3478|mle_ms=91.328|monotonic_ms=90|clock_delta_ms=1.328
|clock_suspect=0
PMLE_LIVE_REPLAY_TIC|tic=3479|mle_ms=96.342|monotonic_ms=100|clock_delta_ms=3.65
8|clock_suspect=0
PMLE_LIVE_REPLAY_TIC|tic=3480|mle_ms=57.649|monotonic_ms=50|clock_delta_ms=7.649
|clock_suspect=0
PMLE_LIVE_REPLAY_TIC|tic=3481|mle_ms=106.462|monotonic_ms=110|clock_delta_ms=3.5
38|clock_suspect=0
PMLE_LIVE_REPLAY_TIC|tic=3482|mle_ms=109.429|monotonic_ms=110|clock_delta_ms=.57
1|clock_suspect=0
PMLE_LIVE_REPLAY_TIC|tic=3483|mle_ms=71.824|monotonic_ms=70|clock_delta_ms=1.824
|clock_suspect=0
PMLE_LIVE_REPLAY_TIC|tic=3484|mle_ms=108.998|monotonic_ms=110|clock_delta_ms=1.0
02|clock_suspect=0
PMLE_LIVE_REPLAY_TIC|tic=3485|mle_ms=98.296|monotonic_ms=100|clock_delta_ms=1.70
4|clock_suspect=0
PMLE_LIVE_REPLAY_TIC|tic=3486|mle_ms=68.525|monotonic_ms=70|clock_delta_ms=1.475
|clock_suspect=0
PMLE_LIVE_REPLAY_TIC|tic=3487|mle_ms=71.123|monotonic_ms=70|clock_delta_ms=1.123
|clock_suspect=0
PMLE_LIVE_REPLAY_TIC|tic=3488|mle_ms=70.02|monotonic_ms=70|clock_delta_ms=.02|cl
ock_suspect=0
PMLE_LIVE_REPLAY_TIC|tic=3489|mle_ms=35.011|monotonic_ms=30|clock_delta_ms=5.011
|clock_suspect=0
PMLE_LIVE_REPLAY_TIC|tic=3490|mle_ms=91.403|monotonic_ms=90|clock_delta_ms=1.403
|clock_suspect=0
PMLE_LIVE_REPLAY_TIC|tic=3491|mle_ms=83.976|monotonic_ms=90|clock_delta_ms=6.024
|clock_suspect=0
PMLE_LIVE_REPLAY_TIC|tic=3492|mle_ms=42.71|monotonic_ms=40|clock_delta_ms=2.71|c
lock_suspect=0
PMLE_LIVE_REPLAY_TIC|tic=3493|mle_ms=106.117|monotonic_ms=110|clock_delta_ms=3.8
83|clock_suspect=0
PMLE_LIVE_REPLAY_TIC|tic=3494|mle_ms=85.039|monotonic_ms=80|clock_delta_ms=5.039
|clock_suspect=0
PMLE_LIVE_REPLAY_TIC|tic=3495|mle_ms=35.609|monotonic_ms=40|clock_delta_ms=4.391
|clock_suspect=0
PMLE_LIVE_REPLAY_TIC|tic=3496|mle_ms=116.214|monotonic_ms=120|clock_delta_ms=3.7
86|clock_suspect=0
PMLE_LIVE_REPLAY_TIC|tic=3497|mle_ms=81.656|monotonic_ms=80|clock_delta_ms=1.656
|clock_suspect=0
PMLE_LIVE_REPLAY_TIC|tic=3498|mle_ms=42.264|monotonic_ms=40|clock_delta_ms=2.264
|clock_suspect=0
PMLE_LIVE_REPLAY_TIC|tic=3499|mle_ms=102.58|monotonic_ms=100|clock_delta_ms=2.58
|clock_suspect=0
PMLE_LIVE_REPLAY_TIC|tic=3500|mle_ms=89.269|monotonic_ms=90|clock_delta_ms=.731|
clock_suspect=0
PMLE_LIVE_REPLAY_TIC|tic=3501|mle_ms=55.991|monotonic_ms=60|clock_delta_ms=4.009
|clock_suspect=0
PMLE_LIVE_REPLAY_TIC|tic=3502|mle_ms=78.42|monotonic_ms=80|clock_delta_ms=1.58|c
lock_suspect=0
PMLE_LIVE_REPLAY_TIC|tic=3503|mle_ms=94.607|monotonic_ms=90|clock_delta_ms=4.607
|clock_suspect=0
PMLE_LIVE_REPLAY_TIC|tic=3504|mle_ms=59.568|monotonic_ms=60|clock_delta_ms=.432|
clock_suspect=0
PMLE_LIVE_REPLAY_TIC|tic=3505|mle_ms=106.567|monotonic_ms=110|clock_delta_ms=3.4
33|clock_suspect=0
PMLE_LIVE_REPLAY_TIC|tic=3506|mle_ms=-13.831|monotonic_ms=100|clock_delta_ms=113
.831|clock_suspect=1
PMLE_LIVE_REPLAY_TIC|tic=3507|mle_ms=39.895|monotonic_ms=40|clock_delta_ms=.105|
clock_suspect=0
PMLE_LIVE_REPLAY_TIC|tic=3508|mle_ms=80.081|monotonic_ms=80|clock_delta_ms=.081|
clock_suspect=0
PMLE_LIVE_REPLAY_TIC|tic=3509|mle_ms=86.075|monotonic_ms=90|clock_delta_ms=3.925
|clock_suspect=0
PMLE_LIVE_REPLAY_TIC|tic=3510|mle_ms=45.539|monotonic_ms=40|clock_delta_ms=5.539
|clock_suspect=0
PMLE_LIVE_REPLAY_TIC|tic=3511|mle_ms=99.041|monotonic_ms=100|clock_delta_ms=.959
|clock_suspect=0
PMLE_LIVE_REPLAY_TIC|tic=3512|mle_ms=97.538|monotonic_ms=100|clock_delta_ms=2.46
2|clock_suspect=0
PMLE_LIVE_REPLAY_TIC|tic=3513|mle_ms=53.112|monotonic_ms=50|clock_delta_ms=3.112
|clock_suspect=0
PMLE_LIVE_REPLAY_TIC|tic=3514|mle_ms=76.771|monotonic_ms=80|clock_delta_ms=3.229
|clock_suspect=0
PMLE_LIVE_REPLAY_TIC|tic=3515|mle_ms=67.13|monotonic_ms=70|clock_delta_ms=2.87|c
lock_suspect=0
PMLE_LIVE_REPLAY_TIC|tic=3516|mle_ms=58.646|monotonic_ms=50|clock_delta_ms=8.646
|clock_suspect=0
PMLE_LIVE_REPLAY_TIC|tic=3517|mle_ms=71.494|monotonic_ms=80|clock_delta_ms=8.506
|clock_suspect=0
PMLE_LIVE_REPLAY_TIC|tic=3518|mle_ms=99.11|monotonic_ms=100|clock_delta_ms=.89|c
lock_suspect=0
PMLE_LIVE_REPLAY_TIC|tic=3519|mle_ms=37.789|monotonic_ms=30|clock_delta_ms=7.789
|clock_suspect=0
PMLE_LIVE_REPLAY_TIC|tic=3520|mle_ms=66.154|monotonic_ms=70|clock_delta_ms=3.846
|clock_suspect=0
PMLE_LIVE_REPLAY_TIC|tic=3521|mle_ms=79.047|monotonic_ms=80|clock_delta_ms=.953|
clock_suspect=0
PMLE_LIVE_REPLAY_TIC|tic=3522|mle_ms=32.901|monotonic_ms=30|clock_delta_ms=2.901
|clock_suspect=0
PMLE_LIVE_REPLAY_TIC|tic=3523|mle_ms=89.122|monotonic_ms=90|clock_delta_ms=.878|
clock_suspect=0
PMLE_LIVE_REPLAY_TIC|tic=3524|mle_ms=99.051|monotonic_ms=100|clock_delta_ms=.949
|clock_suspect=0
PMLE_LIVE_REPLAY_TIC|tic=3525|mle_ms=19.764|monotonic_ms=20|clock_delta_ms=.236|
clock_suspect=0
PMLE_LIVE_REPLAY_TIC|tic=3526|mle_ms=84.638|monotonic_ms=80|clock_delta_ms=4.638
|clock_suspect=0
PMLE_LIVE_REPLAY_TIC|tic=3527|mle_ms=48.857|monotonic_ms=50|clock_delta_ms=1.143
|clock_suspect=0
PMLE_LIVE_REPLAY_TIC|tic=3528|mle_ms=10.895|monotonic_ms=10|clock_delta_ms=.895|
clock_suspect=0
PMLE_LIVE_REPLAY_TIC|tic=3529|mle_ms=69.155|monotonic_ms=70|clock_delta_ms=.845|
clock_suspect=0
PMLE_LIVE_REPLAY_TIC|tic=3530|mle_ms=40.191|monotonic_ms=40|clock_delta_ms=.191|
clock_suspect=0
PMLE_LIVE_REPLAY_TIC|tic=3531|mle_ms=23.077|monotonic_ms=30|clock_delta_ms=6.923
|clock_suspect=0
PMLE_LIVE_REPLAY_TIC|tic=3532|mle_ms=52.435|monotonic_ms=50|clock_delta_ms=2.435
|clock_suspect=0
PMLE_LIVE_REPLAY_TIC|tic=3533|mle_ms=71.393|monotonic_ms=70|clock_delta_ms=1.393
|clock_suspect=0
PMLE_LIVE_REPLAY_TIC|tic=3534|mle_ms=24.225|monotonic_ms=30|clock_delta_ms=5.775
|clock_suspect=0
PMLE_LIVE_REPLAY_TIC|tic=3535|mle_ms=63.758|monotonic_ms=60|clock_delta_ms=3.758
|clock_suspect=0
PMLE_LIVE_REPLAY_TIC|tic=3536|mle_ms=91.947|monotonic_ms=90|clock_delta_ms=1.947
|clock_suspect=0
PMLE_LIVE_REPLAY_TIC|tic=3537|mle_ms=12.517|monotonic_ms=10|clock_delta_ms=2.517
|clock_suspect=0
PMLE_LIVE_REPLAY_TIC|tic=3538|mle_ms=49.848|monotonic_ms=50|clock_delta_ms=.152|
clock_suspect=0
PMLE_LIVE_REPLAY_TIC|tic=3539|mle_ms=48.223|monotonic_ms=50|clock_delta_ms=1.777
|clock_suspect=0
PMLE_LIVE_REPLAY_TIC|tic=3540|mle_ms=12.085|monotonic_ms=10|clock_delta_ms=2.085
|clock_suspect=0
PMLE_LIVE_REPLAY_TIC|tic=3541|mle_ms=78.523|monotonic_ms=80|clock_delta_ms=1.477
|clock_suspect=0
PMLE_LIVE_REPLAY_TIC|tic=3542|mle_ms=57.549|monotonic_ms=60|clock_delta_ms=2.451
|clock_suspect=0
PMLE_LIVE_REPLAY_TIC|tic=3543|mle_ms=36.01|monotonic_ms=40|clock_delta_ms=3.99|c
lock_suspect=0
PMLE_LIVE_REPLAY_TIC|tic=3544|mle_ms=69.11|monotonic_ms=70|clock_delta_ms=.89|cl
ock_suspect=0
PMLE_LIVE_REPLAY_TIC|tic=3545|mle_ms=50.292|monotonic_ms=50|clock_delta_ms=.292|
clock_suspect=0
PMLE_LIVE_REPLAY_TIC|tic=3546|mle_ms=39.62|monotonic_ms=40|clock_delta_ms=.38|cl
ock_suspect=0
PMLE_LIVE_REPLAY_TIC|tic=3547|mle_ms=67.904|monotonic_ms=60|clock_delta_ms=7.904
|clock_suspect=0
PMLE_LIVE_REPLAY_TIC|tic=3548|mle_ms=49.838|monotonic_ms=50|clock_delta_ms=.162|
clock_suspect=0
PMLE_LIVE_REPLAY_TIC|tic=3549|mle_ms=12.449|monotonic_ms=20|clock_delta_ms=7.551
|clock_suspect=0
PMLE_LIVE_REPLAY_TIC|tic=3550|mle_ms=50.708|monotonic_ms=50|clock_delta_ms=.708|
clock_suspect=0
PMLE_LIVE_REPLAY_TIC|tic=3551|mle_ms=64.223|monotonic_ms=60|clock_delta_ms=4.223
|clock_suspect=0
PMLE_LIVE_REPLAY_TIC|tic=3552|mle_ms=12.291|monotonic_ms=10|clock_delta_ms=2.291
|clock_suspect=0
PMLE_LIVE_REPLAY_TIC|tic=3553|mle_ms=64.881|monotonic_ms=70|clock_delta_ms=5.119
|clock_suspect=0
PMLE_LIVE_REPLAY_TIC|tic=3554|mle_ms=59.12|monotonic_ms=60|clock_delta_ms=.88|cl
ock_suspect=0
PMLE_LIVE_REPLAY_TIC|tic=3555|mle_ms=12.957|monotonic_ms=10|clock_delta_ms=2.957
|clock_suspect=0
PMLE_LIVE_REPLAY_TIC|tic=3556|mle_ms=57.57|monotonic_ms=60|clock_delta_ms=2.43|c
lock_suspect=0
PMLE_LIVE_REPLAY_TIC|tic=3557|mle_ms=50.441|monotonic_ms=50|clock_delta_ms=.441|
clock_suspect=0
PMLE_LIVE_REPLAY_TIC|tic=3558|mle_ms=13.906|monotonic_ms=10|clock_delta_ms=3.906
|clock_suspect=0
PMLE_LIVE_REPLAY_TIC|tic=3559|mle_ms=44|monotonic_ms=50|clock_delta_ms=6|clock_s
uspect=0
PMLE_LIVE_REPLAY_TIC|tic=3560|mle_ms=54.828|monotonic_ms=50|clock_delta_ms=4.828
|clock_suspect=0
PMLE_LIVE_REPLAY_TIC|tic=3561|mle_ms=22.302|monotonic_ms=20|clock_delta_ms=2.302
|clock_suspect=0
PMLE_LIVE_REPLAY_TIC|tic=3562|mle_ms=35.206|monotonic_ms=40|clock_delta_ms=4.794
|clock_suspect=0
PMLE_LIVE_REPLAY_TIC|tic=3563|mle_ms=67.607|monotonic_ms=70|clock_delta_ms=2.393
|clock_suspect=0
PMLE_LIVE_REPLAY_TIC|tic=3564|mle_ms=19.643|monotonic_ms=20|clock_delta_ms=.357|
clock_suspect=0
PMLE_LIVE_REPLAY_TIC|tic=3565|mle_ms=38.986|monotonic_ms=40|clock_delta_ms=1.014
|clock_suspect=0
PMLE_LIVE_REPLAY_TIC|tic=3566|mle_ms=88.755|monotonic_ms=90|clock_delta_ms=1.245
|clock_suspect=0
PMLE_LIVE_REPLAY_TIC|tic=3567|mle_ms=11.008|monotonic_ms=10|clock_delta_ms=1.008
|clock_suspect=0
PMLE_LIVE_REPLAY_TIC|tic=3568|mle_ms=33.531|monotonic_ms=30|clock_delta_ms=3.531
|clock_suspect=0
PMLE_LIVE_REPLAY_TIC|tic=3569|mle_ms=46.81|monotonic_ms=50|clock_delta_ms=3.19|c
lock_suspect=0
PMLE_LIVE_REPLAY_TIC|tic=3570|mle_ms=13.192|monotonic_ms=10|clock_delta_ms=3.192
|clock_suspect=0
PMLE_LIVE_REPLAY_TIC|tic=3571|mle_ms=48.66|monotonic_ms=50|clock_delta_ms=1.34|c
lock_suspect=0
PMLE_LIVE_REPLAY_TIC|tic=3572|mle_ms=48.854|monotonic_ms=50|clock_delta_ms=1.146
|clock_suspect=0
PMLE_LIVE_REPLAY_TIC|tic=3573|mle_ms=30.945|monotonic_ms=30|clock_delta_ms=.945|
clock_suspect=0
PMLE_LIVE_REPLAY_TIC|tic=3574|mle_ms=63.391|monotonic_ms=60|clock_delta_ms=3.391
|clock_suspect=0
PMLE_LIVE_REPLAY_TIC|tic=3575|mle_ms=54.559|monotonic_ms=60|clock_delta_ms=5.441
|clock_suspect=0
PMLE_LIVE_REPLAY_TIC|tic=3576|mle_ms=33.669|monotonic_ms=30|clock_delta_ms=3.669
|clock_suspect=0
PMLE_LIVE_REPLAY_TIC|tic=3577|mle_ms=61.596|monotonic_ms=60|clock_delta_ms=1.596
|clock_suspect=0
PMLE_LIVE_REPLAY_TIC|tic=3578|mle_ms=51.699|monotonic_ms=50|clock_delta_ms=1.699
|clock_suspect=0
PMLE_LIVE_REPLAY_TIC|tic=3579|mle_ms=12.512|monotonic_ms=20|clock_delta_ms=7.488
|clock_suspect=0
PMLE_LIVE_REPLAY_TIC|tic=3580|mle_ms=34.661|monotonic_ms=30|clock_delta_ms=4.661
|clock_suspect=0
PMLE_LIVE_REPLAY_TIC|tic=3581|mle_ms=54.205|monotonic_ms=60|clock_delta_ms=5.795
|clock_suspect=0
PMLE_LIVE_REPLAY_TIC|tic=3582|mle_ms=11.533|monotonic_ms=10|clock_delta_ms=1.533
|clock_suspect=0
PMLE_LIVE_REPLAY_TIC|tic=3583|mle_ms=55.595|monotonic_ms=50|clock_delta_ms=5.595
|clock_suspect=0
PMLE_LIVE_REPLAY_TIC|tic=3584|mle_ms=65.061|monotonic_ms=70|clock_delta_ms=4.939
|clock_suspect=0
PMLE_LIVE_REPLAY_TIC|tic=3585|mle_ms=10.39|monotonic_ms=10|clock_delta_ms=.39|cl
ock_suspect=0
PMLE_LIVE_REPLAY_TIC|tic=3586|mle_ms=59.911|monotonic_ms=60|clock_delta_ms=.089|
clock_suspect=0
PMLE_LIVE_REPLAY_TIC|tic=3587|mle_ms=50.956|monotonic_ms=50|clock_delta_ms=.956|
clock_suspect=0
PMLE_LIVE_REPLAY_TIC|tic=3588|mle_ms=10.928|monotonic_ms=10|clock_delta_ms=.928|
clock_suspect=0
PMLE_LIVE_REPLAY_TIC|tic=3589|mle_ms=43.203|monotonic_ms=40|clock_delta_ms=3.203
|clock_suspect=0
PMLE_LIVE_REPLAY_TIC|tic=3590|mle_ms=55.337|monotonic_ms=60|clock_delta_ms=4.663
|clock_suspect=0
PMLE_LIVE_REPLAY_TIC|tic=3591|mle_ms=20.716|monotonic_ms=20|clock_delta_ms=.716|
clock_suspect=0
PMLE_LIVE_REPLAY_TIC|tic=3592|mle_ms=36.52|monotonic_ms=40|clock_delta_ms=3.48|c
lock_suspect=0
PMLE_LIVE_REPLAY_TIC|tic=3593|mle_ms=79.932|monotonic_ms=80|clock_delta_ms=.068|
clock_suspect=0
PMLE_LIVE_REPLAY_TIC|tic=3594|mle_ms=25.037|monotonic_ms=20|clock_delta_ms=5.037
|clock_suspect=0
PMLE_LIVE_REPLAY_TIC|tic=3595|mle_ms=38.216|monotonic_ms=40|clock_delta_ms=1.784
|clock_suspect=0
PMLE_LIVE_REPLAY_TIC|tic=3596|mle_ms=70.562|monotonic_ms=70|clock_delta_ms=.562|
clock_suspect=0
PMLE_LIVE_REPLAY_TIC|tic=3597|mle_ms=9.66|monotonic_ms=10|clock_delta_ms=.34|clo
ck_suspect=0
PMLE_LIVE_REPLAY_TIC|tic=3598|mle_ms=69.685|monotonic_ms=70|clock_delta_ms=.315|
clock_suspect=0
PMLE_LIVE_REPLAY_TIC|tic=3599|mle_ms=58.787|monotonic_ms=60|clock_delta_ms=1.213
|clock_suspect=0
PMLE_LIVE_REPLAY_TIC|tic=3600|mle_ms=11.831|monotonic_ms=10|clock_delta_ms=1.831
|clock_suspect=0
PMLE_LIVE_REPLAY_TIC|tic=3601|mle_ms=58.617|monotonic_ms=60|clock_delta_ms=1.383
|clock_suspect=0
PMLE_LIVE_REPLAY_TIC|tic=3602|mle_ms=62.523|monotonic_ms=60|clock_delta_ms=2.523
|clock_suspect=0
PMLE_LIVE_REPLAY_TIC|tic=3603|mle_ms=30.5|monotonic_ms=30|clock_delta_ms=.5|cloc
k_suspect=0
PMLE_LIVE_REPLAY_TIC|tic=3604|mle_ms=90.421|monotonic_ms=90|clock_delta_ms=.421|
clock_suspect=0
PMLE_LIVE_REPLAY_TIC|tic=3605|mle_ms=53.652|monotonic_ms=50|clock_delta_ms=3.652
|clock_suspect=0
PMLE_LIVE_REPLAY_TIC|tic=3606|mle_ms=39.569|monotonic_ms=40|clock_delta_ms=.431|
clock_suspect=0
PMLE_LIVE_REPLAY_TIC|tic=3607|mle_ms=36.384|monotonic_ms=40|clock_delta_ms=3.616
|clock_suspect=0
PMLE_LIVE_REPLAY_TIC|tic=3608|mle_ms=42.442|monotonic_ms=40|clock_delta_ms=2.442
|clock_suspect=0
PMLE_LIVE_REPLAY_TIC|tic=3609|mle_ms=11.114|monotonic_ms=10|clock_delta_ms=1.114
|clock_suspect=0
PMLE_LIVE_REPLAY_TIC|tic=3610|mle_ms=36.22|monotonic_ms=40|clock_delta_ms=3.78|c
lock_suspect=0
PMLE_LIVE_REPLAY_TIC|tic=3611|mle_ms=67.574|monotonic_ms=70|clock_delta_ms=2.426
|clock_suspect=0
PMLE_LIVE_REPLAY_TIC|tic=3612|mle_ms=10.931|monotonic_ms=10|clock_delta_ms=.931|
clock_suspect=0
PMLE_LIVE_REPLAY_TIC|tic=3613|mle_ms=52.97|monotonic_ms=50|clock_delta_ms=2.97|c
lock_suspect=0
PMLE_LIVE_REPLAY_TIC|tic=3614|mle_ms=53.327|monotonic_ms=50|clock_delta_ms=3.327
|clock_suspect=0
PMLE_LIVE_REPLAY_TIC|tic=3615|mle_ms=10.355|monotonic_ms=20|clock_delta_ms=9.645
|clock_suspect=0
PMLE_LIVE_REPLAY_TIC|tic=3616|mle_ms=64.364|monotonic_ms=60|clock_delta_ms=4.364
|clock_suspect=0
PMLE_LIVE_REPLAY_TIC|tic=3617|mle_ms=50.654|monotonic_ms=50|clock_delta_ms=.654|
clock_suspect=0
PMLE_LIVE_REPLAY_TIC|tic=3618|mle_ms=10.692|monotonic_ms=10|clock_delta_ms=.692|
clock_suspect=0
PMLE_LIVE_REPLAY_TIC|tic=3619|mle_ms=42.181|monotonic_ms=40|clock_delta_ms=2.181
|clock_suspect=0
PMLE_LIVE_REPLAY_TIC|tic=3620|mle_ms=64.726|monotonic_ms=70|clock_delta_ms=5.274
|clock_suspect=0
PMLE_LIVE_REPLAY_TIC|tic=3621|mle_ms=19.89|monotonic_ms=20|clock_delta_ms=.11|cl
ock_suspect=0
PMLE_LIVE_REPLAY_TIC|tic=3622|mle_ms=42.271|monotonic_ms=40|clock_delta_ms=2.271
|clock_suspect=0
PMLE_LIVE_REPLAY_TIC|tic=3623|mle_ms=61.041|monotonic_ms=60|clock_delta_ms=1.041
|clock_suspect=0
PMLE_LIVE_REPLAY_TIC|tic=3624|mle_ms=20.28|monotonic_ms=20|clock_delta_ms=.28|cl
ock_suspect=0
PMLE_LIVE_REPLAY_TIC|tic=3625|mle_ms=35.076|monotonic_ms=40|clock_delta_ms=4.924
|clock_suspect=0
PMLE_LIVE_REPLAY_TIC|tic=3626|mle_ms=78.137|monotonic_ms=80|clock_delta_ms=1.863
|clock_suspect=0
PMLE_LIVE_REPLAY_TIC|tic=3627|mle_ms=9.235|monotonic_ms=0|clock_delta_ms=9.235|c
lock_suspect=0
PMLE_LIVE_REPLAY_TIC|tic=3628|mle_ms=50.387|monotonic_ms=60|clock_delta_ms=9.613
|clock_suspect=0
PMLE_LIVE_REPLAY_TIC|tic=3629|mle_ms=62.08|monotonic_ms=60|clock_delta_ms=2.08|c
lock_suspect=0
PMLE_LIVE_REPLAY_TIC|tic=3630|mle_ms=10.968|monotonic_ms=10|clock_delta_ms=.968|
clock_suspect=0
PMLE_LIVE_REPLAY_TIC|tic=3631|mle_ms=50.541|monotonic_ms=50|clock_delta_ms=.541|
clock_suspect=0
PMLE_LIVE_REPLAY_TIC|tic=3632|mle_ms=50.412|monotonic_ms=50|clock_delta_ms=.412|
clock_suspect=0
PMLE_LIVE_REPLAY_TIC|tic=3633|mle_ms=27.705|monotonic_ms=30|clock_delta_ms=2.295
|clock_suspect=0
PMLE_LIVE_REPLAY_TIC|tic=3634|mle_ms=47.73|monotonic_ms=50|clock_delta_ms=2.27|c
lock_suspect=0
PMLE_LIVE_REPLAY_TIC|tic=3635|mle_ms=53.349|monotonic_ms=50|clock_delta_ms=3.349
|clock_suspect=0
PMLE_LIVE_REPLAY_TIC|tic=3636|mle_ms=40.111|monotonic_ms=40|clock_delta_ms=.111|
clock_suspect=0
PMLE_LIVE_REPLAY_TIC|tic=3637|mle_ms=33.933|monotonic_ms=30|clock_delta_ms=3.933
|clock_suspect=0
PMLE_LIVE_REPLAY_TIC|tic=3638|mle_ms=49.227|monotonic_ms=50|clock_delta_ms=.773|
clock_suspect=0
PMLE_LIVE_REPLAY_TIC|tic=3639|mle_ms=11.751|monotonic_ms=10|clock_delta_ms=1.751
|clock_suspect=0
PMLE_LIVE_REPLAY_TIC|tic=3640|mle_ms=30.675|monotonic_ms=30|clock_delta_ms=.675|
clock_suspect=0
PMLE_LIVE_REPLAY_TIC|tic=3641|mle_ms=60.202|monotonic_ms=70|clock_delta_ms=9.798
|clock_suspect=0
PMLE_LIVE_REPLAY_TIC|tic=3642|mle_ms=10.742|monotonic_ms=10|clock_delta_ms=.742|
clock_suspect=0
PMLE_LIVE_REPLAY_TIC|tic=3643|mle_ms=46.213|monotonic_ms=40|clock_delta_ms=6.213
|clock_suspect=0
PMLE_LIVE_REPLAY_TIC|tic=3644|mle_ms=58.237|monotonic_ms=60|clock_delta_ms=1.763
|clock_suspect=0
PMLE_LIVE_REPLAY_TIC|tic=3645|mle_ms=8.179|monotonic_ms=10|clock_delta_ms=1.821|
clock_suspect=0
PMLE_LIVE_REPLAY_TIC|tic=3646|mle_ms=59.642|monotonic_ms=60|clock_delta_ms=.358|
clock_suspect=0
PMLE_LIVE_REPLAY_TIC|tic=3647|mle_ms=46.682|monotonic_ms=50|clock_delta_ms=3.318
|clock_suspect=0
PMLE_LIVE_REPLAY_TIC|tic=3648|mle_ms=9.317|monotonic_ms=0|clock_delta_ms=9.317|c
lock_suspect=0
PMLE_LIVE_REPLAY_TIC|tic=3649|mle_ms=37.31|monotonic_ms=40|clock_delta_ms=2.69|c
lock_suspect=0
PMLE_LIVE_REPLAY_TIC|tic=3650|mle_ms=43.381|monotonic_ms=50|clock_delta_ms=6.619
|clock_suspect=0
PMLE_LIVE_REPLAY_TIC|tic=3651|mle_ms=19.328|monotonic_ms=10|clock_delta_ms=9.328
|clock_suspect=0
PMLE_LIVE_REPLAY_TIC|tic=3652|mle_ms=46.421|monotonic_ms=50|clock_delta_ms=3.579
|clock_suspect=0
PMLE_LIVE_REPLAY_TIC|tic=3653|mle_ms=58.31|monotonic_ms=60|clock_delta_ms=1.69|c
lock_suspect=0
PMLE_LIVE_REPLAY_TIC|tic=3654|mle_ms=17.223|monotonic_ms=20|clock_delta_ms=2.777
|clock_suspect=0
PMLE_LIVE_REPLAY_TIC|tic=3655|mle_ms=52.957|monotonic_ms=50|clock_delta_ms=2.957
|clock_suspect=0
PMLE_LIVE_REPLAY_TIC|tic=3656|mle_ms=88.444|monotonic_ms=90|clock_delta_ms=1.556
|clock_suspect=0
PMLE_LIVE_REPLAY_TIC|tic=3657|mle_ms=9.446|monotonic_ms=10|clock_delta_ms=.554|c
lock_suspect=0
PMLE_LIVE_REPLAY_TIC|tic=3658|mle_ms=53.847|monotonic_ms=50|clock_delta_ms=3.847
|clock_suspect=0
PMLE_LIVE_REPLAY_TIC|tic=3659|mle_ms=69.32|monotonic_ms=70|clock_delta_ms=.68|cl
ock_suspect=0
PMLE_LIVE_REPLAY_TIC|tic=3660|mle_ms=9.818|monotonic_ms=10|clock_delta_ms=.182|c
lock_suspect=0
PMLE_LIVE_REPLAY_TIC|tic=3661|mle_ms=57.829|monotonic_ms=60|clock_delta_ms=2.171
|clock_suspect=0
PMLE_LIVE_REPLAY_TIC|tic=3662|mle_ms=44.358|monotonic_ms=40|clock_delta_ms=4.358
|clock_suspect=0
PMLE_LIVE_REPLAY_TIC|tic=3663|mle_ms=22.914|monotonic_ms=30|clock_delta_ms=7.086
|clock_suspect=0
PMLE_LIVE_REPLAY_TIC|tic=3664|mle_ms=63.318|monotonic_ms=60|clock_delta_ms=3.318
|clock_suspect=0
PMLE_LIVE_REPLAY_TIC|tic=3665|mle_ms=58.119|monotonic_ms=60|clock_delta_ms=1.881
|clock_suspect=0
PMLE_LIVE_REPLAY_TIC|tic=3666|mle_ms=36.489|monotonic_ms=40|clock_delta_ms=3.511
|clock_suspect=0
PMLE_LIVE_REPLAY_TIC|tic=3667|mle_ms=40.945|monotonic_ms=40|clock_delta_ms=.945|
clock_suspect=0
PMLE_LIVE_REPLAY_TIC|tic=3668|mle_ms=64.739|monotonic_ms=60|clock_delta_ms=4.739
|clock_suspect=0
PMLE_LIVE_REPLAY_TIC|tic=3669|mle_ms=10.416|monotonic_ms=10|clock_delta_ms=.416|
clock_suspect=0
PMLE_LIVE_REPLAY_TIC|tic=3670|mle_ms=31.639|monotonic_ms=30|clock_delta_ms=1.639
|clock_suspect=0
PMLE_LIVE_REPLAY_TIC|tic=3671|mle_ms=54.723|monotonic_ms=60|clock_delta_ms=5.277
|clock_suspect=0
PMLE_LIVE_REPLAY_TIC|tic=3672|mle_ms=9.544|monotonic_ms=10|clock_delta_ms=.456|c
lock_suspect=0
PMLE_LIVE_REPLAY_TIC|tic=3673|mle_ms=46.92|monotonic_ms=40|clock_delta_ms=6.92|c
lock_suspect=0
PMLE_LIVE_REPLAY_TIC|tic=3674|mle_ms=53.336|monotonic_ms=60|clock_delta_ms=6.664
|clock_suspect=0
PMLE_LIVE_REPLAY_TIC|tic=3675|mle_ms=9.324|monotonic_ms=10|clock_delta_ms=.676|c
lock_suspect=0
PMLE_LIVE_REPLAY_TIC|tic=3676|mle_ms=53.984|monotonic_ms=50|clock_delta_ms=3.984
|clock_suspect=0
PMLE_LIVE_REPLAY_TIC|tic=3677|mle_ms=42.422|monotonic_ms=40|clock_delta_ms=2.422
|clock_suspect=0
PMLE_LIVE_REPLAY_TIC|tic=3678|mle_ms=8.494|monotonic_ms=10|clock_delta_ms=1.506|
clock_suspect=0
PMLE_LIVE_REPLAY_TIC|tic=3679|mle_ms=32.717|monotonic_ms=40|clock_delta_ms=7.283
|clock_suspect=0
PMLE_LIVE_REPLAY_TIC|tic=3680|mle_ms=53.387|monotonic_ms=50|clock_delta_ms=3.387
|clock_suspect=0
PMLE_LIVE_REPLAY_TIC|tic=3681|mle_ms=24.633|monotonic_ms=20|clock_delta_ms=4.633
|clock_suspect=0
PMLE_LIVE_REPLAY_TIC|tic=3682|mle_ms=54.33|monotonic_ms=60|clock_delta_ms=5.67|c
lock_suspect=0
PMLE_LIVE_REPLAY_TIC|tic=3683|mle_ms=64.777|monotonic_ms=60|clock_delta_ms=4.777
|clock_suspect=0
PMLE_LIVE_REPLAY_TIC|tic=3684|mle_ms=19.269|monotonic_ms=20|clock_delta_ms=.731|
clock_suspect=0
PMLE_LIVE_REPLAY_TIC|tic=3685|mle_ms=31.228|monotonic_ms=30|clock_delta_ms=1.228
|clock_suspect=0
PMLE_LIVE_REPLAY_TIC|tic=3686|mle_ms=71.986|monotonic_ms=80|clock_delta_ms=8.014
|clock_suspect=0
PMLE_LIVE_REPLAY_TIC|tic=3687|mle_ms=11.987|monotonic_ms=10|clock_delta_ms=1.987
|clock_suspect=0
PMLE_LIVE_REPLAY_TIC|tic=3688|mle_ms=34.995|monotonic_ms=30|clock_delta_ms=4.995
|clock_suspect=0
PMLE_LIVE_REPLAY_TIC|tic=3689|mle_ms=55.004|monotonic_ms=60|clock_delta_ms=4.996
|clock_suspect=0
PMLE_LIVE_REPLAY_TIC|tic=3690|mle_ms=9.917|monotonic_ms=10|clock_delta_ms=.083|c
lock_suspect=0
PMLE_LIVE_REPLAY_TIC|tic=3691|mle_ms=45.752|monotonic_ms=40|clock_delta_ms=5.752
|clock_suspect=0
PMLE_LIVE_REPLAY_TIC|tic=3692|mle_ms=47.266|monotonic_ms=50|clock_delta_ms=2.734
|clock_suspect=0
PMLE_LIVE_REPLAY_TIC|tic=3693|mle_ms=29.603|monotonic_ms=30|clock_delta_ms=.397|
clock_suspect=0
PMLE_LIVE_REPLAY_TIC|tic=3694|mle_ms=51.927|monotonic_ms=50|clock_delta_ms=1.927
|clock_suspect=0
PMLE_LIVE_REPLAY_TIC|tic=3695|mle_ms=52.47|monotonic_ms=60|clock_delta_ms=7.53|c
lock_suspect=0
PMLE_LIVE_REPLAY_TIC|tic=3696|mle_ms=35.678|monotonic_ms=30|clock_delta_ms=5.678
|clock_suspect=0
PMLE_LIVE_REPLAY_TIC|tic=3697|mle_ms=32.804|monotonic_ms=30|clock_delta_ms=2.804
|clock_suspect=0
PMLE_LIVE_REPLAY_TIC|tic=3698|mle_ms=44.982|monotonic_ms=50|clock_delta_ms=5.018
|clock_suspect=0
PMLE_LIVE_REPLAY_TIC|tic=3699|mle_ms=10.009|monotonic_ms=10|clock_delta_ms=.009|
clock_suspect=0
PMLE_LIVE_REPLAY_TIC|tic=3700|mle_ms=33.198|monotonic_ms=30|clock_delta_ms=3.198
|clock_suspect=0
PMLE_LIVE_REPLAY_TIC|tic=3701|mle_ms=54.128|monotonic_ms=60|clock_delta_ms=5.872
|clock_suspect=0
PMLE_LIVE_REPLAY_TIC|tic=3702|mle_ms=9.487|monotonic_ms=10|clock_delta_ms=.513|c
lock_suspect=0
PMLE_LIVE_REPLAY_TIC|tic=3703|mle_ms=50.466|monotonic_ms=50|clock_delta_ms=.466|
clock_suspect=0
PMLE_LIVE_REPLAY_TIC|tic=3704|mle_ms=68.741|monotonic_ms=70|clock_delta_ms=1.259
|clock_suspect=0
PMLE_LIVE_REPLAY_TIC|tic=3705|mle_ms=9.139|monotonic_ms=10|clock_delta_ms=.861|c
lock_suspect=0
PMLE_LIVE_REPLAY_TIC|tic=3706|mle_ms=87.073|monotonic_ms=80|clock_delta_ms=7.073
|clock_suspect=0
PMLE_LIVE_REPLAY_TIC|tic=3707|mle_ms=52.698|monotonic_ms=60|clock_delta_ms=7.302
|clock_suspect=0
PMLE_LIVE_REPLAY_TIC|tic=3708|mle_ms=10.568|monotonic_ms=10|clock_delta_ms=.568|
clock_suspect=0
PMLE_LIVE_REPLAY_TIC|tic=3709|mle_ms=61.278|monotonic_ms=60|clock_delta_ms=1.278
|clock_suspect=0
PMLE_LIVE_REPLAY_TIC|tic=3710|mle_ms=50.969|monotonic_ms=50|clock_delta_ms=.969|
clock_suspect=0
PMLE_LIVE_REPLAY_TIC|tic=3711|mle_ms=23.114|monotonic_ms=20|clock_delta_ms=3.114
|clock_suspect=0
PMLE_LIVE_REPLAY_TIC|tic=3712|mle_ms=52.773|monotonic_ms=50|clock_delta_ms=2.773
|clock_suspect=0
PMLE_LIVE_REPLAY_TIC|tic=3713|mle_ms=65.136|monotonic_ms=70|clock_delta_ms=4.864
|clock_suspect=0
PMLE_LIVE_REPLAY_TIC|tic=3714|mle_ms=18.606|monotonic_ms=20|clock_delta_ms=1.394
|clock_suspect=0
PMLE_LIVE_REPLAY_TIC|tic=3715|mle_ms=46.215|monotonic_ms=40|clock_delta_ms=6.215
|clock_suspect=0
PMLE_LIVE_REPLAY_TIC|tic=3716|mle_ms=81.08|monotonic_ms=90|clock_delta_ms=8.92|c
lock_suspect=0
PMLE_LIVE_REPLAY_TIC|tic=3717|mle_ms=9.747|monotonic_ms=10|clock_delta_ms=.253|c
lock_suspect=0
PMLE_LIVE_REPLAY_TIC|tic=3718|mle_ms=75.173|monotonic_ms=70|clock_delta_ms=5.173
|clock_suspect=0
PMLE_LIVE_REPLAY_TIC|tic=3719|mle_ms=51.602|monotonic_ms=50|clock_delta_ms=1.602
|clock_suspect=0
PMLE_LIVE_REPLAY_TIC|tic=3720|mle_ms=8.549|monotonic_ms=10|clock_delta_ms=1.451|
clock_suspect=0
PMLE_LIVE_REPLAY_TIC|tic=3721|mle_ms=59.87|monotonic_ms=60|clock_delta_ms=.13|cl
ock_suspect=0
PMLE_LIVE_REPLAY_TIC|tic=3722|mle_ms=45.309|monotonic_ms=50|clock_delta_ms=4.691
|clock_suspect=0
PMLE_LIVE_REPLAY_TIC|tic=3723|mle_ms=22.87|monotonic_ms=20|clock_delta_ms=2.87|c
lock_suspect=0
PMLE_LIVE_REPLAY_TIC|tic=3724|mle_ms=55.528|monotonic_ms=60|clock_delta_ms=4.472
|clock_suspect=0
PMLE_LIVE_REPLAY_TIC|tic=3725|mle_ms=45.595|monotonic_ms=40|clock_delta_ms=5.595
|clock_suspect=0
PMLE_LIVE_REPLAY_TIC|tic=3726|mle_ms=33.837|monotonic_ms=30|clock_delta_ms=3.837
|clock_suspect=0
PMLE_LIVE_REPLAY_TIC|tic=3727|mle_ms=51.883|monotonic_ms=60|clock_delta_ms=8.117
|clock_suspect=0
PMLE_LIVE_REPLAY_TIC|tic=3728|mle_ms=53.18|monotonic_ms=50|clock_delta_ms=3.18|c
lock_suspect=0
PMLE_LIVE_REPLAY_TIC|tic=3729|mle_ms=13.866|monotonic_ms=10|clock_delta_ms=3.866
|clock_suspect=0
PMLE_LIVE_REPLAY_TIC|tic=3730|mle_ms=68.324|monotonic_ms=70|clock_delta_ms=1.676
|clock_suspect=0
PMLE_LIVE_REPLAY_TIC|tic=3731|mle_ms=-18.484|monotonic_ms=100|clock_delta_ms=118
.484|clock_suspect=1
PMLE_LIVE_REPLAY_TIC|tic=3732|mle_ms=12.082|monotonic_ms=10|clock_delta_ms=2.082
|clock_suspect=0
PMLE_LIVE_REPLAY_TIC|tic=3733|mle_ms=77.396|monotonic_ms=80|clock_delta_ms=2.604
|clock_suspect=0
PMLE_LIVE_REPLAY_TIC|tic=3734|mle_ms=67.76|monotonic_ms=70|clock_delta_ms=2.24|c
lock_suspect=0
PMLE_LIVE_REPLAY_TIC|tic=3735|mle_ms=11.112|monotonic_ms=10|clock_delta_ms=1.112
|clock_suspect=0
PMLE_LIVE_REPLAY_TIC|tic=3736|mle_ms=73.831|monotonic_ms=70|clock_delta_ms=3.831
|clock_suspect=0
PMLE_LIVE_REPLAY_TIC|tic=3737|mle_ms=53.124|monotonic_ms=50|clock_delta_ms=3.124
|clock_suspect=0
PMLE_LIVE_REPLAY_TIC|tic=3738|mle_ms=11.733|monotonic_ms=20|clock_delta_ms=8.267
|clock_suspect=0
PMLE_LIVE_REPLAY_TIC|tic=3739|mle_ms=69.434|monotonic_ms=70|clock_delta_ms=.566|
clock_suspect=0
PMLE_LIVE_REPLAY_TIC|tic=3740|mle_ms=45.622|monotonic_ms=40|clock_delta_ms=5.622
|clock_suspect=0
PMLE_LIVE_REPLAY_TIC|tic=3741|mle_ms=20.963|monotonic_ms=20|clock_delta_ms=.963|
clock_suspect=0
PMLE_LIVE_REPLAY_TIC|tic=3742|mle_ms=36.375|monotonic_ms=40|clock_delta_ms=3.625
|clock_suspect=0
PMLE_LIVE_REPLAY_TIC|tic=3743|mle_ms=60.23|monotonic_ms=60|clock_delta_ms=.23|cl
ock_suspect=0
PMLE_LIVE_REPLAY_TIC|tic=3744|mle_ms=21.569|monotonic_ms=20|clock_delta_ms=1.569
|clock_suspect=0
PMLE_LIVE_REPLAY_TIC|tic=3745|mle_ms=38.838|monotonic_ms=40|clock_delta_ms=1.162
|clock_suspect=0
PMLE_LIVE_REPLAY_TIC|tic=3746|mle_ms=74.14|monotonic_ms=70|clock_delta_ms=4.14|c
lock_suspect=0
PMLE_LIVE_REPLAY_TIC|tic=3747|mle_ms=8.971|monotonic_ms=10|clock_delta_ms=1.029|
clock_suspect=0
PMLE_LIVE_REPLAY_TIC|tic=3748|mle_ms=36.516|monotonic_ms=40|clock_delta_ms=3.484
|clock_suspect=0
PMLE_LIVE_REPLAY_TIC|tic=3749|mle_ms=52.286|monotonic_ms=50|clock_delta_ms=2.286
|clock_suspect=0
PMLE_LIVE_REPLAY_TIC|tic=3750|mle_ms=9.585|monotonic_ms=10|clock_delta_ms=.415|c
lock_suspect=0
PMLE_LIVE_REPLAY_TIC|tic=3751|mle_ms=41.087|monotonic_ms=40|clock_delta_ms=1.087
|clock_suspect=0
PMLE_LIVE_REPLAY_TIC|tic=3752|mle_ms=33.794|monotonic_ms=40|clock_delta_ms=6.206
|clock_suspect=0
PMLE_LIVE_REPLAY_TIC|tic=3753|mle_ms=27.298|monotonic_ms=20|clock_delta_ms=7.298
|clock_suspect=0
PMLE_LIVE_REPLAY_TIC|tic=3754|mle_ms=39.74|monotonic_ms=40|clock_delta_ms=.26|cl
ock_suspect=0
PMLE_LIVE_REPLAY_TIC|tic=3755|mle_ms=44.881|monotonic_ms=50|clock_delta_ms=5.119
|clock_suspect=0
PMLE_LIVE_REPLAY_TIC|tic=3756|mle_ms=35.33|monotonic_ms=30|clock_delta_ms=5.33|c
lock_suspect=0
PMLE_LIVE_REPLAY_TIC|tic=3757|mle_ms=28.976|monotonic_ms=30|clock_delta_ms=1.024
|clock_suspect=0
PMLE_LIVE_REPLAY_TIC|tic=3758|mle_ms=47.164|monotonic_ms=50|clock_delta_ms=2.836
|clock_suspect=0
PMLE_LIVE_REPLAY_TIC|tic=3759|mle_ms=20.094|monotonic_ms=20|clock_delta_ms=.094|
clock_suspect=0
PMLE_LIVE_REPLAY_TIC|tic=3760|mle_ms=44.137|monotonic_ms=40|clock_delta_ms=4.137
|clock_suspect=0
PMLE_LIVE_REPLAY_TIC|tic=3761|mle_ms=81.146|monotonic_ms=90|clock_delta_ms=8.854
|clock_suspect=0
PMLE_LIVE_REPLAY_TIC|tic=3762|mle_ms=12.54|monotonic_ms=10|clock_delta_ms=2.54|c
lock_suspect=0
PMLE_LIVE_REPLAY_TIC|tic=3763|mle_ms=61.41|monotonic_ms=60|clock_delta_ms=1.41|c
lock_suspect=0
PMLE_LIVE_REPLAY_TIC|tic=3764|mle_ms=74.053|monotonic_ms=70|clock_delta_ms=4.053
|clock_suspect=0
PMLE_LIVE_REPLAY_TIC|tic=3765|mle_ms=10.808|monotonic_ms=20|clock_delta_ms=9.192
|clock_suspect=0
PMLE_LIVE_REPLAY_TIC|tic=3766|mle_ms=65.431|monotonic_ms=60|clock_delta_ms=5.431
|clock_suspect=0
PMLE_LIVE_REPLAY_TIC|tic=3767|mle_ms=56.052|monotonic_ms=60|clock_delta_ms=3.948
|clock_suspect=0
PMLE_LIVE_REPLAY_TIC|tic=3768|mle_ms=10.799|monotonic_ms=10|clock_delta_ms=.799|
clock_suspect=0
PMLE_LIVE_REPLAY_TIC|tic=3769|mle_ms=37.224|monotonic_ms=40|clock_delta_ms=2.776
|clock_suspect=0
PMLE_LIVE_REPLAY_TIC|tic=3770|mle_ms=52.291|monotonic_ms=50|clock_delta_ms=2.291
|clock_suspect=0
PMLE_LIVE_REPLAY_TIC|tic=3771|mle_ms=24.415|monotonic_ms=20|clock_delta_ms=4.415
|clock_suspect=0
PMLE_LIVE_REPLAY_TIC|tic=3772|mle_ms=37.491|monotonic_ms=40|clock_delta_ms=2.509
|clock_suspect=0
PMLE_LIVE_REPLAY_TIC|tic=3773|mle_ms=72.468|monotonic_ms=70|clock_delta_ms=2.468
|clock_suspect=0
PMLE_LIVE_REPLAY_TIC|tic=3774|mle_ms=18.619|monotonic_ms=20|clock_delta_ms=1.381
|clock_suspect=0
PMLE_LIVE_REPLAY_TIC|tic=3775|mle_ms=38.673|monotonic_ms=40|clock_delta_ms=1.327
|clock_suspect=0
PMLE_LIVE_REPLAY_TIC|tic=3776|mle_ms=86.05|monotonic_ms=90|clock_delta_ms=3.95|c
lock_suspect=0
PMLE_LIVE_REPLAY_TIC|tic=3777|mle_ms=9.486|monotonic_ms=10|clock_delta_ms=.514|c
lock_suspect=0
PMLE_LIVE_REPLAY_TIC|tic=3778|mle_ms=33.849|monotonic_ms=30|clock_delta_ms=3.849
|clock_suspect=0
PMLE_LIVE_REPLAY_TIC|tic=3779|mle_ms=53.645|monotonic_ms=50|clock_delta_ms=3.645
|clock_suspect=0
PMLE_LIVE_REPLAY_TIC|tic=3780|mle_ms=10.381|monotonic_ms=10|clock_delta_ms=.381|
clock_suspect=0
PMLE_LIVE_REPLAY_TIC|tic=3781|mle_ms=62.056|monotonic_ms=70|clock_delta_ms=7.944
|clock_suspect=0
PMLE_LIVE_REPLAY_TIC|tic=3782|mle_ms=62.246|monotonic_ms=60|clock_delta_ms=2.246
|clock_suspect=0
PMLE_LIVE_REPLAY_TIC|tic=3783|mle_ms=23.345|monotonic_ms=20|clock_delta_ms=3.345
|clock_suspect=0
PMLE_LIVE_REPLAY_TIC|tic=3784|mle_ms=43.231|monotonic_ms=40|clock_delta_ms=3.231
|clock_suspect=0
PMLE_LIVE_REPLAY_TIC|tic=3785|mle_ms=42.567|monotonic_ms=50|clock_delta_ms=7.433
|clock_suspect=0
PMLE_LIVE_REPLAY_TIC|tic=3786|mle_ms=33.032|monotonic_ms=30|clock_delta_ms=3.032
|clock_suspect=0
PMLE_LIVE_REPLAY_TIC|tic=3787|mle_ms=35.844|monotonic_ms=40|clock_delta_ms=4.156
|clock_suspect=0
PMLE_LIVE_REPLAY_TIC|tic=3788|mle_ms=49.787|monotonic_ms=50|clock_delta_ms=.213|
clock_suspect=0
PMLE_LIVE_REPLAY_TIC|tic=3789|mle_ms=12.481|monotonic_ms=10|clock_delta_ms=2.481
|clock_suspect=0
PMLE_LIVE_REPLAY_TIC|tic=3790|mle_ms=36.443|monotonic_ms=40|clock_delta_ms=3.557
|clock_suspect=0
PMLE_LIVE_REPLAY_TIC|tic=3791|mle_ms=61.613|monotonic_ms=60|clock_delta_ms=1.613
|clock_suspect=0
PMLE_LIVE_REPLAY_TIC|tic=3792|mle_ms=10.842|monotonic_ms=10|clock_delta_ms=.842|
clock_suspect=0
PMLE_LIVE_REPLAY_TIC|tic=3793|mle_ms=48.91|monotonic_ms=50|clock_delta_ms=1.09|c
lock_suspect=0
PMLE_LIVE_REPLAY_TIC|tic=3794|mle_ms=54.972|monotonic_ms=50|clock_delta_ms=4.972
|clock_suspect=0
PMLE_LIVE_REPLAY_TIC|tic=3795|mle_ms=10.478|monotonic_ms=10|clock_delta_ms=.478|
clock_suspect=0
PMLE_LIVE_REPLAY_TIC|tic=3796|mle_ms=56.549|monotonic_ms=60|clock_delta_ms=3.451
|clock_suspect=0
PMLE_LIVE_REPLAY_TIC|tic=3797|mle_ms=48.599|monotonic_ms=50|clock_delta_ms=1.401
|clock_suspect=0
PMLE_LIVE_REPLAY_TIC|tic=3798|mle_ms=10.189|monotonic_ms=10|clock_delta_ms=.189|
clock_suspect=0
PMLE_LIVE_REPLAY_TIC|tic=3799|mle_ms=35.804|monotonic_ms=30|clock_delta_ms=5.804
|clock_suspect=0
PMLE_LIVE_REPLAY_TIC|tic=3800|mle_ms=47.328|monotonic_ms=50|clock_delta_ms=2.672
|clock_suspect=0
PMLE_LIVE_REPLAY_TIC|tic=3801|mle_ms=25.582|monotonic_ms=30|clock_delta_ms=4.418
|clock_suspect=0
PMLE_LIVE_REPLAY_TIC|tic=3802|mle_ms=41.764|monotonic_ms=40|clock_delta_ms=1.764
|clock_suspect=0
PMLE_LIVE_REPLAY_TIC|tic=3803|mle_ms=70.426|monotonic_ms=70|clock_delta_ms=.426|
clock_suspect=0
PMLE_LIVE_REPLAY_TIC|tic=3804|mle_ms=17.365|monotonic_ms=20|clock_delta_ms=2.635
|clock_suspect=0
PMLE_LIVE_REPLAY_TIC|tic=3805|mle_ms=40.867|monotonic_ms=40|clock_delta_ms=.867|
clock_suspect=0
PMLE_LIVE_REPLAY_TIC|tic=3806|mle_ms=72.792|monotonic_ms=70|clock_delta_ms=2.792
|clock_suspect=0
PMLE_LIVE_REPLAY_TIC|tic=3807|mle_ms=8.265|monotonic_ms=10|clock_delta_ms=1.735|
clock_suspect=0
PMLE_LIVE_REPLAY_TIC|tic=3808|mle_ms=38.401|monotonic_ms=40|clock_delta_ms=1.599
|clock_suspect=0
PMLE_LIVE_REPLAY_TIC|tic=3809|mle_ms=46.892|monotonic_ms=50|clock_delta_ms=3.108
|clock_suspect=0
PMLE_LIVE_REPLAY_TIC|tic=3810|mle_ms=8.807|monotonic_ms=10|clock_delta_ms=1.193|
clock_suspect=0
PMLE_LIVE_REPLAY_TIC|tic=3811|mle_ms=51.164|monotonic_ms=50|clock_delta_ms=1.164
|clock_suspect=0
PMLE_LIVE_REPLAY_TIC|tic=3812|mle_ms=45.231|monotonic_ms=40|clock_delta_ms=5.231
|clock_suspect=0
PMLE_LIVE_REPLAY_TIC|tic=3813|mle_ms=24.493|monotonic_ms=30|clock_delta_ms=5.507
|clock_suspect=0
PMLE_LIVE_REPLAY_TIC|tic=3814|mle_ms=65.904|monotonic_ms=60|clock_delta_ms=5.904
|clock_suspect=0
PMLE_LIVE_REPLAY_TIC|tic=3815|mle_ms=31.805|monotonic_ms=30|clock_delta_ms=1.805
|clock_suspect=0
PMLE_LIVE_REPLAY_TIC|tic=3816|mle_ms=36.856|monotonic_ms=40|clock_delta_ms=3.144
|clock_suspect=0
PMLE_LIVE_REPLAY_TIC|tic=3817|mle_ms=33.247|monotonic_ms=40|clock_delta_ms=6.753
|clock_suspect=0
PMLE_LIVE_REPLAY_TIC|tic=3818|mle_ms=31.743|monotonic_ms=30|clock_delta_ms=1.743
|clock_suspect=0
PMLE_LIVE_REPLAY_TIC|tic=3819|mle_ms=12.318|monotonic_ms=10|clock_delta_ms=2.318
|clock_suspect=0
PMLE_LIVE_REPLAY_TIC|tic=3820|mle_ms=33.509|monotonic_ms=30|clock_delta_ms=3.509
|clock_suspect=0
PMLE_LIVE_REPLAY_TIC|tic=3821|mle_ms=55.724|monotonic_ms=60|clock_delta_ms=4.276
|clock_suspect=0
PMLE_LIVE_REPLAY_TIC|tic=3822|mle_ms=11.089|monotonic_ms=10|clock_delta_ms=1.089
|clock_suspect=0
PMLE_LIVE_REPLAY_TIC|tic=3823|mle_ms=51.761|monotonic_ms=50|clock_delta_ms=1.761
|clock_suspect=0
PMLE_LIVE_REPLAY_TIC|tic=3824|mle_ms=45.175|monotonic_ms=50|clock_delta_ms=4.825
|clock_suspect=0
PMLE_LIVE_REPLAY_TIC|tic=3825|mle_ms=9.524|monotonic_ms=10|clock_delta_ms=.476|c
lock_suspect=0
PMLE_LIVE_REPLAY_TIC|tic=3826|mle_ms=60.024|monotonic_ms=60|clock_delta_ms=.024|
clock_suspect=0
PMLE_LIVE_REPLAY_TIC|tic=3827|mle_ms=33.982|monotonic_ms=30|clock_delta_ms=3.982
|clock_suspect=0
PMLE_LIVE_REPLAY_TIC|tic=3828|mle_ms=11.014|monotonic_ms=10|clock_delta_ms=1.014
|clock_suspect=0
PMLE_LIVE_REPLAY_TIC|tic=3829|mle_ms=39.194|monotonic_ms=40|clock_delta_ms=.806|
clock_suspect=0
PMLE_LIVE_REPLAY_TIC|tic=3830|mle_ms=10.151|monotonic_ms=10|clock_delta_ms=.151|
clock_suspect=0
PMLE_LIVE_REPLAY_TIC|tic=3831|mle_ms=24.348|monotonic_ms=30|clock_delta_ms=5.652
|clock_suspect=0
PMLE_LIVE_REPLAY_TIC|tic=3832|mle_ms=39.196|monotonic_ms=40|clock_delta_ms=.804|
clock_suspect=0
PMLE_LIVE_REPLAY_TIC|tic=3833|mle_ms=29.543|monotonic_ms=20|clock_delta_ms=9.543
|clock_suspect=0
PMLE_LIVE_REPLAY_TIC|tic=3834|mle_ms=20.94|monotonic_ms=30|clock_delta_ms=9.06|c
lock_suspect=0
PMLE_LIVE_REPLAY_TIC|tic=3835|mle_ms=36.932|monotonic_ms=30|clock_delta_ms=6.932
|clock_suspect=0
PMLE_LIVE_REPLAY_TIC|tic=3836|mle_ms=34.611|monotonic_ms=40|clock_delta_ms=5.389
|clock_suspect=0
PMLE_LIVE_REPLAY_TIC|tic=3837|mle_ms=7.669|monotonic_ms=10|clock_delta_ms=2.331|
clock_suspect=0
PMLE_LIVE_REPLAY_TIC|tic=3838|mle_ms=34.348|monotonic_ms=30|clock_delta_ms=4.348
|clock_suspect=0
PMLE_LIVE_REPLAY_TIC|tic=3839|mle_ms=12.573|monotonic_ms=10|clock_delta_ms=2.573
|clock_suspect=0
PMLE_LIVE_REPLAY_TIC|tic=3840|mle_ms=11.02|monotonic_ms=10|clock_delta_ms=1.02|c
lock_suspect=0
PMLE_LIVE_REPLAY_TIC|tic=3841|mle_ms=47.92|monotonic_ms=50|clock_delta_ms=2.08|c
lock_suspect=0
PMLE_LIVE_REPLAY_TIC|tic=3842|mle_ms=9.423|monotonic_ms=10|clock_delta_ms=.577|c
lock_suspect=0
PMLE_LIVE_REPLAY_TIC|tic=3843|mle_ms=33.953|monotonic_ms=30|clock_delta_ms=3.953
|clock_suspect=0
PMLE_LIVE_REPLAY_TIC|tic=3844|mle_ms=46.835|monotonic_ms=40|clock_delta_ms=6.835
|clock_suspect=0
PMLE_LIVE_REPLAY_TIC|tic=3845|mle_ms=11.159|monotonic_ms=10|clock_delta_ms=1.159
|clock_suspect=0
PMLE_LIVE_REPLAY_TIC|tic=3846|mle_ms=36.003|monotonic_ms=40|clock_delta_ms=3.997
|clock_suspect=0
PMLE_LIVE_REPLAY_TIC|tic=3847|mle_ms=37.73|monotonic_ms=40|clock_delta_ms=2.27|c
lock_suspect=0
PMLE_LIVE_REPLAY_TIC|tic=3848|mle_ms=13.231|monotonic_ms=10|clock_delta_ms=3.231
|clock_suspect=0
PMLE_LIVE_REPLAY_TIC|tic=3849|mle_ms=21.806|monotonic_ms=20|clock_delta_ms=1.806
|clock_suspect=0
PMLE_LIVE_REPLAY_TIC|tic=3850|mle_ms=51.348|monotonic_ms=50|clock_delta_ms=1.348
|clock_suspect=0
PMLE_LIVE_REPLAY_TIC|tic=3851|mle_ms=30.033|monotonic_ms=30|clock_delta_ms=.033|
clock_suspect=0
PMLE_LIVE_REPLAY_TIC|tic=3852|mle_ms=39.831|monotonic_ms=40|clock_delta_ms=.169|
clock_suspect=0
PMLE_LIVE_REPLAY_TIC|tic=3853|mle_ms=56.229|monotonic_ms=60|clock_delta_ms=3.771
|clock_suspect=0
PMLE_LIVE_REPLAY_TIC|tic=3854|mle_ms=19.593|monotonic_ms=20|clock_delta_ms=.407|
clock_suspect=0
PMLE_LIVE_REPLAY_TIC|tic=3855|mle_ms=35.487|monotonic_ms=40|clock_delta_ms=4.513
|clock_suspect=0
PMLE_LIVE_REPLAY_TIC|tic=3856|mle_ms=61.308|monotonic_ms=60|clock_delta_ms=1.308
|clock_suspect=0
PMLE_LIVE_REPLAY_TIC|tic=3857|mle_ms=10.964|monotonic_ms=10|clock_delta_ms=.964|
clock_suspect=0
PMLE_LIVE_REPLAY_TIC|tic=3858|mle_ms=70.985|monotonic_ms=70|clock_delta_ms=.985|
clock_suspect=0
PMLE_LIVE_REPLAY_TIC|tic=3859|mle_ms=51.884|monotonic_ms=50|clock_delta_ms=1.884
|clock_suspect=0
PMLE_LIVE_REPLAY_TIC|tic=3860|mle_ms=11.926|monotonic_ms=10|clock_delta_ms=1.926
|clock_suspect=0
PMLE_LIVE_REPLAY_TIC|tic=3861|mle_ms=55.193|monotonic_ms=60|clock_delta_ms=4.807
|clock_suspect=0
PMLE_LIVE_REPLAY_TIC|tic=3862|mle_ms=38.946|monotonic_ms=40|clock_delta_ms=1.054
|clock_suspect=0
PMLE_LIVE_REPLAY_TIC|tic=3863|mle_ms=34.174|monotonic_ms=30|clock_delta_ms=4.174
|clock_suspect=0
PMLE_LIVE_REPLAY_TIC|tic=3864|mle_ms=84.981|monotonic_ms=90|clock_delta_ms=5.019
|clock_suspect=0
PMLE_LIVE_REPLAY_TIC|tic=3865|mle_ms=38.309|monotonic_ms=30|clock_delta_ms=8.309
|clock_suspect=0
PMLE_LIVE_REPLAY_TIC|tic=3866|mle_ms=37.571|monotonic_ms=40|clock_delta_ms=2.429
|clock_suspect=0
PMLE_LIVE_REPLAY_TIC|tic=3867|mle_ms=35.203|monotonic_ms=40|clock_delta_ms=4.797
|clock_suspect=0
PMLE_LIVE_REPLAY_TIC|tic=3868|mle_ms=33.003|monotonic_ms=30|clock_delta_ms=3.003
|clock_suspect=0
PMLE_LIVE_REPLAY_TIC|tic=3869|mle_ms=13.911|monotonic_ms=10|clock_delta_ms=3.911
|clock_suspect=0
PMLE_LIVE_REPLAY_TIC|tic=3870|mle_ms=38.652|monotonic_ms=40|clock_delta_ms=1.348
|clock_suspect=0
PMLE_LIVE_REPLAY_TIC|tic=3871|mle_ms=49.556|monotonic_ms=50|clock_delta_ms=.444|
clock_suspect=0
PMLE_LIVE_REPLAY_TIC|tic=3872|mle_ms=14.343|monotonic_ms=20|clock_delta_ms=5.657
|clock_suspect=0
PMLE_LIVE_REPLAY_TIC|tic=3873|mle_ms=60.909|monotonic_ms=60|clock_delta_ms=.909|
clock_suspect=0
PMLE_LIVE_REPLAY_TIC|tic=3874|mle_ms=54.062|monotonic_ms=50|clock_delta_ms=4.062
|clock_suspect=0
PMLE_LIVE_REPLAY_TIC|tic=3875|mle_ms=14.647|monotonic_ms=20|clock_delta_ms=5.353
|clock_suspect=0
PMLE_LIVE_REPLAY_TIC|tic=3876|mle_ms=70.981|monotonic_ms=70|clock_delta_ms=.981|
clock_suspect=0
PMLE_LIVE_REPLAY_TIC|tic=3877|mle_ms=62.271|monotonic_ms=60|clock_delta_ms=2.271
|clock_suspect=0
PMLE_LIVE_REPLAY_TIC|tic=3878|mle_ms=12.78|monotonic_ms=10|clock_delta_ms=2.78|c
lock_suspect=0
PMLE_LIVE_REPLAY_TIC|tic=3879|mle_ms=43.208|monotonic_ms=50|clock_delta_ms=6.792
|clock_suspect=0
PMLE_LIVE_REPLAY_TIC|tic=3880|mle_ms=41.577|monotonic_ms=40|clock_delta_ms=1.577
|clock_suspect=0
PMLE_LIVE_REPLAY_TIC|tic=3881|mle_ms=26.799|monotonic_ms=30|clock_delta_ms=3.201
|clock_suspect=0
PMLE_LIVE_REPLAY_TIC|tic=3882|mle_ms=39.266|monotonic_ms=30|clock_delta_ms=9.266
|clock_suspect=0
PMLE_LIVE_REPLAY_TIC|tic=3883|mle_ms=51.399|monotonic_ms=60|clock_delta_ms=8.601
|clock_suspect=0
PMLE_LIVE_REPLAY_TIC|tic=3884|mle_ms=18.144|monotonic_ms=10|clock_delta_ms=8.144
|clock_suspect=0
PMLE_LIVE_REPLAY_TIC|tic=3885|mle_ms=32.615|monotonic_ms=40|clock_delta_ms=7.385
|clock_suspect=0
PMLE_LIVE_REPLAY_TIC|tic=3886|mle_ms=67.441|monotonic_ms=60|clock_delta_ms=7.441
|clock_suspect=0
PMLE_LIVE_REPLAY_TIC|tic=3887|mle_ms=12.109|monotonic_ms=20|clock_delta_ms=7.891
|clock_suspect=0
PMLE_LIVE_REPLAY_TIC|tic=3888|mle_ms=38.726|monotonic_ms=40|clock_delta_ms=1.274
|clock_suspect=0
PMLE_LIVE_REPLAY_TIC|tic=3889|mle_ms=39.951|monotonic_ms=40|clock_delta_ms=.049|
clock_suspect=0
PMLE_LIVE_REPLAY_TIC|tic=3890|mle_ms=12.579|monotonic_ms=10|clock_delta_ms=2.579
|clock_suspect=0
PMLE_LIVE_REPLAY_TIC|tic=3891|mle_ms=51.171|monotonic_ms=50|clock_delta_ms=1.171
|clock_suspect=0
PMLE_LIVE_REPLAY_TIC|tic=3892|mle_ms=39.138|monotonic_ms=40|clock_delta_ms=.862|
clock_suspect=0
PMLE_LIVE_REPLAY_TIC|tic=3893|mle_ms=35.88|monotonic_ms=30|clock_delta_ms=5.88|c
lock_suspect=0
PMLE_LIVE_REPLAY_TIC|tic=3894|mle_ms=47.562|monotonic_ms=50|clock_delta_ms=2.438
|clock_suspect=0
PMLE_LIVE_REPLAY_TIC|tic=3895|mle_ms=38.4|monotonic_ms=40|clock_delta_ms=1.6|clo
ck_suspect=0
PMLE_LIVE_REPLAY_TIC|tic=3896|mle_ms=43.798|monotonic_ms=40|clock_delta_ms=3.798
|clock_suspect=0
PMLE_LIVE_REPLAY_TIC|tic=3897|mle_ms=59.616|monotonic_ms=60|clock_delta_ms=.384|
clock_suspect=0
PMLE_LIVE_REPLAY_TIC|tic=3898|mle_ms=52.096|monotonic_ms=60|clock_delta_ms=7.904
|clock_suspect=0
PMLE_LIVE_REPLAY_TIC|tic=3899|mle_ms=16.903|monotonic_ms=10|clock_delta_ms=6.903
|clock_suspect=0
PMLE_LIVE_REPLAY_TIC|tic=3900|mle_ms=37.151|monotonic_ms=40|clock_delta_ms=2.849
|clock_suspect=0
PMLE_LIVE_REPLAY_TIC|tic=3901|mle_ms=51.85|monotonic_ms=60|clock_delta_ms=8.15|c
lock_suspect=0
PMLE_LIVE_REPLAY_TIC|tic=3902|mle_ms=10.813|monotonic_ms=10|clock_delta_ms=.813|
clock_suspect=0
PMLE_LIVE_REPLAY_TIC|tic=3903|mle_ms=51.495|monotonic_ms=50|clock_delta_ms=1.495
|clock_suspect=0
PMLE_LIVE_REPLAY_TIC|tic=3904|mle_ms=45.764|monotonic_ms=40|clock_delta_ms=5.764
|clock_suspect=0
PMLE_LIVE_REPLAY_TIC|tic=3905|mle_ms=10.258|monotonic_ms=20|clock_delta_ms=9.742
|clock_suspect=0
PMLE_LIVE_REPLAY_TIC|tic=3906|mle_ms=61.557|monotonic_ms=60|clock_delta_ms=1.557
|clock_suspect=0
PMLE_LIVE_REPLAY_TIC|tic=3907|mle_ms=35.752|monotonic_ms=30|clock_delta_ms=5.752
|clock_suspect=0
PMLE_LIVE_REPLAY_TIC|tic=3908|mle_ms=9.731|monotonic_ms=10|clock_delta_ms=.269|c
lock_suspect=0
PMLE_LIVE_REPLAY_TIC|tic=3909|mle_ms=40.002|monotonic_ms=40|clock_delta_ms=.002|
clock_suspect=0
PMLE_LIVE_REPLAY_TIC|tic=3910|mle_ms=51.151|monotonic_ms=50|clock_delta_ms=1.151
|clock_suspect=0
PMLE_LIVE_REPLAY_TIC|tic=3911|mle_ms=27.959|monotonic_ms=30|clock_delta_ms=2.041
|clock_suspect=0
PMLE_LIVE_REPLAY_TIC|tic=3912|mle_ms=36.807|monotonic_ms=40|clock_delta_ms=3.193
|clock_suspect=0
PMLE_LIVE_REPLAY_TIC|tic=3913|mle_ms=54.116|monotonic_ms=50|clock_delta_ms=4.116
|clock_suspect=0
PMLE_LIVE_REPLAY_TIC|tic=3914|mle_ms=23.538|monotonic_ms=30|clock_delta_ms=6.462
|clock_suspect=0
PMLE_LIVE_REPLAY_TIC|tic=3915|mle_ms=12.228|monotonic_ms=10|clock_delta_ms=2.228
|clock_suspect=0
PMLE_LIVE_REPLAY_TIC|tic=3916|mle_ms=58.712|monotonic_ms=60|clock_delta_ms=1.288
|clock_suspect=0
PMLE_LIVE_REPLAY_TIC|tic=3917|mle_ms=9.664|monotonic_ms=10|clock_delta_ms=.336|c
lock_suspect=0
PMLE_LIVE_REPLAY_TIC|tic=3918|mle_ms=12|monotonic_ms=10|clock_delta_ms=2|clock_s
uspect=0
PMLE_LIVE_REPLAY_TIC|tic=3919|mle_ms=38.291|monotonic_ms=40|clock_delta_ms=1.709
|clock_suspect=0
PMLE_LIVE_REPLAY_TIC|tic=3920|mle_ms=10.374|monotonic_ms=10|clock_delta_ms=.374|
clock_suspect=0
PMLE_LIVE_REPLAY_TIC|tic=3921|mle_ms=20.938|monotonic_ms=20|clock_delta_ms=.938|
clock_suspect=0
PMLE_LIVE_REPLAY_TIC|tic=3922|mle_ms=34.306|monotonic_ms=30|clock_delta_ms=4.306
|clock_suspect=0
PMLE_LIVE_REPLAY_TIC|tic=3923|mle_ms=29.588|monotonic_ms=30|clock_delta_ms=.412|
clock_suspect=0
PMLE_LIVE_REPLAY_TIC|tic=3924|mle_ms=20.103|monotonic_ms=20|clock_delta_ms=.103|
clock_suspect=0
PMLE_LIVE_REPLAY_TIC|tic=3925|mle_ms=30.399|monotonic_ms=30|clock_delta_ms=.399|
clock_suspect=0
PMLE_LIVE_REPLAY_TIC|tic=3926|mle_ms=36.831|monotonic_ms=40|clock_delta_ms=3.169
|clock_suspect=0
PMLE_LIVE_REPLAY_TIC|tic=3927|mle_ms=11.163|monotonic_ms=10|clock_delta_ms=1.163
|clock_suspect=0
PMLE_LIVE_REPLAY_TIC|tic=3928|mle_ms=36.043|monotonic_ms=40|clock_delta_ms=3.957
|clock_suspect=0
PMLE_LIVE_REPLAY_TIC|tic=3929|mle_ms=14.18|monotonic_ms=10|clock_delta_ms=4.18|c
lock_suspect=0
PMLE_LIVE_REPLAY_TIC|tic=3930|mle_ms=14.146|monotonic_ms=20|clock_delta_ms=5.854
|clock_suspect=0
PMLE_LIVE_REPLAY_TIC|tic=3931|mle_ms=78.591|monotonic_ms=80|clock_delta_ms=1.409
|clock_suspect=0
PMLE_LIVE_REPLAY_TIC|tic=3932|mle_ms=14.51|monotonic_ms=10|clock_delta_ms=4.51|c
lock_suspect=0
PMLE_LIVE_REPLAY_TIC|tic=3933|mle_ms=33.799|monotonic_ms=30|clock_delta_ms=3.799
|clock_suspect=0
PMLE_LIVE_REPLAY_TIC|tic=3934|mle_ms=48.872|monotonic_ms=50|clock_delta_ms=1.128
|clock_suspect=0
PMLE_LIVE_REPLAY_TIC|tic=3935|mle_ms=13.007|monotonic_ms=20|clock_delta_ms=6.993
|clock_suspect=0
PMLE_LIVE_REPLAY_TIC|tic=3936|mle_ms=40.82|monotonic_ms=40|clock_delta_ms=.82|cl
ock_suspect=0
PMLE_LIVE_REPLAY_TIC|tic=3937|mle_ms=53.068|monotonic_ms=50|clock_delta_ms=3.068
|clock_suspect=0
PMLE_LIVE_REPLAY_TIC|tic=3938|mle_ms=12.438|monotonic_ms=10|clock_delta_ms=2.438
|clock_suspect=0
PMLE_LIVE_REPLAY_TIC|tic=3939|mle_ms=16.522|monotonic_ms=20|clock_delta_ms=3.478
|clock_suspect=0
PMLE_LIVE_REPLAY_TIC|tic=3940|mle_ms=68.402|monotonic_ms=70|clock_delta_ms=1.598
|clock_suspect=0
PMLE_LIVE_REPLAY_TIC|tic=3941|mle_ms=25.636|monotonic_ms=20|clock_delta_ms=5.636
|clock_suspect=0
PMLE_LIVE_REPLAY_TIC|tic=3942|mle_ms=20.673|monotonic_ms=20|clock_delta_ms=.673|
clock_suspect=0
PMLE_LIVE_REPLAY_TIC|tic=3943|mle_ms=86.408|monotonic_ms=90|clock_delta_ms=3.592
|clock_suspect=0
PMLE_LIVE_REPLAY_TIC|tic=3944|mle_ms=25.34|monotonic_ms=30|clock_delta_ms=4.66|c
lock_suspect=0
PMLE_LIVE_REPLAY_TIC|tic=3945|mle_ms=14.461|monotonic_ms=10|clock_delta_ms=4.461
|clock_suspect=0
PMLE_LIVE_REPLAY_TIC|tic=3946|mle_ms=111.729|monotonic_ms=110|clock_delta_ms=1.7
29|clock_suspect=0
PMLE_LIVE_REPLAY_TIC|tic=3947|mle_ms=12.43|monotonic_ms=10|clock_delta_ms=2.43|c
lock_suspect=0
PMLE_LIVE_REPLAY_TIC|tic=3948|mle_ms=13.237|monotonic_ms=20|clock_delta_ms=6.763
|clock_suspect=0
PMLE_LIVE_REPLAY_TIC|tic=3949|mle_ms=73.269|monotonic_ms=70|clock_delta_ms=3.269
|clock_suspect=0
PMLE_LIVE_REPLAY_TIC|tic=3950|mle_ms=16.216|monotonic_ms=20|clock_delta_ms=3.784
|clock_suspect=0
PMLE_LIVE_REPLAY_TIC|tic=3951|mle_ms=33.606|monotonic_ms=30|clock_delta_ms=3.606
|clock_suspect=0
PMLE_LIVE_REPLAY_TIC|tic=3952|mle_ms=62.942|monotonic_ms=60|clock_delta_ms=2.942
|clock_suspect=0
PMLE_LIVE_REPLAY_TIC|tic=3953|mle_ms=30.926|monotonic_ms=40|clock_delta_ms=9.074
|clock_suspect=0
PMLE_LIVE_REPLAY_TIC|tic=3954|mle_ms=24.392|monotonic_ms=20|clock_delta_ms=4.392
|clock_suspect=0
PMLE_LIVE_REPLAY_TIC|tic=3955|mle_ms=54.664|monotonic_ms=50|clock_delta_ms=4.664
|clock_suspect=0
PMLE_LIVE_REPLAY_TIC|tic=3956|mle_ms=37.789|monotonic_ms=40|clock_delta_ms=2.211
|clock_suspect=0
PMLE_LIVE_REPLAY_TIC|tic=3957|mle_ms=12.805|monotonic_ms=20|clock_delta_ms=7.195
|clock_suspect=0
PMLE_LIVE_REPLAY_TIC|tic=3958|mle_ms=59.369|monotonic_ms=50|clock_delta_ms=9.369
|clock_suspect=0
PMLE_LIVE_REPLAY_TIC|tic=3959|mle_ms=13.385|monotonic_ms=20|clock_delta_ms=6.615
|clock_suspect=0
PMLE_LIVE_REPLAY_TIC|tic=3960|mle_ms=12.708|monotonic_ms=10|clock_delta_ms=2.708
|clock_suspect=0
PMLE_LIVE_REPLAY_TIC|tic=3961|mle_ms=71.312|monotonic_ms=70|clock_delta_ms=1.312
|clock_suspect=0
PMLE_LIVE_REPLAY_TIC|tic=3962|mle_ms=12.87|monotonic_ms=20|clock_delta_ms=7.13|c
lock_suspect=0
PMLE_LIVE_REPLAY_TIC|tic=3963|mle_ms=28.787|monotonic_ms=20|clock_delta_ms=8.787
|clock_suspect=0
PMLE_LIVE_REPLAY_TIC|tic=3964|mle_ms=44.363|monotonic_ms=50|clock_delta_ms=5.637
|clock_suspect=0
PMLE_LIVE_REPLAY_TIC|tic=3965|mle_ms=11.925|monotonic_ms=10|clock_delta_ms=1.925
|clock_suspect=0
PMLE_LIVE_REPLAY_TIC|tic=3966|mle_ms=39.69|monotonic_ms=40|clock_delta_ms=.31|cl
ock_suspect=0
PMLE_LIVE_REPLAY_TIC|tic=3967|mle_ms=36.08|monotonic_ms=40|clock_delta_ms=3.92|c
lock_suspect=0
PMLE_LIVE_REPLAY_TIC|tic=3968|mle_ms=11.818|monotonic_ms=10|clock_delta_ms=1.818
|clock_suspect=0
PMLE_LIVE_REPLAY_TIC|tic=3969|mle_ms=14.863|monotonic_ms=10|clock_delta_ms=4.863
|clock_suspect=0
PMLE_LIVE_REPLAY_TIC|tic=3970|mle_ms=39.042|monotonic_ms=40|clock_delta_ms=.958|
clock_suspect=0
PMLE_LIVE_REPLAY_TIC|tic=3971|mle_ms=26.637|monotonic_ms=30|clock_delta_ms=3.363
|clock_suspect=0
PMLE_LIVE_REPLAY_TIC|tic=3972|mle_ms=12.569|monotonic_ms=10|clock_delta_ms=2.569
|clock_suspect=0
PMLE_LIVE_REPLAY_TIC|tic=3973|mle_ms=63.343|monotonic_ms=70|clock_delta_ms=6.657
|clock_suspect=0
PMLE_LIVE_REPLAY_TIC|tic=3974|mle_ms=23.165|monotonic_ms=20|clock_delta_ms=3.165
|clock_suspect=0
PMLE_LIVE_REPLAY_TIC|tic=3975|mle_ms=11.14|monotonic_ms=10|clock_delta_ms=1.14|c
lock_suspect=0
PMLE_LIVE_REPLAY_TIC|tic=3976|mle_ms=67.727|monotonic_ms=70|clock_delta_ms=2.273
|clock_suspect=0
PMLE_LIVE_REPLAY_TIC|tic=3977|mle_ms=16.083|monotonic_ms=10|clock_delta_ms=6.083
|clock_suspect=0
PMLE_LIVE_REPLAY_TIC|tic=3978|mle_ms=13.821|monotonic_ms=20|clock_delta_ms=6.179
|clock_suspect=0
PMLE_LIVE_REPLAY_TIC|tic=3979|mle_ms=39.613|monotonic_ms=40|clock_delta_ms=.387|
clock_suspect=0
PMLE_LIVE_REPLAY_TIC|tic=3980|mle_ms=14.799|monotonic_ms=10|clock_delta_ms=4.799
|clock_suspect=0
PMLE_LIVE_REPLAY_TIC|tic=3981|mle_ms=25.365|monotonic_ms=30|clock_delta_ms=4.635
|clock_suspect=0
PMLE_LIVE_REPLAY_TIC|tic=3982|mle_ms=32.777|monotonic_ms=30|clock_delta_ms=2.777
|clock_suspect=0
PMLE_LIVE_REPLAY_TIC|tic=3983|mle_ms=35.829|monotonic_ms=40|clock_delta_ms=4.171
|clock_suspect=0
PMLE_LIVE_REPLAY_TIC|tic=3984|mle_ms=23.901|monotonic_ms=20|clock_delta_ms=3.901
|clock_suspect=0
PMLE_LIVE_REPLAY_TIC|tic=3985|mle_ms=32.067|monotonic_ms=30|clock_delta_ms=2.067
|clock_suspect=0
PMLE_LIVE_REPLAY_TIC|tic=3986|mle_ms=62.303|monotonic_ms=70|clock_delta_ms=7.697
|clock_suspect=0
PMLE_LIVE_REPLAY_TIC|tic=3987|mle_ms=11.044|monotonic_ms=10|clock_delta_ms=1.044
|clock_suspect=0
PMLE_LIVE_REPLAY_TIC|tic=3988|mle_ms=31.128|monotonic_ms=30|clock_delta_ms=1.128
|clock_suspect=0
PMLE_LIVE_REPLAY_TIC|tic=3989|mle_ms=39.42|monotonic_ms=40|clock_delta_ms=.58|cl
ock_suspect=0
PMLE_LIVE_REPLAY_TIC|tic=3990|mle_ms=15.854|monotonic_ms=10|clock_delta_ms=5.854
|clock_suspect=0
PMLE_LIVE_REPLAY_TIC|tic=3991|mle_ms=55.146|monotonic_ms=60|clock_delta_ms=4.854
|clock_suspect=0
PMLE_LIVE_REPLAY_TIC|tic=3992|mle_ms=46.217|monotonic_ms=40|clock_delta_ms=6.217
|clock_suspect=0
PMLE_LIVE_REPLAY_TIC|tic=3993|mle_ms=32.177|monotonic_ms=40|clock_delta_ms=7.823
|clock_suspect=0
PMLE_LIVE_REPLAY_TIC|tic=3994|mle_ms=44.336|monotonic_ms=40|clock_delta_ms=4.336
|clock_suspect=0
PMLE_LIVE_REPLAY_TIC|tic=3995|mle_ms=56.728|monotonic_ms=60|clock_delta_ms=3.272
|clock_suspect=0
PMLE_LIVE_REPLAY_TIC|tic=3996|mle_ms=36.935|monotonic_ms=30|clock_delta_ms=6.935
|clock_suspect=0
PMLE_LIVE_REPLAY_TIC|tic=3997|mle_ms=38.237|monotonic_ms=40|clock_delta_ms=1.763
|clock_suspect=0
PMLE_LIVE_REPLAY_TIC|tic=3998|mle_ms=44.411|monotonic_ms=50|clock_delta_ms=5.589
|clock_suspect=0
PMLE_LIVE_REPLAY_TIC|tic=3999|mle_ms=14.886|monotonic_ms=10|clock_delta_ms=4.886
|clock_suspect=0
PMLE_LIVE_REPLAY_TIC|tic=4000|mle_ms=38.912|monotonic_ms=40|clock_delta_ms=1.088
|clock_suspect=0
PMLE_LIVE_REPLAY_TIC|tic=4001|mle_ms=41.148|monotonic_ms=40|clock_delta_ms=1.148
|clock_suspect=0
PMLE_LIVE_REPLAY_TIC|tic=4002|mle_ms=14.976|monotonic_ms=20|clock_delta_ms=5.024
|clock_suspect=0
PMLE_LIVE_REPLAY_TIC|tic=4003|mle_ms=59.808|monotonic_ms=60|clock_delta_ms=.192|
clock_suspect=0
PMLE_LIVE_REPLAY_TIC|tic=4004|mle_ms=27.754|monotonic_ms=30|clock_delta_ms=2.246
|clock_suspect=0
PMLE_LIVE_REPLAY_TIC|tic=4005|mle_ms=15.828|monotonic_ms=10|clock_delta_ms=5.828
|clock_suspect=0
PMLE_LIVE_REPLAY_TIC|tic=4006|mle_ms=63.829|monotonic_ms=70|clock_delta_ms=6.171
|clock_suspect=0
PMLE_LIVE_REPLAY_TIC|tic=4007|mle_ms=11.857|monotonic_ms=10|clock_delta_ms=1.857
|clock_suspect=0
PMLE_LIVE_REPLAY_TIC|tic=4008|mle_ms=14.552|monotonic_ms=10|clock_delta_ms=4.552
|clock_suspect=0
PMLE_LIVE_REPLAY_TIC|tic=4009|mle_ms=-64.237|monotonic_ms=50|clock_delta_ms=114.
237|clock_suspect=1
PMLE_LIVE_REPLAY_TIC|tic=4010|mle_ms=14.472|monotonic_ms=20|clock_delta_ms=5.528
|clock_suspect=0
PMLE_LIVE_REPLAY_TIC|tic=4011|mle_ms=30.5|monotonic_ms=30|clock_delta_ms=.5|cloc
k_suspect=0
PMLE_LIVE_REPLAY_TIC|tic=4012|mle_ms=38.368|monotonic_ms=30|clock_delta_ms=8.368
|clock_suspect=0
PMLE_LIVE_REPLAY_TIC|tic=4013|mle_ms=31.15|monotonic_ms=40|clock_delta_ms=8.85|c
lock_suspect=0
PMLE_LIVE_REPLAY_TIC|tic=4014|mle_ms=24.311|monotonic_ms=20|clock_delta_ms=4.311
|clock_suspect=0
PMLE_LIVE_REPLAY_TIC|tic=4015|mle_ms=40.31|monotonic_ms=40|clock_delta_ms=.31|cl
ock_suspect=0
PMLE_LIVE_REPLAY_TIC|tic=4016|mle_ms=38.042|monotonic_ms=40|clock_delta_ms=1.958
|clock_suspect=0
PMLE_LIVE_REPLAY_TIC|tic=4017|mle_ms=16.624|monotonic_ms=20|clock_delta_ms=3.376
|clock_suspect=0
PMLE_LIVE_REPLAY_TIC|tic=4018|mle_ms=39.989|monotonic_ms=40|clock_delta_ms=.011|
clock_suspect=0
PMLE_LIVE_REPLAY_TIC|tic=4019|mle_ms=19.033|monotonic_ms=10|clock_delta_ms=9.033
|clock_suspect=0
PMLE_LIVE_REPLAY_TIC|tic=4020|mle_ms=17.509|monotonic_ms=20|clock_delta_ms=2.491
|clock_suspect=0
PMLE_LIVE_REPLAY_TIC|tic=4021|mle_ms=55.705|monotonic_ms=60|clock_delta_ms=4.295
|clock_suspect=0
PMLE_LIVE_REPLAY_TIC|tic=4022|mle_ms=18.451|monotonic_ms=20|clock_delta_ms=1.549
|clock_suspect=0
PMLE_LIVE_REPLAY_TIC|tic=4023|mle_ms=38.362|monotonic_ms=30|clock_delta_ms=8.362
|clock_suspect=0
PMLE_LIVE_REPLAY_TIC|tic=4024|mle_ms=46.02|monotonic_ms=50|clock_delta_ms=3.98|c
lock_suspect=0
PMLE_LIVE_REPLAY_TIC|tic=4025|mle_ms=16.606|monotonic_ms=20|clock_delta_ms=3.394
|clock_suspect=0
PMLE_LIVE_REPLAY_TIC|tic=4026|mle_ms=59.113|monotonic_ms=60|clock_delta_ms=.887|
clock_suspect=0
PMLE_LIVE_REPLAY_TIC|tic=4027|mle_ms=38.761|monotonic_ms=40|clock_delta_ms=1.239
|clock_suspect=0
PMLE_LIVE_REPLAY_TIC|tic=4028|mle_ms=16.763|monotonic_ms=10|clock_delta_ms=6.763
|clock_suspect=0
PMLE_LIVE_REPLAY_TIC|tic=4029|mle_ms=45.636|monotonic_ms=50|clock_delta_ms=4.364
|clock_suspect=0
PMLE_LIVE_REPLAY_TIC|tic=4030|mle_ms=47.384|monotonic_ms=50|clock_delta_ms=2.616
|clock_suspect=0
PMLE_LIVE_REPLAY_TIC|tic=4031|mle_ms=37.046|monotonic_ms=30|clock_delta_ms=7.046
|clock_suspect=0
PMLE_LIVE_REPLAY_TIC|tic=4032|mle_ms=55.15|monotonic_ms=60|clock_delta_ms=4.85|c
lock_suspect=0
PMLE_LIVE_REPLAY_TIC|tic=4033|mle_ms=69.488|monotonic_ms=70|clock_delta_ms=.512|
clock_suspect=0
PMLE_LIVE_REPLAY_TIC|tic=4034|mle_ms=31.376|monotonic_ms=30|clock_delta_ms=1.376
|clock_suspect=0
PMLE_LIVE_REPLAY_TIC|tic=4035|mle_ms=49.066|monotonic_ms=50|clock_delta_ms=.934|
clock_suspect=0
PMLE_LIVE_REPLAY_TIC|tic=4036|mle_ms=92.002|monotonic_ms=90|clock_delta_ms=2.002
|clock_suspect=0
PMLE_LIVE_REPLAY_TIC|tic=4037|mle_ms=16.731|monotonic_ms=20|clock_delta_ms=3.269
|clock_suspect=0
PMLE_LIVE_REPLAY_TIC|tic=4038|mle_ms=51.488|monotonic_ms=50|clock_delta_ms=1.488
|clock_suspect=0
PMLE_LIVE_REPLAY_TIC|tic=4039|mle_ms=42.804|monotonic_ms=40|clock_delta_ms=2.804
|clock_suspect=0
PMLE_LIVE_REPLAY_TIC|tic=4040|mle_ms=15.135|monotonic_ms=20|clock_delta_ms=4.865
|clock_suspect=0
PMLE_LIVE_REPLAY_TIC|tic=4041|mle_ms=53.655|monotonic_ms=50|clock_delta_ms=3.655
|clock_suspect=0
PMLE_LIVE_REPLAY_TIC|tic=4042|mle_ms=36.871|monotonic_ms=40|clock_delta_ms=3.129
|clock_suspect=0
PMLE_LIVE_REPLAY_TIC|tic=4043|mle_ms=33.435|monotonic_ms=30|clock_delta_ms=3.435
|clock_suspect=0
PMLE_LIVE_REPLAY_TIC|tic=4044|mle_ms=64.901|monotonic_ms=70|clock_delta_ms=5.099
|clock_suspect=0
PMLE_LIVE_REPLAY_TIC|tic=4045|mle_ms=44.701|monotonic_ms=40|clock_delta_ms=4.701
|clock_suspect=0
PMLE_LIVE_REPLAY_TIC|tic=4046|mle_ms=42.107|monotonic_ms=40|clock_delta_ms=2.107
|clock_suspect=0
PMLE_LIVE_REPLAY_TIC|tic=4047|mle_ms=58.773|monotonic_ms=60|clock_delta_ms=1.227
|clock_suspect=0
PMLE_LIVE_REPLAY_TIC|tic=4048|mle_ms=40.238|monotonic_ms=40|clock_delta_ms=.238|
clock_suspect=0
PMLE_LIVE_REPLAY_TIC|tic=4049|mle_ms=15.978|monotonic_ms=20|clock_delta_ms=4.022
|clock_suspect=0
PMLE_LIVE_REPLAY_TIC|tic=4050|mle_ms=58.752|monotonic_ms=60|clock_delta_ms=1.248
|clock_suspect=0
PMLE_LIVE_REPLAY_TIC|tic=4051|mle_ms=46.218|monotonic_ms=40|clock_delta_ms=6.218
|clock_suspect=0
PMLE_LIVE_REPLAY_TIC|tic=4052|mle_ms=17.181|monotonic_ms=20|clock_delta_ms=2.819
|clock_suspect=0
PMLE_LIVE_REPLAY_TIC|tic=4053|mle_ms=73.522|monotonic_ms=70|clock_delta_ms=3.522
|clock_suspect=0
PMLE_LIVE_REPLAY_TIC|tic=4054|mle_ms=49.401|monotonic_ms=50|clock_delta_ms=.599|
clock_suspect=0
PMLE_LIVE_REPLAY_TIC|tic=4055|mle_ms=16.884|monotonic_ms=20|clock_delta_ms=3.116
|clock_suspect=0
PMLE_LIVE_REPLAY_TIC|tic=4056|mle_ms=80.107|monotonic_ms=80|clock_delta_ms=.107|
clock_suspect=0
PMLE_LIVE_REPLAY_TIC|tic=4057|mle_ms=36.545|monotonic_ms=40|clock_delta_ms=3.455
|clock_suspect=0
PMLE_LIVE_REPLAY_TIC|tic=4058|mle_ms=14.923|monotonic_ms=10|clock_delta_ms=4.923
|clock_suspect=0
PMLE_LIVE_REPLAY_TIC|tic=4059|mle_ms=75.056|monotonic_ms=80|clock_delta_ms=4.944
|clock_suspect=0
PMLE_LIVE_REPLAY_TIC|tic=4060|mle_ms=33.279|monotonic_ms=30|clock_delta_ms=3.279
|clock_suspect=0
PMLE_LIVE_REPLAY_TIC|tic=4061|mle_ms=26.62|monotonic_ms=30|clock_delta_ms=3.38|c
lock_suspect=0
PMLE_LIVE_REPLAY_TIC|tic=4062|mle_ms=69.179|monotonic_ms=70|clock_delta_ms=.821|
clock_suspect=0
PMLE_LIVE_REPLAY_TIC|tic=4063|mle_ms=58.162|monotonic_ms=60|clock_delta_ms=1.838
|clock_suspect=0
PMLE_LIVE_REPLAY_TIC|tic=4064|mle_ms=15.457|monotonic_ms=10|clock_delta_ms=5.457
|clock_suspect=0
PMLE_LIVE_REPLAY_TIC|tic=4065|mle_ms=19.569|monotonic_ms=20|clock_delta_ms=.431|
clock_suspect=0
PMLE_LIVE_REPLAY_TIC|tic=4066|mle_ms=17.868|monotonic_ms=20|clock_delta_ms=2.132
|clock_suspect=0
PMLE_LIVE_REPLAY_TIC|tic=4067|mle_ms=16.609|monotonic_ms=20|clock_delta_ms=3.391
|clock_suspect=0
PMLE_LIVE_REPLAY_TIC|tic=4068|mle_ms=18.176|monotonic_ms=10|clock_delta_ms=8.176
|clock_suspect=0
PMLE_LIVE_REPLAY_TIC|tic=4069|mle_ms=18.347|monotonic_ms=20|clock_delta_ms=1.653
|clock_suspect=0
PMLE_LIVE_REPLAY_TIC|tic=4070|mle_ms=17.841|monotonic_ms=20|clock_delta_ms=2.159
|clock_suspect=0
PMLE_LIVE_REPLAY_TIC|tic=4071|mle_ms=16.815|monotonic_ms=20|clock_delta_ms=3.185
|clock_suspect=0
PMLE_LIVE_REPLAY_TIC|tic=4072|mle_ms=18.212|monotonic_ms=20|clock_delta_ms=1.788
|clock_suspect=0
PMLE_LIVE_REPLAY_TIC|tic=4073|mle_ms=19.462|monotonic_ms=10|clock_delta_ms=9.462
|clock_suspect=0
PMLE_LIVE_REPLAY_TIC|tic=4074|mle_ms=18.792|monotonic_ms=20|clock_delta_ms=1.208
|clock_suspect=0
PMLE_LIVE_REPLAY_TIC|tic=4075|mle_ms=17.216|monotonic_ms=20|clock_delta_ms=2.784
|clock_suspect=0
PMLE_LIVE_REPLAY_TIC|tic=4076|mle_ms=17.227|monotonic_ms=20|clock_delta_ms=2.773
|clock_suspect=0
PMLE_LIVE_REPLAY_TIC|tic=4077|mle_ms=14.745|monotonic_ms=10|clock_delta_ms=4.745
|clock_suspect=0
PMLE_LIVE_REPLAY_TIC|tic=4078|mle_ms=15.953|monotonic_ms=20|clock_delta_ms=4.047
|clock_suspect=0
PMLE_LIVE_REPLAY_TIC|tic=4079|mle_ms=16.986|monotonic_ms=20|clock_delta_ms=3.014
|clock_suspect=0
PMLE_LIVE_REPLAY_TIC|tic=4080|mle_ms=19.222|monotonic_ms=20|clock_delta_ms=.778|
clock_suspect=0
PMLE_LIVE_REPLAY_TIC|tic=4081|mle_ms=17.912|monotonic_ms=10|clock_delta_ms=7.912
|clock_suspect=0
PMLE_LIVE_REPLAY_TIC|tic=4082|mle_ms=19.931|monotonic_ms=20|clock_delta_ms=.069|
clock_suspect=0
PMLE_LIVE_REPLAY_TIC|tic=4083|mle_ms=18.896|monotonic_ms=20|clock_delta_ms=1.104
|clock_suspect=0
PMLE_LIVE_REPLAY_TIC|tic=4084|mle_ms=18.214|monotonic_ms=20|clock_delta_ms=1.786
|clock_suspect=0
PMLE_LIVE_REPLAY_TIC|tic=4085|mle_ms=20.742|monotonic_ms=20|clock_delta_ms=.742|
clock_suspect=0
PMLE_LIVE_REPLAY_TIC|tic=4086|mle_ms=22.221|monotonic_ms=20|clock_delta_ms=2.221
|clock_suspect=0
PMLE_LIVE_REPLAY_TIC|tic=4087|mle_ms=19.598|monotonic_ms=20|clock_delta_ms=.402|
clock_suspect=0
PMLE_LIVE_REPLAY_TIC|tic=4088|mle_ms=18.809|monotonic_ms=20|clock_delta_ms=1.191
|clock_suspect=0
PMLE_LIVE_REPLAY_TIC|tic=4089|mle_ms=19.566|monotonic_ms=20|clock_delta_ms=.434|
clock_suspect=0
PMLE_LIVE_REPLAY_TIC|tic=4090|mle_ms=19.684|monotonic_ms=20|clock_delta_ms=.316|
clock_suspect=0
PMLE_LIVE_REPLAY_TIC|tic=4091|mle_ms=19.113|monotonic_ms=20|clock_delta_ms=.887|
clock_suspect=0
PMLE_LIVE_REPLAY_TIC|tic=4092|mle_ms=24.499|monotonic_ms=30|clock_delta_ms=5.501
|clock_suspect=0
PMLE_LIVE_REPLAY_TIC|tic=4093|mle_ms=20.881|monotonic_ms=20|clock_delta_ms=.881|
clock_suspect=0
PMLE_LIVE_REPLAY_TIC|tic=4094|mle_ms=21.006|monotonic_ms=20|clock_delta_ms=1.006
|clock_suspect=0
PMLE_LIVE_REPLAY_TIC|tic=4095|mle_ms=20.03|monotonic_ms=20|clock_delta_ms=.03|cl
ock_suspect=0
PMLE_LIVE_REPLAY_TIC|tic=4096|mle_ms=17.862|monotonic_ms=20|clock_delta_ms=2.138
|clock_suspect=0
PMLE_LIVE_REPLAY_TIC|tic=4097|mle_ms=15.705|monotonic_ms=10|clock_delta_ms=5.705
|clock_suspect=0
PMLE_LIVE_REPLAY_TIC|tic=4098|mle_ms=16.791|monotonic_ms=20|clock_delta_ms=3.209
|clock_suspect=0
PMLE_LIVE_REPLAY_TIC|tic=4099|mle_ms=15.158|monotonic_ms=10|clock_delta_ms=5.158
|clock_suspect=0
PMLE_LIVE_REPLAY_TIC|tic=4100|mle_ms=15.207|monotonic_ms=20|clock_delta_ms=4.793
|clock_suspect=0
PMLE_LIVE_REPLAY_TIC|tic=4101|mle_ms=16.152|monotonic_ms=20|clock_delta_ms=3.848
|clock_suspect=0
PMLE_LIVE_REPLAY_TIC|tic=4102|mle_ms=16.663|monotonic_ms=10|clock_delta_ms=6.663
|clock_suspect=0
PMLE_LIVE_REPLAY_TIC|tic=4103|mle_ms=14.505|monotonic_ms=20|clock_delta_ms=5.495
|clock_suspect=0
PMLE_LIVE_REPLAY_TIC|tic=4104|mle_ms=14.684|monotonic_ms=10|clock_delta_ms=4.684
|clock_suspect=0
PMLE_LIVE_REPLAY_TIC|tic=4105|mle_ms=13.198|monotonic_ms=20|clock_delta_ms=6.802
|clock_suspect=0
PMLE_LIVE_REPLAY_TIC|tic=4106|mle_ms=16.511|monotonic_ms=10|clock_delta_ms=6.511
|clock_suspect=0
PMLE_LIVE_REPLAY_TIC|tic=4107|mle_ms=14.429|monotonic_ms=20|clock_delta_ms=5.571
|clock_suspect=0
PMLE_LIVE_REPLAY_TIC|tic=4108|mle_ms=14.52|monotonic_ms=10|clock_delta_ms=4.52|c
lock_suspect=0
PMLE_LIVE_REPLAY_TIC|tic=4109|mle_ms=13.552|monotonic_ms=20|clock_delta_ms=6.448
|clock_suspect=0
PMLE_LIVE_REPLAY_TIC|tic=4110|mle_ms=12.984|monotonic_ms=10|clock_delta_ms=2.984
|clock_suspect=0
PMLE_LIVE_REPLAY_TIC|tic=4111|mle_ms=12.299|monotonic_ms=10|clock_delta_ms=2.299
|clock_suspect=0
PMLE_LIVE_REPLAY_TIC|tic=4112|mle_ms=12.279|monotonic_ms=10|clock_delta_ms=2.279
|clock_suspect=0
PMLE_LIVE_REPLAY_TIC|tic=4113|mle_ms=12.829|monotonic_ms=20|clock_delta_ms=7.171
|clock_suspect=0
PMLE_LIVE_REPLAY_TIC|tic=4114|mle_ms=16.183|monotonic_ms=10|clock_delta_ms=6.183
|clock_suspect=0
PMLE_LIVE_REPLAY_TIC|tic=4115|mle_ms=14.748|monotonic_ms=20|clock_delta_ms=5.252
|clock_suspect=0
PMLE_LIVE_REPLAY_TIC|tic=4116|mle_ms=16.131|monotonic_ms=10|clock_delta_ms=6.131
|clock_suspect=0
PMLE_LIVE_REPLAY_TIC|tic=4117|mle_ms=11.674|monotonic_ms=20|clock_delta_ms=8.326
|clock_suspect=0
PMLE_LIVE_REPLAY_TIC|tic=4118|mle_ms=14.239|monotonic_ms=10|clock_delta_ms=4.239
|clock_suspect=0
PMLE_LIVE_REPLAY_TIC|tic=4119|mle_ms=16.755|monotonic_ms=20|clock_delta_ms=3.245
|clock_suspect=0
PMLE_LIVE_REPLAY_TIC|tic=4120|mle_ms=20.089|monotonic_ms=20|clock_delta_ms=.089|
clock_suspect=0
PMLE_LIVE_REPLAY_TIC|tic=4121|mle_ms=18.254|monotonic_ms=20|clock_delta_ms=1.746
|clock_suspect=0
PMLE_LIVE_REPLAY_TIC|tic=4122|mle_ms=19.513|monotonic_ms=20|clock_delta_ms=.487|
clock_suspect=0
PMLE_LIVE_REPLAY_TIC|tic=4123|mle_ms=16.593|monotonic_ms=10|clock_delta_ms=6.593
|clock_suspect=0
PMLE_LIVE_REPLAY_TIC|tic=4124|mle_ms=16.895|monotonic_ms=20|clock_delta_ms=3.105
|clock_suspect=0
PMLE_LIVE_REPLAY_TIC|tic=4125|mle_ms=14.443|monotonic_ms=10|clock_delta_ms=4.443
|clock_suspect=0
PMLE_LIVE_REPLAY_TIC|tic=4126|mle_ms=18.603|monotonic_ms=20|clock_delta_ms=1.397
|clock_suspect=0
PMLE_LIVE_REPLAY_TIC|tic=4127|mle_ms=18.816|monotonic_ms=20|clock_delta_ms=1.184
|clock_suspect=0
PMLE_LIVE_REPLAY_TIC|tic=4128|mle_ms=20.122|monotonic_ms=20|clock_delta_ms=.122|
clock_suspect=0
PMLE_LIVE_REPLAY_TIC|tic=4129|mle_ms=19.902|monotonic_ms=20|clock_delta_ms=.098|
clock_suspect=0
PMLE_LIVE_REPLAY_TIC|tic=4130|mle_ms=18.183|monotonic_ms=20|clock_delta_ms=1.817
|clock_suspect=0
PMLE_LIVE_REPLAY_TIC|tic=4131|mle_ms=18.967|monotonic_ms=20|clock_delta_ms=1.033
|clock_suspect=0
PMLE_LIVE_REPLAY_TIC|tic=4132|mle_ms=16.529|monotonic_ms=20|clock_delta_ms=3.471
|clock_suspect=0
PMLE_LIVE_REPLAY_TIC|tic=4133|mle_ms=12.963|monotonic_ms=10|clock_delta_ms=2.963
|clock_suspect=0
PMLE_LIVE_REPLAY_TIC|tic=4134|mle_ms=14.549|monotonic_ms=10|clock_delta_ms=4.549
|clock_suspect=0
PMLE_LIVE_REPLAY_TIC|tic=4135|mle_ms=12.856|monotonic_ms=20|clock_delta_ms=7.144
|clock_suspect=0
PMLE_LIVE_REPLAY_TIC|tic=4136|mle_ms=13.126|monotonic_ms=10|clock_delta_ms=3.126
|clock_suspect=0
PMLE_LIVE_REPLAY_TIC|tic=4137|mle_ms=10.45|monotonic_ms=10|clock_delta_ms=.45|cl
ock_suspect=0
PMLE_LIVE_REPLAY_TIC|tic=4138|mle_ms=9.898|monotonic_ms=10|clock_delta_ms=.102|c
lock_suspect=0
PMLE_LIVE_REPLAY_TIC|tic=4139|mle_ms=11.111|monotonic_ms=10|clock_delta_ms=1.111
|clock_suspect=0
PMLE_LIVE_REPLAY_TIC|tic=4140|mle_ms=12.519|monotonic_ms=10|clock_delta_ms=2.519
|clock_suspect=0
PMLE_LIVE_REPLAY_TIC|tic=4141|mle_ms=12.35|monotonic_ms=20|clock_delta_ms=7.65|c
lock_suspect=0
PMLE_LIVE_REPLAY_TIC|tic=4142|mle_ms=12.51|monotonic_ms=10|clock_delta_ms=2.51|c
lock_suspect=0
PMLE_LIVE_REPLAY_TIC|tic=4143|mle_ms=11.926|monotonic_ms=10|clock_delta_ms=1.926
|clock_suspect=0
PMLE_LIVE_REPLAY_TIC|tic=4144|mle_ms=13.948|monotonic_ms=10|clock_delta_ms=3.948
|clock_suspect=0
PMLE_LIVE_REPLAY_TIC|tic=4145|mle_ms=11.89|monotonic_ms=20|clock_delta_ms=8.11|c
lock_suspect=0
PMLE_LIVE_REPLAY_TIC|tic=4146|mle_ms=13.69|monotonic_ms=10|clock_delta_ms=3.69|c
lock_suspect=0
PMLE_LIVE_REPLAY_TIC|tic=4147|mle_ms=12.473|monotonic_ms=10|clock_delta_ms=2.473
|clock_suspect=0
PMLE_LIVE_REPLAY_TIC|tic=4148|mle_ms=15.808|monotonic_ms=20|clock_delta_ms=4.192
|clock_suspect=0
PMLE_LIVE_REPLAY_TIC|tic=4149|mle_ms=12.279|monotonic_ms=10|clock_delta_ms=2.279
|clock_suspect=0
PMLE_LIVE_REPLAY_TIC|tic=4150|mle_ms=12.854|monotonic_ms=10|clock_delta_ms=2.854
|clock_suspect=0
PMLE_LIVE_REPLAY_TIC|tic=4151|mle_ms=12.216|monotonic_ms=20|clock_delta_ms=7.784
|clock_suspect=0
PMLE_LIVE_REPLAY_TIC|tic=4152|mle_ms=13.189|monotonic_ms=10|clock_delta_ms=3.189
|clock_suspect=0
PMLE_LIVE_REPLAY_TIC|tic=4153|mle_ms=12.5|monotonic_ms=10|clock_delta_ms=2.5|clo
ck_suspect=0
PMLE_LIVE_REPLAY_TIC|tic=4154|mle_ms=12.15|monotonic_ms=10|clock_delta_ms=2.15|c
lock_suspect=0
PMLE_LIVE_REPLAY_TIC|tic=4155|mle_ms=11.769|monotonic_ms=20|clock_delta_ms=8.231
|clock_suspect=0
PMLE_LIVE_REPLAY_TIC|tic=4156|mle_ms=14.701|monotonic_ms=10|clock_delta_ms=4.701
|clock_suspect=0
PMLE_LIVE_REPLAY_TIC|tic=4157|mle_ms=13.602|monotonic_ms=10|clock_delta_ms=3.602
|clock_suspect=0
PMLE_LIVE_REPLAY_TIC|tic=4158|mle_ms=14.37|monotonic_ms=20|clock_delta_ms=5.63|c
lock_suspect=0
PMLE_LIVE_REPLAY_TIC|tic=4159|mle_ms=13.303|monotonic_ms=10|clock_delta_ms=3.303
|clock_suspect=0
PMLE_LIVE_REPLAY_TIC|tic=4160|mle_ms=12.532|monotonic_ms=20|clock_delta_ms=7.468
|clock_suspect=0
PMLE_LIVE_REPLAY_TIC|tic=4161|mle_ms=11.092|monotonic_ms=10|clock_delta_ms=1.092
|clock_suspect=0
PMLE_LIVE_REPLAY_TIC|tic=4162|mle_ms=14.028|monotonic_ms=10|clock_delta_ms=4.028
|clock_suspect=0
PMLE_LIVE_REPLAY_TIC|tic=4163|mle_ms=14.269|monotonic_ms=10|clock_delta_ms=4.269
|clock_suspect=0
PMLE_LIVE_REPLAY_TIC|tic=4164|mle_ms=17.891|monotonic_ms=20|clock_delta_ms=2.109
|clock_suspect=0
PMLE_LIVE_REPLAY_TIC|tic=4165|mle_ms=15.98|monotonic_ms=20|clock_delta_ms=4.02|c
lock_suspect=0
PMLE_LIVE_REPLAY_TIC|tic=4166|mle_ms=16.442|monotonic_ms=20|clock_delta_ms=3.558
|clock_suspect=0
PMLE_LIVE_REPLAY_TIC|tic=4167|mle_ms=13.169|monotonic_ms=10|clock_delta_ms=3.169
|clock_suspect=0
PMLE_LIVE_REPLAY_TIC|tic=4168|mle_ms=13.85|monotonic_ms=10|clock_delta_ms=3.85|c
lock_suspect=0
PMLE_LIVE_REPLAY_TIC|tic=4169|mle_ms=12.616|monotonic_ms=20|clock_delta_ms=7.384
|clock_suspect=0
PMLE_LIVE_REPLAY_TIC|tic=4170|mle_ms=10.611|monotonic_ms=10|clock_delta_ms=.611|
clock_suspect=0
PMLE_LIVE_REPLAY_TIC|tic=4171|mle_ms=11.351|monotonic_ms=10|clock_delta_ms=1.351
|clock_suspect=0
PMLE_LIVE_REPLAY_TIC|tic=4172|mle_ms=11.386|monotonic_ms=10|clock_delta_ms=1.386
|clock_suspect=0
PMLE_LIVE_REPLAY_TIC|tic=4173|mle_ms=10.664|monotonic_ms=10|clock_delta_ms=.664|
clock_suspect=0
PMLE_LIVE_REPLAY_TIC|tic=4174|mle_ms=11.581|monotonic_ms=10|clock_delta_ms=1.581
|clock_suspect=0
PMLE_LIVE_REPLAY_TIC|tic=4175|mle_ms=10.146|monotonic_ms=10|clock_delta_ms=.146|
clock_suspect=0
PMLE_LIVE_REPLAY_TIC|tic=4176|mle_ms=12.244|monotonic_ms=10|clock_delta_ms=2.244
|clock_suspect=0
PMLE_LIVE_REPLAY_TIC|tic=4177|mle_ms=10.669|monotonic_ms=10|clock_delta_ms=.669|
clock_suspect=0
PMLE_LIVE_REPLAY_TIC|tic=4178|mle_ms=13.714|monotonic_ms=20|clock_delta_ms=6.286
|clock_suspect=0
PMLE_LIVE_REPLAY_TIC|tic=4179|mle_ms=10.135|monotonic_ms=10|clock_delta_ms=.135|
clock_suspect=0
PMLE_LIVE_REPLAY_TIC|tic=4180|mle_ms=10.528|monotonic_ms=10|clock_delta_ms=.528|
clock_suspect=0
PMLE_LIVE_REPLAY_TIC|tic=4181|mle_ms=10.032|monotonic_ms=10|clock_delta_ms=.032|
clock_suspect=0
PMLE_LIVE_REPLAY_TIC|tic=4182|mle_ms=11.309|monotonic_ms=10|clock_delta_ms=1.309
|clock_suspect=0
PMLE_LIVE_REPLAY_TIC|tic=4183|mle_ms=10.961|monotonic_ms=10|clock_delta_ms=.961|
clock_suspect=0
PMLE_LIVE_REPLAY_TIC|tic=4184|mle_ms=11.422|monotonic_ms=10|clock_delta_ms=1.422
|clock_suspect=0
PMLE_LIVE_REPLAY_TIC|tic=4185|mle_ms=10.415|monotonic_ms=10|clock_delta_ms=.415|
clock_suspect=0
PMLE_LIVE_REPLAY_TIC|tic=4186|mle_ms=13.227|monotonic_ms=20|clock_delta_ms=6.773
|clock_suspect=0
PMLE_LIVE_REPLAY_TIC|tic=4187|mle_ms=10.554|monotonic_ms=10|clock_delta_ms=.554|
clock_suspect=0
PMLE_LIVE_REPLAY_TIC|tic=4188|mle_ms=10.858|monotonic_ms=10|clock_delta_ms=.858|
clock_suspect=0
PMLE_LIVE_REPLAY_TIC|tic=4189|mle_ms=10.582|monotonic_ms=10|clock_delta_ms=.582|
clock_suspect=0
PMLE_LIVE_REPLAY_TIC|tic=4190|mle_ms=9.757|monotonic_ms=10|clock_delta_ms=.243|c
lock_suspect=0
PMLE_LIVE_REPLAY_TIC|tic=4191|mle_ms=9.095|monotonic_ms=10|clock_delta_ms=.905|c
lock_suspect=0
PMLE_LIVE_REPLAY_TIC|tic=4192|mle_ms=10.307|monotonic_ms=10|clock_delta_ms=.307|
clock_suspect=0
PMLE_LIVE_REPLAY_TIC|tic=4193|mle_ms=9.041|monotonic_ms=10|clock_delta_ms=.959|c
lock_suspect=0
PMLE_LIVE_REPLAY_TIC|tic=4194|mle_ms=10.642|monotonic_ms=10|clock_delta_ms=.642|
clock_suspect=0
PMLE_LIVE_REPLAY_TIC|tic=4195|mle_ms=10.004|monotonic_ms=10|clock_delta_ms=.004|
clock_suspect=0
PMLE_LIVE_REPLAY_TIC|tic=4196|mle_ms=12.329|monotonic_ms=10|clock_delta_ms=2.329
|clock_suspect=0
PMLE_LIVE_REPLAY_TIC|tic=4197|mle_ms=10.143|monotonic_ms=10|clock_delta_ms=.143|
clock_suspect=0
PMLE_LIVE_REPLAY_TIC|tic=4198|mle_ms=10.288|monotonic_ms=10|clock_delta_ms=.288|
clock_suspect=0
PMLE_LIVE_REPLAY_TIC|tic=4199|mle_ms=9.72|monotonic_ms=10|clock_delta_ms=.28|clo
ck_suspect=0
PMLE_LIVE_REPLAY_TIC|tic=4200|mle_ms=10.364|monotonic_ms=10|clock_delta_ms=.364|
clock_suspect=0
PMLE_LIVE_REPLAY_TIC|tic=4201|mle_ms=9.424|monotonic_ms=10|clock_delta_ms=.576|c
lock_suspect=0
PMLE_LIVE_REPLAY_TIC|tic=4202|mle_ms=11.407|monotonic_ms=10|clock_delta_ms=1.407
|clock_suspect=0
PMLE_LIVE_REPLAY_TIC|tic=4203|mle_ms=10.787|monotonic_ms=10|clock_delta_ms=.787|
clock_suspect=0
PMLE_LIVE_REPLAY_TIC|tic=4204|mle_ms=11.457|monotonic_ms=20|clock_delta_ms=8.543
|clock_suspect=0
PMLE_LIVE_REPLAY_TIC|tic=4205|mle_ms=10.523|monotonic_ms=10|clock_delta_ms=.523|
clock_suspect=0
PMLE_LIVE_REPLAY_TIC|tic=4206|mle_ms=12.444|monotonic_ms=10|clock_delta_ms=2.444
|clock_suspect=0
PMLE_LIVE_REPLAY_TIC|tic=4207|mle_ms=10.167|monotonic_ms=10|clock_delta_ms=.167|
clock_suspect=0
PMLE_LIVE_REPLAY_TIC|tic=4208|mle_ms=13.069|monotonic_ms=10|clock_delta_ms=3.069
|clock_suspect=0
PMLE_LIVE_REPLAY_TIC|tic=4209|mle_ms=10.166|monotonic_ms=10|clock_delta_ms=.166|
clock_suspect=0
PMLE_LIVE_REPLAY_TIC|tic=4210|mle_ms=10.535|monotonic_ms=10|clock_delta_ms=.535|
clock_suspect=0
PMLE_LIVE_REPLAY_TIC|tic=4211|mle_ms=10.735|monotonic_ms=10|clock_delta_ms=.735|
clock_suspect=0
PMLE_LIVE_REPLAY_TIC|tic=4212|mle_ms=11.98|monotonic_ms=20|clock_delta_ms=8.02|c
lock_suspect=0
PMLE_LIVE_REPLAY_TIC|tic=4213|mle_ms=11.034|monotonic_ms=10|clock_delta_ms=1.034
|clock_suspect=0
PMLE_LIVE_REPLAY_TIC|tic=4214|mle_ms=11.584|monotonic_ms=10|clock_delta_ms=1.584
|clock_suspect=0
PMLE_LIVE_REPLAY_TIC|tic=4215|mle_ms=10.474|monotonic_ms=10|clock_delta_ms=.474|
clock_suspect=0
PMLE_LIVE_REPLAY_TIC|tic=4216|mle_ms=11.681|monotonic_ms=10|clock_delta_ms=1.681
|clock_suspect=0
PMLE_LIVE_REPLAY_TIC|tic=4217|mle_ms=9.276|monotonic_ms=10|clock_delta_ms=.724|c
lock_suspect=0
PMLE_LIVE_REPLAY_TIC|tic=4218|mle_ms=9.906|monotonic_ms=10|clock_delta_ms=.094|c
lock_suspect=0
PMLE_LIVE_REPLAY_TIC|tic=4219|mle_ms=9.916|monotonic_ms=10|clock_delta_ms=.084|c
lock_suspect=0
PMLE_LIVE_REPLAY_TIC|tic=4220|mle_ms=9.37|monotonic_ms=10|clock_delta_ms=.63|clo
ck_suspect=0
PMLE_LIVE_REPLAY_TIC|tic=4221|mle_ms=9.043|monotonic_ms=10|clock_delta_ms=.957|c
lock_suspect=0
PMLE_LIVE_REPLAY_TIC|tic=4222|mle_ms=11.423|monotonic_ms=10|clock_delta_ms=1.423
|clock_suspect=0
PMLE_LIVE_REPLAY_TIC|tic=4223|mle_ms=11.131|monotonic_ms=10|clock_delta_ms=1.131
|clock_suspect=0
PMLE_LIVE_REPLAY_TIC|tic=4224|mle_ms=12.513|monotonic_ms=10|clock_delta_ms=2.513
|clock_suspect=0
PMLE_LIVE_REPLAY_TIC|tic=4225|mle_ms=13.432|monotonic_ms=20|clock_delta_ms=6.568
|clock_suspect=0
PMLE_LIVE_REPLAY_TIC|tic=4226|mle_ms=12.882|monotonic_ms=10|clock_delta_ms=2.882
|clock_suspect=0
PMLE_LIVE_REPLAY_TIC|tic=4227|mle_ms=9.877|monotonic_ms=10|clock_delta_ms=.123|c
lock_suspect=0
PMLE_LIVE_REPLAY_TIC|tic=4228|mle_ms=10.558|monotonic_ms=10|clock_delta_ms=.558|
clock_suspect=0
PMLE_LIVE_REPLAY_TIC|tic=4229|mle_ms=11.478|monotonic_ms=10|clock_delta_ms=1.478
|clock_suspect=0
PMLE_LIVE_REPLAY_TIC|tic=4230|mle_ms=11.733|monotonic_ms=20|clock_delta_ms=8.267
|clock_suspect=0
PMLE_LIVE_REPLAY_TIC|tic=4231|mle_ms=13.257|monotonic_ms=10|clock_delta_ms=3.257
|clock_suspect=0
PMLE_LIVE_REPLAY_TIC|tic=4232|mle_ms=12.072|monotonic_ms=10|clock_delta_ms=2.072
|clock_suspect=0
PMLE_LIVE_REPLAY_TIC|tic=4233|mle_ms=13.978|monotonic_ms=10|clock_delta_ms=3.978
|clock_suspect=0
PMLE_LIVE_REPLAY_TIC|tic=4234|mle_ms=13.429|monotonic_ms=20|clock_delta_ms=6.571
|clock_suspect=0
PMLE_LIVE_REPLAY_TIC|tic=4235|mle_ms=10.875|monotonic_ms=10|clock_delta_ms=.875|
clock_suspect=0
PMLE_LIVE_REPLAY_TIC|tic=4236|mle_ms=12.084|monotonic_ms=10|clock_delta_ms=2.084
|clock_suspect=0
PMLE_LIVE_REPLAY_TIC|tic=4237|mle_ms=10.068|monotonic_ms=10|clock_delta_ms=.068|
clock_suspect=0
PMLE_LIVE_REPLAY_TIC|tic=4238|mle_ms=10.139|monotonic_ms=10|clock_delta_ms=.139|
clock_suspect=0
PMLE_LIVE_REPLAY_TIC|tic=4239|mle_ms=126.148|monotonic_ms=130|clock_delta_ms=3.8
52|clock_suspect=0
PMLE_LIVE_REPLAY_TIC|tic=4240|mle_ms=10.618|monotonic_ms=10|clock_delta_ms=.618|
clock_suspect=0
PMLE_LIVE_REPLAY_TIC|tic=4241|mle_ms=10.349|monotonic_ms=10|clock_delta_ms=.349|
clock_suspect=0
PMLE_LIVE_REPLAY_TIC|tic=4242|mle_ms=12.509|monotonic_ms=10|clock_delta_ms=2.509
|clock_suspect=0
PMLE_LIVE_REPLAY_TIC|tic=4243|mle_ms=11.95|monotonic_ms=10|clock_delta_ms=1.95|c
lock_suspect=0
PMLE_LIVE_REPLAY_TIC|tic=4244|mle_ms=11.838|monotonic_ms=20|clock_delta_ms=8.162
|clock_suspect=0
PMLE_LIVE_REPLAY_TIC|tic=4245|mle_ms=10.53|monotonic_ms=10|clock_delta_ms=.53|cl
ock_suspect=0
PMLE_LIVE_REPLAY_TIC|tic=4246|mle_ms=12.36|monotonic_ms=10|clock_delta_ms=2.36|c
lock_suspect=0
PMLE_LIVE_REPLAY_TIC|tic=4247|mle_ms=10.439|monotonic_ms=10|clock_delta_ms=.439|
clock_suspect=0
PMLE_LIVE_REPLAY_TIC|tic=4248|mle_ms=10.766|monotonic_ms=10|clock_delta_ms=.766|
clock_suspect=0
PMLE_LIVE_REPLAY_TIC|tic=4249|mle_ms=11.167|monotonic_ms=10|clock_delta_ms=1.167
|clock_suspect=0
PMLE_LIVE_REPLAY_TIC|tic=4250|mle_ms=9.954|monotonic_ms=10|clock_delta_ms=.046|c
lock_suspect=0
PMLE_LIVE_REPLAY_TIC|tic=4251|mle_ms=9.214|monotonic_ms=10|clock_delta_ms=.786|c
lock_suspect=0
PMLE_LIVE_REPLAY_TIC|tic=4252|mle_ms=11.431|monotonic_ms=10|clock_delta_ms=1.431
|clock_suspect=0
PMLE_LIVE_REPLAY_TIC|tic=4253|mle_ms=11.063|monotonic_ms=10|clock_delta_ms=1.063
|clock_suspect=0
PMLE_LIVE_REPLAY_TIC|tic=4254|mle_ms=10.983|monotonic_ms=10|clock_delta_ms=.983|
clock_suspect=0
PMLE_LIVE_REPLAY_TIC|tic=4255|mle_ms=9.782|monotonic_ms=10|clock_delta_ms=.218|c
lock_suspect=0
PMLE_LIVE_REPLAY_TIC|tic=4256|mle_ms=13.086|monotonic_ms=20|clock_delta_ms=6.914
|clock_suspect=0
PMLE_LIVE_REPLAY_TIC|tic=4257|mle_ms=8.99|monotonic_ms=10|clock_delta_ms=1.01|cl
ock_suspect=0
PMLE_LIVE_REPLAY_TIC|tic=4258|mle_ms=10.337|monotonic_ms=10|clock_delta_ms=.337|
clock_suspect=0
PMLE_LIVE_REPLAY_TIC|tic=4259|mle_ms=10.491|monotonic_ms=10|clock_delta_ms=.491|
clock_suspect=0
PMLE_LIVE_REPLAY_TIC|tic=4260|mle_ms=10.17|monotonic_ms=10|clock_delta_ms=.17|cl
ock_suspect=0
PMLE_LIVE_REPLAY_TIC|tic=4261|mle_ms=8.798|monotonic_ms=10|clock_delta_ms=1.202|
clock_suspect=0
PMLE_LIVE_REPLAY_TIC|tic=4262|mle_ms=10.121|monotonic_ms=10|clock_delta_ms=.121|
clock_suspect=0
PMLE_LIVE_REPLAY_TIC|tic=4263|mle_ms=10.114|monotonic_ms=10|clock_delta_ms=.114|
clock_suspect=0
PMLE_LIVE_REPLAY_TIC|tic=4264|mle_ms=12.423|monotonic_ms=10|clock_delta_ms=2.423
|clock_suspect=0
PMLE_LIVE_REPLAY_TIC|tic=4265|mle_ms=11.941|monotonic_ms=10|clock_delta_ms=1.941
|clock_suspect=0
PMLE_LIVE_REPLAY_TIC|tic=4266|mle_ms=13.909|monotonic_ms=20|clock_delta_ms=6.091
|clock_suspect=0
PMLE_LIVE_REPLAY_TIC|tic=4267|mle_ms=10.988|monotonic_ms=10|clock_delta_ms=.988|
clock_suspect=0
PMLE_LIVE_REPLAY_TIC|tic=4268|mle_ms=11.019|monotonic_ms=10|clock_delta_ms=1.019
|clock_suspect=0
PMLE_LIVE_REPLAY_TIC|tic=4269|mle_ms=9.84|monotonic_ms=10|clock_delta_ms=.16|clo
ck_suspect=0
PMLE_LIVE_REPLAY_TIC|tic=4270|mle_ms=24.451|monotonic_ms=20|clock_delta_ms=4.451
|clock_suspect=0
PMLE_LIVE_REPLAY_TIC|tic=4271|mle_ms=10.297|monotonic_ms=10|clock_delta_ms=.297|
clock_suspect=0
PMLE_LIVE_REPLAY_TIC|tic=4272|mle_ms=11.837|monotonic_ms=10|clock_delta_ms=1.837
|clock_suspect=0
PMLE_LIVE_REPLAY_TIC|tic=4273|mle_ms=12.974|monotonic_ms=20|clock_delta_ms=7.026
|clock_suspect=0
PMLE_LIVE_REPLAY_TIC|tic=4274|mle_ms=11.706|monotonic_ms=10|clock_delta_ms=1.706
|clock_suspect=0
PMLE_LIVE_REPLAY_TIC|tic=4275|mle_ms=10.127|monotonic_ms=10|clock_delta_ms=.127|
clock_suspect=0
PMLE_LIVE_REPLAY_TIC|tic=4276|mle_ms=11.908|monotonic_ms=10|clock_delta_ms=1.908
|clock_suspect=0
PMLE_LIVE_REPLAY_TIC|tic=4277|mle_ms=9.215|monotonic_ms=10|clock_delta_ms=.785|c
lock_suspect=0
PMLE_LIVE_REPLAY_TIC|tic=4278|mle_ms=9.98|monotonic_ms=10|clock_delta_ms=.02|clo
ck_suspect=0
PMLE_LIVE_REPLAY_TIC|tic=4279|mle_ms=10.02|monotonic_ms=10|clock_delta_ms=.02|cl
ock_suspect=0
PMLE_LIVE_REPLAY_TIC|tic=4280|mle_ms=8.742|monotonic_ms=10|clock_delta_ms=1.258|
clock_suspect=0
PMLE_LIVE_REPLAY_TIC|tic=4281|mle_ms=7.981|monotonic_ms=10|clock_delta_ms=2.019|
clock_suspect=0
PMLE_LIVE_REPLAY_TIC|tic=4282|mle_ms=9.858|monotonic_ms=10|clock_delta_ms=.142|c
lock_suspect=0
PMLE_LIVE_REPLAY_TIC|tic=4283|mle_ms=10.647|monotonic_ms=10|clock_delta_ms=.647|
clock_suspect=0
PMLE_LIVE_REPLAY_TIC|tic=4284|mle_ms=11.536|monotonic_ms=10|clock_delta_ms=1.536
|clock_suspect=0
PMLE_LIVE_REPLAY_TIC|tic=4285|mle_ms=10.576|monotonic_ms=10|clock_delta_ms=.576|
clock_suspect=0
PMLE_LIVE_REPLAY_TIC|tic=4286|mle_ms=11.789|monotonic_ms=10|clock_delta_ms=1.789
|clock_suspect=0
PMLE_LIVE_REPLAY_TIC|tic=4287|mle_ms=9.193|monotonic_ms=10|clock_delta_ms=.807|c
lock_suspect=0
PMLE_LIVE_REPLAY_TIC|tic=4288|mle_ms=10.828|monotonic_ms=10|clock_delta_ms=.828|
clock_suspect=0
PMLE_LIVE_REPLAY_TIC|tic=4289|mle_ms=10.919|monotonic_ms=10|clock_delta_ms=.919|
clock_suspect=0
PMLE_LIVE_REPLAY_TIC|tic=4290|mle_ms=10.926|monotonic_ms=10|clock_delta_ms=.926|
clock_suspect=0
PMLE_LIVE_REPLAY_TIC|tic=4291|mle_ms=10.481|monotonic_ms=20|clock_delta_ms=9.519
|clock_suspect=0
PMLE_LIVE_REPLAY_TIC|tic=4292|mle_ms=11.333|monotonic_ms=10|clock_delta_ms=1.333
|clock_suspect=0
PMLE_LIVE_REPLAY_TIC|tic=4293|mle_ms=10.681|monotonic_ms=10|clock_delta_ms=.681|
clock_suspect=0
PMLE_LIVE_REPLAY_TIC|tic=4294|mle_ms=12.644|monotonic_ms=10|clock_delta_ms=2.644
|clock_suspect=0
PMLE_LIVE_REPLAY_TIC|tic=4295|mle_ms=11.213|monotonic_ms=10|clock_delta_ms=1.213
|clock_suspect=0
PMLE_LIVE_REPLAY_TIC|tic=4296|mle_ms=12.712|monotonic_ms=10|clock_delta_ms=2.712
|clock_suspect=0
PMLE_LIVE_REPLAY_TIC|tic=4297|mle_ms=9.731|monotonic_ms=10|clock_delta_ms=.269|c
lock_suspect=0
PMLE_LIVE_REPLAY_TIC|tic=4298|mle_ms=9.741|monotonic_ms=10|clock_delta_ms=.259|c
lock_suspect=0
PMLE_LIVE_REPLAY_TIC|tic=4299|mle_ms=9.298|monotonic_ms=10|clock_delta_ms=.702|c
lock_suspect=0
PMLE_LIVE_REPLAY_TIC|tic=4300|mle_ms=12.41|monotonic_ms=20|clock_delta_ms=7.59|c
lock_suspect=0
PMLE_LIVE_REPLAY_TIC|tic=4301|mle_ms=10.473|monotonic_ms=10|clock_delta_ms=.473|
clock_suspect=0
PMLE_LIVE_REPLAY_TIC|tic=4302|mle_ms=11.425|monotonic_ms=10|clock_delta_ms=1.425
|clock_suspect=0
PMLE_LIVE_REPLAY_TIC|tic=4303|mle_ms=10.979|monotonic_ms=10|clock_delta_ms=.979|
clock_suspect=0
PMLE_LIVE_REPLAY_TIC|tic=4304|mle_ms=11.447|monotonic_ms=10|clock_delta_ms=1.447
|clock_suspect=0
PMLE_LIVE_REPLAY_TIC|tic=4305|mle_ms=9.661|monotonic_ms=10|clock_delta_ms=.339|c
lock_suspect=0
PMLE_LIVE_REPLAY_TIC|tic=4306|mle_ms=11.267|monotonic_ms=10|clock_delta_ms=1.267
|clock_suspect=0
PMLE_LIVE_REPLAY_TIC|tic=4307|mle_ms=9.201|monotonic_ms=10|clock_delta_ms=.799|c
lock_suspect=0
PMLE_LIVE_REPLAY_TIC|tic=4308|mle_ms=9.334|monotonic_ms=10|clock_delta_ms=.666|c
lock_suspect=0
PMLE_LIVE_REPLAY_TIC|tic=4309|mle_ms=9.396|monotonic_ms=10|clock_delta_ms=.604|c
lock_suspect=0
PMLE_LIVE_REPLAY_TIC|tic=4310|mle_ms=9.334|monotonic_ms=10|clock_delta_ms=.666|c
lock_suspect=0
PMLE_LIVE_REPLAY_TIC|tic=4311|mle_ms=10.299|monotonic_ms=10|clock_delta_ms=.299|
clock_suspect=0
PMLE_LIVE_REPLAY_TIC|tic=4312|mle_ms=11.515|monotonic_ms=10|clock_delta_ms=1.515
|clock_suspect=0
PMLE_LIVE_REPLAY_TIC|tic=4313|mle_ms=10.895|monotonic_ms=10|clock_delta_ms=.895|
clock_suspect=0
PMLE_LIVE_REPLAY_TIC|tic=4314|mle_ms=11.775|monotonic_ms=20|clock_delta_ms=8.225
|clock_suspect=0
PMLE_LIVE_REPLAY_TIC|tic=4315|mle_ms=10.708|monotonic_ms=10|clock_delta_ms=.708|
clock_suspect=0
PMLE_LIVE_REPLAY_TIC|tic=4316|mle_ms=10.969|monotonic_ms=10|clock_delta_ms=.969|
clock_suspect=0
PMLE_LIVE_REPLAY_TIC|tic=4317|mle_ms=8.213|monotonic_ms=10|clock_delta_ms=1.787|
clock_suspect=0
PMLE_LIVE_REPLAY_TIC|tic=4318|mle_ms=8.156|monotonic_ms=0|clock_delta_ms=8.156|c
lock_suspect=0
PMLE_LIVE_REPLAY_TIC|tic=4319|mle_ms=8.577|monotonic_ms=10|clock_delta_ms=1.423|
clock_suspect=0
PMLE_LIVE_REPLAY_TIC|tic=4320|mle_ms=9.076|monotonic_ms=10|clock_delta_ms=.924|c
lock_suspect=0
PMLE_LIVE_REPLAY_TIC|tic=4321|mle_ms=10.428|monotonic_ms=10|clock_delta_ms=.428|
clock_suspect=0
PMLE_LIVE_REPLAY_TIC|tic=4322|mle_ms=11.06|monotonic_ms=10|clock_delta_ms=1.06|c
lock_suspect=0
PMLE_LIVE_REPLAY_TIC|tic=4323|mle_ms=10.749|monotonic_ms=10|clock_delta_ms=.749|
clock_suspect=0
PMLE_LIVE_REPLAY_TIC|tic=4324|mle_ms=12.025|monotonic_ms=20|clock_delta_ms=7.975
|clock_suspect=0
PMLE_LIVE_REPLAY_TIC|tic=4325|mle_ms=9.428|monotonic_ms=10|clock_delta_ms=.572|c
lock_suspect=0
PMLE_LIVE_REPLAY_TIC|tic=4326|mle_ms=10.046|monotonic_ms=10|clock_delta_ms=.046|
clock_suspect=0
PMLE_LIVE_REPLAY_TIC|tic=4327|mle_ms=9.481|monotonic_ms=10|clock_delta_ms=.519|c
lock_suspect=0
PMLE_LIVE_REPLAY_TIC|tic=4328|mle_ms=8.554|monotonic_ms=0|clock_delta_ms=8.554|c
lock_suspect=0
PMLE_LIVE_REPLAY_TIC|tic=4329|mle_ms=10.994|monotonic_ms=20|clock_delta_ms=9.006
|clock_suspect=0
PMLE_LIVE_REPLAY_TIC|tic=4330|mle_ms=10.114|monotonic_ms=10|clock_delta_ms=.114|
clock_suspect=0
PMLE_LIVE_REPLAY_TIC|tic=4331|mle_ms=11.435|monotonic_ms=10|clock_delta_ms=1.435
|clock_suspect=0
PMLE_LIVE_REPLAY_TIC|tic=4332|mle_ms=12.266|monotonic_ms=10|clock_delta_ms=2.266
|clock_suspect=0
PMLE_LIVE_REPLAY_TIC|tic=4333|mle_ms=12.297|monotonic_ms=10|clock_delta_ms=2.297
|clock_suspect=0
PMLE_LIVE_REPLAY_TIC|tic=4334|mle_ms=11.921|monotonic_ms=10|clock_delta_ms=1.921
|clock_suspect=0
PMLE_LIVE_REPLAY_TIC|tic=4335|mle_ms=10.494|monotonic_ms=10|clock_delta_ms=.494|
clock_suspect=0
PMLE_LIVE_REPLAY_TIC|tic=4336|mle_ms=11.842|monotonic_ms=20|clock_delta_ms=8.158
|clock_suspect=0
PMLE_LIVE_REPLAY_TIC|tic=4337|mle_ms=9.513|monotonic_ms=10|clock_delta_ms=.487|c
lock_suspect=0
PMLE_LIVE_REPLAY_TIC|tic=4338|mle_ms=11.154|monotonic_ms=10|clock_delta_ms=1.154
|clock_suspect=0
PMLE_LIVE_REPLAY_TIC|tic=4339|mle_ms=10.771|monotonic_ms=10|clock_delta_ms=.771|
clock_suspect=0
PMLE_LIVE_REPLAY_TIC|tic=4340|mle_ms=9.79|monotonic_ms=10|clock_delta_ms=.21|clo
ck_suspect=0
PMLE_LIVE_REPLAY_TIC|tic=4341|mle_ms=9.835|monotonic_ms=10|clock_delta_ms=.165|c
lock_suspect=0
PMLE_LIVE_REPLAY_TIC|tic=4342|mle_ms=11.071|monotonic_ms=10|clock_delta_ms=1.071
|clock_suspect=0
PMLE_LIVE_REPLAY_TIC|tic=4343|mle_ms=10.631|monotonic_ms=10|clock_delta_ms=.631|
clock_suspect=0
PMLE_LIVE_REPLAY_TIC|tic=4344|mle_ms=11.825|monotonic_ms=10|clock_delta_ms=1.825
|clock_suspect=0
PMLE_LIVE_REPLAY_TIC|tic=4345|mle_ms=9.528|monotonic_ms=10|clock_delta_ms=.472|c
lock_suspect=0
PMLE_LIVE_REPLAY_TIC|tic=4346|mle_ms=9.237|monotonic_ms=10|clock_delta_ms=.763|c
lock_suspect=0
PMLE_LIVE_REPLAY_TIC|tic=4347|mle_ms=8.082|monotonic_ms=10|clock_delta_ms=1.918|
clock_suspect=0
PMLE_LIVE_REPLAY_TIC|tic=4348|mle_ms=8.454|monotonic_ms=10|clock_delta_ms=1.546|
clock_suspect=0
PMLE_LIVE_REPLAY_TIC|tic=4349|mle_ms=8.312|monotonic_ms=10|clock_delta_ms=1.688|
clock_suspect=0
PMLE_LIVE_REPLAY_TIC|tic=4350|mle_ms=10.695|monotonic_ms=10|clock_delta_ms=.695|
clock_suspect=0
PMLE_LIVE_REPLAY_TIC|tic=4351|mle_ms=10.294|monotonic_ms=10|clock_delta_ms=.294|
clock_suspect=0
PMLE_LIVE_REPLAY_TIC|tic=4352|mle_ms=11.153|monotonic_ms=10|clock_delta_ms=1.153
|clock_suspect=0
PMLE_LIVE_REPLAY_TIC|tic=4353|mle_ms=10.739|monotonic_ms=10|clock_delta_ms=.739|
clock_suspect=0
PMLE_LIVE_REPLAY_TIC|tic=4354|mle_ms=11.809|monotonic_ms=10|clock_delta_ms=1.809
|clock_suspect=0
PMLE_LIVE_REPLAY_TIC|tic=4355|mle_ms=11.192|monotonic_ms=10|clock_delta_ms=1.192
|clock_suspect=0
PMLE_LIVE_REPLAY_TIC|tic=4356|mle_ms=12.69|monotonic_ms=20|clock_delta_ms=7.31|c
lock_suspect=0
PMLE_LIVE_REPLAY_TIC|tic=4357|mle_ms=10.417|monotonic_ms=10|clock_delta_ms=.417|
clock_suspect=0
PMLE_LIVE_REPLAY_TIC|tic=4358|mle_ms=11.782|monotonic_ms=10|clock_delta_ms=1.782
|clock_suspect=0
PMLE_LIVE_REPLAY_TIC|tic=4359|mle_ms=14.731|monotonic_ms=10|clock_delta_ms=4.731
|clock_suspect=0
PMLE_LIVE_REPLAY_TIC|tic=4360|mle_ms=11.39|monotonic_ms=10|clock_delta_ms=1.39|c
lock_suspect=0
PMLE_LIVE_REPLAY_TIC|tic=4361|mle_ms=11.188|monotonic_ms=20|clock_delta_ms=8.812
|clock_suspect=0
PMLE_LIVE_REPLAY_TIC|tic=4362|mle_ms=12.223|monotonic_ms=10|clock_delta_ms=2.223
|clock_suspect=0
PMLE_LIVE_REPLAY_TIC|tic=4363|mle_ms=13.26|monotonic_ms=10|clock_delta_ms=3.26|c
lock_suspect=0
PMLE_LIVE_REPLAY_TIC|tic=4364|mle_ms=13.245|monotonic_ms=10|clock_delta_ms=3.245
|clock_suspect=0
PMLE_LIVE_REPLAY_TIC|tic=4365|mle_ms=10.389|monotonic_ms=10|clock_delta_ms=.389|
clock_suspect=0
PMLE_LIVE_REPLAY_TIC|tic=4366|mle_ms=12.081|monotonic_ms=20|clock_delta_ms=7.919
|clock_suspect=0
PMLE_LIVE_REPLAY_TIC|tic=4367|mle_ms=12.166|monotonic_ms=10|clock_delta_ms=2.166
|clock_suspect=0
PMLE_LIVE_REPLAY_TIC|tic=4368|mle_ms=13.68|monotonic_ms=10|clock_delta_ms=3.68|c
lock_suspect=0
PMLE_LIVE_REPLAY_TIC|tic=4369|mle_ms=17.481|monotonic_ms=20|clock_delta_ms=2.519
|clock_suspect=0
PMLE_LIVE_REPLAY_TIC|tic=4370|mle_ms=10.865|monotonic_ms=10|clock_delta_ms=.865|
clock_suspect=0
PMLE_LIVE_REPLAY_TIC|tic=4371|mle_ms=14.066|monotonic_ms=20|clock_delta_ms=5.934
|clock_suspect=0
PMLE_LIVE_REPLAY_TIC|tic=4372|mle_ms=11.614|monotonic_ms=10|clock_delta_ms=1.614
|clock_suspect=0
PMLE_LIVE_REPLAY_TIC|tic=4373|mle_ms=13.161|monotonic_ms=10|clock_delta_ms=3.161
|clock_suspect=0
PMLE_LIVE_REPLAY_TIC|tic=4374|mle_ms=18.578|monotonic_ms=20|clock_delta_ms=1.422
|clock_suspect=0
PMLE_LIVE_REPLAY_TIC|tic=4375|mle_ms=12.566|monotonic_ms=10|clock_delta_ms=2.566
|clock_suspect=0
PMLE_LIVE_REPLAY_TIC|tic=4376|mle_ms=15.578|monotonic_ms=20|clock_delta_ms=4.422
|clock_suspect=0
PMLE_LIVE_REPLAY_TIC|tic=4377|mle_ms=11.802|monotonic_ms=10|clock_delta_ms=1.802
|clock_suspect=0
PMLE_LIVE_REPLAY_TIC|tic=4378|mle_ms=12.183|monotonic_ms=10|clock_delta_ms=2.183
|clock_suspect=0
PMLE_LIVE_REPLAY_TIC|tic=4379|mle_ms=13.808|monotonic_ms=20|clock_delta_ms=6.192
|clock_suspect=0
PMLE_LIVE_REPLAY_TIC|tic=4380|mle_ms=12.684|monotonic_ms=10|clock_delta_ms=2.684
|clock_suspect=0
PMLE_LIVE_REPLAY_TIC|tic=4381|mle_ms=13.28|monotonic_ms=10|clock_delta_ms=3.28|c
lock_suspect=0
PMLE_LIVE_REPLAY_TIC|tic=4382|mle_ms=13.08|monotonic_ms=20|clock_delta_ms=6.92|c
lock_suspect=0
PMLE_LIVE_REPLAY_TIC|tic=4383|mle_ms=13.541|monotonic_ms=10|clock_delta_ms=3.541
|clock_suspect=0
PMLE_LIVE_REPLAY_TIC|tic=4384|mle_ms=14.476|monotonic_ms=10|clock_delta_ms=4.476
|clock_suspect=0
PMLE_LIVE_REPLAY_TIC|tic=4385|mle_ms=11.153|monotonic_ms=10|clock_delta_ms=1.153
|clock_suspect=0
PMLE_LIVE_REPLAY_TIC|tic=4386|mle_ms=12.517|monotonic_ms=20|clock_delta_ms=7.483
|clock_suspect=0
PMLE_LIVE_REPLAY_TIC|tic=4387|mle_ms=9.916|monotonic_ms=10|clock_delta_ms=.084|c
lock_suspect=0
PMLE_LIVE_REPLAY_TIC|tic=4388|mle_ms=12.578|monotonic_ms=10|clock_delta_ms=2.578
|clock_suspect=0
PMLE_LIVE_REPLAY_TIC|tic=4389|mle_ms=9.857|monotonic_ms=10|clock_delta_ms=.143|c
lock_suspect=0
PMLE_LIVE_REPLAY_TIC|tic=4390|mle_ms=10.965|monotonic_ms=10|clock_delta_ms=.965|
clock_suspect=0
PMLE_LIVE_REPLAY_TIC|tic=4391|mle_ms=10.696|monotonic_ms=10|clock_delta_ms=.696|
clock_suspect=0
PMLE_LIVE_REPLAY_TIC|tic=4392|mle_ms=12.167|monotonic_ms=10|clock_delta_ms=2.167
|clock_suspect=0
PMLE_LIVE_REPLAY_TIC|tic=4393|mle_ms=11.721|monotonic_ms=20|clock_delta_ms=8.279
|clock_suspect=0
PMLE_LIVE_REPLAY_TIC|tic=4394|mle_ms=11.686|monotonic_ms=10|clock_delta_ms=1.686
|clock_suspect=0
PMLE_LIVE_REPLAY_TIC|tic=4395|mle_ms=9.743|monotonic_ms=10|clock_delta_ms=.257|c
lock_suspect=0
PMLE_LIVE_REPLAY_TIC|tic=4396|mle_ms=11.22|monotonic_ms=10|clock_delta_ms=1.22|c
lock_suspect=0
PMLE_LIVE_REPLAY_TIC|tic=4397|mle_ms=9.076|monotonic_ms=10|clock_delta_ms=.924|c
lock_suspect=0
PMLE_LIVE_REPLAY_TIC|tic=4398|mle_ms=9.818|monotonic_ms=10|clock_delta_ms=.182|c
lock_suspect=0
PMLE_LIVE_REPLAY_TIC|tic=4399|mle_ms=10.038|monotonic_ms=10|clock_delta_ms=.038|
clock_suspect=0
PMLE_LIVE_REPLAY_TIC|tic=4400|mle_ms=9.622|monotonic_ms=10|clock_delta_ms=.378|c
lock_suspect=0
PMLE_LIVE_REPLAY_TIC|tic=4401|mle_ms=9.323|monotonic_ms=10|clock_delta_ms=.677|c
lock_suspect=0
PMLE_LIVE_REPLAY_TIC|tic=4402|mle_ms=10.819|monotonic_ms=10|clock_delta_ms=.819|
clock_suspect=0
PMLE_LIVE_REPLAY_TIC|tic=4403|mle_ms=10.445|monotonic_ms=10|clock_delta_ms=.445|
clock_suspect=0
PMLE_LIVE_REPLAY_TIC|tic=4404|mle_ms=11.127|monotonic_ms=10|clock_delta_ms=1.127
|clock_suspect=0
PMLE_LIVE_REPLAY_TIC|tic=4405|mle_ms=10.609|monotonic_ms=10|clock_delta_ms=.609|
clock_suspect=0
PMLE_LIVE_REPLAY_TIC|tic=4406|mle_ms=11.195|monotonic_ms=10|clock_delta_ms=1.195
|clock_suspect=0
PMLE_LIVE_REPLAY_TIC|tic=4407|mle_ms=10.239|monotonic_ms=10|clock_delta_ms=.239|
clock_suspect=0
PMLE_LIVE_REPLAY_TIC|tic=4408|mle_ms=11.577|monotonic_ms=20|clock_delta_ms=8.423
|clock_suspect=0
PMLE_LIVE_REPLAY_TIC|tic=4409|mle_ms=10.163|monotonic_ms=10|clock_delta_ms=.163|
clock_suspect=0
PMLE_LIVE_REPLAY_TIC|tic=4410|mle_ms=10.023|monotonic_ms=10|clock_delta_ms=.023|
clock_suspect=0
PMLE_LIVE_REPLAY_TIC|tic=4411|mle_ms=9.807|monotonic_ms=10|clock_delta_ms=.193|c
lock_suspect=0
PMLE_LIVE_REPLAY_TIC|tic=4412|mle_ms=10.253|monotonic_ms=10|clock_delta_ms=.253|
clock_suspect=0
PMLE_LIVE_REPLAY_TIC|tic=4413|mle_ms=10.015|monotonic_ms=10|clock_delta_ms=.015|
clock_suspect=0
PMLE_LIVE_REPLAY_TIC|tic=4414|mle_ms=11.003|monotonic_ms=10|clock_delta_ms=1.003
|clock_suspect=0
PMLE_LIVE_REPLAY_TIC|tic=4415|mle_ms=8.912|monotonic_ms=10|clock_delta_ms=1.088|
clock_suspect=0
PMLE_LIVE_REPLAY_TIC|tic=4416|mle_ms=12.24|monotonic_ms=10|clock_delta_ms=2.24|c
lock_suspect=0
PMLE_LIVE_REPLAY_TIC|tic=4417|mle_ms=13.112|monotonic_ms=10|clock_delta_ms=3.112
|clock_suspect=0
PMLE_LIVE_REPLAY_TIC|tic=4418|mle_ms=10.159|monotonic_ms=10|clock_delta_ms=.159|
clock_suspect=0
PMLE_LIVE_REPLAY_TIC|tic=4419|mle_ms=10.318|monotonic_ms=10|clock_delta_ms=.318|
clock_suspect=0
PMLE_LIVE_REPLAY_TIC|tic=4420|mle_ms=10.1|monotonic_ms=10|clock_delta_ms=.1|cloc
k_suspect=0
PMLE_LIVE_REPLAY_TIC|tic=4421|mle_ms=10.342|monotonic_ms=10|clock_delta_ms=.342|
clock_suspect=0
PMLE_LIVE_REPLAY_TIC|tic=4422|mle_ms=11.604|monotonic_ms=20|clock_delta_ms=8.396
|clock_suspect=0
PMLE_LIVE_REPLAY_TIC|tic=4423|mle_ms=10.759|monotonic_ms=10|clock_delta_ms=.759|
clock_suspect=0
PMLE_LIVE_REPLAY_TIC|tic=4424|mle_ms=10.654|monotonic_ms=10|clock_delta_ms=.654|
clock_suspect=0
PMLE_LIVE_REPLAY_TIC|tic=4425|mle_ms=10.204|monotonic_ms=10|clock_delta_ms=.204|
clock_suspect=0
PMLE_LIVE_REPLAY_TIC|tic=4426|mle_ms=12.394|monotonic_ms=10|clock_delta_ms=2.394
|clock_suspect=0
PMLE_LIVE_REPLAY_TIC|tic=4427|mle_ms=9.919|monotonic_ms=10|clock_delta_ms=.081|c
lock_suspect=0
PMLE_LIVE_REPLAY_TIC|tic=4428|mle_ms=10.519|monotonic_ms=10|clock_delta_ms=.519|
clock_suspect=0
PMLE_LIVE_REPLAY_TIC|tic=4429|mle_ms=10.468|monotonic_ms=10|clock_delta_ms=.468|
clock_suspect=0
PMLE_LIVE_REPLAY_TIC|tic=4430|mle_ms=10.353|monotonic_ms=10|clock_delta_ms=.353|
clock_suspect=0
PMLE_LIVE_REPLAY_TIC|tic=4431|mle_ms=9.8|monotonic_ms=10|clock_delta_ms=.2|clock
_suspect=0
PMLE_LIVE_REPLAY_TIC|tic=4432|mle_ms=11.817|monotonic_ms=10|clock_delta_ms=1.817
|clock_suspect=0
PMLE_LIVE_REPLAY_TIC|tic=4433|mle_ms=10.987|monotonic_ms=10|clock_delta_ms=.987|
clock_suspect=0
PMLE_LIVE_REPLAY_TIC|tic=4434|mle_ms=12.501|monotonic_ms=20|clock_delta_ms=7.499
|clock_suspect=0
PMLE_LIVE_REPLAY_TIC|tic=4435|mle_ms=10.621|monotonic_ms=10|clock_delta_ms=.621|
clock_suspect=0
PMLE_LIVE_REPLAY_TIC|tic=4436|mle_ms=11.146|monotonic_ms=10|clock_delta_ms=1.146
|clock_suspect=0
PMLE_LIVE_REPLAY_TIC|tic=4437|mle_ms=9.376|monotonic_ms=10|clock_delta_ms=.624|c
lock_suspect=0
PMLE_LIVE_REPLAY_TIC|tic=4438|mle_ms=9.64|monotonic_ms=10|clock_delta_ms=.36|clo
ck_suspect=0
PMLE_LIVE_REPLAY_TIC|tic=4439|mle_ms=9.417|monotonic_ms=10|clock_delta_ms=.583|c
lock_suspect=0
PMLE_LIVE_REPLAY_TIC|tic=4440|mle_ms=8.858|monotonic_ms=10|clock_delta_ms=1.142|
clock_suspect=0
PMLE_LIVE_REPLAY_TIC|tic=4441|mle_ms=10.714|monotonic_ms=10|clock_delta_ms=.714|
clock_suspect=0
PMLE_LIVE_REPLAY_TIC|tic=4442|mle_ms=10.657|monotonic_ms=10|clock_delta_ms=.657|
clock_suspect=0
PMLE_LIVE_REPLAY_TIC|tic=4443|mle_ms=11.002|monotonic_ms=10|clock_delta_ms=1.002
|clock_suspect=0
PMLE_LIVE_REPLAY_TIC|tic=4444|mle_ms=11.827|monotonic_ms=10|clock_delta_ms=1.827
|clock_suspect=0
PMLE_LIVE_REPLAY_TIC|tic=4445|mle_ms=10.628|monotonic_ms=10|clock_delta_ms=.628|
clock_suspect=0
PMLE_LIVE_REPLAY_TIC|tic=4446|mle_ms=15.868|monotonic_ms=20|clock_delta_ms=4.132
|clock_suspect=0
PMLE_LIVE_REPLAY_TIC|tic=4447|mle_ms=10.374|monotonic_ms=10|clock_delta_ms=.374|
clock_suspect=0
PMLE_LIVE_REPLAY_TIC|tic=4448|mle_ms=10.101|monotonic_ms=10|clock_delta_ms=.101|
clock_suspect=0
PMLE_LIVE_REPLAY_TIC|tic=4449|mle_ms=9.947|monotonic_ms=10|clock_delta_ms=.053|c
lock_suspect=0
PMLE_LIVE_REPLAY_TIC|tic=4450|mle_ms=11.533|monotonic_ms=10|clock_delta_ms=1.533
|clock_suspect=0
PMLE_LIVE_REPLAY_TIC|tic=4451|mle_ms=10.738|monotonic_ms=10|clock_delta_ms=.738|
clock_suspect=0
PMLE_LIVE_REPLAY_TIC|tic=4452|mle_ms=11.715|monotonic_ms=10|clock_delta_ms=1.715
|clock_suspect=0
PMLE_LIVE_REPLAY_TIC|tic=4453|mle_ms=11.527|monotonic_ms=10|clock_delta_ms=1.527
|clock_suspect=0
PMLE_LIVE_REPLAY_TIC|tic=4454|mle_ms=11.646|monotonic_ms=20|clock_delta_ms=8.354
|clock_suspect=0
PMLE_LIVE_REPLAY_TIC|tic=4455|mle_ms=9.922|monotonic_ms=10|clock_delta_ms=.078|c
lock_suspect=0
PMLE_LIVE_REPLAY_TIC|tic=4456|mle_ms=12.345|monotonic_ms=10|clock_delta_ms=2.345
|clock_suspect=0
PMLE_LIVE_REPLAY_TIC|tic=4457|mle_ms=9.326|monotonic_ms=10|clock_delta_ms=.674|c
lock_suspect=0
PMLE_LIVE_REPLAY_TIC|tic=4458|mle_ms=10.448|monotonic_ms=10|clock_delta_ms=.448|
clock_suspect=0
PMLE_LIVE_REPLAY_TIC|tic=4459|mle_ms=11.409|monotonic_ms=10|clock_delta_ms=1.409
|clock_suspect=0
PMLE_LIVE_REPLAY_TIC|tic=4460|mle_ms=10.007|monotonic_ms=10|clock_delta_ms=.007|
clock_suspect=0
PMLE_LIVE_REPLAY_TIC|tic=4461|mle_ms=10.453|monotonic_ms=10|clock_delta_ms=.453|
clock_suspect=0
PMLE_LIVE_REPLAY_TIC|tic=4462|mle_ms=10.994|monotonic_ms=10|clock_delta_ms=.994|
clock_suspect=0
PMLE_LIVE_REPLAY_TIC|tic=4463|mle_ms=11.259|monotonic_ms=10|clock_delta_ms=1.259
|clock_suspect=0
PMLE_LIVE_REPLAY_TIC|tic=4464|mle_ms=13.254|monotonic_ms=20|clock_delta_ms=6.746
|clock_suspect=0
PMLE_LIVE_REPLAY_TIC|tic=4465|mle_ms=11.525|monotonic_ms=10|clock_delta_ms=1.525
|clock_suspect=0
PMLE_LIVE_REPLAY_TIC|tic=4466|mle_ms=11.956|monotonic_ms=10|clock_delta_ms=1.956
|clock_suspect=0
PMLE_LIVE_REPLAY_TIC|tic=4467|mle_ms=8.921|monotonic_ms=10|clock_delta_ms=1.079|
clock_suspect=0
PMLE_LIVE_REPLAY_TIC|tic=4468|mle_ms=10.038|monotonic_ms=10|clock_delta_ms=.038|
clock_suspect=0
PMLE_LIVE_REPLAY_TIC|tic=4469|mle_ms=9.626|monotonic_ms=10|clock_delta_ms=.374|c
lock_suspect=0
PMLE_LIVE_REPLAY_TIC|tic=4470|mle_ms=11.392|monotonic_ms=10|clock_delta_ms=1.392
|clock_suspect=0
PMLE_LIVE_REPLAY_TIC|tic=4471|mle_ms=10.582|monotonic_ms=10|clock_delta_ms=.582|
clock_suspect=0
PMLE_LIVE_REPLAY_TIC|tic=4472|mle_ms=10.954|monotonic_ms=10|clock_delta_ms=.954|
clock_suspect=0
PMLE_LIVE_REPLAY_TIC|tic=4473|mle_ms=10.434|monotonic_ms=10|clock_delta_ms=.434|
clock_suspect=0
PMLE_LIVE_REPLAY_TIC|tic=4474|mle_ms=11.495|monotonic_ms=10|clock_delta_ms=1.495
|clock_suspect=0
PMLE_LIVE_REPLAY_TIC|tic=4475|mle_ms=13.406|monotonic_ms=20|clock_delta_ms=6.594
|clock_suspect=0
PMLE_LIVE_REPLAY_TIC|tic=4476|mle_ms=11.954|monotonic_ms=10|clock_delta_ms=1.954
|clock_suspect=0
PMLE_LIVE_REPLAY_TIC|tic=4477|mle_ms=9.536|monotonic_ms=10|clock_delta_ms=.464|c
lock_suspect=0
PMLE_LIVE_REPLAY_TIC|tic=4478|mle_ms=10.318|monotonic_ms=10|clock_delta_ms=.318|
clock_suspect=0
PMLE_LIVE_REPLAY_TIC|tic=4479|mle_ms=10.605|monotonic_ms=10|clock_delta_ms=.605|
clock_suspect=0
PMLE_LIVE_REPLAY_TIC|tic=4480|mle_ms=10.656|monotonic_ms=10|clock_delta_ms=.656|
clock_suspect=0
PMLE_LIVE_REPLAY_TIC|tic=4481|mle_ms=10.178|monotonic_ms=10|clock_delta_ms=.178|
clock_suspect=0
PMLE_LIVE_REPLAY_TIC|tic=4482|mle_ms=11.216|monotonic_ms=10|clock_delta_ms=1.216
|clock_suspect=0
PMLE_LIVE_REPLAY_TIC|tic=4483|mle_ms=10.701|monotonic_ms=10|clock_delta_ms=.701|
clock_suspect=0
PMLE_LIVE_REPLAY_TIC|tic=4484|mle_ms=11.584|monotonic_ms=20|clock_delta_ms=8.416
|clock_suspect=0
PMLE_LIVE_REPLAY_TIC|tic=4485|mle_ms=9.47|monotonic_ms=0|clock_delta_ms=9.47|clo
ck_suspect=0
PMLE_LIVE_REPLAY_TIC|tic=4486|mle_ms=10.247|monotonic_ms=20|clock_delta_ms=9.753
|clock_suspect=0
PMLE_LIVE_REPLAY_TIC|tic=4487|mle_ms=8.016|monotonic_ms=0|clock_delta_ms=8.016|c
lock_suspect=0
PMLE_LIVE_REPLAY_TIC|tic=4488|mle_ms=10.115|monotonic_ms=10|clock_delta_ms=.115|
clock_suspect=0
PMLE_LIVE_REPLAY_TIC|tic=4489|mle_ms=11.294|monotonic_ms=10|clock_delta_ms=1.294
|clock_suspect=0
PMLE_LIVE_REPLAY_TIC|tic=4490|mle_ms=9.873|monotonic_ms=10|clock_delta_ms=.127|c
lock_suspect=0
PMLE_LIVE_REPLAY_TIC|tic=4491|mle_ms=9.774|monotonic_ms=10|clock_delta_ms=.226|c
lock_suspect=0
PMLE_LIVE_REPLAY_TIC|tic=4492|mle_ms=10.835|monotonic_ms=20|clock_delta_ms=9.165
|clock_suspect=0
PMLE_LIVE_REPLAY_TIC|tic=4493|mle_ms=10.386|monotonic_ms=10|clock_delta_ms=.386|
clock_suspect=0
PMLE_LIVE_REPLAY_TIC|tic=4494|mle_ms=10.075|monotonic_ms=10|clock_delta_ms=.075|
clock_suspect=0
PMLE_LIVE_REPLAY_TIC|tic=4495|mle_ms=9.783|monotonic_ms=10|clock_delta_ms=.217|c
lock_suspect=0
PMLE_LIVE_REPLAY_TIC|tic=4496|mle_ms=9.426|monotonic_ms=10|clock_delta_ms=.574|c
lock_suspect=0
PMLE_LIVE_REPLAY_TIC|tic=4497|mle_ms=7.06|monotonic_ms=0|clock_delta_ms=7.06|clo
ck_suspect=0
PMLE_LIVE_REPLAY_TIC|tic=4498|mle_ms=8.738|monotonic_ms=10|clock_delta_ms=1.262|
clock_suspect=0
PMLE_LIVE_REPLAY_TIC|tic=4499|mle_ms=9.834|monotonic_ms=10|clock_delta_ms=.166|c
lock_suspect=0
PMLE_LIVE_REPLAY_TIC|tic=4500|mle_ms=10.731|monotonic_ms=10|clock_delta_ms=.731|
clock_suspect=0
PMLE_LIVE_REPLAY_TIC|tic=4501|mle_ms=10.247|monotonic_ms=10|clock_delta_ms=.247|
clock_suspect=0
PMLE_LIVE_REPLAY_TIC|tic=4502|mle_ms=10.142|monotonic_ms=20|clock_delta_ms=9.858
|clock_suspect=0
PMLE_LIVE_REPLAY_TIC|tic=4503|mle_ms=12.851|monotonic_ms=10|clock_delta_ms=2.851
|clock_suspect=0
PMLE_LIVE_REPLAY_TIC|tic=4504|mle_ms=10.711|monotonic_ms=10|clock_delta_ms=.711|
clock_suspect=0
PMLE_LIVE_REPLAY_TIC|tic=4505|mle_ms=9.865|monotonic_ms=10|clock_delta_ms=.135|c
lock_suspect=0
PMLE_LIVE_REPLAY_TIC|tic=4506|mle_ms=13.003|monotonic_ms=10|clock_delta_ms=3.003
|clock_suspect=0
PMLE_LIVE_REPLAY_TIC|tic=4507|mle_ms=10.158|monotonic_ms=10|clock_delta_ms=.158|
clock_suspect=0
PMLE_LIVE_REPLAY_TIC|tic=4508|mle_ms=10.64|monotonic_ms=10|clock_delta_ms=.64|cl
ock_suspect=0
PMLE_LIVE_REPLAY_TIC|tic=4509|mle_ms=10.675|monotonic_ms=10|clock_delta_ms=.675|
clock_suspect=0
PMLE_LIVE_REPLAY_TIC|tic=4510|mle_ms=10.736|monotonic_ms=10|clock_delta_ms=.736|
clock_suspect=0
PMLE_LIVE_REPLAY_TIC|tic=4511|mle_ms=10.248|monotonic_ms=10|clock_delta_ms=.248|
clock_suspect=0
PMLE_LIVE_REPLAY_TIC|tic=4512|mle_ms=11.78|monotonic_ms=20|clock_delta_ms=8.22|c
lock_suspect=0
PMLE_LIVE_REPLAY_TIC|tic=4513|mle_ms=10.991|monotonic_ms=10|clock_delta_ms=.991|
clock_suspect=0
PMLE_LIVE_REPLAY_TIC|tic=4514|mle_ms=11.141|monotonic_ms=10|clock_delta_ms=1.141
|clock_suspect=0
PMLE_LIVE_REPLAY_TIC|tic=4515|mle_ms=10.005|monotonic_ms=10|clock_delta_ms=.005|
clock_suspect=0
PMLE_LIVE_REPLAY_TIC|tic=4516|mle_ms=12.326|monotonic_ms=10|clock_delta_ms=2.326
|clock_suspect=0
PMLE_LIVE_REPLAY_TIC|tic=4517|mle_ms=10.786|monotonic_ms=10|clock_delta_ms=.786|
clock_suspect=0
PMLE_LIVE_REPLAY_TIC|tic=4518|mle_ms=10.681|monotonic_ms=10|clock_delta_ms=.681|
clock_suspect=0
PMLE_LIVE_REPLAY_TIC|tic=4519|mle_ms=10.876|monotonic_ms=10|clock_delta_ms=.876|
clock_suspect=0
PMLE_LIVE_REPLAY_TIC|tic=4520|mle_ms=10.07|monotonic_ms=10|clock_delta_ms=.07|cl
ock_suspect=0
PMLE_LIVE_REPLAY_TIC|tic=4521|mle_ms=10.046|monotonic_ms=10|clock_delta_ms=.046|
clock_suspect=0
PMLE_LIVE_REPLAY_TIC|tic=4522|mle_ms=10.594|monotonic_ms=10|clock_delta_ms=.594|
clock_suspect=0
PMLE_LIVE_REPLAY_TIC|tic=4523|mle_ms=9.907|monotonic_ms=10|clock_delta_ms=.093|c
lock_suspect=0
PMLE_LIVE_REPLAY_TIC|tic=4524|mle_ms=11.832|monotonic_ms=20|clock_delta_ms=8.168
|clock_suspect=0
PMLE_LIVE_REPLAY_TIC|tic=4525|mle_ms=11.563|monotonic_ms=10|clock_delta_ms=1.563
|clock_suspect=0
PMLE_LIVE_REPLAY_TIC|tic=4526|mle_ms=12.006|monotonic_ms=10|clock_delta_ms=2.006
|clock_suspect=0
PMLE_LIVE_REPLAY_TIC|tic=4527|mle_ms=8.944|monotonic_ms=10|clock_delta_ms=1.056|
clock_suspect=0
PMLE_LIVE_REPLAY_TIC|tic=4528|mle_ms=9.553|monotonic_ms=10|clock_delta_ms=.447|c
lock_suspect=0
PMLE_LIVE_REPLAY_TIC|tic=4529|mle_ms=9.781|monotonic_ms=10|clock_delta_ms=.219|c
lock_suspect=0
PMLE_LIVE_REPLAY_TIC|tic=4530|mle_ms=10.49|monotonic_ms=10|clock_delta_ms=.49|cl
ock_suspect=0
PMLE_LIVE_REPLAY_TIC|tic=4531|mle_ms=12.932|monotonic_ms=10|clock_delta_ms=2.932
|clock_suspect=0
PMLE_LIVE_REPLAY_TIC|tic=4532|mle_ms=10.273|monotonic_ms=10|clock_delta_ms=.273|
clock_suspect=0
PMLE_LIVE_REPLAY_TIC|tic=4533|mle_ms=9.771|monotonic_ms=10|clock_delta_ms=.229|c
lock_suspect=0
PMLE_LIVE_REPLAY_TIC|tic=4534|mle_ms=11.332|monotonic_ms=10|clock_delta_ms=1.332
|clock_suspect=0
PMLE_LIVE_REPLAY_TIC|tic=4535|mle_ms=10.309|monotonic_ms=10|clock_delta_ms=.309|
clock_suspect=0
PMLE_LIVE_REPLAY_TIC|tic=4536|mle_ms=12.531|monotonic_ms=20|clock_delta_ms=7.469
|clock_suspect=0
PMLE_LIVE_REPLAY_TIC|tic=4537|mle_ms=10.393|monotonic_ms=10|clock_delta_ms=.393|
clock_suspect=0
PMLE_LIVE_REPLAY_TIC|tic=4538|mle_ms=9.503|monotonic_ms=10|clock_delta_ms=.497|c
lock_suspect=0
PMLE_LIVE_REPLAY_TIC|tic=4539|mle_ms=9.397|monotonic_ms=10|clock_delta_ms=.603|c
lock_suspect=0
PMLE_LIVE_REPLAY_TIC|tic=4540|mle_ms=10.104|monotonic_ms=10|clock_delta_ms=.104|
clock_suspect=0
PMLE_LIVE_REPLAY_TIC|tic=4541|mle_ms=9.46|monotonic_ms=10|clock_delta_ms=.54|clo
ck_suspect=0
PMLE_LIVE_REPLAY_TIC|tic=4542|mle_ms=10.319|monotonic_ms=10|clock_delta_ms=.319|
clock_suspect=0
PMLE_LIVE_REPLAY_TIC|tic=4543|mle_ms=10.334|monotonic_ms=10|clock_delta_ms=.334|
clock_suspect=0
PMLE_LIVE_REPLAY_TIC|tic=4544|mle_ms=12.349|monotonic_ms=10|clock_delta_ms=2.349
|clock_suspect=0
PMLE_LIVE_REPLAY_TIC|tic=4545|mle_ms=10.79|monotonic_ms=10|clock_delta_ms=.79|cl
ock_suspect=0
PMLE_LIVE_REPLAY_TIC|tic=4546|mle_ms=11.92|monotonic_ms=10|clock_delta_ms=1.92|c
lock_suspect=0
PMLE_LIVE_REPLAY_TIC|tic=4547|mle_ms=9.992|monotonic_ms=10|clock_delta_ms=.008|c
lock_suspect=0
PMLE_LIVE_REPLAY_TIC|tic=4548|mle_ms=10.579|monotonic_ms=10|clock_delta_ms=.579|
clock_suspect=0
PMLE_LIVE_REPLAY_TIC|tic=4549|mle_ms=10.514|monotonic_ms=10|clock_delta_ms=.514|
clock_suspect=0
PMLE_LIVE_REPLAY_TIC|tic=4550|mle_ms=10.172|monotonic_ms=10|clock_delta_ms=.172|
clock_suspect=0
PMLE_LIVE_REPLAY_TIC|tic=4551|mle_ms=8.817|monotonic_ms=10|clock_delta_ms=1.183|
clock_suspect=0
PMLE_LIVE_REPLAY_TIC|tic=4552|mle_ms=10.474|monotonic_ms=10|clock_delta_ms=.474|
clock_suspect=0
PMLE_LIVE_REPLAY_TIC|tic=4553|mle_ms=11.111|monotonic_ms=10|clock_delta_ms=1.111
|clock_suspect=0
PMLE_LIVE_REPLAY_TIC|tic=4554|mle_ms=12.479|monotonic_ms=20|clock_delta_ms=7.521
|clock_suspect=0
PMLE_LIVE_REPLAY_TIC|tic=4555|mle_ms=10.875|monotonic_ms=10|clock_delta_ms=.875|
clock_suspect=0
PMLE_LIVE_REPLAY_TIC|tic=4556|mle_ms=12.223|monotonic_ms=10|clock_delta_ms=2.223
|clock_suspect=0
PMLE_LIVE_REPLAY_TIC|tic=4557|mle_ms=9.658|monotonic_ms=10|clock_delta_ms=.342|c
lock_suspect=0
PMLE_LIVE_REPLAY_TIC|tic=4558|mle_ms=10.612|monotonic_ms=10|clock_delta_ms=.612|
clock_suspect=0
PMLE_LIVE_REPLAY_TIC|tic=4559|mle_ms=13.725|monotonic_ms=20|clock_delta_ms=6.275
|clock_suspect=0
PMLE_LIVE_REPLAY_TIC|tic=4560|mle_ms=10.796|monotonic_ms=10|clock_delta_ms=.796|
clock_suspect=0
PMLE_LIVE_REPLAY_TIC|tic=4561|mle_ms=10.889|monotonic_ms=10|clock_delta_ms=.889|
clock_suspect=0
PMLE_LIVE_REPLAY_TIC|tic=4562|mle_ms=12.575|monotonic_ms=10|clock_delta_ms=2.575
|clock_suspect=0
PMLE_LIVE_REPLAY_TIC|tic=4563|mle_ms=11.369|monotonic_ms=10|clock_delta_ms=1.369
|clock_suspect=0
PMLE_LIVE_REPLAY_TIC|tic=4564|mle_ms=11.788|monotonic_ms=10|clock_delta_ms=1.788
|clock_suspect=0
PMLE_LIVE_REPLAY_TIC|tic=4565|mle_ms=10.835|monotonic_ms=10|clock_delta_ms=.835|
clock_suspect=0
PMLE_LIVE_REPLAY_TIC|tic=4566|mle_ms=12.29|monotonic_ms=20|clock_delta_ms=7.71|c
lock_suspect=0
PMLE_LIVE_REPLAY_TIC|tic=4567|mle_ms=9.944|monotonic_ms=10|clock_delta_ms=.056|c
lock_suspect=0
PMLE_LIVE_REPLAY_TIC|tic=4568|mle_ms=9.698|monotonic_ms=10|clock_delta_ms=.302|c
lock_suspect=0
PMLE_LIVE_REPLAY_TIC|tic=4569|mle_ms=9.078|monotonic_ms=10|clock_delta_ms=.922|c
lock_suspect=0
PMLE_LIVE_REPLAY_TIC|tic=4570|mle_ms=9.097|monotonic_ms=0|clock_delta_ms=9.097|c
lock_suspect=0
PMLE_LIVE_REPLAY_TIC|tic=4571|mle_ms=8.576|monotonic_ms=10|clock_delta_ms=1.424|
clock_suspect=0
PMLE_LIVE_REPLAY_TIC|tic=4572|mle_ms=9.147|monotonic_ms=10|clock_delta_ms=.853|c
lock_suspect=0
PMLE_LIVE_REPLAY_TIC|tic=4573|mle_ms=9.606|monotonic_ms=10|clock_delta_ms=.394|c
lock_suspect=0
PMLE_LIVE_REPLAY_TIC|tic=4574|mle_ms=11.376|monotonic_ms=10|clock_delta_ms=1.376
|clock_suspect=0
PMLE_LIVE_REPLAY_TIC|tic=4575|mle_ms=9.874|monotonic_ms=10|clock_delta_ms=.126|c
lock_suspect=0
PMLE_LIVE_REPLAY_TIC|tic=4576|mle_ms=12.53|monotonic_ms=20|clock_delta_ms=7.47|c
lock_suspect=0
PMLE_LIVE_REPLAY_TIC|tic=4577|mle_ms=9.597|monotonic_ms=10|clock_delta_ms=.403|c
lock_suspect=0
PMLE_LIVE_REPLAY_TIC|tic=4578|mle_ms=10.367|monotonic_ms=10|clock_delta_ms=.367|
clock_suspect=0
PMLE_LIVE_REPLAY_TIC|tic=4579|mle_ms=9.913|monotonic_ms=10|clock_delta_ms=.087|c
lock_suspect=0
PMLE_LIVE_REPLAY_TIC|tic=4580|mle_ms=8.722|monotonic_ms=0|clock_delta_ms=8.722|c
lock_suspect=0
PMLE_LIVE_REPLAY_TIC|tic=4581|mle_ms=7.395|monotonic_ms=10|clock_delta_ms=2.605|
clock_suspect=0
PMLE_LIVE_REPLAY_TIC|tic=4582|mle_ms=9.346|monotonic_ms=10|clock_delta_ms=.654|c
lock_suspect=0
PMLE_LIVE_REPLAY_TIC|tic=4583|mle_ms=9.269|monotonic_ms=10|clock_delta_ms=.731|c
lock_suspect=0
PMLE_LIVE_REPLAY_TIC|tic=4584|mle_ms=12.541|monotonic_ms=10|clock_delta_ms=2.541
|clock_suspect=0
PMLE_LIVE_REPLAY_TIC|tic=4585|mle_ms=10.829|monotonic_ms=10|clock_delta_ms=.829|
clock_suspect=0
PMLE_LIVE_REPLAY_TIC|tic=4586|mle_ms=11.146|monotonic_ms=20|clock_delta_ms=8.854
|clock_suspect=0
PMLE_LIVE_REPLAY_TIC|tic=4587|mle_ms=11.191|monotonic_ms=10|clock_delta_ms=1.191
|clock_suspect=0
PMLE_LIVE_REPLAY_TIC|tic=4588|mle_ms=9.808|monotonic_ms=10|clock_delta_ms=.192|c
lock_suspect=0
PMLE_LIVE_REPLAY_TIC|tic=4589|mle_ms=9.571|monotonic_ms=10|clock_delta_ms=.429|c
lock_suspect=0
PMLE_LIVE_REPLAY_TIC|tic=4590|mle_ms=10.254|monotonic_ms=10|clock_delta_ms=.254|
clock_suspect=0
PMLE_LIVE_REPLAY_TIC|tic=4591|mle_ms=8.37|monotonic_ms=10|clock_delta_ms=1.63|cl
ock_suspect=0
PMLE_LIVE_REPLAY_TIC|tic=4592|mle_ms=9.121|monotonic_ms=0|clock_delta_ms=9.121|c
lock_suspect=0
PMLE_LIVE_REPLAY_TIC|tic=4593|mle_ms=9.766|monotonic_ms=10|clock_delta_ms=.234|c
lock_suspect=0
PMLE_LIVE_REPLAY_TIC|tic=4594|mle_ms=11.792|monotonic_ms=20|clock_delta_ms=8.208
|clock_suspect=0
PMLE_LIVE_REPLAY_TIC|tic=4595|mle_ms=10.822|monotonic_ms=10|clock_delta_ms=.822|
clock_suspect=0
PMLE_LIVE_REPLAY_TIC|tic=4596|mle_ms=12.062|monotonic_ms=10|clock_delta_ms=2.062
|clock_suspect=0
PMLE_LIVE_REPLAY_TIC|tic=4597|mle_ms=10.154|monotonic_ms=10|clock_delta_ms=.154|
clock_suspect=0
PMLE_LIVE_REPLAY_TIC|tic=4598|mle_ms=9.799|monotonic_ms=10|clock_delta_ms=.201|c
lock_suspect=0
PMLE_LIVE_REPLAY_TIC|tic=4599|mle_ms=8.878|monotonic_ms=10|clock_delta_ms=1.122|
clock_suspect=0
PMLE_LIVE_REPLAY_TIC|tic=4600|mle_ms=8.198|monotonic_ms=10|clock_delta_ms=1.802|
clock_suspect=0
PMLE_LIVE_REPLAY_TIC|tic=4601|mle_ms=10.526|monotonic_ms=10|clock_delta_ms=.526|
clock_suspect=0
PMLE_LIVE_REPLAY_TIC|tic=4602|mle_ms=11.364|monotonic_ms=10|clock_delta_ms=1.364
|clock_suspect=0
PMLE_LIVE_REPLAY_TIC|tic=4603|mle_ms=11.347|monotonic_ms=10|clock_delta_ms=1.347
|clock_suspect=0
PMLE_LIVE_REPLAY_TIC|tic=4604|mle_ms=11.48|monotonic_ms=10|clock_delta_ms=1.48|c
lock_suspect=0
PMLE_LIVE_REPLAY_TIC|tic=4605|mle_ms=10.319|monotonic_ms=10|clock_delta_ms=.319|
clock_suspect=0
PMLE_LIVE_REPLAY_TIC|tic=4606|mle_ms=11.258|monotonic_ms=10|clock_delta_ms=1.258
|clock_suspect=0
PMLE_LIVE_REPLAY_TIC|tic=4607|mle_ms=8.258|monotonic_ms=10|clock_delta_ms=1.742|
clock_suspect=0
PMLE_LIVE_REPLAY_TIC|tic=4608|mle_ms=9.073|monotonic_ms=10|clock_delta_ms=.927|c
lock_suspect=0
PMLE_LIVE_REPLAY_TIC|tic=4609|mle_ms=9.558|monotonic_ms=10|clock_delta_ms=.442|c
lock_suspect=0
PMLE_LIVE_REPLAY_TIC|tic=4610|mle_ms=9.647|monotonic_ms=10|clock_delta_ms=.353|c
lock_suspect=0
PMLE_LIVE_REPLAY_TIC|tic=4611|mle_ms=9.215|monotonic_ms=10|clock_delta_ms=.785|c
lock_suspect=0
PMLE_LIVE_REPLAY_TIC|tic=4612|mle_ms=10.24|monotonic_ms=10|clock_delta_ms=.24|cl
ock_suspect=0
PMLE_LIVE_REPLAY_TIC|tic=4613|mle_ms=10.604|monotonic_ms=10|clock_delta_ms=.604|
clock_suspect=0
PMLE_LIVE_REPLAY_TIC|tic=4614|mle_ms=14.551|monotonic_ms=20|clock_delta_ms=5.449
|clock_suspect=0
PMLE_LIVE_REPLAY_TIC|tic=4615|mle_ms=10.275|monotonic_ms=10|clock_delta_ms=.275|
clock_suspect=0
PMLE_LIVE_REPLAY_TIC|tic=4616|mle_ms=10.903|monotonic_ms=10|clock_delta_ms=.903|
clock_suspect=0
PMLE_LIVE_REPLAY_TIC|tic=4617|mle_ms=8.782|monotonic_ms=10|clock_delta_ms=1.218|
clock_suspect=0
PMLE_LIVE_REPLAY_TIC|tic=4618|mle_ms=10.171|monotonic_ms=10|clock_delta_ms=.171|
clock_suspect=0
PMLE_LIVE_REPLAY_TIC|tic=4619|mle_ms=10.28|monotonic_ms=10|clock_delta_ms=.28|cl
ock_suspect=0
PMLE_LIVE_REPLAY_TIC|tic=4620|mle_ms=11.159|monotonic_ms=10|clock_delta_ms=1.159
|clock_suspect=0
PMLE_LIVE_REPLAY_TIC|tic=4621|mle_ms=10.222|monotonic_ms=10|clock_delta_ms=.222|
clock_suspect=0
PMLE_LIVE_REPLAY_TIC|tic=4622|mle_ms=10.659|monotonic_ms=10|clock_delta_ms=.659|
clock_suspect=0
PMLE_LIVE_REPLAY_TIC|tic=4623|mle_ms=10.125|monotonic_ms=10|clock_delta_ms=.125|
clock_suspect=0
PMLE_LIVE_REPLAY_TIC|tic=4624|mle_ms=11.575|monotonic_ms=10|clock_delta_ms=1.575
|clock_suspect=0
PMLE_LIVE_REPLAY_TIC|tic=4625|mle_ms=9.827|monotonic_ms=10|clock_delta_ms=.173|c
lock_suspect=0
PMLE_LIVE_REPLAY_TIC|tic=4626|mle_ms=10.389|monotonic_ms=10|clock_delta_ms=.389|
clock_suspect=0
PMLE_LIVE_REPLAY_TIC|tic=4627|mle_ms=8.165|monotonic_ms=10|clock_delta_ms=1.835|
clock_suspect=0
PMLE_LIVE_REPLAY_TIC|tic=4628|mle_ms=8.774|monotonic_ms=10|clock_delta_ms=1.226|
clock_suspect=0
PMLE_LIVE_REPLAY_TIC|tic=4629|mle_ms=8.294|monotonic_ms=10|clock_delta_ms=1.706|
clock_suspect=0
PMLE_LIVE_REPLAY_TIC|tic=4630|mle_ms=10.571|monotonic_ms=10|clock_delta_ms=.571|
clock_suspect=0
PMLE_LIVE_REPLAY_TIC|tic=4631|mle_ms=9.973|monotonic_ms=10|clock_delta_ms=.027|c
lock_suspect=0
PMLE_LIVE_REPLAY_TIC|tic=4632|mle_ms=12.632|monotonic_ms=10|clock_delta_ms=2.632
|clock_suspect=0
PMLE_LIVE_REPLAY_TIC|tic=4633|mle_ms=11.951|monotonic_ms=10|clock_delta_ms=1.951
|clock_suspect=0
PMLE_LIVE_REPLAY_TIC|tic=4634|mle_ms=11.942|monotonic_ms=10|clock_delta_ms=1.942
|clock_suspect=0
PMLE_LIVE_REPLAY_TIC|tic=4635|mle_ms=10.208|monotonic_ms=20|clock_delta_ms=9.792
|clock_suspect=0
PMLE_LIVE_REPLAY_TIC|tic=4636|mle_ms=11.596|monotonic_ms=10|clock_delta_ms=1.596
|clock_suspect=0
PMLE_LIVE_REPLAY_TIC|tic=4637|mle_ms=10.045|monotonic_ms=10|clock_delta_ms=.045|
clock_suspect=0
PMLE_LIVE_REPLAY_TIC|tic=4638|mle_ms=10.541|monotonic_ms=10|clock_delta_ms=.541|
clock_suspect=0
PMLE_LIVE_REPLAY_TIC|tic=4639|mle_ms=10.973|monotonic_ms=10|clock_delta_ms=.973|
clock_suspect=0
PMLE_LIVE_REPLAY_TIC|tic=4640|mle_ms=10.324|monotonic_ms=10|clock_delta_ms=.324|
clock_suspect=0
PMLE_LIVE_REPLAY_TIC|tic=4641|mle_ms=9.092|monotonic_ms=10|clock_delta_ms=.908|c
lock_suspect=0
PMLE_LIVE_REPLAY_TIC|tic=4642|mle_ms=13.305|monotonic_ms=10|clock_delta_ms=3.305
|clock_suspect=0
PMLE_LIVE_REPLAY_TIC|tic=4643|mle_ms=10.678|monotonic_ms=10|clock_delta_ms=.678|
clock_suspect=0
PMLE_LIVE_REPLAY_TIC|tic=4644|mle_ms=11.643|monotonic_ms=10|clock_delta_ms=1.643
|clock_suspect=0
PMLE_LIVE_REPLAY_TIC|tic=4645|mle_ms=10.632|monotonic_ms=10|clock_delta_ms=.632|
clock_suspect=0
PMLE_LIVE_REPLAY_TIC|tic=4646|mle_ms=11.047|monotonic_ms=20|clock_delta_ms=8.953
|clock_suspect=0
PMLE_LIVE_REPLAY_TIC|tic=4647|mle_ms=8.61|monotonic_ms=0|clock_delta_ms=8.61|clo
ck_suspect=0
PMLE_LIVE_REPLAY_TIC|tic=4648|mle_ms=8.723|monotonic_ms=10|clock_delta_ms=1.277|
clock_suspect=0
PMLE_LIVE_REPLAY_TIC|tic=4649|mle_ms=10.41|monotonic_ms=10|clock_delta_ms=.41|cl
ock_suspect=0
PMLE_LIVE_REPLAY_TIC|tic=4650|mle_ms=11.161|monotonic_ms=20|clock_delta_ms=8.839
|clock_suspect=0
PMLE_LIVE_REPLAY_TIC|tic=4651|mle_ms=11.885|monotonic_ms=10|clock_delta_ms=1.885
|clock_suspect=0
PMLE_LIVE_REPLAY_TIC|tic=4652|mle_ms=12.377|monotonic_ms=10|clock_delta_ms=2.377
|clock_suspect=0
PMLE_LIVE_REPLAY_TIC|tic=4653|mle_ms=10.906|monotonic_ms=10|clock_delta_ms=.906|
clock_suspect=0
PMLE_LIVE_REPLAY_TIC|tic=4654|mle_ms=12.147|monotonic_ms=10|clock_delta_ms=2.147
|clock_suspect=0
PMLE_LIVE_REPLAY_TIC|tic=4655|mle_ms=10.171|monotonic_ms=10|clock_delta_ms=.171|
clock_suspect=0
PMLE_LIVE_REPLAY_TIC|tic=4656|mle_ms=11.823|monotonic_ms=20|clock_delta_ms=8.177
|clock_suspect=0
PMLE_LIVE_REPLAY_TIC|tic=4657|mle_ms=9.525|monotonic_ms=0|clock_delta_ms=9.525|c
lock_suspect=0
PMLE_LIVE_REPLAY_TIC|tic=4658|mle_ms=10.907|monotonic_ms=20|clock_delta_ms=9.093
|clock_suspect=0
PMLE_LIVE_REPLAY_TIC|tic=4659|mle_ms=10.094|monotonic_ms=10|clock_delta_ms=.094|
clock_suspect=0
PMLE_LIVE_REPLAY_TIC|tic=4660|mle_ms=11.54|monotonic_ms=10|clock_delta_ms=1.54|c
lock_suspect=0
PMLE_LIVE_REPLAY_TIC|tic=4661|mle_ms=10.163|monotonic_ms=10|clock_delta_ms=.163|
clock_suspect=0
PMLE_LIVE_REPLAY_TIC|tic=4662|mle_ms=11.101|monotonic_ms=10|clock_delta_ms=1.101
|clock_suspect=0
PMLE_LIVE_REPLAY_TIC|tic=4663|mle_ms=10.931|monotonic_ms=10|clock_delta_ms=.931|
clock_suspect=0
PMLE_LIVE_REPLAY_TIC|tic=4664|mle_ms=10.984|monotonic_ms=10|clock_delta_ms=.984|
clock_suspect=0
PMLE_LIVE_REPLAY_TIC|tic=4665|mle_ms=9.091|monotonic_ms=10|clock_delta_ms=.909|c
lock_suspect=0
PMLE_LIVE_REPLAY_TIC|tic=4666|mle_ms=11.204|monotonic_ms=10|clock_delta_ms=1.204
|clock_suspect=0
PMLE_LIVE_REPLAY_TIC|tic=4667|mle_ms=10.24|monotonic_ms=10|clock_delta_ms=.24|cl
ock_suspect=0
PMLE_LIVE_REPLAY_TIC|tic=4668|mle_ms=10.614|monotonic_ms=10|clock_delta_ms=.614|
clock_suspect=0
PMLE_LIVE_REPLAY_TIC|tic=4669|mle_ms=14.01|monotonic_ms=20|clock_delta_ms=5.99|c
lock_suspect=0
PMLE_LIVE_REPLAY_TIC|tic=4670|mle_ms=10.016|monotonic_ms=10|clock_delta_ms=.016|
clock_suspect=0
PMLE_LIVE_REPLAY_TIC|tic=4671|mle_ms=9.153|monotonic_ms=10|clock_delta_ms=.847|c
lock_suspect=0
PMLE_LIVE_REPLAY_TIC|tic=4672|mle_ms=10.639|monotonic_ms=10|clock_delta_ms=.639|
clock_suspect=0
PMLE_LIVE_REPLAY_TIC|tic=4673|mle_ms=10.519|monotonic_ms=10|clock_delta_ms=.519|
clock_suspect=0
PMLE_LIVE_REPLAY_TIC|tic=4674|mle_ms=10.758|monotonic_ms=10|clock_delta_ms=.758|
clock_suspect=0
PMLE_LIVE_REPLAY_TIC|tic=4675|mle_ms=9.256|monotonic_ms=10|clock_delta_ms=.744|c
lock_suspect=0
PMLE_LIVE_REPLAY_TIC|tic=4676|mle_ms=11.361|monotonic_ms=10|clock_delta_ms=1.361
|clock_suspect=0
PMLE_LIVE_REPLAY_TIC|tic=4677|mle_ms=9.524|monotonic_ms=10|clock_delta_ms=.476|c
lock_suspect=0
PMLE_LIVE_REPLAY_TIC|tic=4678|mle_ms=10.871|monotonic_ms=10|clock_delta_ms=.871|
clock_suspect=0
PMLE_LIVE_REPLAY_TIC|tic=4679|mle_ms=9.503|monotonic_ms=10|clock_delta_ms=.497|c
lock_suspect=0
PMLE_LIVE_REPLAY_TIC|tic=4680|mle_ms=10.348|monotonic_ms=10|clock_delta_ms=.348|
clock_suspect=0
PMLE_LIVE_REPLAY_TIC|tic=4681|mle_ms=10.388|monotonic_ms=10|clock_delta_ms=.388|
clock_suspect=0
PMLE_LIVE_REPLAY_TIC|tic=4682|mle_ms=10.758|monotonic_ms=10|clock_delta_ms=.758|
clock_suspect=0
PMLE_LIVE_REPLAY_TIC|tic=4683|mle_ms=11.247|monotonic_ms=10|clock_delta_ms=1.247
|clock_suspect=0
PMLE_LIVE_REPLAY_TIC|tic=4684|mle_ms=11.758|monotonic_ms=10|clock_delta_ms=1.758
|clock_suspect=0
PMLE_LIVE_REPLAY_TIC|tic=4685|mle_ms=10.642|monotonic_ms=10|clock_delta_ms=.642|
clock_suspect=0
PMLE_LIVE_REPLAY_TIC|tic=4686|mle_ms=12.688|monotonic_ms=20|clock_delta_ms=7.312
|clock_suspect=0
PMLE_LIVE_REPLAY_TIC|tic=4687|mle_ms=10.524|monotonic_ms=10|clock_delta_ms=.524|
clock_suspect=0
PMLE_LIVE_REPLAY_TIC|tic=4688|mle_ms=10.132|monotonic_ms=10|clock_delta_ms=.132|
clock_suspect=0
PMLE_LIVE_REPLAY_TIC|tic=4689|mle_ms=9.802|monotonic_ms=10|clock_delta_ms=.198|c
lock_suspect=0
PMLE_LIVE_REPLAY_TIC|tic=4690|mle_ms=9.224|monotonic_ms=10|clock_delta_ms=.776|c
lock_suspect=0
PMLE_LIVE_REPLAY_TIC|tic=4691|mle_ms=9.409|monotonic_ms=10|clock_delta_ms=.591|c
lock_suspect=0
PMLE_LIVE_REPLAY_TIC|tic=4692|mle_ms=11.659|monotonic_ms=10|clock_delta_ms=1.659
|clock_suspect=0
PMLE_LIVE_REPLAY_TIC|tic=4693|mle_ms=11.383|monotonic_ms=10|clock_delta_ms=1.383
|clock_suspect=0
PMLE_LIVE_REPLAY_TIC|tic=4694|mle_ms=11.587|monotonic_ms=10|clock_delta_ms=1.587
|clock_suspect=0
PMLE_LIVE_REPLAY_TIC|tic=4695|mle_ms=9.67|monotonic_ms=10|clock_delta_ms=.33|clo
ck_suspect=0
PMLE_LIVE_REPLAY_TIC|tic=4696|mle_ms=14.574|monotonic_ms=20|clock_delta_ms=5.426
|clock_suspect=0
PMLE_LIVE_REPLAY_TIC|tic=4697|mle_ms=9.736|monotonic_ms=10|clock_delta_ms=.264|c
lock_suspect=0
PMLE_LIVE_REPLAY_TIC|tic=4698|mle_ms=11.163|monotonic_ms=10|clock_delta_ms=1.163
|clock_suspect=0
PMLE_LIVE_REPLAY_TIC|tic=4699|mle_ms=10.285|monotonic_ms=10|clock_delta_ms=.285|
clock_suspect=0
PMLE_LIVE_REPLAY_TIC|tic=4700|mle_ms=10.335|monotonic_ms=10|clock_delta_ms=.335|
clock_suspect=0
PMLE_LIVE_REPLAY_TIC|tic=4701|mle_ms=9.681|monotonic_ms=10|clock_delta_ms=.319|c
lock_suspect=0
PMLE_LIVE_REPLAY_TIC|tic=4702|mle_ms=10.524|monotonic_ms=10|clock_delta_ms=.524|
clock_suspect=0
PMLE_LIVE_REPLAY_TIC|tic=4703|mle_ms=10.582|monotonic_ms=10|clock_delta_ms=.582|
clock_suspect=0
PMLE_LIVE_REPLAY_TIC|tic=4704|mle_ms=11.761|monotonic_ms=10|clock_delta_ms=1.761
|clock_suspect=0
PMLE_LIVE_REPLAY_TIC|tic=4705|mle_ms=11.061|monotonic_ms=10|clock_delta_ms=1.061
|clock_suspect=0
PMLE_LIVE_REPLAY_TIC|tic=4706|mle_ms=10.835|monotonic_ms=20|clock_delta_ms=9.165
|clock_suspect=0
PMLE_LIVE_REPLAY_TIC|tic=4707|mle_ms=7.237|monotonic_ms=0|clock_delta_ms=7.237|c
lock_suspect=0
PMLE_LIVE_REPLAY_TIC|tic=4708|mle_ms=8.46|monotonic_ms=10|clock_delta_ms=1.54|cl
ock_suspect=0
PMLE_LIVE_REPLAY_TIC|tic=4709|mle_ms=9.233|monotonic_ms=10|clock_delta_ms=.767|c
lock_suspect=0
PMLE_LIVE_REPLAY_TIC|tic=4710|mle_ms=10.197|monotonic_ms=10|clock_delta_ms=.197|
clock_suspect=0
PMLE_LIVE_REPLAY_TIC|tic=4711|mle_ms=10.219|monotonic_ms=10|clock_delta_ms=.219|
clock_suspect=0
PMLE_LIVE_REPLAY_TIC|tic=4712|mle_ms=10.437|monotonic_ms=10|clock_delta_ms=.437|
clock_suspect=0
PMLE_LIVE_REPLAY_TIC|tic=4713|mle_ms=9.698|monotonic_ms=10|clock_delta_ms=.302|c
lock_suspect=0
PMLE_LIVE_REPLAY_TIC|tic=4714|mle_ms=-102.353|monotonic_ms=10|clock_delta_ms=112
.353|clock_suspect=1
PMLE_LIVE_REPLAY_TIC|tic=4715|mle_ms=9.458|monotonic_ms=10|clock_delta_ms=.542|c
lock_suspect=0
PMLE_LIVE_REPLAY_TIC|tic=4716|mle_ms=9.815|monotonic_ms=10|clock_delta_ms=.185|c
lock_suspect=0
PMLE_LIVE_REPLAY_TIC|tic=4717|mle_ms=8.047|monotonic_ms=10|clock_delta_ms=1.953|
clock_suspect=0
PMLE_LIVE_REPLAY_TIC|tic=4718|mle_ms=7.892|monotonic_ms=10|clock_delta_ms=2.108|
clock_suspect=0
PMLE_LIVE_REPLAY_TIC|tic=4719|mle_ms=8.44|monotonic_ms=10|clock_delta_ms=1.56|cl
ock_suspect=0
PMLE_LIVE_REPLAY_TIC|tic=4720|mle_ms=9.505|monotonic_ms=10|clock_delta_ms=.495|c
lock_suspect=0
PMLE_LIVE_REPLAY_TIC|tic=4721|mle_ms=9.518|monotonic_ms=10|clock_delta_ms=.482|c
lock_suspect=0
PMLE_LIVE_REPLAY_TIC|tic=4722|mle_ms=13.578|monotonic_ms=10|clock_delta_ms=3.578
|clock_suspect=0
PMLE_LIVE_REPLAY_TIC|tic=4723|mle_ms=10.95|monotonic_ms=10|clock_delta_ms=.95|cl
ock_suspect=0
PMLE_LIVE_REPLAY_TIC|tic=4724|mle_ms=11.654|monotonic_ms=10|clock_delta_ms=1.654
|clock_suspect=0
PMLE_LIVE_REPLAY_TIC|tic=4725|mle_ms=11.9|monotonic_ms=20|clock_delta_ms=8.1|clo
ck_suspect=0
PMLE_LIVE_REPLAY_TIC|tic=4726|mle_ms=11.875|monotonic_ms=10|clock_delta_ms=1.875
|clock_suspect=0
PMLE_LIVE_REPLAY_TIC|tic=4727|mle_ms=10.398|monotonic_ms=10|clock_delta_ms=.398|
clock_suspect=0
PMLE_LIVE_REPLAY_TIC|tic=4728|mle_ms=11.193|monotonic_ms=10|clock_delta_ms=1.193
|clock_suspect=0
PMLE_LIVE_REPLAY_TIC|tic=4729|mle_ms=11.082|monotonic_ms=10|clock_delta_ms=1.082
|clock_suspect=0
PMLE_LIVE_REPLAY_TIC|tic=4730|mle_ms=11.649|monotonic_ms=10|clock_delta_ms=1.649
|clock_suspect=0
PMLE_LIVE_REPLAY_TIC|tic=4731|mle_ms=10.409|monotonic_ms=10|clock_delta_ms=.409|
clock_suspect=0
PMLE_LIVE_REPLAY_TIC|tic=4732|mle_ms=11.097|monotonic_ms=10|clock_delta_ms=1.097
|clock_suspect=0
PMLE_LIVE_REPLAY_TIC|tic=4733|mle_ms=11.203|monotonic_ms=10|clock_delta_ms=1.203
|clock_suspect=0
PMLE_LIVE_REPLAY_TIC|tic=4734|mle_ms=11.924|monotonic_ms=20|clock_delta_ms=8.076
|clock_suspect=0
PMLE_LIVE_REPLAY_TIC|tic=4735|mle_ms=10.484|monotonic_ms=10|clock_delta_ms=.484|
clock_suspect=0
PMLE_LIVE_REPLAY_TIC|tic=4736|mle_ms=11.028|monotonic_ms=10|clock_delta_ms=1.028
|clock_suspect=0
PMLE_LIVE_REPLAY_TIC|tic=4737|mle_ms=7.899|monotonic_ms=10|clock_delta_ms=2.101|
clock_suspect=0
PMLE_LIVE_REPLAY_TIC|tic=4738|mle_ms=9.187|monotonic_ms=10|clock_delta_ms=.813|c
lock_suspect=0
PMLE_LIVE_REPLAY_TIC|tic=4739|mle_ms=10.011|monotonic_ms=10|clock_delta_ms=.011|
clock_suspect=0
PMLE_LIVE_REPLAY_TIC|tic=4740|mle_ms=10.598|monotonic_ms=10|clock_delta_ms=.598|
clock_suspect=0
PMLE_LIVE_REPLAY_TIC|tic=4741|mle_ms=10.803|monotonic_ms=10|clock_delta_ms=.803|
clock_suspect=0
PMLE_LIVE_REPLAY_TIC|tic=4742|mle_ms=10.505|monotonic_ms=10|clock_delta_ms=.505|
clock_suspect=0
PMLE_LIVE_REPLAY_TIC|tic=4743|mle_ms=11.06|monotonic_ms=10|clock_delta_ms=1.06|c
lock_suspect=0
PMLE_LIVE_REPLAY_TIC|tic=4744|mle_ms=12.615|monotonic_ms=10|clock_delta_ms=2.615
|clock_suspect=0
PMLE_LIVE_REPLAY_TIC|tic=4745|mle_ms=10.745|monotonic_ms=10|clock_delta_ms=.745|
clock_suspect=0
PMLE_LIVE_REPLAY_TIC|tic=4746|mle_ms=12.634|monotonic_ms=20|clock_delta_ms=7.366
|clock_suspect=0
PMLE_LIVE_REPLAY_TIC|tic=4747|mle_ms=10.689|monotonic_ms=10|clock_delta_ms=.689|
clock_suspect=0
PMLE_LIVE_REPLAY_TIC|tic=4748|mle_ms=13.479|monotonic_ms=10|clock_delta_ms=3.479
|clock_suspect=0
PMLE_LIVE_REPLAY_TIC|tic=4749|mle_ms=9.969|monotonic_ms=10|clock_delta_ms=.031|c
lock_suspect=0
PMLE_LIVE_REPLAY_TIC|tic=4750|mle_ms=10.652|monotonic_ms=10|clock_delta_ms=.652|
clock_suspect=0
PMLE_LIVE_REPLAY_TIC|tic=4751|mle_ms=10.277|monotonic_ms=10|clock_delta_ms=.277|
clock_suspect=0
PMLE_LIVE_REPLAY_TIC|tic=4752|mle_ms=11.386|monotonic_ms=10|clock_delta_ms=1.386
|clock_suspect=0
PMLE_LIVE_REPLAY_TIC|tic=4753|mle_ms=10.812|monotonic_ms=10|clock_delta_ms=.812|
clock_suspect=0
PMLE_LIVE_REPLAY_TIC|tic=4754|mle_ms=11.257|monotonic_ms=10|clock_delta_ms=1.257
|clock_suspect=0
PMLE_LIVE_REPLAY_TIC|tic=4755|mle_ms=9.183|monotonic_ms=10|clock_delta_ms=.817|c
lock_suspect=0
PMLE_LIVE_REPLAY_TIC|tic=4756|mle_ms=10.166|monotonic_ms=10|clock_delta_ms=.166|
clock_suspect=0
PMLE_LIVE_REPLAY_TIC|tic=4757|mle_ms=8.751|monotonic_ms=10|clock_delta_ms=1.249|
clock_suspect=0
PMLE_LIVE_REPLAY_TIC|tic=4758|mle_ms=10.704|monotonic_ms=10|clock_delta_ms=.704|
clock_suspect=0
PMLE_LIVE_REPLAY_TIC|tic=4759|mle_ms=10.024|monotonic_ms=10|clock_delta_ms=.024|
clock_suspect=0
PMLE_LIVE_REPLAY_TIC|tic=4760|mle_ms=9.703|monotonic_ms=10|clock_delta_ms=.297|c
lock_suspect=0
PMLE_LIVE_REPLAY_TIC|tic=4761|mle_ms=8.916|monotonic_ms=10|clock_delta_ms=1.084|
clock_suspect=0
PMLE_LIVE_REPLAY_TIC|tic=4762|mle_ms=9.782|monotonic_ms=10|clock_delta_ms=.218|c
lock_suspect=0
PMLE_LIVE_REPLAY_TIC|tic=4763|mle_ms=8.823|monotonic_ms=10|clock_delta_ms=1.177|
clock_suspect=0
PMLE_LIVE_REPLAY_TIC|tic=4764|mle_ms=11.024|monotonic_ms=10|clock_delta_ms=1.024
|clock_suspect=0
PMLE_LIVE_REPLAY_TIC|tic=4765|mle_ms=9.808|monotonic_ms=10|clock_delta_ms=.192|c
lock_suspect=0
PMLE_LIVE_REPLAY_TIC|tic=4766|mle_ms=9.4|monotonic_ms=10|clock_delta_ms=.6|clock
_suspect=0
PMLE_LIVE_REPLAY_TIC|tic=4767|mle_ms=7.736|monotonic_ms=10|clock_delta_ms=2.264|
clock_suspect=0
PMLE_LIVE_REPLAY_TIC|tic=4768|mle_ms=9.962|monotonic_ms=10|clock_delta_ms=.038|c
lock_suspect=0
PMLE_LIVE_REPLAY_TIC|tic=4769|mle_ms=9.571|monotonic_ms=10|clock_delta_ms=.429|c
lock_suspect=0
PMLE_LIVE_REPLAY_TIC|tic=4770|mle_ms=9.956|monotonic_ms=10|clock_delta_ms=.044|c
lock_suspect=0
PMLE_LIVE_REPLAY_TIC|tic=4771|mle_ms=10.057|monotonic_ms=10|clock_delta_ms=.057|
clock_suspect=0
PMLE_LIVE_REPLAY_TIC|tic=4772|mle_ms=9.628|monotonic_ms=10|clock_delta_ms=.372|c
lock_suspect=0
PMLE_LIVE_REPLAY_TIC|tic=4773|mle_ms=8.987|monotonic_ms=10|clock_delta_ms=1.013|
clock_suspect=0
PMLE_LIVE_REPLAY_TIC|tic=4774|mle_ms=11.182|monotonic_ms=10|clock_delta_ms=1.182
|clock_suspect=0
PMLE_LIVE_REPLAY_TIC|tic=4775|mle_ms=11.946|monotonic_ms=10|clock_delta_ms=1.946
|clock_suspect=0
PMLE_LIVE_REPLAY_TIC|tic=4776|mle_ms=10.162|monotonic_ms=10|clock_delta_ms=.162|
clock_suspect=0
PMLE_LIVE_REPLAY_TIC|tic=4777|mle_ms=8.908|monotonic_ms=10|clock_delta_ms=1.092|
clock_suspect=0
PMLE_LIVE_REPLAY_TIC|tic=4778|mle_ms=9.632|monotonic_ms=10|clock_delta_ms=.368|c
lock_suspect=0
PMLE_LIVE_REPLAY_TIC|tic=4779|mle_ms=9.419|monotonic_ms=10|clock_delta_ms=.581|c
lock_suspect=0
PMLE_LIVE_REPLAY_TIC|tic=4780|mle_ms=9.997|monotonic_ms=10|clock_delta_ms=.003|c
lock_suspect=0
PMLE_LIVE_REPLAY_TIC|tic=4781|mle_ms=10.975|monotonic_ms=10|clock_delta_ms=.975|
clock_suspect=0
PMLE_LIVE_REPLAY_TIC|tic=4782|mle_ms=11.67|monotonic_ms=10|clock_delta_ms=1.67|c
lock_suspect=0
PMLE_LIVE_REPLAY_TIC|tic=4783|mle_ms=11.249|monotonic_ms=10|clock_delta_ms=1.249
|clock_suspect=0
PMLE_LIVE_REPLAY_TIC|tic=4784|mle_ms=11.474|monotonic_ms=20|clock_delta_ms=8.526
|clock_suspect=0
PMLE_LIVE_REPLAY_TIC|tic=4785|mle_ms=9.86|monotonic_ms=10|clock_delta_ms=.14|clo
ck_suspect=0
PMLE_LIVE_REPLAY_TIC|tic=4786|mle_ms=11.279|monotonic_ms=10|clock_delta_ms=1.279
|clock_suspect=0
PMLE_LIVE_REPLAY_TIC|tic=4787|mle_ms=10.1|monotonic_ms=10|clock_delta_ms=.1|cloc
k_suspect=0
PMLE_LIVE_REPLAY_TIC|tic=4788|mle_ms=11.962|monotonic_ms=10|clock_delta_ms=1.962
|clock_suspect=0
PMLE_LIVE_REPLAY_TIC|tic=4789|mle_ms=10.581|monotonic_ms=10|clock_delta_ms=.581|
clock_suspect=0
PMLE_LIVE_REPLAY_TIC|tic=4790|mle_ms=9.967|monotonic_ms=10|clock_delta_ms=.033|c
lock_suspect=0
PMLE_LIVE_REPLAY_TIC|tic=4791|mle_ms=9.759|monotonic_ms=10|clock_delta_ms=.241|c
lock_suspect=0
PMLE_LIVE_REPLAY_TIC|tic=4792|mle_ms=11.29|monotonic_ms=10|clock_delta_ms=1.29|c
lock_suspect=0
PMLE_LIVE_REPLAY_TIC|tic=4793|mle_ms=11.475|monotonic_ms=10|clock_delta_ms=1.475
|clock_suspect=0
PMLE_LIVE_REPLAY_TIC|tic=4794|mle_ms=12.152|monotonic_ms=20|clock_delta_ms=7.848
|clock_suspect=0
PMLE_LIVE_REPLAY_TIC|tic=4795|mle_ms=9.912|monotonic_ms=10|clock_delta_ms=.088|c
lock_suspect=0
PMLE_LIVE_REPLAY_TIC|tic=4796|mle_ms=9.807|monotonic_ms=10|clock_delta_ms=.193|c
lock_suspect=0
PMLE_LIVE_REPLAY_TIC|tic=4797|mle_ms=8.577|monotonic_ms=0|clock_delta_ms=8.577|c
lock_suspect=0
PMLE_LIVE_REPLAY_TIC|tic=4798|mle_ms=9.532|monotonic_ms=10|clock_delta_ms=.468|c
lock_suspect=0
PMLE_LIVE_REPLAY_TIC|tic=4799|mle_ms=9.641|monotonic_ms=10|clock_delta_ms=.359|c
lock_suspect=0
PMLE_LIVE_REPLAY_TIC|tic=4800|mle_ms=8.875|monotonic_ms=10|clock_delta_ms=1.125|
clock_suspect=0
PMLE_LIVE_REPLAY_TIC|tic=4801|mle_ms=10.727|monotonic_ms=10|clock_delta_ms=.727|
clock_suspect=0
PMLE_LIVE_REPLAY_TIC|tic=4802|mle_ms=10.409|monotonic_ms=10|clock_delta_ms=.409|
clock_suspect=0
PMLE_LIVE_REPLAY_TIC|tic=4803|mle_ms=9.17|monotonic_ms=10|clock_delta_ms=.83|clo
ck_suspect=0
PMLE_LIVE_REPLAY_TIC|tic=4804|mle_ms=10.434|monotonic_ms=10|clock_delta_ms=.434|
clock_suspect=0
PMLE_LIVE_REPLAY_TIC|tic=4805|mle_ms=10.505|monotonic_ms=10|clock_delta_ms=.505|
clock_suspect=0
PMLE_LIVE_REPLAY_TIC|tic=4806|mle_ms=12.857|monotonic_ms=10|clock_delta_ms=2.857
|clock_suspect=0
PMLE_LIVE_REPLAY_TIC|tic=4807|mle_ms=9.797|monotonic_ms=10|clock_delta_ms=.203|c
lock_suspect=0
PMLE_LIVE_REPLAY_TIC|tic=4808|mle_ms=9.539|monotonic_ms=10|clock_delta_ms=.461|c
lock_suspect=0
PMLE_LIVE_REPLAY_TIC|tic=4809|mle_ms=9.217|monotonic_ms=10|clock_delta_ms=.783|c
lock_suspect=0
PMLE_LIVE_REPLAY_TIC|tic=4810|mle_ms=10.052|monotonic_ms=10|clock_delta_ms=.052|
clock_suspect=0
PMLE_LIVE_REPLAY_TIC|tic=4811|mle_ms=10.078|monotonic_ms=10|clock_delta_ms=.078|
clock_suspect=0
PMLE_LIVE_REPLAY_TIC|tic=4812|mle_ms=11.488|monotonic_ms=10|clock_delta_ms=1.488
|clock_suspect=0
PMLE_LIVE_REPLAY_TIC|tic=4813|mle_ms=11.445|monotonic_ms=10|clock_delta_ms=1.445
|clock_suspect=0
PMLE_LIVE_REPLAY_TIC|tic=4814|mle_ms=11.619|monotonic_ms=10|clock_delta_ms=1.619
|clock_suspect=0
PMLE_LIVE_REPLAY_TIC|tic=4815|mle_ms=10.297|monotonic_ms=10|clock_delta_ms=.297|
clock_suspect=0
PMLE_LIVE_REPLAY_TIC|tic=4816|mle_ms=12.962|monotonic_ms=20|clock_delta_ms=7.038
|clock_suspect=0
PMLE_LIVE_REPLAY_TIC|tic=4817|mle_ms=10.889|monotonic_ms=10|clock_delta_ms=.889|
clock_suspect=0
PMLE_LIVE_REPLAY_TIC|tic=4818|mle_ms=12.298|monotonic_ms=10|clock_delta_ms=2.298
|clock_suspect=0
PMLE_LIVE_REPLAY_TIC|tic=4819|mle_ms=10.501|monotonic_ms=10|clock_delta_ms=.501|
clock_suspect=0
PMLE_LIVE_REPLAY_TIC|tic=4820|mle_ms=10.248|monotonic_ms=10|clock_delta_ms=.248|
clock_suspect=0
PMLE_LIVE_REPLAY_TIC|tic=4821|mle_ms=9.077|monotonic_ms=10|clock_delta_ms=.923|c
lock_suspect=0
PMLE_LIVE_REPLAY_TIC|tic=4822|mle_ms=11.707|monotonic_ms=10|clock_delta_ms=1.707
|clock_suspect=0
PMLE_LIVE_REPLAY_TIC|tic=4823|mle_ms=10.394|monotonic_ms=10|clock_delta_ms=.394|
clock_suspect=0
PMLE_LIVE_REPLAY_TIC|tic=4824|mle_ms=12.339|monotonic_ms=20|clock_delta_ms=7.661
|clock_suspect=0
PMLE_LIVE_REPLAY_TIC|tic=4825|mle_ms=11.938|monotonic_ms=10|clock_delta_ms=1.938
|clock_suspect=0
PMLE_LIVE_REPLAY_TIC|tic=4826|mle_ms=15.386|monotonic_ms=10|clock_delta_ms=5.386
|clock_suspect=0
PMLE_LIVE_REPLAY_TIC|tic=4827|mle_ms=9.812|monotonic_ms=10|clock_delta_ms=.188|c
lock_suspect=0
PMLE_LIVE_REPLAY_TIC|tic=4828|mle_ms=10.361|monotonic_ms=10|clock_delta_ms=.361|
clock_suspect=0
PMLE_LIVE_REPLAY_TIC|tic=4829|mle_ms=10.057|monotonic_ms=10|clock_delta_ms=.057|
clock_suspect=0
PMLE_LIVE_REPLAY_TIC|tic=4830|mle_ms=10.062|monotonic_ms=10|clock_delta_ms=.062|
clock_suspect=0
PMLE_LIVE_REPLAY_TIC|tic=4831|mle_ms=9.867|monotonic_ms=10|clock_delta_ms=.133|c
lock_suspect=0
PMLE_LIVE_REPLAY_TIC|tic=4832|mle_ms=9.563|monotonic_ms=10|clock_delta_ms=.437|c
lock_suspect=0
PMLE_LIVE_REPLAY_TIC|tic=4833|mle_ms=9.455|monotonic_ms=10|clock_delta_ms=.545|c
lock_suspect=0
PMLE_LIVE_REPLAY_TIC|tic=4834|mle_ms=11.871|monotonic_ms=10|clock_delta_ms=1.871
|clock_suspect=0
PMLE_LIVE_REPLAY_TIC|tic=4835|mle_ms=12.388|monotonic_ms=20|clock_delta_ms=7.612
|clock_suspect=0
PMLE_LIVE_REPLAY_TIC|tic=4836|mle_ms=13.994|monotonic_ms=10|clock_delta_ms=3.994
|clock_suspect=0
PMLE_LIVE_REPLAY_TIC|tic=4837|mle_ms=11.24|monotonic_ms=10|clock_delta_ms=1.24|c
lock_suspect=0
PMLE_LIVE_REPLAY_TIC|tic=4838|mle_ms=10.503|monotonic_ms=10|clock_delta_ms=.503|
clock_suspect=0
PMLE_LIVE_REPLAY_TIC|tic=4839|mle_ms=10.274|monotonic_ms=10|clock_delta_ms=.274|
clock_suspect=0
PMLE_LIVE_REPLAY_TIC|tic=4840|mle_ms=10.651|monotonic_ms=10|clock_delta_ms=.651|
clock_suspect=0
PMLE_LIVE_REPLAY_TIC|tic=4841|mle_ms=10.596|monotonic_ms=20|clock_delta_ms=9.404
|clock_suspect=0
PMLE_LIVE_REPLAY_TIC|tic=4842|mle_ms=12.559|monotonic_ms=10|clock_delta_ms=2.559
|clock_suspect=0
PMLE_LIVE_REPLAY_TIC|tic=4843|mle_ms=12.376|monotonic_ms=10|clock_delta_ms=2.376
|clock_suspect=0
PMLE_LIVE_REPLAY_TIC|tic=4844|mle_ms=12.068|monotonic_ms=10|clock_delta_ms=2.068
|clock_suspect=0
PMLE_LIVE_REPLAY_TIC|tic=4845|mle_ms=9.97|monotonic_ms=10|clock_delta_ms=.03|clo
ck_suspect=0
PMLE_LIVE_REPLAY_TIC|tic=4846|mle_ms=12.455|monotonic_ms=10|clock_delta_ms=2.455
|clock_suspect=0
PMLE_LIVE_REPLAY_TIC|tic=4847|mle_ms=9.987|monotonic_ms=10|clock_delta_ms=.013|c
lock_suspect=0
PMLE_LIVE_REPLAY_TIC|tic=4848|mle_ms=11.016|monotonic_ms=10|clock_delta_ms=1.016
|clock_suspect=0
PMLE_LIVE_REPLAY_TIC|tic=4849|mle_ms=10.682|monotonic_ms=10|clock_delta_ms=.682|
clock_suspect=0
PMLE_LIVE_REPLAY_TIC|tic=4850|mle_ms=10.528|monotonic_ms=10|clock_delta_ms=.528|
clock_suspect=0
PMLE_LIVE_REPLAY_TIC|tic=4851|mle_ms=15.01|monotonic_ms=10|clock_delta_ms=5.01|c
lock_suspect=0
PMLE_LIVE_REPLAY_TIC|tic=4852|mle_ms=12.767|monotonic_ms=20|clock_delta_ms=7.233
|clock_suspect=0
PMLE_LIVE_REPLAY_TIC|tic=4853|mle_ms=11.886|monotonic_ms=10|clock_delta_ms=1.886
|clock_suspect=0
PMLE_LIVE_REPLAY_TIC|tic=4854|mle_ms=13.142|monotonic_ms=10|clock_delta_ms=3.142
|clock_suspect=0
PMLE_LIVE_REPLAY_TIC|tic=4855|mle_ms=12.888|monotonic_ms=10|clock_delta_ms=2.888
|clock_suspect=0
PMLE_LIVE_REPLAY_TIC|tic=4856|mle_ms=13.183|monotonic_ms=20|clock_delta_ms=6.817
|clock_suspect=0
PMLE_LIVE_REPLAY_TIC|tic=4857|mle_ms=10.587|monotonic_ms=10|clock_delta_ms=.587|
clock_suspect=0
PMLE_LIVE_REPLAY_TIC|tic=4858|mle_ms=12.125|monotonic_ms=10|clock_delta_ms=2.125
|clock_suspect=0
PMLE_LIVE_REPLAY_TIC|tic=4859|mle_ms=11.823|monotonic_ms=10|clock_delta_ms=1.823
|clock_suspect=0
PMLE_LIVE_REPLAY_TIC|tic=4860|mle_ms=12.938|monotonic_ms=10|clock_delta_ms=2.938
|clock_suspect=0
PMLE_LIVE_REPLAY_TIC|tic=4861|mle_ms=11.597|monotonic_ms=20|clock_delta_ms=8.403
|clock_suspect=0
PMLE_LIVE_REPLAY_TIC|tic=4862|mle_ms=11.078|monotonic_ms=10|clock_delta_ms=1.078
|clock_suspect=0
PMLE_LIVE_REPLAY_TIC|tic=4863|mle_ms=10.201|monotonic_ms=10|clock_delta_ms=.201|
clock_suspect=0
PMLE_LIVE_REPLAY_TIC|tic=4864|mle_ms=12.749|monotonic_ms=10|clock_delta_ms=2.749
|clock_suspect=0
PMLE_LIVE_REPLAY_TIC|tic=4865|mle_ms=10.837|monotonic_ms=10|clock_delta_ms=.837|
clock_suspect=0
PMLE_LIVE_REPLAY_TIC|tic=4866|mle_ms=12.907|monotonic_ms=10|clock_delta_ms=2.907
|clock_suspect=0
PMLE_LIVE_REPLAY_TIC|tic=4867|mle_ms=11.37|monotonic_ms=20|clock_delta_ms=8.63|c
lock_suspect=0
PMLE_LIVE_REPLAY_TIC|tic=4868|mle_ms=11.65|monotonic_ms=10|clock_delta_ms=1.65|c
lock_suspect=0
PMLE_LIVE_REPLAY_TIC|tic=4869|mle_ms=10.76|monotonic_ms=10|clock_delta_ms=.76|cl
ock_suspect=0
PMLE_LIVE_REPLAY_TIC|tic=4870|mle_ms=12.025|monotonic_ms=10|clock_delta_ms=2.025
|clock_suspect=0
PMLE_LIVE_REPLAY_TIC|tic=4871|mle_ms=11.144|monotonic_ms=10|clock_delta_ms=1.144
|clock_suspect=0
PMLE_LIVE_REPLAY_TIC|tic=4872|mle_ms=13.232|monotonic_ms=20|clock_delta_ms=6.768
|clock_suspect=0
PMLE_LIVE_REPLAY_TIC|tic=4873|mle_ms=12.639|monotonic_ms=10|clock_delta_ms=2.639
|clock_suspect=0
PMLE_LIVE_REPLAY_TIC|tic=4874|mle_ms=12.87|monotonic_ms=10|clock_delta_ms=2.87|c
lock_suspect=0
PMLE_LIVE_REPLAY_TIC|tic=4875|mle_ms=12.267|monotonic_ms=10|clock_delta_ms=2.267
|clock_suspect=0
PMLE_LIVE_REPLAY_TIC|tic=4876|mle_ms=15.108|monotonic_ms=20|clock_delta_ms=4.892
|clock_suspect=0
PMLE_LIVE_REPLAY_TIC|tic=4877|mle_ms=14.406|monotonic_ms=10|clock_delta_ms=4.406
|clock_suspect=0
PMLE_LIVE_REPLAY_TIC|tic=4878|mle_ms=11.3|monotonic_ms=10|clock_delta_ms=1.3|clo
ck_suspect=0
PMLE_LIVE_REPLAY_TIC|tic=4879|mle_ms=10.882|monotonic_ms=20|clock_delta_ms=9.118
|clock_suspect=0
PMLE_LIVE_REPLAY_TIC|tic=4880|mle_ms=10.027|monotonic_ms=10|clock_delta_ms=.027|
clock_suspect=0
PMLE_LIVE_REPLAY_TIC|tic=4881|mle_ms=9.674|monotonic_ms=10|clock_delta_ms=.326|c
lock_suspect=0
PMLE_LIVE_REPLAY_TIC|tic=4882|mle_ms=10.096|monotonic_ms=10|clock_delta_ms=.096|
clock_suspect=0
PMLE_LIVE_REPLAY_TIC|tic=4883|mle_ms=10.509|monotonic_ms=10|clock_delta_ms=.509|
clock_suspect=0
PMLE_LIVE_REPLAY_TIC|tic=4884|mle_ms=12.775|monotonic_ms=10|clock_delta_ms=2.775
|clock_suspect=0
PMLE_LIVE_REPLAY_TIC|tic=4885|mle_ms=10.852|monotonic_ms=10|clock_delta_ms=.852|
clock_suspect=0
PMLE_LIVE_REPLAY_TIC|tic=4886|mle_ms=11.753|monotonic_ms=10|clock_delta_ms=1.753
|clock_suspect=0
PMLE_LIVE_REPLAY_TIC|tic=4887|mle_ms=8.981|monotonic_ms=10|clock_delta_ms=1.019|
clock_suspect=0
PMLE_LIVE_REPLAY_TIC|tic=4888|mle_ms=10.256|monotonic_ms=10|clock_delta_ms=.256|
clock_suspect=0
PMLE_LIVE_REPLAY_TIC|tic=4889|mle_ms=10.095|monotonic_ms=10|clock_delta_ms=.095|
clock_suspect=0
PMLE_LIVE_REPLAY_TIC|tic=4890|mle_ms=10.845|monotonic_ms=10|clock_delta_ms=.845|
clock_suspect=0
PMLE_LIVE_REPLAY_TIC|tic=4891|mle_ms=10.156|monotonic_ms=10|clock_delta_ms=.156|
clock_suspect=0
PMLE_LIVE_REPLAY_TIC|tic=4892|mle_ms=9.715|monotonic_ms=10|clock_delta_ms=.285|c
lock_suspect=0
PMLE_LIVE_REPLAY_TIC|tic=4893|mle_ms=9.01|monotonic_ms=10|clock_delta_ms=.99|clo
ck_suspect=0
PMLE_LIVE_REPLAY_TIC|tic=4894|mle_ms=10.847|monotonic_ms=10|clock_delta_ms=.847|
clock_suspect=0
PMLE_LIVE_REPLAY_TIC|tic=4895|mle_ms=9.966|monotonic_ms=10|clock_delta_ms=.034|c
lock_suspect=0
PMLE_LIVE_REPLAY_TIC|tic=4896|mle_ms=12.373|monotonic_ms=20|clock_delta_ms=7.627
|clock_suspect=0
PMLE_LIVE_REPLAY_TIC|tic=4897|mle_ms=9.751|monotonic_ms=10|clock_delta_ms=.249|c
lock_suspect=0
PMLE_LIVE_REPLAY_TIC|tic=4898|mle_ms=10.109|monotonic_ms=10|clock_delta_ms=.109|
clock_suspect=0
PMLE_LIVE_REPLAY_TIC|tic=4899|mle_ms=9.947|monotonic_ms=10|clock_delta_ms=.053|c
lock_suspect=0
PMLE_LIVE_REPLAY_TIC|tic=4900|mle_ms=9.947|monotonic_ms=10|clock_delta_ms=.053|c
lock_suspect=0
PMLE_LIVE_REPLAY_TIC|tic=4901|mle_ms=11.242|monotonic_ms=10|clock_delta_ms=1.242
|clock_suspect=0
PMLE_LIVE_REPLAY_TIC|tic=4902|mle_ms=11.758|monotonic_ms=10|clock_delta_ms=1.758
|clock_suspect=0
PMLE_LIVE_REPLAY_TIC|tic=4903|mle_ms=12.429|monotonic_ms=10|clock_delta_ms=2.429
|clock_suspect=0
PMLE_LIVE_REPLAY_TIC|tic=4904|mle_ms=12.175|monotonic_ms=10|clock_delta_ms=2.175
|clock_suspect=0
PMLE_LIVE_REPLAY_TIC|tic=4905|mle_ms=10.303|monotonic_ms=20|clock_delta_ms=9.697
|clock_suspect=0
PMLE_LIVE_REPLAY_TIC|tic=4906|mle_ms=11.566|monotonic_ms=10|clock_delta_ms=1.566
|clock_suspect=0
PMLE_LIVE_REPLAY_TIC|tic=4907|mle_ms=9.273|monotonic_ms=10|clock_delta_ms=.727|c
lock_suspect=0
PMLE_LIVE_REPLAY_TIC|tic=4908|mle_ms=10.198|monotonic_ms=10|clock_delta_ms=.198|
clock_suspect=0
PMLE_LIVE_REPLAY_TIC|tic=4909|mle_ms=10.367|monotonic_ms=10|clock_delta_ms=.367|
clock_suspect=0
PMLE_LIVE_REPLAY_TIC|tic=4910|mle_ms=9.097|monotonic_ms=10|clock_delta_ms=.903|c
lock_suspect=0
PMLE_LIVE_REPLAY_TIC|tic=4911|mle_ms=8.184|monotonic_ms=0|clock_delta_ms=8.184|c
lock_suspect=0
PMLE_LIVE_REPLAY_TIC|tic=4912|mle_ms=10.276|monotonic_ms=10|clock_delta_ms=.276|
clock_suspect=0
PMLE_LIVE_REPLAY_TIC|tic=4913|mle_ms=11.716|monotonic_ms=20|clock_delta_ms=8.284
|clock_suspect=0
PMLE_LIVE_REPLAY_TIC|tic=4914|mle_ms=12.222|monotonic_ms=10|clock_delta_ms=2.222
|clock_suspect=0
PMLE_LIVE_REPLAY_TIC|tic=4915|mle_ms=11.411|monotonic_ms=10|clock_delta_ms=1.411
|clock_suspect=0
PMLE_LIVE_REPLAY_TIC|tic=4916|mle_ms=11.47|monotonic_ms=10|clock_delta_ms=1.47|c
lock_suspect=0
PMLE_LIVE_REPLAY_TIC|tic=4917|mle_ms=8.52|monotonic_ms=10|clock_delta_ms=1.48|cl
ock_suspect=0
PMLE_LIVE_REPLAY_TIC|tic=4918|mle_ms=10.088|monotonic_ms=10|clock_delta_ms=.088|
clock_suspect=0
PMLE_LIVE_REPLAY_TIC|tic=4919|mle_ms=9.584|monotonic_ms=10|clock_delta_ms=.416|c
lock_suspect=0
PMLE_LIVE_REPLAY_TIC|tic=4920|mle_ms=9.322|monotonic_ms=10|clock_delta_ms=.678|c
lock_suspect=0
PMLE_LIVE_REPLAY_TIC|tic=4921|mle_ms=8.77|monotonic_ms=10|clock_delta_ms=1.23|cl
ock_suspect=0
PMLE_LIVE_REPLAY_TIC|tic=4922|mle_ms=9.967|monotonic_ms=10|clock_delta_ms=.033|c
lock_suspect=0
PMLE_LIVE_REPLAY_TIC|tic=4923|mle_ms=11.052|monotonic_ms=10|clock_delta_ms=1.052
|clock_suspect=0
PMLE_LIVE_REPLAY_TIC|tic=4924|mle_ms=11.954|monotonic_ms=10|clock_delta_ms=1.954
|clock_suspect=0
PMLE_LIVE_REPLAY_TIC|tic=4925|mle_ms=11.045|monotonic_ms=10|clock_delta_ms=1.045
|clock_suspect=0
PMLE_LIVE_REPLAY_TIC|tic=4926|mle_ms=16.379|monotonic_ms=20|clock_delta_ms=3.621
|clock_suspect=0
PMLE_LIVE_REPLAY_TIC|tic=4927|mle_ms=11.133|monotonic_ms=10|clock_delta_ms=1.133
|clock_suspect=0
PMLE_LIVE_REPLAY_TIC|tic=4928|mle_ms=10.428|monotonic_ms=10|clock_delta_ms=.428|
clock_suspect=0
PMLE_LIVE_REPLAY_TIC|tic=4929|mle_ms=9.623|monotonic_ms=10|clock_delta_ms=.377|c
lock_suspect=0
PMLE_LIVE_REPLAY_TIC|tic=4930|mle_ms=9.528|monotonic_ms=10|clock_delta_ms=.472|c
lock_suspect=0
PMLE_LIVE_REPLAY_TIC|tic=4931|mle_ms=10.332|monotonic_ms=10|clock_delta_ms=.332|
clock_suspect=0
PMLE_LIVE_REPLAY_TIC|tic=4932|mle_ms=12.237|monotonic_ms=10|clock_delta_ms=2.237
|clock_suspect=0
PMLE_LIVE_REPLAY_TIC|tic=4933|mle_ms=11.098|monotonic_ms=10|clock_delta_ms=1.098
|clock_suspect=0
PMLE_LIVE_REPLAY_TIC|tic=4934|mle_ms=12.541|monotonic_ms=20|clock_delta_ms=7.459
|clock_suspect=0
PMLE_LIVE_REPLAY_TIC|tic=4935|mle_ms=10.318|monotonic_ms=10|clock_delta_ms=.318|
clock_suspect=0
PMLE_LIVE_REPLAY_TIC|tic=4936|mle_ms=10.42|monotonic_ms=10|clock_delta_ms=.42|cl
ock_suspect=0
PMLE_LIVE_REPLAY_TIC|tic=4937|mle_ms=8.14|monotonic_ms=10|clock_delta_ms=1.86|cl
ock_suspect=0
PMLE_LIVE_REPLAY_TIC|tic=4938|mle_ms=9.622|monotonic_ms=10|clock_delta_ms=.378|c
lock_suspect=0
PMLE_LIVE_REPLAY_TIC|tic=4939|mle_ms=9.265|monotonic_ms=0|clock_delta_ms=9.265|c
lock_suspect=0
PMLE_LIVE_REPLAY_TIC|tic=4940|mle_ms=8.002|monotonic_ms=10|clock_delta_ms=1.998|
clock_suspect=0
PMLE_LIVE_REPLAY_TIC|tic=4941|mle_ms=8.95|monotonic_ms=10|clock_delta_ms=1.05|cl
ock_suspect=0
PMLE_LIVE_REPLAY_TIC|tic=4942|mle_ms=11.079|monotonic_ms=10|clock_delta_ms=1.079
|clock_suspect=0
PMLE_LIVE_REPLAY_TIC|tic=4943|mle_ms=10.883|monotonic_ms=10|clock_delta_ms=.883|
clock_suspect=0
PMLE_LIVE_REPLAY_TIC|tic=4944|mle_ms=11.868|monotonic_ms=20|clock_delta_ms=8.132
|clock_suspect=0
PMLE_LIVE_REPLAY_TIC|tic=4945|mle_ms=10.765|monotonic_ms=10|clock_delta_ms=.765|
clock_suspect=0
PMLE_LIVE_REPLAY_TIC|tic=4946|mle_ms=11.04|monotonic_ms=10|clock_delta_ms=1.04|c
lock_suspect=0
PMLE_LIVE_REPLAY_TIC|tic=4947|mle_ms=8.575|monotonic_ms=10|clock_delta_ms=1.425|
clock_suspect=0
PMLE_LIVE_REPLAY_TIC|tic=4948|mle_ms=9.493|monotonic_ms=10|clock_delta_ms=.507|c
lock_suspect=0
PMLE_LIVE_REPLAY_TIC|tic=4949|mle_ms=8.2|monotonic_ms=0|clock_delta_ms=8.2|clock
_suspect=0
PMLE_LIVE_REPLAY_TIC|tic=4950|mle_ms=8.976|monotonic_ms=10|clock_delta_ms=1.024|
clock_suspect=0
PMLE_LIVE_REPLAY_TIC|tic=4951|mle_ms=11.347|monotonic_ms=20|clock_delta_ms=8.653
|clock_suspect=0
PMLE_LIVE_REPLAY_TIC|tic=4952|mle_ms=10.684|monotonic_ms=10|clock_delta_ms=.684|
clock_suspect=0
PMLE_LIVE_REPLAY_TIC|tic=4953|mle_ms=11.076|monotonic_ms=10|clock_delta_ms=1.076
|clock_suspect=0
PMLE_LIVE_REPLAY_TIC|tic=4954|mle_ms=12.68|monotonic_ms=10|clock_delta_ms=2.68|c
lock_suspect=0
PMLE_LIVE_REPLAY_TIC|tic=4955|mle_ms=10.685|monotonic_ms=10|clock_delta_ms=.685|
clock_suspect=0
PMLE_LIVE_REPLAY_TIC|tic=4956|mle_ms=12.132|monotonic_ms=10|clock_delta_ms=2.132
|clock_suspect=0
PMLE_LIVE_REPLAY_TIC|tic=4957|mle_ms=9.775|monotonic_ms=10|clock_delta_ms=.225|c
lock_suspect=0
PMLE_LIVE_REPLAY_TIC|tic=4958|mle_ms=9.396|monotonic_ms=10|clock_delta_ms=.604|c
lock_suspect=0
PMLE_LIVE_REPLAY_TIC|tic=4959|mle_ms=9.152|monotonic_ms=10|clock_delta_ms=.848|c
lock_suspect=0
PMLE_LIVE_REPLAY_TIC|tic=4960|mle_ms=9.093|monotonic_ms=10|clock_delta_ms=.907|c
lock_suspect=0
PMLE_LIVE_REPLAY_TIC|tic=4961|mle_ms=9.012|monotonic_ms=10|clock_delta_ms=.988|c
lock_suspect=0
PMLE_LIVE_REPLAY_TIC|tic=4962|mle_ms=10.554|monotonic_ms=10|clock_delta_ms=.554|
clock_suspect=0
PMLE_LIVE_REPLAY_TIC|tic=4963|mle_ms=12.623|monotonic_ms=10|clock_delta_ms=2.623
|clock_suspect=0
PMLE_LIVE_REPLAY_TIC|tic=4964|mle_ms=11.933|monotonic_ms=20|clock_delta_ms=8.067
|clock_suspect=0
PMLE_LIVE_REPLAY_TIC|tic=4965|mle_ms=9.897|monotonic_ms=10|clock_delta_ms=.103|c
lock_suspect=0
PMLE_LIVE_REPLAY_TIC|tic=4966|mle_ms=11.552|monotonic_ms=10|clock_delta_ms=1.552
|clock_suspect=0
PMLE_LIVE_REPLAY_TIC|tic=4967|mle_ms=9.41|monotonic_ms=10|clock_delta_ms=.59|clo
ck_suspect=0
PMLE_LIVE_REPLAY_TIC|tic=4968|mle_ms=9.962|monotonic_ms=10|clock_delta_ms=.038|c
lock_suspect=0
PMLE_LIVE_REPLAY_TIC|tic=4969|mle_ms=9.719|monotonic_ms=10|clock_delta_ms=.281|c
lock_suspect=0
PMLE_LIVE_REPLAY_TIC|tic=4970|mle_ms=7.907|monotonic_ms=0|clock_delta_ms=7.907|c
lock_suspect=0
PMLE_LIVE_REPLAY_TIC|tic=4971|mle_ms=8.384|monotonic_ms=10|clock_delta_ms=1.616|
clock_suspect=0
PMLE_LIVE_REPLAY_TIC|tic=4972|mle_ms=9.8|monotonic_ms=10|clock_delta_ms=.2|clock
_suspect=0
PMLE_LIVE_REPLAY_TIC|tic=4973|mle_ms=11.382|monotonic_ms=10|clock_delta_ms=1.382
|clock_suspect=0
PMLE_LIVE_REPLAY_TIC|tic=4974|mle_ms=12.685|monotonic_ms=20|clock_delta_ms=7.315
|clock_suspect=0
PMLE_LIVE_REPLAY_TIC|tic=4975|mle_ms=13.983|monotonic_ms=10|clock_delta_ms=3.983
|clock_suspect=0
PMLE_LIVE_REPLAY_TIC|tic=4976|mle_ms=11.516|monotonic_ms=10|clock_delta_ms=1.516
|clock_suspect=0
PMLE_LIVE_REPLAY_TIC|tic=4977|mle_ms=8.97|monotonic_ms=10|clock_delta_ms=1.03|cl
ock_suspect=0
PMLE_LIVE_REPLAY_TIC|tic=4978|mle_ms=10.419|monotonic_ms=10|clock_delta_ms=.419|
clock_suspect=0
PMLE_LIVE_REPLAY_TIC|tic=4979|mle_ms=10.762|monotonic_ms=10|clock_delta_ms=.762|
clock_suspect=0
PMLE_LIVE_REPLAY_TIC|tic=4980|mle_ms=11.257|monotonic_ms=10|clock_delta_ms=1.257
|clock_suspect=0
PMLE_LIVE_REPLAY_TIC|tic=4981|mle_ms=11.457|monotonic_ms=20|clock_delta_ms=8.543
|clock_suspect=0
PMLE_LIVE_REPLAY_TIC|tic=4982|mle_ms=11.048|monotonic_ms=10|clock_delta_ms=1.048
|clock_suspect=0
PMLE_LIVE_REPLAY_TIC|tic=4983|mle_ms=10.689|monotonic_ms=10|clock_delta_ms=.689|
clock_suspect=0
PMLE_LIVE_REPLAY_TIC|tic=4984|mle_ms=11.352|monotonic_ms=10|clock_delta_ms=1.352
|clock_suspect=0
PMLE_LIVE_REPLAY_TIC|tic=4985|mle_ms=10.227|monotonic_ms=10|clock_delta_ms=.227|
clock_suspect=0
PMLE_LIVE_REPLAY_TIC|tic=4986|mle_ms=10.607|monotonic_ms=10|clock_delta_ms=.607|
clock_suspect=0
PMLE_LIVE_REPLAY_TIC|tic=4987|mle_ms=8.75|monotonic_ms=10|clock_delta_ms=1.25|cl
ock_suspect=0
PMLE_LIVE_REPLAY_TIC|tic=4988|mle_ms=10.684|monotonic_ms=10|clock_delta_ms=.684|
clock_suspect=0
PMLE_LIVE_REPLAY_TIC|tic=4989|mle_ms=9.409|monotonic_ms=10|clock_delta_ms=.591|c
lock_suspect=0
PMLE_LIVE_REPLAY_TIC|tic=4990|mle_ms=10.544|monotonic_ms=10|clock_delta_ms=.544|
clock_suspect=0
PMLE_LIVE_REPLAY_TIC|tic=4991|mle_ms=10.019|monotonic_ms=10|clock_delta_ms=.019|
clock_suspect=0
PMLE_LIVE_REPLAY_TIC|tic=4992|mle_ms=10.799|monotonic_ms=10|clock_delta_ms=.799|
clock_suspect=0
PMLE_LIVE_REPLAY_TIC|tic=4993|mle_ms=9.353|monotonic_ms=10|clock_delta_ms=.647|c
lock_suspect=0
PMLE_LIVE_REPLAY_TIC|tic=4994|mle_ms=9.44|monotonic_ms=10|clock_delta_ms=.56|clo
ck_suspect=0
PMLE_LIVE_REPLAY_TIC|tic=4995|mle_ms=8.47|monotonic_ms=10|clock_delta_ms=1.53|cl
ock_suspect=0
PMLE_LIVE_REPLAY_TIC|tic=4996|mle_ms=9.464|monotonic_ms=10|clock_delta_ms=.536|c
lock_suspect=0
PMLE_LIVE_REPLAY_TIC|tic=4997|mle_ms=8.104|monotonic_ms=10|clock_delta_ms=1.896|
clock_suspect=0
PMLE_LIVE_REPLAY_TIC|tic=4998|mle_ms=8.926|monotonic_ms=0|clock_delta_ms=8.926|c
lock_suspect=0
PMLE_LIVE_REPLAY_TIC|tic=4999|mle_ms=10.827|monotonic_ms=20|clock_delta_ms=9.173
|clock_suspect=0
PMLE_LIVE_REPLAY_TIC|tic=5000|mle_ms=12.818|monotonic_ms=10|clock_delta_ms=2.818
|clock_suspect=0
PMLE_LIVE_REPLAY_TIC|tic=5001|mle_ms=9.463|monotonic_ms=10|clock_delta_ms=.537|c
lock_suspect=0
PMLE_LIVE_REPLAY_TIC|tic=5002|mle_ms=9.868|monotonic_ms=10|clock_delta_ms=.132|c
lock_suspect=0
PMLE_LIVE_REPLAY_TIC|tic=5003|mle_ms=9.588|monotonic_ms=10|clock_delta_ms=.412|c
lock_suspect=0
PMLE_LIVE_REPLAY_TIC|tic=5004|mle_ms=11.053|monotonic_ms=10|clock_delta_ms=1.053
|clock_suspect=0
PMLE_LIVE_REPLAY_TIC|tic=5005|mle_ms=11.045|monotonic_ms=10|clock_delta_ms=1.045
|clock_suspect=0
PMLE_LIVE_REPLAY_TIC|tic=5006|mle_ms=11.975|monotonic_ms=10|clock_delta_ms=1.975
|clock_suspect=0
PMLE_LIVE_REPLAY_TIC|tic=5007|mle_ms=9.374|monotonic_ms=10|clock_delta_ms=.626|c
lock_suspect=0
PMLE_LIVE_REPLAY_TIC|tic=5008|mle_ms=10.079|monotonic_ms=10|clock_delta_ms=.079|
clock_suspect=0
PMLE_LIVE_REPLAY_TIC|tic=5009|mle_ms=9.928|monotonic_ms=10|clock_delta_ms=.072|c
lock_suspect=0
PMLE_LIVE_REPLAY_TIC|tic=5010|mle_ms=10.275|monotonic_ms=10|clock_delta_ms=.275|
clock_suspect=0
PMLE_LIVE_REPLAY_TIC|tic=5011|mle_ms=10.199|monotonic_ms=10|clock_delta_ms=.199|
clock_suspect=0
PMLE_LIVE_REPLAY_TIC|tic=5012|mle_ms=9.798|monotonic_ms=10|clock_delta_ms=.202|c
lock_suspect=0
PMLE_LIVE_REPLAY_TIC|tic=5013|mle_ms=8.88|monotonic_ms=10|clock_delta_ms=1.12|cl
ock_suspect=0
PMLE_LIVE_REPLAY_TIC|tic=5014|mle_ms=11|monotonic_ms=10|clock_delta_ms=1|clock_s
uspect=0
PMLE_LIVE_REPLAY_TIC|tic=5015|mle_ms=10.456|monotonic_ms=10|clock_delta_ms=.456|
clock_suspect=0
PMLE_LIVE_REPLAY_TIC|tic=5016|mle_ms=12.903|monotonic_ms=20|clock_delta_ms=7.097
|clock_suspect=0
PMLE_LIVE_REPLAY_TIC|tic=5017|mle_ms=9.868|monotonic_ms=10|clock_delta_ms=.132|c
lock_suspect=0
PMLE_LIVE_REPLAY_TIC|tic=5018|mle_ms=10.326|monotonic_ms=10|clock_delta_ms=.326|
clock_suspect=0
PMLE_LIVE_REPLAY_TIC|tic=5019|mle_ms=10.31|monotonic_ms=10|clock_delta_ms=.31|cl
ock_suspect=0
PMLE_LIVE_REPLAY_TIC|tic=5020|mle_ms=10.5|monotonic_ms=10|clock_delta_ms=.5|cloc
k_suspect=0
PMLE_LIVE_REPLAY_TIC|tic=5021|mle_ms=10.548|monotonic_ms=10|clock_delta_ms=.548|
clock_suspect=0
PMLE_LIVE_REPLAY_TIC|tic=5022|mle_ms=11.458|monotonic_ms=10|clock_delta_ms=1.458
|clock_suspect=0
PMLE_LIVE_REPLAY_TIC|tic=5023|mle_ms=14.108|monotonic_ms=20|clock_delta_ms=5.892
|clock_suspect=0
PMLE_LIVE_REPLAY_TIC|tic=5024|mle_ms=12.157|monotonic_ms=10|clock_delta_ms=2.157
|clock_suspect=0
PMLE_LIVE_REPLAY_TIC|tic=5025|mle_ms=10.992|monotonic_ms=10|clock_delta_ms=.992|
clock_suspect=0
PMLE_LIVE_REPLAY_TIC|tic=5026|mle_ms=12.068|monotonic_ms=10|clock_delta_ms=2.068
|clock_suspect=0
PMLE_LIVE_REPLAY_TIC|tic=5027|mle_ms=9.608|monotonic_ms=10|clock_delta_ms=.392|c
lock_suspect=0
PMLE_LIVE_REPLAY_TIC|tic=5028|mle_ms=10.463|monotonic_ms=10|clock_delta_ms=.463|
clock_suspect=0
PMLE_LIVE_REPLAY_TIC|tic=5029|mle_ms=10.471|monotonic_ms=10|clock_delta_ms=.471|
clock_suspect=0
PMLE_LIVE_REPLAY_TIC|tic=5030|mle_ms=9.663|monotonic_ms=10|clock_delta_ms=.337|c
lock_suspect=0
PMLE_LIVE_REPLAY_TIC|tic=5031|mle_ms=9.123|monotonic_ms=10|clock_delta_ms=.877|c
lock_suspect=0
PMLE_LIVE_REPLAY_TIC|tic=5032|mle_ms=9.352|monotonic_ms=10|clock_delta_ms=.648|c
lock_suspect=0
PMLE_LIVE_REPLAY_TIC|tic=5033|mle_ms=9.098|monotonic_ms=10|clock_delta_ms=.902|c
lock_suspect=0
PMLE_LIVE_REPLAY_TIC|tic=5034|mle_ms=10.997|monotonic_ms=10|clock_delta_ms=.997|
clock_suspect=0
PMLE_LIVE_REPLAY_TIC|tic=5035|mle_ms=10.569|monotonic_ms=10|clock_delta_ms=.569|
clock_suspect=0
PMLE_LIVE_REPLAY_TIC|tic=5036|mle_ms=12.462|monotonic_ms=10|clock_delta_ms=2.462
|clock_suspect=0
PMLE_LIVE_REPLAY_TIC|tic=5037|mle_ms=10.014|monotonic_ms=10|clock_delta_ms=.014|
clock_suspect=0
PMLE_LIVE_REPLAY_TIC|tic=5038|mle_ms=10.732|monotonic_ms=10|clock_delta_ms=.732|
clock_suspect=0
PMLE_LIVE_REPLAY_TIC|tic=5039|mle_ms=10.333|monotonic_ms=10|clock_delta_ms=.333|
clock_suspect=0
PMLE_LIVE_REPLAY_TIC|tic=5040|mle_ms=10.43|monotonic_ms=20|clock_delta_ms=9.57|c
lock_suspect=0
PMLE_LIVE_REPLAY_TIC|tic=5041|mle_ms=10.234|monotonic_ms=10|clock_delta_ms=.234|
clock_suspect=0
PMLE_LIVE_REPLAY_TIC|tic=5042|mle_ms=10.18|monotonic_ms=10|clock_delta_ms=.18|cl
ock_suspect=0
PMLE_LIVE_REPLAY_TIC|tic=5043|mle_ms=9.438|monotonic_ms=10|clock_delta_ms=.562|c
lock_suspect=0
PMLE_LIVE_REPLAY_TIC|tic=5044|mle_ms=10.153|monotonic_ms=10|clock_delta_ms=.153|
clock_suspect=0
PMLE_LIVE_REPLAY_TIC|tic=5045|mle_ms=9.539|monotonic_ms=10|clock_delta_ms=.461|c
lock_suspect=0
PMLE_LIVE_REPLAY_TIC|tic=5046|mle_ms=12.708|monotonic_ms=10|clock_delta_ms=2.708
|clock_suspect=0
PMLE_LIVE_REPLAY_TIC|tic=5047|mle_ms=12.717|monotonic_ms=10|clock_delta_ms=2.717
|clock_suspect=0
PMLE_LIVE_REPLAY_TIC|tic=5048|mle_ms=10.356|monotonic_ms=10|clock_delta_ms=.356|
clock_suspect=0
PMLE_LIVE_REPLAY_TIC|tic=5049|mle_ms=10.204|monotonic_ms=10|clock_delta_ms=.204|
clock_suspect=0
PMLE_LIVE_REPLAY_TIC|tic=5050|mle_ms=10.482|monotonic_ms=10|clock_delta_ms=.482|
clock_suspect=0
PMLE_LIVE_REPLAY_TIC|tic=5051|mle_ms=9.839|monotonic_ms=10|clock_delta_ms=.161|c
lock_suspect=0
PMLE_LIVE_REPLAY_TIC|tic=5052|mle_ms=11.2|monotonic_ms=10|clock_delta_ms=1.2|clo
ck_suspect=0
PMLE_LIVE_REPLAY_TIC|tic=5053|mle_ms=11.086|monotonic_ms=10|clock_delta_ms=1.086
|clock_suspect=0
PMLE_LIVE_REPLAY_TIC|tic=5054|mle_ms=12.159|monotonic_ms=20|clock_delta_ms=7.841
|clock_suspect=0
PMLE_LIVE_REPLAY_TIC|tic=5055|mle_ms=10.768|monotonic_ms=10|clock_delta_ms=.768|
clock_suspect=0
PMLE_LIVE_REPLAY_TIC|tic=5056|mle_ms=11.872|monotonic_ms=10|clock_delta_ms=1.872
|clock_suspect=0
PMLE_LIVE_REPLAY_TIC|tic=5057|mle_ms=9.525|monotonic_ms=10|clock_delta_ms=.475|c
lock_suspect=0
PMLE_LIVE_REPLAY_TIC|tic=5058|mle_ms=10.529|monotonic_ms=10|clock_delta_ms=.529|
clock_suspect=0
PMLE_LIVE_REPLAY_TIC|tic=5059|mle_ms=11.047|monotonic_ms=10|clock_delta_ms=1.047
|clock_suspect=0
PMLE_LIVE_REPLAY_TIC|tic=5060|mle_ms=9.692|monotonic_ms=10|clock_delta_ms=.308|c
lock_suspect=0
PMLE_LIVE_REPLAY_TIC|tic=5061|mle_ms=7.851|monotonic_ms=10|clock_delta_ms=2.149|
clock_suspect=0
PMLE_LIVE_REPLAY_TIC|tic=5062|mle_ms=8.913|monotonic_ms=10|clock_delta_ms=1.087|
clock_suspect=0
PMLE_LIVE_REPLAY_TIC|tic=5063|mle_ms=9.811|monotonic_ms=10|clock_delta_ms=.189|c
lock_suspect=0
PMLE_LIVE_REPLAY_TIC|tic=5064|mle_ms=12.355|monotonic_ms=10|clock_delta_ms=2.355
|clock_suspect=0
PMLE_LIVE_REPLAY_TIC|tic=5065|mle_ms=10.845|monotonic_ms=10|clock_delta_ms=.845|
clock_suspect=0
PMLE_LIVE_REPLAY_TIC|tic=5066|mle_ms=11.799|monotonic_ms=10|clock_delta_ms=1.799
|clock_suspect=0
PMLE_LIVE_REPLAY_TIC|tic=5067|mle_ms=9.641|monotonic_ms=10|clock_delta_ms=.359|c
lock_suspect=0
PMLE_LIVE_REPLAY_TIC|tic=5068|mle_ms=10.399|monotonic_ms=10|clock_delta_ms=.399|
clock_suspect=0
PMLE_LIVE_REPLAY_TIC|tic=5069|mle_ms=11.027|monotonic_ms=10|clock_delta_ms=1.027
|clock_suspect=0
PMLE_LIVE_REPLAY_TIC|tic=5070|mle_ms=12.298|monotonic_ms=20|clock_delta_ms=7.702
|clock_suspect=0
PMLE_LIVE_REPLAY_TIC|tic=5071|mle_ms=10.04|monotonic_ms=10|clock_delta_ms=.04|cl
ock_suspect=0
PMLE_LIVE_REPLAY_TIC|tic=5072|mle_ms=11.121|monotonic_ms=10|clock_delta_ms=1.121
|clock_suspect=0
PMLE_LIVE_REPLAY_TIC|tic=5073|mle_ms=11.085|monotonic_ms=10|clock_delta_ms=1.085
|clock_suspect=0
PMLE_LIVE_REPLAY_TIC|tic=5074|mle_ms=12.596|monotonic_ms=10|clock_delta_ms=2.596
|clock_suspect=0
PMLE_LIVE_REPLAY_TIC|tic=5075|mle_ms=11.785|monotonic_ms=10|clock_delta_ms=1.785
|clock_suspect=0
PMLE_LIVE_REPLAY_TIC|tic=5076|mle_ms=14.684|monotonic_ms=20|clock_delta_ms=5.316
|clock_suspect=0
PMLE_LIVE_REPLAY_TIC|tic=5077|mle_ms=12.073|monotonic_ms=10|clock_delta_ms=2.073
|clock_suspect=0
PMLE_LIVE_REPLAY_TIC|tic=5078|mle_ms=10.085|monotonic_ms=10|clock_delta_ms=.085|
clock_suspect=0
PMLE_LIVE_REPLAY_TIC|tic=5079|mle_ms=9.36|monotonic_ms=10|clock_delta_ms=.64|clo
ck_suspect=0
PMLE_LIVE_REPLAY_TIC|tic=5080|mle_ms=10.299|monotonic_ms=10|clock_delta_ms=.299|
clock_suspect=0
PMLE_LIVE_REPLAY_TIC|tic=5081|mle_ms=10.491|monotonic_ms=10|clock_delta_ms=.491|
clock_suspect=0
PMLE_LIVE_REPLAY_TIC|tic=5082|mle_ms=11.609|monotonic_ms=10|clock_delta_ms=1.609
|clock_suspect=0
PMLE_LIVE_REPLAY_TIC|tic=5083|mle_ms=11.882|monotonic_ms=10|clock_delta_ms=1.882
|clock_suspect=0
PMLE_LIVE_REPLAY_TIC|tic=5084|mle_ms=12.155|monotonic_ms=20|clock_delta_ms=7.845
|clock_suspect=0
PMLE_LIVE_REPLAY_TIC|tic=5085|mle_ms=9.941|monotonic_ms=10|clock_delta_ms=.059|c
lock_suspect=0
PMLE_LIVE_REPLAY_TIC|tic=5086|mle_ms=11.765|monotonic_ms=10|clock_delta_ms=1.765
|clock_suspect=0
PMLE_LIVE_REPLAY_TIC|tic=5087|mle_ms=8.762|monotonic_ms=10|clock_delta_ms=1.238|
clock_suspect=0
PMLE_LIVE_REPLAY_TIC|tic=5088|mle_ms=8.915|monotonic_ms=10|clock_delta_ms=1.085|
clock_suspect=0
PMLE_LIVE_REPLAY_TIC|tic=5089|mle_ms=9.318|monotonic_ms=10|clock_delta_ms=.682|c
lock_suspect=0
PMLE_LIVE_REPLAY_TIC|tic=5090|mle_ms=9.397|monotonic_ms=10|clock_delta_ms=.603|c
lock_suspect=0
PMLE_LIVE_REPLAY_TIC|tic=5091|mle_ms=8.711|monotonic_ms=0|clock_delta_ms=8.711|c
lock_suspect=0
PMLE_LIVE_REPLAY_TIC|tic=5092|mle_ms=10.835|monotonic_ms=20|clock_delta_ms=9.165
|clock_suspect=0
PMLE_LIVE_REPLAY_TIC|tic=5093|mle_ms=10.795|monotonic_ms=10|clock_delta_ms=.795|
clock_suspect=0
PMLE_LIVE_REPLAY_TIC|tic=5094|mle_ms=14.568|monotonic_ms=10|clock_delta_ms=4.568
|clock_suspect=0
PMLE_LIVE_REPLAY_TIC|tic=5095|mle_ms=11.091|monotonic_ms=10|clock_delta_ms=1.091
|clock_suspect=0
PMLE_LIVE_REPLAY_TIC|tic=5096|mle_ms=11.389|monotonic_ms=10|clock_delta_ms=1.389
|clock_suspect=0
PMLE_LIVE_REPLAY_TIC|tic=5097|mle_ms=10.296|monotonic_ms=10|clock_delta_ms=.296|
clock_suspect=0
PMLE_LIVE_REPLAY_TIC|tic=5098|mle_ms=10.017|monotonic_ms=10|clock_delta_ms=.017|
clock_suspect=0
PMLE_LIVE_REPLAY_TIC|tic=5099|mle_ms=9.646|monotonic_ms=10|clock_delta_ms=.354|c
lock_suspect=0
PMLE_LIVE_REPLAY_TIC|tic=5100|mle_ms=11.251|monotonic_ms=20|clock_delta_ms=8.749
|clock_suspect=0
PMLE_LIVE_REPLAY_TIC|tic=5101|mle_ms=10.01|monotonic_ms=10|clock_delta_ms=.01|cl
ock_suspect=0
PMLE_LIVE_REPLAY_TIC|tic=5102|mle_ms=11.982|monotonic_ms=10|clock_delta_ms=1.982
|clock_suspect=0
PMLE_LIVE_REPLAY_TIC|tic=5103|mle_ms=12.152|monotonic_ms=10|clock_delta_ms=2.152
|clock_suspect=0
PMLE_LIVE_REPLAY_TIC|tic=5104|mle_ms=13.262|monotonic_ms=20|clock_delta_ms=6.738
|clock_suspect=0
PMLE_LIVE_REPLAY_TIC|tic=5105|mle_ms=9.194|monotonic_ms=0|clock_delta_ms=9.194|c
lock_suspect=0
PMLE_LIVE_REPLAY_TIC|tic=5106|mle_ms=10.304|monotonic_ms=10|clock_delta_ms=.304|
clock_suspect=0
PMLE_LIVE_REPLAY_TIC|tic=5107|mle_ms=8.735|monotonic_ms=10|clock_delta_ms=1.265|
clock_suspect=0
PMLE_LIVE_REPLAY_TIC|tic=5108|mle_ms=8.764|monotonic_ms=10|clock_delta_ms=1.236|
clock_suspect=0
PMLE_LIVE_REPLAY_TIC|tic=5109|mle_ms=8.385|monotonic_ms=10|clock_delta_ms=1.615|
clock_suspect=0
PMLE_LIVE_REPLAY_TIC|tic=5110|mle_ms=10.415|monotonic_ms=10|clock_delta_ms=.415|
clock_suspect=0
PMLE_LIVE_REPLAY_TIC|tic=5111|mle_ms=11.862|monotonic_ms=10|clock_delta_ms=1.862
|clock_suspect=0
PMLE_LIVE_REPLAY_TIC|tic=5112|mle_ms=12.375|monotonic_ms=20|clock_delta_ms=7.625
|clock_suspect=0
PMLE_LIVE_REPLAY_TIC|tic=5113|mle_ms=12.474|monotonic_ms=10|clock_delta_ms=2.474
|clock_suspect=0
PMLE_LIVE_REPLAY_TIC|tic=5114|mle_ms=13|monotonic_ms=10|clock_delta_ms=3|clock_s
uspect=0
PMLE_LIVE_REPLAY_TIC|tic=5115|mle_ms=11.123|monotonic_ms=10|clock_delta_ms=1.123
|clock_suspect=0
PMLE_LIVE_REPLAY_TIC|tic=5116|mle_ms=15.97|monotonic_ms=20|clock_delta_ms=4.03|c
lock_suspect=0
PMLE_LIVE_REPLAY_TIC|tic=5117|mle_ms=10.761|monotonic_ms=10|clock_delta_ms=.761|
clock_suspect=0
PMLE_LIVE_REPLAY_TIC|tic=5118|mle_ms=12.374|monotonic_ms=10|clock_delta_ms=2.374
|clock_suspect=0
PMLE_LIVE_REPLAY_TIC|tic=5119|mle_ms=11.663|monotonic_ms=10|clock_delta_ms=1.663
|clock_suspect=0
PMLE_LIVE_REPLAY_TIC|tic=5120|mle_ms=10.187|monotonic_ms=10|clock_delta_ms=.187|
clock_suspect=0
PMLE_LIVE_REPLAY_TIC|tic=5121|mle_ms=9.682|monotonic_ms=10|clock_delta_ms=.318|c
lock_suspect=0
PMLE_LIVE_REPLAY_TIC|tic=5122|mle_ms=11.314|monotonic_ms=20|clock_delta_ms=8.686
|clock_suspect=0
PMLE_LIVE_REPLAY_TIC|tic=5123|mle_ms=10.955|monotonic_ms=10|clock_delta_ms=.955|
clock_suspect=0
PMLE_LIVE_REPLAY_TIC|tic=5124|mle_ms=12.034|monotonic_ms=10|clock_delta_ms=2.034
|clock_suspect=0
PMLE_LIVE_REPLAY_TIC|tic=5125|mle_ms=12.193|monotonic_ms=10|clock_delta_ms=2.193
|clock_suspect=0
PMLE_LIVE_REPLAY_TIC|tic=5126|mle_ms=11.868|monotonic_ms=10|clock_delta_ms=1.868
|clock_suspect=0
PMLE_LIVE_REPLAY_TIC|tic=5127|mle_ms=10.487|monotonic_ms=10|clock_delta_ms=.487|
clock_suspect=0
PMLE_LIVE_REPLAY_TIC|tic=5128|mle_ms=10.754|monotonic_ms=10|clock_delta_ms=.754|
clock_suspect=0
PMLE_LIVE_REPLAY_TIC|tic=5129|mle_ms=10.105|monotonic_ms=10|clock_delta_ms=.105|
clock_suspect=0
PMLE_LIVE_REPLAY_TIC|tic=5130|mle_ms=11.082|monotonic_ms=20|clock_delta_ms=8.918
|clock_suspect=0
PMLE_LIVE_REPLAY_TIC|tic=5131|mle_ms=10.472|monotonic_ms=10|clock_delta_ms=.472|
clock_suspect=0
PMLE_LIVE_REPLAY_TIC|tic=5132|mle_ms=10.851|monotonic_ms=10|clock_delta_ms=.851|
clock_suspect=0
PMLE_LIVE_REPLAY_TIC|tic=5133|mle_ms=10.487|monotonic_ms=10|clock_delta_ms=.487|
clock_suspect=0
PMLE_LIVE_REPLAY_TIC|tic=5134|mle_ms=11.044|monotonic_ms=10|clock_delta_ms=1.044
|clock_suspect=0
PMLE_LIVE_REPLAY_TIC|tic=5135|mle_ms=8.431|monotonic_ms=10|clock_delta_ms=1.569|
clock_suspect=0
PMLE_LIVE_REPLAY_TIC|tic=5136|mle_ms=11.861|monotonic_ms=10|clock_delta_ms=1.861
|clock_suspect=0
PMLE_LIVE_REPLAY_TIC|tic=5137|mle_ms=9.668|monotonic_ms=10|clock_delta_ms=.332|c
lock_suspect=0
PMLE_LIVE_REPLAY_TIC|tic=5138|mle_ms=9.965|monotonic_ms=10|clock_delta_ms=.035|c
lock_suspect=0
PMLE_LIVE_REPLAY_TIC|tic=5139|mle_ms=12.392|monotonic_ms=10|clock_delta_ms=2.392
|clock_suspect=0
PMLE_LIVE_REPLAY_TIC|tic=5140|mle_ms=10.148|monotonic_ms=10|clock_delta_ms=.148|
clock_suspect=0
PMLE_LIVE_REPLAY_TIC|tic=5141|mle_ms=10.401|monotonic_ms=10|clock_delta_ms=.401|
clock_suspect=0
PMLE_LIVE_REPLAY_TIC|tic=5142|mle_ms=11.722|monotonic_ms=10|clock_delta_ms=1.722
|clock_suspect=0
PMLE_LIVE_REPLAY_TIC|tic=5143|mle_ms=10.742|monotonic_ms=10|clock_delta_ms=.742|
clock_suspect=0
PMLE_LIVE_REPLAY_TIC|tic=5144|mle_ms=10.149|monotonic_ms=20|clock_delta_ms=9.851
|clock_suspect=0
PMLE_LIVE_REPLAY_TIC|tic=5145|mle_ms=9.068|monotonic_ms=0|clock_delta_ms=9.068|c
lock_suspect=0
PMLE_LIVE_REPLAY_TIC|tic=5146|mle_ms=11.95|monotonic_ms=20|clock_delta_ms=8.05|c
lock_suspect=0
PMLE_LIVE_REPLAY_TIC|tic=5147|mle_ms=9.377|monotonic_ms=10|clock_delta_ms=.623|c
lock_suspect=0
PMLE_LIVE_REPLAY_TIC|tic=5148|mle_ms=10.375|monotonic_ms=10|clock_delta_ms=.375|
clock_suspect=0
PMLE_LIVE_REPLAY_TIC|tic=5149|mle_ms=9.781|monotonic_ms=10|clock_delta_ms=.219|c
lock_suspect=0
PMLE_LIVE_REPLAY_TIC|tic=5150|mle_ms=8.698|monotonic_ms=0|clock_delta_ms=8.698|c
lock_suspect=0
PMLE_LIVE_REPLAY_TIC|tic=5151|mle_ms=7.999|monotonic_ms=10|clock_delta_ms=2.001|
clock_suspect=0
PMLE_LIVE_REPLAY_TIC|tic=5152|mle_ms=10.244|monotonic_ms=10|clock_delta_ms=.244|
clock_suspect=0
PMLE_LIVE_REPLAY_TIC|tic=5153|mle_ms=9.971|monotonic_ms=10|clock_delta_ms=.029|c
lock_suspect=0
PMLE_LIVE_REPLAY_TIC|tic=5154|mle_ms=9.639|monotonic_ms=10|clock_delta_ms=.361|c
lock_suspect=0
PMLE_LIVE_REPLAY_TIC|tic=5155|mle_ms=9.156|monotonic_ms=10|clock_delta_ms=.844|c
lock_suspect=0
PMLE_LIVE_REPLAY_TIC|tic=5156|mle_ms=11.289|monotonic_ms=10|clock_delta_ms=1.289
|clock_suspect=0
PMLE_LIVE_REPLAY_TIC|tic=5157|mle_ms=9.052|monotonic_ms=10|clock_delta_ms=.948|c
lock_suspect=0
PMLE_LIVE_REPLAY_TIC|tic=5158|mle_ms=10.631|monotonic_ms=10|clock_delta_ms=.631|
clock_suspect=0
PMLE_LIVE_REPLAY_TIC|tic=5159|mle_ms=10.775|monotonic_ms=10|clock_delta_ms=.775|
clock_suspect=0
PMLE_LIVE_REPLAY_TIC|tic=5160|mle_ms=10.767|monotonic_ms=20|clock_delta_ms=9.233
|clock_suspect=0
PMLE_LIVE_REPLAY_TIC|tic=5161|mle_ms=10.692|monotonic_ms=10|clock_delta_ms=.692|
clock_suspect=0
PMLE_LIVE_REPLAY_TIC|tic=5162|mle_ms=13.02|monotonic_ms=10|clock_delta_ms=3.02|c
lock_suspect=0
PMLE_LIVE_REPLAY_TIC|tic=5163|mle_ms=10.106|monotonic_ms=10|clock_delta_ms=.106|
clock_suspect=0
PMLE_LIVE_REPLAY_TIC|tic=5164|mle_ms=11.134|monotonic_ms=10|clock_delta_ms=1.134
|clock_suspect=0
PMLE_LIVE_REPLAY_TIC|tic=5165|mle_ms=11.246|monotonic_ms=10|clock_delta_ms=1.246
|clock_suspect=0
PMLE_LIVE_REPLAY_TIC|tic=5166|mle_ms=11.966|monotonic_ms=10|clock_delta_ms=1.966
|clock_suspect=0
PMLE_LIVE_REPLAY_TIC|tic=5167|mle_ms=10.494|monotonic_ms=10|clock_delta_ms=.494|
clock_suspect=0
PMLE_LIVE_REPLAY_TIC|tic=5168|mle_ms=9.941|monotonic_ms=10|clock_delta_ms=.059|c
lock_suspect=0
PMLE_LIVE_REPLAY_TIC|tic=5169|mle_ms=9.553|monotonic_ms=10|clock_delta_ms=.447|c
lock_suspect=0
PMLE_LIVE_REPLAY_TIC|tic=5170|mle_ms=10.049|monotonic_ms=10|clock_delta_ms=.049|
clock_suspect=0
PMLE_LIVE_REPLAY_TIC|tic=5171|mle_ms=9.725|monotonic_ms=10|clock_delta_ms=.275|c
lock_suspect=0
PMLE_LIVE_REPLAY_TIC|tic=5172|mle_ms=10.625|monotonic_ms=10|clock_delta_ms=.625|
clock_suspect=0
PMLE_LIVE_REPLAY_TIC|tic=5173|mle_ms=10.676|monotonic_ms=20|clock_delta_ms=9.324
|clock_suspect=0
PMLE_LIVE_REPLAY_TIC|tic=5174|mle_ms=9.361|monotonic_ms=0|clock_delta_ms=9.361|c
lock_suspect=0
PMLE_LIVE_REPLAY_TIC|tic=5175|mle_ms=9.61|monotonic_ms=10|clock_delta_ms=.39|clo
ck_suspect=0
PMLE_LIVE_REPLAY_TIC|tic=5176|mle_ms=11.206|monotonic_ms=20|clock_delta_ms=8.794
|clock_suspect=0
PMLE_LIVE_REPLAY_TIC|tic=5177|mle_ms=9.747|monotonic_ms=10|clock_delta_ms=.253|c
lock_suspect=0
PMLE_LIVE_REPLAY_TIC|tic=5178|mle_ms=10.892|monotonic_ms=10|clock_delta_ms=.892|
clock_suspect=0
PMLE_LIVE_REPLAY_TIC|tic=5179|mle_ms=10.331|monotonic_ms=10|clock_delta_ms=.331|
clock_suspect=0
PMLE_LIVE_REPLAY_TIC|tic=5180|mle_ms=9.629|monotonic_ms=10|clock_delta_ms=.371|c
lock_suspect=0
PMLE_LIVE_REPLAY_TIC|tic=5181|mle_ms=9.274|monotonic_ms=10|clock_delta_ms=.726|c
lock_suspect=0
PMLE_LIVE_REPLAY_TIC|tic=5182|mle_ms=10.52|monotonic_ms=10|clock_delta_ms=.52|cl
ock_suspect=0
PMLE_LIVE_REPLAY_TIC|tic=5183|mle_ms=8.992|monotonic_ms=10|clock_delta_ms=1.008|
clock_suspect=0
PMLE_LIVE_REPLAY_TIC|tic=5184|mle_ms=12.297|monotonic_ms=10|clock_delta_ms=2.297
|clock_suspect=0
PMLE_LIVE_REPLAY_TIC|tic=5185|mle_ms=11.123|monotonic_ms=10|clock_delta_ms=1.123
|clock_suspect=0
PMLE_LIVE_REPLAY_TIC|tic=5186|mle_ms=12.199|monotonic_ms=10|clock_delta_ms=2.199
|clock_suspect=0
PMLE_LIVE_REPLAY_TIC|tic=5187|mle_ms=9.21|monotonic_ms=10|clock_delta_ms=.79|clo
ck_suspect=0
PMLE_LIVE_REPLAY_TIC|tic=5188|mle_ms=10.024|monotonic_ms=10|clock_delta_ms=.024|
clock_suspect=0
PMLE_LIVE_REPLAY_TIC|tic=5189|mle_ms=9.884|monotonic_ms=10|clock_delta_ms=.116|c
lock_suspect=0
PMLE_LIVE_REPLAY_TIC|tic=5190|mle_ms=9.855|monotonic_ms=10|clock_delta_ms=.145|c
lock_suspect=0
PMLE_LIVE_REPLAY_TIC|tic=5191|mle_ms=10.818|monotonic_ms=10|clock_delta_ms=.818|
clock_suspect=0
PMLE_LIVE_REPLAY_TIC|tic=5192|mle_ms=11.049|monotonic_ms=10|clock_delta_ms=1.049
|clock_suspect=0
PMLE_LIVE_REPLAY_TIC|tic=5193|mle_ms=10.676|monotonic_ms=10|clock_delta_ms=.676|
clock_suspect=0
PMLE_LIVE_REPLAY_TIC|tic=5194|mle_ms=14.108|monotonic_ms=20|clock_delta_ms=5.892
|clock_suspect=0
PMLE_LIVE_REPLAY_TIC|tic=5195|mle_ms=11.607|monotonic_ms=10|clock_delta_ms=1.607
|clock_suspect=0
PMLE_LIVE_REPLAY_TIC|tic=5196|mle_ms=12.757|monotonic_ms=10|clock_delta_ms=2.757
|clock_suspect=0
PMLE_LIVE_REPLAY_TIC|tic=5197|mle_ms=10.614|monotonic_ms=10|clock_delta_ms=.614|
clock_suspect=0
PMLE_LIVE_REPLAY_TIC|tic=5198|mle_ms=10.235|monotonic_ms=10|clock_delta_ms=.235|
clock_suspect=0
PMLE_LIVE_REPLAY_TIC|tic=5199|mle_ms=9.82|monotonic_ms=10|clock_delta_ms=.18|clo
ck_suspect=0
PMLE_LIVE_REPLAY_TIC|tic=5200|mle_ms=10.094|monotonic_ms=10|clock_delta_ms=.094|
clock_suspect=0
PMLE_LIVE_REPLAY_TIC|tic=5201|mle_ms=8.83|monotonic_ms=10|clock_delta_ms=1.17|cl
ock_suspect=0
PMLE_LIVE_REPLAY_TIC|tic=5202|mle_ms=10.305|monotonic_ms=10|clock_delta_ms=.305|
clock_suspect=0
PMLE_LIVE_REPLAY_TIC|tic=5203|mle_ms=12.158|monotonic_ms=20|clock_delta_ms=7.842
|clock_suspect=0
PMLE_LIVE_REPLAY_TIC|tic=5204|mle_ms=12.205|monotonic_ms=10|clock_delta_ms=2.205
|clock_suspect=0
PMLE_LIVE_REPLAY_TIC|tic=5205|mle_ms=10.647|monotonic_ms=10|clock_delta_ms=.647|
clock_suspect=0
PMLE_LIVE_REPLAY_TIC|tic=5206|mle_ms=15.361|monotonic_ms=10|clock_delta_ms=5.361
|clock_suspect=0
PMLE_LIVE_REPLAY_TIC|tic=5207|mle_ms=9.932|monotonic_ms=10|clock_delta_ms=.068|c
lock_suspect=0
PMLE_LIVE_REPLAY_TIC|tic=5208|mle_ms=10.646|monotonic_ms=20|clock_delta_ms=9.354
|clock_suspect=0
PMLE_LIVE_REPLAY_TIC|tic=5209|mle_ms=10.087|monotonic_ms=10|clock_delta_ms=.087|
clock_suspect=0
PMLE_LIVE_REPLAY_TIC|tic=5210|mle_ms=9.252|monotonic_ms=0|clock_delta_ms=9.252|c
lock_suspect=0
PMLE_LIVE_REPLAY_TIC|tic=5211|mle_ms=9.539|monotonic_ms=10|clock_delta_ms=.461|c
lock_suspect=0
PMLE_LIVE_REPLAY_TIC|tic=5212|mle_ms=12.137|monotonic_ms=20|clock_delta_ms=7.863
|clock_suspect=0
PMLE_LIVE_REPLAY_TIC|tic=5213|mle_ms=11.405|monotonic_ms=10|clock_delta_ms=1.405
|clock_suspect=0
PMLE_LIVE_REPLAY_TIC|tic=5214|mle_ms=12.715|monotonic_ms=10|clock_delta_ms=2.715
|clock_suspect=0
PMLE_LIVE_REPLAY_TIC|tic=5215|mle_ms=11.392|monotonic_ms=10|clock_delta_ms=1.392
|clock_suspect=0
PMLE_LIVE_REPLAY_TIC|tic=5216|mle_ms=12.312|monotonic_ms=10|clock_delta_ms=2.312
|clock_suspect=0
PMLE_LIVE_REPLAY_TIC|tic=5217|mle_ms=9.175|monotonic_ms=10|clock_delta_ms=.825|c
lock_suspect=0
PMLE_LIVE_REPLAY_TIC|tic=5218|mle_ms=10.311|monotonic_ms=10|clock_delta_ms=.311|
clock_suspect=0
PMLE_LIVE_REPLAY_TIC|tic=5219|mle_ms=9.585|monotonic_ms=10|clock_delta_ms=.415|c
lock_suspect=0
PMLE_LIVE_REPLAY_TIC|tic=5220|mle_ms=10.446|monotonic_ms=10|clock_delta_ms=.446|
clock_suspect=0
PMLE_LIVE_REPLAY_TIC|tic=5221|mle_ms=10.115|monotonic_ms=10|clock_delta_ms=.115|
clock_suspect=0
PMLE_LIVE_REPLAY_TIC|tic=5222|mle_ms=10.318|monotonic_ms=20|clock_delta_ms=9.682
|clock_suspect=0
PMLE_LIVE_REPLAY_TIC|tic=5223|mle_ms=9.539|monotonic_ms=0|clock_delta_ms=9.539|c
lock_suspect=0
PMLE_LIVE_REPLAY_TIC|tic=5224|mle_ms=9.669|monotonic_ms=10|clock_delta_ms=.331|c
lock_suspect=0
PMLE_LIVE_REPLAY_TIC|tic=5225|mle_ms=8.496|monotonic_ms=10|clock_delta_ms=1.504|
clock_suspect=0
PMLE_LIVE_REPLAY_TIC|tic=5226|mle_ms=11.109|monotonic_ms=10|clock_delta_ms=1.109
|clock_suspect=0
PMLE_LIVE_REPLAY_TIC|tic=5227|mle_ms=12.164|monotonic_ms=20|clock_delta_ms=7.836
|clock_suspect=0
PMLE_LIVE_REPLAY_TIC|tic=5228|mle_ms=10.119|monotonic_ms=10|clock_delta_ms=.119|
clock_suspect=0
PMLE_LIVE_REPLAY_TIC|tic=5229|mle_ms=9.584|monotonic_ms=10|clock_delta_ms=.416|c
lock_suspect=0
PMLE_LIVE_REPLAY_TIC|tic=5230|mle_ms=10.11|monotonic_ms=10|clock_delta_ms=.11|cl
ock_suspect=0
PMLE_LIVE_REPLAY_TIC|tic=5231|mle_ms=9.9|monotonic_ms=10|clock_delta_ms=.1|clock
_suspect=0
PMLE_LIVE_REPLAY_TIC|tic=5232|mle_ms=11.113|monotonic_ms=10|clock_delta_ms=1.113
|clock_suspect=0
PMLE_LIVE_REPLAY_TIC|tic=5233|mle_ms=11.097|monotonic_ms=10|clock_delta_ms=1.097
|clock_suspect=0
PMLE_LIVE_REPLAY_TIC|tic=5234|mle_ms=11.145|monotonic_ms=10|clock_delta_ms=1.145
|clock_suspect=0
PMLE_LIVE_REPLAY_TIC|tic=5235|mle_ms=8.762|monotonic_ms=10|clock_delta_ms=1.238|
clock_suspect=0
PMLE_LIVE_REPLAY_TIC|tic=5236|mle_ms=11.748|monotonic_ms=10|clock_delta_ms=1.748
|clock_suspect=0
PMLE_LIVE_REPLAY_TIC|tic=5237|mle_ms=9.335|monotonic_ms=10|clock_delta_ms=.665|c
lock_suspect=0
PMLE_LIVE_REPLAY_TIC|tic=5238|mle_ms=10.13|monotonic_ms=10|clock_delta_ms=.13|cl
ock_suspect=0
PMLE_LIVE_REPLAY_TIC|tic=5239|mle_ms=9.874|monotonic_ms=10|clock_delta_ms=.126|c
lock_suspect=0
PMLE_LIVE_REPLAY_TIC|tic=5240|mle_ms=9.56|monotonic_ms=10|clock_delta_ms=.44|clo
ck_suspect=0
PMLE_LIVE_REPLAY_TIC|tic=5241|mle_ms=9.563|monotonic_ms=10|clock_delta_ms=.437|c
lock_suspect=0
PMLE_LIVE_REPLAY_TIC|tic=5242|mle_ms=10.665|monotonic_ms=10|clock_delta_ms=.665|
clock_suspect=0
PMLE_LIVE_REPLAY_TIC|tic=5243|mle_ms=10.253|monotonic_ms=10|clock_delta_ms=.253|
clock_suspect=0
PMLE_LIVE_REPLAY_TIC|tic=5244|mle_ms=9.913|monotonic_ms=10|clock_delta_ms=.087|c
lock_suspect=0
PMLE_LIVE_REPLAY_TIC|tic=5245|mle_ms=8.822|monotonic_ms=10|clock_delta_ms=1.178|
clock_suspect=0
PMLE_LIVE_REPLAY_TIC|tic=5246|mle_ms=10.639|monotonic_ms=10|clock_delta_ms=.639|
clock_suspect=0
PMLE_LIVE_REPLAY_TIC|tic=5247|mle_ms=8.724|monotonic_ms=10|clock_delta_ms=1.276|
clock_suspect=0
PMLE_LIVE_REPLAY_TIC|tic=5248|mle_ms=10.837|monotonic_ms=10|clock_delta_ms=.837|
clock_suspect=0
PMLE_LIVE_REPLAY_TIC|tic=5249|mle_ms=13.286|monotonic_ms=10|clock_delta_ms=3.286
|clock_suspect=0
PMLE_LIVE_REPLAY_TIC|tic=5250|mle_ms=10.915|monotonic_ms=10|clock_delta_ms=.915|
clock_suspect=0
PMLE_LIVE_REPLAY_CLOCK|tics=5250|disagreement_limit_ms=30|suspects=27|maximum_su
spects=26|verdict=FAIL
PMLE_LIVE_REPLAY_TICKER|stream=live-dm-2026-07-23|tics=5250|p50_ms=38.101|p95_ms
=146.516|p99_ms=202.272|max_ms=372.54|throughput_tps=19.368|monotonic_centisecon
ds=27411|monotonic_tps=19.153
PMLE_LIVE_REPLAY_WINDOW|through_tic=100|tics=100|wall_ms=7466.608|monotonic_cent
iseconds=754|monotonic_tps=13.263|memory=iwadBytes=28795076|frameBytes=64000|thi
nkers=247|mobjs=238|killMonsters=29|livingMonsters=29|awakeMonsters=9|movingMons
ters=0|vertexes=1196|segs=2057|sectors=182|subsectors=682|nodes=681|lines=1175|s
ides=1829|blockmapInts=3764|blocklinks=864|rejectBytes=4141
PMLE_LIVE_REPLAY_WINDOW|through_tic=200|tics=100|wall_ms=10885.144|monotonic_cen
tiseconds=1101|monotonic_tps=9.083|memory=iwadBytes=28795076|frameBytes=64000|th
inkers=254|mobjs=243|killMonsters=29|livingMonsters=28|awakeMonsters=20|movingMo
nsters=2|vertexes=1196|segs=2057|sectors=182|subsectors=682|nodes=681|lines=1175
|sides=1829|blockmapInts=3764|blocklinks=864|rejectBytes=4141
PMLE_LIVE_REPLAY_WINDOW|through_tic=300|tics=100|wall_ms=13870.888|monotonic_cen
tiseconds=1398|monotonic_tps=7.153|memory=iwadBytes=28795076|frameBytes=64000|th
inkers=253|mobjs=243|killMonsters=29|livingMonsters=28|awakeMonsters=20|movingMo
nsters=1|vertexes=1196|segs=2057|sectors=182|subsectors=682|nodes=681|lines=1175
|sides=1829|blockmapInts=3764|blocklinks=864|rejectBytes=4141
PMLE_LIVE_REPLAY_WINDOW|through_tic=400|tics=100|wall_ms=13609.309|monotonic_cen
tiseconds=1384|monotonic_tps=7.225|memory=iwadBytes=28795076|frameBytes=64000|th
inkers=250|mobjs=240|killMonsters=29|livingMonsters=28|awakeMonsters=20|movingMo
nsters=0|vertexes=1196|segs=2057|sectors=182|subsectors=682|nodes=681|lines=1175
|sides=1829|blockmapInts=3764|blocklinks=864|rejectBytes=4141
PMLE_LIVE_REPLAY_WINDOW|through_tic=500|tics=100|wall_ms=12803.704|monotonic_cen
tiseconds=1292|monotonic_tps=7.74|memory=iwadBytes=28795076|frameBytes=64000|thi
nkers=248|mobjs=239|killMonsters=29|livingMonsters=28|awakeMonsters=20|movingMon
sters=0|vertexes=1196|segs=2057|sectors=182|subsectors=682|nodes=681|lines=1175|
sides=1829|blockmapInts=3764|blocklinks=864|rejectBytes=4141
PMLE_LIVE_REPLAY_WINDOW|through_tic=600|tics=100|wall_ms=10790.863|monotonic_cen
tiseconds=1090|monotonic_tps=9.174|memory=iwadBytes=28795076|frameBytes=64000|th
inkers=247|mobjs=238|killMonsters=29|livingMonsters=28|awakeMonsters=20|movingMo
nsters=0|vertexes=1196|segs=2057|sectors=182|subsectors=682|nodes=681|lines=1175
|sides=1829|blockmapInts=3764|blocklinks=864|rejectBytes=4141
PMLE_LIVE_REPLAY_WINDOW|through_tic=700|tics=100|wall_ms=11830.768|monotonic_cen
tiseconds=1194|monotonic_tps=8.375|memory=iwadBytes=28795076|frameBytes=64000|th
inkers=249|mobjs=239|killMonsters=29|livingMonsters=28|awakeMonsters=20|movingMo
nsters=0|vertexes=1196|segs=2057|sectors=182|subsectors=682|nodes=681|lines=1175
|sides=1829|blockmapInts=3764|blocklinks=864|rejectBytes=4141
PMLE_LIVE_REPLAY_WINDOW|through_tic=800|tics=100|wall_ms=6413.72|monotonic_centi
seconds=653|monotonic_tps=15.314|memory=iwadBytes=28795076|frameBytes=64000|thin
kers=240|mobjs=231|killMonsters=29|livingMonsters=28|awakeMonsters=20|movingMons
ters=2|vertexes=1196|segs=2057|sectors=182|subsectors=682|nodes=681|lines=1175|s
ides=1829|blockmapInts=3764|blocklinks=864|rejectBytes=4141
PMLE_LIVE_REPLAY_WINDOW|through_tic=900|tics=100|wall_ms=6284.446|monotonic_cent
iseconds=628|monotonic_tps=15.924|memory=iwadBytes=28795076|frameBytes=64000|thi
nkers=241|mobjs=232|killMonsters=29|livingMonsters=27|awakeMonsters=19|movingMon
sters=0|vertexes=1196|segs=2057|sectors=182|subsectors=682|nodes=681|lines=1175|
sides=1829|blockmapInts=3764|blocklinks=864|rejectBytes=4141
PMLE_LIVE_REPLAY_WINDOW|through_tic=1000|tics=100|wall_ms=6110.056|monotonic_cen
tiseconds=622|monotonic_tps=16.077|memory=iwadBytes=28795076|frameBytes=64000|th
inkers=241|mobjs=231|killMonsters=29|livingMonsters=26|awakeMonsters=18|movingMo
nsters=0|vertexes=1196|segs=2057|sectors=182|subsectors=682|nodes=681|lines=1175
|sides=1829|blockmapInts=3764|blocklinks=864|rejectBytes=4141
PMLE_LIVE_REPLAY_WINDOW|through_tic=1100|tics=100|wall_ms=5480.909|monotonic_cen
tiseconds=560|monotonic_tps=17.857|memory=iwadBytes=28795076|frameBytes=64000|th
inkers=238|mobjs=228|killMonsters=29|livingMonsters=24|awakeMonsters=18|movingMo
nsters=0|vertexes=1196|segs=2057|sectors=182|subsectors=682|nodes=681|lines=1175
|sides=1829|blockmapInts=3764|blocklinks=864|rejectBytes=4141
PMLE_LIVE_REPLAY_WINDOW|through_tic=1200|tics=100|wall_ms=4756.017|monotonic_cen
tiseconds=475|monotonic_tps=21.053|memory=iwadBytes=28795076|frameBytes=64000|th
inkers=244|mobjs=234|killMonsters=29|livingMonsters=21|awakeMonsters=15|movingMo
nsters=0|vertexes=1196|segs=2057|sectors=182|subsectors=682|nodes=681|lines=1175
|sides=1829|blockmapInts=3764|blocklinks=864|rejectBytes=4141
PMLE_LIVE_REPLAY_WINDOW|through_tic=1300|tics=100|wall_ms=3052.676|monotonic_cen
tiseconds=305|monotonic_tps=32.787|memory=iwadBytes=28795076|frameBytes=64000|th
inkers=237|mobjs=227|killMonsters=29|livingMonsters=21|awakeMonsters=15|movingMo
nsters=0|vertexes=1196|segs=2057|sectors=182|subsectors=682|nodes=681|lines=1175
|sides=1829|blockmapInts=3764|blocklinks=864|rejectBytes=4141
PMLE_LIVE_REPLAY_WINDOW|through_tic=1400|tics=100|wall_ms=2211.303|monotonic_cen
tiseconds=233|monotonic_tps=42.918|memory=iwadBytes=28795076|frameBytes=64000|th
inkers=237|mobjs=227|killMonsters=29|livingMonsters=21|awakeMonsters=15|movingMo
nsters=0|vertexes=1196|segs=2057|sectors=182|subsectors=682|nodes=681|lines=1175
|sides=1829|blockmapInts=3764|blocklinks=864|rejectBytes=4141
PMLE_LIVE_REPLAY_WINDOW|through_tic=1500|tics=100|wall_ms=4255.648|monotonic_cen
tiseconds=426|monotonic_tps=23.474|memory=iwadBytes=28795076|frameBytes=64000|th
inkers=235|mobjs=226|killMonsters=29|livingMonsters=21|awakeMonsters=15|movingMo
nsters=0|vertexes=1196|segs=2057|sectors=182|subsectors=682|nodes=681|lines=1175
|sides=1829|blockmapInts=3764|blocklinks=864|rejectBytes=4141
PMLE_LIVE_REPLAY_WINDOW|through_tic=1600|tics=100|wall_ms=4757.527|monotonic_cen
tiseconds=476|monotonic_tps=21.008|memory=iwadBytes=28795076|frameBytes=64000|th
inkers=239|mobjs=229|killMonsters=29|livingMonsters=21|awakeMonsters=15|movingMo
nsters=0|vertexes=1196|segs=2057|sectors=182|subsectors=682|nodes=681|lines=1175
|sides=1829|blockmapInts=3764|blocklinks=864|rejectBytes=4141
PMLE_LIVE_REPLAY_WINDOW|through_tic=1700|tics=100|wall_ms=8483.439|monotonic_cen
tiseconds=860|monotonic_tps=11.628|memory=iwadBytes=28795076|frameBytes=64000|th
inkers=239|mobjs=229|killMonsters=29|livingMonsters=19|awakeMonsters=17|movingMo
nsters=0|vertexes=1196|segs=2057|sectors=182|subsectors=682|nodes=681|lines=1175
|sides=1829|blockmapInts=3764|blocklinks=864|rejectBytes=4141
PMLE_LIVE_REPLAY_WINDOW|through_tic=1800|tics=100|wall_ms=5216.48|monotonic_cent
iseconds=533|monotonic_tps=18.762|memory=iwadBytes=28795076|frameBytes=64000|thi
nkers=242|mobjs=232|killMonsters=29|livingMonsters=18|awakeMonsters=16|movingMon
sters=1|vertexes=1196|segs=2057|sectors=182|subsectors=682|nodes=681|lines=1175|
sides=1829|blockmapInts=3764|blocklinks=864|rejectBytes=4141
PMLE_LIVE_REPLAY_WINDOW|through_tic=1900|tics=100|wall_ms=6232.116|monotonic_cen
tiseconds=623|monotonic_tps=16.051|memory=iwadBytes=28795076|frameBytes=64000|th
inkers=235|mobjs=226|killMonsters=29|livingMonsters=18|awakeMonsters=16|movingMo
nsters=1|vertexes=1196|segs=2057|sectors=182|subsectors=682|nodes=681|lines=1175
|sides=1829|blockmapInts=3764|blocklinks=864|rejectBytes=4141
PMLE_LIVE_REPLAY_WINDOW|through_tic=2000|tics=100|wall_ms=6032.353|monotonic_cen
tiseconds=615|monotonic_tps=16.26|memory=iwadBytes=28795076|frameBytes=64000|thi
nkers=234|mobjs=225|killMonsters=29|livingMonsters=17|awakeMonsters=15|movingMon
sters=0|vertexes=1196|segs=2057|sectors=182|subsectors=682|nodes=681|lines=1175|
sides=1829|blockmapInts=3764|blocklinks=864|rejectBytes=4141
PMLE_LIVE_REPLAY_WINDOW|through_tic=2100|tics=100|wall_ms=5116.368|monotonic_cen
tiseconds=523|monotonic_tps=19.12|memory=iwadBytes=28795076|frameBytes=64000|thi
nkers=234|mobjs=225|killMonsters=29|livingMonsters=17|awakeMonsters=15|movingMon
sters=0|vertexes=1196|segs=2057|sectors=182|subsectors=682|nodes=681|lines=1175|
sides=1829|blockmapInts=3764|blocklinks=864|rejectBytes=4141
PMLE_LIVE_REPLAY_WINDOW|through_tic=2200|tics=100|wall_ms=5548.178|monotonic_cen
tiseconds=555|monotonic_tps=18.018|memory=iwadBytes=28795076|frameBytes=64000|th
inkers=234|mobjs=225|killMonsters=29|livingMonsters=17|awakeMonsters=15|movingMo
nsters=0|vertexes=1196|segs=2057|sectors=182|subsectors=682|nodes=681|lines=1175
|sides=1829|blockmapInts=3764|blocklinks=864|rejectBytes=4141
PMLE_LIVE_REPLAY_WINDOW|through_tic=2300|tics=100|wall_ms=4424.393|monotonic_cen
tiseconds=454|monotonic_tps=22.026|memory=iwadBytes=28795076|frameBytes=64000|th
inkers=234|mobjs=225|killMonsters=29|livingMonsters=17|awakeMonsters=15|movingMo
nsters=0|vertexes=1196|segs=2057|sectors=182|subsectors=682|nodes=681|lines=1175
|sides=1829|blockmapInts=3764|blocklinks=864|rejectBytes=4141
PMLE_LIVE_REPLAY_WINDOW|through_tic=2400|tics=100|wall_ms=5990.229|monotonic_cen
tiseconds=599|monotonic_tps=16.694|memory=iwadBytes=28795076|frameBytes=64000|th
inkers=235|mobjs=225|killMonsters=29|livingMonsters=17|awakeMonsters=15|movingMo
nsters=0|vertexes=1196|segs=2057|sectors=182|subsectors=682|nodes=681|lines=1175
|sides=1829|blockmapInts=3764|blocklinks=864|rejectBytes=4141
PMLE_LIVE_REPLAY_WINDOW|through_tic=2500|tics=100|wall_ms=5105.522|monotonic_cen
tiseconds=522|monotonic_tps=19.157|memory=iwadBytes=28795076|frameBytes=64000|th
inkers=237|mobjs=227|killMonsters=29|livingMonsters=17|awakeMonsters=15|movingMo
nsters=0|vertexes=1196|segs=2057|sectors=182|subsectors=682|nodes=681|lines=1175
|sides=1829|blockmapInts=3764|blocklinks=864|rejectBytes=4141
PMLE_LIVE_REPLAY_WINDOW|through_tic=2600|tics=100|wall_ms=4369.926|monotonic_cen
tiseconds=437|monotonic_tps=22.883|memory=iwadBytes=28795076|frameBytes=64000|th
inkers=238|mobjs=228|killMonsters=29|livingMonsters=17|awakeMonsters=15|movingMo
nsters=0|vertexes=1196|segs=2057|sectors=182|subsectors=682|nodes=681|lines=1175
|sides=1829|blockmapInts=3764|blocklinks=864|rejectBytes=4141
PMLE_LIVE_REPLAY_WINDOW|through_tic=2700|tics=100|wall_ms=6748.194|monotonic_cen
tiseconds=686|monotonic_tps=14.577|memory=iwadBytes=28795076|frameBytes=64000|th
inkers=236|mobjs=227|killMonsters=29|livingMonsters=17|awakeMonsters=15|movingMo
nsters=0|vertexes=1196|segs=2057|sectors=182|subsectors=682|nodes=681|lines=1175
|sides=1829|blockmapInts=3764|blocklinks=864|rejectBytes=4141
PMLE_LIVE_REPLAY_WINDOW|through_tic=2800|tics=100|wall_ms=6481.731|monotonic_cen
tiseconds=648|monotonic_tps=15.432|memory=iwadBytes=28795076|frameBytes=64000|th
inkers=234|mobjs=225|killMonsters=29|livingMonsters=17|awakeMonsters=15|movingMo
nsters=0|vertexes=1196|segs=2057|sectors=182|subsectors=682|nodes=681|lines=1175
|sides=1829|blockmapInts=3764|blocklinks=864|rejectBytes=4141
PMLE_LIVE_REPLAY_WINDOW|through_tic=2900|tics=100|wall_ms=5918.589|monotonic_cen
tiseconds=604|monotonic_tps=16.556|memory=iwadBytes=28795076|frameBytes=64000|th
inkers=234|mobjs=225|killMonsters=29|livingMonsters=17|awakeMonsters=15|movingMo
nsters=0|vertexes=1196|segs=2057|sectors=182|subsectors=682|nodes=681|lines=1175
|sides=1829|blockmapInts=3764|blocklinks=864|rejectBytes=4141
PMLE_LIVE_REPLAY_WINDOW|through_tic=3000|tics=100|wall_ms=5692.495|monotonic_cen
tiseconds=581|monotonic_tps=17.212|memory=iwadBytes=28795076|frameBytes=64000|th
inkers=234|mobjs=225|killMonsters=29|livingMonsters=17|awakeMonsters=15|movingMo
nsters=0|vertexes=1196|segs=2057|sectors=182|subsectors=682|nodes=681|lines=1175
|sides=1829|blockmapInts=3764|blocklinks=864|rejectBytes=4141
PMLE_LIVE_REPLAY_WINDOW|through_tic=3100|tics=100|wall_ms=5866.356|monotonic_cen
tiseconds=587|monotonic_tps=17.036|memory=iwadBytes=28795076|frameBytes=64000|th
inkers=234|mobjs=225|killMonsters=29|livingMonsters=17|awakeMonsters=15|movingMo
nsters=0|vertexes=1196|segs=2057|sectors=182|subsectors=682|nodes=681|lines=1175
|sides=1829|blockmapInts=3764|blocklinks=864|rejectBytes=4141
PMLE_LIVE_REPLAY_WINDOW|through_tic=3200|tics=100|wall_ms=4652.187|monotonic_cen
tiseconds=476|monotonic_tps=21.008|memory=iwadBytes=28795076|frameBytes=64000|th
inkers=236|mobjs=226|killMonsters=29|livingMonsters=17|awakeMonsters=15|movingMo
nsters=0|vertexes=1196|segs=2057|sectors=182|subsectors=682|nodes=681|lines=1175
|sides=1829|blockmapInts=3764|blocklinks=864|rejectBytes=4141
PMLE_LIVE_REPLAY_WINDOW|through_tic=3300|tics=100|wall_ms=5883.896|monotonic_cen
tiseconds=588|monotonic_tps=17.007|memory=iwadBytes=28795076|frameBytes=64000|th
inkers=236|mobjs=226|killMonsters=29|livingMonsters=17|awakeMonsters=15|movingMo
nsters=0|vertexes=1196|segs=2057|sectors=182|subsectors=682|nodes=681|lines=1175
|sides=1829|blockmapInts=3764|blocklinks=864|rejectBytes=4141
PMLE_LIVE_REPLAY_WINDOW|through_tic=3400|tics=100|wall_ms=3791.432|monotonic_cen
tiseconds=390|monotonic_tps=25.641|memory=iwadBytes=28795076|frameBytes=64000|th
inkers=235|mobjs=225|killMonsters=29|livingMonsters=17|awakeMonsters=15|movingMo
nsters=0|vertexes=1196|segs=2057|sectors=182|subsectors=682|nodes=681|lines=1175
|sides=1829|blockmapInts=3764|blocklinks=864|rejectBytes=4141
PMLE_LIVE_REPLAY_WINDOW|through_tic=3500|tics=100|wall_ms=7917.45|monotonic_cent
iseconds=792|monotonic_tps=12.626|memory=iwadBytes=28795076|frameBytes=64000|thi
nkers=240|mobjs=231|killMonsters=29|livingMonsters=17|awakeMonsters=15|movingMon
sters=0|vertexes=1196|segs=2057|sectors=182|subsectors=682|nodes=681|lines=1175|
sides=1829|blockmapInts=3764|blocklinks=864|rejectBytes=4141
PMLE_LIVE_REPLAY_WINDOW|through_tic=3600|tics=100|wall_ms=4994.158|monotonic_cen
tiseconds=511|monotonic_tps=19.569|memory=iwadBytes=28795076|frameBytes=64000|th
inkers=234|mobjs=225|killMonsters=29|livingMonsters=17|awakeMonsters=15|movingMo
nsters=0|vertexes=1196|segs=2057|sectors=182|subsectors=682|nodes=681|lines=1175
|sides=1829|blockmapInts=3764|blocklinks=864|rejectBytes=4141
PMLE_LIVE_REPLAY_WINDOW|through_tic=3700|tics=100|wall_ms=4045.311|monotonic_cen
tiseconds=404|monotonic_tps=24.752|memory=iwadBytes=28795076|frameBytes=64000|th
inkers=234|mobjs=225|killMonsters=29|livingMonsters=17|awakeMonsters=15|movingMo
nsters=0|vertexes=1196|segs=2057|sectors=182|subsectors=682|nodes=681|lines=1175
|sides=1829|blockmapInts=3764|blocklinks=864|rejectBytes=4141
PMLE_LIVE_REPLAY_WINDOW|through_tic=3800|tics=100|wall_ms=4104.169|monotonic_cen
tiseconds=422|monotonic_tps=23.697|memory=iwadBytes=28795076|frameBytes=64000|th
inkers=234|mobjs=225|killMonsters=29|livingMonsters=17|awakeMonsters=15|movingMo
nsters=0|vertexes=1196|segs=2057|sectors=182|subsectors=682|nodes=681|lines=1175
|sides=1829|blockmapInts=3764|blocklinks=864|rejectBytes=4141
PMLE_LIVE_REPLAY_WINDOW|through_tic=3900|tics=100|wall_ms=3617.752|monotonic_cen
tiseconds=362|monotonic_tps=27.624|memory=iwadBytes=28795076|frameBytes=64000|th
inkers=235|mobjs=226|killMonsters=29|livingMonsters=17|awakeMonsters=15|movingMo
nsters=0|vertexes=1196|segs=2057|sectors=182|subsectors=682|nodes=681|lines=1175
|sides=1829|blockmapInts=3764|blocklinks=864|rejectBytes=4141
PMLE_LIVE_REPLAY_WINDOW|through_tic=4000|tics=100|wall_ms=3347.792|monotonic_cen
tiseconds=335|monotonic_tps=29.851|memory=iwadBytes=28795076|frameBytes=64000|th
inkers=236|mobjs=227|killMonsters=29|livingMonsters=17|awakeMonsters=15|movingMo
nsters=0|vertexes=1196|segs=2057|sectors=182|subsectors=682|nodes=681|lines=1175
|sides=1829|blockmapInts=3764|blocklinks=864|rejectBytes=4141
PMLE_LIVE_REPLAY_WINDOW|through_tic=4100|tics=100|wall_ms=3074.526|monotonic_cen
tiseconds=319|monotonic_tps=31.348|memory=iwadBytes=28795076|frameBytes=64000|th
inkers=236|mobjs=227|killMonsters=29|livingMonsters=17|awakeMonsters=15|movingMo
nsters=0|vertexes=1196|segs=2057|sectors=182|subsectors=682|nodes=681|lines=1175
|sides=1829|blockmapInts=3764|blocklinks=864|rejectBytes=4141
PMLE_LIVE_REPLAY_WINDOW|through_tic=4200|tics=100|wall_ms=1340.868|monotonic_cen
tiseconds=134|monotonic_tps=74.627|memory=iwadBytes=28795076|frameBytes=64000|th
inkers=234|mobjs=225|killMonsters=29|livingMonsters=17|awakeMonsters=15|movingMo
nsters=0|vertexes=1196|segs=2057|sectors=182|subsectors=682|nodes=681|lines=1175
|sides=1829|blockmapInts=3764|blocklinks=864|rejectBytes=4141
PMLE_LIVE_REPLAY_WINDOW|through_tic=4300|tics=100|wall_ms=1234.237|monotonic_cen
tiseconds=124|monotonic_tps=80.645|memory=iwadBytes=28795076|frameBytes=64000|th
inkers=234|mobjs=225|killMonsters=29|livingMonsters=17|awakeMonsters=15|movingMo
nsters=0|vertexes=1196|segs=2057|sectors=182|subsectors=682|nodes=681|lines=1175
|sides=1829|blockmapInts=3764|blocklinks=864|rejectBytes=4141
PMLE_LIVE_REPLAY_WINDOW|through_tic=4400|tics=100|wall_ms=1130.04|monotonic_cent
iseconds=113|monotonic_tps=88.496|memory=iwadBytes=28795076|frameBytes=64000|thi
nkers=234|mobjs=225|killMonsters=29|livingMonsters=17|awakeMonsters=15|movingMon
sters=0|vertexes=1196|segs=2057|sectors=182|subsectors=682|nodes=681|lines=1175|
sides=1829|blockmapInts=3764|blocklinks=864|rejectBytes=4141
PMLE_LIVE_REPLAY_WINDOW|through_tic=4500|tics=100|wall_ms=1072.434|monotonic_cen
tiseconds=107|monotonic_tps=93.458|memory=iwadBytes=28795076|frameBytes=64000|th
inkers=234|mobjs=225|killMonsters=29|livingMonsters=17|awakeMonsters=15|movingMo
nsters=0|vertexes=1196|segs=2057|sectors=182|subsectors=682|nodes=681|lines=1175
|sides=1829|blockmapInts=3764|blocklinks=864|rejectBytes=4141
PMLE_LIVE_REPLAY_WINDOW|through_tic=4600|tics=100|wall_ms=1063.058|monotonic_cen
tiseconds=107|monotonic_tps=93.458|memory=iwadBytes=28795076|frameBytes=64000|th
inkers=234|mobjs=225|killMonsters=29|livingMonsters=17|awakeMonsters=15|movingMo
nsters=0|vertexes=1196|segs=2057|sectors=182|subsectors=682|nodes=681|lines=1175
|sides=1829|blockmapInts=3764|blocklinks=864|rejectBytes=4141
PMLE_LIVE_REPLAY_WINDOW|through_tic=4700|tics=100|wall_ms=1071.224|monotonic_cen
tiseconds=107|monotonic_tps=93.458|memory=iwadBytes=28795076|frameBytes=64000|th
inkers=234|mobjs=225|killMonsters=29|livingMonsters=17|awakeMonsters=15|movingMo
nsters=0|vertexes=1196|segs=2057|sectors=182|subsectors=682|nodes=681|lines=1175
|sides=1829|blockmapInts=3764|blocklinks=864|rejectBytes=4141
PMLE_LIVE_REPLAY_WINDOW|through_tic=4800|tics=100|wall_ms=927.556|monotonic_cent
iseconds=104|monotonic_tps=96.154|memory=iwadBytes=28795076|frameBytes=64000|thi
nkers=234|mobjs=225|killMonsters=29|livingMonsters=17|awakeMonsters=15|movingMon
sters=0|vertexes=1196|segs=2057|sectors=182|subsectors=682|nodes=681|lines=1175|
sides=1829|blockmapInts=3764|blocklinks=864|rejectBytes=4141
PMLE_LIVE_REPLAY_WINDOW|through_tic=4900|tics=100|wall_ms=1130.399|monotonic_cen
tiseconds=113|monotonic_tps=88.496|memory=iwadBytes=28795076|frameBytes=64000|th
inkers=234|mobjs=225|killMonsters=29|livingMonsters=17|awakeMonsters=15|movingMo
nsters=0|vertexes=1196|segs=2057|sectors=182|subsectors=682|nodes=681|lines=1175
|sides=1829|blockmapInts=3764|blocklinks=864|rejectBytes=4141
PMLE_LIVE_REPLAY_WINDOW|through_tic=5000|tics=100|wall_ms=1052.241|monotonic_cen
tiseconds=105|monotonic_tps=95.238|memory=iwadBytes=28795076|frameBytes=64000|th
inkers=234|mobjs=225|killMonsters=29|livingMonsters=17|awakeMonsters=15|movingMo
nsters=0|vertexes=1196|segs=2057|sectors=182|subsectors=682|nodes=681|lines=1175
|sides=1829|blockmapInts=3764|blocklinks=864|rejectBytes=4141
PMLE_LIVE_REPLAY_WINDOW|through_tic=5100|tics=100|wall_ms=1075.292|monotonic_cen
tiseconds=108|monotonic_tps=92.593|memory=iwadBytes=28795076|frameBytes=64000|th
inkers=234|mobjs=225|killMonsters=29|livingMonsters=17|awakeMonsters=15|movingMo
nsters=0|vertexes=1196|segs=2057|sectors=182|subsectors=682|nodes=681|lines=1175
|sides=1829|blockmapInts=3764|blocklinks=864|rejectBytes=4141
PMLE_LIVE_REPLAY_WINDOW|through_tic=5200|tics=100|wall_ms=1076.773|monotonic_cen
tiseconds=107|monotonic_tps=93.458|memory=iwadBytes=28795076|frameBytes=64000|th
inkers=234|mobjs=225|killMonsters=29|livingMonsters=17|awakeMonsters=15|movingMo
nsters=0|vertexes=1196|segs=2057|sectors=182|subsectors=682|nodes=681|lines=1175
|sides=1829|blockmapInts=3764|blocklinks=864|rejectBytes=4141
PMLE_LIVE_REPLAY_WINDOW|through_tic=5250|tics=50|wall_ms=530.604|monotonic_centi
seconds=53|monotonic_tps=94.34|memory=iwadBytes=28795076|frameBytes=64000|thinke
rs=234|mobjs=225|killMonsters=29|livingMonsters=17|awakeMonsters=15|movingMonste
rs=0|vertexes=1196|segs=2057|sectors=182|subsectors=682|nodes=681|lines=1175|sid
es=1829|blockmapInts=3764|blocklinks=864|rejectBytes=4141
PMLE_LIVE_REPLAY_MEMORY|iwadBytes=28795076|frameBytes=64000|thinkers=234|mobjs=2
25|killMonsters=29|livingMonsters=17|awakeMonsters=15|movingMonsters=0|vertexes=
1196|segs=2057|sectors=182|subsectors=682|nodes=681|lines=1175|sides=1829|blockm
apInts=3764|blocklinks=864|rejectBytes=4141
P_GetNodesVersion: using normal BSP nodes
Max size 65990
PMLE_LIVE_REPLAY_WARM_PREFIX|after_full_tics=5250|tics=500|p50_ms=115.223|p95_ms
=227.746|p99_ms=272.435|max_ms=320.271|throughput_tps=8.337|monotonic_centisecon
ds=6064|monotonic_tps=8.245
