PMLE_HOST_QUIESCENCE|PASS|docker_builds=0|compiles=0|verifiers=0
PMLE_DECPS_ARTIFACT|sha256=5ec18cbe4cff7192d384e81d1010e0133d357d44ff17fa65821e1489c4fd1ee3|bytes=1081335|phase=dual-clock

Session altered.


Session altered.


Session altered.


Session altered.

PMLE_ENVIRONMENT|cpu_count=2|resource_plan=DEFAULT_PLAN|cpu_managed=ON|pdb_cpu_count=2|pdb_utilization_limit=50|pdb_running_sessions_limit=2|pdb_plan=DEFAULT_CDB_PLAN

Session altered.


Session altered.


Session altered.


Session altered.

6 command-line variables
M_LoadDefaults: Load system defaults.
M_Random: Using DelegateRandom.
-iwad specified. Will be used with priority
ITicker: Using nanosecond accuracy timer.
FreeDoom: Phase 1	   v1.9
W_Init: Init WADfiles.
	added freedoom1.wad (zipped: false network: true)
VI_Init: set palettes.
Palette: 3584 colors
VI_Init: set colormaps.
Colormaps: 35
V_Init: allocate screens.
AM_Init: Init Automap colors -
===========================================================================
Copyright © 2001-2017 Contributors to the Freedoom project.
All rights reserved.
See: https://github.com/freedoom/freedoom/blob/master/COPYING.adoc
===========================================================================
Tables.InitTables: Init trigonometric LUTs.
M_Init: Init miscellaneous info.
R_Init: Init DOOM refresh daemon -
P_Init: Init Playloop state.
false NUKAGE1 NUKAGE3 8
false FWATER1 FWATER4 8
false SWATER1 SWATER4 8
false LAVA1 LAVA4 8
false BLOOD1 BLOOD3 8
false RROCK05 RROCK08 8
false SLIME01 SLIME04 8
false SLIME05 SLIME08 8
false SLIME09 SLIME12 8
I_Init: Setting up machine state.
D_CheckNetGame: Checking network game status.
startskill sk_medium  deathmatch: false  startmap: 1  startepisode: 1
player 1 of 1 (1 nodes)
S_Init: Setting up sound.
M_Random: Switching to DoomRandom (new instance)
P_GetNodesVersion: using normal BSP nodes
PMLE_LIVE_REPLAY_INIT|stream=live-dm-2026-07-23|wall_ms=42682.621
PMLE_LIVE_REPLAY_TIC|tic=1|mle_ms=61.591|monotonic_ms=70|clock_delta_ms=8.409|cl
ock_suspect=0
PMLE_LIVE_REPLAY_TIC|tic=2|mle_ms=34.872|monotonic_ms=30|clock_delta_ms=4.872|cl
ock_suspect=0
PMLE_LIVE_REPLAY_TIC|tic=3|mle_ms=19.03|monotonic_ms=20|clock_delta_ms=.97|clock
_suspect=0
PMLE_LIVE_REPLAY_TIC|tic=4|mle_ms=45.034|monotonic_ms=50|clock_delta_ms=4.966|cl
ock_suspect=0
PMLE_LIVE_REPLAY_TIC|tic=5|mle_ms=17.154|monotonic_ms=10|clock_delta_ms=7.154|cl
ock_suspect=0
PMLE_LIVE_REPLAY_TIC|tic=6|mle_ms=30.062|monotonic_ms=30|clock_delta_ms=.062|clo
ck_suspect=0
PMLE_LIVE_REPLAY_TIC|tic=7|mle_ms=101.932|monotonic_ms=100|clock_delta_ms=1.932|
clock_suspect=0
PMLE_LIVE_REPLAY_TIC|tic=8|mle_ms=31.683|monotonic_ms=40|clock_delta_ms=8.317|cl
ock_suspect=0
PMLE_LIVE_REPLAY_TIC|tic=9|mle_ms=73.338|monotonic_ms=70|clock_delta_ms=3.338|cl
ock_suspect=0
PMLE_LIVE_REPLAY_TIC|tic=10|mle_ms=162.974|monotonic_ms=160|clock_delta_ms=2.974
|clock_suspect=0
PMLE_LIVE_REPLAY_TIC|tic=11|mle_ms=57.629|monotonic_ms=60|clock_delta_ms=2.371|c
lock_suspect=0
PMLE_LIVE_REPLAY_TIC|tic=12|mle_ms=37.184|monotonic_ms=40|clock_delta_ms=2.816|c
lock_suspect=0
PMLE_LIVE_REPLAY_TIC|tic=13|mle_ms=105.747|monotonic_ms=100|clock_delta_ms=5.747
|clock_suspect=0
PMLE_LIVE_REPLAY_TIC|tic=14|mle_ms=-12.422|monotonic_ms=120|clock_delta_ms=132.4
22|clock_suspect=1
PMLE_LIVE_REPLAY_TIC|tic=15|mle_ms=80.383|monotonic_ms=80|clock_delta_ms=.383|cl
ock_suspect=0
PMLE_LIVE_REPLAY_TIC|tic=16|mle_ms=101.181|monotonic_ms=100|clock_delta_ms=1.181
|clock_suspect=0
PMLE_LIVE_REPLAY_TIC|tic=17|mle_ms=56.75|monotonic_ms=60|clock_delta_ms=3.25|clo
ck_suspect=0
PMLE_LIVE_REPLAY_TIC|tic=18|mle_ms=70.46|monotonic_ms=70|clock_delta_ms=.46|cloc
k_suspect=0
PMLE_LIVE_REPLAY_TIC|tic=19|mle_ms=104.969|monotonic_ms=100|clock_delta_ms=4.969
|clock_suspect=0
PMLE_LIVE_REPLAY_TIC|tic=20|mle_ms=48.001|monotonic_ms=50|clock_delta_ms=1.999|c
lock_suspect=0
PMLE_LIVE_REPLAY_TIC|tic=21|mle_ms=155.379|monotonic_ms=160|clock_delta_ms=4.621
|clock_suspect=0
PMLE_LIVE_REPLAY_TIC|tic=22|mle_ms=81.169|monotonic_ms=80|clock_delta_ms=1.169|c
lock_suspect=0
PMLE_LIVE_REPLAY_TIC|tic=23|mle_ms=47.261|monotonic_ms=50|clock_delta_ms=2.739|c
lock_suspect=0
PMLE_LIVE_REPLAY_TIC|tic=24|mle_ms=85.243|monotonic_ms=80|clock_delta_ms=5.243|c
lock_suspect=0
PMLE_LIVE_REPLAY_TIC|tic=25|mle_ms=81.999|monotonic_ms=80|clock_delta_ms=1.999|c
lock_suspect=0
PMLE_LIVE_REPLAY_TIC|tic=26|mle_ms=70.153|monotonic_ms=70|clock_delta_ms=.153|cl
ock_suspect=0
PMLE_LIVE_REPLAY_TIC|tic=27|mle_ms=97.122|monotonic_ms=100|clock_delta_ms=2.878|
clock_suspect=0
PMLE_LIVE_REPLAY_TIC|tic=28|mle_ms=115.025|monotonic_ms=120|clock_delta_ms=4.975
|clock_suspect=0
PMLE_LIVE_REPLAY_TIC|tic=29|mle_ms=36.172|monotonic_ms=30|clock_delta_ms=6.172|c
lock_suspect=0
PMLE_LIVE_REPLAY_TIC|tic=30|mle_ms=63.121|monotonic_ms=70|clock_delta_ms=6.879|c
lock_suspect=0
PMLE_LIVE_REPLAY_TIC|tic=31|mle_ms=121.971|monotonic_ms=120|clock_delta_ms=1.971
|clock_suspect=0
PMLE_LIVE_REPLAY_TIC|tic=32|mle_ms=34.318|monotonic_ms=30|clock_delta_ms=4.318|c
lock_suspect=0
PMLE_LIVE_REPLAY_TIC|tic=33|mle_ms=77.56|monotonic_ms=80|clock_delta_ms=2.44|clo
ck_suspect=0
PMLE_LIVE_REPLAY_TIC|tic=34|mle_ms=90.985|monotonic_ms=90|clock_delta_ms=.985|cl
ock_suspect=0
PMLE_LIVE_REPLAY_TIC|tic=35|mle_ms=28.897|monotonic_ms=30|clock_delta_ms=1.103|c
lock_suspect=0
PMLE_LIVE_REPLAY_TIC|tic=36|mle_ms=67.272|monotonic_ms=70|clock_delta_ms=2.728|c
lock_suspect=0
PMLE_LIVE_REPLAY_TIC|tic=37|mle_ms=93.844|monotonic_ms=90|clock_delta_ms=3.844|c
lock_suspect=0
PMLE_LIVE_REPLAY_TIC|tic=38|mle_ms=52.6|monotonic_ms=50|clock_delta_ms=2.6|clock
_suspect=0
PMLE_LIVE_REPLAY_TIC|tic=39|mle_ms=46.554|monotonic_ms=50|clock_delta_ms=3.446|c
lock_suspect=0
PMLE_LIVE_REPLAY_TIC|tic=40|mle_ms=121.808|monotonic_ms=120|clock_delta_ms=1.808
|clock_suspect=0
PMLE_LIVE_REPLAY_TIC|tic=41|mle_ms=59.306|monotonic_ms=60|clock_delta_ms=.694|cl
ock_suspect=0
PMLE_LIVE_REPLAY_TIC|tic=42|mle_ms=49.627|monotonic_ms=50|clock_delta_ms=.373|cl
ock_suspect=0
PMLE_LIVE_REPLAY_TIC|tic=43|mle_ms=111.912|monotonic_ms=110|clock_delta_ms=1.912
|clock_suspect=0
PMLE_LIVE_REPLAY_TIC|tic=44|mle_ms=56.434|monotonic_ms=60|clock_delta_ms=3.566|c
lock_suspect=0
PMLE_LIVE_REPLAY_TIC|tic=45|mle_ms=55.181|monotonic_ms=60|clock_delta_ms=4.819|c
lock_suspect=0
PMLE_LIVE_REPLAY_TIC|tic=46|mle_ms=114.882|monotonic_ms=110|clock_delta_ms=4.882
|clock_suspect=0
PMLE_LIVE_REPLAY_TIC|tic=47|mle_ms=51.066|monotonic_ms=50|clock_delta_ms=1.066|c
lock_suspect=0
PMLE_LIVE_REPLAY_TIC|tic=48|mle_ms=65.57|monotonic_ms=70|clock_delta_ms=4.43|clo
ck_suspect=0
PMLE_LIVE_REPLAY_TIC|tic=49|mle_ms=82.225|monotonic_ms=80|clock_delta_ms=2.225|c
lock_suspect=0
PMLE_LIVE_REPLAY_TIC|tic=50|mle_ms=45.694|monotonic_ms=50|clock_delta_ms=4.306|c
lock_suspect=0
PMLE_LIVE_REPLAY_TIC|tic=51|mle_ms=83.707|monotonic_ms=80|clock_delta_ms=3.707|c
lock_suspect=0
PMLE_LIVE_REPLAY_TIC|tic=52|mle_ms=100.042|monotonic_ms=100|clock_delta_ms=.042|
clock_suspect=0
PMLE_LIVE_REPLAY_TIC|tic=53|mle_ms=38.681|monotonic_ms=40|clock_delta_ms=1.319|c
lock_suspect=0
PMLE_LIVE_REPLAY_TIC|tic=54|mle_ms=63.969|monotonic_ms=60|clock_delta_ms=3.969|c
lock_suspect=0
PMLE_LIVE_REPLAY_TIC|tic=55|mle_ms=87.718|monotonic_ms=90|clock_delta_ms=2.282|c
lock_suspect=0
PMLE_LIVE_REPLAY_TIC|tic=56|mle_ms=41.409|monotonic_ms=40|clock_delta_ms=1.409|c
lock_suspect=0
PMLE_LIVE_REPLAY_TIC|tic=57|mle_ms=54.108|monotonic_ms=60|clock_delta_ms=5.892|c
lock_suspect=0
PMLE_LIVE_REPLAY_TIC|tic=58|mle_ms=118.059|monotonic_ms=110|clock_delta_ms=8.059
|clock_suspect=0
PMLE_LIVE_REPLAY_TIC|tic=59|mle_ms=27.2|monotonic_ms=30|clock_delta_ms=2.8|clock
_suspect=0
PMLE_LIVE_REPLAY_TIC|tic=60|mle_ms=182.742|monotonic_ms=180|clock_delta_ms=2.742
|clock_suspect=0
PMLE_LIVE_REPLAY_TIC|tic=61|mle_ms=150.681|monotonic_ms=150|clock_delta_ms=.681|
clock_suspect=0
PMLE_LIVE_REPLAY_TIC|tic=62|mle_ms=39.097|monotonic_ms=40|clock_delta_ms=.903|cl
ock_suspect=0
PMLE_LIVE_REPLAY_TIC|tic=63|mle_ms=57.421|monotonic_ms=60|clock_delta_ms=2.579|c
lock_suspect=0
PMLE_LIVE_REPLAY_TIC|tic=64|mle_ms=115.823|monotonic_ms=120|clock_delta_ms=4.177
|clock_suspect=0
PMLE_LIVE_REPLAY_TIC|tic=65|mle_ms=22.844|monotonic_ms=20|clock_delta_ms=2.844|c
lock_suspect=0
PMLE_LIVE_REPLAY_TIC|tic=66|mle_ms=93.887|monotonic_ms=90|clock_delta_ms=3.887|c
lock_suspect=0
PMLE_LIVE_REPLAY_TIC|tic=67|mle_ms=110.488|monotonic_ms=110|clock_delta_ms=.488|
clock_suspect=0
PMLE_LIVE_REPLAY_TIC|tic=68|mle_ms=36.652|monotonic_ms=40|clock_delta_ms=3.348|c
lock_suspect=0
PMLE_LIVE_REPLAY_TIC|tic=69|mle_ms=41.929|monotonic_ms=40|clock_delta_ms=1.929|c
lock_suspect=0
PMLE_LIVE_REPLAY_TIC|tic=70|mle_ms=95.315|monotonic_ms=100|clock_delta_ms=4.685|
clock_suspect=0
PMLE_LIVE_REPLAY_TIC|tic=71|mle_ms=65.72|monotonic_ms=60|clock_delta_ms=5.72|clo
ck_suspect=0
PMLE_LIVE_REPLAY_TIC|tic=72|mle_ms=45.003|monotonic_ms=50|clock_delta_ms=4.997|c
lock_suspect=0
PMLE_LIVE_REPLAY_TIC|tic=73|mle_ms=123.92|monotonic_ms=120|clock_delta_ms=3.92|c
lock_suspect=0
PMLE_LIVE_REPLAY_TIC|tic=74|mle_ms=43.403|monotonic_ms=50|clock_delta_ms=6.597|c
lock_suspect=0
PMLE_LIVE_REPLAY_TIC|tic=75|mle_ms=47.881|monotonic_ms=40|clock_delta_ms=7.881|c
lock_suspect=0
PMLE_LIVE_REPLAY_TIC|tic=76|mle_ms=111.127|monotonic_ms=120|clock_delta_ms=8.873
|clock_suspect=0
PMLE_LIVE_REPLAY_TIC|tic=77|mle_ms=51.091|monotonic_ms=50|clock_delta_ms=1.091|c
lock_suspect=0
PMLE_LIVE_REPLAY_TIC|tic=78|mle_ms=51.239|monotonic_ms=50|clock_delta_ms=1.239|c
lock_suspect=0
PMLE_LIVE_REPLAY_TIC|tic=79|mle_ms=97.405|monotonic_ms=100|clock_delta_ms=2.595|
clock_suspect=0
PMLE_LIVE_REPLAY_TIC|tic=80|mle_ms=32.826|monotonic_ms=30|clock_delta_ms=2.826|c
lock_suspect=0
PMLE_LIVE_REPLAY_TIC|tic=81|mle_ms=111.938|monotonic_ms=110|clock_delta_ms=1.938
|clock_suspect=0
PMLE_LIVE_REPLAY_TIC|tic=82|mle_ms=107.088|monotonic_ms=110|clock_delta_ms=2.912
|clock_suspect=0
PMLE_LIVE_REPLAY_TIC|tic=83|mle_ms=53.054|monotonic_ms=50|clock_delta_ms=3.054|c
lock_suspect=0
PMLE_LIVE_REPLAY_TIC|tic=84|mle_ms=59.061|monotonic_ms=60|clock_delta_ms=.939|cl
ock_suspect=0
PMLE_LIVE_REPLAY_TIC|tic=85|mle_ms=92.492|monotonic_ms=90|clock_delta_ms=2.492|c
lock_suspect=0
PMLE_LIVE_REPLAY_TIC|tic=86|mle_ms=59.135|monotonic_ms=60|clock_delta_ms=.865|cl
ock_suspect=0
PMLE_LIVE_REPLAY_TIC|tic=87|mle_ms=72.496|monotonic_ms=70|clock_delta_ms=2.496|c
lock_suspect=0
PMLE_LIVE_REPLAY_TIC|tic=88|mle_ms=110.015|monotonic_ms=120|clock_delta_ms=9.985
|clock_suspect=0
PMLE_LIVE_REPLAY_TIC|tic=89|mle_ms=40.116|monotonic_ms=40|clock_delta_ms=.116|cl
ock_suspect=0
PMLE_LIVE_REPLAY_TIC|tic=90|mle_ms=74.319|monotonic_ms=70|clock_delta_ms=4.319|c
lock_suspect=0
PMLE_LIVE_REPLAY_TIC|tic=91|mle_ms=183.663|monotonic_ms=180|clock_delta_ms=3.663
|clock_suspect=0
PMLE_LIVE_REPLAY_TIC|tic=92|mle_ms=50.425|monotonic_ms=50|clock_delta_ms=.425|cl
ock_suspect=0
PMLE_LIVE_REPLAY_TIC|tic=93|mle_ms=65.984|monotonic_ms=70|clock_delta_ms=4.016|c
lock_suspect=0
PMLE_LIVE_REPLAY_TIC|tic=94|mle_ms=120.99|monotonic_ms=120|clock_delta_ms=.99|cl
ock_suspect=0
PMLE_LIVE_REPLAY_TIC|tic=95|mle_ms=28.805|monotonic_ms=30|clock_delta_ms=1.195|c
lock_suspect=0
PMLE_LIVE_REPLAY_TIC|tic=96|mle_ms=74.554|monotonic_ms=70|clock_delta_ms=4.554|c
lock_suspect=0
PMLE_LIVE_REPLAY_TIC|tic=97|mle_ms=130.99|monotonic_ms=140|clock_delta_ms=9.01|c
lock_suspect=0
PMLE_LIVE_REPLAY_TIC|tic=98|mle_ms=57.704|monotonic_ms=50|clock_delta_ms=7.704|c
lock_suspect=0
PMLE_LIVE_REPLAY_TIC|tic=99|mle_ms=41.966|monotonic_ms=50|clock_delta_ms=8.034|c
lock_suspect=0
PMLE_LIVE_REPLAY_TIC|tic=100|mle_ms=119.49|monotonic_ms=120|clock_delta_ms=.51|c
lock_suspect=0
PMLE_LIVE_REPLAY_TIC|tic=101|mle_ms=72.749|monotonic_ms=70|clock_delta_ms=2.749|
clock_suspect=0
PMLE_LIVE_REPLAY_TIC|tic=102|mle_ms=49.941|monotonic_ms=50|clock_delta_ms=.059|c
lock_suspect=0
PMLE_LIVE_REPLAY_TIC|tic=103|mle_ms=112.776|monotonic_ms=120|clock_delta_ms=7.22
4|clock_suspect=0
PMLE_LIVE_REPLAY_TIC|tic=104|mle_ms=44.988|monotonic_ms=40|clock_delta_ms=4.988|
clock_suspect=0
PMLE_LIVE_REPLAY_TIC|tic=105|mle_ms=29.019|monotonic_ms=30|clock_delta_ms=.981|c
lock_suspect=0
PMLE_LIVE_REPLAY_TIC|tic=106|mle_ms=106.612|monotonic_ms=110|clock_delta_ms=3.38
8|clock_suspect=0
PMLE_LIVE_REPLAY_TIC|tic=107|mle_ms=66.992|monotonic_ms=70|clock_delta_ms=3.008|
clock_suspect=0
PMLE_LIVE_REPLAY_TIC|tic=108|mle_ms=60.163|monotonic_ms=60|clock_delta_ms=.163|c
lock_suspect=0
PMLE_LIVE_REPLAY_TIC|tic=109|mle_ms=96.773|monotonic_ms=90|clock_delta_ms=6.773|
clock_suspect=0
PMLE_LIVE_REPLAY_TIC|tic=110|mle_ms=31.741|monotonic_ms=30|clock_delta_ms=1.741|
clock_suspect=0
PMLE_LIVE_REPLAY_TIC|tic=111|mle_ms=184.103|monotonic_ms=190|clock_delta_ms=5.89
7|clock_suspect=0
PMLE_LIVE_REPLAY_TIC|tic=112|mle_ms=99.71|monotonic_ms=100|clock_delta_ms=.29|cl
ock_suspect=0
PMLE_LIVE_REPLAY_TIC|tic=113|mle_ms=52.526|monotonic_ms=50|clock_delta_ms=2.526|
clock_suspect=0
PMLE_LIVE_REPLAY_TIC|tic=114|mle_ms=82.083|monotonic_ms=80|clock_delta_ms=2.083|
clock_suspect=0
PMLE_LIVE_REPLAY_TIC|tic=115|mle_ms=103.501|monotonic_ms=110|clock_delta_ms=6.49
9|clock_suspect=0
PMLE_LIVE_REPLAY_TIC|tic=116|mle_ms=62.715|monotonic_ms=60|clock_delta_ms=2.715|
clock_suspect=0
PMLE_LIVE_REPLAY_TIC|tic=117|mle_ms=85.041|monotonic_ms=80|clock_delta_ms=5.041|
clock_suspect=0
PMLE_LIVE_REPLAY_TIC|tic=118|mle_ms=144.163|monotonic_ms=150|clock_delta_ms=5.83
7|clock_suspect=0
PMLE_LIVE_REPLAY_TIC|tic=119|mle_ms=29.669|monotonic_ms=30|clock_delta_ms=.331|c
lock_suspect=0
PMLE_LIVE_REPLAY_TIC|tic=120|mle_ms=55.375|monotonic_ms=50|clock_delta_ms=5.375|
clock_suspect=0
PMLE_LIVE_REPLAY_TIC|tic=121|mle_ms=135.207|monotonic_ms=140|clock_delta_ms=4.79
3|clock_suspect=0
PMLE_LIVE_REPLAY_TIC|tic=122|mle_ms=34.358|monotonic_ms=30|clock_delta_ms=4.358|
clock_suspect=0
PMLE_LIVE_REPLAY_TIC|tic=123|mle_ms=88.831|monotonic_ms=90|clock_delta_ms=1.169|
clock_suspect=0
PMLE_LIVE_REPLAY_TIC|tic=124|mle_ms=123.871|monotonic_ms=130|clock_delta_ms=6.12
9|clock_suspect=0
PMLE_LIVE_REPLAY_TIC|tic=125|mle_ms=36.078|monotonic_ms=30|clock_delta_ms=6.078|
clock_suspect=0
PMLE_LIVE_REPLAY_TIC|tic=126|mle_ms=80.925|monotonic_ms=80|clock_delta_ms=.925|c
lock_suspect=0
PMLE_LIVE_REPLAY_TIC|tic=127|mle_ms=125.31|monotonic_ms=130|clock_delta_ms=4.69|
clock_suspect=0
PMLE_LIVE_REPLAY_TIC|tic=128|mle_ms=49.612|monotonic_ms=50|clock_delta_ms=.388|c
lock_suspect=0
PMLE_LIVE_REPLAY_TIC|tic=129|mle_ms=76.386|monotonic_ms=80|clock_delta_ms=3.614|
clock_suspect=0
PMLE_LIVE_REPLAY_TIC|tic=130|mle_ms=198.854|monotonic_ms=190|clock_delta_ms=8.85
4|clock_suspect=0
PMLE_LIVE_REPLAY_TIC|tic=131|mle_ms=88.658|monotonic_ms=90|clock_delta_ms=1.342|
clock_suspect=0
PMLE_LIVE_REPLAY_TIC|tic=132|mle_ms=48.708|monotonic_ms=50|clock_delta_ms=1.292|
clock_suspect=0
PMLE_LIVE_REPLAY_TIC|tic=133|mle_ms=139.127|monotonic_ms=140|clock_delta_ms=.873
|clock_suspect=0
PMLE_LIVE_REPLAY_TIC|tic=134|mle_ms=132.07|monotonic_ms=130|clock_delta_ms=2.07|
clock_suspect=0
PMLE_LIVE_REPLAY_TIC|tic=135|mle_ms=56.529|monotonic_ms=60|clock_delta_ms=3.471|
clock_suspect=0
PMLE_LIVE_REPLAY_TIC|tic=136|mle_ms=105.998|monotonic_ms=110|clock_delta_ms=4.00
2|clock_suspect=0
PMLE_LIVE_REPLAY_TIC|tic=137|mle_ms=104.885|monotonic_ms=100|clock_delta_ms=4.88
5|clock_suspect=0
PMLE_LIVE_REPLAY_TIC|tic=138|mle_ms=89.626|monotonic_ms=90|clock_delta_ms=.374|c
lock_suspect=0
PMLE_LIVE_REPLAY_TIC|tic=139|mle_ms=140.23|monotonic_ms=140|clock_delta_ms=.23|c
lock_suspect=0
PMLE_LIVE_REPLAY_TIC|tic=140|mle_ms=60.486|monotonic_ms=60|clock_delta_ms=.486|c
lock_suspect=0
PMLE_LIVE_REPLAY_TIC|tic=141|mle_ms=95.608|monotonic_ms=100|clock_delta_ms=4.392
|clock_suspect=0
PMLE_LIVE_REPLAY_TIC|tic=142|mle_ms=115.641|monotonic_ms=110|clock_delta_ms=5.64
1|clock_suspect=0
PMLE_LIVE_REPLAY_TIC|tic=143|mle_ms=129.724|monotonic_ms=130|clock_delta_ms=.276
|clock_suspect=0
PMLE_LIVE_REPLAY_TIC|tic=144|mle_ms=65.945|monotonic_ms=70|clock_delta_ms=4.055|
clock_suspect=0
PMLE_LIVE_REPLAY_TIC|tic=145|mle_ms=87.833|monotonic_ms=90|clock_delta_ms=2.167|
clock_suspect=0
PMLE_LIVE_REPLAY_TIC|tic=146|mle_ms=94.413|monotonic_ms=90|clock_delta_ms=4.413|
clock_suspect=0
PMLE_LIVE_REPLAY_TIC|tic=147|mle_ms=71.885|monotonic_ms=70|clock_delta_ms=1.885|
clock_suspect=0
PMLE_LIVE_REPLAY_TIC|tic=148|mle_ms=144.85|monotonic_ms=150|clock_delta_ms=5.15|
clock_suspect=0
PMLE_LIVE_REPLAY_TIC|tic=149|mle_ms=178.997|monotonic_ms=180|clock_delta_ms=1.00
3|clock_suspect=0
PMLE_LIVE_REPLAY_TIC|tic=150|mle_ms=80.647|monotonic_ms=80|clock_delta_ms=.647|c
lock_suspect=0
PMLE_LIVE_REPLAY_TIC|tic=151|mle_ms=114.353|monotonic_ms=110|clock_delta_ms=4.35
3|clock_suspect=0
PMLE_LIVE_REPLAY_TIC|tic=152|mle_ms=57.702|monotonic_ms=60|clock_delta_ms=2.298|
clock_suspect=0
PMLE_LIVE_REPLAY_TIC|tic=153|mle_ms=142.611|monotonic_ms=140|clock_delta_ms=2.61
1|clock_suspect=0
PMLE_LIVE_REPLAY_TIC|tic=154|mle_ms=118.326|monotonic_ms=120|clock_delta_ms=1.67
4|clock_suspect=0
PMLE_LIVE_REPLAY_TIC|tic=155|mle_ms=76.544|monotonic_ms=80|clock_delta_ms=3.456|
clock_suspect=0
PMLE_LIVE_REPLAY_TIC|tic=156|mle_ms=85.799|monotonic_ms=80|clock_delta_ms=5.799|
clock_suspect=0
PMLE_LIVE_REPLAY_TIC|tic=157|mle_ms=142.663|monotonic_ms=150|clock_delta_ms=7.33
7|clock_suspect=0
PMLE_LIVE_REPLAY_TIC|tic=158|mle_ms=83.429|monotonic_ms=80|clock_delta_ms=3.429|
clock_suspect=0
PMLE_LIVE_REPLAY_TIC|tic=159|mle_ms=222.383|monotonic_ms=220|clock_delta_ms=2.38
3|clock_suspect=0
PMLE_LIVE_REPLAY_TIC|tic=160|mle_ms=88.391|monotonic_ms=90|clock_delta_ms=1.609|
clock_suspect=0
PMLE_LIVE_REPLAY_TIC|tic=161|mle_ms=104.539|monotonic_ms=110|clock_delta_ms=5.46
1|clock_suspect=0
PMLE_LIVE_REPLAY_TIC|tic=162|mle_ms=81.782|monotonic_ms=80|clock_delta_ms=1.782|
clock_suspect=0
PMLE_LIVE_REPLAY_TIC|tic=163|mle_ms=136.384|monotonic_ms=130|clock_delta_ms=6.38
4|clock_suspect=0
PMLE_LIVE_REPLAY_TIC|tic=164|mle_ms=56.083|monotonic_ms=60|clock_delta_ms=3.917|
clock_suspect=0
PMLE_LIVE_REPLAY_TIC|tic=165|mle_ms=57.517|monotonic_ms=60|clock_delta_ms=2.483|
clock_suspect=0
PMLE_LIVE_REPLAY_TIC|tic=166|mle_ms=126.313|monotonic_ms=120|clock_delta_ms=6.31
3|clock_suspect=0
PMLE_LIVE_REPLAY_TIC|tic=167|mle_ms=67.225|monotonic_ms=70|clock_delta_ms=2.775|
clock_suspect=0
PMLE_LIVE_REPLAY_TIC|tic=168|mle_ms=178.617|monotonic_ms=180|clock_delta_ms=1.38
3|clock_suspect=0
PMLE_LIVE_REPLAY_TIC|tic=169|mle_ms=146.868|monotonic_ms=150|clock_delta_ms=3.13
2|clock_suspect=0
PMLE_LIVE_REPLAY_TIC|tic=170|mle_ms=117.085|monotonic_ms=110|clock_delta_ms=7.08
5|clock_suspect=0
PMLE_LIVE_REPLAY_TIC|tic=171|mle_ms=106.095|monotonic_ms=110|clock_delta_ms=3.90
5|clock_suspect=0
PMLE_LIVE_REPLAY_TIC|tic=172|mle_ms=165.775|monotonic_ms=170|clock_delta_ms=4.22
5|clock_suspect=0
PMLE_LIVE_REPLAY_TIC|tic=173|mle_ms=94.547|monotonic_ms=90|clock_delta_ms=4.547|
clock_suspect=0
PMLE_LIVE_REPLAY_TIC|tic=174|mle_ms=130.962|monotonic_ms=130|clock_delta_ms=.962
|clock_suspect=0
PMLE_LIVE_REPLAY_TIC|tic=175|mle_ms=116.326|monotonic_ms=120|clock_delta_ms=3.67
4|clock_suspect=0
PMLE_LIVE_REPLAY_TIC|tic=176|mle_ms=99.815|monotonic_ms=100|clock_delta_ms=.185|
clock_suspect=0
PMLE_LIVE_REPLAY_TIC|tic=177|mle_ms=101.995|monotonic_ms=100|clock_delta_ms=1.99
5|clock_suspect=0
PMLE_LIVE_REPLAY_TIC|tic=178|mle_ms=153.136|monotonic_ms=150|clock_delta_ms=3.13
6|clock_suspect=0
PMLE_LIVE_REPLAY_TIC|tic=179|mle_ms=99.505|monotonic_ms=100|clock_delta_ms=.495|
clock_suspect=0
PMLE_LIVE_REPLAY_TIC|tic=180|mle_ms=103.121|monotonic_ms=110|clock_delta_ms=6.87
9|clock_suspect=0
PMLE_LIVE_REPLAY_TIC|tic=181|mle_ms=159.445|monotonic_ms=160|clock_delta_ms=.555
|clock_suspect=0
PMLE_LIVE_REPLAY_TIC|tic=182|mle_ms=126.152|monotonic_ms=120|clock_delta_ms=6.15
2|clock_suspect=0
PMLE_LIVE_REPLAY_TIC|tic=183|mle_ms=188.509|monotonic_ms=190|clock_delta_ms=1.49
1|clock_suspect=0
PMLE_LIVE_REPLAY_TIC|tic=184|mle_ms=154.01|monotonic_ms=150|clock_delta_ms=4.01|
clock_suspect=0
PMLE_LIVE_REPLAY_TIC|tic=185|mle_ms=246.792|monotonic_ms=250|clock_delta_ms=3.20
8|clock_suspect=0
PMLE_LIVE_REPLAY_TIC|tic=186|mle_ms=140.963|monotonic_ms=140|clock_delta_ms=.963
|clock_suspect=0
PMLE_LIVE_REPLAY_TIC|tic=187|mle_ms=244.186|monotonic_ms=250|clock_delta_ms=5.81
4|clock_suspect=0
PMLE_LIVE_REPLAY_TIC|tic=188|mle_ms=130.496|monotonic_ms=130|clock_delta_ms=.496
|clock_suspect=0
PMLE_LIVE_REPLAY_TIC|tic=189|mle_ms=199.194|monotonic_ms=200|clock_delta_ms=.806
|clock_suspect=0
PMLE_LIVE_REPLAY_TIC|tic=190|mle_ms=152.913|monotonic_ms=150|clock_delta_ms=2.91
3|clock_suspect=0
PMLE_LIVE_REPLAY_TIC|tic=191|mle_ms=199.311|monotonic_ms=200|clock_delta_ms=.689
|clock_suspect=0
PMLE_LIVE_REPLAY_TIC|tic=192|mle_ms=102.802|monotonic_ms=100|clock_delta_ms=2.80
2|clock_suspect=0
PMLE_LIVE_REPLAY_TIC|tic=193|mle_ms=146.258|monotonic_ms=150|clock_delta_ms=3.74
2|clock_suspect=0
PMLE_LIVE_REPLAY_TIC|tic=194|mle_ms=166.123|monotonic_ms=160|clock_delta_ms=6.12
3|clock_suspect=0
PMLE_LIVE_REPLAY_TIC|tic=195|mle_ms=97.758|monotonic_ms=100|clock_delta_ms=2.242
|clock_suspect=0
PMLE_LIVE_REPLAY_TIC|tic=196|mle_ms=137.592|monotonic_ms=140|clock_delta_ms=2.40
8|clock_suspect=0
PMLE_LIVE_REPLAY_TIC|tic=197|mle_ms=178.958|monotonic_ms=180|clock_delta_ms=1.04
2|clock_suspect=0
PMLE_LIVE_REPLAY_TIC|tic=198|mle_ms=151.715|monotonic_ms=150|clock_delta_ms=1.71
5|clock_suspect=0
PMLE_LIVE_REPLAY_TIC|tic=199|mle_ms=128.412|monotonic_ms=130|clock_delta_ms=1.58
8|clock_suspect=0
PMLE_LIVE_REPLAY_TIC|tic=200|mle_ms=121.614|monotonic_ms=120|clock_delta_ms=1.61
4|clock_suspect=0
PMLE_LIVE_REPLAY_TIC|tic=201|mle_ms=156.414|monotonic_ms=160|clock_delta_ms=3.58
6|clock_suspect=0
PMLE_LIVE_REPLAY_TIC|tic=202|mle_ms=133.588|monotonic_ms=130|clock_delta_ms=3.58
8|clock_suspect=0
PMLE_LIVE_REPLAY_TIC|tic=203|mle_ms=172.156|monotonic_ms=180|clock_delta_ms=7.84
4|clock_suspect=0
PMLE_LIVE_REPLAY_TIC|tic=204|mle_ms=105.074|monotonic_ms=100|clock_delta_ms=5.07
4|clock_suspect=0
PMLE_LIVE_REPLAY_TIC|tic=205|mle_ms=151.777|monotonic_ms=150|clock_delta_ms=1.77
7|clock_suspect=0
PMLE_LIVE_REPLAY_TIC|tic=206|mle_ms=324.078|monotonic_ms=330|clock_delta_ms=5.92
2|clock_suspect=0
PMLE_LIVE_REPLAY_TIC|tic=207|mle_ms=123.27|monotonic_ms=120|clock_delta_ms=3.27|
clock_suspect=0
PMLE_LIVE_REPLAY_TIC|tic=208|mle_ms=277.985|monotonic_ms=280|clock_delta_ms=2.01
5|clock_suspect=0
PMLE_LIVE_REPLAY_TIC|tic=209|mle_ms=139.883|monotonic_ms=140|clock_delta_ms=.117
|clock_suspect=0
PMLE_LIVE_REPLAY_TIC|tic=210|mle_ms=197.826|monotonic_ms=200|clock_delta_ms=2.17
4|clock_suspect=0
PMLE_LIVE_REPLAY_TIC|tic=211|mle_ms=168.763|monotonic_ms=160|clock_delta_ms=8.76
3|clock_suspect=0
PMLE_LIVE_REPLAY_TIC|tic=212|mle_ms=313.161|monotonic_ms=320|clock_delta_ms=6.83
9|clock_suspect=0
PMLE_LIVE_REPLAY_TIC|tic=213|mle_ms=-21.591|monotonic_ms=100|clock_delta_ms=121.
591|clock_suspect=1
PMLE_LIVE_REPLAY_TIC|tic=214|mle_ms=138.365|monotonic_ms=140|clock_delta_ms=1.63
5|clock_suspect=0
PMLE_LIVE_REPLAY_TIC|tic=215|mle_ms=130.918|monotonic_ms=130|clock_delta_ms=.918
|clock_suspect=0
PMLE_LIVE_REPLAY_TIC|tic=216|mle_ms=88.371|monotonic_ms=90|clock_delta_ms=1.629|
clock_suspect=0
PMLE_LIVE_REPLAY_TIC|tic=217|mle_ms=110.408|monotonic_ms=110|clock_delta_ms=.408
|clock_suspect=0
PMLE_LIVE_REPLAY_TIC|tic=218|mle_ms=140.073|monotonic_ms=140|clock_delta_ms=.073
|clock_suspect=0
PMLE_LIVE_REPLAY_TIC|tic=219|mle_ms=73.546|monotonic_ms=80|clock_delta_ms=6.454|
clock_suspect=0
PMLE_LIVE_REPLAY_TIC|tic=220|mle_ms=140.786|monotonic_ms=140|clock_delta_ms=.786
|clock_suspect=0
PMLE_LIVE_REPLAY_TIC|tic=221|mle_ms=161.65|monotonic_ms=160|clock_delta_ms=1.65|
clock_suspect=0
PMLE_LIVE_REPLAY_TIC|tic=222|mle_ms=97.002|monotonic_ms=100|clock_delta_ms=2.998
|clock_suspect=0
PMLE_LIVE_REPLAY_TIC|tic=223|mle_ms=168.775|monotonic_ms=160|clock_delta_ms=8.77
5|clock_suspect=0
PMLE_LIVE_REPLAY_TIC|tic=224|mle_ms=127.52|monotonic_ms=130|clock_delta_ms=2.48|
clock_suspect=0
PMLE_LIVE_REPLAY_TIC|tic=225|mle_ms=178.027|monotonic_ms=180|clock_delta_ms=1.97
3|clock_suspect=0
PMLE_LIVE_REPLAY_TIC|tic=226|mle_ms=193.443|monotonic_ms=190|clock_delta_ms=3.44
3|clock_suspect=0
PMLE_LIVE_REPLAY_TIC|tic=227|mle_ms=152.106|monotonic_ms=160|clock_delta_ms=7.89
4|clock_suspect=0
PMLE_LIVE_REPLAY_TIC|tic=228|mle_ms=101.112|monotonic_ms=100|clock_delta_ms=1.11
2|clock_suspect=0
PMLE_LIVE_REPLAY_TIC|tic=229|mle_ms=199.847|monotonic_ms=200|clock_delta_ms=.153
|clock_suspect=0
PMLE_LIVE_REPLAY_TIC|tic=230|mle_ms=224.097|monotonic_ms=220|clock_delta_ms=4.09
7|clock_suspect=0
PMLE_LIVE_REPLAY_TIC|tic=231|mle_ms=158.215|monotonic_ms=160|clock_delta_ms=1.78
5|clock_suspect=0
PMLE_LIVE_REPLAY_TIC|tic=232|mle_ms=135.11|monotonic_ms=130|clock_delta_ms=5.11|
clock_suspect=0
PMLE_LIVE_REPLAY_TIC|tic=233|mle_ms=185.277|monotonic_ms=180|clock_delta_ms=5.27
7|clock_suspect=0
PMLE_LIVE_REPLAY_TIC|tic=234|mle_ms=97.462|monotonic_ms=100|clock_delta_ms=2.538
|clock_suspect=0
PMLE_LIVE_REPLAY_TIC|tic=235|mle_ms=132.051|monotonic_ms=130|clock_delta_ms=2.05
1|clock_suspect=0
PMLE_LIVE_REPLAY_TIC|tic=236|mle_ms=195.7|monotonic_ms=200|clock_delta_ms=4.3|cl
ock_suspect=0
PMLE_LIVE_REPLAY_TIC|tic=237|mle_ms=89.216|monotonic_ms=90|clock_delta_ms=.784|c
lock_suspect=0
PMLE_LIVE_REPLAY_TIC|tic=238|mle_ms=134.442|monotonic_ms=130|clock_delta_ms=4.44
2|clock_suspect=0
PMLE_LIVE_REPLAY_TIC|tic=239|mle_ms=111.873|monotonic_ms=110|clock_delta_ms=1.87
3|clock_suspect=0
PMLE_LIVE_REPLAY_TIC|tic=240|mle_ms=54.754|monotonic_ms=60|clock_delta_ms=5.246|
clock_suspect=0
PMLE_LIVE_REPLAY_TIC|tic=241|mle_ms=176.823|monotonic_ms=170|clock_delta_ms=6.82
3|clock_suspect=0
PMLE_LIVE_REPLAY_TIC|tic=242|mle_ms=97.989|monotonic_ms=100|clock_delta_ms=2.011
|clock_suspect=0
PMLE_LIVE_REPLAY_TIC|tic=243|mle_ms=125.08|monotonic_ms=130|clock_delta_ms=4.92|
clock_suspect=0
PMLE_LIVE_REPLAY_TIC|tic=244|mle_ms=294.803|monotonic_ms=290|clock_delta_ms=4.80
3|clock_suspect=0
PMLE_LIVE_REPLAY_TIC|tic=245|mle_ms=237.673|monotonic_ms=240|clock_delta_ms=2.32
7|clock_suspect=0
PMLE_LIVE_REPLAY_TIC|tic=246|mle_ms=90.225|monotonic_ms=90|clock_delta_ms=.225|c
lock_suspect=0
PMLE_LIVE_REPLAY_TIC|tic=247|mle_ms=149.675|monotonic_ms=150|clock_delta_ms=.325
|clock_suspect=0
PMLE_LIVE_REPLAY_TIC|tic=248|mle_ms=126.824|monotonic_ms=130|clock_delta_ms=3.17
6|clock_suspect=0
PMLE_LIVE_REPLAY_TIC|tic=249|mle_ms=101.061|monotonic_ms=100|clock_delta_ms=1.06
1|clock_suspect=0
PMLE_LIVE_REPLAY_TIC|tic=250|mle_ms=134.215|monotonic_ms=130|clock_delta_ms=4.21
5|clock_suspect=0
PMLE_LIVE_REPLAY_TIC|tic=251|mle_ms=182.6|monotonic_ms=180|clock_delta_ms=2.6|cl
ock_suspect=0
PMLE_LIVE_REPLAY_TIC|tic=252|mle_ms=52.48|monotonic_ms=60|clock_delta_ms=7.52|cl
ock_suspect=0
PMLE_LIVE_REPLAY_TIC|tic=253|mle_ms=162.841|monotonic_ms=160|clock_delta_ms=2.84
1|clock_suspect=0
PMLE_LIVE_REPLAY_TIC|tic=254|mle_ms=114.186|monotonic_ms=110|clock_delta_ms=4.18
6|clock_suspect=0
PMLE_LIVE_REPLAY_TIC|tic=255|mle_ms=84.619|monotonic_ms=90|clock_delta_ms=5.381|
clock_suspect=0
PMLE_LIVE_REPLAY_TIC|tic=256|mle_ms=132.85|monotonic_ms=130|clock_delta_ms=2.85|
clock_suspect=0
PMLE_LIVE_REPLAY_TIC|tic=257|mle_ms=124.314|monotonic_ms=130|clock_delta_ms=5.68
6|clock_suspect=0
PMLE_LIVE_REPLAY_TIC|tic=258|mle_ms=73.372|monotonic_ms=70|clock_delta_ms=3.372|
clock_suspect=0
PMLE_LIVE_REPLAY_TIC|tic=259|mle_ms=117.785|monotonic_ms=120|clock_delta_ms=2.21
5|clock_suspect=0
PMLE_LIVE_REPLAY_TIC|tic=260|mle_ms=118.815|monotonic_ms=120|clock_delta_ms=1.18
5|clock_suspect=0
PMLE_LIVE_REPLAY_TIC|tic=261|mle_ms=131.875|monotonic_ms=130|clock_delta_ms=1.87
5|clock_suspect=0
PMLE_LIVE_REPLAY_TIC|tic=262|mle_ms=133.399|monotonic_ms=130|clock_delta_ms=3.39
9|clock_suspect=0
PMLE_LIVE_REPLAY_TIC|tic=263|mle_ms=118.41|monotonic_ms=120|clock_delta_ms=1.59|
clock_suspect=0
PMLE_LIVE_REPLAY_TIC|tic=264|mle_ms=170.684|monotonic_ms=170|clock_delta_ms=.684
|clock_suspect=0
PMLE_LIVE_REPLAY_TIC|tic=265|mle_ms=140.315|monotonic_ms=140|clock_delta_ms=.315
|clock_suspect=0
PMLE_LIVE_REPLAY_TIC|tic=266|mle_ms=119.882|monotonic_ms=120|clock_delta_ms=.118
|clock_suspect=0
PMLE_LIVE_REPLAY_TIC|tic=267|mle_ms=250.778|monotonic_ms=250|clock_delta_ms=.778
|clock_suspect=0
PMLE_LIVE_REPLAY_TIC|tic=268|mle_ms=163.597|monotonic_ms=170|clock_delta_ms=6.40
3|clock_suspect=0
PMLE_LIVE_REPLAY_TIC|tic=269|mle_ms=101.854|monotonic_ms=100|clock_delta_ms=1.85
4|clock_suspect=0
PMLE_LIVE_REPLAY_TIC|tic=270|mle_ms=78.771|monotonic_ms=80|clock_delta_ms=1.229|
clock_suspect=0
PMLE_LIVE_REPLAY_TIC|tic=271|mle_ms=221.702|monotonic_ms=220|clock_delta_ms=1.70
2|clock_suspect=0
PMLE_LIVE_REPLAY_TIC|tic=272|mle_ms=150.05|monotonic_ms=150|clock_delta_ms=.05|c
lock_suspect=0
PMLE_LIVE_REPLAY_TIC|tic=273|mle_ms=151.689|monotonic_ms=150|clock_delta_ms=1.68
9|clock_suspect=0
PMLE_LIVE_REPLAY_TIC|tic=274|mle_ms=149.185|monotonic_ms=150|clock_delta_ms=.815
|clock_suspect=0
PMLE_LIVE_REPLAY_TIC|tic=275|mle_ms=105.488|monotonic_ms=110|clock_delta_ms=4.51
2|clock_suspect=0
PMLE_LIVE_REPLAY_TIC|tic=276|mle_ms=110.949|monotonic_ms=110|clock_delta_ms=.949
|clock_suspect=0
PMLE_LIVE_REPLAY_TIC|tic=277|mle_ms=195.693|monotonic_ms=190|clock_delta_ms=5.69
3|clock_suspect=0
PMLE_LIVE_REPLAY_TIC|tic=278|mle_ms=112.865|monotonic_ms=110|clock_delta_ms=2.86
5|clock_suspect=0
PMLE_LIVE_REPLAY_TIC|tic=279|mle_ms=176.599|monotonic_ms=180|clock_delta_ms=3.40
1|clock_suspect=0
PMLE_LIVE_REPLAY_TIC|tic=280|mle_ms=125.198|monotonic_ms=130|clock_delta_ms=4.80
2|clock_suspect=0
PMLE_LIVE_REPLAY_TIC|tic=281|mle_ms=151.713|monotonic_ms=150|clock_delta_ms=1.71
3|clock_suspect=0
PMLE_LIVE_REPLAY_TIC|tic=282|mle_ms=90.99|monotonic_ms=90|clock_delta_ms=.99|clo
ck_suspect=0
PMLE_LIVE_REPLAY_TIC|tic=283|mle_ms=252.797|monotonic_ms=250|clock_delta_ms=2.79
7|clock_suspect=0
PMLE_LIVE_REPLAY_TIC|tic=284|mle_ms=85.79|monotonic_ms=90|clock_delta_ms=4.21|cl
ock_suspect=0
PMLE_LIVE_REPLAY_TIC|tic=285|mle_ms=71.71|monotonic_ms=70|clock_delta_ms=1.71|cl
ock_suspect=0
PMLE_LIVE_REPLAY_TIC|tic=286|mle_ms=165.523|monotonic_ms=170|clock_delta_ms=4.47
7|clock_suspect=0
PMLE_LIVE_REPLAY_TIC|tic=287|mle_ms=180.392|monotonic_ms=180|clock_delta_ms=.392
|clock_suspect=0
PMLE_LIVE_REPLAY_TIC|tic=288|mle_ms=95.518|monotonic_ms=90|clock_delta_ms=5.518|
clock_suspect=0
PMLE_LIVE_REPLAY_TIC|tic=289|mle_ms=132.924|monotonic_ms=130|clock_delta_ms=2.92
4|clock_suspect=0
PMLE_LIVE_REPLAY_TIC|tic=290|mle_ms=103.39|monotonic_ms=110|clock_delta_ms=6.61|
clock_suspect=0
PMLE_LIVE_REPLAY_TIC|tic=291|mle_ms=131.31|monotonic_ms=130|clock_delta_ms=1.31|
clock_suspect=0
PMLE_LIVE_REPLAY_TIC|tic=292|mle_ms=133.746|monotonic_ms=130|clock_delta_ms=3.74
6|clock_suspect=0
PMLE_LIVE_REPLAY_TIC|tic=293|mle_ms=274.736|monotonic_ms=280|clock_delta_ms=5.26
4|clock_suspect=0
PMLE_LIVE_REPLAY_TIC|tic=294|mle_ms=114.188|monotonic_ms=110|clock_delta_ms=4.18
8|clock_suspect=0
PMLE_LIVE_REPLAY_TIC|tic=295|mle_ms=144.388|monotonic_ms=150|clock_delta_ms=5.61
2|clock_suspect=0
PMLE_LIVE_REPLAY_TIC|tic=296|mle_ms=103.375|monotonic_ms=100|clock_delta_ms=3.37
5|clock_suspect=0
PMLE_LIVE_REPLAY_TIC|tic=297|mle_ms=231.096|monotonic_ms=230|clock_delta_ms=1.09
6|clock_suspect=0
PMLE_LIVE_REPLAY_TIC|tic=298|mle_ms=142.395|monotonic_ms=140|clock_delta_ms=2.39
5|clock_suspect=0
PMLE_LIVE_REPLAY_TIC|tic=299|mle_ms=84.418|monotonic_ms=90|clock_delta_ms=5.582|
clock_suspect=0
PMLE_LIVE_REPLAY_TIC|tic=300|mle_ms=87.803|monotonic_ms=90|clock_delta_ms=2.197|
clock_suspect=0
PMLE_LIVE_REPLAY_TIC|tic=301|mle_ms=239.324|monotonic_ms=240|clock_delta_ms=.676
|clock_suspect=0
PMLE_LIVE_REPLAY_TIC|tic=302|mle_ms=96.192|monotonic_ms=90|clock_delta_ms=6.192|
clock_suspect=0
PMLE_LIVE_REPLAY_TIC|tic=303|mle_ms=188.701|monotonic_ms=190|clock_delta_ms=1.29
9|clock_suspect=0
PMLE_LIVE_REPLAY_TIC|tic=304|mle_ms=96.513|monotonic_ms=100|clock_delta_ms=3.487
|clock_suspect=0
PMLE_LIVE_REPLAY_TIC|tic=305|mle_ms=94.753|monotonic_ms=90|clock_delta_ms=4.753|
clock_suspect=0
PMLE_LIVE_REPLAY_TIC|tic=306|mle_ms=111.486|monotonic_ms=110|clock_delta_ms=1.48
6|clock_suspect=0
PMLE_LIVE_REPLAY_TIC|tic=307|mle_ms=240.531|monotonic_ms=240|clock_delta_ms=.531
|clock_suspect=0
PMLE_LIVE_REPLAY_TIC|tic=308|mle_ms=91.132|monotonic_ms=100|clock_delta_ms=8.868
|clock_suspect=0
PMLE_LIVE_REPLAY_TIC|tic=309|mle_ms=99.489|monotonic_ms=90|clock_delta_ms=9.489|
clock_suspect=0
PMLE_LIVE_REPLAY_TIC|tic=310|mle_ms=183.739|monotonic_ms=190|clock_delta_ms=6.26
1|clock_suspect=0
PMLE_LIVE_REPLAY_TIC|tic=311|mle_ms=210.175|monotonic_ms=210|clock_delta_ms=.175
|clock_suspect=0
PMLE_LIVE_REPLAY_TIC|tic=312|mle_ms=63.703|monotonic_ms=60|clock_delta_ms=3.703|
clock_suspect=0
PMLE_LIVE_REPLAY_TIC|tic=313|mle_ms=164.362|monotonic_ms=170|clock_delta_ms=5.63
8|clock_suspect=0
PMLE_LIVE_REPLAY_TIC|tic=314|mle_ms=110.005|monotonic_ms=110|clock_delta_ms=.005
|clock_suspect=0
PMLE_LIVE_REPLAY_TIC|tic=315|mle_ms=55.774|monotonic_ms=50|clock_delta_ms=5.774|
clock_suspect=0
PMLE_LIVE_REPLAY_TIC|tic=316|mle_ms=232.002|monotonic_ms=230|clock_delta_ms=2.00
2|clock_suspect=0
PMLE_LIVE_REPLAY_TIC|tic=317|mle_ms=83.393|monotonic_ms=90|clock_delta_ms=6.607|
clock_suspect=0
PMLE_LIVE_REPLAY_TIC|tic=318|mle_ms=73.84|monotonic_ms=70|clock_delta_ms=3.84|cl
ock_suspect=0
PMLE_LIVE_REPLAY_TIC|tic=319|mle_ms=105.818|monotonic_ms=110|clock_delta_ms=4.18
2|clock_suspect=0
PMLE_LIVE_REPLAY_TIC|tic=320|mle_ms=150.741|monotonic_ms=150|clock_delta_ms=.741
|clock_suspect=0
PMLE_LIVE_REPLAY_TIC|tic=321|mle_ms=132.686|monotonic_ms=130|clock_delta_ms=2.68
6|clock_suspect=0
PMLE_LIVE_REPLAY_TIC|tic=322|mle_ms=203.093|monotonic_ms=200|clock_delta_ms=3.09
3|clock_suspect=0
PMLE_LIVE_REPLAY_TIC|tic=323|mle_ms=147.56|monotonic_ms=150|clock_delta_ms=2.44|
clock_suspect=0
PMLE_LIVE_REPLAY_TIC|tic=324|mle_ms=90.252|monotonic_ms=90|clock_delta_ms=.252|c
lock_suspect=0
PMLE_LIVE_REPLAY_TIC|tic=325|mle_ms=105.183|monotonic_ms=110|clock_delta_ms=4.81
7|clock_suspect=0
PMLE_LIVE_REPLAY_TIC|tic=326|mle_ms=144.488|monotonic_ms=140|clock_delta_ms=4.48
8|clock_suspect=0
PMLE_LIVE_REPLAY_TIC|tic=327|mle_ms=61.377|monotonic_ms=60|clock_delta_ms=1.377|
clock_suspect=0
PMLE_LIVE_REPLAY_TIC|tic=328|mle_ms=166.569|monotonic_ms=170|clock_delta_ms=3.43
1|clock_suspect=0
PMLE_LIVE_REPLAY_TIC|tic=329|mle_ms=134.347|monotonic_ms=140|clock_delta_ms=5.65
3|clock_suspect=0
PMLE_LIVE_REPLAY_TIC|tic=330|mle_ms=72.722|monotonic_ms=70|clock_delta_ms=2.722|
clock_suspect=0
PMLE_LIVE_REPLAY_TIC|tic=331|mle_ms=167.158|monotonic_ms=170|clock_delta_ms=2.84
2|clock_suspect=0
PMLE_LIVE_REPLAY_TIC|tic=332|mle_ms=108.379|monotonic_ms=100|clock_delta_ms=8.37
9|clock_suspect=0
PMLE_LIVE_REPLAY_TIC|tic=333|mle_ms=80.76|monotonic_ms=80|clock_delta_ms=.76|clo
ck_suspect=0
PMLE_LIVE_REPLAY_TIC|tic=334|mle_ms=182.779|monotonic_ms=190|clock_delta_ms=7.22
1|clock_suspect=0
PMLE_LIVE_REPLAY_TIC|tic=335|mle_ms=228.37|monotonic_ms=230|clock_delta_ms=1.63|
clock_suspect=0
PMLE_LIVE_REPLAY_TIC|tic=336|mle_ms=116.846|monotonic_ms=110|clock_delta_ms=6.84
6|clock_suspect=0
PMLE_LIVE_REPLAY_TIC|tic=337|mle_ms=246.828|monotonic_ms=250|clock_delta_ms=3.17
2|clock_suspect=0
PMLE_LIVE_REPLAY_TIC|tic=338|mle_ms=124.064|monotonic_ms=120|clock_delta_ms=4.06
4|clock_suspect=0
PMLE_LIVE_REPLAY_TIC|tic=339|mle_ms=144.341|monotonic_ms=150|clock_delta_ms=5.65
9|clock_suspect=0
PMLE_LIVE_REPLAY_TIC|tic=340|mle_ms=182.546|monotonic_ms=180|clock_delta_ms=2.54
6|clock_suspect=0
PMLE_LIVE_REPLAY_TIC|tic=341|mle_ms=209.02|monotonic_ms=210|clock_delta_ms=.98|c
lock_suspect=0
PMLE_LIVE_REPLAY_TIC|tic=342|mle_ms=89.987|monotonic_ms=90|clock_delta_ms=.013|c
lock_suspect=0
PMLE_LIVE_REPLAY_TIC|tic=343|mle_ms=190.165|monotonic_ms=190|clock_delta_ms=.165
|clock_suspect=0
PMLE_LIVE_REPLAY_TIC|tic=344|mle_ms=108.476|monotonic_ms=110|clock_delta_ms=1.52
4|clock_suspect=0
PMLE_LIVE_REPLAY_TIC|tic=345|mle_ms=69.942|monotonic_ms=70|clock_delta_ms=.058|c
lock_suspect=0
PMLE_LIVE_REPLAY_TIC|tic=346|mle_ms=176.558|monotonic_ms=180|clock_delta_ms=3.44
2|clock_suspect=0
PMLE_LIVE_REPLAY_TIC|tic=347|mle_ms=127.784|monotonic_ms=120|clock_delta_ms=7.78
4|clock_suspect=0
PMLE_LIVE_REPLAY_TIC|tic=348|mle_ms=83.082|monotonic_ms=90|clock_delta_ms=6.918|
clock_suspect=0
PMLE_LIVE_REPLAY_TIC|tic=349|mle_ms=153.069|monotonic_ms=150|clock_delta_ms=3.06
9|clock_suspect=0
PMLE_LIVE_REPLAY_TIC|tic=350|mle_ms=173.835|monotonic_ms=170|clock_delta_ms=3.83
5|clock_suspect=0
PMLE_LIVE_REPLAY_TIC|tic=351|mle_ms=134.157|monotonic_ms=140|clock_delta_ms=5.84
3|clock_suspect=0
PMLE_LIVE_REPLAY_TIC|tic=352|mle_ms=162.034|monotonic_ms=160|clock_delta_ms=2.03
4|clock_suspect=0
PMLE_LIVE_REPLAY_TIC|tic=353|mle_ms=161.174|monotonic_ms=160|clock_delta_ms=1.17
4|clock_suspect=0
PMLE_LIVE_REPLAY_TIC|tic=354|mle_ms=72.338|monotonic_ms=70|clock_delta_ms=2.338|
clock_suspect=0
PMLE_LIVE_REPLAY_TIC|tic=355|mle_ms=230.793|monotonic_ms=230|clock_delta_ms=.793
|clock_suspect=0
PMLE_LIVE_REPLAY_TIC|tic=356|mle_ms=149.072|monotonic_ms=150|clock_delta_ms=.928
|clock_suspect=0
PMLE_LIVE_REPLAY_TIC|tic=357|mle_ms=78.911|monotonic_ms=80|clock_delta_ms=1.089|
clock_suspect=0
PMLE_LIVE_REPLAY_TIC|tic=358|mle_ms=40.162|monotonic_ms=160|clock_delta_ms=119.8
38|clock_suspect=1
PMLE_LIVE_REPLAY_TIC|tic=359|mle_ms=171.654|monotonic_ms=180|clock_delta_ms=8.34
6|clock_suspect=0
PMLE_LIVE_REPLAY_TIC|tic=360|mle_ms=82.207|monotonic_ms=80|clock_delta_ms=2.207|
clock_suspect=0
PMLE_LIVE_REPLAY_TIC|tic=361|mle_ms=157.058|monotonic_ms=160|clock_delta_ms=2.94
2|clock_suspect=0
PMLE_LIVE_REPLAY_TIC|tic=362|mle_ms=129.848|monotonic_ms=130|clock_delta_ms=.152
|clock_suspect=0
PMLE_LIVE_REPLAY_TIC|tic=363|mle_ms=80.121|monotonic_ms=80|clock_delta_ms=.121|c
lock_suspect=0
PMLE_LIVE_REPLAY_TIC|tic=364|mle_ms=144.696|monotonic_ms=140|clock_delta_ms=4.69
6|clock_suspect=0
PMLE_LIVE_REPLAY_TIC|tic=365|mle_ms=120.101|monotonic_ms=120|clock_delta_ms=.101
|clock_suspect=0
PMLE_LIVE_REPLAY_TIC|tic=366|mle_ms=106.417|monotonic_ms=110|clock_delta_ms=3.58
3|clock_suspect=0
PMLE_LIVE_REPLAY_TIC|tic=367|mle_ms=125.789|monotonic_ms=120|clock_delta_ms=5.78
9|clock_suspect=0
PMLE_LIVE_REPLAY_TIC|tic=368|mle_ms=128.216|monotonic_ms=130|clock_delta_ms=1.78
4|clock_suspect=0
PMLE_LIVE_REPLAY_TIC|tic=369|mle_ms=72.505|monotonic_ms=70|clock_delta_ms=2.505|
clock_suspect=0
PMLE_LIVE_REPLAY_TIC|tic=370|mle_ms=143.844|monotonic_ms=150|clock_delta_ms=6.15
6|clock_suspect=0
PMLE_LIVE_REPLAY_TIC|tic=371|mle_ms=135.985|monotonic_ms=130|clock_delta_ms=5.98
5|clock_suspect=0
PMLE_LIVE_REPLAY_TIC|tic=372|mle_ms=57.759|monotonic_ms=60|clock_delta_ms=2.241|
clock_suspect=0
PMLE_LIVE_REPLAY_TIC|tic=373|mle_ms=176.451|monotonic_ms=180|clock_delta_ms=3.54
9|clock_suspect=0
PMLE_LIVE_REPLAY_TIC|tic=374|mle_ms=264.414|monotonic_ms=260|clock_delta_ms=4.41
4|clock_suspect=0
PMLE_LIVE_REPLAY_TIC|tic=375|mle_ms=64.301|monotonic_ms=70|clock_delta_ms=5.699|
clock_suspect=0
PMLE_LIVE_REPLAY_TIC|tic=376|mle_ms=173.827|monotonic_ms=170|clock_delta_ms=3.82
7|clock_suspect=0
PMLE_LIVE_REPLAY_TIC|tic=377|mle_ms=106.915|monotonic_ms=110|clock_delta_ms=3.08
5|clock_suspect=0
PMLE_LIVE_REPLAY_TIC|tic=378|mle_ms=137.018|monotonic_ms=130|clock_delta_ms=7.01
8|clock_suspect=0
PMLE_LIVE_REPLAY_TIC|tic=379|mle_ms=163.057|monotonic_ms=170|clock_delta_ms=6.94
3|clock_suspect=0
PMLE_LIVE_REPLAY_TIC|tic=380|mle_ms=126.426|monotonic_ms=120|clock_delta_ms=6.42
6|clock_suspect=0
PMLE_LIVE_REPLAY_TIC|tic=381|mle_ms=62.301|monotonic_ms=70|clock_delta_ms=7.699|
clock_suspect=0
PMLE_LIVE_REPLAY_TIC|tic=382|mle_ms=152.853|monotonic_ms=150|clock_delta_ms=2.85
3|clock_suspect=0
PMLE_LIVE_REPLAY_TIC|tic=383|mle_ms=147.985|monotonic_ms=150|clock_delta_ms=2.01
5|clock_suspect=0
PMLE_LIVE_REPLAY_TIC|tic=384|mle_ms=81.228|monotonic_ms=80|clock_delta_ms=1.228|
clock_suspect=0
PMLE_LIVE_REPLAY_TIC|tic=385|mle_ms=136.859|monotonic_ms=140|clock_delta_ms=3.14
1|clock_suspect=0
PMLE_LIVE_REPLAY_TIC|tic=386|mle_ms=182.351|monotonic_ms=180|clock_delta_ms=2.35
1|clock_suspect=0
PMLE_LIVE_REPLAY_TIC|tic=387|mle_ms=99.329|monotonic_ms=100|clock_delta_ms=.671|
clock_suspect=0
PMLE_LIVE_REPLAY_TIC|tic=388|mle_ms=305.926|monotonic_ms=300|clock_delta_ms=5.92
6|clock_suspect=0
PMLE_LIVE_REPLAY_TIC|tic=389|mle_ms=171.915|monotonic_ms=180|clock_delta_ms=8.08
5|clock_suspect=0
PMLE_LIVE_REPLAY_TIC|tic=390|mle_ms=128.855|monotonic_ms=120|clock_delta_ms=8.85
5|clock_suspect=0
PMLE_LIVE_REPLAY_TIC|tic=391|mle_ms=193.476|monotonic_ms=200|clock_delta_ms=6.52
4|clock_suspect=0
PMLE_LIVE_REPLAY_TIC|tic=392|mle_ms=168.952|monotonic_ms=170|clock_delta_ms=1.04
8|clock_suspect=0
PMLE_LIVE_REPLAY_TIC|tic=393|mle_ms=103.797|monotonic_ms=100|clock_delta_ms=3.79
7|clock_suspect=0
PMLE_LIVE_REPLAY_TIC|tic=394|mle_ms=157.541|monotonic_ms=160|clock_delta_ms=2.45
9|clock_suspect=0
PMLE_LIVE_REPLAY_TIC|tic=395|mle_ms=161.712|monotonic_ms=160|clock_delta_ms=1.71
2|clock_suspect=0
PMLE_LIVE_REPLAY_TIC|tic=396|mle_ms=121.27|monotonic_ms=120|clock_delta_ms=1.27|
clock_suspect=0
PMLE_LIVE_REPLAY_TIC|tic=397|mle_ms=168.549|monotonic_ms=170|clock_delta_ms=1.45
1|clock_suspect=0
PMLE_LIVE_REPLAY_TIC|tic=398|mle_ms=178.404|monotonic_ms=180|clock_delta_ms=1.59
6|clock_suspect=0
PMLE_LIVE_REPLAY_TIC|tic=399|mle_ms=87.791|monotonic_ms=90|clock_delta_ms=2.209|
clock_suspect=0
PMLE_LIVE_REPLAY_TIC|tic=400|mle_ms=154.736|monotonic_ms=150|clock_delta_ms=4.73
6|clock_suspect=0
PMLE_LIVE_REPLAY_TIC|tic=401|mle_ms=132.551|monotonic_ms=130|clock_delta_ms=2.55
1|clock_suspect=0
PMLE_LIVE_REPLAY_TIC|tic=402|mle_ms=214.347|monotonic_ms=220|clock_delta_ms=5.65
3|clock_suspect=0
PMLE_LIVE_REPLAY_TIC|tic=403|mle_ms=187.859|monotonic_ms=190|clock_delta_ms=2.14
1|clock_suspect=0
PMLE_LIVE_REPLAY_TIC|tic=404|mle_ms=138.271|monotonic_ms=140|clock_delta_ms=1.72
9|clock_suspect=0
PMLE_LIVE_REPLAY_TIC|tic=405|mle_ms=103.114|monotonic_ms=100|clock_delta_ms=3.11
4|clock_suspect=0
PMLE_LIVE_REPLAY_TIC|tic=406|mle_ms=266.271|monotonic_ms=260|clock_delta_ms=6.27
1|clock_suspect=0
PMLE_LIVE_REPLAY_TIC|tic=407|mle_ms=144.219|monotonic_ms=150|clock_delta_ms=5.78
1|clock_suspect=0
PMLE_LIVE_REPLAY_TIC|tic=408|mle_ms=105.611|monotonic_ms=100|clock_delta_ms=5.61
1|clock_suspect=0
PMLE_LIVE_REPLAY_TIC|tic=409|mle_ms=150.961|monotonic_ms=160|clock_delta_ms=9.03
9|clock_suspect=0
PMLE_LIVE_REPLAY_TIC|tic=410|mle_ms=164.88|monotonic_ms=160|clock_delta_ms=4.88|
clock_suspect=0
PMLE_LIVE_REPLAY_TIC|tic=411|mle_ms=137.372|monotonic_ms=140|clock_delta_ms=2.62
8|clock_suspect=0
PMLE_LIVE_REPLAY_TIC|tic=412|mle_ms=143.814|monotonic_ms=140|clock_delta_ms=3.81
4|clock_suspect=0
PMLE_LIVE_REPLAY_TIC|tic=413|mle_ms=159.942|monotonic_ms=160|clock_delta_ms=.058
|clock_suspect=0
PMLE_LIVE_REPLAY_TIC|tic=414|mle_ms=96.152|monotonic_ms=100|clock_delta_ms=3.848
|clock_suspect=0
PMLE_LIVE_REPLAY_TIC|tic=415|mle_ms=128.402|monotonic_ms=130|clock_delta_ms=1.59
8|clock_suspect=0
PMLE_LIVE_REPLAY_TIC|tic=416|mle_ms=203.98|monotonic_ms=200|clock_delta_ms=3.98|
clock_suspect=0
PMLE_LIVE_REPLAY_TIC|tic=417|mle_ms=80.691|monotonic_ms=80|clock_delta_ms=.691|c
lock_suspect=0
PMLE_LIVE_REPLAY_TIC|tic=418|mle_ms=152.526|monotonic_ms=150|clock_delta_ms=2.52
6|clock_suspect=0
PMLE_LIVE_REPLAY_TIC|tic=419|mle_ms=144.112|monotonic_ms=150|clock_delta_ms=5.88
8|clock_suspect=0
PMLE_LIVE_REPLAY_TIC|tic=420|mle_ms=104.322|monotonic_ms=100|clock_delta_ms=4.32
2|clock_suspect=0
PMLE_LIVE_REPLAY_TIC|tic=421|mle_ms=140.688|monotonic_ms=140|clock_delta_ms=.688
|clock_suspect=0
PMLE_LIVE_REPLAY_TIC|tic=422|mle_ms=148.133|monotonic_ms=150|clock_delta_ms=1.86
7|clock_suspect=0
PMLE_LIVE_REPLAY_TIC|tic=423|mle_ms=104.343|monotonic_ms=110|clock_delta_ms=5.65
7|clock_suspect=0
PMLE_LIVE_REPLAY_TIC|tic=424|mle_ms=134.117|monotonic_ms=130|clock_delta_ms=4.11
7|clock_suspect=0
PMLE_LIVE_REPLAY_TIC|tic=425|mle_ms=253.366|monotonic_ms=250|clock_delta_ms=3.36
6|clock_suspect=0
PMLE_LIVE_REPLAY_TIC|tic=426|mle_ms=183.688|monotonic_ms=190|clock_delta_ms=6.31
2|clock_suspect=0
PMLE_LIVE_REPLAY_TIC|tic=427|mle_ms=183.074|monotonic_ms=180|clock_delta_ms=3.07
4|clock_suspect=0
PMLE_LIVE_REPLAY_TIC|tic=428|mle_ms=121.881|monotonic_ms=120|clock_delta_ms=1.88
1|clock_suspect=0
PMLE_LIVE_REPLAY_TIC|tic=429|mle_ms=133.176|monotonic_ms=140|clock_delta_ms=6.82
4|clock_suspect=0
PMLE_LIVE_REPLAY_TIC|tic=430|mle_ms=178.037|monotonic_ms=170|clock_delta_ms=8.03
7|clock_suspect=0
PMLE_LIVE_REPLAY_TIC|tic=431|mle_ms=135.463|monotonic_ms=140|clock_delta_ms=4.53
7|clock_suspect=0
PMLE_LIVE_REPLAY_TIC|tic=432|mle_ms=82.673|monotonic_ms=80|clock_delta_ms=2.673|
clock_suspect=0
PMLE_LIVE_REPLAY_TIC|tic=433|mle_ms=148.516|monotonic_ms=150|clock_delta_ms=1.48
4|clock_suspect=0
PMLE_LIVE_REPLAY_TIC|tic=434|mle_ms=173.506|monotonic_ms=170|clock_delta_ms=3.50
6|clock_suspect=0
PMLE_LIVE_REPLAY_TIC|tic=435|mle_ms=79.195|monotonic_ms=80|clock_delta_ms=.805|c
lock_suspect=0
PMLE_LIVE_REPLAY_TIC|tic=436|mle_ms=155.908|monotonic_ms=160|clock_delta_ms=4.09
2|clock_suspect=0
PMLE_LIVE_REPLAY_TIC|tic=437|mle_ms=131.701|monotonic_ms=130|clock_delta_ms=1.70
1|clock_suspect=0
PMLE_LIVE_REPLAY_TIC|tic=438|mle_ms=130.627|monotonic_ms=130|clock_delta_ms=.627
|clock_suspect=0
PMLE_LIVE_REPLAY_TIC|tic=439|mle_ms=115.617|monotonic_ms=120|clock_delta_ms=4.38
3|clock_suspect=0
PMLE_LIVE_REPLAY_TIC|tic=440|mle_ms=105.699|monotonic_ms=100|clock_delta_ms=5.69
9|clock_suspect=0
PMLE_LIVE_REPLAY_TIC|tic=441|mle_ms=77.626|monotonic_ms=80|clock_delta_ms=2.374|
clock_suspect=0
PMLE_LIVE_REPLAY_TIC|tic=442|mle_ms=144.199|monotonic_ms=150|clock_delta_ms=5.80
1|clock_suspect=0
PMLE_LIVE_REPLAY_TIC|tic=443|mle_ms=98.834|monotonic_ms=90|clock_delta_ms=8.834|
clock_suspect=0
PMLE_LIVE_REPLAY_TIC|tic=444|mle_ms=64.384|monotonic_ms=70|clock_delta_ms=5.616|
clock_suspect=0
PMLE_LIVE_REPLAY_TIC|tic=445|mle_ms=225.596|monotonic_ms=220|clock_delta_ms=5.59
6|clock_suspect=0
PMLE_LIVE_REPLAY_TIC|tic=446|mle_ms=171.98|monotonic_ms=180|clock_delta_ms=8.02|
clock_suspect=0
PMLE_LIVE_REPLAY_TIC|tic=447|mle_ms=70.847|monotonic_ms=70|clock_delta_ms=.847|c
lock_suspect=0
PMLE_LIVE_REPLAY_TIC|tic=448|mle_ms=112.819|monotonic_ms=110|clock_delta_ms=2.81
9|clock_suspect=0
PMLE_LIVE_REPLAY_TIC|tic=449|mle_ms=140.082|monotonic_ms=140|clock_delta_ms=.082
|clock_suspect=0
PMLE_LIVE_REPLAY_TIC|tic=450|mle_ms=93.786|monotonic_ms=90|clock_delta_ms=3.786|
clock_suspect=0
PMLE_LIVE_REPLAY_TIC|tic=451|mle_ms=123.133|monotonic_ms=130|clock_delta_ms=6.86
7|clock_suspect=0
PMLE_LIVE_REPLAY_TIC|tic=452|mle_ms=100.319|monotonic_ms=100|clock_delta_ms=.319
|clock_suspect=0
PMLE_LIVE_REPLAY_TIC|tic=453|mle_ms=74.754|monotonic_ms=70|clock_delta_ms=4.754|
clock_suspect=0
PMLE_LIVE_REPLAY_TIC|tic=454|mle_ms=140.338|monotonic_ms=140|clock_delta_ms=.338
|clock_suspect=0
PMLE_LIVE_REPLAY_TIC|tic=455|mle_ms=88.104|monotonic_ms=90|clock_delta_ms=1.896|
clock_suspect=0
PMLE_LIVE_REPLAY_TIC|tic=456|mle_ms=96.123|monotonic_ms=100|clock_delta_ms=3.877
|clock_suspect=0
PMLE_LIVE_REPLAY_TIC|tic=457|mle_ms=113.837|monotonic_ms=110|clock_delta_ms=3.83
7|clock_suspect=0
PMLE_LIVE_REPLAY_TIC|tic=458|mle_ms=128.417|monotonic_ms=130|clock_delta_ms=1.58
3|clock_suspect=0
PMLE_LIVE_REPLAY_TIC|tic=459|mle_ms=85.687|monotonic_ms=90|clock_delta_ms=4.313|
clock_suspect=0
PMLE_LIVE_REPLAY_TIC|tic=460|mle_ms=137.087|monotonic_ms=130|clock_delta_ms=7.08
7|clock_suspect=0
PMLE_LIVE_REPLAY_TIC|tic=461|mle_ms=101.917|monotonic_ms=110|clock_delta_ms=8.08
3|clock_suspect=0
PMLE_LIVE_REPLAY_TIC|tic=462|mle_ms=92.245|monotonic_ms=90|clock_delta_ms=2.245|
clock_suspect=0
PMLE_LIVE_REPLAY_TIC|tic=463|mle_ms=146.003|monotonic_ms=140|clock_delta_ms=6.00
3|clock_suspect=0
PMLE_LIVE_REPLAY_TIC|tic=464|mle_ms=127.087|monotonic_ms=130|clock_delta_ms=2.91
3|clock_suspect=0
PMLE_LIVE_REPLAY_TIC|tic=465|mle_ms=199.393|monotonic_ms=200|clock_delta_ms=.607
|clock_suspect=0
PMLE_LIVE_REPLAY_TIC|tic=466|mle_ms=191.28|monotonic_ms=190|clock_delta_ms=1.28|
clock_suspect=0
PMLE_LIVE_REPLAY_TIC|tic=467|mle_ms=83.758|monotonic_ms=90|clock_delta_ms=6.242|
clock_suspect=0
PMLE_LIVE_REPLAY_TIC|tic=468|mle_ms=92.822|monotonic_ms=90|clock_delta_ms=2.822|
clock_suspect=0
PMLE_LIVE_REPLAY_TIC|tic=469|mle_ms=196.634|monotonic_ms=200|clock_delta_ms=3.36
6|clock_suspect=0
PMLE_LIVE_REPLAY_TIC|tic=470|mle_ms=151.253|monotonic_ms=150|clock_delta_ms=1.25
3|clock_suspect=0
PMLE_LIVE_REPLAY_TIC|tic=471|mle_ms=76.556|monotonic_ms=70|clock_delta_ms=6.556|
clock_suspect=0
PMLE_LIVE_REPLAY_TIC|tic=472|mle_ms=142.723|monotonic_ms=150|clock_delta_ms=7.27
7|clock_suspect=0
PMLE_LIVE_REPLAY_TIC|tic=473|mle_ms=114.162|monotonic_ms=110|clock_delta_ms=4.16
2|clock_suspect=0
PMLE_LIVE_REPLAY_TIC|tic=474|mle_ms=178.242|monotonic_ms=180|clock_delta_ms=1.75
8|clock_suspect=0
PMLE_LIVE_REPLAY_TIC|tic=475|mle_ms=124.093|monotonic_ms=120|clock_delta_ms=4.09
3|clock_suspect=0
PMLE_LIVE_REPLAY_TIC|tic=476|mle_ms=127.434|monotonic_ms=130|clock_delta_ms=2.56
6|clock_suspect=0
PMLE_LIVE_REPLAY_TIC|tic=477|mle_ms=72.322|monotonic_ms=70|clock_delta_ms=2.322|
clock_suspect=0
PMLE_LIVE_REPLAY_TIC|tic=478|mle_ms=125.519|monotonic_ms=130|clock_delta_ms=4.48
1|clock_suspect=0
PMLE_LIVE_REPLAY_TIC|tic=479|mle_ms=189.823|monotonic_ms=190|clock_delta_ms=.177
|clock_suspect=0
PMLE_LIVE_REPLAY_TIC|tic=480|mle_ms=66.259|monotonic_ms=60|clock_delta_ms=6.259|
clock_suspect=0
PMLE_LIVE_REPLAY_TIC|tic=481|mle_ms=111.07|monotonic_ms=120|clock_delta_ms=8.93|
clock_suspect=0
PMLE_LIVE_REPLAY_TIC|tic=482|mle_ms=94.336|monotonic_ms=90|clock_delta_ms=4.336|
clock_suspect=0
PMLE_LIVE_REPLAY_TIC|tic=483|mle_ms=152.887|monotonic_ms=150|clock_delta_ms=2.88
7|clock_suspect=0
PMLE_LIVE_REPLAY_TIC|tic=484|mle_ms=114.585|monotonic_ms=120|clock_delta_ms=5.41
5|clock_suspect=0
PMLE_LIVE_REPLAY_TIC|tic=485|mle_ms=99.954|monotonic_ms=100|clock_delta_ms=.046|
clock_suspect=0
PMLE_LIVE_REPLAY_TIC|tic=486|mle_ms=113.401|monotonic_ms=110|clock_delta_ms=3.40
1|clock_suspect=0
PMLE_LIVE_REPLAY_TIC|tic=487|mle_ms=111.493|monotonic_ms=110|clock_delta_ms=1.49
3|clock_suspect=0
PMLE_LIVE_REPLAY_TIC|tic=488|mle_ms=83.748|monotonic_ms=90|clock_delta_ms=6.252|
clock_suspect=0
PMLE_LIVE_REPLAY_TIC|tic=489|mle_ms=73.142|monotonic_ms=70|clock_delta_ms=3.142|
clock_suspect=0
PMLE_LIVE_REPLAY_TIC|tic=490|mle_ms=141.591|monotonic_ms=140|clock_delta_ms=1.59
1|clock_suspect=0
PMLE_LIVE_REPLAY_TIC|tic=491|mle_ms=76.398|monotonic_ms=80|clock_delta_ms=3.602|
clock_suspect=0
PMLE_LIVE_REPLAY_TIC|tic=492|mle_ms=78.754|monotonic_ms=80|clock_delta_ms=1.246|
clock_suspect=0
PMLE_LIVE_REPLAY_TIC|tic=493|mle_ms=120.348|monotonic_ms=120|clock_delta_ms=.348
|clock_suspect=0
PMLE_LIVE_REPLAY_TIC|tic=494|mle_ms=106.471|monotonic_ms=100|clock_delta_ms=6.47
1|clock_suspect=0
PMLE_LIVE_REPLAY_TIC|tic=495|mle_ms=74.784|monotonic_ms=80|clock_delta_ms=5.216|
clock_suspect=0
PMLE_LIVE_REPLAY_TIC|tic=496|mle_ms=136.214|monotonic_ms=140|clock_delta_ms=3.78
6|clock_suspect=0
PMLE_LIVE_REPLAY_TIC|tic=497|mle_ms=88.19|monotonic_ms=80|clock_delta_ms=8.19|cl
ock_suspect=0
PMLE_LIVE_REPLAY_TIC|tic=498|mle_ms=188.152|monotonic_ms=190|clock_delta_ms=1.84
8|clock_suspect=0
PMLE_LIVE_REPLAY_TIC|tic=499|mle_ms=99.327|monotonic_ms=100|clock_delta_ms=.673|
clock_suspect=0
PMLE_LIVE_REPLAY_TIC|tic=500|mle_ms=119.975|monotonic_ms=120|clock_delta_ms=.025
|clock_suspect=0
PMLE_LIVE_REPLAY_TIC|tic=501|mle_ms=93.897|monotonic_ms=100|clock_delta_ms=6.103
|clock_suspect=0
PMLE_LIVE_REPLAY_TIC|tic=502|mle_ms=163.721|monotonic_ms=160|clock_delta_ms=3.72
1|clock_suspect=0
PMLE_LIVE_REPLAY_TIC|tic=503|mle_ms=90.764|monotonic_ms=90|clock_delta_ms=.764|c
lock_suspect=0
PMLE_LIVE_REPLAY_TIC|tic=504|mle_ms=61.425|monotonic_ms=60|clock_delta_ms=1.425|
clock_suspect=0
PMLE_LIVE_REPLAY_TIC|tic=505|mle_ms=76.958|monotonic_ms=80|clock_delta_ms=3.042|
clock_suspect=0
PMLE_LIVE_REPLAY_TIC|tic=506|mle_ms=118.999|monotonic_ms=120|clock_delta_ms=1.00
1|clock_suspect=0
PMLE_LIVE_REPLAY_TIC|tic=507|mle_ms=63.633|monotonic_ms=60|clock_delta_ms=3.633|
clock_suspect=0
PMLE_LIVE_REPLAY_TIC|tic=508|mle_ms=107.624|monotonic_ms=110|clock_delta_ms=2.37
6|clock_suspect=0
PMLE_LIVE_REPLAY_TIC|tic=509|mle_ms=72.414|monotonic_ms=70|clock_delta_ms=2.414|
clock_suspect=0
PMLE_LIVE_REPLAY_TIC|tic=510|mle_ms=97.127|monotonic_ms=100|clock_delta_ms=2.873
|clock_suspect=0
PMLE_LIVE_REPLAY_TIC|tic=511|mle_ms=110.77|monotonic_ms=110|clock_delta_ms=.77|c
lock_suspect=0
PMLE_LIVE_REPLAY_TIC|tic=512|mle_ms=118.819|monotonic_ms=120|clock_delta_ms=1.18
1|clock_suspect=0
PMLE_LIVE_REPLAY_TIC|tic=513|mle_ms=-58.458|monotonic_ms=70|clock_delta_ms=128.4
58|clock_suspect=1
PMLE_LIVE_REPLAY_TIC|tic=514|mle_ms=101.719|monotonic_ms=100|clock_delta_ms=1.71
9|clock_suspect=0
PMLE_LIVE_REPLAY_TIC|tic=515|mle_ms=84.164|monotonic_ms=80|clock_delta_ms=4.164|
clock_suspect=0
PMLE_LIVE_REPLAY_TIC|tic=516|mle_ms=115.84|monotonic_ms=120|clock_delta_ms=4.16|
clock_suspect=0
PMLE_LIVE_REPLAY_TIC|tic=517|mle_ms=107.299|monotonic_ms=110|clock_delta_ms=2.70
1|clock_suspect=0
PMLE_LIVE_REPLAY_TIC|tic=518|mle_ms=129.193|monotonic_ms=130|clock_delta_ms=.807
|clock_suspect=0
PMLE_LIVE_REPLAY_TIC|tic=519|mle_ms=216.696|monotonic_ms=210|clock_delta_ms=6.69
6|clock_suspect=0
PMLE_LIVE_REPLAY_TIC|tic=520|mle_ms=132.53|monotonic_ms=140|clock_delta_ms=7.47|
clock_suspect=0
PMLE_LIVE_REPLAY_TIC|tic=521|mle_ms=116.836|monotonic_ms=110|clock_delta_ms=6.83
6|clock_suspect=0
PMLE_LIVE_REPLAY_TIC|tic=522|mle_ms=162.052|monotonic_ms=170|clock_delta_ms=7.94
8|clock_suspect=0
PMLE_LIVE_REPLAY_TIC|tic=523|mle_ms=171.198|monotonic_ms=170|clock_delta_ms=1.19
8|clock_suspect=0
PMLE_LIVE_REPLAY_TIC|tic=524|mle_ms=114.012|monotonic_ms=110|clock_delta_ms=4.01
2|clock_suspect=0
PMLE_LIVE_REPLAY_TIC|tic=525|mle_ms=58.074|monotonic_ms=60|clock_delta_ms=1.926|
clock_suspect=0
PMLE_LIVE_REPLAY_TIC|tic=526|mle_ms=141.925|monotonic_ms=140|clock_delta_ms=1.92
5|clock_suspect=0
PMLE_LIVE_REPLAY_TIC|tic=527|mle_ms=102.53|monotonic_ms=100|clock_delta_ms=2.53|
clock_suspect=0
PMLE_LIVE_REPLAY_TIC|tic=528|mle_ms=79.835|monotonic_ms=80|clock_delta_ms=.165|c
lock_suspect=0
PMLE_LIVE_REPLAY_TIC|tic=529|mle_ms=85.144|monotonic_ms=90|clock_delta_ms=4.856|
clock_suspect=0
PMLE_LIVE_REPLAY_TIC|tic=530|mle_ms=103.79|monotonic_ms=100|clock_delta_ms=3.79|
clock_suspect=0
PMLE_LIVE_REPLAY_TIC|tic=531|mle_ms=76.691|monotonic_ms=80|clock_delta_ms=3.309|
clock_suspect=0
PMLE_LIVE_REPLAY_TIC|tic=532|mle_ms=120.898|monotonic_ms=120|clock_delta_ms=.898
|clock_suspect=0
PMLE_LIVE_REPLAY_TIC|tic=533|mle_ms=123.663|monotonic_ms=120|clock_delta_ms=3.66
3|clock_suspect=0
PMLE_LIVE_REPLAY_TIC|tic=534|mle_ms=84.421|monotonic_ms=90|clock_delta_ms=5.579|
clock_suspect=0
PMLE_LIVE_REPLAY_TIC|tic=535|mle_ms=72.559|monotonic_ms=70|clock_delta_ms=2.559|
clock_suspect=0
PMLE_LIVE_REPLAY_TIC|tic=536|mle_ms=74.351|monotonic_ms=80|clock_delta_ms=5.649|
clock_suspect=0
PMLE_LIVE_REPLAY_TIC|tic=537|mle_ms=85.23|monotonic_ms=80|clock_delta_ms=5.23|cl
ock_suspect=0
PMLE_LIVE_REPLAY_TIC|tic=538|mle_ms=113.562|monotonic_ms=110|clock_delta_ms=3.56
2|clock_suspect=0
PMLE_LIVE_REPLAY_TIC|tic=539|mle_ms=85.663|monotonic_ms=90|clock_delta_ms=4.337|
clock_suspect=0
PMLE_LIVE_REPLAY_TIC|tic=540|mle_ms=85.571|monotonic_ms=90|clock_delta_ms=4.429|
clock_suspect=0
PMLE_LIVE_REPLAY_TIC|tic=541|mle_ms=192.121|monotonic_ms=190|clock_delta_ms=2.12
1|clock_suspect=0
PMLE_LIVE_REPLAY_TIC|tic=542|mle_ms=74.485|monotonic_ms=70|clock_delta_ms=4.485|
clock_suspect=0
PMLE_LIVE_REPLAY_TIC|tic=543|mle_ms=94.01|monotonic_ms=100|clock_delta_ms=5.99|c
lock_suspect=0
PMLE_LIVE_REPLAY_TIC|tic=544|mle_ms=102.702|monotonic_ms=100|clock_delta_ms=2.70
2|clock_suspect=0
PMLE_LIVE_REPLAY_TIC|tic=545|mle_ms=127.765|monotonic_ms=130|clock_delta_ms=2.23
5|clock_suspect=0
PMLE_LIVE_REPLAY_TIC|tic=546|mle_ms=101.865|monotonic_ms=100|clock_delta_ms=1.86
5|clock_suspect=0
PMLE_LIVE_REPLAY_TIC|tic=547|mle_ms=97.97|monotonic_ms=100|clock_delta_ms=2.03|c
lock_suspect=0
PMLE_LIVE_REPLAY_TIC|tic=548|mle_ms=81.769|monotonic_ms=80|clock_delta_ms=1.769|
clock_suspect=0
PMLE_LIVE_REPLAY_TIC|tic=549|mle_ms=79.049|monotonic_ms=80|clock_delta_ms=.951|c
lock_suspect=0
PMLE_LIVE_REPLAY_TIC|tic=550|mle_ms=161.383|monotonic_ms=160|clock_delta_ms=1.38
3|clock_suspect=0
PMLE_LIVE_REPLAY_TIC|tic=551|mle_ms=63.443|monotonic_ms=60|clock_delta_ms=3.443|
clock_suspect=0
PMLE_LIVE_REPLAY_TIC|tic=552|mle_ms=82.754|monotonic_ms=90|clock_delta_ms=7.246|
clock_suspect=0
PMLE_LIVE_REPLAY_TIC|tic=553|mle_ms=101.471|monotonic_ms=100|clock_delta_ms=1.47
1|clock_suspect=0
PMLE_LIVE_REPLAY_TIC|tic=554|mle_ms=100.05|monotonic_ms=100|clock_delta_ms=.05|c
lock_suspect=0
PMLE_LIVE_REPLAY_TIC|tic=555|mle_ms=71.261|monotonic_ms=70|clock_delta_ms=1.261|
clock_suspect=0
PMLE_LIVE_REPLAY_TIC|tic=556|mle_ms=146.185|monotonic_ms=150|clock_delta_ms=3.81
5|clock_suspect=0
PMLE_LIVE_REPLAY_TIC|tic=557|mle_ms=86.92|monotonic_ms=80|clock_delta_ms=6.92|cl
ock_suspect=0
PMLE_LIVE_REPLAY_TIC|tic=558|mle_ms=144.288|monotonic_ms=150|clock_delta_ms=5.71
2|clock_suspect=0
PMLE_LIVE_REPLAY_TIC|tic=559|mle_ms=96.922|monotonic_ms=90|clock_delta_ms=6.922|
clock_suspect=0
PMLE_LIVE_REPLAY_TIC|tic=560|mle_ms=194.646|monotonic_ms=200|clock_delta_ms=5.35
4|clock_suspect=0
PMLE_LIVE_REPLAY_TIC|tic=561|mle_ms=88.434|monotonic_ms=90|clock_delta_ms=1.566|
clock_suspect=0
PMLE_LIVE_REPLAY_TIC|tic=562|mle_ms=106.238|monotonic_ms=100|clock_delta_ms=6.23
8|clock_suspect=0
PMLE_LIVE_REPLAY_TIC|tic=563|mle_ms=84.649|monotonic_ms=90|clock_delta_ms=5.351|
clock_suspect=0
PMLE_LIVE_REPLAY_TIC|tic=564|mle_ms=176.617|monotonic_ms=170|clock_delta_ms=6.61
7|clock_suspect=0
PMLE_LIVE_REPLAY_TIC|tic=565|mle_ms=95.439|monotonic_ms=100|clock_delta_ms=4.561
|clock_suspect=0
PMLE_LIVE_REPLAY_TIC|tic=566|mle_ms=109.631|monotonic_ms=110|clock_delta_ms=.369
|clock_suspect=0
PMLE_LIVE_REPLAY_TIC|tic=567|mle_ms=127.606|monotonic_ms=130|clock_delta_ms=2.39
4|clock_suspect=0
PMLE_LIVE_REPLAY_TIC|tic=568|mle_ms=143.338|monotonic_ms=140|clock_delta_ms=3.33
8|clock_suspect=0
PMLE_LIVE_REPLAY_TIC|tic=569|mle_ms=110.563|monotonic_ms=110|clock_delta_ms=.563
|clock_suspect=0
PMLE_LIVE_REPLAY_TIC|tic=570|mle_ms=117.745|monotonic_ms=120|clock_delta_ms=2.25
5|clock_suspect=0
PMLE_LIVE_REPLAY_TIC|tic=571|mle_ms=102.389|monotonic_ms=100|clock_delta_ms=2.38
9|clock_suspect=0
PMLE_LIVE_REPLAY_TIC|tic=572|mle_ms=72.842|monotonic_ms=80|clock_delta_ms=7.158|
clock_suspect=0
PMLE_LIVE_REPLAY_TIC|tic=573|mle_ms=95.72|monotonic_ms=90|clock_delta_ms=5.72|cl
ock_suspect=0
PMLE_LIVE_REPLAY_TIC|tic=574|mle_ms=124.693|monotonic_ms=130|clock_delta_ms=5.30
7|clock_suspect=0
PMLE_LIVE_REPLAY_TIC|tic=575|mle_ms=62.383|monotonic_ms=60|clock_delta_ms=2.383|
clock_suspect=0
PMLE_LIVE_REPLAY_TIC|tic=576|mle_ms=123.571|monotonic_ms=120|clock_delta_ms=3.57
1|clock_suspect=0
PMLE_LIVE_REPLAY_TIC|tic=577|mle_ms=109.504|monotonic_ms=110|clock_delta_ms=.496
|clock_suspect=0
PMLE_LIVE_REPLAY_TIC|tic=578|mle_ms=96.001|monotonic_ms=100|clock_delta_ms=3.999
|clock_suspect=0
PMLE_LIVE_REPLAY_TIC|tic=579|mle_ms=224.286|monotonic_ms=220|clock_delta_ms=4.28
6|clock_suspect=0
PMLE_LIVE_REPLAY_TIC|tic=580|mle_ms=123.055|monotonic_ms=120|clock_delta_ms=3.05
5|clock_suspect=0
PMLE_LIVE_REPLAY_TIC|tic=581|mle_ms=71.699|monotonic_ms=70|clock_delta_ms=1.699|
clock_suspect=0
PMLE_LIVE_REPLAY_TIC|tic=582|mle_ms=114.355|monotonic_ms=110|clock_delta_ms=4.35
5|clock_suspect=0
PMLE_LIVE_REPLAY_TIC|tic=583|mle_ms=170.436|monotonic_ms=170|clock_delta_ms=.436
|clock_suspect=0
PMLE_LIVE_REPLAY_TIC|tic=584|mle_ms=79.707|monotonic_ms=80|clock_delta_ms=.293|c
lock_suspect=0
PMLE_LIVE_REPLAY_TIC|tic=585|mle_ms=133.214|monotonic_ms=130|clock_delta_ms=3.21
4|clock_suspect=0
PMLE_LIVE_REPLAY_TIC|tic=586|mle_ms=165.927|monotonic_ms=170|clock_delta_ms=4.07
3|clock_suspect=0
PMLE_LIVE_REPLAY_TIC|tic=587|mle_ms=64.127|monotonic_ms=70|clock_delta_ms=5.873|
clock_suspect=0
PMLE_LIVE_REPLAY_TIC|tic=588|mle_ms=89.315|monotonic_ms=80|clock_delta_ms=9.315|
clock_suspect=0
PMLE_LIVE_REPLAY_TIC|tic=589|mle_ms=109.667|monotonic_ms=110|clock_delta_ms=.333
|clock_suspect=0
PMLE_LIVE_REPLAY_TIC|tic=590|mle_ms=92.165|monotonic_ms=100|clock_delta_ms=7.835
|clock_suspect=0
PMLE_LIVE_REPLAY_TIC|tic=591|mle_ms=92.024|monotonic_ms=90|clock_delta_ms=2.024|
clock_suspect=0
PMLE_LIVE_REPLAY_TIC|tic=592|mle_ms=107.639|monotonic_ms=110|clock_delta_ms=2.36
1|clock_suspect=0
PMLE_LIVE_REPLAY_TIC|tic=593|mle_ms=65.667|monotonic_ms=60|clock_delta_ms=5.667|
clock_suspect=0
PMLE_LIVE_REPLAY_TIC|tic=594|mle_ms=114.432|monotonic_ms=120|clock_delta_ms=5.56
8|clock_suspect=0
PMLE_LIVE_REPLAY_TIC|tic=595|mle_ms=110.444|monotonic_ms=110|clock_delta_ms=.444
|clock_suspect=0
PMLE_LIVE_REPLAY_TIC|tic=596|mle_ms=87.053|monotonic_ms=80|clock_delta_ms=7.053|
clock_suspect=0
PMLE_LIVE_REPLAY_TIC|tic=597|mle_ms=86.31|monotonic_ms=90|clock_delta_ms=3.69|cl
ock_suspect=0
PMLE_LIVE_REPLAY_TIC|tic=598|mle_ms=99.957|monotonic_ms=100|clock_delta_ms=.043|
clock_suspect=0
PMLE_LIVE_REPLAY_TIC|tic=599|mle_ms=175.711|monotonic_ms=180|clock_delta_ms=4.28
9|clock_suspect=0
PMLE_LIVE_REPLAY_TIC|tic=600|mle_ms=111.953|monotonic_ms=110|clock_delta_ms=1.95
3|clock_suspect=0
PMLE_LIVE_REPLAY_TIC|tic=601|mle_ms=109.968|monotonic_ms=110|clock_delta_ms=.032
|clock_suspect=0
PMLE_LIVE_REPLAY_TIC|tic=602|mle_ms=72.044|monotonic_ms=80|clock_delta_ms=7.956|
clock_suspect=0
PMLE_LIVE_REPLAY_TIC|tic=603|mle_ms=201.808|monotonic_ms=200|clock_delta_ms=1.80
8|clock_suspect=0
PMLE_LIVE_REPLAY_TIC|tic=604|mle_ms=143.76|monotonic_ms=140|clock_delta_ms=3.76|
clock_suspect=0
PMLE_LIVE_REPLAY_TIC|tic=605|mle_ms=70.275|monotonic_ms=70|clock_delta_ms=.275|c
lock_suspect=0
PMLE_LIVE_REPLAY_TIC|tic=606|mle_ms=124.719|monotonic_ms=130|clock_delta_ms=5.28
1|clock_suspect=0
PMLE_LIVE_REPLAY_TIC|tic=607|mle_ms=101.031|monotonic_ms=100|clock_delta_ms=1.03
1|clock_suspect=0
PMLE_LIVE_REPLAY_TIC|tic=608|mle_ms=100.979|monotonic_ms=100|clock_delta_ms=.979
|clock_suspect=0
PMLE_LIVE_REPLAY_TIC|tic=609|mle_ms=128.093|monotonic_ms=130|clock_delta_ms=1.90
7|clock_suspect=0
PMLE_LIVE_REPLAY_TIC|tic=610|mle_ms=120.069|monotonic_ms=120|clock_delta_ms=.069
|clock_suspect=0
PMLE_LIVE_REPLAY_TIC|tic=611|mle_ms=78.311|monotonic_ms=80|clock_delta_ms=1.689|
clock_suspect=0
PMLE_LIVE_REPLAY_TIC|tic=612|mle_ms=101.783|monotonic_ms=100|clock_delta_ms=1.78
3|clock_suspect=0
PMLE_LIVE_REPLAY_TIC|tic=613|mle_ms=101.524|monotonic_ms=100|clock_delta_ms=1.52
4|clock_suspect=0
PMLE_LIVE_REPLAY_TIC|tic=614|mle_ms=99.017|monotonic_ms=100|clock_delta_ms=.983|
clock_suspect=0
PMLE_LIVE_REPLAY_TIC|tic=615|mle_ms=89.974|monotonic_ms=90|clock_delta_ms=.026|c
lock_suspect=0
PMLE_LIVE_REPLAY_TIC|tic=616|mle_ms=180.954|monotonic_ms=180|clock_delta_ms=.954
|clock_suspect=0
PMLE_LIVE_REPLAY_TIC|tic=617|mle_ms=91.775|monotonic_ms=90|clock_delta_ms=1.775|
clock_suspect=0
PMLE_LIVE_REPLAY_TIC|tic=618|mle_ms=229.908|monotonic_ms=230|clock_delta_ms=.092
|clock_suspect=0
PMLE_LIVE_REPLAY_TIC|tic=619|mle_ms=108.893|monotonic_ms=110|clock_delta_ms=1.10
7|clock_suspect=0
PMLE_LIVE_REPLAY_TIC|tic=620|mle_ms=99.055|monotonic_ms=100|clock_delta_ms=.945|
clock_suspect=0
PMLE_LIVE_REPLAY_TIC|tic=621|mle_ms=79.006|monotonic_ms=80|clock_delta_ms=.994|c
lock_suspect=0
PMLE_LIVE_REPLAY_TIC|tic=622|mle_ms=136.882|monotonic_ms=130|clock_delta_ms=6.88
2|clock_suspect=0
PMLE_LIVE_REPLAY_TIC|tic=623|mle_ms=84.728|monotonic_ms=90|clock_delta_ms=5.272|
clock_suspect=0
PMLE_LIVE_REPLAY_TIC|tic=624|mle_ms=113.086|monotonic_ms=110|clock_delta_ms=3.08
6|clock_suspect=0
PMLE_LIVE_REPLAY_TIC|tic=625|mle_ms=87.763|monotonic_ms=90|clock_delta_ms=2.237|
clock_suspect=0
PMLE_LIVE_REPLAY_TIC|tic=626|mle_ms=113.717|monotonic_ms=110|clock_delta_ms=3.71
7|clock_suspect=0
PMLE_LIVE_REPLAY_TIC|tic=627|mle_ms=94.21|monotonic_ms=100|clock_delta_ms=5.79|c
lock_suspect=0
PMLE_LIVE_REPLAY_TIC|tic=628|mle_ms=110.801|monotonic_ms=110|clock_delta_ms=.801
|clock_suspect=0
PMLE_LIVE_REPLAY_TIC|tic=629|mle_ms=109.88|monotonic_ms=110|clock_delta_ms=.12|c
lock_suspect=0
PMLE_LIVE_REPLAY_TIC|tic=630|mle_ms=126.695|monotonic_ms=130|clock_delta_ms=3.30
5|clock_suspect=0
PMLE_LIVE_REPLAY_TIC|tic=631|mle_ms=83.203|monotonic_ms=80|clock_delta_ms=3.203|
clock_suspect=0
PMLE_LIVE_REPLAY_TIC|tic=632|mle_ms=99.579|monotonic_ms=100|clock_delta_ms=.421|
clock_suspect=0
PMLE_LIVE_REPLAY_TIC|tic=633|mle_ms=102.352|monotonic_ms=100|clock_delta_ms=2.35
2|clock_suspect=0
PMLE_LIVE_REPLAY_TIC|tic=634|mle_ms=120.709|monotonic_ms=120|clock_delta_ms=.709
|clock_suspect=0
PMLE_LIVE_REPLAY_TIC|tic=635|mle_ms=108.423|monotonic_ms=110|clock_delta_ms=1.57
7|clock_suspect=0
PMLE_LIVE_REPLAY_TIC|tic=636|mle_ms=97.885|monotonic_ms=100|clock_delta_ms=2.115
|clock_suspect=0
PMLE_LIVE_REPLAY_TIC|tic=637|mle_ms=190.184|monotonic_ms=190|clock_delta_ms=.184
|clock_suspect=0
PMLE_LIVE_REPLAY_TIC|tic=638|mle_ms=98.704|monotonic_ms=100|clock_delta_ms=1.296
|clock_suspect=0
PMLE_LIVE_REPLAY_TIC|tic=639|mle_ms=83.499|monotonic_ms=80|clock_delta_ms=3.499|
clock_suspect=0
PMLE_LIVE_REPLAY_TIC|tic=640|mle_ms=87.18|monotonic_ms=90|clock_delta_ms=2.82|cl
ock_suspect=0
PMLE_LIVE_REPLAY_TIC|tic=641|mle_ms=120.2|monotonic_ms=120|clock_delta_ms=.2|clo
ck_suspect=0
PMLE_LIVE_REPLAY_TIC|tic=642|mle_ms=106.328|monotonic_ms=110|clock_delta_ms=3.67
2|clock_suspect=0
PMLE_LIVE_REPLAY_TIC|tic=643|mle_ms=87.805|monotonic_ms=80|clock_delta_ms=7.805|
clock_suspect=0
PMLE_LIVE_REPLAY_TIC|tic=644|mle_ms=95.65|monotonic_ms=100|clock_delta_ms=4.35|c
lock_suspect=0
PMLE_LIVE_REPLAY_TIC|tic=645|mle_ms=54.804|monotonic_ms=50|clock_delta_ms=4.804|
clock_suspect=0
PMLE_LIVE_REPLAY_TIC|tic=646|mle_ms=140.676|monotonic_ms=140|clock_delta_ms=.676
|clock_suspect=0
PMLE_LIVE_REPLAY_TIC|tic=647|mle_ms=123.091|monotonic_ms=130|clock_delta_ms=6.90
9|clock_suspect=0
PMLE_LIVE_REPLAY_TIC|tic=648|mle_ms=100.794|monotonic_ms=100|clock_delta_ms=.794
|clock_suspect=0
PMLE_LIVE_REPLAY_TIC|tic=649|mle_ms=105.222|monotonic_ms=100|clock_delta_ms=5.22
2|clock_suspect=0
PMLE_LIVE_REPLAY_TIC|tic=650|mle_ms=97.04|monotonic_ms=100|clock_delta_ms=2.96|c
lock_suspect=0
PMLE_LIVE_REPLAY_TIC|tic=651|mle_ms=48.149|monotonic_ms=50|clock_delta_ms=1.851|
clock_suspect=0
PMLE_LIVE_REPLAY_TIC|tic=652|mle_ms=103.17|monotonic_ms=100|clock_delta_ms=3.17|
clock_suspect=0
PMLE_LIVE_REPLAY_TIC|tic=653|mle_ms=102.732|monotonic_ms=110|clock_delta_ms=7.26
8|clock_suspect=0
PMLE_LIVE_REPLAY_TIC|tic=654|mle_ms=152.827|monotonic_ms=150|clock_delta_ms=2.82
7|clock_suspect=0
PMLE_LIVE_REPLAY_TIC|tic=655|mle_ms=85.8|monotonic_ms=80|clock_delta_ms=5.8|cloc
k_suspect=0
PMLE_LIVE_REPLAY_TIC|tic=656|mle_ms=139.258|monotonic_ms=140|clock_delta_ms=.742
|clock_suspect=0
PMLE_LIVE_REPLAY_TIC|tic=657|mle_ms=78.276|monotonic_ms=80|clock_delta_ms=1.724|
clock_suspect=0
PMLE_LIVE_REPLAY_TIC|tic=658|mle_ms=138.291|monotonic_ms=140|clock_delta_ms=1.70
9|clock_suspect=0
PMLE_LIVE_REPLAY_TIC|tic=659|mle_ms=80.231|monotonic_ms=80|clock_delta_ms=.231|c
lock_suspect=0
PMLE_LIVE_REPLAY_TIC|tic=660|mle_ms=179.267|monotonic_ms=180|clock_delta_ms=.733
|clock_suspect=0
PMLE_LIVE_REPLAY_TIC|tic=661|mle_ms=119.552|monotonic_ms=120|clock_delta_ms=.448
|clock_suspect=0
PMLE_LIVE_REPLAY_TIC|tic=662|mle_ms=121.902|monotonic_ms=120|clock_delta_ms=1.90
2|clock_suspect=0
PMLE_LIVE_REPLAY_TIC|tic=663|mle_ms=49.091|monotonic_ms=50|clock_delta_ms=.909|c
lock_suspect=0
PMLE_LIVE_REPLAY_TIC|tic=664|mle_ms=188.699|monotonic_ms=190|clock_delta_ms=1.30
1|clock_suspect=0
PMLE_LIVE_REPLAY_TIC|tic=665|mle_ms=115.128|monotonic_ms=110|clock_delta_ms=5.12
8|clock_suspect=0
PMLE_LIVE_REPLAY_TIC|tic=666|mle_ms=114.715|monotonic_ms=120|clock_delta_ms=5.28
5|clock_suspect=0
PMLE_LIVE_REPLAY_TIC|tic=667|mle_ms=140.614|monotonic_ms=140|clock_delta_ms=.614
|clock_suspect=0
PMLE_LIVE_REPLAY_TIC|tic=668|mle_ms=142.816|monotonic_ms=140|clock_delta_ms=2.81
6|clock_suspect=0
PMLE_LIVE_REPLAY_TIC|tic=669|mle_ms=61.358|monotonic_ms=60|clock_delta_ms=1.358|
clock_suspect=0
PMLE_LIVE_REPLAY_TIC|tic=670|mle_ms=147.923|monotonic_ms=150|clock_delta_ms=2.07
7|clock_suspect=0
PMLE_LIVE_REPLAY_TIC|tic=671|mle_ms=130.288|monotonic_ms=130|clock_delta_ms=.288
|clock_suspect=0
PMLE_LIVE_REPLAY_TIC|tic=672|mle_ms=71.775|monotonic_ms=70|clock_delta_ms=1.775|
clock_suspect=0
PMLE_LIVE_REPLAY_TIC|tic=673|mle_ms=100.574|monotonic_ms=110|clock_delta_ms=9.42
6|clock_suspect=0
PMLE_LIVE_REPLAY_TIC|tic=674|mle_ms=106.923|monotonic_ms=100|clock_delta_ms=6.92
3|clock_suspect=0
PMLE_LIVE_REPLAY_TIC|tic=675|mle_ms=86.069|monotonic_ms=90|clock_delta_ms=3.931|
clock_suspect=0
PMLE_LIVE_REPLAY_TIC|tic=676|mle_ms=125.017|monotonic_ms=120|clock_delta_ms=5.01
7|clock_suspect=0
PMLE_LIVE_REPLAY_TIC|tic=677|mle_ms=168.991|monotonic_ms=170|clock_delta_ms=1.00
9|clock_suspect=0
PMLE_LIVE_REPLAY_TIC|tic=678|mle_ms=96.413|monotonic_ms=100|clock_delta_ms=3.587
|clock_suspect=0
PMLE_LIVE_REPLAY_TIC|tic=679|mle_ms=113.635|monotonic_ms=110|clock_delta_ms=3.63
5|clock_suspect=0
PMLE_LIVE_REPLAY_TIC|tic=680|mle_ms=168.757|monotonic_ms=170|clock_delta_ms=1.24
3|clock_suspect=0
PMLE_LIVE_REPLAY_TIC|tic=681|mle_ms=80.156|monotonic_ms=80|clock_delta_ms=.156|c
lock_suspect=0
PMLE_LIVE_REPLAY_TIC|tic=682|mle_ms=243.419|monotonic_ms=250|clock_delta_ms=6.58
1|clock_suspect=0
PMLE_LIVE_REPLAY_TIC|tic=683|mle_ms=109.875|monotonic_ms=110|clock_delta_ms=.125
|clock_suspect=0
PMLE_LIVE_REPLAY_TIC|tic=684|mle_ms=75.422|monotonic_ms=70|clock_delta_ms=5.422|
clock_suspect=0
PMLE_LIVE_REPLAY_TIC|tic=685|mle_ms=104.04|monotonic_ms=100|clock_delta_ms=4.04|
clock_suspect=0
PMLE_LIVE_REPLAY_TIC|tic=686|mle_ms=292.808|monotonic_ms=300|clock_delta_ms=7.19
2|clock_suspect=0
PMLE_LIVE_REPLAY_TIC|tic=687|mle_ms=79.124|monotonic_ms=80|clock_delta_ms=.876|c
lock_suspect=0
PMLE_LIVE_REPLAY_TIC|tic=688|mle_ms=102.571|monotonic_ms=100|clock_delta_ms=2.57
1|clock_suspect=0
PMLE_LIVE_REPLAY_TIC|tic=689|mle_ms=183.141|monotonic_ms=180|clock_delta_ms=3.14
1|clock_suspect=0
PMLE_LIVE_REPLAY_TIC|tic=690|mle_ms=109.702|monotonic_ms=110|clock_delta_ms=.298
|clock_suspect=0
PMLE_LIVE_REPLAY_TIC|tic=691|mle_ms=-13.135|monotonic_ms=120|clock_delta_ms=133.
135|clock_suspect=1
PMLE_LIVE_REPLAY_TIC|tic=692|mle_ms=123.92|monotonic_ms=120|clock_delta_ms=3.92|
clock_suspect=0
PMLE_LIVE_REPLAY_TIC|tic=693|mle_ms=50.167|monotonic_ms=50|clock_delta_ms=.167|c
lock_suspect=0
PMLE_LIVE_REPLAY_TIC|tic=694|mle_ms=111.241|monotonic_ms=110|clock_delta_ms=1.24
1|clock_suspect=0
PMLE_LIVE_REPLAY_TIC|tic=695|mle_ms=86.638|monotonic_ms=90|clock_delta_ms=3.362|
clock_suspect=0
PMLE_LIVE_REPLAY_TIC|tic=696|mle_ms=208.67|monotonic_ms=210|clock_delta_ms=1.33|
clock_suspect=0
PMLE_LIVE_REPLAY_TIC|tic=697|mle_ms=114.516|monotonic_ms=110|clock_delta_ms=4.51
6|clock_suspect=0
PMLE_LIVE_REPLAY_TIC|tic=698|mle_ms=156.21|monotonic_ms=160|clock_delta_ms=3.79|
clock_suspect=0
PMLE_LIVE_REPLAY_TIC|tic=699|mle_ms=53.261|monotonic_ms=50|clock_delta_ms=3.261|
clock_suspect=0
PMLE_LIVE_REPLAY_TIC|tic=700|mle_ms=177.688|monotonic_ms=180|clock_delta_ms=2.31
2|clock_suspect=0
PMLE_LIVE_REPLAY_TIC|tic=701|mle_ms=117.007|monotonic_ms=120|clock_delta_ms=2.99
3|clock_suspect=0
PMLE_LIVE_REPLAY_TIC|tic=702|mle_ms=69.087|monotonic_ms=70|clock_delta_ms=.913|c
lock_suspect=0
PMLE_LIVE_REPLAY_TIC|tic=703|mle_ms=59.946|monotonic_ms=60|clock_delta_ms=.054|c
lock_suspect=0
PMLE_LIVE_REPLAY_TIC|tic=704|mle_ms=87.062|monotonic_ms=80|clock_delta_ms=7.062|
clock_suspect=0
PMLE_LIVE_REPLAY_TIC|tic=705|mle_ms=39.087|monotonic_ms=40|clock_delta_ms=.913|c
lock_suspect=0
PMLE_LIVE_REPLAY_TIC|tic=706|mle_ms=74.858|monotonic_ms=80|clock_delta_ms=5.142|
clock_suspect=0
PMLE_LIVE_REPLAY_TIC|tic=707|mle_ms=240.056|monotonic_ms=240|clock_delta_ms=.056
|clock_suspect=0
PMLE_LIVE_REPLAY_TIC|tic=708|mle_ms=124.906|monotonic_ms=120|clock_delta_ms=4.90
6|clock_suspect=0
PMLE_LIVE_REPLAY_TIC|tic=709|mle_ms=60.165|monotonic_ms=60|clock_delta_ms=.165|c
lock_suspect=0
PMLE_LIVE_REPLAY_TIC|tic=710|mle_ms=116.412|monotonic_ms=120|clock_delta_ms=3.58
8|clock_suspect=0
PMLE_LIVE_REPLAY_TIC|tic=711|mle_ms=136.959|monotonic_ms=140|clock_delta_ms=3.04
1|clock_suspect=0
PMLE_LIVE_REPLAY_TIC|tic=712|mle_ms=65.481|monotonic_ms=60|clock_delta_ms=5.481|
clock_suspect=0
PMLE_LIVE_REPLAY_TIC|tic=713|mle_ms=78.5|monotonic_ms=80|clock_delta_ms=1.5|cloc
k_suspect=0
PMLE_LIVE_REPLAY_TIC|tic=714|mle_ms=67.733|monotonic_ms=70|clock_delta_ms=2.267|
clock_suspect=0
PMLE_LIVE_REPLAY_TIC|tic=715|mle_ms=36.076|monotonic_ms=30|clock_delta_ms=6.076|
clock_suspect=0
PMLE_LIVE_REPLAY_TIC|tic=716|mle_ms=98.409|monotonic_ms=100|clock_delta_ms=1.591
|clock_suspect=0
PMLE_LIVE_REPLAY_TIC|tic=717|mle_ms=69.447|monotonic_ms=70|clock_delta_ms=.553|c
lock_suspect=0
PMLE_LIVE_REPLAY_TIC|tic=718|mle_ms=51.817|monotonic_ms=50|clock_delta_ms=1.817|
clock_suspect=0
PMLE_LIVE_REPLAY_TIC|tic=719|mle_ms=60.53|monotonic_ms=60|clock_delta_ms=.53|clo
ck_suspect=0
PMLE_LIVE_REPLAY_TIC|tic=720|mle_ms=73.115|monotonic_ms=80|clock_delta_ms=6.885|
clock_suspect=0
PMLE_LIVE_REPLAY_TIC|tic=721|mle_ms=50.368|monotonic_ms=50|clock_delta_ms=.368|c
lock_suspect=0
PMLE_LIVE_REPLAY_TIC|tic=722|mle_ms=91.549|monotonic_ms=90|clock_delta_ms=1.549|
clock_suspect=0
PMLE_LIVE_REPLAY_TIC|tic=723|mle_ms=71.633|monotonic_ms=70|clock_delta_ms=1.633|
clock_suspect=0
PMLE_LIVE_REPLAY_TIC|tic=724|mle_ms=52.67|monotonic_ms=50|clock_delta_ms=2.67|cl
ock_suspect=0
PMLE_LIVE_REPLAY_TIC|tic=725|mle_ms=60.139|monotonic_ms=60|clock_delta_ms=.139|c
lock_suspect=0
PMLE_LIVE_REPLAY_TIC|tic=726|mle_ms=92.241|monotonic_ms=100|clock_delta_ms=7.759
|clock_suspect=0
PMLE_LIVE_REPLAY_TIC|tic=727|mle_ms=50.094|monotonic_ms=50|clock_delta_ms=.094|c
lock_suspect=0
PMLE_LIVE_REPLAY_TIC|tic=728|mle_ms=89.954|monotonic_ms=90|clock_delta_ms=.046|c
lock_suspect=0
PMLE_LIVE_REPLAY_TIC|tic=729|mle_ms=64.935|monotonic_ms=60|clock_delta_ms=4.935|
clock_suspect=0
PMLE_LIVE_REPLAY_TIC|tic=730|mle_ms=58.295|monotonic_ms=60|clock_delta_ms=1.705|
clock_suspect=0
PMLE_LIVE_REPLAY_TIC|tic=731|mle_ms=58.155|monotonic_ms=60|clock_delta_ms=1.845|
clock_suspect=0
PMLE_LIVE_REPLAY_TIC|tic=732|mle_ms=69.21|monotonic_ms=70|clock_delta_ms=.79|clo
ck_suspect=0
PMLE_LIVE_REPLAY_TIC|tic=733|mle_ms=48.592|monotonic_ms=50|clock_delta_ms=1.408|
clock_suspect=0
PMLE_LIVE_REPLAY_TIC|tic=734|mle_ms=106.219|monotonic_ms=100|clock_delta_ms=6.21
9|clock_suspect=0
PMLE_LIVE_REPLAY_TIC|tic=735|mle_ms=53.674|monotonic_ms=60|clock_delta_ms=6.326|
clock_suspect=0
PMLE_LIVE_REPLAY_TIC|tic=736|mle_ms=69.151|monotonic_ms=70|clock_delta_ms=.849|c
lock_suspect=0
PMLE_LIVE_REPLAY_TIC|tic=737|mle_ms=72.761|monotonic_ms=70|clock_delta_ms=2.761|
clock_suspect=0
PMLE_LIVE_REPLAY_TIC|tic=738|mle_ms=58.913|monotonic_ms=60|clock_delta_ms=1.087|
clock_suspect=0
PMLE_LIVE_REPLAY_TIC|tic=739|mle_ms=27.346|monotonic_ms=30|clock_delta_ms=2.654|
clock_suspect=0
PMLE_LIVE_REPLAY_TIC|tic=740|mle_ms=55.959|monotonic_ms=50|clock_delta_ms=5.959|
clock_suspect=0
PMLE_LIVE_REPLAY_TIC|tic=741|mle_ms=46.738|monotonic_ms=50|clock_delta_ms=3.262|
clock_suspect=0
PMLE_LIVE_REPLAY_TIC|tic=742|mle_ms=35.514|monotonic_ms=30|clock_delta_ms=5.514|
clock_suspect=0
PMLE_LIVE_REPLAY_TIC|tic=743|mle_ms=59.989|monotonic_ms=60|clock_delta_ms=.011|c
lock_suspect=0
PMLE_LIVE_REPLAY_TIC|tic=744|mle_ms=45.1|monotonic_ms=50|clock_delta_ms=4.9|cloc
k_suspect=0
PMLE_LIVE_REPLAY_TIC|tic=745|mle_ms=31.983|monotonic_ms=30|clock_delta_ms=1.983|
clock_suspect=0
PMLE_LIVE_REPLAY_TIC|tic=746|mle_ms=76.434|monotonic_ms=80|clock_delta_ms=3.566|
clock_suspect=0
PMLE_LIVE_REPLAY_TIC|tic=747|mle_ms=46.148|monotonic_ms=40|clock_delta_ms=6.148|
clock_suspect=0
PMLE_LIVE_REPLAY_TIC|tic=748|mle_ms=37.137|monotonic_ms=40|clock_delta_ms=2.863|
clock_suspect=0
PMLE_LIVE_REPLAY_TIC|tic=749|mle_ms=47.83|monotonic_ms=50|clock_delta_ms=2.17|cl
ock_suspect=0
PMLE_LIVE_REPLAY_TIC|tic=750|mle_ms=56.952|monotonic_ms=60|clock_delta_ms=3.048|
clock_suspect=0
PMLE_LIVE_REPLAY_TIC|tic=751|mle_ms=43.504|monotonic_ms=40|clock_delta_ms=3.504|
clock_suspect=0
PMLE_LIVE_REPLAY_TIC|tic=752|mle_ms=62.279|monotonic_ms=60|clock_delta_ms=2.279|
clock_suspect=0
PMLE_LIVE_REPLAY_TIC|tic=753|mle_ms=76.128|monotonic_ms=80|clock_delta_ms=3.872|
clock_suspect=0
PMLE_LIVE_REPLAY_TIC|tic=754|mle_ms=56.929|monotonic_ms=60|clock_delta_ms=3.071|
clock_suspect=0
PMLE_LIVE_REPLAY_TIC|tic=755|mle_ms=61.385|monotonic_ms=60|clock_delta_ms=1.385|
clock_suspect=0
PMLE_LIVE_REPLAY_TIC|tic=756|mle_ms=75.56|monotonic_ms=70|clock_delta_ms=5.56|cl
ock_suspect=0
PMLE_LIVE_REPLAY_TIC|tic=757|mle_ms=46.99|monotonic_ms=50|clock_delta_ms=3.01|cl
ock_suspect=0
PMLE_LIVE_REPLAY_TIC|tic=758|mle_ms=50.379|monotonic_ms=50|clock_delta_ms=.379|c
lock_suspect=0
PMLE_LIVE_REPLAY_TIC|tic=759|mle_ms=41.724|monotonic_ms=40|clock_delta_ms=1.724|
clock_suspect=0
PMLE_LIVE_REPLAY_TIC|tic=760|mle_ms=61.729|monotonic_ms=60|clock_delta_ms=1.729|
clock_suspect=0
PMLE_LIVE_REPLAY_TIC|tic=761|mle_ms=53.737|monotonic_ms=60|clock_delta_ms=6.263|
clock_suspect=0
PMLE_LIVE_REPLAY_TIC|tic=762|mle_ms=47.54|monotonic_ms=50|clock_delta_ms=2.46|cl
ock_suspect=0
PMLE_LIVE_REPLAY_TIC|tic=763|mle_ms=82.939|monotonic_ms=80|clock_delta_ms=2.939|
clock_suspect=0
PMLE_LIVE_REPLAY_TIC|tic=764|mle_ms=70.665|monotonic_ms=70|clock_delta_ms=.665|c
lock_suspect=0
PMLE_LIVE_REPLAY_TIC|tic=765|mle_ms=47.821|monotonic_ms=50|clock_delta_ms=2.179|
clock_suspect=0
PMLE_LIVE_REPLAY_TIC|tic=766|mle_ms=82.425|monotonic_ms=80|clock_delta_ms=2.425|
clock_suspect=0
PMLE_LIVE_REPLAY_TIC|tic=767|mle_ms=73.262|monotonic_ms=70|clock_delta_ms=3.262|
clock_suspect=0
PMLE_LIVE_REPLAY_TIC|tic=768|mle_ms=58.607|monotonic_ms=60|clock_delta_ms=1.393|
clock_suspect=0
PMLE_LIVE_REPLAY_TIC|tic=769|mle_ms=52.392|monotonic_ms=50|clock_delta_ms=2.392|
clock_suspect=0
PMLE_LIVE_REPLAY_TIC|tic=770|mle_ms=65.665|monotonic_ms=70|clock_delta_ms=4.335|
clock_suspect=0
PMLE_LIVE_REPLAY_TIC|tic=771|mle_ms=65.588|monotonic_ms=60|clock_delta_ms=5.588|
clock_suspect=0
PMLE_LIVE_REPLAY_TIC|tic=772|mle_ms=74.871|monotonic_ms=70|clock_delta_ms=4.871|
clock_suspect=0
PMLE_LIVE_REPLAY_TIC|tic=773|mle_ms=79.007|monotonic_ms=80|clock_delta_ms=.993|c
lock_suspect=0
PMLE_LIVE_REPLAY_TIC|tic=774|mle_ms=52.952|monotonic_ms=50|clock_delta_ms=2.952|
clock_suspect=0
PMLE_LIVE_REPLAY_TIC|tic=775|mle_ms=54.599|monotonic_ms=60|clock_delta_ms=5.401|
clock_suspect=0
PMLE_LIVE_REPLAY_TIC|tic=776|mle_ms=76.497|monotonic_ms=70|clock_delta_ms=6.497|
clock_suspect=0
PMLE_LIVE_REPLAY_TIC|tic=777|mle_ms=76.576|monotonic_ms=80|clock_delta_ms=3.424|
clock_suspect=0
PMLE_LIVE_REPLAY_TIC|tic=778|mle_ms=57.183|monotonic_ms=60|clock_delta_ms=2.817|
clock_suspect=0
PMLE_LIVE_REPLAY_TIC|tic=779|mle_ms=64.832|monotonic_ms=60|clock_delta_ms=4.832|
clock_suspect=0
PMLE_LIVE_REPLAY_TIC|tic=780|mle_ms=59.941|monotonic_ms=60|clock_delta_ms=.059|c
lock_suspect=0
PMLE_LIVE_REPLAY_TIC|tic=781|mle_ms=49.253|monotonic_ms=50|clock_delta_ms=.747|c
lock_suspect=0
PMLE_LIVE_REPLAY_TIC|tic=782|mle_ms=57.595|monotonic_ms=60|clock_delta_ms=2.405|
clock_suspect=0
PMLE_LIVE_REPLAY_TIC|tic=783|mle_ms=60.31|monotonic_ms=60|clock_delta_ms=.31|clo
ck_suspect=0
PMLE_LIVE_REPLAY_TIC|tic=784|mle_ms=46.995|monotonic_ms=50|clock_delta_ms=3.005|
clock_suspect=0
PMLE_LIVE_REPLAY_TIC|tic=785|mle_ms=62.657|monotonic_ms=60|clock_delta_ms=2.657|
clock_suspect=0
PMLE_LIVE_REPLAY_TIC|tic=786|mle_ms=70.198|monotonic_ms=70|clock_delta_ms=.198|c
lock_suspect=0
PMLE_LIVE_REPLAY_TIC|tic=787|mle_ms=62.996|monotonic_ms=60|clock_delta_ms=2.996|
clock_suspect=0
PMLE_LIVE_REPLAY_TIC|tic=788|mle_ms=74.994|monotonic_ms=80|clock_delta_ms=5.006|
clock_suspect=0
PMLE_LIVE_REPLAY_TIC|tic=789|mle_ms=57.672|monotonic_ms=60|clock_delta_ms=2.328|
clock_suspect=0
PMLE_LIVE_REPLAY_TIC|tic=790|mle_ms=65.432|monotonic_ms=60|clock_delta_ms=5.432|
clock_suspect=0
PMLE_LIVE_REPLAY_TIC|tic=791|mle_ms=69.197|monotonic_ms=70|clock_delta_ms=.803|c
lock_suspect=0
PMLE_LIVE_REPLAY_TIC|tic=792|mle_ms=60|monotonic_ms=60|clock_delta_ms=0|clock_su
spect=0
PMLE_LIVE_REPLAY_TIC|tic=793|mle_ms=65.914|monotonic_ms=70|clock_delta_ms=4.086|
clock_suspect=0
PMLE_LIVE_REPLAY_TIC|tic=794|mle_ms=95.043|monotonic_ms=90|clock_delta_ms=5.043|
clock_suspect=0
PMLE_LIVE_REPLAY_TIC|tic=795|mle_ms=66.867|monotonic_ms=70|clock_delta_ms=3.133|
clock_suspect=0
PMLE_LIVE_REPLAY_TIC|tic=796|mle_ms=81.506|monotonic_ms=80|clock_delta_ms=1.506|
clock_suspect=0
PMLE_LIVE_REPLAY_TIC|tic=797|mle_ms=76.383|monotonic_ms=80|clock_delta_ms=3.617|
clock_suspect=0
PMLE_LIVE_REPLAY_TIC|tic=798|mle_ms=51.226|monotonic_ms=50|clock_delta_ms=1.226|
clock_suspect=0
PMLE_LIVE_REPLAY_TIC|tic=799|mle_ms=52.282|monotonic_ms=50|clock_delta_ms=2.282|
clock_suspect=0
PMLE_LIVE_REPLAY_TIC|tic=800|mle_ms=81.928|monotonic_ms=80|clock_delta_ms=1.928|
clock_suspect=0
PMLE_LIVE_REPLAY_TIC|tic=801|mle_ms=54.433|monotonic_ms=50|clock_delta_ms=4.433|
clock_suspect=0
PMLE_LIVE_REPLAY_TIC|tic=802|mle_ms=49.619|monotonic_ms=50|clock_delta_ms=.381|c
lock_suspect=0
PMLE_LIVE_REPLAY_TIC|tic=803|mle_ms=60.065|monotonic_ms=60|clock_delta_ms=.065|c
lock_suspect=0
PMLE_LIVE_REPLAY_TIC|tic=804|mle_ms=64.12|monotonic_ms=70|clock_delta_ms=5.88|cl
ock_suspect=0
PMLE_LIVE_REPLAY_TIC|tic=805|mle_ms=39.114|monotonic_ms=30|clock_delta_ms=9.114|
clock_suspect=0
PMLE_LIVE_REPLAY_TIC|tic=806|mle_ms=76.11|monotonic_ms=80|clock_delta_ms=3.89|cl
ock_suspect=0
PMLE_LIVE_REPLAY_TIC|tic=807|mle_ms=64.994|monotonic_ms=70|clock_delta_ms=5.006|
clock_suspect=0
PMLE_LIVE_REPLAY_TIC|tic=808|mle_ms=45.579|monotonic_ms=40|clock_delta_ms=5.579|
clock_suspect=0
PMLE_LIVE_REPLAY_TIC|tic=809|mle_ms=48.985|monotonic_ms=50|clock_delta_ms=1.015|
clock_suspect=0
PMLE_LIVE_REPLAY_TIC|tic=810|mle_ms=58.086|monotonic_ms=60|clock_delta_ms=1.914|
clock_suspect=0
PMLE_LIVE_REPLAY_TIC|tic=811|mle_ms=41.152|monotonic_ms=40|clock_delta_ms=1.152|
clock_suspect=0
PMLE_LIVE_REPLAY_TIC|tic=812|mle_ms=65.831|monotonic_ms=70|clock_delta_ms=4.169|
clock_suspect=0
PMLE_LIVE_REPLAY_TIC|tic=813|mle_ms=51.143|monotonic_ms=50|clock_delta_ms=1.143|
clock_suspect=0
PMLE_LIVE_REPLAY_TIC|tic=814|mle_ms=41.913|monotonic_ms=40|clock_delta_ms=1.913|
clock_suspect=0
PMLE_LIVE_REPLAY_TIC|tic=815|mle_ms=52.358|monotonic_ms=50|clock_delta_ms=2.358|
clock_suspect=0
PMLE_LIVE_REPLAY_TIC|tic=816|mle_ms=63.475|monotonic_ms=70|clock_delta_ms=6.525|
clock_suspect=0
PMLE_LIVE_REPLAY_TIC|tic=817|mle_ms=43.443|monotonic_ms=40|clock_delta_ms=3.443|
clock_suspect=0
PMLE_LIVE_REPLAY_TIC|tic=818|mle_ms=58.544|monotonic_ms=60|clock_delta_ms=1.456|
clock_suspect=0
PMLE_LIVE_REPLAY_TIC|tic=819|mle_ms=58.565|monotonic_ms=60|clock_delta_ms=1.435|
clock_suspect=0
PMLE_LIVE_REPLAY_TIC|tic=820|mle_ms=42.892|monotonic_ms=40|clock_delta_ms=2.892|
clock_suspect=0
PMLE_LIVE_REPLAY_TIC|tic=821|mle_ms=61.938|monotonic_ms=60|clock_delta_ms=1.938|
clock_suspect=0
PMLE_LIVE_REPLAY_TIC|tic=822|mle_ms=43.343|monotonic_ms=40|clock_delta_ms=3.343|
clock_suspect=0
PMLE_LIVE_REPLAY_TIC|tic=823|mle_ms=41.253|monotonic_ms=50|clock_delta_ms=8.747|
clock_suspect=0
PMLE_LIVE_REPLAY_TIC|tic=824|mle_ms=47.847|monotonic_ms=40|clock_delta_ms=7.847|
clock_suspect=0
PMLE_LIVE_REPLAY_TIC|tic=825|mle_ms=45.794|monotonic_ms=50|clock_delta_ms=4.206|
clock_suspect=0
PMLE_LIVE_REPLAY_TIC|tic=826|mle_ms=52.967|monotonic_ms=50|clock_delta_ms=2.967|
clock_suspect=0
PMLE_LIVE_REPLAY_TIC|tic=827|mle_ms=38.15|monotonic_ms=40|clock_delta_ms=1.85|cl
ock_suspect=0
PMLE_LIVE_REPLAY_TIC|tic=828|mle_ms=52.676|monotonic_ms=50|clock_delta_ms=2.676|
clock_suspect=0
PMLE_LIVE_REPLAY_TIC|tic=829|mle_ms=34.292|monotonic_ms=40|clock_delta_ms=5.708|
clock_suspect=0
PMLE_LIVE_REPLAY_TIC|tic=830|mle_ms=47.135|monotonic_ms=50|clock_delta_ms=2.865|
clock_suspect=0
PMLE_LIVE_REPLAY_TIC|tic=831|mle_ms=50.418|monotonic_ms=50|clock_delta_ms=.418|c
lock_suspect=0
PMLE_LIVE_REPLAY_TIC|tic=832|mle_ms=32.982|monotonic_ms=30|clock_delta_ms=2.982|
clock_suspect=0
PMLE_LIVE_REPLAY_TIC|tic=833|mle_ms=48.105|monotonic_ms=50|clock_delta_ms=1.895|
clock_suspect=0
PMLE_LIVE_REPLAY_TIC|tic=834|mle_ms=47.202|monotonic_ms=40|clock_delta_ms=7.202|
clock_suspect=0
PMLE_LIVE_REPLAY_TIC|tic=835|mle_ms=39.24|monotonic_ms=40|clock_delta_ms=.76|clo
ck_suspect=0
PMLE_LIVE_REPLAY_TIC|tic=836|mle_ms=56.142|monotonic_ms=60|clock_delta_ms=3.858|
clock_suspect=0
PMLE_LIVE_REPLAY_TIC|tic=837|mle_ms=59.494|monotonic_ms=60|clock_delta_ms=.506|c
lock_suspect=0
PMLE_LIVE_REPLAY_TIC|tic=838|mle_ms=42.493|monotonic_ms=40|clock_delta_ms=2.493|
clock_suspect=0
PMLE_LIVE_REPLAY_TIC|tic=839|mle_ms=45.466|monotonic_ms=50|clock_delta_ms=4.534|
clock_suspect=0
PMLE_LIVE_REPLAY_TIC|tic=840|mle_ms=64.21|monotonic_ms=60|clock_delta_ms=4.21|cl
ock_suspect=0
PMLE_LIVE_REPLAY_TIC|tic=841|mle_ms=100.339|monotonic_ms=100|clock_delta_ms=.339
|clock_suspect=0
PMLE_LIVE_REPLAY_TIC|tic=842|mle_ms=67.782|monotonic_ms=70|clock_delta_ms=2.218|
clock_suspect=0
PMLE_LIVE_REPLAY_TIC|tic=843|mle_ms=119.972|monotonic_ms=120|clock_delta_ms=.028
|clock_suspect=0
PMLE_LIVE_REPLAY_TIC|tic=844|mle_ms=53.908|monotonic_ms=50|clock_delta_ms=3.908|
clock_suspect=0
PMLE_LIVE_REPLAY_TIC|tic=845|mle_ms=52.302|monotonic_ms=60|clock_delta_ms=7.698|
clock_suspect=0
PMLE_LIVE_REPLAY_TIC|tic=846|mle_ms=136.63|monotonic_ms=130|clock_delta_ms=6.63|
clock_suspect=0
PMLE_LIVE_REPLAY_TIC|tic=847|mle_ms=50.365|monotonic_ms=50|clock_delta_ms=.365|c
lock_suspect=0
PMLE_LIVE_REPLAY_TIC|tic=848|mle_ms=62.606|monotonic_ms=70|clock_delta_ms=7.394|
clock_suspect=0
PMLE_LIVE_REPLAY_TIC|tic=849|mle_ms=80.446|monotonic_ms=80|clock_delta_ms=.446|c
lock_suspect=0
PMLE_LIVE_REPLAY_TIC|tic=850|mle_ms=49.043|monotonic_ms=50|clock_delta_ms=.957|c
lock_suspect=0
PMLE_LIVE_REPLAY_TIC|tic=851|mle_ms=86.252|monotonic_ms=80|clock_delta_ms=6.252|
clock_suspect=0
PMLE_LIVE_REPLAY_TIC|tic=852|mle_ms=107.629|monotonic_ms=110|clock_delta_ms=2.37
1|clock_suspect=0
PMLE_LIVE_REPLAY_TIC|tic=853|mle_ms=107.766|monotonic_ms=110|clock_delta_ms=2.23
4|clock_suspect=0
PMLE_LIVE_REPLAY_TIC|tic=854|mle_ms=70.391|monotonic_ms=70|clock_delta_ms=.391|c
lock_suspect=0
PMLE_LIVE_REPLAY_TIC|tic=855|mle_ms=79.632|monotonic_ms=80|clock_delta_ms=.368|c
lock_suspect=0
PMLE_LIVE_REPLAY_TIC|tic=856|mle_ms=69.538|monotonic_ms=70|clock_delta_ms=.462|c
lock_suspect=0
PMLE_LIVE_REPLAY_TIC|tic=857|mle_ms=61.675|monotonic_ms=60|clock_delta_ms=1.675|
clock_suspect=0
PMLE_LIVE_REPLAY_TIC|tic=858|mle_ms=73.858|monotonic_ms=70|clock_delta_ms=3.858|
clock_suspect=0
PMLE_LIVE_REPLAY_TIC|tic=859|mle_ms=42.057|monotonic_ms=50|clock_delta_ms=7.943|
clock_suspect=0
PMLE_LIVE_REPLAY_TIC|tic=860|mle_ms=66.383|monotonic_ms=60|clock_delta_ms=6.383|
clock_suspect=0
PMLE_LIVE_REPLAY_TIC|tic=861|mle_ms=114.555|monotonic_ms=120|clock_delta_ms=5.44
5|clock_suspect=0
PMLE_LIVE_REPLAY_TIC|tic=862|mle_ms=45.254|monotonic_ms=40|clock_delta_ms=5.254|
clock_suspect=0
PMLE_LIVE_REPLAY_TIC|tic=863|mle_ms=128.696|monotonic_ms=130|clock_delta_ms=1.30
4|clock_suspect=0
PMLE_LIVE_REPLAY_TIC|tic=864|mle_ms=77.892|monotonic_ms=80|clock_delta_ms=2.108|
clock_suspect=0
PMLE_LIVE_REPLAY_TIC|tic=865|mle_ms=50.518|monotonic_ms=50|clock_delta_ms=.518|c
lock_suspect=0
PMLE_LIVE_REPLAY_TIC|tic=866|mle_ms=83.677|monotonic_ms=80|clock_delta_ms=3.677|
clock_suspect=0
PMLE_LIVE_REPLAY_TIC|tic=867|mle_ms=90.613|monotonic_ms=90|clock_delta_ms=.613|c
lock_suspect=0
PMLE_LIVE_REPLAY_TIC|tic=868|mle_ms=41.072|monotonic_ms=40|clock_delta_ms=1.072|
clock_suspect=0
PMLE_LIVE_REPLAY_TIC|tic=869|mle_ms=54.848|monotonic_ms=60|clock_delta_ms=5.152|
clock_suspect=0
PMLE_LIVE_REPLAY_TIC|tic=870|mle_ms=87.883|monotonic_ms=90|clock_delta_ms=2.117|
clock_suspect=0
PMLE_LIVE_REPLAY_TIC|tic=871|mle_ms=69.76|monotonic_ms=70|clock_delta_ms=.24|clo
ck_suspect=0
PMLE_LIVE_REPLAY_TIC|tic=872|mle_ms=53.145|monotonic_ms=50|clock_delta_ms=3.145|
clock_suspect=0
PMLE_LIVE_REPLAY_TIC|tic=873|mle_ms=189.262|monotonic_ms=190|clock_delta_ms=.738
|clock_suspect=0
PMLE_LIVE_REPLAY_TIC|tic=874|mle_ms=43.193|monotonic_ms=40|clock_delta_ms=3.193|
clock_suspect=0
PMLE_LIVE_REPLAY_TIC|tic=875|mle_ms=50.501|monotonic_ms=50|clock_delta_ms=.501|c
lock_suspect=0
PMLE_LIVE_REPLAY_TIC|tic=876|mle_ms=107.154|monotonic_ms=110|clock_delta_ms=2.84
6|clock_suspect=0
PMLE_LIVE_REPLAY_TIC|tic=877|mle_ms=38.036|monotonic_ms=40|clock_delta_ms=1.964|
clock_suspect=0
PMLE_LIVE_REPLAY_TIC|tic=878|mle_ms=48.94|monotonic_ms=50|clock_delta_ms=1.06|cl
ock_suspect=0
PMLE_LIVE_REPLAY_TIC|tic=879|mle_ms=82.815|monotonic_ms=80|clock_delta_ms=2.815|
clock_suspect=0
PMLE_LIVE_REPLAY_TIC|tic=880|mle_ms=53.843|monotonic_ms=60|clock_delta_ms=6.157|
clock_suspect=0
PMLE_LIVE_REPLAY_TIC|tic=881|mle_ms=104.455|monotonic_ms=100|clock_delta_ms=4.45
5|clock_suspect=0
PMLE_LIVE_REPLAY_TIC|tic=882|mle_ms=98.642|monotonic_ms=100|clock_delta_ms=1.358
|clock_suspect=0
PMLE_LIVE_REPLAY_TIC|tic=883|mle_ms=119.081|monotonic_ms=120|clock_delta_ms=.919
|clock_suspect=0
PMLE_LIVE_REPLAY_TIC|tic=884|mle_ms=64.133|monotonic_ms=60|clock_delta_ms=4.133|
clock_suspect=0
PMLE_LIVE_REPLAY_TIC|tic=885|mle_ms=74.883|monotonic_ms=80|clock_delta_ms=5.117|
clock_suspect=0
PMLE_LIVE_REPLAY_TIC|tic=886|mle_ms=76.799|monotonic_ms=70|clock_delta_ms=6.799|
clock_suspect=0
PMLE_LIVE_REPLAY_TIC|tic=887|mle_ms=65.805|monotonic_ms=70|clock_delta_ms=4.195|
clock_suspect=0
PMLE_LIVE_REPLAY_TIC|tic=888|mle_ms=72.174|monotonic_ms=70|clock_delta_ms=2.174|
clock_suspect=0
PMLE_LIVE_REPLAY_TIC|tic=889|mle_ms=28.558|monotonic_ms=30|clock_delta_ms=1.442|
clock_suspect=0
PMLE_LIVE_REPLAY_TIC|tic=890|mle_ms=53.109|monotonic_ms=50|clock_delta_ms=3.109|
clock_suspect=0
PMLE_LIVE_REPLAY_TIC|tic=891|mle_ms=97.623|monotonic_ms=100|clock_delta_ms=2.377
|clock_suspect=0
PMLE_LIVE_REPLAY_TIC|tic=892|mle_ms=29.298|monotonic_ms=30|clock_delta_ms=.702|c
lock_suspect=0
PMLE_LIVE_REPLAY_TIC|tic=893|mle_ms=81.804|monotonic_ms=80|clock_delta_ms=1.804|
clock_suspect=0
PMLE_LIVE_REPLAY_TIC|tic=894|mle_ms=58.876|monotonic_ms=60|clock_delta_ms=1.124|
clock_suspect=0
PMLE_LIVE_REPLAY_TIC|tic=895|mle_ms=33.287|monotonic_ms=30|clock_delta_ms=3.287|
clock_suspect=0
PMLE_LIVE_REPLAY_TIC|tic=896|mle_ms=74.532|monotonic_ms=80|clock_delta_ms=5.468|
clock_suspect=0
PMLE_LIVE_REPLAY_TIC|tic=897|mle_ms=58.146|monotonic_ms=60|clock_delta_ms=1.854|
clock_suspect=0
PMLE_LIVE_REPLAY_TIC|tic=898|mle_ms=44.133|monotonic_ms=40|clock_delta_ms=4.133|
clock_suspect=0
PMLE_LIVE_REPLAY_TIC|tic=899|mle_ms=39.361|monotonic_ms=40|clock_delta_ms=.639|c
lock_suspect=0
PMLE_LIVE_REPLAY_TIC|tic=900|mle_ms=59.896|monotonic_ms=60|clock_delta_ms=.104|c
lock_suspect=0
PMLE_LIVE_REPLAY_TIC|tic=901|mle_ms=77.31|monotonic_ms=80|clock_delta_ms=2.69|cl
ock_suspect=0
PMLE_LIVE_REPLAY_TIC|tic=902|mle_ms=34.497|monotonic_ms=30|clock_delta_ms=4.497|
clock_suspect=0
PMLE_LIVE_REPLAY_TIC|tic=903|mle_ms=71.004|monotonic_ms=70|clock_delta_ms=1.004|
clock_suspect=0
PMLE_LIVE_REPLAY_TIC|tic=904|mle_ms=42.778|monotonic_ms=50|clock_delta_ms=7.222|
clock_suspect=0
PMLE_LIVE_REPLAY_TIC|tic=905|mle_ms=32.932|monotonic_ms=30|clock_delta_ms=2.932|
clock_suspect=0
PMLE_LIVE_REPLAY_TIC|tic=906|mle_ms=80.47|monotonic_ms=80|clock_delta_ms=.47|clo
ck_suspect=0
PMLE_LIVE_REPLAY_TIC|tic=907|mle_ms=41.726|monotonic_ms=40|clock_delta_ms=1.726|
clock_suspect=0
PMLE_LIVE_REPLAY_TIC|tic=908|mle_ms=39.489|monotonic_ms=40|clock_delta_ms=.511|c
lock_suspect=0
PMLE_LIVE_REPLAY_TIC|tic=909|mle_ms=51.138|monotonic_ms=50|clock_delta_ms=1.138|
clock_suspect=0
PMLE_LIVE_REPLAY_TIC|tic=910|mle_ms=49.397|monotonic_ms=50|clock_delta_ms=.603|c
lock_suspect=0
PMLE_LIVE_REPLAY_TIC|tic=911|mle_ms=74.216|monotonic_ms=80|clock_delta_ms=5.784|
clock_suspect=0
PMLE_LIVE_REPLAY_TIC|tic=912|mle_ms=68.751|monotonic_ms=60|clock_delta_ms=8.751|
clock_suspect=0
PMLE_LIVE_REPLAY_TIC|tic=913|mle_ms=71.992|monotonic_ms=80|clock_delta_ms=8.008|
clock_suspect=0
PMLE_LIVE_REPLAY_TIC|tic=914|mle_ms=69.372|monotonic_ms=70|clock_delta_ms=.628|c
lock_suspect=0
PMLE_LIVE_REPLAY_TIC|tic=915|mle_ms=57.655|monotonic_ms=50|clock_delta_ms=7.655|
clock_suspect=0
PMLE_LIVE_REPLAY_TIC|tic=916|mle_ms=116.329|monotonic_ms=120|clock_delta_ms=3.67
1|clock_suspect=0
PMLE_LIVE_REPLAY_TIC|tic=917|mle_ms=42.071|monotonic_ms=40|clock_delta_ms=2.071|
clock_suspect=0
PMLE_LIVE_REPLAY_TIC|tic=918|mle_ms=63.177|monotonic_ms=70|clock_delta_ms=6.823|
clock_suspect=0
PMLE_LIVE_REPLAY_TIC|tic=919|mle_ms=80.109|monotonic_ms=80|clock_delta_ms=.109|c
lock_suspect=0
PMLE_LIVE_REPLAY_TIC|tic=920|mle_ms=50.994|monotonic_ms=50|clock_delta_ms=.994|c
lock_suspect=0
PMLE_LIVE_REPLAY_TIC|tic=921|mle_ms=79.288|monotonic_ms=80|clock_delta_ms=.712|c
lock_suspect=0
PMLE_LIVE_REPLAY_TIC|tic=922|mle_ms=78.705|monotonic_ms=80|clock_delta_ms=1.295|
clock_suspect=0
PMLE_LIVE_REPLAY_TIC|tic=923|mle_ms=57.667|monotonic_ms=50|clock_delta_ms=7.667|
clock_suspect=0
PMLE_LIVE_REPLAY_TIC|tic=924|mle_ms=58.099|monotonic_ms=60|clock_delta_ms=1.901|
clock_suspect=0
PMLE_LIVE_REPLAY_TIC|tic=925|mle_ms=98.396|monotonic_ms=100|clock_delta_ms=1.604
|clock_suspect=0
PMLE_LIVE_REPLAY_TIC|tic=926|mle_ms=83.76|monotonic_ms=80|clock_delta_ms=3.76|cl
ock_suspect=0
PMLE_LIVE_REPLAY_TIC|tic=927|mle_ms=46.24|monotonic_ms=50|clock_delta_ms=3.76|cl
ock_suspect=0
PMLE_LIVE_REPLAY_TIC|tic=928|mle_ms=106.05|monotonic_ms=110|clock_delta_ms=3.95|
clock_suspect=0
PMLE_LIVE_REPLAY_TIC|tic=929|mle_ms=36.767|monotonic_ms=30|clock_delta_ms=6.767|
clock_suspect=0
PMLE_LIVE_REPLAY_TIC|tic=930|mle_ms=49.836|monotonic_ms=50|clock_delta_ms=.164|c
lock_suspect=0
PMLE_LIVE_REPLAY_TIC|tic=931|mle_ms=93.432|monotonic_ms=100|clock_delta_ms=6.568
|clock_suspect=0
PMLE_LIVE_REPLAY_TIC|tic=932|mle_ms=38.166|monotonic_ms=30|clock_delta_ms=8.166|
clock_suspect=0
PMLE_LIVE_REPLAY_TIC|tic=933|mle_ms=53.158|monotonic_ms=60|clock_delta_ms=6.842|
clock_suspect=0
PMLE_LIVE_REPLAY_TIC|tic=934|mle_ms=112.972|monotonic_ms=110|clock_delta_ms=2.97
2|clock_suspect=0
PMLE_LIVE_REPLAY_TIC|tic=935|mle_ms=32.55|monotonic_ms=30|clock_delta_ms=2.55|cl
ock_suspect=0
PMLE_LIVE_REPLAY_TIC|tic=936|mle_ms=83.803|monotonic_ms=90|clock_delta_ms=6.197|
clock_suspect=0
PMLE_LIVE_REPLAY_TIC|tic=937|mle_ms=80.382|monotonic_ms=80|clock_delta_ms=.382|c
lock_suspect=0
PMLE_LIVE_REPLAY_TIC|tic=938|mle_ms=42.421|monotonic_ms=40|clock_delta_ms=2.421|
clock_suspect=0
PMLE_LIVE_REPLAY_TIC|tic=939|mle_ms=31.015|monotonic_ms=30|clock_delta_ms=1.015|
clock_suspect=0
PMLE_LIVE_REPLAY_TIC|tic=940|mle_ms=107.166|monotonic_ms=110|clock_delta_ms=2.83
4|clock_suspect=0
PMLE_LIVE_REPLAY_TIC|tic=941|mle_ms=40.654|monotonic_ms=40|clock_delta_ms=.654|c
lock_suspect=0
PMLE_LIVE_REPLAY_TIC|tic=942|mle_ms=45.735|monotonic_ms=50|clock_delta_ms=4.265|
clock_suspect=0
PMLE_LIVE_REPLAY_TIC|tic=943|mle_ms=109.644|monotonic_ms=100|clock_delta_ms=9.64
4|clock_suspect=0
PMLE_LIVE_REPLAY_TIC|tic=944|mle_ms=46.504|monotonic_ms=50|clock_delta_ms=3.496|
clock_suspect=0
PMLE_LIVE_REPLAY_TIC|tic=945|mle_ms=45.759|monotonic_ms=50|clock_delta_ms=4.241|
clock_suspect=0
PMLE_LIVE_REPLAY_TIC|tic=946|mle_ms=147.819|monotonic_ms=150|clock_delta_ms=2.18
1|clock_suspect=0
PMLE_LIVE_REPLAY_TIC|tic=947|mle_ms=37.993|monotonic_ms=30|clock_delta_ms=7.993|
clock_suspect=0
PMLE_LIVE_REPLAY_TIC|tic=948|mle_ms=41.198|monotonic_ms=40|clock_delta_ms=1.198|
clock_suspect=0
PMLE_LIVE_REPLAY_TIC|tic=949|mle_ms=113.809|monotonic_ms=120|clock_delta_ms=6.19
1|clock_suspect=0
PMLE_LIVE_REPLAY_TIC|tic=950|mle_ms=49.76|monotonic_ms=50|clock_delta_ms=.24|clo
ck_suspect=0
PMLE_LIVE_REPLAY_TIC|tic=951|mle_ms=37.304|monotonic_ms=40|clock_delta_ms=2.696|
clock_suspect=0
PMLE_LIVE_REPLAY_TIC|tic=952|mle_ms=141.627|monotonic_ms=140|clock_delta_ms=1.62
7|clock_suspect=0
PMLE_LIVE_REPLAY_TIC|tic=953|mle_ms=52.015|monotonic_ms=50|clock_delta_ms=2.015|
clock_suspect=0
PMLE_LIVE_REPLAY_TIC|tic=954|mle_ms=48.382|monotonic_ms=50|clock_delta_ms=1.618|
clock_suspect=0
PMLE_LIVE_REPLAY_TIC|tic=955|mle_ms=42.561|monotonic_ms=40|clock_delta_ms=2.561|
clock_suspect=0
PMLE_LIVE_REPLAY_TIC|tic=956|mle_ms=100.943|monotonic_ms=100|clock_delta_ms=.943
|clock_suspect=0
PMLE_LIVE_REPLAY_TIC|tic=957|mle_ms=74.887|monotonic_ms=80|clock_delta_ms=5.113|
clock_suspect=0
PMLE_LIVE_REPLAY_TIC|tic=958|mle_ms=79.108|monotonic_ms=80|clock_delta_ms=.892|c
lock_suspect=0
PMLE_LIVE_REPLAY_TIC|tic=959|mle_ms=81.525|monotonic_ms=80|clock_delta_ms=1.525|
clock_suspect=0
PMLE_LIVE_REPLAY_TIC|tic=960|mle_ms=164.791|monotonic_ms=160|clock_delta_ms=4.79
1|clock_suspect=0
PMLE_LIVE_REPLAY_TIC|tic=961|mle_ms=166.163|monotonic_ms=170|clock_delta_ms=3.83
7|clock_suspect=0
PMLE_LIVE_REPLAY_TIC|tic=962|mle_ms=60.916|monotonic_ms=60|clock_delta_ms=.916|c
lock_suspect=0
PMLE_LIVE_REPLAY_TIC|tic=963|mle_ms=74.358|monotonic_ms=70|clock_delta_ms=4.358|
clock_suspect=0
PMLE_LIVE_REPLAY_TIC|tic=964|mle_ms=84.069|monotonic_ms=90|clock_delta_ms=5.931|
clock_suspect=0
PMLE_LIVE_REPLAY_TIC|tic=965|mle_ms=51.393|monotonic_ms=50|clock_delta_ms=1.393|
clock_suspect=0
PMLE_LIVE_REPLAY_TIC|tic=966|mle_ms=96.288|monotonic_ms=100|clock_delta_ms=3.712
|clock_suspect=0
PMLE_LIVE_REPLAY_TIC|tic=967|mle_ms=67.523|monotonic_ms=60|clock_delta_ms=7.523|
clock_suspect=0
PMLE_LIVE_REPLAY_TIC|tic=968|mle_ms=42.365|monotonic_ms=50|clock_delta_ms=7.635|
clock_suspect=0
PMLE_LIVE_REPLAY_TIC|tic=969|mle_ms=67.691|monotonic_ms=60|clock_delta_ms=7.691|
clock_suspect=0
PMLE_LIVE_REPLAY_TIC|tic=970|mle_ms=85.625|monotonic_ms=90|clock_delta_ms=4.375|
clock_suspect=0
PMLE_LIVE_REPLAY_TIC|tic=971|mle_ms=44.63|monotonic_ms=40|clock_delta_ms=4.63|cl
ock_suspect=0
PMLE_LIVE_REPLAY_TIC|tic=972|mle_ms=44.549|monotonic_ms=50|clock_delta_ms=5.451|
clock_suspect=0
PMLE_LIVE_REPLAY_TIC|tic=973|mle_ms=67.314|monotonic_ms=70|clock_delta_ms=2.686|
clock_suspect=0
PMLE_LIVE_REPLAY_TIC|tic=974|mle_ms=37.212|monotonic_ms=30|clock_delta_ms=7.212|
clock_suspect=0
PMLE_LIVE_REPLAY_TIC|tic=975|mle_ms=43.707|monotonic_ms=50|clock_delta_ms=6.293|
clock_suspect=0
PMLE_LIVE_REPLAY_TIC|tic=976|mle_ms=102.805|monotonic_ms=100|clock_delta_ms=2.80
5|clock_suspect=0
PMLE_LIVE_REPLAY_TIC|tic=977|mle_ms=36.425|monotonic_ms=40|clock_delta_ms=3.575|
clock_suspect=0
PMLE_LIVE_REPLAY_TIC|tic=978|mle_ms=43.783|monotonic_ms=40|clock_delta_ms=3.783|
clock_suspect=0
PMLE_LIVE_REPLAY_TIC|tic=979|mle_ms=56.107|monotonic_ms=60|clock_delta_ms=3.893|
clock_suspect=0
PMLE_LIVE_REPLAY_TIC|tic=980|mle_ms=33.003|monotonic_ms=30|clock_delta_ms=3.003|
clock_suspect=0
PMLE_LIVE_REPLAY_TIC|tic=981|mle_ms=63.81|monotonic_ms=60|clock_delta_ms=3.81|cl
ock_suspect=0
PMLE_LIVE_REPLAY_TIC|tic=982|mle_ms=67.359|monotonic_ms=70|clock_delta_ms=2.641|
clock_suspect=0
PMLE_LIVE_REPLAY_TIC|tic=983|mle_ms=44.288|monotonic_ms=50|clock_delta_ms=5.712|
clock_suspect=0
PMLE_LIVE_REPLAY_TIC|tic=984|mle_ms=49.164|monotonic_ms=40|clock_delta_ms=9.164|
clock_suspect=0
PMLE_LIVE_REPLAY_TIC|tic=985|mle_ms=48.135|monotonic_ms=50|clock_delta_ms=1.865|
clock_suspect=0
PMLE_LIVE_REPLAY_TIC|tic=986|mle_ms=73.313|monotonic_ms=80|clock_delta_ms=6.687|
clock_suspect=0
PMLE_LIVE_REPLAY_TIC|tic=987|mle_ms=58.644|monotonic_ms=50|clock_delta_ms=8.644|
clock_suspect=0
PMLE_LIVE_REPLAY_TIC|tic=988|mle_ms=-68.733|monotonic_ms=60|clock_delta_ms=128.7
33|clock_suspect=1
PMLE_LIVE_REPLAY_TIC|tic=989|mle_ms=29.131|monotonic_ms=30|clock_delta_ms=.869|c
lock_suspect=0
PMLE_LIVE_REPLAY_TIC|tic=990|mle_ms=60.314|monotonic_ms=60|clock_delta_ms=.314|c
lock_suspect=0
PMLE_LIVE_REPLAY_TIC|tic=991|mle_ms=47.931|monotonic_ms=40|clock_delta_ms=7.931|
clock_suspect=0
PMLE_LIVE_REPLAY_TIC|tic=992|mle_ms=35.148|monotonic_ms=40|clock_delta_ms=4.852|
clock_suspect=0
PMLE_LIVE_REPLAY_TIC|tic=993|mle_ms=66.93|monotonic_ms=70|clock_delta_ms=3.07|cl
ock_suspect=0
PMLE_LIVE_REPLAY_TIC|tic=994|mle_ms=46.035|monotonic_ms=40|clock_delta_ms=6.035|
clock_suspect=0
PMLE_LIVE_REPLAY_TIC|tic=995|mle_ms=30.493|monotonic_ms=30|clock_delta_ms=.493|c
lock_suspect=0
PMLE_LIVE_REPLAY_TIC|tic=996|mle_ms=88.38|monotonic_ms=90|clock_delta_ms=1.62|cl
ock_suspect=0
PMLE_LIVE_REPLAY_TIC|tic=997|mle_ms=45.442|monotonic_ms=50|clock_delta_ms=4.558|
clock_suspect=0
PMLE_LIVE_REPLAY_TIC|tic=998|mle_ms=26.778|monotonic_ms=20|clock_delta_ms=6.778|
clock_suspect=0
PMLE_LIVE_REPLAY_TIC|tic=999|mle_ms=48.581|monotonic_ms=50|clock_delta_ms=1.419|
clock_suspect=0
PMLE_LIVE_REPLAY_TIC|tic=1000|mle_ms=44.696|monotonic_ms=50|clock_delta_ms=5.304
|clock_suspect=0
PMLE_LIVE_REPLAY_TIC|tic=1001|mle_ms=32.178|monotonic_ms=30|clock_delta_ms=2.178
|clock_suspect=0
PMLE_LIVE_REPLAY_TIC|tic=1002|mle_ms=49.391|monotonic_ms=50|clock_delta_ms=.609|
clock_suspect=0
PMLE_LIVE_REPLAY_TIC|tic=1003|mle_ms=58.66|monotonic_ms=60|clock_delta_ms=1.34|c
lock_suspect=0
PMLE_LIVE_REPLAY_TIC|tic=1004|mle_ms=240.105|monotonic_ms=240|clock_delta_ms=.10
5|clock_suspect=0
PMLE_LIVE_REPLAY_TIC|tic=1005|mle_ms=56.978|monotonic_ms=60|clock_delta_ms=3.022
|clock_suspect=0
PMLE_LIVE_REPLAY_TIC|tic=1006|mle_ms=105.461|monotonic_ms=100|clock_delta_ms=5.4
61|clock_suspect=0
PMLE_LIVE_REPLAY_TIC|tic=1007|mle_ms=300.694|monotonic_ms=300|clock_delta_ms=.69
4|clock_suspect=0
PMLE_LIVE_REPLAY_TIC|tic=1008|mle_ms=53.838|monotonic_ms=60|clock_delta_ms=6.162
|clock_suspect=0
PMLE_LIVE_REPLAY_TIC|tic=1009|mle_ms=49.069|monotonic_ms=50|clock_delta_ms=.931|
clock_suspect=0
PMLE_LIVE_REPLAY_TIC|tic=1010|mle_ms=56.76|monotonic_ms=50|clock_delta_ms=6.76|c
lock_suspect=0
PMLE_LIVE_REPLAY_TIC|tic=1011|mle_ms=59.073|monotonic_ms=60|clock_delta_ms=.927|
clock_suspect=0
PMLE_LIVE_REPLAY_TIC|tic=1012|mle_ms=40.823|monotonic_ms=40|clock_delta_ms=.823|
clock_suspect=0
PMLE_LIVE_REPLAY_TIC|tic=1013|mle_ms=54.784|monotonic_ms=60|clock_delta_ms=5.216
|clock_suspect=0
PMLE_LIVE_REPLAY_TIC|tic=1014|mle_ms=71.982|monotonic_ms=70|clock_delta_ms=1.982
|clock_suspect=0
PMLE_LIVE_REPLAY_TIC|tic=1015|mle_ms=63.077|monotonic_ms=60|clock_delta_ms=3.077
|clock_suspect=0
PMLE_LIVE_REPLAY_TIC|tic=1016|mle_ms=73.97|monotonic_ms=80|clock_delta_ms=6.03|c
lock_suspect=0
PMLE_LIVE_REPLAY_TIC|tic=1017|mle_ms=60.16|monotonic_ms=60|clock_delta_ms=.16|cl
ock_suspect=0
PMLE_LIVE_REPLAY_TIC|tic=1018|mle_ms=52.654|monotonic_ms=50|clock_delta_ms=2.654
|clock_suspect=0
PMLE_LIVE_REPLAY_TIC|tic=1019|mle_ms=36.488|monotonic_ms=40|clock_delta_ms=3.512
|clock_suspect=0
PMLE_LIVE_REPLAY_TIC|tic=1020|mle_ms=41.521|monotonic_ms=40|clock_delta_ms=1.521
|clock_suspect=0
PMLE_LIVE_REPLAY_TIC|tic=1021|mle_ms=55.121|monotonic_ms=50|clock_delta_ms=5.121
|clock_suspect=0
PMLE_LIVE_REPLAY_TIC|tic=1022|mle_ms=44.932|monotonic_ms=50|clock_delta_ms=5.068
|clock_suspect=0
PMLE_LIVE_REPLAY_TIC|tic=1023|mle_ms=66.257|monotonic_ms=60|clock_delta_ms=6.257
|clock_suspect=0
PMLE_LIVE_REPLAY_TIC|tic=1024|mle_ms=59.339|monotonic_ms=60|clock_delta_ms=.661|
clock_suspect=0
PMLE_LIVE_REPLAY_TIC|tic=1025|mle_ms=38.825|monotonic_ms=40|clock_delta_ms=1.175
|clock_suspect=0
PMLE_LIVE_REPLAY_TIC|tic=1026|mle_ms=79.217|monotonic_ms=80|clock_delta_ms=.783|
clock_suspect=0
PMLE_LIVE_REPLAY_TIC|tic=1027|mle_ms=65.051|monotonic_ms=70|clock_delta_ms=4.949
|clock_suspect=0
PMLE_LIVE_REPLAY_TIC|tic=1028|mle_ms=41.575|monotonic_ms=40|clock_delta_ms=1.575
|clock_suspect=0
PMLE_LIVE_REPLAY_TIC|tic=1029|mle_ms=41.715|monotonic_ms=40|clock_delta_ms=1.715
|clock_suspect=0
PMLE_LIVE_REPLAY_TIC|tic=1030|mle_ms=43.028|monotonic_ms=40|clock_delta_ms=3.028
|clock_suspect=0
PMLE_LIVE_REPLAY_TIC|tic=1031|mle_ms=50.042|monotonic_ms=50|clock_delta_ms=.042|
clock_suspect=0
PMLE_LIVE_REPLAY_TIC|tic=1032|mle_ms=43.624|monotonic_ms=50|clock_delta_ms=6.376
|clock_suspect=0
PMLE_LIVE_REPLAY_TIC|tic=1033|mle_ms=70.71|monotonic_ms=70|clock_delta_ms=.71|cl
ock_suspect=0
PMLE_LIVE_REPLAY_TIC|tic=1034|mle_ms=60.265|monotonic_ms=60|clock_delta_ms=.265|
clock_suspect=0
PMLE_LIVE_REPLAY_TIC|tic=1035|mle_ms=41.71|monotonic_ms=40|clock_delta_ms=1.71|c
lock_suspect=0
PMLE_LIVE_REPLAY_TIC|tic=1036|mle_ms=47.779|monotonic_ms=50|clock_delta_ms=2.221
|clock_suspect=0
PMLE_LIVE_REPLAY_TIC|tic=1037|mle_ms=52.742|monotonic_ms=50|clock_delta_ms=2.742
|clock_suspect=0
PMLE_LIVE_REPLAY_TIC|tic=1038|mle_ms=54.539|monotonic_ms=60|clock_delta_ms=5.461
|clock_suspect=0
PMLE_LIVE_REPLAY_TIC|tic=1039|mle_ms=48.123|monotonic_ms=40|clock_delta_ms=8.123
|clock_suspect=0
PMLE_LIVE_REPLAY_TIC|tic=1040|mle_ms=34.794|monotonic_ms=40|clock_delta_ms=5.206
|clock_suspect=0
PMLE_LIVE_REPLAY_TIC|tic=1041|mle_ms=56.994|monotonic_ms=60|clock_delta_ms=3.006
|clock_suspect=0
PMLE_LIVE_REPLAY_TIC|tic=1042|mle_ms=61.067|monotonic_ms=60|clock_delta_ms=1.067
|clock_suspect=0
PMLE_LIVE_REPLAY_TIC|tic=1043|mle_ms=48.049|monotonic_ms=50|clock_delta_ms=1.951
|clock_suspect=0
PMLE_LIVE_REPLAY_TIC|tic=1044|mle_ms=64.42|monotonic_ms=60|clock_delta_ms=4.42|c
lock_suspect=0
PMLE_LIVE_REPLAY_TIC|tic=1045|mle_ms=29.474|monotonic_ms=30|clock_delta_ms=.526|
clock_suspect=0
PMLE_LIVE_REPLAY_TIC|tic=1046|mle_ms=38.83|monotonic_ms=40|clock_delta_ms=1.17|c
lock_suspect=0
PMLE_LIVE_REPLAY_TIC|tic=1047|mle_ms=56.429|monotonic_ms=50|clock_delta_ms=6.429
|clock_suspect=0
PMLE_LIVE_REPLAY_TIC|tic=1048|mle_ms=119.172|monotonic_ms=120|clock_delta_ms=.82
8|clock_suspect=0
PMLE_LIVE_REPLAY_TIC|tic=1049|mle_ms=59.229|monotonic_ms=60|clock_delta_ms=.771|
clock_suspect=0
PMLE_LIVE_REPLAY_TIC|tic=1050|mle_ms=69.779|monotonic_ms=70|clock_delta_ms=.221|
clock_suspect=0
PMLE_LIVE_REPLAY_TIC|tic=1051|mle_ms=59.519|monotonic_ms=60|clock_delta_ms=.481|
clock_suspect=0
PMLE_LIVE_REPLAY_TIC|tic=1052|mle_ms=43.768|monotonic_ms=50|clock_delta_ms=6.232
|clock_suspect=0
PMLE_LIVE_REPLAY_TIC|tic=1053|mle_ms=257.145|monotonic_ms=250|clock_delta_ms=7.1
45|clock_suspect=0
PMLE_LIVE_REPLAY_TIC|tic=1054|mle_ms=36.07|monotonic_ms=40|clock_delta_ms=3.93|c
lock_suspect=0
PMLE_LIVE_REPLAY_TIC|tic=1055|mle_ms=30.238|monotonic_ms=30|clock_delta_ms=.238|
clock_suspect=0
PMLE_LIVE_REPLAY_TIC|tic=1056|mle_ms=178.239|monotonic_ms=180|clock_delta_ms=1.7
61|clock_suspect=0
PMLE_LIVE_REPLAY_TIC|tic=1057|mle_ms=42.983|monotonic_ms=40|clock_delta_ms=2.983
|clock_suspect=0
PMLE_LIVE_REPLAY_TIC|tic=1058|mle_ms=45.473|monotonic_ms=50|clock_delta_ms=4.527
|clock_suspect=0
PMLE_LIVE_REPLAY_TIC|tic=1059|mle_ms=42.714|monotonic_ms=40|clock_delta_ms=2.714
|clock_suspect=0
PMLE_LIVE_REPLAY_TIC|tic=1060|mle_ms=40.478|monotonic_ms=40|clock_delta_ms=.478|
clock_suspect=0
PMLE_LIVE_REPLAY_TIC|tic=1061|mle_ms=42.911|monotonic_ms=40|clock_delta_ms=2.911
|clock_suspect=0
PMLE_LIVE_REPLAY_TIC|tic=1062|mle_ms=32.313|monotonic_ms=40|clock_delta_ms=7.687
|clock_suspect=0
PMLE_LIVE_REPLAY_TIC|tic=1063|mle_ms=47.498|monotonic_ms=40|clock_delta_ms=7.498
|clock_suspect=0
PMLE_LIVE_REPLAY_TIC|tic=1064|mle_ms=45.613|monotonic_ms=50|clock_delta_ms=4.387
|clock_suspect=0
PMLE_LIVE_REPLAY_TIC|tic=1065|mle_ms=36.627|monotonic_ms=40|clock_delta_ms=3.373
|clock_suspect=0
PMLE_LIVE_REPLAY_TIC|tic=1066|mle_ms=42.607|monotonic_ms=40|clock_delta_ms=2.607
|clock_suspect=0
PMLE_LIVE_REPLAY_TIC|tic=1067|mle_ms=47.298|monotonic_ms=50|clock_delta_ms=2.702
|clock_suspect=0
PMLE_LIVE_REPLAY_TIC|tic=1068|mle_ms=38.754|monotonic_ms=40|clock_delta_ms=1.246
|clock_suspect=0
PMLE_LIVE_REPLAY_TIC|tic=1069|mle_ms=37.616|monotonic_ms=30|clock_delta_ms=7.616
|clock_suspect=0
PMLE_LIVE_REPLAY_TIC|tic=1070|mle_ms=31.113|monotonic_ms=30|clock_delta_ms=1.113
|clock_suspect=0
PMLE_LIVE_REPLAY_TIC|tic=1071|mle_ms=38.389|monotonic_ms=40|clock_delta_ms=1.611
|clock_suspect=0
PMLE_LIVE_REPLAY_TIC|tic=1072|mle_ms=48.634|monotonic_ms=50|clock_delta_ms=1.366
|clock_suspect=0
PMLE_LIVE_REPLAY_TIC|tic=1073|mle_ms=34.547|monotonic_ms=40|clock_delta_ms=5.453
|clock_suspect=0
PMLE_LIVE_REPLAY_TIC|tic=1074|mle_ms=43.464|monotonic_ms=40|clock_delta_ms=3.464
|clock_suspect=0
PMLE_LIVE_REPLAY_TIC|tic=1075|mle_ms=30.1|monotonic_ms=30|clock_delta_ms=.1|cloc
k_suspect=0
PMLE_LIVE_REPLAY_TIC|tic=1076|mle_ms=41.447|monotonic_ms=40|clock_delta_ms=1.447
|clock_suspect=0
PMLE_LIVE_REPLAY_TIC|tic=1077|mle_ms=40.47|monotonic_ms=40|clock_delta_ms=.47|cl
ock_suspect=0
PMLE_LIVE_REPLAY_TIC|tic=1078|mle_ms=38.951|monotonic_ms=40|clock_delta_ms=1.049
|clock_suspect=0
PMLE_LIVE_REPLAY_TIC|tic=1079|mle_ms=31.691|monotonic_ms=30|clock_delta_ms=1.691
|clock_suspect=0
PMLE_LIVE_REPLAY_TIC|tic=1080|mle_ms=37.382|monotonic_ms=40|clock_delta_ms=2.618
|clock_suspect=0
PMLE_LIVE_REPLAY_TIC|tic=1081|mle_ms=53.62|monotonic_ms=50|clock_delta_ms=3.62|c
lock_suspect=0
PMLE_LIVE_REPLAY_TIC|tic=1082|mle_ms=29.823|monotonic_ms=30|clock_delta_ms=.177|
clock_suspect=0
PMLE_LIVE_REPLAY_TIC|tic=1083|mle_ms=27.49|monotonic_ms=30|clock_delta_ms=2.51|c
lock_suspect=0
PMLE_LIVE_REPLAY_TIC|tic=1084|mle_ms=57.742|monotonic_ms=60|clock_delta_ms=2.258
|clock_suspect=0
PMLE_LIVE_REPLAY_TIC|tic=1085|mle_ms=26.829|monotonic_ms=30|clock_delta_ms=3.171
|clock_suspect=0
PMLE_LIVE_REPLAY_TIC|tic=1086|mle_ms=30.087|monotonic_ms=30|clock_delta_ms=.087|
clock_suspect=0
PMLE_LIVE_REPLAY_TIC|tic=1087|mle_ms=42.277|monotonic_ms=40|clock_delta_ms=2.277
|clock_suspect=0
PMLE_LIVE_REPLAY_TIC|tic=1088|mle_ms=43.556|monotonic_ms=40|clock_delta_ms=3.556
|clock_suspect=0
PMLE_LIVE_REPLAY_TIC|tic=1089|mle_ms=31.887|monotonic_ms=30|clock_delta_ms=1.887
|clock_suspect=0
PMLE_LIVE_REPLAY_TIC|tic=1090|mle_ms=44.79|monotonic_ms=50|clock_delta_ms=5.21|c
lock_suspect=0
PMLE_LIVE_REPLAY_TIC|tic=1091|mle_ms=46.179|monotonic_ms=50|clock_delta_ms=3.821
|clock_suspect=0
PMLE_LIVE_REPLAY_TIC|tic=1092|mle_ms=27.877|monotonic_ms=20|clock_delta_ms=7.877
|clock_suspect=0
PMLE_LIVE_REPLAY_TIC|tic=1093|mle_ms=39.186|monotonic_ms=40|clock_delta_ms=.814|
clock_suspect=0
PMLE_LIVE_REPLAY_TIC|tic=1094|mle_ms=33.477|monotonic_ms=40|clock_delta_ms=6.523
|clock_suspect=0
PMLE_LIVE_REPLAY_TIC|tic=1095|mle_ms=31.741|monotonic_ms=30|clock_delta_ms=1.741
|clock_suspect=0
PMLE_LIVE_REPLAY_TIC|tic=1096|mle_ms=43.846|monotonic_ms=40|clock_delta_ms=3.846
|clock_suspect=0
PMLE_LIVE_REPLAY_TIC|tic=1097|mle_ms=29.084|monotonic_ms=30|clock_delta_ms=.916|
clock_suspect=0
PMLE_LIVE_REPLAY_TIC|tic=1098|mle_ms=28.543|monotonic_ms=30|clock_delta_ms=1.457
|clock_suspect=0
PMLE_LIVE_REPLAY_TIC|tic=1099|mle_ms=41.4|monotonic_ms=40|clock_delta_ms=1.4|clo
ck_suspect=0
PMLE_LIVE_REPLAY_TIC|tic=1100|mle_ms=27.655|monotonic_ms=30|clock_delta_ms=2.345
|clock_suspect=0
PMLE_LIVE_REPLAY_TIC|tic=1101|mle_ms=59.127|monotonic_ms=60|clock_delta_ms=.873|
clock_suspect=0
PMLE_LIVE_REPLAY_TIC|tic=1102|mle_ms=57.139|monotonic_ms=60|clock_delta_ms=2.861
|clock_suspect=0
PMLE_LIVE_REPLAY_TIC|tic=1103|mle_ms=43.494|monotonic_ms=40|clock_delta_ms=3.494
|clock_suspect=0
PMLE_LIVE_REPLAY_TIC|tic=1104|mle_ms=46.034|monotonic_ms=50|clock_delta_ms=3.966
|clock_suspect=0
PMLE_LIVE_REPLAY_TIC|tic=1105|mle_ms=60.844|monotonic_ms=60|clock_delta_ms=.844|
clock_suspect=0
PMLE_LIVE_REPLAY_TIC|tic=1106|mle_ms=49.216|monotonic_ms=50|clock_delta_ms=.784|
clock_suspect=0
PMLE_LIVE_REPLAY_TIC|tic=1107|mle_ms=51.792|monotonic_ms=50|clock_delta_ms=1.792
|clock_suspect=0
PMLE_LIVE_REPLAY_TIC|tic=1108|mle_ms=58.461|monotonic_ms=60|clock_delta_ms=1.539
|clock_suspect=0
PMLE_LIVE_REPLAY_TIC|tic=1109|mle_ms=43.252|monotonic_ms=40|clock_delta_ms=3.252
|clock_suspect=0
PMLE_LIVE_REPLAY_TIC|tic=1110|mle_ms=40.279|monotonic_ms=40|clock_delta_ms=.279|
clock_suspect=0
PMLE_LIVE_REPLAY_TIC|tic=1111|mle_ms=100.699|monotonic_ms=100|clock_delta_ms=.69
9|clock_suspect=0
PMLE_LIVE_REPLAY_TIC|tic=1112|mle_ms=47.97|monotonic_ms=50|clock_delta_ms=2.03|c
lock_suspect=0
PMLE_LIVE_REPLAY_TIC|tic=1113|mle_ms=28.022|monotonic_ms=30|clock_delta_ms=1.978
|clock_suspect=0
PMLE_LIVE_REPLAY_TIC|tic=1114|mle_ms=72.833|monotonic_ms=70|clock_delta_ms=2.833
|clock_suspect=0
PMLE_LIVE_REPLAY_TIC|tic=1115|mle_ms=25.96|monotonic_ms=30|clock_delta_ms=4.04|c
lock_suspect=0
PMLE_LIVE_REPLAY_TIC|tic=1116|mle_ms=34.614|monotonic_ms=30|clock_delta_ms=4.614
|clock_suspect=0
PMLE_LIVE_REPLAY_TIC|tic=1117|mle_ms=45.063|monotonic_ms=50|clock_delta_ms=4.937
|clock_suspect=0
PMLE_LIVE_REPLAY_TIC|tic=1118|mle_ms=29.59|monotonic_ms=30|clock_delta_ms=.41|cl
ock_suspect=0
PMLE_LIVE_REPLAY_TIC|tic=1119|mle_ms=30.275|monotonic_ms=30|clock_delta_ms=.275|
clock_suspect=0
PMLE_LIVE_REPLAY_TIC|tic=1120|mle_ms=36.709|monotonic_ms=30|clock_delta_ms=6.709
|clock_suspect=0
PMLE_LIVE_REPLAY_TIC|tic=1121|mle_ms=34.511|monotonic_ms=40|clock_delta_ms=5.489
|clock_suspect=0
PMLE_LIVE_REPLAY_TIC|tic=1122|mle_ms=31.383|monotonic_ms=30|clock_delta_ms=1.383
|clock_suspect=0
PMLE_LIVE_REPLAY_TIC|tic=1123|mle_ms=38.912|monotonic_ms=40|clock_delta_ms=1.088
|clock_suspect=0
PMLE_LIVE_REPLAY_TIC|tic=1124|mle_ms=46.509|monotonic_ms=50|clock_delta_ms=3.491
|clock_suspect=0
PMLE_LIVE_REPLAY_TIC|tic=1125|mle_ms=31.034|monotonic_ms=30|clock_delta_ms=1.034
|clock_suspect=0
PMLE_LIVE_REPLAY_TIC|tic=1126|mle_ms=38.814|monotonic_ms=40|clock_delta_ms=1.186
|clock_suspect=0
PMLE_LIVE_REPLAY_TIC|tic=1127|mle_ms=33.644|monotonic_ms=30|clock_delta_ms=3.644
|clock_suspect=0
PMLE_LIVE_REPLAY_TIC|tic=1128|mle_ms=36.596|monotonic_ms=40|clock_delta_ms=3.404
|clock_suspect=0
PMLE_LIVE_REPLAY_TIC|tic=1129|mle_ms=49.525|monotonic_ms=50|clock_delta_ms=.475|
clock_suspect=0
PMLE_LIVE_REPLAY_TIC|tic=1130|mle_ms=32.649|monotonic_ms=30|clock_delta_ms=2.649
|clock_suspect=0
PMLE_LIVE_REPLAY_TIC|tic=1131|mle_ms=36.267|monotonic_ms=40|clock_delta_ms=3.733
|clock_suspect=0
PMLE_LIVE_REPLAY_TIC|tic=1132|mle_ms=49.388|monotonic_ms=40|clock_delta_ms=9.388
|clock_suspect=0
PMLE_LIVE_REPLAY_TIC|tic=1133|mle_ms=31.335|monotonic_ms=40|clock_delta_ms=8.665
|clock_suspect=0
PMLE_LIVE_REPLAY_TIC|tic=1134|mle_ms=48.378|monotonic_ms=40|clock_delta_ms=8.378
|clock_suspect=0
PMLE_LIVE_REPLAY_TIC|tic=1135|mle_ms=25.95|monotonic_ms=30|clock_delta_ms=4.05|c
lock_suspect=0
PMLE_LIVE_REPLAY_TIC|tic=1136|mle_ms=22.896|monotonic_ms=20|clock_delta_ms=2.896
|clock_suspect=0
PMLE_LIVE_REPLAY_TIC|tic=1137|mle_ms=33.556|monotonic_ms=40|clock_delta_ms=6.444
|clock_suspect=0
PMLE_LIVE_REPLAY_TIC|tic=1138|mle_ms=29.379|monotonic_ms=30|clock_delta_ms=.621|
clock_suspect=0
PMLE_LIVE_REPLAY_TIC|tic=1139|mle_ms=19.725|monotonic_ms=20|clock_delta_ms=.275|
clock_suspect=0
PMLE_LIVE_REPLAY_TIC|tic=1140|mle_ms=29.915|monotonic_ms=30|clock_delta_ms=.085|
clock_suspect=0
PMLE_LIVE_REPLAY_TIC|tic=1141|mle_ms=31.312|monotonic_ms=30|clock_delta_ms=1.312
|clock_suspect=0
PMLE_LIVE_REPLAY_TIC|tic=1142|mle_ms=14.692|monotonic_ms=10|clock_delta_ms=4.692
|clock_suspect=0
PMLE_LIVE_REPLAY_TIC|tic=1143|mle_ms=26.139|monotonic_ms=30|clock_delta_ms=3.861
|clock_suspect=0
PMLE_LIVE_REPLAY_TIC|tic=1144|mle_ms=31.88|monotonic_ms=30|clock_delta_ms=1.88|c
lock_suspect=0
PMLE_LIVE_REPLAY_TIC|tic=1145|mle_ms=11.016|monotonic_ms=10|clock_delta_ms=1.016
|clock_suspect=0
PMLE_LIVE_REPLAY_TIC|tic=1146|mle_ms=228.005|monotonic_ms=230|clock_delta_ms=1.9
95|clock_suspect=0
PMLE_LIVE_REPLAY_TIC|tic=1147|mle_ms=25.517|monotonic_ms=30|clock_delta_ms=4.483
|clock_suspect=0
PMLE_LIVE_REPLAY_TIC|tic=1148|mle_ms=17.831|monotonic_ms=10|clock_delta_ms=7.831
|clock_suspect=0
PMLE_LIVE_REPLAY_TIC|tic=1149|mle_ms=193.623|monotonic_ms=200|clock_delta_ms=6.3
77|clock_suspect=0
PMLE_LIVE_REPLAY_TIC|tic=1150|mle_ms=29.508|monotonic_ms=30|clock_delta_ms=.492|
clock_suspect=0
PMLE_LIVE_REPLAY_TIC|tic=1151|mle_ms=27.233|monotonic_ms=20|clock_delta_ms=7.233
|clock_suspect=0
PMLE_LIVE_REPLAY_TIC|tic=1152|mle_ms=21.346|monotonic_ms=30|clock_delta_ms=8.654
|clock_suspect=0
PMLE_LIVE_REPLAY_TIC|tic=1153|mle_ms=45.417|monotonic_ms=40|clock_delta_ms=5.417
|clock_suspect=0
PMLE_LIVE_REPLAY_TIC|tic=1154|mle_ms=34.837|monotonic_ms=40|clock_delta_ms=5.163
|clock_suspect=0
PMLE_LIVE_REPLAY_TIC|tic=1155|mle_ms=24.783|monotonic_ms=20|clock_delta_ms=4.783
|clock_suspect=0
PMLE_LIVE_REPLAY_TIC|tic=1156|mle_ms=54.473|monotonic_ms=60|clock_delta_ms=5.527
|clock_suspect=0
PMLE_LIVE_REPLAY_TIC|tic=1157|mle_ms=44.53|monotonic_ms=40|clock_delta_ms=4.53|c
lock_suspect=0
PMLE_LIVE_REPLAY_TIC|tic=1158|mle_ms=42.867|monotonic_ms=40|clock_delta_ms=2.867
|clock_suspect=0
PMLE_LIVE_REPLAY_TIC|tic=1159|mle_ms=36.312|monotonic_ms=40|clock_delta_ms=3.688
|clock_suspect=0
PMLE_LIVE_REPLAY_TIC|tic=1160|mle_ms=38.408|monotonic_ms=40|clock_delta_ms=1.592
|clock_suspect=0
PMLE_LIVE_REPLAY_TIC|tic=1161|mle_ms=59.508|monotonic_ms=60|clock_delta_ms=.492|
clock_suspect=0
PMLE_LIVE_REPLAY_TIC|tic=1162|mle_ms=38.395|monotonic_ms=40|clock_delta_ms=1.605
|clock_suspect=0
PMLE_LIVE_REPLAY_TIC|tic=1163|mle_ms=39.106|monotonic_ms=30|clock_delta_ms=9.106
|clock_suspect=0
PMLE_LIVE_REPLAY_TIC|tic=1164|mle_ms=44.616|monotonic_ms=50|clock_delta_ms=5.384
|clock_suspect=0
PMLE_LIVE_REPLAY_TIC|tic=1165|mle_ms=34.372|monotonic_ms=30|clock_delta_ms=4.372
|clock_suspect=0
PMLE_LIVE_REPLAY_TIC|tic=1166|mle_ms=42.55|monotonic_ms=50|clock_delta_ms=7.45|c
lock_suspect=0
PMLE_LIVE_REPLAY_TIC|tic=1167|mle_ms=48.625|monotonic_ms=50|clock_delta_ms=1.375
|clock_suspect=0
PMLE_LIVE_REPLAY_TIC|tic=1168|mle_ms=46.248|monotonic_ms=40|clock_delta_ms=6.248
|clock_suspect=0
PMLE_LIVE_REPLAY_TIC|tic=1169|mle_ms=45.929|monotonic_ms=50|clock_delta_ms=4.071
|clock_suspect=0
PMLE_LIVE_REPLAY_TIC|tic=1170|mle_ms=65.93|monotonic_ms=60|clock_delta_ms=5.93|c
lock_suspect=0
PMLE_LIVE_REPLAY_TIC|tic=1171|mle_ms=68.955|monotonic_ms=70|clock_delta_ms=1.045
|clock_suspect=0
PMLE_LIVE_REPLAY_TIC|tic=1172|mle_ms=37.031|monotonic_ms=40|clock_delta_ms=2.969
|clock_suspect=0
PMLE_LIVE_REPLAY_TIC|tic=1173|mle_ms=47.528|monotonic_ms=50|clock_delta_ms=2.472
|clock_suspect=0
PMLE_LIVE_REPLAY_TIC|tic=1174|mle_ms=51.293|monotonic_ms=50|clock_delta_ms=1.293
|clock_suspect=0
PMLE_LIVE_REPLAY_TIC|tic=1175|mle_ms=52.488|monotonic_ms=50|clock_delta_ms=2.488
|clock_suspect=0
PMLE_LIVE_REPLAY_TIC|tic=1176|mle_ms=49.081|monotonic_ms=50|clock_delta_ms=.919|
clock_suspect=0
PMLE_LIVE_REPLAY_TIC|tic=1177|mle_ms=43.633|monotonic_ms=40|clock_delta_ms=3.633
|clock_suspect=0
PMLE_LIVE_REPLAY_TIC|tic=1178|mle_ms=37.356|monotonic_ms=40|clock_delta_ms=2.644
|clock_suspect=0
PMLE_LIVE_REPLAY_TIC|tic=1179|mle_ms=50.016|monotonic_ms=50|clock_delta_ms=.016|
clock_suspect=0
PMLE_LIVE_REPLAY_TIC|tic=1180|mle_ms=34.185|monotonic_ms=40|clock_delta_ms=5.815
|clock_suspect=0
PMLE_LIVE_REPLAY_TIC|tic=1181|mle_ms=40.641|monotonic_ms=40|clock_delta_ms=.641|
clock_suspect=0
PMLE_LIVE_REPLAY_TIC|tic=1182|mle_ms=45.633|monotonic_ms=40|clock_delta_ms=5.633
|clock_suspect=0
PMLE_LIVE_REPLAY_TIC|tic=1183|mle_ms=46.557|monotonic_ms=50|clock_delta_ms=3.443
|clock_suspect=0
PMLE_LIVE_REPLAY_TIC|tic=1184|mle_ms=61.985|monotonic_ms=60|clock_delta_ms=1.985
|clock_suspect=0
PMLE_LIVE_REPLAY_TIC|tic=1185|mle_ms=42.708|monotonic_ms=40|clock_delta_ms=2.708
|clock_suspect=0
PMLE_LIVE_REPLAY_TIC|tic=1186|mle_ms=41.219|monotonic_ms=50|clock_delta_ms=8.781
|clock_suspect=0
PMLE_LIVE_REPLAY_TIC|tic=1187|mle_ms=37.608|monotonic_ms=30|clock_delta_ms=7.608
|clock_suspect=0
PMLE_LIVE_REPLAY_TIC|tic=1188|mle_ms=42.96|monotonic_ms=50|clock_delta_ms=7.04|c
lock_suspect=0
PMLE_LIVE_REPLAY_TIC|tic=1189|mle_ms=39.201|monotonic_ms=40|clock_delta_ms=.799|
clock_suspect=0
PMLE_LIVE_REPLAY_TIC|tic=1190|mle_ms=33.489|monotonic_ms=30|clock_delta_ms=3.489
|clock_suspect=0
PMLE_LIVE_REPLAY_TIC|tic=1191|mle_ms=44.605|monotonic_ms=40|clock_delta_ms=4.605
|clock_suspect=0
PMLE_LIVE_REPLAY_TIC|tic=1192|mle_ms=32.215|monotonic_ms=40|clock_delta_ms=7.785
|clock_suspect=0
PMLE_LIVE_REPLAY_TIC|tic=1193|mle_ms=248.451|monotonic_ms=240|clock_delta_ms=8.4
51|clock_suspect=0
PMLE_LIVE_REPLAY_TIC|tic=1194|mle_ms=48.567|monotonic_ms=50|clock_delta_ms=1.433
|clock_suspect=0
PMLE_LIVE_REPLAY_TIC|tic=1195|mle_ms=47.782|monotonic_ms=50|clock_delta_ms=2.218
|clock_suspect=0
PMLE_LIVE_REPLAY_TIC|tic=1196|mle_ms=193.732|monotonic_ms=190|clock_delta_ms=3.7
32|clock_suspect=0
PMLE_LIVE_REPLAY_TIC|tic=1197|mle_ms=44.109|monotonic_ms=50|clock_delta_ms=5.891
|clock_suspect=0
PMLE_LIVE_REPLAY_TIC|tic=1198|mle_ms=77.321|monotonic_ms=80|clock_delta_ms=2.679
|clock_suspect=0
PMLE_LIVE_REPLAY_TIC|tic=1199|mle_ms=44.308|monotonic_ms=40|clock_delta_ms=4.308
|clock_suspect=0
PMLE_LIVE_REPLAY_TIC|tic=1200|mle_ms=56.44|monotonic_ms=60|clock_delta_ms=3.56|c
lock_suspect=0
PMLE_LIVE_REPLAY_TIC|tic=1201|mle_ms=60.484|monotonic_ms=60|clock_delta_ms=.484|
clock_suspect=0
PMLE_LIVE_REPLAY_TIC|tic=1202|mle_ms=60.887|monotonic_ms=60|clock_delta_ms=.887|
clock_suspect=0
PMLE_LIVE_REPLAY_TIC|tic=1203|mle_ms=59.661|monotonic_ms=60|clock_delta_ms=.339|
clock_suspect=0
PMLE_LIVE_REPLAY_TIC|tic=1204|mle_ms=78.398|monotonic_ms=80|clock_delta_ms=1.602
|clock_suspect=0
PMLE_LIVE_REPLAY_TIC|tic=1205|mle_ms=33.24|monotonic_ms=30|clock_delta_ms=3.24|c
lock_suspect=0
PMLE_LIVE_REPLAY_TIC|tic=1206|mle_ms=79.828|monotonic_ms=80|clock_delta_ms=.172|
clock_suspect=0
PMLE_LIVE_REPLAY_TIC|tic=1207|mle_ms=75.164|monotonic_ms=80|clock_delta_ms=4.836
|clock_suspect=0
PMLE_LIVE_REPLAY_TIC|tic=1208|mle_ms=36.918|monotonic_ms=40|clock_delta_ms=3.082
|clock_suspect=0
PMLE_LIVE_REPLAY_TIC|tic=1209|mle_ms=46.779|monotonic_ms=40|clock_delta_ms=6.779
|clock_suspect=0
PMLE_LIVE_REPLAY_TIC|tic=1210|mle_ms=58.495|monotonic_ms=60|clock_delta_ms=1.505
|clock_suspect=0
PMLE_LIVE_REPLAY_TIC|tic=1211|mle_ms=37.515|monotonic_ms=40|clock_delta_ms=2.485
|clock_suspect=0
PMLE_LIVE_REPLAY_TIC|tic=1212|mle_ms=29.368|monotonic_ms=30|clock_delta_ms=.632|
clock_suspect=0
PMLE_LIVE_REPLAY_TIC|tic=1213|mle_ms=71.766|monotonic_ms=70|clock_delta_ms=1.766
|clock_suspect=0
PMLE_LIVE_REPLAY_TIC|tic=1214|mle_ms=37.91|monotonic_ms=40|clock_delta_ms=2.09|c
lock_suspect=0
PMLE_LIVE_REPLAY_TIC|tic=1215|mle_ms=28.653|monotonic_ms=30|clock_delta_ms=1.347
|clock_suspect=0
PMLE_LIVE_REPLAY_TIC|tic=1216|mle_ms=79.273|monotonic_ms=80|clock_delta_ms=.727|
clock_suspect=0
PMLE_LIVE_REPLAY_TIC|tic=1217|mle_ms=34.016|monotonic_ms=30|clock_delta_ms=4.016
|clock_suspect=0
PMLE_LIVE_REPLAY_TIC|tic=1218|mle_ms=28.794|monotonic_ms=30|clock_delta_ms=1.206
|clock_suspect=0
PMLE_LIVE_REPLAY_TIC|tic=1219|mle_ms=38.887|monotonic_ms=40|clock_delta_ms=1.113
|clock_suspect=0
PMLE_LIVE_REPLAY_TIC|tic=1220|mle_ms=23.475|monotonic_ms=20|clock_delta_ms=3.475
|clock_suspect=0
PMLE_LIVE_REPLAY_TIC|tic=1221|mle_ms=29.375|monotonic_ms=30|clock_delta_ms=.625|
clock_suspect=0
PMLE_LIVE_REPLAY_TIC|tic=1222|mle_ms=35.065|monotonic_ms=40|clock_delta_ms=4.935
|clock_suspect=0
PMLE_LIVE_REPLAY_TIC|tic=1223|mle_ms=38.706|monotonic_ms=40|clock_delta_ms=1.294
|clock_suspect=0
PMLE_LIVE_REPLAY_TIC|tic=1224|mle_ms=28.045|monotonic_ms=20|clock_delta_ms=8.045
|clock_suspect=0
PMLE_LIVE_REPLAY_TIC|tic=1225|mle_ms=73.356|monotonic_ms=80|clock_delta_ms=6.644
|clock_suspect=0
PMLE_LIVE_REPLAY_TIC|tic=1226|mle_ms=45.868|monotonic_ms=40|clock_delta_ms=5.868
|clock_suspect=0
PMLE_LIVE_REPLAY_TIC|tic=1227|mle_ms=29.494|monotonic_ms=30|clock_delta_ms=.506|
clock_suspect=0
PMLE_LIVE_REPLAY_TIC|tic=1228|mle_ms=32.628|monotonic_ms=40|clock_delta_ms=7.372
|clock_suspect=0
PMLE_LIVE_REPLAY_TIC|tic=1229|mle_ms=21.124|monotonic_ms=20|clock_delta_ms=1.124
|clock_suspect=0
PMLE_LIVE_REPLAY_TIC|tic=1230|mle_ms=29.652|monotonic_ms=30|clock_delta_ms=.348|
clock_suspect=0
PMLE_LIVE_REPLAY_TIC|tic=1231|mle_ms=44.49|monotonic_ms=40|clock_delta_ms=4.49|c
lock_suspect=0
PMLE_LIVE_REPLAY_TIC|tic=1232|mle_ms=24.69|monotonic_ms=30|clock_delta_ms=5.31|c
lock_suspect=0
PMLE_LIVE_REPLAY_TIC|tic=1233|mle_ms=35.828|monotonic_ms=30|clock_delta_ms=5.828
|clock_suspect=0
PMLE_LIVE_REPLAY_TIC|tic=1234|mle_ms=41.128|monotonic_ms=40|clock_delta_ms=1.128
|clock_suspect=0
PMLE_LIVE_REPLAY_TIC|tic=1235|mle_ms=19.918|monotonic_ms=20|clock_delta_ms=.082|
clock_suspect=0
PMLE_LIVE_REPLAY_TIC|tic=1236|mle_ms=47.42|monotonic_ms=50|clock_delta_ms=2.58|c
lock_suspect=0
PMLE_LIVE_REPLAY_TIC|tic=1237|mle_ms=36.579|monotonic_ms=40|clock_delta_ms=3.421
|clock_suspect=0
PMLE_LIVE_REPLAY_TIC|tic=1238|mle_ms=22.426|monotonic_ms=20|clock_delta_ms=2.426
|clock_suspect=0
PMLE_LIVE_REPLAY_TIC|tic=1239|mle_ms=19.513|monotonic_ms=20|clock_delta_ms=.487|
clock_suspect=0
PMLE_LIVE_REPLAY_TIC|tic=1240|mle_ms=20.675|monotonic_ms=20|clock_delta_ms=.675|
clock_suspect=0
PMLE_LIVE_REPLAY_TIC|tic=1241|mle_ms=25.083|monotonic_ms=30|clock_delta_ms=4.917
|clock_suspect=0
PMLE_LIVE_REPLAY_TIC|tic=1242|mle_ms=17.647|monotonic_ms=10|clock_delta_ms=7.647
|clock_suspect=0
PMLE_LIVE_REPLAY_TIC|tic=1243|mle_ms=34.208|monotonic_ms=40|clock_delta_ms=5.792
|clock_suspect=0
PMLE_LIVE_REPLAY_TIC|tic=1244|mle_ms=19.478|monotonic_ms=20|clock_delta_ms=.522|
clock_suspect=0
PMLE_LIVE_REPLAY_TIC|tic=1245|mle_ms=9.842|monotonic_ms=10|clock_delta_ms=.158|c
lock_suspect=0
PMLE_LIVE_REPLAY_TIC|tic=1246|mle_ms=49.69|monotonic_ms=50|clock_delta_ms=.31|cl
ock_suspect=0
PMLE_LIVE_REPLAY_TIC|tic=1247|mle_ms=14.303|monotonic_ms=10|clock_delta_ms=4.303
|clock_suspect=0
PMLE_LIVE_REPLAY_TIC|tic=1248|mle_ms=12.586|monotonic_ms=10|clock_delta_ms=2.586
|clock_suspect=0
PMLE_LIVE_REPLAY_TIC|tic=1249|mle_ms=28.96|monotonic_ms=30|clock_delta_ms=1.04|c
lock_suspect=0
PMLE_LIVE_REPLAY_TIC|tic=1250|mle_ms=11.854|monotonic_ms=10|clock_delta_ms=1.854
|clock_suspect=0
PMLE_LIVE_REPLAY_TIC|tic=1251|mle_ms=20.982|monotonic_ms=30|clock_delta_ms=9.018
|clock_suspect=0
PMLE_LIVE_REPLAY_TIC|tic=1252|mle_ms=28.663|monotonic_ms=20|clock_delta_ms=8.663
|clock_suspect=0
PMLE_LIVE_REPLAY_TIC|tic=1253|mle_ms=28.803|monotonic_ms=30|clock_delta_ms=1.197
|clock_suspect=0
PMLE_LIVE_REPLAY_TIC|tic=1254|mle_ms=21.693|monotonic_ms=30|clock_delta_ms=8.307
|clock_suspect=0
PMLE_LIVE_REPLAY_TIC|tic=1255|mle_ms=18.3|monotonic_ms=10|clock_delta_ms=8.3|clo
ck_suspect=0
PMLE_LIVE_REPLAY_TIC|tic=1256|mle_ms=36.254|monotonic_ms=40|clock_delta_ms=3.746
|clock_suspect=0
PMLE_LIVE_REPLAY_TIC|tic=1257|mle_ms=14.29|monotonic_ms=10|clock_delta_ms=4.29|c
lock_suspect=0
PMLE_LIVE_REPLAY_TIC|tic=1258|mle_ms=22.701|monotonic_ms=30|clock_delta_ms=7.299
|clock_suspect=0
PMLE_LIVE_REPLAY_TIC|tic=1259|mle_ms=12.361|monotonic_ms=10|clock_delta_ms=2.361
|clock_suspect=0
PMLE_LIVE_REPLAY_TIC|tic=1260|mle_ms=10.323|monotonic_ms=10|clock_delta_ms=.323|
clock_suspect=0
PMLE_LIVE_REPLAY_TIC|tic=1261|mle_ms=33.302|monotonic_ms=30|clock_delta_ms=3.302
|clock_suspect=0
PMLE_LIVE_REPLAY_TIC|tic=1262|mle_ms=9.646|monotonic_ms=10|clock_delta_ms=.354|c
lock_suspect=0
PMLE_LIVE_REPLAY_TIC|tic=1263|mle_ms=25.749|monotonic_ms=30|clock_delta_ms=4.251
|clock_suspect=0
PMLE_LIVE_REPLAY_TIC|tic=1264|mle_ms=41.841|monotonic_ms=40|clock_delta_ms=1.841
|clock_suspect=0
PMLE_LIVE_REPLAY_TIC|tic=1265|mle_ms=8.704|monotonic_ms=10|clock_delta_ms=1.296|
clock_suspect=0
PMLE_LIVE_REPLAY_TIC|tic=1266|mle_ms=35.107|monotonic_ms=30|clock_delta_ms=5.107
|clock_suspect=0
PMLE_LIVE_REPLAY_TIC|tic=1267|mle_ms=26.859|monotonic_ms=30|clock_delta_ms=3.141
|clock_suspect=0
PMLE_LIVE_REPLAY_TIC|tic=1268|mle_ms=14.17|monotonic_ms=20|clock_delta_ms=5.83|c
lock_suspect=0
PMLE_LIVE_REPLAY_TIC|tic=1269|mle_ms=10.868|monotonic_ms=10|clock_delta_ms=.868|
clock_suspect=0
PMLE_LIVE_REPLAY_TIC|tic=1270|mle_ms=15.209|monotonic_ms=10|clock_delta_ms=5.209
|clock_suspect=0
PMLE_LIVE_REPLAY_TIC|tic=1271|mle_ms=17.888|monotonic_ms=20|clock_delta_ms=2.112
|clock_suspect=0
PMLE_LIVE_REPLAY_TIC|tic=1272|mle_ms=12.259|monotonic_ms=10|clock_delta_ms=2.259
|clock_suspect=0
PMLE_LIVE_REPLAY_TIC|tic=1273|mle_ms=40.213|monotonic_ms=40|clock_delta_ms=.213|
clock_suspect=0
PMLE_LIVE_REPLAY_TIC|tic=1274|mle_ms=20.858|monotonic_ms=20|clock_delta_ms=.858|
clock_suspect=0
PMLE_LIVE_REPLAY_TIC|tic=1275|mle_ms=9.991|monotonic_ms=10|clock_delta_ms=.009|c
lock_suspect=0
PMLE_LIVE_REPLAY_TIC|tic=1276|mle_ms=49.328|monotonic_ms=50|clock_delta_ms=.672|
clock_suspect=0
PMLE_LIVE_REPLAY_TIC|tic=1277|mle_ms=14.735|monotonic_ms=20|clock_delta_ms=5.265
|clock_suspect=0
PMLE_LIVE_REPLAY_TIC|tic=1278|mle_ms=12.101|monotonic_ms=10|clock_delta_ms=2.101
|clock_suspect=0
PMLE_LIVE_REPLAY_TIC|tic=1279|mle_ms=19.643|monotonic_ms=20|clock_delta_ms=.357|
clock_suspect=0
PMLE_LIVE_REPLAY_TIC|tic=1280|mle_ms=9.986|monotonic_ms=10|clock_delta_ms=.014|c
lock_suspect=0
PMLE_LIVE_REPLAY_TIC|tic=1281|mle_ms=20.033|monotonic_ms=20|clock_delta_ms=.033|
clock_suspect=0
PMLE_LIVE_REPLAY_TIC|tic=1282|mle_ms=36.491|monotonic_ms=40|clock_delta_ms=3.509
|clock_suspect=0
PMLE_LIVE_REPLAY_TIC|tic=1283|mle_ms=24.344|monotonic_ms=20|clock_delta_ms=4.344
|clock_suspect=0
PMLE_LIVE_REPLAY_TIC|tic=1284|mle_ms=17.603|monotonic_ms=20|clock_delta_ms=2.397
|clock_suspect=0
PMLE_LIVE_REPLAY_TIC|tic=1285|mle_ms=37.015|monotonic_ms=40|clock_delta_ms=2.985
|clock_suspect=0
PMLE_LIVE_REPLAY_TIC|tic=1286|mle_ms=37.877|monotonic_ms=30|clock_delta_ms=7.877
|clock_suspect=0
PMLE_LIVE_REPLAY_TIC|tic=1287|mle_ms=14.179|monotonic_ms=20|clock_delta_ms=5.821
|clock_suspect=0
PMLE_LIVE_REPLAY_TIC|tic=1288|mle_ms=39.2|monotonic_ms=40|clock_delta_ms=.8|cloc
k_suspect=0
PMLE_LIVE_REPLAY_TIC|tic=1289|mle_ms=12.461|monotonic_ms=10|clock_delta_ms=2.461
|clock_suspect=0
PMLE_LIVE_REPLAY_TIC|tic=1290|mle_ms=10.266|monotonic_ms=10|clock_delta_ms=.266|
clock_suspect=0
PMLE_LIVE_REPLAY_TIC|tic=1291|mle_ms=26.991|monotonic_ms=30|clock_delta_ms=3.009
|clock_suspect=0
PMLE_LIVE_REPLAY_TIC|tic=1292|mle_ms=9.654|monotonic_ms=10|clock_delta_ms=.346|c
lock_suspect=0
PMLE_LIVE_REPLAY_TIC|tic=1293|mle_ms=25.285|monotonic_ms=20|clock_delta_ms=5.285
|clock_suspect=0
PMLE_LIVE_REPLAY_TIC|tic=1294|mle_ms=44.129|monotonic_ms=50|clock_delta_ms=5.871
|clock_suspect=0
PMLE_LIVE_REPLAY_TIC|tic=1295|mle_ms=10.753|monotonic_ms=10|clock_delta_ms=.753|
clock_suspect=0
PMLE_LIVE_REPLAY_TIC|tic=1296|mle_ms=41.817|monotonic_ms=40|clock_delta_ms=1.817
|clock_suspect=0
PMLE_LIVE_REPLAY_TIC|tic=1297|mle_ms=27.241|monotonic_ms=30|clock_delta_ms=2.759
|clock_suspect=0
PMLE_LIVE_REPLAY_TIC|tic=1298|mle_ms=20.139|monotonic_ms=20|clock_delta_ms=.139|
clock_suspect=0
PMLE_LIVE_REPLAY_TIC|tic=1299|mle_ms=12.037|monotonic_ms=10|clock_delta_ms=2.037
|clock_suspect=0
PMLE_LIVE_REPLAY_TIC|tic=1300|mle_ms=19.215|monotonic_ms=20|clock_delta_ms=.785|
clock_suspect=0
PMLE_LIVE_REPLAY_TIC|tic=1301|mle_ms=23.225|monotonic_ms=30|clock_delta_ms=6.775
|clock_suspect=0
PMLE_LIVE_REPLAY_TIC|tic=1302|mle_ms=12.674|monotonic_ms=10|clock_delta_ms=2.674
|clock_suspect=0
PMLE_LIVE_REPLAY_TIC|tic=1303|mle_ms=50.137|monotonic_ms=50|clock_delta_ms=.137|
clock_suspect=0
PMLE_LIVE_REPLAY_TIC|tic=1304|mle_ms=21.618|monotonic_ms=20|clock_delta_ms=1.618
|clock_suspect=0
PMLE_LIVE_REPLAY_TIC|tic=1305|mle_ms=10.122|monotonic_ms=10|clock_delta_ms=.122|
clock_suspect=0
PMLE_LIVE_REPLAY_TIC|tic=1306|mle_ms=48.295|monotonic_ms=50|clock_delta_ms=1.705
|clock_suspect=0
PMLE_LIVE_REPLAY_TIC|tic=1307|mle_ms=14.876|monotonic_ms=20|clock_delta_ms=5.124
|clock_suspect=0
PMLE_LIVE_REPLAY_TIC|tic=1308|mle_ms=15.685|monotonic_ms=10|clock_delta_ms=5.685
|clock_suspect=0
PMLE_LIVE_REPLAY_TIC|tic=1309|mle_ms=22.454|monotonic_ms=20|clock_delta_ms=2.454
|clock_suspect=0
PMLE_LIVE_REPLAY_TIC|tic=1310|mle_ms=9.586|monotonic_ms=10|clock_delta_ms=.414|c
lock_suspect=0
PMLE_LIVE_REPLAY_TIC|tic=1311|mle_ms=19.038|monotonic_ms=20|clock_delta_ms=.962|
clock_suspect=0
PMLE_LIVE_REPLAY_TIC|tic=1312|mle_ms=23.779|monotonic_ms=30|clock_delta_ms=6.221
|clock_suspect=0
PMLE_LIVE_REPLAY_TIC|tic=1313|mle_ms=24.089|monotonic_ms=20|clock_delta_ms=4.089
|clock_suspect=0
PMLE_LIVE_REPLAY_TIC|tic=1314|mle_ms=19.31|monotonic_ms=20|clock_delta_ms=.69|cl
ock_suspect=0
PMLE_LIVE_REPLAY_TIC|tic=1315|mle_ms=26.118|monotonic_ms=30|clock_delta_ms=3.882
|clock_suspect=0
PMLE_LIVE_REPLAY_TIC|tic=1316|mle_ms=40.716|monotonic_ms=40|clock_delta_ms=.716|
clock_suspect=0
PMLE_LIVE_REPLAY_TIC|tic=1317|mle_ms=18.063|monotonic_ms=20|clock_delta_ms=1.937
|clock_suspect=0
PMLE_LIVE_REPLAY_TIC|tic=1318|mle_ms=50.729|monotonic_ms=50|clock_delta_ms=.729|
clock_suspect=0
PMLE_LIVE_REPLAY_TIC|tic=1319|mle_ms=13.266|monotonic_ms=10|clock_delta_ms=3.266
|clock_suspect=0
PMLE_LIVE_REPLAY_TIC|tic=1320|mle_ms=12.041|monotonic_ms=10|clock_delta_ms=2.041
|clock_suspect=0
PMLE_LIVE_REPLAY_TIC|tic=1321|mle_ms=56.211|monotonic_ms=60|clock_delta_ms=3.789
|clock_suspect=0
PMLE_LIVE_REPLAY_TIC|tic=1322|mle_ms=13.254|monotonic_ms=10|clock_delta_ms=3.254
|clock_suspect=0
PMLE_LIVE_REPLAY_TIC|tic=1323|mle_ms=33.102|monotonic_ms=30|clock_delta_ms=3.102
|clock_suspect=0
PMLE_LIVE_REPLAY_TIC|tic=1324|mle_ms=38.391|monotonic_ms=40|clock_delta_ms=1.609
|clock_suspect=0
PMLE_LIVE_REPLAY_TIC|tic=1325|mle_ms=11.635|monotonic_ms=10|clock_delta_ms=1.635
|clock_suspect=0
PMLE_LIVE_REPLAY_TIC|tic=1326|mle_ms=45.412|monotonic_ms=50|clock_delta_ms=4.588
|clock_suspect=0
PMLE_LIVE_REPLAY_TIC|tic=1327|mle_ms=37.313|monotonic_ms=40|clock_delta_ms=2.687
|clock_suspect=0
PMLE_LIVE_REPLAY_TIC|tic=1328|mle_ms=15.717|monotonic_ms=10|clock_delta_ms=5.717
|clock_suspect=0
PMLE_LIVE_REPLAY_TIC|tic=1329|mle_ms=14.154|monotonic_ms=20|clock_delta_ms=5.846
|clock_suspect=0
PMLE_LIVE_REPLAY_TIC|tic=1330|mle_ms=42.265|monotonic_ms=40|clock_delta_ms=2.265
|clock_suspect=0
PMLE_LIVE_REPLAY_TIC|tic=1331|mle_ms=24.581|monotonic_ms=20|clock_delta_ms=4.581
|clock_suspect=0
PMLE_LIVE_REPLAY_TIC|tic=1332|mle_ms=14.864|monotonic_ms=20|clock_delta_ms=5.136
|clock_suspect=0
PMLE_LIVE_REPLAY_TIC|tic=1333|mle_ms=61.95|monotonic_ms=60|clock_delta_ms=1.95|c
lock_suspect=0
PMLE_LIVE_REPLAY_TIC|tic=1334|mle_ms=23.294|monotonic_ms=30|clock_delta_ms=6.706
|clock_suspect=0
PMLE_LIVE_REPLAY_TIC|tic=1335|mle_ms=10.66|monotonic_ms=10|clock_delta_ms=.66|cl
ock_suspect=0
PMLE_LIVE_REPLAY_TIC|tic=1336|mle_ms=63.021|monotonic_ms=60|clock_delta_ms=3.021
|clock_suspect=0
PMLE_LIVE_REPLAY_TIC|tic=1337|mle_ms=16.121|monotonic_ms=20|clock_delta_ms=3.879
|clock_suspect=0
PMLE_LIVE_REPLAY_TIC|tic=1338|mle_ms=13.513|monotonic_ms=10|clock_delta_ms=3.513
|clock_suspect=0
PMLE_LIVE_REPLAY_TIC|tic=1339|mle_ms=19.911|monotonic_ms=20|clock_delta_ms=.089|
clock_suspect=0
PMLE_LIVE_REPLAY_TIC|tic=1340|mle_ms=9.112|monotonic_ms=10|clock_delta_ms=.888|c
lock_suspect=0
PMLE_LIVE_REPLAY_TIC|tic=1341|mle_ms=19.326|monotonic_ms=20|clock_delta_ms=.674|
clock_suspect=0
PMLE_LIVE_REPLAY_TIC|tic=1342|mle_ms=23.74|monotonic_ms=20|clock_delta_ms=3.74|c
lock_suspect=0
PMLE_LIVE_REPLAY_TIC|tic=1343|mle_ms=29.477|monotonic_ms=30|clock_delta_ms=.523|
clock_suspect=0
PMLE_LIVE_REPLAY_TIC|tic=1344|mle_ms=20.496|monotonic_ms=20|clock_delta_ms=.496|
clock_suspect=0
PMLE_LIVE_REPLAY_TIC|tic=1345|mle_ms=19.766|monotonic_ms=20|clock_delta_ms=.234|
clock_suspect=0
PMLE_LIVE_REPLAY_TIC|tic=1346|mle_ms=36.557|monotonic_ms=40|clock_delta_ms=3.443
|clock_suspect=0
PMLE_LIVE_REPLAY_TIC|tic=1347|mle_ms=16.483|monotonic_ms=10|clock_delta_ms=6.483
|clock_suspect=0
PMLE_LIVE_REPLAY_TIC|tic=1348|mle_ms=44.809|monotonic_ms=50|clock_delta_ms=5.191
|clock_suspect=0
PMLE_LIVE_REPLAY_TIC|tic=1349|mle_ms=9.767|monotonic_ms=10|clock_delta_ms=.233|c
lock_suspect=0
PMLE_LIVE_REPLAY_TIC|tic=1350|mle_ms=8.606|monotonic_ms=10|clock_delta_ms=1.394|
clock_suspect=0
PMLE_LIVE_REPLAY_TIC|tic=1351|mle_ms=24.922|monotonic_ms=20|clock_delta_ms=4.922
|clock_suspect=0
PMLE_LIVE_REPLAY_TIC|tic=1352|mle_ms=11.608|monotonic_ms=10|clock_delta_ms=1.608
|clock_suspect=0
PMLE_LIVE_REPLAY_TIC|tic=1353|mle_ms=28.841|monotonic_ms=30|clock_delta_ms=1.159
|clock_suspect=0
PMLE_LIVE_REPLAY_TIC|tic=1354|mle_ms=31.165|monotonic_ms=30|clock_delta_ms=1.165
|clock_suspect=0
PMLE_LIVE_REPLAY_TIC|tic=1355|mle_ms=9.459|monotonic_ms=10|clock_delta_ms=.541|c
lock_suspect=0
PMLE_LIVE_REPLAY_TIC|tic=1356|mle_ms=39.338|monotonic_ms=40|clock_delta_ms=.662|
clock_suspect=0
PMLE_LIVE_REPLAY_TIC|tic=1357|mle_ms=23.919|monotonic_ms=30|clock_delta_ms=6.081
|clock_suspect=0
PMLE_LIVE_REPLAY_TIC|tic=1358|mle_ms=11.423|monotonic_ms=10|clock_delta_ms=1.423
|clock_suspect=0
PMLE_LIVE_REPLAY_TIC|tic=1359|mle_ms=10.188|monotonic_ms=10|clock_delta_ms=.188|
clock_suspect=0
PMLE_LIVE_REPLAY_TIC|tic=1360|mle_ms=15.634|monotonic_ms=20|clock_delta_ms=4.366
|clock_suspect=0
PMLE_LIVE_REPLAY_TIC|tic=1361|mle_ms=17.246|monotonic_ms=10|clock_delta_ms=7.246
|clock_suspect=0
PMLE_LIVE_REPLAY_TIC|tic=1362|mle_ms=11.048|monotonic_ms=10|clock_delta_ms=1.048
|clock_suspect=0
PMLE_LIVE_REPLAY_TIC|tic=1363|mle_ms=36.176|monotonic_ms=40|clock_delta_ms=3.824
|clock_suspect=0
PMLE_LIVE_REPLAY_TIC|tic=1364|mle_ms=17.482|monotonic_ms=20|clock_delta_ms=2.518
|clock_suspect=0
PMLE_LIVE_REPLAY_TIC|tic=1365|mle_ms=8.122|monotonic_ms=10|clock_delta_ms=1.878|
clock_suspect=0
PMLE_LIVE_REPLAY_TIC|tic=1366|mle_ms=63.143|monotonic_ms=60|clock_delta_ms=3.143
|clock_suspect=0
PMLE_LIVE_REPLAY_TIC|tic=1367|mle_ms=17.744|monotonic_ms=20|clock_delta_ms=2.256
|clock_suspect=0
PMLE_LIVE_REPLAY_TIC|tic=1368|mle_ms=14.122|monotonic_ms=10|clock_delta_ms=4.122
|clock_suspect=0
PMLE_LIVE_REPLAY_TIC|tic=1369|mle_ms=21.145|monotonic_ms=20|clock_delta_ms=1.145
|clock_suspect=0
PMLE_LIVE_REPLAY_TIC|tic=1370|mle_ms=10.795|monotonic_ms=10|clock_delta_ms=.795|
clock_suspect=0
PMLE_LIVE_REPLAY_TIC|tic=1371|mle_ms=20.182|monotonic_ms=20|clock_delta_ms=.182|
clock_suspect=0
PMLE_LIVE_REPLAY_TIC|tic=1372|mle_ms=19.625|monotonic_ms=20|clock_delta_ms=.375|
clock_suspect=0
PMLE_LIVE_REPLAY_TIC|tic=1373|mle_ms=27.09|monotonic_ms=30|clock_delta_ms=2.91|c
lock_suspect=0
PMLE_LIVE_REPLAY_TIC|tic=1374|mle_ms=17.423|monotonic_ms=20|clock_delta_ms=2.577
|clock_suspect=0
PMLE_LIVE_REPLAY_TIC|tic=1375|mle_ms=16.706|monotonic_ms=10|clock_delta_ms=6.706
|clock_suspect=0
PMLE_LIVE_REPLAY_TIC|tic=1376|mle_ms=41.249|monotonic_ms=50|clock_delta_ms=8.751
|clock_suspect=0
PMLE_LIVE_REPLAY_TIC|tic=1377|mle_ms=19.003|monotonic_ms=10|clock_delta_ms=9.003
|clock_suspect=0
PMLE_LIVE_REPLAY_TIC|tic=1378|mle_ms=23.987|monotonic_ms=30|clock_delta_ms=6.013
|clock_suspect=0
PMLE_LIVE_REPLAY_TIC|tic=1379|mle_ms=13.256|monotonic_ms=10|clock_delta_ms=3.256
|clock_suspect=0
PMLE_LIVE_REPLAY_TIC|tic=1380|mle_ms=11.415|monotonic_ms=10|clock_delta_ms=1.415
|clock_suspect=0
PMLE_LIVE_REPLAY_TIC|tic=1381|mle_ms=33.899|monotonic_ms=40|clock_delta_ms=6.101
|clock_suspect=0
PMLE_LIVE_REPLAY_TIC|tic=1382|mle_ms=11.199|monotonic_ms=10|clock_delta_ms=1.199
|clock_suspect=0
PMLE_LIVE_REPLAY_TIC|tic=1383|mle_ms=27.401|monotonic_ms=30|clock_delta_ms=2.599
|clock_suspect=0
PMLE_LIVE_REPLAY_TIC|tic=1384|mle_ms=29.567|monotonic_ms=30|clock_delta_ms=.433|
clock_suspect=0
PMLE_LIVE_REPLAY_TIC|tic=1385|mle_ms=9.818|monotonic_ms=10|clock_delta_ms=.182|c
lock_suspect=0
PMLE_LIVE_REPLAY_TIC|tic=1386|mle_ms=38.074|monotonic_ms=30|clock_delta_ms=8.074
|clock_suspect=0
PMLE_LIVE_REPLAY_TIC|tic=1387|mle_ms=22.376|monotonic_ms=30|clock_delta_ms=7.624
|clock_suspect=0
PMLE_LIVE_REPLAY_TIC|tic=1388|mle_ms=11.017|monotonic_ms=10|clock_delta_ms=1.017
|clock_suspect=0
PMLE_LIVE_REPLAY_TIC|tic=1389|mle_ms=10.827|monotonic_ms=10|clock_delta_ms=.827|
clock_suspect=0
PMLE_LIVE_REPLAY_TIC|tic=1390|mle_ms=33.341|monotonic_ms=30|clock_delta_ms=3.341
|clock_suspect=0
PMLE_LIVE_REPLAY_TIC|tic=1391|mle_ms=17.575|monotonic_ms=20|clock_delta_ms=2.425
|clock_suspect=0
PMLE_LIVE_REPLAY_TIC|tic=1392|mle_ms=12.111|monotonic_ms=10|clock_delta_ms=2.111
|clock_suspect=0
PMLE_LIVE_REPLAY_TIC|tic=1393|mle_ms=46.416|monotonic_ms=50|clock_delta_ms=3.584
|clock_suspect=0
PMLE_LIVE_REPLAY_TIC|tic=1394|mle_ms=27.718|monotonic_ms=30|clock_delta_ms=2.282
|clock_suspect=0
PMLE_LIVE_REPLAY_TIC|tic=1395|mle_ms=16.315|monotonic_ms=10|clock_delta_ms=6.315
|clock_suspect=0
PMLE_LIVE_REPLAY_TIC|tic=1396|mle_ms=58.598|monotonic_ms=60|clock_delta_ms=1.402
|clock_suspect=0
PMLE_LIVE_REPLAY_TIC|tic=1397|mle_ms=24.617|monotonic_ms=30|clock_delta_ms=5.383
|clock_suspect=0
PMLE_LIVE_REPLAY_TIC|tic=1398|mle_ms=22.551|monotonic_ms=20|clock_delta_ms=2.551
|clock_suspect=0
PMLE_LIVE_REPLAY_TIC|tic=1399|mle_ms=41.142|monotonic_ms=40|clock_delta_ms=1.142
|clock_suspect=0
PMLE_LIVE_REPLAY_TIC|tic=1400|mle_ms=13.398|monotonic_ms=10|clock_delta_ms=3.398
|clock_suspect=0
PMLE_LIVE_REPLAY_TIC|tic=1401|mle_ms=24.049|monotonic_ms=30|clock_delta_ms=5.951
|clock_suspect=0
PMLE_LIVE_REPLAY_TIC|tic=1402|mle_ms=24.032|monotonic_ms=20|clock_delta_ms=4.032
|clock_suspect=0
PMLE_LIVE_REPLAY_TIC|tic=1403|mle_ms=29.466|monotonic_ms=30|clock_delta_ms=.534|
clock_suspect=0
PMLE_LIVE_REPLAY_TIC|tic=1404|mle_ms=27.797|monotonic_ms=30|clock_delta_ms=2.203
|clock_suspect=0
PMLE_LIVE_REPLAY_TIC|tic=1405|mle_ms=25.916|monotonic_ms=20|clock_delta_ms=5.916
|clock_suspect=0
PMLE_LIVE_REPLAY_TIC|tic=1406|mle_ms=42.126|monotonic_ms=50|clock_delta_ms=7.874
|clock_suspect=0
PMLE_LIVE_REPLAY_TIC|tic=1407|mle_ms=21.945|monotonic_ms=20|clock_delta_ms=1.945
|clock_suspect=0
PMLE_LIVE_REPLAY_TIC|tic=1408|mle_ms=32.408|monotonic_ms=30|clock_delta_ms=2.408
|clock_suspect=0
PMLE_LIVE_REPLAY_TIC|tic=1409|mle_ms=17.387|monotonic_ms=20|clock_delta_ms=2.613
|clock_suspect=0
PMLE_LIVE_REPLAY_TIC|tic=1410|mle_ms=13.72|monotonic_ms=10|clock_delta_ms=3.72|c
lock_suspect=0
PMLE_LIVE_REPLAY_TIC|tic=1411|mle_ms=48.713|monotonic_ms=50|clock_delta_ms=1.287
|clock_suspect=0
PMLE_LIVE_REPLAY_TIC|tic=1412|mle_ms=16.891|monotonic_ms=20|clock_delta_ms=3.109
|clock_suspect=0
PMLE_LIVE_REPLAY_TIC|tic=1413|mle_ms=30.206|monotonic_ms=30|clock_delta_ms=.206|
clock_suspect=0
PMLE_LIVE_REPLAY_TIC|tic=1414|mle_ms=32.54|monotonic_ms=30|clock_delta_ms=2.54|c
lock_suspect=0
PMLE_LIVE_REPLAY_TIC|tic=1415|mle_ms=14.786|monotonic_ms=20|clock_delta_ms=5.214
|clock_suspect=0
PMLE_LIVE_REPLAY_TIC|tic=1416|mle_ms=45.261|monotonic_ms=40|clock_delta_ms=5.261
|clock_suspect=0
PMLE_LIVE_REPLAY_TIC|tic=1417|mle_ms=29.746|monotonic_ms=30|clock_delta_ms=.254|
clock_suspect=0
PMLE_LIVE_REPLAY_TIC|tic=1418|mle_ms=20.911|monotonic_ms=20|clock_delta_ms=.911|
clock_suspect=0
PMLE_LIVE_REPLAY_TIC|tic=1419|mle_ms=18.104|monotonic_ms=20|clock_delta_ms=1.896
|clock_suspect=0
PMLE_LIVE_REPLAY_TIC|tic=1420|mle_ms=24.916|monotonic_ms=30|clock_delta_ms=5.084
|clock_suspect=0
PMLE_LIVE_REPLAY_TIC|tic=1421|mle_ms=21.947|monotonic_ms=20|clock_delta_ms=1.947
|clock_suspect=0
PMLE_LIVE_REPLAY_TIC|tic=1422|mle_ms=15.067|monotonic_ms=10|clock_delta_ms=5.067
|clock_suspect=0
PMLE_LIVE_REPLAY_TIC|tic=1423|mle_ms=41.077|monotonic_ms=40|clock_delta_ms=1.077
|clock_suspect=0
PMLE_LIVE_REPLAY_TIC|tic=1424|mle_ms=27.249|monotonic_ms=30|clock_delta_ms=2.751
|clock_suspect=0
PMLE_LIVE_REPLAY_TIC|tic=1425|mle_ms=17.267|monotonic_ms=20|clock_delta_ms=2.733
|clock_suspect=0
PMLE_LIVE_REPLAY_TIC|tic=1426|mle_ms=60.493|monotonic_ms=60|clock_delta_ms=.493|
clock_suspect=0
PMLE_LIVE_REPLAY_TIC|tic=1427|mle_ms=24.793|monotonic_ms=20|clock_delta_ms=4.793
|clock_suspect=0
PMLE_LIVE_REPLAY_TIC|tic=1428|mle_ms=24.564|monotonic_ms=30|clock_delta_ms=5.436
|clock_suspect=0
PMLE_LIVE_REPLAY_TIC|tic=1429|mle_ms=31.171|monotonic_ms=30|clock_delta_ms=1.171
|clock_suspect=0
PMLE_LIVE_REPLAY_TIC|tic=1430|mle_ms=18.96|monotonic_ms=20|clock_delta_ms=1.04|c
lock_suspect=0
PMLE_LIVE_REPLAY_TIC|tic=1431|mle_ms=26.927|monotonic_ms=30|clock_delta_ms=3.073
|clock_suspect=0
PMLE_LIVE_REPLAY_TIC|tic=1432|mle_ms=94.656|monotonic_ms=90|clock_delta_ms=4.656
|clock_suspect=0
PMLE_LIVE_REPLAY_TIC|tic=1433|mle_ms=35.977|monotonic_ms=40|clock_delta_ms=4.023
|clock_suspect=0
PMLE_LIVE_REPLAY_TIC|tic=1434|mle_ms=25.189|monotonic_ms=20|clock_delta_ms=5.189
|clock_suspect=0
PMLE_LIVE_REPLAY_TIC|tic=1435|mle_ms=90.844|monotonic_ms=90|clock_delta_ms=.844|
clock_suspect=0
PMLE_LIVE_REPLAY_TIC|tic=1436|mle_ms=42.08|monotonic_ms=50|clock_delta_ms=7.92|c
lock_suspect=0
PMLE_LIVE_REPLAY_TIC|tic=1437|mle_ms=18.015|monotonic_ms=10|clock_delta_ms=8.015
|clock_suspect=0
PMLE_LIVE_REPLAY_TIC|tic=1438|mle_ms=124.498|monotonic_ms=130|clock_delta_ms=5.5
02|clock_suspect=0
PMLE_LIVE_REPLAY_TIC|tic=1439|mle_ms=19.618|monotonic_ms=20|clock_delta_ms=.382|
clock_suspect=0
PMLE_LIVE_REPLAY_TIC|tic=1440|mle_ms=16.284|monotonic_ms=10|clock_delta_ms=6.284
|clock_suspect=0
PMLE_LIVE_REPLAY_TIC|tic=1441|mle_ms=103.05|monotonic_ms=110|clock_delta_ms=6.95
|clock_suspect=0
PMLE_LIVE_REPLAY_TIC|tic=1442|mle_ms=19.552|monotonic_ms=20|clock_delta_ms=.448|
clock_suspect=0
PMLE_LIVE_REPLAY_TIC|tic=1443|mle_ms=37.833|monotonic_ms=30|clock_delta_ms=7.833
|clock_suspect=0
PMLE_LIVE_REPLAY_TIC|tic=1444|mle_ms=133.924|monotonic_ms=140|clock_delta_ms=6.0
76|clock_suspect=0
PMLE_LIVE_REPLAY_TIC|tic=1445|mle_ms=19.729|monotonic_ms=20|clock_delta_ms=.271|
clock_suspect=0
PMLE_LIVE_REPLAY_TIC|tic=1446|mle_ms=56.477|monotonic_ms=60|clock_delta_ms=3.523
|clock_suspect=0
PMLE_LIVE_REPLAY_TIC|tic=1447|mle_ms=115.89|monotonic_ms=110|clock_delta_ms=5.89
|clock_suspect=0
PMLE_LIVE_REPLAY_TIC|tic=1448|mle_ms=21.793|monotonic_ms=20|clock_delta_ms=1.793
|clock_suspect=0
PMLE_LIVE_REPLAY_TIC|tic=1449|mle_ms=19.792|monotonic_ms=20|clock_delta_ms=.208|
clock_suspect=0
PMLE_LIVE_REPLAY_TIC|tic=1450|mle_ms=150.177|monotonic_ms=150|clock_delta_ms=.17
7|clock_suspect=0
PMLE_LIVE_REPLAY_TIC|tic=1451|mle_ms=26.834|monotonic_ms=30|clock_delta_ms=3.166
|clock_suspect=0
PMLE_LIVE_REPLAY_TIC|tic=1452|mle_ms=18.462|monotonic_ms=20|clock_delta_ms=1.538
|clock_suspect=0
PMLE_LIVE_REPLAY_TIC|tic=1453|mle_ms=109.655|monotonic_ms=110|clock_delta_ms=.34
5|clock_suspect=0
PMLE_LIVE_REPLAY_TIC|tic=1454|mle_ms=27.762|monotonic_ms=30|clock_delta_ms=2.238
|clock_suspect=0
PMLE_LIVE_REPLAY_TIC|tic=1455|mle_ms=17.651|monotonic_ms=10|clock_delta_ms=7.651
|clock_suspect=0
PMLE_LIVE_REPLAY_TIC|tic=1456|mle_ms=119.351|monotonic_ms=120|clock_delta_ms=.64
9|clock_suspect=0
PMLE_LIVE_REPLAY_TIC|tic=1457|mle_ms=20.827|monotonic_ms=20|clock_delta_ms=.827|
clock_suspect=0
PMLE_LIVE_REPLAY_TIC|tic=1458|mle_ms=16.411|monotonic_ms=20|clock_delta_ms=3.589
|clock_suspect=0
PMLE_LIVE_REPLAY_TIC|tic=1459|mle_ms=119.225|monotonic_ms=120|clock_delta_ms=.77
5|clock_suspect=0
PMLE_LIVE_REPLAY_TIC|tic=1460|mle_ms=25.53|monotonic_ms=30|clock_delta_ms=4.47|c
lock_suspect=0
PMLE_LIVE_REPLAY_TIC|tic=1461|mle_ms=38.138|monotonic_ms=30|clock_delta_ms=8.138
|clock_suspect=0
PMLE_LIVE_REPLAY_TIC|tic=1462|mle_ms=116.205|monotonic_ms=120|clock_delta_ms=3.7
95|clock_suspect=0
PMLE_LIVE_REPLAY_TIC|tic=1463|mle_ms=34.161|monotonic_ms=30|clock_delta_ms=4.161
|clock_suspect=0
PMLE_LIVE_REPLAY_TIC|tic=1464|mle_ms=25.255|monotonic_ms=30|clock_delta_ms=4.745
|clock_suspect=0
PMLE_LIVE_REPLAY_TIC|tic=1465|mle_ms=102.843|monotonic_ms=100|clock_delta_ms=2.8
43|clock_suspect=0
PMLE_LIVE_REPLAY_TIC|tic=1466|mle_ms=45.03|monotonic_ms=50|clock_delta_ms=4.97|c
lock_suspect=0
PMLE_LIVE_REPLAY_TIC|tic=1467|mle_ms=21.312|monotonic_ms=20|clock_delta_ms=1.312
|clock_suspect=0
PMLE_LIVE_REPLAY_TIC|tic=1468|mle_ms=90.842|monotonic_ms=90|clock_delta_ms=.842|
clock_suspect=0
PMLE_LIVE_REPLAY_TIC|tic=1469|mle_ms=15.78|monotonic_ms=20|clock_delta_ms=4.22|c
lock_suspect=0
PMLE_LIVE_REPLAY_TIC|tic=1470|mle_ms=12.958|monotonic_ms=10|clock_delta_ms=2.958
|clock_suspect=0
PMLE_LIVE_REPLAY_TIC|tic=1471|mle_ms=108.151|monotonic_ms=110|clock_delta_ms=1.8
49|clock_suspect=0
PMLE_LIVE_REPLAY_TIC|tic=1472|mle_ms=12.914|monotonic_ms=10|clock_delta_ms=2.914
|clock_suspect=0
PMLE_LIVE_REPLAY_TIC|tic=1473|mle_ms=26.535|monotonic_ms=30|clock_delta_ms=3.465
|clock_suspect=0
PMLE_LIVE_REPLAY_TIC|tic=1474|mle_ms=104.024|monotonic_ms=100|clock_delta_ms=4.0
24|clock_suspect=0
PMLE_LIVE_REPLAY_TIC|tic=1475|mle_ms=13.349|monotonic_ms=10|clock_delta_ms=3.349
|clock_suspect=0
PMLE_LIVE_REPLAY_TIC|tic=1476|mle_ms=43.711|monotonic_ms=50|clock_delta_ms=6.289
|clock_suspect=0
PMLE_LIVE_REPLAY_TIC|tic=1477|mle_ms=71.11|monotonic_ms=70|clock_delta_ms=1.11|c
lock_suspect=0
PMLE_LIVE_REPLAY_TIC|tic=1478|mle_ms=16.223|monotonic_ms=20|clock_delta_ms=3.777
|clock_suspect=0
PMLE_LIVE_REPLAY_TIC|tic=1479|mle_ms=16.182|monotonic_ms=10|clock_delta_ms=6.182
|clock_suspect=0
PMLE_LIVE_REPLAY_TIC|tic=1480|mle_ms=82.126|monotonic_ms=80|clock_delta_ms=2.126
|clock_suspect=0
PMLE_LIVE_REPLAY_TIC|tic=1481|mle_ms=63.11|monotonic_ms=70|clock_delta_ms=6.89|c
lock_suspect=0
PMLE_LIVE_REPLAY_TIC|tic=1482|mle_ms=16.848|monotonic_ms=10|clock_delta_ms=6.848
|clock_suspect=0
PMLE_LIVE_REPLAY_TIC|tic=1483|mle_ms=5.349|monotonic_ms=130|clock_delta_ms=124.6
51|clock_suspect=1
PMLE_LIVE_REPLAY_TIC|tic=1484|mle_ms=26.608|monotonic_ms=30|clock_delta_ms=3.392
|clock_suspect=0
PMLE_LIVE_REPLAY_TIC|tic=1485|mle_ms=14.965|monotonic_ms=20|clock_delta_ms=5.035
|clock_suspect=0
PMLE_LIVE_REPLAY_TIC|tic=1486|mle_ms=125.168|monotonic_ms=120|clock_delta_ms=5.1
68|clock_suspect=0
PMLE_LIVE_REPLAY_TIC|tic=1487|mle_ms=19.225|monotonic_ms=20|clock_delta_ms=.775|
clock_suspect=0
PMLE_LIVE_REPLAY_TIC|tic=1488|mle_ms=16.509|monotonic_ms=20|clock_delta_ms=3.491
|clock_suspect=0
PMLE_LIVE_REPLAY_TIC|tic=1489|mle_ms=72.157|monotonic_ms=70|clock_delta_ms=2.157
|clock_suspect=0
PMLE_LIVE_REPLAY_TIC|tic=1490|mle_ms=10.438|monotonic_ms=10|clock_delta_ms=.438|
clock_suspect=0
PMLE_LIVE_REPLAY_TIC|tic=1491|mle_ms=45.228|monotonic_ms=40|clock_delta_ms=5.228
|clock_suspect=0
PMLE_LIVE_REPLAY_TIC|tic=1492|mle_ms=46.909|monotonic_ms=50|clock_delta_ms=3.091
|clock_suspect=0
PMLE_LIVE_REPLAY_TIC|tic=1493|mle_ms=53.32|monotonic_ms=60|clock_delta_ms=6.68|c
lock_suspect=0
PMLE_LIVE_REPLAY_TIC|tic=1494|mle_ms=19.477|monotonic_ms=10|clock_delta_ms=9.477
|clock_suspect=0
PMLE_LIVE_REPLAY_TIC|tic=1495|mle_ms=53.698|monotonic_ms=60|clock_delta_ms=6.302
|clock_suspect=0
PMLE_LIVE_REPLAY_TIC|tic=1496|mle_ms=41.579|monotonic_ms=40|clock_delta_ms=1.579
|clock_suspect=0
PMLE_LIVE_REPLAY_TIC|tic=1497|mle_ms=20.337|monotonic_ms=20|clock_delta_ms=.337|
clock_suspect=0
PMLE_LIVE_REPLAY_TIC|tic=1498|mle_ms=48.151|monotonic_ms=50|clock_delta_ms=1.849
|clock_suspect=0
PMLE_LIVE_REPLAY_TIC|tic=1499|mle_ms=14.828|monotonic_ms=10|clock_delta_ms=4.828
|clock_suspect=0
PMLE_LIVE_REPLAY_TIC|tic=1500|mle_ms=12.686|monotonic_ms=20|clock_delta_ms=7.314
|clock_suspect=0
PMLE_LIVE_REPLAY_TIC|tic=1501|mle_ms=81.678|monotonic_ms=80|clock_delta_ms=1.678
|clock_suspect=0
PMLE_LIVE_REPLAY_TIC|tic=1502|mle_ms=15.28|monotonic_ms=20|clock_delta_ms=4.72|c
lock_suspect=0
PMLE_LIVE_REPLAY_TIC|tic=1503|mle_ms=57.522|monotonic_ms=50|clock_delta_ms=7.522
|clock_suspect=0
PMLE_LIVE_REPLAY_TIC|tic=1504|mle_ms=44.127|monotonic_ms=50|clock_delta_ms=5.873
|clock_suspect=0
PMLE_LIVE_REPLAY_TIC|tic=1505|mle_ms=18.979|monotonic_ms=20|clock_delta_ms=1.021
|clock_suspect=0
PMLE_LIVE_REPLAY_TIC|tic=1506|mle_ms=45.351|monotonic_ms=40|clock_delta_ms=5.351
|clock_suspect=0
PMLE_LIVE_REPLAY_TIC|tic=1507|mle_ms=63.597|monotonic_ms=70|clock_delta_ms=6.403
|clock_suspect=0
PMLE_LIVE_REPLAY_TIC|tic=1508|mle_ms=15.308|monotonic_ms=10|clock_delta_ms=5.308
|clock_suspect=0
PMLE_LIVE_REPLAY_TIC|tic=1509|mle_ms=13.539|monotonic_ms=10|clock_delta_ms=3.539
|clock_suspect=0
PMLE_LIVE_REPLAY_TIC|tic=1510|mle_ms=38.301|monotonic_ms=40|clock_delta_ms=1.699
|clock_suspect=0
PMLE_LIVE_REPLAY_TIC|tic=1511|mle_ms=57.745|monotonic_ms=60|clock_delta_ms=2.255
|clock_suspect=0
PMLE_LIVE_REPLAY_TIC|tic=1512|mle_ms=16.899|monotonic_ms=20|clock_delta_ms=3.101
|clock_suspect=0
PMLE_LIVE_REPLAY_TIC|tic=1513|mle_ms=136.174|monotonic_ms=130|clock_delta_ms=6.1
74|clock_suspect=0
PMLE_LIVE_REPLAY_TIC|tic=1514|mle_ms=60.811|monotonic_ms=70|clock_delta_ms=9.189
|clock_suspect=0
PMLE_LIVE_REPLAY_TIC|tic=1515|mle_ms=12.268|monotonic_ms=10|clock_delta_ms=2.268
|clock_suspect=0
PMLE_LIVE_REPLAY_TIC|tic=1516|mle_ms=71.076|monotonic_ms=70|clock_delta_ms=1.076
|clock_suspect=0
PMLE_LIVE_REPLAY_TIC|tic=1517|mle_ms=60.272|monotonic_ms=60|clock_delta_ms=.272|
clock_suspect=0
PMLE_LIVE_REPLAY_TIC|tic=1518|mle_ms=16.637|monotonic_ms=20|clock_delta_ms=3.363
|clock_suspect=0
PMLE_LIVE_REPLAY_TIC|tic=1519|mle_ms=53.783|monotonic_ms=50|clock_delta_ms=3.783
|clock_suspect=0
PMLE_LIVE_REPLAY_TIC|tic=1520|mle_ms=53.512|monotonic_ms=50|clock_delta_ms=3.512
|clock_suspect=0
PMLE_LIVE_REPLAY_TIC|tic=1521|mle_ms=49.433|monotonic_ms=50|clock_delta_ms=.567|
clock_suspect=0
PMLE_LIVE_REPLAY_TIC|tic=1522|mle_ms=43.438|monotonic_ms=50|clock_delta_ms=6.562
|clock_suspect=0
PMLE_LIVE_REPLAY_TIC|tic=1523|mle_ms=118.623|monotonic_ms=120|clock_delta_ms=1.3
77|clock_suspect=0
PMLE_LIVE_REPLAY_TIC|tic=1524|mle_ms=27.607|monotonic_ms=20|clock_delta_ms=7.607
|clock_suspect=0
PMLE_LIVE_REPLAY_TIC|tic=1525|mle_ms=44.872|monotonic_ms=50|clock_delta_ms=5.128
|clock_suspect=0
PMLE_LIVE_REPLAY_TIC|tic=1526|mle_ms=70.936|monotonic_ms=70|clock_delta_ms=.936|
clock_suspect=0
PMLE_LIVE_REPLAY_TIC|tic=1527|mle_ms=20.815|monotonic_ms=20|clock_delta_ms=.815|
clock_suspect=0
PMLE_LIVE_REPLAY_TIC|tic=1528|mle_ms=57.817|monotonic_ms=60|clock_delta_ms=2.183
|clock_suspect=0
PMLE_LIVE_REPLAY_TIC|tic=1529|mle_ms=42.746|monotonic_ms=40|clock_delta_ms=2.746
|clock_suspect=0
PMLE_LIVE_REPLAY_TIC|tic=1530|mle_ms=14.135|monotonic_ms=10|clock_delta_ms=4.135
|clock_suspect=0
PMLE_LIVE_REPLAY_TIC|tic=1531|mle_ms=68.347|monotonic_ms=70|clock_delta_ms=1.653
|clock_suspect=0
PMLE_LIVE_REPLAY_TIC|tic=1532|mle_ms=43.979|monotonic_ms=50|clock_delta_ms=6.021
|clock_suspect=0
PMLE_LIVE_REPLAY_TIC|tic=1533|mle_ms=55.238|monotonic_ms=50|clock_delta_ms=5.238
|clock_suspect=0
PMLE_LIVE_REPLAY_TIC|tic=1534|mle_ms=29.179|monotonic_ms=30|clock_delta_ms=.821|
clock_suspect=0
PMLE_LIVE_REPLAY_TIC|tic=1535|mle_ms=48.689|monotonic_ms=50|clock_delta_ms=1.311
|clock_suspect=0
PMLE_LIVE_REPLAY_TIC|tic=1536|mle_ms=39.2|monotonic_ms=40|clock_delta_ms=.8|cloc
k_suspect=0
PMLE_LIVE_REPLAY_TIC|tic=1537|mle_ms=20.142|monotonic_ms=20|clock_delta_ms=.142|
clock_suspect=0
PMLE_LIVE_REPLAY_TIC|tic=1538|mle_ms=51.34|monotonic_ms=50|clock_delta_ms=1.34|c
lock_suspect=0
PMLE_LIVE_REPLAY_TIC|tic=1539|mle_ms=14.412|monotonic_ms=20|clock_delta_ms=5.588
|clock_suspect=0
PMLE_LIVE_REPLAY_TIC|tic=1540|mle_ms=12.114|monotonic_ms=10|clock_delta_ms=2.114
|clock_suspect=0
PMLE_LIVE_REPLAY_TIC|tic=1541|mle_ms=72.648|monotonic_ms=70|clock_delta_ms=2.648
|clock_suspect=0
PMLE_LIVE_REPLAY_TIC|tic=1542|mle_ms=14.561|monotonic_ms=20|clock_delta_ms=5.439
|clock_suspect=0
PMLE_LIVE_REPLAY_TIC|tic=1543|mle_ms=48.421|monotonic_ms=40|clock_delta_ms=8.421
|clock_suspect=0
PMLE_LIVE_REPLAY_TIC|tic=1544|mle_ms=57.531|monotonic_ms=60|clock_delta_ms=2.469
|clock_suspect=0
PMLE_LIVE_REPLAY_TIC|tic=1545|mle_ms=12.72|monotonic_ms=10|clock_delta_ms=2.72|c
lock_suspect=0
PMLE_LIVE_REPLAY_TIC|tic=1546|mle_ms=42.213|monotonic_ms=50|clock_delta_ms=7.787
|clock_suspect=0
PMLE_LIVE_REPLAY_TIC|tic=1547|mle_ms=58.52|monotonic_ms=60|clock_delta_ms=1.48|c
lock_suspect=0
PMLE_LIVE_REPLAY_TIC|tic=1548|mle_ms=22.222|monotonic_ms=20|clock_delta_ms=2.222
|clock_suspect=0
PMLE_LIVE_REPLAY_TIC|tic=1549|mle_ms=21.439|monotonic_ms=20|clock_delta_ms=1.439
|clock_suspect=0
PMLE_LIVE_REPLAY_TIC|tic=1550|mle_ms=48.946|monotonic_ms=50|clock_delta_ms=1.054
|clock_suspect=0
PMLE_LIVE_REPLAY_TIC|tic=1551|mle_ms=57.808|monotonic_ms=60|clock_delta_ms=2.192
|clock_suspect=0
PMLE_LIVE_REPLAY_TIC|tic=1552|mle_ms=20.838|monotonic_ms=20|clock_delta_ms=.838|
clock_suspect=0
PMLE_LIVE_REPLAY_TIC|tic=1553|mle_ms=90.203|monotonic_ms=90|clock_delta_ms=.203|
clock_suspect=0
PMLE_LIVE_REPLAY_TIC|tic=1554|mle_ms=31.963|monotonic_ms=30|clock_delta_ms=1.963
|clock_suspect=0
PMLE_LIVE_REPLAY_TIC|tic=1555|mle_ms=17.096|monotonic_ms=20|clock_delta_ms=2.904
|clock_suspect=0
PMLE_LIVE_REPLAY_TIC|tic=1556|mle_ms=101.093|monotonic_ms=100|clock_delta_ms=1.0
93|clock_suspect=0
PMLE_LIVE_REPLAY_TIC|tic=1557|mle_ms=25.83|monotonic_ms=20|clock_delta_ms=5.83|c
lock_suspect=0
PMLE_LIVE_REPLAY_TIC|tic=1558|mle_ms=24.692|monotonic_ms=30|clock_delta_ms=5.308
|clock_suspect=0
PMLE_LIVE_REPLAY_TIC|tic=1559|mle_ms=93.853|monotonic_ms=90|clock_delta_ms=3.853
|clock_suspect=0
PMLE_LIVE_REPLAY_TIC|tic=1560|mle_ms=20.649|monotonic_ms=20|clock_delta_ms=.649|
clock_suspect=0
PMLE_LIVE_REPLAY_TIC|tic=1561|mle_ms=51.929|monotonic_ms=50|clock_delta_ms=1.929
|clock_suspect=0
PMLE_LIVE_REPLAY_TIC|tic=1562|mle_ms=99.736|monotonic_ms=100|clock_delta_ms=.264
|clock_suspect=0
PMLE_LIVE_REPLAY_TIC|tic=1563|mle_ms=48.601|monotonic_ms=50|clock_delta_ms=1.399
|clock_suspect=0
PMLE_LIVE_REPLAY_TIC|tic=1564|mle_ms=38.304|monotonic_ms=40|clock_delta_ms=1.696
|clock_suspect=0
PMLE_LIVE_REPLAY_TIC|tic=1565|mle_ms=83.405|monotonic_ms=90|clock_delta_ms=6.595
|clock_suspect=0
PMLE_LIVE_REPLAY_TIC|tic=1566|mle_ms=43.268|monotonic_ms=40|clock_delta_ms=3.268
|clock_suspect=0
PMLE_LIVE_REPLAY_TIC|tic=1567|mle_ms=28.889|monotonic_ms=30|clock_delta_ms=1.111
|clock_suspect=0
PMLE_LIVE_REPLAY_TIC|tic=1568|mle_ms=86.694|monotonic_ms=80|clock_delta_ms=6.694
|clock_suspect=0
PMLE_LIVE_REPLAY_TIC|tic=1569|mle_ms=21.112|monotonic_ms=30|clock_delta_ms=8.888
|clock_suspect=0
PMLE_LIVE_REPLAY_TIC|tic=1570|mle_ms=18.219|monotonic_ms=10|clock_delta_ms=8.219
|clock_suspect=0
PMLE_LIVE_REPLAY_TIC|tic=1571|mle_ms=103.593|monotonic_ms=110|clock_delta_ms=6.4
07|clock_suspect=0
PMLE_LIVE_REPLAY_TIC|tic=1572|mle_ms=19.488|monotonic_ms=20|clock_delta_ms=.512|
clock_suspect=0
PMLE_LIVE_REPLAY_TIC|tic=1573|mle_ms=53.833|monotonic_ms=50|clock_delta_ms=3.833
|clock_suspect=0
PMLE_LIVE_REPLAY_TIC|tic=1574|mle_ms=60.443|monotonic_ms=60|clock_delta_ms=.443|
clock_suspect=0
PMLE_LIVE_REPLAY_TIC|tic=1575|mle_ms=18.715|monotonic_ms=20|clock_delta_ms=1.285
|clock_suspect=0
PMLE_LIVE_REPLAY_TIC|tic=1576|mle_ms=34.313|monotonic_ms=30|clock_delta_ms=4.313
|clock_suspect=0
PMLE_LIVE_REPLAY_TIC|tic=1577|mle_ms=57.458|monotonic_ms=60|clock_delta_ms=2.542
|clock_suspect=0
PMLE_LIVE_REPLAY_TIC|tic=1578|mle_ms=22.945|monotonic_ms=30|clock_delta_ms=7.055
|clock_suspect=0
PMLE_LIVE_REPLAY_TIC|tic=1579|mle_ms=22.498|monotonic_ms=20|clock_delta_ms=2.498
|clock_suspect=0
PMLE_LIVE_REPLAY_TIC|tic=1580|mle_ms=54.792|monotonic_ms=50|clock_delta_ms=4.792
|clock_suspect=0
PMLE_LIVE_REPLAY_TIC|tic=1581|mle_ms=45.617|monotonic_ms=50|clock_delta_ms=4.383
|clock_suspect=0
PMLE_LIVE_REPLAY_TIC|tic=1582|mle_ms=16.026|monotonic_ms=10|clock_delta_ms=6.026
|clock_suspect=0
PMLE_LIVE_REPLAY_TIC|tic=1583|mle_ms=64.791|monotonic_ms=70|clock_delta_ms=5.209
|clock_suspect=0
PMLE_LIVE_REPLAY_TIC|tic=1584|mle_ms=28.619|monotonic_ms=30|clock_delta_ms=1.381
|clock_suspect=0
PMLE_LIVE_REPLAY_TIC|tic=1585|mle_ms=16.481|monotonic_ms=10|clock_delta_ms=6.481
|clock_suspect=0
PMLE_LIVE_REPLAY_TIC|tic=1586|mle_ms=72.866|monotonic_ms=80|clock_delta_ms=7.134
|clock_suspect=0
PMLE_LIVE_REPLAY_TIC|tic=1587|mle_ms=49.662|monotonic_ms=50|clock_delta_ms=.338|
clock_suspect=0
PMLE_LIVE_REPLAY_TIC|tic=1588|mle_ms=24.464|monotonic_ms=20|clock_delta_ms=4.464
|clock_suspect=0
PMLE_LIVE_REPLAY_TIC|tic=1589|mle_ms=55.794|monotonic_ms=60|clock_delta_ms=4.206
|clock_suspect=0
PMLE_LIVE_REPLAY_TIC|tic=1590|mle_ms=20.235|monotonic_ms=20|clock_delta_ms=.235|
clock_suspect=0
PMLE_LIVE_REPLAY_TIC|tic=1591|mle_ms=60.062|monotonic_ms=60|clock_delta_ms=.062|
clock_suspect=0
PMLE_LIVE_REPLAY_TIC|tic=1592|mle_ms=64.824|monotonic_ms=60|clock_delta_ms=4.824
|clock_suspect=0
PMLE_LIVE_REPLAY_TIC|tic=1593|mle_ms=49.278|monotonic_ms=50|clock_delta_ms=.722|
clock_suspect=0
PMLE_LIVE_REPLAY_TIC|tic=1594|mle_ms=34.545|monotonic_ms=40|clock_delta_ms=5.455
|clock_suspect=0
PMLE_LIVE_REPLAY_TIC|tic=1595|mle_ms=54.766|monotonic_ms=50|clock_delta_ms=4.766
|clock_suspect=0
PMLE_LIVE_REPLAY_TIC|tic=1596|mle_ms=105.092|monotonic_ms=110|clock_delta_ms=4.9
08|clock_suspect=0
PMLE_LIVE_REPLAY_TIC|tic=1597|mle_ms=61.048|monotonic_ms=60|clock_delta_ms=1.048
|clock_suspect=0
PMLE_LIVE_REPLAY_TIC|tic=1598|mle_ms=94.88|monotonic_ms=90|clock_delta_ms=4.88|c
lock_suspect=0
PMLE_LIVE_REPLAY_TIC|tic=1599|mle_ms=119.781|monotonic_ms=120|clock_delta_ms=.21
9|clock_suspect=0
PMLE_LIVE_REPLAY_TIC|tic=1600|mle_ms=43.353|monotonic_ms=50|clock_delta_ms=6.647
|clock_suspect=0
PMLE_LIVE_REPLAY_TIC|tic=1601|mle_ms=129.264|monotonic_ms=130|clock_delta_ms=.73
6|clock_suspect=0
PMLE_LIVE_REPLAY_TIC|tic=1602|mle_ms=93.763|monotonic_ms=100|clock_delta_ms=6.23
7|clock_suspect=0
PMLE_LIVE_REPLAY_TIC|tic=1603|mle_ms=49.346|monotonic_ms=50|clock_delta_ms=.654|
clock_suspect=0
PMLE_LIVE_REPLAY_TIC|tic=1604|mle_ms=97.863|monotonic_ms=90|clock_delta_ms=7.863
|clock_suspect=0
PMLE_LIVE_REPLAY_TIC|tic=1605|mle_ms=91.67|monotonic_ms=100|clock_delta_ms=8.33|
clock_suspect=0
PMLE_LIVE_REPLAY_TIC|tic=1606|mle_ms=66.724|monotonic_ms=60|clock_delta_ms=6.724
|clock_suspect=0
PMLE_LIVE_REPLAY_TIC|tic=1607|mle_ms=105.213|monotonic_ms=110|clock_delta_ms=4.7
87|clock_suspect=0
PMLE_LIVE_REPLAY_TIC|tic=1608|mle_ms=99.854|monotonic_ms=100|clock_delta_ms=.146
|clock_suspect=0
PMLE_LIVE_REPLAY_TIC|tic=1609|mle_ms=47.536|monotonic_ms=50|clock_delta_ms=2.464
|clock_suspect=0
PMLE_LIVE_REPLAY_TIC|tic=1610|mle_ms=107.619|monotonic_ms=100|clock_delta_ms=7.6
19|clock_suspect=0
PMLE_LIVE_REPLAY_TIC|tic=1611|mle_ms=131.351|monotonic_ms=140|clock_delta_ms=8.6
49|clock_suspect=0
PMLE_LIVE_REPLAY_TIC|tic=1612|mle_ms=43.892|monotonic_ms=40|clock_delta_ms=3.892
|clock_suspect=0
PMLE_LIVE_REPLAY_TIC|tic=1613|mle_ms=106.925|monotonic_ms=110|clock_delta_ms=3.0
75|clock_suspect=0
PMLE_LIVE_REPLAY_TIC|tic=1614|mle_ms=104.933|monotonic_ms=100|clock_delta_ms=4.9
33|clock_suspect=0
PMLE_LIVE_REPLAY_TIC|tic=1615|mle_ms=46.417|monotonic_ms=50|clock_delta_ms=3.583
|clock_suspect=0
PMLE_LIVE_REPLAY_TIC|tic=1616|mle_ms=103.962|monotonic_ms=100|clock_delta_ms=3.9
62|clock_suspect=0
PMLE_LIVE_REPLAY_TIC|tic=1617|mle_ms=95.992|monotonic_ms=100|clock_delta_ms=4.00
8|clock_suspect=0
PMLE_LIVE_REPLAY_TIC|tic=1618|mle_ms=38.073|monotonic_ms=40|clock_delta_ms=1.927
|clock_suspect=0
PMLE_LIVE_REPLAY_TIC|tic=1619|mle_ms=86.679|monotonic_ms=80|clock_delta_ms=6.679
|clock_suspect=0
PMLE_LIVE_REPLAY_TIC|tic=1620|mle_ms=92.254|monotonic_ms=100|clock_delta_ms=7.74
6|clock_suspect=0
PMLE_LIVE_REPLAY_TIC|tic=1621|mle_ms=65.341|monotonic_ms=60|clock_delta_ms=5.341
|clock_suspect=0
PMLE_LIVE_REPLAY_TIC|tic=1622|mle_ms=119.37|monotonic_ms=120|clock_delta_ms=.63|
clock_suspect=0
PMLE_LIVE_REPLAY_TIC|tic=1623|mle_ms=122.809|monotonic_ms=120|clock_delta_ms=2.8
09|clock_suspect=0
PMLE_LIVE_REPLAY_TIC|tic=1624|mle_ms=49.263|monotonic_ms=50|clock_delta_ms=.737|
clock_suspect=0
PMLE_LIVE_REPLAY_TIC|tic=1625|mle_ms=78.335|monotonic_ms=80|clock_delta_ms=1.665
|clock_suspect=0
PMLE_LIVE_REPLAY_TIC|tic=1626|mle_ms=106.175|monotonic_ms=110|clock_delta_ms=3.8
25|clock_suspect=0
PMLE_LIVE_REPLAY_TIC|tic=1627|mle_ms=49.035|monotonic_ms=50|clock_delta_ms=.965|
clock_suspect=0
PMLE_LIVE_REPLAY_TIC|tic=1628|mle_ms=105.847|monotonic_ms=100|clock_delta_ms=5.8
47|clock_suspect=0
PMLE_LIVE_REPLAY_TIC|tic=1629|mle_ms=98.718|monotonic_ms=100|clock_delta_ms=1.28
2|clock_suspect=0
PMLE_LIVE_REPLAY_TIC|tic=1630|mle_ms=47.484|monotonic_ms=50|clock_delta_ms=2.516
|clock_suspect=0
PMLE_LIVE_REPLAY_TIC|tic=1631|mle_ms=126.631|monotonic_ms=130|clock_delta_ms=3.3
69|clock_suspect=0
PMLE_LIVE_REPLAY_TIC|tic=1632|mle_ms=88.567|monotonic_ms=80|clock_delta_ms=8.567
|clock_suspect=0
PMLE_LIVE_REPLAY_TIC|tic=1633|mle_ms=62.967|monotonic_ms=70|clock_delta_ms=7.033
|clock_suspect=0
PMLE_LIVE_REPLAY_TIC|tic=1634|mle_ms=119.949|monotonic_ms=120|clock_delta_ms=.05
1|clock_suspect=0
PMLE_LIVE_REPLAY_TIC|tic=1635|mle_ms=99.493|monotonic_ms=100|clock_delta_ms=.507
|clock_suspect=0
PMLE_LIVE_REPLAY_TIC|tic=1636|mle_ms=54.839|monotonic_ms=50|clock_delta_ms=4.839
|clock_suspect=0
PMLE_LIVE_REPLAY_TIC|tic=1637|mle_ms=88.455|monotonic_ms=90|clock_delta_ms=1.545
|clock_suspect=0
PMLE_LIVE_REPLAY_TIC|tic=1638|mle_ms=84.941|monotonic_ms=90|clock_delta_ms=5.059
|clock_suspect=0
PMLE_LIVE_REPLAY_TIC|tic=1639|mle_ms=43.196|monotonic_ms=40|clock_delta_ms=3.196
|clock_suspect=0
PMLE_LIVE_REPLAY_TIC|tic=1640|mle_ms=103.353|monotonic_ms=100|clock_delta_ms=3.3
53|clock_suspect=0
PMLE_LIVE_REPLAY_TIC|tic=1641|mle_ms=132.128|monotonic_ms=130|clock_delta_ms=2.1
28|clock_suspect=0
PMLE_LIVE_REPLAY_TIC|tic=1642|mle_ms=47.178|monotonic_ms=50|clock_delta_ms=2.822
|clock_suspect=0
PMLE_LIVE_REPLAY_TIC|tic=1643|mle_ms=112.691|monotonic_ms=110|clock_delta_ms=2.6
91|clock_suspect=0
PMLE_LIVE_REPLAY_TIC|tic=1644|mle_ms=98.251|monotonic_ms=100|clock_delta_ms=1.74
9|clock_suspect=0
PMLE_LIVE_REPLAY_TIC|tic=1645|mle_ms=281.073|monotonic_ms=280|clock_delta_ms=1.0
73|clock_suspect=0
PMLE_LIVE_REPLAY_TIC|tic=1646|mle_ms=126.53|monotonic_ms=130|clock_delta_ms=3.47
|clock_suspect=0
PMLE_LIVE_REPLAY_TIC|tic=1647|mle_ms=136.318|monotonic_ms=140|clock_delta_ms=3.6
82|clock_suspect=0
PMLE_LIVE_REPLAY_TIC|tic=1648|mle_ms=156.469|monotonic_ms=150|clock_delta_ms=6.4
69|clock_suspect=0
PMLE_LIVE_REPLAY_TIC|tic=1649|mle_ms=88.692|monotonic_ms=90|clock_delta_ms=1.308
|clock_suspect=0
PMLE_LIVE_REPLAY_TIC|tic=1650|mle_ms=116.821|monotonic_ms=120|clock_delta_ms=3.1
79|clock_suspect=0
PMLE_LIVE_REPLAY_TIC|tic=1651|mle_ms=71.192|monotonic_ms=70|clock_delta_ms=1.192
|clock_suspect=0
PMLE_LIVE_REPLAY_TIC|tic=1652|mle_ms=101.173|monotonic_ms=100|clock_delta_ms=1.1
73|clock_suspect=0
PMLE_LIVE_REPLAY_TIC|tic=1653|mle_ms=135.68|monotonic_ms=140|clock_delta_ms=4.32
|clock_suspect=0
PMLE_LIVE_REPLAY_TIC|tic=1654|mle_ms=52.962|monotonic_ms=50|clock_delta_ms=2.962
|clock_suspect=0
PMLE_LIVE_REPLAY_TIC|tic=1655|mle_ms=103.918|monotonic_ms=100|clock_delta_ms=3.9
18|clock_suspect=0
PMLE_LIVE_REPLAY_TIC|tic=1656|mle_ms=169.11|monotonic_ms=170|clock_delta_ms=.89|
clock_suspect=0
PMLE_LIVE_REPLAY_TIC|tic=1657|mle_ms=47.138|monotonic_ms=50|clock_delta_ms=2.862
|clock_suspect=0
PMLE_LIVE_REPLAY_TIC|tic=1658|mle_ms=108.595|monotonic_ms=110|clock_delta_ms=1.4
05|clock_suspect=0
PMLE_LIVE_REPLAY_TIC|tic=1659|mle_ms=138.816|monotonic_ms=140|clock_delta_ms=1.1
84|clock_suspect=0
PMLE_LIVE_REPLAY_TIC|tic=1660|mle_ms=23.631|monotonic_ms=20|clock_delta_ms=3.631
|clock_suspect=0
PMLE_LIVE_REPLAY_TIC|tic=1661|mle_ms=105.283|monotonic_ms=110|clock_delta_ms=4.7
17|clock_suspect=0
PMLE_LIVE_REPLAY_TIC|tic=1662|mle_ms=121.894|monotonic_ms=120|clock_delta_ms=1.8
94|clock_suspect=0
PMLE_LIVE_REPLAY_TIC|tic=1663|mle_ms=41.882|monotonic_ms=40|clock_delta_ms=1.882
|clock_suspect=0
PMLE_LIVE_REPLAY_TIC|tic=1664|mle_ms=106.915|monotonic_ms=110|clock_delta_ms=3.0
85|clock_suspect=0
PMLE_LIVE_REPLAY_TIC|tic=1665|mle_ms=120.435|monotonic_ms=120|clock_delta_ms=.43
5|clock_suspect=0
PMLE_LIVE_REPLAY_TIC|tic=1666|mle_ms=40.387|monotonic_ms=40|clock_delta_ms=.387|
clock_suspect=0
PMLE_LIVE_REPLAY_TIC|tic=1667|mle_ms=73.442|monotonic_ms=70|clock_delta_ms=3.442
|clock_suspect=0
PMLE_LIVE_REPLAY_TIC|tic=1668|mle_ms=102.748|monotonic_ms=110|clock_delta_ms=7.2
52|clock_suspect=0
PMLE_LIVE_REPLAY_TIC|tic=1669|mle_ms=25.852|monotonic_ms=20|clock_delta_ms=5.852
|clock_suspect=0
PMLE_LIVE_REPLAY_TIC|tic=1670|mle_ms=75.288|monotonic_ms=80|clock_delta_ms=4.712
|clock_suspect=0
PMLE_LIVE_REPLAY_TIC|tic=1671|mle_ms=97.437|monotonic_ms=90|clock_delta_ms=7.437
|clock_suspect=0
PMLE_LIVE_REPLAY_TIC|tic=1672|mle_ms=25.265|monotonic_ms=30|clock_delta_ms=4.735
|clock_suspect=0
PMLE_LIVE_REPLAY_TIC|tic=1673|mle_ms=90.071|monotonic_ms=90|clock_delta_ms=.071|
clock_suspect=0
PMLE_LIVE_REPLAY_TIC|tic=1674|mle_ms=100.799|monotonic_ms=100|clock_delta_ms=.79
9|clock_suspect=0
PMLE_LIVE_REPLAY_TIC|tic=1675|mle_ms=22.757|monotonic_ms=20|clock_delta_ms=2.757
|clock_suspect=0
PMLE_LIVE_REPLAY_TIC|tic=1676|mle_ms=95.013|monotonic_ms=100|clock_delta_ms=4.98
7|clock_suspect=0
PMLE_LIVE_REPLAY_TIC|tic=1677|mle_ms=96.809|monotonic_ms=100|clock_delta_ms=3.19
1|clock_suspect=0
PMLE_LIVE_REPLAY_TIC|tic=1678|mle_ms=24.942|monotonic_ms=20|clock_delta_ms=4.942
|clock_suspect=0
PMLE_LIVE_REPLAY_TIC|tic=1679|mle_ms=74.66|monotonic_ms=80|clock_delta_ms=5.34|c
lock_suspect=0
PMLE_LIVE_REPLAY_TIC|tic=1680|mle_ms=101.056|monotonic_ms=100|clock_delta_ms=1.0
56|clock_suspect=0
PMLE_LIVE_REPLAY_TIC|tic=1681|mle_ms=21.094|monotonic_ms=20|clock_delta_ms=1.094
|clock_suspect=0
PMLE_LIVE_REPLAY_TIC|tic=1682|mle_ms=81.153|monotonic_ms=80|clock_delta_ms=1.153
|clock_suspect=0
PMLE_LIVE_REPLAY_TIC|tic=1683|mle_ms=125.44|monotonic_ms=120|clock_delta_ms=5.44
|clock_suspect=0
PMLE_LIVE_REPLAY_TIC|tic=1684|mle_ms=24.645|monotonic_ms=30|clock_delta_ms=5.355
|clock_suspect=0
PMLE_LIVE_REPLAY_TIC|tic=1685|mle_ms=78.085|monotonic_ms=80|clock_delta_ms=1.915
|clock_suspect=0
PMLE_LIVE_REPLAY_TIC|tic=1686|mle_ms=121.227|monotonic_ms=120|clock_delta_ms=1.2
27|clock_suspect=0
PMLE_LIVE_REPLAY_TIC|tic=1687|mle_ms=23.53|monotonic_ms=20|clock_delta_ms=3.53|c
lock_suspect=0
PMLE_LIVE_REPLAY_TIC|tic=1688|mle_ms=76.558|monotonic_ms=80|clock_delta_ms=3.442
|clock_suspect=0
PMLE_LIVE_REPLAY_TIC|tic=1689|mle_ms=103.133|monotonic_ms=100|clock_delta_ms=3.1
33|clock_suspect=0
PMLE_LIVE_REPLAY_TIC|tic=1690|mle_ms=26.764|monotonic_ms=30|clock_delta_ms=3.236
|clock_suspect=0
PMLE_LIVE_REPLAY_TIC|tic=1691|mle_ms=76.098|monotonic_ms=70|clock_delta_ms=6.098
|clock_suspect=0
PMLE_LIVE_REPLAY_TIC|tic=1692|mle_ms=98.296|monotonic_ms=100|clock_delta_ms=1.70
4|clock_suspect=0
PMLE_LIVE_REPLAY_TIC|tic=1693|mle_ms=27.702|monotonic_ms=30|clock_delta_ms=2.298
|clock_suspect=0
PMLE_LIVE_REPLAY_TIC|tic=1694|mle_ms=95.26|monotonic_ms=100|clock_delta_ms=4.74|
clock_suspect=0
PMLE_LIVE_REPLAY_TIC|tic=1695|mle_ms=90.242|monotonic_ms=90|clock_delta_ms=.242|
clock_suspect=0
PMLE_LIVE_REPLAY_TIC|tic=1696|mle_ms=49.259|monotonic_ms=50|clock_delta_ms=.741|
clock_suspect=0
PMLE_LIVE_REPLAY_TIC|tic=1697|mle_ms=79.928|monotonic_ms=80|clock_delta_ms=.072|
clock_suspect=0
PMLE_LIVE_REPLAY_TIC|tic=1698|mle_ms=109.706|monotonic_ms=110|clock_delta_ms=.29
4|clock_suspect=0
PMLE_LIVE_REPLAY_TIC|tic=1699|mle_ms=19.939|monotonic_ms=20|clock_delta_ms=.061|
clock_suspect=0
PMLE_LIVE_REPLAY_TIC|tic=1700|mle_ms=68.275|monotonic_ms=60|clock_delta_ms=8.275
|clock_suspect=0
PMLE_LIVE_REPLAY_TIC|tic=1701|mle_ms=86.694|monotonic_ms=90|clock_delta_ms=3.306
|clock_suspect=0
PMLE_LIVE_REPLAY_TIC|tic=1702|mle_ms=17.788|monotonic_ms=20|clock_delta_ms=2.212
|clock_suspect=0
PMLE_LIVE_REPLAY_TIC|tic=1703|mle_ms=85.093|monotonic_ms=80|clock_delta_ms=5.093
|clock_suspect=0
PMLE_LIVE_REPLAY_TIC|tic=1704|mle_ms=115.559|monotonic_ms=120|clock_delta_ms=4.4
41|clock_suspect=0
PMLE_LIVE_REPLAY_TIC|tic=1705|mle_ms=19.124|monotonic_ms=20|clock_delta_ms=.876|
clock_suspect=0
PMLE_LIVE_REPLAY_TIC|tic=1706|mle_ms=104.153|monotonic_ms=100|clock_delta_ms=4.1
53|clock_suspect=0
PMLE_LIVE_REPLAY_TIC|tic=1707|mle_ms=84.223|monotonic_ms=90|clock_delta_ms=5.777
|clock_suspect=0
PMLE_LIVE_REPLAY_TIC|tic=1708|mle_ms=13.018|monotonic_ms=10|clock_delta_ms=3.018
|clock_suspect=0
PMLE_LIVE_REPLAY_TIC|tic=1709|mle_ms=66.731|monotonic_ms=70|clock_delta_ms=3.269
|clock_suspect=0
PMLE_LIVE_REPLAY_TIC|tic=1710|mle_ms=86.638|monotonic_ms=80|clock_delta_ms=6.638
|clock_suspect=0
PMLE_LIVE_REPLAY_TIC|tic=1711|mle_ms=15.291|monotonic_ms=20|clock_delta_ms=4.709
|clock_suspect=0
PMLE_LIVE_REPLAY_TIC|tic=1712|mle_ms=20.872|monotonic_ms=20|clock_delta_ms=.872|
clock_suspect=0
PMLE_LIVE_REPLAY_TIC|tic=1713|mle_ms=96.704|monotonic_ms=100|clock_delta_ms=3.29
6|clock_suspect=0
PMLE_LIVE_REPLAY_TIC|tic=1714|mle_ms=18.112|monotonic_ms=10|clock_delta_ms=8.112
|clock_suspect=0
PMLE_LIVE_REPLAY_TIC|tic=1715|mle_ms=18.732|monotonic_ms=20|clock_delta_ms=1.268
|clock_suspect=0
PMLE_LIVE_REPLAY_TIC|tic=1716|mle_ms=105.608|monotonic_ms=110|clock_delta_ms=4.3
92|clock_suspect=0
PMLE_LIVE_REPLAY_TIC|tic=1717|mle_ms=11.266|monotonic_ms=10|clock_delta_ms=1.266
|clock_suspect=0
PMLE_LIVE_REPLAY_TIC|tic=1718|mle_ms=60.228|monotonic_ms=60|clock_delta_ms=.228|
clock_suspect=0
PMLE_LIVE_REPLAY_TIC|tic=1719|mle_ms=84.076|monotonic_ms=80|clock_delta_ms=4.076
|clock_suspect=0
PMLE_LIVE_REPLAY_TIC|tic=1720|mle_ms=13.16|monotonic_ms=20|clock_delta_ms=6.84|c
lock_suspect=0
PMLE_LIVE_REPLAY_TIC|tic=1721|mle_ms=64.243|monotonic_ms=60|clock_delta_ms=4.243
|clock_suspect=0
PMLE_LIVE_REPLAY_TIC|tic=1722|mle_ms=90.176|monotonic_ms=90|clock_delta_ms=.176|
clock_suspect=0
PMLE_LIVE_REPLAY_TIC|tic=1723|mle_ms=24.581|monotonic_ms=30|clock_delta_ms=5.419
|clock_suspect=0
PMLE_LIVE_REPLAY_TIC|tic=1724|mle_ms=88.22|monotonic_ms=90|clock_delta_ms=1.78|c
lock_suspect=0
PMLE_LIVE_REPLAY_TIC|tic=1725|mle_ms=32.488|monotonic_ms=30|clock_delta_ms=2.488
|clock_suspect=0
PMLE_LIVE_REPLAY_TIC|tic=1726|mle_ms=39.986|monotonic_ms=40|clock_delta_ms=.014|
clock_suspect=0
PMLE_LIVE_REPLAY_TIC|tic=1727|mle_ms=63.608|monotonic_ms=60|clock_delta_ms=3.608
|clock_suspect=0
PMLE_LIVE_REPLAY_TIC|tic=1728|mle_ms=34.112|monotonic_ms=40|clock_delta_ms=5.888
|clock_suspect=0
PMLE_LIVE_REPLAY_TIC|tic=1729|mle_ms=13.199|monotonic_ms=10|clock_delta_ms=3.199
|clock_suspect=0
PMLE_LIVE_REPLAY_TIC|tic=1730|mle_ms=82.906|monotonic_ms=80|clock_delta_ms=2.906
|clock_suspect=0
PMLE_LIVE_REPLAY_TIC|tic=1731|mle_ms=33.081|monotonic_ms=40|clock_delta_ms=6.919
|clock_suspect=0
PMLE_LIVE_REPLAY_TIC|tic=1732|mle_ms=14.192|monotonic_ms=10|clock_delta_ms=4.192
|clock_suspect=0
PMLE_LIVE_REPLAY_TIC|tic=1733|mle_ms=79.821|monotonic_ms=80|clock_delta_ms=.179|
clock_suspect=0
PMLE_LIVE_REPLAY_TIC|tic=1734|mle_ms=36.922|monotonic_ms=40|clock_delta_ms=3.078
|clock_suspect=0
PMLE_LIVE_REPLAY_TIC|tic=1735|mle_ms=10.952|monotonic_ms=10|clock_delta_ms=.952|
clock_suspect=0
PMLE_LIVE_REPLAY_TIC|tic=1736|mle_ms=106.161|monotonic_ms=100|clock_delta_ms=6.1
61|clock_suspect=0
PMLE_LIVE_REPLAY_TIC|tic=1737|mle_ms=39.631|monotonic_ms=40|clock_delta_ms=.369|
clock_suspect=0
PMLE_LIVE_REPLAY_TIC|tic=1738|mle_ms=15.007|monotonic_ms=20|clock_delta_ms=4.993
|clock_suspect=0
PMLE_LIVE_REPLAY_TIC|tic=1739|mle_ms=72.532|monotonic_ms=70|clock_delta_ms=2.532
|clock_suspect=0
PMLE_LIVE_REPLAY_TIC|tic=1740|mle_ms=35.697|monotonic_ms=40|clock_delta_ms=4.303
|clock_suspect=0
PMLE_LIVE_REPLAY_TIC|tic=1741|mle_ms=14.36|monotonic_ms=10|clock_delta_ms=4.36|c
lock_suspect=0
PMLE_LIVE_REPLAY_TIC|tic=1742|mle_ms=18.738|monotonic_ms=20|clock_delta_ms=1.262
|clock_suspect=0
PMLE_LIVE_REPLAY_TIC|tic=1743|mle_ms=48.856|monotonic_ms=50|clock_delta_ms=1.144
|clock_suspect=0
PMLE_LIVE_REPLAY_TIC|tic=1744|mle_ms=22.718|monotonic_ms=20|clock_delta_ms=2.718
|clock_suspect=0
PMLE_LIVE_REPLAY_TIC|tic=1745|mle_ms=21.848|monotonic_ms=20|clock_delta_ms=1.848
|clock_suspect=0
PMLE_LIVE_REPLAY_TIC|tic=1746|mle_ms=75.648|monotonic_ms=80|clock_delta_ms=4.352
|clock_suspect=0
PMLE_LIVE_REPLAY_TIC|tic=1747|mle_ms=12.557|monotonic_ms=10|clock_delta_ms=2.557
|clock_suspect=0
PMLE_LIVE_REPLAY_TIC|tic=1748|mle_ms=19.038|monotonic_ms=20|clock_delta_ms=.962|
clock_suspect=0
PMLE_LIVE_REPLAY_TIC|tic=1749|mle_ms=30.012|monotonic_ms=30|clock_delta_ms=.012|
clock_suspect=0
PMLE_LIVE_REPLAY_TIC|tic=1750|mle_ms=12.614|monotonic_ms=10|clock_delta_ms=2.614
|clock_suspect=0
PMLE_LIVE_REPLAY_TIC|tic=1751|mle_ms=17.441|monotonic_ms=20|clock_delta_ms=2.559
|clock_suspect=0
PMLE_LIVE_REPLAY_TIC|tic=1752|mle_ms=74.488|monotonic_ms=80|clock_delta_ms=5.512
|clock_suspect=0
PMLE_LIVE_REPLAY_TIC|tic=1753|mle_ms=24.914|monotonic_ms=20|clock_delta_ms=4.914
|clock_suspect=0
PMLE_LIVE_REPLAY_TIC|tic=1754|mle_ms=20.188|monotonic_ms=20|clock_delta_ms=.188|
clock_suspect=0
PMLE_LIVE_REPLAY_TIC|tic=1755|mle_ms=91.515|monotonic_ms=90|clock_delta_ms=1.515
|clock_suspect=0
PMLE_LIVE_REPLAY_TIC|tic=1756|mle_ms=38.984|monotonic_ms=40|clock_delta_ms=1.016
|clock_suspect=0
PMLE_LIVE_REPLAY_TIC|tic=1757|mle_ms=13.501|monotonic_ms=20|clock_delta_ms=6.499
|clock_suspect=0
PMLE_LIVE_REPLAY_TIC|tic=1758|mle_ms=79.332|monotonic_ms=80|clock_delta_ms=.668|
clock_suspect=0
PMLE_LIVE_REPLAY_TIC|tic=1759|mle_ms=13.304|monotonic_ms=10|clock_delta_ms=3.304
|clock_suspect=0
PMLE_LIVE_REPLAY_TIC|tic=1760|mle_ms=61.376|monotonic_ms=60|clock_delta_ms=1.376
|clock_suspect=0
PMLE_LIVE_REPLAY_TIC|tic=1761|mle_ms=65.868|monotonic_ms=70|clock_delta_ms=4.132
|clock_suspect=0
PMLE_LIVE_REPLAY_TIC|tic=1762|mle_ms=55.496|monotonic_ms=50|clock_delta_ms=5.496
|clock_suspect=0
PMLE_LIVE_REPLAY_TIC|tic=1763|mle_ms=77.891|monotonic_ms=80|clock_delta_ms=2.109
|clock_suspect=0
PMLE_LIVE_REPLAY_TIC|tic=1764|mle_ms=67.834|monotonic_ms=70|clock_delta_ms=2.166
|clock_suspect=0
PMLE_LIVE_REPLAY_TIC|tic=1765|mle_ms=14.751|monotonic_ms=10|clock_delta_ms=4.751
|clock_suspect=0
PMLE_LIVE_REPLAY_TIC|tic=1766|mle_ms=83.82|monotonic_ms=90|clock_delta_ms=6.18|c
lock_suspect=0
PMLE_LIVE_REPLAY_TIC|tic=1767|mle_ms=76.622|monotonic_ms=70|clock_delta_ms=6.622
|clock_suspect=0
PMLE_LIVE_REPLAY_TIC|tic=1768|mle_ms=15.924|monotonic_ms=20|clock_delta_ms=4.076
|clock_suspect=0
PMLE_LIVE_REPLAY_TIC|tic=1769|mle_ms=82.376|monotonic_ms=80|clock_delta_ms=2.376
|clock_suspect=0
PMLE_LIVE_REPLAY_TIC|tic=1770|mle_ms=69.559|monotonic_ms=70|clock_delta_ms=.441|
clock_suspect=0
PMLE_LIVE_REPLAY_TIC|tic=1771|mle_ms=14.615|monotonic_ms=20|clock_delta_ms=5.385
|clock_suspect=0
PMLE_LIVE_REPLAY_TIC|tic=1772|mle_ms=56.354|monotonic_ms=50|clock_delta_ms=6.354
|clock_suspect=0
PMLE_LIVE_REPLAY_TIC|tic=1773|mle_ms=78.277|monotonic_ms=80|clock_delta_ms=1.723
|clock_suspect=0
PMLE_LIVE_REPLAY_TIC|tic=1774|mle_ms=18.05|monotonic_ms=20|clock_delta_ms=1.95|c
lock_suspect=0
PMLE_LIVE_REPLAY_TIC|tic=1775|mle_ms=60.44|monotonic_ms=60|clock_delta_ms=.44|cl
ock_suspect=0
PMLE_LIVE_REPLAY_TIC|tic=1776|mle_ms=116.123|monotonic_ms=120|clock_delta_ms=3.8
77|clock_suspect=0
PMLE_LIVE_REPLAY_TIC|tic=1777|mle_ms=12.825|monotonic_ms=10|clock_delta_ms=2.825
|clock_suspect=0
PMLE_LIVE_REPLAY_TIC|tic=1778|mle_ms=62.059|monotonic_ms=60|clock_delta_ms=2.059
|clock_suspect=0
PMLE_LIVE_REPLAY_TIC|tic=1779|mle_ms=66.099|monotonic_ms=70|clock_delta_ms=3.901
|clock_suspect=0
PMLE_LIVE_REPLAY_TIC|tic=1780|mle_ms=10.849|monotonic_ms=10|clock_delta_ms=.849|
clock_suspect=0
PMLE_LIVE_REPLAY_TIC|tic=1781|mle_ms=43.396|monotonic_ms=40|clock_delta_ms=3.396
|clock_suspect=0
PMLE_LIVE_REPLAY_TIC|tic=1782|mle_ms=72.237|monotonic_ms=70|clock_delta_ms=2.237
|clock_suspect=0
PMLE_LIVE_REPLAY_TIC|tic=1783|mle_ms=166.006|monotonic_ms=170|clock_delta_ms=3.9
94|clock_suspect=0
PMLE_LIVE_REPLAY_TIC|tic=1784|mle_ms=27.985|monotonic_ms=30|clock_delta_ms=2.015
|clock_suspect=0
PMLE_LIVE_REPLAY_TIC|tic=1785|mle_ms=72.198|monotonic_ms=70|clock_delta_ms=2.198
|clock_suspect=0
PMLE_LIVE_REPLAY_TIC|tic=1786|mle_ms=150.339|monotonic_ms=150|clock_delta_ms=.33
9|clock_suspect=0
PMLE_LIVE_REPLAY_TIC|tic=1787|mle_ms=16.726|monotonic_ms=20|clock_delta_ms=3.274
|clock_suspect=0
PMLE_LIVE_REPLAY_TIC|tic=1788|mle_ms=70.772|monotonic_ms=70|clock_delta_ms=.772|
clock_suspect=0
PMLE_LIVE_REPLAY_TIC|tic=1789|mle_ms=13.673|monotonic_ms=10|clock_delta_ms=3.673
|clock_suspect=0
PMLE_LIVE_REPLAY_TIC|tic=1790|mle_ms=64.463|monotonic_ms=70|clock_delta_ms=5.537
|clock_suspect=0
PMLE_LIVE_REPLAY_TIC|tic=1791|mle_ms=74.543|monotonic_ms=70|clock_delta_ms=4.543
|clock_suspect=0
PMLE_LIVE_REPLAY_TIC|tic=1792|mle_ms=18.61|monotonic_ms=20|clock_delta_ms=1.39|c
lock_suspect=0
PMLE_LIVE_REPLAY_TIC|tic=1793|mle_ms=87.49|monotonic_ms=90|clock_delta_ms=2.51|c
lock_suspect=0
PMLE_LIVE_REPLAY_TIC|tic=1794|mle_ms=82.052|monotonic_ms=80|clock_delta_ms=2.052
|clock_suspect=0
PMLE_LIVE_REPLAY_TIC|tic=1795|mle_ms=15.512|monotonic_ms=20|clock_delta_ms=4.488
|clock_suspect=0
PMLE_LIVE_REPLAY_TIC|tic=1796|mle_ms=126.562|monotonic_ms=120|clock_delta_ms=6.5
62|clock_suspect=0
PMLE_LIVE_REPLAY_TIC|tic=1797|mle_ms=79.998|monotonic_ms=80|clock_delta_ms=.002|
clock_suspect=0
PMLE_LIVE_REPLAY_TIC|tic=1798|mle_ms=16.056|monotonic_ms=20|clock_delta_ms=3.944
|clock_suspect=0
PMLE_LIVE_REPLAY_TIC|tic=1799|mle_ms=95.439|monotonic_ms=90|clock_delta_ms=5.439
|clock_suspect=0
PMLE_LIVE_REPLAY_TIC|tic=1800|mle_ms=107.278|monotonic_ms=110|clock_delta_ms=2.7
22|clock_suspect=0
PMLE_LIVE_REPLAY_TIC|tic=1801|mle_ms=13.797|monotonic_ms=10|clock_delta_ms=3.797
|clock_suspect=0
PMLE_LIVE_REPLAY_TIC|tic=1802|mle_ms=65.279|monotonic_ms=70|clock_delta_ms=4.721
|clock_suspect=0
PMLE_LIVE_REPLAY_TIC|tic=1803|mle_ms=85.926|monotonic_ms=80|clock_delta_ms=5.926
|clock_suspect=0
PMLE_LIVE_REPLAY_TIC|tic=1804|mle_ms=19.027|monotonic_ms=20|clock_delta_ms=.973|
clock_suspect=0
PMLE_LIVE_REPLAY_TIC|tic=1805|mle_ms=63.522|monotonic_ms=70|clock_delta_ms=6.478
|clock_suspect=0
PMLE_LIVE_REPLAY_TIC|tic=1806|mle_ms=101.083|monotonic_ms=100|clock_delta_ms=1.0
83|clock_suspect=0
PMLE_LIVE_REPLAY_TIC|tic=1807|mle_ms=13.865|monotonic_ms=10|clock_delta_ms=3.865
|clock_suspect=0
PMLE_LIVE_REPLAY_TIC|tic=1808|mle_ms=70.351|monotonic_ms=70|clock_delta_ms=.351|
clock_suspect=0
PMLE_LIVE_REPLAY_TIC|tic=1809|mle_ms=68.587|monotonic_ms=70|clock_delta_ms=1.413
|clock_suspect=0
PMLE_LIVE_REPLAY_TIC|tic=1810|mle_ms=22.509|monotonic_ms=20|clock_delta_ms=2.509
|clock_suspect=0
PMLE_LIVE_REPLAY_TIC|tic=1811|mle_ms=-46.899|monotonic_ms=80|clock_delta_ms=126.
899|clock_suspect=1
PMLE_LIVE_REPLAY_TIC|tic=1812|mle_ms=79.375|monotonic_ms=80|clock_delta_ms=.625|
clock_suspect=0
PMLE_LIVE_REPLAY_TIC|tic=1813|mle_ms=27.592|monotonic_ms=30|clock_delta_ms=2.408
|clock_suspect=0
PMLE_LIVE_REPLAY_TIC|tic=1814|mle_ms=69.161|monotonic_ms=60|clock_delta_ms=9.161
|clock_suspect=0
PMLE_LIVE_REPLAY_TIC|tic=1815|mle_ms=92.258|monotonic_ms=100|clock_delta_ms=7.74
2|clock_suspect=0
PMLE_LIVE_REPLAY_TIC|tic=1816|mle_ms=54.136|monotonic_ms=50|clock_delta_ms=4.136
|clock_suspect=0
PMLE_LIVE_REPLAY_TIC|tic=1817|mle_ms=63.012|monotonic_ms=60|clock_delta_ms=3.012
|clock_suspect=0
PMLE_LIVE_REPLAY_TIC|tic=1818|mle_ms=101.88|monotonic_ms=110|clock_delta_ms=8.12
|clock_suspect=0
PMLE_LIVE_REPLAY_TIC|tic=1819|mle_ms=18.335|monotonic_ms=10|clock_delta_ms=8.335
|clock_suspect=0
PMLE_LIVE_REPLAY_TIC|tic=1820|mle_ms=76.018|monotonic_ms=80|clock_delta_ms=3.982
|clock_suspect=0
PMLE_LIVE_REPLAY_TIC|tic=1821|mle_ms=99.904|monotonic_ms=100|clock_delta_ms=.096
|clock_suspect=0
PMLE_LIVE_REPLAY_TIC|tic=1822|mle_ms=20.608|monotonic_ms=20|clock_delta_ms=.608|
clock_suspect=0
PMLE_LIVE_REPLAY_TIC|tic=1823|mle_ms=80.49|monotonic_ms=80|clock_delta_ms=.49|cl
ock_suspect=0
PMLE_LIVE_REPLAY_TIC|tic=1824|mle_ms=96.207|monotonic_ms=100|clock_delta_ms=3.79
3|clock_suspect=0
PMLE_LIVE_REPLAY_TIC|tic=1825|mle_ms=21.53|monotonic_ms=20|clock_delta_ms=1.53|c
lock_suspect=0
PMLE_LIVE_REPLAY_TIC|tic=1826|mle_ms=117.605|monotonic_ms=120|clock_delta_ms=2.3
95|clock_suspect=0
PMLE_LIVE_REPLAY_TIC|tic=1827|mle_ms=77.796|monotonic_ms=80|clock_delta_ms=2.204
|clock_suspect=0
PMLE_LIVE_REPLAY_TIC|tic=1828|mle_ms=19.401|monotonic_ms=10|clock_delta_ms=9.401
|clock_suspect=0
PMLE_LIVE_REPLAY_TIC|tic=1829|mle_ms=68.58|monotonic_ms=70|clock_delta_ms=1.42|c
lock_suspect=0
PMLE_LIVE_REPLAY_TIC|tic=1830|mle_ms=77.218|monotonic_ms=80|clock_delta_ms=2.782
|clock_suspect=0
PMLE_LIVE_REPLAY_TIC|tic=1831|mle_ms=24.572|monotonic_ms=30|clock_delta_ms=5.428
|clock_suspect=0
PMLE_LIVE_REPLAY_TIC|tic=1832|mle_ms=117.684|monotonic_ms=110|clock_delta_ms=7.6
84|clock_suspect=0
PMLE_LIVE_REPLAY_TIC|tic=1833|mle_ms=127.126|monotonic_ms=130|clock_delta_ms=2.8
74|clock_suspect=0
PMLE_LIVE_REPLAY_TIC|tic=1834|mle_ms=29.83|monotonic_ms=30|clock_delta_ms=.17|cl
ock_suspect=0
PMLE_LIVE_REPLAY_TIC|tic=1835|mle_ms=79.604|monotonic_ms=80|clock_delta_ms=.396|
clock_suspect=0
PMLE_LIVE_REPLAY_TIC|tic=1836|mle_ms=141.621|monotonic_ms=140|clock_delta_ms=1.6
21|clock_suspect=0
PMLE_LIVE_REPLAY_TIC|tic=1837|mle_ms=23.828|monotonic_ms=30|clock_delta_ms=6.172
|clock_suspect=0
PMLE_LIVE_REPLAY_TIC|tic=1838|mle_ms=72.051|monotonic_ms=70|clock_delta_ms=2.051
|clock_suspect=0
PMLE_LIVE_REPLAY_TIC|tic=1839|mle_ms=78.116|monotonic_ms=80|clock_delta_ms=1.884
|clock_suspect=0
PMLE_LIVE_REPLAY_TIC|tic=1840|mle_ms=19.593|monotonic_ms=20|clock_delta_ms=.407|
clock_suspect=0
PMLE_LIVE_REPLAY_TIC|tic=1841|mle_ms=69.635|monotonic_ms=70|clock_delta_ms=.365|
clock_suspect=0
PMLE_LIVE_REPLAY_TIC|tic=1842|mle_ms=102.017|monotonic_ms=100|clock_delta_ms=2.0
17|clock_suspect=0
PMLE_LIVE_REPLAY_TIC|tic=1843|mle_ms=30.032|monotonic_ms=30|clock_delta_ms=.032|
clock_suspect=0
PMLE_LIVE_REPLAY_TIC|tic=1844|mle_ms=73.751|monotonic_ms=70|clock_delta_ms=3.751
|clock_suspect=0
PMLE_LIVE_REPLAY_TIC|tic=1845|mle_ms=88.964|monotonic_ms=90|clock_delta_ms=1.036
|clock_suspect=0
PMLE_LIVE_REPLAY_TIC|tic=1846|mle_ms=55.217|monotonic_ms=60|clock_delta_ms=4.783
|clock_suspect=0
PMLE_LIVE_REPLAY_TIC|tic=1847|mle_ms=75.125|monotonic_ms=70|clock_delta_ms=5.125
|clock_suspect=0
PMLE_LIVE_REPLAY_TIC|tic=1848|mle_ms=104.684|monotonic_ms=110|clock_delta_ms=5.3
16|clock_suspect=0
PMLE_LIVE_REPLAY_TIC|tic=1849|mle_ms=23.182|monotonic_ms=20|clock_delta_ms=3.182
|clock_suspect=0
PMLE_LIVE_REPLAY_TIC|tic=1850|mle_ms=98.932|monotonic_ms=100|clock_delta_ms=1.06
8|clock_suspect=0
PMLE_LIVE_REPLAY_TIC|tic=1851|mle_ms=78.612|monotonic_ms=80|clock_delta_ms=1.388
|clock_suspect=0
PMLE_LIVE_REPLAY_TIC|tic=1852|mle_ms=24.317|monotonic_ms=20|clock_delta_ms=4.317
|clock_suspect=0
PMLE_LIVE_REPLAY_TIC|tic=1853|mle_ms=96.917|monotonic_ms=100|clock_delta_ms=3.08
3|clock_suspect=0
PMLE_LIVE_REPLAY_TIC|tic=1854|mle_ms=111.053|monotonic_ms=110|clock_delta_ms=1.0
53|clock_suspect=0
PMLE_LIVE_REPLAY_TIC|tic=1855|mle_ms=19.936|monotonic_ms=20|clock_delta_ms=.064|
clock_suspect=0
PMLE_LIVE_REPLAY_TIC|tic=1856|mle_ms=111.106|monotonic_ms=110|clock_delta_ms=1.1
06|clock_suspect=0
PMLE_LIVE_REPLAY_TIC|tic=1857|mle_ms=81.682|monotonic_ms=80|clock_delta_ms=1.682
|clock_suspect=0
PMLE_LIVE_REPLAY_TIC|tic=1858|mle_ms=19.345|monotonic_ms=20|clock_delta_ms=.655|
clock_suspect=0
PMLE_LIVE_REPLAY_TIC|tic=1859|mle_ms=71.328|monotonic_ms=70|clock_delta_ms=1.328
|clock_suspect=0
PMLE_LIVE_REPLAY_TIC|tic=1860|mle_ms=92.776|monotonic_ms=100|clock_delta_ms=7.22
4|clock_suspect=0
PMLE_LIVE_REPLAY_TIC|tic=1861|mle_ms=19.772|monotonic_ms=20|clock_delta_ms=.228|
clock_suspect=0
PMLE_LIVE_REPLAY_TIC|tic=1862|mle_ms=72.325|monotonic_ms=70|clock_delta_ms=2.325
|clock_suspect=0
PMLE_LIVE_REPLAY_TIC|tic=1863|mle_ms=86.757|monotonic_ms=80|clock_delta_ms=6.757
|clock_suspect=0
PMLE_LIVE_REPLAY_TIC|tic=1864|mle_ms=28.715|monotonic_ms=30|clock_delta_ms=1.285
|clock_suspect=0
PMLE_LIVE_REPLAY_TIC|tic=1865|mle_ms=75.327|monotonic_ms=80|clock_delta_ms=4.673
|clock_suspect=0
PMLE_LIVE_REPLAY_TIC|tic=1866|mle_ms=97.566|monotonic_ms=100|clock_delta_ms=2.43
4|clock_suspect=0
PMLE_LIVE_REPLAY_TIC|tic=1867|mle_ms=22.961|monotonic_ms=20|clock_delta_ms=2.961
|clock_suspect=0
PMLE_LIVE_REPLAY_TIC|tic=1868|mle_ms=108.549|monotonic_ms=110|clock_delta_ms=1.4
51|clock_suspect=0
PMLE_LIVE_REPLAY_TIC|tic=1869|mle_ms=92.403|monotonic_ms=90|clock_delta_ms=2.403
|clock_suspect=0
PMLE_LIVE_REPLAY_TIC|tic=1870|mle_ms=22.037|monotonic_ms=20|clock_delta_ms=2.037
|clock_suspect=0
PMLE_LIVE_REPLAY_TIC|tic=1871|mle_ms=78.691|monotonic_ms=80|clock_delta_ms=1.309
|clock_suspect=0
PMLE_LIVE_REPLAY_TIC|tic=1872|mle_ms=82.047|monotonic_ms=80|clock_delta_ms=2.047
|clock_suspect=0
PMLE_LIVE_REPLAY_TIC|tic=1873|mle_ms=22.542|monotonic_ms=30|clock_delta_ms=7.458
|clock_suspect=0
PMLE_LIVE_REPLAY_TIC|tic=1874|mle_ms=103.023|monotonic_ms=100|clock_delta_ms=3.0
23|clock_suspect=0
PMLE_LIVE_REPLAY_TIC|tic=1875|mle_ms=87.562|monotonic_ms=90|clock_delta_ms=2.438
|clock_suspect=0
PMLE_LIVE_REPLAY_TIC|tic=1876|mle_ms=27.267|monotonic_ms=20|clock_delta_ms=7.267
|clock_suspect=0
PMLE_LIVE_REPLAY_TIC|tic=1877|mle_ms=84.398|monotonic_ms=90|clock_delta_ms=5.602
|clock_suspect=0
PMLE_LIVE_REPLAY_TIC|tic=1878|mle_ms=63.258|monotonic_ms=60|clock_delta_ms=3.258
|clock_suspect=0
PMLE_LIVE_REPLAY_TIC|tic=1879|mle_ms=12.444|monotonic_ms=10|clock_delta_ms=2.444
|clock_suspect=0
PMLE_LIVE_REPLAY_TIC|tic=1880|mle_ms=69.975|monotonic_ms=70|clock_delta_ms=.025|
clock_suspect=0
PMLE_LIVE_REPLAY_TIC|tic=1881|mle_ms=68.233|monotonic_ms=70|clock_delta_ms=1.767
|clock_suspect=0
PMLE_LIVE_REPLAY_TIC|tic=1882|mle_ms=109.597|monotonic_ms=110|clock_delta_ms=.40
3|clock_suspect=0
PMLE_LIVE_REPLAY_TIC|tic=1883|mle_ms=97.667|monotonic_ms=100|clock_delta_ms=2.33
3|clock_suspect=0
PMLE_LIVE_REPLAY_TIC|tic=1884|mle_ms=70.178|monotonic_ms=70|clock_delta_ms=.178|
clock_suspect=0
PMLE_LIVE_REPLAY_TIC|tic=1885|mle_ms=11.858|monotonic_ms=10|clock_delta_ms=1.858
|clock_suspect=0
PMLE_LIVE_REPLAY_TIC|tic=1886|mle_ms=100.557|monotonic_ms=100|clock_delta_ms=.55
7|clock_suspect=0
PMLE_LIVE_REPLAY_TIC|tic=1887|mle_ms=62.136|monotonic_ms=70|clock_delta_ms=7.864
|clock_suspect=0
PMLE_LIVE_REPLAY_TIC|tic=1888|mle_ms=12.076|monotonic_ms=10|clock_delta_ms=2.076
|clock_suspect=0
PMLE_LIVE_REPLAY_TIC|tic=1889|mle_ms=18.017|monotonic_ms=20|clock_delta_ms=1.983
|clock_suspect=0
PMLE_LIVE_REPLAY_TIC|tic=1890|mle_ms=62.964|monotonic_ms=60|clock_delta_ms=2.964
|clock_suspect=0
PMLE_LIVE_REPLAY_TIC|tic=1891|mle_ms=10.948|monotonic_ms=10|clock_delta_ms=.948|
clock_suspect=0
PMLE_LIVE_REPLAY_TIC|tic=1892|mle_ms=16.767|monotonic_ms=20|clock_delta_ms=3.233
|clock_suspect=0
PMLE_LIVE_REPLAY_TIC|tic=1893|mle_ms=97.145|monotonic_ms=90|clock_delta_ms=7.145
|clock_suspect=0
PMLE_LIVE_REPLAY_TIC|tic=1894|mle_ms=19.078|monotonic_ms=20|clock_delta_ms=.922|
clock_suspect=0
PMLE_LIVE_REPLAY_TIC|tic=1895|mle_ms=44.214|monotonic_ms=50|clock_delta_ms=5.786
|clock_suspect=0
PMLE_LIVE_REPLAY_TIC|tic=1896|mle_ms=81.274|monotonic_ms=80|clock_delta_ms=1.274
|clock_suspect=0
PMLE_LIVE_REPLAY_TIC|tic=1897|mle_ms=14.378|monotonic_ms=10|clock_delta_ms=4.378
|clock_suspect=0
PMLE_LIVE_REPLAY_TIC|tic=1898|mle_ms=53.586|monotonic_ms=60|clock_delta_ms=6.414
|clock_suspect=0
PMLE_LIVE_REPLAY_TIC|tic=1899|mle_ms=71.394|monotonic_ms=70|clock_delta_ms=1.394
|clock_suspect=0
PMLE_LIVE_REPLAY_TIC|tic=1900|mle_ms=21.14|monotonic_ms=20|clock_delta_ms=1.14|c
lock_suspect=0
PMLE_LIVE_REPLAY_TIC|tic=1901|mle_ms=59.119|monotonic_ms=60|clock_delta_ms=.881|
clock_suspect=0
PMLE_LIVE_REPLAY_TIC|tic=1902|mle_ms=88.414|monotonic_ms=90|clock_delta_ms=1.586
|clock_suspect=0
PMLE_LIVE_REPLAY_TIC|tic=1903|mle_ms=35.723|monotonic_ms=30|clock_delta_ms=5.723
|clock_suspect=0
PMLE_LIVE_REPLAY_TIC|tic=1904|mle_ms=81.686|monotonic_ms=90|clock_delta_ms=8.314
|clock_suspect=0
PMLE_LIVE_REPLAY_TIC|tic=1905|mle_ms=76.582|monotonic_ms=70|clock_delta_ms=6.582
|clock_suspect=0
PMLE_LIVE_REPLAY_TIC|tic=1906|mle_ms=41.393|monotonic_ms=40|clock_delta_ms=1.393
|clock_suspect=0
PMLE_LIVE_REPLAY_TIC|tic=1907|mle_ms=125.99|monotonic_ms=130|clock_delta_ms=4.01
|clock_suspect=0
PMLE_LIVE_REPLAY_TIC|tic=1908|mle_ms=76.785|monotonic_ms=80|clock_delta_ms=3.215
|clock_suspect=0
PMLE_LIVE_REPLAY_TIC|tic=1909|mle_ms=31.232|monotonic_ms=30|clock_delta_ms=1.232
|clock_suspect=0
PMLE_LIVE_REPLAY_TIC|tic=1910|mle_ms=146.006|monotonic_ms=150|clock_delta_ms=3.9
94|clock_suspect=0
PMLE_LIVE_REPLAY_TIC|tic=1911|mle_ms=93.614|monotonic_ms=90|clock_delta_ms=3.614
|clock_suspect=0
PMLE_LIVE_REPLAY_TIC|tic=1912|mle_ms=38.609|monotonic_ms=40|clock_delta_ms=1.391
|clock_suspect=0
PMLE_LIVE_REPLAY_TIC|tic=1913|mle_ms=147.152|monotonic_ms=140|clock_delta_ms=7.1
52|clock_suspect=0
PMLE_LIVE_REPLAY_TIC|tic=1914|mle_ms=44.355|monotonic_ms=50|clock_delta_ms=5.645
|clock_suspect=0
PMLE_LIVE_REPLAY_TIC|tic=1915|mle_ms=42.991|monotonic_ms=40|clock_delta_ms=2.991
|clock_suspect=0
PMLE_LIVE_REPLAY_TIC|tic=1916|mle_ms=205.448|monotonic_ms=210|clock_delta_ms=4.5
52|clock_suspect=0
PMLE_LIVE_REPLAY_TIC|tic=1917|mle_ms=44.397|monotonic_ms=40|clock_delta_ms=4.397
|clock_suspect=0
PMLE_LIVE_REPLAY_TIC|tic=1918|mle_ms=41.797|monotonic_ms=40|clock_delta_ms=1.797
|clock_suspect=0
PMLE_LIVE_REPLAY_TIC|tic=1919|mle_ms=87.276|monotonic_ms=90|clock_delta_ms=2.724
|clock_suspect=0
PMLE_LIVE_REPLAY_TIC|tic=1920|mle_ms=85.783|monotonic_ms=90|clock_delta_ms=4.217
|clock_suspect=0
PMLE_LIVE_REPLAY_TIC|tic=1921|mle_ms=30.327|monotonic_ms=30|clock_delta_ms=.327|
clock_suspect=0
PMLE_LIVE_REPLAY_TIC|tic=1922|mle_ms=77.097|monotonic_ms=80|clock_delta_ms=2.903
|clock_suspect=0
PMLE_LIVE_REPLAY_TIC|tic=1923|mle_ms=95.431|monotonic_ms=90|clock_delta_ms=5.431
|clock_suspect=0
PMLE_LIVE_REPLAY_TIC|tic=1924|mle_ms=31.3|monotonic_ms=30|clock_delta_ms=1.3|clo
ck_suspect=0
PMLE_LIVE_REPLAY_TIC|tic=1925|mle_ms=82.551|monotonic_ms=80|clock_delta_ms=2.551
|clock_suspect=0
PMLE_LIVE_REPLAY_TIC|tic=1926|mle_ms=103.207|monotonic_ms=110|clock_delta_ms=6.7
93|clock_suspect=0
PMLE_LIVE_REPLAY_TIC|tic=1927|mle_ms=16.609|monotonic_ms=10|clock_delta_ms=6.609
|clock_suspect=0
PMLE_LIVE_REPLAY_TIC|tic=1928|mle_ms=69.245|monotonic_ms=70|clock_delta_ms=.755|
clock_suspect=0
PMLE_LIVE_REPLAY_TIC|tic=1929|mle_ms=85.439|monotonic_ms=90|clock_delta_ms=4.561
|clock_suspect=0
PMLE_LIVE_REPLAY_TIC|tic=1930|mle_ms=17.85|monotonic_ms=20|clock_delta_ms=2.15|c
lock_suspect=0
PMLE_LIVE_REPLAY_TIC|tic=1931|mle_ms=67.468|monotonic_ms=60|clock_delta_ms=7.468
|clock_suspect=0
PMLE_LIVE_REPLAY_TIC|tic=1932|mle_ms=87.118|monotonic_ms=80|clock_delta_ms=7.118
|clock_suspect=0
PMLE_LIVE_REPLAY_TIC|tic=1933|mle_ms=28.245|monotonic_ms=30|clock_delta_ms=1.755
|clock_suspect=0
PMLE_LIVE_REPLAY_TIC|tic=1934|mle_ms=83.599|monotonic_ms=80|clock_delta_ms=3.599
|clock_suspect=0
PMLE_LIVE_REPLAY_TIC|tic=1935|mle_ms=73.826|monotonic_ms=80|clock_delta_ms=6.174
|clock_suspect=0
PMLE_LIVE_REPLAY_TIC|tic=1936|mle_ms=36.586|monotonic_ms=30|clock_delta_ms=6.586
|clock_suspect=0
PMLE_LIVE_REPLAY_TIC|tic=1937|mle_ms=73.167|monotonic_ms=80|clock_delta_ms=6.833
|clock_suspect=0
PMLE_LIVE_REPLAY_TIC|tic=1938|mle_ms=81.444|monotonic_ms=80|clock_delta_ms=1.444
|clock_suspect=0
PMLE_LIVE_REPLAY_TIC|tic=1939|mle_ms=14.72|monotonic_ms=10|clock_delta_ms=4.72|c
lock_suspect=0
PMLE_LIVE_REPLAY_TIC|tic=1940|mle_ms=69.833|monotonic_ms=70|clock_delta_ms=.167|
clock_suspect=0
PMLE_LIVE_REPLAY_TIC|tic=1941|mle_ms=99.318|monotonic_ms=100|clock_delta_ms=.682
|clock_suspect=0
PMLE_LIVE_REPLAY_TIC|tic=1942|mle_ms=16.767|monotonic_ms=20|clock_delta_ms=3.233
|clock_suspect=0
PMLE_LIVE_REPLAY_TIC|tic=1943|mle_ms=80.891|monotonic_ms=80|clock_delta_ms=.891|
clock_suspect=0
PMLE_LIVE_REPLAY_TIC|tic=1944|mle_ms=75.234|monotonic_ms=80|clock_delta_ms=4.766
|clock_suspect=0
PMLE_LIVE_REPLAY_TIC|tic=1945|mle_ms=13.227|monotonic_ms=10|clock_delta_ms=3.227
|clock_suspect=0
PMLE_LIVE_REPLAY_TIC|tic=1946|mle_ms=111.725|monotonic_ms=110|clock_delta_ms=1.7
25|clock_suspect=0
PMLE_LIVE_REPLAY_TIC|tic=1947|mle_ms=95.776|monotonic_ms=100|clock_delta_ms=4.22
4|clock_suspect=0
PMLE_LIVE_REPLAY_TIC|tic=1948|mle_ms=13.402|monotonic_ms=10|clock_delta_ms=3.402
|clock_suspect=0
PMLE_LIVE_REPLAY_TIC|tic=1949|mle_ms=68.855|monotonic_ms=70|clock_delta_ms=1.145
|clock_suspect=0
PMLE_LIVE_REPLAY_TIC|tic=1950|mle_ms=71.067|monotonic_ms=70|clock_delta_ms=1.067
|clock_suspect=0
PMLE_LIVE_REPLAY_TIC|tic=1951|mle_ms=10.545|monotonic_ms=10|clock_delta_ms=.545|
clock_suspect=0
PMLE_LIVE_REPLAY_TIC|tic=1952|mle_ms=71.573|monotonic_ms=70|clock_delta_ms=1.573
|clock_suspect=0
PMLE_LIVE_REPLAY_TIC|tic=1953|mle_ms=98.683|monotonic_ms=100|clock_delta_ms=1.31
7|clock_suspect=0
PMLE_LIVE_REPLAY_TIC|tic=1954|mle_ms=15.858|monotonic_ms=20|clock_delta_ms=4.142
|clock_suspect=0
PMLE_LIVE_REPLAY_TIC|tic=1955|mle_ms=77.395|monotonic_ms=80|clock_delta_ms=2.605
|clock_suspect=0
PMLE_LIVE_REPLAY_TIC|tic=1956|mle_ms=91.578|monotonic_ms=90|clock_delta_ms=1.578
|clock_suspect=0
PMLE_LIVE_REPLAY_TIC|tic=1957|mle_ms=9.756|monotonic_ms=10|clock_delta_ms=.244|c
lock_suspect=0
PMLE_LIVE_REPLAY_TIC|tic=1958|mle_ms=64.897|monotonic_ms=60|clock_delta_ms=4.897
|clock_suspect=0
PMLE_LIVE_REPLAY_TIC|tic=1959|mle_ms=68.726|monotonic_ms=70|clock_delta_ms=1.274
|clock_suspect=0
PMLE_LIVE_REPLAY_TIC|tic=1960|mle_ms=8.018|monotonic_ms=10|clock_delta_ms=1.982|
clock_suspect=0
PMLE_LIVE_REPLAY_TIC|tic=1961|mle_ms=66.696|monotonic_ms=70|clock_delta_ms=3.304
|clock_suspect=0
PMLE_LIVE_REPLAY_TIC|tic=1962|mle_ms=67.546|monotonic_ms=60|clock_delta_ms=7.546
|clock_suspect=0
PMLE_LIVE_REPLAY_TIC|tic=1963|mle_ms=20.517|monotonic_ms=20|clock_delta_ms=.517|
clock_suspect=0
PMLE_LIVE_REPLAY_TIC|tic=1964|mle_ms=82.213|monotonic_ms=90|clock_delta_ms=7.787
|clock_suspect=0
PMLE_LIVE_REPLAY_TIC|tic=1965|mle_ms=74.084|monotonic_ms=70|clock_delta_ms=4.084
|clock_suspect=0
PMLE_LIVE_REPLAY_TIC|tic=1966|mle_ms=31.721|monotonic_ms=30|clock_delta_ms=1.721
|clock_suspect=0
PMLE_LIVE_REPLAY_TIC|tic=1967|mle_ms=67.117|monotonic_ms=70|clock_delta_ms=2.883
|clock_suspect=0
PMLE_LIVE_REPLAY_TIC|tic=1968|mle_ms=58.366|monotonic_ms=60|clock_delta_ms=1.634
|clock_suspect=0
PMLE_LIVE_REPLAY_TIC|tic=1969|mle_ms=8.873|monotonic_ms=10|clock_delta_ms=1.127|
clock_suspect=0
PMLE_LIVE_REPLAY_TIC|tic=1970|mle_ms=75.496|monotonic_ms=70|clock_delta_ms=5.496
|clock_suspect=0
PMLE_LIVE_REPLAY_TIC|tic=1971|mle_ms=59.716|monotonic_ms=60|clock_delta_ms=.284|
clock_suspect=0
PMLE_LIVE_REPLAY_TIC|tic=1972|mle_ms=11.13|monotonic_ms=10|clock_delta_ms=1.13|c
lock_suspect=0
PMLE_LIVE_REPLAY_TIC|tic=1973|mle_ms=94.764|monotonic_ms=100|clock_delta_ms=5.23
6|clock_suspect=0
PMLE_LIVE_REPLAY_TIC|tic=1974|mle_ms=69.063|monotonic_ms=70|clock_delta_ms=.937|
clock_suspect=0
PMLE_LIVE_REPLAY_TIC|tic=1975|mle_ms=10.453|monotonic_ms=10|clock_delta_ms=.453|
clock_suspect=0
PMLE_LIVE_REPLAY_TIC|tic=1976|mle_ms=101.09|monotonic_ms=100|clock_delta_ms=1.09
|clock_suspect=0
PMLE_LIVE_REPLAY_TIC|tic=1977|mle_ms=85.48|monotonic_ms=80|clock_delta_ms=5.48|c
lock_suspect=0
PMLE_LIVE_REPLAY_TIC|tic=1978|mle_ms=9.5|monotonic_ms=10|clock_delta_ms=.5|clock
_suspect=0
PMLE_LIVE_REPLAY_TIC|tic=1979|mle_ms=64.434|monotonic_ms=70|clock_delta_ms=5.566
|clock_suspect=0
PMLE_LIVE_REPLAY_TIC|tic=1980|mle_ms=63.494|monotonic_ms=60|clock_delta_ms=3.494
|clock_suspect=0
PMLE_LIVE_REPLAY_TIC|tic=1981|mle_ms=10.914|monotonic_ms=10|clock_delta_ms=.914|
clock_suspect=0
PMLE_LIVE_REPLAY_TIC|tic=1982|mle_ms=106.89|monotonic_ms=110|clock_delta_ms=3.11
|clock_suspect=0
PMLE_LIVE_REPLAY_TIC|tic=1983|mle_ms=71.819|monotonic_ms=70|clock_delta_ms=1.819
|clock_suspect=0
PMLE_LIVE_REPLAY_TIC|tic=1984|mle_ms=12.312|monotonic_ms=10|clock_delta_ms=2.312
|clock_suspect=0
PMLE_LIVE_REPLAY_TIC|tic=1985|mle_ms=70.922|monotonic_ms=80|clock_delta_ms=9.078
|clock_suspect=0
PMLE_LIVE_REPLAY_TIC|tic=1986|mle_ms=82.639|monotonic_ms=80|clock_delta_ms=2.639
|clock_suspect=0
PMLE_LIVE_REPLAY_TIC|tic=1987|mle_ms=8.25|monotonic_ms=10|clock_delta_ms=1.75|cl
ock_suspect=0
PMLE_LIVE_REPLAY_TIC|tic=1988|mle_ms=58.476|monotonic_ms=60|clock_delta_ms=1.524
|clock_suspect=0
PMLE_LIVE_REPLAY_TIC|tic=1989|mle_ms=57.85|monotonic_ms=50|clock_delta_ms=7.85|c
lock_suspect=0
PMLE_LIVE_REPLAY_TIC|tic=1990|mle_ms=9.03|monotonic_ms=10|clock_delta_ms=.97|clo
ck_suspect=0
PMLE_LIVE_REPLAY_TIC|tic=1991|mle_ms=85.418|monotonic_ms=90|clock_delta_ms=4.582
|clock_suspect=0
PMLE_LIVE_REPLAY_TIC|tic=1992|mle_ms=68.105|monotonic_ms=70|clock_delta_ms=1.895
|clock_suspect=0
PMLE_LIVE_REPLAY_TIC|tic=1993|mle_ms=17.389|monotonic_ms=10|clock_delta_ms=7.389
|clock_suspect=0
PMLE_LIVE_REPLAY_TIC|tic=1994|mle_ms=68.673|monotonic_ms=70|clock_delta_ms=1.327
|clock_suspect=0
PMLE_LIVE_REPLAY_TIC|tic=1995|mle_ms=63.108|monotonic_ms=70|clock_delta_ms=6.892
|clock_suspect=0
PMLE_LIVE_REPLAY_TIC|tic=1996|mle_ms=34.523|monotonic_ms=30|clock_delta_ms=4.523
|clock_suspect=0
PMLE_LIVE_REPLAY_TIC|tic=1997|mle_ms=71.76|monotonic_ms=70|clock_delta_ms=1.76|c
lock_suspect=0
PMLE_LIVE_REPLAY_TIC|tic=1998|mle_ms=63.649|monotonic_ms=70|clock_delta_ms=6.351
|clock_suspect=0
PMLE_LIVE_REPLAY_TIC|tic=1999|mle_ms=9.105|monotonic_ms=0|clock_delta_ms=9.105|c
lock_suspect=0
PMLE_LIVE_REPLAY_TIC|tic=2000|mle_ms=74.987|monotonic_ms=80|clock_delta_ms=5.013
|clock_suspect=0
PMLE_LIVE_REPLAY_TIC|tic=2001|mle_ms=75.238|monotonic_ms=80|clock_delta_ms=4.762
|clock_suspect=0
PMLE_LIVE_REPLAY_TIC|tic=2002|mle_ms=9.36|monotonic_ms=10|clock_delta_ms=.64|clo
ck_suspect=0
PMLE_LIVE_REPLAY_TIC|tic=2003|mle_ms=69.427|monotonic_ms=70|clock_delta_ms=.573|
clock_suspect=0
PMLE_LIVE_REPLAY_TIC|tic=2004|mle_ms=77.309|monotonic_ms=70|clock_delta_ms=7.309
|clock_suspect=0
PMLE_LIVE_REPLAY_TIC|tic=2005|mle_ms=10.838|monotonic_ms=10|clock_delta_ms=.838|
clock_suspect=0
PMLE_LIVE_REPLAY_TIC|tic=2006|mle_ms=83.909|monotonic_ms=90|clock_delta_ms=6.091
|clock_suspect=0
PMLE_LIVE_REPLAY_TIC|tic=2007|mle_ms=104.712|monotonic_ms=100|clock_delta_ms=4.7
12|clock_suspect=0
PMLE_LIVE_REPLAY_TIC|tic=2008|mle_ms=12.424|monotonic_ms=20|clock_delta_ms=7.576
|clock_suspect=0
PMLE_LIVE_REPLAY_TIC|tic=2009|mle_ms=77.03|monotonic_ms=70|clock_delta_ms=7.03|c
lock_suspect=0
PMLE_LIVE_REPLAY_TIC|tic=2010|mle_ms=96.19|monotonic_ms=100|clock_delta_ms=3.81|
clock_suspect=0
PMLE_LIVE_REPLAY_TIC|tic=2011|mle_ms=13.296|monotonic_ms=10|clock_delta_ms=3.296
|clock_suspect=0
PMLE_LIVE_REPLAY_TIC|tic=2012|mle_ms=71.231|monotonic_ms=70|clock_delta_ms=1.231
|clock_suspect=0
PMLE_LIVE_REPLAY_TIC|tic=2013|mle_ms=68.212|monotonic_ms=70|clock_delta_ms=1.788
|clock_suspect=0
PMLE_LIVE_REPLAY_TIC|tic=2014|mle_ms=14.766|monotonic_ms=20|clock_delta_ms=5.234
|clock_suspect=0
PMLE_LIVE_REPLAY_TIC|tic=2015|mle_ms=64.757|monotonic_ms=60|clock_delta_ms=4.757
|clock_suspect=0
PMLE_LIVE_REPLAY_TIC|tic=2016|mle_ms=89.031|monotonic_ms=90|clock_delta_ms=.969|
clock_suspect=0
PMLE_LIVE_REPLAY_TIC|tic=2017|mle_ms=10.665|monotonic_ms=10|clock_delta_ms=.665|
clock_suspect=0
PMLE_LIVE_REPLAY_TIC|tic=2018|mle_ms=106.722|monotonic_ms=110|clock_delta_ms=3.2
78|clock_suspect=0
PMLE_LIVE_REPLAY_TIC|tic=2019|mle_ms=77.829|monotonic_ms=80|clock_delta_ms=2.171
|clock_suspect=0
PMLE_LIVE_REPLAY_TIC|tic=2020|mle_ms=10.65|monotonic_ms=10|clock_delta_ms=.65|cl
ock_suspect=0
PMLE_LIVE_REPLAY_TIC|tic=2021|mle_ms=67.976|monotonic_ms=70|clock_delta_ms=2.024
|clock_suspect=0
PMLE_LIVE_REPLAY_TIC|tic=2022|mle_ms=70.946|monotonic_ms=70|clock_delta_ms=.946|
clock_suspect=0
PMLE_LIVE_REPLAY_TIC|tic=2023|mle_ms=17.768|monotonic_ms=10|clock_delta_ms=7.768
|clock_suspect=0
PMLE_LIVE_REPLAY_TIC|tic=2024|mle_ms=65.585|monotonic_ms=70|clock_delta_ms=4.415
|clock_suspect=0
PMLE_LIVE_REPLAY_TIC|tic=2025|mle_ms=59.729|monotonic_ms=60|clock_delta_ms=.271|
clock_suspect=0
PMLE_LIVE_REPLAY_TIC|tic=2026|mle_ms=31.727|monotonic_ms=30|clock_delta_ms=1.727
|clock_suspect=0
PMLE_LIVE_REPLAY_TIC|tic=2027|mle_ms=68.995|monotonic_ms=70|clock_delta_ms=1.005
|clock_suspect=0
PMLE_LIVE_REPLAY_TIC|tic=2028|mle_ms=62.521|monotonic_ms=60|clock_delta_ms=2.521
|clock_suspect=0
PMLE_LIVE_REPLAY_TIC|tic=2029|mle_ms=8.553|monotonic_ms=10|clock_delta_ms=1.447|
clock_suspect=0
PMLE_LIVE_REPLAY_TIC|tic=2030|mle_ms=61.257|monotonic_ms=60|clock_delta_ms=1.257
|clock_suspect=0
PMLE_LIVE_REPLAY_TIC|tic=2031|mle_ms=59.969|monotonic_ms=60|clock_delta_ms=.031|
clock_suspect=0
PMLE_LIVE_REPLAY_TIC|tic=2032|mle_ms=8.9|monotonic_ms=10|clock_delta_ms=1.1|cloc
k_suspect=0
PMLE_LIVE_REPLAY_TIC|tic=2033|mle_ms=69.464|monotonic_ms=70|clock_delta_ms=.536|
clock_suspect=0
PMLE_LIVE_REPLAY_TIC|tic=2034|mle_ms=69.858|monotonic_ms=70|clock_delta_ms=.142|
clock_suspect=0
PMLE_LIVE_REPLAY_TIC|tic=2035|mle_ms=8.862|monotonic_ms=10|clock_delta_ms=1.138|
clock_suspect=0
PMLE_LIVE_REPLAY_TIC|tic=2036|mle_ms=75.375|monotonic_ms=80|clock_delta_ms=4.625
|clock_suspect=0
PMLE_LIVE_REPLAY_TIC|tic=2037|mle_ms=69.364|monotonic_ms=70|clock_delta_ms=.636|
clock_suspect=0
PMLE_LIVE_REPLAY_TIC|tic=2038|mle_ms=10.246|monotonic_ms=10|clock_delta_ms=.246|
clock_suspect=0
PMLE_LIVE_REPLAY_TIC|tic=2039|mle_ms=77.278|monotonic_ms=70|clock_delta_ms=7.278
|clock_suspect=0
PMLE_LIVE_REPLAY_TIC|tic=2040|mle_ms=86.774|monotonic_ms=90|clock_delta_ms=3.226
|clock_suspect=0
PMLE_LIVE_REPLAY_TIC|tic=2041|mle_ms=8.839|monotonic_ms=10|clock_delta_ms=1.161|
clock_suspect=0
PMLE_LIVE_REPLAY_TIC|tic=2042|mle_ms=61.801|monotonic_ms=60|clock_delta_ms=1.801
|clock_suspect=0
PMLE_LIVE_REPLAY_TIC|tic=2043|mle_ms=69.546|monotonic_ms=70|clock_delta_ms=.454|
clock_suspect=0
PMLE_LIVE_REPLAY_TIC|tic=2044|mle_ms=14.17|monotonic_ms=10|clock_delta_ms=4.17|c
lock_suspect=0
PMLE_LIVE_REPLAY_TIC|tic=2045|mle_ms=59.202|monotonic_ms=60|clock_delta_ms=.798|
clock_suspect=0
PMLE_LIVE_REPLAY_TIC|tic=2046|mle_ms=91.494|monotonic_ms=100|clock_delta_ms=8.50
6|clock_suspect=0
PMLE_LIVE_REPLAY_TIC|tic=2047|mle_ms=10.164|monotonic_ms=10|clock_delta_ms=.164|
clock_suspect=0
PMLE_LIVE_REPLAY_TIC|tic=2048|mle_ms=62.247|monotonic_ms=60|clock_delta_ms=2.247
|clock_suspect=0
PMLE_LIVE_REPLAY_TIC|tic=2049|mle_ms=66.364|monotonic_ms=60|clock_delta_ms=6.364
|clock_suspect=0
PMLE_LIVE_REPLAY_TIC|tic=2050|mle_ms=9.16|monotonic_ms=10|clock_delta_ms=.84|clo
ck_suspect=0
PMLE_LIVE_REPLAY_TIC|tic=2051|mle_ms=64.092|monotonic_ms=70|clock_delta_ms=5.908
|clock_suspect=0
PMLE_LIVE_REPLAY_TIC|tic=2052|mle_ms=63.891|monotonic_ms=60|clock_delta_ms=3.891
|clock_suspect=0
PMLE_LIVE_REPLAY_TIC|tic=2053|mle_ms=16.892|monotonic_ms=20|clock_delta_ms=3.108
|clock_suspect=0
PMLE_LIVE_REPLAY_TIC|tic=2054|mle_ms=71.335|monotonic_ms=70|clock_delta_ms=1.335
|clock_suspect=0
PMLE_LIVE_REPLAY_TIC|tic=2055|mle_ms=69.358|monotonic_ms=70|clock_delta_ms=.642|
clock_suspect=0
PMLE_LIVE_REPLAY_TIC|tic=2056|mle_ms=34.366|monotonic_ms=30|clock_delta_ms=4.366
|clock_suspect=0
PMLE_LIVE_REPLAY_TIC|tic=2057|mle_ms=83.284|monotonic_ms=90|clock_delta_ms=6.716
|clock_suspect=0
PMLE_LIVE_REPLAY_TIC|tic=2058|mle_ms=80.258|monotonic_ms=80|clock_delta_ms=.258|
clock_suspect=0
PMLE_LIVE_REPLAY_TIC|tic=2059|mle_ms=11.636|monotonic_ms=10|clock_delta_ms=1.636
|clock_suspect=0
PMLE_LIVE_REPLAY_TIC|tic=2060|mle_ms=85.759|monotonic_ms=90|clock_delta_ms=4.241
|clock_suspect=0
PMLE_LIVE_REPLAY_TIC|tic=2061|mle_ms=63.025|monotonic_ms=60|clock_delta_ms=3.025
|clock_suspect=0
PMLE_LIVE_REPLAY_TIC|tic=2062|mle_ms=9.318|monotonic_ms=10|clock_delta_ms=.682|c
lock_suspect=0
PMLE_LIVE_REPLAY_TIC|tic=2063|mle_ms=72.918|monotonic_ms=70|clock_delta_ms=2.918
|clock_suspect=0
PMLE_LIVE_REPLAY_TIC|tic=2064|mle_ms=71.604|monotonic_ms=70|clock_delta_ms=1.604
|clock_suspect=0
PMLE_LIVE_REPLAY_TIC|tic=2065|mle_ms=10.813|monotonic_ms=10|clock_delta_ms=.813|
clock_suspect=0
PMLE_LIVE_REPLAY_TIC|tic=2066|mle_ms=120.227|monotonic_ms=120|clock_delta_ms=.22
7|clock_suspect=0
PMLE_LIVE_REPLAY_TIC|tic=2067|mle_ms=76.637|monotonic_ms=80|clock_delta_ms=3.363
|clock_suspect=0
PMLE_LIVE_REPLAY_TIC|tic=2068|mle_ms=9.423|monotonic_ms=10|clock_delta_ms=.577|c
lock_suspect=0
PMLE_LIVE_REPLAY_TIC|tic=2069|mle_ms=69.245|monotonic_ms=70|clock_delta_ms=.755|
clock_suspect=0
PMLE_LIVE_REPLAY_TIC|tic=2070|mle_ms=60.846|monotonic_ms=60|clock_delta_ms=.846|
clock_suspect=0
PMLE_LIVE_REPLAY_TIC|tic=2071|mle_ms=8.798|monotonic_ms=10|clock_delta_ms=1.202|
clock_suspect=0
PMLE_LIVE_REPLAY_TIC|tic=2072|mle_ms=81.547|monotonic_ms=80|clock_delta_ms=1.547
|clock_suspect=0
PMLE_LIVE_REPLAY_TIC|tic=2073|mle_ms=66.356|monotonic_ms=70|clock_delta_ms=3.644
|clock_suspect=0
PMLE_LIVE_REPLAY_TIC|tic=2074|mle_ms=16.107|monotonic_ms=10|clock_delta_ms=6.107
|clock_suspect=0
PMLE_LIVE_REPLAY_TIC|tic=2075|mle_ms=64.78|monotonic_ms=70|clock_delta_ms=5.22|c
lock_suspect=0
PMLE_LIVE_REPLAY_TIC|tic=2076|mle_ms=84.573|monotonic_ms=80|clock_delta_ms=4.573
|clock_suspect=0
PMLE_LIVE_REPLAY_TIC|tic=2077|mle_ms=8.062|monotonic_ms=10|clock_delta_ms=1.938|
clock_suspect=0
PMLE_LIVE_REPLAY_TIC|tic=2078|mle_ms=59.914|monotonic_ms=60|clock_delta_ms=.086|
clock_suspect=0
PMLE_LIVE_REPLAY_TIC|tic=2079|mle_ms=57.478|monotonic_ms=60|clock_delta_ms=2.522
|clock_suspect=0
PMLE_LIVE_REPLAY_TIC|tic=2080|mle_ms=9.182|monotonic_ms=10|clock_delta_ms=.818|c
lock_suspect=0
PMLE_LIVE_REPLAY_TIC|tic=2081|mle_ms=60.505|monotonic_ms=60|clock_delta_ms=.505|
clock_suspect=0
PMLE_LIVE_REPLAY_TIC|tic=2082|mle_ms=61.159|monotonic_ms=60|clock_delta_ms=1.159
|clock_suspect=0
PMLE_LIVE_REPLAY_TIC|tic=2083|mle_ms=18.103|monotonic_ms=20|clock_delta_ms=1.897
|clock_suspect=0
PMLE_LIVE_REPLAY_TIC|tic=2084|mle_ms=62.318|monotonic_ms=60|clock_delta_ms=2.318
|clock_suspect=0
PMLE_LIVE_REPLAY_TIC|tic=2085|mle_ms=67.14|monotonic_ms=70|clock_delta_ms=2.86|c
lock_suspect=0
PMLE_LIVE_REPLAY_TIC|tic=2086|mle_ms=31.71|monotonic_ms=30|clock_delta_ms=1.71|c
lock_suspect=0
PMLE_LIVE_REPLAY_TIC|tic=2087|mle_ms=63.099|monotonic_ms=60|clock_delta_ms=3.099
|clock_suspect=0
PMLE_LIVE_REPLAY_TIC|tic=2088|mle_ms=66.908|monotonic_ms=70|clock_delta_ms=3.092
|clock_suspect=0
PMLE_LIVE_REPLAY_TIC|tic=2089|mle_ms=9.71|monotonic_ms=10|clock_delta_ms=.29|clo
ck_suspect=0
PMLE_LIVE_REPLAY_TIC|tic=2090|mle_ms=59.563|monotonic_ms=60|clock_delta_ms=.437|
clock_suspect=0
PMLE_LIVE_REPLAY_TIC|tic=2091|mle_ms=59.83|monotonic_ms=60|clock_delta_ms=.17|cl
ock_suspect=0
PMLE_LIVE_REPLAY_TIC|tic=2092|mle_ms=12.378|monotonic_ms=10|clock_delta_ms=2.378
|clock_suspect=0
PMLE_LIVE_REPLAY_TIC|tic=2093|mle_ms=76.987|monotonic_ms=80|clock_delta_ms=3.013
|clock_suspect=0
PMLE_LIVE_REPLAY_TIC|tic=2094|mle_ms=92.942|monotonic_ms=90|clock_delta_ms=2.942
|clock_suspect=0
PMLE_LIVE_REPLAY_TIC|tic=2095|mle_ms=9.168|monotonic_ms=10|clock_delta_ms=.832|c
lock_suspect=0
PMLE_LIVE_REPLAY_TIC|tic=2096|mle_ms=92.475|monotonic_ms=90|clock_delta_ms=2.475
|clock_suspect=0
PMLE_LIVE_REPLAY_TIC|tic=2097|mle_ms=67.238|monotonic_ms=70|clock_delta_ms=2.762
|clock_suspect=0
PMLE_LIVE_REPLAY_TIC|tic=2098|mle_ms=8.842|monotonic_ms=10|clock_delta_ms=1.158|
clock_suspect=0
PMLE_LIVE_REPLAY_TIC|tic=2099|mle_ms=63.086|monotonic_ms=60|clock_delta_ms=3.086
|clock_suspect=0
PMLE_LIVE_REPLAY_TIC|tic=2100|mle_ms=63.361|monotonic_ms=70|clock_delta_ms=6.639
|clock_suspect=0
PMLE_LIVE_REPLAY_TIC|tic=2101|mle_ms=10.541|monotonic_ms=20|clock_delta_ms=9.459
|clock_suspect=0
PMLE_LIVE_REPLAY_TIC|tic=2102|mle_ms=89.999|monotonic_ms=90|clock_delta_ms=.001|
clock_suspect=0
PMLE_LIVE_REPLAY_TIC|tic=2103|mle_ms=79.352|monotonic_ms=80|clock_delta_ms=.648|
clock_suspect=0
PMLE_LIVE_REPLAY_TIC|tic=2104|mle_ms=15.053|monotonic_ms=10|clock_delta_ms=5.053
|clock_suspect=0
PMLE_LIVE_REPLAY_TIC|tic=2105|mle_ms=79.617|monotonic_ms=80|clock_delta_ms=.383|
clock_suspect=0
PMLE_LIVE_REPLAY_TIC|tic=2106|mle_ms=94.366|monotonic_ms=90|clock_delta_ms=4.366
|clock_suspect=0
PMLE_LIVE_REPLAY_TIC|tic=2107|mle_ms=10.088|monotonic_ms=10|clock_delta_ms=.088|
clock_suspect=0
PMLE_LIVE_REPLAY_TIC|tic=2108|mle_ms=86.38|monotonic_ms=90|clock_delta_ms=3.62|c
lock_suspect=0
PMLE_LIVE_REPLAY_TIC|tic=2109|mle_ms=84.521|monotonic_ms=90|clock_delta_ms=5.479
|clock_suspect=0
PMLE_LIVE_REPLAY_TIC|tic=2110|mle_ms=11.102|monotonic_ms=10|clock_delta_ms=1.102
|clock_suspect=0
PMLE_LIVE_REPLAY_TIC|tic=2111|mle_ms=72.474|monotonic_ms=70|clock_delta_ms=2.474
|clock_suspect=0
PMLE_LIVE_REPLAY_TIC|tic=2112|mle_ms=82.2|monotonic_ms=80|clock_delta_ms=2.2|clo
ck_suspect=0
PMLE_LIVE_REPLAY_TIC|tic=2113|mle_ms=25.794|monotonic_ms=30|clock_delta_ms=4.206
|clock_suspect=0
PMLE_LIVE_REPLAY_TIC|tic=2114|mle_ms=73.464|monotonic_ms=70|clock_delta_ms=3.464
|clock_suspect=0
PMLE_LIVE_REPLAY_TIC|tic=2115|mle_ms=75.478|monotonic_ms=80|clock_delta_ms=4.522
|clock_suspect=0
PMLE_LIVE_REPLAY_TIC|tic=2116|mle_ms=38.716|monotonic_ms=40|clock_delta_ms=1.284
|clock_suspect=0
PMLE_LIVE_REPLAY_TIC|tic=2117|mle_ms=67.044|monotonic_ms=60|clock_delta_ms=7.044
|clock_suspect=0
PMLE_LIVE_REPLAY_TIC|tic=2118|mle_ms=68.024|monotonic_ms=70|clock_delta_ms=1.976
|clock_suspect=0
PMLE_LIVE_REPLAY_TIC|tic=2119|mle_ms=9.628|monotonic_ms=10|clock_delta_ms=.372|c
lock_suspect=0
PMLE_LIVE_REPLAY_TIC|tic=2120|mle_ms=57.987|monotonic_ms=60|clock_delta_ms=2.013
|clock_suspect=0
PMLE_LIVE_REPLAY_TIC|tic=2121|mle_ms=67.28|monotonic_ms=70|clock_delta_ms=2.72|c
lock_suspect=0
PMLE_LIVE_REPLAY_TIC|tic=2122|mle_ms=12.056|monotonic_ms=10|clock_delta_ms=2.056
|clock_suspect=0
PMLE_LIVE_REPLAY_TIC|tic=2123|mle_ms=75.728|monotonic_ms=70|clock_delta_ms=5.728
|clock_suspect=0
PMLE_LIVE_REPLAY_TIC|tic=2124|mle_ms=64.478|monotonic_ms=70|clock_delta_ms=5.522
|clock_suspect=0
PMLE_LIVE_REPLAY_TIC|tic=2125|mle_ms=8.503|monotonic_ms=10|clock_delta_ms=1.497|
clock_suspect=0
PMLE_LIVE_REPLAY_TIC|tic=2126|mle_ms=81.974|monotonic_ms=80|clock_delta_ms=1.974
|clock_suspect=0
PMLE_LIVE_REPLAY_TIC|tic=2127|mle_ms=60.253|monotonic_ms=60|clock_delta_ms=.253|
clock_suspect=0
PMLE_LIVE_REPLAY_TIC|tic=2128|mle_ms=8.246|monotonic_ms=10|clock_delta_ms=1.754|
clock_suspect=0
PMLE_LIVE_REPLAY_TIC|tic=2129|mle_ms=62.521|monotonic_ms=60|clock_delta_ms=2.521
|clock_suspect=0
PMLE_LIVE_REPLAY_TIC|tic=2130|mle_ms=59.88|monotonic_ms=60|clock_delta_ms=.12|cl
ock_suspect=0
PMLE_LIVE_REPLAY_TIC|tic=2131|mle_ms=10.466|monotonic_ms=10|clock_delta_ms=.466|
clock_suspect=0
PMLE_LIVE_REPLAY_TIC|tic=2132|mle_ms=68.296|monotonic_ms=70|clock_delta_ms=1.704
|clock_suspect=0
PMLE_LIVE_REPLAY_TIC|tic=2133|mle_ms=76.269|monotonic_ms=80|clock_delta_ms=3.731
|clock_suspect=0
PMLE_LIVE_REPLAY_TIC|tic=2134|mle_ms=12.512|monotonic_ms=10|clock_delta_ms=2.512
|clock_suspect=0
PMLE_LIVE_REPLAY_TIC|tic=2135|mle_ms=61.728|monotonic_ms=60|clock_delta_ms=1.728
|clock_suspect=0
PMLE_LIVE_REPLAY_TIC|tic=2136|mle_ms=90.002|monotonic_ms=90|clock_delta_ms=.002|
clock_suspect=0
PMLE_LIVE_REPLAY_TIC|tic=2137|mle_ms=10.16|monotonic_ms=10|clock_delta_ms=.16|cl
ock_suspect=0
PMLE_LIVE_REPLAY_TIC|tic=2138|mle_ms=62.036|monotonic_ms=60|clock_delta_ms=2.036
|clock_suspect=0
PMLE_LIVE_REPLAY_TIC|tic=2139|mle_ms=62.536|monotonic_ms=60|clock_delta_ms=2.536
|clock_suspect=0
PMLE_LIVE_REPLAY_TIC|tic=2140|mle_ms=8.288|monotonic_ms=10|clock_delta_ms=1.712|
clock_suspect=0
PMLE_LIVE_REPLAY_TIC|tic=2141|mle_ms=68.426|monotonic_ms=70|clock_delta_ms=1.574
|clock_suspect=0
PMLE_LIVE_REPLAY_TIC|tic=2142|mle_ms=77.865|monotonic_ms=80|clock_delta_ms=2.135
|clock_suspect=0
PMLE_LIVE_REPLAY_TIC|tic=2143|mle_ms=21.631|monotonic_ms=20|clock_delta_ms=1.631
|clock_suspect=0
PMLE_LIVE_REPLAY_TIC|tic=2144|mle_ms=67.464|monotonic_ms=70|clock_delta_ms=2.536
|clock_suspect=0
PMLE_LIVE_REPLAY_TIC|tic=2145|mle_ms=97.488|monotonic_ms=100|clock_delta_ms=2.51
2|clock_suspect=0
PMLE_LIVE_REPLAY_TIC|tic=2146|mle_ms=34.583|monotonic_ms=30|clock_delta_ms=4.583
|clock_suspect=0
PMLE_LIVE_REPLAY_TIC|tic=2147|mle_ms=75.701|monotonic_ms=80|clock_delta_ms=4.299
|clock_suspect=0
PMLE_LIVE_REPLAY_TIC|tic=2148|mle_ms=67.076|monotonic_ms=60|clock_delta_ms=7.076
|clock_suspect=0
PMLE_LIVE_REPLAY_TIC|tic=2149|mle_ms=9.103|monotonic_ms=10|clock_delta_ms=.897|c
lock_suspect=0
PMLE_LIVE_REPLAY_TIC|tic=2150|mle_ms=81.764|monotonic_ms=80|clock_delta_ms=1.764
|clock_suspect=0
PMLE_LIVE_REPLAY_TIC|tic=2151|mle_ms=76.963|monotonic_ms=70|clock_delta_ms=6.963
|clock_suspect=0
PMLE_LIVE_REPLAY_TIC|tic=2152|mle_ms=10.964|monotonic_ms=10|clock_delta_ms=.964|
clock_suspect=0
PMLE_LIVE_REPLAY_TIC|tic=2153|mle_ms=-40.946|monotonic_ms=90|clock_delta_ms=130.
946|clock_suspect=1
PMLE_LIVE_REPLAY_TIC|tic=2154|mle_ms=98.957|monotonic_ms=90|clock_delta_ms=8.957
|clock_suspect=0
PMLE_LIVE_REPLAY_TIC|tic=2155|mle_ms=8.539|monotonic_ms=10|clock_delta_ms=1.461|
clock_suspect=0
PMLE_LIVE_REPLAY_TIC|tic=2156|mle_ms=112.514|monotonic_ms=120|clock_delta_ms=7.4
86|clock_suspect=0
PMLE_LIVE_REPLAY_TIC|tic=2157|mle_ms=69.917|monotonic_ms=70|clock_delta_ms=.083|
clock_suspect=0
PMLE_LIVE_REPLAY_TIC|tic=2158|mle_ms=10.293|monotonic_ms=10|clock_delta_ms=.293|
clock_suspect=0
PMLE_LIVE_REPLAY_TIC|tic=2159|mle_ms=72.623|monotonic_ms=70|clock_delta_ms=2.623
|clock_suspect=0
PMLE_LIVE_REPLAY_TIC|tic=2160|mle_ms=72.308|monotonic_ms=70|clock_delta_ms=2.308
|clock_suspect=0
PMLE_LIVE_REPLAY_TIC|tic=2161|mle_ms=8.948|monotonic_ms=10|clock_delta_ms=1.052|
clock_suspect=0
PMLE_LIVE_REPLAY_TIC|tic=2162|mle_ms=66.693|monotonic_ms=70|clock_delta_ms=3.307
|clock_suspect=0
PMLE_LIVE_REPLAY_TIC|tic=2163|mle_ms=79.942|monotonic_ms=80|clock_delta_ms=.058|
clock_suspect=0
PMLE_LIVE_REPLAY_TIC|tic=2164|mle_ms=13.636|monotonic_ms=10|clock_delta_ms=3.636
|clock_suspect=0
PMLE_LIVE_REPLAY_TIC|tic=2165|mle_ms=70.058|monotonic_ms=70|clock_delta_ms=.058|
clock_suspect=0
PMLE_LIVE_REPLAY_TIC|tic=2166|mle_ms=91.327|monotonic_ms=90|clock_delta_ms=1.327
|clock_suspect=0
PMLE_LIVE_REPLAY_TIC|tic=2167|mle_ms=8.701|monotonic_ms=10|clock_delta_ms=1.299|
clock_suspect=0
PMLE_LIVE_REPLAY_TIC|tic=2168|mle_ms=81.702|monotonic_ms=80|clock_delta_ms=1.702
|clock_suspect=0
PMLE_LIVE_REPLAY_TIC|tic=2169|mle_ms=104.28|monotonic_ms=110|clock_delta_ms=5.72
|clock_suspect=0
PMLE_LIVE_REPLAY_TIC|tic=2170|mle_ms=9.772|monotonic_ms=10|clock_delta_ms=.228|c
lock_suspect=0
PMLE_LIVE_REPLAY_TIC|tic=2171|mle_ms=62.941|monotonic_ms=60|clock_delta_ms=2.941
|clock_suspect=0
PMLE_LIVE_REPLAY_TIC|tic=2172|mle_ms=73.653|monotonic_ms=70|clock_delta_ms=3.653
|clock_suspect=0
PMLE_LIVE_REPLAY_TIC|tic=2173|mle_ms=17.222|monotonic_ms=20|clock_delta_ms=2.778
|clock_suspect=0
PMLE_LIVE_REPLAY_TIC|tic=2174|mle_ms=66.249|monotonic_ms=70|clock_delta_ms=3.751
|clock_suspect=0
PMLE_LIVE_REPLAY_TIC|tic=2175|mle_ms=68.547|monotonic_ms=70|clock_delta_ms=1.453
|clock_suspect=0
PMLE_LIVE_REPLAY_TIC|tic=2176|mle_ms=34.727|monotonic_ms=30|clock_delta_ms=4.727
|clock_suspect=0
PMLE_LIVE_REPLAY_TIC|tic=2177|mle_ms=73.204|monotonic_ms=70|clock_delta_ms=3.204
|clock_suspect=0
PMLE_LIVE_REPLAY_TIC|tic=2178|mle_ms=100.359|monotonic_ms=100|clock_delta_ms=.35
9|clock_suspect=0
PMLE_LIVE_REPLAY_TIC|tic=2179|mle_ms=8.567|monotonic_ms=10|clock_delta_ms=1.433|
clock_suspect=0
PMLE_LIVE_REPLAY_TIC|tic=2180|mle_ms=58.85|monotonic_ms=60|clock_delta_ms=1.15|c
lock_suspect=0
PMLE_LIVE_REPLAY_TIC|tic=2181|mle_ms=74.957|monotonic_ms=80|clock_delta_ms=5.043
|clock_suspect=0
PMLE_LIVE_REPLAY_TIC|tic=2182|mle_ms=9.839|monotonic_ms=10|clock_delta_ms=.161|c
lock_suspect=0
PMLE_LIVE_REPLAY_TIC|tic=2183|mle_ms=80.113|monotonic_ms=80|clock_delta_ms=.113|
clock_suspect=0
PMLE_LIVE_REPLAY_TIC|tic=2184|mle_ms=87.928|monotonic_ms=80|clock_delta_ms=7.928
|clock_suspect=0
PMLE_LIVE_REPLAY_TIC|tic=2185|mle_ms=11.6|monotonic_ms=20|clock_delta_ms=8.4|clo
ck_suspect=0
PMLE_LIVE_REPLAY_TIC|tic=2186|mle_ms=93.315|monotonic_ms=90|clock_delta_ms=3.315
|clock_suspect=0
PMLE_LIVE_REPLAY_TIC|tic=2187|mle_ms=67.894|monotonic_ms=70|clock_delta_ms=2.106
|clock_suspect=0
PMLE_LIVE_REPLAY_TIC|tic=2188|mle_ms=8.563|monotonic_ms=10|clock_delta_ms=1.437|
clock_suspect=0
PMLE_LIVE_REPLAY_TIC|tic=2189|mle_ms=86.464|monotonic_ms=80|clock_delta_ms=6.464
|clock_suspect=0
PMLE_LIVE_REPLAY_TIC|tic=2190|mle_ms=73.363|monotonic_ms=80|clock_delta_ms=6.637
|clock_suspect=0
PMLE_LIVE_REPLAY_TIC|tic=2191|mle_ms=9.371|monotonic_ms=10|clock_delta_ms=.629|c
lock_suspect=0
PMLE_LIVE_REPLAY_TIC|tic=2192|mle_ms=97.829|monotonic_ms=90|clock_delta_ms=7.829
|clock_suspect=0
PMLE_LIVE_REPLAY_TIC|tic=2193|mle_ms=79.186|monotonic_ms=80|clock_delta_ms=.814|
clock_suspect=0
PMLE_LIVE_REPLAY_TIC|tic=2194|mle_ms=15.52|monotonic_ms=20|clock_delta_ms=4.48|c
lock_suspect=0
PMLE_LIVE_REPLAY_TIC|tic=2195|mle_ms=65.252|monotonic_ms=60|clock_delta_ms=5.252
|clock_suspect=0
PMLE_LIVE_REPLAY_TIC|tic=2196|mle_ms=81.302|monotonic_ms=90|clock_delta_ms=8.698
|clock_suspect=0
PMLE_LIVE_REPLAY_TIC|tic=2197|mle_ms=10.522|monotonic_ms=10|clock_delta_ms=.522|
clock_suspect=0
PMLE_LIVE_REPLAY_TIC|tic=2198|mle_ms=89.178|monotonic_ms=90|clock_delta_ms=.822|
clock_suspect=0
PMLE_LIVE_REPLAY_TIC|tic=2199|mle_ms=99.166|monotonic_ms=90|clock_delta_ms=9.166
|clock_suspect=0
PMLE_LIVE_REPLAY_TIC|tic=2200|mle_ms=9.737|monotonic_ms=10|clock_delta_ms=.263|c
lock_suspect=0
PMLE_LIVE_REPLAY_TIC|tic=2201|mle_ms=71.681|monotonic_ms=80|clock_delta_ms=8.319
|clock_suspect=0
PMLE_LIVE_REPLAY_TIC|tic=2202|mle_ms=104.072|monotonic_ms=100|clock_delta_ms=4.0
72|clock_suspect=0
PMLE_LIVE_REPLAY_TIC|tic=2203|mle_ms=21.101|monotonic_ms=20|clock_delta_ms=1.101
|clock_suspect=0
PMLE_LIVE_REPLAY_TIC|tic=2204|mle_ms=81.088|monotonic_ms=80|clock_delta_ms=1.088
|clock_suspect=0
PMLE_LIVE_REPLAY_TIC|tic=2205|mle_ms=109.169|monotonic_ms=110|clock_delta_ms=.83
1|clock_suspect=0
PMLE_LIVE_REPLAY_TIC|tic=2206|mle_ms=33.341|monotonic_ms=30|clock_delta_ms=3.341
|clock_suspect=0
PMLE_LIVE_REPLAY_TIC|tic=2207|mle_ms=110.137|monotonic_ms=120|clock_delta_ms=9.8
63|clock_suspect=0
PMLE_LIVE_REPLAY_TIC|tic=2208|mle_ms=75.642|monotonic_ms=70|clock_delta_ms=5.642
|clock_suspect=0
PMLE_LIVE_REPLAY_TIC|tic=2209|mle_ms=10.545|monotonic_ms=10|clock_delta_ms=.545|
clock_suspect=0
PMLE_LIVE_REPLAY_TIC|tic=2210|mle_ms=59.65|monotonic_ms=60|clock_delta_ms=.35|cl
ock_suspect=0
PMLE_LIVE_REPLAY_TIC|tic=2211|mle_ms=61.506|monotonic_ms=60|clock_delta_ms=1.506
|clock_suspect=0
PMLE_LIVE_REPLAY_TIC|tic=2212|mle_ms=9.255|monotonic_ms=10|clock_delta_ms=.745|c
lock_suspect=0
PMLE_LIVE_REPLAY_TIC|tic=2213|mle_ms=83.66|monotonic_ms=90|clock_delta_ms=6.34|c
lock_suspect=0
PMLE_LIVE_REPLAY_TIC|tic=2214|mle_ms=71.117|monotonic_ms=70|clock_delta_ms=1.117
|clock_suspect=0
PMLE_LIVE_REPLAY_TIC|tic=2215|mle_ms=9.986|monotonic_ms=10|clock_delta_ms=.014|c
lock_suspect=0
PMLE_LIVE_REPLAY_TIC|tic=2216|mle_ms=80.126|monotonic_ms=80|clock_delta_ms=.126|
clock_suspect=0
PMLE_LIVE_REPLAY_TIC|tic=2217|mle_ms=56.688|monotonic_ms=50|clock_delta_ms=6.688
|clock_suspect=0
PMLE_LIVE_REPLAY_TIC|tic=2218|mle_ms=9.129|monotonic_ms=10|clock_delta_ms=.871|c
lock_suspect=0
PMLE_LIVE_REPLAY_TIC|tic=2219|mle_ms=65.875|monotonic_ms=70|clock_delta_ms=4.125
|clock_suspect=0
PMLE_LIVE_REPLAY_TIC|tic=2220|mle_ms=70.685|monotonic_ms=70|clock_delta_ms=.685|
clock_suspect=0
PMLE_LIVE_REPLAY_TIC|tic=2221|mle_ms=10.644|monotonic_ms=10|clock_delta_ms=.644|
clock_suspect=0
PMLE_LIVE_REPLAY_TIC|tic=2222|mle_ms=64.372|monotonic_ms=70|clock_delta_ms=5.628
|clock_suspect=0
PMLE_LIVE_REPLAY_TIC|tic=2223|mle_ms=75.539|monotonic_ms=70|clock_delta_ms=5.539
|clock_suspect=0
PMLE_LIVE_REPLAY_TIC|tic=2224|mle_ms=12.197|monotonic_ms=10|clock_delta_ms=2.197
|clock_suspect=0
PMLE_LIVE_REPLAY_TIC|tic=2225|mle_ms=60.688|monotonic_ms=60|clock_delta_ms=.688|
clock_suspect=0
PMLE_LIVE_REPLAY_TIC|tic=2226|mle_ms=96.528|monotonic_ms=100|clock_delta_ms=3.47
2|clock_suspect=0
PMLE_LIVE_REPLAY_TIC|tic=2227|mle_ms=8.754|monotonic_ms=10|clock_delta_ms=1.246|
clock_suspect=0
PMLE_LIVE_REPLAY_TIC|tic=2228|mle_ms=61.121|monotonic_ms=60|clock_delta_ms=1.121
|clock_suspect=0
PMLE_LIVE_REPLAY_TIC|tic=2229|mle_ms=60.533|monotonic_ms=60|clock_delta_ms=.533|
clock_suspect=0
PMLE_LIVE_REPLAY_TIC|tic=2230|mle_ms=11.15|monotonic_ms=10|clock_delta_ms=1.15|c
lock_suspect=0
PMLE_LIVE_REPLAY_TIC|tic=2231|mle_ms=71.832|monotonic_ms=70|clock_delta_ms=1.832
|clock_suspect=0
PMLE_LIVE_REPLAY_TIC|tic=2232|mle_ms=87.541|monotonic_ms=90|clock_delta_ms=2.459
|clock_suspect=0
PMLE_LIVE_REPLAY_TIC|tic=2233|mle_ms=19.895|monotonic_ms=20|clock_delta_ms=.105|
clock_suspect=0
PMLE_LIVE_REPLAY_TIC|tic=2234|mle_ms=74.533|monotonic_ms=80|clock_delta_ms=5.467
|clock_suspect=0
PMLE_LIVE_REPLAY_TIC|tic=2235|mle_ms=61.737|monotonic_ms=60|clock_delta_ms=1.737
|clock_suspect=0
PMLE_LIVE_REPLAY_TIC|tic=2236|mle_ms=36.241|monotonic_ms=30|clock_delta_ms=6.241
|clock_suspect=0
PMLE_LIVE_REPLAY_TIC|tic=2237|mle_ms=67.22|monotonic_ms=70|clock_delta_ms=2.78|c
lock_suspect=0
PMLE_LIVE_REPLAY_TIC|tic=2238|mle_ms=90.646|monotonic_ms=90|clock_delta_ms=.646|
clock_suspect=0
PMLE_LIVE_REPLAY_TIC|tic=2239|mle_ms=14.564|monotonic_ms=20|clock_delta_ms=5.436
|clock_suspect=0
PMLE_LIVE_REPLAY_TIC|tic=2240|mle_ms=21.089|monotonic_ms=20|clock_delta_ms=1.089
|clock_suspect=0
PMLE_LIVE_REPLAY_TIC|tic=2241|mle_ms=67.949|monotonic_ms=70|clock_delta_ms=2.051
|clock_suspect=0
PMLE_LIVE_REPLAY_TIC|tic=2242|mle_ms=12.9|monotonic_ms=10|clock_delta_ms=2.9|clo
ck_suspect=0
PMLE_LIVE_REPLAY_TIC|tic=2243|mle_ms=30.053|monotonic_ms=30|clock_delta_ms=.053|
clock_suspect=0
PMLE_LIVE_REPLAY_TIC|tic=2244|mle_ms=68.736|monotonic_ms=70|clock_delta_ms=1.264
|clock_suspect=0
PMLE_LIVE_REPLAY_TIC|tic=2245|mle_ms=14.382|monotonic_ms=10|clock_delta_ms=4.382
|clock_suspect=0
PMLE_LIVE_REPLAY_TIC|tic=2246|mle_ms=43.778|monotonic_ms=50|clock_delta_ms=6.222
|clock_suspect=0
PMLE_LIVE_REPLAY_TIC|tic=2247|mle_ms=58.589|monotonic_ms=60|clock_delta_ms=1.411
|clock_suspect=0
PMLE_LIVE_REPLAY_TIC|tic=2248|mle_ms=12.51|monotonic_ms=10|clock_delta_ms=2.51|c
lock_suspect=0
PMLE_LIVE_REPLAY_TIC|tic=2249|mle_ms=17.501|monotonic_ms=20|clock_delta_ms=2.499
|clock_suspect=0
PMLE_LIVE_REPLAY_TIC|tic=2250|mle_ms=60.561|monotonic_ms=60|clock_delta_ms=.561|
clock_suspect=0
PMLE_LIVE_REPLAY_TIC|tic=2251|mle_ms=12.385|monotonic_ms=10|clock_delta_ms=2.385
|clock_suspect=0
PMLE_LIVE_REPLAY_TIC|tic=2252|mle_ms=22.634|monotonic_ms=20|clock_delta_ms=2.634
|clock_suspect=0
PMLE_LIVE_REPLAY_TIC|tic=2253|mle_ms=72.924|monotonic_ms=70|clock_delta_ms=2.924
|clock_suspect=0
PMLE_LIVE_REPLAY_TIC|tic=2254|mle_ms=17.785|monotonic_ms=20|clock_delta_ms=2.215
|clock_suspect=0
PMLE_LIVE_REPLAY_TIC|tic=2255|mle_ms=20.738|monotonic_ms=20|clock_delta_ms=.738|
clock_suspect=0
PMLE_LIVE_REPLAY_TIC|tic=2256|mle_ms=90.827|monotonic_ms=90|clock_delta_ms=.827|
clock_suspect=0
PMLE_LIVE_REPLAY_TIC|tic=2257|mle_ms=12.26|monotonic_ms=20|clock_delta_ms=7.74|c
lock_suspect=0
PMLE_LIVE_REPLAY_TIC|tic=2258|mle_ms=17.712|monotonic_ms=10|clock_delta_ms=7.712
|clock_suspect=0
PMLE_LIVE_REPLAY_TIC|tic=2259|mle_ms=62.895|monotonic_ms=70|clock_delta_ms=7.105
|clock_suspect=0
PMLE_LIVE_REPLAY_TIC|tic=2260|mle_ms=11.911|monotonic_ms=10|clock_delta_ms=1.911
|clock_suspect=0
PMLE_LIVE_REPLAY_TIC|tic=2261|mle_ms=19.529|monotonic_ms=20|clock_delta_ms=.471|
clock_suspect=0
PMLE_LIVE_REPLAY_TIC|tic=2262|mle_ms=68.592|monotonic_ms=70|clock_delta_ms=1.408
|clock_suspect=0
PMLE_LIVE_REPLAY_TIC|tic=2263|mle_ms=21.9|monotonic_ms=20|clock_delta_ms=1.9|clo
ck_suspect=0
PMLE_LIVE_REPLAY_TIC|tic=2264|mle_ms=21.907|monotonic_ms=20|clock_delta_ms=1.907
|clock_suspect=0
PMLE_LIVE_REPLAY_TIC|tic=2265|mle_ms=69.295|monotonic_ms=70|clock_delta_ms=.705|
clock_suspect=0
PMLE_LIVE_REPLAY_TIC|tic=2266|mle_ms=47.331|monotonic_ms=50|clock_delta_ms=2.669
|clock_suspect=0
PMLE_LIVE_REPLAY_TIC|tic=2267|mle_ms=78.018|monotonic_ms=80|clock_delta_ms=1.982
|clock_suspect=0
PMLE_LIVE_REPLAY_TIC|tic=2268|mle_ms=16.439|monotonic_ms=10|clock_delta_ms=6.439
|clock_suspect=0
PMLE_LIVE_REPLAY_TIC|tic=2269|mle_ms=13.997|monotonic_ms=20|clock_delta_ms=6.003
|clock_suspect=0
PMLE_LIVE_REPLAY_TIC|tic=2270|mle_ms=71.518|monotonic_ms=70|clock_delta_ms=1.518
|clock_suspect=0
PMLE_LIVE_REPLAY_TIC|tic=2271|mle_ms=14.854|monotonic_ms=10|clock_delta_ms=4.854
|clock_suspect=0
PMLE_LIVE_REPLAY_TIC|tic=2272|mle_ms=12.051|monotonic_ms=20|clock_delta_ms=7.949
|clock_suspect=0
PMLE_LIVE_REPLAY_TIC|tic=2273|mle_ms=77.29|monotonic_ms=70|clock_delta_ms=7.29|c
lock_suspect=0
PMLE_LIVE_REPLAY_TIC|tic=2274|mle_ms=22.657|monotonic_ms=30|clock_delta_ms=7.343
|clock_suspect=0
PMLE_LIVE_REPLAY_TIC|tic=2275|mle_ms=13.606|monotonic_ms=10|clock_delta_ms=3.606
|clock_suspect=0
PMLE_LIVE_REPLAY_TIC|tic=2276|mle_ms=109.579|monotonic_ms=110|clock_delta_ms=.42
1|clock_suspect=0
PMLE_LIVE_REPLAY_TIC|tic=2277|mle_ms=17.263|monotonic_ms=20|clock_delta_ms=2.737
|clock_suspect=0
PMLE_LIVE_REPLAY_TIC|tic=2278|mle_ms=13.305|monotonic_ms=10|clock_delta_ms=3.305
|clock_suspect=0
PMLE_LIVE_REPLAY_TIC|tic=2279|mle_ms=75.685|monotonic_ms=80|clock_delta_ms=4.315
|clock_suspect=0
PMLE_LIVE_REPLAY_TIC|tic=2280|mle_ms=20.358|monotonic_ms=20|clock_delta_ms=.358|
clock_suspect=0
PMLE_LIVE_REPLAY_TIC|tic=2281|mle_ms=14.286|monotonic_ms=10|clock_delta_ms=4.286
|clock_suspect=0
PMLE_LIVE_REPLAY_TIC|tic=2282|mle_ms=66.044|monotonic_ms=70|clock_delta_ms=3.956
|clock_suspect=0
PMLE_LIVE_REPLAY_TIC|tic=2283|mle_ms=23.148|monotonic_ms=20|clock_delta_ms=3.148
|clock_suspect=0
PMLE_LIVE_REPLAY_TIC|tic=2284|mle_ms=15.24|monotonic_ms=20|clock_delta_ms=4.76|c
lock_suspect=0
PMLE_LIVE_REPLAY_TIC|tic=2285|mle_ms=74.595|monotonic_ms=70|clock_delta_ms=4.595
|clock_suspect=0
PMLE_LIVE_REPLAY_TIC|tic=2286|mle_ms=45.781|monotonic_ms=50|clock_delta_ms=4.219
|clock_suspect=0
PMLE_LIVE_REPLAY_TIC|tic=2287|mle_ms=13.08|monotonic_ms=10|clock_delta_ms=3.08|c
lock_suspect=0
PMLE_LIVE_REPLAY_TIC|tic=2288|mle_ms=67.628|monotonic_ms=70|clock_delta_ms=2.372
|clock_suspect=0
PMLE_LIVE_REPLAY_TIC|tic=2289|mle_ms=14.43|monotonic_ms=10|clock_delta_ms=4.43|c
lock_suspect=0
PMLE_LIVE_REPLAY_TIC|tic=2290|mle_ms=14.345|monotonic_ms=20|clock_delta_ms=5.655
|clock_suspect=0
PMLE_LIVE_REPLAY_TIC|tic=2291|mle_ms=20.29|monotonic_ms=20|clock_delta_ms=.29|cl
ock_suspect=0
PMLE_LIVE_REPLAY_TIC|tic=2292|mle_ms=20.831|monotonic_ms=20|clock_delta_ms=.831|
clock_suspect=0
PMLE_LIVE_REPLAY_TIC|tic=2293|mle_ms=26.344|monotonic_ms=20|clock_delta_ms=6.344
|clock_suspect=0
PMLE_LIVE_REPLAY_TIC|tic=2294|mle_ms=24.62|monotonic_ms=30|clock_delta_ms=5.38|c
lock_suspect=0
PMLE_LIVE_REPLAY_TIC|tic=2295|mle_ms=18.098|monotonic_ms=20|clock_delta_ms=1.902
|clock_suspect=0
PMLE_LIVE_REPLAY_TIC|tic=2296|mle_ms=46.835|monotonic_ms=40|clock_delta_ms=6.835
|clock_suspect=0
PMLE_LIVE_REPLAY_TIC|tic=2297|mle_ms=16.759|monotonic_ms=20|clock_delta_ms=3.241
|clock_suspect=0
PMLE_LIVE_REPLAY_TIC|tic=2298|mle_ms=14.053|monotonic_ms=10|clock_delta_ms=4.053
|clock_suspect=0
PMLE_LIVE_REPLAY_TIC|tic=2299|mle_ms=12.471|monotonic_ms=20|clock_delta_ms=7.529
|clock_suspect=0
PMLE_LIVE_REPLAY_TIC|tic=2300|mle_ms=64.339|monotonic_ms=60|clock_delta_ms=4.339
|clock_suspect=0
PMLE_LIVE_REPLAY_TIC|tic=2301|mle_ms=15.578|monotonic_ms=10|clock_delta_ms=5.578
|clock_suspect=0
PMLE_LIVE_REPLAY_TIC|tic=2302|mle_ms=14.038|monotonic_ms=20|clock_delta_ms=5.962
|clock_suspect=0
PMLE_LIVE_REPLAY_TIC|tic=2303|mle_ms=72.633|monotonic_ms=70|clock_delta_ms=2.633
|clock_suspect=0
PMLE_LIVE_REPLAY_TIC|tic=2304|mle_ms=73.736|monotonic_ms=80|clock_delta_ms=6.264
|clock_suspect=0
PMLE_LIVE_REPLAY_TIC|tic=2305|mle_ms=12.878|monotonic_ms=10|clock_delta_ms=2.878
|clock_suspect=0
PMLE_LIVE_REPLAY_TIC|tic=2306|mle_ms=108.617|monotonic_ms=110|clock_delta_ms=1.3
83|clock_suspect=0
PMLE_LIVE_REPLAY_TIC|tic=2307|mle_ms=71.062|monotonic_ms=70|clock_delta_ms=1.062
|clock_suspect=0
PMLE_LIVE_REPLAY_TIC|tic=2308|mle_ms=16.86|monotonic_ms=20|clock_delta_ms=3.14|c
lock_suspect=0
PMLE_LIVE_REPLAY_TIC|tic=2309|mle_ms=88.55|monotonic_ms=80|clock_delta_ms=8.55|c
lock_suspect=0
PMLE_LIVE_REPLAY_TIC|tic=2310|mle_ms=63.377|monotonic_ms=70|clock_delta_ms=6.623
|clock_suspect=0
PMLE_LIVE_REPLAY_TIC|tic=2311|mle_ms=14.189|monotonic_ms=10|clock_delta_ms=4.189
|clock_suspect=0
PMLE_LIVE_REPLAY_TIC|tic=2312|mle_ms=64.28|monotonic_ms=70|clock_delta_ms=5.72|c
lock_suspect=0
PMLE_LIVE_REPLAY_TIC|tic=2313|mle_ms=76.206|monotonic_ms=70|clock_delta_ms=6.206
|clock_suspect=0
PMLE_LIVE_REPLAY_TIC|tic=2314|mle_ms=15.609|monotonic_ms=20|clock_delta_ms=4.391
|clock_suspect=0
PMLE_LIVE_REPLAY_TIC|tic=2315|mle_ms=64.84|monotonic_ms=60|clock_delta_ms=4.84|c
lock_suspect=0
PMLE_LIVE_REPLAY_TIC|tic=2316|mle_ms=93.848|monotonic_ms=100|clock_delta_ms=6.15
2|clock_suspect=0
PMLE_LIVE_REPLAY_TIC|tic=2317|mle_ms=12.189|monotonic_ms=10|clock_delta_ms=2.189
|clock_suspect=0
PMLE_LIVE_REPLAY_TIC|tic=2318|mle_ms=107.865|monotonic_ms=110|clock_delta_ms=2.1
35|clock_suspect=0
PMLE_LIVE_REPLAY_TIC|tic=2319|mle_ms=60.196|monotonic_ms=60|clock_delta_ms=.196|
clock_suspect=0
PMLE_LIVE_REPLAY_TIC|tic=2320|mle_ms=12.297|monotonic_ms=10|clock_delta_ms=2.297
|clock_suspect=0
PMLE_LIVE_REPLAY_TIC|tic=2321|mle_ms=62.034|monotonic_ms=60|clock_delta_ms=2.034
|clock_suspect=0
PMLE_LIVE_REPLAY_TIC|tic=2322|mle_ms=65.247|monotonic_ms=70|clock_delta_ms=4.753
|clock_suspect=0
PMLE_LIVE_REPLAY_TIC|tic=2323|mle_ms=21.872|monotonic_ms=20|clock_delta_ms=1.872
|clock_suspect=0
PMLE_LIVE_REPLAY_TIC|tic=2324|mle_ms=101.559|monotonic_ms=100|clock_delta_ms=1.5
59|clock_suspect=0
PMLE_LIVE_REPLAY_TIC|tic=2325|mle_ms=80.887|monotonic_ms=80|clock_delta_ms=.887|
clock_suspect=0
PMLE_LIVE_REPLAY_TIC|tic=2326|mle_ms=48.01|monotonic_ms=50|clock_delta_ms=1.99|c
lock_suspect=0
PMLE_LIVE_REPLAY_TIC|tic=2327|mle_ms=83.825|monotonic_ms=80|clock_delta_ms=3.825
|clock_suspect=0
PMLE_LIVE_REPLAY_TIC|tic=2328|mle_ms=81.157|monotonic_ms=80|clock_delta_ms=1.157
|clock_suspect=0
PMLE_LIVE_REPLAY_TIC|tic=2329|mle_ms=13.906|monotonic_ms=20|clock_delta_ms=6.094
|clock_suspect=0
PMLE_LIVE_REPLAY_TIC|tic=2330|mle_ms=87.482|monotonic_ms=90|clock_delta_ms=2.518
|clock_suspect=0
PMLE_LIVE_REPLAY_TIC|tic=2331|mle_ms=80.228|monotonic_ms=80|clock_delta_ms=.228|
clock_suspect=0
PMLE_LIVE_REPLAY_TIC|tic=2332|mle_ms=13.79|monotonic_ms=10|clock_delta_ms=3.79|c
lock_suspect=0
PMLE_LIVE_REPLAY_TIC|tic=2333|mle_ms=79.335|monotonic_ms=80|clock_delta_ms=.665|
clock_suspect=0
PMLE_LIVE_REPLAY_TIC|tic=2334|mle_ms=71.602|monotonic_ms=70|clock_delta_ms=1.602
|clock_suspect=0
PMLE_LIVE_REPLAY_TIC|tic=2335|mle_ms=10.744|monotonic_ms=10|clock_delta_ms=.744|
clock_suspect=0
PMLE_LIVE_REPLAY_TIC|tic=2336|mle_ms=90.345|monotonic_ms=90|clock_delta_ms=.345|
clock_suspect=0
PMLE_LIVE_REPLAY_TIC|tic=2337|mle_ms=64.51|monotonic_ms=70|clock_delta_ms=5.49|c
lock_suspect=0
PMLE_LIVE_REPLAY_TIC|tic=2338|mle_ms=17.842|monotonic_ms=20|clock_delta_ms=2.158
|clock_suspect=0
PMLE_LIVE_REPLAY_TIC|tic=2339|mle_ms=64.128|monotonic_ms=60|clock_delta_ms=4.128
|clock_suspect=0
PMLE_LIVE_REPLAY_TIC|tic=2340|mle_ms=62.06|monotonic_ms=60|clock_delta_ms=2.06|c
lock_suspect=0
PMLE_LIVE_REPLAY_TIC|tic=2341|mle_ms=12.228|monotonic_ms=10|clock_delta_ms=2.228
|clock_suspect=0
PMLE_LIVE_REPLAY_TIC|tic=2342|mle_ms=76.278|monotonic_ms=80|clock_delta_ms=3.722
|clock_suspect=0
PMLE_LIVE_REPLAY_TIC|tic=2343|mle_ms=74.426|monotonic_ms=70|clock_delta_ms=4.426
|clock_suspect=0
PMLE_LIVE_REPLAY_TIC|tic=2344|mle_ms=18.848|monotonic_ms=20|clock_delta_ms=1.152
|clock_suspect=0
PMLE_LIVE_REPLAY_TIC|tic=2345|mle_ms=17.543|monotonic_ms=20|clock_delta_ms=2.457
|clock_suspect=0
PMLE_LIVE_REPLAY_TIC|tic=2346|mle_ms=83.423|monotonic_ms=80|clock_delta_ms=3.423
|clock_suspect=0
PMLE_LIVE_REPLAY_TIC|tic=2347|mle_ms=11.588|monotonic_ms=20|clock_delta_ms=8.412
|clock_suspect=0
PMLE_LIVE_REPLAY_TIC|tic=2348|mle_ms=15.839|monotonic_ms=10|clock_delta_ms=5.839
|clock_suspect=0
PMLE_LIVE_REPLAY_TIC|tic=2349|mle_ms=62.54|monotonic_ms=70|clock_delta_ms=7.46|c
lock_suspect=0
PMLE_LIVE_REPLAY_TIC|tic=2350|mle_ms=14.702|monotonic_ms=10|clock_delta_ms=4.702
|clock_suspect=0
PMLE_LIVE_REPLAY_TIC|tic=2351|mle_ms=82.001|monotonic_ms=80|clock_delta_ms=2.001
|clock_suspect=0
PMLE_LIVE_REPLAY_TIC|tic=2352|mle_ms=84.373|monotonic_ms=90|clock_delta_ms=5.627
|clock_suspect=0
PMLE_LIVE_REPLAY_TIC|tic=2353|mle_ms=27.595|monotonic_ms=20|clock_delta_ms=7.595
|clock_suspect=0
PMLE_LIVE_REPLAY_TIC|tic=2354|mle_ms=122.01|monotonic_ms=130|clock_delta_ms=7.99
|clock_suspect=0
PMLE_LIVE_REPLAY_TIC|tic=2355|mle_ms=64.765|monotonic_ms=60|clock_delta_ms=4.765
|clock_suspect=0
PMLE_LIVE_REPLAY_TIC|tic=2356|mle_ms=29.56|monotonic_ms=30|clock_delta_ms=.44|cl
ock_suspect=0
PMLE_LIVE_REPLAY_TIC|tic=2357|mle_ms=73.256|monotonic_ms=70|clock_delta_ms=3.256
|clock_suspect=0
PMLE_LIVE_REPLAY_TIC|tic=2358|mle_ms=67.406|monotonic_ms=70|clock_delta_ms=2.594
|clock_suspect=0
PMLE_LIVE_REPLAY_TIC|tic=2359|mle_ms=27.137|monotonic_ms=30|clock_delta_ms=2.863
|clock_suspect=0
PMLE_LIVE_REPLAY_TIC|tic=2360|mle_ms=91.016|monotonic_ms=90|clock_delta_ms=1.016
|clock_suspect=0
PMLE_LIVE_REPLAY_TIC|tic=2361|mle_ms=90.708|monotonic_ms=90|clock_delta_ms=.708|
clock_suspect=0
PMLE_LIVE_REPLAY_TIC|tic=2362|mle_ms=14.756|monotonic_ms=20|clock_delta_ms=5.244
|clock_suspect=0
PMLE_LIVE_REPLAY_TIC|tic=2363|mle_ms=80.007|monotonic_ms=80|clock_delta_ms=.007|
clock_suspect=0
PMLE_LIVE_REPLAY_TIC|tic=2364|mle_ms=73.25|monotonic_ms=70|clock_delta_ms=3.25|c
lock_suspect=0
PMLE_LIVE_REPLAY_TIC|tic=2365|mle_ms=30.448|monotonic_ms=30|clock_delta_ms=.448|
clock_suspect=0
PMLE_LIVE_REPLAY_TIC|tic=2366|mle_ms=94.876|monotonic_ms=90|clock_delta_ms=4.876
|clock_suspect=0
PMLE_LIVE_REPLAY_TIC|tic=2367|mle_ms=77.089|monotonic_ms=80|clock_delta_ms=2.911
|clock_suspect=0
PMLE_LIVE_REPLAY_TIC|tic=2368|mle_ms=25.855|monotonic_ms=30|clock_delta_ms=4.145
|clock_suspect=0
PMLE_LIVE_REPLAY_TIC|tic=2369|mle_ms=93.245|monotonic_ms=90|clock_delta_ms=3.245
|clock_suspect=0
PMLE_LIVE_REPLAY_TIC|tic=2370|mle_ms=80.653|monotonic_ms=80|clock_delta_ms=.653|
clock_suspect=0
PMLE_LIVE_REPLAY_TIC|tic=2371|mle_ms=27.26|monotonic_ms=30|clock_delta_ms=2.74|c
lock_suspect=0
PMLE_LIVE_REPLAY_TIC|tic=2372|mle_ms=84.295|monotonic_ms=80|clock_delta_ms=4.295
|clock_suspect=0
PMLE_LIVE_REPLAY_TIC|tic=2373|mle_ms=87.628|monotonic_ms=90|clock_delta_ms=2.372
|clock_suspect=0
PMLE_LIVE_REPLAY_TIC|tic=2374|mle_ms=24.676|monotonic_ms=30|clock_delta_ms=5.324
|clock_suspect=0
PMLE_LIVE_REPLAY_TIC|tic=2375|mle_ms=74.4|monotonic_ms=70|clock_delta_ms=4.4|clo
ck_suspect=0
PMLE_LIVE_REPLAY_TIC|tic=2376|mle_ms=105.899|monotonic_ms=110|clock_delta_ms=4.1
01|clock_suspect=0
PMLE_LIVE_REPLAY_TIC|tic=2377|mle_ms=25.486|monotonic_ms=20|clock_delta_ms=5.486
|clock_suspect=0
PMLE_LIVE_REPLAY_TIC|tic=2378|mle_ms=90.891|monotonic_ms=90|clock_delta_ms=.891|
clock_suspect=0
PMLE_LIVE_REPLAY_TIC|tic=2379|mle_ms=83.689|monotonic_ms=90|clock_delta_ms=6.311
|clock_suspect=0
PMLE_LIVE_REPLAY_TIC|tic=2380|mle_ms=20.599|monotonic_ms=20|clock_delta_ms=.599|
clock_suspect=0
PMLE_LIVE_REPLAY_TIC|tic=2381|mle_ms=82.406|monotonic_ms=80|clock_delta_ms=2.406
|clock_suspect=0
PMLE_LIVE_REPLAY_TIC|tic=2382|mle_ms=74.84|monotonic_ms=70|clock_delta_ms=4.84|c
lock_suspect=0
PMLE_LIVE_REPLAY_TIC|tic=2383|mle_ms=38.522|monotonic_ms=40|clock_delta_ms=1.478
|clock_suspect=0
PMLE_LIVE_REPLAY_TIC|tic=2384|mle_ms=110.523|monotonic_ms=110|clock_delta_ms=.52
3|clock_suspect=0
PMLE_LIVE_REPLAY_TIC|tic=2385|mle_ms=82.827|monotonic_ms=90|clock_delta_ms=7.173
|clock_suspect=0
PMLE_LIVE_REPLAY_TIC|tic=2386|mle_ms=35.448|monotonic_ms=30|clock_delta_ms=5.448
|clock_suspect=0
PMLE_LIVE_REPLAY_TIC|tic=2387|mle_ms=68.328|monotonic_ms=70|clock_delta_ms=1.672
|clock_suspect=0
PMLE_LIVE_REPLAY_TIC|tic=2388|mle_ms=106.622|monotonic_ms=110|clock_delta_ms=3.3
78|clock_suspect=0
PMLE_LIVE_REPLAY_TIC|tic=2389|mle_ms=21.547|monotonic_ms=20|clock_delta_ms=1.547
|clock_suspect=0
PMLE_LIVE_REPLAY_TIC|tic=2390|mle_ms=71.156|monotonic_ms=70|clock_delta_ms=1.156
|clock_suspect=0
PMLE_LIVE_REPLAY_TIC|tic=2391|mle_ms=78.842|monotonic_ms=80|clock_delta_ms=1.158
|clock_suspect=0
PMLE_LIVE_REPLAY_TIC|tic=2392|mle_ms=24.539|monotonic_ms=20|clock_delta_ms=4.539
|clock_suspect=0
PMLE_LIVE_REPLAY_TIC|tic=2393|mle_ms=82.849|monotonic_ms=90|clock_delta_ms=7.151
|clock_suspect=0
PMLE_LIVE_REPLAY_TIC|tic=2394|mle_ms=79.61|monotonic_ms=80|clock_delta_ms=.39|cl
ock_suspect=0
PMLE_LIVE_REPLAY_TIC|tic=2395|mle_ms=24.381|monotonic_ms=20|clock_delta_ms=4.381
|clock_suspect=0
PMLE_LIVE_REPLAY_TIC|tic=2396|mle_ms=97.157|monotonic_ms=100|clock_delta_ms=2.84
3|clock_suspect=0
PMLE_LIVE_REPLAY_TIC|tic=2397|mle_ms=81.628|monotonic_ms=80|clock_delta_ms=1.628
|clock_suspect=0
PMLE_LIVE_REPLAY_TIC|tic=2398|mle_ms=20.802|monotonic_ms=20|clock_delta_ms=.802|
clock_suspect=0
PMLE_LIVE_REPLAY_TIC|tic=2399|mle_ms=83.706|monotonic_ms=80|clock_delta_ms=3.706
|clock_suspect=0
PMLE_LIVE_REPLAY_TIC|tic=2400|mle_ms=92.23|monotonic_ms=100|clock_delta_ms=7.77|
clock_suspect=0
PMLE_LIVE_REPLAY_TIC|tic=2401|mle_ms=22.191|monotonic_ms=20|clock_delta_ms=2.191
|clock_suspect=0
PMLE_LIVE_REPLAY_TIC|tic=2402|mle_ms=75.984|monotonic_ms=80|clock_delta_ms=4.016
|clock_suspect=0
PMLE_LIVE_REPLAY_TIC|tic=2403|mle_ms=81.723|monotonic_ms=80|clock_delta_ms=1.723
|clock_suspect=0
PMLE_LIVE_REPLAY_TIC|tic=2404|mle_ms=28.099|monotonic_ms=30|clock_delta_ms=1.901
|clock_suspect=0
PMLE_LIVE_REPLAY_TIC|tic=2405|mle_ms=71.581|monotonic_ms=70|clock_delta_ms=1.581
|clock_suspect=0
PMLE_LIVE_REPLAY_TIC|tic=2406|mle_ms=100.22|monotonic_ms=100|clock_delta_ms=.22|
clock_suspect=0
PMLE_LIVE_REPLAY_TIC|tic=2407|mle_ms=23.462|monotonic_ms=20|clock_delta_ms=3.462
|clock_suspect=0
PMLE_LIVE_REPLAY_TIC|tic=2408|mle_ms=78.786|monotonic_ms=80|clock_delta_ms=1.214
|clock_suspect=0
PMLE_LIVE_REPLAY_TIC|tic=2409|mle_ms=79.129|monotonic_ms=80|clock_delta_ms=.871|
clock_suspect=0
PMLE_LIVE_REPLAY_TIC|tic=2410|mle_ms=25.082|monotonic_ms=20|clock_delta_ms=5.082
|clock_suspect=0
PMLE_LIVE_REPLAY_TIC|tic=2411|mle_ms=80.223|monotonic_ms=80|clock_delta_ms=.223|
clock_suspect=0
PMLE_LIVE_REPLAY_TIC|tic=2412|mle_ms=109.83|monotonic_ms=110|clock_delta_ms=.17|
clock_suspect=0
PMLE_LIVE_REPLAY_TIC|tic=2413|mle_ms=53.661|monotonic_ms=60|clock_delta_ms=6.339
|clock_suspect=0
PMLE_LIVE_REPLAY_TIC|tic=2414|mle_ms=105.42|monotonic_ms=100|clock_delta_ms=5.42
|clock_suspect=0
PMLE_LIVE_REPLAY_TIC|tic=2415|mle_ms=107.119|monotonic_ms=110|clock_delta_ms=2.8
81|clock_suspect=0
PMLE_LIVE_REPLAY_TIC|tic=2416|mle_ms=41.513|monotonic_ms=40|clock_delta_ms=1.513
|clock_suspect=0
PMLE_LIVE_REPLAY_TIC|tic=2417|mle_ms=87.252|monotonic_ms=90|clock_delta_ms=2.748
|clock_suspect=0
PMLE_LIVE_REPLAY_TIC|tic=2418|mle_ms=84.841|monotonic_ms=80|clock_delta_ms=4.841
|clock_suspect=0
PMLE_LIVE_REPLAY_TIC|tic=2419|mle_ms=32.266|monotonic_ms=40|clock_delta_ms=7.734
|clock_suspect=0
PMLE_LIVE_REPLAY_TIC|tic=2420|mle_ms=86.591|monotonic_ms=80|clock_delta_ms=6.591
|clock_suspect=0
PMLE_LIVE_REPLAY_TIC|tic=2421|mle_ms=115.861|monotonic_ms=120|clock_delta_ms=4.1
39|clock_suspect=0
PMLE_LIVE_REPLAY_TIC|tic=2422|mle_ms=27.919|monotonic_ms=30|clock_delta_ms=2.081
|clock_suspect=0
PMLE_LIVE_REPLAY_TIC|tic=2423|mle_ms=92.638|monotonic_ms=90|clock_delta_ms=2.638
|clock_suspect=0
PMLE_LIVE_REPLAY_TIC|tic=2424|mle_ms=101.179|monotonic_ms=100|clock_delta_ms=1.1
79|clock_suspect=0
PMLE_LIVE_REPLAY_TIC|tic=2425|mle_ms=25.585|monotonic_ms=30|clock_delta_ms=4.415
|clock_suspect=0
PMLE_LIVE_REPLAY_TIC|tic=2426|mle_ms=132.071|monotonic_ms=130|clock_delta_ms=2.0
71|clock_suspect=0
PMLE_LIVE_REPLAY_TIC|tic=2427|mle_ms=94.113|monotonic_ms=90|clock_delta_ms=4.113
|clock_suspect=0
PMLE_LIVE_REPLAY_TIC|tic=2428|mle_ms=14.686|monotonic_ms=20|clock_delta_ms=5.314
|clock_suspect=0
PMLE_LIVE_REPLAY_TIC|tic=2429|mle_ms=94.641|monotonic_ms=90|clock_delta_ms=4.641
|clock_suspect=0
PMLE_LIVE_REPLAY_TIC|tic=2430|mle_ms=64.641|monotonic_ms=70|clock_delta_ms=5.359
|clock_suspect=0
PMLE_LIVE_REPLAY_TIC|tic=2431|mle_ms=50.917|monotonic_ms=50|clock_delta_ms=.917|
clock_suspect=0
PMLE_LIVE_REPLAY_TIC|tic=2432|mle_ms=87.6|monotonic_ms=90|clock_delta_ms=2.4|clo
ck_suspect=0
PMLE_LIVE_REPLAY_TIC|tic=2433|mle_ms=103.855|monotonic_ms=100|clock_delta_ms=3.8
55|clock_suspect=0
PMLE_LIVE_REPLAY_TIC|tic=2434|mle_ms=24.657|monotonic_ms=30|clock_delta_ms=5.343
|clock_suspect=0
PMLE_LIVE_REPLAY_TIC|tic=2435|mle_ms=66.784|monotonic_ms=60|clock_delta_ms=6.784
|clock_suspect=0
PMLE_LIVE_REPLAY_TIC|tic=2436|mle_ms=58.66|monotonic_ms=60|clock_delta_ms=1.34|c
lock_suspect=0
PMLE_LIVE_REPLAY_TIC|tic=2437|mle_ms=9.98|monotonic_ms=10|clock_delta_ms=.02|clo
ck_suspect=0
PMLE_LIVE_REPLAY_TIC|tic=2438|mle_ms=49.331|monotonic_ms=50|clock_delta_ms=.669|
clock_suspect=0
PMLE_LIVE_REPLAY_TIC|tic=2439|mle_ms=44.304|monotonic_ms=40|clock_delta_ms=4.304
|clock_suspect=0
PMLE_LIVE_REPLAY_TIC|tic=2440|mle_ms=11.866|monotonic_ms=20|clock_delta_ms=8.134
|clock_suspect=0
PMLE_LIVE_REPLAY_TIC|tic=2441|mle_ms=73.137|monotonic_ms=70|clock_delta_ms=3.137
|clock_suspect=0
PMLE_LIVE_REPLAY_TIC|tic=2442|mle_ms=39.804|monotonic_ms=40|clock_delta_ms=.196|
clock_suspect=0
PMLE_LIVE_REPLAY_TIC|tic=2443|mle_ms=44.735|monotonic_ms=40|clock_delta_ms=4.735
|clock_suspect=0
PMLE_LIVE_REPLAY_TIC|tic=2444|mle_ms=51.606|monotonic_ms=60|clock_delta_ms=8.394
|clock_suspect=0
PMLE_LIVE_REPLAY_TIC|tic=2445|mle_ms=66.767|monotonic_ms=60|clock_delta_ms=6.767
|clock_suspect=0
PMLE_LIVE_REPLAY_TIC|tic=2446|mle_ms=26.603|monotonic_ms=30|clock_delta_ms=3.397
|clock_suspect=0
PMLE_LIVE_REPLAY_TIC|tic=2447|mle_ms=34.727|monotonic_ms=30|clock_delta_ms=4.727
|clock_suspect=0
PMLE_LIVE_REPLAY_TIC|tic=2448|mle_ms=37.915|monotonic_ms=40|clock_delta_ms=2.085
|clock_suspect=0
PMLE_LIVE_REPLAY_TIC|tic=2449|mle_ms=13.912|monotonic_ms=20|clock_delta_ms=6.088
|clock_suspect=0
PMLE_LIVE_REPLAY_TIC|tic=2450|mle_ms=33.235|monotonic_ms=30|clock_delta_ms=3.235
|clock_suspect=0
PMLE_LIVE_REPLAY_TIC|tic=2451|mle_ms=247.534|monotonic_ms=250|clock_delta_ms=2.4
66|clock_suspect=0
PMLE_LIVE_REPLAY_TIC|tic=2452|mle_ms=19.861|monotonic_ms=20|clock_delta_ms=.139|
clock_suspect=0
PMLE_LIVE_REPLAY_TIC|tic=2453|mle_ms=82.712|monotonic_ms=80|clock_delta_ms=2.712
|clock_suspect=0
PMLE_LIVE_REPLAY_TIC|tic=2454|mle_ms=51.04|monotonic_ms=50|clock_delta_ms=1.04|c
lock_suspect=0
PMLE_LIVE_REPLAY_TIC|tic=2455|mle_ms=14.818|monotonic_ms=20|clock_delta_ms=5.182
|clock_suspect=0
PMLE_LIVE_REPLAY_TIC|tic=2456|mle_ms=68.285|monotonic_ms=60|clock_delta_ms=8.285
|clock_suspect=0
PMLE_LIVE_REPLAY_TIC|tic=2457|mle_ms=38.57|monotonic_ms=40|clock_delta_ms=1.43|c
lock_suspect=0
PMLE_LIVE_REPLAY_TIC|tic=2458|mle_ms=13.23|monotonic_ms=20|clock_delta_ms=6.77|c
lock_suspect=0
PMLE_LIVE_REPLAY_TIC|tic=2459|mle_ms=51.961|monotonic_ms=50|clock_delta_ms=1.961
|clock_suspect=0
PMLE_LIVE_REPLAY_TIC|tic=2460|mle_ms=42.54|monotonic_ms=40|clock_delta_ms=2.54|c
lock_suspect=0
PMLE_LIVE_REPLAY_TIC|tic=2461|mle_ms=43.828|monotonic_ms=50|clock_delta_ms=6.172
|clock_suspect=0
PMLE_LIVE_REPLAY_TIC|tic=2462|mle_ms=38.567|monotonic_ms=30|clock_delta_ms=8.567
|clock_suspect=0
PMLE_LIVE_REPLAY_TIC|tic=2463|mle_ms=87.953|monotonic_ms=90|clock_delta_ms=2.047
|clock_suspect=0
PMLE_LIVE_REPLAY_TIC|tic=2464|mle_ms=28.81|monotonic_ms=30|clock_delta_ms=1.19|c
lock_suspect=0
PMLE_LIVE_REPLAY_TIC|tic=2465|mle_ms=41.813|monotonic_ms=40|clock_delta_ms=1.813
|clock_suspect=0
PMLE_LIVE_REPLAY_TIC|tic=2466|mle_ms=80.458|monotonic_ms=80|clock_delta_ms=.458|
clock_suspect=0
PMLE_LIVE_REPLAY_TIC|tic=2467|mle_ms=11.446|monotonic_ms=10|clock_delta_ms=1.446
|clock_suspect=0
PMLE_LIVE_REPLAY_TIC|tic=2468|mle_ms=35.055|monotonic_ms=40|clock_delta_ms=4.945
|clock_suspect=0
PMLE_LIVE_REPLAY_TIC|tic=2469|mle_ms=43.692|monotonic_ms=40|clock_delta_ms=3.692
|clock_suspect=0
PMLE_LIVE_REPLAY_TIC|tic=2470|mle_ms=13.787|monotonic_ms=20|clock_delta_ms=6.213
|clock_suspect=0
PMLE_LIVE_REPLAY_TIC|tic=2471|mle_ms=65.712|monotonic_ms=60|clock_delta_ms=5.712
|clock_suspect=0
PMLE_LIVE_REPLAY_TIC|tic=2472|mle_ms=40.837|monotonic_ms=40|clock_delta_ms=.837|
clock_suspect=0
PMLE_LIVE_REPLAY_TIC|tic=2473|mle_ms=46.863|monotonic_ms=50|clock_delta_ms=3.137
|clock_suspect=0
PMLE_LIVE_REPLAY_TIC|tic=2474|mle_ms=55.01|monotonic_ms=60|clock_delta_ms=4.99|c
lock_suspect=0
PMLE_LIVE_REPLAY_TIC|tic=2475|mle_ms=41.759|monotonic_ms=40|clock_delta_ms=1.759
|clock_suspect=0
PMLE_LIVE_REPLAY_TIC|tic=2476|mle_ms=47.41|monotonic_ms=50|clock_delta_ms=2.59|c
lock_suspect=0
PMLE_LIVE_REPLAY_TIC|tic=2477|mle_ms=36.169|monotonic_ms=30|clock_delta_ms=6.169
|clock_suspect=0
PMLE_LIVE_REPLAY_TIC|tic=2478|mle_ms=41.591|monotonic_ms=40|clock_delta_ms=1.591
|clock_suspect=0
PMLE_LIVE_REPLAY_TIC|tic=2479|mle_ms=17.826|monotonic_ms=20|clock_delta_ms=2.174
|clock_suspect=0
PMLE_LIVE_REPLAY_TIC|tic=2480|mle_ms=33.842|monotonic_ms=40|clock_delta_ms=6.158
|clock_suspect=0
PMLE_LIVE_REPLAY_TIC|tic=2481|mle_ms=67.719|monotonic_ms=60|clock_delta_ms=7.719
|clock_suspect=0
PMLE_LIVE_REPLAY_TIC|tic=2482|mle_ms=14.88|monotonic_ms=20|clock_delta_ms=5.12|c
lock_suspect=0
PMLE_LIVE_REPLAY_TIC|tic=2483|mle_ms=49.255|monotonic_ms=50|clock_delta_ms=.745|
clock_suspect=0
PMLE_LIVE_REPLAY_TIC|tic=2484|mle_ms=48.055|monotonic_ms=50|clock_delta_ms=1.945
|clock_suspect=0
PMLE_LIVE_REPLAY_TIC|tic=2485|mle_ms=18.173|monotonic_ms=10|clock_delta_ms=8.173
|clock_suspect=0
PMLE_LIVE_REPLAY_TIC|tic=2486|mle_ms=44.83|monotonic_ms=50|clock_delta_ms=5.17|c
lock_suspect=0
PMLE_LIVE_REPLAY_TIC|tic=2487|mle_ms=67.052|monotonic_ms=70|clock_delta_ms=2.948
|clock_suspect=0
PMLE_LIVE_REPLAY_TIC|tic=2488|mle_ms=13.608|monotonic_ms=10|clock_delta_ms=3.608
|clock_suspect=0
PMLE_LIVE_REPLAY_TIC|tic=2489|mle_ms=16.481|monotonic_ms=20|clock_delta_ms=3.519
|clock_suspect=0
PMLE_LIVE_REPLAY_TIC|tic=2490|mle_ms=42.684|monotonic_ms=40|clock_delta_ms=2.684
|clock_suspect=0
PMLE_LIVE_REPLAY_TIC|tic=2491|mle_ms=46.26|monotonic_ms=50|clock_delta_ms=3.74|c
lock_suspect=0
PMLE_LIVE_REPLAY_TIC|tic=2492|mle_ms=14.403|monotonic_ms=10|clock_delta_ms=4.403
|clock_suspect=0
PMLE_LIVE_REPLAY_TIC|tic=2493|mle_ms=71.369|monotonic_ms=70|clock_delta_ms=1.369
|clock_suspect=0
PMLE_LIVE_REPLAY_TIC|tic=2494|mle_ms=21.423|monotonic_ms=20|clock_delta_ms=1.423
|clock_suspect=0
PMLE_LIVE_REPLAY_TIC|tic=2495|mle_ms=12.566|monotonic_ms=20|clock_delta_ms=7.434
|clock_suspect=0
PMLE_LIVE_REPLAY_TIC|tic=2496|mle_ms=70.074|monotonic_ms=70|clock_delta_ms=.074|
clock_suspect=0
PMLE_LIVE_REPLAY_TIC|tic=2497|mle_ms=15.667|monotonic_ms=10|clock_delta_ms=5.667
|clock_suspect=0
PMLE_LIVE_REPLAY_TIC|tic=2498|mle_ms=16.349|monotonic_ms=20|clock_delta_ms=3.651
|clock_suspect=0
PMLE_LIVE_REPLAY_TIC|tic=2499|mle_ms=41.485|monotonic_ms=40|clock_delta_ms=1.485
|clock_suspect=0
PMLE_LIVE_REPLAY_TIC|tic=2500|mle_ms=12.804|monotonic_ms=10|clock_delta_ms=2.804
|clock_suspect=0
PMLE_LIVE_REPLAY_TIC|tic=2501|mle_ms=50.194|monotonic_ms=50|clock_delta_ms=.194|
clock_suspect=0
PMLE_LIVE_REPLAY_TIC|tic=2502|mle_ms=47.446|monotonic_ms=50|clock_delta_ms=2.554
|clock_suspect=0
PMLE_LIVE_REPLAY_TIC|tic=2503|mle_ms=51.975|monotonic_ms=50|clock_delta_ms=1.975
|clock_suspect=0
PMLE_LIVE_REPLAY_TIC|tic=2504|mle_ms=24.766|monotonic_ms=30|clock_delta_ms=5.234
|clock_suspect=0
PMLE_LIVE_REPLAY_TIC|tic=2505|mle_ms=60.204|monotonic_ms=60|clock_delta_ms=.204|
clock_suspect=0
PMLE_LIVE_REPLAY_TIC|tic=2506|mle_ms=39.045|monotonic_ms=30|clock_delta_ms=9.045
|clock_suspect=0
PMLE_LIVE_REPLAY_TIC|tic=2507|mle_ms=10.06|monotonic_ms=10|clock_delta_ms=.06|cl
ock_suspect=0
PMLE_LIVE_REPLAY_TIC|tic=2508|mle_ms=61.089|monotonic_ms=70|clock_delta_ms=8.911
|clock_suspect=0
PMLE_LIVE_REPLAY_TIC|tic=2509|mle_ms=13.526|monotonic_ms=10|clock_delta_ms=3.526
|clock_suspect=0
PMLE_LIVE_REPLAY_TIC|tic=2510|mle_ms=10.844|monotonic_ms=10|clock_delta_ms=.844|
clock_suspect=0
PMLE_LIVE_REPLAY_TIC|tic=2511|mle_ms=97.108|monotonic_ms=100|clock_delta_ms=2.89
2|clock_suspect=0
PMLE_LIVE_REPLAY_TIC|tic=2512|mle_ms=12.844|monotonic_ms=10|clock_delta_ms=2.844
|clock_suspect=0
PMLE_LIVE_REPLAY_TIC|tic=2513|mle_ms=50.059|monotonic_ms=50|clock_delta_ms=.059|
clock_suspect=0
PMLE_LIVE_REPLAY_TIC|tic=2514|mle_ms=105.557|monotonic_ms=110|clock_delta_ms=4.4
43|clock_suspect=0
PMLE_LIVE_REPLAY_TIC|tic=2515|mle_ms=14.88|monotonic_ms=10|clock_delta_ms=4.88|c
lock_suspect=0
PMLE_LIVE_REPLAY_TIC|tic=2516|mle_ms=42.256|monotonic_ms=40|clock_delta_ms=2.256
|clock_suspect=0
PMLE_LIVE_REPLAY_TIC|tic=2517|mle_ms=66.778|monotonic_ms=70|clock_delta_ms=3.222
|clock_suspect=0
PMLE_LIVE_REPLAY_TIC|tic=2518|mle_ms=13.54|monotonic_ms=10|clock_delta_ms=3.54|c
lock_suspect=0
PMLE_LIVE_REPLAY_TIC|tic=2519|mle_ms=16.107|monotonic_ms=20|clock_delta_ms=3.893
|clock_suspect=0
PMLE_LIVE_REPLAY_TIC|tic=2520|mle_ms=93.559|monotonic_ms=90|clock_delta_ms=3.559
|clock_suspect=0
PMLE_LIVE_REPLAY_TIC|tic=2521|mle_ms=59.447|monotonic_ms=60|clock_delta_ms=.553|
clock_suspect=0
PMLE_LIVE_REPLAY_TIC|tic=2522|mle_ms=15.263|monotonic_ms=20|clock_delta_ms=4.737
|clock_suspect=0
PMLE_LIVE_REPLAY_TIC|tic=2523|mle_ms=120.197|monotonic_ms=120|clock_delta_ms=.19
7|clock_suspect=0
PMLE_LIVE_REPLAY_TIC|tic=2524|mle_ms=28.141|monotonic_ms=30|clock_delta_ms=1.859
|clock_suspect=0
PMLE_LIVE_REPLAY_TIC|tic=2525|mle_ms=14.778|monotonic_ms=10|clock_delta_ms=4.778
|clock_suspect=0
PMLE_LIVE_REPLAY_TIC|tic=2526|mle_ms=123.121|monotonic_ms=130|clock_delta_ms=6.8
79|clock_suspect=0
PMLE_LIVE_REPLAY_TIC|tic=2527|mle_ms=12.152|monotonic_ms=10|clock_delta_ms=2.152
|clock_suspect=0
PMLE_LIVE_REPLAY_TIC|tic=2528|mle_ms=11.471|monotonic_ms=10|clock_delta_ms=1.471
|clock_suspect=0
PMLE_LIVE_REPLAY_TIC|tic=2529|mle_ms=73.468|monotonic_ms=70|clock_delta_ms=3.468
|clock_suspect=0
PMLE_LIVE_REPLAY_TIC|tic=2530|mle_ms=13.345|monotonic_ms=20|clock_delta_ms=6.655
|clock_suspect=0
PMLE_LIVE_REPLAY_TIC|tic=2531|mle_ms=44.806|monotonic_ms=40|clock_delta_ms=4.806
|clock_suspect=0
PMLE_LIVE_REPLAY_TIC|tic=2532|mle_ms=77.347|monotonic_ms=80|clock_delta_ms=2.653
|clock_suspect=0
PMLE_LIVE_REPLAY_TIC|tic=2533|mle_ms=47.07|monotonic_ms=50|clock_delta_ms=2.93|c
lock_suspect=0
PMLE_LIVE_REPLAY_TIC|tic=2534|mle_ms=24.885|monotonic_ms=20|clock_delta_ms=4.885
|clock_suspect=0
PMLE_LIVE_REPLAY_TIC|tic=2535|mle_ms=91.273|monotonic_ms=90|clock_delta_ms=1.273
|clock_suspect=0
PMLE_LIVE_REPLAY_TIC|tic=2536|mle_ms=46.387|monotonic_ms=50|clock_delta_ms=3.613
|clock_suspect=0
PMLE_LIVE_REPLAY_TIC|tic=2537|mle_ms=14.126|monotonic_ms=10|clock_delta_ms=4.126
|clock_suspect=0
PMLE_LIVE_REPLAY_TIC|tic=2538|mle_ms=-25.989|monotonic_ms=100|clock_delta_ms=125
.989|clock_suspect=1
PMLE_LIVE_REPLAY_TIC|tic=2539|mle_ms=15.497|monotonic_ms=20|clock_delta_ms=4.503
|clock_suspect=0
PMLE_LIVE_REPLAY_TIC|tic=2540|mle_ms=11.689|monotonic_ms=10|clock_delta_ms=1.689
|clock_suspect=0
PMLE_LIVE_REPLAY_TIC|tic=2541|mle_ms=153.773|monotonic_ms=150|clock_delta_ms=3.7
73|clock_suspect=0
PMLE_LIVE_REPLAY_TIC|tic=2542|mle_ms=13.3|monotonic_ms=10|clock_delta_ms=3.3|clo
ck_suspect=0
PMLE_LIVE_REPLAY_TIC|tic=2543|mle_ms=52.781|monotonic_ms=60|clock_delta_ms=7.219
|clock_suspect=0
PMLE_LIVE_REPLAY_TIC|tic=2544|mle_ms=73.473|monotonic_ms=70|clock_delta_ms=3.473
|clock_suspect=0
PMLE_LIVE_REPLAY_TIC|tic=2545|mle_ms=13.919|monotonic_ms=10|clock_delta_ms=3.919
|clock_suspect=0
PMLE_LIVE_REPLAY_TIC|tic=2546|mle_ms=44.518|monotonic_ms=50|clock_delta_ms=5.482
|clock_suspect=0
PMLE_LIVE_REPLAY_TIC|tic=2547|mle_ms=38.344|monotonic_ms=40|clock_delta_ms=1.656
|clock_suspect=0
PMLE_LIVE_REPLAY_TIC|tic=2548|mle_ms=11.89|monotonic_ms=10|clock_delta_ms=1.89|c
lock_suspect=0
PMLE_LIVE_REPLAY_TIC|tic=2549|mle_ms=13.284|monotonic_ms=10|clock_delta_ms=3.284
|clock_suspect=0
PMLE_LIVE_REPLAY_TIC|tic=2550|mle_ms=35.769|monotonic_ms=40|clock_delta_ms=4.231
|clock_suspect=0
PMLE_LIVE_REPLAY_TIC|tic=2551|mle_ms=42.529|monotonic_ms=40|clock_delta_ms=2.529
|clock_suspect=0
PMLE_LIVE_REPLAY_TIC|tic=2552|mle_ms=13.762|monotonic_ms=20|clock_delta_ms=6.238
|clock_suspect=0
PMLE_LIVE_REPLAY_TIC|tic=2553|mle_ms=81.134|monotonic_ms=80|clock_delta_ms=1.134
|clock_suspect=0
PMLE_LIVE_REPLAY_TIC|tic=2554|mle_ms=24.035|monotonic_ms=20|clock_delta_ms=4.035
|clock_suspect=0
PMLE_LIVE_REPLAY_TIC|tic=2555|mle_ms=12.699|monotonic_ms=10|clock_delta_ms=2.699
|clock_suspect=0
PMLE_LIVE_REPLAY_TIC|tic=2556|mle_ms=61.386|monotonic_ms=70|clock_delta_ms=8.614
|clock_suspect=0
PMLE_LIVE_REPLAY_TIC|tic=2557|mle_ms=10.839|monotonic_ms=10|clock_delta_ms=.839|
clock_suspect=0
PMLE_LIVE_REPLAY_TIC|tic=2558|mle_ms=13.45|monotonic_ms=10|clock_delta_ms=3.45|c
lock_suspect=0
PMLE_LIVE_REPLAY_TIC|tic=2559|mle_ms=45.722|monotonic_ms=50|clock_delta_ms=4.278
|clock_suspect=0
PMLE_LIVE_REPLAY_TIC|tic=2560|mle_ms=18.839|monotonic_ms=10|clock_delta_ms=8.839
|clock_suspect=0
PMLE_LIVE_REPLAY_TIC|tic=2561|mle_ms=51.33|monotonic_ms=60|clock_delta_ms=8.67|c
lock_suspect=0
PMLE_LIVE_REPLAY_TIC|tic=2562|mle_ms=42.246|monotonic_ms=40|clock_delta_ms=2.246
|clock_suspect=0
PMLE_LIVE_REPLAY_TIC|tic=2563|mle_ms=49.832|monotonic_ms=50|clock_delta_ms=.168|
clock_suspect=0
PMLE_LIVE_REPLAY_TIC|tic=2564|mle_ms=24.279|monotonic_ms=20|clock_delta_ms=4.279
|clock_suspect=0
PMLE_LIVE_REPLAY_TIC|tic=2565|mle_ms=49.423|monotonic_ms=50|clock_delta_ms=.577|
clock_suspect=0
PMLE_LIVE_REPLAY_TIC|tic=2566|mle_ms=63.221|monotonic_ms=70|clock_delta_ms=6.779
|clock_suspect=0
PMLE_LIVE_REPLAY_TIC|tic=2567|mle_ms=12.544|monotonic_ms=10|clock_delta_ms=2.544
|clock_suspect=0
PMLE_LIVE_REPLAY_TIC|tic=2568|mle_ms=41.991|monotonic_ms=40|clock_delta_ms=1.991
|clock_suspect=0
PMLE_LIVE_REPLAY_TIC|tic=2569|mle_ms=44.502|monotonic_ms=40|clock_delta_ms=4.502
|clock_suspect=0
PMLE_LIVE_REPLAY_TIC|tic=2570|mle_ms=14.203|monotonic_ms=20|clock_delta_ms=5.797
|clock_suspect=0
PMLE_LIVE_REPLAY_TIC|tic=2571|mle_ms=46.28|monotonic_ms=40|clock_delta_ms=6.28|c
lock_suspect=0
PMLE_LIVE_REPLAY_TIC|tic=2572|mle_ms=50.577|monotonic_ms=60|clock_delta_ms=9.423
|clock_suspect=0
PMLE_LIVE_REPLAY_TIC|tic=2573|mle_ms=50.069|monotonic_ms=50|clock_delta_ms=.069|
clock_suspect=0
PMLE_LIVE_REPLAY_TIC|tic=2574|mle_ms=27.718|monotonic_ms=20|clock_delta_ms=7.718
|clock_suspect=0
PMLE_LIVE_REPLAY_TIC|tic=2575|mle_ms=41.314|monotonic_ms=40|clock_delta_ms=1.314
|clock_suspect=0
PMLE_LIVE_REPLAY_TIC|tic=2576|mle_ms=44.071|monotonic_ms=50|clock_delta_ms=5.929
|clock_suspect=0
PMLE_LIVE_REPLAY_TIC|tic=2577|mle_ms=14.789|monotonic_ms=10|clock_delta_ms=4.789
|clock_suspect=0
PMLE_LIVE_REPLAY_TIC|tic=2578|mle_ms=64.806|monotonic_ms=70|clock_delta_ms=5.194
|clock_suspect=0
PMLE_LIVE_REPLAY_TIC|tic=2579|mle_ms=33.356|monotonic_ms=30|clock_delta_ms=3.356
|clock_suspect=0
PMLE_LIVE_REPLAY_TIC|tic=2580|mle_ms=29.878|monotonic_ms=30|clock_delta_ms=.122|
clock_suspect=0
PMLE_LIVE_REPLAY_TIC|tic=2581|mle_ms=104.739|monotonic_ms=110|clock_delta_ms=5.2
61|clock_suspect=0
PMLE_LIVE_REPLAY_TIC|tic=2582|mle_ms=28.629|monotonic_ms=30|clock_delta_ms=1.371
|clock_suspect=0
PMLE_LIVE_REPLAY_TIC|tic=2583|mle_ms=72.023|monotonic_ms=70|clock_delta_ms=2.023
|clock_suspect=0
PMLE_LIVE_REPLAY_TIC|tic=2584|mle_ms=75.632|monotonic_ms=70|clock_delta_ms=5.632
|clock_suspect=0
PMLE_LIVE_REPLAY_TIC|tic=2585|mle_ms=32.004|monotonic_ms=40|clock_delta_ms=7.996
|clock_suspect=0
PMLE_LIVE_REPLAY_TIC|tic=2586|mle_ms=57.889|monotonic_ms=50|clock_delta_ms=7.889
|clock_suspect=0
PMLE_LIVE_REPLAY_TIC|tic=2587|mle_ms=55.403|monotonic_ms=60|clock_delta_ms=4.597
|clock_suspect=0
PMLE_LIVE_REPLAY_TIC|tic=2588|mle_ms=25.671|monotonic_ms=30|clock_delta_ms=4.329
|clock_suspect=0
PMLE_LIVE_REPLAY_TIC|tic=2589|mle_ms=28.226|monotonic_ms=20|clock_delta_ms=8.226
|clock_suspect=0
PMLE_LIVE_REPLAY_TIC|tic=2590|mle_ms=55.989|monotonic_ms=60|clock_delta_ms=4.011
|clock_suspect=0
PMLE_LIVE_REPLAY_TIC|tic=2591|mle_ms=55.116|monotonic_ms=50|clock_delta_ms=5.116
|clock_suspect=0
PMLE_LIVE_REPLAY_TIC|tic=2592|mle_ms=28.242|monotonic_ms=30|clock_delta_ms=1.758
|clock_suspect=0
PMLE_LIVE_REPLAY_TIC|tic=2593|mle_ms=133.532|monotonic_ms=140|clock_delta_ms=6.4
68|clock_suspect=0
PMLE_LIVE_REPLAY_TIC|tic=2594|mle_ms=41.341|monotonic_ms=40|clock_delta_ms=1.341
|clock_suspect=0
PMLE_LIVE_REPLAY_TIC|tic=2595|mle_ms=27.48|monotonic_ms=30|clock_delta_ms=2.52|c
lock_suspect=0
PMLE_LIVE_REPLAY_TIC|tic=2596|mle_ms=95.369|monotonic_ms=90|clock_delta_ms=5.369
|clock_suspect=0
PMLE_LIVE_REPLAY_TIC|tic=2597|mle_ms=27.761|monotonic_ms=30|clock_delta_ms=2.239
|clock_suspect=0
PMLE_LIVE_REPLAY_TIC|tic=2598|mle_ms=28.929|monotonic_ms=30|clock_delta_ms=1.071
|clock_suspect=0
PMLE_LIVE_REPLAY_TIC|tic=2599|mle_ms=102.979|monotonic_ms=100|clock_delta_ms=2.9
79|clock_suspect=0
PMLE_LIVE_REPLAY_TIC|tic=2600|mle_ms=25.197|monotonic_ms=30|clock_delta_ms=4.803
|clock_suspect=0
PMLE_LIVE_REPLAY_TIC|tic=2601|mle_ms=63.072|monotonic_ms=70|clock_delta_ms=6.928
|clock_suspect=0
PMLE_LIVE_REPLAY_TIC|tic=2602|mle_ms=135.873|monotonic_ms=130|clock_delta_ms=5.8
73|clock_suspect=0
PMLE_LIVE_REPLAY_TIC|tic=2603|mle_ms=46.954|monotonic_ms=50|clock_delta_ms=3.046
|clock_suspect=0
PMLE_LIVE_REPLAY_TIC|tic=2604|mle_ms=42.866|monotonic_ms=40|clock_delta_ms=2.866
|clock_suspect=0
PMLE_LIVE_REPLAY_TIC|tic=2605|mle_ms=115.818|monotonic_ms=120|clock_delta_ms=4.1
82|clock_suspect=0
PMLE_LIVE_REPLAY_TIC|tic=2606|mle_ms=43.257|monotonic_ms=40|clock_delta_ms=3.257
|clock_suspect=0
PMLE_LIVE_REPLAY_TIC|tic=2607|mle_ms=32.262|monotonic_ms=40|clock_delta_ms=7.738
|clock_suspect=0
PMLE_LIVE_REPLAY_TIC|tic=2608|mle_ms=134.148|monotonic_ms=130|clock_delta_ms=4.1
48|clock_suspect=0
PMLE_LIVE_REPLAY_TIC|tic=2609|mle_ms=38.091|monotonic_ms=40|clock_delta_ms=1.909
|clock_suspect=0
PMLE_LIVE_REPLAY_TIC|tic=2610|mle_ms=37.304|monotonic_ms=30|clock_delta_ms=7.304
|clock_suspect=0
PMLE_LIVE_REPLAY_TIC|tic=2611|mle_ms=166.69|monotonic_ms=170|clock_delta_ms=3.31
|clock_suspect=0
PMLE_LIVE_REPLAY_TIC|tic=2612|mle_ms=39.941|monotonic_ms=40|clock_delta_ms=.059|
clock_suspect=0
PMLE_LIVE_REPLAY_TIC|tic=2613|mle_ms=65.681|monotonic_ms=70|clock_delta_ms=4.319
|clock_suspect=0
PMLE_LIVE_REPLAY_TIC|tic=2614|mle_ms=200.771|monotonic_ms=200|clock_delta_ms=.77
1|clock_suspect=0
PMLE_LIVE_REPLAY_TIC|tic=2615|mle_ms=52.819|monotonic_ms=50|clock_delta_ms=2.819
|clock_suspect=0
PMLE_LIVE_REPLAY_TIC|tic=2616|mle_ms=68.022|monotonic_ms=70|clock_delta_ms=1.978
|clock_suspect=0
PMLE_LIVE_REPLAY_TIC|tic=2617|mle_ms=131.237|monotonic_ms=130|clock_delta_ms=1.2
37|clock_suspect=0
PMLE_LIVE_REPLAY_TIC|tic=2618|mle_ms=29.897|monotonic_ms=30|clock_delta_ms=.103|
clock_suspect=0
PMLE_LIVE_REPLAY_TIC|tic=2619|mle_ms=36.506|monotonic_ms=40|clock_delta_ms=3.494
|clock_suspect=0
PMLE_LIVE_REPLAY_TIC|tic=2620|mle_ms=156.239|monotonic_ms=150|clock_delta_ms=6.2
39|clock_suspect=0
PMLE_LIVE_REPLAY_TIC|tic=2621|mle_ms=61.758|monotonic_ms=70|clock_delta_ms=8.242
|clock_suspect=0
PMLE_LIVE_REPLAY_TIC|tic=2622|mle_ms=40.221|monotonic_ms=40|clock_delta_ms=.221|
clock_suspect=0
PMLE_LIVE_REPLAY_TIC|tic=2623|mle_ms=189.014|monotonic_ms=180|clock_delta_ms=9.0
14|clock_suspect=0
PMLE_LIVE_REPLAY_TIC|tic=2624|mle_ms=50.622|monotonic_ms=60|clock_delta_ms=9.378
|clock_suspect=0
PMLE_LIVE_REPLAY_TIC|tic=2625|mle_ms=37.406|monotonic_ms=30|clock_delta_ms=7.406
|clock_suspect=0
PMLE_LIVE_REPLAY_TIC|tic=2626|mle_ms=185.694|monotonic_ms=190|clock_delta_ms=4.3
06|clock_suspect=0
PMLE_LIVE_REPLAY_TIC|tic=2627|mle_ms=28.036|monotonic_ms=30|clock_delta_ms=1.964
|clock_suspect=0
PMLE_LIVE_REPLAY_TIC|tic=2628|mle_ms=32.138|monotonic_ms=30|clock_delta_ms=2.138
|clock_suspect=0
PMLE_LIVE_REPLAY_TIC|tic=2629|mle_ms=145.902|monotonic_ms=140|clock_delta_ms=5.9
02|clock_suspect=0
PMLE_LIVE_REPLAY_TIC|tic=2630|mle_ms=28.947|monotonic_ms=30|clock_delta_ms=1.053
|clock_suspect=0
PMLE_LIVE_REPLAY_TIC|tic=2631|mle_ms=63.474|monotonic_ms=70|clock_delta_ms=6.526
|clock_suspect=0
PMLE_LIVE_REPLAY_TIC|tic=2632|mle_ms=226.319|monotonic_ms=220|clock_delta_ms=6.3
19|clock_suspect=0
PMLE_LIVE_REPLAY_TIC|tic=2633|mle_ms=50.994|monotonic_ms=50|clock_delta_ms=.994|
clock_suspect=0
PMLE_LIVE_REPLAY_TIC|tic=2634|mle_ms=40.674|monotonic_ms=40|clock_delta_ms=.674|
clock_suspect=0
PMLE_LIVE_REPLAY_TIC|tic=2635|mle_ms=171.2|monotonic_ms=170|clock_delta_ms=1.2|c
lock_suspect=0
PMLE_LIVE_REPLAY_TIC|tic=2636|mle_ms=44.229|monotonic_ms=40|clock_delta_ms=4.229
|clock_suspect=0
PMLE_LIVE_REPLAY_TIC|tic=2637|mle_ms=34.66|monotonic_ms=40|clock_delta_ms=5.34|c
lock_suspect=0
PMLE_LIVE_REPLAY_TIC|tic=2638|mle_ms=143.32|monotonic_ms=140|clock_delta_ms=3.32
|clock_suspect=0
PMLE_LIVE_REPLAY_TIC|tic=2639|mle_ms=32.326|monotonic_ms=30|clock_delta_ms=2.326
|clock_suspect=0
PMLE_LIVE_REPLAY_TIC|tic=2640|mle_ms=29.855|monotonic_ms=30|clock_delta_ms=.145|
clock_suspect=0
PMLE_LIVE_REPLAY_TIC|tic=2641|mle_ms=164.557|monotonic_ms=170|clock_delta_ms=5.4
43|clock_suspect=0
PMLE_LIVE_REPLAY_TIC|tic=2642|mle_ms=18.3|monotonic_ms=10|clock_delta_ms=8.3|clo
ck_suspect=0
PMLE_LIVE_REPLAY_TIC|tic=2643|mle_ms=30.58|monotonic_ms=40|clock_delta_ms=9.42|c
lock_suspect=0
PMLE_LIVE_REPLAY_TIC|tic=2644|mle_ms=162.777|monotonic_ms=160|clock_delta_ms=2.7
77|clock_suspect=0
PMLE_LIVE_REPLAY_TIC|tic=2645|mle_ms=18.138|monotonic_ms=20|clock_delta_ms=1.862
|clock_suspect=0
PMLE_LIVE_REPLAY_TIC|tic=2646|mle_ms=34.161|monotonic_ms=30|clock_delta_ms=4.161
|clock_suspect=0
PMLE_LIVE_REPLAY_TIC|tic=2647|mle_ms=124.577|monotonic_ms=130|clock_delta_ms=5.4
23|clock_suspect=0
PMLE_LIVE_REPLAY_TIC|tic=2648|mle_ms=14.832|monotonic_ms=10|clock_delta_ms=4.832
|clock_suspect=0
PMLE_LIVE_REPLAY_TIC|tic=2649|mle_ms=17.699|monotonic_ms=20|clock_delta_ms=2.301
|clock_suspect=0
PMLE_LIVE_REPLAY_TIC|tic=2650|mle_ms=125.308|monotonic_ms=120|clock_delta_ms=5.3
08|clock_suspect=0
PMLE_LIVE_REPLAY_TIC|tic=2651|mle_ms=43.25|monotonic_ms=50|clock_delta_ms=6.75|c
lock_suspect=0
PMLE_LIVE_REPLAY_TIC|tic=2652|mle_ms=15.628|monotonic_ms=10|clock_delta_ms=5.628
|clock_suspect=0
PMLE_LIVE_REPLAY_TIC|tic=2653|mle_ms=143.059|monotonic_ms=150|clock_delta_ms=6.9
41|clock_suspect=0
PMLE_LIVE_REPLAY_TIC|tic=2654|mle_ms=30.024|monotonic_ms=30|clock_delta_ms=.024|
clock_suspect=0
PMLE_LIVE_REPLAY_TIC|tic=2655|mle_ms=17.7|monotonic_ms=10|clock_delta_ms=7.7|clo
ck_suspect=0
PMLE_LIVE_REPLAY_TIC|tic=2656|mle_ms=180.49|monotonic_ms=180|clock_delta_ms=.49|
clock_suspect=0
PMLE_LIVE_REPLAY_TIC|tic=2657|mle_ms=13.905|monotonic_ms=20|clock_delta_ms=6.095
|clock_suspect=0
PMLE_LIVE_REPLAY_TIC|tic=2658|mle_ms=16.311|monotonic_ms=10|clock_delta_ms=6.311
|clock_suspect=0
PMLE_LIVE_REPLAY_TIC|tic=2659|mle_ms=126.79|monotonic_ms=130|clock_delta_ms=3.21
|clock_suspect=0
PMLE_LIVE_REPLAY_TIC|tic=2660|mle_ms=17.793|monotonic_ms=20|clock_delta_ms=2.207
|clock_suspect=0
PMLE_LIVE_REPLAY_TIC|tic=2661|mle_ms=53.283|monotonic_ms=50|clock_delta_ms=3.283
|clock_suspect=0
PMLE_LIVE_REPLAY_TIC|tic=2662|mle_ms=126.873|monotonic_ms=130|clock_delta_ms=3.1
27|clock_suspect=0
PMLE_LIVE_REPLAY_TIC|tic=2663|mle_ms=25.726|monotonic_ms=30|clock_delta_ms=4.274
|clock_suspect=0
PMLE_LIVE_REPLAY_TIC|tic=2664|mle_ms=22.685|monotonic_ms=20|clock_delta_ms=2.685
|clock_suspect=0
PMLE_LIVE_REPLAY_TIC|tic=2665|mle_ms=124.966|monotonic_ms=120|clock_delta_ms=4.9
66|clock_suspect=0
PMLE_LIVE_REPLAY_TIC|tic=2666|mle_ms=30.689|monotonic_ms=30|clock_delta_ms=.689|
clock_suspect=0
PMLE_LIVE_REPLAY_TIC|tic=2667|mle_ms=13.048|monotonic_ms=20|clock_delta_ms=6.952
|clock_suspect=0
PMLE_LIVE_REPLAY_TIC|tic=2668|mle_ms=135.438|monotonic_ms=130|clock_delta_ms=5.4
38|clock_suspect=0
PMLE_LIVE_REPLAY_TIC|tic=2669|mle_ms=17.034|monotonic_ms=20|clock_delta_ms=2.966
|clock_suspect=0
PMLE_LIVE_REPLAY_TIC|tic=2670|mle_ms=14.317|monotonic_ms=10|clock_delta_ms=4.317
|clock_suspect=0
PMLE_LIVE_REPLAY_TIC|tic=2671|mle_ms=192.915|monotonic_ms=200|clock_delta_ms=7.0
85|clock_suspect=0
PMLE_LIVE_REPLAY_TIC|tic=2672|mle_ms=18.106|monotonic_ms=20|clock_delta_ms=1.894
|clock_suspect=0
PMLE_LIVE_REPLAY_TIC|tic=2673|mle_ms=32.802|monotonic_ms=30|clock_delta_ms=2.802
|clock_suspect=0
PMLE_LIVE_REPLAY_TIC|tic=2674|mle_ms=137.566|monotonic_ms=140|clock_delta_ms=2.4
34|clock_suspect=0
PMLE_LIVE_REPLAY_TIC|tic=2675|mle_ms=13.903|monotonic_ms=10|clock_delta_ms=3.903
|clock_suspect=0
PMLE_LIVE_REPLAY_TIC|tic=2676|mle_ms=31.036|monotonic_ms=30|clock_delta_ms=1.036
|clock_suspect=0
PMLE_LIVE_REPLAY_TIC|tic=2677|mle_ms=135.566|monotonic_ms=140|clock_delta_ms=4.4
34|clock_suspect=0
PMLE_LIVE_REPLAY_TIC|tic=2678|mle_ms=12.715|monotonic_ms=10|clock_delta_ms=2.715
|clock_suspect=0
PMLE_LIVE_REPLAY_TIC|tic=2679|mle_ms=15.495|monotonic_ms=10|clock_delta_ms=5.495
|clock_suspect=0
PMLE_LIVE_REPLAY_TIC|tic=2680|mle_ms=126.04|monotonic_ms=130|clock_delta_ms=3.96
|clock_suspect=0
PMLE_LIVE_REPLAY_TIC|tic=2681|mle_ms=56.448|monotonic_ms=60|clock_delta_ms=3.552
|clock_suspect=0
PMLE_LIVE_REPLAY_TIC|tic=2682|mle_ms=15.395|monotonic_ms=10|clock_delta_ms=5.395
|clock_suspect=0
PMLE_LIVE_REPLAY_TIC|tic=2683|mle_ms=153.6|monotonic_ms=160|clock_delta_ms=6.4|c
lock_suspect=0
PMLE_LIVE_REPLAY_TIC|tic=2684|mle_ms=28.81|monotonic_ms=30|clock_delta_ms=1.19|c
lock_suspect=0
PMLE_LIVE_REPLAY_TIC|tic=2685|mle_ms=15.221|monotonic_ms=10|clock_delta_ms=5.221
|clock_suspect=0
PMLE_LIVE_REPLAY_TIC|tic=2686|mle_ms=143.489|monotonic_ms=140|clock_delta_ms=3.4
89|clock_suspect=0
PMLE_LIVE_REPLAY_TIC|tic=2687|mle_ms=13.993|monotonic_ms=20|clock_delta_ms=6.007
|clock_suspect=0
PMLE_LIVE_REPLAY_TIC|tic=2688|mle_ms=14.185|monotonic_ms=10|clock_delta_ms=4.185
|clock_suspect=0
PMLE_LIVE_REPLAY_TIC|tic=2689|mle_ms=127.374|monotonic_ms=130|clock_delta_ms=2.6
26|clock_suspect=0
PMLE_LIVE_REPLAY_TIC|tic=2690|mle_ms=11.012|monotonic_ms=10|clock_delta_ms=1.012
|clock_suspect=0
PMLE_LIVE_REPLAY_TIC|tic=2691|mle_ms=45.07|monotonic_ms=50|clock_delta_ms=4.93|c
lock_suspect=0
PMLE_LIVE_REPLAY_TIC|tic=2692|mle_ms=124.905|monotonic_ms=120|clock_delta_ms=4.9
05|clock_suspect=0
PMLE_LIVE_REPLAY_TIC|tic=2693|mle_ms=25.845|monotonic_ms=30|clock_delta_ms=4.155
|clock_suspect=0
PMLE_LIVE_REPLAY_TIC|tic=2694|mle_ms=22.607|monotonic_ms=20|clock_delta_ms=2.607
|clock_suspect=0
PMLE_LIVE_REPLAY_TIC|tic=2695|mle_ms=128.887|monotonic_ms=130|clock_delta_ms=1.1
13|clock_suspect=0
PMLE_LIVE_REPLAY_TIC|tic=2696|mle_ms=28.8|monotonic_ms=30|clock_delta_ms=1.2|clo
ck_suspect=0
PMLE_LIVE_REPLAY_TIC|tic=2697|mle_ms=11.329|monotonic_ms=10|clock_delta_ms=1.329
|clock_suspect=0
PMLE_LIVE_REPLAY_TIC|tic=2698|mle_ms=124.029|monotonic_ms=120|clock_delta_ms=4.0
29|clock_suspect=0
PMLE_LIVE_REPLAY_TIC|tic=2699|mle_ms=14.871|monotonic_ms=20|clock_delta_ms=5.129
|clock_suspect=0
PMLE_LIVE_REPLAY_TIC|tic=2700|mle_ms=14.542|monotonic_ms=10|clock_delta_ms=4.542
|clock_suspect=0
PMLE_LIVE_REPLAY_TIC|tic=2701|mle_ms=179.445|monotonic_ms=180|clock_delta_ms=.55
5|clock_suspect=0
PMLE_LIVE_REPLAY_TIC|tic=2702|mle_ms=18.432|monotonic_ms=20|clock_delta_ms=1.568
|clock_suspect=0
PMLE_LIVE_REPLAY_TIC|tic=2703|mle_ms=36.575|monotonic_ms=40|clock_delta_ms=3.425
|clock_suspect=0
PMLE_LIVE_REPLAY_TIC|tic=2704|mle_ms=210.21|monotonic_ms=210|clock_delta_ms=.21|
clock_suspect=0
PMLE_LIVE_REPLAY_TIC|tic=2705|mle_ms=18.63|monotonic_ms=20|clock_delta_ms=1.37|c
lock_suspect=0
PMLE_LIVE_REPLAY_TIC|tic=2706|mle_ms=37.238|monotonic_ms=40|clock_delta_ms=2.762
|clock_suspect=0
PMLE_LIVE_REPLAY_TIC|tic=2707|mle_ms=148.113|monotonic_ms=140|clock_delta_ms=8.1
13|clock_suspect=0
PMLE_LIVE_REPLAY_TIC|tic=2708|mle_ms=14.852|monotonic_ms=20|clock_delta_ms=5.148
|clock_suspect=0
PMLE_LIVE_REPLAY_TIC|tic=2709|mle_ms=17.066|monotonic_ms=20|clock_delta_ms=2.934
|clock_suspect=0
PMLE_LIVE_REPLAY_TIC|tic=2710|mle_ms=168.821|monotonic_ms=170|clock_delta_ms=1.1
79|clock_suspect=0
PMLE_LIVE_REPLAY_TIC|tic=2711|mle_ms=48.78|monotonic_ms=40|clock_delta_ms=8.78|c
lock_suspect=0
PMLE_LIVE_REPLAY_TIC|tic=2712|mle_ms=16.797|monotonic_ms=20|clock_delta_ms=3.203
|clock_suspect=0
PMLE_LIVE_REPLAY_TIC|tic=2713|mle_ms=155.269|monotonic_ms=160|clock_delta_ms=4.7
31|clock_suspect=0
PMLE_LIVE_REPLAY_TIC|tic=2714|mle_ms=29.618|monotonic_ms=30|clock_delta_ms=.382|
clock_suspect=0
PMLE_LIVE_REPLAY_TIC|tic=2715|mle_ms=16.336|monotonic_ms=10|clock_delta_ms=6.336
|clock_suspect=0
PMLE_LIVE_REPLAY_TIC|tic=2716|mle_ms=146.527|monotonic_ms=150|clock_delta_ms=3.4
73|clock_suspect=0
PMLE_LIVE_REPLAY_TIC|tic=2717|mle_ms=14.445|monotonic_ms=10|clock_delta_ms=4.445
|clock_suspect=0
PMLE_LIVE_REPLAY_TIC|tic=2718|mle_ms=15.26|monotonic_ms=20|clock_delta_ms=4.74|c
lock_suspect=0
PMLE_LIVE_REPLAY_TIC|tic=2719|mle_ms=142.032|monotonic_ms=140|clock_delta_ms=2.0
32|clock_suspect=0
PMLE_LIVE_REPLAY_TIC|tic=2720|mle_ms=12.727|monotonic_ms=10|clock_delta_ms=2.727
|clock_suspect=0
PMLE_LIVE_REPLAY_TIC|tic=2721|mle_ms=47.12|monotonic_ms=50|clock_delta_ms=2.88|c
lock_suspect=0
PMLE_LIVE_REPLAY_TIC|tic=2722|mle_ms=124.525|monotonic_ms=130|clock_delta_ms=5.4
75|clock_suspect=0
PMLE_LIVE_REPLAY_TIC|tic=2723|mle_ms=26.981|monotonic_ms=20|clock_delta_ms=6.981
|clock_suspect=0
PMLE_LIVE_REPLAY_TIC|tic=2724|mle_ms=25.402|monotonic_ms=30|clock_delta_ms=4.598
|clock_suspect=0
PMLE_LIVE_REPLAY_TIC|tic=2725|mle_ms=122.626|monotonic_ms=120|clock_delta_ms=2.6
26|clock_suspect=0
PMLE_LIVE_REPLAY_TIC|tic=2726|mle_ms=22.805|monotonic_ms=20|clock_delta_ms=2.805
|clock_suspect=0
PMLE_LIVE_REPLAY_TIC|tic=2727|mle_ms=8.949|monotonic_ms=10|clock_delta_ms=1.051|
clock_suspect=0
PMLE_LIVE_REPLAY_TIC|tic=2728|mle_ms=163.816|monotonic_ms=170|clock_delta_ms=6.1
84|clock_suspect=0
PMLE_LIVE_REPLAY_TIC|tic=2729|mle_ms=13.983|monotonic_ms=10|clock_delta_ms=3.983
|clock_suspect=0
PMLE_LIVE_REPLAY_TIC|tic=2730|mle_ms=12.545|monotonic_ms=10|clock_delta_ms=2.545
|clock_suspect=0
PMLE_LIVE_REPLAY_TIC|tic=2731|mle_ms=162.194|monotonic_ms=170|clock_delta_ms=7.8
06|clock_suspect=0
PMLE_LIVE_REPLAY_TIC|tic=2732|mle_ms=12.594|monotonic_ms=10|clock_delta_ms=2.594
|clock_suspect=0
PMLE_LIVE_REPLAY_TIC|tic=2733|mle_ms=27.771|monotonic_ms=30|clock_delta_ms=2.229
|clock_suspect=0
PMLE_LIVE_REPLAY_TIC|tic=2734|mle_ms=162.768|monotonic_ms=160|clock_delta_ms=2.7
68|clock_suspect=0
PMLE_LIVE_REPLAY_TIC|tic=2735|mle_ms=12.579|monotonic_ms=10|clock_delta_ms=2.579
|clock_suspect=0
PMLE_LIVE_REPLAY_TIC|tic=2736|mle_ms=28.918|monotonic_ms=30|clock_delta_ms=1.082
|clock_suspect=0
PMLE_LIVE_REPLAY_TIC|tic=2737|mle_ms=124.014|monotonic_ms=120|clock_delta_ms=4.0
14|clock_suspect=0
PMLE_LIVE_REPLAY_TIC|tic=2738|mle_ms=9.617|monotonic_ms=10|clock_delta_ms=.383|c
lock_suspect=0
PMLE_LIVE_REPLAY_TIC|tic=2739|mle_ms=11.788|monotonic_ms=20|clock_delta_ms=8.212
|clock_suspect=0
PMLE_LIVE_REPLAY_TIC|tic=2740|mle_ms=132.366|monotonic_ms=130|clock_delta_ms=2.3
66|clock_suspect=0
PMLE_LIVE_REPLAY_TIC|tic=2741|mle_ms=49.548|monotonic_ms=50|clock_delta_ms=.452|
clock_suspect=0
PMLE_LIVE_REPLAY_TIC|tic=2742|mle_ms=14.867|monotonic_ms=10|clock_delta_ms=4.867
|clock_suspect=0
PMLE_LIVE_REPLAY_TIC|tic=2743|mle_ms=154.297|monotonic_ms=160|clock_delta_ms=5.7
03|clock_suspect=0
PMLE_LIVE_REPLAY_TIC|tic=2744|mle_ms=19.446|monotonic_ms=20|clock_delta_ms=.554|
clock_suspect=0
PMLE_LIVE_REPLAY_TIC|tic=2745|mle_ms=12.253|monotonic_ms=10|clock_delta_ms=2.253
|clock_suspect=0
PMLE_LIVE_REPLAY_TIC|tic=2746|mle_ms=146.305|monotonic_ms=150|clock_delta_ms=3.6
95|clock_suspect=0
PMLE_LIVE_REPLAY_TIC|tic=2747|mle_ms=11.966|monotonic_ms=10|clock_delta_ms=1.966
|clock_suspect=0
PMLE_LIVE_REPLAY_TIC|tic=2748|mle_ms=13.246|monotonic_ms=10|clock_delta_ms=3.246
|clock_suspect=0
PMLE_LIVE_REPLAY_TIC|tic=2749|mle_ms=151.781|monotonic_ms=150|clock_delta_ms=1.7
81|clock_suspect=0
PMLE_LIVE_REPLAY_TIC|tic=2750|mle_ms=12.586|monotonic_ms=20|clock_delta_ms=7.414
|clock_suspect=0
PMLE_LIVE_REPLAY_TIC|tic=2751|mle_ms=43.349|monotonic_ms=40|clock_delta_ms=3.349
|clock_suspect=0
PMLE_LIVE_REPLAY_TIC|tic=2752|mle_ms=172.929|monotonic_ms=170|clock_delta_ms=2.9
29|clock_suspect=0
PMLE_LIVE_REPLAY_TIC|tic=2753|mle_ms=23.889|monotonic_ms=30|clock_delta_ms=6.111
|clock_suspect=0
PMLE_LIVE_REPLAY_TIC|tic=2754|mle_ms=22.566|monotonic_ms=20|clock_delta_ms=2.566
|clock_suspect=0
PMLE_LIVE_REPLAY_TIC|tic=2755|mle_ms=160.871|monotonic_ms=160|clock_delta_ms=.87
1|clock_suspect=0
PMLE_LIVE_REPLAY_TIC|tic=2756|mle_ms=24.377|monotonic_ms=20|clock_delta_ms=4.377
|clock_suspect=0
PMLE_LIVE_REPLAY_TIC|tic=2757|mle_ms=7.471|monotonic_ms=10|clock_delta_ms=2.529|
clock_suspect=0
PMLE_LIVE_REPLAY_TIC|tic=2758|mle_ms=179.946|monotonic_ms=180|clock_delta_ms=.05
4|clock_suspect=0
PMLE_LIVE_REPLAY_TIC|tic=2759|mle_ms=10.079|monotonic_ms=10|clock_delta_ms=.079|
clock_suspect=0
PMLE_LIVE_REPLAY_TIC|tic=2760|mle_ms=8.475|monotonic_ms=10|clock_delta_ms=1.525|
clock_suspect=0
PMLE_LIVE_REPLAY_TIC|tic=2761|mle_ms=202.48|monotonic_ms=200|clock_delta_ms=2.48
|clock_suspect=0
PMLE_LIVE_REPLAY_TIC|tic=2762|mle_ms=9.767|monotonic_ms=10|clock_delta_ms=.233|c
lock_suspect=0
PMLE_LIVE_REPLAY_TIC|tic=2763|mle_ms=24.88|monotonic_ms=30|clock_delta_ms=5.12|c
lock_suspect=0
PMLE_LIVE_REPLAY_TIC|tic=2764|mle_ms=142.503|monotonic_ms=140|clock_delta_ms=2.5
03|clock_suspect=0
PMLE_LIVE_REPLAY_TIC|tic=2765|mle_ms=8.394|monotonic_ms=10|clock_delta_ms=1.606|
clock_suspect=0
PMLE_LIVE_REPLAY_TIC|tic=2766|mle_ms=22.186|monotonic_ms=20|clock_delta_ms=2.186
|clock_suspect=0
PMLE_LIVE_REPLAY_TIC|tic=2767|mle_ms=137.482|monotonic_ms=140|clock_delta_ms=2.5
18|clock_suspect=0
PMLE_LIVE_REPLAY_TIC|tic=2768|mle_ms=8.376|monotonic_ms=10|clock_delta_ms=1.624|
clock_suspect=0
PMLE_LIVE_REPLAY_TIC|tic=2769|mle_ms=10.993|monotonic_ms=10|clock_delta_ms=.993|
clock_suspect=0
PMLE_LIVE_REPLAY_TIC|tic=2770|mle_ms=156.226|monotonic_ms=150|clock_delta_ms=6.2
26|clock_suspect=0
PMLE_LIVE_REPLAY_TIC|tic=2771|mle_ms=45.345|monotonic_ms=50|clock_delta_ms=4.655
|clock_suspect=0
PMLE_LIVE_REPLAY_TIC|tic=2772|mle_ms=11.854|monotonic_ms=10|clock_delta_ms=1.854
|clock_suspect=0
PMLE_LIVE_REPLAY_TIC|tic=2773|mle_ms=166.359|monotonic_ms=170|clock_delta_ms=3.6
41|clock_suspect=0
PMLE_LIVE_REPLAY_TIC|tic=2774|mle_ms=21.313|monotonic_ms=20|clock_delta_ms=1.313
|clock_suspect=0
PMLE_LIVE_REPLAY_TIC|tic=2775|mle_ms=9.026|monotonic_ms=10|clock_delta_ms=.974|c
lock_suspect=0
PMLE_LIVE_REPLAY_TIC|tic=2776|mle_ms=128.871|monotonic_ms=130|clock_delta_ms=1.1
29|clock_suspect=0
PMLE_LIVE_REPLAY_TIC|tic=2777|mle_ms=8.924|monotonic_ms=10|clock_delta_ms=1.076|
clock_suspect=0
PMLE_LIVE_REPLAY_TIC|tic=2778|mle_ms=10.053|monotonic_ms=10|clock_delta_ms=.053|
clock_suspect=0
PMLE_LIVE_REPLAY_TIC|tic=2779|mle_ms=146.788|monotonic_ms=140|clock_delta_ms=6.7
88|clock_suspect=0
PMLE_LIVE_REPLAY_TIC|tic=2780|mle_ms=8.16|monotonic_ms=10|clock_delta_ms=1.84|cl
ock_suspect=0
PMLE_LIVE_REPLAY_TIC|tic=2781|mle_ms=37.658|monotonic_ms=40|clock_delta_ms=2.342
|clock_suspect=0
PMLE_LIVE_REPLAY_TIC|tic=2782|mle_ms=121.089|monotonic_ms=120|clock_delta_ms=1.0
89|clock_suspect=0
PMLE_LIVE_REPLAY_TIC|tic=2783|mle_ms=21.922|monotonic_ms=20|clock_delta_ms=1.922
|clock_suspect=0
PMLE_LIVE_REPLAY_TIC|tic=2784|mle_ms=17.834|monotonic_ms=20|clock_delta_ms=2.166
|clock_suspect=0
PMLE_LIVE_REPLAY_TIC|tic=2785|mle_ms=119.822|monotonic_ms=120|clock_delta_ms=.17
8|clock_suspect=0
PMLE_LIVE_REPLAY_TIC|tic=2786|mle_ms=27.979|monotonic_ms=30|clock_delta_ms=2.021
|clock_suspect=0
PMLE_LIVE_REPLAY_TIC|tic=2787|mle_ms=9.61|monotonic_ms=10|clock_delta_ms=.39|clo
ck_suspect=0
PMLE_LIVE_REPLAY_TIC|tic=2788|mle_ms=197.132|monotonic_ms=200|clock_delta_ms=2.8
68|clock_suspect=0
PMLE_LIVE_REPLAY_TIC|tic=2789|mle_ms=13.71|monotonic_ms=10|clock_delta_ms=3.71|c
lock_suspect=0
PMLE_LIVE_REPLAY_TIC|tic=2790|mle_ms=11.227|monotonic_ms=10|clock_delta_ms=1.227
|clock_suspect=0
PMLE_LIVE_REPLAY_TIC|tic=2791|mle_ms=178.953|monotonic_ms=180|clock_delta_ms=1.0
47|clock_suspect=0
PMLE_LIVE_REPLAY_TIC|tic=2792|mle_ms=10.472|monotonic_ms=10|clock_delta_ms=.472|
clock_suspect=0
PMLE_LIVE_REPLAY_TIC|tic=2793|mle_ms=25.642|monotonic_ms=30|clock_delta_ms=4.358
|clock_suspect=0
PMLE_LIVE_REPLAY_TIC|tic=2794|mle_ms=145.422|monotonic_ms=140|clock_delta_ms=5.4
22|clock_suspect=0
PMLE_LIVE_REPLAY_TIC|tic=2795|mle_ms=9.783|monotonic_ms=10|clock_delta_ms=.217|c
lock_suspect=0
PMLE_LIVE_REPLAY_TIC|tic=2796|mle_ms=26.509|monotonic_ms=30|clock_delta_ms=3.491
|clock_suspect=0
PMLE_LIVE_REPLAY_TIC|tic=2797|mle_ms=158.549|monotonic_ms=160|clock_delta_ms=1.4
51|clock_suspect=0
PMLE_LIVE_REPLAY_TIC|tic=2798|mle_ms=11.552|monotonic_ms=10|clock_delta_ms=1.552
|clock_suspect=0
PMLE_LIVE_REPLAY_TIC|tic=2799|mle_ms=11.299|monotonic_ms=10|clock_delta_ms=1.299
|clock_suspect=0
PMLE_LIVE_REPLAY_TIC|tic=2800|mle_ms=154.751|monotonic_ms=150|clock_delta_ms=4.7
51|clock_suspect=0
PMLE_LIVE_REPLAY_TIC|tic=2801|mle_ms=42.382|monotonic_ms=40|clock_delta_ms=2.382
|clock_suspect=0
PMLE_LIVE_REPLAY_TIC|tic=2802|mle_ms=12.679|monotonic_ms=20|clock_delta_ms=7.321
|clock_suspect=0
PMLE_LIVE_REPLAY_TIC|tic=2803|mle_ms=167.294|monotonic_ms=170|clock_delta_ms=2.7
06|clock_suspect=0
PMLE_LIVE_REPLAY_TIC|tic=2804|mle_ms=18.629|monotonic_ms=10|clock_delta_ms=8.629
|clock_suspect=0
PMLE_LIVE_REPLAY_TIC|tic=2805|mle_ms=9.133|monotonic_ms=10|clock_delta_ms=.867|c
lock_suspect=0
PMLE_LIVE_REPLAY_TIC|tic=2806|mle_ms=130.939|monotonic_ms=130|clock_delta_ms=.93
9|clock_suspect=0
PMLE_LIVE_REPLAY_TIC|tic=2807|mle_ms=7.641|monotonic_ms=10|clock_delta_ms=2.359|
clock_suspect=0
PMLE_LIVE_REPLAY_TIC|tic=2808|mle_ms=9.15|monotonic_ms=10|clock_delta_ms=.85|clo
ck_suspect=0
PMLE_LIVE_REPLAY_TIC|tic=2809|mle_ms=156.318|monotonic_ms=160|clock_delta_ms=3.6
82|clock_suspect=0
PMLE_LIVE_REPLAY_TIC|tic=2810|mle_ms=9.806|monotonic_ms=10|clock_delta_ms=.194|c
lock_suspect=0
PMLE_LIVE_REPLAY_TIC|tic=2811|mle_ms=40.134|monotonic_ms=40|clock_delta_ms=.134|
clock_suspect=0
PMLE_LIVE_REPLAY_TIC|tic=2812|mle_ms=130.691|monotonic_ms=130|clock_delta_ms=.69
1|clock_suspect=0
PMLE_LIVE_REPLAY_TIC|tic=2813|mle_ms=21.668|monotonic_ms=20|clock_delta_ms=1.668
|clock_suspect=0
PMLE_LIVE_REPLAY_TIC|tic=2814|mle_ms=18.073|monotonic_ms=20|clock_delta_ms=1.927
|clock_suspect=0
PMLE_LIVE_REPLAY_TIC|tic=2815|mle_ms=131.206|monotonic_ms=130|clock_delta_ms=1.2
06|clock_suspect=0
PMLE_LIVE_REPLAY_TIC|tic=2816|mle_ms=21.741|monotonic_ms=20|clock_delta_ms=1.741
|clock_suspect=0
PMLE_LIVE_REPLAY_TIC|tic=2817|mle_ms=8.375|monotonic_ms=10|clock_delta_ms=1.625|
clock_suspect=0
PMLE_LIVE_REPLAY_TIC|tic=2818|mle_ms=123.357|monotonic_ms=120|clock_delta_ms=3.3
57|clock_suspect=0
PMLE_LIVE_REPLAY_TIC|tic=2819|mle_ms=13.024|monotonic_ms=20|clock_delta_ms=6.976
|clock_suspect=0
PMLE_LIVE_REPLAY_TIC|tic=2820|mle_ms=10.678|monotonic_ms=10|clock_delta_ms=.678|
clock_suspect=0
PMLE_LIVE_REPLAY_TIC|tic=2821|mle_ms=157.269|monotonic_ms=150|clock_delta_ms=7.2
69|clock_suspect=0
PMLE_LIVE_REPLAY_TIC|tic=2822|mle_ms=10.717|monotonic_ms=20|clock_delta_ms=9.283
|clock_suspect=0
PMLE_LIVE_REPLAY_TIC|tic=2823|mle_ms=24.158|monotonic_ms=20|clock_delta_ms=4.158
|clock_suspect=0
PMLE_LIVE_REPLAY_TIC|tic=2824|mle_ms=142.638|monotonic_ms=140|clock_delta_ms=2.6
38|clock_suspect=0
PMLE_LIVE_REPLAY_TIC|tic=2825|mle_ms=9.449|monotonic_ms=10|clock_delta_ms=.551|c
lock_suspect=0
PMLE_LIVE_REPLAY_TIC|tic=2826|mle_ms=26.559|monotonic_ms=30|clock_delta_ms=3.441
|clock_suspect=0
PMLE_LIVE_REPLAY_TIC|tic=2827|mle_ms=160.847|monotonic_ms=160|clock_delta_ms=.84
7|clock_suspect=0
PMLE_LIVE_REPLAY_TIC|tic=2828|mle_ms=10.52|monotonic_ms=10|clock_delta_ms=.52|cl
ock_suspect=0
PMLE_LIVE_REPLAY_TIC|tic=2829|mle_ms=11.727|monotonic_ms=10|clock_delta_ms=1.727
|clock_suspect=0
PMLE_LIVE_REPLAY_TIC|tic=2830|mle_ms=122.871|monotonic_ms=130|clock_delta_ms=7.1
29|clock_suspect=0
PMLE_LIVE_REPLAY_TIC|tic=2831|mle_ms=37.036|monotonic_ms=30|clock_delta_ms=7.036
|clock_suspect=0
PMLE_LIVE_REPLAY_TIC|tic=2832|mle_ms=9.817|monotonic_ms=10|clock_delta_ms=.183|c
lock_suspect=0
PMLE_LIVE_REPLAY_TIC|tic=2833|mle_ms=134.863|monotonic_ms=140|clock_delta_ms=5.1
37|clock_suspect=0
PMLE_LIVE_REPLAY_TIC|tic=2834|mle_ms=16.899|monotonic_ms=10|clock_delta_ms=6.899
|clock_suspect=0
PMLE_LIVE_REPLAY_TIC|tic=2835|mle_ms=9.804|monotonic_ms=10|clock_delta_ms=.196|c
lock_suspect=0
PMLE_LIVE_REPLAY_TIC|tic=2836|mle_ms=139.422|monotonic_ms=140|clock_delta_ms=.57
8|clock_suspect=0
PMLE_LIVE_REPLAY_TIC|tic=2837|mle_ms=7.966|monotonic_ms=10|clock_delta_ms=2.034|
clock_suspect=0
PMLE_LIVE_REPLAY_TIC|tic=2838|mle_ms=9.194|monotonic_ms=10|clock_delta_ms=.806|c
lock_suspect=0
PMLE_LIVE_REPLAY_TIC|tic=2839|mle_ms=130.932|monotonic_ms=130|clock_delta_ms=.93
2|clock_suspect=0
PMLE_LIVE_REPLAY_TIC|tic=2840|mle_ms=8.87|monotonic_ms=10|clock_delta_ms=1.13|cl
ock_suspect=0
PMLE_LIVE_REPLAY_TIC|tic=2841|mle_ms=39.097|monotonic_ms=40|clock_delta_ms=.903|
clock_suspect=0
PMLE_LIVE_REPLAY_TIC|tic=2842|mle_ms=158.606|monotonic_ms=160|clock_delta_ms=1.3
94|clock_suspect=0
PMLE_LIVE_REPLAY_TIC|tic=2843|mle_ms=22.82|monotonic_ms=20|clock_delta_ms=2.82|c
lock_suspect=0
PMLE_LIVE_REPLAY_TIC|tic=2844|mle_ms=17.605|monotonic_ms=20|clock_delta_ms=2.395
|clock_suspect=0
PMLE_LIVE_REPLAY_TIC|tic=2845|mle_ms=132.35|monotonic_ms=130|clock_delta_ms=2.35
|clock_suspect=0
PMLE_LIVE_REPLAY_TIC|tic=2846|mle_ms=25.481|monotonic_ms=30|clock_delta_ms=4.519
|clock_suspect=0
PMLE_LIVE_REPLAY_TIC|tic=2847|mle_ms=8.941|monotonic_ms=10|clock_delta_ms=1.059|
clock_suspect=0
PMLE_LIVE_REPLAY_TIC|tic=2848|mle_ms=116.576|monotonic_ms=110|clock_delta_ms=6.5
76|clock_suspect=0
PMLE_LIVE_REPLAY_TIC|tic=2849|mle_ms=10.001|monotonic_ms=10|clock_delta_ms=.001|
clock_suspect=0
PMLE_LIVE_REPLAY_TIC|tic=2850|mle_ms=8.935|monotonic_ms=10|clock_delta_ms=1.065|
clock_suspect=0
PMLE_LIVE_REPLAY_TIC|tic=2851|mle_ms=146.038|monotonic_ms=150|clock_delta_ms=3.9
62|clock_suspect=0
PMLE_LIVE_REPLAY_TIC|tic=2852|mle_ms=8.867|monotonic_ms=10|clock_delta_ms=1.133|
clock_suspect=0
PMLE_LIVE_REPLAY_TIC|tic=2853|mle_ms=21.776|monotonic_ms=20|clock_delta_ms=1.776
|clock_suspect=0
PMLE_LIVE_REPLAY_TIC|tic=2854|mle_ms=142.843|monotonic_ms=140|clock_delta_ms=2.8
43|clock_suspect=0
PMLE_LIVE_REPLAY_TIC|tic=2855|mle_ms=10.345|monotonic_ms=10|clock_delta_ms=.345|
clock_suspect=0
PMLE_LIVE_REPLAY_TIC|tic=2856|mle_ms=25.634|monotonic_ms=30|clock_delta_ms=4.366
|clock_suspect=0
PMLE_LIVE_REPLAY_TIC|tic=2857|mle_ms=119.221|monotonic_ms=120|clock_delta_ms=.77
9|clock_suspect=0
PMLE_LIVE_REPLAY_TIC|tic=2858|mle_ms=8.736|monotonic_ms=10|clock_delta_ms=1.264|
clock_suspect=0
PMLE_LIVE_REPLAY_TIC|tic=2859|mle_ms=9.679|monotonic_ms=10|clock_delta_ms=.321|c
lock_suspect=0
PMLE_LIVE_REPLAY_TIC|tic=2860|mle_ms=116.596|monotonic_ms=110|clock_delta_ms=6.5
96|clock_suspect=0
PMLE_LIVE_REPLAY_TIC|tic=2861|mle_ms=41.09|monotonic_ms=40|clock_delta_ms=1.09|c
lock_suspect=0
PMLE_LIVE_REPLAY_TIC|tic=2862|mle_ms=9.215|monotonic_ms=10|clock_delta_ms=.785|c
lock_suspect=0
PMLE_LIVE_REPLAY_TIC|tic=2863|mle_ms=155.623|monotonic_ms=160|clock_delta_ms=4.3
77|clock_suspect=0
PMLE_LIVE_REPLAY_TIC|tic=2864|mle_ms=18.495|monotonic_ms=20|clock_delta_ms=1.505
|clock_suspect=0
PMLE_LIVE_REPLAY_TIC|tic=2865|mle_ms=9.166|monotonic_ms=10|clock_delta_ms=.834|c
lock_suspect=0
PMLE_LIVE_REPLAY_TIC|tic=2866|mle_ms=15.701|monotonic_ms=130|clock_delta_ms=114.
299|clock_suspect=1
PMLE_LIVE_REPLAY_TIC|tic=2867|mle_ms=7.731|monotonic_ms=10|clock_delta_ms=2.269|
clock_suspect=0
PMLE_LIVE_REPLAY_TIC|tic=2868|mle_ms=8.444|monotonic_ms=10|clock_delta_ms=1.556|
clock_suspect=0
PMLE_LIVE_REPLAY_TIC|tic=2869|mle_ms=133.685|monotonic_ms=130|clock_delta_ms=3.6
85|clock_suspect=0
PMLE_LIVE_REPLAY_TIC|tic=2870|mle_ms=10.683|monotonic_ms=10|clock_delta_ms=.683|
clock_suspect=0
PMLE_LIVE_REPLAY_TIC|tic=2871|mle_ms=46.859|monotonic_ms=50|clock_delta_ms=3.141
|clock_suspect=0
PMLE_LIVE_REPLAY_TIC|tic=2872|mle_ms=156.377|monotonic_ms=150|clock_delta_ms=6.3
77|clock_suspect=0
PMLE_LIVE_REPLAY_TIC|tic=2873|mle_ms=26.701|monotonic_ms=30|clock_delta_ms=3.299
|clock_suspect=0
PMLE_LIVE_REPLAY_TIC|tic=2874|mle_ms=21.355|monotonic_ms=20|clock_delta_ms=1.355
|clock_suspect=0
PMLE_LIVE_REPLAY_TIC|tic=2875|mle_ms=128.773|monotonic_ms=130|clock_delta_ms=1.2
27|clock_suspect=0
PMLE_LIVE_REPLAY_TIC|tic=2876|mle_ms=22.889|monotonic_ms=20|clock_delta_ms=2.889
|clock_suspect=0
PMLE_LIVE_REPLAY_TIC|tic=2877|mle_ms=9.16|monotonic_ms=10|clock_delta_ms=.84|clo
ck_suspect=0
PMLE_LIVE_REPLAY_TIC|tic=2878|mle_ms=156.831|monotonic_ms=160|clock_delta_ms=3.1
69|clock_suspect=0
PMLE_LIVE_REPLAY_TIC|tic=2879|mle_ms=12.581|monotonic_ms=10|clock_delta_ms=2.581
|clock_suspect=0
PMLE_LIVE_REPLAY_TIC|tic=2880|mle_ms=12.152|monotonic_ms=20|clock_delta_ms=7.848
|clock_suspect=0
PMLE_LIVE_REPLAY_TIC|tic=2881|mle_ms=211.535|monotonic_ms=210|clock_delta_ms=1.5
35|clock_suspect=0
PMLE_LIVE_REPLAY_TIC|tic=2882|mle_ms=11.027|monotonic_ms=10|clock_delta_ms=1.027
|clock_suspect=0
PMLE_LIVE_REPLAY_TIC|tic=2883|mle_ms=25.233|monotonic_ms=20|clock_delta_ms=5.233
|clock_suspect=0
PMLE_LIVE_REPLAY_TIC|tic=2884|mle_ms=159.672|monotonic_ms=160|clock_delta_ms=.32
8|clock_suspect=0
PMLE_LIVE_REPLAY_TIC|tic=2885|mle_ms=9.985|monotonic_ms=10|clock_delta_ms=.015|c
lock_suspect=0
PMLE_LIVE_REPLAY_TIC|tic=2886|mle_ms=25.632|monotonic_ms=30|clock_delta_ms=4.368
|clock_suspect=0
PMLE_LIVE_REPLAY_TIC|tic=2887|mle_ms=121.985|monotonic_ms=120|clock_delta_ms=1.9
85|clock_suspect=0
PMLE_LIVE_REPLAY_TIC|tic=2888|mle_ms=9.894|monotonic_ms=10|clock_delta_ms=.106|c
lock_suspect=0
PMLE_LIVE_REPLAY_TIC|tic=2889|mle_ms=11.161|monotonic_ms=10|clock_delta_ms=1.161
|clock_suspect=0
PMLE_LIVE_REPLAY_TIC|tic=2890|mle_ms=118.632|monotonic_ms=120|clock_delta_ms=1.3
68|clock_suspect=0
PMLE_LIVE_REPLAY_TIC|tic=2891|mle_ms=41.02|monotonic_ms=40|clock_delta_ms=1.02|c
lock_suspect=0
PMLE_LIVE_REPLAY_TIC|tic=2892|mle_ms=9.784|monotonic_ms=10|clock_delta_ms=.216|c
lock_suspect=0
PMLE_LIVE_REPLAY_TIC|tic=2893|mle_ms=144.182|monotonic_ms=150|clock_delta_ms=5.8
18|clock_suspect=0
PMLE_LIVE_REPLAY_TIC|tic=2894|mle_ms=21.548|monotonic_ms=20|clock_delta_ms=1.548
|clock_suspect=0
PMLE_LIVE_REPLAY_TIC|tic=2895|mle_ms=8.84|monotonic_ms=10|clock_delta_ms=1.16|cl
ock_suspect=0
PMLE_LIVE_REPLAY_TIC|tic=2896|mle_ms=132.477|monotonic_ms=130|clock_delta_ms=2.4
77|clock_suspect=0
PMLE_LIVE_REPLAY_TIC|tic=2897|mle_ms=9.378|monotonic_ms=10|clock_delta_ms=.622|c
lock_suspect=0
PMLE_LIVE_REPLAY_TIC|tic=2898|mle_ms=10.826|monotonic_ms=10|clock_delta_ms=.826|
clock_suspect=0
PMLE_LIVE_REPLAY_TIC|tic=2899|mle_ms=139.494|monotonic_ms=140|clock_delta_ms=.50
6|clock_suspect=0
PMLE_LIVE_REPLAY_TIC|tic=2900|mle_ms=9.74|monotonic_ms=10|clock_delta_ms=.26|clo
ck_suspect=0
PMLE_LIVE_REPLAY_TIC|tic=2901|mle_ms=37.659|monotonic_ms=40|clock_delta_ms=2.341
|clock_suspect=0
PMLE_LIVE_REPLAY_TIC|tic=2902|mle_ms=130.151|monotonic_ms=130|clock_delta_ms=.15
1|clock_suspect=0
PMLE_LIVE_REPLAY_TIC|tic=2903|mle_ms=26.555|monotonic_ms=20|clock_delta_ms=6.555
|clock_suspect=0
PMLE_LIVE_REPLAY_TIC|tic=2904|mle_ms=18.902|monotonic_ms=20|clock_delta_ms=1.098
|clock_suspect=0
PMLE_LIVE_REPLAY_TIC|tic=2905|mle_ms=120.105|monotonic_ms=120|clock_delta_ms=.10
5|clock_suspect=0
PMLE_LIVE_REPLAY_TIC|tic=2906|mle_ms=24.249|monotonic_ms=30|clock_delta_ms=5.751
|clock_suspect=0
PMLE_LIVE_REPLAY_TIC|tic=2907|mle_ms=9.34|monotonic_ms=10|clock_delta_ms=.66|clo
ck_suspect=0
PMLE_LIVE_REPLAY_TIC|tic=2908|mle_ms=115.035|monotonic_ms=110|clock_delta_ms=5.0
35|clock_suspect=0
PMLE_LIVE_REPLAY_TIC|tic=2909|mle_ms=10.308|monotonic_ms=10|clock_delta_ms=.308|
clock_suspect=0
PMLE_LIVE_REPLAY_TIC|tic=2910|mle_ms=8.53|monotonic_ms=10|clock_delta_ms=1.47|cl
ock_suspect=0
PMLE_LIVE_REPLAY_TIC|tic=2911|mle_ms=144.351|monotonic_ms=140|clock_delta_ms=4.3
51|clock_suspect=0
PMLE_LIVE_REPLAY_TIC|tic=2912|mle_ms=9.636|monotonic_ms=10|clock_delta_ms=.364|c
lock_suspect=0
PMLE_LIVE_REPLAY_TIC|tic=2913|mle_ms=24.261|monotonic_ms=30|clock_delta_ms=5.739
|clock_suspect=0
PMLE_LIVE_REPLAY_TIC|tic=2914|mle_ms=129.255|monotonic_ms=130|clock_delta_ms=.74
5|clock_suspect=0
PMLE_LIVE_REPLAY_TIC|tic=2915|mle_ms=10.576|monotonic_ms=10|clock_delta_ms=.576|
clock_suspect=0
PMLE_LIVE_REPLAY_TIC|tic=2916|mle_ms=27.446|monotonic_ms=30|clock_delta_ms=2.554
|clock_suspect=0
PMLE_LIVE_REPLAY_TIC|tic=2917|mle_ms=150.001|monotonic_ms=150|clock_delta_ms=.00
1|clock_suspect=0
PMLE_LIVE_REPLAY_TIC|tic=2918|mle_ms=7.861|monotonic_ms=0|clock_delta_ms=7.861|c
lock_suspect=0
PMLE_LIVE_REPLAY_TIC|tic=2919|mle_ms=10.05|monotonic_ms=10|clock_delta_ms=.05|cl
ock_suspect=0
PMLE_LIVE_REPLAY_TIC|tic=2920|mle_ms=134.343|monotonic_ms=140|clock_delta_ms=5.6
57|clock_suspect=0
PMLE_LIVE_REPLAY_TIC|tic=2921|mle_ms=39.426|monotonic_ms=40|clock_delta_ms=.574|
clock_suspect=0
PMLE_LIVE_REPLAY_TIC|tic=2922|mle_ms=10.754|monotonic_ms=10|clock_delta_ms=.754|
clock_suspect=0
PMLE_LIVE_REPLAY_TIC|tic=2923|mle_ms=161.393|monotonic_ms=160|clock_delta_ms=1.3
93|clock_suspect=0
PMLE_LIVE_REPLAY_TIC|tic=2924|mle_ms=20.848|monotonic_ms=20|clock_delta_ms=.848|
clock_suspect=0
PMLE_LIVE_REPLAY_TIC|tic=2925|mle_ms=9.606|monotonic_ms=10|clock_delta_ms=.394|c
lock_suspect=0
PMLE_LIVE_REPLAY_TIC|tic=2926|mle_ms=130.16|monotonic_ms=130|clock_delta_ms=.16|
clock_suspect=0
PMLE_LIVE_REPLAY_TIC|tic=2927|mle_ms=8.351|monotonic_ms=10|clock_delta_ms=1.649|
clock_suspect=0
PMLE_LIVE_REPLAY_TIC|tic=2928|mle_ms=8.392|monotonic_ms=10|clock_delta_ms=1.608|
clock_suspect=0
PMLE_LIVE_REPLAY_TIC|tic=2929|mle_ms=121.172|monotonic_ms=120|clock_delta_ms=1.1
72|clock_suspect=0
PMLE_LIVE_REPLAY_TIC|tic=2930|mle_ms=8.693|monotonic_ms=10|clock_delta_ms=1.307|
clock_suspect=0
PMLE_LIVE_REPLAY_TIC|tic=2931|mle_ms=41.106|monotonic_ms=40|clock_delta_ms=1.106
|clock_suspect=0
PMLE_LIVE_REPLAY_TIC|tic=2932|mle_ms=118.846|monotonic_ms=120|clock_delta_ms=1.1
54|clock_suspect=0
PMLE_LIVE_REPLAY_TIC|tic=2933|mle_ms=26.889|monotonic_ms=30|clock_delta_ms=3.111
|clock_suspect=0
PMLE_LIVE_REPLAY_TIC|tic=2934|mle_ms=20.953|monotonic_ms=20|clock_delta_ms=.953|
clock_suspect=0
PMLE_LIVE_REPLAY_TIC|tic=2935|mle_ms=150.912|monotonic_ms=150|clock_delta_ms=.91
2|clock_suspect=0
PMLE_LIVE_REPLAY_TIC|tic=2936|mle_ms=21.474|monotonic_ms=20|clock_delta_ms=1.474
|clock_suspect=0
PMLE_LIVE_REPLAY_TIC|tic=2937|mle_ms=8.106|monotonic_ms=10|clock_delta_ms=1.894|
clock_suspect=0
PMLE_LIVE_REPLAY_TIC|tic=2938|mle_ms=111.89|monotonic_ms=110|clock_delta_ms=1.89
|clock_suspect=0
PMLE_LIVE_REPLAY_TIC|tic=2939|mle_ms=13.959|monotonic_ms=10|clock_delta_ms=3.959
|clock_suspect=0
PMLE_LIVE_REPLAY_TIC|tic=2940|mle_ms=10.551|monotonic_ms=10|clock_delta_ms=.551|
clock_suspect=0
PMLE_LIVE_REPLAY_TIC|tic=2941|mle_ms=165.29|monotonic_ms=170|clock_delta_ms=4.71
|clock_suspect=0
PMLE_LIVE_REPLAY_TIC|tic=2942|mle_ms=11.039|monotonic_ms=10|clock_delta_ms=1.039
|clock_suspect=0
PMLE_LIVE_REPLAY_TIC|tic=2943|mle_ms=25.156|monotonic_ms=30|clock_delta_ms=4.844
|clock_suspect=0
PMLE_LIVE_REPLAY_TIC|tic=2944|mle_ms=152.212|monotonic_ms=150|clock_delta_ms=2.2
12|clock_suspect=0
PMLE_LIVE_REPLAY_TIC|tic=2945|mle_ms=8.668|monotonic_ms=10|clock_delta_ms=1.332|
clock_suspect=0
PMLE_LIVE_REPLAY_TIC|tic=2946|mle_ms=22.885|monotonic_ms=20|clock_delta_ms=2.885
|clock_suspect=0
PMLE_LIVE_REPLAY_TIC|tic=2947|mle_ms=144.232|monotonic_ms=140|clock_delta_ms=4.2
32|clock_suspect=0
PMLE_LIVE_REPLAY_TIC|tic=2948|mle_ms=8.241|monotonic_ms=10|clock_delta_ms=1.759|
clock_suspect=0
PMLE_LIVE_REPLAY_TIC|tic=2949|mle_ms=9.822|monotonic_ms=10|clock_delta_ms=.178|c
lock_suspect=0
PMLE_LIVE_REPLAY_TIC|tic=2950|mle_ms=138.32|monotonic_ms=140|clock_delta_ms=1.68
|clock_suspect=0
PMLE_LIVE_REPLAY_TIC|tic=2951|mle_ms=45.833|monotonic_ms=50|clock_delta_ms=4.167
|clock_suspect=0
PMLE_LIVE_REPLAY_TIC|tic=2952|mle_ms=10.38|monotonic_ms=10|clock_delta_ms=.38|cl
ock_suspect=0
PMLE_LIVE_REPLAY_TIC|tic=2953|mle_ms=136.926|monotonic_ms=130|clock_delta_ms=6.9
26|clock_suspect=0
PMLE_LIVE_REPLAY_TIC|tic=2954|mle_ms=18.422|monotonic_ms=20|clock_delta_ms=1.578
|clock_suspect=0
PMLE_LIVE_REPLAY_TIC|tic=2955|mle_ms=8.334|monotonic_ms=10|clock_delta_ms=1.666|
clock_suspect=0
PMLE_LIVE_REPLAY_TIC|tic=2956|mle_ms=141.854|monotonic_ms=140|clock_delta_ms=1.8
54|clock_suspect=0
PMLE_LIVE_REPLAY_TIC|tic=2957|mle_ms=9.633|monotonic_ms=10|clock_delta_ms=.367|c
lock_suspect=0
PMLE_LIVE_REPLAY_TIC|tic=2958|mle_ms=10.048|monotonic_ms=10|clock_delta_ms=.048|
clock_suspect=0
PMLE_LIVE_REPLAY_TIC|tic=2959|mle_ms=127.068|monotonic_ms=130|clock_delta_ms=2.9
32|clock_suspect=0
PMLE_LIVE_REPLAY_TIC|tic=2960|mle_ms=8.861|monotonic_ms=10|clock_delta_ms=1.139|
clock_suspect=0
PMLE_LIVE_REPLAY_TIC|tic=2961|mle_ms=43.426|monotonic_ms=40|clock_delta_ms=3.426
|clock_suspect=0
PMLE_LIVE_REPLAY_TIC|tic=2962|mle_ms=121.452|monotonic_ms=120|clock_delta_ms=1.4
52|clock_suspect=0
PMLE_LIVE_REPLAY_TIC|tic=2963|mle_ms=21.738|monotonic_ms=30|clock_delta_ms=8.262
|clock_suspect=0
PMLE_LIVE_REPLAY_TIC|tic=2964|mle_ms=19.066|monotonic_ms=10|clock_delta_ms=9.066
|clock_suspect=0
PMLE_LIVE_REPLAY_TIC|tic=2965|mle_ms=121.605|monotonic_ms=130|clock_delta_ms=8.3
95|clock_suspect=0
PMLE_LIVE_REPLAY_TIC|tic=2966|mle_ms=24.86|monotonic_ms=20|clock_delta_ms=4.86|c
lock_suspect=0
PMLE_LIVE_REPLAY_TIC|tic=2967|mle_ms=9.061|monotonic_ms=10|clock_delta_ms=.939|c
lock_suspect=0
PMLE_LIVE_REPLAY_TIC|tic=2968|mle_ms=121.523|monotonic_ms=120|clock_delta_ms=1.5
23|clock_suspect=0
PMLE_LIVE_REPLAY_TIC|tic=2969|mle_ms=12.729|monotonic_ms=10|clock_delta_ms=2.729
|clock_suspect=0
PMLE_LIVE_REPLAY_TIC|tic=2970|mle_ms=10.795|monotonic_ms=20|clock_delta_ms=9.205
|clock_suspect=0
PMLE_LIVE_REPLAY_TIC|tic=2971|mle_ms=163.801|monotonic_ms=160|clock_delta_ms=3.8
01|clock_suspect=0
PMLE_LIVE_REPLAY_TIC|tic=2972|mle_ms=12.679|monotonic_ms=10|clock_delta_ms=2.679
|clock_suspect=0
PMLE_LIVE_REPLAY_TIC|tic=2973|mle_ms=29.872|monotonic_ms=30|clock_delta_ms=.128|
clock_suspect=0
PMLE_LIVE_REPLAY_TIC|tic=2974|mle_ms=153.034|monotonic_ms=160|clock_delta_ms=6.9
66|clock_suspect=0
PMLE_LIVE_REPLAY_TIC|tic=2975|mle_ms=10.632|monotonic_ms=10|clock_delta_ms=.632|
clock_suspect=0
PMLE_LIVE_REPLAY_TIC|tic=2976|mle_ms=30.012|monotonic_ms=30|clock_delta_ms=.012|
clock_suspect=0
PMLE_LIVE_REPLAY_TIC|tic=2977|mle_ms=142.202|monotonic_ms=140|clock_delta_ms=2.2
02|clock_suspect=0
PMLE_LIVE_REPLAY_TIC|tic=2978|mle_ms=9.243|monotonic_ms=10|clock_delta_ms=.757|c
lock_suspect=0
PMLE_LIVE_REPLAY_TIC|tic=2979|mle_ms=9.769|monotonic_ms=10|clock_delta_ms=.231|c
lock_suspect=0
PMLE_LIVE_REPLAY_TIC|tic=2980|mle_ms=168.008|monotonic_ms=170|clock_delta_ms=1.9
92|clock_suspect=0
PMLE_LIVE_REPLAY_TIC|tic=2981|mle_ms=37.615|monotonic_ms=30|clock_delta_ms=7.615
|clock_suspect=0
PMLE_LIVE_REPLAY_TIC|tic=2982|mle_ms=10.475|monotonic_ms=10|clock_delta_ms=.475|
clock_suspect=0
PMLE_LIVE_REPLAY_TIC|tic=2983|mle_ms=127.5|monotonic_ms=130|clock_delta_ms=2.5|c
lock_suspect=0
PMLE_LIVE_REPLAY_TIC|tic=2984|mle_ms=22.8|monotonic_ms=20|clock_delta_ms=2.8|clo
ck_suspect=0
PMLE_LIVE_REPLAY_TIC|tic=2985|mle_ms=14.097|monotonic_ms=20|clock_delta_ms=5.903
|clock_suspect=0
PMLE_LIVE_REPLAY_TIC|tic=2986|mle_ms=173.832|monotonic_ms=170|clock_delta_ms=3.8
32|clock_suspect=0
PMLE_LIVE_REPLAY_TIC|tic=2987|mle_ms=9.342|monotonic_ms=10|clock_delta_ms=.658|c
lock_suspect=0
PMLE_LIVE_REPLAY_TIC|tic=2988|mle_ms=9.204|monotonic_ms=10|clock_delta_ms=.796|c
lock_suspect=0
PMLE_LIVE_REPLAY_TIC|tic=2989|mle_ms=119.655|monotonic_ms=120|clock_delta_ms=.34
5|clock_suspect=0
PMLE_LIVE_REPLAY_TIC|tic=2990|mle_ms=8.369|monotonic_ms=10|clock_delta_ms=1.631|
clock_suspect=0
PMLE_LIVE_REPLAY_TIC|tic=2991|mle_ms=41.111|monotonic_ms=40|clock_delta_ms=1.111
|clock_suspect=0
PMLE_LIVE_REPLAY_TIC|tic=2992|mle_ms=139.16|monotonic_ms=140|clock_delta_ms=.84|
clock_suspect=0
PMLE_LIVE_REPLAY_TIC|tic=2993|mle_ms=27.413|monotonic_ms=30|clock_delta_ms=2.587
|clock_suspect=0
PMLE_LIVE_REPLAY_TIC|tic=2994|mle_ms=20.879|monotonic_ms=20|clock_delta_ms=.879|
clock_suspect=0
PMLE_LIVE_REPLAY_TIC|tic=2995|mle_ms=137.265|monotonic_ms=140|clock_delta_ms=2.7
35|clock_suspect=0
PMLE_LIVE_REPLAY_TIC|tic=2996|mle_ms=21.87|monotonic_ms=20|clock_delta_ms=1.87|c
lock_suspect=0
PMLE_LIVE_REPLAY_TIC|tic=2997|mle_ms=7.324|monotonic_ms=10|clock_delta_ms=2.676|
clock_suspect=0
PMLE_LIVE_REPLAY_TIC|tic=2998|mle_ms=142.354|monotonic_ms=140|clock_delta_ms=2.3
54|clock_suspect=0
PMLE_LIVE_REPLAY_TIC|tic=2999|mle_ms=11.482|monotonic_ms=10|clock_delta_ms=1.482
|clock_suspect=0
PMLE_LIVE_REPLAY_TIC|tic=3000|mle_ms=10.413|monotonic_ms=10|clock_delta_ms=.413|
clock_suspect=0
PMLE_LIVE_REPLAY_TIC|tic=3001|mle_ms=167.592|monotonic_ms=170|clock_delta_ms=2.4
08|clock_suspect=0
PMLE_LIVE_REPLAY_TIC|tic=3002|mle_ms=10.338|monotonic_ms=10|clock_delta_ms=.338|
clock_suspect=0
PMLE_LIVE_REPLAY_TIC|tic=3003|mle_ms=23.703|monotonic_ms=20|clock_delta_ms=3.703
|clock_suspect=0
PMLE_LIVE_REPLAY_TIC|tic=3004|mle_ms=125.871|monotonic_ms=130|clock_delta_ms=4.1
29|clock_suspect=0
PMLE_LIVE_REPLAY_TIC|tic=3005|mle_ms=8.256|monotonic_ms=10|clock_delta_ms=1.744|
clock_suspect=0
PMLE_LIVE_REPLAY_TIC|tic=3006|mle_ms=22.219|monotonic_ms=20|clock_delta_ms=2.219
|clock_suspect=0
PMLE_LIVE_REPLAY_TIC|tic=3007|mle_ms=120.656|monotonic_ms=120|clock_delta_ms=.65
6|clock_suspect=0
PMLE_LIVE_REPLAY_TIC|tic=3008|mle_ms=7.76|monotonic_ms=10|clock_delta_ms=2.24|cl
ock_suspect=0
PMLE_LIVE_REPLAY_TIC|tic=3009|mle_ms=9.913|monotonic_ms=10|clock_delta_ms=.087|c
lock_suspect=0
PMLE_LIVE_REPLAY_TIC|tic=3010|mle_ms=150.002|monotonic_ms=150|clock_delta_ms=.00
2|clock_suspect=0
PMLE_LIVE_REPLAY_TIC|tic=3011|mle_ms=39.43|monotonic_ms=40|clock_delta_ms=.57|cl
ock_suspect=0
PMLE_LIVE_REPLAY_TIC|tic=3012|mle_ms=11.192|monotonic_ms=10|clock_delta_ms=1.192
|clock_suspect=0
PMLE_LIVE_REPLAY_TIC|tic=3013|mle_ms=133.955|monotonic_ms=130|clock_delta_ms=3.9
55|clock_suspect=0
PMLE_LIVE_REPLAY_TIC|tic=3014|mle_ms=18.429|monotonic_ms=20|clock_delta_ms=1.571
|clock_suspect=0
PMLE_LIVE_REPLAY_TIC|tic=3015|mle_ms=9.175|monotonic_ms=10|clock_delta_ms=.825|c
lock_suspect=0
PMLE_LIVE_REPLAY_TIC|tic=3016|mle_ms=144.849|monotonic_ms=140|clock_delta_ms=4.8
49|clock_suspect=0
PMLE_LIVE_REPLAY_TIC|tic=3017|mle_ms=7.942|monotonic_ms=10|clock_delta_ms=2.058|
clock_suspect=0
PMLE_LIVE_REPLAY_TIC|tic=3018|mle_ms=8.372|monotonic_ms=10|clock_delta_ms=1.628|
clock_suspect=0
PMLE_LIVE_REPLAY_TIC|tic=3019|mle_ms=127.282|monotonic_ms=130|clock_delta_ms=2.7
18|clock_suspect=0
PMLE_LIVE_REPLAY_TIC|tic=3020|mle_ms=9.619|monotonic_ms=10|clock_delta_ms=.381|c
lock_suspect=0
PMLE_LIVE_REPLAY_TIC|tic=3021|mle_ms=41.78|monotonic_ms=40|clock_delta_ms=1.78|c
lock_suspect=0
PMLE_LIVE_REPLAY_TIC|tic=3022|mle_ms=113.975|monotonic_ms=110|clock_delta_ms=3.9
75|clock_suspect=0
PMLE_LIVE_REPLAY_TIC|tic=3023|mle_ms=20.977|monotonic_ms=20|clock_delta_ms=.977|
clock_suspect=0
PMLE_LIVE_REPLAY_TIC|tic=3024|mle_ms=19.921|monotonic_ms=20|clock_delta_ms=.079|
clock_suspect=0
PMLE_LIVE_REPLAY_TIC|tic=3025|mle_ms=111.82|monotonic_ms=120|clock_delta_ms=8.18
|clock_suspect=0
PMLE_LIVE_REPLAY_TIC|tic=3026|mle_ms=24.986|monotonic_ms=20|clock_delta_ms=4.986
|clock_suspect=0
PMLE_LIVE_REPLAY_TIC|tic=3027|mle_ms=8.664|monotonic_ms=10|clock_delta_ms=1.336|
clock_suspect=0
PMLE_LIVE_REPLAY_TIC|tic=3028|mle_ms=145.287|monotonic_ms=140|clock_delta_ms=5.2
87|clock_suspect=0
PMLE_LIVE_REPLAY_TIC|tic=3029|mle_ms=13.693|monotonic_ms=20|clock_delta_ms=6.307
|clock_suspect=0
PMLE_LIVE_REPLAY_TIC|tic=3030|mle_ms=10.802|monotonic_ms=10|clock_delta_ms=.802|
clock_suspect=0
PMLE_LIVE_REPLAY_TIC|tic=3031|mle_ms=148.822|monotonic_ms=150|clock_delta_ms=1.1
78|clock_suspect=0
PMLE_LIVE_REPLAY_TIC|tic=3032|mle_ms=9.956|monotonic_ms=10|clock_delta_ms=.044|c
lock_suspect=0
PMLE_LIVE_REPLAY_TIC|tic=3033|mle_ms=22.796|monotonic_ms=20|clock_delta_ms=2.796
|clock_suspect=0
PMLE_LIVE_REPLAY_TIC|tic=3034|mle_ms=124.147|monotonic_ms=130|clock_delta_ms=5.8
53|clock_suspect=0
PMLE_LIVE_REPLAY_TIC|tic=3035|mle_ms=8.68|monotonic_ms=0|clock_delta_ms=8.68|clo
ck_suspect=0
PMLE_LIVE_REPLAY_TIC|tic=3036|mle_ms=23.452|monotonic_ms=30|clock_delta_ms=6.548
|clock_suspect=0
PMLE_LIVE_REPLAY_TIC|tic=3037|mle_ms=113.803|monotonic_ms=110|clock_delta_ms=3.8
03|clock_suspect=0
PMLE_LIVE_REPLAY_TIC|tic=3038|mle_ms=9.916|monotonic_ms=10|clock_delta_ms=.084|c
lock_suspect=0
PMLE_LIVE_REPLAY_TIC|tic=3039|mle_ms=11.691|monotonic_ms=10|clock_delta_ms=1.691
|clock_suspect=0
PMLE_LIVE_REPLAY_TIC|tic=3040|mle_ms=120.292|monotonic_ms=120|clock_delta_ms=.29
2|clock_suspect=0
PMLE_LIVE_REPLAY_TIC|tic=3041|mle_ms=43.066|monotonic_ms=50|clock_delta_ms=6.934
|clock_suspect=0
PMLE_LIVE_REPLAY_TIC|tic=3042|mle_ms=11.279|monotonic_ms=10|clock_delta_ms=1.279
|clock_suspect=0
PMLE_LIVE_REPLAY_TIC|tic=3043|mle_ms=125.213|monotonic_ms=120|clock_delta_ms=5.2
13|clock_suspect=0
PMLE_LIVE_REPLAY_TIC|tic=3044|mle_ms=22.668|monotonic_ms=30|clock_delta_ms=7.332
|clock_suspect=0
PMLE_LIVE_REPLAY_TIC|tic=3045|mle_ms=10.29|monotonic_ms=10|clock_delta_ms=.29|cl
ock_suspect=0
PMLE_LIVE_REPLAY_TIC|tic=3046|mle_ms=165.673|monotonic_ms=160|clock_delta_ms=5.6
73|clock_suspect=0
PMLE_LIVE_REPLAY_TIC|tic=3047|mle_ms=10.253|monotonic_ms=10|clock_delta_ms=.253|
clock_suspect=0
PMLE_LIVE_REPLAY_TIC|tic=3048|mle_ms=11.077|monotonic_ms=10|clock_delta_ms=1.077
|clock_suspect=0
PMLE_LIVE_REPLAY_TIC|tic=3049|mle_ms=120.989|monotonic_ms=120|clock_delta_ms=.98
9|clock_suspect=0
PMLE_LIVE_REPLAY_TIC|tic=3050|mle_ms=7.871|monotonic_ms=0|clock_delta_ms=7.871|c
lock_suspect=0
PMLE_LIVE_REPLAY_TIC|tic=3051|mle_ms=37.632|monotonic_ms=40|clock_delta_ms=2.368
|clock_suspect=0
PMLE_LIVE_REPLAY_TIC|tic=3052|mle_ms=121.887|monotonic_ms=120|clock_delta_ms=1.8
87|clock_suspect=0
PMLE_LIVE_REPLAY_TIC|tic=3053|mle_ms=24.019|monotonic_ms=30|clock_delta_ms=5.981
|clock_suspect=0
PMLE_LIVE_REPLAY_TIC|tic=3054|mle_ms=18.325|monotonic_ms=20|clock_delta_ms=1.675
|clock_suspect=0
PMLE_LIVE_REPLAY_TIC|tic=3055|mle_ms=119.983|monotonic_ms=120|clock_delta_ms=.01
7|clock_suspect=0
PMLE_LIVE_REPLAY_TIC|tic=3056|mle_ms=27.225|monotonic_ms=20|clock_delta_ms=7.225
|clock_suspect=0
PMLE_LIVE_REPLAY_TIC|tic=3057|mle_ms=8.752|monotonic_ms=10|clock_delta_ms=1.248|
clock_suspect=0
PMLE_LIVE_REPLAY_TIC|tic=3058|mle_ms=155.179|monotonic_ms=160|clock_delta_ms=4.8
21|clock_suspect=0
PMLE_LIVE_REPLAY_TIC|tic=3059|mle_ms=9.715|monotonic_ms=10|clock_delta_ms=.285|c
lock_suspect=0
PMLE_LIVE_REPLAY_TIC|tic=3060|mle_ms=8.41|monotonic_ms=0|clock_delta_ms=8.41|clo
ck_suspect=0
PMLE_LIVE_REPLAY_TIC|tic=3061|mle_ms=191.148|monotonic_ms=200|clock_delta_ms=8.8
52|clock_suspect=0
PMLE_LIVE_REPLAY_TIC|tic=3062|mle_ms=8.988|monotonic_ms=10|clock_delta_ms=1.012|
clock_suspect=0
PMLE_LIVE_REPLAY_TIC|tic=3063|mle_ms=24.991|monotonic_ms=20|clock_delta_ms=4.991
|clock_suspect=0
PMLE_LIVE_REPLAY_TIC|tic=3064|mle_ms=178.528|monotonic_ms=180|clock_delta_ms=1.4
72|clock_suspect=0
PMLE_LIVE_REPLAY_TIC|tic=3065|mle_ms=16.387|monotonic_ms=20|clock_delta_ms=3.613
|clock_suspect=0
PMLE_LIVE_REPLAY_TIC|tic=3066|mle_ms=37.082|monotonic_ms=30|clock_delta_ms=7.082
|clock_suspect=0
PMLE_LIVE_REPLAY_TIC|tic=3067|mle_ms=152.885|monotonic_ms=160|clock_delta_ms=7.1
15|clock_suspect=0
PMLE_LIVE_REPLAY_TIC|tic=3068|mle_ms=16.326|monotonic_ms=10|clock_delta_ms=6.326
|clock_suspect=0
PMLE_LIVE_REPLAY_TIC|tic=3069|mle_ms=18.074|monotonic_ms=20|clock_delta_ms=1.926
|clock_suspect=0
PMLE_LIVE_REPLAY_TIC|tic=3070|mle_ms=146.813|monotonic_ms=150|clock_delta_ms=3.1
87|clock_suspect=0
PMLE_LIVE_REPLAY_TIC|tic=3071|mle_ms=48.331|monotonic_ms=50|clock_delta_ms=1.669
|clock_suspect=0
PMLE_LIVE_REPLAY_TIC|tic=3072|mle_ms=13.512|monotonic_ms=10|clock_delta_ms=3.512
|clock_suspect=0
PMLE_LIVE_REPLAY_TIC|tic=3073|mle_ms=175.599|monotonic_ms=170|clock_delta_ms=5.5
99|clock_suspect=0
PMLE_LIVE_REPLAY_TIC|tic=3074|mle_ms=21.086|monotonic_ms=30|clock_delta_ms=8.914
|clock_suspect=0
PMLE_LIVE_REPLAY_TIC|tic=3075|mle_ms=12.428|monotonic_ms=10|clock_delta_ms=2.428
|clock_suspect=0
PMLE_LIVE_REPLAY_TIC|tic=3076|mle_ms=134.071|monotonic_ms=130|clock_delta_ms=4.0
71|clock_suspect=0
PMLE_LIVE_REPLAY_TIC|tic=3077|mle_ms=14.047|monotonic_ms=20|clock_delta_ms=5.953
|clock_suspect=0
PMLE_LIVE_REPLAY_TIC|tic=3078|mle_ms=16.187|monotonic_ms=10|clock_delta_ms=6.187
|clock_suspect=0
PMLE_LIVE_REPLAY_TIC|tic=3079|mle_ms=137.572|monotonic_ms=140|clock_delta_ms=2.4
28|clock_suspect=0
PMLE_LIVE_REPLAY_TIC|tic=3080|mle_ms=13.576|monotonic_ms=10|clock_delta_ms=3.576
|clock_suspect=0
PMLE_LIVE_REPLAY_TIC|tic=3081|mle_ms=43.049|monotonic_ms=50|clock_delta_ms=6.951
|clock_suspect=0
PMLE_LIVE_REPLAY_TIC|tic=3082|mle_ms=105.833|monotonic_ms=100|clock_delta_ms=5.8
33|clock_suspect=0
PMLE_LIVE_REPLAY_TIC|tic=3083|mle_ms=27.477|monotonic_ms=30|clock_delta_ms=2.523
|clock_suspect=0
PMLE_LIVE_REPLAY_TIC|tic=3084|mle_ms=24.428|monotonic_ms=30|clock_delta_ms=5.572
|clock_suspect=0
PMLE_LIVE_REPLAY_TIC|tic=3085|mle_ms=105.825|monotonic_ms=100|clock_delta_ms=5.8
25|clock_suspect=0
PMLE_LIVE_REPLAY_TIC|tic=3086|mle_ms=24.868|monotonic_ms=30|clock_delta_ms=5.132
|clock_suspect=0
PMLE_LIVE_REPLAY_TIC|tic=3087|mle_ms=10.731|monotonic_ms=10|clock_delta_ms=.731|
clock_suspect=0
PMLE_LIVE_REPLAY_TIC|tic=3088|mle_ms=111.901|monotonic_ms=110|clock_delta_ms=1.9
01|clock_suspect=0
PMLE_LIVE_REPLAY_TIC|tic=3089|mle_ms=17.432|monotonic_ms=20|clock_delta_ms=2.568
|clock_suspect=0
PMLE_LIVE_REPLAY_TIC|tic=3090|mle_ms=15.052|monotonic_ms=10|clock_delta_ms=5.052
|clock_suspect=0
PMLE_LIVE_REPLAY_TIC|tic=3091|mle_ms=132.961|monotonic_ms=130|clock_delta_ms=2.9
61|clock_suspect=0
PMLE_LIVE_REPLAY_TIC|tic=3092|mle_ms=12.442|monotonic_ms=20|clock_delta_ms=7.558
|clock_suspect=0
PMLE_LIVE_REPLAY_TIC|tic=3093|mle_ms=24.918|monotonic_ms=20|clock_delta_ms=4.918
|clock_suspect=0
PMLE_LIVE_REPLAY_TIC|tic=3094|mle_ms=104.305|monotonic_ms=110|clock_delta_ms=5.6
95|clock_suspect=0
PMLE_LIVE_REPLAY_TIC|tic=3095|mle_ms=11.3|monotonic_ms=10|clock_delta_ms=1.3|clo
ck_suspect=0
PMLE_LIVE_REPLAY_TIC|tic=3096|mle_ms=33.49|monotonic_ms=30|clock_delta_ms=3.49|c
lock_suspect=0
PMLE_LIVE_REPLAY_TIC|tic=3097|mle_ms=64.201|monotonic_ms=70|clock_delta_ms=5.799
|clock_suspect=0
PMLE_LIVE_REPLAY_TIC|tic=3098|mle_ms=11.894|monotonic_ms=10|clock_delta_ms=1.894
|clock_suspect=0
PMLE_LIVE_REPLAY_TIC|tic=3099|mle_ms=13.958|monotonic_ms=10|clock_delta_ms=3.958
|clock_suspect=0
PMLE_LIVE_REPLAY_TIC|tic=3100|mle_ms=65.989|monotonic_ms=70|clock_delta_ms=4.011
|clock_suspect=0
PMLE_LIVE_REPLAY_TIC|tic=3101|mle_ms=42.596|monotonic_ms=40|clock_delta_ms=2.596
|clock_suspect=0
PMLE_LIVE_REPLAY_TIC|tic=3102|mle_ms=11.384|monotonic_ms=10|clock_delta_ms=1.384
|clock_suspect=0
PMLE_LIVE_REPLAY_TIC|tic=3103|mle_ms=90.707|monotonic_ms=90|clock_delta_ms=.707|
clock_suspect=0
PMLE_LIVE_REPLAY_TIC|tic=3104|mle_ms=17.388|monotonic_ms=20|clock_delta_ms=2.612
|clock_suspect=0
PMLE_LIVE_REPLAY_TIC|tic=3105|mle_ms=9.27|monotonic_ms=10|clock_delta_ms=.73|clo
ck_suspect=0
PMLE_LIVE_REPLAY_TIC|tic=3106|mle_ms=49.238|monotonic_ms=50|clock_delta_ms=.762|
clock_suspect=0
PMLE_LIVE_REPLAY_TIC|tic=3107|mle_ms=10.525|monotonic_ms=10|clock_delta_ms=.525|
clock_suspect=0
PMLE_LIVE_REPLAY_TIC|tic=3108|mle_ms=10.789|monotonic_ms=10|clock_delta_ms=.789|
clock_suspect=0
PMLE_LIVE_REPLAY_TIC|tic=3109|mle_ms=35.406|monotonic_ms=30|clock_delta_ms=5.406
|clock_suspect=0
PMLE_LIVE_REPLAY_TIC|tic=3110|mle_ms=10.071|monotonic_ms=10|clock_delta_ms=.071|
clock_suspect=0
PMLE_LIVE_REPLAY_TIC|tic=3111|mle_ms=43.945|monotonic_ms=50|clock_delta_ms=6.055
|clock_suspect=0
PMLE_LIVE_REPLAY_TIC|tic=3112|mle_ms=66.073|monotonic_ms=60|clock_delta_ms=6.073
|clock_suspect=0
PMLE_LIVE_REPLAY_TIC|tic=3113|mle_ms=52.735|monotonic_ms=60|clock_delta_ms=7.265
|clock_suspect=0
PMLE_LIVE_REPLAY_TIC|tic=3114|mle_ms=21.694|monotonic_ms=20|clock_delta_ms=1.694
|clock_suspect=0
PMLE_LIVE_REPLAY_TIC|tic=3115|mle_ms=36.695|monotonic_ms=40|clock_delta_ms=3.305
|clock_suspect=0
PMLE_LIVE_REPLAY_TIC|tic=3116|mle_ms=41.809|monotonic_ms=40|clock_delta_ms=1.809
|clock_suspect=0
PMLE_LIVE_REPLAY_TIC|tic=3117|mle_ms=10.579|monotonic_ms=10|clock_delta_ms=.579|
clock_suspect=0
PMLE_LIVE_REPLAY_TIC|tic=3118|mle_ms=43.667|monotonic_ms=40|clock_delta_ms=3.667
|clock_suspect=0
PMLE_LIVE_REPLAY_TIC|tic=3119|mle_ms=22.905|monotonic_ms=30|clock_delta_ms=7.095
|clock_suspect=0
PMLE_LIVE_REPLAY_TIC|tic=3120|mle_ms=19.695|monotonic_ms=20|clock_delta_ms=.305|
clock_suspect=0
PMLE_LIVE_REPLAY_TIC|tic=3121|mle_ms=88.924|monotonic_ms=80|clock_delta_ms=8.924
|clock_suspect=0
PMLE_LIVE_REPLAY_TIC|tic=3122|mle_ms=16.69|monotonic_ms=20|clock_delta_ms=3.31|c
lock_suspect=0
PMLE_LIVE_REPLAY_TIC|tic=3123|mle_ms=72.597|monotonic_ms=70|clock_delta_ms=2.597
|clock_suspect=0
PMLE_LIVE_REPLAY_TIC|tic=3124|mle_ms=50.165|monotonic_ms=50|clock_delta_ms=.165|
clock_suspect=0
PMLE_LIVE_REPLAY_TIC|tic=3125|mle_ms=18.408|monotonic_ms=20|clock_delta_ms=1.592
|clock_suspect=0
PMLE_LIVE_REPLAY_TIC|tic=3126|mle_ms=46.519|monotonic_ms=50|clock_delta_ms=3.481
|clock_suspect=0
PMLE_LIVE_REPLAY_TIC|tic=3127|mle_ms=26.918|monotonic_ms=30|clock_delta_ms=3.082
|clock_suspect=0
PMLE_LIVE_REPLAY_TIC|tic=3128|mle_ms=61.33|monotonic_ms=60|clock_delta_ms=1.33|c
lock_suspect=0
PMLE_LIVE_REPLAY_TIC|tic=3129|mle_ms=15.878|monotonic_ms=10|clock_delta_ms=5.878
|clock_suspect=0
PMLE_LIVE_REPLAY_TIC|tic=3130|mle_ms=38.591|monotonic_ms=40|clock_delta_ms=1.409
|clock_suspect=0
PMLE_LIVE_REPLAY_TIC|tic=3131|mle_ms=68.953|monotonic_ms=70|clock_delta_ms=1.047
|clock_suspect=0
PMLE_LIVE_REPLAY_TIC|tic=3132|mle_ms=14.041|monotonic_ms=20|clock_delta_ms=5.959
|clock_suspect=0
PMLE_LIVE_REPLAY_TIC|tic=3133|mle_ms=78.68|monotonic_ms=70|clock_delta_ms=8.68|c
lock_suspect=0
PMLE_LIVE_REPLAY_TIC|tic=3134|mle_ms=48.13|monotonic_ms=50|clock_delta_ms=1.87|c
lock_suspect=0
PMLE_LIVE_REPLAY_TIC|tic=3135|mle_ms=14.113|monotonic_ms=20|clock_delta_ms=5.887
|clock_suspect=0
PMLE_LIVE_REPLAY_TIC|tic=3136|mle_ms=73.687|monotonic_ms=70|clock_delta_ms=3.687
|clock_suspect=0
PMLE_LIVE_REPLAY_TIC|tic=3137|mle_ms=64.639|monotonic_ms=70|clock_delta_ms=5.361
|clock_suspect=0
PMLE_LIVE_REPLAY_TIC|tic=3138|mle_ms=14.391|monotonic_ms=10|clock_delta_ms=4.391
|clock_suspect=0
PMLE_LIVE_REPLAY_TIC|tic=3139|mle_ms=53.742|monotonic_ms=50|clock_delta_ms=3.742
|clock_suspect=0
PMLE_LIVE_REPLAY_TIC|tic=3140|mle_ms=43.936|monotonic_ms=50|clock_delta_ms=6.064
|clock_suspect=0
PMLE_LIVE_REPLAY_TIC|tic=3141|mle_ms=52.047|monotonic_ms=50|clock_delta_ms=2.047
|clock_suspect=0
PMLE_LIVE_REPLAY_TIC|tic=3142|mle_ms=42.578|monotonic_ms=40|clock_delta_ms=2.578
|clock_suspect=0
PMLE_LIVE_REPLAY_TIC|tic=3143|mle_ms=79.67|monotonic_ms=80|clock_delta_ms=.33|cl
ock_suspect=0
PMLE_LIVE_REPLAY_TIC|tic=3144|mle_ms=21.258|monotonic_ms=20|clock_delta_ms=1.258
|clock_suspect=0
PMLE_LIVE_REPLAY_TIC|tic=3145|mle_ms=63.432|monotonic_ms=70|clock_delta_ms=6.568
|clock_suspect=0
PMLE_LIVE_REPLAY_TIC|tic=3146|mle_ms=72.726|monotonic_ms=70|clock_delta_ms=2.726
|clock_suspect=0
PMLE_LIVE_REPLAY_TIC|tic=3147|mle_ms=13.675|monotonic_ms=10|clock_delta_ms=3.675
|clock_suspect=0
PMLE_LIVE_REPLAY_TIC|tic=3148|mle_ms=45.076|monotonic_ms=50|clock_delta_ms=4.924
|clock_suspect=0
PMLE_LIVE_REPLAY_TIC|tic=3149|mle_ms=52.898|monotonic_ms=50|clock_delta_ms=2.898
|clock_suspect=0
PMLE_LIVE_REPLAY_TIC|tic=3150|mle_ms=15.884|monotonic_ms=20|clock_delta_ms=4.116
|clock_suspect=0
PMLE_LIVE_REPLAY_TIC|tic=3151|mle_ms=74.314|monotonic_ms=70|clock_delta_ms=4.314
|clock_suspect=0
PMLE_LIVE_REPLAY_TIC|tic=3152|mle_ms=48.076|monotonic_ms=50|clock_delta_ms=1.924
|clock_suspect=0
PMLE_LIVE_REPLAY_TIC|tic=3153|mle_ms=26.371|monotonic_ms=30|clock_delta_ms=3.629
|clock_suspect=0
PMLE_LIVE_REPLAY_TIC|tic=3154|mle_ms=46.445|monotonic_ms=40|clock_delta_ms=6.445
|clock_suspect=0
PMLE_LIVE_REPLAY_TIC|tic=3155|mle_ms=44.882|monotonic_ms=50|clock_delta_ms=5.118
|clock_suspect=0
PMLE_LIVE_REPLAY_TIC|tic=3156|mle_ms=35.887|monotonic_ms=30|clock_delta_ms=5.887
|clock_suspect=0
PMLE_LIVE_REPLAY_TIC|tic=3157|mle_ms=40.975|monotonic_ms=40|clock_delta_ms=.975|
clock_suspect=0
PMLE_LIVE_REPLAY_TIC|tic=3158|mle_ms=32.58|monotonic_ms=40|clock_delta_ms=7.42|c
lock_suspect=0
PMLE_LIVE_REPLAY_TIC|tic=3159|mle_ms=14.165|monotonic_ms=10|clock_delta_ms=4.165
|clock_suspect=0
PMLE_LIVE_REPLAY_TIC|tic=3160|mle_ms=41.789|monotonic_ms=40|clock_delta_ms=1.789
|clock_suspect=0
PMLE_LIVE_REPLAY_TIC|tic=3161|mle_ms=86.852|monotonic_ms=90|clock_delta_ms=3.148
|clock_suspect=0
PMLE_LIVE_REPLAY_TIC|tic=3162|mle_ms=19.94|monotonic_ms=20|clock_delta_ms=.06|cl
ock_suspect=0
PMLE_LIVE_REPLAY_TIC|tic=3163|mle_ms=58.276|monotonic_ms=60|clock_delta_ms=1.724
|clock_suspect=0
PMLE_LIVE_REPLAY_TIC|tic=3164|mle_ms=52.978|monotonic_ms=50|clock_delta_ms=2.978
|clock_suspect=0
PMLE_LIVE_REPLAY_TIC|tic=3165|mle_ms=14.269|monotonic_ms=20|clock_delta_ms=5.731
|clock_suspect=0
PMLE_LIVE_REPLAY_TIC|tic=3166|mle_ms=60.361|monotonic_ms=60|clock_delta_ms=.361|
clock_suspect=0
PMLE_LIVE_REPLAY_TIC|tic=3167|mle_ms=34.184|monotonic_ms=30|clock_delta_ms=4.184
|clock_suspect=0
PMLE_LIVE_REPLAY_TIC|tic=3168|mle_ms=14.477|monotonic_ms=20|clock_delta_ms=5.523
|clock_suspect=0
PMLE_LIVE_REPLAY_TIC|tic=3169|mle_ms=42.886|monotonic_ms=40|clock_delta_ms=2.886
|clock_suspect=0
PMLE_LIVE_REPLAY_TIC|tic=3170|mle_ms=40.2|monotonic_ms=40|clock_delta_ms=.2|cloc
k_suspect=0
PMLE_LIVE_REPLAY_TIC|tic=3171|mle_ms=49.003|monotonic_ms=50|clock_delta_ms=.997|
clock_suspect=0
PMLE_LIVE_REPLAY_TIC|tic=3172|mle_ms=48.014|monotonic_ms=50|clock_delta_ms=1.986
|clock_suspect=0
PMLE_LIVE_REPLAY_TIC|tic=3173|mle_ms=56.478|monotonic_ms=50|clock_delta_ms=6.478
|clock_suspect=0
PMLE_LIVE_REPLAY_TIC|tic=3174|mle_ms=29.154|monotonic_ms=30|clock_delta_ms=.846|
clock_suspect=0
PMLE_LIVE_REPLAY_TIC|tic=3175|mle_ms=74.81|monotonic_ms=80|clock_delta_ms=5.19|c
lock_suspect=0
PMLE_LIVE_REPLAY_TIC|tic=3176|mle_ms=59.08|monotonic_ms=60|clock_delta_ms=.92|cl
ock_suspect=0
PMLE_LIVE_REPLAY_TIC|tic=3177|mle_ms=12.908|monotonic_ms=10|clock_delta_ms=2.908
|clock_suspect=0
PMLE_LIVE_REPLAY_TIC|tic=3178|mle_ms=49.639|monotonic_ms=50|clock_delta_ms=.361|
clock_suspect=0
PMLE_LIVE_REPLAY_TIC|tic=3179|mle_ms=39.746|monotonic_ms=40|clock_delta_ms=.254|
clock_suspect=0
PMLE_LIVE_REPLAY_TIC|tic=3180|mle_ms=15.563|monotonic_ms=10|clock_delta_ms=5.563
|clock_suspect=0
PMLE_LIVE_REPLAY_TIC|tic=3181|mle_ms=94.829|monotonic_ms=100|clock_delta_ms=5.17
1|clock_suspect=0
PMLE_LIVE_REPLAY_TIC|tic=3182|mle_ms=49.746|monotonic_ms=50|clock_delta_ms=.254|
clock_suspect=0
PMLE_LIVE_REPLAY_TIC|tic=3183|mle_ms=49.751|monotonic_ms=50|clock_delta_ms=.249|
clock_suspect=0
PMLE_LIVE_REPLAY_TIC|tic=3184|mle_ms=82.615|monotonic_ms=80|clock_delta_ms=2.615
|clock_suspect=0
PMLE_LIVE_REPLAY_TIC|tic=3185|mle_ms=65.225|monotonic_ms=70|clock_delta_ms=4.775
|clock_suspect=0
PMLE_LIVE_REPLAY_TIC|tic=3186|mle_ms=40.47|monotonic_ms=40|clock_delta_ms=.47|cl
ock_suspect=0
PMLE_LIVE_REPLAY_TIC|tic=3187|mle_ms=72.634|monotonic_ms=70|clock_delta_ms=2.634
|clock_suspect=0
PMLE_LIVE_REPLAY_TIC|tic=3188|mle_ms=58.119|monotonic_ms=60|clock_delta_ms=1.881
|clock_suspect=0
PMLE_LIVE_REPLAY_TIC|tic=3189|mle_ms=23.19|monotonic_ms=20|clock_delta_ms=3.19|c
lock_suspect=0
PMLE_LIVE_REPLAY_TIC|tic=3190|mle_ms=57.024|monotonic_ms=60|clock_delta_ms=2.976
|clock_suspect=0
PMLE_LIVE_REPLAY_TIC|tic=3191|mle_ms=102.207|monotonic_ms=100|clock_delta_ms=2.2
07|clock_suspect=0
PMLE_LIVE_REPLAY_TIC|tic=3192|mle_ms=24.086|monotonic_ms=20|clock_delta_ms=4.086
|clock_suspect=0
PMLE_LIVE_REPLAY_TIC|tic=3193|mle_ms=74.695|monotonic_ms=80|clock_delta_ms=5.305
|clock_suspect=0
PMLE_LIVE_REPLAY_TIC|tic=3194|mle_ms=112.051|monotonic_ms=110|clock_delta_ms=2.0
51|clock_suspect=0
PMLE_LIVE_REPLAY_TIC|tic=3195|mle_ms=36.139|monotonic_ms=40|clock_delta_ms=3.861
|clock_suspect=0
PMLE_LIVE_REPLAY_TIC|tic=3196|mle_ms=82.004|monotonic_ms=80|clock_delta_ms=2.004
|clock_suspect=0
PMLE_LIVE_REPLAY_TIC|tic=3197|mle_ms=66.627|monotonic_ms=70|clock_delta_ms=3.373
|clock_suspect=0
PMLE_LIVE_REPLAY_TIC|tic=3198|mle_ms=34.731|monotonic_ms=30|clock_delta_ms=4.731
|clock_suspect=0
PMLE_LIVE_REPLAY_TIC|tic=3199|mle_ms=92.108|monotonic_ms=90|clock_delta_ms=2.108
|clock_suspect=0
PMLE_LIVE_REPLAY_TIC|tic=3200|mle_ms=69.72|monotonic_ms=70|clock_delta_ms=.28|cl
ock_suspect=0
PMLE_LIVE_REPLAY_TIC|tic=3201|mle_ms=93.262|monotonic_ms=100|clock_delta_ms=6.73
8|clock_suspect=0
PMLE_LIVE_REPLAY_TIC|tic=3202|mle_ms=86.27|monotonic_ms=80|clock_delta_ms=6.27|c
lock_suspect=0
PMLE_LIVE_REPLAY_TIC|tic=3203|mle_ms=91.814|monotonic_ms=90|clock_delta_ms=1.814
|clock_suspect=0
PMLE_LIVE_REPLAY_TIC|tic=3204|mle_ms=42.97|monotonic_ms=50|clock_delta_ms=7.03|c
lock_suspect=0
PMLE_LIVE_REPLAY_TIC|tic=3205|mle_ms=79.616|monotonic_ms=80|clock_delta_ms=.384|
clock_suspect=0
PMLE_LIVE_REPLAY_TIC|tic=3206|mle_ms=97.749|monotonic_ms=90|clock_delta_ms=7.749
|clock_suspect=0
PMLE_LIVE_REPLAY_TIC|tic=3207|mle_ms=33.99|monotonic_ms=40|clock_delta_ms=6.01|c
lock_suspect=0
PMLE_LIVE_REPLAY_TIC|tic=3208|mle_ms=67.985|monotonic_ms=70|clock_delta_ms=2.015
|clock_suspect=0
PMLE_LIVE_REPLAY_TIC|tic=3209|mle_ms=73.453|monotonic_ms=70|clock_delta_ms=3.453
|clock_suspect=0
PMLE_LIVE_REPLAY_TIC|tic=3210|mle_ms=32.41|monotonic_ms=30|clock_delta_ms=2.41|c
lock_suspect=0
PMLE_LIVE_REPLAY_TIC|tic=3211|mle_ms=104.952|monotonic_ms=110|clock_delta_ms=5.0
48|clock_suspect=0
PMLE_LIVE_REPLAY_TIC|tic=3212|mle_ms=72.504|monotonic_ms=70|clock_delta_ms=2.504
|clock_suspect=0
PMLE_LIVE_REPLAY_TIC|tic=3213|mle_ms=35.462|monotonic_ms=40|clock_delta_ms=4.538
|clock_suspect=0
PMLE_LIVE_REPLAY_TIC|tic=3214|mle_ms=63.856|monotonic_ms=60|clock_delta_ms=3.856
|clock_suspect=0
PMLE_LIVE_REPLAY_TIC|tic=3215|mle_ms=46.519|monotonic_ms=50|clock_delta_ms=3.481
|clock_suspect=0
PMLE_LIVE_REPLAY_TIC|tic=3216|mle_ms=33.478|monotonic_ms=30|clock_delta_ms=3.478
|clock_suspect=0
PMLE_LIVE_REPLAY_TIC|tic=3217|mle_ms=66.958|monotonic_ms=70|clock_delta_ms=3.042
|clock_suspect=0
PMLE_LIVE_REPLAY_TIC|tic=3218|mle_ms=50.711|monotonic_ms=50|clock_delta_ms=.711|
clock_suspect=0
PMLE_LIVE_REPLAY_TIC|tic=3219|mle_ms=45.906|monotonic_ms=40|clock_delta_ms=5.906
|clock_suspect=0
PMLE_LIVE_REPLAY_TIC|tic=3220|mle_ms=93.161|monotonic_ms=100|clock_delta_ms=6.83
9|clock_suspect=0
PMLE_LIVE_REPLAY_TIC|tic=3221|mle_ms=158.16|monotonic_ms=160|clock_delta_ms=1.84
|clock_suspect=0
PMLE_LIVE_REPLAY_TIC|tic=3222|mle_ms=51.136|monotonic_ms=50|clock_delta_ms=1.136
|clock_suspect=0
PMLE_LIVE_REPLAY_TIC|tic=3223|mle_ms=211.861|monotonic_ms=210|clock_delta_ms=1.8
61|clock_suspect=0
PMLE_LIVE_REPLAY_TIC|tic=3224|mle_ms=155.072|monotonic_ms=150|clock_delta_ms=5.0
72|clock_suspect=0
PMLE_LIVE_REPLAY_TIC|tic=3225|mle_ms=54.394|monotonic_ms=60|clock_delta_ms=5.606
|clock_suspect=0
PMLE_LIVE_REPLAY_TIC|tic=3226|mle_ms=566.04|monotonic_ms=690|clock_delta_ms=123.
96|clock_suspect=1
PMLE_LIVE_REPLAY_TIC|tic=3227|mle_ms=217.761|monotonic_ms=220|clock_delta_ms=2.2
39|clock_suspect=0
PMLE_LIVE_REPLAY_TIC|tic=3228|mle_ms=61.122|monotonic_ms=60|clock_delta_ms=1.122
|clock_suspect=0
PMLE_LIVE_REPLAY_TIC|tic=3229|mle_ms=118.811|monotonic_ms=120|clock_delta_ms=1.1
89|clock_suspect=0
PMLE_LIVE_REPLAY_TIC|tic=3230|mle_ms=108.012|monotonic_ms=110|clock_delta_ms=1.9
88|clock_suspect=0
PMLE_LIVE_REPLAY_TIC|tic=3231|mle_ms=95.195|monotonic_ms=90|clock_delta_ms=5.195
|clock_suspect=0
PMLE_LIVE_REPLAY_TIC|tic=3232|mle_ms=84.282|monotonic_ms=90|clock_delta_ms=5.718
|clock_suspect=0
PMLE_LIVE_REPLAY_TIC|tic=3233|mle_ms=101.787|monotonic_ms=100|clock_delta_ms=1.7
87|clock_suspect=0
PMLE_LIVE_REPLAY_TIC|tic=3234|mle_ms=54.349|monotonic_ms=50|clock_delta_ms=4.349
|clock_suspect=0
PMLE_LIVE_REPLAY_TIC|tic=3235|mle_ms=95.6|monotonic_ms=100|clock_delta_ms=4.4|cl
ock_suspect=0
PMLE_LIVE_REPLAY_TIC|tic=3236|mle_ms=99.055|monotonic_ms=100|clock_delta_ms=.945
|clock_suspect=0
PMLE_LIVE_REPLAY_TIC|tic=3237|mle_ms=37.102|monotonic_ms=40|clock_delta_ms=2.898
|clock_suspect=0
PMLE_LIVE_REPLAY_TIC|tic=3238|mle_ms=104.034|monotonic_ms=100|clock_delta_ms=4.0
34|clock_suspect=0
PMLE_LIVE_REPLAY_TIC|tic=3239|mle_ms=130.186|monotonic_ms=130|clock_delta_ms=.18
6|clock_suspect=0
PMLE_LIVE_REPLAY_TIC|tic=3240|mle_ms=43.228|monotonic_ms=40|clock_delta_ms=3.228
|clock_suspect=0
PMLE_LIVE_REPLAY_TIC|tic=3241|mle_ms=136.664|monotonic_ms=140|clock_delta_ms=3.3
36|clock_suspect=0
PMLE_LIVE_REPLAY_TIC|tic=3242|mle_ms=70.505|monotonic_ms=70|clock_delta_ms=.505|
clock_suspect=0
PMLE_LIVE_REPLAY_TIC|tic=3243|mle_ms=62.546|monotonic_ms=60|clock_delta_ms=2.546
|clock_suspect=0
PMLE_LIVE_REPLAY_TIC|tic=3244|mle_ms=158.745|monotonic_ms=160|clock_delta_ms=1.2
55|clock_suspect=0
PMLE_LIVE_REPLAY_TIC|tic=3245|mle_ms=221.403|monotonic_ms=230|clock_delta_ms=8.5
97|clock_suspect=0
PMLE_LIVE_REPLAY_TIC|tic=3246|mle_ms=88.471|monotonic_ms=80|clock_delta_ms=8.471
|clock_suspect=0
PMLE_LIVE_REPLAY_TIC|tic=3247|mle_ms=370.322|monotonic_ms=370|clock_delta_ms=.32
2|clock_suspect=0
PMLE_LIVE_REPLAY_TIC|tic=3248|mle_ms=123.452|monotonic_ms=130|clock_delta_ms=6.5
48|clock_suspect=0
PMLE_LIVE_REPLAY_TIC|tic=3249|mle_ms=44.926|monotonic_ms=40|clock_delta_ms=4.926
|clock_suspect=0
PMLE_LIVE_REPLAY_TIC|tic=3250|mle_ms=100.768|monotonic_ms=100|clock_delta_ms=.76
8|clock_suspect=0
PMLE_LIVE_REPLAY_TIC|tic=3251|mle_ms=297.083|monotonic_ms=300|clock_delta_ms=2.9
17|clock_suspect=0
PMLE_LIVE_REPLAY_TIC|tic=3252|mle_ms=48.683|monotonic_ms=50|clock_delta_ms=1.317
|clock_suspect=0
PMLE_LIVE_REPLAY_TIC|tic=3253|mle_ms=96.119|monotonic_ms=100|clock_delta_ms=3.88
1|clock_suspect=0
PMLE_LIVE_REPLAY_TIC|tic=3254|mle_ms=71.207|monotonic_ms=70|clock_delta_ms=1.207
|clock_suspect=0
PMLE_LIVE_REPLAY_TIC|tic=3255|mle_ms=35.206|monotonic_ms=30|clock_delta_ms=5.206
|clock_suspect=0
PMLE_LIVE_REPLAY_TIC|tic=3256|mle_ms=76.605|monotonic_ms=80|clock_delta_ms=3.395
|clock_suspect=0
PMLE_LIVE_REPLAY_TIC|tic=3257|mle_ms=47.03|monotonic_ms=50|clock_delta_ms=2.97|c
lock_suspect=0
PMLE_LIVE_REPLAY_TIC|tic=3258|mle_ms=47.457|monotonic_ms=40|clock_delta_ms=7.457
|clock_suspect=0
PMLE_LIVE_REPLAY_TIC|tic=3259|mle_ms=86.04|monotonic_ms=90|clock_delta_ms=3.96|c
lock_suspect=0
PMLE_LIVE_REPLAY_TIC|tic=3260|mle_ms=45.229|monotonic_ms=50|clock_delta_ms=4.771
|clock_suspect=0
PMLE_LIVE_REPLAY_TIC|tic=3261|mle_ms=102.774|monotonic_ms=100|clock_delta_ms=2.7
74|clock_suspect=0
PMLE_LIVE_REPLAY_TIC|tic=3262|mle_ms=192.439|monotonic_ms=190|clock_delta_ms=2.4
39|clock_suspect=0
PMLE_LIVE_REPLAY_TIC|tic=3263|mle_ms=85.819|monotonic_ms=90|clock_delta_ms=4.181
|clock_suspect=0
PMLE_LIVE_REPLAY_TIC|tic=3264|mle_ms=55.597|monotonic_ms=50|clock_delta_ms=5.597
|clock_suspect=0
PMLE_LIVE_REPLAY_TIC|tic=3265|mle_ms=96.696|monotonic_ms=100|clock_delta_ms=3.30
4|clock_suspect=0
PMLE_LIVE_REPLAY_TIC|tic=3266|mle_ms=45.786|monotonic_ms=50|clock_delta_ms=4.214
|clock_suspect=0
PMLE_LIVE_REPLAY_TIC|tic=3267|mle_ms=32.731|monotonic_ms=30|clock_delta_ms=2.731
|clock_suspect=0
PMLE_LIVE_REPLAY_TIC|tic=3268|mle_ms=97.037|monotonic_ms=100|clock_delta_ms=2.96
3|clock_suspect=0
PMLE_LIVE_REPLAY_TIC|tic=3269|mle_ms=45.824|monotonic_ms=40|clock_delta_ms=5.824
|clock_suspect=0
PMLE_LIVE_REPLAY_TIC|tic=3270|mle_ms=38.979|monotonic_ms=40|clock_delta_ms=1.021
|clock_suspect=0
PMLE_LIVE_REPLAY_TIC|tic=3271|mle_ms=118.998|monotonic_ms=120|clock_delta_ms=1.0
02|clock_suspect=0
PMLE_LIVE_REPLAY_TIC|tic=3272|mle_ms=81.245|monotonic_ms=80|clock_delta_ms=1.245
|clock_suspect=0
PMLE_LIVE_REPLAY_TIC|tic=3273|mle_ms=36.62|monotonic_ms=40|clock_delta_ms=3.38|c
lock_suspect=0
PMLE_LIVE_REPLAY_TIC|tic=3274|mle_ms=77.368|monotonic_ms=70|clock_delta_ms=7.368
|clock_suspect=0
PMLE_LIVE_REPLAY_TIC|tic=3275|mle_ms=39.26|monotonic_ms=40|clock_delta_ms=.74|cl
ock_suspect=0
PMLE_LIVE_REPLAY_TIC|tic=3276|mle_ms=35.863|monotonic_ms=40|clock_delta_ms=4.137
|clock_suspect=0
PMLE_LIVE_REPLAY_TIC|tic=3277|mle_ms=78.256|monotonic_ms=80|clock_delta_ms=1.744
|clock_suspect=0
PMLE_LIVE_REPLAY_TIC|tic=3278|mle_ms=19.978|monotonic_ms=20|clock_delta_ms=.022|
clock_suspect=0
PMLE_LIVE_REPLAY_TIC|tic=3279|mle_ms=12.832|monotonic_ms=10|clock_delta_ms=2.832
|clock_suspect=0
PMLE_LIVE_REPLAY_TIC|tic=3280|mle_ms=54.476|monotonic_ms=60|clock_delta_ms=5.524
|clock_suspect=0
PMLE_LIVE_REPLAY_TIC|tic=3281|mle_ms=73.708|monotonic_ms=70|clock_delta_ms=3.708
|clock_suspect=0
PMLE_LIVE_REPLAY_TIC|tic=3282|mle_ms=21.53|monotonic_ms=20|clock_delta_ms=1.53|c
lock_suspect=0
PMLE_LIVE_REPLAY_TIC|tic=3283|mle_ms=75.664|monotonic_ms=80|clock_delta_ms=4.336
|clock_suspect=0
PMLE_LIVE_REPLAY_TIC|tic=3284|mle_ms=25.481|monotonic_ms=20|clock_delta_ms=5.481
|clock_suspect=0
PMLE_LIVE_REPLAY_TIC|tic=3285|mle_ms=16.811|monotonic_ms=20|clock_delta_ms=3.189
|clock_suspect=0
PMLE_LIVE_REPLAY_TIC|tic=3286|mle_ms=66.088|monotonic_ms=70|clock_delta_ms=3.912
|clock_suspect=0
PMLE_LIVE_REPLAY_TIC|tic=3287|mle_ms=17.197|monotonic_ms=10|clock_delta_ms=7.197
|clock_suspect=0
PMLE_LIVE_REPLAY_TIC|tic=3288|mle_ms=13.79|monotonic_ms=20|clock_delta_ms=6.21|c
lock_suspect=0
PMLE_LIVE_REPLAY_TIC|tic=3289|mle_ms=76.897|monotonic_ms=70|clock_delta_ms=6.897
|clock_suspect=0
PMLE_LIVE_REPLAY_TIC|tic=3290|mle_ms=19.858|monotonic_ms=20|clock_delta_ms=.142|
clock_suspect=0
PMLE_LIVE_REPLAY_TIC|tic=3291|mle_ms=60.181|monotonic_ms=60|clock_delta_ms=.181|
clock_suspect=0
PMLE_LIVE_REPLAY_TIC|tic=3292|mle_ms=59.191|monotonic_ms=60|clock_delta_ms=.809|
clock_suspect=0
PMLE_LIVE_REPLAY_TIC|tic=3293|mle_ms=27.923|monotonic_ms=30|clock_delta_ms=2.077
|clock_suspect=0
PMLE_LIVE_REPLAY_TIC|tic=3294|mle_ms=15.688|monotonic_ms=20|clock_delta_ms=4.312
|clock_suspect=0
PMLE_LIVE_REPLAY_TIC|tic=3295|mle_ms=97.979|monotonic_ms=100|clock_delta_ms=2.02
1|clock_suspect=0
PMLE_LIVE_REPLAY_TIC|tic=3296|mle_ms=26.398|monotonic_ms=20|clock_delta_ms=6.398
|clock_suspect=0
PMLE_LIVE_REPLAY_TIC|tic=3297|mle_ms=15.884|monotonic_ms=20|clock_delta_ms=4.116
|clock_suspect=0
PMLE_LIVE_REPLAY_TIC|tic=3298|mle_ms=74.5|monotonic_ms=70|clock_delta_ms=4.5|clo
ck_suspect=0
PMLE_LIVE_REPLAY_TIC|tic=3299|mle_ms=16.92|monotonic_ms=20|clock_delta_ms=3.08|c
lock_suspect=0
PMLE_LIVE_REPLAY_TIC|tic=3300|mle_ms=12.828|monotonic_ms=10|clock_delta_ms=2.828
|clock_suspect=0
PMLE_LIVE_REPLAY_TIC|tic=3301|mle_ms=108.816|monotonic_ms=110|clock_delta_ms=1.1
84|clock_suspect=0
PMLE_LIVE_REPLAY_TIC|tic=3302|mle_ms=16.895|monotonic_ms=10|clock_delta_ms=6.895
|clock_suspect=0
PMLE_LIVE_REPLAY_TIC|tic=3303|mle_ms=20.923|monotonic_ms=20|clock_delta_ms=.923|
clock_suspect=0
PMLE_LIVE_REPLAY_TIC|tic=3304|mle_ms=81.22|monotonic_ms=90|clock_delta_ms=8.78|c
lock_suspect=0
PMLE_LIVE_REPLAY_TIC|tic=3305|mle_ms=14.787|monotonic_ms=10|clock_delta_ms=4.787
|clock_suspect=0
PMLE_LIVE_REPLAY_TIC|tic=3306|mle_ms=12.845|monotonic_ms=10|clock_delta_ms=2.845
|clock_suspect=0
PMLE_LIVE_REPLAY_TIC|tic=3307|mle_ms=65.034|monotonic_ms=70|clock_delta_ms=4.966
|clock_suspect=0
PMLE_LIVE_REPLAY_TIC|tic=3308|mle_ms=15.004|monotonic_ms=10|clock_delta_ms=5.004
|clock_suspect=0
PMLE_LIVE_REPLAY_TIC|tic=3309|mle_ms=10.308|monotonic_ms=10|clock_delta_ms=.308|
clock_suspect=0
PMLE_LIVE_REPLAY_TIC|tic=3310|mle_ms=54.754|monotonic_ms=60|clock_delta_ms=5.246
|clock_suspect=0
PMLE_LIVE_REPLAY_TIC|tic=3311|mle_ms=83.89|monotonic_ms=80|clock_delta_ms=3.89|c
lock_suspect=0
PMLE_LIVE_REPLAY_TIC|tic=3312|mle_ms=11.477|monotonic_ms=10|clock_delta_ms=1.477
|clock_suspect=0
PMLE_LIVE_REPLAY_TIC|tic=3313|mle_ms=75.315|monotonic_ms=80|clock_delta_ms=4.685
|clock_suspect=0
PMLE_LIVE_REPLAY_TIC|tic=3314|mle_ms=69.154|monotonic_ms=70|clock_delta_ms=.846|
clock_suspect=0
PMLE_LIVE_REPLAY_TIC|tic=3315|mle_ms=11.076|monotonic_ms=10|clock_delta_ms=1.076
|clock_suspect=0
PMLE_LIVE_REPLAY_TIC|tic=3316|mle_ms=76.456|monotonic_ms=80|clock_delta_ms=3.544
|clock_suspect=0
PMLE_LIVE_REPLAY_TIC|tic=3317|mle_ms=41.69|monotonic_ms=40|clock_delta_ms=1.69|c
lock_suspect=0
PMLE_LIVE_REPLAY_TIC|tic=3318|mle_ms=9.562|monotonic_ms=10|clock_delta_ms=.438|c
lock_suspect=0
PMLE_LIVE_REPLAY_TIC|tic=3319|mle_ms=51.608|monotonic_ms=50|clock_delta_ms=1.608
|clock_suspect=0
PMLE_LIVE_REPLAY_TIC|tic=3320|mle_ms=73.967|monotonic_ms=70|clock_delta_ms=3.967
|clock_suspect=0
PMLE_LIVE_REPLAY_TIC|tic=3321|mle_ms=67.511|monotonic_ms=70|clock_delta_ms=2.489
|clock_suspect=0
PMLE_LIVE_REPLAY_TIC|tic=3322|mle_ms=76.547|monotonic_ms=80|clock_delta_ms=3.453
|clock_suspect=0
PMLE_LIVE_REPLAY_TIC|tic=3323|mle_ms=107.834|monotonic_ms=110|clock_delta_ms=2.1
66|clock_suspect=0
PMLE_LIVE_REPLAY_TIC|tic=3324|mle_ms=17.787|monotonic_ms=10|clock_delta_ms=7.787
|clock_suspect=0
PMLE_LIVE_REPLAY_TIC|tic=3325|mle_ms=65.697|monotonic_ms=70|clock_delta_ms=4.303
|clock_suspect=0
PMLE_LIVE_REPLAY_TIC|tic=3326|mle_ms=101.785|monotonic_ms=100|clock_delta_ms=1.7
85|clock_suspect=0
PMLE_LIVE_REPLAY_TIC|tic=3327|mle_ms=12.774|monotonic_ms=10|clock_delta_ms=2.774
|clock_suspect=0
PMLE_LIVE_REPLAY_TIC|tic=3328|mle_ms=27.347|monotonic_ms=30|clock_delta_ms=2.653
|clock_suspect=0
PMLE_LIVE_REPLAY_TIC|tic=3329|mle_ms=65.659|monotonic_ms=70|clock_delta_ms=4.341
|clock_suspect=0
PMLE_LIVE_REPLAY_TIC|tic=3330|mle_ms=17.29|monotonic_ms=10|clock_delta_ms=7.29|c
lock_suspect=0
PMLE_LIVE_REPLAY_TIC|tic=3331|mle_ms=82.873|monotonic_ms=90|clock_delta_ms=7.127
|clock_suspect=0
PMLE_LIVE_REPLAY_TIC|tic=3332|mle_ms=59.689|monotonic_ms=60|clock_delta_ms=.311|
clock_suspect=0
PMLE_LIVE_REPLAY_TIC|tic=3333|mle_ms=34.028|monotonic_ms=30|clock_delta_ms=4.028
|clock_suspect=0
PMLE_LIVE_REPLAY_TIC|tic=3334|mle_ms=24.148|monotonic_ms=30|clock_delta_ms=5.852
|clock_suspect=0
PMLE_LIVE_REPLAY_TIC|tic=3335|mle_ms=65.376|monotonic_ms=60|clock_delta_ms=5.376
|clock_suspect=0
PMLE_LIVE_REPLAY_TIC|tic=3336|mle_ms=17.922|monotonic_ms=20|clock_delta_ms=2.078
|clock_suspect=0
PMLE_LIVE_REPLAY_TIC|tic=3337|mle_ms=17.846|monotonic_ms=20|clock_delta_ms=2.154
|clock_suspect=0
PMLE_LIVE_REPLAY_TIC|tic=3338|mle_ms=91.564|monotonic_ms=90|clock_delta_ms=1.564
|clock_suspect=0
PMLE_LIVE_REPLAY_TIC|tic=3339|mle_ms=30.7|monotonic_ms=30|clock_delta_ms=.7|cloc
k_suspect=0
PMLE_LIVE_REPLAY_TIC|tic=3340|mle_ms=25.607|monotonic_ms=30|clock_delta_ms=4.393
|clock_suspect=0
PMLE_LIVE_REPLAY_TIC|tic=3341|mle_ms=163.279|monotonic_ms=160|clock_delta_ms=3.2
79|clock_suspect=0
PMLE_LIVE_REPLAY_TIC|tic=3342|mle_ms=15.479|monotonic_ms=10|clock_delta_ms=5.479
|clock_suspect=0
PMLE_LIVE_REPLAY_TIC|tic=3343|mle_ms=36.983|monotonic_ms=40|clock_delta_ms=3.017
|clock_suspect=0
PMLE_LIVE_REPLAY_TIC|tic=3344|mle_ms=101.244|monotonic_ms=100|clock_delta_ms=1.2
44|clock_suspect=0
PMLE_LIVE_REPLAY_TIC|tic=3345|mle_ms=27.277|monotonic_ms=30|clock_delta_ms=2.723
|clock_suspect=0
PMLE_LIVE_REPLAY_TIC|tic=3346|mle_ms=95.901|monotonic_ms=100|clock_delta_ms=4.09
9|clock_suspect=0
PMLE_LIVE_REPLAY_TIC|tic=3347|mle_ms=84.567|monotonic_ms=80|clock_delta_ms=4.567
|clock_suspect=0
PMLE_LIVE_REPLAY_TIC|tic=3348|mle_ms=14.908|monotonic_ms=20|clock_delta_ms=5.092
|clock_suspect=0
PMLE_LIVE_REPLAY_TIC|tic=3349|mle_ms=96.983|monotonic_ms=90|clock_delta_ms=6.983
|clock_suspect=0
PMLE_LIVE_REPLAY_TIC|tic=3350|mle_ms=101.32|monotonic_ms=110|clock_delta_ms=8.68
|clock_suspect=0
PMLE_LIVE_REPLAY_TIC|tic=3351|mle_ms=80.501|monotonic_ms=80|clock_delta_ms=.501|
clock_suspect=0
PMLE_LIVE_REPLAY_TIC|tic=3352|mle_ms=69.153|monotonic_ms=60|clock_delta_ms=9.153
|clock_suspect=0
PMLE_LIVE_REPLAY_TIC|tic=3353|mle_ms=72.488|monotonic_ms=70|clock_delta_ms=2.488
|clock_suspect=0
PMLE_LIVE_REPLAY_TIC|tic=3354|mle_ms=11.297|monotonic_ms=10|clock_delta_ms=1.297
|clock_suspect=0
PMLE_LIVE_REPLAY_TIC|tic=3355|mle_ms=44.641|monotonic_ms=40|clock_delta_ms=4.641
|clock_suspect=0
PMLE_LIVE_REPLAY_TIC|tic=3356|mle_ms=40.706|monotonic_ms=40|clock_delta_ms=.706|
clock_suspect=0
PMLE_LIVE_REPLAY_TIC|tic=3357|mle_ms=9.057|monotonic_ms=10|clock_delta_ms=.943|c
lock_suspect=0
PMLE_LIVE_REPLAY_TIC|tic=3358|mle_ms=55.45|monotonic_ms=60|clock_delta_ms=4.55|c
lock_suspect=0
PMLE_LIVE_REPLAY_TIC|tic=3359|mle_ms=38.878|monotonic_ms=40|clock_delta_ms=1.122
|clock_suspect=0
PMLE_LIVE_REPLAY_TIC|tic=3360|mle_ms=9.287|monotonic_ms=10|clock_delta_ms=.713|c
lock_suspect=0
PMLE_LIVE_REPLAY_TIC|tic=3361|mle_ms=79.324|monotonic_ms=80|clock_delta_ms=.676|
clock_suspect=0
PMLE_LIVE_REPLAY_TIC|tic=3362|mle_ms=40.015|monotonic_ms=40|clock_delta_ms=.015|
clock_suspect=0
PMLE_LIVE_REPLAY_TIC|tic=3363|mle_ms=23.742|monotonic_ms=20|clock_delta_ms=3.742
|clock_suspect=0
PMLE_LIVE_REPLAY_TIC|tic=3364|mle_ms=65.288|monotonic_ms=70|clock_delta_ms=4.712
|clock_suspect=0
PMLE_LIVE_REPLAY_TIC|tic=3365|mle_ms=39.101|monotonic_ms=40|clock_delta_ms=.899|
clock_suspect=0
PMLE_LIVE_REPLAY_TIC|tic=3366|mle_ms=11.892|monotonic_ms=10|clock_delta_ms=1.892
|clock_suspect=0
PMLE_LIVE_REPLAY_TIC|tic=3367|mle_ms=58.661|monotonic_ms=60|clock_delta_ms=1.339
|clock_suspect=0
PMLE_LIVE_REPLAY_TIC|tic=3368|mle_ms=43.839|monotonic_ms=40|clock_delta_ms=3.839
|clock_suspect=0
PMLE_LIVE_REPLAY_TIC|tic=3369|mle_ms=8.975|monotonic_ms=10|clock_delta_ms=1.025|
clock_suspect=0
PMLE_LIVE_REPLAY_TIC|tic=3370|mle_ms=44.715|monotonic_ms=40|clock_delta_ms=4.715
|clock_suspect=0
PMLE_LIVE_REPLAY_TIC|tic=3371|mle_ms=78.943|monotonic_ms=80|clock_delta_ms=1.057
|clock_suspect=0
PMLE_LIVE_REPLAY_TIC|tic=3372|mle_ms=13.67|monotonic_ms=20|clock_delta_ms=6.33|c
lock_suspect=0
PMLE_LIVE_REPLAY_TIC|tic=3373|mle_ms=89.445|monotonic_ms=90|clock_delta_ms=.555|
clock_suspect=0
PMLE_LIVE_REPLAY_TIC|tic=3374|mle_ms=-46.906|monotonic_ms=50|clock_delta_ms=96.9
06|clock_suspect=1
PMLE_LIVE_REPLAY_TIC|tic=3375|mle_ms=8.47|monotonic_ms=10|clock_delta_ms=1.53|cl
ock_suspect=0
PMLE_LIVE_REPLAY_TIC|tic=3376|mle_ms=47.285|monotonic_ms=50|clock_delta_ms=2.715
|clock_suspect=0
PMLE_LIVE_REPLAY_TIC|tic=3377|mle_ms=37.956|monotonic_ms=40|clock_delta_ms=2.044
|clock_suspect=0
PMLE_LIVE_REPLAY_TIC|tic=3378|mle_ms=9.216|monotonic_ms=10|clock_delta_ms=.784|c
lock_suspect=0
PMLE_LIVE_REPLAY_TIC|tic=3379|mle_ms=46.635|monotonic_ms=40|clock_delta_ms=6.635
|clock_suspect=0
PMLE_LIVE_REPLAY_TIC|tic=3380|mle_ms=41.385|monotonic_ms=50|clock_delta_ms=8.615
|clock_suspect=0
PMLE_LIVE_REPLAY_TIC|tic=3381|mle_ms=46.142|monotonic_ms=40|clock_delta_ms=6.142
|clock_suspect=0
PMLE_LIVE_REPLAY_TIC|tic=3382|mle_ms=16.936|monotonic_ms=20|clock_delta_ms=3.064
|clock_suspect=0
PMLE_LIVE_REPLAY_TIC|tic=3383|mle_ms=60.903|monotonic_ms=60|clock_delta_ms=.903|
clock_suspect=0
PMLE_LIVE_REPLAY_TIC|tic=3384|mle_ms=13.041|monotonic_ms=10|clock_delta_ms=3.041
|clock_suspect=0
PMLE_LIVE_REPLAY_TIC|tic=3385|mle_ms=24.262|monotonic_ms=30|clock_delta_ms=5.738
|clock_suspect=0
PMLE_LIVE_REPLAY_TIC|tic=3386|mle_ms=52.082|monotonic_ms=50|clock_delta_ms=2.082
|clock_suspect=0
PMLE_LIVE_REPLAY_TIC|tic=3387|mle_ms=15.903|monotonic_ms=20|clock_delta_ms=4.097
|clock_suspect=0
PMLE_LIVE_REPLAY_TIC|tic=3388|mle_ms=32.23|monotonic_ms=30|clock_delta_ms=2.23|c
lock_suspect=0
PMLE_LIVE_REPLAY_TIC|tic=3389|mle_ms=64.092|monotonic_ms=60|clock_delta_ms=4.092
|clock_suspect=0
PMLE_LIVE_REPLAY_TIC|tic=3390|mle_ms=17.03|monotonic_ms=20|clock_delta_ms=2.97|c
lock_suspect=0
PMLE_LIVE_REPLAY_TIC|tic=3391|mle_ms=71.145|monotonic_ms=70|clock_delta_ms=1.145
|clock_suspect=0
PMLE_LIVE_REPLAY_TIC|tic=3392|mle_ms=26.163|monotonic_ms=30|clock_delta_ms=3.837
|clock_suspect=0
PMLE_LIVE_REPLAY_TIC|tic=3393|mle_ms=29.296|monotonic_ms=30|clock_delta_ms=.704|
clock_suspect=0
PMLE_LIVE_REPLAY_TIC|tic=3394|mle_ms=24.912|monotonic_ms=20|clock_delta_ms=4.912
|clock_suspect=0
PMLE_LIVE_REPLAY_TIC|tic=3395|mle_ms=22.35|monotonic_ms=20|clock_delta_ms=2.35|c
lock_suspect=0
PMLE_LIVE_REPLAY_TIC|tic=3396|mle_ms=19.332|monotonic_ms=20|clock_delta_ms=.668|
clock_suspect=0
PMLE_LIVE_REPLAY_TIC|tic=3397|mle_ms=21.865|monotonic_ms=20|clock_delta_ms=1.865
|clock_suspect=0
PMLE_LIVE_REPLAY_TIC|tic=3398|mle_ms=54.818|monotonic_ms=60|clock_delta_ms=5.182
|clock_suspect=0
PMLE_LIVE_REPLAY_TIC|tic=3399|mle_ms=16.889|monotonic_ms=20|clock_delta_ms=3.111
|clock_suspect=0
PMLE_LIVE_REPLAY_TIC|tic=3400|mle_ms=20.968|monotonic_ms=20|clock_delta_ms=.968|
clock_suspect=0
PMLE_LIVE_REPLAY_TIC|tic=3401|mle_ms=99.153|monotonic_ms=100|clock_delta_ms=.847
|clock_suspect=0
PMLE_LIVE_REPLAY_TIC|tic=3402|mle_ms=19.019|monotonic_ms=20|clock_delta_ms=.981|
clock_suspect=0
PMLE_LIVE_REPLAY_TIC|tic=3403|mle_ms=32.412|monotonic_ms=30|clock_delta_ms=2.412
|clock_suspect=0
PMLE_LIVE_REPLAY_TIC|tic=3404|mle_ms=49.472|monotonic_ms=50|clock_delta_ms=.528|
clock_suspect=0
PMLE_LIVE_REPLAY_TIC|tic=3405|mle_ms=17.392|monotonic_ms=20|clock_delta_ms=2.608
|clock_suspect=0
PMLE_LIVE_REPLAY_TIC|tic=3406|mle_ms=61.456|monotonic_ms=60|clock_delta_ms=1.456
|clock_suspect=0
PMLE_LIVE_REPLAY_TIC|tic=3407|mle_ms=49.899|monotonic_ms=50|clock_delta_ms=.101|
clock_suspect=0
PMLE_LIVE_REPLAY_TIC|tic=3408|mle_ms=15.157|monotonic_ms=20|clock_delta_ms=4.843
|clock_suspect=0
PMLE_LIVE_REPLAY_TIC|tic=3409|mle_ms=55.98|monotonic_ms=50|clock_delta_ms=5.98|c
lock_suspect=0
PMLE_LIVE_REPLAY_TIC|tic=3410|mle_ms=41.578|monotonic_ms=40|clock_delta_ms=1.578
|clock_suspect=0
PMLE_LIVE_REPLAY_TIC|tic=3411|mle_ms=46.486|monotonic_ms=50|clock_delta_ms=3.514
|clock_suspect=0
PMLE_LIVE_REPLAY_TIC|tic=3412|mle_ms=52.284|monotonic_ms=50|clock_delta_ms=2.284
|clock_suspect=0
PMLE_LIVE_REPLAY_TIC|tic=3413|mle_ms=59.659|monotonic_ms=60|clock_delta_ms=.341|
clock_suspect=0
PMLE_LIVE_REPLAY_TIC|tic=3414|mle_ms=29.548|monotonic_ms=30|clock_delta_ms=.452|
clock_suspect=0
PMLE_LIVE_REPLAY_TIC|tic=3415|mle_ms=63.316|monotonic_ms=70|clock_delta_ms=6.684
|clock_suspect=0
PMLE_LIVE_REPLAY_TIC|tic=3416|mle_ms=73.477|monotonic_ms=70|clock_delta_ms=3.477
|clock_suspect=0
PMLE_LIVE_REPLAY_TIC|tic=3417|mle_ms=11.16|monotonic_ms=10|clock_delta_ms=1.16|c
lock_suspect=0
PMLE_LIVE_REPLAY_TIC|tic=3418|mle_ms=58.815|monotonic_ms=60|clock_delta_ms=1.185
|clock_suspect=0
PMLE_LIVE_REPLAY_TIC|tic=3419|mle_ms=61.956|monotonic_ms=60|clock_delta_ms=1.956
|clock_suspect=0
PMLE_LIVE_REPLAY_TIC|tic=3420|mle_ms=11.653|monotonic_ms=10|clock_delta_ms=1.653
|clock_suspect=0
PMLE_LIVE_REPLAY_TIC|tic=3421|mle_ms=112.966|monotonic_ms=120|clock_delta_ms=7.0
34|clock_suspect=0
PMLE_LIVE_REPLAY_TIC|tic=3422|mle_ms=89.254|monotonic_ms=90|clock_delta_ms=.746|
clock_suspect=0
PMLE_LIVE_REPLAY_TIC|tic=3423|mle_ms=66.157|monotonic_ms=60|clock_delta_ms=6.157
|clock_suspect=0
PMLE_LIVE_REPLAY_TIC|tic=3424|mle_ms=73.644|monotonic_ms=80|clock_delta_ms=6.356
|clock_suspect=0
PMLE_LIVE_REPLAY_TIC|tic=3425|mle_ms=48.862|monotonic_ms=40|clock_delta_ms=8.862
|clock_suspect=0
PMLE_LIVE_REPLAY_TIC|tic=3426|mle_ms=31.053|monotonic_ms=40|clock_delta_ms=8.947
|clock_suspect=0
PMLE_LIVE_REPLAY_TIC|tic=3427|mle_ms=51.461|monotonic_ms=50|clock_delta_ms=1.461
|clock_suspect=0
PMLE_LIVE_REPLAY_TIC|tic=3428|mle_ms=70.297|monotonic_ms=70|clock_delta_ms=.297|
clock_suspect=0
PMLE_LIVE_REPLAY_TIC|tic=3429|mle_ms=28.398|monotonic_ms=30|clock_delta_ms=1.602
|clock_suspect=0
PMLE_LIVE_REPLAY_TIC|tic=3430|mle_ms=67.444|monotonic_ms=60|clock_delta_ms=7.444
|clock_suspect=0
PMLE_LIVE_REPLAY_TIC|tic=3431|mle_ms=71.905|monotonic_ms=80|clock_delta_ms=8.095
|clock_suspect=0
PMLE_LIVE_REPLAY_TIC|tic=3432|mle_ms=29.05|monotonic_ms=20|clock_delta_ms=9.05|c
lock_suspect=0
PMLE_LIVE_REPLAY_TIC|tic=3433|mle_ms=92.047|monotonic_ms=100|clock_delta_ms=7.95
3|clock_suspect=0
PMLE_LIVE_REPLAY_TIC|tic=3434|mle_ms=76.683|monotonic_ms=70|clock_delta_ms=6.683
|clock_suspect=0
PMLE_LIVE_REPLAY_TIC|tic=3435|mle_ms=36.352|monotonic_ms=40|clock_delta_ms=3.648
|clock_suspect=0
PMLE_LIVE_REPLAY_TIC|tic=3436|mle_ms=85.756|monotonic_ms=90|clock_delta_ms=4.244
|clock_suspect=0
PMLE_LIVE_REPLAY_TIC|tic=3437|mle_ms=69.493|monotonic_ms=70|clock_delta_ms=.507|
clock_suspect=0
PMLE_LIVE_REPLAY_TIC|tic=3438|mle_ms=27.428|monotonic_ms=20|clock_delta_ms=7.428
|clock_suspect=0
PMLE_LIVE_REPLAY_TIC|tic=3439|mle_ms=66.53|monotonic_ms=70|clock_delta_ms=3.47|c
lock_suspect=0
PMLE_LIVE_REPLAY_TIC|tic=3440|mle_ms=63.035|monotonic_ms=60|clock_delta_ms=3.035
|clock_suspect=0
PMLE_LIVE_REPLAY_TIC|tic=3441|mle_ms=37.284|monotonic_ms=40|clock_delta_ms=2.716
|clock_suspect=0
PMLE_LIVE_REPLAY_TIC|tic=3442|mle_ms=67.355|monotonic_ms=70|clock_delta_ms=2.645
|clock_suspect=0
PMLE_LIVE_REPLAY_TIC|tic=3443|mle_ms=79.626|monotonic_ms=80|clock_delta_ms=.374|
clock_suspect=0
PMLE_LIVE_REPLAY_TIC|tic=3444|mle_ms=37.397|monotonic_ms=40|clock_delta_ms=2.603
|clock_suspect=0
PMLE_LIVE_REPLAY_TIC|tic=3445|mle_ms=82.392|monotonic_ms=80|clock_delta_ms=2.392
|clock_suspect=0
PMLE_LIVE_REPLAY_TIC|tic=3446|mle_ms=104.394|monotonic_ms=100|clock_delta_ms=4.3
94|clock_suspect=0
PMLE_LIVE_REPLAY_TIC|tic=3447|mle_ms=28.93|monotonic_ms=30|clock_delta_ms=1.07|c
lock_suspect=0
PMLE_LIVE_REPLAY_TIC|tic=3448|mle_ms=82.82|monotonic_ms=80|clock_delta_ms=2.82|c
lock_suspect=0
PMLE_LIVE_REPLAY_TIC|tic=3449|mle_ms=96.96|monotonic_ms=100|clock_delta_ms=3.04|
clock_suspect=0
PMLE_LIVE_REPLAY_TIC|tic=3450|mle_ms=30.074|monotonic_ms=30|clock_delta_ms=.074|
clock_suspect=0
PMLE_LIVE_REPLAY_TIC|tic=3451|mle_ms=81.744|monotonic_ms=80|clock_delta_ms=1.744
|clock_suspect=0
PMLE_LIVE_REPLAY_TIC|tic=3452|mle_ms=63.504|monotonic_ms=70|clock_delta_ms=6.496
|clock_suspect=0
PMLE_LIVE_REPLAY_TIC|tic=3453|mle_ms=45.497|monotonic_ms=40|clock_delta_ms=5.497
|clock_suspect=0
PMLE_LIVE_REPLAY_TIC|tic=3454|mle_ms=83.978|monotonic_ms=90|clock_delta_ms=6.022
|clock_suspect=0
PMLE_LIVE_REPLAY_TIC|tic=3455|mle_ms=74.759|monotonic_ms=70|clock_delta_ms=4.759
|clock_suspect=0
PMLE_LIVE_REPLAY_TIC|tic=3456|mle_ms=46.057|monotonic_ms=50|clock_delta_ms=3.943
|clock_suspect=0
PMLE_LIVE_REPLAY_TIC|tic=3457|mle_ms=63.242|monotonic_ms=60|clock_delta_ms=3.242
|clock_suspect=0
PMLE_LIVE_REPLAY_TIC|tic=3458|mle_ms=62.032|monotonic_ms=60|clock_delta_ms=2.032
|clock_suspect=0
PMLE_LIVE_REPLAY_TIC|tic=3459|mle_ms=25.585|monotonic_ms=30|clock_delta_ms=4.415
|clock_suspect=0
PMLE_LIVE_REPLAY_TIC|tic=3460|mle_ms=246.976|monotonic_ms=250|clock_delta_ms=3.0
24|clock_suspect=0
PMLE_LIVE_REPLAY_TIC|tic=3461|mle_ms=80.216|monotonic_ms=80|clock_delta_ms=.216|
clock_suspect=0
PMLE_LIVE_REPLAY_TIC|tic=3462|mle_ms=29.234|monotonic_ms=20|clock_delta_ms=9.234
|clock_suspect=0
PMLE_LIVE_REPLAY_TIC|tic=3463|mle_ms=284.193|monotonic_ms=290|clock_delta_ms=5.8
07|clock_suspect=0
PMLE_LIVE_REPLAY_TIC|tic=3464|mle_ms=158.394|monotonic_ms=160|clock_delta_ms=1.6
06|clock_suspect=0
PMLE_LIVE_REPLAY_TIC|tic=3465|mle_ms=53.307|monotonic_ms=50|clock_delta_ms=3.307
|clock_suspect=0
PMLE_LIVE_REPLAY_TIC|tic=3466|mle_ms=440.328|monotonic_ms=440|clock_delta_ms=.32
8|clock_suspect=0
PMLE_LIVE_REPLAY_TIC|tic=3467|mle_ms=113.89|monotonic_ms=120|clock_delta_ms=6.11
|clock_suspect=0
PMLE_LIVE_REPLAY_TIC|tic=3468|mle_ms=56.954|monotonic_ms=50|clock_delta_ms=6.954
|clock_suspect=0
PMLE_LIVE_REPLAY_TIC|tic=3469|mle_ms=313.702|monotonic_ms=320|clock_delta_ms=6.2
98|clock_suspect=0
PMLE_LIVE_REPLAY_TIC|tic=3470|mle_ms=99.71|monotonic_ms=100|clock_delta_ms=.29|c
lock_suspect=0
PMLE_LIVE_REPLAY_TIC|tic=3471|mle_ms=48.443|monotonic_ms=40|clock_delta_ms=8.443
|clock_suspect=0
PMLE_LIVE_REPLAY_TIC|tic=3472|mle_ms=340.968|monotonic_ms=350|clock_delta_ms=9.0
32|clock_suspect=0
PMLE_LIVE_REPLAY_TIC|tic=3473|mle_ms=143.089|monotonic_ms=140|clock_delta_ms=3.0
89|clock_suspect=0
PMLE_LIVE_REPLAY_TIC|tic=3474|mle_ms=73.089|monotonic_ms=70|clock_delta_ms=3.089
|clock_suspect=0
PMLE_LIVE_REPLAY_TIC|tic=3475|mle_ms=352.672|monotonic_ms=350|clock_delta_ms=2.6
72|clock_suspect=0
PMLE_LIVE_REPLAY_TIC|tic=3476|mle_ms=155.672|monotonic_ms=160|clock_delta_ms=4.3
28|clock_suspect=0
PMLE_LIVE_REPLAY_TIC|tic=3477|mle_ms=56.754|monotonic_ms=60|clock_delta_ms=3.246
|clock_suspect=0
PMLE_LIVE_REPLAY_TIC|tic=3478|mle_ms=107.344|monotonic_ms=100|clock_delta_ms=7.3
44|clock_suspect=0
PMLE_LIVE_REPLAY_TIC|tic=3479|mle_ms=96.348|monotonic_ms=100|clock_delta_ms=3.65
2|clock_suspect=0
PMLE_LIVE_REPLAY_TIC|tic=3480|mle_ms=51.795|monotonic_ms=50|clock_delta_ms=1.795
|clock_suspect=0
PMLE_LIVE_REPLAY_TIC|tic=3481|mle_ms=105.168|monotonic_ms=110|clock_delta_ms=4.8
32|clock_suspect=0
PMLE_LIVE_REPLAY_TIC|tic=3482|mle_ms=103.351|monotonic_ms=100|clock_delta_ms=3.3
51|clock_suspect=0
PMLE_LIVE_REPLAY_TIC|tic=3483|mle_ms=66.366|monotonic_ms=70|clock_delta_ms=3.634
|clock_suspect=0
PMLE_LIVE_REPLAY_TIC|tic=3484|mle_ms=106.149|monotonic_ms=100|clock_delta_ms=6.1
49|clock_suspect=0
PMLE_LIVE_REPLAY_TIC|tic=3485|mle_ms=88.796|monotonic_ms=90|clock_delta_ms=1.204
|clock_suspect=0
PMLE_LIVE_REPLAY_TIC|tic=3486|mle_ms=65.595|monotonic_ms=70|clock_delta_ms=4.405
|clock_suspect=0
PMLE_LIVE_REPLAY_TIC|tic=3487|mle_ms=67.516|monotonic_ms=70|clock_delta_ms=2.484
|clock_suspect=0
PMLE_LIVE_REPLAY_TIC|tic=3488|mle_ms=68.246|monotonic_ms=60|clock_delta_ms=8.246
|clock_suspect=0
PMLE_LIVE_REPLAY_TIC|tic=3489|mle_ms=33.126|monotonic_ms=40|clock_delta_ms=6.874
|clock_suspect=0
PMLE_LIVE_REPLAY_TIC|tic=3490|mle_ms=82.445|monotonic_ms=80|clock_delta_ms=2.445
|clock_suspect=0
PMLE_LIVE_REPLAY_TIC|tic=3491|mle_ms=80.227|monotonic_ms=80|clock_delta_ms=.227|
clock_suspect=0
PMLE_LIVE_REPLAY_TIC|tic=3492|mle_ms=34.12|monotonic_ms=40|clock_delta_ms=5.88|c
lock_suspect=0
PMLE_LIVE_REPLAY_TIC|tic=3493|mle_ms=86.466|monotonic_ms=80|clock_delta_ms=6.466
|clock_suspect=0
PMLE_LIVE_REPLAY_TIC|tic=3494|mle_ms=75.197|monotonic_ms=80|clock_delta_ms=4.803
|clock_suspect=0
PMLE_LIVE_REPLAY_TIC|tic=3495|mle_ms=31.534|monotonic_ms=30|clock_delta_ms=1.534
|clock_suspect=0
PMLE_LIVE_REPLAY_TIC|tic=3496|mle_ms=107.984|monotonic_ms=110|clock_delta_ms=2.0
16|clock_suspect=0
PMLE_LIVE_REPLAY_TIC|tic=3497|mle_ms=102.851|monotonic_ms=100|clock_delta_ms=2.8
51|clock_suspect=0
PMLE_LIVE_REPLAY_TIC|tic=3498|mle_ms=57.67|monotonic_ms=60|clock_delta_ms=2.33|c
lock_suspect=0
PMLE_LIVE_REPLAY_TIC|tic=3499|mle_ms=112.797|monotonic_ms=110|clock_delta_ms=2.7
97|clock_suspect=0
PMLE_LIVE_REPLAY_TIC|tic=3500|mle_ms=108.527|monotonic_ms=110|clock_delta_ms=1.4
73|clock_suspect=0
PMLE_LIVE_REPLAY_TIC|tic=3501|mle_ms=64.253|monotonic_ms=60|clock_delta_ms=4.253
|clock_suspect=0
PMLE_LIVE_REPLAY_TIC|tic=3502|mle_ms=98.115|monotonic_ms=100|clock_delta_ms=1.88
5|clock_suspect=0
PMLE_LIVE_REPLAY_TIC|tic=3503|mle_ms=123.794|monotonic_ms=130|clock_delta_ms=6.2
06|clock_suspect=0
PMLE_LIVE_REPLAY_TIC|tic=3504|mle_ms=70.983|monotonic_ms=70|clock_delta_ms=.983|
clock_suspect=0
PMLE_LIVE_REPLAY_TIC|tic=3505|mle_ms=119.24|monotonic_ms=120|clock_delta_ms=.76|
clock_suspect=0
PMLE_LIVE_REPLAY_TIC|tic=3506|mle_ms=112.267|monotonic_ms=110|clock_delta_ms=2.2
67|clock_suspect=0
PMLE_LIVE_REPLAY_TIC|tic=3507|mle_ms=56.353|monotonic_ms=50|clock_delta_ms=6.353
|clock_suspect=0
PMLE_LIVE_REPLAY_TIC|tic=3508|mle_ms=106.859|monotonic_ms=110|clock_delta_ms=3.1
41|clock_suspect=0
PMLE_LIVE_REPLAY_TIC|tic=3509|mle_ms=106.319|monotonic_ms=110|clock_delta_ms=3.6
81|clock_suspect=0
PMLE_LIVE_REPLAY_TIC|tic=3510|mle_ms=63.596|monotonic_ms=60|clock_delta_ms=3.596
|clock_suspect=0
PMLE_LIVE_REPLAY_TIC|tic=3511|mle_ms=118.935|monotonic_ms=120|clock_delta_ms=1.0
65|clock_suspect=0
PMLE_LIVE_REPLAY_TIC|tic=3512|mle_ms=115.47|monotonic_ms=120|clock_delta_ms=4.53
|clock_suspect=0
PMLE_LIVE_REPLAY_TIC|tic=3513|mle_ms=73.507|monotonic_ms=70|clock_delta_ms=3.507
|clock_suspect=0
PMLE_LIVE_REPLAY_TIC|tic=3514|mle_ms=101.076|monotonic_ms=100|clock_delta_ms=1.0
76|clock_suspect=0
PMLE_LIVE_REPLAY_TIC|tic=3515|mle_ms=78.871|monotonic_ms=80|clock_delta_ms=1.129
|clock_suspect=0
PMLE_LIVE_REPLAY_TIC|tic=3516|mle_ms=67.438|monotonic_ms=70|clock_delta_ms=2.562
|clock_suspect=0
PMLE_LIVE_REPLAY_TIC|tic=3517|mle_ms=83.946|monotonic_ms=80|clock_delta_ms=3.946
|clock_suspect=0
PMLE_LIVE_REPLAY_TIC|tic=3518|mle_ms=99.132|monotonic_ms=100|clock_delta_ms=.868
|clock_suspect=0
PMLE_LIVE_REPLAY_TIC|tic=3519|mle_ms=32.44|monotonic_ms=30|clock_delta_ms=2.44|c
lock_suspect=0
PMLE_LIVE_REPLAY_TIC|tic=3520|mle_ms=72.357|monotonic_ms=80|clock_delta_ms=7.643
|clock_suspect=0
PMLE_LIVE_REPLAY_TIC|tic=3521|mle_ms=82.009|monotonic_ms=80|clock_delta_ms=2.009
|clock_suspect=0
PMLE_LIVE_REPLAY_TIC|tic=3522|mle_ms=29.626|monotonic_ms=30|clock_delta_ms=.374|
clock_suspect=0
PMLE_LIVE_REPLAY_TIC|tic=3523|mle_ms=86.164|monotonic_ms=80|clock_delta_ms=6.164
|clock_suspect=0
PMLE_LIVE_REPLAY_TIC|tic=3524|mle_ms=85.143|monotonic_ms=90|clock_delta_ms=4.857
|clock_suspect=0
PMLE_LIVE_REPLAY_TIC|tic=3525|mle_ms=16.957|monotonic_ms=20|clock_delta_ms=3.043
|clock_suspect=0
PMLE_LIVE_REPLAY_TIC|tic=3526|mle_ms=72.382|monotonic_ms=70|clock_delta_ms=2.382
|clock_suspect=0
PMLE_LIVE_REPLAY_TIC|tic=3527|mle_ms=42.423|monotonic_ms=40|clock_delta_ms=2.423
|clock_suspect=0
PMLE_LIVE_REPLAY_TIC|tic=3528|mle_ms=11.257|monotonic_ms=10|clock_delta_ms=1.257
|clock_suspect=0
PMLE_LIVE_REPLAY_TIC|tic=3529|mle_ms=63.28|monotonic_ms=70|clock_delta_ms=6.72|c
lock_suspect=0
PMLE_LIVE_REPLAY_TIC|tic=3530|mle_ms=40.519|monotonic_ms=40|clock_delta_ms=.519|
clock_suspect=0
PMLE_LIVE_REPLAY_TIC|tic=3531|mle_ms=25.618|monotonic_ms=20|clock_delta_ms=5.618
|clock_suspect=0
PMLE_LIVE_REPLAY_TIC|tic=3532|mle_ms=47.863|monotonic_ms=50|clock_delta_ms=2.137
|clock_suspect=0
PMLE_LIVE_REPLAY_TIC|tic=3533|mle_ms=71.83|monotonic_ms=70|clock_delta_ms=1.83|c
lock_suspect=0
PMLE_LIVE_REPLAY_TIC|tic=3534|mle_ms=21.769|monotonic_ms=20|clock_delta_ms=1.769
|clock_suspect=0
PMLE_LIVE_REPLAY_TIC|tic=3535|mle_ms=61.172|monotonic_ms=70|clock_delta_ms=8.828
|clock_suspect=0
PMLE_LIVE_REPLAY_TIC|tic=3536|mle_ms=71.489|monotonic_ms=70|clock_delta_ms=1.489
|clock_suspect=0
PMLE_LIVE_REPLAY_TIC|tic=3537|mle_ms=11.092|monotonic_ms=10|clock_delta_ms=1.092
|clock_suspect=0
PMLE_LIVE_REPLAY_TIC|tic=3538|mle_ms=52.024|monotonic_ms=50|clock_delta_ms=2.024
|clock_suspect=0
PMLE_LIVE_REPLAY_TIC|tic=3539|mle_ms=45.626|monotonic_ms=50|clock_delta_ms=4.374
|clock_suspect=0
PMLE_LIVE_REPLAY_TIC|tic=3540|mle_ms=11.106|monotonic_ms=10|clock_delta_ms=1.106
|clock_suspect=0
PMLE_LIVE_REPLAY_TIC|tic=3541|mle_ms=75.979|monotonic_ms=70|clock_delta_ms=5.979
|clock_suspect=0
PMLE_LIVE_REPLAY_TIC|tic=3542|mle_ms=45.472|monotonic_ms=50|clock_delta_ms=4.528
|clock_suspect=0
PMLE_LIVE_REPLAY_TIC|tic=3543|mle_ms=24.79|monotonic_ms=20|clock_delta_ms=4.79|c
lock_suspect=0
PMLE_LIVE_REPLAY_TIC|tic=3544|mle_ms=57.755|monotonic_ms=60|clock_delta_ms=2.245
|clock_suspect=0
PMLE_LIVE_REPLAY_TIC|tic=3545|mle_ms=44.484|monotonic_ms=50|clock_delta_ms=5.516
|clock_suspect=0
PMLE_LIVE_REPLAY_TIC|tic=3546|mle_ms=38.089|monotonic_ms=30|clock_delta_ms=8.089
|clock_suspect=0
PMLE_LIVE_REPLAY_TIC|tic=3547|mle_ms=59.257|monotonic_ms=60|clock_delta_ms=.743|
clock_suspect=0
PMLE_LIVE_REPLAY_TIC|tic=3548|mle_ms=48.438|monotonic_ms=50|clock_delta_ms=1.562
|clock_suspect=0
PMLE_LIVE_REPLAY_TIC|tic=3549|mle_ms=11.962|monotonic_ms=10|clock_delta_ms=1.962
|clock_suspect=0
PMLE_LIVE_REPLAY_TIC|tic=3550|mle_ms=43.974|monotonic_ms=50|clock_delta_ms=6.026
|clock_suspect=0
PMLE_LIVE_REPLAY_TIC|tic=3551|mle_ms=59.289|monotonic_ms=60|clock_delta_ms=.711|
clock_suspect=0
PMLE_LIVE_REPLAY_TIC|tic=3552|mle_ms=11.877|monotonic_ms=10|clock_delta_ms=1.877
|clock_suspect=0
PMLE_LIVE_REPLAY_TIC|tic=3553|mle_ms=59.97|monotonic_ms=60|clock_delta_ms=.03|cl
ock_suspect=0
PMLE_LIVE_REPLAY_TIC|tic=3554|mle_ms=65.019|monotonic_ms=60|clock_delta_ms=5.019
|clock_suspect=0
PMLE_LIVE_REPLAY_TIC|tic=3555|mle_ms=12.195|monotonic_ms=20|clock_delta_ms=7.805
|clock_suspect=0
PMLE_LIVE_REPLAY_TIC|tic=3556|mle_ms=55.748|monotonic_ms=50|clock_delta_ms=5.748
|clock_suspect=0
PMLE_LIVE_REPLAY_TIC|tic=3557|mle_ms=44.272|monotonic_ms=50|clock_delta_ms=5.728
|clock_suspect=0
PMLE_LIVE_REPLAY_TIC|tic=3558|mle_ms=10.611|monotonic_ms=10|clock_delta_ms=.611|
clock_suspect=0
PMLE_LIVE_REPLAY_TIC|tic=3559|mle_ms=35.555|monotonic_ms=30|clock_delta_ms=5.555
|clock_suspect=0
PMLE_LIVE_REPLAY_TIC|tic=3560|mle_ms=42.976|monotonic_ms=50|clock_delta_ms=7.024
|clock_suspect=0
PMLE_LIVE_REPLAY_TIC|tic=3561|mle_ms=21.079|monotonic_ms=20|clock_delta_ms=1.079
|clock_suspect=0
PMLE_LIVE_REPLAY_TIC|tic=3562|mle_ms=40.367|monotonic_ms=40|clock_delta_ms=.367|
clock_suspect=0
PMLE_LIVE_REPLAY_TIC|tic=3563|mle_ms=64.654|monotonic_ms=60|clock_delta_ms=4.654
|clock_suspect=0
PMLE_LIVE_REPLAY_TIC|tic=3564|mle_ms=19.685|monotonic_ms=20|clock_delta_ms=.315|
clock_suspect=0
PMLE_LIVE_REPLAY_TIC|tic=3565|mle_ms=34.135|monotonic_ms=40|clock_delta_ms=5.865
|clock_suspect=0
PMLE_LIVE_REPLAY_TIC|tic=3566|mle_ms=87.882|monotonic_ms=80|clock_delta_ms=7.882
|clock_suspect=0
PMLE_LIVE_REPLAY_TIC|tic=3567|mle_ms=9.467|monotonic_ms=10|clock_delta_ms=.533|c
lock_suspect=0
PMLE_LIVE_REPLAY_TIC|tic=3568|mle_ms=32.996|monotonic_ms=40|clock_delta_ms=7.004
|clock_suspect=0
PMLE_LIVE_REPLAY_TIC|tic=3569|mle_ms=44.383|monotonic_ms=40|clock_delta_ms=4.383
|clock_suspect=0
PMLE_LIVE_REPLAY_TIC|tic=3570|mle_ms=11.103|monotonic_ms=10|clock_delta_ms=1.103
|clock_suspect=0
PMLE_LIVE_REPLAY_TIC|tic=3571|mle_ms=40.983|monotonic_ms=40|clock_delta_ms=.983|
clock_suspect=0
PMLE_LIVE_REPLAY_TIC|tic=3572|mle_ms=43.906|monotonic_ms=50|clock_delta_ms=6.094
|clock_suspect=0
PMLE_LIVE_REPLAY_TIC|tic=3573|mle_ms=24.913|monotonic_ms=20|clock_delta_ms=4.913
|clock_suspect=0
PMLE_LIVE_REPLAY_TIC|tic=3574|mle_ms=58.137|monotonic_ms=60|clock_delta_ms=1.863
|clock_suspect=0
PMLE_LIVE_REPLAY_TIC|tic=3575|mle_ms=44.114|monotonic_ms=40|clock_delta_ms=4.114
|clock_suspect=0
PMLE_LIVE_REPLAY_TIC|tic=3576|mle_ms=30.617|monotonic_ms=40|clock_delta_ms=9.383
|clock_suspect=0
PMLE_LIVE_REPLAY_TIC|tic=3577|mle_ms=51.855|monotonic_ms=50|clock_delta_ms=1.855
|clock_suspect=0
PMLE_LIVE_REPLAY_TIC|tic=3578|mle_ms=43.583|monotonic_ms=40|clock_delta_ms=3.583
|clock_suspect=0
PMLE_LIVE_REPLAY_TIC|tic=3579|mle_ms=9.286|monotonic_ms=10|clock_delta_ms=.714|c
lock_suspect=0
PMLE_LIVE_REPLAY_TIC|tic=3580|mle_ms=28.698|monotonic_ms=30|clock_delta_ms=1.302
|clock_suspect=0
PMLE_LIVE_REPLAY_TIC|tic=3581|mle_ms=49.763|monotonic_ms=50|clock_delta_ms=.237|
clock_suspect=0
PMLE_LIVE_REPLAY_TIC|tic=3582|mle_ms=9.807|monotonic_ms=10|clock_delta_ms=.193|c
lock_suspect=0
PMLE_LIVE_REPLAY_TIC|tic=3583|mle_ms=43.43|monotonic_ms=40|clock_delta_ms=3.43|c
lock_suspect=0
PMLE_LIVE_REPLAY_TIC|tic=3584|mle_ms=48.548|monotonic_ms=50|clock_delta_ms=1.452
|clock_suspect=0
PMLE_LIVE_REPLAY_TIC|tic=3585|mle_ms=7.864|monotonic_ms=10|clock_delta_ms=2.136|
clock_suspect=0
PMLE_LIVE_REPLAY_TIC|tic=3586|mle_ms=51.871|monotonic_ms=50|clock_delta_ms=1.871
|clock_suspect=0
PMLE_LIVE_REPLAY_TIC|tic=3587|mle_ms=35.918|monotonic_ms=40|clock_delta_ms=4.082
|clock_suspect=0
PMLE_LIVE_REPLAY_TIC|tic=3588|mle_ms=8.422|monotonic_ms=10|clock_delta_ms=1.578|
clock_suspect=0
PMLE_LIVE_REPLAY_TIC|tic=3589|mle_ms=32.804|monotonic_ms=30|clock_delta_ms=2.804
|clock_suspect=0
PMLE_LIVE_REPLAY_TIC|tic=3590|mle_ms=49.171|monotonic_ms=50|clock_delta_ms=.829|
clock_suspect=0
PMLE_LIVE_REPLAY_TIC|tic=3591|mle_ms=19.901|monotonic_ms=20|clock_delta_ms=.099|
clock_suspect=0
PMLE_LIVE_REPLAY_TIC|tic=3592|mle_ms=31.484|monotonic_ms=30|clock_delta_ms=1.484
|clock_suspect=0
PMLE_LIVE_REPLAY_TIC|tic=3593|mle_ms=66.618|monotonic_ms=70|clock_delta_ms=3.382
|clock_suspect=0
PMLE_LIVE_REPLAY_TIC|tic=3594|mle_ms=21.045|monotonic_ms=20|clock_delta_ms=1.045
|clock_suspect=0
PMLE_LIVE_REPLAY_TIC|tic=3595|mle_ms=34.094|monotonic_ms=30|clock_delta_ms=4.094
|clock_suspect=0
PMLE_LIVE_REPLAY_TIC|tic=3596|mle_ms=58.409|monotonic_ms=60|clock_delta_ms=1.591
|clock_suspect=0
PMLE_LIVE_REPLAY_TIC|tic=3597|mle_ms=7.777|monotonic_ms=10|clock_delta_ms=2.223|
clock_suspect=0
PMLE_LIVE_REPLAY_TIC|tic=3598|mle_ms=52.534|monotonic_ms=50|clock_delta_ms=2.534
|clock_suspect=0
PMLE_LIVE_REPLAY_TIC|tic=3599|mle_ms=38.673|monotonic_ms=40|clock_delta_ms=1.327
|clock_suspect=0
PMLE_LIVE_REPLAY_TIC|tic=3600|mle_ms=8.95|monotonic_ms=10|clock_delta_ms=1.05|cl
ock_suspect=0
PMLE_LIVE_REPLAY_TIC|tic=3601|mle_ms=50.655|monotonic_ms=60|clock_delta_ms=9.345
|clock_suspect=0
PMLE_LIVE_REPLAY_TIC|tic=3602|mle_ms=59.836|monotonic_ms=60|clock_delta_ms=.164|
clock_suspect=0
PMLE_LIVE_REPLAY_TIC|tic=3603|mle_ms=31.652|monotonic_ms=30|clock_delta_ms=1.652
|clock_suspect=0
PMLE_LIVE_REPLAY_TIC|tic=3604|mle_ms=71.34|monotonic_ms=70|clock_delta_ms=1.34|c
lock_suspect=0
PMLE_LIVE_REPLAY_TIC|tic=3605|mle_ms=51.104|monotonic_ms=50|clock_delta_ms=1.104
|clock_suspect=0
PMLE_LIVE_REPLAY_TIC|tic=3606|mle_ms=41.415|monotonic_ms=40|clock_delta_ms=1.415
|clock_suspect=0
PMLE_LIVE_REPLAY_TIC|tic=3607|mle_ms=44.033|monotonic_ms=50|clock_delta_ms=5.967
|clock_suspect=0
PMLE_LIVE_REPLAY_TIC|tic=3608|mle_ms=52.056|monotonic_ms=50|clock_delta_ms=2.056
|clock_suspect=0
PMLE_LIVE_REPLAY_TIC|tic=3609|mle_ms=11.641|monotonic_ms=10|clock_delta_ms=1.641
|clock_suspect=0
PMLE_LIVE_REPLAY_TIC|tic=3610|mle_ms=32.945|monotonic_ms=30|clock_delta_ms=2.945
|clock_suspect=0
PMLE_LIVE_REPLAY_TIC|tic=3611|mle_ms=66.129|monotonic_ms=70|clock_delta_ms=3.871
|clock_suspect=0
PMLE_LIVE_REPLAY_TIC|tic=3612|mle_ms=9.937|monotonic_ms=10|clock_delta_ms=.063|c
lock_suspect=0
PMLE_LIVE_REPLAY_TIC|tic=3613|mle_ms=42.235|monotonic_ms=40|clock_delta_ms=2.235
|clock_suspect=0
PMLE_LIVE_REPLAY_TIC|tic=3614|mle_ms=46.935|monotonic_ms=50|clock_delta_ms=3.065
|clock_suspect=0
PMLE_LIVE_REPLAY_TIC|tic=3615|mle_ms=8.318|monotonic_ms=10|clock_delta_ms=1.682|
clock_suspect=0
PMLE_LIVE_REPLAY_TIC|tic=3616|mle_ms=49.984|monotonic_ms=50|clock_delta_ms=.016|
clock_suspect=0
PMLE_LIVE_REPLAY_TIC|tic=3617|mle_ms=38.185|monotonic_ms=30|clock_delta_ms=8.185
|clock_suspect=0
PMLE_LIVE_REPLAY_TIC|tic=3618|mle_ms=8.224|monotonic_ms=10|clock_delta_ms=1.776|
clock_suspect=0
PMLE_LIVE_REPLAY_TIC|tic=3619|mle_ms=32.784|monotonic_ms=40|clock_delta_ms=7.216
|clock_suspect=0
PMLE_LIVE_REPLAY_TIC|tic=3620|mle_ms=60.82|monotonic_ms=60|clock_delta_ms=.82|cl
ock_suspect=0
PMLE_LIVE_REPLAY_TIC|tic=3621|mle_ms=18.752|monotonic_ms=20|clock_delta_ms=1.248
|clock_suspect=0
PMLE_LIVE_REPLAY_TIC|tic=3622|mle_ms=38.49|monotonic_ms=30|clock_delta_ms=8.49|c
lock_suspect=0
PMLE_LIVE_REPLAY_TIC|tic=3623|mle_ms=62.525|monotonic_ms=70|clock_delta_ms=7.475
|clock_suspect=0
PMLE_LIVE_REPLAY_TIC|tic=3624|mle_ms=18.441|monotonic_ms=20|clock_delta_ms=1.559
|clock_suspect=0
PMLE_LIVE_REPLAY_TIC|tic=3625|mle_ms=29.707|monotonic_ms=20|clock_delta_ms=9.707
|clock_suspect=0
PMLE_LIVE_REPLAY_TIC|tic=3626|mle_ms=76.158|monotonic_ms=80|clock_delta_ms=3.842
|clock_suspect=0
PMLE_LIVE_REPLAY_TIC|tic=3627|mle_ms=9.772|monotonic_ms=10|clock_delta_ms=.228|c
lock_suspect=0
PMLE_LIVE_REPLAY_TIC|tic=3628|mle_ms=74.398|monotonic_ms=80|clock_delta_ms=5.602
|clock_suspect=0
PMLE_LIVE_REPLAY_TIC|tic=3629|mle_ms=73.118|monotonic_ms=70|clock_delta_ms=3.118
|clock_suspect=0
PMLE_LIVE_REPLAY_TIC|tic=3630|mle_ms=13.053|monotonic_ms=10|clock_delta_ms=3.053
|clock_suspect=0
PMLE_LIVE_REPLAY_TIC|tic=3631|mle_ms=63.757|monotonic_ms=70|clock_delta_ms=6.243
|clock_suspect=0
PMLE_LIVE_REPLAY_TIC|tic=3632|mle_ms=62.142|monotonic_ms=60|clock_delta_ms=2.142
|clock_suspect=0
PMLE_LIVE_REPLAY_TIC|tic=3633|mle_ms=34.695|monotonic_ms=30|clock_delta_ms=4.695
|clock_suspect=0
PMLE_LIVE_REPLAY_TIC|tic=3634|mle_ms=53.224|monotonic_ms=60|clock_delta_ms=6.776
|clock_suspect=0
PMLE_LIVE_REPLAY_TIC|tic=3635|mle_ms=57.382|monotonic_ms=50|clock_delta_ms=7.382
|clock_suspect=0
PMLE_LIVE_REPLAY_TIC|tic=3636|mle_ms=42.987|monotonic_ms=50|clock_delta_ms=7.013
|clock_suspect=0
PMLE_LIVE_REPLAY_TIC|tic=3637|mle_ms=39.932|monotonic_ms=40|clock_delta_ms=.068|
clock_suspect=0
PMLE_LIVE_REPLAY_TIC|tic=3638|mle_ms=102.819|monotonic_ms=100|clock_delta_ms=2.8
19|clock_suspect=0
PMLE_LIVE_REPLAY_TIC|tic=3639|mle_ms=25.001|monotonic_ms=20|clock_delta_ms=5.001
|clock_suspect=0
PMLE_LIVE_REPLAY_TIC|tic=3640|mle_ms=55.825|monotonic_ms=60|clock_delta_ms=4.175
|clock_suspect=0
PMLE_LIVE_REPLAY_TIC|tic=3641|mle_ms=97.051|monotonic_ms=100|clock_delta_ms=2.94
9|clock_suspect=0
PMLE_LIVE_REPLAY_TIC|tic=3642|mle_ms=14.611|monotonic_ms=10|clock_delta_ms=4.611
|clock_suspect=0
PMLE_LIVE_REPLAY_TIC|tic=3643|mle_ms=71.905|monotonic_ms=70|clock_delta_ms=1.905
|clock_suspect=0
PMLE_LIVE_REPLAY_TIC|tic=3644|mle_ms=74.516|monotonic_ms=80|clock_delta_ms=5.484
|clock_suspect=0
PMLE_LIVE_REPLAY_TIC|tic=3645|mle_ms=11.289|monotonic_ms=10|clock_delta_ms=1.289
|clock_suspect=0
PMLE_LIVE_REPLAY_TIC|tic=3646|mle_ms=72.159|monotonic_ms=70|clock_delta_ms=2.159
|clock_suspect=0
PMLE_LIVE_REPLAY_TIC|tic=3647|mle_ms=58.659|monotonic_ms=60|clock_delta_ms=1.341
|clock_suspect=0
PMLE_LIVE_REPLAY_TIC|tic=3648|mle_ms=11.286|monotonic_ms=10|clock_delta_ms=1.286
|clock_suspect=0
PMLE_LIVE_REPLAY_TIC|tic=3649|mle_ms=50.284|monotonic_ms=50|clock_delta_ms=.284|
clock_suspect=0
PMLE_LIVE_REPLAY_TIC|tic=3650|mle_ms=63.562|monotonic_ms=70|clock_delta_ms=6.438
|clock_suspect=0
PMLE_LIVE_REPLAY_TIC|tic=3651|mle_ms=31.679|monotonic_ms=30|clock_delta_ms=1.679
|clock_suspect=0
PMLE_LIVE_REPLAY_TIC|tic=3652|mle_ms=75.565|monotonic_ms=70|clock_delta_ms=5.565
|clock_suspect=0
PMLE_LIVE_REPLAY_TIC|tic=3653|mle_ms=78.414|monotonic_ms=80|clock_delta_ms=1.586
|clock_suspect=0
PMLE_LIVE_REPLAY_TIC|tic=3654|mle_ms=24.437|monotonic_ms=30|clock_delta_ms=5.563
|clock_suspect=0
PMLE_LIVE_REPLAY_TIC|tic=3655|mle_ms=63.673|monotonic_ms=60|clock_delta_ms=3.673
|clock_suspect=0
PMLE_LIVE_REPLAY_TIC|tic=3656|mle_ms=92.97|monotonic_ms=90|clock_delta_ms=2.97|c
lock_suspect=0
PMLE_LIVE_REPLAY_TIC|tic=3657|mle_ms=9.918|monotonic_ms=10|clock_delta_ms=.082|c
lock_suspect=0
PMLE_LIVE_REPLAY_TIC|tic=3658|mle_ms=63.972|monotonic_ms=70|clock_delta_ms=6.028
|clock_suspect=0
PMLE_LIVE_REPLAY_TIC|tic=3659|mle_ms=83.671|monotonic_ms=80|clock_delta_ms=3.671
|clock_suspect=0
PMLE_LIVE_REPLAY_TIC|tic=3660|mle_ms=11.064|monotonic_ms=10|clock_delta_ms=1.064
|clock_suspect=0
PMLE_LIVE_REPLAY_TIC|tic=3661|mle_ms=70.738|monotonic_ms=70|clock_delta_ms=.738|
clock_suspect=0
PMLE_LIVE_REPLAY_TIC|tic=3662|mle_ms=54.553|monotonic_ms=60|clock_delta_ms=5.447
|clock_suspect=0
PMLE_LIVE_REPLAY_TIC|tic=3663|mle_ms=23.23|monotonic_ms=20|clock_delta_ms=3.23|c
lock_suspect=0
PMLE_LIVE_REPLAY_TIC|tic=3664|mle_ms=58.194|monotonic_ms=60|clock_delta_ms=1.806
|clock_suspect=0
PMLE_LIVE_REPLAY_TIC|tic=3665|mle_ms=60.379|monotonic_ms=60|clock_delta_ms=.379|
clock_suspect=0
PMLE_LIVE_REPLAY_TIC|tic=3666|mle_ms=34.786|monotonic_ms=40|clock_delta_ms=5.214
|clock_suspect=0
PMLE_LIVE_REPLAY_TIC|tic=3667|mle_ms=40.971|monotonic_ms=40|clock_delta_ms=.971|
clock_suspect=0
PMLE_LIVE_REPLAY_TIC|tic=3668|mle_ms=58.666|monotonic_ms=60|clock_delta_ms=1.334
|clock_suspect=0
PMLE_LIVE_REPLAY_TIC|tic=3669|mle_ms=12.105|monotonic_ms=10|clock_delta_ms=2.105
|clock_suspect=0
PMLE_LIVE_REPLAY_TIC|tic=3670|mle_ms=40.05|monotonic_ms=40|clock_delta_ms=.05|cl
ock_suspect=0
PMLE_LIVE_REPLAY_TIC|tic=3671|mle_ms=67.061|monotonic_ms=60|clock_delta_ms=7.061
|clock_suspect=0
PMLE_LIVE_REPLAY_TIC|tic=3672|mle_ms=11.326|monotonic_ms=10|clock_delta_ms=1.326
|clock_suspect=0
PMLE_LIVE_REPLAY_TIC|tic=3673|mle_ms=45.957|monotonic_ms=40|clock_delta_ms=5.957
|clock_suspect=0
PMLE_LIVE_REPLAY_TIC|tic=3674|mle_ms=52.488|monotonic_ms=50|clock_delta_ms=2.488
|clock_suspect=0
PMLE_LIVE_REPLAY_TIC|tic=3675|mle_ms=12.55|monotonic_ms=20|clock_delta_ms=7.45|c
lock_suspect=0
PMLE_LIVE_REPLAY_TIC|tic=3676|mle_ms=59.983|monotonic_ms=60|clock_delta_ms=.017|
clock_suspect=0
PMLE_LIVE_REPLAY_TIC|tic=3677|mle_ms=47.471|monotonic_ms=50|clock_delta_ms=2.529
|clock_suspect=0
PMLE_LIVE_REPLAY_TIC|tic=3678|mle_ms=8.536|monotonic_ms=0|clock_delta_ms=8.536|c
lock_suspect=0
PMLE_LIVE_REPLAY_TIC|tic=3679|mle_ms=31.88|monotonic_ms=40|clock_delta_ms=8.12|c
lock_suspect=0
PMLE_LIVE_REPLAY_TIC|tic=3680|mle_ms=53.011|monotonic_ms=50|clock_delta_ms=3.011
|clock_suspect=0
PMLE_LIVE_REPLAY_TIC|tic=3681|mle_ms=24.97|monotonic_ms=20|clock_delta_ms=4.97|c
lock_suspect=0
PMLE_LIVE_REPLAY_TIC|tic=3682|mle_ms=60.575|monotonic_ms=60|clock_delta_ms=.575|
clock_suspect=0
PMLE_LIVE_REPLAY_TIC|tic=3683|mle_ms=73.962|monotonic_ms=80|clock_delta_ms=6.038
|clock_suspect=0
PMLE_LIVE_REPLAY_TIC|tic=3684|mle_ms=24.879|monotonic_ms=20|clock_delta_ms=4.879
|clock_suspect=0
PMLE_LIVE_REPLAY_TIC|tic=3685|mle_ms=36.105|monotonic_ms=40|clock_delta_ms=3.895
|clock_suspect=0
PMLE_LIVE_REPLAY_TIC|tic=3686|mle_ms=92.47|monotonic_ms=90|clock_delta_ms=2.47|c
lock_suspect=0
PMLE_LIVE_REPLAY_TIC|tic=3687|mle_ms=10.906|monotonic_ms=10|clock_delta_ms=.906|
clock_suspect=0
PMLE_LIVE_REPLAY_TIC|tic=3688|mle_ms=43.821|monotonic_ms=50|clock_delta_ms=6.179
|clock_suspect=0
PMLE_LIVE_REPLAY_TIC|tic=3689|mle_ms=63.4|monotonic_ms=60|clock_delta_ms=3.4|clo
ck_suspect=0
PMLE_LIVE_REPLAY_TIC|tic=3690|mle_ms=10.599|monotonic_ms=10|clock_delta_ms=.599|
clock_suspect=0
PMLE_LIVE_REPLAY_TIC|tic=3691|mle_ms=53.678|monotonic_ms=60|clock_delta_ms=6.322
|clock_suspect=0
PMLE_LIVE_REPLAY_TIC|tic=3692|mle_ms=54.549|monotonic_ms=50|clock_delta_ms=4.549
|clock_suspect=0
PMLE_LIVE_REPLAY_TIC|tic=3693|mle_ms=30.326|monotonic_ms=30|clock_delta_ms=.326|
clock_suspect=0
PMLE_LIVE_REPLAY_TIC|tic=3694|mle_ms=55.049|monotonic_ms=60|clock_delta_ms=4.951
|clock_suspect=0
PMLE_LIVE_REPLAY_TIC|tic=3695|mle_ms=52.004|monotonic_ms=50|clock_delta_ms=2.004
|clock_suspect=0
PMLE_LIVE_REPLAY_TIC|tic=3696|mle_ms=34.98|monotonic_ms=30|clock_delta_ms=4.98|c
lock_suspect=0
PMLE_LIVE_REPLAY_TIC|tic=3697|mle_ms=43.899|monotonic_ms=50|clock_delta_ms=6.101
|clock_suspect=0
PMLE_LIVE_REPLAY_TIC|tic=3698|mle_ms=53.049|monotonic_ms=50|clock_delta_ms=3.049
|clock_suspect=0
PMLE_LIVE_REPLAY_TIC|tic=3699|mle_ms=10.19|monotonic_ms=10|clock_delta_ms=.19|cl
ock_suspect=0
PMLE_LIVE_REPLAY_TIC|tic=3700|mle_ms=41.705|monotonic_ms=40|clock_delta_ms=1.705
|clock_suspect=0
PMLE_LIVE_REPLAY_TIC|tic=3701|mle_ms=64.287|monotonic_ms=70|clock_delta_ms=5.713
|clock_suspect=0
PMLE_LIVE_REPLAY_TIC|tic=3702|mle_ms=11.212|monotonic_ms=10|clock_delta_ms=1.212
|clock_suspect=0
PMLE_LIVE_REPLAY_TIC|tic=3703|mle_ms=57.043|monotonic_ms=60|clock_delta_ms=2.957
|clock_suspect=0
PMLE_LIVE_REPLAY_TIC|tic=3704|mle_ms=69.048|monotonic_ms=70|clock_delta_ms=.952|
clock_suspect=0
PMLE_LIVE_REPLAY_TIC|tic=3705|mle_ms=9.778|monotonic_ms=10|clock_delta_ms=.222|c
lock_suspect=0
PMLE_LIVE_REPLAY_TIC|tic=3706|mle_ms=85.622|monotonic_ms=80|clock_delta_ms=5.622
|clock_suspect=0
PMLE_LIVE_REPLAY_TIC|tic=3707|mle_ms=46.076|monotonic_ms=50|clock_delta_ms=3.924
|clock_suspect=0
PMLE_LIVE_REPLAY_TIC|tic=3708|mle_ms=10.782|monotonic_ms=10|clock_delta_ms=.782|
clock_suspect=0
PMLE_LIVE_REPLAY_TIC|tic=3709|mle_ms=53.583|monotonic_ms=50|clock_delta_ms=3.583
|clock_suspect=0
PMLE_LIVE_REPLAY_TIC|tic=3710|mle_ms=43.483|monotonic_ms=50|clock_delta_ms=6.517
|clock_suspect=0
PMLE_LIVE_REPLAY_TIC|tic=3711|mle_ms=23.577|monotonic_ms=20|clock_delta_ms=3.577
|clock_suspect=0
PMLE_LIVE_REPLAY_TIC|tic=3712|mle_ms=48.535|monotonic_ms=50|clock_delta_ms=1.465
|clock_suspect=0
PMLE_LIVE_REPLAY_TIC|tic=3713|mle_ms=61.09|monotonic_ms=60|clock_delta_ms=1.09|c
lock_suspect=0
PMLE_LIVE_REPLAY_TIC|tic=3714|mle_ms=18.949|monotonic_ms=20|clock_delta_ms=1.051
|clock_suspect=0
PMLE_LIVE_REPLAY_TIC|tic=3715|mle_ms=49.026|monotonic_ms=50|clock_delta_ms=.974|
clock_suspect=0
PMLE_LIVE_REPLAY_TIC|tic=3716|mle_ms=79.318|monotonic_ms=80|clock_delta_ms=.682|
clock_suspect=0
PMLE_LIVE_REPLAY_TIC|tic=3717|mle_ms=13.205|monotonic_ms=10|clock_delta_ms=3.205
|clock_suspect=0
PMLE_LIVE_REPLAY_TIC|tic=3718|mle_ms=68.088|monotonic_ms=70|clock_delta_ms=1.912
|clock_suspect=0
PMLE_LIVE_REPLAY_TIC|tic=3719|mle_ms=61.197|monotonic_ms=60|clock_delta_ms=1.197
|clock_suspect=0
PMLE_LIVE_REPLAY_TIC|tic=3720|mle_ms=11.361|monotonic_ms=10|clock_delta_ms=1.361
|clock_suspect=0
PMLE_LIVE_REPLAY_TIC|tic=3721|mle_ms=82.743|monotonic_ms=80|clock_delta_ms=2.743
|clock_suspect=0
PMLE_LIVE_REPLAY_TIC|tic=3722|mle_ms=53.094|monotonic_ms=60|clock_delta_ms=6.906
|clock_suspect=0
PMLE_LIVE_REPLAY_TIC|tic=3723|mle_ms=29.731|monotonic_ms=30|clock_delta_ms=.269|
clock_suspect=0
PMLE_LIVE_REPLAY_TIC|tic=3724|mle_ms=76.963|monotonic_ms=70|clock_delta_ms=6.963
|clock_suspect=0
PMLE_LIVE_REPLAY_TIC|tic=3725|mle_ms=63.712|monotonic_ms=70|clock_delta_ms=6.288
|clock_suspect=0
PMLE_LIVE_REPLAY_TIC|tic=3726|mle_ms=40.188|monotonic_ms=40|clock_delta_ms=.188|
clock_suspect=0
PMLE_LIVE_REPLAY_TIC|tic=3727|mle_ms=61.754|monotonic_ms=60|clock_delta_ms=1.754
|clock_suspect=0
PMLE_LIVE_REPLAY_TIC|tic=3728|mle_ms=48.2|monotonic_ms=50|clock_delta_ms=1.8|clo
ck_suspect=0
PMLE_LIVE_REPLAY_TIC|tic=3729|mle_ms=10.043|monotonic_ms=10|clock_delta_ms=.043|
clock_suspect=0
PMLE_LIVE_REPLAY_TIC|tic=3730|mle_ms=-73.393|monotonic_ms=50|clock_delta_ms=123.
393|clock_suspect=1
PMLE_LIVE_REPLAY_TIC|tic=3731|mle_ms=74.595|monotonic_ms=80|clock_delta_ms=5.405
|clock_suspect=0
PMLE_LIVE_REPLAY_TIC|tic=3732|mle_ms=11.596|monotonic_ms=10|clock_delta_ms=1.596
|clock_suspect=0
PMLE_LIVE_REPLAY_TIC|tic=3733|mle_ms=64.538|monotonic_ms=60|clock_delta_ms=4.538
|clock_suspect=0
PMLE_LIVE_REPLAY_TIC|tic=3734|mle_ms=56.426|monotonic_ms=60|clock_delta_ms=3.574
|clock_suspect=0
PMLE_LIVE_REPLAY_TIC|tic=3735|mle_ms=7.924|monotonic_ms=10|clock_delta_ms=2.076|
clock_suspect=0
PMLE_LIVE_REPLAY_TIC|tic=3736|mle_ms=60.772|monotonic_ms=60|clock_delta_ms=.772|
clock_suspect=0
PMLE_LIVE_REPLAY_TIC|tic=3737|mle_ms=54.843|monotonic_ms=50|clock_delta_ms=4.843
|clock_suspect=0
PMLE_LIVE_REPLAY_TIC|tic=3738|mle_ms=9.737|monotonic_ms=10|clock_delta_ms=.263|c
lock_suspect=0
PMLE_LIVE_REPLAY_TIC|tic=3739|mle_ms=70.652|monotonic_ms=80|clock_delta_ms=9.348
|clock_suspect=0
PMLE_LIVE_REPLAY_TIC|tic=3740|mle_ms=46.926|monotonic_ms=40|clock_delta_ms=6.926
|clock_suspect=0
PMLE_LIVE_REPLAY_TIC|tic=3741|mle_ms=23.958|monotonic_ms=30|clock_delta_ms=6.042
|clock_suspect=0
PMLE_LIVE_REPLAY_TIC|tic=3742|mle_ms=39.506|monotonic_ms=40|clock_delta_ms=.494|
clock_suspect=0
PMLE_LIVE_REPLAY_TIC|tic=3743|mle_ms=65.748|monotonic_ms=60|clock_delta_ms=5.748
|clock_suspect=0
PMLE_LIVE_REPLAY_TIC|tic=3744|mle_ms=21.371|monotonic_ms=20|clock_delta_ms=1.371
|clock_suspect=0
PMLE_LIVE_REPLAY_TIC|tic=3745|mle_ms=42.897|monotonic_ms=50|clock_delta_ms=7.103
|clock_suspect=0
PMLE_LIVE_REPLAY_TIC|tic=3746|mle_ms=91.382|monotonic_ms=90|clock_delta_ms=1.382
|clock_suspect=0
PMLE_LIVE_REPLAY_TIC|tic=3747|mle_ms=11.295|monotonic_ms=10|clock_delta_ms=1.295
|clock_suspect=0
PMLE_LIVE_REPLAY_TIC|tic=3748|mle_ms=49.845|monotonic_ms=50|clock_delta_ms=.155|
clock_suspect=0
PMLE_LIVE_REPLAY_TIC|tic=3749|mle_ms=71.059|monotonic_ms=70|clock_delta_ms=1.059
|clock_suspect=0
PMLE_LIVE_REPLAY_TIC|tic=3750|mle_ms=12.156|monotonic_ms=10|clock_delta_ms=2.156
|clock_suspect=0
PMLE_LIVE_REPLAY_TIC|tic=3751|mle_ms=55.804|monotonic_ms=60|clock_delta_ms=4.196
|clock_suspect=0
PMLE_LIVE_REPLAY_TIC|tic=3752|mle_ms=54.485|monotonic_ms=50|clock_delta_ms=4.485
|clock_suspect=0
PMLE_LIVE_REPLAY_TIC|tic=3753|mle_ms=33.965|monotonic_ms=40|clock_delta_ms=6.035
|clock_suspect=0
PMLE_LIVE_REPLAY_TIC|tic=3754|mle_ms=65.495|monotonic_ms=60|clock_delta_ms=5.495
|clock_suspect=0
PMLE_LIVE_REPLAY_TIC|tic=3755|mle_ms=69.524|monotonic_ms=70|clock_delta_ms=.476|
clock_suspect=0
PMLE_LIVE_REPLAY_TIC|tic=3756|mle_ms=44.464|monotonic_ms=50|clock_delta_ms=5.536
|clock_suspect=0
PMLE_LIVE_REPLAY_TIC|tic=3757|mle_ms=39.672|monotonic_ms=40|clock_delta_ms=.328|
clock_suspect=0
PMLE_LIVE_REPLAY_TIC|tic=3758|mle_ms=59.972|monotonic_ms=60|clock_delta_ms=.028|
clock_suspect=0
PMLE_LIVE_REPLAY_TIC|tic=3759|mle_ms=12.373|monotonic_ms=10|clock_delta_ms=2.373
|clock_suspect=0
PMLE_LIVE_REPLAY_TIC|tic=3760|mle_ms=37.935|monotonic_ms=40|clock_delta_ms=2.065
|clock_suspect=0
PMLE_LIVE_REPLAY_TIC|tic=3761|mle_ms=68.979|monotonic_ms=70|clock_delta_ms=1.021
|clock_suspect=0
PMLE_LIVE_REPLAY_TIC|tic=3762|mle_ms=11.705|monotonic_ms=10|clock_delta_ms=1.705
|clock_suspect=0
PMLE_LIVE_REPLAY_TIC|tic=3763|mle_ms=58.818|monotonic_ms=60|clock_delta_ms=1.182
|clock_suspect=0
PMLE_LIVE_REPLAY_TIC|tic=3764|mle_ms=62.444|monotonic_ms=60|clock_delta_ms=2.444
|clock_suspect=0
PMLE_LIVE_REPLAY_TIC|tic=3765|mle_ms=9.815|monotonic_ms=10|clock_delta_ms=.185|c
lock_suspect=0
PMLE_LIVE_REPLAY_TIC|tic=3766|mle_ms=54.873|monotonic_ms=50|clock_delta_ms=4.873
|clock_suspect=0
PMLE_LIVE_REPLAY_TIC|tic=3767|mle_ms=47.964|monotonic_ms=50|clock_delta_ms=2.036
|clock_suspect=0
PMLE_LIVE_REPLAY_TIC|tic=3768|mle_ms=8.503|monotonic_ms=10|clock_delta_ms=1.497|
clock_suspect=0
PMLE_LIVE_REPLAY_TIC|tic=3769|mle_ms=30.709|monotonic_ms=30|clock_delta_ms=.709|
clock_suspect=0
PMLE_LIVE_REPLAY_TIC|tic=3770|mle_ms=45.98|monotonic_ms=50|clock_delta_ms=4.02|c
lock_suspect=0
PMLE_LIVE_REPLAY_TIC|tic=3771|mle_ms=23.167|monotonic_ms=20|clock_delta_ms=3.167
|clock_suspect=0
PMLE_LIVE_REPLAY_TIC|tic=3772|mle_ms=37.712|monotonic_ms=40|clock_delta_ms=2.288
|clock_suspect=0
PMLE_LIVE_REPLAY_TIC|tic=3773|mle_ms=72.681|monotonic_ms=70|clock_delta_ms=2.681
|clock_suspect=0
PMLE_LIVE_REPLAY_TIC|tic=3774|mle_ms=20.855|monotonic_ms=20|clock_delta_ms=.855|
clock_suspect=0
PMLE_LIVE_REPLAY_TIC|tic=3775|mle_ms=36.493|monotonic_ms=40|clock_delta_ms=3.507
|clock_suspect=0
PMLE_LIVE_REPLAY_TIC|tic=3776|mle_ms=81.917|monotonic_ms=80|clock_delta_ms=1.917
|clock_suspect=0
PMLE_LIVE_REPLAY_TIC|tic=3777|mle_ms=8.892|monotonic_ms=10|clock_delta_ms=1.108|
clock_suspect=0
PMLE_LIVE_REPLAY_TIC|tic=3778|mle_ms=36.533|monotonic_ms=40|clock_delta_ms=3.467
|clock_suspect=0
PMLE_LIVE_REPLAY_TIC|tic=3779|mle_ms=60.67|monotonic_ms=60|clock_delta_ms=.67|cl
ock_suspect=0
PMLE_LIVE_REPLAY_TIC|tic=3780|mle_ms=11.122|monotonic_ms=10|clock_delta_ms=1.122
|clock_suspect=0
PMLE_LIVE_REPLAY_TIC|tic=3781|mle_ms=74.228|monotonic_ms=70|clock_delta_ms=4.228
|clock_suspect=0
PMLE_LIVE_REPLAY_TIC|tic=3782|mle_ms=77.796|monotonic_ms=80|clock_delta_ms=2.204
|clock_suspect=0
PMLE_LIVE_REPLAY_TIC|tic=3783|mle_ms=31.931|monotonic_ms=30|clock_delta_ms=1.931
|clock_suspect=0
PMLE_LIVE_REPLAY_TIC|tic=3784|mle_ms=50.055|monotonic_ms=50|clock_delta_ms=.055|
clock_suspect=0
PMLE_LIVE_REPLAY_TIC|tic=3785|mle_ms=55.584|monotonic_ms=60|clock_delta_ms=4.416
|clock_suspect=0
PMLE_LIVE_REPLAY_TIC|tic=3786|mle_ms=40.759|monotonic_ms=40|clock_delta_ms=.759|
clock_suspect=0
PMLE_LIVE_REPLAY_TIC|tic=3787|mle_ms=39.32|monotonic_ms=40|clock_delta_ms=.68|cl
ock_suspect=0
PMLE_LIVE_REPLAY_TIC|tic=3788|mle_ms=52.845|monotonic_ms=50|clock_delta_ms=2.845
|clock_suspect=0
PMLE_LIVE_REPLAY_TIC|tic=3789|mle_ms=13.229|monotonic_ms=10|clock_delta_ms=3.229
|clock_suspect=0
PMLE_LIVE_REPLAY_TIC|tic=3790|mle_ms=39.282|monotonic_ms=30|clock_delta_ms=9.282
|clock_suspect=0
PMLE_LIVE_REPLAY_TIC|tic=3791|mle_ms=70.721|monotonic_ms=80|clock_delta_ms=9.279
|clock_suspect=0
PMLE_LIVE_REPLAY_TIC|tic=3792|mle_ms=13.197|monotonic_ms=10|clock_delta_ms=3.197
|clock_suspect=0
PMLE_LIVE_REPLAY_TIC|tic=3793|mle_ms=55.132|monotonic_ms=50|clock_delta_ms=5.132
|clock_suspect=0
PMLE_LIVE_REPLAY_TIC|tic=3794|mle_ms=77.031|monotonic_ms=80|clock_delta_ms=2.969
|clock_suspect=0
PMLE_LIVE_REPLAY_TIC|tic=3795|mle_ms=10.177|monotonic_ms=10|clock_delta_ms=.177|
clock_suspect=0
PMLE_LIVE_REPLAY_TIC|tic=3796|mle_ms=70.294|monotonic_ms=70|clock_delta_ms=.294|
clock_suspect=0
PMLE_LIVE_REPLAY_TIC|tic=3797|mle_ms=57.201|monotonic_ms=60|clock_delta_ms=2.799
|clock_suspect=0
PMLE_LIVE_REPLAY_TIC|tic=3798|mle_ms=10.873|monotonic_ms=10|clock_delta_ms=.873|
clock_suspect=0
PMLE_LIVE_REPLAY_TIC|tic=3799|mle_ms=43.985|monotonic_ms=40|clock_delta_ms=3.985
|clock_suspect=0
PMLE_LIVE_REPLAY_TIC|tic=3800|mle_ms=60.862|monotonic_ms=60|clock_delta_ms=.862|
clock_suspect=0
PMLE_LIVE_REPLAY_TIC|tic=3801|mle_ms=25.78|monotonic_ms=20|clock_delta_ms=5.78|c
lock_suspect=0
PMLE_LIVE_REPLAY_TIC|tic=3802|mle_ms=45.422|monotonic_ms=50|clock_delta_ms=4.578
|clock_suspect=0
PMLE_LIVE_REPLAY_TIC|tic=3803|mle_ms=86.178|monotonic_ms=90|clock_delta_ms=3.822
|clock_suspect=0
PMLE_LIVE_REPLAY_TIC|tic=3804|mle_ms=24.176|monotonic_ms=20|clock_delta_ms=4.176
|clock_suspect=0
PMLE_LIVE_REPLAY_TIC|tic=3805|mle_ms=43.572|monotonic_ms=40|clock_delta_ms=3.572
|clock_suspect=0
PMLE_LIVE_REPLAY_TIC|tic=3806|mle_ms=90.346|monotonic_ms=90|clock_delta_ms=.346|
clock_suspect=0
PMLE_LIVE_REPLAY_TIC|tic=3807|mle_ms=9.747|monotonic_ms=10|clock_delta_ms=.253|c
lock_suspect=0
PMLE_LIVE_REPLAY_TIC|tic=3808|mle_ms=45.309|monotonic_ms=50|clock_delta_ms=4.691
|clock_suspect=0
PMLE_LIVE_REPLAY_TIC|tic=3809|mle_ms=59.682|monotonic_ms=60|clock_delta_ms=.318|
clock_suspect=0
PMLE_LIVE_REPLAY_TIC|tic=3810|mle_ms=11.305|monotonic_ms=10|clock_delta_ms=1.305
|clock_suspect=0
PMLE_LIVE_REPLAY_TIC|tic=3811|mle_ms=61.598|monotonic_ms=60|clock_delta_ms=1.598
|clock_suspect=0
PMLE_LIVE_REPLAY_TIC|tic=3812|mle_ms=60.777|monotonic_ms=60|clock_delta_ms=.777|
clock_suspect=0
PMLE_LIVE_REPLAY_TIC|tic=3813|mle_ms=30.982|monotonic_ms=30|clock_delta_ms=.982|
clock_suspect=0
PMLE_LIVE_REPLAY_TIC|tic=3814|mle_ms=82.019|monotonic_ms=90|clock_delta_ms=7.981
|clock_suspect=0
PMLE_LIVE_REPLAY_TIC|tic=3815|mle_ms=44.532|monotonic_ms=40|clock_delta_ms=4.532
|clock_suspect=0
PMLE_LIVE_REPLAY_TIC|tic=3816|mle_ms=47.056|monotonic_ms=50|clock_delta_ms=2.944
|clock_suspect=0
PMLE_LIVE_REPLAY_TIC|tic=3817|mle_ms=41.437|monotonic_ms=40|clock_delta_ms=1.437
|clock_suspect=0
PMLE_LIVE_REPLAY_TIC|tic=3818|mle_ms=38.777|monotonic_ms=40|clock_delta_ms=1.223
|clock_suspect=0
PMLE_LIVE_REPLAY_TIC|tic=3819|mle_ms=12.736|monotonic_ms=10|clock_delta_ms=2.736
|clock_suspect=0
PMLE_LIVE_REPLAY_TIC|tic=3820|mle_ms=36.96|monotonic_ms=40|clock_delta_ms=3.04|c
lock_suspect=0
PMLE_LIVE_REPLAY_TIC|tic=3821|mle_ms=78.022|monotonic_ms=80|clock_delta_ms=1.978
|clock_suspect=0
PMLE_LIVE_REPLAY_TIC|tic=3822|mle_ms=13.454|monotonic_ms=10|clock_delta_ms=3.454
|clock_suspect=0
PMLE_LIVE_REPLAY_TIC|tic=3823|mle_ms=56.371|monotonic_ms=60|clock_delta_ms=3.629
|clock_suspect=0
PMLE_LIVE_REPLAY_TIC|tic=3824|mle_ms=54.01|monotonic_ms=50|clock_delta_ms=4.01|c
lock_suspect=0
PMLE_LIVE_REPLAY_TIC|tic=3825|mle_ms=10.527|monotonic_ms=10|clock_delta_ms=.527|
clock_suspect=0
PMLE_LIVE_REPLAY_TIC|tic=3826|mle_ms=67.26|monotonic_ms=70|clock_delta_ms=2.74|c
lock_suspect=0
PMLE_LIVE_REPLAY_TIC|tic=3827|mle_ms=39.39|monotonic_ms=40|clock_delta_ms=.61|cl
ock_suspect=0
PMLE_LIVE_REPLAY_TIC|tic=3828|mle_ms=12.106|monotonic_ms=10|clock_delta_ms=2.106
|clock_suspect=0
PMLE_LIVE_REPLAY_TIC|tic=3829|mle_ms=41.652|monotonic_ms=40|clock_delta_ms=1.652
|clock_suspect=0
PMLE_LIVE_REPLAY_TIC|tic=3830|mle_ms=10.918|monotonic_ms=10|clock_delta_ms=.918|
clock_suspect=0
PMLE_LIVE_REPLAY_TIC|tic=3831|mle_ms=26.465|monotonic_ms=30|clock_delta_ms=3.535
|clock_suspect=0
PMLE_LIVE_REPLAY_TIC|tic=3832|mle_ms=37.417|monotonic_ms=40|clock_delta_ms=2.583
|clock_suspect=0
PMLE_LIVE_REPLAY_TIC|tic=3833|mle_ms=32.191|monotonic_ms=30|clock_delta_ms=2.191
|clock_suspect=0
PMLE_LIVE_REPLAY_TIC|tic=3834|mle_ms=23.376|monotonic_ms=20|clock_delta_ms=3.376
|clock_suspect=0
PMLE_LIVE_REPLAY_TIC|tic=3835|mle_ms=35.708|monotonic_ms=40|clock_delta_ms=4.292
|clock_suspect=0
PMLE_LIVE_REPLAY_TIC|tic=3836|mle_ms=39.725|monotonic_ms=40|clock_delta_ms=.275|
clock_suspect=0
PMLE_LIVE_REPLAY_TIC|tic=3837|mle_ms=9.136|monotonic_ms=10|clock_delta_ms=.864|c
lock_suspect=0
PMLE_LIVE_REPLAY_TIC|tic=3838|mle_ms=38.279|monotonic_ms=40|clock_delta_ms=1.721
|clock_suspect=0
PMLE_LIVE_REPLAY_TIC|tic=3839|mle_ms=11.74|monotonic_ms=10|clock_delta_ms=1.74|c
lock_suspect=0
PMLE_LIVE_REPLAY_TIC|tic=3840|mle_ms=10.131|monotonic_ms=10|clock_delta_ms=.131|
clock_suspect=0
PMLE_LIVE_REPLAY_TIC|tic=3841|mle_ms=51.927|monotonic_ms=50|clock_delta_ms=1.927
|clock_suspect=0
PMLE_LIVE_REPLAY_TIC|tic=3842|mle_ms=11.563|monotonic_ms=10|clock_delta_ms=1.563
|clock_suspect=0
PMLE_LIVE_REPLAY_TIC|tic=3843|mle_ms=35.249|monotonic_ms=40|clock_delta_ms=4.751
|clock_suspect=0
PMLE_LIVE_REPLAY_TIC|tic=3844|mle_ms=50.347|monotonic_ms=50|clock_delta_ms=.347|
clock_suspect=0
PMLE_LIVE_REPLAY_TIC|tic=3845|mle_ms=14.09|monotonic_ms=10|clock_delta_ms=4.09|c
lock_suspect=0
PMLE_LIVE_REPLAY_TIC|tic=3846|mle_ms=48.301|monotonic_ms=50|clock_delta_ms=1.699
|clock_suspect=0
PMLE_LIVE_REPLAY_TIC|tic=3847|mle_ms=45.069|monotonic_ms=50|clock_delta_ms=4.931
|clock_suspect=0
PMLE_LIVE_REPLAY_TIC|tic=3848|mle_ms=14.667|monotonic_ms=10|clock_delta_ms=4.667
|clock_suspect=0
PMLE_LIVE_REPLAY_TIC|tic=3849|mle_ms=23.037|monotonic_ms=20|clock_delta_ms=3.037
|clock_suspect=0
PMLE_LIVE_REPLAY_TIC|tic=3850|mle_ms=57.882|monotonic_ms=60|clock_delta_ms=2.118
|clock_suspect=0
PMLE_LIVE_REPLAY_TIC|tic=3851|mle_ms=32.108|monotonic_ms=30|clock_delta_ms=2.108
|clock_suspect=0
PMLE_LIVE_REPLAY_TIC|tic=3852|mle_ms=48.029|monotonic_ms=50|clock_delta_ms=1.971
|clock_suspect=0
PMLE_LIVE_REPLAY_TIC|tic=3853|mle_ms=62.688|monotonic_ms=60|clock_delta_ms=2.688
|clock_suspect=0
PMLE_LIVE_REPLAY_TIC|tic=3854|mle_ms=26.892|monotonic_ms=30|clock_delta_ms=3.108
|clock_suspect=0
PMLE_LIVE_REPLAY_TIC|tic=3855|mle_ms=50.056|monotonic_ms=50|clock_delta_ms=.056|
clock_suspect=0
PMLE_LIVE_REPLAY_TIC|tic=3856|mle_ms=69.337|monotonic_ms=70|clock_delta_ms=.663|
clock_suspect=0
PMLE_LIVE_REPLAY_TIC|tic=3857|mle_ms=12.839|monotonic_ms=10|clock_delta_ms=2.839
|clock_suspect=0
PMLE_LIVE_REPLAY_TIC|tic=3858|mle_ms=84.418|monotonic_ms=90|clock_delta_ms=5.582
|clock_suspect=0
PMLE_LIVE_REPLAY_TIC|tic=3859|mle_ms=60.183|monotonic_ms=60|clock_delta_ms=.183|
clock_suspect=0
PMLE_LIVE_REPLAY_TIC|tic=3860|mle_ms=11.799|monotonic_ms=10|clock_delta_ms=1.799
|clock_suspect=0
PMLE_LIVE_REPLAY_TIC|tic=3861|mle_ms=50.072|monotonic_ms=50|clock_delta_ms=.072|
clock_suspect=0
PMLE_LIVE_REPLAY_TIC|tic=3862|mle_ms=37.168|monotonic_ms=40|clock_delta_ms=2.832
|clock_suspect=0
PMLE_LIVE_REPLAY_TIC|tic=3863|mle_ms=28.029|monotonic_ms=30|clock_delta_ms=1.971
|clock_suspect=0
PMLE_LIVE_REPLAY_TIC|tic=3864|mle_ms=77.825|monotonic_ms=70|clock_delta_ms=7.825
|clock_suspect=0
PMLE_LIVE_REPLAY_TIC|tic=3865|mle_ms=38.288|monotonic_ms=40|clock_delta_ms=1.712
|clock_suspect=0
PMLE_LIVE_REPLAY_TIC|tic=3866|mle_ms=44.229|monotonic_ms=50|clock_delta_ms=5.771
|clock_suspect=0
PMLE_LIVE_REPLAY_TIC|tic=3867|mle_ms=36.864|monotonic_ms=30|clock_delta_ms=6.864
|clock_suspect=0
PMLE_LIVE_REPLAY_TIC|tic=3868|mle_ms=37.839|monotonic_ms=40|clock_delta_ms=2.161
|clock_suspect=0
PMLE_LIVE_REPLAY_TIC|tic=3869|mle_ms=15.305|monotonic_ms=20|clock_delta_ms=4.695
|clock_suspect=0
PMLE_LIVE_REPLAY_TIC|tic=3870|mle_ms=34.938|monotonic_ms=30|clock_delta_ms=4.938
|clock_suspect=0
PMLE_LIVE_REPLAY_TIC|tic=3871|mle_ms=49.987|monotonic_ms=50|clock_delta_ms=.013|
clock_suspect=0
PMLE_LIVE_REPLAY_TIC|tic=3872|mle_ms=11.364|monotonic_ms=10|clock_delta_ms=1.364
|clock_suspect=0
PMLE_LIVE_REPLAY_TIC|tic=3873|mle_ms=47.004|monotonic_ms=50|clock_delta_ms=2.996
|clock_suspect=0
PMLE_LIVE_REPLAY_TIC|tic=3874|mle_ms=44.557|monotonic_ms=50|clock_delta_ms=5.443
|clock_suspect=0
PMLE_LIVE_REPLAY_TIC|tic=3875|mle_ms=10.611|monotonic_ms=10|clock_delta_ms=.611|
clock_suspect=0
PMLE_LIVE_REPLAY_TIC|tic=3876|mle_ms=55.9|monotonic_ms=50|clock_delta_ms=5.9|clo
ck_suspect=0
PMLE_LIVE_REPLAY_TIC|tic=3877|mle_ms=50.891|monotonic_ms=50|clock_delta_ms=.891|
clock_suspect=0
PMLE_LIVE_REPLAY_TIC|tic=3878|mle_ms=10.12|monotonic_ms=10|clock_delta_ms=.12|cl
ock_suspect=0
PMLE_LIVE_REPLAY_TIC|tic=3879|mle_ms=32.926|monotonic_ms=40|clock_delta_ms=7.074
|clock_suspect=0
PMLE_LIVE_REPLAY_TIC|tic=3880|mle_ms=32.536|monotonic_ms=30|clock_delta_ms=2.536
|clock_suspect=0
PMLE_LIVE_REPLAY_TIC|tic=3881|mle_ms=22.417|monotonic_ms=20|clock_delta_ms=2.417
|clock_suspect=0
PMLE_LIVE_REPLAY_TIC|tic=3882|mle_ms=35.016|monotonic_ms=40|clock_delta_ms=4.984
|clock_suspect=0
PMLE_LIVE_REPLAY_TIC|tic=3883|mle_ms=51.438|monotonic_ms=50|clock_delta_ms=1.438
|clock_suspect=0
PMLE_LIVE_REPLAY_TIC|tic=3884|mle_ms=23.18|monotonic_ms=20|clock_delta_ms=3.18|c
lock_suspect=0
PMLE_LIVE_REPLAY_TIC|tic=3885|mle_ms=38.477|monotonic_ms=40|clock_delta_ms=1.523
|clock_suspect=0
PMLE_LIVE_REPLAY_TIC|tic=3886|mle_ms=66.458|monotonic_ms=70|clock_delta_ms=3.542
|clock_suspect=0
PMLE_LIVE_REPLAY_TIC|tic=3887|mle_ms=13.382|monotonic_ms=10|clock_delta_ms=3.382
|clock_suspect=0
PMLE_LIVE_REPLAY_TIC|tic=3888|mle_ms=33.451|monotonic_ms=30|clock_delta_ms=3.451
|clock_suspect=0
PMLE_LIVE_REPLAY_TIC|tic=3889|mle_ms=43.824|monotonic_ms=50|clock_delta_ms=6.176
|clock_suspect=0
PMLE_LIVE_REPLAY_TIC|tic=3890|mle_ms=11.839|monotonic_ms=10|clock_delta_ms=1.839
|clock_suspect=0
PMLE_LIVE_REPLAY_TIC|tic=3891|mle_ms=46.099|monotonic_ms=50|clock_delta_ms=3.901
|clock_suspect=0
PMLE_LIVE_REPLAY_TIC|tic=3892|mle_ms=41.843|monotonic_ms=40|clock_delta_ms=1.843
|clock_suspect=0
PMLE_LIVE_REPLAY_TIC|tic=3893|mle_ms=28.655|monotonic_ms=30|clock_delta_ms=1.345
|clock_suspect=0
PMLE_LIVE_REPLAY_TIC|tic=3894|mle_ms=46.221|monotonic_ms=40|clock_delta_ms=6.221
|clock_suspect=0
PMLE_LIVE_REPLAY_TIC|tic=3895|mle_ms=36.886|monotonic_ms=40|clock_delta_ms=3.114
|clock_suspect=0
PMLE_LIVE_REPLAY_TIC|tic=3896|mle_ms=34.072|monotonic_ms=30|clock_delta_ms=4.072
|clock_suspect=0
PMLE_LIVE_REPLAY_TIC|tic=3897|mle_ms=34.57|monotonic_ms=40|clock_delta_ms=5.43|c
lock_suspect=0
PMLE_LIVE_REPLAY_TIC|tic=3898|mle_ms=39.656|monotonic_ms=40|clock_delta_ms=.344|
clock_suspect=0
PMLE_LIVE_REPLAY_TIC|tic=3899|mle_ms=12.382|monotonic_ms=10|clock_delta_ms=2.382
|clock_suspect=0
PMLE_LIVE_REPLAY_TIC|tic=3900|mle_ms=34.947|monotonic_ms=40|clock_delta_ms=5.053
|clock_suspect=0
PMLE_LIVE_REPLAY_TIC|tic=3901|mle_ms=45.124|monotonic_ms=40|clock_delta_ms=5.124
|clock_suspect=0
PMLE_LIVE_REPLAY_TIC|tic=3902|mle_ms=11.618|monotonic_ms=10|clock_delta_ms=1.618
|clock_suspect=0
PMLE_LIVE_REPLAY_TIC|tic=3903|mle_ms=50.473|monotonic_ms=50|clock_delta_ms=.473|
clock_suspect=0
PMLE_LIVE_REPLAY_TIC|tic=3904|mle_ms=43.031|monotonic_ms=50|clock_delta_ms=6.969
|clock_suspect=0
PMLE_LIVE_REPLAY_TIC|tic=3905|mle_ms=11.409|monotonic_ms=10|clock_delta_ms=1.409
|clock_suspect=0
PMLE_LIVE_REPLAY_TIC|tic=3906|mle_ms=56.262|monotonic_ms=50|clock_delta_ms=6.262
|clock_suspect=0
PMLE_LIVE_REPLAY_TIC|tic=3907|mle_ms=37.311|monotonic_ms=40|clock_delta_ms=2.689
|clock_suspect=0
PMLE_LIVE_REPLAY_TIC|tic=3908|mle_ms=11.367|monotonic_ms=10|clock_delta_ms=1.367
|clock_suspect=0
PMLE_LIVE_REPLAY_TIC|tic=3909|mle_ms=35.259|monotonic_ms=40|clock_delta_ms=4.741
|clock_suspect=0
PMLE_LIVE_REPLAY_TIC|tic=3910|mle_ms=43.433|monotonic_ms=40|clock_delta_ms=3.433
|clock_suspect=0
PMLE_LIVE_REPLAY_TIC|tic=3911|mle_ms=24.617|monotonic_ms=30|clock_delta_ms=5.383
|clock_suspect=0
PMLE_LIVE_REPLAY_TIC|tic=3912|mle_ms=34.451|monotonic_ms=30|clock_delta_ms=4.451
|clock_suspect=0
PMLE_LIVE_REPLAY_TIC|tic=3913|mle_ms=62.459|monotonic_ms=60|clock_delta_ms=2.459
|clock_suspect=0
PMLE_LIVE_REPLAY_TIC|tic=3914|mle_ms=22.866|monotonic_ms=30|clock_delta_ms=7.134
|clock_suspect=0
PMLE_LIVE_REPLAY_TIC|tic=3915|mle_ms=12.26|monotonic_ms=10|clock_delta_ms=2.26|c
lock_suspect=0
PMLE_LIVE_REPLAY_TIC|tic=3916|mle_ms=61.982|monotonic_ms=60|clock_delta_ms=1.982
|clock_suspect=0
PMLE_LIVE_REPLAY_TIC|tic=3917|mle_ms=11.373|monotonic_ms=10|clock_delta_ms=1.373
|clock_suspect=0
PMLE_LIVE_REPLAY_TIC|tic=3918|mle_ms=12.318|monotonic_ms=10|clock_delta_ms=2.318
|clock_suspect=0
PMLE_LIVE_REPLAY_TIC|tic=3919|mle_ms=34.834|monotonic_ms=40|clock_delta_ms=5.166
|clock_suspect=0
PMLE_LIVE_REPLAY_TIC|tic=3920|mle_ms=10.702|monotonic_ms=10|clock_delta_ms=.702|
clock_suspect=0
PMLE_LIVE_REPLAY_TIC|tic=3921|mle_ms=20.867|monotonic_ms=20|clock_delta_ms=.867|
clock_suspect=0
PMLE_LIVE_REPLAY_TIC|tic=3922|mle_ms=35.435|monotonic_ms=40|clock_delta_ms=4.565
|clock_suspect=0
PMLE_LIVE_REPLAY_TIC|tic=3923|mle_ms=29.551|monotonic_ms=30|clock_delta_ms=.449|
clock_suspect=0
PMLE_LIVE_REPLAY_TIC|tic=3924|mle_ms=19.27|monotonic_ms=20|clock_delta_ms=.73|cl
ock_suspect=0
PMLE_LIVE_REPLAY_TIC|tic=3925|mle_ms=33.451|monotonic_ms=30|clock_delta_ms=3.451
|clock_suspect=0
PMLE_LIVE_REPLAY_TIC|tic=3926|mle_ms=41.395|monotonic_ms=40|clock_delta_ms=1.395
|clock_suspect=0
PMLE_LIVE_REPLAY_TIC|tic=3927|mle_ms=11.114|monotonic_ms=10|clock_delta_ms=1.114
|clock_suspect=0
PMLE_LIVE_REPLAY_TIC|tic=3928|mle_ms=41.606|monotonic_ms=40|clock_delta_ms=1.606
|clock_suspect=0
PMLE_LIVE_REPLAY_TIC|tic=3929|mle_ms=19.132|monotonic_ms=20|clock_delta_ms=.868|
clock_suspect=0
PMLE_LIVE_REPLAY_TIC|tic=3930|mle_ms=16.054|monotonic_ms=20|clock_delta_ms=3.946
|clock_suspect=0
PMLE_LIVE_REPLAY_TIC|tic=3931|mle_ms=89.579|monotonic_ms=90|clock_delta_ms=.421|
clock_suspect=0
PMLE_LIVE_REPLAY_TIC|tic=3932|mle_ms=18.107|monotonic_ms=20|clock_delta_ms=1.893
|clock_suspect=0
PMLE_LIVE_REPLAY_TIC|tic=3933|mle_ms=36.35|monotonic_ms=30|clock_delta_ms=6.35|c
lock_suspect=0
PMLE_LIVE_REPLAY_TIC|tic=3934|mle_ms=56.734|monotonic_ms=60|clock_delta_ms=3.266
|clock_suspect=0
PMLE_LIVE_REPLAY_TIC|tic=3935|mle_ms=16.153|monotonic_ms=20|clock_delta_ms=3.847
|clock_suspect=0
PMLE_LIVE_REPLAY_TIC|tic=3936|mle_ms=41.272|monotonic_ms=40|clock_delta_ms=1.272
|clock_suspect=0
PMLE_LIVE_REPLAY_TIC|tic=3937|mle_ms=64.384|monotonic_ms=60|clock_delta_ms=4.384
|clock_suspect=0
PMLE_LIVE_REPLAY_TIC|tic=3938|mle_ms=15.12|monotonic_ms=20|clock_delta_ms=4.88|c
lock_suspect=0
PMLE_LIVE_REPLAY_TIC|tic=3939|mle_ms=17.476|monotonic_ms=20|clock_delta_ms=2.524
|clock_suspect=0
PMLE_LIVE_REPLAY_TIC|tic=3940|mle_ms=71.61|monotonic_ms=70|clock_delta_ms=1.61|c
lock_suspect=0
PMLE_LIVE_REPLAY_TIC|tic=3941|mle_ms=31.056|monotonic_ms=30|clock_delta_ms=1.056
|clock_suspect=0
PMLE_LIVE_REPLAY_TIC|tic=3942|mle_ms=21.201|monotonic_ms=20|clock_delta_ms=1.201
|clock_suspect=0
PMLE_LIVE_REPLAY_TIC|tic=3943|mle_ms=106.361|monotonic_ms=110|clock_delta_ms=3.6
39|clock_suspect=0
PMLE_LIVE_REPLAY_TIC|tic=3944|mle_ms=28.187|monotonic_ms=20|clock_delta_ms=8.187
|clock_suspect=0
PMLE_LIVE_REPLAY_TIC|tic=3945|mle_ms=14.509|monotonic_ms=20|clock_delta_ms=5.491
|clock_suspect=0
PMLE_LIVE_REPLAY_TIC|tic=3946|mle_ms=131.219|monotonic_ms=130|clock_delta_ms=1.2
19|clock_suspect=0
PMLE_LIVE_REPLAY_TIC|tic=3947|mle_ms=15.116|monotonic_ms=10|clock_delta_ms=5.116
|clock_suspect=0
PMLE_LIVE_REPLAY_TIC|tic=3948|mle_ms=18.258|monotonic_ms=10|clock_delta_ms=8.258
|clock_suspect=0
PMLE_LIVE_REPLAY_TIC|tic=3949|mle_ms=89.823|monotonic_ms=90|clock_delta_ms=.177|
clock_suspect=0
PMLE_LIVE_REPLAY_TIC|tic=3950|mle_ms=14.282|monotonic_ms=20|clock_delta_ms=5.718
|clock_suspect=0
PMLE_LIVE_REPLAY_TIC|tic=3951|mle_ms=34.611|monotonic_ms=30|clock_delta_ms=4.611
|clock_suspect=0
PMLE_LIVE_REPLAY_TIC|tic=3952|mle_ms=73.964|monotonic_ms=80|clock_delta_ms=6.036
|clock_suspect=0
PMLE_LIVE_REPLAY_TIC|tic=3953|mle_ms=36.067|monotonic_ms=30|clock_delta_ms=6.067
|clock_suspect=0
PMLE_LIVE_REPLAY_TIC|tic=3954|mle_ms=28.549|monotonic_ms=30|clock_delta_ms=1.451
|clock_suspect=0
PMLE_LIVE_REPLAY_TIC|tic=3955|mle_ms=64.776|monotonic_ms=70|clock_delta_ms=5.224
|clock_suspect=0
PMLE_LIVE_REPLAY_TIC|tic=3956|mle_ms=48.433|monotonic_ms=40|clock_delta_ms=8.433
|clock_suspect=0
PMLE_LIVE_REPLAY_TIC|tic=3957|mle_ms=12.994|monotonic_ms=20|clock_delta_ms=7.006
|clock_suspect=0
PMLE_LIVE_REPLAY_TIC|tic=3958|mle_ms=61.357|monotonic_ms=60|clock_delta_ms=1.357
|clock_suspect=0
PMLE_LIVE_REPLAY_TIC|tic=3959|mle_ms=15.068|monotonic_ms=10|clock_delta_ms=5.068
|clock_suspect=0
PMLE_LIVE_REPLAY_TIC|tic=3960|mle_ms=13.246|monotonic_ms=20|clock_delta_ms=6.754
|clock_suspect=0
PMLE_LIVE_REPLAY_TIC|tic=3961|mle_ms=68.625|monotonic_ms=70|clock_delta_ms=1.375
|clock_suspect=0
PMLE_LIVE_REPLAY_TIC|tic=3962|mle_ms=13.341|monotonic_ms=10|clock_delta_ms=3.341
|clock_suspect=0
PMLE_LIVE_REPLAY_TIC|tic=3963|mle_ms=30.914|monotonic_ms=30|clock_delta_ms=.914|
clock_suspect=0
PMLE_LIVE_REPLAY_TIC|tic=3964|mle_ms=50.928|monotonic_ms=50|clock_delta_ms=.928|
clock_suspect=0
PMLE_LIVE_REPLAY_TIC|tic=3965|mle_ms=13.477|monotonic_ms=20|clock_delta_ms=6.523
|clock_suspect=0
PMLE_LIVE_REPLAY_TIC|tic=3966|mle_ms=44.644|monotonic_ms=40|clock_delta_ms=4.644
|clock_suspect=0
PMLE_LIVE_REPLAY_TIC|tic=3967|mle_ms=45.808|monotonic_ms=50|clock_delta_ms=4.192
|clock_suspect=0
PMLE_LIVE_REPLAY_TIC|tic=3968|mle_ms=13.724|monotonic_ms=10|clock_delta_ms=3.724
|clock_suspect=0
PMLE_LIVE_REPLAY_TIC|tic=3969|mle_ms=17.581|monotonic_ms=20|clock_delta_ms=2.419
|clock_suspect=0
PMLE_LIVE_REPLAY_TIC|tic=3970|mle_ms=42.892|monotonic_ms=40|clock_delta_ms=2.892
|clock_suspect=0
PMLE_LIVE_REPLAY_TIC|tic=3971|mle_ms=28.165|monotonic_ms=30|clock_delta_ms=1.835
|clock_suspect=0
PMLE_LIVE_REPLAY_TIC|tic=3972|mle_ms=15.696|monotonic_ms=10|clock_delta_ms=5.696
|clock_suspect=0
PMLE_LIVE_REPLAY_TIC|tic=3973|mle_ms=69.679|monotonic_ms=70|clock_delta_ms=.321|
clock_suspect=0
PMLE_LIVE_REPLAY_TIC|tic=3974|mle_ms=22.334|monotonic_ms=30|clock_delta_ms=7.666
|clock_suspect=0
PMLE_LIVE_REPLAY_TIC|tic=3975|mle_ms=12.609|monotonic_ms=10|clock_delta_ms=2.609
|clock_suspect=0
PMLE_LIVE_REPLAY_TIC|tic=3976|mle_ms=61.966|monotonic_ms=60|clock_delta_ms=1.966
|clock_suspect=0
PMLE_LIVE_REPLAY_TIC|tic=3977|mle_ms=13.796|monotonic_ms=20|clock_delta_ms=6.204
|clock_suspect=0
PMLE_LIVE_REPLAY_TIC|tic=3978|mle_ms=13.584|monotonic_ms=10|clock_delta_ms=3.584
|clock_suspect=0
PMLE_LIVE_REPLAY_TIC|tic=3979|mle_ms=40.35|monotonic_ms=40|clock_delta_ms=.35|cl
ock_suspect=0
PMLE_LIVE_REPLAY_TIC|tic=3980|mle_ms=13.67|monotonic_ms=10|clock_delta_ms=3.67|c
lock_suspect=0
PMLE_LIVE_REPLAY_TIC|tic=3981|mle_ms=25.551|monotonic_ms=30|clock_delta_ms=4.449
|clock_suspect=0
PMLE_LIVE_REPLAY_TIC|tic=3982|mle_ms=35.241|monotonic_ms=30|clock_delta_ms=5.241
|clock_suspect=0
PMLE_LIVE_REPLAY_TIC|tic=3983|mle_ms=37.377|monotonic_ms=40|clock_delta_ms=2.623
|clock_suspect=0
PMLE_LIVE_REPLAY_TIC|tic=3984|mle_ms=27.156|monotonic_ms=30|clock_delta_ms=2.844
|clock_suspect=0
PMLE_LIVE_REPLAY_TIC|tic=3985|mle_ms=41.033|monotonic_ms=40|clock_delta_ms=1.033
|clock_suspect=0
PMLE_LIVE_REPLAY_TIC|tic=3986|mle_ms=64.232|monotonic_ms=60|clock_delta_ms=4.232
|clock_suspect=0
PMLE_LIVE_REPLAY_TIC|tic=3987|mle_ms=12.089|monotonic_ms=20|clock_delta_ms=7.911
|clock_suspect=0
PMLE_LIVE_REPLAY_TIC|tic=3988|mle_ms=40.249|monotonic_ms=40|clock_delta_ms=.249|
clock_suspect=0
PMLE_LIVE_REPLAY_TIC|tic=3989|mle_ms=40.035|monotonic_ms=40|clock_delta_ms=.035|
clock_suspect=0
PMLE_LIVE_REPLAY_TIC|tic=3990|mle_ms=11.925|monotonic_ms=10|clock_delta_ms=1.925
|clock_suspect=0
PMLE_LIVE_REPLAY_TIC|tic=3991|mle_ms=44.167|monotonic_ms=40|clock_delta_ms=4.167
|clock_suspect=0
PMLE_LIVE_REPLAY_TIC|tic=3992|mle_ms=35.722|monotonic_ms=40|clock_delta_ms=4.278
|clock_suspect=0
PMLE_LIVE_REPLAY_TIC|tic=3993|mle_ms=27.328|monotonic_ms=30|clock_delta_ms=2.672
|clock_suspect=0
PMLE_LIVE_REPLAY_TIC|tic=3994|mle_ms=47.92|monotonic_ms=40|clock_delta_ms=7.92|c
lock_suspect=0
PMLE_LIVE_REPLAY_TIC|tic=3995|mle_ms=60.732|monotonic_ms=70|clock_delta_ms=9.268
|clock_suspect=0
PMLE_LIVE_REPLAY_TIC|tic=3996|mle_ms=48.868|monotonic_ms=40|clock_delta_ms=8.868
|clock_suspect=0
PMLE_LIVE_REPLAY_TIC|tic=3997|mle_ms=45.035|monotonic_ms=50|clock_delta_ms=4.965
|clock_suspect=0
PMLE_LIVE_REPLAY_TIC|tic=3998|mle_ms=65.389|monotonic_ms=60|clock_delta_ms=5.389
|clock_suspect=0
PMLE_LIVE_REPLAY_TIC|tic=3999|mle_ms=23.792|monotonic_ms=30|clock_delta_ms=6.208
|clock_suspect=0
PMLE_LIVE_REPLAY_TIC|tic=4000|mle_ms=59.248|monotonic_ms=60|clock_delta_ms=.752|
clock_suspect=0
PMLE_LIVE_REPLAY_TIC|tic=4001|mle_ms=56.248|monotonic_ms=50|clock_delta_ms=6.248
|clock_suspect=0
PMLE_LIVE_REPLAY_TIC|tic=4002|mle_ms=20.987|monotonic_ms=30|clock_delta_ms=9.013
|clock_suspect=0
PMLE_LIVE_REPLAY_TIC|tic=4003|mle_ms=70.037|monotonic_ms=70|clock_delta_ms=.037|
clock_suspect=0
PMLE_LIVE_REPLAY_TIC|tic=4004|mle_ms=31.234|monotonic_ms=30|clock_delta_ms=1.234
|clock_suspect=0
PMLE_LIVE_REPLAY_TIC|tic=4005|mle_ms=17.295|monotonic_ms=10|clock_delta_ms=7.295
|clock_suspect=0
PMLE_LIVE_REPLAY_TIC|tic=4006|mle_ms=72.641|monotonic_ms=80|clock_delta_ms=7.359
|clock_suspect=0
PMLE_LIVE_REPLAY_TIC|tic=4007|mle_ms=15.654|monotonic_ms=10|clock_delta_ms=5.654
|clock_suspect=0
PMLE_LIVE_REPLAY_TIC|tic=4008|mle_ms=15.912|monotonic_ms=20|clock_delta_ms=4.088
|clock_suspect=0
PMLE_LIVE_REPLAY_TIC|tic=4009|mle_ms=44.254|monotonic_ms=40|clock_delta_ms=4.254
|clock_suspect=0
PMLE_LIVE_REPLAY_TIC|tic=4010|mle_ms=14.812|monotonic_ms=20|clock_delta_ms=5.188
|clock_suspect=0
PMLE_LIVE_REPLAY_TIC|tic=4011|mle_ms=27.756|monotonic_ms=30|clock_delta_ms=2.244
|clock_suspect=0
PMLE_LIVE_REPLAY_TIC|tic=4012|mle_ms=38.801|monotonic_ms=30|clock_delta_ms=8.801
|clock_suspect=0
PMLE_LIVE_REPLAY_TIC|tic=4013|mle_ms=34.801|monotonic_ms=40|clock_delta_ms=5.199
|clock_suspect=0
PMLE_LIVE_REPLAY_TIC|tic=4014|mle_ms=28.484|monotonic_ms=30|clock_delta_ms=1.516
|clock_suspect=0
PMLE_LIVE_REPLAY_TIC|tic=4015|mle_ms=43.272|monotonic_ms=40|clock_delta_ms=3.272
|clock_suspect=0
PMLE_LIVE_REPLAY_TIC|tic=4016|mle_ms=70.807|monotonic_ms=70|clock_delta_ms=.807|
clock_suspect=0
PMLE_LIVE_REPLAY_TIC|tic=4017|mle_ms=36.26|monotonic_ms=40|clock_delta_ms=3.74|c
lock_suspect=0
PMLE_LIVE_REPLAY_TIC|tic=4018|mle_ms=56.065|monotonic_ms=50|clock_delta_ms=6.065
|clock_suspect=0
PMLE_LIVE_REPLAY_TIC|tic=4019|mle_ms=19.964|monotonic_ms=20|clock_delta_ms=.036|
clock_suspect=0
PMLE_LIVE_REPLAY_TIC|tic=4020|mle_ms=22.477|monotonic_ms=30|clock_delta_ms=7.523
|clock_suspect=0
PMLE_LIVE_REPLAY_TIC|tic=4021|mle_ms=62.738|monotonic_ms=60|clock_delta_ms=2.738
|clock_suspect=0
PMLE_LIVE_REPLAY_TIC|tic=4022|mle_ms=18.556|monotonic_ms=20|clock_delta_ms=1.444
|clock_suspect=0
PMLE_LIVE_REPLAY_TIC|tic=4023|mle_ms=44.393|monotonic_ms=40|clock_delta_ms=4.393
|clock_suspect=0
PMLE_LIVE_REPLAY_TIC|tic=4024|mle_ms=47.464|monotonic_ms=50|clock_delta_ms=2.536
|clock_suspect=0
PMLE_LIVE_REPLAY_TIC|tic=4025|mle_ms=14.57|monotonic_ms=20|clock_delta_ms=5.43|c
lock_suspect=0
PMLE_LIVE_REPLAY_TIC|tic=4026|mle_ms=66.33|monotonic_ms=60|clock_delta_ms=6.33|c
lock_suspect=0
PMLE_LIVE_REPLAY_TIC|tic=4027|mle_ms=35.863|monotonic_ms=40|clock_delta_ms=4.137
|clock_suspect=0
PMLE_LIVE_REPLAY_TIC|tic=4028|mle_ms=17.06|monotonic_ms=10|clock_delta_ms=7.06|c
lock_suspect=0
PMLE_LIVE_REPLAY_TIC|tic=4029|mle_ms=40.774|monotonic_ms=50|clock_delta_ms=9.226
|clock_suspect=0
PMLE_LIVE_REPLAY_TIC|tic=4030|mle_ms=37.552|monotonic_ms=30|clock_delta_ms=7.552
|clock_suspect=0
PMLE_LIVE_REPLAY_TIC|tic=4031|mle_ms=30.399|monotonic_ms=30|clock_delta_ms=.399|
clock_suspect=0
PMLE_LIVE_REPLAY_TIC|tic=4032|mle_ms=40.597|monotonic_ms=40|clock_delta_ms=.597|
clock_suspect=0
PMLE_LIVE_REPLAY_TIC|tic=4033|mle_ms=53.39|monotonic_ms=60|clock_delta_ms=6.61|c
lock_suspect=0
PMLE_LIVE_REPLAY_TIC|tic=4034|mle_ms=31.863|monotonic_ms=30|clock_delta_ms=1.863
|clock_suspect=0
PMLE_LIVE_REPLAY_TIC|tic=4035|mle_ms=45.73|monotonic_ms=50|clock_delta_ms=4.27|c
lock_suspect=0
PMLE_LIVE_REPLAY_TIC|tic=4036|mle_ms=78.075|monotonic_ms=70|clock_delta_ms=8.075
|clock_suspect=0
PMLE_LIVE_REPLAY_TIC|tic=4037|mle_ms=14.881|monotonic_ms=20|clock_delta_ms=5.119
|clock_suspect=0
PMLE_LIVE_REPLAY_TIC|tic=4038|mle_ms=40.432|monotonic_ms=40|clock_delta_ms=.432|
clock_suspect=0
PMLE_LIVE_REPLAY_TIC|tic=4039|mle_ms=40.839|monotonic_ms=40|clock_delta_ms=.839|
clock_suspect=0
PMLE_LIVE_REPLAY_TIC|tic=4040|mle_ms=15.224|monotonic_ms=20|clock_delta_ms=4.776
|clock_suspect=0
PMLE_LIVE_REPLAY_TIC|tic=4041|mle_ms=53.437|monotonic_ms=50|clock_delta_ms=3.437
|clock_suspect=0
PMLE_LIVE_REPLAY_TIC|tic=4042|mle_ms=38.897|monotonic_ms=40|clock_delta_ms=1.103
|clock_suspect=0
PMLE_LIVE_REPLAY_TIC|tic=4043|mle_ms=31.219|monotonic_ms=30|clock_delta_ms=1.219
|clock_suspect=0
PMLE_LIVE_REPLAY_TIC|tic=4044|mle_ms=58.431|monotonic_ms=60|clock_delta_ms=1.569
|clock_suspect=0
PMLE_LIVE_REPLAY_TIC|tic=4045|mle_ms=36.155|monotonic_ms=30|clock_delta_ms=6.155
|clock_suspect=0
PMLE_LIVE_REPLAY_TIC|tic=4046|mle_ms=43.579|monotonic_ms=50|clock_delta_ms=6.421
|clock_suspect=0
PMLE_LIVE_REPLAY_TIC|tic=4047|mle_ms=66.294|monotonic_ms=60|clock_delta_ms=6.294
|clock_suspect=0
PMLE_LIVE_REPLAY_TIC|tic=4048|mle_ms=49.402|monotonic_ms=50|clock_delta_ms=.598|
clock_suspect=0
PMLE_LIVE_REPLAY_TIC|tic=4049|mle_ms=20.85|monotonic_ms=20|clock_delta_ms=.85|cl
ock_suspect=0
PMLE_LIVE_REPLAY_TIC|tic=4050|mle_ms=63.693|monotonic_ms=70|clock_delta_ms=6.307
|clock_suspect=0
PMLE_LIVE_REPLAY_TIC|tic=4051|mle_ms=55.799|monotonic_ms=50|clock_delta_ms=5.799
|clock_suspect=0
PMLE_LIVE_REPLAY_TIC|tic=4052|mle_ms=18.575|monotonic_ms=20|clock_delta_ms=1.425
|clock_suspect=0
PMLE_LIVE_REPLAY_TIC|tic=4053|mle_ms=89.503|monotonic_ms=90|clock_delta_ms=.497|
clock_suspect=0
PMLE_LIVE_REPLAY_TIC|tic=4054|mle_ms=57.263|monotonic_ms=60|clock_delta_ms=2.737
|clock_suspect=0
PMLE_LIVE_REPLAY_TIC|tic=4055|mle_ms=17.723|monotonic_ms=20|clock_delta_ms=2.277
|clock_suspect=0
PMLE_LIVE_REPLAY_TIC|tic=4056|mle_ms=97.509|monotonic_ms=100|clock_delta_ms=2.49
1|clock_suspect=0
PMLE_LIVE_REPLAY_TIC|tic=4057|mle_ms=43.863|monotonic_ms=40|clock_delta_ms=3.863
|clock_suspect=0
PMLE_LIVE_REPLAY_TIC|tic=4058|mle_ms=19.566|monotonic_ms=20|clock_delta_ms=.434|
clock_suspect=0
PMLE_LIVE_REPLAY_TIC|tic=4059|mle_ms=93.858|monotonic_ms=90|clock_delta_ms=3.858
|clock_suspect=0
PMLE_LIVE_REPLAY_TIC|tic=4060|mle_ms=42.365|monotonic_ms=50|clock_delta_ms=7.635
|clock_suspect=0
PMLE_LIVE_REPLAY_TIC|tic=4061|mle_ms=32.462|monotonic_ms=30|clock_delta_ms=2.462
|clock_suspect=0
PMLE_LIVE_REPLAY_TIC|tic=4062|mle_ms=82.024|monotonic_ms=80|clock_delta_ms=2.024
|clock_suspect=0
PMLE_LIVE_REPLAY_TIC|tic=4063|mle_ms=66.35|monotonic_ms=70|clock_delta_ms=3.65|c
lock_suspect=0
PMLE_LIVE_REPLAY_TIC|tic=4064|mle_ms=17.9|monotonic_ms=10|clock_delta_ms=7.9|clo
ck_suspect=0
PMLE_LIVE_REPLAY_TIC|tic=4065|mle_ms=17.983|monotonic_ms=20|clock_delta_ms=2.017
|clock_suspect=0
PMLE_LIVE_REPLAY_TIC|tic=4066|mle_ms=20.309|monotonic_ms=20|clock_delta_ms=.309|
clock_suspect=0
PMLE_LIVE_REPLAY_TIC|tic=4067|mle_ms=17.301|monotonic_ms=20|clock_delta_ms=2.699
|clock_suspect=0
PMLE_LIVE_REPLAY_TIC|tic=4068|mle_ms=18.354|monotonic_ms=20|clock_delta_ms=1.646
|clock_suspect=0
PMLE_LIVE_REPLAY_TIC|tic=4069|mle_ms=18.169|monotonic_ms=20|clock_delta_ms=1.831
|clock_suspect=0
PMLE_LIVE_REPLAY_TIC|tic=4070|mle_ms=16.748|monotonic_ms=10|clock_delta_ms=6.748
|clock_suspect=0
PMLE_LIVE_REPLAY_TIC|tic=4071|mle_ms=17.282|monotonic_ms=20|clock_delta_ms=2.718
|clock_suspect=0
PMLE_LIVE_REPLAY_TIC|tic=4072|mle_ms=17.955|monotonic_ms=20|clock_delta_ms=2.045
|clock_suspect=0
PMLE_LIVE_REPLAY_TIC|tic=4073|mle_ms=19.958|monotonic_ms=20|clock_delta_ms=.042|
clock_suspect=0
PMLE_LIVE_REPLAY_TIC|tic=4074|mle_ms=18.128|monotonic_ms=20|clock_delta_ms=1.872
|clock_suspect=0
PMLE_LIVE_REPLAY_TIC|tic=4075|mle_ms=17.026|monotonic_ms=10|clock_delta_ms=7.026
|clock_suspect=0
PMLE_LIVE_REPLAY_TIC|tic=4076|mle_ms=16.664|monotonic_ms=20|clock_delta_ms=3.336
|clock_suspect=0
PMLE_LIVE_REPLAY_TIC|tic=4077|mle_ms=15.345|monotonic_ms=20|clock_delta_ms=4.655
|clock_suspect=0
PMLE_LIVE_REPLAY_TIC|tic=4078|mle_ms=16.338|monotonic_ms=10|clock_delta_ms=6.338
|clock_suspect=0
PMLE_LIVE_REPLAY_TIC|tic=4079|mle_ms=15.544|monotonic_ms=20|clock_delta_ms=4.456
|clock_suspect=0
PMLE_LIVE_REPLAY_TIC|tic=4080|mle_ms=16.176|monotonic_ms=20|clock_delta_ms=3.824
|clock_suspect=0
PMLE_LIVE_REPLAY_TIC|tic=4081|mle_ms=14.704|monotonic_ms=10|clock_delta_ms=4.704
|clock_suspect=0
PMLE_LIVE_REPLAY_TIC|tic=4082|mle_ms=16.494|monotonic_ms=20|clock_delta_ms=3.506
|clock_suspect=0
PMLE_LIVE_REPLAY_TIC|tic=4083|mle_ms=19.091|monotonic_ms=20|clock_delta_ms=.909|
clock_suspect=0
PMLE_LIVE_REPLAY_TIC|tic=4084|mle_ms=20.176|monotonic_ms=20|clock_delta_ms=.176|
clock_suspect=0
PMLE_LIVE_REPLAY_TIC|tic=4085|mle_ms=19.02|monotonic_ms=20|clock_delta_ms=.98|cl
ock_suspect=0
PMLE_LIVE_REPLAY_TIC|tic=4086|mle_ms=20.856|monotonic_ms=20|clock_delta_ms=.856|
clock_suspect=0
PMLE_LIVE_REPLAY_TIC|tic=4087|mle_ms=18.255|monotonic_ms=10|clock_delta_ms=8.255
|clock_suspect=0
PMLE_LIVE_REPLAY_TIC|tic=4088|mle_ms=20.05|monotonic_ms=20|clock_delta_ms=.05|cl
ock_suspect=0
PMLE_LIVE_REPLAY_TIC|tic=4089|mle_ms=18.72|monotonic_ms=20|clock_delta_ms=1.28|c
lock_suspect=0
PMLE_LIVE_REPLAY_TIC|tic=4090|mle_ms=18.88|monotonic_ms=20|clock_delta_ms=1.12|c
lock_suspect=0
PMLE_LIVE_REPLAY_TIC|tic=4091|mle_ms=19.172|monotonic_ms=20|clock_delta_ms=.828|
clock_suspect=0
PMLE_LIVE_REPLAY_TIC|tic=4092|mle_ms=21.399|monotonic_ms=20|clock_delta_ms=1.399
|clock_suspect=0
PMLE_LIVE_REPLAY_TIC|tic=4093|mle_ms=20.72|monotonic_ms=20|clock_delta_ms=.72|cl
ock_suspect=0
PMLE_LIVE_REPLAY_TIC|tic=4094|mle_ms=22.005|monotonic_ms=30|clock_delta_ms=7.995
|clock_suspect=0
PMLE_LIVE_REPLAY_TIC|tic=4095|mle_ms=22.023|monotonic_ms=20|clock_delta_ms=2.023
|clock_suspect=0
PMLE_LIVE_REPLAY_TIC|tic=4096|mle_ms=21.345|monotonic_ms=20|clock_delta_ms=1.345
|clock_suspect=0
PMLE_LIVE_REPLAY_TIC|tic=4097|mle_ms=18.25|monotonic_ms=20|clock_delta_ms=1.75|c
lock_suspect=0
PMLE_LIVE_REPLAY_TIC|tic=4098|mle_ms=19.551|monotonic_ms=20|clock_delta_ms=.449|
clock_suspect=0
PMLE_LIVE_REPLAY_TIC|tic=4099|mle_ms=19.148|monotonic_ms=20|clock_delta_ms=.852|
clock_suspect=0
PMLE_LIVE_REPLAY_TIC|tic=4100|mle_ms=18.027|monotonic_ms=10|clock_delta_ms=8.027
|clock_suspect=0
PMLE_LIVE_REPLAY_TIC|tic=4101|mle_ms=21.934|monotonic_ms=20|clock_delta_ms=1.934
|clock_suspect=0
PMLE_LIVE_REPLAY_TIC|tic=4102|mle_ms=19.631|monotonic_ms=20|clock_delta_ms=.369|
clock_suspect=0
PMLE_LIVE_REPLAY_TIC|tic=4103|mle_ms=17.683|monotonic_ms=20|clock_delta_ms=2.317
|clock_suspect=0
PMLE_LIVE_REPLAY_TIC|tic=4104|mle_ms=17.621|monotonic_ms=20|clock_delta_ms=2.379
|clock_suspect=0
PMLE_LIVE_REPLAY_TIC|tic=4105|mle_ms=15.807|monotonic_ms=10|clock_delta_ms=5.807
|clock_suspect=0
PMLE_LIVE_REPLAY_TIC|tic=4106|mle_ms=17.258|monotonic_ms=20|clock_delta_ms=2.742
|clock_suspect=0
PMLE_LIVE_REPLAY_TIC|tic=4107|mle_ms=14.964|monotonic_ms=10|clock_delta_ms=4.964
|clock_suspect=0
PMLE_LIVE_REPLAY_TIC|tic=4108|mle_ms=16.762|monotonic_ms=20|clock_delta_ms=3.238
|clock_suspect=0
PMLE_LIVE_REPLAY_TIC|tic=4109|mle_ms=16.101|monotonic_ms=20|clock_delta_ms=3.899
|clock_suspect=0
PMLE_LIVE_REPLAY_TIC|tic=4110|mle_ms=16.72|monotonic_ms=10|clock_delta_ms=6.72|c
lock_suspect=0
PMLE_LIVE_REPLAY_TIC|tic=4111|mle_ms=15.949|monotonic_ms=20|clock_delta_ms=4.051
|clock_suspect=0
PMLE_LIVE_REPLAY_TIC|tic=4112|mle_ms=16.284|monotonic_ms=20|clock_delta_ms=3.716
|clock_suspect=0
PMLE_LIVE_REPLAY_TIC|tic=4113|mle_ms=15.691|monotonic_ms=10|clock_delta_ms=5.691
|clock_suspect=0
PMLE_LIVE_REPLAY_TIC|tic=4114|mle_ms=17.401|monotonic_ms=20|clock_delta_ms=2.599
|clock_suspect=0
PMLE_LIVE_REPLAY_TIC|tic=4115|mle_ms=16.513|monotonic_ms=20|clock_delta_ms=3.487
|clock_suspect=0
PMLE_LIVE_REPLAY_TIC|tic=4116|mle_ms=17.653|monotonic_ms=10|clock_delta_ms=7.653
|clock_suspect=0
PMLE_LIVE_REPLAY_TIC|tic=4117|mle_ms=15.734|monotonic_ms=20|clock_delta_ms=4.266
|clock_suspect=0
PMLE_LIVE_REPLAY_TIC|tic=4118|mle_ms=18.283|monotonic_ms=20|clock_delta_ms=1.717
|clock_suspect=0
PMLE_LIVE_REPLAY_TIC|tic=4119|mle_ms=18.134|monotonic_ms=20|clock_delta_ms=1.866
|clock_suspect=0
PMLE_LIVE_REPLAY_TIC|tic=4120|mle_ms=20.499|monotonic_ms=20|clock_delta_ms=.499|
clock_suspect=0
PMLE_LIVE_REPLAY_TIC|tic=4121|mle_ms=19.037|monotonic_ms=20|clock_delta_ms=.963|
clock_suspect=0
PMLE_LIVE_REPLAY_TIC|tic=4122|mle_ms=20.786|monotonic_ms=20|clock_delta_ms=.786|
clock_suspect=0
PMLE_LIVE_REPLAY_TIC|tic=4123|mle_ms=20.323|monotonic_ms=20|clock_delta_ms=.323|
clock_suspect=0
PMLE_LIVE_REPLAY_TIC|tic=4124|mle_ms=20.783|monotonic_ms=20|clock_delta_ms=.783|
clock_suspect=0
PMLE_LIVE_REPLAY_TIC|tic=4125|mle_ms=18.643|monotonic_ms=20|clock_delta_ms=1.357
|clock_suspect=0
PMLE_LIVE_REPLAY_TIC|tic=4126|mle_ms=22.609|monotonic_ms=20|clock_delta_ms=2.609
|clock_suspect=0
PMLE_LIVE_REPLAY_TIC|tic=4127|mle_ms=17.533|monotonic_ms=20|clock_delta_ms=2.467
|clock_suspect=0
PMLE_LIVE_REPLAY_TIC|tic=4128|mle_ms=18.878|monotonic_ms=20|clock_delta_ms=1.122
|clock_suspect=0
PMLE_LIVE_REPLAY_TIC|tic=4129|mle_ms=17.853|monotonic_ms=10|clock_delta_ms=7.853
|clock_suspect=0
PMLE_LIVE_REPLAY_TIC|tic=4130|mle_ms=19.583|monotonic_ms=20|clock_delta_ms=.417|
clock_suspect=0
PMLE_LIVE_REPLAY_TIC|tic=4131|mle_ms=22.998|monotonic_ms=30|clock_delta_ms=7.002
|clock_suspect=0
PMLE_LIVE_REPLAY_TIC|tic=4132|mle_ms=15.902|monotonic_ms=10|clock_delta_ms=5.902
|clock_suspect=0
PMLE_LIVE_REPLAY_TIC|tic=4133|mle_ms=13.357|monotonic_ms=20|clock_delta_ms=6.643
|clock_suspect=0
PMLE_LIVE_REPLAY_TIC|tic=4134|mle_ms=14.399|monotonic_ms=10|clock_delta_ms=4.399
|clock_suspect=0
PMLE_LIVE_REPLAY_TIC|tic=4135|mle_ms=13.176|monotonic_ms=10|clock_delta_ms=3.176
|clock_suspect=0
PMLE_LIVE_REPLAY_TIC|tic=4136|mle_ms=14.714|monotonic_ms=20|clock_delta_ms=5.286
|clock_suspect=0
PMLE_LIVE_REPLAY_TIC|tic=4137|mle_ms=12.701|monotonic_ms=10|clock_delta_ms=2.701
|clock_suspect=0
PMLE_LIVE_REPLAY_TIC|tic=4138|mle_ms=13.985|monotonic_ms=20|clock_delta_ms=6.015
|clock_suspect=0
PMLE_LIVE_REPLAY_TIC|tic=4139|mle_ms=12.835|monotonic_ms=10|clock_delta_ms=2.835
|clock_suspect=0
PMLE_LIVE_REPLAY_TIC|tic=4140|mle_ms=13.408|monotonic_ms=10|clock_delta_ms=3.408
|clock_suspect=0
PMLE_LIVE_REPLAY_TIC|tic=4141|mle_ms=13.76|monotonic_ms=20|clock_delta_ms=6.24|c
lock_suspect=0
PMLE_LIVE_REPLAY_TIC|tic=4142|mle_ms=14.025|monotonic_ms=10|clock_delta_ms=4.025
|clock_suspect=0
PMLE_LIVE_REPLAY_TIC|tic=4143|mle_ms=13.723|monotonic_ms=10|clock_delta_ms=3.723
|clock_suspect=0
PMLE_LIVE_REPLAY_TIC|tic=4144|mle_ms=15.495|monotonic_ms=20|clock_delta_ms=4.505
|clock_suspect=0
PMLE_LIVE_REPLAY_TIC|tic=4145|mle_ms=14.067|monotonic_ms=10|clock_delta_ms=4.067
|clock_suspect=0
PMLE_LIVE_REPLAY_TIC|tic=4146|mle_ms=16.258|monotonic_ms=20|clock_delta_ms=3.742
|clock_suspect=0
PMLE_LIVE_REPLAY_TIC|tic=4147|mle_ms=13.709|monotonic_ms=10|clock_delta_ms=3.709
|clock_suspect=0
PMLE_LIVE_REPLAY_TIC|tic=4148|mle_ms=12.691|monotonic_ms=20|clock_delta_ms=7.309
|clock_suspect=0
PMLE_LIVE_REPLAY_TIC|tic=4149|mle_ms=13.379|monotonic_ms=10|clock_delta_ms=3.379
|clock_suspect=0
PMLE_LIVE_REPLAY_TIC|tic=4150|mle_ms=13.542|monotonic_ms=10|clock_delta_ms=3.542
|clock_suspect=0
PMLE_LIVE_REPLAY_TIC|tic=4151|mle_ms=12.803|monotonic_ms=20|clock_delta_ms=7.197
|clock_suspect=0
PMLE_LIVE_REPLAY_TIC|tic=4152|mle_ms=15.708|monotonic_ms=10|clock_delta_ms=5.708
|clock_suspect=0
PMLE_LIVE_REPLAY_TIC|tic=4153|mle_ms=15.224|monotonic_ms=20|clock_delta_ms=4.776
|clock_suspect=0
PMLE_LIVE_REPLAY_TIC|tic=4154|mle_ms=16.063|monotonic_ms=10|clock_delta_ms=6.063
|clock_suspect=0
PMLE_LIVE_REPLAY_TIC|tic=4155|mle_ms=14.404|monotonic_ms=20|clock_delta_ms=5.596
|clock_suspect=0
PMLE_LIVE_REPLAY_TIC|tic=4156|mle_ms=15.818|monotonic_ms=10|clock_delta_ms=5.818
|clock_suspect=0
PMLE_LIVE_REPLAY_TIC|tic=4157|mle_ms=15.928|monotonic_ms=20|clock_delta_ms=4.072
|clock_suspect=0
PMLE_LIVE_REPLAY_TIC|tic=4158|mle_ms=16.128|monotonic_ms=20|clock_delta_ms=3.872
|clock_suspect=0
PMLE_LIVE_REPLAY_TIC|tic=4159|mle_ms=16.423|monotonic_ms=10|clock_delta_ms=6.423
|clock_suspect=0
PMLE_LIVE_REPLAY_TIC|tic=4160|mle_ms=15.759|monotonic_ms=20|clock_delta_ms=4.241
|clock_suspect=0
PMLE_LIVE_REPLAY_TIC|tic=4161|mle_ms=17.053|monotonic_ms=20|clock_delta_ms=2.947
|clock_suspect=0
PMLE_LIVE_REPLAY_TIC|tic=4162|mle_ms=21.451|monotonic_ms=20|clock_delta_ms=1.451
|clock_suspect=0
PMLE_LIVE_REPLAY_TIC|tic=4163|mle_ms=16.613|monotonic_ms=10|clock_delta_ms=6.613
|clock_suspect=0
PMLE_LIVE_REPLAY_TIC|tic=4164|mle_ms=20.785|monotonic_ms=30|clock_delta_ms=9.215
|clock_suspect=0
PMLE_LIVE_REPLAY_TIC|tic=4165|mle_ms=16.25|monotonic_ms=10|clock_delta_ms=6.25|c
lock_suspect=0
PMLE_LIVE_REPLAY_TIC|tic=4166|mle_ms=17.004|monotonic_ms=20|clock_delta_ms=2.996
|clock_suspect=0
PMLE_LIVE_REPLAY_TIC|tic=4167|mle_ms=14.526|monotonic_ms=10|clock_delta_ms=4.526
|clock_suspect=0
PMLE_LIVE_REPLAY_TIC|tic=4168|mle_ms=15.845|monotonic_ms=20|clock_delta_ms=4.155
|clock_suspect=0
PMLE_LIVE_REPLAY_TIC|tic=4169|mle_ms=15.067|monotonic_ms=10|clock_delta_ms=5.067
|clock_suspect=0
PMLE_LIVE_REPLAY_TIC|tic=4170|mle_ms=12.665|monotonic_ms=20|clock_delta_ms=7.335
|clock_suspect=0
PMLE_LIVE_REPLAY_TIC|tic=4171|mle_ms=13.343|monotonic_ms=10|clock_delta_ms=3.343
|clock_suspect=0
PMLE_LIVE_REPLAY_TIC|tic=4172|mle_ms=12.181|monotonic_ms=10|clock_delta_ms=2.181
|clock_suspect=0
PMLE_LIVE_REPLAY_TIC|tic=4173|mle_ms=11.663|monotonic_ms=10|clock_delta_ms=1.663
|clock_suspect=0
PMLE_LIVE_REPLAY_TIC|tic=4174|mle_ms=13.118|monotonic_ms=20|clock_delta_ms=6.882
|clock_suspect=0
PMLE_LIVE_REPLAY_TIC|tic=4175|mle_ms=11.8|monotonic_ms=10|clock_delta_ms=1.8|clo
ck_suspect=0
PMLE_LIVE_REPLAY_TIC|tic=4176|mle_ms=13.615|monotonic_ms=10|clock_delta_ms=3.615
|clock_suspect=0
PMLE_LIVE_REPLAY_TIC|tic=4177|mle_ms=12.342|monotonic_ms=20|clock_delta_ms=7.658
|clock_suspect=0
PMLE_LIVE_REPLAY_TIC|tic=4178|mle_ms=14.66|monotonic_ms=10|clock_delta_ms=4.66|c
lock_suspect=0
PMLE_LIVE_REPLAY_TIC|tic=4179|mle_ms=13.211|monotonic_ms=10|clock_delta_ms=3.211
|clock_suspect=0
PMLE_LIVE_REPLAY_TIC|tic=4180|mle_ms=13.05|monotonic_ms=20|clock_delta_ms=6.95|c
lock_suspect=0
PMLE_LIVE_REPLAY_TIC|tic=4181|mle_ms=11.77|monotonic_ms=10|clock_delta_ms=1.77|c
lock_suspect=0
PMLE_LIVE_REPLAY_TIC|tic=4182|mle_ms=12.002|monotonic_ms=10|clock_delta_ms=2.002
|clock_suspect=0
PMLE_LIVE_REPLAY_TIC|tic=4183|mle_ms=13.992|monotonic_ms=10|clock_delta_ms=3.992
|clock_suspect=0
PMLE_LIVE_REPLAY_TIC|tic=4184|mle_ms=13.595|monotonic_ms=20|clock_delta_ms=6.405
|clock_suspect=0
PMLE_LIVE_REPLAY_TIC|tic=4185|mle_ms=10.798|monotonic_ms=10|clock_delta_ms=.798|
clock_suspect=0
PMLE_LIVE_REPLAY_TIC|tic=4186|mle_ms=14.003|monotonic_ms=10|clock_delta_ms=4.003
|clock_suspect=0
PMLE_LIVE_REPLAY_TIC|tic=4187|mle_ms=10.899|monotonic_ms=10|clock_delta_ms=.899|
clock_suspect=0
PMLE_LIVE_REPLAY_TIC|tic=4188|mle_ms=14.977|monotonic_ms=20|clock_delta_ms=5.023
|clock_suspect=0
PMLE_LIVE_REPLAY_TIC|tic=4189|mle_ms=12.732|monotonic_ms=10|clock_delta_ms=2.732
|clock_suspect=0
PMLE_LIVE_REPLAY_TIC|tic=4190|mle_ms=12.449|monotonic_ms=10|clock_delta_ms=2.449
|clock_suspect=0
PMLE_LIVE_REPLAY_TIC|tic=4191|mle_ms=11.314|monotonic_ms=20|clock_delta_ms=8.686
|clock_suspect=0
PMLE_LIVE_REPLAY_TIC|tic=4192|mle_ms=14.369|monotonic_ms=10|clock_delta_ms=4.369
|clock_suspect=0
PMLE_LIVE_REPLAY_TIC|tic=4193|mle_ms=13.916|monotonic_ms=10|clock_delta_ms=3.916
|clock_suspect=0
PMLE_LIVE_REPLAY_TIC|tic=4194|mle_ms=163.728|monotonic_ms=170|clock_delta_ms=6.2
72|clock_suspect=0
PMLE_LIVE_REPLAY_TIC|tic=4195|mle_ms=12.391|monotonic_ms=10|clock_delta_ms=2.391
|clock_suspect=0
PMLE_LIVE_REPLAY_TIC|tic=4196|mle_ms=11.704|monotonic_ms=10|clock_delta_ms=1.704
|clock_suspect=0
PMLE_LIVE_REPLAY_TIC|tic=4197|mle_ms=9.898|monotonic_ms=10|clock_delta_ms=.102|c
lock_suspect=0
PMLE_LIVE_REPLAY_TIC|tic=4198|mle_ms=10.594|monotonic_ms=10|clock_delta_ms=.594|
clock_suspect=0
PMLE_LIVE_REPLAY_TIC|tic=4199|mle_ms=10.331|monotonic_ms=10|clock_delta_ms=.331|
clock_suspect=0
PMLE_LIVE_REPLAY_TIC|tic=4200|mle_ms=10.757|monotonic_ms=10|clock_delta_ms=.757|
clock_suspect=0
PMLE_LIVE_REPLAY_TIC|tic=4201|mle_ms=11.736|monotonic_ms=10|clock_delta_ms=1.736
|clock_suspect=0
PMLE_LIVE_REPLAY_TIC|tic=4202|mle_ms=11.052|monotonic_ms=10|clock_delta_ms=1.052
|clock_suspect=0
PMLE_LIVE_REPLAY_TIC|tic=4203|mle_ms=10.499|monotonic_ms=10|clock_delta_ms=.499|
clock_suspect=0
PMLE_LIVE_REPLAY_TIC|tic=4204|mle_ms=11.686|monotonic_ms=10|clock_delta_ms=1.686
|clock_suspect=0
PMLE_LIVE_REPLAY_TIC|tic=4205|mle_ms=10.382|monotonic_ms=10|clock_delta_ms=.382|
clock_suspect=0
PMLE_LIVE_REPLAY_TIC|tic=4206|mle_ms=12.692|monotonic_ms=20|clock_delta_ms=7.308
|clock_suspect=0
PMLE_LIVE_REPLAY_TIC|tic=4207|mle_ms=10.886|monotonic_ms=10|clock_delta_ms=.886|
clock_suspect=0
PMLE_LIVE_REPLAY_TIC|tic=4208|mle_ms=10.569|monotonic_ms=10|clock_delta_ms=.569|
clock_suspect=0
PMLE_LIVE_REPLAY_TIC|tic=4209|mle_ms=10.502|monotonic_ms=10|clock_delta_ms=.502|
clock_suspect=0
PMLE_LIVE_REPLAY_TIC|tic=4210|mle_ms=11.977|monotonic_ms=10|clock_delta_ms=1.977
|clock_suspect=0
PMLE_LIVE_REPLAY_TIC|tic=4211|mle_ms=11.139|monotonic_ms=10|clock_delta_ms=1.139
|clock_suspect=0
PMLE_LIVE_REPLAY_TIC|tic=4212|mle_ms=13.412|monotonic_ms=20|clock_delta_ms=6.588
|clock_suspect=0
PMLE_LIVE_REPLAY_TIC|tic=4213|mle_ms=13.353|monotonic_ms=10|clock_delta_ms=3.353
|clock_suspect=0
PMLE_LIVE_REPLAY_TIC|tic=4214|mle_ms=14.848|monotonic_ms=10|clock_delta_ms=4.848
|clock_suspect=0
PMLE_LIVE_REPLAY_TIC|tic=4215|mle_ms=13.027|monotonic_ms=20|clock_delta_ms=6.973
|clock_suspect=0
PMLE_LIVE_REPLAY_TIC|tic=4216|mle_ms=13.44|monotonic_ms=10|clock_delta_ms=3.44|c
lock_suspect=0
PMLE_LIVE_REPLAY_TIC|tic=4217|mle_ms=11.355|monotonic_ms=10|clock_delta_ms=1.355
|clock_suspect=0
PMLE_LIVE_REPLAY_TIC|tic=4218|mle_ms=12.804|monotonic_ms=10|clock_delta_ms=2.804
|clock_suspect=0
PMLE_LIVE_REPLAY_TIC|tic=4219|mle_ms=12.715|monotonic_ms=20|clock_delta_ms=7.285
|clock_suspect=0
PMLE_LIVE_REPLAY_TIC|tic=4220|mle_ms=11.832|monotonic_ms=10|clock_delta_ms=1.832
|clock_suspect=0
PMLE_LIVE_REPLAY_TIC|tic=4221|mle_ms=11.227|monotonic_ms=10|clock_delta_ms=1.227
|clock_suspect=0
PMLE_LIVE_REPLAY_TIC|tic=4222|mle_ms=12.767|monotonic_ms=10|clock_delta_ms=2.767
|clock_suspect=0
PMLE_LIVE_REPLAY_TIC|tic=4223|mle_ms=13.185|monotonic_ms=20|clock_delta_ms=6.815
|clock_suspect=0
PMLE_LIVE_REPLAY_TIC|tic=4224|mle_ms=13.708|monotonic_ms=10|clock_delta_ms=3.708
|clock_suspect=0
PMLE_LIVE_REPLAY_TIC|tic=4225|mle_ms=12.032|monotonic_ms=10|clock_delta_ms=2.032
|clock_suspect=0
PMLE_LIVE_REPLAY_TIC|tic=4226|mle_ms=31.769|monotonic_ms=30|clock_delta_ms=1.769
|clock_suspect=0
PMLE_LIVE_REPLAY_TIC|tic=4227|mle_ms=11.01|monotonic_ms=20|clock_delta_ms=8.99|c
lock_suspect=0
PMLE_LIVE_REPLAY_TIC|tic=4228|mle_ms=11.12|monotonic_ms=10|clock_delta_ms=1.12|c
lock_suspect=0
PMLE_LIVE_REPLAY_TIC|tic=4229|mle_ms=10.725|monotonic_ms=10|clock_delta_ms=.725|
clock_suspect=0
PMLE_LIVE_REPLAY_TIC|tic=4230|mle_ms=12.023|monotonic_ms=10|clock_delta_ms=2.023
|clock_suspect=0
PMLE_LIVE_REPLAY_TIC|tic=4231|mle_ms=11.845|monotonic_ms=10|clock_delta_ms=1.845
|clock_suspect=0
PMLE_LIVE_REPLAY_TIC|tic=4232|mle_ms=12.359|monotonic_ms=10|clock_delta_ms=2.359
|clock_suspect=0
PMLE_LIVE_REPLAY_TIC|tic=4233|mle_ms=12.026|monotonic_ms=20|clock_delta_ms=7.974
|clock_suspect=0
PMLE_LIVE_REPLAY_TIC|tic=4234|mle_ms=15.352|monotonic_ms=10|clock_delta_ms=5.352
|clock_suspect=0
PMLE_LIVE_REPLAY_TIC|tic=4235|mle_ms=13.979|monotonic_ms=20|clock_delta_ms=6.021
|clock_suspect=0
PMLE_LIVE_REPLAY_TIC|tic=4236|mle_ms=13.894|monotonic_ms=10|clock_delta_ms=3.894
|clock_suspect=0
PMLE_LIVE_REPLAY_TIC|tic=4237|mle_ms=11.048|monotonic_ms=10|clock_delta_ms=1.048
|clock_suspect=0
PMLE_LIVE_REPLAY_TIC|tic=4238|mle_ms=10.383|monotonic_ms=10|clock_delta_ms=.383|
clock_suspect=0
PMLE_LIVE_REPLAY_TIC|tic=4239|mle_ms=9.936|monotonic_ms=10|clock_delta_ms=.064|c
lock_suspect=0
PMLE_LIVE_REPLAY_TIC|tic=4240|mle_ms=9.938|monotonic_ms=10|clock_delta_ms=.062|c
lock_suspect=0
PMLE_LIVE_REPLAY_TIC|tic=4241|mle_ms=10.627|monotonic_ms=10|clock_delta_ms=.627|
clock_suspect=0
PMLE_LIVE_REPLAY_TIC|tic=4242|mle_ms=12.137|monotonic_ms=10|clock_delta_ms=2.137
|clock_suspect=0
PMLE_LIVE_REPLAY_TIC|tic=4243|mle_ms=12.456|monotonic_ms=20|clock_delta_ms=7.544
|clock_suspect=0
PMLE_LIVE_REPLAY_TIC|tic=4244|mle_ms=12.021|monotonic_ms=10|clock_delta_ms=2.021
|clock_suspect=0
PMLE_LIVE_REPLAY_TIC|tic=4245|mle_ms=10.719|monotonic_ms=10|clock_delta_ms=.719|
clock_suspect=0
PMLE_LIVE_REPLAY_TIC|tic=4246|mle_ms=12.493|monotonic_ms=10|clock_delta_ms=2.493
|clock_suspect=0
PMLE_LIVE_REPLAY_TIC|tic=4247|mle_ms=10.024|monotonic_ms=10|clock_delta_ms=.024|
clock_suspect=0
PMLE_LIVE_REPLAY_TIC|tic=4248|mle_ms=10.914|monotonic_ms=10|clock_delta_ms=.914|
clock_suspect=0
PMLE_LIVE_REPLAY_TIC|tic=4249|mle_ms=10.347|monotonic_ms=10|clock_delta_ms=.347|
clock_suspect=0
PMLE_LIVE_REPLAY_TIC|tic=4250|mle_ms=10.528|monotonic_ms=10|clock_delta_ms=.528|
clock_suspect=0
PMLE_LIVE_REPLAY_TIC|tic=4251|mle_ms=10.127|monotonic_ms=10|clock_delta_ms=.127|
clock_suspect=0
PMLE_LIVE_REPLAY_TIC|tic=4252|mle_ms=12.112|monotonic_ms=20|clock_delta_ms=7.888
|clock_suspect=0
PMLE_LIVE_REPLAY_TIC|tic=4253|mle_ms=11.36|monotonic_ms=10|clock_delta_ms=1.36|c
lock_suspect=0
PMLE_LIVE_REPLAY_TIC|tic=4254|mle_ms=13.365|monotonic_ms=10|clock_delta_ms=3.365
|clock_suspect=0
PMLE_LIVE_REPLAY_TIC|tic=4255|mle_ms=11.228|monotonic_ms=10|clock_delta_ms=1.228
|clock_suspect=0
PMLE_LIVE_REPLAY_TIC|tic=4256|mle_ms=12.489|monotonic_ms=20|clock_delta_ms=7.511
|clock_suspect=0
PMLE_LIVE_REPLAY_TIC|tic=4257|mle_ms=9.877|monotonic_ms=10|clock_delta_ms=.123|c
lock_suspect=0
PMLE_LIVE_REPLAY_TIC|tic=4258|mle_ms=14.097|monotonic_ms=10|clock_delta_ms=4.097
|clock_suspect=0
PMLE_LIVE_REPLAY_TIC|tic=4259|mle_ms=11.441|monotonic_ms=10|clock_delta_ms=1.441
|clock_suspect=0
PMLE_LIVE_REPLAY_TIC|tic=4260|mle_ms=12.812|monotonic_ms=10|clock_delta_ms=2.812
|clock_suspect=0
PMLE_LIVE_REPLAY_TIC|tic=4261|mle_ms=11.546|monotonic_ms=20|clock_delta_ms=8.454
|clock_suspect=0
PMLE_LIVE_REPLAY_TIC|tic=4262|mle_ms=12.128|monotonic_ms=10|clock_delta_ms=2.128
|clock_suspect=0
PMLE_LIVE_REPLAY_TIC|tic=4263|mle_ms=10.578|monotonic_ms=10|clock_delta_ms=.578|
clock_suspect=0
PMLE_LIVE_REPLAY_TIC|tic=4264|mle_ms=12.809|monotonic_ms=10|clock_delta_ms=2.809
|clock_suspect=0
PMLE_LIVE_REPLAY_TIC|tic=4265|mle_ms=11.715|monotonic_ms=10|clock_delta_ms=1.715
|clock_suspect=0
PMLE_LIVE_REPLAY_TIC|tic=4266|mle_ms=13.387|monotonic_ms=20|clock_delta_ms=6.613
|clock_suspect=0
PMLE_LIVE_REPLAY_TIC|tic=4267|mle_ms=11.941|monotonic_ms=10|clock_delta_ms=1.941
|clock_suspect=0
PMLE_LIVE_REPLAY_TIC|tic=4268|mle_ms=13.237|monotonic_ms=10|clock_delta_ms=3.237
|clock_suspect=0
PMLE_LIVE_REPLAY_TIC|tic=4269|mle_ms=13.588|monotonic_ms=20|clock_delta_ms=6.412
|clock_suspect=0
PMLE_LIVE_REPLAY_TIC|tic=4270|mle_ms=13.442|monotonic_ms=10|clock_delta_ms=3.442
|clock_suspect=0
PMLE_LIVE_REPLAY_TIC|tic=4271|mle_ms=11.761|monotonic_ms=10|clock_delta_ms=1.761
|clock_suspect=0
PMLE_LIVE_REPLAY_TIC|tic=4272|mle_ms=12.808|monotonic_ms=10|clock_delta_ms=2.808
|clock_suspect=0
PMLE_LIVE_REPLAY_TIC|tic=4273|mle_ms=14.017|monotonic_ms=20|clock_delta_ms=5.983
|clock_suspect=0
PMLE_LIVE_REPLAY_TIC|tic=4274|mle_ms=12.77|monotonic_ms=10|clock_delta_ms=2.77|c
lock_suspect=0
PMLE_LIVE_REPLAY_TIC|tic=4275|mle_ms=11.646|monotonic_ms=10|clock_delta_ms=1.646
|clock_suspect=0
PMLE_LIVE_REPLAY_TIC|tic=4276|mle_ms=13.863|monotonic_ms=20|clock_delta_ms=6.137
|clock_suspect=0
PMLE_LIVE_REPLAY_TIC|tic=4277|mle_ms=11.41|monotonic_ms=10|clock_delta_ms=1.41|c
lock_suspect=0
PMLE_LIVE_REPLAY_TIC|tic=4278|mle_ms=11.78|monotonic_ms=10|clock_delta_ms=1.78|c
lock_suspect=0
PMLE_LIVE_REPLAY_TIC|tic=4279|mle_ms=12.032|monotonic_ms=10|clock_delta_ms=2.032
|clock_suspect=0
PMLE_LIVE_REPLAY_TIC|tic=4280|mle_ms=11.345|monotonic_ms=10|clock_delta_ms=1.345
|clock_suspect=0
PMLE_LIVE_REPLAY_TIC|tic=4281|mle_ms=11.321|monotonic_ms=20|clock_delta_ms=8.679
|clock_suspect=0
PMLE_LIVE_REPLAY_TIC|tic=4282|mle_ms=13.34|monotonic_ms=10|clock_delta_ms=3.34|c
lock_suspect=0
PMLE_LIVE_REPLAY_TIC|tic=4283|mle_ms=12.439|monotonic_ms=10|clock_delta_ms=2.439
|clock_suspect=0
PMLE_LIVE_REPLAY_TIC|tic=4284|mle_ms=12.975|monotonic_ms=10|clock_delta_ms=2.975
|clock_suspect=0
PMLE_LIVE_REPLAY_TIC|tic=4285|mle_ms=13.199|monotonic_ms=20|clock_delta_ms=6.801
|clock_suspect=0
PMLE_LIVE_REPLAY_TIC|tic=4286|mle_ms=12.661|monotonic_ms=10|clock_delta_ms=2.661
|clock_suspect=0
PMLE_LIVE_REPLAY_TIC|tic=4287|mle_ms=9.067|monotonic_ms=10|clock_delta_ms=.933|c
lock_suspect=0
PMLE_LIVE_REPLAY_TIC|tic=4288|mle_ms=9.999|monotonic_ms=10|clock_delta_ms=.001|c
lock_suspect=0
PMLE_LIVE_REPLAY_TIC|tic=4289|mle_ms=10.428|monotonic_ms=10|clock_delta_ms=.428|
clock_suspect=0
PMLE_LIVE_REPLAY_TIC|tic=4290|mle_ms=14.059|monotonic_ms=10|clock_delta_ms=4.059
|clock_suspect=0
PMLE_LIVE_REPLAY_TIC|tic=4291|mle_ms=10.572|monotonic_ms=10|clock_delta_ms=.572|
clock_suspect=0
PMLE_LIVE_REPLAY_TIC|tic=4292|mle_ms=10.029|monotonic_ms=20|clock_delta_ms=9.971
|clock_suspect=0
PMLE_LIVE_REPLAY_TIC|tic=4293|mle_ms=9.168|monotonic_ms=0|clock_delta_ms=9.168|c
lock_suspect=0
PMLE_LIVE_REPLAY_TIC|tic=4294|mle_ms=11.706|monotonic_ms=20|clock_delta_ms=8.294
|clock_suspect=0
PMLE_LIVE_REPLAY_TIC|tic=4295|mle_ms=10.787|monotonic_ms=10|clock_delta_ms=.787|
clock_suspect=0
PMLE_LIVE_REPLAY_TIC|tic=4296|mle_ms=13.897|monotonic_ms=10|clock_delta_ms=3.897
|clock_suspect=0
PMLE_LIVE_REPLAY_TIC|tic=4297|mle_ms=11.695|monotonic_ms=10|clock_delta_ms=1.695
|clock_suspect=0
PMLE_LIVE_REPLAY_TIC|tic=4298|mle_ms=10.54|monotonic_ms=10|clock_delta_ms=.54|cl
ock_suspect=0
PMLE_LIVE_REPLAY_TIC|tic=4299|mle_ms=9.477|monotonic_ms=10|clock_delta_ms=.523|c
lock_suspect=0
PMLE_LIVE_REPLAY_TIC|tic=4300|mle_ms=10.421|monotonic_ms=10|clock_delta_ms=.421|
clock_suspect=0
PMLE_LIVE_REPLAY_TIC|tic=4301|mle_ms=11.287|monotonic_ms=10|clock_delta_ms=1.287
|clock_suspect=0
PMLE_LIVE_REPLAY_TIC|tic=4302|mle_ms=13.789|monotonic_ms=10|clock_delta_ms=3.789
|clock_suspect=0
PMLE_LIVE_REPLAY_TIC|tic=4303|mle_ms=15.377|monotonic_ms=20|clock_delta_ms=4.623
|clock_suspect=0
PMLE_LIVE_REPLAY_TIC|tic=4304|mle_ms=15.414|monotonic_ms=10|clock_delta_ms=5.414
|clock_suspect=0
PMLE_LIVE_REPLAY_TIC|tic=4305|mle_ms=16.989|monotonic_ms=20|clock_delta_ms=3.011
|clock_suspect=0
PMLE_LIVE_REPLAY_TIC|tic=4306|mle_ms=15.561|monotonic_ms=20|clock_delta_ms=4.439
|clock_suspect=0
PMLE_LIVE_REPLAY_TIC|tic=4307|mle_ms=11.666|monotonic_ms=10|clock_delta_ms=1.666
|clock_suspect=0
PMLE_LIVE_REPLAY_TIC|tic=4308|mle_ms=11.686|monotonic_ms=10|clock_delta_ms=1.686
|clock_suspect=0
PMLE_LIVE_REPLAY_TIC|tic=4309|mle_ms=11.184|monotonic_ms=10|clock_delta_ms=1.184
|clock_suspect=0
PMLE_LIVE_REPLAY_TIC|tic=4310|mle_ms=10.657|monotonic_ms=10|clock_delta_ms=.657|
clock_suspect=0
PMLE_LIVE_REPLAY_TIC|tic=4311|mle_ms=10.07|monotonic_ms=10|clock_delta_ms=.07|cl
ock_suspect=0
PMLE_LIVE_REPLAY_TIC|tic=4312|mle_ms=11.029|monotonic_ms=10|clock_delta_ms=1.029
|clock_suspect=0
PMLE_LIVE_REPLAY_TIC|tic=4313|mle_ms=10.626|monotonic_ms=10|clock_delta_ms=.626|
clock_suspect=0
PMLE_LIVE_REPLAY_TIC|tic=4314|mle_ms=12.028|monotonic_ms=20|clock_delta_ms=7.972
|clock_suspect=0
PMLE_LIVE_REPLAY_TIC|tic=4315|mle_ms=11.327|monotonic_ms=10|clock_delta_ms=1.327
|clock_suspect=0
PMLE_LIVE_REPLAY_TIC|tic=4316|mle_ms=11.383|monotonic_ms=10|clock_delta_ms=1.383
|clock_suspect=0
PMLE_LIVE_REPLAY_TIC|tic=4317|mle_ms=9.25|monotonic_ms=10|clock_delta_ms=.75|clo
ck_suspect=0
PMLE_LIVE_REPLAY_TIC|tic=4318|mle_ms=9.823|monotonic_ms=10|clock_delta_ms=.177|c
lock_suspect=0
PMLE_LIVE_REPLAY_TIC|tic=4319|mle_ms=9.809|monotonic_ms=10|clock_delta_ms=.191|c
lock_suspect=0
PMLE_LIVE_REPLAY_TIC|tic=4320|mle_ms=9.926|monotonic_ms=10|clock_delta_ms=.074|c
lock_suspect=0
PMLE_LIVE_REPLAY_TIC|tic=4321|mle_ms=13.118|monotonic_ms=10|clock_delta_ms=3.118
|clock_suspect=0
PMLE_LIVE_REPLAY_TIC|tic=4322|mle_ms=11.358|monotonic_ms=10|clock_delta_ms=1.358
|clock_suspect=0
PMLE_LIVE_REPLAY_TIC|tic=4323|mle_ms=11.273|monotonic_ms=10|clock_delta_ms=1.273
|clock_suspect=0
PMLE_LIVE_REPLAY_TIC|tic=4324|mle_ms=12.737|monotonic_ms=20|clock_delta_ms=7.263
|clock_suspect=0
PMLE_LIVE_REPLAY_TIC|tic=4325|mle_ms=11.297|monotonic_ms=10|clock_delta_ms=1.297
|clock_suspect=0
PMLE_LIVE_REPLAY_TIC|tic=4326|mle_ms=12.921|monotonic_ms=10|clock_delta_ms=2.921
|clock_suspect=0
PMLE_LIVE_REPLAY_TIC|tic=4327|mle_ms=10.153|monotonic_ms=10|clock_delta_ms=.153|
clock_suspect=0
PMLE_LIVE_REPLAY_TIC|tic=4328|mle_ms=11.086|monotonic_ms=10|clock_delta_ms=1.086
|clock_suspect=0
PMLE_LIVE_REPLAY_TIC|tic=4329|mle_ms=9.889|monotonic_ms=10|clock_delta_ms=.111|c
lock_suspect=0
PMLE_LIVE_REPLAY_TIC|tic=4330|mle_ms=11.27|monotonic_ms=10|clock_delta_ms=1.27|c
lock_suspect=0
PMLE_LIVE_REPLAY_TIC|tic=4331|mle_ms=10.858|monotonic_ms=10|clock_delta_ms=.858|
clock_suspect=0
PMLE_LIVE_REPLAY_TIC|tic=4332|mle_ms=12.164|monotonic_ms=20|clock_delta_ms=7.836
|clock_suspect=0
PMLE_LIVE_REPLAY_TIC|tic=4333|mle_ms=11.53|monotonic_ms=10|clock_delta_ms=1.53|c
lock_suspect=0
PMLE_LIVE_REPLAY_TIC|tic=4334|mle_ms=11.105|monotonic_ms=10|clock_delta_ms=1.105
|clock_suspect=0
PMLE_LIVE_REPLAY_TIC|tic=4335|mle_ms=10.543|monotonic_ms=10|clock_delta_ms=.543|
clock_suspect=0
PMLE_LIVE_REPLAY_TIC|tic=4336|mle_ms=11.824|monotonic_ms=10|clock_delta_ms=1.824
|clock_suspect=0
PMLE_LIVE_REPLAY_TIC|tic=4337|mle_ms=9.186|monotonic_ms=10|clock_delta_ms=.814|c
lock_suspect=0
PMLE_LIVE_REPLAY_TIC|tic=4338|mle_ms=10.224|monotonic_ms=10|clock_delta_ms=.224|
clock_suspect=0
PMLE_LIVE_REPLAY_TIC|tic=4339|mle_ms=10.046|monotonic_ms=10|clock_delta_ms=.046|
clock_suspect=0
PMLE_LIVE_REPLAY_TIC|tic=4340|mle_ms=9.576|monotonic_ms=10|clock_delta_ms=.424|c
lock_suspect=0
PMLE_LIVE_REPLAY_TIC|tic=4341|mle_ms=9.783|monotonic_ms=10|clock_delta_ms=.217|c
lock_suspect=0
PMLE_LIVE_REPLAY_TIC|tic=4342|mle_ms=10.524|monotonic_ms=10|clock_delta_ms=.524|
clock_suspect=0
PMLE_LIVE_REPLAY_TIC|tic=4343|mle_ms=10.969|monotonic_ms=10|clock_delta_ms=.969|
clock_suspect=0
PMLE_LIVE_REPLAY_TIC|tic=4344|mle_ms=12.149|monotonic_ms=20|clock_delta_ms=7.851
|clock_suspect=0
PMLE_LIVE_REPLAY_TIC|tic=4345|mle_ms=10.953|monotonic_ms=10|clock_delta_ms=.953|
clock_suspect=0
PMLE_LIVE_REPLAY_TIC|tic=4346|mle_ms=11.927|monotonic_ms=10|clock_delta_ms=1.927
|clock_suspect=0
PMLE_LIVE_REPLAY_TIC|tic=4347|mle_ms=9.59|monotonic_ms=10|clock_delta_ms=.41|clo
ck_suspect=0
PMLE_LIVE_REPLAY_TIC|tic=4348|mle_ms=9.802|monotonic_ms=10|clock_delta_ms=.198|c
lock_suspect=0
PMLE_LIVE_REPLAY_TIC|tic=4349|mle_ms=9.536|monotonic_ms=10|clock_delta_ms=.464|c
lock_suspect=0
PMLE_LIVE_REPLAY_TIC|tic=4350|mle_ms=10.702|monotonic_ms=10|clock_delta_ms=.702|
clock_suspect=0
PMLE_LIVE_REPLAY_TIC|tic=4351|mle_ms=9.983|monotonic_ms=10|clock_delta_ms=.017|c
lock_suspect=0
PMLE_LIVE_REPLAY_TIC|tic=4352|mle_ms=9.958|monotonic_ms=10|clock_delta_ms=.042|c
lock_suspect=0
PMLE_LIVE_REPLAY_TIC|tic=4353|mle_ms=13.034|monotonic_ms=10|clock_delta_ms=3.034
|clock_suspect=0
PMLE_LIVE_REPLAY_TIC|tic=4354|mle_ms=10.957|monotonic_ms=10|clock_delta_ms=.957|
clock_suspect=0
PMLE_LIVE_REPLAY_TIC|tic=4355|mle_ms=8.446|monotonic_ms=10|clock_delta_ms=1.554|
clock_suspect=0
PMLE_LIVE_REPLAY_TIC|tic=4356|mle_ms=9.745|monotonic_ms=10|clock_delta_ms=.255|c
lock_suspect=0
PMLE_LIVE_REPLAY_TIC|tic=4357|mle_ms=8.016|monotonic_ms=10|clock_delta_ms=1.984|
clock_suspect=0
PMLE_LIVE_REPLAY_TIC|tic=4358|mle_ms=7.799|monotonic_ms=10|clock_delta_ms=2.201|
clock_suspect=0
PMLE_LIVE_REPLAY_TIC|tic=4359|mle_ms=7.77|monotonic_ms=0|clock_delta_ms=7.77|clo
ck_suspect=0
PMLE_LIVE_REPLAY_TIC|tic=4360|mle_ms=8.85|monotonic_ms=10|clock_delta_ms=1.15|cl
ock_suspect=0
PMLE_LIVE_REPLAY_TIC|tic=4361|mle_ms=9.678|monotonic_ms=10|clock_delta_ms=.322|c
lock_suspect=0
PMLE_LIVE_REPLAY_TIC|tic=4362|mle_ms=9.975|monotonic_ms=10|clock_delta_ms=.025|c
lock_suspect=0
PMLE_LIVE_REPLAY_TIC|tic=4363|mle_ms=10.273|monotonic_ms=10|clock_delta_ms=.273|
clock_suspect=0
PMLE_LIVE_REPLAY_TIC|tic=4364|mle_ms=11.008|monotonic_ms=10|clock_delta_ms=1.008
|clock_suspect=0
PMLE_LIVE_REPLAY_TIC|tic=4365|mle_ms=9.068|monotonic_ms=10|clock_delta_ms=.932|c
lock_suspect=0
PMLE_LIVE_REPLAY_TIC|tic=4366|mle_ms=9.638|monotonic_ms=10|clock_delta_ms=.362|c
lock_suspect=0
PMLE_LIVE_REPLAY_TIC|tic=4367|mle_ms=8.688|monotonic_ms=10|clock_delta_ms=1.312|
clock_suspect=0
PMLE_LIVE_REPLAY_TIC|tic=4368|mle_ms=10.73|monotonic_ms=10|clock_delta_ms=.73|cl
ock_suspect=0
PMLE_LIVE_REPLAY_TIC|tic=4369|mle_ms=11.471|monotonic_ms=10|clock_delta_ms=1.471
|clock_suspect=0
PMLE_LIVE_REPLAY_TIC|tic=4370|mle_ms=10.937|monotonic_ms=20|clock_delta_ms=9.063
|clock_suspect=0
PMLE_LIVE_REPLAY_TIC|tic=4371|mle_ms=10.651|monotonic_ms=10|clock_delta_ms=.651|
clock_suspect=0
PMLE_LIVE_REPLAY_TIC|tic=4372|mle_ms=11.292|monotonic_ms=10|clock_delta_ms=1.292
|clock_suspect=0
PMLE_LIVE_REPLAY_TIC|tic=4373|mle_ms=11.305|monotonic_ms=10|clock_delta_ms=1.305
|clock_suspect=0
PMLE_LIVE_REPLAY_TIC|tic=4374|mle_ms=12.091|monotonic_ms=10|clock_delta_ms=2.091
|clock_suspect=0
PMLE_LIVE_REPLAY_TIC|tic=4375|mle_ms=10.074|monotonic_ms=10|clock_delta_ms=.074|
clock_suspect=0
PMLE_LIVE_REPLAY_TIC|tic=4376|mle_ms=10.804|monotonic_ms=10|clock_delta_ms=.804|
clock_suspect=0
PMLE_LIVE_REPLAY_TIC|tic=4377|mle_ms=8.867|monotonic_ms=10|clock_delta_ms=1.133|
clock_suspect=0
PMLE_LIVE_REPLAY_TIC|tic=4378|mle_ms=9.686|monotonic_ms=10|clock_delta_ms=.314|c
lock_suspect=0
PMLE_LIVE_REPLAY_TIC|tic=4379|mle_ms=9.488|monotonic_ms=10|clock_delta_ms=.512|c
lock_suspect=0
PMLE_LIVE_REPLAY_TIC|tic=4380|mle_ms=10.705|monotonic_ms=10|clock_delta_ms=.705|
clock_suspect=0
PMLE_LIVE_REPLAY_TIC|tic=4381|mle_ms=9.847|monotonic_ms=10|clock_delta_ms=.153|c
lock_suspect=0
PMLE_LIVE_REPLAY_TIC|tic=4382|mle_ms=9.239|monotonic_ms=10|clock_delta_ms=.761|c
lock_suspect=0
PMLE_LIVE_REPLAY_TIC|tic=4383|mle_ms=9.363|monotonic_ms=10|clock_delta_ms=.637|c
lock_suspect=0
PMLE_LIVE_REPLAY_TIC|tic=4384|mle_ms=13.675|monotonic_ms=10|clock_delta_ms=3.675
|clock_suspect=0
PMLE_LIVE_REPLAY_TIC|tic=4385|mle_ms=11.359|monotonic_ms=20|clock_delta_ms=8.641
|clock_suspect=0
PMLE_LIVE_REPLAY_TIC|tic=4386|mle_ms=12.785|monotonic_ms=10|clock_delta_ms=2.785
|clock_suspect=0
PMLE_LIVE_REPLAY_TIC|tic=4387|mle_ms=10.548|monotonic_ms=10|clock_delta_ms=.548|
clock_suspect=0
PMLE_LIVE_REPLAY_TIC|tic=4388|mle_ms=10.412|monotonic_ms=10|clock_delta_ms=.412|
clock_suspect=0
PMLE_LIVE_REPLAY_TIC|tic=4389|mle_ms=9.31|monotonic_ms=10|clock_delta_ms=.69|clo
ck_suspect=0
PMLE_LIVE_REPLAY_TIC|tic=4390|mle_ms=10.325|monotonic_ms=10|clock_delta_ms=.325|
clock_suspect=0
PMLE_LIVE_REPLAY_TIC|tic=4391|mle_ms=9.771|monotonic_ms=10|clock_delta_ms=.229|c
lock_suspect=0
PMLE_LIVE_REPLAY_TIC|tic=4392|mle_ms=10.656|monotonic_ms=10|clock_delta_ms=.656|
clock_suspect=0
PMLE_LIVE_REPLAY_TIC|tic=4393|mle_ms=10.981|monotonic_ms=10|clock_delta_ms=.981|
clock_suspect=0
PMLE_LIVE_REPLAY_TIC|tic=4394|mle_ms=11.128|monotonic_ms=10|clock_delta_ms=1.128
|clock_suspect=0
PMLE_LIVE_REPLAY_TIC|tic=4395|mle_ms=9.338|monotonic_ms=10|clock_delta_ms=.662|c
lock_suspect=0
PMLE_LIVE_REPLAY_TIC|tic=4396|mle_ms=10.631|monotonic_ms=10|clock_delta_ms=.631|
clock_suspect=0
PMLE_LIVE_REPLAY_TIC|tic=4397|mle_ms=10.244|monotonic_ms=10|clock_delta_ms=.244|
clock_suspect=0
PMLE_LIVE_REPLAY_TIC|tic=4398|mle_ms=8.767|monotonic_ms=10|clock_delta_ms=1.233|
clock_suspect=0
PMLE_LIVE_REPLAY_TIC|tic=4399|mle_ms=8.314|monotonic_ms=10|clock_delta_ms=1.686|
clock_suspect=0
PMLE_LIVE_REPLAY_TIC|tic=4400|mle_ms=8.603|monotonic_ms=10|clock_delta_ms=1.397|
clock_suspect=0
PMLE_LIVE_REPLAY_TIC|tic=4401|mle_ms=10.452|monotonic_ms=10|clock_delta_ms=.452|
clock_suspect=0
PMLE_LIVE_REPLAY_TIC|tic=4402|mle_ms=12.029|monotonic_ms=10|clock_delta_ms=2.029
|clock_suspect=0
PMLE_LIVE_REPLAY_TIC|tic=4403|mle_ms=11.217|monotonic_ms=10|clock_delta_ms=1.217
|clock_suspect=0
PMLE_LIVE_REPLAY_TIC|tic=4404|mle_ms=12.571|monotonic_ms=20|clock_delta_ms=7.429
|clock_suspect=0
PMLE_LIVE_REPLAY_TIC|tic=4405|mle_ms=10.84|monotonic_ms=10|clock_delta_ms=.84|cl
ock_suspect=0
PMLE_LIVE_REPLAY_TIC|tic=4406|mle_ms=11.701|monotonic_ms=10|clock_delta_ms=1.701
|clock_suspect=0
PMLE_LIVE_REPLAY_TIC|tic=4407|mle_ms=9.2|monotonic_ms=10|clock_delta_ms=.8|clock
_suspect=0
PMLE_LIVE_REPLAY_TIC|tic=4408|mle_ms=9.713|monotonic_ms=10|clock_delta_ms=.287|c
lock_suspect=0
PMLE_LIVE_REPLAY_TIC|tic=4409|mle_ms=9.328|monotonic_ms=10|clock_delta_ms=.672|c
lock_suspect=0
PMLE_LIVE_REPLAY_TIC|tic=4410|mle_ms=9.477|monotonic_ms=10|clock_delta_ms=.523|c
lock_suspect=0
PMLE_LIVE_REPLAY_TIC|tic=4411|mle_ms=9.229|monotonic_ms=10|clock_delta_ms=.771|c
lock_suspect=0
PMLE_LIVE_REPLAY_TIC|tic=4412|mle_ms=10.092|monotonic_ms=10|clock_delta_ms=.092|
clock_suspect=0
PMLE_LIVE_REPLAY_TIC|tic=4413|mle_ms=10.045|monotonic_ms=10|clock_delta_ms=.045|
clock_suspect=0
PMLE_LIVE_REPLAY_TIC|tic=4414|mle_ms=11.099|monotonic_ms=10|clock_delta_ms=1.099
|clock_suspect=0
PMLE_LIVE_REPLAY_TIC|tic=4415|mle_ms=13.652|monotonic_ms=10|clock_delta_ms=3.652
|clock_suspect=0
PMLE_LIVE_REPLAY_TIC|tic=4416|mle_ms=11.518|monotonic_ms=10|clock_delta_ms=1.518
|clock_suspect=0
PMLE_LIVE_REPLAY_TIC|tic=4417|mle_ms=9.736|monotonic_ms=10|clock_delta_ms=.264|c
lock_suspect=0
PMLE_LIVE_REPLAY_TIC|tic=4418|mle_ms=9.718|monotonic_ms=10|clock_delta_ms=.282|c
lock_suspect=0
PMLE_LIVE_REPLAY_TIC|tic=4419|mle_ms=9.055|monotonic_ms=10|clock_delta_ms=.945|c
lock_suspect=0
PMLE_LIVE_REPLAY_TIC|tic=4420|mle_ms=9.986|monotonic_ms=10|clock_delta_ms=.014|c
lock_suspect=0
PMLE_LIVE_REPLAY_TIC|tic=4421|mle_ms=9.756|monotonic_ms=10|clock_delta_ms=.244|c
lock_suspect=0
PMLE_LIVE_REPLAY_TIC|tic=4422|mle_ms=11.293|monotonic_ms=10|clock_delta_ms=1.293
|clock_suspect=0
PMLE_LIVE_REPLAY_TIC|tic=4423|mle_ms=10.969|monotonic_ms=10|clock_delta_ms=.969|
clock_suspect=0
PMLE_LIVE_REPLAY_TIC|tic=4424|mle_ms=11.783|monotonic_ms=20|clock_delta_ms=8.217
|clock_suspect=0
PMLE_LIVE_REPLAY_TIC|tic=4425|mle_ms=9.52|monotonic_ms=10|clock_delta_ms=.48|clo
ck_suspect=0
PMLE_LIVE_REPLAY_TIC|tic=4426|mle_ms=11.394|monotonic_ms=10|clock_delta_ms=1.394
|clock_suspect=0
PMLE_LIVE_REPLAY_TIC|tic=4427|mle_ms=9.123|monotonic_ms=10|clock_delta_ms=.877|c
lock_suspect=0
PMLE_LIVE_REPLAY_TIC|tic=4428|mle_ms=10.055|monotonic_ms=10|clock_delta_ms=.055|
clock_suspect=0
PMLE_LIVE_REPLAY_TIC|tic=4429|mle_ms=8.976|monotonic_ms=10|clock_delta_ms=1.024|
clock_suspect=0
PMLE_LIVE_REPLAY_TIC|tic=4430|mle_ms=8.712|monotonic_ms=0|clock_delta_ms=8.712|c
lock_suspect=0
PMLE_LIVE_REPLAY_TIC|tic=4431|mle_ms=9.349|monotonic_ms=10|clock_delta_ms=.651|c
lock_suspect=0
PMLE_LIVE_REPLAY_TIC|tic=4432|mle_ms=10.611|monotonic_ms=10|clock_delta_ms=.611|
clock_suspect=0
PMLE_LIVE_REPLAY_TIC|tic=4433|mle_ms=11.445|monotonic_ms=20|clock_delta_ms=8.555
|clock_suspect=0
PMLE_LIVE_REPLAY_TIC|tic=4434|mle_ms=12.426|monotonic_ms=10|clock_delta_ms=2.426
|clock_suspect=0
PMLE_LIVE_REPLAY_TIC|tic=4435|mle_ms=11.026|monotonic_ms=10|clock_delta_ms=1.026
|clock_suspect=0
PMLE_LIVE_REPLAY_TIC|tic=4436|mle_ms=11.671|monotonic_ms=10|clock_delta_ms=1.671
|clock_suspect=0
PMLE_LIVE_REPLAY_TIC|tic=4437|mle_ms=9.668|monotonic_ms=10|clock_delta_ms=.332|c
lock_suspect=0
PMLE_LIVE_REPLAY_TIC|tic=4438|mle_ms=9.647|monotonic_ms=10|clock_delta_ms=.353|c
lock_suspect=0
PMLE_LIVE_REPLAY_TIC|tic=4439|mle_ms=10.181|monotonic_ms=10|clock_delta_ms=.181|
clock_suspect=0
PMLE_LIVE_REPLAY_TIC|tic=4440|mle_ms=10.79|monotonic_ms=10|clock_delta_ms=.79|cl
ock_suspect=0
PMLE_LIVE_REPLAY_TIC|tic=4441|mle_ms=10.458|monotonic_ms=10|clock_delta_ms=.458|
clock_suspect=0
PMLE_LIVE_REPLAY_TIC|tic=4442|mle_ms=11.045|monotonic_ms=10|clock_delta_ms=1.045
|clock_suspect=0
PMLE_LIVE_REPLAY_TIC|tic=4443|mle_ms=10.574|monotonic_ms=10|clock_delta_ms=.574|
clock_suspect=0
PMLE_LIVE_REPLAY_TIC|tic=4444|mle_ms=12.007|monotonic_ms=20|clock_delta_ms=7.993
|clock_suspect=0
PMLE_LIVE_REPLAY_TIC|tic=4445|mle_ms=13.977|monotonic_ms=10|clock_delta_ms=3.977
|clock_suspect=0
PMLE_LIVE_REPLAY_TIC|tic=4446|mle_ms=13.011|monotonic_ms=10|clock_delta_ms=3.011
|clock_suspect=0
PMLE_LIVE_REPLAY_TIC|tic=4447|mle_ms=10.595|monotonic_ms=10|clock_delta_ms=.595|
clock_suspect=0
PMLE_LIVE_REPLAY_TIC|tic=4448|mle_ms=11.188|monotonic_ms=20|clock_delta_ms=8.812
|clock_suspect=0
PMLE_LIVE_REPLAY_TIC|tic=4449|mle_ms=11.074|monotonic_ms=10|clock_delta_ms=1.074
|clock_suspect=0
PMLE_LIVE_REPLAY_TIC|tic=4450|mle_ms=11.036|monotonic_ms=10|clock_delta_ms=1.036
|clock_suspect=0
PMLE_LIVE_REPLAY_TIC|tic=4451|mle_ms=10.237|monotonic_ms=10|clock_delta_ms=.237|
clock_suspect=0
PMLE_LIVE_REPLAY_TIC|tic=4452|mle_ms=12.753|monotonic_ms=10|clock_delta_ms=2.753
|clock_suspect=0
PMLE_LIVE_REPLAY_TIC|tic=4453|mle_ms=11.887|monotonic_ms=10|clock_delta_ms=1.887
|clock_suspect=0
PMLE_LIVE_REPLAY_TIC|tic=4454|mle_ms=12.631|monotonic_ms=20|clock_delta_ms=7.369
|clock_suspect=0
PMLE_LIVE_REPLAY_TIC|tic=4455|mle_ms=10.662|monotonic_ms=10|clock_delta_ms=.662|
clock_suspect=0
PMLE_LIVE_REPLAY_TIC|tic=4456|mle_ms=12.913|monotonic_ms=10|clock_delta_ms=2.913
|clock_suspect=0
PMLE_LIVE_REPLAY_TIC|tic=4457|mle_ms=9.736|monotonic_ms=10|clock_delta_ms=.264|c
lock_suspect=0
PMLE_LIVE_REPLAY_TIC|tic=4458|mle_ms=10.498|monotonic_ms=10|clock_delta_ms=.498|
clock_suspect=0
PMLE_LIVE_REPLAY_TIC|tic=4459|mle_ms=10.237|monotonic_ms=10|clock_delta_ms=.237|
clock_suspect=0
PMLE_LIVE_REPLAY_TIC|tic=4460|mle_ms=9.454|monotonic_ms=10|clock_delta_ms=.546|c
lock_suspect=0
PMLE_LIVE_REPLAY_TIC|tic=4461|mle_ms=9.678|monotonic_ms=10|clock_delta_ms=.322|c
lock_suspect=0
PMLE_LIVE_REPLAY_TIC|tic=4462|mle_ms=10.759|monotonic_ms=10|clock_delta_ms=.759|
clock_suspect=0
PMLE_LIVE_REPLAY_TIC|tic=4463|mle_ms=10.815|monotonic_ms=10|clock_delta_ms=.815|
clock_suspect=0
PMLE_LIVE_REPLAY_TIC|tic=4464|mle_ms=11.633|monotonic_ms=10|clock_delta_ms=1.633
|clock_suspect=0
PMLE_LIVE_REPLAY_TIC|tic=4465|mle_ms=10.708|monotonic_ms=10|clock_delta_ms=.708|
clock_suspect=0
PMLE_LIVE_REPLAY_TIC|tic=4466|mle_ms=11.368|monotonic_ms=20|clock_delta_ms=8.632
|clock_suspect=0
PMLE_LIVE_REPLAY_TIC|tic=4467|mle_ms=9.638|monotonic_ms=10|clock_delta_ms=.362|c
lock_suspect=0
PMLE_LIVE_REPLAY_TIC|tic=4468|mle_ms=9.794|monotonic_ms=0|clock_delta_ms=9.794|c
lock_suspect=0
PMLE_LIVE_REPLAY_TIC|tic=4469|mle_ms=9.743|monotonic_ms=10|clock_delta_ms=.257|c
lock_suspect=0
PMLE_LIVE_REPLAY_TIC|tic=4470|mle_ms=10.197|monotonic_ms=10|clock_delta_ms=.197|
clock_suspect=0
PMLE_LIVE_REPLAY_TIC|tic=4471|mle_ms=10.214|monotonic_ms=10|clock_delta_ms=.214|
clock_suspect=0
PMLE_LIVE_REPLAY_TIC|tic=4472|mle_ms=10.115|monotonic_ms=10|clock_delta_ms=.115|
clock_suspect=0
PMLE_LIVE_REPLAY_TIC|tic=4473|mle_ms=9.028|monotonic_ms=0|clock_delta_ms=9.028|c
lock_suspect=0
PMLE_LIVE_REPLAY_TIC|tic=4474|mle_ms=10.025|monotonic_ms=10|clock_delta_ms=.025|
clock_suspect=0
PMLE_LIVE_REPLAY_TIC|tic=4475|mle_ms=8.761|monotonic_ms=10|clock_delta_ms=1.239|
clock_suspect=0
PMLE_LIVE_REPLAY_TIC|tic=4476|mle_ms=13.411|monotonic_ms=20|clock_delta_ms=6.589
|clock_suspect=0
PMLE_LIVE_REPLAY_TIC|tic=4477|mle_ms=10.349|monotonic_ms=10|clock_delta_ms=.349|
clock_suspect=0
PMLE_LIVE_REPLAY_TIC|tic=4478|mle_ms=10.13|monotonic_ms=10|clock_delta_ms=.13|cl
ock_suspect=0
PMLE_LIVE_REPLAY_TIC|tic=4479|mle_ms=9.518|monotonic_ms=10|clock_delta_ms=.482|c
lock_suspect=0
PMLE_LIVE_REPLAY_TIC|tic=4480|mle_ms=9.72|monotonic_ms=10|clock_delta_ms=.28|clo
ck_suspect=0
PMLE_LIVE_REPLAY_TIC|tic=4481|mle_ms=9.715|monotonic_ms=10|clock_delta_ms=.285|c
lock_suspect=0
PMLE_LIVE_REPLAY_TIC|tic=4482|mle_ms=11.167|monotonic_ms=10|clock_delta_ms=1.167
|clock_suspect=0
PMLE_LIVE_REPLAY_TIC|tic=4483|mle_ms=10.451|monotonic_ms=10|clock_delta_ms=.451|
clock_suspect=0
PMLE_LIVE_REPLAY_TIC|tic=4484|mle_ms=11.6|monotonic_ms=10|clock_delta_ms=1.6|clo
ck_suspect=0
PMLE_LIVE_REPLAY_TIC|tic=4485|mle_ms=9.813|monotonic_ms=10|clock_delta_ms=.187|c
lock_suspect=0
PMLE_LIVE_REPLAY_TIC|tic=4486|mle_ms=11.833|monotonic_ms=10|clock_delta_ms=1.833
|clock_suspect=0
PMLE_LIVE_REPLAY_TIC|tic=4487|mle_ms=9.584|monotonic_ms=10|clock_delta_ms=.416|c
lock_suspect=0
PMLE_LIVE_REPLAY_TIC|tic=4488|mle_ms=10.806|monotonic_ms=10|clock_delta_ms=.806|
clock_suspect=0
PMLE_LIVE_REPLAY_TIC|tic=4489|mle_ms=10.305|monotonic_ms=10|clock_delta_ms=.305|
clock_suspect=0
PMLE_LIVE_REPLAY_TIC|tic=4490|mle_ms=10.26|monotonic_ms=10|clock_delta_ms=.26|cl
ock_suspect=0
PMLE_LIVE_REPLAY_TIC|tic=4491|mle_ms=11.339|monotonic_ms=10|clock_delta_ms=1.339
|clock_suspect=0
PMLE_LIVE_REPLAY_TIC|tic=4492|mle_ms=15.229|monotonic_ms=20|clock_delta_ms=4.771
|clock_suspect=0
PMLE_LIVE_REPLAY_TIC|tic=4493|mle_ms=17.379|monotonic_ms=20|clock_delta_ms=2.621
|clock_suspect=0
PMLE_LIVE_REPLAY_TIC|tic=4494|mle_ms=15.078|monotonic_ms=10|clock_delta_ms=5.078
|clock_suspect=0
PMLE_LIVE_REPLAY_TIC|tic=4495|mle_ms=12.555|monotonic_ms=20|clock_delta_ms=7.445
|clock_suspect=0
PMLE_LIVE_REPLAY_TIC|tic=4496|mle_ms=12.27|monotonic_ms=10|clock_delta_ms=2.27|c
lock_suspect=0
PMLE_LIVE_REPLAY_TIC|tic=4497|mle_ms=9.64|monotonic_ms=10|clock_delta_ms=.36|clo
ck_suspect=0
PMLE_LIVE_REPLAY_TIC|tic=4498|mle_ms=10.322|monotonic_ms=10|clock_delta_ms=.322|
clock_suspect=0
PMLE_LIVE_REPLAY_TIC|tic=4499|mle_ms=10.569|monotonic_ms=10|clock_delta_ms=.569|
clock_suspect=0
PMLE_LIVE_REPLAY_TIC|tic=4500|mle_ms=10.47|monotonic_ms=10|clock_delta_ms=.47|cl
ock_suspect=0
PMLE_LIVE_REPLAY_TIC|tic=4501|mle_ms=10.834|monotonic_ms=10|clock_delta_ms=.834|
clock_suspect=0
PMLE_LIVE_REPLAY_TIC|tic=4502|mle_ms=10.345|monotonic_ms=10|clock_delta_ms=.345|
clock_suspect=0
PMLE_LIVE_REPLAY_TIC|tic=4503|mle_ms=9.64|monotonic_ms=10|clock_delta_ms=.36|clo
ck_suspect=0
PMLE_LIVE_REPLAY_TIC|tic=4504|mle_ms=11.128|monotonic_ms=10|clock_delta_ms=1.128
|clock_suspect=0
PMLE_LIVE_REPLAY_TIC|tic=4505|mle_ms=9.594|monotonic_ms=10|clock_delta_ms=.406|c
lock_suspect=0
PMLE_LIVE_REPLAY_TIC|tic=4506|mle_ms=13.357|monotonic_ms=20|clock_delta_ms=6.643
|clock_suspect=0
PMLE_LIVE_REPLAY_TIC|tic=4507|mle_ms=10.344|monotonic_ms=10|clock_delta_ms=.344|
clock_suspect=0
PMLE_LIVE_REPLAY_TIC|tic=4508|mle_ms=10.729|monotonic_ms=10|clock_delta_ms=.729|
clock_suspect=0
PMLE_LIVE_REPLAY_TIC|tic=4509|mle_ms=9.762|monotonic_ms=10|clock_delta_ms=.238|c
lock_suspect=0
PMLE_LIVE_REPLAY_TIC|tic=4510|mle_ms=10.028|monotonic_ms=10|clock_delta_ms=.028|
clock_suspect=0
PMLE_LIVE_REPLAY_TIC|tic=4511|mle_ms=10.065|monotonic_ms=10|clock_delta_ms=.065|
clock_suspect=0
PMLE_LIVE_REPLAY_TIC|tic=4512|mle_ms=10.871|monotonic_ms=10|clock_delta_ms=.871|
clock_suspect=0
PMLE_LIVE_REPLAY_TIC|tic=4513|mle_ms=11.015|monotonic_ms=10|clock_delta_ms=1.015
|clock_suspect=0
PMLE_LIVE_REPLAY_TIC|tic=4514|mle_ms=11.217|monotonic_ms=10|clock_delta_ms=1.217
|clock_suspect=0
PMLE_LIVE_REPLAY_TIC|tic=4515|mle_ms=9.213|monotonic_ms=10|clock_delta_ms=.787|c
lock_suspect=0
PMLE_LIVE_REPLAY_TIC|tic=4516|mle_ms=9.727|monotonic_ms=10|clock_delta_ms=.273|c
lock_suspect=0
PMLE_LIVE_REPLAY_TIC|tic=4517|mle_ms=8.887|monotonic_ms=10|clock_delta_ms=1.113|
clock_suspect=0
PMLE_LIVE_REPLAY_TIC|tic=4518|mle_ms=10.452|monotonic_ms=10|clock_delta_ms=.452|
clock_suspect=0
PMLE_LIVE_REPLAY_TIC|tic=4519|mle_ms=10.299|monotonic_ms=10|clock_delta_ms=.299|
clock_suspect=0
PMLE_LIVE_REPLAY_TIC|tic=4520|mle_ms=10.199|monotonic_ms=10|clock_delta_ms=.199|
clock_suspect=0
PMLE_LIVE_REPLAY_TIC|tic=4521|mle_ms=9.19|monotonic_ms=10|clock_delta_ms=.81|clo
ck_suspect=0
PMLE_LIVE_REPLAY_TIC|tic=4522|mle_ms=9.728|monotonic_ms=10|clock_delta_ms=.272|c
lock_suspect=0
PMLE_LIVE_REPLAY_TIC|tic=4523|mle_ms=9.049|monotonic_ms=10|clock_delta_ms=.951|c
lock_suspect=0
PMLE_LIVE_REPLAY_TIC|tic=4524|mle_ms=10.588|monotonic_ms=10|clock_delta_ms=.588|
clock_suspect=0
PMLE_LIVE_REPLAY_TIC|tic=4525|mle_ms=9.75|monotonic_ms=10|clock_delta_ms=.25|clo
ck_suspect=0
PMLE_LIVE_REPLAY_TIC|tic=4526|mle_ms=9.406|monotonic_ms=10|clock_delta_ms=.594|c
lock_suspect=0
PMLE_LIVE_REPLAY_TIC|tic=4527|mle_ms=7.988|monotonic_ms=10|clock_delta_ms=2.012|
clock_suspect=0
PMLE_LIVE_REPLAY_TIC|tic=4528|mle_ms=10.156|monotonic_ms=10|clock_delta_ms=.156|
clock_suspect=0
PMLE_LIVE_REPLAY_TIC|tic=4529|mle_ms=9.476|monotonic_ms=10|clock_delta_ms=.524|c
lock_suspect=0
PMLE_LIVE_REPLAY_TIC|tic=4530|mle_ms=10.247|monotonic_ms=10|clock_delta_ms=.247|
clock_suspect=0
PMLE_LIVE_REPLAY_TIC|tic=4531|mle_ms=10.726|monotonic_ms=10|clock_delta_ms=.726|
clock_suspect=0
PMLE_LIVE_REPLAY_TIC|tic=4532|mle_ms=10.127|monotonic_ms=10|clock_delta_ms=.127|
clock_suspect=0
PMLE_LIVE_REPLAY_TIC|tic=4533|mle_ms=9.826|monotonic_ms=10|clock_delta_ms=.174|c
lock_suspect=0
PMLE_LIVE_REPLAY_TIC|tic=4534|mle_ms=11.161|monotonic_ms=10|clock_delta_ms=1.161
|clock_suspect=0
PMLE_LIVE_REPLAY_TIC|tic=4535|mle_ms=10.126|monotonic_ms=10|clock_delta_ms=.126|
clock_suspect=0
PMLE_LIVE_REPLAY_TIC|tic=4536|mle_ms=14.294|monotonic_ms=10|clock_delta_ms=4.294
|clock_suspect=0
PMLE_LIVE_REPLAY_TIC|tic=4537|mle_ms=10.782|monotonic_ms=20|clock_delta_ms=9.218
|clock_suspect=0
PMLE_LIVE_REPLAY_TIC|tic=4538|mle_ms=10.295|monotonic_ms=10|clock_delta_ms=.295|
clock_suspect=0
PMLE_LIVE_REPLAY_TIC|tic=4539|mle_ms=9.27|monotonic_ms=10|clock_delta_ms=.73|clo
ck_suspect=0
PMLE_LIVE_REPLAY_TIC|tic=4540|mle_ms=9.722|monotonic_ms=0|clock_delta_ms=9.722|c
lock_suspect=0
PMLE_LIVE_REPLAY_TIC|tic=4541|mle_ms=10.42|monotonic_ms=20|clock_delta_ms=9.58|c
lock_suspect=0
PMLE_LIVE_REPLAY_TIC|tic=4542|mle_ms=11.444|monotonic_ms=10|clock_delta_ms=1.444
|clock_suspect=0
PMLE_LIVE_REPLAY_TIC|tic=4543|mle_ms=11.53|monotonic_ms=10|clock_delta_ms=1.53|c
lock_suspect=0
PMLE_LIVE_REPLAY_TIC|tic=4544|mle_ms=11.213|monotonic_ms=10|clock_delta_ms=1.213
|clock_suspect=0
PMLE_LIVE_REPLAY_TIC|tic=4545|mle_ms=8.548|monotonic_ms=10|clock_delta_ms=1.452|
clock_suspect=0
PMLE_LIVE_REPLAY_TIC|tic=4546|mle_ms=9.958|monotonic_ms=10|clock_delta_ms=.042|c
lock_suspect=0
PMLE_LIVE_REPLAY_TIC|tic=4547|mle_ms=10.009|monotonic_ms=10|clock_delta_ms=.009|
clock_suspect=0
PMLE_LIVE_REPLAY_TIC|tic=4548|mle_ms=10.464|monotonic_ms=10|clock_delta_ms=.464|
clock_suspect=0
PMLE_LIVE_REPLAY_TIC|tic=4549|mle_ms=9.883|monotonic_ms=10|clock_delta_ms=.117|c
lock_suspect=0
PMLE_LIVE_REPLAY_TIC|tic=4550|mle_ms=9.354|monotonic_ms=10|clock_delta_ms=.646|c
lock_suspect=0
PMLE_LIVE_REPLAY_TIC|tic=4551|mle_ms=9.195|monotonic_ms=10|clock_delta_ms=.805|c
lock_suspect=0
PMLE_LIVE_REPLAY_TIC|tic=4552|mle_ms=10.989|monotonic_ms=10|clock_delta_ms=.989|
clock_suspect=0
PMLE_LIVE_REPLAY_TIC|tic=4553|mle_ms=11.558|monotonic_ms=10|clock_delta_ms=1.558
|clock_suspect=0
PMLE_LIVE_REPLAY_TIC|tic=4554|mle_ms=11.601|monotonic_ms=10|clock_delta_ms=1.601
|clock_suspect=0
PMLE_LIVE_REPLAY_TIC|tic=4555|mle_ms=9.991|monotonic_ms=10|clock_delta_ms=.009|c
lock_suspect=0
PMLE_LIVE_REPLAY_TIC|tic=4556|mle_ms=9.503|monotonic_ms=10|clock_delta_ms=.497|c
lock_suspect=0
PMLE_LIVE_REPLAY_TIC|tic=4557|mle_ms=8.565|monotonic_ms=10|clock_delta_ms=1.435|
clock_suspect=0
PMLE_LIVE_REPLAY_TIC|tic=4558|mle_ms=10.173|monotonic_ms=10|clock_delta_ms=.173|
clock_suspect=0
PMLE_LIVE_REPLAY_TIC|tic=4559|mle_ms=10.128|monotonic_ms=10|clock_delta_ms=.128|
clock_suspect=0
PMLE_LIVE_REPLAY_TIC|tic=4560|mle_ms=10.468|monotonic_ms=10|clock_delta_ms=.468|
clock_suspect=0
PMLE_LIVE_REPLAY_TIC|tic=4561|mle_ms=10.167|monotonic_ms=10|clock_delta_ms=.167|
clock_suspect=0
PMLE_LIVE_REPLAY_TIC|tic=4562|mle_ms=10.761|monotonic_ms=10|clock_delta_ms=.761|
clock_suspect=0
PMLE_LIVE_REPLAY_TIC|tic=4563|mle_ms=9.768|monotonic_ms=10|clock_delta_ms=.232|c
lock_suspect=0
PMLE_LIVE_REPLAY_TIC|tic=4564|mle_ms=11.197|monotonic_ms=10|clock_delta_ms=1.197
|clock_suspect=0
PMLE_LIVE_REPLAY_TIC|tic=4565|mle_ms=9.476|monotonic_ms=10|clock_delta_ms=.524|c
lock_suspect=0
PMLE_LIVE_REPLAY_TIC|tic=4566|mle_ms=13.144|monotonic_ms=20|clock_delta_ms=6.856
|clock_suspect=0
PMLE_LIVE_REPLAY_TIC|tic=4567|mle_ms=10.051|monotonic_ms=10|clock_delta_ms=.051|
clock_suspect=0
PMLE_LIVE_REPLAY_TIC|tic=4568|mle_ms=10.668|monotonic_ms=10|clock_delta_ms=.668|
clock_suspect=0
PMLE_LIVE_REPLAY_TIC|tic=4569|mle_ms=10.363|monotonic_ms=10|clock_delta_ms=.363|
clock_suspect=0
PMLE_LIVE_REPLAY_TIC|tic=4570|mle_ms=10.501|monotonic_ms=10|clock_delta_ms=.501|
clock_suspect=0
PMLE_LIVE_REPLAY_TIC|tic=4571|mle_ms=11.656|monotonic_ms=10|clock_delta_ms=1.656
|clock_suspect=0
PMLE_LIVE_REPLAY_TIC|tic=4572|mle_ms=11.585|monotonic_ms=10|clock_delta_ms=1.585
|clock_suspect=0
PMLE_LIVE_REPLAY_TIC|tic=4573|mle_ms=11.739|monotonic_ms=10|clock_delta_ms=1.739
|clock_suspect=0
PMLE_LIVE_REPLAY_TIC|tic=4574|mle_ms=11.559|monotonic_ms=20|clock_delta_ms=8.441
|clock_suspect=0
PMLE_LIVE_REPLAY_TIC|tic=4575|mle_ms=9.448|monotonic_ms=0|clock_delta_ms=9.448|c
lock_suspect=0
PMLE_LIVE_REPLAY_TIC|tic=4576|mle_ms=12.078|monotonic_ms=20|clock_delta_ms=7.922
|clock_suspect=0
PMLE_LIVE_REPLAY_TIC|tic=4577|mle_ms=10.132|monotonic_ms=10|clock_delta_ms=.132|
clock_suspect=0
PMLE_LIVE_REPLAY_TIC|tic=4578|mle_ms=10.776|monotonic_ms=10|clock_delta_ms=.776|
clock_suspect=0
PMLE_LIVE_REPLAY_TIC|tic=4579|mle_ms=10.74|monotonic_ms=10|clock_delta_ms=.74|cl
ock_suspect=0
PMLE_LIVE_REPLAY_TIC|tic=4580|mle_ms=9.903|monotonic_ms=10|clock_delta_ms=.097|c
lock_suspect=0
PMLE_LIVE_REPLAY_TIC|tic=4581|mle_ms=9.665|monotonic_ms=10|clock_delta_ms=.335|c
lock_suspect=0
PMLE_LIVE_REPLAY_TIC|tic=4582|mle_ms=10.266|monotonic_ms=10|clock_delta_ms=.266|
clock_suspect=0
PMLE_LIVE_REPLAY_TIC|tic=4583|mle_ms=9.325|monotonic_ms=10|clock_delta_ms=.675|c
lock_suspect=0
PMLE_LIVE_REPLAY_TIC|tic=4584|mle_ms=10.388|monotonic_ms=10|clock_delta_ms=.388|
clock_suspect=0
PMLE_LIVE_REPLAY_TIC|tic=4585|mle_ms=10.515|monotonic_ms=10|clock_delta_ms=.515|
clock_suspect=0
PMLE_LIVE_REPLAY_TIC|tic=4586|mle_ms=11.511|monotonic_ms=10|clock_delta_ms=1.511
|clock_suspect=0
PMLE_LIVE_REPLAY_TIC|tic=4587|mle_ms=8.708|monotonic_ms=10|clock_delta_ms=1.292|
clock_suspect=0
PMLE_LIVE_REPLAY_TIC|tic=4588|mle_ms=-109.324|monotonic_ms=10|clock_delta_ms=119
.324|clock_suspect=1
PMLE_LIVE_REPLAY_TIC|tic=4589|mle_ms=11.258|monotonic_ms=10|clock_delta_ms=1.258
|clock_suspect=0
PMLE_LIVE_REPLAY_TIC|tic=4590|mle_ms=10.53|monotonic_ms=10|clock_delta_ms=.53|cl
ock_suspect=0
PMLE_LIVE_REPLAY_TIC|tic=4591|mle_ms=9.938|monotonic_ms=10|clock_delta_ms=.062|c
lock_suspect=0
PMLE_LIVE_REPLAY_TIC|tic=4592|mle_ms=8.717|monotonic_ms=10|clock_delta_ms=1.283|
clock_suspect=0
PMLE_LIVE_REPLAY_TIC|tic=4593|mle_ms=8.858|monotonic_ms=10|clock_delta_ms=1.142|
clock_suspect=0
PMLE_LIVE_REPLAY_TIC|tic=4594|mle_ms=10.076|monotonic_ms=10|clock_delta_ms=.076|
clock_suspect=0
PMLE_LIVE_REPLAY_TIC|tic=4595|mle_ms=10.44|monotonic_ms=10|clock_delta_ms=.44|cl
ock_suspect=0
PMLE_LIVE_REPLAY_TIC|tic=4596|mle_ms=14.965|monotonic_ms=20|clock_delta_ms=5.035
|clock_suspect=0
PMLE_LIVE_REPLAY_TIC|tic=4597|mle_ms=9.61|monotonic_ms=10|clock_delta_ms=.39|clo
ck_suspect=0
PMLE_LIVE_REPLAY_TIC|tic=4598|mle_ms=10.163|monotonic_ms=10|clock_delta_ms=.163|
clock_suspect=0
PMLE_LIVE_REPLAY_TIC|tic=4599|mle_ms=9.286|monotonic_ms=10|clock_delta_ms=.714|c
lock_suspect=0
PMLE_LIVE_REPLAY_TIC|tic=4600|mle_ms=9.436|monotonic_ms=10|clock_delta_ms=.564|c
lock_suspect=0
PMLE_LIVE_REPLAY_TIC|tic=4601|mle_ms=8.323|monotonic_ms=10|clock_delta_ms=1.677|
clock_suspect=0
PMLE_LIVE_REPLAY_TIC|tic=4602|mle_ms=10.206|monotonic_ms=10|clock_delta_ms=.206|
clock_suspect=0
PMLE_LIVE_REPLAY_TIC|tic=4603|mle_ms=10.777|monotonic_ms=10|clock_delta_ms=.777|
clock_suspect=0
PMLE_LIVE_REPLAY_TIC|tic=4604|mle_ms=12.204|monotonic_ms=20|clock_delta_ms=7.796
|clock_suspect=0
PMLE_LIVE_REPLAY_TIC|tic=4605|mle_ms=10.04|monotonic_ms=10|clock_delta_ms=.04|cl
ock_suspect=0
PMLE_LIVE_REPLAY_TIC|tic=4606|mle_ms=11.444|monotonic_ms=10|clock_delta_ms=1.444
|clock_suspect=0
PMLE_LIVE_REPLAY_TIC|tic=4607|mle_ms=9.167|monotonic_ms=10|clock_delta_ms=.833|c
lock_suspect=0
PMLE_LIVE_REPLAY_TIC|tic=4608|mle_ms=10.743|monotonic_ms=10|clock_delta_ms=.743|
clock_suspect=0
PMLE_LIVE_REPLAY_TIC|tic=4609|mle_ms=10.031|monotonic_ms=10|clock_delta_ms=.031|
clock_suspect=0
PMLE_LIVE_REPLAY_TIC|tic=4610|mle_ms=9.431|monotonic_ms=10|clock_delta_ms=.569|c
lock_suspect=0
PMLE_LIVE_REPLAY_TIC|tic=4611|mle_ms=8.598|monotonic_ms=10|clock_delta_ms=1.402|
clock_suspect=0
PMLE_LIVE_REPLAY_TIC|tic=4612|mle_ms=9.961|monotonic_ms=10|clock_delta_ms=.039|c
lock_suspect=0
PMLE_LIVE_REPLAY_TIC|tic=4613|mle_ms=10.442|monotonic_ms=10|clock_delta_ms=.442|
clock_suspect=0
PMLE_LIVE_REPLAY_TIC|tic=4614|mle_ms=12.612|monotonic_ms=10|clock_delta_ms=2.612
|clock_suspect=0
PMLE_LIVE_REPLAY_TIC|tic=4615|mle_ms=11.846|monotonic_ms=10|clock_delta_ms=1.846
|clock_suspect=0
PMLE_LIVE_REPLAY_TIC|tic=4616|mle_ms=11.803|monotonic_ms=10|clock_delta_ms=1.803
|clock_suspect=0
PMLE_LIVE_REPLAY_TIC|tic=4617|mle_ms=9.043|monotonic_ms=10|clock_delta_ms=.957|c
lock_suspect=0
PMLE_LIVE_REPLAY_TIC|tic=4618|mle_ms=9.783|monotonic_ms=10|clock_delta_ms=.217|c
lock_suspect=0
PMLE_LIVE_REPLAY_TIC|tic=4619|mle_ms=9.676|monotonic_ms=10|clock_delta_ms=.324|c
lock_suspect=0
PMLE_LIVE_REPLAY_TIC|tic=4620|mle_ms=9.862|monotonic_ms=10|clock_delta_ms=.138|c
lock_suspect=0
PMLE_LIVE_REPLAY_TIC|tic=4621|mle_ms=9.06|monotonic_ms=10|clock_delta_ms=.94|clo
ck_suspect=0
PMLE_LIVE_REPLAY_TIC|tic=4622|mle_ms=9.666|monotonic_ms=10|clock_delta_ms=.334|c
lock_suspect=0
PMLE_LIVE_REPLAY_TIC|tic=4623|mle_ms=10.506|monotonic_ms=10|clock_delta_ms=.506|
clock_suspect=0
PMLE_LIVE_REPLAY_TIC|tic=4624|mle_ms=15.522|monotonic_ms=20|clock_delta_ms=4.478
|clock_suspect=0
PMLE_LIVE_REPLAY_TIC|tic=4625|mle_ms=10.506|monotonic_ms=10|clock_delta_ms=.506|
clock_suspect=0
PMLE_LIVE_REPLAY_TIC|tic=4626|mle_ms=11.787|monotonic_ms=10|clock_delta_ms=1.787
|clock_suspect=0
PMLE_LIVE_REPLAY_TIC|tic=4627|mle_ms=9.585|monotonic_ms=10|clock_delta_ms=.415|c
lock_suspect=0
PMLE_LIVE_REPLAY_TIC|tic=4628|mle_ms=9.689|monotonic_ms=10|clock_delta_ms=.311|c
lock_suspect=0
PMLE_LIVE_REPLAY_TIC|tic=4629|mle_ms=8.873|monotonic_ms=10|clock_delta_ms=1.127|
clock_suspect=0
PMLE_LIVE_REPLAY_TIC|tic=4630|mle_ms=8.962|monotonic_ms=10|clock_delta_ms=1.038|
clock_suspect=0
PMLE_LIVE_REPLAY_TIC|tic=4631|mle_ms=8.998|monotonic_ms=10|clock_delta_ms=1.002|
clock_suspect=0
PMLE_LIVE_REPLAY_TIC|tic=4632|mle_ms=10.195|monotonic_ms=10|clock_delta_ms=.195|
clock_suspect=0
PMLE_LIVE_REPLAY_TIC|tic=4633|mle_ms=11.453|monotonic_ms=10|clock_delta_ms=1.453
|clock_suspect=0
PMLE_LIVE_REPLAY_TIC|tic=4634|mle_ms=11.314|monotonic_ms=10|clock_delta_ms=1.314
|clock_suspect=0
PMLE_LIVE_REPLAY_TIC|tic=4635|mle_ms=9.625|monotonic_ms=10|clock_delta_ms=.375|c
lock_suspect=0
PMLE_LIVE_REPLAY_TIC|tic=4636|mle_ms=11.156|monotonic_ms=10|clock_delta_ms=1.156
|clock_suspect=0
PMLE_LIVE_REPLAY_TIC|tic=4637|mle_ms=8.704|monotonic_ms=10|clock_delta_ms=1.296|
clock_suspect=0
PMLE_LIVE_REPLAY_TIC|tic=4638|mle_ms=9.936|monotonic_ms=10|clock_delta_ms=.064|c
lock_suspect=0
PMLE_LIVE_REPLAY_TIC|tic=4639|mle_ms=10.339|monotonic_ms=10|clock_delta_ms=.339|
clock_suspect=0
PMLE_LIVE_REPLAY_TIC|tic=4640|mle_ms=9.021|monotonic_ms=10|clock_delta_ms=.979|c
lock_suspect=0
PMLE_LIVE_REPLAY_TIC|tic=4641|mle_ms=8.349|monotonic_ms=10|clock_delta_ms=1.651|
clock_suspect=0
PMLE_LIVE_REPLAY_TIC|tic=4642|mle_ms=10.123|monotonic_ms=10|clock_delta_ms=.123|
clock_suspect=0
PMLE_LIVE_REPLAY_TIC|tic=4643|mle_ms=11.764|monotonic_ms=10|clock_delta_ms=1.764
|clock_suspect=0
PMLE_LIVE_REPLAY_TIC|tic=4644|mle_ms=12.001|monotonic_ms=10|clock_delta_ms=2.001
|clock_suspect=0
PMLE_LIVE_REPLAY_TIC|tic=4645|mle_ms=10.854|monotonic_ms=10|clock_delta_ms=.854|
clock_suspect=0
PMLE_LIVE_REPLAY_TIC|tic=4646|mle_ms=11.072|monotonic_ms=10|clock_delta_ms=1.072
|clock_suspect=0
PMLE_LIVE_REPLAY_TIC|tic=4647|mle_ms=7.568|monotonic_ms=10|clock_delta_ms=2.432|
clock_suspect=0
PMLE_LIVE_REPLAY_TIC|tic=4648|mle_ms=8.454|monotonic_ms=10|clock_delta_ms=1.546|
clock_suspect=0
PMLE_LIVE_REPLAY_TIC|tic=4649|mle_ms=8.951|monotonic_ms=10|clock_delta_ms=1.049|
clock_suspect=0
PMLE_LIVE_REPLAY_TIC|tic=4650|mle_ms=10.286|monotonic_ms=10|clock_delta_ms=.286|
clock_suspect=0
PMLE_LIVE_REPLAY_TIC|tic=4651|mle_ms=10.264|monotonic_ms=10|clock_delta_ms=.264|
clock_suspect=0
PMLE_LIVE_REPLAY_TIC|tic=4652|mle_ms=11.918|monotonic_ms=10|clock_delta_ms=1.918
|clock_suspect=0
PMLE_LIVE_REPLAY_TIC|tic=4653|mle_ms=10.596|monotonic_ms=10|clock_delta_ms=.596|
clock_suspect=0
PMLE_LIVE_REPLAY_TIC|tic=4654|mle_ms=14.828|monotonic_ms=20|clock_delta_ms=5.172
|clock_suspect=0
PMLE_LIVE_REPLAY_TIC|tic=4655|mle_ms=10.925|monotonic_ms=10|clock_delta_ms=.925|
clock_suspect=0
PMLE_LIVE_REPLAY_TIC|tic=4656|mle_ms=11.978|monotonic_ms=10|clock_delta_ms=1.978
|clock_suspect=0
PMLE_LIVE_REPLAY_TIC|tic=4657|mle_ms=10.383|monotonic_ms=10|clock_delta_ms=.383|
clock_suspect=0
PMLE_LIVE_REPLAY_TIC|tic=4658|mle_ms=9.864|monotonic_ms=10|clock_delta_ms=.136|c
lock_suspect=0
PMLE_LIVE_REPLAY_TIC|tic=4659|mle_ms=8.982|monotonic_ms=10|clock_delta_ms=1.018|
clock_suspect=0
PMLE_LIVE_REPLAY_TIC|tic=4660|mle_ms=8.351|monotonic_ms=10|clock_delta_ms=1.649|
clock_suspect=0
PMLE_LIVE_REPLAY_TIC|tic=4661|mle_ms=8.814|monotonic_ms=10|clock_delta_ms=1.186|
clock_suspect=0
PMLE_LIVE_REPLAY_TIC|tic=4662|mle_ms=10.713|monotonic_ms=10|clock_delta_ms=.713|
clock_suspect=0
PMLE_LIVE_REPLAY_TIC|tic=4663|mle_ms=11.612|monotonic_ms=10|clock_delta_ms=1.612
|clock_suspect=0
PMLE_LIVE_REPLAY_TIC|tic=4664|mle_ms=12.618|monotonic_ms=10|clock_delta_ms=2.618
|clock_suspect=0
PMLE_LIVE_REPLAY_TIC|tic=4665|mle_ms=11.621|monotonic_ms=10|clock_delta_ms=1.621
|clock_suspect=0
PMLE_LIVE_REPLAY_TIC|tic=4666|mle_ms=12.516|monotonic_ms=20|clock_delta_ms=7.484
|clock_suspect=0
PMLE_LIVE_REPLAY_TIC|tic=4667|mle_ms=10.382|monotonic_ms=10|clock_delta_ms=.382|
clock_suspect=0
PMLE_LIVE_REPLAY_TIC|tic=4668|mle_ms=10.597|monotonic_ms=10|clock_delta_ms=.597|
clock_suspect=0
PMLE_LIVE_REPLAY_TIC|tic=4669|mle_ms=10.058|monotonic_ms=10|clock_delta_ms=.058|
clock_suspect=0
PMLE_LIVE_REPLAY_TIC|tic=4670|mle_ms=8.555|monotonic_ms=10|clock_delta_ms=1.445|
clock_suspect=0
PMLE_LIVE_REPLAY_TIC|tic=4671|mle_ms=9.557|monotonic_ms=10|clock_delta_ms=.443|c
lock_suspect=0
PMLE_LIVE_REPLAY_TIC|tic=4672|mle_ms=10.568|monotonic_ms=10|clock_delta_ms=.568|
clock_suspect=0
PMLE_LIVE_REPLAY_TIC|tic=4673|mle_ms=10.603|monotonic_ms=10|clock_delta_ms=.603|
clock_suspect=0
PMLE_LIVE_REPLAY_TIC|tic=4674|mle_ms=12.173|monotonic_ms=10|clock_delta_ms=2.173
|clock_suspect=0
PMLE_LIVE_REPLAY_TIC|tic=4675|mle_ms=10.294|monotonic_ms=10|clock_delta_ms=.294|
clock_suspect=0
PMLE_LIVE_REPLAY_TIC|tic=4676|mle_ms=11.032|monotonic_ms=10|clock_delta_ms=1.032
|clock_suspect=0
PMLE_LIVE_REPLAY_TIC|tic=4677|mle_ms=9.523|monotonic_ms=10|clock_delta_ms=.477|c
lock_suspect=0
PMLE_LIVE_REPLAY_TIC|tic=4678|mle_ms=9.915|monotonic_ms=10|clock_delta_ms=.085|c
lock_suspect=0
PMLE_LIVE_REPLAY_TIC|tic=4679|mle_ms=8.628|monotonic_ms=10|clock_delta_ms=1.372|
clock_suspect=0
PMLE_LIVE_REPLAY_TIC|tic=4680|mle_ms=8.707|monotonic_ms=10|clock_delta_ms=1.293|
clock_suspect=0
PMLE_LIVE_REPLAY_TIC|tic=4681|mle_ms=9.913|monotonic_ms=10|clock_delta_ms=.087|c
lock_suspect=0
PMLE_LIVE_REPLAY_TIC|tic=4682|mle_ms=10.681|monotonic_ms=10|clock_delta_ms=.681|
clock_suspect=0
PMLE_LIVE_REPLAY_TIC|tic=4683|mle_ms=13.825|monotonic_ms=10|clock_delta_ms=3.825
|clock_suspect=0
PMLE_LIVE_REPLAY_TIC|tic=4684|mle_ms=11.638|monotonic_ms=10|clock_delta_ms=1.638
|clock_suspect=0
PMLE_LIVE_REPLAY_TIC|tic=4685|mle_ms=10.515|monotonic_ms=10|clock_delta_ms=.515|
clock_suspect=0
PMLE_LIVE_REPLAY_TIC|tic=4686|mle_ms=11.789|monotonic_ms=20|clock_delta_ms=8.211
|clock_suspect=0
PMLE_LIVE_REPLAY_TIC|tic=4687|mle_ms=9.746|monotonic_ms=10|clock_delta_ms=.254|c
lock_suspect=0
PMLE_LIVE_REPLAY_TIC|tic=4688|mle_ms=8.574|monotonic_ms=10|clock_delta_ms=1.426|
clock_suspect=0
PMLE_LIVE_REPLAY_TIC|tic=4689|mle_ms=7.905|monotonic_ms=0|clock_delta_ms=7.905|c
lock_suspect=0
PMLE_LIVE_REPLAY_TIC|tic=4690|mle_ms=8.432|monotonic_ms=10|clock_delta_ms=1.568|
clock_suspect=0
PMLE_LIVE_REPLAY_TIC|tic=4691|mle_ms=9.644|monotonic_ms=10|clock_delta_ms=.356|c
lock_suspect=0
PMLE_LIVE_REPLAY_TIC|tic=4692|mle_ms=11.273|monotonic_ms=10|clock_delta_ms=1.273
|clock_suspect=0
PMLE_LIVE_REPLAY_TIC|tic=4693|mle_ms=12.448|monotonic_ms=20|clock_delta_ms=7.552
|clock_suspect=0
PMLE_LIVE_REPLAY_TIC|tic=4694|mle_ms=12.687|monotonic_ms=10|clock_delta_ms=2.687
|clock_suspect=0
PMLE_LIVE_REPLAY_TIC|tic=4695|mle_ms=11.002|monotonic_ms=10|clock_delta_ms=1.002
|clock_suspect=0
PMLE_LIVE_REPLAY_TIC|tic=4696|mle_ms=13.249|monotonic_ms=10|clock_delta_ms=3.249
|clock_suspect=0
PMLE_LIVE_REPLAY_TIC|tic=4697|mle_ms=9.911|monotonic_ms=10|clock_delta_ms=.089|c
lock_suspect=0
PMLE_LIVE_REPLAY_TIC|tic=4698|mle_ms=11.147|monotonic_ms=10|clock_delta_ms=1.147
|clock_suspect=0
PMLE_LIVE_REPLAY_TIC|tic=4699|mle_ms=13.01|monotonic_ms=20|clock_delta_ms=6.99|c
lock_suspect=0
PMLE_LIVE_REPLAY_TIC|tic=4700|mle_ms=13.448|monotonic_ms=10|clock_delta_ms=3.448
|clock_suspect=0
PMLE_LIVE_REPLAY_TIC|tic=4701|mle_ms=11.12|monotonic_ms=10|clock_delta_ms=1.12|c
lock_suspect=0
PMLE_LIVE_REPLAY_TIC|tic=4702|mle_ms=14.319|monotonic_ms=20|clock_delta_ms=5.681
|clock_suspect=0
PMLE_LIVE_REPLAY_TIC|tic=4703|mle_ms=12.843|monotonic_ms=10|clock_delta_ms=2.843
|clock_suspect=0
PMLE_LIVE_REPLAY_TIC|tic=4704|mle_ms=14.358|monotonic_ms=10|clock_delta_ms=4.358
|clock_suspect=0
PMLE_LIVE_REPLAY_TIC|tic=4705|mle_ms=13.907|monotonic_ms=20|clock_delta_ms=6.093
|clock_suspect=0
PMLE_LIVE_REPLAY_TIC|tic=4706|mle_ms=22.655|monotonic_ms=20|clock_delta_ms=2.655
|clock_suspect=0
PMLE_LIVE_REPLAY_TIC|tic=4707|mle_ms=21.204|monotonic_ms=20|clock_delta_ms=1.204
|clock_suspect=0
PMLE_LIVE_REPLAY_TIC|tic=4708|mle_ms=11.337|monotonic_ms=10|clock_delta_ms=1.337
|clock_suspect=0
PMLE_LIVE_REPLAY_TIC|tic=4709|mle_ms=15.502|monotonic_ms=20|clock_delta_ms=4.498
|clock_suspect=0
PMLE_LIVE_REPLAY_TIC|tic=4710|mle_ms=15.416|monotonic_ms=20|clock_delta_ms=4.584
|clock_suspect=0
PMLE_LIVE_REPLAY_TIC|tic=4711|mle_ms=23.355|monotonic_ms=20|clock_delta_ms=3.355
|clock_suspect=0
PMLE_LIVE_REPLAY_TIC|tic=4712|mle_ms=12.551|monotonic_ms=10|clock_delta_ms=2.551
|clock_suspect=0
PMLE_LIVE_REPLAY_TIC|tic=4713|mle_ms=11.9|monotonic_ms=20|clock_delta_ms=8.1|clo
ck_suspect=0
PMLE_LIVE_REPLAY_TIC|tic=4714|mle_ms=14.799|monotonic_ms=10|clock_delta_ms=4.799
|clock_suspect=0
PMLE_LIVE_REPLAY_TIC|tic=4715|mle_ms=16.501|monotonic_ms=20|clock_delta_ms=3.499
|clock_suspect=0
PMLE_LIVE_REPLAY_TIC|tic=4716|mle_ms=15.853|monotonic_ms=10|clock_delta_ms=5.853
|clock_suspect=0
PMLE_LIVE_REPLAY_TIC|tic=4717|mle_ms=11.879|monotonic_ms=20|clock_delta_ms=8.121
|clock_suspect=0
PMLE_LIVE_REPLAY_TIC|tic=4718|mle_ms=11.581|monotonic_ms=10|clock_delta_ms=1.581
|clock_suspect=0
PMLE_LIVE_REPLAY_TIC|tic=4719|mle_ms=10.283|monotonic_ms=10|clock_delta_ms=.283|
clock_suspect=0
PMLE_LIVE_REPLAY_TIC|tic=4720|mle_ms=11.295|monotonic_ms=10|clock_delta_ms=1.295
|clock_suspect=0
PMLE_LIVE_REPLAY_TIC|tic=4721|mle_ms=12.203|monotonic_ms=10|clock_delta_ms=2.203
|clock_suspect=0
PMLE_LIVE_REPLAY_TIC|tic=4722|mle_ms=13.099|monotonic_ms=10|clock_delta_ms=3.099
|clock_suspect=0
PMLE_LIVE_REPLAY_TIC|tic=4723|mle_ms=13.496|monotonic_ms=20|clock_delta_ms=6.504
|clock_suspect=0
PMLE_LIVE_REPLAY_TIC|tic=4724|mle_ms=12.995|monotonic_ms=10|clock_delta_ms=2.995
|clock_suspect=0
PMLE_LIVE_REPLAY_TIC|tic=4725|mle_ms=10.937|monotonic_ms=10|clock_delta_ms=.937|
clock_suspect=0
PMLE_LIVE_REPLAY_TIC|tic=4726|mle_ms=12.048|monotonic_ms=10|clock_delta_ms=2.048
|clock_suspect=0
PMLE_LIVE_REPLAY_TIC|tic=4727|mle_ms=9.601|monotonic_ms=10|clock_delta_ms=.399|c
lock_suspect=0
PMLE_LIVE_REPLAY_TIC|tic=4728|mle_ms=10.417|monotonic_ms=10|clock_delta_ms=.417|
clock_suspect=0
PMLE_LIVE_REPLAY_TIC|tic=4729|mle_ms=10.922|monotonic_ms=20|clock_delta_ms=9.078
|clock_suspect=0
PMLE_LIVE_REPLAY_TIC|tic=4730|mle_ms=9.647|monotonic_ms=10|clock_delta_ms=.353|c
lock_suspect=0
PMLE_LIVE_REPLAY_TIC|tic=4731|mle_ms=9.605|monotonic_ms=10|clock_delta_ms=.395|c
lock_suspect=0
PMLE_LIVE_REPLAY_TIC|tic=4732|mle_ms=9.061|monotonic_ms=0|clock_delta_ms=9.061|c
lock_suspect=0
PMLE_LIVE_REPLAY_TIC|tic=4733|mle_ms=10.034|monotonic_ms=10|clock_delta_ms=.034|
clock_suspect=0
PMLE_LIVE_REPLAY_TIC|tic=4734|mle_ms=13.412|monotonic_ms=20|clock_delta_ms=6.588
|clock_suspect=0
PMLE_LIVE_REPLAY_TIC|tic=4735|mle_ms=11.594|monotonic_ms=10|clock_delta_ms=1.594
|clock_suspect=0
PMLE_LIVE_REPLAY_TIC|tic=4736|mle_ms=12.995|monotonic_ms=10|clock_delta_ms=2.995
|clock_suspect=0
PMLE_LIVE_REPLAY_TIC|tic=4737|mle_ms=10.474|monotonic_ms=10|clock_delta_ms=.474|
clock_suspect=0
PMLE_LIVE_REPLAY_TIC|tic=4738|mle_ms=9.868|monotonic_ms=10|clock_delta_ms=.132|c
lock_suspect=0
PMLE_LIVE_REPLAY_TIC|tic=4739|mle_ms=10.782|monotonic_ms=10|clock_delta_ms=.782|
clock_suspect=0
PMLE_LIVE_REPLAY_TIC|tic=4740|mle_ms=13.542|monotonic_ms=20|clock_delta_ms=6.458
|clock_suspect=0
PMLE_LIVE_REPLAY_TIC|tic=4741|mle_ms=10.17|monotonic_ms=10|clock_delta_ms=.17|cl
ock_suspect=0
PMLE_LIVE_REPLAY_TIC|tic=4742|mle_ms=10.952|monotonic_ms=10|clock_delta_ms=.952|
clock_suspect=0
PMLE_LIVE_REPLAY_TIC|tic=4743|mle_ms=11.4|monotonic_ms=10|clock_delta_ms=1.4|clo
ck_suspect=0
PMLE_LIVE_REPLAY_TIC|tic=4744|mle_ms=12.618|monotonic_ms=10|clock_delta_ms=2.618
|clock_suspect=0
PMLE_LIVE_REPLAY_TIC|tic=4745|mle_ms=11.208|monotonic_ms=10|clock_delta_ms=1.208
|clock_suspect=0
PMLE_LIVE_REPLAY_TIC|tic=4746|mle_ms=13.041|monotonic_ms=20|clock_delta_ms=6.959
|clock_suspect=0
PMLE_LIVE_REPLAY_TIC|tic=4747|mle_ms=10.718|monotonic_ms=10|clock_delta_ms=.718|
clock_suspect=0
PMLE_LIVE_REPLAY_TIC|tic=4748|mle_ms=10.253|monotonic_ms=10|clock_delta_ms=.253|
clock_suspect=0
PMLE_LIVE_REPLAY_TIC|tic=4749|mle_ms=9.235|monotonic_ms=10|clock_delta_ms=.765|c
lock_suspect=0
PMLE_LIVE_REPLAY_TIC|tic=4750|mle_ms=10.074|monotonic_ms=10|clock_delta_ms=.074|
clock_suspect=0
PMLE_LIVE_REPLAY_TIC|tic=4751|mle_ms=10.186|monotonic_ms=10|clock_delta_ms=.186|
clock_suspect=0
PMLE_LIVE_REPLAY_TIC|tic=4752|mle_ms=11.503|monotonic_ms=10|clock_delta_ms=1.503
|clock_suspect=0
PMLE_LIVE_REPLAY_TIC|tic=4753|mle_ms=11.385|monotonic_ms=10|clock_delta_ms=1.385
|clock_suspect=0
PMLE_LIVE_REPLAY_TIC|tic=4754|mle_ms=11.519|monotonic_ms=10|clock_delta_ms=1.519
|clock_suspect=0
PMLE_LIVE_REPLAY_TIC|tic=4755|mle_ms=9.815|monotonic_ms=10|clock_delta_ms=.185|c
lock_suspect=0
PMLE_LIVE_REPLAY_TIC|tic=4756|mle_ms=11.542|monotonic_ms=10|clock_delta_ms=1.542
|clock_suspect=0
PMLE_LIVE_REPLAY_TIC|tic=4757|mle_ms=9.645|monotonic_ms=10|clock_delta_ms=.355|c
lock_suspect=0
PMLE_LIVE_REPLAY_TIC|tic=4758|mle_ms=10.574|monotonic_ms=20|clock_delta_ms=9.426
|clock_suspect=0
PMLE_LIVE_REPLAY_TIC|tic=4759|mle_ms=9.576|monotonic_ms=10|clock_delta_ms=.424|c
lock_suspect=0
PMLE_LIVE_REPLAY_TIC|tic=4760|mle_ms=10.189|monotonic_ms=10|clock_delta_ms=.189|
clock_suspect=0
PMLE_LIVE_REPLAY_TIC|tic=4761|mle_ms=10.275|monotonic_ms=10|clock_delta_ms=.275|
clock_suspect=0
PMLE_LIVE_REPLAY_TIC|tic=4762|mle_ms=11.781|monotonic_ms=10|clock_delta_ms=1.781
|clock_suspect=0
PMLE_LIVE_REPLAY_TIC|tic=4763|mle_ms=11.488|monotonic_ms=10|clock_delta_ms=1.488
|clock_suspect=0
PMLE_LIVE_REPLAY_TIC|tic=4764|mle_ms=12.307|monotonic_ms=10|clock_delta_ms=2.307
|clock_suspect=0
PMLE_LIVE_REPLAY_TIC|tic=4765|mle_ms=10.81|monotonic_ms=10|clock_delta_ms=.81|cl
ock_suspect=0
PMLE_LIVE_REPLAY_TIC|tic=4766|mle_ms=11.029|monotonic_ms=10|clock_delta_ms=1.029
|clock_suspect=0
PMLE_LIVE_REPLAY_TIC|tic=4767|mle_ms=7.659|monotonic_ms=10|clock_delta_ms=2.341|
clock_suspect=0
PMLE_LIVE_REPLAY_TIC|tic=4768|mle_ms=11.051|monotonic_ms=10|clock_delta_ms=1.051
|clock_suspect=0
PMLE_LIVE_REPLAY_TIC|tic=4769|mle_ms=10.71|monotonic_ms=10|clock_delta_ms=.71|cl
ock_suspect=0
PMLE_LIVE_REPLAY_TIC|tic=4770|mle_ms=10.543|monotonic_ms=10|clock_delta_ms=.543|
clock_suspect=0
PMLE_LIVE_REPLAY_TIC|tic=4771|mle_ms=10.153|monotonic_ms=10|clock_delta_ms=.153|
clock_suspect=0
PMLE_LIVE_REPLAY_TIC|tic=4772|mle_ms=10.711|monotonic_ms=10|clock_delta_ms=.711|
clock_suspect=0
PMLE_LIVE_REPLAY_TIC|tic=4773|mle_ms=9.919|monotonic_ms=10|clock_delta_ms=.081|c
lock_suspect=0
PMLE_LIVE_REPLAY_TIC|tic=4774|mle_ms=10.981|monotonic_ms=20|clock_delta_ms=9.019
|clock_suspect=0
PMLE_LIVE_REPLAY_TIC|tic=4775|mle_ms=10.204|monotonic_ms=10|clock_delta_ms=.204|
clock_suspect=0
PMLE_LIVE_REPLAY_TIC|tic=4776|mle_ms=10.816|monotonic_ms=10|clock_delta_ms=.816|
clock_suspect=0
PMLE_LIVE_REPLAY_TIC|tic=4777|mle_ms=8.364|monotonic_ms=10|clock_delta_ms=1.636|
clock_suspect=0
PMLE_LIVE_REPLAY_TIC|tic=4778|mle_ms=8.92|monotonic_ms=0|clock_delta_ms=8.92|clo
ck_suspect=0
PMLE_LIVE_REPLAY_TIC|tic=4779|mle_ms=10.379|monotonic_ms=20|clock_delta_ms=9.621
|clock_suspect=0
PMLE_LIVE_REPLAY_TIC|tic=4780|mle_ms=9.968|monotonic_ms=10|clock_delta_ms=.032|c
lock_suspect=0
PMLE_LIVE_REPLAY_TIC|tic=4781|mle_ms=9.911|monotonic_ms=10|clock_delta_ms=.089|c
lock_suspect=0
PMLE_LIVE_REPLAY_TIC|tic=4782|mle_ms=11.276|monotonic_ms=10|clock_delta_ms=1.276
|clock_suspect=0
PMLE_LIVE_REPLAY_TIC|tic=4783|mle_ms=11.053|monotonic_ms=10|clock_delta_ms=1.053
|clock_suspect=0
PMLE_LIVE_REPLAY_TIC|tic=4784|mle_ms=10.92|monotonic_ms=10|clock_delta_ms=.92|cl
ock_suspect=0
PMLE_LIVE_REPLAY_TIC|tic=4785|mle_ms=10.026|monotonic_ms=10|clock_delta_ms=.026|
clock_suspect=0
PMLE_LIVE_REPLAY_TIC|tic=4786|mle_ms=11.752|monotonic_ms=10|clock_delta_ms=1.752
|clock_suspect=0
PMLE_LIVE_REPLAY_TIC|tic=4787|mle_ms=9.613|monotonic_ms=10|clock_delta_ms=.387|c
lock_suspect=0
PMLE_LIVE_REPLAY_TIC|tic=4788|mle_ms=11.142|monotonic_ms=10|clock_delta_ms=1.142
|clock_suspect=0
PMLE_LIVE_REPLAY_TIC|tic=4789|mle_ms=10.474|monotonic_ms=10|clock_delta_ms=.474|
clock_suspect=0
PMLE_LIVE_REPLAY_TIC|tic=4790|mle_ms=11.304|monotonic_ms=10|clock_delta_ms=1.304
|clock_suspect=0
PMLE_LIVE_REPLAY_TIC|tic=4791|mle_ms=9.749|monotonic_ms=10|clock_delta_ms=.251|c
lock_suspect=0
PMLE_LIVE_REPLAY_TIC|tic=4792|mle_ms=11.1|monotonic_ms=10|clock_delta_ms=1.1|clo
ck_suspect=0
PMLE_LIVE_REPLAY_TIC|tic=4793|mle_ms=11.745|monotonic_ms=20|clock_delta_ms=8.255
|clock_suspect=0
PMLE_LIVE_REPLAY_TIC|tic=4794|mle_ms=13.013|monotonic_ms=10|clock_delta_ms=3.013
|clock_suspect=0
PMLE_LIVE_REPLAY_TIC|tic=4795|mle_ms=11.472|monotonic_ms=10|clock_delta_ms=1.472
|clock_suspect=0
PMLE_LIVE_REPLAY_TIC|tic=4796|mle_ms=14.782|monotonic_ms=20|clock_delta_ms=5.218
|clock_suspect=0
PMLE_LIVE_REPLAY_TIC|tic=4797|mle_ms=9.474|monotonic_ms=10|clock_delta_ms=.526|c
lock_suspect=0
PMLE_LIVE_REPLAY_TIC|tic=4798|mle_ms=10.107|monotonic_ms=10|clock_delta_ms=.107|
clock_suspect=0
PMLE_LIVE_REPLAY_TIC|tic=4799|mle_ms=11.193|monotonic_ms=10|clock_delta_ms=1.193
|clock_suspect=0
PMLE_LIVE_REPLAY_TIC|tic=4800|mle_ms=11.349|monotonic_ms=10|clock_delta_ms=1.349
|clock_suspect=0
PMLE_LIVE_REPLAY_TIC|tic=4801|mle_ms=10.398|monotonic_ms=10|clock_delta_ms=.398|
clock_suspect=0
PMLE_LIVE_REPLAY_TIC|tic=4802|mle_ms=10.414|monotonic_ms=10|clock_delta_ms=.414|
clock_suspect=0
PMLE_LIVE_REPLAY_TIC|tic=4803|mle_ms=10.456|monotonic_ms=10|clock_delta_ms=.456|
clock_suspect=0
PMLE_LIVE_REPLAY_TIC|tic=4804|mle_ms=12.534|monotonic_ms=20|clock_delta_ms=7.466
|clock_suspect=0
PMLE_LIVE_REPLAY_TIC|tic=4805|mle_ms=10.724|monotonic_ms=10|clock_delta_ms=.724|
clock_suspect=0
PMLE_LIVE_REPLAY_TIC|tic=4806|mle_ms=14.269|monotonic_ms=10|clock_delta_ms=4.269
|clock_suspect=0
PMLE_LIVE_REPLAY_TIC|tic=4807|mle_ms=10.368|monotonic_ms=10|clock_delta_ms=.368|
clock_suspect=0
PMLE_LIVE_REPLAY_TIC|tic=4808|mle_ms=10.017|monotonic_ms=10|clock_delta_ms=.017|
clock_suspect=0
PMLE_LIVE_REPLAY_TIC|tic=4809|mle_ms=9.181|monotonic_ms=10|clock_delta_ms=.819|c
lock_suspect=0
PMLE_LIVE_REPLAY_TIC|tic=4810|mle_ms=9.692|monotonic_ms=10|clock_delta_ms=.308|c
lock_suspect=0
PMLE_LIVE_REPLAY_TIC|tic=4811|mle_ms=9.61|monotonic_ms=10|clock_delta_ms=.39|clo
ck_suspect=0
PMLE_LIVE_REPLAY_TIC|tic=4812|mle_ms=11.139|monotonic_ms=10|clock_delta_ms=1.139
|clock_suspect=0
PMLE_LIVE_REPLAY_TIC|tic=4813|mle_ms=10.139|monotonic_ms=10|clock_delta_ms=.139|
clock_suspect=0
PMLE_LIVE_REPLAY_TIC|tic=4814|mle_ms=10.048|monotonic_ms=10|clock_delta_ms=.048|
clock_suspect=0
PMLE_LIVE_REPLAY_TIC|tic=4815|mle_ms=9.039|monotonic_ms=10|clock_delta_ms=.961|c
lock_suspect=0
PMLE_LIVE_REPLAY_TIC|tic=4816|mle_ms=11.33|monotonic_ms=10|clock_delta_ms=1.33|c
lock_suspect=0
PMLE_LIVE_REPLAY_TIC|tic=4817|mle_ms=10.455|monotonic_ms=10|clock_delta_ms=.455|
clock_suspect=0
PMLE_LIVE_REPLAY_TIC|tic=4818|mle_ms=11.191|monotonic_ms=10|clock_delta_ms=1.191
|clock_suspect=0
PMLE_LIVE_REPLAY_TIC|tic=4819|mle_ms=10.315|monotonic_ms=10|clock_delta_ms=.315|
clock_suspect=0
PMLE_LIVE_REPLAY_TIC|tic=4820|mle_ms=9.673|monotonic_ms=10|clock_delta_ms=.327|c
lock_suspect=0
PMLE_LIVE_REPLAY_TIC|tic=4821|mle_ms=9.143|monotonic_ms=10|clock_delta_ms=.857|c
lock_suspect=0
PMLE_LIVE_REPLAY_TIC|tic=4822|mle_ms=10.458|monotonic_ms=10|clock_delta_ms=.458|
clock_suspect=0
PMLE_LIVE_REPLAY_TIC|tic=4823|mle_ms=11.449|monotonic_ms=10|clock_delta_ms=1.449
|clock_suspect=0
PMLE_LIVE_REPLAY_TIC|tic=4824|mle_ms=12.203|monotonic_ms=20|clock_delta_ms=7.797
|clock_suspect=0
PMLE_LIVE_REPLAY_TIC|tic=4825|mle_ms=11.819|monotonic_ms=10|clock_delta_ms=1.819
|clock_suspect=0
PMLE_LIVE_REPLAY_TIC|tic=4826|mle_ms=12.305|monotonic_ms=10|clock_delta_ms=2.305
|clock_suspect=0
PMLE_LIVE_REPLAY_TIC|tic=4827|mle_ms=9.215|monotonic_ms=10|clock_delta_ms=.785|c
lock_suspect=0
PMLE_LIVE_REPLAY_TIC|tic=4828|mle_ms=10.376|monotonic_ms=10|clock_delta_ms=.376|
clock_suspect=0
PMLE_LIVE_REPLAY_TIC|tic=4829|mle_ms=9.651|monotonic_ms=10|clock_delta_ms=.349|c
lock_suspect=0
PMLE_LIVE_REPLAY_TIC|tic=4830|mle_ms=10.417|monotonic_ms=10|clock_delta_ms=.417|
clock_suspect=0
PMLE_LIVE_REPLAY_TIC|tic=4831|mle_ms=10.965|monotonic_ms=10|clock_delta_ms=.965|
clock_suspect=0
PMLE_LIVE_REPLAY_TIC|tic=4832|mle_ms=10.726|monotonic_ms=10|clock_delta_ms=.726|
clock_suspect=0
PMLE_LIVE_REPLAY_TIC|tic=4833|mle_ms=9.807|monotonic_ms=10|clock_delta_ms=.193|c
lock_suspect=0
PMLE_LIVE_REPLAY_TIC|tic=4834|mle_ms=12.355|monotonic_ms=20|clock_delta_ms=7.645
|clock_suspect=0
PMLE_LIVE_REPLAY_TIC|tic=4835|mle_ms=10.915|monotonic_ms=10|clock_delta_ms=.915|
clock_suspect=0
PMLE_LIVE_REPLAY_TIC|tic=4836|mle_ms=11.965|monotonic_ms=10|clock_delta_ms=1.965
|clock_suspect=0
PMLE_LIVE_REPLAY_TIC|tic=4837|mle_ms=10.634|monotonic_ms=10|clock_delta_ms=.634|
clock_suspect=0
PMLE_LIVE_REPLAY_TIC|tic=4838|mle_ms=10.146|monotonic_ms=10|clock_delta_ms=.146|
clock_suspect=0
PMLE_LIVE_REPLAY_TIC|tic=4839|mle_ms=9.823|monotonic_ms=10|clock_delta_ms=.177|c
lock_suspect=0
PMLE_LIVE_REPLAY_TIC|tic=4840|mle_ms=10.694|monotonic_ms=10|clock_delta_ms=.694|
clock_suspect=0
PMLE_LIVE_REPLAY_TIC|tic=4841|mle_ms=10.135|monotonic_ms=10|clock_delta_ms=.135|
clock_suspect=0
PMLE_LIVE_REPLAY_TIC|tic=4842|mle_ms=10.424|monotonic_ms=10|clock_delta_ms=.424|
clock_suspect=0
PMLE_LIVE_REPLAY_TIC|tic=4843|mle_ms=10.636|monotonic_ms=10|clock_delta_ms=.636|
clock_suspect=0
PMLE_LIVE_REPLAY_TIC|tic=4844|mle_ms=12.515|monotonic_ms=10|clock_delta_ms=2.515
|clock_suspect=0
PMLE_LIVE_REPLAY_TIC|tic=4845|mle_ms=10.517|monotonic_ms=10|clock_delta_ms=.517|
clock_suspect=0
PMLE_LIVE_REPLAY_TIC|tic=4846|mle_ms=11.098|monotonic_ms=20|clock_delta_ms=8.902
|clock_suspect=0
PMLE_LIVE_REPLAY_TIC|tic=4847|mle_ms=9.497|monotonic_ms=10|clock_delta_ms=.503|c
lock_suspect=0
PMLE_LIVE_REPLAY_TIC|tic=4848|mle_ms=10.586|monotonic_ms=10|clock_delta_ms=.586|
clock_suspect=0
PMLE_LIVE_REPLAY_TIC|tic=4849|mle_ms=10.511|monotonic_ms=10|clock_delta_ms=.511|
clock_suspect=0
PMLE_LIVE_REPLAY_TIC|tic=4850|mle_ms=10.29|monotonic_ms=10|clock_delta_ms=.29|cl
ock_suspect=0
PMLE_LIVE_REPLAY_TIC|tic=4851|mle_ms=11.408|monotonic_ms=10|clock_delta_ms=1.408
|clock_suspect=0
PMLE_LIVE_REPLAY_TIC|tic=4852|mle_ms=10.165|monotonic_ms=10|clock_delta_ms=.165|
clock_suspect=0
PMLE_LIVE_REPLAY_TIC|tic=4853|mle_ms=11.408|monotonic_ms=10|clock_delta_ms=1.408
|clock_suspect=0
PMLE_LIVE_REPLAY_TIC|tic=4854|mle_ms=11.657|monotonic_ms=10|clock_delta_ms=1.657
|clock_suspect=0
PMLE_LIVE_REPLAY_TIC|tic=4855|mle_ms=10.705|monotonic_ms=10|clock_delta_ms=.705|
clock_suspect=0
PMLE_LIVE_REPLAY_TIC|tic=4856|mle_ms=11.529|monotonic_ms=10|clock_delta_ms=1.529
|clock_suspect=0
PMLE_LIVE_REPLAY_TIC|tic=4857|mle_ms=8.726|monotonic_ms=10|clock_delta_ms=1.274|
clock_suspect=0
PMLE_LIVE_REPLAY_TIC|tic=4858|mle_ms=9.926|monotonic_ms=10|clock_delta_ms=.074|c
lock_suspect=0
PMLE_LIVE_REPLAY_TIC|tic=4859|mle_ms=10.432|monotonic_ms=10|clock_delta_ms=.432|
clock_suspect=0
PMLE_LIVE_REPLAY_TIC|tic=4860|mle_ms=10.235|monotonic_ms=10|clock_delta_ms=.235|
clock_suspect=0
PMLE_LIVE_REPLAY_TIC|tic=4861|mle_ms=11.136|monotonic_ms=20|clock_delta_ms=8.864
|clock_suspect=0
PMLE_LIVE_REPLAY_TIC|tic=4862|mle_ms=12.186|monotonic_ms=10|clock_delta_ms=2.186
|clock_suspect=0
PMLE_LIVE_REPLAY_TIC|tic=4863|mle_ms=11.494|monotonic_ms=10|clock_delta_ms=1.494
|clock_suspect=0
PMLE_LIVE_REPLAY_TIC|tic=4864|mle_ms=12.246|monotonic_ms=10|clock_delta_ms=2.246
|clock_suspect=0
PMLE_LIVE_REPLAY_TIC|tic=4865|mle_ms=10.732|monotonic_ms=10|clock_delta_ms=.732|
clock_suspect=0
PMLE_LIVE_REPLAY_TIC|tic=4866|mle_ms=12.326|monotonic_ms=20|clock_delta_ms=7.674
|clock_suspect=0
PMLE_LIVE_REPLAY_TIC|tic=4867|mle_ms=10.095|monotonic_ms=10|clock_delta_ms=.095|
clock_suspect=0
PMLE_LIVE_REPLAY_TIC|tic=4868|mle_ms=9.864|monotonic_ms=10|clock_delta_ms=.136|c
lock_suspect=0
PMLE_LIVE_REPLAY_TIC|tic=4869|mle_ms=9.021|monotonic_ms=0|clock_delta_ms=9.021|c
lock_suspect=0
PMLE_LIVE_REPLAY_TIC|tic=4870|mle_ms=9.535|monotonic_ms=10|clock_delta_ms=.465|c
lock_suspect=0
PMLE_LIVE_REPLAY_TIC|tic=4871|mle_ms=9.807|monotonic_ms=10|clock_delta_ms=.193|c
lock_suspect=0
PMLE_LIVE_REPLAY_TIC|tic=4872|mle_ms=11.84|monotonic_ms=20|clock_delta_ms=8.16|c
lock_suspect=0
PMLE_LIVE_REPLAY_TIC|tic=4873|mle_ms=11.522|monotonic_ms=10|clock_delta_ms=1.522
|clock_suspect=0
PMLE_LIVE_REPLAY_TIC|tic=4874|mle_ms=11.118|monotonic_ms=10|clock_delta_ms=1.118
|clock_suspect=0
PMLE_LIVE_REPLAY_TIC|tic=4875|mle_ms=9.779|monotonic_ms=10|clock_delta_ms=.221|c
lock_suspect=0
PMLE_LIVE_REPLAY_TIC|tic=4876|mle_ms=11.691|monotonic_ms=10|clock_delta_ms=1.691
|clock_suspect=0
PMLE_LIVE_REPLAY_TIC|tic=4877|mle_ms=9.363|monotonic_ms=10|clock_delta_ms=.637|c
lock_suspect=0
PMLE_LIVE_REPLAY_TIC|tic=4878|mle_ms=13.145|monotonic_ms=10|clock_delta_ms=3.145
|clock_suspect=0
PMLE_LIVE_REPLAY_TIC|tic=4879|mle_ms=10.38|monotonic_ms=10|clock_delta_ms=.38|cl
ock_suspect=0
PMLE_LIVE_REPLAY_TIC|tic=4880|mle_ms=9.232|monotonic_ms=10|clock_delta_ms=.768|c
lock_suspect=0
PMLE_LIVE_REPLAY_TIC|tic=4881|mle_ms=10.359|monotonic_ms=10|clock_delta_ms=.359|
clock_suspect=0
PMLE_LIVE_REPLAY_TIC|tic=4882|mle_ms=10.898|monotonic_ms=10|clock_delta_ms=.898|
clock_suspect=0
PMLE_LIVE_REPLAY_TIC|tic=4883|mle_ms=11.057|monotonic_ms=20|clock_delta_ms=8.943
|clock_suspect=0
PMLE_LIVE_REPLAY_TIC|tic=4884|mle_ms=12.547|monotonic_ms=10|clock_delta_ms=2.547
|clock_suspect=0
PMLE_LIVE_REPLAY_TIC|tic=4885|mle_ms=12.009|monotonic_ms=10|clock_delta_ms=2.009
|clock_suspect=0
PMLE_LIVE_REPLAY_TIC|tic=4886|mle_ms=12.343|monotonic_ms=10|clock_delta_ms=2.343
|clock_suspect=0
PMLE_LIVE_REPLAY_TIC|tic=4887|mle_ms=10.023|monotonic_ms=10|clock_delta_ms=.023|
clock_suspect=0
PMLE_LIVE_REPLAY_TIC|tic=4888|mle_ms=10.469|monotonic_ms=10|clock_delta_ms=.469|
clock_suspect=0
PMLE_LIVE_REPLAY_TIC|tic=4889|mle_ms=9.783|monotonic_ms=10|clock_delta_ms=.217|c
lock_suspect=0
PMLE_LIVE_REPLAY_TIC|tic=4890|mle_ms=10.922|monotonic_ms=10|clock_delta_ms=.922|
clock_suspect=0
PMLE_LIVE_REPLAY_TIC|tic=4891|mle_ms=10.471|monotonic_ms=10|clock_delta_ms=.471|
clock_suspect=0
PMLE_LIVE_REPLAY_TIC|tic=4892|mle_ms=11.337|monotonic_ms=20|clock_delta_ms=8.663
|clock_suspect=0
PMLE_LIVE_REPLAY_TIC|tic=4893|mle_ms=10.841|monotonic_ms=10|clock_delta_ms=.841|
clock_suspect=0
PMLE_LIVE_REPLAY_TIC|tic=4894|mle_ms=11.419|monotonic_ms=10|clock_delta_ms=1.419
|clock_suspect=0
PMLE_LIVE_REPLAY_TIC|tic=4895|mle_ms=10.15|monotonic_ms=10|clock_delta_ms=.15|cl
ock_suspect=0
PMLE_LIVE_REPLAY_TIC|tic=4896|mle_ms=11.06|monotonic_ms=10|clock_delta_ms=1.06|c
lock_suspect=0
PMLE_LIVE_REPLAY_TIC|tic=4897|mle_ms=8.213|monotonic_ms=10|clock_delta_ms=1.787|
clock_suspect=0
PMLE_LIVE_REPLAY_TIC|tic=4898|mle_ms=8.35|monotonic_ms=10|clock_delta_ms=1.65|cl
ock_suspect=0
PMLE_LIVE_REPLAY_TIC|tic=4899|mle_ms=7.787|monotonic_ms=0|clock_delta_ms=7.787|c
lock_suspect=0
PMLE_LIVE_REPLAY_TIC|tic=4900|mle_ms=8.92|monotonic_ms=10|clock_delta_ms=1.08|cl
ock_suspect=0
PMLE_LIVE_REPLAY_TIC|tic=4901|mle_ms=9.946|monotonic_ms=10|clock_delta_ms=.054|c
lock_suspect=0
PMLE_LIVE_REPLAY_TIC|tic=4902|mle_ms=11.245|monotonic_ms=10|clock_delta_ms=1.245
|clock_suspect=0
PMLE_LIVE_REPLAY_TIC|tic=4903|mle_ms=11.073|monotonic_ms=20|clock_delta_ms=8.927
|clock_suspect=0
PMLE_LIVE_REPLAY_TIC|tic=4904|mle_ms=10.536|monotonic_ms=10|clock_delta_ms=.536|
clock_suspect=0
PMLE_LIVE_REPLAY_TIC|tic=4905|mle_ms=11.566|monotonic_ms=10|clock_delta_ms=1.566
|clock_suspect=0
PMLE_LIVE_REPLAY_TIC|tic=4906|mle_ms=10.951|monotonic_ms=10|clock_delta_ms=.951|
clock_suspect=0
PMLE_LIVE_REPLAY_TIC|tic=4907|mle_ms=8.633|monotonic_ms=10|clock_delta_ms=1.367|
clock_suspect=0
PMLE_LIVE_REPLAY_TIC|tic=4908|mle_ms=8.966|monotonic_ms=10|clock_delta_ms=1.034|
clock_suspect=0
PMLE_LIVE_REPLAY_TIC|tic=4909|mle_ms=9.601|monotonic_ms=10|clock_delta_ms=.399|c
lock_suspect=0
PMLE_LIVE_REPLAY_TIC|tic=4910|mle_ms=11.035|monotonic_ms=10|clock_delta_ms=1.035
|clock_suspect=0
PMLE_LIVE_REPLAY_TIC|tic=4911|mle_ms=9.74|monotonic_ms=10|clock_delta_ms=.26|clo
ck_suspect=0
PMLE_LIVE_REPLAY_TIC|tic=4912|mle_ms=10.923|monotonic_ms=10|clock_delta_ms=.923|
clock_suspect=0
PMLE_LIVE_REPLAY_TIC|tic=4913|mle_ms=10.596|monotonic_ms=10|clock_delta_ms=.596|
clock_suspect=0
PMLE_LIVE_REPLAY_TIC|tic=4914|mle_ms=11.256|monotonic_ms=10|clock_delta_ms=1.256
|clock_suspect=0
PMLE_LIVE_REPLAY_TIC|tic=4915|mle_ms=10.344|monotonic_ms=10|clock_delta_ms=.344|
clock_suspect=0
PMLE_LIVE_REPLAY_TIC|tic=4916|mle_ms=11.169|monotonic_ms=10|clock_delta_ms=1.169
|clock_suspect=0
PMLE_LIVE_REPLAY_TIC|tic=4917|mle_ms=8.917|monotonic_ms=10|clock_delta_ms=1.083|
clock_suspect=0
PMLE_LIVE_REPLAY_TIC|tic=4918|mle_ms=9.62|monotonic_ms=10|clock_delta_ms=.38|clo
ck_suspect=0
PMLE_LIVE_REPLAY_TIC|tic=4919|mle_ms=10.338|monotonic_ms=10|clock_delta_ms=.338|
clock_suspect=0
PMLE_LIVE_REPLAY_TIC|tic=4920|mle_ms=11.724|monotonic_ms=10|clock_delta_ms=1.724
|clock_suspect=0
PMLE_LIVE_REPLAY_TIC|tic=4921|mle_ms=11.411|monotonic_ms=10|clock_delta_ms=1.411
|clock_suspect=0
PMLE_LIVE_REPLAY_TIC|tic=4922|mle_ms=10.829|monotonic_ms=20|clock_delta_ms=9.171
|clock_suspect=0
PMLE_LIVE_REPLAY_TIC|tic=4923|mle_ms=10.201|monotonic_ms=10|clock_delta_ms=.201|
clock_suspect=0
PMLE_LIVE_REPLAY_TIC|tic=4924|mle_ms=11.022|monotonic_ms=10|clock_delta_ms=1.022
|clock_suspect=0
PMLE_LIVE_REPLAY_TIC|tic=4925|mle_ms=10.38|monotonic_ms=10|clock_delta_ms=.38|cl
ock_suspect=0
PMLE_LIVE_REPLAY_TIC|tic=4926|mle_ms=11.711|monotonic_ms=10|clock_delta_ms=1.711
|clock_suspect=0
PMLE_LIVE_REPLAY_TIC|tic=4927|mle_ms=9.12|monotonic_ms=10|clock_delta_ms=.88|clo
ck_suspect=0
PMLE_LIVE_REPLAY_TIC|tic=4928|mle_ms=9.22|monotonic_ms=10|clock_delta_ms=.78|clo
ck_suspect=0
PMLE_LIVE_REPLAY_TIC|tic=4929|mle_ms=10.821|monotonic_ms=10|clock_delta_ms=.821|
clock_suspect=0
PMLE_LIVE_REPLAY_TIC|tic=4930|mle_ms=10.603|monotonic_ms=10|clock_delta_ms=.603|
clock_suspect=0
PMLE_LIVE_REPLAY_TIC|tic=4931|mle_ms=10.513|monotonic_ms=10|clock_delta_ms=.513|
clock_suspect=0
PMLE_LIVE_REPLAY_TIC|tic=4932|mle_ms=14.74|monotonic_ms=10|clock_delta_ms=4.74|c
lock_suspect=0
PMLE_LIVE_REPLAY_TIC|tic=4933|mle_ms=11.768|monotonic_ms=20|clock_delta_ms=8.232
|clock_suspect=0
PMLE_LIVE_REPLAY_TIC|tic=4934|mle_ms=12.171|monotonic_ms=10|clock_delta_ms=2.171
|clock_suspect=0
PMLE_LIVE_REPLAY_TIC|tic=4935|mle_ms=10.132|monotonic_ms=10|clock_delta_ms=.132|
clock_suspect=0
PMLE_LIVE_REPLAY_TIC|tic=4936|mle_ms=11.72|monotonic_ms=10|clock_delta_ms=1.72|c
lock_suspect=0
PMLE_LIVE_REPLAY_TIC|tic=4937|mle_ms=10.343|monotonic_ms=10|clock_delta_ms=.343|
clock_suspect=0
PMLE_LIVE_REPLAY_TIC|tic=4938|mle_ms=12.064|monotonic_ms=10|clock_delta_ms=2.064
|clock_suspect=0
PMLE_LIVE_REPLAY_TIC|tic=4939|mle_ms=12.783|monotonic_ms=20|clock_delta_ms=7.217
|clock_suspect=0
PMLE_LIVE_REPLAY_TIC|tic=4940|mle_ms=11.502|monotonic_ms=10|clock_delta_ms=1.502
|clock_suspect=0
PMLE_LIVE_REPLAY_TIC|tic=4941|mle_ms=10.468|monotonic_ms=10|clock_delta_ms=.468|
clock_suspect=0
PMLE_LIVE_REPLAY_TIC|tic=4942|mle_ms=12.401|monotonic_ms=10|clock_delta_ms=2.401
|clock_suspect=0
PMLE_LIVE_REPLAY_TIC|tic=4943|mle_ms=14.516|monotonic_ms=20|clock_delta_ms=5.484
|clock_suspect=0
PMLE_LIVE_REPLAY_TIC|tic=4944|mle_ms=13.45|monotonic_ms=10|clock_delta_ms=3.45|c
lock_suspect=0
PMLE_LIVE_REPLAY_TIC|tic=4945|mle_ms=12.101|monotonic_ms=10|clock_delta_ms=2.101
|clock_suspect=0
PMLE_LIVE_REPLAY_TIC|tic=4946|mle_ms=14.537|monotonic_ms=20|clock_delta_ms=5.463
|clock_suspect=0
PMLE_LIVE_REPLAY_TIC|tic=4947|mle_ms=10.931|monotonic_ms=10|clock_delta_ms=.931|
clock_suspect=0
PMLE_LIVE_REPLAY_TIC|tic=4948|mle_ms=11.746|monotonic_ms=10|clock_delta_ms=1.746
|clock_suspect=0
PMLE_LIVE_REPLAY_TIC|tic=4949|mle_ms=11.082|monotonic_ms=10|clock_delta_ms=1.082
|clock_suspect=0
PMLE_LIVE_REPLAY_TIC|tic=4950|mle_ms=12.079|monotonic_ms=10|clock_delta_ms=2.079
|clock_suspect=0
PMLE_LIVE_REPLAY_TIC|tic=4951|mle_ms=11.106|monotonic_ms=10|clock_delta_ms=1.106
|clock_suspect=0
PMLE_LIVE_REPLAY_TIC|tic=4952|mle_ms=11.883|monotonic_ms=10|clock_delta_ms=1.883
|clock_suspect=0
PMLE_LIVE_REPLAY_TIC|tic=4953|mle_ms=11.477|monotonic_ms=20|clock_delta_ms=8.523
|clock_suspect=0
PMLE_LIVE_REPLAY_TIC|tic=4954|mle_ms=12.532|monotonic_ms=10|clock_delta_ms=2.532
|clock_suspect=0
PMLE_LIVE_REPLAY_TIC|tic=4955|mle_ms=11.86|monotonic_ms=10|clock_delta_ms=1.86|c
lock_suspect=0
PMLE_LIVE_REPLAY_TIC|tic=4956|mle_ms=12.771|monotonic_ms=10|clock_delta_ms=2.771
|clock_suspect=0
PMLE_LIVE_REPLAY_TIC|tic=4957|mle_ms=11.211|monotonic_ms=20|clock_delta_ms=8.789
|clock_suspect=0
PMLE_LIVE_REPLAY_TIC|tic=4958|mle_ms=10.159|monotonic_ms=10|clock_delta_ms=.159|
clock_suspect=0
PMLE_LIVE_REPLAY_TIC|tic=4959|mle_ms=12.754|monotonic_ms=10|clock_delta_ms=2.754
|clock_suspect=0
PMLE_LIVE_REPLAY_TIC|tic=4960|mle_ms=11.766|monotonic_ms=10|clock_delta_ms=1.766
|clock_suspect=0
PMLE_LIVE_REPLAY_TIC|tic=4961|mle_ms=10.637|monotonic_ms=10|clock_delta_ms=.637|
clock_suspect=0
PMLE_LIVE_REPLAY_TIC|tic=4962|mle_ms=12.086|monotonic_ms=10|clock_delta_ms=2.086
|clock_suspect=0
PMLE_LIVE_REPLAY_TIC|tic=4963|mle_ms=13.704|monotonic_ms=20|clock_delta_ms=6.296
|clock_suspect=0
PMLE_LIVE_REPLAY_TIC|tic=4964|mle_ms=13.698|monotonic_ms=10|clock_delta_ms=3.698
|clock_suspect=0
PMLE_LIVE_REPLAY_TIC|tic=4965|mle_ms=11.063|monotonic_ms=10|clock_delta_ms=1.063
|clock_suspect=0
PMLE_LIVE_REPLAY_TIC|tic=4966|mle_ms=12.994|monotonic_ms=10|clock_delta_ms=2.994
|clock_suspect=0
PMLE_LIVE_REPLAY_TIC|tic=4967|mle_ms=11.158|monotonic_ms=20|clock_delta_ms=8.842
|clock_suspect=0
PMLE_LIVE_REPLAY_TIC|tic=4968|mle_ms=12.011|monotonic_ms=10|clock_delta_ms=2.011
|clock_suspect=0
PMLE_LIVE_REPLAY_TIC|tic=4969|mle_ms=10.998|monotonic_ms=10|clock_delta_ms=.998|
clock_suspect=0
PMLE_LIVE_REPLAY_TIC|tic=4970|mle_ms=11.28|monotonic_ms=10|clock_delta_ms=1.28|c
lock_suspect=0
PMLE_LIVE_REPLAY_TIC|tic=4971|mle_ms=11.07|monotonic_ms=10|clock_delta_ms=1.07|c
lock_suspect=0
PMLE_LIVE_REPLAY_TIC|tic=4972|mle_ms=11.875|monotonic_ms=10|clock_delta_ms=1.875
|clock_suspect=0
PMLE_LIVE_REPLAY_TIC|tic=4973|mle_ms=11.768|monotonic_ms=20|clock_delta_ms=8.232
|clock_suspect=0
PMLE_LIVE_REPLAY_TIC|tic=4974|mle_ms=13.122|monotonic_ms=10|clock_delta_ms=3.122
|clock_suspect=0
PMLE_LIVE_REPLAY_TIC|tic=4975|mle_ms=11.753|monotonic_ms=10|clock_delta_ms=1.753
|clock_suspect=0
PMLE_LIVE_REPLAY_TIC|tic=4976|mle_ms=12.586|monotonic_ms=10|clock_delta_ms=2.586
|clock_suspect=0
PMLE_LIVE_REPLAY_TIC|tic=4977|mle_ms=9.872|monotonic_ms=10|clock_delta_ms=.128|c
lock_suspect=0
PMLE_LIVE_REPLAY_TIC|tic=4978|mle_ms=10.715|monotonic_ms=10|clock_delta_ms=.715|
clock_suspect=0
PMLE_LIVE_REPLAY_TIC|tic=4979|mle_ms=10.726|monotonic_ms=10|clock_delta_ms=.726|
clock_suspect=0
PMLE_LIVE_REPLAY_TIC|tic=4980|mle_ms=12.583|monotonic_ms=20|clock_delta_ms=7.417
|clock_suspect=0
PMLE_LIVE_REPLAY_TIC|tic=4981|mle_ms=12.225|monotonic_ms=10|clock_delta_ms=2.225
|clock_suspect=0
PMLE_LIVE_REPLAY_TIC|tic=4982|mle_ms=11.817|monotonic_ms=10|clock_delta_ms=1.817
|clock_suspect=0
PMLE_LIVE_REPLAY_TIC|tic=4983|mle_ms=11.95|monotonic_ms=10|clock_delta_ms=1.95|c
lock_suspect=0
PMLE_LIVE_REPLAY_TIC|tic=4984|mle_ms=13.283|monotonic_ms=20|clock_delta_ms=6.717
|clock_suspect=0
PMLE_LIVE_REPLAY_TIC|tic=4985|mle_ms=14.35|monotonic_ms=10|clock_delta_ms=4.35|c
lock_suspect=0
PMLE_LIVE_REPLAY_TIC|tic=4986|mle_ms=12.638|monotonic_ms=10|clock_delta_ms=2.638
|clock_suspect=0
PMLE_LIVE_REPLAY_TIC|tic=4987|mle_ms=10.702|monotonic_ms=20|clock_delta_ms=9.298
|clock_suspect=0
PMLE_LIVE_REPLAY_TIC|tic=4988|mle_ms=11.491|monotonic_ms=10|clock_delta_ms=1.491
|clock_suspect=0
PMLE_LIVE_REPLAY_TIC|tic=4989|mle_ms=9.897|monotonic_ms=10|clock_delta_ms=.103|c
lock_suspect=0
PMLE_LIVE_REPLAY_TIC|tic=4990|mle_ms=10.702|monotonic_ms=10|clock_delta_ms=.702|
clock_suspect=0
PMLE_LIVE_REPLAY_TIC|tic=4991|mle_ms=11.42|monotonic_ms=10|clock_delta_ms=1.42|c
lock_suspect=0
PMLE_LIVE_REPLAY_TIC|tic=4992|mle_ms=12.128|monotonic_ms=10|clock_delta_ms=2.128
|clock_suspect=0
PMLE_LIVE_REPLAY_TIC|tic=4993|mle_ms=11.709|monotonic_ms=10|clock_delta_ms=1.709
|clock_suspect=0
PMLE_LIVE_REPLAY_TIC|tic=4994|mle_ms=11.927|monotonic_ms=10|clock_delta_ms=1.927
|clock_suspect=0
PMLE_LIVE_REPLAY_TIC|tic=4995|mle_ms=9.854|monotonic_ms=10|clock_delta_ms=.146|c
lock_suspect=0
PMLE_LIVE_REPLAY_TIC|tic=4996|mle_ms=11.882|monotonic_ms=20|clock_delta_ms=8.118
|clock_suspect=0
PMLE_LIVE_REPLAY_TIC|tic=4997|mle_ms=10.81|monotonic_ms=10|clock_delta_ms=.81|cl
ock_suspect=0
PMLE_LIVE_REPLAY_TIC|tic=4998|mle_ms=10.705|monotonic_ms=10|clock_delta_ms=.705|
clock_suspect=0
PMLE_LIVE_REPLAY_TIC|tic=4999|mle_ms=11.185|monotonic_ms=10|clock_delta_ms=1.185
|clock_suspect=0
PMLE_LIVE_REPLAY_TIC|tic=5000|mle_ms=10.27|monotonic_ms=10|clock_delta_ms=.27|cl
ock_suspect=0
PMLE_LIVE_REPLAY_TIC|tic=5001|mle_ms=9.911|monotonic_ms=10|clock_delta_ms=.089|c
lock_suspect=0
PMLE_LIVE_REPLAY_TIC|tic=5002|mle_ms=10.672|monotonic_ms=10|clock_delta_ms=.672|
clock_suspect=0
PMLE_LIVE_REPLAY_TIC|tic=5003|mle_ms=10.755|monotonic_ms=10|clock_delta_ms=.755|
clock_suspect=0
PMLE_LIVE_REPLAY_TIC|tic=5004|mle_ms=12.922|monotonic_ms=20|clock_delta_ms=7.078
|clock_suspect=0
PMLE_LIVE_REPLAY_TIC|tic=5005|mle_ms=11.574|monotonic_ms=10|clock_delta_ms=1.574
|clock_suspect=0
PMLE_LIVE_REPLAY_TIC|tic=5006|mle_ms=12.348|monotonic_ms=10|clock_delta_ms=2.348
|clock_suspect=0
PMLE_LIVE_REPLAY_TIC|tic=5007|mle_ms=10.34|monotonic_ms=10|clock_delta_ms=.34|cl
ock_suspect=0
PMLE_LIVE_REPLAY_TIC|tic=5008|mle_ms=10.962|monotonic_ms=10|clock_delta_ms=.962|
clock_suspect=0
PMLE_LIVE_REPLAY_TIC|tic=5009|mle_ms=10.91|monotonic_ms=10|clock_delta_ms=.91|cl
ock_suspect=0
PMLE_LIVE_REPLAY_TIC|tic=5010|mle_ms=11.326|monotonic_ms=10|clock_delta_ms=1.326
|clock_suspect=0
PMLE_LIVE_REPLAY_TIC|tic=5011|mle_ms=13.691|monotonic_ms=20|clock_delta_ms=6.309
|clock_suspect=0
PMLE_LIVE_REPLAY_TIC|tic=5012|mle_ms=11.365|monotonic_ms=10|clock_delta_ms=1.365
|clock_suspect=0
PMLE_LIVE_REPLAY_TIC|tic=5013|mle_ms=11.551|monotonic_ms=10|clock_delta_ms=1.551
|clock_suspect=0
PMLE_LIVE_REPLAY_TIC|tic=5014|mle_ms=14.419|monotonic_ms=20|clock_delta_ms=5.581
|clock_suspect=0
PMLE_LIVE_REPLAY_TIC|tic=5015|mle_ms=13.208|monotonic_ms=10|clock_delta_ms=3.208
|clock_suspect=0
PMLE_LIVE_REPLAY_TIC|tic=5016|mle_ms=13.514|monotonic_ms=10|clock_delta_ms=3.514
|clock_suspect=0
PMLE_LIVE_REPLAY_TIC|tic=5017|mle_ms=11.284|monotonic_ms=10|clock_delta_ms=1.284
|clock_suspect=0
PMLE_LIVE_REPLAY_TIC|tic=5018|mle_ms=11.239|monotonic_ms=20|clock_delta_ms=8.761
|clock_suspect=0
PMLE_LIVE_REPLAY_TIC|tic=5019|mle_ms=17.123|monotonic_ms=10|clock_delta_ms=7.123
|clock_suspect=0
PMLE_LIVE_REPLAY_TIC|tic=5020|mle_ms=11.794|monotonic_ms=10|clock_delta_ms=1.794
|clock_suspect=0
PMLE_LIVE_REPLAY_TIC|tic=5021|mle_ms=10.968|monotonic_ms=20|clock_delta_ms=9.032
|clock_suspect=0
PMLE_LIVE_REPLAY_TIC|tic=5022|mle_ms=13.433|monotonic_ms=10|clock_delta_ms=3.433
|clock_suspect=0
PMLE_LIVE_REPLAY_TIC|tic=5023|mle_ms=13.541|monotonic_ms=10|clock_delta_ms=3.541
|clock_suspect=0
PMLE_LIVE_REPLAY_TIC|tic=5024|mle_ms=15.626|monotonic_ms=20|clock_delta_ms=4.374
|clock_suspect=0
PMLE_LIVE_REPLAY_TIC|tic=5025|mle_ms=12.141|monotonic_ms=10|clock_delta_ms=2.141
|clock_suspect=0
PMLE_LIVE_REPLAY_TIC|tic=5026|mle_ms=12.588|monotonic_ms=10|clock_delta_ms=2.588
|clock_suspect=0
PMLE_LIVE_REPLAY_TIC|tic=5027|mle_ms=11.044|monotonic_ms=10|clock_delta_ms=1.044
|clock_suspect=0
PMLE_LIVE_REPLAY_TIC|tic=5028|mle_ms=12.382|monotonic_ms=20|clock_delta_ms=7.618
|clock_suspect=0
PMLE_LIVE_REPLAY_TIC|tic=5029|mle_ms=10.761|monotonic_ms=10|clock_delta_ms=.761|
clock_suspect=0
PMLE_LIVE_REPLAY_TIC|tic=5030|mle_ms=10.982|monotonic_ms=10|clock_delta_ms=.982|
clock_suspect=0
PMLE_LIVE_REPLAY_TIC|tic=5031|mle_ms=10.187|monotonic_ms=10|clock_delta_ms=.187|
clock_suspect=0
PMLE_LIVE_REPLAY_TIC|tic=5032|mle_ms=10.902|monotonic_ms=10|clock_delta_ms=.902|
clock_suspect=0
PMLE_LIVE_REPLAY_TIC|tic=5033|mle_ms=11.388|monotonic_ms=10|clock_delta_ms=1.388
|clock_suspect=0
PMLE_LIVE_REPLAY_TIC|tic=5034|mle_ms=12.015|monotonic_ms=10|clock_delta_ms=2.015
|clock_suspect=0
PMLE_LIVE_REPLAY_TIC|tic=5035|mle_ms=10.828|monotonic_ms=10|clock_delta_ms=.828|
clock_suspect=0
PMLE_LIVE_REPLAY_TIC|tic=5036|mle_ms=12.461|monotonic_ms=20|clock_delta_ms=7.539
|clock_suspect=0
PMLE_LIVE_REPLAY_TIC|tic=5037|mle_ms=13.352|monotonic_ms=10|clock_delta_ms=3.352
|clock_suspect=0
PMLE_LIVE_REPLAY_TIC|tic=5038|mle_ms=11.896|monotonic_ms=10|clock_delta_ms=1.896
|clock_suspect=0
PMLE_LIVE_REPLAY_TIC|tic=5039|mle_ms=10.315|monotonic_ms=10|clock_delta_ms=.315|
clock_suspect=0
PMLE_LIVE_REPLAY_TIC|tic=5040|mle_ms=10.932|monotonic_ms=10|clock_delta_ms=.932|
clock_suspect=0
PMLE_LIVE_REPLAY_TIC|tic=5041|mle_ms=10.898|monotonic_ms=20|clock_delta_ms=9.102
|clock_suspect=0
PMLE_LIVE_REPLAY_TIC|tic=5042|mle_ms=10.436|monotonic_ms=10|clock_delta_ms=.436|
clock_suspect=0
PMLE_LIVE_REPLAY_TIC|tic=5043|mle_ms=11.343|monotonic_ms=10|clock_delta_ms=1.343
|clock_suspect=0
PMLE_LIVE_REPLAY_TIC|tic=5044|mle_ms=12.521|monotonic_ms=10|clock_delta_ms=2.521
|clock_suspect=0
PMLE_LIVE_REPLAY_TIC|tic=5045|mle_ms=11.17|monotonic_ms=10|clock_delta_ms=1.17|c
lock_suspect=0
PMLE_LIVE_REPLAY_TIC|tic=5046|mle_ms=12.357|monotonic_ms=10|clock_delta_ms=2.357
|clock_suspect=0
PMLE_LIVE_REPLAY_TIC|tic=5047|mle_ms=10.202|monotonic_ms=10|clock_delta_ms=.202|
clock_suspect=0
PMLE_LIVE_REPLAY_TIC|tic=5048|mle_ms=9.935|monotonic_ms=10|clock_delta_ms=.065|c
lock_suspect=0
PMLE_LIVE_REPLAY_TIC|tic=5049|mle_ms=9.808|monotonic_ms=10|clock_delta_ms=.192|c
lock_suspect=0
PMLE_LIVE_REPLAY_TIC|tic=5050|mle_ms=9.782|monotonic_ms=10|clock_delta_ms=.218|c
lock_suspect=0
PMLE_LIVE_REPLAY_TIC|tic=5051|mle_ms=10.174|monotonic_ms=10|clock_delta_ms=.174|
clock_suspect=0
PMLE_LIVE_REPLAY_TIC|tic=5052|mle_ms=11.782|monotonic_ms=20|clock_delta_ms=8.218
|clock_suspect=0
PMLE_LIVE_REPLAY_TIC|tic=5053|mle_ms=11.951|monotonic_ms=10|clock_delta_ms=1.951
|clock_suspect=0
PMLE_LIVE_REPLAY_TIC|tic=5054|mle_ms=12.772|monotonic_ms=10|clock_delta_ms=2.772
|clock_suspect=0
PMLE_LIVE_REPLAY_TIC|tic=5055|mle_ms=11.312|monotonic_ms=10|clock_delta_ms=1.312
|clock_suspect=0
PMLE_LIVE_REPLAY_TIC|tic=5056|mle_ms=11.922|monotonic_ms=10|clock_delta_ms=1.922
|clock_suspect=0
PMLE_LIVE_REPLAY_TIC|tic=5057|mle_ms=9.799|monotonic_ms=10|clock_delta_ms=.201|c
lock_suspect=0
PMLE_LIVE_REPLAY_TIC|tic=5058|mle_ms=11.277|monotonic_ms=20|clock_delta_ms=8.723
|clock_suspect=0
PMLE_LIVE_REPLAY_TIC|tic=5059|mle_ms=10.524|monotonic_ms=10|clock_delta_ms=.524|
clock_suspect=0
PMLE_LIVE_REPLAY_TIC|tic=5060|mle_ms=10.007|monotonic_ms=10|clock_delta_ms=.007|
clock_suspect=0
PMLE_LIVE_REPLAY_TIC|tic=5061|mle_ms=9.455|monotonic_ms=10|clock_delta_ms=.545|c
lock_suspect=0
PMLE_LIVE_REPLAY_TIC|tic=5062|mle_ms=10.967|monotonic_ms=10|clock_delta_ms=.967|
clock_suspect=0
PMLE_LIVE_REPLAY_TIC|tic=5063|mle_ms=14.172|monotonic_ms=10|clock_delta_ms=4.172
|clock_suspect=0
PMLE_LIVE_REPLAY_TIC|tic=5064|mle_ms=13.927|monotonic_ms=10|clock_delta_ms=3.927
|clock_suspect=0
PMLE_LIVE_REPLAY_TIC|tic=5065|mle_ms=11.81|monotonic_ms=20|clock_delta_ms=8.19|c
lock_suspect=0
PMLE_LIVE_REPLAY_TIC|tic=5066|mle_ms=12.136|monotonic_ms=10|clock_delta_ms=2.136
|clock_suspect=0
PMLE_LIVE_REPLAY_TIC|tic=5067|mle_ms=9.589|monotonic_ms=10|clock_delta_ms=.411|c
lock_suspect=0
PMLE_LIVE_REPLAY_TIC|tic=5068|mle_ms=11.305|monotonic_ms=10|clock_delta_ms=1.305
|clock_suspect=0
PMLE_LIVE_REPLAY_TIC|tic=5069|mle_ms=10.084|monotonic_ms=10|clock_delta_ms=.084|
clock_suspect=0
PMLE_LIVE_REPLAY_TIC|tic=5070|mle_ms=10.635|monotonic_ms=10|clock_delta_ms=.635|
clock_suspect=0
PMLE_LIVE_REPLAY_TIC|tic=5071|mle_ms=11.127|monotonic_ms=10|clock_delta_ms=1.127
|clock_suspect=0
PMLE_LIVE_REPLAY_TIC|tic=5072|mle_ms=12.112|monotonic_ms=10|clock_delta_ms=2.112
|clock_suspect=0
PMLE_LIVE_REPLAY_TIC|tic=5073|mle_ms=11.464|monotonic_ms=20|clock_delta_ms=8.536
|clock_suspect=0
PMLE_LIVE_REPLAY_TIC|tic=5074|mle_ms=12.219|monotonic_ms=10|clock_delta_ms=2.219
|clock_suspect=0
PMLE_LIVE_REPLAY_TIC|tic=5075|mle_ms=10.654|monotonic_ms=10|clock_delta_ms=.654|
clock_suspect=0
PMLE_LIVE_REPLAY_TIC|tic=5076|mle_ms=12.552|monotonic_ms=10|clock_delta_ms=2.552
|clock_suspect=0
PMLE_LIVE_REPLAY_TIC|tic=5077|mle_ms=10.883|monotonic_ms=10|clock_delta_ms=.883|
clock_suspect=0
PMLE_LIVE_REPLAY_TIC|tic=5078|mle_ms=9.732|monotonic_ms=10|clock_delta_ms=.268|c
lock_suspect=0
PMLE_LIVE_REPLAY_TIC|tic=5079|mle_ms=9.68|monotonic_ms=10|clock_delta_ms=.32|clo
ck_suspect=0
PMLE_LIVE_REPLAY_TIC|tic=5080|mle_ms=10.463|monotonic_ms=10|clock_delta_ms=.463|
clock_suspect=0
PMLE_LIVE_REPLAY_TIC|tic=5081|mle_ms=11.15|monotonic_ms=10|clock_delta_ms=1.15|c
lock_suspect=0
PMLE_LIVE_REPLAY_TIC|tic=5082|mle_ms=12.191|monotonic_ms=20|clock_delta_ms=7.809
|clock_suspect=0
PMLE_LIVE_REPLAY_TIC|tic=5083|mle_ms=11.178|monotonic_ms=10|clock_delta_ms=1.178
|clock_suspect=0
PMLE_LIVE_REPLAY_TIC|tic=5084|mle_ms=11.832|monotonic_ms=10|clock_delta_ms=1.832
|clock_suspect=0
PMLE_LIVE_REPLAY_TIC|tic=5085|mle_ms=10.692|monotonic_ms=10|clock_delta_ms=.692|
clock_suspect=0
PMLE_LIVE_REPLAY_TIC|tic=5086|mle_ms=13.184|monotonic_ms=10|clock_delta_ms=3.184
|clock_suspect=0
PMLE_LIVE_REPLAY_TIC|tic=5087|mle_ms=9.764|monotonic_ms=10|clock_delta_ms=.236|c
lock_suspect=0
PMLE_LIVE_REPLAY_TIC|tic=5088|mle_ms=13.306|monotonic_ms=20|clock_delta_ms=6.694
|clock_suspect=0
PMLE_LIVE_REPLAY_TIC|tic=5089|mle_ms=12.109|monotonic_ms=10|clock_delta_ms=2.109
|clock_suspect=0
PMLE_LIVE_REPLAY_TIC|tic=5090|mle_ms=10.143|monotonic_ms=10|clock_delta_ms=.143|
clock_suspect=0
PMLE_LIVE_REPLAY_TIC|tic=5091|mle_ms=10.54|monotonic_ms=10|clock_delta_ms=.54|cl
ock_suspect=0
PMLE_LIVE_REPLAY_TIC|tic=5092|mle_ms=11.612|monotonic_ms=10|clock_delta_ms=1.612
|clock_suspect=0
PMLE_LIVE_REPLAY_TIC|tic=5093|mle_ms=11.403|monotonic_ms=10|clock_delta_ms=1.403
|clock_suspect=0
PMLE_LIVE_REPLAY_TIC|tic=5094|mle_ms=12.182|monotonic_ms=20|clock_delta_ms=7.818
|clock_suspect=0
PMLE_LIVE_REPLAY_TIC|tic=5095|mle_ms=11.332|monotonic_ms=10|clock_delta_ms=1.332
|clock_suspect=0
PMLE_LIVE_REPLAY_TIC|tic=5096|mle_ms=11.882|monotonic_ms=10|clock_delta_ms=1.882
|clock_suspect=0
PMLE_LIVE_REPLAY_TIC|tic=5097|mle_ms=9.024|monotonic_ms=10|clock_delta_ms=.976|c
lock_suspect=0
PMLE_LIVE_REPLAY_TIC|tic=5098|mle_ms=10.78|monotonic_ms=10|clock_delta_ms=.78|cl
ock_suspect=0
PMLE_LIVE_REPLAY_TIC|tic=5099|mle_ms=9.716|monotonic_ms=10|clock_delta_ms=.284|c
lock_suspect=0
PMLE_LIVE_REPLAY_TIC|tic=5100|mle_ms=11.964|monotonic_ms=10|clock_delta_ms=1.964
|clock_suspect=0
PMLE_LIVE_REPLAY_TIC|tic=5101|mle_ms=11.435|monotonic_ms=20|clock_delta_ms=8.565
|clock_suspect=0
PMLE_LIVE_REPLAY_TIC|tic=5102|mle_ms=13.405|monotonic_ms=10|clock_delta_ms=3.405
|clock_suspect=0
PMLE_LIVE_REPLAY_TIC|tic=5103|mle_ms=11.443|monotonic_ms=10|clock_delta_ms=1.443
|clock_suspect=0
PMLE_LIVE_REPLAY_TIC|tic=5104|mle_ms=11.947|monotonic_ms=10|clock_delta_ms=1.947
|clock_suspect=0
PMLE_LIVE_REPLAY_TIC|tic=5105|mle_ms=10.577|monotonic_ms=10|clock_delta_ms=.577|
clock_suspect=0
PMLE_LIVE_REPLAY_TIC|tic=5106|mle_ms=12.709|monotonic_ms=20|clock_delta_ms=7.291
|clock_suspect=0
PMLE_LIVE_REPLAY_TIC|tic=5107|mle_ms=10.92|monotonic_ms=10|clock_delta_ms=.92|cl
ock_suspect=0
PMLE_LIVE_REPLAY_TIC|tic=5108|mle_ms=10.426|monotonic_ms=10|clock_delta_ms=.426|
clock_suspect=0
PMLE_LIVE_REPLAY_TIC|tic=5109|mle_ms=9.676|monotonic_ms=10|clock_delta_ms=.324|c
lock_suspect=0
PMLE_LIVE_REPLAY_TIC|tic=5110|mle_ms=9.904|monotonic_ms=10|clock_delta_ms=.096|c
lock_suspect=0
PMLE_LIVE_REPLAY_TIC|tic=5111|mle_ms=9.595|monotonic_ms=10|clock_delta_ms=.405|c
lock_suspect=0
PMLE_LIVE_REPLAY_TIC|tic=5112|mle_ms=11.105|monotonic_ms=10|clock_delta_ms=1.105
|clock_suspect=0
PMLE_LIVE_REPLAY_TIC|tic=5113|mle_ms=13.09|monotonic_ms=10|clock_delta_ms=3.09|c
lock_suspect=0
PMLE_LIVE_REPLAY_TIC|tic=5114|mle_ms=11.508|monotonic_ms=10|clock_delta_ms=1.508
|clock_suspect=0
PMLE_LIVE_REPLAY_TIC|tic=5115|mle_ms=9.906|monotonic_ms=10|clock_delta_ms=.094|c
lock_suspect=0
PMLE_LIVE_REPLAY_TIC|tic=5116|mle_ms=12.581|monotonic_ms=20|clock_delta_ms=7.419
|clock_suspect=0
PMLE_LIVE_REPLAY_TIC|tic=5117|mle_ms=10|monotonic_ms=10|clock_delta_ms=0|clock_s
uspect=0
PMLE_LIVE_REPLAY_TIC|tic=5118|mle_ms=10.406|monotonic_ms=10|clock_delta_ms=.406|
clock_suspect=0
PMLE_LIVE_REPLAY_TIC|tic=5119|mle_ms=9.981|monotonic_ms=10|clock_delta_ms=.019|c
lock_suspect=0
PMLE_LIVE_REPLAY_TIC|tic=5120|mle_ms=8.904|monotonic_ms=10|clock_delta_ms=1.096|
clock_suspect=0
PMLE_LIVE_REPLAY_TIC|tic=5121|mle_ms=9.468|monotonic_ms=10|clock_delta_ms=.532|c
lock_suspect=0
PMLE_LIVE_REPLAY_TIC|tic=5122|mle_ms=10.95|monotonic_ms=10|clock_delta_ms=.95|cl
ock_suspect=0
PMLE_LIVE_REPLAY_TIC|tic=5123|mle_ms=10.242|monotonic_ms=10|clock_delta_ms=.242|
clock_suspect=0
PMLE_LIVE_REPLAY_TIC|tic=5124|mle_ms=12.061|monotonic_ms=10|clock_delta_ms=2.061
|clock_suspect=0
PMLE_LIVE_REPLAY_TIC|tic=5125|mle_ms=11.777|monotonic_ms=10|clock_delta_ms=1.777
|clock_suspect=0
PMLE_LIVE_REPLAY_TIC|tic=5126|mle_ms=11.761|monotonic_ms=10|clock_delta_ms=1.761
|clock_suspect=0
PMLE_LIVE_REPLAY_TIC|tic=5127|mle_ms=9.079|monotonic_ms=10|clock_delta_ms=.921|c
lock_suspect=0
PMLE_LIVE_REPLAY_TIC|tic=5128|mle_ms=10.333|monotonic_ms=10|clock_delta_ms=.333|
clock_suspect=0
PMLE_LIVE_REPLAY_TIC|tic=5129|mle_ms=9.546|monotonic_ms=10|clock_delta_ms=.454|c
lock_suspect=0
PMLE_LIVE_REPLAY_TIC|tic=5130|mle_ms=9.256|monotonic_ms=10|clock_delta_ms=.744|c
lock_suspect=0
PMLE_LIVE_REPLAY_TIC|tic=5131|mle_ms=8.764|monotonic_ms=10|clock_delta_ms=1.236|
clock_suspect=0
PMLE_LIVE_REPLAY_TIC|tic=5132|mle_ms=8.832|monotonic_ms=10|clock_delta_ms=1.168|
clock_suspect=0
PMLE_LIVE_REPLAY_TIC|tic=5133|mle_ms=8.556|monotonic_ms=10|clock_delta_ms=1.444|
clock_suspect=0
PMLE_LIVE_REPLAY_TIC|tic=5134|mle_ms=10.101|monotonic_ms=10|clock_delta_ms=.101|
clock_suspect=0
PMLE_LIVE_REPLAY_TIC|tic=5135|mle_ms=9.42|monotonic_ms=10|clock_delta_ms=.58|clo
ck_suspect=0
PMLE_LIVE_REPLAY_TIC|tic=5136|mle_ms=12.978|monotonic_ms=10|clock_delta_ms=2.978
|clock_suspect=0
PMLE_LIVE_REPLAY_TIC|tic=5137|mle_ms=9.734|monotonic_ms=10|clock_delta_ms=.266|c
lock_suspect=0
PMLE_LIVE_REPLAY_TIC|tic=5138|mle_ms=12.621|monotonic_ms=10|clock_delta_ms=2.621
|clock_suspect=0
PMLE_LIVE_REPLAY_TIC|tic=5139|mle_ms=9.25|monotonic_ms=10|clock_delta_ms=.75|clo
ck_suspect=0
PMLE_LIVE_REPLAY_TIC|tic=5140|mle_ms=10.441|monotonic_ms=10|clock_delta_ms=.441|
clock_suspect=0
PMLE_LIVE_REPLAY_TIC|tic=5141|mle_ms=10.305|monotonic_ms=10|clock_delta_ms=.305|
clock_suspect=0
PMLE_LIVE_REPLAY_TIC|tic=5142|mle_ms=11.033|monotonic_ms=10|clock_delta_ms=1.033
|clock_suspect=0
PMLE_LIVE_REPLAY_TIC|tic=5143|mle_ms=10.297|monotonic_ms=10|clock_delta_ms=.297|
clock_suspect=0
PMLE_LIVE_REPLAY_TIC|tic=5144|mle_ms=10.407|monotonic_ms=10|clock_delta_ms=.407|
clock_suspect=0
PMLE_LIVE_REPLAY_TIC|tic=5145|mle_ms=10.863|monotonic_ms=20|clock_delta_ms=9.137
|clock_suspect=0
PMLE_LIVE_REPLAY_TIC|tic=5146|mle_ms=12.446|monotonic_ms=10|clock_delta_ms=2.446
|clock_suspect=0
PMLE_LIVE_REPLAY_TIC|tic=5147|mle_ms=9.62|monotonic_ms=10|clock_delta_ms=.38|clo
ck_suspect=0
PMLE_LIVE_REPLAY_TIC|tic=5148|mle_ms=10.668|monotonic_ms=10|clock_delta_ms=.668|
clock_suspect=0
PMLE_LIVE_REPLAY_TIC|tic=5149|mle_ms=10.794|monotonic_ms=10|clock_delta_ms=.794|
clock_suspect=0
PMLE_LIVE_REPLAY_TIC|tic=5150|mle_ms=10.117|monotonic_ms=10|clock_delta_ms=.117|
clock_suspect=0
PMLE_LIVE_REPLAY_TIC|tic=5151|mle_ms=9.262|monotonic_ms=10|clock_delta_ms=.738|c
lock_suspect=0
PMLE_LIVE_REPLAY_TIC|tic=5152|mle_ms=9.36|monotonic_ms=10|clock_delta_ms=.64|clo
ck_suspect=0
PMLE_LIVE_REPLAY_TIC|tic=5153|mle_ms=8.992|monotonic_ms=10|clock_delta_ms=1.008|
clock_suspect=0
PMLE_LIVE_REPLAY_TIC|tic=5154|mle_ms=11.944|monotonic_ms=10|clock_delta_ms=1.944
|clock_suspect=0
PMLE_LIVE_REPLAY_TIC|tic=5155|mle_ms=10.53|monotonic_ms=10|clock_delta_ms=.53|cl
ock_suspect=0
PMLE_LIVE_REPLAY_TIC|tic=5156|mle_ms=11.806|monotonic_ms=10|clock_delta_ms=1.806
|clock_suspect=0
PMLE_LIVE_REPLAY_TIC|tic=5157|mle_ms=9.321|monotonic_ms=10|clock_delta_ms=.679|c
lock_suspect=0
PMLE_LIVE_REPLAY_TIC|tic=5158|mle_ms=9.676|monotonic_ms=10|clock_delta_ms=.324|c
lock_suspect=0
PMLE_LIVE_REPLAY_TIC|tic=5159|mle_ms=9.559|monotonic_ms=10|clock_delta_ms=.441|c
lock_suspect=0
PMLE_LIVE_REPLAY_TIC|tic=5160|mle_ms=10.117|monotonic_ms=10|clock_delta_ms=.117|
clock_suspect=0
PMLE_LIVE_REPLAY_TIC|tic=5161|mle_ms=9.827|monotonic_ms=10|clock_delta_ms=.173|c
lock_suspect=0
PMLE_LIVE_REPLAY_TIC|tic=5162|mle_ms=8.747|monotonic_ms=10|clock_delta_ms=1.253|
clock_suspect=0
PMLE_LIVE_REPLAY_TIC|tic=5163|mle_ms=10.28|monotonic_ms=10|clock_delta_ms=.28|cl
ock_suspect=0
PMLE_LIVE_REPLAY_TIC|tic=5164|mle_ms=12.107|monotonic_ms=10|clock_delta_ms=2.107
|clock_suspect=0
PMLE_LIVE_REPLAY_TIC|tic=5165|mle_ms=10.007|monotonic_ms=10|clock_delta_ms=.007|
clock_suspect=0
PMLE_LIVE_REPLAY_TIC|tic=5166|mle_ms=12.608|monotonic_ms=20|clock_delta_ms=7.392
|clock_suspect=0
PMLE_LIVE_REPLAY_TIC|tic=5167|mle_ms=10.344|monotonic_ms=10|clock_delta_ms=.344|
clock_suspect=0
PMLE_LIVE_REPLAY_TIC|tic=5168|mle_ms=9.488|monotonic_ms=10|clock_delta_ms=.512|c
lock_suspect=0
PMLE_LIVE_REPLAY_TIC|tic=5169|mle_ms=9.414|monotonic_ms=0|clock_delta_ms=9.414|c
lock_suspect=0
PMLE_LIVE_REPLAY_TIC|tic=5170|mle_ms=9.799|monotonic_ms=10|clock_delta_ms=.201|c
lock_suspect=0
PMLE_LIVE_REPLAY_TIC|tic=5171|mle_ms=10.046|monotonic_ms=10|clock_delta_ms=.046|
clock_suspect=0
PMLE_LIVE_REPLAY_TIC|tic=5172|mle_ms=11.938|monotonic_ms=20|clock_delta_ms=8.062
|clock_suspect=0
PMLE_LIVE_REPLAY_TIC|tic=5173|mle_ms=11.87|monotonic_ms=10|clock_delta_ms=1.87|c
lock_suspect=0
PMLE_LIVE_REPLAY_TIC|tic=5174|mle_ms=12.212|monotonic_ms=10|clock_delta_ms=2.212
|clock_suspect=0
PMLE_LIVE_REPLAY_TIC|tic=5175|mle_ms=11.918|monotonic_ms=10|clock_delta_ms=1.918
|clock_suspect=0
PMLE_LIVE_REPLAY_TIC|tic=5176|mle_ms=14.73|monotonic_ms=20|clock_delta_ms=5.27|c
lock_suspect=0
PMLE_LIVE_REPLAY_TIC|tic=5177|mle_ms=10.345|monotonic_ms=10|clock_delta_ms=.345|
clock_suspect=0
PMLE_LIVE_REPLAY_TIC|tic=5178|mle_ms=11.287|monotonic_ms=10|clock_delta_ms=1.287
|clock_suspect=0
PMLE_LIVE_REPLAY_TIC|tic=5179|mle_ms=11.918|monotonic_ms=10|clock_delta_ms=1.918
|clock_suspect=0
PMLE_LIVE_REPLAY_TIC|tic=5180|mle_ms=11.859|monotonic_ms=10|clock_delta_ms=1.859
|clock_suspect=0
PMLE_LIVE_REPLAY_TIC|tic=5181|mle_ms=11.596|monotonic_ms=20|clock_delta_ms=8.404
|clock_suspect=0
PMLE_LIVE_REPLAY_TIC|tic=5182|mle_ms=13.19|monotonic_ms=10|clock_delta_ms=3.19|c
lock_suspect=0
PMLE_LIVE_REPLAY_TIC|tic=5183|mle_ms=12.9|monotonic_ms=10|clock_delta_ms=2.9|clo
ck_suspect=0
PMLE_LIVE_REPLAY_TIC|tic=5184|mle_ms=13.968|monotonic_ms=20|clock_delta_ms=6.032
|clock_suspect=0
PMLE_LIVE_REPLAY_TIC|tic=5185|mle_ms=12.243|monotonic_ms=10|clock_delta_ms=2.243
|clock_suspect=0
PMLE_LIVE_REPLAY_TIC|tic=5186|mle_ms=12.841|monotonic_ms=10|clock_delta_ms=2.841
|clock_suspect=0
PMLE_LIVE_REPLAY_TIC|tic=5187|mle_ms=10.618|monotonic_ms=10|clock_delta_ms=.618|
clock_suspect=0
PMLE_LIVE_REPLAY_TIC|tic=5188|mle_ms=15.141|monotonic_ms=20|clock_delta_ms=4.859
|clock_suspect=0
PMLE_LIVE_REPLAY_TIC|tic=5189|mle_ms=12.181|monotonic_ms=10|clock_delta_ms=2.181
|clock_suspect=0
PMLE_LIVE_REPLAY_TIC|tic=5190|mle_ms=12.174|monotonic_ms=10|clock_delta_ms=2.174
|clock_suspect=0
PMLE_LIVE_REPLAY_TIC|tic=5191|mle_ms=12.691|monotonic_ms=10|clock_delta_ms=2.691
|clock_suspect=0
PMLE_LIVE_REPLAY_TIC|tic=5192|mle_ms=12.548|monotonic_ms=20|clock_delta_ms=7.452
|clock_suspect=0
PMLE_LIVE_REPLAY_TIC|tic=5193|mle_ms=11.263|monotonic_ms=10|clock_delta_ms=1.263
|clock_suspect=0
PMLE_LIVE_REPLAY_TIC|tic=5194|mle_ms=13.226|monotonic_ms=10|clock_delta_ms=3.226
|clock_suspect=0
PMLE_LIVE_REPLAY_TIC|tic=5195|mle_ms=11.666|monotonic_ms=10|clock_delta_ms=1.666
|clock_suspect=0
PMLE_LIVE_REPLAY_TIC|tic=5196|mle_ms=15.394|monotonic_ms=20|clock_delta_ms=4.606
|clock_suspect=0
PMLE_LIVE_REPLAY_TIC|tic=5197|mle_ms=11.016|monotonic_ms=10|clock_delta_ms=1.016
|clock_suspect=0
PMLE_LIVE_REPLAY_TIC|tic=5198|mle_ms=11.154|monotonic_ms=10|clock_delta_ms=1.154
|clock_suspect=0
PMLE_LIVE_REPLAY_TIC|tic=5199|mle_ms=10.954|monotonic_ms=10|clock_delta_ms=.954|
clock_suspect=0
PMLE_LIVE_REPLAY_TIC|tic=5200|mle_ms=10.912|monotonic_ms=10|clock_delta_ms=.912|
clock_suspect=0
PMLE_LIVE_REPLAY_TIC|tic=5201|mle_ms=11.042|monotonic_ms=10|clock_delta_ms=1.042
|clock_suspect=0
PMLE_LIVE_REPLAY_TIC|tic=5202|mle_ms=13.786|monotonic_ms=10|clock_delta_ms=3.786
|clock_suspect=0
PMLE_LIVE_REPLAY_TIC|tic=5203|mle_ms=15.432|monotonic_ms=20|clock_delta_ms=4.568
|clock_suspect=0
PMLE_LIVE_REPLAY_TIC|tic=5204|mle_ms=13.501|monotonic_ms=10|clock_delta_ms=3.501
|clock_suspect=0
PMLE_LIVE_REPLAY_TIC|tic=5205|mle_ms=10.492|monotonic_ms=10|clock_delta_ms=.492|
clock_suspect=0
PMLE_LIVE_REPLAY_TIC|tic=5206|mle_ms=11.757|monotonic_ms=10|clock_delta_ms=1.757
|clock_suspect=0
PMLE_LIVE_REPLAY_TIC|tic=5207|mle_ms=9.434|monotonic_ms=10|clock_delta_ms=.566|c
lock_suspect=0
PMLE_LIVE_REPLAY_TIC|tic=5208|mle_ms=10.048|monotonic_ms=10|clock_delta_ms=.048|
clock_suspect=0
PMLE_LIVE_REPLAY_TIC|tic=5209|mle_ms=9.838|monotonic_ms=10|clock_delta_ms=.162|c
lock_suspect=0
PMLE_LIVE_REPLAY_TIC|tic=5210|mle_ms=8.113|monotonic_ms=10|clock_delta_ms=1.887|
clock_suspect=0
PMLE_LIVE_REPLAY_TIC|tic=5211|mle_ms=8.11|monotonic_ms=10|clock_delta_ms=1.89|cl
ock_suspect=0
PMLE_LIVE_REPLAY_TIC|tic=5212|mle_ms=13.567|monotonic_ms=10|clock_delta_ms=3.567
|clock_suspect=0
PMLE_LIVE_REPLAY_TIC|tic=5213|mle_ms=11.318|monotonic_ms=10|clock_delta_ms=1.318
|clock_suspect=0
PMLE_LIVE_REPLAY_TIC|tic=5214|mle_ms=12.067|monotonic_ms=20|clock_delta_ms=7.933
|clock_suspect=0
PMLE_LIVE_REPLAY_TIC|tic=5215|mle_ms=10.583|monotonic_ms=10|clock_delta_ms=.583|
clock_suspect=0
PMLE_LIVE_REPLAY_TIC|tic=5216|mle_ms=11.118|monotonic_ms=10|clock_delta_ms=1.118
|clock_suspect=0
PMLE_LIVE_REPLAY_TIC|tic=5217|mle_ms=8.943|monotonic_ms=10|clock_delta_ms=1.057|
clock_suspect=0
PMLE_LIVE_REPLAY_TIC|tic=5218|mle_ms=9.665|monotonic_ms=10|clock_delta_ms=.335|c
lock_suspect=0
PMLE_LIVE_REPLAY_TIC|tic=5219|mle_ms=8.999|monotonic_ms=10|clock_delta_ms=1.001|
clock_suspect=0
PMLE_LIVE_REPLAY_TIC|tic=5220|mle_ms=8.778|monotonic_ms=0|clock_delta_ms=8.778|c
lock_suspect=0
PMLE_LIVE_REPLAY_TIC|tic=5221|mle_ms=9.537|monotonic_ms=0|clock_delta_ms=9.537|c
lock_suspect=0
PMLE_LIVE_REPLAY_TIC|tic=5222|mle_ms=11.123|monotonic_ms=20|clock_delta_ms=8.877
|clock_suspect=0
PMLE_LIVE_REPLAY_TIC|tic=5223|mle_ms=10.888|monotonic_ms=10|clock_delta_ms=.888|
clock_suspect=0
PMLE_LIVE_REPLAY_TIC|tic=5224|mle_ms=11.303|monotonic_ms=10|clock_delta_ms=1.303
|clock_suspect=0
PMLE_LIVE_REPLAY_TIC|tic=5225|mle_ms=10.78|monotonic_ms=10|clock_delta_ms=.78|cl
ock_suspect=0
PMLE_LIVE_REPLAY_TIC|tic=5226|mle_ms=12.245|monotonic_ms=10|clock_delta_ms=2.245
|clock_suspect=0
PMLE_LIVE_REPLAY_TIC|tic=5227|mle_ms=9.97|monotonic_ms=10|clock_delta_ms=.03|clo
ck_suspect=0
PMLE_LIVE_REPLAY_TIC|tic=5228|mle_ms=9.901|monotonic_ms=10|clock_delta_ms=.099|c
lock_suspect=0
PMLE_LIVE_REPLAY_TIC|tic=5229|mle_ms=9.132|monotonic_ms=10|clock_delta_ms=.868|c
lock_suspect=0
PMLE_LIVE_REPLAY_TIC|tic=5230|mle_ms=9.912|monotonic_ms=10|clock_delta_ms=.088|c
lock_suspect=0
PMLE_LIVE_REPLAY_TIC|tic=5231|mle_ms=11.059|monotonic_ms=10|clock_delta_ms=1.059
|clock_suspect=0
PMLE_LIVE_REPLAY_TIC|tic=5232|mle_ms=11.511|monotonic_ms=10|clock_delta_ms=1.511
|clock_suspect=0
PMLE_LIVE_REPLAY_TIC|tic=5233|mle_ms=11.691|monotonic_ms=20|clock_delta_ms=8.309
|clock_suspect=0
PMLE_LIVE_REPLAY_TIC|tic=5234|mle_ms=13.136|monotonic_ms=10|clock_delta_ms=3.136
|clock_suspect=0
PMLE_LIVE_REPLAY_TIC|tic=5235|mle_ms=10.582|monotonic_ms=10|clock_delta_ms=.582|
clock_suspect=0
PMLE_LIVE_REPLAY_TIC|tic=5236|mle_ms=14.685|monotonic_ms=10|clock_delta_ms=4.685
|clock_suspect=0
PMLE_LIVE_REPLAY_TIC|tic=5237|mle_ms=10.208|monotonic_ms=10|clock_delta_ms=.208|
clock_suspect=0
PMLE_LIVE_REPLAY_TIC|tic=5238|mle_ms=11.121|monotonic_ms=20|clock_delta_ms=8.879
|clock_suspect=0
PMLE_LIVE_REPLAY_TIC|tic=5239|mle_ms=11.145|monotonic_ms=10|clock_delta_ms=1.145
|clock_suspect=0
PMLE_LIVE_REPLAY_TIC|tic=5240|mle_ms=11.314|monotonic_ms=10|clock_delta_ms=1.314
|clock_suspect=0
PMLE_LIVE_REPLAY_TIC|tic=5241|mle_ms=10.379|monotonic_ms=10|clock_delta_ms=.379|
clock_suspect=0
PMLE_LIVE_REPLAY_TIC|tic=5242|mle_ms=10.931|monotonic_ms=10|clock_delta_ms=.931|
clock_suspect=0
PMLE_LIVE_REPLAY_TIC|tic=5243|mle_ms=10.508|monotonic_ms=10|clock_delta_ms=.508|
clock_suspect=0
PMLE_LIVE_REPLAY_TIC|tic=5244|mle_ms=11.301|monotonic_ms=10|clock_delta_ms=1.301
|clock_suspect=0
PMLE_LIVE_REPLAY_TIC|tic=5245|mle_ms=10.422|monotonic_ms=10|clock_delta_ms=.422|
clock_suspect=0
PMLE_LIVE_REPLAY_TIC|tic=5246|mle_ms=10.981|monotonic_ms=10|clock_delta_ms=.981|
clock_suspect=0
PMLE_LIVE_REPLAY_TIC|tic=5247|mle_ms=9.519|monotonic_ms=10|clock_delta_ms=.481|c
lock_suspect=0
PMLE_LIVE_REPLAY_TIC|tic=5248|mle_ms=10.435|monotonic_ms=10|clock_delta_ms=.435|
clock_suspect=0
PMLE_LIVE_REPLAY_TIC|tic=5249|mle_ms=10.512|monotonic_ms=10|clock_delta_ms=.512|
clock_suspect=0
PMLE_LIVE_REPLAY_TIC|tic=5250|mle_ms=10.565|monotonic_ms=10|clock_delta_ms=.565|
clock_suspect=0
PMLE_LIVE_REPLAY_CLOCK|tics=5250|disagreement_limit_ms=30|suspects=15|maximum_su
spects=26|verdict=PASS
PMLE_LIVE_REPLAY_TICKER|stream=live-dm-2026-07-23|tics=5250|p50_ms=39.097|p95_ms
=146.868|p99_ms=211.535|max_ms=566.04|throughput_tps=18.856|monotonic_centisecon
ds=28024|monotonic_tps=18.734
PMLE_LIVE_REPLAY_WINDOW|through_tic=100|tics=100|wall_ms=7470.467|monotonic_cent
iseconds=758|monotonic_tps=13.193|memory=iwadBytes=28795076|frameBytes=64000|thi
nkers=247|mobjs=238|killMonsters=29|livingMonsters=29|awakeMonsters=9|movingMons
ters=0|vertexes=1196|segs=2057|sectors=182|subsectors=682|nodes=681|lines=1175|s
ides=1829|blockmapInts=3764|blocklinks=864|rejectBytes=4141
PMLE_LIVE_REPLAY_WINDOW|through_tic=200|tics=100|wall_ms=11109.276|monotonic_cen
tiseconds=1111|monotonic_tps=9.001|memory=iwadBytes=28795076|frameBytes=64000|th
inkers=254|mobjs=243|killMonsters=29|livingMonsters=28|awakeMonsters=20|movingMo
nsters=2|vertexes=1196|segs=2057|sectors=182|subsectors=682|nodes=681|lines=1175
|sides=1829|blockmapInts=3764|blocklinks=864|rejectBytes=4141
PMLE_LIVE_REPLAY_WINDOW|through_tic=300|tics=100|wall_ms=14356.538|monotonic_cen
tiseconds=1449|monotonic_tps=6.901|memory=iwadBytes=28795076|frameBytes=64000|th
inkers=253|mobjs=243|killMonsters=29|livingMonsters=28|awakeMonsters=20|movingMo
nsters=1|vertexes=1196|segs=2057|sectors=182|subsectors=682|nodes=681|lines=1175
|sides=1829|blockmapInts=3764|blocklinks=864|rejectBytes=4141
PMLE_LIVE_REPLAY_WINDOW|through_tic=400|tics=100|wall_ms=13785.085|monotonic_cen
tiseconds=1390|monotonic_tps=7.194|memory=iwadBytes=28795076|frameBytes=64000|th
inkers=250|mobjs=240|killMonsters=29|livingMonsters=28|awakeMonsters=20|movingMo
nsters=0|vertexes=1196|segs=2057|sectors=182|subsectors=682|nodes=681|lines=1175
|sides=1829|blockmapInts=3764|blocklinks=864|rejectBytes=4141
PMLE_LIVE_REPLAY_WINDOW|through_tic=500|tics=100|wall_ms=12879.937|monotonic_cen
tiseconds=1288|monotonic_tps=7.764|memory=iwadBytes=28795076|frameBytes=64000|th
inkers=248|mobjs=239|killMonsters=29|livingMonsters=28|awakeMonsters=20|movingMo
nsters=0|vertexes=1196|segs=2057|sectors=182|subsectors=682|nodes=681|lines=1175
|sides=1829|blockmapInts=3764|blocklinks=864|rejectBytes=4141
PMLE_LIVE_REPLAY_WINDOW|through_tic=600|tics=100|wall_ms=10708.825|monotonic_cen
tiseconds=1084|monotonic_tps=9.225|memory=iwadBytes=28795076|frameBytes=64000|th
inkers=247|mobjs=238|killMonsters=29|livingMonsters=28|awakeMonsters=20|movingMo
nsters=0|vertexes=1196|segs=2057|sectors=182|subsectors=682|nodes=681|lines=1175
|sides=1829|blockmapInts=3764|blocklinks=864|rejectBytes=4141
PMLE_LIVE_REPLAY_WINDOW|through_tic=700|tics=100|wall_ms=11449.884|monotonic_cen
tiseconds=1158|monotonic_tps=8.636|memory=iwadBytes=28795076|frameBytes=64000|th
inkers=249|mobjs=239|killMonsters=29|livingMonsters=28|awakeMonsters=20|movingMo
nsters=0|vertexes=1196|segs=2057|sectors=182|subsectors=682|nodes=681|lines=1175
|sides=1829|blockmapInts=3764|blocklinks=864|rejectBytes=4141
PMLE_LIVE_REPLAY_WINDOW|through_tic=800|tics=100|wall_ms=6702.489|monotonic_cent
iseconds=670|monotonic_tps=14.925|memory=iwadBytes=28795076|frameBytes=64000|thi
nkers=240|mobjs=231|killMonsters=29|livingMonsters=28|awakeMonsters=20|movingMon
sters=2|vertexes=1196|segs=2057|sectors=182|subsectors=682|nodes=681|lines=1175|
sides=1829|blockmapInts=3764|blocklinks=864|rejectBytes=4141
PMLE_LIVE_REPLAY_WINDOW|through_tic=900|tics=100|wall_ms=6424.737|monotonic_cent
iseconds=642|monotonic_tps=15.576|memory=iwadBytes=28795076|frameBytes=64000|thi
nkers=241|mobjs=232|killMonsters=29|livingMonsters=27|awakeMonsters=19|movingMon
sters=0|vertexes=1196|segs=2057|sectors=182|subsectors=682|nodes=681|lines=1175|
sides=1829|blockmapInts=3764|blocklinks=864|rejectBytes=4141
PMLE_LIVE_REPLAY_WINDOW|through_tic=1000|tics=100|wall_ms=6307.364|monotonic_cen
tiseconds=643|monotonic_tps=15.552|memory=iwadBytes=28795076|frameBytes=64000|th
inkers=241|mobjs=231|killMonsters=29|livingMonsters=26|awakeMonsters=18|movingMo
nsters=0|vertexes=1196|segs=2057|sectors=182|subsectors=682|nodes=681|lines=1175
|sides=1829|blockmapInts=3764|blocklinks=864|rejectBytes=4141
PMLE_LIVE_REPLAY_WINDOW|through_tic=1100|tics=100|wall_ms=5510.519|monotonic_cen
tiseconds=551|monotonic_tps=18.149|memory=iwadBytes=28795076|frameBytes=64000|th
inkers=238|mobjs=228|killMonsters=29|livingMonsters=24|awakeMonsters=18|movingMo
nsters=0|vertexes=1196|segs=2057|sectors=182|subsectors=682|nodes=681|lines=1175
|sides=1829|blockmapInts=3764|blocklinks=864|rejectBytes=4141
PMLE_LIVE_REPLAY_WINDOW|through_tic=1200|tics=100|wall_ms=4856.298|monotonic_cen
tiseconds=486|monotonic_tps=20.576|memory=iwadBytes=28795076|frameBytes=64000|th
inkers=244|mobjs=234|killMonsters=29|livingMonsters=21|awakeMonsters=15|movingMo
nsters=0|vertexes=1196|segs=2057|sectors=182|subsectors=682|nodes=681|lines=1175
|sides=1829|blockmapInts=3764|blocklinks=864|rejectBytes=4141
PMLE_LIVE_REPLAY_WINDOW|through_tic=1300|tics=100|wall_ms=3037.071|monotonic_cen
tiseconds=304|monotonic_tps=32.895|memory=iwadBytes=28795076|frameBytes=64000|th
inkers=237|mobjs=227|killMonsters=29|livingMonsters=21|awakeMonsters=15|movingMo
nsters=0|vertexes=1196|segs=2057|sectors=182|subsectors=682|nodes=681|lines=1175
|sides=1829|blockmapInts=3764|blocklinks=864|rejectBytes=4141
PMLE_LIVE_REPLAY_WINDOW|through_tic=1400|tics=100|wall_ms=2419.672|monotonic_cen
tiseconds=242|monotonic_tps=41.322|memory=iwadBytes=28795076|frameBytes=64000|th
inkers=237|mobjs=227|killMonsters=29|livingMonsters=21|awakeMonsters=15|movingMo
nsters=0|vertexes=1196|segs=2057|sectors=182|subsectors=682|nodes=681|lines=1175
|sides=1829|blockmapInts=3764|blocklinks=864|rejectBytes=4141
PMLE_LIVE_REPLAY_WINDOW|through_tic=1500|tics=100|wall_ms=4229.248|monotonic_cen
tiseconds=436|monotonic_tps=22.936|memory=iwadBytes=28795076|frameBytes=64000|th
inkers=235|mobjs=226|killMonsters=29|livingMonsters=21|awakeMonsters=15|movingMo
nsters=0|vertexes=1196|segs=2057|sectors=182|subsectors=682|nodes=681|lines=1175
|sides=1829|blockmapInts=3764|blocklinks=864|rejectBytes=4141
PMLE_LIVE_REPLAY_WINDOW|through_tic=1600|tics=100|wall_ms=4748.343|monotonic_cen
tiseconds=475|monotonic_tps=21.053|memory=iwadBytes=28795076|frameBytes=64000|th
inkers=239|mobjs=229|killMonsters=29|livingMonsters=21|awakeMonsters=15|movingMo
nsters=0|vertexes=1196|segs=2057|sectors=182|subsectors=682|nodes=681|lines=1175
|sides=1829|blockmapInts=3764|blocklinks=864|rejectBytes=4141
PMLE_LIVE_REPLAY_WINDOW|through_tic=1700|tics=100|wall_ms=8650.557|monotonic_cen
tiseconds=865|monotonic_tps=11.561|memory=iwadBytes=28795076|frameBytes=64000|th
inkers=239|mobjs=229|killMonsters=29|livingMonsters=19|awakeMonsters=17|movingMo
nsters=0|vertexes=1196|segs=2057|sectors=182|subsectors=682|nodes=681|lines=1175
|sides=1829|blockmapInts=3764|blocklinks=864|rejectBytes=4141
PMLE_LIVE_REPLAY_WINDOW|through_tic=1800|tics=100|wall_ms=5327.805|monotonic_cen
tiseconds=533|monotonic_tps=18.762|memory=iwadBytes=28795076|frameBytes=64000|th
inkers=242|mobjs=232|killMonsters=29|livingMonsters=18|awakeMonsters=16|movingMo
nsters=1|vertexes=1196|segs=2057|sectors=182|subsectors=682|nodes=681|lines=1175
|sides=1829|blockmapInts=3764|blocklinks=864|rejectBytes=4141
PMLE_LIVE_REPLAY_WINDOW|through_tic=1900|tics=100|wall_ms=6189.765|monotonic_cen
tiseconds=631|monotonic_tps=15.848|memory=iwadBytes=28795076|frameBytes=64000|th
inkers=235|mobjs=226|killMonsters=29|livingMonsters=18|awakeMonsters=16|movingMo
nsters=1|vertexes=1196|segs=2057|sectors=182|subsectors=682|nodes=681|lines=1175
|sides=1829|blockmapInts=3764|blocklinks=864|rejectBytes=4141
PMLE_LIVE_REPLAY_WINDOW|through_tic=2000|tics=100|wall_ms=6158.856|monotonic_cen
tiseconds=616|monotonic_tps=16.234|memory=iwadBytes=28795076|frameBytes=64000|th
inkers=234|mobjs=225|killMonsters=29|livingMonsters=17|awakeMonsters=15|movingMo
nsters=0|vertexes=1196|segs=2057|sectors=182|subsectors=682|nodes=681|lines=1175
|sides=1829|blockmapInts=3764|blocklinks=864|rejectBytes=4141
PMLE_LIVE_REPLAY_WINDOW|through_tic=2100|tics=100|wall_ms=5304.201|monotonic_cen
tiseconds=531|monotonic_tps=18.832|memory=iwadBytes=28795076|frameBytes=64000|th
inkers=234|mobjs=225|killMonsters=29|livingMonsters=17|awakeMonsters=15|movingMo
nsters=0|vertexes=1196|segs=2057|sectors=182|subsectors=682|nodes=681|lines=1175
|sides=1829|blockmapInts=3764|blocklinks=864|rejectBytes=4141
PMLE_LIVE_REPLAY_WINDOW|through_tic=2200|tics=100|wall_ms=5446.929|monotonic_cen
tiseconds=557|monotonic_tps=17.953|memory=iwadBytes=28795076|frameBytes=64000|th
inkers=234|mobjs=225|killMonsters=29|livingMonsters=17|awakeMonsters=15|movingMo
nsters=0|vertexes=1196|segs=2057|sectors=182|subsectors=682|nodes=681|lines=1175
|sides=1829|blockmapInts=3764|blocklinks=864|rejectBytes=4141
PMLE_LIVE_REPLAY_WINDOW|through_tic=2300|tics=100|wall_ms=4357.329|monotonic_cen
tiseconds=436|monotonic_tps=22.936|memory=iwadBytes=28795076|frameBytes=64000|th
inkers=234|mobjs=225|killMonsters=29|livingMonsters=17|awakeMonsters=15|movingMo
nsters=0|vertexes=1196|segs=2057|sectors=182|subsectors=682|nodes=681|lines=1175
|sides=1829|blockmapInts=3764|blocklinks=864|rejectBytes=4141
PMLE_LIVE_REPLAY_WINDOW|through_tic=2400|tics=100|wall_ms=5967.829|monotonic_cen
tiseconds=597|monotonic_tps=16.75|memory=iwadBytes=28795076|frameBytes=64000|thi
nkers=235|mobjs=225|killMonsters=29|livingMonsters=17|awakeMonsters=15|movingMon
sters=0|vertexes=1196|segs=2057|sectors=182|subsectors=682|nodes=681|lines=1175|
sides=1829|blockmapInts=3764|blocklinks=864|rejectBytes=4141
PMLE_LIVE_REPLAY_WINDOW|through_tic=2500|tics=100|wall_ms=5264.873|monotonic_cen
tiseconds=526|monotonic_tps=19.011|memory=iwadBytes=28795076|frameBytes=64000|th
inkers=237|mobjs=227|killMonsters=29|livingMonsters=17|awakeMonsters=15|movingMo
nsters=0|vertexes=1196|segs=2057|sectors=182|subsectors=682|nodes=681|lines=1175
|sides=1829|blockmapInts=3764|blocklinks=864|rejectBytes=4141
PMLE_LIVE_REPLAY_WINDOW|through_tic=2600|tics=100|wall_ms=4382.829|monotonic_cen
tiseconds=451|monotonic_tps=22.173|memory=iwadBytes=28795076|frameBytes=64000|th
inkers=238|mobjs=228|killMonsters=29|livingMonsters=17|awakeMonsters=15|movingMo
nsters=0|vertexes=1196|segs=2057|sectors=182|subsectors=682|nodes=681|lines=1175
|sides=1829|blockmapInts=3764|blocklinks=864|rejectBytes=4141
PMLE_LIVE_REPLAY_WINDOW|through_tic=2700|tics=100|wall_ms=6998.985|monotonic_cen
tiseconds=700|monotonic_tps=14.286|memory=iwadBytes=28795076|frameBytes=64000|th
inkers=236|mobjs=227|killMonsters=29|livingMonsters=17|awakeMonsters=15|movingMo
nsters=0|vertexes=1196|segs=2057|sectors=182|subsectors=682|nodes=681|lines=1175
|sides=1829|blockmapInts=3764|blocklinks=864|rejectBytes=4141
PMLE_LIVE_REPLAY_WINDOW|through_tic=2800|tics=100|wall_ms=6540.398|monotonic_cen
tiseconds=654|monotonic_tps=15.291|memory=iwadBytes=28795076|frameBytes=64000|th
inkers=234|mobjs=225|killMonsters=29|livingMonsters=17|awakeMonsters=15|movingMo
nsters=0|vertexes=1196|segs=2057|sectors=182|subsectors=682|nodes=681|lines=1175
|sides=1829|blockmapInts=3764|blocklinks=864|rejectBytes=4141
PMLE_LIVE_REPLAY_WINDOW|through_tic=2900|tics=100|wall_ms=5658.964|monotonic_cen
tiseconds=578|monotonic_tps=17.301|memory=iwadBytes=28795076|frameBytes=64000|th
inkers=234|mobjs=225|killMonsters=29|livingMonsters=17|awakeMonsters=15|movingMo
nsters=0|vertexes=1196|segs=2057|sectors=182|subsectors=682|nodes=681|lines=1175
|sides=1829|blockmapInts=3764|blocklinks=864|rejectBytes=4141
PMLE_LIVE_REPLAY_WINDOW|through_tic=3000|tics=100|wall_ms=5730.937|monotonic_cen
tiseconds=573|monotonic_tps=17.452|memory=iwadBytes=28795076|frameBytes=64000|th
inkers=234|mobjs=225|killMonsters=29|livingMonsters=17|awakeMonsters=15|movingMo
nsters=0|vertexes=1196|segs=2057|sectors=182|subsectors=682|nodes=681|lines=1175
|sides=1829|blockmapInts=3764|blocklinks=864|rejectBytes=4141
PMLE_LIVE_REPLAY_WINDOW|through_tic=3100|tics=100|wall_ms=5669.256|monotonic_cen
tiseconds=567|monotonic_tps=17.637|memory=iwadBytes=28795076|frameBytes=64000|th
inkers=234|mobjs=225|killMonsters=29|livingMonsters=17|awakeMonsters=15|movingMo
nsters=0|vertexes=1196|segs=2057|sectors=182|subsectors=682|nodes=681|lines=1175
|sides=1829|blockmapInts=3764|blocklinks=864|rejectBytes=4141
PMLE_LIVE_REPLAY_WINDOW|through_tic=3200|tics=100|wall_ms=4577.099|monotonic_cen
tiseconds=457|monotonic_tps=21.882|memory=iwadBytes=28795076|frameBytes=64000|th
inkers=236|mobjs=226|killMonsters=29|livingMonsters=17|awakeMonsters=15|movingMo
nsters=0|vertexes=1196|segs=2057|sectors=182|subsectors=682|nodes=681|lines=1175
|sides=1829|blockmapInts=3764|blocklinks=864|rejectBytes=4141
PMLE_LIVE_REPLAY_WINDOW|through_tic=3300|tics=100|wall_ms=8262.525|monotonic_cen
tiseconds=839|monotonic_tps=11.919|memory=iwadBytes=28795076|frameBytes=64000|th
inkers=236|mobjs=226|killMonsters=29|livingMonsters=17|awakeMonsters=15|movingMo
nsters=0|vertexes=1196|segs=2057|sectors=182|subsectors=682|nodes=681|lines=1175
|sides=1829|blockmapInts=3764|blocklinks=864|rejectBytes=4141
PMLE_LIVE_REPLAY_WINDOW|through_tic=3400|tics=100|wall_ms=4486.214|monotonic_cen
tiseconds=459|monotonic_tps=21.786|memory=iwadBytes=28795076|frameBytes=64000|th
inkers=235|mobjs=225|killMonsters=29|livingMonsters=17|awakeMonsters=15|movingMo
nsters=0|vertexes=1196|segs=2057|sectors=182|subsectors=682|nodes=681|lines=1175
|sides=1829|blockmapInts=3764|blocklinks=864|rejectBytes=4141
PMLE_LIVE_REPLAY_WINDOW|through_tic=3500|tics=100|wall_ms=8257.245|monotonic_cen
tiseconds=826|monotonic_tps=12.107|memory=iwadBytes=28795076|frameBytes=64000|th
inkers=240|mobjs=231|killMonsters=29|livingMonsters=17|awakeMonsters=15|movingMo
nsters=0|vertexes=1196|segs=2057|sectors=182|subsectors=682|nodes=681|lines=1175
|sides=1829|blockmapInts=3764|blocklinks=864|rejectBytes=4141
PMLE_LIVE_REPLAY_WINDOW|through_tic=3600|tics=100|wall_ms=4988.956|monotonic_cen
tiseconds=499|monotonic_tps=20.04|memory=iwadBytes=28795076|frameBytes=64000|thi
nkers=234|mobjs=225|killMonsters=29|livingMonsters=17|awakeMonsters=15|movingMon
sters=0|vertexes=1196|segs=2057|sectors=182|subsectors=682|nodes=681|lines=1175|
sides=1829|blockmapInts=3764|blocklinks=864|rejectBytes=4141
PMLE_LIVE_REPLAY_WINDOW|through_tic=3700|tics=100|wall_ms=4546.952|monotonic_cen
tiseconds=455|monotonic_tps=21.978|memory=iwadBytes=28795076|frameBytes=64000|th
inkers=234|mobjs=225|killMonsters=29|livingMonsters=17|awakeMonsters=15|movingMo
nsters=0|vertexes=1196|segs=2057|sectors=182|subsectors=682|nodes=681|lines=1175
|sides=1829|blockmapInts=3764|blocklinks=864|rejectBytes=4141
PMLE_LIVE_REPLAY_WINDOW|through_tic=3800|tics=100|wall_ms=4382.34|monotonic_cent
iseconds=451|monotonic_tps=22.173|memory=iwadBytes=28795076|frameBytes=64000|thi
nkers=234|mobjs=225|killMonsters=29|livingMonsters=17|awakeMonsters=15|movingMon
sters=0|vertexes=1196|segs=2057|sectors=182|subsectors=682|nodes=681|lines=1175|
sides=1829|blockmapInts=3764|blocklinks=864|rejectBytes=4141
PMLE_LIVE_REPLAY_WINDOW|through_tic=3900|tics=100|wall_ms=3807.371|monotonic_cen
tiseconds=381|monotonic_tps=26.247|memory=iwadBytes=28795076|frameBytes=64000|th
inkers=235|mobjs=226|killMonsters=29|livingMonsters=17|awakeMonsters=15|movingMo
nsters=0|vertexes=1196|segs=2057|sectors=182|subsectors=682|nodes=681|lines=1175
|sides=1829|blockmapInts=3764|blocklinks=864|rejectBytes=4141
PMLE_LIVE_REPLAY_WINDOW|through_tic=4000|tics=100|wall_ms=3622.682|monotonic_cen
tiseconds=362|monotonic_tps=27.624|memory=iwadBytes=28795076|frameBytes=64000|th
inkers=236|mobjs=227|killMonsters=29|livingMonsters=17|awakeMonsters=15|movingMo
nsters=0|vertexes=1196|segs=2057|sectors=182|subsectors=682|nodes=681|lines=1175
|sides=1829|blockmapInts=3764|blocklinks=864|rejectBytes=4141
PMLE_LIVE_REPLAY_WINDOW|through_tic=4100|tics=100|wall_ms=3387.601|monotonic_cen
tiseconds=339|monotonic_tps=29.499|memory=iwadBytes=28795076|frameBytes=64000|th
inkers=236|mobjs=227|killMonsters=29|livingMonsters=17|awakeMonsters=15|movingMo
nsters=0|vertexes=1196|segs=2057|sectors=182|subsectors=682|nodes=681|lines=1175
|sides=1829|blockmapInts=3764|blocklinks=864|rejectBytes=4141
PMLE_LIVE_REPLAY_WINDOW|through_tic=4200|tics=100|wall_ms=1686.886|monotonic_cen
tiseconds=168|monotonic_tps=59.524|memory=iwadBytes=28795076|frameBytes=64000|th
inkers=234|mobjs=225|killMonsters=29|livingMonsters=17|awakeMonsters=15|movingMo
nsters=0|vertexes=1196|segs=2057|sectors=182|subsectors=682|nodes=681|lines=1175
|sides=1829|blockmapInts=3764|blocklinks=864|rejectBytes=4141
PMLE_LIVE_REPLAY_WINDOW|through_tic=4300|tics=100|wall_ms=1216.433|monotonic_cen
tiseconds=121|monotonic_tps=82.645|memory=iwadBytes=28795076|frameBytes=64000|th
inkers=234|mobjs=225|killMonsters=29|livingMonsters=17|awakeMonsters=15|movingMo
nsters=0|vertexes=1196|segs=2057|sectors=182|subsectors=682|nodes=681|lines=1175
|sides=1829|blockmapInts=3764|blocklinks=864|rejectBytes=4141
PMLE_LIVE_REPLAY_WINDOW|through_tic=4400|tics=100|wall_ms=1081.811|monotonic_cen
tiseconds=108|monotonic_tps=92.593|memory=iwadBytes=28795076|frameBytes=64000|th
inkers=234|mobjs=225|killMonsters=29|livingMonsters=17|awakeMonsters=15|movingMo
nsters=0|vertexes=1196|segs=2057|sectors=182|subsectors=682|nodes=681|lines=1175
|sides=1829|blockmapInts=3764|blocklinks=864|rejectBytes=4141
PMLE_LIVE_REPLAY_WINDOW|through_tic=4500|tics=100|wall_ms=1089.75|monotonic_cent
iseconds=109|monotonic_tps=91.743|memory=iwadBytes=28795076|frameBytes=64000|thi
nkers=234|mobjs=225|killMonsters=29|livingMonsters=17|awakeMonsters=15|movingMon
sters=0|vertexes=1196|segs=2057|sectors=182|subsectors=682|nodes=681|lines=1175|
sides=1829|blockmapInts=3764|blocklinks=864|rejectBytes=4141
PMLE_LIVE_REPLAY_WINDOW|through_tic=4600|tics=100|wall_ms=923.226|monotonic_cent
iseconds=105|monotonic_tps=95.238|memory=iwadBytes=28795076|frameBytes=64000|thi
nkers=234|mobjs=225|killMonsters=29|livingMonsters=17|awakeMonsters=15|movingMon
sters=0|vertexes=1196|segs=2057|sectors=182|subsectors=682|nodes=681|lines=1175|
sides=1829|blockmapInts=3764|blocklinks=864|rejectBytes=4141
PMLE_LIVE_REPLAY_WINDOW|through_tic=4700|tics=100|wall_ms=1056.053|monotonic_cen
tiseconds=106|monotonic_tps=94.34|memory=iwadBytes=28795076|frameBytes=64000|thi
nkers=234|mobjs=225|killMonsters=29|livingMonsters=17|awakeMonsters=15|movingMon
sters=0|vertexes=1196|segs=2057|sectors=182|subsectors=682|nodes=681|lines=1175|
sides=1829|blockmapInts=3764|blocklinks=864|rejectBytes=4141
PMLE_LIVE_REPLAY_WINDOW|through_tic=4800|tics=100|wall_ms=1178.052|monotonic_cen
tiseconds=118|monotonic_tps=84.746|memory=iwadBytes=28795076|frameBytes=64000|th
inkers=234|mobjs=225|killMonsters=29|livingMonsters=17|awakeMonsters=15|movingMo
nsters=0|vertexes=1196|segs=2057|sectors=182|subsectors=682|nodes=681|lines=1175
|sides=1829|blockmapInts=3764|blocklinks=864|rejectBytes=4141
PMLE_LIVE_REPLAY_WINDOW|through_tic=4900|tics=100|wall_ms=1073.025|monotonic_cen
tiseconds=107|monotonic_tps=93.458|memory=iwadBytes=28795076|frameBytes=64000|th
inkers=234|mobjs=225|killMonsters=29|livingMonsters=17|awakeMonsters=15|movingMo
nsters=0|vertexes=1196|segs=2057|sectors=182|subsectors=682|nodes=681|lines=1175
|sides=1829|blockmapInts=3764|blocklinks=864|rejectBytes=4141
PMLE_LIVE_REPLAY_WINDOW|through_tic=5000|tics=100|wall_ms=1147.438|monotonic_cen
tiseconds=115|monotonic_tps=86.957|memory=iwadBytes=28795076|frameBytes=64000|th
inkers=234|mobjs=225|killMonsters=29|livingMonsters=17|awakeMonsters=15|movingMo
nsters=0|vertexes=1196|segs=2057|sectors=182|subsectors=682|nodes=681|lines=1175
|sides=1829|blockmapInts=3764|blocklinks=864|rejectBytes=4141
PMLE_LIVE_REPLAY_WINDOW|through_tic=5100|tics=100|wall_ms=1158.808|monotonic_cen
tiseconds=116|monotonic_tps=86.207|memory=iwadBytes=28795076|frameBytes=64000|th
inkers=234|mobjs=225|killMonsters=29|livingMonsters=17|awakeMonsters=15|movingMo
nsters=0|vertexes=1196|segs=2057|sectors=182|subsectors=682|nodes=681|lines=1175
|sides=1829|blockmapInts=3764|blocklinks=864|rejectBytes=4141
PMLE_LIVE_REPLAY_WINDOW|through_tic=5200|tics=100|wall_ms=1108.919|monotonic_cen
tiseconds=111|monotonic_tps=90.09|memory=iwadBytes=28795076|frameBytes=64000|thi
nkers=234|mobjs=225|killMonsters=29|livingMonsters=17|awakeMonsters=15|movingMon
sters=0|vertexes=1196|segs=2057|sectors=182|subsectors=682|nodes=681|lines=1175|
sides=1829|blockmapInts=3764|blocklinks=864|rejectBytes=4141
PMLE_LIVE_REPLAY_WINDOW|through_tic=5250|tics=50|wall_ms=547.924|monotonic_centi
seconds=54|monotonic_tps=92.593|memory=iwadBytes=28795076|frameBytes=64000|think
ers=234|mobjs=225|killMonsters=29|livingMonsters=17|awakeMonsters=15|movingMonst
ers=0|vertexes=1196|segs=2057|sectors=182|subsectors=682|nodes=681|lines=1175|si
des=1829|blockmapInts=3764|blocklinks=864|rejectBytes=4141
PMLE_LIVE_REPLAY_MEMORY|iwadBytes=28795076|frameBytes=64000|thinkers=234|mobjs=2
25|killMonsters=29|livingMonsters=17|awakeMonsters=15|movingMonsters=0|vertexes=
1196|segs=2057|sectors=182|subsectors=682|nodes=681|lines=1175|sides=1829|blockm
apInts=3764|blocklinks=864|rejectBytes=4141
P_GetNodesVersion: using normal BSP nodes
Max size 65990
PMLE_LIVE_REPLAY_WARM_PREFIX|after_full_tics=5250|tics=500|p50_ms=123.406|p95_ms
=261.016|p99_ms=354.506|max_ms=516.463|throughput_tps=7.482|monotonic_centisecon
ds=6719|monotonic_tps=7.442
