PMLE_HOST_QUIESCENCE|PASS|docker_builds=0|compiles=0|verifiers=0
PMLE_DECPS_ARTIFACT|sha256=2848ef7a8dc4799de7faa46bcf304f4ac3d351da97be94b144a53f3300607f29|bytes=1081331|phase=dual-clock

Session altered.


Session altered.


Session altered.


Session altered.

PMLE_ENVIRONMENT|cpu_count=2|resource_plan=DEFAULT_PLAN|cpu_managed=ON|pdb_cpu_count=2|pdb_utilization_limit=50|pdb_running_sessions_limit=2|pdb_plan=DEFAULT_CDB_PLAN

Session altered.


Session altered.


Session altered.


Session altered.

6 command-line variables
M_LoadDefaults: Load system defaults.
M_Random: Using DelegateRandom.
-iwad specified. Will be used with priority
ITicker: Using nanosecond accuracy timer.
FreeDoom: Phase 1	   v1.9
W_Init: Init WADfiles.
	added freedoom1.wad (zipped: false network: true)
VI_Init: set palettes.
Palette: 3584 colors
VI_Init: set colormaps.
Colormaps: 35
V_Init: allocate screens.
AM_Init: Init Automap colors -
===========================================================================
Copyright © 2001-2017 Contributors to the Freedoom project.
All rights reserved.
See: https://github.com/freedoom/freedoom/blob/master/COPYING.adoc
===========================================================================
Tables.InitTables: Init trigonometric LUTs.
M_Init: Init miscellaneous info.
R_Init: Init DOOM refresh daemon -
P_Init: Init Playloop state.
false NUKAGE1 NUKAGE3 8
false FWATER1 FWATER4 8
false SWATER1 SWATER4 8
false LAVA1 LAVA4 8
false BLOOD1 BLOOD3 8
false RROCK05 RROCK08 8
false SLIME01 SLIME04 8
false SLIME05 SLIME08 8
false SLIME09 SLIME12 8
I_Init: Setting up machine state.
D_CheckNetGame: Checking network game status.
startskill sk_medium  deathmatch: false  startmap: 1  startepisode: 1
player 1 of 1 (1 nodes)
S_Init: Setting up sound.
M_Random: Switching to DoomRandom (new instance)
P_GetNodesVersion: using normal BSP nodes
PMLE_LIVE_REPLAY_INIT|stream=live-dm-2026-07-23|wall_ms=41891.376
PMLE_LIVE_REPLAY_TIC|tic=1|mle_ms=60.783|monotonic_ms=60|clock_delta_ms=.783|clo
ck_suspect=0
PMLE_LIVE_REPLAY_TIC|tic=2|mle_ms=37.113|monotonic_ms=40|clock_delta_ms=2.887|cl
ock_suspect=0
PMLE_LIVE_REPLAY_TIC|tic=3|mle_ms=20.278|monotonic_ms=20|clock_delta_ms=.278|clo
ck_suspect=0
PMLE_LIVE_REPLAY_TIC|tic=4|mle_ms=45.004|monotonic_ms=40|clock_delta_ms=5.004|cl
ock_suspect=0
PMLE_LIVE_REPLAY_TIC|tic=5|mle_ms=17.119|monotonic_ms=20|clock_delta_ms=2.881|cl
ock_suspect=0
PMLE_LIVE_REPLAY_TIC|tic=6|mle_ms=26.241|monotonic_ms=30|clock_delta_ms=3.759|cl
ock_suspect=0
PMLE_LIVE_REPLAY_TIC|tic=7|mle_ms=86.452|monotonic_ms=80|clock_delta_ms=6.452|cl
ock_suspect=0
PMLE_LIVE_REPLAY_TIC|tic=8|mle_ms=33.827|monotonic_ms=40|clock_delta_ms=6.173|cl
ock_suspect=0
PMLE_LIVE_REPLAY_TIC|tic=9|mle_ms=63.135|monotonic_ms=60|clock_delta_ms=3.135|cl
ock_suspect=0
PMLE_LIVE_REPLAY_TIC|tic=10|mle_ms=136.58|monotonic_ms=140|clock_delta_ms=3.42|c
lock_suspect=0
PMLE_LIVE_REPLAY_TIC|tic=11|mle_ms=51.738|monotonic_ms=50|clock_delta_ms=1.738|c
lock_suspect=0
PMLE_LIVE_REPLAY_TIC|tic=12|mle_ms=36.444|monotonic_ms=40|clock_delta_ms=3.556|c
lock_suspect=0
PMLE_LIVE_REPLAY_TIC|tic=13|mle_ms=94.718|monotonic_ms=90|clock_delta_ms=4.718|c
lock_suspect=0
PMLE_LIVE_REPLAY_TIC|tic=14|mle_ms=70.187|monotonic_ms=70|clock_delta_ms=.187|cl
ock_suspect=0
PMLE_LIVE_REPLAY_TIC|tic=15|mle_ms=75.198|monotonic_ms=80|clock_delta_ms=4.802|c
lock_suspect=0
PMLE_LIVE_REPLAY_TIC|tic=16|mle_ms=98.992|monotonic_ms=100|clock_delta_ms=1.008|
clock_suspect=0
PMLE_LIVE_REPLAY_TIC|tic=17|mle_ms=55.221|monotonic_ms=50|clock_delta_ms=5.221|c
lock_suspect=0
PMLE_LIVE_REPLAY_TIC|tic=18|mle_ms=65.289|monotonic_ms=70|clock_delta_ms=4.711|c
lock_suspect=0
PMLE_LIVE_REPLAY_TIC|tic=19|mle_ms=90.951|monotonic_ms=90|clock_delta_ms=.951|cl
ock_suspect=0
PMLE_LIVE_REPLAY_TIC|tic=20|mle_ms=44.464|monotonic_ms=40|clock_delta_ms=4.464|c
lock_suspect=0
PMLE_LIVE_REPLAY_TIC|tic=21|mle_ms=144.968|monotonic_ms=150|clock_delta_ms=5.032
|clock_suspect=0
PMLE_LIVE_REPLAY_TIC|tic=22|mle_ms=79.064|monotonic_ms=80|clock_delta_ms=.936|cl
ock_suspect=0
PMLE_LIVE_REPLAY_TIC|tic=23|mle_ms=51.475|monotonic_ms=50|clock_delta_ms=1.475|c
lock_suspect=0
PMLE_LIVE_REPLAY_TIC|tic=24|mle_ms=84.171|monotonic_ms=80|clock_delta_ms=4.171|c
lock_suspect=0
PMLE_LIVE_REPLAY_TIC|tic=25|mle_ms=73.257|monotonic_ms=80|clock_delta_ms=6.743|c
lock_suspect=0
PMLE_LIVE_REPLAY_TIC|tic=26|mle_ms=56.77|monotonic_ms=50|clock_delta_ms=6.77|clo
ck_suspect=0
PMLE_LIVE_REPLAY_TIC|tic=27|mle_ms=82.306|monotonic_ms=80|clock_delta_ms=2.306|c
lock_suspect=0
PMLE_LIVE_REPLAY_TIC|tic=28|mle_ms=96.152|monotonic_ms=100|clock_delta_ms=3.848|
clock_suspect=0
PMLE_LIVE_REPLAY_TIC|tic=29|mle_ms=29.634|monotonic_ms=30|clock_delta_ms=.366|cl
ock_suspect=0
PMLE_LIVE_REPLAY_TIC|tic=30|mle_ms=47.648|monotonic_ms=50|clock_delta_ms=2.352|c
lock_suspect=0
PMLE_LIVE_REPLAY_TIC|tic=31|mle_ms=106.49|monotonic_ms=110|clock_delta_ms=3.51|c
lock_suspect=0
PMLE_LIVE_REPLAY_TIC|tic=32|mle_ms=35.408|monotonic_ms=30|clock_delta_ms=5.408|c
lock_suspect=0
PMLE_LIVE_REPLAY_TIC|tic=33|mle_ms=84.17|monotonic_ms=80|clock_delta_ms=4.17|clo
ck_suspect=0
PMLE_LIVE_REPLAY_TIC|tic=34|mle_ms=85.649|monotonic_ms=90|clock_delta_ms=4.351|c
lock_suspect=0
PMLE_LIVE_REPLAY_TIC|tic=35|mle_ms=26.686|monotonic_ms=30|clock_delta_ms=3.314|c
lock_suspect=0
PMLE_LIVE_REPLAY_TIC|tic=36|mle_ms=55.113|monotonic_ms=50|clock_delta_ms=5.113|c
lock_suspect=0
PMLE_LIVE_REPLAY_TIC|tic=37|mle_ms=90.093|monotonic_ms=90|clock_delta_ms=.093|cl
ock_suspect=0
PMLE_LIVE_REPLAY_TIC|tic=38|mle_ms=45.21|monotonic_ms=50|clock_delta_ms=4.79|clo
ck_suspect=0
PMLE_LIVE_REPLAY_TIC|tic=39|mle_ms=41.047|monotonic_ms=40|clock_delta_ms=1.047|c
lock_suspect=0
PMLE_LIVE_REPLAY_TIC|tic=40|mle_ms=166.99|monotonic_ms=170|clock_delta_ms=3.01|c
lock_suspect=0
PMLE_LIVE_REPLAY_TIC|tic=41|mle_ms=67.572|monotonic_ms=60|clock_delta_ms=7.572|c
lock_suspect=0
PMLE_LIVE_REPLAY_TIC|tic=42|mle_ms=50.772|monotonic_ms=50|clock_delta_ms=.772|cl
ock_suspect=0
PMLE_LIVE_REPLAY_TIC|tic=43|mle_ms=107.577|monotonic_ms=110|clock_delta_ms=2.423
|clock_suspect=0
PMLE_LIVE_REPLAY_TIC|tic=44|mle_ms=50.751|monotonic_ms=50|clock_delta_ms=.751|cl
ock_suspect=0
PMLE_LIVE_REPLAY_TIC|tic=45|mle_ms=48.497|monotonic_ms=50|clock_delta_ms=1.503|c
lock_suspect=0
PMLE_LIVE_REPLAY_TIC|tic=46|mle_ms=95.58|monotonic_ms=100|clock_delta_ms=4.42|cl
ock_suspect=0
PMLE_LIVE_REPLAY_TIC|tic=47|mle_ms=45.861|monotonic_ms=40|clock_delta_ms=5.861|c
lock_suspect=0
PMLE_LIVE_REPLAY_TIC|tic=48|mle_ms=61.375|monotonic_ms=60|clock_delta_ms=1.375|c
lock_suspect=0
PMLE_LIVE_REPLAY_TIC|tic=49|mle_ms=74.711|monotonic_ms=70|clock_delta_ms=4.711|c
lock_suspect=0
PMLE_LIVE_REPLAY_TIC|tic=50|mle_ms=38.704|monotonic_ms=40|clock_delta_ms=1.296|c
lock_suspect=0
PMLE_LIVE_REPLAY_TIC|tic=51|mle_ms=85.369|monotonic_ms=80|clock_delta_ms=5.369|c
lock_suspect=0
PMLE_LIVE_REPLAY_TIC|tic=52|mle_ms=79.17|monotonic_ms=80|clock_delta_ms=.83|cloc
k_suspect=0
PMLE_LIVE_REPLAY_TIC|tic=53|mle_ms=34.339|monotonic_ms=40|clock_delta_ms=5.661|c
lock_suspect=0
PMLE_LIVE_REPLAY_TIC|tic=54|mle_ms=62.126|monotonic_ms=60|clock_delta_ms=2.126|c
lock_suspect=0
PMLE_LIVE_REPLAY_TIC|tic=55|mle_ms=101.601|monotonic_ms=100|clock_delta_ms=1.601
|clock_suspect=0
PMLE_LIVE_REPLAY_TIC|tic=56|mle_ms=45.469|monotonic_ms=50|clock_delta_ms=4.531|c
lock_suspect=0
PMLE_LIVE_REPLAY_TIC|tic=57|mle_ms=60.444|monotonic_ms=60|clock_delta_ms=.444|cl
ock_suspect=0
PMLE_LIVE_REPLAY_TIC|tic=58|mle_ms=110.661|monotonic_ms=110|clock_delta_ms=.661|
clock_suspect=0
PMLE_LIVE_REPLAY_TIC|tic=59|mle_ms=23.212|monotonic_ms=20|clock_delta_ms=3.212|c
lock_suspect=0
PMLE_LIVE_REPLAY_TIC|tic=60|mle_ms=165.818|monotonic_ms=170|clock_delta_ms=4.182
|clock_suspect=0
PMLE_LIVE_REPLAY_TIC|tic=61|mle_ms=133.177|monotonic_ms=130|clock_delta_ms=3.177
|clock_suspect=0
PMLE_LIVE_REPLAY_TIC|tic=62|mle_ms=29.389|monotonic_ms=30|clock_delta_ms=.611|cl
ock_suspect=0
PMLE_LIVE_REPLAY_TIC|tic=63|mle_ms=59.335|monotonic_ms=60|clock_delta_ms=.665|cl
ock_suspect=0
PMLE_LIVE_REPLAY_TIC|tic=64|mle_ms=115.155|monotonic_ms=110|clock_delta_ms=5.155
|clock_suspect=0
PMLE_LIVE_REPLAY_TIC|tic=65|mle_ms=20.287|monotonic_ms=30|clock_delta_ms=9.713|c
lock_suspect=0
PMLE_LIVE_REPLAY_TIC|tic=66|mle_ms=93.712|monotonic_ms=90|clock_delta_ms=3.712|c
lock_suspect=0
PMLE_LIVE_REPLAY_TIC|tic=67|mle_ms=107.212|monotonic_ms=110|clock_delta_ms=2.788
|clock_suspect=0
PMLE_LIVE_REPLAY_TIC|tic=68|mle_ms=39.574|monotonic_ms=40|clock_delta_ms=.426|cl
ock_suspect=0
PMLE_LIVE_REPLAY_TIC|tic=69|mle_ms=40.856|monotonic_ms=40|clock_delta_ms=.856|cl
ock_suspect=0
PMLE_LIVE_REPLAY_TIC|tic=70|mle_ms=78.221|monotonic_ms=80|clock_delta_ms=1.779|c
lock_suspect=0
PMLE_LIVE_REPLAY_TIC|tic=71|mle_ms=57.263|monotonic_ms=50|clock_delta_ms=7.263|c
lock_suspect=0
PMLE_LIVE_REPLAY_TIC|tic=72|mle_ms=39.326|monotonic_ms=40|clock_delta_ms=.674|cl
ock_suspect=0
PMLE_LIVE_REPLAY_TIC|tic=73|mle_ms=131.73|monotonic_ms=130|clock_delta_ms=1.73|c
lock_suspect=0
PMLE_LIVE_REPLAY_TIC|tic=74|mle_ms=55.834|monotonic_ms=60|clock_delta_ms=4.166|c
lock_suspect=0
PMLE_LIVE_REPLAY_TIC|tic=75|mle_ms=66.202|monotonic_ms=70|clock_delta_ms=3.798|c
lock_suspect=0
PMLE_LIVE_REPLAY_TIC|tic=76|mle_ms=124.935|monotonic_ms=120|clock_delta_ms=4.935
|clock_suspect=0
PMLE_LIVE_REPLAY_TIC|tic=77|mle_ms=54.625|monotonic_ms=60|clock_delta_ms=5.375|c
lock_suspect=0
PMLE_LIVE_REPLAY_TIC|tic=78|mle_ms=54.732|monotonic_ms=50|clock_delta_ms=4.732|c
lock_suspect=0
PMLE_LIVE_REPLAY_TIC|tic=79|mle_ms=81.905|monotonic_ms=80|clock_delta_ms=1.905|c
lock_suspect=0
PMLE_LIVE_REPLAY_TIC|tic=80|mle_ms=26.568|monotonic_ms=30|clock_delta_ms=3.432|c
lock_suspect=0
PMLE_LIVE_REPLAY_TIC|tic=81|mle_ms=94.541|monotonic_ms=90|clock_delta_ms=4.541|c
lock_suspect=0
PMLE_LIVE_REPLAY_TIC|tic=82|mle_ms=120.051|monotonic_ms=120|clock_delta_ms=.051|
clock_suspect=0
PMLE_LIVE_REPLAY_TIC|tic=83|mle_ms=51.137|monotonic_ms=60|clock_delta_ms=8.863|c
lock_suspect=0
PMLE_LIVE_REPLAY_TIC|tic=84|mle_ms=101.247|monotonic_ms=100|clock_delta_ms=1.247
|clock_suspect=0
PMLE_LIVE_REPLAY_TIC|tic=85|mle_ms=95.459|monotonic_ms=90|clock_delta_ms=5.459|c
lock_suspect=0
PMLE_LIVE_REPLAY_TIC|tic=86|mle_ms=52.452|monotonic_ms=50|clock_delta_ms=2.452|c
lock_suspect=0
PMLE_LIVE_REPLAY_TIC|tic=87|mle_ms=69.572|monotonic_ms=70|clock_delta_ms=.428|cl
ock_suspect=0
PMLE_LIVE_REPLAY_TIC|tic=88|mle_ms=120.3|monotonic_ms=120|clock_delta_ms=.3|cloc
k_suspect=0
PMLE_LIVE_REPLAY_TIC|tic=89|mle_ms=36.802|monotonic_ms=40|clock_delta_ms=3.198|c
lock_suspect=0
PMLE_LIVE_REPLAY_TIC|tic=90|mle_ms=62.085|monotonic_ms=60|clock_delta_ms=2.085|c
lock_suspect=0
PMLE_LIVE_REPLAY_TIC|tic=91|mle_ms=155.249|monotonic_ms=160|clock_delta_ms=4.751
|clock_suspect=0
PMLE_LIVE_REPLAY_TIC|tic=92|mle_ms=50.866|monotonic_ms=50|clock_delta_ms=.866|cl
ock_suspect=0
PMLE_LIVE_REPLAY_TIC|tic=93|mle_ms=60.5|monotonic_ms=60|clock_delta_ms=.5|clock_
suspect=0
PMLE_LIVE_REPLAY_TIC|tic=94|mle_ms=108.99|monotonic_ms=110|clock_delta_ms=1.01|c
lock_suspect=0
PMLE_LIVE_REPLAY_TIC|tic=95|mle_ms=23.722|monotonic_ms=20|clock_delta_ms=3.722|c
lock_suspect=0
PMLE_LIVE_REPLAY_TIC|tic=96|mle_ms=64.269|monotonic_ms=70|clock_delta_ms=5.731|c
lock_suspect=0
PMLE_LIVE_REPLAY_TIC|tic=97|mle_ms=106.309|monotonic_ms=100|clock_delta_ms=6.309
|clock_suspect=0
PMLE_LIVE_REPLAY_TIC|tic=98|mle_ms=46.908|monotonic_ms=50|clock_delta_ms=3.092|c
lock_suspect=0
PMLE_LIVE_REPLAY_TIC|tic=99|mle_ms=29.333|monotonic_ms=30|clock_delta_ms=.667|cl
ock_suspect=0
PMLE_LIVE_REPLAY_TIC|tic=100|mle_ms=107.362|monotonic_ms=110|clock_delta_ms=2.63
8|clock_suspect=0
PMLE_LIVE_REPLAY_TIC|tic=101|mle_ms=64.454|monotonic_ms=70|clock_delta_ms=5.546|
clock_suspect=0
PMLE_LIVE_REPLAY_TIC|tic=102|mle_ms=42.668|monotonic_ms=40|clock_delta_ms=2.668|
clock_suspect=0
PMLE_LIVE_REPLAY_TIC|tic=103|mle_ms=107.463|monotonic_ms=110|clock_delta_ms=2.53
7|clock_suspect=0
PMLE_LIVE_REPLAY_TIC|tic=104|mle_ms=42.657|monotonic_ms=40|clock_delta_ms=2.657|
clock_suspect=0
PMLE_LIVE_REPLAY_TIC|tic=105|mle_ms=29.119|monotonic_ms=30|clock_delta_ms=.881|c
lock_suspect=0
PMLE_LIVE_REPLAY_TIC|tic=106|mle_ms=98.479|monotonic_ms=100|clock_delta_ms=1.521
|clock_suspect=0
PMLE_LIVE_REPLAY_TIC|tic=107|mle_ms=37.605|monotonic_ms=40|clock_delta_ms=2.395|
clock_suspect=0
PMLE_LIVE_REPLAY_TIC|tic=108|mle_ms=58.345|monotonic_ms=60|clock_delta_ms=1.655|
clock_suspect=0
PMLE_LIVE_REPLAY_TIC|tic=109|mle_ms=90.001|monotonic_ms=90|clock_delta_ms=.001|c
lock_suspect=0
PMLE_LIVE_REPLAY_TIC|tic=110|mle_ms=33.855|monotonic_ms=30|clock_delta_ms=3.855|
clock_suspect=0
PMLE_LIVE_REPLAY_TIC|tic=111|mle_ms=170.135|monotonic_ms=170|clock_delta_ms=.135
|clock_suspect=0
PMLE_LIVE_REPLAY_TIC|tic=112|mle_ms=93.675|monotonic_ms=90|clock_delta_ms=3.675|
clock_suspect=0
PMLE_LIVE_REPLAY_TIC|tic=113|mle_ms=47.73|monotonic_ms=50|clock_delta_ms=2.27|cl
ock_suspect=0
PMLE_LIVE_REPLAY_TIC|tic=114|mle_ms=81.947|monotonic_ms=80|clock_delta_ms=1.947|
clock_suspect=0
PMLE_LIVE_REPLAY_TIC|tic=115|mle_ms=106.621|monotonic_ms=110|clock_delta_ms=3.37
9|clock_suspect=0
PMLE_LIVE_REPLAY_TIC|tic=116|mle_ms=57.536|monotonic_ms=60|clock_delta_ms=2.464|
clock_suspect=0
PMLE_LIVE_REPLAY_TIC|tic=117|mle_ms=80.613|monotonic_ms=80|clock_delta_ms=.613|c
lock_suspect=0
PMLE_LIVE_REPLAY_TIC|tic=118|mle_ms=112.689|monotonic_ms=110|clock_delta_ms=2.68
9|clock_suspect=0
PMLE_LIVE_REPLAY_TIC|tic=119|mle_ms=27.432|monotonic_ms=30|clock_delta_ms=2.568|
clock_suspect=0
PMLE_LIVE_REPLAY_TIC|tic=120|mle_ms=47.302|monotonic_ms=50|clock_delta_ms=2.698|
clock_suspect=0
PMLE_LIVE_REPLAY_TIC|tic=121|mle_ms=121.127|monotonic_ms=120|clock_delta_ms=1.12
7|clock_suspect=0
PMLE_LIVE_REPLAY_TIC|tic=122|mle_ms=30.211|monotonic_ms=30|clock_delta_ms=.211|c
lock_suspect=0
PMLE_LIVE_REPLAY_TIC|tic=123|mle_ms=83.381|monotonic_ms=80|clock_delta_ms=3.381|
clock_suspect=0
PMLE_LIVE_REPLAY_TIC|tic=124|mle_ms=126.593|monotonic_ms=130|clock_delta_ms=3.40
7|clock_suspect=0
PMLE_LIVE_REPLAY_TIC|tic=125|mle_ms=34.912|monotonic_ms=30|clock_delta_ms=4.912|
clock_suspect=0
PMLE_LIVE_REPLAY_TIC|tic=126|mle_ms=82.017|monotonic_ms=80|clock_delta_ms=2.017|
clock_suspect=0
PMLE_LIVE_REPLAY_TIC|tic=127|mle_ms=125.373|monotonic_ms=130|clock_delta_ms=4.62
7|clock_suspect=0
PMLE_LIVE_REPLAY_TIC|tic=128|mle_ms=51.998|monotonic_ms=50|clock_delta_ms=1.998|
clock_suspect=0
PMLE_LIVE_REPLAY_TIC|tic=129|mle_ms=108.78|monotonic_ms=110|clock_delta_ms=1.22|
clock_suspect=0
PMLE_LIVE_REPLAY_TIC|tic=130|mle_ms=204.545|monotonic_ms=210|clock_delta_ms=5.45
5|clock_suspect=0
PMLE_LIVE_REPLAY_TIC|tic=131|mle_ms=85.564|monotonic_ms=80|clock_delta_ms=5.564|
clock_suspect=0
PMLE_LIVE_REPLAY_TIC|tic=132|mle_ms=44.501|monotonic_ms=50|clock_delta_ms=5.499|
clock_suspect=0
PMLE_LIVE_REPLAY_TIC|tic=133|mle_ms=119.87|monotonic_ms=120|clock_delta_ms=.13|c
lock_suspect=0
PMLE_LIVE_REPLAY_TIC|tic=134|mle_ms=135.332|monotonic_ms=130|clock_delta_ms=5.33
2|clock_suspect=0
PMLE_LIVE_REPLAY_TIC|tic=135|mle_ms=54.543|monotonic_ms=60|clock_delta_ms=5.457|
clock_suspect=0
PMLE_LIVE_REPLAY_TIC|tic=136|mle_ms=110.53|monotonic_ms=110|clock_delta_ms=.53|c
lock_suspect=0
PMLE_LIVE_REPLAY_TIC|tic=137|mle_ms=111.975|monotonic_ms=110|clock_delta_ms=1.97
5|clock_suspect=0
PMLE_LIVE_REPLAY_TIC|tic=138|mle_ms=79.954|monotonic_ms=80|clock_delta_ms=.046|c
lock_suspect=0
PMLE_LIVE_REPLAY_TIC|tic=139|mle_ms=151.762|monotonic_ms=150|clock_delta_ms=1.76
2|clock_suspect=0
PMLE_LIVE_REPLAY_TIC|tic=140|mle_ms=72.27|monotonic_ms=70|clock_delta_ms=2.27|cl
ock_suspect=0
PMLE_LIVE_REPLAY_TIC|tic=141|mle_ms=115.116|monotonic_ms=120|clock_delta_ms=4.88
4|clock_suspect=0
PMLE_LIVE_REPLAY_TIC|tic=142|mle_ms=121.671|monotonic_ms=120|clock_delta_ms=1.67
1|clock_suspect=0
PMLE_LIVE_REPLAY_TIC|tic=143|mle_ms=110.16|monotonic_ms=110|clock_delta_ms=.16|c
lock_suspect=0
PMLE_LIVE_REPLAY_TIC|tic=144|mle_ms=60.859|monotonic_ms=60|clock_delta_ms=.859|c
lock_suspect=0
PMLE_LIVE_REPLAY_TIC|tic=145|mle_ms=84.085|monotonic_ms=90|clock_delta_ms=5.915|
clock_suspect=0
PMLE_LIVE_REPLAY_TIC|tic=146|mle_ms=86.74|monotonic_ms=80|clock_delta_ms=6.74|cl
ock_suspect=0
PMLE_LIVE_REPLAY_TIC|tic=147|mle_ms=68.547|monotonic_ms=70|clock_delta_ms=1.453|
clock_suspect=0
PMLE_LIVE_REPLAY_TIC|tic=148|mle_ms=92.955|monotonic_ms=90|clock_delta_ms=2.955|
clock_suspect=0
PMLE_LIVE_REPLAY_TIC|tic=149|mle_ms=182.312|monotonic_ms=190|clock_delta_ms=7.68
8|clock_suspect=0
PMLE_LIVE_REPLAY_TIC|tic=150|mle_ms=70.788|monotonic_ms=70|clock_delta_ms=.788|c
lock_suspect=0
PMLE_LIVE_REPLAY_TIC|tic=151|mle_ms=103.746|monotonic_ms=100|clock_delta_ms=3.74
6|clock_suspect=0
PMLE_LIVE_REPLAY_TIC|tic=152|mle_ms=54.415|monotonic_ms=60|clock_delta_ms=5.585|
clock_suspect=0
PMLE_LIVE_REPLAY_TIC|tic=153|mle_ms=152.179|monotonic_ms=150|clock_delta_ms=2.17
9|clock_suspect=0
PMLE_LIVE_REPLAY_TIC|tic=154|mle_ms=133.232|monotonic_ms=130|clock_delta_ms=3.23
2|clock_suspect=0
PMLE_LIVE_REPLAY_TIC|tic=155|mle_ms=73.293|monotonic_ms=70|clock_delta_ms=3.293|
clock_suspect=0
PMLE_LIVE_REPLAY_TIC|tic=156|mle_ms=77.755|monotonic_ms=80|clock_delta_ms=2.245|
clock_suspect=0
PMLE_LIVE_REPLAY_TIC|tic=157|mle_ms=119.613|monotonic_ms=120|clock_delta_ms=.387
|clock_suspect=0
PMLE_LIVE_REPLAY_TIC|tic=158|mle_ms=70.945|monotonic_ms=70|clock_delta_ms=.945|c
lock_suspect=0
PMLE_LIVE_REPLAY_TIC|tic=159|mle_ms=192.068|monotonic_ms=190|clock_delta_ms=2.06
8|clock_suspect=0
PMLE_LIVE_REPLAY_TIC|tic=160|mle_ms=105.503|monotonic_ms=110|clock_delta_ms=4.49
7|clock_suspect=0
PMLE_LIVE_REPLAY_TIC|tic=161|mle_ms=104.075|monotonic_ms=100|clock_delta_ms=4.07
5|clock_suspect=0
PMLE_LIVE_REPLAY_TIC|tic=162|mle_ms=89.873|monotonic_ms=90|clock_delta_ms=.127|c
lock_suspect=0
PMLE_LIVE_REPLAY_TIC|tic=163|mle_ms=132.633|monotonic_ms=140|clock_delta_ms=7.36
7|clock_suspect=0
PMLE_LIVE_REPLAY_TIC|tic=164|mle_ms=57.797|monotonic_ms=60|clock_delta_ms=2.203|
clock_suspect=0
PMLE_LIVE_REPLAY_TIC|tic=165|mle_ms=58.335|monotonic_ms=50|clock_delta_ms=8.335|
clock_suspect=0
PMLE_LIVE_REPLAY_TIC|tic=166|mle_ms=130.446|monotonic_ms=130|clock_delta_ms=.446
|clock_suspect=0
PMLE_LIVE_REPLAY_TIC|tic=167|mle_ms=85.359|monotonic_ms=90|clock_delta_ms=4.641|
clock_suspect=0
PMLE_LIVE_REPLAY_TIC|tic=168|mle_ms=163.831|monotonic_ms=160|clock_delta_ms=3.83
1|clock_suspect=0
PMLE_LIVE_REPLAY_TIC|tic=169|mle_ms=135.576|monotonic_ms=140|clock_delta_ms=4.42
4|clock_suspect=0
PMLE_LIVE_REPLAY_TIC|tic=170|mle_ms=96.218|monotonic_ms=100|clock_delta_ms=3.782
|clock_suspect=0
PMLE_LIVE_REPLAY_TIC|tic=171|mle_ms=106.998|monotonic_ms=100|clock_delta_ms=6.99
8|clock_suspect=0
PMLE_LIVE_REPLAY_TIC|tic=172|mle_ms=161.73|monotonic_ms=160|clock_delta_ms=1.73|
clock_suspect=0
PMLE_LIVE_REPLAY_TIC|tic=173|mle_ms=77.06|monotonic_ms=80|clock_delta_ms=2.94|cl
ock_suspect=0
PMLE_LIVE_REPLAY_TIC|tic=174|mle_ms=113.235|monotonic_ms=110|clock_delta_ms=3.23
5|clock_suspect=0
PMLE_LIVE_REPLAY_TIC|tic=175|mle_ms=123.86|monotonic_ms=130|clock_delta_ms=6.14|
clock_suspect=0
PMLE_LIVE_REPLAY_TIC|tic=176|mle_ms=89.162|monotonic_ms=90|clock_delta_ms=.838|c
lock_suspect=0
PMLE_LIVE_REPLAY_TIC|tic=177|mle_ms=107.123|monotonic_ms=110|clock_delta_ms=2.87
7|clock_suspect=0
PMLE_LIVE_REPLAY_TIC|tic=178|mle_ms=171.223|monotonic_ms=170|clock_delta_ms=1.22
3|clock_suspect=0
PMLE_LIVE_REPLAY_TIC|tic=179|mle_ms=108.449|monotonic_ms=100|clock_delta_ms=8.44
9|clock_suspect=0
PMLE_LIVE_REPLAY_TIC|tic=180|mle_ms=110.883|monotonic_ms=110|clock_delta_ms=.883
|clock_suspect=0
PMLE_LIVE_REPLAY_TIC|tic=181|mle_ms=173.927|monotonic_ms=170|clock_delta_ms=3.92
7|clock_suspect=0
PMLE_LIVE_REPLAY_TIC|tic=182|mle_ms=133.306|monotonic_ms=130|clock_delta_ms=3.30
6|clock_suspect=0
PMLE_LIVE_REPLAY_TIC|tic=183|mle_ms=155.021|monotonic_ms=160|clock_delta_ms=4.97
9|clock_suspect=0
PMLE_LIVE_REPLAY_TIC|tic=184|mle_ms=160.217|monotonic_ms=160|clock_delta_ms=.217
|clock_suspect=0
PMLE_LIVE_REPLAY_TIC|tic=185|mle_ms=268.613|monotonic_ms=270|clock_delta_ms=1.38
7|clock_suspect=0
PMLE_LIVE_REPLAY_TIC|tic=186|mle_ms=158.008|monotonic_ms=160|clock_delta_ms=1.99
2|clock_suspect=0
PMLE_LIVE_REPLAY_TIC|tic=187|mle_ms=292.146|monotonic_ms=290|clock_delta_ms=2.14
6|clock_suspect=0
PMLE_LIVE_REPLAY_TIC|tic=188|mle_ms=120.195|monotonic_ms=120|clock_delta_ms=.195
|clock_suspect=0
PMLE_LIVE_REPLAY_TIC|tic=189|mle_ms=201.856|monotonic_ms=200|clock_delta_ms=1.85
6|clock_suspect=0
PMLE_LIVE_REPLAY_TIC|tic=190|mle_ms=138.686|monotonic_ms=140|clock_delta_ms=1.31
4|clock_suspect=0
PMLE_LIVE_REPLAY_TIC|tic=191|mle_ms=175.143|monotonic_ms=170|clock_delta_ms=5.14
3|clock_suspect=0
PMLE_LIVE_REPLAY_TIC|tic=192|mle_ms=90.598|monotonic_ms=90|clock_delta_ms=.598|c
lock_suspect=0
PMLE_LIVE_REPLAY_TIC|tic=193|mle_ms=136.107|monotonic_ms=140|clock_delta_ms=3.89
3|clock_suspect=0
PMLE_LIVE_REPLAY_TIC|tic=194|mle_ms=143.004|monotonic_ms=140|clock_delta_ms=3.00
4|clock_suspect=0
PMLE_LIVE_REPLAY_TIC|tic=195|mle_ms=90.823|monotonic_ms=90|clock_delta_ms=.823|c
lock_suspect=0
PMLE_LIVE_REPLAY_TIC|tic=196|mle_ms=125.431|monotonic_ms=130|clock_delta_ms=4.56
9|clock_suspect=0
PMLE_LIVE_REPLAY_TIC|tic=197|mle_ms=162.264|monotonic_ms=160|clock_delta_ms=2.26
4|clock_suspect=0
PMLE_LIVE_REPLAY_TIC|tic=198|mle_ms=128.061|monotonic_ms=130|clock_delta_ms=1.93
9|clock_suspect=0
PMLE_LIVE_REPLAY_TIC|tic=199|mle_ms=152.481|monotonic_ms=150|clock_delta_ms=2.48
1|clock_suspect=0
PMLE_LIVE_REPLAY_TIC|tic=200|mle_ms=120.421|monotonic_ms=120|clock_delta_ms=.421
|clock_suspect=0
PMLE_LIVE_REPLAY_TIC|tic=201|mle_ms=138.237|monotonic_ms=140|clock_delta_ms=1.76
3|clock_suspect=0
PMLE_LIVE_REPLAY_TIC|tic=202|mle_ms=127.201|monotonic_ms=130|clock_delta_ms=2.79
9|clock_suspect=0
PMLE_LIVE_REPLAY_TIC|tic=203|mle_ms=136.409|monotonic_ms=140|clock_delta_ms=3.59
1|clock_suspect=0
PMLE_LIVE_REPLAY_TIC|tic=204|mle_ms=92.824|monotonic_ms=90|clock_delta_ms=2.824|
clock_suspect=0
PMLE_LIVE_REPLAY_TIC|tic=205|mle_ms=129.457|monotonic_ms=130|clock_delta_ms=.543
|clock_suspect=0
PMLE_LIVE_REPLAY_TIC|tic=206|mle_ms=291.042|monotonic_ms=290|clock_delta_ms=1.04
2|clock_suspect=0
PMLE_LIVE_REPLAY_TIC|tic=207|mle_ms=108.346|monotonic_ms=110|clock_delta_ms=1.65
4|clock_suspect=0
PMLE_LIVE_REPLAY_TIC|tic=208|mle_ms=280.622|monotonic_ms=280|clock_delta_ms=.622
|clock_suspect=0
PMLE_LIVE_REPLAY_TIC|tic=209|mle_ms=125.953|monotonic_ms=130|clock_delta_ms=4.04
7|clock_suspect=0
PMLE_LIVE_REPLAY_TIC|tic=210|mle_ms=171.917|monotonic_ms=170|clock_delta_ms=1.91
7|clock_suspect=0
PMLE_LIVE_REPLAY_TIC|tic=211|mle_ms=150.078|monotonic_ms=150|clock_delta_ms=.078
|clock_suspect=0
PMLE_LIVE_REPLAY_TIC|tic=212|mle_ms=170.532|monotonic_ms=170|clock_delta_ms=.532
|clock_suspect=0
PMLE_LIVE_REPLAY_TIC|tic=213|mle_ms=95.787|monotonic_ms=90|clock_delta_ms=5.787|
clock_suspect=0
PMLE_LIVE_REPLAY_TIC|tic=214|mle_ms=134.662|monotonic_ms=140|clock_delta_ms=5.33
8|clock_suspect=0
PMLE_LIVE_REPLAY_TIC|tic=215|mle_ms=150.001|monotonic_ms=150|clock_delta_ms=.001
|clock_suspect=0
PMLE_LIVE_REPLAY_TIC|tic=216|mle_ms=83.863|monotonic_ms=80|clock_delta_ms=3.863|
clock_suspect=0
PMLE_LIVE_REPLAY_TIC|tic=217|mle_ms=115.127|monotonic_ms=120|clock_delta_ms=4.87
3|clock_suspect=0
PMLE_LIVE_REPLAY_TIC|tic=218|mle_ms=133.216|monotonic_ms=130|clock_delta_ms=3.21
6|clock_suspect=0
PMLE_LIVE_REPLAY_TIC|tic=219|mle_ms=75.627|monotonic_ms=80|clock_delta_ms=4.373|
clock_suspect=0
PMLE_LIVE_REPLAY_TIC|tic=220|mle_ms=133.808|monotonic_ms=130|clock_delta_ms=3.80
8|clock_suspect=0
PMLE_LIVE_REPLAY_TIC|tic=221|mle_ms=144.156|monotonic_ms=140|clock_delta_ms=4.15
6|clock_suspect=0
PMLE_LIVE_REPLAY_TIC|tic=222|mle_ms=89.666|monotonic_ms=90|clock_delta_ms=.334|c
lock_suspect=0
PMLE_LIVE_REPLAY_TIC|tic=223|mle_ms=140.901|monotonic_ms=150|clock_delta_ms=9.09
9|clock_suspect=0
PMLE_LIVE_REPLAY_TIC|tic=224|mle_ms=143.394|monotonic_ms=140|clock_delta_ms=3.39
4|clock_suspect=0
PMLE_LIVE_REPLAY_TIC|tic=225|mle_ms=233.745|monotonic_ms=230|clock_delta_ms=3.74
5|clock_suspect=0
PMLE_LIVE_REPLAY_TIC|tic=226|mle_ms=162.249|monotonic_ms=170|clock_delta_ms=7.75
1|clock_suspect=0
PMLE_LIVE_REPLAY_TIC|tic=227|mle_ms=118.988|monotonic_ms=110|clock_delta_ms=8.98
8|clock_suspect=0
PMLE_LIVE_REPLAY_TIC|tic=228|mle_ms=89.339|monotonic_ms=90|clock_delta_ms=.661|c
lock_suspect=0
PMLE_LIVE_REPLAY_TIC|tic=229|mle_ms=202.457|monotonic_ms=210|clock_delta_ms=7.54
3|clock_suspect=0
PMLE_LIVE_REPLAY_TIC|tic=230|mle_ms=187.748|monotonic_ms=180|clock_delta_ms=7.74
8|clock_suspect=0
PMLE_LIVE_REPLAY_TIC|tic=231|mle_ms=120.257|monotonic_ms=120|clock_delta_ms=.257
|clock_suspect=0
PMLE_LIVE_REPLAY_TIC|tic=232|mle_ms=102.057|monotonic_ms=110|clock_delta_ms=7.94
3|clock_suspect=0
PMLE_LIVE_REPLAY_TIC|tic=233|mle_ms=144.744|monotonic_ms=140|clock_delta_ms=4.74
4|clock_suspect=0
PMLE_LIVE_REPLAY_TIC|tic=234|mle_ms=86.127|monotonic_ms=90|clock_delta_ms=3.873|
clock_suspect=0
PMLE_LIVE_REPLAY_TIC|tic=235|mle_ms=108.038|monotonic_ms=110|clock_delta_ms=1.96
2|clock_suspect=0
PMLE_LIVE_REPLAY_TIC|tic=236|mle_ms=153.046|monotonic_ms=150|clock_delta_ms=3.04
6|clock_suspect=0
PMLE_LIVE_REPLAY_TIC|tic=237|mle_ms=81.495|monotonic_ms=80|clock_delta_ms=1.495|
clock_suspect=0
PMLE_LIVE_REPLAY_TIC|tic=238|mle_ms=140.235|monotonic_ms=140|clock_delta_ms=.235
|clock_suspect=0
PMLE_LIVE_REPLAY_TIC|tic=239|mle_ms=94.158|monotonic_ms=90|clock_delta_ms=4.158|
clock_suspect=0
PMLE_LIVE_REPLAY_TIC|tic=240|mle_ms=47.944|monotonic_ms=50|clock_delta_ms=2.056|
clock_suspect=0
PMLE_LIVE_REPLAY_TIC|tic=241|mle_ms=159.368|monotonic_ms=160|clock_delta_ms=.632
|clock_suspect=0
PMLE_LIVE_REPLAY_TIC|tic=242|mle_ms=112.191|monotonic_ms=110|clock_delta_ms=2.19
1|clock_suspect=0
PMLE_LIVE_REPLAY_TIC|tic=243|mle_ms=128.297|monotonic_ms=130|clock_delta_ms=1.70
3|clock_suspect=0
PMLE_LIVE_REPLAY_TIC|tic=244|mle_ms=244.707|monotonic_ms=250|clock_delta_ms=5.29
3|clock_suspect=0
PMLE_LIVE_REPLAY_TIC|tic=245|mle_ms=210.783|monotonic_ms=210|clock_delta_ms=.783
|clock_suspect=0
PMLE_LIVE_REPLAY_TIC|tic=246|mle_ms=76.359|monotonic_ms=80|clock_delta_ms=3.641|
clock_suspect=0
PMLE_LIVE_REPLAY_TIC|tic=247|mle_ms=126.789|monotonic_ms=120|clock_delta_ms=6.78
9|clock_suspect=0
PMLE_LIVE_REPLAY_TIC|tic=248|mle_ms=125.774|monotonic_ms=130|clock_delta_ms=4.22
6|clock_suspect=0
PMLE_LIVE_REPLAY_TIC|tic=249|mle_ms=103.747|monotonic_ms=100|clock_delta_ms=3.74
7|clock_suspect=0
PMLE_LIVE_REPLAY_TIC|tic=250|mle_ms=122.814|monotonic_ms=120|clock_delta_ms=2.81
4|clock_suspect=0
PMLE_LIVE_REPLAY_TIC|tic=251|mle_ms=160.432|monotonic_ms=170|clock_delta_ms=9.56
8|clock_suspect=0
PMLE_LIVE_REPLAY_TIC|tic=252|mle_ms=46.07|monotonic_ms=40|clock_delta_ms=6.07|cl
ock_suspect=0
PMLE_LIVE_REPLAY_TIC|tic=253|mle_ms=166.394|monotonic_ms=170|clock_delta_ms=3.60
6|clock_suspect=0
PMLE_LIVE_REPLAY_TIC|tic=254|mle_ms=126.562|monotonic_ms=120|clock_delta_ms=6.56
2|clock_suspect=0
PMLE_LIVE_REPLAY_TIC|tic=255|mle_ms=80.826|monotonic_ms=90|clock_delta_ms=9.174|
clock_suspect=0
PMLE_LIVE_REPLAY_TIC|tic=256|mle_ms=125.667|monotonic_ms=120|clock_delta_ms=5.66
7|clock_suspect=0
PMLE_LIVE_REPLAY_TIC|tic=257|mle_ms=136.396|monotonic_ms=140|clock_delta_ms=3.60
4|clock_suspect=0
PMLE_LIVE_REPLAY_TIC|tic=258|mle_ms=80.545|monotonic_ms=80|clock_delta_ms=.545|c
lock_suspect=0
PMLE_LIVE_REPLAY_TIC|tic=259|mle_ms=102.522|monotonic_ms=100|clock_delta_ms=2.52
2|clock_suspect=0
PMLE_LIVE_REPLAY_TIC|tic=260|mle_ms=103.686|monotonic_ms=100|clock_delta_ms=3.68
6|clock_suspect=0
PMLE_LIVE_REPLAY_TIC|tic=261|mle_ms=134.479|monotonic_ms=140|clock_delta_ms=5.52
1|clock_suspect=0
PMLE_LIVE_REPLAY_TIC|tic=262|mle_ms=162.063|monotonic_ms=160|clock_delta_ms=2.06
3|clock_suspect=0
PMLE_LIVE_REPLAY_TIC|tic=263|mle_ms=116.943|monotonic_ms=120|clock_delta_ms=3.05
7|clock_suspect=0
PMLE_LIVE_REPLAY_TIC|tic=264|mle_ms=176.224|monotonic_ms=170|clock_delta_ms=6.22
4|clock_suspect=0
PMLE_LIVE_REPLAY_TIC|tic=265|mle_ms=185.592|monotonic_ms=190|clock_delta_ms=4.40
8|clock_suspect=0
PMLE_LIVE_REPLAY_TIC|tic=266|mle_ms=159.839|monotonic_ms=160|clock_delta_ms=.161
|clock_suspect=0
PMLE_LIVE_REPLAY_TIC|tic=267|mle_ms=321.039|monotonic_ms=320|clock_delta_ms=1.03
9|clock_suspect=0
PMLE_LIVE_REPLAY_TIC|tic=268|mle_ms=198.883|monotonic_ms=200|clock_delta_ms=1.11
7|clock_suspect=0
PMLE_LIVE_REPLAY_TIC|tic=269|mle_ms=124.95|monotonic_ms=130|clock_delta_ms=5.05|
clock_suspect=0
PMLE_LIVE_REPLAY_TIC|tic=270|mle_ms=81.068|monotonic_ms=80|clock_delta_ms=1.068|
clock_suspect=0
PMLE_LIVE_REPLAY_TIC|tic=271|mle_ms=201.018|monotonic_ms=200|clock_delta_ms=1.01
8|clock_suspect=0
PMLE_LIVE_REPLAY_TIC|tic=272|mle_ms=118.506|monotonic_ms=120|clock_delta_ms=1.49
4|clock_suspect=0
PMLE_LIVE_REPLAY_TIC|tic=273|mle_ms=127.763|monotonic_ms=120|clock_delta_ms=7.76
3|clock_suspect=0
PMLE_LIVE_REPLAY_TIC|tic=274|mle_ms=134.019|monotonic_ms=140|clock_delta_ms=5.98
1|clock_suspect=0
PMLE_LIVE_REPLAY_TIC|tic=275|mle_ms=98.988|monotonic_ms=100|clock_delta_ms=1.012
|clock_suspect=0
PMLE_LIVE_REPLAY_TIC|tic=276|mle_ms=106.388|monotonic_ms=100|clock_delta_ms=6.38
8|clock_suspect=0
PMLE_LIVE_REPLAY_TIC|tic=277|mle_ms=174.778|monotonic_ms=180|clock_delta_ms=5.22
2|clock_suspect=0
PMLE_LIVE_REPLAY_TIC|tic=278|mle_ms=105.474|monotonic_ms=100|clock_delta_ms=5.47
4|clock_suspect=0
PMLE_LIVE_REPLAY_TIC|tic=279|mle_ms=173.135|monotonic_ms=180|clock_delta_ms=6.86
5|clock_suspect=0
PMLE_LIVE_REPLAY_TIC|tic=280|mle_ms=108.582|monotonic_ms=110|clock_delta_ms=1.41
8|clock_suspect=0
PMLE_LIVE_REPLAY_TIC|tic=281|mle_ms=133.571|monotonic_ms=130|clock_delta_ms=3.57
1|clock_suspect=0
PMLE_LIVE_REPLAY_TIC|tic=282|mle_ms=90.22|monotonic_ms=90|clock_delta_ms=.22|clo
ck_suspect=0
PMLE_LIVE_REPLAY_TIC|tic=283|mle_ms=249.782|monotonic_ms=250|clock_delta_ms=.218
|clock_suspect=0
PMLE_LIVE_REPLAY_TIC|tic=284|mle_ms=82.36|monotonic_ms=80|clock_delta_ms=2.36|cl
ock_suspect=0
PMLE_LIVE_REPLAY_TIC|tic=285|mle_ms=72.283|monotonic_ms=70|clock_delta_ms=2.283|
clock_suspect=0
PMLE_LIVE_REPLAY_TIC|tic=286|mle_ms=165.825|monotonic_ms=170|clock_delta_ms=4.17
5|clock_suspect=0
PMLE_LIVE_REPLAY_TIC|tic=287|mle_ms=149.678|monotonic_ms=150|clock_delta_ms=.322
|clock_suspect=0
PMLE_LIVE_REPLAY_TIC|tic=288|mle_ms=78.727|monotonic_ms=80|clock_delta_ms=1.273|
clock_suspect=0
PMLE_LIVE_REPLAY_TIC|tic=289|mle_ms=133.663|monotonic_ms=130|clock_delta_ms=3.66
3|clock_suspect=0
PMLE_LIVE_REPLAY_TIC|tic=290|mle_ms=133.59|monotonic_ms=140|clock_delta_ms=6.41|
clock_suspect=0
PMLE_LIVE_REPLAY_TIC|tic=291|mle_ms=120.617|monotonic_ms=120|clock_delta_ms=.617
|clock_suspect=0
PMLE_LIVE_REPLAY_TIC|tic=292|mle_ms=116.93|monotonic_ms=110|clock_delta_ms=6.93|
clock_suspect=0
PMLE_LIVE_REPLAY_TIC|tic=293|mle_ms=262.621|monotonic_ms=270|clock_delta_ms=7.37
9|clock_suspect=0
PMLE_LIVE_REPLAY_TIC|tic=294|mle_ms=223.458|monotonic_ms=220|clock_delta_ms=3.45
8|clock_suspect=0
PMLE_LIVE_REPLAY_TIC|tic=295|mle_ms=132.849|monotonic_ms=130|clock_delta_ms=2.84
9|clock_suspect=0
PMLE_LIVE_REPLAY_TIC|tic=296|mle_ms=116.307|monotonic_ms=120|clock_delta_ms=3.69
3|clock_suspect=0
PMLE_LIVE_REPLAY_TIC|tic=297|mle_ms=240.946|monotonic_ms=240|clock_delta_ms=.946
|clock_suspect=0
PMLE_LIVE_REPLAY_TIC|tic=298|mle_ms=132.866|monotonic_ms=130|clock_delta_ms=2.86
6|clock_suspect=0
PMLE_LIVE_REPLAY_TIC|tic=299|mle_ms=89.638|monotonic_ms=90|clock_delta_ms=.362|c
lock_suspect=0
PMLE_LIVE_REPLAY_TIC|tic=300|mle_ms=84.353|monotonic_ms=90|clock_delta_ms=5.647|
clock_suspect=0
PMLE_LIVE_REPLAY_TIC|tic=301|mle_ms=222.331|monotonic_ms=220|clock_delta_ms=2.33
1|clock_suspect=0
PMLE_LIVE_REPLAY_TIC|tic=302|mle_ms=101.108|monotonic_ms=100|clock_delta_ms=1.10
8|clock_suspect=0
PMLE_LIVE_REPLAY_TIC|tic=303|mle_ms=240.933|monotonic_ms=240|clock_delta_ms=.933
|clock_suspect=0
PMLE_LIVE_REPLAY_TIC|tic=304|mle_ms=98.908|monotonic_ms=100|clock_delta_ms=1.092
|clock_suspect=0
PMLE_LIVE_REPLAY_TIC|tic=305|mle_ms=77.548|monotonic_ms=80|clock_delta_ms=2.452|
clock_suspect=0
PMLE_LIVE_REPLAY_TIC|tic=306|mle_ms=93.636|monotonic_ms=90|clock_delta_ms=3.636|
clock_suspect=0
PMLE_LIVE_REPLAY_TIC|tic=307|mle_ms=256.987|monotonic_ms=260|clock_delta_ms=3.01
3|clock_suspect=0
PMLE_LIVE_REPLAY_TIC|tic=308|mle_ms=79.035|monotonic_ms=80|clock_delta_ms=.965|c
lock_suspect=0
PMLE_LIVE_REPLAY_TIC|tic=309|mle_ms=71.03|monotonic_ms=70|clock_delta_ms=1.03|cl
ock_suspect=0
PMLE_LIVE_REPLAY_TIC|tic=310|mle_ms=125.307|monotonic_ms=120|clock_delta_ms=5.30
7|clock_suspect=0
PMLE_LIVE_REPLAY_TIC|tic=311|mle_ms=151.079|monotonic_ms=150|clock_delta_ms=1.07
9|clock_suspect=0
PMLE_LIVE_REPLAY_TIC|tic=312|mle_ms=48.683|monotonic_ms=50|clock_delta_ms=1.317|
clock_suspect=0
PMLE_LIVE_REPLAY_TIC|tic=313|mle_ms=140.201|monotonic_ms=140|clock_delta_ms=.201
|clock_suspect=0
PMLE_LIVE_REPLAY_TIC|tic=314|mle_ms=102.293|monotonic_ms=110|clock_delta_ms=7.70
7|clock_suspect=0
PMLE_LIVE_REPLAY_TIC|tic=315|mle_ms=61.231|monotonic_ms=60|clock_delta_ms=1.231|
clock_suspect=0
PMLE_LIVE_REPLAY_TIC|tic=316|mle_ms=228.819|monotonic_ms=230|clock_delta_ms=1.18
1|clock_suspect=0
PMLE_LIVE_REPLAY_TIC|tic=317|mle_ms=79.61|monotonic_ms=80|clock_delta_ms=.39|clo
ck_suspect=0
PMLE_LIVE_REPLAY_TIC|tic=318|mle_ms=63.684|monotonic_ms=60|clock_delta_ms=3.684|
clock_suspect=0
PMLE_LIVE_REPLAY_TIC|tic=319|mle_ms=103.103|monotonic_ms=100|clock_delta_ms=3.10
3|clock_suspect=0
PMLE_LIVE_REPLAY_TIC|tic=320|mle_ms=156.443|monotonic_ms=160|clock_delta_ms=3.55
7|clock_suspect=0
PMLE_LIVE_REPLAY_TIC|tic=321|mle_ms=98.875|monotonic_ms=100|clock_delta_ms=1.125
|clock_suspect=0
PMLE_LIVE_REPLAY_TIC|tic=322|mle_ms=144.153|monotonic_ms=140|clock_delta_ms=4.15
3|clock_suspect=0
PMLE_LIVE_REPLAY_TIC|tic=323|mle_ms=119.525|monotonic_ms=120|clock_delta_ms=.475
|clock_suspect=0
PMLE_LIVE_REPLAY_TIC|tic=324|mle_ms=76.54|monotonic_ms=80|clock_delta_ms=3.46|cl
ock_suspect=0
PMLE_LIVE_REPLAY_TIC|tic=325|mle_ms=84.746|monotonic_ms=80|clock_delta_ms=4.746|
clock_suspect=0
PMLE_LIVE_REPLAY_TIC|tic=326|mle_ms=122.638|monotonic_ms=130|clock_delta_ms=7.36
2|clock_suspect=0
PMLE_LIVE_REPLAY_TIC|tic=327|mle_ms=52.226|monotonic_ms=50|clock_delta_ms=2.226|
clock_suspect=0
PMLE_LIVE_REPLAY_TIC|tic=328|mle_ms=166.84|monotonic_ms=170|clock_delta_ms=3.16|
clock_suspect=0
PMLE_LIVE_REPLAY_TIC|tic=329|mle_ms=125.769|monotonic_ms=120|clock_delta_ms=5.76
9|clock_suspect=0
PMLE_LIVE_REPLAY_TIC|tic=330|mle_ms=71.899|monotonic_ms=70|clock_delta_ms=1.899|
clock_suspect=0
PMLE_LIVE_REPLAY_TIC|tic=331|mle_ms=162.878|monotonic_ms=170|clock_delta_ms=7.12
2|clock_suspect=0
PMLE_LIVE_REPLAY_TIC|tic=332|mle_ms=97.877|monotonic_ms=90|clock_delta_ms=7.877|
clock_suspect=0
PMLE_LIVE_REPLAY_TIC|tic=333|mle_ms=68.461|monotonic_ms=70|clock_delta_ms=1.539|
clock_suspect=0
PMLE_LIVE_REPLAY_TIC|tic=334|mle_ms=157.964|monotonic_ms=160|clock_delta_ms=2.03
6|clock_suspect=0
PMLE_LIVE_REPLAY_TIC|tic=335|mle_ms=238.87|monotonic_ms=240|clock_delta_ms=1.13|
clock_suspect=0
PMLE_LIVE_REPLAY_TIC|tic=336|mle_ms=99.453|monotonic_ms=100|clock_delta_ms=.547|
clock_suspect=0
PMLE_LIVE_REPLAY_TIC|tic=337|mle_ms=137.755|monotonic_ms=140|clock_delta_ms=2.24
5|clock_suspect=0
PMLE_LIVE_REPLAY_TIC|tic=338|mle_ms=129.169|monotonic_ms=130|clock_delta_ms=.831
|clock_suspect=0
PMLE_LIVE_REPLAY_TIC|tic=339|mle_ms=128.886|monotonic_ms=130|clock_delta_ms=1.11
4|clock_suspect=0
PMLE_LIVE_REPLAY_TIC|tic=340|mle_ms=174.505|monotonic_ms=170|clock_delta_ms=4.50
5|clock_suspect=0
PMLE_LIVE_REPLAY_TIC|tic=341|mle_ms=164.537|monotonic_ms=160|clock_delta_ms=4.53
7|clock_suspect=0
PMLE_LIVE_REPLAY_TIC|tic=342|mle_ms=73.926|monotonic_ms=80|clock_delta_ms=6.074|
clock_suspect=0
PMLE_LIVE_REPLAY_TIC|tic=343|mle_ms=143.627|monotonic_ms=140|clock_delta_ms=3.62
7|clock_suspect=0
PMLE_LIVE_REPLAY_TIC|tic=344|mle_ms=113.65|monotonic_ms=120|clock_delta_ms=6.35|
clock_suspect=0
PMLE_LIVE_REPLAY_TIC|tic=345|mle_ms=69.644|monotonic_ms=70|clock_delta_ms=.356|c
lock_suspect=0
PMLE_LIVE_REPLAY_TIC|tic=346|mle_ms=194.061|monotonic_ms=190|clock_delta_ms=4.06
1|clock_suspect=0
PMLE_LIVE_REPLAY_TIC|tic=347|mle_ms=155.111|monotonic_ms=160|clock_delta_ms=4.88
9|clock_suspect=0
PMLE_LIVE_REPLAY_TIC|tic=348|mle_ms=97.451|monotonic_ms=90|clock_delta_ms=7.451|
clock_suspect=0
PMLE_LIVE_REPLAY_TIC|tic=349|mle_ms=126.438|monotonic_ms=130|clock_delta_ms=3.56
2|clock_suspect=0
PMLE_LIVE_REPLAY_TIC|tic=350|mle_ms=126.303|monotonic_ms=130|clock_delta_ms=3.69
7|clock_suspect=0
PMLE_LIVE_REPLAY_TIC|tic=351|mle_ms=101.794|monotonic_ms=100|clock_delta_ms=1.79
4|clock_suspect=0
PMLE_LIVE_REPLAY_TIC|tic=352|mle_ms=147.068|monotonic_ms=140|clock_delta_ms=7.06
8|clock_suspect=0
PMLE_LIVE_REPLAY_TIC|tic=353|mle_ms=162.733|monotonic_ms=170|clock_delta_ms=7.26
7|clock_suspect=0
PMLE_LIVE_REPLAY_TIC|tic=354|mle_ms=78.463|monotonic_ms=80|clock_delta_ms=1.537|
clock_suspect=0
PMLE_LIVE_REPLAY_TIC|tic=355|mle_ms=256.394|monotonic_ms=250|clock_delta_ms=6.39
4|clock_suspect=0
PMLE_LIVE_REPLAY_TIC|tic=356|mle_ms=139.25|monotonic_ms=140|clock_delta_ms=.75|c
lock_suspect=0
PMLE_LIVE_REPLAY_TIC|tic=357|mle_ms=89.878|monotonic_ms=90|clock_delta_ms=.122|c
lock_suspect=0
PMLE_LIVE_REPLAY_TIC|tic=358|mle_ms=155.057|monotonic_ms=160|clock_delta_ms=4.94
3|clock_suspect=0
PMLE_LIVE_REPLAY_TIC|tic=359|mle_ms=179.325|monotonic_ms=180|clock_delta_ms=.675
|clock_suspect=0
PMLE_LIVE_REPLAY_TIC|tic=360|mle_ms=68.091|monotonic_ms=60|clock_delta_ms=8.091|
clock_suspect=0
PMLE_LIVE_REPLAY_TIC|tic=361|mle_ms=161.997|monotonic_ms=170|clock_delta_ms=8.00
3|clock_suspect=0
PMLE_LIVE_REPLAY_TIC|tic=362|mle_ms=127.553|monotonic_ms=120|clock_delta_ms=7.55
3|clock_suspect=0
PMLE_LIVE_REPLAY_TIC|tic=363|mle_ms=80.98|monotonic_ms=90|clock_delta_ms=9.02|cl
ock_suspect=0
PMLE_LIVE_REPLAY_TIC|tic=364|mle_ms=123.016|monotonic_ms=120|clock_delta_ms=3.01
6|clock_suspect=0
PMLE_LIVE_REPLAY_TIC|tic=365|mle_ms=108.176|monotonic_ms=110|clock_delta_ms=1.82
4|clock_suspect=0
PMLE_LIVE_REPLAY_TIC|tic=366|mle_ms=103.114|monotonic_ms=100|clock_delta_ms=3.11
4|clock_suspect=0
PMLE_LIVE_REPLAY_TIC|tic=367|mle_ms=146.269|monotonic_ms=150|clock_delta_ms=3.73
1|clock_suspect=0
PMLE_LIVE_REPLAY_TIC|tic=368|mle_ms=121.526|monotonic_ms=120|clock_delta_ms=1.52
6|clock_suspect=0
PMLE_LIVE_REPLAY_TIC|tic=369|mle_ms=71.221|monotonic_ms=70|clock_delta_ms=1.221|
clock_suspect=0
PMLE_LIVE_REPLAY_TIC|tic=370|mle_ms=145.239|monotonic_ms=140|clock_delta_ms=5.23
9|clock_suspect=0
PMLE_LIVE_REPLAY_TIC|tic=371|mle_ms=127.093|monotonic_ms=130|clock_delta_ms=2.90
7|clock_suspect=0
PMLE_LIVE_REPLAY_TIC|tic=372|mle_ms=53.929|monotonic_ms=60|clock_delta_ms=6.071|
clock_suspect=0
PMLE_LIVE_REPLAY_TIC|tic=373|mle_ms=144.577|monotonic_ms=140|clock_delta_ms=4.57
7|clock_suspect=0
PMLE_LIVE_REPLAY_TIC|tic=374|mle_ms=253.116|monotonic_ms=250|clock_delta_ms=3.11
6|clock_suspect=0
PMLE_LIVE_REPLAY_TIC|tic=375|mle_ms=67.259|monotonic_ms=70|clock_delta_ms=2.741|
clock_suspect=0
PMLE_LIVE_REPLAY_TIC|tic=376|mle_ms=155.816|monotonic_ms=160|clock_delta_ms=4.18
4|clock_suspect=0
PMLE_LIVE_REPLAY_TIC|tic=377|mle_ms=119.617|monotonic_ms=120|clock_delta_ms=.383
|clock_suspect=0
PMLE_LIVE_REPLAY_TIC|tic=378|mle_ms=142.987|monotonic_ms=140|clock_delta_ms=2.98
7|clock_suspect=0
PMLE_LIVE_REPLAY_TIC|tic=379|mle_ms=177.029|monotonic_ms=180|clock_delta_ms=2.97
1|clock_suspect=0
PMLE_LIVE_REPLAY_TIC|tic=380|mle_ms=127.208|monotonic_ms=120|clock_delta_ms=7.20
8|clock_suspect=0
PMLE_LIVE_REPLAY_TIC|tic=381|mle_ms=64.982|monotonic_ms=70|clock_delta_ms=5.018|
clock_suspect=0
PMLE_LIVE_REPLAY_TIC|tic=382|mle_ms=163.535|monotonic_ms=160|clock_delta_ms=3.53
5|clock_suspect=0
PMLE_LIVE_REPLAY_TIC|tic=383|mle_ms=138.217|monotonic_ms=140|clock_delta_ms=1.78
3|clock_suspect=0
PMLE_LIVE_REPLAY_TIC|tic=384|mle_ms=68.975|monotonic_ms=70|clock_delta_ms=1.025|
clock_suspect=0
PMLE_LIVE_REPLAY_TIC|tic=385|mle_ms=155.003|monotonic_ms=150|clock_delta_ms=5.00
3|clock_suspect=0
PMLE_LIVE_REPLAY_TIC|tic=386|mle_ms=226.135|monotonic_ms=230|clock_delta_ms=3.86
5|clock_suspect=0
PMLE_LIVE_REPLAY_TIC|tic=387|mle_ms=108.182|monotonic_ms=110|clock_delta_ms=1.81
8|clock_suspect=0
PMLE_LIVE_REPLAY_TIC|tic=388|mle_ms=312.204|monotonic_ms=310|clock_delta_ms=2.20
4|clock_suspect=0
PMLE_LIVE_REPLAY_TIC|tic=389|mle_ms=141.073|monotonic_ms=140|clock_delta_ms=1.07
3|clock_suspect=0
PMLE_LIVE_REPLAY_TIC|tic=390|mle_ms=89.451|monotonic_ms=90|clock_delta_ms=.549|c
lock_suspect=0
PMLE_LIVE_REPLAY_TIC|tic=391|mle_ms=165.941|monotonic_ms=170|clock_delta_ms=4.05
9|clock_suspect=0
PMLE_LIVE_REPLAY_TIC|tic=392|mle_ms=172.878|monotonic_ms=170|clock_delta_ms=2.87
8|clock_suspect=0
PMLE_LIVE_REPLAY_TIC|tic=393|mle_ms=90.54|monotonic_ms=90|clock_delta_ms=.54|clo
ck_suspect=0
PMLE_LIVE_REPLAY_TIC|tic=394|mle_ms=152.347|monotonic_ms=150|clock_delta_ms=2.34
7|clock_suspect=0
PMLE_LIVE_REPLAY_TIC|tic=395|mle_ms=160.938|monotonic_ms=170|clock_delta_ms=9.06
2|clock_suspect=0
PMLE_LIVE_REPLAY_TIC|tic=396|mle_ms=117.925|monotonic_ms=110|clock_delta_ms=7.92
5|clock_suspect=0
PMLE_LIVE_REPLAY_TIC|tic=397|mle_ms=157.698|monotonic_ms=160|clock_delta_ms=2.30
2|clock_suspect=0
PMLE_LIVE_REPLAY_TIC|tic=398|mle_ms=179.153|monotonic_ms=180|clock_delta_ms=.847
|clock_suspect=0
PMLE_LIVE_REPLAY_TIC|tic=399|mle_ms=80.429|monotonic_ms=80|clock_delta_ms=.429|c
lock_suspect=0
PMLE_LIVE_REPLAY_TIC|tic=400|mle_ms=138.584|monotonic_ms=140|clock_delta_ms=1.41
6|clock_suspect=0
PMLE_LIVE_REPLAY_TIC|tic=401|mle_ms=135.128|monotonic_ms=130|clock_delta_ms=5.12
8|clock_suspect=0
PMLE_LIVE_REPLAY_TIC|tic=402|mle_ms=201.019|monotonic_ms=200|clock_delta_ms=1.01
9|clock_suspect=0
PMLE_LIVE_REPLAY_TIC|tic=403|mle_ms=172.038|monotonic_ms=180|clock_delta_ms=7.96
2|clock_suspect=0
PMLE_LIVE_REPLAY_TIC|tic=404|mle_ms=140.798|monotonic_ms=140|clock_delta_ms=.798
|clock_suspect=0
PMLE_LIVE_REPLAY_TIC|tic=405|mle_ms=95.874|monotonic_ms=90|clock_delta_ms=5.874|
clock_suspect=0
PMLE_LIVE_REPLAY_TIC|tic=406|mle_ms=278.066|monotonic_ms=280|clock_delta_ms=1.93
4|clock_suspect=0
PMLE_LIVE_REPLAY_TIC|tic=407|mle_ms=134.995|monotonic_ms=140|clock_delta_ms=5.00
5|clock_suspect=0
PMLE_LIVE_REPLAY_TIC|tic=408|mle_ms=100.455|monotonic_ms=100|clock_delta_ms=.455
|clock_suspect=0
PMLE_LIVE_REPLAY_TIC|tic=409|mle_ms=138.373|monotonic_ms=130|clock_delta_ms=8.37
3|clock_suspect=0
PMLE_LIVE_REPLAY_TIC|tic=410|mle_ms=162.764|monotonic_ms=170|clock_delta_ms=7.23
6|clock_suspect=0
PMLE_LIVE_REPLAY_TIC|tic=411|mle_ms=143.971|monotonic_ms=140|clock_delta_ms=3.97
1|clock_suspect=0
PMLE_LIVE_REPLAY_TIC|tic=412|mle_ms=151.981|monotonic_ms=150|clock_delta_ms=1.98
1|clock_suspect=0
PMLE_LIVE_REPLAY_TIC|tic=413|mle_ms=164.071|monotonic_ms=170|clock_delta_ms=5.92
9|clock_suspect=0
PMLE_LIVE_REPLAY_TIC|tic=414|mle_ms=96.904|monotonic_ms=100|clock_delta_ms=3.096
|clock_suspect=0
PMLE_LIVE_REPLAY_TIC|tic=415|mle_ms=123.516|monotonic_ms=120|clock_delta_ms=3.51
6|clock_suspect=0
PMLE_LIVE_REPLAY_TIC|tic=416|mle_ms=182.184|monotonic_ms=180|clock_delta_ms=2.18
4|clock_suspect=0
PMLE_LIVE_REPLAY_TIC|tic=417|mle_ms=78.681|monotonic_ms=80|clock_delta_ms=1.319|
clock_suspect=0
PMLE_LIVE_REPLAY_TIC|tic=418|mle_ms=147.779|monotonic_ms=150|clock_delta_ms=2.22
1|clock_suspect=0
PMLE_LIVE_REPLAY_TIC|tic=419|mle_ms=134.702|monotonic_ms=130|clock_delta_ms=4.70
2|clock_suspect=0
PMLE_LIVE_REPLAY_TIC|tic=420|mle_ms=107.262|monotonic_ms=110|clock_delta_ms=2.73
8|clock_suspect=0
PMLE_LIVE_REPLAY_TIC|tic=421|mle_ms=32.792|monotonic_ms=140|clock_delta_ms=107.2
08|clock_suspect=1
PMLE_LIVE_REPLAY_TIC|tic=422|mle_ms=146.001|monotonic_ms=140|clock_delta_ms=6.00
1|clock_suspect=0
PMLE_LIVE_REPLAY_TIC|tic=423|mle_ms=112.491|monotonic_ms=110|clock_delta_ms=2.49
1|clock_suspect=0
PMLE_LIVE_REPLAY_TIC|tic=424|mle_ms=164.427|monotonic_ms=170|clock_delta_ms=5.57
3|clock_suspect=0
PMLE_LIVE_REPLAY_TIC|tic=425|mle_ms=335.313|monotonic_ms=330|clock_delta_ms=5.31
3|clock_suspect=0
PMLE_LIVE_REPLAY_TIC|tic=426|mle_ms=159.007|monotonic_ms=160|clock_delta_ms=.993
|clock_suspect=0
PMLE_LIVE_REPLAY_TIC|tic=427|mle_ms=147.89|monotonic_ms=150|clock_delta_ms=2.11|
clock_suspect=0
PMLE_LIVE_REPLAY_TIC|tic=428|mle_ms=127.782|monotonic_ms=130|clock_delta_ms=2.21
8|clock_suspect=0
PMLE_LIVE_REPLAY_TIC|tic=429|mle_ms=151.575|monotonic_ms=150|clock_delta_ms=1.57
5|clock_suspect=0
PMLE_LIVE_REPLAY_TIC|tic=430|mle_ms=155.61|monotonic_ms=160|clock_delta_ms=4.39|
clock_suspect=0
PMLE_LIVE_REPLAY_TIC|tic=431|mle_ms=116.362|monotonic_ms=110|clock_delta_ms=6.36
2|clock_suspect=0
PMLE_LIVE_REPLAY_TIC|tic=432|mle_ms=84.357|monotonic_ms=90|clock_delta_ms=5.643|
clock_suspect=0
PMLE_LIVE_REPLAY_TIC|tic=433|mle_ms=149.554|monotonic_ms=150|clock_delta_ms=.446
|clock_suspect=0
PMLE_LIVE_REPLAY_TIC|tic=434|mle_ms=152.923|monotonic_ms=150|clock_delta_ms=2.92
3|clock_suspect=0
PMLE_LIVE_REPLAY_TIC|tic=435|mle_ms=80.744|monotonic_ms=80|clock_delta_ms=.744|c
lock_suspect=0
PMLE_LIVE_REPLAY_TIC|tic=436|mle_ms=142.178|monotonic_ms=140|clock_delta_ms=2.17
8|clock_suspect=0
PMLE_LIVE_REPLAY_TIC|tic=437|mle_ms=113.102|monotonic_ms=120|clock_delta_ms=6.89
8|clock_suspect=0
PMLE_LIVE_REPLAY_TIC|tic=438|mle_ms=122.762|monotonic_ms=120|clock_delta_ms=2.76
2|clock_suspect=0
PMLE_LIVE_REPLAY_TIC|tic=439|mle_ms=118.322|monotonic_ms=120|clock_delta_ms=1.67
8|clock_suspect=0
PMLE_LIVE_REPLAY_TIC|tic=440|mle_ms=96.8|monotonic_ms=90|clock_delta_ms=6.8|cloc
k_suspect=0
PMLE_LIVE_REPLAY_TIC|tic=441|mle_ms=74.142|monotonic_ms=80|clock_delta_ms=5.858|
clock_suspect=0
PMLE_LIVE_REPLAY_TIC|tic=442|mle_ms=142.855|monotonic_ms=140|clock_delta_ms=2.85
5|clock_suspect=0
PMLE_LIVE_REPLAY_TIC|tic=443|mle_ms=98.943|monotonic_ms=100|clock_delta_ms=1.057
|clock_suspect=0
PMLE_LIVE_REPLAY_TIC|tic=444|mle_ms=60.677|monotonic_ms=60|clock_delta_ms=.677|c
lock_suspect=0
PMLE_LIVE_REPLAY_TIC|tic=445|mle_ms=221.98|monotonic_ms=220|clock_delta_ms=1.98|
clock_suspect=0
PMLE_LIVE_REPLAY_TIC|tic=446|mle_ms=178.629|monotonic_ms=180|clock_delta_ms=1.37
1|clock_suspect=0
PMLE_LIVE_REPLAY_TIC|tic=447|mle_ms=61.926|monotonic_ms=60|clock_delta_ms=1.926|
clock_suspect=0
PMLE_LIVE_REPLAY_TIC|tic=448|mle_ms=102.588|monotonic_ms=110|clock_delta_ms=7.41
2|clock_suspect=0
PMLE_LIVE_REPLAY_TIC|tic=449|mle_ms=133.378|monotonic_ms=130|clock_delta_ms=3.37
8|clock_suspect=0
PMLE_LIVE_REPLAY_TIC|tic=450|mle_ms=91.551|monotonic_ms=90|clock_delta_ms=1.551|
clock_suspect=0
PMLE_LIVE_REPLAY_TIC|tic=451|mle_ms=155.435|monotonic_ms=160|clock_delta_ms=4.56
5|clock_suspect=0
PMLE_LIVE_REPLAY_TIC|tic=452|mle_ms=115.069|monotonic_ms=110|clock_delta_ms=5.06
9|clock_suspect=0
PMLE_LIVE_REPLAY_TIC|tic=453|mle_ms=95.842|monotonic_ms=100|clock_delta_ms=4.158
|clock_suspect=0
PMLE_LIVE_REPLAY_TIC|tic=454|mle_ms=168.399|monotonic_ms=170|clock_delta_ms=1.60
1|clock_suspect=0
PMLE_LIVE_REPLAY_TIC|tic=455|mle_ms=87.413|monotonic_ms=80|clock_delta_ms=7.413|
clock_suspect=0
PMLE_LIVE_REPLAY_TIC|tic=456|mle_ms=99.793|monotonic_ms=100|clock_delta_ms=.207|
clock_suspect=0
PMLE_LIVE_REPLAY_TIC|tic=457|mle_ms=131.434|monotonic_ms=140|clock_delta_ms=8.56
6|clock_suspect=0
PMLE_LIVE_REPLAY_TIC|tic=458|mle_ms=143.848|monotonic_ms=140|clock_delta_ms=3.84
8|clock_suspect=0
PMLE_LIVE_REPLAY_TIC|tic=459|mle_ms=75.559|monotonic_ms=80|clock_delta_ms=4.441|
clock_suspect=0
PMLE_LIVE_REPLAY_TIC|tic=460|mle_ms=121.725|monotonic_ms=120|clock_delta_ms=1.72
5|clock_suspect=0
PMLE_LIVE_REPLAY_TIC|tic=461|mle_ms=96.679|monotonic_ms=90|clock_delta_ms=6.679|
clock_suspect=0
PMLE_LIVE_REPLAY_TIC|tic=462|mle_ms=97.611|monotonic_ms=100|clock_delta_ms=2.389
|clock_suspect=0
PMLE_LIVE_REPLAY_TIC|tic=463|mle_ms=125.469|monotonic_ms=130|clock_delta_ms=4.53
1|clock_suspect=0
PMLE_LIVE_REPLAY_TIC|tic=464|mle_ms=95.89|monotonic_ms=90|clock_delta_ms=5.89|cl
ock_suspect=0
PMLE_LIVE_REPLAY_TIC|tic=465|mle_ms=175.364|monotonic_ms=180|clock_delta_ms=4.63
6|clock_suspect=0
PMLE_LIVE_REPLAY_TIC|tic=466|mle_ms=175.509|monotonic_ms=170|clock_delta_ms=5.50
9|clock_suspect=0
PMLE_LIVE_REPLAY_TIC|tic=467|mle_ms=91.565|monotonic_ms=100|clock_delta_ms=8.435
|clock_suspect=0
PMLE_LIVE_REPLAY_TIC|tic=468|mle_ms=90.525|monotonic_ms=90|clock_delta_ms=.525|c
lock_suspect=0
PMLE_LIVE_REPLAY_TIC|tic=469|mle_ms=184.504|monotonic_ms=180|clock_delta_ms=4.50
4|clock_suspect=0
PMLE_LIVE_REPLAY_TIC|tic=470|mle_ms=125.011|monotonic_ms=130|clock_delta_ms=4.98
9|clock_suspect=0
PMLE_LIVE_REPLAY_TIC|tic=471|mle_ms=68.177|monotonic_ms=60|clock_delta_ms=8.177|
clock_suspect=0
PMLE_LIVE_REPLAY_TIC|tic=472|mle_ms=119.579|monotonic_ms=120|clock_delta_ms=.421
|clock_suspect=0
PMLE_LIVE_REPLAY_TIC|tic=473|mle_ms=103.619|monotonic_ms=110|clock_delta_ms=6.38
1|clock_suspect=0
PMLE_LIVE_REPLAY_TIC|tic=474|mle_ms=164.337|monotonic_ms=160|clock_delta_ms=4.33
7|clock_suspect=0
PMLE_LIVE_REPLAY_TIC|tic=475|mle_ms=123.158|monotonic_ms=130|clock_delta_ms=6.84
2|clock_suspect=0
PMLE_LIVE_REPLAY_TIC|tic=476|mle_ms=120.658|monotonic_ms=120|clock_delta_ms=.658
|clock_suspect=0
PMLE_LIVE_REPLAY_TIC|tic=477|mle_ms=73.547|monotonic_ms=70|clock_delta_ms=3.547|
clock_suspect=0
PMLE_LIVE_REPLAY_TIC|tic=478|mle_ms=116.906|monotonic_ms=120|clock_delta_ms=3.09
4|clock_suspect=0
PMLE_LIVE_REPLAY_TIC|tic=479|mle_ms=196.703|monotonic_ms=190|clock_delta_ms=6.70
3|clock_suspect=0
PMLE_LIVE_REPLAY_TIC|tic=480|mle_ms=69.619|monotonic_ms=70|clock_delta_ms=.381|c
lock_suspect=0
PMLE_LIVE_REPLAY_TIC|tic=481|mle_ms=113.714|monotonic_ms=120|clock_delta_ms=6.28
6|clock_suspect=0
PMLE_LIVE_REPLAY_TIC|tic=482|mle_ms=93.582|monotonic_ms=90|clock_delta_ms=3.582|
clock_suspect=0
PMLE_LIVE_REPLAY_TIC|tic=483|mle_ms=135.496|monotonic_ms=140|clock_delta_ms=4.50
4|clock_suspect=0
PMLE_LIVE_REPLAY_TIC|tic=484|mle_ms=115.654|monotonic_ms=110|clock_delta_ms=5.65
4|clock_suspect=0
PMLE_LIVE_REPLAY_TIC|tic=485|mle_ms=89.617|monotonic_ms=90|clock_delta_ms=.383|c
lock_suspect=0
PMLE_LIVE_REPLAY_TIC|tic=486|mle_ms=129.861|monotonic_ms=130|clock_delta_ms=.139
|clock_suspect=0
PMLE_LIVE_REPLAY_TIC|tic=487|mle_ms=98.931|monotonic_ms=100|clock_delta_ms=1.069
|clock_suspect=0
PMLE_LIVE_REPLAY_TIC|tic=488|mle_ms=81.294|monotonic_ms=80|clock_delta_ms=1.294|
clock_suspect=0
PMLE_LIVE_REPLAY_TIC|tic=489|mle_ms=79.391|monotonic_ms=80|clock_delta_ms=.609|c
lock_suspect=0
PMLE_LIVE_REPLAY_TIC|tic=490|mle_ms=125.769|monotonic_ms=130|clock_delta_ms=4.23
1|clock_suspect=0
PMLE_LIVE_REPLAY_TIC|tic=491|mle_ms=75.883|monotonic_ms=70|clock_delta_ms=5.883|
clock_suspect=0
PMLE_LIVE_REPLAY_TIC|tic=492|mle_ms=74.758|monotonic_ms=80|clock_delta_ms=5.242|
clock_suspect=0
PMLE_LIVE_REPLAY_TIC|tic=493|mle_ms=122.435|monotonic_ms=120|clock_delta_ms=2.43
5|clock_suspect=0
PMLE_LIVE_REPLAY_TIC|tic=494|mle_ms=116.72|monotonic_ms=120|clock_delta_ms=3.28|
clock_suspect=0
PMLE_LIVE_REPLAY_TIC|tic=495|mle_ms=86.556|monotonic_ms=80|clock_delta_ms=6.556|
clock_suspect=0
PMLE_LIVE_REPLAY_TIC|tic=496|mle_ms=156.899|monotonic_ms=160|clock_delta_ms=3.10
1|clock_suspect=0
PMLE_LIVE_REPLAY_TIC|tic=497|mle_ms=87.805|monotonic_ms=90|clock_delta_ms=2.195|
clock_suspect=0
PMLE_LIVE_REPLAY_TIC|tic=498|mle_ms=230.139|monotonic_ms=230|clock_delta_ms=.139
|clock_suspect=0
PMLE_LIVE_REPLAY_TIC|tic=499|mle_ms=105.888|monotonic_ms=110|clock_delta_ms=4.11
2|clock_suspect=0
PMLE_LIVE_REPLAY_TIC|tic=500|mle_ms=132.961|monotonic_ms=130|clock_delta_ms=2.96
1|clock_suspect=0
PMLE_LIVE_REPLAY_TIC|tic=501|mle_ms=99.543|monotonic_ms=100|clock_delta_ms=.457|
clock_suspect=0
PMLE_LIVE_REPLAY_TIC|tic=502|mle_ms=172.676|monotonic_ms=170|clock_delta_ms=2.67
6|clock_suspect=0
PMLE_LIVE_REPLAY_TIC|tic=503|mle_ms=92.261|monotonic_ms=90|clock_delta_ms=2.261|
clock_suspect=0
PMLE_LIVE_REPLAY_TIC|tic=504|mle_ms=63.634|monotonic_ms=70|clock_delta_ms=6.366|
clock_suspect=0
PMLE_LIVE_REPLAY_TIC|tic=505|mle_ms=84.4|monotonic_ms=80|clock_delta_ms=4.4|cloc
k_suspect=0
PMLE_LIVE_REPLAY_TIC|tic=506|mle_ms=129.42|monotonic_ms=130|clock_delta_ms=.58|c
lock_suspect=0
PMLE_LIVE_REPLAY_TIC|tic=507|mle_ms=63.897|monotonic_ms=70|clock_delta_ms=6.103|
clock_suspect=0
PMLE_LIVE_REPLAY_TIC|tic=508|mle_ms=99.69|monotonic_ms=100|clock_delta_ms=.31|cl
ock_suspect=0
PMLE_LIVE_REPLAY_TIC|tic=509|mle_ms=71.842|monotonic_ms=70|clock_delta_ms=1.842|
clock_suspect=0
PMLE_LIVE_REPLAY_TIC|tic=510|mle_ms=90.77|monotonic_ms=90|clock_delta_ms=.77|clo
ck_suspect=0
PMLE_LIVE_REPLAY_TIC|tic=511|mle_ms=106.973|monotonic_ms=100|clock_delta_ms=6.97
3|clock_suspect=0
PMLE_LIVE_REPLAY_TIC|tic=512|mle_ms=106.969|monotonic_ms=110|clock_delta_ms=3.03
1|clock_suspect=0
PMLE_LIVE_REPLAY_TIC|tic=513|mle_ms=56.572|monotonic_ms=60|clock_delta_ms=3.428|
clock_suspect=0
PMLE_LIVE_REPLAY_TIC|tic=514|mle_ms=97.165|monotonic_ms=100|clock_delta_ms=2.835
|clock_suspect=0
PMLE_LIVE_REPLAY_TIC|tic=515|mle_ms=100.406|monotonic_ms=100|clock_delta_ms=.406
|clock_suspect=0
PMLE_LIVE_REPLAY_TIC|tic=516|mle_ms=146.208|monotonic_ms=140|clock_delta_ms=6.20
8|clock_suspect=0
PMLE_LIVE_REPLAY_TIC|tic=517|mle_ms=112.471|monotonic_ms=120|clock_delta_ms=7.52
9|clock_suspect=0
PMLE_LIVE_REPLAY_TIC|tic=518|mle_ms=107.575|monotonic_ms=100|clock_delta_ms=7.57
5|clock_suspect=0
PMLE_LIVE_REPLAY_TIC|tic=519|mle_ms=170.448|monotonic_ms=170|clock_delta_ms=.448
|clock_suspect=0
PMLE_LIVE_REPLAY_TIC|tic=520|mle_ms=113.579|monotonic_ms=120|clock_delta_ms=6.42
1|clock_suspect=0
PMLE_LIVE_REPLAY_TIC|tic=521|mle_ms=89.957|monotonic_ms=90|clock_delta_ms=.043|c
lock_suspect=0
PMLE_LIVE_REPLAY_TIC|tic=522|mle_ms=163.543|monotonic_ms=160|clock_delta_ms=3.54
3|clock_suspect=0
PMLE_LIVE_REPLAY_TIC|tic=523|mle_ms=156.227|monotonic_ms=160|clock_delta_ms=3.77
3|clock_suspect=0
PMLE_LIVE_REPLAY_TIC|tic=524|mle_ms=107.427|monotonic_ms=100|clock_delta_ms=7.42
7|clock_suspect=0
PMLE_LIVE_REPLAY_TIC|tic=525|mle_ms=64.255|monotonic_ms=70|clock_delta_ms=5.745|
clock_suspect=0
PMLE_LIVE_REPLAY_TIC|tic=526|mle_ms=161.31|monotonic_ms=160|clock_delta_ms=1.31|
clock_suspect=0
PMLE_LIVE_REPLAY_TIC|tic=527|mle_ms=102.657|monotonic_ms=100|clock_delta_ms=2.65
7|clock_suspect=0
PMLE_LIVE_REPLAY_TIC|tic=528|mle_ms=85.782|monotonic_ms=90|clock_delta_ms=4.218|
clock_suspect=0
PMLE_LIVE_REPLAY_TIC|tic=529|mle_ms=95.666|monotonic_ms=90|clock_delta_ms=5.666|
clock_suspect=0
PMLE_LIVE_REPLAY_TIC|tic=530|mle_ms=108.278|monotonic_ms=110|clock_delta_ms=1.72
2|clock_suspect=0
PMLE_LIVE_REPLAY_TIC|tic=531|mle_ms=74.003|monotonic_ms=80|clock_delta_ms=5.997|
clock_suspect=0
PMLE_LIVE_REPLAY_TIC|tic=532|mle_ms=115.822|monotonic_ms=110|clock_delta_ms=5.82
2|clock_suspect=0
PMLE_LIVE_REPLAY_TIC|tic=533|mle_ms=98.687|monotonic_ms=100|clock_delta_ms=1.313
|clock_suspect=0
PMLE_LIVE_REPLAY_TIC|tic=534|mle_ms=82.757|monotonic_ms=80|clock_delta_ms=2.757|
clock_suspect=0
PMLE_LIVE_REPLAY_TIC|tic=535|mle_ms=78.759|monotonic_ms=80|clock_delta_ms=1.241|
clock_suspect=0
PMLE_LIVE_REPLAY_TIC|tic=536|mle_ms=79.168|monotonic_ms=80|clock_delta_ms=.832|c
lock_suspect=0
PMLE_LIVE_REPLAY_TIC|tic=537|mle_ms=91.656|monotonic_ms=90|clock_delta_ms=1.656|
clock_suspect=0
PMLE_LIVE_REPLAY_TIC|tic=538|mle_ms=146.896|monotonic_ms=150|clock_delta_ms=3.10
4|clock_suspect=0
PMLE_LIVE_REPLAY_TIC|tic=539|mle_ms=82.885|monotonic_ms=80|clock_delta_ms=2.885|
clock_suspect=0
PMLE_LIVE_REPLAY_TIC|tic=540|mle_ms=85.911|monotonic_ms=90|clock_delta_ms=4.089|
clock_suspect=0
PMLE_LIVE_REPLAY_TIC|tic=541|mle_ms=211.183|monotonic_ms=210|clock_delta_ms=1.18
3|clock_suspect=0
PMLE_LIVE_REPLAY_TIC|tic=542|mle_ms=77.099|monotonic_ms=80|clock_delta_ms=2.901|
clock_suspect=0
PMLE_LIVE_REPLAY_TIC|tic=543|mle_ms=95.168|monotonic_ms=90|clock_delta_ms=5.168|
clock_suspect=0
PMLE_LIVE_REPLAY_TIC|tic=544|mle_ms=116.926|monotonic_ms=120|clock_delta_ms=3.07
4|clock_suspect=0
PMLE_LIVE_REPLAY_TIC|tic=545|mle_ms=140.165|monotonic_ms=140|clock_delta_ms=.165
|clock_suspect=0
PMLE_LIVE_REPLAY_TIC|tic=546|mle_ms=110.557|monotonic_ms=110|clock_delta_ms=.557
|clock_suspect=0
PMLE_LIVE_REPLAY_TIC|tic=547|mle_ms=102.558|monotonic_ms=100|clock_delta_ms=2.55
8|clock_suspect=0
PMLE_LIVE_REPLAY_TIC|tic=548|mle_ms=97.088|monotonic_ms=100|clock_delta_ms=2.912
|clock_suspect=0
PMLE_LIVE_REPLAY_TIC|tic=549|mle_ms=78.335|monotonic_ms=80|clock_delta_ms=1.665|
clock_suspect=0
PMLE_LIVE_REPLAY_TIC|tic=550|mle_ms=166.359|monotonic_ms=170|clock_delta_ms=3.64
1|clock_suspect=0
PMLE_LIVE_REPLAY_TIC|tic=551|mle_ms=58.568|monotonic_ms=50|clock_delta_ms=8.568|
clock_suspect=0
PMLE_LIVE_REPLAY_TIC|tic=552|mle_ms=83.042|monotonic_ms=90|clock_delta_ms=6.958|
clock_suspect=0
PMLE_LIVE_REPLAY_TIC|tic=553|mle_ms=103.077|monotonic_ms=100|clock_delta_ms=3.07
7|clock_suspect=0
PMLE_LIVE_REPLAY_TIC|tic=554|mle_ms=93.414|monotonic_ms=90|clock_delta_ms=3.414|
clock_suspect=0
PMLE_LIVE_REPLAY_TIC|tic=555|mle_ms=66.104|monotonic_ms=70|clock_delta_ms=3.896|
clock_suspect=0
PMLE_LIVE_REPLAY_TIC|tic=556|mle_ms=120.736|monotonic_ms=120|clock_delta_ms=.736
|clock_suspect=0
PMLE_LIVE_REPLAY_TIC|tic=557|mle_ms=85.176|monotonic_ms=90|clock_delta_ms=4.824|
clock_suspect=0
PMLE_LIVE_REPLAY_TIC|tic=558|mle_ms=157.527|monotonic_ms=150|clock_delta_ms=7.52
7|clock_suspect=0
PMLE_LIVE_REPLAY_TIC|tic=559|mle_ms=86.289|monotonic_ms=90|clock_delta_ms=3.711|
clock_suspect=0
PMLE_LIVE_REPLAY_TIC|tic=560|mle_ms=189.066|monotonic_ms=190|clock_delta_ms=.934
|clock_suspect=0
PMLE_LIVE_REPLAY_TIC|tic=561|mle_ms=85.692|monotonic_ms=90|clock_delta_ms=4.308|
clock_suspect=0
PMLE_LIVE_REPLAY_TIC|tic=562|mle_ms=99.776|monotonic_ms=100|clock_delta_ms=.224|
clock_suspect=0
PMLE_LIVE_REPLAY_TIC|tic=563|mle_ms=76.618|monotonic_ms=70|clock_delta_ms=6.618|
clock_suspect=0
PMLE_LIVE_REPLAY_TIC|tic=564|mle_ms=202.799|monotonic_ms=210|clock_delta_ms=7.20
1|clock_suspect=0
PMLE_LIVE_REPLAY_TIC|tic=565|mle_ms=94.494|monotonic_ms=90|clock_delta_ms=4.494|
clock_suspect=0
PMLE_LIVE_REPLAY_TIC|tic=566|mle_ms=132.331|monotonic_ms=130|clock_delta_ms=2.33
1|clock_suspect=0
PMLE_LIVE_REPLAY_TIC|tic=567|mle_ms=100.79|monotonic_ms=100|clock_delta_ms=.79|c
lock_suspect=0
PMLE_LIVE_REPLAY_TIC|tic=568|mle_ms=98.843|monotonic_ms=100|clock_delta_ms=1.157
|clock_suspect=0
PMLE_LIVE_REPLAY_TIC|tic=569|mle_ms=85.955|monotonic_ms=90|clock_delta_ms=4.045|
clock_suspect=0
PMLE_LIVE_REPLAY_TIC|tic=570|mle_ms=106.183|monotonic_ms=100|clock_delta_ms=6.18
3|clock_suspect=0
PMLE_LIVE_REPLAY_TIC|tic=571|mle_ms=101.357|monotonic_ms=110|clock_delta_ms=8.64
3|clock_suspect=0
PMLE_LIVE_REPLAY_TIC|tic=572|mle_ms=76.269|monotonic_ms=70|clock_delta_ms=6.269|
clock_suspect=0
PMLE_LIVE_REPLAY_TIC|tic=573|mle_ms=93.013|monotonic_ms=90|clock_delta_ms=3.013|
clock_suspect=0
PMLE_LIVE_REPLAY_TIC|tic=574|mle_ms=124.441|monotonic_ms=130|clock_delta_ms=5.55
9|clock_suspect=0
PMLE_LIVE_REPLAY_TIC|tic=575|mle_ms=61.996|monotonic_ms=60|clock_delta_ms=1.996|
clock_suspect=0
PMLE_LIVE_REPLAY_TIC|tic=576|mle_ms=112.968|monotonic_ms=110|clock_delta_ms=2.96
8|clock_suspect=0
PMLE_LIVE_REPLAY_TIC|tic=577|mle_ms=102.434|monotonic_ms=110|clock_delta_ms=7.56
6|clock_suspect=0
PMLE_LIVE_REPLAY_TIC|tic=578|mle_ms=104.195|monotonic_ms=100|clock_delta_ms=4.19
5|clock_suspect=0
PMLE_LIVE_REPLAY_TIC|tic=579|mle_ms=244.818|monotonic_ms=250|clock_delta_ms=5.18
2|clock_suspect=0
PMLE_LIVE_REPLAY_TIC|tic=580|mle_ms=115.735|monotonic_ms=110|clock_delta_ms=5.73
5|clock_suspect=0
PMLE_LIVE_REPLAY_TIC|tic=581|mle_ms=69.576|monotonic_ms=70|clock_delta_ms=.424|c
lock_suspect=0
PMLE_LIVE_REPLAY_TIC|tic=582|mle_ms=110.453|monotonic_ms=110|clock_delta_ms=.453
|clock_suspect=0
PMLE_LIVE_REPLAY_TIC|tic=583|mle_ms=167.966|monotonic_ms=170|clock_delta_ms=2.03
4|clock_suspect=0
PMLE_LIVE_REPLAY_TIC|tic=584|mle_ms=76.563|monotonic_ms=80|clock_delta_ms=3.437|
clock_suspect=0
PMLE_LIVE_REPLAY_TIC|tic=585|mle_ms=135.715|monotonic_ms=130|clock_delta_ms=5.71
5|clock_suspect=0
PMLE_LIVE_REPLAY_TIC|tic=586|mle_ms=135.686|monotonic_ms=140|clock_delta_ms=4.31
4|clock_suspect=0
PMLE_LIVE_REPLAY_TIC|tic=587|mle_ms=71.62|monotonic_ms=70|clock_delta_ms=1.62|cl
ock_suspect=0
PMLE_LIVE_REPLAY_TIC|tic=588|mle_ms=94.184|monotonic_ms=90|clock_delta_ms=4.184|
clock_suspect=0
PMLE_LIVE_REPLAY_TIC|tic=589|mle_ms=106.123|monotonic_ms=110|clock_delta_ms=3.87
7|clock_suspect=0
PMLE_LIVE_REPLAY_TIC|tic=590|mle_ms=103.779|monotonic_ms=100|clock_delta_ms=3.77
9|clock_suspect=0
PMLE_LIVE_REPLAY_TIC|tic=591|mle_ms=97.442|monotonic_ms=100|clock_delta_ms=2.558
|clock_suspect=0
PMLE_LIVE_REPLAY_TIC|tic=592|mle_ms=113.687|monotonic_ms=120|clock_delta_ms=6.31
3|clock_suspect=0
PMLE_LIVE_REPLAY_TIC|tic=593|mle_ms=67.833|monotonic_ms=60|clock_delta_ms=7.833|
clock_suspect=0
PMLE_LIVE_REPLAY_TIC|tic=594|mle_ms=107.983|monotonic_ms=110|clock_delta_ms=2.01
7|clock_suspect=0
PMLE_LIVE_REPLAY_TIC|tic=595|mle_ms=101.921|monotonic_ms=100|clock_delta_ms=1.92
1|clock_suspect=0
PMLE_LIVE_REPLAY_TIC|tic=596|mle_ms=89.682|monotonic_ms=90|clock_delta_ms=.318|c
lock_suspect=0
PMLE_LIVE_REPLAY_TIC|tic=597|mle_ms=83.137|monotonic_ms=90|clock_delta_ms=6.863|
clock_suspect=0
PMLE_LIVE_REPLAY_TIC|tic=598|mle_ms=96.666|monotonic_ms=90|clock_delta_ms=6.666|
clock_suspect=0
PMLE_LIVE_REPLAY_TIC|tic=599|mle_ms=166.019|monotonic_ms=170|clock_delta_ms=3.98
1|clock_suspect=0
PMLE_LIVE_REPLAY_TIC|tic=600|mle_ms=110.486|monotonic_ms=110|clock_delta_ms=.486
|clock_suspect=0
PMLE_LIVE_REPLAY_TIC|tic=601|mle_ms=107.097|monotonic_ms=110|clock_delta_ms=2.90
3|clock_suspect=0
PMLE_LIVE_REPLAY_TIC|tic=602|mle_ms=65.121|monotonic_ms=60|clock_delta_ms=5.121|
clock_suspect=0
PMLE_LIVE_REPLAY_TIC|tic=603|mle_ms=189.197|monotonic_ms=190|clock_delta_ms=.803
|clock_suspect=0
PMLE_LIVE_REPLAY_TIC|tic=604|mle_ms=146.869|monotonic_ms=150|clock_delta_ms=3.13
1|clock_suspect=0
PMLE_LIVE_REPLAY_TIC|tic=605|mle_ms=72.408|monotonic_ms=70|clock_delta_ms=2.408|
clock_suspect=0
PMLE_LIVE_REPLAY_TIC|tic=606|mle_ms=130.122|monotonic_ms=130|clock_delta_ms=.122
|clock_suspect=0
PMLE_LIVE_REPLAY_TIC|tic=607|mle_ms=99.003|monotonic_ms=100|clock_delta_ms=.997|
clock_suspect=0
PMLE_LIVE_REPLAY_TIC|tic=608|mle_ms=100.254|monotonic_ms=100|clock_delta_ms=.254
|clock_suspect=0
PMLE_LIVE_REPLAY_TIC|tic=609|mle_ms=137.401|monotonic_ms=140|clock_delta_ms=2.59
9|clock_suspect=0
PMLE_LIVE_REPLAY_TIC|tic=610|mle_ms=106.977|monotonic_ms=100|clock_delta_ms=6.97
7|clock_suspect=0
PMLE_LIVE_REPLAY_TIC|tic=611|mle_ms=72.981|monotonic_ms=80|clock_delta_ms=7.019|
clock_suspect=0
PMLE_LIVE_REPLAY_TIC|tic=612|mle_ms=104.776|monotonic_ms=100|clock_delta_ms=4.77
6|clock_suspect=0
PMLE_LIVE_REPLAY_TIC|tic=613|mle_ms=116.599|monotonic_ms=120|clock_delta_ms=3.40
1|clock_suspect=0
PMLE_LIVE_REPLAY_TIC|tic=614|mle_ms=115.561|monotonic_ms=110|clock_delta_ms=5.56
1|clock_suspect=0
PMLE_LIVE_REPLAY_TIC|tic=615|mle_ms=105.539|monotonic_ms=110|clock_delta_ms=4.46
1|clock_suspect=0
PMLE_LIVE_REPLAY_TIC|tic=616|mle_ms=161.518|monotonic_ms=160|clock_delta_ms=1.51
8|clock_suspect=0
PMLE_LIVE_REPLAY_TIC|tic=617|mle_ms=85.679|monotonic_ms=90|clock_delta_ms=4.321|
clock_suspect=0
PMLE_LIVE_REPLAY_TIC|tic=618|mle_ms=216.62|monotonic_ms=210|clock_delta_ms=6.62|
clock_suspect=0
PMLE_LIVE_REPLAY_TIC|tic=619|mle_ms=110.253|monotonic_ms=110|clock_delta_ms=.253
|clock_suspect=0
PMLE_LIVE_REPLAY_TIC|tic=620|mle_ms=90.241|monotonic_ms=90|clock_delta_ms=.241|c
lock_suspect=0
PMLE_LIVE_REPLAY_TIC|tic=621|mle_ms=87.832|monotonic_ms=90|clock_delta_ms=2.168|
clock_suspect=0
PMLE_LIVE_REPLAY_TIC|tic=622|mle_ms=157.462|monotonic_ms=160|clock_delta_ms=2.53
8|clock_suspect=0
PMLE_LIVE_REPLAY_TIC|tic=623|mle_ms=86.811|monotonic_ms=90|clock_delta_ms=3.189|
clock_suspect=0
PMLE_LIVE_REPLAY_TIC|tic=624|mle_ms=113.022|monotonic_ms=110|clock_delta_ms=3.02
2|clock_suspect=0
PMLE_LIVE_REPLAY_TIC|tic=625|mle_ms=83.968|monotonic_ms=80|clock_delta_ms=3.968|
clock_suspect=0
PMLE_LIVE_REPLAY_TIC|tic=626|mle_ms=108.923|monotonic_ms=110|clock_delta_ms=1.07
7|clock_suspect=0
PMLE_LIVE_REPLAY_TIC|tic=627|mle_ms=93.729|monotonic_ms=100|clock_delta_ms=6.271
|clock_suspect=0
PMLE_LIVE_REPLAY_TIC|tic=628|mle_ms=102.696|monotonic_ms=100|clock_delta_ms=2.69
6|clock_suspect=0
PMLE_LIVE_REPLAY_TIC|tic=629|mle_ms=98.52|monotonic_ms=100|clock_delta_ms=1.48|c
lock_suspect=0
PMLE_LIVE_REPLAY_TIC|tic=630|mle_ms=119.016|monotonic_ms=120|clock_delta_ms=.984
|clock_suspect=0
PMLE_LIVE_REPLAY_TIC|tic=631|mle_ms=78.861|monotonic_ms=80|clock_delta_ms=1.139|
clock_suspect=0
PMLE_LIVE_REPLAY_TIC|tic=632|mle_ms=84.984|monotonic_ms=80|clock_delta_ms=4.984|
clock_suspect=0
PMLE_LIVE_REPLAY_TIC|tic=633|mle_ms=117.629|monotonic_ms=120|clock_delta_ms=2.37
1|clock_suspect=0
PMLE_LIVE_REPLAY_TIC|tic=634|mle_ms=133.877|monotonic_ms=130|clock_delta_ms=3.87
7|clock_suspect=0
PMLE_LIVE_REPLAY_TIC|tic=635|mle_ms=103.211|monotonic_ms=110|clock_delta_ms=6.78
9|clock_suspect=0
PMLE_LIVE_REPLAY_TIC|tic=636|mle_ms=99.083|monotonic_ms=90|clock_delta_ms=9.083|
clock_suspect=0
PMLE_LIVE_REPLAY_TIC|tic=637|mle_ms=196.795|monotonic_ms=200|clock_delta_ms=3.20
5|clock_suspect=0
PMLE_LIVE_REPLAY_TIC|tic=638|mle_ms=107.621|monotonic_ms=110|clock_delta_ms=2.37
9|clock_suspect=0
PMLE_LIVE_REPLAY_TIC|tic=639|mle_ms=89.18|monotonic_ms=90|clock_delta_ms=.82|clo
ck_suspect=0
PMLE_LIVE_REPLAY_TIC|tic=640|mle_ms=91.29|monotonic_ms=90|clock_delta_ms=1.29|cl
ock_suspect=0
PMLE_LIVE_REPLAY_TIC|tic=641|mle_ms=149.606|monotonic_ms=150|clock_delta_ms=.394
|clock_suspect=0
PMLE_LIVE_REPLAY_TIC|tic=642|mle_ms=124.076|monotonic_ms=120|clock_delta_ms=4.07
6|clock_suspect=0
PMLE_LIVE_REPLAY_TIC|tic=643|mle_ms=94.78|monotonic_ms=100|clock_delta_ms=5.22|c
lock_suspect=0
PMLE_LIVE_REPLAY_TIC|tic=644|mle_ms=97.957|monotonic_ms=100|clock_delta_ms=2.043
|clock_suspect=0
PMLE_LIVE_REPLAY_TIC|tic=645|mle_ms=46.132|monotonic_ms=40|clock_delta_ms=6.132|
clock_suspect=0
PMLE_LIVE_REPLAY_TIC|tic=646|mle_ms=121.695|monotonic_ms=120|clock_delta_ms=1.69
5|clock_suspect=0
PMLE_LIVE_REPLAY_TIC|tic=647|mle_ms=101.376|monotonic_ms=110|clock_delta_ms=8.62
4|clock_suspect=0
PMLE_LIVE_REPLAY_TIC|tic=648|mle_ms=87.532|monotonic_ms=80|clock_delta_ms=7.532|
clock_suspect=0
PMLE_LIVE_REPLAY_TIC|tic=649|mle_ms=109.044|monotonic_ms=110|clock_delta_ms=.956
|clock_suspect=0
PMLE_LIVE_REPLAY_TIC|tic=650|mle_ms=95.504|monotonic_ms=100|clock_delta_ms=4.496
|clock_suspect=0
PMLE_LIVE_REPLAY_TIC|tic=651|mle_ms=47.753|monotonic_ms=50|clock_delta_ms=2.247|
clock_suspect=0
PMLE_LIVE_REPLAY_TIC|tic=652|mle_ms=104.862|monotonic_ms=100|clock_delta_ms=4.86
2|clock_suspect=0
PMLE_LIVE_REPLAY_TIC|tic=653|mle_ms=100.049|monotonic_ms=100|clock_delta_ms=.049
|clock_suspect=0
PMLE_LIVE_REPLAY_TIC|tic=654|mle_ms=148.038|monotonic_ms=150|clock_delta_ms=1.96
2|clock_suspect=0
PMLE_LIVE_REPLAY_TIC|tic=655|mle_ms=101.188|monotonic_ms=100|clock_delta_ms=1.18
8|clock_suspect=0
PMLE_LIVE_REPLAY_TIC|tic=656|mle_ms=119.934|monotonic_ms=120|clock_delta_ms=.066
|clock_suspect=0
PMLE_LIVE_REPLAY_TIC|tic=657|mle_ms=66.9|monotonic_ms=70|clock_delta_ms=3.1|cloc
k_suspect=0
PMLE_LIVE_REPLAY_TIC|tic=658|mle_ms=124.762|monotonic_ms=120|clock_delta_ms=4.76
2|clock_suspect=0
PMLE_LIVE_REPLAY_TIC|tic=659|mle_ms=87.256|monotonic_ms=90|clock_delta_ms=2.744|
clock_suspect=0
PMLE_LIVE_REPLAY_TIC|tic=660|mle_ms=166.95|monotonic_ms=170|clock_delta_ms=3.05|
clock_suspect=0
PMLE_LIVE_REPLAY_TIC|tic=661|mle_ms=92.651|monotonic_ms=90|clock_delta_ms=2.651|
clock_suspect=0
PMLE_LIVE_REPLAY_TIC|tic=662|mle_ms=106.405|monotonic_ms=110|clock_delta_ms=3.59
5|clock_suspect=0
PMLE_LIVE_REPLAY_TIC|tic=663|mle_ms=61.209|monotonic_ms=60|clock_delta_ms=1.209|
clock_suspect=0
PMLE_LIVE_REPLAY_TIC|tic=664|mle_ms=198.95|monotonic_ms=200|clock_delta_ms=1.05|
clock_suspect=0
PMLE_LIVE_REPLAY_TIC|tic=665|mle_ms=120.529|monotonic_ms=120|clock_delta_ms=.529
|clock_suspect=0
PMLE_LIVE_REPLAY_TIC|tic=666|mle_ms=98.572|monotonic_ms=100|clock_delta_ms=1.428
|clock_suspect=0
PMLE_LIVE_REPLAY_TIC|tic=667|mle_ms=141.051|monotonic_ms=140|clock_delta_ms=1.05
1|clock_suspect=0
PMLE_LIVE_REPLAY_TIC|tic=668|mle_ms=141.849|monotonic_ms=140|clock_delta_ms=1.84
9|clock_suspect=0
PMLE_LIVE_REPLAY_TIC|tic=669|mle_ms=60.642|monotonic_ms=60|clock_delta_ms=.642|c
lock_suspect=0
PMLE_LIVE_REPLAY_TIC|tic=670|mle_ms=131.976|monotonic_ms=130|clock_delta_ms=1.97
6|clock_suspect=0
PMLE_LIVE_REPLAY_TIC|tic=671|mle_ms=131.341|monotonic_ms=130|clock_delta_ms=1.34
1|clock_suspect=0
PMLE_LIVE_REPLAY_TIC|tic=672|mle_ms=74.055|monotonic_ms=80|clock_delta_ms=5.945|
clock_suspect=0
PMLE_LIVE_REPLAY_TIC|tic=673|mle_ms=95.889|monotonic_ms=90|clock_delta_ms=5.889|
clock_suspect=0
PMLE_LIVE_REPLAY_TIC|tic=674|mle_ms=108.915|monotonic_ms=110|clock_delta_ms=1.08
5|clock_suspect=0
PMLE_LIVE_REPLAY_TIC|tic=675|mle_ms=76.748|monotonic_ms=80|clock_delta_ms=3.252|
clock_suspect=0
PMLE_LIVE_REPLAY_TIC|tic=676|mle_ms=146.793|monotonic_ms=150|clock_delta_ms=3.20
7|clock_suspect=0
PMLE_LIVE_REPLAY_TIC|tic=677|mle_ms=170.696|monotonic_ms=170|clock_delta_ms=.696
|clock_suspect=0
PMLE_LIVE_REPLAY_TIC|tic=678|mle_ms=94.818|monotonic_ms=90|clock_delta_ms=4.818|
clock_suspect=0
PMLE_LIVE_REPLAY_TIC|tic=679|mle_ms=118.665|monotonic_ms=120|clock_delta_ms=1.33
5|clock_suspect=0
PMLE_LIVE_REPLAY_TIC|tic=680|mle_ms=187.9|monotonic_ms=190|clock_delta_ms=2.1|cl
ock_suspect=0
PMLE_LIVE_REPLAY_TIC|tic=681|mle_ms=77.03|monotonic_ms=80|clock_delta_ms=2.97|cl
ock_suspect=0
PMLE_LIVE_REPLAY_TIC|tic=682|mle_ms=248.291|monotonic_ms=240|clock_delta_ms=8.29
1|clock_suspect=0
PMLE_LIVE_REPLAY_TIC|tic=683|mle_ms=128.752|monotonic_ms=130|clock_delta_ms=1.24
8|clock_suspect=0
PMLE_LIVE_REPLAY_TIC|tic=684|mle_ms=88.165|monotonic_ms=90|clock_delta_ms=1.835|
clock_suspect=0
PMLE_LIVE_REPLAY_TIC|tic=685|mle_ms=99.874|monotonic_ms=100|clock_delta_ms=.126|
clock_suspect=0
PMLE_LIVE_REPLAY_TIC|tic=686|mle_ms=271.695|monotonic_ms=270|clock_delta_ms=1.69
5|clock_suspect=0
PMLE_LIVE_REPLAY_TIC|tic=687|mle_ms=77.479|monotonic_ms=80|clock_delta_ms=2.521|
clock_suspect=0
PMLE_LIVE_REPLAY_TIC|tic=688|mle_ms=102.242|monotonic_ms=100|clock_delta_ms=2.24
2|clock_suspect=0
PMLE_LIVE_REPLAY_TIC|tic=689|mle_ms=162.814|monotonic_ms=170|clock_delta_ms=7.18
6|clock_suspect=0
PMLE_LIVE_REPLAY_TIC|tic=690|mle_ms=90.954|monotonic_ms=90|clock_delta_ms=.954|c
lock_suspect=0
PMLE_LIVE_REPLAY_TIC|tic=691|mle_ms=107.732|monotonic_ms=100|clock_delta_ms=7.73
2|clock_suspect=0
PMLE_LIVE_REPLAY_TIC|tic=692|mle_ms=120.972|monotonic_ms=130|clock_delta_ms=9.02
8|clock_suspect=0
PMLE_LIVE_REPLAY_TIC|tic=693|mle_ms=47.484|monotonic_ms=40|clock_delta_ms=7.484|
clock_suspect=0
PMLE_LIVE_REPLAY_TIC|tic=694|mle_ms=102.981|monotonic_ms=110|clock_delta_ms=7.01
9|clock_suspect=0
PMLE_LIVE_REPLAY_TIC|tic=695|mle_ms=86.616|monotonic_ms=80|clock_delta_ms=6.616|
clock_suspect=0
PMLE_LIVE_REPLAY_TIC|tic=696|mle_ms=218.892|monotonic_ms=220|clock_delta_ms=1.10
8|clock_suspect=0
PMLE_LIVE_REPLAY_TIC|tic=697|mle_ms=102.26|monotonic_ms=100|clock_delta_ms=2.26|
clock_suspect=0
PMLE_LIVE_REPLAY_TIC|tic=698|mle_ms=122.875|monotonic_ms=130|clock_delta_ms=7.12
5|clock_suspect=0
PMLE_LIVE_REPLAY_TIC|tic=699|mle_ms=43.716|monotonic_ms=40|clock_delta_ms=3.716|
clock_suspect=0
PMLE_LIVE_REPLAY_TIC|tic=700|mle_ms=156.787|monotonic_ms=160|clock_delta_ms=3.21
3|clock_suspect=0
PMLE_LIVE_REPLAY_TIC|tic=701|mle_ms=122.042|monotonic_ms=120|clock_delta_ms=2.04
2|clock_suspect=0
PMLE_LIVE_REPLAY_TIC|tic=702|mle_ms=63.66|monotonic_ms=60|clock_delta_ms=3.66|cl
ock_suspect=0
PMLE_LIVE_REPLAY_TIC|tic=703|mle_ms=51.507|monotonic_ms=50|clock_delta_ms=1.507|
clock_suspect=0
PMLE_LIVE_REPLAY_TIC|tic=704|mle_ms=89.543|monotonic_ms=90|clock_delta_ms=.457|c
lock_suspect=0
PMLE_LIVE_REPLAY_TIC|tic=705|mle_ms=40.193|monotonic_ms=40|clock_delta_ms=.193|c
lock_suspect=0
PMLE_LIVE_REPLAY_TIC|tic=706|mle_ms=79.711|monotonic_ms=80|clock_delta_ms=.289|c
lock_suspect=0
PMLE_LIVE_REPLAY_TIC|tic=707|mle_ms=211.193|monotonic_ms=210|clock_delta_ms=1.19
3|clock_suspect=0
PMLE_LIVE_REPLAY_TIC|tic=708|mle_ms=130.673|monotonic_ms=130|clock_delta_ms=.673
|clock_suspect=0
PMLE_LIVE_REPLAY_TIC|tic=709|mle_ms=67.912|monotonic_ms=70|clock_delta_ms=2.088|
clock_suspect=0
PMLE_LIVE_REPLAY_TIC|tic=710|mle_ms=105.822|monotonic_ms=110|clock_delta_ms=4.17
8|clock_suspect=0
PMLE_LIVE_REPLAY_TIC|tic=711|mle_ms=136.711|monotonic_ms=140|clock_delta_ms=3.28
9|clock_suspect=0
PMLE_LIVE_REPLAY_TIC|tic=712|mle_ms=49.797|monotonic_ms=50|clock_delta_ms=.203|c
lock_suspect=0
PMLE_LIVE_REPLAY_TIC|tic=713|mle_ms=65.051|monotonic_ms=60|clock_delta_ms=5.051|
clock_suspect=0
PMLE_LIVE_REPLAY_TIC|tic=714|mle_ms=58.191|monotonic_ms=60|clock_delta_ms=1.809|
clock_suspect=0
PMLE_LIVE_REPLAY_TIC|tic=715|mle_ms=34.047|monotonic_ms=30|clock_delta_ms=4.047|
clock_suspect=0
PMLE_LIVE_REPLAY_TIC|tic=716|mle_ms=110.658|monotonic_ms=110|clock_delta_ms=.658
|clock_suspect=0
PMLE_LIVE_REPLAY_TIC|tic=717|mle_ms=70.071|monotonic_ms=70|clock_delta_ms=.071|c
lock_suspect=0
PMLE_LIVE_REPLAY_TIC|tic=718|mle_ms=51.896|monotonic_ms=60|clock_delta_ms=8.104|
clock_suspect=0
PMLE_LIVE_REPLAY_TIC|tic=719|mle_ms=56.064|monotonic_ms=50|clock_delta_ms=6.064|
clock_suspect=0
PMLE_LIVE_REPLAY_TIC|tic=720|mle_ms=76.113|monotonic_ms=80|clock_delta_ms=3.887|
clock_suspect=0
PMLE_LIVE_REPLAY_TIC|tic=721|mle_ms=39.608|monotonic_ms=40|clock_delta_ms=.392|c
lock_suspect=0
PMLE_LIVE_REPLAY_TIC|tic=722|mle_ms=83.037|monotonic_ms=80|clock_delta_ms=3.037|
clock_suspect=0
PMLE_LIVE_REPLAY_TIC|tic=723|mle_ms=77.911|monotonic_ms=80|clock_delta_ms=2.089|
clock_suspect=0
PMLE_LIVE_REPLAY_TIC|tic=724|mle_ms=51.797|monotonic_ms=50|clock_delta_ms=1.797|
clock_suspect=0
PMLE_LIVE_REPLAY_TIC|tic=725|mle_ms=62.823|monotonic_ms=60|clock_delta_ms=2.823|
clock_suspect=0
PMLE_LIVE_REPLAY_TIC|tic=726|mle_ms=85.896|monotonic_ms=90|clock_delta_ms=4.104|
clock_suspect=0
PMLE_LIVE_REPLAY_TIC|tic=727|mle_ms=47.327|monotonic_ms=50|clock_delta_ms=2.673|
clock_suspect=0
PMLE_LIVE_REPLAY_TIC|tic=728|mle_ms=76.639|monotonic_ms=70|clock_delta_ms=6.639|
clock_suspect=0
PMLE_LIVE_REPLAY_TIC|tic=729|mle_ms=57.824|monotonic_ms=60|clock_delta_ms=2.176|
clock_suspect=0
PMLE_LIVE_REPLAY_TIC|tic=730|mle_ms=58.997|monotonic_ms=60|clock_delta_ms=1.003|
clock_suspect=0
PMLE_LIVE_REPLAY_TIC|tic=731|mle_ms=67.714|monotonic_ms=70|clock_delta_ms=2.286|
clock_suspect=0
PMLE_LIVE_REPLAY_TIC|tic=732|mle_ms=78.783|monotonic_ms=80|clock_delta_ms=1.217|
clock_suspect=0
PMLE_LIVE_REPLAY_TIC|tic=733|mle_ms=47.173|monotonic_ms=40|clock_delta_ms=7.173|
clock_suspect=0
PMLE_LIVE_REPLAY_TIC|tic=734|mle_ms=96.026|monotonic_ms=100|clock_delta_ms=3.974
|clock_suspect=0
PMLE_LIVE_REPLAY_TIC|tic=735|mle_ms=47.999|monotonic_ms=50|clock_delta_ms=2.001|
clock_suspect=0
PMLE_LIVE_REPLAY_TIC|tic=736|mle_ms=58.994|monotonic_ms=60|clock_delta_ms=1.006|
clock_suspect=0
PMLE_LIVE_REPLAY_TIC|tic=737|mle_ms=67.241|monotonic_ms=70|clock_delta_ms=2.759|
clock_suspect=0
PMLE_LIVE_REPLAY_TIC|tic=738|mle_ms=57.499|monotonic_ms=50|clock_delta_ms=7.499|
clock_suspect=0
PMLE_LIVE_REPLAY_TIC|tic=739|mle_ms=33.432|monotonic_ms=40|clock_delta_ms=6.568|
clock_suspect=0
PMLE_LIVE_REPLAY_TIC|tic=740|mle_ms=61.283|monotonic_ms=60|clock_delta_ms=1.283|
clock_suspect=0
PMLE_LIVE_REPLAY_TIC|tic=741|mle_ms=43.896|monotonic_ms=40|clock_delta_ms=3.896|
clock_suspect=0
PMLE_LIVE_REPLAY_TIC|tic=742|mle_ms=33.161|monotonic_ms=30|clock_delta_ms=3.161|
clock_suspect=0
PMLE_LIVE_REPLAY_TIC|tic=743|mle_ms=56.661|monotonic_ms=60|clock_delta_ms=3.339|
clock_suspect=0
PMLE_LIVE_REPLAY_TIC|tic=744|mle_ms=46.14|monotonic_ms=50|clock_delta_ms=3.86|cl
ock_suspect=0
PMLE_LIVE_REPLAY_TIC|tic=745|mle_ms=24.826|monotonic_ms=20|clock_delta_ms=4.826|
clock_suspect=0
PMLE_LIVE_REPLAY_TIC|tic=746|mle_ms=64.848|monotonic_ms=70|clock_delta_ms=5.152|
clock_suspect=0
PMLE_LIVE_REPLAY_TIC|tic=747|mle_ms=40.525|monotonic_ms=40|clock_delta_ms=.525|c
lock_suspect=0
PMLE_LIVE_REPLAY_TIC|tic=748|mle_ms=44.633|monotonic_ms=40|clock_delta_ms=4.633|
clock_suspect=0
PMLE_LIVE_REPLAY_TIC|tic=749|mle_ms=48.413|monotonic_ms=50|clock_delta_ms=1.587|
clock_suspect=0
PMLE_LIVE_REPLAY_TIC|tic=750|mle_ms=62.144|monotonic_ms=60|clock_delta_ms=2.144|
clock_suspect=0
PMLE_LIVE_REPLAY_TIC|tic=751|mle_ms=47.133|monotonic_ms=50|clock_delta_ms=2.867|
clock_suspect=0
PMLE_LIVE_REPLAY_TIC|tic=752|mle_ms=59.651|monotonic_ms=60|clock_delta_ms=.349|c
lock_suspect=0
PMLE_LIVE_REPLAY_TIC|tic=753|mle_ms=50.323|monotonic_ms=50|clock_delta_ms=.323|c
lock_suspect=0
PMLE_LIVE_REPLAY_TIC|tic=754|mle_ms=40.203|monotonic_ms=40|clock_delta_ms=.203|c
lock_suspect=0
PMLE_LIVE_REPLAY_TIC|tic=755|mle_ms=47.486|monotonic_ms=50|clock_delta_ms=2.514|
clock_suspect=0
PMLE_LIVE_REPLAY_TIC|tic=756|mle_ms=66.593|monotonic_ms=70|clock_delta_ms=3.407|
clock_suspect=0
PMLE_LIVE_REPLAY_TIC|tic=757|mle_ms=40.498|monotonic_ms=40|clock_delta_ms=.498|c
lock_suspect=0
PMLE_LIVE_REPLAY_TIC|tic=758|mle_ms=43.488|monotonic_ms=40|clock_delta_ms=3.488|
clock_suspect=0
PMLE_LIVE_REPLAY_TIC|tic=759|mle_ms=35.792|monotonic_ms=40|clock_delta_ms=4.208|
clock_suspect=0
PMLE_LIVE_REPLAY_TIC|tic=760|mle_ms=66.788|monotonic_ms=60|clock_delta_ms=6.788|
clock_suspect=0
PMLE_LIVE_REPLAY_TIC|tic=761|mle_ms=63.287|monotonic_ms=70|clock_delta_ms=6.713|
clock_suspect=0
PMLE_LIVE_REPLAY_TIC|tic=762|mle_ms=48.581|monotonic_ms=40|clock_delta_ms=8.581|
clock_suspect=0
PMLE_LIVE_REPLAY_TIC|tic=763|mle_ms=73.548|monotonic_ms=80|clock_delta_ms=6.452|
clock_suspect=0
PMLE_LIVE_REPLAY_TIC|tic=764|mle_ms=61.265|monotonic_ms=60|clock_delta_ms=1.265|
clock_suspect=0
PMLE_LIVE_REPLAY_TIC|tic=765|mle_ms=44.733|monotonic_ms=40|clock_delta_ms=4.733|
clock_suspect=0
PMLE_LIVE_REPLAY_TIC|tic=766|mle_ms=75.64|monotonic_ms=80|clock_delta_ms=4.36|cl
ock_suspect=0
PMLE_LIVE_REPLAY_TIC|tic=767|mle_ms=65.99|monotonic_ms=70|clock_delta_ms=4.01|cl
ock_suspect=0
PMLE_LIVE_REPLAY_TIC|tic=768|mle_ms=53.787|monotonic_ms=50|clock_delta_ms=3.787|
clock_suspect=0
PMLE_LIVE_REPLAY_TIC|tic=769|mle_ms=43.305|monotonic_ms=40|clock_delta_ms=3.305|
clock_suspect=0
PMLE_LIVE_REPLAY_TIC|tic=770|mle_ms=62.804|monotonic_ms=70|clock_delta_ms=7.196|
clock_suspect=0
PMLE_LIVE_REPLAY_TIC|tic=771|mle_ms=54.652|monotonic_ms=50|clock_delta_ms=4.652|
clock_suspect=0
PMLE_LIVE_REPLAY_TIC|tic=772|mle_ms=53.9|monotonic_ms=50|clock_delta_ms=3.9|cloc
k_suspect=0
PMLE_LIVE_REPLAY_TIC|tic=773|mle_ms=77.497|monotonic_ms=80|clock_delta_ms=2.503|
clock_suspect=0
PMLE_LIVE_REPLAY_TIC|tic=774|mle_ms=52.173|monotonic_ms=50|clock_delta_ms=2.173|
clock_suspect=0
PMLE_LIVE_REPLAY_TIC|tic=775|mle_ms=52.951|monotonic_ms=60|clock_delta_ms=7.049|
clock_suspect=0
PMLE_LIVE_REPLAY_TIC|tic=776|mle_ms=71.782|monotonic_ms=70|clock_delta_ms=1.782|
clock_suspect=0
PMLE_LIVE_REPLAY_TIC|tic=777|mle_ms=89.139|monotonic_ms=90|clock_delta_ms=.861|c
lock_suspect=0
PMLE_LIVE_REPLAY_TIC|tic=778|mle_ms=56.261|monotonic_ms=60|clock_delta_ms=3.739|
clock_suspect=0
PMLE_LIVE_REPLAY_TIC|tic=779|mle_ms=55.045|monotonic_ms=50|clock_delta_ms=5.045|
clock_suspect=0
PMLE_LIVE_REPLAY_TIC|tic=780|mle_ms=63.681|monotonic_ms=60|clock_delta_ms=3.681|
clock_suspect=0
PMLE_LIVE_REPLAY_TIC|tic=781|mle_ms=48.268|monotonic_ms=50|clock_delta_ms=1.732|
clock_suspect=0
PMLE_LIVE_REPLAY_TIC|tic=782|mle_ms=51.833|monotonic_ms=50|clock_delta_ms=1.833|
clock_suspect=0
PMLE_LIVE_REPLAY_TIC|tic=783|mle_ms=57.419|monotonic_ms=60|clock_delta_ms=2.581|
clock_suspect=0
PMLE_LIVE_REPLAY_TIC|tic=784|mle_ms=45.506|monotonic_ms=50|clock_delta_ms=4.494|
clock_suspect=0
PMLE_LIVE_REPLAY_TIC|tic=785|mle_ms=65.757|monotonic_ms=60|clock_delta_ms=5.757|
clock_suspect=0
PMLE_LIVE_REPLAY_TIC|tic=786|mle_ms=71.52|monotonic_ms=70|clock_delta_ms=1.52|cl
ock_suspect=0
PMLE_LIVE_REPLAY_TIC|tic=787|mle_ms=52.895|monotonic_ms=60|clock_delta_ms=7.105|
clock_suspect=0
PMLE_LIVE_REPLAY_TIC|tic=788|mle_ms=72.512|monotonic_ms=70|clock_delta_ms=2.512|
clock_suspect=0
PMLE_LIVE_REPLAY_TIC|tic=789|mle_ms=52.198|monotonic_ms=50|clock_delta_ms=2.198|
clock_suspect=0
PMLE_LIVE_REPLAY_TIC|tic=790|mle_ms=61.117|monotonic_ms=60|clock_delta_ms=1.117|
clock_suspect=0
PMLE_LIVE_REPLAY_TIC|tic=791|mle_ms=53.232|monotonic_ms=60|clock_delta_ms=6.768|
clock_suspect=0
PMLE_LIVE_REPLAY_TIC|tic=792|mle_ms=47.49|monotonic_ms=40|clock_delta_ms=7.49|cl
ock_suspect=0
PMLE_LIVE_REPLAY_TIC|tic=793|mle_ms=52.01|monotonic_ms=60|clock_delta_ms=7.99|cl
ock_suspect=0
PMLE_LIVE_REPLAY_TIC|tic=794|mle_ms=85.73|monotonic_ms=80|clock_delta_ms=5.73|cl
ock_suspect=0
PMLE_LIVE_REPLAY_TIC|tic=795|mle_ms=49.702|monotonic_ms=50|clock_delta_ms=.298|c
lock_suspect=0
PMLE_LIVE_REPLAY_TIC|tic=796|mle_ms=62.737|monotonic_ms=70|clock_delta_ms=7.263|
clock_suspect=0
PMLE_LIVE_REPLAY_TIC|tic=797|mle_ms=62.681|monotonic_ms=60|clock_delta_ms=2.681|
clock_suspect=0
PMLE_LIVE_REPLAY_TIC|tic=798|mle_ms=51.171|monotonic_ms=50|clock_delta_ms=1.171|
clock_suspect=0
PMLE_LIVE_REPLAY_TIC|tic=799|mle_ms=51.462|monotonic_ms=50|clock_delta_ms=1.462|
clock_suspect=0
PMLE_LIVE_REPLAY_TIC|tic=800|mle_ms=73.94|monotonic_ms=70|clock_delta_ms=3.94|cl
ock_suspect=0
PMLE_LIVE_REPLAY_TIC|tic=801|mle_ms=53.806|monotonic_ms=50|clock_delta_ms=3.806|
clock_suspect=0
PMLE_LIVE_REPLAY_TIC|tic=802|mle_ms=45.056|monotonic_ms=50|clock_delta_ms=4.944|
clock_suspect=0
PMLE_LIVE_REPLAY_TIC|tic=803|mle_ms=61.2|monotonic_ms=60|clock_delta_ms=1.2|cloc
k_suspect=0
PMLE_LIVE_REPLAY_TIC|tic=804|mle_ms=54.694|monotonic_ms=50|clock_delta_ms=4.694|
clock_suspect=0
PMLE_LIVE_REPLAY_TIC|tic=805|mle_ms=39.216|monotonic_ms=40|clock_delta_ms=.784|c
lock_suspect=0
PMLE_LIVE_REPLAY_TIC|tic=806|mle_ms=64.428|monotonic_ms=70|clock_delta_ms=5.572|
clock_suspect=0
PMLE_LIVE_REPLAY_TIC|tic=807|mle_ms=66.227|monotonic_ms=60|clock_delta_ms=6.227|
clock_suspect=0
PMLE_LIVE_REPLAY_TIC|tic=808|mle_ms=39.578|monotonic_ms=40|clock_delta_ms=.422|c
lock_suspect=0
PMLE_LIVE_REPLAY_TIC|tic=809|mle_ms=43.1|monotonic_ms=50|clock_delta_ms=6.9|cloc
k_suspect=0
PMLE_LIVE_REPLAY_TIC|tic=810|mle_ms=42.893|monotonic_ms=40|clock_delta_ms=2.893|
clock_suspect=0
PMLE_LIVE_REPLAY_TIC|tic=811|mle_ms=37.577|monotonic_ms=40|clock_delta_ms=2.423|
clock_suspect=0
PMLE_LIVE_REPLAY_TIC|tic=812|mle_ms=64.609|monotonic_ms=60|clock_delta_ms=4.609|
clock_suspect=0
PMLE_LIVE_REPLAY_TIC|tic=813|mle_ms=49.856|monotonic_ms=50|clock_delta_ms=.144|c
lock_suspect=0
PMLE_LIVE_REPLAY_TIC|tic=814|mle_ms=38.673|monotonic_ms=40|clock_delta_ms=1.327|
clock_suspect=0
PMLE_LIVE_REPLAY_TIC|tic=815|mle_ms=50.199|monotonic_ms=50|clock_delta_ms=.199|c
lock_suspect=0
PMLE_LIVE_REPLAY_TIC|tic=816|mle_ms=58.924|monotonic_ms=60|clock_delta_ms=1.076|
clock_suspect=0
PMLE_LIVE_REPLAY_TIC|tic=817|mle_ms=40.895|monotonic_ms=40|clock_delta_ms=.895|c
lock_suspect=0
PMLE_LIVE_REPLAY_TIC|tic=818|mle_ms=49.305|monotonic_ms=50|clock_delta_ms=.695|c
lock_suspect=0
PMLE_LIVE_REPLAY_TIC|tic=819|mle_ms=47.143|monotonic_ms=50|clock_delta_ms=2.857|
clock_suspect=0
PMLE_LIVE_REPLAY_TIC|tic=820|mle_ms=35.557|monotonic_ms=30|clock_delta_ms=5.557|
clock_suspect=0
PMLE_LIVE_REPLAY_TIC|tic=821|mle_ms=52.592|monotonic_ms=50|clock_delta_ms=2.592|
clock_suspect=0
PMLE_LIVE_REPLAY_TIC|tic=822|mle_ms=50.112|monotonic_ms=50|clock_delta_ms=.112|c
lock_suspect=0
PMLE_LIVE_REPLAY_TIC|tic=823|mle_ms=44.47|monotonic_ms=50|clock_delta_ms=5.53|cl
ock_suspect=0
PMLE_LIVE_REPLAY_TIC|tic=824|mle_ms=48.865|monotonic_ms=50|clock_delta_ms=1.135|
clock_suspect=0
PMLE_LIVE_REPLAY_TIC|tic=825|mle_ms=43.976|monotonic_ms=40|clock_delta_ms=3.976|
clock_suspect=0
PMLE_LIVE_REPLAY_TIC|tic=826|mle_ms=49.384|monotonic_ms=50|clock_delta_ms=.616|c
lock_suspect=0
PMLE_LIVE_REPLAY_TIC|tic=827|mle_ms=32.022|monotonic_ms=30|clock_delta_ms=2.022|
clock_suspect=0
PMLE_LIVE_REPLAY_TIC|tic=828|mle_ms=46.388|monotonic_ms=50|clock_delta_ms=3.612|
clock_suspect=0
PMLE_LIVE_REPLAY_TIC|tic=829|mle_ms=31.576|monotonic_ms=30|clock_delta_ms=1.576|
clock_suspect=0
PMLE_LIVE_REPLAY_TIC|tic=830|mle_ms=39.199|monotonic_ms=40|clock_delta_ms=.801|c
lock_suspect=0
PMLE_LIVE_REPLAY_TIC|tic=831|mle_ms=47.207|monotonic_ms=50|clock_delta_ms=2.793|
clock_suspect=0
PMLE_LIVE_REPLAY_TIC|tic=832|mle_ms=27.156|monotonic_ms=30|clock_delta_ms=2.844|
clock_suspect=0
PMLE_LIVE_REPLAY_TIC|tic=833|mle_ms=40.464|monotonic_ms=40|clock_delta_ms=.464|c
lock_suspect=0
PMLE_LIVE_REPLAY_TIC|tic=834|mle_ms=52.015|monotonic_ms=50|clock_delta_ms=2.015|
clock_suspect=0
PMLE_LIVE_REPLAY_TIC|tic=835|mle_ms=35.587|monotonic_ms=30|clock_delta_ms=5.587|
clock_suspect=0
PMLE_LIVE_REPLAY_TIC|tic=836|mle_ms=59.932|monotonic_ms=60|clock_delta_ms=.068|c
lock_suspect=0
PMLE_LIVE_REPLAY_TIC|tic=837|mle_ms=53.887|monotonic_ms=60|clock_delta_ms=6.113|
clock_suspect=0
PMLE_LIVE_REPLAY_TIC|tic=838|mle_ms=48.79|monotonic_ms=50|clock_delta_ms=1.21|cl
ock_suspect=0
PMLE_LIVE_REPLAY_TIC|tic=839|mle_ms=43.186|monotonic_ms=40|clock_delta_ms=3.186|
clock_suspect=0
PMLE_LIVE_REPLAY_TIC|tic=840|mle_ms=69.695|monotonic_ms=70|clock_delta_ms=.305|c
lock_suspect=0
PMLE_LIVE_REPLAY_TIC|tic=841|mle_ms=99.926|monotonic_ms=100|clock_delta_ms=.074|
clock_suspect=0
PMLE_LIVE_REPLAY_TIC|tic=842|mle_ms=66.891|monotonic_ms=70|clock_delta_ms=3.109|
clock_suspect=0
PMLE_LIVE_REPLAY_TIC|tic=843|mle_ms=138.596|monotonic_ms=140|clock_delta_ms=1.40
4|clock_suspect=0
PMLE_LIVE_REPLAY_TIC|tic=844|mle_ms=67.092|monotonic_ms=60|clock_delta_ms=7.092|
clock_suspect=0
PMLE_LIVE_REPLAY_TIC|tic=845|mle_ms=53.324|monotonic_ms=60|clock_delta_ms=6.676|
clock_suspect=0
PMLE_LIVE_REPLAY_TIC|tic=846|mle_ms=116.438|monotonic_ms=110|clock_delta_ms=6.43
8|clock_suspect=0
PMLE_LIVE_REPLAY_TIC|tic=847|mle_ms=43.439|monotonic_ms=50|clock_delta_ms=6.561|
clock_suspect=0
PMLE_LIVE_REPLAY_TIC|tic=848|mle_ms=50.388|monotonic_ms=50|clock_delta_ms=.388|c
lock_suspect=0
PMLE_LIVE_REPLAY_TIC|tic=849|mle_ms=84.712|monotonic_ms=80|clock_delta_ms=4.712|
clock_suspect=0
PMLE_LIVE_REPLAY_TIC|tic=850|mle_ms=43.669|monotonic_ms=50|clock_delta_ms=6.331|
clock_suspect=0
PMLE_LIVE_REPLAY_TIC|tic=851|mle_ms=80.294|monotonic_ms=80|clock_delta_ms=.294|c
lock_suspect=0
PMLE_LIVE_REPLAY_TIC|tic=852|mle_ms=100.426|monotonic_ms=100|clock_delta_ms=.426
|clock_suspect=0
PMLE_LIVE_REPLAY_TIC|tic=853|mle_ms=109.1|monotonic_ms=110|clock_delta_ms=.9|clo
ck_suspect=0
PMLE_LIVE_REPLAY_TIC|tic=854|mle_ms=61.041|monotonic_ms=60|clock_delta_ms=1.041|
clock_suspect=0
PMLE_LIVE_REPLAY_TIC|tic=855|mle_ms=71.922|monotonic_ms=70|clock_delta_ms=1.922|
clock_suspect=0
PMLE_LIVE_REPLAY_TIC|tic=856|mle_ms=74.279|monotonic_ms=70|clock_delta_ms=4.279|
clock_suspect=0
PMLE_LIVE_REPLAY_TIC|tic=857|mle_ms=67.904|monotonic_ms=70|clock_delta_ms=2.096|
clock_suspect=0
PMLE_LIVE_REPLAY_TIC|tic=858|mle_ms=78.495|monotonic_ms=80|clock_delta_ms=1.505|
clock_suspect=0
PMLE_LIVE_REPLAY_TIC|tic=859|mle_ms=45.437|monotonic_ms=50|clock_delta_ms=4.563|
clock_suspect=0
PMLE_LIVE_REPLAY_TIC|tic=860|mle_ms=75.661|monotonic_ms=70|clock_delta_ms=5.661|
clock_suspect=0
PMLE_LIVE_REPLAY_TIC|tic=861|mle_ms=104.906|monotonic_ms=110|clock_delta_ms=5.09
4|clock_suspect=0
PMLE_LIVE_REPLAY_TIC|tic=862|mle_ms=47.125|monotonic_ms=40|clock_delta_ms=7.125|
clock_suspect=0
PMLE_LIVE_REPLAY_TIC|tic=863|mle_ms=132.004|monotonic_ms=140|clock_delta_ms=7.99
6|clock_suspect=0
PMLE_LIVE_REPLAY_TIC|tic=864|mle_ms=78.877|monotonic_ms=70|clock_delta_ms=8.877|
clock_suspect=0
PMLE_LIVE_REPLAY_TIC|tic=865|mle_ms=47.691|monotonic_ms=50|clock_delta_ms=2.309|
clock_suspect=0
PMLE_LIVE_REPLAY_TIC|tic=866|mle_ms=79.677|monotonic_ms=80|clock_delta_ms=.323|c
lock_suspect=0
PMLE_LIVE_REPLAY_TIC|tic=867|mle_ms=79.45|monotonic_ms=80|clock_delta_ms=.55|clo
ck_suspect=0
PMLE_LIVE_REPLAY_TIC|tic=868|mle_ms=41.045|monotonic_ms=40|clock_delta_ms=1.045|
clock_suspect=0
PMLE_LIVE_REPLAY_TIC|tic=869|mle_ms=55.431|monotonic_ms=60|clock_delta_ms=4.569|
clock_suspect=0
PMLE_LIVE_REPLAY_TIC|tic=870|mle_ms=96.955|monotonic_ms=90|clock_delta_ms=6.955|
clock_suspect=0
PMLE_LIVE_REPLAY_TIC|tic=871|mle_ms=66.922|monotonic_ms=70|clock_delta_ms=3.078|
clock_suspect=0
PMLE_LIVE_REPLAY_TIC|tic=872|mle_ms=44.099|monotonic_ms=50|clock_delta_ms=5.901|
clock_suspect=0
PMLE_LIVE_REPLAY_TIC|tic=873|mle_ms=164.892|monotonic_ms=160|clock_delta_ms=4.89
2|clock_suspect=0
PMLE_LIVE_REPLAY_TIC|tic=874|mle_ms=41.183|monotonic_ms=40|clock_delta_ms=1.183|
clock_suspect=0
PMLE_LIVE_REPLAY_TIC|tic=875|mle_ms=51.048|monotonic_ms=50|clock_delta_ms=1.048|
clock_suspect=0
PMLE_LIVE_REPLAY_TIC|tic=876|mle_ms=106.623|monotonic_ms=110|clock_delta_ms=3.37
7|clock_suspect=0
PMLE_LIVE_REPLAY_TIC|tic=877|mle_ms=37.88|monotonic_ms=40|clock_delta_ms=2.12|cl
ock_suspect=0
PMLE_LIVE_REPLAY_TIC|tic=878|mle_ms=45.165|monotonic_ms=40|clock_delta_ms=5.165|
clock_suspect=0
PMLE_LIVE_REPLAY_TIC|tic=879|mle_ms=74.854|monotonic_ms=80|clock_delta_ms=5.146|
clock_suspect=0
PMLE_LIVE_REPLAY_TIC|tic=880|mle_ms=42.666|monotonic_ms=40|clock_delta_ms=2.666|
clock_suspect=0
PMLE_LIVE_REPLAY_TIC|tic=881|mle_ms=77.443|monotonic_ms=80|clock_delta_ms=2.557|
clock_suspect=0
PMLE_LIVE_REPLAY_TIC|tic=882|mle_ms=74.98|monotonic_ms=70|clock_delta_ms=4.98|cl
ock_suspect=0
PMLE_LIVE_REPLAY_TIC|tic=883|mle_ms=110.379|monotonic_ms=110|clock_delta_ms=.379
|clock_suspect=0
PMLE_LIVE_REPLAY_TIC|tic=884|mle_ms=69.566|monotonic_ms=70|clock_delta_ms=.434|c
lock_suspect=0
PMLE_LIVE_REPLAY_TIC|tic=885|mle_ms=96.622|monotonic_ms=100|clock_delta_ms=3.378
|clock_suspect=0
PMLE_LIVE_REPLAY_TIC|tic=886|mle_ms=88.453|monotonic_ms=90|clock_delta_ms=1.547|
clock_suspect=0
PMLE_LIVE_REPLAY_TIC|tic=887|mle_ms=72.369|monotonic_ms=70|clock_delta_ms=2.369|
clock_suspect=0
PMLE_LIVE_REPLAY_TIC|tic=888|mle_ms=90.028|monotonic_ms=90|clock_delta_ms=.028|c
lock_suspect=0
PMLE_LIVE_REPLAY_TIC|tic=889|mle_ms=35.296|monotonic_ms=40|clock_delta_ms=4.704|
clock_suspect=0
PMLE_LIVE_REPLAY_TIC|tic=890|mle_ms=70.889|monotonic_ms=70|clock_delta_ms=.889|c
lock_suspect=0
PMLE_LIVE_REPLAY_TIC|tic=891|mle_ms=101.545|monotonic_ms=100|clock_delta_ms=1.54
5|clock_suspect=0
PMLE_LIVE_REPLAY_TIC|tic=892|mle_ms=30.155|monotonic_ms=30|clock_delta_ms=.155|c
lock_suspect=0
PMLE_LIVE_REPLAY_TIC|tic=893|mle_ms=81.423|monotonic_ms=80|clock_delta_ms=1.423|
clock_suspect=0
PMLE_LIVE_REPLAY_TIC|tic=894|mle_ms=46.799|monotonic_ms=50|clock_delta_ms=3.201|
clock_suspect=0
PMLE_LIVE_REPLAY_TIC|tic=895|mle_ms=29.725|monotonic_ms=30|clock_delta_ms=.275|c
lock_suspect=0
PMLE_LIVE_REPLAY_TIC|tic=896|mle_ms=74.318|monotonic_ms=70|clock_delta_ms=4.318|
clock_suspect=0
PMLE_LIVE_REPLAY_TIC|tic=897|mle_ms=53.927|monotonic_ms=60|clock_delta_ms=6.073|
clock_suspect=0
PMLE_LIVE_REPLAY_TIC|tic=898|mle_ms=37.706|monotonic_ms=30|clock_delta_ms=7.706|
clock_suspect=0
PMLE_LIVE_REPLAY_TIC|tic=899|mle_ms=41.458|monotonic_ms=50|clock_delta_ms=8.542|
clock_suspect=0
PMLE_LIVE_REPLAY_TIC|tic=900|mle_ms=61.598|monotonic_ms=60|clock_delta_ms=1.598|
clock_suspect=0
PMLE_LIVE_REPLAY_TIC|tic=901|mle_ms=76.87|monotonic_ms=70|clock_delta_ms=6.87|cl
ock_suspect=0
PMLE_LIVE_REPLAY_TIC|tic=902|mle_ms=35.453|monotonic_ms=40|clock_delta_ms=4.547|
clock_suspect=0
PMLE_LIVE_REPLAY_TIC|tic=903|mle_ms=68.037|monotonic_ms=70|clock_delta_ms=1.963|
clock_suspect=0
PMLE_LIVE_REPLAY_TIC|tic=904|mle_ms=41.745|monotonic_ms=40|clock_delta_ms=1.745|
clock_suspect=0
PMLE_LIVE_REPLAY_TIC|tic=905|mle_ms=35.224|monotonic_ms=30|clock_delta_ms=5.224|
clock_suspect=0
PMLE_LIVE_REPLAY_TIC|tic=906|mle_ms=91.988|monotonic_ms=100|clock_delta_ms=8.012
|clock_suspect=0
PMLE_LIVE_REPLAY_TIC|tic=907|mle_ms=53.304|monotonic_ms=50|clock_delta_ms=3.304|
clock_suspect=0
PMLE_LIVE_REPLAY_TIC|tic=908|mle_ms=40.482|monotonic_ms=40|clock_delta_ms=.482|c
lock_suspect=0
PMLE_LIVE_REPLAY_TIC|tic=909|mle_ms=50.627|monotonic_ms=50|clock_delta_ms=.627|c
lock_suspect=0
PMLE_LIVE_REPLAY_TIC|tic=910|mle_ms=48.02|monotonic_ms=50|clock_delta_ms=1.98|cl
ock_suspect=0
PMLE_LIVE_REPLAY_TIC|tic=911|mle_ms=72.211|monotonic_ms=70|clock_delta_ms=2.211|
clock_suspect=0
PMLE_LIVE_REPLAY_TIC|tic=912|mle_ms=63.819|monotonic_ms=70|clock_delta_ms=6.181|
clock_suspect=0
PMLE_LIVE_REPLAY_TIC|tic=913|mle_ms=55.458|monotonic_ms=50|clock_delta_ms=5.458|
clock_suspect=0
PMLE_LIVE_REPLAY_TIC|tic=914|mle_ms=43.783|monotonic_ms=40|clock_delta_ms=3.783|
clock_suspect=0
PMLE_LIVE_REPLAY_TIC|tic=915|mle_ms=53.138|monotonic_ms=60|clock_delta_ms=6.862|
clock_suspect=0
PMLE_LIVE_REPLAY_TIC|tic=916|mle_ms=121.292|monotonic_ms=120|clock_delta_ms=1.29
2|clock_suspect=0
PMLE_LIVE_REPLAY_TIC|tic=917|mle_ms=53.349|monotonic_ms=50|clock_delta_ms=3.349|
clock_suspect=0
PMLE_LIVE_REPLAY_TIC|tic=918|mle_ms=69.008|monotonic_ms=70|clock_delta_ms=.992|c
lock_suspect=0
PMLE_LIVE_REPLAY_TIC|tic=919|mle_ms=71.423|monotonic_ms=70|clock_delta_ms=1.423|
clock_suspect=0
PMLE_LIVE_REPLAY_TIC|tic=920|mle_ms=48.371|monotonic_ms=50|clock_delta_ms=1.629|
clock_suspect=0
PMLE_LIVE_REPLAY_TIC|tic=921|mle_ms=71.44|monotonic_ms=70|clock_delta_ms=1.44|cl
ock_suspect=0
PMLE_LIVE_REPLAY_TIC|tic=922|mle_ms=64.159|monotonic_ms=70|clock_delta_ms=5.841|
clock_suspect=0
PMLE_LIVE_REPLAY_TIC|tic=923|mle_ms=55.821|monotonic_ms=50|clock_delta_ms=5.821|
clock_suspect=0
PMLE_LIVE_REPLAY_TIC|tic=924|mle_ms=53.197|monotonic_ms=60|clock_delta_ms=6.803|
clock_suspect=0
PMLE_LIVE_REPLAY_TIC|tic=925|mle_ms=82.679|monotonic_ms=80|clock_delta_ms=2.679|
clock_suspect=0
PMLE_LIVE_REPLAY_TIC|tic=926|mle_ms=67.057|monotonic_ms=70|clock_delta_ms=2.943|
clock_suspect=0
PMLE_LIVE_REPLAY_TIC|tic=927|mle_ms=37.337|monotonic_ms=30|clock_delta_ms=7.337|
clock_suspect=0
PMLE_LIVE_REPLAY_TIC|tic=928|mle_ms=83.938|monotonic_ms=90|clock_delta_ms=6.062|
clock_suspect=0
PMLE_LIVE_REPLAY_TIC|tic=929|mle_ms=34.214|monotonic_ms=30|clock_delta_ms=4.214|
clock_suspect=0
PMLE_LIVE_REPLAY_TIC|tic=930|mle_ms=39.757|monotonic_ms=40|clock_delta_ms=.243|c
lock_suspect=0
PMLE_LIVE_REPLAY_TIC|tic=931|mle_ms=87.726|monotonic_ms=90|clock_delta_ms=2.274|
clock_suspect=0
PMLE_LIVE_REPLAY_TIC|tic=932|mle_ms=45.29|monotonic_ms=50|clock_delta_ms=4.71|cl
ock_suspect=0
PMLE_LIVE_REPLAY_TIC|tic=933|mle_ms=47.745|monotonic_ms=40|clock_delta_ms=7.745|
clock_suspect=0
PMLE_LIVE_REPLAY_TIC|tic=934|mle_ms=92.102|monotonic_ms=100|clock_delta_ms=7.898
|clock_suspect=0
PMLE_LIVE_REPLAY_TIC|tic=935|mle_ms=27.219|monotonic_ms=20|clock_delta_ms=7.219|
clock_suspect=0
PMLE_LIVE_REPLAY_TIC|tic=936|mle_ms=79.174|monotonic_ms=80|clock_delta_ms=.826|c
lock_suspect=0
PMLE_LIVE_REPLAY_TIC|tic=937|mle_ms=79.029|monotonic_ms=80|clock_delta_ms=.971|c
lock_suspect=0
PMLE_LIVE_REPLAY_TIC|tic=938|mle_ms=37.821|monotonic_ms=40|clock_delta_ms=2.179|
clock_suspect=0
PMLE_LIVE_REPLAY_TIC|tic=939|mle_ms=37.759|monotonic_ms=40|clock_delta_ms=2.241|
clock_suspect=0
PMLE_LIVE_REPLAY_TIC|tic=940|mle_ms=111.803|monotonic_ms=110|clock_delta_ms=1.80
3|clock_suspect=0
PMLE_LIVE_REPLAY_TIC|tic=941|mle_ms=34.505|monotonic_ms=30|clock_delta_ms=4.505|
clock_suspect=0
PMLE_LIVE_REPLAY_TIC|tic=942|mle_ms=38.176|monotonic_ms=40|clock_delta_ms=1.824|
clock_suspect=0
PMLE_LIVE_REPLAY_TIC|tic=943|mle_ms=97.231|monotonic_ms=100|clock_delta_ms=2.769
|clock_suspect=0
PMLE_LIVE_REPLAY_TIC|tic=944|mle_ms=37.874|monotonic_ms=40|clock_delta_ms=2.126|
clock_suspect=0
PMLE_LIVE_REPLAY_TIC|tic=945|mle_ms=38.261|monotonic_ms=40|clock_delta_ms=1.739|
clock_suspect=0
PMLE_LIVE_REPLAY_TIC|tic=946|mle_ms=142.97|monotonic_ms=140|clock_delta_ms=2.97|
clock_suspect=0
PMLE_LIVE_REPLAY_TIC|tic=947|mle_ms=39.193|monotonic_ms=40|clock_delta_ms=.807|c
lock_suspect=0
PMLE_LIVE_REPLAY_TIC|tic=948|mle_ms=44.386|monotonic_ms=40|clock_delta_ms=4.386|
clock_suspect=0
PMLE_LIVE_REPLAY_TIC|tic=949|mle_ms=109.11|monotonic_ms=110|clock_delta_ms=.89|c
lock_suspect=0
PMLE_LIVE_REPLAY_TIC|tic=950|mle_ms=43.981|monotonic_ms=50|clock_delta_ms=6.019|
clock_suspect=0
PMLE_LIVE_REPLAY_TIC|tic=951|mle_ms=38.809|monotonic_ms=30|clock_delta_ms=8.809|
clock_suspect=0
PMLE_LIVE_REPLAY_TIC|tic=952|mle_ms=134.052|monotonic_ms=140|clock_delta_ms=5.94
8|clock_suspect=0
PMLE_LIVE_REPLAY_TIC|tic=953|mle_ms=49.649|monotonic_ms=50|clock_delta_ms=.351|c
lock_suspect=0
PMLE_LIVE_REPLAY_TIC|tic=954|mle_ms=46.937|monotonic_ms=50|clock_delta_ms=3.063|
clock_suspect=0
PMLE_LIVE_REPLAY_TIC|tic=955|mle_ms=50.607|monotonic_ms=50|clock_delta_ms=.607|c
lock_suspect=0
PMLE_LIVE_REPLAY_TIC|tic=956|mle_ms=98.181|monotonic_ms=90|clock_delta_ms=8.181|
clock_suspect=0
PMLE_LIVE_REPLAY_TIC|tic=957|mle_ms=83.894|monotonic_ms=90|clock_delta_ms=6.106|
clock_suspect=0
PMLE_LIVE_REPLAY_TIC|tic=958|mle_ms=86.525|monotonic_ms=80|clock_delta_ms=6.525|
clock_suspect=0
PMLE_LIVE_REPLAY_TIC|tic=959|mle_ms=69.812|monotonic_ms=70|clock_delta_ms=.188|c
lock_suspect=0
PMLE_LIVE_REPLAY_TIC|tic=960|mle_ms=77.89|monotonic_ms=80|clock_delta_ms=2.11|cl
ock_suspect=0
PMLE_LIVE_REPLAY_TIC|tic=961|mle_ms=89.573|monotonic_ms=90|clock_delta_ms=.427|c
lock_suspect=0
PMLE_LIVE_REPLAY_TIC|tic=962|mle_ms=46.835|monotonic_ms=50|clock_delta_ms=3.165|
clock_suspect=0
PMLE_LIVE_REPLAY_TIC|tic=963|mle_ms=54.113|monotonic_ms=50|clock_delta_ms=4.113|
clock_suspect=0
PMLE_LIVE_REPLAY_TIC|tic=964|mle_ms=56.983|monotonic_ms=60|clock_delta_ms=3.017|
clock_suspect=0
PMLE_LIVE_REPLAY_TIC|tic=965|mle_ms=37.799|monotonic_ms=40|clock_delta_ms=2.201|
clock_suspect=0
PMLE_LIVE_REPLAY_TIC|tic=966|mle_ms=83.736|monotonic_ms=80|clock_delta_ms=3.736|
clock_suspect=0
PMLE_LIVE_REPLAY_TIC|tic=967|mle_ms=60.18|monotonic_ms=60|clock_delta_ms=.18|clo
ck_suspect=0
PMLE_LIVE_REPLAY_TIC|tic=968|mle_ms=35.613|monotonic_ms=40|clock_delta_ms=4.387|
clock_suspect=0
PMLE_LIVE_REPLAY_TIC|tic=969|mle_ms=71.671|monotonic_ms=70|clock_delta_ms=1.671|
clock_suspect=0
PMLE_LIVE_REPLAY_TIC|tic=970|mle_ms=101.406|monotonic_ms=100|clock_delta_ms=1.40
6|clock_suspect=0
PMLE_LIVE_REPLAY_TIC|tic=971|mle_ms=49.745|monotonic_ms=50|clock_delta_ms=.255|c
lock_suspect=0
PMLE_LIVE_REPLAY_TIC|tic=972|mle_ms=62.099|monotonic_ms=60|clock_delta_ms=2.099|
clock_suspect=0
PMLE_LIVE_REPLAY_TIC|tic=973|mle_ms=74.546|monotonic_ms=80|clock_delta_ms=5.454|
clock_suspect=0
PMLE_LIVE_REPLAY_TIC|tic=974|mle_ms=50.118|monotonic_ms=50|clock_delta_ms=.118|c
lock_suspect=0
PMLE_LIVE_REPLAY_TIC|tic=975|mle_ms=47.519|monotonic_ms=50|clock_delta_ms=2.481|
clock_suspect=0
PMLE_LIVE_REPLAY_TIC|tic=976|mle_ms=83.978|monotonic_ms=80|clock_delta_ms=3.978|
clock_suspect=0
PMLE_LIVE_REPLAY_TIC|tic=977|mle_ms=35.357|monotonic_ms=40|clock_delta_ms=4.643|
clock_suspect=0
PMLE_LIVE_REPLAY_TIC|tic=978|mle_ms=48.671|monotonic_ms=40|clock_delta_ms=8.671|
clock_suspect=0
PMLE_LIVE_REPLAY_TIC|tic=979|mle_ms=55.006|monotonic_ms=60|clock_delta_ms=4.994|
clock_suspect=0
PMLE_LIVE_REPLAY_TIC|tic=980|mle_ms=40.374|monotonic_ms=40|clock_delta_ms=.374|c
lock_suspect=0
PMLE_LIVE_REPLAY_TIC|tic=981|mle_ms=59.52|monotonic_ms=60|clock_delta_ms=.48|clo
ck_suspect=0
PMLE_LIVE_REPLAY_TIC|tic=982|mle_ms=61.912|monotonic_ms=60|clock_delta_ms=1.912|
clock_suspect=0
PMLE_LIVE_REPLAY_TIC|tic=983|mle_ms=40.616|monotonic_ms=40|clock_delta_ms=.616|c
lock_suspect=0
PMLE_LIVE_REPLAY_TIC|tic=984|mle_ms=44.968|monotonic_ms=50|clock_delta_ms=5.032|
clock_suspect=0
PMLE_LIVE_REPLAY_TIC|tic=985|mle_ms=44.566|monotonic_ms=40|clock_delta_ms=4.566|
clock_suspect=0
PMLE_LIVE_REPLAY_TIC|tic=986|mle_ms=59.776|monotonic_ms=60|clock_delta_ms=.224|c
lock_suspect=0
PMLE_LIVE_REPLAY_TIC|tic=987|mle_ms=66.224|monotonic_ms=70|clock_delta_ms=3.776|
clock_suspect=0
PMLE_LIVE_REPLAY_TIC|tic=988|mle_ms=51.121|monotonic_ms=50|clock_delta_ms=1.121|
clock_suspect=0
PMLE_LIVE_REPLAY_TIC|tic=989|mle_ms=31.836|monotonic_ms=30|clock_delta_ms=1.836|
clock_suspect=0
PMLE_LIVE_REPLAY_TIC|tic=990|mle_ms=59.704|monotonic_ms=60|clock_delta_ms=.296|c
lock_suspect=0
PMLE_LIVE_REPLAY_TIC|tic=991|mle_ms=55.863|monotonic_ms=60|clock_delta_ms=4.137|
clock_suspect=0
PMLE_LIVE_REPLAY_TIC|tic=992|mle_ms=27.172|monotonic_ms=20|clock_delta_ms=7.172|
clock_suspect=0
PMLE_LIVE_REPLAY_TIC|tic=993|mle_ms=59.945|monotonic_ms=60|clock_delta_ms=.055|c
lock_suspect=0
PMLE_LIVE_REPLAY_TIC|tic=994|mle_ms=37.999|monotonic_ms=40|clock_delta_ms=2.001|
clock_suspect=0
PMLE_LIVE_REPLAY_TIC|tic=995|mle_ms=26.181|monotonic_ms=30|clock_delta_ms=3.819|
clock_suspect=0
PMLE_LIVE_REPLAY_TIC|tic=996|mle_ms=76.219|monotonic_ms=70|clock_delta_ms=6.219|
clock_suspect=0
PMLE_LIVE_REPLAY_TIC|tic=997|mle_ms=48.394|monotonic_ms=50|clock_delta_ms=1.606|
clock_suspect=0
PMLE_LIVE_REPLAY_TIC|tic=998|mle_ms=28.627|monotonic_ms=30|clock_delta_ms=1.373|
clock_suspect=0
PMLE_LIVE_REPLAY_TIC|tic=999|mle_ms=49.137|monotonic_ms=50|clock_delta_ms=.863|c
lock_suspect=0
PMLE_LIVE_REPLAY_TIC|tic=1000|mle_ms=47.374|monotonic_ms=50|clock_delta_ms=2.626
|clock_suspect=0
PMLE_LIVE_REPLAY_TIC|tic=1001|mle_ms=29.675|monotonic_ms=30|clock_delta_ms=.325|
clock_suspect=0
PMLE_LIVE_REPLAY_TIC|tic=1002|mle_ms=45.907|monotonic_ms=40|clock_delta_ms=5.907
|clock_suspect=0
PMLE_LIVE_REPLAY_TIC|tic=1003|mle_ms=49.098|monotonic_ms=50|clock_delta_ms=.902|
clock_suspect=0
PMLE_LIVE_REPLAY_TIC|tic=1004|mle_ms=221.481|monotonic_ms=220|clock_delta_ms=1.4
81|clock_suspect=0
PMLE_LIVE_REPLAY_TIC|tic=1005|mle_ms=49.391|monotonic_ms=50|clock_delta_ms=.609|
clock_suspect=0
PMLE_LIVE_REPLAY_TIC|tic=1006|mle_ms=101.329|monotonic_ms=100|clock_delta_ms=1.3
29|clock_suspect=0
PMLE_LIVE_REPLAY_TIC|tic=1007|mle_ms=272.799|monotonic_ms=280|clock_delta_ms=7.2
01|clock_suspect=0
PMLE_LIVE_REPLAY_TIC|tic=1008|mle_ms=56.996|monotonic_ms=50|clock_delta_ms=6.996
|clock_suspect=0
PMLE_LIVE_REPLAY_TIC|tic=1009|mle_ms=51.842|monotonic_ms=60|clock_delta_ms=8.158
|clock_suspect=0
PMLE_LIVE_REPLAY_TIC|tic=1010|mle_ms=65.164|monotonic_ms=60|clock_delta_ms=5.164
|clock_suspect=0
PMLE_LIVE_REPLAY_TIC|tic=1011|mle_ms=49.199|monotonic_ms=50|clock_delta_ms=.801|
clock_suspect=0
PMLE_LIVE_REPLAY_TIC|tic=1012|mle_ms=40.042|monotonic_ms=40|clock_delta_ms=.042|
clock_suspect=0
PMLE_LIVE_REPLAY_TIC|tic=1013|mle_ms=52.524|monotonic_ms=50|clock_delta_ms=2.524
|clock_suspect=0
PMLE_LIVE_REPLAY_TIC|tic=1014|mle_ms=75.425|monotonic_ms=80|clock_delta_ms=4.575
|clock_suspect=0
PMLE_LIVE_REPLAY_TIC|tic=1015|mle_ms=53.725|monotonic_ms=50|clock_delta_ms=3.725
|clock_suspect=0
PMLE_LIVE_REPLAY_TIC|tic=1016|mle_ms=74.018|monotonic_ms=80|clock_delta_ms=5.982
|clock_suspect=0
PMLE_LIVE_REPLAY_TIC|tic=1017|mle_ms=53.225|monotonic_ms=50|clock_delta_ms=3.225
|clock_suspect=0
PMLE_LIVE_REPLAY_TIC|tic=1018|mle_ms=55.876|monotonic_ms=60|clock_delta_ms=4.124
|clock_suspect=0
PMLE_LIVE_REPLAY_TIC|tic=1019|mle_ms=39.822|monotonic_ms=40|clock_delta_ms=.178|
clock_suspect=0
PMLE_LIVE_REPLAY_TIC|tic=1020|mle_ms=44.632|monotonic_ms=40|clock_delta_ms=4.632
|clock_suspect=0
PMLE_LIVE_REPLAY_TIC|tic=1021|mle_ms=52.241|monotonic_ms=50|clock_delta_ms=2.241
|clock_suspect=0
PMLE_LIVE_REPLAY_TIC|tic=1022|mle_ms=46.107|monotonic_ms=50|clock_delta_ms=3.893
|clock_suspect=0
PMLE_LIVE_REPLAY_TIC|tic=1023|mle_ms=59.965|monotonic_ms=60|clock_delta_ms=.035|
clock_suspect=0
PMLE_LIVE_REPLAY_TIC|tic=1024|mle_ms=39.527|monotonic_ms=40|clock_delta_ms=.473|
clock_suspect=0
PMLE_LIVE_REPLAY_TIC|tic=1025|mle_ms=34.178|monotonic_ms=30|clock_delta_ms=4.178
|clock_suspect=0
PMLE_LIVE_REPLAY_TIC|tic=1026|mle_ms=75.228|monotonic_ms=80|clock_delta_ms=4.772
|clock_suspect=0
PMLE_LIVE_REPLAY_TIC|tic=1027|mle_ms=69.547|monotonic_ms=70|clock_delta_ms=.453|
clock_suspect=0
PMLE_LIVE_REPLAY_TIC|tic=1028|mle_ms=44.913|monotonic_ms=40|clock_delta_ms=4.913
|clock_suspect=0
PMLE_LIVE_REPLAY_TIC|tic=1029|mle_ms=49.701|monotonic_ms=50|clock_delta_ms=.299|
clock_suspect=0
PMLE_LIVE_REPLAY_TIC|tic=1030|mle_ms=41.943|monotonic_ms=40|clock_delta_ms=1.943
|clock_suspect=0
PMLE_LIVE_REPLAY_TIC|tic=1031|mle_ms=43.502|monotonic_ms=50|clock_delta_ms=6.498
|clock_suspect=0
PMLE_LIVE_REPLAY_TIC|tic=1032|mle_ms=41.199|monotonic_ms=40|clock_delta_ms=1.199
|clock_suspect=0
PMLE_LIVE_REPLAY_TIC|tic=1033|mle_ms=68.892|monotonic_ms=70|clock_delta_ms=1.108
|clock_suspect=0
PMLE_LIVE_REPLAY_TIC|tic=1034|mle_ms=51.726|monotonic_ms=50|clock_delta_ms=1.726
|clock_suspect=0
PMLE_LIVE_REPLAY_TIC|tic=1035|mle_ms=51.895|monotonic_ms=50|clock_delta_ms=1.895
|clock_suspect=0
PMLE_LIVE_REPLAY_TIC|tic=1036|mle_ms=51.064|monotonic_ms=50|clock_delta_ms=1.064
|clock_suspect=0
PMLE_LIVE_REPLAY_TIC|tic=1037|mle_ms=62.192|monotonic_ms=70|clock_delta_ms=7.808
|clock_suspect=0
PMLE_LIVE_REPLAY_TIC|tic=1038|mle_ms=60.533|monotonic_ms=60|clock_delta_ms=.533|
clock_suspect=0
PMLE_LIVE_REPLAY_TIC|tic=1039|mle_ms=46.218|monotonic_ms=40|clock_delta_ms=6.218
|clock_suspect=0
PMLE_LIVE_REPLAY_TIC|tic=1040|mle_ms=33.726|monotonic_ms=40|clock_delta_ms=6.274
|clock_suspect=0
PMLE_LIVE_REPLAY_TIC|tic=1041|mle_ms=54.429|monotonic_ms=50|clock_delta_ms=4.429
|clock_suspect=0
PMLE_LIVE_REPLAY_TIC|tic=1042|mle_ms=57.471|monotonic_ms=60|clock_delta_ms=2.529
|clock_suspect=0
PMLE_LIVE_REPLAY_TIC|tic=1043|mle_ms=37.29|monotonic_ms=40|clock_delta_ms=2.71|c
lock_suspect=0
PMLE_LIVE_REPLAY_TIC|tic=1044|mle_ms=54.756|monotonic_ms=50|clock_delta_ms=4.756
|clock_suspect=0
PMLE_LIVE_REPLAY_TIC|tic=1045|mle_ms=34.029|monotonic_ms=30|clock_delta_ms=4.029
|clock_suspect=0
PMLE_LIVE_REPLAY_TIC|tic=1046|mle_ms=39.079|monotonic_ms=40|clock_delta_ms=.921|
clock_suspect=0
PMLE_LIVE_REPLAY_TIC|tic=1047|mle_ms=55.801|monotonic_ms=60|clock_delta_ms=4.199
|clock_suspect=0
PMLE_LIVE_REPLAY_TIC|tic=1048|mle_ms=111.94|monotonic_ms=110|clock_delta_ms=1.94
|clock_suspect=0
PMLE_LIVE_REPLAY_TIC|tic=1049|mle_ms=36.084|monotonic_ms=40|clock_delta_ms=3.916
|clock_suspect=0
PMLE_LIVE_REPLAY_TIC|tic=1050|mle_ms=55.726|monotonic_ms=50|clock_delta_ms=5.726
|clock_suspect=0
PMLE_LIVE_REPLAY_TIC|tic=1051|mle_ms=45.728|monotonic_ms=50|clock_delta_ms=4.272
|clock_suspect=0
PMLE_LIVE_REPLAY_TIC|tic=1052|mle_ms=30.767|monotonic_ms=30|clock_delta_ms=.767|
clock_suspect=0
PMLE_LIVE_REPLAY_TIC|tic=1053|mle_ms=237.174|monotonic_ms=240|clock_delta_ms=2.8
26|clock_suspect=0
PMLE_LIVE_REPLAY_TIC|tic=1054|mle_ms=38.899|monotonic_ms=40|clock_delta_ms=1.101
|clock_suspect=0
PMLE_LIVE_REPLAY_TIC|tic=1055|mle_ms=27.054|monotonic_ms=20|clock_delta_ms=7.054
|clock_suspect=0
PMLE_LIVE_REPLAY_TIC|tic=1056|mle_ms=162.651|monotonic_ms=170|clock_delta_ms=7.3
49|clock_suspect=0
PMLE_LIVE_REPLAY_TIC|tic=1057|mle_ms=36.39|monotonic_ms=30|clock_delta_ms=6.39|c
lock_suspect=0
PMLE_LIVE_REPLAY_TIC|tic=1058|mle_ms=44.803|monotonic_ms=50|clock_delta_ms=5.197
|clock_suspect=0
PMLE_LIVE_REPLAY_TIC|tic=1059|mle_ms=37.241|monotonic_ms=40|clock_delta_ms=2.759
|clock_suspect=0
PMLE_LIVE_REPLAY_TIC|tic=1060|mle_ms=43.929|monotonic_ms=40|clock_delta_ms=3.929
|clock_suspect=0
PMLE_LIVE_REPLAY_TIC|tic=1061|mle_ms=50.743|monotonic_ms=50|clock_delta_ms=.743|
clock_suspect=0
PMLE_LIVE_REPLAY_TIC|tic=1062|mle_ms=43.949|monotonic_ms=40|clock_delta_ms=3.949
|clock_suspect=0
PMLE_LIVE_REPLAY_TIC|tic=1063|mle_ms=71.951|monotonic_ms=80|clock_delta_ms=8.049
|clock_suspect=0
PMLE_LIVE_REPLAY_TIC|tic=1064|mle_ms=50.282|monotonic_ms=50|clock_delta_ms=.282|
clock_suspect=0
PMLE_LIVE_REPLAY_TIC|tic=1065|mle_ms=39.987|monotonic_ms=40|clock_delta_ms=.013|
clock_suspect=0
PMLE_LIVE_REPLAY_TIC|tic=1066|mle_ms=48.719|monotonic_ms=50|clock_delta_ms=1.281
|clock_suspect=0
PMLE_LIVE_REPLAY_TIC|tic=1067|mle_ms=46.955|monotonic_ms=40|clock_delta_ms=6.955
|clock_suspect=0
PMLE_LIVE_REPLAY_TIC|tic=1068|mle_ms=40.824|monotonic_ms=40|clock_delta_ms=.824|
clock_suspect=0
PMLE_LIVE_REPLAY_TIC|tic=1069|mle_ms=33.421|monotonic_ms=40|clock_delta_ms=6.579
|clock_suspect=0
PMLE_LIVE_REPLAY_TIC|tic=1070|mle_ms=26.616|monotonic_ms=20|clock_delta_ms=6.616
|clock_suspect=0
PMLE_LIVE_REPLAY_TIC|tic=1071|mle_ms=46.493|monotonic_ms=50|clock_delta_ms=3.507
|clock_suspect=0
PMLE_LIVE_REPLAY_TIC|tic=1072|mle_ms=41.094|monotonic_ms=40|clock_delta_ms=1.094
|clock_suspect=0
PMLE_LIVE_REPLAY_TIC|tic=1073|mle_ms=40.407|monotonic_ms=40|clock_delta_ms=.407|
clock_suspect=0
PMLE_LIVE_REPLAY_TIC|tic=1074|mle_ms=50.51|monotonic_ms=50|clock_delta_ms=.51|cl
ock_suspect=0
PMLE_LIVE_REPLAY_TIC|tic=1075|mle_ms=36.135|monotonic_ms=40|clock_delta_ms=3.865
|clock_suspect=0
PMLE_LIVE_REPLAY_TIC|tic=1076|mle_ms=46.775|monotonic_ms=50|clock_delta_ms=3.225
|clock_suspect=0
PMLE_LIVE_REPLAY_TIC|tic=1077|mle_ms=34.878|monotonic_ms=30|clock_delta_ms=4.878
|clock_suspect=0
PMLE_LIVE_REPLAY_TIC|tic=1078|mle_ms=45.564|monotonic_ms=50|clock_delta_ms=4.436
|clock_suspect=0
PMLE_LIVE_REPLAY_TIC|tic=1079|mle_ms=29.343|monotonic_ms=30|clock_delta_ms=.657|
clock_suspect=0
PMLE_LIVE_REPLAY_TIC|tic=1080|mle_ms=32.024|monotonic_ms=30|clock_delta_ms=2.024
|clock_suspect=0
PMLE_LIVE_REPLAY_TIC|tic=1081|mle_ms=51.973|monotonic_ms=50|clock_delta_ms=1.973
|clock_suspect=0
PMLE_LIVE_REPLAY_TIC|tic=1082|mle_ms=24.307|monotonic_ms=20|clock_delta_ms=4.307
|clock_suspect=0
PMLE_LIVE_REPLAY_TIC|tic=1083|mle_ms=24.781|monotonic_ms=30|clock_delta_ms=5.219
|clock_suspect=0
PMLE_LIVE_REPLAY_TIC|tic=1084|mle_ms=60.575|monotonic_ms=60|clock_delta_ms=.575|
clock_suspect=0
PMLE_LIVE_REPLAY_TIC|tic=1085|mle_ms=22.203|monotonic_ms=20|clock_delta_ms=2.203
|clock_suspect=0
PMLE_LIVE_REPLAY_TIC|tic=1086|mle_ms=33.749|monotonic_ms=40|clock_delta_ms=6.251
|clock_suspect=0
PMLE_LIVE_REPLAY_TIC|tic=1087|mle_ms=49.587|monotonic_ms=50|clock_delta_ms=.413|
clock_suspect=0
PMLE_LIVE_REPLAY_TIC|tic=1088|mle_ms=46.049|monotonic_ms=40|clock_delta_ms=6.049
|clock_suspect=0
PMLE_LIVE_REPLAY_TIC|tic=1089|mle_ms=32.648|monotonic_ms=30|clock_delta_ms=2.648
|clock_suspect=0
PMLE_LIVE_REPLAY_TIC|tic=1090|mle_ms=41.696|monotonic_ms=50|clock_delta_ms=8.304
|clock_suspect=0
PMLE_LIVE_REPLAY_TIC|tic=1091|mle_ms=52.048|monotonic_ms=50|clock_delta_ms=2.048
|clock_suspect=0
PMLE_LIVE_REPLAY_TIC|tic=1092|mle_ms=29.997|monotonic_ms=30|clock_delta_ms=.003|
clock_suspect=0
PMLE_LIVE_REPLAY_TIC|tic=1093|mle_ms=44.483|monotonic_ms=40|clock_delta_ms=4.483
|clock_suspect=0
PMLE_LIVE_REPLAY_TIC|tic=1094|mle_ms=41.61|monotonic_ms=40|clock_delta_ms=1.61|c
lock_suspect=0
PMLE_LIVE_REPLAY_TIC|tic=1095|mle_ms=36.614|monotonic_ms=40|clock_delta_ms=3.386
|clock_suspect=0
PMLE_LIVE_REPLAY_TIC|tic=1096|mle_ms=47.373|monotonic_ms=50|clock_delta_ms=2.627
|clock_suspect=0
PMLE_LIVE_REPLAY_TIC|tic=1097|mle_ms=32.079|monotonic_ms=30|clock_delta_ms=2.079
|clock_suspect=0
PMLE_LIVE_REPLAY_TIC|tic=1098|mle_ms=27.696|monotonic_ms=30|clock_delta_ms=2.304
|clock_suspect=0
PMLE_LIVE_REPLAY_TIC|tic=1099|mle_ms=44.135|monotonic_ms=40|clock_delta_ms=4.135
|clock_suspect=0
PMLE_LIVE_REPLAY_TIC|tic=1100|mle_ms=27.694|monotonic_ms=30|clock_delta_ms=2.306
|clock_suspect=0
PMLE_LIVE_REPLAY_TIC|tic=1101|mle_ms=54.54|monotonic_ms=60|clock_delta_ms=5.46|c
lock_suspect=0
PMLE_LIVE_REPLAY_TIC|tic=1102|mle_ms=54.031|monotonic_ms=50|clock_delta_ms=4.031
|clock_suspect=0
PMLE_LIVE_REPLAY_TIC|tic=1103|mle_ms=42.634|monotonic_ms=40|clock_delta_ms=2.634
|clock_suspect=0
PMLE_LIVE_REPLAY_TIC|tic=1104|mle_ms=47.612|monotonic_ms=50|clock_delta_ms=2.388
|clock_suspect=0
PMLE_LIVE_REPLAY_TIC|tic=1105|mle_ms=51.103|monotonic_ms=50|clock_delta_ms=1.103
|clock_suspect=0
PMLE_LIVE_REPLAY_TIC|tic=1106|mle_ms=44.281|monotonic_ms=50|clock_delta_ms=5.719
|clock_suspect=0
PMLE_LIVE_REPLAY_TIC|tic=1107|mle_ms=46.022|monotonic_ms=40|clock_delta_ms=6.022
|clock_suspect=0
PMLE_LIVE_REPLAY_TIC|tic=1108|mle_ms=56.617|monotonic_ms=60|clock_delta_ms=3.383
|clock_suspect=0
PMLE_LIVE_REPLAY_TIC|tic=1109|mle_ms=42.03|monotonic_ms=40|clock_delta_ms=2.03|c
lock_suspect=0
PMLE_LIVE_REPLAY_TIC|tic=1110|mle_ms=49.344|monotonic_ms=50|clock_delta_ms=.656|
clock_suspect=0
PMLE_LIVE_REPLAY_TIC|tic=1111|mle_ms=116.159|monotonic_ms=120|clock_delta_ms=3.8
41|clock_suspect=0
PMLE_LIVE_REPLAY_TIC|tic=1112|mle_ms=54.268|monotonic_ms=50|clock_delta_ms=4.268
|clock_suspect=0
PMLE_LIVE_REPLAY_TIC|tic=1113|mle_ms=34.337|monotonic_ms=30|clock_delta_ms=4.337
|clock_suspect=0
PMLE_LIVE_REPLAY_TIC|tic=1114|mle_ms=79.009|monotonic_ms=80|clock_delta_ms=.991|
clock_suspect=0
PMLE_LIVE_REPLAY_TIC|tic=1115|mle_ms=31.848|monotonic_ms=40|clock_delta_ms=8.152
|clock_suspect=0
PMLE_LIVE_REPLAY_TIC|tic=1116|mle_ms=40.653|monotonic_ms=40|clock_delta_ms=.653|
clock_suspect=0
PMLE_LIVE_REPLAY_TIC|tic=1117|mle_ms=51.57|monotonic_ms=50|clock_delta_ms=1.57|c
lock_suspect=0
PMLE_LIVE_REPLAY_TIC|tic=1118|mle_ms=35.711|monotonic_ms=30|clock_delta_ms=5.711
|clock_suspect=0
PMLE_LIVE_REPLAY_TIC|tic=1119|mle_ms=35.673|monotonic_ms=40|clock_delta_ms=4.327
|clock_suspect=0
PMLE_LIVE_REPLAY_TIC|tic=1120|mle_ms=40.256|monotonic_ms=40|clock_delta_ms=.256|
clock_suspect=0
PMLE_LIVE_REPLAY_TIC|tic=1121|mle_ms=41.747|monotonic_ms=40|clock_delta_ms=1.747
|clock_suspect=0
PMLE_LIVE_REPLAY_TIC|tic=1122|mle_ms=30.119|monotonic_ms=30|clock_delta_ms=.119|
clock_suspect=0
PMLE_LIVE_REPLAY_TIC|tic=1123|mle_ms=40.704|monotonic_ms=40|clock_delta_ms=.704|
clock_suspect=0
PMLE_LIVE_REPLAY_TIC|tic=1124|mle_ms=40.118|monotonic_ms=40|clock_delta_ms=.118|
clock_suspect=0
PMLE_LIVE_REPLAY_TIC|tic=1125|mle_ms=25.365|monotonic_ms=30|clock_delta_ms=4.635
|clock_suspect=0
PMLE_LIVE_REPLAY_TIC|tic=1126|mle_ms=40.801|monotonic_ms=40|clock_delta_ms=.801|
clock_suspect=0
PMLE_LIVE_REPLAY_TIC|tic=1127|mle_ms=31.24|monotonic_ms=30|clock_delta_ms=1.24|c
lock_suspect=0
PMLE_LIVE_REPLAY_TIC|tic=1128|mle_ms=28.108|monotonic_ms=30|clock_delta_ms=1.892
|clock_suspect=0
PMLE_LIVE_REPLAY_TIC|tic=1129|mle_ms=48.2|monotonic_ms=50|clock_delta_ms=1.8|clo
ck_suspect=0
PMLE_LIVE_REPLAY_TIC|tic=1130|mle_ms=30.574|monotonic_ms=30|clock_delta_ms=.574|
clock_suspect=0
PMLE_LIVE_REPLAY_TIC|tic=1131|mle_ms=35.157|monotonic_ms=30|clock_delta_ms=5.157
|clock_suspect=0
PMLE_LIVE_REPLAY_TIC|tic=1132|mle_ms=51.965|monotonic_ms=60|clock_delta_ms=8.035
|clock_suspect=0
PMLE_LIVE_REPLAY_TIC|tic=1133|mle_ms=25.772|monotonic_ms=20|clock_delta_ms=5.772
|clock_suspect=0
PMLE_LIVE_REPLAY_TIC|tic=1134|mle_ms=47.56|monotonic_ms=50|clock_delta_ms=2.44|c
lock_suspect=0
PMLE_LIVE_REPLAY_TIC|tic=1135|mle_ms=23.937|monotonic_ms=20|clock_delta_ms=3.937
|clock_suspect=0
PMLE_LIVE_REPLAY_TIC|tic=1136|mle_ms=19.072|monotonic_ms=20|clock_delta_ms=.928|
clock_suspect=0
PMLE_LIVE_REPLAY_TIC|tic=1137|mle_ms=31.563|monotonic_ms=30|clock_delta_ms=1.563
|clock_suspect=0
PMLE_LIVE_REPLAY_TIC|tic=1138|mle_ms=25.547|monotonic_ms=30|clock_delta_ms=4.453
|clock_suspect=0
PMLE_LIVE_REPLAY_TIC|tic=1139|mle_ms=17.758|monotonic_ms=20|clock_delta_ms=2.242
|clock_suspect=0
PMLE_LIVE_REPLAY_TIC|tic=1140|mle_ms=25.089|monotonic_ms=20|clock_delta_ms=5.089
|clock_suspect=0
PMLE_LIVE_REPLAY_TIC|tic=1141|mle_ms=30.962|monotonic_ms=30|clock_delta_ms=.962|
clock_suspect=0
PMLE_LIVE_REPLAY_TIC|tic=1142|mle_ms=16.789|monotonic_ms=20|clock_delta_ms=3.211
|clock_suspect=0
PMLE_LIVE_REPLAY_TIC|tic=1143|mle_ms=38.924|monotonic_ms=40|clock_delta_ms=1.076
|clock_suspect=0
PMLE_LIVE_REPLAY_TIC|tic=1144|mle_ms=41.743|monotonic_ms=40|clock_delta_ms=1.743
|clock_suspect=0
PMLE_LIVE_REPLAY_TIC|tic=1145|mle_ms=18.531|monotonic_ms=20|clock_delta_ms=1.469
|clock_suspect=0
PMLE_LIVE_REPLAY_TIC|tic=1146|mle_ms=256.887|monotonic_ms=260|clock_delta_ms=3.1
13|clock_suspect=0
PMLE_LIVE_REPLAY_TIC|tic=1147|mle_ms=21.56|monotonic_ms=20|clock_delta_ms=1.56|c
lock_suspect=0
PMLE_LIVE_REPLAY_TIC|tic=1148|mle_ms=14.824|monotonic_ms=10|clock_delta_ms=4.824
|clock_suspect=0
PMLE_LIVE_REPLAY_TIC|tic=1149|mle_ms=187.679|monotonic_ms=190|clock_delta_ms=2.3
21|clock_suspect=0
PMLE_LIVE_REPLAY_TIC|tic=1150|mle_ms=22.526|monotonic_ms=20|clock_delta_ms=2.526
|clock_suspect=0
PMLE_LIVE_REPLAY_TIC|tic=1151|mle_ms=27.126|monotonic_ms=30|clock_delta_ms=2.874
|clock_suspect=0
PMLE_LIVE_REPLAY_TIC|tic=1152|mle_ms=19.484|monotonic_ms=20|clock_delta_ms=.516|
clock_suspect=0
PMLE_LIVE_REPLAY_TIC|tic=1153|mle_ms=38.522|monotonic_ms=40|clock_delta_ms=1.478
|clock_suspect=0
PMLE_LIVE_REPLAY_TIC|tic=1154|mle_ms=33.632|monotonic_ms=30|clock_delta_ms=3.632
|clock_suspect=0
PMLE_LIVE_REPLAY_TIC|tic=1155|mle_ms=25.125|monotonic_ms=30|clock_delta_ms=4.875
|clock_suspect=0
PMLE_LIVE_REPLAY_TIC|tic=1156|mle_ms=45.066|monotonic_ms=40|clock_delta_ms=5.066
|clock_suspect=0
PMLE_LIVE_REPLAY_TIC|tic=1157|mle_ms=38.623|monotonic_ms=40|clock_delta_ms=1.377
|clock_suspect=0
PMLE_LIVE_REPLAY_TIC|tic=1158|mle_ms=34.598|monotonic_ms=40|clock_delta_ms=5.402
|clock_suspect=0
PMLE_LIVE_REPLAY_TIC|tic=1159|mle_ms=26.431|monotonic_ms=20|clock_delta_ms=6.431
|clock_suspect=0
PMLE_LIVE_REPLAY_TIC|tic=1160|mle_ms=27.2|monotonic_ms=30|clock_delta_ms=2.8|clo
ck_suspect=0
PMLE_LIVE_REPLAY_TIC|tic=1161|mle_ms=45.232|monotonic_ms=50|clock_delta_ms=4.768
|clock_suspect=0
PMLE_LIVE_REPLAY_TIC|tic=1162|mle_ms=29.705|monotonic_ms=20|clock_delta_ms=9.705
|clock_suspect=0
PMLE_LIVE_REPLAY_TIC|tic=1163|mle_ms=34.268|monotonic_ms=40|clock_delta_ms=5.732
|clock_suspect=0
PMLE_LIVE_REPLAY_TIC|tic=1164|mle_ms=41.071|monotonic_ms=40|clock_delta_ms=1.071
|clock_suspect=0
PMLE_LIVE_REPLAY_TIC|tic=1165|mle_ms=29.519|monotonic_ms=30|clock_delta_ms=.481|
clock_suspect=0
PMLE_LIVE_REPLAY_TIC|tic=1166|mle_ms=38.305|monotonic_ms=40|clock_delta_ms=1.695
|clock_suspect=0
PMLE_LIVE_REPLAY_TIC|tic=1167|mle_ms=34.33|monotonic_ms=30|clock_delta_ms=4.33|c
lock_suspect=0
PMLE_LIVE_REPLAY_TIC|tic=1168|mle_ms=29.354|monotonic_ms=30|clock_delta_ms=.646|
clock_suspect=0
PMLE_LIVE_REPLAY_TIC|tic=1169|mle_ms=37.199|monotonic_ms=40|clock_delta_ms=2.801
|clock_suspect=0
PMLE_LIVE_REPLAY_TIC|tic=1170|mle_ms=50.3|monotonic_ms=50|clock_delta_ms=.3|cloc
k_suspect=0
PMLE_LIVE_REPLAY_TIC|tic=1171|mle_ms=70.974|monotonic_ms=70|clock_delta_ms=.974|
clock_suspect=0
PMLE_LIVE_REPLAY_TIC|tic=1172|mle_ms=33.618|monotonic_ms=30|clock_delta_ms=3.618
|clock_suspect=0
PMLE_LIVE_REPLAY_TIC|tic=1173|mle_ms=44.48|monotonic_ms=50|clock_delta_ms=5.52|c
lock_suspect=0
PMLE_LIVE_REPLAY_TIC|tic=1174|mle_ms=44.65|monotonic_ms=40|clock_delta_ms=4.65|c
lock_suspect=0
PMLE_LIVE_REPLAY_TIC|tic=1175|mle_ms=44.613|monotonic_ms=50|clock_delta_ms=5.387
|clock_suspect=0
PMLE_LIVE_REPLAY_TIC|tic=1176|mle_ms=40.15|monotonic_ms=40|clock_delta_ms=.15|cl
ock_suspect=0
PMLE_LIVE_REPLAY_TIC|tic=1177|mle_ms=38.97|monotonic_ms=40|clock_delta_ms=1.03|c
lock_suspect=0
PMLE_LIVE_REPLAY_TIC|tic=1178|mle_ms=35.271|monotonic_ms=30|clock_delta_ms=5.271
|clock_suspect=0
PMLE_LIVE_REPLAY_TIC|tic=1179|mle_ms=37.131|monotonic_ms=40|clock_delta_ms=2.869
|clock_suspect=0
PMLE_LIVE_REPLAY_TIC|tic=1180|mle_ms=31.923|monotonic_ms=30|clock_delta_ms=1.923
|clock_suspect=0
PMLE_LIVE_REPLAY_TIC|tic=1181|mle_ms=42.094|monotonic_ms=40|clock_delta_ms=2.094
|clock_suspect=0
PMLE_LIVE_REPLAY_TIC|tic=1182|mle_ms=48.361|monotonic_ms=50|clock_delta_ms=1.639
|clock_suspect=0
PMLE_LIVE_REPLAY_TIC|tic=1183|mle_ms=46.629|monotonic_ms=50|clock_delta_ms=3.371
|clock_suspect=0
PMLE_LIVE_REPLAY_TIC|tic=1184|mle_ms=50.34|monotonic_ms=50|clock_delta_ms=.34|cl
ock_suspect=0
PMLE_LIVE_REPLAY_TIC|tic=1185|mle_ms=36.97|monotonic_ms=40|clock_delta_ms=3.03|c
lock_suspect=0
PMLE_LIVE_REPLAY_TIC|tic=1186|mle_ms=42.28|monotonic_ms=40|clock_delta_ms=2.28|c
lock_suspect=0
PMLE_LIVE_REPLAY_TIC|tic=1187|mle_ms=53.744|monotonic_ms=50|clock_delta_ms=3.744
|clock_suspect=0
PMLE_LIVE_REPLAY_TIC|tic=1188|mle_ms=46.678|monotonic_ms=50|clock_delta_ms=3.322
|clock_suspect=0
PMLE_LIVE_REPLAY_TIC|tic=1189|mle_ms=47.047|monotonic_ms=50|clock_delta_ms=2.953
|clock_suspect=0
PMLE_LIVE_REPLAY_TIC|tic=1190|mle_ms=38.299|monotonic_ms=40|clock_delta_ms=1.701
|clock_suspect=0
PMLE_LIVE_REPLAY_TIC|tic=1191|mle_ms=50.946|monotonic_ms=50|clock_delta_ms=.946|
clock_suspect=0
PMLE_LIVE_REPLAY_TIC|tic=1192|mle_ms=41.869|monotonic_ms=40|clock_delta_ms=1.869
|clock_suspect=0
PMLE_LIVE_REPLAY_TIC|tic=1193|mle_ms=270.575|monotonic_ms=270|clock_delta_ms=.57
5|clock_suspect=0
PMLE_LIVE_REPLAY_TIC|tic=1194|mle_ms=48.628|monotonic_ms=50|clock_delta_ms=1.372
|clock_suspect=0
PMLE_LIVE_REPLAY_TIC|tic=1195|mle_ms=52.122|monotonic_ms=50|clock_delta_ms=2.122
|clock_suspect=0
PMLE_LIVE_REPLAY_TIC|tic=1196|mle_ms=194.247|monotonic_ms=200|clock_delta_ms=5.7
53|clock_suspect=0
PMLE_LIVE_REPLAY_TIC|tic=1197|mle_ms=34.68|monotonic_ms=30|clock_delta_ms=4.68|c
lock_suspect=0
PMLE_LIVE_REPLAY_TIC|tic=1198|mle_ms=61.468|monotonic_ms=60|clock_delta_ms=1.468
|clock_suspect=0
PMLE_LIVE_REPLAY_TIC|tic=1199|mle_ms=31.387|monotonic_ms=30|clock_delta_ms=1.387
|clock_suspect=0
PMLE_LIVE_REPLAY_TIC|tic=1200|mle_ms=48.41|monotonic_ms=50|clock_delta_ms=1.59|c
lock_suspect=0
PMLE_LIVE_REPLAY_TIC|tic=1201|mle_ms=46.805|monotonic_ms=50|clock_delta_ms=3.195
|clock_suspect=0
PMLE_LIVE_REPLAY_TIC|tic=1202|mle_ms=47.466|monotonic_ms=50|clock_delta_ms=2.534
|clock_suspect=0
PMLE_LIVE_REPLAY_TIC|tic=1203|mle_ms=43.995|monotonic_ms=40|clock_delta_ms=3.995
|clock_suspect=0
PMLE_LIVE_REPLAY_TIC|tic=1204|mle_ms=66.585|monotonic_ms=70|clock_delta_ms=3.415
|clock_suspect=0
PMLE_LIVE_REPLAY_TIC|tic=1205|mle_ms=34.439|monotonic_ms=30|clock_delta_ms=4.439
|clock_suspect=0
PMLE_LIVE_REPLAY_TIC|tic=1206|mle_ms=82.267|monotonic_ms=90|clock_delta_ms=7.733
|clock_suspect=0
PMLE_LIVE_REPLAY_TIC|tic=1207|mle_ms=65.928|monotonic_ms=60|clock_delta_ms=5.928
|clock_suspect=0
PMLE_LIVE_REPLAY_TIC|tic=1208|mle_ms=29.683|monotonic_ms=30|clock_delta_ms=.317|
clock_suspect=0
PMLE_LIVE_REPLAY_TIC|tic=1209|mle_ms=42.19|monotonic_ms=40|clock_delta_ms=2.19|c
lock_suspect=0
PMLE_LIVE_REPLAY_TIC|tic=1210|mle_ms=59.421|monotonic_ms=60|clock_delta_ms=.579|
clock_suspect=0
PMLE_LIVE_REPLAY_TIC|tic=1211|mle_ms=35.498|monotonic_ms=40|clock_delta_ms=4.502
|clock_suspect=0
PMLE_LIVE_REPLAY_TIC|tic=1212|mle_ms=30.714|monotonic_ms=30|clock_delta_ms=.714|
clock_suspect=0
PMLE_LIVE_REPLAY_TIC|tic=1213|mle_ms=72.065|monotonic_ms=70|clock_delta_ms=2.065
|clock_suspect=0
PMLE_LIVE_REPLAY_TIC|tic=1214|mle_ms=36.684|monotonic_ms=40|clock_delta_ms=3.316
|clock_suspect=0
PMLE_LIVE_REPLAY_TIC|tic=1215|mle_ms=28.676|monotonic_ms=30|clock_delta_ms=1.324
|clock_suspect=0
PMLE_LIVE_REPLAY_TIC|tic=1216|mle_ms=70.765|monotonic_ms=70|clock_delta_ms=.765|
clock_suspect=0
PMLE_LIVE_REPLAY_TIC|tic=1217|mle_ms=28.709|monotonic_ms=30|clock_delta_ms=1.291
|clock_suspect=0
PMLE_LIVE_REPLAY_TIC|tic=1218|mle_ms=23.172|monotonic_ms=20|clock_delta_ms=3.172
|clock_suspect=0
PMLE_LIVE_REPLAY_TIC|tic=1219|mle_ms=31.223|monotonic_ms=30|clock_delta_ms=1.223
|clock_suspect=0
PMLE_LIVE_REPLAY_TIC|tic=1220|mle_ms=21.59|monotonic_ms=20|clock_delta_ms=1.59|c
lock_suspect=0
PMLE_LIVE_REPLAY_TIC|tic=1221|mle_ms=31.659|monotonic_ms=30|clock_delta_ms=1.659
|clock_suspect=0
PMLE_LIVE_REPLAY_TIC|tic=1222|mle_ms=40.395|monotonic_ms=50|clock_delta_ms=9.605
|clock_suspect=0
PMLE_LIVE_REPLAY_TIC|tic=1223|mle_ms=40.543|monotonic_ms=40|clock_delta_ms=.543|
clock_suspect=0
PMLE_LIVE_REPLAY_TIC|tic=1224|mle_ms=32.681|monotonic_ms=30|clock_delta_ms=2.681
|clock_suspect=0
PMLE_LIVE_REPLAY_TIC|tic=1225|mle_ms=76.184|monotonic_ms=70|clock_delta_ms=6.184
|clock_suspect=0
PMLE_LIVE_REPLAY_TIC|tic=1226|mle_ms=53.11|monotonic_ms=60|clock_delta_ms=6.89|c
lock_suspect=0
PMLE_LIVE_REPLAY_TIC|tic=1227|mle_ms=33.025|monotonic_ms=30|clock_delta_ms=3.025
|clock_suspect=0
PMLE_LIVE_REPLAY_TIC|tic=1228|mle_ms=40.804|monotonic_ms=40|clock_delta_ms=.804|
clock_suspect=0
PMLE_LIVE_REPLAY_TIC|tic=1229|mle_ms=27.47|monotonic_ms=30|clock_delta_ms=2.53|c
lock_suspect=0
PMLE_LIVE_REPLAY_TIC|tic=1230|mle_ms=23.418|monotonic_ms=20|clock_delta_ms=3.418
|clock_suspect=0
PMLE_LIVE_REPLAY_TIC|tic=1231|mle_ms=38.496|monotonic_ms=40|clock_delta_ms=1.504
|clock_suspect=0
PMLE_LIVE_REPLAY_TIC|tic=1232|mle_ms=22.716|monotonic_ms=20|clock_delta_ms=2.716
|clock_suspect=0
PMLE_LIVE_REPLAY_TIC|tic=1233|mle_ms=40.429|monotonic_ms=40|clock_delta_ms=.429|
clock_suspect=0
PMLE_LIVE_REPLAY_TIC|tic=1234|mle_ms=38.057|monotonic_ms=40|clock_delta_ms=1.943
|clock_suspect=0
PMLE_LIVE_REPLAY_TIC|tic=1235|mle_ms=21.821|monotonic_ms=20|clock_delta_ms=1.821
|clock_suspect=0
PMLE_LIVE_REPLAY_TIC|tic=1236|mle_ms=52.326|monotonic_ms=60|clock_delta_ms=7.674
|clock_suspect=0
PMLE_LIVE_REPLAY_TIC|tic=1237|mle_ms=33.102|monotonic_ms=30|clock_delta_ms=3.102
|clock_suspect=0
PMLE_LIVE_REPLAY_TIC|tic=1238|mle_ms=24.426|monotonic_ms=30|clock_delta_ms=5.574
|clock_suspect=0
PMLE_LIVE_REPLAY_TIC|tic=1239|mle_ms=22.314|monotonic_ms=20|clock_delta_ms=2.314
|clock_suspect=0
PMLE_LIVE_REPLAY_TIC|tic=1240|mle_ms=23.539|monotonic_ms=20|clock_delta_ms=3.539
|clock_suspect=0
PMLE_LIVE_REPLAY_TIC|tic=1241|mle_ms=23.862|monotonic_ms=30|clock_delta_ms=6.138
|clock_suspect=0
PMLE_LIVE_REPLAY_TIC|tic=1242|mle_ms=17.404|monotonic_ms=10|clock_delta_ms=7.404
|clock_suspect=0
PMLE_LIVE_REPLAY_TIC|tic=1243|mle_ms=37.079|monotonic_ms=40|clock_delta_ms=2.921
|clock_suspect=0
PMLE_LIVE_REPLAY_TIC|tic=1244|mle_ms=20.691|monotonic_ms=20|clock_delta_ms=.691|
clock_suspect=0
PMLE_LIVE_REPLAY_TIC|tic=1245|mle_ms=10.183|monotonic_ms=10|clock_delta_ms=.183|
clock_suspect=0
PMLE_LIVE_REPLAY_TIC|tic=1246|mle_ms=53.984|monotonic_ms=50|clock_delta_ms=3.984
|clock_suspect=0
PMLE_LIVE_REPLAY_TIC|tic=1247|mle_ms=14.322|monotonic_ms=20|clock_delta_ms=5.678
|clock_suspect=0
PMLE_LIVE_REPLAY_TIC|tic=1248|mle_ms=12.85|monotonic_ms=10|clock_delta_ms=2.85|c
lock_suspect=0
PMLE_LIVE_REPLAY_TIC|tic=1249|mle_ms=27.499|monotonic_ms=30|clock_delta_ms=2.501
|clock_suspect=0
PMLE_LIVE_REPLAY_TIC|tic=1250|mle_ms=8.468|monotonic_ms=10|clock_delta_ms=1.532|
clock_suspect=0
PMLE_LIVE_REPLAY_TIC|tic=1251|mle_ms=19.016|monotonic_ms=20|clock_delta_ms=.984|
clock_suspect=0
PMLE_LIVE_REPLAY_TIC|tic=1252|mle_ms=27.381|monotonic_ms=20|clock_delta_ms=7.381
|clock_suspect=0
PMLE_LIVE_REPLAY_TIC|tic=1253|mle_ms=23.927|monotonic_ms=30|clock_delta_ms=6.073
|clock_suspect=0
PMLE_LIVE_REPLAY_TIC|tic=1254|mle_ms=16.429|monotonic_ms=20|clock_delta_ms=3.571
|clock_suspect=0
PMLE_LIVE_REPLAY_TIC|tic=1255|mle_ms=15.756|monotonic_ms=10|clock_delta_ms=5.756
|clock_suspect=0
PMLE_LIVE_REPLAY_TIC|tic=1256|mle_ms=39.768|monotonic_ms=40|clock_delta_ms=.232|
clock_suspect=0
PMLE_LIVE_REPLAY_TIC|tic=1257|mle_ms=15.804|monotonic_ms=20|clock_delta_ms=4.196
|clock_suspect=0
PMLE_LIVE_REPLAY_TIC|tic=1258|mle_ms=21.25|monotonic_ms=20|clock_delta_ms=1.25|c
lock_suspect=0
PMLE_LIVE_REPLAY_TIC|tic=1259|mle_ms=10.552|monotonic_ms=10|clock_delta_ms=.552|
clock_suspect=0
PMLE_LIVE_REPLAY_TIC|tic=1260|mle_ms=8.859|monotonic_ms=10|clock_delta_ms=1.141|
clock_suspect=0
PMLE_LIVE_REPLAY_TIC|tic=1261|mle_ms=37.731|monotonic_ms=40|clock_delta_ms=2.269
|clock_suspect=0
PMLE_LIVE_REPLAY_TIC|tic=1262|mle_ms=11.364|monotonic_ms=10|clock_delta_ms=1.364
|clock_suspect=0
PMLE_LIVE_REPLAY_TIC|tic=1263|mle_ms=26.791|monotonic_ms=20|clock_delta_ms=6.791
|clock_suspect=0
PMLE_LIVE_REPLAY_TIC|tic=1264|mle_ms=38.968|monotonic_ms=40|clock_delta_ms=1.032
|clock_suspect=0
PMLE_LIVE_REPLAY_TIC|tic=1265|mle_ms=9.999|monotonic_ms=10|clock_delta_ms=.001|c
lock_suspect=0
PMLE_LIVE_REPLAY_TIC|tic=1266|mle_ms=43.72|monotonic_ms=50|clock_delta_ms=6.28|c
lock_suspect=0
PMLE_LIVE_REPLAY_TIC|tic=1267|mle_ms=28.1|monotonic_ms=30|clock_delta_ms=1.9|clo
ck_suspect=0
PMLE_LIVE_REPLAY_TIC|tic=1268|mle_ms=13.66|monotonic_ms=10|clock_delta_ms=3.66|c
lock_suspect=0
PMLE_LIVE_REPLAY_TIC|tic=1269|mle_ms=11.907|monotonic_ms=10|clock_delta_ms=1.907
|clock_suspect=0
PMLE_LIVE_REPLAY_TIC|tic=1270|mle_ms=22.11|monotonic_ms=20|clock_delta_ms=2.11|c
lock_suspect=0
PMLE_LIVE_REPLAY_TIC|tic=1271|mle_ms=21.918|monotonic_ms=20|clock_delta_ms=1.918
|clock_suspect=0
PMLE_LIVE_REPLAY_TIC|tic=1272|mle_ms=10.817|monotonic_ms=20|clock_delta_ms=9.183
|clock_suspect=0
PMLE_LIVE_REPLAY_TIC|tic=1273|mle_ms=32.072|monotonic_ms=30|clock_delta_ms=2.072
|clock_suspect=0
PMLE_LIVE_REPLAY_TIC|tic=1274|mle_ms=19.645|monotonic_ms=20|clock_delta_ms=.355|
clock_suspect=0
PMLE_LIVE_REPLAY_TIC|tic=1275|mle_ms=10.11|monotonic_ms=10|clock_delta_ms=.11|cl
ock_suspect=0
PMLE_LIVE_REPLAY_TIC|tic=1276|mle_ms=46.073|monotonic_ms=40|clock_delta_ms=6.073
|clock_suspect=0
PMLE_LIVE_REPLAY_TIC|tic=1277|mle_ms=14.647|monotonic_ms=20|clock_delta_ms=5.353
|clock_suspect=0
PMLE_LIVE_REPLAY_TIC|tic=1278|mle_ms=11.787|monotonic_ms=10|clock_delta_ms=1.787
|clock_suspect=0
PMLE_LIVE_REPLAY_TIC|tic=1279|mle_ms=22.347|monotonic_ms=20|clock_delta_ms=2.347
|clock_suspect=0
PMLE_LIVE_REPLAY_TIC|tic=1280|mle_ms=9.497|monotonic_ms=10|clock_delta_ms=.503|c
lock_suspect=0
PMLE_LIVE_REPLAY_TIC|tic=1281|mle_ms=19.32|monotonic_ms=20|clock_delta_ms=.68|cl
ock_suspect=0
PMLE_LIVE_REPLAY_TIC|tic=1282|mle_ms=31.696|monotonic_ms=30|clock_delta_ms=1.696
|clock_suspect=0
PMLE_LIVE_REPLAY_TIC|tic=1283|mle_ms=23.765|monotonic_ms=30|clock_delta_ms=6.235
|clock_suspect=0
PMLE_LIVE_REPLAY_TIC|tic=1284|mle_ms=19.545|monotonic_ms=20|clock_delta_ms=.455|
clock_suspect=0
PMLE_LIVE_REPLAY_TIC|tic=1285|mle_ms=36.453|monotonic_ms=30|clock_delta_ms=6.453
|clock_suspect=0
PMLE_LIVE_REPLAY_TIC|tic=1286|mle_ms=34.107|monotonic_ms=40|clock_delta_ms=5.893
|clock_suspect=0
PMLE_LIVE_REPLAY_TIC|tic=1287|mle_ms=14.45|monotonic_ms=10|clock_delta_ms=4.45|c
lock_suspect=0
PMLE_LIVE_REPLAY_TIC|tic=1288|mle_ms=35.877|monotonic_ms=40|clock_delta_ms=4.123
|clock_suspect=0
PMLE_LIVE_REPLAY_TIC|tic=1289|mle_ms=12.525|monotonic_ms=10|clock_delta_ms=2.525
|clock_suspect=0
PMLE_LIVE_REPLAY_TIC|tic=1290|mle_ms=17.927|monotonic_ms=20|clock_delta_ms=2.073
|clock_suspect=0
PMLE_LIVE_REPLAY_TIC|tic=1291|mle_ms=31.063|monotonic_ms=30|clock_delta_ms=1.063
|clock_suspect=0
PMLE_LIVE_REPLAY_TIC|tic=1292|mle_ms=12.038|monotonic_ms=10|clock_delta_ms=2.038
|clock_suspect=0
PMLE_LIVE_REPLAY_TIC|tic=1293|mle_ms=28.193|monotonic_ms=30|clock_delta_ms=1.807
|clock_suspect=0
PMLE_LIVE_REPLAY_TIC|tic=1294|mle_ms=36.95|monotonic_ms=40|clock_delta_ms=3.05|c
lock_suspect=0
PMLE_LIVE_REPLAY_TIC|tic=1295|mle_ms=8.61|monotonic_ms=10|clock_delta_ms=1.39|cl
ock_suspect=0
PMLE_LIVE_REPLAY_TIC|tic=1296|mle_ms=35.21|monotonic_ms=30|clock_delta_ms=5.21|c
lock_suspect=0
PMLE_LIVE_REPLAY_TIC|tic=1297|mle_ms=25.192|monotonic_ms=30|clock_delta_ms=4.808
|clock_suspect=0
PMLE_LIVE_REPLAY_TIC|tic=1298|mle_ms=12.837|monotonic_ms=10|clock_delta_ms=2.837
|clock_suspect=0
PMLE_LIVE_REPLAY_TIC|tic=1299|mle_ms=11.03|monotonic_ms=10|clock_delta_ms=1.03|c
lock_suspect=0
PMLE_LIVE_REPLAY_TIC|tic=1300|mle_ms=17.326|monotonic_ms=20|clock_delta_ms=2.674
|clock_suspect=0
PMLE_LIVE_REPLAY_TIC|tic=1301|mle_ms=18.575|monotonic_ms=20|clock_delta_ms=1.425
|clock_suspect=0
PMLE_LIVE_REPLAY_TIC|tic=1302|mle_ms=11.971|monotonic_ms=10|clock_delta_ms=1.971
|clock_suspect=0
PMLE_LIVE_REPLAY_TIC|tic=1303|mle_ms=38.451|monotonic_ms=40|clock_delta_ms=1.549
|clock_suspect=0
PMLE_LIVE_REPLAY_TIC|tic=1304|mle_ms=17.016|monotonic_ms=20|clock_delta_ms=2.984
|clock_suspect=0
PMLE_LIVE_REPLAY_TIC|tic=1305|mle_ms=8.491|monotonic_ms=0|clock_delta_ms=8.491|c
lock_suspect=0
PMLE_LIVE_REPLAY_TIC|tic=1306|mle_ms=50.913|monotonic_ms=60|clock_delta_ms=9.087
|clock_suspect=0
PMLE_LIVE_REPLAY_TIC|tic=1307|mle_ms=14.661|monotonic_ms=10|clock_delta_ms=4.661
|clock_suspect=0
PMLE_LIVE_REPLAY_TIC|tic=1308|mle_ms=12.084|monotonic_ms=10|clock_delta_ms=2.084
|clock_suspect=0
PMLE_LIVE_REPLAY_TIC|tic=1309|mle_ms=18.875|monotonic_ms=20|clock_delta_ms=1.125
|clock_suspect=0
PMLE_LIVE_REPLAY_TIC|tic=1310|mle_ms=8.459|monotonic_ms=10|clock_delta_ms=1.541|
clock_suspect=0
PMLE_LIVE_REPLAY_TIC|tic=1311|mle_ms=19.274|monotonic_ms=20|clock_delta_ms=.726|
clock_suspect=0
PMLE_LIVE_REPLAY_TIC|tic=1312|mle_ms=25.658|monotonic_ms=30|clock_delta_ms=4.342
|clock_suspect=0
PMLE_LIVE_REPLAY_TIC|tic=1313|mle_ms=29.901|monotonic_ms=30|clock_delta_ms=.099|
clock_suspect=0
PMLE_LIVE_REPLAY_TIC|tic=1314|mle_ms=20.311|monotonic_ms=20|clock_delta_ms=.311|
clock_suspect=0
PMLE_LIVE_REPLAY_TIC|tic=1315|mle_ms=26.105|monotonic_ms=20|clock_delta_ms=6.105
|clock_suspect=0
PMLE_LIVE_REPLAY_TIC|tic=1316|mle_ms=39.778|monotonic_ms=40|clock_delta_ms=.222|
clock_suspect=0
PMLE_LIVE_REPLAY_TIC|tic=1317|mle_ms=15.429|monotonic_ms=20|clock_delta_ms=4.571
|clock_suspect=0
PMLE_LIVE_REPLAY_TIC|tic=1318|mle_ms=39.497|monotonic_ms=40|clock_delta_ms=.503|
clock_suspect=0
PMLE_LIVE_REPLAY_TIC|tic=1319|mle_ms=11.631|monotonic_ms=10|clock_delta_ms=1.631
|clock_suspect=0
PMLE_LIVE_REPLAY_TIC|tic=1320|mle_ms=10.404|monotonic_ms=10|clock_delta_ms=.404|
clock_suspect=0
PMLE_LIVE_REPLAY_TIC|tic=1321|mle_ms=48.286|monotonic_ms=50|clock_delta_ms=1.714
|clock_suspect=0
PMLE_LIVE_REPLAY_TIC|tic=1322|mle_ms=9.592|monotonic_ms=10|clock_delta_ms=.408|c
lock_suspect=0
PMLE_LIVE_REPLAY_TIC|tic=1323|mle_ms=26.87|monotonic_ms=20|clock_delta_ms=6.87|c
lock_suspect=0
PMLE_LIVE_REPLAY_TIC|tic=1324|mle_ms=32.364|monotonic_ms=40|clock_delta_ms=7.636
|clock_suspect=0
PMLE_LIVE_REPLAY_TIC|tic=1325|mle_ms=11.079|monotonic_ms=10|clock_delta_ms=1.079
|clock_suspect=0
PMLE_LIVE_REPLAY_TIC|tic=1326|mle_ms=41.641|monotonic_ms=40|clock_delta_ms=1.641
|clock_suspect=0
PMLE_LIVE_REPLAY_TIC|tic=1327|mle_ms=28.854|monotonic_ms=30|clock_delta_ms=1.146
|clock_suspect=0
PMLE_LIVE_REPLAY_TIC|tic=1328|mle_ms=13.886|monotonic_ms=10|clock_delta_ms=3.886
|clock_suspect=0
PMLE_LIVE_REPLAY_TIC|tic=1329|mle_ms=11.394|monotonic_ms=10|clock_delta_ms=1.394
|clock_suspect=0
PMLE_LIVE_REPLAY_TIC|tic=1330|mle_ms=33.256|monotonic_ms=40|clock_delta_ms=6.744
|clock_suspect=0
PMLE_LIVE_REPLAY_TIC|tic=1331|mle_ms=20.533|monotonic_ms=20|clock_delta_ms=.533|
clock_suspect=0
PMLE_LIVE_REPLAY_TIC|tic=1332|mle_ms=12.631|monotonic_ms=10|clock_delta_ms=2.631
|clock_suspect=0
PMLE_LIVE_REPLAY_TIC|tic=1333|mle_ms=47.97|monotonic_ms=50|clock_delta_ms=2.03|c
lock_suspect=0
PMLE_LIVE_REPLAY_TIC|tic=1334|mle_ms=17.115|monotonic_ms=20|clock_delta_ms=2.885
|clock_suspect=0
PMLE_LIVE_REPLAY_TIC|tic=1335|mle_ms=8.215|monotonic_ms=0|clock_delta_ms=8.215|c
lock_suspect=0
PMLE_LIVE_REPLAY_TIC|tic=1336|mle_ms=62.574|monotonic_ms=70|clock_delta_ms=7.426
|clock_suspect=0
PMLE_LIVE_REPLAY_TIC|tic=1337|mle_ms=14.558|monotonic_ms=10|clock_delta_ms=4.558
|clock_suspect=0
PMLE_LIVE_REPLAY_TIC|tic=1338|mle_ms=11.346|monotonic_ms=10|clock_delta_ms=1.346
|clock_suspect=0
PMLE_LIVE_REPLAY_TIC|tic=1339|mle_ms=20.618|monotonic_ms=20|clock_delta_ms=.618|
clock_suspect=0
PMLE_LIVE_REPLAY_TIC|tic=1340|mle_ms=10.054|monotonic_ms=10|clock_delta_ms=.054|
clock_suspect=0
PMLE_LIVE_REPLAY_TIC|tic=1341|mle_ms=19.474|monotonic_ms=20|clock_delta_ms=.526|
clock_suspect=0
PMLE_LIVE_REPLAY_TIC|tic=1342|mle_ms=20.831|monotonic_ms=20|clock_delta_ms=.831|
clock_suspect=0
PMLE_LIVE_REPLAY_TIC|tic=1343|mle_ms=26.192|monotonic_ms=30|clock_delta_ms=3.808
|clock_suspect=0
PMLE_LIVE_REPLAY_TIC|tic=1344|mle_ms=18.163|monotonic_ms=20|clock_delta_ms=1.837
|clock_suspect=0
PMLE_LIVE_REPLAY_TIC|tic=1345|mle_ms=19.137|monotonic_ms=20|clock_delta_ms=.863|
clock_suspect=0
PMLE_LIVE_REPLAY_TIC|tic=1346|mle_ms=41.242|monotonic_ms=40|clock_delta_ms=1.242
|clock_suspect=0
PMLE_LIVE_REPLAY_TIC|tic=1347|mle_ms=17.605|monotonic_ms=20|clock_delta_ms=2.395
|clock_suspect=0
PMLE_LIVE_REPLAY_TIC|tic=1348|mle_ms=48.955|monotonic_ms=50|clock_delta_ms=1.045
|clock_suspect=0
PMLE_LIVE_REPLAY_TIC|tic=1349|mle_ms=12.369|monotonic_ms=10|clock_delta_ms=2.369
|clock_suspect=0
PMLE_LIVE_REPLAY_TIC|tic=1350|mle_ms=10.065|monotonic_ms=10|clock_delta_ms=.065|
clock_suspect=0
PMLE_LIVE_REPLAY_TIC|tic=1351|mle_ms=27.26|monotonic_ms=30|clock_delta_ms=2.74|c
lock_suspect=0
PMLE_LIVE_REPLAY_TIC|tic=1352|mle_ms=10.82|monotonic_ms=10|clock_delta_ms=.82|cl
ock_suspect=0
PMLE_LIVE_REPLAY_TIC|tic=1353|mle_ms=27.238|monotonic_ms=20|clock_delta_ms=7.238
|clock_suspect=0
PMLE_LIVE_REPLAY_TIC|tic=1354|mle_ms=32.805|monotonic_ms=40|clock_delta_ms=7.195
|clock_suspect=0
PMLE_LIVE_REPLAY_TIC|tic=1355|mle_ms=10.695|monotonic_ms=10|clock_delta_ms=.695|
clock_suspect=0
PMLE_LIVE_REPLAY_TIC|tic=1356|mle_ms=42.278|monotonic_ms=40|clock_delta_ms=2.278
|clock_suspect=0
PMLE_LIVE_REPLAY_TIC|tic=1357|mle_ms=25.568|monotonic_ms=30|clock_delta_ms=4.432
|clock_suspect=0
PMLE_LIVE_REPLAY_TIC|tic=1358|mle_ms=13.208|monotonic_ms=10|clock_delta_ms=3.208
|clock_suspect=0
PMLE_LIVE_REPLAY_TIC|tic=1359|mle_ms=18.178|monotonic_ms=20|clock_delta_ms=1.822
|clock_suspect=0
PMLE_LIVE_REPLAY_TIC|tic=1360|mle_ms=18.948|monotonic_ms=20|clock_delta_ms=1.052
|clock_suspect=0
PMLE_LIVE_REPLAY_TIC|tic=1361|mle_ms=23.504|monotonic_ms=20|clock_delta_ms=3.504
|clock_suspect=0
PMLE_LIVE_REPLAY_TIC|tic=1362|mle_ms=13.127|monotonic_ms=10|clock_delta_ms=3.127
|clock_suspect=0
PMLE_LIVE_REPLAY_TIC|tic=1363|mle_ms=39.708|monotonic_ms=40|clock_delta_ms=.292|
clock_suspect=0
PMLE_LIVE_REPLAY_TIC|tic=1364|mle_ms=22.384|monotonic_ms=30|clock_delta_ms=7.616
|clock_suspect=0
PMLE_LIVE_REPLAY_TIC|tic=1365|mle_ms=11.593|monotonic_ms=10|clock_delta_ms=1.593
|clock_suspect=0
PMLE_LIVE_REPLAY_TIC|tic=1366|mle_ms=64.242|monotonic_ms=60|clock_delta_ms=4.242
|clock_suspect=0
PMLE_LIVE_REPLAY_TIC|tic=1367|mle_ms=15.856|monotonic_ms=20|clock_delta_ms=4.144
|clock_suspect=0
PMLE_LIVE_REPLAY_TIC|tic=1368|mle_ms=14.89|monotonic_ms=10|clock_delta_ms=4.89|c
lock_suspect=0
PMLE_LIVE_REPLAY_TIC|tic=1369|mle_ms=24.046|monotonic_ms=30|clock_delta_ms=5.954
|clock_suspect=0
PMLE_LIVE_REPLAY_TIC|tic=1370|mle_ms=11.003|monotonic_ms=10|clock_delta_ms=1.003
|clock_suspect=0
PMLE_LIVE_REPLAY_TIC|tic=1371|mle_ms=21.4|monotonic_ms=20|clock_delta_ms=1.4|clo
ck_suspect=0
PMLE_LIVE_REPLAY_TIC|tic=1372|mle_ms=20.605|monotonic_ms=20|clock_delta_ms=.605|
clock_suspect=0
PMLE_LIVE_REPLAY_TIC|tic=1373|mle_ms=31.697|monotonic_ms=30|clock_delta_ms=1.697
|clock_suspect=0
PMLE_LIVE_REPLAY_TIC|tic=1374|mle_ms=25.077|monotonic_ms=30|clock_delta_ms=4.923
|clock_suspect=0
PMLE_LIVE_REPLAY_TIC|tic=1375|mle_ms=23.426|monotonic_ms=20|clock_delta_ms=3.426
|clock_suspect=0
PMLE_LIVE_REPLAY_TIC|tic=1376|mle_ms=39.319|monotonic_ms=40|clock_delta_ms=.681|
clock_suspect=0
PMLE_LIVE_REPLAY_TIC|tic=1377|mle_ms=16.825|monotonic_ms=20|clock_delta_ms=3.175
|clock_suspect=0
PMLE_LIVE_REPLAY_TIC|tic=1378|mle_ms=21.259|monotonic_ms=20|clock_delta_ms=1.259
|clock_suspect=0
PMLE_LIVE_REPLAY_TIC|tic=1379|mle_ms=10.708|monotonic_ms=10|clock_delta_ms=.708|
clock_suspect=0
PMLE_LIVE_REPLAY_TIC|tic=1380|mle_ms=9.654|monotonic_ms=10|clock_delta_ms=.346|c
lock_suspect=0
PMLE_LIVE_REPLAY_TIC|tic=1381|mle_ms=29.797|monotonic_ms=30|clock_delta_ms=.203|
clock_suspect=0
PMLE_LIVE_REPLAY_TIC|tic=1382|mle_ms=9.999|monotonic_ms=10|clock_delta_ms=.001|c
lock_suspect=0
PMLE_LIVE_REPLAY_TIC|tic=1383|mle_ms=28.395|monotonic_ms=30|clock_delta_ms=1.605
|clock_suspect=0
PMLE_LIVE_REPLAY_TIC|tic=1384|mle_ms=31.409|monotonic_ms=30|clock_delta_ms=1.409
|clock_suspect=0
PMLE_LIVE_REPLAY_TIC|tic=1385|mle_ms=8.142|monotonic_ms=10|clock_delta_ms=1.858|
clock_suspect=0
PMLE_LIVE_REPLAY_TIC|tic=1386|mle_ms=38.593|monotonic_ms=40|clock_delta_ms=1.407
|clock_suspect=0
PMLE_LIVE_REPLAY_TIC|tic=1387|mle_ms=24.216|monotonic_ms=20|clock_delta_ms=4.216
|clock_suspect=0
PMLE_LIVE_REPLAY_TIC|tic=1388|mle_ms=12.433|monotonic_ms=10|clock_delta_ms=2.433
|clock_suspect=0
PMLE_LIVE_REPLAY_TIC|tic=1389|mle_ms=12.081|monotonic_ms=10|clock_delta_ms=2.081
|clock_suspect=0
PMLE_LIVE_REPLAY_TIC|tic=1390|mle_ms=31.609|monotonic_ms=40|clock_delta_ms=8.391
|clock_suspect=0
PMLE_LIVE_REPLAY_TIC|tic=1391|mle_ms=18.437|monotonic_ms=10|clock_delta_ms=8.437
|clock_suspect=0
PMLE_LIVE_REPLAY_TIC|tic=1392|mle_ms=12.388|monotonic_ms=20|clock_delta_ms=7.612
|clock_suspect=0
PMLE_LIVE_REPLAY_TIC|tic=1393|mle_ms=49.508|monotonic_ms=50|clock_delta_ms=.492|
clock_suspect=0
PMLE_LIVE_REPLAY_TIC|tic=1394|mle_ms=26.6|monotonic_ms=20|clock_delta_ms=6.6|clo
ck_suspect=0
PMLE_LIVE_REPLAY_TIC|tic=1395|mle_ms=17.647|monotonic_ms=20|clock_delta_ms=2.353
|clock_suspect=0
PMLE_LIVE_REPLAY_TIC|tic=1396|mle_ms=68.757|monotonic_ms=70|clock_delta_ms=1.243
|clock_suspect=0
PMLE_LIVE_REPLAY_TIC|tic=1397|mle_ms=23.383|monotonic_ms=20|clock_delta_ms=3.383
|clock_suspect=0
PMLE_LIVE_REPLAY_TIC|tic=1398|mle_ms=22.05|monotonic_ms=30|clock_delta_ms=7.95|c
lock_suspect=0
PMLE_LIVE_REPLAY_TIC|tic=1399|mle_ms=44.547|monotonic_ms=40|clock_delta_ms=4.547
|clock_suspect=0
PMLE_LIVE_REPLAY_TIC|tic=1400|mle_ms=14.372|monotonic_ms=10|clock_delta_ms=4.372
|clock_suspect=0
PMLE_LIVE_REPLAY_TIC|tic=1401|mle_ms=21.789|monotonic_ms=20|clock_delta_ms=1.789
|clock_suspect=0
PMLE_LIVE_REPLAY_TIC|tic=1402|mle_ms=27.824|monotonic_ms=30|clock_delta_ms=2.176
|clock_suspect=0
PMLE_LIVE_REPLAY_TIC|tic=1403|mle_ms=29.2|monotonic_ms=30|clock_delta_ms=.8|cloc
k_suspect=0
PMLE_LIVE_REPLAY_TIC|tic=1404|mle_ms=23.315|monotonic_ms=20|clock_delta_ms=3.315
|clock_suspect=0
PMLE_LIVE_REPLAY_TIC|tic=1405|mle_ms=23.74|monotonic_ms=30|clock_delta_ms=6.26|c
lock_suspect=0
PMLE_LIVE_REPLAY_TIC|tic=1406|mle_ms=45.077|monotonic_ms=40|clock_delta_ms=5.077
|clock_suspect=0
PMLE_LIVE_REPLAY_TIC|tic=1407|mle_ms=19.521|monotonic_ms=20|clock_delta_ms=.479|
clock_suspect=0
PMLE_LIVE_REPLAY_TIC|tic=1408|mle_ms=32.04|monotonic_ms=40|clock_delta_ms=7.96|c
lock_suspect=0
PMLE_LIVE_REPLAY_TIC|tic=1409|mle_ms=17.804|monotonic_ms=10|clock_delta_ms=7.804
|clock_suspect=0
PMLE_LIVE_REPLAY_TIC|tic=1410|mle_ms=16.046|monotonic_ms=20|clock_delta_ms=3.954
|clock_suspect=0
PMLE_LIVE_REPLAY_TIC|tic=1411|mle_ms=41.495|monotonic_ms=40|clock_delta_ms=1.495
|clock_suspect=0
PMLE_LIVE_REPLAY_TIC|tic=1412|mle_ms=15.658|monotonic_ms=20|clock_delta_ms=4.342
|clock_suspect=0
PMLE_LIVE_REPLAY_TIC|tic=1413|mle_ms=30.563|monotonic_ms=30|clock_delta_ms=.563|
clock_suspect=0
PMLE_LIVE_REPLAY_TIC|tic=1414|mle_ms=30.207|monotonic_ms=30|clock_delta_ms=.207|
clock_suspect=0
PMLE_LIVE_REPLAY_TIC|tic=1415|mle_ms=13.292|monotonic_ms=10|clock_delta_ms=3.292
|clock_suspect=0
PMLE_LIVE_REPLAY_TIC|tic=1416|mle_ms=42.162|monotonic_ms=40|clock_delta_ms=2.162
|clock_suspect=0
PMLE_LIVE_REPLAY_TIC|tic=1417|mle_ms=26.764|monotonic_ms=30|clock_delta_ms=3.236
|clock_suspect=0
PMLE_LIVE_REPLAY_TIC|tic=1418|mle_ms=16.566|monotonic_ms=20|clock_delta_ms=3.434
|clock_suspect=0
PMLE_LIVE_REPLAY_TIC|tic=1419|mle_ms=14.838|monotonic_ms=10|clock_delta_ms=4.838
|clock_suspect=0
PMLE_LIVE_REPLAY_TIC|tic=1420|mle_ms=23.27|monotonic_ms=30|clock_delta_ms=6.73|c
lock_suspect=0
PMLE_LIVE_REPLAY_TIC|tic=1421|mle_ms=26.026|monotonic_ms=20|clock_delta_ms=6.026
|clock_suspect=0
PMLE_LIVE_REPLAY_TIC|tic=1422|mle_ms=16.981|monotonic_ms=20|clock_delta_ms=3.019
|clock_suspect=0
PMLE_LIVE_REPLAY_TIC|tic=1423|mle_ms=39.485|monotonic_ms=40|clock_delta_ms=.515|
clock_suspect=0
PMLE_LIVE_REPLAY_TIC|tic=1424|mle_ms=31.9|monotonic_ms=30|clock_delta_ms=1.9|clo
ck_suspect=0
PMLE_LIVE_REPLAY_TIC|tic=1425|mle_ms=20.592|monotonic_ms=20|clock_delta_ms=.592|
clock_suspect=0
PMLE_LIVE_REPLAY_TIC|tic=1426|mle_ms=63.152|monotonic_ms=60|clock_delta_ms=3.152
|clock_suspect=0
PMLE_LIVE_REPLAY_TIC|tic=1427|mle_ms=29.331|monotonic_ms=30|clock_delta_ms=.669|
clock_suspect=0
PMLE_LIVE_REPLAY_TIC|tic=1428|mle_ms=24.599|monotonic_ms=30|clock_delta_ms=5.401
|clock_suspect=0
PMLE_LIVE_REPLAY_TIC|tic=1429|mle_ms=26.967|monotonic_ms=20|clock_delta_ms=6.967
|clock_suspect=0
PMLE_LIVE_REPLAY_TIC|tic=1430|mle_ms=17.579|monotonic_ms=20|clock_delta_ms=2.421
|clock_suspect=0
PMLE_LIVE_REPLAY_TIC|tic=1431|mle_ms=30.438|monotonic_ms=30|clock_delta_ms=.438|
clock_suspect=0
PMLE_LIVE_REPLAY_TIC|tic=1432|mle_ms=84.759|monotonic_ms=90|clock_delta_ms=5.241
|clock_suspect=0
PMLE_LIVE_REPLAY_TIC|tic=1433|mle_ms=33.192|monotonic_ms=30|clock_delta_ms=3.192
|clock_suspect=0
PMLE_LIVE_REPLAY_TIC|tic=1434|mle_ms=23.212|monotonic_ms=20|clock_delta_ms=3.212
|clock_suspect=0
PMLE_LIVE_REPLAY_TIC|tic=1435|mle_ms=81.57|monotonic_ms=90|clock_delta_ms=8.43|c
lock_suspect=0
PMLE_LIVE_REPLAY_TIC|tic=1436|mle_ms=37.952|monotonic_ms=30|clock_delta_ms=7.952
|clock_suspect=0
PMLE_LIVE_REPLAY_TIC|tic=1437|mle_ms=18.385|monotonic_ms=20|clock_delta_ms=1.615
|clock_suspect=0
PMLE_LIVE_REPLAY_TIC|tic=1438|mle_ms=104.663|monotonic_ms=110|clock_delta_ms=5.3
37|clock_suspect=0
PMLE_LIVE_REPLAY_TIC|tic=1439|mle_ms=18.03|monotonic_ms=20|clock_delta_ms=1.97|c
lock_suspect=0
PMLE_LIVE_REPLAY_TIC|tic=1440|mle_ms=18.485|monotonic_ms=10|clock_delta_ms=8.485
|clock_suspect=0
PMLE_LIVE_REPLAY_TIC|tic=1441|mle_ms=107.257|monotonic_ms=110|clock_delta_ms=2.7
43|clock_suspect=0
PMLE_LIVE_REPLAY_TIC|tic=1442|mle_ms=15.854|monotonic_ms=20|clock_delta_ms=4.146
|clock_suspect=0
PMLE_LIVE_REPLAY_TIC|tic=1443|mle_ms=32.246|monotonic_ms=30|clock_delta_ms=2.246
|clock_suspect=0
PMLE_LIVE_REPLAY_TIC|tic=1444|mle_ms=126.337|monotonic_ms=130|clock_delta_ms=3.6
63|clock_suspect=0
PMLE_LIVE_REPLAY_TIC|tic=1445|mle_ms=17.728|monotonic_ms=10|clock_delta_ms=7.728
|clock_suspect=0
PMLE_LIVE_REPLAY_TIC|tic=1446|mle_ms=43.131|monotonic_ms=50|clock_delta_ms=6.869
|clock_suspect=0
PMLE_LIVE_REPLAY_TIC|tic=1447|mle_ms=93.871|monotonic_ms=90|clock_delta_ms=3.871
|clock_suspect=0
PMLE_LIVE_REPLAY_TIC|tic=1448|mle_ms=21.081|monotonic_ms=20|clock_delta_ms=1.081
|clock_suspect=0
PMLE_LIVE_REPLAY_TIC|tic=1449|mle_ms=19.565|monotonic_ms=20|clock_delta_ms=.435|
clock_suspect=0
PMLE_LIVE_REPLAY_TIC|tic=1450|mle_ms=137.564|monotonic_ms=140|clock_delta_ms=2.4
36|clock_suspect=0
PMLE_LIVE_REPLAY_TIC|tic=1451|mle_ms=29.037|monotonic_ms=30|clock_delta_ms=.963|
clock_suspect=0
PMLE_LIVE_REPLAY_TIC|tic=1452|mle_ms=20.042|monotonic_ms=20|clock_delta_ms=.042|
clock_suspect=0
PMLE_LIVE_REPLAY_TIC|tic=1453|mle_ms=111.223|monotonic_ms=110|clock_delta_ms=1.2
23|clock_suspect=0
PMLE_LIVE_REPLAY_TIC|tic=1454|mle_ms=23.446|monotonic_ms=20|clock_delta_ms=3.446
|clock_suspect=0
PMLE_LIVE_REPLAY_TIC|tic=1455|mle_ms=15|monotonic_ms=20|clock_delta_ms=5|clock_s
uspect=0
PMLE_LIVE_REPLAY_TIC|tic=1456|mle_ms=102.283|monotonic_ms=100|clock_delta_ms=2.2
83|clock_suspect=0
PMLE_LIVE_REPLAY_TIC|tic=1457|mle_ms=18.794|monotonic_ms=20|clock_delta_ms=1.206
|clock_suspect=0
PMLE_LIVE_REPLAY_TIC|tic=1458|mle_ms=17.122|monotonic_ms=20|clock_delta_ms=2.878
|clock_suspect=0
PMLE_LIVE_REPLAY_TIC|tic=1459|mle_ms=90.786|monotonic_ms=90|clock_delta_ms=.786|
clock_suspect=0
PMLE_LIVE_REPLAY_TIC|tic=1460|mle_ms=11.883|monotonic_ms=10|clock_delta_ms=1.883
|clock_suspect=0
PMLE_LIVE_REPLAY_TIC|tic=1461|mle_ms=26.214|monotonic_ms=30|clock_delta_ms=3.786
|clock_suspect=0
PMLE_LIVE_REPLAY_TIC|tic=1462|mle_ms=105.709|monotonic_ms=100|clock_delta_ms=5.7
09|clock_suspect=0
PMLE_LIVE_REPLAY_TIC|tic=1463|mle_ms=27.872|monotonic_ms=30|clock_delta_ms=2.128
|clock_suspect=0
PMLE_LIVE_REPLAY_TIC|tic=1464|mle_ms=20.85|monotonic_ms=20|clock_delta_ms=.85|cl
ock_suspect=0
PMLE_LIVE_REPLAY_TIC|tic=1465|mle_ms=85.292|monotonic_ms=90|clock_delta_ms=4.708
|clock_suspect=0
PMLE_LIVE_REPLAY_TIC|tic=1466|mle_ms=38.767|monotonic_ms=30|clock_delta_ms=8.767
|clock_suspect=0
PMLE_LIVE_REPLAY_TIC|tic=1467|mle_ms=20.014|monotonic_ms=20|clock_delta_ms=.014|
clock_suspect=0
PMLE_LIVE_REPLAY_TIC|tic=1468|mle_ms=79.728|monotonic_ms=80|clock_delta_ms=.272|
clock_suspect=0
PMLE_LIVE_REPLAY_TIC|tic=1469|mle_ms=15.177|monotonic_ms=20|clock_delta_ms=4.823
|clock_suspect=0
PMLE_LIVE_REPLAY_TIC|tic=1470|mle_ms=13.234|monotonic_ms=10|clock_delta_ms=3.234
|clock_suspect=0
PMLE_LIVE_REPLAY_TIC|tic=1471|mle_ms=123.057|monotonic_ms=130|clock_delta_ms=6.9
43|clock_suspect=0
PMLE_LIVE_REPLAY_TIC|tic=1472|mle_ms=12.868|monotonic_ms=10|clock_delta_ms=2.868
|clock_suspect=0
PMLE_LIVE_REPLAY_TIC|tic=1473|mle_ms=27.599|monotonic_ms=30|clock_delta_ms=2.401
|clock_suspect=0
PMLE_LIVE_REPLAY_TIC|tic=1474|mle_ms=96.241|monotonic_ms=90|clock_delta_ms=6.241
|clock_suspect=0
PMLE_LIVE_REPLAY_TIC|tic=1475|mle_ms=11.848|monotonic_ms=20|clock_delta_ms=8.152
|clock_suspect=0
PMLE_LIVE_REPLAY_TIC|tic=1476|mle_ms=40.802|monotonic_ms=40|clock_delta_ms=.802|
clock_suspect=0
PMLE_LIVE_REPLAY_TIC|tic=1477|mle_ms=70.839|monotonic_ms=70|clock_delta_ms=.839|
clock_suspect=0
PMLE_LIVE_REPLAY_TIC|tic=1478|mle_ms=14.895|monotonic_ms=10|clock_delta_ms=4.895
|clock_suspect=0
PMLE_LIVE_REPLAY_TIC|tic=1479|mle_ms=14.225|monotonic_ms=20|clock_delta_ms=5.775
|clock_suspect=0
PMLE_LIVE_REPLAY_TIC|tic=1480|mle_ms=62.704|monotonic_ms=60|clock_delta_ms=2.704
|clock_suspect=0
PMLE_LIVE_REPLAY_TIC|tic=1481|mle_ms=53.443|monotonic_ms=50|clock_delta_ms=3.443
|clock_suspect=0
PMLE_LIVE_REPLAY_TIC|tic=1482|mle_ms=12.284|monotonic_ms=10|clock_delta_ms=2.284
|clock_suspect=0
PMLE_LIVE_REPLAY_TIC|tic=1483|mle_ms=115.658|monotonic_ms=120|clock_delta_ms=4.3
42|clock_suspect=0
PMLE_LIVE_REPLAY_TIC|tic=1484|mle_ms=22.912|monotonic_ms=20|clock_delta_ms=2.912
|clock_suspect=0
PMLE_LIVE_REPLAY_TIC|tic=1485|mle_ms=12.342|monotonic_ms=20|clock_delta_ms=7.658
|clock_suspect=0
PMLE_LIVE_REPLAY_TIC|tic=1486|mle_ms=119.675|monotonic_ms=120|clock_delta_ms=.32
5|clock_suspect=0
PMLE_LIVE_REPLAY_TIC|tic=1487|mle_ms=20.774|monotonic_ms=20|clock_delta_ms=.774|
clock_suspect=0
PMLE_LIVE_REPLAY_TIC|tic=1488|mle_ms=17.135|monotonic_ms=10|clock_delta_ms=7.135
|clock_suspect=0
PMLE_LIVE_REPLAY_TIC|tic=1489|mle_ms=74.72|monotonic_ms=80|clock_delta_ms=5.28|c
lock_suspect=0
PMLE_LIVE_REPLAY_TIC|tic=1490|mle_ms=9.735|monotonic_ms=10|clock_delta_ms=.265|c
lock_suspect=0
PMLE_LIVE_REPLAY_TIC|tic=1491|mle_ms=48.914|monotonic_ms=50|clock_delta_ms=1.086
|clock_suspect=0
PMLE_LIVE_REPLAY_TIC|tic=1492|mle_ms=57.256|monotonic_ms=50|clock_delta_ms=7.256
|clock_suspect=0
PMLE_LIVE_REPLAY_TIC|tic=1493|mle_ms=56.945|monotonic_ms=60|clock_delta_ms=3.055
|clock_suspect=0
PMLE_LIVE_REPLAY_TIC|tic=1494|mle_ms=24.812|monotonic_ms=30|clock_delta_ms=5.188
|clock_suspect=0
PMLE_LIVE_REPLAY_TIC|tic=1495|mle_ms=66.95|monotonic_ms=60|clock_delta_ms=6.95|c
lock_suspect=0
PMLE_LIVE_REPLAY_TIC|tic=1496|mle_ms=40.079|monotonic_ms=40|clock_delta_ms=.079|
clock_suspect=0
PMLE_LIVE_REPLAY_TIC|tic=1497|mle_ms=19.413|monotonic_ms=20|clock_delta_ms=.587|
clock_suspect=0
PMLE_LIVE_REPLAY_TIC|tic=1498|mle_ms=50.224|monotonic_ms=50|clock_delta_ms=.224|
clock_suspect=0
PMLE_LIVE_REPLAY_TIC|tic=1499|mle_ms=14.633|monotonic_ms=20|clock_delta_ms=5.367
|clock_suspect=0
PMLE_LIVE_REPLAY_TIC|tic=1500|mle_ms=11.445|monotonic_ms=10|clock_delta_ms=1.445
|clock_suspect=0
PMLE_LIVE_REPLAY_TIC|tic=1501|mle_ms=85.448|monotonic_ms=90|clock_delta_ms=4.552
|clock_suspect=0
PMLE_LIVE_REPLAY_TIC|tic=1502|mle_ms=30.127|monotonic_ms=30|clock_delta_ms=.127|
clock_suspect=0
PMLE_LIVE_REPLAY_TIC|tic=1503|mle_ms=55.68|monotonic_ms=50|clock_delta_ms=5.68|c
lock_suspect=0
PMLE_LIVE_REPLAY_TIC|tic=1504|mle_ms=47.126|monotonic_ms=50|clock_delta_ms=2.874
|clock_suspect=0
PMLE_LIVE_REPLAY_TIC|tic=1505|mle_ms=21.987|monotonic_ms=20|clock_delta_ms=1.987
|clock_suspect=0
PMLE_LIVE_REPLAY_TIC|tic=1506|mle_ms=57.012|monotonic_ms=60|clock_delta_ms=2.988
|clock_suspect=0
PMLE_LIVE_REPLAY_TIC|tic=1507|mle_ms=79.268|monotonic_ms=80|clock_delta_ms=.732|
clock_suspect=0
PMLE_LIVE_REPLAY_TIC|tic=1508|mle_ms=22.996|monotonic_ms=20|clock_delta_ms=2.996
|clock_suspect=0
PMLE_LIVE_REPLAY_TIC|tic=1509|mle_ms=19.684|monotonic_ms=20|clock_delta_ms=.316|
clock_suspect=0
PMLE_LIVE_REPLAY_TIC|tic=1510|mle_ms=48.736|monotonic_ms=50|clock_delta_ms=1.264
|clock_suspect=0
PMLE_LIVE_REPLAY_TIC|tic=1511|mle_ms=56.237|monotonic_ms=60|clock_delta_ms=3.763
|clock_suspect=0
PMLE_LIVE_REPLAY_TIC|tic=1512|mle_ms=17.272|monotonic_ms=10|clock_delta_ms=7.272
|clock_suspect=0
PMLE_LIVE_REPLAY_TIC|tic=1513|mle_ms=145.271|monotonic_ms=150|clock_delta_ms=4.7
29|clock_suspect=0
PMLE_LIVE_REPLAY_TIC|tic=1514|mle_ms=69.588|monotonic_ms=70|clock_delta_ms=.412|
clock_suspect=0
PMLE_LIVE_REPLAY_TIC|tic=1515|mle_ms=16.098|monotonic_ms=20|clock_delta_ms=3.902
|clock_suspect=0
PMLE_LIVE_REPLAY_TIC|tic=1516|mle_ms=79.36|monotonic_ms=80|clock_delta_ms=.64|cl
ock_suspect=0
PMLE_LIVE_REPLAY_TIC|tic=1517|mle_ms=75.709|monotonic_ms=70|clock_delta_ms=5.709
|clock_suspect=0
PMLE_LIVE_REPLAY_TIC|tic=1518|mle_ms=18.216|monotonic_ms=20|clock_delta_ms=1.784
|clock_suspect=0
PMLE_LIVE_REPLAY_TIC|tic=1519|mle_ms=52.863|monotonic_ms=50|clock_delta_ms=2.863
|clock_suspect=0
PMLE_LIVE_REPLAY_TIC|tic=1520|mle_ms=41.961|monotonic_ms=40|clock_delta_ms=1.961
|clock_suspect=0
PMLE_LIVE_REPLAY_TIC|tic=1521|mle_ms=43.932|monotonic_ms=50|clock_delta_ms=6.068
|clock_suspect=0
PMLE_LIVE_REPLAY_TIC|tic=1522|mle_ms=41.538|monotonic_ms=40|clock_delta_ms=1.538
|clock_suspect=0
PMLE_LIVE_REPLAY_TIC|tic=1523|mle_ms=99.523|monotonic_ms=100|clock_delta_ms=.477
|clock_suspect=0
PMLE_LIVE_REPLAY_TIC|tic=1524|mle_ms=30.56|monotonic_ms=30|clock_delta_ms=.56|cl
ock_suspect=0
PMLE_LIVE_REPLAY_TIC|tic=1525|mle_ms=45.303|monotonic_ms=50|clock_delta_ms=4.697
|clock_suspect=0
PMLE_LIVE_REPLAY_TIC|tic=1526|mle_ms=72.061|monotonic_ms=70|clock_delta_ms=2.061
|clock_suspect=0
PMLE_LIVE_REPLAY_TIC|tic=1527|mle_ms=18.599|monotonic_ms=20|clock_delta_ms=1.401
|clock_suspect=0
PMLE_LIVE_REPLAY_TIC|tic=1528|mle_ms=55.173|monotonic_ms=50|clock_delta_ms=5.173
|clock_suspect=0
PMLE_LIVE_REPLAY_TIC|tic=1529|mle_ms=45.241|monotonic_ms=50|clock_delta_ms=4.759
|clock_suspect=0
PMLE_LIVE_REPLAY_TIC|tic=1530|mle_ms=12.509|monotonic_ms=10|clock_delta_ms=2.509
|clock_suspect=0
PMLE_LIVE_REPLAY_TIC|tic=1531|mle_ms=72.775|monotonic_ms=70|clock_delta_ms=2.775
|clock_suspect=0
PMLE_LIVE_REPLAY_TIC|tic=1532|mle_ms=41.491|monotonic_ms=40|clock_delta_ms=1.491
|clock_suspect=0
PMLE_LIVE_REPLAY_TIC|tic=1533|mle_ms=48.586|monotonic_ms=50|clock_delta_ms=1.414
|clock_suspect=0
PMLE_LIVE_REPLAY_TIC|tic=1534|mle_ms=25.317|monotonic_ms=30|clock_delta_ms=4.683
|clock_suspect=0
PMLE_LIVE_REPLAY_TIC|tic=1535|mle_ms=45.759|monotonic_ms=40|clock_delta_ms=5.759
|clock_suspect=0
PMLE_LIVE_REPLAY_TIC|tic=1536|mle_ms=46.891|monotonic_ms=50|clock_delta_ms=3.109
|clock_suspect=0
PMLE_LIVE_REPLAY_TIC|tic=1537|mle_ms=21.654|monotonic_ms=20|clock_delta_ms=1.654
|clock_suspect=0
PMLE_LIVE_REPLAY_TIC|tic=1538|mle_ms=52.012|monotonic_ms=50|clock_delta_ms=2.012
|clock_suspect=0
PMLE_LIVE_REPLAY_TIC|tic=1539|mle_ms=14.293|monotonic_ms=20|clock_delta_ms=5.707
|clock_suspect=0
PMLE_LIVE_REPLAY_TIC|tic=1540|mle_ms=12.111|monotonic_ms=10|clock_delta_ms=2.111
|clock_suspect=0
PMLE_LIVE_REPLAY_TIC|tic=1541|mle_ms=75.146|monotonic_ms=80|clock_delta_ms=4.854
|clock_suspect=0
PMLE_LIVE_REPLAY_TIC|tic=1542|mle_ms=14.195|monotonic_ms=10|clock_delta_ms=4.195
|clock_suspect=0
PMLE_LIVE_REPLAY_TIC|tic=1543|mle_ms=43.847|monotonic_ms=40|clock_delta_ms=3.847
|clock_suspect=0
PMLE_LIVE_REPLAY_TIC|tic=1544|mle_ms=53.936|monotonic_ms=60|clock_delta_ms=6.064
|clock_suspect=0
PMLE_LIVE_REPLAY_TIC|tic=1545|mle_ms=12.209|monotonic_ms=10|clock_delta_ms=2.209
|clock_suspect=0
PMLE_LIVE_REPLAY_TIC|tic=1546|mle_ms=39.355|monotonic_ms=40|clock_delta_ms=.645|
clock_suspect=0
PMLE_LIVE_REPLAY_TIC|tic=1547|mle_ms=55.015|monotonic_ms=60|clock_delta_ms=4.985
|clock_suspect=0
PMLE_LIVE_REPLAY_TIC|tic=1548|mle_ms=17.815|monotonic_ms=10|clock_delta_ms=7.815
|clock_suspect=0
PMLE_LIVE_REPLAY_TIC|tic=1549|mle_ms=17.257|monotonic_ms=20|clock_delta_ms=2.743
|clock_suspect=0
PMLE_LIVE_REPLAY_TIC|tic=1550|mle_ms=45.528|monotonic_ms=50|clock_delta_ms=4.472
|clock_suspect=0
PMLE_LIVE_REPLAY_TIC|tic=1551|mle_ms=50.876|monotonic_ms=50|clock_delta_ms=.876|
clock_suspect=0
PMLE_LIVE_REPLAY_TIC|tic=1552|mle_ms=20.274|monotonic_ms=20|clock_delta_ms=.274|
clock_suspect=0
PMLE_LIVE_REPLAY_TIC|tic=1553|mle_ms=83.139|monotonic_ms=80|clock_delta_ms=3.139
|clock_suspect=0
PMLE_LIVE_REPLAY_TIC|tic=1554|mle_ms=31.715|monotonic_ms=30|clock_delta_ms=1.715
|clock_suspect=0
PMLE_LIVE_REPLAY_TIC|tic=1555|mle_ms=16.97|monotonic_ms=20|clock_delta_ms=3.03|c
lock_suspect=0
PMLE_LIVE_REPLAY_TIC|tic=1556|mle_ms=95.508|monotonic_ms=100|clock_delta_ms=4.49
2|clock_suspect=0
PMLE_LIVE_REPLAY_TIC|tic=1557|mle_ms=22.627|monotonic_ms=20|clock_delta_ms=2.627
|clock_suspect=0
PMLE_LIVE_REPLAY_TIC|tic=1558|mle_ms=22.226|monotonic_ms=20|clock_delta_ms=2.226
|clock_suspect=0
PMLE_LIVE_REPLAY_TIC|tic=1559|mle_ms=86.999|monotonic_ms=90|clock_delta_ms=3.001
|clock_suspect=0
PMLE_LIVE_REPLAY_TIC|tic=1560|mle_ms=21.28|monotonic_ms=20|clock_delta_ms=1.28|c
lock_suspect=0
PMLE_LIVE_REPLAY_TIC|tic=1561|mle_ms=68.215|monotonic_ms=70|clock_delta_ms=1.785
|clock_suspect=0
PMLE_LIVE_REPLAY_TIC|tic=1562|mle_ms=110.447|monotonic_ms=110|clock_delta_ms=.44
7|clock_suspect=0
PMLE_LIVE_REPLAY_TIC|tic=1563|mle_ms=52.297|monotonic_ms=50|clock_delta_ms=2.297
|clock_suspect=0
PMLE_LIVE_REPLAY_TIC|tic=1564|mle_ms=29.324|monotonic_ms=30|clock_delta_ms=.676|
clock_suspect=0
PMLE_LIVE_REPLAY_TIC|tic=1565|mle_ms=71.979|monotonic_ms=70|clock_delta_ms=1.979
|clock_suspect=0
PMLE_LIVE_REPLAY_TIC|tic=1566|mle_ms=42.136|monotonic_ms=40|clock_delta_ms=2.136
|clock_suspect=0
PMLE_LIVE_REPLAY_TIC|tic=1567|mle_ms=24.715|monotonic_ms=30|clock_delta_ms=5.285
|clock_suspect=0
PMLE_LIVE_REPLAY_TIC|tic=1568|mle_ms=72.94|monotonic_ms=70|clock_delta_ms=2.94|c
lock_suspect=0
PMLE_LIVE_REPLAY_TIC|tic=1569|mle_ms=18.17|monotonic_ms=20|clock_delta_ms=1.83|c
lock_suspect=0
PMLE_LIVE_REPLAY_TIC|tic=1570|mle_ms=17.043|monotonic_ms=20|clock_delta_ms=2.957
|clock_suspect=0
PMLE_LIVE_REPLAY_TIC|tic=1571|mle_ms=108.659|monotonic_ms=110|clock_delta_ms=1.3
41|clock_suspect=0
PMLE_LIVE_REPLAY_TIC|tic=1572|mle_ms=20.238|monotonic_ms=20|clock_delta_ms=.238|
clock_suspect=0
PMLE_LIVE_REPLAY_TIC|tic=1573|mle_ms=49.178|monotonic_ms=40|clock_delta_ms=9.178
|clock_suspect=0
PMLE_LIVE_REPLAY_TIC|tic=1574|mle_ms=62.588|monotonic_ms=60|clock_delta_ms=2.588
|clock_suspect=0
PMLE_LIVE_REPLAY_TIC|tic=1575|mle_ms=16.02|monotonic_ms=10|clock_delta_ms=6.02|c
lock_suspect=0
PMLE_LIVE_REPLAY_TIC|tic=1576|mle_ms=33.281|monotonic_ms=40|clock_delta_ms=6.719
|clock_suspect=0
PMLE_LIVE_REPLAY_TIC|tic=1577|mle_ms=61.253|monotonic_ms=60|clock_delta_ms=1.253
|clock_suspect=0
PMLE_LIVE_REPLAY_TIC|tic=1578|mle_ms=20.371|monotonic_ms=20|clock_delta_ms=.371|
clock_suspect=0
PMLE_LIVE_REPLAY_TIC|tic=1579|mle_ms=19.083|monotonic_ms=20|clock_delta_ms=.917|
clock_suspect=0
PMLE_LIVE_REPLAY_TIC|tic=1580|mle_ms=60.264|monotonic_ms=60|clock_delta_ms=.264|
clock_suspect=0
PMLE_LIVE_REPLAY_TIC|tic=1581|mle_ms=45.826|monotonic_ms=40|clock_delta_ms=5.826
|clock_suspect=0
PMLE_LIVE_REPLAY_TIC|tic=1582|mle_ms=19.61|monotonic_ms=20|clock_delta_ms=.39|cl
ock_suspect=0
PMLE_LIVE_REPLAY_TIC|tic=1583|mle_ms=76.63|monotonic_ms=80|clock_delta_ms=3.37|c
lock_suspect=0
PMLE_LIVE_REPLAY_TIC|tic=1584|mle_ms=33.938|monotonic_ms=30|clock_delta_ms=3.938
|clock_suspect=0
PMLE_LIVE_REPLAY_TIC|tic=1585|mle_ms=19.686|monotonic_ms=20|clock_delta_ms=.314|
clock_suspect=0
PMLE_LIVE_REPLAY_TIC|tic=1586|mle_ms=77.103|monotonic_ms=80|clock_delta_ms=2.897
|clock_suspect=0
PMLE_LIVE_REPLAY_TIC|tic=1587|mle_ms=55.78|monotonic_ms=60|clock_delta_ms=4.22|c
lock_suspect=0
PMLE_LIVE_REPLAY_TIC|tic=1588|mle_ms=27.463|monotonic_ms=20|clock_delta_ms=7.463
|clock_suspect=0
PMLE_LIVE_REPLAY_TIC|tic=1589|mle_ms=62.395|monotonic_ms=70|clock_delta_ms=7.605
|clock_suspect=0
PMLE_LIVE_REPLAY_TIC|tic=1590|mle_ms=22.08|monotonic_ms=20|clock_delta_ms=2.08|c
lock_suspect=0
PMLE_LIVE_REPLAY_TIC|tic=1591|mle_ms=59.363|monotonic_ms=60|clock_delta_ms=.637|
clock_suspect=0
PMLE_LIVE_REPLAY_TIC|tic=1592|mle_ms=65.824|monotonic_ms=60|clock_delta_ms=5.824
|clock_suspect=0
PMLE_LIVE_REPLAY_TIC|tic=1593|mle_ms=51.923|monotonic_ms=60|clock_delta_ms=8.077
|clock_suspect=0
PMLE_LIVE_REPLAY_TIC|tic=1594|mle_ms=39.798|monotonic_ms=40|clock_delta_ms=.202|
clock_suspect=0
PMLE_LIVE_REPLAY_TIC|tic=1595|mle_ms=62.396|monotonic_ms=60|clock_delta_ms=2.396
|clock_suspect=0
PMLE_LIVE_REPLAY_TIC|tic=1596|mle_ms=109.042|monotonic_ms=110|clock_delta_ms=.95
8|clock_suspect=0
PMLE_LIVE_REPLAY_TIC|tic=1597|mle_ms=55.274|monotonic_ms=50|clock_delta_ms=5.274
|clock_suspect=0
PMLE_LIVE_REPLAY_TIC|tic=1598|mle_ms=79.688|monotonic_ms=80|clock_delta_ms=.312|
clock_suspect=0
PMLE_LIVE_REPLAY_TIC|tic=1599|mle_ms=99.967|monotonic_ms=100|clock_delta_ms=.033
|clock_suspect=0
PMLE_LIVE_REPLAY_TIC|tic=1600|mle_ms=37.367|monotonic_ms=40|clock_delta_ms=2.633
|clock_suspect=0
PMLE_LIVE_REPLAY_TIC|tic=1601|mle_ms=135.586|monotonic_ms=140|clock_delta_ms=4.4
14|clock_suspect=0
PMLE_LIVE_REPLAY_TIC|tic=1602|mle_ms=102.751|monotonic_ms=100|clock_delta_ms=2.7
51|clock_suspect=0
PMLE_LIVE_REPLAY_TIC|tic=1603|mle_ms=46.525|monotonic_ms=50|clock_delta_ms=3.475
|clock_suspect=0
PMLE_LIVE_REPLAY_TIC|tic=1604|mle_ms=86.977|monotonic_ms=90|clock_delta_ms=3.023
|clock_suspect=0
PMLE_LIVE_REPLAY_TIC|tic=1605|mle_ms=96.553|monotonic_ms=90|clock_delta_ms=6.553
|clock_suspect=0
PMLE_LIVE_REPLAY_TIC|tic=1606|mle_ms=76.734|monotonic_ms=80|clock_delta_ms=3.266
|clock_suspect=0
PMLE_LIVE_REPLAY_TIC|tic=1607|mle_ms=108.507|monotonic_ms=110|clock_delta_ms=1.4
93|clock_suspect=0
PMLE_LIVE_REPLAY_TIC|tic=1608|mle_ms=107.482|monotonic_ms=110|clock_delta_ms=2.5
18|clock_suspect=0
PMLE_LIVE_REPLAY_TIC|tic=1609|mle_ms=40.591|monotonic_ms=40|clock_delta_ms=.591|
clock_suspect=0
PMLE_LIVE_REPLAY_TIC|tic=1610|mle_ms=96.812|monotonic_ms=90|clock_delta_ms=6.812
|clock_suspect=0
PMLE_LIVE_REPLAY_TIC|tic=1611|mle_ms=249.328|monotonic_ms=250|clock_delta_ms=.67
2|clock_suspect=0
PMLE_LIVE_REPLAY_TIC|tic=1612|mle_ms=53.31|monotonic_ms=60|clock_delta_ms=6.69|c
lock_suspect=0
PMLE_LIVE_REPLAY_TIC|tic=1613|mle_ms=141.607|monotonic_ms=140|clock_delta_ms=1.6
07|clock_suspect=0
PMLE_LIVE_REPLAY_TIC|tic=1614|mle_ms=120.997|monotonic_ms=120|clock_delta_ms=.99
7|clock_suspect=0
PMLE_LIVE_REPLAY_TIC|tic=1615|mle_ms=47.61|monotonic_ms=50|clock_delta_ms=2.39|c
lock_suspect=0
PMLE_LIVE_REPLAY_TIC|tic=1616|mle_ms=116.708|monotonic_ms=110|clock_delta_ms=6.7
08|clock_suspect=0
PMLE_LIVE_REPLAY_TIC|tic=1617|mle_ms=114.099|monotonic_ms=120|clock_delta_ms=5.9
01|clock_suspect=0
PMLE_LIVE_REPLAY_TIC|tic=1618|mle_ms=45.725|monotonic_ms=40|clock_delta_ms=5.725
|clock_suspect=0
PMLE_LIVE_REPLAY_TIC|tic=1619|mle_ms=94.945|monotonic_ms=100|clock_delta_ms=5.05
5|clock_suspect=0
PMLE_LIVE_REPLAY_TIC|tic=1620|mle_ms=100.252|monotonic_ms=100|clock_delta_ms=.25
2|clock_suspect=0
PMLE_LIVE_REPLAY_TIC|tic=1621|mle_ms=75.07|monotonic_ms=70|clock_delta_ms=5.07|c
lock_suspect=0
PMLE_LIVE_REPLAY_TIC|tic=1622|mle_ms=126.962|monotonic_ms=130|clock_delta_ms=3.0
38|clock_suspect=0
PMLE_LIVE_REPLAY_TIC|tic=1623|mle_ms=137.139|monotonic_ms=140|clock_delta_ms=2.8
61|clock_suspect=0
PMLE_LIVE_REPLAY_TIC|tic=1624|mle_ms=54.996|monotonic_ms=50|clock_delta_ms=4.996
|clock_suspect=0
PMLE_LIVE_REPLAY_TIC|tic=1625|mle_ms=93.176|monotonic_ms=100|clock_delta_ms=6.82
4|clock_suspect=0
PMLE_LIVE_REPLAY_TIC|tic=1626|mle_ms=120.094|monotonic_ms=120|clock_delta_ms=.09
4|clock_suspect=0
PMLE_LIVE_REPLAY_TIC|tic=1627|mle_ms=50.95|monotonic_ms=50|clock_delta_ms=.95|cl
ock_suspect=0
PMLE_LIVE_REPLAY_TIC|tic=1628|mle_ms=92.371|monotonic_ms=90|clock_delta_ms=2.371
|clock_suspect=0
PMLE_LIVE_REPLAY_TIC|tic=1629|mle_ms=95.598|monotonic_ms=100|clock_delta_ms=4.40
2|clock_suspect=0
PMLE_LIVE_REPLAY_TIC|tic=1630|mle_ms=39.323|monotonic_ms=40|clock_delta_ms=.677|
clock_suspect=0
PMLE_LIVE_REPLAY_TIC|tic=1631|mle_ms=120.194|monotonic_ms=120|clock_delta_ms=.19
4|clock_suspect=0
PMLE_LIVE_REPLAY_TIC|tic=1632|mle_ms=103.247|monotonic_ms=100|clock_delta_ms=3.2
47|clock_suspect=0
PMLE_LIVE_REPLAY_TIC|tic=1633|mle_ms=70.126|monotonic_ms=70|clock_delta_ms=.126|
clock_suspect=0
PMLE_LIVE_REPLAY_TIC|tic=1634|mle_ms=129.839|monotonic_ms=130|clock_delta_ms=.16
1|clock_suspect=0
PMLE_LIVE_REPLAY_TIC|tic=1635|mle_ms=84.962|monotonic_ms=80|clock_delta_ms=4.962
|clock_suspect=0
PMLE_LIVE_REPLAY_TIC|tic=1636|mle_ms=49.507|monotonic_ms=50|clock_delta_ms=.493|
clock_suspect=0
PMLE_LIVE_REPLAY_TIC|tic=1637|mle_ms=97.135|monotonic_ms=100|clock_delta_ms=2.86
5|clock_suspect=0
PMLE_LIVE_REPLAY_TIC|tic=1638|mle_ms=88.626|monotonic_ms=90|clock_delta_ms=1.374
|clock_suspect=0
PMLE_LIVE_REPLAY_TIC|tic=1639|mle_ms=38.179|monotonic_ms=40|clock_delta_ms=1.821
|clock_suspect=0
PMLE_LIVE_REPLAY_TIC|tic=1640|mle_ms=128.894|monotonic_ms=130|clock_delta_ms=1.1
06|clock_suspect=0
PMLE_LIVE_REPLAY_TIC|tic=1641|mle_ms=127.524|monotonic_ms=120|clock_delta_ms=7.5
24|clock_suspect=0
PMLE_LIVE_REPLAY_TIC|tic=1642|mle_ms=44.833|monotonic_ms=50|clock_delta_ms=5.167
|clock_suspect=0
PMLE_LIVE_REPLAY_TIC|tic=1643|mle_ms=106.254|monotonic_ms=110|clock_delta_ms=3.7
46|clock_suspect=0
PMLE_LIVE_REPLAY_TIC|tic=1644|mle_ms=115.822|monotonic_ms=110|clock_delta_ms=5.8
22|clock_suspect=0
PMLE_LIVE_REPLAY_TIC|tic=1645|mle_ms=291.603|monotonic_ms=290|clock_delta_ms=1.6
03|clock_suspect=0
PMLE_LIVE_REPLAY_TIC|tic=1646|mle_ms=117.897|monotonic_ms=120|clock_delta_ms=2.1
03|clock_suspect=0
PMLE_LIVE_REPLAY_TIC|tic=1647|mle_ms=113.019|monotonic_ms=110|clock_delta_ms=3.0
19|clock_suspect=0
PMLE_LIVE_REPLAY_TIC|tic=1648|mle_ms=154.629|monotonic_ms=160|clock_delta_ms=5.3
71|clock_suspect=0
PMLE_LIVE_REPLAY_TIC|tic=1649|mle_ms=98.145|monotonic_ms=100|clock_delta_ms=1.85
5|clock_suspect=0
PMLE_LIVE_REPLAY_TIC|tic=1650|mle_ms=131.583|monotonic_ms=130|clock_delta_ms=1.5
83|clock_suspect=0
PMLE_LIVE_REPLAY_TIC|tic=1651|mle_ms=73.356|monotonic_ms=70|clock_delta_ms=3.356
|clock_suspect=0
PMLE_LIVE_REPLAY_TIC|tic=1652|mle_ms=84.439|monotonic_ms=90|clock_delta_ms=5.561
|clock_suspect=0
PMLE_LIVE_REPLAY_TIC|tic=1653|mle_ms=125.361|monotonic_ms=120|clock_delta_ms=5.3
61|clock_suspect=0
PMLE_LIVE_REPLAY_TIC|tic=1654|mle_ms=49.822|monotonic_ms=50|clock_delta_ms=.178|
clock_suspect=0
PMLE_LIVE_REPLAY_TIC|tic=1655|mle_ms=91.542|monotonic_ms=90|clock_delta_ms=1.542
|clock_suspect=0
PMLE_LIVE_REPLAY_TIC|tic=1656|mle_ms=131.881|monotonic_ms=140|clock_delta_ms=8.1
19|clock_suspect=0
PMLE_LIVE_REPLAY_TIC|tic=1657|mle_ms=37.173|monotonic_ms=30|clock_delta_ms=7.173
|clock_suspect=0
PMLE_LIVE_REPLAY_TIC|tic=1658|mle_ms=94.98|monotonic_ms=100|clock_delta_ms=5.02|
clock_suspect=0
PMLE_LIVE_REPLAY_TIC|tic=1659|mle_ms=117.666|monotonic_ms=120|clock_delta_ms=2.3
34|clock_suspect=0
PMLE_LIVE_REPLAY_TIC|tic=1660|mle_ms=20.994|monotonic_ms=20|clock_delta_ms=.994|
clock_suspect=0
PMLE_LIVE_REPLAY_TIC|tic=1661|mle_ms=113.625|monotonic_ms=110|clock_delta_ms=3.6
25|clock_suspect=0
PMLE_LIVE_REPLAY_TIC|tic=1662|mle_ms=101.516|monotonic_ms=100|clock_delta_ms=1.5
16|clock_suspect=0
PMLE_LIVE_REPLAY_TIC|tic=1663|mle_ms=38.203|monotonic_ms=40|clock_delta_ms=1.797
|clock_suspect=0
PMLE_LIVE_REPLAY_TIC|tic=1664|mle_ms=108.653|monotonic_ms=110|clock_delta_ms=1.3
47|clock_suspect=0
PMLE_LIVE_REPLAY_TIC|tic=1665|mle_ms=145.144|monotonic_ms=140|clock_delta_ms=5.1
44|clock_suspect=0
PMLE_LIVE_REPLAY_TIC|tic=1666|mle_ms=51.731|monotonic_ms=60|clock_delta_ms=8.269
|clock_suspect=0
PMLE_LIVE_REPLAY_TIC|tic=1667|mle_ms=92.88|monotonic_ms=90|clock_delta_ms=2.88|c
lock_suspect=0
PMLE_LIVE_REPLAY_TIC|tic=1668|mle_ms=128.765|monotonic_ms=130|clock_delta_ms=1.2
35|clock_suspect=0
PMLE_LIVE_REPLAY_TIC|tic=1669|mle_ms=32.398|monotonic_ms=30|clock_delta_ms=2.398
|clock_suspect=0
PMLE_LIVE_REPLAY_TIC|tic=1670|mle_ms=85.741|monotonic_ms=90|clock_delta_ms=4.259
|clock_suspect=0
PMLE_LIVE_REPLAY_TIC|tic=1671|mle_ms=103.054|monotonic_ms=100|clock_delta_ms=3.0
54|clock_suspect=0
PMLE_LIVE_REPLAY_TIC|tic=1672|mle_ms=30.309|monotonic_ms=30|clock_delta_ms=.309|
clock_suspect=0
PMLE_LIVE_REPLAY_TIC|tic=1673|mle_ms=104.638|monotonic_ms=110|clock_delta_ms=5.3
62|clock_suspect=0
PMLE_LIVE_REPLAY_TIC|tic=1674|mle_ms=97.616|monotonic_ms=90|clock_delta_ms=7.616
|clock_suspect=0
PMLE_LIVE_REPLAY_TIC|tic=1675|mle_ms=20.994|monotonic_ms=20|clock_delta_ms=.994|
clock_suspect=0
PMLE_LIVE_REPLAY_TIC|tic=1676|mle_ms=86.428|monotonic_ms=90|clock_delta_ms=3.572
|clock_suspect=0
PMLE_LIVE_REPLAY_TIC|tic=1677|mle_ms=95.596|monotonic_ms=100|clock_delta_ms=4.40
4|clock_suspect=0
PMLE_LIVE_REPLAY_TIC|tic=1678|mle_ms=22.102|monotonic_ms=20|clock_delta_ms=2.102
|clock_suspect=0
PMLE_LIVE_REPLAY_TIC|tic=1679|mle_ms=71.665|monotonic_ms=70|clock_delta_ms=1.665
|clock_suspect=0
PMLE_LIVE_REPLAY_TIC|tic=1680|mle_ms=100.427|monotonic_ms=100|clock_delta_ms=.42
7|clock_suspect=0
PMLE_LIVE_REPLAY_TIC|tic=1681|mle_ms=20.751|monotonic_ms=20|clock_delta_ms=.751|
clock_suspect=0
PMLE_LIVE_REPLAY_TIC|tic=1682|mle_ms=74.152|monotonic_ms=80|clock_delta_ms=5.848
|clock_suspect=0
PMLE_LIVE_REPLAY_TIC|tic=1683|mle_ms=112.549|monotonic_ms=110|clock_delta_ms=2.5
49|clock_suspect=0
PMLE_LIVE_REPLAY_TIC|tic=1684|mle_ms=28.349|monotonic_ms=30|clock_delta_ms=1.651
|clock_suspect=0
PMLE_LIVE_REPLAY_TIC|tic=1685|mle_ms=84.216|monotonic_ms=80|clock_delta_ms=4.216
|clock_suspect=0
PMLE_LIVE_REPLAY_TIC|tic=1686|mle_ms=128.381|monotonic_ms=130|clock_delta_ms=1.6
19|clock_suspect=0
PMLE_LIVE_REPLAY_TIC|tic=1687|mle_ms=26.201|monotonic_ms=30|clock_delta_ms=3.799
|clock_suspect=0
PMLE_LIVE_REPLAY_TIC|tic=1688|mle_ms=89.285|monotonic_ms=80|clock_delta_ms=9.285
|clock_suspect=0
PMLE_LIVE_REPLAY_TIC|tic=1689|mle_ms=102.424|monotonic_ms=110|clock_delta_ms=7.5
76|clock_suspect=0
PMLE_LIVE_REPLAY_TIC|tic=1690|mle_ms=21.61|monotonic_ms=20|clock_delta_ms=1.61|c
lock_suspect=0
PMLE_LIVE_REPLAY_TIC|tic=1691|mle_ms=69.779|monotonic_ms=70|clock_delta_ms=.221|
clock_suspect=0
PMLE_LIVE_REPLAY_TIC|tic=1692|mle_ms=103.078|monotonic_ms=100|clock_delta_ms=3.0
78|clock_suspect=0
PMLE_LIVE_REPLAY_TIC|tic=1693|mle_ms=24.28|monotonic_ms=30|clock_delta_ms=5.72|c
lock_suspect=0
PMLE_LIVE_REPLAY_TIC|tic=1694|mle_ms=94.169|monotonic_ms=90|clock_delta_ms=4.169
|clock_suspect=0
PMLE_LIVE_REPLAY_TIC|tic=1695|mle_ms=90.114|monotonic_ms=90|clock_delta_ms=.114|
clock_suspect=0
PMLE_LIVE_REPLAY_TIC|tic=1696|mle_ms=44.417|monotonic_ms=50|clock_delta_ms=5.583
|clock_suspect=0
PMLE_LIVE_REPLAY_TIC|tic=1697|mle_ms=67.551|monotonic_ms=60|clock_delta_ms=7.551
|clock_suspect=0
PMLE_LIVE_REPLAY_TIC|tic=1698|mle_ms=108.601|monotonic_ms=110|clock_delta_ms=1.3
99|clock_suspect=0
PMLE_LIVE_REPLAY_TIC|tic=1699|mle_ms=22.302|monotonic_ms=20|clock_delta_ms=2.302
|clock_suspect=0
PMLE_LIVE_REPLAY_TIC|tic=1700|mle_ms=68.631|monotonic_ms=70|clock_delta_ms=1.369
|clock_suspect=0
PMLE_LIVE_REPLAY_TIC|tic=1701|mle_ms=94.73|monotonic_ms=100|clock_delta_ms=5.27|
clock_suspect=0
PMLE_LIVE_REPLAY_TIC|tic=1702|mle_ms=14.724|monotonic_ms=10|clock_delta_ms=4.724
|clock_suspect=0
PMLE_LIVE_REPLAY_TIC|tic=1703|mle_ms=73.355|monotonic_ms=80|clock_delta_ms=6.645
|clock_suspect=0
PMLE_LIVE_REPLAY_TIC|tic=1704|mle_ms=89.37|monotonic_ms=90|clock_delta_ms=.63|cl
ock_suspect=0
PMLE_LIVE_REPLAY_TIC|tic=1705|mle_ms=16.501|monotonic_ms=10|clock_delta_ms=6.501
|clock_suspect=0
PMLE_LIVE_REPLAY_TIC|tic=1706|mle_ms=98.279|monotonic_ms=100|clock_delta_ms=1.72
1|clock_suspect=0
PMLE_LIVE_REPLAY_TIC|tic=1707|mle_ms=79.573|monotonic_ms=80|clock_delta_ms=.427|
clock_suspect=0
PMLE_LIVE_REPLAY_TIC|tic=1708|mle_ms=13.536|monotonic_ms=10|clock_delta_ms=3.536
|clock_suspect=0
PMLE_LIVE_REPLAY_TIC|tic=1709|mle_ms=68.467|monotonic_ms=70|clock_delta_ms=1.533
|clock_suspect=0
PMLE_LIVE_REPLAY_TIC|tic=1710|mle_ms=85.604|monotonic_ms=90|clock_delta_ms=4.396
|clock_suspect=0
PMLE_LIVE_REPLAY_TIC|tic=1711|mle_ms=11.851|monotonic_ms=10|clock_delta_ms=1.851
|clock_suspect=0
PMLE_LIVE_REPLAY_TIC|tic=1712|mle_ms=16.119|monotonic_ms=20|clock_delta_ms=3.881
|clock_suspect=0
PMLE_LIVE_REPLAY_TIC|tic=1713|mle_ms=86.48|monotonic_ms=80|clock_delta_ms=6.48|c
lock_suspect=0
PMLE_LIVE_REPLAY_TIC|tic=1714|mle_ms=17.894|monotonic_ms=20|clock_delta_ms=2.106
|clock_suspect=0
PMLE_LIVE_REPLAY_TIC|tic=1715|mle_ms=20.238|monotonic_ms=20|clock_delta_ms=.238|
clock_suspect=0
PMLE_LIVE_REPLAY_TIC|tic=1716|mle_ms=125.249|monotonic_ms=130|clock_delta_ms=4.7
51|clock_suspect=0
PMLE_LIVE_REPLAY_TIC|tic=1717|mle_ms=15.128|monotonic_ms=10|clock_delta_ms=5.128
|clock_suspect=0
PMLE_LIVE_REPLAY_TIC|tic=1718|mle_ms=76.477|monotonic_ms=80|clock_delta_ms=3.523
|clock_suspect=0
PMLE_LIVE_REPLAY_TIC|tic=1719|mle_ms=110.683|monotonic_ms=110|clock_delta_ms=.68
3|clock_suspect=0
PMLE_LIVE_REPLAY_TIC|tic=1720|mle_ms=14.287|monotonic_ms=10|clock_delta_ms=4.287
|clock_suspect=0
PMLE_LIVE_REPLAY_TIC|tic=1721|mle_ms=69.218|monotonic_ms=70|clock_delta_ms=.782|
clock_suspect=0
PMLE_LIVE_REPLAY_TIC|tic=1722|mle_ms=88.286|monotonic_ms=90|clock_delta_ms=1.714
|clock_suspect=0
PMLE_LIVE_REPLAY_TIC|tic=1723|mle_ms=29.208|monotonic_ms=30|clock_delta_ms=.792|
clock_suspect=0
PMLE_LIVE_REPLAY_TIC|tic=1724|mle_ms=86.745|monotonic_ms=90|clock_delta_ms=3.255
|clock_suspect=0
PMLE_LIVE_REPLAY_TIC|tic=1725|mle_ms=32.046|monotonic_ms=30|clock_delta_ms=2.046
|clock_suspect=0
PMLE_LIVE_REPLAY_TIC|tic=1726|mle_ms=41.267|monotonic_ms=40|clock_delta_ms=1.267
|clock_suspect=0
PMLE_LIVE_REPLAY_TIC|tic=1727|mle_ms=66.906|monotonic_ms=70|clock_delta_ms=3.094
|clock_suspect=0
PMLE_LIVE_REPLAY_TIC|tic=1728|mle_ms=27.848|monotonic_ms=30|clock_delta_ms=2.152
|clock_suspect=0
PMLE_LIVE_REPLAY_TIC|tic=1729|mle_ms=12.606|monotonic_ms=10|clock_delta_ms=2.606
|clock_suspect=0
PMLE_LIVE_REPLAY_TIC|tic=1730|mle_ms=76.341|monotonic_ms=70|clock_delta_ms=6.341
|clock_suspect=0
PMLE_LIVE_REPLAY_TIC|tic=1731|mle_ms=30.88|monotonic_ms=40|clock_delta_ms=9.12|c
lock_suspect=0
PMLE_LIVE_REPLAY_TIC|tic=1732|mle_ms=14.237|monotonic_ms=10|clock_delta_ms=4.237
|clock_suspect=0
PMLE_LIVE_REPLAY_TIC|tic=1733|mle_ms=78.036|monotonic_ms=80|clock_delta_ms=1.964
|clock_suspect=0
PMLE_LIVE_REPLAY_TIC|tic=1734|mle_ms=43.071|monotonic_ms=40|clock_delta_ms=3.071
|clock_suspect=0
PMLE_LIVE_REPLAY_TIC|tic=1735|mle_ms=12.843|monotonic_ms=10|clock_delta_ms=2.843
|clock_suspect=0
PMLE_LIVE_REPLAY_TIC|tic=1736|mle_ms=95.492|monotonic_ms=100|clock_delta_ms=4.50
8|clock_suspect=0
PMLE_LIVE_REPLAY_TIC|tic=1737|mle_ms=30.213|monotonic_ms=30|clock_delta_ms=.213|
clock_suspect=0
PMLE_LIVE_REPLAY_TIC|tic=1738|mle_ms=12.382|monotonic_ms=10|clock_delta_ms=2.382
|clock_suspect=0
PMLE_LIVE_REPLAY_TIC|tic=1739|mle_ms=70.511|monotonic_ms=70|clock_delta_ms=.511|
clock_suspect=0
PMLE_LIVE_REPLAY_TIC|tic=1740|mle_ms=32.271|monotonic_ms=40|clock_delta_ms=7.729
|clock_suspect=0
PMLE_LIVE_REPLAY_TIC|tic=1741|mle_ms=13.187|monotonic_ms=10|clock_delta_ms=3.187
|clock_suspect=0
PMLE_LIVE_REPLAY_TIC|tic=1742|mle_ms=17.796|monotonic_ms=20|clock_delta_ms=2.204
|clock_suspect=0
PMLE_LIVE_REPLAY_TIC|tic=1743|mle_ms=42.886|monotonic_ms=40|clock_delta_ms=2.886
|clock_suspect=0
PMLE_LIVE_REPLAY_TIC|tic=1744|mle_ms=18.26|monotonic_ms=20|clock_delta_ms=1.74|c
lock_suspect=0
PMLE_LIVE_REPLAY_TIC|tic=1745|mle_ms=16.8|monotonic_ms=10|clock_delta_ms=6.8|clo
ck_suspect=0
PMLE_LIVE_REPLAY_TIC|tic=1746|mle_ms=56.707|monotonic_ms=60|clock_delta_ms=3.293
|clock_suspect=0
PMLE_LIVE_REPLAY_TIC|tic=1747|mle_ms=11.541|monotonic_ms=10|clock_delta_ms=1.541
|clock_suspect=0
PMLE_LIVE_REPLAY_TIC|tic=1748|mle_ms=19.374|monotonic_ms=20|clock_delta_ms=.626|
clock_suspect=0
PMLE_LIVE_REPLAY_TIC|tic=1749|mle_ms=31.054|monotonic_ms=30|clock_delta_ms=1.054
|clock_suspect=0
PMLE_LIVE_REPLAY_TIC|tic=1750|mle_ms=9.945|monotonic_ms=10|clock_delta_ms=.055|c
lock_suspect=0
PMLE_LIVE_REPLAY_TIC|tic=1751|mle_ms=14.013|monotonic_ms=20|clock_delta_ms=5.987
|clock_suspect=0
PMLE_LIVE_REPLAY_TIC|tic=1752|mle_ms=76.446|monotonic_ms=70|clock_delta_ms=6.446
|clock_suspect=0
PMLE_LIVE_REPLAY_TIC|tic=1753|mle_ms=20|monotonic_ms=20|clock_delta_ms=0|clock_s
uspect=0
PMLE_LIVE_REPLAY_TIC|tic=1754|mle_ms=20.834|monotonic_ms=30|clock_delta_ms=9.166
|clock_suspect=0
PMLE_LIVE_REPLAY_TIC|tic=1755|mle_ms=103.307|monotonic_ms=100|clock_delta_ms=3.3
07|clock_suspect=0
PMLE_LIVE_REPLAY_TIC|tic=1756|mle_ms=44.591|monotonic_ms=40|clock_delta_ms=4.591
|clock_suspect=0
PMLE_LIVE_REPLAY_TIC|tic=1757|mle_ms=13.543|monotonic_ms=20|clock_delta_ms=6.457
|clock_suspect=0
PMLE_LIVE_REPLAY_TIC|tic=1758|mle_ms=66.983|monotonic_ms=60|clock_delta_ms=6.983
|clock_suspect=0
PMLE_LIVE_REPLAY_TIC|tic=1759|mle_ms=12.561|monotonic_ms=20|clock_delta_ms=7.439
|clock_suspect=0
PMLE_LIVE_REPLAY_TIC|tic=1760|mle_ms=54.785|monotonic_ms=50|clock_delta_ms=4.785
|clock_suspect=0
PMLE_LIVE_REPLAY_TIC|tic=1761|mle_ms=84.312|monotonic_ms=90|clock_delta_ms=5.688
|clock_suspect=0
PMLE_LIVE_REPLAY_TIC|tic=1762|mle_ms=70.196|monotonic_ms=70|clock_delta_ms=.196|
clock_suspect=0
PMLE_LIVE_REPLAY_TIC|tic=1763|mle_ms=86.193|monotonic_ms=80|clock_delta_ms=6.193
|clock_suspect=0
PMLE_LIVE_REPLAY_TIC|tic=1764|mle_ms=95.062|monotonic_ms=100|clock_delta_ms=4.93
8|clock_suspect=0
PMLE_LIVE_REPLAY_TIC|tic=1765|mle_ms=17.472|monotonic_ms=20|clock_delta_ms=2.528
|clock_suspect=0
PMLE_LIVE_REPLAY_TIC|tic=1766|mle_ms=92.653|monotonic_ms=90|clock_delta_ms=2.653
|clock_suspect=0
PMLE_LIVE_REPLAY_TIC|tic=1767|mle_ms=65.574|monotonic_ms=60|clock_delta_ms=5.574
|clock_suspect=0
PMLE_LIVE_REPLAY_TIC|tic=1768|mle_ms=14.49|monotonic_ms=20|clock_delta_ms=5.51|c
lock_suspect=0
PMLE_LIVE_REPLAY_TIC|tic=1769|mle_ms=67.423|monotonic_ms=70|clock_delta_ms=2.577
|clock_suspect=0
PMLE_LIVE_REPLAY_TIC|tic=1770|mle_ms=65.185|monotonic_ms=60|clock_delta_ms=5.185
|clock_suspect=0
PMLE_LIVE_REPLAY_TIC|tic=1771|mle_ms=15.841|monotonic_ms=20|clock_delta_ms=4.159
|clock_suspect=0
PMLE_LIVE_REPLAY_TIC|tic=1772|mle_ms=53.145|monotonic_ms=50|clock_delta_ms=3.145
|clock_suspect=0
PMLE_LIVE_REPLAY_TIC|tic=1773|mle_ms=79.936|monotonic_ms=80|clock_delta_ms=.064|
clock_suspect=0
PMLE_LIVE_REPLAY_TIC|tic=1774|mle_ms=14.998|monotonic_ms=20|clock_delta_ms=5.002
|clock_suspect=0
PMLE_LIVE_REPLAY_TIC|tic=1775|mle_ms=60.733|monotonic_ms=60|clock_delta_ms=.733|
clock_suspect=0
PMLE_LIVE_REPLAY_TIC|tic=1776|mle_ms=132.42|monotonic_ms=130|clock_delta_ms=2.42
|clock_suspect=0
PMLE_LIVE_REPLAY_TIC|tic=1777|mle_ms=27.641|monotonic_ms=30|clock_delta_ms=2.359
|clock_suspect=0
PMLE_LIVE_REPLAY_TIC|tic=1778|mle_ms=71.435|monotonic_ms=70|clock_delta_ms=1.435
|clock_suspect=0
PMLE_LIVE_REPLAY_TIC|tic=1779|mle_ms=70.1|monotonic_ms=70|clock_delta_ms=.1|cloc
k_suspect=0
PMLE_LIVE_REPLAY_TIC|tic=1780|mle_ms=12.422|monotonic_ms=10|clock_delta_ms=2.422
|clock_suspect=0
PMLE_LIVE_REPLAY_TIC|tic=1781|mle_ms=47.218|monotonic_ms=50|clock_delta_ms=2.782
|clock_suspect=0
PMLE_LIVE_REPLAY_TIC|tic=1782|mle_ms=83.95|monotonic_ms=80|clock_delta_ms=3.95|c
lock_suspect=0
PMLE_LIVE_REPLAY_TIC|tic=1783|mle_ms=179.754|monotonic_ms=180|clock_delta_ms=.24
6|clock_suspect=0
PMLE_LIVE_REPLAY_TIC|tic=1784|mle_ms=25.17|monotonic_ms=30|clock_delta_ms=4.83|c
lock_suspect=0
PMLE_LIVE_REPLAY_TIC|tic=1785|mle_ms=71.634|monotonic_ms=70|clock_delta_ms=1.634
|clock_suspect=0
PMLE_LIVE_REPLAY_TIC|tic=1786|mle_ms=162.816|monotonic_ms=160|clock_delta_ms=2.8
16|clock_suspect=0
PMLE_LIVE_REPLAY_TIC|tic=1787|mle_ms=19.257|monotonic_ms=20|clock_delta_ms=.743|
clock_suspect=0
PMLE_LIVE_REPLAY_TIC|tic=1788|mle_ms=71.016|monotonic_ms=70|clock_delta_ms=1.016
|clock_suspect=0
PMLE_LIVE_REPLAY_TIC|tic=1789|mle_ms=14.043|monotonic_ms=20|clock_delta_ms=5.957
|clock_suspect=0
PMLE_LIVE_REPLAY_TIC|tic=1790|mle_ms=64.171|monotonic_ms=60|clock_delta_ms=4.171
|clock_suspect=0
PMLE_LIVE_REPLAY_TIC|tic=1791|mle_ms=70.309|monotonic_ms=70|clock_delta_ms=.309|
clock_suspect=0
PMLE_LIVE_REPLAY_TIC|tic=1792|mle_ms=14.215|monotonic_ms=20|clock_delta_ms=5.785
|clock_suspect=0
PMLE_LIVE_REPLAY_TIC|tic=1793|mle_ms=69.293|monotonic_ms=60|clock_delta_ms=9.293
|clock_suspect=0
PMLE_LIVE_REPLAY_TIC|tic=1794|mle_ms=73.075|monotonic_ms=80|clock_delta_ms=6.925
|clock_suspect=0
PMLE_LIVE_REPLAY_TIC|tic=1795|mle_ms=12.814|monotonic_ms=10|clock_delta_ms=2.814
|clock_suspect=0
PMLE_LIVE_REPLAY_TIC|tic=1796|mle_ms=119.077|monotonic_ms=120|clock_delta_ms=.92
3|clock_suspect=0
PMLE_LIVE_REPLAY_TIC|tic=1797|mle_ms=76.903|monotonic_ms=80|clock_delta_ms=3.097
|clock_suspect=0
PMLE_LIVE_REPLAY_TIC|tic=1798|mle_ms=14.034|monotonic_ms=10|clock_delta_ms=4.034
|clock_suspect=0
PMLE_LIVE_REPLAY_TIC|tic=1799|mle_ms=78.765|monotonic_ms=80|clock_delta_ms=1.235
|clock_suspect=0
PMLE_LIVE_REPLAY_TIC|tic=1800|mle_ms=92.894|monotonic_ms=90|clock_delta_ms=2.894
|clock_suspect=0
PMLE_LIVE_REPLAY_TIC|tic=1801|mle_ms=12.747|monotonic_ms=10|clock_delta_ms=2.747
|clock_suspect=0
PMLE_LIVE_REPLAY_TIC|tic=1802|mle_ms=66.427|monotonic_ms=70|clock_delta_ms=3.573
|clock_suspect=0
PMLE_LIVE_REPLAY_TIC|tic=1803|mle_ms=84.345|monotonic_ms=80|clock_delta_ms=4.345
|clock_suspect=0
PMLE_LIVE_REPLAY_TIC|tic=1804|mle_ms=21.71|monotonic_ms=30|clock_delta_ms=8.29|c
lock_suspect=0
PMLE_LIVE_REPLAY_TIC|tic=1805|mle_ms=72.248|monotonic_ms=70|clock_delta_ms=2.248
|clock_suspect=0
PMLE_LIVE_REPLAY_TIC|tic=1806|mle_ms=106.976|monotonic_ms=100|clock_delta_ms=6.9
76|clock_suspect=0
PMLE_LIVE_REPLAY_TIC|tic=1807|mle_ms=14.381|monotonic_ms=10|clock_delta_ms=4.381
|clock_suspect=0
PMLE_LIVE_REPLAY_TIC|tic=1808|mle_ms=57.718|monotonic_ms=60|clock_delta_ms=2.282
|clock_suspect=0
PMLE_LIVE_REPLAY_TIC|tic=1809|mle_ms=72.15|monotonic_ms=70|clock_delta_ms=2.15|c
lock_suspect=0
PMLE_LIVE_REPLAY_TIC|tic=1810|mle_ms=18.147|monotonic_ms=20|clock_delta_ms=1.853
|clock_suspect=0
PMLE_LIVE_REPLAY_TIC|tic=1811|mle_ms=71.038|monotonic_ms=70|clock_delta_ms=1.038
|clock_suspect=0
PMLE_LIVE_REPLAY_TIC|tic=1812|mle_ms=77.078|monotonic_ms=80|clock_delta_ms=2.922
|clock_suspect=0
PMLE_LIVE_REPLAY_TIC|tic=1813|mle_ms=35.308|monotonic_ms=30|clock_delta_ms=5.308
|clock_suspect=0
PMLE_LIVE_REPLAY_TIC|tic=1814|mle_ms=78.501|monotonic_ms=80|clock_delta_ms=1.499
|clock_suspect=0
PMLE_LIVE_REPLAY_TIC|tic=1815|mle_ms=106.669|monotonic_ms=110|clock_delta_ms=3.3
31|clock_suspect=0
PMLE_LIVE_REPLAY_TIC|tic=1816|mle_ms=54.666|monotonic_ms=50|clock_delta_ms=4.666
|clock_suspect=0
PMLE_LIVE_REPLAY_TIC|tic=1817|mle_ms=62.538|monotonic_ms=60|clock_delta_ms=2.538
|clock_suspect=0
PMLE_LIVE_REPLAY_TIC|tic=1818|mle_ms=106.758|monotonic_ms=110|clock_delta_ms=3.2
42|clock_suspect=0
PMLE_LIVE_REPLAY_TIC|tic=1819|mle_ms=21.468|monotonic_ms=20|clock_delta_ms=1.468
|clock_suspect=0
PMLE_LIVE_REPLAY_TIC|tic=1820|mle_ms=86.5|monotonic_ms=90|clock_delta_ms=3.5|clo
ck_suspect=0
PMLE_LIVE_REPLAY_TIC|tic=1821|mle_ms=103.667|monotonic_ms=100|clock_delta_ms=3.6
67|clock_suspect=0
PMLE_LIVE_REPLAY_TIC|tic=1822|mle_ms=23.311|monotonic_ms=30|clock_delta_ms=6.689
|clock_suspect=0
PMLE_LIVE_REPLAY_TIC|tic=1823|mle_ms=74.327|monotonic_ms=70|clock_delta_ms=4.327
|clock_suspect=0
PMLE_LIVE_REPLAY_TIC|tic=1824|mle_ms=89.274|monotonic_ms=90|clock_delta_ms=.726|
clock_suspect=0
PMLE_LIVE_REPLAY_TIC|tic=1825|mle_ms=19.508|monotonic_ms=20|clock_delta_ms=.492|
clock_suspect=0
PMLE_LIVE_REPLAY_TIC|tic=1826|mle_ms=105.785|monotonic_ms=110|clock_delta_ms=4.2
15|clock_suspect=0
PMLE_LIVE_REPLAY_TIC|tic=1827|mle_ms=83.976|monotonic_ms=80|clock_delta_ms=3.976
|clock_suspect=0
PMLE_LIVE_REPLAY_TIC|tic=1828|mle_ms=21.942|monotonic_ms=20|clock_delta_ms=1.942
|clock_suspect=0
PMLE_LIVE_REPLAY_TIC|tic=1829|mle_ms=70.916|monotonic_ms=70|clock_delta_ms=.916|
clock_suspect=0
PMLE_LIVE_REPLAY_TIC|tic=1830|mle_ms=77.315|monotonic_ms=80|clock_delta_ms=2.685
|clock_suspect=0
PMLE_LIVE_REPLAY_TIC|tic=1831|mle_ms=19.433|monotonic_ms=20|clock_delta_ms=.567|
clock_suspect=0
PMLE_LIVE_REPLAY_TIC|tic=1832|mle_ms=87.632|monotonic_ms=90|clock_delta_ms=2.368
|clock_suspect=0
PMLE_LIVE_REPLAY_TIC|tic=1833|mle_ms=87.691|monotonic_ms=80|clock_delta_ms=7.691
|clock_suspect=0
PMLE_LIVE_REPLAY_TIC|tic=1834|mle_ms=22.3|monotonic_ms=30|clock_delta_ms=7.7|clo
ck_suspect=0
PMLE_LIVE_REPLAY_TIC|tic=1835|mle_ms=76.713|monotonic_ms=70|clock_delta_ms=6.713
|clock_suspect=0
PMLE_LIVE_REPLAY_TIC|tic=1836|mle_ms=135.438|monotonic_ms=140|clock_delta_ms=4.5
62|clock_suspect=0
PMLE_LIVE_REPLAY_TIC|tic=1837|mle_ms=20.508|monotonic_ms=20|clock_delta_ms=.508|
clock_suspect=0
PMLE_LIVE_REPLAY_TIC|tic=1838|mle_ms=62.891|monotonic_ms=60|clock_delta_ms=2.891
|clock_suspect=0
PMLE_LIVE_REPLAY_TIC|tic=1839|mle_ms=75.123|monotonic_ms=80|clock_delta_ms=4.877
|clock_suspect=0
PMLE_LIVE_REPLAY_TIC|tic=1840|mle_ms=20.371|monotonic_ms=20|clock_delta_ms=.371|
clock_suspect=0
PMLE_LIVE_REPLAY_TIC|tic=1841|mle_ms=69.659|monotonic_ms=70|clock_delta_ms=.341|
clock_suspect=0
PMLE_LIVE_REPLAY_TIC|tic=1842|mle_ms=103.479|monotonic_ms=100|clock_delta_ms=3.4
79|clock_suspect=0
PMLE_LIVE_REPLAY_TIC|tic=1843|mle_ms=34.735|monotonic_ms=40|clock_delta_ms=5.265
|clock_suspect=0
PMLE_LIVE_REPLAY_TIC|tic=1844|mle_ms=84.787|monotonic_ms=80|clock_delta_ms=4.787
|clock_suspect=0
PMLE_LIVE_REPLAY_TIC|tic=1845|mle_ms=92.547|monotonic_ms=90|clock_delta_ms=2.547
|clock_suspect=0
PMLE_LIVE_REPLAY_TIC|tic=1846|mle_ms=62.331|monotonic_ms=70|clock_delta_ms=7.669
|clock_suspect=0
PMLE_LIVE_REPLAY_TIC|tic=1847|mle_ms=89.72|monotonic_ms=90|clock_delta_ms=.28|cl
ock_suspect=0
PMLE_LIVE_REPLAY_TIC|tic=1848|mle_ms=132.831|monotonic_ms=130|clock_delta_ms=2.8
31|clock_suspect=0
PMLE_LIVE_REPLAY_TIC|tic=1849|mle_ms=23.887|monotonic_ms=20|clock_delta_ms=3.887
|clock_suspect=0
PMLE_LIVE_REPLAY_TIC|tic=1850|mle_ms=95.353|monotonic_ms=100|clock_delta_ms=4.64
7|clock_suspect=0
PMLE_LIVE_REPLAY_TIC|tic=1851|mle_ms=77.169|monotonic_ms=80|clock_delta_ms=2.831
|clock_suspect=0
PMLE_LIVE_REPLAY_TIC|tic=1852|mle_ms=22.762|monotonic_ms=20|clock_delta_ms=2.762
|clock_suspect=0
PMLE_LIVE_REPLAY_TIC|tic=1853|mle_ms=77.475|monotonic_ms=80|clock_delta_ms=2.525
|clock_suspect=0
PMLE_LIVE_REPLAY_TIC|tic=1854|mle_ms=103.748|monotonic_ms=100|clock_delta_ms=3.7
48|clock_suspect=0
PMLE_LIVE_REPLAY_TIC|tic=1855|mle_ms=21.454|monotonic_ms=20|clock_delta_ms=1.454
|clock_suspect=0
PMLE_LIVE_REPLAY_TIC|tic=1856|mle_ms=114.427|monotonic_ms=120|clock_delta_ms=5.5
73|clock_suspect=0
PMLE_LIVE_REPLAY_TIC|tic=1857|mle_ms=90.893|monotonic_ms=90|clock_delta_ms=.893|
clock_suspect=0
PMLE_LIVE_REPLAY_TIC|tic=1858|mle_ms=18.531|monotonic_ms=20|clock_delta_ms=1.469
|clock_suspect=0
PMLE_LIVE_REPLAY_TIC|tic=1859|mle_ms=68.167|monotonic_ms=60|clock_delta_ms=8.167
|clock_suspect=0
PMLE_LIVE_REPLAY_TIC|tic=1860|mle_ms=101.708|monotonic_ms=110|clock_delta_ms=8.2
92|clock_suspect=0
PMLE_LIVE_REPLAY_TIC|tic=1861|mle_ms=23.971|monotonic_ms=20|clock_delta_ms=3.971
|clock_suspect=0
PMLE_LIVE_REPLAY_TIC|tic=1862|mle_ms=71.786|monotonic_ms=70|clock_delta_ms=1.786
|clock_suspect=0
PMLE_LIVE_REPLAY_TIC|tic=1863|mle_ms=87.783|monotonic_ms=90|clock_delta_ms=2.217
|clock_suspect=0
PMLE_LIVE_REPLAY_TIC|tic=1864|mle_ms=29.661|monotonic_ms=30|clock_delta_ms=.339|
clock_suspect=0
PMLE_LIVE_REPLAY_TIC|tic=1865|mle_ms=80.367|monotonic_ms=80|clock_delta_ms=.367|
clock_suspect=0
PMLE_LIVE_REPLAY_TIC|tic=1866|mle_ms=93.927|monotonic_ms=90|clock_delta_ms=3.927
|clock_suspect=0
PMLE_LIVE_REPLAY_TIC|tic=1867|mle_ms=19.197|monotonic_ms=20|clock_delta_ms=.803|
clock_suspect=0
PMLE_LIVE_REPLAY_TIC|tic=1868|mle_ms=102.791|monotonic_ms=110|clock_delta_ms=7.2
09|clock_suspect=0
PMLE_LIVE_REPLAY_TIC|tic=1869|mle_ms=83.667|monotonic_ms=80|clock_delta_ms=3.667
|clock_suspect=0
PMLE_LIVE_REPLAY_TIC|tic=1870|mle_ms=19.997|monotonic_ms=20|clock_delta_ms=.003|
clock_suspect=0
PMLE_LIVE_REPLAY_TIC|tic=1871|mle_ms=75.993|monotonic_ms=80|clock_delta_ms=4.007
|clock_suspect=0
PMLE_LIVE_REPLAY_TIC|tic=1872|mle_ms=71.942|monotonic_ms=70|clock_delta_ms=1.942
|clock_suspect=0
PMLE_LIVE_REPLAY_TIC|tic=1873|mle_ms=19.331|monotonic_ms=20|clock_delta_ms=.669|
clock_suspect=0
PMLE_LIVE_REPLAY_TIC|tic=1874|mle_ms=100.584|monotonic_ms=100|clock_delta_ms=.58
4|clock_suspect=0
PMLE_LIVE_REPLAY_TIC|tic=1875|mle_ms=86.584|monotonic_ms=80|clock_delta_ms=6.584
|clock_suspect=0
PMLE_LIVE_REPLAY_TIC|tic=1876|mle_ms=28.909|monotonic_ms=30|clock_delta_ms=1.091
|clock_suspect=0
PMLE_LIVE_REPLAY_TIC|tic=1877|mle_ms=79.557|monotonic_ms=80|clock_delta_ms=.443|
clock_suspect=0
PMLE_LIVE_REPLAY_TIC|tic=1878|mle_ms=58.951|monotonic_ms=60|clock_delta_ms=1.049
|clock_suspect=0
PMLE_LIVE_REPLAY_TIC|tic=1879|mle_ms=11.672|monotonic_ms=10|clock_delta_ms=1.672
|clock_suspect=0
PMLE_LIVE_REPLAY_TIC|tic=1880|mle_ms=79.092|monotonic_ms=80|clock_delta_ms=.908|
clock_suspect=0
PMLE_LIVE_REPLAY_TIC|tic=1881|mle_ms=69.306|monotonic_ms=70|clock_delta_ms=.694|
clock_suspect=0
PMLE_LIVE_REPLAY_TIC|tic=1882|mle_ms=93.735|monotonic_ms=100|clock_delta_ms=6.26
5|clock_suspect=0
PMLE_LIVE_REPLAY_TIC|tic=1883|mle_ms=77.316|monotonic_ms=70|clock_delta_ms=7.316
|clock_suspect=0
PMLE_LIVE_REPLAY_TIC|tic=1884|mle_ms=68.27|monotonic_ms=70|clock_delta_ms=1.73|c
lock_suspect=0
PMLE_LIVE_REPLAY_TIC|tic=1885|mle_ms=10.824|monotonic_ms=10|clock_delta_ms=.824|
clock_suspect=0
PMLE_LIVE_REPLAY_TIC|tic=1886|mle_ms=93.633|monotonic_ms=100|clock_delta_ms=6.36
7|clock_suspect=0
PMLE_LIVE_REPLAY_TIC|tic=1887|mle_ms=71.259|monotonic_ms=70|clock_delta_ms=1.259
|clock_suspect=0
PMLE_LIVE_REPLAY_TIC|tic=1888|mle_ms=12.603|monotonic_ms=10|clock_delta_ms=2.603
|clock_suspect=0
PMLE_LIVE_REPLAY_TIC|tic=1889|mle_ms=16.767|monotonic_ms=20|clock_delta_ms=3.233
|clock_suspect=0
PMLE_LIVE_REPLAY_TIC|tic=1890|mle_ms=66.533|monotonic_ms=60|clock_delta_ms=6.533
|clock_suspect=0
PMLE_LIVE_REPLAY_TIC|tic=1891|mle_ms=10.941|monotonic_ms=20|clock_delta_ms=9.059
|clock_suspect=0
PMLE_LIVE_REPLAY_TIC|tic=1892|mle_ms=14.367|monotonic_ms=10|clock_delta_ms=4.367
|clock_suspect=0
PMLE_LIVE_REPLAY_TIC|tic=1893|mle_ms=95.141|monotonic_ms=90|clock_delta_ms=5.141
|clock_suspect=0
PMLE_LIVE_REPLAY_TIC|tic=1894|mle_ms=16.985|monotonic_ms=20|clock_delta_ms=3.015
|clock_suspect=0
PMLE_LIVE_REPLAY_TIC|tic=1895|mle_ms=44.471|monotonic_ms=50|clock_delta_ms=5.529
|clock_suspect=0
PMLE_LIVE_REPLAY_TIC|tic=1896|mle_ms=88.025|monotonic_ms=80|clock_delta_ms=8.025
|clock_suspect=0
PMLE_LIVE_REPLAY_TIC|tic=1897|mle_ms=18.11|monotonic_ms=20|clock_delta_ms=1.89|c
lock_suspect=0
PMLE_LIVE_REPLAY_TIC|tic=1898|mle_ms=54.452|monotonic_ms=60|clock_delta_ms=5.548
|clock_suspect=0
PMLE_LIVE_REPLAY_TIC|tic=1899|mle_ms=71.913|monotonic_ms=70|clock_delta_ms=1.913
|clock_suspect=0
PMLE_LIVE_REPLAY_TIC|tic=1900|mle_ms=19.374|monotonic_ms=20|clock_delta_ms=.626|
clock_suspect=0
PMLE_LIVE_REPLAY_TIC|tic=1901|mle_ms=63.263|monotonic_ms=60|clock_delta_ms=3.263
|clock_suspect=0
PMLE_LIVE_REPLAY_TIC|tic=1902|mle_ms=77.825|monotonic_ms=80|clock_delta_ms=2.175
|clock_suspect=0
PMLE_LIVE_REPLAY_TIC|tic=1903|mle_ms=29.232|monotonic_ms=30|clock_delta_ms=.768|
clock_suspect=0
PMLE_LIVE_REPLAY_TIC|tic=1904|mle_ms=79.356|monotonic_ms=80|clock_delta_ms=.644|
clock_suspect=0
PMLE_LIVE_REPLAY_TIC|tic=1905|mle_ms=77.556|monotonic_ms=80|clock_delta_ms=2.444
|clock_suspect=0
PMLE_LIVE_REPLAY_TIC|tic=1906|mle_ms=48.836|monotonic_ms=50|clock_delta_ms=1.164
|clock_suspect=0
PMLE_LIVE_REPLAY_TIC|tic=1907|mle_ms=138.749|monotonic_ms=140|clock_delta_ms=1.2
51|clock_suspect=0
PMLE_LIVE_REPLAY_TIC|tic=1908|mle_ms=86.07|monotonic_ms=80|clock_delta_ms=6.07|c
lock_suspect=0
PMLE_LIVE_REPLAY_TIC|tic=1909|mle_ms=27.761|monotonic_ms=30|clock_delta_ms=2.239
|clock_suspect=0
PMLE_LIVE_REPLAY_TIC|tic=1910|mle_ms=139.025|monotonic_ms=140|clock_delta_ms=.97
5|clock_suspect=0
PMLE_LIVE_REPLAY_TIC|tic=1911|mle_ms=85.315|monotonic_ms=80|clock_delta_ms=5.315
|clock_suspect=0
PMLE_LIVE_REPLAY_TIC|tic=1912|mle_ms=32.437|monotonic_ms=40|clock_delta_ms=7.563
|clock_suspect=0
PMLE_LIVE_REPLAY_TIC|tic=1913|mle_ms=156.63|monotonic_ms=150|clock_delta_ms=6.63
|clock_suspect=0
PMLE_LIVE_REPLAY_TIC|tic=1914|mle_ms=38.411|monotonic_ms=40|clock_delta_ms=1.589
|clock_suspect=0
PMLE_LIVE_REPLAY_TIC|tic=1915|mle_ms=28.922|monotonic_ms=30|clock_delta_ms=1.078
|clock_suspect=0
PMLE_LIVE_REPLAY_TIC|tic=1916|mle_ms=162.762|monotonic_ms=160|clock_delta_ms=2.7
62|clock_suspect=0
PMLE_LIVE_REPLAY_TIC|tic=1917|mle_ms=34.147|monotonic_ms=40|clock_delta_ms=5.853
|clock_suspect=0
PMLE_LIVE_REPLAY_TIC|tic=1918|mle_ms=31.524|monotonic_ms=30|clock_delta_ms=1.524
|clock_suspect=0
PMLE_LIVE_REPLAY_TIC|tic=1919|mle_ms=77.832|monotonic_ms=80|clock_delta_ms=2.168
|clock_suspect=0
PMLE_LIVE_REPLAY_TIC|tic=1920|mle_ms=96.659|monotonic_ms=90|clock_delta_ms=6.659
|clock_suspect=0
PMLE_LIVE_REPLAY_TIC|tic=1921|mle_ms=30.003|monotonic_ms=30|clock_delta_ms=.003|
clock_suspect=0
PMLE_LIVE_REPLAY_TIC|tic=1922|mle_ms=75.454|monotonic_ms=80|clock_delta_ms=4.546
|clock_suspect=0
PMLE_LIVE_REPLAY_TIC|tic=1923|mle_ms=91.173|monotonic_ms=90|clock_delta_ms=1.173
|clock_suspect=0
PMLE_LIVE_REPLAY_TIC|tic=1924|mle_ms=27.508|monotonic_ms=30|clock_delta_ms=2.492
|clock_suspect=0
PMLE_LIVE_REPLAY_TIC|tic=1925|mle_ms=78.968|monotonic_ms=80|clock_delta_ms=1.032
|clock_suspect=0
PMLE_LIVE_REPLAY_TIC|tic=1926|mle_ms=98.862|monotonic_ms=100|clock_delta_ms=1.13
8|clock_suspect=0
PMLE_LIVE_REPLAY_TIC|tic=1927|mle_ms=18.935|monotonic_ms=10|clock_delta_ms=8.935
|clock_suspect=0
PMLE_LIVE_REPLAY_TIC|tic=1928|mle_ms=83.074|monotonic_ms=90|clock_delta_ms=6.926
|clock_suspect=0
PMLE_LIVE_REPLAY_TIC|tic=1929|mle_ms=92.322|monotonic_ms=90|clock_delta_ms=2.322
|clock_suspect=0
PMLE_LIVE_REPLAY_TIC|tic=1930|mle_ms=19.178|monotonic_ms=20|clock_delta_ms=.822|
clock_suspect=0
PMLE_LIVE_REPLAY_TIC|tic=1931|mle_ms=80.998|monotonic_ms=80|clock_delta_ms=.998|
clock_suspect=0
PMLE_LIVE_REPLAY_TIC|tic=1932|mle_ms=99.12|monotonic_ms=100|clock_delta_ms=.88|c
lock_suspect=0
PMLE_LIVE_REPLAY_TIC|tic=1933|mle_ms=35.162|monotonic_ms=40|clock_delta_ms=4.838
|clock_suspect=0
PMLE_LIVE_REPLAY_TIC|tic=1934|mle_ms=95.556|monotonic_ms=90|clock_delta_ms=5.556
|clock_suspect=0
PMLE_LIVE_REPLAY_TIC|tic=1935|mle_ms=88.025|monotonic_ms=90|clock_delta_ms=1.975
|clock_suspect=0
PMLE_LIVE_REPLAY_TIC|tic=1936|mle_ms=34.332|monotonic_ms=30|clock_delta_ms=4.332
|clock_suspect=0
PMLE_LIVE_REPLAY_TIC|tic=1937|mle_ms=65.959|monotonic_ms=70|clock_delta_ms=4.041
|clock_suspect=0
PMLE_LIVE_REPLAY_TIC|tic=1938|mle_ms=79.686|monotonic_ms=80|clock_delta_ms=.314|
clock_suspect=0
PMLE_LIVE_REPLAY_TIC|tic=1939|mle_ms=15.677|monotonic_ms=20|clock_delta_ms=4.323
|clock_suspect=0
PMLE_LIVE_REPLAY_TIC|tic=1940|mle_ms=63.224|monotonic_ms=60|clock_delta_ms=3.224
|clock_suspect=0
PMLE_LIVE_REPLAY_TIC|tic=1941|mle_ms=104.614|monotonic_ms=100|clock_delta_ms=4.6
14|clock_suspect=0
PMLE_LIVE_REPLAY_TIC|tic=1942|mle_ms=18.665|monotonic_ms=20|clock_delta_ms=1.335
|clock_suspect=0
PMLE_LIVE_REPLAY_TIC|tic=1943|mle_ms=92.874|monotonic_ms=90|clock_delta_ms=2.874
|clock_suspect=0
PMLE_LIVE_REPLAY_TIC|tic=1944|mle_ms=77.165|monotonic_ms=80|clock_delta_ms=2.835
|clock_suspect=0
PMLE_LIVE_REPLAY_TIC|tic=1945|mle_ms=14.477|monotonic_ms=20|clock_delta_ms=5.523
|clock_suspect=0
PMLE_LIVE_REPLAY_TIC|tic=1946|mle_ms=91.225|monotonic_ms=90|clock_delta_ms=1.225
|clock_suspect=0
PMLE_LIVE_REPLAY_TIC|tic=1947|mle_ms=73.102|monotonic_ms=70|clock_delta_ms=3.102
|clock_suspect=0
PMLE_LIVE_REPLAY_TIC|tic=1948|mle_ms=9.23|monotonic_ms=10|clock_delta_ms=.77|clo
ck_suspect=0
PMLE_LIVE_REPLAY_TIC|tic=1949|mle_ms=75.965|monotonic_ms=80|clock_delta_ms=4.035
|clock_suspect=0
PMLE_LIVE_REPLAY_TIC|tic=1950|mle_ms=79.898|monotonic_ms=80|clock_delta_ms=.102|
clock_suspect=0
PMLE_LIVE_REPLAY_TIC|tic=1951|mle_ms=12.088|monotonic_ms=10|clock_delta_ms=2.088
|clock_suspect=0
PMLE_LIVE_REPLAY_TIC|tic=1952|mle_ms=80.144|monotonic_ms=80|clock_delta_ms=.144|
clock_suspect=0
PMLE_LIVE_REPLAY_TIC|tic=1953|mle_ms=88.823|monotonic_ms=90|clock_delta_ms=1.177
|clock_suspect=0
PMLE_LIVE_REPLAY_TIC|tic=1954|mle_ms=14.58|monotonic_ms=10|clock_delta_ms=4.58|c
lock_suspect=0
PMLE_LIVE_REPLAY_TIC|tic=1955|mle_ms=76.35|monotonic_ms=80|clock_delta_ms=3.65|c
lock_suspect=0
PMLE_LIVE_REPLAY_TIC|tic=1956|mle_ms=93.536|monotonic_ms=90|clock_delta_ms=3.536
|clock_suspect=0
PMLE_LIVE_REPLAY_TIC|tic=1957|mle_ms=9.285|monotonic_ms=10|clock_delta_ms=.715|c
lock_suspect=0
PMLE_LIVE_REPLAY_TIC|tic=1958|mle_ms=69.652|monotonic_ms=70|clock_delta_ms=.348|
clock_suspect=0
PMLE_LIVE_REPLAY_TIC|tic=1959|mle_ms=77.375|monotonic_ms=80|clock_delta_ms=2.625
|clock_suspect=0
PMLE_LIVE_REPLAY_TIC|tic=1960|mle_ms=10.585|monotonic_ms=10|clock_delta_ms=.585|
clock_suspect=0
PMLE_LIVE_REPLAY_TIC|tic=1961|mle_ms=77.519|monotonic_ms=80|clock_delta_ms=2.481
|clock_suspect=0
PMLE_LIVE_REPLAY_TIC|tic=1962|mle_ms=69.031|monotonic_ms=70|clock_delta_ms=.969|
clock_suspect=0
PMLE_LIVE_REPLAY_TIC|tic=1963|mle_ms=16.925|monotonic_ms=10|clock_delta_ms=6.925
|clock_suspect=0
PMLE_LIVE_REPLAY_TIC|tic=1964|mle_ms=72.646|monotonic_ms=80|clock_delta_ms=7.354
|clock_suspect=0
PMLE_LIVE_REPLAY_TIC|tic=1965|mle_ms=65.659|monotonic_ms=60|clock_delta_ms=5.659
|clock_suspect=0
PMLE_LIVE_REPLAY_TIC|tic=1966|mle_ms=32.804|monotonic_ms=30|clock_delta_ms=2.804
|clock_suspect=0
PMLE_LIVE_REPLAY_TIC|tic=1967|mle_ms=73.177|monotonic_ms=80|clock_delta_ms=6.823
|clock_suspect=0
PMLE_LIVE_REPLAY_TIC|tic=1968|mle_ms=62.498|monotonic_ms=60|clock_delta_ms=2.498
|clock_suspect=0
PMLE_LIVE_REPLAY_TIC|tic=1969|mle_ms=9.309|monotonic_ms=10|clock_delta_ms=.691|c
lock_suspect=0
PMLE_LIVE_REPLAY_TIC|tic=1970|mle_ms=67.661|monotonic_ms=70|clock_delta_ms=2.339
|clock_suspect=0
PMLE_LIVE_REPLAY_TIC|tic=1971|mle_ms=59.914|monotonic_ms=60|clock_delta_ms=.086|
clock_suspect=0
PMLE_LIVE_REPLAY_TIC|tic=1972|mle_ms=8.994|monotonic_ms=10|clock_delta_ms=1.006|
clock_suspect=0
PMLE_LIVE_REPLAY_TIC|tic=1973|mle_ms=79.01|monotonic_ms=80|clock_delta_ms=.99|cl
ock_suspect=0
PMLE_LIVE_REPLAY_TIC|tic=1974|mle_ms=77.944|monotonic_ms=70|clock_delta_ms=7.944
|clock_suspect=0
PMLE_LIVE_REPLAY_TIC|tic=1975|mle_ms=11.605|monotonic_ms=20|clock_delta_ms=8.395
|clock_suspect=0
PMLE_LIVE_REPLAY_TIC|tic=1976|mle_ms=104.461|monotonic_ms=100|clock_delta_ms=4.4
61|clock_suspect=0
PMLE_LIVE_REPLAY_TIC|tic=1977|mle_ms=93.429|monotonic_ms=90|clock_delta_ms=3.429
|clock_suspect=0
PMLE_LIVE_REPLAY_TIC|tic=1978|mle_ms=10.717|monotonic_ms=10|clock_delta_ms=.717|
clock_suspect=0
PMLE_LIVE_REPLAY_TIC|tic=1979|mle_ms=78.024|monotonic_ms=80|clock_delta_ms=1.976
|clock_suspect=0
PMLE_LIVE_REPLAY_TIC|tic=1980|mle_ms=65.084|monotonic_ms=70|clock_delta_ms=4.916
|clock_suspect=0
PMLE_LIVE_REPLAY_TIC|tic=1981|mle_ms=9.816|monotonic_ms=10|clock_delta_ms=.184|c
lock_suspect=0
PMLE_LIVE_REPLAY_TIC|tic=1982|mle_ms=94.159|monotonic_ms=90|clock_delta_ms=4.159
|clock_suspect=0
PMLE_LIVE_REPLAY_TIC|tic=1983|mle_ms=104.25|monotonic_ms=110|clock_delta_ms=5.75
|clock_suspect=0
PMLE_LIVE_REPLAY_TIC|tic=1984|mle_ms=17.975|monotonic_ms=10|clock_delta_ms=7.975
|clock_suspect=0
PMLE_LIVE_REPLAY_TIC|tic=1985|mle_ms=74.991|monotonic_ms=80|clock_delta_ms=5.009
|clock_suspect=0
PMLE_LIVE_REPLAY_TIC|tic=1986|mle_ms=95.101|monotonic_ms=90|clock_delta_ms=5.101
|clock_suspect=0
PMLE_LIVE_REPLAY_TIC|tic=1987|mle_ms=10.205|monotonic_ms=10|clock_delta_ms=.205|
clock_suspect=0
PMLE_LIVE_REPLAY_TIC|tic=1988|mle_ms=62.78|monotonic_ms=70|clock_delta_ms=7.22|c
lock_suspect=0
PMLE_LIVE_REPLAY_TIC|tic=1989|mle_ms=62.092|monotonic_ms=60|clock_delta_ms=2.092
|clock_suspect=0
PMLE_LIVE_REPLAY_TIC|tic=1990|mle_ms=7.912|monotonic_ms=10|clock_delta_ms=2.088|
clock_suspect=0
PMLE_LIVE_REPLAY_TIC|tic=1991|mle_ms=73.402|monotonic_ms=70|clock_delta_ms=3.402
|clock_suspect=0
PMLE_LIVE_REPLAY_TIC|tic=1992|mle_ms=60.125|monotonic_ms=60|clock_delta_ms=.125|
clock_suspect=0
PMLE_LIVE_REPLAY_TIC|tic=1993|mle_ms=18.059|monotonic_ms=20|clock_delta_ms=1.941
|clock_suspect=0
PMLE_LIVE_REPLAY_TIC|tic=1994|mle_ms=68.685|monotonic_ms=70|clock_delta_ms=1.315
|clock_suspect=0
PMLE_LIVE_REPLAY_TIC|tic=1995|mle_ms=63.217|monotonic_ms=60|clock_delta_ms=3.217
|clock_suspect=0
PMLE_LIVE_REPLAY_TIC|tic=1996|mle_ms=32.418|monotonic_ms=30|clock_delta_ms=2.418
|clock_suspect=0
PMLE_LIVE_REPLAY_TIC|tic=1997|mle_ms=65.03|monotonic_ms=70|clock_delta_ms=4.97|c
lock_suspect=0
PMLE_LIVE_REPLAY_TIC|tic=1998|mle_ms=59.291|monotonic_ms=60|clock_delta_ms=.709|
clock_suspect=0
PMLE_LIVE_REPLAY_TIC|tic=1999|mle_ms=9.56|monotonic_ms=10|clock_delta_ms=.44|clo
ck_suspect=0
PMLE_LIVE_REPLAY_TIC|tic=2000|mle_ms=66.662|monotonic_ms=60|clock_delta_ms=6.662
|clock_suspect=0
PMLE_LIVE_REPLAY_TIC|tic=2001|mle_ms=68.84|monotonic_ms=70|clock_delta_ms=1.16|c
lock_suspect=0
PMLE_LIVE_REPLAY_TIC|tic=2002|mle_ms=9.371|monotonic_ms=10|clock_delta_ms=.629|c
lock_suspect=0
PMLE_LIVE_REPLAY_TIC|tic=2003|mle_ms=66.499|monotonic_ms=70|clock_delta_ms=3.501
|clock_suspect=0
PMLE_LIVE_REPLAY_TIC|tic=2004|mle_ms=75.589|monotonic_ms=70|clock_delta_ms=5.589
|clock_suspect=0
PMLE_LIVE_REPLAY_TIC|tic=2005|mle_ms=10.17|monotonic_ms=10|clock_delta_ms=.17|cl
ock_suspect=0
PMLE_LIVE_REPLAY_TIC|tic=2006|mle_ms=88.441|monotonic_ms=90|clock_delta_ms=1.559
|clock_suspect=0
PMLE_LIVE_REPLAY_TIC|tic=2007|mle_ms=86.657|monotonic_ms=90|clock_delta_ms=3.343
|clock_suspect=0
PMLE_LIVE_REPLAY_TIC|tic=2008|mle_ms=8.869|monotonic_ms=10|clock_delta_ms=1.131|
clock_suspect=0
PMLE_LIVE_REPLAY_TIC|tic=2009|mle_ms=60.556|monotonic_ms=60|clock_delta_ms=.556|
clock_suspect=0
PMLE_LIVE_REPLAY_TIC|tic=2010|mle_ms=71.487|monotonic_ms=70|clock_delta_ms=1.487
|clock_suspect=0
PMLE_LIVE_REPLAY_TIC|tic=2011|mle_ms=9.73|monotonic_ms=10|clock_delta_ms=.27|clo
ck_suspect=0
PMLE_LIVE_REPLAY_TIC|tic=2012|mle_ms=57.404|monotonic_ms=60|clock_delta_ms=2.596
|clock_suspect=0
PMLE_LIVE_REPLAY_TIC|tic=2013|mle_ms=67.354|monotonic_ms=70|clock_delta_ms=2.646
|clock_suspect=0
PMLE_LIVE_REPLAY_TIC|tic=2014|mle_ms=12.842|monotonic_ms=10|clock_delta_ms=2.842
|clock_suspect=0
PMLE_LIVE_REPLAY_TIC|tic=2015|mle_ms=66.838|monotonic_ms=70|clock_delta_ms=3.162
|clock_suspect=0
PMLE_LIVE_REPLAY_TIC|tic=2016|mle_ms=87.014|monotonic_ms=80|clock_delta_ms=7.014
|clock_suspect=0
PMLE_LIVE_REPLAY_TIC|tic=2017|mle_ms=9.774|monotonic_ms=10|clock_delta_ms=.226|c
lock_suspect=0
PMLE_LIVE_REPLAY_TIC|tic=2018|mle_ms=92.287|monotonic_ms=100|clock_delta_ms=7.71
3|clock_suspect=0
PMLE_LIVE_REPLAY_TIC|tic=2019|mle_ms=72.765|monotonic_ms=70|clock_delta_ms=2.765
|clock_suspect=0
PMLE_LIVE_REPLAY_TIC|tic=2020|mle_ms=8.697|monotonic_ms=10|clock_delta_ms=1.303|
clock_suspect=0
PMLE_LIVE_REPLAY_TIC|tic=2021|mle_ms=61.033|monotonic_ms=60|clock_delta_ms=1.033
|clock_suspect=0
PMLE_LIVE_REPLAY_TIC|tic=2022|mle_ms=68.137|monotonic_ms=70|clock_delta_ms=1.863
|clock_suspect=0
PMLE_LIVE_REPLAY_TIC|tic=2023|mle_ms=22.514|monotonic_ms=20|clock_delta_ms=2.514
|clock_suspect=0
PMLE_LIVE_REPLAY_TIC|tic=2024|mle_ms=81.405|monotonic_ms=80|clock_delta_ms=1.405
|clock_suspect=0
PMLE_LIVE_REPLAY_TIC|tic=2025|mle_ms=80.272|monotonic_ms=80|clock_delta_ms=.272|
clock_suspect=0
PMLE_LIVE_REPLAY_TIC|tic=2026|mle_ms=34.535|monotonic_ms=40|clock_delta_ms=5.465
|clock_suspect=0
PMLE_LIVE_REPLAY_TIC|tic=2027|mle_ms=73.297|monotonic_ms=70|clock_delta_ms=3.297
|clock_suspect=0
PMLE_LIVE_REPLAY_TIC|tic=2028|mle_ms=78.188|monotonic_ms=80|clock_delta_ms=1.812
|clock_suspect=0
PMLE_LIVE_REPLAY_TIC|tic=2029|mle_ms=10.359|monotonic_ms=10|clock_delta_ms=.359|
clock_suspect=0
PMLE_LIVE_REPLAY_TIC|tic=2030|mle_ms=64.203|monotonic_ms=60|clock_delta_ms=4.203
|clock_suspect=0
PMLE_LIVE_REPLAY_TIC|tic=2031|mle_ms=61.438|monotonic_ms=60|clock_delta_ms=1.438
|clock_suspect=0
PMLE_LIVE_REPLAY_TIC|tic=2032|mle_ms=9.332|monotonic_ms=10|clock_delta_ms=.668|c
lock_suspect=0
PMLE_LIVE_REPLAY_TIC|tic=2033|mle_ms=70.363|monotonic_ms=70|clock_delta_ms=.363|
clock_suspect=0
PMLE_LIVE_REPLAY_TIC|tic=2034|mle_ms=82.564|monotonic_ms=90|clock_delta_ms=7.436
|clock_suspect=0
PMLE_LIVE_REPLAY_TIC|tic=2035|mle_ms=10.838|monotonic_ms=10|clock_delta_ms=.838|
clock_suspect=0
PMLE_LIVE_REPLAY_TIC|tic=2036|mle_ms=80.303|monotonic_ms=80|clock_delta_ms=.303|
clock_suspect=0
PMLE_LIVE_REPLAY_TIC|tic=2037|mle_ms=58.472|monotonic_ms=60|clock_delta_ms=1.528
|clock_suspect=0
PMLE_LIVE_REPLAY_TIC|tic=2038|mle_ms=8.124|monotonic_ms=0|clock_delta_ms=8.124|c
lock_suspect=0
PMLE_LIVE_REPLAY_TIC|tic=2039|mle_ms=73.465|monotonic_ms=80|clock_delta_ms=6.535
|clock_suspect=0
PMLE_LIVE_REPLAY_TIC|tic=2040|mle_ms=85.006|monotonic_ms=80|clock_delta_ms=5.006
|clock_suspect=0
PMLE_LIVE_REPLAY_TIC|tic=2041|mle_ms=8.847|monotonic_ms=10|clock_delta_ms=1.153|
clock_suspect=0
PMLE_LIVE_REPLAY_TIC|tic=2042|mle_ms=58.947|monotonic_ms=60|clock_delta_ms=1.053
|clock_suspect=0
PMLE_LIVE_REPLAY_TIC|tic=2043|mle_ms=71.966|monotonic_ms=70|clock_delta_ms=1.966
|clock_suspect=0
PMLE_LIVE_REPLAY_TIC|tic=2044|mle_ms=16.149|monotonic_ms=20|clock_delta_ms=3.851
|clock_suspect=0
PMLE_LIVE_REPLAY_TIC|tic=2045|mle_ms=63.528|monotonic_ms=60|clock_delta_ms=3.528
|clock_suspect=0
PMLE_LIVE_REPLAY_TIC|tic=2046|mle_ms=77.886|monotonic_ms=80|clock_delta_ms=2.114
|clock_suspect=0
PMLE_LIVE_REPLAY_TIC|tic=2047|mle_ms=9.39|monotonic_ms=10|clock_delta_ms=.61|clo
ck_suspect=0
PMLE_LIVE_REPLAY_TIC|tic=2048|mle_ms=59.551|monotonic_ms=60|clock_delta_ms=.449|
clock_suspect=0
PMLE_LIVE_REPLAY_TIC|tic=2049|mle_ms=69.302|monotonic_ms=70|clock_delta_ms=.698|
clock_suspect=0
PMLE_LIVE_REPLAY_TIC|tic=2050|mle_ms=8.655|monotonic_ms=10|clock_delta_ms=1.345|
clock_suspect=0
PMLE_LIVE_REPLAY_TIC|tic=2051|mle_ms=60.17|monotonic_ms=60|clock_delta_ms=.17|cl
ock_suspect=0
PMLE_LIVE_REPLAY_TIC|tic=2052|mle_ms=61.731|monotonic_ms=60|clock_delta_ms=1.731
|clock_suspect=0
PMLE_LIVE_REPLAY_TIC|tic=2053|mle_ms=19.463|monotonic_ms=20|clock_delta_ms=.537|
clock_suspect=0
PMLE_LIVE_REPLAY_TIC|tic=2054|mle_ms=67.779|monotonic_ms=70|clock_delta_ms=2.221
|clock_suspect=0
PMLE_LIVE_REPLAY_TIC|tic=2055|mle_ms=63.653|monotonic_ms=60|clock_delta_ms=3.653
|clock_suspect=0
PMLE_LIVE_REPLAY_TIC|tic=2056|mle_ms=27.238|monotonic_ms=30|clock_delta_ms=2.762
|clock_suspect=0
PMLE_LIVE_REPLAY_TIC|tic=2057|mle_ms=61.137|monotonic_ms=60|clock_delta_ms=1.137
|clock_suspect=0
PMLE_LIVE_REPLAY_TIC|tic=2058|mle_ms=58.85|monotonic_ms=60|clock_delta_ms=1.15|c
lock_suspect=0
PMLE_LIVE_REPLAY_TIC|tic=2059|mle_ms=9.241|monotonic_ms=10|clock_delta_ms=.759|c
lock_suspect=0
PMLE_LIVE_REPLAY_TIC|tic=2060|mle_ms=75.414|monotonic_ms=70|clock_delta_ms=5.414
|clock_suspect=0
PMLE_LIVE_REPLAY_TIC|tic=2061|mle_ms=59.751|monotonic_ms=60|clock_delta_ms=.249|
clock_suspect=0
PMLE_LIVE_REPLAY_TIC|tic=2062|mle_ms=10.274|monotonic_ms=10|clock_delta_ms=.274|
clock_suspect=0
PMLE_LIVE_REPLAY_TIC|tic=2063|mle_ms=69.261|monotonic_ms=70|clock_delta_ms=.739|
clock_suspect=0
PMLE_LIVE_REPLAY_TIC|tic=2064|mle_ms=75.331|monotonic_ms=80|clock_delta_ms=4.669
|clock_suspect=0
PMLE_LIVE_REPLAY_TIC|tic=2065|mle_ms=10.277|monotonic_ms=10|clock_delta_ms=.277|
clock_suspect=0
PMLE_LIVE_REPLAY_TIC|tic=2066|mle_ms=103.78|monotonic_ms=100|clock_delta_ms=3.78
|clock_suspect=0
PMLE_LIVE_REPLAY_TIC|tic=2067|mle_ms=71.982|monotonic_ms=70|clock_delta_ms=1.982
|clock_suspect=0
PMLE_LIVE_REPLAY_TIC|tic=2068|mle_ms=8.454|monotonic_ms=10|clock_delta_ms=1.546|
clock_suspect=0
PMLE_LIVE_REPLAY_TIC|tic=2069|mle_ms=88.856|monotonic_ms=90|clock_delta_ms=1.144
|clock_suspect=0
PMLE_LIVE_REPLAY_TIC|tic=2070|mle_ms=70.793|monotonic_ms=70|clock_delta_ms=.793|
clock_suspect=0
PMLE_LIVE_REPLAY_TIC|tic=2071|mle_ms=10.774|monotonic_ms=10|clock_delta_ms=.774|
clock_suspect=0
PMLE_LIVE_REPLAY_TIC|tic=2072|mle_ms=87.428|monotonic_ms=90|clock_delta_ms=2.572
|clock_suspect=0
PMLE_LIVE_REPLAY_TIC|tic=2073|mle_ms=76.543|monotonic_ms=80|clock_delta_ms=3.457
|clock_suspect=0
PMLE_LIVE_REPLAY_TIC|tic=2074|mle_ms=14.812|monotonic_ms=10|clock_delta_ms=4.812
|clock_suspect=0
PMLE_LIVE_REPLAY_TIC|tic=2075|mle_ms=59.859|monotonic_ms=60|clock_delta_ms=.141|
clock_suspect=0
PMLE_LIVE_REPLAY_TIC|tic=2076|mle_ms=79.602|monotonic_ms=80|clock_delta_ms=.398|
clock_suspect=0
PMLE_LIVE_REPLAY_TIC|tic=2077|mle_ms=8.46|monotonic_ms=10|clock_delta_ms=1.54|cl
ock_suspect=0
PMLE_LIVE_REPLAY_TIC|tic=2078|mle_ms=62.324|monotonic_ms=60|clock_delta_ms=2.324
|clock_suspect=0
PMLE_LIVE_REPLAY_TIC|tic=2079|mle_ms=59.57|monotonic_ms=60|clock_delta_ms=.43|cl
ock_suspect=0
PMLE_LIVE_REPLAY_TIC|tic=2080|mle_ms=8.853|monotonic_ms=10|clock_delta_ms=1.147|
clock_suspect=0
PMLE_LIVE_REPLAY_TIC|tic=2081|mle_ms=58.102|monotonic_ms=60|clock_delta_ms=1.898
|clock_suspect=0
PMLE_LIVE_REPLAY_TIC|tic=2082|mle_ms=65.607|monotonic_ms=70|clock_delta_ms=4.393
|clock_suspect=0
PMLE_LIVE_REPLAY_TIC|tic=2083|mle_ms=21.326|monotonic_ms=20|clock_delta_ms=1.326
|clock_suspect=0
PMLE_LIVE_REPLAY_TIC|tic=2084|mle_ms=73.865|monotonic_ms=70|clock_delta_ms=3.865
|clock_suspect=0
PMLE_LIVE_REPLAY_TIC|tic=2085|mle_ms=57.13|monotonic_ms=60|clock_delta_ms=2.87|c
lock_suspect=0
PMLE_LIVE_REPLAY_TIC|tic=2086|mle_ms=28.114|monotonic_ms=30|clock_delta_ms=1.886
|clock_suspect=0
PMLE_LIVE_REPLAY_TIC|tic=2087|mle_ms=58.139|monotonic_ms=50|clock_delta_ms=8.139
|clock_suspect=0
PMLE_LIVE_REPLAY_TIC|tic=2088|mle_ms=56.446|monotonic_ms=60|clock_delta_ms=3.554
|clock_suspect=0
PMLE_LIVE_REPLAY_TIC|tic=2089|mle_ms=9.11|monotonic_ms=10|clock_delta_ms=.89|clo
ck_suspect=0
PMLE_LIVE_REPLAY_TIC|tic=2090|mle_ms=60.129|monotonic_ms=60|clock_delta_ms=.129|
clock_suspect=0
PMLE_LIVE_REPLAY_TIC|tic=2091|mle_ms=58.808|monotonic_ms=60|clock_delta_ms=1.192
|clock_suspect=0
PMLE_LIVE_REPLAY_TIC|tic=2092|mle_ms=9.575|monotonic_ms=10|clock_delta_ms=.425|c
lock_suspect=0
PMLE_LIVE_REPLAY_TIC|tic=2093|mle_ms=77.788|monotonic_ms=80|clock_delta_ms=2.212
|clock_suspect=0
PMLE_LIVE_REPLAY_TIC|tic=2094|mle_ms=103.93|monotonic_ms=100|clock_delta_ms=3.93
|clock_suspect=0
PMLE_LIVE_REPLAY_TIC|tic=2095|mle_ms=8.536|monotonic_ms=10|clock_delta_ms=1.464|
clock_suspect=0
PMLE_LIVE_REPLAY_TIC|tic=2096|mle_ms=91.318|monotonic_ms=90|clock_delta_ms=1.318
|clock_suspect=0
PMLE_LIVE_REPLAY_TIC|tic=2097|mle_ms=61.494|monotonic_ms=60|clock_delta_ms=1.494
|clock_suspect=0
PMLE_LIVE_REPLAY_TIC|tic=2098|mle_ms=10.029|monotonic_ms=10|clock_delta_ms=.029|
clock_suspect=0
PMLE_LIVE_REPLAY_TIC|tic=2099|mle_ms=59.695|monotonic_ms=60|clock_delta_ms=.305|
clock_suspect=0
PMLE_LIVE_REPLAY_TIC|tic=2100|mle_ms=69.648|monotonic_ms=70|clock_delta_ms=.352|
clock_suspect=0
PMLE_LIVE_REPLAY_TIC|tic=2101|mle_ms=10.581|monotonic_ms=10|clock_delta_ms=.581|
clock_suspect=0
PMLE_LIVE_REPLAY_TIC|tic=2102|mle_ms=91.525|monotonic_ms=100|clock_delta_ms=8.47
5|clock_suspect=0
PMLE_LIVE_REPLAY_TIC|tic=2103|mle_ms=79.617|monotonic_ms=80|clock_delta_ms=.383|
clock_suspect=0
PMLE_LIVE_REPLAY_TIC|tic=2104|mle_ms=12.718|monotonic_ms=10|clock_delta_ms=2.718
|clock_suspect=0
PMLE_LIVE_REPLAY_TIC|tic=2105|mle_ms=70.515|monotonic_ms=70|clock_delta_ms=.515|
clock_suspect=0
PMLE_LIVE_REPLAY_TIC|tic=2106|mle_ms=86.257|monotonic_ms=90|clock_delta_ms=3.743
|clock_suspect=0
PMLE_LIVE_REPLAY_TIC|tic=2107|mle_ms=8.643|monotonic_ms=0|clock_delta_ms=8.643|c
lock_suspect=0
PMLE_LIVE_REPLAY_TIC|tic=2108|mle_ms=66.284|monotonic_ms=70|clock_delta_ms=3.716
|clock_suspect=0
PMLE_LIVE_REPLAY_TIC|tic=2109|mle_ms=67.461|monotonic_ms=70|clock_delta_ms=2.539
|clock_suspect=0
PMLE_LIVE_REPLAY_TIC|tic=2110|mle_ms=9.523|monotonic_ms=10|clock_delta_ms=.477|c
lock_suspect=0
PMLE_LIVE_REPLAY_TIC|tic=2111|mle_ms=64.593|monotonic_ms=60|clock_delta_ms=4.593
|clock_suspect=0
PMLE_LIVE_REPLAY_TIC|tic=2112|mle_ms=64.247|monotonic_ms=70|clock_delta_ms=5.753
|clock_suspect=0
PMLE_LIVE_REPLAY_TIC|tic=2113|mle_ms=20.577|monotonic_ms=20|clock_delta_ms=.577|
clock_suspect=0
PMLE_LIVE_REPLAY_TIC|tic=2114|mle_ms=71.526|monotonic_ms=70|clock_delta_ms=1.526
|clock_suspect=0
PMLE_LIVE_REPLAY_TIC|tic=2115|mle_ms=56.133|monotonic_ms=50|clock_delta_ms=6.133
|clock_suspect=0
PMLE_LIVE_REPLAY_TIC|tic=2116|mle_ms=27.035|monotonic_ms=30|clock_delta_ms=2.965
|clock_suspect=0
PMLE_LIVE_REPLAY_TIC|tic=2117|mle_ms=63.079|monotonic_ms=70|clock_delta_ms=6.921
|clock_suspect=0
PMLE_LIVE_REPLAY_TIC|tic=2118|mle_ms=59.096|monotonic_ms=50|clock_delta_ms=9.096
|clock_suspect=0
PMLE_LIVE_REPLAY_TIC|tic=2119|mle_ms=9.796|monotonic_ms=10|clock_delta_ms=.204|c
lock_suspect=0
PMLE_LIVE_REPLAY_TIC|tic=2120|mle_ms=59.404|monotonic_ms=60|clock_delta_ms=.596|
clock_suspect=0
PMLE_LIVE_REPLAY_TIC|tic=2121|mle_ms=60.284|monotonic_ms=60|clock_delta_ms=.284|
clock_suspect=0
PMLE_LIVE_REPLAY_TIC|tic=2122|mle_ms=11.753|monotonic_ms=20|clock_delta_ms=8.247
|clock_suspect=0
PMLE_LIVE_REPLAY_TIC|tic=2123|mle_ms=81.788|monotonic_ms=80|clock_delta_ms=1.788
|clock_suspect=0
PMLE_LIVE_REPLAY_TIC|tic=2124|mle_ms=73.197|monotonic_ms=70|clock_delta_ms=3.197
|clock_suspect=0
PMLE_LIVE_REPLAY_TIC|tic=2125|mle_ms=9.515|monotonic_ms=10|clock_delta_ms=.485|c
lock_suspect=0
PMLE_LIVE_REPLAY_TIC|tic=2126|mle_ms=103.439|monotonic_ms=100|clock_delta_ms=3.4
39|clock_suspect=0
PMLE_LIVE_REPLAY_TIC|tic=2127|mle_ms=75.112|monotonic_ms=80|clock_delta_ms=4.888
|clock_suspect=0
PMLE_LIVE_REPLAY_TIC|tic=2128|mle_ms=11.362|monotonic_ms=10|clock_delta_ms=1.362
|clock_suspect=0
PMLE_LIVE_REPLAY_TIC|tic=2129|mle_ms=77.16|monotonic_ms=80|clock_delta_ms=2.84|c
lock_suspect=0
PMLE_LIVE_REPLAY_TIC|tic=2130|mle_ms=72.293|monotonic_ms=70|clock_delta_ms=2.293
|clock_suspect=0
PMLE_LIVE_REPLAY_TIC|tic=2131|mle_ms=10.952|monotonic_ms=10|clock_delta_ms=.952|
clock_suspect=0
PMLE_LIVE_REPLAY_TIC|tic=2132|mle_ms=77.853|monotonic_ms=80|clock_delta_ms=2.147
|clock_suspect=0
PMLE_LIVE_REPLAY_TIC|tic=2133|mle_ms=83.281|monotonic_ms=80|clock_delta_ms=3.281
|clock_suspect=0
PMLE_LIVE_REPLAY_TIC|tic=2134|mle_ms=13.207|monotonic_ms=20|clock_delta_ms=6.793
|clock_suspect=0
PMLE_LIVE_REPLAY_TIC|tic=2135|mle_ms=60.795|monotonic_ms=60|clock_delta_ms=.795|
clock_suspect=0
PMLE_LIVE_REPLAY_TIC|tic=2136|mle_ms=81.995|monotonic_ms=80|clock_delta_ms=1.995
|clock_suspect=0
PMLE_LIVE_REPLAY_TIC|tic=2137|mle_ms=8.936|monotonic_ms=10|clock_delta_ms=1.064|
clock_suspect=0
PMLE_LIVE_REPLAY_TIC|tic=2138|mle_ms=69.847|monotonic_ms=70|clock_delta_ms=.153|
clock_suspect=0
PMLE_LIVE_REPLAY_TIC|tic=2139|mle_ms=59.954|monotonic_ms=60|clock_delta_ms=.046|
clock_suspect=0
PMLE_LIVE_REPLAY_TIC|tic=2140|mle_ms=9.929|monotonic_ms=10|clock_delta_ms=.071|c
lock_suspect=0
PMLE_LIVE_REPLAY_TIC|tic=2141|mle_ms=72.921|monotonic_ms=70|clock_delta_ms=2.921
|clock_suspect=0
PMLE_LIVE_REPLAY_TIC|tic=2142|mle_ms=63.753|monotonic_ms=60|clock_delta_ms=3.753
|clock_suspect=0
PMLE_LIVE_REPLAY_TIC|tic=2143|mle_ms=17.824|monotonic_ms=20|clock_delta_ms=2.176
|clock_suspect=0
PMLE_LIVE_REPLAY_TIC|tic=2144|mle_ms=64.051|monotonic_ms=70|clock_delta_ms=5.949
|clock_suspect=0
PMLE_LIVE_REPLAY_TIC|tic=2145|mle_ms=81.35|monotonic_ms=80|clock_delta_ms=1.35|c
lock_suspect=0
PMLE_LIVE_REPLAY_TIC|tic=2146|mle_ms=26.804|monotonic_ms=30|clock_delta_ms=3.196
|clock_suspect=0
PMLE_LIVE_REPLAY_TIC|tic=2147|mle_ms=66.292|monotonic_ms=60|clock_delta_ms=6.292
|clock_suspect=0
PMLE_LIVE_REPLAY_TIC|tic=2148|mle_ms=70.082|monotonic_ms=70|clock_delta_ms=.082|
clock_suspect=0
PMLE_LIVE_REPLAY_TIC|tic=2149|mle_ms=9.339|monotonic_ms=10|clock_delta_ms=.661|c
lock_suspect=0
PMLE_LIVE_REPLAY_TIC|tic=2150|mle_ms=80.112|monotonic_ms=80|clock_delta_ms=.112|
clock_suspect=0
PMLE_LIVE_REPLAY_TIC|tic=2151|mle_ms=72.129|monotonic_ms=70|clock_delta_ms=2.129
|clock_suspect=0
PMLE_LIVE_REPLAY_TIC|tic=2152|mle_ms=9.278|monotonic_ms=10|clock_delta_ms=.722|c
lock_suspect=0
PMLE_LIVE_REPLAY_TIC|tic=2153|mle_ms=74.942|monotonic_ms=80|clock_delta_ms=5.058
|clock_suspect=0
PMLE_LIVE_REPLAY_TIC|tic=2154|mle_ms=99.423|monotonic_ms=100|clock_delta_ms=.577
|clock_suspect=0
PMLE_LIVE_REPLAY_TIC|tic=2155|mle_ms=8.46|monotonic_ms=10|clock_delta_ms=1.54|cl
ock_suspect=0
PMLE_LIVE_REPLAY_TIC|tic=2156|mle_ms=111.854|monotonic_ms=110|clock_delta_ms=1.8
54|clock_suspect=0
PMLE_LIVE_REPLAY_TIC|tic=2157|mle_ms=65.465|monotonic_ms=60|clock_delta_ms=5.465
|clock_suspect=0
PMLE_LIVE_REPLAY_TIC|tic=2158|mle_ms=8.812|monotonic_ms=10|clock_delta_ms=1.188|
clock_suspect=0
PMLE_LIVE_REPLAY_TIC|tic=2159|mle_ms=66.19|monotonic_ms=70|clock_delta_ms=3.81|c
lock_suspect=0
PMLE_LIVE_REPLAY_TIC|tic=2160|mle_ms=69.702|monotonic_ms=70|clock_delta_ms=.298|
clock_suspect=0
PMLE_LIVE_REPLAY_TIC|tic=2161|mle_ms=9.884|monotonic_ms=10|clock_delta_ms=.116|c
lock_suspect=0
PMLE_LIVE_REPLAY_TIC|tic=2162|mle_ms=70.023|monotonic_ms=70|clock_delta_ms=.023|
clock_suspect=0
PMLE_LIVE_REPLAY_TIC|tic=2163|mle_ms=75.524|monotonic_ms=70|clock_delta_ms=5.524
|clock_suspect=0
PMLE_LIVE_REPLAY_TIC|tic=2164|mle_ms=14.916|monotonic_ms=20|clock_delta_ms=5.084
|clock_suspect=0
PMLE_LIVE_REPLAY_TIC|tic=2165|mle_ms=83.102|monotonic_ms=80|clock_delta_ms=3.102
|clock_suspect=0
PMLE_LIVE_REPLAY_TIC|tic=2166|mle_ms=98.934|monotonic_ms=100|clock_delta_ms=1.06
6|clock_suspect=0
PMLE_LIVE_REPLAY_TIC|tic=2167|mle_ms=10.256|monotonic_ms=10|clock_delta_ms=.256|
clock_suspect=0
PMLE_LIVE_REPLAY_TIC|tic=2168|mle_ms=81.176|monotonic_ms=80|clock_delta_ms=1.176
|clock_suspect=0
PMLE_LIVE_REPLAY_TIC|tic=2169|mle_ms=107.204|monotonic_ms=110|clock_delta_ms=2.7
96|clock_suspect=0
PMLE_LIVE_REPLAY_TIC|tic=2170|mle_ms=9.402|monotonic_ms=10|clock_delta_ms=.598|c
lock_suspect=0
PMLE_LIVE_REPLAY_TIC|tic=2171|mle_ms=64.322|monotonic_ms=60|clock_delta_ms=4.322
|clock_suspect=0
PMLE_LIVE_REPLAY_TIC|tic=2172|mle_ms=72.261|monotonic_ms=80|clock_delta_ms=7.739
|clock_suspect=0
PMLE_LIVE_REPLAY_TIC|tic=2173|mle_ms=18.005|monotonic_ms=10|clock_delta_ms=8.005
|clock_suspect=0
PMLE_LIVE_REPLAY_TIC|tic=2174|mle_ms=62.439|monotonic_ms=70|clock_delta_ms=7.561
|clock_suspect=0
PMLE_LIVE_REPLAY_TIC|tic=2175|mle_ms=77.505|monotonic_ms=70|clock_delta_ms=7.505
|clock_suspect=0
PMLE_LIVE_REPLAY_TIC|tic=2176|mle_ms=42.579|monotonic_ms=50|clock_delta_ms=7.421
|clock_suspect=0
PMLE_LIVE_REPLAY_TIC|tic=2177|mle_ms=73.295|monotonic_ms=70|clock_delta_ms=3.295
|clock_suspect=0
PMLE_LIVE_REPLAY_TIC|tic=2178|mle_ms=102.234|monotonic_ms=100|clock_delta_ms=2.2
34|clock_suspect=0
PMLE_LIVE_REPLAY_TIC|tic=2179|mle_ms=8.56|monotonic_ms=10|clock_delta_ms=1.44|cl
ock_suspect=0
PMLE_LIVE_REPLAY_TIC|tic=2180|mle_ms=59.298|monotonic_ms=60|clock_delta_ms=.702|
clock_suspect=0
PMLE_LIVE_REPLAY_TIC|tic=2181|mle_ms=66.797|monotonic_ms=70|clock_delta_ms=3.203
|clock_suspect=0
PMLE_LIVE_REPLAY_TIC|tic=2182|mle_ms=9.595|monotonic_ms=10|clock_delta_ms=.405|c
lock_suspect=0
PMLE_LIVE_REPLAY_TIC|tic=2183|mle_ms=68.405|monotonic_ms=70|clock_delta_ms=1.595
|clock_suspect=0
PMLE_LIVE_REPLAY_TIC|tic=2184|mle_ms=77.499|monotonic_ms=70|clock_delta_ms=7.499
|clock_suspect=0
PMLE_LIVE_REPLAY_TIC|tic=2185|mle_ms=11.531|monotonic_ms=20|clock_delta_ms=8.469
|clock_suspect=0
PMLE_LIVE_REPLAY_TIC|tic=2186|mle_ms=91.91|monotonic_ms=90|clock_delta_ms=1.91|c
lock_suspect=0
PMLE_LIVE_REPLAY_TIC|tic=2187|mle_ms=67.369|monotonic_ms=60|clock_delta_ms=7.369
|clock_suspect=0
PMLE_LIVE_REPLAY_TIC|tic=2188|mle_ms=9.714|monotonic_ms=10|clock_delta_ms=.286|c
lock_suspect=0
PMLE_LIVE_REPLAY_TIC|tic=2189|mle_ms=87.026|monotonic_ms=90|clock_delta_ms=2.974
|clock_suspect=0
PMLE_LIVE_REPLAY_TIC|tic=2190|mle_ms=67.657|monotonic_ms=70|clock_delta_ms=2.343
|clock_suspect=0
PMLE_LIVE_REPLAY_TIC|tic=2191|mle_ms=8.658|monotonic_ms=10|clock_delta_ms=1.342|
clock_suspect=0
PMLE_LIVE_REPLAY_TIC|tic=2192|mle_ms=100.726|monotonic_ms=100|clock_delta_ms=.72
6|clock_suspect=0
PMLE_LIVE_REPLAY_TIC|tic=2193|mle_ms=81.602|monotonic_ms=80|clock_delta_ms=1.602
|clock_suspect=0
PMLE_LIVE_REPLAY_TIC|tic=2194|mle_ms=12.452|monotonic_ms=10|clock_delta_ms=2.452
|clock_suspect=0
PMLE_LIVE_REPLAY_TIC|tic=2195|mle_ms=59.02|monotonic_ms=60|clock_delta_ms=.98|cl
ock_suspect=0
PMLE_LIVE_REPLAY_TIC|tic=2196|mle_ms=77.638|monotonic_ms=80|clock_delta_ms=2.362
|clock_suspect=0
PMLE_LIVE_REPLAY_TIC|tic=2197|mle_ms=8.642|monotonic_ms=10|clock_delta_ms=1.358|
clock_suspect=0
PMLE_LIVE_REPLAY_TIC|tic=2198|mle_ms=78.786|monotonic_ms=80|clock_delta_ms=1.214
|clock_suspect=0
PMLE_LIVE_REPLAY_TIC|tic=2199|mle_ms=83.748|monotonic_ms=80|clock_delta_ms=3.748
|clock_suspect=0
PMLE_LIVE_REPLAY_TIC|tic=2200|mle_ms=11.487|monotonic_ms=10|clock_delta_ms=1.487
|clock_suspect=0
PMLE_LIVE_REPLAY_TIC|tic=2201|mle_ms=71.067|monotonic_ms=70|clock_delta_ms=1.067
|clock_suspect=0
PMLE_LIVE_REPLAY_TIC|tic=2202|mle_ms=91.788|monotonic_ms=100|clock_delta_ms=8.21
2|clock_suspect=0
PMLE_LIVE_REPLAY_TIC|tic=2203|mle_ms=17.993|monotonic_ms=10|clock_delta_ms=7.993
|clock_suspect=0
PMLE_LIVE_REPLAY_TIC|tic=2204|mle_ms=66.032|monotonic_ms=70|clock_delta_ms=3.968
|clock_suspect=0
PMLE_LIVE_REPLAY_TIC|tic=2205|mle_ms=81.183|monotonic_ms=80|clock_delta_ms=1.183
|clock_suspect=0
PMLE_LIVE_REPLAY_TIC|tic=2206|mle_ms=27.033|monotonic_ms=30|clock_delta_ms=2.967
|clock_suspect=0
PMLE_LIVE_REPLAY_TIC|tic=2207|mle_ms=83.638|monotonic_ms=80|clock_delta_ms=3.638
|clock_suspect=0
PMLE_LIVE_REPLAY_TIC|tic=2208|mle_ms=63.023|monotonic_ms=70|clock_delta_ms=6.977
|clock_suspect=0
PMLE_LIVE_REPLAY_TIC|tic=2209|mle_ms=10.535|monotonic_ms=10|clock_delta_ms=.535|
clock_suspect=0
PMLE_LIVE_REPLAY_TIC|tic=2210|mle_ms=61.616|monotonic_ms=60|clock_delta_ms=1.616
|clock_suspect=0
PMLE_LIVE_REPLAY_TIC|tic=2211|mle_ms=65.788|monotonic_ms=60|clock_delta_ms=5.788
|clock_suspect=0
PMLE_LIVE_REPLAY_TIC|tic=2212|mle_ms=11.318|monotonic_ms=20|clock_delta_ms=8.682
|clock_suspect=0
PMLE_LIVE_REPLAY_TIC|tic=2213|mle_ms=99.172|monotonic_ms=90|clock_delta_ms=9.172
|clock_suspect=0
PMLE_LIVE_REPLAY_TIC|tic=2214|mle_ms=68.961|monotonic_ms=70|clock_delta_ms=1.039
|clock_suspect=0
PMLE_LIVE_REPLAY_TIC|tic=2215|mle_ms=8.651|monotonic_ms=10|clock_delta_ms=1.349|
clock_suspect=0
PMLE_LIVE_REPLAY_TIC|tic=2216|mle_ms=76.507|monotonic_ms=80|clock_delta_ms=3.493
|clock_suspect=0
PMLE_LIVE_REPLAY_TIC|tic=2217|mle_ms=56.882|monotonic_ms=60|clock_delta_ms=3.118
|clock_suspect=0
PMLE_LIVE_REPLAY_TIC|tic=2218|mle_ms=8.046|monotonic_ms=0|clock_delta_ms=8.046|c
lock_suspect=0
PMLE_LIVE_REPLAY_TIC|tic=2219|mle_ms=67.23|monotonic_ms=70|clock_delta_ms=2.77|c
lock_suspect=0
PMLE_LIVE_REPLAY_TIC|tic=2220|mle_ms=71.774|monotonic_ms=70|clock_delta_ms=1.774
|clock_suspect=0
PMLE_LIVE_REPLAY_TIC|tic=2221|mle_ms=10.919|monotonic_ms=10|clock_delta_ms=.919|
clock_suspect=0
PMLE_LIVE_REPLAY_TIC|tic=2222|mle_ms=66.273|monotonic_ms=70|clock_delta_ms=3.727
|clock_suspect=0
PMLE_LIVE_REPLAY_TIC|tic=2223|mle_ms=68.452|monotonic_ms=70|clock_delta_ms=1.548
|clock_suspect=0
PMLE_LIVE_REPLAY_TIC|tic=2224|mle_ms=13.912|monotonic_ms=10|clock_delta_ms=3.912
|clock_suspect=0
PMLE_LIVE_REPLAY_TIC|tic=2225|mle_ms=72.037|monotonic_ms=80|clock_delta_ms=7.963
|clock_suspect=0
PMLE_LIVE_REPLAY_TIC|tic=2226|mle_ms=126.802|monotonic_ms=120|clock_delta_ms=6.8
02|clock_suspect=0
PMLE_LIVE_REPLAY_TIC|tic=2227|mle_ms=13.192|monotonic_ms=20|clock_delta_ms=6.808
|clock_suspect=0
PMLE_LIVE_REPLAY_TIC|tic=2228|mle_ms=75.345|monotonic_ms=70|clock_delta_ms=5.345
|clock_suspect=0
PMLE_LIVE_REPLAY_TIC|tic=2229|mle_ms=84.643|monotonic_ms=90|clock_delta_ms=5.357
|clock_suspect=0
PMLE_LIVE_REPLAY_TIC|tic=2230|mle_ms=14.784|monotonic_ms=10|clock_delta_ms=4.784
|clock_suspect=0
PMLE_LIVE_REPLAY_TIC|tic=2231|mle_ms=72.587|monotonic_ms=70|clock_delta_ms=2.587
|clock_suspect=0
PMLE_LIVE_REPLAY_TIC|tic=2232|mle_ms=93.558|monotonic_ms=100|clock_delta_ms=6.44
2|clock_suspect=0
PMLE_LIVE_REPLAY_TIC|tic=2233|mle_ms=21.161|monotonic_ms=20|clock_delta_ms=1.161
|clock_suspect=0
PMLE_LIVE_REPLAY_TIC|tic=2234|mle_ms=81.612|monotonic_ms=80|clock_delta_ms=1.612
|clock_suspect=0
PMLE_LIVE_REPLAY_TIC|tic=2235|mle_ms=62.691|monotonic_ms=60|clock_delta_ms=2.691
|clock_suspect=0
PMLE_LIVE_REPLAY_TIC|tic=2236|mle_ms=32.641|monotonic_ms=40|clock_delta_ms=7.359
|clock_suspect=0
PMLE_LIVE_REPLAY_TIC|tic=2237|mle_ms=65.595|monotonic_ms=60|clock_delta_ms=5.595
|clock_suspect=0
PMLE_LIVE_REPLAY_TIC|tic=2238|mle_ms=82.776|monotonic_ms=80|clock_delta_ms=2.776
|clock_suspect=0
PMLE_LIVE_REPLAY_TIC|tic=2239|mle_ms=13.19|monotonic_ms=20|clock_delta_ms=6.81|c
lock_suspect=0
PMLE_LIVE_REPLAY_TIC|tic=2240|mle_ms=17.262|monotonic_ms=10|clock_delta_ms=7.262
|clock_suspect=0
PMLE_LIVE_REPLAY_TIC|tic=2241|mle_ms=63.11|monotonic_ms=70|clock_delta_ms=6.89|c
lock_suspect=0
PMLE_LIVE_REPLAY_TIC|tic=2242|mle_ms=11.949|monotonic_ms=10|clock_delta_ms=1.949
|clock_suspect=0
PMLE_LIVE_REPLAY_TIC|tic=2243|mle_ms=25.473|monotonic_ms=30|clock_delta_ms=4.527
|clock_suspect=0
PMLE_LIVE_REPLAY_TIC|tic=2244|mle_ms=67.833|monotonic_ms=60|clock_delta_ms=7.833
|clock_suspect=0
PMLE_LIVE_REPLAY_TIC|tic=2245|mle_ms=12.511|monotonic_ms=20|clock_delta_ms=7.489
|clock_suspect=0
PMLE_LIVE_REPLAY_TIC|tic=2246|mle_ms=41.37|monotonic_ms=40|clock_delta_ms=1.37|c
lock_suspect=0
PMLE_LIVE_REPLAY_TIC|tic=2247|mle_ms=57.565|monotonic_ms=50|clock_delta_ms=7.565
|clock_suspect=0
PMLE_LIVE_REPLAY_TIC|tic=2248|mle_ms=12.203|monotonic_ms=20|clock_delta_ms=7.797
|clock_suspect=0
PMLE_LIVE_REPLAY_TIC|tic=2249|mle_ms=17.229|monotonic_ms=10|clock_delta_ms=7.229
|clock_suspect=0
PMLE_LIVE_REPLAY_TIC|tic=2250|mle_ms=71.759|monotonic_ms=80|clock_delta_ms=8.241
|clock_suspect=0
PMLE_LIVE_REPLAY_TIC|tic=2251|mle_ms=15.358|monotonic_ms=10|clock_delta_ms=5.358
|clock_suspect=0
PMLE_LIVE_REPLAY_TIC|tic=2252|mle_ms=23.031|monotonic_ms=20|clock_delta_ms=3.031
|clock_suspect=0
PMLE_LIVE_REPLAY_TIC|tic=2253|mle_ms=84.962|monotonic_ms=90|clock_delta_ms=5.038
|clock_suspect=0
PMLE_LIVE_REPLAY_TIC|tic=2254|mle_ms=19.434|monotonic_ms=20|clock_delta_ms=.566|
clock_suspect=0
PMLE_LIVE_REPLAY_TIC|tic=2255|mle_ms=20.772|monotonic_ms=20|clock_delta_ms=.772|
clock_suspect=0
PMLE_LIVE_REPLAY_TIC|tic=2256|mle_ms=99.362|monotonic_ms=100|clock_delta_ms=.638
|clock_suspect=0
PMLE_LIVE_REPLAY_TIC|tic=2257|mle_ms=11.16|monotonic_ms=10|clock_delta_ms=1.16|c
lock_suspect=0
PMLE_LIVE_REPLAY_TIC|tic=2258|mle_ms=16.636|monotonic_ms=20|clock_delta_ms=3.364
|clock_suspect=0
PMLE_LIVE_REPLAY_TIC|tic=2259|mle_ms=72.304|monotonic_ms=70|clock_delta_ms=2.304
|clock_suspect=0
PMLE_LIVE_REPLAY_TIC|tic=2260|mle_ms=12.798|monotonic_ms=10|clock_delta_ms=2.798
|clock_suspect=0
PMLE_LIVE_REPLAY_TIC|tic=2261|mle_ms=18.331|monotonic_ms=20|clock_delta_ms=1.669
|clock_suspect=0
PMLE_LIVE_REPLAY_TIC|tic=2262|mle_ms=79.284|monotonic_ms=80|clock_delta_ms=.716|
clock_suspect=0
PMLE_LIVE_REPLAY_TIC|tic=2263|mle_ms=26.069|monotonic_ms=30|clock_delta_ms=3.931
|clock_suspect=0
PMLE_LIVE_REPLAY_TIC|tic=2264|mle_ms=28.118|monotonic_ms=30|clock_delta_ms=1.882
|clock_suspect=0
PMLE_LIVE_REPLAY_TIC|tic=2265|mle_ms=77.688|monotonic_ms=70|clock_delta_ms=7.688
|clock_suspect=0
PMLE_LIVE_REPLAY_TIC|tic=2266|mle_ms=45.047|monotonic_ms=50|clock_delta_ms=4.953
|clock_suspect=0
PMLE_LIVE_REPLAY_TIC|tic=2267|mle_ms=67.222|monotonic_ms=70|clock_delta_ms=2.778
|clock_suspect=0
PMLE_LIVE_REPLAY_TIC|tic=2268|mle_ms=15.162|monotonic_ms=10|clock_delta_ms=5.162
|clock_suspect=0
PMLE_LIVE_REPLAY_TIC|tic=2269|mle_ms=16.481|monotonic_ms=20|clock_delta_ms=3.519
|clock_suspect=0
PMLE_LIVE_REPLAY_TIC|tic=2270|mle_ms=67.132|monotonic_ms=60|clock_delta_ms=7.132
|clock_suspect=0
PMLE_LIVE_REPLAY_TIC|tic=2271|mle_ms=14.559|monotonic_ms=20|clock_delta_ms=5.441
|clock_suspect=0
PMLE_LIVE_REPLAY_TIC|tic=2272|mle_ms=14.46|monotonic_ms=10|clock_delta_ms=4.46|c
lock_suspect=0
PMLE_LIVE_REPLAY_TIC|tic=2273|mle_ms=82.555|monotonic_ms=90|clock_delta_ms=7.445
|clock_suspect=0
PMLE_LIVE_REPLAY_TIC|tic=2274|mle_ms=19.462|monotonic_ms=20|clock_delta_ms=.538|
clock_suspect=0
PMLE_LIVE_REPLAY_TIC|tic=2275|mle_ms=12.744|monotonic_ms=10|clock_delta_ms=2.744
|clock_suspect=0
PMLE_LIVE_REPLAY_TIC|tic=2276|mle_ms=110.178|monotonic_ms=110|clock_delta_ms=.17
8|clock_suspect=0
PMLE_LIVE_REPLAY_TIC|tic=2277|mle_ms=14.445|monotonic_ms=10|clock_delta_ms=4.445
|clock_suspect=0
PMLE_LIVE_REPLAY_TIC|tic=2278|mle_ms=12.42|monotonic_ms=20|clock_delta_ms=7.58|c
lock_suspect=0
PMLE_LIVE_REPLAY_TIC|tic=2279|mle_ms=65.637|monotonic_ms=60|clock_delta_ms=5.637
|clock_suspect=0
PMLE_LIVE_REPLAY_TIC|tic=2280|mle_ms=16.831|monotonic_ms=20|clock_delta_ms=3.169
|clock_suspect=0
PMLE_LIVE_REPLAY_TIC|tic=2281|mle_ms=12.913|monotonic_ms=10|clock_delta_ms=2.913
|clock_suspect=0
PMLE_LIVE_REPLAY_TIC|tic=2282|mle_ms=62.821|monotonic_ms=60|clock_delta_ms=2.821
|clock_suspect=0
PMLE_LIVE_REPLAY_TIC|tic=2283|mle_ms=26.03|monotonic_ms=30|clock_delta_ms=3.97|c
lock_suspect=0
PMLE_LIVE_REPLAY_TIC|tic=2284|mle_ms=18.118|monotonic_ms=20|clock_delta_ms=1.882
|clock_suspect=0
PMLE_LIVE_REPLAY_TIC|tic=2285|mle_ms=71.908|monotonic_ms=70|clock_delta_ms=1.908
|clock_suspect=0
PMLE_LIVE_REPLAY_TIC|tic=2286|mle_ms=49.765|monotonic_ms=50|clock_delta_ms=.235|
clock_suspect=0
PMLE_LIVE_REPLAY_TIC|tic=2287|mle_ms=12.163|monotonic_ms=10|clock_delta_ms=2.163
|clock_suspect=0
PMLE_LIVE_REPLAY_TIC|tic=2288|mle_ms=66.732|monotonic_ms=70|clock_delta_ms=3.268
|clock_suspect=0
PMLE_LIVE_REPLAY_TIC|tic=2289|mle_ms=16.889|monotonic_ms=20|clock_delta_ms=3.111
|clock_suspect=0
PMLE_LIVE_REPLAY_TIC|tic=2290|mle_ms=13.503|monotonic_ms=10|clock_delta_ms=3.503
|clock_suspect=0
PMLE_LIVE_REPLAY_TIC|tic=2291|mle_ms=18.761|monotonic_ms=20|clock_delta_ms=1.239
|clock_suspect=0
PMLE_LIVE_REPLAY_TIC|tic=2292|mle_ms=19.7|monotonic_ms=20|clock_delta_ms=.3|cloc
k_suspect=0
PMLE_LIVE_REPLAY_TIC|tic=2293|mle_ms=25.52|monotonic_ms=20|clock_delta_ms=5.52|c
lock_suspect=0
PMLE_LIVE_REPLAY_TIC|tic=2294|mle_ms=24.925|monotonic_ms=30|clock_delta_ms=5.075
|clock_suspect=0
PMLE_LIVE_REPLAY_TIC|tic=2295|mle_ms=16.437|monotonic_ms=20|clock_delta_ms=3.563
|clock_suspect=0
PMLE_LIVE_REPLAY_TIC|tic=2296|mle_ms=40.611|monotonic_ms=40|clock_delta_ms=.611|
clock_suspect=0
PMLE_LIVE_REPLAY_TIC|tic=2297|mle_ms=16.676|monotonic_ms=10|clock_delta_ms=6.676
|clock_suspect=0
PMLE_LIVE_REPLAY_TIC|tic=2298|mle_ms=16.257|monotonic_ms=20|clock_delta_ms=3.743
|clock_suspect=0
PMLE_LIVE_REPLAY_TIC|tic=2299|mle_ms=12.947|monotonic_ms=10|clock_delta_ms=2.947
|clock_suspect=0
PMLE_LIVE_REPLAY_TIC|tic=2300|mle_ms=62.036|monotonic_ms=60|clock_delta_ms=2.036
|clock_suspect=0
PMLE_LIVE_REPLAY_TIC|tic=2301|mle_ms=16.82|monotonic_ms=10|clock_delta_ms=6.82|c
lock_suspect=0
PMLE_LIVE_REPLAY_TIC|tic=2302|mle_ms=13.868|monotonic_ms=20|clock_delta_ms=6.132
|clock_suspect=0
PMLE_LIVE_REPLAY_TIC|tic=2303|mle_ms=79.798|monotonic_ms=80|clock_delta_ms=.202|
clock_suspect=0
PMLE_LIVE_REPLAY_TIC|tic=2304|mle_ms=68.379|monotonic_ms=70|clock_delta_ms=1.621
|clock_suspect=0
PMLE_LIVE_REPLAY_TIC|tic=2305|mle_ms=12.95|monotonic_ms=10|clock_delta_ms=2.95|c
lock_suspect=0
PMLE_LIVE_REPLAY_TIC|tic=2306|mle_ms=108.388|monotonic_ms=110|clock_delta_ms=1.6
12|clock_suspect=0
PMLE_LIVE_REPLAY_TIC|tic=2307|mle_ms=63.433|monotonic_ms=60|clock_delta_ms=3.433
|clock_suspect=0
PMLE_LIVE_REPLAY_TIC|tic=2308|mle_ms=11.684|monotonic_ms=10|clock_delta_ms=1.684
|clock_suspect=0
PMLE_LIVE_REPLAY_TIC|tic=2309|mle_ms=88.661|monotonic_ms=90|clock_delta_ms=1.339
|clock_suspect=0
PMLE_LIVE_REPLAY_TIC|tic=2310|mle_ms=61.825|monotonic_ms=60|clock_delta_ms=1.825
|clock_suspect=0
PMLE_LIVE_REPLAY_TIC|tic=2311|mle_ms=11.479|monotonic_ms=20|clock_delta_ms=8.521
|clock_suspect=0
PMLE_LIVE_REPLAY_TIC|tic=2312|mle_ms=62.438|monotonic_ms=60|clock_delta_ms=2.438
|clock_suspect=0
PMLE_LIVE_REPLAY_TIC|tic=2313|mle_ms=70.275|monotonic_ms=70|clock_delta_ms=.275|
clock_suspect=0
PMLE_LIVE_REPLAY_TIC|tic=2314|mle_ms=15.734|monotonic_ms=10|clock_delta_ms=5.734
|clock_suspect=0
PMLE_LIVE_REPLAY_TIC|tic=2315|mle_ms=69.837|monotonic_ms=70|clock_delta_ms=.163|
clock_suspect=0
PMLE_LIVE_REPLAY_TIC|tic=2316|mle_ms=100.538|monotonic_ms=100|clock_delta_ms=.53
8|clock_suspect=0
PMLE_LIVE_REPLAY_TIC|tic=2317|mle_ms=11.107|monotonic_ms=20|clock_delta_ms=8.893
|clock_suspect=0
PMLE_LIVE_REPLAY_TIC|tic=2318|mle_ms=108.011|monotonic_ms=100|clock_delta_ms=8.0
11|clock_suspect=0
PMLE_LIVE_REPLAY_TIC|tic=2319|mle_ms=68.627|monotonic_ms=70|clock_delta_ms=1.373
|clock_suspect=0
PMLE_LIVE_REPLAY_TIC|tic=2320|mle_ms=12.415|monotonic_ms=10|clock_delta_ms=2.415
|clock_suspect=0
PMLE_LIVE_REPLAY_TIC|tic=2321|mle_ms=71.591|monotonic_ms=80|clock_delta_ms=8.409
|clock_suspect=0
PMLE_LIVE_REPLAY_TIC|tic=2322|mle_ms=62.753|monotonic_ms=60|clock_delta_ms=2.753
|clock_suspect=0
PMLE_LIVE_REPLAY_TIC|tic=2323|mle_ms=24.952|monotonic_ms=20|clock_delta_ms=4.952
|clock_suspect=0
PMLE_LIVE_REPLAY_TIC|tic=2324|mle_ms=102.976|monotonic_ms=110|clock_delta_ms=7.0
24|clock_suspect=0
PMLE_LIVE_REPLAY_TIC|tic=2325|mle_ms=61.052|monotonic_ms=60|clock_delta_ms=1.052
|clock_suspect=0
PMLE_LIVE_REPLAY_TIC|tic=2326|mle_ms=42.487|monotonic_ms=40|clock_delta_ms=2.487
|clock_suspect=0
PMLE_LIVE_REPLAY_TIC|tic=2327|mle_ms=67.851|monotonic_ms=70|clock_delta_ms=2.149
|clock_suspect=0
PMLE_LIVE_REPLAY_TIC|tic=2328|mle_ms=62.417|monotonic_ms=60|clock_delta_ms=2.417
|clock_suspect=0
PMLE_LIVE_REPLAY_TIC|tic=2329|mle_ms=10.243|monotonic_ms=10|clock_delta_ms=.243|
clock_suspect=0
PMLE_LIVE_REPLAY_TIC|tic=2330|mle_ms=75.913|monotonic_ms=80|clock_delta_ms=4.087
|clock_suspect=0
PMLE_LIVE_REPLAY_TIC|tic=2331|mle_ms=77.599|monotonic_ms=80|clock_delta_ms=2.401
|clock_suspect=0
PMLE_LIVE_REPLAY_TIC|tic=2332|mle_ms=11.862|monotonic_ms=10|clock_delta_ms=1.862
|clock_suspect=0
PMLE_LIVE_REPLAY_TIC|tic=2333|mle_ms=72.215|monotonic_ms=70|clock_delta_ms=2.215
|clock_suspect=0
PMLE_LIVE_REPLAY_TIC|tic=2334|mle_ms=61.335|monotonic_ms=60|clock_delta_ms=1.335
|clock_suspect=0
PMLE_LIVE_REPLAY_TIC|tic=2335|mle_ms=10.349|monotonic_ms=10|clock_delta_ms=.349|
clock_suspect=0
PMLE_LIVE_REPLAY_TIC|tic=2336|mle_ms=86.228|monotonic_ms=90|clock_delta_ms=3.772
|clock_suspect=0
PMLE_LIVE_REPLAY_TIC|tic=2337|mle_ms=60.306|monotonic_ms=60|clock_delta_ms=.306|
clock_suspect=0
PMLE_LIVE_REPLAY_TIC|tic=2338|mle_ms=11.067|monotonic_ms=10|clock_delta_ms=1.067
|clock_suspect=0
PMLE_LIVE_REPLAY_TIC|tic=2339|mle_ms=63.064|monotonic_ms=60|clock_delta_ms=3.064
|clock_suspect=0
PMLE_LIVE_REPLAY_TIC|tic=2340|mle_ms=67.034|monotonic_ms=70|clock_delta_ms=2.966
|clock_suspect=0
PMLE_LIVE_REPLAY_TIC|tic=2341|mle_ms=12.528|monotonic_ms=10|clock_delta_ms=2.528
|clock_suspect=0
PMLE_LIVE_REPLAY_TIC|tic=2342|mle_ms=68.28|monotonic_ms=70|clock_delta_ms=1.72|c
lock_suspect=0
PMLE_LIVE_REPLAY_TIC|tic=2343|mle_ms=86.463|monotonic_ms=90|clock_delta_ms=3.537
|clock_suspect=0
PMLE_LIVE_REPLAY_TIC|tic=2344|mle_ms=20.078|monotonic_ms=20|clock_delta_ms=.078|
clock_suspect=0
PMLE_LIVE_REPLAY_TIC|tic=2345|mle_ms=21.536|monotonic_ms=20|clock_delta_ms=1.536
|clock_suspect=0
PMLE_LIVE_REPLAY_TIC|tic=2346|mle_ms=96.757|monotonic_ms=100|clock_delta_ms=3.24
3|clock_suspect=0
PMLE_LIVE_REPLAY_TIC|tic=2347|mle_ms=14.423|monotonic_ms=10|clock_delta_ms=4.423
|clock_suspect=0
PMLE_LIVE_REPLAY_TIC|tic=2348|mle_ms=19.89|monotonic_ms=20|clock_delta_ms=.11|cl
ock_suspect=0
PMLE_LIVE_REPLAY_TIC|tic=2349|mle_ms=79.305|monotonic_ms=80|clock_delta_ms=.695|
clock_suspect=0
PMLE_LIVE_REPLAY_TIC|tic=2350|mle_ms=16.028|monotonic_ms=20|clock_delta_ms=3.972
|clock_suspect=0
PMLE_LIVE_REPLAY_TIC|tic=2351|mle_ms=84.031|monotonic_ms=80|clock_delta_ms=4.031
|clock_suspect=0
PMLE_LIVE_REPLAY_TIC|tic=2352|mle_ms=76.048|monotonic_ms=80|clock_delta_ms=3.952
|clock_suspect=0
PMLE_LIVE_REPLAY_TIC|tic=2353|mle_ms=24.13|monotonic_ms=20|clock_delta_ms=4.13|c
lock_suspect=0
PMLE_LIVE_REPLAY_TIC|tic=2354|mle_ms=100.275|monotonic_ms=100|clock_delta_ms=.27
5|clock_suspect=0
PMLE_LIVE_REPLAY_TIC|tic=2355|mle_ms=63.71|monotonic_ms=60|clock_delta_ms=3.71|c
lock_suspect=0
PMLE_LIVE_REPLAY_TIC|tic=2356|mle_ms=27.725|monotonic_ms=30|clock_delta_ms=2.275
|clock_suspect=0
PMLE_LIVE_REPLAY_TIC|tic=2357|mle_ms=72.117|monotonic_ms=70|clock_delta_ms=2.117
|clock_suspect=0
PMLE_LIVE_REPLAY_TIC|tic=2358|mle_ms=62.708|monotonic_ms=70|clock_delta_ms=7.292
|clock_suspect=0
PMLE_LIVE_REPLAY_TIC|tic=2359|mle_ms=29.911|monotonic_ms=30|clock_delta_ms=.089|
clock_suspect=0
PMLE_LIVE_REPLAY_TIC|tic=2360|mle_ms=86.265|monotonic_ms=80|clock_delta_ms=6.265
|clock_suspect=0
PMLE_LIVE_REPLAY_TIC|tic=2361|mle_ms=91.56|monotonic_ms=100|clock_delta_ms=8.44|
clock_suspect=0
PMLE_LIVE_REPLAY_TIC|tic=2362|mle_ms=14.005|monotonic_ms=10|clock_delta_ms=4.005
|clock_suspect=0
PMLE_LIVE_REPLAY_TIC|tic=2363|mle_ms=75.445|monotonic_ms=80|clock_delta_ms=4.555
|clock_suspect=0
PMLE_LIVE_REPLAY_TIC|tic=2364|mle_ms=66.781|monotonic_ms=60|clock_delta_ms=6.781
|clock_suspect=0
PMLE_LIVE_REPLAY_TIC|tic=2365|mle_ms=28.416|monotonic_ms=30|clock_delta_ms=1.584
|clock_suspect=0
PMLE_LIVE_REPLAY_TIC|tic=2366|mle_ms=91.926|monotonic_ms=90|clock_delta_ms=1.926
|clock_suspect=0
PMLE_LIVE_REPLAY_TIC|tic=2367|mle_ms=74.119|monotonic_ms=80|clock_delta_ms=5.881
|clock_suspect=0
PMLE_LIVE_REPLAY_TIC|tic=2368|mle_ms=25.204|monotonic_ms=20|clock_delta_ms=5.204
|clock_suspect=0
PMLE_LIVE_REPLAY_TIC|tic=2369|mle_ms=94.283|monotonic_ms=100|clock_delta_ms=5.71
7|clock_suspect=0
PMLE_LIVE_REPLAY_TIC|tic=2370|mle_ms=86.366|monotonic_ms=80|clock_delta_ms=6.366
|clock_suspect=0
PMLE_LIVE_REPLAY_TIC|tic=2371|mle_ms=21.48|monotonic_ms=20|clock_delta_ms=1.48|c
lock_suspect=0
PMLE_LIVE_REPLAY_TIC|tic=2372|mle_ms=78.339|monotonic_ms=80|clock_delta_ms=1.661
|clock_suspect=0
PMLE_LIVE_REPLAY_TIC|tic=2373|mle_ms=88.552|monotonic_ms=90|clock_delta_ms=1.448
|clock_suspect=0
PMLE_LIVE_REPLAY_TIC|tic=2374|mle_ms=24.075|monotonic_ms=30|clock_delta_ms=5.925
|clock_suspect=0
PMLE_LIVE_REPLAY_TIC|tic=2375|mle_ms=73.338|monotonic_ms=70|clock_delta_ms=3.338
|clock_suspect=0
PMLE_LIVE_REPLAY_TIC|tic=2376|mle_ms=96.53|monotonic_ms=100|clock_delta_ms=3.47|
clock_suspect=0
PMLE_LIVE_REPLAY_TIC|tic=2377|mle_ms=24.461|monotonic_ms=20|clock_delta_ms=4.461
|clock_suspect=0
PMLE_LIVE_REPLAY_TIC|tic=2378|mle_ms=90.8|monotonic_ms=90|clock_delta_ms=.8|cloc
k_suspect=0
PMLE_LIVE_REPLAY_TIC|tic=2379|mle_ms=104.888|monotonic_ms=110|clock_delta_ms=5.1
12|clock_suspect=0
PMLE_LIVE_REPLAY_TIC|tic=2380|mle_ms=25.611|monotonic_ms=20|clock_delta_ms=5.611
|clock_suspect=0
PMLE_LIVE_REPLAY_TIC|tic=2381|mle_ms=77.065|monotonic_ms=80|clock_delta_ms=2.935
|clock_suspect=0
PMLE_LIVE_REPLAY_TIC|tic=2382|mle_ms=75.624|monotonic_ms=70|clock_delta_ms=5.624
|clock_suspect=0
PMLE_LIVE_REPLAY_TIC|tic=2383|mle_ms=29.232|monotonic_ms=30|clock_delta_ms=.768|
clock_suspect=0
PMLE_LIVE_REPLAY_TIC|tic=2384|mle_ms=97.436|monotonic_ms=100|clock_delta_ms=2.56
4|clock_suspect=0
PMLE_LIVE_REPLAY_TIC|tic=2385|mle_ms=77.398|monotonic_ms=80|clock_delta_ms=2.602
|clock_suspect=0
PMLE_LIVE_REPLAY_TIC|tic=2386|mle_ms=39.216|monotonic_ms=40|clock_delta_ms=.784|
clock_suspect=0
PMLE_LIVE_REPLAY_TIC|tic=2387|mle_ms=70.747|monotonic_ms=70|clock_delta_ms=.747|
clock_suspect=0
PMLE_LIVE_REPLAY_TIC|tic=2388|mle_ms=108.639|monotonic_ms=110|clock_delta_ms=1.3
61|clock_suspect=0
PMLE_LIVE_REPLAY_TIC|tic=2389|mle_ms=27.573|monotonic_ms=30|clock_delta_ms=2.427
|clock_suspect=0
PMLE_LIVE_REPLAY_TIC|tic=2390|mle_ms=90.693|monotonic_ms=90|clock_delta_ms=.693|
clock_suspect=0
PMLE_LIVE_REPLAY_TIC|tic=2391|mle_ms=90.236|monotonic_ms=90|clock_delta_ms=.236|
clock_suspect=0
PMLE_LIVE_REPLAY_TIC|tic=2392|mle_ms=25.445|monotonic_ms=20|clock_delta_ms=5.445
|clock_suspect=0
PMLE_LIVE_REPLAY_TIC|tic=2393|mle_ms=79.38|monotonic_ms=80|clock_delta_ms=.62|cl
ock_suspect=0
PMLE_LIVE_REPLAY_TIC|tic=2394|mle_ms=76.668|monotonic_ms=80|clock_delta_ms=3.332
|clock_suspect=0
PMLE_LIVE_REPLAY_TIC|tic=2395|mle_ms=23.694|monotonic_ms=20|clock_delta_ms=3.694
|clock_suspect=0
PMLE_LIVE_REPLAY_TIC|tic=2396|mle_ms=88.494|monotonic_ms=90|clock_delta_ms=1.506
|clock_suspect=0
PMLE_LIVE_REPLAY_TIC|tic=2397|mle_ms=83.407|monotonic_ms=80|clock_delta_ms=3.407
|clock_suspect=0
PMLE_LIVE_REPLAY_TIC|tic=2398|mle_ms=23.912|monotonic_ms=30|clock_delta_ms=6.088
|clock_suspect=0
PMLE_LIVE_REPLAY_TIC|tic=2399|mle_ms=80.097|monotonic_ms=80|clock_delta_ms=.097|
clock_suspect=0
PMLE_LIVE_REPLAY_TIC|tic=2400|mle_ms=90.243|monotonic_ms=90|clock_delta_ms=.243|
clock_suspect=0
PMLE_LIVE_REPLAY_TIC|tic=2401|mle_ms=23.028|monotonic_ms=20|clock_delta_ms=3.028
|clock_suspect=0
PMLE_LIVE_REPLAY_TIC|tic=2402|mle_ms=72.412|monotonic_ms=70|clock_delta_ms=2.412
|clock_suspect=0
PMLE_LIVE_REPLAY_TIC|tic=2403|mle_ms=83.591|monotonic_ms=90|clock_delta_ms=6.409
|clock_suspect=0
PMLE_LIVE_REPLAY_TIC|tic=2404|mle_ms=25.573|monotonic_ms=20|clock_delta_ms=5.573
|clock_suspect=0
PMLE_LIVE_REPLAY_TIC|tic=2405|mle_ms=77.316|monotonic_ms=80|clock_delta_ms=2.684
|clock_suspect=0
PMLE_LIVE_REPLAY_TIC|tic=2406|mle_ms=101.856|monotonic_ms=100|clock_delta_ms=1.8
56|clock_suspect=0
PMLE_LIVE_REPLAY_TIC|tic=2407|mle_ms=24.605|monotonic_ms=30|clock_delta_ms=5.395
|clock_suspect=0
PMLE_LIVE_REPLAY_TIC|tic=2408|mle_ms=85.691|monotonic_ms=80|clock_delta_ms=5.691
|clock_suspect=0
PMLE_LIVE_REPLAY_TIC|tic=2409|mle_ms=82.115|monotonic_ms=80|clock_delta_ms=2.115
|clock_suspect=0
PMLE_LIVE_REPLAY_TIC|tic=2410|mle_ms=24.816|monotonic_ms=30|clock_delta_ms=5.184
|clock_suspect=0
PMLE_LIVE_REPLAY_TIC|tic=2411|mle_ms=76.915|monotonic_ms=80|clock_delta_ms=3.085
|clock_suspect=0
PMLE_LIVE_REPLAY_TIC|tic=2412|mle_ms=82.284|monotonic_ms=80|clock_delta_ms=2.284
|clock_suspect=0
PMLE_LIVE_REPLAY_TIC|tic=2413|mle_ms=33.58|monotonic_ms=30|clock_delta_ms=3.58|c
lock_suspect=0
PMLE_LIVE_REPLAY_TIC|tic=2414|mle_ms=93.211|monotonic_ms=100|clock_delta_ms=6.78
9|clock_suspect=0
PMLE_LIVE_REPLAY_TIC|tic=2415|mle_ms=80.988|monotonic_ms=80|clock_delta_ms=.988|
clock_suspect=0
PMLE_LIVE_REPLAY_TIC|tic=2416|mle_ms=34.238|monotonic_ms=30|clock_delta_ms=4.238
|clock_suspect=0
PMLE_LIVE_REPLAY_TIC|tic=2417|mle_ms=73.108|monotonic_ms=70|clock_delta_ms=3.108
|clock_suspect=0
PMLE_LIVE_REPLAY_TIC|tic=2418|mle_ms=80.459|monotonic_ms=80|clock_delta_ms=.459|
clock_suspect=0
PMLE_LIVE_REPLAY_TIC|tic=2419|mle_ms=23.996|monotonic_ms=30|clock_delta_ms=6.004
|clock_suspect=0
PMLE_LIVE_REPLAY_TIC|tic=2420|mle_ms=73.424|monotonic_ms=70|clock_delta_ms=3.424
|clock_suspect=0
PMLE_LIVE_REPLAY_TIC|tic=2421|mle_ms=108.155|monotonic_ms=110|clock_delta_ms=1.8
45|clock_suspect=0
PMLE_LIVE_REPLAY_TIC|tic=2422|mle_ms=28.801|monotonic_ms=30|clock_delta_ms=1.199
|clock_suspect=0
PMLE_LIVE_REPLAY_TIC|tic=2423|mle_ms=98.998|monotonic_ms=100|clock_delta_ms=1.00
2|clock_suspect=0
PMLE_LIVE_REPLAY_TIC|tic=2424|mle_ms=94.904|monotonic_ms=90|clock_delta_ms=4.904
|clock_suspect=0
PMLE_LIVE_REPLAY_TIC|tic=2425|mle_ms=27.253|monotonic_ms=30|clock_delta_ms=2.747
|clock_suspect=0
PMLE_LIVE_REPLAY_TIC|tic=2426|mle_ms=111.109|monotonic_ms=110|clock_delta_ms=1.1
09|clock_suspect=0
PMLE_LIVE_REPLAY_TIC|tic=2427|mle_ms=75.463|monotonic_ms=80|clock_delta_ms=4.537
|clock_suspect=0
PMLE_LIVE_REPLAY_TIC|tic=2428|mle_ms=16.173|monotonic_ms=10|clock_delta_ms=6.173
|clock_suspect=0
PMLE_LIVE_REPLAY_TIC|tic=2429|mle_ms=119.336|monotonic_ms=120|clock_delta_ms=.66
4|clock_suspect=0
PMLE_LIVE_REPLAY_TIC|tic=2430|mle_ms=71.14|monotonic_ms=70|clock_delta_ms=1.14|c
lock_suspect=0
PMLE_LIVE_REPLAY_TIC|tic=2431|mle_ms=55.688|monotonic_ms=60|clock_delta_ms=4.312
|clock_suspect=0
PMLE_LIVE_REPLAY_TIC|tic=2432|mle_ms=110.63|monotonic_ms=110|clock_delta_ms=.63|
clock_suspect=0
PMLE_LIVE_REPLAY_TIC|tic=2433|mle_ms=84.719|monotonic_ms=90|clock_delta_ms=5.281
|clock_suspect=0
PMLE_LIVE_REPLAY_TIC|tic=2434|mle_ms=19.538|monotonic_ms=20|clock_delta_ms=.462|
clock_suspect=0
PMLE_LIVE_REPLAY_TIC|tic=2435|mle_ms=67.659|monotonic_ms=60|clock_delta_ms=7.659
|clock_suspect=0
PMLE_LIVE_REPLAY_TIC|tic=2436|mle_ms=60.275|monotonic_ms=60|clock_delta_ms=.275|
clock_suspect=0
PMLE_LIVE_REPLAY_TIC|tic=2437|mle_ms=10.907|monotonic_ms=10|clock_delta_ms=.907|
clock_suspect=0
PMLE_LIVE_REPLAY_TIC|tic=2438|mle_ms=49.753|monotonic_ms=50|clock_delta_ms=.247|
clock_suspect=0
PMLE_LIVE_REPLAY_TIC|tic=2439|mle_ms=38.337|monotonic_ms=40|clock_delta_ms=1.663
|clock_suspect=0
PMLE_LIVE_REPLAY_TIC|tic=2440|mle_ms=10.987|monotonic_ms=10|clock_delta_ms=.987|
clock_suspect=0
PMLE_LIVE_REPLAY_TIC|tic=2441|mle_ms=77.248|monotonic_ms=80|clock_delta_ms=2.752
|clock_suspect=0
PMLE_LIVE_REPLAY_TIC|tic=2442|mle_ms=41.848|monotonic_ms=40|clock_delta_ms=1.848
|clock_suspect=0
PMLE_LIVE_REPLAY_TIC|tic=2443|mle_ms=41.942|monotonic_ms=40|clock_delta_ms=1.942
|clock_suspect=0
PMLE_LIVE_REPLAY_TIC|tic=2444|mle_ms=42.647|monotonic_ms=50|clock_delta_ms=7.353
|clock_suspect=0
PMLE_LIVE_REPLAY_TIC|tic=2445|mle_ms=67.796|monotonic_ms=70|clock_delta_ms=2.204
|clock_suspect=0
PMLE_LIVE_REPLAY_TIC|tic=2446|mle_ms=28.367|monotonic_ms=20|clock_delta_ms=8.367
|clock_suspect=0
PMLE_LIVE_REPLAY_TIC|tic=2447|mle_ms=44.151|monotonic_ms=50|clock_delta_ms=5.849
|clock_suspect=0
PMLE_LIVE_REPLAY_TIC|tic=2448|mle_ms=46.384|monotonic_ms=40|clock_delta_ms=6.384
|clock_suspect=0
PMLE_LIVE_REPLAY_TIC|tic=2449|mle_ms=15.257|monotonic_ms=20|clock_delta_ms=4.743
|clock_suspect=0
PMLE_LIVE_REPLAY_TIC|tic=2450|mle_ms=40.608|monotonic_ms=40|clock_delta_ms=.608|
clock_suspect=0
PMLE_LIVE_REPLAY_TIC|tic=2451|mle_ms=246.659|monotonic_ms=250|clock_delta_ms=3.3
41|clock_suspect=0
PMLE_LIVE_REPLAY_TIC|tic=2452|mle_ms=14.616|monotonic_ms=10|clock_delta_ms=4.616
|clock_suspect=0
PMLE_LIVE_REPLAY_TIC|tic=2453|mle_ms=76.384|monotonic_ms=80|clock_delta_ms=3.616
|clock_suspect=0
PMLE_LIVE_REPLAY_TIC|tic=2454|mle_ms=55.05|monotonic_ms=50|clock_delta_ms=5.05|c
lock_suspect=0
PMLE_LIVE_REPLAY_TIC|tic=2455|mle_ms=15.726|monotonic_ms=20|clock_delta_ms=4.274
|clock_suspect=0
PMLE_LIVE_REPLAY_TIC|tic=2456|mle_ms=67.202|monotonic_ms=70|clock_delta_ms=2.798
|clock_suspect=0
PMLE_LIVE_REPLAY_TIC|tic=2457|mle_ms=37.09|monotonic_ms=30|clock_delta_ms=7.09|c
lock_suspect=0
PMLE_LIVE_REPLAY_TIC|tic=2458|mle_ms=12.306|monotonic_ms=20|clock_delta_ms=7.694
|clock_suspect=0
PMLE_LIVE_REPLAY_TIC|tic=2459|mle_ms=54.136|monotonic_ms=50|clock_delta_ms=4.136
|clock_suspect=0
PMLE_LIVE_REPLAY_TIC|tic=2460|mle_ms=40.222|monotonic_ms=40|clock_delta_ms=.222|
clock_suspect=0
PMLE_LIVE_REPLAY_TIC|tic=2461|mle_ms=44.383|monotonic_ms=50|clock_delta_ms=5.617
|clock_suspect=0
PMLE_LIVE_REPLAY_TIC|tic=2462|mle_ms=37.949|monotonic_ms=30|clock_delta_ms=7.949
|clock_suspect=0
PMLE_LIVE_REPLAY_TIC|tic=2463|mle_ms=71.169|monotonic_ms=70|clock_delta_ms=1.169
|clock_suspect=0
PMLE_LIVE_REPLAY_TIC|tic=2464|mle_ms=23.403|monotonic_ms=30|clock_delta_ms=6.597
|clock_suspect=0
PMLE_LIVE_REPLAY_TIC|tic=2465|mle_ms=36.323|monotonic_ms=30|clock_delta_ms=6.323
|clock_suspect=0
PMLE_LIVE_REPLAY_TIC|tic=2466|mle_ms=89.564|monotonic_ms=90|clock_delta_ms=.436|
clock_suspect=0
PMLE_LIVE_REPLAY_TIC|tic=2467|mle_ms=13.777|monotonic_ms=20|clock_delta_ms=6.223
|clock_suspect=0
PMLE_LIVE_REPLAY_TIC|tic=2468|mle_ms=42.819|monotonic_ms=40|clock_delta_ms=2.819
|clock_suspect=0
PMLE_LIVE_REPLAY_TIC|tic=2469|mle_ms=39.526|monotonic_ms=40|clock_delta_ms=.474|
clock_suspect=0
PMLE_LIVE_REPLAY_TIC|tic=2470|mle_ms=12.376|monotonic_ms=10|clock_delta_ms=2.376
|clock_suspect=0
PMLE_LIVE_REPLAY_TIC|tic=2471|mle_ms=68.164|monotonic_ms=70|clock_delta_ms=1.836
|clock_suspect=0
PMLE_LIVE_REPLAY_TIC|tic=2472|mle_ms=40.625|monotonic_ms=40|clock_delta_ms=.625|
clock_suspect=0
PMLE_LIVE_REPLAY_TIC|tic=2473|mle_ms=53.837|monotonic_ms=60|clock_delta_ms=6.163
|clock_suspect=0
PMLE_LIVE_REPLAY_TIC|tic=2474|mle_ms=47.51|monotonic_ms=40|clock_delta_ms=7.51|c
lock_suspect=0
PMLE_LIVE_REPLAY_TIC|tic=2475|mle_ms=40.612|monotonic_ms=40|clock_delta_ms=.612|
clock_suspect=0
PMLE_LIVE_REPLAY_TIC|tic=2476|mle_ms=38.391|monotonic_ms=40|clock_delta_ms=1.609
|clock_suspect=0
PMLE_LIVE_REPLAY_TIC|tic=2477|mle_ms=37.343|monotonic_ms=40|clock_delta_ms=2.657
|clock_suspect=0
PMLE_LIVE_REPLAY_TIC|tic=2478|mle_ms=44.862|monotonic_ms=40|clock_delta_ms=4.862
|clock_suspect=0
PMLE_LIVE_REPLAY_TIC|tic=2479|mle_ms=19.045|monotonic_ms=20|clock_delta_ms=.955|
clock_suspect=0
PMLE_LIVE_REPLAY_TIC|tic=2480|mle_ms=40.966|monotonic_ms=50|clock_delta_ms=9.034
|clock_suspect=0
PMLE_LIVE_REPLAY_TIC|tic=2481|mle_ms=69.577|monotonic_ms=60|clock_delta_ms=9.577
|clock_suspect=0
PMLE_LIVE_REPLAY_TIC|tic=2482|mle_ms=15.114|monotonic_ms=20|clock_delta_ms=4.886
|clock_suspect=0
PMLE_LIVE_REPLAY_TIC|tic=2483|mle_ms=49.075|monotonic_ms=50|clock_delta_ms=.925|
clock_suspect=0
PMLE_LIVE_REPLAY_TIC|tic=2484|mle_ms=46.387|monotonic_ms=50|clock_delta_ms=3.613
|clock_suspect=0
PMLE_LIVE_REPLAY_TIC|tic=2485|mle_ms=15.004|monotonic_ms=10|clock_delta_ms=5.004
|clock_suspect=0
PMLE_LIVE_REPLAY_TIC|tic=2486|mle_ms=39.7|monotonic_ms=40|clock_delta_ms=.3|cloc
k_suspect=0
PMLE_LIVE_REPLAY_TIC|tic=2487|mle_ms=59.32|monotonic_ms=60|clock_delta_ms=.68|cl
ock_suspect=0
PMLE_LIVE_REPLAY_TIC|tic=2488|mle_ms=13.009|monotonic_ms=10|clock_delta_ms=3.009
|clock_suspect=0
PMLE_LIVE_REPLAY_TIC|tic=2489|mle_ms=13.98|monotonic_ms=20|clock_delta_ms=6.02|c
lock_suspect=0
PMLE_LIVE_REPLAY_TIC|tic=2490|mle_ms=35.041|monotonic_ms=30|clock_delta_ms=5.041
|clock_suspect=0
PMLE_LIVE_REPLAY_TIC|tic=2491|mle_ms=48.628|monotonic_ms=50|clock_delta_ms=1.372
|clock_suspect=0
PMLE_LIVE_REPLAY_TIC|tic=2492|mle_ms=14.197|monotonic_ms=10|clock_delta_ms=4.197
|clock_suspect=0
PMLE_LIVE_REPLAY_TIC|tic=2493|mle_ms=82.092|monotonic_ms=90|clock_delta_ms=7.908
|clock_suspect=0
PMLE_LIVE_REPLAY_TIC|tic=2494|mle_ms=24.499|monotonic_ms=20|clock_delta_ms=4.499
|clock_suspect=0
PMLE_LIVE_REPLAY_TIC|tic=2495|mle_ms=13.13|monotonic_ms=10|clock_delta_ms=3.13|c
lock_suspect=0
PMLE_LIVE_REPLAY_TIC|tic=2496|mle_ms=71.055|monotonic_ms=80|clock_delta_ms=8.945
|clock_suspect=0
PMLE_LIVE_REPLAY_TIC|tic=2497|mle_ms=14.145|monotonic_ms=10|clock_delta_ms=4.145
|clock_suspect=0
PMLE_LIVE_REPLAY_TIC|tic=2498|mle_ms=13.207|monotonic_ms=10|clock_delta_ms=3.207
|clock_suspect=0
PMLE_LIVE_REPLAY_TIC|tic=2499|mle_ms=39.293|monotonic_ms=40|clock_delta_ms=.707|
clock_suspect=0
PMLE_LIVE_REPLAY_TIC|tic=2500|mle_ms=15.689|monotonic_ms=20|clock_delta_ms=4.311
|clock_suspect=0
PMLE_LIVE_REPLAY_TIC|tic=2501|mle_ms=41.517|monotonic_ms=40|clock_delta_ms=1.517
|clock_suspect=0
PMLE_LIVE_REPLAY_TIC|tic=2502|mle_ms=40.516|monotonic_ms=40|clock_delta_ms=.516|
clock_suspect=0
PMLE_LIVE_REPLAY_TIC|tic=2503|mle_ms=48.259|monotonic_ms=50|clock_delta_ms=1.741
|clock_suspect=0
PMLE_LIVE_REPLAY_TIC|tic=2504|mle_ms=20.085|monotonic_ms=20|clock_delta_ms=.085|
clock_suspect=0
PMLE_LIVE_REPLAY_TIC|tic=2505|mle_ms=61.093|monotonic_ms=60|clock_delta_ms=1.093
|clock_suspect=0
PMLE_LIVE_REPLAY_TIC|tic=2506|mle_ms=40.037|monotonic_ms=40|clock_delta_ms=.037|
clock_suspect=0
PMLE_LIVE_REPLAY_TIC|tic=2507|mle_ms=11.601|monotonic_ms=10|clock_delta_ms=1.601
|clock_suspect=0
PMLE_LIVE_REPLAY_TIC|tic=2508|mle_ms=63.182|monotonic_ms=70|clock_delta_ms=6.818
|clock_suspect=0
PMLE_LIVE_REPLAY_TIC|tic=2509|mle_ms=12.656|monotonic_ms=10|clock_delta_ms=2.656
|clock_suspect=0
PMLE_LIVE_REPLAY_TIC|tic=2510|mle_ms=10.916|monotonic_ms=10|clock_delta_ms=.916|
clock_suspect=0
PMLE_LIVE_REPLAY_TIC|tic=2511|mle_ms=90.181|monotonic_ms=90|clock_delta_ms=.181|
clock_suspect=0
PMLE_LIVE_REPLAY_TIC|tic=2512|mle_ms=11.866|monotonic_ms=10|clock_delta_ms=1.866
|clock_suspect=0
PMLE_LIVE_REPLAY_TIC|tic=2513|mle_ms=47.957|monotonic_ms=50|clock_delta_ms=2.043
|clock_suspect=0
PMLE_LIVE_REPLAY_TIC|tic=2514|mle_ms=87.166|monotonic_ms=90|clock_delta_ms=2.834
|clock_suspect=0
PMLE_LIVE_REPLAY_TIC|tic=2515|mle_ms=13.236|monotonic_ms=10|clock_delta_ms=3.236
|clock_suspect=0
PMLE_LIVE_REPLAY_TIC|tic=2516|mle_ms=39.955|monotonic_ms=40|clock_delta_ms=.045|
clock_suspect=0
PMLE_LIVE_REPLAY_TIC|tic=2517|mle_ms=58.856|monotonic_ms=60|clock_delta_ms=1.144
|clock_suspect=0
PMLE_LIVE_REPLAY_TIC|tic=2518|mle_ms=13.285|monotonic_ms=10|clock_delta_ms=3.285
|clock_suspect=0
PMLE_LIVE_REPLAY_TIC|tic=2519|mle_ms=16.076|monotonic_ms=20|clock_delta_ms=3.924
|clock_suspect=0
PMLE_LIVE_REPLAY_TIC|tic=2520|mle_ms=82.001|monotonic_ms=80|clock_delta_ms=2.001
|clock_suspect=0
PMLE_LIVE_REPLAY_TIC|tic=2521|mle_ms=46.622|monotonic_ms=50|clock_delta_ms=3.378
|clock_suspect=0
PMLE_LIVE_REPLAY_TIC|tic=2522|mle_ms=11.131|monotonic_ms=10|clock_delta_ms=1.131
|clock_suspect=0
PMLE_LIVE_REPLAY_TIC|tic=2523|mle_ms=96.754|monotonic_ms=100|clock_delta_ms=3.24
6|clock_suspect=0
PMLE_LIVE_REPLAY_TIC|tic=2524|mle_ms=20.857|monotonic_ms=20|clock_delta_ms=.857|
clock_suspect=0
PMLE_LIVE_REPLAY_TIC|tic=2525|mle_ms=11.508|monotonic_ms=10|clock_delta_ms=1.508
|clock_suspect=0
PMLE_LIVE_REPLAY_TIC|tic=2526|mle_ms=96.574|monotonic_ms=100|clock_delta_ms=3.42
6|clock_suspect=0
PMLE_LIVE_REPLAY_TIC|tic=2527|mle_ms=11.005|monotonic_ms=10|clock_delta_ms=1.005
|clock_suspect=0
PMLE_LIVE_REPLAY_TIC|tic=2528|mle_ms=11.165|monotonic_ms=10|clock_delta_ms=1.165
|clock_suspect=0
PMLE_LIVE_REPLAY_TIC|tic=2529|mle_ms=66.072|monotonic_ms=60|clock_delta_ms=6.072
|clock_suspect=0
PMLE_LIVE_REPLAY_TIC|tic=2530|mle_ms=12.006|monotonic_ms=20|clock_delta_ms=7.994
|clock_suspect=0
PMLE_LIVE_REPLAY_TIC|tic=2531|mle_ms=49.855|monotonic_ms=50|clock_delta_ms=.145|
clock_suspect=0
PMLE_LIVE_REPLAY_TIC|tic=2532|mle_ms=80.004|monotonic_ms=80|clock_delta_ms=.004|
clock_suspect=0
PMLE_LIVE_REPLAY_TIC|tic=2533|mle_ms=45.602|monotonic_ms=40|clock_delta_ms=5.602
|clock_suspect=0
PMLE_LIVE_REPLAY_TIC|tic=2534|mle_ms=22.628|monotonic_ms=20|clock_delta_ms=2.628
|clock_suspect=0
PMLE_LIVE_REPLAY_TIC|tic=2535|mle_ms=69.398|monotonic_ms=70|clock_delta_ms=.602|
clock_suspect=0
PMLE_LIVE_REPLAY_TIC|tic=2536|mle_ms=36.694|monotonic_ms=40|clock_delta_ms=3.306
|clock_suspect=0
PMLE_LIVE_REPLAY_TIC|tic=2537|mle_ms=9.346|monotonic_ms=10|clock_delta_ms=.654|c
lock_suspect=0
PMLE_LIVE_REPLAY_TIC|tic=2538|mle_ms=75.108|monotonic_ms=80|clock_delta_ms=4.892
|clock_suspect=0
PMLE_LIVE_REPLAY_TIC|tic=2539|mle_ms=11.945|monotonic_ms=10|clock_delta_ms=1.945
|clock_suspect=0
PMLE_LIVE_REPLAY_TIC|tic=2540|mle_ms=9.82|monotonic_ms=10|clock_delta_ms=.18|clo
ck_suspect=0
PMLE_LIVE_REPLAY_TIC|tic=2541|mle_ms=131.104|monotonic_ms=130|clock_delta_ms=1.1
04|clock_suspect=0
PMLE_LIVE_REPLAY_TIC|tic=2542|mle_ms=10.863|monotonic_ms=10|clock_delta_ms=.863|
clock_suspect=0
PMLE_LIVE_REPLAY_TIC|tic=2543|mle_ms=46.813|monotonic_ms=50|clock_delta_ms=3.187
|clock_suspect=0
PMLE_LIVE_REPLAY_TIC|tic=2544|mle_ms=63.441|monotonic_ms=60|clock_delta_ms=3.441
|clock_suspect=0
PMLE_LIVE_REPLAY_TIC|tic=2545|mle_ms=11.225|monotonic_ms=10|clock_delta_ms=1.225
|clock_suspect=0
PMLE_LIVE_REPLAY_TIC|tic=2546|mle_ms=40.167|monotonic_ms=40|clock_delta_ms=.167|
clock_suspect=0
PMLE_LIVE_REPLAY_TIC|tic=2547|mle_ms=34.486|monotonic_ms=40|clock_delta_ms=5.514
|clock_suspect=0
PMLE_LIVE_REPLAY_TIC|tic=2548|mle_ms=9.476|monotonic_ms=10|clock_delta_ms=.524|c
lock_suspect=0
PMLE_LIVE_REPLAY_TIC|tic=2549|mle_ms=12.936|monotonic_ms=10|clock_delta_ms=2.936
|clock_suspect=0
PMLE_LIVE_REPLAY_TIC|tic=2550|mle_ms=39.617|monotonic_ms=40|clock_delta_ms=.383|
clock_suspect=0
PMLE_LIVE_REPLAY_TIC|tic=2551|mle_ms=50.826|monotonic_ms=50|clock_delta_ms=.826|
clock_suspect=0
PMLE_LIVE_REPLAY_TIC|tic=2552|mle_ms=14.049|monotonic_ms=10|clock_delta_ms=4.049
|clock_suspect=0
PMLE_LIVE_REPLAY_TIC|tic=2553|mle_ms=90.499|monotonic_ms=90|clock_delta_ms=.499|
clock_suspect=0
PMLE_LIVE_REPLAY_TIC|tic=2554|mle_ms=31.895|monotonic_ms=40|clock_delta_ms=8.105
|clock_suspect=0
PMLE_LIVE_REPLAY_TIC|tic=2555|mle_ms=14.781|monotonic_ms=10|clock_delta_ms=4.781
|clock_suspect=0
PMLE_LIVE_REPLAY_TIC|tic=2556|mle_ms=79.352|monotonic_ms=80|clock_delta_ms=.648|
clock_suspect=0
PMLE_LIVE_REPLAY_TIC|tic=2557|mle_ms=14.169|monotonic_ms=10|clock_delta_ms=4.169
|clock_suspect=0
PMLE_LIVE_REPLAY_TIC|tic=2558|mle_ms=13.581|monotonic_ms=20|clock_delta_ms=6.419
|clock_suspect=0
PMLE_LIVE_REPLAY_TIC|tic=2559|mle_ms=46.648|monotonic_ms=50|clock_delta_ms=3.352
|clock_suspect=0
PMLE_LIVE_REPLAY_TIC|tic=2560|mle_ms=23.252|monotonic_ms=20|clock_delta_ms=3.252
|clock_suspect=0
PMLE_LIVE_REPLAY_TIC|tic=2561|mle_ms=54.765|monotonic_ms=50|clock_delta_ms=4.765
|clock_suspect=0
PMLE_LIVE_REPLAY_TIC|tic=2562|mle_ms=44.85|monotonic_ms=50|clock_delta_ms=5.15|c
lock_suspect=0
PMLE_LIVE_REPLAY_TIC|tic=2563|mle_ms=66.887|monotonic_ms=70|clock_delta_ms=3.113
|clock_suspect=0
PMLE_LIVE_REPLAY_TIC|tic=2564|mle_ms=24.059|monotonic_ms=20|clock_delta_ms=4.059
|clock_suspect=0
PMLE_LIVE_REPLAY_TIC|tic=2565|mle_ms=42.956|monotonic_ms=40|clock_delta_ms=2.956
|clock_suspect=0
PMLE_LIVE_REPLAY_TIC|tic=2566|mle_ms=56.363|monotonic_ms=60|clock_delta_ms=3.637
|clock_suspect=0
PMLE_LIVE_REPLAY_TIC|tic=2567|mle_ms=16.004|monotonic_ms=10|clock_delta_ms=6.004
|clock_suspect=0
PMLE_LIVE_REPLAY_TIC|tic=2568|mle_ms=44.177|monotonic_ms=50|clock_delta_ms=5.823
|clock_suspect=0
PMLE_LIVE_REPLAY_TIC|tic=2569|mle_ms=64.225|monotonic_ms=60|clock_delta_ms=4.225
|clock_suspect=0
PMLE_LIVE_REPLAY_TIC|tic=2570|mle_ms=20.329|monotonic_ms=20|clock_delta_ms=.329|
clock_suspect=0
PMLE_LIVE_REPLAY_TIC|tic=2571|mle_ms=52.098|monotonic_ms=60|clock_delta_ms=7.902
|clock_suspect=0
PMLE_LIVE_REPLAY_TIC|tic=2572|mle_ms=60.915|monotonic_ms=60|clock_delta_ms=.915|
clock_suspect=0
PMLE_LIVE_REPLAY_TIC|tic=2573|mle_ms=50.629|monotonic_ms=50|clock_delta_ms=.629|
clock_suspect=0
PMLE_LIVE_REPLAY_TIC|tic=2574|mle_ms=24.745|monotonic_ms=20|clock_delta_ms=4.745
|clock_suspect=0
PMLE_LIVE_REPLAY_TIC|tic=2575|mle_ms=41.56|monotonic_ms=40|clock_delta_ms=1.56|c
lock_suspect=0
PMLE_LIVE_REPLAY_TIC|tic=2576|mle_ms=44.499|monotonic_ms=50|clock_delta_ms=5.501
|clock_suspect=0
PMLE_LIVE_REPLAY_TIC|tic=2577|mle_ms=13.077|monotonic_ms=10|clock_delta_ms=3.077
|clock_suspect=0
PMLE_LIVE_REPLAY_TIC|tic=2578|mle_ms=61.483|monotonic_ms=60|clock_delta_ms=1.483
|clock_suspect=0
PMLE_LIVE_REPLAY_TIC|tic=2579|mle_ms=30.449|monotonic_ms=30|clock_delta_ms=.449|
clock_suspect=0
PMLE_LIVE_REPLAY_TIC|tic=2580|mle_ms=30.897|monotonic_ms=30|clock_delta_ms=.897|
clock_suspect=0
PMLE_LIVE_REPLAY_TIC|tic=2581|mle_ms=95.283|monotonic_ms=100|clock_delta_ms=4.71
7|clock_suspect=0
PMLE_LIVE_REPLAY_TIC|tic=2582|mle_ms=26.75|monotonic_ms=30|clock_delta_ms=3.25|c
lock_suspect=0
PMLE_LIVE_REPLAY_TIC|tic=2583|mle_ms=58.727|monotonic_ms=60|clock_delta_ms=1.273
|clock_suspect=0
PMLE_LIVE_REPLAY_TIC|tic=2584|mle_ms=70.713|monotonic_ms=70|clock_delta_ms=.713|
clock_suspect=0
PMLE_LIVE_REPLAY_TIC|tic=2585|mle_ms=27.906|monotonic_ms=20|clock_delta_ms=7.906
|clock_suspect=0
PMLE_LIVE_REPLAY_TIC|tic=2586|mle_ms=67.763|monotonic_ms=70|clock_delta_ms=2.237
|clock_suspect=0
PMLE_LIVE_REPLAY_TIC|tic=2587|mle_ms=57.766|monotonic_ms=60|clock_delta_ms=2.234
|clock_suspect=0
PMLE_LIVE_REPLAY_TIC|tic=2588|mle_ms=40.721|monotonic_ms=40|clock_delta_ms=.721|
clock_suspect=0
PMLE_LIVE_REPLAY_TIC|tic=2589|mle_ms=34.065|monotonic_ms=40|clock_delta_ms=5.935
|clock_suspect=0
PMLE_LIVE_REPLAY_TIC|tic=2590|mle_ms=63.422|monotonic_ms=60|clock_delta_ms=3.422
|clock_suspect=0
PMLE_LIVE_REPLAY_TIC|tic=2591|mle_ms=66.756|monotonic_ms=70|clock_delta_ms=3.244
|clock_suspect=0
PMLE_LIVE_REPLAY_TIC|tic=2592|mle_ms=38.346|monotonic_ms=30|clock_delta_ms=8.346
|clock_suspect=0
PMLE_LIVE_REPLAY_TIC|tic=2593|mle_ms=129.362|monotonic_ms=130|clock_delta_ms=.63
8|clock_suspect=0
PMLE_LIVE_REPLAY_TIC|tic=2594|mle_ms=39.767|monotonic_ms=40|clock_delta_ms=.233|
clock_suspect=0
PMLE_LIVE_REPLAY_TIC|tic=2595|mle_ms=30.179|monotonic_ms=30|clock_delta_ms=.179|
clock_suspect=0
PMLE_LIVE_REPLAY_TIC|tic=2596|mle_ms=113.665|monotonic_ms=120|clock_delta_ms=6.3
35|clock_suspect=0
PMLE_LIVE_REPLAY_TIC|tic=2597|mle_ms=30.037|monotonic_ms=30|clock_delta_ms=.037|
clock_suspect=0
PMLE_LIVE_REPLAY_TIC|tic=2598|mle_ms=30.76|monotonic_ms=30|clock_delta_ms=.76|cl
ock_suspect=0
PMLE_LIVE_REPLAY_TIC|tic=2599|mle_ms=116.559|monotonic_ms=120|clock_delta_ms=3.4
41|clock_suspect=0
PMLE_LIVE_REPLAY_TIC|tic=2600|mle_ms=32.159|monotonic_ms=30|clock_delta_ms=2.159
|clock_suspect=0
PMLE_LIVE_REPLAY_TIC|tic=2601|mle_ms=64.798|monotonic_ms=60|clock_delta_ms=4.798
|clock_suspect=0
PMLE_LIVE_REPLAY_TIC|tic=2602|mle_ms=140.488|monotonic_ms=140|clock_delta_ms=.48
8|clock_suspect=0
PMLE_LIVE_REPLAY_TIC|tic=2603|mle_ms=43.93|monotonic_ms=50|clock_delta_ms=6.07|c
lock_suspect=0
PMLE_LIVE_REPLAY_TIC|tic=2604|mle_ms=43.64|monotonic_ms=40|clock_delta_ms=3.64|c
lock_suspect=0
PMLE_LIVE_REPLAY_TIC|tic=2605|mle_ms=127.818|monotonic_ms=130|clock_delta_ms=2.1
82|clock_suspect=0
PMLE_LIVE_REPLAY_TIC|tic=2606|mle_ms=45.861|monotonic_ms=50|clock_delta_ms=4.139
|clock_suspect=0
PMLE_LIVE_REPLAY_TIC|tic=2607|mle_ms=28.303|monotonic_ms=20|clock_delta_ms=8.303
|clock_suspect=0
PMLE_LIVE_REPLAY_TIC|tic=2608|mle_ms=121.272|monotonic_ms=130|clock_delta_ms=8.7
28|clock_suspect=0
PMLE_LIVE_REPLAY_TIC|tic=2609|mle_ms=34.769|monotonic_ms=30|clock_delta_ms=4.769
|clock_suspect=0
PMLE_LIVE_REPLAY_TIC|tic=2610|mle_ms=37.596|monotonic_ms=40|clock_delta_ms=2.404
|clock_suspect=0
PMLE_LIVE_REPLAY_TIC|tic=2611|mle_ms=184.926|monotonic_ms=180|clock_delta_ms=4.9
26|clock_suspect=0
PMLE_LIVE_REPLAY_TIC|tic=2612|mle_ms=34.421|monotonic_ms=40|clock_delta_ms=5.579
|clock_suspect=0
PMLE_LIVE_REPLAY_TIC|tic=2613|mle_ms=68.009|monotonic_ms=70|clock_delta_ms=1.991
|clock_suspect=0
PMLE_LIVE_REPLAY_TIC|tic=2614|mle_ms=196.928|monotonic_ms=190|clock_delta_ms=6.9
28|clock_suspect=0
PMLE_LIVE_REPLAY_TIC|tic=2615|mle_ms=45.548|monotonic_ms=50|clock_delta_ms=4.452
|clock_suspect=0
PMLE_LIVE_REPLAY_TIC|tic=2616|mle_ms=63.459|monotonic_ms=60|clock_delta_ms=3.459
|clock_suspect=0
PMLE_LIVE_REPLAY_TIC|tic=2617|mle_ms=148.79|monotonic_ms=150|clock_delta_ms=1.21
|clock_suspect=0
PMLE_LIVE_REPLAY_TIC|tic=2618|mle_ms=30.177|monotonic_ms=30|clock_delta_ms=.177|
clock_suspect=0
PMLE_LIVE_REPLAY_TIC|tic=2619|mle_ms=34.266|monotonic_ms=30|clock_delta_ms=4.266
|clock_suspect=0
PMLE_LIVE_REPLAY_TIC|tic=2620|mle_ms=137.472|monotonic_ms=130|clock_delta_ms=7.4
72|clock_suspect=0
PMLE_LIVE_REPLAY_TIC|tic=2621|mle_ms=68.069|monotonic_ms=70|clock_delta_ms=1.931
|clock_suspect=0
PMLE_LIVE_REPLAY_TIC|tic=2622|mle_ms=33.483|monotonic_ms=30|clock_delta_ms=3.483
|clock_suspect=0
PMLE_LIVE_REPLAY_TIC|tic=2623|mle_ms=165.021|monotonic_ms=170|clock_delta_ms=4.9
79|clock_suspect=0
PMLE_LIVE_REPLAY_TIC|tic=2624|mle_ms=39.073|monotonic_ms=40|clock_delta_ms=.927|
clock_suspect=0
PMLE_LIVE_REPLAY_TIC|tic=2625|mle_ms=28.833|monotonic_ms=30|clock_delta_ms=1.167
|clock_suspect=0
PMLE_LIVE_REPLAY_TIC|tic=2626|mle_ms=162.496|monotonic_ms=160|clock_delta_ms=2.4
96|clock_suspect=0
PMLE_LIVE_REPLAY_TIC|tic=2627|mle_ms=34.439|monotonic_ms=30|clock_delta_ms=4.439
|clock_suspect=0
PMLE_LIVE_REPLAY_TIC|tic=2628|mle_ms=35.041|monotonic_ms=40|clock_delta_ms=4.959
|clock_suspect=0
PMLE_LIVE_REPLAY_TIC|tic=2629|mle_ms=175.806|monotonic_ms=180|clock_delta_ms=4.1
94|clock_suspect=0
PMLE_LIVE_REPLAY_TIC|tic=2630|mle_ms=32.311|monotonic_ms=30|clock_delta_ms=2.311
|clock_suspect=0
PMLE_LIVE_REPLAY_TIC|tic=2631|mle_ms=63.95|monotonic_ms=60|clock_delta_ms=3.95|c
lock_suspect=0
PMLE_LIVE_REPLAY_TIC|tic=2632|mle_ms=210.613|monotonic_ms=210|clock_delta_ms=.61
3|clock_suspect=0
PMLE_LIVE_REPLAY_TIC|tic=2633|mle_ms=49.838|monotonic_ms=50|clock_delta_ms=.162|
clock_suspect=0
PMLE_LIVE_REPLAY_TIC|tic=2634|mle_ms=54.008|monotonic_ms=60|clock_delta_ms=5.992
|clock_suspect=0
PMLE_LIVE_REPLAY_TIC|tic=2635|mle_ms=204.212|monotonic_ms=200|clock_delta_ms=4.2
12|clock_suspect=0
PMLE_LIVE_REPLAY_TIC|tic=2636|mle_ms=58.523|monotonic_ms=60|clock_delta_ms=1.477
|clock_suspect=0
PMLE_LIVE_REPLAY_TIC|tic=2637|mle_ms=39.759|monotonic_ms=40|clock_delta_ms=.241|
clock_suspect=0
PMLE_LIVE_REPLAY_TIC|tic=2638|mle_ms=171.105|monotonic_ms=170|clock_delta_ms=1.1
05|clock_suspect=0
PMLE_LIVE_REPLAY_TIC|tic=2639|mle_ms=39.89|monotonic_ms=40|clock_delta_ms=.11|cl
ock_suspect=0
PMLE_LIVE_REPLAY_TIC|tic=2640|mle_ms=37.062|monotonic_ms=40|clock_delta_ms=2.938
|clock_suspect=0
PMLE_LIVE_REPLAY_TIC|tic=2641|mle_ms=186.126|monotonic_ms=180|clock_delta_ms=6.1
26|clock_suspect=0
PMLE_LIVE_REPLAY_TIC|tic=2642|mle_ms=14.831|monotonic_ms=20|clock_delta_ms=5.169
|clock_suspect=0
PMLE_LIVE_REPLAY_TIC|tic=2643|mle_ms=31.349|monotonic_ms=30|clock_delta_ms=1.349
|clock_suspect=0
PMLE_LIVE_REPLAY_TIC|tic=2644|mle_ms=145.377|monotonic_ms=150|clock_delta_ms=4.6
23|clock_suspect=0
PMLE_LIVE_REPLAY_TIC|tic=2645|mle_ms=14.983|monotonic_ms=10|clock_delta_ms=4.983
|clock_suspect=0
PMLE_LIVE_REPLAY_TIC|tic=2646|mle_ms=31.943|monotonic_ms=30|clock_delta_ms=1.943
|clock_suspect=0
PMLE_LIVE_REPLAY_TIC|tic=2647|mle_ms=135.43|monotonic_ms=140|clock_delta_ms=4.57
|clock_suspect=0
PMLE_LIVE_REPLAY_TIC|tic=2648|mle_ms=15.189|monotonic_ms=10|clock_delta_ms=5.189
|clock_suspect=0
PMLE_LIVE_REPLAY_TIC|tic=2649|mle_ms=18.197|monotonic_ms=20|clock_delta_ms=1.803
|clock_suspect=0
PMLE_LIVE_REPLAY_TIC|tic=2650|mle_ms=121.558|monotonic_ms=120|clock_delta_ms=1.5
58|clock_suspect=0
PMLE_LIVE_REPLAY_TIC|tic=2651|mle_ms=42.825|monotonic_ms=50|clock_delta_ms=7.175
|clock_suspect=0
PMLE_LIVE_REPLAY_TIC|tic=2652|mle_ms=14.813|monotonic_ms=10|clock_delta_ms=4.813
|clock_suspect=0
PMLE_LIVE_REPLAY_TIC|tic=2653|mle_ms=133.554|monotonic_ms=130|clock_delta_ms=3.5
54|clock_suspect=0
PMLE_LIVE_REPLAY_TIC|tic=2654|mle_ms=26.861|monotonic_ms=30|clock_delta_ms=3.139
|clock_suspect=0
PMLE_LIVE_REPLAY_TIC|tic=2655|mle_ms=16.308|monotonic_ms=20|clock_delta_ms=3.692
|clock_suspect=0
PMLE_LIVE_REPLAY_TIC|tic=2656|mle_ms=162.103|monotonic_ms=160|clock_delta_ms=2.1
03|clock_suspect=0
PMLE_LIVE_REPLAY_TIC|tic=2657|mle_ms=15.991|monotonic_ms=20|clock_delta_ms=4.009
|clock_suspect=0
PMLE_LIVE_REPLAY_TIC|tic=2658|mle_ms=16.91|monotonic_ms=10|clock_delta_ms=6.91|c
lock_suspect=0
PMLE_LIVE_REPLAY_TIC|tic=2659|mle_ms=118.94|monotonic_ms=120|clock_delta_ms=1.06
|clock_suspect=0
PMLE_LIVE_REPLAY_TIC|tic=2660|mle_ms=14.197|monotonic_ms=20|clock_delta_ms=5.803
|clock_suspect=0
PMLE_LIVE_REPLAY_TIC|tic=2661|mle_ms=46.22|monotonic_ms=40|clock_delta_ms=6.22|c
lock_suspect=0
PMLE_LIVE_REPLAY_TIC|tic=2662|mle_ms=124.926|monotonic_ms=130|clock_delta_ms=5.0
74|clock_suspect=0
PMLE_LIVE_REPLAY_TIC|tic=2663|mle_ms=32.063|monotonic_ms=30|clock_delta_ms=2.063
|clock_suspect=0
PMLE_LIVE_REPLAY_TIC|tic=2664|mle_ms=25.359|monotonic_ms=30|clock_delta_ms=4.641
|clock_suspect=0
PMLE_LIVE_REPLAY_TIC|tic=2665|mle_ms=123.881|monotonic_ms=120|clock_delta_ms=3.8
81|clock_suspect=0
PMLE_LIVE_REPLAY_TIC|tic=2666|mle_ms=27.766|monotonic_ms=30|clock_delta_ms=2.234
|clock_suspect=0
PMLE_LIVE_REPLAY_TIC|tic=2667|mle_ms=10.415|monotonic_ms=10|clock_delta_ms=.415|
clock_suspect=0
PMLE_LIVE_REPLAY_TIC|tic=2668|mle_ms=116.221|monotonic_ms=110|clock_delta_ms=6.2
21|clock_suspect=0
PMLE_LIVE_REPLAY_TIC|tic=2669|mle_ms=12.673|monotonic_ms=20|clock_delta_ms=7.327
|clock_suspect=0
PMLE_LIVE_REPLAY_TIC|tic=2670|mle_ms=12.456|monotonic_ms=10|clock_delta_ms=2.456
|clock_suspect=0
PMLE_LIVE_REPLAY_TIC|tic=2671|mle_ms=157.497|monotonic_ms=160|clock_delta_ms=2.5
03|clock_suspect=0
PMLE_LIVE_REPLAY_TIC|tic=2672|mle_ms=13.704|monotonic_ms=10|clock_delta_ms=3.704
|clock_suspect=0
PMLE_LIVE_REPLAY_TIC|tic=2673|mle_ms=26.372|monotonic_ms=30|clock_delta_ms=3.628
|clock_suspect=0
PMLE_LIVE_REPLAY_TIC|tic=2674|mle_ms=136.483|monotonic_ms=130|clock_delta_ms=6.4
83|clock_suspect=0
PMLE_LIVE_REPLAY_TIC|tic=2675|mle_ms=16.865|monotonic_ms=20|clock_delta_ms=3.135
|clock_suspect=0
PMLE_LIVE_REPLAY_TIC|tic=2676|mle_ms=32.673|monotonic_ms=30|clock_delta_ms=2.673
|clock_suspect=0
PMLE_LIVE_REPLAY_TIC|tic=2677|mle_ms=139.222|monotonic_ms=140|clock_delta_ms=.77
8|clock_suspect=0
PMLE_LIVE_REPLAY_TIC|tic=2678|mle_ms=13.616|monotonic_ms=20|clock_delta_ms=6.384
|clock_suspect=0
PMLE_LIVE_REPLAY_TIC|tic=2679|mle_ms=15.808|monotonic_ms=10|clock_delta_ms=5.808
|clock_suspect=0
PMLE_LIVE_REPLAY_TIC|tic=2680|mle_ms=132.196|monotonic_ms=130|clock_delta_ms=2.1
96|clock_suspect=0
PMLE_LIVE_REPLAY_TIC|tic=2681|mle_ms=53.667|monotonic_ms=60|clock_delta_ms=6.333
|clock_suspect=0
PMLE_LIVE_REPLAY_TIC|tic=2682|mle_ms=16.581|monotonic_ms=20|clock_delta_ms=3.419
|clock_suspect=0
PMLE_LIVE_REPLAY_TIC|tic=2683|mle_ms=168.367|monotonic_ms=160|clock_delta_ms=8.3
67|clock_suspect=0
PMLE_LIVE_REPLAY_TIC|tic=2684|mle_ms=26.794|monotonic_ms=30|clock_delta_ms=3.206
|clock_suspect=0
PMLE_LIVE_REPLAY_TIC|tic=2685|mle_ms=15.359|monotonic_ms=20|clock_delta_ms=4.641
|clock_suspect=0
PMLE_LIVE_REPLAY_TIC|tic=2686|mle_ms=136.851|monotonic_ms=130|clock_delta_ms=6.8
51|clock_suspect=0
PMLE_LIVE_REPLAY_TIC|tic=2687|mle_ms=11.867|monotonic_ms=10|clock_delta_ms=1.867
|clock_suspect=0
PMLE_LIVE_REPLAY_TIC|tic=2688|mle_ms=13.494|monotonic_ms=20|clock_delta_ms=6.506
|clock_suspect=0
PMLE_LIVE_REPLAY_TIC|tic=2689|mle_ms=122.304|monotonic_ms=120|clock_delta_ms=2.3
04|clock_suspect=0
PMLE_LIVE_REPLAY_TIC|tic=2690|mle_ms=11.012|monotonic_ms=10|clock_delta_ms=1.012
|clock_suspect=0
PMLE_LIVE_REPLAY_TIC|tic=2691|mle_ms=40.548|monotonic_ms=40|clock_delta_ms=.548|
clock_suspect=0
PMLE_LIVE_REPLAY_TIC|tic=2692|mle_ms=128.471|monotonic_ms=130|clock_delta_ms=1.5
29|clock_suspect=0
PMLE_LIVE_REPLAY_TIC|tic=2693|mle_ms=26.926|monotonic_ms=30|clock_delta_ms=3.074
|clock_suspect=0
PMLE_LIVE_REPLAY_TIC|tic=2694|mle_ms=22.266|monotonic_ms=20|clock_delta_ms=2.266
|clock_suspect=0
PMLE_LIVE_REPLAY_TIC|tic=2695|mle_ms=127.422|monotonic_ms=130|clock_delta_ms=2.5
78|clock_suspect=0
PMLE_LIVE_REPLAY_TIC|tic=2696|mle_ms=29.733|monotonic_ms=30|clock_delta_ms=.267|
clock_suspect=0
PMLE_LIVE_REPLAY_TIC|tic=2697|mle_ms=13.527|monotonic_ms=10|clock_delta_ms=3.527
|clock_suspect=0
PMLE_LIVE_REPLAY_TIC|tic=2698|mle_ms=132.818|monotonic_ms=130|clock_delta_ms=2.8
18|clock_suspect=0
PMLE_LIVE_REPLAY_TIC|tic=2699|mle_ms=13.964|monotonic_ms=20|clock_delta_ms=6.036
|clock_suspect=0
PMLE_LIVE_REPLAY_TIC|tic=2700|mle_ms=13.223|monotonic_ms=10|clock_delta_ms=3.223
|clock_suspect=0
PMLE_LIVE_REPLAY_TIC|tic=2701|mle_ms=150.05|monotonic_ms=150|clock_delta_ms=.05|
clock_suspect=0
PMLE_LIVE_REPLAY_TIC|tic=2702|mle_ms=14.407|monotonic_ms=20|clock_delta_ms=5.593
|clock_suspect=0
PMLE_LIVE_REPLAY_TIC|tic=2703|mle_ms=26.344|monotonic_ms=20|clock_delta_ms=6.344
|clock_suspect=0
PMLE_LIVE_REPLAY_TIC|tic=2704|mle_ms=134.785|monotonic_ms=140|clock_delta_ms=5.2
15|clock_suspect=0
PMLE_LIVE_REPLAY_TIC|tic=2705|mle_ms=12.762|monotonic_ms=10|clock_delta_ms=2.762
|clock_suspect=0
PMLE_LIVE_REPLAY_TIC|tic=2706|mle_ms=31.366|monotonic_ms=30|clock_delta_ms=1.366
|clock_suspect=0
PMLE_LIVE_REPLAY_TIC|tic=2707|mle_ms=134.519|monotonic_ms=140|clock_delta_ms=5.4
81|clock_suspect=0
PMLE_LIVE_REPLAY_TIC|tic=2708|mle_ms=12.856|monotonic_ms=10|clock_delta_ms=2.856
|clock_suspect=0
PMLE_LIVE_REPLAY_TIC|tic=2709|mle_ms=13.192|monotonic_ms=10|clock_delta_ms=3.192
|clock_suspect=0
PMLE_LIVE_REPLAY_TIC|tic=2710|mle_ms=155.498|monotonic_ms=160|clock_delta_ms=4.5
02|clock_suspect=0
PMLE_LIVE_REPLAY_TIC|tic=2711|mle_ms=42.117|monotonic_ms=40|clock_delta_ms=2.117
|clock_suspect=0
PMLE_LIVE_REPLAY_TIC|tic=2712|mle_ms=15.618|monotonic_ms=20|clock_delta_ms=4.382
|clock_suspect=0
PMLE_LIVE_REPLAY_TIC|tic=2713|mle_ms=162.884|monotonic_ms=160|clock_delta_ms=2.8
84|clock_suspect=0
PMLE_LIVE_REPLAY_TIC|tic=2714|mle_ms=25.872|monotonic_ms=30|clock_delta_ms=4.128
|clock_suspect=0
PMLE_LIVE_REPLAY_TIC|tic=2715|mle_ms=13.619|monotonic_ms=10|clock_delta_ms=3.619
|clock_suspect=0
PMLE_LIVE_REPLAY_TIC|tic=2716|mle_ms=134.77|monotonic_ms=130|clock_delta_ms=4.77
|clock_suspect=0
PMLE_LIVE_REPLAY_TIC|tic=2717|mle_ms=12.361|monotonic_ms=20|clock_delta_ms=7.639
|clock_suspect=0
PMLE_LIVE_REPLAY_TIC|tic=2718|mle_ms=12.677|monotonic_ms=10|clock_delta_ms=2.677
|clock_suspect=0
PMLE_LIVE_REPLAY_TIC|tic=2719|mle_ms=124.954|monotonic_ms=120|clock_delta_ms=4.9
54|clock_suspect=0
PMLE_LIVE_REPLAY_TIC|tic=2720|mle_ms=13.669|monotonic_ms=20|clock_delta_ms=6.331
|clock_suspect=0
PMLE_LIVE_REPLAY_TIC|tic=2721|mle_ms=45.38|monotonic_ms=40|clock_delta_ms=5.38|c
lock_suspect=0
PMLE_LIVE_REPLAY_TIC|tic=2722|mle_ms=131.924|monotonic_ms=140|clock_delta_ms=8.0
76|clock_suspect=0
PMLE_LIVE_REPLAY_TIC|tic=2723|mle_ms=33.15|monotonic_ms=30|clock_delta_ms=3.15|c
lock_suspect=0
PMLE_LIVE_REPLAY_TIC|tic=2724|mle_ms=29.437|monotonic_ms=30|clock_delta_ms=.563|
clock_suspect=0
PMLE_LIVE_REPLAY_TIC|tic=2725|mle_ms=157.249|monotonic_ms=160|clock_delta_ms=2.7
51|clock_suspect=0
PMLE_LIVE_REPLAY_TIC|tic=2726|mle_ms=31.013|monotonic_ms=30|clock_delta_ms=1.013
|clock_suspect=0
PMLE_LIVE_REPLAY_TIC|tic=2727|mle_ms=11.576|monotonic_ms=10|clock_delta_ms=1.576
|clock_suspect=0
PMLE_LIVE_REPLAY_TIC|tic=2728|mle_ms=198.518|monotonic_ms=200|clock_delta_ms=1.4
82|clock_suspect=0
PMLE_LIVE_REPLAY_TIC|tic=2729|mle_ms=14.899|monotonic_ms=10|clock_delta_ms=4.899
|clock_suspect=0
PMLE_LIVE_REPLAY_TIC|tic=2730|mle_ms=12.577|monotonic_ms=10|clock_delta_ms=2.577
|clock_suspect=0
PMLE_LIVE_REPLAY_TIC|tic=2731|mle_ms=148.219|monotonic_ms=150|clock_delta_ms=1.7
81|clock_suspect=0
PMLE_LIVE_REPLAY_TIC|tic=2732|mle_ms=12.584|monotonic_ms=20|clock_delta_ms=7.416
|clock_suspect=0
PMLE_LIVE_REPLAY_TIC|tic=2733|mle_ms=26.009|monotonic_ms=20|clock_delta_ms=6.009
|clock_suspect=0
PMLE_LIVE_REPLAY_TIC|tic=2734|mle_ms=140.745|monotonic_ms=140|clock_delta_ms=.74
5|clock_suspect=0
PMLE_LIVE_REPLAY_TIC|tic=2735|mle_ms=10.19|monotonic_ms=10|clock_delta_ms=.19|cl
ock_suspect=0
PMLE_LIVE_REPLAY_TIC|tic=2736|mle_ms=27.31|monotonic_ms=30|clock_delta_ms=2.69|c
lock_suspect=0
PMLE_LIVE_REPLAY_TIC|tic=2737|mle_ms=134.544|monotonic_ms=130|clock_delta_ms=4.5
44|clock_suspect=0
PMLE_LIVE_REPLAY_TIC|tic=2738|mle_ms=10.142|monotonic_ms=10|clock_delta_ms=.142|
clock_suspect=0
PMLE_LIVE_REPLAY_TIC|tic=2739|mle_ms=12.587|monotonic_ms=20|clock_delta_ms=7.413
|clock_suspect=0
PMLE_LIVE_REPLAY_TIC|tic=2740|mle_ms=118.862|monotonic_ms=120|clock_delta_ms=1.1
38|clock_suspect=0
PMLE_LIVE_REPLAY_TIC|tic=2741|mle_ms=40.977|monotonic_ms=40|clock_delta_ms=.977|
clock_suspect=0
PMLE_LIVE_REPLAY_TIC|tic=2742|mle_ms=11.942|monotonic_ms=10|clock_delta_ms=1.942
|clock_suspect=0
PMLE_LIVE_REPLAY_TIC|tic=2743|mle_ms=157.852|monotonic_ms=160|clock_delta_ms=2.1
48|clock_suspect=0
PMLE_LIVE_REPLAY_TIC|tic=2744|mle_ms=26.622|monotonic_ms=20|clock_delta_ms=6.622
|clock_suspect=0
PMLE_LIVE_REPLAY_TIC|tic=2745|mle_ms=12.851|monotonic_ms=20|clock_delta_ms=7.149
|clock_suspect=0
PMLE_LIVE_REPLAY_TIC|tic=2746|mle_ms=158.284|monotonic_ms=160|clock_delta_ms=1.7
16|clock_suspect=0
PMLE_LIVE_REPLAY_TIC|tic=2747|mle_ms=12.208|monotonic_ms=10|clock_delta_ms=2.208
|clock_suspect=0
PMLE_LIVE_REPLAY_TIC|tic=2748|mle_ms=13.399|monotonic_ms=10|clock_delta_ms=3.399
|clock_suspect=0
PMLE_LIVE_REPLAY_TIC|tic=2749|mle_ms=154.363|monotonic_ms=160|clock_delta_ms=5.6
37|clock_suspect=0
PMLE_LIVE_REPLAY_TIC|tic=2750|mle_ms=11.412|monotonic_ms=10|clock_delta_ms=1.412
|clock_suspect=0
PMLE_LIVE_REPLAY_TIC|tic=2751|mle_ms=46.737|monotonic_ms=40|clock_delta_ms=6.737
|clock_suspect=0
PMLE_LIVE_REPLAY_TIC|tic=2752|mle_ms=194.107|monotonic_ms=200|clock_delta_ms=5.8
93|clock_suspect=0
PMLE_LIVE_REPLAY_TIC|tic=2753|mle_ms=28.213|monotonic_ms=30|clock_delta_ms=1.787
|clock_suspect=0
PMLE_LIVE_REPLAY_TIC|tic=2754|mle_ms=23.202|monotonic_ms=20|clock_delta_ms=3.202
|clock_suspect=0
PMLE_LIVE_REPLAY_TIC|tic=2755|mle_ms=155.183|monotonic_ms=150|clock_delta_ms=5.1
83|clock_suspect=0
PMLE_LIVE_REPLAY_TIC|tic=2756|mle_ms=24.192|monotonic_ms=30|clock_delta_ms=5.808
|clock_suspect=0
PMLE_LIVE_REPLAY_TIC|tic=2757|mle_ms=7.425|monotonic_ms=10|clock_delta_ms=2.575|
clock_suspect=0
PMLE_LIVE_REPLAY_TIC|tic=2758|mle_ms=182.233|monotonic_ms=180|clock_delta_ms=2.2
33|clock_suspect=0
PMLE_LIVE_REPLAY_TIC|tic=2759|mle_ms=12.366|monotonic_ms=10|clock_delta_ms=2.366
|clock_suspect=0
PMLE_LIVE_REPLAY_TIC|tic=2760|mle_ms=10.354|monotonic_ms=10|clock_delta_ms=.354|
clock_suspect=0
PMLE_LIVE_REPLAY_TIC|tic=2761|mle_ms=181.274|monotonic_ms=180|clock_delta_ms=1.2
74|clock_suspect=0
PMLE_LIVE_REPLAY_TIC|tic=2762|mle_ms=9.694|monotonic_ms=10|clock_delta_ms=.306|c
lock_suspect=0
PMLE_LIVE_REPLAY_TIC|tic=2763|mle_ms=21.374|monotonic_ms=20|clock_delta_ms=1.374
|clock_suspect=0
PMLE_LIVE_REPLAY_TIC|tic=2764|mle_ms=142.668|monotonic_ms=150|clock_delta_ms=7.3
32|clock_suspect=0
PMLE_LIVE_REPLAY_TIC|tic=2765|mle_ms=7.952|monotonic_ms=10|clock_delta_ms=2.048|
clock_suspect=0
PMLE_LIVE_REPLAY_TIC|tic=2766|mle_ms=21.838|monotonic_ms=20|clock_delta_ms=1.838
|clock_suspect=0
PMLE_LIVE_REPLAY_TIC|tic=2767|mle_ms=140.468|monotonic_ms=140|clock_delta_ms=.46
8|clock_suspect=0
PMLE_LIVE_REPLAY_TIC|tic=2768|mle_ms=9.569|monotonic_ms=10|clock_delta_ms=.431|c
lock_suspect=0
PMLE_LIVE_REPLAY_TIC|tic=2769|mle_ms=12.481|monotonic_ms=10|clock_delta_ms=2.481
|clock_suspect=0
PMLE_LIVE_REPLAY_TIC|tic=2770|mle_ms=136.347|monotonic_ms=140|clock_delta_ms=3.6
53|clock_suspect=0
PMLE_LIVE_REPLAY_TIC|tic=2771|mle_ms=39.31|monotonic_ms=40|clock_delta_ms=.69|cl
ock_suspect=0
PMLE_LIVE_REPLAY_TIC|tic=2772|mle_ms=10.657|monotonic_ms=10|clock_delta_ms=.657|
clock_suspect=0
PMLE_LIVE_REPLAY_TIC|tic=2773|mle_ms=181.848|monotonic_ms=180|clock_delta_ms=1.8
48|clock_suspect=0
PMLE_LIVE_REPLAY_TIC|tic=2774|mle_ms=21.655|monotonic_ms=20|clock_delta_ms=1.655
|clock_suspect=0
PMLE_LIVE_REPLAY_TIC|tic=2775|mle_ms=14.821|monotonic_ms=10|clock_delta_ms=4.821
|clock_suspect=0
PMLE_LIVE_REPLAY_TIC|tic=2776|mle_ms=138.298|monotonic_ms=140|clock_delta_ms=1.7
02|clock_suspect=0
PMLE_LIVE_REPLAY_TIC|tic=2777|mle_ms=7.499|monotonic_ms=10|clock_delta_ms=2.501|
clock_suspect=0
PMLE_LIVE_REPLAY_TIC|tic=2778|mle_ms=8.763|monotonic_ms=10|clock_delta_ms=1.237|
clock_suspect=0
PMLE_LIVE_REPLAY_TIC|tic=2779|mle_ms=132.485|monotonic_ms=130|clock_delta_ms=2.4
85|clock_suspect=0
PMLE_LIVE_REPLAY_TIC|tic=2780|mle_ms=8.884|monotonic_ms=10|clock_delta_ms=1.116|
clock_suspect=0
PMLE_LIVE_REPLAY_TIC|tic=2781|mle_ms=38.62|monotonic_ms=40|clock_delta_ms=1.38|c
lock_suspect=0
PMLE_LIVE_REPLAY_TIC|tic=2782|mle_ms=116.927|monotonic_ms=120|clock_delta_ms=3.0
73|clock_suspect=0
PMLE_LIVE_REPLAY_TIC|tic=2783|mle_ms=22.421|monotonic_ms=20|clock_delta_ms=2.421
|clock_suspect=0
PMLE_LIVE_REPLAY_TIC|tic=2784|mle_ms=20.057|monotonic_ms=20|clock_delta_ms=.057|
clock_suspect=0
PMLE_LIVE_REPLAY_TIC|tic=2785|mle_ms=136.578|monotonic_ms=140|clock_delta_ms=3.4
22|clock_suspect=0
PMLE_LIVE_REPLAY_TIC|tic=2786|mle_ms=21.424|monotonic_ms=20|clock_delta_ms=1.424
|clock_suspect=0
PMLE_LIVE_REPLAY_TIC|tic=2787|mle_ms=7.263|monotonic_ms=10|clock_delta_ms=2.737|
clock_suspect=0
PMLE_LIVE_REPLAY_TIC|tic=2788|mle_ms=144.618|monotonic_ms=140|clock_delta_ms=4.6
18|clock_suspect=0
PMLE_LIVE_REPLAY_TIC|tic=2789|mle_ms=11.563|monotonic_ms=10|clock_delta_ms=1.563
|clock_suspect=0
PMLE_LIVE_REPLAY_TIC|tic=2790|mle_ms=9.438|monotonic_ms=10|clock_delta_ms=.562|c
lock_suspect=0
PMLE_LIVE_REPLAY_TIC|tic=2791|mle_ms=150.103|monotonic_ms=150|clock_delta_ms=.10
3|clock_suspect=0
PMLE_LIVE_REPLAY_TIC|tic=2792|mle_ms=11.099|monotonic_ms=10|clock_delta_ms=1.099
|clock_suspect=0
PMLE_LIVE_REPLAY_TIC|tic=2793|mle_ms=26.941|monotonic_ms=30|clock_delta_ms=3.059
|clock_suspect=0
PMLE_LIVE_REPLAY_TIC|tic=2794|mle_ms=148.105|monotonic_ms=150|clock_delta_ms=1.8
95|clock_suspect=0
PMLE_LIVE_REPLAY_TIC|tic=2795|mle_ms=10.559|monotonic_ms=10|clock_delta_ms=.559|
clock_suspect=0
PMLE_LIVE_REPLAY_TIC|tic=2796|mle_ms=25.235|monotonic_ms=20|clock_delta_ms=5.235
|clock_suspect=0
PMLE_LIVE_REPLAY_TIC|tic=2797|mle_ms=149.758|monotonic_ms=150|clock_delta_ms=.24
2|clock_suspect=0
PMLE_LIVE_REPLAY_TIC|tic=2798|mle_ms=8.58|monotonic_ms=10|clock_delta_ms=1.42|cl
ock_suspect=0
PMLE_LIVE_REPLAY_TIC|tic=2799|mle_ms=13.694|monotonic_ms=20|clock_delta_ms=6.306
|clock_suspect=0
PMLE_LIVE_REPLAY_TIC|tic=2800|mle_ms=152.994|monotonic_ms=150|clock_delta_ms=2.9
94|clock_suspect=0
PMLE_LIVE_REPLAY_TIC|tic=2801|mle_ms=46.567|monotonic_ms=50|clock_delta_ms=3.433
|clock_suspect=0
PMLE_LIVE_REPLAY_TIC|tic=2802|mle_ms=11.491|monotonic_ms=10|clock_delta_ms=1.491
|clock_suspect=0
PMLE_LIVE_REPLAY_TIC|tic=2803|mle_ms=163.471|monotonic_ms=160|clock_delta_ms=3.4
71|clock_suspect=0
PMLE_LIVE_REPLAY_TIC|tic=2804|mle_ms=21.677|monotonic_ms=30|clock_delta_ms=8.323
|clock_suspect=0
PMLE_LIVE_REPLAY_TIC|tic=2805|mle_ms=10.053|monotonic_ms=10|clock_delta_ms=.053|
clock_suspect=0
PMLE_LIVE_REPLAY_TIC|tic=2806|mle_ms=147.088|monotonic_ms=140|clock_delta_ms=7.0
88|clock_suspect=0
PMLE_LIVE_REPLAY_TIC|tic=2807|mle_ms=7.952|monotonic_ms=10|clock_delta_ms=2.048|
clock_suspect=0
PMLE_LIVE_REPLAY_TIC|tic=2808|mle_ms=8.716|monotonic_ms=10|clock_delta_ms=1.284|
clock_suspect=0
PMLE_LIVE_REPLAY_TIC|tic=2809|mle_ms=189.723|monotonic_ms=190|clock_delta_ms=.27
7|clock_suspect=0
PMLE_LIVE_REPLAY_TIC|tic=2810|mle_ms=9.897|monotonic_ms=10|clock_delta_ms=.103|c
lock_suspect=0
PMLE_LIVE_REPLAY_TIC|tic=2811|mle_ms=48.677|monotonic_ms=50|clock_delta_ms=1.323
|clock_suspect=0
PMLE_LIVE_REPLAY_TIC|tic=2812|mle_ms=171.523|monotonic_ms=170|clock_delta_ms=1.5
23|clock_suspect=0
PMLE_LIVE_REPLAY_TIC|tic=2813|mle_ms=26.564|monotonic_ms=30|clock_delta_ms=3.436
|clock_suspect=0
PMLE_LIVE_REPLAY_TIC|tic=2814|mle_ms=21.572|monotonic_ms=20|clock_delta_ms=1.572
|clock_suspect=0
PMLE_LIVE_REPLAY_TIC|tic=2815|mle_ms=136.888|monotonic_ms=130|clock_delta_ms=6.8
88|clock_suspect=0
PMLE_LIVE_REPLAY_TIC|tic=2816|mle_ms=25.522|monotonic_ms=30|clock_delta_ms=4.478
|clock_suspect=0
PMLE_LIVE_REPLAY_TIC|tic=2817|mle_ms=8.774|monotonic_ms=10|clock_delta_ms=1.226|
clock_suspect=0
PMLE_LIVE_REPLAY_TIC|tic=2818|mle_ms=119.545|monotonic_ms=120|clock_delta_ms=.45
5|clock_suspect=0
PMLE_LIVE_REPLAY_TIC|tic=2819|mle_ms=11.466|monotonic_ms=10|clock_delta_ms=1.466
|clock_suspect=0
PMLE_LIVE_REPLAY_TIC|tic=2820|mle_ms=9.171|monotonic_ms=10|clock_delta_ms=.829|c
lock_suspect=0
PMLE_LIVE_REPLAY_TIC|tic=2821|mle_ms=155.702|monotonic_ms=160|clock_delta_ms=4.2
98|clock_suspect=0
PMLE_LIVE_REPLAY_TIC|tic=2822|mle_ms=10.105|monotonic_ms=10|clock_delta_ms=.105|
clock_suspect=0
PMLE_LIVE_REPLAY_TIC|tic=2823|mle_ms=22.814|monotonic_ms=20|clock_delta_ms=2.814
|clock_suspect=0
PMLE_LIVE_REPLAY_TIC|tic=2824|mle_ms=151.151|monotonic_ms=150|clock_delta_ms=1.1
51|clock_suspect=0
PMLE_LIVE_REPLAY_TIC|tic=2825|mle_ms=9.206|monotonic_ms=10|clock_delta_ms=.794|c
lock_suspect=0
PMLE_LIVE_REPLAY_TIC|tic=2826|mle_ms=26.452|monotonic_ms=30|clock_delta_ms=3.548
|clock_suspect=0
PMLE_LIVE_REPLAY_TIC|tic=2827|mle_ms=141.06|monotonic_ms=140|clock_delta_ms=1.06
|clock_suspect=0
PMLE_LIVE_REPLAY_TIC|tic=2828|mle_ms=7.898|monotonic_ms=0|clock_delta_ms=7.898|c
lock_suspect=0
PMLE_LIVE_REPLAY_TIC|tic=2829|mle_ms=9.703|monotonic_ms=10|clock_delta_ms=.297|c
lock_suspect=0
PMLE_LIVE_REPLAY_TIC|tic=2830|mle_ms=116.074|monotonic_ms=120|clock_delta_ms=3.9
26|clock_suspect=0
PMLE_LIVE_REPLAY_TIC|tic=2831|mle_ms=37.341|monotonic_ms=40|clock_delta_ms=2.659
|clock_suspect=0
PMLE_LIVE_REPLAY_TIC|tic=2832|mle_ms=10.177|monotonic_ms=10|clock_delta_ms=.177|
clock_suspect=0
PMLE_LIVE_REPLAY_TIC|tic=2833|mle_ms=138.14|monotonic_ms=140|clock_delta_ms=1.86
|clock_suspect=0
PMLE_LIVE_REPLAY_TIC|tic=2834|mle_ms=17.467|monotonic_ms=10|clock_delta_ms=7.467
|clock_suspect=0
PMLE_LIVE_REPLAY_TIC|tic=2835|mle_ms=8.15|monotonic_ms=10|clock_delta_ms=1.85|cl
ock_suspect=0
PMLE_LIVE_REPLAY_TIC|tic=2836|mle_ms=150.508|monotonic_ms=150|clock_delta_ms=.50
8|clock_suspect=0
PMLE_LIVE_REPLAY_TIC|tic=2837|mle_ms=8.28|monotonic_ms=10|clock_delta_ms=1.72|cl
ock_suspect=0
PMLE_LIVE_REPLAY_TIC|tic=2838|mle_ms=10.244|monotonic_ms=10|clock_delta_ms=.244|
clock_suspect=0
PMLE_LIVE_REPLAY_TIC|tic=2839|mle_ms=139.164|monotonic_ms=140|clock_delta_ms=.83
6|clock_suspect=0
PMLE_LIVE_REPLAY_TIC|tic=2840|mle_ms=9.444|monotonic_ms=10|clock_delta_ms=.556|c
lock_suspect=0
PMLE_LIVE_REPLAY_TIC|tic=2841|mle_ms=36.956|monotonic_ms=40|clock_delta_ms=3.044
|clock_suspect=0
PMLE_LIVE_REPLAY_TIC|tic=2842|mle_ms=178.163|monotonic_ms=180|clock_delta_ms=1.8
37|clock_suspect=0
PMLE_LIVE_REPLAY_TIC|tic=2843|mle_ms=23.031|monotonic_ms=20|clock_delta_ms=3.031
|clock_suspect=0
PMLE_LIVE_REPLAY_TIC|tic=2844|mle_ms=20.357|monotonic_ms=20|clock_delta_ms=.357|
clock_suspect=0
PMLE_LIVE_REPLAY_TIC|tic=2845|mle_ms=139.199|monotonic_ms=140|clock_delta_ms=.80
1|clock_suspect=0
PMLE_LIVE_REPLAY_TIC|tic=2846|mle_ms=23.178|monotonic_ms=20|clock_delta_ms=3.178
|clock_suspect=0
PMLE_LIVE_REPLAY_TIC|tic=2847|mle_ms=8.662|monotonic_ms=10|clock_delta_ms=1.338|
clock_suspect=0
PMLE_LIVE_REPLAY_TIC|tic=2848|mle_ms=125.1|monotonic_ms=130|clock_delta_ms=4.9|c
lock_suspect=0
PMLE_LIVE_REPLAY_TIC|tic=2849|mle_ms=10.349|monotonic_ms=10|clock_delta_ms=.349|
clock_suspect=0
PMLE_LIVE_REPLAY_TIC|tic=2850|mle_ms=9.208|monotonic_ms=10|clock_delta_ms=.792|c
lock_suspect=0
PMLE_LIVE_REPLAY_TIC|tic=2851|mle_ms=163.078|monotonic_ms=160|clock_delta_ms=3.0
78|clock_suspect=0
PMLE_LIVE_REPLAY_TIC|tic=2852|mle_ms=9.586|monotonic_ms=10|clock_delta_ms=.414|c
lock_suspect=0
PMLE_LIVE_REPLAY_TIC|tic=2853|mle_ms=21.691|monotonic_ms=20|clock_delta_ms=1.691
|clock_suspect=0
PMLE_LIVE_REPLAY_TIC|tic=2854|mle_ms=125.425|monotonic_ms=130|clock_delta_ms=4.5
75|clock_suspect=0
PMLE_LIVE_REPLAY_TIC|tic=2855|mle_ms=8.528|monotonic_ms=0|clock_delta_ms=8.528|c
lock_suspect=0
PMLE_LIVE_REPLAY_TIC|tic=2856|mle_ms=22.317|monotonic_ms=30|clock_delta_ms=7.683
|clock_suspect=0
PMLE_LIVE_REPLAY_TIC|tic=2857|mle_ms=115.052|monotonic_ms=110|clock_delta_ms=5.0
52|clock_suspect=0
PMLE_LIVE_REPLAY_TIC|tic=2858|mle_ms=8.867|monotonic_ms=10|clock_delta_ms=1.133|
clock_suspect=0
PMLE_LIVE_REPLAY_TIC|tic=2859|mle_ms=11.131|monotonic_ms=10|clock_delta_ms=1.131
|clock_suspect=0
PMLE_LIVE_REPLAY_TIC|tic=2860|mle_ms=125.332|monotonic_ms=130|clock_delta_ms=4.6
68|clock_suspect=0
PMLE_LIVE_REPLAY_TIC|tic=2861|mle_ms=37.325|monotonic_ms=30|clock_delta_ms=7.325
|clock_suspect=0
PMLE_LIVE_REPLAY_TIC|tic=2862|mle_ms=9.281|monotonic_ms=10|clock_delta_ms=.719|c
lock_suspect=0
PMLE_LIVE_REPLAY_TIC|tic=2863|mle_ms=147.997|monotonic_ms=150|clock_delta_ms=2.0
03|clock_suspect=0
PMLE_LIVE_REPLAY_TIC|tic=2864|mle_ms=17.533|monotonic_ms=20|clock_delta_ms=2.467
|clock_suspect=0
PMLE_LIVE_REPLAY_TIC|tic=2865|mle_ms=8.625|monotonic_ms=10|clock_delta_ms=1.375|
clock_suspect=0
PMLE_LIVE_REPLAY_TIC|tic=2866|mle_ms=135.544|monotonic_ms=130|clock_delta_ms=5.5
44|clock_suspect=0
PMLE_LIVE_REPLAY_TIC|tic=2867|mle_ms=10.011|monotonic_ms=10|clock_delta_ms=.011|
clock_suspect=0
PMLE_LIVE_REPLAY_TIC|tic=2868|mle_ms=11.262|monotonic_ms=20|clock_delta_ms=8.738
|clock_suspect=0
PMLE_LIVE_REPLAY_TIC|tic=2869|mle_ms=141.784|monotonic_ms=140|clock_delta_ms=1.7
84|clock_suspect=0
PMLE_LIVE_REPLAY_TIC|tic=2870|mle_ms=8.233|monotonic_ms=10|clock_delta_ms=1.767|
clock_suspect=0
PMLE_LIVE_REPLAY_TIC|tic=2871|mle_ms=40.256|monotonic_ms=40|clock_delta_ms=.256|
clock_suspect=0
PMLE_LIVE_REPLAY_TIC|tic=2872|mle_ms=134.721|monotonic_ms=130|clock_delta_ms=4.7
21|clock_suspect=0
PMLE_LIVE_REPLAY_TIC|tic=2873|mle_ms=26.744|monotonic_ms=30|clock_delta_ms=3.256
|clock_suspect=0
PMLE_LIVE_REPLAY_TIC|tic=2874|mle_ms=20.492|monotonic_ms=20|clock_delta_ms=.492|
clock_suspect=0
PMLE_LIVE_REPLAY_TIC|tic=2875|mle_ms=121.527|monotonic_ms=120|clock_delta_ms=1.5
27|clock_suspect=0
PMLE_LIVE_REPLAY_TIC|tic=2876|mle_ms=22.033|monotonic_ms=20|clock_delta_ms=2.033
|clock_suspect=0
PMLE_LIVE_REPLAY_TIC|tic=2877|mle_ms=8.491|monotonic_ms=10|clock_delta_ms=1.509|
clock_suspect=0
PMLE_LIVE_REPLAY_TIC|tic=2878|mle_ms=127.558|monotonic_ms=130|clock_delta_ms=2.4
42|clock_suspect=0
PMLE_LIVE_REPLAY_TIC|tic=2879|mle_ms=9.889|monotonic_ms=10|clock_delta_ms=.111|c
lock_suspect=0
PMLE_LIVE_REPLAY_TIC|tic=2880|mle_ms=8.369|monotonic_ms=10|clock_delta_ms=1.631|
clock_suspect=0
PMLE_LIVE_REPLAY_TIC|tic=2881|mle_ms=160.995|monotonic_ms=160|clock_delta_ms=.99
5|clock_suspect=0
PMLE_LIVE_REPLAY_TIC|tic=2882|mle_ms=9.198|monotonic_ms=10|clock_delta_ms=.802|c
lock_suspect=0
PMLE_LIVE_REPLAY_TIC|tic=2883|mle_ms=21.194|monotonic_ms=20|clock_delta_ms=1.194
|clock_suspect=0
PMLE_LIVE_REPLAY_TIC|tic=2884|mle_ms=143.656|monotonic_ms=140|clock_delta_ms=3.6
56|clock_suspect=0
PMLE_LIVE_REPLAY_TIC|tic=2885|mle_ms=11.04|monotonic_ms=10|clock_delta_ms=1.04|c
lock_suspect=0
PMLE_LIVE_REPLAY_TIC|tic=2886|mle_ms=28.229|monotonic_ms=30|clock_delta_ms=1.771
|clock_suspect=0
PMLE_LIVE_REPLAY_TIC|tic=2887|mle_ms=122.767|monotonic_ms=120|clock_delta_ms=2.7
67|clock_suspect=0
PMLE_LIVE_REPLAY_TIC|tic=2888|mle_ms=8.063|monotonic_ms=10|clock_delta_ms=1.937|
clock_suspect=0
PMLE_LIVE_REPLAY_TIC|tic=2889|mle_ms=9.555|monotonic_ms=10|clock_delta_ms=.445|c
lock_suspect=0
PMLE_LIVE_REPLAY_TIC|tic=2890|mle_ms=114.315|monotonic_ms=120|clock_delta_ms=5.6
85|clock_suspect=0
PMLE_LIVE_REPLAY_TIC|tic=2891|mle_ms=43.386|monotonic_ms=40|clock_delta_ms=3.386
|clock_suspect=0
PMLE_LIVE_REPLAY_TIC|tic=2892|mle_ms=13.922|monotonic_ms=10|clock_delta_ms=3.922
|clock_suspect=0
PMLE_LIVE_REPLAY_TIC|tic=2893|mle_ms=151.364|monotonic_ms=150|clock_delta_ms=1.3
64|clock_suspect=0
PMLE_LIVE_REPLAY_TIC|tic=2894|mle_ms=22.105|monotonic_ms=30|clock_delta_ms=7.895
|clock_suspect=0
PMLE_LIVE_REPLAY_TIC|tic=2895|mle_ms=9.864|monotonic_ms=10|clock_delta_ms=.136|c
lock_suspect=0
PMLE_LIVE_REPLAY_TIC|tic=2896|mle_ms=129.997|monotonic_ms=130|clock_delta_ms=.00
3|clock_suspect=0
PMLE_LIVE_REPLAY_TIC|tic=2897|mle_ms=7.573|monotonic_ms=0|clock_delta_ms=7.573|c
lock_suspect=0
PMLE_LIVE_REPLAY_TIC|tic=2898|mle_ms=9.498|monotonic_ms=10|clock_delta_ms=.502|c
lock_suspect=0
PMLE_LIVE_REPLAY_TIC|tic=2899|mle_ms=129.58|monotonic_ms=130|clock_delta_ms=.42|
clock_suspect=0
PMLE_LIVE_REPLAY_TIC|tic=2900|mle_ms=7.637|monotonic_ms=10|clock_delta_ms=2.363|
clock_suspect=0
PMLE_LIVE_REPLAY_TIC|tic=2901|mle_ms=37.987|monotonic_ms=40|clock_delta_ms=2.013
|clock_suspect=0
PMLE_LIVE_REPLAY_TIC|tic=2902|mle_ms=147.898|monotonic_ms=150|clock_delta_ms=2.1
02|clock_suspect=0
PMLE_LIVE_REPLAY_TIC|tic=2903|mle_ms=30.281|monotonic_ms=30|clock_delta_ms=.281|
clock_suspect=0
PMLE_LIVE_REPLAY_TIC|tic=2904|mle_ms=22.339|monotonic_ms=20|clock_delta_ms=2.339
|clock_suspect=0
PMLE_LIVE_REPLAY_TIC|tic=2905|mle_ms=144.899|monotonic_ms=140|clock_delta_ms=4.8
99|clock_suspect=0
PMLE_LIVE_REPLAY_TIC|tic=2906|mle_ms=29.458|monotonic_ms=30|clock_delta_ms=.542|
clock_suspect=0
PMLE_LIVE_REPLAY_TIC|tic=2907|mle_ms=10.648|monotonic_ms=10|clock_delta_ms=.648|
clock_suspect=0
PMLE_LIVE_REPLAY_TIC|tic=2908|mle_ms=123.195|monotonic_ms=130|clock_delta_ms=6.8
05|clock_suspect=0
PMLE_LIVE_REPLAY_TIC|tic=2909|mle_ms=12.353|monotonic_ms=10|clock_delta_ms=2.353
|clock_suspect=0
PMLE_LIVE_REPLAY_TIC|tic=2910|mle_ms=10.833|monotonic_ms=10|clock_delta_ms=.833|
clock_suspect=0
PMLE_LIVE_REPLAY_TIC|tic=2911|mle_ms=190.687|monotonic_ms=190|clock_delta_ms=.68
7|clock_suspect=0
PMLE_LIVE_REPLAY_TIC|tic=2912|mle_ms=15.686|monotonic_ms=20|clock_delta_ms=4.314
|clock_suspect=0
PMLE_LIVE_REPLAY_TIC|tic=2913|mle_ms=26.142|monotonic_ms=20|clock_delta_ms=6.142
|clock_suspect=0
PMLE_LIVE_REPLAY_TIC|tic=2914|mle_ms=130.282|monotonic_ms=130|clock_delta_ms=.28
2|clock_suspect=0
PMLE_LIVE_REPLAY_TIC|tic=2915|mle_ms=9.057|monotonic_ms=10|clock_delta_ms=.943|c
lock_suspect=0
PMLE_LIVE_REPLAY_TIC|tic=2916|mle_ms=29.647|monotonic_ms=30|clock_delta_ms=.353|
clock_suspect=0
PMLE_LIVE_REPLAY_TIC|tic=2917|mle_ms=147.005|monotonic_ms=150|clock_delta_ms=2.9
95|clock_suspect=0
PMLE_LIVE_REPLAY_TIC|tic=2918|mle_ms=7.988|monotonic_ms=10|clock_delta_ms=2.012|
clock_suspect=0
PMLE_LIVE_REPLAY_TIC|tic=2919|mle_ms=9.829|monotonic_ms=10|clock_delta_ms=.171|c
lock_suspect=0
PMLE_LIVE_REPLAY_TIC|tic=2920|mle_ms=152.563|monotonic_ms=150|clock_delta_ms=2.5
63|clock_suspect=0
PMLE_LIVE_REPLAY_TIC|tic=2921|mle_ms=37.638|monotonic_ms=40|clock_delta_ms=2.362
|clock_suspect=0
PMLE_LIVE_REPLAY_TIC|tic=2922|mle_ms=9.953|monotonic_ms=10|clock_delta_ms=.047|c
lock_suspect=0
PMLE_LIVE_REPLAY_TIC|tic=2923|mle_ms=173.515|monotonic_ms=170|clock_delta_ms=3.5
15|clock_suspect=0
PMLE_LIVE_REPLAY_TIC|tic=2924|mle_ms=22.368|monotonic_ms=20|clock_delta_ms=2.368
|clock_suspect=0
PMLE_LIVE_REPLAY_TIC|tic=2925|mle_ms=10.766|monotonic_ms=10|clock_delta_ms=.766|
clock_suspect=0
PMLE_LIVE_REPLAY_TIC|tic=2926|mle_ms=137.159|monotonic_ms=140|clock_delta_ms=2.8
41|clock_suspect=0
PMLE_LIVE_REPLAY_TIC|tic=2927|mle_ms=9.771|monotonic_ms=10|clock_delta_ms=.229|c
lock_suspect=0
PMLE_LIVE_REPLAY_TIC|tic=2928|mle_ms=10.429|monotonic_ms=10|clock_delta_ms=.429|
clock_suspect=0
PMLE_LIVE_REPLAY_TIC|tic=2929|mle_ms=133.135|monotonic_ms=140|clock_delta_ms=6.8
65|clock_suspect=0
PMLE_LIVE_REPLAY_TIC|tic=2930|mle_ms=9.622|monotonic_ms=10|clock_delta_ms=.378|c
lock_suspect=0
PMLE_LIVE_REPLAY_TIC|tic=2931|mle_ms=40.856|monotonic_ms=40|clock_delta_ms=.856|
clock_suspect=0
PMLE_LIVE_REPLAY_TIC|tic=2932|mle_ms=112.081|monotonic_ms=110|clock_delta_ms=2.0
81|clock_suspect=0
PMLE_LIVE_REPLAY_TIC|tic=2933|mle_ms=21.423|monotonic_ms=20|clock_delta_ms=1.423
|clock_suspect=0
PMLE_LIVE_REPLAY_TIC|tic=2934|mle_ms=19.021|monotonic_ms=20|clock_delta_ms=.979|
clock_suspect=0
PMLE_LIVE_REPLAY_TIC|tic=2935|mle_ms=142.064|monotonic_ms=140|clock_delta_ms=2.0
64|clock_suspect=0
PMLE_LIVE_REPLAY_TIC|tic=2936|mle_ms=27.424|monotonic_ms=30|clock_delta_ms=2.576
|clock_suspect=0
PMLE_LIVE_REPLAY_TIC|tic=2937|mle_ms=9.014|monotonic_ms=10|clock_delta_ms=.986|c
lock_suspect=0
PMLE_LIVE_REPLAY_TIC|tic=2938|mle_ms=129.238|monotonic_ms=130|clock_delta_ms=.76
2|clock_suspect=0
PMLE_LIVE_REPLAY_TIC|tic=2939|mle_ms=10.395|monotonic_ms=10|clock_delta_ms=.395|
clock_suspect=0
PMLE_LIVE_REPLAY_TIC|tic=2940|mle_ms=9.525|monotonic_ms=10|clock_delta_ms=.475|c
lock_suspect=0
PMLE_LIVE_REPLAY_TIC|tic=2941|mle_ms=156.848|monotonic_ms=150|clock_delta_ms=6.8
48|clock_suspect=0
PMLE_LIVE_REPLAY_TIC|tic=2942|mle_ms=9.499|monotonic_ms=10|clock_delta_ms=.501|c
lock_suspect=0
PMLE_LIVE_REPLAY_TIC|tic=2943|mle_ms=24.188|monotonic_ms=30|clock_delta_ms=5.812
|clock_suspect=0
PMLE_LIVE_REPLAY_TIC|tic=2944|mle_ms=157.858|monotonic_ms=160|clock_delta_ms=2.1
42|clock_suspect=0
PMLE_LIVE_REPLAY_TIC|tic=2945|mle_ms=10.338|monotonic_ms=10|clock_delta_ms=.338|
clock_suspect=0
PMLE_LIVE_REPLAY_TIC|tic=2946|mle_ms=27.134|monotonic_ms=20|clock_delta_ms=7.134
|clock_suspect=0
PMLE_LIVE_REPLAY_TIC|tic=2947|mle_ms=147.029|monotonic_ms=150|clock_delta_ms=2.9
71|clock_suspect=0
PMLE_LIVE_REPLAY_TIC|tic=2948|mle_ms=8.2|monotonic_ms=10|clock_delta_ms=1.8|cloc
k_suspect=0
PMLE_LIVE_REPLAY_TIC|tic=2949|mle_ms=9.84|monotonic_ms=10|clock_delta_ms=.16|clo
ck_suspect=0
PMLE_LIVE_REPLAY_TIC|tic=2950|mle_ms=110.909|monotonic_ms=110|clock_delta_ms=.90
9|clock_suspect=0
PMLE_LIVE_REPLAY_TIC|tic=2951|mle_ms=37.887|monotonic_ms=40|clock_delta_ms=2.113
|clock_suspect=0
PMLE_LIVE_REPLAY_TIC|tic=2952|mle_ms=10.499|monotonic_ms=10|clock_delta_ms=.499|
clock_suspect=0
PMLE_LIVE_REPLAY_TIC|tic=2953|mle_ms=140.017|monotonic_ms=140|clock_delta_ms=.01
7|clock_suspect=0
PMLE_LIVE_REPLAY_TIC|tic=2954|mle_ms=22.036|monotonic_ms=20|clock_delta_ms=2.036
|clock_suspect=0
PMLE_LIVE_REPLAY_TIC|tic=2955|mle_ms=9.724|monotonic_ms=10|clock_delta_ms=.276|c
lock_suspect=0
PMLE_LIVE_REPLAY_TIC|tic=2956|mle_ms=128.281|monotonic_ms=130|clock_delta_ms=1.7
19|clock_suspect=0
PMLE_LIVE_REPLAY_TIC|tic=2957|mle_ms=8.034|monotonic_ms=10|clock_delta_ms=1.966|
clock_suspect=0
PMLE_LIVE_REPLAY_TIC|tic=2958|mle_ms=8.508|monotonic_ms=10|clock_delta_ms=1.492|
clock_suspect=0
PMLE_LIVE_REPLAY_TIC|tic=2959|mle_ms=113.221|monotonic_ms=110|clock_delta_ms=3.2
21|clock_suspect=0
PMLE_LIVE_REPLAY_TIC|tic=2960|mle_ms=7.894|monotonic_ms=10|clock_delta_ms=2.106|
clock_suspect=0
PMLE_LIVE_REPLAY_TIC|tic=2961|mle_ms=41.529|monotonic_ms=40|clock_delta_ms=1.529
|clock_suspect=0
PMLE_LIVE_REPLAY_TIC|tic=2962|mle_ms=120.391|monotonic_ms=120|clock_delta_ms=.39
1|clock_suspect=0
PMLE_LIVE_REPLAY_TIC|tic=2963|mle_ms=26.725|monotonic_ms=30|clock_delta_ms=3.275
|clock_suspect=0
PMLE_LIVE_REPLAY_TIC|tic=2964|mle_ms=21.394|monotonic_ms=20|clock_delta_ms=1.394
|clock_suspect=0
PMLE_LIVE_REPLAY_TIC|tic=2965|mle_ms=120.047|monotonic_ms=120|clock_delta_ms=.04
7|clock_suspect=0
PMLE_LIVE_REPLAY_TIC|tic=2966|mle_ms=24.219|monotonic_ms=20|clock_delta_ms=4.219
|clock_suspect=0
PMLE_LIVE_REPLAY_TIC|tic=2967|mle_ms=9.087|monotonic_ms=10|clock_delta_ms=.913|c
lock_suspect=0
PMLE_LIVE_REPLAY_TIC|tic=2968|mle_ms=115.724|monotonic_ms=120|clock_delta_ms=4.2
76|clock_suspect=0
PMLE_LIVE_REPLAY_TIC|tic=2969|mle_ms=9.754|monotonic_ms=10|clock_delta_ms=.246|c
lock_suspect=0
PMLE_LIVE_REPLAY_TIC|tic=2970|mle_ms=8.511|monotonic_ms=0|clock_delta_ms=8.511|c
lock_suspect=0
PMLE_LIVE_REPLAY_TIC|tic=2971|mle_ms=143.986|monotonic_ms=140|clock_delta_ms=3.9
86|clock_suspect=0
PMLE_LIVE_REPLAY_TIC|tic=2972|mle_ms=9.833|monotonic_ms=10|clock_delta_ms=.167|c
lock_suspect=0
PMLE_LIVE_REPLAY_TIC|tic=2973|mle_ms=27.935|monotonic_ms=30|clock_delta_ms=2.065
|clock_suspect=0
PMLE_LIVE_REPLAY_TIC|tic=2974|mle_ms=131.628|monotonic_ms=130|clock_delta_ms=1.6
28|clock_suspect=0
PMLE_LIVE_REPLAY_TIC|tic=2975|mle_ms=8.707|monotonic_ms=10|clock_delta_ms=1.293|
clock_suspect=0
PMLE_LIVE_REPLAY_TIC|tic=2976|mle_ms=22.893|monotonic_ms=20|clock_delta_ms=2.893
|clock_suspect=0
PMLE_LIVE_REPLAY_TIC|tic=2977|mle_ms=113.105|monotonic_ms=110|clock_delta_ms=3.1
05|clock_suspect=0
PMLE_LIVE_REPLAY_TIC|tic=2978|mle_ms=7.68|monotonic_ms=10|clock_delta_ms=2.32|cl
ock_suspect=0
PMLE_LIVE_REPLAY_TIC|tic=2979|mle_ms=10.179|monotonic_ms=10|clock_delta_ms=.179|
clock_suspect=0
PMLE_LIVE_REPLAY_TIC|tic=2980|mle_ms=173.918|monotonic_ms=180|clock_delta_ms=6.0
82|clock_suspect=0
PMLE_LIVE_REPLAY_TIC|tic=2981|mle_ms=42.906|monotonic_ms=40|clock_delta_ms=2.906
|clock_suspect=0
PMLE_LIVE_REPLAY_TIC|tic=2982|mle_ms=9.491|monotonic_ms=10|clock_delta_ms=.509|c
lock_suspect=0
PMLE_LIVE_REPLAY_TIC|tic=2983|mle_ms=134.481|monotonic_ms=130|clock_delta_ms=4.4
81|clock_suspect=0
PMLE_LIVE_REPLAY_TIC|tic=2984|mle_ms=17.798|monotonic_ms=20|clock_delta_ms=2.202
|clock_suspect=0
PMLE_LIVE_REPLAY_TIC|tic=2985|mle_ms=8.154|monotonic_ms=10|clock_delta_ms=1.846|
clock_suspect=0
PMLE_LIVE_REPLAY_TIC|tic=2986|mle_ms=159.659|monotonic_ms=160|clock_delta_ms=.34
1|clock_suspect=0
PMLE_LIVE_REPLAY_TIC|tic=2987|mle_ms=9.02|monotonic_ms=10|clock_delta_ms=.98|clo
ck_suspect=0
PMLE_LIVE_REPLAY_TIC|tic=2988|mle_ms=10.182|monotonic_ms=10|clock_delta_ms=.182|
clock_suspect=0
PMLE_LIVE_REPLAY_TIC|tic=2989|mle_ms=124.654|monotonic_ms=120|clock_delta_ms=4.6
54|clock_suspect=0
PMLE_LIVE_REPLAY_TIC|tic=2990|mle_ms=10.727|monotonic_ms=10|clock_delta_ms=.727|
clock_suspect=0
PMLE_LIVE_REPLAY_TIC|tic=2991|mle_ms=47.054|monotonic_ms=50|clock_delta_ms=2.946
|clock_suspect=0
PMLE_LIVE_REPLAY_TIC|tic=2992|mle_ms=123.329|monotonic_ms=120|clock_delta_ms=3.3
29|clock_suspect=0
PMLE_LIVE_REPLAY_TIC|tic=2993|mle_ms=25.5|monotonic_ms=30|clock_delta_ms=4.5|clo
ck_suspect=0
PMLE_LIVE_REPLAY_TIC|tic=2994|mle_ms=19.576|monotonic_ms=20|clock_delta_ms=.424|
clock_suspect=0
PMLE_LIVE_REPLAY_TIC|tic=2995|mle_ms=165.508|monotonic_ms=160|clock_delta_ms=5.5
08|clock_suspect=0
PMLE_LIVE_REPLAY_TIC|tic=2996|mle_ms=29.84|monotonic_ms=30|clock_delta_ms=.16|cl
ock_suspect=0
PMLE_LIVE_REPLAY_TIC|tic=2997|mle_ms=8.929|monotonic_ms=10|clock_delta_ms=1.071|
clock_suspect=0
PMLE_LIVE_REPLAY_TIC|tic=2998|mle_ms=190.735|monotonic_ms=190|clock_delta_ms=.73
5|clock_suspect=0
PMLE_LIVE_REPLAY_TIC|tic=2999|mle_ms=12.247|monotonic_ms=20|clock_delta_ms=7.753
|clock_suspect=0
PMLE_LIVE_REPLAY_TIC|tic=3000|mle_ms=10.867|monotonic_ms=10|clock_delta_ms=.867|
clock_suspect=0
PMLE_LIVE_REPLAY_TIC|tic=3001|mle_ms=164.055|monotonic_ms=160|clock_delta_ms=4.0
55|clock_suspect=0
PMLE_LIVE_REPLAY_TIC|tic=3002|mle_ms=9.002|monotonic_ms=10|clock_delta_ms=.998|c
lock_suspect=0
PMLE_LIVE_REPLAY_TIC|tic=3003|mle_ms=22.158|monotonic_ms=30|clock_delta_ms=7.842
|clock_suspect=0
PMLE_LIVE_REPLAY_TIC|tic=3004|mle_ms=133.57|monotonic_ms=130|clock_delta_ms=3.57
|clock_suspect=0
PMLE_LIVE_REPLAY_TIC|tic=3005|mle_ms=13.825|monotonic_ms=10|clock_delta_ms=3.825
|clock_suspect=0
PMLE_LIVE_REPLAY_TIC|tic=3006|mle_ms=25.606|monotonic_ms=30|clock_delta_ms=4.394
|clock_suspect=0
PMLE_LIVE_REPLAY_TIC|tic=3007|mle_ms=118.686|monotonic_ms=120|clock_delta_ms=1.3
14|clock_suspect=0
PMLE_LIVE_REPLAY_TIC|tic=3008|mle_ms=8.825|monotonic_ms=10|clock_delta_ms=1.175|
clock_suspect=0
PMLE_LIVE_REPLAY_TIC|tic=3009|mle_ms=10.077|monotonic_ms=10|clock_delta_ms=.077|
clock_suspect=0
PMLE_LIVE_REPLAY_TIC|tic=3010|mle_ms=145.24|monotonic_ms=140|clock_delta_ms=5.24
|clock_suspect=0
PMLE_LIVE_REPLAY_TIC|tic=3011|mle_ms=36.708|monotonic_ms=40|clock_delta_ms=3.292
|clock_suspect=0
PMLE_LIVE_REPLAY_TIC|tic=3012|mle_ms=10.182|monotonic_ms=10|clock_delta_ms=.182|
clock_suspect=0
PMLE_LIVE_REPLAY_TIC|tic=3013|mle_ms=133.156|monotonic_ms=130|clock_delta_ms=3.1
56|clock_suspect=0
PMLE_LIVE_REPLAY_TIC|tic=3014|mle_ms=22.81|monotonic_ms=30|clock_delta_ms=7.19|c
lock_suspect=0
PMLE_LIVE_REPLAY_TIC|tic=3015|mle_ms=10.043|monotonic_ms=10|clock_delta_ms=.043|
clock_suspect=0
PMLE_LIVE_REPLAY_TIC|tic=3016|mle_ms=146.512|monotonic_ms=140|clock_delta_ms=6.5
12|clock_suspect=0
PMLE_LIVE_REPLAY_TIC|tic=3017|mle_ms=8.721|monotonic_ms=10|clock_delta_ms=1.279|
clock_suspect=0
PMLE_LIVE_REPLAY_TIC|tic=3018|mle_ms=9.666|monotonic_ms=10|clock_delta_ms=.334|c
lock_suspect=0
PMLE_LIVE_REPLAY_TIC|tic=3019|mle_ms=114.597|monotonic_ms=120|clock_delta_ms=5.4
03|clock_suspect=0
PMLE_LIVE_REPLAY_TIC|tic=3020|mle_ms=8.301|monotonic_ms=0|clock_delta_ms=8.301|c
lock_suspect=0
PMLE_LIVE_REPLAY_TIC|tic=3021|mle_ms=37.17|monotonic_ms=40|clock_delta_ms=2.83|c
lock_suspect=0
PMLE_LIVE_REPLAY_TIC|tic=3022|mle_ms=115.613|monotonic_ms=120|clock_delta_ms=4.3
87|clock_suspect=0
PMLE_LIVE_REPLAY_TIC|tic=3023|mle_ms=21.999|monotonic_ms=20|clock_delta_ms=1.999
|clock_suspect=0
PMLE_LIVE_REPLAY_TIC|tic=3024|mle_ms=19.205|monotonic_ms=20|clock_delta_ms=.795|
clock_suspect=0
PMLE_LIVE_REPLAY_TIC|tic=3025|mle_ms=112.497|monotonic_ms=110|clock_delta_ms=2.4
97|clock_suspect=0
PMLE_LIVE_REPLAY_TIC|tic=3026|mle_ms=23.576|monotonic_ms=20|clock_delta_ms=3.576
|clock_suspect=0
PMLE_LIVE_REPLAY_TIC|tic=3027|mle_ms=8.946|monotonic_ms=10|clock_delta_ms=1.054|
clock_suspect=0
PMLE_LIVE_REPLAY_TIC|tic=3028|mle_ms=152.636|monotonic_ms=160|clock_delta_ms=7.3
64|clock_suspect=0
PMLE_LIVE_REPLAY_TIC|tic=3029|mle_ms=11.509|monotonic_ms=10|clock_delta_ms=1.509
|clock_suspect=0
PMLE_LIVE_REPLAY_TIC|tic=3030|mle_ms=10.109|monotonic_ms=10|clock_delta_ms=.109|
clock_suspect=0
PMLE_LIVE_REPLAY_TIC|tic=3031|mle_ms=160.046|monotonic_ms=160|clock_delta_ms=.04
6|clock_suspect=0
PMLE_LIVE_REPLAY_TIC|tic=3032|mle_ms=11.448|monotonic_ms=10|clock_delta_ms=1.448
|clock_suspect=0
PMLE_LIVE_REPLAY_TIC|tic=3033|mle_ms=27.779|monotonic_ms=30|clock_delta_ms=2.221
|clock_suspect=0
PMLE_LIVE_REPLAY_TIC|tic=3034|mle_ms=143.414|monotonic_ms=140|clock_delta_ms=3.4
14|clock_suspect=0
PMLE_LIVE_REPLAY_TIC|tic=3035|mle_ms=9.889|monotonic_ms=10|clock_delta_ms=.111|c
lock_suspect=0
PMLE_LIVE_REPLAY_TIC|tic=3036|mle_ms=24.015|monotonic_ms=20|clock_delta_ms=4.015
|clock_suspect=0
PMLE_LIVE_REPLAY_TIC|tic=3037|mle_ms=121.218|monotonic_ms=130|clock_delta_ms=8.7
82|clock_suspect=0
PMLE_LIVE_REPLAY_TIC|tic=3038|mle_ms=9.328|monotonic_ms=10|clock_delta_ms=.672|c
lock_suspect=0
PMLE_LIVE_REPLAY_TIC|tic=3039|mle_ms=11.564|monotonic_ms=10|clock_delta_ms=1.564
|clock_suspect=0
PMLE_LIVE_REPLAY_TIC|tic=3040|mle_ms=118.859|monotonic_ms=120|clock_delta_ms=1.1
41|clock_suspect=0
PMLE_LIVE_REPLAY_TIC|tic=3041|mle_ms=40.781|monotonic_ms=40|clock_delta_ms=.781|
clock_suspect=0
PMLE_LIVE_REPLAY_TIC|tic=3042|mle_ms=11.748|monotonic_ms=10|clock_delta_ms=1.748
|clock_suspect=0
PMLE_LIVE_REPLAY_TIC|tic=3043|mle_ms=131.391|monotonic_ms=130|clock_delta_ms=1.3
91|clock_suspect=0
PMLE_LIVE_REPLAY_TIC|tic=3044|mle_ms=18.389|monotonic_ms=20|clock_delta_ms=1.611
|clock_suspect=0
PMLE_LIVE_REPLAY_TIC|tic=3045|mle_ms=8.861|monotonic_ms=10|clock_delta_ms=1.139|
clock_suspect=0
PMLE_LIVE_REPLAY_TIC|tic=3046|mle_ms=131.682|monotonic_ms=130|clock_delta_ms=1.6
82|clock_suspect=0
PMLE_LIVE_REPLAY_TIC|tic=3047|mle_ms=7.798|monotonic_ms=10|clock_delta_ms=2.202|
clock_suspect=0
PMLE_LIVE_REPLAY_TIC|tic=3048|mle_ms=8.554|monotonic_ms=10|clock_delta_ms=1.446|
clock_suspect=0
PMLE_LIVE_REPLAY_TIC|tic=3049|mle_ms=113.25|monotonic_ms=110|clock_delta_ms=3.25
|clock_suspect=0
PMLE_LIVE_REPLAY_TIC|tic=3050|mle_ms=7.882|monotonic_ms=10|clock_delta_ms=2.118|
clock_suspect=0
PMLE_LIVE_REPLAY_TIC|tic=3051|mle_ms=45.811|monotonic_ms=40|clock_delta_ms=5.811
|clock_suspect=0
PMLE_LIVE_REPLAY_TIC|tic=3052|mle_ms=126.665|monotonic_ms=130|clock_delta_ms=3.3
35|clock_suspect=0
PMLE_LIVE_REPLAY_TIC|tic=3053|mle_ms=21.858|monotonic_ms=20|clock_delta_ms=1.858
|clock_suspect=0
PMLE_LIVE_REPLAY_TIC|tic=3054|mle_ms=17.903|monotonic_ms=20|clock_delta_ms=2.097
|clock_suspect=0
PMLE_LIVE_REPLAY_TIC|tic=3055|mle_ms=119.966|monotonic_ms=120|clock_delta_ms=.03
4|clock_suspect=0
PMLE_LIVE_REPLAY_TIC|tic=3056|mle_ms=21.369|monotonic_ms=20|clock_delta_ms=1.369
|clock_suspect=0
PMLE_LIVE_REPLAY_TIC|tic=3057|mle_ms=7.656|monotonic_ms=10|clock_delta_ms=2.344|
clock_suspect=0
PMLE_LIVE_REPLAY_TIC|tic=3058|mle_ms=144.189|monotonic_ms=140|clock_delta_ms=4.1
89|clock_suspect=0
PMLE_LIVE_REPLAY_TIC|tic=3059|mle_ms=10.44|monotonic_ms=10|clock_delta_ms=.44|cl
ock_suspect=0
PMLE_LIVE_REPLAY_TIC|tic=3060|mle_ms=9.244|monotonic_ms=10|clock_delta_ms=.756|c
lock_suspect=0
PMLE_LIVE_REPLAY_TIC|tic=3061|mle_ms=187.147|monotonic_ms=190|clock_delta_ms=2.8
53|clock_suspect=0
PMLE_LIVE_REPLAY_TIC|tic=3062|mle_ms=10.742|monotonic_ms=10|clock_delta_ms=.742|
clock_suspect=0
PMLE_LIVE_REPLAY_TIC|tic=3063|mle_ms=26.602|monotonic_ms=30|clock_delta_ms=3.398
|clock_suspect=0
PMLE_LIVE_REPLAY_TIC|tic=3064|mle_ms=161.583|monotonic_ms=160|clock_delta_ms=1.5
83|clock_suspect=0
PMLE_LIVE_REPLAY_TIC|tic=3065|mle_ms=14.196|monotonic_ms=10|clock_delta_ms=4.196
|clock_suspect=0
PMLE_LIVE_REPLAY_TIC|tic=3066|mle_ms=30.47|monotonic_ms=30|clock_delta_ms=.47|cl
ock_suspect=0
PMLE_LIVE_REPLAY_TIC|tic=3067|mle_ms=150.026|monotonic_ms=150|clock_delta_ms=.02
6|clock_suspect=0
PMLE_LIVE_REPLAY_TIC|tic=3068|mle_ms=13.673|monotonic_ms=20|clock_delta_ms=6.327
|clock_suspect=0
PMLE_LIVE_REPLAY_TIC|tic=3069|mle_ms=16.353|monotonic_ms=10|clock_delta_ms=6.353
|clock_suspect=0
PMLE_LIVE_REPLAY_TIC|tic=3070|mle_ms=138.587|monotonic_ms=140|clock_delta_ms=1.4
13|clock_suspect=0
PMLE_LIVE_REPLAY_TIC|tic=3071|mle_ms=50.705|monotonic_ms=50|clock_delta_ms=.705|
clock_suspect=0
PMLE_LIVE_REPLAY_TIC|tic=3072|mle_ms=15.069|monotonic_ms=20|clock_delta_ms=4.931
|clock_suspect=0
PMLE_LIVE_REPLAY_TIC|tic=3073|mle_ms=174.607|monotonic_ms=170|clock_delta_ms=4.6
07|clock_suspect=0
PMLE_LIVE_REPLAY_TIC|tic=3074|mle_ms=24.931|monotonic_ms=30|clock_delta_ms=5.069
|clock_suspect=0
PMLE_LIVE_REPLAY_TIC|tic=3075|mle_ms=14.682|monotonic_ms=10|clock_delta_ms=4.682
|clock_suspect=0
PMLE_LIVE_REPLAY_TIC|tic=3076|mle_ms=143.116|monotonic_ms=150|clock_delta_ms=6.8
84|clock_suspect=0
PMLE_LIVE_REPLAY_TIC|tic=3077|mle_ms=13.048|monotonic_ms=10|clock_delta_ms=3.048
|clock_suspect=0
PMLE_LIVE_REPLAY_TIC|tic=3078|mle_ms=14.189|monotonic_ms=10|clock_delta_ms=4.189
|clock_suspect=0
PMLE_LIVE_REPLAY_TIC|tic=3079|mle_ms=121.549|monotonic_ms=130|clock_delta_ms=8.4
51|clock_suspect=0
PMLE_LIVE_REPLAY_TIC|tic=3080|mle_ms=10.715|monotonic_ms=10|clock_delta_ms=.715|
clock_suspect=0
PMLE_LIVE_REPLAY_TIC|tic=3081|mle_ms=40.373|monotonic_ms=40|clock_delta_ms=.373|
clock_suspect=0
PMLE_LIVE_REPLAY_TIC|tic=3082|mle_ms=105.812|monotonic_ms=100|clock_delta_ms=5.8
12|clock_suspect=0
PMLE_LIVE_REPLAY_TIC|tic=3083|mle_ms=25.253|monotonic_ms=30|clock_delta_ms=4.747
|clock_suspect=0
PMLE_LIVE_REPLAY_TIC|tic=3084|mle_ms=25.319|monotonic_ms=20|clock_delta_ms=5.319
|clock_suspect=0
PMLE_LIVE_REPLAY_TIC|tic=3085|mle_ms=119.964|monotonic_ms=120|clock_delta_ms=.03
6|clock_suspect=0
PMLE_LIVE_REPLAY_TIC|tic=3086|mle_ms=32.458|monotonic_ms=40|clock_delta_ms=7.542
|clock_suspect=0
PMLE_LIVE_REPLAY_TIC|tic=3087|mle_ms=14.266|monotonic_ms=10|clock_delta_ms=4.266
|clock_suspect=0
PMLE_LIVE_REPLAY_TIC|tic=3088|mle_ms=136.887|monotonic_ms=140|clock_delta_ms=3.1
13|clock_suspect=0
PMLE_LIVE_REPLAY_TIC|tic=3089|mle_ms=15.282|monotonic_ms=10|clock_delta_ms=5.282
|clock_suspect=0
PMLE_LIVE_REPLAY_TIC|tic=3090|mle_ms=14.473|monotonic_ms=20|clock_delta_ms=5.527
|clock_suspect=0
PMLE_LIVE_REPLAY_TIC|tic=3091|mle_ms=167.728|monotonic_ms=160|clock_delta_ms=7.7
28|clock_suspect=0
PMLE_LIVE_REPLAY_TIC|tic=3092|mle_ms=16.556|monotonic_ms=20|clock_delta_ms=3.444
|clock_suspect=0
PMLE_LIVE_REPLAY_TIC|tic=3093|mle_ms=33.687|monotonic_ms=40|clock_delta_ms=6.313
|clock_suspect=0
PMLE_LIVE_REPLAY_TIC|tic=3094|mle_ms=110.132|monotonic_ms=110|clock_delta_ms=.13
2|clock_suspect=0
PMLE_LIVE_REPLAY_TIC|tic=3095|mle_ms=13.024|monotonic_ms=10|clock_delta_ms=3.024
|clock_suspect=0
PMLE_LIVE_REPLAY_TIC|tic=3096|mle_ms=29.315|monotonic_ms=30|clock_delta_ms=.685|
clock_suspect=0
PMLE_LIVE_REPLAY_TIC|tic=3097|mle_ms=61.255|monotonic_ms=60|clock_delta_ms=1.255
|clock_suspect=0
PMLE_LIVE_REPLAY_TIC|tic=3098|mle_ms=11.832|monotonic_ms=10|clock_delta_ms=1.832
|clock_suspect=0
PMLE_LIVE_REPLAY_TIC|tic=3099|mle_ms=12.708|monotonic_ms=10|clock_delta_ms=2.708
|clock_suspect=0
PMLE_LIVE_REPLAY_TIC|tic=3100|mle_ms=61.05|monotonic_ms=70|clock_delta_ms=8.95|c
lock_suspect=0
PMLE_LIVE_REPLAY_TIC|tic=3101|mle_ms=48.03|monotonic_ms=50|clock_delta_ms=1.97|c
lock_suspect=0
PMLE_LIVE_REPLAY_TIC|tic=3102|mle_ms=14.041|monotonic_ms=10|clock_delta_ms=4.041
|clock_suspect=0
PMLE_LIVE_REPLAY_TIC|tic=3103|mle_ms=114.707|monotonic_ms=120|clock_delta_ms=5.2
93|clock_suspect=0
PMLE_LIVE_REPLAY_TIC|tic=3104|mle_ms=21.762|monotonic_ms=20|clock_delta_ms=1.762
|clock_suspect=0
PMLE_LIVE_REPLAY_TIC|tic=3105|mle_ms=12.426|monotonic_ms=10|clock_delta_ms=2.426
|clock_suspect=0
PMLE_LIVE_REPLAY_TIC|tic=3106|mle_ms=55.054|monotonic_ms=60|clock_delta_ms=4.946
|clock_suspect=0
PMLE_LIVE_REPLAY_TIC|tic=3107|mle_ms=9.667|monotonic_ms=10|clock_delta_ms=.333|c
lock_suspect=0
PMLE_LIVE_REPLAY_TIC|tic=3108|mle_ms=10.992|monotonic_ms=10|clock_delta_ms=.992|
clock_suspect=0
PMLE_LIVE_REPLAY_TIC|tic=3109|mle_ms=40.685|monotonic_ms=40|clock_delta_ms=.685|
clock_suspect=0
PMLE_LIVE_REPLAY_TIC|tic=3110|mle_ms=11.318|monotonic_ms=10|clock_delta_ms=1.318
|clock_suspect=0
PMLE_LIVE_REPLAY_TIC|tic=3111|mle_ms=41.483|monotonic_ms=40|clock_delta_ms=1.483
|clock_suspect=0
PMLE_LIVE_REPLAY_TIC|tic=3112|mle_ms=69.084|monotonic_ms=70|clock_delta_ms=.916|
clock_suspect=0
PMLE_LIVE_REPLAY_TIC|tic=3113|mle_ms=43.812|monotonic_ms=50|clock_delta_ms=6.188
|clock_suspect=0
PMLE_LIVE_REPLAY_TIC|tic=3114|mle_ms=19.267|monotonic_ms=10|clock_delta_ms=9.267
|clock_suspect=0
PMLE_LIVE_REPLAY_TIC|tic=3115|mle_ms=36.8|monotonic_ms=40|clock_delta_ms=3.2|clo
ck_suspect=0
PMLE_LIVE_REPLAY_TIC|tic=3116|mle_ms=36.292|monotonic_ms=40|clock_delta_ms=3.708
|clock_suspect=0
PMLE_LIVE_REPLAY_TIC|tic=3117|mle_ms=10.352|monotonic_ms=10|clock_delta_ms=.352|
clock_suspect=0
PMLE_LIVE_REPLAY_TIC|tic=3118|mle_ms=40.473|monotonic_ms=40|clock_delta_ms=.473|
clock_suspect=0
PMLE_LIVE_REPLAY_TIC|tic=3119|mle_ms=19.569|monotonic_ms=20|clock_delta_ms=.431|
clock_suspect=0
PMLE_LIVE_REPLAY_TIC|tic=3120|mle_ms=17.857|monotonic_ms=20|clock_delta_ms=2.143
|clock_suspect=0
PMLE_LIVE_REPLAY_TIC|tic=3121|mle_ms=76.586|monotonic_ms=70|clock_delta_ms=6.586
|clock_suspect=0
PMLE_LIVE_REPLAY_TIC|tic=3122|mle_ms=15.558|monotonic_ms=20|clock_delta_ms=4.442
|clock_suspect=0
PMLE_LIVE_REPLAY_TIC|tic=3123|mle_ms=91.423|monotonic_ms=90|clock_delta_ms=1.423
|clock_suspect=0
PMLE_LIVE_REPLAY_TIC|tic=3124|mle_ms=52.944|monotonic_ms=50|clock_delta_ms=2.944
|clock_suspect=0
PMLE_LIVE_REPLAY_TIC|tic=3125|mle_ms=18.503|monotonic_ms=20|clock_delta_ms=1.497
|clock_suspect=0
PMLE_LIVE_REPLAY_TIC|tic=3126|mle_ms=37.852|monotonic_ms=40|clock_delta_ms=2.148
|clock_suspect=0
PMLE_LIVE_REPLAY_TIC|tic=3127|mle_ms=23.713|monotonic_ms=20|clock_delta_ms=3.713
|clock_suspect=0
PMLE_LIVE_REPLAY_TIC|tic=3128|mle_ms=61.799|monotonic_ms=70|clock_delta_ms=8.201
|clock_suspect=0
PMLE_LIVE_REPLAY_TIC|tic=3129|mle_ms=14.797|monotonic_ms=10|clock_delta_ms=4.797
|clock_suspect=0
PMLE_LIVE_REPLAY_TIC|tic=3130|mle_ms=46.857|monotonic_ms=50|clock_delta_ms=3.143
|clock_suspect=0
PMLE_LIVE_REPLAY_TIC|tic=3131|mle_ms=87.146|monotonic_ms=80|clock_delta_ms=7.146
|clock_suspect=0
PMLE_LIVE_REPLAY_TIC|tic=3132|mle_ms=20.096|monotonic_ms=20|clock_delta_ms=.096|
clock_suspect=0
PMLE_LIVE_REPLAY_TIC|tic=3133|mle_ms=98.566|monotonic_ms=100|clock_delta_ms=1.43
4|clock_suspect=0
PMLE_LIVE_REPLAY_TIC|tic=3134|mle_ms=57.489|monotonic_ms=60|clock_delta_ms=2.511
|clock_suspect=0
PMLE_LIVE_REPLAY_TIC|tic=3135|mle_ms=17.236|monotonic_ms=20|clock_delta_ms=2.764
|clock_suspect=0
PMLE_LIVE_REPLAY_TIC|tic=3136|mle_ms=74.911|monotonic_ms=70|clock_delta_ms=4.911
|clock_suspect=0
PMLE_LIVE_REPLAY_TIC|tic=3137|mle_ms=66.733|monotonic_ms=70|clock_delta_ms=3.267
|clock_suspect=0
PMLE_LIVE_REPLAY_TIC|tic=3138|mle_ms=13.376|monotonic_ms=10|clock_delta_ms=3.376
|clock_suspect=0
PMLE_LIVE_REPLAY_TIC|tic=3139|mle_ms=49.592|monotonic_ms=50|clock_delta_ms=.408|
clock_suspect=0
PMLE_LIVE_REPLAY_TIC|tic=3140|mle_ms=46.722|monotonic_ms=50|clock_delta_ms=3.278
|clock_suspect=0
PMLE_LIVE_REPLAY_TIC|tic=3141|mle_ms=50.649|monotonic_ms=50|clock_delta_ms=.649|
clock_suspect=0
PMLE_LIVE_REPLAY_TIC|tic=3142|mle_ms=43.339|monotonic_ms=40|clock_delta_ms=3.339
|clock_suspect=0
PMLE_LIVE_REPLAY_TIC|tic=3143|mle_ms=76.286|monotonic_ms=80|clock_delta_ms=3.714
|clock_suspect=0
PMLE_LIVE_REPLAY_TIC|tic=3144|mle_ms=21.762|monotonic_ms=20|clock_delta_ms=1.762
|clock_suspect=0
PMLE_LIVE_REPLAY_TIC|tic=3145|mle_ms=64.343|monotonic_ms=70|clock_delta_ms=5.657
|clock_suspect=0
PMLE_LIVE_REPLAY_TIC|tic=3146|mle_ms=83.026|monotonic_ms=80|clock_delta_ms=3.026
|clock_suspect=0
PMLE_LIVE_REPLAY_TIC|tic=3147|mle_ms=12.839|monotonic_ms=10|clock_delta_ms=2.839
|clock_suspect=0
PMLE_LIVE_REPLAY_TIC|tic=3148|mle_ms=40.933|monotonic_ms=40|clock_delta_ms=.933|
clock_suspect=0
PMLE_LIVE_REPLAY_TIC|tic=3149|mle_ms=38.977|monotonic_ms=40|clock_delta_ms=1.023
|clock_suspect=0
PMLE_LIVE_REPLAY_TIC|tic=3150|mle_ms=15.871|monotonic_ms=20|clock_delta_ms=4.129
|clock_suspect=0
PMLE_LIVE_REPLAY_TIC|tic=3151|mle_ms=85.995|monotonic_ms=90|clock_delta_ms=4.005
|clock_suspect=0
PMLE_LIVE_REPLAY_TIC|tic=3152|mle_ms=54.431|monotonic_ms=50|clock_delta_ms=4.431
|clock_suspect=0
PMLE_LIVE_REPLAY_TIC|tic=3153|mle_ms=27.37|monotonic_ms=30|clock_delta_ms=2.63|c
lock_suspect=0
PMLE_LIVE_REPLAY_TIC|tic=3154|mle_ms=50.777|monotonic_ms=50|clock_delta_ms=.777|
clock_suspect=0
PMLE_LIVE_REPLAY_TIC|tic=3155|mle_ms=50.755|monotonic_ms=50|clock_delta_ms=.755|
clock_suspect=0
PMLE_LIVE_REPLAY_TIC|tic=3156|mle_ms=35.07|monotonic_ms=30|clock_delta_ms=5.07|c
lock_suspect=0
PMLE_LIVE_REPLAY_TIC|tic=3157|mle_ms=36.704|monotonic_ms=40|clock_delta_ms=3.296
|clock_suspect=0
PMLE_LIVE_REPLAY_TIC|tic=3158|mle_ms=32.71|monotonic_ms=30|clock_delta_ms=2.71|c
lock_suspect=0
PMLE_LIVE_REPLAY_TIC|tic=3159|mle_ms=15.03|monotonic_ms=20|clock_delta_ms=4.97|c
lock_suspect=0
PMLE_LIVE_REPLAY_TIC|tic=3160|mle_ms=40.996|monotonic_ms=40|clock_delta_ms=.996|
clock_suspect=0
PMLE_LIVE_REPLAY_TIC|tic=3161|mle_ms=75.123|monotonic_ms=80|clock_delta_ms=4.877
|clock_suspect=0
PMLE_LIVE_REPLAY_TIC|tic=3162|mle_ms=22.867|monotonic_ms=20|clock_delta_ms=2.867
|clock_suspect=0
PMLE_LIVE_REPLAY_TIC|tic=3163|mle_ms=69.362|monotonic_ms=70|clock_delta_ms=.638|
clock_suspect=0
PMLE_LIVE_REPLAY_TIC|tic=3164|mle_ms=48.096|monotonic_ms=50|clock_delta_ms=1.904
|clock_suspect=0
PMLE_LIVE_REPLAY_TIC|tic=3165|mle_ms=13.753|monotonic_ms=10|clock_delta_ms=3.753
|clock_suspect=0
PMLE_LIVE_REPLAY_TIC|tic=3166|mle_ms=65.406|monotonic_ms=60|clock_delta_ms=5.406
|clock_suspect=0
PMLE_LIVE_REPLAY_TIC|tic=3167|mle_ms=34.832|monotonic_ms=40|clock_delta_ms=5.168
|clock_suspect=0
PMLE_LIVE_REPLAY_TIC|tic=3168|mle_ms=15.08|monotonic_ms=20|clock_delta_ms=4.92|c
lock_suspect=0
PMLE_LIVE_REPLAY_TIC|tic=3169|mle_ms=45.669|monotonic_ms=40|clock_delta_ms=5.669
|clock_suspect=0
PMLE_LIVE_REPLAY_TIC|tic=3170|mle_ms=33.226|monotonic_ms=30|clock_delta_ms=3.226
|clock_suspect=0
PMLE_LIVE_REPLAY_TIC|tic=3171|mle_ms=54.755|monotonic_ms=60|clock_delta_ms=5.245
|clock_suspect=0
PMLE_LIVE_REPLAY_TIC|tic=3172|mle_ms=39.772|monotonic_ms=40|clock_delta_ms=.228|
clock_suspect=0
PMLE_LIVE_REPLAY_TIC|tic=3173|mle_ms=56.962|monotonic_ms=60|clock_delta_ms=3.038
|clock_suspect=0
PMLE_LIVE_REPLAY_TIC|tic=3174|mle_ms=31.227|monotonic_ms=30|clock_delta_ms=1.227
|clock_suspect=0
PMLE_LIVE_REPLAY_TIC|tic=3175|mle_ms=81.929|monotonic_ms=80|clock_delta_ms=1.929
|clock_suspect=0
PMLE_LIVE_REPLAY_TIC|tic=3176|mle_ms=57.57|monotonic_ms=60|clock_delta_ms=2.43|c
lock_suspect=0
PMLE_LIVE_REPLAY_TIC|tic=3177|mle_ms=15.394|monotonic_ms=10|clock_delta_ms=5.394
|clock_suspect=0
PMLE_LIVE_REPLAY_TIC|tic=3178|mle_ms=53.219|monotonic_ms=60|clock_delta_ms=6.781
|clock_suspect=0
PMLE_LIVE_REPLAY_TIC|tic=3179|mle_ms=37.569|monotonic_ms=30|clock_delta_ms=7.569
|clock_suspect=0
PMLE_LIVE_REPLAY_TIC|tic=3180|mle_ms=17.703|monotonic_ms=20|clock_delta_ms=2.297
|clock_suspect=0
PMLE_LIVE_REPLAY_TIC|tic=3181|mle_ms=96.493|monotonic_ms=100|clock_delta_ms=3.50
7|clock_suspect=0
PMLE_LIVE_REPLAY_TIC|tic=3182|mle_ms=46.49|monotonic_ms=40|clock_delta_ms=6.49|c
lock_suspect=0
PMLE_LIVE_REPLAY_TIC|tic=3183|mle_ms=39.707|monotonic_ms=40|clock_delta_ms=.293|
clock_suspect=0
PMLE_LIVE_REPLAY_TIC|tic=3184|mle_ms=75.54|monotonic_ms=80|clock_delta_ms=4.46|c
lock_suspect=0
PMLE_LIVE_REPLAY_TIC|tic=3185|mle_ms=58.328|monotonic_ms=60|clock_delta_ms=1.672
|clock_suspect=0
PMLE_LIVE_REPLAY_TIC|tic=3186|mle_ms=30.911|monotonic_ms=30|clock_delta_ms=.911|
clock_suspect=0
PMLE_LIVE_REPLAY_TIC|tic=3187|mle_ms=52.754|monotonic_ms=50|clock_delta_ms=2.754
|clock_suspect=0
PMLE_LIVE_REPLAY_TIC|tic=3188|mle_ms=48.197|monotonic_ms=50|clock_delta_ms=1.803
|clock_suspect=0
PMLE_LIVE_REPLAY_TIC|tic=3189|mle_ms=19.949|monotonic_ms=20|clock_delta_ms=.051|
clock_suspect=0
PMLE_LIVE_REPLAY_TIC|tic=3190|mle_ms=53.846|monotonic_ms=50|clock_delta_ms=3.846
|clock_suspect=0
PMLE_LIVE_REPLAY_TIC|tic=3191|mle_ms=88.596|monotonic_ms=90|clock_delta_ms=1.404
|clock_suspect=0
PMLE_LIVE_REPLAY_TIC|tic=3192|mle_ms=21.368|monotonic_ms=20|clock_delta_ms=1.368
|clock_suspect=0
PMLE_LIVE_REPLAY_TIC|tic=3193|mle_ms=75.117|monotonic_ms=80|clock_delta_ms=4.883
|clock_suspect=0
PMLE_LIVE_REPLAY_TIC|tic=3194|mle_ms=122.285|monotonic_ms=120|clock_delta_ms=2.2
85|clock_suspect=0
PMLE_LIVE_REPLAY_TIC|tic=3195|mle_ms=32.173|monotonic_ms=30|clock_delta_ms=2.173
|clock_suspect=0
PMLE_LIVE_REPLAY_TIC|tic=3196|mle_ms=85.401|monotonic_ms=90|clock_delta_ms=4.599
|clock_suspect=0
PMLE_LIVE_REPLAY_TIC|tic=3197|mle_ms=64.413|monotonic_ms=60|clock_delta_ms=4.413
|clock_suspect=0
PMLE_LIVE_REPLAY_TIC|tic=3198|mle_ms=34.348|monotonic_ms=40|clock_delta_ms=5.652
|clock_suspect=0
PMLE_LIVE_REPLAY_TIC|tic=3199|mle_ms=82.009|monotonic_ms=80|clock_delta_ms=2.009
|clock_suspect=0
PMLE_LIVE_REPLAY_TIC|tic=3200|mle_ms=65.728|monotonic_ms=70|clock_delta_ms=4.272
|clock_suspect=0
PMLE_LIVE_REPLAY_TIC|tic=3201|mle_ms=89.397|monotonic_ms=90|clock_delta_ms=.603|
clock_suspect=0
PMLE_LIVE_REPLAY_TIC|tic=3202|mle_ms=90.219|monotonic_ms=90|clock_delta_ms=.219|
clock_suspect=0
PMLE_LIVE_REPLAY_TIC|tic=3203|mle_ms=109.207|monotonic_ms=110|clock_delta_ms=.79
3|clock_suspect=0
PMLE_LIVE_REPLAY_TIC|tic=3204|mle_ms=56.31|monotonic_ms=50|clock_delta_ms=6.31|c
lock_suspect=0
PMLE_LIVE_REPLAY_TIC|tic=3205|mle_ms=82.604|monotonic_ms=90|clock_delta_ms=7.396
|clock_suspect=0
PMLE_LIVE_REPLAY_TIC|tic=3206|mle_ms=100.748|monotonic_ms=100|clock_delta_ms=.74
8|clock_suspect=0
PMLE_LIVE_REPLAY_TIC|tic=3207|mle_ms=34.584|monotonic_ms=30|clock_delta_ms=4.584
|clock_suspect=0
PMLE_LIVE_REPLAY_TIC|tic=3208|mle_ms=78.772|monotonic_ms=80|clock_delta_ms=1.228
|clock_suspect=0
PMLE_LIVE_REPLAY_TIC|tic=3209|mle_ms=87.998|monotonic_ms=90|clock_delta_ms=2.002
|clock_suspect=0
PMLE_LIVE_REPLAY_TIC|tic=3210|mle_ms=49.818|monotonic_ms=50|clock_delta_ms=.182|
clock_suspect=0
PMLE_LIVE_REPLAY_TIC|tic=3211|mle_ms=121.137|monotonic_ms=120|clock_delta_ms=1.1
37|clock_suspect=0
PMLE_LIVE_REPLAY_TIC|tic=3212|mle_ms=67.309|monotonic_ms=70|clock_delta_ms=2.691
|clock_suspect=0
PMLE_LIVE_REPLAY_TIC|tic=3213|mle_ms=35.61|monotonic_ms=30|clock_delta_ms=5.61|c
lock_suspect=0
PMLE_LIVE_REPLAY_TIC|tic=3214|mle_ms=78.528|monotonic_ms=80|clock_delta_ms=1.472
|clock_suspect=0
PMLE_LIVE_REPLAY_TIC|tic=3215|mle_ms=49.887|monotonic_ms=50|clock_delta_ms=.113|
clock_suspect=0
PMLE_LIVE_REPLAY_TIC|tic=3216|mle_ms=30.173|monotonic_ms=30|clock_delta_ms=.173|
clock_suspect=0
PMLE_LIVE_REPLAY_TIC|tic=3217|mle_ms=69.187|monotonic_ms=70|clock_delta_ms=.813|
clock_suspect=0
PMLE_LIVE_REPLAY_TIC|tic=3218|mle_ms=48.796|monotonic_ms=50|clock_delta_ms=1.204
|clock_suspect=0
PMLE_LIVE_REPLAY_TIC|tic=3219|mle_ms=44.417|monotonic_ms=40|clock_delta_ms=4.417
|clock_suspect=0
PMLE_LIVE_REPLAY_TIC|tic=3220|mle_ms=73.775|monotonic_ms=80|clock_delta_ms=6.225
|clock_suspect=0
PMLE_LIVE_REPLAY_TIC|tic=3221|mle_ms=102.085|monotonic_ms=100|clock_delta_ms=2.0
85|clock_suspect=0
PMLE_LIVE_REPLAY_TIC|tic=3222|mle_ms=36.753|monotonic_ms=40|clock_delta_ms=3.247
|clock_suspect=0
PMLE_LIVE_REPLAY_TIC|tic=3223|mle_ms=97.132|monotonic_ms=90|clock_delta_ms=7.132
|clock_suspect=0
PMLE_LIVE_REPLAY_TIC|tic=3224|mle_ms=88.92|monotonic_ms=90|clock_delta_ms=1.08|c
lock_suspect=0
PMLE_LIVE_REPLAY_TIC|tic=3225|mle_ms=29.213|monotonic_ms=30|clock_delta_ms=.787|
clock_suspect=0
PMLE_LIVE_REPLAY_TIC|tic=3226|mle_ms=88.35|monotonic_ms=90|clock_delta_ms=1.65|c
lock_suspect=0
PMLE_LIVE_REPLAY_TIC|tic=3227|mle_ms=67.585|monotonic_ms=70|clock_delta_ms=2.415
|clock_suspect=0
PMLE_LIVE_REPLAY_TIC|tic=3228|mle_ms=31.44|monotonic_ms=30|clock_delta_ms=1.44|c
lock_suspect=0
PMLE_LIVE_REPLAY_TIC|tic=3229|mle_ms=72.809|monotonic_ms=70|clock_delta_ms=2.809
|clock_suspect=0
PMLE_LIVE_REPLAY_TIC|tic=3230|mle_ms=86.695|monotonic_ms=90|clock_delta_ms=3.305
|clock_suspect=0
PMLE_LIVE_REPLAY_TIC|tic=3231|mle_ms=64.835|monotonic_ms=60|clock_delta_ms=4.835
|clock_suspect=0
PMLE_LIVE_REPLAY_TIC|tic=3232|mle_ms=69.6|monotonic_ms=70|clock_delta_ms=.4|cloc
k_suspect=0
PMLE_LIVE_REPLAY_TIC|tic=3233|mle_ms=82.624|monotonic_ms=90|clock_delta_ms=7.376
|clock_suspect=0
PMLE_LIVE_REPLAY_TIC|tic=3234|mle_ms=38.353|monotonic_ms=40|clock_delta_ms=1.647
|clock_suspect=0
PMLE_LIVE_REPLAY_TIC|tic=3235|mle_ms=76.709|monotonic_ms=70|clock_delta_ms=6.709
|clock_suspect=0
PMLE_LIVE_REPLAY_TIC|tic=3236|mle_ms=76.859|monotonic_ms=80|clock_delta_ms=3.141
|clock_suspect=0
PMLE_LIVE_REPLAY_TIC|tic=3237|mle_ms=28.087|monotonic_ms=30|clock_delta_ms=1.913
|clock_suspect=0
PMLE_LIVE_REPLAY_TIC|tic=3238|mle_ms=69.665|monotonic_ms=70|clock_delta_ms=.335|
clock_suspect=0
PMLE_LIVE_REPLAY_TIC|tic=3239|mle_ms=80.99|monotonic_ms=80|clock_delta_ms=.99|cl
ock_suspect=0
PMLE_LIVE_REPLAY_TIC|tic=3240|mle_ms=29.153|monotonic_ms=30|clock_delta_ms=.847|
clock_suspect=0
PMLE_LIVE_REPLAY_TIC|tic=3241|mle_ms=110.323|monotonic_ms=110|clock_delta_ms=.32
3|clock_suspect=0
PMLE_LIVE_REPLAY_TIC|tic=3242|mle_ms=67.505|monotonic_ms=70|clock_delta_ms=2.495
|clock_suspect=0
PMLE_LIVE_REPLAY_TIC|tic=3243|mle_ms=48.502|monotonic_ms=40|clock_delta_ms=8.502
|clock_suspect=0
PMLE_LIVE_REPLAY_TIC|tic=3244|mle_ms=93.478|monotonic_ms=100|clock_delta_ms=6.52
2|clock_suspect=0
PMLE_LIVE_REPLAY_TIC|tic=3245|mle_ms=93.693|monotonic_ms=90|clock_delta_ms=3.693
|clock_suspect=0
PMLE_LIVE_REPLAY_TIC|tic=3246|mle_ms=45.947|monotonic_ms=50|clock_delta_ms=4.053
|clock_suspect=0
PMLE_LIVE_REPLAY_TIC|tic=3247|mle_ms=65.213|monotonic_ms=60|clock_delta_ms=5.213
|clock_suspect=0
PMLE_LIVE_REPLAY_TIC|tic=3248|mle_ms=68.239|monotonic_ms=70|clock_delta_ms=1.761
|clock_suspect=0
PMLE_LIVE_REPLAY_TIC|tic=3249|mle_ms=29.602|monotonic_ms=30|clock_delta_ms=.398|
clock_suspect=0
PMLE_LIVE_REPLAY_TIC|tic=3250|mle_ms=75.225|monotonic_ms=80|clock_delta_ms=4.775
|clock_suspect=0
PMLE_LIVE_REPLAY_TIC|tic=3251|mle_ms=118.319|monotonic_ms=110|clock_delta_ms=8.3
19|clock_suspect=0
PMLE_LIVE_REPLAY_TIC|tic=3252|mle_ms=45.461|monotonic_ms=50|clock_delta_ms=4.539
|clock_suspect=0
PMLE_LIVE_REPLAY_TIC|tic=3253|mle_ms=100.809|monotonic_ms=100|clock_delta_ms=.80
9|clock_suspect=0
PMLE_LIVE_REPLAY_TIC|tic=3254|mle_ms=82.926|monotonic_ms=80|clock_delta_ms=2.926
|clock_suspect=0
PMLE_LIVE_REPLAY_TIC|tic=3255|mle_ms=34.403|monotonic_ms=40|clock_delta_ms=5.597
|clock_suspect=0
PMLE_LIVE_REPLAY_TIC|tic=3256|mle_ms=72.672|monotonic_ms=70|clock_delta_ms=2.672
|clock_suspect=0
PMLE_LIVE_REPLAY_TIC|tic=3257|mle_ms=43.903|monotonic_ms=50|clock_delta_ms=6.097
|clock_suspect=0
PMLE_LIVE_REPLAY_TIC|tic=3258|mle_ms=34.992|monotonic_ms=30|clock_delta_ms=4.992
|clock_suspect=0
PMLE_LIVE_REPLAY_TIC|tic=3259|mle_ms=81.469|monotonic_ms=80|clock_delta_ms=1.469
|clock_suspect=0
PMLE_LIVE_REPLAY_TIC|tic=3260|mle_ms=42.531|monotonic_ms=40|clock_delta_ms=2.531
|clock_suspect=0
PMLE_LIVE_REPLAY_TIC|tic=3261|mle_ms=71.953|monotonic_ms=80|clock_delta_ms=8.047
|clock_suspect=0
PMLE_LIVE_REPLAY_TIC|tic=3262|mle_ms=77.597|monotonic_ms=70|clock_delta_ms=7.597
|clock_suspect=0
PMLE_LIVE_REPLAY_TIC|tic=3263|mle_ms=48.754|monotonic_ms=50|clock_delta_ms=1.246
|clock_suspect=0
PMLE_LIVE_REPLAY_TIC|tic=3264|mle_ms=35.392|monotonic_ms=40|clock_delta_ms=4.608
|clock_suspect=0
PMLE_LIVE_REPLAY_TIC|tic=3265|mle_ms=71.929|monotonic_ms=70|clock_delta_ms=1.929
|clock_suspect=0
PMLE_LIVE_REPLAY_TIC|tic=3266|mle_ms=37.263|monotonic_ms=40|clock_delta_ms=2.737
|clock_suspect=0
PMLE_LIVE_REPLAY_TIC|tic=3267|mle_ms=29.249|monotonic_ms=30|clock_delta_ms=.751|
clock_suspect=0
PMLE_LIVE_REPLAY_TIC|tic=3268|mle_ms=90.278|monotonic_ms=90|clock_delta_ms=.278|
clock_suspect=0
PMLE_LIVE_REPLAY_TIC|tic=3269|mle_ms=43.035|monotonic_ms=40|clock_delta_ms=3.035
|clock_suspect=0
PMLE_LIVE_REPLAY_TIC|tic=3270|mle_ms=37.377|monotonic_ms=40|clock_delta_ms=2.623
|clock_suspect=0
PMLE_LIVE_REPLAY_TIC|tic=3271|mle_ms=104.091|monotonic_ms=100|clock_delta_ms=4.0
91|clock_suspect=0
PMLE_LIVE_REPLAY_TIC|tic=3272|mle_ms=74.407|monotonic_ms=80|clock_delta_ms=5.593
|clock_suspect=0
PMLE_LIVE_REPLAY_TIC|tic=3273|mle_ms=35.298|monotonic_ms=30|clock_delta_ms=5.298
|clock_suspect=0
PMLE_LIVE_REPLAY_TIC|tic=3274|mle_ms=64.14|monotonic_ms=70|clock_delta_ms=5.86|c
lock_suspect=0
PMLE_LIVE_REPLAY_TIC|tic=3275|mle_ms=31.122|monotonic_ms=30|clock_delta_ms=1.122
|clock_suspect=0
PMLE_LIVE_REPLAY_TIC|tic=3276|mle_ms=28.249|monotonic_ms=30|clock_delta_ms=1.751
|clock_suspect=0
PMLE_LIVE_REPLAY_TIC|tic=3277|mle_ms=79.308|monotonic_ms=80|clock_delta_ms=.692|
clock_suspect=0
PMLE_LIVE_REPLAY_TIC|tic=3278|mle_ms=20.068|monotonic_ms=20|clock_delta_ms=.068|
clock_suspect=0
PMLE_LIVE_REPLAY_TIC|tic=3279|mle_ms=11.786|monotonic_ms=10|clock_delta_ms=1.786
|clock_suspect=0
PMLE_LIVE_REPLAY_TIC|tic=3280|mle_ms=55.116|monotonic_ms=50|clock_delta_ms=5.116
|clock_suspect=0
PMLE_LIVE_REPLAY_TIC|tic=3281|mle_ms=55.738|monotonic_ms=60|clock_delta_ms=4.262
|clock_suspect=0
PMLE_LIVE_REPLAY_TIC|tic=3282|mle_ms=14.306|monotonic_ms=10|clock_delta_ms=4.306
|clock_suspect=0
PMLE_LIVE_REPLAY_TIC|tic=3283|mle_ms=59.789|monotonic_ms=60|clock_delta_ms=.211|
clock_suspect=0
PMLE_LIVE_REPLAY_TIC|tic=3284|mle_ms=21.019|monotonic_ms=20|clock_delta_ms=1.019
|clock_suspect=0
PMLE_LIVE_REPLAY_TIC|tic=3285|mle_ms=12.759|monotonic_ms=20|clock_delta_ms=7.241
|clock_suspect=0
PMLE_LIVE_REPLAY_TIC|tic=3286|mle_ms=55.345|monotonic_ms=50|clock_delta_ms=5.345
|clock_suspect=0
PMLE_LIVE_REPLAY_TIC|tic=3287|mle_ms=14.985|monotonic_ms=20|clock_delta_ms=5.015
|clock_suspect=0
PMLE_LIVE_REPLAY_TIC|tic=3288|mle_ms=12.91|monotonic_ms=10|clock_delta_ms=2.91|c
lock_suspect=0
PMLE_LIVE_REPLAY_TIC|tic=3289|mle_ms=69.418|monotonic_ms=70|clock_delta_ms=.582|
clock_suspect=0
PMLE_LIVE_REPLAY_TIC|tic=3290|mle_ms=22.016|monotonic_ms=20|clock_delta_ms=2.016
|clock_suspect=0
PMLE_LIVE_REPLAY_TIC|tic=3291|mle_ms=64.531|monotonic_ms=70|clock_delta_ms=5.469
|clock_suspect=0
PMLE_LIVE_REPLAY_TIC|tic=3292|mle_ms=87.585|monotonic_ms=80|clock_delta_ms=7.585
|clock_suspect=0
PMLE_LIVE_REPLAY_TIC|tic=3293|mle_ms=39.297|monotonic_ms=40|clock_delta_ms=.703|
clock_suspect=0
PMLE_LIVE_REPLAY_TIC|tic=3294|mle_ms=15.204|monotonic_ms=20|clock_delta_ms=4.796
|clock_suspect=0
PMLE_LIVE_REPLAY_TIC|tic=3295|mle_ms=62.106|monotonic_ms=60|clock_delta_ms=2.106
|clock_suspect=0
PMLE_LIVE_REPLAY_TIC|tic=3296|mle_ms=19.516|monotonic_ms=20|clock_delta_ms=.484|
clock_suspect=0
PMLE_LIVE_REPLAY_TIC|tic=3297|mle_ms=13.536|monotonic_ms=10|clock_delta_ms=3.536
|clock_suspect=0
PMLE_LIVE_REPLAY_TIC|tic=3298|mle_ms=59.566|monotonic_ms=60|clock_delta_ms=.434|
clock_suspect=0
PMLE_LIVE_REPLAY_TIC|tic=3299|mle_ms=14.837|monotonic_ms=20|clock_delta_ms=5.163
|clock_suspect=0
PMLE_LIVE_REPLAY_TIC|tic=3300|mle_ms=10.693|monotonic_ms=10|clock_delta_ms=.693|
clock_suspect=0
PMLE_LIVE_REPLAY_TIC|tic=3301|mle_ms=89.804|monotonic_ms=90|clock_delta_ms=.196|
clock_suspect=0
PMLE_LIVE_REPLAY_TIC|tic=3302|mle_ms=13.689|monotonic_ms=20|clock_delta_ms=6.311
|clock_suspect=0
PMLE_LIVE_REPLAY_TIC|tic=3303|mle_ms=17.792|monotonic_ms=10|clock_delta_ms=7.792
|clock_suspect=0
PMLE_LIVE_REPLAY_TIC|tic=3304|mle_ms=69.985|monotonic_ms=70|clock_delta_ms=.015|
clock_suspect=0
PMLE_LIVE_REPLAY_TIC|tic=3305|mle_ms=14.994|monotonic_ms=20|clock_delta_ms=5.006
|clock_suspect=0
PMLE_LIVE_REPLAY_TIC|tic=3306|mle_ms=13.005|monotonic_ms=10|clock_delta_ms=3.005
|clock_suspect=0
PMLE_LIVE_REPLAY_TIC|tic=3307|mle_ms=48.308|monotonic_ms=50|clock_delta_ms=1.692
|clock_suspect=0
PMLE_LIVE_REPLAY_TIC|tic=3308|mle_ms=12.506|monotonic_ms=10|clock_delta_ms=2.506
|clock_suspect=0
PMLE_LIVE_REPLAY_TIC|tic=3309|mle_ms=9.673|monotonic_ms=10|clock_delta_ms=.327|c
lock_suspect=0
PMLE_LIVE_REPLAY_TIC|tic=3310|mle_ms=48.667|monotonic_ms=50|clock_delta_ms=1.333
|clock_suspect=0
PMLE_LIVE_REPLAY_TIC|tic=3311|mle_ms=84.367|monotonic_ms=90|clock_delta_ms=5.633
|clock_suspect=0
PMLE_LIVE_REPLAY_TIC|tic=3312|mle_ms=9.817|monotonic_ms=10|clock_delta_ms=.183|c
lock_suspect=0
PMLE_LIVE_REPLAY_TIC|tic=3313|mle_ms=67.388|monotonic_ms=60|clock_delta_ms=7.388
|clock_suspect=0
PMLE_LIVE_REPLAY_TIC|tic=3314|mle_ms=40.636|monotonic_ms=40|clock_delta_ms=.636|
clock_suspect=0
PMLE_LIVE_REPLAY_TIC|tic=3315|mle_ms=8.165|monotonic_ms=10|clock_delta_ms=1.835|
clock_suspect=0
PMLE_LIVE_REPLAY_TIC|tic=3316|mle_ms=65.61|monotonic_ms=70|clock_delta_ms=4.39|c
lock_suspect=0
PMLE_LIVE_REPLAY_TIC|tic=3317|mle_ms=47.503|monotonic_ms=50|clock_delta_ms=2.497
|clock_suspect=0
PMLE_LIVE_REPLAY_TIC|tic=3318|mle_ms=11.02|monotonic_ms=10|clock_delta_ms=1.02|c
lock_suspect=0
PMLE_LIVE_REPLAY_TIC|tic=3319|mle_ms=54.539|monotonic_ms=50|clock_delta_ms=4.539
|clock_suspect=0
PMLE_LIVE_REPLAY_TIC|tic=3320|mle_ms=72.424|monotonic_ms=70|clock_delta_ms=2.424
|clock_suspect=0
PMLE_LIVE_REPLAY_TIC|tic=3321|mle_ms=77.205|monotonic_ms=80|clock_delta_ms=2.795
|clock_suspect=0
PMLE_LIVE_REPLAY_TIC|tic=3322|mle_ms=61.482|monotonic_ms=60|clock_delta_ms=1.482
|clock_suspect=0
PMLE_LIVE_REPLAY_TIC|tic=3323|mle_ms=56.909|monotonic_ms=60|clock_delta_ms=3.091
|clock_suspect=0
PMLE_LIVE_REPLAY_TIC|tic=3324|mle_ms=13.341|monotonic_ms=10|clock_delta_ms=3.341
|clock_suspect=0
PMLE_LIVE_REPLAY_TIC|tic=3325|mle_ms=58.822|monotonic_ms=60|clock_delta_ms=1.178
|clock_suspect=0
PMLE_LIVE_REPLAY_TIC|tic=3326|mle_ms=65.464|monotonic_ms=70|clock_delta_ms=4.536
|clock_suspect=0
PMLE_LIVE_REPLAY_TIC|tic=3327|mle_ms=9.785|monotonic_ms=10|clock_delta_ms=.215|c
lock_suspect=0
PMLE_LIVE_REPLAY_TIC|tic=3328|mle_ms=15.778|monotonic_ms=10|clock_delta_ms=5.778
|clock_suspect=0
PMLE_LIVE_REPLAY_TIC|tic=3329|mle_ms=47.99|monotonic_ms=50|clock_delta_ms=2.01|c
lock_suspect=0
PMLE_LIVE_REPLAY_TIC|tic=3330|mle_ms=11.264|monotonic_ms=10|clock_delta_ms=1.264
|clock_suspect=0
PMLE_LIVE_REPLAY_TIC|tic=3331|mle_ms=57.024|monotonic_ms=60|clock_delta_ms=2.976
|clock_suspect=0
PMLE_LIVE_REPLAY_TIC|tic=3332|mle_ms=44.391|monotonic_ms=40|clock_delta_ms=4.391
|clock_suspect=0
PMLE_LIVE_REPLAY_TIC|tic=3333|mle_ms=21.232|monotonic_ms=30|clock_delta_ms=8.768
|clock_suspect=0
PMLE_LIVE_REPLAY_TIC|tic=3334|mle_ms=15.733|monotonic_ms=10|clock_delta_ms=5.733
|clock_suspect=0
PMLE_LIVE_REPLAY_TIC|tic=3335|mle_ms=38.862|monotonic_ms=40|clock_delta_ms=1.138
|clock_suspect=0
PMLE_LIVE_REPLAY_TIC|tic=3336|mle_ms=12.579|monotonic_ms=10|clock_delta_ms=2.579
|clock_suspect=0
PMLE_LIVE_REPLAY_TIC|tic=3337|mle_ms=13.837|monotonic_ms=20|clock_delta_ms=6.163
|clock_suspect=0
PMLE_LIVE_REPLAY_TIC|tic=3338|mle_ms=41.241|monotonic_ms=40|clock_delta_ms=1.241
|clock_suspect=0
PMLE_LIVE_REPLAY_TIC|tic=3339|mle_ms=7.896|monotonic_ms=10|clock_delta_ms=2.104|
clock_suspect=0
PMLE_LIVE_REPLAY_TIC|tic=3340|mle_ms=11.699|monotonic_ms=10|clock_delta_ms=1.699
|clock_suspect=0
PMLE_LIVE_REPLAY_TIC|tic=3341|mle_ms=75.457|monotonic_ms=70|clock_delta_ms=5.457
|clock_suspect=0
PMLE_LIVE_REPLAY_TIC|tic=3342|mle_ms=11.855|monotonic_ms=20|clock_delta_ms=8.145
|clock_suspect=0
PMLE_LIVE_REPLAY_TIC|tic=3343|mle_ms=36.877|monotonic_ms=30|clock_delta_ms=6.877
|clock_suspect=0
PMLE_LIVE_REPLAY_TIC|tic=3344|mle_ms=66.943|monotonic_ms=70|clock_delta_ms=3.057
|clock_suspect=0
PMLE_LIVE_REPLAY_TIC|tic=3345|mle_ms=12.149|monotonic_ms=10|clock_delta_ms=2.149
|clock_suspect=0
PMLE_LIVE_REPLAY_TIC|tic=3346|mle_ms=66.408|monotonic_ms=70|clock_delta_ms=3.592
|clock_suspect=0
PMLE_LIVE_REPLAY_TIC|tic=3347|mle_ms=57.275|monotonic_ms=60|clock_delta_ms=2.725
|clock_suspect=0
PMLE_LIVE_REPLAY_TIC|tic=3348|mle_ms=10.776|monotonic_ms=10|clock_delta_ms=.776|
clock_suspect=0
PMLE_LIVE_REPLAY_TIC|tic=3349|mle_ms=51.252|monotonic_ms=50|clock_delta_ms=1.252
|clock_suspect=0
PMLE_LIVE_REPLAY_TIC|tic=3350|mle_ms=57.71|monotonic_ms=60|clock_delta_ms=2.29|c
lock_suspect=0
PMLE_LIVE_REPLAY_TIC|tic=3351|mle_ms=43.945|monotonic_ms=40|clock_delta_ms=3.945
|clock_suspect=0
PMLE_LIVE_REPLAY_TIC|tic=3352|mle_ms=53.141|monotonic_ms=50|clock_delta_ms=3.141
|clock_suspect=0
PMLE_LIVE_REPLAY_TIC|tic=3353|mle_ms=77.008|monotonic_ms=80|clock_delta_ms=2.992
|clock_suspect=0
PMLE_LIVE_REPLAY_TIC|tic=3354|mle_ms=14.548|monotonic_ms=10|clock_delta_ms=4.548
|clock_suspect=0
PMLE_LIVE_REPLAY_TIC|tic=3355|mle_ms=50.998|monotonic_ms=60|clock_delta_ms=9.002
|clock_suspect=0
PMLE_LIVE_REPLAY_TIC|tic=3356|mle_ms=47.646|monotonic_ms=40|clock_delta_ms=7.646
|clock_suspect=0
PMLE_LIVE_REPLAY_TIC|tic=3357|mle_ms=9.12|monotonic_ms=10|clock_delta_ms=.88|clo
ck_suspect=0
PMLE_LIVE_REPLAY_TIC|tic=3358|mle_ms=67.227|monotonic_ms=70|clock_delta_ms=2.773
|clock_suspect=0
PMLE_LIVE_REPLAY_TIC|tic=3359|mle_ms=42.25|monotonic_ms=40|clock_delta_ms=2.25|c
lock_suspect=0
PMLE_LIVE_REPLAY_TIC|tic=3360|mle_ms=8.757|monotonic_ms=10|clock_delta_ms=1.243|
clock_suspect=0
PMLE_LIVE_REPLAY_TIC|tic=3361|mle_ms=88.281|monotonic_ms=90|clock_delta_ms=1.719
|clock_suspect=0
PMLE_LIVE_REPLAY_TIC|tic=3362|mle_ms=40.266|monotonic_ms=40|clock_delta_ms=.266|
clock_suspect=0
PMLE_LIVE_REPLAY_TIC|tic=3363|mle_ms=18.937|monotonic_ms=20|clock_delta_ms=1.063
|clock_suspect=0
PMLE_LIVE_REPLAY_TIC|tic=3364|mle_ms=64.94|monotonic_ms=60|clock_delta_ms=4.94|c
lock_suspect=0
PMLE_LIVE_REPLAY_TIC|tic=3365|mle_ms=42.525|monotonic_ms=50|clock_delta_ms=7.475
|clock_suspect=0
PMLE_LIVE_REPLAY_TIC|tic=3366|mle_ms=10.936|monotonic_ms=10|clock_delta_ms=.936|
clock_suspect=0
PMLE_LIVE_REPLAY_TIC|tic=3367|mle_ms=65.863|monotonic_ms=60|clock_delta_ms=5.863
|clock_suspect=0
PMLE_LIVE_REPLAY_TIC|tic=3368|mle_ms=46.291|monotonic_ms=50|clock_delta_ms=3.709
|clock_suspect=0
PMLE_LIVE_REPLAY_TIC|tic=3369|mle_ms=10.302|monotonic_ms=10|clock_delta_ms=.302|
clock_suspect=0
PMLE_LIVE_REPLAY_TIC|tic=3370|mle_ms=55.532|monotonic_ms=60|clock_delta_ms=4.468
|clock_suspect=0
PMLE_LIVE_REPLAY_TIC|tic=3371|mle_ms=86.218|monotonic_ms=80|clock_delta_ms=6.218
|clock_suspect=0
PMLE_LIVE_REPLAY_TIC|tic=3372|mle_ms=11.977|monotonic_ms=10|clock_delta_ms=1.977
|clock_suspect=0
PMLE_LIVE_REPLAY_TIC|tic=3373|mle_ms=75.415|monotonic_ms=80|clock_delta_ms=4.585
|clock_suspect=0
PMLE_LIVE_REPLAY_TIC|tic=3374|mle_ms=59.487|monotonic_ms=60|clock_delta_ms=.513|
clock_suspect=0
PMLE_LIVE_REPLAY_TIC|tic=3375|mle_ms=8.321|monotonic_ms=10|clock_delta_ms=1.679|
clock_suspect=0
PMLE_LIVE_REPLAY_TIC|tic=3376|mle_ms=53.184|monotonic_ms=50|clock_delta_ms=3.184
|clock_suspect=0
PMLE_LIVE_REPLAY_TIC|tic=3377|mle_ms=46.206|monotonic_ms=50|clock_delta_ms=3.794
|clock_suspect=0
PMLE_LIVE_REPLAY_TIC|tic=3378|mle_ms=10.424|monotonic_ms=10|clock_delta_ms=.424|
clock_suspect=0
PMLE_LIVE_REPLAY_TIC|tic=3379|mle_ms=49.237|monotonic_ms=50|clock_delta_ms=.763|
clock_suspect=0
PMLE_LIVE_REPLAY_TIC|tic=3380|mle_ms=39.401|monotonic_ms=40|clock_delta_ms=.599|
clock_suspect=0
PMLE_LIVE_REPLAY_TIC|tic=3381|mle_ms=46.401|monotonic_ms=40|clock_delta_ms=6.401
|clock_suspect=0
PMLE_LIVE_REPLAY_TIC|tic=3382|mle_ms=16.248|monotonic_ms=20|clock_delta_ms=3.752
|clock_suspect=0
PMLE_LIVE_REPLAY_TIC|tic=3383|mle_ms=54.132|monotonic_ms=50|clock_delta_ms=4.132
|clock_suspect=0
PMLE_LIVE_REPLAY_TIC|tic=3384|mle_ms=11.004|monotonic_ms=10|clock_delta_ms=1.004
|clock_suspect=0
PMLE_LIVE_REPLAY_TIC|tic=3385|mle_ms=20.805|monotonic_ms=30|clock_delta_ms=9.195
|clock_suspect=0
PMLE_LIVE_REPLAY_TIC|tic=3386|mle_ms=52.347|monotonic_ms=50|clock_delta_ms=2.347
|clock_suspect=0
PMLE_LIVE_REPLAY_TIC|tic=3387|mle_ms=13.628|monotonic_ms=10|clock_delta_ms=3.628
|clock_suspect=0
PMLE_LIVE_REPLAY_TIC|tic=3388|mle_ms=19.411|monotonic_ms=20|clock_delta_ms=.589|
clock_suspect=0
PMLE_LIVE_REPLAY_TIC|tic=3389|mle_ms=48.628|monotonic_ms=50|clock_delta_ms=1.372
|clock_suspect=0
PMLE_LIVE_REPLAY_TIC|tic=3390|mle_ms=16.451|monotonic_ms=20|clock_delta_ms=3.549
|clock_suspect=0
PMLE_LIVE_REPLAY_TIC|tic=3391|mle_ms=54.078|monotonic_ms=50|clock_delta_ms=4.078
|clock_suspect=0
PMLE_LIVE_REPLAY_TIC|tic=3392|mle_ms=23.93|monotonic_ms=20|clock_delta_ms=3.93|c
lock_suspect=0
PMLE_LIVE_REPLAY_TIC|tic=3393|mle_ms=27.583|monotonic_ms=30|clock_delta_ms=2.417
|clock_suspect=0
PMLE_LIVE_REPLAY_TIC|tic=3394|mle_ms=25.873|monotonic_ms=30|clock_delta_ms=4.127
|clock_suspect=0
PMLE_LIVE_REPLAY_TIC|tic=3395|mle_ms=21.588|monotonic_ms=20|clock_delta_ms=1.588
|clock_suspect=0
PMLE_LIVE_REPLAY_TIC|tic=3396|mle_ms=19.036|monotonic_ms=20|clock_delta_ms=.964|
clock_suspect=0
PMLE_LIVE_REPLAY_TIC|tic=3397|mle_ms=20.96|monotonic_ms=20|clock_delta_ms=.96|cl
ock_suspect=0
PMLE_LIVE_REPLAY_TIC|tic=3398|mle_ms=54.09|monotonic_ms=50|clock_delta_ms=4.09|c
lock_suspect=0
PMLE_LIVE_REPLAY_TIC|tic=3399|mle_ms=14.616|monotonic_ms=20|clock_delta_ms=5.384
|clock_suspect=0
PMLE_LIVE_REPLAY_TIC|tic=3400|mle_ms=19.983|monotonic_ms=20|clock_delta_ms=.017|
clock_suspect=0
PMLE_LIVE_REPLAY_TIC|tic=3401|mle_ms=81.502|monotonic_ms=80|clock_delta_ms=1.502
|clock_suspect=0
PMLE_LIVE_REPLAY_TIC|tic=3402|mle_ms=15.343|monotonic_ms=10|clock_delta_ms=5.343
|clock_suspect=0
PMLE_LIVE_REPLAY_TIC|tic=3403|mle_ms=29.796|monotonic_ms=30|clock_delta_ms=.204|
clock_suspect=0
PMLE_LIVE_REPLAY_TIC|tic=3404|mle_ms=50.176|monotonic_ms=50|clock_delta_ms=.176|
clock_suspect=0
PMLE_LIVE_REPLAY_TIC|tic=3405|mle_ms=19.16|monotonic_ms=20|clock_delta_ms=.84|cl
ock_suspect=0
PMLE_LIVE_REPLAY_TIC|tic=3406|mle_ms=58.188|monotonic_ms=60|clock_delta_ms=1.812
|clock_suspect=0
PMLE_LIVE_REPLAY_TIC|tic=3407|mle_ms=55.863|monotonic_ms=60|clock_delta_ms=4.137
|clock_suspect=0
PMLE_LIVE_REPLAY_TIC|tic=3408|mle_ms=17.225|monotonic_ms=10|clock_delta_ms=7.225
|clock_suspect=0
PMLE_LIVE_REPLAY_TIC|tic=3409|mle_ms=66.984|monotonic_ms=70|clock_delta_ms=3.016
|clock_suspect=0
PMLE_LIVE_REPLAY_TIC|tic=3410|mle_ms=42.544|monotonic_ms=40|clock_delta_ms=2.544
|clock_suspect=0
PMLE_LIVE_REPLAY_TIC|tic=3411|mle_ms=48.94|monotonic_ms=50|clock_delta_ms=1.06|c
lock_suspect=0
PMLE_LIVE_REPLAY_TIC|tic=3412|mle_ms=52.874|monotonic_ms=60|clock_delta_ms=7.126
|clock_suspect=0
PMLE_LIVE_REPLAY_TIC|tic=3413|mle_ms=62.515|monotonic_ms=60|clock_delta_ms=2.515
|clock_suspect=0
PMLE_LIVE_REPLAY_TIC|tic=3414|mle_ms=21.157|monotonic_ms=20|clock_delta_ms=1.157
|clock_suspect=0
PMLE_LIVE_REPLAY_TIC|tic=3415|mle_ms=52.47|monotonic_ms=50|clock_delta_ms=2.47|c
lock_suspect=0
PMLE_LIVE_REPLAY_TIC|tic=3416|mle_ms=59.453|monotonic_ms=60|clock_delta_ms=.547|
clock_suspect=0
PMLE_LIVE_REPLAY_TIC|tic=3417|mle_ms=10.287|monotonic_ms=10|clock_delta_ms=.287|
clock_suspect=0
PMLE_LIVE_REPLAY_TIC|tic=3418|mle_ms=58.809|monotonic_ms=60|clock_delta_ms=1.191
|clock_suspect=0
PMLE_LIVE_REPLAY_TIC|tic=3419|mle_ms=57.193|monotonic_ms=60|clock_delta_ms=2.807
|clock_suspect=0
PMLE_LIVE_REPLAY_TIC|tic=3420|mle_ms=13.783|monotonic_ms=10|clock_delta_ms=3.783
|clock_suspect=0
PMLE_LIVE_REPLAY_TIC|tic=3421|mle_ms=95.517|monotonic_ms=100|clock_delta_ms=4.48
3|clock_suspect=0
PMLE_LIVE_REPLAY_TIC|tic=3422|mle_ms=47.518|monotonic_ms=50|clock_delta_ms=2.482
|clock_suspect=0
PMLE_LIVE_REPLAY_TIC|tic=3423|mle_ms=37.074|monotonic_ms=30|clock_delta_ms=7.074
|clock_suspect=0
PMLE_LIVE_REPLAY_TIC|tic=3424|mle_ms=71.674|monotonic_ms=70|clock_delta_ms=1.674
|clock_suspect=0
PMLE_LIVE_REPLAY_TIC|tic=3425|mle_ms=59.178|monotonic_ms=60|clock_delta_ms=.822|
clock_suspect=0
PMLE_LIVE_REPLAY_TIC|tic=3426|mle_ms=37.547|monotonic_ms=40|clock_delta_ms=2.453
|clock_suspect=0
PMLE_LIVE_REPLAY_TIC|tic=3427|mle_ms=69.986|monotonic_ms=70|clock_delta_ms=.014|
clock_suspect=0
PMLE_LIVE_REPLAY_TIC|tic=3428|mle_ms=93.683|monotonic_ms=100|clock_delta_ms=6.31
7|clock_suspect=0
PMLE_LIVE_REPLAY_TIC|tic=3429|mle_ms=36.961|monotonic_ms=30|clock_delta_ms=6.961
|clock_suspect=0
PMLE_LIVE_REPLAY_TIC|tic=3430|mle_ms=90.17|monotonic_ms=90|clock_delta_ms=.17|cl
ock_suspect=0
PMLE_LIVE_REPLAY_TIC|tic=3431|mle_ms=82.326|monotonic_ms=80|clock_delta_ms=2.326
|clock_suspect=0
PMLE_LIVE_REPLAY_TIC|tic=3432|mle_ms=28.397|monotonic_ms=30|clock_delta_ms=1.603
|clock_suspect=0
PMLE_LIVE_REPLAY_TIC|tic=3433|mle_ms=96.182|monotonic_ms=100|clock_delta_ms=3.81
8|clock_suspect=0
PMLE_LIVE_REPLAY_TIC|tic=3434|mle_ms=77.327|monotonic_ms=80|clock_delta_ms=2.673
|clock_suspect=0
PMLE_LIVE_REPLAY_TIC|tic=3435|mle_ms=34.63|monotonic_ms=30|clock_delta_ms=4.63|c
lock_suspect=0
PMLE_LIVE_REPLAY_TIC|tic=3436|mle_ms=98.103|monotonic_ms=100|clock_delta_ms=1.89
7|clock_suspect=0
PMLE_LIVE_REPLAY_TIC|tic=3437|mle_ms=65.735|monotonic_ms=70|clock_delta_ms=4.265
|clock_suspect=0
PMLE_LIVE_REPLAY_TIC|tic=3438|mle_ms=32.395|monotonic_ms=30|clock_delta_ms=2.395
|clock_suspect=0
PMLE_LIVE_REPLAY_TIC|tic=3439|mle_ms=70.05|monotonic_ms=70|clock_delta_ms=.05|cl
ock_suspect=0
PMLE_LIVE_REPLAY_TIC|tic=3440|mle_ms=62.12|monotonic_ms=60|clock_delta_ms=2.12|c
lock_suspect=0
PMLE_LIVE_REPLAY_TIC|tic=3441|mle_ms=43.004|monotonic_ms=40|clock_delta_ms=3.004
|clock_suspect=0
PMLE_LIVE_REPLAY_TIC|tic=3442|mle_ms=67.78|monotonic_ms=70|clock_delta_ms=2.22|c
lock_suspect=0
PMLE_LIVE_REPLAY_TIC|tic=3443|mle_ms=83.38|monotonic_ms=80|clock_delta_ms=3.38|c
lock_suspect=0
PMLE_LIVE_REPLAY_TIC|tic=3444|mle_ms=42.375|monotonic_ms=50|clock_delta_ms=7.625
|clock_suspect=0
PMLE_LIVE_REPLAY_TIC|tic=3445|mle_ms=69.959|monotonic_ms=70|clock_delta_ms=.041|
clock_suspect=0
PMLE_LIVE_REPLAY_TIC|tic=3446|mle_ms=81.683|monotonic_ms=80|clock_delta_ms=1.683
|clock_suspect=0
PMLE_LIVE_REPLAY_TIC|tic=3447|mle_ms=29.26|monotonic_ms=30|clock_delta_ms=.74|cl
ock_suspect=0
PMLE_LIVE_REPLAY_TIC|tic=3448|mle_ms=68.435|monotonic_ms=70|clock_delta_ms=1.565
|clock_suspect=0
PMLE_LIVE_REPLAY_TIC|tic=3449|mle_ms=76.685|monotonic_ms=70|clock_delta_ms=6.685
|clock_suspect=0
PMLE_LIVE_REPLAY_TIC|tic=3450|mle_ms=27.222|monotonic_ms=30|clock_delta_ms=2.778
|clock_suspect=0
PMLE_LIVE_REPLAY_TIC|tic=3451|mle_ms=92.014|monotonic_ms=90|clock_delta_ms=2.014
|clock_suspect=0
PMLE_LIVE_REPLAY_TIC|tic=3452|mle_ms=73.127|monotonic_ms=80|clock_delta_ms=6.873
|clock_suspect=0
PMLE_LIVE_REPLAY_TIC|tic=3453|mle_ms=50.304|monotonic_ms=50|clock_delta_ms=.304|
clock_suspect=0
PMLE_LIVE_REPLAY_TIC|tic=3454|mle_ms=86.989|monotonic_ms=80|clock_delta_ms=6.989
|clock_suspect=0
PMLE_LIVE_REPLAY_TIC|tic=3455|mle_ms=72.556|monotonic_ms=80|clock_delta_ms=7.444
|clock_suspect=0
PMLE_LIVE_REPLAY_TIC|tic=3456|mle_ms=48.215|monotonic_ms=40|clock_delta_ms=8.215
|clock_suspect=0
PMLE_LIVE_REPLAY_TIC|tic=3457|mle_ms=68.689|monotonic_ms=70|clock_delta_ms=1.311
|clock_suspect=0
PMLE_LIVE_REPLAY_TIC|tic=3458|mle_ms=63.178|monotonic_ms=70|clock_delta_ms=6.822
|clock_suspect=0
PMLE_LIVE_REPLAY_TIC|tic=3459|mle_ms=26.934|monotonic_ms=20|clock_delta_ms=6.934
|clock_suspect=0
PMLE_LIVE_REPLAY_TIC|tic=3460|mle_ms=258.58|monotonic_ms=260|clock_delta_ms=1.42
|clock_suspect=0
PMLE_LIVE_REPLAY_TIC|tic=3461|mle_ms=87.769|monotonic_ms=90|clock_delta_ms=2.231
|clock_suspect=0
PMLE_LIVE_REPLAY_TIC|tic=3462|mle_ms=30.464|monotonic_ms=30|clock_delta_ms=.464|
clock_suspect=0
PMLE_LIVE_REPLAY_TIC|tic=3463|mle_ms=289.728|monotonic_ms=290|clock_delta_ms=.27
2|clock_suspect=0
PMLE_LIVE_REPLAY_TIC|tic=3464|mle_ms=117.362|monotonic_ms=120|clock_delta_ms=2.6
38|clock_suspect=0
PMLE_LIVE_REPLAY_TIC|tic=3465|mle_ms=37.237|monotonic_ms=40|clock_delta_ms=2.763
|clock_suspect=0
PMLE_LIVE_REPLAY_TIC|tic=3466|mle_ms=281.061|monotonic_ms=280|clock_delta_ms=1.0
61|clock_suspect=0
PMLE_LIVE_REPLAY_TIC|tic=3467|mle_ms=73.322|monotonic_ms=70|clock_delta_ms=3.322
|clock_suspect=0
PMLE_LIVE_REPLAY_TIC|tic=3468|mle_ms=36.222|monotonic_ms=40|clock_delta_ms=3.778
|clock_suspect=0
PMLE_LIVE_REPLAY_TIC|tic=3469|mle_ms=262.925|monotonic_ms=260|clock_delta_ms=2.9
25|clock_suspect=0
PMLE_LIVE_REPLAY_TIC|tic=3470|mle_ms=117.946|monotonic_ms=120|clock_delta_ms=2.0
54|clock_suspect=0
PMLE_LIVE_REPLAY_TIC|tic=3471|mle_ms=58.823|monotonic_ms=60|clock_delta_ms=1.177
|clock_suspect=0
PMLE_LIVE_REPLAY_TIC|tic=3472|mle_ms=270.379|monotonic_ms=270|clock_delta_ms=.37
9|clock_suspect=0
PMLE_LIVE_REPLAY_TIC|tic=3473|mle_ms=105.972|monotonic_ms=100|clock_delta_ms=5.9
72|clock_suspect=0
PMLE_LIVE_REPLAY_TIC|tic=3474|mle_ms=55.692|monotonic_ms=60|clock_delta_ms=4.308
|clock_suspect=0
PMLE_LIVE_REPLAY_TIC|tic=3475|mle_ms=270.512|monotonic_ms=270|clock_delta_ms=.51
2|clock_suspect=0
PMLE_LIVE_REPLAY_TIC|tic=3476|mle_ms=153.545|monotonic_ms=150|clock_delta_ms=3.5
45|clock_suspect=0
PMLE_LIVE_REPLAY_TIC|tic=3477|mle_ms=77.262|monotonic_ms=80|clock_delta_ms=2.738
|clock_suspect=0
PMLE_LIVE_REPLAY_TIC|tic=3478|mle_ms=110.233|monotonic_ms=110|clock_delta_ms=.23
3|clock_suspect=0
PMLE_LIVE_REPLAY_TIC|tic=3479|mle_ms=109.681|monotonic_ms=110|clock_delta_ms=.31
9|clock_suspect=0
PMLE_LIVE_REPLAY_TIC|tic=3480|mle_ms=58.289|monotonic_ms=60|clock_delta_ms=1.711
|clock_suspect=0
PMLE_LIVE_REPLAY_TIC|tic=3481|mle_ms=111.005|monotonic_ms=110|clock_delta_ms=1.0
05|clock_suspect=0
PMLE_LIVE_REPLAY_TIC|tic=3482|mle_ms=100.351|monotonic_ms=100|clock_delta_ms=.35
1|clock_suspect=0
PMLE_LIVE_REPLAY_TIC|tic=3483|mle_ms=67.531|monotonic_ms=70|clock_delta_ms=2.469
|clock_suspect=0
PMLE_LIVE_REPLAY_TIC|tic=3484|mle_ms=141.074|monotonic_ms=140|clock_delta_ms=1.0
74|clock_suspect=0
PMLE_LIVE_REPLAY_TIC|tic=3485|mle_ms=128.677|monotonic_ms=130|clock_delta_ms=1.3
23|clock_suspect=0
PMLE_LIVE_REPLAY_TIC|tic=3486|mle_ms=93.381|monotonic_ms=90|clock_delta_ms=3.381
|clock_suspect=0
PMLE_LIVE_REPLAY_TIC|tic=3487|mle_ms=89.993|monotonic_ms=90|clock_delta_ms=.007|
clock_suspect=0
PMLE_LIVE_REPLAY_TIC|tic=3488|mle_ms=82.771|monotonic_ms=80|clock_delta_ms=2.771
|clock_suspect=0
PMLE_LIVE_REPLAY_TIC|tic=3489|mle_ms=38.859|monotonic_ms=40|clock_delta_ms=1.141
|clock_suspect=0
PMLE_LIVE_REPLAY_TIC|tic=3490|mle_ms=89.931|monotonic_ms=90|clock_delta_ms=.069|
clock_suspect=0
PMLE_LIVE_REPLAY_TIC|tic=3491|mle_ms=90.044|monotonic_ms=90|clock_delta_ms=.044|
clock_suspect=0
PMLE_LIVE_REPLAY_TIC|tic=3492|mle_ms=36.631|monotonic_ms=40|clock_delta_ms=3.369
|clock_suspect=0
PMLE_LIVE_REPLAY_TIC|tic=3493|mle_ms=96.042|monotonic_ms=100|clock_delta_ms=3.95
8|clock_suspect=0
PMLE_LIVE_REPLAY_TIC|tic=3494|mle_ms=76.255|monotonic_ms=70|clock_delta_ms=6.255
|clock_suspect=0
PMLE_LIVE_REPLAY_TIC|tic=3495|mle_ms=34.933|monotonic_ms=40|clock_delta_ms=5.067
|clock_suspect=0
PMLE_LIVE_REPLAY_TIC|tic=3496|mle_ms=91.876|monotonic_ms=90|clock_delta_ms=1.876
|clock_suspect=0
PMLE_LIVE_REPLAY_TIC|tic=3497|mle_ms=67.011|monotonic_ms=70|clock_delta_ms=2.989
|clock_suspect=0
PMLE_LIVE_REPLAY_TIC|tic=3498|mle_ms=32.709|monotonic_ms=30|clock_delta_ms=2.709
|clock_suspect=0
PMLE_LIVE_REPLAY_TIC|tic=3499|mle_ms=73|monotonic_ms=70|clock_delta_ms=3|clock_s
uspect=0
PMLE_LIVE_REPLAY_TIC|tic=3500|mle_ms=86.838|monotonic_ms=90|clock_delta_ms=3.162
|clock_suspect=0
PMLE_LIVE_REPLAY_TIC|tic=3501|mle_ms=55.648|monotonic_ms=60|clock_delta_ms=4.352
|clock_suspect=0
PMLE_LIVE_REPLAY_TIC|tic=3502|mle_ms=74.27|monotonic_ms=70|clock_delta_ms=4.27|c
lock_suspect=0
PMLE_LIVE_REPLAY_TIC|tic=3503|mle_ms=95.645|monotonic_ms=100|clock_delta_ms=4.35
5|clock_suspect=0
PMLE_LIVE_REPLAY_TIC|tic=3504|mle_ms=47.597|monotonic_ms=40|clock_delta_ms=7.597
|clock_suspect=0
PMLE_LIVE_REPLAY_TIC|tic=3505|mle_ms=98.014|monotonic_ms=100|clock_delta_ms=1.98
6|clock_suspect=0
PMLE_LIVE_REPLAY_TIC|tic=3506|mle_ms=100.77|monotonic_ms=100|clock_delta_ms=.77|
clock_suspect=0
PMLE_LIVE_REPLAY_TIC|tic=3507|mle_ms=47.11|monotonic_ms=50|clock_delta_ms=2.89|c
lock_suspect=0
PMLE_LIVE_REPLAY_TIC|tic=3508|mle_ms=82.954|monotonic_ms=80|clock_delta_ms=2.954
|clock_suspect=0
PMLE_LIVE_REPLAY_TIC|tic=3509|mle_ms=81.396|monotonic_ms=90|clock_delta_ms=8.604
|clock_suspect=0
PMLE_LIVE_REPLAY_TIC|tic=3510|mle_ms=50.082|monotonic_ms=50|clock_delta_ms=.082|
clock_suspect=0
PMLE_LIVE_REPLAY_TIC|tic=3511|mle_ms=99.092|monotonic_ms=90|clock_delta_ms=9.092
|clock_suspect=0
PMLE_LIVE_REPLAY_TIC|tic=3512|mle_ms=91.725|monotonic_ms=100|clock_delta_ms=8.27
5|clock_suspect=0
PMLE_LIVE_REPLAY_TIC|tic=3513|mle_ms=53.002|monotonic_ms=50|clock_delta_ms=3.002
|clock_suspect=0
PMLE_LIVE_REPLAY_TIC|tic=3514|mle_ms=86.575|monotonic_ms=90|clock_delta_ms=3.425
|clock_suspect=0
PMLE_LIVE_REPLAY_TIC|tic=3515|mle_ms=68.997|monotonic_ms=70|clock_delta_ms=1.003
|clock_suspect=0
PMLE_LIVE_REPLAY_TIC|tic=3516|mle_ms=54.645|monotonic_ms=50|clock_delta_ms=4.645
|clock_suspect=0
PMLE_LIVE_REPLAY_TIC|tic=3517|mle_ms=83.725|monotonic_ms=80|clock_delta_ms=3.725
|clock_suspect=0
PMLE_LIVE_REPLAY_TIC|tic=3518|mle_ms=97.343|monotonic_ms=100|clock_delta_ms=2.65
7|clock_suspect=0
PMLE_LIVE_REPLAY_TIC|tic=3519|mle_ms=34.011|monotonic_ms=40|clock_delta_ms=5.989
|clock_suspect=0
PMLE_LIVE_REPLAY_TIC|tic=3520|mle_ms=78.322|monotonic_ms=70|clock_delta_ms=8.322
|clock_suspect=0
PMLE_LIVE_REPLAY_TIC|tic=3521|mle_ms=83.596|monotonic_ms=90|clock_delta_ms=6.404
|clock_suspect=0
PMLE_LIVE_REPLAY_TIC|tic=3522|mle_ms=28.957|monotonic_ms=30|clock_delta_ms=1.043
|clock_suspect=0
PMLE_LIVE_REPLAY_TIC|tic=3523|mle_ms=74.296|monotonic_ms=70|clock_delta_ms=4.296
|clock_suspect=0
PMLE_LIVE_REPLAY_TIC|tic=3524|mle_ms=89.516|monotonic_ms=90|clock_delta_ms=.484|
clock_suspect=0
PMLE_LIVE_REPLAY_TIC|tic=3525|mle_ms=19.517|monotonic_ms=20|clock_delta_ms=.483|
clock_suspect=0
PMLE_LIVE_REPLAY_TIC|tic=3526|mle_ms=78.885|monotonic_ms=80|clock_delta_ms=1.115
|clock_suspect=0
PMLE_LIVE_REPLAY_TIC|tic=3527|mle_ms=45.86|monotonic_ms=40|clock_delta_ms=5.86|c
lock_suspect=0
PMLE_LIVE_REPLAY_TIC|tic=3528|mle_ms=11.774|monotonic_ms=20|clock_delta_ms=8.226
|clock_suspect=0
PMLE_LIVE_REPLAY_TIC|tic=3529|mle_ms=69.817|monotonic_ms=70|clock_delta_ms=.183|
clock_suspect=0
PMLE_LIVE_REPLAY_TIC|tic=3530|mle_ms=45.45|monotonic_ms=40|clock_delta_ms=5.45|c
lock_suspect=0
PMLE_LIVE_REPLAY_TIC|tic=3531|mle_ms=27.166|monotonic_ms=30|clock_delta_ms=2.834
|clock_suspect=0
PMLE_LIVE_REPLAY_TIC|tic=3532|mle_ms=49.086|monotonic_ms=50|clock_delta_ms=.914|
clock_suspect=0
PMLE_LIVE_REPLAY_TIC|tic=3533|mle_ms=72.524|monotonic_ms=70|clock_delta_ms=2.524
|clock_suspect=0
PMLE_LIVE_REPLAY_TIC|tic=3534|mle_ms=21.244|monotonic_ms=20|clock_delta_ms=1.244
|clock_suspect=0
PMLE_LIVE_REPLAY_TIC|tic=3535|mle_ms=65.145|monotonic_ms=70|clock_delta_ms=4.855
|clock_suspect=0
PMLE_LIVE_REPLAY_TIC|tic=3536|mle_ms=76.489|monotonic_ms=70|clock_delta_ms=6.489
|clock_suspect=0
PMLE_LIVE_REPLAY_TIC|tic=3537|mle_ms=9.824|monotonic_ms=10|clock_delta_ms=.176|c
lock_suspect=0
PMLE_LIVE_REPLAY_TIC|tic=3538|mle_ms=47.873|monotonic_ms=50|clock_delta_ms=2.127
|clock_suspect=0
PMLE_LIVE_REPLAY_TIC|tic=3539|mle_ms=58.641|monotonic_ms=60|clock_delta_ms=1.359
|clock_suspect=0
PMLE_LIVE_REPLAY_TIC|tic=3540|mle_ms=13.624|monotonic_ms=10|clock_delta_ms=3.624
|clock_suspect=0
PMLE_LIVE_REPLAY_TIC|tic=3541|mle_ms=87.649|monotonic_ms=90|clock_delta_ms=2.351
|clock_suspect=0
PMLE_LIVE_REPLAY_TIC|tic=3542|mle_ms=49.177|monotonic_ms=50|clock_delta_ms=.823|
clock_suspect=0
PMLE_LIVE_REPLAY_TIC|tic=3543|mle_ms=29.587|monotonic_ms=30|clock_delta_ms=.413|
clock_suspect=0
PMLE_LIVE_REPLAY_TIC|tic=3544|mle_ms=59.434|monotonic_ms=60|clock_delta_ms=.566|
clock_suspect=0
PMLE_LIVE_REPLAY_TIC|tic=3545|mle_ms=52.005|monotonic_ms=50|clock_delta_ms=2.005
|clock_suspect=0
PMLE_LIVE_REPLAY_TIC|tic=3546|mle_ms=36.905|monotonic_ms=40|clock_delta_ms=3.095
|clock_suspect=0
PMLE_LIVE_REPLAY_TIC|tic=3547|mle_ms=68.315|monotonic_ms=70|clock_delta_ms=1.685
|clock_suspect=0
PMLE_LIVE_REPLAY_TIC|tic=3548|mle_ms=46.288|monotonic_ms=40|clock_delta_ms=6.288
|clock_suspect=0
PMLE_LIVE_REPLAY_TIC|tic=3549|mle_ms=12.811|monotonic_ms=20|clock_delta_ms=7.189
|clock_suspect=0
PMLE_LIVE_REPLAY_TIC|tic=3550|mle_ms=51.561|monotonic_ms=50|clock_delta_ms=1.561
|clock_suspect=0
PMLE_LIVE_REPLAY_TIC|tic=3551|mle_ms=69.71|monotonic_ms=70|clock_delta_ms=.29|cl
ock_suspect=0
PMLE_LIVE_REPLAY_TIC|tic=3552|mle_ms=14.138|monotonic_ms=10|clock_delta_ms=4.138
|clock_suspect=0
PMLE_LIVE_REPLAY_TIC|tic=3553|mle_ms=65.039|monotonic_ms=70|clock_delta_ms=4.961
|clock_suspect=0
PMLE_LIVE_REPLAY_TIC|tic=3554|mle_ms=58.916|monotonic_ms=60|clock_delta_ms=1.084
|clock_suspect=0
PMLE_LIVE_REPLAY_TIC|tic=3555|mle_ms=12.046|monotonic_ms=10|clock_delta_ms=2.046
|clock_suspect=0
PMLE_LIVE_REPLAY_TIC|tic=3556|mle_ms=61.84|monotonic_ms=60|clock_delta_ms=1.84|c
lock_suspect=0
PMLE_LIVE_REPLAY_TIC|tic=3557|mle_ms=46.569|monotonic_ms=50|clock_delta_ms=3.431
|clock_suspect=0
PMLE_LIVE_REPLAY_TIC|tic=3558|mle_ms=10.995|monotonic_ms=10|clock_delta_ms=.995|
clock_suspect=0
PMLE_LIVE_REPLAY_TIC|tic=3559|mle_ms=40.861|monotonic_ms=40|clock_delta_ms=.861|
clock_suspect=0
PMLE_LIVE_REPLAY_TIC|tic=3560|mle_ms=51.991|monotonic_ms=50|clock_delta_ms=1.991
|clock_suspect=0
PMLE_LIVE_REPLAY_TIC|tic=3561|mle_ms=27.124|monotonic_ms=30|clock_delta_ms=2.876
|clock_suspect=0
PMLE_LIVE_REPLAY_TIC|tic=3562|mle_ms=40.731|monotonic_ms=40|clock_delta_ms=.731|
clock_suspect=0
PMLE_LIVE_REPLAY_TIC|tic=3563|mle_ms=71.004|monotonic_ms=70|clock_delta_ms=1.004
|clock_suspect=0
PMLE_LIVE_REPLAY_TIC|tic=3564|mle_ms=21.042|monotonic_ms=20|clock_delta_ms=1.042
|clock_suspect=0
PMLE_LIVE_REPLAY_TIC|tic=3565|mle_ms=31.766|monotonic_ms=30|clock_delta_ms=1.766
|clock_suspect=0
PMLE_LIVE_REPLAY_TIC|tic=3566|mle_ms=92.673|monotonic_ms=100|clock_delta_ms=7.32
7|clock_suspect=0
PMLE_LIVE_REPLAY_TIC|tic=3567|mle_ms=10.031|monotonic_ms=10|clock_delta_ms=.031|
clock_suspect=0
PMLE_LIVE_REPLAY_TIC|tic=3568|mle_ms=36.132|monotonic_ms=30|clock_delta_ms=6.132
|clock_suspect=0
PMLE_LIVE_REPLAY_TIC|tic=3569|mle_ms=46.239|monotonic_ms=50|clock_delta_ms=3.761
|clock_suspect=0
PMLE_LIVE_REPLAY_TIC|tic=3570|mle_ms=10.694|monotonic_ms=10|clock_delta_ms=.694|
clock_suspect=0
PMLE_LIVE_REPLAY_TIC|tic=3571|mle_ms=46.624|monotonic_ms=50|clock_delta_ms=3.376
|clock_suspect=0
PMLE_LIVE_REPLAY_TIC|tic=3572|mle_ms=43.199|monotonic_ms=40|clock_delta_ms=3.199
|clock_suspect=0
PMLE_LIVE_REPLAY_TIC|tic=3573|mle_ms=24.584|monotonic_ms=20|clock_delta_ms=4.584
|clock_suspect=0
PMLE_LIVE_REPLAY_TIC|tic=3574|mle_ms=66.597|monotonic_ms=70|clock_delta_ms=3.403
|clock_suspect=0
PMLE_LIVE_REPLAY_TIC|tic=3575|mle_ms=55.374|monotonic_ms=60|clock_delta_ms=4.626
|clock_suspect=0
PMLE_LIVE_REPLAY_TIC|tic=3576|mle_ms=38.526|monotonic_ms=40|clock_delta_ms=1.474
|clock_suspect=0
PMLE_LIVE_REPLAY_TIC|tic=3577|mle_ms=65.261|monotonic_ms=60|clock_delta_ms=5.261
|clock_suspect=0
PMLE_LIVE_REPLAY_TIC|tic=3578|mle_ms=59.18|monotonic_ms=60|clock_delta_ms=.82|cl
ock_suspect=0
PMLE_LIVE_REPLAY_TIC|tic=3579|mle_ms=13.644|monotonic_ms=10|clock_delta_ms=3.644
|clock_suspect=0
PMLE_LIVE_REPLAY_TIC|tic=3580|mle_ms=41.186|monotonic_ms=40|clock_delta_ms=1.186
|clock_suspect=0
PMLE_LIVE_REPLAY_TIC|tic=3581|mle_ms=67.89|monotonic_ms=70|clock_delta_ms=2.11|c
lock_suspect=0
PMLE_LIVE_REPLAY_TIC|tic=3582|mle_ms=12.928|monotonic_ms=20|clock_delta_ms=7.072
|clock_suspect=0
PMLE_LIVE_REPLAY_TIC|tic=3583|mle_ms=59.729|monotonic_ms=60|clock_delta_ms=.271|
clock_suspect=0
PMLE_LIVE_REPLAY_TIC|tic=3584|mle_ms=65.898|monotonic_ms=60|clock_delta_ms=5.898
|clock_suspect=0
PMLE_LIVE_REPLAY_TIC|tic=3585|mle_ms=10.988|monotonic_ms=10|clock_delta_ms=.988|
clock_suspect=0
PMLE_LIVE_REPLAY_TIC|tic=3586|mle_ms=65.632|monotonic_ms=70|clock_delta_ms=4.368
|clock_suspect=0
PMLE_LIVE_REPLAY_TIC|tic=3587|mle_ms=40.208|monotonic_ms=40|clock_delta_ms=.208|
clock_suspect=0
PMLE_LIVE_REPLAY_TIC|tic=3588|mle_ms=8.772|monotonic_ms=10|clock_delta_ms=1.228|
clock_suspect=0
PMLE_LIVE_REPLAY_TIC|tic=3589|mle_ms=34.541|monotonic_ms=30|clock_delta_ms=4.541
|clock_suspect=0
PMLE_LIVE_REPLAY_TIC|tic=3590|mle_ms=48.625|monotonic_ms=50|clock_delta_ms=1.375
|clock_suspect=0
PMLE_LIVE_REPLAY_TIC|tic=3591|mle_ms=19.395|monotonic_ms=20|clock_delta_ms=.605|
clock_suspect=0
PMLE_LIVE_REPLAY_TIC|tic=3592|mle_ms=32.718|monotonic_ms=30|clock_delta_ms=2.718
|clock_suspect=0
PMLE_LIVE_REPLAY_TIC|tic=3593|mle_ms=70.333|monotonic_ms=70|clock_delta_ms=.333|
clock_suspect=0
PMLE_LIVE_REPLAY_TIC|tic=3594|mle_ms=16.937|monotonic_ms=20|clock_delta_ms=3.063
|clock_suspect=0
PMLE_LIVE_REPLAY_TIC|tic=3595|mle_ms=35.921|monotonic_ms=40|clock_delta_ms=4.079
|clock_suspect=0
PMLE_LIVE_REPLAY_TIC|tic=3596|mle_ms=61.133|monotonic_ms=60|clock_delta_ms=1.133
|clock_suspect=0
PMLE_LIVE_REPLAY_TIC|tic=3597|mle_ms=7.54|monotonic_ms=10|clock_delta_ms=2.46|cl
ock_suspect=0
PMLE_LIVE_REPLAY_TIC|tic=3598|mle_ms=57.828|monotonic_ms=50|clock_delta_ms=7.828
|clock_suspect=0
PMLE_LIVE_REPLAY_TIC|tic=3599|mle_ms=45.54|monotonic_ms=50|clock_delta_ms=4.46|c
lock_suspect=0
PMLE_LIVE_REPLAY_TIC|tic=3600|mle_ms=9.361|monotonic_ms=10|clock_delta_ms=.639|c
lock_suspect=0
PMLE_LIVE_REPLAY_TIC|tic=3601|mle_ms=47.74|monotonic_ms=50|clock_delta_ms=2.26|c
lock_suspect=0
PMLE_LIVE_REPLAY_TIC|tic=3602|mle_ms=58.466|monotonic_ms=60|clock_delta_ms=1.534
|clock_suspect=0
PMLE_LIVE_REPLAY_TIC|tic=3603|mle_ms=25.61|monotonic_ms=20|clock_delta_ms=5.61|c
lock_suspect=0
PMLE_LIVE_REPLAY_TIC|tic=3604|mle_ms=66.71|monotonic_ms=70|clock_delta_ms=3.29|c
lock_suspect=0
PMLE_LIVE_REPLAY_TIC|tic=3605|mle_ms=38.44|monotonic_ms=40|clock_delta_ms=1.56|c
lock_suspect=0
PMLE_LIVE_REPLAY_TIC|tic=3606|mle_ms=35.311|monotonic_ms=30|clock_delta_ms=5.311
|clock_suspect=0
PMLE_LIVE_REPLAY_TIC|tic=3607|mle_ms=35.845|monotonic_ms=40|clock_delta_ms=4.155
|clock_suspect=0
PMLE_LIVE_REPLAY_TIC|tic=3608|mle_ms=44.842|monotonic_ms=40|clock_delta_ms=4.842
|clock_suspect=0
PMLE_LIVE_REPLAY_TIC|tic=3609|mle_ms=12.879|monotonic_ms=20|clock_delta_ms=7.121
|clock_suspect=0
PMLE_LIVE_REPLAY_TIC|tic=3610|mle_ms=37.178|monotonic_ms=30|clock_delta_ms=7.178
|clock_suspect=0
PMLE_LIVE_REPLAY_TIC|tic=3611|mle_ms=78.176|monotonic_ms=80|clock_delta_ms=1.824
|clock_suspect=0
PMLE_LIVE_REPLAY_TIC|tic=3612|mle_ms=11.399|monotonic_ms=10|clock_delta_ms=1.399
|clock_suspect=0
PMLE_LIVE_REPLAY_TIC|tic=3613|mle_ms=50.461|monotonic_ms=50|clock_delta_ms=.461|
clock_suspect=0
PMLE_LIVE_REPLAY_TIC|tic=3614|mle_ms=52.569|monotonic_ms=60|clock_delta_ms=7.431
|clock_suspect=0
PMLE_LIVE_REPLAY_TIC|tic=3615|mle_ms=8.868|monotonic_ms=0|clock_delta_ms=8.868|c
lock_suspect=0
PMLE_LIVE_REPLAY_TIC|tic=3616|mle_ms=52.913|monotonic_ms=60|clock_delta_ms=7.087
|clock_suspect=0
PMLE_LIVE_REPLAY_TIC|tic=3617|mle_ms=39.956|monotonic_ms=40|clock_delta_ms=.044|
clock_suspect=0
PMLE_LIVE_REPLAY_TIC|tic=3618|mle_ms=8.088|monotonic_ms=10|clock_delta_ms=1.912|
clock_suspect=0
PMLE_LIVE_REPLAY_TIC|tic=3619|mle_ms=33.652|monotonic_ms=30|clock_delta_ms=3.652
|clock_suspect=0
PMLE_LIVE_REPLAY_TIC|tic=3620|mle_ms=61.25|monotonic_ms=60|clock_delta_ms=1.25|c
lock_suspect=0
PMLE_LIVE_REPLAY_TIC|tic=3621|mle_ms=19.121|monotonic_ms=20|clock_delta_ms=.879|
clock_suspect=0
PMLE_LIVE_REPLAY_TIC|tic=3622|mle_ms=37.635|monotonic_ms=40|clock_delta_ms=2.365
|clock_suspect=0
PMLE_LIVE_REPLAY_TIC|tic=3623|mle_ms=71.828|monotonic_ms=70|clock_delta_ms=1.828
|clock_suspect=0
PMLE_LIVE_REPLAY_TIC|tic=3624|mle_ms=24.026|monotonic_ms=20|clock_delta_ms=4.026
|clock_suspect=0
PMLE_LIVE_REPLAY_TIC|tic=3625|mle_ms=38.466|monotonic_ms=40|clock_delta_ms=1.534
|clock_suspect=0
PMLE_LIVE_REPLAY_TIC|tic=3626|mle_ms=76.257|monotonic_ms=80|clock_delta_ms=3.743
|clock_suspect=0
PMLE_LIVE_REPLAY_TIC|tic=3627|mle_ms=9.368|monotonic_ms=10|clock_delta_ms=.632|c
lock_suspect=0
PMLE_LIVE_REPLAY_TIC|tic=3628|mle_ms=57.427|monotonic_ms=60|clock_delta_ms=2.573
|clock_suspect=0
PMLE_LIVE_REPLAY_TIC|tic=3629|mle_ms=52.711|monotonic_ms=50|clock_delta_ms=2.711
|clock_suspect=0
PMLE_LIVE_REPLAY_TIC|tic=3630|mle_ms=11.162|monotonic_ms=10|clock_delta_ms=1.162
|clock_suspect=0
PMLE_LIVE_REPLAY_TIC|tic=3631|mle_ms=57.102|monotonic_ms=60|clock_delta_ms=2.898
|clock_suspect=0
PMLE_LIVE_REPLAY_TIC|tic=3632|mle_ms=55.979|monotonic_ms=50|clock_delta_ms=5.979
|clock_suspect=0
PMLE_LIVE_REPLAY_TIC|tic=3633|mle_ms=27.676|monotonic_ms=30|clock_delta_ms=2.324
|clock_suspect=0
PMLE_LIVE_REPLAY_TIC|tic=3634|mle_ms=42.683|monotonic_ms=40|clock_delta_ms=2.683
|clock_suspect=0
PMLE_LIVE_REPLAY_TIC|tic=3635|mle_ms=53.523|monotonic_ms=60|clock_delta_ms=6.477
|clock_suspect=0
PMLE_LIVE_REPLAY_TIC|tic=3636|mle_ms=37.831|monotonic_ms=30|clock_delta_ms=7.831
|clock_suspect=0
PMLE_LIVE_REPLAY_TIC|tic=3637|mle_ms=38.014|monotonic_ms=30|clock_delta_ms=8.014
|clock_suspect=0
PMLE_LIVE_REPLAY_TIC|tic=3638|mle_ms=48.696|monotonic_ms=50|clock_delta_ms=1.304
|clock_suspect=0
PMLE_LIVE_REPLAY_TIC|tic=3639|mle_ms=10.479|monotonic_ms=10|clock_delta_ms=.479|
clock_suspect=0
PMLE_LIVE_REPLAY_TIC|tic=3640|mle_ms=31.907|monotonic_ms=30|clock_delta_ms=1.907
|clock_suspect=0
PMLE_LIVE_REPLAY_TIC|tic=3641|mle_ms=58.241|monotonic_ms=60|clock_delta_ms=1.759
|clock_suspect=0
PMLE_LIVE_REPLAY_TIC|tic=3642|mle_ms=11.609|monotonic_ms=10|clock_delta_ms=1.609
|clock_suspect=0
PMLE_LIVE_REPLAY_TIC|tic=3643|mle_ms=48.656|monotonic_ms=50|clock_delta_ms=1.344
|clock_suspect=0
PMLE_LIVE_REPLAY_TIC|tic=3644|mle_ms=55.33|monotonic_ms=60|clock_delta_ms=4.67|c
lock_suspect=0
PMLE_LIVE_REPLAY_TIC|tic=3645|mle_ms=12.42|monotonic_ms=10|clock_delta_ms=2.42|c
lock_suspect=0
PMLE_LIVE_REPLAY_TIC|tic=3646|mle_ms=61.074|monotonic_ms=60|clock_delta_ms=1.074
|clock_suspect=0
PMLE_LIVE_REPLAY_TIC|tic=3647|mle_ms=46.49|monotonic_ms=50|clock_delta_ms=3.51|c
lock_suspect=0
PMLE_LIVE_REPLAY_TIC|tic=3648|mle_ms=10.653|monotonic_ms=10|clock_delta_ms=.653|
clock_suspect=0
PMLE_LIVE_REPLAY_TIC|tic=3649|mle_ms=44.035|monotonic_ms=40|clock_delta_ms=4.035
|clock_suspect=0
PMLE_LIVE_REPLAY_TIC|tic=3650|mle_ms=50.006|monotonic_ms=50|clock_delta_ms=.006|
clock_suspect=0
PMLE_LIVE_REPLAY_TIC|tic=3651|mle_ms=23.026|monotonic_ms=30|clock_delta_ms=6.974
|clock_suspect=0
PMLE_LIVE_REPLAY_TIC|tic=3652|mle_ms=50.273|monotonic_ms=50|clock_delta_ms=.273|
clock_suspect=0
PMLE_LIVE_REPLAY_TIC|tic=3653|mle_ms=60.962|monotonic_ms=60|clock_delta_ms=.962|
clock_suspect=0
PMLE_LIVE_REPLAY_TIC|tic=3654|mle_ms=18.092|monotonic_ms=20|clock_delta_ms=1.908
|clock_suspect=0
PMLE_LIVE_REPLAY_TIC|tic=3655|mle_ms=50.12|monotonic_ms=50|clock_delta_ms=.12|cl
ock_suspect=0
PMLE_LIVE_REPLAY_TIC|tic=3656|mle_ms=72.69|monotonic_ms=70|clock_delta_ms=2.69|c
lock_suspect=0
PMLE_LIVE_REPLAY_TIC|tic=3657|mle_ms=8.866|monotonic_ms=10|clock_delta_ms=1.134|
clock_suspect=0
PMLE_LIVE_REPLAY_TIC|tic=3658|mle_ms=52.376|monotonic_ms=50|clock_delta_ms=2.376
|clock_suspect=0
PMLE_LIVE_REPLAY_TIC|tic=3659|mle_ms=67.415|monotonic_ms=70|clock_delta_ms=2.585
|clock_suspect=0
PMLE_LIVE_REPLAY_TIC|tic=3660|mle_ms=10.214|monotonic_ms=10|clock_delta_ms=.214|
clock_suspect=0
PMLE_LIVE_REPLAY_TIC|tic=3661|mle_ms=68.092|monotonic_ms=70|clock_delta_ms=1.908
|clock_suspect=0
PMLE_LIVE_REPLAY_TIC|tic=3662|mle_ms=46.588|monotonic_ms=40|clock_delta_ms=6.588
|clock_suspect=0
PMLE_LIVE_REPLAY_TIC|tic=3663|mle_ms=22.985|monotonic_ms=30|clock_delta_ms=7.015
|clock_suspect=0
PMLE_LIVE_REPLAY_TIC|tic=3664|mle_ms=59.03|monotonic_ms=60|clock_delta_ms=.97|cl
ock_suspect=0
PMLE_LIVE_REPLAY_TIC|tic=3665|mle_ms=63.707|monotonic_ms=60|clock_delta_ms=3.707
|clock_suspect=0
PMLE_LIVE_REPLAY_TIC|tic=3666|mle_ms=36.342|monotonic_ms=40|clock_delta_ms=3.658
|clock_suspect=0
PMLE_LIVE_REPLAY_TIC|tic=3667|mle_ms=38.268|monotonic_ms=30|clock_delta_ms=8.268
|clock_suspect=0
PMLE_LIVE_REPLAY_TIC|tic=3668|mle_ms=57.65|monotonic_ms=60|clock_delta_ms=2.35|c
lock_suspect=0
PMLE_LIVE_REPLAY_TIC|tic=3669|mle_ms=10.576|monotonic_ms=10|clock_delta_ms=.576|
clock_suspect=0
PMLE_LIVE_REPLAY_TIC|tic=3670|mle_ms=32.525|monotonic_ms=40|clock_delta_ms=7.475
|clock_suspect=0
PMLE_LIVE_REPLAY_TIC|tic=3671|mle_ms=63.01|monotonic_ms=60|clock_delta_ms=3.01|c
lock_suspect=0
PMLE_LIVE_REPLAY_TIC|tic=3672|mle_ms=12.349|monotonic_ms=10|clock_delta_ms=2.349
|clock_suspect=0
PMLE_LIVE_REPLAY_TIC|tic=3673|mle_ms=54.772|monotonic_ms=60|clock_delta_ms=5.228
|clock_suspect=0
PMLE_LIVE_REPLAY_TIC|tic=3674|mle_ms=60.593|monotonic_ms=60|clock_delta_ms=.593|
clock_suspect=0
PMLE_LIVE_REPLAY_TIC|tic=3675|mle_ms=9.289|monotonic_ms=10|clock_delta_ms=.711|c
lock_suspect=0
PMLE_LIVE_REPLAY_TIC|tic=3676|mle_ms=63.036|monotonic_ms=60|clock_delta_ms=3.036
|clock_suspect=0
PMLE_LIVE_REPLAY_TIC|tic=3677|mle_ms=43.621|monotonic_ms=40|clock_delta_ms=3.621
|clock_suspect=0
PMLE_LIVE_REPLAY_TIC|tic=3678|mle_ms=9.435|monotonic_ms=10|clock_delta_ms=.565|c
lock_suspect=0
PMLE_LIVE_REPLAY_TIC|tic=3679|mle_ms=34.917|monotonic_ms=40|clock_delta_ms=5.083
|clock_suspect=0
PMLE_LIVE_REPLAY_TIC|tic=3680|mle_ms=44.5|monotonic_ms=40|clock_delta_ms=4.5|clo
ck_suspect=0
PMLE_LIVE_REPLAY_TIC|tic=3681|mle_ms=28.389|monotonic_ms=30|clock_delta_ms=1.611
|clock_suspect=0
PMLE_LIVE_REPLAY_TIC|tic=3682|mle_ms=50.215|monotonic_ms=50|clock_delta_ms=.215|
clock_suspect=0
PMLE_LIVE_REPLAY_TIC|tic=3683|mle_ms=74.535|monotonic_ms=70|clock_delta_ms=4.535
|clock_suspect=0
PMLE_LIVE_REPLAY_TIC|tic=3684|mle_ms=22.223|monotonic_ms=30|clock_delta_ms=7.777
|clock_suspect=0
PMLE_LIVE_REPLAY_TIC|tic=3685|mle_ms=37.861|monotonic_ms=40|clock_delta_ms=2.139
|clock_suspect=0
PMLE_LIVE_REPLAY_TIC|tic=3686|mle_ms=85.704|monotonic_ms=80|clock_delta_ms=5.704
|clock_suspect=0
PMLE_LIVE_REPLAY_TIC|tic=3687|mle_ms=8.575|monotonic_ms=10|clock_delta_ms=1.425|
clock_suspect=0
PMLE_LIVE_REPLAY_TIC|tic=3688|mle_ms=35.4|monotonic_ms=30|clock_delta_ms=5.4|clo
ck_suspect=0
PMLE_LIVE_REPLAY_TIC|tic=3689|mle_ms=59.286|monotonic_ms=60|clock_delta_ms=.714|
clock_suspect=0
PMLE_LIVE_REPLAY_TIC|tic=3690|mle_ms=10.973|monotonic_ms=20|clock_delta_ms=9.027
|clock_suspect=0
PMLE_LIVE_REPLAY_TIC|tic=3691|mle_ms=54.415|monotonic_ms=50|clock_delta_ms=4.415
|clock_suspect=0
PMLE_LIVE_REPLAY_TIC|tic=3692|mle_ms=52.382|monotonic_ms=50|clock_delta_ms=2.382
|clock_suspect=0
PMLE_LIVE_REPLAY_TIC|tic=3693|mle_ms=29.175|monotonic_ms=30|clock_delta_ms=.825|
clock_suspect=0
PMLE_LIVE_REPLAY_TIC|tic=3694|mle_ms=84.739|monotonic_ms=90|clock_delta_ms=5.261
|clock_suspect=0
PMLE_LIVE_REPLAY_TIC|tic=3695|mle_ms=58.743|monotonic_ms=60|clock_delta_ms=1.257
|clock_suspect=0
PMLE_LIVE_REPLAY_TIC|tic=3696|mle_ms=39.359|monotonic_ms=30|clock_delta_ms=9.359
|clock_suspect=0
PMLE_LIVE_REPLAY_TIC|tic=3697|mle_ms=37.408|monotonic_ms=40|clock_delta_ms=2.592
|clock_suspect=0
PMLE_LIVE_REPLAY_TIC|tic=3698|mle_ms=48.355|monotonic_ms=50|clock_delta_ms=1.645
|clock_suspect=0
PMLE_LIVE_REPLAY_TIC|tic=3699|mle_ms=10.319|monotonic_ms=10|clock_delta_ms=.319|
clock_suspect=0
PMLE_LIVE_REPLAY_TIC|tic=3700|mle_ms=33.396|monotonic_ms=30|clock_delta_ms=3.396
|clock_suspect=0
PMLE_LIVE_REPLAY_TIC|tic=3701|mle_ms=56.442|monotonic_ms=60|clock_delta_ms=3.558
|clock_suspect=0
PMLE_LIVE_REPLAY_TIC|tic=3702|mle_ms=11.192|monotonic_ms=10|clock_delta_ms=1.192
|clock_suspect=0
PMLE_LIVE_REPLAY_TIC|tic=3703|mle_ms=51.079|monotonic_ms=50|clock_delta_ms=1.079
|clock_suspect=0
PMLE_LIVE_REPLAY_TIC|tic=3704|mle_ms=66.918|monotonic_ms=70|clock_delta_ms=3.082
|clock_suspect=0
PMLE_LIVE_REPLAY_TIC|tic=3705|mle_ms=8.048|monotonic_ms=10|clock_delta_ms=1.952|
clock_suspect=0
PMLE_LIVE_REPLAY_TIC|tic=3706|mle_ms=76.561|monotonic_ms=70|clock_delta_ms=6.561
|clock_suspect=0
PMLE_LIVE_REPLAY_TIC|tic=3707|mle_ms=54.649|monotonic_ms=60|clock_delta_ms=5.351
|clock_suspect=0
PMLE_LIVE_REPLAY_TIC|tic=3708|mle_ms=11.153|monotonic_ms=10|clock_delta_ms=1.153
|clock_suspect=0
PMLE_LIVE_REPLAY_TIC|tic=3709|mle_ms=67.953|monotonic_ms=70|clock_delta_ms=2.047
|clock_suspect=0
PMLE_LIVE_REPLAY_TIC|tic=3710|mle_ms=58.8|monotonic_ms=60|clock_delta_ms=1.2|clo
ck_suspect=0
PMLE_LIVE_REPLAY_TIC|tic=3711|mle_ms=26.696|monotonic_ms=20|clock_delta_ms=6.696
|clock_suspect=0
PMLE_LIVE_REPLAY_TIC|tic=3712|mle_ms=64.911|monotonic_ms=70|clock_delta_ms=5.089
|clock_suspect=0
PMLE_LIVE_REPLAY_TIC|tic=3713|mle_ms=77.76|monotonic_ms=80|clock_delta_ms=2.24|c
lock_suspect=0
PMLE_LIVE_REPLAY_TIC|tic=3714|mle_ms=25.906|monotonic_ms=20|clock_delta_ms=5.906
|clock_suspect=0
PMLE_LIVE_REPLAY_TIC|tic=3715|mle_ms=53.568|monotonic_ms=60|clock_delta_ms=6.432
|clock_suspect=0
PMLE_LIVE_REPLAY_TIC|tic=3716|mle_ms=68.209|monotonic_ms=60|clock_delta_ms=8.209
|clock_suspect=0
PMLE_LIVE_REPLAY_TIC|tic=3717|mle_ms=9.391|monotonic_ms=10|clock_delta_ms=.609|c
lock_suspect=0
PMLE_LIVE_REPLAY_TIC|tic=3718|mle_ms=76.584|monotonic_ms=80|clock_delta_ms=3.416
|clock_suspect=0
PMLE_LIVE_REPLAY_TIC|tic=3719|mle_ms=59.227|monotonic_ms=60|clock_delta_ms=.773|
clock_suspect=0
PMLE_LIVE_REPLAY_TIC|tic=3720|mle_ms=10.407|monotonic_ms=10|clock_delta_ms=.407|
clock_suspect=0
PMLE_LIVE_REPLAY_TIC|tic=3721|mle_ms=73.465|monotonic_ms=70|clock_delta_ms=3.465
|clock_suspect=0
PMLE_LIVE_REPLAY_TIC|tic=3722|mle_ms=48.028|monotonic_ms=50|clock_delta_ms=1.972
|clock_suspect=0
PMLE_LIVE_REPLAY_TIC|tic=3723|mle_ms=27.631|monotonic_ms=30|clock_delta_ms=2.369
|clock_suspect=0
PMLE_LIVE_REPLAY_TIC|tic=3724|mle_ms=58.168|monotonic_ms=60|clock_delta_ms=1.832
|clock_suspect=0
PMLE_LIVE_REPLAY_TIC|tic=3725|mle_ms=46.885|monotonic_ms=40|clock_delta_ms=6.885
|clock_suspect=0
PMLE_LIVE_REPLAY_TIC|tic=3726|mle_ms=34.445|monotonic_ms=40|clock_delta_ms=5.555
|clock_suspect=0
PMLE_LIVE_REPLAY_TIC|tic=3727|mle_ms=56.016|monotonic_ms=60|clock_delta_ms=3.984
|clock_suspect=0
PMLE_LIVE_REPLAY_TIC|tic=3728|mle_ms=53.216|monotonic_ms=50|clock_delta_ms=3.216
|clock_suspect=0
PMLE_LIVE_REPLAY_TIC|tic=3729|mle_ms=12.16|monotonic_ms=10|clock_delta_ms=2.16|c
lock_suspect=0
PMLE_LIVE_REPLAY_TIC|tic=3730|mle_ms=52.662|monotonic_ms=50|clock_delta_ms=2.662
|clock_suspect=0
PMLE_LIVE_REPLAY_TIC|tic=3731|mle_ms=69.897|monotonic_ms=70|clock_delta_ms=.103|
clock_suspect=0
PMLE_LIVE_REPLAY_TIC|tic=3732|mle_ms=10.611|monotonic_ms=10|clock_delta_ms=.611|
clock_suspect=0
PMLE_LIVE_REPLAY_TIC|tic=3733|mle_ms=62.703|monotonic_ms=70|clock_delta_ms=7.297
|clock_suspect=0
PMLE_LIVE_REPLAY_TIC|tic=3734|mle_ms=52.429|monotonic_ms=50|clock_delta_ms=2.429
|clock_suspect=0
PMLE_LIVE_REPLAY_TIC|tic=3735|mle_ms=8.522|monotonic_ms=10|clock_delta_ms=1.478|
clock_suspect=0
PMLE_LIVE_REPLAY_TIC|tic=3736|mle_ms=61.89|monotonic_ms=60|clock_delta_ms=1.89|c
lock_suspect=0
PMLE_LIVE_REPLAY_TIC|tic=3737|mle_ms=44.282|monotonic_ms=40|clock_delta_ms=4.282
|clock_suspect=0
PMLE_LIVE_REPLAY_TIC|tic=3738|mle_ms=10.072|monotonic_ms=10|clock_delta_ms=.072|
clock_suspect=0
PMLE_LIVE_REPLAY_TIC|tic=3739|mle_ms=71.526|monotonic_ms=80|clock_delta_ms=8.474
|clock_suspect=0
PMLE_LIVE_REPLAY_TIC|tic=3740|mle_ms=52.24|monotonic_ms=50|clock_delta_ms=2.24|c
lock_suspect=0
PMLE_LIVE_REPLAY_TIC|tic=3741|mle_ms=23.154|monotonic_ms=20|clock_delta_ms=3.154
|clock_suspect=0
PMLE_LIVE_REPLAY_TIC|tic=3742|mle_ms=36.201|monotonic_ms=40|clock_delta_ms=3.799
|clock_suspect=0
PMLE_LIVE_REPLAY_TIC|tic=3743|mle_ms=61.249|monotonic_ms=60|clock_delta_ms=1.249
|clock_suspect=0
PMLE_LIVE_REPLAY_TIC|tic=3744|mle_ms=19.038|monotonic_ms=20|clock_delta_ms=.962|
clock_suspect=0
PMLE_LIVE_REPLAY_TIC|tic=3745|mle_ms=35.099|monotonic_ms=30|clock_delta_ms=5.099
|clock_suspect=0
PMLE_LIVE_REPLAY_TIC|tic=3746|mle_ms=66.774|monotonic_ms=70|clock_delta_ms=3.226
|clock_suspect=0
PMLE_LIVE_REPLAY_TIC|tic=3747|mle_ms=7.78|monotonic_ms=10|clock_delta_ms=2.22|cl
ock_suspect=0
PMLE_LIVE_REPLAY_TIC|tic=3748|mle_ms=34.425|monotonic_ms=30|clock_delta_ms=4.425
|clock_suspect=0
PMLE_LIVE_REPLAY_TIC|tic=3749|mle_ms=61.099|monotonic_ms=60|clock_delta_ms=1.099
|clock_suspect=0
PMLE_LIVE_REPLAY_TIC|tic=3750|mle_ms=11.022|monotonic_ms=10|clock_delta_ms=1.022
|clock_suspect=0
PMLE_LIVE_REPLAY_TIC|tic=3751|mle_ms=45.583|monotonic_ms=50|clock_delta_ms=4.417
|clock_suspect=0
PMLE_LIVE_REPLAY_TIC|tic=3752|mle_ms=38.194|monotonic_ms=40|clock_delta_ms=1.806
|clock_suspect=0
PMLE_LIVE_REPLAY_TIC|tic=3753|mle_ms=29.581|monotonic_ms=30|clock_delta_ms=.419|
clock_suspect=0
PMLE_LIVE_REPLAY_TIC|tic=3754|mle_ms=45.802|monotonic_ms=40|clock_delta_ms=5.802
|clock_suspect=0
PMLE_LIVE_REPLAY_TIC|tic=3755|mle_ms=46.315|monotonic_ms=50|clock_delta_ms=3.685
|clock_suspect=0
PMLE_LIVE_REPLAY_TIC|tic=3756|mle_ms=31.812|monotonic_ms=30|clock_delta_ms=1.812
|clock_suspect=0
PMLE_LIVE_REPLAY_TIC|tic=3757|mle_ms=27.747|monotonic_ms=30|clock_delta_ms=2.253
|clock_suspect=0
PMLE_LIVE_REPLAY_TIC|tic=3758|mle_ms=43.148|monotonic_ms=40|clock_delta_ms=3.148
|clock_suspect=0
PMLE_LIVE_REPLAY_TIC|tic=3759|mle_ms=10.267|monotonic_ms=10|clock_delta_ms=.267|
clock_suspect=0
PMLE_LIVE_REPLAY_TIC|tic=3760|mle_ms=31.469|monotonic_ms=40|clock_delta_ms=8.531
|clock_suspect=0
PMLE_LIVE_REPLAY_TIC|tic=3761|mle_ms=61.514|monotonic_ms=60|clock_delta_ms=1.514
|clock_suspect=0
PMLE_LIVE_REPLAY_TIC|tic=3762|mle_ms=9.525|monotonic_ms=10|clock_delta_ms=.475|c
lock_suspect=0
PMLE_LIVE_REPLAY_TIC|tic=3763|mle_ms=50.744|monotonic_ms=50|clock_delta_ms=.744|
clock_suspect=0
PMLE_LIVE_REPLAY_TIC|tic=3764|mle_ms=55.509|monotonic_ms=50|clock_delta_ms=5.509
|clock_suspect=0
PMLE_LIVE_REPLAY_TIC|tic=3765|mle_ms=8.304|monotonic_ms=10|clock_delta_ms=1.696|
clock_suspect=0
PMLE_LIVE_REPLAY_TIC|tic=3766|mle_ms=58.005|monotonic_ms=60|clock_delta_ms=1.995
|clock_suspect=0
PMLE_LIVE_REPLAY_TIC|tic=3767|mle_ms=55.335|monotonic_ms=60|clock_delta_ms=4.665
|clock_suspect=0
PMLE_LIVE_REPLAY_TIC|tic=3768|mle_ms=10.827|monotonic_ms=10|clock_delta_ms=.827|
clock_suspect=0
PMLE_LIVE_REPLAY_TIC|tic=3769|mle_ms=36.715|monotonic_ms=30|clock_delta_ms=6.715
|clock_suspect=0
PMLE_LIVE_REPLAY_TIC|tic=3770|mle_ms=44.911|monotonic_ms=50|clock_delta_ms=5.089
|clock_suspect=0
PMLE_LIVE_REPLAY_TIC|tic=3771|mle_ms=22.788|monotonic_ms=20|clock_delta_ms=2.788
|clock_suspect=0
PMLE_LIVE_REPLAY_TIC|tic=3772|mle_ms=33.098|monotonic_ms=30|clock_delta_ms=3.098
|clock_suspect=0
PMLE_LIVE_REPLAY_TIC|tic=3773|mle_ms=58.143|monotonic_ms=60|clock_delta_ms=1.857
|clock_suspect=0
PMLE_LIVE_REPLAY_TIC|tic=3774|mle_ms=16.998|monotonic_ms=20|clock_delta_ms=3.002
|clock_suspect=0
PMLE_LIVE_REPLAY_TIC|tic=3775|mle_ms=29.286|monotonic_ms=30|clock_delta_ms=.714|
clock_suspect=0
PMLE_LIVE_REPLAY_TIC|tic=3776|mle_ms=66.191|monotonic_ms=60|clock_delta_ms=6.191
|clock_suspect=0
PMLE_LIVE_REPLAY_TIC|tic=3777|mle_ms=8.816|monotonic_ms=10|clock_delta_ms=1.184|
clock_suspect=0
PMLE_LIVE_REPLAY_TIC|tic=3778|mle_ms=33.196|monotonic_ms=40|clock_delta_ms=6.804
|clock_suspect=0
PMLE_LIVE_REPLAY_TIC|tic=3779|mle_ms=47.557|monotonic_ms=40|clock_delta_ms=7.557
|clock_suspect=0
PMLE_LIVE_REPLAY_TIC|tic=3780|mle_ms=10.294|monotonic_ms=10|clock_delta_ms=.294|
clock_suspect=0
PMLE_LIVE_REPLAY_TIC|tic=3781|mle_ms=68.372|monotonic_ms=70|clock_delta_ms=1.628
|clock_suspect=0
PMLE_LIVE_REPLAY_TIC|tic=3782|mle_ms=63.733|monotonic_ms=70|clock_delta_ms=6.267
|clock_suspect=0
PMLE_LIVE_REPLAY_TIC|tic=3783|mle_ms=22.714|monotonic_ms=20|clock_delta_ms=2.714
|clock_suspect=0
PMLE_LIVE_REPLAY_TIC|tic=3784|mle_ms=41.591|monotonic_ms=40|clock_delta_ms=1.591
|clock_suspect=0
PMLE_LIVE_REPLAY_TIC|tic=3785|mle_ms=45.075|monotonic_ms=50|clock_delta_ms=4.925
|clock_suspect=0
PMLE_LIVE_REPLAY_TIC|tic=3786|mle_ms=38.146|monotonic_ms=40|clock_delta_ms=1.854
|clock_suspect=0
PMLE_LIVE_REPLAY_TIC|tic=3787|mle_ms=33.668|monotonic_ms=30|clock_delta_ms=3.668
|clock_suspect=0
PMLE_LIVE_REPLAY_TIC|tic=3788|mle_ms=46.769|monotonic_ms=50|clock_delta_ms=3.231
|clock_suspect=0
PMLE_LIVE_REPLAY_TIC|tic=3789|mle_ms=11.633|monotonic_ms=10|clock_delta_ms=1.633
|clock_suspect=0
PMLE_LIVE_REPLAY_TIC|tic=3790|mle_ms=35.082|monotonic_ms=30|clock_delta_ms=5.082
|clock_suspect=0
PMLE_LIVE_REPLAY_TIC|tic=3791|mle_ms=57.896|monotonic_ms=60|clock_delta_ms=2.104
|clock_suspect=0
PMLE_LIVE_REPLAY_TIC|tic=3792|mle_ms=10.99|monotonic_ms=10|clock_delta_ms=.99|cl
ock_suspect=0
PMLE_LIVE_REPLAY_TIC|tic=3793|mle_ms=53.568|monotonic_ms=60|clock_delta_ms=6.432
|clock_suspect=0
PMLE_LIVE_REPLAY_TIC|tic=3794|mle_ms=61.23|monotonic_ms=60|clock_delta_ms=1.23|c
lock_suspect=0
PMLE_LIVE_REPLAY_TIC|tic=3795|mle_ms=8.183|monotonic_ms=0|clock_delta_ms=8.183|c
lock_suspect=0
PMLE_LIVE_REPLAY_TIC|tic=3796|mle_ms=57.974|monotonic_ms=60|clock_delta_ms=2.026
|clock_suspect=0
PMLE_LIVE_REPLAY_TIC|tic=3797|mle_ms=65.552|monotonic_ms=70|clock_delta_ms=4.448
|clock_suspect=0
PMLE_LIVE_REPLAY_TIC|tic=3798|mle_ms=12.436|monotonic_ms=10|clock_delta_ms=2.436
|clock_suspect=0
PMLE_LIVE_REPLAY_TIC|tic=3799|mle_ms=48.047|monotonic_ms=50|clock_delta_ms=1.953
|clock_suspect=0
PMLE_LIVE_REPLAY_TIC|tic=3800|mle_ms=54.534|monotonic_ms=50|clock_delta_ms=4.534
|clock_suspect=0
PMLE_LIVE_REPLAY_TIC|tic=3801|mle_ms=24.065|monotonic_ms=20|clock_delta_ms=4.065
|clock_suspect=0
PMLE_LIVE_REPLAY_TIC|tic=3802|mle_ms=35.021|monotonic_ms=40|clock_delta_ms=4.979
|clock_suspect=0
PMLE_LIVE_REPLAY_TIC|tic=3803|mle_ms=62.779|monotonic_ms=60|clock_delta_ms=2.779
|clock_suspect=0
PMLE_LIVE_REPLAY_TIC|tic=3804|mle_ms=20.523|monotonic_ms=20|clock_delta_ms=.523|
clock_suspect=0
PMLE_LIVE_REPLAY_TIC|tic=3805|mle_ms=39.152|monotonic_ms=40|clock_delta_ms=.848|
clock_suspect=0
PMLE_LIVE_REPLAY_TIC|tic=3806|mle_ms=76.225|monotonic_ms=70|clock_delta_ms=6.225
|clock_suspect=0
PMLE_LIVE_REPLAY_TIC|tic=3807|mle_ms=7.545|monotonic_ms=10|clock_delta_ms=2.455|
clock_suspect=0
PMLE_LIVE_REPLAY_TIC|tic=3808|mle_ms=36.062|monotonic_ms=40|clock_delta_ms=3.938
|clock_suspect=0
PMLE_LIVE_REPLAY_TIC|tic=3809|mle_ms=49.8|monotonic_ms=50|clock_delta_ms=.2|cloc
k_suspect=0
PMLE_LIVE_REPLAY_TIC|tic=3810|mle_ms=8.693|monotonic_ms=10|clock_delta_ms=1.307|
clock_suspect=0
PMLE_LIVE_REPLAY_TIC|tic=3811|mle_ms=44.656|monotonic_ms=40|clock_delta_ms=4.656
|clock_suspect=0
PMLE_LIVE_REPLAY_TIC|tic=3812|mle_ms=50.47|monotonic_ms=50|clock_delta_ms=.47|cl
ock_suspect=0
PMLE_LIVE_REPLAY_TIC|tic=3813|mle_ms=24.983|monotonic_ms=30|clock_delta_ms=5.017
|clock_suspect=0
PMLE_LIVE_REPLAY_TIC|tic=3814|mle_ms=64.94|monotonic_ms=60|clock_delta_ms=4.94|c
lock_suspect=0
PMLE_LIVE_REPLAY_TIC|tic=3815|mle_ms=32.733|monotonic_ms=30|clock_delta_ms=2.733
|clock_suspect=0
PMLE_LIVE_REPLAY_TIC|tic=3816|mle_ms=31.834|monotonic_ms=40|clock_delta_ms=8.166
|clock_suspect=0
PMLE_LIVE_REPLAY_TIC|tic=3817|mle_ms=33.288|monotonic_ms=30|clock_delta_ms=3.288
|clock_suspect=0
PMLE_LIVE_REPLAY_TIC|tic=3818|mle_ms=35.489|monotonic_ms=40|clock_delta_ms=4.511
|clock_suspect=0
PMLE_LIVE_REPLAY_TIC|tic=3819|mle_ms=9.685|monotonic_ms=10|clock_delta_ms=.315|c
lock_suspect=0
PMLE_LIVE_REPLAY_TIC|tic=3820|mle_ms=28.508|monotonic_ms=20|clock_delta_ms=8.508
|clock_suspect=0
PMLE_LIVE_REPLAY_TIC|tic=3821|mle_ms=64.873|monotonic_ms=70|clock_delta_ms=5.127
|clock_suspect=0
PMLE_LIVE_REPLAY_TIC|tic=3822|mle_ms=11.192|monotonic_ms=10|clock_delta_ms=1.192
|clock_suspect=0
PMLE_LIVE_REPLAY_TIC|tic=3823|mle_ms=50.016|monotonic_ms=50|clock_delta_ms=.016|
clock_suspect=0
PMLE_LIVE_REPLAY_TIC|tic=3824|mle_ms=42.898|monotonic_ms=40|clock_delta_ms=2.898
|clock_suspect=0
PMLE_LIVE_REPLAY_TIC|tic=3825|mle_ms=7.764|monotonic_ms=10|clock_delta_ms=2.236|
clock_suspect=0
PMLE_LIVE_REPLAY_TIC|tic=3826|mle_ms=57.317|monotonic_ms=60|clock_delta_ms=2.683
|clock_suspect=0
PMLE_LIVE_REPLAY_TIC|tic=3827|mle_ms=28.043|monotonic_ms=30|clock_delta_ms=1.957
|clock_suspect=0
PMLE_LIVE_REPLAY_TIC|tic=3828|mle_ms=8.987|monotonic_ms=10|clock_delta_ms=1.013|
clock_suspect=0
PMLE_LIVE_REPLAY_TIC|tic=3829|mle_ms=33.766|monotonic_ms=30|clock_delta_ms=3.766
|clock_suspect=0
PMLE_LIVE_REPLAY_TIC|tic=3830|mle_ms=9.987|monotonic_ms=10|clock_delta_ms=.013|c
lock_suspect=0
PMLE_LIVE_REPLAY_TIC|tic=3831|mle_ms=22.632|monotonic_ms=20|clock_delta_ms=2.632
|clock_suspect=0
PMLE_LIVE_REPLAY_TIC|tic=3832|mle_ms=30.044|monotonic_ms=30|clock_delta_ms=.044|
clock_suspect=0
PMLE_LIVE_REPLAY_TIC|tic=3833|mle_ms=22.651|monotonic_ms=30|clock_delta_ms=7.349
|clock_suspect=0
PMLE_LIVE_REPLAY_TIC|tic=3834|mle_ms=18.92|monotonic_ms=10|clock_delta_ms=8.92|c
lock_suspect=0
PMLE_LIVE_REPLAY_TIC|tic=3835|mle_ms=35.466|monotonic_ms=40|clock_delta_ms=4.534
|clock_suspect=0
PMLE_LIVE_REPLAY_TIC|tic=3836|mle_ms=38.908|monotonic_ms=40|clock_delta_ms=1.092
|clock_suspect=0
PMLE_LIVE_REPLAY_TIC|tic=3837|mle_ms=9.493|monotonic_ms=10|clock_delta_ms=.507|c
lock_suspect=0
PMLE_LIVE_REPLAY_TIC|tic=3838|mle_ms=38.539|monotonic_ms=40|clock_delta_ms=1.461
|clock_suspect=0
PMLE_LIVE_REPLAY_TIC|tic=3839|mle_ms=11.62|monotonic_ms=10|clock_delta_ms=1.62|c
lock_suspect=0
PMLE_LIVE_REPLAY_TIC|tic=3840|mle_ms=10.371|monotonic_ms=10|clock_delta_ms=.371|
clock_suspect=0
PMLE_LIVE_REPLAY_TIC|tic=3841|mle_ms=42.662|monotonic_ms=40|clock_delta_ms=2.662
|clock_suspect=0
PMLE_LIVE_REPLAY_TIC|tic=3842|mle_ms=10.336|monotonic_ms=10|clock_delta_ms=.336|
clock_suspect=0
PMLE_LIVE_REPLAY_TIC|tic=3843|mle_ms=32.475|monotonic_ms=30|clock_delta_ms=2.475
|clock_suspect=0
PMLE_LIVE_REPLAY_TIC|tic=3844|mle_ms=39.47|monotonic_ms=40|clock_delta_ms=.53|cl
ock_suspect=0
PMLE_LIVE_REPLAY_TIC|tic=3845|mle_ms=11.323|monotonic_ms=20|clock_delta_ms=8.677
|clock_suspect=0
PMLE_LIVE_REPLAY_TIC|tic=3846|mle_ms=37.797|monotonic_ms=30|clock_delta_ms=7.797
|clock_suspect=0
PMLE_LIVE_REPLAY_TIC|tic=3847|mle_ms=32.048|monotonic_ms=40|clock_delta_ms=7.952
|clock_suspect=0
PMLE_LIVE_REPLAY_TIC|tic=3848|mle_ms=10.561|monotonic_ms=10|clock_delta_ms=.561|
clock_suspect=0
PMLE_LIVE_REPLAY_TIC|tic=3849|mle_ms=16.396|monotonic_ms=10|clock_delta_ms=6.396
|clock_suspect=0
PMLE_LIVE_REPLAY_TIC|tic=3850|mle_ms=47.666|monotonic_ms=50|clock_delta_ms=2.334
|clock_suspect=0
PMLE_LIVE_REPLAY_TIC|tic=3851|mle_ms=28.366|monotonic_ms=30|clock_delta_ms=1.634
|clock_suspect=0
PMLE_LIVE_REPLAY_TIC|tic=3852|mle_ms=47.344|monotonic_ms=50|clock_delta_ms=2.656
|clock_suspect=0
PMLE_LIVE_REPLAY_TIC|tic=3853|mle_ms=70.183|monotonic_ms=70|clock_delta_ms=.183|
clock_suspect=0
PMLE_LIVE_REPLAY_TIC|tic=3854|mle_ms=27.091|monotonic_ms=20|clock_delta_ms=7.091
|clock_suspect=0
PMLE_LIVE_REPLAY_TIC|tic=3855|mle_ms=45.878|monotonic_ms=50|clock_delta_ms=4.122
|clock_suspect=0
PMLE_LIVE_REPLAY_TIC|tic=3856|mle_ms=68.637|monotonic_ms=70|clock_delta_ms=1.363
|clock_suspect=0
PMLE_LIVE_REPLAY_TIC|tic=3857|mle_ms=12.887|monotonic_ms=10|clock_delta_ms=2.887
|clock_suspect=0
PMLE_LIVE_REPLAY_TIC|tic=3858|mle_ms=91.421|monotonic_ms=90|clock_delta_ms=1.421
|clock_suspect=0
PMLE_LIVE_REPLAY_TIC|tic=3859|mle_ms=56.196|monotonic_ms=60|clock_delta_ms=3.804
|clock_suspect=0
PMLE_LIVE_REPLAY_TIC|tic=3860|mle_ms=10.254|monotonic_ms=10|clock_delta_ms=.254|
clock_suspect=0
PMLE_LIVE_REPLAY_TIC|tic=3861|mle_ms=48.739|monotonic_ms=50|clock_delta_ms=1.261
|clock_suspect=0
PMLE_LIVE_REPLAY_TIC|tic=3862|mle_ms=34.538|monotonic_ms=30|clock_delta_ms=4.538
|clock_suspect=0
PMLE_LIVE_REPLAY_TIC|tic=3863|mle_ms=26.496|monotonic_ms=30|clock_delta_ms=3.504
|clock_suspect=0
PMLE_LIVE_REPLAY_TIC|tic=3864|mle_ms=79.548|monotonic_ms=80|clock_delta_ms=.452|
clock_suspect=0
PMLE_LIVE_REPLAY_TIC|tic=3865|mle_ms=36.482|monotonic_ms=40|clock_delta_ms=3.518
|clock_suspect=0
PMLE_LIVE_REPLAY_TIC|tic=3866|mle_ms=35.467|monotonic_ms=30|clock_delta_ms=5.467
|clock_suspect=0
PMLE_LIVE_REPLAY_TIC|tic=3867|mle_ms=30.404|monotonic_ms=30|clock_delta_ms=.404|
clock_suspect=0
PMLE_LIVE_REPLAY_TIC|tic=3868|mle_ms=34.421|monotonic_ms=40|clock_delta_ms=5.579
|clock_suspect=0
PMLE_LIVE_REPLAY_TIC|tic=3869|mle_ms=13.794|monotonic_ms=10|clock_delta_ms=3.794
|clock_suspect=0
PMLE_LIVE_REPLAY_TIC|tic=3870|mle_ms=34.649|monotonic_ms=40|clock_delta_ms=5.351
|clock_suspect=0
PMLE_LIVE_REPLAY_TIC|tic=3871|mle_ms=48.545|monotonic_ms=40|clock_delta_ms=8.545
|clock_suspect=0
PMLE_LIVE_REPLAY_TIC|tic=3872|mle_ms=11.747|monotonic_ms=20|clock_delta_ms=8.253
|clock_suspect=0
PMLE_LIVE_REPLAY_TIC|tic=3873|mle_ms=50.045|monotonic_ms=50|clock_delta_ms=.045|
clock_suspect=0
PMLE_LIVE_REPLAY_TIC|tic=3874|mle_ms=45.572|monotonic_ms=40|clock_delta_ms=5.572
|clock_suspect=0
PMLE_LIVE_REPLAY_TIC|tic=3875|mle_ms=12.801|monotonic_ms=10|clock_delta_ms=2.801
|clock_suspect=0
PMLE_LIVE_REPLAY_TIC|tic=3876|mle_ms=56.02|monotonic_ms=60|clock_delta_ms=3.98|c
lock_suspect=0
PMLE_LIVE_REPLAY_TIC|tic=3877|mle_ms=54.96|monotonic_ms=60|clock_delta_ms=5.04|c
lock_suspect=0
PMLE_LIVE_REPLAY_TIC|tic=3878|mle_ms=11.142|monotonic_ms=10|clock_delta_ms=1.142
|clock_suspect=0
PMLE_LIVE_REPLAY_TIC|tic=3879|mle_ms=38.517|monotonic_ms=40|clock_delta_ms=1.483
|clock_suspect=0
PMLE_LIVE_REPLAY_TIC|tic=3880|mle_ms=33.538|monotonic_ms=30|clock_delta_ms=3.538
|clock_suspect=0
PMLE_LIVE_REPLAY_TIC|tic=3881|mle_ms=21.821|monotonic_ms=20|clock_delta_ms=1.821
|clock_suspect=0
PMLE_LIVE_REPLAY_TIC|tic=3882|mle_ms=36.209|monotonic_ms=40|clock_delta_ms=3.791
|clock_suspect=0
PMLE_LIVE_REPLAY_TIC|tic=3883|mle_ms=50.117|monotonic_ms=50|clock_delta_ms=.117|
clock_suspect=0
PMLE_LIVE_REPLAY_TIC|tic=3884|mle_ms=17.679|monotonic_ms=20|clock_delta_ms=2.321
|clock_suspect=0
PMLE_LIVE_REPLAY_TIC|tic=3885|mle_ms=31.752|monotonic_ms=30|clock_delta_ms=1.752
|clock_suspect=0
PMLE_LIVE_REPLAY_TIC|tic=3886|mle_ms=59.865|monotonic_ms=60|clock_delta_ms=.135|
clock_suspect=0
PMLE_LIVE_REPLAY_TIC|tic=3887|mle_ms=9.203|monotonic_ms=10|clock_delta_ms=.797|c
lock_suspect=0
PMLE_LIVE_REPLAY_TIC|tic=3888|mle_ms=30.94|monotonic_ms=30|clock_delta_ms=.94|cl
ock_suspect=0
PMLE_LIVE_REPLAY_TIC|tic=3889|mle_ms=40.028|monotonic_ms=40|clock_delta_ms=.028|
clock_suspect=0
PMLE_LIVE_REPLAY_TIC|tic=3890|mle_ms=10.35|monotonic_ms=10|clock_delta_ms=.35|cl
ock_suspect=0
PMLE_LIVE_REPLAY_TIC|tic=3891|mle_ms=51.004|monotonic_ms=50|clock_delta_ms=1.004
|clock_suspect=0
PMLE_LIVE_REPLAY_TIC|tic=3892|mle_ms=42.179|monotonic_ms=40|clock_delta_ms=2.179
|clock_suspect=0
PMLE_LIVE_REPLAY_TIC|tic=3893|mle_ms=35.028|monotonic_ms=40|clock_delta_ms=4.972
|clock_suspect=0
PMLE_LIVE_REPLAY_TIC|tic=3894|mle_ms=47.086|monotonic_ms=40|clock_delta_ms=7.086
|clock_suspect=0
PMLE_LIVE_REPLAY_TIC|tic=3895|mle_ms=36.245|monotonic_ms=40|clock_delta_ms=3.755
|clock_suspect=0
PMLE_LIVE_REPLAY_TIC|tic=3896|mle_ms=33.471|monotonic_ms=30|clock_delta_ms=3.471
|clock_suspect=0
PMLE_LIVE_REPLAY_TIC|tic=3897|mle_ms=31.384|monotonic_ms=30|clock_delta_ms=1.384
|clock_suspect=0
PMLE_LIVE_REPLAY_TIC|tic=3898|mle_ms=34.116|monotonic_ms=40|clock_delta_ms=5.884
|clock_suspect=0
PMLE_LIVE_REPLAY_TIC|tic=3899|mle_ms=11.654|monotonic_ms=10|clock_delta_ms=1.654
|clock_suspect=0
PMLE_LIVE_REPLAY_TIC|tic=3900|mle_ms=32.822|monotonic_ms=30|clock_delta_ms=2.822
|clock_suspect=0
PMLE_LIVE_REPLAY_TIC|tic=3901|mle_ms=49.814|monotonic_ms=50|clock_delta_ms=.186|
clock_suspect=0
PMLE_LIVE_REPLAY_TIC|tic=3902|mle_ms=10.424|monotonic_ms=10|clock_delta_ms=.424|
clock_suspect=0
PMLE_LIVE_REPLAY_TIC|tic=3903|mle_ms=51.076|monotonic_ms=50|clock_delta_ms=1.076
|clock_suspect=0
PMLE_LIVE_REPLAY_TIC|tic=3904|mle_ms=45.478|monotonic_ms=40|clock_delta_ms=5.478
|clock_suspect=0
PMLE_LIVE_REPLAY_TIC|tic=3905|mle_ms=11.14|monotonic_ms=10|clock_delta_ms=1.14|c
lock_suspect=0
PMLE_LIVE_REPLAY_TIC|tic=3906|mle_ms=61.08|monotonic_ms=60|clock_delta_ms=1.08|c
lock_suspect=0
PMLE_LIVE_REPLAY_TIC|tic=3907|mle_ms=41.73|monotonic_ms=50|clock_delta_ms=8.27|c
lock_suspect=0
PMLE_LIVE_REPLAY_TIC|tic=3908|mle_ms=12.854|monotonic_ms=10|clock_delta_ms=2.854
|clock_suspect=0
PMLE_LIVE_REPLAY_TIC|tic=3909|mle_ms=37.733|monotonic_ms=40|clock_delta_ms=2.267
|clock_suspect=0
PMLE_LIVE_REPLAY_TIC|tic=3910|mle_ms=46.724|monotonic_ms=40|clock_delta_ms=6.724
|clock_suspect=0
PMLE_LIVE_REPLAY_TIC|tic=3911|mle_ms=24.084|monotonic_ms=30|clock_delta_ms=5.916
|clock_suspect=0
PMLE_LIVE_REPLAY_TIC|tic=3912|mle_ms=34.456|monotonic_ms=30|clock_delta_ms=4.456
|clock_suspect=0
PMLE_LIVE_REPLAY_TIC|tic=3913|mle_ms=55.806|monotonic_ms=60|clock_delta_ms=4.194
|clock_suspect=0
PMLE_LIVE_REPLAY_TIC|tic=3914|mle_ms=19.755|monotonic_ms=20|clock_delta_ms=.245|
clock_suspect=0
PMLE_LIVE_REPLAY_TIC|tic=3915|mle_ms=11.089|monotonic_ms=10|clock_delta_ms=1.089
|clock_suspect=0
PMLE_LIVE_REPLAY_TIC|tic=3916|mle_ms=57.074|monotonic_ms=60|clock_delta_ms=2.926
|clock_suspect=0
PMLE_LIVE_REPLAY_TIC|tic=3917|mle_ms=10.076|monotonic_ms=10|clock_delta_ms=.076|
clock_suspect=0
PMLE_LIVE_REPLAY_TIC|tic=3918|mle_ms=11.739|monotonic_ms=10|clock_delta_ms=1.739
|clock_suspect=0
PMLE_LIVE_REPLAY_TIC|tic=3919|mle_ms=34.011|monotonic_ms=30|clock_delta_ms=4.011
|clock_suspect=0
PMLE_LIVE_REPLAY_TIC|tic=3920|mle_ms=10.013|monotonic_ms=10|clock_delta_ms=.013|
clock_suspect=0
PMLE_LIVE_REPLAY_TIC|tic=3921|mle_ms=20.684|monotonic_ms=20|clock_delta_ms=.684|
clock_suspect=0
PMLE_LIVE_REPLAY_TIC|tic=3922|mle_ms=35.403|monotonic_ms=40|clock_delta_ms=4.597
|clock_suspect=0
PMLE_LIVE_REPLAY_TIC|tic=3923|mle_ms=29.374|monotonic_ms=30|clock_delta_ms=.626|
clock_suspect=0
PMLE_LIVE_REPLAY_TIC|tic=3924|mle_ms=19.597|monotonic_ms=20|clock_delta_ms=.403|
clock_suspect=0
PMLE_LIVE_REPLAY_TIC|tic=3925|mle_ms=30.974|monotonic_ms=30|clock_delta_ms=.974|
clock_suspect=0
PMLE_LIVE_REPLAY_TIC|tic=3926|mle_ms=38.194|monotonic_ms=40|clock_delta_ms=1.806
|clock_suspect=0
PMLE_LIVE_REPLAY_TIC|tic=3927|mle_ms=10.531|monotonic_ms=10|clock_delta_ms=.531|
clock_suspect=0
PMLE_LIVE_REPLAY_TIC|tic=3928|mle_ms=34.778|monotonic_ms=30|clock_delta_ms=4.778
|clock_suspect=0
PMLE_LIVE_REPLAY_TIC|tic=3929|mle_ms=14.747|monotonic_ms=20|clock_delta_ms=5.253
|clock_suspect=0
PMLE_LIVE_REPLAY_TIC|tic=3930|mle_ms=13.068|monotonic_ms=10|clock_delta_ms=3.068
|clock_suspect=0
PMLE_LIVE_REPLAY_TIC|tic=3931|mle_ms=65.192|monotonic_ms=70|clock_delta_ms=4.808
|clock_suspect=0
PMLE_LIVE_REPLAY_TIC|tic=3932|mle_ms=12.712|monotonic_ms=10|clock_delta_ms=2.712
|clock_suspect=0
PMLE_LIVE_REPLAY_TIC|tic=3933|mle_ms=27.998|monotonic_ms=30|clock_delta_ms=2.002
|clock_suspect=0
PMLE_LIVE_REPLAY_TIC|tic=3934|mle_ms=44.21|monotonic_ms=40|clock_delta_ms=4.21|c
lock_suspect=0
PMLE_LIVE_REPLAY_TIC|tic=3935|mle_ms=13.213|monotonic_ms=20|clock_delta_ms=6.787
|clock_suspect=0
PMLE_LIVE_REPLAY_TIC|tic=3936|mle_ms=39.952|monotonic_ms=40|clock_delta_ms=.048|
clock_suspect=0
PMLE_LIVE_REPLAY_TIC|tic=3937|mle_ms=57.965|monotonic_ms=50|clock_delta_ms=7.965
|clock_suspect=0
PMLE_LIVE_REPLAY_TIC|tic=3938|mle_ms=11.759|monotonic_ms=10|clock_delta_ms=1.759
|clock_suspect=0
PMLE_LIVE_REPLAY_TIC|tic=3939|mle_ms=13.586|monotonic_ms=20|clock_delta_ms=6.414
|clock_suspect=0
PMLE_LIVE_REPLAY_TIC|tic=3940|mle_ms=69.354|monotonic_ms=70|clock_delta_ms=.646|
clock_suspect=0
PMLE_LIVE_REPLAY_TIC|tic=3941|mle_ms=29.463|monotonic_ms=30|clock_delta_ms=.537|
clock_suspect=0
PMLE_LIVE_REPLAY_TIC|tic=3942|mle_ms=19.361|monotonic_ms=20|clock_delta_ms=.639|
clock_suspect=0
PMLE_LIVE_REPLAY_TIC|tic=3943|mle_ms=90.108|monotonic_ms=90|clock_delta_ms=.108|
clock_suspect=0
PMLE_LIVE_REPLAY_TIC|tic=3944|mle_ms=22.564|monotonic_ms=20|clock_delta_ms=2.564
|clock_suspect=0
PMLE_LIVE_REPLAY_TIC|tic=3945|mle_ms=14.065|monotonic_ms=10|clock_delta_ms=4.065
|clock_suspect=0
PMLE_LIVE_REPLAY_TIC|tic=3946|mle_ms=100.979|monotonic_ms=110|clock_delta_ms=9.0
21|clock_suspect=0
PMLE_LIVE_REPLAY_TIC|tic=3947|mle_ms=12.854|monotonic_ms=10|clock_delta_ms=2.854
|clock_suspect=0
PMLE_LIVE_REPLAY_TIC|tic=3948|mle_ms=12.565|monotonic_ms=10|clock_delta_ms=2.565
|clock_suspect=0
PMLE_LIVE_REPLAY_TIC|tic=3949|mle_ms=61.667|monotonic_ms=60|clock_delta_ms=1.667
|clock_suspect=0
PMLE_LIVE_REPLAY_TIC|tic=3950|mle_ms=10.435|monotonic_ms=10|clock_delta_ms=.435|
clock_suspect=0
PMLE_LIVE_REPLAY_TIC|tic=3951|mle_ms=22.205|monotonic_ms=30|clock_delta_ms=7.795
|clock_suspect=0
PMLE_LIVE_REPLAY_TIC|tic=3952|mle_ms=57.304|monotonic_ms=50|clock_delta_ms=7.304
|clock_suspect=0
PMLE_LIVE_REPLAY_TIC|tic=3953|mle_ms=31.199|monotonic_ms=30|clock_delta_ms=1.199
|clock_suspect=0
PMLE_LIVE_REPLAY_TIC|tic=3954|mle_ms=21.616|monotonic_ms=30|clock_delta_ms=8.384
|clock_suspect=0
PMLE_LIVE_REPLAY_TIC|tic=3955|mle_ms=60.808|monotonic_ms=60|clock_delta_ms=.808|
clock_suspect=0
PMLE_LIVE_REPLAY_TIC|tic=3956|mle_ms=32.597|monotonic_ms=30|clock_delta_ms=2.597
|clock_suspect=0
PMLE_LIVE_REPLAY_TIC|tic=3957|mle_ms=9.426|monotonic_ms=10|clock_delta_ms=.574|c
lock_suspect=0
PMLE_LIVE_REPLAY_TIC|tic=3958|mle_ms=55.638|monotonic_ms=50|clock_delta_ms=5.638
|clock_suspect=0
PMLE_LIVE_REPLAY_TIC|tic=3959|mle_ms=11.472|monotonic_ms=20|clock_delta_ms=8.528
|clock_suspect=0
PMLE_LIVE_REPLAY_TIC|tic=3960|mle_ms=10.47|monotonic_ms=10|clock_delta_ms=.47|cl
ock_suspect=0
PMLE_LIVE_REPLAY_TIC|tic=3961|mle_ms=72.74|monotonic_ms=70|clock_delta_ms=2.74|c
lock_suspect=0
PMLE_LIVE_REPLAY_TIC|tic=3962|mle_ms=11.1|monotonic_ms=10|clock_delta_ms=1.1|clo
ck_suspect=0
PMLE_LIVE_REPLAY_TIC|tic=3963|mle_ms=24.274|monotonic_ms=20|clock_delta_ms=4.274
|clock_suspect=0
PMLE_LIVE_REPLAY_TIC|tic=3964|mle_ms=42.577|monotonic_ms=50|clock_delta_ms=7.423
|clock_suspect=0
PMLE_LIVE_REPLAY_TIC|tic=3965|mle_ms=11.697|monotonic_ms=10|clock_delta_ms=1.697
|clock_suspect=0
PMLE_LIVE_REPLAY_TIC|tic=3966|mle_ms=34.333|monotonic_ms=30|clock_delta_ms=4.333
|clock_suspect=0
PMLE_LIVE_REPLAY_TIC|tic=3967|mle_ms=36.063|monotonic_ms=40|clock_delta_ms=3.937
|clock_suspect=0
PMLE_LIVE_REPLAY_TIC|tic=3968|mle_ms=11.583|monotonic_ms=10|clock_delta_ms=1.583
|clock_suspect=0
PMLE_LIVE_REPLAY_TIC|tic=3969|mle_ms=13.988|monotonic_ms=20|clock_delta_ms=6.012
|clock_suspect=0
PMLE_LIVE_REPLAY_TIC|tic=3970|mle_ms=43.886|monotonic_ms=40|clock_delta_ms=3.886
|clock_suspect=0
PMLE_LIVE_REPLAY_TIC|tic=3971|mle_ms=36.163|monotonic_ms=40|clock_delta_ms=3.837
|clock_suspect=0
PMLE_LIVE_REPLAY_TIC|tic=3972|mle_ms=15.331|monotonic_ms=10|clock_delta_ms=5.331
|clock_suspect=0
PMLE_LIVE_REPLAY_TIC|tic=3973|mle_ms=78.926|monotonic_ms=80|clock_delta_ms=1.074
|clock_suspect=0
PMLE_LIVE_REPLAY_TIC|tic=3974|mle_ms=24.911|monotonic_ms=30|clock_delta_ms=5.089
|clock_suspect=0
PMLE_LIVE_REPLAY_TIC|tic=3975|mle_ms=26.997|monotonic_ms=20|clock_delta_ms=6.997
|clock_suspect=0
PMLE_LIVE_REPLAY_TIC|tic=3976|mle_ms=71.597|monotonic_ms=70|clock_delta_ms=1.597
|clock_suspect=0
PMLE_LIVE_REPLAY_TIC|tic=3977|mle_ms=17.565|monotonic_ms=20|clock_delta_ms=2.435
|clock_suspect=0
PMLE_LIVE_REPLAY_TIC|tic=3978|mle_ms=14.539|monotonic_ms=20|clock_delta_ms=5.461
|clock_suspect=0
PMLE_LIVE_REPLAY_TIC|tic=3979|mle_ms=41.411|monotonic_ms=40|clock_delta_ms=1.411
|clock_suspect=0
PMLE_LIVE_REPLAY_TIC|tic=3980|mle_ms=15.648|monotonic_ms=10|clock_delta_ms=5.648
|clock_suspect=0
PMLE_LIVE_REPLAY_TIC|tic=3981|mle_ms=28.823|monotonic_ms=30|clock_delta_ms=1.177
|clock_suspect=0
PMLE_LIVE_REPLAY_TIC|tic=3982|mle_ms=37.931|monotonic_ms=40|clock_delta_ms=2.069
|clock_suspect=0
PMLE_LIVE_REPLAY_TIC|tic=3983|mle_ms=31.739|monotonic_ms=30|clock_delta_ms=1.739
|clock_suspect=0
PMLE_LIVE_REPLAY_TIC|tic=3984|mle_ms=26.497|monotonic_ms=30|clock_delta_ms=3.503
|clock_suspect=0
PMLE_LIVE_REPLAY_TIC|tic=3985|mle_ms=41.915|monotonic_ms=40|clock_delta_ms=1.915
|clock_suspect=0
PMLE_LIVE_REPLAY_TIC|tic=3986|mle_ms=66.718|monotonic_ms=70|clock_delta_ms=3.282
|clock_suspect=0
PMLE_LIVE_REPLAY_TIC|tic=3987|mle_ms=13.73|monotonic_ms=10|clock_delta_ms=3.73|c
lock_suspect=0
PMLE_LIVE_REPLAY_TIC|tic=3988|mle_ms=34.076|monotonic_ms=40|clock_delta_ms=5.924
|clock_suspect=0
PMLE_LIVE_REPLAY_TIC|tic=3989|mle_ms=35.588|monotonic_ms=30|clock_delta_ms=5.588
|clock_suspect=0
PMLE_LIVE_REPLAY_TIC|tic=3990|mle_ms=13.616|monotonic_ms=10|clock_delta_ms=3.616
|clock_suspect=0
PMLE_LIVE_REPLAY_TIC|tic=3991|mle_ms=43.897|monotonic_ms=50|clock_delta_ms=6.103
|clock_suspect=0
PMLE_LIVE_REPLAY_TIC|tic=3992|mle_ms=37.576|monotonic_ms=40|clock_delta_ms=2.424
|clock_suspect=0
PMLE_LIVE_REPLAY_TIC|tic=3993|mle_ms=31.743|monotonic_ms=30|clock_delta_ms=1.743
|clock_suspect=0
PMLE_LIVE_REPLAY_TIC|tic=3994|mle_ms=42.56|monotonic_ms=40|clock_delta_ms=2.56|c
lock_suspect=0
PMLE_LIVE_REPLAY_TIC|tic=3995|mle_ms=54.781|monotonic_ms=60|clock_delta_ms=5.219
|clock_suspect=0
PMLE_LIVE_REPLAY_TIC|tic=3996|mle_ms=35.565|monotonic_ms=30|clock_delta_ms=5.565
|clock_suspect=0
PMLE_LIVE_REPLAY_TIC|tic=3997|mle_ms=44.999|monotonic_ms=50|clock_delta_ms=5.001
|clock_suspect=0
PMLE_LIVE_REPLAY_TIC|tic=3998|mle_ms=52.385|monotonic_ms=50|clock_delta_ms=2.385
|clock_suspect=0
PMLE_LIVE_REPLAY_TIC|tic=3999|mle_ms=16.581|monotonic_ms=20|clock_delta_ms=3.419
|clock_suspect=0
PMLE_LIVE_REPLAY_TIC|tic=4000|mle_ms=43.007|monotonic_ms=40|clock_delta_ms=3.007
|clock_suspect=0
PMLE_LIVE_REPLAY_TIC|tic=4001|mle_ms=50.166|monotonic_ms=50|clock_delta_ms=.166|
clock_suspect=0
PMLE_LIVE_REPLAY_TIC|tic=4002|mle_ms=16.783|monotonic_ms=20|clock_delta_ms=3.217
|clock_suspect=0
PMLE_LIVE_REPLAY_TIC|tic=4003|mle_ms=53.509|monotonic_ms=50|clock_delta_ms=3.509
|clock_suspect=0
PMLE_LIVE_REPLAY_TIC|tic=4004|mle_ms=22.824|monotonic_ms=20|clock_delta_ms=2.824
|clock_suspect=0
PMLE_LIVE_REPLAY_TIC|tic=4005|mle_ms=15.455|monotonic_ms=20|clock_delta_ms=4.545
|clock_suspect=0
PMLE_LIVE_REPLAY_TIC|tic=4006|mle_ms=67.934|monotonic_ms=70|clock_delta_ms=2.066
|clock_suspect=0
PMLE_LIVE_REPLAY_TIC|tic=4007|mle_ms=15.051|monotonic_ms=10|clock_delta_ms=5.051
|clock_suspect=0
PMLE_LIVE_REPLAY_TIC|tic=4008|mle_ms=17.227|monotonic_ms=20|clock_delta_ms=2.773
|clock_suspect=0
PMLE_LIVE_REPLAY_TIC|tic=4009|mle_ms=47.08|monotonic_ms=50|clock_delta_ms=2.92|c
lock_suspect=0
PMLE_LIVE_REPLAY_TIC|tic=4010|mle_ms=15.867|monotonic_ms=10|clock_delta_ms=5.867
|clock_suspect=0
PMLE_LIVE_REPLAY_TIC|tic=4011|mle_ms=33.59|monotonic_ms=40|clock_delta_ms=6.41|c
lock_suspect=0
PMLE_LIVE_REPLAY_TIC|tic=4012|mle_ms=47.424|monotonic_ms=50|clock_delta_ms=2.576
|clock_suspect=0
PMLE_LIVE_REPLAY_TIC|tic=4013|mle_ms=35.928|monotonic_ms=30|clock_delta_ms=5.928
|clock_suspect=0
PMLE_LIVE_REPLAY_TIC|tic=4014|mle_ms=28.452|monotonic_ms=30|clock_delta_ms=1.548
|clock_suspect=0
PMLE_LIVE_REPLAY_TIC|tic=4015|mle_ms=45.883|monotonic_ms=50|clock_delta_ms=4.117
|clock_suspect=0
PMLE_LIVE_REPLAY_TIC|tic=4016|mle_ms=49.225|monotonic_ms=40|clock_delta_ms=9.225
|clock_suspect=0
PMLE_LIVE_REPLAY_TIC|tic=4017|mle_ms=24.928|monotonic_ms=30|clock_delta_ms=5.072
|clock_suspect=0
PMLE_LIVE_REPLAY_TIC|tic=4018|mle_ms=41.155|monotonic_ms=40|clock_delta_ms=1.155
|clock_suspect=0
PMLE_LIVE_REPLAY_TIC|tic=4019|mle_ms=19.086|monotonic_ms=20|clock_delta_ms=.914|
clock_suspect=0
PMLE_LIVE_REPLAY_TIC|tic=4020|mle_ms=17.116|monotonic_ms=20|clock_delta_ms=2.884
|clock_suspect=0
PMLE_LIVE_REPLAY_TIC|tic=4021|mle_ms=47.804|monotonic_ms=50|clock_delta_ms=2.196
|clock_suspect=0
PMLE_LIVE_REPLAY_TIC|tic=4022|mle_ms=15.604|monotonic_ms=10|clock_delta_ms=5.604
|clock_suspect=0
PMLE_LIVE_REPLAY_TIC|tic=4023|mle_ms=40.405|monotonic_ms=40|clock_delta_ms=.405|
clock_suspect=0
PMLE_LIVE_REPLAY_TIC|tic=4024|mle_ms=42.228|monotonic_ms=40|clock_delta_ms=2.228
|clock_suspect=0
PMLE_LIVE_REPLAY_TIC|tic=4025|mle_ms=14.031|monotonic_ms=20|clock_delta_ms=5.969
|clock_suspect=0
PMLE_LIVE_REPLAY_TIC|tic=4026|mle_ms=69.117|monotonic_ms=70|clock_delta_ms=.883|
clock_suspect=0
PMLE_LIVE_REPLAY_TIC|tic=4027|mle_ms=42.194|monotonic_ms=40|clock_delta_ms=2.194
|clock_suspect=0
PMLE_LIVE_REPLAY_TIC|tic=4028|mle_ms=17.418|monotonic_ms=20|clock_delta_ms=2.582
|clock_suspect=0
PMLE_LIVE_REPLAY_TIC|tic=4029|mle_ms=43.047|monotonic_ms=40|clock_delta_ms=3.047
|clock_suspect=0
PMLE_LIVE_REPLAY_TIC|tic=4030|mle_ms=36.892|monotonic_ms=40|clock_delta_ms=3.108
|clock_suspect=0
PMLE_LIVE_REPLAY_TIC|tic=4031|mle_ms=28.493|monotonic_ms=30|clock_delta_ms=1.507
|clock_suspect=0
PMLE_LIVE_REPLAY_TIC|tic=4032|mle_ms=37.243|monotonic_ms=30|clock_delta_ms=7.243
|clock_suspect=0
PMLE_LIVE_REPLAY_TIC|tic=4033|mle_ms=49.822|monotonic_ms=50|clock_delta_ms=.178|
clock_suspect=0
PMLE_LIVE_REPLAY_TIC|tic=4034|mle_ms=25.389|monotonic_ms=30|clock_delta_ms=4.611
|clock_suspect=0
PMLE_LIVE_REPLAY_TIC|tic=4035|mle_ms=38.089|monotonic_ms=40|clock_delta_ms=1.911
|clock_suspect=0
PMLE_LIVE_REPLAY_TIC|tic=4036|mle_ms=78.645|monotonic_ms=80|clock_delta_ms=1.355
|clock_suspect=0
PMLE_LIVE_REPLAY_TIC|tic=4037|mle_ms=16.964|monotonic_ms=10|clock_delta_ms=6.964
|clock_suspect=0
PMLE_LIVE_REPLAY_TIC|tic=4038|mle_ms=44.034|monotonic_ms=50|clock_delta_ms=5.966
|clock_suspect=0
PMLE_LIVE_REPLAY_TIC|tic=4039|mle_ms=52.476|monotonic_ms=50|clock_delta_ms=2.476
|clock_suspect=0
PMLE_LIVE_REPLAY_TIC|tic=4040|mle_ms=18.621|monotonic_ms=20|clock_delta_ms=1.379
|clock_suspect=0
PMLE_LIVE_REPLAY_TIC|tic=4041|mle_ms=63.995|monotonic_ms=60|clock_delta_ms=3.995
|clock_suspect=0
PMLE_LIVE_REPLAY_TIC|tic=4042|mle_ms=37.961|monotonic_ms=40|clock_delta_ms=2.039
|clock_suspect=0
PMLE_LIVE_REPLAY_TIC|tic=4043|mle_ms=32.088|monotonic_ms=30|clock_delta_ms=2.088
|clock_suspect=0
PMLE_LIVE_REPLAY_TIC|tic=4044|mle_ms=57.316|monotonic_ms=60|clock_delta_ms=2.684
|clock_suspect=0
PMLE_LIVE_REPLAY_TIC|tic=4045|mle_ms=43.284|monotonic_ms=40|clock_delta_ms=3.284
|clock_suspect=0
PMLE_LIVE_REPLAY_TIC|tic=4046|mle_ms=45.812|monotonic_ms=50|clock_delta_ms=4.188
|clock_suspect=0
PMLE_LIVE_REPLAY_TIC|tic=4047|mle_ms=58.191|monotonic_ms=60|clock_delta_ms=1.809
|clock_suspect=0
PMLE_LIVE_REPLAY_TIC|tic=4048|mle_ms=41.451|monotonic_ms=40|clock_delta_ms=1.451
|clock_suspect=0
PMLE_LIVE_REPLAY_TIC|tic=4049|mle_ms=17.25|monotonic_ms=20|clock_delta_ms=2.75|c
lock_suspect=0
PMLE_LIVE_REPLAY_TIC|tic=4050|mle_ms=62.905|monotonic_ms=60|clock_delta_ms=2.905
|clock_suspect=0
PMLE_LIVE_REPLAY_TIC|tic=4051|mle_ms=55.705|monotonic_ms=50|clock_delta_ms=5.705
|clock_suspect=0
PMLE_LIVE_REPLAY_TIC|tic=4052|mle_ms=18.047|monotonic_ms=20|clock_delta_ms=1.953
|clock_suspect=0
PMLE_LIVE_REPLAY_TIC|tic=4053|mle_ms=81.131|monotonic_ms=80|clock_delta_ms=1.131
|clock_suspect=0
PMLE_LIVE_REPLAY_TIC|tic=4054|mle_ms=51.619|monotonic_ms=60|clock_delta_ms=8.381
|clock_suspect=0
PMLE_LIVE_REPLAY_TIC|tic=4055|mle_ms=15.012|monotonic_ms=10|clock_delta_ms=5.012
|clock_suspect=0
PMLE_LIVE_REPLAY_TIC|tic=4056|mle_ms=88.7|monotonic_ms=90|clock_delta_ms=1.3|clo
ck_suspect=0
PMLE_LIVE_REPLAY_TIC|tic=4057|mle_ms=33.041|monotonic_ms=30|clock_delta_ms=3.041
|clock_suspect=0
PMLE_LIVE_REPLAY_TIC|tic=4058|mle_ms=13.099|monotonic_ms=20|clock_delta_ms=6.901
|clock_suspect=0
PMLE_LIVE_REPLAY_TIC|tic=4059|mle_ms=73.154|monotonic_ms=70|clock_delta_ms=3.154
|clock_suspect=0
PMLE_LIVE_REPLAY_TIC|tic=4060|mle_ms=33.26|monotonic_ms=30|clock_delta_ms=3.26|c
lock_suspect=0
PMLE_LIVE_REPLAY_TIC|tic=4061|mle_ms=29.352|monotonic_ms=30|clock_delta_ms=.648|
clock_suspect=0
PMLE_LIVE_REPLAY_TIC|tic=4062|mle_ms=73.181|monotonic_ms=70|clock_delta_ms=3.181
|clock_suspect=0
PMLE_LIVE_REPLAY_TIC|tic=4063|mle_ms=56.884|monotonic_ms=60|clock_delta_ms=3.116
|clock_suspect=0
PMLE_LIVE_REPLAY_TIC|tic=4064|mle_ms=14.864|monotonic_ms=20|clock_delta_ms=5.136
|clock_suspect=0
PMLE_LIVE_REPLAY_TIC|tic=4065|mle_ms=13.596|monotonic_ms=10|clock_delta_ms=3.596
|clock_suspect=0
PMLE_LIVE_REPLAY_TIC|tic=4066|mle_ms=17.241|monotonic_ms=20|clock_delta_ms=2.759
|clock_suspect=0
PMLE_LIVE_REPLAY_TIC|tic=4067|mle_ms=15.93|monotonic_ms=10|clock_delta_ms=5.93|c
lock_suspect=0
PMLE_LIVE_REPLAY_TIC|tic=4068|mle_ms=13.944|monotonic_ms=20|clock_delta_ms=6.056
|clock_suspect=0
PMLE_LIVE_REPLAY_TIC|tic=4069|mle_ms=14.125|monotonic_ms=10|clock_delta_ms=4.125
|clock_suspect=0
PMLE_LIVE_REPLAY_TIC|tic=4070|mle_ms=14.105|monotonic_ms=20|clock_delta_ms=5.895
|clock_suspect=0
PMLE_LIVE_REPLAY_TIC|tic=4071|mle_ms=13.751|monotonic_ms=10|clock_delta_ms=3.751
|clock_suspect=0
PMLE_LIVE_REPLAY_TIC|tic=4072|mle_ms=16.341|monotonic_ms=20|clock_delta_ms=3.659
|clock_suspect=0
PMLE_LIVE_REPLAY_TIC|tic=4073|mle_ms=17.903|monotonic_ms=10|clock_delta_ms=7.903
|clock_suspect=0
PMLE_LIVE_REPLAY_TIC|tic=4074|mle_ms=20.353|monotonic_ms=20|clock_delta_ms=.353|
clock_suspect=0
PMLE_LIVE_REPLAY_TIC|tic=4075|mle_ms=16.975|monotonic_ms=20|clock_delta_ms=3.025
|clock_suspect=0
PMLE_LIVE_REPLAY_TIC|tic=4076|mle_ms=16.416|monotonic_ms=20|clock_delta_ms=3.584
|clock_suspect=0
PMLE_LIVE_REPLAY_TIC|tic=4077|mle_ms=13.269|monotonic_ms=10|clock_delta_ms=3.269
|clock_suspect=0
PMLE_LIVE_REPLAY_TIC|tic=4078|mle_ms=13.61|monotonic_ms=20|clock_delta_ms=6.39|c
lock_suspect=0
PMLE_LIVE_REPLAY_TIC|tic=4079|mle_ms=15.043|monotonic_ms=10|clock_delta_ms=5.043
|clock_suspect=0
PMLE_LIVE_REPLAY_TIC|tic=4080|mle_ms=17.158|monotonic_ms=20|clock_delta_ms=2.842
|clock_suspect=0
PMLE_LIVE_REPLAY_TIC|tic=4081|mle_ms=16.463|monotonic_ms=10|clock_delta_ms=6.463
|clock_suspect=0
PMLE_LIVE_REPLAY_TIC|tic=4082|mle_ms=18.452|monotonic_ms=20|clock_delta_ms=1.548
|clock_suspect=0
PMLE_LIVE_REPLAY_TIC|tic=4083|mle_ms=16.094|monotonic_ms=20|clock_delta_ms=3.906
|clock_suspect=0
PMLE_LIVE_REPLAY_TIC|tic=4084|mle_ms=19.408|monotonic_ms=20|clock_delta_ms=.592|
clock_suspect=0
PMLE_LIVE_REPLAY_TIC|tic=4085|mle_ms=19.213|monotonic_ms=20|clock_delta_ms=.787|
clock_suspect=0
PMLE_LIVE_REPLAY_TIC|tic=4086|mle_ms=22.613|monotonic_ms=20|clock_delta_ms=2.613
|clock_suspect=0
PMLE_LIVE_REPLAY_TIC|tic=4087|mle_ms=19.29|monotonic_ms=20|clock_delta_ms=.71|cl
ock_suspect=0
PMLE_LIVE_REPLAY_TIC|tic=4088|mle_ms=20.121|monotonic_ms=20|clock_delta_ms=.121|
clock_suspect=0
PMLE_LIVE_REPLAY_TIC|tic=4089|mle_ms=18.801|monotonic_ms=20|clock_delta_ms=1.199
|clock_suspect=0
PMLE_LIVE_REPLAY_TIC|tic=4090|mle_ms=19.407|monotonic_ms=20|clock_delta_ms=.593|
clock_suspect=0
PMLE_LIVE_REPLAY_TIC|tic=4091|mle_ms=19.1|monotonic_ms=20|clock_delta_ms=.9|cloc
k_suspect=0
PMLE_LIVE_REPLAY_TIC|tic=4092|mle_ms=19.375|monotonic_ms=20|clock_delta_ms=.625|
clock_suspect=0
PMLE_LIVE_REPLAY_TIC|tic=4093|mle_ms=21.729|monotonic_ms=20|clock_delta_ms=1.729
|clock_suspect=0
PMLE_LIVE_REPLAY_TIC|tic=4094|mle_ms=20.147|monotonic_ms=20|clock_delta_ms=.147|
clock_suspect=0
PMLE_LIVE_REPLAY_TIC|tic=4095|mle_ms=18.41|monotonic_ms=20|clock_delta_ms=1.59|c
lock_suspect=0
PMLE_LIVE_REPLAY_TIC|tic=4096|mle_ms=16.055|monotonic_ms=10|clock_delta_ms=6.055
|clock_suspect=0
PMLE_LIVE_REPLAY_TIC|tic=4097|mle_ms=13.478|monotonic_ms=20|clock_delta_ms=6.522
|clock_suspect=0
PMLE_LIVE_REPLAY_TIC|tic=4098|mle_ms=15.684|monotonic_ms=10|clock_delta_ms=5.684
|clock_suspect=0
PMLE_LIVE_REPLAY_TIC|tic=4099|mle_ms=16.908|monotonic_ms=20|clock_delta_ms=3.092
|clock_suspect=0
PMLE_LIVE_REPLAY_TIC|tic=4100|mle_ms=16.7|monotonic_ms=20|clock_delta_ms=3.3|clo
ck_suspect=0
PMLE_LIVE_REPLAY_TIC|tic=4101|mle_ms=17.641|monotonic_ms=20|clock_delta_ms=2.359
|clock_suspect=0
PMLE_LIVE_REPLAY_TIC|tic=4102|mle_ms=16.003|monotonic_ms=10|clock_delta_ms=6.003
|clock_suspect=0
PMLE_LIVE_REPLAY_TIC|tic=4103|mle_ms=14.574|monotonic_ms=20|clock_delta_ms=5.426
|clock_suspect=0
PMLE_LIVE_REPLAY_TIC|tic=4104|mle_ms=16.618|monotonic_ms=10|clock_delta_ms=6.618
|clock_suspect=0
PMLE_LIVE_REPLAY_TIC|tic=4105|mle_ms=14.986|monotonic_ms=20|clock_delta_ms=5.014
|clock_suspect=0
PMLE_LIVE_REPLAY_TIC|tic=4106|mle_ms=16.124|monotonic_ms=10|clock_delta_ms=6.124
|clock_suspect=0
PMLE_LIVE_REPLAY_TIC|tic=4107|mle_ms=12.885|monotonic_ms=20|clock_delta_ms=7.115
|clock_suspect=0
PMLE_LIVE_REPLAY_TIC|tic=4108|mle_ms=12.137|monotonic_ms=10|clock_delta_ms=2.137
|clock_suspect=0
PMLE_LIVE_REPLAY_TIC|tic=4109|mle_ms=12.438|monotonic_ms=10|clock_delta_ms=2.438
|clock_suspect=0
PMLE_LIVE_REPLAY_TIC|tic=4110|mle_ms=13.081|monotonic_ms=20|clock_delta_ms=6.919
|clock_suspect=0
PMLE_LIVE_REPLAY_TIC|tic=4111|mle_ms=14.101|monotonic_ms=10|clock_delta_ms=4.101
|clock_suspect=0
PMLE_LIVE_REPLAY_TIC|tic=4112|mle_ms=16.096|monotonic_ms=20|clock_delta_ms=3.904
|clock_suspect=0
PMLE_LIVE_REPLAY_TIC|tic=4113|mle_ms=15.308|monotonic_ms=10|clock_delta_ms=5.308
|clock_suspect=0
PMLE_LIVE_REPLAY_TIC|tic=4114|mle_ms=16.22|monotonic_ms=20|clock_delta_ms=3.78|c
lock_suspect=0
PMLE_LIVE_REPLAY_TIC|tic=4115|mle_ms=15.287|monotonic_ms=10|clock_delta_ms=5.287
|clock_suspect=0
PMLE_LIVE_REPLAY_TIC|tic=4116|mle_ms=16.643|monotonic_ms=20|clock_delta_ms=3.357
|clock_suspect=0
PMLE_LIVE_REPLAY_TIC|tic=4117|mle_ms=15.069|monotonic_ms=10|clock_delta_ms=5.069
|clock_suspect=0
PMLE_LIVE_REPLAY_TIC|tic=4118|mle_ms=17.482|monotonic_ms=20|clock_delta_ms=2.518
|clock_suspect=0
PMLE_LIVE_REPLAY_TIC|tic=4119|mle_ms=17.382|monotonic_ms=20|clock_delta_ms=2.618
|clock_suspect=0
PMLE_LIVE_REPLAY_TIC|tic=4120|mle_ms=18.624|monotonic_ms=20|clock_delta_ms=1.376
|clock_suspect=0
PMLE_LIVE_REPLAY_TIC|tic=4121|mle_ms=15.815|monotonic_ms=10|clock_delta_ms=5.815
|clock_suspect=0
PMLE_LIVE_REPLAY_TIC|tic=4122|mle_ms=17.646|monotonic_ms=20|clock_delta_ms=2.354
|clock_suspect=0
PMLE_LIVE_REPLAY_TIC|tic=4123|mle_ms=16.048|monotonic_ms=20|clock_delta_ms=3.952
|clock_suspect=0
PMLE_LIVE_REPLAY_TIC|tic=4124|mle_ms=19.189|monotonic_ms=20|clock_delta_ms=.811|
clock_suspect=0
PMLE_LIVE_REPLAY_TIC|tic=4125|mle_ms=17.006|monotonic_ms=10|clock_delta_ms=7.006
|clock_suspect=0
PMLE_LIVE_REPLAY_TIC|tic=4126|mle_ms=18.79|monotonic_ms=20|clock_delta_ms=1.21|c
lock_suspect=0
PMLE_LIVE_REPLAY_TIC|tic=4127|mle_ms=15.424|monotonic_ms=20|clock_delta_ms=4.576
|clock_suspect=0
PMLE_LIVE_REPLAY_TIC|tic=4128|mle_ms=16.393|monotonic_ms=20|clock_delta_ms=3.607
|clock_suspect=0
PMLE_LIVE_REPLAY_TIC|tic=4129|mle_ms=18.001|monotonic_ms=10|clock_delta_ms=8.001
|clock_suspect=0
PMLE_LIVE_REPLAY_TIC|tic=4130|mle_ms=18.365|monotonic_ms=20|clock_delta_ms=1.635
|clock_suspect=0
PMLE_LIVE_REPLAY_TIC|tic=4131|mle_ms=20.482|monotonic_ms=20|clock_delta_ms=.482|
clock_suspect=0
PMLE_LIVE_REPLAY_TIC|tic=4132|mle_ms=14.01|monotonic_ms=20|clock_delta_ms=5.99|c
lock_suspect=0
PMLE_LIVE_REPLAY_TIC|tic=4133|mle_ms=10.653|monotonic_ms=10|clock_delta_ms=.653|
clock_suspect=0
PMLE_LIVE_REPLAY_TIC|tic=4134|mle_ms=12.238|monotonic_ms=10|clock_delta_ms=2.238
|clock_suspect=0
PMLE_LIVE_REPLAY_TIC|tic=4135|mle_ms=9.96|monotonic_ms=10|clock_delta_ms=.04|clo
ck_suspect=0
PMLE_LIVE_REPLAY_TIC|tic=4136|mle_ms=11.814|monotonic_ms=10|clock_delta_ms=1.814
|clock_suspect=0
PMLE_LIVE_REPLAY_TIC|tic=4137|mle_ms=10.377|monotonic_ms=10|clock_delta_ms=.377|
clock_suspect=0
PMLE_LIVE_REPLAY_TIC|tic=4138|mle_ms=11.543|monotonic_ms=10|clock_delta_ms=1.543
|clock_suspect=0
PMLE_LIVE_REPLAY_TIC|tic=4139|mle_ms=12.14|monotonic_ms=20|clock_delta_ms=7.86|c
lock_suspect=0
PMLE_LIVE_REPLAY_TIC|tic=4140|mle_ms=12.591|monotonic_ms=10|clock_delta_ms=2.591
|clock_suspect=0
PMLE_LIVE_REPLAY_TIC|tic=4141|mle_ms=12.787|monotonic_ms=10|clock_delta_ms=2.787
|clock_suspect=0
PMLE_LIVE_REPLAY_TIC|tic=4142|mle_ms=12.746|monotonic_ms=10|clock_delta_ms=2.746
|clock_suspect=0
PMLE_LIVE_REPLAY_TIC|tic=4143|mle_ms=11.65|monotonic_ms=20|clock_delta_ms=8.35|c
lock_suspect=0
PMLE_LIVE_REPLAY_TIC|tic=4144|mle_ms=12.128|monotonic_ms=10|clock_delta_ms=2.128
|clock_suspect=0
PMLE_LIVE_REPLAY_TIC|tic=4145|mle_ms=11.9|monotonic_ms=10|clock_delta_ms=1.9|clo
ck_suspect=0
PMLE_LIVE_REPLAY_TIC|tic=4146|mle_ms=14.599|monotonic_ms=10|clock_delta_ms=4.599
|clock_suspect=0
PMLE_LIVE_REPLAY_TIC|tic=4147|mle_ms=12.406|monotonic_ms=20|clock_delta_ms=7.594
|clock_suspect=0
PMLE_LIVE_REPLAY_TIC|tic=4148|mle_ms=13.828|monotonic_ms=10|clock_delta_ms=3.828
|clock_suspect=0
PMLE_LIVE_REPLAY_TIC|tic=4149|mle_ms=12.775|monotonic_ms=10|clock_delta_ms=2.775
|clock_suspect=0
PMLE_LIVE_REPLAY_TIC|tic=4150|mle_ms=13.03|monotonic_ms=20|clock_delta_ms=6.97|c
lock_suspect=0
PMLE_LIVE_REPLAY_TIC|tic=4151|mle_ms=13.131|monotonic_ms=10|clock_delta_ms=3.131
|clock_suspect=0
PMLE_LIVE_REPLAY_TIC|tic=4152|mle_ms=13.746|monotonic_ms=10|clock_delta_ms=3.746
|clock_suspect=0
PMLE_LIVE_REPLAY_TIC|tic=4153|mle_ms=14.269|monotonic_ms=20|clock_delta_ms=5.731
|clock_suspect=0
PMLE_LIVE_REPLAY_TIC|tic=4154|mle_ms=14.029|monotonic_ms=10|clock_delta_ms=4.029
|clock_suspect=0
PMLE_LIVE_REPLAY_TIC|tic=4155|mle_ms=12.851|monotonic_ms=20|clock_delta_ms=7.149
|clock_suspect=0
PMLE_LIVE_REPLAY_TIC|tic=4156|mle_ms=15.138|monotonic_ms=10|clock_delta_ms=5.138
|clock_suspect=0
PMLE_LIVE_REPLAY_TIC|tic=4157|mle_ms=14.55|monotonic_ms=20|clock_delta_ms=5.45|c
lock_suspect=0
PMLE_LIVE_REPLAY_TIC|tic=4158|mle_ms=13.757|monotonic_ms=10|clock_delta_ms=3.757
|clock_suspect=0
PMLE_LIVE_REPLAY_TIC|tic=4159|mle_ms=14.402|monotonic_ms=10|clock_delta_ms=4.402
|clock_suspect=0
PMLE_LIVE_REPLAY_TIC|tic=4160|mle_ms=14.304|monotonic_ms=20|clock_delta_ms=5.696
|clock_suspect=0
PMLE_LIVE_REPLAY_TIC|tic=4161|mle_ms=15.809|monotonic_ms=10|clock_delta_ms=5.809
|clock_suspect=0
PMLE_LIVE_REPLAY_TIC|tic=4162|mle_ms=15.198|monotonic_ms=20|clock_delta_ms=4.802
|clock_suspect=0
PMLE_LIVE_REPLAY_TIC|tic=4163|mle_ms=14.461|monotonic_ms=10|clock_delta_ms=4.461
|clock_suspect=0
PMLE_LIVE_REPLAY_TIC|tic=4164|mle_ms=15.623|monotonic_ms=20|clock_delta_ms=4.377
|clock_suspect=0
PMLE_LIVE_REPLAY_TIC|tic=4165|mle_ms=13.452|monotonic_ms=10|clock_delta_ms=3.452
|clock_suspect=0
PMLE_LIVE_REPLAY_TIC|tic=4166|mle_ms=15.034|monotonic_ms=20|clock_delta_ms=4.966
|clock_suspect=0
PMLE_LIVE_REPLAY_TIC|tic=4167|mle_ms=13.62|monotonic_ms=10|clock_delta_ms=3.62|c
lock_suspect=0
PMLE_LIVE_REPLAY_TIC|tic=4168|mle_ms=13.867|monotonic_ms=20|clock_delta_ms=6.133
|clock_suspect=0
PMLE_LIVE_REPLAY_TIC|tic=4169|mle_ms=12.678|monotonic_ms=10|clock_delta_ms=2.678
|clock_suspect=0
PMLE_LIVE_REPLAY_TIC|tic=4170|mle_ms=10.447|monotonic_ms=10|clock_delta_ms=.447|
clock_suspect=0
PMLE_LIVE_REPLAY_TIC|tic=4171|mle_ms=10.098|monotonic_ms=10|clock_delta_ms=.098|
clock_suspect=0
PMLE_LIVE_REPLAY_TIC|tic=4172|mle_ms=9.944|monotonic_ms=10|clock_delta_ms=.056|c
lock_suspect=0
PMLE_LIVE_REPLAY_TIC|tic=4173|mle_ms=8.573|monotonic_ms=10|clock_delta_ms=1.427|
clock_suspect=0
PMLE_LIVE_REPLAY_TIC|tic=4174|mle_ms=9.377|monotonic_ms=10|clock_delta_ms=.623|c
lock_suspect=0
PMLE_LIVE_REPLAY_TIC|tic=4175|mle_ms=9.743|monotonic_ms=10|clock_delta_ms=.257|c
lock_suspect=0
PMLE_LIVE_REPLAY_TIC|tic=4176|mle_ms=11.83|monotonic_ms=10|clock_delta_ms=1.83|c
lock_suspect=0
PMLE_LIVE_REPLAY_TIC|tic=4177|mle_ms=9.971|monotonic_ms=10|clock_delta_ms=.029|c
lock_suspect=0
PMLE_LIVE_REPLAY_TIC|tic=4178|mle_ms=9.364|monotonic_ms=10|clock_delta_ms=.636|c
lock_suspect=0
PMLE_LIVE_REPLAY_TIC|tic=4179|mle_ms=9.241|monotonic_ms=10|clock_delta_ms=.759|c
lock_suspect=0
PMLE_LIVE_REPLAY_TIC|tic=4180|mle_ms=9.774|monotonic_ms=10|clock_delta_ms=.226|c
lock_suspect=0
PMLE_LIVE_REPLAY_TIC|tic=4181|mle_ms=9.732|monotonic_ms=10|clock_delta_ms=.268|c
lock_suspect=0
PMLE_LIVE_REPLAY_TIC|tic=4182|mle_ms=10.543|monotonic_ms=10|clock_delta_ms=.543|
clock_suspect=0
PMLE_LIVE_REPLAY_TIC|tic=4183|mle_ms=9.282|monotonic_ms=10|clock_delta_ms=.718|c
lock_suspect=0
PMLE_LIVE_REPLAY_TIC|tic=4184|mle_ms=9.34|monotonic_ms=10|clock_delta_ms=.66|clo
ck_suspect=0
PMLE_LIVE_REPLAY_TIC|tic=4185|mle_ms=9.405|monotonic_ms=10|clock_delta_ms=.595|c
lock_suspect=0
PMLE_LIVE_REPLAY_TIC|tic=4186|mle_ms=11.06|monotonic_ms=10|clock_delta_ms=1.06|c
lock_suspect=0
PMLE_LIVE_REPLAY_TIC|tic=4187|mle_ms=9.931|monotonic_ms=10|clock_delta_ms=.069|c
lock_suspect=0
PMLE_LIVE_REPLAY_TIC|tic=4188|mle_ms=10.217|monotonic_ms=10|clock_delta_ms=.217|
clock_suspect=0
PMLE_LIVE_REPLAY_TIC|tic=4189|mle_ms=10.708|monotonic_ms=10|clock_delta_ms=.708|
clock_suspect=0
PMLE_LIVE_REPLAY_TIC|tic=4190|mle_ms=10.092|monotonic_ms=10|clock_delta_ms=.092|
clock_suspect=0
PMLE_LIVE_REPLAY_TIC|tic=4191|mle_ms=9.142|monotonic_ms=10|clock_delta_ms=.858|c
lock_suspect=0
PMLE_LIVE_REPLAY_TIC|tic=4192|mle_ms=12.841|monotonic_ms=10|clock_delta_ms=2.841
|clock_suspect=0
PMLE_LIVE_REPLAY_TIC|tic=4193|mle_ms=11.023|monotonic_ms=10|clock_delta_ms=1.023
|clock_suspect=0
PMLE_LIVE_REPLAY_TIC|tic=4194|mle_ms=11.403|monotonic_ms=10|clock_delta_ms=1.403
|clock_suspect=0
PMLE_LIVE_REPLAY_TIC|tic=4195|mle_ms=10.983|monotonic_ms=10|clock_delta_ms=.983|
clock_suspect=0
PMLE_LIVE_REPLAY_TIC|tic=4196|mle_ms=12.44|monotonic_ms=20|clock_delta_ms=7.56|c
lock_suspect=0
PMLE_LIVE_REPLAY_TIC|tic=4197|mle_ms=9.601|monotonic_ms=10|clock_delta_ms=.399|c
lock_suspect=0
PMLE_LIVE_REPLAY_TIC|tic=4198|mle_ms=10.447|monotonic_ms=10|clock_delta_ms=.447|
clock_suspect=0
PMLE_LIVE_REPLAY_TIC|tic=4199|mle_ms=9.977|monotonic_ms=10|clock_delta_ms=.023|c
lock_suspect=0
PMLE_LIVE_REPLAY_TIC|tic=4200|mle_ms=9.879|monotonic_ms=10|clock_delta_ms=.121|c
lock_suspect=0
PMLE_LIVE_REPLAY_TIC|tic=4201|mle_ms=8.375|monotonic_ms=10|clock_delta_ms=1.625|
clock_suspect=0
PMLE_LIVE_REPLAY_TIC|tic=4202|mle_ms=8.756|monotonic_ms=0|clock_delta_ms=8.756|c
lock_suspect=0
PMLE_LIVE_REPLAY_TIC|tic=4203|mle_ms=9.395|monotonic_ms=10|clock_delta_ms=.605|c
lock_suspect=0
PMLE_LIVE_REPLAY_TIC|tic=4204|mle_ms=11.549|monotonic_ms=20|clock_delta_ms=8.451
|clock_suspect=0
PMLE_LIVE_REPLAY_TIC|tic=4205|mle_ms=9.978|monotonic_ms=10|clock_delta_ms=.022|c
lock_suspect=0
PMLE_LIVE_REPLAY_TIC|tic=4206|mle_ms=12.187|monotonic_ms=10|clock_delta_ms=2.187
|clock_suspect=0
PMLE_LIVE_REPLAY_TIC|tic=4207|mle_ms=9.735|monotonic_ms=10|clock_delta_ms=.265|c
lock_suspect=0
PMLE_LIVE_REPLAY_TIC|tic=4208|mle_ms=9.002|monotonic_ms=10|clock_delta_ms=.998|c
lock_suspect=0
PMLE_LIVE_REPLAY_TIC|tic=4209|mle_ms=7.999|monotonic_ms=0|clock_delta_ms=7.999|c
lock_suspect=0
PMLE_LIVE_REPLAY_TIC|tic=4210|mle_ms=8.773|monotonic_ms=10|clock_delta_ms=1.227|
clock_suspect=0
PMLE_LIVE_REPLAY_TIC|tic=4211|mle_ms=8.851|monotonic_ms=10|clock_delta_ms=1.149|
clock_suspect=0
PMLE_LIVE_REPLAY_TIC|tic=4212|mle_ms=9.859|monotonic_ms=10|clock_delta_ms=.141|c
lock_suspect=0
PMLE_LIVE_REPLAY_TIC|tic=4213|mle_ms=9.714|monotonic_ms=10|clock_delta_ms=.286|c
lock_suspect=0
PMLE_LIVE_REPLAY_TIC|tic=4214|mle_ms=11.411|monotonic_ms=10|clock_delta_ms=1.411
|clock_suspect=0
PMLE_LIVE_REPLAY_TIC|tic=4215|mle_ms=9.956|monotonic_ms=10|clock_delta_ms=.044|c
lock_suspect=0
PMLE_LIVE_REPLAY_TIC|tic=4216|mle_ms=12.894|monotonic_ms=20|clock_delta_ms=7.106
|clock_suspect=0
PMLE_LIVE_REPLAY_TIC|tic=4217|mle_ms=9.915|monotonic_ms=10|clock_delta_ms=.085|c
lock_suspect=0
PMLE_LIVE_REPLAY_TIC|tic=4218|mle_ms=10.622|monotonic_ms=10|clock_delta_ms=.622|
clock_suspect=0
PMLE_LIVE_REPLAY_TIC|tic=4219|mle_ms=9.998|monotonic_ms=10|clock_delta_ms=.002|c
lock_suspect=0
PMLE_LIVE_REPLAY_TIC|tic=4220|mle_ms=9.64|monotonic_ms=10|clock_delta_ms=.36|clo
ck_suspect=0
PMLE_LIVE_REPLAY_TIC|tic=4221|mle_ms=8.86|monotonic_ms=10|clock_delta_ms=1.14|cl
ock_suspect=0
PMLE_LIVE_REPLAY_TIC|tic=4222|mle_ms=9.948|monotonic_ms=10|clock_delta_ms=.052|c
lock_suspect=0
PMLE_LIVE_REPLAY_TIC|tic=4223|mle_ms=12.29|monotonic_ms=10|clock_delta_ms=2.29|c
lock_suspect=0
PMLE_LIVE_REPLAY_TIC|tic=4224|mle_ms=12.514|monotonic_ms=10|clock_delta_ms=2.514
|clock_suspect=0
PMLE_LIVE_REPLAY_TIC|tic=4225|mle_ms=10.729|monotonic_ms=10|clock_delta_ms=.729|
clock_suspect=0
PMLE_LIVE_REPLAY_TIC|tic=4226|mle_ms=11.887|monotonic_ms=10|clock_delta_ms=1.887
|clock_suspect=0
PMLE_LIVE_REPLAY_TIC|tic=4227|mle_ms=8.901|monotonic_ms=10|clock_delta_ms=1.099|
clock_suspect=0
PMLE_LIVE_REPLAY_TIC|tic=4228|mle_ms=8.933|monotonic_ms=10|clock_delta_ms=1.067|
clock_suspect=0
PMLE_LIVE_REPLAY_TIC|tic=4229|mle_ms=8.261|monotonic_ms=10|clock_delta_ms=1.739|
clock_suspect=0
PMLE_LIVE_REPLAY_TIC|tic=4230|mle_ms=9.131|monotonic_ms=10|clock_delta_ms=.869|c
lock_suspect=0
PMLE_LIVE_REPLAY_TIC|tic=4231|mle_ms=8.317|monotonic_ms=10|clock_delta_ms=1.683|
clock_suspect=0
PMLE_LIVE_REPLAY_TIC|tic=4232|mle_ms=8.659|monotonic_ms=10|clock_delta_ms=1.341|
clock_suspect=0
PMLE_LIVE_REPLAY_TIC|tic=4233|mle_ms=9.23|monotonic_ms=10|clock_delta_ms=.77|clo
ck_suspect=0
PMLE_LIVE_REPLAY_TIC|tic=4234|mle_ms=10.491|monotonic_ms=10|clock_delta_ms=.491|
clock_suspect=0
PMLE_LIVE_REPLAY_TIC|tic=4235|mle_ms=9.625|monotonic_ms=10|clock_delta_ms=.375|c
lock_suspect=0
PMLE_LIVE_REPLAY_TIC|tic=4236|mle_ms=12.595|monotonic_ms=10|clock_delta_ms=2.595
|clock_suspect=0
PMLE_LIVE_REPLAY_TIC|tic=4237|mle_ms=11.827|monotonic_ms=10|clock_delta_ms=1.827
|clock_suspect=0
PMLE_LIVE_REPLAY_TIC|tic=4238|mle_ms=10.407|monotonic_ms=10|clock_delta_ms=.407|
clock_suspect=0
PMLE_LIVE_REPLAY_TIC|tic=4239|mle_ms=9.9|monotonic_ms=10|clock_delta_ms=.1|clock
_suspect=0
PMLE_LIVE_REPLAY_TIC|tic=4240|mle_ms=10.425|monotonic_ms=10|clock_delta_ms=.425|
clock_suspect=0
PMLE_LIVE_REPLAY_TIC|tic=4241|mle_ms=10.05|monotonic_ms=10|clock_delta_ms=.05|cl
ock_suspect=0
PMLE_LIVE_REPLAY_TIC|tic=4242|mle_ms=11.107|monotonic_ms=10|clock_delta_ms=1.107
|clock_suspect=0
PMLE_LIVE_REPLAY_TIC|tic=4243|mle_ms=12.751|monotonic_ms=20|clock_delta_ms=7.249
|clock_suspect=0
PMLE_LIVE_REPLAY_TIC|tic=4244|mle_ms=11.896|monotonic_ms=10|clock_delta_ms=1.896
|clock_suspect=0
PMLE_LIVE_REPLAY_TIC|tic=4245|mle_ms=9.79|monotonic_ms=10|clock_delta_ms=.21|clo
ck_suspect=0
PMLE_LIVE_REPLAY_TIC|tic=4246|mle_ms=11.763|monotonic_ms=10|clock_delta_ms=1.763
|clock_suspect=0
PMLE_LIVE_REPLAY_TIC|tic=4247|mle_ms=9.127|monotonic_ms=10|clock_delta_ms=.873|c
lock_suspect=0
PMLE_LIVE_REPLAY_TIC|tic=4248|mle_ms=10.964|monotonic_ms=10|clock_delta_ms=.964|
clock_suspect=0
PMLE_LIVE_REPLAY_TIC|tic=4249|mle_ms=11.931|monotonic_ms=10|clock_delta_ms=1.931
|clock_suspect=0
PMLE_LIVE_REPLAY_TIC|tic=4250|mle_ms=10.206|monotonic_ms=10|clock_delta_ms=.206|
clock_suspect=0
PMLE_LIVE_REPLAY_TIC|tic=4251|mle_ms=9.692|monotonic_ms=10|clock_delta_ms=.308|c
lock_suspect=0
PMLE_LIVE_REPLAY_TIC|tic=4252|mle_ms=11.093|monotonic_ms=10|clock_delta_ms=1.093
|clock_suspect=0
PMLE_LIVE_REPLAY_TIC|tic=4253|mle_ms=11.679|monotonic_ms=10|clock_delta_ms=1.679
|clock_suspect=0
PMLE_LIVE_REPLAY_TIC|tic=4254|mle_ms=13.119|monotonic_ms=20|clock_delta_ms=6.881
|clock_suspect=0
PMLE_LIVE_REPLAY_TIC|tic=4255|mle_ms=13.325|monotonic_ms=10|clock_delta_ms=3.325
|clock_suspect=0
PMLE_LIVE_REPLAY_TIC|tic=4256|mle_ms=11.513|monotonic_ms=10|clock_delta_ms=1.513
|clock_suspect=0
PMLE_LIVE_REPLAY_TIC|tic=4257|mle_ms=9.465|monotonic_ms=10|clock_delta_ms=.535|c
lock_suspect=0
PMLE_LIVE_REPLAY_TIC|tic=4258|mle_ms=11.228|monotonic_ms=10|clock_delta_ms=1.228
|clock_suspect=0
PMLE_LIVE_REPLAY_TIC|tic=4259|mle_ms=10.169|monotonic_ms=10|clock_delta_ms=.169|
clock_suspect=0
PMLE_LIVE_REPLAY_TIC|tic=4260|mle_ms=10.341|monotonic_ms=10|clock_delta_ms=.341|
clock_suspect=0
PMLE_LIVE_REPLAY_TIC|tic=4261|mle_ms=9.785|monotonic_ms=10|clock_delta_ms=.215|c
lock_suspect=0
PMLE_LIVE_REPLAY_TIC|tic=4262|mle_ms=10.087|monotonic_ms=10|clock_delta_ms=.087|
clock_suspect=0
PMLE_LIVE_REPLAY_TIC|tic=4263|mle_ms=9.691|monotonic_ms=10|clock_delta_ms=.309|c
lock_suspect=0
PMLE_LIVE_REPLAY_TIC|tic=4264|mle_ms=10.109|monotonic_ms=10|clock_delta_ms=.109|
clock_suspect=0
PMLE_LIVE_REPLAY_TIC|tic=4265|mle_ms=9.884|monotonic_ms=10|clock_delta_ms=.116|c
lock_suspect=0
PMLE_LIVE_REPLAY_TIC|tic=4266|mle_ms=11.466|monotonic_ms=20|clock_delta_ms=8.534
|clock_suspect=0
PMLE_LIVE_REPLAY_TIC|tic=4267|mle_ms=10.49|monotonic_ms=10|clock_delta_ms=.49|cl
ock_suspect=0
PMLE_LIVE_REPLAY_TIC|tic=4268|mle_ms=10.172|monotonic_ms=10|clock_delta_ms=.172|
clock_suspect=0
PMLE_LIVE_REPLAY_TIC|tic=4269|mle_ms=9.921|monotonic_ms=10|clock_delta_ms=.079|c
lock_suspect=0
PMLE_LIVE_REPLAY_TIC|tic=4270|mle_ms=9.955|monotonic_ms=10|clock_delta_ms=.045|c
lock_suspect=0
PMLE_LIVE_REPLAY_TIC|tic=4271|mle_ms=9.864|monotonic_ms=10|clock_delta_ms=.136|c
lock_suspect=0
PMLE_LIVE_REPLAY_TIC|tic=4272|mle_ms=10.925|monotonic_ms=10|clock_delta_ms=.925|
clock_suspect=0
PMLE_LIVE_REPLAY_TIC|tic=4273|mle_ms=10.773|monotonic_ms=10|clock_delta_ms=.773|
clock_suspect=0
PMLE_LIVE_REPLAY_TIC|tic=4274|mle_ms=11.215|monotonic_ms=10|clock_delta_ms=1.215
|clock_suspect=0
PMLE_LIVE_REPLAY_TIC|tic=4275|mle_ms=8.795|monotonic_ms=10|clock_delta_ms=1.205|
clock_suspect=0
PMLE_LIVE_REPLAY_TIC|tic=4276|mle_ms=10.203|monotonic_ms=10|clock_delta_ms=.203|
clock_suspect=0
PMLE_LIVE_REPLAY_TIC|tic=4277|mle_ms=9.652|monotonic_ms=10|clock_delta_ms=.348|c
lock_suspect=0
PMLE_LIVE_REPLAY_TIC|tic=4278|mle_ms=10.15|monotonic_ms=10|clock_delta_ms=.15|cl
ock_suspect=0
PMLE_LIVE_REPLAY_TIC|tic=4279|mle_ms=10.614|monotonic_ms=10|clock_delta_ms=.614|
clock_suspect=0
PMLE_LIVE_REPLAY_TIC|tic=4280|mle_ms=9.4|monotonic_ms=10|clock_delta_ms=.6|clock
_suspect=0
PMLE_LIVE_REPLAY_TIC|tic=4281|mle_ms=9.607|monotonic_ms=10|clock_delta_ms=.393|c
lock_suspect=0
PMLE_LIVE_REPLAY_TIC|tic=4282|mle_ms=10.797|monotonic_ms=10|clock_delta_ms=.797|
clock_suspect=0
PMLE_LIVE_REPLAY_TIC|tic=4283|mle_ms=9.879|monotonic_ms=10|clock_delta_ms=.121|c
lock_suspect=0
PMLE_LIVE_REPLAY_TIC|tic=4284|mle_ms=10.105|monotonic_ms=10|clock_delta_ms=.105|
clock_suspect=0
PMLE_LIVE_REPLAY_TIC|tic=4285|mle_ms=9.477|monotonic_ms=10|clock_delta_ms=.523|c
lock_suspect=0
PMLE_LIVE_REPLAY_TIC|tic=4286|mle_ms=13.51|monotonic_ms=10|clock_delta_ms=3.51|c
lock_suspect=0
PMLE_LIVE_REPLAY_TIC|tic=4287|mle_ms=8.899|monotonic_ms=10|clock_delta_ms=1.101|
clock_suspect=0
PMLE_LIVE_REPLAY_TIC|tic=4288|mle_ms=10.664|monotonic_ms=10|clock_delta_ms=.664|
clock_suspect=0
PMLE_LIVE_REPLAY_TIC|tic=4289|mle_ms=10.466|monotonic_ms=10|clock_delta_ms=.466|
clock_suspect=0
PMLE_LIVE_REPLAY_TIC|tic=4290|mle_ms=11.512|monotonic_ms=10|clock_delta_ms=1.512
|clock_suspect=0
PMLE_LIVE_REPLAY_TIC|tic=4291|mle_ms=11.018|monotonic_ms=20|clock_delta_ms=8.982
|clock_suspect=0
PMLE_LIVE_REPLAY_TIC|tic=4292|mle_ms=10.572|monotonic_ms=10|clock_delta_ms=.572|
clock_suspect=0
PMLE_LIVE_REPLAY_TIC|tic=4293|mle_ms=10.621|monotonic_ms=10|clock_delta_ms=.621|
clock_suspect=0
PMLE_LIVE_REPLAY_TIC|tic=4294|mle_ms=11.75|monotonic_ms=10|clock_delta_ms=1.75|c
lock_suspect=0
PMLE_LIVE_REPLAY_TIC|tic=4295|mle_ms=9.97|monotonic_ms=10|clock_delta_ms=.03|clo
ck_suspect=0
PMLE_LIVE_REPLAY_TIC|tic=4296|mle_ms=12.874|monotonic_ms=10|clock_delta_ms=2.874
|clock_suspect=0
PMLE_LIVE_REPLAY_TIC|tic=4297|mle_ms=9.774|monotonic_ms=10|clock_delta_ms=.226|c
lock_suspect=0
PMLE_LIVE_REPLAY_TIC|tic=4298|mle_ms=10.415|monotonic_ms=10|clock_delta_ms=.415|
clock_suspect=0
PMLE_LIVE_REPLAY_TIC|tic=4299|mle_ms=9.444|monotonic_ms=10|clock_delta_ms=.556|c
lock_suspect=0
PMLE_LIVE_REPLAY_TIC|tic=4300|mle_ms=10.461|monotonic_ms=10|clock_delta_ms=.461|
clock_suspect=0
PMLE_LIVE_REPLAY_TIC|tic=4301|mle_ms=10.161|monotonic_ms=10|clock_delta_ms=.161|
clock_suspect=0
PMLE_LIVE_REPLAY_TIC|tic=4302|mle_ms=12.066|monotonic_ms=20|clock_delta_ms=7.934
|clock_suspect=0
PMLE_LIVE_REPLAY_TIC|tic=4303|mle_ms=11.658|monotonic_ms=10|clock_delta_ms=1.658
|clock_suspect=0
PMLE_LIVE_REPLAY_TIC|tic=4304|mle_ms=13.681|monotonic_ms=10|clock_delta_ms=3.681
|clock_suspect=0
PMLE_LIVE_REPLAY_TIC|tic=4305|mle_ms=11.45|monotonic_ms=10|clock_delta_ms=1.45|c
lock_suspect=0
PMLE_LIVE_REPLAY_TIC|tic=4306|mle_ms=13.587|monotonic_ms=20|clock_delta_ms=6.413
|clock_suspect=0
PMLE_LIVE_REPLAY_TIC|tic=4307|mle_ms=11.06|monotonic_ms=10|clock_delta_ms=1.06|c
lock_suspect=0
PMLE_LIVE_REPLAY_TIC|tic=4308|mle_ms=11.881|monotonic_ms=10|clock_delta_ms=1.881
|clock_suspect=0
PMLE_LIVE_REPLAY_TIC|tic=4309|mle_ms=13.274|monotonic_ms=10|clock_delta_ms=3.274
|clock_suspect=0
PMLE_LIVE_REPLAY_TIC|tic=4310|mle_ms=12.78|monotonic_ms=20|clock_delta_ms=7.22|c
lock_suspect=0
PMLE_LIVE_REPLAY_TIC|tic=4311|mle_ms=10.128|monotonic_ms=10|clock_delta_ms=.128|
clock_suspect=0
PMLE_LIVE_REPLAY_TIC|tic=4312|mle_ms=13.38|monotonic_ms=10|clock_delta_ms=3.38|c
lock_suspect=0
PMLE_LIVE_REPLAY_TIC|tic=4313|mle_ms=12.998|monotonic_ms=10|clock_delta_ms=2.998
|clock_suspect=0
PMLE_LIVE_REPLAY_TIC|tic=4314|mle_ms=13.827|monotonic_ms=20|clock_delta_ms=6.173
|clock_suspect=0
PMLE_LIVE_REPLAY_TIC|tic=4315|mle_ms=12.275|monotonic_ms=10|clock_delta_ms=2.275
|clock_suspect=0
PMLE_LIVE_REPLAY_TIC|tic=4316|mle_ms=13.476|monotonic_ms=10|clock_delta_ms=3.476
|clock_suspect=0
PMLE_LIVE_REPLAY_TIC|tic=4317|mle_ms=13.319|monotonic_ms=20|clock_delta_ms=6.681
|clock_suspect=0
PMLE_LIVE_REPLAY_TIC|tic=4318|mle_ms=10.968|monotonic_ms=10|clock_delta_ms=.968|
clock_suspect=0
PMLE_LIVE_REPLAY_TIC|tic=4319|mle_ms=10.995|monotonic_ms=10|clock_delta_ms=.995|
clock_suspect=0
PMLE_LIVE_REPLAY_TIC|tic=4320|mle_ms=11.028|monotonic_ms=10|clock_delta_ms=1.028
|clock_suspect=0
PMLE_LIVE_REPLAY_TIC|tic=4321|mle_ms=11.965|monotonic_ms=10|clock_delta_ms=1.965
|clock_suspect=0
PMLE_LIVE_REPLAY_TIC|tic=4322|mle_ms=11.921|monotonic_ms=10|clock_delta_ms=1.921
|clock_suspect=0
PMLE_LIVE_REPLAY_TIC|tic=4323|mle_ms=11.297|monotonic_ms=20|clock_delta_ms=8.703
|clock_suspect=0
PMLE_LIVE_REPLAY_TIC|tic=4324|mle_ms=13.683|monotonic_ms=10|clock_delta_ms=3.683
|clock_suspect=0
PMLE_LIVE_REPLAY_TIC|tic=4325|mle_ms=12.501|monotonic_ms=10|clock_delta_ms=2.501
|clock_suspect=0
PMLE_LIVE_REPLAY_TIC|tic=4326|mle_ms=14.141|monotonic_ms=20|clock_delta_ms=5.859
|clock_suspect=0
PMLE_LIVE_REPLAY_TIC|tic=4327|mle_ms=11.726|monotonic_ms=10|clock_delta_ms=1.726
|clock_suspect=0
PMLE_LIVE_REPLAY_TIC|tic=4328|mle_ms=12.191|monotonic_ms=10|clock_delta_ms=2.191
|clock_suspect=0
PMLE_LIVE_REPLAY_TIC|tic=4329|mle_ms=12.895|monotonic_ms=10|clock_delta_ms=2.895
|clock_suspect=0
PMLE_LIVE_REPLAY_TIC|tic=4330|mle_ms=12.192|monotonic_ms=20|clock_delta_ms=7.808
|clock_suspect=0
PMLE_LIVE_REPLAY_TIC|tic=4331|mle_ms=12.243|monotonic_ms=10|clock_delta_ms=2.243
|clock_suspect=0
PMLE_LIVE_REPLAY_TIC|tic=4332|mle_ms=12.898|monotonic_ms=10|clock_delta_ms=2.898
|clock_suspect=0
PMLE_LIVE_REPLAY_TIC|tic=4333|mle_ms=12.987|monotonic_ms=10|clock_delta_ms=2.987
|clock_suspect=0
PMLE_LIVE_REPLAY_TIC|tic=4334|mle_ms=12.372|monotonic_ms=20|clock_delta_ms=7.628
|clock_suspect=0
PMLE_LIVE_REPLAY_TIC|tic=4335|mle_ms=10.461|monotonic_ms=10|clock_delta_ms=.461|
clock_suspect=0
PMLE_LIVE_REPLAY_TIC|tic=4336|mle_ms=11.903|monotonic_ms=10|clock_delta_ms=1.903
|clock_suspect=0
PMLE_LIVE_REPLAY_TIC|tic=4337|mle_ms=10.346|monotonic_ms=10|clock_delta_ms=.346|
clock_suspect=0
PMLE_LIVE_REPLAY_TIC|tic=4338|mle_ms=11.069|monotonic_ms=10|clock_delta_ms=1.069
|clock_suspect=0
PMLE_LIVE_REPLAY_TIC|tic=4339|mle_ms=10.362|monotonic_ms=10|clock_delta_ms=.362|
clock_suspect=0
PMLE_LIVE_REPLAY_TIC|tic=4340|mle_ms=10.157|monotonic_ms=10|clock_delta_ms=.157|
clock_suspect=0
PMLE_LIVE_REPLAY_TIC|tic=4341|mle_ms=8.913|monotonic_ms=10|clock_delta_ms=1.087|
clock_suspect=0
PMLE_LIVE_REPLAY_TIC|tic=4342|mle_ms=11.323|monotonic_ms=10|clock_delta_ms=1.323
|clock_suspect=0
PMLE_LIVE_REPLAY_TIC|tic=4343|mle_ms=10.441|monotonic_ms=10|clock_delta_ms=.441|
clock_suspect=0
PMLE_LIVE_REPLAY_TIC|tic=4344|mle_ms=11.307|monotonic_ms=10|clock_delta_ms=1.307
|clock_suspect=0
PMLE_LIVE_REPLAY_TIC|tic=4345|mle_ms=10.953|monotonic_ms=10|clock_delta_ms=.953|
clock_suspect=0
PMLE_LIVE_REPLAY_TIC|tic=4346|mle_ms=11.157|monotonic_ms=20|clock_delta_ms=8.843
|clock_suspect=0
PMLE_LIVE_REPLAY_TIC|tic=4347|mle_ms=12.174|monotonic_ms=10|clock_delta_ms=2.174
|clock_suspect=0
PMLE_LIVE_REPLAY_TIC|tic=4348|mle_ms=10.273|monotonic_ms=10|clock_delta_ms=.273|
clock_suspect=0
PMLE_LIVE_REPLAY_TIC|tic=4349|mle_ms=10.4|monotonic_ms=10|clock_delta_ms=.4|cloc
k_suspect=0
PMLE_LIVE_REPLAY_TIC|tic=4350|mle_ms=9.933|monotonic_ms=10|clock_delta_ms=.067|c
lock_suspect=0
PMLE_LIVE_REPLAY_TIC|tic=4351|mle_ms=9.626|monotonic_ms=10|clock_delta_ms=.374|c
lock_suspect=0
PMLE_LIVE_REPLAY_TIC|tic=4352|mle_ms=10.013|monotonic_ms=10|clock_delta_ms=.013|
clock_suspect=0
PMLE_LIVE_REPLAY_TIC|tic=4353|mle_ms=9.732|monotonic_ms=10|clock_delta_ms=.268|c
lock_suspect=0
PMLE_LIVE_REPLAY_TIC|tic=4354|mle_ms=9.664|monotonic_ms=10|clock_delta_ms=.336|c
lock_suspect=0
PMLE_LIVE_REPLAY_TIC|tic=4355|mle_ms=9.295|monotonic_ms=10|clock_delta_ms=.705|c
lock_suspect=0
PMLE_LIVE_REPLAY_TIC|tic=4356|mle_ms=11.597|monotonic_ms=10|clock_delta_ms=1.597
|clock_suspect=0
PMLE_LIVE_REPLAY_TIC|tic=4357|mle_ms=9.986|monotonic_ms=10|clock_delta_ms=.014|c
lock_suspect=0
PMLE_LIVE_REPLAY_TIC|tic=4358|mle_ms=10.252|monotonic_ms=10|clock_delta_ms=.252|
clock_suspect=0
PMLE_LIVE_REPLAY_TIC|tic=4359|mle_ms=9.333|monotonic_ms=10|clock_delta_ms=.667|c
lock_suspect=0
PMLE_LIVE_REPLAY_TIC|tic=4360|mle_ms=9.287|monotonic_ms=10|clock_delta_ms=.713|c
lock_suspect=0
PMLE_LIVE_REPLAY_TIC|tic=4361|mle_ms=8.348|monotonic_ms=10|clock_delta_ms=1.652|
clock_suspect=0
PMLE_LIVE_REPLAY_TIC|tic=4362|mle_ms=10.226|monotonic_ms=10|clock_delta_ms=.226|
clock_suspect=0
PMLE_LIVE_REPLAY_TIC|tic=4363|mle_ms=10.287|monotonic_ms=10|clock_delta_ms=.287|
clock_suspect=0
PMLE_LIVE_REPLAY_TIC|tic=4364|mle_ms=9.393|monotonic_ms=10|clock_delta_ms=.607|c
lock_suspect=0
PMLE_LIVE_REPLAY_TIC|tic=4365|mle_ms=8.304|monotonic_ms=10|clock_delta_ms=1.696|
clock_suspect=0
PMLE_LIVE_REPLAY_TIC|tic=4366|mle_ms=9.873|monotonic_ms=10|clock_delta_ms=.127|c
lock_suspect=0
PMLE_LIVE_REPLAY_TIC|tic=4367|mle_ms=9.678|monotonic_ms=0|clock_delta_ms=9.678|c
lock_suspect=0
PMLE_LIVE_REPLAY_TIC|tic=4368|mle_ms=11.049|monotonic_ms=20|clock_delta_ms=8.951
|clock_suspect=0
PMLE_LIVE_REPLAY_TIC|tic=4369|mle_ms=10.534|monotonic_ms=10|clock_delta_ms=.534|
clock_suspect=0
PMLE_LIVE_REPLAY_TIC|tic=4370|mle_ms=10.224|monotonic_ms=10|clock_delta_ms=.224|
clock_suspect=0
PMLE_LIVE_REPLAY_TIC|tic=4371|mle_ms=9.844|monotonic_ms=10|clock_delta_ms=.156|c
lock_suspect=0
PMLE_LIVE_REPLAY_TIC|tic=4372|mle_ms=11.438|monotonic_ms=10|clock_delta_ms=1.438
|clock_suspect=0
PMLE_LIVE_REPLAY_TIC|tic=4373|mle_ms=11.156|monotonic_ms=10|clock_delta_ms=1.156
|clock_suspect=0
PMLE_LIVE_REPLAY_TIC|tic=4374|mle_ms=12.566|monotonic_ms=10|clock_delta_ms=2.566
|clock_suspect=0
PMLE_LIVE_REPLAY_TIC|tic=4375|mle_ms=11.86|monotonic_ms=10|clock_delta_ms=1.86|c
lock_suspect=0
PMLE_LIVE_REPLAY_TIC|tic=4376|mle_ms=12.519|monotonic_ms=20|clock_delta_ms=7.481
|clock_suspect=0
PMLE_LIVE_REPLAY_TIC|tic=4377|mle_ms=10.311|monotonic_ms=10|clock_delta_ms=.311|
clock_suspect=0
PMLE_LIVE_REPLAY_TIC|tic=4378|mle_ms=13.081|monotonic_ms=10|clock_delta_ms=3.081
|clock_suspect=0
PMLE_LIVE_REPLAY_TIC|tic=4379|mle_ms=9.974|monotonic_ms=10|clock_delta_ms=.026|c
lock_suspect=0
PMLE_LIVE_REPLAY_TIC|tic=4380|mle_ms=10.605|monotonic_ms=10|clock_delta_ms=.605|
clock_suspect=0
PMLE_LIVE_REPLAY_TIC|tic=4381|mle_ms=10.531|monotonic_ms=10|clock_delta_ms=.531|
clock_suspect=0
PMLE_LIVE_REPLAY_TIC|tic=4382|mle_ms=10.073|monotonic_ms=10|clock_delta_ms=.073|
clock_suspect=0
PMLE_LIVE_REPLAY_TIC|tic=4383|mle_ms=8.826|monotonic_ms=10|clock_delta_ms=1.174|
clock_suspect=0
PMLE_LIVE_REPLAY_TIC|tic=4384|mle_ms=10.206|monotonic_ms=10|clock_delta_ms=.206|
clock_suspect=0
PMLE_LIVE_REPLAY_TIC|tic=4385|mle_ms=10.877|monotonic_ms=10|clock_delta_ms=.877|
clock_suspect=0
PMLE_LIVE_REPLAY_TIC|tic=4386|mle_ms=12.42|monotonic_ms=10|clock_delta_ms=2.42|c
lock_suspect=0
PMLE_LIVE_REPLAY_TIC|tic=4387|mle_ms=9.393|monotonic_ms=10|clock_delta_ms=.607|c
lock_suspect=0
PMLE_LIVE_REPLAY_TIC|tic=4388|mle_ms=9.408|monotonic_ms=10|clock_delta_ms=.592|c
lock_suspect=0
PMLE_LIVE_REPLAY_TIC|tic=4389|mle_ms=8.938|monotonic_ms=10|clock_delta_ms=1.062|
clock_suspect=0
PMLE_LIVE_REPLAY_TIC|tic=4390|mle_ms=9.487|monotonic_ms=10|clock_delta_ms=.513|c
lock_suspect=0
PMLE_LIVE_REPLAY_TIC|tic=4391|mle_ms=9.975|monotonic_ms=10|clock_delta_ms=.025|c
lock_suspect=0
PMLE_LIVE_REPLAY_TIC|tic=4392|mle_ms=10.96|monotonic_ms=10|clock_delta_ms=.96|cl
ock_suspect=0
PMLE_LIVE_REPLAY_TIC|tic=4393|mle_ms=10.003|monotonic_ms=10|clock_delta_ms=.003|
clock_suspect=0
PMLE_LIVE_REPLAY_TIC|tic=4394|mle_ms=10.928|monotonic_ms=10|clock_delta_ms=.928|
clock_suspect=0
PMLE_LIVE_REPLAY_TIC|tic=4395|mle_ms=10.308|monotonic_ms=10|clock_delta_ms=.308|
clock_suspect=0
PMLE_LIVE_REPLAY_TIC|tic=4396|mle_ms=11.532|monotonic_ms=20|clock_delta_ms=8.468
|clock_suspect=0
PMLE_LIVE_REPLAY_TIC|tic=4397|mle_ms=8.964|monotonic_ms=10|clock_delta_ms=1.036|
clock_suspect=0
PMLE_LIVE_REPLAY_TIC|tic=4398|mle_ms=10.099|monotonic_ms=10|clock_delta_ms=.099|
clock_suspect=0
PMLE_LIVE_REPLAY_TIC|tic=4399|mle_ms=9.89|monotonic_ms=10|clock_delta_ms=.11|clo
ck_suspect=0
PMLE_LIVE_REPLAY_TIC|tic=4400|mle_ms=9.461|monotonic_ms=10|clock_delta_ms=.539|c
lock_suspect=0
PMLE_LIVE_REPLAY_TIC|tic=4401|mle_ms=8.019|monotonic_ms=0|clock_delta_ms=8.019|c
lock_suspect=0
PMLE_LIVE_REPLAY_TIC|tic=4402|mle_ms=9.53|monotonic_ms=10|clock_delta_ms=.47|clo
ck_suspect=0
PMLE_LIVE_REPLAY_TIC|tic=4403|mle_ms=10.58|monotonic_ms=10|clock_delta_ms=.58|cl
ock_suspect=0
PMLE_LIVE_REPLAY_TIC|tic=4404|mle_ms=11.582|monotonic_ms=20|clock_delta_ms=8.418
|clock_suspect=0
PMLE_LIVE_REPLAY_TIC|tic=4405|mle_ms=10.118|monotonic_ms=10|clock_delta_ms=.118|
clock_suspect=0
PMLE_LIVE_REPLAY_TIC|tic=4406|mle_ms=10.886|monotonic_ms=10|clock_delta_ms=.886|
clock_suspect=0
PMLE_LIVE_REPLAY_TIC|tic=4407|mle_ms=8.402|monotonic_ms=0|clock_delta_ms=8.402|c
lock_suspect=0
PMLE_LIVE_REPLAY_TIC|tic=4408|mle_ms=11.768|monotonic_ms=20|clock_delta_ms=8.232
|clock_suspect=0
PMLE_LIVE_REPLAY_TIC|tic=4409|mle_ms=10.032|monotonic_ms=10|clock_delta_ms=.032|
clock_suspect=0
PMLE_LIVE_REPLAY_TIC|tic=4410|mle_ms=9.784|monotonic_ms=10|clock_delta_ms=.216|c
lock_suspect=0
PMLE_LIVE_REPLAY_TIC|tic=4411|mle_ms=9.43|monotonic_ms=10|clock_delta_ms=.57|clo
ck_suspect=0
PMLE_LIVE_REPLAY_TIC|tic=4412|mle_ms=10.815|monotonic_ms=10|clock_delta_ms=.815|
clock_suspect=0
PMLE_LIVE_REPLAY_TIC|tic=4413|mle_ms=10.262|monotonic_ms=10|clock_delta_ms=.262|
clock_suspect=0
PMLE_LIVE_REPLAY_TIC|tic=4414|mle_ms=12.434|monotonic_ms=10|clock_delta_ms=2.434
|clock_suspect=0
PMLE_LIVE_REPLAY_TIC|tic=4415|mle_ms=10.451|monotonic_ms=10|clock_delta_ms=.451|
clock_suspect=0
PMLE_LIVE_REPLAY_TIC|tic=4416|mle_ms=12.365|monotonic_ms=10|clock_delta_ms=2.365
|clock_suspect=0
PMLE_LIVE_REPLAY_TIC|tic=4417|mle_ms=10.994|monotonic_ms=10|clock_delta_ms=.994|
clock_suspect=0
PMLE_LIVE_REPLAY_TIC|tic=4418|mle_ms=10.306|monotonic_ms=10|clock_delta_ms=.306|
clock_suspect=0
PMLE_LIVE_REPLAY_TIC|tic=4419|mle_ms=9.671|monotonic_ms=10|clock_delta_ms=.329|c
lock_suspect=0
PMLE_LIVE_REPLAY_TIC|tic=4420|mle_ms=10.351|monotonic_ms=10|clock_delta_ms=.351|
clock_suspect=0
PMLE_LIVE_REPLAY_TIC|tic=4421|mle_ms=10.133|monotonic_ms=10|clock_delta_ms=.133|
clock_suspect=0
PMLE_LIVE_REPLAY_TIC|tic=4422|mle_ms=11.465|monotonic_ms=20|clock_delta_ms=8.535
|clock_suspect=0
PMLE_LIVE_REPLAY_TIC|tic=4423|mle_ms=12.259|monotonic_ms=10|clock_delta_ms=2.259
|clock_suspect=0
PMLE_LIVE_REPLAY_TIC|tic=4424|mle_ms=12.058|monotonic_ms=10|clock_delta_ms=2.058
|clock_suspect=0
PMLE_LIVE_REPLAY_TIC|tic=4425|mle_ms=10.032|monotonic_ms=10|clock_delta_ms=.032|
clock_suspect=0
PMLE_LIVE_REPLAY_TIC|tic=4426|mle_ms=11.395|monotonic_ms=10|clock_delta_ms=1.395
|clock_suspect=0
PMLE_LIVE_REPLAY_TIC|tic=4427|mle_ms=9.137|monotonic_ms=10|clock_delta_ms=.863|c
lock_suspect=0
PMLE_LIVE_REPLAY_TIC|tic=4428|mle_ms=10.637|monotonic_ms=10|clock_delta_ms=.637|
clock_suspect=0
PMLE_LIVE_REPLAY_TIC|tic=4429|mle_ms=10.341|monotonic_ms=10|clock_delta_ms=.341|
clock_suspect=0
PMLE_LIVE_REPLAY_TIC|tic=4430|mle_ms=8.911|monotonic_ms=10|clock_delta_ms=1.089|
clock_suspect=0
PMLE_LIVE_REPLAY_TIC|tic=4431|mle_ms=8.378|monotonic_ms=10|clock_delta_ms=1.622|
clock_suspect=0
PMLE_LIVE_REPLAY_TIC|tic=4432|mle_ms=10.096|monotonic_ms=10|clock_delta_ms=.096|
clock_suspect=0
PMLE_LIVE_REPLAY_TIC|tic=4433|mle_ms=10.899|monotonic_ms=10|clock_delta_ms=.899|
clock_suspect=0
PMLE_LIVE_REPLAY_TIC|tic=4434|mle_ms=12.086|monotonic_ms=10|clock_delta_ms=2.086
|clock_suspect=0
PMLE_LIVE_REPLAY_TIC|tic=4435|mle_ms=10.704|monotonic_ms=10|clock_delta_ms=.704|
clock_suspect=0
PMLE_LIVE_REPLAY_TIC|tic=4436|mle_ms=10.916|monotonic_ms=20|clock_delta_ms=9.084
|clock_suspect=0
PMLE_LIVE_REPLAY_TIC|tic=4437|mle_ms=8.492|monotonic_ms=0|clock_delta_ms=8.492|c
lock_suspect=0
PMLE_LIVE_REPLAY_TIC|tic=4438|mle_ms=12.742|monotonic_ms=20|clock_delta_ms=7.258
|clock_suspect=0
PMLE_LIVE_REPLAY_TIC|tic=4439|mle_ms=9.851|monotonic_ms=10|clock_delta_ms=.149|c
lock_suspect=0
PMLE_LIVE_REPLAY_TIC|tic=4440|mle_ms=9.675|monotonic_ms=10|clock_delta_ms=.325|c
lock_suspect=0
PMLE_LIVE_REPLAY_TIC|tic=4441|mle_ms=10.357|monotonic_ms=10|clock_delta_ms=.357|
clock_suspect=0
PMLE_LIVE_REPLAY_TIC|tic=4442|mle_ms=11.354|monotonic_ms=10|clock_delta_ms=1.354
|clock_suspect=0
PMLE_LIVE_REPLAY_TIC|tic=4443|mle_ms=10.416|monotonic_ms=10|clock_delta_ms=.416|
clock_suspect=0
PMLE_LIVE_REPLAY_TIC|tic=4444|mle_ms=11.682|monotonic_ms=10|clock_delta_ms=1.682
|clock_suspect=0
PMLE_LIVE_REPLAY_TIC|tic=4445|mle_ms=10.576|monotonic_ms=10|clock_delta_ms=.576|
clock_suspect=0
PMLE_LIVE_REPLAY_TIC|tic=4446|mle_ms=11.254|monotonic_ms=10|clock_delta_ms=1.254
|clock_suspect=0
PMLE_LIVE_REPLAY_TIC|tic=4447|mle_ms=9.727|monotonic_ms=10|clock_delta_ms=.273|c
lock_suspect=0
PMLE_LIVE_REPLAY_TIC|tic=4448|mle_ms=9.308|monotonic_ms=10|clock_delta_ms=.692|c
lock_suspect=0
PMLE_LIVE_REPLAY_TIC|tic=4449|mle_ms=8.669|monotonic_ms=10|clock_delta_ms=1.331|
clock_suspect=0
PMLE_LIVE_REPLAY_TIC|tic=4450|mle_ms=8.36|monotonic_ms=10|clock_delta_ms=1.64|cl
ock_suspect=0
PMLE_LIVE_REPLAY_TIC|tic=4451|mle_ms=8.983|monotonic_ms=10|clock_delta_ms=1.017|
clock_suspect=0
PMLE_LIVE_REPLAY_TIC|tic=4452|mle_ms=11.451|monotonic_ms=10|clock_delta_ms=1.451
|clock_suspect=0
PMLE_LIVE_REPLAY_TIC|tic=4453|mle_ms=11.316|monotonic_ms=10|clock_delta_ms=1.316
|clock_suspect=0
PMLE_LIVE_REPLAY_TIC|tic=4454|mle_ms=11.018|monotonic_ms=10|clock_delta_ms=1.018
|clock_suspect=0
PMLE_LIVE_REPLAY_TIC|tic=4455|mle_ms=9.783|monotonic_ms=10|clock_delta_ms=.217|c
lock_suspect=0
PMLE_LIVE_REPLAY_TIC|tic=4456|mle_ms=10.358|monotonic_ms=10|clock_delta_ms=.358|
clock_suspect=0
PMLE_LIVE_REPLAY_TIC|tic=4457|mle_ms=8.034|monotonic_ms=10|clock_delta_ms=1.966|
clock_suspect=0
PMLE_LIVE_REPLAY_TIC|tic=4458|mle_ms=8.928|monotonic_ms=10|clock_delta_ms=1.072|
clock_suspect=0
PMLE_LIVE_REPLAY_TIC|tic=4459|mle_ms=8.127|monotonic_ms=10|clock_delta_ms=1.873|
clock_suspect=0
PMLE_LIVE_REPLAY_TIC|tic=4460|mle_ms=8.445|monotonic_ms=10|clock_delta_ms=1.555|
clock_suspect=0
PMLE_LIVE_REPLAY_TIC|tic=4461|mle_ms=8.268|monotonic_ms=0|clock_delta_ms=8.268|c
lock_suspect=0
PMLE_LIVE_REPLAY_TIC|tic=4462|mle_ms=9.254|monotonic_ms=10|clock_delta_ms=.746|c
lock_suspect=0
PMLE_LIVE_REPLAY_TIC|tic=4463|mle_ms=10.53|monotonic_ms=10|clock_delta_ms=.53|cl
ock_suspect=0
PMLE_LIVE_REPLAY_TIC|tic=4464|mle_ms=13.219|monotonic_ms=20|clock_delta_ms=6.781
|clock_suspect=0
PMLE_LIVE_REPLAY_TIC|tic=4465|mle_ms=11.764|monotonic_ms=10|clock_delta_ms=1.764
|clock_suspect=0
PMLE_LIVE_REPLAY_TIC|tic=4466|mle_ms=12.189|monotonic_ms=10|clock_delta_ms=2.189
|clock_suspect=0
PMLE_LIVE_REPLAY_TIC|tic=4467|mle_ms=9.772|monotonic_ms=10|clock_delta_ms=.228|c
lock_suspect=0
PMLE_LIVE_REPLAY_TIC|tic=4468|mle_ms=13.125|monotonic_ms=10|clock_delta_ms=3.125
|clock_suspect=0
PMLE_LIVE_REPLAY_TIC|tic=4469|mle_ms=10.07|monotonic_ms=20|clock_delta_ms=9.93|c
lock_suspect=0
PMLE_LIVE_REPLAY_TIC|tic=4470|mle_ms=10.457|monotonic_ms=10|clock_delta_ms=.457|
clock_suspect=0
PMLE_LIVE_REPLAY_TIC|tic=4471|mle_ms=11.599|monotonic_ms=10|clock_delta_ms=1.599
|clock_suspect=0
PMLE_LIVE_REPLAY_TIC|tic=4472|mle_ms=11.046|monotonic_ms=10|clock_delta_ms=1.046
|clock_suspect=0
PMLE_LIVE_REPLAY_TIC|tic=4473|mle_ms=10.362|monotonic_ms=10|clock_delta_ms=.362|
clock_suspect=0
PMLE_LIVE_REPLAY_TIC|tic=4474|mle_ms=11.448|monotonic_ms=10|clock_delta_ms=1.448
|clock_suspect=0
PMLE_LIVE_REPLAY_TIC|tic=4475|mle_ms=10.408|monotonic_ms=10|clock_delta_ms=.408|
clock_suspect=0
PMLE_LIVE_REPLAY_TIC|tic=4476|mle_ms=11.366|monotonic_ms=10|clock_delta_ms=1.366
|clock_suspect=0
PMLE_LIVE_REPLAY_TIC|tic=4477|mle_ms=8.347|monotonic_ms=10|clock_delta_ms=1.653|
clock_suspect=0
PMLE_LIVE_REPLAY_TIC|tic=4478|mle_ms=9.01|monotonic_ms=10|clock_delta_ms=.99|clo
ck_suspect=0
PMLE_LIVE_REPLAY_TIC|tic=4479|mle_ms=9.673|monotonic_ms=10|clock_delta_ms=.327|c
lock_suspect=0
PMLE_LIVE_REPLAY_TIC|tic=4480|mle_ms=9.75|monotonic_ms=10|clock_delta_ms=.25|clo
ck_suspect=0
PMLE_LIVE_REPLAY_TIC|tic=4481|mle_ms=10.095|monotonic_ms=10|clock_delta_ms=.095|
clock_suspect=0
PMLE_LIVE_REPLAY_TIC|tic=4482|mle_ms=11.192|monotonic_ms=10|clock_delta_ms=1.192
|clock_suspect=0
PMLE_LIVE_REPLAY_TIC|tic=4483|mle_ms=10.947|monotonic_ms=10|clock_delta_ms=.947|
clock_suspect=0
PMLE_LIVE_REPLAY_TIC|tic=4484|mle_ms=11.847|monotonic_ms=10|clock_delta_ms=1.847
|clock_suspect=0
PMLE_LIVE_REPLAY_TIC|tic=4485|mle_ms=9.727|monotonic_ms=10|clock_delta_ms=.273|c
lock_suspect=0
PMLE_LIVE_REPLAY_TIC|tic=4486|mle_ms=10.88|monotonic_ms=10|clock_delta_ms=.88|cl
ock_suspect=0
PMLE_LIVE_REPLAY_TIC|tic=4487|mle_ms=9.164|monotonic_ms=10|clock_delta_ms=.836|c
lock_suspect=0
PMLE_LIVE_REPLAY_TIC|tic=4488|mle_ms=10.366|monotonic_ms=10|clock_delta_ms=.366|
clock_suspect=0
PMLE_LIVE_REPLAY_TIC|tic=4489|mle_ms=10.511|monotonic_ms=10|clock_delta_ms=.511|
clock_suspect=0
PMLE_LIVE_REPLAY_TIC|tic=4490|mle_ms=10.328|monotonic_ms=20|clock_delta_ms=9.672
|clock_suspect=0
PMLE_LIVE_REPLAY_TIC|tic=4491|mle_ms=9.158|monotonic_ms=0|clock_delta_ms=9.158|c
lock_suspect=0
PMLE_LIVE_REPLAY_TIC|tic=4492|mle_ms=10.689|monotonic_ms=20|clock_delta_ms=9.311
|clock_suspect=0
PMLE_LIVE_REPLAY_TIC|tic=4493|mle_ms=10.217|monotonic_ms=10|clock_delta_ms=.217|
clock_suspect=0
PMLE_LIVE_REPLAY_TIC|tic=4494|mle_ms=11.71|monotonic_ms=10|clock_delta_ms=1.71|c
lock_suspect=0
PMLE_LIVE_REPLAY_TIC|tic=4495|mle_ms=10.146|monotonic_ms=10|clock_delta_ms=.146|
clock_suspect=0
PMLE_LIVE_REPLAY_TIC|tic=4496|mle_ms=9.231|monotonic_ms=10|clock_delta_ms=.769|c
lock_suspect=0
PMLE_LIVE_REPLAY_TIC|tic=4497|mle_ms=8.667|monotonic_ms=10|clock_delta_ms=1.333|
clock_suspect=0
PMLE_LIVE_REPLAY_TIC|tic=4498|mle_ms=12.293|monotonic_ms=10|clock_delta_ms=2.293
|clock_suspect=0
PMLE_LIVE_REPLAY_TIC|tic=4499|mle_ms=9.871|monotonic_ms=10|clock_delta_ms=.129|c
lock_suspect=0
PMLE_LIVE_REPLAY_TIC|tic=4500|mle_ms=10.633|monotonic_ms=10|clock_delta_ms=.633|
clock_suspect=0
PMLE_LIVE_REPLAY_TIC|tic=4501|mle_ms=8.994|monotonic_ms=10|clock_delta_ms=1.006|
clock_suspect=0
PMLE_LIVE_REPLAY_TIC|tic=4502|mle_ms=8.831|monotonic_ms=10|clock_delta_ms=1.169|
clock_suspect=0
PMLE_LIVE_REPLAY_TIC|tic=4503|mle_ms=8.75|monotonic_ms=10|clock_delta_ms=1.25|cl
ock_suspect=0
PMLE_LIVE_REPLAY_TIC|tic=4504|mle_ms=9.165|monotonic_ms=10|clock_delta_ms=.835|c
lock_suspect=0
PMLE_LIVE_REPLAY_TIC|tic=4505|mle_ms=8.513|monotonic_ms=0|clock_delta_ms=8.513|c
lock_suspect=0
PMLE_LIVE_REPLAY_TIC|tic=4506|mle_ms=10.601|monotonic_ms=10|clock_delta_ms=.601|
clock_suspect=0
PMLE_LIVE_REPLAY_TIC|tic=4507|mle_ms=9.704|monotonic_ms=10|clock_delta_ms=.296|c
lock_suspect=0
PMLE_LIVE_REPLAY_TIC|tic=4508|mle_ms=9.795|monotonic_ms=10|clock_delta_ms=.205|c
lock_suspect=0
PMLE_LIVE_REPLAY_TIC|tic=4509|mle_ms=9.525|monotonic_ms=10|clock_delta_ms=.475|c
lock_suspect=0
PMLE_LIVE_REPLAY_TIC|tic=4510|mle_ms=10.636|monotonic_ms=10|clock_delta_ms=.636|
clock_suspect=0
PMLE_LIVE_REPLAY_TIC|tic=4511|mle_ms=10.373|monotonic_ms=20|clock_delta_ms=9.627
|clock_suspect=0
PMLE_LIVE_REPLAY_TIC|tic=4512|mle_ms=11.726|monotonic_ms=10|clock_delta_ms=1.726
|clock_suspect=0
PMLE_LIVE_REPLAY_TIC|tic=4513|mle_ms=11.487|monotonic_ms=10|clock_delta_ms=1.487
|clock_suspect=0
PMLE_LIVE_REPLAY_TIC|tic=4514|mle_ms=11.017|monotonic_ms=10|clock_delta_ms=1.017
|clock_suspect=0
PMLE_LIVE_REPLAY_TIC|tic=4515|mle_ms=10.443|monotonic_ms=10|clock_delta_ms=.443|
clock_suspect=0
PMLE_LIVE_REPLAY_TIC|tic=4516|mle_ms=12.253|monotonic_ms=10|clock_delta_ms=2.253
|clock_suspect=0
PMLE_LIVE_REPLAY_TIC|tic=4517|mle_ms=9.417|monotonic_ms=10|clock_delta_ms=.583|c
lock_suspect=0
PMLE_LIVE_REPLAY_TIC|tic=4518|mle_ms=10.606|monotonic_ms=10|clock_delta_ms=.606|
clock_suspect=0
PMLE_LIVE_REPLAY_TIC|tic=4519|mle_ms=10.624|monotonic_ms=10|clock_delta_ms=.624|
clock_suspect=0
PMLE_LIVE_REPLAY_TIC|tic=4520|mle_ms=9.726|monotonic_ms=10|clock_delta_ms=.274|c
lock_suspect=0
PMLE_LIVE_REPLAY_TIC|tic=4521|mle_ms=11.687|monotonic_ms=20|clock_delta_ms=8.313
|clock_suspect=0
PMLE_LIVE_REPLAY_TIC|tic=4522|mle_ms=12.622|monotonic_ms=10|clock_delta_ms=2.622
|clock_suspect=0
PMLE_LIVE_REPLAY_TIC|tic=4523|mle_ms=11.115|monotonic_ms=10|clock_delta_ms=1.115
|clock_suspect=0
PMLE_LIVE_REPLAY_TIC|tic=4524|mle_ms=13.179|monotonic_ms=10|clock_delta_ms=3.179
|clock_suspect=0
PMLE_LIVE_REPLAY_TIC|tic=4525|mle_ms=13.482|monotonic_ms=20|clock_delta_ms=6.518
|clock_suspect=0
PMLE_LIVE_REPLAY_TIC|tic=4526|mle_ms=13.609|monotonic_ms=10|clock_delta_ms=3.609
|clock_suspect=0
PMLE_LIVE_REPLAY_TIC|tic=4527|mle_ms=133.689|monotonic_ms=130|clock_delta_ms=3.6
89|clock_suspect=0
PMLE_LIVE_REPLAY_TIC|tic=4528|mle_ms=10|monotonic_ms=10|clock_delta_ms=0|clock_s
uspect=0
PMLE_LIVE_REPLAY_TIC|tic=4529|mle_ms=10.03|monotonic_ms=10|clock_delta_ms=.03|cl
ock_suspect=0
PMLE_LIVE_REPLAY_TIC|tic=4530|mle_ms=11.143|monotonic_ms=10|clock_delta_ms=1.143
|clock_suspect=0
PMLE_LIVE_REPLAY_TIC|tic=4531|mle_ms=10.742|monotonic_ms=20|clock_delta_ms=9.258
|clock_suspect=0
PMLE_LIVE_REPLAY_TIC|tic=4532|mle_ms=10.803|monotonic_ms=10|clock_delta_ms=.803|
clock_suspect=0
PMLE_LIVE_REPLAY_TIC|tic=4533|mle_ms=10.256|monotonic_ms=10|clock_delta_ms=.256|
clock_suspect=0
PMLE_LIVE_REPLAY_TIC|tic=4534|mle_ms=11.319|monotonic_ms=10|clock_delta_ms=1.319
|clock_suspect=0
PMLE_LIVE_REPLAY_TIC|tic=4535|mle_ms=9.936|monotonic_ms=10|clock_delta_ms=.064|c
lock_suspect=0
PMLE_LIVE_REPLAY_TIC|tic=4536|mle_ms=11.97|monotonic_ms=10|clock_delta_ms=1.97|c
lock_suspect=0
PMLE_LIVE_REPLAY_TIC|tic=4537|mle_ms=8.875|monotonic_ms=10|clock_delta_ms=1.125|
clock_suspect=0
PMLE_LIVE_REPLAY_TIC|tic=4538|mle_ms=8.782|monotonic_ms=10|clock_delta_ms=1.218|
clock_suspect=0
PMLE_LIVE_REPLAY_TIC|tic=4539|mle_ms=8.844|monotonic_ms=10|clock_delta_ms=1.156|
clock_suspect=0
PMLE_LIVE_REPLAY_TIC|tic=4540|mle_ms=10.269|monotonic_ms=10|clock_delta_ms=.269|
clock_suspect=0
PMLE_LIVE_REPLAY_TIC|tic=4541|mle_ms=10.024|monotonic_ms=10|clock_delta_ms=.024|
clock_suspect=0
PMLE_LIVE_REPLAY_TIC|tic=4542|mle_ms=11.131|monotonic_ms=10|clock_delta_ms=1.131
|clock_suspect=0
PMLE_LIVE_REPLAY_TIC|tic=4543|mle_ms=11.165|monotonic_ms=10|clock_delta_ms=1.165
|clock_suspect=0
PMLE_LIVE_REPLAY_TIC|tic=4544|mle_ms=11.7|monotonic_ms=10|clock_delta_ms=1.7|clo
ck_suspect=0
PMLE_LIVE_REPLAY_TIC|tic=4545|mle_ms=10.217|monotonic_ms=10|clock_delta_ms=.217|
clock_suspect=0
PMLE_LIVE_REPLAY_TIC|tic=4546|mle_ms=12.882|monotonic_ms=10|clock_delta_ms=2.882
|clock_suspect=0
PMLE_LIVE_REPLAY_TIC|tic=4547|mle_ms=9.969|monotonic_ms=20|clock_delta_ms=10.031
|clock_suspect=0
PMLE_LIVE_REPLAY_TIC|tic=4548|mle_ms=10.619|monotonic_ms=10|clock_delta_ms=.619|
clock_suspect=0
PMLE_LIVE_REPLAY_TIC|tic=4549|mle_ms=11.091|monotonic_ms=10|clock_delta_ms=1.091
|clock_suspect=0
PMLE_LIVE_REPLAY_TIC|tic=4550|mle_ms=10.386|monotonic_ms=10|clock_delta_ms=.386|
clock_suspect=0
PMLE_LIVE_REPLAY_TIC|tic=4551|mle_ms=10.155|monotonic_ms=10|clock_delta_ms=.155|
clock_suspect=0
PMLE_LIVE_REPLAY_TIC|tic=4552|mle_ms=11.625|monotonic_ms=10|clock_delta_ms=1.625
|clock_suspect=0
PMLE_LIVE_REPLAY_TIC|tic=4553|mle_ms=11.066|monotonic_ms=10|clock_delta_ms=1.066
|clock_suspect=0
PMLE_LIVE_REPLAY_TIC|tic=4554|mle_ms=11.845|monotonic_ms=10|clock_delta_ms=1.845
|clock_suspect=0
PMLE_LIVE_REPLAY_TIC|tic=4555|mle_ms=10.583|monotonic_ms=10|clock_delta_ms=.583|
clock_suspect=0
PMLE_LIVE_REPLAY_TIC|tic=4556|mle_ms=24.545|monotonic_ms=30|clock_delta_ms=5.455
|clock_suspect=0
PMLE_LIVE_REPLAY_TIC|tic=4557|mle_ms=9.583|monotonic_ms=10|clock_delta_ms=.417|c
lock_suspect=0
PMLE_LIVE_REPLAY_TIC|tic=4558|mle_ms=10.66|monotonic_ms=10|clock_delta_ms=.66|cl
ock_suspect=0
PMLE_LIVE_REPLAY_TIC|tic=4559|mle_ms=10.369|monotonic_ms=10|clock_delta_ms=.369|
clock_suspect=0
PMLE_LIVE_REPLAY_TIC|tic=4560|mle_ms=10.74|monotonic_ms=10|clock_delta_ms=.74|cl
ock_suspect=0
PMLE_LIVE_REPLAY_TIC|tic=4561|mle_ms=11.184|monotonic_ms=10|clock_delta_ms=1.184
|clock_suspect=0
PMLE_LIVE_REPLAY_TIC|tic=4562|mle_ms=10.318|monotonic_ms=10|clock_delta_ms=.318|
clock_suspect=0
PMLE_LIVE_REPLAY_TIC|tic=4563|mle_ms=9.779|monotonic_ms=10|clock_delta_ms=.221|c
lock_suspect=0
PMLE_LIVE_REPLAY_TIC|tic=4564|mle_ms=11.132|monotonic_ms=10|clock_delta_ms=1.132
|clock_suspect=0
PMLE_LIVE_REPLAY_TIC|tic=4565|mle_ms=9.377|monotonic_ms=10|clock_delta_ms=.623|c
lock_suspect=0
PMLE_LIVE_REPLAY_TIC|tic=4566|mle_ms=10.367|monotonic_ms=10|clock_delta_ms=.367|
clock_suspect=0
PMLE_LIVE_REPLAY_TIC|tic=4567|mle_ms=9.224|monotonic_ms=10|clock_delta_ms=.776|c
lock_suspect=0
PMLE_LIVE_REPLAY_TIC|tic=4568|mle_ms=10.24|monotonic_ms=10|clock_delta_ms=.24|cl
ock_suspect=0
PMLE_LIVE_REPLAY_TIC|tic=4569|mle_ms=9.732|monotonic_ms=10|clock_delta_ms=.268|c
lock_suspect=0
PMLE_LIVE_REPLAY_TIC|tic=4570|mle_ms=9.934|monotonic_ms=10|clock_delta_ms=.066|c
lock_suspect=0
PMLE_LIVE_REPLAY_TIC|tic=4571|mle_ms=10.385|monotonic_ms=10|clock_delta_ms=.385|
clock_suspect=0
PMLE_LIVE_REPLAY_TIC|tic=4572|mle_ms=10.563|monotonic_ms=10|clock_delta_ms=.563|
clock_suspect=0
PMLE_LIVE_REPLAY_TIC|tic=4573|mle_ms=9.572|monotonic_ms=10|clock_delta_ms=.428|c
lock_suspect=0
PMLE_LIVE_REPLAY_TIC|tic=4574|mle_ms=10.454|monotonic_ms=10|clock_delta_ms=.454|
clock_suspect=0
PMLE_LIVE_REPLAY_TIC|tic=4575|mle_ms=8.879|monotonic_ms=10|clock_delta_ms=1.121|
clock_suspect=0
PMLE_LIVE_REPLAY_TIC|tic=4576|mle_ms=9.415|monotonic_ms=10|clock_delta_ms=.585|c
lock_suspect=0
PMLE_LIVE_REPLAY_TIC|tic=4577|mle_ms=8.355|monotonic_ms=10|clock_delta_ms=1.645|
clock_suspect=0
PMLE_LIVE_REPLAY_TIC|tic=4578|mle_ms=9.907|monotonic_ms=10|clock_delta_ms=.093|c
lock_suspect=0
PMLE_LIVE_REPLAY_TIC|tic=4579|mle_ms=9.539|monotonic_ms=10|clock_delta_ms=.461|c
lock_suspect=0
PMLE_LIVE_REPLAY_TIC|tic=4580|mle_ms=9.83|monotonic_ms=10|clock_delta_ms=.17|clo
ck_suspect=0
PMLE_LIVE_REPLAY_TIC|tic=4581|mle_ms=9.735|monotonic_ms=10|clock_delta_ms=.265|c
lock_suspect=0
PMLE_LIVE_REPLAY_TIC|tic=4582|mle_ms=10.102|monotonic_ms=10|clock_delta_ms=.102|
clock_suspect=0
PMLE_LIVE_REPLAY_TIC|tic=4583|mle_ms=8.762|monotonic_ms=10|clock_delta_ms=1.238|
clock_suspect=0
PMLE_LIVE_REPLAY_TIC|tic=4584|mle_ms=12.797|monotonic_ms=10|clock_delta_ms=2.797
|clock_suspect=0
PMLE_LIVE_REPLAY_TIC|tic=4585|mle_ms=9.894|monotonic_ms=10|clock_delta_ms=.106|c
lock_suspect=0
PMLE_LIVE_REPLAY_TIC|tic=4586|mle_ms=9.272|monotonic_ms=10|clock_delta_ms=.728|c
lock_suspect=0
PMLE_LIVE_REPLAY_TIC|tic=4587|mle_ms=7.513|monotonic_ms=10|clock_delta_ms=2.487|
clock_suspect=0
PMLE_LIVE_REPLAY_TIC|tic=4588|mle_ms=9.043|monotonic_ms=10|clock_delta_ms=.957|c
lock_suspect=0
PMLE_LIVE_REPLAY_TIC|tic=4589|mle_ms=8.641|monotonic_ms=10|clock_delta_ms=1.359|
clock_suspect=0
PMLE_LIVE_REPLAY_TIC|tic=4590|mle_ms=10.161|monotonic_ms=10|clock_delta_ms=.161|
clock_suspect=0
PMLE_LIVE_REPLAY_TIC|tic=4591|mle_ms=10.016|monotonic_ms=10|clock_delta_ms=.016|
clock_suspect=0
PMLE_LIVE_REPLAY_TIC|tic=4592|mle_ms=10.814|monotonic_ms=10|clock_delta_ms=.814|
clock_suspect=0
PMLE_LIVE_REPLAY_TIC|tic=4593|mle_ms=10.879|monotonic_ms=10|clock_delta_ms=.879|
clock_suspect=0
PMLE_LIVE_REPLAY_TIC|tic=4594|mle_ms=12.602|monotonic_ms=10|clock_delta_ms=2.602
|clock_suspect=0
PMLE_LIVE_REPLAY_TIC|tic=4595|mle_ms=10.729|monotonic_ms=10|clock_delta_ms=.729|
clock_suspect=0
PMLE_LIVE_REPLAY_TIC|tic=4596|mle_ms=12.507|monotonic_ms=10|clock_delta_ms=2.507
|clock_suspect=0
PMLE_LIVE_REPLAY_TIC|tic=4597|mle_ms=10.019|monotonic_ms=10|clock_delta_ms=.019|
clock_suspect=0
PMLE_LIVE_REPLAY_TIC|tic=4598|mle_ms=10.316|monotonic_ms=10|clock_delta_ms=.316|
clock_suspect=0
PMLE_LIVE_REPLAY_TIC|tic=4599|mle_ms=9.991|monotonic_ms=10|clock_delta_ms=.009|c
lock_suspect=0
PMLE_LIVE_REPLAY_TIC|tic=4600|mle_ms=9.787|monotonic_ms=10|clock_delta_ms=.213|c
lock_suspect=0
PMLE_LIVE_REPLAY_TIC|tic=4601|mle_ms=10.741|monotonic_ms=10|clock_delta_ms=.741|
clock_suspect=0
PMLE_LIVE_REPLAY_TIC|tic=4602|mle_ms=12.914|monotonic_ms=10|clock_delta_ms=2.914
|clock_suspect=0
PMLE_LIVE_REPLAY_TIC|tic=4603|mle_ms=10.065|monotonic_ms=10|clock_delta_ms=.065|
clock_suspect=0
PMLE_LIVE_REPLAY_TIC|tic=4604|mle_ms=10.514|monotonic_ms=10|clock_delta_ms=.514|
clock_suspect=0
PMLE_LIVE_REPLAY_TIC|tic=4605|mle_ms=10.443|monotonic_ms=10|clock_delta_ms=.443|
clock_suspect=0
PMLE_LIVE_REPLAY_TIC|tic=4606|mle_ms=12.888|monotonic_ms=20|clock_delta_ms=7.112
|clock_suspect=0
PMLE_LIVE_REPLAY_TIC|tic=4607|mle_ms=9.685|monotonic_ms=10|clock_delta_ms=.315|c
lock_suspect=0
PMLE_LIVE_REPLAY_TIC|tic=4608|mle_ms=10.788|monotonic_ms=10|clock_delta_ms=.788|
clock_suspect=0
PMLE_LIVE_REPLAY_TIC|tic=4609|mle_ms=10.07|monotonic_ms=10|clock_delta_ms=.07|cl
ock_suspect=0
PMLE_LIVE_REPLAY_TIC|tic=4610|mle_ms=9.755|monotonic_ms=10|clock_delta_ms=.245|c
lock_suspect=0
PMLE_LIVE_REPLAY_TIC|tic=4611|mle_ms=9.641|monotonic_ms=10|clock_delta_ms=.359|c
lock_suspect=0
PMLE_LIVE_REPLAY_TIC|tic=4612|mle_ms=12.717|monotonic_ms=10|clock_delta_ms=2.717
|clock_suspect=0
PMLE_LIVE_REPLAY_TIC|tic=4613|mle_ms=10.412|monotonic_ms=10|clock_delta_ms=.412|
clock_suspect=0
PMLE_LIVE_REPLAY_TIC|tic=4614|mle_ms=12.383|monotonic_ms=10|clock_delta_ms=2.383
|clock_suspect=0
PMLE_LIVE_REPLAY_TIC|tic=4615|mle_ms=10.867|monotonic_ms=10|clock_delta_ms=.867|
clock_suspect=0
PMLE_LIVE_REPLAY_TIC|tic=4616|mle_ms=11.605|monotonic_ms=10|clock_delta_ms=1.605
|clock_suspect=0
PMLE_LIVE_REPLAY_TIC|tic=4617|mle_ms=9.326|monotonic_ms=10|clock_delta_ms=.674|c
lock_suspect=0
PMLE_LIVE_REPLAY_TIC|tic=4618|mle_ms=10.124|monotonic_ms=10|clock_delta_ms=.124|
clock_suspect=0
PMLE_LIVE_REPLAY_TIC|tic=4619|mle_ms=9.613|monotonic_ms=10|clock_delta_ms=.387|c
lock_suspect=0
PMLE_LIVE_REPLAY_TIC|tic=4620|mle_ms=9.723|monotonic_ms=10|clock_delta_ms=.277|c
lock_suspect=0
PMLE_LIVE_REPLAY_TIC|tic=4621|mle_ms=9.594|monotonic_ms=10|clock_delta_ms=.406|c
lock_suspect=0
PMLE_LIVE_REPLAY_TIC|tic=4622|mle_ms=8.813|monotonic_ms=10|clock_delta_ms=1.187|
clock_suspect=0
PMLE_LIVE_REPLAY_TIC|tic=4623|mle_ms=8.407|monotonic_ms=10|clock_delta_ms=1.593|
clock_suspect=0
PMLE_LIVE_REPLAY_TIC|tic=4624|mle_ms=9.968|monotonic_ms=10|clock_delta_ms=.032|c
lock_suspect=0
PMLE_LIVE_REPLAY_TIC|tic=4625|mle_ms=8.88|monotonic_ms=10|clock_delta_ms=1.12|cl
ock_suspect=0
PMLE_LIVE_REPLAY_TIC|tic=4626|mle_ms=11.82|monotonic_ms=10|clock_delta_ms=1.82|c
lock_suspect=0
PMLE_LIVE_REPLAY_TIC|tic=4627|mle_ms=10.158|monotonic_ms=10|clock_delta_ms=.158|
clock_suspect=0
PMLE_LIVE_REPLAY_TIC|tic=4628|mle_ms=9.517|monotonic_ms=10|clock_delta_ms=.483|c
lock_suspect=0
PMLE_LIVE_REPLAY_TIC|tic=4629|mle_ms=8.941|monotonic_ms=10|clock_delta_ms=1.059|
clock_suspect=0
PMLE_LIVE_REPLAY_TIC|tic=4630|mle_ms=9.122|monotonic_ms=10|clock_delta_ms=.878|c
lock_suspect=0
PMLE_LIVE_REPLAY_TIC|tic=4631|mle_ms=9.566|monotonic_ms=10|clock_delta_ms=.434|c
lock_suspect=0
PMLE_LIVE_REPLAY_TIC|tic=4632|mle_ms=10.713|monotonic_ms=10|clock_delta_ms=.713|
clock_suspect=0
PMLE_LIVE_REPLAY_TIC|tic=4633|mle_ms=9.385|monotonic_ms=10|clock_delta_ms=.615|c
lock_suspect=0
PMLE_LIVE_REPLAY_TIC|tic=4634|mle_ms=9.636|monotonic_ms=10|clock_delta_ms=.364|c
lock_suspect=0
PMLE_LIVE_REPLAY_TIC|tic=4635|mle_ms=8.909|monotonic_ms=10|clock_delta_ms=1.091|
clock_suspect=0
PMLE_LIVE_REPLAY_TIC|tic=4636|mle_ms=11.744|monotonic_ms=10|clock_delta_ms=1.744
|clock_suspect=0
PMLE_LIVE_REPLAY_TIC|tic=4637|mle_ms=9.633|monotonic_ms=10|clock_delta_ms=.367|c
lock_suspect=0
PMLE_LIVE_REPLAY_TIC|tic=4638|mle_ms=10.455|monotonic_ms=10|clock_delta_ms=.455|
clock_suspect=0
PMLE_LIVE_REPLAY_TIC|tic=4639|mle_ms=10.819|monotonic_ms=10|clock_delta_ms=.819|
clock_suspect=0
PMLE_LIVE_REPLAY_TIC|tic=4640|mle_ms=9.906|monotonic_ms=10|clock_delta_ms=.094|c
lock_suspect=0
PMLE_LIVE_REPLAY_TIC|tic=4641|mle_ms=12.342|monotonic_ms=10|clock_delta_ms=2.342
|clock_suspect=0
PMLE_LIVE_REPLAY_TIC|tic=4642|mle_ms=10.632|monotonic_ms=10|clock_delta_ms=.632|
clock_suspect=0
PMLE_LIVE_REPLAY_TIC|tic=4643|mle_ms=10.743|monotonic_ms=20|clock_delta_ms=9.257
|clock_suspect=0
PMLE_LIVE_REPLAY_TIC|tic=4644|mle_ms=11.627|monotonic_ms=10|clock_delta_ms=1.627
|clock_suspect=0
PMLE_LIVE_REPLAY_TIC|tic=4645|mle_ms=11.588|monotonic_ms=10|clock_delta_ms=1.588
|clock_suspect=0
PMLE_LIVE_REPLAY_TIC|tic=4646|mle_ms=11.981|monotonic_ms=10|clock_delta_ms=1.981
|clock_suspect=0
PMLE_LIVE_REPLAY_TIC|tic=4647|mle_ms=9.309|monotonic_ms=10|clock_delta_ms=.691|c
lock_suspect=0
PMLE_LIVE_REPLAY_TIC|tic=4648|mle_ms=10.1|monotonic_ms=10|clock_delta_ms=.1|cloc
k_suspect=0
PMLE_LIVE_REPLAY_TIC|tic=4649|mle_ms=9.315|monotonic_ms=10|clock_delta_ms=.685|c
lock_suspect=0
PMLE_LIVE_REPLAY_TIC|tic=4650|mle_ms=8.682|monotonic_ms=10|clock_delta_ms=1.318|
clock_suspect=0
PMLE_LIVE_REPLAY_TIC|tic=4651|mle_ms=9.192|monotonic_ms=10|clock_delta_ms=.808|c
lock_suspect=0
PMLE_LIVE_REPLAY_TIC|tic=4652|mle_ms=9.779|monotonic_ms=10|clock_delta_ms=.221|c
lock_suspect=0
PMLE_LIVE_REPLAY_TIC|tic=4653|mle_ms=8.22|monotonic_ms=10|clock_delta_ms=1.78|cl
ock_suspect=0
PMLE_LIVE_REPLAY_TIC|tic=4654|mle_ms=9.546|monotonic_ms=10|clock_delta_ms=.454|c
lock_suspect=0
PMLE_LIVE_REPLAY_TIC|tic=4655|mle_ms=9.189|monotonic_ms=0|clock_delta_ms=9.189|c
lock_suspect=0
PMLE_LIVE_REPLAY_TIC|tic=4656|mle_ms=11.563|monotonic_ms=20|clock_delta_ms=8.437
|clock_suspect=0
PMLE_LIVE_REPLAY_TIC|tic=4657|mle_ms=9.337|monotonic_ms=10|clock_delta_ms=.663|c
lock_suspect=0
PMLE_LIVE_REPLAY_TIC|tic=4658|mle_ms=9.167|monotonic_ms=10|clock_delta_ms=.833|c
lock_suspect=0
PMLE_LIVE_REPLAY_TIC|tic=4659|mle_ms=8.717|monotonic_ms=0|clock_delta_ms=8.717|c
lock_suspect=0
PMLE_LIVE_REPLAY_TIC|tic=4660|mle_ms=8.263|monotonic_ms=10|clock_delta_ms=1.737|
clock_suspect=0
PMLE_LIVE_REPLAY_TIC|tic=4661|mle_ms=8.216|monotonic_ms=10|clock_delta_ms=1.784|
clock_suspect=0
PMLE_LIVE_REPLAY_TIC|tic=4662|mle_ms=10.537|monotonic_ms=10|clock_delta_ms=.537|
clock_suspect=0
PMLE_LIVE_REPLAY_TIC|tic=4663|mle_ms=9.539|monotonic_ms=10|clock_delta_ms=.461|c
lock_suspect=0
PMLE_LIVE_REPLAY_TIC|tic=4664|mle_ms=9.374|monotonic_ms=10|clock_delta_ms=.626|c
lock_suspect=0
PMLE_LIVE_REPLAY_TIC|tic=4665|mle_ms=8.68|monotonic_ms=10|clock_delta_ms=1.32|cl
ock_suspect=0
PMLE_LIVE_REPLAY_TIC|tic=4666|mle_ms=11.035|monotonic_ms=10|clock_delta_ms=1.035
|clock_suspect=0
PMLE_LIVE_REPLAY_TIC|tic=4667|mle_ms=9.239|monotonic_ms=10|clock_delta_ms=.761|c
lock_suspect=0
PMLE_LIVE_REPLAY_TIC|tic=4668|mle_ms=9.963|monotonic_ms=10|clock_delta_ms=.037|c
lock_suspect=0
PMLE_LIVE_REPLAY_TIC|tic=4669|mle_ms=12.494|monotonic_ms=10|clock_delta_ms=2.494
|clock_suspect=0
PMLE_LIVE_REPLAY_TIC|tic=4670|mle_ms=9.187|monotonic_ms=10|clock_delta_ms=.813|c
lock_suspect=0
PMLE_LIVE_REPLAY_TIC|tic=4671|mle_ms=8.914|monotonic_ms=10|clock_delta_ms=1.086|
clock_suspect=0
PMLE_LIVE_REPLAY_TIC|tic=4672|mle_ms=10.568|monotonic_ms=10|clock_delta_ms=.568|
clock_suspect=0
PMLE_LIVE_REPLAY_TIC|tic=4673|mle_ms=9.235|monotonic_ms=10|clock_delta_ms=.765|c
lock_suspect=0
PMLE_LIVE_REPLAY_TIC|tic=4674|mle_ms=10.098|monotonic_ms=10|clock_delta_ms=.098|
clock_suspect=0
PMLE_LIVE_REPLAY_TIC|tic=4675|mle_ms=9.334|monotonic_ms=10|clock_delta_ms=.666|c
lock_suspect=0
PMLE_LIVE_REPLAY_TIC|tic=4676|mle_ms=10.657|monotonic_ms=10|clock_delta_ms=.657|
clock_suspect=0
PMLE_LIVE_REPLAY_TIC|tic=4677|mle_ms=8.553|monotonic_ms=10|clock_delta_ms=1.447|
clock_suspect=0
PMLE_LIVE_REPLAY_TIC|tic=4678|mle_ms=8.808|monotonic_ms=10|clock_delta_ms=1.192|
clock_suspect=0
PMLE_LIVE_REPLAY_TIC|tic=4679|mle_ms=8.731|monotonic_ms=10|clock_delta_ms=1.269|
clock_suspect=0
PMLE_LIVE_REPLAY_TIC|tic=4680|mle_ms=8.964|monotonic_ms=10|clock_delta_ms=1.036|
clock_suspect=0
PMLE_LIVE_REPLAY_TIC|tic=4681|mle_ms=8.692|monotonic_ms=0|clock_delta_ms=8.692|c
lock_suspect=0
PMLE_LIVE_REPLAY_TIC|tic=4682|mle_ms=8.503|monotonic_ms=10|clock_delta_ms=1.497|
clock_suspect=0
PMLE_LIVE_REPLAY_TIC|tic=4683|mle_ms=9.007|monotonic_ms=10|clock_delta_ms=.993|c
lock_suspect=0
PMLE_LIVE_REPLAY_TIC|tic=4684|mle_ms=9.456|monotonic_ms=10|clock_delta_ms=.544|c
lock_suspect=0
PMLE_LIVE_REPLAY_TIC|tic=4685|mle_ms=8.47|monotonic_ms=10|clock_delta_ms=1.53|cl
ock_suspect=0
PMLE_LIVE_REPLAY_TIC|tic=4686|mle_ms=10.519|monotonic_ms=10|clock_delta_ms=.519|
clock_suspect=0
PMLE_LIVE_REPLAY_TIC|tic=4687|mle_ms=9.242|monotonic_ms=10|clock_delta_ms=.758|c
lock_suspect=0
PMLE_LIVE_REPLAY_TIC|tic=4688|mle_ms=9.451|monotonic_ms=10|clock_delta_ms=.549|c
lock_suspect=0
PMLE_LIVE_REPLAY_TIC|tic=4689|mle_ms=9.924|monotonic_ms=10|clock_delta_ms=.076|c
lock_suspect=0
PMLE_LIVE_REPLAY_TIC|tic=4690|mle_ms=10.759|monotonic_ms=10|clock_delta_ms=.759|
clock_suspect=0
PMLE_LIVE_REPLAY_TIC|tic=4691|mle_ms=10.453|monotonic_ms=10|clock_delta_ms=.453|
clock_suspect=0
PMLE_LIVE_REPLAY_TIC|tic=4692|mle_ms=11.845|monotonic_ms=10|clock_delta_ms=1.845
|clock_suspect=0
PMLE_LIVE_REPLAY_TIC|tic=4693|mle_ms=11.57|monotonic_ms=10|clock_delta_ms=1.57|c
lock_suspect=0
PMLE_LIVE_REPLAY_TIC|tic=4694|mle_ms=11.469|monotonic_ms=20|clock_delta_ms=8.531
|clock_suspect=0
PMLE_LIVE_REPLAY_TIC|tic=4695|mle_ms=10.044|monotonic_ms=10|clock_delta_ms=.044|
clock_suspect=0
PMLE_LIVE_REPLAY_TIC|tic=4696|mle_ms=11.828|monotonic_ms=10|clock_delta_ms=1.828
|clock_suspect=0
PMLE_LIVE_REPLAY_TIC|tic=4697|mle_ms=12.145|monotonic_ms=10|clock_delta_ms=2.145
|clock_suspect=0
PMLE_LIVE_REPLAY_TIC|tic=4698|mle_ms=10.571|monotonic_ms=10|clock_delta_ms=.571|
clock_suspect=0
PMLE_LIVE_REPLAY_TIC|tic=4699|mle_ms=11.249|monotonic_ms=10|clock_delta_ms=1.249
|clock_suspect=0
PMLE_LIVE_REPLAY_TIC|tic=4700|mle_ms=10.375|monotonic_ms=10|clock_delta_ms=.375|
clock_suspect=0
PMLE_LIVE_REPLAY_TIC|tic=4701|mle_ms=9.658|monotonic_ms=10|clock_delta_ms=.342|c
lock_suspect=0
PMLE_LIVE_REPLAY_TIC|tic=4702|mle_ms=11.366|monotonic_ms=20|clock_delta_ms=8.634
|clock_suspect=0
PMLE_LIVE_REPLAY_TIC|tic=4703|mle_ms=11.309|monotonic_ms=10|clock_delta_ms=1.309
|clock_suspect=0
PMLE_LIVE_REPLAY_TIC|tic=4704|mle_ms=12.791|monotonic_ms=10|clock_delta_ms=2.791
|clock_suspect=0
PMLE_LIVE_REPLAY_TIC|tic=4705|mle_ms=10.868|monotonic_ms=10|clock_delta_ms=.868|
clock_suspect=0
PMLE_LIVE_REPLAY_TIC|tic=4706|mle_ms=11.817|monotonic_ms=10|clock_delta_ms=1.817
|clock_suspect=0
PMLE_LIVE_REPLAY_TIC|tic=4707|mle_ms=9.027|monotonic_ms=10|clock_delta_ms=.973|c
lock_suspect=0
PMLE_LIVE_REPLAY_TIC|tic=4708|mle_ms=9.671|monotonic_ms=10|clock_delta_ms=.329|c
lock_suspect=0
PMLE_LIVE_REPLAY_TIC|tic=4709|mle_ms=8.518|monotonic_ms=10|clock_delta_ms=1.482|
clock_suspect=0
PMLE_LIVE_REPLAY_TIC|tic=4710|mle_ms=9.467|monotonic_ms=10|clock_delta_ms=.533|c
lock_suspect=0
PMLE_LIVE_REPLAY_TIC|tic=4711|mle_ms=10.394|monotonic_ms=10|clock_delta_ms=.394|
clock_suspect=0
PMLE_LIVE_REPLAY_TIC|tic=4712|mle_ms=11.62|monotonic_ms=10|clock_delta_ms=1.62|c
lock_suspect=0
PMLE_LIVE_REPLAY_TIC|tic=4713|mle_ms=10.759|monotonic_ms=10|clock_delta_ms=.759|
clock_suspect=0
PMLE_LIVE_REPLAY_TIC|tic=4714|mle_ms=11.371|monotonic_ms=10|clock_delta_ms=1.371
|clock_suspect=0
PMLE_LIVE_REPLAY_TIC|tic=4715|mle_ms=9.124|monotonic_ms=10|clock_delta_ms=.876|c
lock_suspect=0
PMLE_LIVE_REPLAY_TIC|tic=4716|mle_ms=10.552|monotonic_ms=10|clock_delta_ms=.552|
clock_suspect=0
PMLE_LIVE_REPLAY_TIC|tic=4717|mle_ms=8.378|monotonic_ms=10|clock_delta_ms=1.622|
clock_suspect=0
PMLE_LIVE_REPLAY_TIC|tic=4718|mle_ms=7.72|monotonic_ms=10|clock_delta_ms=2.28|cl
ock_suspect=0
PMLE_LIVE_REPLAY_TIC|tic=4719|mle_ms=7.45|monotonic_ms=10|clock_delta_ms=2.55|cl
ock_suspect=0
PMLE_LIVE_REPLAY_TIC|tic=4720|mle_ms=8.12|monotonic_ms=10|clock_delta_ms=1.88|cl
ock_suspect=0
PMLE_LIVE_REPLAY_TIC|tic=4721|mle_ms=9.016|monotonic_ms=0|clock_delta_ms=9.016|c
lock_suspect=0
PMLE_LIVE_REPLAY_TIC|tic=4722|mle_ms=11.434|monotonic_ms=20|clock_delta_ms=8.566
|clock_suspect=0
PMLE_LIVE_REPLAY_TIC|tic=4723|mle_ms=10.69|monotonic_ms=10|clock_delta_ms=.69|cl
ock_suspect=0
PMLE_LIVE_REPLAY_TIC|tic=4724|mle_ms=14.11|monotonic_ms=10|clock_delta_ms=4.11|c
lock_suspect=0
PMLE_LIVE_REPLAY_TIC|tic=4725|mle_ms=9.509|monotonic_ms=10|clock_delta_ms=.491|c
lock_suspect=0
PMLE_LIVE_REPLAY_TIC|tic=4726|mle_ms=10.938|monotonic_ms=10|clock_delta_ms=.938|
clock_suspect=0
PMLE_LIVE_REPLAY_TIC|tic=4727|mle_ms=9.116|monotonic_ms=10|clock_delta_ms=.884|c
lock_suspect=0
PMLE_LIVE_REPLAY_TIC|tic=4728|mle_ms=9.644|monotonic_ms=10|clock_delta_ms=.356|c
lock_suspect=0
PMLE_LIVE_REPLAY_TIC|tic=4729|mle_ms=8.407|monotonic_ms=10|clock_delta_ms=1.593|
clock_suspect=0
PMLE_LIVE_REPLAY_TIC|tic=4730|mle_ms=8.344|monotonic_ms=10|clock_delta_ms=1.656|
clock_suspect=0
PMLE_LIVE_REPLAY_TIC|tic=4731|mle_ms=8.159|monotonic_ms=10|clock_delta_ms=1.841|
clock_suspect=0
PMLE_LIVE_REPLAY_TIC|tic=4732|mle_ms=10.465|monotonic_ms=10|clock_delta_ms=.465|
clock_suspect=0
PMLE_LIVE_REPLAY_TIC|tic=4733|mle_ms=11.05|monotonic_ms=10|clock_delta_ms=1.05|c
lock_suspect=0
PMLE_LIVE_REPLAY_TIC|tic=4734|mle_ms=12.029|monotonic_ms=10|clock_delta_ms=2.029
|clock_suspect=0
PMLE_LIVE_REPLAY_TIC|tic=4735|mle_ms=11.313|monotonic_ms=10|clock_delta_ms=1.313
|clock_suspect=0
PMLE_LIVE_REPLAY_TIC|tic=4736|mle_ms=12.25|monotonic_ms=10|clock_delta_ms=2.25|c
lock_suspect=0
PMLE_LIVE_REPLAY_TIC|tic=4737|mle_ms=9.166|monotonic_ms=10|clock_delta_ms=.834|c
lock_suspect=0
PMLE_LIVE_REPLAY_TIC|tic=4738|mle_ms=9.581|monotonic_ms=10|clock_delta_ms=.419|c
lock_suspect=0
PMLE_LIVE_REPLAY_TIC|tic=4739|mle_ms=8.975|monotonic_ms=10|clock_delta_ms=1.025|
clock_suspect=0
PMLE_LIVE_REPLAY_TIC|tic=4740|mle_ms=9.99|monotonic_ms=10|clock_delta_ms=.01|clo
ck_suspect=0
PMLE_LIVE_REPLAY_TIC|tic=4741|mle_ms=10.729|monotonic_ms=10|clock_delta_ms=.729|
clock_suspect=0
PMLE_LIVE_REPLAY_TIC|tic=4742|mle_ms=10.835|monotonic_ms=10|clock_delta_ms=.835|
clock_suspect=0
PMLE_LIVE_REPLAY_TIC|tic=4743|mle_ms=10.713|monotonic_ms=10|clock_delta_ms=.713|
clock_suspect=0
PMLE_LIVE_REPLAY_TIC|tic=4744|mle_ms=12.032|monotonic_ms=20|clock_delta_ms=7.968
|clock_suspect=0
PMLE_LIVE_REPLAY_TIC|tic=4745|mle_ms=10.454|monotonic_ms=10|clock_delta_ms=.454|
clock_suspect=0
PMLE_LIVE_REPLAY_TIC|tic=4746|mle_ms=11.542|monotonic_ms=10|clock_delta_ms=1.542
|clock_suspect=0
PMLE_LIVE_REPLAY_TIC|tic=4747|mle_ms=9.855|monotonic_ms=10|clock_delta_ms=.145|c
lock_suspect=0
PMLE_LIVE_REPLAY_TIC|tic=4748|mle_ms=9.584|monotonic_ms=10|clock_delta_ms=.416|c
lock_suspect=0
PMLE_LIVE_REPLAY_TIC|tic=4749|mle_ms=9.657|monotonic_ms=10|clock_delta_ms=.343|c
lock_suspect=0
PMLE_LIVE_REPLAY_TIC|tic=4750|mle_ms=10.657|monotonic_ms=10|clock_delta_ms=.657|
clock_suspect=0
PMLE_LIVE_REPLAY_TIC|tic=4751|mle_ms=12.339|monotonic_ms=10|clock_delta_ms=2.339
|clock_suspect=0
PMLE_LIVE_REPLAY_TIC|tic=4752|mle_ms=11.548|monotonic_ms=10|clock_delta_ms=1.548
|clock_suspect=0
PMLE_LIVE_REPLAY_TIC|tic=4753|mle_ms=11.623|monotonic_ms=10|clock_delta_ms=1.623
|clock_suspect=0
PMLE_LIVE_REPLAY_TIC|tic=4754|mle_ms=11.041|monotonic_ms=20|clock_delta_ms=8.959
|clock_suspect=0
PMLE_LIVE_REPLAY_TIC|tic=4755|mle_ms=9.272|monotonic_ms=0|clock_delta_ms=9.272|c
lock_suspect=0
PMLE_LIVE_REPLAY_TIC|tic=4756|mle_ms=9.973|monotonic_ms=10|clock_delta_ms=.027|c
lock_suspect=0
PMLE_LIVE_REPLAY_TIC|tic=4757|mle_ms=7.861|monotonic_ms=10|clock_delta_ms=2.139|
clock_suspect=0
PMLE_LIVE_REPLAY_TIC|tic=4758|mle_ms=10.401|monotonic_ms=10|clock_delta_ms=.401|
clock_suspect=0
PMLE_LIVE_REPLAY_TIC|tic=4759|mle_ms=9.969|monotonic_ms=10|clock_delta_ms=.031|c
lock_suspect=0
PMLE_LIVE_REPLAY_TIC|tic=4760|mle_ms=10.145|monotonic_ms=10|clock_delta_ms=.145|
clock_suspect=0
PMLE_LIVE_REPLAY_TIC|tic=4761|mle_ms=9.251|monotonic_ms=10|clock_delta_ms=.749|c
lock_suspect=0
PMLE_LIVE_REPLAY_TIC|tic=4762|mle_ms=10.724|monotonic_ms=10|clock_delta_ms=.724|
clock_suspect=0
PMLE_LIVE_REPLAY_TIC|tic=4763|mle_ms=10.628|monotonic_ms=10|clock_delta_ms=.628|
clock_suspect=0
PMLE_LIVE_REPLAY_TIC|tic=4764|mle_ms=11.767|monotonic_ms=20|clock_delta_ms=8.233
|clock_suspect=0
PMLE_LIVE_REPLAY_TIC|tic=4765|mle_ms=10.491|monotonic_ms=10|clock_delta_ms=.491|
clock_suspect=0
PMLE_LIVE_REPLAY_TIC|tic=4766|mle_ms=10.805|monotonic_ms=10|clock_delta_ms=.805|
clock_suspect=0
PMLE_LIVE_REPLAY_TIC|tic=4767|mle_ms=8.181|monotonic_ms=10|clock_delta_ms=1.819|
clock_suspect=0
PMLE_LIVE_REPLAY_TIC|tic=4768|mle_ms=9.669|monotonic_ms=10|clock_delta_ms=.331|c
lock_suspect=0
PMLE_LIVE_REPLAY_TIC|tic=4769|mle_ms=10.318|monotonic_ms=10|clock_delta_ms=.318|
clock_suspect=0
PMLE_LIVE_REPLAY_TIC|tic=4770|mle_ms=11.027|monotonic_ms=10|clock_delta_ms=1.027
|clock_suspect=0
PMLE_LIVE_REPLAY_TIC|tic=4771|mle_ms=11.154|monotonic_ms=10|clock_delta_ms=1.154
|clock_suspect=0
PMLE_LIVE_REPLAY_TIC|tic=4772|mle_ms=11.338|monotonic_ms=10|clock_delta_ms=1.338
|clock_suspect=0
PMLE_LIVE_REPLAY_TIC|tic=4773|mle_ms=10.03|monotonic_ms=10|clock_delta_ms=.03|cl
ock_suspect=0
PMLE_LIVE_REPLAY_TIC|tic=4774|mle_ms=11.665|monotonic_ms=10|clock_delta_ms=1.665
|clock_suspect=0
PMLE_LIVE_REPLAY_TIC|tic=4775|mle_ms=10.059|monotonic_ms=10|clock_delta_ms=.059|
clock_suspect=0
PMLE_LIVE_REPLAY_TIC|tic=4776|mle_ms=11.315|monotonic_ms=10|clock_delta_ms=1.315
|clock_suspect=0
PMLE_LIVE_REPLAY_TIC|tic=4777|mle_ms=8.633|monotonic_ms=10|clock_delta_ms=1.367|
clock_suspect=0
PMLE_LIVE_REPLAY_TIC|tic=4778|mle_ms=11.809|monotonic_ms=10|clock_delta_ms=1.809
|clock_suspect=0
PMLE_LIVE_REPLAY_TIC|tic=4779|mle_ms=10.225|monotonic_ms=10|clock_delta_ms=.225|
clock_suspect=0
PMLE_LIVE_REPLAY_TIC|tic=4780|mle_ms=10.616|monotonic_ms=10|clock_delta_ms=.616|
clock_suspect=0
PMLE_LIVE_REPLAY_TIC|tic=4781|mle_ms=10.281|monotonic_ms=20|clock_delta_ms=9.719
|clock_suspect=0
PMLE_LIVE_REPLAY_TIC|tic=4782|mle_ms=12.293|monotonic_ms=10|clock_delta_ms=2.293
|clock_suspect=0
PMLE_LIVE_REPLAY_TIC|tic=4783|mle_ms=12.108|monotonic_ms=10|clock_delta_ms=2.108
|clock_suspect=0
PMLE_LIVE_REPLAY_TIC|tic=4784|mle_ms=11.806|monotonic_ms=10|clock_delta_ms=1.806
|clock_suspect=0
PMLE_LIVE_REPLAY_TIC|tic=4785|mle_ms=10.404|monotonic_ms=10|clock_delta_ms=.404|
clock_suspect=0
PMLE_LIVE_REPLAY_TIC|tic=4786|mle_ms=12.78|monotonic_ms=20|clock_delta_ms=7.22|c
lock_suspect=0
PMLE_LIVE_REPLAY_TIC|tic=4787|mle_ms=9.774|monotonic_ms=10|clock_delta_ms=.226|c
lock_suspect=0
PMLE_LIVE_REPLAY_TIC|tic=4788|mle_ms=11.31|monotonic_ms=10|clock_delta_ms=1.31|c
lock_suspect=0
PMLE_LIVE_REPLAY_TIC|tic=4789|mle_ms=11.014|monotonic_ms=10|clock_delta_ms=1.014
|clock_suspect=0
PMLE_LIVE_REPLAY_TIC|tic=4790|mle_ms=10.573|monotonic_ms=10|clock_delta_ms=.573|
clock_suspect=0
PMLE_LIVE_REPLAY_TIC|tic=4791|mle_ms=9.309|monotonic_ms=10|clock_delta_ms=.691|c
lock_suspect=0
PMLE_LIVE_REPLAY_TIC|tic=4792|mle_ms=10.408|monotonic_ms=10|clock_delta_ms=.408|
clock_suspect=0
PMLE_LIVE_REPLAY_TIC|tic=4793|mle_ms=10.541|monotonic_ms=10|clock_delta_ms=.541|
clock_suspect=0
PMLE_LIVE_REPLAY_TIC|tic=4794|mle_ms=11.937|monotonic_ms=10|clock_delta_ms=1.937
|clock_suspect=0
PMLE_LIVE_REPLAY_TIC|tic=4795|mle_ms=11.172|monotonic_ms=10|clock_delta_ms=1.172
|clock_suspect=0
PMLE_LIVE_REPLAY_TIC|tic=4796|mle_ms=12.498|monotonic_ms=10|clock_delta_ms=2.498
|clock_suspect=0
PMLE_LIVE_REPLAY_TIC|tic=4797|mle_ms=10.736|monotonic_ms=20|clock_delta_ms=9.264
|clock_suspect=0
PMLE_LIVE_REPLAY_TIC|tic=4798|mle_ms=10.382|monotonic_ms=10|clock_delta_ms=.382|
clock_suspect=0
PMLE_LIVE_REPLAY_TIC|tic=4799|mle_ms=10.653|monotonic_ms=10|clock_delta_ms=.653|
clock_suspect=0
PMLE_LIVE_REPLAY_TIC|tic=4800|mle_ms=11.163|monotonic_ms=10|clock_delta_ms=1.163
|clock_suspect=0
PMLE_LIVE_REPLAY_TIC|tic=4801|mle_ms=11.228|monotonic_ms=10|clock_delta_ms=1.228
|clock_suspect=0
PMLE_LIVE_REPLAY_TIC|tic=4802|mle_ms=11.793|monotonic_ms=10|clock_delta_ms=1.793
|clock_suspect=0
PMLE_LIVE_REPLAY_TIC|tic=4803|mle_ms=12.6|monotonic_ms=20|clock_delta_ms=7.4|clo
ck_suspect=0
PMLE_LIVE_REPLAY_TIC|tic=4804|mle_ms=13.513|monotonic_ms=10|clock_delta_ms=3.513
|clock_suspect=0
PMLE_LIVE_REPLAY_TIC|tic=4805|mle_ms=14.178|monotonic_ms=20|clock_delta_ms=5.822
|clock_suspect=0
PMLE_LIVE_REPLAY_TIC|tic=4806|mle_ms=13.288|monotonic_ms=10|clock_delta_ms=3.288
|clock_suspect=0
PMLE_LIVE_REPLAY_TIC|tic=4807|mle_ms=10.541|monotonic_ms=10|clock_delta_ms=.541|
clock_suspect=0
PMLE_LIVE_REPLAY_TIC|tic=4808|mle_ms=9.234|monotonic_ms=10|clock_delta_ms=.766|c
lock_suspect=0
PMLE_LIVE_REPLAY_TIC|tic=4809|mle_ms=9.978|monotonic_ms=10|clock_delta_ms=.022|c
lock_suspect=0
PMLE_LIVE_REPLAY_TIC|tic=4810|mle_ms=10.462|monotonic_ms=10|clock_delta_ms=.462|
clock_suspect=0
PMLE_LIVE_REPLAY_TIC|tic=4811|mle_ms=10.46|monotonic_ms=10|clock_delta_ms=.46|cl
ock_suspect=0
PMLE_LIVE_REPLAY_TIC|tic=4812|mle_ms=13.419|monotonic_ms=10|clock_delta_ms=3.419
|clock_suspect=0
PMLE_LIVE_REPLAY_TIC|tic=4813|mle_ms=12.549|monotonic_ms=20|clock_delta_ms=7.451
|clock_suspect=0
PMLE_LIVE_REPLAY_TIC|tic=4814|mle_ms=12.504|monotonic_ms=10|clock_delta_ms=2.504
|clock_suspect=0
PMLE_LIVE_REPLAY_TIC|tic=4815|mle_ms=10.729|monotonic_ms=10|clock_delta_ms=.729|
clock_suspect=0
PMLE_LIVE_REPLAY_TIC|tic=4816|mle_ms=12.585|monotonic_ms=10|clock_delta_ms=2.585
|clock_suspect=0
PMLE_LIVE_REPLAY_TIC|tic=4817|mle_ms=10.613|monotonic_ms=10|clock_delta_ms=.613|
clock_suspect=0
PMLE_LIVE_REPLAY_TIC|tic=4818|mle_ms=11.407|monotonic_ms=10|clock_delta_ms=1.407
|clock_suspect=0
PMLE_LIVE_REPLAY_TIC|tic=4819|mle_ms=11.271|monotonic_ms=20|clock_delta_ms=8.729
|clock_suspect=0
PMLE_LIVE_REPLAY_TIC|tic=4820|mle_ms=11.744|monotonic_ms=10|clock_delta_ms=1.744
|clock_suspect=0
PMLE_LIVE_REPLAY_TIC|tic=4821|mle_ms=10.671|monotonic_ms=10|clock_delta_ms=.671|
clock_suspect=0
PMLE_LIVE_REPLAY_TIC|tic=4822|mle_ms=13.92|monotonic_ms=10|clock_delta_ms=3.92|c
lock_suspect=0
PMLE_LIVE_REPLAY_TIC|tic=4823|mle_ms=12.903|monotonic_ms=20|clock_delta_ms=7.097
|clock_suspect=0
PMLE_LIVE_REPLAY_TIC|tic=4824|mle_ms=13.43|monotonic_ms=10|clock_delta_ms=3.43|c
lock_suspect=0
PMLE_LIVE_REPLAY_TIC|tic=4825|mle_ms=11.946|monotonic_ms=10|clock_delta_ms=1.946
|clock_suspect=0
PMLE_LIVE_REPLAY_TIC|tic=4826|mle_ms=12.651|monotonic_ms=10|clock_delta_ms=2.651
|clock_suspect=0
PMLE_LIVE_REPLAY_TIC|tic=4827|mle_ms=9.321|monotonic_ms=10|clock_delta_ms=.679|c
lock_suspect=0
PMLE_LIVE_REPLAY_TIC|tic=4828|mle_ms=10.11|monotonic_ms=10|clock_delta_ms=.11|cl
ock_suspect=0
PMLE_LIVE_REPLAY_TIC|tic=4829|mle_ms=9.797|monotonic_ms=10|clock_delta_ms=.203|c
lock_suspect=0
PMLE_LIVE_REPLAY_TIC|tic=4830|mle_ms=10.839|monotonic_ms=10|clock_delta_ms=.839|
clock_suspect=0
PMLE_LIVE_REPLAY_TIC|tic=4831|mle_ms=14.551|monotonic_ms=20|clock_delta_ms=5.449
|clock_suspect=0
PMLE_LIVE_REPLAY_TIC|tic=4832|mle_ms=11.573|monotonic_ms=10|clock_delta_ms=1.573
|clock_suspect=0
PMLE_LIVE_REPLAY_TIC|tic=4833|mle_ms=11.398|monotonic_ms=10|clock_delta_ms=1.398
|clock_suspect=0
PMLE_LIVE_REPLAY_TIC|tic=4834|mle_ms=12.842|monotonic_ms=10|clock_delta_ms=2.842
|clock_suspect=0
PMLE_LIVE_REPLAY_TIC|tic=4835|mle_ms=10.772|monotonic_ms=20|clock_delta_ms=9.228
|clock_suspect=0
PMLE_LIVE_REPLAY_TIC|tic=4836|mle_ms=12.683|monotonic_ms=10|clock_delta_ms=2.683
|clock_suspect=0
PMLE_LIVE_REPLAY_TIC|tic=4837|mle_ms=9.626|monotonic_ms=10|clock_delta_ms=.374|c
lock_suspect=0
PMLE_LIVE_REPLAY_TIC|tic=4838|mle_ms=9.8|monotonic_ms=10|clock_delta_ms=.2|clock
_suspect=0
PMLE_LIVE_REPLAY_TIC|tic=4839|mle_ms=10.187|monotonic_ms=10|clock_delta_ms=.187|
clock_suspect=0
PMLE_LIVE_REPLAY_TIC|tic=4840|mle_ms=10.215|monotonic_ms=10|clock_delta_ms=.215|
clock_suspect=0
PMLE_LIVE_REPLAY_TIC|tic=4841|mle_ms=10.019|monotonic_ms=10|clock_delta_ms=.019|
clock_suspect=0
PMLE_LIVE_REPLAY_TIC|tic=4842|mle_ms=11.367|monotonic_ms=10|clock_delta_ms=1.367
|clock_suspect=0
PMLE_LIVE_REPLAY_TIC|tic=4843|mle_ms=10.493|monotonic_ms=10|clock_delta_ms=.493|
clock_suspect=0
PMLE_LIVE_REPLAY_TIC|tic=4844|mle_ms=11.09|monotonic_ms=10|clock_delta_ms=1.09|c
lock_suspect=0
PMLE_LIVE_REPLAY_TIC|tic=4845|mle_ms=10.378|monotonic_ms=10|clock_delta_ms=.378|
clock_suspect=0
PMLE_LIVE_REPLAY_TIC|tic=4846|mle_ms=10.863|monotonic_ms=10|clock_delta_ms=.863|
clock_suspect=0
PMLE_LIVE_REPLAY_TIC|tic=4847|mle_ms=8.974|monotonic_ms=10|clock_delta_ms=1.026|
clock_suspect=0
PMLE_LIVE_REPLAY_TIC|tic=4848|mle_ms=10.455|monotonic_ms=10|clock_delta_ms=.455|
clock_suspect=0
PMLE_LIVE_REPLAY_TIC|tic=4849|mle_ms=10.602|monotonic_ms=10|clock_delta_ms=.602|
clock_suspect=0
PMLE_LIVE_REPLAY_TIC|tic=4850|mle_ms=10.56|monotonic_ms=10|clock_delta_ms=.56|cl
ock_suspect=0
PMLE_LIVE_REPLAY_TIC|tic=4851|mle_ms=9.445|monotonic_ms=10|clock_delta_ms=.555|c
lock_suspect=0
PMLE_LIVE_REPLAY_TIC|tic=4852|mle_ms=10.695|monotonic_ms=10|clock_delta_ms=.695|
clock_suspect=0
PMLE_LIVE_REPLAY_TIC|tic=4853|mle_ms=11.109|monotonic_ms=20|clock_delta_ms=8.891
|clock_suspect=0
PMLE_LIVE_REPLAY_TIC|tic=4854|mle_ms=11.445|monotonic_ms=10|clock_delta_ms=1.445
|clock_suspect=0
PMLE_LIVE_REPLAY_TIC|tic=4855|mle_ms=8.777|monotonic_ms=10|clock_delta_ms=1.223|
clock_suspect=0
PMLE_LIVE_REPLAY_TIC|tic=4856|mle_ms=10.005|monotonic_ms=10|clock_delta_ms=.005|
clock_suspect=0
PMLE_LIVE_REPLAY_TIC|tic=4857|mle_ms=8.21|monotonic_ms=0|clock_delta_ms=8.21|clo
ck_suspect=0
PMLE_LIVE_REPLAY_TIC|tic=4858|mle_ms=12.493|monotonic_ms=20|clock_delta_ms=7.507
|clock_suspect=0
PMLE_LIVE_REPLAY_TIC|tic=4859|mle_ms=10.102|monotonic_ms=10|clock_delta_ms=.102|
clock_suspect=0
PMLE_LIVE_REPLAY_TIC|tic=4860|mle_ms=10.6|monotonic_ms=10|clock_delta_ms=.6|cloc
k_suspect=0
PMLE_LIVE_REPLAY_TIC|tic=4861|mle_ms=10.406|monotonic_ms=10|clock_delta_ms=.406|
clock_suspect=0
PMLE_LIVE_REPLAY_TIC|tic=4862|mle_ms=10.544|monotonic_ms=10|clock_delta_ms=.544|
clock_suspect=0
PMLE_LIVE_REPLAY_TIC|tic=4863|mle_ms=10.429|monotonic_ms=10|clock_delta_ms=.429|
clock_suspect=0
PMLE_LIVE_REPLAY_TIC|tic=4864|mle_ms=10.771|monotonic_ms=10|clock_delta_ms=.771|
clock_suspect=0
PMLE_LIVE_REPLAY_TIC|tic=4865|mle_ms=9.312|monotonic_ms=10|clock_delta_ms=.688|c
lock_suspect=0
PMLE_LIVE_REPLAY_TIC|tic=4866|mle_ms=10.971|monotonic_ms=10|clock_delta_ms=.971|
clock_suspect=0
PMLE_LIVE_REPLAY_TIC|tic=4867|mle_ms=9.723|monotonic_ms=10|clock_delta_ms=.277|c
lock_suspect=0
PMLE_LIVE_REPLAY_TIC|tic=4868|mle_ms=10.141|monotonic_ms=10|clock_delta_ms=.141|
clock_suspect=0
PMLE_LIVE_REPLAY_TIC|tic=4869|mle_ms=9.273|monotonic_ms=10|clock_delta_ms=.727|c
lock_suspect=0
PMLE_LIVE_REPLAY_TIC|tic=4870|mle_ms=10.632|monotonic_ms=10|clock_delta_ms=.632|
clock_suspect=0
PMLE_LIVE_REPLAY_TIC|tic=4871|mle_ms=11.198|monotonic_ms=10|clock_delta_ms=1.198
|clock_suspect=0
PMLE_LIVE_REPLAY_TIC|tic=4872|mle_ms=12.427|monotonic_ms=10|clock_delta_ms=2.427
|clock_suspect=0
PMLE_LIVE_REPLAY_TIC|tic=4873|mle_ms=11.988|monotonic_ms=20|clock_delta_ms=8.012
|clock_suspect=0
PMLE_LIVE_REPLAY_TIC|tic=4874|mle_ms=11.79|monotonic_ms=10|clock_delta_ms=1.79|c
lock_suspect=0
PMLE_LIVE_REPLAY_TIC|tic=4875|mle_ms=10.003|monotonic_ms=10|clock_delta_ms=.003|
clock_suspect=0
PMLE_LIVE_REPLAY_TIC|tic=4876|mle_ms=12.077|monotonic_ms=10|clock_delta_ms=2.077
|clock_suspect=0
PMLE_LIVE_REPLAY_TIC|tic=4877|mle_ms=9.959|monotonic_ms=10|clock_delta_ms=.041|c
lock_suspect=0
PMLE_LIVE_REPLAY_TIC|tic=4878|mle_ms=10.624|monotonic_ms=10|clock_delta_ms=.624|
clock_suspect=0
PMLE_LIVE_REPLAY_TIC|tic=4879|mle_ms=10.648|monotonic_ms=10|clock_delta_ms=.648|
clock_suspect=0
PMLE_LIVE_REPLAY_TIC|tic=4880|mle_ms=10.166|monotonic_ms=10|clock_delta_ms=.166|
clock_suspect=0
PMLE_LIVE_REPLAY_TIC|tic=4881|mle_ms=9.733|monotonic_ms=10|clock_delta_ms=.267|c
lock_suspect=0
PMLE_LIVE_REPLAY_TIC|tic=4882|mle_ms=10.719|monotonic_ms=10|clock_delta_ms=.719|
clock_suspect=0
PMLE_LIVE_REPLAY_TIC|tic=4883|mle_ms=10.373|monotonic_ms=10|clock_delta_ms=.373|
clock_suspect=0
PMLE_LIVE_REPLAY_TIC|tic=4884|mle_ms=13.775|monotonic_ms=20|clock_delta_ms=6.225
|clock_suspect=0
PMLE_LIVE_REPLAY_TIC|tic=4885|mle_ms=12.24|monotonic_ms=10|clock_delta_ms=2.24|c
lock_suspect=0
PMLE_LIVE_REPLAY_TIC|tic=4886|mle_ms=12.295|monotonic_ms=10|clock_delta_ms=2.295
|clock_suspect=0
PMLE_LIVE_REPLAY_TIC|tic=4887|mle_ms=9.629|monotonic_ms=10|clock_delta_ms=.371|c
lock_suspect=0
PMLE_LIVE_REPLAY_TIC|tic=4888|mle_ms=10.235|monotonic_ms=10|clock_delta_ms=.235|
clock_suspect=0
PMLE_LIVE_REPLAY_TIC|tic=4889|mle_ms=9.985|monotonic_ms=10|clock_delta_ms=.015|c
lock_suspect=0
PMLE_LIVE_REPLAY_TIC|tic=4890|mle_ms=10.703|monotonic_ms=10|clock_delta_ms=.703|
clock_suspect=0
PMLE_LIVE_REPLAY_TIC|tic=4891|mle_ms=9.975|monotonic_ms=10|clock_delta_ms=.025|c
lock_suspect=0
PMLE_LIVE_REPLAY_TIC|tic=4892|mle_ms=10.532|monotonic_ms=10|clock_delta_ms=.532|
clock_suspect=0
PMLE_LIVE_REPLAY_TIC|tic=4893|mle_ms=10.271|monotonic_ms=10|clock_delta_ms=.271|
clock_suspect=0
PMLE_LIVE_REPLAY_TIC|tic=4894|mle_ms=11.577|monotonic_ms=20|clock_delta_ms=8.423
|clock_suspect=0
PMLE_LIVE_REPLAY_TIC|tic=4895|mle_ms=10.316|monotonic_ms=10|clock_delta_ms=.316|
clock_suspect=0
PMLE_LIVE_REPLAY_TIC|tic=4896|mle_ms=15.857|monotonic_ms=10|clock_delta_ms=5.857
|clock_suspect=0
PMLE_LIVE_REPLAY_TIC|tic=4897|mle_ms=9.876|monotonic_ms=10|clock_delta_ms=.124|c
lock_suspect=0
PMLE_LIVE_REPLAY_TIC|tic=4898|mle_ms=9.411|monotonic_ms=10|clock_delta_ms=.589|c
lock_suspect=0
PMLE_LIVE_REPLAY_TIC|tic=4899|mle_ms=8.745|monotonic_ms=10|clock_delta_ms=1.255|
clock_suspect=0
PMLE_LIVE_REPLAY_TIC|tic=4900|mle_ms=8.974|monotonic_ms=10|clock_delta_ms=1.026|
clock_suspect=0
PMLE_LIVE_REPLAY_TIC|tic=4901|mle_ms=10.784|monotonic_ms=10|clock_delta_ms=.784|
clock_suspect=0
PMLE_LIVE_REPLAY_TIC|tic=4902|mle_ms=11.508|monotonic_ms=20|clock_delta_ms=8.492
|clock_suspect=0
PMLE_LIVE_REPLAY_TIC|tic=4903|mle_ms=12.262|monotonic_ms=10|clock_delta_ms=2.262
|clock_suspect=0
PMLE_LIVE_REPLAY_TIC|tic=4904|mle_ms=12.14|monotonic_ms=10|clock_delta_ms=2.14|c
lock_suspect=0
PMLE_LIVE_REPLAY_TIC|tic=4905|mle_ms=11.007|monotonic_ms=10|clock_delta_ms=1.007
|clock_suspect=0
PMLE_LIVE_REPLAY_TIC|tic=4906|mle_ms=12.152|monotonic_ms=10|clock_delta_ms=2.152
|clock_suspect=0
PMLE_LIVE_REPLAY_TIC|tic=4907|mle_ms=9.871|monotonic_ms=10|clock_delta_ms=.129|c
lock_suspect=0
PMLE_LIVE_REPLAY_TIC|tic=4908|mle_ms=10.368|monotonic_ms=10|clock_delta_ms=.368|
clock_suspect=0
PMLE_LIVE_REPLAY_TIC|tic=4909|mle_ms=9.988|monotonic_ms=10|clock_delta_ms=.012|c
lock_suspect=0
PMLE_LIVE_REPLAY_TIC|tic=4910|mle_ms=11.714|monotonic_ms=20|clock_delta_ms=8.286
|clock_suspect=0
PMLE_LIVE_REPLAY_TIC|tic=4911|mle_ms=9.668|monotonic_ms=10|clock_delta_ms=.332|c
lock_suspect=0
PMLE_LIVE_REPLAY_TIC|tic=4912|mle_ms=11.144|monotonic_ms=10|clock_delta_ms=1.144
|clock_suspect=0
PMLE_LIVE_REPLAY_TIC|tic=4913|mle_ms=11.583|monotonic_ms=10|clock_delta_ms=1.583
|clock_suspect=0
PMLE_LIVE_REPLAY_TIC|tic=4914|mle_ms=13.164|monotonic_ms=10|clock_delta_ms=3.164
|clock_suspect=0
PMLE_LIVE_REPLAY_TIC|tic=4915|mle_ms=11.48|monotonic_ms=10|clock_delta_ms=1.48|c
lock_suspect=0
PMLE_LIVE_REPLAY_TIC|tic=4916|mle_ms=12.075|monotonic_ms=20|clock_delta_ms=7.925
|clock_suspect=0
PMLE_LIVE_REPLAY_TIC|tic=4917|mle_ms=9.739|monotonic_ms=10|clock_delta_ms=.261|c
lock_suspect=0
PMLE_LIVE_REPLAY_TIC|tic=4918|mle_ms=9.683|monotonic_ms=10|clock_delta_ms=.317|c
lock_suspect=0
PMLE_LIVE_REPLAY_TIC|tic=4919|mle_ms=9.588|monotonic_ms=0|clock_delta_ms=9.588|c
lock_suspect=0
PMLE_LIVE_REPLAY_TIC|tic=4920|mle_ms=10.854|monotonic_ms=20|clock_delta_ms=9.146
|clock_suspect=0
PMLE_LIVE_REPLAY_TIC|tic=4921|mle_ms=10.995|monotonic_ms=10|clock_delta_ms=.995|
clock_suspect=0
PMLE_LIVE_REPLAY_TIC|tic=4922|mle_ms=11.434|monotonic_ms=10|clock_delta_ms=1.434
|clock_suspect=0
PMLE_LIVE_REPLAY_TIC|tic=4923|mle_ms=10.629|monotonic_ms=10|clock_delta_ms=.629|
clock_suspect=0
PMLE_LIVE_REPLAY_TIC|tic=4924|mle_ms=11.26|monotonic_ms=10|clock_delta_ms=1.26|c
lock_suspect=0
PMLE_LIVE_REPLAY_TIC|tic=4925|mle_ms=9.724|monotonic_ms=10|clock_delta_ms=.276|c
lock_suspect=0
PMLE_LIVE_REPLAY_TIC|tic=4926|mle_ms=11.565|monotonic_ms=10|clock_delta_ms=1.565
|clock_suspect=0
PMLE_LIVE_REPLAY_TIC|tic=4927|mle_ms=9.196|monotonic_ms=10|clock_delta_ms=.804|c
lock_suspect=0
PMLE_LIVE_REPLAY_TIC|tic=4928|mle_ms=8.296|monotonic_ms=10|clock_delta_ms=1.704|
clock_suspect=0
PMLE_LIVE_REPLAY_TIC|tic=4929|mle_ms=8.035|monotonic_ms=10|clock_delta_ms=1.965|
clock_suspect=0
PMLE_LIVE_REPLAY_TIC|tic=4930|mle_ms=8.938|monotonic_ms=10|clock_delta_ms=1.062|
clock_suspect=0
PMLE_LIVE_REPLAY_TIC|tic=4931|mle_ms=9.581|monotonic_ms=10|clock_delta_ms=.419|c
lock_suspect=0
PMLE_LIVE_REPLAY_TIC|tic=4932|mle_ms=11.346|monotonic_ms=10|clock_delta_ms=1.346
|clock_suspect=0
PMLE_LIVE_REPLAY_TIC|tic=4933|mle_ms=11.043|monotonic_ms=10|clock_delta_ms=1.043
|clock_suspect=0
PMLE_LIVE_REPLAY_TIC|tic=4934|mle_ms=10.352|monotonic_ms=10|clock_delta_ms=.352|
clock_suspect=0
PMLE_LIVE_REPLAY_TIC|tic=4935|mle_ms=8.017|monotonic_ms=10|clock_delta_ms=1.983|
clock_suspect=0
PMLE_LIVE_REPLAY_TIC|tic=4936|mle_ms=12.602|monotonic_ms=10|clock_delta_ms=2.602
|clock_suspect=0
PMLE_LIVE_REPLAY_TIC|tic=4937|mle_ms=8.855|monotonic_ms=10|clock_delta_ms=1.145|
clock_suspect=0
PMLE_LIVE_REPLAY_TIC|tic=4938|mle_ms=8.46|monotonic_ms=10|clock_delta_ms=1.54|cl
ock_suspect=0
PMLE_LIVE_REPLAY_TIC|tic=4939|mle_ms=8.676|monotonic_ms=10|clock_delta_ms=1.324|
clock_suspect=0
PMLE_LIVE_REPLAY_TIC|tic=4940|mle_ms=8.871|monotonic_ms=0|clock_delta_ms=8.871|c
lock_suspect=0
PMLE_LIVE_REPLAY_TIC|tic=4941|mle_ms=10.147|monotonic_ms=10|clock_delta_ms=.147|
clock_suspect=0
PMLE_LIVE_REPLAY_TIC|tic=4942|mle_ms=11.207|monotonic_ms=10|clock_delta_ms=1.207
|clock_suspect=0
PMLE_LIVE_REPLAY_TIC|tic=4943|mle_ms=11.009|monotonic_ms=10|clock_delta_ms=1.009
|clock_suspect=0
PMLE_LIVE_REPLAY_TIC|tic=4944|mle_ms=12.68|monotonic_ms=10|clock_delta_ms=2.68|c
lock_suspect=0
PMLE_LIVE_REPLAY_TIC|tic=4945|mle_ms=10.629|monotonic_ms=10|clock_delta_ms=.629|
clock_suspect=0
PMLE_LIVE_REPLAY_TIC|tic=4946|mle_ms=10.838|monotonic_ms=10|clock_delta_ms=.838|
clock_suspect=0
PMLE_LIVE_REPLAY_TIC|tic=4947|mle_ms=8.546|monotonic_ms=10|clock_delta_ms=1.454|
clock_suspect=0
PMLE_LIVE_REPLAY_TIC|tic=4948|mle_ms=10.241|monotonic_ms=10|clock_delta_ms=.241|
clock_suspect=0
PMLE_LIVE_REPLAY_TIC|tic=4949|mle_ms=9.797|monotonic_ms=10|clock_delta_ms=.203|c
lock_suspect=0
PMLE_LIVE_REPLAY_TIC|tic=4950|mle_ms=11.543|monotonic_ms=10|clock_delta_ms=1.543
|clock_suspect=0
PMLE_LIVE_REPLAY_TIC|tic=4951|mle_ms=10.454|monotonic_ms=10|clock_delta_ms=.454|
clock_suspect=0
PMLE_LIVE_REPLAY_TIC|tic=4952|mle_ms=10.489|monotonic_ms=10|clock_delta_ms=.489|
clock_suspect=0
PMLE_LIVE_REPLAY_TIC|tic=4953|mle_ms=10.23|monotonic_ms=10|clock_delta_ms=.23|cl
ock_suspect=0
PMLE_LIVE_REPLAY_TIC|tic=4954|mle_ms=11.677|monotonic_ms=20|clock_delta_ms=8.323
|clock_suspect=0
PMLE_LIVE_REPLAY_TIC|tic=4955|mle_ms=9.397|monotonic_ms=10|clock_delta_ms=.603|c
lock_suspect=0
PMLE_LIVE_REPLAY_TIC|tic=4956|mle_ms=9.74|monotonic_ms=0|clock_delta_ms=9.74|clo
ck_suspect=0
PMLE_LIVE_REPLAY_TIC|tic=4957|mle_ms=8.592|monotonic_ms=10|clock_delta_ms=1.408|
clock_suspect=0
PMLE_LIVE_REPLAY_TIC|tic=4958|mle_ms=9.043|monotonic_ms=10|clock_delta_ms=.957|c
lock_suspect=0
PMLE_LIVE_REPLAY_TIC|tic=4959|mle_ms=9.212|monotonic_ms=10|clock_delta_ms=.788|c
lock_suspect=0
PMLE_LIVE_REPLAY_TIC|tic=4960|mle_ms=10.429|monotonic_ms=10|clock_delta_ms=.429|
clock_suspect=0
PMLE_LIVE_REPLAY_TIC|tic=4961|mle_ms=12.01|monotonic_ms=10|clock_delta_ms=2.01|c
lock_suspect=0
PMLE_LIVE_REPLAY_TIC|tic=4962|mle_ms=10.888|monotonic_ms=20|clock_delta_ms=9.112
|clock_suspect=0
PMLE_LIVE_REPLAY_TIC|tic=4963|mle_ms=10.669|monotonic_ms=10|clock_delta_ms=.669|
clock_suspect=0
PMLE_LIVE_REPLAY_TIC|tic=4964|mle_ms=11.061|monotonic_ms=10|clock_delta_ms=1.061
|clock_suspect=0
PMLE_LIVE_REPLAY_TIC|tic=4965|mle_ms=8.931|monotonic_ms=10|clock_delta_ms=1.069|
clock_suspect=0
PMLE_LIVE_REPLAY_TIC|tic=4966|mle_ms=9.469|monotonic_ms=10|clock_delta_ms=.531|c
lock_suspect=0
PMLE_LIVE_REPLAY_TIC|tic=4967|mle_ms=8.043|monotonic_ms=0|clock_delta_ms=8.043|c
lock_suspect=0
PMLE_LIVE_REPLAY_TIC|tic=4968|mle_ms=9.789|monotonic_ms=10|clock_delta_ms=.211|c
lock_suspect=0
PMLE_LIVE_REPLAY_TIC|tic=4969|mle_ms=10.479|monotonic_ms=10|clock_delta_ms=.479|
clock_suspect=0
PMLE_LIVE_REPLAY_TIC|tic=4970|mle_ms=9.869|monotonic_ms=10|clock_delta_ms=.131|c
lock_suspect=0
PMLE_LIVE_REPLAY_TIC|tic=4971|mle_ms=9.459|monotonic_ms=10|clock_delta_ms=.541|c
lock_suspect=0
PMLE_LIVE_REPLAY_TIC|tic=4972|mle_ms=10.349|monotonic_ms=10|clock_delta_ms=.349|
clock_suspect=0
PMLE_LIVE_REPLAY_TIC|tic=4973|mle_ms=10.389|monotonic_ms=10|clock_delta_ms=.389|
clock_suspect=0
PMLE_LIVE_REPLAY_TIC|tic=4974|mle_ms=11.576|monotonic_ms=20|clock_delta_ms=8.424
|clock_suspect=0
PMLE_LIVE_REPLAY_TIC|tic=4975|mle_ms=10.006|monotonic_ms=10|clock_delta_ms=.006|
clock_suspect=0
PMLE_LIVE_REPLAY_TIC|tic=4976|mle_ms=10.047|monotonic_ms=10|clock_delta_ms=.047|
clock_suspect=0
PMLE_LIVE_REPLAY_TIC|tic=4977|mle_ms=7.711|monotonic_ms=0|clock_delta_ms=7.711|c
lock_suspect=0
PMLE_LIVE_REPLAY_TIC|tic=4978|mle_ms=9.233|monotonic_ms=10|clock_delta_ms=.767|c
lock_suspect=0
PMLE_LIVE_REPLAY_TIC|tic=4979|mle_ms=9.97|monotonic_ms=10|clock_delta_ms=.03|clo
ck_suspect=0
PMLE_LIVE_REPLAY_TIC|tic=4980|mle_ms=10.43|monotonic_ms=10|clock_delta_ms=.43|cl
ock_suspect=0
PMLE_LIVE_REPLAY_TIC|tic=4981|mle_ms=10.657|monotonic_ms=20|clock_delta_ms=9.343
|clock_suspect=0
PMLE_LIVE_REPLAY_TIC|tic=4982|mle_ms=10.611|monotonic_ms=10|clock_delta_ms=.611|
clock_suspect=0
PMLE_LIVE_REPLAY_TIC|tic=4983|mle_ms=10.049|monotonic_ms=10|clock_delta_ms=.049|
clock_suspect=0
PMLE_LIVE_REPLAY_TIC|tic=4984|mle_ms=10.299|monotonic_ms=10|clock_delta_ms=.299|
clock_suspect=0
PMLE_LIVE_REPLAY_TIC|tic=4985|mle_ms=9.557|monotonic_ms=10|clock_delta_ms=.443|c
lock_suspect=0
PMLE_LIVE_REPLAY_TIC|tic=4986|mle_ms=13.66|monotonic_ms=10|clock_delta_ms=3.66|c
lock_suspect=0
PMLE_LIVE_REPLAY_TIC|tic=4987|mle_ms=9.171|monotonic_ms=10|clock_delta_ms=.829|c
lock_suspect=0
PMLE_LIVE_REPLAY_TIC|tic=4988|mle_ms=10.242|monotonic_ms=10|clock_delta_ms=.242|
clock_suspect=0
PMLE_LIVE_REPLAY_TIC|tic=4989|mle_ms=9.834|monotonic_ms=10|clock_delta_ms=.166|c
lock_suspect=0
PMLE_LIVE_REPLAY_TIC|tic=4990|mle_ms=9.907|monotonic_ms=10|clock_delta_ms=.093|c
lock_suspect=0
PMLE_LIVE_REPLAY_TIC|tic=4991|mle_ms=10.185|monotonic_ms=10|clock_delta_ms=.185|
clock_suspect=0
PMLE_LIVE_REPLAY_TIC|tic=4992|mle_ms=11.094|monotonic_ms=10|clock_delta_ms=1.094
|clock_suspect=0
PMLE_LIVE_REPLAY_TIC|tic=4993|mle_ms=10.761|monotonic_ms=10|clock_delta_ms=.761|
clock_suspect=0
PMLE_LIVE_REPLAY_TIC|tic=4994|mle_ms=11.14|monotonic_ms=10|clock_delta_ms=1.14|c
lock_suspect=0
PMLE_LIVE_REPLAY_TIC|tic=4995|mle_ms=9.474|monotonic_ms=10|clock_delta_ms=.526|c
lock_suspect=0
PMLE_LIVE_REPLAY_TIC|tic=4996|mle_ms=10.679|monotonic_ms=10|clock_delta_ms=.679|
clock_suspect=0
PMLE_LIVE_REPLAY_TIC|tic=4997|mle_ms=8.352|monotonic_ms=10|clock_delta_ms=1.648|
clock_suspect=0
PMLE_LIVE_REPLAY_TIC|tic=4998|mle_ms=9.769|monotonic_ms=10|clock_delta_ms=.231|c
lock_suspect=0
PMLE_LIVE_REPLAY_TIC|tic=4999|mle_ms=10.991|monotonic_ms=10|clock_delta_ms=.991|
clock_suspect=0
PMLE_LIVE_REPLAY_TIC|tic=5000|mle_ms=9.874|monotonic_ms=10|clock_delta_ms=.126|c
lock_suspect=0
PMLE_LIVE_REPLAY_TIC|tic=5001|mle_ms=8.785|monotonic_ms=10|clock_delta_ms=1.215|
clock_suspect=0
PMLE_LIVE_REPLAY_TIC|tic=5002|mle_ms=8.97|monotonic_ms=10|clock_delta_ms=1.03|cl
ock_suspect=0
PMLE_LIVE_REPLAY_TIC|tic=5003|mle_ms=8.878|monotonic_ms=10|clock_delta_ms=1.122|
clock_suspect=0
PMLE_LIVE_REPLAY_TIC|tic=5004|mle_ms=9.881|monotonic_ms=10|clock_delta_ms=.119|c
lock_suspect=0
PMLE_LIVE_REPLAY_TIC|tic=5005|mle_ms=8.785|monotonic_ms=10|clock_delta_ms=1.215|
clock_suspect=0
PMLE_LIVE_REPLAY_TIC|tic=5006|mle_ms=9.53|monotonic_ms=10|clock_delta_ms=.47|clo
ck_suspect=0
PMLE_LIVE_REPLAY_TIC|tic=5007|mle_ms=8.141|monotonic_ms=10|clock_delta_ms=1.859|
clock_suspect=0
PMLE_LIVE_REPLAY_TIC|tic=5008|mle_ms=9.348|monotonic_ms=10|clock_delta_ms=.652|c
lock_suspect=0
PMLE_LIVE_REPLAY_TIC|tic=5009|mle_ms=10.994|monotonic_ms=10|clock_delta_ms=.994|
clock_suspect=0
PMLE_LIVE_REPLAY_TIC|tic=5010|mle_ms=10.849|monotonic_ms=10|clock_delta_ms=.849|
clock_suspect=0
PMLE_LIVE_REPLAY_TIC|tic=5011|mle_ms=13.433|monotonic_ms=10|clock_delta_ms=3.433
|clock_suspect=0
PMLE_LIVE_REPLAY_TIC|tic=5012|mle_ms=11.615|monotonic_ms=10|clock_delta_ms=1.615
|clock_suspect=0
PMLE_LIVE_REPLAY_TIC|tic=5013|mle_ms=10.949|monotonic_ms=10|clock_delta_ms=.949|
clock_suspect=0
PMLE_LIVE_REPLAY_TIC|tic=5014|mle_ms=11.999|monotonic_ms=20|clock_delta_ms=8.001
|clock_suspect=0
PMLE_LIVE_REPLAY_TIC|tic=5015|mle_ms=9.862|monotonic_ms=10|clock_delta_ms=.138|c
lock_suspect=0
PMLE_LIVE_REPLAY_TIC|tic=5016|mle_ms=12.319|monotonic_ms=10|clock_delta_ms=2.319
|clock_suspect=0
PMLE_LIVE_REPLAY_TIC|tic=5017|mle_ms=10.166|monotonic_ms=10|clock_delta_ms=.166|
clock_suspect=0
PMLE_LIVE_REPLAY_TIC|tic=5018|mle_ms=9.836|monotonic_ms=10|clock_delta_ms=.164|c
lock_suspect=0
PMLE_LIVE_REPLAY_TIC|tic=5019|mle_ms=9.549|monotonic_ms=10|clock_delta_ms=.451|c
lock_suspect=0
PMLE_LIVE_REPLAY_TIC|tic=5020|mle_ms=9.515|monotonic_ms=10|clock_delta_ms=.485|c
lock_suspect=0
PMLE_LIVE_REPLAY_TIC|tic=5021|mle_ms=9.574|monotonic_ms=10|clock_delta_ms=.426|c
lock_suspect=0
PMLE_LIVE_REPLAY_TIC|tic=5022|mle_ms=10.804|monotonic_ms=10|clock_delta_ms=.804|
clock_suspect=0
PMLE_LIVE_REPLAY_TIC|tic=5023|mle_ms=10.364|monotonic_ms=10|clock_delta_ms=.364|
clock_suspect=0
PMLE_LIVE_REPLAY_TIC|tic=5024|mle_ms=9.619|monotonic_ms=10|clock_delta_ms=.381|c
lock_suspect=0
PMLE_LIVE_REPLAY_TIC|tic=5025|mle_ms=8.932|monotonic_ms=10|clock_delta_ms=1.068|
clock_suspect=0
PMLE_LIVE_REPLAY_TIC|tic=5026|mle_ms=11.553|monotonic_ms=10|clock_delta_ms=1.553
|clock_suspect=0
PMLE_LIVE_REPLAY_TIC|tic=5027|mle_ms=10.267|monotonic_ms=10|clock_delta_ms=.267|
clock_suspect=0
PMLE_LIVE_REPLAY_TIC|tic=5028|mle_ms=10.105|monotonic_ms=10|clock_delta_ms=.105|
clock_suspect=0
PMLE_LIVE_REPLAY_TIC|tic=5029|mle_ms=10.207|monotonic_ms=10|clock_delta_ms=.207|
clock_suspect=0
PMLE_LIVE_REPLAY_TIC|tic=5030|mle_ms=10.026|monotonic_ms=10|clock_delta_ms=.026|
clock_suspect=0
PMLE_LIVE_REPLAY_TIC|tic=5031|mle_ms=9.338|monotonic_ms=10|clock_delta_ms=.662|c
lock_suspect=0
PMLE_LIVE_REPLAY_TIC|tic=5032|mle_ms=11.291|monotonic_ms=10|clock_delta_ms=1.291
|clock_suspect=0
PMLE_LIVE_REPLAY_TIC|tic=5033|mle_ms=10.337|monotonic_ms=10|clock_delta_ms=.337|
clock_suspect=0
PMLE_LIVE_REPLAY_TIC|tic=5034|mle_ms=11.946|monotonic_ms=10|clock_delta_ms=1.946
|clock_suspect=0
PMLE_LIVE_REPLAY_TIC|tic=5035|mle_ms=10.787|monotonic_ms=10|clock_delta_ms=.787|
clock_suspect=0
PMLE_LIVE_REPLAY_TIC|tic=5036|mle_ms=14.31|monotonic_ms=20|clock_delta_ms=5.69|c
lock_suspect=0
PMLE_LIVE_REPLAY_TIC|tic=5037|mle_ms=9.413|monotonic_ms=10|clock_delta_ms=.587|c
lock_suspect=0
PMLE_LIVE_REPLAY_TIC|tic=5038|mle_ms=10.521|monotonic_ms=10|clock_delta_ms=.521|
clock_suspect=0
PMLE_LIVE_REPLAY_TIC|tic=5039|mle_ms=10.145|monotonic_ms=10|clock_delta_ms=.145|
clock_suspect=0
PMLE_LIVE_REPLAY_TIC|tic=5040|mle_ms=10.75|monotonic_ms=10|clock_delta_ms=.75|cl
ock_suspect=0
PMLE_LIVE_REPLAY_TIC|tic=5041|mle_ms=10.996|monotonic_ms=10|clock_delta_ms=.996|
clock_suspect=0
PMLE_LIVE_REPLAY_TIC|tic=5042|mle_ms=10.018|monotonic_ms=10|clock_delta_ms=.018|
clock_suspect=0
PMLE_LIVE_REPLAY_TIC|tic=5043|mle_ms=10.279|monotonic_ms=10|clock_delta_ms=.279|
clock_suspect=0
PMLE_LIVE_REPLAY_TIC|tic=5044|mle_ms=11.554|monotonic_ms=10|clock_delta_ms=1.554
|clock_suspect=0
PMLE_LIVE_REPLAY_TIC|tic=5045|mle_ms=10.282|monotonic_ms=10|clock_delta_ms=.282|
clock_suspect=0
PMLE_LIVE_REPLAY_TIC|tic=5046|mle_ms=12.729|monotonic_ms=20|clock_delta_ms=7.271
|clock_suspect=0
PMLE_LIVE_REPLAY_TIC|tic=5047|mle_ms=10.193|monotonic_ms=10|clock_delta_ms=.193|
clock_suspect=0
PMLE_LIVE_REPLAY_TIC|tic=5048|mle_ms=9.966|monotonic_ms=10|clock_delta_ms=.034|c
lock_suspect=0
PMLE_LIVE_REPLAY_TIC|tic=5049|mle_ms=9.64|monotonic_ms=10|clock_delta_ms=.36|clo
ck_suspect=0
PMLE_LIVE_REPLAY_TIC|tic=5050|mle_ms=9.783|monotonic_ms=10|clock_delta_ms=.217|c
lock_suspect=0
PMLE_LIVE_REPLAY_TIC|tic=5051|mle_ms=9.994|monotonic_ms=10|clock_delta_ms=.006|c
lock_suspect=0
PMLE_LIVE_REPLAY_TIC|tic=5052|mle_ms=11.208|monotonic_ms=10|clock_delta_ms=1.208
|clock_suspect=0
PMLE_LIVE_REPLAY_TIC|tic=5053|mle_ms=10.456|monotonic_ms=10|clock_delta_ms=.456|
clock_suspect=0
PMLE_LIVE_REPLAY_TIC|tic=5054|mle_ms=10.252|monotonic_ms=10|clock_delta_ms=.252|
clock_suspect=0
PMLE_LIVE_REPLAY_TIC|tic=5055|mle_ms=10.374|monotonic_ms=10|clock_delta_ms=.374|
clock_suspect=0
PMLE_LIVE_REPLAY_TIC|tic=5056|mle_ms=11.966|monotonic_ms=10|clock_delta_ms=1.966
|clock_suspect=0
PMLE_LIVE_REPLAY_TIC|tic=5057|mle_ms=10.429|monotonic_ms=10|clock_delta_ms=.429|
clock_suspect=0
PMLE_LIVE_REPLAY_TIC|tic=5058|mle_ms=11.329|monotonic_ms=10|clock_delta_ms=1.329
|clock_suspect=0
PMLE_LIVE_REPLAY_TIC|tic=5059|mle_ms=11.008|monotonic_ms=10|clock_delta_ms=1.008
|clock_suspect=0
PMLE_LIVE_REPLAY_TIC|tic=5060|mle_ms=9.545|monotonic_ms=10|clock_delta_ms=.455|c
lock_suspect=0
PMLE_LIVE_REPLAY_TIC|tic=5061|mle_ms=12.194|monotonic_ms=20|clock_delta_ms=7.806
|clock_suspect=0
PMLE_LIVE_REPLAY_TIC|tic=5062|mle_ms=11.827|monotonic_ms=10|clock_delta_ms=1.827
|clock_suspect=0
PMLE_LIVE_REPLAY_TIC|tic=5063|mle_ms=11.609|monotonic_ms=10|clock_delta_ms=1.609
|clock_suspect=0
PMLE_LIVE_REPLAY_TIC|tic=5064|mle_ms=13.318|monotonic_ms=10|clock_delta_ms=3.318
|clock_suspect=0
PMLE_LIVE_REPLAY_TIC|tic=5065|mle_ms=10.92|monotonic_ms=10|clock_delta_ms=.92|cl
ock_suspect=0
PMLE_LIVE_REPLAY_TIC|tic=5066|mle_ms=12.537|monotonic_ms=20|clock_delta_ms=7.463
|clock_suspect=0
PMLE_LIVE_REPLAY_TIC|tic=5067|mle_ms=9.545|monotonic_ms=10|clock_delta_ms=.455|c
lock_suspect=0
PMLE_LIVE_REPLAY_TIC|tic=5068|mle_ms=9.72|monotonic_ms=10|clock_delta_ms=.28|clo
ck_suspect=0
PMLE_LIVE_REPLAY_TIC|tic=5069|mle_ms=9.371|monotonic_ms=10|clock_delta_ms=.629|c
lock_suspect=0
PMLE_LIVE_REPLAY_TIC|tic=5070|mle_ms=10.652|monotonic_ms=10|clock_delta_ms=.652|
clock_suspect=0
PMLE_LIVE_REPLAY_TIC|tic=5071|mle_ms=10.591|monotonic_ms=10|clock_delta_ms=.591|
clock_suspect=0
PMLE_LIVE_REPLAY_TIC|tic=5072|mle_ms=10.888|monotonic_ms=10|clock_delta_ms=.888|
clock_suspect=0
PMLE_LIVE_REPLAY_TIC|tic=5073|mle_ms=10.598|monotonic_ms=10|clock_delta_ms=.598|
clock_suspect=0
PMLE_LIVE_REPLAY_TIC|tic=5074|mle_ms=11.649|monotonic_ms=10|clock_delta_ms=1.649
|clock_suspect=0
PMLE_LIVE_REPLAY_TIC|tic=5075|mle_ms=10.109|monotonic_ms=10|clock_delta_ms=.109|
clock_suspect=0
PMLE_LIVE_REPLAY_TIC|tic=5076|mle_ms=12.576|monotonic_ms=10|clock_delta_ms=2.576
|clock_suspect=0
PMLE_LIVE_REPLAY_TIC|tic=5077|mle_ms=9.519|monotonic_ms=10|clock_delta_ms=.481|c
lock_suspect=0
PMLE_LIVE_REPLAY_TIC|tic=5078|mle_ms=9.149|monotonic_ms=10|clock_delta_ms=.851|c
lock_suspect=0
PMLE_LIVE_REPLAY_TIC|tic=5079|mle_ms=9.113|monotonic_ms=10|clock_delta_ms=.887|c
lock_suspect=0
PMLE_LIVE_REPLAY_TIC|tic=5080|mle_ms=10.574|monotonic_ms=10|clock_delta_ms=.574|
clock_suspect=0
PMLE_LIVE_REPLAY_TIC|tic=5081|mle_ms=10.102|monotonic_ms=10|clock_delta_ms=.102|
clock_suspect=0
PMLE_LIVE_REPLAY_TIC|tic=5082|mle_ms=11.631|monotonic_ms=10|clock_delta_ms=1.631
|clock_suspect=0
PMLE_LIVE_REPLAY_TIC|tic=5083|mle_ms=11.275|monotonic_ms=10|clock_delta_ms=1.275
|clock_suspect=0
PMLE_LIVE_REPLAY_TIC|tic=5084|mle_ms=10.93|monotonic_ms=20|clock_delta_ms=9.07|c
lock_suspect=0
PMLE_LIVE_REPLAY_TIC|tic=5085|mle_ms=12.284|monotonic_ms=10|clock_delta_ms=2.284
|clock_suspect=0
PMLE_LIVE_REPLAY_TIC|tic=5086|mle_ms=11.691|monotonic_ms=10|clock_delta_ms=1.691
|clock_suspect=0
PMLE_LIVE_REPLAY_TIC|tic=5087|mle_ms=9.084|monotonic_ms=10|clock_delta_ms=.916|c
lock_suspect=0
PMLE_LIVE_REPLAY_TIC|tic=5088|mle_ms=10.177|monotonic_ms=10|clock_delta_ms=.177|
clock_suspect=0
PMLE_LIVE_REPLAY_TIC|tic=5089|mle_ms=11.448|monotonic_ms=10|clock_delta_ms=1.448
|clock_suspect=0
PMLE_LIVE_REPLAY_TIC|tic=5090|mle_ms=9.767|monotonic_ms=10|clock_delta_ms=.233|c
lock_suspect=0
PMLE_LIVE_REPLAY_TIC|tic=5091|mle_ms=10.62|monotonic_ms=10|clock_delta_ms=.62|cl
ock_suspect=0
PMLE_LIVE_REPLAY_TIC|tic=5092|mle_ms=11.036|monotonic_ms=10|clock_delta_ms=1.036
|clock_suspect=0
PMLE_LIVE_REPLAY_TIC|tic=5093|mle_ms=11.057|monotonic_ms=10|clock_delta_ms=1.057
|clock_suspect=0
PMLE_LIVE_REPLAY_TIC|tic=5094|mle_ms=13.25|monotonic_ms=20|clock_delta_ms=6.75|c
lock_suspect=0
PMLE_LIVE_REPLAY_TIC|tic=5095|mle_ms=11.254|monotonic_ms=10|clock_delta_ms=1.254
|clock_suspect=0
PMLE_LIVE_REPLAY_TIC|tic=5096|mle_ms=11.304|monotonic_ms=10|clock_delta_ms=1.304
|clock_suspect=0
PMLE_LIVE_REPLAY_TIC|tic=5097|mle_ms=8.059|monotonic_ms=10|clock_delta_ms=1.941|
clock_suspect=0
PMLE_LIVE_REPLAY_TIC|tic=5098|mle_ms=8.806|monotonic_ms=10|clock_delta_ms=1.194|
clock_suspect=0
PMLE_LIVE_REPLAY_TIC|tic=5099|mle_ms=10.14|monotonic_ms=10|clock_delta_ms=.14|cl
ock_suspect=0
PMLE_LIVE_REPLAY_TIC|tic=5100|mle_ms=10.828|monotonic_ms=10|clock_delta_ms=.828|
clock_suspect=0
PMLE_LIVE_REPLAY_TIC|tic=5101|mle_ms=11.061|monotonic_ms=10|clock_delta_ms=1.061
|clock_suspect=0
PMLE_LIVE_REPLAY_TIC|tic=5102|mle_ms=10.992|monotonic_ms=10|clock_delta_ms=.992|
clock_suspect=0
PMLE_LIVE_REPLAY_TIC|tic=5103|mle_ms=10.235|monotonic_ms=10|clock_delta_ms=.235|
clock_suspect=0
PMLE_LIVE_REPLAY_TIC|tic=5104|mle_ms=12.646|monotonic_ms=20|clock_delta_ms=7.354
|clock_suspect=0
PMLE_LIVE_REPLAY_TIC|tic=5105|mle_ms=10.788|monotonic_ms=10|clock_delta_ms=.788|
clock_suspect=0
PMLE_LIVE_REPLAY_TIC|tic=5106|mle_ms=12.329|monotonic_ms=10|clock_delta_ms=2.329
|clock_suspect=0
PMLE_LIVE_REPLAY_TIC|tic=5107|mle_ms=10.231|monotonic_ms=10|clock_delta_ms=.231|
clock_suspect=0
PMLE_LIVE_REPLAY_TIC|tic=5108|mle_ms=10.841|monotonic_ms=10|clock_delta_ms=.841|
clock_suspect=0
PMLE_LIVE_REPLAY_TIC|tic=5109|mle_ms=11.848|monotonic_ms=10|clock_delta_ms=1.848
|clock_suspect=0
PMLE_LIVE_REPLAY_TIC|tic=5110|mle_ms=9.578|monotonic_ms=10|clock_delta_ms=.422|c
lock_suspect=0
PMLE_LIVE_REPLAY_TIC|tic=5111|mle_ms=10.184|monotonic_ms=10|clock_delta_ms=.184|
clock_suspect=0
PMLE_LIVE_REPLAY_TIC|tic=5112|mle_ms=10.719|monotonic_ms=10|clock_delta_ms=.719|
clock_suspect=0
PMLE_LIVE_REPLAY_TIC|tic=5113|mle_ms=10.826|monotonic_ms=10|clock_delta_ms=.826|
clock_suspect=0
PMLE_LIVE_REPLAY_TIC|tic=5114|mle_ms=10.878|monotonic_ms=20|clock_delta_ms=9.122
|clock_suspect=0
PMLE_LIVE_REPLAY_TIC|tic=5115|mle_ms=10.231|monotonic_ms=10|clock_delta_ms=.231|
clock_suspect=0
PMLE_LIVE_REPLAY_TIC|tic=5116|mle_ms=12.266|monotonic_ms=10|clock_delta_ms=2.266
|clock_suspect=0
PMLE_LIVE_REPLAY_TIC|tic=5117|mle_ms=10.14|monotonic_ms=10|clock_delta_ms=.14|cl
ock_suspect=0
PMLE_LIVE_REPLAY_TIC|tic=5118|mle_ms=11.386|monotonic_ms=10|clock_delta_ms=1.386
|clock_suspect=0
PMLE_LIVE_REPLAY_TIC|tic=5119|mle_ms=10.525|monotonic_ms=10|clock_delta_ms=.525|
clock_suspect=0
PMLE_LIVE_REPLAY_TIC|tic=5120|mle_ms=9.424|monotonic_ms=10|clock_delta_ms=.576|c
lock_suspect=0
PMLE_LIVE_REPLAY_TIC|tic=5121|mle_ms=9.295|monotonic_ms=10|clock_delta_ms=.705|c
lock_suspect=0
PMLE_LIVE_REPLAY_TIC|tic=5122|mle_ms=10.233|monotonic_ms=10|clock_delta_ms=.233|
clock_suspect=0
PMLE_LIVE_REPLAY_TIC|tic=5123|mle_ms=10.205|monotonic_ms=10|clock_delta_ms=.205|
clock_suspect=0
PMLE_LIVE_REPLAY_TIC|tic=5124|mle_ms=11.656|monotonic_ms=10|clock_delta_ms=1.656
|clock_suspect=0
PMLE_LIVE_REPLAY_TIC|tic=5125|mle_ms=10.868|monotonic_ms=10|clock_delta_ms=.868|
clock_suspect=0
PMLE_LIVE_REPLAY_TIC|tic=5126|mle_ms=12.38|monotonic_ms=10|clock_delta_ms=2.38|c
lock_suspect=0
PMLE_LIVE_REPLAY_TIC|tic=5127|mle_ms=10.224|monotonic_ms=20|clock_delta_ms=9.776
|clock_suspect=0
PMLE_LIVE_REPLAY_TIC|tic=5128|mle_ms=10.673|monotonic_ms=10|clock_delta_ms=.673|
clock_suspect=0
PMLE_LIVE_REPLAY_TIC|tic=5129|mle_ms=10.683|monotonic_ms=10|clock_delta_ms=.683|
clock_suspect=0
PMLE_LIVE_REPLAY_TIC|tic=5130|mle_ms=10.588|monotonic_ms=10|clock_delta_ms=.588|
clock_suspect=0
PMLE_LIVE_REPLAY_TIC|tic=5131|mle_ms=10.274|monotonic_ms=10|clock_delta_ms=.274|
clock_suspect=0
PMLE_LIVE_REPLAY_TIC|tic=5132|mle_ms=10.682|monotonic_ms=10|clock_delta_ms=.682|
clock_suspect=0
PMLE_LIVE_REPLAY_TIC|tic=5133|mle_ms=13.166|monotonic_ms=10|clock_delta_ms=3.166
|clock_suspect=0
PMLE_LIVE_REPLAY_TIC|tic=5134|mle_ms=11.958|monotonic_ms=10|clock_delta_ms=1.958
|clock_suspect=0
PMLE_LIVE_REPLAY_TIC|tic=5135|mle_ms=10.631|monotonic_ms=10|clock_delta_ms=.631|
clock_suspect=0
PMLE_LIVE_REPLAY_TIC|tic=5136|mle_ms=11.572|monotonic_ms=20|clock_delta_ms=8.428
|clock_suspect=0
PMLE_LIVE_REPLAY_TIC|tic=5137|mle_ms=9.748|monotonic_ms=10|clock_delta_ms=.252|c
lock_suspect=0
PMLE_LIVE_REPLAY_TIC|tic=5138|mle_ms=9.987|monotonic_ms=10|clock_delta_ms=.013|c
lock_suspect=0
PMLE_LIVE_REPLAY_TIC|tic=5139|mle_ms=9.413|monotonic_ms=10|clock_delta_ms=.587|c
lock_suspect=0
PMLE_LIVE_REPLAY_TIC|tic=5140|mle_ms=9.352|monotonic_ms=0|clock_delta_ms=9.352|c
lock_suspect=0
PMLE_LIVE_REPLAY_TIC|tic=5141|mle_ms=9.465|monotonic_ms=10|clock_delta_ms=.535|c
lock_suspect=0
PMLE_LIVE_REPLAY_TIC|tic=5142|mle_ms=10.964|monotonic_ms=20|clock_delta_ms=9.036
|clock_suspect=0
PMLE_LIVE_REPLAY_TIC|tic=5143|mle_ms=11.511|monotonic_ms=10|clock_delta_ms=1.511
|clock_suspect=0
PMLE_LIVE_REPLAY_TIC|tic=5144|mle_ms=11.992|monotonic_ms=10|clock_delta_ms=1.992
|clock_suspect=0
PMLE_LIVE_REPLAY_TIC|tic=5145|mle_ms=10.633|monotonic_ms=10|clock_delta_ms=.633|
clock_suspect=0
PMLE_LIVE_REPLAY_TIC|tic=5146|mle_ms=12.204|monotonic_ms=10|clock_delta_ms=2.204
|clock_suspect=0
PMLE_LIVE_REPLAY_TIC|tic=5147|mle_ms=10.381|monotonic_ms=10|clock_delta_ms=.381|
clock_suspect=0
PMLE_LIVE_REPLAY_TIC|tic=5148|mle_ms=10.629|monotonic_ms=10|clock_delta_ms=.629|
clock_suspect=0
PMLE_LIVE_REPLAY_TIC|tic=5149|mle_ms=10.942|monotonic_ms=10|clock_delta_ms=.942|
clock_suspect=0
PMLE_LIVE_REPLAY_TIC|tic=5150|mle_ms=10.566|monotonic_ms=20|clock_delta_ms=9.434
|clock_suspect=0
PMLE_LIVE_REPLAY_TIC|tic=5151|mle_ms=10.042|monotonic_ms=10|clock_delta_ms=.042|
clock_suspect=0
PMLE_LIVE_REPLAY_TIC|tic=5152|mle_ms=11.311|monotonic_ms=10|clock_delta_ms=1.311
|clock_suspect=0
PMLE_LIVE_REPLAY_TIC|tic=5153|mle_ms=11.971|monotonic_ms=10|clock_delta_ms=1.971
|clock_suspect=0
PMLE_LIVE_REPLAY_TIC|tic=5154|mle_ms=12.727|monotonic_ms=10|clock_delta_ms=2.727
|clock_suspect=0
PMLE_LIVE_REPLAY_TIC|tic=5155|mle_ms=11.051|monotonic_ms=10|clock_delta_ms=1.051
|clock_suspect=0
PMLE_LIVE_REPLAY_TIC|tic=5156|mle_ms=14.299|monotonic_ms=20|clock_delta_ms=5.701
|clock_suspect=0
PMLE_LIVE_REPLAY_TIC|tic=5157|mle_ms=9.458|monotonic_ms=10|clock_delta_ms=.542|c
lock_suspect=0
PMLE_LIVE_REPLAY_TIC|tic=5158|mle_ms=10.053|monotonic_ms=10|clock_delta_ms=.053|
clock_suspect=0
PMLE_LIVE_REPLAY_TIC|tic=5159|mle_ms=9.353|monotonic_ms=10|clock_delta_ms=.647|c
lock_suspect=0
PMLE_LIVE_REPLAY_TIC|tic=5160|mle_ms=10.617|monotonic_ms=10|clock_delta_ms=.617|
clock_suspect=0
PMLE_LIVE_REPLAY_TIC|tic=5161|mle_ms=10.736|monotonic_ms=10|clock_delta_ms=.736|
clock_suspect=0
PMLE_LIVE_REPLAY_TIC|tic=5162|mle_ms=11.68|monotonic_ms=10|clock_delta_ms=1.68|c
lock_suspect=0
PMLE_LIVE_REPLAY_TIC|tic=5163|mle_ms=10.499|monotonic_ms=10|clock_delta_ms=.499|
clock_suspect=0
PMLE_LIVE_REPLAY_TIC|tic=5164|mle_ms=-91.118|monotonic_ms=10|clock_delta_ms=101.
118|clock_suspect=1
PMLE_LIVE_REPLAY_TIC|tic=5165|mle_ms=10.746|monotonic_ms=10|clock_delta_ms=.746|
clock_suspect=0
PMLE_LIVE_REPLAY_TIC|tic=5166|mle_ms=12.39|monotonic_ms=20|clock_delta_ms=7.61|c
lock_suspect=0
PMLE_LIVE_REPLAY_TIC|tic=5167|mle_ms=9.572|monotonic_ms=10|clock_delta_ms=.428|c
lock_suspect=0
PMLE_LIVE_REPLAY_TIC|tic=5168|mle_ms=8.924|monotonic_ms=0|clock_delta_ms=8.924|c
lock_suspect=0
PMLE_LIVE_REPLAY_TIC|tic=5169|mle_ms=8.731|monotonic_ms=10|clock_delta_ms=1.269|
clock_suspect=0
PMLE_LIVE_REPLAY_TIC|tic=5170|mle_ms=10.517|monotonic_ms=10|clock_delta_ms=.517|
clock_suspect=0
PMLE_LIVE_REPLAY_TIC|tic=5171|mle_ms=10.104|monotonic_ms=10|clock_delta_ms=.104|
clock_suspect=0
PMLE_LIVE_REPLAY_TIC|tic=5172|mle_ms=11.315|monotonic_ms=20|clock_delta_ms=8.685
|clock_suspect=0
PMLE_LIVE_REPLAY_TIC|tic=5173|mle_ms=11.74|monotonic_ms=10|clock_delta_ms=1.74|c
lock_suspect=0
PMLE_LIVE_REPLAY_TIC|tic=5174|mle_ms=11.326|monotonic_ms=10|clock_delta_ms=1.326
|clock_suspect=0
PMLE_LIVE_REPLAY_TIC|tic=5175|mle_ms=9.899|monotonic_ms=10|clock_delta_ms=.101|c
lock_suspect=0
PMLE_LIVE_REPLAY_TIC|tic=5176|mle_ms=11.405|monotonic_ms=10|clock_delta_ms=1.405
|clock_suspect=0
PMLE_LIVE_REPLAY_TIC|tic=5177|mle_ms=8.775|monotonic_ms=10|clock_delta_ms=1.225|
clock_suspect=0
PMLE_LIVE_REPLAY_TIC|tic=5178|mle_ms=8.95|monotonic_ms=10|clock_delta_ms=1.05|cl
ock_suspect=0
PMLE_LIVE_REPLAY_TIC|tic=5179|mle_ms=10.014|monotonic_ms=10|clock_delta_ms=.014|
clock_suspect=0
PMLE_LIVE_REPLAY_TIC|tic=5180|mle_ms=12.28|monotonic_ms=10|clock_delta_ms=2.28|c
lock_suspect=0
PMLE_LIVE_REPLAY_TIC|tic=5181|mle_ms=10.008|monotonic_ms=10|clock_delta_ms=.008|
clock_suspect=0
PMLE_LIVE_REPLAY_TIC|tic=5182|mle_ms=10.412|monotonic_ms=10|clock_delta_ms=.412|
clock_suspect=0
PMLE_LIVE_REPLAY_TIC|tic=5183|mle_ms=10.546|monotonic_ms=10|clock_delta_ms=.546|
clock_suspect=0
PMLE_LIVE_REPLAY_TIC|tic=5184|mle_ms=11.813|monotonic_ms=10|clock_delta_ms=1.813
|clock_suspect=0
PMLE_LIVE_REPLAY_TIC|tic=5185|mle_ms=10.879|monotonic_ms=10|clock_delta_ms=.879|
clock_suspect=0
PMLE_LIVE_REPLAY_TIC|tic=5186|mle_ms=10.8|monotonic_ms=20|clock_delta_ms=9.2|clo
ck_suspect=0
PMLE_LIVE_REPLAY_TIC|tic=5187|mle_ms=7.719|monotonic_ms=0|clock_delta_ms=7.719|c
lock_suspect=0
PMLE_LIVE_REPLAY_TIC|tic=5188|mle_ms=8.471|monotonic_ms=10|clock_delta_ms=1.529|
clock_suspect=0
PMLE_LIVE_REPLAY_TIC|tic=5189|mle_ms=9.258|monotonic_ms=10|clock_delta_ms=.742|c
lock_suspect=0
PMLE_LIVE_REPLAY_TIC|tic=5190|mle_ms=9.986|monotonic_ms=10|clock_delta_ms=.014|c
lock_suspect=0
PMLE_LIVE_REPLAY_TIC|tic=5191|mle_ms=10.369|monotonic_ms=10|clock_delta_ms=.369|
clock_suspect=0
PMLE_LIVE_REPLAY_TIC|tic=5192|mle_ms=10.009|monotonic_ms=10|clock_delta_ms=.009|
clock_suspect=0
PMLE_LIVE_REPLAY_TIC|tic=5193|mle_ms=10.705|monotonic_ms=10|clock_delta_ms=.705|
clock_suspect=0
PMLE_LIVE_REPLAY_TIC|tic=5194|mle_ms=12.123|monotonic_ms=10|clock_delta_ms=2.123
|clock_suspect=0
PMLE_LIVE_REPLAY_TIC|tic=5195|mle_ms=10.89|monotonic_ms=20|clock_delta_ms=9.11|c
lock_suspect=0
PMLE_LIVE_REPLAY_TIC|tic=5196|mle_ms=13.381|monotonic_ms=10|clock_delta_ms=3.381
|clock_suspect=0
PMLE_LIVE_REPLAY_TIC|tic=5197|mle_ms=10.147|monotonic_ms=10|clock_delta_ms=.147|
clock_suspect=0
PMLE_LIVE_REPLAY_TIC|tic=5198|mle_ms=10.689|monotonic_ms=10|clock_delta_ms=.689|
clock_suspect=0
PMLE_LIVE_REPLAY_TIC|tic=5199|mle_ms=9.553|monotonic_ms=10|clock_delta_ms=.447|c
lock_suspect=0
PMLE_LIVE_REPLAY_TIC|tic=5200|mle_ms=10.563|monotonic_ms=10|clock_delta_ms=.563|
clock_suspect=0
PMLE_LIVE_REPLAY_TIC|tic=5201|mle_ms=9.842|monotonic_ms=10|clock_delta_ms=.158|c
lock_suspect=0
PMLE_LIVE_REPLAY_TIC|tic=5202|mle_ms=10.607|monotonic_ms=10|clock_delta_ms=.607|
clock_suspect=0
PMLE_LIVE_REPLAY_TIC|tic=5203|mle_ms=12.708|monotonic_ms=20|clock_delta_ms=7.292
|clock_suspect=0
PMLE_LIVE_REPLAY_TIC|tic=5204|mle_ms=11.654|monotonic_ms=10|clock_delta_ms=1.654
|clock_suspect=0
PMLE_LIVE_REPLAY_TIC|tic=5205|mle_ms=9.35|monotonic_ms=10|clock_delta_ms=.65|clo
ck_suspect=0
PMLE_LIVE_REPLAY_TIC|tic=5206|mle_ms=11.751|monotonic_ms=10|clock_delta_ms=1.751
|clock_suspect=0
PMLE_LIVE_REPLAY_TIC|tic=5207|mle_ms=9.654|monotonic_ms=10|clock_delta_ms=.346|c
lock_suspect=0
PMLE_LIVE_REPLAY_TIC|tic=5208|mle_ms=10.175|monotonic_ms=10|clock_delta_ms=.175|
clock_suspect=0
PMLE_LIVE_REPLAY_TIC|tic=5209|mle_ms=10.297|monotonic_ms=10|clock_delta_ms=.297|
clock_suspect=0
PMLE_LIVE_REPLAY_TIC|tic=5210|mle_ms=9.56|monotonic_ms=10|clock_delta_ms=.44|clo
ck_suspect=0
PMLE_LIVE_REPLAY_TIC|tic=5211|mle_ms=8.879|monotonic_ms=10|clock_delta_ms=1.121|
clock_suspect=0
PMLE_LIVE_REPLAY_TIC|tic=5212|mle_ms=10.564|monotonic_ms=10|clock_delta_ms=.564|
clock_suspect=0
PMLE_LIVE_REPLAY_TIC|tic=5213|mle_ms=10.16|monotonic_ms=10|clock_delta_ms=.16|cl
ock_suspect=0
PMLE_LIVE_REPLAY_TIC|tic=5214|mle_ms=11.681|monotonic_ms=10|clock_delta_ms=1.681
|clock_suspect=0
PMLE_LIVE_REPLAY_TIC|tic=5215|mle_ms=10.922|monotonic_ms=10|clock_delta_ms=.922|
clock_suspect=0
PMLE_LIVE_REPLAY_TIC|tic=5216|mle_ms=11.332|monotonic_ms=10|clock_delta_ms=1.332
|clock_suspect=0
PMLE_LIVE_REPLAY_TIC|tic=5217|mle_ms=9.855|monotonic_ms=10|clock_delta_ms=.145|c
lock_suspect=0
PMLE_LIVE_REPLAY_TIC|tic=5218|mle_ms=10.451|monotonic_ms=10|clock_delta_ms=.451|
clock_suspect=0
PMLE_LIVE_REPLAY_TIC|tic=5219|mle_ms=10.303|monotonic_ms=10|clock_delta_ms=.303|
clock_suspect=0
PMLE_LIVE_REPLAY_TIC|tic=5220|mle_ms=10.471|monotonic_ms=10|clock_delta_ms=.471|
clock_suspect=0
PMLE_LIVE_REPLAY_TIC|tic=5221|mle_ms=10.2|monotonic_ms=10|clock_delta_ms=.2|cloc
k_suspect=0
PMLE_LIVE_REPLAY_TIC|tic=5222|mle_ms=10.463|monotonic_ms=10|clock_delta_ms=.463|
clock_suspect=0
PMLE_LIVE_REPLAY_TIC|tic=5223|mle_ms=10.127|monotonic_ms=10|clock_delta_ms=.127|
clock_suspect=0
PMLE_LIVE_REPLAY_TIC|tic=5224|mle_ms=11.175|monotonic_ms=20|clock_delta_ms=8.825
|clock_suspect=0
PMLE_LIVE_REPLAY_TIC|tic=5225|mle_ms=10.487|monotonic_ms=10|clock_delta_ms=.487|
clock_suspect=0
PMLE_LIVE_REPLAY_TIC|tic=5226|mle_ms=14.588|monotonic_ms=10|clock_delta_ms=4.588
|clock_suspect=0
PMLE_LIVE_REPLAY_TIC|tic=5227|mle_ms=9.844|monotonic_ms=10|clock_delta_ms=.156|c
lock_suspect=0
PMLE_LIVE_REPLAY_TIC|tic=5228|mle_ms=9.809|monotonic_ms=10|clock_delta_ms=.191|c
lock_suspect=0
PMLE_LIVE_REPLAY_TIC|tic=5229|mle_ms=9.281|monotonic_ms=10|clock_delta_ms=.719|c
lock_suspect=0
PMLE_LIVE_REPLAY_TIC|tic=5230|mle_ms=9.497|monotonic_ms=10|clock_delta_ms=.503|c
lock_suspect=0
PMLE_LIVE_REPLAY_TIC|tic=5231|mle_ms=9.173|monotonic_ms=10|clock_delta_ms=.827|c
lock_suspect=0
PMLE_LIVE_REPLAY_TIC|tic=5232|mle_ms=10.318|monotonic_ms=10|clock_delta_ms=.318|
clock_suspect=0
PMLE_LIVE_REPLAY_TIC|tic=5233|mle_ms=9.231|monotonic_ms=10|clock_delta_ms=.769|c
lock_suspect=0
PMLE_LIVE_REPLAY_TIC|tic=5234|mle_ms=10.095|monotonic_ms=10|clock_delta_ms=.095|
clock_suspect=0
PMLE_LIVE_REPLAY_TIC|tic=5235|mle_ms=9.278|monotonic_ms=10|clock_delta_ms=.722|c
lock_suspect=0
PMLE_LIVE_REPLAY_TIC|tic=5236|mle_ms=11.74|monotonic_ms=10|clock_delta_ms=1.74|c
lock_suspect=0
PMLE_LIVE_REPLAY_TIC|tic=5237|mle_ms=9.551|monotonic_ms=10|clock_delta_ms=.449|c
lock_suspect=0
PMLE_LIVE_REPLAY_TIC|tic=5238|mle_ms=10.983|monotonic_ms=10|clock_delta_ms=.983|
clock_suspect=0
PMLE_LIVE_REPLAY_TIC|tic=5239|mle_ms=11.241|monotonic_ms=10|clock_delta_ms=1.241
|clock_suspect=0
PMLE_LIVE_REPLAY_TIC|tic=5240|mle_ms=10.379|monotonic_ms=10|clock_delta_ms=.379|
clock_suspect=0
PMLE_LIVE_REPLAY_TIC|tic=5241|mle_ms=11.171|monotonic_ms=10|clock_delta_ms=1.171
|clock_suspect=0
PMLE_LIVE_REPLAY_TIC|tic=5242|mle_ms=11.132|monotonic_ms=20|clock_delta_ms=8.868
|clock_suspect=0
PMLE_LIVE_REPLAY_TIC|tic=5243|mle_ms=10.748|monotonic_ms=10|clock_delta_ms=.748|
clock_suspect=0
PMLE_LIVE_REPLAY_TIC|tic=5244|mle_ms=12.407|monotonic_ms=10|clock_delta_ms=2.407
|clock_suspect=0
PMLE_LIVE_REPLAY_TIC|tic=5245|mle_ms=11.464|monotonic_ms=10|clock_delta_ms=1.464
|clock_suspect=0
PMLE_LIVE_REPLAY_TIC|tic=5246|mle_ms=11.994|monotonic_ms=10|clock_delta_ms=1.994
|clock_suspect=0
PMLE_LIVE_REPLAY_TIC|tic=5247|mle_ms=9.444|monotonic_ms=10|clock_delta_ms=.556|c
lock_suspect=0
PMLE_LIVE_REPLAY_TIC|tic=5248|mle_ms=10.289|monotonic_ms=10|clock_delta_ms=.289|
clock_suspect=0
PMLE_LIVE_REPLAY_TIC|tic=5249|mle_ms=11.974|monotonic_ms=10|clock_delta_ms=1.974
|clock_suspect=0
PMLE_LIVE_REPLAY_TIC|tic=5250|mle_ms=10.378|monotonic_ms=20|clock_delta_ms=9.622
|clock_suspect=0
PMLE_LIVE_REPLAY_CLOCK|tics=5250|disagreement_limit_ms=30|suspects=2|maximum_sus
pects=26|verdict=PASS
PMLE_LIVE_REPLAY_TICKER|stream=live-dm-2026-07-23|tics=5250|p50_ms=37.638|p95_ms
=142.668|p99_ms=201.019|max_ms=335.313|throughput_tps=19.52|monotonic_centisecon
ds=26914|monotonic_tps=19.507
PMLE_LIVE_REPLAY_WINDOW|through_tic=100|tics=100|wall_ms=7345.16|monotonic_centi
seconds=732|monotonic_tps=13.661|memory=iwadBytes=28795076|frameBytes=64000|thin
kers=247|mobjs=238|killMonsters=29|livingMonsters=29|awakeMonsters=9|movingMonst
ers=0|vertexes=1196|segs=2057|sectors=182|subsectors=682|nodes=681|lines=1175|si
des=1829|blockmapInts=3764|blocklinks=864|rejectBytes=4141
PMLE_LIVE_REPLAY_WINDOW|through_tic=200|tics=100|wall_ms=10799.886|monotonic_cen
tiseconds=1080|monotonic_tps=9.259|memory=iwadBytes=28795076|frameBytes=64000|th
inkers=254|mobjs=243|killMonsters=29|livingMonsters=28|awakeMonsters=20|movingMo
nsters=2|vertexes=1196|segs=2057|sectors=182|subsectors=682|nodes=681|lines=1175
|sides=1829|blockmapInts=3764|blocklinks=864|rejectBytes=4141
PMLE_LIVE_REPLAY_WINDOW|through_tic=300|tics=100|wall_ms=13803.686|monotonic_cen
tiseconds=1381|monotonic_tps=7.241|memory=iwadBytes=28795076|frameBytes=64000|th
inkers=253|mobjs=243|killMonsters=29|livingMonsters=28|awakeMonsters=20|movingMo
nsters=1|vertexes=1196|segs=2057|sectors=182|subsectors=682|nodes=681|lines=1175
|sides=1829|blockmapInts=3764|blocklinks=864|rejectBytes=4141
PMLE_LIVE_REPLAY_WINDOW|through_tic=400|tics=100|wall_ms=13053.908|monotonic_cen
tiseconds=1305|monotonic_tps=7.663|memory=iwadBytes=28795076|frameBytes=64000|th
inkers=250|mobjs=240|killMonsters=29|livingMonsters=28|awakeMonsters=20|movingMo
nsters=0|vertexes=1196|segs=2057|sectors=182|subsectors=682|nodes=681|lines=1175
|sides=1829|blockmapInts=3764|blocklinks=864|rejectBytes=4141
PMLE_LIVE_REPLAY_WINDOW|through_tic=500|tics=100|wall_ms=12637.563|monotonic_cen
tiseconds=1274|monotonic_tps=7.849|memory=iwadBytes=28795076|frameBytes=64000|th
inkers=248|mobjs=239|killMonsters=29|livingMonsters=28|awakeMonsters=20|movingMo
nsters=0|vertexes=1196|segs=2057|sectors=182|subsectors=682|nodes=681|lines=1175
|sides=1829|blockmapInts=3764|blocklinks=864|rejectBytes=4141
PMLE_LIVE_REPLAY_WINDOW|through_tic=600|tics=100|wall_ms=10731.384|monotonic_cen
tiseconds=1073|monotonic_tps=9.32|memory=iwadBytes=28795076|frameBytes=64000|thi
nkers=247|mobjs=238|killMonsters=29|livingMonsters=28|awakeMonsters=20|movingMon
sters=0|vertexes=1196|segs=2057|sectors=182|subsectors=682|nodes=681|lines=1175|
sides=1829|blockmapInts=3764|blocklinks=864|rejectBytes=4141
PMLE_LIVE_REPLAY_WINDOW|through_tic=700|tics=100|wall_ms=11409.632|monotonic_cen
tiseconds=1141|monotonic_tps=8.764|memory=iwadBytes=28795076|frameBytes=64000|th
inkers=249|mobjs=239|killMonsters=29|livingMonsters=28|awakeMonsters=20|movingMo
nsters=0|vertexes=1196|segs=2057|sectors=182|subsectors=682|nodes=681|lines=1175
|sides=1829|blockmapInts=3764|blocklinks=864|rejectBytes=4141
PMLE_LIVE_REPLAY_WINDOW|through_tic=800|tics=100|wall_ms=6289.863|monotonic_cent
iseconds=629|monotonic_tps=15.898|memory=iwadBytes=28795076|frameBytes=64000|thi
nkers=240|mobjs=231|killMonsters=29|livingMonsters=28|awakeMonsters=20|movingMon
sters=2|vertexes=1196|segs=2057|sectors=182|subsectors=682|nodes=681|lines=1175|
sides=1829|blockmapInts=3764|blocklinks=864|rejectBytes=4141
PMLE_LIVE_REPLAY_WINDOW|through_tic=900|tics=100|wall_ms=6220.22|monotonic_centi
seconds=622|monotonic_tps=16.077|memory=iwadBytes=28795076|frameBytes=64000|thin
kers=241|mobjs=232|killMonsters=29|livingMonsters=27|awakeMonsters=19|movingMons
ters=0|vertexes=1196|segs=2057|sectors=182|subsectors=682|nodes=681|lines=1175|s
ides=1829|blockmapInts=3764|blocklinks=864|rejectBytes=4141
PMLE_LIVE_REPLAY_WINDOW|through_tic=1000|tics=100|wall_ms=5962.477|monotonic_cen
tiseconds=596|monotonic_tps=16.779|memory=iwadBytes=28795076|frameBytes=64000|th
inkers=241|mobjs=231|killMonsters=29|livingMonsters=26|awakeMonsters=18|movingMo
nsters=0|vertexes=1196|segs=2057|sectors=182|subsectors=682|nodes=681|lines=1175
|sides=1829|blockmapInts=3764|blocklinks=864|rejectBytes=4141
PMLE_LIVE_REPLAY_WINDOW|through_tic=1100|tics=100|wall_ms=5384.396|monotonic_cen
tiseconds=538|monotonic_tps=18.587|memory=iwadBytes=28795076|frameBytes=64000|th
inkers=238|mobjs=228|killMonsters=29|livingMonsters=24|awakeMonsters=18|movingMo
nsters=0|vertexes=1196|segs=2057|sectors=182|subsectors=682|nodes=681|lines=1175
|sides=1829|blockmapInts=3764|blocklinks=864|rejectBytes=4141
PMLE_LIVE_REPLAY_WINDOW|through_tic=1200|tics=100|wall_ms=4721.092|monotonic_cen
tiseconds=472|monotonic_tps=21.186|memory=iwadBytes=28795076|frameBytes=64000|th
inkers=244|mobjs=234|killMonsters=29|livingMonsters=21|awakeMonsters=15|movingMo
nsters=0|vertexes=1196|segs=2057|sectors=182|subsectors=682|nodes=681|lines=1175
|sides=1829|blockmapInts=3764|blocklinks=864|rejectBytes=4141
PMLE_LIVE_REPLAY_WINDOW|through_tic=1300|tics=100|wall_ms=2954.946|monotonic_cen
tiseconds=296|monotonic_tps=33.784|memory=iwadBytes=28795076|frameBytes=64000|th
inkers=237|mobjs=227|killMonsters=29|livingMonsters=21|awakeMonsters=15|movingMo
nsters=0|vertexes=1196|segs=2057|sectors=182|subsectors=682|nodes=681|lines=1175
|sides=1829|blockmapInts=3764|blocklinks=864|rejectBytes=4141
PMLE_LIVE_REPLAY_WINDOW|through_tic=1400|tics=100|wall_ms=2375.083|monotonic_cen
tiseconds=237|monotonic_tps=42.194|memory=iwadBytes=28795076|frameBytes=64000|th
inkers=237|mobjs=227|killMonsters=29|livingMonsters=21|awakeMonsters=15|movingMo
nsters=0|vertexes=1196|segs=2057|sectors=182|subsectors=682|nodes=681|lines=1175
|sides=1829|blockmapInts=3764|blocklinks=864|rejectBytes=4141
PMLE_LIVE_REPLAY_WINDOW|through_tic=1500|tics=100|wall_ms=4077.76|monotonic_cent
iseconds=408|monotonic_tps=24.51|memory=iwadBytes=28795076|frameBytes=64000|thin
kers=235|mobjs=226|killMonsters=29|livingMonsters=21|awakeMonsters=15|movingMons
ters=0|vertexes=1196|segs=2057|sectors=182|subsectors=682|nodes=681|lines=1175|s
ides=1829|blockmapInts=3764|blocklinks=864|rejectBytes=4141
PMLE_LIVE_REPLAY_WINDOW|through_tic=1600|tics=100|wall_ms=4779.061|monotonic_cen
tiseconds=478|monotonic_tps=20.921|memory=iwadBytes=28795076|frameBytes=64000|th
inkers=239|mobjs=229|killMonsters=29|livingMonsters=21|awakeMonsters=15|movingMo
nsters=0|vertexes=1196|segs=2057|sectors=182|subsectors=682|nodes=681|lines=1175
|sides=1829|blockmapInts=3764|blocklinks=864|rejectBytes=4141
PMLE_LIVE_REPLAY_WINDOW|through_tic=1700|tics=100|wall_ms=8928.485|monotonic_cen
tiseconds=893|monotonic_tps=11.198|memory=iwadBytes=28795076|frameBytes=64000|th
inkers=239|mobjs=229|killMonsters=29|livingMonsters=19|awakeMonsters=17|movingMo
nsters=0|vertexes=1196|segs=2057|sectors=182|subsectors=682|nodes=681|lines=1175
|sides=1829|blockmapInts=3764|blocklinks=864|rejectBytes=4141
PMLE_LIVE_REPLAY_WINDOW|through_tic=1800|tics=100|wall_ms=5309.467|monotonic_cen
tiseconds=531|monotonic_tps=18.832|memory=iwadBytes=28795076|frameBytes=64000|th
inkers=242|mobjs=232|killMonsters=29|livingMonsters=18|awakeMonsters=16|movingMo
nsters=1|vertexes=1196|segs=2057|sectors=182|subsectors=682|nodes=681|lines=1175
|sides=1829|blockmapInts=3764|blocklinks=864|rejectBytes=4141
PMLE_LIVE_REPLAY_WINDOW|through_tic=1900|tics=100|wall_ms=6238.987|monotonic_cen
tiseconds=624|monotonic_tps=16.026|memory=iwadBytes=28795076|frameBytes=64000|th
inkers=235|mobjs=226|killMonsters=29|livingMonsters=18|awakeMonsters=16|movingMo
nsters=1|vertexes=1196|segs=2057|sectors=182|subsectors=682|nodes=681|lines=1175
|sides=1829|blockmapInts=3764|blocklinks=864|rejectBytes=4141
PMLE_LIVE_REPLAY_WINDOW|through_tic=2000|tics=100|wall_ms=6155.47|monotonic_cent
iseconds=615|monotonic_tps=16.26|memory=iwadBytes=28795076|frameBytes=64000|thin
kers=234|mobjs=225|killMonsters=29|livingMonsters=17|awakeMonsters=15|movingMons
ters=0|vertexes=1196|segs=2057|sectors=182|subsectors=682|nodes=681|lines=1175|s
ides=1829|blockmapInts=3764|blocklinks=864|rejectBytes=4141
PMLE_LIVE_REPLAY_WINDOW|through_tic=2100|tics=100|wall_ms=5177.913|monotonic_cen
tiseconds=518|monotonic_tps=19.305|memory=iwadBytes=28795076|frameBytes=64000|th
inkers=234|mobjs=225|killMonsters=29|livingMonsters=17|awakeMonsters=15|movingMo
nsters=0|vertexes=1196|segs=2057|sectors=182|subsectors=682|nodes=681|lines=1175
|sides=1829|blockmapInts=3764|blocklinks=864|rejectBytes=4141
PMLE_LIVE_REPLAY_WINDOW|through_tic=2200|tics=100|wall_ms=5419.883|monotonic_cen
tiseconds=542|monotonic_tps=18.45|memory=iwadBytes=28795076|frameBytes=64000|thi
nkers=234|mobjs=225|killMonsters=29|livingMonsters=17|awakeMonsters=15|movingMon
sters=0|vertexes=1196|segs=2057|sectors=182|subsectors=682|nodes=681|lines=1175|
sides=1829|blockmapInts=3764|blocklinks=864|rejectBytes=4141
PMLE_LIVE_REPLAY_WINDOW|through_tic=2300|tics=100|wall_ms=4371.484|monotonic_cen
tiseconds=437|monotonic_tps=22.883|memory=iwadBytes=28795076|frameBytes=64000|th
inkers=234|mobjs=225|killMonsters=29|livingMonsters=17|awakeMonsters=15|movingMo
nsters=0|vertexes=1196|segs=2057|sectors=182|subsectors=682|nodes=681|lines=1175
|sides=1829|blockmapInts=3764|blocklinks=864|rejectBytes=4141
PMLE_LIVE_REPLAY_WINDOW|through_tic=2400|tics=100|wall_ms=5861.667|monotonic_cen
tiseconds=586|monotonic_tps=17.065|memory=iwadBytes=28795076|frameBytes=64000|th
inkers=235|mobjs=225|killMonsters=29|livingMonsters=17|awakeMonsters=15|movingMo
nsters=0|vertexes=1196|segs=2057|sectors=182|subsectors=682|nodes=681|lines=1175
|sides=1829|blockmapInts=3764|blocklinks=864|rejectBytes=4141
PMLE_LIVE_REPLAY_WINDOW|through_tic=2500|tics=100|wall_ms=5121.443|monotonic_cen
tiseconds=512|monotonic_tps=19.531|memory=iwadBytes=28795076|frameBytes=64000|th
inkers=237|mobjs=227|killMonsters=29|livingMonsters=17|awakeMonsters=15|movingMo
nsters=0|vertexes=1196|segs=2057|sectors=182|subsectors=682|nodes=681|lines=1175
|sides=1829|blockmapInts=3764|blocklinks=864|rejectBytes=4141
PMLE_LIVE_REPLAY_WINDOW|through_tic=2600|tics=100|wall_ms=4407.803|monotonic_cen
tiseconds=441|monotonic_tps=22.676|memory=iwadBytes=28795076|frameBytes=64000|th
inkers=238|mobjs=228|killMonsters=29|livingMonsters=17|awakeMonsters=15|movingMo
nsters=0|vertexes=1196|segs=2057|sectors=182|subsectors=682|nodes=681|lines=1175
|sides=1829|blockmapInts=3764|blocklinks=864|rejectBytes=4141
PMLE_LIVE_REPLAY_WINDOW|through_tic=2700|tics=100|wall_ms=6963.373|monotonic_cen
tiseconds=696|monotonic_tps=14.368|memory=iwadBytes=28795076|frameBytes=64000|th
inkers=236|mobjs=227|killMonsters=29|livingMonsters=17|awakeMonsters=15|movingMo
nsters=0|vertexes=1196|segs=2057|sectors=182|subsectors=682|nodes=681|lines=1175
|sides=1829|blockmapInts=3764|blocklinks=864|rejectBytes=4141
PMLE_LIVE_REPLAY_WINDOW|through_tic=2800|tics=100|wall_ms=6317.044|monotonic_cen
tiseconds=632|monotonic_tps=15.823|memory=iwadBytes=28795076|frameBytes=64000|th
inkers=234|mobjs=225|killMonsters=29|livingMonsters=17|awakeMonsters=15|movingMo
nsters=0|vertexes=1196|segs=2057|sectors=182|subsectors=682|nodes=681|lines=1175
|sides=1829|blockmapInts=3764|blocklinks=864|rejectBytes=4141
PMLE_LIVE_REPLAY_WINDOW|through_tic=2900|tics=100|wall_ms=5770.326|monotonic_cen
tiseconds=577|monotonic_tps=17.331|memory=iwadBytes=28795076|frameBytes=64000|th
inkers=234|mobjs=225|killMonsters=29|livingMonsters=17|awakeMonsters=15|movingMo
nsters=0|vertexes=1196|segs=2057|sectors=182|subsectors=682|nodes=681|lines=1175
|sides=1829|blockmapInts=3764|blocklinks=864|rejectBytes=4141
PMLE_LIVE_REPLAY_WINDOW|through_tic=3000|tics=100|wall_ms=5828.012|monotonic_cen
tiseconds=583|monotonic_tps=17.153|memory=iwadBytes=28795076|frameBytes=64000|th
inkers=234|mobjs=225|killMonsters=29|livingMonsters=17|awakeMonsters=15|movingMo
nsters=0|vertexes=1196|segs=2057|sectors=182|subsectors=682|nodes=681|lines=1175
|sides=1829|blockmapInts=3764|blocklinks=864|rejectBytes=4141
PMLE_LIVE_REPLAY_WINDOW|through_tic=3100|tics=100|wall_ms=5695.259|monotonic_cen
tiseconds=570|monotonic_tps=17.544|memory=iwadBytes=28795076|frameBytes=64000|th
inkers=234|mobjs=225|killMonsters=29|livingMonsters=17|awakeMonsters=15|movingMo
nsters=0|vertexes=1196|segs=2057|sectors=182|subsectors=682|nodes=681|lines=1175
|sides=1829|blockmapInts=3764|blocklinks=864|rejectBytes=4141
PMLE_LIVE_REPLAY_WINDOW|through_tic=3200|tics=100|wall_ms=4595.553|monotonic_cen
tiseconds=460|monotonic_tps=21.739|memory=iwadBytes=28795076|frameBytes=64000|th
inkers=236|mobjs=226|killMonsters=29|livingMonsters=17|awakeMonsters=15|movingMo
nsters=0|vertexes=1196|segs=2057|sectors=182|subsectors=682|nodes=681|lines=1175
|sides=1829|blockmapInts=3764|blocklinks=864|rejectBytes=4141
PMLE_LIVE_REPLAY_WINDOW|through_tic=3300|tics=100|wall_ms=5851.78|monotonic_cent
iseconds=585|monotonic_tps=17.094|memory=iwadBytes=28795076|frameBytes=64000|thi
nkers=236|mobjs=226|killMonsters=29|livingMonsters=17|awakeMonsters=15|movingMon
sters=0|vertexes=1196|segs=2057|sectors=182|subsectors=682|nodes=681|lines=1175|
sides=1829|blockmapInts=3764|blocklinks=864|rejectBytes=4141
PMLE_LIVE_REPLAY_WINDOW|through_tic=3400|tics=100|wall_ms=3816.834|monotonic_cen
tiseconds=382|monotonic_tps=26.178|memory=iwadBytes=28795076|frameBytes=64000|th
inkers=235|mobjs=225|killMonsters=29|livingMonsters=17|awakeMonsters=15|movingMo
nsters=0|vertexes=1196|segs=2057|sectors=182|subsectors=682|nodes=681|lines=1175
|sides=1829|blockmapInts=3764|blocklinks=864|rejectBytes=4141
PMLE_LIVE_REPLAY_WINDOW|through_tic=3500|tics=100|wall_ms=7832.525|monotonic_cen
tiseconds=783|monotonic_tps=12.771|memory=iwadBytes=28795076|frameBytes=64000|th
inkers=240|mobjs=231|killMonsters=29|livingMonsters=17|awakeMonsters=15|movingMo
nsters=0|vertexes=1196|segs=2057|sectors=182|subsectors=682|nodes=681|lines=1175
|sides=1829|blockmapInts=3764|blocklinks=864|rejectBytes=4141
PMLE_LIVE_REPLAY_WINDOW|through_tic=3600|tics=100|wall_ms=5017.812|monotonic_cen
tiseconds=502|monotonic_tps=19.92|memory=iwadBytes=28795076|frameBytes=64000|thi
nkers=234|mobjs=225|killMonsters=29|livingMonsters=17|awakeMonsters=15|movingMon
sters=0|vertexes=1196|segs=2057|sectors=182|subsectors=682|nodes=681|lines=1175|
sides=1829|blockmapInts=3764|blocklinks=864|rejectBytes=4141
PMLE_LIVE_REPLAY_WINDOW|through_tic=3700|tics=100|wall_ms=4115.614|monotonic_cen
tiseconds=411|monotonic_tps=24.331|memory=iwadBytes=28795076|frameBytes=64000|th
inkers=234|mobjs=225|killMonsters=29|livingMonsters=17|awakeMonsters=15|movingMo
nsters=0|vertexes=1196|segs=2057|sectors=182|subsectors=682|nodes=681|lines=1175
|sides=1829|blockmapInts=3764|blocklinks=864|rejectBytes=4141
PMLE_LIVE_REPLAY_WINDOW|through_tic=3800|tics=100|wall_ms=4111.056|monotonic_cen
tiseconds=411|monotonic_tps=24.331|memory=iwadBytes=28795076|frameBytes=64000|th
inkers=234|mobjs=225|killMonsters=29|livingMonsters=17|awakeMonsters=15|movingMo
nsters=0|vertexes=1196|segs=2057|sectors=182|subsectors=682|nodes=681|lines=1175
|sides=1829|blockmapInts=3764|blocklinks=864|rejectBytes=4141
PMLE_LIVE_REPLAY_WINDOW|through_tic=3900|tics=100|wall_ms=3418.101|monotonic_cen
tiseconds=341|monotonic_tps=29.326|memory=iwadBytes=28795076|frameBytes=64000|th
inkers=235|mobjs=226|killMonsters=29|livingMonsters=17|awakeMonsters=15|movingMo
nsters=0|vertexes=1196|segs=2057|sectors=182|subsectors=682|nodes=681|lines=1175
|sides=1829|blockmapInts=3764|blocklinks=864|rejectBytes=4141
PMLE_LIVE_REPLAY_WINDOW|through_tic=4000|tics=100|wall_ms=3314.071|monotonic_cen
tiseconds=332|monotonic_tps=30.12|memory=iwadBytes=28795076|frameBytes=64000|thi
nkers=236|mobjs=227|killMonsters=29|livingMonsters=17|awakeMonsters=15|movingMon
sters=0|vertexes=1196|segs=2057|sectors=182|subsectors=682|nodes=681|lines=1175|
sides=1829|blockmapInts=3764|blocklinks=864|rejectBytes=4141
PMLE_LIVE_REPLAY_WINDOW|through_tic=4100|tics=100|wall_ms=3146.022|monotonic_cen
tiseconds=315|monotonic_tps=31.746|memory=iwadBytes=28795076|frameBytes=64000|th
inkers=236|mobjs=227|killMonsters=29|livingMonsters=17|awakeMonsters=15|movingMo
nsters=0|vertexes=1196|segs=2057|sectors=182|subsectors=682|nodes=681|lines=1175
|sides=1829|blockmapInts=3764|blocklinks=864|rejectBytes=4141
PMLE_LIVE_REPLAY_WINDOW|through_tic=4200|tics=100|wall_ms=1329.434|monotonic_cen
tiseconds=133|monotonic_tps=75.188|memory=iwadBytes=28795076|frameBytes=64000|th
inkers=234|mobjs=225|killMonsters=29|livingMonsters=17|awakeMonsters=15|movingMo
nsters=0|vertexes=1196|segs=2057|sectors=182|subsectors=682|nodes=681|lines=1175
|sides=1829|blockmapInts=3764|blocklinks=864|rejectBytes=4141
PMLE_LIVE_REPLAY_WINDOW|through_tic=4300|tics=100|wall_ms=1045.6|monotonic_centi
seconds=104|monotonic_tps=96.154|memory=iwadBytes=28795076|frameBytes=64000|thin
kers=234|mobjs=225|killMonsters=29|livingMonsters=17|awakeMonsters=15|movingMons
ters=0|vertexes=1196|segs=2057|sectors=182|subsectors=682|nodes=681|lines=1175|s
ides=1829|blockmapInts=3764|blocklinks=864|rejectBytes=4141
PMLE_LIVE_REPLAY_WINDOW|through_tic=4400|tics=100|wall_ms=1111.036|monotonic_cen
tiseconds=112|monotonic_tps=89.286|memory=iwadBytes=28795076|frameBytes=64000|th
inkers=234|mobjs=225|killMonsters=29|livingMonsters=17|awakeMonsters=15|movingMo
nsters=0|vertexes=1196|segs=2057|sectors=182|subsectors=682|nodes=681|lines=1175
|sides=1829|blockmapInts=3764|blocklinks=864|rejectBytes=4141
PMLE_LIVE_REPLAY_WINDOW|through_tic=4500|tics=100|wall_ms=1043.813|monotonic_cen
tiseconds=105|monotonic_tps=95.238|memory=iwadBytes=28795076|frameBytes=64000|th
inkers=234|mobjs=225|killMonsters=29|livingMonsters=17|awakeMonsters=15|movingMo
nsters=0|vertexes=1196|segs=2057|sectors=182|subsectors=682|nodes=681|lines=1175
|sides=1829|blockmapInts=3764|blocklinks=864|rejectBytes=4141
PMLE_LIVE_REPLAY_WINDOW|through_tic=4600|tics=100|wall_ms=1184.803|monotonic_cen
tiseconds=118|monotonic_tps=84.746|memory=iwadBytes=28795076|frameBytes=64000|th
inkers=234|mobjs=225|killMonsters=29|livingMonsters=17|awakeMonsters=15|movingMo
nsters=0|vertexes=1196|segs=2057|sectors=182|subsectors=682|nodes=681|lines=1175
|sides=1829|blockmapInts=3764|blocklinks=864|rejectBytes=4141
PMLE_LIVE_REPLAY_WINDOW|through_tic=4700|tics=100|wall_ms=1015.442|monotonic_cen
tiseconds=101|monotonic_tps=99.01|memory=iwadBytes=28795076|frameBytes=64000|thi
nkers=234|mobjs=225|killMonsters=29|livingMonsters=17|awakeMonsters=15|movingMon
sters=0|vertexes=1196|segs=2057|sectors=182|subsectors=682|nodes=681|lines=1175|
sides=1829|blockmapInts=3764|blocklinks=864|rejectBytes=4141
PMLE_LIVE_REPLAY_WINDOW|through_tic=4800|tics=100|wall_ms=1053.902|monotonic_cen
tiseconds=106|monotonic_tps=94.34|memory=iwadBytes=28795076|frameBytes=64000|thi
nkers=234|mobjs=225|killMonsters=29|livingMonsters=17|awakeMonsters=15|movingMon
sters=0|vertexes=1196|segs=2057|sectors=182|subsectors=682|nodes=681|lines=1175|
sides=1829|blockmapInts=3764|blocklinks=864|rejectBytes=4141
PMLE_LIVE_REPLAY_WINDOW|through_tic=4900|tics=100|wall_ms=1107.943|monotonic_cen
tiseconds=111|monotonic_tps=90.09|memory=iwadBytes=28795076|frameBytes=64000|thi
nkers=234|mobjs=225|killMonsters=29|livingMonsters=17|awakeMonsters=15|movingMon
sters=0|vertexes=1196|segs=2057|sectors=182|subsectors=682|nodes=681|lines=1175|
sides=1829|blockmapInts=3764|blocklinks=864|rejectBytes=4141
PMLE_LIVE_REPLAY_WINDOW|through_tic=5000|tics=100|wall_ms=1039.726|monotonic_cen
tiseconds=104|monotonic_tps=96.154|memory=iwadBytes=28795076|frameBytes=64000|th
inkers=234|mobjs=225|killMonsters=29|livingMonsters=17|awakeMonsters=15|movingMo
nsters=0|vertexes=1196|segs=2057|sectors=182|subsectors=682|nodes=681|lines=1175
|sides=1829|blockmapInts=3764|blocklinks=864|rejectBytes=4141
PMLE_LIVE_REPLAY_WINDOW|through_tic=5100|tics=100|wall_ms=1064.271|monotonic_cen
tiseconds=107|monotonic_tps=93.458|memory=iwadBytes=28795076|frameBytes=64000|th
inkers=234|mobjs=225|killMonsters=29|livingMonsters=17|awakeMonsters=15|movingMo
nsters=0|vertexes=1196|segs=2057|sectors=182|subsectors=682|nodes=681|lines=1175
|sides=1829|blockmapInts=3764|blocklinks=864|rejectBytes=4141
PMLE_LIVE_REPLAY_WINDOW|through_tic=5200|tics=100|wall_ms=976.199|monotonic_cent
iseconds=108|monotonic_tps=92.593|memory=iwadBytes=28795076|frameBytes=64000|thi
nkers=234|mobjs=225|killMonsters=29|livingMonsters=17|awakeMonsters=15|movingMon
sters=0|vertexes=1196|segs=2057|sectors=182|subsectors=682|nodes=681|lines=1175|
sides=1829|blockmapInts=3764|blocklinks=864|rejectBytes=4141
PMLE_LIVE_REPLAY_WINDOW|through_tic=5250|tics=50|wall_ms=533.423|monotonic_centi
seconds=54|monotonic_tps=92.593|memory=iwadBytes=28795076|frameBytes=64000|think
ers=234|mobjs=225|killMonsters=29|livingMonsters=17|awakeMonsters=15|movingMonst
ers=0|vertexes=1196|segs=2057|sectors=182|subsectors=682|nodes=681|lines=1175|si
des=1829|blockmapInts=3764|blocklinks=864|rejectBytes=4141
PMLE_LIVE_REPLAY_MEMORY|iwadBytes=28795076|frameBytes=64000|thinkers=234|mobjs=2
25|killMonsters=29|livingMonsters=17|awakeMonsters=15|movingMonsters=0|vertexes=
1196|segs=2057|sectors=182|subsectors=682|nodes=681|lines=1175|sides=1829|blockm
apInts=3764|blocklinks=864|rejectBytes=4141
P_GetNodesVersion: using normal BSP nodes
Max size 65990
PMLE_LIVE_REPLAY_WARM_PREFIX|after_full_tics=5250|tics=500|p50_ms=113.736|p95_ms
=214.552|p99_ms=270.633|max_ms=441.171|throughput_tps=8.426|monotonic_centisecon
ds=5934|monotonic_tps=8.426
