PMLE_HOST_QUIESCENCE|PASS|docker_builds=0|compiles=0|verifiers=0
PMLE_DECPS_ARTIFACT|sha256=5ec18cbe4cff7192d384e81d1010e0133d357d44ff17fa65821e1489c4fd1ee3|bytes=1081335|phase=interpreter

Session altered.


Session altered.


Session altered.


Session altered.

PMLE_ENVIRONMENT|cpu_count=2|resource_plan=DEFAULT_PLAN|cpu_managed=ON|pdb_cpu_count=2|pdb_utilization_limit=50|pdb_running_sessions_limit=2|pdb_plan=DEFAULT_CDB_PLAN

Session altered.


Session altered.


Session altered.


Session altered.

6 command-line variables
M_LoadDefaults: Load system defaults.
M_Random: Using DelegateRandom.
-iwad specified. Will be used with priority
ITicker: Using nanosecond accuracy timer.
FreeDoom: Phase 1	   v1.9
W_Init: Init WADfiles.
	added freedoom1.wad (zipped: false network: true)
VI_Init: set palettes.
Palette: 3584 colors
VI_Init: set colormaps.
Colormaps: 35
V_Init: allocate screens.
AM_Init: Init Automap colors -
===========================================================================
Copyright © 2001-2017 Contributors to the Freedoom project.
All rights reserved.
See: https://github.com/freedoom/freedoom/blob/master/COPYING.adoc
===========================================================================
Tables.InitTables: Init trigonometric LUTs.
M_Init: Init miscellaneous info.
R_Init: Init DOOM refresh daemon -
P_Init: Init Playloop state.
false NUKAGE1 NUKAGE3 8
false FWATER1 FWATER4 8
false SWATER1 SWATER4 8
false LAVA1 LAVA4 8
false BLOOD1 BLOOD3 8
false RROCK05 RROCK08 8
false SLIME01 SLIME04 8
false SLIME05 SLIME08 8
false SLIME09 SLIME12 8
I_Init: Setting up machine state.
D_CheckNetGame: Checking network game status.
startskill sk_medium  deathmatch: false  startmap: 1  startepisode: 1
player 1 of 1 (1 nodes)
S_Init: Setting up sound.
M_Random: Switching to DoomRandom (new instance)
P_GetNodesVersion: using normal BSP nodes
PMLE_LIVE_REPLAY_INIT|stream=live-dm-2026-07-23|wall_ms=39656.073
PMLE_LIVE_REPLAY_TIC|tic=1|mle_ms=57.829|monotonic_ms=50|clock_delta_ms=7.829|cl
ock_suspect=0
PMLE_LIVE_REPLAY_TIC|tic=2|mle_ms=37.57|monotonic_ms=40|clock_delta_ms=2.43|cloc
k_suspect=0
PMLE_LIVE_REPLAY_TIC|tic=3|mle_ms=21.446|monotonic_ms=20|clock_delta_ms=1.446|cl
ock_suspect=0
PMLE_LIVE_REPLAY_TIC|tic=4|mle_ms=55.236|monotonic_ms=60|clock_delta_ms=4.764|cl
ock_suspect=0
PMLE_LIVE_REPLAY_TIC|tic=5|mle_ms=21.625|monotonic_ms=20|clock_delta_ms=1.625|cl
ock_suspect=0
PMLE_LIVE_REPLAY_TIC|tic=6|mle_ms=36.694|monotonic_ms=40|clock_delta_ms=3.306|cl
ock_suspect=0
PMLE_LIVE_REPLAY_TIC|tic=7|mle_ms=128.981|monotonic_ms=130|clock_delta_ms=1.019|
clock_suspect=0
PMLE_LIVE_REPLAY_TIC|tic=8|mle_ms=44.317|monotonic_ms=40|clock_delta_ms=4.317|cl
ock_suspect=0
PMLE_LIVE_REPLAY_TIC|tic=9|mle_ms=80.701|monotonic_ms=80|clock_delta_ms=.701|clo
ck_suspect=0
PMLE_LIVE_REPLAY_TIC|tic=10|mle_ms=179.716|monotonic_ms=180|clock_delta_ms=.284|
clock_suspect=0
PMLE_LIVE_REPLAY_TIC|tic=11|mle_ms=69.693|monotonic_ms=70|clock_delta_ms=.307|cl
ock_suspect=0
PMLE_LIVE_REPLAY_TIC|tic=12|mle_ms=40.992|monotonic_ms=40|clock_delta_ms=.992|cl
ock_suspect=0
PMLE_LIVE_REPLAY_TIC|tic=13|mle_ms=119.089|monotonic_ms=120|clock_delta_ms=.911|
clock_suspect=0
PMLE_LIVE_REPLAY_TIC|tic=14|mle_ms=134.767|monotonic_ms=140|clock_delta_ms=5.233
|clock_suspect=0
PMLE_LIVE_REPLAY_TIC|tic=15|mle_ms=97.723|monotonic_ms=90|clock_delta_ms=7.723|c
lock_suspect=0
PMLE_LIVE_REPLAY_TIC|tic=16|mle_ms=134.388|monotonic_ms=140|clock_delta_ms=5.612
|clock_suspect=0
PMLE_LIVE_REPLAY_TIC|tic=17|mle_ms=60.559|monotonic_ms=60|clock_delta_ms=.559|cl
ock_suspect=0
PMLE_LIVE_REPLAY_TIC|tic=18|mle_ms=74.633|monotonic_ms=70|clock_delta_ms=4.633|c
lock_suspect=0
PMLE_LIVE_REPLAY_TIC|tic=19|mle_ms=81.259|monotonic_ms=80|clock_delta_ms=1.259|c
lock_suspect=0
PMLE_LIVE_REPLAY_TIC|tic=20|mle_ms=46.813|monotonic_ms=50|clock_delta_ms=3.187|c
lock_suspect=0
PMLE_LIVE_REPLAY_TIC|tic=21|mle_ms=167.321|monotonic_ms=170|clock_delta_ms=2.679
|clock_suspect=0
PMLE_LIVE_REPLAY_TIC|tic=22|mle_ms=85.213|monotonic_ms=80|clock_delta_ms=5.213|c
lock_suspect=0
PMLE_LIVE_REPLAY_TIC|tic=23|mle_ms=51.539|monotonic_ms=60|clock_delta_ms=8.461|c
lock_suspect=0
PMLE_LIVE_REPLAY_TIC|tic=24|mle_ms=83.336|monotonic_ms=80|clock_delta_ms=3.336|c
lock_suspect=0
PMLE_LIVE_REPLAY_TIC|tic=25|mle_ms=77.855|monotonic_ms=80|clock_delta_ms=2.145|c
lock_suspect=0
PMLE_LIVE_REPLAY_TIC|tic=26|mle_ms=61.346|monotonic_ms=60|clock_delta_ms=1.346|c
lock_suspect=0
PMLE_LIVE_REPLAY_TIC|tic=27|mle_ms=92.941|monotonic_ms=90|clock_delta_ms=2.941|c
lock_suspect=0
PMLE_LIVE_REPLAY_TIC|tic=28|mle_ms=109.142|monotonic_ms=110|clock_delta_ms=.858|
clock_suspect=0
PMLE_LIVE_REPLAY_TIC|tic=29|mle_ms=33.048|monotonic_ms=30|clock_delta_ms=3.048|c
lock_suspect=0
PMLE_LIVE_REPLAY_TIC|tic=30|mle_ms=54.997|monotonic_ms=60|clock_delta_ms=5.003|c
lock_suspect=0
PMLE_LIVE_REPLAY_TIC|tic=31|mle_ms=135.775|monotonic_ms=130|clock_delta_ms=5.775
|clock_suspect=0
PMLE_LIVE_REPLAY_TIC|tic=32|mle_ms=39.753|monotonic_ms=30|clock_delta_ms=9.753|c
lock_suspect=0
PMLE_LIVE_REPLAY_TIC|tic=33|mle_ms=91.293|monotonic_ms=100|clock_delta_ms=8.707|
clock_suspect=0
PMLE_LIVE_REPLAY_TIC|tic=34|mle_ms=109.406|monotonic_ms=110|clock_delta_ms=.594|
clock_suspect=0
PMLE_LIVE_REPLAY_TIC|tic=35|mle_ms=31.757|monotonic_ms=30|clock_delta_ms=1.757|c
lock_suspect=0
PMLE_LIVE_REPLAY_TIC|tic=36|mle_ms=67.449|monotonic_ms=70|clock_delta_ms=2.551|c
lock_suspect=0
PMLE_LIVE_REPLAY_TIC|tic=37|mle_ms=110.798|monotonic_ms=110|clock_delta_ms=.798|
clock_suspect=0
PMLE_LIVE_REPLAY_TIC|tic=38|mle_ms=60.437|monotonic_ms=60|clock_delta_ms=.437|cl
ock_suspect=0
PMLE_LIVE_REPLAY_TIC|tic=39|mle_ms=48.065|monotonic_ms=40|clock_delta_ms=8.065|c
lock_suspect=0
PMLE_LIVE_REPLAY_TIC|tic=40|mle_ms=140.979|monotonic_ms=150|clock_delta_ms=9.021
|clock_suspect=0
PMLE_LIVE_REPLAY_TIC|tic=41|mle_ms=64.523|monotonic_ms=60|clock_delta_ms=4.523|c
lock_suspect=0
PMLE_LIVE_REPLAY_TIC|tic=42|mle_ms=52.692|monotonic_ms=50|clock_delta_ms=2.692|c
lock_suspect=0
PMLE_LIVE_REPLAY_TIC|tic=43|mle_ms=117.405|monotonic_ms=120|clock_delta_ms=2.595
|clock_suspect=0
PMLE_LIVE_REPLAY_TIC|tic=44|mle_ms=69.034|monotonic_ms=70|clock_delta_ms=.966|cl
ock_suspect=0
PMLE_LIVE_REPLAY_TIC|tic=45|mle_ms=57.275|monotonic_ms=60|clock_delta_ms=2.725|c
lock_suspect=0
PMLE_LIVE_REPLAY_TIC|tic=46|mle_ms=127.058|monotonic_ms=120|clock_delta_ms=7.058
|clock_suspect=0
PMLE_LIVE_REPLAY_TIC|tic=47|mle_ms=60.057|monotonic_ms=60|clock_delta_ms=.057|cl
ock_suspect=0
PMLE_LIVE_REPLAY_TIC|tic=48|mle_ms=79.393|monotonic_ms=80|clock_delta_ms=.607|cl
ock_suspect=0
PMLE_LIVE_REPLAY_TIC|tic=49|mle_ms=95.507|monotonic_ms=100|clock_delta_ms=4.493|
clock_suspect=0
PMLE_LIVE_REPLAY_TIC|tic=50|mle_ms=47.922|monotonic_ms=50|clock_delta_ms=2.078|c
lock_suspect=0
PMLE_LIVE_REPLAY_TIC|tic=51|mle_ms=83.39|monotonic_ms=80|clock_delta_ms=3.39|clo
ck_suspect=0
PMLE_LIVE_REPLAY_TIC|tic=52|mle_ms=84.743|monotonic_ms=90|clock_delta_ms=5.257|c
lock_suspect=0
PMLE_LIVE_REPLAY_TIC|tic=53|mle_ms=35.458|monotonic_ms=30|clock_delta_ms=5.458|c
lock_suspect=0
PMLE_LIVE_REPLAY_TIC|tic=54|mle_ms=63.638|monotonic_ms=70|clock_delta_ms=6.362|c
lock_suspect=0
PMLE_LIVE_REPLAY_TIC|tic=55|mle_ms=95.466|monotonic_ms=90|clock_delta_ms=5.466|c
lock_suspect=0
PMLE_LIVE_REPLAY_TIC|tic=56|mle_ms=50.026|monotonic_ms=50|clock_delta_ms=.026|cl
ock_suspect=0
PMLE_LIVE_REPLAY_TIC|tic=57|mle_ms=62.146|monotonic_ms=60|clock_delta_ms=2.146|c
lock_suspect=0
PMLE_LIVE_REPLAY_TIC|tic=58|mle_ms=143.201|monotonic_ms=150|clock_delta_ms=6.799
|clock_suspect=0
PMLE_LIVE_REPLAY_TIC|tic=59|mle_ms=23.619|monotonic_ms=20|clock_delta_ms=3.619|c
lock_suspect=0
PMLE_LIVE_REPLAY_TIC|tic=60|mle_ms=178.247|monotonic_ms=180|clock_delta_ms=1.753
|clock_suspect=0
PMLE_LIVE_REPLAY_TIC|tic=61|mle_ms=125.863|monotonic_ms=120|clock_delta_ms=5.863
|clock_suspect=0
PMLE_LIVE_REPLAY_TIC|tic=62|mle_ms=36.41|monotonic_ms=40|clock_delta_ms=3.59|clo
ck_suspect=0
PMLE_LIVE_REPLAY_TIC|tic=63|mle_ms=62.617|monotonic_ms=60|clock_delta_ms=2.617|c
lock_suspect=0
PMLE_LIVE_REPLAY_TIC|tic=64|mle_ms=121.711|monotonic_ms=130|clock_delta_ms=8.289
|clock_suspect=0
PMLE_LIVE_REPLAY_TIC|tic=65|mle_ms=19.592|monotonic_ms=20|clock_delta_ms=.408|cl
ock_suspect=0
PMLE_LIVE_REPLAY_TIC|tic=66|mle_ms=91.803|monotonic_ms=90|clock_delta_ms=1.803|c
lock_suspect=0
PMLE_LIVE_REPLAY_TIC|tic=67|mle_ms=111.194|monotonic_ms=110|clock_delta_ms=1.194
|clock_suspect=0
PMLE_LIVE_REPLAY_TIC|tic=68|mle_ms=39.709|monotonic_ms=40|clock_delta_ms=.291|cl
ock_suspect=0
PMLE_LIVE_REPLAY_TIC|tic=69|mle_ms=44.663|monotonic_ms=40|clock_delta_ms=4.663|c
lock_suspect=0
PMLE_LIVE_REPLAY_TIC|tic=70|mle_ms=99.79|monotonic_ms=100|clock_delta_ms=.21|clo
ck_suspect=0
PMLE_LIVE_REPLAY_TIC|tic=71|mle_ms=62.019|monotonic_ms=60|clock_delta_ms=2.019|c
lock_suspect=0
PMLE_LIVE_REPLAY_TIC|tic=72|mle_ms=46.967|monotonic_ms=50|clock_delta_ms=3.033|c
lock_suspect=0
PMLE_LIVE_REPLAY_TIC|tic=73|mle_ms=158.397|monotonic_ms=160|clock_delta_ms=1.603
|clock_suspect=0
PMLE_LIVE_REPLAY_TIC|tic=74|mle_ms=53.171|monotonic_ms=50|clock_delta_ms=3.171|c
lock_suspect=0
PMLE_LIVE_REPLAY_TIC|tic=75|mle_ms=61.358|monotonic_ms=70|clock_delta_ms=8.642|c
lock_suspect=0
PMLE_LIVE_REPLAY_TIC|tic=76|mle_ms=132.007|monotonic_ms=130|clock_delta_ms=2.007
|clock_suspect=0
PMLE_LIVE_REPLAY_TIC|tic=77|mle_ms=52.446|monotonic_ms=50|clock_delta_ms=2.446|c
lock_suspect=0
PMLE_LIVE_REPLAY_TIC|tic=78|mle_ms=55.744|monotonic_ms=60|clock_delta_ms=4.256|c
lock_suspect=0
PMLE_LIVE_REPLAY_TIC|tic=79|mle_ms=97.293|monotonic_ms=90|clock_delta_ms=7.293|c
lock_suspect=0
PMLE_LIVE_REPLAY_TIC|tic=80|mle_ms=29.926|monotonic_ms=30|clock_delta_ms=.074|cl
ock_suspect=0
PMLE_LIVE_REPLAY_TIC|tic=81|mle_ms=99.71|monotonic_ms=100|clock_delta_ms=.29|clo
ck_suspect=0
PMLE_LIVE_REPLAY_TIC|tic=82|mle_ms=114.688|monotonic_ms=120|clock_delta_ms=5.312
|clock_suspect=0
PMLE_LIVE_REPLAY_TIC|tic=83|mle_ms=52.907|monotonic_ms=50|clock_delta_ms=2.907|c
lock_suspect=0
PMLE_LIVE_REPLAY_TIC|tic=84|mle_ms=67.194|monotonic_ms=70|clock_delta_ms=2.806|c
lock_suspect=0
PMLE_LIVE_REPLAY_TIC|tic=85|mle_ms=91.641|monotonic_ms=90|clock_delta_ms=1.641|c
lock_suspect=0
PMLE_LIVE_REPLAY_TIC|tic=86|mle_ms=53.495|monotonic_ms=50|clock_delta_ms=3.495|c
lock_suspect=0
PMLE_LIVE_REPLAY_TIC|tic=87|mle_ms=77.1|monotonic_ms=80|clock_delta_ms=2.9|clock
_suspect=0
PMLE_LIVE_REPLAY_TIC|tic=88|mle_ms=110.257|monotonic_ms=110|clock_delta_ms=.257|
clock_suspect=0
PMLE_LIVE_REPLAY_TIC|tic=89|mle_ms=41.241|monotonic_ms=40|clock_delta_ms=1.241|c
lock_suspect=0
PMLE_LIVE_REPLAY_TIC|tic=90|mle_ms=66.4|monotonic_ms=70|clock_delta_ms=3.6|clock
_suspect=0
PMLE_LIVE_REPLAY_TIC|tic=91|mle_ms=153.085|monotonic_ms=150|clock_delta_ms=3.085
|clock_suspect=0
PMLE_LIVE_REPLAY_TIC|tic=92|mle_ms=42.335|monotonic_ms=40|clock_delta_ms=2.335|c
lock_suspect=0
PMLE_LIVE_REPLAY_TIC|tic=93|mle_ms=74.387|monotonic_ms=80|clock_delta_ms=5.613|c
lock_suspect=0
PMLE_LIVE_REPLAY_TIC|tic=94|mle_ms=130.238|monotonic_ms=130|clock_delta_ms=.238|
clock_suspect=0
PMLE_LIVE_REPLAY_TIC|tic=95|mle_ms=30.175|monotonic_ms=30|clock_delta_ms=.175|cl
ock_suspect=0
PMLE_LIVE_REPLAY_TIC|tic=96|mle_ms=68.607|monotonic_ms=70|clock_delta_ms=1.393|c
lock_suspect=0
PMLE_LIVE_REPLAY_TIC|tic=97|mle_ms=112.442|monotonic_ms=110|clock_delta_ms=2.442
|clock_suspect=0
PMLE_LIVE_REPLAY_TIC|tic=98|mle_ms=49.549|monotonic_ms=50|clock_delta_ms=.451|cl
ock_suspect=0
PMLE_LIVE_REPLAY_TIC|tic=99|mle_ms=61.337|monotonic_ms=60|clock_delta_ms=1.337|c
lock_suspect=0
PMLE_LIVE_REPLAY_TIC|tic=100|mle_ms=113.459|monotonic_ms=120|clock_delta_ms=6.54
1|clock_suspect=0
PMLE_LIVE_REPLAY_TIC|tic=101|mle_ms=67.494|monotonic_ms=60|clock_delta_ms=7.494|
clock_suspect=0
PMLE_LIVE_REPLAY_TIC|tic=102|mle_ms=48.139|monotonic_ms=50|clock_delta_ms=1.861|
clock_suspect=0
PMLE_LIVE_REPLAY_TIC|tic=103|mle_ms=111.016|monotonic_ms=110|clock_delta_ms=1.01
6|clock_suspect=0
PMLE_LIVE_REPLAY_TIC|tic=104|mle_ms=51.046|monotonic_ms=50|clock_delta_ms=1.046|
clock_suspect=0
PMLE_LIVE_REPLAY_TIC|tic=105|mle_ms=30.529|monotonic_ms=40|clock_delta_ms=9.471|
clock_suspect=0
PMLE_LIVE_REPLAY_TIC|tic=106|mle_ms=112.744|monotonic_ms=110|clock_delta_ms=2.74
4|clock_suspect=0
PMLE_LIVE_REPLAY_TIC|tic=107|mle_ms=49.223|monotonic_ms=50|clock_delta_ms=.777|c
lock_suspect=0
PMLE_LIVE_REPLAY_TIC|tic=108|mle_ms=67.944|monotonic_ms=70|clock_delta_ms=2.056|
clock_suspect=0
PMLE_LIVE_REPLAY_TIC|tic=109|mle_ms=103.606|monotonic_ms=100|clock_delta_ms=3.60
6|clock_suspect=0
PMLE_LIVE_REPLAY_TIC|tic=110|mle_ms=36.148|monotonic_ms=40|clock_delta_ms=3.852|
clock_suspect=0
PMLE_LIVE_REPLAY_TIC|tic=111|mle_ms=171.964|monotonic_ms=170|clock_delta_ms=1.96
4|clock_suspect=0
PMLE_LIVE_REPLAY_TIC|tic=112|mle_ms=93.299|monotonic_ms=90|clock_delta_ms=3.299|
clock_suspect=0
PMLE_LIVE_REPLAY_TIC|tic=113|mle_ms=48.964|monotonic_ms=50|clock_delta_ms=1.036|
clock_suspect=0
PMLE_LIVE_REPLAY_TIC|tic=114|mle_ms=85.41|monotonic_ms=90|clock_delta_ms=4.59|cl
ock_suspect=0
PMLE_LIVE_REPLAY_TIC|tic=115|mle_ms=102.042|monotonic_ms=100|clock_delta_ms=2.04
2|clock_suspect=0
PMLE_LIVE_REPLAY_TIC|tic=116|mle_ms=57.935|monotonic_ms=60|clock_delta_ms=2.065|
clock_suspect=0
PMLE_LIVE_REPLAY_TIC|tic=117|mle_ms=81.545|monotonic_ms=80|clock_delta_ms=1.545|
clock_suspect=0
PMLE_LIVE_REPLAY_TIC|tic=118|mle_ms=109.637|monotonic_ms=110|clock_delta_ms=.363
|clock_suspect=0
PMLE_LIVE_REPLAY_TIC|tic=119|mle_ms=26.851|monotonic_ms=20|clock_delta_ms=6.851|
clock_suspect=0
PMLE_LIVE_REPLAY_TIC|tic=120|mle_ms=49.733|monotonic_ms=50|clock_delta_ms=.267|c
lock_suspect=0
PMLE_LIVE_REPLAY_TIC|tic=121|mle_ms=138.195|monotonic_ms=140|clock_delta_ms=1.80
5|clock_suspect=0
PMLE_LIVE_REPLAY_TIC|tic=122|mle_ms=33.061|monotonic_ms=30|clock_delta_ms=3.061|
clock_suspect=0
PMLE_LIVE_REPLAY_TIC|tic=123|mle_ms=85.632|monotonic_ms=90|clock_delta_ms=4.368|
clock_suspect=0
PMLE_LIVE_REPLAY_TIC|tic=124|mle_ms=139.262|monotonic_ms=140|clock_delta_ms=.738
|clock_suspect=0
PMLE_LIVE_REPLAY_TIC|tic=125|mle_ms=33.806|monotonic_ms=30|clock_delta_ms=3.806|
clock_suspect=0
PMLE_LIVE_REPLAY_TIC|tic=126|mle_ms=75.087|monotonic_ms=80|clock_delta_ms=4.913|
clock_suspect=0
PMLE_LIVE_REPLAY_TIC|tic=127|mle_ms=126.453|monotonic_ms=130|clock_delta_ms=3.54
7|clock_suspect=0
PMLE_LIVE_REPLAY_TIC|tic=128|mle_ms=49.592|monotonic_ms=50|clock_delta_ms=.408|c
lock_suspect=0
PMLE_LIVE_REPLAY_TIC|tic=129|mle_ms=79.934|monotonic_ms=80|clock_delta_ms=.066|c
lock_suspect=0
PMLE_LIVE_REPLAY_TIC|tic=130|mle_ms=192.953|monotonic_ms=190|clock_delta_ms=2.95
3|clock_suspect=0
PMLE_LIVE_REPLAY_TIC|tic=131|mle_ms=90.426|monotonic_ms=90|clock_delta_ms=.426|c
lock_suspect=0
PMLE_LIVE_REPLAY_TIC|tic=132|mle_ms=53.015|monotonic_ms=50|clock_delta_ms=3.015|
clock_suspect=0
PMLE_LIVE_REPLAY_TIC|tic=133|mle_ms=129.187|monotonic_ms=130|clock_delta_ms=.813
|clock_suspect=0
PMLE_LIVE_REPLAY_TIC|tic=134|mle_ms=138.916|monotonic_ms=140|clock_delta_ms=1.08
4|clock_suspect=0
PMLE_LIVE_REPLAY_TIC|tic=135|mle_ms=58.426|monotonic_ms=60|clock_delta_ms=1.574|
clock_suspect=0
PMLE_LIVE_REPLAY_TIC|tic=136|mle_ms=99.031|monotonic_ms=100|clock_delta_ms=.969|
clock_suspect=0
PMLE_LIVE_REPLAY_TIC|tic=137|mle_ms=117.746|monotonic_ms=120|clock_delta_ms=2.25
4|clock_suspect=0
PMLE_LIVE_REPLAY_TIC|tic=138|mle_ms=172.892|monotonic_ms=170|clock_delta_ms=2.89
2|clock_suspect=0
PMLE_LIVE_REPLAY_TIC|tic=139|mle_ms=161.405|monotonic_ms=160|clock_delta_ms=1.40
5|clock_suspect=0
PMLE_LIVE_REPLAY_TIC|tic=140|mle_ms=82.158|monotonic_ms=80|clock_delta_ms=2.158|
clock_suspect=0
PMLE_LIVE_REPLAY_TIC|tic=141|mle_ms=101.905|monotonic_ms=100|clock_delta_ms=1.90
5|clock_suspect=0
PMLE_LIVE_REPLAY_TIC|tic=142|mle_ms=102.92|monotonic_ms=110|clock_delta_ms=7.08|
clock_suspect=0
PMLE_LIVE_REPLAY_TIC|tic=143|mle_ms=96.331|monotonic_ms=90|clock_delta_ms=6.331|
clock_suspect=0
PMLE_LIVE_REPLAY_TIC|tic=144|mle_ms=57.316|monotonic_ms=60|clock_delta_ms=2.684|
clock_suspect=0
PMLE_LIVE_REPLAY_TIC|tic=145|mle_ms=86.518|monotonic_ms=90|clock_delta_ms=3.482|
clock_suspect=0
PMLE_LIVE_REPLAY_TIC|tic=146|mle_ms=99.478|monotonic_ms=100|clock_delta_ms=.522|
clock_suspect=0
PMLE_LIVE_REPLAY_TIC|tic=147|mle_ms=-34.254|monotonic_ms=70|clock_delta_ms=104.2
54|clock_suspect=1
PMLE_LIVE_REPLAY_TIC|tic=148|mle_ms=84.218|monotonic_ms=80|clock_delta_ms=4.218|
clock_suspect=0
PMLE_LIVE_REPLAY_TIC|tic=149|mle_ms=160.141|monotonic_ms=160|clock_delta_ms=.141
|clock_suspect=0
PMLE_LIVE_REPLAY_TIC|tic=150|mle_ms=81.82|monotonic_ms=80|clock_delta_ms=1.82|cl
ock_suspect=0
PMLE_LIVE_REPLAY_TIC|tic=151|mle_ms=123.153|monotonic_ms=130|clock_delta_ms=6.84
7|clock_suspect=0
PMLE_LIVE_REPLAY_TIC|tic=152|mle_ms=56.466|monotonic_ms=50|clock_delta_ms=6.466|
clock_suspect=0
PMLE_LIVE_REPLAY_TIC|tic=153|mle_ms=137.488|monotonic_ms=140|clock_delta_ms=2.51
2|clock_suspect=0
PMLE_LIVE_REPLAY_TIC|tic=154|mle_ms=118.507|monotonic_ms=120|clock_delta_ms=1.49
3|clock_suspect=0
PMLE_LIVE_REPLAY_TIC|tic=155|mle_ms=72.601|monotonic_ms=70|clock_delta_ms=2.601|
clock_suspect=0
PMLE_LIVE_REPLAY_TIC|tic=156|mle_ms=82.127|monotonic_ms=80|clock_delta_ms=2.127|
clock_suspect=0
PMLE_LIVE_REPLAY_TIC|tic=157|mle_ms=108.901|monotonic_ms=110|clock_delta_ms=1.09
9|clock_suspect=0
PMLE_LIVE_REPLAY_TIC|tic=158|mle_ms=73.946|monotonic_ms=80|clock_delta_ms=6.054|
clock_suspect=0
PMLE_LIVE_REPLAY_TIC|tic=159|mle_ms=189.141|monotonic_ms=190|clock_delta_ms=.859
|clock_suspect=0
PMLE_LIVE_REPLAY_TIC|tic=160|mle_ms=104.105|monotonic_ms=100|clock_delta_ms=4.10
5|clock_suspect=0
PMLE_LIVE_REPLAY_TIC|tic=161|mle_ms=96.124|monotonic_ms=100|clock_delta_ms=3.876
|clock_suspect=0
PMLE_LIVE_REPLAY_TIC|tic=162|mle_ms=80.936|monotonic_ms=80|clock_delta_ms=.936|c
lock_suspect=0
PMLE_LIVE_REPLAY_TIC|tic=163|mle_ms=135.11|monotonic_ms=130|clock_delta_ms=5.11|
clock_suspect=0
PMLE_LIVE_REPLAY_TIC|tic=164|mle_ms=60.769|monotonic_ms=60|clock_delta_ms=.769|c
lock_suspect=0
PMLE_LIVE_REPLAY_TIC|tic=165|mle_ms=48.233|monotonic_ms=50|clock_delta_ms=1.767|
clock_suspect=0
PMLE_LIVE_REPLAY_TIC|tic=166|mle_ms=141.244|monotonic_ms=140|clock_delta_ms=1.24
4|clock_suspect=0
PMLE_LIVE_REPLAY_TIC|tic=167|mle_ms=58.385|monotonic_ms=60|clock_delta_ms=1.615|
clock_suspect=0
PMLE_LIVE_REPLAY_TIC|tic=168|mle_ms=169.586|monotonic_ms=170|clock_delta_ms=.414
|clock_suspect=0
PMLE_LIVE_REPLAY_TIC|tic=169|mle_ms=135.121|monotonic_ms=140|clock_delta_ms=4.87
9|clock_suspect=0
PMLE_LIVE_REPLAY_TIC|tic=170|mle_ms=106.323|monotonic_ms=100|clock_delta_ms=6.32
3|clock_suspect=0
PMLE_LIVE_REPLAY_TIC|tic=171|mle_ms=102.223|monotonic_ms=110|clock_delta_ms=7.77
7|clock_suspect=0
PMLE_LIVE_REPLAY_TIC|tic=172|mle_ms=203.457|monotonic_ms=200|clock_delta_ms=3.45
7|clock_suspect=0
PMLE_LIVE_REPLAY_TIC|tic=173|mle_ms=85.379|monotonic_ms=80|clock_delta_ms=5.379|
clock_suspect=0
PMLE_LIVE_REPLAY_TIC|tic=174|mle_ms=125.663|monotonic_ms=130|clock_delta_ms=4.33
7|clock_suspect=0
PMLE_LIVE_REPLAY_TIC|tic=175|mle_ms=113.17|monotonic_ms=110|clock_delta_ms=3.17|
clock_suspect=0
PMLE_LIVE_REPLAY_TIC|tic=176|mle_ms=96.775|monotonic_ms=100|clock_delta_ms=3.225
|clock_suspect=0
PMLE_LIVE_REPLAY_TIC|tic=177|mle_ms=102.47|monotonic_ms=100|clock_delta_ms=2.47|
clock_suspect=0
PMLE_LIVE_REPLAY_TIC|tic=178|mle_ms=164.166|monotonic_ms=170|clock_delta_ms=5.83
4|clock_suspect=0
PMLE_LIVE_REPLAY_TIC|tic=179|mle_ms=92.875|monotonic_ms=90|clock_delta_ms=2.875|
clock_suspect=0
PMLE_LIVE_REPLAY_TIC|tic=180|mle_ms=101.637|monotonic_ms=100|clock_delta_ms=1.63
7|clock_suspect=0
PMLE_LIVE_REPLAY_TIC|tic=181|mle_ms=165.658|monotonic_ms=170|clock_delta_ms=4.34
2|clock_suspect=0
PMLE_LIVE_REPLAY_TIC|tic=182|mle_ms=140.967|monotonic_ms=140|clock_delta_ms=.967
|clock_suspect=0
PMLE_LIVE_REPLAY_TIC|tic=183|mle_ms=147.046|monotonic_ms=150|clock_delta_ms=2.95
4|clock_suspect=0
PMLE_LIVE_REPLAY_TIC|tic=184|mle_ms=140.299|monotonic_ms=140|clock_delta_ms=.299
|clock_suspect=0
PMLE_LIVE_REPLAY_TIC|tic=185|mle_ms=265.83|monotonic_ms=260|clock_delta_ms=5.83|
clock_suspect=0
PMLE_LIVE_REPLAY_TIC|tic=186|mle_ms=178.344|monotonic_ms=180|clock_delta_ms=1.65
6|clock_suspect=0
PMLE_LIVE_REPLAY_TIC|tic=187|mle_ms=317.268|monotonic_ms=320|clock_delta_ms=2.73
2|clock_suspect=0
PMLE_LIVE_REPLAY_TIC|tic=188|mle_ms=128.578|monotonic_ms=130|clock_delta_ms=1.42
2|clock_suspect=0
PMLE_LIVE_REPLAY_TIC|tic=189|mle_ms=207.139|monotonic_ms=200|clock_delta_ms=7.13
9|clock_suspect=0
PMLE_LIVE_REPLAY_TIC|tic=190|mle_ms=163.679|monotonic_ms=170|clock_delta_ms=6.32
1|clock_suspect=0
PMLE_LIVE_REPLAY_TIC|tic=191|mle_ms=182.045|monotonic_ms=180|clock_delta_ms=2.04
5|clock_suspect=0
PMLE_LIVE_REPLAY_TIC|tic=192|mle_ms=88.403|monotonic_ms=90|clock_delta_ms=1.597|
clock_suspect=0
PMLE_LIVE_REPLAY_TIC|tic=193|mle_ms=150.238|monotonic_ms=150|clock_delta_ms=.238
|clock_suspect=0
PMLE_LIVE_REPLAY_TIC|tic=194|mle_ms=152.157|monotonic_ms=150|clock_delta_ms=2.15
7|clock_suspect=0
PMLE_LIVE_REPLAY_TIC|tic=195|mle_ms=93.433|monotonic_ms=90|clock_delta_ms=3.433|
clock_suspect=0
PMLE_LIVE_REPLAY_TIC|tic=196|mle_ms=159.732|monotonic_ms=160|clock_delta_ms=.268
|clock_suspect=0
PMLE_LIVE_REPLAY_TIC|tic=197|mle_ms=163.696|monotonic_ms=170|clock_delta_ms=6.30
4|clock_suspect=0
PMLE_LIVE_REPLAY_TIC|tic=198|mle_ms=132.431|monotonic_ms=130|clock_delta_ms=2.43
1|clock_suspect=0
PMLE_LIVE_REPLAY_TIC|tic=199|mle_ms=125.434|monotonic_ms=130|clock_delta_ms=4.56
6|clock_suspect=0
PMLE_LIVE_REPLAY_TIC|tic=200|mle_ms=123.927|monotonic_ms=120|clock_delta_ms=3.92
7|clock_suspect=0
PMLE_LIVE_REPLAY_TIC|tic=201|mle_ms=273.58|monotonic_ms=280|clock_delta_ms=6.42|
clock_suspect=0
PMLE_LIVE_REPLAY_TIC|tic=202|mle_ms=121.712|monotonic_ms=120|clock_delta_ms=1.71
2|clock_suspect=0
PMLE_LIVE_REPLAY_TIC|tic=203|mle_ms=148.516|monotonic_ms=150|clock_delta_ms=1.48
4|clock_suspect=0
PMLE_LIVE_REPLAY_TIC|tic=204|mle_ms=94.976|monotonic_ms=90|clock_delta_ms=4.976|
clock_suspect=0
PMLE_LIVE_REPLAY_TIC|tic=205|mle_ms=127.475|monotonic_ms=130|clock_delta_ms=2.52
5|clock_suspect=0
PMLE_LIVE_REPLAY_TIC|tic=206|mle_ms=281.132|monotonic_ms=280|clock_delta_ms=1.13
2|clock_suspect=0
PMLE_LIVE_REPLAY_TIC|tic=207|mle_ms=124.852|monotonic_ms=130|clock_delta_ms=5.14
8|clock_suspect=0
PMLE_LIVE_REPLAY_TIC|tic=208|mle_ms=296.375|monotonic_ms=290|clock_delta_ms=6.37
5|clock_suspect=0
PMLE_LIVE_REPLAY_TIC|tic=209|mle_ms=145.685|monotonic_ms=150|clock_delta_ms=4.31
5|clock_suspect=0
PMLE_LIVE_REPLAY_TIC|tic=210|mle_ms=178.139|monotonic_ms=180|clock_delta_ms=1.86
1|clock_suspect=0
PMLE_LIVE_REPLAY_TIC|tic=211|mle_ms=163.35|monotonic_ms=160|clock_delta_ms=3.35|
clock_suspect=0
PMLE_LIVE_REPLAY_TIC|tic=212|mle_ms=181.338|monotonic_ms=180|clock_delta_ms=1.33
8|clock_suspect=0
PMLE_LIVE_REPLAY_TIC|tic=213|mle_ms=99.513|monotonic_ms=100|clock_delta_ms=.487|
clock_suspect=0
PMLE_LIVE_REPLAY_TIC|tic=214|mle_ms=135.047|monotonic_ms=140|clock_delta_ms=4.95
3|clock_suspect=0
PMLE_LIVE_REPLAY_TIC|tic=215|mle_ms=160.969|monotonic_ms=160|clock_delta_ms=.969
|clock_suspect=0
PMLE_LIVE_REPLAY_TIC|tic=216|mle_ms=91.735|monotonic_ms=90|clock_delta_ms=1.735|
clock_suspect=0
PMLE_LIVE_REPLAY_TIC|tic=217|mle_ms=109.99|monotonic_ms=110|clock_delta_ms=.01|c
lock_suspect=0
PMLE_LIVE_REPLAY_TIC|tic=218|mle_ms=142.991|monotonic_ms=140|clock_delta_ms=2.99
1|clock_suspect=0
PMLE_LIVE_REPLAY_TIC|tic=219|mle_ms=73.332|monotonic_ms=80|clock_delta_ms=6.668|
clock_suspect=0
PMLE_LIVE_REPLAY_TIC|tic=220|mle_ms=197.036|monotonic_ms=190|clock_delta_ms=7.03
6|clock_suspect=0
PMLE_LIVE_REPLAY_TIC|tic=221|mle_ms=186.309|monotonic_ms=190|clock_delta_ms=3.69
1|clock_suspect=0
PMLE_LIVE_REPLAY_TIC|tic=222|mle_ms=114.425|monotonic_ms=120|clock_delta_ms=5.57
5|clock_suspect=0
PMLE_LIVE_REPLAY_TIC|tic=223|mle_ms=143.484|monotonic_ms=140|clock_delta_ms=3.48
4|clock_suspect=0
PMLE_LIVE_REPLAY_TIC|tic=224|mle_ms=114.133|monotonic_ms=110|clock_delta_ms=4.13
3|clock_suspect=0
PMLE_LIVE_REPLAY_TIC|tic=225|mle_ms=177.173|monotonic_ms=180|clock_delta_ms=2.82
7|clock_suspect=0
PMLE_LIVE_REPLAY_TIC|tic=226|mle_ms=181.38|monotonic_ms=180|clock_delta_ms=1.38|
clock_suspect=0
PMLE_LIVE_REPLAY_TIC|tic=227|mle_ms=125.968|monotonic_ms=130|clock_delta_ms=4.03
2|clock_suspect=0
PMLE_LIVE_REPLAY_TIC|tic=228|mle_ms=84.803|monotonic_ms=80|clock_delta_ms=4.803|
clock_suspect=0
PMLE_LIVE_REPLAY_TIC|tic=229|mle_ms=203.904|monotonic_ms=210|clock_delta_ms=6.09
6|clock_suspect=0
PMLE_LIVE_REPLAY_TIC|tic=230|mle_ms=190.168|monotonic_ms=190|clock_delta_ms=.168
|clock_suspect=0
PMLE_LIVE_REPLAY_TIC|tic=231|mle_ms=111.632|monotonic_ms=110|clock_delta_ms=1.63
2|clock_suspect=0
PMLE_LIVE_REPLAY_TIC|tic=232|mle_ms=101.187|monotonic_ms=100|clock_delta_ms=1.18
7|clock_suspect=0
PMLE_LIVE_REPLAY_TIC|tic=233|mle_ms=143.714|monotonic_ms=140|clock_delta_ms=3.71
4|clock_suspect=0
PMLE_LIVE_REPLAY_TIC|tic=234|mle_ms=82.777|monotonic_ms=90|clock_delta_ms=7.223|
clock_suspect=0
PMLE_LIVE_REPLAY_TIC|tic=235|mle_ms=115.694|monotonic_ms=110|clock_delta_ms=5.69
4|clock_suspect=0
PMLE_LIVE_REPLAY_TIC|tic=236|mle_ms=152.554|monotonic_ms=160|clock_delta_ms=7.44
6|clock_suspect=0
PMLE_LIVE_REPLAY_TIC|tic=237|mle_ms=85.737|monotonic_ms=80|clock_delta_ms=5.737|
clock_suspect=0
PMLE_LIVE_REPLAY_TIC|tic=238|mle_ms=148.548|monotonic_ms=150|clock_delta_ms=1.45
2|clock_suspect=0
PMLE_LIVE_REPLAY_TIC|tic=239|mle_ms=99.051|monotonic_ms=100|clock_delta_ms=.949|
clock_suspect=0
PMLE_LIVE_REPLAY_TIC|tic=240|mle_ms=44.956|monotonic_ms=40|clock_delta_ms=4.956|
clock_suspect=0
PMLE_LIVE_REPLAY_TIC|tic=241|mle_ms=152.22|monotonic_ms=160|clock_delta_ms=7.78|
clock_suspect=0
PMLE_LIVE_REPLAY_TIC|tic=242|mle_ms=101.141|monotonic_ms=100|clock_delta_ms=1.14
1|clock_suspect=0
PMLE_LIVE_REPLAY_TIC|tic=243|mle_ms=122.855|monotonic_ms=120|clock_delta_ms=2.85
5|clock_suspect=0
PMLE_LIVE_REPLAY_TIC|tic=244|mle_ms=241.614|monotonic_ms=240|clock_delta_ms=1.61
4|clock_suspect=0
PMLE_LIVE_REPLAY_TIC|tic=245|mle_ms=222.463|monotonic_ms=220|clock_delta_ms=2.46
3|clock_suspect=0
PMLE_LIVE_REPLAY_TIC|tic=246|mle_ms=75.996|monotonic_ms=80|clock_delta_ms=4.004|
clock_suspect=0
PMLE_LIVE_REPLAY_TIC|tic=247|mle_ms=126.697|monotonic_ms=130|clock_delta_ms=3.30
3|clock_suspect=0
PMLE_LIVE_REPLAY_TIC|tic=248|mle_ms=126.36|monotonic_ms=120|clock_delta_ms=6.36|
clock_suspect=0
PMLE_LIVE_REPLAY_TIC|tic=249|mle_ms=106.901|monotonic_ms=110|clock_delta_ms=3.09
9|clock_suspect=0
PMLE_LIVE_REPLAY_TIC|tic=250|mle_ms=120.083|monotonic_ms=120|clock_delta_ms=.083
|clock_suspect=0
PMLE_LIVE_REPLAY_TIC|tic=251|mle_ms=164.134|monotonic_ms=160|clock_delta_ms=4.13
4|clock_suspect=0
PMLE_LIVE_REPLAY_TIC|tic=252|mle_ms=47.037|monotonic_ms=50|clock_delta_ms=2.963|
clock_suspect=0
PMLE_LIVE_REPLAY_TIC|tic=253|mle_ms=167.127|monotonic_ms=170|clock_delta_ms=2.87
3|clock_suspect=0
PMLE_LIVE_REPLAY_TIC|tic=254|mle_ms=113.368|monotonic_ms=110|clock_delta_ms=3.36
8|clock_suspect=0
PMLE_LIVE_REPLAY_TIC|tic=255|mle_ms=72.247|monotonic_ms=80|clock_delta_ms=7.753|
clock_suspect=0
PMLE_LIVE_REPLAY_TIC|tic=256|mle_ms=127.596|monotonic_ms=120|clock_delta_ms=7.59
6|clock_suspect=0
PMLE_LIVE_REPLAY_TIC|tic=257|mle_ms=121.36|monotonic_ms=120|clock_delta_ms=1.36|
clock_suspect=0
PMLE_LIVE_REPLAY_TIC|tic=258|mle_ms=82.516|monotonic_ms=90|clock_delta_ms=7.484|
clock_suspect=0
PMLE_LIVE_REPLAY_TIC|tic=259|mle_ms=106.131|monotonic_ms=100|clock_delta_ms=6.13
1|clock_suspect=0
PMLE_LIVE_REPLAY_TIC|tic=260|mle_ms=115.341|monotonic_ms=120|clock_delta_ms=4.65
9|clock_suspect=0
PMLE_LIVE_REPLAY_TIC|tic=261|mle_ms=145.441|monotonic_ms=140|clock_delta_ms=5.44
1|clock_suspect=0
PMLE_LIVE_REPLAY_TIC|tic=262|mle_ms=175.209|monotonic_ms=180|clock_delta_ms=4.79
1|clock_suspect=0
PMLE_LIVE_REPLAY_TIC|tic=263|mle_ms=141.647|monotonic_ms=140|clock_delta_ms=1.64
7|clock_suspect=0
PMLE_LIVE_REPLAY_TIC|tic=264|mle_ms=180.005|monotonic_ms=180|clock_delta_ms=.005
|clock_suspect=0
PMLE_LIVE_REPLAY_TIC|tic=265|mle_ms=147.229|monotonic_ms=150|clock_delta_ms=2.77
1|clock_suspect=0
PMLE_LIVE_REPLAY_TIC|tic=266|mle_ms=121.093|monotonic_ms=120|clock_delta_ms=1.09
3|clock_suspect=0
PMLE_LIVE_REPLAY_TIC|tic=267|mle_ms=261.076|monotonic_ms=260|clock_delta_ms=1.07
6|clock_suspect=0
PMLE_LIVE_REPLAY_TIC|tic=268|mle_ms=174.094|monotonic_ms=170|clock_delta_ms=4.09
4|clock_suspect=0
PMLE_LIVE_REPLAY_TIC|tic=269|mle_ms=115.975|monotonic_ms=120|clock_delta_ms=4.02
5|clock_suspect=0
PMLE_LIVE_REPLAY_TIC|tic=270|mle_ms=81.559|monotonic_ms=80|clock_delta_ms=1.559|
clock_suspect=0
PMLE_LIVE_REPLAY_TIC|tic=271|mle_ms=201.445|monotonic_ms=200|clock_delta_ms=1.44
5|clock_suspect=0
PMLE_LIVE_REPLAY_TIC|tic=272|mle_ms=108.31|monotonic_ms=110|clock_delta_ms=1.69|
clock_suspect=0
PMLE_LIVE_REPLAY_TIC|tic=273|mle_ms=113.38|monotonic_ms=120|clock_delta_ms=6.62|
clock_suspect=0
PMLE_LIVE_REPLAY_TIC|tic=274|mle_ms=125.947|monotonic_ms=120|clock_delta_ms=5.94
7|clock_suspect=0
PMLE_LIVE_REPLAY_TIC|tic=275|mle_ms=97.719|monotonic_ms=100|clock_delta_ms=2.281
|clock_suspect=0
PMLE_LIVE_REPLAY_TIC|tic=276|mle_ms=107.63|monotonic_ms=110|clock_delta_ms=2.37|
clock_suspect=0
PMLE_LIVE_REPLAY_TIC|tic=277|mle_ms=153.159|monotonic_ms=150|clock_delta_ms=3.15
9|clock_suspect=0
PMLE_LIVE_REPLAY_TIC|tic=278|mle_ms=96.57|monotonic_ms=100|clock_delta_ms=3.43|c
lock_suspect=0
PMLE_LIVE_REPLAY_TIC|tic=279|mle_ms=150.208|monotonic_ms=150|clock_delta_ms=.208
|clock_suspect=0
PMLE_LIVE_REPLAY_TIC|tic=280|mle_ms=115.719|monotonic_ms=110|clock_delta_ms=5.71
9|clock_suspect=0
PMLE_LIVE_REPLAY_TIC|tic=281|mle_ms=125.713|monotonic_ms=130|clock_delta_ms=4.28
7|clock_suspect=0
PMLE_LIVE_REPLAY_TIC|tic=282|mle_ms=76.991|monotonic_ms=80|clock_delta_ms=3.009|
clock_suspect=0
PMLE_LIVE_REPLAY_TIC|tic=283|mle_ms=253.026|monotonic_ms=250|clock_delta_ms=3.02
6|clock_suspect=0
PMLE_LIVE_REPLAY_TIC|tic=284|mle_ms=89.257|monotonic_ms=90|clock_delta_ms=.743|c
lock_suspect=0
PMLE_LIVE_REPLAY_TIC|tic=285|mle_ms=75.829|monotonic_ms=70|clock_delta_ms=5.829|
clock_suspect=0
PMLE_LIVE_REPLAY_TIC|tic=286|mle_ms=155.475|monotonic_ms=160|clock_delta_ms=4.52
5|clock_suspect=0
PMLE_LIVE_REPLAY_TIC|tic=287|mle_ms=182.014|monotonic_ms=180|clock_delta_ms=2.01
4|clock_suspect=0
PMLE_LIVE_REPLAY_TIC|tic=288|mle_ms=91.736|monotonic_ms=90|clock_delta_ms=1.736|
clock_suspect=0
PMLE_LIVE_REPLAY_TIC|tic=289|mle_ms=158.465|monotonic_ms=160|clock_delta_ms=1.53
5|clock_suspect=0
PMLE_LIVE_REPLAY_TIC|tic=290|mle_ms=123.09|monotonic_ms=130|clock_delta_ms=6.91|
clock_suspect=0
PMLE_LIVE_REPLAY_TIC|tic=291|mle_ms=141.938|monotonic_ms=140|clock_delta_ms=1.93
8|clock_suspect=0
PMLE_LIVE_REPLAY_TIC|tic=292|mle_ms=124.91|monotonic_ms=120|clock_delta_ms=4.91|
clock_suspect=0
PMLE_LIVE_REPLAY_TIC|tic=293|mle_ms=256.708|monotonic_ms=260|clock_delta_ms=3.29
2|clock_suspect=0
PMLE_LIVE_REPLAY_TIC|tic=294|mle_ms=117.159|monotonic_ms=120|clock_delta_ms=2.84
1|clock_suspect=0
PMLE_LIVE_REPLAY_TIC|tic=295|mle_ms=129.799|monotonic_ms=130|clock_delta_ms=.201
|clock_suspect=0
PMLE_LIVE_REPLAY_TIC|tic=296|mle_ms=104.216|monotonic_ms=100|clock_delta_ms=4.21
6|clock_suspect=0
PMLE_LIVE_REPLAY_TIC|tic=297|mle_ms=234.504|monotonic_ms=240|clock_delta_ms=5.49
6|clock_suspect=0
PMLE_LIVE_REPLAY_TIC|tic=298|mle_ms=133.539|monotonic_ms=130|clock_delta_ms=3.53
9|clock_suspect=0
PMLE_LIVE_REPLAY_TIC|tic=299|mle_ms=85.604|monotonic_ms=80|clock_delta_ms=5.604|
clock_suspect=0
PMLE_LIVE_REPLAY_TIC|tic=300|mle_ms=98.783|monotonic_ms=90|clock_delta_ms=8.783|
clock_suspect=0
PMLE_LIVE_REPLAY_TIC|tic=301|mle_ms=351.114|monotonic_ms=350|clock_delta_ms=1.11
4|clock_suspect=0
PMLE_LIVE_REPLAY_TIC|tic=302|mle_ms=102.976|monotonic_ms=100|clock_delta_ms=2.97
6|clock_suspect=0
PMLE_LIVE_REPLAY_TIC|tic=303|mle_ms=194.861|monotonic_ms=200|clock_delta_ms=5.13
9|clock_suspect=0
PMLE_LIVE_REPLAY_TIC|tic=304|mle_ms=96.407|monotonic_ms=90|clock_delta_ms=6.407|
clock_suspect=0
PMLE_LIVE_REPLAY_TIC|tic=305|mle_ms=91.913|monotonic_ms=100|clock_delta_ms=8.087
|clock_suspect=0
PMLE_LIVE_REPLAY_TIC|tic=306|mle_ms=102.839|monotonic_ms=100|clock_delta_ms=2.83
9|clock_suspect=0
PMLE_LIVE_REPLAY_TIC|tic=307|mle_ms=257.993|monotonic_ms=260|clock_delta_ms=2.00
7|clock_suspect=0
PMLE_LIVE_REPLAY_TIC|tic=308|mle_ms=76.243|monotonic_ms=70|clock_delta_ms=6.243|
clock_suspect=0
PMLE_LIVE_REPLAY_TIC|tic=309|mle_ms=79.956|monotonic_ms=80|clock_delta_ms=.044|c
lock_suspect=0
PMLE_LIVE_REPLAY_TIC|tic=310|mle_ms=127.088|monotonic_ms=130|clock_delta_ms=2.91
2|clock_suspect=0
PMLE_LIVE_REPLAY_TIC|tic=311|mle_ms=166.049|monotonic_ms=170|clock_delta_ms=3.95
1|clock_suspect=0
PMLE_LIVE_REPLAY_TIC|tic=312|mle_ms=52.408|monotonic_ms=50|clock_delta_ms=2.408|
clock_suspect=0
PMLE_LIVE_REPLAY_TIC|tic=313|mle_ms=145.031|monotonic_ms=140|clock_delta_ms=5.03
1|clock_suspect=0
PMLE_LIVE_REPLAY_TIC|tic=314|mle_ms=112.679|monotonic_ms=120|clock_delta_ms=7.32
1|clock_suspect=0
PMLE_LIVE_REPLAY_TIC|tic=315|mle_ms=50.916|monotonic_ms=50|clock_delta_ms=.916|c
lock_suspect=0
PMLE_LIVE_REPLAY_TIC|tic=316|mle_ms=260.854|monotonic_ms=260|clock_delta_ms=.854
|clock_suspect=0
PMLE_LIVE_REPLAY_TIC|tic=317|mle_ms=86.547|monotonic_ms=90|clock_delta_ms=3.453|
clock_suspect=0
PMLE_LIVE_REPLAY_TIC|tic=318|mle_ms=65.148|monotonic_ms=60|clock_delta_ms=5.148|
clock_suspect=0
PMLE_LIVE_REPLAY_TIC|tic=319|mle_ms=111.994|monotonic_ms=110|clock_delta_ms=1.99
4|clock_suspect=0
PMLE_LIVE_REPLAY_TIC|tic=320|mle_ms=152.369|monotonic_ms=160|clock_delta_ms=7.63
1|clock_suspect=0
PMLE_LIVE_REPLAY_TIC|tic=321|mle_ms=113.196|monotonic_ms=110|clock_delta_ms=3.19
6|clock_suspect=0
PMLE_LIVE_REPLAY_TIC|tic=322|mle_ms=154.031|monotonic_ms=150|clock_delta_ms=4.03
1|clock_suspect=0
PMLE_LIVE_REPLAY_TIC|tic=323|mle_ms=118.245|monotonic_ms=120|clock_delta_ms=1.75
5|clock_suspect=0
PMLE_LIVE_REPLAY_TIC|tic=324|mle_ms=82.274|monotonic_ms=80|clock_delta_ms=2.274|
clock_suspect=0
PMLE_LIVE_REPLAY_TIC|tic=325|mle_ms=95.629|monotonic_ms=100|clock_delta_ms=4.371
|clock_suspect=0
PMLE_LIVE_REPLAY_TIC|tic=326|mle_ms=137.805|monotonic_ms=140|clock_delta_ms=2.19
5|clock_suspect=0
PMLE_LIVE_REPLAY_TIC|tic=327|mle_ms=54.941|monotonic_ms=50|clock_delta_ms=4.941|
clock_suspect=0
PMLE_LIVE_REPLAY_TIC|tic=328|mle_ms=139.234|monotonic_ms=140|clock_delta_ms=.766
|clock_suspect=0
PMLE_LIVE_REPLAY_TIC|tic=329|mle_ms=133.284|monotonic_ms=130|clock_delta_ms=3.28
4|clock_suspect=0
PMLE_LIVE_REPLAY_TIC|tic=330|mle_ms=85.632|monotonic_ms=90|clock_delta_ms=4.368|
clock_suspect=0
PMLE_LIVE_REPLAY_TIC|tic=331|mle_ms=159.963|monotonic_ms=160|clock_delta_ms=.037
|clock_suspect=0
PMLE_LIVE_REPLAY_TIC|tic=332|mle_ms=102.565|monotonic_ms=100|clock_delta_ms=2.56
5|clock_suspect=0
PMLE_LIVE_REPLAY_TIC|tic=333|mle_ms=68.118|monotonic_ms=70|clock_delta_ms=1.882|
clock_suspect=0
PMLE_LIVE_REPLAY_TIC|tic=334|mle_ms=166.49|monotonic_ms=170|clock_delta_ms=3.51|
clock_suspect=0
PMLE_LIVE_REPLAY_TIC|tic=335|mle_ms=220.923|monotonic_ms=220|clock_delta_ms=.923
|clock_suspect=0
PMLE_LIVE_REPLAY_TIC|tic=336|mle_ms=91.134|monotonic_ms=90|clock_delta_ms=1.134|
clock_suspect=0
PMLE_LIVE_REPLAY_TIC|tic=337|mle_ms=145.446|monotonic_ms=150|clock_delta_ms=4.55
4|clock_suspect=0
PMLE_LIVE_REPLAY_TIC|tic=338|mle_ms=124.137|monotonic_ms=120|clock_delta_ms=4.13
7|clock_suspect=0
PMLE_LIVE_REPLAY_TIC|tic=339|mle_ms=134.368|monotonic_ms=130|clock_delta_ms=4.36
8|clock_suspect=0
PMLE_LIVE_REPLAY_TIC|tic=340|mle_ms=192.089|monotonic_ms=200|clock_delta_ms=7.91
1|clock_suspect=0
PMLE_LIVE_REPLAY_TIC|tic=341|mle_ms=164.468|monotonic_ms=160|clock_delta_ms=4.46
8|clock_suspect=0
PMLE_LIVE_REPLAY_TIC|tic=342|mle_ms=75.419|monotonic_ms=80|clock_delta_ms=4.581|
clock_suspect=0
PMLE_LIVE_REPLAY_TIC|tic=343|mle_ms=197.382|monotonic_ms=190|clock_delta_ms=7.38
2|clock_suspect=0
PMLE_LIVE_REPLAY_TIC|tic=344|mle_ms=131.162|monotonic_ms=140|clock_delta_ms=8.83
8|clock_suspect=0
PMLE_LIVE_REPLAY_TIC|tic=345|mle_ms=97.104|monotonic_ms=90|clock_delta_ms=7.104|
clock_suspect=0
PMLE_LIVE_REPLAY_TIC|tic=346|mle_ms=187.614|monotonic_ms=190|clock_delta_ms=2.38
6|clock_suspect=0
PMLE_LIVE_REPLAY_TIC|tic=347|mle_ms=144.816|monotonic_ms=140|clock_delta_ms=4.81
6|clock_suspect=0
PMLE_LIVE_REPLAY_TIC|tic=348|mle_ms=71.444|monotonic_ms=80|clock_delta_ms=8.556|
clock_suspect=0
PMLE_LIVE_REPLAY_TIC|tic=349|mle_ms=125.217|monotonic_ms=120|clock_delta_ms=5.21
7|clock_suspect=0
PMLE_LIVE_REPLAY_TIC|tic=350|mle_ms=146.002|monotonic_ms=150|clock_delta_ms=3.99
8|clock_suspect=0
PMLE_LIVE_REPLAY_TIC|tic=351|mle_ms=111.992|monotonic_ms=110|clock_delta_ms=1.99
2|clock_suspect=0
PMLE_LIVE_REPLAY_TIC|tic=352|mle_ms=154.368|monotonic_ms=150|clock_delta_ms=4.36
8|clock_suspect=0
PMLE_LIVE_REPLAY_TIC|tic=353|mle_ms=157.946|monotonic_ms=160|clock_delta_ms=2.05
4|clock_suspect=0
PMLE_LIVE_REPLAY_TIC|tic=354|mle_ms=72.303|monotonic_ms=70|clock_delta_ms=2.303|
clock_suspect=0
PMLE_LIVE_REPLAY_TIC|tic=355|mle_ms=239.394|monotonic_ms=240|clock_delta_ms=.606
|clock_suspect=0
PMLE_LIVE_REPLAY_TIC|tic=356|mle_ms=131.828|monotonic_ms=140|clock_delta_ms=8.17
2|clock_suspect=0
PMLE_LIVE_REPLAY_TIC|tic=357|mle_ms=75.703|monotonic_ms=70|clock_delta_ms=5.703|
clock_suspect=0
PMLE_LIVE_REPLAY_TIC|tic=358|mle_ms=162.091|monotonic_ms=160|clock_delta_ms=2.09
1|clock_suspect=0
PMLE_LIVE_REPLAY_TIC|tic=359|mle_ms=179.429|monotonic_ms=180|clock_delta_ms=.571
|clock_suspect=0
PMLE_LIVE_REPLAY_TIC|tic=360|mle_ms=66.756|monotonic_ms=70|clock_delta_ms=3.244|
clock_suspect=0
PMLE_LIVE_REPLAY_TIC|tic=361|mle_ms=158.137|monotonic_ms=160|clock_delta_ms=1.86
3|clock_suspect=0
PMLE_LIVE_REPLAY_TIC|tic=362|mle_ms=126.964|monotonic_ms=130|clock_delta_ms=3.03
6|clock_suspect=0
PMLE_LIVE_REPLAY_TIC|tic=363|mle_ms=73.939|monotonic_ms=70|clock_delta_ms=3.939|
clock_suspect=0
PMLE_LIVE_REPLAY_TIC|tic=364|mle_ms=126.139|monotonic_ms=130|clock_delta_ms=3.86
1|clock_suspect=0
PMLE_LIVE_REPLAY_TIC|tic=365|mle_ms=107.197|monotonic_ms=100|clock_delta_ms=7.19
7|clock_suspect=0
PMLE_LIVE_REPLAY_TIC|tic=366|mle_ms=106.655|monotonic_ms=110|clock_delta_ms=3.34
5|clock_suspect=0
PMLE_LIVE_REPLAY_TIC|tic=367|mle_ms=149.432|monotonic_ms=150|clock_delta_ms=.568
|clock_suspect=0
PMLE_LIVE_REPLAY_TIC|tic=368|mle_ms=134.841|monotonic_ms=130|clock_delta_ms=4.84
1|clock_suspect=0
PMLE_LIVE_REPLAY_TIC|tic=369|mle_ms=72.864|monotonic_ms=80|clock_delta_ms=7.136|
clock_suspect=0
PMLE_LIVE_REPLAY_TIC|tic=370|mle_ms=139.453|monotonic_ms=140|clock_delta_ms=.547
|clock_suspect=0
PMLE_LIVE_REPLAY_TIC|tic=371|mle_ms=116.67|monotonic_ms=110|clock_delta_ms=6.67|
clock_suspect=0
PMLE_LIVE_REPLAY_TIC|tic=372|mle_ms=58.17|monotonic_ms=60|clock_delta_ms=1.83|cl
ock_suspect=0
PMLE_LIVE_REPLAY_TIC|tic=373|mle_ms=147.034|monotonic_ms=150|clock_delta_ms=2.96
6|clock_suspect=0
PMLE_LIVE_REPLAY_TIC|tic=374|mle_ms=273.124|monotonic_ms=270|clock_delta_ms=3.12
4|clock_suspect=0
PMLE_LIVE_REPLAY_TIC|tic=375|mle_ms=72.544|monotonic_ms=70|clock_delta_ms=2.544|
clock_suspect=0
PMLE_LIVE_REPLAY_TIC|tic=376|mle_ms=159.705|monotonic_ms=160|clock_delta_ms=.295
|clock_suspect=0
PMLE_LIVE_REPLAY_TIC|tic=377|mle_ms=111.391|monotonic_ms=120|clock_delta_ms=8.60
9|clock_suspect=0
PMLE_LIVE_REPLAY_TIC|tic=378|mle_ms=131.744|monotonic_ms=130|clock_delta_ms=1.74
4|clock_suspect=0
PMLE_LIVE_REPLAY_TIC|tic=379|mle_ms=155.471|monotonic_ms=150|clock_delta_ms=5.47
1|clock_suspect=0
PMLE_LIVE_REPLAY_TIC|tic=380|mle_ms=118.768|monotonic_ms=120|clock_delta_ms=1.23
2|clock_suspect=0
PMLE_LIVE_REPLAY_TIC|tic=381|mle_ms=62.204|monotonic_ms=60|clock_delta_ms=2.204|
clock_suspect=0
PMLE_LIVE_REPLAY_TIC|tic=382|mle_ms=175.762|monotonic_ms=180|clock_delta_ms=4.23
8|clock_suspect=0
PMLE_LIVE_REPLAY_TIC|tic=383|mle_ms=168.369|monotonic_ms=170|clock_delta_ms=1.63
1|clock_suspect=0
PMLE_LIVE_REPLAY_TIC|tic=384|mle_ms=98.154|monotonic_ms=100|clock_delta_ms=1.846
|clock_suspect=0
PMLE_LIVE_REPLAY_TIC|tic=385|mle_ms=185.844|monotonic_ms=180|clock_delta_ms=5.84
4|clock_suspect=0
PMLE_LIVE_REPLAY_TIC|tic=386|mle_ms=221.182|monotonic_ms=220|clock_delta_ms=1.18
2|clock_suspect=0
PMLE_LIVE_REPLAY_TIC|tic=387|mle_ms=91.803|monotonic_ms=100|clock_delta_ms=8.197
|clock_suspect=0
PMLE_LIVE_REPLAY_TIC|tic=388|mle_ms=263.57|monotonic_ms=260|clock_delta_ms=3.57|
clock_suspect=0
PMLE_LIVE_REPLAY_TIC|tic=389|mle_ms=134.733|monotonic_ms=130|clock_delta_ms=4.73
3|clock_suspect=0
PMLE_LIVE_REPLAY_TIC|tic=390|mle_ms=93.059|monotonic_ms=100|clock_delta_ms=6.941
|clock_suspect=0
PMLE_LIVE_REPLAY_TIC|tic=391|mle_ms=163.416|monotonic_ms=160|clock_delta_ms=3.41
6|clock_suspect=0
PMLE_LIVE_REPLAY_TIC|tic=392|mle_ms=183.116|monotonic_ms=180|clock_delta_ms=3.11
6|clock_suspect=0
PMLE_LIVE_REPLAY_TIC|tic=393|mle_ms=93.411|monotonic_ms=100|clock_delta_ms=6.589
|clock_suspect=0
PMLE_LIVE_REPLAY_TIC|tic=394|mle_ms=166.2|monotonic_ms=160|clock_delta_ms=6.2|cl
ock_suspect=0
PMLE_LIVE_REPLAY_TIC|tic=395|mle_ms=167.677|monotonic_ms=170|clock_delta_ms=2.32
3|clock_suspect=0
PMLE_LIVE_REPLAY_TIC|tic=396|mle_ms=120.02|monotonic_ms=120|clock_delta_ms=.02|c
lock_suspect=0
PMLE_LIVE_REPLAY_TIC|tic=397|mle_ms=161.681|monotonic_ms=160|clock_delta_ms=1.68
1|clock_suspect=0
PMLE_LIVE_REPLAY_TIC|tic=398|mle_ms=196.388|monotonic_ms=200|clock_delta_ms=3.61
2|clock_suspect=0
PMLE_LIVE_REPLAY_TIC|tic=399|mle_ms=82.853|monotonic_ms=80|clock_delta_ms=2.853|
clock_suspect=0
PMLE_LIVE_REPLAY_TIC|tic=400|mle_ms=135.2|monotonic_ms=140|clock_delta_ms=4.8|cl
ock_suspect=0
PMLE_LIVE_REPLAY_TIC|tic=401|mle_ms=134.152|monotonic_ms=130|clock_delta_ms=4.15
2|clock_suspect=0
PMLE_LIVE_REPLAY_TIC|tic=402|mle_ms=222.633|monotonic_ms=230|clock_delta_ms=7.36
7|clock_suspect=0
PMLE_LIVE_REPLAY_TIC|tic=403|mle_ms=171.008|monotonic_ms=170|clock_delta_ms=1.00
8|clock_suspect=0
PMLE_LIVE_REPLAY_TIC|tic=404|mle_ms=131.917|monotonic_ms=130|clock_delta_ms=1.91
7|clock_suspect=0
PMLE_LIVE_REPLAY_TIC|tic=405|mle_ms=110.528|monotonic_ms=110|clock_delta_ms=.528
|clock_suspect=0
PMLE_LIVE_REPLAY_TIC|tic=406|mle_ms=266.286|monotonic_ms=270|clock_delta_ms=3.71
4|clock_suspect=0
PMLE_LIVE_REPLAY_TIC|tic=407|mle_ms=143.458|monotonic_ms=140|clock_delta_ms=3.45
8|clock_suspect=0
PMLE_LIVE_REPLAY_TIC|tic=408|mle_ms=114.679|monotonic_ms=110|clock_delta_ms=4.67
9|clock_suspect=0
PMLE_LIVE_REPLAY_TIC|tic=409|mle_ms=137.406|monotonic_ms=140|clock_delta_ms=2.59
4|clock_suspect=0
PMLE_LIVE_REPLAY_TIC|tic=410|mle_ms=168.922|monotonic_ms=170|clock_delta_ms=1.07
8|clock_suspect=0
PMLE_LIVE_REPLAY_TIC|tic=411|mle_ms=158.598|monotonic_ms=160|clock_delta_ms=1.40
2|clock_suspect=0
PMLE_LIVE_REPLAY_TIC|tic=412|mle_ms=146.792|monotonic_ms=150|clock_delta_ms=3.20
8|clock_suspect=0
PMLE_LIVE_REPLAY_TIC|tic=413|mle_ms=155.209|monotonic_ms=150|clock_delta_ms=5.20
9|clock_suspect=0
PMLE_LIVE_REPLAY_TIC|tic=414|mle_ms=96.119|monotonic_ms=100|clock_delta_ms=3.881
|clock_suspect=0
PMLE_LIVE_REPLAY_TIC|tic=415|mle_ms=151.522|monotonic_ms=150|clock_delta_ms=1.52
2|clock_suspect=0
PMLE_LIVE_REPLAY_TIC|tic=416|mle_ms=184.768|monotonic_ms=180|clock_delta_ms=4.76
8|clock_suspect=0
PMLE_LIVE_REPLAY_TIC|tic=417|mle_ms=91.234|monotonic_ms=90|clock_delta_ms=1.234|
clock_suspect=0
PMLE_LIVE_REPLAY_TIC|tic=418|mle_ms=177.311|monotonic_ms=180|clock_delta_ms=2.68
9|clock_suspect=0
PMLE_LIVE_REPLAY_TIC|tic=419|mle_ms=164.312|monotonic_ms=170|clock_delta_ms=5.68
8|clock_suspect=0
PMLE_LIVE_REPLAY_TIC|tic=420|mle_ms=115.107|monotonic_ms=110|clock_delta_ms=5.10
7|clock_suspect=0
PMLE_LIVE_REPLAY_TIC|tic=421|mle_ms=174.311|monotonic_ms=180|clock_delta_ms=5.68
9|clock_suspect=0
PMLE_LIVE_REPLAY_TIC|tic=422|mle_ms=156.643|monotonic_ms=150|clock_delta_ms=6.64
3|clock_suspect=0
PMLE_LIVE_REPLAY_TIC|tic=423|mle_ms=114.711|monotonic_ms=120|clock_delta_ms=5.28
9|clock_suspect=0
PMLE_LIVE_REPLAY_TIC|tic=424|mle_ms=136.024|monotonic_ms=130|clock_delta_ms=6.02
4|clock_suspect=0
PMLE_LIVE_REPLAY_TIC|tic=425|mle_ms=275.282|monotonic_ms=280|clock_delta_ms=4.71
8|clock_suspect=0
PMLE_LIVE_REPLAY_TIC|tic=426|mle_ms=163.876|monotonic_ms=160|clock_delta_ms=3.87
6|clock_suspect=0
PMLE_LIVE_REPLAY_TIC|tic=427|mle_ms=152.084|monotonic_ms=160|clock_delta_ms=7.91
6|clock_suspect=0
PMLE_LIVE_REPLAY_TIC|tic=428|mle_ms=138.813|monotonic_ms=130|clock_delta_ms=8.81
3|clock_suspect=0
PMLE_LIVE_REPLAY_TIC|tic=429|mle_ms=137.201|monotonic_ms=140|clock_delta_ms=2.79
9|clock_suspect=0
PMLE_LIVE_REPLAY_TIC|tic=430|mle_ms=151.155|monotonic_ms=150|clock_delta_ms=1.15
5|clock_suspect=0
PMLE_LIVE_REPLAY_TIC|tic=431|mle_ms=129.232|monotonic_ms=130|clock_delta_ms=.768
|clock_suspect=0
PMLE_LIVE_REPLAY_TIC|tic=432|mle_ms=93.031|monotonic_ms=100|clock_delta_ms=6.969
|clock_suspect=0
PMLE_LIVE_REPLAY_TIC|tic=433|mle_ms=159.219|monotonic_ms=150|clock_delta_ms=9.21
9|clock_suspect=0
PMLE_LIVE_REPLAY_TIC|tic=434|mle_ms=172.01|monotonic_ms=180|clock_delta_ms=7.99|
clock_suspect=0
PMLE_LIVE_REPLAY_TIC|tic=435|mle_ms=90.27|monotonic_ms=90|clock_delta_ms=.27|clo
ck_suspect=0
PMLE_LIVE_REPLAY_TIC|tic=436|mle_ms=181.393|monotonic_ms=180|clock_delta_ms=1.39
3|clock_suspect=0
PMLE_LIVE_REPLAY_TIC|tic=437|mle_ms=133.034|monotonic_ms=130|clock_delta_ms=3.03
4|clock_suspect=0
PMLE_LIVE_REPLAY_TIC|tic=438|mle_ms=129.002|monotonic_ms=130|clock_delta_ms=.998
|clock_suspect=0
PMLE_LIVE_REPLAY_TIC|tic=439|mle_ms=122.983|monotonic_ms=120|clock_delta_ms=2.98
3|clock_suspect=0
PMLE_LIVE_REPLAY_TIC|tic=440|mle_ms=105.916|monotonic_ms=110|clock_delta_ms=4.08
4|clock_suspect=0
PMLE_LIVE_REPLAY_TIC|tic=441|mle_ms=72.906|monotonic_ms=70|clock_delta_ms=2.906|
clock_suspect=0
PMLE_LIVE_REPLAY_TIC|tic=442|mle_ms=126.468|monotonic_ms=130|clock_delta_ms=3.53
2|clock_suspect=0
PMLE_LIVE_REPLAY_TIC|tic=443|mle_ms=110.275|monotonic_ms=110|clock_delta_ms=.275
|clock_suspect=0
PMLE_LIVE_REPLAY_TIC|tic=444|mle_ms=86.39|monotonic_ms=90|clock_delta_ms=3.61|cl
ock_suspect=0
PMLE_LIVE_REPLAY_TIC|tic=445|mle_ms=214.62|monotonic_ms=210|clock_delta_ms=4.62|
clock_suspect=0
PMLE_LIVE_REPLAY_TIC|tic=446|mle_ms=186.099|monotonic_ms=190|clock_delta_ms=3.90
1|clock_suspect=0
PMLE_LIVE_REPLAY_TIC|tic=447|mle_ms=68.048|monotonic_ms=70|clock_delta_ms=1.952|
clock_suspect=0
PMLE_LIVE_REPLAY_TIC|tic=448|mle_ms=100.784|monotonic_ms=100|clock_delta_ms=.784
|clock_suspect=0
PMLE_LIVE_REPLAY_TIC|tic=449|mle_ms=127.889|monotonic_ms=120|clock_delta_ms=7.88
9|clock_suspect=0
PMLE_LIVE_REPLAY_TIC|tic=450|mle_ms=78.42|monotonic_ms=80|clock_delta_ms=1.58|cl
ock_suspect=0
PMLE_LIVE_REPLAY_TIC|tic=451|mle_ms=126.261|monotonic_ms=130|clock_delta_ms=3.73
9|clock_suspect=0
PMLE_LIVE_REPLAY_TIC|tic=452|mle_ms=102.849|monotonic_ms=100|clock_delta_ms=2.84
9|clock_suspect=0
PMLE_LIVE_REPLAY_TIC|tic=453|mle_ms=77.154|monotonic_ms=80|clock_delta_ms=2.846|
clock_suspect=0
PMLE_LIVE_REPLAY_TIC|tic=454|mle_ms=154.055|monotonic_ms=150|clock_delta_ms=4.05
5|clock_suspect=0
PMLE_LIVE_REPLAY_TIC|tic=455|mle_ms=99.577|monotonic_ms=100|clock_delta_ms=.423|
clock_suspect=0
PMLE_LIVE_REPLAY_TIC|tic=456|mle_ms=116.848|monotonic_ms=120|clock_delta_ms=3.15
2|clock_suspect=0
PMLE_LIVE_REPLAY_TIC|tic=457|mle_ms=113.528|monotonic_ms=110|clock_delta_ms=3.52
8|clock_suspect=0
PMLE_LIVE_REPLAY_TIC|tic=458|mle_ms=127.564|monotonic_ms=130|clock_delta_ms=2.43
6|clock_suspect=0
PMLE_LIVE_REPLAY_TIC|tic=459|mle_ms=77.819|monotonic_ms=80|clock_delta_ms=2.181|
clock_suspect=0
PMLE_LIVE_REPLAY_TIC|tic=460|mle_ms=151.959|monotonic_ms=150|clock_delta_ms=1.95
9|clock_suspect=0
PMLE_LIVE_REPLAY_TIC|tic=461|mle_ms=117.118|monotonic_ms=120|clock_delta_ms=2.88
2|clock_suspect=0
PMLE_LIVE_REPLAY_TIC|tic=462|mle_ms=111.447|monotonic_ms=110|clock_delta_ms=1.44
7|clock_suspect=0
PMLE_LIVE_REPLAY_TIC|tic=463|mle_ms=135.678|monotonic_ms=140|clock_delta_ms=4.32
2|clock_suspect=0
PMLE_LIVE_REPLAY_TIC|tic=464|mle_ms=101.064|monotonic_ms=100|clock_delta_ms=1.06
4|clock_suspect=0
PMLE_LIVE_REPLAY_TIC|tic=465|mle_ms=166.56|monotonic_ms=160|clock_delta_ms=6.56|
clock_suspect=0
PMLE_LIVE_REPLAY_TIC|tic=466|mle_ms=148.791|monotonic_ms=150|clock_delta_ms=1.20
9|clock_suspect=0
PMLE_LIVE_REPLAY_TIC|tic=467|mle_ms=73.399|monotonic_ms=80|clock_delta_ms=6.601|
clock_suspect=0
PMLE_LIVE_REPLAY_TIC|tic=468|mle_ms=78.46|monotonic_ms=70|clock_delta_ms=8.46|cl
ock_suspect=0
PMLE_LIVE_REPLAY_TIC|tic=469|mle_ms=164.106|monotonic_ms=170|clock_delta_ms=5.89
4|clock_suspect=0
PMLE_LIVE_REPLAY_TIC|tic=470|mle_ms=112.443|monotonic_ms=110|clock_delta_ms=2.44
3|clock_suspect=0
PMLE_LIVE_REPLAY_TIC|tic=471|mle_ms=64.558|monotonic_ms=70|clock_delta_ms=5.442|
clock_suspect=0
PMLE_LIVE_REPLAY_TIC|tic=472|mle_ms=123.503|monotonic_ms=120|clock_delta_ms=3.50
3|clock_suspect=0
PMLE_LIVE_REPLAY_TIC|tic=473|mle_ms=112.456|monotonic_ms=110|clock_delta_ms=2.45
6|clock_suspect=0
PMLE_LIVE_REPLAY_TIC|tic=474|mle_ms=173.286|monotonic_ms=170|clock_delta_ms=3.28
6|clock_suspect=0
PMLE_LIVE_REPLAY_TIC|tic=475|mle_ms=123.588|monotonic_ms=130|clock_delta_ms=6.41
2|clock_suspect=0
PMLE_LIVE_REPLAY_TIC|tic=476|mle_ms=139.979|monotonic_ms=140|clock_delta_ms=.021
|clock_suspect=0
PMLE_LIVE_REPLAY_TIC|tic=477|mle_ms=87.066|monotonic_ms=90|clock_delta_ms=2.934|
clock_suspect=0
PMLE_LIVE_REPLAY_TIC|tic=478|mle_ms=122.016|monotonic_ms=120|clock_delta_ms=2.01
6|clock_suspect=0
PMLE_LIVE_REPLAY_TIC|tic=479|mle_ms=202.75|monotonic_ms=200|clock_delta_ms=2.75|
clock_suspect=0
PMLE_LIVE_REPLAY_TIC|tic=480|mle_ms=67.757|monotonic_ms=70|clock_delta_ms=2.243|
clock_suspect=0
PMLE_LIVE_REPLAY_TIC|tic=481|mle_ms=118.874|monotonic_ms=120|clock_delta_ms=1.12
6|clock_suspect=0
PMLE_LIVE_REPLAY_TIC|tic=482|mle_ms=93.963|monotonic_ms=90|clock_delta_ms=3.963|
clock_suspect=0
PMLE_LIVE_REPLAY_TIC|tic=483|mle_ms=134.805|monotonic_ms=140|clock_delta_ms=5.19
5|clock_suspect=0
PMLE_LIVE_REPLAY_TIC|tic=484|mle_ms=113.657|monotonic_ms=110|clock_delta_ms=3.65
7|clock_suspect=0
PMLE_LIVE_REPLAY_TIC|tic=485|mle_ms=106.906|monotonic_ms=110|clock_delta_ms=3.09
4|clock_suspect=0
PMLE_LIVE_REPLAY_TIC|tic=486|mle_ms=121.612|monotonic_ms=120|clock_delta_ms=1.61
2|clock_suspect=0
PMLE_LIVE_REPLAY_TIC|tic=487|mle_ms=95.968|monotonic_ms=90|clock_delta_ms=5.968|
clock_suspect=0
PMLE_LIVE_REPLAY_TIC|tic=488|mle_ms=70.826|monotonic_ms=80|clock_delta_ms=9.174|
clock_suspect=0
PMLE_LIVE_REPLAY_TIC|tic=489|mle_ms=70.777|monotonic_ms=70|clock_delta_ms=.777|c
lock_suspect=0
PMLE_LIVE_REPLAY_TIC|tic=490|mle_ms=131.01|monotonic_ms=130|clock_delta_ms=1.01|
clock_suspect=0
PMLE_LIVE_REPLAY_TIC|tic=491|mle_ms=70.397|monotonic_ms=70|clock_delta_ms=.397|c
lock_suspect=0
PMLE_LIVE_REPLAY_TIC|tic=492|mle_ms=67.88|monotonic_ms=70|clock_delta_ms=2.12|cl
ock_suspect=0
PMLE_LIVE_REPLAY_TIC|tic=493|mle_ms=124.751|monotonic_ms=120|clock_delta_ms=4.75
1|clock_suspect=0
PMLE_LIVE_REPLAY_TIC|tic=494|mle_ms=105.886|monotonic_ms=110|clock_delta_ms=4.11
4|clock_suspect=0
PMLE_LIVE_REPLAY_TIC|tic=495|mle_ms=77.537|monotonic_ms=70|clock_delta_ms=7.537|
clock_suspect=0
PMLE_LIVE_REPLAY_TIC|tic=496|mle_ms=161.048|monotonic_ms=170|clock_delta_ms=8.95
2|clock_suspect=0
PMLE_LIVE_REPLAY_TIC|tic=497|mle_ms=78.271|monotonic_ms=70|clock_delta_ms=8.271|
clock_suspect=0
PMLE_LIVE_REPLAY_TIC|tic=498|mle_ms=186.065|monotonic_ms=190|clock_delta_ms=3.93
5|clock_suspect=0
PMLE_LIVE_REPLAY_TIC|tic=499|mle_ms=100.818|monotonic_ms=100|clock_delta_ms=.818
|clock_suspect=0
PMLE_LIVE_REPLAY_TIC|tic=500|mle_ms=115.526|monotonic_ms=120|clock_delta_ms=4.47
4|clock_suspect=0
PMLE_LIVE_REPLAY_TIC|tic=501|mle_ms=80.84|monotonic_ms=90|clock_delta_ms=9.16|cl
ock_suspect=0
PMLE_LIVE_REPLAY_TIC|tic=502|mle_ms=143.018|monotonic_ms=140|clock_delta_ms=3.01
8|clock_suspect=0
PMLE_LIVE_REPLAY_TIC|tic=503|mle_ms=89.98|monotonic_ms=90|clock_delta_ms=.02|clo
ck_suspect=0
PMLE_LIVE_REPLAY_TIC|tic=504|mle_ms=76.505|monotonic_ms=80|clock_delta_ms=3.495|
clock_suspect=0
PMLE_LIVE_REPLAY_TIC|tic=505|mle_ms=88.54|monotonic_ms=80|clock_delta_ms=8.54|cl
ock_suspect=0
PMLE_LIVE_REPLAY_TIC|tic=506|mle_ms=110.212|monotonic_ms=110|clock_delta_ms=.212
|clock_suspect=0
PMLE_LIVE_REPLAY_TIC|tic=507|mle_ms=64.494|monotonic_ms=70|clock_delta_ms=5.506|
clock_suspect=0
PMLE_LIVE_REPLAY_TIC|tic=508|mle_ms=112.335|monotonic_ms=110|clock_delta_ms=2.33
5|clock_suspect=0
PMLE_LIVE_REPLAY_TIC|tic=509|mle_ms=92.597|monotonic_ms=90|clock_delta_ms=2.597|
clock_suspect=0
PMLE_LIVE_REPLAY_TIC|tic=510|mle_ms=116.791|monotonic_ms=120|clock_delta_ms=3.20
9|clock_suspect=0
PMLE_LIVE_REPLAY_TIC|tic=511|mle_ms=131.522|monotonic_ms=130|clock_delta_ms=1.52
2|clock_suspect=0
PMLE_LIVE_REPLAY_TIC|tic=512|mle_ms=119.054|monotonic_ms=120|clock_delta_ms=.946
|clock_suspect=0
PMLE_LIVE_REPLAY_TIC|tic=513|mle_ms=60.505|monotonic_ms=60|clock_delta_ms=.505|c
lock_suspect=0
PMLE_LIVE_REPLAY_TIC|tic=514|mle_ms=115.19|monotonic_ms=120|clock_delta_ms=4.81|
clock_suspect=0
PMLE_LIVE_REPLAY_TIC|tic=515|mle_ms=98.388|monotonic_ms=100|clock_delta_ms=1.612
|clock_suspect=0
PMLE_LIVE_REPLAY_TIC|tic=516|mle_ms=111.736|monotonic_ms=110|clock_delta_ms=1.73
6|clock_suspect=0
PMLE_LIVE_REPLAY_TIC|tic=517|mle_ms=86.053|monotonic_ms=80|clock_delta_ms=6.053|
clock_suspect=0
PMLE_LIVE_REPLAY_TIC|tic=518|mle_ms=94.037|monotonic_ms=100|clock_delta_ms=5.963
|clock_suspect=0
PMLE_LIVE_REPLAY_TIC|tic=519|mle_ms=182.034|monotonic_ms=180|clock_delta_ms=2.03
4|clock_suspect=0
PMLE_LIVE_REPLAY_TIC|tic=520|mle_ms=119.455|monotonic_ms=120|clock_delta_ms=.545
|clock_suspect=0
PMLE_LIVE_REPLAY_TIC|tic=521|mle_ms=92.955|monotonic_ms=90|clock_delta_ms=2.955|
clock_suspect=0
PMLE_LIVE_REPLAY_TIC|tic=522|mle_ms=181.721|monotonic_ms=180|clock_delta_ms=1.72
1|clock_suspect=0
PMLE_LIVE_REPLAY_TIC|tic=523|mle_ms=174.047|monotonic_ms=180|clock_delta_ms=5.95
3|clock_suspect=0
PMLE_LIVE_REPLAY_TIC|tic=524|mle_ms=99.466|monotonic_ms=100|clock_delta_ms=.534|
clock_suspect=0
PMLE_LIVE_REPLAY_TIC|tic=525|mle_ms=63.206|monotonic_ms=60|clock_delta_ms=3.206|
clock_suspect=0
PMLE_LIVE_REPLAY_TIC|tic=526|mle_ms=162.001|monotonic_ms=160|clock_delta_ms=2.00
1|clock_suspect=0
PMLE_LIVE_REPLAY_TIC|tic=527|mle_ms=101.742|monotonic_ms=110|clock_delta_ms=8.25
8|clock_suspect=0
PMLE_LIVE_REPLAY_TIC|tic=528|mle_ms=77.519|monotonic_ms=70|clock_delta_ms=7.519|
clock_suspect=0
PMLE_LIVE_REPLAY_TIC|tic=529|mle_ms=79.336|monotonic_ms=80|clock_delta_ms=.664|c
lock_suspect=0
PMLE_LIVE_REPLAY_TIC|tic=530|mle_ms=94.914|monotonic_ms=100|clock_delta_ms=5.086
|clock_suspect=0
PMLE_LIVE_REPLAY_TIC|tic=531|mle_ms=78.396|monotonic_ms=80|clock_delta_ms=1.604|
clock_suspect=0
PMLE_LIVE_REPLAY_TIC|tic=532|mle_ms=142.415|monotonic_ms=140|clock_delta_ms=2.41
5|clock_suspect=0
PMLE_LIVE_REPLAY_TIC|tic=533|mle_ms=104.455|monotonic_ms=100|clock_delta_ms=4.45
5|clock_suspect=0
PMLE_LIVE_REPLAY_TIC|tic=534|mle_ms=74.894|monotonic_ms=80|clock_delta_ms=5.106|
clock_suspect=0
PMLE_LIVE_REPLAY_TIC|tic=535|mle_ms=74.221|monotonic_ms=70|clock_delta_ms=4.221|
clock_suspect=0
PMLE_LIVE_REPLAY_TIC|tic=536|mle_ms=81.379|monotonic_ms=80|clock_delta_ms=1.379|
clock_suspect=0
PMLE_LIVE_REPLAY_TIC|tic=537|mle_ms=96.187|monotonic_ms=100|clock_delta_ms=3.813
|clock_suspect=0
PMLE_LIVE_REPLAY_TIC|tic=538|mle_ms=117.086|monotonic_ms=120|clock_delta_ms=2.91
4|clock_suspect=0
PMLE_LIVE_REPLAY_TIC|tic=539|mle_ms=75.962|monotonic_ms=70|clock_delta_ms=5.962|
clock_suspect=0
PMLE_LIVE_REPLAY_TIC|tic=540|mle_ms=80.385|monotonic_ms=80|clock_delta_ms=.385|c
lock_suspect=0
PMLE_LIVE_REPLAY_TIC|tic=541|mle_ms=198.238|monotonic_ms=200|clock_delta_ms=1.76
2|clock_suspect=0
PMLE_LIVE_REPLAY_TIC|tic=542|mle_ms=89.595|monotonic_ms=90|clock_delta_ms=.405|c
lock_suspect=0
PMLE_LIVE_REPLAY_TIC|tic=543|mle_ms=112.389|monotonic_ms=110|clock_delta_ms=2.38
9|clock_suspect=0
PMLE_LIVE_REPLAY_TIC|tic=544|mle_ms=112.529|monotonic_ms=120|clock_delta_ms=7.47
1|clock_suspect=0
PMLE_LIVE_REPLAY_TIC|tic=545|mle_ms=132.75|monotonic_ms=130|clock_delta_ms=2.75|
clock_suspect=0
PMLE_LIVE_REPLAY_TIC|tic=546|mle_ms=120.45|monotonic_ms=120|clock_delta_ms=.45|c
lock_suspect=0
PMLE_LIVE_REPLAY_TIC|tic=547|mle_ms=90.042|monotonic_ms=90|clock_delta_ms=.042|c
lock_suspect=0
PMLE_LIVE_REPLAY_TIC|tic=548|mle_ms=84.344|monotonic_ms=80|clock_delta_ms=4.344|
clock_suspect=0
PMLE_LIVE_REPLAY_TIC|tic=549|mle_ms=70.411|monotonic_ms=70|clock_delta_ms=.411|c
lock_suspect=0
PMLE_LIVE_REPLAY_TIC|tic=550|mle_ms=141.542|monotonic_ms=150|clock_delta_ms=8.45
8|clock_suspect=0
PMLE_LIVE_REPLAY_TIC|tic=551|mle_ms=68.294|monotonic_ms=60|clock_delta_ms=8.294|
clock_suspect=0
PMLE_LIVE_REPLAY_TIC|tic=552|mle_ms=93.643|monotonic_ms=100|clock_delta_ms=6.357
|clock_suspect=0
PMLE_LIVE_REPLAY_TIC|tic=553|mle_ms=111.996|monotonic_ms=110|clock_delta_ms=1.99
6|clock_suspect=0
PMLE_LIVE_REPLAY_TIC|tic=554|mle_ms=86.439|monotonic_ms=90|clock_delta_ms=3.561|
clock_suspect=0
PMLE_LIVE_REPLAY_TIC|tic=555|mle_ms=65.229|monotonic_ms=60|clock_delta_ms=5.229|
clock_suspect=0
PMLE_LIVE_REPLAY_TIC|tic=556|mle_ms=136.09|monotonic_ms=140|clock_delta_ms=3.91|
clock_suspect=0
PMLE_LIVE_REPLAY_TIC|tic=557|mle_ms=91.385|monotonic_ms=90|clock_delta_ms=1.385|
clock_suspect=0
PMLE_LIVE_REPLAY_TIC|tic=558|mle_ms=137.636|monotonic_ms=140|clock_delta_ms=2.36
4|clock_suspect=0
PMLE_LIVE_REPLAY_TIC|tic=559|mle_ms=109.379|monotonic_ms=110|clock_delta_ms=.621
|clock_suspect=0
PMLE_LIVE_REPLAY_TIC|tic=560|mle_ms=251.839|monotonic_ms=250|clock_delta_ms=1.83
9|clock_suspect=0
PMLE_LIVE_REPLAY_TIC|tic=561|mle_ms=92.783|monotonic_ms=90|clock_delta_ms=2.783|
clock_suspect=0
PMLE_LIVE_REPLAY_TIC|tic=562|mle_ms=113.191|monotonic_ms=120|clock_delta_ms=6.80
9|clock_suspect=0
PMLE_LIVE_REPLAY_TIC|tic=563|mle_ms=75.903|monotonic_ms=70|clock_delta_ms=5.903|
clock_suspect=0
PMLE_LIVE_REPLAY_TIC|tic=564|mle_ms=191.895|monotonic_ms=190|clock_delta_ms=1.89
5|clock_suspect=0
PMLE_LIVE_REPLAY_TIC|tic=565|mle_ms=80.088|monotonic_ms=80|clock_delta_ms=.088|c
lock_suspect=0
PMLE_LIVE_REPLAY_TIC|tic=566|mle_ms=104.688|monotonic_ms=110|clock_delta_ms=5.31
2|clock_suspect=0
PMLE_LIVE_REPLAY_TIC|tic=567|mle_ms=100.963|monotonic_ms=100|clock_delta_ms=.963
|clock_suspect=0
PMLE_LIVE_REPLAY_TIC|tic=568|mle_ms=109.643|monotonic_ms=110|clock_delta_ms=.357
|clock_suspect=0
PMLE_LIVE_REPLAY_TIC|tic=569|mle_ms=100.236|monotonic_ms=100|clock_delta_ms=.236
|clock_suspect=0
PMLE_LIVE_REPLAY_TIC|tic=570|mle_ms=106.947|monotonic_ms=110|clock_delta_ms=3.05
3|clock_suspect=0
PMLE_LIVE_REPLAY_TIC|tic=571|mle_ms=98.909|monotonic_ms=100|clock_delta_ms=1.091
|clock_suspect=0
PMLE_LIVE_REPLAY_TIC|tic=572|mle_ms=68.27|monotonic_ms=60|clock_delta_ms=8.27|cl
ock_suspect=0
PMLE_LIVE_REPLAY_TIC|tic=573|mle_ms=93.961|monotonic_ms=100|clock_delta_ms=6.039
|clock_suspect=0
PMLE_LIVE_REPLAY_TIC|tic=574|mle_ms=130.203|monotonic_ms=130|clock_delta_ms=.203
|clock_suspect=0
PMLE_LIVE_REPLAY_TIC|tic=575|mle_ms=67.563|monotonic_ms=70|clock_delta_ms=2.437|
clock_suspect=0
PMLE_LIVE_REPLAY_TIC|tic=576|mle_ms=108.635|monotonic_ms=100|clock_delta_ms=8.63
5|clock_suspect=0
PMLE_LIVE_REPLAY_TIC|tic=577|mle_ms=105.01|monotonic_ms=110|clock_delta_ms=4.99|
clock_suspect=0
PMLE_LIVE_REPLAY_TIC|tic=578|mle_ms=96.028|monotonic_ms=100|clock_delta_ms=3.972
|clock_suspect=0
PMLE_LIVE_REPLAY_TIC|tic=579|mle_ms=234.569|monotonic_ms=230|clock_delta_ms=4.56
9|clock_suspect=0
PMLE_LIVE_REPLAY_TIC|tic=580|mle_ms=106.927|monotonic_ms=110|clock_delta_ms=3.07
3|clock_suspect=0
PMLE_LIVE_REPLAY_TIC|tic=581|mle_ms=71.315|monotonic_ms=70|clock_delta_ms=1.315|
clock_suspect=0
PMLE_LIVE_REPLAY_TIC|tic=582|mle_ms=115.849|monotonic_ms=110|clock_delta_ms=5.84
9|clock_suspect=0
PMLE_LIVE_REPLAY_TIC|tic=583|mle_ms=184.609|monotonic_ms=190|clock_delta_ms=5.39
1|clock_suspect=0
PMLE_LIVE_REPLAY_TIC|tic=584|mle_ms=79.694|monotonic_ms=80|clock_delta_ms=.306|c
lock_suspect=0
PMLE_LIVE_REPLAY_TIC|tic=585|mle_ms=126.203|monotonic_ms=130|clock_delta_ms=3.79
7|clock_suspect=0
PMLE_LIVE_REPLAY_TIC|tic=586|mle_ms=140.416|monotonic_ms=140|clock_delta_ms=.416
|clock_suspect=0
PMLE_LIVE_REPLAY_TIC|tic=587|mle_ms=68.323|monotonic_ms=60|clock_delta_ms=8.323|
clock_suspect=0
PMLE_LIVE_REPLAY_TIC|tic=588|mle_ms=117.488|monotonic_ms=120|clock_delta_ms=2.51
2|clock_suspect=0
PMLE_LIVE_REPLAY_TIC|tic=589|mle_ms=124.491|monotonic_ms=130|clock_delta_ms=5.50
9|clock_suspect=0
PMLE_LIVE_REPLAY_TIC|tic=590|mle_ms=93.896|monotonic_ms=90|clock_delta_ms=3.896|
clock_suspect=0
PMLE_LIVE_REPLAY_TIC|tic=591|mle_ms=99.26|monotonic_ms=100|clock_delta_ms=.74|cl
ock_suspect=0
PMLE_LIVE_REPLAY_TIC|tic=592|mle_ms=124.138|monotonic_ms=120|clock_delta_ms=4.13
8|clock_suspect=0
PMLE_LIVE_REPLAY_TIC|tic=593|mle_ms=70.609|monotonic_ms=70|clock_delta_ms=.609|c
lock_suspect=0
PMLE_LIVE_REPLAY_TIC|tic=594|mle_ms=110.857|monotonic_ms=120|clock_delta_ms=9.14
3|clock_suspect=0
PMLE_LIVE_REPLAY_TIC|tic=595|mle_ms=106.721|monotonic_ms=100|clock_delta_ms=6.72
1|clock_suspect=0
PMLE_LIVE_REPLAY_TIC|tic=596|mle_ms=99.028|monotonic_ms=100|clock_delta_ms=.972|
clock_suspect=0
PMLE_LIVE_REPLAY_TIC|tic=597|mle_ms=91.349|monotonic_ms=90|clock_delta_ms=1.349|
clock_suspect=0
PMLE_LIVE_REPLAY_TIC|tic=598|mle_ms=99.986|monotonic_ms=100|clock_delta_ms=.014|
clock_suspect=0
PMLE_LIVE_REPLAY_TIC|tic=599|mle_ms=163.532|monotonic_ms=170|clock_delta_ms=6.46
8|clock_suspect=0
PMLE_LIVE_REPLAY_TIC|tic=600|mle_ms=116.939|monotonic_ms=110|clock_delta_ms=6.93
9|clock_suspect=0
PMLE_LIVE_REPLAY_TIC|tic=601|mle_ms=123.947|monotonic_ms=120|clock_delta_ms=3.94
7|clock_suspect=0
PMLE_LIVE_REPLAY_TIC|tic=602|mle_ms=80.093|monotonic_ms=80|clock_delta_ms=.093|c
lock_suspect=0
PMLE_LIVE_REPLAY_TIC|tic=603|mle_ms=190.174|monotonic_ms=190|clock_delta_ms=.174
|clock_suspect=0
PMLE_LIVE_REPLAY_TIC|tic=604|mle_ms=157.194|monotonic_ms=160|clock_delta_ms=2.80
6|clock_suspect=0
PMLE_LIVE_REPLAY_TIC|tic=605|mle_ms=81.949|monotonic_ms=80|clock_delta_ms=1.949|
clock_suspect=0
PMLE_LIVE_REPLAY_TIC|tic=606|mle_ms=153.716|monotonic_ms=150|clock_delta_ms=3.71
6|clock_suspect=0
PMLE_LIVE_REPLAY_TIC|tic=607|mle_ms=116.085|monotonic_ms=120|clock_delta_ms=3.91
5|clock_suspect=0
PMLE_LIVE_REPLAY_TIC|tic=608|mle_ms=117.455|monotonic_ms=120|clock_delta_ms=2.54
5|clock_suspect=0
PMLE_LIVE_REPLAY_TIC|tic=609|mle_ms=130.551|monotonic_ms=130|clock_delta_ms=.551
|clock_suspect=0
PMLE_LIVE_REPLAY_TIC|tic=610|mle_ms=98.893|monotonic_ms=100|clock_delta_ms=1.107
|clock_suspect=0
PMLE_LIVE_REPLAY_TIC|tic=611|mle_ms=73.753|monotonic_ms=70|clock_delta_ms=3.753|
clock_suspect=0
PMLE_LIVE_REPLAY_TIC|tic=612|mle_ms=89.47|monotonic_ms=90|clock_delta_ms=.53|clo
ck_suspect=0
PMLE_LIVE_REPLAY_TIC|tic=613|mle_ms=105.227|monotonic_ms=100|clock_delta_ms=5.22
7|clock_suspect=0
PMLE_LIVE_REPLAY_TIC|tic=614|mle_ms=99.796|monotonic_ms=100|clock_delta_ms=.204|
clock_suspect=0
PMLE_LIVE_REPLAY_TIC|tic=615|mle_ms=84.313|monotonic_ms=90|clock_delta_ms=5.687|
clock_suspect=0
PMLE_LIVE_REPLAY_TIC|tic=616|mle_ms=133.442|monotonic_ms=130|clock_delta_ms=3.44
2|clock_suspect=0
PMLE_LIVE_REPLAY_TIC|tic=617|mle_ms=77.059|monotonic_ms=80|clock_delta_ms=2.941|
clock_suspect=0
PMLE_LIVE_REPLAY_TIC|tic=618|mle_ms=241.153|monotonic_ms=240|clock_delta_ms=1.15
3|clock_suspect=0
PMLE_LIVE_REPLAY_TIC|tic=619|mle_ms=120.145|monotonic_ms=120|clock_delta_ms=.145
|clock_suspect=0
PMLE_LIVE_REPLAY_TIC|tic=620|mle_ms=90.304|monotonic_ms=90|clock_delta_ms=.304|c
lock_suspect=0
PMLE_LIVE_REPLAY_TIC|tic=621|mle_ms=126.298|monotonic_ms=130|clock_delta_ms=3.70
2|clock_suspect=0
PMLE_LIVE_REPLAY_TIC|tic=622|mle_ms=156.477|monotonic_ms=150|clock_delta_ms=6.47
7|clock_suspect=0
PMLE_LIVE_REPLAY_TIC|tic=623|mle_ms=98.085|monotonic_ms=100|clock_delta_ms=1.915
|clock_suspect=0
PMLE_LIVE_REPLAY_TIC|tic=624|mle_ms=109.456|monotonic_ms=110|clock_delta_ms=.544
|clock_suspect=0
PMLE_LIVE_REPLAY_TIC|tic=625|mle_ms=74.984|monotonic_ms=80|clock_delta_ms=5.016|
clock_suspect=0
PMLE_LIVE_REPLAY_TIC|tic=626|mle_ms=130.1|monotonic_ms=130|clock_delta_ms=.1|clo
ck_suspect=0
PMLE_LIVE_REPLAY_TIC|tic=627|mle_ms=100.905|monotonic_ms=100|clock_delta_ms=.905
|clock_suspect=0
PMLE_LIVE_REPLAY_TIC|tic=628|mle_ms=101.967|monotonic_ms=100|clock_delta_ms=1.96
7|clock_suspect=0
PMLE_LIVE_REPLAY_TIC|tic=629|mle_ms=96.242|monotonic_ms=100|clock_delta_ms=3.758
|clock_suspect=0
PMLE_LIVE_REPLAY_TIC|tic=630|mle_ms=110.032|monotonic_ms=110|clock_delta_ms=.032
|clock_suspect=0
PMLE_LIVE_REPLAY_TIC|tic=631|mle_ms=95.637|monotonic_ms=90|clock_delta_ms=5.637|
clock_suspect=0
PMLE_LIVE_REPLAY_TIC|tic=632|mle_ms=87.434|monotonic_ms=90|clock_delta_ms=2.566|
clock_suspect=0
PMLE_LIVE_REPLAY_TIC|tic=633|mle_ms=104.964|monotonic_ms=110|clock_delta_ms=5.03
6|clock_suspect=0
PMLE_LIVE_REPLAY_TIC|tic=634|mle_ms=117.157|monotonic_ms=110|clock_delta_ms=7.15
7|clock_suspect=0
PMLE_LIVE_REPLAY_TIC|tic=635|mle_ms=102.365|monotonic_ms=110|clock_delta_ms=7.63
5|clock_suspect=0
PMLE_LIVE_REPLAY_TIC|tic=636|mle_ms=113.079|monotonic_ms=110|clock_delta_ms=3.07
9|clock_suspect=0
PMLE_LIVE_REPLAY_TIC|tic=637|mle_ms=192.265|monotonic_ms=190|clock_delta_ms=2.26
5|clock_suspect=0
PMLE_LIVE_REPLAY_TIC|tic=638|mle_ms=82.821|monotonic_ms=80|clock_delta_ms=2.821|
clock_suspect=0
PMLE_LIVE_REPLAY_TIC|tic=639|mle_ms=75.493|monotonic_ms=80|clock_delta_ms=4.507|
clock_suspect=0
PMLE_LIVE_REPLAY_TIC|tic=640|mle_ms=97.418|monotonic_ms=100|clock_delta_ms=2.582
|clock_suspect=0
PMLE_LIVE_REPLAY_TIC|tic=641|mle_ms=122.23|monotonic_ms=120|clock_delta_ms=2.23|
clock_suspect=0
PMLE_LIVE_REPLAY_TIC|tic=642|mle_ms=104.917|monotonic_ms=100|clock_delta_ms=4.91
7|clock_suspect=0
PMLE_LIVE_REPLAY_TIC|tic=643|mle_ms=88.681|monotonic_ms=90|clock_delta_ms=1.319|
clock_suspect=0
PMLE_LIVE_REPLAY_TIC|tic=644|mle_ms=108.656|monotonic_ms=110|clock_delta_ms=1.34
4|clock_suspect=0
PMLE_LIVE_REPLAY_TIC|tic=645|mle_ms=57.835|monotonic_ms=60|clock_delta_ms=2.165|
clock_suspect=0
PMLE_LIVE_REPLAY_TIC|tic=646|mle_ms=123.208|monotonic_ms=120|clock_delta_ms=3.20
8|clock_suspect=0
PMLE_LIVE_REPLAY_TIC|tic=647|mle_ms=91.093|monotonic_ms=90|clock_delta_ms=1.093|
clock_suspect=0
PMLE_LIVE_REPLAY_TIC|tic=648|mle_ms=90.032|monotonic_ms=90|clock_delta_ms=.032|c
lock_suspect=0
PMLE_LIVE_REPLAY_TIC|tic=649|mle_ms=101.53|monotonic_ms=110|clock_delta_ms=8.47|
clock_suspect=0
PMLE_LIVE_REPLAY_TIC|tic=650|mle_ms=107.202|monotonic_ms=100|clock_delta_ms=7.20
2|clock_suspect=0
PMLE_LIVE_REPLAY_TIC|tic=651|mle_ms=58.505|monotonic_ms=60|clock_delta_ms=1.495|
clock_suspect=0
PMLE_LIVE_REPLAY_TIC|tic=652|mle_ms=108.923|monotonic_ms=110|clock_delta_ms=1.07
7|clock_suspect=0
PMLE_LIVE_REPLAY_TIC|tic=653|mle_ms=101.538|monotonic_ms=100|clock_delta_ms=1.53
8|clock_suspect=0
PMLE_LIVE_REPLAY_TIC|tic=654|mle_ms=146.968|monotonic_ms=150|clock_delta_ms=3.03
2|clock_suspect=0
PMLE_LIVE_REPLAY_TIC|tic=655|mle_ms=114.86|monotonic_ms=110|clock_delta_ms=4.86|
clock_suspect=0
PMLE_LIVE_REPLAY_TIC|tic=656|mle_ms=150.555|monotonic_ms=150|clock_delta_ms=.555
|clock_suspect=0
PMLE_LIVE_REPLAY_TIC|tic=657|mle_ms=82.206|monotonic_ms=90|clock_delta_ms=7.794|
clock_suspect=0
PMLE_LIVE_REPLAY_TIC|tic=658|mle_ms=134.687|monotonic_ms=130|clock_delta_ms=4.68
7|clock_suspect=0
PMLE_LIVE_REPLAY_TIC|tic=659|mle_ms=99.508|monotonic_ms=100|clock_delta_ms=.492|
clock_suspect=0
PMLE_LIVE_REPLAY_TIC|tic=660|mle_ms=184.242|monotonic_ms=190|clock_delta_ms=5.75
8|clock_suspect=0
PMLE_LIVE_REPLAY_TIC|tic=661|mle_ms=101.691|monotonic_ms=100|clock_delta_ms=1.69
1|clock_suspect=0
PMLE_LIVE_REPLAY_TIC|tic=662|mle_ms=100.338|monotonic_ms=100|clock_delta_ms=.338
|clock_suspect=0
PMLE_LIVE_REPLAY_TIC|tic=663|mle_ms=73.587|monotonic_ms=70|clock_delta_ms=3.587|
clock_suspect=0
PMLE_LIVE_REPLAY_TIC|tic=664|mle_ms=187.922|monotonic_ms=190|clock_delta_ms=2.07
8|clock_suspect=0
PMLE_LIVE_REPLAY_TIC|tic=665|mle_ms=91.428|monotonic_ms=90|clock_delta_ms=1.428|
clock_suspect=0
PMLE_LIVE_REPLAY_TIC|tic=666|mle_ms=91.923|monotonic_ms=90|clock_delta_ms=1.923|
clock_suspect=0
PMLE_LIVE_REPLAY_TIC|tic=667|mle_ms=131.6|monotonic_ms=130|clock_delta_ms=1.6|cl
ock_suspect=0
PMLE_LIVE_REPLAY_TIC|tic=668|mle_ms=177.383|monotonic_ms=180|clock_delta_ms=2.61
7|clock_suspect=0
PMLE_LIVE_REPLAY_TIC|tic=669|mle_ms=72.039|monotonic_ms=70|clock_delta_ms=2.039|
clock_suspect=0
PMLE_LIVE_REPLAY_TIC|tic=670|mle_ms=150.322|monotonic_ms=150|clock_delta_ms=.322
|clock_suspect=0
PMLE_LIVE_REPLAY_TIC|tic=671|mle_ms=144.924|monotonic_ms=150|clock_delta_ms=5.07
6|clock_suspect=0
PMLE_LIVE_REPLAY_TIC|tic=672|mle_ms=73.001|monotonic_ms=70|clock_delta_ms=3.001|
clock_suspect=0
PMLE_LIVE_REPLAY_TIC|tic=673|mle_ms=92.653|monotonic_ms=100|clock_delta_ms=7.347
|clock_suspect=0
PMLE_LIVE_REPLAY_TIC|tic=674|mle_ms=108.596|monotonic_ms=100|clock_delta_ms=8.59
6|clock_suspect=0
PMLE_LIVE_REPLAY_TIC|tic=675|mle_ms=80.651|monotonic_ms=80|clock_delta_ms=.651|c
lock_suspect=0
PMLE_LIVE_REPLAY_TIC|tic=676|mle_ms=114.327|monotonic_ms=120|clock_delta_ms=5.67
3|clock_suspect=0
PMLE_LIVE_REPLAY_TIC|tic=677|mle_ms=170.981|monotonic_ms=170|clock_delta_ms=.981
|clock_suspect=0
PMLE_LIVE_REPLAY_TIC|tic=678|mle_ms=109.534|monotonic_ms=110|clock_delta_ms=.466
|clock_suspect=0
PMLE_LIVE_REPLAY_TIC|tic=679|mle_ms=103.594|monotonic_ms=100|clock_delta_ms=3.59
4|clock_suspect=0
PMLE_LIVE_REPLAY_TIC|tic=680|mle_ms=181.799|monotonic_ms=190|clock_delta_ms=8.20
1|clock_suspect=0
PMLE_LIVE_REPLAY_TIC|tic=681|mle_ms=93.743|monotonic_ms=90|clock_delta_ms=3.743|
clock_suspect=0
PMLE_LIVE_REPLAY_TIC|tic=682|mle_ms=249.27|monotonic_ms=250|clock_delta_ms=.73|c
lock_suspect=0
PMLE_LIVE_REPLAY_TIC|tic=683|mle_ms=123.045|monotonic_ms=120|clock_delta_ms=3.04
5|clock_suspect=0
PMLE_LIVE_REPLAY_TIC|tic=684|mle_ms=81.137|monotonic_ms=80|clock_delta_ms=1.137|
clock_suspect=0
PMLE_LIVE_REPLAY_TIC|tic=685|mle_ms=105.901|monotonic_ms=110|clock_delta_ms=4.09
9|clock_suspect=0
PMLE_LIVE_REPLAY_TIC|tic=686|mle_ms=290.266|monotonic_ms=290|clock_delta_ms=.266
|clock_suspect=0
PMLE_LIVE_REPLAY_TIC|tic=687|mle_ms=101.47|monotonic_ms=100|clock_delta_ms=1.47|
clock_suspect=0
PMLE_LIVE_REPLAY_TIC|tic=688|mle_ms=130.973|monotonic_ms=130|clock_delta_ms=.973
|clock_suspect=0
PMLE_LIVE_REPLAY_TIC|tic=689|mle_ms=169.542|monotonic_ms=170|clock_delta_ms=.458
|clock_suspect=0
PMLE_LIVE_REPLAY_TIC|tic=690|mle_ms=102.256|monotonic_ms=100|clock_delta_ms=2.25
6|clock_suspect=0
PMLE_LIVE_REPLAY_TIC|tic=691|mle_ms=117.04|monotonic_ms=120|clock_delta_ms=2.96|
clock_suspect=0
PMLE_LIVE_REPLAY_TIC|tic=692|mle_ms=127.861|monotonic_ms=130|clock_delta_ms=2.13
9|clock_suspect=0
PMLE_LIVE_REPLAY_TIC|tic=693|mle_ms=46.474|monotonic_ms=50|clock_delta_ms=3.526|
clock_suspect=0
PMLE_LIVE_REPLAY_TIC|tic=694|mle_ms=104.067|monotonic_ms=100|clock_delta_ms=4.06
7|clock_suspect=0
PMLE_LIVE_REPLAY_TIC|tic=695|mle_ms=106.597|monotonic_ms=110|clock_delta_ms=3.40
3|clock_suspect=0
PMLE_LIVE_REPLAY_TIC|tic=696|mle_ms=205.201|monotonic_ms=200|clock_delta_ms=5.20
1|clock_suspect=0
PMLE_LIVE_REPLAY_TIC|tic=697|mle_ms=103.171|monotonic_ms=110|clock_delta_ms=6.82
9|clock_suspect=0
PMLE_LIVE_REPLAY_TIC|tic=698|mle_ms=166.062|monotonic_ms=160|clock_delta_ms=6.06
2|clock_suspect=0
PMLE_LIVE_REPLAY_TIC|tic=699|mle_ms=60.755|monotonic_ms=60|clock_delta_ms=.755|c
lock_suspect=0
PMLE_LIVE_REPLAY_TIC|tic=700|mle_ms=192.436|monotonic_ms=190|clock_delta_ms=2.43
6|clock_suspect=0
PMLE_LIVE_REPLAY_TIC|tic=701|mle_ms=118.241|monotonic_ms=110|clock_delta_ms=8.24
1|clock_suspect=0
PMLE_LIVE_REPLAY_TIC|tic=702|mle_ms=62.996|monotonic_ms=70|clock_delta_ms=7.004|
clock_suspect=0
PMLE_LIVE_REPLAY_TIC|tic=703|mle_ms=59.244|monotonic_ms=60|clock_delta_ms=.756|c
lock_suspect=0
PMLE_LIVE_REPLAY_TIC|tic=704|mle_ms=93.855|monotonic_ms=90|clock_delta_ms=3.855|
clock_suspect=0
PMLE_LIVE_REPLAY_TIC|tic=705|mle_ms=38.813|monotonic_ms=40|clock_delta_ms=1.187|
clock_suspect=0
PMLE_LIVE_REPLAY_TIC|tic=706|mle_ms=71.647|monotonic_ms=70|clock_delta_ms=1.647|
clock_suspect=0
PMLE_LIVE_REPLAY_TIC|tic=707|mle_ms=213.822|monotonic_ms=220|clock_delta_ms=6.17
8|clock_suspect=0
PMLE_LIVE_REPLAY_TIC|tic=708|mle_ms=125.608|monotonic_ms=120|clock_delta_ms=5.60
8|clock_suspect=0
PMLE_LIVE_REPLAY_TIC|tic=709|mle_ms=53.36|monotonic_ms=50|clock_delta_ms=3.36|cl
ock_suspect=0
PMLE_LIVE_REPLAY_TIC|tic=710|mle_ms=90.858|monotonic_ms=100|clock_delta_ms=9.142
|clock_suspect=0
PMLE_LIVE_REPLAY_TIC|tic=711|mle_ms=105.163|monotonic_ms=100|clock_delta_ms=5.16
3|clock_suspect=0
PMLE_LIVE_REPLAY_TIC|tic=712|mle_ms=50.321|monotonic_ms=50|clock_delta_ms=.321|c
lock_suspect=0
PMLE_LIVE_REPLAY_TIC|tic=713|mle_ms=69.453|monotonic_ms=70|clock_delta_ms=.547|c
lock_suspect=0
PMLE_LIVE_REPLAY_TIC|tic=714|mle_ms=68.365|monotonic_ms=70|clock_delta_ms=1.635|
clock_suspect=0
PMLE_LIVE_REPLAY_TIC|tic=715|mle_ms=38.879|monotonic_ms=40|clock_delta_ms=1.121|
clock_suspect=0
PMLE_LIVE_REPLAY_TIC|tic=716|mle_ms=95.277|monotonic_ms=90|clock_delta_ms=5.277|
clock_suspect=0
PMLE_LIVE_REPLAY_TIC|tic=717|mle_ms=61.767|monotonic_ms=70|clock_delta_ms=8.233|
clock_suspect=0
PMLE_LIVE_REPLAY_TIC|tic=718|mle_ms=51.919|monotonic_ms=50|clock_delta_ms=1.919|
clock_suspect=0
PMLE_LIVE_REPLAY_TIC|tic=719|mle_ms=58.71|monotonic_ms=60|clock_delta_ms=1.29|cl
ock_suspect=0
PMLE_LIVE_REPLAY_TIC|tic=720|mle_ms=70.881|monotonic_ms=70|clock_delta_ms=.881|c
lock_suspect=0
PMLE_LIVE_REPLAY_TIC|tic=721|mle_ms=41.435|monotonic_ms=40|clock_delta_ms=1.435|
clock_suspect=0
PMLE_LIVE_REPLAY_TIC|tic=722|mle_ms=94.384|monotonic_ms=90|clock_delta_ms=4.384|
clock_suspect=0
PMLE_LIVE_REPLAY_TIC|tic=723|mle_ms=84.618|monotonic_ms=90|clock_delta_ms=5.382|
clock_suspect=0
PMLE_LIVE_REPLAY_TIC|tic=724|mle_ms=55.55|monotonic_ms=50|clock_delta_ms=5.55|cl
ock_suspect=0
PMLE_LIVE_REPLAY_TIC|tic=725|mle_ms=61.118|monotonic_ms=60|clock_delta_ms=1.118|
clock_suspect=0
PMLE_LIVE_REPLAY_TIC|tic=726|mle_ms=91.352|monotonic_ms=100|clock_delta_ms=8.648
|clock_suspect=0
PMLE_LIVE_REPLAY_TIC|tic=727|mle_ms=49.493|monotonic_ms=50|clock_delta_ms=.507|c
lock_suspect=0
PMLE_LIVE_REPLAY_TIC|tic=728|mle_ms=72.509|monotonic_ms=70|clock_delta_ms=2.509|
clock_suspect=0
PMLE_LIVE_REPLAY_TIC|tic=729|mle_ms=61.534|monotonic_ms=60|clock_delta_ms=1.534|
clock_suspect=0
PMLE_LIVE_REPLAY_TIC|tic=730|mle_ms=56.994|monotonic_ms=60|clock_delta_ms=3.006|
clock_suspect=0
PMLE_LIVE_REPLAY_TIC|tic=731|mle_ms=59.921|monotonic_ms=60|clock_delta_ms=.079|c
lock_suspect=0
PMLE_LIVE_REPLAY_TIC|tic=732|mle_ms=65.979|monotonic_ms=60|clock_delta_ms=5.979|
clock_suspect=0
PMLE_LIVE_REPLAY_TIC|tic=733|mle_ms=60.829|monotonic_ms=60|clock_delta_ms=.829|c
lock_suspect=0
PMLE_LIVE_REPLAY_TIC|tic=734|mle_ms=103.499|monotonic_ms=110|clock_delta_ms=6.50
1|clock_suspect=0
PMLE_LIVE_REPLAY_TIC|tic=735|mle_ms=50.448|monotonic_ms=50|clock_delta_ms=.448|c
lock_suspect=0
PMLE_LIVE_REPLAY_TIC|tic=736|mle_ms=60.726|monotonic_ms=60|clock_delta_ms=.726|c
lock_suspect=0
PMLE_LIVE_REPLAY_TIC|tic=737|mle_ms=75.527|monotonic_ms=70|clock_delta_ms=5.527|
clock_suspect=0
PMLE_LIVE_REPLAY_TIC|tic=738|mle_ms=58.62|monotonic_ms=60|clock_delta_ms=1.38|cl
ock_suspect=0
PMLE_LIVE_REPLAY_TIC|tic=739|mle_ms=31.154|monotonic_ms=30|clock_delta_ms=1.154|
clock_suspect=0
PMLE_LIVE_REPLAY_TIC|tic=740|mle_ms=56.269|monotonic_ms=60|clock_delta_ms=3.731|
clock_suspect=0
PMLE_LIVE_REPLAY_TIC|tic=741|mle_ms=38.416|monotonic_ms=40|clock_delta_ms=1.584|
clock_suspect=0
PMLE_LIVE_REPLAY_TIC|tic=742|mle_ms=31.712|monotonic_ms=30|clock_delta_ms=1.712|
clock_suspect=0
PMLE_LIVE_REPLAY_TIC|tic=743|mle_ms=54.94|monotonic_ms=60|clock_delta_ms=5.06|cl
ock_suspect=0
PMLE_LIVE_REPLAY_TIC|tic=744|mle_ms=45.764|monotonic_ms=40|clock_delta_ms=5.764|
clock_suspect=0
PMLE_LIVE_REPLAY_TIC|tic=745|mle_ms=24.418|monotonic_ms=30|clock_delta_ms=5.582|
clock_suspect=0
PMLE_LIVE_REPLAY_TIC|tic=746|mle_ms=70.987|monotonic_ms=70|clock_delta_ms=.987|c
lock_suspect=0
PMLE_LIVE_REPLAY_TIC|tic=747|mle_ms=48.153|monotonic_ms=50|clock_delta_ms=1.847|
clock_suspect=0
PMLE_LIVE_REPLAY_TIC|tic=748|mle_ms=39.49|monotonic_ms=30|clock_delta_ms=9.49|cl
ock_suspect=0
PMLE_LIVE_REPLAY_TIC|tic=749|mle_ms=42.872|monotonic_ms=50|clock_delta_ms=7.128|
clock_suspect=0
PMLE_LIVE_REPLAY_TIC|tic=750|mle_ms=57.487|monotonic_ms=60|clock_delta_ms=2.513|
clock_suspect=0
PMLE_LIVE_REPLAY_TIC|tic=751|mle_ms=38.839|monotonic_ms=30|clock_delta_ms=8.839|
clock_suspect=0
PMLE_LIVE_REPLAY_TIC|tic=752|mle_ms=57.485|monotonic_ms=60|clock_delta_ms=2.515|
clock_suspect=0
PMLE_LIVE_REPLAY_TIC|tic=753|mle_ms=51.46|monotonic_ms=50|clock_delta_ms=1.46|cl
ock_suspect=0
PMLE_LIVE_REPLAY_TIC|tic=754|mle_ms=48.457|monotonic_ms=50|clock_delta_ms=1.543|
clock_suspect=0
PMLE_LIVE_REPLAY_TIC|tic=755|mle_ms=45.043|monotonic_ms=50|clock_delta_ms=4.957|
clock_suspect=0
PMLE_LIVE_REPLAY_TIC|tic=756|mle_ms=59.673|monotonic_ms=60|clock_delta_ms=.327|c
lock_suspect=0
PMLE_LIVE_REPLAY_TIC|tic=757|mle_ms=42.16|monotonic_ms=40|clock_delta_ms=2.16|cl
ock_suspect=0
PMLE_LIVE_REPLAY_TIC|tic=758|mle_ms=55.236|monotonic_ms=50|clock_delta_ms=5.236|
clock_suspect=0
PMLE_LIVE_REPLAY_TIC|tic=759|mle_ms=42.331|monotonic_ms=50|clock_delta_ms=7.669|
clock_suspect=0
PMLE_LIVE_REPLAY_TIC|tic=760|mle_ms=66.814|monotonic_ms=60|clock_delta_ms=6.814|
clock_suspect=0
PMLE_LIVE_REPLAY_TIC|tic=761|mle_ms=58.862|monotonic_ms=60|clock_delta_ms=1.138|
clock_suspect=0
PMLE_LIVE_REPLAY_TIC|tic=762|mle_ms=51.612|monotonic_ms=50|clock_delta_ms=1.612|
clock_suspect=0
PMLE_LIVE_REPLAY_TIC|tic=763|mle_ms=77.056|monotonic_ms=80|clock_delta_ms=2.944|
clock_suspect=0
PMLE_LIVE_REPLAY_TIC|tic=764|mle_ms=65.126|monotonic_ms=70|clock_delta_ms=4.874|
clock_suspect=0
PMLE_LIVE_REPLAY_TIC|tic=765|mle_ms=56.019|monotonic_ms=50|clock_delta_ms=6.019|
clock_suspect=0
PMLE_LIVE_REPLAY_TIC|tic=766|mle_ms=88.478|monotonic_ms=90|clock_delta_ms=1.522|
clock_suspect=0
PMLE_LIVE_REPLAY_TIC|tic=767|mle_ms=76.7|monotonic_ms=80|clock_delta_ms=3.3|cloc
k_suspect=0
PMLE_LIVE_REPLAY_TIC|tic=768|mle_ms=62.962|monotonic_ms=60|clock_delta_ms=2.962|
clock_suspect=0
PMLE_LIVE_REPLAY_TIC|tic=769|mle_ms=54.699|monotonic_ms=60|clock_delta_ms=5.301|
clock_suspect=0
PMLE_LIVE_REPLAY_TIC|tic=770|mle_ms=69.655|monotonic_ms=70|clock_delta_ms=.345|c
lock_suspect=0
PMLE_LIVE_REPLAY_TIC|tic=771|mle_ms=58.696|monotonic_ms=50|clock_delta_ms=8.696|
clock_suspect=0
PMLE_LIVE_REPLAY_TIC|tic=772|mle_ms=59.781|monotonic_ms=60|clock_delta_ms=.219|c
lock_suspect=0
PMLE_LIVE_REPLAY_TIC|tic=773|mle_ms=86.782|monotonic_ms=90|clock_delta_ms=3.218|
clock_suspect=0
PMLE_LIVE_REPLAY_TIC|tic=774|mle_ms=58.051|monotonic_ms=60|clock_delta_ms=1.949|
clock_suspect=0
PMLE_LIVE_REPLAY_TIC|tic=775|mle_ms=55.381|monotonic_ms=60|clock_delta_ms=4.619|
clock_suspect=0
PMLE_LIVE_REPLAY_TIC|tic=776|mle_ms=76.04|monotonic_ms=70|clock_delta_ms=6.04|cl
ock_suspect=0
PMLE_LIVE_REPLAY_TIC|tic=777|mle_ms=92.579|monotonic_ms=90|clock_delta_ms=2.579|
clock_suspect=0
PMLE_LIVE_REPLAY_TIC|tic=778|mle_ms=61.274|monotonic_ms=70|clock_delta_ms=8.726|
clock_suspect=0
PMLE_LIVE_REPLAY_TIC|tic=779|mle_ms=73.035|monotonic_ms=70|clock_delta_ms=3.035|
clock_suspect=0
PMLE_LIVE_REPLAY_TIC|tic=780|mle_ms=77.094|monotonic_ms=80|clock_delta_ms=2.906|
clock_suspect=0
PMLE_LIVE_REPLAY_TIC|tic=781|mle_ms=60.483|monotonic_ms=60|clock_delta_ms=.483|c
lock_suspect=0
PMLE_LIVE_REPLAY_TIC|tic=782|mle_ms=68.473|monotonic_ms=60|clock_delta_ms=8.473|
clock_suspect=0
PMLE_LIVE_REPLAY_TIC|tic=783|mle_ms=65.129|monotonic_ms=70|clock_delta_ms=4.871|
clock_suspect=0
PMLE_LIVE_REPLAY_TIC|tic=784|mle_ms=50.859|monotonic_ms=50|clock_delta_ms=.859|c
lock_suspect=0
PMLE_LIVE_REPLAY_TIC|tic=785|mle_ms=66.479|monotonic_ms=70|clock_delta_ms=3.521|
clock_suspect=0
PMLE_LIVE_REPLAY_TIC|tic=786|mle_ms=77.267|monotonic_ms=70|clock_delta_ms=7.267|
clock_suspect=0
PMLE_LIVE_REPLAY_TIC|tic=787|mle_ms=65.688|monotonic_ms=70|clock_delta_ms=4.312|
clock_suspect=0
PMLE_LIVE_REPLAY_TIC|tic=788|mle_ms=86.372|monotonic_ms=90|clock_delta_ms=3.628|
clock_suspect=0
PMLE_LIVE_REPLAY_TIC|tic=789|mle_ms=64.235|monotonic_ms=60|clock_delta_ms=4.235|
clock_suspect=0
PMLE_LIVE_REPLAY_TIC|tic=790|mle_ms=62.041|monotonic_ms=60|clock_delta_ms=2.041|
clock_suspect=0
PMLE_LIVE_REPLAY_TIC|tic=791|mle_ms=59.962|monotonic_ms=60|clock_delta_ms=.038|c
lock_suspect=0
PMLE_LIVE_REPLAY_TIC|tic=792|mle_ms=51.628|monotonic_ms=60|clock_delta_ms=8.372|
clock_suspect=0
PMLE_LIVE_REPLAY_TIC|tic=793|mle_ms=57.548|monotonic_ms=50|clock_delta_ms=7.548|
clock_suspect=0
PMLE_LIVE_REPLAY_TIC|tic=794|mle_ms=77.973|monotonic_ms=80|clock_delta_ms=2.027|
clock_suspect=0
PMLE_LIVE_REPLAY_TIC|tic=795|mle_ms=45.404|monotonic_ms=50|clock_delta_ms=4.596|
clock_suspect=0
PMLE_LIVE_REPLAY_TIC|tic=796|mle_ms=55.133|monotonic_ms=50|clock_delta_ms=5.133|
clock_suspect=0
PMLE_LIVE_REPLAY_TIC|tic=797|mle_ms=52.927|monotonic_ms=50|clock_delta_ms=2.927|
clock_suspect=0
PMLE_LIVE_REPLAY_TIC|tic=798|mle_ms=45.992|monotonic_ms=50|clock_delta_ms=4.008|
clock_suspect=0
PMLE_LIVE_REPLAY_TIC|tic=799|mle_ms=41.005|monotonic_ms=40|clock_delta_ms=1.005|
clock_suspect=0
PMLE_LIVE_REPLAY_TIC|tic=800|mle_ms=58.828|monotonic_ms=60|clock_delta_ms=1.172|
clock_suspect=0
PMLE_LIVE_REPLAY_TIC|tic=801|mle_ms=42.124|monotonic_ms=40|clock_delta_ms=2.124|
clock_suspect=0
PMLE_LIVE_REPLAY_TIC|tic=802|mle_ms=38.361|monotonic_ms=40|clock_delta_ms=1.639|
clock_suspect=0
PMLE_LIVE_REPLAY_TIC|tic=803|mle_ms=46.458|monotonic_ms=50|clock_delta_ms=3.542|
clock_suspect=0
PMLE_LIVE_REPLAY_TIC|tic=804|mle_ms=56.362|monotonic_ms=50|clock_delta_ms=6.362|
clock_suspect=0
PMLE_LIVE_REPLAY_TIC|tic=805|mle_ms=35.318|monotonic_ms=40|clock_delta_ms=4.682|
clock_suspect=0
PMLE_LIVE_REPLAY_TIC|tic=806|mle_ms=76.077|monotonic_ms=70|clock_delta_ms=6.077|
clock_suspect=0
PMLE_LIVE_REPLAY_TIC|tic=807|mle_ms=63.313|monotonic_ms=70|clock_delta_ms=6.687|
clock_suspect=0
PMLE_LIVE_REPLAY_TIC|tic=808|mle_ms=36.555|monotonic_ms=30|clock_delta_ms=6.555|
clock_suspect=0
PMLE_LIVE_REPLAY_TIC|tic=809|mle_ms=37.133|monotonic_ms=40|clock_delta_ms=2.867|
clock_suspect=0
PMLE_LIVE_REPLAY_TIC|tic=810|mle_ms=46.367|monotonic_ms=50|clock_delta_ms=3.633|
clock_suspect=0
PMLE_LIVE_REPLAY_TIC|tic=811|mle_ms=35.871|monotonic_ms=30|clock_delta_ms=5.871|
clock_suspect=0
PMLE_LIVE_REPLAY_TIC|tic=812|mle_ms=59.937|monotonic_ms=60|clock_delta_ms=.063|c
lock_suspect=0
PMLE_LIVE_REPLAY_TIC|tic=813|mle_ms=44.261|monotonic_ms=50|clock_delta_ms=5.739|
clock_suspect=0
PMLE_LIVE_REPLAY_TIC|tic=814|mle_ms=33.782|monotonic_ms=30|clock_delta_ms=3.782|
clock_suspect=0
PMLE_LIVE_REPLAY_TIC|tic=815|mle_ms=46.069|monotonic_ms=50|clock_delta_ms=3.931|
clock_suspect=0
PMLE_LIVE_REPLAY_TIC|tic=816|mle_ms=58.833|monotonic_ms=60|clock_delta_ms=1.167|
clock_suspect=0
PMLE_LIVE_REPLAY_TIC|tic=817|mle_ms=38.462|monotonic_ms=40|clock_delta_ms=1.538|
clock_suspect=0
PMLE_LIVE_REPLAY_TIC|tic=818|mle_ms=50.344|monotonic_ms=50|clock_delta_ms=.344|c
lock_suspect=0
PMLE_LIVE_REPLAY_TIC|tic=819|mle_ms=42.39|monotonic_ms=40|clock_delta_ms=2.39|cl
ock_suspect=0
PMLE_LIVE_REPLAY_TIC|tic=820|mle_ms=32.644|monotonic_ms=30|clock_delta_ms=2.644|
clock_suspect=0
PMLE_LIVE_REPLAY_TIC|tic=821|mle_ms=55.864|monotonic_ms=60|clock_delta_ms=4.136|
clock_suspect=0
PMLE_LIVE_REPLAY_TIC|tic=822|mle_ms=42.561|monotonic_ms=40|clock_delta_ms=2.561|
clock_suspect=0
PMLE_LIVE_REPLAY_TIC|tic=823|mle_ms=42.428|monotonic_ms=40|clock_delta_ms=2.428|
clock_suspect=0
PMLE_LIVE_REPLAY_TIC|tic=824|mle_ms=45.472|monotonic_ms=50|clock_delta_ms=4.528|
clock_suspect=0
PMLE_LIVE_REPLAY_TIC|tic=825|mle_ms=40.207|monotonic_ms=40|clock_delta_ms=.207|c
lock_suspect=0
PMLE_LIVE_REPLAY_TIC|tic=826|mle_ms=44.778|monotonic_ms=40|clock_delta_ms=4.778|
clock_suspect=0
PMLE_LIVE_REPLAY_TIC|tic=827|mle_ms=34.405|monotonic_ms=40|clock_delta_ms=5.595|
clock_suspect=0
PMLE_LIVE_REPLAY_TIC|tic=828|mle_ms=53.242|monotonic_ms=50|clock_delta_ms=3.242|
clock_suspect=0
PMLE_LIVE_REPLAY_TIC|tic=829|mle_ms=31.942|monotonic_ms=30|clock_delta_ms=1.942|
clock_suspect=0
PMLE_LIVE_REPLAY_TIC|tic=830|mle_ms=41.129|monotonic_ms=40|clock_delta_ms=1.129|
clock_suspect=0
PMLE_LIVE_REPLAY_TIC|tic=831|mle_ms=44.29|monotonic_ms=50|clock_delta_ms=5.71|cl
ock_suspect=0
PMLE_LIVE_REPLAY_TIC|tic=832|mle_ms=25.486|monotonic_ms=20|clock_delta_ms=5.486|
clock_suspect=0
PMLE_LIVE_REPLAY_TIC|tic=833|mle_ms=40.078|monotonic_ms=40|clock_delta_ms=.078|c
lock_suspect=0
PMLE_LIVE_REPLAY_TIC|tic=834|mle_ms=40.316|monotonic_ms=40|clock_delta_ms=.316|c
lock_suspect=0
PMLE_LIVE_REPLAY_TIC|tic=835|mle_ms=36.465|monotonic_ms=40|clock_delta_ms=3.535|
clock_suspect=0
PMLE_LIVE_REPLAY_TIC|tic=836|mle_ms=54.733|monotonic_ms=60|clock_delta_ms=5.267|
clock_suspect=0
PMLE_LIVE_REPLAY_TIC|tic=837|mle_ms=51.328|monotonic_ms=50|clock_delta_ms=1.328|
clock_suspect=0
PMLE_LIVE_REPLAY_TIC|tic=838|mle_ms=40.81|monotonic_ms=40|clock_delta_ms=.81|clo
ck_suspect=0
PMLE_LIVE_REPLAY_TIC|tic=839|mle_ms=42.614|monotonic_ms=40|clock_delta_ms=2.614|
clock_suspect=0
PMLE_LIVE_REPLAY_TIC|tic=840|mle_ms=74.699|monotonic_ms=80|clock_delta_ms=5.301|
clock_suspect=0
PMLE_LIVE_REPLAY_TIC|tic=841|mle_ms=86.92|monotonic_ms=80|clock_delta_ms=6.92|cl
ock_suspect=0
PMLE_LIVE_REPLAY_TIC|tic=842|mle_ms=63.018|monotonic_ms=70|clock_delta_ms=6.982|
clock_suspect=0
PMLE_LIVE_REPLAY_TIC|tic=843|mle_ms=120.88|monotonic_ms=120|clock_delta_ms=.88|c
lock_suspect=0
PMLE_LIVE_REPLAY_TIC|tic=844|mle_ms=54.58|monotonic_ms=50|clock_delta_ms=4.58|cl
ock_suspect=0
PMLE_LIVE_REPLAY_TIC|tic=845|mle_ms=64.532|monotonic_ms=70|clock_delta_ms=5.468|
clock_suspect=0
PMLE_LIVE_REPLAY_TIC|tic=846|mle_ms=126.375|monotonic_ms=120|clock_delta_ms=6.37
5|clock_suspect=0
PMLE_LIVE_REPLAY_TIC|tic=847|mle_ms=43.827|monotonic_ms=50|clock_delta_ms=6.173|
clock_suspect=0
PMLE_LIVE_REPLAY_TIC|tic=848|mle_ms=55.264|monotonic_ms=50|clock_delta_ms=5.264|
clock_suspect=0
PMLE_LIVE_REPLAY_TIC|tic=849|mle_ms=81.132|monotonic_ms=80|clock_delta_ms=1.132|
clock_suspect=0
PMLE_LIVE_REPLAY_TIC|tic=850|mle_ms=44.775|monotonic_ms=50|clock_delta_ms=5.225|
clock_suspect=0
PMLE_LIVE_REPLAY_TIC|tic=851|mle_ms=79.455|monotonic_ms=80|clock_delta_ms=.545|c
lock_suspect=0
PMLE_LIVE_REPLAY_TIC|tic=852|mle_ms=109.548|monotonic_ms=110|clock_delta_ms=.452
|clock_suspect=0
PMLE_LIVE_REPLAY_TIC|tic=853|mle_ms=105.349|monotonic_ms=100|clock_delta_ms=5.34
9|clock_suspect=0
PMLE_LIVE_REPLAY_TIC|tic=854|mle_ms=55.633|monotonic_ms=60|clock_delta_ms=4.367|
clock_suspect=0
PMLE_LIVE_REPLAY_TIC|tic=855|mle_ms=69.861|monotonic_ms=70|clock_delta_ms=.139|c
lock_suspect=0
PMLE_LIVE_REPLAY_TIC|tic=856|mle_ms=67.743|monotonic_ms=70|clock_delta_ms=2.257|
clock_suspect=0
PMLE_LIVE_REPLAY_TIC|tic=857|mle_ms=62.053|monotonic_ms=60|clock_delta_ms=2.053|
clock_suspect=0
PMLE_LIVE_REPLAY_TIC|tic=858|mle_ms=79.697|monotonic_ms=80|clock_delta_ms=.303|c
lock_suspect=0
PMLE_LIVE_REPLAY_TIC|tic=859|mle_ms=39.687|monotonic_ms=40|clock_delta_ms=.313|c
lock_suspect=0
PMLE_LIVE_REPLAY_TIC|tic=860|mle_ms=69.557|monotonic_ms=70|clock_delta_ms=.443|c
lock_suspect=0
PMLE_LIVE_REPLAY_TIC|tic=861|mle_ms=110.569|monotonic_ms=110|clock_delta_ms=.569
|clock_suspect=0
PMLE_LIVE_REPLAY_TIC|tic=862|mle_ms=45.377|monotonic_ms=40|clock_delta_ms=5.377|
clock_suspect=0
PMLE_LIVE_REPLAY_TIC|tic=863|mle_ms=135.353|monotonic_ms=140|clock_delta_ms=4.64
7|clock_suspect=0
PMLE_LIVE_REPLAY_TIC|tic=864|mle_ms=90.067|monotonic_ms=90|clock_delta_ms=.067|c
lock_suspect=0
PMLE_LIVE_REPLAY_TIC|tic=865|mle_ms=52.329|monotonic_ms=50|clock_delta_ms=2.329|
clock_suspect=0
PMLE_LIVE_REPLAY_TIC|tic=866|mle_ms=95.535|monotonic_ms=100|clock_delta_ms=4.465
|clock_suspect=0
PMLE_LIVE_REPLAY_TIC|tic=867|mle_ms=82.859|monotonic_ms=80|clock_delta_ms=2.859|
clock_suspect=0
PMLE_LIVE_REPLAY_TIC|tic=868|mle_ms=48.118|monotonic_ms=50|clock_delta_ms=1.882|
clock_suspect=0
PMLE_LIVE_REPLAY_TIC|tic=869|mle_ms=63.217|monotonic_ms=60|clock_delta_ms=3.217|
clock_suspect=0
PMLE_LIVE_REPLAY_TIC|tic=870|mle_ms=116.467|monotonic_ms=120|clock_delta_ms=3.53
3|clock_suspect=0
PMLE_LIVE_REPLAY_TIC|tic=871|mle_ms=97.789|monotonic_ms=100|clock_delta_ms=2.211
|clock_suspect=0
PMLE_LIVE_REPLAY_TIC|tic=872|mle_ms=66.761|monotonic_ms=60|clock_delta_ms=6.761|
clock_suspect=0
PMLE_LIVE_REPLAY_TIC|tic=873|mle_ms=186.123|monotonic_ms=190|clock_delta_ms=3.87
7|clock_suspect=0
PMLE_LIVE_REPLAY_TIC|tic=874|mle_ms=43.608|monotonic_ms=40|clock_delta_ms=3.608|
clock_suspect=0
PMLE_LIVE_REPLAY_TIC|tic=875|mle_ms=49.58|monotonic_ms=50|clock_delta_ms=.42|clo
ck_suspect=0
PMLE_LIVE_REPLAY_TIC|tic=876|mle_ms=107.951|monotonic_ms=110|clock_delta_ms=2.04
9|clock_suspect=0
PMLE_LIVE_REPLAY_TIC|tic=877|mle_ms=43.655|monotonic_ms=40|clock_delta_ms=3.655|
clock_suspect=0
PMLE_LIVE_REPLAY_TIC|tic=878|mle_ms=55.074|monotonic_ms=60|clock_delta_ms=4.926|
clock_suspect=0
PMLE_LIVE_REPLAY_TIC|tic=879|mle_ms=96.885|monotonic_ms=100|clock_delta_ms=3.115
|clock_suspect=0
PMLE_LIVE_REPLAY_TIC|tic=880|mle_ms=45.61|monotonic_ms=40|clock_delta_ms=5.61|cl
ock_suspect=0
PMLE_LIVE_REPLAY_TIC|tic=881|mle_ms=80.356|monotonic_ms=80|clock_delta_ms=.356|c
lock_suspect=0
PMLE_LIVE_REPLAY_TIC|tic=882|mle_ms=82.033|monotonic_ms=80|clock_delta_ms=2.033|
clock_suspect=0
PMLE_LIVE_REPLAY_TIC|tic=883|mle_ms=97.481|monotonic_ms=100|clock_delta_ms=2.519
|clock_suspect=0
PMLE_LIVE_REPLAY_TIC|tic=884|mle_ms=70.632|monotonic_ms=70|clock_delta_ms=.632|c
lock_suspect=0
PMLE_LIVE_REPLAY_TIC|tic=885|mle_ms=84.555|monotonic_ms=90|clock_delta_ms=5.445|
clock_suspect=0
PMLE_LIVE_REPLAY_TIC|tic=886|mle_ms=63.319|monotonic_ms=60|clock_delta_ms=3.319|
clock_suspect=0
PMLE_LIVE_REPLAY_TIC|tic=887|mle_ms=79.548|monotonic_ms=80|clock_delta_ms=.452|c
lock_suspect=0
PMLE_LIVE_REPLAY_TIC|tic=888|mle_ms=92.527|monotonic_ms=90|clock_delta_ms=2.527|
clock_suspect=0
PMLE_LIVE_REPLAY_TIC|tic=889|mle_ms=70.667|monotonic_ms=70|clock_delta_ms=.667|c
lock_suspect=0
PMLE_LIVE_REPLAY_TIC|tic=890|mle_ms=105.291|monotonic_ms=110|clock_delta_ms=4.70
9|clock_suspect=0
PMLE_LIVE_REPLAY_TIC|tic=891|mle_ms=131.251|monotonic_ms=130|clock_delta_ms=1.25
1|clock_suspect=0
PMLE_LIVE_REPLAY_TIC|tic=892|mle_ms=27.034|monotonic_ms=30|clock_delta_ms=2.966|
clock_suspect=0
PMLE_LIVE_REPLAY_TIC|tic=893|mle_ms=88.59|monotonic_ms=90|clock_delta_ms=1.41|cl
ock_suspect=0
PMLE_LIVE_REPLAY_TIC|tic=894|mle_ms=52.68|monotonic_ms=50|clock_delta_ms=2.68|cl
ock_suspect=0
PMLE_LIVE_REPLAY_TIC|tic=895|mle_ms=34.307|monotonic_ms=30|clock_delta_ms=4.307|
clock_suspect=0
PMLE_LIVE_REPLAY_TIC|tic=896|mle_ms=84.287|monotonic_ms=90|clock_delta_ms=5.713|
clock_suspect=0
PMLE_LIVE_REPLAY_TIC|tic=897|mle_ms=52.221|monotonic_ms=50|clock_delta_ms=2.221|
clock_suspect=0
PMLE_LIVE_REPLAY_TIC|tic=898|mle_ms=35.962|monotonic_ms=40|clock_delta_ms=4.038|
clock_suspect=0
PMLE_LIVE_REPLAY_TIC|tic=899|mle_ms=36.342|monotonic_ms=30|clock_delta_ms=6.342|
clock_suspect=0
PMLE_LIVE_REPLAY_TIC|tic=900|mle_ms=56.384|monotonic_ms=60|clock_delta_ms=3.616|
clock_suspect=0
PMLE_LIVE_REPLAY_TIC|tic=901|mle_ms=76.348|monotonic_ms=70|clock_delta_ms=6.348|
clock_suspect=0
PMLE_LIVE_REPLAY_TIC|tic=902|mle_ms=36.688|monotonic_ms=40|clock_delta_ms=3.312|
clock_suspect=0
PMLE_LIVE_REPLAY_TIC|tic=903|mle_ms=63.985|monotonic_ms=60|clock_delta_ms=3.985|
clock_suspect=0
PMLE_LIVE_REPLAY_TIC|tic=904|mle_ms=43.217|monotonic_ms=50|clock_delta_ms=6.783|
clock_suspect=0
PMLE_LIVE_REPLAY_TIC|tic=905|mle_ms=30.208|monotonic_ms=30|clock_delta_ms=.208|c
lock_suspect=0
PMLE_LIVE_REPLAY_TIC|tic=906|mle_ms=79.162|monotonic_ms=80|clock_delta_ms=.838|c
lock_suspect=0
PMLE_LIVE_REPLAY_TIC|tic=907|mle_ms=54.197|monotonic_ms=50|clock_delta_ms=4.197|
clock_suspect=0
PMLE_LIVE_REPLAY_TIC|tic=908|mle_ms=48.013|monotonic_ms=50|clock_delta_ms=1.987|
clock_suspect=0
PMLE_LIVE_REPLAY_TIC|tic=909|mle_ms=54.529|monotonic_ms=50|clock_delta_ms=4.529|
clock_suspect=0
PMLE_LIVE_REPLAY_TIC|tic=910|mle_ms=45.079|monotonic_ms=50|clock_delta_ms=4.921|
clock_suspect=0
PMLE_LIVE_REPLAY_TIC|tic=911|mle_ms=70.06|monotonic_ms=70|clock_delta_ms=.06|clo
ck_suspect=0
PMLE_LIVE_REPLAY_TIC|tic=912|mle_ms=55.646|monotonic_ms=60|clock_delta_ms=4.354|
clock_suspect=0
PMLE_LIVE_REPLAY_TIC|tic=913|mle_ms=51.523|monotonic_ms=50|clock_delta_ms=1.523|
clock_suspect=0
PMLE_LIVE_REPLAY_TIC|tic=914|mle_ms=44.448|monotonic_ms=40|clock_delta_ms=4.448|
clock_suspect=0
PMLE_LIVE_REPLAY_TIC|tic=915|mle_ms=52.228|monotonic_ms=50|clock_delta_ms=2.228|
clock_suspect=0
PMLE_LIVE_REPLAY_TIC|tic=916|mle_ms=99.387|monotonic_ms=100|clock_delta_ms=.613|
clock_suspect=0
PMLE_LIVE_REPLAY_TIC|tic=917|mle_ms=36.511|monotonic_ms=40|clock_delta_ms=3.489|
clock_suspect=0
PMLE_LIVE_REPLAY_TIC|tic=918|mle_ms=65.482|monotonic_ms=70|clock_delta_ms=4.518|
clock_suspect=0
PMLE_LIVE_REPLAY_TIC|tic=919|mle_ms=62.62|monotonic_ms=60|clock_delta_ms=2.62|cl
ock_suspect=0
PMLE_LIVE_REPLAY_TIC|tic=920|mle_ms=44.769|monotonic_ms=40|clock_delta_ms=4.769|
clock_suspect=0
PMLE_LIVE_REPLAY_TIC|tic=921|mle_ms=67.021|monotonic_ms=70|clock_delta_ms=2.979|
clock_suspect=0
PMLE_LIVE_REPLAY_TIC|tic=922|mle_ms=61.237|monotonic_ms=60|clock_delta_ms=1.237|
clock_suspect=0
PMLE_LIVE_REPLAY_TIC|tic=923|mle_ms=46.166|monotonic_ms=50|clock_delta_ms=3.834|
clock_suspect=0
PMLE_LIVE_REPLAY_TIC|tic=924|mle_ms=44.227|monotonic_ms=40|clock_delta_ms=4.227|
clock_suspect=0
PMLE_LIVE_REPLAY_TIC|tic=925|mle_ms=87.834|monotonic_ms=90|clock_delta_ms=2.166|
clock_suspect=0
PMLE_LIVE_REPLAY_TIC|tic=926|mle_ms=72.399|monotonic_ms=70|clock_delta_ms=2.399|
clock_suspect=0
PMLE_LIVE_REPLAY_TIC|tic=927|mle_ms=42.498|monotonic_ms=40|clock_delta_ms=2.498|
clock_suspect=0
PMLE_LIVE_REPLAY_TIC|tic=928|mle_ms=85.596|monotonic_ms=90|clock_delta_ms=4.404|
clock_suspect=0
PMLE_LIVE_REPLAY_TIC|tic=929|mle_ms=28.853|monotonic_ms=30|clock_delta_ms=1.147|
clock_suspect=0
PMLE_LIVE_REPLAY_TIC|tic=930|mle_ms=39.926|monotonic_ms=40|clock_delta_ms=.074|c
lock_suspect=0
PMLE_LIVE_REPLAY_TIC|tic=931|mle_ms=79.158|monotonic_ms=80|clock_delta_ms=.842|c
lock_suspect=0
PMLE_LIVE_REPLAY_TIC|tic=932|mle_ms=33.374|monotonic_ms=30|clock_delta_ms=3.374|
clock_suspect=0
PMLE_LIVE_REPLAY_TIC|tic=933|mle_ms=41.536|monotonic_ms=40|clock_delta_ms=1.536|
clock_suspect=0
PMLE_LIVE_REPLAY_TIC|tic=934|mle_ms=90.17|monotonic_ms=90|clock_delta_ms=.17|clo
ck_suspect=0
PMLE_LIVE_REPLAY_TIC|tic=935|mle_ms=27.331|monotonic_ms=30|clock_delta_ms=2.669|
clock_suspect=0
PMLE_LIVE_REPLAY_TIC|tic=936|mle_ms=76.775|monotonic_ms=80|clock_delta_ms=3.225|
clock_suspect=0
PMLE_LIVE_REPLAY_TIC|tic=937|mle_ms=75.09|monotonic_ms=70|clock_delta_ms=5.09|cl
ock_suspect=0
PMLE_LIVE_REPLAY_TIC|tic=938|mle_ms=39.235|monotonic_ms=40|clock_delta_ms=.765|c
lock_suspect=0
PMLE_LIVE_REPLAY_TIC|tic=939|mle_ms=35.749|monotonic_ms=40|clock_delta_ms=4.251|
clock_suspect=0
PMLE_LIVE_REPLAY_TIC|tic=940|mle_ms=109.242|monotonic_ms=110|clock_delta_ms=.758
|clock_suspect=0
PMLE_LIVE_REPLAY_TIC|tic=941|mle_ms=39.957|monotonic_ms=40|clock_delta_ms=.043|c
lock_suspect=0
PMLE_LIVE_REPLAY_TIC|tic=942|mle_ms=44.285|monotonic_ms=40|clock_delta_ms=4.285|
clock_suspect=0
PMLE_LIVE_REPLAY_TIC|tic=943|mle_ms=110.726|monotonic_ms=110|clock_delta_ms=.726
|clock_suspect=0
PMLE_LIVE_REPLAY_TIC|tic=944|mle_ms=40.64|monotonic_ms=40|clock_delta_ms=.64|clo
ck_suspect=0
PMLE_LIVE_REPLAY_TIC|tic=945|mle_ms=47.039|monotonic_ms=50|clock_delta_ms=2.961|
clock_suspect=0
PMLE_LIVE_REPLAY_TIC|tic=946|mle_ms=164.23|monotonic_ms=170|clock_delta_ms=5.77|
clock_suspect=0
PMLE_LIVE_REPLAY_TIC|tic=947|mle_ms=33.777|monotonic_ms=30|clock_delta_ms=3.777|
clock_suspect=0
PMLE_LIVE_REPLAY_TIC|tic=948|mle_ms=47.972|monotonic_ms=50|clock_delta_ms=2.028|
clock_suspect=0
PMLE_LIVE_REPLAY_TIC|tic=949|mle_ms=113.732|monotonic_ms=110|clock_delta_ms=3.73
2|clock_suspect=0
PMLE_LIVE_REPLAY_TIC|tic=950|mle_ms=58.427|monotonic_ms=60|clock_delta_ms=1.573|
clock_suspect=0
PMLE_LIVE_REPLAY_TIC|tic=951|mle_ms=51.397|monotonic_ms=50|clock_delta_ms=1.397|
clock_suspect=0
PMLE_LIVE_REPLAY_TIC|tic=952|mle_ms=167.534|monotonic_ms=170|clock_delta_ms=2.46
6|clock_suspect=0
PMLE_LIVE_REPLAY_TIC|tic=953|mle_ms=69.513|monotonic_ms=70|clock_delta_ms=.487|c
lock_suspect=0
PMLE_LIVE_REPLAY_TIC|tic=954|mle_ms=49.365|monotonic_ms=50|clock_delta_ms=.635|c
lock_suspect=0
PMLE_LIVE_REPLAY_TIC|tic=955|mle_ms=52.383|monotonic_ms=50|clock_delta_ms=2.383|
clock_suspect=0
PMLE_LIVE_REPLAY_TIC|tic=956|mle_ms=94.659|monotonic_ms=100|clock_delta_ms=5.341
|clock_suspect=0
PMLE_LIVE_REPLAY_TIC|tic=957|mle_ms=69.213|monotonic_ms=60|clock_delta_ms=9.213|
clock_suspect=0
PMLE_LIVE_REPLAY_TIC|tic=958|mle_ms=63.025|monotonic_ms=70|clock_delta_ms=6.975|
clock_suspect=0
PMLE_LIVE_REPLAY_TIC|tic=959|mle_ms=57.415|monotonic_ms=50|clock_delta_ms=7.415|
clock_suspect=0
PMLE_LIVE_REPLAY_TIC|tic=960|mle_ms=72.289|monotonic_ms=70|clock_delta_ms=2.289|
clock_suspect=0
PMLE_LIVE_REPLAY_TIC|tic=961|mle_ms=76.945|monotonic_ms=70|clock_delta_ms=6.945|
clock_suspect=0
PMLE_LIVE_REPLAY_TIC|tic=962|mle_ms=44.264|monotonic_ms=50|clock_delta_ms=5.736|
clock_suspect=0
PMLE_LIVE_REPLAY_TIC|tic=963|mle_ms=62.565|monotonic_ms=60|clock_delta_ms=2.565|
clock_suspect=0
PMLE_LIVE_REPLAY_TIC|tic=964|mle_ms=52.914|monotonic_ms=50|clock_delta_ms=2.914|
clock_suspect=0
PMLE_LIVE_REPLAY_TIC|tic=965|mle_ms=40.243|monotonic_ms=40|clock_delta_ms=.243|c
lock_suspect=0
PMLE_LIVE_REPLAY_TIC|tic=966|mle_ms=73.127|monotonic_ms=80|clock_delta_ms=6.873|
clock_suspect=0
PMLE_LIVE_REPLAY_TIC|tic=967|mle_ms=61.702|monotonic_ms=60|clock_delta_ms=1.702|
clock_suspect=0
PMLE_LIVE_REPLAY_TIC|tic=968|mle_ms=38.177|monotonic_ms=40|clock_delta_ms=1.823|
clock_suspect=0
PMLE_LIVE_REPLAY_TIC|tic=969|mle_ms=71.034|monotonic_ms=70|clock_delta_ms=1.034|
clock_suspect=0
PMLE_LIVE_REPLAY_TIC|tic=970|mle_ms=83.452|monotonic_ms=80|clock_delta_ms=3.452|
clock_suspect=0
PMLE_LIVE_REPLAY_TIC|tic=971|mle_ms=49.953|monotonic_ms=50|clock_delta_ms=.047|c
lock_suspect=0
PMLE_LIVE_REPLAY_TIC|tic=972|mle_ms=43.623|monotonic_ms=50|clock_delta_ms=6.377|
clock_suspect=0
PMLE_LIVE_REPLAY_TIC|tic=973|mle_ms=60.021|monotonic_ms=60|clock_delta_ms=.021|c
lock_suspect=0
PMLE_LIVE_REPLAY_TIC|tic=974|mle_ms=40.544|monotonic_ms=40|clock_delta_ms=.544|c
lock_suspect=0
PMLE_LIVE_REPLAY_TIC|tic=975|mle_ms=37.782|monotonic_ms=30|clock_delta_ms=7.782|
clock_suspect=0
PMLE_LIVE_REPLAY_TIC|tic=976|mle_ms=83.537|monotonic_ms=90|clock_delta_ms=6.463|
clock_suspect=0
PMLE_LIVE_REPLAY_TIC|tic=977|mle_ms=30.091|monotonic_ms=30|clock_delta_ms=.091|c
lock_suspect=0
PMLE_LIVE_REPLAY_TIC|tic=978|mle_ms=42.698|monotonic_ms=40|clock_delta_ms=2.698|
clock_suspect=0
PMLE_LIVE_REPLAY_TIC|tic=979|mle_ms=59.533|monotonic_ms=60|clock_delta_ms=.467|c
lock_suspect=0
PMLE_LIVE_REPLAY_TIC|tic=980|mle_ms=35.702|monotonic_ms=40|clock_delta_ms=4.298|
clock_suspect=0
PMLE_LIVE_REPLAY_TIC|tic=981|mle_ms=57.227|monotonic_ms=50|clock_delta_ms=7.227|
clock_suspect=0
PMLE_LIVE_REPLAY_TIC|tic=982|mle_ms=65.754|monotonic_ms=70|clock_delta_ms=4.246|
clock_suspect=0
PMLE_LIVE_REPLAY_TIC|tic=983|mle_ms=44.207|monotonic_ms=40|clock_delta_ms=4.207|
clock_suspect=0
PMLE_LIVE_REPLAY_TIC|tic=984|mle_ms=47.919|monotonic_ms=50|clock_delta_ms=2.081|
clock_suspect=0
PMLE_LIVE_REPLAY_TIC|tic=985|mle_ms=43.96|monotonic_ms=50|clock_delta_ms=6.04|cl
ock_suspect=0
PMLE_LIVE_REPLAY_TIC|tic=986|mle_ms=64.02|monotonic_ms=60|clock_delta_ms=4.02|cl
ock_suspect=0
PMLE_LIVE_REPLAY_TIC|tic=987|mle_ms=60.972|monotonic_ms=60|clock_delta_ms=.972|c
lock_suspect=0
PMLE_LIVE_REPLAY_TIC|tic=988|mle_ms=40.913|monotonic_ms=40|clock_delta_ms=.913|c
lock_suspect=0
PMLE_LIVE_REPLAY_TIC|tic=989|mle_ms=32.673|monotonic_ms=40|clock_delta_ms=7.327|
clock_suspect=0
PMLE_LIVE_REPLAY_TIC|tic=990|mle_ms=62.652|monotonic_ms=60|clock_delta_ms=2.652|
clock_suspect=0
PMLE_LIVE_REPLAY_TIC|tic=991|mle_ms=59.191|monotonic_ms=60|clock_delta_ms=.809|c
lock_suspect=0
PMLE_LIVE_REPLAY_TIC|tic=992|mle_ms=30.388|monotonic_ms=30|clock_delta_ms=.388|c
lock_suspect=0
PMLE_LIVE_REPLAY_TIC|tic=993|mle_ms=71.832|monotonic_ms=70|clock_delta_ms=1.832|
clock_suspect=0
PMLE_LIVE_REPLAY_TIC|tic=994|mle_ms=53.787|monotonic_ms=50|clock_delta_ms=3.787|
clock_suspect=0
PMLE_LIVE_REPLAY_TIC|tic=995|mle_ms=28.721|monotonic_ms=30|clock_delta_ms=1.279|
clock_suspect=0
PMLE_LIVE_REPLAY_TIC|tic=996|mle_ms=81.086|monotonic_ms=80|clock_delta_ms=1.086|
clock_suspect=0
PMLE_LIVE_REPLAY_TIC|tic=997|mle_ms=45.938|monotonic_ms=50|clock_delta_ms=4.062|
clock_suspect=0
PMLE_LIVE_REPLAY_TIC|tic=998|mle_ms=23.792|monotonic_ms=20|clock_delta_ms=3.792|
clock_suspect=0
PMLE_LIVE_REPLAY_TIC|tic=999|mle_ms=48.182|monotonic_ms=50|clock_delta_ms=1.818|
clock_suspect=0
PMLE_LIVE_REPLAY_TIC|tic=1000|mle_ms=42.796|monotonic_ms=40|clock_delta_ms=2.796
|clock_suspect=0
PMLE_LIVE_REPLAY_TIC|tic=1001|mle_ms=35.32|monotonic_ms=40|clock_delta_ms=4.68|c
lock_suspect=0
PMLE_LIVE_REPLAY_TIC|tic=1002|mle_ms=46.095|monotonic_ms=50|clock_delta_ms=3.905
|clock_suspect=0
PMLE_LIVE_REPLAY_TIC|tic=1003|mle_ms=53.314|monotonic_ms=50|clock_delta_ms=3.314
|clock_suspect=0
PMLE_LIVE_REPLAY_TIC|tic=1004|mle_ms=229.359|monotonic_ms=230|clock_delta_ms=.64
1|clock_suspect=0
PMLE_LIVE_REPLAY_TIC|tic=1005|mle_ms=39.911|monotonic_ms=40|clock_delta_ms=.089|
clock_suspect=0
PMLE_LIVE_REPLAY_TIC|tic=1006|mle_ms=101.729|monotonic_ms=100|clock_delta_ms=1.7
29|clock_suspect=0
PMLE_LIVE_REPLAY_TIC|tic=1007|mle_ms=280.646|monotonic_ms=280|clock_delta_ms=.64
6|clock_suspect=0
PMLE_LIVE_REPLAY_TIC|tic=1008|mle_ms=54.857|monotonic_ms=60|clock_delta_ms=5.143
|clock_suspect=0
PMLE_LIVE_REPLAY_TIC|tic=1009|mle_ms=46.999|monotonic_ms=40|clock_delta_ms=6.999
|clock_suspect=0
PMLE_LIVE_REPLAY_TIC|tic=1010|mle_ms=57.768|monotonic_ms=60|clock_delta_ms=2.232
|clock_suspect=0
PMLE_LIVE_REPLAY_TIC|tic=1011|mle_ms=51.929|monotonic_ms=50|clock_delta_ms=1.929
|clock_suspect=0
PMLE_LIVE_REPLAY_TIC|tic=1012|mle_ms=42.432|monotonic_ms=50|clock_delta_ms=7.568
|clock_suspect=0
PMLE_LIVE_REPLAY_TIC|tic=1013|mle_ms=51.754|monotonic_ms=50|clock_delta_ms=1.754
|clock_suspect=0
PMLE_LIVE_REPLAY_TIC|tic=1014|mle_ms=70.134|monotonic_ms=70|clock_delta_ms=.134|
clock_suspect=0
PMLE_LIVE_REPLAY_TIC|tic=1015|mle_ms=54.575|monotonic_ms=50|clock_delta_ms=4.575
|clock_suspect=0
PMLE_LIVE_REPLAY_TIC|tic=1016|mle_ms=69.933|monotonic_ms=70|clock_delta_ms=.067|
clock_suspect=0
PMLE_LIVE_REPLAY_TIC|tic=1017|mle_ms=53.924|monotonic_ms=60|clock_delta_ms=6.076
|clock_suspect=0
PMLE_LIVE_REPLAY_TIC|tic=1018|mle_ms=48.602|monotonic_ms=40|clock_delta_ms=8.602
|clock_suspect=0
PMLE_LIVE_REPLAY_TIC|tic=1019|mle_ms=38.347|monotonic_ms=40|clock_delta_ms=1.653
|clock_suspect=0
PMLE_LIVE_REPLAY_TIC|tic=1020|mle_ms=39.907|monotonic_ms=40|clock_delta_ms=.093|
clock_suspect=0
PMLE_LIVE_REPLAY_TIC|tic=1021|mle_ms=53.954|monotonic_ms=60|clock_delta_ms=6.046
|clock_suspect=0
PMLE_LIVE_REPLAY_TIC|tic=1022|mle_ms=51.843|monotonic_ms=50|clock_delta_ms=1.843
|clock_suspect=0
PMLE_LIVE_REPLAY_TIC|tic=1023|mle_ms=65.418|monotonic_ms=60|clock_delta_ms=5.418
|clock_suspect=0
PMLE_LIVE_REPLAY_TIC|tic=1024|mle_ms=37.878|monotonic_ms=40|clock_delta_ms=2.122
|clock_suspect=0
PMLE_LIVE_REPLAY_TIC|tic=1025|mle_ms=31.876|monotonic_ms=30|clock_delta_ms=1.876
|clock_suspect=0
PMLE_LIVE_REPLAY_TIC|tic=1026|mle_ms=70.375|monotonic_ms=70|clock_delta_ms=.375|
clock_suspect=0
PMLE_LIVE_REPLAY_TIC|tic=1027|mle_ms=63.061|monotonic_ms=70|clock_delta_ms=6.939
|clock_suspect=0
PMLE_LIVE_REPLAY_TIC|tic=1028|mle_ms=36.498|monotonic_ms=30|clock_delta_ms=6.498
|clock_suspect=0
PMLE_LIVE_REPLAY_TIC|tic=1029|mle_ms=41.307|monotonic_ms=50|clock_delta_ms=8.693
|clock_suspect=0
PMLE_LIVE_REPLAY_TIC|tic=1030|mle_ms=39.625|monotonic_ms=40|clock_delta_ms=.375|
clock_suspect=0
PMLE_LIVE_REPLAY_TIC|tic=1031|mle_ms=49.665|monotonic_ms=50|clock_delta_ms=.335|
clock_suspect=0
PMLE_LIVE_REPLAY_TIC|tic=1032|mle_ms=55.354|monotonic_ms=50|clock_delta_ms=5.354
|clock_suspect=0
PMLE_LIVE_REPLAY_TIC|tic=1033|mle_ms=77.092|monotonic_ms=80|clock_delta_ms=2.908
|clock_suspect=0
PMLE_LIVE_REPLAY_TIC|tic=1034|mle_ms=64.844|monotonic_ms=60|clock_delta_ms=4.844
|clock_suspect=0
PMLE_LIVE_REPLAY_TIC|tic=1035|mle_ms=47.396|monotonic_ms=50|clock_delta_ms=2.604
|clock_suspect=0
PMLE_LIVE_REPLAY_TIC|tic=1036|mle_ms=44.849|monotonic_ms=50|clock_delta_ms=5.151
|clock_suspect=0
PMLE_LIVE_REPLAY_TIC|tic=1037|mle_ms=50.214|monotonic_ms=50|clock_delta_ms=.214|
clock_suspect=0
PMLE_LIVE_REPLAY_TIC|tic=1038|mle_ms=50.651|monotonic_ms=50|clock_delta_ms=.651|
clock_suspect=0
PMLE_LIVE_REPLAY_TIC|tic=1039|mle_ms=51.861|monotonic_ms=50|clock_delta_ms=1.861
|clock_suspect=0
PMLE_LIVE_REPLAY_TIC|tic=1040|mle_ms=45.518|monotonic_ms=40|clock_delta_ms=5.518
|clock_suspect=0
PMLE_LIVE_REPLAY_TIC|tic=1041|mle_ms=70.838|monotonic_ms=70|clock_delta_ms=.838|
clock_suspect=0
PMLE_LIVE_REPLAY_TIC|tic=1042|mle_ms=74.268|monotonic_ms=80|clock_delta_ms=5.732
|clock_suspect=0
PMLE_LIVE_REPLAY_TIC|tic=1043|mle_ms=49.866|monotonic_ms=50|clock_delta_ms=.134|
clock_suspect=0
PMLE_LIVE_REPLAY_TIC|tic=1044|mle_ms=71.588|monotonic_ms=70|clock_delta_ms=1.588
|clock_suspect=0
PMLE_LIVE_REPLAY_TIC|tic=1045|mle_ms=43.636|monotonic_ms=40|clock_delta_ms=3.636
|clock_suspect=0
PMLE_LIVE_REPLAY_TIC|tic=1046|mle_ms=52.275|monotonic_ms=60|clock_delta_ms=7.725
|clock_suspect=0
PMLE_LIVE_REPLAY_TIC|tic=1047|mle_ms=70.021|monotonic_ms=70|clock_delta_ms=.021|
clock_suspect=0
PMLE_LIVE_REPLAY_TIC|tic=1048|mle_ms=120.756|monotonic_ms=120|clock_delta_ms=.75
6|clock_suspect=0
PMLE_LIVE_REPLAY_TIC|tic=1049|mle_ms=41.039|monotonic_ms=40|clock_delta_ms=1.039
|clock_suspect=0
PMLE_LIVE_REPLAY_TIC|tic=1050|mle_ms=60.598|monotonic_ms=60|clock_delta_ms=.598|
clock_suspect=0
PMLE_LIVE_REPLAY_TIC|tic=1051|mle_ms=60.303|monotonic_ms=60|clock_delta_ms=.303|
clock_suspect=0
PMLE_LIVE_REPLAY_TIC|tic=1052|mle_ms=36.584|monotonic_ms=40|clock_delta_ms=3.416
|clock_suspect=0
PMLE_LIVE_REPLAY_TIC|tic=1053|mle_ms=265.898|monotonic_ms=260|clock_delta_ms=5.8
98|clock_suspect=0
PMLE_LIVE_REPLAY_TIC|tic=1054|mle_ms=41.893|monotonic_ms=40|clock_delta_ms=1.893
|clock_suspect=0
PMLE_LIVE_REPLAY_TIC|tic=1055|mle_ms=30.788|monotonic_ms=40|clock_delta_ms=9.212
|clock_suspect=0
PMLE_LIVE_REPLAY_TIC|tic=1056|mle_ms=161.9|monotonic_ms=160|clock_delta_ms=1.9|c
lock_suspect=0
PMLE_LIVE_REPLAY_TIC|tic=1057|mle_ms=39.749|monotonic_ms=40|clock_delta_ms=.251|
clock_suspect=0
PMLE_LIVE_REPLAY_TIC|tic=1058|mle_ms=46.565|monotonic_ms=40|clock_delta_ms=6.565
|clock_suspect=0
PMLE_LIVE_REPLAY_TIC|tic=1059|mle_ms=36.935|monotonic_ms=40|clock_delta_ms=3.065
|clock_suspect=0
PMLE_LIVE_REPLAY_TIC|tic=1060|mle_ms=40.554|monotonic_ms=40|clock_delta_ms=.554|
clock_suspect=0
PMLE_LIVE_REPLAY_TIC|tic=1061|mle_ms=49.722|monotonic_ms=50|clock_delta_ms=.278|
clock_suspect=0
PMLE_LIVE_REPLAY_TIC|tic=1062|mle_ms=40.117|monotonic_ms=40|clock_delta_ms=.117|
clock_suspect=0
PMLE_LIVE_REPLAY_TIC|tic=1063|mle_ms=57.029|monotonic_ms=60|clock_delta_ms=2.971
|clock_suspect=0
PMLE_LIVE_REPLAY_TIC|tic=1064|mle_ms=43.141|monotonic_ms=40|clock_delta_ms=3.141
|clock_suspect=0
PMLE_LIVE_REPLAY_TIC|tic=1065|mle_ms=34.414|monotonic_ms=40|clock_delta_ms=5.586
|clock_suspect=0
PMLE_LIVE_REPLAY_TIC|tic=1066|mle_ms=36.081|monotonic_ms=30|clock_delta_ms=6.081
|clock_suspect=0
PMLE_LIVE_REPLAY_TIC|tic=1067|mle_ms=39.137|monotonic_ms=40|clock_delta_ms=.863|
clock_suspect=0
PMLE_LIVE_REPLAY_TIC|tic=1068|mle_ms=33.188|monotonic_ms=30|clock_delta_ms=3.188
|clock_suspect=0
PMLE_LIVE_REPLAY_TIC|tic=1069|mle_ms=30.702|monotonic_ms=40|clock_delta_ms=9.298
|clock_suspect=0
PMLE_LIVE_REPLAY_TIC|tic=1070|mle_ms=29.412|monotonic_ms=30|clock_delta_ms=.588|
clock_suspect=0
PMLE_LIVE_REPLAY_TIC|tic=1071|mle_ms=41.113|monotonic_ms=40|clock_delta_ms=1.113
|clock_suspect=0
PMLE_LIVE_REPLAY_TIC|tic=1072|mle_ms=32.739|monotonic_ms=30|clock_delta_ms=2.739
|clock_suspect=0
PMLE_LIVE_REPLAY_TIC|tic=1073|mle_ms=32.382|monotonic_ms=30|clock_delta_ms=2.382
|clock_suspect=0
PMLE_LIVE_REPLAY_TIC|tic=1074|mle_ms=42.519|monotonic_ms=40|clock_delta_ms=2.519
|clock_suspect=0
PMLE_LIVE_REPLAY_TIC|tic=1075|mle_ms=29.547|monotonic_ms=30|clock_delta_ms=.453|
clock_suspect=0
PMLE_LIVE_REPLAY_TIC|tic=1076|mle_ms=46.048|monotonic_ms=50|clock_delta_ms=3.952
|clock_suspect=0
PMLE_LIVE_REPLAY_TIC|tic=1077|mle_ms=40.996|monotonic_ms=40|clock_delta_ms=.996|
clock_suspect=0
PMLE_LIVE_REPLAY_TIC|tic=1078|mle_ms=41.838|monotonic_ms=40|clock_delta_ms=1.838
|clock_suspect=0
PMLE_LIVE_REPLAY_TIC|tic=1079|mle_ms=34.625|monotonic_ms=40|clock_delta_ms=5.375
|clock_suspect=0
PMLE_LIVE_REPLAY_TIC|tic=1080|mle_ms=29.473|monotonic_ms=30|clock_delta_ms=.527|
clock_suspect=0
PMLE_LIVE_REPLAY_TIC|tic=1081|mle_ms=45.826|monotonic_ms=40|clock_delta_ms=5.826
|clock_suspect=0
PMLE_LIVE_REPLAY_TIC|tic=1082|mle_ms=27.557|monotonic_ms=30|clock_delta_ms=2.443
|clock_suspect=0
PMLE_LIVE_REPLAY_TIC|tic=1083|mle_ms=24.868|monotonic_ms=30|clock_delta_ms=5.132
|clock_suspect=0
PMLE_LIVE_REPLAY_TIC|tic=1084|mle_ms=60.638|monotonic_ms=60|clock_delta_ms=.638|
clock_suspect=0
PMLE_LIVE_REPLAY_TIC|tic=1085|mle_ms=25.064|monotonic_ms=20|clock_delta_ms=5.064
|clock_suspect=0
PMLE_LIVE_REPLAY_TIC|tic=1086|mle_ms=30.858|monotonic_ms=30|clock_delta_ms=.858|
clock_suspect=0
PMLE_LIVE_REPLAY_TIC|tic=1087|mle_ms=46.245|monotonic_ms=50|clock_delta_ms=3.755
|clock_suspect=0
PMLE_LIVE_REPLAY_TIC|tic=1088|mle_ms=37.172|monotonic_ms=40|clock_delta_ms=2.828
|clock_suspect=0
PMLE_LIVE_REPLAY_TIC|tic=1089|mle_ms=38.933|monotonic_ms=40|clock_delta_ms=1.067
|clock_suspect=0
PMLE_LIVE_REPLAY_TIC|tic=1090|mle_ms=53.691|monotonic_ms=50|clock_delta_ms=3.691
|clock_suspect=0
PMLE_LIVE_REPLAY_TIC|tic=1091|mle_ms=52.3|monotonic_ms=50|clock_delta_ms=2.3|clo
ck_suspect=0
PMLE_LIVE_REPLAY_TIC|tic=1092|mle_ms=32.412|monotonic_ms=30|clock_delta_ms=2.412
|clock_suspect=0
PMLE_LIVE_REPLAY_TIC|tic=1093|mle_ms=37.896|monotonic_ms=40|clock_delta_ms=2.104
|clock_suspect=0
PMLE_LIVE_REPLAY_TIC|tic=1094|mle_ms=39.804|monotonic_ms=40|clock_delta_ms=.196|
clock_suspect=0
PMLE_LIVE_REPLAY_TIC|tic=1095|mle_ms=35.099|monotonic_ms=40|clock_delta_ms=4.901
|clock_suspect=0
PMLE_LIVE_REPLAY_TIC|tic=1096|mle_ms=41.649|monotonic_ms=40|clock_delta_ms=1.649
|clock_suspect=0
PMLE_LIVE_REPLAY_TIC|tic=1097|mle_ms=33.931|monotonic_ms=30|clock_delta_ms=3.931
|clock_suspect=0
PMLE_LIVE_REPLAY_TIC|tic=1098|mle_ms=27.375|monotonic_ms=30|clock_delta_ms=2.625
|clock_suspect=0
PMLE_LIVE_REPLAY_TIC|tic=1099|mle_ms=36.373|monotonic_ms=40|clock_delta_ms=3.627
|clock_suspect=0
PMLE_LIVE_REPLAY_TIC|tic=1100|mle_ms=22.317|monotonic_ms=20|clock_delta_ms=2.317
|clock_suspect=0
PMLE_LIVE_REPLAY_TIC|tic=1101|mle_ms=48.585|monotonic_ms=50|clock_delta_ms=1.415
|clock_suspect=0
PMLE_LIVE_REPLAY_TIC|tic=1102|mle_ms=61.376|monotonic_ms=60|clock_delta_ms=1.376
|clock_suspect=0
PMLE_LIVE_REPLAY_TIC|tic=1103|mle_ms=40.923|monotonic_ms=40|clock_delta_ms=.923|
clock_suspect=0
PMLE_LIVE_REPLAY_TIC|tic=1104|mle_ms=55.065|monotonic_ms=50|clock_delta_ms=5.065
|clock_suspect=0
PMLE_LIVE_REPLAY_TIC|tic=1105|mle_ms=53.827|monotonic_ms=60|clock_delta_ms=6.173
|clock_suspect=0
PMLE_LIVE_REPLAY_TIC|tic=1106|mle_ms=50.582|monotonic_ms=50|clock_delta_ms=.582|
clock_suspect=0
PMLE_LIVE_REPLAY_TIC|tic=1107|mle_ms=45.771|monotonic_ms=40|clock_delta_ms=5.771
|clock_suspect=0
PMLE_LIVE_REPLAY_TIC|tic=1108|mle_ms=62.245|monotonic_ms=70|clock_delta_ms=7.755
|clock_suspect=0
PMLE_LIVE_REPLAY_TIC|tic=1109|mle_ms=41.309|monotonic_ms=40|clock_delta_ms=1.309
|clock_suspect=0
PMLE_LIVE_REPLAY_TIC|tic=1110|mle_ms=44.109|monotonic_ms=40|clock_delta_ms=4.109
|clock_suspect=0
PMLE_LIVE_REPLAY_TIC|tic=1111|mle_ms=116.838|monotonic_ms=120|clock_delta_ms=3.1
62|clock_suspect=0
PMLE_LIVE_REPLAY_TIC|tic=1112|mle_ms=45.299|monotonic_ms=40|clock_delta_ms=5.299
|clock_suspect=0
PMLE_LIVE_REPLAY_TIC|tic=1113|mle_ms=28.416|monotonic_ms=30|clock_delta_ms=1.584
|clock_suspect=0
PMLE_LIVE_REPLAY_TIC|tic=1114|mle_ms=70.846|monotonic_ms=70|clock_delta_ms=.846|
clock_suspect=0
PMLE_LIVE_REPLAY_TIC|tic=1115|mle_ms=27.172|monotonic_ms=30|clock_delta_ms=2.828
|clock_suspect=0
PMLE_LIVE_REPLAY_TIC|tic=1116|mle_ms=33.702|monotonic_ms=30|clock_delta_ms=3.702
|clock_suspect=0
PMLE_LIVE_REPLAY_TIC|tic=1117|mle_ms=53.709|monotonic_ms=60|clock_delta_ms=6.291
|clock_suspect=0
PMLE_LIVE_REPLAY_TIC|tic=1118|mle_ms=34.271|monotonic_ms=30|clock_delta_ms=4.271
|clock_suspect=0
PMLE_LIVE_REPLAY_TIC|tic=1119|mle_ms=27.609|monotonic_ms=30|clock_delta_ms=2.391
|clock_suspect=0
PMLE_LIVE_REPLAY_TIC|tic=1120|mle_ms=34.793|monotonic_ms=30|clock_delta_ms=4.793
|clock_suspect=0
PMLE_LIVE_REPLAY_TIC|tic=1121|mle_ms=39.748|monotonic_ms=40|clock_delta_ms=.252|
clock_suspect=0
PMLE_LIVE_REPLAY_TIC|tic=1122|mle_ms=30.056|monotonic_ms=30|clock_delta_ms=.056|
clock_suspect=0
PMLE_LIVE_REPLAY_TIC|tic=1123|mle_ms=48.433|monotonic_ms=50|clock_delta_ms=1.567
|clock_suspect=0
PMLE_LIVE_REPLAY_TIC|tic=1124|mle_ms=41.646|monotonic_ms=50|clock_delta_ms=8.354
|clock_suspect=0
PMLE_LIVE_REPLAY_TIC|tic=1125|mle_ms=30.632|monotonic_ms=30|clock_delta_ms=.632|
clock_suspect=0
PMLE_LIVE_REPLAY_TIC|tic=1126|mle_ms=44.543|monotonic_ms=40|clock_delta_ms=4.543
|clock_suspect=0
PMLE_LIVE_REPLAY_TIC|tic=1127|mle_ms=34.995|monotonic_ms=40|clock_delta_ms=5.005
|clock_suspect=0
PMLE_LIVE_REPLAY_TIC|tic=1128|mle_ms=33.823|monotonic_ms=30|clock_delta_ms=3.823
|clock_suspect=0
PMLE_LIVE_REPLAY_TIC|tic=1129|mle_ms=39.766|monotonic_ms=40|clock_delta_ms=.234|
clock_suspect=0
PMLE_LIVE_REPLAY_TIC|tic=1130|mle_ms=27.92|monotonic_ms=30|clock_delta_ms=2.08|c
lock_suspect=0
PMLE_LIVE_REPLAY_TIC|tic=1131|mle_ms=43.484|monotonic_ms=40|clock_delta_ms=3.484
|clock_suspect=0
PMLE_LIVE_REPLAY_TIC|tic=1132|mle_ms=50.445|monotonic_ms=50|clock_delta_ms=.445|
clock_suspect=0
PMLE_LIVE_REPLAY_TIC|tic=1133|mle_ms=29.974|monotonic_ms=30|clock_delta_ms=.026|
clock_suspect=0
PMLE_LIVE_REPLAY_TIC|tic=1134|mle_ms=48.334|monotonic_ms=50|clock_delta_ms=1.666
|clock_suspect=0
PMLE_LIVE_REPLAY_TIC|tic=1135|mle_ms=21.929|monotonic_ms=20|clock_delta_ms=1.929
|clock_suspect=0
PMLE_LIVE_REPLAY_TIC|tic=1136|mle_ms=21.871|monotonic_ms=20|clock_delta_ms=1.871
|clock_suspect=0
PMLE_LIVE_REPLAY_TIC|tic=1137|mle_ms=39.673|monotonic_ms=40|clock_delta_ms=.327|
clock_suspect=0
PMLE_LIVE_REPLAY_TIC|tic=1138|mle_ms=27.965|monotonic_ms=30|clock_delta_ms=2.035
|clock_suspect=0
PMLE_LIVE_REPLAY_TIC|tic=1139|mle_ms=19.207|monotonic_ms=20|clock_delta_ms=.793|
clock_suspect=0
PMLE_LIVE_REPLAY_TIC|tic=1140|mle_ms=30.667|monotonic_ms=30|clock_delta_ms=.667|
clock_suspect=0
PMLE_LIVE_REPLAY_TIC|tic=1141|mle_ms=35.168|monotonic_ms=40|clock_delta_ms=4.832
|clock_suspect=0
PMLE_LIVE_REPLAY_TIC|tic=1142|mle_ms=14.448|monotonic_ms=10|clock_delta_ms=4.448
|clock_suspect=0
PMLE_LIVE_REPLAY_TIC|tic=1143|mle_ms=27.124|monotonic_ms=30|clock_delta_ms=2.876
|clock_suspect=0
PMLE_LIVE_REPLAY_TIC|tic=1144|mle_ms=28.382|monotonic_ms=30|clock_delta_ms=1.618
|clock_suspect=0
PMLE_LIVE_REPLAY_TIC|tic=1145|mle_ms=10.18|monotonic_ms=10|clock_delta_ms=.18|cl
ock_suspect=0
PMLE_LIVE_REPLAY_TIC|tic=1146|mle_ms=215.411|monotonic_ms=210|clock_delta_ms=5.4
11|clock_suspect=0
PMLE_LIVE_REPLAY_TIC|tic=1147|mle_ms=22.579|monotonic_ms=30|clock_delta_ms=7.421
|clock_suspect=0
PMLE_LIVE_REPLAY_TIC|tic=1148|mle_ms=18.897|monotonic_ms=10|clock_delta_ms=8.897
|clock_suspect=0
PMLE_LIVE_REPLAY_TIC|tic=1149|mle_ms=200.106|monotonic_ms=200|clock_delta_ms=.10
6|clock_suspect=0
PMLE_LIVE_REPLAY_TIC|tic=1150|mle_ms=25.251|monotonic_ms=30|clock_delta_ms=4.749
|clock_suspect=0
PMLE_LIVE_REPLAY_TIC|tic=1151|mle_ms=24.444|monotonic_ms=20|clock_delta_ms=4.444
|clock_suspect=0
PMLE_LIVE_REPLAY_TIC|tic=1152|mle_ms=16.316|monotonic_ms=20|clock_delta_ms=3.684
|clock_suspect=0
PMLE_LIVE_REPLAY_TIC|tic=1153|mle_ms=36.179|monotonic_ms=40|clock_delta_ms=3.821
|clock_suspect=0
PMLE_LIVE_REPLAY_TIC|tic=1154|mle_ms=34.703|monotonic_ms=30|clock_delta_ms=4.703
|clock_suspect=0
PMLE_LIVE_REPLAY_TIC|tic=1155|mle_ms=25.579|monotonic_ms=30|clock_delta_ms=4.421
|clock_suspect=0
PMLE_LIVE_REPLAY_TIC|tic=1156|mle_ms=52.521|monotonic_ms=50|clock_delta_ms=2.521
|clock_suspect=0
PMLE_LIVE_REPLAY_TIC|tic=1157|mle_ms=46.563|monotonic_ms=50|clock_delta_ms=3.437
|clock_suspect=0
PMLE_LIVE_REPLAY_TIC|tic=1158|mle_ms=37.491|monotonic_ms=30|clock_delta_ms=7.491
|clock_suspect=0
PMLE_LIVE_REPLAY_TIC|tic=1159|mle_ms=33.096|monotonic_ms=40|clock_delta_ms=6.904
|clock_suspect=0
PMLE_LIVE_REPLAY_TIC|tic=1160|mle_ms=32.152|monotonic_ms=30|clock_delta_ms=2.152
|clock_suspect=0
PMLE_LIVE_REPLAY_TIC|tic=1161|mle_ms=55.302|monotonic_ms=60|clock_delta_ms=4.698
|clock_suspect=0
PMLE_LIVE_REPLAY_TIC|tic=1162|mle_ms=36.315|monotonic_ms=30|clock_delta_ms=6.315
|clock_suspect=0
PMLE_LIVE_REPLAY_TIC|tic=1163|mle_ms=35.606|monotonic_ms=40|clock_delta_ms=4.394
|clock_suspect=0
PMLE_LIVE_REPLAY_TIC|tic=1164|mle_ms=45.091|monotonic_ms=40|clock_delta_ms=5.091
|clock_suspect=0
PMLE_LIVE_REPLAY_TIC|tic=1165|mle_ms=31.004|monotonic_ms=30|clock_delta_ms=1.004
|clock_suspect=0
PMLE_LIVE_REPLAY_TIC|tic=1166|mle_ms=37.671|monotonic_ms=40|clock_delta_ms=2.329
|clock_suspect=0
PMLE_LIVE_REPLAY_TIC|tic=1167|mle_ms=37.9|monotonic_ms=40|clock_delta_ms=2.1|clo
ck_suspect=0
PMLE_LIVE_REPLAY_TIC|tic=1168|mle_ms=32.282|monotonic_ms=30|clock_delta_ms=2.282
|clock_suspect=0
PMLE_LIVE_REPLAY_TIC|tic=1169|mle_ms=38.84|monotonic_ms=40|clock_delta_ms=1.16|c
lock_suspect=0
PMLE_LIVE_REPLAY_TIC|tic=1170|mle_ms=50.035|monotonic_ms=50|clock_delta_ms=.035|
clock_suspect=0
PMLE_LIVE_REPLAY_TIC|tic=1171|mle_ms=63.181|monotonic_ms=60|clock_delta_ms=3.181
|clock_suspect=0
PMLE_LIVE_REPLAY_TIC|tic=1172|mle_ms=33.133|monotonic_ms=40|clock_delta_ms=6.867
|clock_suspect=0
PMLE_LIVE_REPLAY_TIC|tic=1173|mle_ms=34.011|monotonic_ms=30|clock_delta_ms=4.011
|clock_suspect=0
PMLE_LIVE_REPLAY_TIC|tic=1174|mle_ms=40.702|monotonic_ms=40|clock_delta_ms=.702|
clock_suspect=0
PMLE_LIVE_REPLAY_TIC|tic=1175|mle_ms=39.265|monotonic_ms=40|clock_delta_ms=.735|
clock_suspect=0
PMLE_LIVE_REPLAY_TIC|tic=1176|mle_ms=40.718|monotonic_ms=40|clock_delta_ms=.718|
clock_suspect=0
PMLE_LIVE_REPLAY_TIC|tic=1177|mle_ms=35.598|monotonic_ms=40|clock_delta_ms=4.402
|clock_suspect=0
PMLE_LIVE_REPLAY_TIC|tic=1178|mle_ms=32.544|monotonic_ms=30|clock_delta_ms=2.544
|clock_suspect=0
PMLE_LIVE_REPLAY_TIC|tic=1179|mle_ms=38.073|monotonic_ms=40|clock_delta_ms=1.927
|clock_suspect=0
PMLE_LIVE_REPLAY_TIC|tic=1180|mle_ms=31.484|monotonic_ms=30|clock_delta_ms=1.484
|clock_suspect=0
PMLE_LIVE_REPLAY_TIC|tic=1181|mle_ms=35.222|monotonic_ms=40|clock_delta_ms=4.778
|clock_suspect=0
PMLE_LIVE_REPLAY_TIC|tic=1182|mle_ms=40.224|monotonic_ms=40|clock_delta_ms=.224|
clock_suspect=0
PMLE_LIVE_REPLAY_TIC|tic=1183|mle_ms=42.475|monotonic_ms=40|clock_delta_ms=2.475
|clock_suspect=0
PMLE_LIVE_REPLAY_TIC|tic=1184|mle_ms=67.419|monotonic_ms=70|clock_delta_ms=2.581
|clock_suspect=0
PMLE_LIVE_REPLAY_TIC|tic=1185|mle_ms=40.068|monotonic_ms=40|clock_delta_ms=.068|
clock_suspect=0
PMLE_LIVE_REPLAY_TIC|tic=1186|mle_ms=37.374|monotonic_ms=30|clock_delta_ms=7.374
|clock_suspect=0
PMLE_LIVE_REPLAY_TIC|tic=1187|mle_ms=41.125|monotonic_ms=40|clock_delta_ms=1.125
|clock_suspect=0
PMLE_LIVE_REPLAY_TIC|tic=1188|mle_ms=34.42|monotonic_ms=40|clock_delta_ms=5.58|c
lock_suspect=0
PMLE_LIVE_REPLAY_TIC|tic=1189|mle_ms=37.418|monotonic_ms=40|clock_delta_ms=2.582
|clock_suspect=0
PMLE_LIVE_REPLAY_TIC|tic=1190|mle_ms=40.153|monotonic_ms=40|clock_delta_ms=.153|
clock_suspect=0
PMLE_LIVE_REPLAY_TIC|tic=1191|mle_ms=44.516|monotonic_ms=40|clock_delta_ms=4.516
|clock_suspect=0
PMLE_LIVE_REPLAY_TIC|tic=1192|mle_ms=36.12|monotonic_ms=40|clock_delta_ms=3.88|c
lock_suspect=0
PMLE_LIVE_REPLAY_TIC|tic=1193|mle_ms=244.339|monotonic_ms=240|clock_delta_ms=4.3
39|clock_suspect=0
PMLE_LIVE_REPLAY_TIC|tic=1194|mle_ms=66.833|monotonic_ms=70|clock_delta_ms=3.167
|clock_suspect=0
PMLE_LIVE_REPLAY_TIC|tic=1195|mle_ms=63.922|monotonic_ms=60|clock_delta_ms=3.922
|clock_suspect=0
PMLE_LIVE_REPLAY_TIC|tic=1196|mle_ms=203.739|monotonic_ms=210|clock_delta_ms=6.2
61|clock_suspect=0
PMLE_LIVE_REPLAY_TIC|tic=1197|mle_ms=33.452|monotonic_ms=30|clock_delta_ms=3.452
|clock_suspect=0
PMLE_LIVE_REPLAY_TIC|tic=1198|mle_ms=66.422|monotonic_ms=70|clock_delta_ms=3.578
|clock_suspect=0
PMLE_LIVE_REPLAY_TIC|tic=1199|mle_ms=37.653|monotonic_ms=30|clock_delta_ms=7.653
|clock_suspect=0
PMLE_LIVE_REPLAY_TIC|tic=1200|mle_ms=51.443|monotonic_ms=60|clock_delta_ms=8.557
|clock_suspect=0
PMLE_LIVE_REPLAY_TIC|tic=1201|mle_ms=53.936|monotonic_ms=50|clock_delta_ms=3.936
|clock_suspect=0
PMLE_LIVE_REPLAY_TIC|tic=1202|mle_ms=46.016|monotonic_ms=50|clock_delta_ms=3.984
|clock_suspect=0
PMLE_LIVE_REPLAY_TIC|tic=1203|mle_ms=44.001|monotonic_ms=40|clock_delta_ms=4.001
|clock_suspect=0
PMLE_LIVE_REPLAY_TIC|tic=1204|mle_ms=63.454|monotonic_ms=70|clock_delta_ms=6.546
|clock_suspect=0
PMLE_LIVE_REPLAY_TIC|tic=1205|mle_ms=28.102|monotonic_ms=20|clock_delta_ms=8.102
|clock_suspect=0
PMLE_LIVE_REPLAY_TIC|tic=1206|mle_ms=69.645|monotonic_ms=70|clock_delta_ms=.355|
clock_suspect=0
PMLE_LIVE_REPLAY_TIC|tic=1207|mle_ms=73.991|monotonic_ms=80|clock_delta_ms=6.009
|clock_suspect=0
PMLE_LIVE_REPLAY_TIC|tic=1208|mle_ms=38.105|monotonic_ms=40|clock_delta_ms=1.895
|clock_suspect=0
PMLE_LIVE_REPLAY_TIC|tic=1209|mle_ms=52.726|monotonic_ms=50|clock_delta_ms=2.726
|clock_suspect=0
PMLE_LIVE_REPLAY_TIC|tic=1210|mle_ms=59.196|monotonic_ms=60|clock_delta_ms=.804|
clock_suspect=0
PMLE_LIVE_REPLAY_TIC|tic=1211|mle_ms=38.677|monotonic_ms=40|clock_delta_ms=1.323
|clock_suspect=0
PMLE_LIVE_REPLAY_TIC|tic=1212|mle_ms=31.684|monotonic_ms=30|clock_delta_ms=1.684
|clock_suspect=0
PMLE_LIVE_REPLAY_TIC|tic=1213|mle_ms=82.835|monotonic_ms=80|clock_delta_ms=2.835
|clock_suspect=0
PMLE_LIVE_REPLAY_TIC|tic=1214|mle_ms=39.737|monotonic_ms=40|clock_delta_ms=.263|
clock_suspect=0
PMLE_LIVE_REPLAY_TIC|tic=1215|mle_ms=26.176|monotonic_ms=30|clock_delta_ms=3.824
|clock_suspect=0
PMLE_LIVE_REPLAY_TIC|tic=1216|mle_ms=78.056|monotonic_ms=80|clock_delta_ms=1.944
|clock_suspect=0
PMLE_LIVE_REPLAY_TIC|tic=1217|mle_ms=32.233|monotonic_ms=30|clock_delta_ms=2.233
|clock_suspect=0
PMLE_LIVE_REPLAY_TIC|tic=1218|mle_ms=28.85|monotonic_ms=30|clock_delta_ms=1.15|c
lock_suspect=0
PMLE_LIVE_REPLAY_TIC|tic=1219|mle_ms=35.247|monotonic_ms=30|clock_delta_ms=5.247
|clock_suspect=0
PMLE_LIVE_REPLAY_TIC|tic=1220|mle_ms=22.163|monotonic_ms=20|clock_delta_ms=2.163
|clock_suspect=0
PMLE_LIVE_REPLAY_TIC|tic=1221|mle_ms=33.962|monotonic_ms=40|clock_delta_ms=6.038
|clock_suspect=0
PMLE_LIVE_REPLAY_TIC|tic=1222|mle_ms=34.965|monotonic_ms=30|clock_delta_ms=4.965
|clock_suspect=0
PMLE_LIVE_REPLAY_TIC|tic=1223|mle_ms=40.855|monotonic_ms=40|clock_delta_ms=.855|
clock_suspect=0
PMLE_LIVE_REPLAY_TIC|tic=1224|mle_ms=30.341|monotonic_ms=30|clock_delta_ms=.341|
clock_suspect=0
PMLE_LIVE_REPLAY_TIC|tic=1225|mle_ms=77.122|monotonic_ms=80|clock_delta_ms=2.878
|clock_suspect=0
PMLE_LIVE_REPLAY_TIC|tic=1226|mle_ms=50.984|monotonic_ms=50|clock_delta_ms=.984|
clock_suspect=0
PMLE_LIVE_REPLAY_TIC|tic=1227|mle_ms=26.195|monotonic_ms=30|clock_delta_ms=3.805
|clock_suspect=0
PMLE_LIVE_REPLAY_TIC|tic=1228|mle_ms=35.413|monotonic_ms=30|clock_delta_ms=5.413
|clock_suspect=0
PMLE_LIVE_REPLAY_TIC|tic=1229|mle_ms=25.002|monotonic_ms=30|clock_delta_ms=4.998
|clock_suspect=0
PMLE_LIVE_REPLAY_TIC|tic=1230|mle_ms=19.976|monotonic_ms=20|clock_delta_ms=.024|
clock_suspect=0
PMLE_LIVE_REPLAY_TIC|tic=1231|mle_ms=39.78|monotonic_ms=40|clock_delta_ms=.22|cl
ock_suspect=0
PMLE_LIVE_REPLAY_TIC|tic=1232|mle_ms=26.404|monotonic_ms=30|clock_delta_ms=3.596
|clock_suspect=0
PMLE_LIVE_REPLAY_TIC|tic=1233|mle_ms=40.046|monotonic_ms=40|clock_delta_ms=.046|
clock_suspect=0
PMLE_LIVE_REPLAY_TIC|tic=1234|mle_ms=37.018|monotonic_ms=30|clock_delta_ms=7.018
|clock_suspect=0
PMLE_LIVE_REPLAY_TIC|tic=1235|mle_ms=22.43|monotonic_ms=30|clock_delta_ms=7.57|c
lock_suspect=0
PMLE_LIVE_REPLAY_TIC|tic=1236|mle_ms=49.743|monotonic_ms=50|clock_delta_ms=.257|
clock_suspect=0
PMLE_LIVE_REPLAY_TIC|tic=1237|mle_ms=31.494|monotonic_ms=30|clock_delta_ms=1.494
|clock_suspect=0
PMLE_LIVE_REPLAY_TIC|tic=1238|mle_ms=24.077|monotonic_ms=20|clock_delta_ms=4.077
|clock_suspect=0
PMLE_LIVE_REPLAY_TIC|tic=1239|mle_ms=23.217|monotonic_ms=20|clock_delta_ms=3.217
|clock_suspect=0
PMLE_LIVE_REPLAY_TIC|tic=1240|mle_ms=24.73|monotonic_ms=30|clock_delta_ms=5.27|c
lock_suspect=0
PMLE_LIVE_REPLAY_TIC|tic=1241|mle_ms=26.316|monotonic_ms=30|clock_delta_ms=3.684
|clock_suspect=0
PMLE_LIVE_REPLAY_TIC|tic=1242|mle_ms=18.371|monotonic_ms=10|clock_delta_ms=8.371
|clock_suspect=0
PMLE_LIVE_REPLAY_TIC|tic=1243|mle_ms=35.134|monotonic_ms=40|clock_delta_ms=4.866
|clock_suspect=0
PMLE_LIVE_REPLAY_TIC|tic=1244|mle_ms=16.593|monotonic_ms=20|clock_delta_ms=3.407
|clock_suspect=0
PMLE_LIVE_REPLAY_TIC|tic=1245|mle_ms=7.812|monotonic_ms=0|clock_delta_ms=7.812|c
lock_suspect=0
PMLE_LIVE_REPLAY_TIC|tic=1246|mle_ms=50.378|monotonic_ms=50|clock_delta_ms=.378|
clock_suspect=0
PMLE_LIVE_REPLAY_TIC|tic=1247|mle_ms=17.344|monotonic_ms=20|clock_delta_ms=2.656
|clock_suspect=0
PMLE_LIVE_REPLAY_TIC|tic=1248|mle_ms=14.452|monotonic_ms=20|clock_delta_ms=5.548
|clock_suspect=0
PMLE_LIVE_REPLAY_TIC|tic=1249|mle_ms=33.614|monotonic_ms=30|clock_delta_ms=3.614
|clock_suspect=0
PMLE_LIVE_REPLAY_TIC|tic=1250|mle_ms=11.665|monotonic_ms=10|clock_delta_ms=1.665
|clock_suspect=0
PMLE_LIVE_REPLAY_TIC|tic=1251|mle_ms=20.779|monotonic_ms=20|clock_delta_ms=.779|
clock_suspect=0
PMLE_LIVE_REPLAY_TIC|tic=1252|mle_ms=29.344|monotonic_ms=30|clock_delta_ms=.656|
clock_suspect=0
PMLE_LIVE_REPLAY_TIC|tic=1253|mle_ms=27.706|monotonic_ms=30|clock_delta_ms=2.294
|clock_suspect=0
PMLE_LIVE_REPLAY_TIC|tic=1254|mle_ms=22.243|monotonic_ms=20|clock_delta_ms=2.243
|clock_suspect=0
PMLE_LIVE_REPLAY_TIC|tic=1255|mle_ms=19.003|monotonic_ms=20|clock_delta_ms=.997|
clock_suspect=0
PMLE_LIVE_REPLAY_TIC|tic=1256|mle_ms=42.86|monotonic_ms=40|clock_delta_ms=2.86|c
lock_suspect=0
PMLE_LIVE_REPLAY_TIC|tic=1257|mle_ms=15.205|monotonic_ms=20|clock_delta_ms=4.795
|clock_suspect=0
PMLE_LIVE_REPLAY_TIC|tic=1258|mle_ms=21.558|monotonic_ms=20|clock_delta_ms=1.558
|clock_suspect=0
PMLE_LIVE_REPLAY_TIC|tic=1259|mle_ms=12.367|monotonic_ms=10|clock_delta_ms=2.367
|clock_suspect=0
PMLE_LIVE_REPLAY_TIC|tic=1260|mle_ms=11.392|monotonic_ms=20|clock_delta_ms=8.608
|clock_suspect=0
PMLE_LIVE_REPLAY_TIC|tic=1261|mle_ms=39.264|monotonic_ms=30|clock_delta_ms=9.264
|clock_suspect=0
PMLE_LIVE_REPLAY_TIC|tic=1262|mle_ms=11.281|monotonic_ms=20|clock_delta_ms=8.719
|clock_suspect=0
PMLE_LIVE_REPLAY_TIC|tic=1263|mle_ms=30.938|monotonic_ms=30|clock_delta_ms=.938|
clock_suspect=0
PMLE_LIVE_REPLAY_TIC|tic=1264|mle_ms=43.69|monotonic_ms=40|clock_delta_ms=3.69|c
lock_suspect=0
PMLE_LIVE_REPLAY_TIC|tic=1265|mle_ms=9.338|monotonic_ms=10|clock_delta_ms=.662|c
lock_suspect=0
PMLE_LIVE_REPLAY_TIC|tic=1266|mle_ms=36.405|monotonic_ms=40|clock_delta_ms=3.595
|clock_suspect=0
PMLE_LIVE_REPLAY_TIC|tic=1267|mle_ms=23.814|monotonic_ms=20|clock_delta_ms=3.814
|clock_suspect=0
PMLE_LIVE_REPLAY_TIC|tic=1268|mle_ms=22.109|monotonic_ms=20|clock_delta_ms=2.109
|clock_suspect=0
PMLE_LIVE_REPLAY_TIC|tic=1269|mle_ms=12.097|monotonic_ms=20|clock_delta_ms=7.903
|clock_suspect=0
PMLE_LIVE_REPLAY_TIC|tic=1270|mle_ms=16.725|monotonic_ms=10|clock_delta_ms=6.725
|clock_suspect=0
PMLE_LIVE_REPLAY_TIC|tic=1271|mle_ms=19.446|monotonic_ms=20|clock_delta_ms=.554|
clock_suspect=0
PMLE_LIVE_REPLAY_TIC|tic=1272|mle_ms=12.363|monotonic_ms=10|clock_delta_ms=2.363
|clock_suspect=0
PMLE_LIVE_REPLAY_TIC|tic=1273|mle_ms=35.707|monotonic_ms=40|clock_delta_ms=4.293
|clock_suspect=0
PMLE_LIVE_REPLAY_TIC|tic=1274|mle_ms=18.444|monotonic_ms=20|clock_delta_ms=1.556
|clock_suspect=0
PMLE_LIVE_REPLAY_TIC|tic=1275|mle_ms=8.112|monotonic_ms=10|clock_delta_ms=1.888|
clock_suspect=0
PMLE_LIVE_REPLAY_TIC|tic=1276|mle_ms=45.203|monotonic_ms=40|clock_delta_ms=5.203
|clock_suspect=0
PMLE_LIVE_REPLAY_TIC|tic=1277|mle_ms=16.66|monotonic_ms=20|clock_delta_ms=3.34|c
lock_suspect=0
PMLE_LIVE_REPLAY_TIC|tic=1278|mle_ms=14.011|monotonic_ms=10|clock_delta_ms=4.011
|clock_suspect=0
PMLE_LIVE_REPLAY_TIC|tic=1279|mle_ms=21.431|monotonic_ms=20|clock_delta_ms=1.431
|clock_suspect=0
PMLE_LIVE_REPLAY_TIC|tic=1280|mle_ms=8.092|monotonic_ms=10|clock_delta_ms=1.908|
clock_suspect=0
PMLE_LIVE_REPLAY_TIC|tic=1281|mle_ms=17.728|monotonic_ms=20|clock_delta_ms=2.272
|clock_suspect=0
PMLE_LIVE_REPLAY_TIC|tic=1282|mle_ms=33.754|monotonic_ms=30|clock_delta_ms=3.754
|clock_suspect=0
PMLE_LIVE_REPLAY_TIC|tic=1283|mle_ms=23.213|monotonic_ms=30|clock_delta_ms=6.787
|clock_suspect=0
PMLE_LIVE_REPLAY_TIC|tic=1284|mle_ms=17.238|monotonic_ms=10|clock_delta_ms=7.238
|clock_suspect=0
PMLE_LIVE_REPLAY_TIC|tic=1285|mle_ms=37.424|monotonic_ms=40|clock_delta_ms=2.576
|clock_suspect=0
PMLE_LIVE_REPLAY_TIC|tic=1286|mle_ms=43.152|monotonic_ms=50|clock_delta_ms=6.848
|clock_suspect=0
PMLE_LIVE_REPLAY_TIC|tic=1287|mle_ms=17.525|monotonic_ms=10|clock_delta_ms=7.525
|clock_suspect=0
PMLE_LIVE_REPLAY_TIC|tic=1288|mle_ms=41.323|monotonic_ms=40|clock_delta_ms=1.323
|clock_suspect=0
PMLE_LIVE_REPLAY_TIC|tic=1289|mle_ms=12.879|monotonic_ms=20|clock_delta_ms=7.121
|clock_suspect=0
PMLE_LIVE_REPLAY_TIC|tic=1290|mle_ms=11.121|monotonic_ms=10|clock_delta_ms=1.121
|clock_suspect=0
PMLE_LIVE_REPLAY_TIC|tic=1291|mle_ms=29.754|monotonic_ms=30|clock_delta_ms=.246|
clock_suspect=0
PMLE_LIVE_REPLAY_TIC|tic=1292|mle_ms=11.6|monotonic_ms=10|clock_delta_ms=1.6|clo
ck_suspect=0
PMLE_LIVE_REPLAY_TIC|tic=1293|mle_ms=29.132|monotonic_ms=30|clock_delta_ms=.868|
clock_suspect=0
PMLE_LIVE_REPLAY_TIC|tic=1294|mle_ms=44.228|monotonic_ms=40|clock_delta_ms=4.228
|clock_suspect=0
PMLE_LIVE_REPLAY_TIC|tic=1295|mle_ms=10.027|monotonic_ms=10|clock_delta_ms=.027|
clock_suspect=0
PMLE_LIVE_REPLAY_TIC|tic=1296|mle_ms=42.296|monotonic_ms=50|clock_delta_ms=7.704
|clock_suspect=0
PMLE_LIVE_REPLAY_TIC|tic=1297|mle_ms=27.631|monotonic_ms=20|clock_delta_ms=7.631
|clock_suspect=0
PMLE_LIVE_REPLAY_TIC|tic=1298|mle_ms=14.44|monotonic_ms=20|clock_delta_ms=5.56|c
lock_suspect=0
PMLE_LIVE_REPLAY_TIC|tic=1299|mle_ms=11.281|monotonic_ms=10|clock_delta_ms=1.281
|clock_suspect=0
PMLE_LIVE_REPLAY_TIC|tic=1300|mle_ms=17.344|monotonic_ms=20|clock_delta_ms=2.656
|clock_suspect=0
PMLE_LIVE_REPLAY_TIC|tic=1301|mle_ms=21.923|monotonic_ms=20|clock_delta_ms=1.923
|clock_suspect=0
PMLE_LIVE_REPLAY_TIC|tic=1302|mle_ms=12.955|monotonic_ms=10|clock_delta_ms=2.955
|clock_suspect=0
PMLE_LIVE_REPLAY_TIC|tic=1303|mle_ms=46.858|monotonic_ms=50|clock_delta_ms=3.142
|clock_suspect=0
PMLE_LIVE_REPLAY_TIC|tic=1304|mle_ms=23.466|monotonic_ms=30|clock_delta_ms=6.534
|clock_suspect=0
PMLE_LIVE_REPLAY_TIC|tic=1305|mle_ms=11.337|monotonic_ms=10|clock_delta_ms=1.337
|clock_suspect=0
PMLE_LIVE_REPLAY_TIC|tic=1306|mle_ms=54.754|monotonic_ms=50|clock_delta_ms=4.754
|clock_suspect=0
PMLE_LIVE_REPLAY_TIC|tic=1307|mle_ms=17.983|monotonic_ms=20|clock_delta_ms=2.017
|clock_suspect=0
PMLE_LIVE_REPLAY_TIC|tic=1308|mle_ms=15.929|monotonic_ms=20|clock_delta_ms=4.071
|clock_suspect=0
PMLE_LIVE_REPLAY_TIC|tic=1309|mle_ms=25.228|monotonic_ms=20|clock_delta_ms=5.228
|clock_suspect=0
PMLE_LIVE_REPLAY_TIC|tic=1310|mle_ms=10.517|monotonic_ms=10|clock_delta_ms=.517|
clock_suspect=0
PMLE_LIVE_REPLAY_TIC|tic=1311|mle_ms=20.84|monotonic_ms=20|clock_delta_ms=.84|cl
ock_suspect=0
PMLE_LIVE_REPLAY_TIC|tic=1312|mle_ms=29.285|monotonic_ms=30|clock_delta_ms=.715|
clock_suspect=0
PMLE_LIVE_REPLAY_TIC|tic=1313|mle_ms=35.912|monotonic_ms=40|clock_delta_ms=4.088
|clock_suspect=0
PMLE_LIVE_REPLAY_TIC|tic=1314|mle_ms=25.715|monotonic_ms=20|clock_delta_ms=5.715
|clock_suspect=0
PMLE_LIVE_REPLAY_TIC|tic=1315|mle_ms=28.126|monotonic_ms=30|clock_delta_ms=1.874
|clock_suspect=0
PMLE_LIVE_REPLAY_TIC|tic=1316|mle_ms=39.681|monotonic_ms=40|clock_delta_ms=.319|
clock_suspect=0
PMLE_LIVE_REPLAY_TIC|tic=1317|mle_ms=14.358|monotonic_ms=20|clock_delta_ms=5.642
|clock_suspect=0
PMLE_LIVE_REPLAY_TIC|tic=1318|mle_ms=38.864|monotonic_ms=30|clock_delta_ms=8.864
|clock_suspect=0
PMLE_LIVE_REPLAY_TIC|tic=1319|mle_ms=12.301|monotonic_ms=20|clock_delta_ms=7.699
|clock_suspect=0
PMLE_LIVE_REPLAY_TIC|tic=1320|mle_ms=10.73|monotonic_ms=10|clock_delta_ms=.73|cl
ock_suspect=0
PMLE_LIVE_REPLAY_TIC|tic=1321|mle_ms=46.267|monotonic_ms=40|clock_delta_ms=6.267
|clock_suspect=0
PMLE_LIVE_REPLAY_TIC|tic=1322|mle_ms=10.109|monotonic_ms=10|clock_delta_ms=.109|
clock_suspect=0
PMLE_LIVE_REPLAY_TIC|tic=1323|mle_ms=24.634|monotonic_ms=30|clock_delta_ms=5.366
|clock_suspect=0
PMLE_LIVE_REPLAY_TIC|tic=1324|mle_ms=30.557|monotonic_ms=30|clock_delta_ms=.557|
clock_suspect=0
PMLE_LIVE_REPLAY_TIC|tic=1325|mle_ms=10.13|monotonic_ms=10|clock_delta_ms=.13|cl
ock_suspect=0
PMLE_LIVE_REPLAY_TIC|tic=1326|mle_ms=36.747|monotonic_ms=40|clock_delta_ms=3.253
|clock_suspect=0
PMLE_LIVE_REPLAY_TIC|tic=1327|mle_ms=25.068|monotonic_ms=20|clock_delta_ms=5.068
|clock_suspect=0
PMLE_LIVE_REPLAY_TIC|tic=1328|mle_ms=11.893|monotonic_ms=10|clock_delta_ms=1.893
|clock_suspect=0
PMLE_LIVE_REPLAY_TIC|tic=1329|mle_ms=11.51|monotonic_ms=20|clock_delta_ms=8.49|c
lock_suspect=0
PMLE_LIVE_REPLAY_TIC|tic=1330|mle_ms=36.203|monotonic_ms=30|clock_delta_ms=6.203
|clock_suspect=0
PMLE_LIVE_REPLAY_TIC|tic=1331|mle_ms=18.277|monotonic_ms=20|clock_delta_ms=1.723
|clock_suspect=0
PMLE_LIVE_REPLAY_TIC|tic=1332|mle_ms=9.655|monotonic_ms=10|clock_delta_ms=.345|c
lock_suspect=0
PMLE_LIVE_REPLAY_TIC|tic=1333|mle_ms=50.64|monotonic_ms=50|clock_delta_ms=.64|cl
ock_suspect=0
PMLE_LIVE_REPLAY_TIC|tic=1334|mle_ms=23.242|monotonic_ms=20|clock_delta_ms=3.242
|clock_suspect=0
PMLE_LIVE_REPLAY_TIC|tic=1335|mle_ms=10.805|monotonic_ms=10|clock_delta_ms=.805|
clock_suspect=0
PMLE_LIVE_REPLAY_TIC|tic=1336|mle_ms=65.32|monotonic_ms=60|clock_delta_ms=5.32|c
lock_suspect=0
PMLE_LIVE_REPLAY_TIC|tic=1337|mle_ms=17.973|monotonic_ms=20|clock_delta_ms=2.027
|clock_suspect=0
PMLE_LIVE_REPLAY_TIC|tic=1338|mle_ms=14.411|monotonic_ms=10|clock_delta_ms=4.411
|clock_suspect=0
PMLE_LIVE_REPLAY_TIC|tic=1339|mle_ms=22.976|monotonic_ms=30|clock_delta_ms=7.024
|clock_suspect=0
PMLE_LIVE_REPLAY_TIC|tic=1340|mle_ms=8.41|monotonic_ms=0|clock_delta_ms=8.41|clo
ck_suspect=0
PMLE_LIVE_REPLAY_TIC|tic=1341|mle_ms=19.288|monotonic_ms=20|clock_delta_ms=.712|
clock_suspect=0
PMLE_LIVE_REPLAY_TIC|tic=1342|mle_ms=23.005|monotonic_ms=30|clock_delta_ms=6.995
|clock_suspect=0
PMLE_LIVE_REPLAY_TIC|tic=1343|mle_ms=28.511|monotonic_ms=30|clock_delta_ms=1.489
|clock_suspect=0
PMLE_LIVE_REPLAY_TIC|tic=1344|mle_ms=20.077|monotonic_ms=20|clock_delta_ms=.077|
clock_suspect=0
PMLE_LIVE_REPLAY_TIC|tic=1345|mle_ms=18.673|monotonic_ms=10|clock_delta_ms=8.673
|clock_suspect=0
PMLE_LIVE_REPLAY_TIC|tic=1346|mle_ms=40.622|monotonic_ms=50|clock_delta_ms=9.378
|clock_suspect=0
PMLE_LIVE_REPLAY_TIC|tic=1347|mle_ms=16.536|monotonic_ms=10|clock_delta_ms=6.536
|clock_suspect=0
PMLE_LIVE_REPLAY_TIC|tic=1348|mle_ms=41.158|monotonic_ms=40|clock_delta_ms=1.158
|clock_suspect=0
PMLE_LIVE_REPLAY_TIC|tic=1349|mle_ms=12.424|monotonic_ms=20|clock_delta_ms=7.576
|clock_suspect=0
PMLE_LIVE_REPLAY_TIC|tic=1350|mle_ms=10.864|monotonic_ms=10|clock_delta_ms=.864|
clock_suspect=0
PMLE_LIVE_REPLAY_TIC|tic=1351|mle_ms=27.198|monotonic_ms=20|clock_delta_ms=7.198
|clock_suspect=0
PMLE_LIVE_REPLAY_TIC|tic=1352|mle_ms=10.235|monotonic_ms=10|clock_delta_ms=.235|
clock_suspect=0
PMLE_LIVE_REPLAY_TIC|tic=1353|mle_ms=27.617|monotonic_ms=30|clock_delta_ms=2.383
|clock_suspect=0
PMLE_LIVE_REPLAY_TIC|tic=1354|mle_ms=33.687|monotonic_ms=40|clock_delta_ms=6.313
|clock_suspect=0
PMLE_LIVE_REPLAY_TIC|tic=1355|mle_ms=10.533|monotonic_ms=10|clock_delta_ms=.533|
clock_suspect=0
PMLE_LIVE_REPLAY_TIC|tic=1356|mle_ms=42.584|monotonic_ms=40|clock_delta_ms=2.584
|clock_suspect=0
PMLE_LIVE_REPLAY_TIC|tic=1357|mle_ms=25.481|monotonic_ms=20|clock_delta_ms=5.481
|clock_suspect=0
PMLE_LIVE_REPLAY_TIC|tic=1358|mle_ms=14.297|monotonic_ms=20|clock_delta_ms=5.703
|clock_suspect=0
PMLE_LIVE_REPLAY_TIC|tic=1359|mle_ms=12.077|monotonic_ms=10|clock_delta_ms=2.077
|clock_suspect=0
PMLE_LIVE_REPLAY_TIC|tic=1360|mle_ms=18.834|monotonic_ms=20|clock_delta_ms=1.166
|clock_suspect=0
PMLE_LIVE_REPLAY_TIC|tic=1361|mle_ms=19.552|monotonic_ms=20|clock_delta_ms=.448|
clock_suspect=0
PMLE_LIVE_REPLAY_TIC|tic=1362|mle_ms=11.198|monotonic_ms=10|clock_delta_ms=1.198
|clock_suspect=0
PMLE_LIVE_REPLAY_TIC|tic=1363|mle_ms=45.003|monotonic_ms=50|clock_delta_ms=4.997
|clock_suspect=0
PMLE_LIVE_REPLAY_TIC|tic=1364|mle_ms=20.788|monotonic_ms=20|clock_delta_ms=.788|
clock_suspect=0
PMLE_LIVE_REPLAY_TIC|tic=1365|mle_ms=9.261|monotonic_ms=10|clock_delta_ms=.739|c
lock_suspect=0
PMLE_LIVE_REPLAY_TIC|tic=1366|mle_ms=52.721|monotonic_ms=50|clock_delta_ms=2.721
|clock_suspect=0
PMLE_LIVE_REPLAY_TIC|tic=1367|mle_ms=16.888|monotonic_ms=20|clock_delta_ms=3.112
|clock_suspect=0
PMLE_LIVE_REPLAY_TIC|tic=1368|mle_ms=14.505|monotonic_ms=10|clock_delta_ms=4.505
|clock_suspect=0
PMLE_LIVE_REPLAY_TIC|tic=1369|mle_ms=19.664|monotonic_ms=20|clock_delta_ms=.336|
clock_suspect=0
PMLE_LIVE_REPLAY_TIC|tic=1370|mle_ms=9.099|monotonic_ms=10|clock_delta_ms=.901|c
lock_suspect=0
PMLE_LIVE_REPLAY_TIC|tic=1371|mle_ms=17.2|monotonic_ms=20|clock_delta_ms=2.8|clo
ck_suspect=0
PMLE_LIVE_REPLAY_TIC|tic=1372|mle_ms=17.259|monotonic_ms=10|clock_delta_ms=7.259
|clock_suspect=0
PMLE_LIVE_REPLAY_TIC|tic=1373|mle_ms=27.723|monotonic_ms=30|clock_delta_ms=2.277
|clock_suspect=0
PMLE_LIVE_REPLAY_TIC|tic=1374|mle_ms=18.473|monotonic_ms=20|clock_delta_ms=1.527
|clock_suspect=0
PMLE_LIVE_REPLAY_TIC|tic=1375|mle_ms=16.613|monotonic_ms=20|clock_delta_ms=3.387
|clock_suspect=0
PMLE_LIVE_REPLAY_TIC|tic=1376|mle_ms=36.667|monotonic_ms=30|clock_delta_ms=6.667
|clock_suspect=0
PMLE_LIVE_REPLAY_TIC|tic=1377|mle_ms=17.808|monotonic_ms=20|clock_delta_ms=2.192
|clock_suspect=0
PMLE_LIVE_REPLAY_TIC|tic=1378|mle_ms=22.718|monotonic_ms=20|clock_delta_ms=2.718
|clock_suspect=0
PMLE_LIVE_REPLAY_TIC|tic=1379|mle_ms=12.243|monotonic_ms=20|clock_delta_ms=7.757
|clock_suspect=0
PMLE_LIVE_REPLAY_TIC|tic=1380|mle_ms=10.158|monotonic_ms=10|clock_delta_ms=.158|
clock_suspect=0
PMLE_LIVE_REPLAY_TIC|tic=1381|mle_ms=29.025|monotonic_ms=30|clock_delta_ms=.975|
clock_suspect=0
PMLE_LIVE_REPLAY_TIC|tic=1382|mle_ms=10.032|monotonic_ms=10|clock_delta_ms=.032|
clock_suspect=0
PMLE_LIVE_REPLAY_TIC|tic=1383|mle_ms=27.7|monotonic_ms=20|clock_delta_ms=7.7|clo
ck_suspect=0
PMLE_LIVE_REPLAY_TIC|tic=1384|mle_ms=33.698|monotonic_ms=40|clock_delta_ms=6.302
|clock_suspect=0
PMLE_LIVE_REPLAY_TIC|tic=1385|mle_ms=9.977|monotonic_ms=10|clock_delta_ms=.023|c
lock_suspect=0
PMLE_LIVE_REPLAY_TIC|tic=1386|mle_ms=38.261|monotonic_ms=40|clock_delta_ms=1.739
|clock_suspect=0
PMLE_LIVE_REPLAY_TIC|tic=1387|mle_ms=27.05|monotonic_ms=20|clock_delta_ms=7.05|c
lock_suspect=0
PMLE_LIVE_REPLAY_TIC|tic=1388|mle_ms=13.872|monotonic_ms=20|clock_delta_ms=6.128
|clock_suspect=0
PMLE_LIVE_REPLAY_TIC|tic=1389|mle_ms=11.228|monotonic_ms=10|clock_delta_ms=1.228
|clock_suspect=0
PMLE_LIVE_REPLAY_TIC|tic=1390|mle_ms=31.749|monotonic_ms=30|clock_delta_ms=1.749
|clock_suspect=0
PMLE_LIVE_REPLAY_TIC|tic=1391|mle_ms=18.429|monotonic_ms=20|clock_delta_ms=1.571
|clock_suspect=0
PMLE_LIVE_REPLAY_TIC|tic=1392|mle_ms=11.684|monotonic_ms=10|clock_delta_ms=1.684
|clock_suspect=0
PMLE_LIVE_REPLAY_TIC|tic=1393|mle_ms=40.817|monotonic_ms=40|clock_delta_ms=.817|
clock_suspect=0
PMLE_LIVE_REPLAY_TIC|tic=1394|mle_ms=21.667|monotonic_ms=20|clock_delta_ms=1.667
|clock_suspect=0
PMLE_LIVE_REPLAY_TIC|tic=1395|mle_ms=13.193|monotonic_ms=20|clock_delta_ms=6.807
|clock_suspect=0
PMLE_LIVE_REPLAY_TIC|tic=1396|mle_ms=54.864|monotonic_ms=50|clock_delta_ms=4.864
|clock_suspect=0
PMLE_LIVE_REPLAY_TIC|tic=1397|mle_ms=19.326|monotonic_ms=20|clock_delta_ms=.674|
clock_suspect=0
PMLE_LIVE_REPLAY_TIC|tic=1398|mle_ms=19.121|monotonic_ms=20|clock_delta_ms=.879|
clock_suspect=0
PMLE_LIVE_REPLAY_TIC|tic=1399|mle_ms=49.062|monotonic_ms=50|clock_delta_ms=.938|
clock_suspect=0
PMLE_LIVE_REPLAY_TIC|tic=1400|mle_ms=16.39|monotonic_ms=20|clock_delta_ms=3.61|c
lock_suspect=0
PMLE_LIVE_REPLAY_TIC|tic=1401|mle_ms=24.908|monotonic_ms=20|clock_delta_ms=4.908
|clock_suspect=0
PMLE_LIVE_REPLAY_TIC|tic=1402|mle_ms=28.062|monotonic_ms=30|clock_delta_ms=1.938
|clock_suspect=0
PMLE_LIVE_REPLAY_TIC|tic=1403|mle_ms=33.366|monotonic_ms=30|clock_delta_ms=3.366
|clock_suspect=0
PMLE_LIVE_REPLAY_TIC|tic=1404|mle_ms=26.257|monotonic_ms=30|clock_delta_ms=3.743
|clock_suspect=0
PMLE_LIVE_REPLAY_TIC|tic=1405|mle_ms=26.131|monotonic_ms=30|clock_delta_ms=3.869
|clock_suspect=0
PMLE_LIVE_REPLAY_TIC|tic=1406|mle_ms=42.643|monotonic_ms=40|clock_delta_ms=2.643
|clock_suspect=0
PMLE_LIVE_REPLAY_TIC|tic=1407|mle_ms=21.337|monotonic_ms=20|clock_delta_ms=1.337
|clock_suspect=0
PMLE_LIVE_REPLAY_TIC|tic=1408|mle_ms=32.582|monotonic_ms=30|clock_delta_ms=2.582
|clock_suspect=0
PMLE_LIVE_REPLAY_TIC|tic=1409|mle_ms=17.493|monotonic_ms=20|clock_delta_ms=2.507
|clock_suspect=0
PMLE_LIVE_REPLAY_TIC|tic=1410|mle_ms=15.961|monotonic_ms=20|clock_delta_ms=4.039
|clock_suspect=0
PMLE_LIVE_REPLAY_TIC|tic=1411|mle_ms=42.183|monotonic_ms=40|clock_delta_ms=2.183
|clock_suspect=0
PMLE_LIVE_REPLAY_TIC|tic=1412|mle_ms=17.232|monotonic_ms=20|clock_delta_ms=2.768
|clock_suspect=0
PMLE_LIVE_REPLAY_TIC|tic=1413|mle_ms=32.459|monotonic_ms=30|clock_delta_ms=2.459
|clock_suspect=0
PMLE_LIVE_REPLAY_TIC|tic=1414|mle_ms=32.978|monotonic_ms=30|clock_delta_ms=2.978
|clock_suspect=0
PMLE_LIVE_REPLAY_TIC|tic=1415|mle_ms=17.599|monotonic_ms=20|clock_delta_ms=2.401
|clock_suspect=0
PMLE_LIVE_REPLAY_TIC|tic=1416|mle_ms=50.934|monotonic_ms=50|clock_delta_ms=.934|
clock_suspect=0
PMLE_LIVE_REPLAY_TIC|tic=1417|mle_ms=32.969|monotonic_ms=30|clock_delta_ms=2.969
|clock_suspect=0
PMLE_LIVE_REPLAY_TIC|tic=1418|mle_ms=20.575|monotonic_ms=30|clock_delta_ms=9.425
|clock_suspect=0
PMLE_LIVE_REPLAY_TIC|tic=1419|mle_ms=17.374|monotonic_ms=10|clock_delta_ms=7.374
|clock_suspect=0
PMLE_LIVE_REPLAY_TIC|tic=1420|mle_ms=25.579|monotonic_ms=30|clock_delta_ms=4.421
|clock_suspect=0
PMLE_LIVE_REPLAY_TIC|tic=1421|mle_ms=23.46|monotonic_ms=20|clock_delta_ms=3.46|c
lock_suspect=0
PMLE_LIVE_REPLAY_TIC|tic=1422|mle_ms=16.701|monotonic_ms=20|clock_delta_ms=3.299
|clock_suspect=0
PMLE_LIVE_REPLAY_TIC|tic=1423|mle_ms=42.608|monotonic_ms=40|clock_delta_ms=2.608
|clock_suspect=0
PMLE_LIVE_REPLAY_TIC|tic=1424|mle_ms=30.694|monotonic_ms=30|clock_delta_ms=.694|
clock_suspect=0
PMLE_LIVE_REPLAY_TIC|tic=1425|mle_ms=20.805|monotonic_ms=20|clock_delta_ms=.805|
clock_suspect=0
PMLE_LIVE_REPLAY_TIC|tic=1426|mle_ms=62.081|monotonic_ms=70|clock_delta_ms=7.919
|clock_suspect=0
PMLE_LIVE_REPLAY_TIC|tic=1427|mle_ms=23.869|monotonic_ms=20|clock_delta_ms=3.869
|clock_suspect=0
PMLE_LIVE_REPLAY_TIC|tic=1428|mle_ms=21.755|monotonic_ms=20|clock_delta_ms=1.755
|clock_suspect=0
PMLE_LIVE_REPLAY_TIC|tic=1429|mle_ms=31.694|monotonic_ms=30|clock_delta_ms=1.694
|clock_suspect=0
PMLE_LIVE_REPLAY_TIC|tic=1430|mle_ms=21.013|monotonic_ms=20|clock_delta_ms=1.013
|clock_suspect=0
PMLE_LIVE_REPLAY_TIC|tic=1431|mle_ms=29.241|monotonic_ms=30|clock_delta_ms=.759|
clock_suspect=0
PMLE_LIVE_REPLAY_TIC|tic=1432|mle_ms=82.42|monotonic_ms=90|clock_delta_ms=7.58|c
lock_suspect=0
PMLE_LIVE_REPLAY_TIC|tic=1433|mle_ms=30.953|monotonic_ms=30|clock_delta_ms=.953|
clock_suspect=0
PMLE_LIVE_REPLAY_TIC|tic=1434|mle_ms=25.481|monotonic_ms=20|clock_delta_ms=5.481
|clock_suspect=0
PMLE_LIVE_REPLAY_TIC|tic=1435|mle_ms=87.148|monotonic_ms=90|clock_delta_ms=2.852
|clock_suspect=0
PMLE_LIVE_REPLAY_TIC|tic=1436|mle_ms=39.093|monotonic_ms=40|clock_delta_ms=.907|
clock_suspect=0
PMLE_LIVE_REPLAY_TIC|tic=1437|mle_ms=17.744|monotonic_ms=20|clock_delta_ms=2.256
|clock_suspect=0
PMLE_LIVE_REPLAY_TIC|tic=1438|mle_ms=108.476|monotonic_ms=110|clock_delta_ms=1.5
24|clock_suspect=0
PMLE_LIVE_REPLAY_TIC|tic=1439|mle_ms=16.592|monotonic_ms=10|clock_delta_ms=6.592
|clock_suspect=0
PMLE_LIVE_REPLAY_TIC|tic=1440|mle_ms=16.123|monotonic_ms=20|clock_delta_ms=3.877
|clock_suspect=0
PMLE_LIVE_REPLAY_TIC|tic=1441|mle_ms=100.777|monotonic_ms=100|clock_delta_ms=.77
7|clock_suspect=0
PMLE_LIVE_REPLAY_TIC|tic=1442|mle_ms=21.149|monotonic_ms=20|clock_delta_ms=1.149
|clock_suspect=0
PMLE_LIVE_REPLAY_TIC|tic=1443|mle_ms=37.511|monotonic_ms=40|clock_delta_ms=2.489
|clock_suspect=0
PMLE_LIVE_REPLAY_TIC|tic=1444|mle_ms=127.209|monotonic_ms=130|clock_delta_ms=2.7
91|clock_suspect=0
PMLE_LIVE_REPLAY_TIC|tic=1445|mle_ms=15.509|monotonic_ms=10|clock_delta_ms=5.509
|clock_suspect=0
PMLE_LIVE_REPLAY_TIC|tic=1446|mle_ms=47.902|monotonic_ms=50|clock_delta_ms=2.098
|clock_suspect=0
PMLE_LIVE_REPLAY_TIC|tic=1447|mle_ms=110.264|monotonic_ms=110|clock_delta_ms=.26
4|clock_suspect=0
PMLE_LIVE_REPLAY_TIC|tic=1448|mle_ms=18.118|monotonic_ms=20|clock_delta_ms=1.882
|clock_suspect=0
PMLE_LIVE_REPLAY_TIC|tic=1449|mle_ms=16.564|monotonic_ms=10|clock_delta_ms=6.564
|clock_suspect=0
PMLE_LIVE_REPLAY_TIC|tic=1450|mle_ms=132.819|monotonic_ms=140|clock_delta_ms=7.1
81|clock_suspect=0
PMLE_LIVE_REPLAY_TIC|tic=1451|mle_ms=30.015|monotonic_ms=30|clock_delta_ms=.015|
clock_suspect=0
PMLE_LIVE_REPLAY_TIC|tic=1452|mle_ms=19.603|monotonic_ms=20|clock_delta_ms=.397|
clock_suspect=0
PMLE_LIVE_REPLAY_TIC|tic=1453|mle_ms=110.667|monotonic_ms=110|clock_delta_ms=.66
7|clock_suspect=0
PMLE_LIVE_REPLAY_TIC|tic=1454|mle_ms=23.215|monotonic_ms=20|clock_delta_ms=3.215
|clock_suspect=0
PMLE_LIVE_REPLAY_TIC|tic=1455|mle_ms=15.863|monotonic_ms=20|clock_delta_ms=4.137
|clock_suspect=0
PMLE_LIVE_REPLAY_TIC|tic=1456|mle_ms=104.833|monotonic_ms=100|clock_delta_ms=4.8
33|clock_suspect=0
PMLE_LIVE_REPLAY_TIC|tic=1457|mle_ms=20.179|monotonic_ms=20|clock_delta_ms=.179|
clock_suspect=0
PMLE_LIVE_REPLAY_TIC|tic=1458|mle_ms=17.025|monotonic_ms=20|clock_delta_ms=2.975
|clock_suspect=0
PMLE_LIVE_REPLAY_TIC|tic=1459|mle_ms=99.841|monotonic_ms=100|clock_delta_ms=.159
|clock_suspect=0
PMLE_LIVE_REPLAY_TIC|tic=1460|mle_ms=10.449|monotonic_ms=10|clock_delta_ms=.449|
clock_suspect=0
PMLE_LIVE_REPLAY_TIC|tic=1461|mle_ms=25.554|monotonic_ms=20|clock_delta_ms=5.554
|clock_suspect=0
PMLE_LIVE_REPLAY_TIC|tic=1462|mle_ms=107.833|monotonic_ms=100|clock_delta_ms=7.8
33|clock_suspect=0
PMLE_LIVE_REPLAY_TIC|tic=1463|mle_ms=33.774|monotonic_ms=40|clock_delta_ms=6.226
|clock_suspect=0
PMLE_LIVE_REPLAY_TIC|tic=1464|mle_ms=26.243|monotonic_ms=20|clock_delta_ms=6.243
|clock_suspect=0
PMLE_LIVE_REPLAY_TIC|tic=1465|mle_ms=98.207|monotonic_ms=100|clock_delta_ms=1.79
3|clock_suspect=0
PMLE_LIVE_REPLAY_TIC|tic=1466|mle_ms=41.111|monotonic_ms=40|clock_delta_ms=1.111
|clock_suspect=0
PMLE_LIVE_REPLAY_TIC|tic=1467|mle_ms=20.883|monotonic_ms=20|clock_delta_ms=.883|
clock_suspect=0
PMLE_LIVE_REPLAY_TIC|tic=1468|mle_ms=81.979|monotonic_ms=90|clock_delta_ms=8.021
|clock_suspect=0
PMLE_LIVE_REPLAY_TIC|tic=1469|mle_ms=13.788|monotonic_ms=10|clock_delta_ms=3.788
|clock_suspect=0
PMLE_LIVE_REPLAY_TIC|tic=1470|mle_ms=12.965|monotonic_ms=10|clock_delta_ms=2.965
|clock_suspect=0
PMLE_LIVE_REPLAY_TIC|tic=1471|mle_ms=135.255|monotonic_ms=140|clock_delta_ms=4.7
45|clock_suspect=0
PMLE_LIVE_REPLAY_TIC|tic=1472|mle_ms=15.083|monotonic_ms=10|clock_delta_ms=5.083
|clock_suspect=0
PMLE_LIVE_REPLAY_TIC|tic=1473|mle_ms=32.401|monotonic_ms=40|clock_delta_ms=7.599
|clock_suspect=0
PMLE_LIVE_REPLAY_TIC|tic=1474|mle_ms=120.224|monotonic_ms=120|clock_delta_ms=.22
4|clock_suspect=0
PMLE_LIVE_REPLAY_TIC|tic=1475|mle_ms=11.884|monotonic_ms=10|clock_delta_ms=1.884
|clock_suspect=0
PMLE_LIVE_REPLAY_TIC|tic=1476|mle_ms=43.279|monotonic_ms=40|clock_delta_ms=3.279
|clock_suspect=0
PMLE_LIVE_REPLAY_TIC|tic=1477|mle_ms=85.229|monotonic_ms=90|clock_delta_ms=4.771
|clock_suspect=0
PMLE_LIVE_REPLAY_TIC|tic=1478|mle_ms=18.687|monotonic_ms=20|clock_delta_ms=1.313
|clock_suspect=0
PMLE_LIVE_REPLAY_TIC|tic=1479|mle_ms=17.118|monotonic_ms=10|clock_delta_ms=7.118
|clock_suspect=0
PMLE_LIVE_REPLAY_TIC|tic=1480|mle_ms=78.097|monotonic_ms=80|clock_delta_ms=1.903
|clock_suspect=0
PMLE_LIVE_REPLAY_TIC|tic=1481|mle_ms=58.14|monotonic_ms=60|clock_delta_ms=1.86|c
lock_suspect=0
PMLE_LIVE_REPLAY_TIC|tic=1482|mle_ms=14.348|monotonic_ms=10|clock_delta_ms=4.348
|clock_suspect=0
PMLE_LIVE_REPLAY_TIC|tic=1483|mle_ms=121.754|monotonic_ms=130|clock_delta_ms=8.2
46|clock_suspect=0
PMLE_LIVE_REPLAY_TIC|tic=1484|mle_ms=23.923|monotonic_ms=20|clock_delta_ms=3.923
|clock_suspect=0
PMLE_LIVE_REPLAY_TIC|tic=1485|mle_ms=12.641|monotonic_ms=10|clock_delta_ms=2.641
|clock_suspect=0
PMLE_LIVE_REPLAY_TIC|tic=1486|mle_ms=129.499|monotonic_ms=130|clock_delta_ms=.50
1|clock_suspect=0
PMLE_LIVE_REPLAY_TIC|tic=1487|mle_ms=16.509|monotonic_ms=20|clock_delta_ms=3.491
|clock_suspect=0
PMLE_LIVE_REPLAY_TIC|tic=1488|mle_ms=15.212|monotonic_ms=10|clock_delta_ms=5.212
|clock_suspect=0
PMLE_LIVE_REPLAY_TIC|tic=1489|mle_ms=71.665|monotonic_ms=80|clock_delta_ms=8.335
|clock_suspect=0
PMLE_LIVE_REPLAY_TIC|tic=1490|mle_ms=10.234|monotonic_ms=10|clock_delta_ms=.234|
clock_suspect=0
PMLE_LIVE_REPLAY_TIC|tic=1491|mle_ms=48.079|monotonic_ms=40|clock_delta_ms=8.079
|clock_suspect=0
PMLE_LIVE_REPLAY_TIC|tic=1492|mle_ms=54.022|monotonic_ms=60|clock_delta_ms=5.978
|clock_suspect=0
PMLE_LIVE_REPLAY_TIC|tic=1493|mle_ms=52.045|monotonic_ms=50|clock_delta_ms=2.045
|clock_suspect=0
PMLE_LIVE_REPLAY_TIC|tic=1494|mle_ms=22.232|monotonic_ms=20|clock_delta_ms=2.232
|clock_suspect=0
PMLE_LIVE_REPLAY_TIC|tic=1495|mle_ms=53.39|monotonic_ms=60|clock_delta_ms=6.61|c
lock_suspect=0
PMLE_LIVE_REPLAY_TIC|tic=1496|mle_ms=43.533|monotonic_ms=40|clock_delta_ms=3.533
|clock_suspect=0
PMLE_LIVE_REPLAY_TIC|tic=1497|mle_ms=17.643|monotonic_ms=20|clock_delta_ms=2.357
|clock_suspect=0
PMLE_LIVE_REPLAY_TIC|tic=1498|mle_ms=39.136|monotonic_ms=40|clock_delta_ms=.864|
clock_suspect=0
PMLE_LIVE_REPLAY_TIC|tic=1499|mle_ms=14.1|monotonic_ms=10|clock_delta_ms=4.1|clo
ck_suspect=0
PMLE_LIVE_REPLAY_TIC|tic=1500|mle_ms=13.16|monotonic_ms=10|clock_delta_ms=3.16|c
lock_suspect=0
PMLE_LIVE_REPLAY_TIC|tic=1501|mle_ms=67.727|monotonic_ms=70|clock_delta_ms=2.273
|clock_suspect=0
PMLE_LIVE_REPLAY_TIC|tic=1502|mle_ms=11.688|monotonic_ms=10|clock_delta_ms=1.688
|clock_suspect=0
PMLE_LIVE_REPLAY_TIC|tic=1503|mle_ms=49.669|monotonic_ms=50|clock_delta_ms=.331|
clock_suspect=0
PMLE_LIVE_REPLAY_TIC|tic=1504|mle_ms=47.945|monotonic_ms=50|clock_delta_ms=2.055
|clock_suspect=0
PMLE_LIVE_REPLAY_TIC|tic=1505|mle_ms=18.344|monotonic_ms=20|clock_delta_ms=1.656
|clock_suspect=0
PMLE_LIVE_REPLAY_TIC|tic=1506|mle_ms=43.308|monotonic_ms=40|clock_delta_ms=3.308
|clock_suspect=0
PMLE_LIVE_REPLAY_TIC|tic=1507|mle_ms=55.762|monotonic_ms=60|clock_delta_ms=4.238
|clock_suspect=0
PMLE_LIVE_REPLAY_TIC|tic=1508|mle_ms=15.797|monotonic_ms=20|clock_delta_ms=4.203
|clock_suspect=0
PMLE_LIVE_REPLAY_TIC|tic=1509|mle_ms=15.53|monotonic_ms=10|clock_delta_ms=5.53|c
lock_suspect=0
PMLE_LIVE_REPLAY_TIC|tic=1510|mle_ms=39.512|monotonic_ms=40|clock_delta_ms=.488|
clock_suspect=0
PMLE_LIVE_REPLAY_TIC|tic=1511|mle_ms=47.449|monotonic_ms=50|clock_delta_ms=2.551
|clock_suspect=0
PMLE_LIVE_REPLAY_TIC|tic=1512|mle_ms=23.736|monotonic_ms=20|clock_delta_ms=3.736
|clock_suspect=0
PMLE_LIVE_REPLAY_TIC|tic=1513|mle_ms=126.185|monotonic_ms=130|clock_delta_ms=3.8
15|clock_suspect=0
PMLE_LIVE_REPLAY_TIC|tic=1514|mle_ms=61.241|monotonic_ms=60|clock_delta_ms=1.241
|clock_suspect=0
PMLE_LIVE_REPLAY_TIC|tic=1515|mle_ms=12.278|monotonic_ms=10|clock_delta_ms=2.278
|clock_suspect=0
PMLE_LIVE_REPLAY_TIC|tic=1516|mle_ms=78.828|monotonic_ms=80|clock_delta_ms=1.172
|clock_suspect=0
PMLE_LIVE_REPLAY_TIC|tic=1517|mle_ms=66.26|monotonic_ms=70|clock_delta_ms=3.74|c
lock_suspect=0
PMLE_LIVE_REPLAY_TIC|tic=1518|mle_ms=18.837|monotonic_ms=20|clock_delta_ms=1.163
|clock_suspect=0
PMLE_LIVE_REPLAY_TIC|tic=1519|mle_ms=62.939|monotonic_ms=60|clock_delta_ms=2.939
|clock_suspect=0
PMLE_LIVE_REPLAY_TIC|tic=1520|mle_ms=44.008|monotonic_ms=40|clock_delta_ms=4.008
|clock_suspect=0
PMLE_LIVE_REPLAY_TIC|tic=1521|mle_ms=43.332|monotonic_ms=50|clock_delta_ms=6.668
|clock_suspect=0
PMLE_LIVE_REPLAY_TIC|tic=1522|mle_ms=42.168|monotonic_ms=40|clock_delta_ms=2.168
|clock_suspect=0
PMLE_LIVE_REPLAY_TIC|tic=1523|mle_ms=99.965|monotonic_ms=100|clock_delta_ms=.035
|clock_suspect=0
PMLE_LIVE_REPLAY_TIC|tic=1524|mle_ms=25.619|monotonic_ms=20|clock_delta_ms=5.619
|clock_suspect=0
PMLE_LIVE_REPLAY_TIC|tic=1525|mle_ms=48.482|monotonic_ms=50|clock_delta_ms=1.518
|clock_suspect=0
PMLE_LIVE_REPLAY_TIC|tic=1526|mle_ms=76.278|monotonic_ms=80|clock_delta_ms=3.722
|clock_suspect=0
PMLE_LIVE_REPLAY_TIC|tic=1527|mle_ms=24.003|monotonic_ms=20|clock_delta_ms=4.003
|clock_suspect=0
PMLE_LIVE_REPLAY_TIC|tic=1528|mle_ms=57.517|monotonic_ms=60|clock_delta_ms=2.483
|clock_suspect=0
PMLE_LIVE_REPLAY_TIC|tic=1529|mle_ms=49.531|monotonic_ms=50|clock_delta_ms=.469|
clock_suspect=0
PMLE_LIVE_REPLAY_TIC|tic=1530|mle_ms=17.902|monotonic_ms=20|clock_delta_ms=2.098
|clock_suspect=0
PMLE_LIVE_REPLAY_TIC|tic=1531|mle_ms=70.206|monotonic_ms=70|clock_delta_ms=.206|
clock_suspect=0
PMLE_LIVE_REPLAY_TIC|tic=1532|mle_ms=51.506|monotonic_ms=50|clock_delta_ms=1.506
|clock_suspect=0
PMLE_LIVE_REPLAY_TIC|tic=1533|mle_ms=48.03|monotonic_ms=50|clock_delta_ms=1.97|c
lock_suspect=0
PMLE_LIVE_REPLAY_TIC|tic=1534|mle_ms=31.4|monotonic_ms=30|clock_delta_ms=1.4|clo
ck_suspect=0
PMLE_LIVE_REPLAY_TIC|tic=1535|mle_ms=50.418|monotonic_ms=50|clock_delta_ms=.418|
clock_suspect=0
PMLE_LIVE_REPLAY_TIC|tic=1536|mle_ms=51.97|monotonic_ms=50|clock_delta_ms=1.97|c
lock_suspect=0
PMLE_LIVE_REPLAY_TIC|tic=1537|mle_ms=23.629|monotonic_ms=30|clock_delta_ms=6.371
|clock_suspect=0
PMLE_LIVE_REPLAY_TIC|tic=1538|mle_ms=58.631|monotonic_ms=60|clock_delta_ms=1.369
|clock_suspect=0
PMLE_LIVE_REPLAY_TIC|tic=1539|mle_ms=17.557|monotonic_ms=10|clock_delta_ms=7.557
|clock_suspect=0
PMLE_LIVE_REPLAY_TIC|tic=1540|mle_ms=14.704|monotonic_ms=20|clock_delta_ms=5.296
|clock_suspect=0
PMLE_LIVE_REPLAY_TIC|tic=1541|mle_ms=80.587|monotonic_ms=80|clock_delta_ms=.587|
clock_suspect=0
PMLE_LIVE_REPLAY_TIC|tic=1542|mle_ms=13.685|monotonic_ms=10|clock_delta_ms=3.685
|clock_suspect=0
PMLE_LIVE_REPLAY_TIC|tic=1543|mle_ms=46.002|monotonic_ms=50|clock_delta_ms=3.998
|clock_suspect=0
PMLE_LIVE_REPLAY_TIC|tic=1544|mle_ms=57.011|monotonic_ms=60|clock_delta_ms=2.989
|clock_suspect=0
PMLE_LIVE_REPLAY_TIC|tic=1545|mle_ms=12.258|monotonic_ms=10|clock_delta_ms=2.258
|clock_suspect=0
PMLE_LIVE_REPLAY_TIC|tic=1546|mle_ms=44.994|monotonic_ms=40|clock_delta_ms=4.994
|clock_suspect=0
PMLE_LIVE_REPLAY_TIC|tic=1547|mle_ms=55.593|monotonic_ms=60|clock_delta_ms=4.407
|clock_suspect=0
PMLE_LIVE_REPLAY_TIC|tic=1548|mle_ms=21.236|monotonic_ms=20|clock_delta_ms=1.236
|clock_suspect=0
PMLE_LIVE_REPLAY_TIC|tic=1549|mle_ms=17.6|monotonic_ms=20|clock_delta_ms=2.4|clo
ck_suspect=0
PMLE_LIVE_REPLAY_TIC|tic=1550|mle_ms=43.492|monotonic_ms=40|clock_delta_ms=3.492
|clock_suspect=0
PMLE_LIVE_REPLAY_TIC|tic=1551|mle_ms=56.191|monotonic_ms=60|clock_delta_ms=3.809
|clock_suspect=0
PMLE_LIVE_REPLAY_TIC|tic=1552|mle_ms=19.561|monotonic_ms=20|clock_delta_ms=.439|
clock_suspect=0
PMLE_LIVE_REPLAY_TIC|tic=1553|mle_ms=81.929|monotonic_ms=80|clock_delta_ms=1.929
|clock_suspect=0
PMLE_LIVE_REPLAY_TIC|tic=1554|mle_ms=30.006|monotonic_ms=30|clock_delta_ms=.006|
clock_suspect=0
PMLE_LIVE_REPLAY_TIC|tic=1555|mle_ms=17.174|monotonic_ms=20|clock_delta_ms=2.826
|clock_suspect=0
PMLE_LIVE_REPLAY_TIC|tic=1556|mle_ms=107.076|monotonic_ms=100|clock_delta_ms=7.0
76|clock_suspect=0
PMLE_LIVE_REPLAY_TIC|tic=1557|mle_ms=27.79|monotonic_ms=30|clock_delta_ms=2.21|c
lock_suspect=0
PMLE_LIVE_REPLAY_TIC|tic=1558|mle_ms=25.108|monotonic_ms=30|clock_delta_ms=4.892
|clock_suspect=0
PMLE_LIVE_REPLAY_TIC|tic=1559|mle_ms=98.254|monotonic_ms=90|clock_delta_ms=8.254
|clock_suspect=0
PMLE_LIVE_REPLAY_TIC|tic=1560|mle_ms=22.232|monotonic_ms=30|clock_delta_ms=7.768
|clock_suspect=0
PMLE_LIVE_REPLAY_TIC|tic=1561|mle_ms=56.169|monotonic_ms=50|clock_delta_ms=6.169
|clock_suspect=0
PMLE_LIVE_REPLAY_TIC|tic=1562|mle_ms=98.941|monotonic_ms=100|clock_delta_ms=1.05
9|clock_suspect=0
PMLE_LIVE_REPLAY_TIC|tic=1563|mle_ms=49.745|monotonic_ms=50|clock_delta_ms=.255|
clock_suspect=0
PMLE_LIVE_REPLAY_TIC|tic=1564|mle_ms=28.867|monotonic_ms=30|clock_delta_ms=1.133
|clock_suspect=0
PMLE_LIVE_REPLAY_TIC|tic=1565|mle_ms=72.924|monotonic_ms=70|clock_delta_ms=2.924
|clock_suspect=0
PMLE_LIVE_REPLAY_TIC|tic=1566|mle_ms=43.446|monotonic_ms=50|clock_delta_ms=6.554
|clock_suspect=0
PMLE_LIVE_REPLAY_TIC|tic=1567|mle_ms=24.133|monotonic_ms=20|clock_delta_ms=4.133
|clock_suspect=0
PMLE_LIVE_REPLAY_TIC|tic=1568|mle_ms=70.223|monotonic_ms=70|clock_delta_ms=.223|
clock_suspect=0
PMLE_LIVE_REPLAY_TIC|tic=1569|mle_ms=18.562|monotonic_ms=20|clock_delta_ms=1.438
|clock_suspect=0
PMLE_LIVE_REPLAY_TIC|tic=1570|mle_ms=18.55|monotonic_ms=20|clock_delta_ms=1.45|c
lock_suspect=0
PMLE_LIVE_REPLAY_TIC|tic=1571|mle_ms=98.87|monotonic_ms=100|clock_delta_ms=1.13|
clock_suspect=0
PMLE_LIVE_REPLAY_TIC|tic=1572|mle_ms=18.97|monotonic_ms=20|clock_delta_ms=1.03|c
lock_suspect=0
PMLE_LIVE_REPLAY_TIC|tic=1573|mle_ms=49.747|monotonic_ms=50|clock_delta_ms=.253|
clock_suspect=0
PMLE_LIVE_REPLAY_TIC|tic=1574|mle_ms=74.931|monotonic_ms=70|clock_delta_ms=4.931
|clock_suspect=0
PMLE_LIVE_REPLAY_TIC|tic=1575|mle_ms=17.698|monotonic_ms=20|clock_delta_ms=2.302
|clock_suspect=0
PMLE_LIVE_REPLAY_TIC|tic=1576|mle_ms=36.663|monotonic_ms=40|clock_delta_ms=3.337
|clock_suspect=0
PMLE_LIVE_REPLAY_TIC|tic=1577|mle_ms=55.019|monotonic_ms=50|clock_delta_ms=5.019
|clock_suspect=0
PMLE_LIVE_REPLAY_TIC|tic=1578|mle_ms=19.342|monotonic_ms=20|clock_delta_ms=.658|
clock_suspect=0
PMLE_LIVE_REPLAY_TIC|tic=1579|mle_ms=22.32|monotonic_ms=20|clock_delta_ms=2.32|c
lock_suspect=0
PMLE_LIVE_REPLAY_TIC|tic=1580|mle_ms=49.358|monotonic_ms=50|clock_delta_ms=.642|
clock_suspect=0
PMLE_LIVE_REPLAY_TIC|tic=1581|mle_ms=51.27|monotonic_ms=50|clock_delta_ms=1.27|c
lock_suspect=0
PMLE_LIVE_REPLAY_TIC|tic=1582|mle_ms=20.498|monotonic_ms=30|clock_delta_ms=9.502
|clock_suspect=0
PMLE_LIVE_REPLAY_TIC|tic=1583|mle_ms=70.469|monotonic_ms=70|clock_delta_ms=.469|
clock_suspect=0
PMLE_LIVE_REPLAY_TIC|tic=1584|mle_ms=28.857|monotonic_ms=20|clock_delta_ms=8.857
|clock_suspect=0
PMLE_LIVE_REPLAY_TIC|tic=1585|mle_ms=18.911|monotonic_ms=20|clock_delta_ms=1.089
|clock_suspect=0
PMLE_LIVE_REPLAY_TIC|tic=1586|mle_ms=68.725|monotonic_ms=70|clock_delta_ms=1.275
|clock_suspect=0
PMLE_LIVE_REPLAY_TIC|tic=1587|mle_ms=51.026|monotonic_ms=50|clock_delta_ms=1.026
|clock_suspect=0
PMLE_LIVE_REPLAY_TIC|tic=1588|mle_ms=21.344|monotonic_ms=20|clock_delta_ms=1.344
|clock_suspect=0
PMLE_LIVE_REPLAY_TIC|tic=1589|mle_ms=58.258|monotonic_ms=60|clock_delta_ms=1.742
|clock_suspect=0
PMLE_LIVE_REPLAY_TIC|tic=1590|mle_ms=19.29|monotonic_ms=20|clock_delta_ms=.71|cl
ock_suspect=0
PMLE_LIVE_REPLAY_TIC|tic=1591|mle_ms=51.802|monotonic_ms=50|clock_delta_ms=1.802
|clock_suspect=0
PMLE_LIVE_REPLAY_TIC|tic=1592|mle_ms=66.03|monotonic_ms=70|clock_delta_ms=3.97|c
lock_suspect=0
PMLE_LIVE_REPLAY_TIC|tic=1593|mle_ms=56.489|monotonic_ms=60|clock_delta_ms=3.511
|clock_suspect=0
PMLE_LIVE_REPLAY_TIC|tic=1594|mle_ms=45.348|monotonic_ms=40|clock_delta_ms=5.348
|clock_suspect=0
PMLE_LIVE_REPLAY_TIC|tic=1595|mle_ms=84.685|monotonic_ms=90|clock_delta_ms=5.315
|clock_suspect=0
PMLE_LIVE_REPLAY_TIC|tic=1596|mle_ms=126.005|monotonic_ms=120|clock_delta_ms=6.0
05|clock_suspect=0
PMLE_LIVE_REPLAY_TIC|tic=1597|mle_ms=66.22|monotonic_ms=70|clock_delta_ms=3.78|c
lock_suspect=0
PMLE_LIVE_REPLAY_TIC|tic=1598|mle_ms=81.735|monotonic_ms=80|clock_delta_ms=1.735
|clock_suspect=0
PMLE_LIVE_REPLAY_TIC|tic=1599|mle_ms=100.67|monotonic_ms=100|clock_delta_ms=.67|
clock_suspect=0
PMLE_LIVE_REPLAY_TIC|tic=1600|mle_ms=34.571|monotonic_ms=40|clock_delta_ms=5.429
|clock_suspect=0
PMLE_LIVE_REPLAY_TIC|tic=1601|mle_ms=99.409|monotonic_ms=90|clock_delta_ms=9.409
|clock_suspect=0
PMLE_LIVE_REPLAY_TIC|tic=1602|mle_ms=82.115|monotonic_ms=90|clock_delta_ms=7.885
|clock_suspect=0
PMLE_LIVE_REPLAY_TIC|tic=1603|mle_ms=53.217|monotonic_ms=50|clock_delta_ms=3.217
|clock_suspect=0
PMLE_LIVE_REPLAY_TIC|tic=1604|mle_ms=83.751|monotonic_ms=80|clock_delta_ms=3.751
|clock_suspect=0
PMLE_LIVE_REPLAY_TIC|tic=1605|mle_ms=85.295|monotonic_ms=90|clock_delta_ms=4.705
|clock_suspect=0
PMLE_LIVE_REPLAY_TIC|tic=1606|mle_ms=75.108|monotonic_ms=70|clock_delta_ms=5.108
|clock_suspect=0
PMLE_LIVE_REPLAY_TIC|tic=1607|mle_ms=103.381|monotonic_ms=110|clock_delta_ms=6.6
19|clock_suspect=0
PMLE_LIVE_REPLAY_TIC|tic=1608|mle_ms=97.82|monotonic_ms=100|clock_delta_ms=2.18|
clock_suspect=0
PMLE_LIVE_REPLAY_TIC|tic=1609|mle_ms=43.304|monotonic_ms=40|clock_delta_ms=3.304
|clock_suspect=0
PMLE_LIVE_REPLAY_TIC|tic=1610|mle_ms=87.491|monotonic_ms=90|clock_delta_ms=2.509
|clock_suspect=0
PMLE_LIVE_REPLAY_TIC|tic=1611|mle_ms=139.042|monotonic_ms=140|clock_delta_ms=.95
8|clock_suspect=0
PMLE_LIVE_REPLAY_TIC|tic=1612|mle_ms=47.083|monotonic_ms=40|clock_delta_ms=7.083
|clock_suspect=0
PMLE_LIVE_REPLAY_TIC|tic=1613|mle_ms=103.982|monotonic_ms=110|clock_delta_ms=6.0
18|clock_suspect=0
PMLE_LIVE_REPLAY_TIC|tic=1614|mle_ms=106.181|monotonic_ms=100|clock_delta_ms=6.1
81|clock_suspect=0
PMLE_LIVE_REPLAY_TIC|tic=1615|mle_ms=45.708|monotonic_ms=50|clock_delta_ms=4.292
|clock_suspect=0
PMLE_LIVE_REPLAY_TIC|tic=1616|mle_ms=100.062|monotonic_ms=100|clock_delta_ms=.06
2|clock_suspect=0
PMLE_LIVE_REPLAY_TIC|tic=1617|mle_ms=111.944|monotonic_ms=110|clock_delta_ms=1.9
44|clock_suspect=0
PMLE_LIVE_REPLAY_TIC|tic=1618|mle_ms=42.374|monotonic_ms=40|clock_delta_ms=2.374
|clock_suspect=0
PMLE_LIVE_REPLAY_TIC|tic=1619|mle_ms=80.43|monotonic_ms=80|clock_delta_ms=.43|cl
ock_suspect=0
PMLE_LIVE_REPLAY_TIC|tic=1620|mle_ms=85.076|monotonic_ms=90|clock_delta_ms=4.924
|clock_suspect=0
PMLE_LIVE_REPLAY_TIC|tic=1621|mle_ms=72.65|monotonic_ms=70|clock_delta_ms=2.65|c
lock_suspect=0
PMLE_LIVE_REPLAY_TIC|tic=1622|mle_ms=104.136|monotonic_ms=110|clock_delta_ms=5.8
64|clock_suspect=0
PMLE_LIVE_REPLAY_TIC|tic=1623|mle_ms=118.19|monotonic_ms=110|clock_delta_ms=8.19
|clock_suspect=0
PMLE_LIVE_REPLAY_TIC|tic=1624|mle_ms=51.971|monotonic_ms=60|clock_delta_ms=8.029
|clock_suspect=0
PMLE_LIVE_REPLAY_TIC|tic=1625|mle_ms=78.369|monotonic_ms=80|clock_delta_ms=1.631
|clock_suspect=0
PMLE_LIVE_REPLAY_TIC|tic=1626|mle_ms=119.096|monotonic_ms=110|clock_delta_ms=9.0
96|clock_suspect=0
PMLE_LIVE_REPLAY_TIC|tic=1627|mle_ms=46.95|monotonic_ms=50|clock_delta_ms=3.05|c
lock_suspect=0
PMLE_LIVE_REPLAY_TIC|tic=1628|mle_ms=86.445|monotonic_ms=90|clock_delta_ms=3.555
|clock_suspect=0
PMLE_LIVE_REPLAY_TIC|tic=1629|mle_ms=95.133|monotonic_ms=90|clock_delta_ms=5.133
|clock_suspect=0
PMLE_LIVE_REPLAY_TIC|tic=1630|mle_ms=35.915|monotonic_ms=40|clock_delta_ms=4.085
|clock_suspect=0
PMLE_LIVE_REPLAY_TIC|tic=1631|mle_ms=107.389|monotonic_ms=110|clock_delta_ms=2.6
11|clock_suspect=0
PMLE_LIVE_REPLAY_TIC|tic=1632|mle_ms=85.915|monotonic_ms=80|clock_delta_ms=5.915
|clock_suspect=0
PMLE_LIVE_REPLAY_TIC|tic=1633|mle_ms=54.863|monotonic_ms=60|clock_delta_ms=5.137
|clock_suspect=0
PMLE_LIVE_REPLAY_TIC|tic=1634|mle_ms=102.709|monotonic_ms=100|clock_delta_ms=2.7
09|clock_suspect=0
PMLE_LIVE_REPLAY_TIC|tic=1635|mle_ms=84.703|monotonic_ms=90|clock_delta_ms=5.297
|clock_suspect=0
PMLE_LIVE_REPLAY_TIC|tic=1636|mle_ms=52.556|monotonic_ms=50|clock_delta_ms=2.556
|clock_suspect=0
PMLE_LIVE_REPLAY_TIC|tic=1637|mle_ms=87.664|monotonic_ms=90|clock_delta_ms=2.336
|clock_suspect=0
PMLE_LIVE_REPLAY_TIC|tic=1638|mle_ms=81.379|monotonic_ms=80|clock_delta_ms=1.379
|clock_suspect=0
PMLE_LIVE_REPLAY_TIC|tic=1639|mle_ms=38.266|monotonic_ms=40|clock_delta_ms=1.734
|clock_suspect=0
PMLE_LIVE_REPLAY_TIC|tic=1640|mle_ms=89.79|monotonic_ms=90|clock_delta_ms=.21|cl
ock_suspect=0
PMLE_LIVE_REPLAY_TIC|tic=1641|mle_ms=115.352|monotonic_ms=110|clock_delta_ms=5.3
52|clock_suspect=0
PMLE_LIVE_REPLAY_TIC|tic=1642|mle_ms=44.789|monotonic_ms=50|clock_delta_ms=5.211
|clock_suspect=0
PMLE_LIVE_REPLAY_TIC|tic=1643|mle_ms=97.543|monotonic_ms=90|clock_delta_ms=7.543
|clock_suspect=0
PMLE_LIVE_REPLAY_TIC|tic=1644|mle_ms=97.705|monotonic_ms=100|clock_delta_ms=2.29
5|clock_suspect=0
PMLE_LIVE_REPLAY_TIC|tic=1645|mle_ms=266.264|monotonic_ms=270|clock_delta_ms=3.7
36|clock_suspect=0
PMLE_LIVE_REPLAY_TIC|tic=1646|mle_ms=118.557|monotonic_ms=120|clock_delta_ms=1.4
43|clock_suspect=0
PMLE_LIVE_REPLAY_TIC|tic=1647|mle_ms=115.233|monotonic_ms=110|clock_delta_ms=5.2
33|clock_suspect=0
PMLE_LIVE_REPLAY_TIC|tic=1648|mle_ms=145.029|monotonic_ms=150|clock_delta_ms=4.9
71|clock_suspect=0
PMLE_LIVE_REPLAY_TIC|tic=1649|mle_ms=88.494|monotonic_ms=90|clock_delta_ms=1.506
|clock_suspect=0
PMLE_LIVE_REPLAY_TIC|tic=1650|mle_ms=131.554|monotonic_ms=130|clock_delta_ms=1.5
54|clock_suspect=0
PMLE_LIVE_REPLAY_TIC|tic=1651|mle_ms=78.263|monotonic_ms=80|clock_delta_ms=1.737
|clock_suspect=0
PMLE_LIVE_REPLAY_TIC|tic=1652|mle_ms=110.019|monotonic_ms=110|clock_delta_ms=.01
9|clock_suspect=0
PMLE_LIVE_REPLAY_TIC|tic=1653|mle_ms=153.719|monotonic_ms=150|clock_delta_ms=3.7
19|clock_suspect=0
PMLE_LIVE_REPLAY_TIC|tic=1654|mle_ms=71.851|monotonic_ms=70|clock_delta_ms=1.851
|clock_suspect=0
PMLE_LIVE_REPLAY_TIC|tic=1655|mle_ms=116.73|monotonic_ms=120|clock_delta_ms=3.27
|clock_suspect=0
PMLE_LIVE_REPLAY_TIC|tic=1656|mle_ms=160.114|monotonic_ms=160|clock_delta_ms=.11
4|clock_suspect=0
PMLE_LIVE_REPLAY_TIC|tic=1657|mle_ms=41.682|monotonic_ms=40|clock_delta_ms=1.682
|clock_suspect=0
PMLE_LIVE_REPLAY_TIC|tic=1658|mle_ms=90.615|monotonic_ms=90|clock_delta_ms=.615|
clock_suspect=0
PMLE_LIVE_REPLAY_TIC|tic=1659|mle_ms=117.913|monotonic_ms=120|clock_delta_ms=2.0
87|clock_suspect=0
PMLE_LIVE_REPLAY_TIC|tic=1660|mle_ms=25.11|monotonic_ms=20|clock_delta_ms=5.11|c
lock_suspect=0
PMLE_LIVE_REPLAY_TIC|tic=1661|mle_ms=105.354|monotonic_ms=110|clock_delta_ms=4.6
46|clock_suspect=0
PMLE_LIVE_REPLAY_TIC|tic=1662|mle_ms=96.53|monotonic_ms=100|clock_delta_ms=3.47|
clock_suspect=0
PMLE_LIVE_REPLAY_TIC|tic=1663|mle_ms=38.831|monotonic_ms=30|clock_delta_ms=8.831
|clock_suspect=0
PMLE_LIVE_REPLAY_TIC|tic=1664|mle_ms=109.654|monotonic_ms=110|clock_delta_ms=.34
6|clock_suspect=0
PMLE_LIVE_REPLAY_TIC|tic=1665|mle_ms=133.24|monotonic_ms=140|clock_delta_ms=6.76
|clock_suspect=0
PMLE_LIVE_REPLAY_TIC|tic=1666|mle_ms=43.531|monotonic_ms=40|clock_delta_ms=3.531
|clock_suspect=0
PMLE_LIVE_REPLAY_TIC|tic=1667|mle_ms=97.878|monotonic_ms=100|clock_delta_ms=2.12
2|clock_suspect=0
PMLE_LIVE_REPLAY_TIC|tic=1668|mle_ms=110.517|monotonic_ms=110|clock_delta_ms=.51
7|clock_suspect=0
PMLE_LIVE_REPLAY_TIC|tic=1669|mle_ms=30.054|monotonic_ms=30|clock_delta_ms=.054|
clock_suspect=0
PMLE_LIVE_REPLAY_TIC|tic=1670|mle_ms=74.597|monotonic_ms=70|clock_delta_ms=4.597
|clock_suspect=0
PMLE_LIVE_REPLAY_TIC|tic=1671|mle_ms=102.133|monotonic_ms=110|clock_delta_ms=7.8
67|clock_suspect=0
PMLE_LIVE_REPLAY_TIC|tic=1672|mle_ms=30.741|monotonic_ms=30|clock_delta_ms=.741|
clock_suspect=0
PMLE_LIVE_REPLAY_TIC|tic=1673|mle_ms=96.049|monotonic_ms=90|clock_delta_ms=6.049
|clock_suspect=0
PMLE_LIVE_REPLAY_TIC|tic=1674|mle_ms=104.296|monotonic_ms=110|clock_delta_ms=5.7
04|clock_suspect=0
PMLE_LIVE_REPLAY_TIC|tic=1675|mle_ms=24.5|monotonic_ms=20|clock_delta_ms=4.5|clo
ck_suspect=0
PMLE_LIVE_REPLAY_TIC|tic=1676|mle_ms=91.763|monotonic_ms=90|clock_delta_ms=1.763
|clock_suspect=0
PMLE_LIVE_REPLAY_TIC|tic=1677|mle_ms=105.463|monotonic_ms=110|clock_delta_ms=4.5
37|clock_suspect=0
PMLE_LIVE_REPLAY_TIC|tic=1678|mle_ms=23.524|monotonic_ms=20|clock_delta_ms=3.524
|clock_suspect=0
PMLE_LIVE_REPLAY_TIC|tic=1679|mle_ms=82.651|monotonic_ms=90|clock_delta_ms=7.349
|clock_suspect=0
PMLE_LIVE_REPLAY_TIC|tic=1680|mle_ms=109.437|monotonic_ms=110|clock_delta_ms=.56
3|clock_suspect=0
PMLE_LIVE_REPLAY_TIC|tic=1681|mle_ms=25.532|monotonic_ms=20|clock_delta_ms=5.532
|clock_suspect=0
PMLE_LIVE_REPLAY_TIC|tic=1682|mle_ms=77.069|monotonic_ms=80|clock_delta_ms=2.931
|clock_suspect=0
PMLE_LIVE_REPLAY_TIC|tic=1683|mle_ms=111.168|monotonic_ms=110|clock_delta_ms=1.1
68|clock_suspect=0
PMLE_LIVE_REPLAY_TIC|tic=1684|mle_ms=30.55|monotonic_ms=30|clock_delta_ms=.55|cl
ock_suspect=0
PMLE_LIVE_REPLAY_TIC|tic=1685|mle_ms=81.376|monotonic_ms=80|clock_delta_ms=1.376
|clock_suspect=0
PMLE_LIVE_REPLAY_TIC|tic=1686|mle_ms=135.96|monotonic_ms=140|clock_delta_ms=4.04
|clock_suspect=0
PMLE_LIVE_REPLAY_TIC|tic=1687|mle_ms=20.498|monotonic_ms=20|clock_delta_ms=.498|
clock_suspect=0
PMLE_LIVE_REPLAY_TIC|tic=1688|mle_ms=75.932|monotonic_ms=70|clock_delta_ms=5.932
|clock_suspect=0
PMLE_LIVE_REPLAY_TIC|tic=1689|mle_ms=86.805|monotonic_ms=90|clock_delta_ms=3.195
|clock_suspect=0
PMLE_LIVE_REPLAY_TIC|tic=1690|mle_ms=20.183|monotonic_ms=20|clock_delta_ms=.183|
clock_suspect=0
PMLE_LIVE_REPLAY_TIC|tic=1691|mle_ms=70.323|monotonic_ms=70|clock_delta_ms=.323|
clock_suspect=0
PMLE_LIVE_REPLAY_TIC|tic=1692|mle_ms=105.669|monotonic_ms=110|clock_delta_ms=4.3
31|clock_suspect=0
PMLE_LIVE_REPLAY_TIC|tic=1693|mle_ms=29.611|monotonic_ms=30|clock_delta_ms=.389|
clock_suspect=0
PMLE_LIVE_REPLAY_TIC|tic=1694|mle_ms=111.466|monotonic_ms=110|clock_delta_ms=1.4
66|clock_suspect=0
PMLE_LIVE_REPLAY_TIC|tic=1695|mle_ms=93.895|monotonic_ms=90|clock_delta_ms=3.895
|clock_suspect=0
PMLE_LIVE_REPLAY_TIC|tic=1696|mle_ms=41.781|monotonic_ms=40|clock_delta_ms=1.781
|clock_suspect=0
PMLE_LIVE_REPLAY_TIC|tic=1697|mle_ms=66.206|monotonic_ms=70|clock_delta_ms=3.794
|clock_suspect=0
PMLE_LIVE_REPLAY_TIC|tic=1698|mle_ms=99.08|monotonic_ms=100|clock_delta_ms=.92|c
lock_suspect=0
PMLE_LIVE_REPLAY_TIC|tic=1699|mle_ms=18.528|monotonic_ms=20|clock_delta_ms=1.472
|clock_suspect=0
PMLE_LIVE_REPLAY_TIC|tic=1700|mle_ms=82.216|monotonic_ms=80|clock_delta_ms=2.216
|clock_suspect=0
PMLE_LIVE_REPLAY_TIC|tic=1701|mle_ms=82.288|monotonic_ms=80|clock_delta_ms=2.288
|clock_suspect=0
PMLE_LIVE_REPLAY_TIC|tic=1702|mle_ms=15.103|monotonic_ms=20|clock_delta_ms=4.897
|clock_suspect=0
PMLE_LIVE_REPLAY_TIC|tic=1703|mle_ms=79.32|monotonic_ms=80|clock_delta_ms=.68|cl
ock_suspect=0
PMLE_LIVE_REPLAY_TIC|tic=1704|mle_ms=94.676|monotonic_ms=90|clock_delta_ms=4.676
|clock_suspect=0
PMLE_LIVE_REPLAY_TIC|tic=1705|mle_ms=18.2|monotonic_ms=20|clock_delta_ms=1.8|clo
ck_suspect=0
PMLE_LIVE_REPLAY_TIC|tic=1706|mle_ms=118.592|monotonic_ms=120|clock_delta_ms=1.4
08|clock_suspect=0
PMLE_LIVE_REPLAY_TIC|tic=1707|mle_ms=94.944|monotonic_ms=100|clock_delta_ms=5.05
6|clock_suspect=0
PMLE_LIVE_REPLAY_TIC|tic=1708|mle_ms=11.551|monotonic_ms=10|clock_delta_ms=1.551
|clock_suspect=0
PMLE_LIVE_REPLAY_TIC|tic=1709|mle_ms=68.262|monotonic_ms=70|clock_delta_ms=1.738
|clock_suspect=0
PMLE_LIVE_REPLAY_TIC|tic=1710|mle_ms=80.286|monotonic_ms=80|clock_delta_ms=.286|
clock_suspect=0
PMLE_LIVE_REPLAY_TIC|tic=1711|mle_ms=13.006|monotonic_ms=10|clock_delta_ms=3.006
|clock_suspect=0
PMLE_LIVE_REPLAY_TIC|tic=1712|mle_ms=17.366|monotonic_ms=20|clock_delta_ms=2.634
|clock_suspect=0
PMLE_LIVE_REPLAY_TIC|tic=1713|mle_ms=92.105|monotonic_ms=90|clock_delta_ms=2.105
|clock_suspect=0
PMLE_LIVE_REPLAY_TIC|tic=1714|mle_ms=16.488|monotonic_ms=20|clock_delta_ms=3.512
|clock_suspect=0
PMLE_LIVE_REPLAY_TIC|tic=1715|mle_ms=16.501|monotonic_ms=10|clock_delta_ms=6.501
|clock_suspect=0
PMLE_LIVE_REPLAY_TIC|tic=1716|mle_ms=110.303|monotonic_ms=110|clock_delta_ms=.30
3|clock_suspect=0
PMLE_LIVE_REPLAY_TIC|tic=1717|mle_ms=14.333|monotonic_ms=20|clock_delta_ms=5.667
|clock_suspect=0
PMLE_LIVE_REPLAY_TIC|tic=1718|mle_ms=77.454|monotonic_ms=70|clock_delta_ms=7.454
|clock_suspect=0
PMLE_LIVE_REPLAY_TIC|tic=1719|mle_ms=87.707|monotonic_ms=90|clock_delta_ms=2.293
|clock_suspect=0
PMLE_LIVE_REPLAY_TIC|tic=1720|mle_ms=10.823|monotonic_ms=10|clock_delta_ms=.823|
clock_suspect=0
PMLE_LIVE_REPLAY_TIC|tic=1721|mle_ms=67.881|monotonic_ms=70|clock_delta_ms=2.119
|clock_suspect=0
PMLE_LIVE_REPLAY_TIC|tic=1722|mle_ms=93.118|monotonic_ms=90|clock_delta_ms=3.118
|clock_suspect=0
PMLE_LIVE_REPLAY_TIC|tic=1723|mle_ms=24.342|monotonic_ms=30|clock_delta_ms=5.658
|clock_suspect=0
PMLE_LIVE_REPLAY_TIC|tic=1724|mle_ms=89.701|monotonic_ms=90|clock_delta_ms=.299|
clock_suspect=0
PMLE_LIVE_REPLAY_TIC|tic=1725|mle_ms=30.579|monotonic_ms=30|clock_delta_ms=.579|
clock_suspect=0
PMLE_LIVE_REPLAY_TIC|tic=1726|mle_ms=49.63|monotonic_ms=50|clock_delta_ms=.37|cl
ock_suspect=0
PMLE_LIVE_REPLAY_TIC|tic=1727|mle_ms=58.041|monotonic_ms=60|clock_delta_ms=1.959
|clock_suspect=0
PMLE_LIVE_REPLAY_TIC|tic=1728|mle_ms=31.446|monotonic_ms=30|clock_delta_ms=1.446
|clock_suspect=0
PMLE_LIVE_REPLAY_TIC|tic=1729|mle_ms=13.958|monotonic_ms=10|clock_delta_ms=3.958
|clock_suspect=0
PMLE_LIVE_REPLAY_TIC|tic=1730|mle_ms=91.274|monotonic_ms=90|clock_delta_ms=1.274
|clock_suspect=0
PMLE_LIVE_REPLAY_TIC|tic=1731|mle_ms=35.598|monotonic_ms=40|clock_delta_ms=4.402
|clock_suspect=0
PMLE_LIVE_REPLAY_TIC|tic=1732|mle_ms=14.842|monotonic_ms=10|clock_delta_ms=4.842
|clock_suspect=0
PMLE_LIVE_REPLAY_TIC|tic=1733|mle_ms=88.789|monotonic_ms=90|clock_delta_ms=1.211
|clock_suspect=0
PMLE_LIVE_REPLAY_TIC|tic=1734|mle_ms=43.085|monotonic_ms=50|clock_delta_ms=6.915
|clock_suspect=0
PMLE_LIVE_REPLAY_TIC|tic=1735|mle_ms=12.551|monotonic_ms=10|clock_delta_ms=2.551
|clock_suspect=0
PMLE_LIVE_REPLAY_TIC|tic=1736|mle_ms=119.955|monotonic_ms=120|clock_delta_ms=.04
5|clock_suspect=0
PMLE_LIVE_REPLAY_TIC|tic=1737|mle_ms=40.843|monotonic_ms=40|clock_delta_ms=.843|
clock_suspect=0
PMLE_LIVE_REPLAY_TIC|tic=1738|mle_ms=14.113|monotonic_ms=10|clock_delta_ms=4.113
|clock_suspect=0
PMLE_LIVE_REPLAY_TIC|tic=1739|mle_ms=68.071|monotonic_ms=70|clock_delta_ms=1.929
|clock_suspect=0
PMLE_LIVE_REPLAY_TIC|tic=1740|mle_ms=29.692|monotonic_ms=30|clock_delta_ms=.308|
clock_suspect=0
PMLE_LIVE_REPLAY_TIC|tic=1741|mle_ms=11.037|monotonic_ms=10|clock_delta_ms=1.037
|clock_suspect=0
PMLE_LIVE_REPLAY_TIC|tic=1742|mle_ms=17.413|monotonic_ms=20|clock_delta_ms=2.587
|clock_suspect=0
PMLE_LIVE_REPLAY_TIC|tic=1743|mle_ms=43.544|monotonic_ms=40|clock_delta_ms=3.544
|clock_suspect=0
PMLE_LIVE_REPLAY_TIC|tic=1744|mle_ms=17.622|monotonic_ms=20|clock_delta_ms=2.378
|clock_suspect=0
PMLE_LIVE_REPLAY_TIC|tic=1745|mle_ms=16.827|monotonic_ms=20|clock_delta_ms=3.173
|clock_suspect=0
PMLE_LIVE_REPLAY_TIC|tic=1746|mle_ms=55.222|monotonic_ms=50|clock_delta_ms=5.222
|clock_suspect=0
PMLE_LIVE_REPLAY_TIC|tic=1747|mle_ms=11.771|monotonic_ms=20|clock_delta_ms=8.229
|clock_suspect=0
PMLE_LIVE_REPLAY_TIC|tic=1748|mle_ms=18.859|monotonic_ms=10|clock_delta_ms=8.859
|clock_suspect=0
PMLE_LIVE_REPLAY_TIC|tic=1749|mle_ms=27.772|monotonic_ms=30|clock_delta_ms=2.228
|clock_suspect=0
PMLE_LIVE_REPLAY_TIC|tic=1750|mle_ms=10.896|monotonic_ms=10|clock_delta_ms=.896|
clock_suspect=0
PMLE_LIVE_REPLAY_TIC|tic=1751|mle_ms=14.705|monotonic_ms=20|clock_delta_ms=5.295
|clock_suspect=0
PMLE_LIVE_REPLAY_TIC|tic=1752|mle_ms=82.638|monotonic_ms=80|clock_delta_ms=2.638
|clock_suspect=0
PMLE_LIVE_REPLAY_TIC|tic=1753|mle_ms=22.96|monotonic_ms=20|clock_delta_ms=2.96|c
lock_suspect=0
PMLE_LIVE_REPLAY_TIC|tic=1754|mle_ms=19.554|monotonic_ms=20|clock_delta_ms=.446|
clock_suspect=0
PMLE_LIVE_REPLAY_TIC|tic=1755|mle_ms=93.774|monotonic_ms=100|clock_delta_ms=6.22
6|clock_suspect=0
PMLE_LIVE_REPLAY_TIC|tic=1756|mle_ms=45.91|monotonic_ms=40|clock_delta_ms=5.91|c
lock_suspect=0
PMLE_LIVE_REPLAY_TIC|tic=1757|mle_ms=15.077|monotonic_ms=20|clock_delta_ms=4.923
|clock_suspect=0
PMLE_LIVE_REPLAY_TIC|tic=1758|mle_ms=66.499|monotonic_ms=70|clock_delta_ms=3.501
|clock_suspect=0
PMLE_LIVE_REPLAY_TIC|tic=1759|mle_ms=12.566|monotonic_ms=10|clock_delta_ms=2.566
|clock_suspect=0
PMLE_LIVE_REPLAY_TIC|tic=1760|mle_ms=54.55|monotonic_ms=50|clock_delta_ms=4.55|c
lock_suspect=0
PMLE_LIVE_REPLAY_TIC|tic=1761|mle_ms=66.687|monotonic_ms=70|clock_delta_ms=3.313
|clock_suspect=0
PMLE_LIVE_REPLAY_TIC|tic=1762|mle_ms=50.356|monotonic_ms=50|clock_delta_ms=.356|
clock_suspect=0
PMLE_LIVE_REPLAY_TIC|tic=1763|mle_ms=68.836|monotonic_ms=70|clock_delta_ms=1.164
|clock_suspect=0
PMLE_LIVE_REPLAY_TIC|tic=1764|mle_ms=68.313|monotonic_ms=70|clock_delta_ms=1.687
|clock_suspect=0
PMLE_LIVE_REPLAY_TIC|tic=1765|mle_ms=12.379|monotonic_ms=10|clock_delta_ms=2.379
|clock_suspect=0
PMLE_LIVE_REPLAY_TIC|tic=1766|mle_ms=83.862|monotonic_ms=80|clock_delta_ms=3.862
|clock_suspect=0
PMLE_LIVE_REPLAY_TIC|tic=1767|mle_ms=61.66|monotonic_ms=70|clock_delta_ms=8.34|c
lock_suspect=0
PMLE_LIVE_REPLAY_TIC|tic=1768|mle_ms=13.518|monotonic_ms=10|clock_delta_ms=3.518
|clock_suspect=0
PMLE_LIVE_REPLAY_TIC|tic=1769|mle_ms=71.529|monotonic_ms=70|clock_delta_ms=1.529
|clock_suspect=0
PMLE_LIVE_REPLAY_TIC|tic=1770|mle_ms=64.3|monotonic_ms=60|clock_delta_ms=4.3|clo
ck_suspect=0
PMLE_LIVE_REPLAY_TIC|tic=1771|mle_ms=15.743|monotonic_ms=20|clock_delta_ms=4.257
|clock_suspect=0
PMLE_LIVE_REPLAY_TIC|tic=1772|mle_ms=67.876|monotonic_ms=70|clock_delta_ms=2.124
|clock_suspect=0
PMLE_LIVE_REPLAY_TIC|tic=1773|mle_ms=84.4|monotonic_ms=80|clock_delta_ms=4.4|clo
ck_suspect=0
PMLE_LIVE_REPLAY_TIC|tic=1774|mle_ms=18.381|monotonic_ms=20|clock_delta_ms=1.619
|clock_suspect=0
PMLE_LIVE_REPLAY_TIC|tic=1775|mle_ms=60.651|monotonic_ms=60|clock_delta_ms=.651|
clock_suspect=0
PMLE_LIVE_REPLAY_TIC|tic=1776|mle_ms=110.676|monotonic_ms=110|clock_delta_ms=.67
6|clock_suspect=0
PMLE_LIVE_REPLAY_TIC|tic=1777|mle_ms=11.662|monotonic_ms=10|clock_delta_ms=1.662
|clock_suspect=0
PMLE_LIVE_REPLAY_TIC|tic=1778|mle_ms=62.497|monotonic_ms=70|clock_delta_ms=7.503
|clock_suspect=0
PMLE_LIVE_REPLAY_TIC|tic=1779|mle_ms=63.207|monotonic_ms=60|clock_delta_ms=3.207
|clock_suspect=0
PMLE_LIVE_REPLAY_TIC|tic=1780|mle_ms=10.533|monotonic_ms=10|clock_delta_ms=.533|
clock_suspect=0
PMLE_LIVE_REPLAY_TIC|tic=1781|mle_ms=49.102|monotonic_ms=50|clock_delta_ms=.898|
clock_suspect=0
PMLE_LIVE_REPLAY_TIC|tic=1782|mle_ms=82.919|monotonic_ms=80|clock_delta_ms=2.919
|clock_suspect=0
PMLE_LIVE_REPLAY_TIC|tic=1783|mle_ms=169.029|monotonic_ms=170|clock_delta_ms=.97
1|clock_suspect=0
PMLE_LIVE_REPLAY_TIC|tic=1784|mle_ms=25.234|monotonic_ms=30|clock_delta_ms=4.766
|clock_suspect=0
PMLE_LIVE_REPLAY_TIC|tic=1785|mle_ms=73.13|monotonic_ms=70|clock_delta_ms=3.13|c
lock_suspect=0
PMLE_LIVE_REPLAY_TIC|tic=1786|mle_ms=149.622|monotonic_ms=150|clock_delta_ms=.37
8|clock_suspect=0
PMLE_LIVE_REPLAY_TIC|tic=1787|mle_ms=21.477|monotonic_ms=20|clock_delta_ms=1.477
|clock_suspect=0
PMLE_LIVE_REPLAY_TIC|tic=1788|mle_ms=75.358|monotonic_ms=80|clock_delta_ms=4.642
|clock_suspect=0
PMLE_LIVE_REPLAY_TIC|tic=1789|mle_ms=15.703|monotonic_ms=10|clock_delta_ms=5.703
|clock_suspect=0
PMLE_LIVE_REPLAY_TIC|tic=1790|mle_ms=65.335|monotonic_ms=70|clock_delta_ms=4.665
|clock_suspect=0
PMLE_LIVE_REPLAY_TIC|tic=1791|mle_ms=73.34|monotonic_ms=70|clock_delta_ms=3.34|c
lock_suspect=0
PMLE_LIVE_REPLAY_TIC|tic=1792|mle_ms=14.217|monotonic_ms=20|clock_delta_ms=5.783
|clock_suspect=0
PMLE_LIVE_REPLAY_TIC|tic=1793|mle_ms=72.299|monotonic_ms=70|clock_delta_ms=2.299
|clock_suspect=0
PMLE_LIVE_REPLAY_TIC|tic=1794|mle_ms=75.586|monotonic_ms=70|clock_delta_ms=5.586
|clock_suspect=0
PMLE_LIVE_REPLAY_TIC|tic=1795|mle_ms=15.681|monotonic_ms=20|clock_delta_ms=4.319
|clock_suspect=0
PMLE_LIVE_REPLAY_TIC|tic=1796|mle_ms=114.563|monotonic_ms=110|clock_delta_ms=4.5
63|clock_suspect=0
PMLE_LIVE_REPLAY_TIC|tic=1797|mle_ms=71.621|monotonic_ms=80|clock_delta_ms=8.379
|clock_suspect=0
PMLE_LIVE_REPLAY_TIC|tic=1798|mle_ms=14.589|monotonic_ms=10|clock_delta_ms=4.589
|clock_suspect=0
PMLE_LIVE_REPLAY_TIC|tic=1799|mle_ms=86.241|monotonic_ms=90|clock_delta_ms=3.759
|clock_suspect=0
PMLE_LIVE_REPLAY_TIC|tic=1800|mle_ms=96.358|monotonic_ms=90|clock_delta_ms=6.358
|clock_suspect=0
PMLE_LIVE_REPLAY_TIC|tic=1801|mle_ms=13.447|monotonic_ms=20|clock_delta_ms=6.553
|clock_suspect=0
PMLE_LIVE_REPLAY_TIC|tic=1802|mle_ms=62.442|monotonic_ms=60|clock_delta_ms=2.442
|clock_suspect=0
PMLE_LIVE_REPLAY_TIC|tic=1803|mle_ms=76.954|monotonic_ms=80|clock_delta_ms=3.046
|clock_suspect=0
PMLE_LIVE_REPLAY_TIC|tic=1804|mle_ms=20.148|monotonic_ms=20|clock_delta_ms=.148|
clock_suspect=0
PMLE_LIVE_REPLAY_TIC|tic=1805|mle_ms=71.452|monotonic_ms=70|clock_delta_ms=1.452
|clock_suspect=0
PMLE_LIVE_REPLAY_TIC|tic=1806|mle_ms=112.954|monotonic_ms=110|clock_delta_ms=2.9
54|clock_suspect=0
PMLE_LIVE_REPLAY_TIC|tic=1807|mle_ms=15.384|monotonic_ms=20|clock_delta_ms=4.616
|clock_suspect=0
PMLE_LIVE_REPLAY_TIC|tic=1808|mle_ms=57.544|monotonic_ms=50|clock_delta_ms=7.544
|clock_suspect=0
PMLE_LIVE_REPLAY_TIC|tic=1809|mle_ms=66.036|monotonic_ms=70|clock_delta_ms=3.964
|clock_suspect=0
PMLE_LIVE_REPLAY_TIC|tic=1810|mle_ms=19.153|monotonic_ms=20|clock_delta_ms=.847|
clock_suspect=0
PMLE_LIVE_REPLAY_TIC|tic=1811|mle_ms=68.177|monotonic_ms=70|clock_delta_ms=1.823
|clock_suspect=0
PMLE_LIVE_REPLAY_TIC|tic=1812|mle_ms=86.395|monotonic_ms=80|clock_delta_ms=6.395
|clock_suspect=0
PMLE_LIVE_REPLAY_TIC|tic=1813|mle_ms=31.061|monotonic_ms=30|clock_delta_ms=1.061
|clock_suspect=0
PMLE_LIVE_REPLAY_TIC|tic=1814|mle_ms=68.377|monotonic_ms=70|clock_delta_ms=1.623
|clock_suspect=0
PMLE_LIVE_REPLAY_TIC|tic=1815|mle_ms=90.698|monotonic_ms=90|clock_delta_ms=.698|
clock_suspect=0
PMLE_LIVE_REPLAY_TIC|tic=1816|mle_ms=48.566|monotonic_ms=50|clock_delta_ms=1.434
|clock_suspect=0
PMLE_LIVE_REPLAY_TIC|tic=1817|mle_ms=58.658|monotonic_ms=60|clock_delta_ms=1.342
|clock_suspect=0
PMLE_LIVE_REPLAY_TIC|tic=1818|mle_ms=113.224|monotonic_ms=110|clock_delta_ms=3.2
24|clock_suspect=0
PMLE_LIVE_REPLAY_TIC|tic=1819|mle_ms=21.868|monotonic_ms=30|clock_delta_ms=8.132
|clock_suspect=0
PMLE_LIVE_REPLAY_TIC|tic=1820|mle_ms=77.579|monotonic_ms=70|clock_delta_ms=7.579
|clock_suspect=0
PMLE_LIVE_REPLAY_TIC|tic=1821|mle_ms=101.151|monotonic_ms=100|clock_delta_ms=1.1
51|clock_suspect=0
PMLE_LIVE_REPLAY_TIC|tic=1822|mle_ms=28.627|monotonic_ms=20|clock_delta_ms=8.627
|clock_suspect=0
PMLE_LIVE_REPLAY_TIC|tic=1823|mle_ms=94.783|monotonic_ms=100|clock_delta_ms=5.21
7|clock_suspect=0
PMLE_LIVE_REPLAY_TIC|tic=1824|mle_ms=87.668|monotonic_ms=90|clock_delta_ms=2.332
|clock_suspect=0
PMLE_LIVE_REPLAY_TIC|tic=1825|mle_ms=22.608|monotonic_ms=20|clock_delta_ms=2.608
|clock_suspect=0
PMLE_LIVE_REPLAY_TIC|tic=1826|mle_ms=109.126|monotonic_ms=110|clock_delta_ms=.87
4|clock_suspect=0
PMLE_LIVE_REPLAY_TIC|tic=1827|mle_ms=79.342|monotonic_ms=80|clock_delta_ms=.658|
clock_suspect=0
PMLE_LIVE_REPLAY_TIC|tic=1828|mle_ms=22.517|monotonic_ms=20|clock_delta_ms=2.517
|clock_suspect=0
PMLE_LIVE_REPLAY_TIC|tic=1829|mle_ms=72.714|monotonic_ms=70|clock_delta_ms=2.714
|clock_suspect=0
PMLE_LIVE_REPLAY_TIC|tic=1830|mle_ms=94.673|monotonic_ms=100|clock_delta_ms=5.32
7|clock_suspect=0
PMLE_LIVE_REPLAY_TIC|tic=1831|mle_ms=25.845|monotonic_ms=20|clock_delta_ms=5.845
|clock_suspect=0
PMLE_LIVE_REPLAY_TIC|tic=1832|mle_ms=108.562|monotonic_ms=110|clock_delta_ms=1.4
38|clock_suspect=0
PMLE_LIVE_REPLAY_TIC|tic=1833|mle_ms=113.068|monotonic_ms=120|clock_delta_ms=6.9
32|clock_suspect=0
PMLE_LIVE_REPLAY_TIC|tic=1834|mle_ms=32.303|monotonic_ms=30|clock_delta_ms=2.303
|clock_suspect=0
PMLE_LIVE_REPLAY_TIC|tic=1835|mle_ms=74.962|monotonic_ms=70|clock_delta_ms=4.962
|clock_suspect=0
PMLE_LIVE_REPLAY_TIC|tic=1836|mle_ms=112.687|monotonic_ms=120|clock_delta_ms=7.3
13|clock_suspect=0
PMLE_LIVE_REPLAY_TIC|tic=1837|mle_ms=31.369|monotonic_ms=30|clock_delta_ms=1.369
|clock_suspect=0
PMLE_LIVE_REPLAY_TIC|tic=1838|mle_ms=62.778|monotonic_ms=60|clock_delta_ms=2.778
|clock_suspect=0
PMLE_LIVE_REPLAY_TIC|tic=1839|mle_ms=77.229|monotonic_ms=80|clock_delta_ms=2.771
|clock_suspect=0
PMLE_LIVE_REPLAY_TIC|tic=1840|mle_ms=18.59|monotonic_ms=20|clock_delta_ms=1.41|c
lock_suspect=0
PMLE_LIVE_REPLAY_TIC|tic=1841|mle_ms=68.466|monotonic_ms=60|clock_delta_ms=8.466
|clock_suspect=0
PMLE_LIVE_REPLAY_TIC|tic=1842|mle_ms=121.94|monotonic_ms=130|clock_delta_ms=8.06
|clock_suspect=0
PMLE_LIVE_REPLAY_TIC|tic=1843|mle_ms=33.126|monotonic_ms=30|clock_delta_ms=3.126
|clock_suspect=0
PMLE_LIVE_REPLAY_TIC|tic=1844|mle_ms=75.733|monotonic_ms=80|clock_delta_ms=4.267
|clock_suspect=0
PMLE_LIVE_REPLAY_TIC|tic=1845|mle_ms=82.518|monotonic_ms=80|clock_delta_ms=2.518
|clock_suspect=0
PMLE_LIVE_REPLAY_TIC|tic=1846|mle_ms=50.303|monotonic_ms=50|clock_delta_ms=.303|
clock_suspect=0
PMLE_LIVE_REPLAY_TIC|tic=1847|mle_ms=69.787|monotonic_ms=70|clock_delta_ms=.213|
clock_suspect=0
PMLE_LIVE_REPLAY_TIC|tic=1848|mle_ms=100.303|monotonic_ms=100|clock_delta_ms=.30
3|clock_suspect=0
PMLE_LIVE_REPLAY_TIC|tic=1849|mle_ms=19.11|monotonic_ms=20|clock_delta_ms=.89|cl
ock_suspect=0
PMLE_LIVE_REPLAY_TIC|tic=1850|mle_ms=91.577|monotonic_ms=90|clock_delta_ms=1.577
|clock_suspect=0
PMLE_LIVE_REPLAY_TIC|tic=1851|mle_ms=78.481|monotonic_ms=80|clock_delta_ms=1.519
|clock_suspect=0
PMLE_LIVE_REPLAY_TIC|tic=1852|mle_ms=20.483|monotonic_ms=20|clock_delta_ms=.483|
clock_suspect=0
PMLE_LIVE_REPLAY_TIC|tic=1853|mle_ms=79.935|monotonic_ms=80|clock_delta_ms=.065|
clock_suspect=0
PMLE_LIVE_REPLAY_TIC|tic=1854|mle_ms=104.039|monotonic_ms=100|clock_delta_ms=4.0
39|clock_suspect=0
PMLE_LIVE_REPLAY_TIC|tic=1855|mle_ms=19.031|monotonic_ms=20|clock_delta_ms=.969|
clock_suspect=0
PMLE_LIVE_REPLAY_TIC|tic=1856|mle_ms=112.978|monotonic_ms=120|clock_delta_ms=7.0
22|clock_suspect=0
PMLE_LIVE_REPLAY_TIC|tic=1857|mle_ms=91.978|monotonic_ms=90|clock_delta_ms=1.978
|clock_suspect=0
PMLE_LIVE_REPLAY_TIC|tic=1858|mle_ms=20.416|monotonic_ms=20|clock_delta_ms=.416|
clock_suspect=0
PMLE_LIVE_REPLAY_TIC|tic=1859|mle_ms=71.692|monotonic_ms=70|clock_delta_ms=1.692
|clock_suspect=0
PMLE_LIVE_REPLAY_TIC|tic=1860|mle_ms=98.023|monotonic_ms=100|clock_delta_ms=1.97
7|clock_suspect=0
PMLE_LIVE_REPLAY_TIC|tic=1861|mle_ms=19.102|monotonic_ms=20|clock_delta_ms=.898|
clock_suspect=0
PMLE_LIVE_REPLAY_TIC|tic=1862|mle_ms=71.689|monotonic_ms=70|clock_delta_ms=1.689
|clock_suspect=0
PMLE_LIVE_REPLAY_TIC|tic=1863|mle_ms=86.59|monotonic_ms=90|clock_delta_ms=3.41|c
lock_suspect=0
PMLE_LIVE_REPLAY_TIC|tic=1864|mle_ms=24.651|monotonic_ms=20|clock_delta_ms=4.651
|clock_suspect=0
PMLE_LIVE_REPLAY_TIC|tic=1865|mle_ms=81.978|monotonic_ms=80|clock_delta_ms=1.978
|clock_suspect=0
PMLE_LIVE_REPLAY_TIC|tic=1866|mle_ms=98.165|monotonic_ms=100|clock_delta_ms=1.83
5|clock_suspect=0
PMLE_LIVE_REPLAY_TIC|tic=1867|mle_ms=21.36|monotonic_ms=20|clock_delta_ms=1.36|c
lock_suspect=0
PMLE_LIVE_REPLAY_TIC|tic=1868|mle_ms=116.588|monotonic_ms=120|clock_delta_ms=3.4
12|clock_suspect=0
PMLE_LIVE_REPLAY_TIC|tic=1869|mle_ms=79.968|monotonic_ms=80|clock_delta_ms=.032|
clock_suspect=0
PMLE_LIVE_REPLAY_TIC|tic=1870|mle_ms=19.625|monotonic_ms=20|clock_delta_ms=.375|
clock_suspect=0
PMLE_LIVE_REPLAY_TIC|tic=1871|mle_ms=76.135|monotonic_ms=70|clock_delta_ms=6.135
|clock_suspect=0
PMLE_LIVE_REPLAY_TIC|tic=1872|mle_ms=86.742|monotonic_ms=90|clock_delta_ms=3.258
|clock_suspect=0
PMLE_LIVE_REPLAY_TIC|tic=1873|mle_ms=21.958|monotonic_ms=20|clock_delta_ms=1.958
|clock_suspect=0
PMLE_LIVE_REPLAY_TIC|tic=1874|mle_ms=105.063|monotonic_ms=110|clock_delta_ms=4.9
37|clock_suspect=0
PMLE_LIVE_REPLAY_TIC|tic=1875|mle_ms=105.068|monotonic_ms=100|clock_delta_ms=5.0
68|clock_suspect=0
PMLE_LIVE_REPLAY_TIC|tic=1876|mle_ms=33.027|monotonic_ms=40|clock_delta_ms=6.973
|clock_suspect=0
PMLE_LIVE_REPLAY_TIC|tic=1877|mle_ms=87.336|monotonic_ms=80|clock_delta_ms=7.336
|clock_suspect=0
PMLE_LIVE_REPLAY_TIC|tic=1878|mle_ms=64.17|monotonic_ms=70|clock_delta_ms=5.83|c
lock_suspect=0
PMLE_LIVE_REPLAY_TIC|tic=1879|mle_ms=13.437|monotonic_ms=10|clock_delta_ms=3.437
|clock_suspect=0
PMLE_LIVE_REPLAY_TIC|tic=1880|mle_ms=78.417|monotonic_ms=80|clock_delta_ms=1.583
|clock_suspect=0
PMLE_LIVE_REPLAY_TIC|tic=1881|mle_ms=63.866|monotonic_ms=60|clock_delta_ms=3.866
|clock_suspect=0
PMLE_LIVE_REPLAY_TIC|tic=1882|mle_ms=96.341|monotonic_ms=100|clock_delta_ms=3.65
9|clock_suspect=0
PMLE_LIVE_REPLAY_TIC|tic=1883|mle_ms=75.508|monotonic_ms=80|clock_delta_ms=4.492
|clock_suspect=0
PMLE_LIVE_REPLAY_TIC|tic=1884|mle_ms=65.915|monotonic_ms=60|clock_delta_ms=5.915
|clock_suspect=0
PMLE_LIVE_REPLAY_TIC|tic=1885|mle_ms=11.162|monotonic_ms=10|clock_delta_ms=1.162
|clock_suspect=0
PMLE_LIVE_REPLAY_TIC|tic=1886|mle_ms=86.028|monotonic_ms=90|clock_delta_ms=3.972
|clock_suspect=0
PMLE_LIVE_REPLAY_TIC|tic=1887|mle_ms=70.494|monotonic_ms=70|clock_delta_ms=.494|
clock_suspect=0
PMLE_LIVE_REPLAY_TIC|tic=1888|mle_ms=12.03|monotonic_ms=10|clock_delta_ms=2.03|c
lock_suspect=0
PMLE_LIVE_REPLAY_TIC|tic=1889|mle_ms=16.502|monotonic_ms=20|clock_delta_ms=3.498
|clock_suspect=0
PMLE_LIVE_REPLAY_TIC|tic=1890|mle_ms=75.778|monotonic_ms=70|clock_delta_ms=5.778
|clock_suspect=0
PMLE_LIVE_REPLAY_TIC|tic=1891|mle_ms=11.651|monotonic_ms=20|clock_delta_ms=8.349
|clock_suspect=0
PMLE_LIVE_REPLAY_TIC|tic=1892|mle_ms=17.648|monotonic_ms=10|clock_delta_ms=7.648
|clock_suspect=0
PMLE_LIVE_REPLAY_TIC|tic=1893|mle_ms=83.206|monotonic_ms=90|clock_delta_ms=6.794
|clock_suspect=0
PMLE_LIVE_REPLAY_TIC|tic=1894|mle_ms=16.004|monotonic_ms=10|clock_delta_ms=6.004
|clock_suspect=0
PMLE_LIVE_REPLAY_TIC|tic=1895|mle_ms=41.038|monotonic_ms=40|clock_delta_ms=1.038
|clock_suspect=0
PMLE_LIVE_REPLAY_TIC|tic=1896|mle_ms=94.838|monotonic_ms=100|clock_delta_ms=5.16
2|clock_suspect=0
PMLE_LIVE_REPLAY_TIC|tic=1897|mle_ms=16.516|monotonic_ms=20|clock_delta_ms=3.484
|clock_suspect=0
PMLE_LIVE_REPLAY_TIC|tic=1898|mle_ms=55.416|monotonic_ms=50|clock_delta_ms=5.416
|clock_suspect=0
PMLE_LIVE_REPLAY_TIC|tic=1899|mle_ms=78.566|monotonic_ms=80|clock_delta_ms=1.434
|clock_suspect=0
PMLE_LIVE_REPLAY_TIC|tic=1900|mle_ms=17.935|monotonic_ms=20|clock_delta_ms=2.065
|clock_suspect=0
PMLE_LIVE_REPLAY_TIC|tic=1901|mle_ms=53.64|monotonic_ms=50|clock_delta_ms=3.64|c
lock_suspect=0
PMLE_LIVE_REPLAY_TIC|tic=1902|mle_ms=79.141|monotonic_ms=80|clock_delta_ms=.859|
clock_suspect=0
PMLE_LIVE_REPLAY_TIC|tic=1903|mle_ms=26.886|monotonic_ms=30|clock_delta_ms=3.114
|clock_suspect=0
PMLE_LIVE_REPLAY_TIC|tic=1904|mle_ms=73.475|monotonic_ms=70|clock_delta_ms=3.475
|clock_suspect=0
PMLE_LIVE_REPLAY_TIC|tic=1905|mle_ms=71.652|monotonic_ms=70|clock_delta_ms=1.652
|clock_suspect=0
PMLE_LIVE_REPLAY_TIC|tic=1906|mle_ms=47.127|monotonic_ms=50|clock_delta_ms=2.873
|clock_suspect=0
PMLE_LIVE_REPLAY_TIC|tic=1907|mle_ms=120.164|monotonic_ms=120|clock_delta_ms=.16
4|clock_suspect=0
PMLE_LIVE_REPLAY_TIC|tic=1908|mle_ms=73.222|monotonic_ms=70|clock_delta_ms=3.222
|clock_suspect=0
PMLE_LIVE_REPLAY_TIC|tic=1909|mle_ms=25.471|monotonic_ms=30|clock_delta_ms=4.529
|clock_suspect=0
PMLE_LIVE_REPLAY_TIC|tic=1910|mle_ms=137.623|monotonic_ms=140|clock_delta_ms=2.3
77|clock_suspect=0
PMLE_LIVE_REPLAY_TIC|tic=1911|mle_ms=83.402|monotonic_ms=80|clock_delta_ms=3.402
|clock_suspect=0
PMLE_LIVE_REPLAY_TIC|tic=1912|mle_ms=32.864|monotonic_ms=30|clock_delta_ms=2.864
|clock_suspect=0
PMLE_LIVE_REPLAY_TIC|tic=1913|mle_ms=169.77|monotonic_ms=170|clock_delta_ms=.23|
clock_suspect=0
PMLE_LIVE_REPLAY_TIC|tic=1914|mle_ms=54.687|monotonic_ms=60|clock_delta_ms=5.313
|clock_suspect=0
PMLE_LIVE_REPLAY_TIC|tic=1915|mle_ms=33.465|monotonic_ms=30|clock_delta_ms=3.465
|clock_suspect=0
PMLE_LIVE_REPLAY_TIC|tic=1916|mle_ms=201.659|monotonic_ms=200|clock_delta_ms=1.6
59|clock_suspect=0
PMLE_LIVE_REPLAY_TIC|tic=1917|mle_ms=39.024|monotonic_ms=40|clock_delta_ms=.976|
clock_suspect=0
PMLE_LIVE_REPLAY_TIC|tic=1918|mle_ms=34.43|monotonic_ms=40|clock_delta_ms=5.57|c
lock_suspect=0
PMLE_LIVE_REPLAY_TIC|tic=1919|mle_ms=94.157|monotonic_ms=90|clock_delta_ms=4.157
|clock_suspect=0
PMLE_LIVE_REPLAY_TIC|tic=1920|mle_ms=85.042|monotonic_ms=90|clock_delta_ms=4.958
|clock_suspect=0
PMLE_LIVE_REPLAY_TIC|tic=1921|mle_ms=26.936|monotonic_ms=20|clock_delta_ms=6.936
|clock_suspect=0
PMLE_LIVE_REPLAY_TIC|tic=1922|mle_ms=76.425|monotonic_ms=80|clock_delta_ms=3.575
|clock_suspect=0
PMLE_LIVE_REPLAY_TIC|tic=1923|mle_ms=97.746|monotonic_ms=100|clock_delta_ms=2.25
4|clock_suspect=0
PMLE_LIVE_REPLAY_TIC|tic=1924|mle_ms=29.953|monotonic_ms=30|clock_delta_ms=.047|
clock_suspect=0
PMLE_LIVE_REPLAY_TIC|tic=1925|mle_ms=84.046|monotonic_ms=80|clock_delta_ms=4.046
|clock_suspect=0
PMLE_LIVE_REPLAY_TIC|tic=1926|mle_ms=109.045|monotonic_ms=110|clock_delta_ms=.95
5|clock_suspect=0
PMLE_LIVE_REPLAY_TIC|tic=1927|mle_ms=16.867|monotonic_ms=20|clock_delta_ms=3.133
|clock_suspect=0
PMLE_LIVE_REPLAY_TIC|tic=1928|mle_ms=70.032|monotonic_ms=70|clock_delta_ms=.032|
clock_suspect=0
PMLE_LIVE_REPLAY_TIC|tic=1929|mle_ms=75.821|monotonic_ms=70|clock_delta_ms=5.821
|clock_suspect=0
PMLE_LIVE_REPLAY_TIC|tic=1930|mle_ms=14.37|monotonic_ms=20|clock_delta_ms=5.63|c
lock_suspect=0
PMLE_LIVE_REPLAY_TIC|tic=1931|mle_ms=66.363|monotonic_ms=60|clock_delta_ms=6.363
|clock_suspect=0
PMLE_LIVE_REPLAY_TIC|tic=1932|mle_ms=75.75|monotonic_ms=80|clock_delta_ms=4.25|c
lock_suspect=0
PMLE_LIVE_REPLAY_TIC|tic=1933|mle_ms=24.038|monotonic_ms=20|clock_delta_ms=4.038
|clock_suspect=0
PMLE_LIVE_REPLAY_TIC|tic=1934|mle_ms=82.169|monotonic_ms=90|clock_delta_ms=7.831
|clock_suspect=0
PMLE_LIVE_REPLAY_TIC|tic=1935|mle_ms=72.272|monotonic_ms=70|clock_delta_ms=2.272
|clock_suspect=0
PMLE_LIVE_REPLAY_TIC|tic=1936|mle_ms=36.024|monotonic_ms=30|clock_delta_ms=6.024
|clock_suspect=0
PMLE_LIVE_REPLAY_TIC|tic=1937|mle_ms=64.294|monotonic_ms=70|clock_delta_ms=5.706
|clock_suspect=0
PMLE_LIVE_REPLAY_TIC|tic=1938|mle_ms=76.293|monotonic_ms=70|clock_delta_ms=6.293
|clock_suspect=0
PMLE_LIVE_REPLAY_TIC|tic=1939|mle_ms=16.62|monotonic_ms=20|clock_delta_ms=3.38|c
lock_suspect=0
PMLE_LIVE_REPLAY_TIC|tic=1940|mle_ms=66.203|monotonic_ms=70|clock_delta_ms=3.797
|clock_suspect=0
PMLE_LIVE_REPLAY_TIC|tic=1941|mle_ms=105.558|monotonic_ms=100|clock_delta_ms=5.5
58|clock_suspect=0
PMLE_LIVE_REPLAY_TIC|tic=1942|mle_ms=15.9|monotonic_ms=20|clock_delta_ms=4.1|clo
ck_suspect=0
PMLE_LIVE_REPLAY_TIC|tic=1943|mle_ms=94.79|monotonic_ms=90|clock_delta_ms=4.79|c
lock_suspect=0
PMLE_LIVE_REPLAY_TIC|tic=1944|mle_ms=77.425|monotonic_ms=80|clock_delta_ms=2.575
|clock_suspect=0
PMLE_LIVE_REPLAY_TIC|tic=1945|mle_ms=12.841|monotonic_ms=10|clock_delta_ms=2.841
|clock_suspect=0
PMLE_LIVE_REPLAY_TIC|tic=1946|mle_ms=85.15|monotonic_ms=90|clock_delta_ms=4.85|c
lock_suspect=0
PMLE_LIVE_REPLAY_TIC|tic=1947|mle_ms=64.315|monotonic_ms=60|clock_delta_ms=4.315
|clock_suspect=0
PMLE_LIVE_REPLAY_TIC|tic=1948|mle_ms=8.38|monotonic_ms=10|clock_delta_ms=1.62|cl
ock_suspect=0
PMLE_LIVE_REPLAY_TIC|tic=1949|mle_ms=64.005|monotonic_ms=70|clock_delta_ms=5.995
|clock_suspect=0
PMLE_LIVE_REPLAY_TIC|tic=1950|mle_ms=67.845|monotonic_ms=60|clock_delta_ms=7.845
|clock_suspect=0
PMLE_LIVE_REPLAY_TIC|tic=1951|mle_ms=8.542|monotonic_ms=10|clock_delta_ms=1.458|
clock_suspect=0
PMLE_LIVE_REPLAY_TIC|tic=1952|mle_ms=65.437|monotonic_ms=70|clock_delta_ms=4.563
|clock_suspect=0
PMLE_LIVE_REPLAY_TIC|tic=1953|mle_ms=78.653|monotonic_ms=80|clock_delta_ms=1.347
|clock_suspect=0
PMLE_LIVE_REPLAY_TIC|tic=1954|mle_ms=12.102|monotonic_ms=10|clock_delta_ms=2.102
|clock_suspect=0
PMLE_LIVE_REPLAY_TIC|tic=1955|mle_ms=65.825|monotonic_ms=70|clock_delta_ms=4.175
|clock_suspect=0
PMLE_LIVE_REPLAY_TIC|tic=1956|mle_ms=88.947|monotonic_ms=80|clock_delta_ms=8.947
|clock_suspect=0
PMLE_LIVE_REPLAY_TIC|tic=1957|mle_ms=9.614|monotonic_ms=10|clock_delta_ms=.386|c
lock_suspect=0
PMLE_LIVE_REPLAY_TIC|tic=1958|mle_ms=71.503|monotonic_ms=80|clock_delta_ms=8.497
|clock_suspect=0
PMLE_LIVE_REPLAY_TIC|tic=1959|mle_ms=68.411|monotonic_ms=60|clock_delta_ms=8.411
|clock_suspect=0
PMLE_LIVE_REPLAY_TIC|tic=1960|mle_ms=9.293|monotonic_ms=10|clock_delta_ms=.707|c
lock_suspect=0
PMLE_LIVE_REPLAY_TIC|tic=1961|mle_ms=67.858|monotonic_ms=70|clock_delta_ms=2.142
|clock_suspect=0
PMLE_LIVE_REPLAY_TIC|tic=1962|mle_ms=83.702|monotonic_ms=90|clock_delta_ms=6.298
|clock_suspect=0
PMLE_LIVE_REPLAY_TIC|tic=1963|mle_ms=18.785|monotonic_ms=10|clock_delta_ms=8.785
|clock_suspect=0
PMLE_LIVE_REPLAY_TIC|tic=1964|mle_ms=75.336|monotonic_ms=80|clock_delta_ms=4.664
|clock_suspect=0
PMLE_LIVE_REPLAY_TIC|tic=1965|mle_ms=79.768|monotonic_ms=80|clock_delta_ms=.232|
clock_suspect=0
PMLE_LIVE_REPLAY_TIC|tic=1966|mle_ms=35.75|monotonic_ms=40|clock_delta_ms=4.25|c
lock_suspect=0
PMLE_LIVE_REPLAY_TIC|tic=1967|mle_ms=70.023|monotonic_ms=70|clock_delta_ms=.023|
clock_suspect=0
PMLE_LIVE_REPLAY_TIC|tic=1968|mle_ms=58.367|monotonic_ms=50|clock_delta_ms=8.367
|clock_suspect=0
PMLE_LIVE_REPLAY_TIC|tic=1969|mle_ms=9.803|monotonic_ms=10|clock_delta_ms=.197|c
lock_suspect=0
PMLE_LIVE_REPLAY_TIC|tic=1970|mle_ms=70.07|monotonic_ms=70|clock_delta_ms=.07|cl
ock_suspect=0
PMLE_LIVE_REPLAY_TIC|tic=1971|mle_ms=62.935|monotonic_ms=70|clock_delta_ms=7.065
|clock_suspect=0
PMLE_LIVE_REPLAY_TIC|tic=1972|mle_ms=9.71|monotonic_ms=10|clock_delta_ms=.29|clo
ck_suspect=0
PMLE_LIVE_REPLAY_TIC|tic=1973|mle_ms=77.957|monotonic_ms=80|clock_delta_ms=2.043
|clock_suspect=0
PMLE_LIVE_REPLAY_TIC|tic=1974|mle_ms=66.416|monotonic_ms=60|clock_delta_ms=6.416
|clock_suspect=0
PMLE_LIVE_REPLAY_TIC|tic=1975|mle_ms=10.031|monotonic_ms=10|clock_delta_ms=.031|
clock_suspect=0
PMLE_LIVE_REPLAY_TIC|tic=1976|mle_ms=90.098|monotonic_ms=90|clock_delta_ms=.098|
clock_suspect=0
PMLE_LIVE_REPLAY_TIC|tic=1977|mle_ms=84.521|monotonic_ms=90|clock_delta_ms=5.479
|clock_suspect=0
PMLE_LIVE_REPLAY_TIC|tic=1978|mle_ms=8.692|monotonic_ms=10|clock_delta_ms=1.308|
clock_suspect=0
PMLE_LIVE_REPLAY_TIC|tic=1979|mle_ms=74.38|monotonic_ms=70|clock_delta_ms=4.38|c
lock_suspect=0
PMLE_LIVE_REPLAY_TIC|tic=1980|mle_ms=73.154|monotonic_ms=70|clock_delta_ms=3.154
|clock_suspect=0
PMLE_LIVE_REPLAY_TIC|tic=1981|mle_ms=11.169|monotonic_ms=10|clock_delta_ms=1.169
|clock_suspect=0
PMLE_LIVE_REPLAY_TIC|tic=1982|mle_ms=97.07|monotonic_ms=100|clock_delta_ms=2.93|
clock_suspect=0
PMLE_LIVE_REPLAY_TIC|tic=1983|mle_ms=70.975|monotonic_ms=70|clock_delta_ms=.975|
clock_suspect=0
PMLE_LIVE_REPLAY_TIC|tic=1984|mle_ms=14.524|monotonic_ms=20|clock_delta_ms=5.476
|clock_suspect=0
PMLE_LIVE_REPLAY_TIC|tic=1985|mle_ms=63.658|monotonic_ms=60|clock_delta_ms=3.658
|clock_suspect=0
PMLE_LIVE_REPLAY_TIC|tic=1986|mle_ms=79.12|monotonic_ms=80|clock_delta_ms=.88|cl
ock_suspect=0
PMLE_LIVE_REPLAY_TIC|tic=1987|mle_ms=7.802|monotonic_ms=10|clock_delta_ms=2.198|
clock_suspect=0
PMLE_LIVE_REPLAY_TIC|tic=1988|mle_ms=60.259|monotonic_ms=60|clock_delta_ms=.259|
clock_suspect=0
PMLE_LIVE_REPLAY_TIC|tic=1989|mle_ms=57.595|monotonic_ms=60|clock_delta_ms=2.405
|clock_suspect=0
PMLE_LIVE_REPLAY_TIC|tic=1990|mle_ms=9.552|monotonic_ms=10|clock_delta_ms=.448|c
lock_suspect=0
PMLE_LIVE_REPLAY_TIC|tic=1991|mle_ms=72.263|monotonic_ms=70|clock_delta_ms=2.263
|clock_suspect=0
PMLE_LIVE_REPLAY_TIC|tic=1992|mle_ms=60.396|monotonic_ms=60|clock_delta_ms=.396|
clock_suspect=0
PMLE_LIVE_REPLAY_TIC|tic=1993|mle_ms=17.272|monotonic_ms=20|clock_delta_ms=2.728
|clock_suspect=0
PMLE_LIVE_REPLAY_TIC|tic=1994|mle_ms=67.703|monotonic_ms=60|clock_delta_ms=7.703
|clock_suspect=0
PMLE_LIVE_REPLAY_TIC|tic=1995|mle_ms=62.934|monotonic_ms=70|clock_delta_ms=7.066
|clock_suspect=0
PMLE_LIVE_REPLAY_TIC|tic=1996|mle_ms=31.622|monotonic_ms=30|clock_delta_ms=1.622
|clock_suspect=0
PMLE_LIVE_REPLAY_TIC|tic=1997|mle_ms=60.199|monotonic_ms=60|clock_delta_ms=.199|
clock_suspect=0
PMLE_LIVE_REPLAY_TIC|tic=1998|mle_ms=62.195|monotonic_ms=60|clock_delta_ms=2.195
|clock_suspect=0
PMLE_LIVE_REPLAY_TIC|tic=1999|mle_ms=9.98|monotonic_ms=10|clock_delta_ms=.02|clo
ck_suspect=0
PMLE_LIVE_REPLAY_TIC|tic=2000|mle_ms=64.579|monotonic_ms=70|clock_delta_ms=5.421
|clock_suspect=0
PMLE_LIVE_REPLAY_TIC|tic=2001|mle_ms=78.79|monotonic_ms=80|clock_delta_ms=1.21|c
lock_suspect=0
PMLE_LIVE_REPLAY_TIC|tic=2002|mle_ms=11.594|monotonic_ms=10|clock_delta_ms=1.594
|clock_suspect=0
PMLE_LIVE_REPLAY_TIC|tic=2003|mle_ms=71.911|monotonic_ms=70|clock_delta_ms=1.911
|clock_suspect=0
PMLE_LIVE_REPLAY_TIC|tic=2004|mle_ms=78.649|monotonic_ms=80|clock_delta_ms=1.351
|clock_suspect=0
PMLE_LIVE_REPLAY_TIC|tic=2005|mle_ms=9.889|monotonic_ms=10|clock_delta_ms=.111|c
lock_suspect=0
PMLE_LIVE_REPLAY_TIC|tic=2006|mle_ms=82.013|monotonic_ms=80|clock_delta_ms=2.013
|clock_suspect=0
PMLE_LIVE_REPLAY_TIC|tic=2007|mle_ms=101.037|monotonic_ms=100|clock_delta_ms=1.0
37|clock_suspect=0
PMLE_LIVE_REPLAY_TIC|tic=2008|mle_ms=11.666|monotonic_ms=20|clock_delta_ms=8.334
|clock_suspect=0
PMLE_LIVE_REPLAY_TIC|tic=2009|mle_ms=75.146|monotonic_ms=70|clock_delta_ms=5.146
|clock_suspect=0
PMLE_LIVE_REPLAY_TIC|tic=2010|mle_ms=91.915|monotonic_ms=90|clock_delta_ms=1.915
|clock_suspect=0
PMLE_LIVE_REPLAY_TIC|tic=2011|mle_ms=12.278|monotonic_ms=20|clock_delta_ms=7.722
|clock_suspect=0
PMLE_LIVE_REPLAY_TIC|tic=2012|mle_ms=78.313|monotonic_ms=70|clock_delta_ms=8.313
|clock_suspect=0
PMLE_LIVE_REPLAY_TIC|tic=2013|mle_ms=70.261|monotonic_ms=70|clock_delta_ms=.261|
clock_suspect=0
PMLE_LIVE_REPLAY_TIC|tic=2014|mle_ms=16.949|monotonic_ms=20|clock_delta_ms=3.051
|clock_suspect=0
PMLE_LIVE_REPLAY_TIC|tic=2015|mle_ms=69.057|monotonic_ms=70|clock_delta_ms=.943|
clock_suspect=0
PMLE_LIVE_REPLAY_TIC|tic=2016|mle_ms=86.867|monotonic_ms=90|clock_delta_ms=3.133
|clock_suspect=0
PMLE_LIVE_REPLAY_TIC|tic=2017|mle_ms=10.382|monotonic_ms=10|clock_delta_ms=.382|
clock_suspect=0
PMLE_LIVE_REPLAY_TIC|tic=2018|mle_ms=108.945|monotonic_ms=110|clock_delta_ms=1.0
55|clock_suspect=0
PMLE_LIVE_REPLAY_TIC|tic=2019|mle_ms=74.219|monotonic_ms=70|clock_delta_ms=4.219
|clock_suspect=0
PMLE_LIVE_REPLAY_TIC|tic=2020|mle_ms=8.623|monotonic_ms=10|clock_delta_ms=1.377|
clock_suspect=0
PMLE_LIVE_REPLAY_TIC|tic=2021|mle_ms=65.338|monotonic_ms=70|clock_delta_ms=4.662
|clock_suspect=0
PMLE_LIVE_REPLAY_TIC|tic=2022|mle_ms=65.18|monotonic_ms=60|clock_delta_ms=5.18|c
lock_suspect=0
PMLE_LIVE_REPLAY_TIC|tic=2023|mle_ms=22.757|monotonic_ms=20|clock_delta_ms=2.757
|clock_suspect=0
PMLE_LIVE_REPLAY_TIC|tic=2024|mle_ms=67.1|monotonic_ms=70|clock_delta_ms=2.9|clo
ck_suspect=0
PMLE_LIVE_REPLAY_TIC|tic=2025|mle_ms=59.924|monotonic_ms=60|clock_delta_ms=.076|
clock_suspect=0
PMLE_LIVE_REPLAY_TIC|tic=2026|mle_ms=27.936|monotonic_ms=30|clock_delta_ms=2.064
|clock_suspect=0
PMLE_LIVE_REPLAY_TIC|tic=2027|mle_ms=66.98|monotonic_ms=70|clock_delta_ms=3.02|c
lock_suspect=0
PMLE_LIVE_REPLAY_TIC|tic=2028|mle_ms=63.704|monotonic_ms=60|clock_delta_ms=3.704
|clock_suspect=0
PMLE_LIVE_REPLAY_TIC|tic=2029|mle_ms=10.737|monotonic_ms=10|clock_delta_ms=.737|
clock_suspect=0
PMLE_LIVE_REPLAY_TIC|tic=2030|mle_ms=57.375|monotonic_ms=60|clock_delta_ms=2.625
|clock_suspect=0
PMLE_LIVE_REPLAY_TIC|tic=2031|mle_ms=63.801|monotonic_ms=60|clock_delta_ms=3.801
|clock_suspect=0
PMLE_LIVE_REPLAY_TIC|tic=2032|mle_ms=9.532|monotonic_ms=10|clock_delta_ms=.468|c
lock_suspect=0
PMLE_LIVE_REPLAY_TIC|tic=2033|mle_ms=72.751|monotonic_ms=70|clock_delta_ms=2.751
|clock_suspect=0
PMLE_LIVE_REPLAY_TIC|tic=2034|mle_ms=65.033|monotonic_ms=70|clock_delta_ms=4.967
|clock_suspect=0
PMLE_LIVE_REPLAY_TIC|tic=2035|mle_ms=9.937|monotonic_ms=10|clock_delta_ms=.063|c
lock_suspect=0
PMLE_LIVE_REPLAY_TIC|tic=2036|mle_ms=78.707|monotonic_ms=80|clock_delta_ms=1.293
|clock_suspect=0
PMLE_LIVE_REPLAY_TIC|tic=2037|mle_ms=68.118|monotonic_ms=70|clock_delta_ms=1.882
|clock_suspect=0
PMLE_LIVE_REPLAY_TIC|tic=2038|mle_ms=10.107|monotonic_ms=10|clock_delta_ms=.107|
clock_suspect=0
PMLE_LIVE_REPLAY_TIC|tic=2039|mle_ms=90.056|monotonic_ms=90|clock_delta_ms=.056|
clock_suspect=0
PMLE_LIVE_REPLAY_TIC|tic=2040|mle_ms=87.401|monotonic_ms=80|clock_delta_ms=7.401
|clock_suspect=0
PMLE_LIVE_REPLAY_TIC|tic=2041|mle_ms=9.746|monotonic_ms=10|clock_delta_ms=.254|c
lock_suspect=0
PMLE_LIVE_REPLAY_TIC|tic=2042|mle_ms=68.139|monotonic_ms=70|clock_delta_ms=1.861
|clock_suspect=0
PMLE_LIVE_REPLAY_TIC|tic=2043|mle_ms=85.477|monotonic_ms=90|clock_delta_ms=4.523
|clock_suspect=0
PMLE_LIVE_REPLAY_TIC|tic=2044|mle_ms=15.855|monotonic_ms=10|clock_delta_ms=5.855
|clock_suspect=0
PMLE_LIVE_REPLAY_TIC|tic=2045|mle_ms=67.568|monotonic_ms=70|clock_delta_ms=2.432
|clock_suspect=0
PMLE_LIVE_REPLAY_TIC|tic=2046|mle_ms=90.488|monotonic_ms=90|clock_delta_ms=.488|
clock_suspect=0
PMLE_LIVE_REPLAY_TIC|tic=2047|mle_ms=8.931|monotonic_ms=10|clock_delta_ms=1.069|
clock_suspect=0
PMLE_LIVE_REPLAY_TIC|tic=2048|mle_ms=60.023|monotonic_ms=60|clock_delta_ms=.023|
clock_suspect=0
PMLE_LIVE_REPLAY_TIC|tic=2049|mle_ms=68.368|monotonic_ms=70|clock_delta_ms=1.632
|clock_suspect=0
PMLE_LIVE_REPLAY_TIC|tic=2050|mle_ms=8.353|monotonic_ms=10|clock_delta_ms=1.647|
clock_suspect=0
PMLE_LIVE_REPLAY_TIC|tic=2051|mle_ms=67.915|monotonic_ms=70|clock_delta_ms=2.085
|clock_suspect=0
PMLE_LIVE_REPLAY_TIC|tic=2052|mle_ms=59.283|monotonic_ms=50|clock_delta_ms=9.283
|clock_suspect=0
PMLE_LIVE_REPLAY_TIC|tic=2053|mle_ms=17.624|monotonic_ms=20|clock_delta_ms=2.376
|clock_suspect=0
PMLE_LIVE_REPLAY_TIC|tic=2054|mle_ms=71.044|monotonic_ms=70|clock_delta_ms=1.044
|clock_suspect=0
PMLE_LIVE_REPLAY_TIC|tic=2055|mle_ms=58.737|monotonic_ms=60|clock_delta_ms=1.263
|clock_suspect=0
PMLE_LIVE_REPLAY_TIC|tic=2056|mle_ms=34.442|monotonic_ms=40|clock_delta_ms=5.558
|clock_suspect=0
PMLE_LIVE_REPLAY_TIC|tic=2057|mle_ms=64.782|monotonic_ms=60|clock_delta_ms=4.782
|clock_suspect=0
PMLE_LIVE_REPLAY_TIC|tic=2058|mle_ms=61.119|monotonic_ms=60|clock_delta_ms=1.119
|clock_suspect=0
PMLE_LIVE_REPLAY_TIC|tic=2059|mle_ms=8.66|monotonic_ms=10|clock_delta_ms=1.34|cl
ock_suspect=0
PMLE_LIVE_REPLAY_TIC|tic=2060|mle_ms=77.834|monotonic_ms=80|clock_delta_ms=2.166
|clock_suspect=0
PMLE_LIVE_REPLAY_TIC|tic=2061|mle_ms=68.094|monotonic_ms=70|clock_delta_ms=1.906
|clock_suspect=0
PMLE_LIVE_REPLAY_TIC|tic=2062|mle_ms=11.161|monotonic_ms=10|clock_delta_ms=1.161
|clock_suspect=0
PMLE_LIVE_REPLAY_TIC|tic=2063|mle_ms=73.987|monotonic_ms=70|clock_delta_ms=3.987
|clock_suspect=0
PMLE_LIVE_REPLAY_TIC|tic=2064|mle_ms=63.928|monotonic_ms=70|clock_delta_ms=6.072
|clock_suspect=0
PMLE_LIVE_REPLAY_TIC|tic=2065|mle_ms=10.328|monotonic_ms=10|clock_delta_ms=.328|
clock_suspect=0
PMLE_LIVE_REPLAY_TIC|tic=2066|mle_ms=117.061|monotonic_ms=110|clock_delta_ms=7.0
61|clock_suspect=0
PMLE_LIVE_REPLAY_TIC|tic=2067|mle_ms=72.669|monotonic_ms=80|clock_delta_ms=7.331
|clock_suspect=0
PMLE_LIVE_REPLAY_TIC|tic=2068|mle_ms=8.306|monotonic_ms=10|clock_delta_ms=1.694|
clock_suspect=0
PMLE_LIVE_REPLAY_TIC|tic=2069|mle_ms=67.846|monotonic_ms=60|clock_delta_ms=7.846
|clock_suspect=0
PMLE_LIVE_REPLAY_TIC|tic=2070|mle_ms=57.477|monotonic_ms=60|clock_delta_ms=2.523
|clock_suspect=0
PMLE_LIVE_REPLAY_TIC|tic=2071|mle_ms=8.967|monotonic_ms=10|clock_delta_ms=1.033|
clock_suspect=0
PMLE_LIVE_REPLAY_TIC|tic=2072|mle_ms=75.734|monotonic_ms=80|clock_delta_ms=4.266
|clock_suspect=0
PMLE_LIVE_REPLAY_TIC|tic=2073|mle_ms=69.699|monotonic_ms=70|clock_delta_ms=.301|
clock_suspect=0
PMLE_LIVE_REPLAY_TIC|tic=2074|mle_ms=16.234|monotonic_ms=10|clock_delta_ms=6.234
|clock_suspect=0
PMLE_LIVE_REPLAY_TIC|tic=2075|mle_ms=75.902|monotonic_ms=80|clock_delta_ms=4.098
|clock_suspect=0
PMLE_LIVE_REPLAY_TIC|tic=2076|mle_ms=80.034|monotonic_ms=80|clock_delta_ms=.034|
clock_suspect=0
PMLE_LIVE_REPLAY_TIC|tic=2077|mle_ms=8.174|monotonic_ms=10|clock_delta_ms=1.826|
clock_suspect=0
PMLE_LIVE_REPLAY_TIC|tic=2078|mle_ms=59.25|monotonic_ms=60|clock_delta_ms=.75|cl
ock_suspect=0
PMLE_LIVE_REPLAY_TIC|tic=2079|mle_ms=58.996|monotonic_ms=50|clock_delta_ms=8.996
|clock_suspect=0
PMLE_LIVE_REPLAY_TIC|tic=2080|mle_ms=7.796|monotonic_ms=0|clock_delta_ms=7.796|c
lock_suspect=0
PMLE_LIVE_REPLAY_TIC|tic=2081|mle_ms=57.617|monotonic_ms=60|clock_delta_ms=2.383
|clock_suspect=0
PMLE_LIVE_REPLAY_TIC|tic=2082|mle_ms=59.318|monotonic_ms=60|clock_delta_ms=.682|
clock_suspect=0
PMLE_LIVE_REPLAY_TIC|tic=2083|mle_ms=18.482|monotonic_ms=20|clock_delta_ms=1.518
|clock_suspect=0
PMLE_LIVE_REPLAY_TIC|tic=2084|mle_ms=67.447|monotonic_ms=70|clock_delta_ms=2.553
|clock_suspect=0
PMLE_LIVE_REPLAY_TIC|tic=2085|mle_ms=70.799|monotonic_ms=70|clock_delta_ms=.799|
clock_suspect=0
PMLE_LIVE_REPLAY_TIC|tic=2086|mle_ms=32.629|monotonic_ms=30|clock_delta_ms=2.629
|clock_suspect=0
PMLE_LIVE_REPLAY_TIC|tic=2087|mle_ms=65.196|monotonic_ms=60|clock_delta_ms=5.196
|clock_suspect=0
PMLE_LIVE_REPLAY_TIC|tic=2088|mle_ms=58.82|monotonic_ms=60|clock_delta_ms=1.18|c
lock_suspect=0
PMLE_LIVE_REPLAY_TIC|tic=2089|mle_ms=10.312|monotonic_ms=10|clock_delta_ms=.312|
clock_suspect=0
PMLE_LIVE_REPLAY_TIC|tic=2090|mle_ms=63.29|monotonic_ms=70|clock_delta_ms=6.71|c
lock_suspect=0
PMLE_LIVE_REPLAY_TIC|tic=2091|mle_ms=56.746|monotonic_ms=50|clock_delta_ms=6.746
|clock_suspect=0
PMLE_LIVE_REPLAY_TIC|tic=2092|mle_ms=9.443|monotonic_ms=10|clock_delta_ms=.557|c
lock_suspect=0
PMLE_LIVE_REPLAY_TIC|tic=2093|mle_ms=66.821|monotonic_ms=70|clock_delta_ms=3.179
|clock_suspect=0
PMLE_LIVE_REPLAY_TIC|tic=2094|mle_ms=95.586|monotonic_ms=100|clock_delta_ms=4.41
4|clock_suspect=0
PMLE_LIVE_REPLAY_TIC|tic=2095|mle_ms=9.1|monotonic_ms=10|clock_delta_ms=.9|clock
_suspect=0
PMLE_LIVE_REPLAY_TIC|tic=2096|mle_ms=95.34|monotonic_ms=90|clock_delta_ms=5.34|c
lock_suspect=0
PMLE_LIVE_REPLAY_TIC|tic=2097|mle_ms=68.986|monotonic_ms=70|clock_delta_ms=1.014
|clock_suspect=0
PMLE_LIVE_REPLAY_TIC|tic=2098|mle_ms=10.278|monotonic_ms=10|clock_delta_ms=.278|
clock_suspect=0
PMLE_LIVE_REPLAY_TIC|tic=2099|mle_ms=63.802|monotonic_ms=60|clock_delta_ms=3.802
|clock_suspect=0
PMLE_LIVE_REPLAY_TIC|tic=2100|mle_ms=61.7|monotonic_ms=70|clock_delta_ms=8.3|clo
ck_suspect=0
PMLE_LIVE_REPLAY_TIC|tic=2101|mle_ms=8.514|monotonic_ms=0|clock_delta_ms=8.514|c
lock_suspect=0
PMLE_LIVE_REPLAY_TIC|tic=2102|mle_ms=85.221|monotonic_ms=90|clock_delta_ms=4.779
|clock_suspect=0
PMLE_LIVE_REPLAY_TIC|tic=2103|mle_ms=71.502|monotonic_ms=70|clock_delta_ms=1.502
|clock_suspect=0
PMLE_LIVE_REPLAY_TIC|tic=2104|mle_ms=16.486|monotonic_ms=20|clock_delta_ms=3.514
|clock_suspect=0
PMLE_LIVE_REPLAY_TIC|tic=2105|mle_ms=79.152|monotonic_ms=80|clock_delta_ms=.848|
clock_suspect=0
PMLE_LIVE_REPLAY_TIC|tic=2106|mle_ms=90.359|monotonic_ms=90|clock_delta_ms=.359|
clock_suspect=0
PMLE_LIVE_REPLAY_TIC|tic=2107|mle_ms=8.284|monotonic_ms=10|clock_delta_ms=1.716|
clock_suspect=0
PMLE_LIVE_REPLAY_TIC|tic=2108|mle_ms=79.35|monotonic_ms=80|clock_delta_ms=.65|cl
ock_suspect=0
PMLE_LIVE_REPLAY_TIC|tic=2109|mle_ms=77.047|monotonic_ms=70|clock_delta_ms=7.047
|clock_suspect=0
PMLE_LIVE_REPLAY_TIC|tic=2110|mle_ms=11.603|monotonic_ms=10|clock_delta_ms=1.603
|clock_suspect=0
PMLE_LIVE_REPLAY_TIC|tic=2111|mle_ms=67.764|monotonic_ms=70|clock_delta_ms=2.236
|clock_suspect=0
PMLE_LIVE_REPLAY_TIC|tic=2112|mle_ms=69.928|monotonic_ms=70|clock_delta_ms=.072|
clock_suspect=0
PMLE_LIVE_REPLAY_TIC|tic=2113|mle_ms=23.044|monotonic_ms=30|clock_delta_ms=6.956
|clock_suspect=0
PMLE_LIVE_REPLAY_TIC|tic=2114|mle_ms=84.703|monotonic_ms=80|clock_delta_ms=4.703
|clock_suspect=0
PMLE_LIVE_REPLAY_TIC|tic=2115|mle_ms=61.141|monotonic_ms=60|clock_delta_ms=1.141
|clock_suspect=0
PMLE_LIVE_REPLAY_TIC|tic=2116|mle_ms=26.756|monotonic_ms=30|clock_delta_ms=3.244
|clock_suspect=0
PMLE_LIVE_REPLAY_TIC|tic=2117|mle_ms=60.008|monotonic_ms=60|clock_delta_ms=.008|
clock_suspect=0
PMLE_LIVE_REPLAY_TIC|tic=2118|mle_ms=56.97|monotonic_ms=60|clock_delta_ms=3.03|c
lock_suspect=0
PMLE_LIVE_REPLAY_TIC|tic=2119|mle_ms=10.081|monotonic_ms=10|clock_delta_ms=.081|
clock_suspect=0
PMLE_LIVE_REPLAY_TIC|tic=2120|mle_ms=61.724|monotonic_ms=60|clock_delta_ms=1.724
|clock_suspect=0
PMLE_LIVE_REPLAY_TIC|tic=2121|mle_ms=58.984|monotonic_ms=60|clock_delta_ms=1.016
|clock_suspect=0
PMLE_LIVE_REPLAY_TIC|tic=2122|mle_ms=10.826|monotonic_ms=10|clock_delta_ms=.826|
clock_suspect=0
PMLE_LIVE_REPLAY_TIC|tic=2123|mle_ms=89.324|monotonic_ms=90|clock_delta_ms=.676|
clock_suspect=0
PMLE_LIVE_REPLAY_TIC|tic=2124|mle_ms=69.1|monotonic_ms=70|clock_delta_ms=.9|cloc
k_suspect=0
PMLE_LIVE_REPLAY_TIC|tic=2125|mle_ms=9.704|monotonic_ms=10|clock_delta_ms=.296|c
lock_suspect=0
PMLE_LIVE_REPLAY_TIC|tic=2126|mle_ms=82.184|monotonic_ms=80|clock_delta_ms=2.184
|clock_suspect=0
PMLE_LIVE_REPLAY_TIC|tic=2127|mle_ms=61.015|monotonic_ms=60|clock_delta_ms=1.015
|clock_suspect=0
PMLE_LIVE_REPLAY_TIC|tic=2128|mle_ms=8.186|monotonic_ms=10|clock_delta_ms=1.814|
clock_suspect=0
PMLE_LIVE_REPLAY_TIC|tic=2129|mle_ms=59.799|monotonic_ms=60|clock_delta_ms=.201|
clock_suspect=0
PMLE_LIVE_REPLAY_TIC|tic=2130|mle_ms=61.858|monotonic_ms=60|clock_delta_ms=1.858
|clock_suspect=0
PMLE_LIVE_REPLAY_TIC|tic=2131|mle_ms=10.69|monotonic_ms=10|clock_delta_ms=.69|cl
ock_suspect=0
PMLE_LIVE_REPLAY_TIC|tic=2132|mle_ms=60.456|monotonic_ms=60|clock_delta_ms=.456|
clock_suspect=0
PMLE_LIVE_REPLAY_TIC|tic=2133|mle_ms=80.625|monotonic_ms=80|clock_delta_ms=.625|
clock_suspect=0
PMLE_LIVE_REPLAY_TIC|tic=2134|mle_ms=15.387|monotonic_ms=20|clock_delta_ms=4.613
|clock_suspect=0
PMLE_LIVE_REPLAY_TIC|tic=2135|mle_ms=63.702|monotonic_ms=60|clock_delta_ms=3.702
|clock_suspect=0
PMLE_LIVE_REPLAY_TIC|tic=2136|mle_ms=81.631|monotonic_ms=80|clock_delta_ms=1.631
|clock_suspect=0
PMLE_LIVE_REPLAY_TIC|tic=2137|mle_ms=10.02|monotonic_ms=10|clock_delta_ms=.02|cl
ock_suspect=0
PMLE_LIVE_REPLAY_TIC|tic=2138|mle_ms=58.515|monotonic_ms=60|clock_delta_ms=1.485
|clock_suspect=0
PMLE_LIVE_REPLAY_TIC|tic=2139|mle_ms=58.091|monotonic_ms=60|clock_delta_ms=1.909
|clock_suspect=0
PMLE_LIVE_REPLAY_TIC|tic=2140|mle_ms=8.361|monotonic_ms=10|clock_delta_ms=1.639|
clock_suspect=0
PMLE_LIVE_REPLAY_TIC|tic=2141|mle_ms=62.661|monotonic_ms=60|clock_delta_ms=2.661
|clock_suspect=0
PMLE_LIVE_REPLAY_TIC|tic=2142|mle_ms=60.034|monotonic_ms=60|clock_delta_ms=.034|
clock_suspect=0
PMLE_LIVE_REPLAY_TIC|tic=2143|mle_ms=17.147|monotonic_ms=20|clock_delta_ms=2.853
|clock_suspect=0
PMLE_LIVE_REPLAY_TIC|tic=2144|mle_ms=72.914|monotonic_ms=70|clock_delta_ms=2.914
|clock_suspect=0
PMLE_LIVE_REPLAY_TIC|tic=2145|mle_ms=88.137|monotonic_ms=90|clock_delta_ms=1.863
|clock_suspect=0
PMLE_LIVE_REPLAY_TIC|tic=2146|mle_ms=28.028|monotonic_ms=30|clock_delta_ms=1.972
|clock_suspect=0
PMLE_LIVE_REPLAY_TIC|tic=2147|mle_ms=68.997|monotonic_ms=70|clock_delta_ms=1.003
|clock_suspect=0
PMLE_LIVE_REPLAY_TIC|tic=2148|mle_ms=67.237|monotonic_ms=60|clock_delta_ms=7.237
|clock_suspect=0
PMLE_LIVE_REPLAY_TIC|tic=2149|mle_ms=8.761|monotonic_ms=10|clock_delta_ms=1.239|
clock_suspect=0
PMLE_LIVE_REPLAY_TIC|tic=2150|mle_ms=66.621|monotonic_ms=70|clock_delta_ms=3.379
|clock_suspect=0
PMLE_LIVE_REPLAY_TIC|tic=2151|mle_ms=66.693|monotonic_ms=70|clock_delta_ms=3.307
|clock_suspect=0
PMLE_LIVE_REPLAY_TIC|tic=2152|mle_ms=8.983|monotonic_ms=10|clock_delta_ms=1.017|
clock_suspect=0
PMLE_LIVE_REPLAY_TIC|tic=2153|mle_ms=88.272|monotonic_ms=80|clock_delta_ms=8.272
|clock_suspect=0
PMLE_LIVE_REPLAY_TIC|tic=2154|mle_ms=105.574|monotonic_ms=110|clock_delta_ms=4.4
26|clock_suspect=0
PMLE_LIVE_REPLAY_TIC|tic=2155|mle_ms=8.45|monotonic_ms=10|clock_delta_ms=1.55|cl
ock_suspect=0
PMLE_LIVE_REPLAY_TIC|tic=2156|mle_ms=123.032|monotonic_ms=120|clock_delta_ms=3.0
32|clock_suspect=0
PMLE_LIVE_REPLAY_TIC|tic=2157|mle_ms=70.545|monotonic_ms=70|clock_delta_ms=.545|
clock_suspect=0
PMLE_LIVE_REPLAY_TIC|tic=2158|mle_ms=7.945|monotonic_ms=10|clock_delta_ms=2.055|
clock_suspect=0
PMLE_LIVE_REPLAY_TIC|tic=2159|mle_ms=66.991|monotonic_ms=70|clock_delta_ms=3.009
|clock_suspect=0
PMLE_LIVE_REPLAY_TIC|tic=2160|mle_ms=66.191|monotonic_ms=60|clock_delta_ms=6.191
|clock_suspect=0
PMLE_LIVE_REPLAY_TIC|tic=2161|mle_ms=10.222|monotonic_ms=10|clock_delta_ms=.222|
clock_suspect=0
PMLE_LIVE_REPLAY_TIC|tic=2162|mle_ms=68.499|monotonic_ms=70|clock_delta_ms=1.501
|clock_suspect=0
PMLE_LIVE_REPLAY_TIC|tic=2163|mle_ms=75.298|monotonic_ms=80|clock_delta_ms=4.702
|clock_suspect=0
PMLE_LIVE_REPLAY_TIC|tic=2164|mle_ms=13.038|monotonic_ms=10|clock_delta_ms=3.038
|clock_suspect=0
PMLE_LIVE_REPLAY_TIC|tic=2165|mle_ms=69.815|monotonic_ms=70|clock_delta_ms=.185|
clock_suspect=0
PMLE_LIVE_REPLAY_TIC|tic=2166|mle_ms=86.879|monotonic_ms=90|clock_delta_ms=3.121
|clock_suspect=0
PMLE_LIVE_REPLAY_TIC|tic=2167|mle_ms=8.609|monotonic_ms=10|clock_delta_ms=1.391|
clock_suspect=0
PMLE_LIVE_REPLAY_TIC|tic=2168|mle_ms=64.201|monotonic_ms=60|clock_delta_ms=4.201
|clock_suspect=0
PMLE_LIVE_REPLAY_TIC|tic=2169|mle_ms=99.665|monotonic_ms=100|clock_delta_ms=.335
|clock_suspect=0
PMLE_LIVE_REPLAY_TIC|tic=2170|mle_ms=10.715|monotonic_ms=10|clock_delta_ms=.715|
clock_suspect=0
PMLE_LIVE_REPLAY_TIC|tic=2171|mle_ms=76.028|monotonic_ms=80|clock_delta_ms=3.972
|clock_suspect=0
PMLE_LIVE_REPLAY_TIC|tic=2172|mle_ms=76.293|monotonic_ms=70|clock_delta_ms=6.293
|clock_suspect=0
PMLE_LIVE_REPLAY_TIC|tic=2173|mle_ms=17.206|monotonic_ms=20|clock_delta_ms=2.794
|clock_suspect=0
PMLE_LIVE_REPLAY_TIC|tic=2174|mle_ms=64.668|monotonic_ms=70|clock_delta_ms=5.332
|clock_suspect=0
PMLE_LIVE_REPLAY_TIC|tic=2175|mle_ms=69.293|monotonic_ms=60|clock_delta_ms=9.293
|clock_suspect=0
PMLE_LIVE_REPLAY_TIC|tic=2176|mle_ms=30.204|monotonic_ms=30|clock_delta_ms=.204|
clock_suspect=0
PMLE_LIVE_REPLAY_TIC|tic=2177|mle_ms=58.805|monotonic_ms=60|clock_delta_ms=1.195
|clock_suspect=0
PMLE_LIVE_REPLAY_TIC|tic=2178|mle_ms=97.245|monotonic_ms=100|clock_delta_ms=2.75
5|clock_suspect=0
PMLE_LIVE_REPLAY_TIC|tic=2179|mle_ms=11.175|monotonic_ms=10|clock_delta_ms=1.175
|clock_suspect=0
PMLE_LIVE_REPLAY_TIC|tic=2180|mle_ms=68.81|monotonic_ms=70|clock_delta_ms=1.19|c
lock_suspect=0
PMLE_LIVE_REPLAY_TIC|tic=2181|mle_ms=81.773|monotonic_ms=80|clock_delta_ms=1.773
|clock_suspect=0
PMLE_LIVE_REPLAY_TIC|tic=2182|mle_ms=9.418|monotonic_ms=10|clock_delta_ms=.582|c
lock_suspect=0
PMLE_LIVE_REPLAY_TIC|tic=2183|mle_ms=70.486|monotonic_ms=70|clock_delta_ms=.486|
clock_suspect=0
PMLE_LIVE_REPLAY_TIC|tic=2184|mle_ms=73.334|monotonic_ms=80|clock_delta_ms=6.666
|clock_suspect=0
PMLE_LIVE_REPLAY_TIC|tic=2185|mle_ms=9.303|monotonic_ms=10|clock_delta_ms=.697|c
lock_suspect=0
PMLE_LIVE_REPLAY_TIC|tic=2186|mle_ms=78.819|monotonic_ms=70|clock_delta_ms=8.819
|clock_suspect=0
PMLE_LIVE_REPLAY_TIC|tic=2187|mle_ms=67.011|monotonic_ms=70|clock_delta_ms=2.989
|clock_suspect=0
PMLE_LIVE_REPLAY_TIC|tic=2188|mle_ms=8.933|monotonic_ms=10|clock_delta_ms=1.067|
clock_suspect=0
PMLE_LIVE_REPLAY_TIC|tic=2189|mle_ms=97.527|monotonic_ms=100|clock_delta_ms=2.47
3|clock_suspect=0
PMLE_LIVE_REPLAY_TIC|tic=2190|mle_ms=73.022|monotonic_ms=70|clock_delta_ms=3.022
|clock_suspect=0
PMLE_LIVE_REPLAY_TIC|tic=2191|mle_ms=9.066|monotonic_ms=10|clock_delta_ms=.934|c
lock_suspect=0
PMLE_LIVE_REPLAY_TIC|tic=2192|mle_ms=98.165|monotonic_ms=100|clock_delta_ms=1.83
5|clock_suspect=0
PMLE_LIVE_REPLAY_TIC|tic=2193|mle_ms=73.219|monotonic_ms=70|clock_delta_ms=3.219
|clock_suspect=0
PMLE_LIVE_REPLAY_TIC|tic=2194|mle_ms=12.321|monotonic_ms=10|clock_delta_ms=2.321
|clock_suspect=0
PMLE_LIVE_REPLAY_TIC|tic=2195|mle_ms=59.625|monotonic_ms=60|clock_delta_ms=.375|
clock_suspect=0
PMLE_LIVE_REPLAY_TIC|tic=2196|mle_ms=78.669|monotonic_ms=80|clock_delta_ms=1.331
|clock_suspect=0
PMLE_LIVE_REPLAY_TIC|tic=2197|mle_ms=9.162|monotonic_ms=10|clock_delta_ms=.838|c
lock_suspect=0
PMLE_LIVE_REPLAY_TIC|tic=2198|mle_ms=79.442|monotonic_ms=80|clock_delta_ms=.558|
clock_suspect=0
PMLE_LIVE_REPLAY_TIC|tic=2199|mle_ms=86.27|monotonic_ms=90|clock_delta_ms=3.73|c
lock_suspect=0
PMLE_LIVE_REPLAY_TIC|tic=2200|mle_ms=9.039|monotonic_ms=10|clock_delta_ms=.961|c
lock_suspect=0
PMLE_LIVE_REPLAY_TIC|tic=2201|mle_ms=76.626|monotonic_ms=80|clock_delta_ms=3.374
|clock_suspect=0
PMLE_LIVE_REPLAY_TIC|tic=2202|mle_ms=88.808|monotonic_ms=90|clock_delta_ms=1.192
|clock_suspect=0
PMLE_LIVE_REPLAY_TIC|tic=2203|mle_ms=17.256|monotonic_ms=20|clock_delta_ms=2.744
|clock_suspect=0
PMLE_LIVE_REPLAY_TIC|tic=2204|mle_ms=65.89|monotonic_ms=60|clock_delta_ms=5.89|c
lock_suspect=0
PMLE_LIVE_REPLAY_TIC|tic=2205|mle_ms=84.91|monotonic_ms=90|clock_delta_ms=5.09|c
lock_suspect=0
PMLE_LIVE_REPLAY_TIC|tic=2206|mle_ms=33.728|monotonic_ms=30|clock_delta_ms=3.728
|clock_suspect=0
PMLE_LIVE_REPLAY_TIC|tic=2207|mle_ms=95.59|monotonic_ms=100|clock_delta_ms=4.41|
clock_suspect=0
PMLE_LIVE_REPLAY_TIC|tic=2208|mle_ms=75.518|monotonic_ms=70|clock_delta_ms=5.518
|clock_suspect=0
PMLE_LIVE_REPLAY_TIC|tic=2209|mle_ms=12.379|monotonic_ms=20|clock_delta_ms=7.621
|clock_suspect=0
PMLE_LIVE_REPLAY_TIC|tic=2210|mle_ms=70.518|monotonic_ms=70|clock_delta_ms=.518|
clock_suspect=0
PMLE_LIVE_REPLAY_TIC|tic=2211|mle_ms=76.379|monotonic_ms=70|clock_delta_ms=6.379
|clock_suspect=0
PMLE_LIVE_REPLAY_TIC|tic=2212|mle_ms=12.622|monotonic_ms=20|clock_delta_ms=7.378
|clock_suspect=0
PMLE_LIVE_REPLAY_TIC|tic=2213|mle_ms=108.633|monotonic_ms=100|clock_delta_ms=8.6
33|clock_suspect=0
PMLE_LIVE_REPLAY_TIC|tic=2214|mle_ms=80.868|monotonic_ms=90|clock_delta_ms=9.132
|clock_suspect=0
PMLE_LIVE_REPLAY_TIC|tic=2215|mle_ms=10.948|monotonic_ms=10|clock_delta_ms=.948|
clock_suspect=0
PMLE_LIVE_REPLAY_TIC|tic=2216|mle_ms=81.615|monotonic_ms=80|clock_delta_ms=1.615
|clock_suspect=0
PMLE_LIVE_REPLAY_TIC|tic=2217|mle_ms=60.359|monotonic_ms=60|clock_delta_ms=.359|
clock_suspect=0
PMLE_LIVE_REPLAY_TIC|tic=2218|mle_ms=9.018|monotonic_ms=10|clock_delta_ms=.982|c
lock_suspect=0
PMLE_LIVE_REPLAY_TIC|tic=2219|mle_ms=56.34|monotonic_ms=50|clock_delta_ms=6.34|c
lock_suspect=0
PMLE_LIVE_REPLAY_TIC|tic=2220|mle_ms=61.01|monotonic_ms=70|clock_delta_ms=8.99|c
lock_suspect=0
PMLE_LIVE_REPLAY_TIC|tic=2221|mle_ms=8.721|monotonic_ms=0|clock_delta_ms=8.721|c
lock_suspect=0
PMLE_LIVE_REPLAY_TIC|tic=2222|mle_ms=60.128|monotonic_ms=60|clock_delta_ms=.128|
clock_suspect=0
PMLE_LIVE_REPLAY_TIC|tic=2223|mle_ms=67.235|monotonic_ms=70|clock_delta_ms=2.765
|clock_suspect=0
PMLE_LIVE_REPLAY_TIC|tic=2224|mle_ms=15.184|monotonic_ms=20|clock_delta_ms=4.816
|clock_suspect=0
PMLE_LIVE_REPLAY_TIC|tic=2225|mle_ms=62.288|monotonic_ms=60|clock_delta_ms=2.288
|clock_suspect=0
PMLE_LIVE_REPLAY_TIC|tic=2226|mle_ms=90.754|monotonic_ms=90|clock_delta_ms=.754|
clock_suspect=0
PMLE_LIVE_REPLAY_TIC|tic=2227|mle_ms=7.903|monotonic_ms=10|clock_delta_ms=2.097|
clock_suspect=0
PMLE_LIVE_REPLAY_TIC|tic=2228|mle_ms=59.32|monotonic_ms=60|clock_delta_ms=.68|cl
ock_suspect=0
PMLE_LIVE_REPLAY_TIC|tic=2229|mle_ms=62.056|monotonic_ms=60|clock_delta_ms=2.056
|clock_suspect=0
PMLE_LIVE_REPLAY_TIC|tic=2230|mle_ms=12.182|monotonic_ms=10|clock_delta_ms=2.182
|clock_suspect=0
PMLE_LIVE_REPLAY_TIC|tic=2231|mle_ms=68.592|monotonic_ms=70|clock_delta_ms=1.408
|clock_suspect=0
PMLE_LIVE_REPLAY_TIC|tic=2232|mle_ms=114.791|monotonic_ms=120|clock_delta_ms=5.2
09|clock_suspect=0
PMLE_LIVE_REPLAY_TIC|tic=2233|mle_ms=28.959|monotonic_ms=20|clock_delta_ms=8.959
|clock_suspect=0
PMLE_LIVE_REPLAY_TIC|tic=2234|mle_ms=94.919|monotonic_ms=100|clock_delta_ms=5.08
1|clock_suspect=0
PMLE_LIVE_REPLAY_TIC|tic=2235|mle_ms=60.345|monotonic_ms=60|clock_delta_ms=.345|
clock_suspect=0
PMLE_LIVE_REPLAY_TIC|tic=2236|mle_ms=31.38|monotonic_ms=30|clock_delta_ms=1.38|c
lock_suspect=0
PMLE_LIVE_REPLAY_TIC|tic=2237|mle_ms=72.452|monotonic_ms=70|clock_delta_ms=2.452
|clock_suspect=0
PMLE_LIVE_REPLAY_TIC|tic=2238|mle_ms=95.601|monotonic_ms=100|clock_delta_ms=4.39
9|clock_suspect=0
PMLE_LIVE_REPLAY_TIC|tic=2239|mle_ms=14.709|monotonic_ms=10|clock_delta_ms=4.709
|clock_suspect=0
PMLE_LIVE_REPLAY_TIC|tic=2240|mle_ms=19.061|monotonic_ms=20|clock_delta_ms=.939|
clock_suspect=0
PMLE_LIVE_REPLAY_TIC|tic=2241|mle_ms=63.264|monotonic_ms=70|clock_delta_ms=6.736
|clock_suspect=0
PMLE_LIVE_REPLAY_TIC|tic=2242|mle_ms=12.614|monotonic_ms=10|clock_delta_ms=2.614
|clock_suspect=0
PMLE_LIVE_REPLAY_TIC|tic=2243|mle_ms=37.05|monotonic_ms=40|clock_delta_ms=2.95|c
lock_suspect=0
PMLE_LIVE_REPLAY_TIC|tic=2244|mle_ms=102.064|monotonic_ms=100|clock_delta_ms=2.0
64|clock_suspect=0
PMLE_LIVE_REPLAY_TIC|tic=2245|mle_ms=15.656|monotonic_ms=10|clock_delta_ms=5.656
|clock_suspect=0
PMLE_LIVE_REPLAY_TIC|tic=2246|mle_ms=47.015|monotonic_ms=50|clock_delta_ms=2.985
|clock_suspect=0
PMLE_LIVE_REPLAY_TIC|tic=2247|mle_ms=65.254|monotonic_ms=70|clock_delta_ms=4.746
|clock_suspect=0
PMLE_LIVE_REPLAY_TIC|tic=2248|mle_ms=11.182|monotonic_ms=10|clock_delta_ms=1.182
|clock_suspect=0
PMLE_LIVE_REPLAY_TIC|tic=2249|mle_ms=16.507|monotonic_ms=10|clock_delta_ms=6.507
|clock_suspect=0
PMLE_LIVE_REPLAY_TIC|tic=2250|mle_ms=63.465|monotonic_ms=70|clock_delta_ms=6.535
|clock_suspect=0
PMLE_LIVE_REPLAY_TIC|tic=2251|mle_ms=11.125|monotonic_ms=10|clock_delta_ms=1.125
|clock_suspect=0
PMLE_LIVE_REPLAY_TIC|tic=2252|mle_ms=18.707|monotonic_ms=20|clock_delta_ms=1.293
|clock_suspect=0
PMLE_LIVE_REPLAY_TIC|tic=2253|mle_ms=65.829|monotonic_ms=60|clock_delta_ms=5.829
|clock_suspect=0
PMLE_LIVE_REPLAY_TIC|tic=2254|mle_ms=15.374|monotonic_ms=20|clock_delta_ms=4.626
|clock_suspect=0
PMLE_LIVE_REPLAY_TIC|tic=2255|mle_ms=17.826|monotonic_ms=20|clock_delta_ms=2.174
|clock_suspect=0
PMLE_LIVE_REPLAY_TIC|tic=2256|mle_ms=86.254|monotonic_ms=80|clock_delta_ms=6.254
|clock_suspect=0
PMLE_LIVE_REPLAY_TIC|tic=2257|mle_ms=11.642|monotonic_ms=20|clock_delta_ms=8.358
|clock_suspect=0
PMLE_LIVE_REPLAY_TIC|tic=2258|mle_ms=15.851|monotonic_ms=10|clock_delta_ms=5.851
|clock_suspect=0
PMLE_LIVE_REPLAY_TIC|tic=2259|mle_ms=66.513|monotonic_ms=70|clock_delta_ms=3.487
|clock_suspect=0
PMLE_LIVE_REPLAY_TIC|tic=2260|mle_ms=10.544|monotonic_ms=10|clock_delta_ms=.544|
clock_suspect=0
PMLE_LIVE_REPLAY_TIC|tic=2261|mle_ms=17.194|monotonic_ms=20|clock_delta_ms=2.806
|clock_suspect=0
PMLE_LIVE_REPLAY_TIC|tic=2262|mle_ms=65.279|monotonic_ms=60|clock_delta_ms=5.279
|clock_suspect=0
PMLE_LIVE_REPLAY_TIC|tic=2263|mle_ms=20.554|monotonic_ms=20|clock_delta_ms=.554|
clock_suspect=0
PMLE_LIVE_REPLAY_TIC|tic=2264|mle_ms=20.543|monotonic_ms=20|clock_delta_ms=.543|
clock_suspect=0
PMLE_LIVE_REPLAY_TIC|tic=2265|mle_ms=68.638|monotonic_ms=70|clock_delta_ms=1.362
|clock_suspect=0
PMLE_LIVE_REPLAY_TIC|tic=2266|mle_ms=44.006|monotonic_ms=50|clock_delta_ms=5.994
|clock_suspect=0
PMLE_LIVE_REPLAY_TIC|tic=2267|mle_ms=67.306|monotonic_ms=60|clock_delta_ms=7.306
|clock_suspect=0
PMLE_LIVE_REPLAY_TIC|tic=2268|mle_ms=15.384|monotonic_ms=20|clock_delta_ms=4.616
|clock_suspect=0
PMLE_LIVE_REPLAY_TIC|tic=2269|mle_ms=13.262|monotonic_ms=10|clock_delta_ms=3.262
|clock_suspect=0
PMLE_LIVE_REPLAY_TIC|tic=2270|mle_ms=81.104|monotonic_ms=80|clock_delta_ms=1.104
|clock_suspect=0
PMLE_LIVE_REPLAY_TIC|tic=2271|mle_ms=17.959|monotonic_ms=20|clock_delta_ms=2.041
|clock_suspect=0
PMLE_LIVE_REPLAY_TIC|tic=2272|mle_ms=16.565|monotonic_ms=20|clock_delta_ms=3.435
|clock_suspect=0
PMLE_LIVE_REPLAY_TIC|tic=2273|mle_ms=84.473|monotonic_ms=80|clock_delta_ms=4.473
|clock_suspect=0
PMLE_LIVE_REPLAY_TIC|tic=2274|mle_ms=20.382|monotonic_ms=20|clock_delta_ms=.382|
clock_suspect=0
PMLE_LIVE_REPLAY_TIC|tic=2275|mle_ms=13.077|monotonic_ms=20|clock_delta_ms=6.923
|clock_suspect=0
PMLE_LIVE_REPLAY_TIC|tic=2276|mle_ms=107.459|monotonic_ms=100|clock_delta_ms=7.4
59|clock_suspect=0
PMLE_LIVE_REPLAY_TIC|tic=2277|mle_ms=13.691|monotonic_ms=20|clock_delta_ms=6.309
|clock_suspect=0
PMLE_LIVE_REPLAY_TIC|tic=2278|mle_ms=10.468|monotonic_ms=10|clock_delta_ms=.468|
clock_suspect=0
PMLE_LIVE_REPLAY_TIC|tic=2279|mle_ms=63.146|monotonic_ms=60|clock_delta_ms=3.146
|clock_suspect=0
PMLE_LIVE_REPLAY_TIC|tic=2280|mle_ms=15.491|monotonic_ms=20|clock_delta_ms=4.509
|clock_suspect=0
PMLE_LIVE_REPLAY_TIC|tic=2281|mle_ms=11.559|monotonic_ms=10|clock_delta_ms=1.559
|clock_suspect=0
PMLE_LIVE_REPLAY_TIC|tic=2282|mle_ms=68.335|monotonic_ms=70|clock_delta_ms=1.665
|clock_suspect=0
PMLE_LIVE_REPLAY_TIC|tic=2283|mle_ms=29.21|monotonic_ms=30|clock_delta_ms=.79|cl
ock_suspect=0
PMLE_LIVE_REPLAY_TIC|tic=2284|mle_ms=17.927|monotonic_ms=10|clock_delta_ms=7.927
|clock_suspect=0
PMLE_LIVE_REPLAY_TIC|tic=2285|mle_ms=68.567|monotonic_ms=70|clock_delta_ms=1.433
|clock_suspect=0
PMLE_LIVE_REPLAY_TIC|tic=2286|mle_ms=46.315|monotonic_ms=50|clock_delta_ms=3.685
|clock_suspect=0
PMLE_LIVE_REPLAY_TIC|tic=2287|mle_ms=10.708|monotonic_ms=10|clock_delta_ms=.708|
clock_suspect=0
PMLE_LIVE_REPLAY_TIC|tic=2288|mle_ms=72.715|monotonic_ms=70|clock_delta_ms=2.715
|clock_suspect=0
PMLE_LIVE_REPLAY_TIC|tic=2289|mle_ms=16.608|monotonic_ms=20|clock_delta_ms=3.392
|clock_suspect=0
PMLE_LIVE_REPLAY_TIC|tic=2290|mle_ms=12.879|monotonic_ms=10|clock_delta_ms=2.879
|clock_suspect=0
PMLE_LIVE_REPLAY_TIC|tic=2291|mle_ms=17.333|monotonic_ms=20|clock_delta_ms=2.667
|clock_suspect=0
PMLE_LIVE_REPLAY_TIC|tic=2292|mle_ms=19.285|monotonic_ms=20|clock_delta_ms=.715|
clock_suspect=0
PMLE_LIVE_REPLAY_TIC|tic=2293|mle_ms=24.172|monotonic_ms=20|clock_delta_ms=4.172
|clock_suspect=0
PMLE_LIVE_REPLAY_TIC|tic=2294|mle_ms=24.904|monotonic_ms=30|clock_delta_ms=5.096
|clock_suspect=0
PMLE_LIVE_REPLAY_TIC|tic=2295|mle_ms=16.508|monotonic_ms=10|clock_delta_ms=6.508
|clock_suspect=0
PMLE_LIVE_REPLAY_TIC|tic=2296|mle_ms=47.721|monotonic_ms=50|clock_delta_ms=2.279
|clock_suspect=0
PMLE_LIVE_REPLAY_TIC|tic=2297|mle_ms=17.051|monotonic_ms=20|clock_delta_ms=2.949
|clock_suspect=0
PMLE_LIVE_REPLAY_TIC|tic=2298|mle_ms=17.415|monotonic_ms=20|clock_delta_ms=2.585
|clock_suspect=0
PMLE_LIVE_REPLAY_TIC|tic=2299|mle_ms=13.891|monotonic_ms=10|clock_delta_ms=3.891
|clock_suspect=0
PMLE_LIVE_REPLAY_TIC|tic=2300|mle_ms=73.813|monotonic_ms=80|clock_delta_ms=6.187
|clock_suspect=0
PMLE_LIVE_REPLAY_TIC|tic=2301|mle_ms=17.519|monotonic_ms=10|clock_delta_ms=7.519
|clock_suspect=0
PMLE_LIVE_REPLAY_TIC|tic=2302|mle_ms=14.313|monotonic_ms=20|clock_delta_ms=5.687
|clock_suspect=0
PMLE_LIVE_REPLAY_TIC|tic=2303|mle_ms=77.808|monotonic_ms=80|clock_delta_ms=2.192
|clock_suspect=0
PMLE_LIVE_REPLAY_TIC|tic=2304|mle_ms=67.288|monotonic_ms=60|clock_delta_ms=7.288
|clock_suspect=0
PMLE_LIVE_REPLAY_TIC|tic=2305|mle_ms=11.554|monotonic_ms=20|clock_delta_ms=8.446
|clock_suspect=0
PMLE_LIVE_REPLAY_TIC|tic=2306|mle_ms=99.266|monotonic_ms=100|clock_delta_ms=.734
|clock_suspect=0
PMLE_LIVE_REPLAY_TIC|tic=2307|mle_ms=62.87|monotonic_ms=60|clock_delta_ms=2.87|c
lock_suspect=0
PMLE_LIVE_REPLAY_TIC|tic=2308|mle_ms=11.321|monotonic_ms=10|clock_delta_ms=1.321
|clock_suspect=0
PMLE_LIVE_REPLAY_TIC|tic=2309|mle_ms=85.426|monotonic_ms=80|clock_delta_ms=5.426
|clock_suspect=0
PMLE_LIVE_REPLAY_TIC|tic=2310|mle_ms=71.593|monotonic_ms=70|clock_delta_ms=1.593
|clock_suspect=0
PMLE_LIVE_REPLAY_TIC|tic=2311|mle_ms=12.24|monotonic_ms=10|clock_delta_ms=2.24|c
lock_suspect=0
PMLE_LIVE_REPLAY_TIC|tic=2312|mle_ms=61.682|monotonic_ms=60|clock_delta_ms=1.682
|clock_suspect=0
PMLE_LIVE_REPLAY_TIC|tic=2313|mle_ms=85.287|monotonic_ms=90|clock_delta_ms=4.713
|clock_suspect=0
PMLE_LIVE_REPLAY_TIC|tic=2314|mle_ms=16.076|monotonic_ms=10|clock_delta_ms=6.076
|clock_suspect=0
PMLE_LIVE_REPLAY_TIC|tic=2315|mle_ms=69.406|monotonic_ms=70|clock_delta_ms=.594|
clock_suspect=0
PMLE_LIVE_REPLAY_TIC|tic=2316|mle_ms=94.116|monotonic_ms=100|clock_delta_ms=5.88
4|clock_suspect=0
PMLE_LIVE_REPLAY_TIC|tic=2317|mle_ms=12.388|monotonic_ms=10|clock_delta_ms=2.388
|clock_suspect=0
PMLE_LIVE_REPLAY_TIC|tic=2318|mle_ms=119.6|monotonic_ms=120|clock_delta_ms=.4|cl
ock_suspect=0
PMLE_LIVE_REPLAY_TIC|tic=2319|mle_ms=64.583|monotonic_ms=60|clock_delta_ms=4.583
|clock_suspect=0
PMLE_LIVE_REPLAY_TIC|tic=2320|mle_ms=12.746|monotonic_ms=20|clock_delta_ms=7.254
|clock_suspect=0
PMLE_LIVE_REPLAY_TIC|tic=2321|mle_ms=60.536|monotonic_ms=60|clock_delta_ms=.536|
clock_suspect=0
PMLE_LIVE_REPLAY_TIC|tic=2322|mle_ms=68.731|monotonic_ms=60|clock_delta_ms=8.731
|clock_suspect=0
PMLE_LIVE_REPLAY_TIC|tic=2323|mle_ms=21.701|monotonic_ms=30|clock_delta_ms=8.299
|clock_suspect=0
PMLE_LIVE_REPLAY_TIC|tic=2324|mle_ms=93.291|monotonic_ms=90|clock_delta_ms=3.291
|clock_suspect=0
PMLE_LIVE_REPLAY_TIC|tic=2325|mle_ms=61.914|monotonic_ms=60|clock_delta_ms=1.914
|clock_suspect=0
PMLE_LIVE_REPLAY_TIC|tic=2326|mle_ms=45.683|monotonic_ms=50|clock_delta_ms=4.317
|clock_suspect=0
PMLE_LIVE_REPLAY_TIC|tic=2327|mle_ms=90|monotonic_ms=90|clock_delta_ms=0|clock_s
uspect=0
PMLE_LIVE_REPLAY_TIC|tic=2328|mle_ms=74.87|monotonic_ms=70|clock_delta_ms=4.87|c
lock_suspect=0
PMLE_LIVE_REPLAY_TIC|tic=2329|mle_ms=12.952|monotonic_ms=20|clock_delta_ms=7.048
|clock_suspect=0
PMLE_LIVE_REPLAY_TIC|tic=2330|mle_ms=92.957|monotonic_ms=90|clock_delta_ms=2.957
|clock_suspect=0
PMLE_LIVE_REPLAY_TIC|tic=2331|mle_ms=95.875|monotonic_ms=90|clock_delta_ms=5.875
|clock_suspect=0
PMLE_LIVE_REPLAY_TIC|tic=2332|mle_ms=12.742|monotonic_ms=20|clock_delta_ms=7.258
|clock_suspect=0
PMLE_LIVE_REPLAY_TIC|tic=2333|mle_ms=71.498|monotonic_ms=70|clock_delta_ms=1.498
|clock_suspect=0
PMLE_LIVE_REPLAY_TIC|tic=2334|mle_ms=71.506|monotonic_ms=70|clock_delta_ms=1.506
|clock_suspect=0
PMLE_LIVE_REPLAY_TIC|tic=2335|mle_ms=12.594|monotonic_ms=10|clock_delta_ms=2.594
|clock_suspect=0
PMLE_LIVE_REPLAY_TIC|tic=2336|mle_ms=88.045|monotonic_ms=90|clock_delta_ms=1.955
|clock_suspect=0
PMLE_LIVE_REPLAY_TIC|tic=2337|mle_ms=57.81|monotonic_ms=60|clock_delta_ms=2.19|c
lock_suspect=0
PMLE_LIVE_REPLAY_TIC|tic=2338|mle_ms=9.5|monotonic_ms=10|clock_delta_ms=.5|clock
_suspect=0
PMLE_LIVE_REPLAY_TIC|tic=2339|mle_ms=63.668|monotonic_ms=60|clock_delta_ms=3.668
|clock_suspect=0
PMLE_LIVE_REPLAY_TIC|tic=2340|mle_ms=60.171|monotonic_ms=60|clock_delta_ms=.171|
clock_suspect=0
PMLE_LIVE_REPLAY_TIC|tic=2341|mle_ms=12.776|monotonic_ms=20|clock_delta_ms=7.224
|clock_suspect=0
PMLE_LIVE_REPLAY_TIC|tic=2342|mle_ms=61.991|monotonic_ms=60|clock_delta_ms=1.991
|clock_suspect=0
PMLE_LIVE_REPLAY_TIC|tic=2343|mle_ms=67.113|monotonic_ms=70|clock_delta_ms=2.887
|clock_suspect=0
PMLE_LIVE_REPLAY_TIC|tic=2344|mle_ms=15.276|monotonic_ms=10|clock_delta_ms=5.276
|clock_suspect=0
PMLE_LIVE_REPLAY_TIC|tic=2345|mle_ms=16.57|monotonic_ms=20|clock_delta_ms=3.43|c
lock_suspect=0
PMLE_LIVE_REPLAY_TIC|tic=2346|mle_ms=87.205|monotonic_ms=80|clock_delta_ms=7.205
|clock_suspect=0
PMLE_LIVE_REPLAY_TIC|tic=2347|mle_ms=11.119|monotonic_ms=20|clock_delta_ms=8.881
|clock_suspect=0
PMLE_LIVE_REPLAY_TIC|tic=2348|mle_ms=16.195|monotonic_ms=10|clock_delta_ms=6.195
|clock_suspect=0
PMLE_LIVE_REPLAY_TIC|tic=2349|mle_ms=66.107|monotonic_ms=70|clock_delta_ms=3.893
|clock_suspect=0
PMLE_LIVE_REPLAY_TIC|tic=2350|mle_ms=12.135|monotonic_ms=10|clock_delta_ms=2.135
|clock_suspect=0
PMLE_LIVE_REPLAY_TIC|tic=2351|mle_ms=74.216|monotonic_ms=70|clock_delta_ms=4.216
|clock_suspect=0
PMLE_LIVE_REPLAY_TIC|tic=2352|mle_ms=66.536|monotonic_ms=70|clock_delta_ms=3.464
|clock_suspect=0
PMLE_LIVE_REPLAY_TIC|tic=2353|mle_ms=21.317|monotonic_ms=20|clock_delta_ms=1.317
|clock_suspect=0
PMLE_LIVE_REPLAY_TIC|tic=2354|mle_ms=95.302|monotonic_ms=100|clock_delta_ms=4.69
8|clock_suspect=0
PMLE_LIVE_REPLAY_TIC|tic=2355|mle_ms=66.945|monotonic_ms=60|clock_delta_ms=6.945
|clock_suspect=0
PMLE_LIVE_REPLAY_TIC|tic=2356|mle_ms=35.203|monotonic_ms=40|clock_delta_ms=4.797
|clock_suspect=0
PMLE_LIVE_REPLAY_TIC|tic=2357|mle_ms=81.66|monotonic_ms=80|clock_delta_ms=1.66|c
lock_suspect=0
PMLE_LIVE_REPLAY_TIC|tic=2358|mle_ms=60.772|monotonic_ms=60|clock_delta_ms=.772|
clock_suspect=0
PMLE_LIVE_REPLAY_TIC|tic=2359|mle_ms=29.88|monotonic_ms=30|clock_delta_ms=.12|cl
ock_suspect=0
PMLE_LIVE_REPLAY_TIC|tic=2360|mle_ms=83.657|monotonic_ms=90|clock_delta_ms=6.343
|clock_suspect=0
PMLE_LIVE_REPLAY_TIC|tic=2361|mle_ms=92.859|monotonic_ms=90|clock_delta_ms=2.859
|clock_suspect=0
PMLE_LIVE_REPLAY_TIC|tic=2362|mle_ms=15.848|monotonic_ms=20|clock_delta_ms=4.152
|clock_suspect=0
PMLE_LIVE_REPLAY_TIC|tic=2363|mle_ms=77.499|monotonic_ms=70|clock_delta_ms=7.499
|clock_suspect=0
PMLE_LIVE_REPLAY_TIC|tic=2364|mle_ms=78.708|monotonic_ms=80|clock_delta_ms=1.292
|clock_suspect=0
PMLE_LIVE_REPLAY_TIC|tic=2365|mle_ms=30.245|monotonic_ms=30|clock_delta_ms=.245|
clock_suspect=0
PMLE_LIVE_REPLAY_TIC|tic=2366|mle_ms=93.552|monotonic_ms=100|clock_delta_ms=6.44
8|clock_suspect=0
PMLE_LIVE_REPLAY_TIC|tic=2367|mle_ms=72.878|monotonic_ms=70|clock_delta_ms=2.878
|clock_suspect=0
PMLE_LIVE_REPLAY_TIC|tic=2368|mle_ms=22.084|monotonic_ms=20|clock_delta_ms=2.084
|clock_suspect=0
PMLE_LIVE_REPLAY_TIC|tic=2369|mle_ms=78.354|monotonic_ms=80|clock_delta_ms=1.646
|clock_suspect=0
PMLE_LIVE_REPLAY_TIC|tic=2370|mle_ms=72.564|monotonic_ms=70|clock_delta_ms=2.564
|clock_suspect=0
PMLE_LIVE_REPLAY_TIC|tic=2371|mle_ms=20.617|monotonic_ms=20|clock_delta_ms=.617|
clock_suspect=0
PMLE_LIVE_REPLAY_TIC|tic=2372|mle_ms=92.053|monotonic_ms=90|clock_delta_ms=2.053
|clock_suspect=0
PMLE_LIVE_REPLAY_TIC|tic=2373|mle_ms=95.687|monotonic_ms=100|clock_delta_ms=4.31
3|clock_suspect=0
PMLE_LIVE_REPLAY_TIC|tic=2374|mle_ms=36.095|monotonic_ms=40|clock_delta_ms=3.905
|clock_suspect=0
PMLE_LIVE_REPLAY_TIC|tic=2375|mle_ms=93.623|monotonic_ms=90|clock_delta_ms=3.623
|clock_suspect=0
PMLE_LIVE_REPLAY_TIC|tic=2376|mle_ms=92.011|monotonic_ms=90|clock_delta_ms=2.011
|clock_suspect=0
PMLE_LIVE_REPLAY_TIC|tic=2377|mle_ms=19.842|monotonic_ms=20|clock_delta_ms=.158|
clock_suspect=0
PMLE_LIVE_REPLAY_TIC|tic=2378|mle_ms=71.328|monotonic_ms=70|clock_delta_ms=1.328
|clock_suspect=0
PMLE_LIVE_REPLAY_TIC|tic=2379|mle_ms=80.222|monotonic_ms=80|clock_delta_ms=.222|
clock_suspect=0
PMLE_LIVE_REPLAY_TIC|tic=2380|mle_ms=23.764|monotonic_ms=30|clock_delta_ms=6.236
|clock_suspect=0
PMLE_LIVE_REPLAY_TIC|tic=2381|mle_ms=77.13|monotonic_ms=80|clock_delta_ms=2.87|c
lock_suspect=0
PMLE_LIVE_REPLAY_TIC|tic=2382|mle_ms=74.793|monotonic_ms=70|clock_delta_ms=4.793
|clock_suspect=0
PMLE_LIVE_REPLAY_TIC|tic=2383|mle_ms=34.968|monotonic_ms=40|clock_delta_ms=5.032
|clock_suspect=0
PMLE_LIVE_REPLAY_TIC|tic=2384|mle_ms=89.518|monotonic_ms=80|clock_delta_ms=9.518
|clock_suspect=0
PMLE_LIVE_REPLAY_TIC|tic=2385|mle_ms=72.065|monotonic_ms=80|clock_delta_ms=7.935
|clock_suspect=0
PMLE_LIVE_REPLAY_TIC|tic=2386|mle_ms=37.778|monotonic_ms=30|clock_delta_ms=7.778
|clock_suspect=0
PMLE_LIVE_REPLAY_TIC|tic=2387|mle_ms=75.659|monotonic_ms=80|clock_delta_ms=4.341
|clock_suspect=0
PMLE_LIVE_REPLAY_TIC|tic=2388|mle_ms=108.896|monotonic_ms=110|clock_delta_ms=1.1
04|clock_suspect=0
PMLE_LIVE_REPLAY_TIC|tic=2389|mle_ms=24.947|monotonic_ms=20|clock_delta_ms=4.947
|clock_suspect=0
PMLE_LIVE_REPLAY_TIC|tic=2390|mle_ms=68.895|monotonic_ms=70|clock_delta_ms=1.105
|clock_suspect=0
PMLE_LIVE_REPLAY_TIC|tic=2391|mle_ms=80.716|monotonic_ms=80|clock_delta_ms=.716|
clock_suspect=0
PMLE_LIVE_REPLAY_TIC|tic=2392|mle_ms=24.719|monotonic_ms=30|clock_delta_ms=5.281
|clock_suspect=0
PMLE_LIVE_REPLAY_TIC|tic=2393|mle_ms=81.469|monotonic_ms=80|clock_delta_ms=1.469
|clock_suspect=0
PMLE_LIVE_REPLAY_TIC|tic=2394|mle_ms=87.586|monotonic_ms=90|clock_delta_ms=2.414
|clock_suspect=0
PMLE_LIVE_REPLAY_TIC|tic=2395|mle_ms=26.255|monotonic_ms=20|clock_delta_ms=6.255
|clock_suspect=0
PMLE_LIVE_REPLAY_TIC|tic=2396|mle_ms=90.731|monotonic_ms=100|clock_delta_ms=9.26
9|clock_suspect=0
PMLE_LIVE_REPLAY_TIC|tic=2397|mle_ms=83.242|monotonic_ms=80|clock_delta_ms=3.242
|clock_suspect=0
PMLE_LIVE_REPLAY_TIC|tic=2398|mle_ms=23.627|monotonic_ms=20|clock_delta_ms=3.627
|clock_suspect=0
PMLE_LIVE_REPLAY_TIC|tic=2399|mle_ms=75.31|monotonic_ms=80|clock_delta_ms=4.69|c
lock_suspect=0
PMLE_LIVE_REPLAY_TIC|tic=2400|mle_ms=86.709|monotonic_ms=80|clock_delta_ms=6.709
|clock_suspect=0
PMLE_LIVE_REPLAY_TIC|tic=2401|mle_ms=22.038|monotonic_ms=20|clock_delta_ms=2.038
|clock_suspect=0
PMLE_LIVE_REPLAY_TIC|tic=2402|mle_ms=78.506|monotonic_ms=80|clock_delta_ms=1.494
|clock_suspect=0
PMLE_LIVE_REPLAY_TIC|tic=2403|mle_ms=94.873|monotonic_ms=90|clock_delta_ms=4.873
|clock_suspect=0
PMLE_LIVE_REPLAY_TIC|tic=2404|mle_ms=26.096|monotonic_ms=30|clock_delta_ms=3.904
|clock_suspect=0
PMLE_LIVE_REPLAY_TIC|tic=2405|mle_ms=73.945|monotonic_ms=70|clock_delta_ms=3.945
|clock_suspect=0
PMLE_LIVE_REPLAY_TIC|tic=2406|mle_ms=92.794|monotonic_ms=90|clock_delta_ms=2.794
|clock_suspect=0
PMLE_LIVE_REPLAY_TIC|tic=2407|mle_ms=23.534|monotonic_ms=30|clock_delta_ms=6.466
|clock_suspect=0
PMLE_LIVE_REPLAY_TIC|tic=2408|mle_ms=74.211|monotonic_ms=70|clock_delta_ms=4.211
|clock_suspect=0
PMLE_LIVE_REPLAY_TIC|tic=2409|mle_ms=78.707|monotonic_ms=80|clock_delta_ms=1.293
|clock_suspect=0
PMLE_LIVE_REPLAY_TIC|tic=2410|mle_ms=26.375|monotonic_ms=30|clock_delta_ms=3.625
|clock_suspect=0
PMLE_LIVE_REPLAY_TIC|tic=2411|mle_ms=79.524|monotonic_ms=80|clock_delta_ms=.476|
clock_suspect=0
PMLE_LIVE_REPLAY_TIC|tic=2412|mle_ms=84.928|monotonic_ms=80|clock_delta_ms=4.928
|clock_suspect=0
PMLE_LIVE_REPLAY_TIC|tic=2413|mle_ms=32.612|monotonic_ms=30|clock_delta_ms=2.612
|clock_suspect=0
PMLE_LIVE_REPLAY_TIC|tic=2414|mle_ms=81.159|monotonic_ms=90|clock_delta_ms=8.841
|clock_suspect=0
PMLE_LIVE_REPLAY_TIC|tic=2415|mle_ms=81.141|monotonic_ms=80|clock_delta_ms=1.141
|clock_suspect=0
PMLE_LIVE_REPLAY_TIC|tic=2416|mle_ms=42.502|monotonic_ms=40|clock_delta_ms=2.502
|clock_suspect=0
PMLE_LIVE_REPLAY_TIC|tic=2417|mle_ms=102.49|monotonic_ms=100|clock_delta_ms=2.49
|clock_suspect=0
PMLE_LIVE_REPLAY_TIC|tic=2418|mle_ms=104.564|monotonic_ms=110|clock_delta_ms=5.4
36|clock_suspect=0
PMLE_LIVE_REPLAY_TIC|tic=2419|mle_ms=30.857|monotonic_ms=30|clock_delta_ms=.857|
clock_suspect=0
PMLE_LIVE_REPLAY_TIC|tic=2420|mle_ms=98.079|monotonic_ms=100|clock_delta_ms=1.92
1|clock_suspect=0
PMLE_LIVE_REPLAY_TIC|tic=2421|mle_ms=105.784|monotonic_ms=100|clock_delta_ms=5.7
84|clock_suspect=0
PMLE_LIVE_REPLAY_TIC|tic=2422|mle_ms=23.528|monotonic_ms=30|clock_delta_ms=6.472
|clock_suspect=0
PMLE_LIVE_REPLAY_TIC|tic=2423|mle_ms=86.637|monotonic_ms=80|clock_delta_ms=6.637
|clock_suspect=0
PMLE_LIVE_REPLAY_TIC|tic=2424|mle_ms=88.691|monotonic_ms=90|clock_delta_ms=1.309
|clock_suspect=0
PMLE_LIVE_REPLAY_TIC|tic=2425|mle_ms=38.557|monotonic_ms=40|clock_delta_ms=1.443
|clock_suspect=0
PMLE_LIVE_REPLAY_TIC|tic=2426|mle_ms=140.386|monotonic_ms=140|clock_delta_ms=.38
6|clock_suspect=0
PMLE_LIVE_REPLAY_TIC|tic=2427|mle_ms=76.403|monotonic_ms=80|clock_delta_ms=3.597
|clock_suspect=0
PMLE_LIVE_REPLAY_TIC|tic=2428|mle_ms=13.152|monotonic_ms=10|clock_delta_ms=3.152
|clock_suspect=0
PMLE_LIVE_REPLAY_TIC|tic=2429|mle_ms=84.789|monotonic_ms=80|clock_delta_ms=4.789
|clock_suspect=0
PMLE_LIVE_REPLAY_TIC|tic=2430|mle_ms=59.685|monotonic_ms=60|clock_delta_ms=.315|
clock_suspect=0
PMLE_LIVE_REPLAY_TIC|tic=2431|mle_ms=49.118|monotonic_ms=50|clock_delta_ms=.882|
clock_suspect=0
PMLE_LIVE_REPLAY_TIC|tic=2432|mle_ms=95.843|monotonic_ms=100|clock_delta_ms=4.15
7|clock_suspect=0
PMLE_LIVE_REPLAY_TIC|tic=2433|mle_ms=100.193|monotonic_ms=100|clock_delta_ms=.19
3|clock_suspect=0
PMLE_LIVE_REPLAY_TIC|tic=2434|mle_ms=21.5|monotonic_ms=20|clock_delta_ms=1.5|clo
ck_suspect=0
PMLE_LIVE_REPLAY_TIC|tic=2435|mle_ms=65.85|monotonic_ms=70|clock_delta_ms=4.15|c
lock_suspect=0
PMLE_LIVE_REPLAY_TIC|tic=2436|mle_ms=53.213|monotonic_ms=50|clock_delta_ms=3.213
|clock_suspect=0
PMLE_LIVE_REPLAY_TIC|tic=2437|mle_ms=10.428|monotonic_ms=10|clock_delta_ms=.428|
clock_suspect=0
PMLE_LIVE_REPLAY_TIC|tic=2438|mle_ms=54.379|monotonic_ms=60|clock_delta_ms=5.621
|clock_suspect=0
PMLE_LIVE_REPLAY_TIC|tic=2439|mle_ms=40.543|monotonic_ms=40|clock_delta_ms=.543|
clock_suspect=0
PMLE_LIVE_REPLAY_TIC|tic=2440|mle_ms=10.38|monotonic_ms=10|clock_delta_ms=.38|cl
ock_suspect=0
PMLE_LIVE_REPLAY_TIC|tic=2441|mle_ms=74.568|monotonic_ms=70|clock_delta_ms=4.568
|clock_suspect=0
PMLE_LIVE_REPLAY_TIC|tic=2442|mle_ms=42.108|monotonic_ms=40|clock_delta_ms=2.108
|clock_suspect=0
PMLE_LIVE_REPLAY_TIC|tic=2443|mle_ms=50.243|monotonic_ms=50|clock_delta_ms=.243|
clock_suspect=0
PMLE_LIVE_REPLAY_TIC|tic=2444|mle_ms=41.409|monotonic_ms=50|clock_delta_ms=8.591
|clock_suspect=0
PMLE_LIVE_REPLAY_TIC|tic=2445|mle_ms=59.316|monotonic_ms=50|clock_delta_ms=9.316
|clock_suspect=0
PMLE_LIVE_REPLAY_TIC|tic=2446|mle_ms=23.613|monotonic_ms=30|clock_delta_ms=6.387
|clock_suspect=0
PMLE_LIVE_REPLAY_TIC|tic=2447|mle_ms=36.738|monotonic_ms=40|clock_delta_ms=3.262
|clock_suspect=0
PMLE_LIVE_REPLAY_TIC|tic=2448|mle_ms=38.526|monotonic_ms=30|clock_delta_ms=8.526
|clock_suspect=0
PMLE_LIVE_REPLAY_TIC|tic=2449|mle_ms=14.301|monotonic_ms=20|clock_delta_ms=5.699
|clock_suspect=0
PMLE_LIVE_REPLAY_TIC|tic=2450|mle_ms=37.994|monotonic_ms=40|clock_delta_ms=2.006
|clock_suspect=0
PMLE_LIVE_REPLAY_TIC|tic=2451|mle_ms=258.228|monotonic_ms=250|clock_delta_ms=8.2
28|clock_suspect=0
PMLE_LIVE_REPLAY_TIC|tic=2452|mle_ms=13.212|monotonic_ms=20|clock_delta_ms=6.788
|clock_suspect=0
PMLE_LIVE_REPLAY_TIC|tic=2453|mle_ms=84.251|monotonic_ms=80|clock_delta_ms=4.251
|clock_suspect=0
PMLE_LIVE_REPLAY_TIC|tic=2454|mle_ms=50.968|monotonic_ms=50|clock_delta_ms=.968|
clock_suspect=0
PMLE_LIVE_REPLAY_TIC|tic=2455|mle_ms=14.935|monotonic_ms=20|clock_delta_ms=5.065
|clock_suspect=0
PMLE_LIVE_REPLAY_TIC|tic=2456|mle_ms=64.561|monotonic_ms=60|clock_delta_ms=4.561
|clock_suspect=0
PMLE_LIVE_REPLAY_TIC|tic=2457|mle_ms=37.748|monotonic_ms=40|clock_delta_ms=2.252
|clock_suspect=0
PMLE_LIVE_REPLAY_TIC|tic=2458|mle_ms=13.89|monotonic_ms=10|clock_delta_ms=3.89|c
lock_suspect=0
PMLE_LIVE_REPLAY_TIC|tic=2459|mle_ms=53.307|monotonic_ms=60|clock_delta_ms=6.693
|clock_suspect=0
PMLE_LIVE_REPLAY_TIC|tic=2460|mle_ms=38.261|monotonic_ms=40|clock_delta_ms=1.739
|clock_suspect=0
PMLE_LIVE_REPLAY_TIC|tic=2461|mle_ms=47.701|monotonic_ms=40|clock_delta_ms=7.701
|clock_suspect=0
PMLE_LIVE_REPLAY_TIC|tic=2462|mle_ms=36.239|monotonic_ms=40|clock_delta_ms=3.761
|clock_suspect=0
PMLE_LIVE_REPLAY_TIC|tic=2463|mle_ms=75.54|monotonic_ms=80|clock_delta_ms=4.46|c
lock_suspect=0
PMLE_LIVE_REPLAY_TIC|tic=2464|mle_ms=22.664|monotonic_ms=20|clock_delta_ms=2.664
|clock_suspect=0
PMLE_LIVE_REPLAY_TIC|tic=2465|mle_ms=38.879|monotonic_ms=40|clock_delta_ms=1.121
|clock_suspect=0
PMLE_LIVE_REPLAY_TIC|tic=2466|mle_ms=80.107|monotonic_ms=80|clock_delta_ms=.107|
clock_suspect=0
PMLE_LIVE_REPLAY_TIC|tic=2467|mle_ms=12.626|monotonic_ms=10|clock_delta_ms=2.626
|clock_suspect=0
PMLE_LIVE_REPLAY_TIC|tic=2468|mle_ms=36.685|monotonic_ms=40|clock_delta_ms=3.315
|clock_suspect=0
PMLE_LIVE_REPLAY_TIC|tic=2469|mle_ms=37.956|monotonic_ms=40|clock_delta_ms=2.044
|clock_suspect=0
PMLE_LIVE_REPLAY_TIC|tic=2470|mle_ms=13.242|monotonic_ms=10|clock_delta_ms=3.242
|clock_suspect=0
PMLE_LIVE_REPLAY_TIC|tic=2471|mle_ms=67.043|monotonic_ms=70|clock_delta_ms=2.957
|clock_suspect=0
PMLE_LIVE_REPLAY_TIC|tic=2472|mle_ms=46.926|monotonic_ms=40|clock_delta_ms=6.926
|clock_suspect=0
PMLE_LIVE_REPLAY_TIC|tic=2473|mle_ms=52.407|monotonic_ms=60|clock_delta_ms=7.593
|clock_suspect=0
PMLE_LIVE_REPLAY_TIC|tic=2474|mle_ms=48.542|monotonic_ms=40|clock_delta_ms=8.542
|clock_suspect=0
PMLE_LIVE_REPLAY_TIC|tic=2475|mle_ms=38.92|monotonic_ms=40|clock_delta_ms=1.08|c
lock_suspect=0
PMLE_LIVE_REPLAY_TIC|tic=2476|mle_ms=38.045|monotonic_ms=40|clock_delta_ms=1.955
|clock_suspect=0
PMLE_LIVE_REPLAY_TIC|tic=2477|mle_ms=38.383|monotonic_ms=40|clock_delta_ms=1.617
|clock_suspect=0
PMLE_LIVE_REPLAY_TIC|tic=2478|mle_ms=39.986|monotonic_ms=40|clock_delta_ms=.014|
clock_suspect=0
PMLE_LIVE_REPLAY_TIC|tic=2479|mle_ms=15.417|monotonic_ms=20|clock_delta_ms=4.583
|clock_suspect=0
PMLE_LIVE_REPLAY_TIC|tic=2480|mle_ms=35.843|monotonic_ms=30|clock_delta_ms=5.843
|clock_suspect=0
PMLE_LIVE_REPLAY_TIC|tic=2481|mle_ms=68.998|monotonic_ms=70|clock_delta_ms=1.002
|clock_suspect=0
PMLE_LIVE_REPLAY_TIC|tic=2482|mle_ms=15.086|monotonic_ms=20|clock_delta_ms=4.914
|clock_suspect=0
PMLE_LIVE_REPLAY_TIC|tic=2483|mle_ms=50.363|monotonic_ms=50|clock_delta_ms=.363|
clock_suspect=0
PMLE_LIVE_REPLAY_TIC|tic=2484|mle_ms=52.637|monotonic_ms=50|clock_delta_ms=2.637
|clock_suspect=0
PMLE_LIVE_REPLAY_TIC|tic=2485|mle_ms=16.748|monotonic_ms=20|clock_delta_ms=3.252
|clock_suspect=0
PMLE_LIVE_REPLAY_TIC|tic=2486|mle_ms=41.516|monotonic_ms=40|clock_delta_ms=1.516
|clock_suspect=0
PMLE_LIVE_REPLAY_TIC|tic=2487|mle_ms=59.107|monotonic_ms=60|clock_delta_ms=.893|
clock_suspect=0
PMLE_LIVE_REPLAY_TIC|tic=2488|mle_ms=20.971|monotonic_ms=20|clock_delta_ms=.971|
clock_suspect=0
PMLE_LIVE_REPLAY_TIC|tic=2489|mle_ms=15.845|monotonic_ms=10|clock_delta_ms=5.845
|clock_suspect=0
PMLE_LIVE_REPLAY_TIC|tic=2490|mle_ms=44.42|monotonic_ms=50|clock_delta_ms=5.58|c
lock_suspect=0
PMLE_LIVE_REPLAY_TIC|tic=2491|mle_ms=50.808|monotonic_ms=50|clock_delta_ms=.808|
clock_suspect=0
PMLE_LIVE_REPLAY_TIC|tic=2492|mle_ms=13.884|monotonic_ms=10|clock_delta_ms=3.884
|clock_suspect=0
PMLE_LIVE_REPLAY_TIC|tic=2493|mle_ms=69.852|monotonic_ms=70|clock_delta_ms=.148|
clock_suspect=0
PMLE_LIVE_REPLAY_TIC|tic=2494|mle_ms=20.402|monotonic_ms=20|clock_delta_ms=.402|
clock_suspect=0
PMLE_LIVE_REPLAY_TIC|tic=2495|mle_ms=12.459|monotonic_ms=20|clock_delta_ms=7.541
|clock_suspect=0
PMLE_LIVE_REPLAY_TIC|tic=2496|mle_ms=67.037|monotonic_ms=60|clock_delta_ms=7.037
|clock_suspect=0
PMLE_LIVE_REPLAY_TIC|tic=2497|mle_ms=13.08|monotonic_ms=20|clock_delta_ms=6.92|c
lock_suspect=0
PMLE_LIVE_REPLAY_TIC|tic=2498|mle_ms=15.854|monotonic_ms=10|clock_delta_ms=5.854
|clock_suspect=0
PMLE_LIVE_REPLAY_TIC|tic=2499|mle_ms=50.15|monotonic_ms=50|clock_delta_ms=.15|cl
ock_suspect=0
PMLE_LIVE_REPLAY_TIC|tic=2500|mle_ms=16.322|monotonic_ms=20|clock_delta_ms=3.678
|clock_suspect=0
PMLE_LIVE_REPLAY_TIC|tic=2501|mle_ms=46.66|monotonic_ms=50|clock_delta_ms=3.34|c
lock_suspect=0
PMLE_LIVE_REPLAY_TIC|tic=2502|mle_ms=37.766|monotonic_ms=40|clock_delta_ms=2.234
|clock_suspect=0
PMLE_LIVE_REPLAY_TIC|tic=2503|mle_ms=49.117|monotonic_ms=40|clock_delta_ms=9.117
|clock_suspect=0
PMLE_LIVE_REPLAY_TIC|tic=2504|mle_ms=26.22|monotonic_ms=30|clock_delta_ms=3.78|c
lock_suspect=0
PMLE_LIVE_REPLAY_TIC|tic=2505|mle_ms=64.341|monotonic_ms=70|clock_delta_ms=5.659
|clock_suspect=0
PMLE_LIVE_REPLAY_TIC|tic=2506|mle_ms=43.115|monotonic_ms=40|clock_delta_ms=3.115
|clock_suspect=0
PMLE_LIVE_REPLAY_TIC|tic=2507|mle_ms=12.211|monotonic_ms=10|clock_delta_ms=2.211
|clock_suspect=0
PMLE_LIVE_REPLAY_TIC|tic=2508|mle_ms=62.426|monotonic_ms=60|clock_delta_ms=2.426
|clock_suspect=0
PMLE_LIVE_REPLAY_TIC|tic=2509|mle_ms=13.716|monotonic_ms=20|clock_delta_ms=6.284
|clock_suspect=0
PMLE_LIVE_REPLAY_TIC|tic=2510|mle_ms=10.814|monotonic_ms=10|clock_delta_ms=.814|
clock_suspect=0
PMLE_LIVE_REPLAY_TIC|tic=2511|mle_ms=104.441|monotonic_ms=100|clock_delta_ms=4.4
41|clock_suspect=0
PMLE_LIVE_REPLAY_TIC|tic=2512|mle_ms=14.132|monotonic_ms=20|clock_delta_ms=5.868
|clock_suspect=0
PMLE_LIVE_REPLAY_TIC|tic=2513|mle_ms=51.536|monotonic_ms=50|clock_delta_ms=1.536
|clock_suspect=0
PMLE_LIVE_REPLAY_TIC|tic=2514|mle_ms=87.498|monotonic_ms=90|clock_delta_ms=2.502
|clock_suspect=0
PMLE_LIVE_REPLAY_TIC|tic=2515|mle_ms=12.199|monotonic_ms=10|clock_delta_ms=2.199
|clock_suspect=0
PMLE_LIVE_REPLAY_TIC|tic=2516|mle_ms=36.746|monotonic_ms=30|clock_delta_ms=6.746
|clock_suspect=0
PMLE_LIVE_REPLAY_TIC|tic=2517|mle_ms=55.307|monotonic_ms=60|clock_delta_ms=4.693
|clock_suspect=0
PMLE_LIVE_REPLAY_TIC|tic=2518|mle_ms=10.591|monotonic_ms=10|clock_delta_ms=.591|
clock_suspect=0
PMLE_LIVE_REPLAY_TIC|tic=2519|mle_ms=12.72|monotonic_ms=10|clock_delta_ms=2.72|c
lock_suspect=0
PMLE_LIVE_REPLAY_TIC|tic=2520|mle_ms=67.651|monotonic_ms=70|clock_delta_ms=2.349
|clock_suspect=0
PMLE_LIVE_REPLAY_TIC|tic=2521|mle_ms=43.764|monotonic_ms=50|clock_delta_ms=6.236
|clock_suspect=0
PMLE_LIVE_REPLAY_TIC|tic=2522|mle_ms=11.034|monotonic_ms=10|clock_delta_ms=1.034
|clock_suspect=0
PMLE_LIVE_REPLAY_TIC|tic=2523|mle_ms=102.015|monotonic_ms=100|clock_delta_ms=2.0
15|clock_suspect=0
PMLE_LIVE_REPLAY_TIC|tic=2524|mle_ms=19.54|monotonic_ms=20|clock_delta_ms=.46|cl
ock_suspect=0
PMLE_LIVE_REPLAY_TIC|tic=2525|mle_ms=10|monotonic_ms=10|clock_delta_ms=0|clock_s
uspect=0
PMLE_LIVE_REPLAY_TIC|tic=2526|mle_ms=113.836|monotonic_ms=110|clock_delta_ms=3.8
36|clock_suspect=0
PMLE_LIVE_REPLAY_TIC|tic=2527|mle_ms=12.877|monotonic_ms=20|clock_delta_ms=7.123
|clock_suspect=0
PMLE_LIVE_REPLAY_TIC|tic=2528|mle_ms=12.658|monotonic_ms=10|clock_delta_ms=2.658
|clock_suspect=0
PMLE_LIVE_REPLAY_TIC|tic=2529|mle_ms=82.501|monotonic_ms=80|clock_delta_ms=2.501
|clock_suspect=0
PMLE_LIVE_REPLAY_TIC|tic=2530|mle_ms=13.706|monotonic_ms=10|clock_delta_ms=3.706
|clock_suspect=0
PMLE_LIVE_REPLAY_TIC|tic=2531|mle_ms=54.545|monotonic_ms=60|clock_delta_ms=5.455
|clock_suspect=0
PMLE_LIVE_REPLAY_TIC|tic=2532|mle_ms=96.508|monotonic_ms=100|clock_delta_ms=3.49
2|clock_suspect=0
PMLE_LIVE_REPLAY_TIC|tic=2533|mle_ms=62.68|monotonic_ms=60|clock_delta_ms=2.68|c
lock_suspect=0
PMLE_LIVE_REPLAY_TIC|tic=2534|mle_ms=27.364|monotonic_ms=30|clock_delta_ms=2.636
|clock_suspect=0
PMLE_LIVE_REPLAY_TIC|tic=2535|mle_ms=92.038|monotonic_ms=90|clock_delta_ms=2.038
|clock_suspect=0
PMLE_LIVE_REPLAY_TIC|tic=2536|mle_ms=39.205|monotonic_ms=40|clock_delta_ms=.795|
clock_suspect=0
PMLE_LIVE_REPLAY_TIC|tic=2537|mle_ms=10.706|monotonic_ms=10|clock_delta_ms=.706|
clock_suspect=0
PMLE_LIVE_REPLAY_TIC|tic=2538|mle_ms=85.94|monotonic_ms=80|clock_delta_ms=5.94|c
lock_suspect=0
PMLE_LIVE_REPLAY_TIC|tic=2539|mle_ms=14.173|monotonic_ms=20|clock_delta_ms=5.827
|clock_suspect=0
PMLE_LIVE_REPLAY_TIC|tic=2540|mle_ms=11.087|monotonic_ms=10|clock_delta_ms=1.087
|clock_suspect=0
PMLE_LIVE_REPLAY_TIC|tic=2541|mle_ms=138.695|monotonic_ms=140|clock_delta_ms=1.3
05|clock_suspect=0
PMLE_LIVE_REPLAY_TIC|tic=2542|mle_ms=13.048|monotonic_ms=10|clock_delta_ms=3.048
|clock_suspect=0
PMLE_LIVE_REPLAY_TIC|tic=2543|mle_ms=49.268|monotonic_ms=50|clock_delta_ms=.732|
clock_suspect=0
PMLE_LIVE_REPLAY_TIC|tic=2544|mle_ms=73.322|monotonic_ms=70|clock_delta_ms=3.322
|clock_suspect=0
PMLE_LIVE_REPLAY_TIC|tic=2545|mle_ms=10.853|monotonic_ms=20|clock_delta_ms=9.147
|clock_suspect=0
PMLE_LIVE_REPLAY_TIC|tic=2546|mle_ms=42.598|monotonic_ms=40|clock_delta_ms=2.598
|clock_suspect=0
PMLE_LIVE_REPLAY_TIC|tic=2547|mle_ms=31.872|monotonic_ms=30|clock_delta_ms=1.872
|clock_suspect=0
PMLE_LIVE_REPLAY_TIC|tic=2548|mle_ms=10.05|monotonic_ms=10|clock_delta_ms=.05|cl
ock_suspect=0
PMLE_LIVE_REPLAY_TIC|tic=2549|mle_ms=12.078|monotonic_ms=10|clock_delta_ms=2.078
|clock_suspect=0
PMLE_LIVE_REPLAY_TIC|tic=2550|mle_ms=37.953|monotonic_ms=40|clock_delta_ms=2.047
|clock_suspect=0
PMLE_LIVE_REPLAY_TIC|tic=2551|mle_ms=44.857|monotonic_ms=40|clock_delta_ms=4.857
|clock_suspect=0
PMLE_LIVE_REPLAY_TIC|tic=2552|mle_ms=11.526|monotonic_ms=20|clock_delta_ms=8.474
|clock_suspect=0
PMLE_LIVE_REPLAY_TIC|tic=2553|mle_ms=68.499|monotonic_ms=60|clock_delta_ms=8.499
|clock_suspect=0
PMLE_LIVE_REPLAY_TIC|tic=2554|mle_ms=19.765|monotonic_ms=20|clock_delta_ms=.235|
clock_suspect=0
PMLE_LIVE_REPLAY_TIC|tic=2555|mle_ms=12.953|monotonic_ms=20|clock_delta_ms=7.047
|clock_suspect=0
PMLE_LIVE_REPLAY_TIC|tic=2556|mle_ms=78.524|monotonic_ms=80|clock_delta_ms=1.476
|clock_suspect=0
PMLE_LIVE_REPLAY_TIC|tic=2557|mle_ms=12.945|monotonic_ms=10|clock_delta_ms=2.945
|clock_suspect=0
PMLE_LIVE_REPLAY_TIC|tic=2558|mle_ms=12.928|monotonic_ms=10|clock_delta_ms=2.928
|clock_suspect=0
PMLE_LIVE_REPLAY_TIC|tic=2559|mle_ms=53.639|monotonic_ms=60|clock_delta_ms=6.361
|clock_suspect=0
PMLE_LIVE_REPLAY_TIC|tic=2560|mle_ms=18.547|monotonic_ms=10|clock_delta_ms=8.547
|clock_suspect=0
PMLE_LIVE_REPLAY_TIC|tic=2561|mle_ms=51.155|monotonic_ms=60|clock_delta_ms=8.845
|clock_suspect=0
PMLE_LIVE_REPLAY_TIC|tic=2562|mle_ms=39.487|monotonic_ms=40|clock_delta_ms=.513|
clock_suspect=0
PMLE_LIVE_REPLAY_TIC|tic=2563|mle_ms=47.041|monotonic_ms=40|clock_delta_ms=7.041
|clock_suspect=0
PMLE_LIVE_REPLAY_TIC|tic=2564|mle_ms=23.766|monotonic_ms=30|clock_delta_ms=6.234
|clock_suspect=0
PMLE_LIVE_REPLAY_TIC|tic=2565|mle_ms=44.141|monotonic_ms=40|clock_delta_ms=4.141
|clock_suspect=0
PMLE_LIVE_REPLAY_TIC|tic=2566|mle_ms=54.98|monotonic_ms=60|clock_delta_ms=5.02|c
lock_suspect=0
PMLE_LIVE_REPLAY_TIC|tic=2567|mle_ms=14.247|monotonic_ms=10|clock_delta_ms=4.247
|clock_suspect=0
PMLE_LIVE_REPLAY_TIC|tic=2568|mle_ms=41.614|monotonic_ms=40|clock_delta_ms=1.614
|clock_suspect=0
PMLE_LIVE_REPLAY_TIC|tic=2569|mle_ms=42.833|monotonic_ms=40|clock_delta_ms=2.833
|clock_suspect=0
PMLE_LIVE_REPLAY_TIC|tic=2570|mle_ms=14.001|monotonic_ms=20|clock_delta_ms=5.999
|clock_suspect=0
PMLE_LIVE_REPLAY_TIC|tic=2571|mle_ms=45.658|monotonic_ms=40|clock_delta_ms=5.658
|clock_suspect=0
PMLE_LIVE_REPLAY_TIC|tic=2572|mle_ms=62.336|monotonic_ms=70|clock_delta_ms=7.664
|clock_suspect=0
PMLE_LIVE_REPLAY_TIC|tic=2573|mle_ms=57.529|monotonic_ms=50|clock_delta_ms=7.529
|clock_suspect=0
PMLE_LIVE_REPLAY_TIC|tic=2574|mle_ms=25.539|monotonic_ms=30|clock_delta_ms=4.461
|clock_suspect=0
PMLE_LIVE_REPLAY_TIC|tic=2575|mle_ms=37.33|monotonic_ms=40|clock_delta_ms=2.67|c
lock_suspect=0
PMLE_LIVE_REPLAY_TIC|tic=2576|mle_ms=42.064|monotonic_ms=40|clock_delta_ms=2.064
|clock_suspect=0
PMLE_LIVE_REPLAY_TIC|tic=2577|mle_ms=14.758|monotonic_ms=10|clock_delta_ms=4.758
|clock_suspect=0
PMLE_LIVE_REPLAY_TIC|tic=2578|mle_ms=71.877|monotonic_ms=80|clock_delta_ms=8.123
|clock_suspect=0
PMLE_LIVE_REPLAY_TIC|tic=2579|mle_ms=28.023|monotonic_ms=20|clock_delta_ms=8.023
|clock_suspect=0
PMLE_LIVE_REPLAY_TIC|tic=2580|mle_ms=22.357|monotonic_ms=30|clock_delta_ms=7.643
|clock_suspect=0
PMLE_LIVE_REPLAY_TIC|tic=2581|mle_ms=78.381|monotonic_ms=80|clock_delta_ms=1.619
|clock_suspect=0
PMLE_LIVE_REPLAY_TIC|tic=2582|mle_ms=25.192|monotonic_ms=20|clock_delta_ms=5.192
|clock_suspect=0
PMLE_LIVE_REPLAY_TIC|tic=2583|mle_ms=65.065|monotonic_ms=70|clock_delta_ms=4.935
|clock_suspect=0
PMLE_LIVE_REPLAY_TIC|tic=2584|mle_ms=67.963|monotonic_ms=60|clock_delta_ms=7.963
|clock_suspect=0
PMLE_LIVE_REPLAY_TIC|tic=2585|mle_ms=26.057|monotonic_ms=30|clock_delta_ms=3.943
|clock_suspect=0
PMLE_LIVE_REPLAY_TIC|tic=2586|mle_ms=50.776|monotonic_ms=50|clock_delta_ms=.776|
clock_suspect=0
PMLE_LIVE_REPLAY_TIC|tic=2587|mle_ms=49.073|monotonic_ms=50|clock_delta_ms=.927|
clock_suspect=0
PMLE_LIVE_REPLAY_TIC|tic=2588|mle_ms=28.556|monotonic_ms=30|clock_delta_ms=1.444
|clock_suspect=0
PMLE_LIVE_REPLAY_TIC|tic=2589|mle_ms=29.47|monotonic_ms=30|clock_delta_ms=.53|cl
ock_suspect=0
PMLE_LIVE_REPLAY_TIC|tic=2590|mle_ms=56.272|monotonic_ms=60|clock_delta_ms=3.728
|clock_suspect=0
PMLE_LIVE_REPLAY_TIC|tic=2591|mle_ms=62.227|monotonic_ms=60|clock_delta_ms=2.227
|clock_suspect=0
PMLE_LIVE_REPLAY_TIC|tic=2592|mle_ms=29.466|monotonic_ms=30|clock_delta_ms=.534|
clock_suspect=0
PMLE_LIVE_REPLAY_TIC|tic=2593|mle_ms=118.051|monotonic_ms=120|clock_delta_ms=1.9
49|clock_suspect=0
PMLE_LIVE_REPLAY_TIC|tic=2594|mle_ms=35.253|monotonic_ms=30|clock_delta_ms=5.253
|clock_suspect=0
PMLE_LIVE_REPLAY_TIC|tic=2595|mle_ms=26.263|monotonic_ms=30|clock_delta_ms=3.737
|clock_suspect=0
PMLE_LIVE_REPLAY_TIC|tic=2596|mle_ms=92.302|monotonic_ms=90|clock_delta_ms=2.302
|clock_suspect=0
PMLE_LIVE_REPLAY_TIC|tic=2597|mle_ms=26.482|monotonic_ms=30|clock_delta_ms=3.518
|clock_suspect=0
PMLE_LIVE_REPLAY_TIC|tic=2598|mle_ms=26.306|monotonic_ms=20|clock_delta_ms=6.306
|clock_suspect=0
PMLE_LIVE_REPLAY_TIC|tic=2599|mle_ms=99.969|monotonic_ms=100|clock_delta_ms=.031
|clock_suspect=0
PMLE_LIVE_REPLAY_TIC|tic=2600|mle_ms=25.855|monotonic_ms=30|clock_delta_ms=4.145
|clock_suspect=0
PMLE_LIVE_REPLAY_TIC|tic=2601|mle_ms=62.611|monotonic_ms=60|clock_delta_ms=2.611
|clock_suspect=0
PMLE_LIVE_REPLAY_TIC|tic=2602|mle_ms=144.189|monotonic_ms=140|clock_delta_ms=4.1
89|clock_suspect=0
PMLE_LIVE_REPLAY_TIC|tic=2603|mle_ms=47.968|monotonic_ms=50|clock_delta_ms=2.032
|clock_suspect=0
PMLE_LIVE_REPLAY_TIC|tic=2604|mle_ms=36.877|monotonic_ms=40|clock_delta_ms=3.123
|clock_suspect=0
PMLE_LIVE_REPLAY_TIC|tic=2605|mle_ms=116.428|monotonic_ms=110|clock_delta_ms=6.4
28|clock_suspect=0
PMLE_LIVE_REPLAY_TIC|tic=2606|mle_ms=46.442|monotonic_ms=50|clock_delta_ms=3.558
|clock_suspect=0
PMLE_LIVE_REPLAY_TIC|tic=2607|mle_ms=28.412|monotonic_ms=30|clock_delta_ms=1.588
|clock_suspect=0
PMLE_LIVE_REPLAY_TIC|tic=2608|mle_ms=118.068|monotonic_ms=120|clock_delta_ms=1.9
32|clock_suspect=0
PMLE_LIVE_REPLAY_TIC|tic=2609|mle_ms=40.104|monotonic_ms=40|clock_delta_ms=.104|
clock_suspect=0
PMLE_LIVE_REPLAY_TIC|tic=2610|mle_ms=40.955|monotonic_ms=40|clock_delta_ms=.955|
clock_suspect=0
PMLE_LIVE_REPLAY_TIC|tic=2611|mle_ms=173.246|monotonic_ms=170|clock_delta_ms=3.2
46|clock_suspect=0
PMLE_LIVE_REPLAY_TIC|tic=2612|mle_ms=38.401|monotonic_ms=40|clock_delta_ms=1.599
|clock_suspect=0
PMLE_LIVE_REPLAY_TIC|tic=2613|mle_ms=70.055|monotonic_ms=70|clock_delta_ms=.055|
clock_suspect=0
PMLE_LIVE_REPLAY_TIC|tic=2614|mle_ms=228.561|monotonic_ms=230|clock_delta_ms=1.4
39|clock_suspect=0
PMLE_LIVE_REPLAY_TIC|tic=2615|mle_ms=50.07|monotonic_ms=50|clock_delta_ms=.07|cl
ock_suspect=0
PMLE_LIVE_REPLAY_TIC|tic=2616|mle_ms=60.996|monotonic_ms=60|clock_delta_ms=.996|
clock_suspect=0
PMLE_LIVE_REPLAY_TIC|tic=2617|mle_ms=155.21|monotonic_ms=160|clock_delta_ms=4.79
|clock_suspect=0
PMLE_LIVE_REPLAY_TIC|tic=2618|mle_ms=32.796|monotonic_ms=30|clock_delta_ms=2.796
|clock_suspect=0
PMLE_LIVE_REPLAY_TIC|tic=2619|mle_ms=31.702|monotonic_ms=30|clock_delta_ms=1.702
|clock_suspect=0
PMLE_LIVE_REPLAY_TIC|tic=2620|mle_ms=149.346|monotonic_ms=150|clock_delta_ms=.65
4|clock_suspect=0
PMLE_LIVE_REPLAY_TIC|tic=2621|mle_ms=71.621|monotonic_ms=70|clock_delta_ms=1.621
|clock_suspect=0
PMLE_LIVE_REPLAY_TIC|tic=2622|mle_ms=36.88|monotonic_ms=40|clock_delta_ms=3.12|c
lock_suspect=0
PMLE_LIVE_REPLAY_TIC|tic=2623|mle_ms=155.151|monotonic_ms=150|clock_delta_ms=5.1
51|clock_suspect=0
PMLE_LIVE_REPLAY_TIC|tic=2624|mle_ms=41.719|monotonic_ms=50|clock_delta_ms=8.281
|clock_suspect=0
PMLE_LIVE_REPLAY_TIC|tic=2625|mle_ms=28.604|monotonic_ms=20|clock_delta_ms=8.604
|clock_suspect=0
PMLE_LIVE_REPLAY_TIC|tic=2626|mle_ms=171.205|monotonic_ms=180|clock_delta_ms=8.7
95|clock_suspect=0
PMLE_LIVE_REPLAY_TIC|tic=2627|mle_ms=33.836|monotonic_ms=30|clock_delta_ms=3.836
|clock_suspect=0
PMLE_LIVE_REPLAY_TIC|tic=2628|mle_ms=33.478|monotonic_ms=30|clock_delta_ms=3.478
|clock_suspect=0
PMLE_LIVE_REPLAY_TIC|tic=2629|mle_ms=211.741|monotonic_ms=210|clock_delta_ms=1.7
41|clock_suspect=0
PMLE_LIVE_REPLAY_TIC|tic=2630|mle_ms=40.106|monotonic_ms=40|clock_delta_ms=.106|
clock_suspect=0
PMLE_LIVE_REPLAY_TIC|tic=2631|mle_ms=74.657|monotonic_ms=80|clock_delta_ms=5.343
|clock_suspect=0
PMLE_LIVE_REPLAY_TIC|tic=2632|mle_ms=225.228|monotonic_ms=220|clock_delta_ms=5.2
28|clock_suspect=0
PMLE_LIVE_REPLAY_TIC|tic=2633|mle_ms=50.828|monotonic_ms=60|clock_delta_ms=9.172
|clock_suspect=0
PMLE_LIVE_REPLAY_TIC|tic=2634|mle_ms=44.187|monotonic_ms=40|clock_delta_ms=4.187
|clock_suspect=0
PMLE_LIVE_REPLAY_TIC|tic=2635|mle_ms=163.804|monotonic_ms=160|clock_delta_ms=3.8
04|clock_suspect=0
PMLE_LIVE_REPLAY_TIC|tic=2636|mle_ms=42.113|monotonic_ms=50|clock_delta_ms=7.887
|clock_suspect=0
PMLE_LIVE_REPLAY_TIC|tic=2637|mle_ms=31.774|monotonic_ms=30|clock_delta_ms=1.774
|clock_suspect=0
PMLE_LIVE_REPLAY_TIC|tic=2638|mle_ms=130.873|monotonic_ms=130|clock_delta_ms=.87
3|clock_suspect=0
PMLE_LIVE_REPLAY_TIC|tic=2639|mle_ms=26.997|monotonic_ms=30|clock_delta_ms=3.003
|clock_suspect=0
PMLE_LIVE_REPLAY_TIC|tic=2640|mle_ms=27.734|monotonic_ms=20|clock_delta_ms=7.734
|clock_suspect=0
PMLE_LIVE_REPLAY_TIC|tic=2641|mle_ms=161.083|monotonic_ms=170|clock_delta_ms=8.9
17|clock_suspect=0
PMLE_LIVE_REPLAY_TIC|tic=2642|mle_ms=14.245|monotonic_ms=10|clock_delta_ms=4.245
|clock_suspect=0
PMLE_LIVE_REPLAY_TIC|tic=2643|mle_ms=28.627|monotonic_ms=30|clock_delta_ms=1.373
|clock_suspect=0
PMLE_LIVE_REPLAY_TIC|tic=2644|mle_ms=162.615|monotonic_ms=160|clock_delta_ms=2.6
15|clock_suspect=0
PMLE_LIVE_REPLAY_TIC|tic=2645|mle_ms=16.364|monotonic_ms=20|clock_delta_ms=3.636
|clock_suspect=0
PMLE_LIVE_REPLAY_TIC|tic=2646|mle_ms=35.157|monotonic_ms=30|clock_delta_ms=5.157
|clock_suspect=0
PMLE_LIVE_REPLAY_TIC|tic=2647|mle_ms=124.841|monotonic_ms=130|clock_delta_ms=5.1
59|clock_suspect=0
PMLE_LIVE_REPLAY_TIC|tic=2648|mle_ms=16.458|monotonic_ms=10|clock_delta_ms=6.458
|clock_suspect=0
PMLE_LIVE_REPLAY_TIC|tic=2649|mle_ms=19.136|monotonic_ms=20|clock_delta_ms=.864|
clock_suspect=0
PMLE_LIVE_REPLAY_TIC|tic=2650|mle_ms=135.801|monotonic_ms=140|clock_delta_ms=4.1
99|clock_suspect=0
PMLE_LIVE_REPLAY_TIC|tic=2651|mle_ms=47.453|monotonic_ms=50|clock_delta_ms=2.547
|clock_suspect=0
PMLE_LIVE_REPLAY_TIC|tic=2652|mle_ms=15.322|monotonic_ms=10|clock_delta_ms=5.322
|clock_suspect=0
PMLE_LIVE_REPLAY_TIC|tic=2653|mle_ms=154.866|monotonic_ms=160|clock_delta_ms=5.1
34|clock_suspect=0
PMLE_LIVE_REPLAY_TIC|tic=2654|mle_ms=26.809|monotonic_ms=20|clock_delta_ms=6.809
|clock_suspect=0
PMLE_LIVE_REPLAY_TIC|tic=2655|mle_ms=16.471|monotonic_ms=20|clock_delta_ms=3.529
|clock_suspect=0
PMLE_LIVE_REPLAY_TIC|tic=2656|mle_ms=159.546|monotonic_ms=160|clock_delta_ms=.45
4|clock_suspect=0
PMLE_LIVE_REPLAY_TIC|tic=2657|mle_ms=14.463|monotonic_ms=10|clock_delta_ms=4.463
|clock_suspect=0
PMLE_LIVE_REPLAY_TIC|tic=2658|mle_ms=14.227|monotonic_ms=20|clock_delta_ms=5.773
|clock_suspect=0
PMLE_LIVE_REPLAY_TIC|tic=2659|mle_ms=123.972|monotonic_ms=120|clock_delta_ms=3.9
72|clock_suspect=0
PMLE_LIVE_REPLAY_TIC|tic=2660|mle_ms=19.697|monotonic_ms=20|clock_delta_ms=.303|
clock_suspect=0
PMLE_LIVE_REPLAY_TIC|tic=2661|mle_ms=53.227|monotonic_ms=60|clock_delta_ms=6.773
|clock_suspect=0
PMLE_LIVE_REPLAY_TIC|tic=2662|mle_ms=124.278|monotonic_ms=120|clock_delta_ms=4.2
78|clock_suspect=0
PMLE_LIVE_REPLAY_TIC|tic=2663|mle_ms=28.316|monotonic_ms=30|clock_delta_ms=1.684
|clock_suspect=0
PMLE_LIVE_REPLAY_TIC|tic=2664|mle_ms=24.423|monotonic_ms=20|clock_delta_ms=4.423
|clock_suspect=0
PMLE_LIVE_REPLAY_TIC|tic=2665|mle_ms=128.274|monotonic_ms=130|clock_delta_ms=1.7
26|clock_suspect=0
PMLE_LIVE_REPLAY_TIC|tic=2666|mle_ms=24.463|monotonic_ms=30|clock_delta_ms=5.537
|clock_suspect=0
PMLE_LIVE_REPLAY_TIC|tic=2667|mle_ms=11.42|monotonic_ms=10|clock_delta_ms=1.42|c
lock_suspect=0
PMLE_LIVE_REPLAY_TIC|tic=2668|mle_ms=124.272|monotonic_ms=120|clock_delta_ms=4.2
72|clock_suspect=0
PMLE_LIVE_REPLAY_TIC|tic=2669|mle_ms=13.524|monotonic_ms=20|clock_delta_ms=6.476
|clock_suspect=0
PMLE_LIVE_REPLAY_TIC|tic=2670|mle_ms=11.782|monotonic_ms=10|clock_delta_ms=1.782
|clock_suspect=0
PMLE_LIVE_REPLAY_TIC|tic=2671|mle_ms=151.012|monotonic_ms=150|clock_delta_ms=1.0
12|clock_suspect=0
PMLE_LIVE_REPLAY_TIC|tic=2672|mle_ms=15.975|monotonic_ms=10|clock_delta_ms=5.975
|clock_suspect=0
PMLE_LIVE_REPLAY_TIC|tic=2673|mle_ms=32.875|monotonic_ms=40|clock_delta_ms=7.125
|clock_suspect=0
PMLE_LIVE_REPLAY_TIC|tic=2674|mle_ms=130.054|monotonic_ms=130|clock_delta_ms=.05
4|clock_suspect=0
PMLE_LIVE_REPLAY_TIC|tic=2675|mle_ms=13.212|monotonic_ms=10|clock_delta_ms=3.212
|clock_suspect=0
PMLE_LIVE_REPLAY_TIC|tic=2676|mle_ms=27.624|monotonic_ms=30|clock_delta_ms=2.376
|clock_suspect=0
PMLE_LIVE_REPLAY_TIC|tic=2677|mle_ms=133.879|monotonic_ms=130|clock_delta_ms=3.8
79|clock_suspect=0
PMLE_LIVE_REPLAY_TIC|tic=2678|mle_ms=14.396|monotonic_ms=20|clock_delta_ms=5.604
|clock_suspect=0
PMLE_LIVE_REPLAY_TIC|tic=2679|mle_ms=15.818|monotonic_ms=10|clock_delta_ms=5.818
|clock_suspect=0
PMLE_LIVE_REPLAY_TIC|tic=2680|mle_ms=123.034|monotonic_ms=130|clock_delta_ms=6.9
66|clock_suspect=0
PMLE_LIVE_REPLAY_TIC|tic=2681|mle_ms=42.99|monotonic_ms=40|clock_delta_ms=2.99|c
lock_suspect=0
PMLE_LIVE_REPLAY_TIC|tic=2682|mle_ms=16.978|monotonic_ms=20|clock_delta_ms=3.022
|clock_suspect=0
PMLE_LIVE_REPLAY_TIC|tic=2683|mle_ms=143.516|monotonic_ms=140|clock_delta_ms=3.5
16|clock_suspect=0
PMLE_LIVE_REPLAY_TIC|tic=2684|mle_ms=22.007|monotonic_ms=20|clock_delta_ms=2.007
|clock_suspect=0
PMLE_LIVE_REPLAY_TIC|tic=2685|mle_ms=12.412|monotonic_ms=10|clock_delta_ms=2.412
|clock_suspect=0
PMLE_LIVE_REPLAY_TIC|tic=2686|mle_ms=161.904|monotonic_ms=170|clock_delta_ms=8.0
96|clock_suspect=0
PMLE_LIVE_REPLAY_TIC|tic=2687|mle_ms=13.922|monotonic_ms=10|clock_delta_ms=3.922
|clock_suspect=0
PMLE_LIVE_REPLAY_TIC|tic=2688|mle_ms=16.131|monotonic_ms=20|clock_delta_ms=3.869
|clock_suspect=0
PMLE_LIVE_REPLAY_TIC|tic=2689|mle_ms=160.703|monotonic_ms=160|clock_delta_ms=.70
3|clock_suspect=0
PMLE_LIVE_REPLAY_TIC|tic=2690|mle_ms=14.828|monotonic_ms=10|clock_delta_ms=4.828
|clock_suspect=0
PMLE_LIVE_REPLAY_TIC|tic=2691|mle_ms=51.513|monotonic_ms=50|clock_delta_ms=1.513
|clock_suspect=0
PMLE_LIVE_REPLAY_TIC|tic=2692|mle_ms=151.933|monotonic_ms=160|clock_delta_ms=8.0
67|clock_suspect=0
PMLE_LIVE_REPLAY_TIC|tic=2693|mle_ms=28.554|monotonic_ms=20|clock_delta_ms=8.554
|clock_suspect=0
PMLE_LIVE_REPLAY_TIC|tic=2694|mle_ms=20.947|monotonic_ms=30|clock_delta_ms=9.053
|clock_suspect=0
PMLE_LIVE_REPLAY_TIC|tic=2695|mle_ms=123.473|monotonic_ms=120|clock_delta_ms=3.4
73|clock_suspect=0
PMLE_LIVE_REPLAY_TIC|tic=2696|mle_ms=25.883|monotonic_ms=30|clock_delta_ms=4.117
|clock_suspect=0
PMLE_LIVE_REPLAY_TIC|tic=2697|mle_ms=10.716|monotonic_ms=10|clock_delta_ms=.716|
clock_suspect=0
PMLE_LIVE_REPLAY_TIC|tic=2698|mle_ms=120.698|monotonic_ms=120|clock_delta_ms=.69
8|clock_suspect=0
PMLE_LIVE_REPLAY_TIC|tic=2699|mle_ms=13.324|monotonic_ms=10|clock_delta_ms=3.324
|clock_suspect=0
PMLE_LIVE_REPLAY_TIC|tic=2700|mle_ms=11.367|monotonic_ms=10|clock_delta_ms=1.367
|clock_suspect=0
PMLE_LIVE_REPLAY_TIC|tic=2701|mle_ms=166.396|monotonic_ms=170|clock_delta_ms=3.6
04|clock_suspect=0
PMLE_LIVE_REPLAY_TIC|tic=2702|mle_ms=14.134|monotonic_ms=10|clock_delta_ms=4.134
|clock_suspect=0
PMLE_LIVE_REPLAY_TIC|tic=2703|mle_ms=26.977|monotonic_ms=30|clock_delta_ms=3.023
|clock_suspect=0
PMLE_LIVE_REPLAY_TIC|tic=2704|mle_ms=139.044|monotonic_ms=140|clock_delta_ms=.95
6|clock_suspect=0
PMLE_LIVE_REPLAY_TIC|tic=2705|mle_ms=14.034|monotonic_ms=10|clock_delta_ms=4.034
|clock_suspect=0
PMLE_LIVE_REPLAY_TIC|tic=2706|mle_ms=28.219|monotonic_ms=30|clock_delta_ms=1.781
|clock_suspect=0
PMLE_LIVE_REPLAY_TIC|tic=2707|mle_ms=132.119|monotonic_ms=130|clock_delta_ms=2.1
19|clock_suspect=0
PMLE_LIVE_REPLAY_TIC|tic=2708|mle_ms=13.05|monotonic_ms=10|clock_delta_ms=3.05|c
lock_suspect=0
PMLE_LIVE_REPLAY_TIC|tic=2709|mle_ms=14.132|monotonic_ms=20|clock_delta_ms=5.868
|clock_suspect=0
PMLE_LIVE_REPLAY_TIC|tic=2710|mle_ms=185.169|monotonic_ms=180|clock_delta_ms=5.1
69|clock_suspect=0
PMLE_LIVE_REPLAY_TIC|tic=2711|mle_ms=54.862|monotonic_ms=60|clock_delta_ms=5.138
|clock_suspect=0
PMLE_LIVE_REPLAY_TIC|tic=2712|mle_ms=21.622|monotonic_ms=20|clock_delta_ms=1.622
|clock_suspect=0
PMLE_LIVE_REPLAY_TIC|tic=2713|mle_ms=192.93|monotonic_ms=190|clock_delta_ms=2.93
|clock_suspect=0
PMLE_LIVE_REPLAY_TIC|tic=2714|mle_ms=34.891|monotonic_ms=40|clock_delta_ms=5.109
|clock_suspect=0
PMLE_LIVE_REPLAY_TIC|tic=2715|mle_ms=16.167|monotonic_ms=20|clock_delta_ms=3.833
|clock_suspect=0
PMLE_LIVE_REPLAY_TIC|tic=2716|mle_ms=164.363|monotonic_ms=160|clock_delta_ms=4.3
63|clock_suspect=0
PMLE_LIVE_REPLAY_TIC|tic=2717|mle_ms=14.102|monotonic_ms=10|clock_delta_ms=4.102
|clock_suspect=0
PMLE_LIVE_REPLAY_TIC|tic=2718|mle_ms=14.927|monotonic_ms=20|clock_delta_ms=5.073
|clock_suspect=0
PMLE_LIVE_REPLAY_TIC|tic=2719|mle_ms=124.764|monotonic_ms=120|clock_delta_ms=4.7
64|clock_suspect=0
PMLE_LIVE_REPLAY_TIC|tic=2720|mle_ms=12.328|monotonic_ms=20|clock_delta_ms=7.672
|clock_suspect=0
PMLE_LIVE_REPLAY_TIC|tic=2721|mle_ms=56.261|monotonic_ms=50|clock_delta_ms=6.261
|clock_suspect=0
PMLE_LIVE_REPLAY_TIC|tic=2722|mle_ms=127.043|monotonic_ms=130|clock_delta_ms=2.9
57|clock_suspect=0
PMLE_LIVE_REPLAY_TIC|tic=2723|mle_ms=25.308|monotonic_ms=20|clock_delta_ms=5.308
|clock_suspect=0
PMLE_LIVE_REPLAY_TIC|tic=2724|mle_ms=25.348|monotonic_ms=30|clock_delta_ms=4.652
|clock_suspect=0
PMLE_LIVE_REPLAY_TIC|tic=2725|mle_ms=127.954|monotonic_ms=130|clock_delta_ms=2.0
46|clock_suspect=0
PMLE_LIVE_REPLAY_TIC|tic=2726|mle_ms=24.274|monotonic_ms=20|clock_delta_ms=4.274
|clock_suspect=0
PMLE_LIVE_REPLAY_TIC|tic=2727|mle_ms=10.035|monotonic_ms=10|clock_delta_ms=.035|
clock_suspect=0
PMLE_LIVE_REPLAY_TIC|tic=2728|mle_ms=163.874|monotonic_ms=170|clock_delta_ms=6.1
26|clock_suspect=0
PMLE_LIVE_REPLAY_TIC|tic=2729|mle_ms=15.788|monotonic_ms=10|clock_delta_ms=5.788
|clock_suspect=0
PMLE_LIVE_REPLAY_TIC|tic=2730|mle_ms=13.413|monotonic_ms=20|clock_delta_ms=6.587
|clock_suspect=0
PMLE_LIVE_REPLAY_TIC|tic=2731|mle_ms=170.869|monotonic_ms=170|clock_delta_ms=.86
9|clock_suspect=0
PMLE_LIVE_REPLAY_TIC|tic=2732|mle_ms=13.461|monotonic_ms=10|clock_delta_ms=3.461
|clock_suspect=0
PMLE_LIVE_REPLAY_TIC|tic=2733|mle_ms=28.548|monotonic_ms=30|clock_delta_ms=1.452
|clock_suspect=0
PMLE_LIVE_REPLAY_TIC|tic=2734|mle_ms=148.837|monotonic_ms=150|clock_delta_ms=1.1
63|clock_suspect=0
PMLE_LIVE_REPLAY_TIC|tic=2735|mle_ms=10.255|monotonic_ms=10|clock_delta_ms=.255|
clock_suspect=0
PMLE_LIVE_REPLAY_TIC|tic=2736|mle_ms=24.611|monotonic_ms=20|clock_delta_ms=4.611
|clock_suspect=0
PMLE_LIVE_REPLAY_TIC|tic=2737|mle_ms=126.085|monotonic_ms=130|clock_delta_ms=3.9
15|clock_suspect=0
PMLE_LIVE_REPLAY_TIC|tic=2738|mle_ms=10.549|monotonic_ms=10|clock_delta_ms=.549|
clock_suspect=0
PMLE_LIVE_REPLAY_TIC|tic=2739|mle_ms=13.475|monotonic_ms=10|clock_delta_ms=3.475
|clock_suspect=0
PMLE_LIVE_REPLAY_TIC|tic=2740|mle_ms=131.68|monotonic_ms=140|clock_delta_ms=8.32
|clock_suspect=0
PMLE_LIVE_REPLAY_TIC|tic=2741|mle_ms=39.744|monotonic_ms=40|clock_delta_ms=.256|
clock_suspect=0
PMLE_LIVE_REPLAY_TIC|tic=2742|mle_ms=13.59|monotonic_ms=10|clock_delta_ms=3.59|c
lock_suspect=0
PMLE_LIVE_REPLAY_TIC|tic=2743|mle_ms=151.121|monotonic_ms=150|clock_delta_ms=1.1
21|clock_suspect=0
PMLE_LIVE_REPLAY_TIC|tic=2744|mle_ms=23.868|monotonic_ms=20|clock_delta_ms=3.868
|clock_suspect=0
PMLE_LIVE_REPLAY_TIC|tic=2745|mle_ms=11.83|monotonic_ms=20|clock_delta_ms=8.17|c
lock_suspect=0
PMLE_LIVE_REPLAY_TIC|tic=2746|mle_ms=164.559|monotonic_ms=160|clock_delta_ms=4.5
59|clock_suspect=0
PMLE_LIVE_REPLAY_TIC|tic=2747|mle_ms=12.639|monotonic_ms=10|clock_delta_ms=2.639
|clock_suspect=0
PMLE_LIVE_REPLAY_TIC|tic=2748|mle_ms=13.262|monotonic_ms=20|clock_delta_ms=6.738
|clock_suspect=0
PMLE_LIVE_REPLAY_TIC|tic=2749|mle_ms=149.008|monotonic_ms=150|clock_delta_ms=.99
2|clock_suspect=0
PMLE_LIVE_REPLAY_TIC|tic=2750|mle_ms=11.432|monotonic_ms=10|clock_delta_ms=1.432
|clock_suspect=0
PMLE_LIVE_REPLAY_TIC|tic=2751|mle_ms=41.15|monotonic_ms=40|clock_delta_ms=1.15|c
lock_suspect=0
PMLE_LIVE_REPLAY_TIC|tic=2752|mle_ms=174.73|monotonic_ms=170|clock_delta_ms=4.73
|clock_suspect=0
PMLE_LIVE_REPLAY_TIC|tic=2753|mle_ms=28.248|monotonic_ms=30|clock_delta_ms=1.752
|clock_suspect=0
PMLE_LIVE_REPLAY_TIC|tic=2754|mle_ms=20.997|monotonic_ms=20|clock_delta_ms=.997|
clock_suspect=0
PMLE_LIVE_REPLAY_TIC|tic=2755|mle_ms=164.977|monotonic_ms=170|clock_delta_ms=5.0
23|clock_suspect=0
PMLE_LIVE_REPLAY_TIC|tic=2756|mle_ms=27.93|monotonic_ms=30|clock_delta_ms=2.07|c
lock_suspect=0
PMLE_LIVE_REPLAY_TIC|tic=2757|mle_ms=8.722|monotonic_ms=0|clock_delta_ms=8.722|c
lock_suspect=0
PMLE_LIVE_REPLAY_TIC|tic=2758|mle_ms=201.384|monotonic_ms=210|clock_delta_ms=8.6
16|clock_suspect=0
PMLE_LIVE_REPLAY_TIC|tic=2759|mle_ms=11.847|monotonic_ms=10|clock_delta_ms=1.847
|clock_suspect=0
PMLE_LIVE_REPLAY_TIC|tic=2760|mle_ms=10.198|monotonic_ms=10|clock_delta_ms=.198|
clock_suspect=0
PMLE_LIVE_REPLAY_TIC|tic=2761|mle_ms=201.485|monotonic_ms=200|clock_delta_ms=1.4
85|clock_suspect=0
PMLE_LIVE_REPLAY_TIC|tic=2762|mle_ms=12.555|monotonic_ms=10|clock_delta_ms=2.555
|clock_suspect=0
PMLE_LIVE_REPLAY_TIC|tic=2763|mle_ms=26.914|monotonic_ms=30|clock_delta_ms=3.086
|clock_suspect=0
PMLE_LIVE_REPLAY_TIC|tic=2764|mle_ms=167.422|monotonic_ms=170|clock_delta_ms=2.5
78|clock_suspect=0
PMLE_LIVE_REPLAY_TIC|tic=2765|mle_ms=8.817|monotonic_ms=10|clock_delta_ms=1.183|
clock_suspect=0
PMLE_LIVE_REPLAY_TIC|tic=2766|mle_ms=22.943|monotonic_ms=20|clock_delta_ms=2.943
|clock_suspect=0
PMLE_LIVE_REPLAY_TIC|tic=2767|mle_ms=134.742|monotonic_ms=130|clock_delta_ms=4.7
42|clock_suspect=0
PMLE_LIVE_REPLAY_TIC|tic=2768|mle_ms=8.369|monotonic_ms=10|clock_delta_ms=1.631|
clock_suspect=0
PMLE_LIVE_REPLAY_TIC|tic=2769|mle_ms=9.657|monotonic_ms=10|clock_delta_ms=.343|c
lock_suspect=0
PMLE_LIVE_REPLAY_TIC|tic=2770|mle_ms=141.556|monotonic_ms=140|clock_delta_ms=1.5
56|clock_suspect=0
PMLE_LIVE_REPLAY_TIC|tic=2771|mle_ms=40.039|monotonic_ms=40|clock_delta_ms=.039|
clock_suspect=0
PMLE_LIVE_REPLAY_TIC|tic=2772|mle_ms=12.09|monotonic_ms=20|clock_delta_ms=7.91|c
lock_suspect=0
PMLE_LIVE_REPLAY_TIC|tic=2773|mle_ms=182.069|monotonic_ms=180|clock_delta_ms=2.0
69|clock_suspect=0
PMLE_LIVE_REPLAY_TIC|tic=2774|mle_ms=20.294|monotonic_ms=20|clock_delta_ms=.294|
clock_suspect=0
PMLE_LIVE_REPLAY_TIC|tic=2775|mle_ms=9.332|monotonic_ms=10|clock_delta_ms=.668|c
lock_suspect=0
PMLE_LIVE_REPLAY_TIC|tic=2776|mle_ms=132.15|monotonic_ms=130|clock_delta_ms=2.15
|clock_suspect=0
PMLE_LIVE_REPLAY_TIC|tic=2777|mle_ms=7.532|monotonic_ms=10|clock_delta_ms=2.468|
clock_suspect=0
PMLE_LIVE_REPLAY_TIC|tic=2778|mle_ms=8.268|monotonic_ms=10|clock_delta_ms=1.732|
clock_suspect=0
PMLE_LIVE_REPLAY_TIC|tic=2779|mle_ms=144.749|monotonic_ms=140|clock_delta_ms=4.7
49|clock_suspect=0
PMLE_LIVE_REPLAY_TIC|tic=2780|mle_ms=8.113|monotonic_ms=10|clock_delta_ms=1.887|
clock_suspect=0
PMLE_LIVE_REPLAY_TIC|tic=2781|mle_ms=37.164|monotonic_ms=40|clock_delta_ms=2.836
|clock_suspect=0
PMLE_LIVE_REPLAY_TIC|tic=2782|mle_ms=119.113|monotonic_ms=120|clock_delta_ms=.88
7|clock_suspect=0
PMLE_LIVE_REPLAY_TIC|tic=2783|mle_ms=23.498|monotonic_ms=20|clock_delta_ms=3.498
|clock_suspect=0
PMLE_LIVE_REPLAY_TIC|tic=2784|mle_ms=21.445|monotonic_ms=20|clock_delta_ms=1.445
|clock_suspect=0
PMLE_LIVE_REPLAY_TIC|tic=2785|mle_ms=153.775|monotonic_ms=150|clock_delta_ms=3.7
75|clock_suspect=0
PMLE_LIVE_REPLAY_TIC|tic=2786|mle_ms=35.668|monotonic_ms=40|clock_delta_ms=4.332
|clock_suspect=0
PMLE_LIVE_REPLAY_TIC|tic=2787|mle_ms=10.895|monotonic_ms=10|clock_delta_ms=.895|
clock_suspect=0
PMLE_LIVE_REPLAY_TIC|tic=2788|mle_ms=158.853|monotonic_ms=160|clock_delta_ms=1.1
47|clock_suspect=0
PMLE_LIVE_REPLAY_TIC|tic=2789|mle_ms=11.617|monotonic_ms=10|clock_delta_ms=1.617
|clock_suspect=0
PMLE_LIVE_REPLAY_TIC|tic=2790|mle_ms=10.71|monotonic_ms=10|clock_delta_ms=.71|cl
ock_suspect=0
PMLE_LIVE_REPLAY_TIC|tic=2791|mle_ms=153.884|monotonic_ms=160|clock_delta_ms=6.1
16|clock_suspect=0
PMLE_LIVE_REPLAY_TIC|tic=2792|mle_ms=8.948|monotonic_ms=10|clock_delta_ms=1.052|
clock_suspect=0
PMLE_LIVE_REPLAY_TIC|tic=2793|mle_ms=22.762|monotonic_ms=20|clock_delta_ms=2.762
|clock_suspect=0
PMLE_LIVE_REPLAY_TIC|tic=2794|mle_ms=159.793|monotonic_ms=160|clock_delta_ms=.20
7|clock_suspect=0
PMLE_LIVE_REPLAY_TIC|tic=2795|mle_ms=12.049|monotonic_ms=10|clock_delta_ms=2.049
|clock_suspect=0
PMLE_LIVE_REPLAY_TIC|tic=2796|mle_ms=44.009|monotonic_ms=40|clock_delta_ms=4.009
|clock_suspect=0
PMLE_LIVE_REPLAY_TIC|tic=2797|mle_ms=190.722|monotonic_ms=200|clock_delta_ms=9.2
78|clock_suspect=0
PMLE_LIVE_REPLAY_TIC|tic=2798|mle_ms=13.073|monotonic_ms=10|clock_delta_ms=3.073
|clock_suspect=0
PMLE_LIVE_REPLAY_TIC|tic=2799|mle_ms=14.069|monotonic_ms=10|clock_delta_ms=4.069
|clock_suspect=0
PMLE_LIVE_REPLAY_TIC|tic=2800|mle_ms=168.331|monotonic_ms=170|clock_delta_ms=1.6
69|clock_suspect=0
PMLE_LIVE_REPLAY_TIC|tic=2801|mle_ms=42.911|monotonic_ms=50|clock_delta_ms=7.089
|clock_suspect=0
PMLE_LIVE_REPLAY_TIC|tic=2802|mle_ms=11.478|monotonic_ms=10|clock_delta_ms=1.478
|clock_suspect=0
PMLE_LIVE_REPLAY_TIC|tic=2803|mle_ms=171.472|monotonic_ms=170|clock_delta_ms=1.4
72|clock_suspect=0
PMLE_LIVE_REPLAY_TIC|tic=2804|mle_ms=17.818|monotonic_ms=20|clock_delta_ms=2.182
|clock_suspect=0
PMLE_LIVE_REPLAY_TIC|tic=2805|mle_ms=8.765|monotonic_ms=10|clock_delta_ms=1.235|
clock_suspect=0
PMLE_LIVE_REPLAY_TIC|tic=2806|mle_ms=146.232|monotonic_ms=140|clock_delta_ms=6.2
32|clock_suspect=0
PMLE_LIVE_REPLAY_TIC|tic=2807|mle_ms=9.712|monotonic_ms=10|clock_delta_ms=.288|c
lock_suspect=0
PMLE_LIVE_REPLAY_TIC|tic=2808|mle_ms=10.79|monotonic_ms=10|clock_delta_ms=.79|cl
ock_suspect=0
PMLE_LIVE_REPLAY_TIC|tic=2809|mle_ms=172.202|monotonic_ms=180|clock_delta_ms=7.7
98|clock_suspect=0
PMLE_LIVE_REPLAY_TIC|tic=2810|mle_ms=9.628|monotonic_ms=10|clock_delta_ms=.372|c
lock_suspect=0
PMLE_LIVE_REPLAY_TIC|tic=2811|mle_ms=39.96|monotonic_ms=40|clock_delta_ms=.04|cl
ock_suspect=0
PMLE_LIVE_REPLAY_TIC|tic=2812|mle_ms=137.241|monotonic_ms=130|clock_delta_ms=7.2
41|clock_suspect=0
PMLE_LIVE_REPLAY_TIC|tic=2813|mle_ms=26.086|monotonic_ms=30|clock_delta_ms=3.914
|clock_suspect=0
PMLE_LIVE_REPLAY_TIC|tic=2814|mle_ms=22.287|monotonic_ms=20|clock_delta_ms=2.287
|clock_suspect=0
PMLE_LIVE_REPLAY_TIC|tic=2815|mle_ms=124.625|monotonic_ms=130|clock_delta_ms=5.3
75|clock_suspect=0
PMLE_LIVE_REPLAY_TIC|tic=2816|mle_ms=23.766|monotonic_ms=20|clock_delta_ms=3.766
|clock_suspect=0
PMLE_LIVE_REPLAY_TIC|tic=2817|mle_ms=9.638|monotonic_ms=10|clock_delta_ms=.362|c
lock_suspect=0
PMLE_LIVE_REPLAY_TIC|tic=2818|mle_ms=122.929|monotonic_ms=120|clock_delta_ms=2.9
29|clock_suspect=0
PMLE_LIVE_REPLAY_TIC|tic=2819|mle_ms=10.702|monotonic_ms=10|clock_delta_ms=.702|
clock_suspect=0
PMLE_LIVE_REPLAY_TIC|tic=2820|mle_ms=8.394|monotonic_ms=10|clock_delta_ms=1.606|
clock_suspect=0
PMLE_LIVE_REPLAY_TIC|tic=2821|mle_ms=146.945|monotonic_ms=150|clock_delta_ms=3.0
55|clock_suspect=0
PMLE_LIVE_REPLAY_TIC|tic=2822|mle_ms=11.191|monotonic_ms=10|clock_delta_ms=1.191
|clock_suspect=0
PMLE_LIVE_REPLAY_TIC|tic=2823|mle_ms=25.96|monotonic_ms=30|clock_delta_ms=4.04|c
lock_suspect=0
PMLE_LIVE_REPLAY_TIC|tic=2824|mle_ms=164.11|monotonic_ms=160|clock_delta_ms=4.11
|clock_suspect=0
PMLE_LIVE_REPLAY_TIC|tic=2825|mle_ms=10.903|monotonic_ms=10|clock_delta_ms=.903|
clock_suspect=0
PMLE_LIVE_REPLAY_TIC|tic=2826|mle_ms=27.964|monotonic_ms=30|clock_delta_ms=2.036
|clock_suspect=0
PMLE_LIVE_REPLAY_TIC|tic=2827|mle_ms=148.23|monotonic_ms=150|clock_delta_ms=1.77
|clock_suspect=0
PMLE_LIVE_REPLAY_TIC|tic=2828|mle_ms=9.309|monotonic_ms=10|clock_delta_ms=.691|c
lock_suspect=0
PMLE_LIVE_REPLAY_TIC|tic=2829|mle_ms=11.269|monotonic_ms=10|clock_delta_ms=1.269
|clock_suspect=0
PMLE_LIVE_REPLAY_TIC|tic=2830|mle_ms=121.536|monotonic_ms=120|clock_delta_ms=1.5
36|clock_suspect=0
PMLE_LIVE_REPLAY_TIC|tic=2831|mle_ms=37.736|monotonic_ms=40|clock_delta_ms=2.264
|clock_suspect=0
PMLE_LIVE_REPLAY_TIC|tic=2832|mle_ms=9.486|monotonic_ms=10|clock_delta_ms=.514|c
lock_suspect=0
PMLE_LIVE_REPLAY_TIC|tic=2833|mle_ms=151.048|monotonic_ms=150|clock_delta_ms=1.0
48|clock_suspect=0
PMLE_LIVE_REPLAY_TIC|tic=2834|mle_ms=22.056|monotonic_ms=20|clock_delta_ms=2.056
|clock_suspect=0
PMLE_LIVE_REPLAY_TIC|tic=2835|mle_ms=9.892|monotonic_ms=10|clock_delta_ms=.108|c
lock_suspect=0
PMLE_LIVE_REPLAY_TIC|tic=2836|mle_ms=138.984|monotonic_ms=140|clock_delta_ms=1.0
16|clock_suspect=0
PMLE_LIVE_REPLAY_TIC|tic=2837|mle_ms=8.884|monotonic_ms=10|clock_delta_ms=1.116|
clock_suspect=0
PMLE_LIVE_REPLAY_TIC|tic=2838|mle_ms=10.907|monotonic_ms=10|clock_delta_ms=.907|
clock_suspect=0
PMLE_LIVE_REPLAY_TIC|tic=2839|mle_ms=133.707|monotonic_ms=130|clock_delta_ms=3.7
07|clock_suspect=0
PMLE_LIVE_REPLAY_TIC|tic=2840|mle_ms=8.25|monotonic_ms=10|clock_delta_ms=1.75|cl
ock_suspect=0
PMLE_LIVE_REPLAY_TIC|tic=2841|mle_ms=37.427|monotonic_ms=40|clock_delta_ms=2.573
|clock_suspect=0
PMLE_LIVE_REPLAY_TIC|tic=2842|mle_ms=170.31|monotonic_ms=170|clock_delta_ms=.31|
clock_suspect=0
PMLE_LIVE_REPLAY_TIC|tic=2843|mle_ms=22.535|monotonic_ms=20|clock_delta_ms=2.535
|clock_suspect=0
PMLE_LIVE_REPLAY_TIC|tic=2844|mle_ms=18.906|monotonic_ms=20|clock_delta_ms=1.094
|clock_suspect=0
PMLE_LIVE_REPLAY_TIC|tic=2845|mle_ms=141.017|monotonic_ms=140|clock_delta_ms=1.0
17|clock_suspect=0
PMLE_LIVE_REPLAY_TIC|tic=2846|mle_ms=26.302|monotonic_ms=30|clock_delta_ms=3.698
|clock_suspect=0
PMLE_LIVE_REPLAY_TIC|tic=2847|mle_ms=8.671|monotonic_ms=10|clock_delta_ms=1.329|
clock_suspect=0
PMLE_LIVE_REPLAY_TIC|tic=2848|mle_ms=135.032|monotonic_ms=130|clock_delta_ms=5.0
32|clock_suspect=0
PMLE_LIVE_REPLAY_TIC|tic=2849|mle_ms=12.929|monotonic_ms=20|clock_delta_ms=7.071
|clock_suspect=0
PMLE_LIVE_REPLAY_TIC|tic=2850|mle_ms=10.845|monotonic_ms=10|clock_delta_ms=.845|
clock_suspect=0
PMLE_LIVE_REPLAY_TIC|tic=2851|mle_ms=164.154|monotonic_ms=160|clock_delta_ms=4.1
54|clock_suspect=0
PMLE_LIVE_REPLAY_TIC|tic=2852|mle_ms=9.501|monotonic_ms=10|clock_delta_ms=.499|c
lock_suspect=0
PMLE_LIVE_REPLAY_TIC|tic=2853|mle_ms=21.464|monotonic_ms=20|clock_delta_ms=1.464
|clock_suspect=0
PMLE_LIVE_REPLAY_TIC|tic=2854|mle_ms=141.457|monotonic_ms=140|clock_delta_ms=1.4
57|clock_suspect=0
PMLE_LIVE_REPLAY_TIC|tic=2855|mle_ms=10.079|monotonic_ms=10|clock_delta_ms=.079|
clock_suspect=0
PMLE_LIVE_REPLAY_TIC|tic=2856|mle_ms=26.378|monotonic_ms=30|clock_delta_ms=3.622
|clock_suspect=0
PMLE_LIVE_REPLAY_TIC|tic=2857|mle_ms=122.514|monotonic_ms=120|clock_delta_ms=2.5
14|clock_suspect=0
PMLE_LIVE_REPLAY_TIC|tic=2858|mle_ms=7.917|monotonic_ms=10|clock_delta_ms=2.083|
clock_suspect=0
PMLE_LIVE_REPLAY_TIC|tic=2859|mle_ms=10.642|monotonic_ms=10|clock_delta_ms=.642|
clock_suspect=0
PMLE_LIVE_REPLAY_TIC|tic=2860|mle_ms=136.127|monotonic_ms=140|clock_delta_ms=3.8
73|clock_suspect=0
PMLE_LIVE_REPLAY_TIC|tic=2861|mle_ms=40.079|monotonic_ms=40|clock_delta_ms=.079|
clock_suspect=0
PMLE_LIVE_REPLAY_TIC|tic=2862|mle_ms=9.679|monotonic_ms=10|clock_delta_ms=.321|c
lock_suspect=0
PMLE_LIVE_REPLAY_TIC|tic=2863|mle_ms=153.144|monotonic_ms=150|clock_delta_ms=3.1
44|clock_suspect=0
PMLE_LIVE_REPLAY_TIC|tic=2864|mle_ms=18.289|monotonic_ms=20|clock_delta_ms=1.711
|clock_suspect=0
PMLE_LIVE_REPLAY_TIC|tic=2865|mle_ms=8.244|monotonic_ms=10|clock_delta_ms=1.756|
clock_suspect=0
PMLE_LIVE_REPLAY_TIC|tic=2866|mle_ms=129.715|monotonic_ms=130|clock_delta_ms=.28
5|clock_suspect=0
PMLE_LIVE_REPLAY_TIC|tic=2867|mle_ms=7.845|monotonic_ms=10|clock_delta_ms=2.155|
clock_suspect=0
PMLE_LIVE_REPLAY_TIC|tic=2868|mle_ms=9.255|monotonic_ms=10|clock_delta_ms=.745|c
lock_suspect=0
PMLE_LIVE_REPLAY_TIC|tic=2869|mle_ms=126.3|monotonic_ms=120|clock_delta_ms=6.3|c
lock_suspect=0
PMLE_LIVE_REPLAY_TIC|tic=2870|mle_ms=8.924|monotonic_ms=10|clock_delta_ms=1.076|
clock_suspect=0
PMLE_LIVE_REPLAY_TIC|tic=2871|mle_ms=41.274|monotonic_ms=40|clock_delta_ms=1.274
|clock_suspect=0
PMLE_LIVE_REPLAY_TIC|tic=2872|mle_ms=135.167|monotonic_ms=140|clock_delta_ms=4.8
33|clock_suspect=0
PMLE_LIVE_REPLAY_TIC|tic=2873|mle_ms=23.912|monotonic_ms=20|clock_delta_ms=3.912
|clock_suspect=0
PMLE_LIVE_REPLAY_TIC|tic=2874|mle_ms=18.164|monotonic_ms=20|clock_delta_ms=1.836
|clock_suspect=0
PMLE_LIVE_REPLAY_TIC|tic=2875|mle_ms=118.817|monotonic_ms=120|clock_delta_ms=1.1
83|clock_suspect=0
PMLE_LIVE_REPLAY_TIC|tic=2876|mle_ms=21.507|monotonic_ms=20|clock_delta_ms=1.507
|clock_suspect=0
PMLE_LIVE_REPLAY_TIC|tic=2877|mle_ms=8.413|monotonic_ms=10|clock_delta_ms=1.587|
clock_suspect=0
PMLE_LIVE_REPLAY_TIC|tic=2878|mle_ms=157.781|monotonic_ms=160|clock_delta_ms=2.2
19|clock_suspect=0
PMLE_LIVE_REPLAY_TIC|tic=2879|mle_ms=10.609|monotonic_ms=10|clock_delta_ms=.609|
clock_suspect=0
PMLE_LIVE_REPLAY_TIC|tic=2880|mle_ms=8.902|monotonic_ms=10|clock_delta_ms=1.098|
clock_suspect=0
PMLE_LIVE_REPLAY_TIC|tic=2881|mle_ms=167.512|monotonic_ms=160|clock_delta_ms=7.5
12|clock_suspect=0
PMLE_LIVE_REPLAY_TIC|tic=2882|mle_ms=10.019|monotonic_ms=10|clock_delta_ms=.019|
clock_suspect=0
PMLE_LIVE_REPLAY_TIC|tic=2883|mle_ms=25.003|monotonic_ms=30|clock_delta_ms=4.997
|clock_suspect=0
PMLE_LIVE_REPLAY_TIC|tic=2884|mle_ms=190.121|monotonic_ms=190|clock_delta_ms=.12
1|clock_suspect=0
PMLE_LIVE_REPLAY_TIC|tic=2885|mle_ms=11.219|monotonic_ms=10|clock_delta_ms=1.219
|clock_suspect=0
PMLE_LIVE_REPLAY_TIC|tic=2886|mle_ms=27.202|monotonic_ms=30|clock_delta_ms=2.798
|clock_suspect=0
PMLE_LIVE_REPLAY_TIC|tic=2887|mle_ms=169.106|monotonic_ms=170|clock_delta_ms=.89
4|clock_suspect=0
PMLE_LIVE_REPLAY_TIC|tic=2888|mle_ms=10.497|monotonic_ms=10|clock_delta_ms=.497|
clock_suspect=0
PMLE_LIVE_REPLAY_TIC|tic=2889|mle_ms=11.615|monotonic_ms=10|clock_delta_ms=1.615
|clock_suspect=0
PMLE_LIVE_REPLAY_TIC|tic=2890|mle_ms=133.473|monotonic_ms=130|clock_delta_ms=3.4
73|clock_suspect=0
PMLE_LIVE_REPLAY_TIC|tic=2891|mle_ms=40.731|monotonic_ms=40|clock_delta_ms=.731|
clock_suspect=0
PMLE_LIVE_REPLAY_TIC|tic=2892|mle_ms=12.479|monotonic_ms=20|clock_delta_ms=7.521
|clock_suspect=0
PMLE_LIVE_REPLAY_TIC|tic=2893|mle_ms=156.797|monotonic_ms=150|clock_delta_ms=6.7
97|clock_suspect=0
PMLE_LIVE_REPLAY_TIC|tic=2894|mle_ms=20.243|monotonic_ms=20|clock_delta_ms=.243|
clock_suspect=0
PMLE_LIVE_REPLAY_TIC|tic=2895|mle_ms=8.213|monotonic_ms=10|clock_delta_ms=1.787|
clock_suspect=0
PMLE_LIVE_REPLAY_TIC|tic=2896|mle_ms=132.94|monotonic_ms=140|clock_delta_ms=7.06
|clock_suspect=0
PMLE_LIVE_REPLAY_TIC|tic=2897|mle_ms=8.654|monotonic_ms=0|clock_delta_ms=8.654|c
lock_suspect=0
PMLE_LIVE_REPLAY_TIC|tic=2898|mle_ms=10.782|monotonic_ms=10|clock_delta_ms=.782|
clock_suspect=0
PMLE_LIVE_REPLAY_TIC|tic=2899|mle_ms=136.259|monotonic_ms=140|clock_delta_ms=3.7
41|clock_suspect=0
PMLE_LIVE_REPLAY_TIC|tic=2900|mle_ms=9.747|monotonic_ms=10|clock_delta_ms=.253|c
lock_suspect=0
PMLE_LIVE_REPLAY_TIC|tic=2901|mle_ms=48.251|monotonic_ms=50|clock_delta_ms=1.749
|clock_suspect=0
PMLE_LIVE_REPLAY_TIC|tic=2902|mle_ms=125.087|monotonic_ms=130|clock_delta_ms=4.9
13|clock_suspect=0
PMLE_LIVE_REPLAY_TIC|tic=2903|mle_ms=23.658|monotonic_ms=20|clock_delta_ms=3.658
|clock_suspect=0
PMLE_LIVE_REPLAY_TIC|tic=2904|mle_ms=17.909|monotonic_ms=20|clock_delta_ms=2.091
|clock_suspect=0
PMLE_LIVE_REPLAY_TIC|tic=2905|mle_ms=114.512|monotonic_ms=110|clock_delta_ms=4.5
12|clock_suspect=0
PMLE_LIVE_REPLAY_TIC|tic=2906|mle_ms=23.148|monotonic_ms=30|clock_delta_ms=6.852
|clock_suspect=0
PMLE_LIVE_REPLAY_TIC|tic=2907|mle_ms=8.818|monotonic_ms=0|clock_delta_ms=8.818|c
lock_suspect=0
PMLE_LIVE_REPLAY_TIC|tic=2908|mle_ms=121.456|monotonic_ms=130|clock_delta_ms=8.5
44|clock_suspect=0
PMLE_LIVE_REPLAY_TIC|tic=2909|mle_ms=10.659|monotonic_ms=10|clock_delta_ms=.659|
clock_suspect=0
PMLE_LIVE_REPLAY_TIC|tic=2910|mle_ms=9.477|monotonic_ms=10|clock_delta_ms=.523|c
lock_suspect=0
PMLE_LIVE_REPLAY_TIC|tic=2911|mle_ms=163.501|monotonic_ms=160|clock_delta_ms=3.5
01|clock_suspect=0
PMLE_LIVE_REPLAY_TIC|tic=2912|mle_ms=9.178|monotonic_ms=10|clock_delta_ms=.822|c
lock_suspect=0
PMLE_LIVE_REPLAY_TIC|tic=2913|mle_ms=21.156|monotonic_ms=20|clock_delta_ms=1.156
|clock_suspect=0
PMLE_LIVE_REPLAY_TIC|tic=2914|mle_ms=133.086|monotonic_ms=130|clock_delta_ms=3.0
86|clock_suspect=0
PMLE_LIVE_REPLAY_TIC|tic=2915|mle_ms=9.771|monotonic_ms=10|clock_delta_ms=.229|c
lock_suspect=0
PMLE_LIVE_REPLAY_TIC|tic=2916|mle_ms=23.098|monotonic_ms=30|clock_delta_ms=6.902
|clock_suspect=0
PMLE_LIVE_REPLAY_TIC|tic=2917|mle_ms=138.082|monotonic_ms=130|clock_delta_ms=8.0
82|clock_suspect=0
PMLE_LIVE_REPLAY_TIC|tic=2918|mle_ms=9.595|monotonic_ms=10|clock_delta_ms=.405|c
lock_suspect=0
PMLE_LIVE_REPLAY_TIC|tic=2919|mle_ms=12.034|monotonic_ms=20|clock_delta_ms=7.966
|clock_suspect=0
PMLE_LIVE_REPLAY_TIC|tic=2920|mle_ms=165.993|monotonic_ms=160|clock_delta_ms=5.9
93|clock_suspect=0
PMLE_LIVE_REPLAY_TIC|tic=2921|mle_ms=46.932|monotonic_ms=50|clock_delta_ms=3.068
|clock_suspect=0
PMLE_LIVE_REPLAY_TIC|tic=2922|mle_ms=11.998|monotonic_ms=10|clock_delta_ms=1.998
|clock_suspect=0
PMLE_LIVE_REPLAY_TIC|tic=2923|mle_ms=157.201|monotonic_ms=160|clock_delta_ms=2.7
99|clock_suspect=0
PMLE_LIVE_REPLAY_TIC|tic=2924|mle_ms=18.267|monotonic_ms=20|clock_delta_ms=1.733
|clock_suspect=0
PMLE_LIVE_REPLAY_TIC|tic=2925|mle_ms=9.404|monotonic_ms=10|clock_delta_ms=.596|c
lock_suspect=0
PMLE_LIVE_REPLAY_TIC|tic=2926|mle_ms=145.704|monotonic_ms=140|clock_delta_ms=5.7
04|clock_suspect=0
PMLE_LIVE_REPLAY_TIC|tic=2927|mle_ms=9.061|monotonic_ms=10|clock_delta_ms=.939|c
lock_suspect=0
PMLE_LIVE_REPLAY_TIC|tic=2928|mle_ms=8.862|monotonic_ms=10|clock_delta_ms=1.138|
clock_suspect=0
PMLE_LIVE_REPLAY_TIC|tic=2929|mle_ms=122.884|monotonic_ms=120|clock_delta_ms=2.8
84|clock_suspect=0
PMLE_LIVE_REPLAY_TIC|tic=2930|mle_ms=16.856|monotonic_ms=20|clock_delta_ms=3.144
|clock_suspect=0
PMLE_LIVE_REPLAY_TIC|tic=2931|mle_ms=45.599|monotonic_ms=50|clock_delta_ms=4.401
|clock_suspect=0
PMLE_LIVE_REPLAY_TIC|tic=2932|mle_ms=132.575|monotonic_ms=130|clock_delta_ms=2.5
75|clock_suspect=0
PMLE_LIVE_REPLAY_TIC|tic=2933|mle_ms=26.815|monotonic_ms=30|clock_delta_ms=3.185
|clock_suspect=0
PMLE_LIVE_REPLAY_TIC|tic=2934|mle_ms=21.824|monotonic_ms=20|clock_delta_ms=1.824
|clock_suspect=0
PMLE_LIVE_REPLAY_TIC|tic=2935|mle_ms=172.891|monotonic_ms=170|clock_delta_ms=2.8
91|clock_suspect=0
PMLE_LIVE_REPLAY_TIC|tic=2936|mle_ms=27.651|monotonic_ms=30|clock_delta_ms=2.349
|clock_suspect=0
PMLE_LIVE_REPLAY_TIC|tic=2937|mle_ms=9.52|monotonic_ms=10|clock_delta_ms=.48|clo
ck_suspect=0
PMLE_LIVE_REPLAY_TIC|tic=2938|mle_ms=141.69|monotonic_ms=140|clock_delta_ms=1.69
|clock_suspect=0
PMLE_LIVE_REPLAY_TIC|tic=2939|mle_ms=13.893|monotonic_ms=10|clock_delta_ms=3.893
|clock_suspect=0
PMLE_LIVE_REPLAY_TIC|tic=2940|mle_ms=12.266|monotonic_ms=20|clock_delta_ms=7.734
|clock_suspect=0
PMLE_LIVE_REPLAY_TIC|tic=2941|mle_ms=187.495|monotonic_ms=180|clock_delta_ms=7.4
95|clock_suspect=0
PMLE_LIVE_REPLAY_TIC|tic=2942|mle_ms=13.861|monotonic_ms=20|clock_delta_ms=6.139
|clock_suspect=0
PMLE_LIVE_REPLAY_TIC|tic=2943|mle_ms=28.155|monotonic_ms=30|clock_delta_ms=1.845
|clock_suspect=0
PMLE_LIVE_REPLAY_TIC|tic=2944|mle_ms=157.291|monotonic_ms=150|clock_delta_ms=7.2
91|clock_suspect=0
PMLE_LIVE_REPLAY_TIC|tic=2945|mle_ms=8.62|monotonic_ms=10|clock_delta_ms=1.38|cl
ock_suspect=0
PMLE_LIVE_REPLAY_TIC|tic=2946|mle_ms=27.647|monotonic_ms=30|clock_delta_ms=2.353
|clock_suspect=0
PMLE_LIVE_REPLAY_TIC|tic=2947|mle_ms=161.147|monotonic_ms=160|clock_delta_ms=1.1
47|clock_suspect=0
PMLE_LIVE_REPLAY_TIC|tic=2948|mle_ms=9.085|monotonic_ms=10|clock_delta_ms=.915|c
lock_suspect=0
PMLE_LIVE_REPLAY_TIC|tic=2949|mle_ms=11.767|monotonic_ms=10|clock_delta_ms=1.767
|clock_suspect=0
PMLE_LIVE_REPLAY_TIC|tic=2950|mle_ms=158.02|monotonic_ms=160|clock_delta_ms=1.98
|clock_suspect=0
PMLE_LIVE_REPLAY_TIC|tic=2951|mle_ms=56.001|monotonic_ms=60|clock_delta_ms=3.999
|clock_suspect=0
PMLE_LIVE_REPLAY_TIC|tic=2952|mle_ms=13.236|monotonic_ms=10|clock_delta_ms=3.236
|clock_suspect=0
PMLE_LIVE_REPLAY_TIC|tic=2953|mle_ms=168.574|monotonic_ms=170|clock_delta_ms=1.4
26|clock_suspect=0
PMLE_LIVE_REPLAY_TIC|tic=2954|mle_ms=22.733|monotonic_ms=20|clock_delta_ms=2.733
|clock_suspect=0
PMLE_LIVE_REPLAY_TIC|tic=2955|mle_ms=10.328|monotonic_ms=10|clock_delta_ms=.328|
clock_suspect=0
PMLE_LIVE_REPLAY_TIC|tic=2956|mle_ms=157.434|monotonic_ms=160|clock_delta_ms=2.5
66|clock_suspect=0
PMLE_LIVE_REPLAY_TIC|tic=2957|mle_ms=9.335|monotonic_ms=10|clock_delta_ms=.665|c
lock_suspect=0
PMLE_LIVE_REPLAY_TIC|tic=2958|mle_ms=10.54|monotonic_ms=10|clock_delta_ms=.54|cl
ock_suspect=0
PMLE_LIVE_REPLAY_TIC|tic=2959|mle_ms=136.451|monotonic_ms=140|clock_delta_ms=3.5
49|clock_suspect=0
PMLE_LIVE_REPLAY_TIC|tic=2960|mle_ms=9.27|monotonic_ms=0|clock_delta_ms=9.27|clo
ck_suspect=0
PMLE_LIVE_REPLAY_TIC|tic=2961|mle_ms=45.704|monotonic_ms=40|clock_delta_ms=5.704
|clock_suspect=0
PMLE_LIVE_REPLAY_TIC|tic=2962|mle_ms=119.011|monotonic_ms=120|clock_delta_ms=.98
9|clock_suspect=0
PMLE_LIVE_REPLAY_TIC|tic=2963|mle_ms=26.551|monotonic_ms=30|clock_delta_ms=3.449
|clock_suspect=0
PMLE_LIVE_REPLAY_TIC|tic=2964|mle_ms=24.67|monotonic_ms=20|clock_delta_ms=4.67|c
lock_suspect=0
PMLE_LIVE_REPLAY_TIC|tic=2965|mle_ms=146.232|monotonic_ms=150|clock_delta_ms=3.7
68|clock_suspect=0
PMLE_LIVE_REPLAY_TIC|tic=2966|mle_ms=26.772|monotonic_ms=20|clock_delta_ms=6.772
|clock_suspect=0
PMLE_LIVE_REPLAY_TIC|tic=2967|mle_ms=8.876|monotonic_ms=10|clock_delta_ms=1.124|
clock_suspect=0
PMLE_LIVE_REPLAY_TIC|tic=2968|mle_ms=123.175|monotonic_ms=130|clock_delta_ms=6.8
25|clock_suspect=0
PMLE_LIVE_REPLAY_TIC|tic=2969|mle_ms=12.088|monotonic_ms=10|clock_delta_ms=2.088
|clock_suspect=0
PMLE_LIVE_REPLAY_TIC|tic=2970|mle_ms=10.24|monotonic_ms=10|clock_delta_ms=.24|cl
ock_suspect=0
PMLE_LIVE_REPLAY_TIC|tic=2971|mle_ms=185.858|monotonic_ms=190|clock_delta_ms=4.1
42|clock_suspect=0
PMLE_LIVE_REPLAY_TIC|tic=2972|mle_ms=14.216|monotonic_ms=10|clock_delta_ms=4.216
|clock_suspect=0
PMLE_LIVE_REPLAY_TIC|tic=2973|mle_ms=31.064|monotonic_ms=30|clock_delta_ms=1.064
|clock_suspect=0
PMLE_LIVE_REPLAY_TIC|tic=2974|mle_ms=281.939|monotonic_ms=280|clock_delta_ms=1.9
39|clock_suspect=0
PMLE_LIVE_REPLAY_TIC|tic=2975|mle_ms=23.296|monotonic_ms=30|clock_delta_ms=6.704
|clock_suspect=0
PMLE_LIVE_REPLAY_TIC|tic=2976|mle_ms=59.275|monotonic_ms=60|clock_delta_ms=.725|
clock_suspect=0
PMLE_LIVE_REPLAY_TIC|tic=2977|mle_ms=249.044|monotonic_ms=240|clock_delta_ms=9.0
44|clock_suspect=0
PMLE_LIVE_REPLAY_TIC|tic=2978|mle_ms=10.819|monotonic_ms=20|clock_delta_ms=9.181
|clock_suspect=0
PMLE_LIVE_REPLAY_TIC|tic=2979|mle_ms=13.301|monotonic_ms=10|clock_delta_ms=3.301
|clock_suspect=0
PMLE_LIVE_REPLAY_TIC|tic=2980|mle_ms=408.969|monotonic_ms=410|clock_delta_ms=1.0
31|clock_suspect=0
PMLE_LIVE_REPLAY_TIC|tic=2981|mle_ms=61.988|monotonic_ms=60|clock_delta_ms=1.988
|clock_suspect=0
PMLE_LIVE_REPLAY_TIC|tic=2982|mle_ms=13.483|monotonic_ms=10|clock_delta_ms=3.483
|clock_suspect=0
PMLE_LIVE_REPLAY_TIC|tic=2983|mle_ms=184.554|monotonic_ms=190|clock_delta_ms=5.4
46|clock_suspect=0
PMLE_LIVE_REPLAY_TIC|tic=2984|mle_ms=21.23|monotonic_ms=20|clock_delta_ms=1.23|c
lock_suspect=0
PMLE_LIVE_REPLAY_TIC|tic=2985|mle_ms=11.284|monotonic_ms=10|clock_delta_ms=1.284
|clock_suspect=0
PMLE_LIVE_REPLAY_TIC|tic=2986|mle_ms=242.427|monotonic_ms=240|clock_delta_ms=2.4
27|clock_suspect=0
PMLE_LIVE_REPLAY_TIC|tic=2987|mle_ms=11.867|monotonic_ms=20|clock_delta_ms=8.133
|clock_suspect=0
PMLE_LIVE_REPLAY_TIC|tic=2988|mle_ms=12.312|monotonic_ms=10|clock_delta_ms=2.312
|clock_suspect=0
PMLE_LIVE_REPLAY_TIC|tic=2989|mle_ms=161.362|monotonic_ms=160|clock_delta_ms=1.3
62|clock_suspect=0
PMLE_LIVE_REPLAY_TIC|tic=2990|mle_ms=11.138|monotonic_ms=10|clock_delta_ms=1.138
|clock_suspect=0
PMLE_LIVE_REPLAY_TIC|tic=2991|mle_ms=50.091|monotonic_ms=50|clock_delta_ms=.091|
clock_suspect=0
PMLE_LIVE_REPLAY_TIC|tic=2992|mle_ms=207.097|monotonic_ms=210|clock_delta_ms=2.9
03|clock_suspect=0
PMLE_LIVE_REPLAY_TIC|tic=2993|mle_ms=33.695|monotonic_ms=30|clock_delta_ms=3.695
|clock_suspect=0
PMLE_LIVE_REPLAY_TIC|tic=2994|mle_ms=24.887|monotonic_ms=30|clock_delta_ms=5.113
|clock_suspect=0
PMLE_LIVE_REPLAY_TIC|tic=2995|mle_ms=149.292|monotonic_ms=150|clock_delta_ms=.70
8|clock_suspect=0
PMLE_LIVE_REPLAY_TIC|tic=2996|mle_ms=28.26|monotonic_ms=20|clock_delta_ms=8.26|c
lock_suspect=0
PMLE_LIVE_REPLAY_TIC|tic=2997|mle_ms=9.019|monotonic_ms=10|clock_delta_ms=.981|c
lock_suspect=0
PMLE_LIVE_REPLAY_TIC|tic=2998|mle_ms=170.331|monotonic_ms=170|clock_delta_ms=.33
1|clock_suspect=0
PMLE_LIVE_REPLAY_TIC|tic=2999|mle_ms=12.021|monotonic_ms=20|clock_delta_ms=7.979
|clock_suspect=0
PMLE_LIVE_REPLAY_TIC|tic=3000|mle_ms=10.432|monotonic_ms=10|clock_delta_ms=.432|
clock_suspect=0
PMLE_LIVE_REPLAY_TIC|tic=3001|mle_ms=194.81|monotonic_ms=190|clock_delta_ms=4.81
|clock_suspect=0
PMLE_LIVE_REPLAY_TIC|tic=3002|mle_ms=11.238|monotonic_ms=10|clock_delta_ms=1.238
|clock_suspect=0
PMLE_LIVE_REPLAY_TIC|tic=3003|mle_ms=25.836|monotonic_ms=30|clock_delta_ms=4.164
|clock_suspect=0
PMLE_LIVE_REPLAY_TIC|tic=3004|mle_ms=143.951|monotonic_ms=140|clock_delta_ms=3.9
51|clock_suspect=0
PMLE_LIVE_REPLAY_TIC|tic=3005|mle_ms=10.065|monotonic_ms=10|clock_delta_ms=.065|
clock_suspect=0
PMLE_LIVE_REPLAY_TIC|tic=3006|mle_ms=27.824|monotonic_ms=30|clock_delta_ms=2.176
|clock_suspect=0
PMLE_LIVE_REPLAY_TIC|tic=3007|mle_ms=133.151|monotonic_ms=140|clock_delta_ms=6.8
49|clock_suspect=0
PMLE_LIVE_REPLAY_TIC|tic=3008|mle_ms=11.046|monotonic_ms=10|clock_delta_ms=1.046
|clock_suspect=0
PMLE_LIVE_REPLAY_TIC|tic=3009|mle_ms=13.25|monotonic_ms=10|clock_delta_ms=3.25|c
lock_suspect=0
PMLE_LIVE_REPLAY_TIC|tic=3010|mle_ms=156.177|monotonic_ms=160|clock_delta_ms=3.8
23|clock_suspect=0
PMLE_LIVE_REPLAY_TIC|tic=3011|mle_ms=38.43|monotonic_ms=30|clock_delta_ms=8.43|c
lock_suspect=0
PMLE_LIVE_REPLAY_TIC|tic=3012|mle_ms=12.303|monotonic_ms=20|clock_delta_ms=7.697
|clock_suspect=0
PMLE_LIVE_REPLAY_TIC|tic=3013|mle_ms=136.11|monotonic_ms=130|clock_delta_ms=6.11
|clock_suspect=0
PMLE_LIVE_REPLAY_TIC|tic=3014|mle_ms=19.116|monotonic_ms=20|clock_delta_ms=.884|
clock_suspect=0
PMLE_LIVE_REPLAY_TIC|tic=3015|mle_ms=8.304|monotonic_ms=10|clock_delta_ms=1.696|
clock_suspect=0
PMLE_LIVE_REPLAY_TIC|tic=3016|mle_ms=158.559|monotonic_ms=160|clock_delta_ms=1.4
41|clock_suspect=0
PMLE_LIVE_REPLAY_TIC|tic=3017|mle_ms=9.169|monotonic_ms=10|clock_delta_ms=.831|c
lock_suspect=0
PMLE_LIVE_REPLAY_TIC|tic=3018|mle_ms=9.923|monotonic_ms=10|clock_delta_ms=.077|c
lock_suspect=0
PMLE_LIVE_REPLAY_TIC|tic=3019|mle_ms=117.058|monotonic_ms=120|clock_delta_ms=2.9
42|clock_suspect=0
PMLE_LIVE_REPLAY_TIC|tic=3020|mle_ms=8.447|monotonic_ms=0|clock_delta_ms=8.447|c
lock_suspect=0
PMLE_LIVE_REPLAY_TIC|tic=3021|mle_ms=41.385|monotonic_ms=50|clock_delta_ms=8.615
|clock_suspect=0
PMLE_LIVE_REPLAY_TIC|tic=3022|mle_ms=113.182|monotonic_ms=110|clock_delta_ms=3.1
82|clock_suspect=0
PMLE_LIVE_REPLAY_TIC|tic=3023|mle_ms=22.075|monotonic_ms=20|clock_delta_ms=2.075
|clock_suspect=0
PMLE_LIVE_REPLAY_TIC|tic=3024|mle_ms=17.82|monotonic_ms=20|clock_delta_ms=2.18|c
lock_suspect=0
PMLE_LIVE_REPLAY_TIC|tic=3025|mle_ms=116.61|monotonic_ms=120|clock_delta_ms=3.39
|clock_suspect=0
PMLE_LIVE_REPLAY_TIC|tic=3026|mle_ms=27.741|monotonic_ms=20|clock_delta_ms=7.741
|clock_suspect=0
PMLE_LIVE_REPLAY_TIC|tic=3027|mle_ms=9.299|monotonic_ms=10|clock_delta_ms=.701|c
lock_suspect=0
PMLE_LIVE_REPLAY_TIC|tic=3028|mle_ms=150.003|monotonic_ms=150|clock_delta_ms=.00
3|clock_suspect=0
PMLE_LIVE_REPLAY_TIC|tic=3029|mle_ms=10.707|monotonic_ms=10|clock_delta_ms=.707|
clock_suspect=0
PMLE_LIVE_REPLAY_TIC|tic=3030|mle_ms=8.441|monotonic_ms=10|clock_delta_ms=1.559|
clock_suspect=0
PMLE_LIVE_REPLAY_TIC|tic=3031|mle_ms=148.188|monotonic_ms=150|clock_delta_ms=1.8
12|clock_suspect=0
PMLE_LIVE_REPLAY_TIC|tic=3032|mle_ms=10.445|monotonic_ms=10|clock_delta_ms=.445|
clock_suspect=0
PMLE_LIVE_REPLAY_TIC|tic=3033|mle_ms=23.384|monotonic_ms=20|clock_delta_ms=3.384
|clock_suspect=0
PMLE_LIVE_REPLAY_TIC|tic=3034|mle_ms=147.848|monotonic_ms=150|clock_delta_ms=2.1
52|clock_suspect=0
PMLE_LIVE_REPLAY_TIC|tic=3035|mle_ms=10.63|monotonic_ms=10|clock_delta_ms=.63|cl
ock_suspect=0
PMLE_LIVE_REPLAY_TIC|tic=3036|mle_ms=26.279|monotonic_ms=30|clock_delta_ms=3.721
|clock_suspect=0
PMLE_LIVE_REPLAY_TIC|tic=3037|mle_ms=118.846|monotonic_ms=120|clock_delta_ms=1.1
54|clock_suspect=0
PMLE_LIVE_REPLAY_TIC|tic=3038|mle_ms=8.714|monotonic_ms=10|clock_delta_ms=1.286|
clock_suspect=0
PMLE_LIVE_REPLAY_TIC|tic=3039|mle_ms=12.309|monotonic_ms=10|clock_delta_ms=2.309
|clock_suspect=0
PMLE_LIVE_REPLAY_TIC|tic=3040|mle_ms=114.915|monotonic_ms=120|clock_delta_ms=5.0
85|clock_suspect=0
PMLE_LIVE_REPLAY_TIC|tic=3041|mle_ms=37.267|monotonic_ms=30|clock_delta_ms=7.267
|clock_suspect=0
PMLE_LIVE_REPLAY_TIC|tic=3042|mle_ms=10.045|monotonic_ms=10|clock_delta_ms=.045|
clock_suspect=0
PMLE_LIVE_REPLAY_TIC|tic=3043|mle_ms=136.22|monotonic_ms=140|clock_delta_ms=3.78
|clock_suspect=0
PMLE_LIVE_REPLAY_TIC|tic=3044|mle_ms=18.509|monotonic_ms=20|clock_delta_ms=1.491
|clock_suspect=0
PMLE_LIVE_REPLAY_TIC|tic=3045|mle_ms=9.577|monotonic_ms=10|clock_delta_ms=.423|c
lock_suspect=0
PMLE_LIVE_REPLAY_TIC|tic=3046|mle_ms=142.377|monotonic_ms=140|clock_delta_ms=2.3
77|clock_suspect=0
PMLE_LIVE_REPLAY_TIC|tic=3047|mle_ms=9.48|monotonic_ms=10|clock_delta_ms=.52|clo
ck_suspect=0
PMLE_LIVE_REPLAY_TIC|tic=3048|mle_ms=10.337|monotonic_ms=10|clock_delta_ms=.337|
clock_suspect=0
PMLE_LIVE_REPLAY_TIC|tic=3049|mle_ms=127.774|monotonic_ms=130|clock_delta_ms=2.2
26|clock_suspect=0
PMLE_LIVE_REPLAY_TIC|tic=3050|mle_ms=11.053|monotonic_ms=10|clock_delta_ms=1.053
|clock_suspect=0
PMLE_LIVE_REPLAY_TIC|tic=3051|mle_ms=46.94|monotonic_ms=50|clock_delta_ms=3.06|c
lock_suspect=0
PMLE_LIVE_REPLAY_TIC|tic=3052|mle_ms=159.183|monotonic_ms=150|clock_delta_ms=9.1
83|clock_suspect=0
PMLE_LIVE_REPLAY_TIC|tic=3053|mle_ms=28.128|monotonic_ms=30|clock_delta_ms=1.872
|clock_suspect=0
PMLE_LIVE_REPLAY_TIC|tic=3054|mle_ms=24.862|monotonic_ms=30|clock_delta_ms=5.138
|clock_suspect=0
PMLE_LIVE_REPLAY_TIC|tic=3055|mle_ms=154.326|monotonic_ms=150|clock_delta_ms=4.3
26|clock_suspect=0
PMLE_LIVE_REPLAY_TIC|tic=3056|mle_ms=24.265|monotonic_ms=30|clock_delta_ms=5.735
|clock_suspect=0
PMLE_LIVE_REPLAY_TIC|tic=3057|mle_ms=8.685|monotonic_ms=10|clock_delta_ms=1.315|
clock_suspect=0
PMLE_LIVE_REPLAY_TIC|tic=3058|mle_ms=166.833|monotonic_ms=160|clock_delta_ms=6.8
33|clock_suspect=0
PMLE_LIVE_REPLAY_TIC|tic=3059|mle_ms=10.804|monotonic_ms=10|clock_delta_ms=.804|
clock_suspect=0
PMLE_LIVE_REPLAY_TIC|tic=3060|mle_ms=10.693|monotonic_ms=10|clock_delta_ms=.693|
clock_suspect=0
PMLE_LIVE_REPLAY_TIC|tic=3061|mle_ms=188.911|monotonic_ms=190|clock_delta_ms=1.0
89|clock_suspect=0
PMLE_LIVE_REPLAY_TIC|tic=3062|mle_ms=8.914|monotonic_ms=10|clock_delta_ms=1.086|
clock_suspect=0
PMLE_LIVE_REPLAY_TIC|tic=3063|mle_ms=26.453|monotonic_ms=30|clock_delta_ms=3.547
|clock_suspect=0
PMLE_LIVE_REPLAY_TIC|tic=3064|mle_ms=174.266|monotonic_ms=170|clock_delta_ms=4.2
66|clock_suspect=0
PMLE_LIVE_REPLAY_TIC|tic=3065|mle_ms=13.95|monotonic_ms=20|clock_delta_ms=6.05|c
lock_suspect=0
PMLE_LIVE_REPLAY_TIC|tic=3066|mle_ms=32.811|monotonic_ms=30|clock_delta_ms=2.811
|clock_suspect=0
PMLE_LIVE_REPLAY_TIC|tic=3067|mle_ms=137.161|monotonic_ms=140|clock_delta_ms=2.8
39|clock_suspect=0
PMLE_LIVE_REPLAY_TIC|tic=3068|mle_ms=13.323|monotonic_ms=10|clock_delta_ms=3.323
|clock_suspect=0
PMLE_LIVE_REPLAY_TIC|tic=3069|mle_ms=15.179|monotonic_ms=20|clock_delta_ms=4.821
|clock_suspect=0
PMLE_LIVE_REPLAY_TIC|tic=3070|mle_ms=138.152|monotonic_ms=130|clock_delta_ms=8.1
52|clock_suspect=0
PMLE_LIVE_REPLAY_TIC|tic=3071|mle_ms=44.81|monotonic_ms=50|clock_delta_ms=5.19|c
lock_suspect=0
PMLE_LIVE_REPLAY_TIC|tic=3072|mle_ms=14.755|monotonic_ms=10|clock_delta_ms=4.755
|clock_suspect=0
PMLE_LIVE_REPLAY_TIC|tic=3073|mle_ms=183.87|monotonic_ms=190|clock_delta_ms=6.13
|clock_suspect=0
PMLE_LIVE_REPLAY_TIC|tic=3074|mle_ms=29.074|monotonic_ms=30|clock_delta_ms=.926|
clock_suspect=0
PMLE_LIVE_REPLAY_TIC|tic=3075|mle_ms=16.263|monotonic_ms=10|clock_delta_ms=6.263
|clock_suspect=0
PMLE_LIVE_REPLAY_TIC|tic=3076|mle_ms=157.527|monotonic_ms=160|clock_delta_ms=2.4
73|clock_suspect=0
PMLE_LIVE_REPLAY_TIC|tic=3077|mle_ms=12.937|monotonic_ms=10|clock_delta_ms=2.937
|clock_suspect=0
PMLE_LIVE_REPLAY_TIC|tic=3078|mle_ms=14.808|monotonic_ms=20|clock_delta_ms=5.192
|clock_suspect=0
PMLE_LIVE_REPLAY_TIC|tic=3079|mle_ms=132.35|monotonic_ms=130|clock_delta_ms=2.35
|clock_suspect=0
PMLE_LIVE_REPLAY_TIC|tic=3080|mle_ms=13.002|monotonic_ms=10|clock_delta_ms=3.002
|clock_suspect=0
PMLE_LIVE_REPLAY_TIC|tic=3081|mle_ms=42.2|monotonic_ms=50|clock_delta_ms=7.8|clo
ck_suspect=0
PMLE_LIVE_REPLAY_TIC|tic=3082|mle_ms=114.818|monotonic_ms=110|clock_delta_ms=4.8
18|clock_suspect=0
PMLE_LIVE_REPLAY_TIC|tic=3083|mle_ms=38.812|monotonic_ms=40|clock_delta_ms=1.188
|clock_suspect=0
PMLE_LIVE_REPLAY_TIC|tic=3084|mle_ms=25.648|monotonic_ms=30|clock_delta_ms=4.352
|clock_suspect=0
PMLE_LIVE_REPLAY_TIC|tic=3085|mle_ms=109.07|monotonic_ms=110|clock_delta_ms=.93|
clock_suspect=0
PMLE_LIVE_REPLAY_TIC|tic=3086|mle_ms=28.019|monotonic_ms=20|clock_delta_ms=8.019
|clock_suspect=0
PMLE_LIVE_REPLAY_TIC|tic=3087|mle_ms=13.379|monotonic_ms=20|clock_delta_ms=6.621
|clock_suspect=0
PMLE_LIVE_REPLAY_TIC|tic=3088|mle_ms=107.845|monotonic_ms=100|clock_delta_ms=7.8
45|clock_suspect=0
PMLE_LIVE_REPLAY_TIC|tic=3089|mle_ms=13.393|monotonic_ms=20|clock_delta_ms=6.607
|clock_suspect=0
PMLE_LIVE_REPLAY_TIC|tic=3090|mle_ms=11.762|monotonic_ms=10|clock_delta_ms=1.762
|clock_suspect=0
PMLE_LIVE_REPLAY_TIC|tic=3091|mle_ms=131.387|monotonic_ms=130|clock_delta_ms=1.3
87|clock_suspect=0
PMLE_LIVE_REPLAY_TIC|tic=3092|mle_ms=16.175|monotonic_ms=20|clock_delta_ms=3.825
|clock_suspect=0
PMLE_LIVE_REPLAY_TIC|tic=3093|mle_ms=31.882|monotonic_ms=30|clock_delta_ms=1.882
|clock_suspect=0
PMLE_LIVE_REPLAY_TIC|tic=3094|mle_ms=118.809|monotonic_ms=120|clock_delta_ms=1.1
91|clock_suspect=0
PMLE_LIVE_REPLAY_TIC|tic=3095|mle_ms=14.28|monotonic_ms=10|clock_delta_ms=4.28|c
lock_suspect=0
PMLE_LIVE_REPLAY_TIC|tic=3096|mle_ms=31.63|monotonic_ms=30|clock_delta_ms=1.63|c
lock_suspect=0
PMLE_LIVE_REPLAY_TIC|tic=3097|mle_ms=70.71|monotonic_ms=80|clock_delta_ms=9.29|c
lock_suspect=0
PMLE_LIVE_REPLAY_TIC|tic=3098|mle_ms=10.882|monotonic_ms=10|clock_delta_ms=.882|
clock_suspect=0
PMLE_LIVE_REPLAY_TIC|tic=3099|mle_ms=13.924|monotonic_ms=10|clock_delta_ms=3.924
|clock_suspect=0
PMLE_LIVE_REPLAY_TIC|tic=3100|mle_ms=66.65|monotonic_ms=70|clock_delta_ms=3.35|c
lock_suspect=0
PMLE_LIVE_REPLAY_TIC|tic=3101|mle_ms=46.036|monotonic_ms=40|clock_delta_ms=6.036
|clock_suspect=0
PMLE_LIVE_REPLAY_TIC|tic=3102|mle_ms=13.681|monotonic_ms=20|clock_delta_ms=6.319
|clock_suspect=0
PMLE_LIVE_REPLAY_TIC|tic=3103|mle_ms=101.208|monotonic_ms=100|clock_delta_ms=1.2
08|clock_suspect=0
PMLE_LIVE_REPLAY_TIC|tic=3104|mle_ms=20.344|monotonic_ms=20|clock_delta_ms=.344|
clock_suspect=0
PMLE_LIVE_REPLAY_TIC|tic=3105|mle_ms=11.494|monotonic_ms=10|clock_delta_ms=1.494
|clock_suspect=0
PMLE_LIVE_REPLAY_TIC|tic=3106|mle_ms=58.033|monotonic_ms=60|clock_delta_ms=1.967
|clock_suspect=0
PMLE_LIVE_REPLAY_TIC|tic=3107|mle_ms=11.223|monotonic_ms=10|clock_delta_ms=1.223
|clock_suspect=0
PMLE_LIVE_REPLAY_TIC|tic=3108|mle_ms=12.002|monotonic_ms=10|clock_delta_ms=2.002
|clock_suspect=0
PMLE_LIVE_REPLAY_TIC|tic=3109|mle_ms=43.897|monotonic_ms=50|clock_delta_ms=6.103
|clock_suspect=0
PMLE_LIVE_REPLAY_TIC|tic=3110|mle_ms=17.091|monotonic_ms=10|clock_delta_ms=7.091
|clock_suspect=0
PMLE_LIVE_REPLAY_TIC|tic=3111|mle_ms=49.615|monotonic_ms=50|clock_delta_ms=.385|
clock_suspect=0
PMLE_LIVE_REPLAY_TIC|tic=3112|mle_ms=83.044|monotonic_ms=90|clock_delta_ms=6.956
|clock_suspect=0
PMLE_LIVE_REPLAY_TIC|tic=3113|mle_ms=51.98|monotonic_ms=50|clock_delta_ms=1.98|c
lock_suspect=0
PMLE_LIVE_REPLAY_TIC|tic=3114|mle_ms=20.887|monotonic_ms=20|clock_delta_ms=.887|
clock_suspect=0
PMLE_LIVE_REPLAY_TIC|tic=3115|mle_ms=34.237|monotonic_ms=30|clock_delta_ms=4.237
|clock_suspect=0
PMLE_LIVE_REPLAY_TIC|tic=3116|mle_ms=36.977|monotonic_ms=40|clock_delta_ms=3.023
|clock_suspect=0
PMLE_LIVE_REPLAY_TIC|tic=3117|mle_ms=10.806|monotonic_ms=10|clock_delta_ms=.806|
clock_suspect=0
PMLE_LIVE_REPLAY_TIC|tic=3118|mle_ms=37.371|monotonic_ms=40|clock_delta_ms=2.629
|clock_suspect=0
PMLE_LIVE_REPLAY_TIC|tic=3119|mle_ms=18.67|monotonic_ms=20|clock_delta_ms=1.33|c
lock_suspect=0
PMLE_LIVE_REPLAY_TIC|tic=3120|mle_ms=14.032|monotonic_ms=10|clock_delta_ms=4.032
|clock_suspect=0
PMLE_LIVE_REPLAY_TIC|tic=3121|mle_ms=69.174|monotonic_ms=70|clock_delta_ms=.826|
clock_suspect=0
PMLE_LIVE_REPLAY_TIC|tic=3122|mle_ms=13.819|monotonic_ms=10|clock_delta_ms=3.819
|clock_suspect=0
PMLE_LIVE_REPLAY_TIC|tic=3123|mle_ms=76.379|monotonic_ms=80|clock_delta_ms=3.621
|clock_suspect=0
PMLE_LIVE_REPLAY_TIC|tic=3124|mle_ms=45.672|monotonic_ms=50|clock_delta_ms=4.328
|clock_suspect=0
PMLE_LIVE_REPLAY_TIC|tic=3125|mle_ms=16.928|monotonic_ms=10|clock_delta_ms=6.928
|clock_suspect=0
PMLE_LIVE_REPLAY_TIC|tic=3126|mle_ms=43.947|monotonic_ms=50|clock_delta_ms=6.053
|clock_suspect=0
PMLE_LIVE_REPLAY_TIC|tic=3127|mle_ms=21.542|monotonic_ms=20|clock_delta_ms=1.542
|clock_suspect=0
PMLE_LIVE_REPLAY_TIC|tic=3128|mle_ms=63.854|monotonic_ms=60|clock_delta_ms=3.854
|clock_suspect=0
PMLE_LIVE_REPLAY_TIC|tic=3129|mle_ms=16.715|monotonic_ms=20|clock_delta_ms=3.285
|clock_suspect=0
PMLE_LIVE_REPLAY_TIC|tic=3130|mle_ms=42.139|monotonic_ms=40|clock_delta_ms=2.139
|clock_suspect=0
PMLE_LIVE_REPLAY_TIC|tic=3131|mle_ms=84.823|monotonic_ms=90|clock_delta_ms=5.177
|clock_suspect=0
PMLE_LIVE_REPLAY_TIC|tic=3132|mle_ms=14.737|monotonic_ms=10|clock_delta_ms=4.737
|clock_suspect=0
PMLE_LIVE_REPLAY_TIC|tic=3133|mle_ms=78.933|monotonic_ms=80|clock_delta_ms=1.067
|clock_suspect=0
PMLE_LIVE_REPLAY_TIC|tic=3134|mle_ms=49.847|monotonic_ms=50|clock_delta_ms=.153|
clock_suspect=0
PMLE_LIVE_REPLAY_TIC|tic=3135|mle_ms=13.385|monotonic_ms=10|clock_delta_ms=3.385
|clock_suspect=0
PMLE_LIVE_REPLAY_TIC|tic=3136|mle_ms=67.007|monotonic_ms=70|clock_delta_ms=2.993
|clock_suspect=0
PMLE_LIVE_REPLAY_TIC|tic=3137|mle_ms=65.342|monotonic_ms=70|clock_delta_ms=4.658
|clock_suspect=0
PMLE_LIVE_REPLAY_TIC|tic=3138|mle_ms=14.739|monotonic_ms=10|clock_delta_ms=4.739
|clock_suspect=0
PMLE_LIVE_REPLAY_TIC|tic=3139|mle_ms=47.039|monotonic_ms=50|clock_delta_ms=2.961
|clock_suspect=0
PMLE_LIVE_REPLAY_TIC|tic=3140|mle_ms=41.347|monotonic_ms=40|clock_delta_ms=1.347
|clock_suspect=0
PMLE_LIVE_REPLAY_TIC|tic=3141|mle_ms=47.888|monotonic_ms=50|clock_delta_ms=2.112
|clock_suspect=0
PMLE_LIVE_REPLAY_TIC|tic=3142|mle_ms=49.095|monotonic_ms=50|clock_delta_ms=.905|
clock_suspect=0
PMLE_LIVE_REPLAY_TIC|tic=3143|mle_ms=79.073|monotonic_ms=80|clock_delta_ms=.927|
clock_suspect=0
PMLE_LIVE_REPLAY_TIC|tic=3144|mle_ms=33.106|monotonic_ms=30|clock_delta_ms=3.106
|clock_suspect=0
PMLE_LIVE_REPLAY_TIC|tic=3145|mle_ms=74.781|monotonic_ms=70|clock_delta_ms=4.781
|clock_suspect=0
PMLE_LIVE_REPLAY_TIC|tic=3146|mle_ms=78.021|monotonic_ms=80|clock_delta_ms=1.979
|clock_suspect=0
PMLE_LIVE_REPLAY_TIC|tic=3147|mle_ms=13.977|monotonic_ms=20|clock_delta_ms=6.023
|clock_suspect=0
PMLE_LIVE_REPLAY_TIC|tic=3148|mle_ms=43.494|monotonic_ms=40|clock_delta_ms=3.494
|clock_suspect=0
PMLE_LIVE_REPLAY_TIC|tic=3149|mle_ms=43.422|monotonic_ms=40|clock_delta_ms=3.422
|clock_suspect=0
PMLE_LIVE_REPLAY_TIC|tic=3150|mle_ms=12.08|monotonic_ms=20|clock_delta_ms=7.92|c
lock_suspect=0
PMLE_LIVE_REPLAY_TIC|tic=3151|mle_ms=81.773|monotonic_ms=80|clock_delta_ms=1.773
|clock_suspect=0
PMLE_LIVE_REPLAY_TIC|tic=3152|mle_ms=54.414|monotonic_ms=50|clock_delta_ms=4.414
|clock_suspect=0
PMLE_LIVE_REPLAY_TIC|tic=3153|mle_ms=32.914|monotonic_ms=30|clock_delta_ms=2.914
|clock_suspect=0
PMLE_LIVE_REPLAY_TIC|tic=3154|mle_ms=47.269|monotonic_ms=50|clock_delta_ms=2.731
|clock_suspect=0
PMLE_LIVE_REPLAY_TIC|tic=3155|mle_ms=50.81|monotonic_ms=50|clock_delta_ms=.81|cl
ock_suspect=0
PMLE_LIVE_REPLAY_TIC|tic=3156|mle_ms=43.523|monotonic_ms=50|clock_delta_ms=6.477
|clock_suspect=0
PMLE_LIVE_REPLAY_TIC|tic=3157|mle_ms=50.416|monotonic_ms=50|clock_delta_ms=.416|
clock_suspect=0
PMLE_LIVE_REPLAY_TIC|tic=3158|mle_ms=44.963|monotonic_ms=40|clock_delta_ms=4.963
|clock_suspect=0
PMLE_LIVE_REPLAY_TIC|tic=3159|mle_ms=17.491|monotonic_ms=20|clock_delta_ms=2.509
|clock_suspect=0
PMLE_LIVE_REPLAY_TIC|tic=3160|mle_ms=46.071|monotonic_ms=50|clock_delta_ms=3.929
|clock_suspect=0
PMLE_LIVE_REPLAY_TIC|tic=3161|mle_ms=94.741|monotonic_ms=90|clock_delta_ms=4.741
|clock_suspect=0
PMLE_LIVE_REPLAY_TIC|tic=3162|mle_ms=26.45|monotonic_ms=30|clock_delta_ms=3.55|c
lock_suspect=0
PMLE_LIVE_REPLAY_TIC|tic=3163|mle_ms=74.168|monotonic_ms=70|clock_delta_ms=4.168
|clock_suspect=0
PMLE_LIVE_REPLAY_TIC|tic=3164|mle_ms=53.11|monotonic_ms=60|clock_delta_ms=6.89|c
lock_suspect=0
PMLE_LIVE_REPLAY_TIC|tic=3165|mle_ms=15.347|monotonic_ms=10|clock_delta_ms=5.347
|clock_suspect=0
PMLE_LIVE_REPLAY_TIC|tic=3166|mle_ms=71.48|monotonic_ms=70|clock_delta_ms=1.48|c
lock_suspect=0
PMLE_LIVE_REPLAY_TIC|tic=3167|mle_ms=37.379|monotonic_ms=40|clock_delta_ms=2.621
|clock_suspect=0
PMLE_LIVE_REPLAY_TIC|tic=3168|mle_ms=17.311|monotonic_ms=20|clock_delta_ms=2.689
|clock_suspect=0
PMLE_LIVE_REPLAY_TIC|tic=3169|mle_ms=42.268|monotonic_ms=40|clock_delta_ms=2.268
|clock_suspect=0
PMLE_LIVE_REPLAY_TIC|tic=3170|mle_ms=34.233|monotonic_ms=30|clock_delta_ms=4.233
|clock_suspect=0
PMLE_LIVE_REPLAY_TIC|tic=3171|mle_ms=55.507|monotonic_ms=60|clock_delta_ms=4.493
|clock_suspect=0
PMLE_LIVE_REPLAY_TIC|tic=3172|mle_ms=43.26|monotonic_ms=40|clock_delta_ms=3.26|c
lock_suspect=0
PMLE_LIVE_REPLAY_TIC|tic=3173|mle_ms=55.723|monotonic_ms=60|clock_delta_ms=4.277
|clock_suspect=0
PMLE_LIVE_REPLAY_TIC|tic=3174|mle_ms=27.561|monotonic_ms=30|clock_delta_ms=2.439
|clock_suspect=0
PMLE_LIVE_REPLAY_TIC|tic=3175|mle_ms=66.245|monotonic_ms=60|clock_delta_ms=6.245
|clock_suspect=0
PMLE_LIVE_REPLAY_TIC|tic=3176|mle_ms=52.24|monotonic_ms=50|clock_delta_ms=2.24|c
lock_suspect=0
PMLE_LIVE_REPLAY_TIC|tic=3177|mle_ms=13.457|monotonic_ms=20|clock_delta_ms=6.543
|clock_suspect=0
PMLE_LIVE_REPLAY_TIC|tic=3178|mle_ms=51.723|monotonic_ms=50|clock_delta_ms=1.723
|clock_suspect=0
PMLE_LIVE_REPLAY_TIC|tic=3179|mle_ms=42.137|monotonic_ms=40|clock_delta_ms=2.137
|clock_suspect=0
PMLE_LIVE_REPLAY_TIC|tic=3180|mle_ms=19.303|monotonic_ms=20|clock_delta_ms=.697|
clock_suspect=0
PMLE_LIVE_REPLAY_TIC|tic=3181|mle_ms=90.537|monotonic_ms=90|clock_delta_ms=.537|
clock_suspect=0
PMLE_LIVE_REPLAY_TIC|tic=3182|mle_ms=43.88|monotonic_ms=50|clock_delta_ms=6.12|c
lock_suspect=0
PMLE_LIVE_REPLAY_TIC|tic=3183|mle_ms=33.225|monotonic_ms=30|clock_delta_ms=3.225
|clock_suspect=0
PMLE_LIVE_REPLAY_TIC|tic=3184|mle_ms=74.602|monotonic_ms=70|clock_delta_ms=4.602
|clock_suspect=0
PMLE_LIVE_REPLAY_TIC|tic=3185|mle_ms=55.661|monotonic_ms=60|clock_delta_ms=4.339
|clock_suspect=0
PMLE_LIVE_REPLAY_TIC|tic=3186|mle_ms=34.872|monotonic_ms=30|clock_delta_ms=4.872
|clock_suspect=0
PMLE_LIVE_REPLAY_TIC|tic=3187|mle_ms=48.164|monotonic_ms=50|clock_delta_ms=1.836
|clock_suspect=0
PMLE_LIVE_REPLAY_TIC|tic=3188|mle_ms=54.293|monotonic_ms=60|clock_delta_ms=5.707
|clock_suspect=0
PMLE_LIVE_REPLAY_TIC|tic=3189|mle_ms=22.166|monotonic_ms=20|clock_delta_ms=2.166
|clock_suspect=0
PMLE_LIVE_REPLAY_TIC|tic=3190|mle_ms=52.867|monotonic_ms=50|clock_delta_ms=2.867
|clock_suspect=0
PMLE_LIVE_REPLAY_TIC|tic=3191|mle_ms=86.238|monotonic_ms=90|clock_delta_ms=3.762
|clock_suspect=0
PMLE_LIVE_REPLAY_TIC|tic=3192|mle_ms=21.184|monotonic_ms=20|clock_delta_ms=1.184
|clock_suspect=0
PMLE_LIVE_REPLAY_TIC|tic=3193|mle_ms=80.712|monotonic_ms=80|clock_delta_ms=.712|
clock_suspect=0
PMLE_LIVE_REPLAY_TIC|tic=3194|mle_ms=120.21|monotonic_ms=120|clock_delta_ms=.21|
clock_suspect=0
PMLE_LIVE_REPLAY_TIC|tic=3195|mle_ms=34.803|monotonic_ms=40|clock_delta_ms=5.197
|clock_suspect=0
PMLE_LIVE_REPLAY_TIC|tic=3196|mle_ms=84.889|monotonic_ms=80|clock_delta_ms=4.889
|clock_suspect=0
PMLE_LIVE_REPLAY_TIC|tic=3197|mle_ms=68.263|monotonic_ms=70|clock_delta_ms=1.737
|clock_suspect=0
PMLE_LIVE_REPLAY_TIC|tic=3198|mle_ms=35.446|monotonic_ms=40|clock_delta_ms=4.554
|clock_suspect=0
PMLE_LIVE_REPLAY_TIC|tic=3199|mle_ms=81.69|monotonic_ms=80|clock_delta_ms=1.69|c
lock_suspect=0
PMLE_LIVE_REPLAY_TIC|tic=3200|mle_ms=79.284|monotonic_ms=80|clock_delta_ms=.716|
clock_suspect=0
PMLE_LIVE_REPLAY_TIC|tic=3201|mle_ms=80.128|monotonic_ms=80|clock_delta_ms=.128|
clock_suspect=0
PMLE_LIVE_REPLAY_TIC|tic=3202|mle_ms=80.067|monotonic_ms=80|clock_delta_ms=.067|
clock_suspect=0
PMLE_LIVE_REPLAY_TIC|tic=3203|mle_ms=96.876|monotonic_ms=100|clock_delta_ms=3.12
4|clock_suspect=0
PMLE_LIVE_REPLAY_TIC|tic=3204|mle_ms=48.213|monotonic_ms=50|clock_delta_ms=1.787
|clock_suspect=0
PMLE_LIVE_REPLAY_TIC|tic=3205|mle_ms=72.492|monotonic_ms=70|clock_delta_ms=2.492
|clock_suspect=0
PMLE_LIVE_REPLAY_TIC|tic=3206|mle_ms=96.637|monotonic_ms=100|clock_delta_ms=3.36
3|clock_suspect=0
PMLE_LIVE_REPLAY_TIC|tic=3207|mle_ms=39.505|monotonic_ms=40|clock_delta_ms=.495|
clock_suspect=0
PMLE_LIVE_REPLAY_TIC|tic=3208|mle_ms=76.478|monotonic_ms=70|clock_delta_ms=6.478
|clock_suspect=0
PMLE_LIVE_REPLAY_TIC|tic=3209|mle_ms=65.325|monotonic_ms=70|clock_delta_ms=4.675
|clock_suspect=0
PMLE_LIVE_REPLAY_TIC|tic=3210|mle_ms=35.948|monotonic_ms=30|clock_delta_ms=5.948
|clock_suspect=0
PMLE_LIVE_REPLAY_TIC|tic=3211|mle_ms=108.552|monotonic_ms=110|clock_delta_ms=1.4
48|clock_suspect=0
PMLE_LIVE_REPLAY_TIC|tic=3212|mle_ms=66.44|monotonic_ms=70|clock_delta_ms=3.56|c
lock_suspect=0
PMLE_LIVE_REPLAY_TIC|tic=3213|mle_ms=33.157|monotonic_ms=30|clock_delta_ms=3.157
|clock_suspect=0
PMLE_LIVE_REPLAY_TIC|tic=3214|mle_ms=62.232|monotonic_ms=60|clock_delta_ms=2.232
|clock_suspect=0
PMLE_LIVE_REPLAY_TIC|tic=3215|mle_ms=46.217|monotonic_ms=50|clock_delta_ms=3.783
|clock_suspect=0
PMLE_LIVE_REPLAY_TIC|tic=3216|mle_ms=28.426|monotonic_ms=30|clock_delta_ms=1.574
|clock_suspect=0
PMLE_LIVE_REPLAY_TIC|tic=3217|mle_ms=67.696|monotonic_ms=70|clock_delta_ms=2.304
|clock_suspect=0
PMLE_LIVE_REPLAY_TIC|tic=3218|mle_ms=50.433|monotonic_ms=50|clock_delta_ms=.433|
clock_suspect=0
PMLE_LIVE_REPLAY_TIC|tic=3219|mle_ms=50.767|monotonic_ms=50|clock_delta_ms=.767|
clock_suspect=0
PMLE_LIVE_REPLAY_TIC|tic=3220|mle_ms=74.985|monotonic_ms=70|clock_delta_ms=4.985
|clock_suspect=0
PMLE_LIVE_REPLAY_TIC|tic=3221|mle_ms=99.446|monotonic_ms=100|clock_delta_ms=.554
|clock_suspect=0
PMLE_LIVE_REPLAY_TIC|tic=3222|mle_ms=32.159|monotonic_ms=30|clock_delta_ms=2.159
|clock_suspect=0
PMLE_LIVE_REPLAY_TIC|tic=3223|mle_ms=94.22|monotonic_ms=100|clock_delta_ms=5.78|
clock_suspect=0
PMLE_LIVE_REPLAY_TIC|tic=3224|mle_ms=93.875|monotonic_ms=90|clock_delta_ms=3.875
|clock_suspect=0
PMLE_LIVE_REPLAY_TIC|tic=3225|mle_ms=28.482|monotonic_ms=30|clock_delta_ms=1.518
|clock_suspect=0
PMLE_LIVE_REPLAY_TIC|tic=3226|mle_ms=88.896|monotonic_ms=90|clock_delta_ms=1.104
|clock_suspect=0
PMLE_LIVE_REPLAY_TIC|tic=3227|mle_ms=59.284|monotonic_ms=60|clock_delta_ms=.716|
clock_suspect=0
PMLE_LIVE_REPLAY_TIC|tic=3228|mle_ms=31.26|monotonic_ms=30|clock_delta_ms=1.26|c
lock_suspect=0
PMLE_LIVE_REPLAY_TIC|tic=3229|mle_ms=63.618|monotonic_ms=60|clock_delta_ms=3.618
|clock_suspect=0
PMLE_LIVE_REPLAY_TIC|tic=3230|mle_ms=75.546|monotonic_ms=80|clock_delta_ms=4.454
|clock_suspect=0
PMLE_LIVE_REPLAY_TIC|tic=3231|mle_ms=74.649|monotonic_ms=70|clock_delta_ms=4.649
|clock_suspect=0
PMLE_LIVE_REPLAY_TIC|tic=3232|mle_ms=71.111|monotonic_ms=70|clock_delta_ms=1.111
|clock_suspect=0
PMLE_LIVE_REPLAY_TIC|tic=3233|mle_ms=96.14|monotonic_ms=90|clock_delta_ms=6.14|c
lock_suspect=0
PMLE_LIVE_REPLAY_TIC|tic=3234|mle_ms=49.757|monotonic_ms=50|clock_delta_ms=.243|
clock_suspect=0
PMLE_LIVE_REPLAY_TIC|tic=3235|mle_ms=70.919|monotonic_ms=70|clock_delta_ms=.919|
clock_suspect=0
PMLE_LIVE_REPLAY_TIC|tic=3236|mle_ms=73.049|monotonic_ms=80|clock_delta_ms=6.951
|clock_suspect=0
PMLE_LIVE_REPLAY_TIC|tic=3237|mle_ms=31.946|monotonic_ms=30|clock_delta_ms=1.946
|clock_suspect=0
PMLE_LIVE_REPLAY_TIC|tic=3238|mle_ms=78.471|monotonic_ms=80|clock_delta_ms=1.529
|clock_suspect=0
PMLE_LIVE_REPLAY_TIC|tic=3239|mle_ms=84.522|monotonic_ms=80|clock_delta_ms=4.522
|clock_suspect=0
PMLE_LIVE_REPLAY_TIC|tic=3240|mle_ms=32.986|monotonic_ms=30|clock_delta_ms=2.986
|clock_suspect=0
PMLE_LIVE_REPLAY_TIC|tic=3241|mle_ms=108.626|monotonic_ms=110|clock_delta_ms=1.3
74|clock_suspect=0
PMLE_LIVE_REPLAY_TIC|tic=3242|mle_ms=58.915|monotonic_ms=60|clock_delta_ms=1.085
|clock_suspect=0
PMLE_LIVE_REPLAY_TIC|tic=3243|mle_ms=52.282|monotonic_ms=50|clock_delta_ms=2.282
|clock_suspect=0
PMLE_LIVE_REPLAY_TIC|tic=3244|mle_ms=81.21|monotonic_ms=90|clock_delta_ms=8.79|c
lock_suspect=0
PMLE_LIVE_REPLAY_TIC|tic=3245|mle_ms=96.509|monotonic_ms=90|clock_delta_ms=6.509
|clock_suspect=0
PMLE_LIVE_REPLAY_TIC|tic=3246|mle_ms=53.041|monotonic_ms=60|clock_delta_ms=6.959
|clock_suspect=0
PMLE_LIVE_REPLAY_TIC|tic=3247|mle_ms=85.291|monotonic_ms=80|clock_delta_ms=5.291
|clock_suspect=0
PMLE_LIVE_REPLAY_TIC|tic=3248|mle_ms=91.261|monotonic_ms=90|clock_delta_ms=1.261
|clock_suspect=0
PMLE_LIVE_REPLAY_TIC|tic=3249|mle_ms=39.85|monotonic_ms=40|clock_delta_ms=.15|cl
ock_suspect=0
PMLE_LIVE_REPLAY_TIC|tic=3250|mle_ms=100.608|monotonic_ms=100|clock_delta_ms=.60
8|clock_suspect=0
PMLE_LIVE_REPLAY_TIC|tic=3251|mle_ms=129.419|monotonic_ms=130|clock_delta_ms=.58
1|clock_suspect=0
PMLE_LIVE_REPLAY_TIC|tic=3252|mle_ms=40.837|monotonic_ms=40|clock_delta_ms=.837|
clock_suspect=0
PMLE_LIVE_REPLAY_TIC|tic=3253|mle_ms=87.533|monotonic_ms=90|clock_delta_ms=2.467
|clock_suspect=0
PMLE_LIVE_REPLAY_TIC|tic=3254|mle_ms=71.254|monotonic_ms=70|clock_delta_ms=1.254
|clock_suspect=0
PMLE_LIVE_REPLAY_TIC|tic=3255|mle_ms=31.764|monotonic_ms=30|clock_delta_ms=1.764
|clock_suspect=0
PMLE_LIVE_REPLAY_TIC|tic=3256|mle_ms=71.405|monotonic_ms=80|clock_delta_ms=8.595
|clock_suspect=0
PMLE_LIVE_REPLAY_TIC|tic=3257|mle_ms=41.028|monotonic_ms=40|clock_delta_ms=1.028
|clock_suspect=0
PMLE_LIVE_REPLAY_TIC|tic=3258|mle_ms=37.168|monotonic_ms=30|clock_delta_ms=7.168
|clock_suspect=0
PMLE_LIVE_REPLAY_TIC|tic=3259|mle_ms=75.631|monotonic_ms=80|clock_delta_ms=4.369
|clock_suspect=0
PMLE_LIVE_REPLAY_TIC|tic=3260|mle_ms=46.433|monotonic_ms=50|clock_delta_ms=3.567
|clock_suspect=0
PMLE_LIVE_REPLAY_TIC|tic=3261|mle_ms=82.384|monotonic_ms=80|clock_delta_ms=2.384
|clock_suspect=0
PMLE_LIVE_REPLAY_TIC|tic=3262|mle_ms=73.881|monotonic_ms=70|clock_delta_ms=3.881
|clock_suspect=0
PMLE_LIVE_REPLAY_TIC|tic=3263|mle_ms=49.786|monotonic_ms=50|clock_delta_ms=.214|
clock_suspect=0
PMLE_LIVE_REPLAY_TIC|tic=3264|mle_ms=35.154|monotonic_ms=40|clock_delta_ms=4.846
|clock_suspect=0
PMLE_LIVE_REPLAY_TIC|tic=3265|mle_ms=72.987|monotonic_ms=70|clock_delta_ms=2.987
|clock_suspect=0
PMLE_LIVE_REPLAY_TIC|tic=3266|mle_ms=36.032|monotonic_ms=40|clock_delta_ms=3.968
|clock_suspect=0
PMLE_LIVE_REPLAY_TIC|tic=3267|mle_ms=34.693|monotonic_ms=30|clock_delta_ms=4.693
|clock_suspect=0
PMLE_LIVE_REPLAY_TIC|tic=3268|mle_ms=95.622|monotonic_ms=100|clock_delta_ms=4.37
8|clock_suspect=0
PMLE_LIVE_REPLAY_TIC|tic=3269|mle_ms=42.67|monotonic_ms=40|clock_delta_ms=2.67|c
lock_suspect=0
PMLE_LIVE_REPLAY_TIC|tic=3270|mle_ms=32.389|monotonic_ms=30|clock_delta_ms=2.389
|clock_suspect=0
PMLE_LIVE_REPLAY_TIC|tic=3271|mle_ms=107.259|monotonic_ms=110|clock_delta_ms=2.7
41|clock_suspect=0
PMLE_LIVE_REPLAY_TIC|tic=3272|mle_ms=75.082|monotonic_ms=80|clock_delta_ms=4.918
|clock_suspect=0
PMLE_LIVE_REPLAY_TIC|tic=3273|mle_ms=41.185|monotonic_ms=40|clock_delta_ms=1.185
|clock_suspect=0
PMLE_LIVE_REPLAY_TIC|tic=3274|mle_ms=68.112|monotonic_ms=70|clock_delta_ms=1.888
|clock_suspect=0
PMLE_LIVE_REPLAY_TIC|tic=3275|mle_ms=36.968|monotonic_ms=30|clock_delta_ms=6.968
|clock_suspect=0
PMLE_LIVE_REPLAY_TIC|tic=3276|mle_ms=33.218|monotonic_ms=40|clock_delta_ms=6.782
|clock_suspect=0
PMLE_LIVE_REPLAY_TIC|tic=3277|mle_ms=75.082|monotonic_ms=70|clock_delta_ms=5.082
|clock_suspect=0
PMLE_LIVE_REPLAY_TIC|tic=3278|mle_ms=19.791|monotonic_ms=20|clock_delta_ms=.209|
clock_suspect=0
PMLE_LIVE_REPLAY_TIC|tic=3279|mle_ms=11.98|monotonic_ms=10|clock_delta_ms=1.98|c
lock_suspect=0
PMLE_LIVE_REPLAY_TIC|tic=3280|mle_ms=54.61|monotonic_ms=60|clock_delta_ms=5.39|c
lock_suspect=0
PMLE_LIVE_REPLAY_TIC|tic=3281|mle_ms=57.407|monotonic_ms=50|clock_delta_ms=7.407
|clock_suspect=0
PMLE_LIVE_REPLAY_TIC|tic=3282|mle_ms=12.477|monotonic_ms=20|clock_delta_ms=7.523
|clock_suspect=0
PMLE_LIVE_REPLAY_TIC|tic=3283|mle_ms=67.038|monotonic_ms=60|clock_delta_ms=7.038
|clock_suspect=0
PMLE_LIVE_REPLAY_TIC|tic=3284|mle_ms=21.579|monotonic_ms=30|clock_delta_ms=8.421
|clock_suspect=0
PMLE_LIVE_REPLAY_TIC|tic=3285|mle_ms=11.779|monotonic_ms=10|clock_delta_ms=1.779
|clock_suspect=0
PMLE_LIVE_REPLAY_TIC|tic=3286|mle_ms=60.54|monotonic_ms=60|clock_delta_ms=.54|cl
ock_suspect=0
PMLE_LIVE_REPLAY_TIC|tic=3287|mle_ms=16.74|monotonic_ms=20|clock_delta_ms=3.26|c
lock_suspect=0
PMLE_LIVE_REPLAY_TIC|tic=3288|mle_ms=12.861|monotonic_ms=10|clock_delta_ms=2.861
|clock_suspect=0
PMLE_LIVE_REPLAY_TIC|tic=3289|mle_ms=65.475|monotonic_ms=60|clock_delta_ms=5.475
|clock_suspect=0
PMLE_LIVE_REPLAY_TIC|tic=3290|mle_ms=19.415|monotonic_ms=20|clock_delta_ms=.585|
clock_suspect=0
PMLE_LIVE_REPLAY_TIC|tic=3291|mle_ms=55.338|monotonic_ms=60|clock_delta_ms=4.662
|clock_suspect=0
PMLE_LIVE_REPLAY_TIC|tic=3292|mle_ms=51.739|monotonic_ms=50|clock_delta_ms=1.739
|clock_suspect=0
PMLE_LIVE_REPLAY_TIC|tic=3293|mle_ms=23.512|monotonic_ms=20|clock_delta_ms=3.512
|clock_suspect=0
PMLE_LIVE_REPLAY_TIC|tic=3294|mle_ms=13.181|monotonic_ms=20|clock_delta_ms=6.819
|clock_suspect=0
PMLE_LIVE_REPLAY_TIC|tic=3295|mle_ms=47.926|monotonic_ms=50|clock_delta_ms=2.074
|clock_suspect=0
PMLE_LIVE_REPLAY_TIC|tic=3296|mle_ms=15.195|monotonic_ms=10|clock_delta_ms=5.195
|clock_suspect=0
PMLE_LIVE_REPLAY_TIC|tic=3297|mle_ms=7.27|monotonic_ms=10|clock_delta_ms=2.73|cl
ock_suspect=0
PMLE_LIVE_REPLAY_TIC|tic=3298|mle_ms=50.595|monotonic_ms=50|clock_delta_ms=.595|
clock_suspect=0
PMLE_LIVE_REPLAY_TIC|tic=3299|mle_ms=15.712|monotonic_ms=10|clock_delta_ms=5.712
|clock_suspect=0
PMLE_LIVE_REPLAY_TIC|tic=3300|mle_ms=10.511|monotonic_ms=20|clock_delta_ms=9.489
|clock_suspect=0
PMLE_LIVE_REPLAY_TIC|tic=3301|mle_ms=95.277|monotonic_ms=90|clock_delta_ms=5.277
|clock_suspect=0
PMLE_LIVE_REPLAY_TIC|tic=3302|mle_ms=15.925|monotonic_ms=20|clock_delta_ms=4.075
|clock_suspect=0
PMLE_LIVE_REPLAY_TIC|tic=3303|mle_ms=24.017|monotonic_ms=20|clock_delta_ms=4.017
|clock_suspect=0
PMLE_LIVE_REPLAY_TIC|tic=3304|mle_ms=85.779|monotonic_ms=90|clock_delta_ms=4.221
|clock_suspect=0
PMLE_LIVE_REPLAY_TIC|tic=3305|mle_ms=15.836|monotonic_ms=10|clock_delta_ms=5.836
|clock_suspect=0
PMLE_LIVE_REPLAY_TIC|tic=3306|mle_ms=13.423|monotonic_ms=20|clock_delta_ms=6.577
|clock_suspect=0
PMLE_LIVE_REPLAY_TIC|tic=3307|mle_ms=60.434|monotonic_ms=60|clock_delta_ms=.434|
clock_suspect=0
PMLE_LIVE_REPLAY_TIC|tic=3308|mle_ms=15.878|monotonic_ms=10|clock_delta_ms=5.878
|clock_suspect=0
PMLE_LIVE_REPLAY_TIC|tic=3309|mle_ms=10.401|monotonic_ms=10|clock_delta_ms=.401|
clock_suspect=0
PMLE_LIVE_REPLAY_TIC|tic=3310|mle_ms=53.005|monotonic_ms=60|clock_delta_ms=6.995
|clock_suspect=0
PMLE_LIVE_REPLAY_TIC|tic=3311|mle_ms=79.322|monotonic_ms=80|clock_delta_ms=.678|
clock_suspect=0
PMLE_LIVE_REPLAY_TIC|tic=3312|mle_ms=9.621|monotonic_ms=10|clock_delta_ms=.379|c
lock_suspect=0
PMLE_LIVE_REPLAY_TIC|tic=3313|mle_ms=63.322|monotonic_ms=60|clock_delta_ms=3.322
|clock_suspect=0
PMLE_LIVE_REPLAY_TIC|tic=3314|mle_ms=44.483|monotonic_ms=40|clock_delta_ms=4.483
|clock_suspect=0
PMLE_LIVE_REPLAY_TIC|tic=3315|mle_ms=9.581|monotonic_ms=10|clock_delta_ms=.419|c
lock_suspect=0
PMLE_LIVE_REPLAY_TIC|tic=3316|mle_ms=80.501|monotonic_ms=80|clock_delta_ms=.501|
clock_suspect=0
PMLE_LIVE_REPLAY_TIC|tic=3317|mle_ms=60.407|monotonic_ms=60|clock_delta_ms=.407|
clock_suspect=0
PMLE_LIVE_REPLAY_TIC|tic=3318|mle_ms=12.19|monotonic_ms=10|clock_delta_ms=2.19|c
lock_suspect=0
PMLE_LIVE_REPLAY_TIC|tic=3319|mle_ms=51.477|monotonic_ms=50|clock_delta_ms=1.477
|clock_suspect=0
PMLE_LIVE_REPLAY_TIC|tic=3320|mle_ms=47.777|monotonic_ms=50|clock_delta_ms=2.223
|clock_suspect=0
PMLE_LIVE_REPLAY_TIC|tic=3321|mle_ms=56.161|monotonic_ms=50|clock_delta_ms=6.161
|clock_suspect=0
PMLE_LIVE_REPLAY_TIC|tic=3322|mle_ms=49.75|monotonic_ms=50|clock_delta_ms=.25|cl
ock_suspect=0
PMLE_LIVE_REPLAY_TIC|tic=3323|mle_ms=48.871|monotonic_ms=50|clock_delta_ms=1.129
|clock_suspect=0
PMLE_LIVE_REPLAY_TIC|tic=3324|mle_ms=13.698|monotonic_ms=20|clock_delta_ms=6.302
|clock_suspect=0
PMLE_LIVE_REPLAY_TIC|tic=3325|mle_ms=48.835|monotonic_ms=40|clock_delta_ms=8.835
|clock_suspect=0
PMLE_LIVE_REPLAY_TIC|tic=3326|mle_ms=56.219|monotonic_ms=60|clock_delta_ms=3.781
|clock_suspect=0
PMLE_LIVE_REPLAY_TIC|tic=3327|mle_ms=9.071|monotonic_ms=10|clock_delta_ms=.929|c
lock_suspect=0
PMLE_LIVE_REPLAY_TIC|tic=3328|mle_ms=14.671|monotonic_ms=10|clock_delta_ms=4.671
|clock_suspect=0
PMLE_LIVE_REPLAY_TIC|tic=3329|mle_ms=42.803|monotonic_ms=50|clock_delta_ms=7.197
|clock_suspect=0
PMLE_LIVE_REPLAY_TIC|tic=3330|mle_ms=9.581|monotonic_ms=10|clock_delta_ms=.419|c
lock_suspect=0
PMLE_LIVE_REPLAY_TIC|tic=3331|mle_ms=60.47|monotonic_ms=60|clock_delta_ms=.47|cl
ock_suspect=0
PMLE_LIVE_REPLAY_TIC|tic=3332|mle_ms=47.368|monotonic_ms=50|clock_delta_ms=2.632
|clock_suspect=0
PMLE_LIVE_REPLAY_TIC|tic=3333|mle_ms=21.487|monotonic_ms=20|clock_delta_ms=1.487
|clock_suspect=0
PMLE_LIVE_REPLAY_TIC|tic=3334|mle_ms=17.96|monotonic_ms=10|clock_delta_ms=7.96|c
lock_suspect=0
PMLE_LIVE_REPLAY_TIC|tic=3335|mle_ms=41.116|monotonic_ms=50|clock_delta_ms=8.884
|clock_suspect=0
PMLE_LIVE_REPLAY_TIC|tic=3336|mle_ms=13.729|monotonic_ms=10|clock_delta_ms=3.729
|clock_suspect=0
PMLE_LIVE_REPLAY_TIC|tic=3337|mle_ms=14.822|monotonic_ms=10|clock_delta_ms=4.822
|clock_suspect=0
PMLE_LIVE_REPLAY_TIC|tic=3338|mle_ms=45.326|monotonic_ms=50|clock_delta_ms=4.674
|clock_suspect=0
PMLE_LIVE_REPLAY_TIC|tic=3339|mle_ms=10.073|monotonic_ms=10|clock_delta_ms=.073|
clock_suspect=0
PMLE_LIVE_REPLAY_TIC|tic=3340|mle_ms=15.925|monotonic_ms=20|clock_delta_ms=4.075
|clock_suspect=0
PMLE_LIVE_REPLAY_TIC|tic=3341|mle_ms=91.618|monotonic_ms=90|clock_delta_ms=1.618
|clock_suspect=0
PMLE_LIVE_REPLAY_TIC|tic=3342|mle_ms=10.93|monotonic_ms=10|clock_delta_ms=.93|cl
ock_suspect=0
PMLE_LIVE_REPLAY_TIC|tic=3343|mle_ms=26.147|monotonic_ms=30|clock_delta_ms=3.853
|clock_suspect=0
PMLE_LIVE_REPLAY_TIC|tic=3344|mle_ms=47.699|monotonic_ms=40|clock_delta_ms=7.699
|clock_suspect=0
PMLE_LIVE_REPLAY_TIC|tic=3345|mle_ms=8.642|monotonic_ms=10|clock_delta_ms=1.358|
clock_suspect=0
PMLE_LIVE_REPLAY_TIC|tic=3346|mle_ms=56.927|monotonic_ms=60|clock_delta_ms=3.073
|clock_suspect=0
PMLE_LIVE_REPLAY_TIC|tic=3347|mle_ms=54.93|monotonic_ms=50|clock_delta_ms=4.93|c
lock_suspect=0
PMLE_LIVE_REPLAY_TIC|tic=3348|mle_ms=8.519|monotonic_ms=10|clock_delta_ms=1.481|
clock_suspect=0
PMLE_LIVE_REPLAY_TIC|tic=3349|mle_ms=45.894|monotonic_ms=50|clock_delta_ms=4.106
|clock_suspect=0
PMLE_LIVE_REPLAY_TIC|tic=3350|mle_ms=54.19|monotonic_ms=50|clock_delta_ms=4.19|c
lock_suspect=0
PMLE_LIVE_REPLAY_TIC|tic=3351|mle_ms=44.869|monotonic_ms=50|clock_delta_ms=5.131
|clock_suspect=0
PMLE_LIVE_REPLAY_TIC|tic=3352|mle_ms=47.289|monotonic_ms=50|clock_delta_ms=2.711
|clock_suspect=0
PMLE_LIVE_REPLAY_TIC|tic=3353|mle_ms=71.639|monotonic_ms=70|clock_delta_ms=1.639
|clock_suspect=0
PMLE_LIVE_REPLAY_TIC|tic=3354|mle_ms=10.976|monotonic_ms=10|clock_delta_ms=.976|
clock_suspect=0
PMLE_LIVE_REPLAY_TIC|tic=3355|mle_ms=44.859|monotonic_ms=40|clock_delta_ms=4.859
|clock_suspect=0
PMLE_LIVE_REPLAY_TIC|tic=3356|mle_ms=40.038|monotonic_ms=40|clock_delta_ms=.038|
clock_suspect=0
PMLE_LIVE_REPLAY_TIC|tic=3357|mle_ms=7.89|monotonic_ms=10|clock_delta_ms=2.11|cl
ock_suspect=0
PMLE_LIVE_REPLAY_TIC|tic=3358|mle_ms=65.405|monotonic_ms=70|clock_delta_ms=4.595
|clock_suspect=0
PMLE_LIVE_REPLAY_TIC|tic=3359|mle_ms=49.711|monotonic_ms=50|clock_delta_ms=.289|
clock_suspect=0
PMLE_LIVE_REPLAY_TIC|tic=3360|mle_ms=10.095|monotonic_ms=10|clock_delta_ms=.095|
clock_suspect=0
PMLE_LIVE_REPLAY_TIC|tic=3361|mle_ms=94.559|monotonic_ms=90|clock_delta_ms=4.559
|clock_suspect=0
PMLE_LIVE_REPLAY_TIC|tic=3362|mle_ms=41.922|monotonic_ms=40|clock_delta_ms=1.922
|clock_suspect=0
PMLE_LIVE_REPLAY_TIC|tic=3363|mle_ms=21.64|monotonic_ms=20|clock_delta_ms=1.64|c
lock_suspect=0
PMLE_LIVE_REPLAY_TIC|tic=3364|mle_ms=68.819|monotonic_ms=70|clock_delta_ms=1.181
|clock_suspect=0
PMLE_LIVE_REPLAY_TIC|tic=3365|mle_ms=46.315|monotonic_ms=50|clock_delta_ms=3.685
|clock_suspect=0
PMLE_LIVE_REPLAY_TIC|tic=3366|mle_ms=11.424|monotonic_ms=10|clock_delta_ms=1.424
|clock_suspect=0
PMLE_LIVE_REPLAY_TIC|tic=3367|mle_ms=56.512|monotonic_ms=60|clock_delta_ms=3.488
|clock_suspect=0
PMLE_LIVE_REPLAY_TIC|tic=3368|mle_ms=46.412|monotonic_ms=40|clock_delta_ms=6.412
|clock_suspect=0
PMLE_LIVE_REPLAY_TIC|tic=3369|mle_ms=10.108|monotonic_ms=10|clock_delta_ms=.108|
clock_suspect=0
PMLE_LIVE_REPLAY_TIC|tic=3370|mle_ms=68.07|monotonic_ms=70|clock_delta_ms=1.93|c
lock_suspect=0
PMLE_LIVE_REPLAY_TIC|tic=3371|mle_ms=102.92|monotonic_ms=110|clock_delta_ms=7.08
|clock_suspect=0
PMLE_LIVE_REPLAY_TIC|tic=3372|mle_ms=12.675|monotonic_ms=10|clock_delta_ms=2.675
|clock_suspect=0
PMLE_LIVE_REPLAY_TIC|tic=3373|mle_ms=92.334|monotonic_ms=90|clock_delta_ms=2.334
|clock_suspect=0
PMLE_LIVE_REPLAY_TIC|tic=3374|mle_ms=75.309|monotonic_ms=80|clock_delta_ms=4.691
|clock_suspect=0
PMLE_LIVE_REPLAY_TIC|tic=3375|mle_ms=10.591|monotonic_ms=10|clock_delta_ms=.591|
clock_suspect=0
PMLE_LIVE_REPLAY_TIC|tic=3376|mle_ms=54.154|monotonic_ms=50|clock_delta_ms=4.154
|clock_suspect=0
PMLE_LIVE_REPLAY_TIC|tic=3377|mle_ms=41.128|monotonic_ms=40|clock_delta_ms=1.128
|clock_suspect=0
PMLE_LIVE_REPLAY_TIC|tic=3378|mle_ms=10.777|monotonic_ms=10|clock_delta_ms=.777|
clock_suspect=0
PMLE_LIVE_REPLAY_TIC|tic=3379|mle_ms=53.252|monotonic_ms=60|clock_delta_ms=6.748
|clock_suspect=0
PMLE_LIVE_REPLAY_TIC|tic=3380|mle_ms=49.811|monotonic_ms=50|clock_delta_ms=.189|
clock_suspect=0
PMLE_LIVE_REPLAY_TIC|tic=3381|mle_ms=50.795|monotonic_ms=50|clock_delta_ms=.795|
clock_suspect=0
PMLE_LIVE_REPLAY_TIC|tic=3382|mle_ms=15.058|monotonic_ms=10|clock_delta_ms=5.058
|clock_suspect=0
PMLE_LIVE_REPLAY_TIC|tic=3383|mle_ms=52.767|monotonic_ms=60|clock_delta_ms=7.233
|clock_suspect=0
PMLE_LIVE_REPLAY_TIC|tic=3384|mle_ms=11.079|monotonic_ms=10|clock_delta_ms=1.079
|clock_suspect=0
PMLE_LIVE_REPLAY_TIC|tic=3385|mle_ms=23.174|monotonic_ms=20|clock_delta_ms=3.174
|clock_suspect=0
PMLE_LIVE_REPLAY_TIC|tic=3386|mle_ms=53.161|monotonic_ms=50|clock_delta_ms=3.161
|clock_suspect=0
PMLE_LIVE_REPLAY_TIC|tic=3387|mle_ms=13.872|monotonic_ms=20|clock_delta_ms=6.128
|clock_suspect=0
PMLE_LIVE_REPLAY_TIC|tic=3388|mle_ms=21.695|monotonic_ms=20|clock_delta_ms=1.695
|clock_suspect=0
PMLE_LIVE_REPLAY_TIC|tic=3389|mle_ms=46.7|monotonic_ms=50|clock_delta_ms=3.3|clo
ck_suspect=0
PMLE_LIVE_REPLAY_TIC|tic=3390|mle_ms=14.66|monotonic_ms=10|clock_delta_ms=4.66|c
lock_suspect=0
PMLE_LIVE_REPLAY_TIC|tic=3391|mle_ms=60.02|monotonic_ms=60|clock_delta_ms=.02|cl
ock_suspect=0
PMLE_LIVE_REPLAY_TIC|tic=3392|mle_ms=22.072|monotonic_ms=20|clock_delta_ms=2.072
|clock_suspect=0
PMLE_LIVE_REPLAY_TIC|tic=3393|mle_ms=24.755|monotonic_ms=30|clock_delta_ms=5.245
|clock_suspect=0
PMLE_LIVE_REPLAY_TIC|tic=3394|mle_ms=20.573|monotonic_ms=20|clock_delta_ms=.573|
clock_suspect=0
PMLE_LIVE_REPLAY_TIC|tic=3395|mle_ms=23.401|monotonic_ms=20|clock_delta_ms=3.401
|clock_suspect=0
PMLE_LIVE_REPLAY_TIC|tic=3396|mle_ms=20.829|monotonic_ms=20|clock_delta_ms=.829|
clock_suspect=0
PMLE_LIVE_REPLAY_TIC|tic=3397|mle_ms=21.607|monotonic_ms=20|clock_delta_ms=1.607
|clock_suspect=0
PMLE_LIVE_REPLAY_TIC|tic=3398|mle_ms=55.386|monotonic_ms=60|clock_delta_ms=4.614
|clock_suspect=0
PMLE_LIVE_REPLAY_TIC|tic=3399|mle_ms=15.065|monotonic_ms=10|clock_delta_ms=5.065
|clock_suspect=0
PMLE_LIVE_REPLAY_TIC|tic=3400|mle_ms=20.628|monotonic_ms=30|clock_delta_ms=9.372
|clock_suspect=0
PMLE_LIVE_REPLAY_TIC|tic=3401|mle_ms=81.706|monotonic_ms=90|clock_delta_ms=8.294
|clock_suspect=0
PMLE_LIVE_REPLAY_TIC|tic=3402|mle_ms=15.941|monotonic_ms=10|clock_delta_ms=5.941
|clock_suspect=0
PMLE_LIVE_REPLAY_TIC|tic=3403|mle_ms=29.797|monotonic_ms=30|clock_delta_ms=.203|
clock_suspect=0
PMLE_LIVE_REPLAY_TIC|tic=3404|mle_ms=52.547|monotonic_ms=50|clock_delta_ms=2.547
|clock_suspect=0
PMLE_LIVE_REPLAY_TIC|tic=3405|mle_ms=16.62|monotonic_ms=20|clock_delta_ms=3.38|c
lock_suspect=0
PMLE_LIVE_REPLAY_TIC|tic=3406|mle_ms=57.488|monotonic_ms=60|clock_delta_ms=2.512
|clock_suspect=0
PMLE_LIVE_REPLAY_TIC|tic=3407|mle_ms=52.526|monotonic_ms=50|clock_delta_ms=2.526
|clock_suspect=0
PMLE_LIVE_REPLAY_TIC|tic=3408|mle_ms=13.105|monotonic_ms=10|clock_delta_ms=3.105
|clock_suspect=0
PMLE_LIVE_REPLAY_TIC|tic=3409|mle_ms=56.895|monotonic_ms=60|clock_delta_ms=3.105
|clock_suspect=0
PMLE_LIVE_REPLAY_TIC|tic=3410|mle_ms=42.182|monotonic_ms=40|clock_delta_ms=2.182
|clock_suspect=0
PMLE_LIVE_REPLAY_TIC|tic=3411|mle_ms=48.175|monotonic_ms=50|clock_delta_ms=1.825
|clock_suspect=0
PMLE_LIVE_REPLAY_TIC|tic=3412|mle_ms=52.469|monotonic_ms=50|clock_delta_ms=2.469
|clock_suspect=0
PMLE_LIVE_REPLAY_TIC|tic=3413|mle_ms=62.79|monotonic_ms=70|clock_delta_ms=7.21|c
lock_suspect=0
PMLE_LIVE_REPLAY_TIC|tic=3414|mle_ms=22.175|monotonic_ms=20|clock_delta_ms=2.175
|clock_suspect=0
PMLE_LIVE_REPLAY_TIC|tic=3415|mle_ms=52.256|monotonic_ms=50|clock_delta_ms=2.256
|clock_suspect=0
PMLE_LIVE_REPLAY_TIC|tic=3416|mle_ms=63.69|monotonic_ms=70|clock_delta_ms=6.31|c
lock_suspect=0
PMLE_LIVE_REPLAY_TIC|tic=3417|mle_ms=10.663|monotonic_ms=10|clock_delta_ms=.663|
clock_suspect=0
PMLE_LIVE_REPLAY_TIC|tic=3418|mle_ms=52.222|monotonic_ms=50|clock_delta_ms=2.222
|clock_suspect=0
PMLE_LIVE_REPLAY_TIC|tic=3419|mle_ms=49.838|monotonic_ms=50|clock_delta_ms=.162|
clock_suspect=0
PMLE_LIVE_REPLAY_TIC|tic=3420|mle_ms=14.428|monotonic_ms=10|clock_delta_ms=4.428
|clock_suspect=0
PMLE_LIVE_REPLAY_TIC|tic=3421|mle_ms=94.003|monotonic_ms=100|clock_delta_ms=5.99
7|clock_suspect=0
PMLE_LIVE_REPLAY_TIC|tic=3422|mle_ms=50.943|monotonic_ms=50|clock_delta_ms=.943|
clock_suspect=0
PMLE_LIVE_REPLAY_TIC|tic=3423|mle_ms=28.328|monotonic_ms=30|clock_delta_ms=1.672
|clock_suspect=0
PMLE_LIVE_REPLAY_TIC|tic=3424|mle_ms=64.684|monotonic_ms=60|clock_delta_ms=4.684
|clock_suspect=0
PMLE_LIVE_REPLAY_TIC|tic=3425|mle_ms=43.797|monotonic_ms=50|clock_delta_ms=6.203
|clock_suspect=0
PMLE_LIVE_REPLAY_TIC|tic=3426|mle_ms=32.444|monotonic_ms=30|clock_delta_ms=2.444
|clock_suspect=0
PMLE_LIVE_REPLAY_TIC|tic=3427|mle_ms=52.699|monotonic_ms=50|clock_delta_ms=2.699
|clock_suspect=0
PMLE_LIVE_REPLAY_TIC|tic=3428|mle_ms=75.188|monotonic_ms=80|clock_delta_ms=4.812
|clock_suspect=0
PMLE_LIVE_REPLAY_TIC|tic=3429|mle_ms=28.237|monotonic_ms=20|clock_delta_ms=8.237
|clock_suspect=0
PMLE_LIVE_REPLAY_TIC|tic=3430|mle_ms=75.746|monotonic_ms=80|clock_delta_ms=4.254
|clock_suspect=0
PMLE_LIVE_REPLAY_TIC|tic=3431|mle_ms=73.865|monotonic_ms=70|clock_delta_ms=3.865
|clock_suspect=0
PMLE_LIVE_REPLAY_TIC|tic=3432|mle_ms=30.648|monotonic_ms=30|clock_delta_ms=.648|
clock_suspect=0
PMLE_LIVE_REPLAY_TIC|tic=3433|mle_ms=89.028|monotonic_ms=90|clock_delta_ms=.972|
clock_suspect=0
PMLE_LIVE_REPLAY_TIC|tic=3434|mle_ms=85.203|monotonic_ms=90|clock_delta_ms=4.797
|clock_suspect=0
PMLE_LIVE_REPLAY_TIC|tic=3435|mle_ms=30.606|monotonic_ms=30|clock_delta_ms=.606|
clock_suspect=0
PMLE_LIVE_REPLAY_TIC|tic=3436|mle_ms=88.577|monotonic_ms=90|clock_delta_ms=1.423
|clock_suspect=0
PMLE_LIVE_REPLAY_TIC|tic=3437|mle_ms=71.243|monotonic_ms=70|clock_delta_ms=1.243
|clock_suspect=0
PMLE_LIVE_REPLAY_TIC|tic=3438|mle_ms=35.184|monotonic_ms=40|clock_delta_ms=4.816
|clock_suspect=0
PMLE_LIVE_REPLAY_TIC|tic=3439|mle_ms=77.294|monotonic_ms=70|clock_delta_ms=7.294
|clock_suspect=0
PMLE_LIVE_REPLAY_TIC|tic=3440|mle_ms=89.093|monotonic_ms=90|clock_delta_ms=.907|
clock_suspect=0
PMLE_LIVE_REPLAY_TIC|tic=3441|mle_ms=53.971|monotonic_ms=60|clock_delta_ms=6.029
|clock_suspect=0
PMLE_LIVE_REPLAY_TIC|tic=3442|mle_ms=82.975|monotonic_ms=80|clock_delta_ms=2.975
|clock_suspect=0
PMLE_LIVE_REPLAY_TIC|tic=3443|mle_ms=84.163|monotonic_ms=80|clock_delta_ms=4.163
|clock_suspect=0
PMLE_LIVE_REPLAY_TIC|tic=3444|mle_ms=37.374|monotonic_ms=40|clock_delta_ms=2.626
|clock_suspect=0
PMLE_LIVE_REPLAY_TIC|tic=3445|mle_ms=79.772|monotonic_ms=80|clock_delta_ms=.228|
clock_suspect=0
PMLE_LIVE_REPLAY_TIC|tic=3446|mle_ms=81.374|monotonic_ms=80|clock_delta_ms=1.374
|clock_suspect=0
PMLE_LIVE_REPLAY_TIC|tic=3447|mle_ms=26.178|monotonic_ms=30|clock_delta_ms=3.822
|clock_suspect=0
PMLE_LIVE_REPLAY_TIC|tic=3448|mle_ms=69.136|monotonic_ms=70|clock_delta_ms=.864|
clock_suspect=0
PMLE_LIVE_REPLAY_TIC|tic=3449|mle_ms=76.338|monotonic_ms=70|clock_delta_ms=6.338
|clock_suspect=0
PMLE_LIVE_REPLAY_TIC|tic=3450|mle_ms=35.52|monotonic_ms=40|clock_delta_ms=4.48|c
lock_suspect=0
PMLE_LIVE_REPLAY_TIC|tic=3451|mle_ms=93.307|monotonic_ms=90|clock_delta_ms=3.307
|clock_suspect=0
PMLE_LIVE_REPLAY_TIC|tic=3452|mle_ms=71.69|monotonic_ms=70|clock_delta_ms=1.69|c
lock_suspect=0
PMLE_LIVE_REPLAY_TIC|tic=3453|mle_ms=57.061|monotonic_ms=60|clock_delta_ms=2.939
|clock_suspect=0
PMLE_LIVE_REPLAY_TIC|tic=3454|mle_ms=86.11|monotonic_ms=90|clock_delta_ms=3.89|c
lock_suspect=0
PMLE_LIVE_REPLAY_TIC|tic=3455|mle_ms=79.762|monotonic_ms=80|clock_delta_ms=.238|
clock_suspect=0
PMLE_LIVE_REPLAY_TIC|tic=3456|mle_ms=45.02|monotonic_ms=40|clock_delta_ms=5.02|c
lock_suspect=0
PMLE_LIVE_REPLAY_TIC|tic=3457|mle_ms=73.637|monotonic_ms=80|clock_delta_ms=6.363
|clock_suspect=0
PMLE_LIVE_REPLAY_TIC|tic=3458|mle_ms=61.547|monotonic_ms=60|clock_delta_ms=1.547
|clock_suspect=0
PMLE_LIVE_REPLAY_TIC|tic=3459|mle_ms=28.297|monotonic_ms=30|clock_delta_ms=1.703
|clock_suspect=0
PMLE_LIVE_REPLAY_TIC|tic=3460|mle_ms=248.258|monotonic_ms=240|clock_delta_ms=8.2
58|clock_suspect=0
PMLE_LIVE_REPLAY_TIC|tic=3461|mle_ms=85.289|monotonic_ms=90|clock_delta_ms=4.711
|clock_suspect=0
PMLE_LIVE_REPLAY_TIC|tic=3462|mle_ms=31.217|monotonic_ms=30|clock_delta_ms=1.217
|clock_suspect=0
PMLE_LIVE_REPLAY_TIC|tic=3463|mle_ms=292.005|monotonic_ms=290|clock_delta_ms=2.0
05|clock_suspect=0
PMLE_LIVE_REPLAY_TIC|tic=3464|mle_ms=8.733|monotonic_ms=120|clock_delta_ms=111.2
67|clock_suspect=1
PMLE_LIVE_REPLAY_TIC|tic=3465|mle_ms=38.44|monotonic_ms=30|clock_delta_ms=8.44|c
lock_suspect=0
PMLE_LIVE_REPLAY_TIC|tic=3466|mle_ms=332.102|monotonic_ms=340|clock_delta_ms=7.8
98|clock_suspect=0
PMLE_LIVE_REPLAY_TIC|tic=3467|mle_ms=98.806|monotonic_ms=100|clock_delta_ms=1.19
4|clock_suspect=0
PMLE_LIVE_REPLAY_TIC|tic=3468|mle_ms=45.887|monotonic_ms=40|clock_delta_ms=5.887
|clock_suspect=0
PMLE_LIVE_REPLAY_TIC|tic=3469|mle_ms=260.843|monotonic_ms=260|clock_delta_ms=.84
3|clock_suspect=0
PMLE_LIVE_REPLAY_TIC|tic=3470|mle_ms=116.37|monotonic_ms=120|clock_delta_ms=3.63
|clock_suspect=0
PMLE_LIVE_REPLAY_TIC|tic=3471|mle_ms=61.224|monotonic_ms=60|clock_delta_ms=1.224
|clock_suspect=0
PMLE_LIVE_REPLAY_TIC|tic=3472|mle_ms=279.674|monotonic_ms=280|clock_delta_ms=.32
6|clock_suspect=0
PMLE_LIVE_REPLAY_TIC|tic=3473|mle_ms=127.465|monotonic_ms=130|clock_delta_ms=2.5
35|clock_suspect=0
PMLE_LIVE_REPLAY_TIC|tic=3474|mle_ms=57.889|monotonic_ms=60|clock_delta_ms=2.111
|clock_suspect=0
PMLE_LIVE_REPLAY_TIC|tic=3475|mle_ms=273.081|monotonic_ms=270|clock_delta_ms=3.0
81|clock_suspect=0
PMLE_LIVE_REPLAY_TIC|tic=3476|mle_ms=134.543|monotonic_ms=130|clock_delta_ms=4.5
43|clock_suspect=0
PMLE_LIVE_REPLAY_TIC|tic=3477|mle_ms=55.933|monotonic_ms=60|clock_delta_ms=4.067
|clock_suspect=0
PMLE_LIVE_REPLAY_TIC|tic=3478|mle_ms=94.939|monotonic_ms=90|clock_delta_ms=4.939
|clock_suspect=0
PMLE_LIVE_REPLAY_TIC|tic=3479|mle_ms=89.372|monotonic_ms=90|clock_delta_ms=.628|
clock_suspect=0
PMLE_LIVE_REPLAY_TIC|tic=3480|mle_ms=55.542|monotonic_ms=60|clock_delta_ms=4.458
|clock_suspect=0
PMLE_LIVE_REPLAY_TIC|tic=3481|mle_ms=108.061|monotonic_ms=110|clock_delta_ms=1.9
39|clock_suspect=0
PMLE_LIVE_REPLAY_TIC|tic=3482|mle_ms=118.037|monotonic_ms=120|clock_delta_ms=1.9
63|clock_suspect=0
PMLE_LIVE_REPLAY_TIC|tic=3483|mle_ms=84.61|monotonic_ms=80|clock_delta_ms=4.61|c
lock_suspect=0
PMLE_LIVE_REPLAY_TIC|tic=3484|mle_ms=123.875|monotonic_ms=120|clock_delta_ms=3.8
75|clock_suspect=0
PMLE_LIVE_REPLAY_TIC|tic=3485|mle_ms=92.808|monotonic_ms=100|clock_delta_ms=7.19
2|clock_suspect=0
PMLE_LIVE_REPLAY_TIC|tic=3486|mle_ms=67.395|monotonic_ms=60|clock_delta_ms=7.395
|clock_suspect=0
PMLE_LIVE_REPLAY_TIC|tic=3487|mle_ms=68.647|monotonic_ms=70|clock_delta_ms=1.353
|clock_suspect=0
PMLE_LIVE_REPLAY_TIC|tic=3488|mle_ms=73.482|monotonic_ms=80|clock_delta_ms=6.518
|clock_suspect=0
PMLE_LIVE_REPLAY_TIC|tic=3489|mle_ms=34.838|monotonic_ms=30|clock_delta_ms=4.838
|clock_suspect=0
PMLE_LIVE_REPLAY_TIC|tic=3490|mle_ms=89.223|monotonic_ms=90|clock_delta_ms=.777|
clock_suspect=0
PMLE_LIVE_REPLAY_TIC|tic=3491|mle_ms=79.067|monotonic_ms=80|clock_delta_ms=.933|
clock_suspect=0
PMLE_LIVE_REPLAY_TIC|tic=3492|mle_ms=34.965|monotonic_ms=40|clock_delta_ms=5.035
|clock_suspect=0
PMLE_LIVE_REPLAY_TIC|tic=3493|mle_ms=90.528|monotonic_ms=90|clock_delta_ms=.528|
clock_suspect=0
PMLE_LIVE_REPLAY_TIC|tic=3494|mle_ms=77.002|monotonic_ms=70|clock_delta_ms=7.002
|clock_suspect=0
PMLE_LIVE_REPLAY_TIC|tic=3495|mle_ms=42.43|monotonic_ms=50|clock_delta_ms=7.57|c
lock_suspect=0
PMLE_LIVE_REPLAY_TIC|tic=3496|mle_ms=98.087|monotonic_ms=90|clock_delta_ms=8.087
|clock_suspect=0
PMLE_LIVE_REPLAY_TIC|tic=3497|mle_ms=69.854|monotonic_ms=70|clock_delta_ms=.146|
clock_suspect=0
PMLE_LIVE_REPLAY_TIC|tic=3498|mle_ms=34.59|monotonic_ms=40|clock_delta_ms=5.41|c
lock_suspect=0
PMLE_LIVE_REPLAY_TIC|tic=3499|mle_ms=78.226|monotonic_ms=80|clock_delta_ms=1.774
|clock_suspect=0
PMLE_LIVE_REPLAY_TIC|tic=3500|mle_ms=76.892|monotonic_ms=70|clock_delta_ms=6.892
|clock_suspect=0
PMLE_LIVE_REPLAY_TIC|tic=3501|mle_ms=57.561|monotonic_ms=50|clock_delta_ms=7.561
|clock_suspect=0
PMLE_LIVE_REPLAY_TIC|tic=3502|mle_ms=91.179|monotonic_ms=100|clock_delta_ms=8.82
1|clock_suspect=0
PMLE_LIVE_REPLAY_TIC|tic=3503|mle_ms=106.971|monotonic_ms=100|clock_delta_ms=6.9
71|clock_suspect=0
PMLE_LIVE_REPLAY_TIC|tic=3504|mle_ms=61.736|monotonic_ms=60|clock_delta_ms=1.736
|clock_suspect=0
PMLE_LIVE_REPLAY_TIC|tic=3505|mle_ms=104.791|monotonic_ms=110|clock_delta_ms=5.2
09|clock_suspect=0
PMLE_LIVE_REPLAY_TIC|tic=3506|mle_ms=103.691|monotonic_ms=100|clock_delta_ms=3.6
91|clock_suspect=0
PMLE_LIVE_REPLAY_TIC|tic=3507|mle_ms=46.279|monotonic_ms=50|clock_delta_ms=3.721
|clock_suspect=0
PMLE_LIVE_REPLAY_TIC|tic=3508|mle_ms=92.23|monotonic_ms=90|clock_delta_ms=2.23|c
lock_suspect=0
PMLE_LIVE_REPLAY_TIC|tic=3509|mle_ms=91.36|monotonic_ms=90|clock_delta_ms=1.36|c
lock_suspect=0
PMLE_LIVE_REPLAY_TIC|tic=3510|mle_ms=45.345|monotonic_ms=50|clock_delta_ms=4.655
|clock_suspect=0
PMLE_LIVE_REPLAY_TIC|tic=3511|mle_ms=88.892|monotonic_ms=90|clock_delta_ms=1.108
|clock_suspect=0
PMLE_LIVE_REPLAY_TIC|tic=3512|mle_ms=94.549|monotonic_ms=90|clock_delta_ms=4.549
|clock_suspect=0
PMLE_LIVE_REPLAY_TIC|tic=3513|mle_ms=63.293|monotonic_ms=70|clock_delta_ms=6.707
|clock_suspect=0
PMLE_LIVE_REPLAY_TIC|tic=3514|mle_ms=98.576|monotonic_ms=90|clock_delta_ms=8.576
|clock_suspect=0
PMLE_LIVE_REPLAY_TIC|tic=3515|mle_ms=73.747|monotonic_ms=80|clock_delta_ms=6.253
|clock_suspect=0
PMLE_LIVE_REPLAY_TIC|tic=3516|mle_ms=57.904|monotonic_ms=60|clock_delta_ms=2.096
|clock_suspect=0
PMLE_LIVE_REPLAY_TIC|tic=3517|mle_ms=75.074|monotonic_ms=70|clock_delta_ms=5.074
|clock_suspect=0
PMLE_LIVE_REPLAY_TIC|tic=3518|mle_ms=91.207|monotonic_ms=90|clock_delta_ms=1.207
|clock_suspect=0
PMLE_LIVE_REPLAY_TIC|tic=3519|mle_ms=37.262|monotonic_ms=40|clock_delta_ms=2.738
|clock_suspect=0
PMLE_LIVE_REPLAY_TIC|tic=3520|mle_ms=63.48|monotonic_ms=60|clock_delta_ms=3.48|c
lock_suspect=0
PMLE_LIVE_REPLAY_TIC|tic=3521|mle_ms=80.069|monotonic_ms=80|clock_delta_ms=.069|
clock_suspect=0
PMLE_LIVE_REPLAY_TIC|tic=3522|mle_ms=32.25|monotonic_ms=40|clock_delta_ms=7.75|c
lock_suspect=0
PMLE_LIVE_REPLAY_TIC|tic=3523|mle_ms=77.24|monotonic_ms=70|clock_delta_ms=7.24|c
lock_suspect=0
PMLE_LIVE_REPLAY_TIC|tic=3524|mle_ms=84.432|monotonic_ms=90|clock_delta_ms=5.568
|clock_suspect=0
PMLE_LIVE_REPLAY_TIC|tic=3525|mle_ms=21.723|monotonic_ms=20|clock_delta_ms=1.723
|clock_suspect=0
PMLE_LIVE_REPLAY_TIC|tic=3526|mle_ms=93.046|monotonic_ms=90|clock_delta_ms=3.046
|clock_suspect=0
PMLE_LIVE_REPLAY_TIC|tic=3527|mle_ms=54.528|monotonic_ms=60|clock_delta_ms=5.472
|clock_suspect=0
PMLE_LIVE_REPLAY_TIC|tic=3528|mle_ms=12.569|monotonic_ms=10|clock_delta_ms=2.569
|clock_suspect=0
PMLE_LIVE_REPLAY_TIC|tic=3529|mle_ms=81.173|monotonic_ms=80|clock_delta_ms=1.173
|clock_suspect=0
PMLE_LIVE_REPLAY_TIC|tic=3530|mle_ms=58.396|monotonic_ms=60|clock_delta_ms=1.604
|clock_suspect=0
PMLE_LIVE_REPLAY_TIC|tic=3531|mle_ms=31.548|monotonic_ms=30|clock_delta_ms=1.548
|clock_suspect=0
PMLE_LIVE_REPLAY_TIC|tic=3532|mle_ms=59.229|monotonic_ms=60|clock_delta_ms=.771|
clock_suspect=0
PMLE_LIVE_REPLAY_TIC|tic=3533|mle_ms=73.518|monotonic_ms=70|clock_delta_ms=3.518
|clock_suspect=0
PMLE_LIVE_REPLAY_TIC|tic=3534|mle_ms=22.468|monotonic_ms=30|clock_delta_ms=7.532
|clock_suspect=0
PMLE_LIVE_REPLAY_TIC|tic=3535|mle_ms=66.187|monotonic_ms=60|clock_delta_ms=6.187
|clock_suspect=0
PMLE_LIVE_REPLAY_TIC|tic=3536|mle_ms=85.594|monotonic_ms=90|clock_delta_ms=4.406
|clock_suspect=0
PMLE_LIVE_REPLAY_TIC|tic=3537|mle_ms=11.262|monotonic_ms=10|clock_delta_ms=1.262
|clock_suspect=0
PMLE_LIVE_REPLAY_TIC|tic=3538|mle_ms=49.593|monotonic_ms=50|clock_delta_ms=.407|
clock_suspect=0
PMLE_LIVE_REPLAY_TIC|tic=3539|mle_ms=49.235|monotonic_ms=50|clock_delta_ms=.765|
clock_suspect=0
PMLE_LIVE_REPLAY_TIC|tic=3540|mle_ms=14.213|monotonic_ms=10|clock_delta_ms=4.213
|clock_suspect=0
PMLE_LIVE_REPLAY_TIC|tic=3541|mle_ms=89.21|monotonic_ms=90|clock_delta_ms=.79|cl
ock_suspect=0
PMLE_LIVE_REPLAY_TIC|tic=3542|mle_ms=54.58|monotonic_ms=60|clock_delta_ms=5.42|c
lock_suspect=0
PMLE_LIVE_REPLAY_TIC|tic=3543|mle_ms=29.17|monotonic_ms=30|clock_delta_ms=.83|cl
ock_suspect=0
PMLE_LIVE_REPLAY_TIC|tic=3544|mle_ms=65.27|monotonic_ms=60|clock_delta_ms=5.27|c
lock_suspect=0
PMLE_LIVE_REPLAY_TIC|tic=3545|mle_ms=47.066|monotonic_ms=50|clock_delta_ms=2.934
|clock_suspect=0
PMLE_LIVE_REPLAY_TIC|tic=3546|mle_ms=36.242|monotonic_ms=40|clock_delta_ms=3.758
|clock_suspect=0
PMLE_LIVE_REPLAY_TIC|tic=3547|mle_ms=63.81|monotonic_ms=60|clock_delta_ms=3.81|c
lock_suspect=0
PMLE_LIVE_REPLAY_TIC|tic=3548|mle_ms=49.705|monotonic_ms=50|clock_delta_ms=.295|
clock_suspect=0
PMLE_LIVE_REPLAY_TIC|tic=3549|mle_ms=12.511|monotonic_ms=10|clock_delta_ms=2.511
|clock_suspect=0
PMLE_LIVE_REPLAY_TIC|tic=3550|mle_ms=53.384|monotonic_ms=60|clock_delta_ms=6.616
|clock_suspect=0
PMLE_LIVE_REPLAY_TIC|tic=3551|mle_ms=72.48|monotonic_ms=70|clock_delta_ms=2.48|c
lock_suspect=0
PMLE_LIVE_REPLAY_TIC|tic=3552|mle_ms=22.006|monotonic_ms=20|clock_delta_ms=2.006
|clock_suspect=0
PMLE_LIVE_REPLAY_TIC|tic=3553|mle_ms=65.768|monotonic_ms=70|clock_delta_ms=4.232
|clock_suspect=0
PMLE_LIVE_REPLAY_TIC|tic=3554|mle_ms=60.847|monotonic_ms=60|clock_delta_ms=.847|
clock_suspect=0
PMLE_LIVE_REPLAY_TIC|tic=3555|mle_ms=11.383|monotonic_ms=10|clock_delta_ms=1.383
|clock_suspect=0
PMLE_LIVE_REPLAY_TIC|tic=3556|mle_ms=55.797|monotonic_ms=50|clock_delta_ms=5.797
|clock_suspect=0
PMLE_LIVE_REPLAY_TIC|tic=3557|mle_ms=51.071|monotonic_ms=50|clock_delta_ms=1.071
|clock_suspect=0
PMLE_LIVE_REPLAY_TIC|tic=3558|mle_ms=10.949|monotonic_ms=20|clock_delta_ms=9.051
|clock_suspect=0
PMLE_LIVE_REPLAY_TIC|tic=3559|mle_ms=33.956|monotonic_ms=30|clock_delta_ms=3.956
|clock_suspect=0
PMLE_LIVE_REPLAY_TIC|tic=3560|mle_ms=45.574|monotonic_ms=50|clock_delta_ms=4.426
|clock_suspect=0
PMLE_LIVE_REPLAY_TIC|tic=3561|mle_ms=21.441|monotonic_ms=20|clock_delta_ms=1.441
|clock_suspect=0
PMLE_LIVE_REPLAY_TIC|tic=3562|mle_ms=36.967|monotonic_ms=30|clock_delta_ms=6.967
|clock_suspect=0
PMLE_LIVE_REPLAY_TIC|tic=3563|mle_ms=65.483|monotonic_ms=70|clock_delta_ms=4.517
|clock_suspect=0
PMLE_LIVE_REPLAY_TIC|tic=3564|mle_ms=19.007|monotonic_ms=20|clock_delta_ms=.993|
clock_suspect=0
PMLE_LIVE_REPLAY_TIC|tic=3565|mle_ms=36.099|monotonic_ms=40|clock_delta_ms=3.901
|clock_suspect=0
PMLE_LIVE_REPLAY_TIC|tic=3566|mle_ms=101.678|monotonic_ms=100|clock_delta_ms=1.6
78|clock_suspect=0
PMLE_LIVE_REPLAY_TIC|tic=3567|mle_ms=12.071|monotonic_ms=10|clock_delta_ms=2.071
|clock_suspect=0
PMLE_LIVE_REPLAY_TIC|tic=3568|mle_ms=37.595|monotonic_ms=40|clock_delta_ms=2.405
|clock_suspect=0
PMLE_LIVE_REPLAY_TIC|tic=3569|mle_ms=58.08|monotonic_ms=50|clock_delta_ms=8.08|c
lock_suspect=0
PMLE_LIVE_REPLAY_TIC|tic=3570|mle_ms=11.367|monotonic_ms=20|clock_delta_ms=8.633
|clock_suspect=0
PMLE_LIVE_REPLAY_TIC|tic=3571|mle_ms=45.031|monotonic_ms=40|clock_delta_ms=5.031
|clock_suspect=0
PMLE_LIVE_REPLAY_TIC|tic=3572|mle_ms=50.992|monotonic_ms=50|clock_delta_ms=.992|
clock_suspect=0
PMLE_LIVE_REPLAY_TIC|tic=3573|mle_ms=25.214|monotonic_ms=30|clock_delta_ms=4.786
|clock_suspect=0
PMLE_LIVE_REPLAY_TIC|tic=3574|mle_ms=63.457|monotonic_ms=60|clock_delta_ms=3.457
|clock_suspect=0
PMLE_LIVE_REPLAY_TIC|tic=3575|mle_ms=52.024|monotonic_ms=50|clock_delta_ms=2.024
|clock_suspect=0
PMLE_LIVE_REPLAY_TIC|tic=3576|mle_ms=31.804|monotonic_ms=40|clock_delta_ms=8.196
|clock_suspect=0
PMLE_LIVE_REPLAY_TIC|tic=3577|mle_ms=61.07|monotonic_ms=60|clock_delta_ms=1.07|c
lock_suspect=0
PMLE_LIVE_REPLAY_TIC|tic=3578|mle_ms=44.804|monotonic_ms=40|clock_delta_ms=4.804
|clock_suspect=0
PMLE_LIVE_REPLAY_TIC|tic=3579|mle_ms=10.754|monotonic_ms=10|clock_delta_ms=.754|
clock_suspect=0
PMLE_LIVE_REPLAY_TIC|tic=3580|mle_ms=30.29|monotonic_ms=30|clock_delta_ms=.29|cl
ock_suspect=0
PMLE_LIVE_REPLAY_TIC|tic=3581|mle_ms=50.964|monotonic_ms=50|clock_delta_ms=.964|
clock_suspect=0
PMLE_LIVE_REPLAY_TIC|tic=3582|mle_ms=11.252|monotonic_ms=10|clock_delta_ms=1.252
|clock_suspect=0
PMLE_LIVE_REPLAY_TIC|tic=3583|mle_ms=45.571|monotonic_ms=50|clock_delta_ms=4.429
|clock_suspect=0
PMLE_LIVE_REPLAY_TIC|tic=3584|mle_ms=52.744|monotonic_ms=50|clock_delta_ms=2.744
|clock_suspect=0
PMLE_LIVE_REPLAY_TIC|tic=3585|mle_ms=9.155|monotonic_ms=10|clock_delta_ms=.845|c
lock_suspect=0
PMLE_LIVE_REPLAY_TIC|tic=3586|mle_ms=61.338|monotonic_ms=60|clock_delta_ms=1.338
|clock_suspect=0
PMLE_LIVE_REPLAY_TIC|tic=3587|mle_ms=46.812|monotonic_ms=50|clock_delta_ms=3.188
|clock_suspect=0
PMLE_LIVE_REPLAY_TIC|tic=3588|mle_ms=10.387|monotonic_ms=10|clock_delta_ms=.387|
clock_suspect=0
PMLE_LIVE_REPLAY_TIC|tic=3589|mle_ms=39.392|monotonic_ms=40|clock_delta_ms=.608|
clock_suspect=0
PMLE_LIVE_REPLAY_TIC|tic=3590|mle_ms=50.116|monotonic_ms=50|clock_delta_ms=.116|
clock_suspect=0
PMLE_LIVE_REPLAY_TIC|tic=3591|mle_ms=19.509|monotonic_ms=20|clock_delta_ms=.491|
clock_suspect=0
PMLE_LIVE_REPLAY_TIC|tic=3592|mle_ms=32.976|monotonic_ms=30|clock_delta_ms=2.976
|clock_suspect=0
PMLE_LIVE_REPLAY_TIC|tic=3593|mle_ms=71.443|monotonic_ms=80|clock_delta_ms=8.557
|clock_suspect=0
PMLE_LIVE_REPLAY_TIC|tic=3594|mle_ms=18.12|monotonic_ms=10|clock_delta_ms=8.12|c
lock_suspect=0
PMLE_LIVE_REPLAY_TIC|tic=3595|mle_ms=35.22|monotonic_ms=40|clock_delta_ms=4.78|c
lock_suspect=0
PMLE_LIVE_REPLAY_TIC|tic=3596|mle_ms=62.526|monotonic_ms=60|clock_delta_ms=2.526
|clock_suspect=0
PMLE_LIVE_REPLAY_TIC|tic=3597|mle_ms=7.479|monotonic_ms=10|clock_delta_ms=2.521|
clock_suspect=0
PMLE_LIVE_REPLAY_TIC|tic=3598|mle_ms=61.258|monotonic_ms=60|clock_delta_ms=1.258
|clock_suspect=0
PMLE_LIVE_REPLAY_TIC|tic=3599|mle_ms=51.773|monotonic_ms=50|clock_delta_ms=1.773
|clock_suspect=0
PMLE_LIVE_REPLAY_TIC|tic=3600|mle_ms=11.996|monotonic_ms=10|clock_delta_ms=1.996
|clock_suspect=0
PMLE_LIVE_REPLAY_TIC|tic=3601|mle_ms=51.809|monotonic_ms=50|clock_delta_ms=1.809
|clock_suspect=0
PMLE_LIVE_REPLAY_TIC|tic=3602|mle_ms=53.218|monotonic_ms=50|clock_delta_ms=3.218
|clock_suspect=0
PMLE_LIVE_REPLAY_TIC|tic=3603|mle_ms=22.868|monotonic_ms=30|clock_delta_ms=7.132
|clock_suspect=0
PMLE_LIVE_REPLAY_TIC|tic=3604|mle_ms=69.543|monotonic_ms=70|clock_delta_ms=.457|
clock_suspect=0
PMLE_LIVE_REPLAY_TIC|tic=3605|mle_ms=38.539|monotonic_ms=30|clock_delta_ms=8.539
|clock_suspect=0
PMLE_LIVE_REPLAY_TIC|tic=3606|mle_ms=30.976|monotonic_ms=40|clock_delta_ms=9.024
|clock_suspect=0
PMLE_LIVE_REPLAY_TIC|tic=3607|mle_ms=33.62|monotonic_ms=30|clock_delta_ms=3.62|c
lock_suspect=0
PMLE_LIVE_REPLAY_TIC|tic=3608|mle_ms=46.222|monotonic_ms=50|clock_delta_ms=3.778
|clock_suspect=0
PMLE_LIVE_REPLAY_TIC|tic=3609|mle_ms=12.469|monotonic_ms=10|clock_delta_ms=2.469
|clock_suspect=0
PMLE_LIVE_REPLAY_TIC|tic=3610|mle_ms=34.936|monotonic_ms=30|clock_delta_ms=4.936
|clock_suspect=0
PMLE_LIVE_REPLAY_TIC|tic=3611|mle_ms=72.055|monotonic_ms=70|clock_delta_ms=2.055
|clock_suspect=0
PMLE_LIVE_REPLAY_TIC|tic=3612|mle_ms=13.698|monotonic_ms=20|clock_delta_ms=6.302
|clock_suspect=0
PMLE_LIVE_REPLAY_TIC|tic=3613|mle_ms=55.025|monotonic_ms=50|clock_delta_ms=5.025
|clock_suspect=0
PMLE_LIVE_REPLAY_TIC|tic=3614|mle_ms=55.118|monotonic_ms=60|clock_delta_ms=4.882
|clock_suspect=0
PMLE_LIVE_REPLAY_TIC|tic=3615|mle_ms=8.781|monotonic_ms=10|clock_delta_ms=1.219|
clock_suspect=0
PMLE_LIVE_REPLAY_TIC|tic=3616|mle_ms=51.816|monotonic_ms=50|clock_delta_ms=1.816
|clock_suspect=0
PMLE_LIVE_REPLAY_TIC|tic=3617|mle_ms=42.078|monotonic_ms=40|clock_delta_ms=2.078
|clock_suspect=0
PMLE_LIVE_REPLAY_TIC|tic=3618|mle_ms=9.63|monotonic_ms=10|clock_delta_ms=.37|clo
ck_suspect=0
PMLE_LIVE_REPLAY_TIC|tic=3619|mle_ms=38.124|monotonic_ms=40|clock_delta_ms=1.876
|clock_suspect=0
PMLE_LIVE_REPLAY_TIC|tic=3620|mle_ms=67.733|monotonic_ms=70|clock_delta_ms=2.267
|clock_suspect=0
PMLE_LIVE_REPLAY_TIC|tic=3621|mle_ms=19.22|monotonic_ms=20|clock_delta_ms=.78|cl
ock_suspect=0
PMLE_LIVE_REPLAY_TIC|tic=3622|mle_ms=41.334|monotonic_ms=40|clock_delta_ms=1.334
|clock_suspect=0
PMLE_LIVE_REPLAY_TIC|tic=3623|mle_ms=59.328|monotonic_ms=60|clock_delta_ms=.672|
clock_suspect=0
PMLE_LIVE_REPLAY_TIC|tic=3624|mle_ms=18.618|monotonic_ms=20|clock_delta_ms=1.382
|clock_suspect=0
PMLE_LIVE_REPLAY_TIC|tic=3625|mle_ms=37.145|monotonic_ms=30|clock_delta_ms=7.145
|clock_suspect=0
PMLE_LIVE_REPLAY_TIC|tic=3626|mle_ms=76.599|monotonic_ms=80|clock_delta_ms=3.401
|clock_suspect=0
PMLE_LIVE_REPLAY_TIC|tic=3627|mle_ms=9.22|monotonic_ms=10|clock_delta_ms=.78|clo
ck_suspect=0
PMLE_LIVE_REPLAY_TIC|tic=3628|mle_ms=56.393|monotonic_ms=60|clock_delta_ms=3.607
|clock_suspect=0
PMLE_LIVE_REPLAY_TIC|tic=3629|mle_ms=53.843|monotonic_ms=50|clock_delta_ms=3.843
|clock_suspect=0
PMLE_LIVE_REPLAY_TIC|tic=3630|mle_ms=8.762|monotonic_ms=10|clock_delta_ms=1.238|
clock_suspect=0
PMLE_LIVE_REPLAY_TIC|tic=3631|mle_ms=40.908|monotonic_ms=40|clock_delta_ms=.908|
clock_suspect=0
PMLE_LIVE_REPLAY_TIC|tic=3632|mle_ms=44.106|monotonic_ms=40|clock_delta_ms=4.106
|clock_suspect=0
PMLE_LIVE_REPLAY_TIC|tic=3633|mle_ms=26.168|monotonic_ms=30|clock_delta_ms=3.832
|clock_suspect=0
PMLE_LIVE_REPLAY_TIC|tic=3634|mle_ms=39.59|monotonic_ms=40|clock_delta_ms=.41|cl
ock_suspect=0
PMLE_LIVE_REPLAY_TIC|tic=3635|mle_ms=47.744|monotonic_ms=50|clock_delta_ms=2.256
|clock_suspect=0
PMLE_LIVE_REPLAY_TIC|tic=3636|mle_ms=31.971|monotonic_ms=30|clock_delta_ms=1.971
|clock_suspect=0
PMLE_LIVE_REPLAY_TIC|tic=3637|mle_ms=28.631|monotonic_ms=30|clock_delta_ms=1.369
|clock_suspect=0
PMLE_LIVE_REPLAY_TIC|tic=3638|mle_ms=61.212|monotonic_ms=60|clock_delta_ms=1.212
|clock_suspect=0
PMLE_LIVE_REPLAY_TIC|tic=3639|mle_ms=13.336|monotonic_ms=10|clock_delta_ms=3.336
|clock_suspect=0
PMLE_LIVE_REPLAY_TIC|tic=3640|mle_ms=32.426|monotonic_ms=40|clock_delta_ms=7.574
|clock_suspect=0
PMLE_LIVE_REPLAY_TIC|tic=3641|mle_ms=68.075|monotonic_ms=60|clock_delta_ms=8.075
|clock_suspect=0
PMLE_LIVE_REPLAY_TIC|tic=3642|mle_ms=10.19|monotonic_ms=10|clock_delta_ms=.19|cl
ock_suspect=0
PMLE_LIVE_REPLAY_TIC|tic=3643|mle_ms=50.563|monotonic_ms=50|clock_delta_ms=.563|
clock_suspect=0
PMLE_LIVE_REPLAY_TIC|tic=3644|mle_ms=60.65|monotonic_ms=70|clock_delta_ms=9.35|c
lock_suspect=0
PMLE_LIVE_REPLAY_TIC|tic=3645|mle_ms=9.512|monotonic_ms=0|clock_delta_ms=9.512|c
lock_suspect=0
PMLE_LIVE_REPLAY_TIC|tic=3646|mle_ms=66.89|monotonic_ms=70|clock_delta_ms=3.11|c
lock_suspect=0
PMLE_LIVE_REPLAY_TIC|tic=3647|mle_ms=47.407|monotonic_ms=50|clock_delta_ms=2.593
|clock_suspect=0
PMLE_LIVE_REPLAY_TIC|tic=3648|mle_ms=11.399|monotonic_ms=10|clock_delta_ms=1.399
|clock_suspect=0
PMLE_LIVE_REPLAY_TIC|tic=3649|mle_ms=41.859|monotonic_ms=40|clock_delta_ms=1.859
|clock_suspect=0
PMLE_LIVE_REPLAY_TIC|tic=3650|mle_ms=50.781|monotonic_ms=50|clock_delta_ms=.781|
clock_suspect=0
PMLE_LIVE_REPLAY_TIC|tic=3651|mle_ms=26.646|monotonic_ms=30|clock_delta_ms=3.354
|clock_suspect=0
PMLE_LIVE_REPLAY_TIC|tic=3652|mle_ms=51.324|monotonic_ms=50|clock_delta_ms=1.324
|clock_suspect=0
PMLE_LIVE_REPLAY_TIC|tic=3653|mle_ms=69.55|monotonic_ms=70|clock_delta_ms=.45|cl
ock_suspect=0
PMLE_LIVE_REPLAY_TIC|tic=3654|mle_ms=22.134|monotonic_ms=20|clock_delta_ms=2.134
|clock_suspect=0
PMLE_LIVE_REPLAY_TIC|tic=3655|mle_ms=63.01|monotonic_ms=70|clock_delta_ms=6.99|c
lock_suspect=0
PMLE_LIVE_REPLAY_TIC|tic=3656|mle_ms=84.024|monotonic_ms=80|clock_delta_ms=4.024
|clock_suspect=0
PMLE_LIVE_REPLAY_TIC|tic=3657|mle_ms=9.967|monotonic_ms=10|clock_delta_ms=.033|c
lock_suspect=0
PMLE_LIVE_REPLAY_TIC|tic=3658|mle_ms=62.689|monotonic_ms=60|clock_delta_ms=2.689
|clock_suspect=0
PMLE_LIVE_REPLAY_TIC|tic=3659|mle_ms=83.223|monotonic_ms=90|clock_delta_ms=6.777
|clock_suspect=0
PMLE_LIVE_REPLAY_TIC|tic=3660|mle_ms=11.412|monotonic_ms=10|clock_delta_ms=1.412
|clock_suspect=0
PMLE_LIVE_REPLAY_TIC|tic=3661|mle_ms=70.346|monotonic_ms=70|clock_delta_ms=.346|
clock_suspect=0
PMLE_LIVE_REPLAY_TIC|tic=3662|mle_ms=45.677|monotonic_ms=40|clock_delta_ms=5.677
|clock_suspect=0
PMLE_LIVE_REPLAY_TIC|tic=3663|mle_ms=24.622|monotonic_ms=30|clock_delta_ms=5.378
|clock_suspect=0
PMLE_LIVE_REPLAY_TIC|tic=3664|mle_ms=61.085|monotonic_ms=60|clock_delta_ms=1.085
|clock_suspect=0
PMLE_LIVE_REPLAY_TIC|tic=3665|mle_ms=78.251|monotonic_ms=80|clock_delta_ms=1.749
|clock_suspect=0
PMLE_LIVE_REPLAY_TIC|tic=3666|mle_ms=37.505|monotonic_ms=40|clock_delta_ms=2.495
|clock_suspect=0
PMLE_LIVE_REPLAY_TIC|tic=3667|mle_ms=40.283|monotonic_ms=40|clock_delta_ms=.283|
clock_suspect=0
PMLE_LIVE_REPLAY_TIC|tic=3668|mle_ms=56.46|monotonic_ms=50|clock_delta_ms=6.46|c
lock_suspect=0
PMLE_LIVE_REPLAY_TIC|tic=3669|mle_ms=9.694|monotonic_ms=10|clock_delta_ms=.306|c
lock_suspect=0
PMLE_LIVE_REPLAY_TIC|tic=3670|mle_ms=30.771|monotonic_ms=30|clock_delta_ms=.771|
clock_suspect=0
PMLE_LIVE_REPLAY_TIC|tic=3671|mle_ms=55.149|monotonic_ms=60|clock_delta_ms=4.851
|clock_suspect=0
PMLE_LIVE_REPLAY_TIC|tic=3672|mle_ms=12.732|monotonic_ms=10|clock_delta_ms=2.732
|clock_suspect=0
PMLE_LIVE_REPLAY_TIC|tic=3673|mle_ms=55.607|monotonic_ms=60|clock_delta_ms=4.393
|clock_suspect=0
PMLE_LIVE_REPLAY_TIC|tic=3674|mle_ms=52.72|monotonic_ms=50|clock_delta_ms=2.72|c
lock_suspect=0
PMLE_LIVE_REPLAY_TIC|tic=3675|mle_ms=8.91|monotonic_ms=10|clock_delta_ms=1.09|cl
ock_suspect=0
PMLE_LIVE_REPLAY_TIC|tic=3676|mle_ms=54.558|monotonic_ms=50|clock_delta_ms=4.558
|clock_suspect=0
PMLE_LIVE_REPLAY_TIC|tic=3677|mle_ms=43.07|monotonic_ms=50|clock_delta_ms=6.93|c
lock_suspect=0
PMLE_LIVE_REPLAY_TIC|tic=3678|mle_ms=9.362|monotonic_ms=10|clock_delta_ms=.638|c
lock_suspect=0
PMLE_LIVE_REPLAY_TIC|tic=3679|mle_ms=32.677|monotonic_ms=30|clock_delta_ms=2.677
|clock_suspect=0
PMLE_LIVE_REPLAY_TIC|tic=3680|mle_ms=52.116|monotonic_ms=50|clock_delta_ms=2.116
|clock_suspect=0
PMLE_LIVE_REPLAY_TIC|tic=3681|mle_ms=23.018|monotonic_ms=20|clock_delta_ms=3.018
|clock_suspect=0
PMLE_LIVE_REPLAY_TIC|tic=3682|mle_ms=46.443|monotonic_ms=50|clock_delta_ms=3.557
|clock_suspect=0
PMLE_LIVE_REPLAY_TIC|tic=3683|mle_ms=60.535|monotonic_ms=60|clock_delta_ms=.535|
clock_suspect=0
PMLE_LIVE_REPLAY_TIC|tic=3684|mle_ms=17.144|monotonic_ms=20|clock_delta_ms=2.856
|clock_suspect=0
PMLE_LIVE_REPLAY_TIC|tic=3685|mle_ms=37.135|monotonic_ms=40|clock_delta_ms=2.865
|clock_suspect=0
PMLE_LIVE_REPLAY_TIC|tic=3686|mle_ms=79.303|monotonic_ms=80|clock_delta_ms=.697|
clock_suspect=0
PMLE_LIVE_REPLAY_TIC|tic=3687|mle_ms=8.463|monotonic_ms=0|clock_delta_ms=8.463|c
lock_suspect=0
PMLE_LIVE_REPLAY_TIC|tic=3688|mle_ms=33.808|monotonic_ms=40|clock_delta_ms=6.192
|clock_suspect=0
PMLE_LIVE_REPLAY_TIC|tic=3689|mle_ms=53.563|monotonic_ms=50|clock_delta_ms=3.563
|clock_suspect=0
PMLE_LIVE_REPLAY_TIC|tic=3690|mle_ms=9.441|monotonic_ms=10|clock_delta_ms=.559|c
lock_suspect=0
PMLE_LIVE_REPLAY_TIC|tic=3691|mle_ms=56.203|monotonic_ms=60|clock_delta_ms=3.797
|clock_suspect=0
PMLE_LIVE_REPLAY_TIC|tic=3692|mle_ms=56.903|monotonic_ms=50|clock_delta_ms=6.903
|clock_suspect=0
PMLE_LIVE_REPLAY_TIC|tic=3693|mle_ms=27.06|monotonic_ms=30|clock_delta_ms=2.94|c
lock_suspect=0
PMLE_LIVE_REPLAY_TIC|tic=3694|mle_ms=45.358|monotonic_ms=50|clock_delta_ms=4.642
|clock_suspect=0
PMLE_LIVE_REPLAY_TIC|tic=3695|mle_ms=46.262|monotonic_ms=40|clock_delta_ms=6.262
|clock_suspect=0
PMLE_LIVE_REPLAY_TIC|tic=3696|mle_ms=30.945|monotonic_ms=30|clock_delta_ms=.945|
clock_suspect=0
PMLE_LIVE_REPLAY_TIC|tic=3697|mle_ms=33.236|monotonic_ms=40|clock_delta_ms=6.764
|clock_suspect=0
PMLE_LIVE_REPLAY_TIC|tic=3698|mle_ms=49.976|monotonic_ms=50|clock_delta_ms=.024|
clock_suspect=0
PMLE_LIVE_REPLAY_TIC|tic=3699|mle_ms=9.657|monotonic_ms=10|clock_delta_ms=.343|c
lock_suspect=0
PMLE_LIVE_REPLAY_TIC|tic=3700|mle_ms=32.248|monotonic_ms=30|clock_delta_ms=2.248
|clock_suspect=0
PMLE_LIVE_REPLAY_TIC|tic=3701|mle_ms=59.837|monotonic_ms=60|clock_delta_ms=.163|
clock_suspect=0
PMLE_LIVE_REPLAY_TIC|tic=3702|mle_ms=9.838|monotonic_ms=10|clock_delta_ms=.162|c
lock_suspect=0
PMLE_LIVE_REPLAY_TIC|tic=3703|mle_ms=49.531|monotonic_ms=50|clock_delta_ms=.469|
clock_suspect=0
PMLE_LIVE_REPLAY_TIC|tic=3704|mle_ms=64.394|monotonic_ms=60|clock_delta_ms=4.394
|clock_suspect=0
PMLE_LIVE_REPLAY_TIC|tic=3705|mle_ms=8.779|monotonic_ms=10|clock_delta_ms=1.221|
clock_suspect=0
PMLE_LIVE_REPLAY_TIC|tic=3706|mle_ms=72.505|monotonic_ms=80|clock_delta_ms=7.495
|clock_suspect=0
PMLE_LIVE_REPLAY_TIC|tic=3707|mle_ms=41.447|monotonic_ms=40|clock_delta_ms=1.447
|clock_suspect=0
PMLE_LIVE_REPLAY_TIC|tic=3708|mle_ms=10.294|monotonic_ms=10|clock_delta_ms=.294|
clock_suspect=0
PMLE_LIVE_REPLAY_TIC|tic=3709|mle_ms=53.301|monotonic_ms=50|clock_delta_ms=3.301
|clock_suspect=0
PMLE_LIVE_REPLAY_TIC|tic=3710|mle_ms=54.433|monotonic_ms=50|clock_delta_ms=4.433
|clock_suspect=0
PMLE_LIVE_REPLAY_TIC|tic=3711|mle_ms=24.381|monotonic_ms=30|clock_delta_ms=5.619
|clock_suspect=0
PMLE_LIVE_REPLAY_TIC|tic=3712|mle_ms=57.241|monotonic_ms=60|clock_delta_ms=2.759
|clock_suspect=0
PMLE_LIVE_REPLAY_TIC|tic=3713|mle_ms=61.311|monotonic_ms=60|clock_delta_ms=1.311
|clock_suspect=0
PMLE_LIVE_REPLAY_TIC|tic=3714|mle_ms=16.974|monotonic_ms=20|clock_delta_ms=3.026
|clock_suspect=0
PMLE_LIVE_REPLAY_TIC|tic=3715|mle_ms=52.673|monotonic_ms=50|clock_delta_ms=2.673
|clock_suspect=0
PMLE_LIVE_REPLAY_TIC|tic=3716|mle_ms=71.171|monotonic_ms=70|clock_delta_ms=1.171
|clock_suspect=0
PMLE_LIVE_REPLAY_TIC|tic=3717|mle_ms=8.537|monotonic_ms=10|clock_delta_ms=1.463|
clock_suspect=0
PMLE_LIVE_REPLAY_TIC|tic=3718|mle_ms=64.815|monotonic_ms=60|clock_delta_ms=4.815
|clock_suspect=0
PMLE_LIVE_REPLAY_TIC|tic=3719|mle_ms=53.864|monotonic_ms=60|clock_delta_ms=6.136
|clock_suspect=0
PMLE_LIVE_REPLAY_TIC|tic=3720|mle_ms=13.991|monotonic_ms=10|clock_delta_ms=3.991
|clock_suspect=0
PMLE_LIVE_REPLAY_TIC|tic=3721|mle_ms=75.812|monotonic_ms=80|clock_delta_ms=4.188
|clock_suspect=0
PMLE_LIVE_REPLAY_TIC|tic=3722|mle_ms=49.374|monotonic_ms=50|clock_delta_ms=.626|
clock_suspect=0
PMLE_LIVE_REPLAY_TIC|tic=3723|mle_ms=23.155|monotonic_ms=20|clock_delta_ms=3.155
|clock_suspect=0
PMLE_LIVE_REPLAY_TIC|tic=3724|mle_ms=56.74|monotonic_ms=60|clock_delta_ms=3.26|c
lock_suspect=0
PMLE_LIVE_REPLAY_TIC|tic=3725|mle_ms=43.335|monotonic_ms=40|clock_delta_ms=3.335
|clock_suspect=0
PMLE_LIVE_REPLAY_TIC|tic=3726|mle_ms=34.665|monotonic_ms=30|clock_delta_ms=4.665
|clock_suspect=0
PMLE_LIVE_REPLAY_TIC|tic=3727|mle_ms=47.368|monotonic_ms=50|clock_delta_ms=2.632
|clock_suspect=0
PMLE_LIVE_REPLAY_TIC|tic=3728|mle_ms=43.147|monotonic_ms=40|clock_delta_ms=3.147
|clock_suspect=0
PMLE_LIVE_REPLAY_TIC|tic=3729|mle_ms=10.278|monotonic_ms=20|clock_delta_ms=9.722
|clock_suspect=0
PMLE_LIVE_REPLAY_TIC|tic=3730|mle_ms=48.164|monotonic_ms=40|clock_delta_ms=8.164
|clock_suspect=0
PMLE_LIVE_REPLAY_TIC|tic=3731|mle_ms=73.926|monotonic_ms=80|clock_delta_ms=6.074
|clock_suspect=0
PMLE_LIVE_REPLAY_TIC|tic=3732|mle_ms=10.582|monotonic_ms=10|clock_delta_ms=.582|
clock_suspect=0
PMLE_LIVE_REPLAY_TIC|tic=3733|mle_ms=77.864|monotonic_ms=80|clock_delta_ms=2.136
|clock_suspect=0
PMLE_LIVE_REPLAY_TIC|tic=3734|mle_ms=54.962|monotonic_ms=50|clock_delta_ms=4.962
|clock_suspect=0
PMLE_LIVE_REPLAY_TIC|tic=3735|mle_ms=7.989|monotonic_ms=10|clock_delta_ms=2.011|
clock_suspect=0
PMLE_LIVE_REPLAY_TIC|tic=3736|mle_ms=60.812|monotonic_ms=60|clock_delta_ms=.812|
clock_suspect=0
PMLE_LIVE_REPLAY_TIC|tic=3737|mle_ms=41.84|monotonic_ms=40|clock_delta_ms=1.84|c
lock_suspect=0
PMLE_LIVE_REPLAY_TIC|tic=3738|mle_ms=10.267|monotonic_ms=10|clock_delta_ms=.267|
clock_suspect=0
PMLE_LIVE_REPLAY_TIC|tic=3739|mle_ms=61.436|monotonic_ms=60|clock_delta_ms=1.436
|clock_suspect=0
PMLE_LIVE_REPLAY_TIC|tic=3740|mle_ms=45.229|monotonic_ms=50|clock_delta_ms=4.771
|clock_suspect=0
PMLE_LIVE_REPLAY_TIC|tic=3741|mle_ms=20.859|monotonic_ms=20|clock_delta_ms=.859|
clock_suspect=0
PMLE_LIVE_REPLAY_TIC|tic=3742|mle_ms=33.724|monotonic_ms=30|clock_delta_ms=3.724
|clock_suspect=0
PMLE_LIVE_REPLAY_TIC|tic=3743|mle_ms=60.999|monotonic_ms=60|clock_delta_ms=.999|
clock_suspect=0
PMLE_LIVE_REPLAY_TIC|tic=3744|mle_ms=17.177|monotonic_ms=20|clock_delta_ms=2.823
|clock_suspect=0
PMLE_LIVE_REPLAY_TIC|tic=3745|mle_ms=37.025|monotonic_ms=40|clock_delta_ms=2.975
|clock_suspect=0
PMLE_LIVE_REPLAY_TIC|tic=3746|mle_ms=77.053|monotonic_ms=80|clock_delta_ms=2.947
|clock_suspect=0
PMLE_LIVE_REPLAY_TIC|tic=3747|mle_ms=9.012|monotonic_ms=10|clock_delta_ms=.988|c
lock_suspect=0
PMLE_LIVE_REPLAY_TIC|tic=3748|mle_ms=39.459|monotonic_ms=30|clock_delta_ms=9.459
|clock_suspect=0
PMLE_LIVE_REPLAY_TIC|tic=3749|mle_ms=54.407|monotonic_ms=60|clock_delta_ms=5.593
|clock_suspect=0
PMLE_LIVE_REPLAY_TIC|tic=3750|mle_ms=8.421|monotonic_ms=10|clock_delta_ms=1.579|
clock_suspect=0
PMLE_LIVE_REPLAY_TIC|tic=3751|mle_ms=43.581|monotonic_ms=40|clock_delta_ms=3.581
|clock_suspect=0
PMLE_LIVE_REPLAY_TIC|tic=3752|mle_ms=33.314|monotonic_ms=30|clock_delta_ms=3.314
|clock_suspect=0
PMLE_LIVE_REPLAY_TIC|tic=3753|mle_ms=24.676|monotonic_ms=30|clock_delta_ms=5.324
|clock_suspect=0
PMLE_LIVE_REPLAY_TIC|tic=3754|mle_ms=45.44|monotonic_ms=50|clock_delta_ms=4.56|c
lock_suspect=0
PMLE_LIVE_REPLAY_TIC|tic=3755|mle_ms=48.323|monotonic_ms=40|clock_delta_ms=8.323
|clock_suspect=0
PMLE_LIVE_REPLAY_TIC|tic=3756|mle_ms=36.924|monotonic_ms=40|clock_delta_ms=3.076
|clock_suspect=0
PMLE_LIVE_REPLAY_TIC|tic=3757|mle_ms=28.344|monotonic_ms=30|clock_delta_ms=1.656
|clock_suspect=0
PMLE_LIVE_REPLAY_TIC|tic=3758|mle_ms=47.468|monotonic_ms=50|clock_delta_ms=2.532
|clock_suspect=0
PMLE_LIVE_REPLAY_TIC|tic=3759|mle_ms=12.647|monotonic_ms=10|clock_delta_ms=2.647
|clock_suspect=0
PMLE_LIVE_REPLAY_TIC|tic=3760|mle_ms=36|monotonic_ms=40|clock_delta_ms=4|clock_s
uspect=0
PMLE_LIVE_REPLAY_TIC|tic=3761|mle_ms=65.315|monotonic_ms=60|clock_delta_ms=5.315
|clock_suspect=0
PMLE_LIVE_REPLAY_TIC|tic=3762|mle_ms=9.784|monotonic_ms=10|clock_delta_ms=.216|c
lock_suspect=0
PMLE_LIVE_REPLAY_TIC|tic=3763|mle_ms=47.236|monotonic_ms=50|clock_delta_ms=2.764
|clock_suspect=0
PMLE_LIVE_REPLAY_TIC|tic=3764|mle_ms=58.564|monotonic_ms=60|clock_delta_ms=1.436
|clock_suspect=0
PMLE_LIVE_REPLAY_TIC|tic=3765|mle_ms=8.695|monotonic_ms=10|clock_delta_ms=1.305|
clock_suspect=0
PMLE_LIVE_REPLAY_TIC|tic=3766|mle_ms=53.09|monotonic_ms=50|clock_delta_ms=3.09|c
lock_suspect=0
PMLE_LIVE_REPLAY_TIC|tic=3767|mle_ms=44.569|monotonic_ms=40|clock_delta_ms=4.569
|clock_suspect=0
PMLE_LIVE_REPLAY_TIC|tic=3768|mle_ms=8.795|monotonic_ms=10|clock_delta_ms=1.205|
clock_suspect=0
PMLE_LIVE_REPLAY_TIC|tic=3769|mle_ms=30.388|monotonic_ms=30|clock_delta_ms=.388|
clock_suspect=0
PMLE_LIVE_REPLAY_TIC|tic=3770|mle_ms=46.713|monotonic_ms=50|clock_delta_ms=3.287
|clock_suspect=0
PMLE_LIVE_REPLAY_TIC|tic=3771|mle_ms=18.924|monotonic_ms=20|clock_delta_ms=1.076
|clock_suspect=0
PMLE_LIVE_REPLAY_TIC|tic=3772|mle_ms=29.694|monotonic_ms=30|clock_delta_ms=.306|
clock_suspect=0
PMLE_LIVE_REPLAY_TIC|tic=3773|mle_ms=62.747|monotonic_ms=60|clock_delta_ms=2.747
|clock_suspect=0
PMLE_LIVE_REPLAY_TIC|tic=3774|mle_ms=18.056|monotonic_ms=20|clock_delta_ms=1.944
|clock_suspect=0
PMLE_LIVE_REPLAY_TIC|tic=3775|mle_ms=28.652|monotonic_ms=30|clock_delta_ms=1.348
|clock_suspect=0
PMLE_LIVE_REPLAY_TIC|tic=3776|mle_ms=78.406|monotonic_ms=80|clock_delta_ms=1.594
|clock_suspect=0
PMLE_LIVE_REPLAY_TIC|tic=3777|mle_ms=7.204|monotonic_ms=0|clock_delta_ms=7.204|c
lock_suspect=0
PMLE_LIVE_REPLAY_TIC|tic=3778|mle_ms=28.147|monotonic_ms=30|clock_delta_ms=1.853
|clock_suspect=0
PMLE_LIVE_REPLAY_TIC|tic=3779|mle_ms=45.986|monotonic_ms=50|clock_delta_ms=4.014
|clock_suspect=0
PMLE_LIVE_REPLAY_TIC|tic=3780|mle_ms=8.368|monotonic_ms=10|clock_delta_ms=1.632|
clock_suspect=0
PMLE_LIVE_REPLAY_TIC|tic=3781|mle_ms=55.811|monotonic_ms=50|clock_delta_ms=5.811
|clock_suspect=0
PMLE_LIVE_REPLAY_TIC|tic=3782|mle_ms=58.521|monotonic_ms=60|clock_delta_ms=1.479
|clock_suspect=0
PMLE_LIVE_REPLAY_TIC|tic=3783|mle_ms=22.286|monotonic_ms=20|clock_delta_ms=2.286
|clock_suspect=0
PMLE_LIVE_REPLAY_TIC|tic=3784|mle_ms=38.703|monotonic_ms=40|clock_delta_ms=1.297
|clock_suspect=0
PMLE_LIVE_REPLAY_TIC|tic=3785|mle_ms=43.722|monotonic_ms=50|clock_delta_ms=6.278
|clock_suspect=0
PMLE_LIVE_REPLAY_TIC|tic=3786|mle_ms=41.174|monotonic_ms=40|clock_delta_ms=1.174
|clock_suspect=0
PMLE_LIVE_REPLAY_TIC|tic=3787|mle_ms=41.611|monotonic_ms=40|clock_delta_ms=1.611
|clock_suspect=0
PMLE_LIVE_REPLAY_TIC|tic=3788|mle_ms=55.23|monotonic_ms=50|clock_delta_ms=5.23|c
lock_suspect=0
PMLE_LIVE_REPLAY_TIC|tic=3789|mle_ms=13.682|monotonic_ms=20|clock_delta_ms=6.318
|clock_suspect=0
PMLE_LIVE_REPLAY_TIC|tic=3790|mle_ms=39.187|monotonic_ms=40|clock_delta_ms=.813|
clock_suspect=0
PMLE_LIVE_REPLAY_TIC|tic=3791|mle_ms=69.724|monotonic_ms=70|clock_delta_ms=.276|
clock_suspect=0
PMLE_LIVE_REPLAY_TIC|tic=3792|mle_ms=12.518|monotonic_ms=10|clock_delta_ms=2.518
|clock_suspect=0
PMLE_LIVE_REPLAY_TIC|tic=3793|mle_ms=58.161|monotonic_ms=60|clock_delta_ms=1.839
|clock_suspect=0
PMLE_LIVE_REPLAY_TIC|tic=3794|mle_ms=72.498|monotonic_ms=70|clock_delta_ms=2.498
|clock_suspect=0
PMLE_LIVE_REPLAY_TIC|tic=3795|mle_ms=8.902|monotonic_ms=10|clock_delta_ms=1.098|
clock_suspect=0
PMLE_LIVE_REPLAY_TIC|tic=3796|mle_ms=58.156|monotonic_ms=60|clock_delta_ms=1.844
|clock_suspect=0
PMLE_LIVE_REPLAY_TIC|tic=3797|mle_ms=45.756|monotonic_ms=40|clock_delta_ms=5.756
|clock_suspect=0
PMLE_LIVE_REPLAY_TIC|tic=3798|mle_ms=8.321|monotonic_ms=10|clock_delta_ms=1.679|
clock_suspect=0
PMLE_LIVE_REPLAY_TIC|tic=3799|mle_ms=37.182|monotonic_ms=40|clock_delta_ms=2.818
|clock_suspect=0
PMLE_LIVE_REPLAY_TIC|tic=3800|mle_ms=48.215|monotonic_ms=50|clock_delta_ms=1.785
|clock_suspect=0
PMLE_LIVE_REPLAY_TIC|tic=3801|mle_ms=19.877|monotonic_ms=20|clock_delta_ms=.123|
clock_suspect=0
PMLE_LIVE_REPLAY_TIC|tic=3802|mle_ms=37.866|monotonic_ms=30|clock_delta_ms=7.866
|clock_suspect=0
PMLE_LIVE_REPLAY_TIC|tic=3803|mle_ms=60.641|monotonic_ms=60|clock_delta_ms=.641|
clock_suspect=0
PMLE_LIVE_REPLAY_TIC|tic=3804|mle_ms=19.886|monotonic_ms=20|clock_delta_ms=.114|
clock_suspect=0
PMLE_LIVE_REPLAY_TIC|tic=3805|mle_ms=35.557|monotonic_ms=40|clock_delta_ms=4.443
|clock_suspect=0
PMLE_LIVE_REPLAY_TIC|tic=3806|mle_ms=66.827|monotonic_ms=70|clock_delta_ms=3.173
|clock_suspect=0
PMLE_LIVE_REPLAY_TIC|tic=3807|mle_ms=7.714|monotonic_ms=0|clock_delta_ms=7.714|c
lock_suspect=0
PMLE_LIVE_REPLAY_TIC|tic=3808|mle_ms=33.862|monotonic_ms=40|clock_delta_ms=6.138
|clock_suspect=0
PMLE_LIVE_REPLAY_TIC|tic=3809|mle_ms=45.192|monotonic_ms=40|clock_delta_ms=5.192
|clock_suspect=0
PMLE_LIVE_REPLAY_TIC|tic=3810|mle_ms=7.98|monotonic_ms=10|clock_delta_ms=2.02|cl
ock_suspect=0
PMLE_LIVE_REPLAY_TIC|tic=3811|mle_ms=43.547|monotonic_ms=50|clock_delta_ms=6.453
|clock_suspect=0
PMLE_LIVE_REPLAY_TIC|tic=3812|mle_ms=54.459|monotonic_ms=50|clock_delta_ms=4.459
|clock_suspect=0
PMLE_LIVE_REPLAY_TIC|tic=3813|mle_ms=28.413|monotonic_ms=30|clock_delta_ms=1.587
|clock_suspect=0
PMLE_LIVE_REPLAY_TIC|tic=3814|mle_ms=63.359|monotonic_ms=60|clock_delta_ms=3.359
|clock_suspect=0
PMLE_LIVE_REPLAY_TIC|tic=3815|mle_ms=35.619|monotonic_ms=40|clock_delta_ms=4.381
|clock_suspect=0
PMLE_LIVE_REPLAY_TIC|tic=3816|mle_ms=31.302|monotonic_ms=30|clock_delta_ms=1.302
|clock_suspect=0
PMLE_LIVE_REPLAY_TIC|tic=3817|mle_ms=32.572|monotonic_ms=30|clock_delta_ms=2.572
|clock_suspect=0
PMLE_LIVE_REPLAY_TIC|tic=3818|mle_ms=33.381|monotonic_ms=30|clock_delta_ms=3.381
|clock_suspect=0
PMLE_LIVE_REPLAY_TIC|tic=3819|mle_ms=10.342|monotonic_ms=20|clock_delta_ms=9.658
|clock_suspect=0
PMLE_LIVE_REPLAY_TIC|tic=3820|mle_ms=33.771|monotonic_ms=30|clock_delta_ms=3.771
|clock_suspect=0
PMLE_LIVE_REPLAY_TIC|tic=3821|mle_ms=73.07|monotonic_ms=70|clock_delta_ms=3.07|c
lock_suspect=0
PMLE_LIVE_REPLAY_TIC|tic=3822|mle_ms=13.402|monotonic_ms=20|clock_delta_ms=6.598
|clock_suspect=0
PMLE_LIVE_REPLAY_TIC|tic=3823|mle_ms=62.312|monotonic_ms=60|clock_delta_ms=2.312
|clock_suspect=0
PMLE_LIVE_REPLAY_TIC|tic=3824|mle_ms=53.084|monotonic_ms=50|clock_delta_ms=3.084
|clock_suspect=0
PMLE_LIVE_REPLAY_TIC|tic=3825|mle_ms=11.521|monotonic_ms=10|clock_delta_ms=1.521
|clock_suspect=0
PMLE_LIVE_REPLAY_TIC|tic=3826|mle_ms=70.842|monotonic_ms=70|clock_delta_ms=.842|
clock_suspect=0
PMLE_LIVE_REPLAY_TIC|tic=3827|mle_ms=36.313|monotonic_ms=40|clock_delta_ms=3.687
|clock_suspect=0
PMLE_LIVE_REPLAY_TIC|tic=3828|mle_ms=10.867|monotonic_ms=10|clock_delta_ms=.867|
clock_suspect=0
PMLE_LIVE_REPLAY_TIC|tic=3829|mle_ms=38.116|monotonic_ms=40|clock_delta_ms=1.884
|clock_suspect=0
PMLE_LIVE_REPLAY_TIC|tic=3830|mle_ms=10.023|monotonic_ms=10|clock_delta_ms=.023|
clock_suspect=0
PMLE_LIVE_REPLAY_TIC|tic=3831|mle_ms=28.358|monotonic_ms=30|clock_delta_ms=1.642
|clock_suspect=0
PMLE_LIVE_REPLAY_TIC|tic=3832|mle_ms=46.483|monotonic_ms=40|clock_delta_ms=6.483
|clock_suspect=0
PMLE_LIVE_REPLAY_TIC|tic=3833|mle_ms=31.04|monotonic_ms=40|clock_delta_ms=8.96|c
lock_suspect=0
PMLE_LIVE_REPLAY_TIC|tic=3834|mle_ms=22.765|monotonic_ms=20|clock_delta_ms=2.765
|clock_suspect=0
PMLE_LIVE_REPLAY_TIC|tic=3835|mle_ms=36.027|monotonic_ms=30|clock_delta_ms=6.027
|clock_suspect=0
PMLE_LIVE_REPLAY_TIC|tic=3836|mle_ms=35.246|monotonic_ms=40|clock_delta_ms=4.754
|clock_suspect=0
PMLE_LIVE_REPLAY_TIC|tic=3837|mle_ms=7.482|monotonic_ms=10|clock_delta_ms=2.518|
clock_suspect=0
PMLE_LIVE_REPLAY_TIC|tic=3838|mle_ms=36.285|monotonic_ms=30|clock_delta_ms=6.285
|clock_suspect=0
PMLE_LIVE_REPLAY_TIC|tic=3839|mle_ms=11.861|monotonic_ms=20|clock_delta_ms=8.139
|clock_suspect=0
PMLE_LIVE_REPLAY_TIC|tic=3840|mle_ms=9.819|monotonic_ms=10|clock_delta_ms=.181|c
lock_suspect=0
PMLE_LIVE_REPLAY_TIC|tic=3841|mle_ms=41.985|monotonic_ms=40|clock_delta_ms=1.985
|clock_suspect=0
PMLE_LIVE_REPLAY_TIC|tic=3842|mle_ms=8.966|monotonic_ms=10|clock_delta_ms=1.034|
clock_suspect=0
PMLE_LIVE_REPLAY_TIC|tic=3843|mle_ms=31.759|monotonic_ms=30|clock_delta_ms=1.759
|clock_suspect=0
PMLE_LIVE_REPLAY_TIC|tic=3844|mle_ms=43.7|monotonic_ms=40|clock_delta_ms=3.7|clo
ck_suspect=0
PMLE_LIVE_REPLAY_TIC|tic=3845|mle_ms=10.989|monotonic_ms=10|clock_delta_ms=.989|
clock_suspect=0
PMLE_LIVE_REPLAY_TIC|tic=3846|mle_ms=35.717|monotonic_ms=40|clock_delta_ms=4.283
|clock_suspect=0
PMLE_LIVE_REPLAY_TIC|tic=3847|mle_ms=35.91|monotonic_ms=40|clock_delta_ms=4.09|c
lock_suspect=0
PMLE_LIVE_REPLAY_TIC|tic=3848|mle_ms=10.936|monotonic_ms=10|clock_delta_ms=.936|
clock_suspect=0
PMLE_LIVE_REPLAY_TIC|tic=3849|mle_ms=17.024|monotonic_ms=10|clock_delta_ms=7.024
|clock_suspect=0
PMLE_LIVE_REPLAY_TIC|tic=3850|mle_ms=41.613|monotonic_ms=50|clock_delta_ms=8.387
|clock_suspect=0
PMLE_LIVE_REPLAY_TIC|tic=3851|mle_ms=26.465|monotonic_ms=20|clock_delta_ms=6.465
|clock_suspect=0
PMLE_LIVE_REPLAY_TIC|tic=3852|mle_ms=35.877|monotonic_ms=40|clock_delta_ms=4.123
|clock_suspect=0
PMLE_LIVE_REPLAY_TIC|tic=3853|mle_ms=50.074|monotonic_ms=50|clock_delta_ms=.074|
clock_suspect=0
PMLE_LIVE_REPLAY_TIC|tic=3854|mle_ms=21.813|monotonic_ms=20|clock_delta_ms=1.813
|clock_suspect=0
PMLE_LIVE_REPLAY_TIC|tic=3855|mle_ms=34.003|monotonic_ms=30|clock_delta_ms=4.003
|clock_suspect=0
PMLE_LIVE_REPLAY_TIC|tic=3856|mle_ms=59.511|monotonic_ms=60|clock_delta_ms=.489|
clock_suspect=0
PMLE_LIVE_REPLAY_TIC|tic=3857|mle_ms=10.459|monotonic_ms=10|clock_delta_ms=.459|
clock_suspect=0
PMLE_LIVE_REPLAY_TIC|tic=3858|mle_ms=84.896|monotonic_ms=90|clock_delta_ms=5.104
|clock_suspect=0
PMLE_LIVE_REPLAY_TIC|tic=3859|mle_ms=59.987|monotonic_ms=60|clock_delta_ms=.013|
clock_suspect=0
PMLE_LIVE_REPLAY_TIC|tic=3860|mle_ms=12.98|monotonic_ms=10|clock_delta_ms=2.98|c
lock_suspect=0
PMLE_LIVE_REPLAY_TIC|tic=3861|mle_ms=52.8|monotonic_ms=50|clock_delta_ms=2.8|clo
ck_suspect=0
PMLE_LIVE_REPLAY_TIC|tic=3862|mle_ms=40.697|monotonic_ms=50|clock_delta_ms=9.303
|clock_suspect=0
PMLE_LIVE_REPLAY_TIC|tic=3863|mle_ms=30.139|monotonic_ms=30|clock_delta_ms=.139|
clock_suspect=0
PMLE_LIVE_REPLAY_TIC|tic=3864|mle_ms=74.588|monotonic_ms=70|clock_delta_ms=4.588
|clock_suspect=0
PMLE_LIVE_REPLAY_TIC|tic=3865|mle_ms=36.309|monotonic_ms=40|clock_delta_ms=3.691
|clock_suspect=0
PMLE_LIVE_REPLAY_TIC|tic=3866|mle_ms=34.509|monotonic_ms=30|clock_delta_ms=4.509
|clock_suspect=0
PMLE_LIVE_REPLAY_TIC|tic=3867|mle_ms=32.7|monotonic_ms=30|clock_delta_ms=2.7|clo
ck_suspect=0
PMLE_LIVE_REPLAY_TIC|tic=3868|mle_ms=29.689|monotonic_ms=30|clock_delta_ms=.311|
clock_suspect=0
PMLE_LIVE_REPLAY_TIC|tic=3869|mle_ms=12.055|monotonic_ms=20|clock_delta_ms=7.945
|clock_suspect=0
PMLE_LIVE_REPLAY_TIC|tic=3870|mle_ms=39.659|monotonic_ms=40|clock_delta_ms=.341|
clock_suspect=0
PMLE_LIVE_REPLAY_TIC|tic=3871|mle_ms=54.19|monotonic_ms=50|clock_delta_ms=4.19|c
lock_suspect=0
PMLE_LIVE_REPLAY_TIC|tic=3872|mle_ms=14.359|monotonic_ms=10|clock_delta_ms=4.359
|clock_suspect=0
PMLE_LIVE_REPLAY_TIC|tic=3873|mle_ms=56.249|monotonic_ms=60|clock_delta_ms=3.751
|clock_suspect=0
PMLE_LIVE_REPLAY_TIC|tic=3874|mle_ms=42.803|monotonic_ms=40|clock_delta_ms=2.803
|clock_suspect=0
PMLE_LIVE_REPLAY_TIC|tic=3875|mle_ms=12.453|monotonic_ms=20|clock_delta_ms=7.547
|clock_suspect=0
PMLE_LIVE_REPLAY_TIC|tic=3876|mle_ms=62.381|monotonic_ms=60|clock_delta_ms=2.381
|clock_suspect=0
PMLE_LIVE_REPLAY_TIC|tic=3877|mle_ms=55.503|monotonic_ms=50|clock_delta_ms=5.503
|clock_suspect=0
PMLE_LIVE_REPLAY_TIC|tic=3878|mle_ms=10.833|monotonic_ms=20|clock_delta_ms=9.167
|clock_suspect=0
PMLE_LIVE_REPLAY_TIC|tic=3879|mle_ms=32.128|monotonic_ms=30|clock_delta_ms=2.128
|clock_suspect=0
PMLE_LIVE_REPLAY_TIC|tic=3880|mle_ms=30.343|monotonic_ms=30|clock_delta_ms=.343|
clock_suspect=0
PMLE_LIVE_REPLAY_TIC|tic=3881|mle_ms=25.183|monotonic_ms=20|clock_delta_ms=5.183
|clock_suspect=0
PMLE_LIVE_REPLAY_TIC|tic=3882|mle_ms=33.025|monotonic_ms=40|clock_delta_ms=6.975
|clock_suspect=0
PMLE_LIVE_REPLAY_TIC|tic=3883|mle_ms=45.98|monotonic_ms=40|clock_delta_ms=5.98|c
lock_suspect=0
PMLE_LIVE_REPLAY_TIC|tic=3884|mle_ms=23.755|monotonic_ms=30|clock_delta_ms=6.245
|clock_suspect=0
PMLE_LIVE_REPLAY_TIC|tic=3885|mle_ms=37.164|monotonic_ms=30|clock_delta_ms=7.164
|clock_suspect=0
PMLE_LIVE_REPLAY_TIC|tic=3886|mle_ms=63.138|monotonic_ms=70|clock_delta_ms=6.862
|clock_suspect=0
PMLE_LIVE_REPLAY_TIC|tic=3887|mle_ms=10.455|monotonic_ms=10|clock_delta_ms=.455|
clock_suspect=0
PMLE_LIVE_REPLAY_TIC|tic=3888|mle_ms=33.196|monotonic_ms=30|clock_delta_ms=3.196
|clock_suspect=0
PMLE_LIVE_REPLAY_TIC|tic=3889|mle_ms=36.717|monotonic_ms=40|clock_delta_ms=3.283
|clock_suspect=0
PMLE_LIVE_REPLAY_TIC|tic=3890|mle_ms=10.74|monotonic_ms=10|clock_delta_ms=.74|cl
ock_suspect=0
PMLE_LIVE_REPLAY_TIC|tic=3891|mle_ms=51.484|monotonic_ms=50|clock_delta_ms=1.484
|clock_suspect=0
PMLE_LIVE_REPLAY_TIC|tic=3892|mle_ms=35.232|monotonic_ms=30|clock_delta_ms=5.232
|clock_suspect=0
PMLE_LIVE_REPLAY_TIC|tic=3893|mle_ms=30.344|monotonic_ms=30|clock_delta_ms=.344|
clock_suspect=0
PMLE_LIVE_REPLAY_TIC|tic=3894|mle_ms=43.027|monotonic_ms=40|clock_delta_ms=3.027
|clock_suspect=0
PMLE_LIVE_REPLAY_TIC|tic=3895|mle_ms=33.365|monotonic_ms=30|clock_delta_ms=3.365
|clock_suspect=0
PMLE_LIVE_REPLAY_TIC|tic=3896|mle_ms=37.294|monotonic_ms=40|clock_delta_ms=2.706
|clock_suspect=0
PMLE_LIVE_REPLAY_TIC|tic=3897|mle_ms=30.27|monotonic_ms=30|clock_delta_ms=.27|cl
ock_suspect=0
PMLE_LIVE_REPLAY_TIC|tic=3898|mle_ms=32.8|monotonic_ms=30|clock_delta_ms=2.8|clo
ck_suspect=0
PMLE_LIVE_REPLAY_TIC|tic=3899|mle_ms=14.02|monotonic_ms=20|clock_delta_ms=5.98|c
lock_suspect=0
PMLE_LIVE_REPLAY_TIC|tic=3900|mle_ms=34.9|monotonic_ms=30|clock_delta_ms=4.9|clo
ck_suspect=0
PMLE_LIVE_REPLAY_TIC|tic=3901|mle_ms=48.768|monotonic_ms=50|clock_delta_ms=1.232
|clock_suspect=0
PMLE_LIVE_REPLAY_TIC|tic=3902|mle_ms=12.744|monotonic_ms=10|clock_delta_ms=2.744
|clock_suspect=0
PMLE_LIVE_REPLAY_TIC|tic=3903|mle_ms=46.895|monotonic_ms=50|clock_delta_ms=3.105
|clock_suspect=0
PMLE_LIVE_REPLAY_TIC|tic=3904|mle_ms=42.586|monotonic_ms=40|clock_delta_ms=2.586
|clock_suspect=0
PMLE_LIVE_REPLAY_TIC|tic=3905|mle_ms=11.57|monotonic_ms=20|clock_delta_ms=8.43|c
lock_suspect=0
PMLE_LIVE_REPLAY_TIC|tic=3906|mle_ms=55.744|monotonic_ms=50|clock_delta_ms=5.744
|clock_suspect=0
PMLE_LIVE_REPLAY_TIC|tic=3907|mle_ms=36.341|monotonic_ms=40|clock_delta_ms=3.659
|clock_suspect=0
PMLE_LIVE_REPLAY_TIC|tic=3908|mle_ms=10.902|monotonic_ms=10|clock_delta_ms=.902|
clock_suspect=0
PMLE_LIVE_REPLAY_TIC|tic=3909|mle_ms=32.801|monotonic_ms=30|clock_delta_ms=2.801
|clock_suspect=0
PMLE_LIVE_REPLAY_TIC|tic=3910|mle_ms=44.656|monotonic_ms=50|clock_delta_ms=5.344
|clock_suspect=0
PMLE_LIVE_REPLAY_TIC|tic=3911|mle_ms=22.907|monotonic_ms=20|clock_delta_ms=2.907
|clock_suspect=0
PMLE_LIVE_REPLAY_TIC|tic=3912|mle_ms=29.355|monotonic_ms=30|clock_delta_ms=.645|
clock_suspect=0
PMLE_LIVE_REPLAY_TIC|tic=3913|mle_ms=62.615|monotonic_ms=60|clock_delta_ms=2.615
|clock_suspect=0
PMLE_LIVE_REPLAY_TIC|tic=3914|mle_ms=23.778|monotonic_ms=30|clock_delta_ms=6.222
|clock_suspect=0
PMLE_LIVE_REPLAY_TIC|tic=3915|mle_ms=12.334|monotonic_ms=10|clock_delta_ms=2.334
|clock_suspect=0
PMLE_LIVE_REPLAY_TIC|tic=3916|mle_ms=61.901|monotonic_ms=60|clock_delta_ms=1.901
|clock_suspect=0
PMLE_LIVE_REPLAY_TIC|tic=3917|mle_ms=11.836|monotonic_ms=10|clock_delta_ms=1.836
|clock_suspect=0
PMLE_LIVE_REPLAY_TIC|tic=3918|mle_ms=12.427|monotonic_ms=10|clock_delta_ms=2.427
|clock_suspect=0
PMLE_LIVE_REPLAY_TIC|tic=3919|mle_ms=34.516|monotonic_ms=40|clock_delta_ms=5.484
|clock_suspect=0
PMLE_LIVE_REPLAY_TIC|tic=3920|mle_ms=9.911|monotonic_ms=10|clock_delta_ms=.089|c
lock_suspect=0
PMLE_LIVE_REPLAY_TIC|tic=3921|mle_ms=21.046|monotonic_ms=20|clock_delta_ms=1.046
|clock_suspect=0
PMLE_LIVE_REPLAY_TIC|tic=3922|mle_ms=35.091|monotonic_ms=40|clock_delta_ms=4.909
|clock_suspect=0
PMLE_LIVE_REPLAY_TIC|tic=3923|mle_ms=25.14|monotonic_ms=20|clock_delta_ms=5.14|c
lock_suspect=0
PMLE_LIVE_REPLAY_TIC|tic=3924|mle_ms=19.704|monotonic_ms=20|clock_delta_ms=.296|
clock_suspect=0
PMLE_LIVE_REPLAY_TIC|tic=3925|mle_ms=31.093|monotonic_ms=30|clock_delta_ms=1.093
|clock_suspect=0
PMLE_LIVE_REPLAY_TIC|tic=3926|mle_ms=37.359|monotonic_ms=40|clock_delta_ms=2.641
|clock_suspect=0
PMLE_LIVE_REPLAY_TIC|tic=3927|mle_ms=9.659|monotonic_ms=10|clock_delta_ms=.341|c
lock_suspect=0
PMLE_LIVE_REPLAY_TIC|tic=3928|mle_ms=34.01|monotonic_ms=30|clock_delta_ms=4.01|c
lock_suspect=0
PMLE_LIVE_REPLAY_TIC|tic=3929|mle_ms=15.913|monotonic_ms=20|clock_delta_ms=4.087
|clock_suspect=0
PMLE_LIVE_REPLAY_TIC|tic=3930|mle_ms=14.295|monotonic_ms=10|clock_delta_ms=4.295
|clock_suspect=0
PMLE_LIVE_REPLAY_TIC|tic=3931|mle_ms=66.059|monotonic_ms=70|clock_delta_ms=3.941
|clock_suspect=0
PMLE_LIVE_REPLAY_TIC|tic=3932|mle_ms=15.372|monotonic_ms=10|clock_delta_ms=5.372
|clock_suspect=0
PMLE_LIVE_REPLAY_TIC|tic=3933|mle_ms=33.164|monotonic_ms=40|clock_delta_ms=6.836
|clock_suspect=0
PMLE_LIVE_REPLAY_TIC|tic=3934|mle_ms=47.016|monotonic_ms=40|clock_delta_ms=7.016
|clock_suspect=0
PMLE_LIVE_REPLAY_TIC|tic=3935|mle_ms=14.035|monotonic_ms=20|clock_delta_ms=5.965
|clock_suspect=0
PMLE_LIVE_REPLAY_TIC|tic=3936|mle_ms=43.148|monotonic_ms=40|clock_delta_ms=3.148
|clock_suspect=0
PMLE_LIVE_REPLAY_TIC|tic=3937|mle_ms=61.918|monotonic_ms=60|clock_delta_ms=1.918
|clock_suspect=0
PMLE_LIVE_REPLAY_TIC|tic=3938|mle_ms=13.707|monotonic_ms=20|clock_delta_ms=6.293
|clock_suspect=0
PMLE_LIVE_REPLAY_TIC|tic=3939|mle_ms=17.602|monotonic_ms=20|clock_delta_ms=2.398
|clock_suspect=0
PMLE_LIVE_REPLAY_TIC|tic=3940|mle_ms=67.645|monotonic_ms=60|clock_delta_ms=7.645
|clock_suspect=0
PMLE_LIVE_REPLAY_TIC|tic=3941|mle_ms=23.905|monotonic_ms=30|clock_delta_ms=6.095
|clock_suspect=0
PMLE_LIVE_REPLAY_TIC|tic=3942|mle_ms=18.076|monotonic_ms=20|clock_delta_ms=1.924
|clock_suspect=0
PMLE_LIVE_REPLAY_TIC|tic=3943|mle_ms=102.479|monotonic_ms=100|clock_delta_ms=2.4
79|clock_suspect=0
PMLE_LIVE_REPLAY_TIC|tic=3944|mle_ms=28.86|monotonic_ms=30|clock_delta_ms=1.14|c
lock_suspect=0
PMLE_LIVE_REPLAY_TIC|tic=3945|mle_ms=19.453|monotonic_ms=20|clock_delta_ms=.547|
clock_suspect=0
PMLE_LIVE_REPLAY_TIC|tic=3946|mle_ms=127.06|monotonic_ms=120|clock_delta_ms=7.06
|clock_suspect=0
PMLE_LIVE_REPLAY_TIC|tic=3947|mle_ms=14.332|monotonic_ms=20|clock_delta_ms=5.668
|clock_suspect=0
PMLE_LIVE_REPLAY_TIC|tic=3948|mle_ms=20.943|monotonic_ms=20|clock_delta_ms=.943|
clock_suspect=0
PMLE_LIVE_REPLAY_TIC|tic=3949|mle_ms=75.403|monotonic_ms=70|clock_delta_ms=5.403
|clock_suspect=0
PMLE_LIVE_REPLAY_TIC|tic=3950|mle_ms=13.271|monotonic_ms=20|clock_delta_ms=6.729
|clock_suspect=0
PMLE_LIVE_REPLAY_TIC|tic=3951|mle_ms=27.314|monotonic_ms=30|clock_delta_ms=2.686
|clock_suspect=0
PMLE_LIVE_REPLAY_TIC|tic=3952|mle_ms=58.23|monotonic_ms=50|clock_delta_ms=8.23|c
lock_suspect=0
PMLE_LIVE_REPLAY_TIC|tic=3953|mle_ms=25.477|monotonic_ms=30|clock_delta_ms=4.523
|clock_suspect=0
PMLE_LIVE_REPLAY_TIC|tic=3954|mle_ms=21.864|monotonic_ms=20|clock_delta_ms=1.864
|clock_suspect=0
PMLE_LIVE_REPLAY_TIC|tic=3955|mle_ms=60.958|monotonic_ms=60|clock_delta_ms=.958|
clock_suspect=0
PMLE_LIVE_REPLAY_TIC|tic=3956|mle_ms=38.463|monotonic_ms=40|clock_delta_ms=1.537
|clock_suspect=0
PMLE_LIVE_REPLAY_TIC|tic=3957|mle_ms=12.097|monotonic_ms=10|clock_delta_ms=2.097
|clock_suspect=0
PMLE_LIVE_REPLAY_TIC|tic=3958|mle_ms=55.632|monotonic_ms=60|clock_delta_ms=4.368
|clock_suspect=0
PMLE_LIVE_REPLAY_TIC|tic=3959|mle_ms=11.988|monotonic_ms=10|clock_delta_ms=1.988
|clock_suspect=0
PMLE_LIVE_REPLAY_TIC|tic=3960|mle_ms=10.122|monotonic_ms=10|clock_delta_ms=.122|
clock_suspect=0
PMLE_LIVE_REPLAY_TIC|tic=3961|mle_ms=67.95|monotonic_ms=70|clock_delta_ms=2.05|c
lock_suspect=0
PMLE_LIVE_REPLAY_TIC|tic=3962|mle_ms=10.967|monotonic_ms=10|clock_delta_ms=.967|
clock_suspect=0
PMLE_LIVE_REPLAY_TIC|tic=3963|mle_ms=24.802|monotonic_ms=20|clock_delta_ms=4.802
|clock_suspect=0
PMLE_LIVE_REPLAY_TIC|tic=3964|mle_ms=45.796|monotonic_ms=50|clock_delta_ms=4.204
|clock_suspect=0
PMLE_LIVE_REPLAY_TIC|tic=3965|mle_ms=10.803|monotonic_ms=10|clock_delta_ms=.803|
clock_suspect=0
PMLE_LIVE_REPLAY_TIC|tic=3966|mle_ms=38.309|monotonic_ms=40|clock_delta_ms=1.691
|clock_suspect=0
PMLE_LIVE_REPLAY_TIC|tic=3967|mle_ms=40.142|monotonic_ms=40|clock_delta_ms=.142|
clock_suspect=0
PMLE_LIVE_REPLAY_TIC|tic=3968|mle_ms=10.219|monotonic_ms=10|clock_delta_ms=.219|
clock_suspect=0
PMLE_LIVE_REPLAY_TIC|tic=3969|mle_ms=15.379|monotonic_ms=20|clock_delta_ms=4.621
|clock_suspect=0
PMLE_LIVE_REPLAY_TIC|tic=3970|mle_ms=40.121|monotonic_ms=40|clock_delta_ms=.121|
clock_suspect=0
PMLE_LIVE_REPLAY_TIC|tic=3971|mle_ms=28.59|monotonic_ms=20|clock_delta_ms=8.59|c
lock_suspect=0
PMLE_LIVE_REPLAY_TIC|tic=3972|mle_ms=13.73|monotonic_ms=20|clock_delta_ms=6.27|c
lock_suspect=0
PMLE_LIVE_REPLAY_TIC|tic=3973|mle_ms=68.054|monotonic_ms=70|clock_delta_ms=1.946
|clock_suspect=0
PMLE_LIVE_REPLAY_TIC|tic=3974|mle_ms=26.854|monotonic_ms=20|clock_delta_ms=6.854
|clock_suspect=0
PMLE_LIVE_REPLAY_TIC|tic=3975|mle_ms=12.126|monotonic_ms=20|clock_delta_ms=7.874
|clock_suspect=0
PMLE_LIVE_REPLAY_TIC|tic=3976|mle_ms=66.542|monotonic_ms=60|clock_delta_ms=6.542
|clock_suspect=0
PMLE_LIVE_REPLAY_TIC|tic=3977|mle_ms=16.461|monotonic_ms=20|clock_delta_ms=3.539
|clock_suspect=0
PMLE_LIVE_REPLAY_TIC|tic=3978|mle_ms=14.529|monotonic_ms=10|clock_delta_ms=4.529
|clock_suspect=0
PMLE_LIVE_REPLAY_TIC|tic=3979|mle_ms=40.561|monotonic_ms=40|clock_delta_ms=.561|
clock_suspect=0
PMLE_LIVE_REPLAY_TIC|tic=3980|mle_ms=13.234|monotonic_ms=20|clock_delta_ms=6.766
|clock_suspect=0
PMLE_LIVE_REPLAY_TIC|tic=3981|mle_ms=28.405|monotonic_ms=30|clock_delta_ms=1.595
|clock_suspect=0
PMLE_LIVE_REPLAY_TIC|tic=3982|mle_ms=34.528|monotonic_ms=30|clock_delta_ms=4.528
|clock_suspect=0
PMLE_LIVE_REPLAY_TIC|tic=3983|mle_ms=30.127|monotonic_ms=30|clock_delta_ms=.127|
clock_suspect=0
PMLE_LIVE_REPLAY_TIC|tic=3984|mle_ms=22.214|monotonic_ms=20|clock_delta_ms=2.214
|clock_suspect=0
PMLE_LIVE_REPLAY_TIC|tic=3985|mle_ms=37.558|monotonic_ms=40|clock_delta_ms=2.442
|clock_suspect=0
PMLE_LIVE_REPLAY_TIC|tic=3986|mle_ms=58.062|monotonic_ms=60|clock_delta_ms=1.938
|clock_suspect=0
PMLE_LIVE_REPLAY_TIC|tic=3987|mle_ms=13.328|monotonic_ms=10|clock_delta_ms=3.328
|clock_suspect=0
PMLE_LIVE_REPLAY_TIC|tic=3988|mle_ms=36.379|monotonic_ms=40|clock_delta_ms=3.621
|clock_suspect=0
PMLE_LIVE_REPLAY_TIC|tic=3989|mle_ms=34.299|monotonic_ms=30|clock_delta_ms=4.299
|clock_suspect=0
PMLE_LIVE_REPLAY_TIC|tic=3990|mle_ms=15.535|monotonic_ms=20|clock_delta_ms=4.465
|clock_suspect=0
PMLE_LIVE_REPLAY_TIC|tic=3991|mle_ms=57.067|monotonic_ms=60|clock_delta_ms=2.933
|clock_suspect=0
PMLE_LIVE_REPLAY_TIC|tic=3992|mle_ms=38.128|monotonic_ms=30|clock_delta_ms=8.128
|clock_suspect=0
PMLE_LIVE_REPLAY_TIC|tic=3993|mle_ms=30.746|monotonic_ms=30|clock_delta_ms=.746|
clock_suspect=0
PMLE_LIVE_REPLAY_TIC|tic=3994|mle_ms=43.291|monotonic_ms=50|clock_delta_ms=6.709
|clock_suspect=0
PMLE_LIVE_REPLAY_TIC|tic=3995|mle_ms=50.267|monotonic_ms=50|clock_delta_ms=.267|
clock_suspect=0
PMLE_LIVE_REPLAY_TIC|tic=3996|mle_ms=40.108|monotonic_ms=40|clock_delta_ms=.108|
clock_suspect=0
PMLE_LIVE_REPLAY_TIC|tic=3997|mle_ms=41.328|monotonic_ms=40|clock_delta_ms=1.328
|clock_suspect=0
PMLE_LIVE_REPLAY_TIC|tic=3998|mle_ms=60.957|monotonic_ms=60|clock_delta_ms=.957|
clock_suspect=0
PMLE_LIVE_REPLAY_TIC|tic=3999|mle_ms=18.499|monotonic_ms=20|clock_delta_ms=1.501
|clock_suspect=0
PMLE_LIVE_REPLAY_TIC|tic=4000|mle_ms=39.078|monotonic_ms=40|clock_delta_ms=.922|
clock_suspect=0
PMLE_LIVE_REPLAY_TIC|tic=4001|mle_ms=48.978|monotonic_ms=50|clock_delta_ms=1.022
|clock_suspect=0
PMLE_LIVE_REPLAY_TIC|tic=4002|mle_ms=17.445|monotonic_ms=20|clock_delta_ms=2.555
|clock_suspect=0
PMLE_LIVE_REPLAY_TIC|tic=4003|mle_ms=57.391|monotonic_ms=60|clock_delta_ms=2.609
|clock_suspect=0
PMLE_LIVE_REPLAY_TIC|tic=4004|mle_ms=31.889|monotonic_ms=30|clock_delta_ms=1.889
|clock_suspect=0
PMLE_LIVE_REPLAY_TIC|tic=4005|mle_ms=17.099|monotonic_ms=10|clock_delta_ms=7.099
|clock_suspect=0
PMLE_LIVE_REPLAY_TIC|tic=4006|mle_ms=67.838|monotonic_ms=70|clock_delta_ms=2.162
|clock_suspect=0
PMLE_LIVE_REPLAY_TIC|tic=4007|mle_ms=14.695|monotonic_ms=20|clock_delta_ms=5.305
|clock_suspect=0
PMLE_LIVE_REPLAY_TIC|tic=4008|mle_ms=16.048|monotonic_ms=10|clock_delta_ms=6.048
|clock_suspect=0
PMLE_LIVE_REPLAY_TIC|tic=4009|mle_ms=42.765|monotonic_ms=50|clock_delta_ms=7.235
|clock_suspect=0
PMLE_LIVE_REPLAY_TIC|tic=4010|mle_ms=12.813|monotonic_ms=10|clock_delta_ms=2.813
|clock_suspect=0
PMLE_LIVE_REPLAY_TIC|tic=4011|mle_ms=23.081|monotonic_ms=20|clock_delta_ms=3.081
|clock_suspect=0
PMLE_LIVE_REPLAY_TIC|tic=4012|mle_ms=33.132|monotonic_ms=40|clock_delta_ms=6.868
|clock_suspect=0
PMLE_LIVE_REPLAY_TIC|tic=4013|mle_ms=27.47|monotonic_ms=20|clock_delta_ms=7.47|c
lock_suspect=0
PMLE_LIVE_REPLAY_TIC|tic=4014|mle_ms=21.832|monotonic_ms=30|clock_delta_ms=8.168
|clock_suspect=0
PMLE_LIVE_REPLAY_TIC|tic=4015|mle_ms=40.33|monotonic_ms=40|clock_delta_ms=.33|cl
ock_suspect=0
PMLE_LIVE_REPLAY_TIC|tic=4016|mle_ms=37.787|monotonic_ms=30|clock_delta_ms=7.787
|clock_suspect=0
PMLE_LIVE_REPLAY_TIC|tic=4017|mle_ms=15.962|monotonic_ms=20|clock_delta_ms=4.038
|clock_suspect=0
PMLE_LIVE_REPLAY_TIC|tic=4018|mle_ms=36.299|monotonic_ms=40|clock_delta_ms=3.701
|clock_suspect=0
PMLE_LIVE_REPLAY_TIC|tic=4019|mle_ms=20.7|monotonic_ms=20|clock_delta_ms=.7|cloc
k_suspect=0
PMLE_LIVE_REPLAY_TIC|tic=4020|mle_ms=17.261|monotonic_ms=10|clock_delta_ms=7.261
|clock_suspect=0
PMLE_LIVE_REPLAY_TIC|tic=4021|mle_ms=53.954|monotonic_ms=60|clock_delta_ms=6.046
|clock_suspect=0
PMLE_LIVE_REPLAY_TIC|tic=4022|mle_ms=19.088|monotonic_ms=20|clock_delta_ms=.912|
clock_suspect=0
PMLE_LIVE_REPLAY_TIC|tic=4023|mle_ms=41.321|monotonic_ms=40|clock_delta_ms=1.321
|clock_suspect=0
PMLE_LIVE_REPLAY_TIC|tic=4024|mle_ms=49.735|monotonic_ms=50|clock_delta_ms=.265|
clock_suspect=0
PMLE_LIVE_REPLAY_TIC|tic=4025|mle_ms=14.198|monotonic_ms=10|clock_delta_ms=4.198
|clock_suspect=0
PMLE_LIVE_REPLAY_TIC|tic=4026|mle_ms=57.024|monotonic_ms=60|clock_delta_ms=2.976
|clock_suspect=0
PMLE_LIVE_REPLAY_TIC|tic=4027|mle_ms=41.231|monotonic_ms=40|clock_delta_ms=1.231
|clock_suspect=0
PMLE_LIVE_REPLAY_TIC|tic=4028|mle_ms=15.975|monotonic_ms=20|clock_delta_ms=4.025
|clock_suspect=0
PMLE_LIVE_REPLAY_TIC|tic=4029|mle_ms=41.268|monotonic_ms=40|clock_delta_ms=1.268
|clock_suspect=0
PMLE_LIVE_REPLAY_TIC|tic=4030|mle_ms=41.128|monotonic_ms=40|clock_delta_ms=1.128
|clock_suspect=0
PMLE_LIVE_REPLAY_TIC|tic=4031|mle_ms=28.185|monotonic_ms=30|clock_delta_ms=1.815
|clock_suspect=0
PMLE_LIVE_REPLAY_TIC|tic=4032|mle_ms=35.93|monotonic_ms=30|clock_delta_ms=5.93|c
lock_suspect=0
PMLE_LIVE_REPLAY_TIC|tic=4033|mle_ms=66.56|monotonic_ms=70|clock_delta_ms=3.44|c
lock_suspect=0
PMLE_LIVE_REPLAY_TIC|tic=4034|mle_ms=26.169|monotonic_ms=30|clock_delta_ms=3.831
|clock_suspect=0
PMLE_LIVE_REPLAY_TIC|tic=4035|mle_ms=44.809|monotonic_ms=40|clock_delta_ms=4.809
|clock_suspect=0
PMLE_LIVE_REPLAY_TIC|tic=4036|mle_ms=71.503|monotonic_ms=70|clock_delta_ms=1.503
|clock_suspect=0
PMLE_LIVE_REPLAY_TIC|tic=4037|mle_ms=16.081|monotonic_ms=20|clock_delta_ms=3.919
|clock_suspect=0
PMLE_LIVE_REPLAY_TIC|tic=4038|mle_ms=46.161|monotonic_ms=50|clock_delta_ms=3.839
|clock_suspect=0
PMLE_LIVE_REPLAY_TIC|tic=4039|mle_ms=40.784|monotonic_ms=40|clock_delta_ms=.784|
clock_suspect=0
PMLE_LIVE_REPLAY_TIC|tic=4040|mle_ms=17.646|monotonic_ms=10|clock_delta_ms=7.646
|clock_suspect=0
PMLE_LIVE_REPLAY_TIC|tic=4041|mle_ms=61.35|monotonic_ms=70|clock_delta_ms=8.65|c
lock_suspect=0
PMLE_LIVE_REPLAY_TIC|tic=4042|mle_ms=43.87|monotonic_ms=40|clock_delta_ms=3.87|c
lock_suspect=0
PMLE_LIVE_REPLAY_TIC|tic=4043|mle_ms=33.225|monotonic_ms=30|clock_delta_ms=3.225
|clock_suspect=0
PMLE_LIVE_REPLAY_TIC|tic=4044|mle_ms=54.511|monotonic_ms=60|clock_delta_ms=5.489
|clock_suspect=0
PMLE_LIVE_REPLAY_TIC|tic=4045|mle_ms=46.646|monotonic_ms=40|clock_delta_ms=6.646
|clock_suspect=0
PMLE_LIVE_REPLAY_TIC|tic=4046|mle_ms=48.153|monotonic_ms=50|clock_delta_ms=1.847
|clock_suspect=0
PMLE_LIVE_REPLAY_TIC|tic=4047|mle_ms=57.333|monotonic_ms=60|clock_delta_ms=2.667
|clock_suspect=0
PMLE_LIVE_REPLAY_TIC|tic=4048|mle_ms=36.947|monotonic_ms=40|clock_delta_ms=3.053
|clock_suspect=0
PMLE_LIVE_REPLAY_TIC|tic=4049|mle_ms=19.378|monotonic_ms=20|clock_delta_ms=.622|
clock_suspect=0
PMLE_LIVE_REPLAY_TIC|tic=4050|mle_ms=55.012|monotonic_ms=50|clock_delta_ms=5.012
|clock_suspect=0
PMLE_LIVE_REPLAY_TIC|tic=4051|mle_ms=52.445|monotonic_ms=50|clock_delta_ms=2.445
|clock_suspect=0
PMLE_LIVE_REPLAY_TIC|tic=4052|mle_ms=17.04|monotonic_ms=20|clock_delta_ms=2.96|c
lock_suspect=0
PMLE_LIVE_REPLAY_TIC|tic=4053|mle_ms=82.654|monotonic_ms=80|clock_delta_ms=2.654
|clock_suspect=0
PMLE_LIVE_REPLAY_TIC|tic=4054|mle_ms=45.431|monotonic_ms=50|clock_delta_ms=4.569
|clock_suspect=0
PMLE_LIVE_REPLAY_TIC|tic=4055|mle_ms=16.744|monotonic_ms=20|clock_delta_ms=3.256
|clock_suspect=0
PMLE_LIVE_REPLAY_TIC|tic=4056|mle_ms=92.762|monotonic_ms=90|clock_delta_ms=2.762
|clock_suspect=0
PMLE_LIVE_REPLAY_TIC|tic=4057|mle_ms=46.302|monotonic_ms=50|clock_delta_ms=3.698
|clock_suspect=0
PMLE_LIVE_REPLAY_TIC|tic=4058|mle_ms=15.888|monotonic_ms=10|clock_delta_ms=5.888
|clock_suspect=0
PMLE_LIVE_REPLAY_TIC|tic=4059|mle_ms=76.543|monotonic_ms=80|clock_delta_ms=3.457
|clock_suspect=0
PMLE_LIVE_REPLAY_TIC|tic=4060|mle_ms=32.651|monotonic_ms=30|clock_delta_ms=2.651
|clock_suspect=0
PMLE_LIVE_REPLAY_TIC|tic=4061|mle_ms=24.773|monotonic_ms=30|clock_delta_ms=5.227
|clock_suspect=0
PMLE_LIVE_REPLAY_TIC|tic=4062|mle_ms=71.826|monotonic_ms=70|clock_delta_ms=1.826
|clock_suspect=0
PMLE_LIVE_REPLAY_TIC|tic=4063|mle_ms=52.802|monotonic_ms=50|clock_delta_ms=2.802
|clock_suspect=0
PMLE_LIVE_REPLAY_TIC|tic=4064|mle_ms=17.654|monotonic_ms=20|clock_delta_ms=2.346
|clock_suspect=0
PMLE_LIVE_REPLAY_TIC|tic=4065|mle_ms=16.209|monotonic_ms=10|clock_delta_ms=6.209
|clock_suspect=0
PMLE_LIVE_REPLAY_TIC|tic=4066|mle_ms=17.35|monotonic_ms=20|clock_delta_ms=2.65|c
lock_suspect=0
PMLE_LIVE_REPLAY_TIC|tic=4067|mle_ms=13.349|monotonic_ms=20|clock_delta_ms=6.651
|clock_suspect=0
PMLE_LIVE_REPLAY_TIC|tic=4068|mle_ms=13.864|monotonic_ms=10|clock_delta_ms=3.864
|clock_suspect=0
PMLE_LIVE_REPLAY_TIC|tic=4069|mle_ms=14.896|monotonic_ms=10|clock_delta_ms=4.896
|clock_suspect=0
PMLE_LIVE_REPLAY_TIC|tic=4070|mle_ms=15.476|monotonic_ms=20|clock_delta_ms=4.524
|clock_suspect=0
PMLE_LIVE_REPLAY_TIC|tic=4071|mle_ms=16.21|monotonic_ms=20|clock_delta_ms=3.79|c
lock_suspect=0
PMLE_LIVE_REPLAY_TIC|tic=4072|mle_ms=17.736|monotonic_ms=10|clock_delta_ms=7.736
|clock_suspect=0
PMLE_LIVE_REPLAY_TIC|tic=4073|mle_ms=16.347|monotonic_ms=20|clock_delta_ms=3.653
|clock_suspect=0
PMLE_LIVE_REPLAY_TIC|tic=4074|mle_ms=17.248|monotonic_ms=20|clock_delta_ms=2.752
|clock_suspect=0
PMLE_LIVE_REPLAY_TIC|tic=4075|mle_ms=13.543|monotonic_ms=10|clock_delta_ms=3.543
|clock_suspect=0
PMLE_LIVE_REPLAY_TIC|tic=4076|mle_ms=16.718|monotonic_ms=20|clock_delta_ms=3.282
|clock_suspect=0
PMLE_LIVE_REPLAY_TIC|tic=4077|mle_ms=16.061|monotonic_ms=10|clock_delta_ms=6.061
|clock_suspect=0
PMLE_LIVE_REPLAY_TIC|tic=4078|mle_ms=16.243|monotonic_ms=20|clock_delta_ms=3.757
|clock_suspect=0
PMLE_LIVE_REPLAY_TIC|tic=4079|mle_ms=16.38|monotonic_ms=20|clock_delta_ms=3.62|c
lock_suspect=0
PMLE_LIVE_REPLAY_TIC|tic=4080|mle_ms=15.991|monotonic_ms=10|clock_delta_ms=5.991
|clock_suspect=0
PMLE_LIVE_REPLAY_TIC|tic=4081|mle_ms=16.822|monotonic_ms=20|clock_delta_ms=3.178
|clock_suspect=0
PMLE_LIVE_REPLAY_TIC|tic=4082|mle_ms=19.085|monotonic_ms=20|clock_delta_ms=.915|
clock_suspect=0
PMLE_LIVE_REPLAY_TIC|tic=4083|mle_ms=18.224|monotonic_ms=20|clock_delta_ms=1.776
|clock_suspect=0
PMLE_LIVE_REPLAY_TIC|tic=4084|mle_ms=17.996|monotonic_ms=20|clock_delta_ms=2.004
|clock_suspect=0
PMLE_LIVE_REPLAY_TIC|tic=4085|mle_ms=16.238|monotonic_ms=10|clock_delta_ms=6.238
|clock_suspect=0
PMLE_LIVE_REPLAY_TIC|tic=4086|mle_ms=17.25|monotonic_ms=20|clock_delta_ms=2.75|c
lock_suspect=0
PMLE_LIVE_REPLAY_TIC|tic=4087|mle_ms=17.498|monotonic_ms=20|clock_delta_ms=2.502
|clock_suspect=0
PMLE_LIVE_REPLAY_TIC|tic=4088|mle_ms=18.795|monotonic_ms=20|clock_delta_ms=1.205
|clock_suspect=0
PMLE_LIVE_REPLAY_TIC|tic=4089|mle_ms=17.85|monotonic_ms=10|clock_delta_ms=7.85|c
lock_suspect=0
PMLE_LIVE_REPLAY_TIC|tic=4090|mle_ms=17.057|monotonic_ms=20|clock_delta_ms=2.943
|clock_suspect=0
PMLE_LIVE_REPLAY_TIC|tic=4091|mle_ms=16.949|monotonic_ms=20|clock_delta_ms=3.051
|clock_suspect=0
PMLE_LIVE_REPLAY_TIC|tic=4092|mle_ms=17.39|monotonic_ms=20|clock_delta_ms=2.61|c
lock_suspect=0
PMLE_LIVE_REPLAY_TIC|tic=4093|mle_ms=18.781|monotonic_ms=10|clock_delta_ms=8.781
|clock_suspect=0
PMLE_LIVE_REPLAY_TIC|tic=4094|mle_ms=20.644|monotonic_ms=30|clock_delta_ms=9.356
|clock_suspect=0
PMLE_LIVE_REPLAY_TIC|tic=4095|mle_ms=18.294|monotonic_ms=10|clock_delta_ms=8.294
|clock_suspect=0
PMLE_LIVE_REPLAY_TIC|tic=4096|mle_ms=17.235|monotonic_ms=20|clock_delta_ms=2.765
|clock_suspect=0
PMLE_LIVE_REPLAY_TIC|tic=4097|mle_ms=14.341|monotonic_ms=20|clock_delta_ms=5.659
|clock_suspect=0
PMLE_LIVE_REPLAY_TIC|tic=4098|mle_ms=17.762|monotonic_ms=10|clock_delta_ms=7.762
|clock_suspect=0
PMLE_LIVE_REPLAY_TIC|tic=4099|mle_ms=18.546|monotonic_ms=20|clock_delta_ms=1.454
|clock_suspect=0
PMLE_LIVE_REPLAY_TIC|tic=4100|mle_ms=17.908|monotonic_ms=20|clock_delta_ms=2.092
|clock_suspect=0
PMLE_LIVE_REPLAY_TIC|tic=4101|mle_ms=15.383|monotonic_ms=20|clock_delta_ms=4.617
|clock_suspect=0
PMLE_LIVE_REPLAY_TIC|tic=4102|mle_ms=15.663|monotonic_ms=10|clock_delta_ms=5.663
|clock_suspect=0
PMLE_LIVE_REPLAY_TIC|tic=4103|mle_ms=12.485|monotonic_ms=20|clock_delta_ms=7.515
|clock_suspect=0
PMLE_LIVE_REPLAY_TIC|tic=4104|mle_ms=16.199|monotonic_ms=10|clock_delta_ms=6.199
|clock_suspect=0
PMLE_LIVE_REPLAY_TIC|tic=4105|mle_ms=14.89|monotonic_ms=20|clock_delta_ms=5.11|c
lock_suspect=0
PMLE_LIVE_REPLAY_TIC|tic=4106|mle_ms=15.908|monotonic_ms=10|clock_delta_ms=5.908
|clock_suspect=0
PMLE_LIVE_REPLAY_TIC|tic=4107|mle_ms=12.516|monotonic_ms=20|clock_delta_ms=7.484
|clock_suspect=0
PMLE_LIVE_REPLAY_TIC|tic=4108|mle_ms=13.904|monotonic_ms=10|clock_delta_ms=3.904
|clock_suspect=0
PMLE_LIVE_REPLAY_TIC|tic=4109|mle_ms=12.769|monotonic_ms=10|clock_delta_ms=2.769
|clock_suspect=0
PMLE_LIVE_REPLAY_TIC|tic=4110|mle_ms=12.571|monotonic_ms=10|clock_delta_ms=2.571
|clock_suspect=0
PMLE_LIVE_REPLAY_TIC|tic=4111|mle_ms=14.7|monotonic_ms=20|clock_delta_ms=5.3|clo
ck_suspect=0
PMLE_LIVE_REPLAY_TIC|tic=4112|mle_ms=14.446|monotonic_ms=10|clock_delta_ms=4.446
|clock_suspect=0
PMLE_LIVE_REPLAY_TIC|tic=4113|mle_ms=15.306|monotonic_ms=20|clock_delta_ms=4.694
|clock_suspect=0
PMLE_LIVE_REPLAY_TIC|tic=4114|mle_ms=15.797|monotonic_ms=20|clock_delta_ms=4.203
|clock_suspect=0
PMLE_LIVE_REPLAY_TIC|tic=4115|mle_ms=15.142|monotonic_ms=10|clock_delta_ms=5.142
|clock_suspect=0
PMLE_LIVE_REPLAY_TIC|tic=4116|mle_ms=17.313|monotonic_ms=20|clock_delta_ms=2.687
|clock_suspect=0
PMLE_LIVE_REPLAY_TIC|tic=4117|mle_ms=15.271|monotonic_ms=10|clock_delta_ms=5.271
|clock_suspect=0
PMLE_LIVE_REPLAY_TIC|tic=4118|mle_ms=21.026|monotonic_ms=20|clock_delta_ms=1.026
|clock_suspect=0
PMLE_LIVE_REPLAY_TIC|tic=4119|mle_ms=18.618|monotonic_ms=20|clock_delta_ms=1.382
|clock_suspect=0
PMLE_LIVE_REPLAY_TIC|tic=4120|mle_ms=21.265|monotonic_ms=20|clock_delta_ms=1.265
|clock_suspect=0
PMLE_LIVE_REPLAY_TIC|tic=4121|mle_ms=21.155|monotonic_ms=30|clock_delta_ms=8.845
|clock_suspect=0
PMLE_LIVE_REPLAY_TIC|tic=4122|mle_ms=23.155|monotonic_ms=20|clock_delta_ms=3.155
|clock_suspect=0
PMLE_LIVE_REPLAY_TIC|tic=4123|mle_ms=22.219|monotonic_ms=20|clock_delta_ms=2.219
|clock_suspect=0
PMLE_LIVE_REPLAY_TIC|tic=4124|mle_ms=21.759|monotonic_ms=20|clock_delta_ms=1.759
|clock_suspect=0
PMLE_LIVE_REPLAY_TIC|tic=4125|mle_ms=18.259|monotonic_ms=20|clock_delta_ms=1.741
|clock_suspect=0
PMLE_LIVE_REPLAY_TIC|tic=4126|mle_ms=21.743|monotonic_ms=20|clock_delta_ms=1.743
|clock_suspect=0
PMLE_LIVE_REPLAY_TIC|tic=4127|mle_ms=21.018|monotonic_ms=20|clock_delta_ms=1.018
|clock_suspect=0
PMLE_LIVE_REPLAY_TIC|tic=4128|mle_ms=20.599|monotonic_ms=30|clock_delta_ms=9.401
|clock_suspect=0
PMLE_LIVE_REPLAY_TIC|tic=4129|mle_ms=20.298|monotonic_ms=20|clock_delta_ms=.298|
clock_suspect=0
PMLE_LIVE_REPLAY_TIC|tic=4130|mle_ms=20.83|monotonic_ms=20|clock_delta_ms=.83|cl
ock_suspect=0
PMLE_LIVE_REPLAY_TIC|tic=4131|mle_ms=20.641|monotonic_ms=20|clock_delta_ms=.641|
clock_suspect=0
PMLE_LIVE_REPLAY_TIC|tic=4132|mle_ms=25.795|monotonic_ms=20|clock_delta_ms=5.795
|clock_suspect=0
PMLE_LIVE_REPLAY_TIC|tic=4133|mle_ms=13.934|monotonic_ms=20|clock_delta_ms=6.066
|clock_suspect=0
PMLE_LIVE_REPLAY_TIC|tic=4134|mle_ms=14.768|monotonic_ms=10|clock_delta_ms=4.768
|clock_suspect=0
PMLE_LIVE_REPLAY_TIC|tic=4135|mle_ms=12.84|monotonic_ms=20|clock_delta_ms=7.16|c
lock_suspect=0
PMLE_LIVE_REPLAY_TIC|tic=4136|mle_ms=13.34|monotonic_ms=10|clock_delta_ms=3.34|c
lock_suspect=0
PMLE_LIVE_REPLAY_TIC|tic=4137|mle_ms=10.427|monotonic_ms=10|clock_delta_ms=.427|
clock_suspect=0
PMLE_LIVE_REPLAY_TIC|tic=4138|mle_ms=11.306|monotonic_ms=10|clock_delta_ms=1.306
|clock_suspect=0
PMLE_LIVE_REPLAY_TIC|tic=4139|mle_ms=11.905|monotonic_ms=10|clock_delta_ms=1.905
|clock_suspect=0
PMLE_LIVE_REPLAY_TIC|tic=4140|mle_ms=12.607|monotonic_ms=10|clock_delta_ms=2.607
|clock_suspect=0
PMLE_LIVE_REPLAY_TIC|tic=4141|mle_ms=13.212|monotonic_ms=10|clock_delta_ms=3.212
|clock_suspect=0
PMLE_LIVE_REPLAY_TIC|tic=4142|mle_ms=13.264|monotonic_ms=10|clock_delta_ms=3.264
|clock_suspect=0
PMLE_LIVE_REPLAY_TIC|tic=4143|mle_ms=12.877|monotonic_ms=10|clock_delta_ms=2.877
|clock_suspect=0
PMLE_LIVE_REPLAY_TIC|tic=4144|mle_ms=14.224|monotonic_ms=20|clock_delta_ms=5.776
|clock_suspect=0
PMLE_LIVE_REPLAY_TIC|tic=4145|mle_ms=12.344|monotonic_ms=10|clock_delta_ms=2.344
|clock_suspect=0
PMLE_LIVE_REPLAY_TIC|tic=4146|mle_ms=14.504|monotonic_ms=20|clock_delta_ms=5.496
|clock_suspect=0
PMLE_LIVE_REPLAY_TIC|tic=4147|mle_ms=13.432|monotonic_ms=10|clock_delta_ms=3.432
|clock_suspect=0
PMLE_LIVE_REPLAY_TIC|tic=4148|mle_ms=13.14|monotonic_ms=10|clock_delta_ms=3.14|c
lock_suspect=0
PMLE_LIVE_REPLAY_TIC|tic=4149|mle_ms=12.085|monotonic_ms=10|clock_delta_ms=2.085
|clock_suspect=0
PMLE_LIVE_REPLAY_TIC|tic=4150|mle_ms=12.183|monotonic_ms=20|clock_delta_ms=7.817
|clock_suspect=0
PMLE_LIVE_REPLAY_TIC|tic=4151|mle_ms=11.766|monotonic_ms=10|clock_delta_ms=1.766
|clock_suspect=0
PMLE_LIVE_REPLAY_TIC|tic=4152|mle_ms=12.683|monotonic_ms=10|clock_delta_ms=2.683
|clock_suspect=0
PMLE_LIVE_REPLAY_TIC|tic=4153|mle_ms=11.16|monotonic_ms=10|clock_delta_ms=1.16|c
lock_suspect=0
PMLE_LIVE_REPLAY_TIC|tic=4154|mle_ms=13.341|monotonic_ms=20|clock_delta_ms=6.659
|clock_suspect=0
PMLE_LIVE_REPLAY_TIC|tic=4155|mle_ms=12.495|monotonic_ms=10|clock_delta_ms=2.495
|clock_suspect=0
PMLE_LIVE_REPLAY_TIC|tic=4156|mle_ms=13.942|monotonic_ms=10|clock_delta_ms=3.942
|clock_suspect=0
PMLE_LIVE_REPLAY_TIC|tic=4157|mle_ms=14.958|monotonic_ms=20|clock_delta_ms=5.042
|clock_suspect=0
PMLE_LIVE_REPLAY_TIC|tic=4158|mle_ms=16.882|monotonic_ms=10|clock_delta_ms=6.882
|clock_suspect=0
PMLE_LIVE_REPLAY_TIC|tic=4159|mle_ms=14.284|monotonic_ms=20|clock_delta_ms=5.716
|clock_suspect=0
PMLE_LIVE_REPLAY_TIC|tic=4160|mle_ms=12.208|monotonic_ms=10|clock_delta_ms=2.208
|clock_suspect=0
PMLE_LIVE_REPLAY_TIC|tic=4161|mle_ms=12.425|monotonic_ms=10|clock_delta_ms=2.425
|clock_suspect=0
PMLE_LIVE_REPLAY_TIC|tic=4162|mle_ms=18.358|monotonic_ms=20|clock_delta_ms=1.642
|clock_suspect=0
PMLE_LIVE_REPLAY_TIC|tic=4163|mle_ms=14.735|monotonic_ms=20|clock_delta_ms=5.265
|clock_suspect=0
PMLE_LIVE_REPLAY_TIC|tic=4164|mle_ms=16.133|monotonic_ms=10|clock_delta_ms=6.133
|clock_suspect=0
PMLE_LIVE_REPLAY_TIC|tic=4165|mle_ms=14.275|monotonic_ms=20|clock_delta_ms=5.725
|clock_suspect=0
PMLE_LIVE_REPLAY_TIC|tic=4166|mle_ms=15.101|monotonic_ms=10|clock_delta_ms=5.101
|clock_suspect=0
PMLE_LIVE_REPLAY_TIC|tic=4167|mle_ms=10.755|monotonic_ms=10|clock_delta_ms=.755|
clock_suspect=0
PMLE_LIVE_REPLAY_TIC|tic=4168|mle_ms=13.597|monotonic_ms=20|clock_delta_ms=6.403
|clock_suspect=0
PMLE_LIVE_REPLAY_TIC|tic=4169|mle_ms=13.864|monotonic_ms=10|clock_delta_ms=3.864
|clock_suspect=0
PMLE_LIVE_REPLAY_TIC|tic=4170|mle_ms=14.989|monotonic_ms=20|clock_delta_ms=5.011
|clock_suspect=0
PMLE_LIVE_REPLAY_TIC|tic=4171|mle_ms=15.82|monotonic_ms=10|clock_delta_ms=5.82|c
lock_suspect=0
PMLE_LIVE_REPLAY_TIC|tic=4172|mle_ms=15.278|monotonic_ms=20|clock_delta_ms=4.722
|clock_suspect=0
PMLE_LIVE_REPLAY_TIC|tic=4173|mle_ms=12.326|monotonic_ms=10|clock_delta_ms=2.326
|clock_suspect=0
PMLE_LIVE_REPLAY_TIC|tic=4174|mle_ms=13.824|monotonic_ms=10|clock_delta_ms=3.824
|clock_suspect=0
PMLE_LIVE_REPLAY_TIC|tic=4175|mle_ms=13.004|monotonic_ms=20|clock_delta_ms=6.996
|clock_suspect=0
PMLE_LIVE_REPLAY_TIC|tic=4176|mle_ms=16.579|monotonic_ms=10|clock_delta_ms=6.579
|clock_suspect=0
PMLE_LIVE_REPLAY_TIC|tic=4177|mle_ms=10.955|monotonic_ms=20|clock_delta_ms=9.045
|clock_suspect=0
PMLE_LIVE_REPLAY_TIC|tic=4178|mle_ms=11.276|monotonic_ms=10|clock_delta_ms=1.276
|clock_suspect=0
PMLE_LIVE_REPLAY_TIC|tic=4179|mle_ms=10.248|monotonic_ms=10|clock_delta_ms=.248|
clock_suspect=0
PMLE_LIVE_REPLAY_TIC|tic=4180|mle_ms=10.461|monotonic_ms=10|clock_delta_ms=.461|
clock_suspect=0
PMLE_LIVE_REPLAY_TIC|tic=4181|mle_ms=10.699|monotonic_ms=10|clock_delta_ms=.699|
clock_suspect=0
PMLE_LIVE_REPLAY_TIC|tic=4182|mle_ms=12.073|monotonic_ms=10|clock_delta_ms=2.073
|clock_suspect=0
PMLE_LIVE_REPLAY_TIC|tic=4183|mle_ms=11.878|monotonic_ms=10|clock_delta_ms=1.878
|clock_suspect=0
PMLE_LIVE_REPLAY_TIC|tic=4184|mle_ms=13.1|monotonic_ms=20|clock_delta_ms=6.9|clo
ck_suspect=0
PMLE_LIVE_REPLAY_TIC|tic=4185|mle_ms=10.344|monotonic_ms=10|clock_delta_ms=.344|
clock_suspect=0
PMLE_LIVE_REPLAY_TIC|tic=4186|mle_ms=12.317|monotonic_ms=10|clock_delta_ms=2.317
|clock_suspect=0
PMLE_LIVE_REPLAY_TIC|tic=4187|mle_ms=9.86|monotonic_ms=10|clock_delta_ms=.14|clo
ck_suspect=0
PMLE_LIVE_REPLAY_TIC|tic=4188|mle_ms=10.771|monotonic_ms=10|clock_delta_ms=.771|
clock_suspect=0
PMLE_LIVE_REPLAY_TIC|tic=4189|mle_ms=10.25|monotonic_ms=10|clock_delta_ms=.25|cl
ock_suspect=0
PMLE_LIVE_REPLAY_TIC|tic=4190|mle_ms=9.615|monotonic_ms=10|clock_delta_ms=.385|c
lock_suspect=0
PMLE_LIVE_REPLAY_TIC|tic=4191|mle_ms=9.114|monotonic_ms=10|clock_delta_ms=.886|c
lock_suspect=0
PMLE_LIVE_REPLAY_TIC|tic=4192|mle_ms=10.959|monotonic_ms=10|clock_delta_ms=.959|
clock_suspect=0
PMLE_LIVE_REPLAY_TIC|tic=4193|mle_ms=11.43|monotonic_ms=10|clock_delta_ms=1.43|c
lock_suspect=0
PMLE_LIVE_REPLAY_TIC|tic=4194|mle_ms=12.67|monotonic_ms=10|clock_delta_ms=2.67|c
lock_suspect=0
PMLE_LIVE_REPLAY_TIC|tic=4195|mle_ms=11.348|monotonic_ms=20|clock_delta_ms=8.652
|clock_suspect=0
PMLE_LIVE_REPLAY_TIC|tic=4196|mle_ms=11.289|monotonic_ms=10|clock_delta_ms=1.289
|clock_suspect=0
PMLE_LIVE_REPLAY_TIC|tic=4197|mle_ms=9.08|monotonic_ms=10|clock_delta_ms=.92|clo
ck_suspect=0
PMLE_LIVE_REPLAY_TIC|tic=4198|mle_ms=9.556|monotonic_ms=10|clock_delta_ms=.444|c
lock_suspect=0
PMLE_LIVE_REPLAY_TIC|tic=4199|mle_ms=9.485|monotonic_ms=10|clock_delta_ms=.515|c
lock_suspect=0
PMLE_LIVE_REPLAY_TIC|tic=4200|mle_ms=11.071|monotonic_ms=10|clock_delta_ms=1.071
|clock_suspect=0
PMLE_LIVE_REPLAY_TIC|tic=4201|mle_ms=10.745|monotonic_ms=10|clock_delta_ms=.745|
clock_suspect=0
PMLE_LIVE_REPLAY_TIC|tic=4202|mle_ms=11.372|monotonic_ms=10|clock_delta_ms=1.372
|clock_suspect=0
PMLE_LIVE_REPLAY_TIC|tic=4203|mle_ms=11.035|monotonic_ms=10|clock_delta_ms=1.035
|clock_suspect=0
PMLE_LIVE_REPLAY_TIC|tic=4204|mle_ms=11.957|monotonic_ms=20|clock_delta_ms=8.043
|clock_suspect=0
PMLE_LIVE_REPLAY_TIC|tic=4205|mle_ms=10.343|monotonic_ms=10|clock_delta_ms=.343|
clock_suspect=0
PMLE_LIVE_REPLAY_TIC|tic=4206|mle_ms=12.076|monotonic_ms=10|clock_delta_ms=2.076
|clock_suspect=0
PMLE_LIVE_REPLAY_TIC|tic=4207|mle_ms=10.295|monotonic_ms=10|clock_delta_ms=.295|
clock_suspect=0
PMLE_LIVE_REPLAY_TIC|tic=4208|mle_ms=10.989|monotonic_ms=10|clock_delta_ms=.989|
clock_suspect=0
PMLE_LIVE_REPLAY_TIC|tic=4209|mle_ms=9.641|monotonic_ms=10|clock_delta_ms=.359|c
lock_suspect=0
PMLE_LIVE_REPLAY_TIC|tic=4210|mle_ms=9.458|monotonic_ms=10|clock_delta_ms=.542|c
lock_suspect=0
PMLE_LIVE_REPLAY_TIC|tic=4211|mle_ms=9.769|monotonic_ms=10|clock_delta_ms=.231|c
lock_suspect=0
PMLE_LIVE_REPLAY_TIC|tic=4212|mle_ms=10.757|monotonic_ms=10|clock_delta_ms=.757|
clock_suspect=0
PMLE_LIVE_REPLAY_TIC|tic=4213|mle_ms=10.188|monotonic_ms=10|clock_delta_ms=.188|
clock_suspect=0
PMLE_LIVE_REPLAY_TIC|tic=4214|mle_ms=10.446|monotonic_ms=10|clock_delta_ms=.446|
clock_suspect=0
PMLE_LIVE_REPLAY_TIC|tic=4215|mle_ms=8.856|monotonic_ms=10|clock_delta_ms=1.144|
clock_suspect=0
PMLE_LIVE_REPLAY_TIC|tic=4216|mle_ms=10.252|monotonic_ms=10|clock_delta_ms=.252|
clock_suspect=0
PMLE_LIVE_REPLAY_TIC|tic=4217|mle_ms=8.145|monotonic_ms=10|clock_delta_ms=1.855|
clock_suspect=0
PMLE_LIVE_REPLAY_TIC|tic=4218|mle_ms=10.391|monotonic_ms=10|clock_delta_ms=.391|
clock_suspect=0
PMLE_LIVE_REPLAY_TIC|tic=4219|mle_ms=10.493|monotonic_ms=10|clock_delta_ms=.493|
clock_suspect=0
PMLE_LIVE_REPLAY_TIC|tic=4220|mle_ms=15.414|monotonic_ms=10|clock_delta_ms=5.414
|clock_suspect=0
PMLE_LIVE_REPLAY_TIC|tic=4221|mle_ms=9.396|monotonic_ms=10|clock_delta_ms=.604|c
lock_suspect=0
PMLE_LIVE_REPLAY_TIC|tic=4222|mle_ms=10.827|monotonic_ms=20|clock_delta_ms=9.173
|clock_suspect=0
PMLE_LIVE_REPLAY_TIC|tic=4223|mle_ms=10.589|monotonic_ms=10|clock_delta_ms=.589|
clock_suspect=0
PMLE_LIVE_REPLAY_TIC|tic=4224|mle_ms=11.475|monotonic_ms=10|clock_delta_ms=1.475
|clock_suspect=0
PMLE_LIVE_REPLAY_TIC|tic=4225|mle_ms=9.979|monotonic_ms=10|clock_delta_ms=.021|c
lock_suspect=0
PMLE_LIVE_REPLAY_TIC|tic=4226|mle_ms=11.403|monotonic_ms=10|clock_delta_ms=1.403
|clock_suspect=0
PMLE_LIVE_REPLAY_TIC|tic=4227|mle_ms=9.402|monotonic_ms=10|clock_delta_ms=.598|c
lock_suspect=0
PMLE_LIVE_REPLAY_TIC|tic=4228|mle_ms=9.94|monotonic_ms=10|clock_delta_ms=.06|clo
ck_suspect=0
PMLE_LIVE_REPLAY_TIC|tic=4229|mle_ms=9.675|monotonic_ms=10|clock_delta_ms=.325|c
lock_suspect=0
PMLE_LIVE_REPLAY_TIC|tic=4230|mle_ms=9.889|monotonic_ms=10|clock_delta_ms=.111|c
lock_suspect=0
PMLE_LIVE_REPLAY_TIC|tic=4231|mle_ms=9.691|monotonic_ms=10|clock_delta_ms=.309|c
lock_suspect=0
PMLE_LIVE_REPLAY_TIC|tic=4232|mle_ms=10.05|monotonic_ms=10|clock_delta_ms=.05|cl
ock_suspect=0
PMLE_LIVE_REPLAY_TIC|tic=4233|mle_ms=10.066|monotonic_ms=10|clock_delta_ms=.066|
clock_suspect=0
PMLE_LIVE_REPLAY_TIC|tic=4234|mle_ms=10.285|monotonic_ms=10|clock_delta_ms=.285|
clock_suspect=0
PMLE_LIVE_REPLAY_TIC|tic=4235|mle_ms=8.858|monotonic_ms=10|clock_delta_ms=1.142|
clock_suspect=0
PMLE_LIVE_REPLAY_TIC|tic=4236|mle_ms=10.757|monotonic_ms=10|clock_delta_ms=.757|
clock_suspect=0
PMLE_LIVE_REPLAY_TIC|tic=4237|mle_ms=9.201|monotonic_ms=10|clock_delta_ms=.799|c
lock_suspect=0
PMLE_LIVE_REPLAY_TIC|tic=4238|mle_ms=10.093|monotonic_ms=10|clock_delta_ms=.093|
clock_suspect=0
PMLE_LIVE_REPLAY_TIC|tic=4239|mle_ms=9.399|monotonic_ms=10|clock_delta_ms=.601|c
lock_suspect=0
PMLE_LIVE_REPLAY_TIC|tic=4240|mle_ms=9.934|monotonic_ms=10|clock_delta_ms=.066|c
lock_suspect=0
PMLE_LIVE_REPLAY_TIC|tic=4241|mle_ms=9.346|monotonic_ms=10|clock_delta_ms=.654|c
lock_suspect=0
PMLE_LIVE_REPLAY_TIC|tic=4242|mle_ms=10.44|monotonic_ms=10|clock_delta_ms=.44|cl
ock_suspect=0
PMLE_LIVE_REPLAY_TIC|tic=4243|mle_ms=10.353|monotonic_ms=10|clock_delta_ms=.353|
clock_suspect=0
PMLE_LIVE_REPLAY_TIC|tic=4244|mle_ms=10.079|monotonic_ms=10|clock_delta_ms=.079|
clock_suspect=0
PMLE_LIVE_REPLAY_TIC|tic=4245|mle_ms=8.559|monotonic_ms=10|clock_delta_ms=1.441|
clock_suspect=0
PMLE_LIVE_REPLAY_TIC|tic=4246|mle_ms=11.631|monotonic_ms=10|clock_delta_ms=1.631
|clock_suspect=0
PMLE_LIVE_REPLAY_TIC|tic=4247|mle_ms=9.955|monotonic_ms=10|clock_delta_ms=.045|c
lock_suspect=0
PMLE_LIVE_REPLAY_TIC|tic=4248|mle_ms=11.503|monotonic_ms=10|clock_delta_ms=1.503
|clock_suspect=0
PMLE_LIVE_REPLAY_TIC|tic=4249|mle_ms=10.578|monotonic_ms=10|clock_delta_ms=.578|
clock_suspect=0
PMLE_LIVE_REPLAY_TIC|tic=4250|mle_ms=9.962|monotonic_ms=10|clock_delta_ms=.038|c
lock_suspect=0
PMLE_LIVE_REPLAY_TIC|tic=4251|mle_ms=9.67|monotonic_ms=10|clock_delta_ms=.33|clo
ck_suspect=0
PMLE_LIVE_REPLAY_TIC|tic=4252|mle_ms=10.158|monotonic_ms=10|clock_delta_ms=.158|
clock_suspect=0
PMLE_LIVE_REPLAY_TIC|tic=4253|mle_ms=10.65|monotonic_ms=10|clock_delta_ms=.65|cl
ock_suspect=0
PMLE_LIVE_REPLAY_TIC|tic=4254|mle_ms=11.614|monotonic_ms=10|clock_delta_ms=1.614
|clock_suspect=0
PMLE_LIVE_REPLAY_TIC|tic=4255|mle_ms=9.871|monotonic_ms=10|clock_delta_ms=.129|c
lock_suspect=0
PMLE_LIVE_REPLAY_TIC|tic=4256|mle_ms=9.714|monotonic_ms=10|clock_delta_ms=.286|c
lock_suspect=0
PMLE_LIVE_REPLAY_TIC|tic=4257|mle_ms=8.245|monotonic_ms=10|clock_delta_ms=1.755|
clock_suspect=0
PMLE_LIVE_REPLAY_TIC|tic=4258|mle_ms=10.981|monotonic_ms=10|clock_delta_ms=.981|
clock_suspect=0
PMLE_LIVE_REPLAY_TIC|tic=4259|mle_ms=10.245|monotonic_ms=10|clock_delta_ms=.245|
clock_suspect=0
PMLE_LIVE_REPLAY_TIC|tic=4260|mle_ms=10.78|monotonic_ms=10|clock_delta_ms=.78|cl
ock_suspect=0
PMLE_LIVE_REPLAY_TIC|tic=4261|mle_ms=10.385|monotonic_ms=10|clock_delta_ms=.385|
clock_suspect=0
PMLE_LIVE_REPLAY_TIC|tic=4262|mle_ms=10.399|monotonic_ms=10|clock_delta_ms=.399|
clock_suspect=0
PMLE_LIVE_REPLAY_TIC|tic=4263|mle_ms=9.867|monotonic_ms=10|clock_delta_ms=.133|c
lock_suspect=0
PMLE_LIVE_REPLAY_TIC|tic=4264|mle_ms=11.438|monotonic_ms=20|clock_delta_ms=8.562
|clock_suspect=0
PMLE_LIVE_REPLAY_TIC|tic=4265|mle_ms=10.305|monotonic_ms=10|clock_delta_ms=.305|
clock_suspect=0
PMLE_LIVE_REPLAY_TIC|tic=4266|mle_ms=13.011|monotonic_ms=10|clock_delta_ms=3.011
|clock_suspect=0
PMLE_LIVE_REPLAY_TIC|tic=4267|mle_ms=14.14|monotonic_ms=10|clock_delta_ms=4.14|c
lock_suspect=0
PMLE_LIVE_REPLAY_TIC|tic=4268|mle_ms=11.127|monotonic_ms=10|clock_delta_ms=1.127
|clock_suspect=0
PMLE_LIVE_REPLAY_TIC|tic=4269|mle_ms=10.072|monotonic_ms=10|clock_delta_ms=.072|
clock_suspect=0
PMLE_LIVE_REPLAY_TIC|tic=4270|mle_ms=10.074|monotonic_ms=20|clock_delta_ms=9.926
|clock_suspect=0
PMLE_LIVE_REPLAY_TIC|tic=4271|mle_ms=9.604|monotonic_ms=0|clock_delta_ms=9.604|c
lock_suspect=0
PMLE_LIVE_REPLAY_TIC|tic=4272|mle_ms=11.095|monotonic_ms=20|clock_delta_ms=8.905
|clock_suspect=0
PMLE_LIVE_REPLAY_TIC|tic=4273|mle_ms=10.777|monotonic_ms=10|clock_delta_ms=.777|
clock_suspect=0
PMLE_LIVE_REPLAY_TIC|tic=4274|mle_ms=10.237|monotonic_ms=10|clock_delta_ms=.237|
clock_suspect=0
PMLE_LIVE_REPLAY_TIC|tic=4275|mle_ms=8.375|monotonic_ms=10|clock_delta_ms=1.625|
clock_suspect=0
PMLE_LIVE_REPLAY_TIC|tic=4276|mle_ms=11.083|monotonic_ms=10|clock_delta_ms=1.083
|clock_suspect=0
PMLE_LIVE_REPLAY_TIC|tic=4277|mle_ms=10.203|monotonic_ms=10|clock_delta_ms=.203|
clock_suspect=0
PMLE_LIVE_REPLAY_TIC|tic=4278|mle_ms=10.379|monotonic_ms=10|clock_delta_ms=.379|
clock_suspect=0
PMLE_LIVE_REPLAY_TIC|tic=4279|mle_ms=10.403|monotonic_ms=10|clock_delta_ms=.403|
clock_suspect=0
PMLE_LIVE_REPLAY_TIC|tic=4280|mle_ms=9.473|monotonic_ms=10|clock_delta_ms=.527|c
lock_suspect=0
PMLE_LIVE_REPLAY_TIC|tic=4281|mle_ms=8.568|monotonic_ms=10|clock_delta_ms=1.432|
clock_suspect=0
PMLE_LIVE_REPLAY_TIC|tic=4282|mle_ms=10.37|monotonic_ms=10|clock_delta_ms=.37|cl
ock_suspect=0
PMLE_LIVE_REPLAY_TIC|tic=4283|mle_ms=10.31|monotonic_ms=10|clock_delta_ms=.31|cl
ock_suspect=0
PMLE_LIVE_REPLAY_TIC|tic=4284|mle_ms=10.669|monotonic_ms=10|clock_delta_ms=.669|
clock_suspect=0
PMLE_LIVE_REPLAY_TIC|tic=4285|mle_ms=8.793|monotonic_ms=10|clock_delta_ms=1.207|
clock_suspect=0
PMLE_LIVE_REPLAY_TIC|tic=4286|mle_ms=10.841|monotonic_ms=10|clock_delta_ms=.841|
clock_suspect=0
PMLE_LIVE_REPLAY_TIC|tic=4287|mle_ms=9.154|monotonic_ms=10|clock_delta_ms=.846|c
lock_suspect=0
PMLE_LIVE_REPLAY_TIC|tic=4288|mle_ms=9.877|monotonic_ms=10|clock_delta_ms=.123|c
lock_suspect=0
PMLE_LIVE_REPLAY_TIC|tic=4289|mle_ms=9.803|monotonic_ms=10|clock_delta_ms=.197|c
lock_suspect=0
PMLE_LIVE_REPLAY_TIC|tic=4290|mle_ms=9.8|monotonic_ms=10|clock_delta_ms=.2|clock
_suspect=0
PMLE_LIVE_REPLAY_TIC|tic=4291|mle_ms=9.351|monotonic_ms=10|clock_delta_ms=.649|c
lock_suspect=0
PMLE_LIVE_REPLAY_TIC|tic=4292|mle_ms=8.81|monotonic_ms=0|clock_delta_ms=8.81|clo
ck_suspect=0
PMLE_LIVE_REPLAY_TIC|tic=4293|mle_ms=9.154|monotonic_ms=10|clock_delta_ms=.846|c
lock_suspect=0
PMLE_LIVE_REPLAY_TIC|tic=4294|mle_ms=11.716|monotonic_ms=20|clock_delta_ms=8.284
|clock_suspect=0
PMLE_LIVE_REPLAY_TIC|tic=4295|mle_ms=10.92|monotonic_ms=10|clock_delta_ms=.92|cl
ock_suspect=0
PMLE_LIVE_REPLAY_TIC|tic=4296|mle_ms=13.287|monotonic_ms=10|clock_delta_ms=3.287
|clock_suspect=0
PMLE_LIVE_REPLAY_TIC|tic=4297|mle_ms=11.012|monotonic_ms=10|clock_delta_ms=1.012
|clock_suspect=0
PMLE_LIVE_REPLAY_TIC|tic=4298|mle_ms=10.077|monotonic_ms=10|clock_delta_ms=.077|
clock_suspect=0
PMLE_LIVE_REPLAY_TIC|tic=4299|mle_ms=10.112|monotonic_ms=10|clock_delta_ms=.112|
clock_suspect=0
PMLE_LIVE_REPLAY_TIC|tic=4300|mle_ms=10.02|monotonic_ms=10|clock_delta_ms=.02|cl
ock_suspect=0
PMLE_LIVE_REPLAY_TIC|tic=4301|mle_ms=9.319|monotonic_ms=10|clock_delta_ms=.681|c
lock_suspect=0
PMLE_LIVE_REPLAY_TIC|tic=4302|mle_ms=10.596|monotonic_ms=10|clock_delta_ms=.596|
clock_suspect=0
PMLE_LIVE_REPLAY_TIC|tic=4303|mle_ms=9.656|monotonic_ms=10|clock_delta_ms=.344|c
lock_suspect=0
PMLE_LIVE_REPLAY_TIC|tic=4304|mle_ms=10.938|monotonic_ms=10|clock_delta_ms=.938|
clock_suspect=0
PMLE_LIVE_REPLAY_TIC|tic=4305|mle_ms=10.632|monotonic_ms=20|clock_delta_ms=9.368
|clock_suspect=0
PMLE_LIVE_REPLAY_TIC|tic=4306|mle_ms=11.786|monotonic_ms=10|clock_delta_ms=1.786
|clock_suspect=0
PMLE_LIVE_REPLAY_TIC|tic=4307|mle_ms=9.791|monotonic_ms=10|clock_delta_ms=.209|c
lock_suspect=0
PMLE_LIVE_REPLAY_TIC|tic=4308|mle_ms=10.289|monotonic_ms=10|clock_delta_ms=.289|
clock_suspect=0
PMLE_LIVE_REPLAY_TIC|tic=4309|mle_ms=16.084|monotonic_ms=10|clock_delta_ms=6.084
|clock_suspect=0
PMLE_LIVE_REPLAY_TIC|tic=4310|mle_ms=9.873|monotonic_ms=10|clock_delta_ms=.127|c
lock_suspect=0
PMLE_LIVE_REPLAY_TIC|tic=4311|mle_ms=9.211|monotonic_ms=10|clock_delta_ms=.789|c
lock_suspect=0
PMLE_LIVE_REPLAY_TIC|tic=4312|mle_ms=9.932|monotonic_ms=10|clock_delta_ms=.068|c
lock_suspect=0
PMLE_LIVE_REPLAY_TIC|tic=4313|mle_ms=10.998|monotonic_ms=10|clock_delta_ms=.998|
clock_suspect=0
PMLE_LIVE_REPLAY_TIC|tic=4314|mle_ms=12.446|monotonic_ms=20|clock_delta_ms=7.554
|clock_suspect=0
PMLE_LIVE_REPLAY_TIC|tic=4315|mle_ms=10.735|monotonic_ms=10|clock_delta_ms=.735|
clock_suspect=0
PMLE_LIVE_REPLAY_TIC|tic=4316|mle_ms=12.017|monotonic_ms=10|clock_delta_ms=2.017
|clock_suspect=0
PMLE_LIVE_REPLAY_TIC|tic=4317|mle_ms=9.517|monotonic_ms=10|clock_delta_ms=.483|c
lock_suspect=0
PMLE_LIVE_REPLAY_TIC|tic=4318|mle_ms=10.005|monotonic_ms=10|clock_delta_ms=.005|
clock_suspect=0
PMLE_LIVE_REPLAY_TIC|tic=4319|mle_ms=9.83|monotonic_ms=10|clock_delta_ms=.17|clo
ck_suspect=0
PMLE_LIVE_REPLAY_TIC|tic=4320|mle_ms=9.825|monotonic_ms=10|clock_delta_ms=.175|c
lock_suspect=0
PMLE_LIVE_REPLAY_TIC|tic=4321|mle_ms=9.627|monotonic_ms=10|clock_delta_ms=.373|c
lock_suspect=0
PMLE_LIVE_REPLAY_TIC|tic=4322|mle_ms=8.901|monotonic_ms=10|clock_delta_ms=1.099|
clock_suspect=0
PMLE_LIVE_REPLAY_TIC|tic=4323|mle_ms=9.354|monotonic_ms=10|clock_delta_ms=.646|c
lock_suspect=0
PMLE_LIVE_REPLAY_TIC|tic=4324|mle_ms=12.493|monotonic_ms=10|clock_delta_ms=2.493
|clock_suspect=0
PMLE_LIVE_REPLAY_TIC|tic=4325|mle_ms=11.303|monotonic_ms=10|clock_delta_ms=1.303
|clock_suspect=0
PMLE_LIVE_REPLAY_TIC|tic=4326|mle_ms=11.797|monotonic_ms=10|clock_delta_ms=1.797
|clock_suspect=0
PMLE_LIVE_REPLAY_TIC|tic=4327|mle_ms=9.767|monotonic_ms=10|clock_delta_ms=.233|c
lock_suspect=0
PMLE_LIVE_REPLAY_TIC|tic=4328|mle_ms=8.215|monotonic_ms=10|clock_delta_ms=1.785|
clock_suspect=0
PMLE_LIVE_REPLAY_TIC|tic=4329|mle_ms=8.099|monotonic_ms=10|clock_delta_ms=1.901|
clock_suspect=0
PMLE_LIVE_REPLAY_TIC|tic=4330|mle_ms=8.206|monotonic_ms=10|clock_delta_ms=1.794|
clock_suspect=0
PMLE_LIVE_REPLAY_TIC|tic=4331|mle_ms=8.073|monotonic_ms=10|clock_delta_ms=1.927|
clock_suspect=0
PMLE_LIVE_REPLAY_TIC|tic=4332|mle_ms=9.112|monotonic_ms=0|clock_delta_ms=9.112|c
lock_suspect=0
PMLE_LIVE_REPLAY_TIC|tic=4333|mle_ms=9.36|monotonic_ms=10|clock_delta_ms=.64|clo
ck_suspect=0
PMLE_LIVE_REPLAY_TIC|tic=4334|mle_ms=11.418|monotonic_ms=20|clock_delta_ms=8.582
|clock_suspect=0
PMLE_LIVE_REPLAY_TIC|tic=4335|mle_ms=9.571|monotonic_ms=10|clock_delta_ms=.429|c
lock_suspect=0
PMLE_LIVE_REPLAY_TIC|tic=4336|mle_ms=11.508|monotonic_ms=10|clock_delta_ms=1.508
|clock_suspect=0
PMLE_LIVE_REPLAY_TIC|tic=4337|mle_ms=9.548|monotonic_ms=10|clock_delta_ms=.452|c
lock_suspect=0
PMLE_LIVE_REPLAY_TIC|tic=4338|mle_ms=9.791|monotonic_ms=10|clock_delta_ms=.209|c
lock_suspect=0
PMLE_LIVE_REPLAY_TIC|tic=4339|mle_ms=10.122|monotonic_ms=10|clock_delta_ms=.122|
clock_suspect=0
PMLE_LIVE_REPLAY_TIC|tic=4340|mle_ms=9.207|monotonic_ms=10|clock_delta_ms=.793|c
lock_suspect=0
PMLE_LIVE_REPLAY_TIC|tic=4341|mle_ms=9.616|monotonic_ms=10|clock_delta_ms=.384|c
lock_suspect=0
PMLE_LIVE_REPLAY_TIC|tic=4342|mle_ms=11.595|monotonic_ms=10|clock_delta_ms=1.595
|clock_suspect=0
PMLE_LIVE_REPLAY_TIC|tic=4343|mle_ms=11.599|monotonic_ms=10|clock_delta_ms=1.599
|clock_suspect=0
PMLE_LIVE_REPLAY_TIC|tic=4344|mle_ms=12.988|monotonic_ms=10|clock_delta_ms=2.988
|clock_suspect=0
PMLE_LIVE_REPLAY_TIC|tic=4345|mle_ms=10.94|monotonic_ms=10|clock_delta_ms=.94|cl
ock_suspect=0
PMLE_LIVE_REPLAY_TIC|tic=4346|mle_ms=11.823|monotonic_ms=10|clock_delta_ms=1.823
|clock_suspect=0
PMLE_LIVE_REPLAY_TIC|tic=4347|mle_ms=9.03|monotonic_ms=10|clock_delta_ms=.97|clo
ck_suspect=0
PMLE_LIVE_REPLAY_TIC|tic=4348|mle_ms=10.231|monotonic_ms=10|clock_delta_ms=.231|
clock_suspect=0
PMLE_LIVE_REPLAY_TIC|tic=4349|mle_ms=9.299|monotonic_ms=10|clock_delta_ms=.701|c
lock_suspect=0
PMLE_LIVE_REPLAY_TIC|tic=4350|mle_ms=8.917|monotonic_ms=10|clock_delta_ms=1.083|
clock_suspect=0
PMLE_LIVE_REPLAY_TIC|tic=4351|mle_ms=8.096|monotonic_ms=10|clock_delta_ms=1.904|
clock_suspect=0
PMLE_LIVE_REPLAY_TIC|tic=4352|mle_ms=8.689|monotonic_ms=10|clock_delta_ms=1.311|
clock_suspect=0
PMLE_LIVE_REPLAY_TIC|tic=4353|mle_ms=8.684|monotonic_ms=10|clock_delta_ms=1.316|
clock_suspect=0
PMLE_LIVE_REPLAY_TIC|tic=4354|mle_ms=11.906|monotonic_ms=10|clock_delta_ms=1.906
|clock_suspect=0
PMLE_LIVE_REPLAY_TIC|tic=4355|mle_ms=10.59|monotonic_ms=10|clock_delta_ms=.59|cl
ock_suspect=0
PMLE_LIVE_REPLAY_TIC|tic=4356|mle_ms=11.885|monotonic_ms=10|clock_delta_ms=1.885
|clock_suspect=0
PMLE_LIVE_REPLAY_TIC|tic=4357|mle_ms=9.954|monotonic_ms=10|clock_delta_ms=.046|c
lock_suspect=0
PMLE_LIVE_REPLAY_TIC|tic=4358|mle_ms=9.841|monotonic_ms=10|clock_delta_ms=.159|c
lock_suspect=0
PMLE_LIVE_REPLAY_TIC|tic=4359|mle_ms=8.923|monotonic_ms=10|clock_delta_ms=1.077|
clock_suspect=0
PMLE_LIVE_REPLAY_TIC|tic=4360|mle_ms=8.383|monotonic_ms=10|clock_delta_ms=1.617|
clock_suspect=0
PMLE_LIVE_REPLAY_TIC|tic=4361|mle_ms=7.917|monotonic_ms=10|clock_delta_ms=2.083|
clock_suspect=0
PMLE_LIVE_REPLAY_TIC|tic=4362|mle_ms=8.74|monotonic_ms=10|clock_delta_ms=1.26|cl
ock_suspect=0
PMLE_LIVE_REPLAY_TIC|tic=4363|mle_ms=9.449|monotonic_ms=10|clock_delta_ms=.551|c
lock_suspect=0
PMLE_LIVE_REPLAY_TIC|tic=4364|mle_ms=10.669|monotonic_ms=10|clock_delta_ms=.669|
clock_suspect=0
PMLE_LIVE_REPLAY_TIC|tic=4365|mle_ms=9.685|monotonic_ms=10|clock_delta_ms=.315|c
lock_suspect=0
PMLE_LIVE_REPLAY_TIC|tic=4366|mle_ms=11.788|monotonic_ms=10|clock_delta_ms=1.788
|clock_suspect=0
PMLE_LIVE_REPLAY_TIC|tic=4367|mle_ms=9.253|monotonic_ms=10|clock_delta_ms=.747|c
lock_suspect=0
PMLE_LIVE_REPLAY_TIC|tic=4368|mle_ms=10.287|monotonic_ms=10|clock_delta_ms=.287|
clock_suspect=0
PMLE_LIVE_REPLAY_TIC|tic=4369|mle_ms=10.396|monotonic_ms=10|clock_delta_ms=.396|
clock_suspect=0
PMLE_LIVE_REPLAY_TIC|tic=4370|mle_ms=9.175|monotonic_ms=10|clock_delta_ms=.825|c
lock_suspect=0
PMLE_LIVE_REPLAY_TIC|tic=4371|mle_ms=8.865|monotonic_ms=10|clock_delta_ms=1.135|
clock_suspect=0
PMLE_LIVE_REPLAY_TIC|tic=4372|mle_ms=11.101|monotonic_ms=10|clock_delta_ms=1.101
|clock_suspect=0
PMLE_LIVE_REPLAY_TIC|tic=4373|mle_ms=10.533|monotonic_ms=10|clock_delta_ms=.533|
clock_suspect=0
PMLE_LIVE_REPLAY_TIC|tic=4374|mle_ms=11.917|monotonic_ms=10|clock_delta_ms=1.917
|clock_suspect=0
PMLE_LIVE_REPLAY_TIC|tic=4375|mle_ms=10.901|monotonic_ms=10|clock_delta_ms=.901|
clock_suspect=0
PMLE_LIVE_REPLAY_TIC|tic=4376|mle_ms=11.019|monotonic_ms=10|clock_delta_ms=1.019
|clock_suspect=0
PMLE_LIVE_REPLAY_TIC|tic=4377|mle_ms=8.501|monotonic_ms=10|clock_delta_ms=1.499|
clock_suspect=0
PMLE_LIVE_REPLAY_TIC|tic=4378|mle_ms=9.767|monotonic_ms=10|clock_delta_ms=.233|c
lock_suspect=0
PMLE_LIVE_REPLAY_TIC|tic=4379|mle_ms=9.082|monotonic_ms=10|clock_delta_ms=.918|c
lock_suspect=0
PMLE_LIVE_REPLAY_TIC|tic=4380|mle_ms=8.968|monotonic_ms=10|clock_delta_ms=1.032|
clock_suspect=0
PMLE_LIVE_REPLAY_TIC|tic=4381|mle_ms=8.97|monotonic_ms=10|clock_delta_ms=1.03|cl
ock_suspect=0
PMLE_LIVE_REPLAY_TIC|tic=4382|mle_ms=10.788|monotonic_ms=10|clock_delta_ms=.788|
clock_suspect=0
PMLE_LIVE_REPLAY_TIC|tic=4383|mle_ms=10.158|monotonic_ms=10|clock_delta_ms=.158|
clock_suspect=0
PMLE_LIVE_REPLAY_TIC|tic=4384|mle_ms=11.488|monotonic_ms=10|clock_delta_ms=1.488
|clock_suspect=0
PMLE_LIVE_REPLAY_TIC|tic=4385|mle_ms=9.937|monotonic_ms=10|clock_delta_ms=.063|c
lock_suspect=0
PMLE_LIVE_REPLAY_TIC|tic=4386|mle_ms=11.485|monotonic_ms=10|clock_delta_ms=1.485
|clock_suspect=0
PMLE_LIVE_REPLAY_TIC|tic=4387|mle_ms=9.447|monotonic_ms=10|clock_delta_ms=.553|c
lock_suspect=0
PMLE_LIVE_REPLAY_TIC|tic=4388|mle_ms=9.559|monotonic_ms=10|clock_delta_ms=.441|c
lock_suspect=0
PMLE_LIVE_REPLAY_TIC|tic=4389|mle_ms=9.121|monotonic_ms=10|clock_delta_ms=.879|c
lock_suspect=0
PMLE_LIVE_REPLAY_TIC|tic=4390|mle_ms=10.52|monotonic_ms=10|clock_delta_ms=.52|cl
ock_suspect=0
PMLE_LIVE_REPLAY_TIC|tic=4391|mle_ms=10.429|monotonic_ms=10|clock_delta_ms=.429|
clock_suspect=0
PMLE_LIVE_REPLAY_TIC|tic=4392|mle_ms=12.611|monotonic_ms=20|clock_delta_ms=7.389
|clock_suspect=0
PMLE_LIVE_REPLAY_TIC|tic=4393|mle_ms=13.491|monotonic_ms=10|clock_delta_ms=3.491
|clock_suspect=0
PMLE_LIVE_REPLAY_TIC|tic=4394|mle_ms=12.036|monotonic_ms=10|clock_delta_ms=2.036
|clock_suspect=0
PMLE_LIVE_REPLAY_TIC|tic=4395|mle_ms=10.449|monotonic_ms=10|clock_delta_ms=.449|
clock_suspect=0
PMLE_LIVE_REPLAY_TIC|tic=4396|mle_ms=11.639|monotonic_ms=10|clock_delta_ms=1.639
|clock_suspect=0
PMLE_LIVE_REPLAY_TIC|tic=4397|mle_ms=9.813|monotonic_ms=10|clock_delta_ms=.187|c
lock_suspect=0
PMLE_LIVE_REPLAY_TIC|tic=4398|mle_ms=15.452|monotonic_ms=20|clock_delta_ms=4.548
|clock_suspect=0
PMLE_LIVE_REPLAY_TIC|tic=4399|mle_ms=10.463|monotonic_ms=10|clock_delta_ms=.463|
clock_suspect=0
PMLE_LIVE_REPLAY_TIC|tic=4400|mle_ms=10.793|monotonic_ms=10|clock_delta_ms=.793|
clock_suspect=0
PMLE_LIVE_REPLAY_TIC|tic=4401|mle_ms=9.217|monotonic_ms=10|clock_delta_ms=.783|c
lock_suspect=0
PMLE_LIVE_REPLAY_TIC|tic=4402|mle_ms=10.122|monotonic_ms=10|clock_delta_ms=.122|
clock_suspect=0
PMLE_LIVE_REPLAY_TIC|tic=4403|mle_ms=10.314|monotonic_ms=10|clock_delta_ms=.314|
clock_suspect=0
PMLE_LIVE_REPLAY_TIC|tic=4404|mle_ms=11.556|monotonic_ms=10|clock_delta_ms=1.556
|clock_suspect=0
PMLE_LIVE_REPLAY_TIC|tic=4405|mle_ms=9.63|monotonic_ms=10|clock_delta_ms=.37|clo
ck_suspect=0
PMLE_LIVE_REPLAY_TIC|tic=4406|mle_ms=9.05|monotonic_ms=10|clock_delta_ms=.95|clo
ck_suspect=0
PMLE_LIVE_REPLAY_TIC|tic=4407|mle_ms=7.744|monotonic_ms=10|clock_delta_ms=2.256|
clock_suspect=0
PMLE_LIVE_REPLAY_TIC|tic=4408|mle_ms=9.485|monotonic_ms=10|clock_delta_ms=.515|c
lock_suspect=0
PMLE_LIVE_REPLAY_TIC|tic=4409|mle_ms=9.107|monotonic_ms=10|clock_delta_ms=.893|c
lock_suspect=0
PMLE_LIVE_REPLAY_TIC|tic=4410|mle_ms=10.152|monotonic_ms=10|clock_delta_ms=.152|
clock_suspect=0
PMLE_LIVE_REPLAY_TIC|tic=4411|mle_ms=10.694|monotonic_ms=10|clock_delta_ms=.694|
clock_suspect=0
PMLE_LIVE_REPLAY_TIC|tic=4412|mle_ms=10.289|monotonic_ms=10|clock_delta_ms=.289|
clock_suspect=0
PMLE_LIVE_REPLAY_TIC|tic=4413|mle_ms=9.677|monotonic_ms=10|clock_delta_ms=.323|c
lock_suspect=0
PMLE_LIVE_REPLAY_TIC|tic=4414|mle_ms=11.232|monotonic_ms=10|clock_delta_ms=1.232
|clock_suspect=0
PMLE_LIVE_REPLAY_TIC|tic=4415|mle_ms=10.262|monotonic_ms=10|clock_delta_ms=.262|
clock_suspect=0
PMLE_LIVE_REPLAY_TIC|tic=4416|mle_ms=11.143|monotonic_ms=10|clock_delta_ms=1.143
|clock_suspect=0
PMLE_LIVE_REPLAY_TIC|tic=4417|mle_ms=9.356|monotonic_ms=10|clock_delta_ms=.644|c
lock_suspect=0
PMLE_LIVE_REPLAY_TIC|tic=4418|mle_ms=8.504|monotonic_ms=10|clock_delta_ms=1.496|
clock_suspect=0
PMLE_LIVE_REPLAY_TIC|tic=4419|mle_ms=9.158|monotonic_ms=10|clock_delta_ms=.842|c
lock_suspect=0
PMLE_LIVE_REPLAY_TIC|tic=4420|mle_ms=10.753|monotonic_ms=10|clock_delta_ms=.753|
clock_suspect=0
PMLE_LIVE_REPLAY_TIC|tic=4421|mle_ms=9.744|monotonic_ms=10|clock_delta_ms=.256|c
lock_suspect=0
PMLE_LIVE_REPLAY_TIC|tic=4422|mle_ms=11.376|monotonic_ms=10|clock_delta_ms=1.376
|clock_suspect=0
PMLE_LIVE_REPLAY_TIC|tic=4423|mle_ms=11.167|monotonic_ms=10|clock_delta_ms=1.167
|clock_suspect=0
PMLE_LIVE_REPLAY_TIC|tic=4424|mle_ms=10.917|monotonic_ms=10|clock_delta_ms=.917|
clock_suspect=0
PMLE_LIVE_REPLAY_TIC|tic=4425|mle_ms=9.962|monotonic_ms=10|clock_delta_ms=.038|c
lock_suspect=0
PMLE_LIVE_REPLAY_TIC|tic=4426|mle_ms=12.252|monotonic_ms=20|clock_delta_ms=7.748
|clock_suspect=0
PMLE_LIVE_REPLAY_TIC|tic=4427|mle_ms=9.46|monotonic_ms=10|clock_delta_ms=.54|clo
ck_suspect=0
PMLE_LIVE_REPLAY_TIC|tic=4428|mle_ms=11.231|monotonic_ms=10|clock_delta_ms=1.231
|clock_suspect=0
PMLE_LIVE_REPLAY_TIC|tic=4429|mle_ms=11.177|monotonic_ms=10|clock_delta_ms=1.177
|clock_suspect=0
PMLE_LIVE_REPLAY_TIC|tic=4430|mle_ms=9.6|monotonic_ms=10|clock_delta_ms=.4|clock
_suspect=0
PMLE_LIVE_REPLAY_TIC|tic=4431|mle_ms=9.309|monotonic_ms=10|clock_delta_ms=.691|c
lock_suspect=0
PMLE_LIVE_REPLAY_TIC|tic=4432|mle_ms=10.613|monotonic_ms=10|clock_delta_ms=.613|
clock_suspect=0
PMLE_LIVE_REPLAY_TIC|tic=4433|mle_ms=9.981|monotonic_ms=10|clock_delta_ms=.019|c
lock_suspect=0
PMLE_LIVE_REPLAY_TIC|tic=4434|mle_ms=10.33|monotonic_ms=10|clock_delta_ms=.33|cl
ock_suspect=0
PMLE_LIVE_REPLAY_TIC|tic=4435|mle_ms=9.824|monotonic_ms=10|clock_delta_ms=.176|c
lock_suspect=0
PMLE_LIVE_REPLAY_TIC|tic=4436|mle_ms=11.862|monotonic_ms=10|clock_delta_ms=1.862
|clock_suspect=0
PMLE_LIVE_REPLAY_TIC|tic=4437|mle_ms=9.961|monotonic_ms=10|clock_delta_ms=.039|c
lock_suspect=0
PMLE_LIVE_REPLAY_TIC|tic=4438|mle_ms=10.462|monotonic_ms=10|clock_delta_ms=.462|
clock_suspect=0
PMLE_LIVE_REPLAY_TIC|tic=4439|mle_ms=10.299|monotonic_ms=10|clock_delta_ms=.299|
clock_suspect=0
PMLE_LIVE_REPLAY_TIC|tic=4440|mle_ms=10.675|monotonic_ms=10|clock_delta_ms=.675|
clock_suspect=0
PMLE_LIVE_REPLAY_TIC|tic=4441|mle_ms=10.682|monotonic_ms=10|clock_delta_ms=.682|
clock_suspect=0
PMLE_LIVE_REPLAY_TIC|tic=4442|mle_ms=10.455|monotonic_ms=10|clock_delta_ms=.455|
clock_suspect=0
PMLE_LIVE_REPLAY_TIC|tic=4443|mle_ms=9.142|monotonic_ms=10|clock_delta_ms=.858|c
lock_suspect=0
PMLE_LIVE_REPLAY_TIC|tic=4444|mle_ms=9.548|monotonic_ms=10|clock_delta_ms=.452|c
lock_suspect=0
PMLE_LIVE_REPLAY_TIC|tic=4445|mle_ms=9.608|monotonic_ms=10|clock_delta_ms=.392|c
lock_suspect=0
PMLE_LIVE_REPLAY_TIC|tic=4446|mle_ms=11.702|monotonic_ms=10|clock_delta_ms=1.702
|clock_suspect=0
PMLE_LIVE_REPLAY_TIC|tic=4447|mle_ms=9.899|monotonic_ms=10|clock_delta_ms=.101|c
lock_suspect=0
PMLE_LIVE_REPLAY_TIC|tic=4448|mle_ms=9.591|monotonic_ms=10|clock_delta_ms=.409|c
lock_suspect=0
PMLE_LIVE_REPLAY_TIC|tic=4449|mle_ms=9.403|monotonic_ms=10|clock_delta_ms=.597|c
lock_suspect=0
PMLE_LIVE_REPLAY_TIC|tic=4450|mle_ms=9.63|monotonic_ms=10|clock_delta_ms=.37|clo
ck_suspect=0
PMLE_LIVE_REPLAY_TIC|tic=4451|mle_ms=9.727|monotonic_ms=10|clock_delta_ms=.273|c
lock_suspect=0
PMLE_LIVE_REPLAY_TIC|tic=4452|mle_ms=10.355|monotonic_ms=10|clock_delta_ms=.355|
clock_suspect=0
PMLE_LIVE_REPLAY_TIC|tic=4453|mle_ms=10.088|monotonic_ms=10|clock_delta_ms=.088|
clock_suspect=0
PMLE_LIVE_REPLAY_TIC|tic=4454|mle_ms=9.111|monotonic_ms=10|clock_delta_ms=.889|c
lock_suspect=0
PMLE_LIVE_REPLAY_TIC|tic=4455|mle_ms=9.015|monotonic_ms=10|clock_delta_ms=.985|c
lock_suspect=0
PMLE_LIVE_REPLAY_TIC|tic=4456|mle_ms=11.055|monotonic_ms=10|clock_delta_ms=1.055
|clock_suspect=0
PMLE_LIVE_REPLAY_TIC|tic=4457|mle_ms=10.223|monotonic_ms=10|clock_delta_ms=.223|
clock_suspect=0
PMLE_LIVE_REPLAY_TIC|tic=4458|mle_ms=10.323|monotonic_ms=10|clock_delta_ms=.323|
clock_suspect=0
PMLE_LIVE_REPLAY_TIC|tic=4459|mle_ms=10.036|monotonic_ms=10|clock_delta_ms=.036|
clock_suspect=0
PMLE_LIVE_REPLAY_TIC|tic=4460|mle_ms=9.738|monotonic_ms=10|clock_delta_ms=.262|c
lock_suspect=0
PMLE_LIVE_REPLAY_TIC|tic=4461|mle_ms=8.612|monotonic_ms=10|clock_delta_ms=1.388|
clock_suspect=0
PMLE_LIVE_REPLAY_TIC|tic=4462|mle_ms=9.542|monotonic_ms=10|clock_delta_ms=.458|c
lock_suspect=0
PMLE_LIVE_REPLAY_TIC|tic=4463|mle_ms=9.336|monotonic_ms=10|clock_delta_ms=.664|c
lock_suspect=0
PMLE_LIVE_REPLAY_TIC|tic=4464|mle_ms=9.437|monotonic_ms=10|clock_delta_ms=.563|c
lock_suspect=0
PMLE_LIVE_REPLAY_TIC|tic=4465|mle_ms=9.719|monotonic_ms=10|clock_delta_ms=.281|c
lock_suspect=0
PMLE_LIVE_REPLAY_TIC|tic=4466|mle_ms=10.362|monotonic_ms=10|clock_delta_ms=.362|
clock_suspect=0
PMLE_LIVE_REPLAY_TIC|tic=4467|mle_ms=9.327|monotonic_ms=10|clock_delta_ms=.673|c
lock_suspect=0
PMLE_LIVE_REPLAY_TIC|tic=4468|mle_ms=9.536|monotonic_ms=10|clock_delta_ms=.464|c
lock_suspect=0
PMLE_LIVE_REPLAY_TIC|tic=4469|mle_ms=9.371|monotonic_ms=10|clock_delta_ms=.629|c
lock_suspect=0
PMLE_LIVE_REPLAY_TIC|tic=4470|mle_ms=10.537|monotonic_ms=10|clock_delta_ms=.537|
clock_suspect=0
PMLE_LIVE_REPLAY_TIC|tic=4471|mle_ms=10.38|monotonic_ms=10|clock_delta_ms=.38|cl
ock_suspect=0
PMLE_LIVE_REPLAY_TIC|tic=4472|mle_ms=10.588|monotonic_ms=10|clock_delta_ms=.588|
clock_suspect=0
PMLE_LIVE_REPLAY_TIC|tic=4473|mle_ms=9.703|monotonic_ms=10|clock_delta_ms=.297|c
lock_suspect=0
PMLE_LIVE_REPLAY_TIC|tic=4474|mle_ms=9.811|monotonic_ms=10|clock_delta_ms=.189|c
lock_suspect=0
PMLE_LIVE_REPLAY_TIC|tic=4475|mle_ms=9.165|monotonic_ms=10|clock_delta_ms=.835|c
lock_suspect=0
PMLE_LIVE_REPLAY_TIC|tic=4476|mle_ms=9.528|monotonic_ms=10|clock_delta_ms=.472|c
lock_suspect=0
PMLE_LIVE_REPLAY_TIC|tic=4477|mle_ms=9.054|monotonic_ms=10|clock_delta_ms=.946|c
lock_suspect=0
PMLE_LIVE_REPLAY_TIC|tic=4478|mle_ms=9.428|monotonic_ms=10|clock_delta_ms=.572|c
lock_suspect=0
PMLE_LIVE_REPLAY_TIC|tic=4479|mle_ms=9.772|monotonic_ms=10|clock_delta_ms=.228|c
lock_suspect=0
PMLE_LIVE_REPLAY_TIC|tic=4480|mle_ms=9.804|monotonic_ms=10|clock_delta_ms=.196|c
lock_suspect=0
PMLE_LIVE_REPLAY_TIC|tic=4481|mle_ms=9.48|monotonic_ms=10|clock_delta_ms=.52|clo
ck_suspect=0
PMLE_LIVE_REPLAY_TIC|tic=4482|mle_ms=10.838|monotonic_ms=10|clock_delta_ms=.838|
clock_suspect=0
PMLE_LIVE_REPLAY_TIC|tic=4483|mle_ms=10.229|monotonic_ms=10|clock_delta_ms=.229|
clock_suspect=0
PMLE_LIVE_REPLAY_TIC|tic=4484|mle_ms=11.067|monotonic_ms=10|clock_delta_ms=1.067
|clock_suspect=0
PMLE_LIVE_REPLAY_TIC|tic=4485|mle_ms=17.22|monotonic_ms=20|clock_delta_ms=2.78|c
lock_suspect=0
PMLE_LIVE_REPLAY_TIC|tic=4486|mle_ms=13.191|monotonic_ms=10|clock_delta_ms=3.191
|clock_suspect=0
PMLE_LIVE_REPLAY_TIC|tic=4487|mle_ms=10.427|monotonic_ms=10|clock_delta_ms=.427|
clock_suspect=0
PMLE_LIVE_REPLAY_TIC|tic=4488|mle_ms=10.777|monotonic_ms=10|clock_delta_ms=.777|
clock_suspect=0
PMLE_LIVE_REPLAY_TIC|tic=4489|mle_ms=10.751|monotonic_ms=10|clock_delta_ms=.751|
clock_suspect=0
PMLE_LIVE_REPLAY_TIC|tic=4490|mle_ms=9.536|monotonic_ms=10|clock_delta_ms=.464|c
lock_suspect=0
PMLE_LIVE_REPLAY_TIC|tic=4491|mle_ms=9.824|monotonic_ms=10|clock_delta_ms=.176|c
lock_suspect=0
PMLE_LIVE_REPLAY_TIC|tic=4492|mle_ms=10.976|monotonic_ms=10|clock_delta_ms=.976|
clock_suspect=0
PMLE_LIVE_REPLAY_TIC|tic=4493|mle_ms=10.396|monotonic_ms=10|clock_delta_ms=.396|
clock_suspect=0
PMLE_LIVE_REPLAY_TIC|tic=4494|mle_ms=11.641|monotonic_ms=20|clock_delta_ms=8.359
|clock_suspect=0
PMLE_LIVE_REPLAY_TIC|tic=4495|mle_ms=10.428|monotonic_ms=10|clock_delta_ms=.428|
clock_suspect=0
PMLE_LIVE_REPLAY_TIC|tic=4496|mle_ms=11.785|monotonic_ms=10|clock_delta_ms=1.785
|clock_suspect=0
PMLE_LIVE_REPLAY_TIC|tic=4497|mle_ms=9.167|monotonic_ms=10|clock_delta_ms=.833|c
lock_suspect=0
PMLE_LIVE_REPLAY_TIC|tic=4498|mle_ms=10.744|monotonic_ms=10|clock_delta_ms=.744|
clock_suspect=0
PMLE_LIVE_REPLAY_TIC|tic=4499|mle_ms=9.86|monotonic_ms=10|clock_delta_ms=.14|clo
ck_suspect=0
PMLE_LIVE_REPLAY_TIC|tic=4500|mle_ms=9.341|monotonic_ms=10|clock_delta_ms=.659|c
lock_suspect=0
PMLE_LIVE_REPLAY_TIC|tic=4501|mle_ms=8.981|monotonic_ms=10|clock_delta_ms=1.019|
clock_suspect=0
PMLE_LIVE_REPLAY_TIC|tic=4502|mle_ms=8.788|monotonic_ms=10|clock_delta_ms=1.212|
clock_suspect=0
PMLE_LIVE_REPLAY_TIC|tic=4503|mle_ms=9.163|monotonic_ms=10|clock_delta_ms=.837|c
lock_suspect=0
PMLE_LIVE_REPLAY_TIC|tic=4504|mle_ms=11.891|monotonic_ms=10|clock_delta_ms=1.891
|clock_suspect=0
PMLE_LIVE_REPLAY_TIC|tic=4505|mle_ms=9.712|monotonic_ms=10|clock_delta_ms=.288|c
lock_suspect=0
PMLE_LIVE_REPLAY_TIC|tic=4506|mle_ms=11.844|monotonic_ms=10|clock_delta_ms=1.844
|clock_suspect=0
PMLE_LIVE_REPLAY_TIC|tic=4507|mle_ms=9.472|monotonic_ms=10|clock_delta_ms=.528|c
lock_suspect=0
PMLE_LIVE_REPLAY_TIC|tic=4508|mle_ms=8.415|monotonic_ms=10|clock_delta_ms=1.585|
clock_suspect=0
PMLE_LIVE_REPLAY_TIC|tic=4509|mle_ms=9.177|monotonic_ms=10|clock_delta_ms=.823|c
lock_suspect=0
PMLE_LIVE_REPLAY_TIC|tic=4510|mle_ms=9.474|monotonic_ms=10|clock_delta_ms=.526|c
lock_suspect=0
PMLE_LIVE_REPLAY_TIC|tic=4511|mle_ms=9.219|monotonic_ms=0|clock_delta_ms=9.219|c
lock_suspect=0
PMLE_LIVE_REPLAY_TIC|tic=4512|mle_ms=9.242|monotonic_ms=10|clock_delta_ms=.758|c
lock_suspect=0
PMLE_LIVE_REPLAY_TIC|tic=4513|mle_ms=9.662|monotonic_ms=10|clock_delta_ms=.338|c
lock_suspect=0
PMLE_LIVE_REPLAY_TIC|tic=4514|mle_ms=11.5|monotonic_ms=20|clock_delta_ms=8.5|clo
ck_suspect=0
PMLE_LIVE_REPLAY_TIC|tic=4515|mle_ms=9.149|monotonic_ms=0|clock_delta_ms=9.149|c
lock_suspect=0
PMLE_LIVE_REPLAY_TIC|tic=4516|mle_ms=11.188|monotonic_ms=20|clock_delta_ms=8.812
|clock_suspect=0
PMLE_LIVE_REPLAY_TIC|tic=4517|mle_ms=9.498|monotonic_ms=10|clock_delta_ms=.502|c
lock_suspect=0
PMLE_LIVE_REPLAY_TIC|tic=4518|mle_ms=9.139|monotonic_ms=0|clock_delta_ms=9.139|c
lock_suspect=0
PMLE_LIVE_REPLAY_TIC|tic=4519|mle_ms=8.841|monotonic_ms=10|clock_delta_ms=1.159|
clock_suspect=0
PMLE_LIVE_REPLAY_TIC|tic=4520|mle_ms=8.534|monotonic_ms=10|clock_delta_ms=1.466|
clock_suspect=0
PMLE_LIVE_REPLAY_TIC|tic=4521|mle_ms=8.409|monotonic_ms=10|clock_delta_ms=1.591|
clock_suspect=0
PMLE_LIVE_REPLAY_TIC|tic=4522|mle_ms=8.687|monotonic_ms=10|clock_delta_ms=1.313|
clock_suspect=0
PMLE_LIVE_REPLAY_TIC|tic=4523|mle_ms=8.914|monotonic_ms=10|clock_delta_ms=1.086|
clock_suspect=0
PMLE_LIVE_REPLAY_TIC|tic=4524|mle_ms=11.376|monotonic_ms=10|clock_delta_ms=1.376
|clock_suspect=0
PMLE_LIVE_REPLAY_TIC|tic=4525|mle_ms=10.43|monotonic_ms=10|clock_delta_ms=.43|cl
ock_suspect=0
PMLE_LIVE_REPLAY_TIC|tic=4526|mle_ms=11.04|monotonic_ms=10|clock_delta_ms=1.04|c
lock_suspect=0
PMLE_LIVE_REPLAY_TIC|tic=4527|mle_ms=7.812|monotonic_ms=10|clock_delta_ms=2.188|
clock_suspect=0
PMLE_LIVE_REPLAY_TIC|tic=4528|mle_ms=8.506|monotonic_ms=10|clock_delta_ms=1.494|
clock_suspect=0
PMLE_LIVE_REPLAY_TIC|tic=4529|mle_ms=9.512|monotonic_ms=10|clock_delta_ms=.488|c
lock_suspect=0
PMLE_LIVE_REPLAY_TIC|tic=4530|mle_ms=9.851|monotonic_ms=10|clock_delta_ms=.149|c
lock_suspect=0
PMLE_LIVE_REPLAY_TIC|tic=4531|mle_ms=9.98|monotonic_ms=10|clock_delta_ms=.02|clo
ck_suspect=0
PMLE_LIVE_REPLAY_TIC|tic=4532|mle_ms=10.906|monotonic_ms=10|clock_delta_ms=.906|
clock_suspect=0
PMLE_LIVE_REPLAY_TIC|tic=4533|mle_ms=10.268|monotonic_ms=10|clock_delta_ms=.268|
clock_suspect=0
PMLE_LIVE_REPLAY_TIC|tic=4534|mle_ms=12.755|monotonic_ms=10|clock_delta_ms=2.755
|clock_suspect=0
PMLE_LIVE_REPLAY_TIC|tic=4535|mle_ms=10.769|monotonic_ms=10|clock_delta_ms=.769|
clock_suspect=0
PMLE_LIVE_REPLAY_TIC|tic=4536|mle_ms=11.695|monotonic_ms=10|clock_delta_ms=1.695
|clock_suspect=0
PMLE_LIVE_REPLAY_TIC|tic=4537|mle_ms=9.318|monotonic_ms=10|clock_delta_ms=.682|c
lock_suspect=0
PMLE_LIVE_REPLAY_TIC|tic=4538|mle_ms=9.638|monotonic_ms=10|clock_delta_ms=.362|c
lock_suspect=0
PMLE_LIVE_REPLAY_TIC|tic=4539|mle_ms=9.213|monotonic_ms=10|clock_delta_ms=.787|c
lock_suspect=0
PMLE_LIVE_REPLAY_TIC|tic=4540|mle_ms=10.245|monotonic_ms=10|clock_delta_ms=.245|
clock_suspect=0
PMLE_LIVE_REPLAY_TIC|tic=4541|mle_ms=9.419|monotonic_ms=10|clock_delta_ms=.581|c
lock_suspect=0
PMLE_LIVE_REPLAY_TIC|tic=4542|mle_ms=9.498|monotonic_ms=10|clock_delta_ms=.502|c
lock_suspect=0
PMLE_LIVE_REPLAY_TIC|tic=4543|mle_ms=8.903|monotonic_ms=10|clock_delta_ms=1.097|
clock_suspect=0
PMLE_LIVE_REPLAY_TIC|tic=4544|mle_ms=10.519|monotonic_ms=10|clock_delta_ms=.519|
clock_suspect=0
PMLE_LIVE_REPLAY_TIC|tic=4545|mle_ms=9.744|monotonic_ms=10|clock_delta_ms=.256|c
lock_suspect=0
PMLE_LIVE_REPLAY_TIC|tic=4546|mle_ms=11.386|monotonic_ms=10|clock_delta_ms=1.386
|clock_suspect=0
PMLE_LIVE_REPLAY_TIC|tic=4547|mle_ms=9.378|monotonic_ms=10|clock_delta_ms=.622|c
lock_suspect=0
PMLE_LIVE_REPLAY_TIC|tic=4548|mle_ms=10.122|monotonic_ms=10|clock_delta_ms=.122|
clock_suspect=0
PMLE_LIVE_REPLAY_TIC|tic=4549|mle_ms=10.105|monotonic_ms=10|clock_delta_ms=.105|
clock_suspect=0
PMLE_LIVE_REPLAY_TIC|tic=4550|mle_ms=8.924|monotonic_ms=10|clock_delta_ms=1.076|
clock_suspect=0
PMLE_LIVE_REPLAY_TIC|tic=4551|mle_ms=8.244|monotonic_ms=10|clock_delta_ms=1.756|
clock_suspect=0
PMLE_LIVE_REPLAY_TIC|tic=4552|mle_ms=9.606|monotonic_ms=10|clock_delta_ms=.394|c
lock_suspect=0
PMLE_LIVE_REPLAY_TIC|tic=4553|mle_ms=9.818|monotonic_ms=10|clock_delta_ms=.182|c
lock_suspect=0
PMLE_LIVE_REPLAY_TIC|tic=4554|mle_ms=12.746|monotonic_ms=10|clock_delta_ms=2.746
|clock_suspect=0
PMLE_LIVE_REPLAY_TIC|tic=4555|mle_ms=10.849|monotonic_ms=10|clock_delta_ms=.849|
clock_suspect=0
PMLE_LIVE_REPLAY_TIC|tic=4556|mle_ms=11.326|monotonic_ms=20|clock_delta_ms=8.674
|clock_suspect=0
PMLE_LIVE_REPLAY_TIC|tic=4557|mle_ms=9.377|monotonic_ms=0|clock_delta_ms=9.377|c
lock_suspect=0
PMLE_LIVE_REPLAY_TIC|tic=4558|mle_ms=9.627|monotonic_ms=10|clock_delta_ms=.373|c
lock_suspect=0
PMLE_LIVE_REPLAY_TIC|tic=4559|mle_ms=9.653|monotonic_ms=10|clock_delta_ms=.347|c
lock_suspect=0
PMLE_LIVE_REPLAY_TIC|tic=4560|mle_ms=9.513|monotonic_ms=10|clock_delta_ms=.487|c
lock_suspect=0
PMLE_LIVE_REPLAY_TIC|tic=4561|mle_ms=9.307|monotonic_ms=10|clock_delta_ms=.693|c
lock_suspect=0
PMLE_LIVE_REPLAY_TIC|tic=4562|mle_ms=10.763|monotonic_ms=10|clock_delta_ms=.763|
clock_suspect=0
PMLE_LIVE_REPLAY_TIC|tic=4563|mle_ms=10.105|monotonic_ms=10|clock_delta_ms=.105|
clock_suspect=0
PMLE_LIVE_REPLAY_TIC|tic=4564|mle_ms=12.277|monotonic_ms=20|clock_delta_ms=7.723
|clock_suspect=0
PMLE_LIVE_REPLAY_TIC|tic=4565|mle_ms=10.563|monotonic_ms=10|clock_delta_ms=.563|
clock_suspect=0
PMLE_LIVE_REPLAY_TIC|tic=4566|mle_ms=11.829|monotonic_ms=10|clock_delta_ms=1.829
|clock_suspect=0
PMLE_LIVE_REPLAY_TIC|tic=4567|mle_ms=9.434|monotonic_ms=10|clock_delta_ms=.566|c
lock_suspect=0
PMLE_LIVE_REPLAY_TIC|tic=4568|mle_ms=8.698|monotonic_ms=10|clock_delta_ms=1.302|
clock_suspect=0
PMLE_LIVE_REPLAY_TIC|tic=4569|mle_ms=8.392|monotonic_ms=10|clock_delta_ms=1.608|
clock_suspect=0
PMLE_LIVE_REPLAY_TIC|tic=4570|mle_ms=9.252|monotonic_ms=10|clock_delta_ms=.748|c
lock_suspect=0
PMLE_LIVE_REPLAY_TIC|tic=4571|mle_ms=13.445|monotonic_ms=10|clock_delta_ms=3.445
|clock_suspect=0
PMLE_LIVE_REPLAY_TIC|tic=4572|mle_ms=11.24|monotonic_ms=10|clock_delta_ms=1.24|c
lock_suspect=0
PMLE_LIVE_REPLAY_TIC|tic=4573|mle_ms=11.802|monotonic_ms=10|clock_delta_ms=1.802
|clock_suspect=0
PMLE_LIVE_REPLAY_TIC|tic=4574|mle_ms=12.135|monotonic_ms=10|clock_delta_ms=2.135
|clock_suspect=0
PMLE_LIVE_REPLAY_TIC|tic=4575|mle_ms=10.074|monotonic_ms=10|clock_delta_ms=.074|
clock_suspect=0
PMLE_LIVE_REPLAY_TIC|tic=4576|mle_ms=11.276|monotonic_ms=20|clock_delta_ms=8.724
|clock_suspect=0
PMLE_LIVE_REPLAY_TIC|tic=4577|mle_ms=9.281|monotonic_ms=0|clock_delta_ms=9.281|c
lock_suspect=0
PMLE_LIVE_REPLAY_TIC|tic=4578|mle_ms=10.388|monotonic_ms=20|clock_delta_ms=9.612
|clock_suspect=0
PMLE_LIVE_REPLAY_TIC|tic=4579|mle_ms=10.13|monotonic_ms=10|clock_delta_ms=.13|cl
ock_suspect=0
PMLE_LIVE_REPLAY_TIC|tic=4580|mle_ms=9.159|monotonic_ms=0|clock_delta_ms=9.159|c
lock_suspect=0
PMLE_LIVE_REPLAY_TIC|tic=4581|mle_ms=8.586|monotonic_ms=10|clock_delta_ms=1.414|
clock_suspect=0
PMLE_LIVE_REPLAY_TIC|tic=4582|mle_ms=10.281|monotonic_ms=10|clock_delta_ms=.281|
clock_suspect=0
PMLE_LIVE_REPLAY_TIC|tic=4583|mle_ms=11.961|monotonic_ms=20|clock_delta_ms=8.039
|clock_suspect=0
PMLE_LIVE_REPLAY_TIC|tic=4584|mle_ms=13.793|monotonic_ms=10|clock_delta_ms=3.793
|clock_suspect=0
PMLE_LIVE_REPLAY_TIC|tic=4585|mle_ms=11.414|monotonic_ms=10|clock_delta_ms=1.414
|clock_suspect=0
PMLE_LIVE_REPLAY_TIC|tic=4586|mle_ms=11.58|monotonic_ms=10|clock_delta_ms=1.58|c
lock_suspect=0
PMLE_LIVE_REPLAY_TIC|tic=4587|mle_ms=9.374|monotonic_ms=10|clock_delta_ms=.626|c
lock_suspect=0
PMLE_LIVE_REPLAY_TIC|tic=4588|mle_ms=10.326|monotonic_ms=10|clock_delta_ms=.326|
clock_suspect=0
PMLE_LIVE_REPLAY_TIC|tic=4589|mle_ms=9.632|monotonic_ms=10|clock_delta_ms=.368|c
lock_suspect=0
PMLE_LIVE_REPLAY_TIC|tic=4590|mle_ms=9.563|monotonic_ms=10|clock_delta_ms=.437|c
lock_suspect=0
PMLE_LIVE_REPLAY_TIC|tic=4591|mle_ms=8.683|monotonic_ms=10|clock_delta_ms=1.317|
clock_suspect=0
PMLE_LIVE_REPLAY_TIC|tic=4592|mle_ms=10.763|monotonic_ms=10|clock_delta_ms=.763|
clock_suspect=0
PMLE_LIVE_REPLAY_TIC|tic=4593|mle_ms=10.854|monotonic_ms=10|clock_delta_ms=.854|
clock_suspect=0
PMLE_LIVE_REPLAY_TIC|tic=4594|mle_ms=12.096|monotonic_ms=10|clock_delta_ms=2.096
|clock_suspect=0
PMLE_LIVE_REPLAY_TIC|tic=4595|mle_ms=10.88|monotonic_ms=20|clock_delta_ms=9.12|c
lock_suspect=0
PMLE_LIVE_REPLAY_TIC|tic=4596|mle_ms=12.438|monotonic_ms=10|clock_delta_ms=2.438
|clock_suspect=0
PMLE_LIVE_REPLAY_TIC|tic=4597|mle_ms=11.181|monotonic_ms=10|clock_delta_ms=1.181
|clock_suspect=0
PMLE_LIVE_REPLAY_TIC|tic=4598|mle_ms=9.993|monotonic_ms=10|clock_delta_ms=.007|c
lock_suspect=0
PMLE_LIVE_REPLAY_TIC|tic=4599|mle_ms=9.895|monotonic_ms=10|clock_delta_ms=.105|c
lock_suspect=0
PMLE_LIVE_REPLAY_TIC|tic=4600|mle_ms=10.118|monotonic_ms=10|clock_delta_ms=.118|
clock_suspect=0
PMLE_LIVE_REPLAY_TIC|tic=4601|mle_ms=10.937|monotonic_ms=20|clock_delta_ms=9.063
|clock_suspect=0
PMLE_LIVE_REPLAY_TIC|tic=4602|mle_ms=11.885|monotonic_ms=10|clock_delta_ms=1.885
|clock_suspect=0
PMLE_LIVE_REPLAY_TIC|tic=4603|mle_ms=13.026|monotonic_ms=10|clock_delta_ms=3.026
|clock_suspect=0
PMLE_LIVE_REPLAY_TIC|tic=4604|mle_ms=13.48|monotonic_ms=10|clock_delta_ms=3.48|c
lock_suspect=0
PMLE_LIVE_REPLAY_TIC|tic=4605|mle_ms=9.982|monotonic_ms=10|clock_delta_ms=.018|c
lock_suspect=0
PMLE_LIVE_REPLAY_TIC|tic=4606|mle_ms=10.958|monotonic_ms=20|clock_delta_ms=9.042
|clock_suspect=0
PMLE_LIVE_REPLAY_TIC|tic=4607|mle_ms=9.935|monotonic_ms=10|clock_delta_ms=.065|c
lock_suspect=0
PMLE_LIVE_REPLAY_TIC|tic=4608|mle_ms=12.146|monotonic_ms=10|clock_delta_ms=2.146
|clock_suspect=0
PMLE_LIVE_REPLAY_TIC|tic=4609|mle_ms=12.386|monotonic_ms=10|clock_delta_ms=2.386
|clock_suspect=0
PMLE_LIVE_REPLAY_TIC|tic=4610|mle_ms=11.324|monotonic_ms=10|clock_delta_ms=1.324
|clock_suspect=0
PMLE_LIVE_REPLAY_TIC|tic=4611|mle_ms=9.987|monotonic_ms=10|clock_delta_ms=.013|c
lock_suspect=0
PMLE_LIVE_REPLAY_TIC|tic=4612|mle_ms=11.263|monotonic_ms=10|clock_delta_ms=1.263
|clock_suspect=0
PMLE_LIVE_REPLAY_TIC|tic=4613|mle_ms=11.576|monotonic_ms=10|clock_delta_ms=1.576
|clock_suspect=0
PMLE_LIVE_REPLAY_TIC|tic=4614|mle_ms=12.253|monotonic_ms=20|clock_delta_ms=7.747
|clock_suspect=0
PMLE_LIVE_REPLAY_TIC|tic=4615|mle_ms=11.286|monotonic_ms=10|clock_delta_ms=1.286
|clock_suspect=0
PMLE_LIVE_REPLAY_TIC|tic=4616|mle_ms=13.542|monotonic_ms=10|clock_delta_ms=3.542
|clock_suspect=0
PMLE_LIVE_REPLAY_TIC|tic=4617|mle_ms=9.565|monotonic_ms=10|clock_delta_ms=.435|c
lock_suspect=0
PMLE_LIVE_REPLAY_TIC|tic=4618|mle_ms=10.742|monotonic_ms=10|clock_delta_ms=.742|
clock_suspect=0
PMLE_LIVE_REPLAY_TIC|tic=4619|mle_ms=10.992|monotonic_ms=10|clock_delta_ms=.992|
clock_suspect=0
PMLE_LIVE_REPLAY_TIC|tic=4620|mle_ms=11.827|monotonic_ms=20|clock_delta_ms=8.173
|clock_suspect=0
PMLE_LIVE_REPLAY_TIC|tic=4621|mle_ms=12.244|monotonic_ms=10|clock_delta_ms=2.244
|clock_suspect=0
PMLE_LIVE_REPLAY_TIC|tic=4622|mle_ms=13.663|monotonic_ms=10|clock_delta_ms=3.663
|clock_suspect=0
PMLE_LIVE_REPLAY_TIC|tic=4623|mle_ms=13.641|monotonic_ms=20|clock_delta_ms=6.359
|clock_suspect=0
PMLE_LIVE_REPLAY_TIC|tic=4624|mle_ms=14.782|monotonic_ms=10|clock_delta_ms=4.782
|clock_suspect=0
PMLE_LIVE_REPLAY_TIC|tic=4625|mle_ms=11.428|monotonic_ms=10|clock_delta_ms=1.428
|clock_suspect=0
PMLE_LIVE_REPLAY_TIC|tic=4626|mle_ms=12.359|monotonic_ms=10|clock_delta_ms=2.359
|clock_suspect=0
PMLE_LIVE_REPLAY_TIC|tic=4627|mle_ms=11.66|monotonic_ms=20|clock_delta_ms=8.34|c
lock_suspect=0
PMLE_LIVE_REPLAY_TIC|tic=4628|mle_ms=10.319|monotonic_ms=10|clock_delta_ms=.319|
clock_suspect=0
PMLE_LIVE_REPLAY_TIC|tic=4629|mle_ms=10.325|monotonic_ms=10|clock_delta_ms=.325|
clock_suspect=0
PMLE_LIVE_REPLAY_TIC|tic=4630|mle_ms=11.538|monotonic_ms=10|clock_delta_ms=1.538
|clock_suspect=0
PMLE_LIVE_REPLAY_TIC|tic=4631|mle_ms=10.623|monotonic_ms=10|clock_delta_ms=.623|
clock_suspect=0
PMLE_LIVE_REPLAY_TIC|tic=4632|mle_ms=11.48|monotonic_ms=10|clock_delta_ms=1.48|c
lock_suspect=0
PMLE_LIVE_REPLAY_TIC|tic=4633|mle_ms=12.093|monotonic_ms=10|clock_delta_ms=2.093
|clock_suspect=0
PMLE_LIVE_REPLAY_TIC|tic=4634|mle_ms=12.72|monotonic_ms=20|clock_delta_ms=7.28|c
lock_suspect=0
PMLE_LIVE_REPLAY_TIC|tic=4635|mle_ms=12.031|monotonic_ms=10|clock_delta_ms=2.031
|clock_suspect=0
PMLE_LIVE_REPLAY_TIC|tic=4636|mle_ms=12.158|monotonic_ms=10|clock_delta_ms=2.158
|clock_suspect=0
PMLE_LIVE_REPLAY_TIC|tic=4637|mle_ms=9.896|monotonic_ms=10|clock_delta_ms=.104|c
lock_suspect=0
PMLE_LIVE_REPLAY_TIC|tic=4638|mle_ms=10.57|monotonic_ms=10|clock_delta_ms=.57|cl
ock_suspect=0
PMLE_LIVE_REPLAY_TIC|tic=4639|mle_ms=10.496|monotonic_ms=10|clock_delta_ms=.496|
clock_suspect=0
PMLE_LIVE_REPLAY_TIC|tic=4640|mle_ms=9.218|monotonic_ms=10|clock_delta_ms=.782|c
lock_suspect=0
PMLE_LIVE_REPLAY_TIC|tic=4641|mle_ms=9.175|monotonic_ms=10|clock_delta_ms=.825|c
lock_suspect=0
PMLE_LIVE_REPLAY_TIC|tic=4642|mle_ms=10.71|monotonic_ms=10|clock_delta_ms=.71|cl
ock_suspect=0
PMLE_LIVE_REPLAY_TIC|tic=4643|mle_ms=10.284|monotonic_ms=10|clock_delta_ms=.284|
clock_suspect=0
PMLE_LIVE_REPLAY_TIC|tic=4644|mle_ms=12.341|monotonic_ms=10|clock_delta_ms=2.341
|clock_suspect=0
PMLE_LIVE_REPLAY_TIC|tic=4645|mle_ms=10.241|monotonic_ms=10|clock_delta_ms=.241|
clock_suspect=0
PMLE_LIVE_REPLAY_TIC|tic=4646|mle_ms=10.781|monotonic_ms=10|clock_delta_ms=.781|
clock_suspect=0
PMLE_LIVE_REPLAY_TIC|tic=4647|mle_ms=8.551|monotonic_ms=10|clock_delta_ms=1.449|
clock_suspect=0
PMLE_LIVE_REPLAY_TIC|tic=4648|mle_ms=8.272|monotonic_ms=10|clock_delta_ms=1.728|
clock_suspect=0
PMLE_LIVE_REPLAY_TIC|tic=4649|mle_ms=8.422|monotonic_ms=10|clock_delta_ms=1.578|
clock_suspect=0
PMLE_LIVE_REPLAY_TIC|tic=4650|mle_ms=8.579|monotonic_ms=10|clock_delta_ms=1.421|
clock_suspect=0
PMLE_LIVE_REPLAY_TIC|tic=4651|mle_ms=8.489|monotonic_ms=10|clock_delta_ms=1.511|
clock_suspect=0
PMLE_LIVE_REPLAY_TIC|tic=4652|mle_ms=9.455|monotonic_ms=10|clock_delta_ms=.545|c
lock_suspect=0
PMLE_LIVE_REPLAY_TIC|tic=4653|mle_ms=9.506|monotonic_ms=10|clock_delta_ms=.494|c
lock_suspect=0
PMLE_LIVE_REPLAY_TIC|tic=4654|mle_ms=11.724|monotonic_ms=10|clock_delta_ms=1.724
|clock_suspect=0
PMLE_LIVE_REPLAY_TIC|tic=4655|mle_ms=10.324|monotonic_ms=10|clock_delta_ms=.324|
clock_suspect=0
PMLE_LIVE_REPLAY_TIC|tic=4656|mle_ms=17.16|monotonic_ms=20|clock_delta_ms=2.84|c
lock_suspect=0
PMLE_LIVE_REPLAY_TIC|tic=4657|mle_ms=9.961|monotonic_ms=10|clock_delta_ms=.039|c
lock_suspect=0
PMLE_LIVE_REPLAY_TIC|tic=4658|mle_ms=9.15|monotonic_ms=10|clock_delta_ms=.85|clo
ck_suspect=0
PMLE_LIVE_REPLAY_TIC|tic=4659|mle_ms=9.318|monotonic_ms=0|clock_delta_ms=9.318|c
lock_suspect=0
PMLE_LIVE_REPLAY_TIC|tic=4660|mle_ms=9.637|monotonic_ms=10|clock_delta_ms=.363|c
lock_suspect=0
PMLE_LIVE_REPLAY_TIC|tic=4661|mle_ms=9.079|monotonic_ms=10|clock_delta_ms=.921|c
lock_suspect=0
PMLE_LIVE_REPLAY_TIC|tic=4662|mle_ms=9.495|monotonic_ms=10|clock_delta_ms=.505|c
lock_suspect=0
PMLE_LIVE_REPLAY_TIC|tic=4663|mle_ms=9.677|monotonic_ms=10|clock_delta_ms=.323|c
lock_suspect=0
PMLE_LIVE_REPLAY_TIC|tic=4664|mle_ms=11.944|monotonic_ms=10|clock_delta_ms=1.944
|clock_suspect=0
PMLE_LIVE_REPLAY_TIC|tic=4665|mle_ms=9.441|monotonic_ms=10|clock_delta_ms=.559|c
lock_suspect=0
PMLE_LIVE_REPLAY_TIC|tic=4666|mle_ms=11.577|monotonic_ms=20|clock_delta_ms=8.423
|clock_suspect=0
PMLE_LIVE_REPLAY_TIC|tic=4667|mle_ms=9.076|monotonic_ms=10|clock_delta_ms=.924|c
lock_suspect=0
PMLE_LIVE_REPLAY_TIC|tic=4668|mle_ms=8.685|monotonic_ms=0|clock_delta_ms=8.685|c
lock_suspect=0
PMLE_LIVE_REPLAY_TIC|tic=4669|mle_ms=8.962|monotonic_ms=10|clock_delta_ms=1.038|
clock_suspect=0
PMLE_LIVE_REPLAY_TIC|tic=4670|mle_ms=8.329|monotonic_ms=10|clock_delta_ms=1.671|
clock_suspect=0
PMLE_LIVE_REPLAY_TIC|tic=4671|mle_ms=9.474|monotonic_ms=10|clock_delta_ms=.526|c
lock_suspect=0
PMLE_LIVE_REPLAY_TIC|tic=4672|mle_ms=11.933|monotonic_ms=10|clock_delta_ms=1.933
|clock_suspect=0
PMLE_LIVE_REPLAY_TIC|tic=4673|mle_ms=11.822|monotonic_ms=20|clock_delta_ms=8.178
|clock_suspect=0
PMLE_LIVE_REPLAY_TIC|tic=4674|mle_ms=14.731|monotonic_ms=10|clock_delta_ms=4.731
|clock_suspect=0
PMLE_LIVE_REPLAY_TIC|tic=4675|mle_ms=11.627|monotonic_ms=10|clock_delta_ms=1.627
|clock_suspect=0
PMLE_LIVE_REPLAY_TIC|tic=4676|mle_ms=11.829|monotonic_ms=10|clock_delta_ms=1.829
|clock_suspect=0
PMLE_LIVE_REPLAY_TIC|tic=4677|mle_ms=9.373|monotonic_ms=10|clock_delta_ms=.627|c
lock_suspect=0
PMLE_LIVE_REPLAY_TIC|tic=4678|mle_ms=10.316|monotonic_ms=10|clock_delta_ms=.316|
clock_suspect=0
PMLE_LIVE_REPLAY_TIC|tic=4679|mle_ms=10.287|monotonic_ms=10|clock_delta_ms=.287|
clock_suspect=0
PMLE_LIVE_REPLAY_TIC|tic=4680|mle_ms=10.057|monotonic_ms=10|clock_delta_ms=.057|
clock_suspect=0
PMLE_LIVE_REPLAY_TIC|tic=4681|mle_ms=9.643|monotonic_ms=10|clock_delta_ms=.357|c
lock_suspect=0
PMLE_LIVE_REPLAY_TIC|tic=4682|mle_ms=10.435|monotonic_ms=10|clock_delta_ms=.435|
clock_suspect=0
PMLE_LIVE_REPLAY_TIC|tic=4683|mle_ms=10.485|monotonic_ms=20|clock_delta_ms=9.515
|clock_suspect=0
PMLE_LIVE_REPLAY_TIC|tic=4684|mle_ms=11.34|monotonic_ms=10|clock_delta_ms=1.34|c
lock_suspect=0
PMLE_LIVE_REPLAY_TIC|tic=4685|mle_ms=10.819|monotonic_ms=10|clock_delta_ms=.819|
clock_suspect=0
PMLE_LIVE_REPLAY_TIC|tic=4686|mle_ms=11.458|monotonic_ms=10|clock_delta_ms=1.458
|clock_suspect=0
PMLE_LIVE_REPLAY_TIC|tic=4687|mle_ms=8.809|monotonic_ms=10|clock_delta_ms=1.191|
clock_suspect=0
PMLE_LIVE_REPLAY_TIC|tic=4688|mle_ms=8.115|monotonic_ms=10|clock_delta_ms=1.885|
clock_suspect=0
PMLE_LIVE_REPLAY_TIC|tic=4689|mle_ms=7.585|monotonic_ms=0|clock_delta_ms=7.585|c
lock_suspect=0
PMLE_LIVE_REPLAY_TIC|tic=4690|mle_ms=7.845|monotonic_ms=10|clock_delta_ms=2.155|
clock_suspect=0
PMLE_LIVE_REPLAY_TIC|tic=4691|mle_ms=8.199|monotonic_ms=10|clock_delta_ms=1.801|
clock_suspect=0
PMLE_LIVE_REPLAY_TIC|tic=4692|mle_ms=10.825|monotonic_ms=10|clock_delta_ms=.825|
clock_suspect=0
PMLE_LIVE_REPLAY_TIC|tic=4693|mle_ms=11.594|monotonic_ms=10|clock_delta_ms=1.594
|clock_suspect=0
PMLE_LIVE_REPLAY_TIC|tic=4694|mle_ms=11.067|monotonic_ms=10|clock_delta_ms=1.067
|clock_suspect=0
PMLE_LIVE_REPLAY_TIC|tic=4695|mle_ms=9.861|monotonic_ms=10|clock_delta_ms=.139|c
lock_suspect=0
PMLE_LIVE_REPLAY_TIC|tic=4696|mle_ms=11.179|monotonic_ms=10|clock_delta_ms=1.179
|clock_suspect=0
PMLE_LIVE_REPLAY_TIC|tic=4697|mle_ms=9.136|monotonic_ms=10|clock_delta_ms=.864|c
lock_suspect=0
PMLE_LIVE_REPLAY_TIC|tic=4698|mle_ms=9.846|monotonic_ms=10|clock_delta_ms=.154|c
lock_suspect=0
PMLE_LIVE_REPLAY_TIC|tic=4699|mle_ms=10.858|monotonic_ms=10|clock_delta_ms=.858|
clock_suspect=0
PMLE_LIVE_REPLAY_TIC|tic=4700|mle_ms=9.91|monotonic_ms=10|clock_delta_ms=.09|clo
ck_suspect=0
PMLE_LIVE_REPLAY_TIC|tic=4701|mle_ms=9.243|monotonic_ms=10|clock_delta_ms=.757|c
lock_suspect=0
PMLE_LIVE_REPLAY_TIC|tic=4702|mle_ms=11.163|monotonic_ms=10|clock_delta_ms=1.163
|clock_suspect=0
PMLE_LIVE_REPLAY_TIC|tic=4703|mle_ms=10.915|monotonic_ms=10|clock_delta_ms=.915|
clock_suspect=0
PMLE_LIVE_REPLAY_TIC|tic=4704|mle_ms=11.762|monotonic_ms=10|clock_delta_ms=1.762
|clock_suspect=0
PMLE_LIVE_REPLAY_TIC|tic=4705|mle_ms=10.016|monotonic_ms=10|clock_delta_ms=.016|
clock_suspect=0
PMLE_LIVE_REPLAY_TIC|tic=4706|mle_ms=9.612|monotonic_ms=10|clock_delta_ms=.388|c
lock_suspect=0
PMLE_LIVE_REPLAY_TIC|tic=4707|mle_ms=8.555|monotonic_ms=10|clock_delta_ms=1.445|
clock_suspect=0
PMLE_LIVE_REPLAY_TIC|tic=4708|mle_ms=10.033|monotonic_ms=10|clock_delta_ms=.033|
clock_suspect=0
PMLE_LIVE_REPLAY_TIC|tic=4709|mle_ms=9.657|monotonic_ms=10|clock_delta_ms=.343|c
lock_suspect=0
PMLE_LIVE_REPLAY_TIC|tic=4710|mle_ms=9.881|monotonic_ms=10|clock_delta_ms=.119|c
lock_suspect=0
PMLE_LIVE_REPLAY_TIC|tic=4711|mle_ms=9.799|monotonic_ms=10|clock_delta_ms=.201|c
lock_suspect=0
PMLE_LIVE_REPLAY_TIC|tic=4712|mle_ms=10.011|monotonic_ms=10|clock_delta_ms=.011|
clock_suspect=0
PMLE_LIVE_REPLAY_TIC|tic=4713|mle_ms=10.494|monotonic_ms=10|clock_delta_ms=.494|
clock_suspect=0
PMLE_LIVE_REPLAY_TIC|tic=4714|mle_ms=10.22|monotonic_ms=10|clock_delta_ms=.22|cl
ock_suspect=0
PMLE_LIVE_REPLAY_TIC|tic=4715|mle_ms=8.95|monotonic_ms=10|clock_delta_ms=1.05|cl
ock_suspect=0
PMLE_LIVE_REPLAY_TIC|tic=4716|mle_ms=11.318|monotonic_ms=10|clock_delta_ms=1.318
|clock_suspect=0
PMLE_LIVE_REPLAY_TIC|tic=4717|mle_ms=10.963|monotonic_ms=10|clock_delta_ms=.963|
clock_suspect=0
PMLE_LIVE_REPLAY_TIC|tic=4718|mle_ms=11.879|monotonic_ms=10|clock_delta_ms=1.879
|clock_suspect=0
PMLE_LIVE_REPLAY_TIC|tic=4719|mle_ms=10.562|monotonic_ms=10|clock_delta_ms=.562|
clock_suspect=0
PMLE_LIVE_REPLAY_TIC|tic=4720|mle_ms=10.807|monotonic_ms=10|clock_delta_ms=.807|
clock_suspect=0
PMLE_LIVE_REPLAY_TIC|tic=4721|mle_ms=10.232|monotonic_ms=10|clock_delta_ms=.232|
clock_suspect=0
PMLE_LIVE_REPLAY_TIC|tic=4722|mle_ms=11.899|monotonic_ms=20|clock_delta_ms=8.101
|clock_suspect=0
PMLE_LIVE_REPLAY_TIC|tic=4723|mle_ms=11.045|monotonic_ms=10|clock_delta_ms=1.045
|clock_suspect=0
PMLE_LIVE_REPLAY_TIC|tic=4724|mle_ms=10.592|monotonic_ms=10|clock_delta_ms=.592|
clock_suspect=0
PMLE_LIVE_REPLAY_TIC|tic=4725|mle_ms=7.826|monotonic_ms=10|clock_delta_ms=2.174|
clock_suspect=0
PMLE_LIVE_REPLAY_TIC|tic=4726|mle_ms=9.49|monotonic_ms=10|clock_delta_ms=.51|clo
ck_suspect=0
PMLE_LIVE_REPLAY_TIC|tic=4727|mle_ms=8.016|monotonic_ms=0|clock_delta_ms=8.016|c
lock_suspect=0
PMLE_LIVE_REPLAY_TIC|tic=4728|mle_ms=10.309|monotonic_ms=10|clock_delta_ms=.309|
clock_suspect=0
PMLE_LIVE_REPLAY_TIC|tic=4729|mle_ms=10.269|monotonic_ms=10|clock_delta_ms=.269|
clock_suspect=0
PMLE_LIVE_REPLAY_TIC|tic=4730|mle_ms=9.778|monotonic_ms=10|clock_delta_ms=.222|c
lock_suspect=0
PMLE_LIVE_REPLAY_TIC|tic=4731|mle_ms=9.666|monotonic_ms=10|clock_delta_ms=.334|c
lock_suspect=0
PMLE_LIVE_REPLAY_TIC|tic=4732|mle_ms=10.405|monotonic_ms=10|clock_delta_ms=.405|
clock_suspect=0
PMLE_LIVE_REPLAY_TIC|tic=4733|mle_ms=10.497|monotonic_ms=10|clock_delta_ms=.497|
clock_suspect=0
PMLE_LIVE_REPLAY_TIC|tic=4734|mle_ms=11.142|monotonic_ms=20|clock_delta_ms=8.858
|clock_suspect=0
PMLE_LIVE_REPLAY_TIC|tic=4735|mle_ms=10.116|monotonic_ms=10|clock_delta_ms=.116|
clock_suspect=0
PMLE_LIVE_REPLAY_TIC|tic=4736|mle_ms=12.083|monotonic_ms=10|clock_delta_ms=2.083
|clock_suspect=0
PMLE_LIVE_REPLAY_TIC|tic=4737|mle_ms=9.078|monotonic_ms=10|clock_delta_ms=.922|c
lock_suspect=0
PMLE_LIVE_REPLAY_TIC|tic=4738|mle_ms=10.979|monotonic_ms=10|clock_delta_ms=.979|
clock_suspect=0
PMLE_LIVE_REPLAY_TIC|tic=4739|mle_ms=10.986|monotonic_ms=10|clock_delta_ms=.986|
clock_suspect=0
PMLE_LIVE_REPLAY_TIC|tic=4740|mle_ms=10.703|monotonic_ms=10|clock_delta_ms=.703|
clock_suspect=0
PMLE_LIVE_REPLAY_TIC|tic=4741|mle_ms=16.648|monotonic_ms=20|clock_delta_ms=3.352
|clock_suspect=0
PMLE_LIVE_REPLAY_TIC|tic=4742|mle_ms=10.983|monotonic_ms=10|clock_delta_ms=.983|
clock_suspect=0
PMLE_LIVE_REPLAY_TIC|tic=4743|mle_ms=11.126|monotonic_ms=10|clock_delta_ms=1.126
|clock_suspect=0
PMLE_LIVE_REPLAY_TIC|tic=4744|mle_ms=12.424|monotonic_ms=10|clock_delta_ms=2.424
|clock_suspect=0
PMLE_LIVE_REPLAY_TIC|tic=4745|mle_ms=10.841|monotonic_ms=10|clock_delta_ms=.841|
clock_suspect=0
PMLE_LIVE_REPLAY_TIC|tic=4746|mle_ms=12.548|monotonic_ms=20|clock_delta_ms=7.452
|clock_suspect=0
PMLE_LIVE_REPLAY_TIC|tic=4747|mle_ms=10.225|monotonic_ms=10|clock_delta_ms=.225|
clock_suspect=0
PMLE_LIVE_REPLAY_TIC|tic=4748|mle_ms=9.372|monotonic_ms=0|clock_delta_ms=9.372|c
lock_suspect=0
PMLE_LIVE_REPLAY_TIC|tic=4749|mle_ms=8.559|monotonic_ms=0|clock_delta_ms=8.559|c
lock_suspect=0
PMLE_LIVE_REPLAY_TIC|tic=4750|mle_ms=8.138|monotonic_ms=10|clock_delta_ms=1.862|
clock_suspect=0
PMLE_LIVE_REPLAY_TIC|tic=4751|mle_ms=8.595|monotonic_ms=10|clock_delta_ms=1.405|
clock_suspect=0
PMLE_LIVE_REPLAY_TIC|tic=4752|mle_ms=8.906|monotonic_ms=10|clock_delta_ms=1.094|
clock_suspect=0
PMLE_LIVE_REPLAY_TIC|tic=4753|mle_ms=9.229|monotonic_ms=10|clock_delta_ms=.771|c
lock_suspect=0
PMLE_LIVE_REPLAY_TIC|tic=4754|mle_ms=9.939|monotonic_ms=10|clock_delta_ms=.061|c
lock_suspect=0
PMLE_LIVE_REPLAY_TIC|tic=4755|mle_ms=10.135|monotonic_ms=10|clock_delta_ms=.135|
clock_suspect=0
PMLE_LIVE_REPLAY_TIC|tic=4756|mle_ms=11.887|monotonic_ms=10|clock_delta_ms=1.887
|clock_suspect=0
PMLE_LIVE_REPLAY_TIC|tic=4757|mle_ms=9.093|monotonic_ms=10|clock_delta_ms=.907|c
lock_suspect=0
PMLE_LIVE_REPLAY_TIC|tic=4758|mle_ms=10.288|monotonic_ms=10|clock_delta_ms=.288|
clock_suspect=0
PMLE_LIVE_REPLAY_TIC|tic=4759|mle_ms=10.342|monotonic_ms=10|clock_delta_ms=.342|
clock_suspect=0
PMLE_LIVE_REPLAY_TIC|tic=4760|mle_ms=8.893|monotonic_ms=10|clock_delta_ms=1.107|
clock_suspect=0
PMLE_LIVE_REPLAY_TIC|tic=4761|mle_ms=9.014|monotonic_ms=10|clock_delta_ms=.986|c
lock_suspect=0
PMLE_LIVE_REPLAY_TIC|tic=4762|mle_ms=12.278|monotonic_ms=10|clock_delta_ms=2.278
|clock_suspect=0
PMLE_LIVE_REPLAY_TIC|tic=4763|mle_ms=11.106|monotonic_ms=10|clock_delta_ms=1.106
|clock_suspect=0
PMLE_LIVE_REPLAY_TIC|tic=4764|mle_ms=12.426|monotonic_ms=20|clock_delta_ms=7.574
|clock_suspect=0
PMLE_LIVE_REPLAY_TIC|tic=4765|mle_ms=11.092|monotonic_ms=10|clock_delta_ms=1.092
|clock_suspect=0
PMLE_LIVE_REPLAY_TIC|tic=4766|mle_ms=12.4|monotonic_ms=10|clock_delta_ms=2.4|clo
ck_suspect=0
PMLE_LIVE_REPLAY_TIC|tic=4767|mle_ms=10.283|monotonic_ms=10|clock_delta_ms=.283|
clock_suspect=0
PMLE_LIVE_REPLAY_TIC|tic=4768|mle_ms=10.316|monotonic_ms=10|clock_delta_ms=.316|
clock_suspect=0
PMLE_LIVE_REPLAY_TIC|tic=4769|mle_ms=9.923|monotonic_ms=10|clock_delta_ms=.077|c
lock_suspect=0
PMLE_LIVE_REPLAY_TIC|tic=4770|mle_ms=10.456|monotonic_ms=10|clock_delta_ms=.456|
clock_suspect=0
PMLE_LIVE_REPLAY_TIC|tic=4771|mle_ms=10.533|monotonic_ms=10|clock_delta_ms=.533|
clock_suspect=0
PMLE_LIVE_REPLAY_TIC|tic=4772|mle_ms=11.064|monotonic_ms=10|clock_delta_ms=1.064
|clock_suspect=0
PMLE_LIVE_REPLAY_TIC|tic=4773|mle_ms=10.386|monotonic_ms=10|clock_delta_ms=.386|
clock_suspect=0
PMLE_LIVE_REPLAY_TIC|tic=4774|mle_ms=11.953|monotonic_ms=10|clock_delta_ms=1.953
|clock_suspect=0
PMLE_LIVE_REPLAY_TIC|tic=4775|mle_ms=11.229|monotonic_ms=20|clock_delta_ms=8.771
|clock_suspect=0
PMLE_LIVE_REPLAY_TIC|tic=4776|mle_ms=12.929|monotonic_ms=10|clock_delta_ms=2.929
|clock_suspect=0
PMLE_LIVE_REPLAY_TIC|tic=4777|mle_ms=10.224|monotonic_ms=10|clock_delta_ms=.224|
clock_suspect=0
PMLE_LIVE_REPLAY_TIC|tic=4778|mle_ms=9.876|monotonic_ms=10|clock_delta_ms=.124|c
lock_suspect=0
PMLE_LIVE_REPLAY_TIC|tic=4779|mle_ms=8.956|monotonic_ms=10|clock_delta_ms=1.044|
clock_suspect=0
PMLE_LIVE_REPLAY_TIC|tic=4780|mle_ms=9.915|monotonic_ms=10|clock_delta_ms=.085|c
lock_suspect=0
PMLE_LIVE_REPLAY_TIC|tic=4781|mle_ms=9.637|monotonic_ms=10|clock_delta_ms=.363|c
lock_suspect=0
PMLE_LIVE_REPLAY_TIC|tic=4782|mle_ms=10.348|monotonic_ms=10|clock_delta_ms=.348|
clock_suspect=0
PMLE_LIVE_REPLAY_TIC|tic=4783|mle_ms=9.585|monotonic_ms=10|clock_delta_ms=.415|c
lock_suspect=0
PMLE_LIVE_REPLAY_TIC|tic=4784|mle_ms=10.855|monotonic_ms=10|clock_delta_ms=.855|
clock_suspect=0
PMLE_LIVE_REPLAY_TIC|tic=4785|mle_ms=10.764|monotonic_ms=10|clock_delta_ms=.764|
clock_suspect=0
PMLE_LIVE_REPLAY_TIC|tic=4786|mle_ms=11.612|monotonic_ms=10|clock_delta_ms=1.612
|clock_suspect=0
PMLE_LIVE_REPLAY_TIC|tic=4787|mle_ms=9.498|monotonic_ms=10|clock_delta_ms=.502|c
lock_suspect=0
PMLE_LIVE_REPLAY_TIC|tic=4788|mle_ms=9.713|monotonic_ms=10|clock_delta_ms=.287|c
lock_suspect=0
PMLE_LIVE_REPLAY_TIC|tic=4789|mle_ms=9.435|monotonic_ms=10|clock_delta_ms=.565|c
lock_suspect=0
PMLE_LIVE_REPLAY_TIC|tic=4790|mle_ms=9.427|monotonic_ms=10|clock_delta_ms=.573|c
lock_suspect=0
PMLE_LIVE_REPLAY_TIC|tic=4791|mle_ms=8.958|monotonic_ms=10|clock_delta_ms=1.042|
clock_suspect=0
PMLE_LIVE_REPLAY_TIC|tic=4792|mle_ms=9.584|monotonic_ms=10|clock_delta_ms=.416|c
lock_suspect=0
PMLE_LIVE_REPLAY_TIC|tic=4793|mle_ms=9.015|monotonic_ms=10|clock_delta_ms=.985|c
lock_suspect=0
PMLE_LIVE_REPLAY_TIC|tic=4794|mle_ms=11.097|monotonic_ms=10|clock_delta_ms=1.097
|clock_suspect=0
PMLE_LIVE_REPLAY_TIC|tic=4795|mle_ms=11.24|monotonic_ms=10|clock_delta_ms=1.24|c
lock_suspect=0
PMLE_LIVE_REPLAY_TIC|tic=4796|mle_ms=10.961|monotonic_ms=10|clock_delta_ms=.961|
clock_suspect=0
PMLE_LIVE_REPLAY_TIC|tic=4797|mle_ms=9.083|monotonic_ms=10|clock_delta_ms=.917|c
lock_suspect=0
PMLE_LIVE_REPLAY_TIC|tic=4798|mle_ms=9.449|monotonic_ms=10|clock_delta_ms=.551|c
lock_suspect=0
PMLE_LIVE_REPLAY_TIC|tic=4799|mle_ms=8.919|monotonic_ms=10|clock_delta_ms=1.081|
clock_suspect=0
PMLE_LIVE_REPLAY_TIC|tic=4800|mle_ms=10.338|monotonic_ms=10|clock_delta_ms=.338|
clock_suspect=0
PMLE_LIVE_REPLAY_TIC|tic=4801|mle_ms=10.037|monotonic_ms=10|clock_delta_ms=.037|
clock_suspect=0
PMLE_LIVE_REPLAY_TIC|tic=4802|mle_ms=11.429|monotonic_ms=10|clock_delta_ms=1.429
|clock_suspect=0
PMLE_LIVE_REPLAY_TIC|tic=4803|mle_ms=10.504|monotonic_ms=10|clock_delta_ms=.504|
clock_suspect=0
PMLE_LIVE_REPLAY_TIC|tic=4804|mle_ms=11.555|monotonic_ms=10|clock_delta_ms=1.555
|clock_suspect=0
PMLE_LIVE_REPLAY_TIC|tic=4805|mle_ms=10.162|monotonic_ms=10|clock_delta_ms=.162|
clock_suspect=0
PMLE_LIVE_REPLAY_TIC|tic=4806|mle_ms=11.677|monotonic_ms=20|clock_delta_ms=8.323
|clock_suspect=0
PMLE_LIVE_REPLAY_TIC|tic=4807|mle_ms=9.39|monotonic_ms=10|clock_delta_ms=.61|clo
ck_suspect=0
PMLE_LIVE_REPLAY_TIC|tic=4808|mle_ms=9.902|monotonic_ms=10|clock_delta_ms=.098|c
lock_suspect=0
PMLE_LIVE_REPLAY_TIC|tic=4809|mle_ms=9.535|monotonic_ms=10|clock_delta_ms=.465|c
lock_suspect=0
PMLE_LIVE_REPLAY_TIC|tic=4810|mle_ms=10.885|monotonic_ms=10|clock_delta_ms=.885|
clock_suspect=0
PMLE_LIVE_REPLAY_TIC|tic=4811|mle_ms=11.036|monotonic_ms=10|clock_delta_ms=1.036
|clock_suspect=0
PMLE_LIVE_REPLAY_TIC|tic=4812|mle_ms=12.691|monotonic_ms=10|clock_delta_ms=2.691
|clock_suspect=0
PMLE_LIVE_REPLAY_TIC|tic=4813|mle_ms=12.065|monotonic_ms=10|clock_delta_ms=2.065
|clock_suspect=0
PMLE_LIVE_REPLAY_TIC|tic=4814|mle_ms=12.033|monotonic_ms=10|clock_delta_ms=2.033
|clock_suspect=0
PMLE_LIVE_REPLAY_TIC|tic=4815|mle_ms=9.844|monotonic_ms=10|clock_delta_ms=.156|c
lock_suspect=0
PMLE_LIVE_REPLAY_TIC|tic=4816|mle_ms=11.366|monotonic_ms=20|clock_delta_ms=8.634
|clock_suspect=0
PMLE_LIVE_REPLAY_TIC|tic=4817|mle_ms=9.856|monotonic_ms=10|clock_delta_ms=.144|c
lock_suspect=0
PMLE_LIVE_REPLAY_TIC|tic=4818|mle_ms=10.013|monotonic_ms=10|clock_delta_ms=.013|
clock_suspect=0
PMLE_LIVE_REPLAY_TIC|tic=4819|mle_ms=9.059|monotonic_ms=10|clock_delta_ms=.941|c
lock_suspect=0
PMLE_LIVE_REPLAY_TIC|tic=4820|mle_ms=8.681|monotonic_ms=0|clock_delta_ms=8.681|c
lock_suspect=0
PMLE_LIVE_REPLAY_TIC|tic=4821|mle_ms=9.412|monotonic_ms=10|clock_delta_ms=.588|c
lock_suspect=0
PMLE_LIVE_REPLAY_TIC|tic=4822|mle_ms=10.215|monotonic_ms=10|clock_delta_ms=.215|
clock_suspect=0
PMLE_LIVE_REPLAY_TIC|tic=4823|mle_ms=10.189|monotonic_ms=10|clock_delta_ms=.189|
clock_suspect=0
PMLE_LIVE_REPLAY_TIC|tic=4824|mle_ms=16.765|monotonic_ms=20|clock_delta_ms=3.235
|clock_suspect=0
PMLE_LIVE_REPLAY_TIC|tic=4825|mle_ms=10.642|monotonic_ms=10|clock_delta_ms=.642|
clock_suspect=0
PMLE_LIVE_REPLAY_TIC|tic=4826|mle_ms=11.401|monotonic_ms=10|clock_delta_ms=1.401
|clock_suspect=0
PMLE_LIVE_REPLAY_TIC|tic=4827|mle_ms=8.614|monotonic_ms=10|clock_delta_ms=1.386|
clock_suspect=0
PMLE_LIVE_REPLAY_TIC|tic=4828|mle_ms=9.055|monotonic_ms=10|clock_delta_ms=.945|c
lock_suspect=0
PMLE_LIVE_REPLAY_TIC|tic=4829|mle_ms=8.609|monotonic_ms=10|clock_delta_ms=1.391|
clock_suspect=0
PMLE_LIVE_REPLAY_TIC|tic=4830|mle_ms=9.56|monotonic_ms=10|clock_delta_ms=.44|clo
ck_suspect=0
PMLE_LIVE_REPLAY_TIC|tic=4831|mle_ms=9.869|monotonic_ms=10|clock_delta_ms=.131|c
lock_suspect=0
PMLE_LIVE_REPLAY_TIC|tic=4832|mle_ms=10.191|monotonic_ms=10|clock_delta_ms=.191|
clock_suspect=0
PMLE_LIVE_REPLAY_TIC|tic=4833|mle_ms=9.821|monotonic_ms=10|clock_delta_ms=.179|c
lock_suspect=0
PMLE_LIVE_REPLAY_TIC|tic=4834|mle_ms=10.928|monotonic_ms=10|clock_delta_ms=.928|
clock_suspect=0
PMLE_LIVE_REPLAY_TIC|tic=4835|mle_ms=8.887|monotonic_ms=10|clock_delta_ms=1.113|
clock_suspect=0
PMLE_LIVE_REPLAY_TIC|tic=4836|mle_ms=9.841|monotonic_ms=10|clock_delta_ms=.159|c
lock_suspect=0
PMLE_LIVE_REPLAY_TIC|tic=4837|mle_ms=8.639|monotonic_ms=10|clock_delta_ms=1.361|
clock_suspect=0
PMLE_LIVE_REPLAY_TIC|tic=4838|mle_ms=7.704|monotonic_ms=10|clock_delta_ms=2.296|
clock_suspect=0
PMLE_LIVE_REPLAY_TIC|tic=4839|mle_ms=8.51|monotonic_ms=0|clock_delta_ms=8.51|clo
ck_suspect=0
PMLE_LIVE_REPLAY_TIC|tic=4840|mle_ms=8.451|monotonic_ms=10|clock_delta_ms=1.549|
clock_suspect=0
PMLE_LIVE_REPLAY_TIC|tic=4841|mle_ms=9.612|monotonic_ms=10|clock_delta_ms=.388|c
lock_suspect=0
PMLE_LIVE_REPLAY_TIC|tic=4842|mle_ms=10.836|monotonic_ms=10|clock_delta_ms=.836|
clock_suspect=0
PMLE_LIVE_REPLAY_TIC|tic=4843|mle_ms=11.937|monotonic_ms=20|clock_delta_ms=8.063
|clock_suspect=0
PMLE_LIVE_REPLAY_TIC|tic=4844|mle_ms=11.848|monotonic_ms=10|clock_delta_ms=1.848
|clock_suspect=0
PMLE_LIVE_REPLAY_TIC|tic=4845|mle_ms=10.066|monotonic_ms=10|clock_delta_ms=.066|
clock_suspect=0
PMLE_LIVE_REPLAY_TIC|tic=4846|mle_ms=11.461|monotonic_ms=10|clock_delta_ms=1.461
|clock_suspect=0
PMLE_LIVE_REPLAY_TIC|tic=4847|mle_ms=9.581|monotonic_ms=10|clock_delta_ms=.419|c
lock_suspect=0
PMLE_LIVE_REPLAY_TIC|tic=4848|mle_ms=10.341|monotonic_ms=10|clock_delta_ms=.341|
clock_suspect=0
PMLE_LIVE_REPLAY_TIC|tic=4849|mle_ms=10.167|monotonic_ms=10|clock_delta_ms=.167|
clock_suspect=0
PMLE_LIVE_REPLAY_TIC|tic=4850|mle_ms=9.291|monotonic_ms=10|clock_delta_ms=.709|c
lock_suspect=0
PMLE_LIVE_REPLAY_TIC|tic=4851|mle_ms=9.234|monotonic_ms=10|clock_delta_ms=.766|c
lock_suspect=0
PMLE_LIVE_REPLAY_TIC|tic=4852|mle_ms=10.946|monotonic_ms=10|clock_delta_ms=.946|
clock_suspect=0
PMLE_LIVE_REPLAY_TIC|tic=4853|mle_ms=10.721|monotonic_ms=10|clock_delta_ms=.721|
clock_suspect=0
PMLE_LIVE_REPLAY_TIC|tic=4854|mle_ms=11.791|monotonic_ms=10|clock_delta_ms=1.791
|clock_suspect=0
PMLE_LIVE_REPLAY_TIC|tic=4855|mle_ms=10.756|monotonic_ms=10|clock_delta_ms=.756|
clock_suspect=0
PMLE_LIVE_REPLAY_TIC|tic=4856|mle_ms=10.267|monotonic_ms=10|clock_delta_ms=.267|
clock_suspect=0
PMLE_LIVE_REPLAY_TIC|tic=4857|mle_ms=8.455|monotonic_ms=10|clock_delta_ms=1.545|
clock_suspect=0
PMLE_LIVE_REPLAY_TIC|tic=4858|mle_ms=9.373|monotonic_ms=10|clock_delta_ms=.627|c
lock_suspect=0
PMLE_LIVE_REPLAY_TIC|tic=4859|mle_ms=9.908|monotonic_ms=10|clock_delta_ms=.092|c
lock_suspect=0
PMLE_LIVE_REPLAY_TIC|tic=4860|mle_ms=11.639|monotonic_ms=10|clock_delta_ms=1.639
|clock_suspect=0
PMLE_LIVE_REPLAY_TIC|tic=4861|mle_ms=10.842|monotonic_ms=10|clock_delta_ms=.842|
clock_suspect=0
PMLE_LIVE_REPLAY_TIC|tic=4862|mle_ms=12.077|monotonic_ms=20|clock_delta_ms=7.923
|clock_suspect=0
PMLE_LIVE_REPLAY_TIC|tic=4863|mle_ms=11.963|monotonic_ms=10|clock_delta_ms=1.963
|clock_suspect=0
PMLE_LIVE_REPLAY_TIC|tic=4864|mle_ms=11.963|monotonic_ms=10|clock_delta_ms=1.963
|clock_suspect=0
PMLE_LIVE_REPLAY_TIC|tic=4865|mle_ms=10.449|monotonic_ms=10|clock_delta_ms=.449|
clock_suspect=0
PMLE_LIVE_REPLAY_TIC|tic=4866|mle_ms=12.031|monotonic_ms=10|clock_delta_ms=2.031
|clock_suspect=0
PMLE_LIVE_REPLAY_TIC|tic=4867|mle_ms=9.658|monotonic_ms=10|clock_delta_ms=.342|c
lock_suspect=0
PMLE_LIVE_REPLAY_TIC|tic=4868|mle_ms=9.263|monotonic_ms=10|clock_delta_ms=.737|c
lock_suspect=0
PMLE_LIVE_REPLAY_TIC|tic=4869|mle_ms=7.805|monotonic_ms=10|clock_delta_ms=2.195|
clock_suspect=0
PMLE_LIVE_REPLAY_TIC|tic=4870|mle_ms=8.38|monotonic_ms=10|clock_delta_ms=1.62|cl
ock_suspect=0
PMLE_LIVE_REPLAY_TIC|tic=4871|mle_ms=10.297|monotonic_ms=10|clock_delta_ms=.297|
clock_suspect=0
PMLE_LIVE_REPLAY_TIC|tic=4872|mle_ms=11.127|monotonic_ms=10|clock_delta_ms=1.127
|clock_suspect=0
PMLE_LIVE_REPLAY_TIC|tic=4873|mle_ms=11.035|monotonic_ms=10|clock_delta_ms=1.035
|clock_suspect=0
PMLE_LIVE_REPLAY_TIC|tic=4874|mle_ms=11.699|monotonic_ms=10|clock_delta_ms=1.699
|clock_suspect=0
PMLE_LIVE_REPLAY_TIC|tic=4875|mle_ms=9.405|monotonic_ms=10|clock_delta_ms=.595|c
lock_suspect=0
PMLE_LIVE_REPLAY_TIC|tic=4876|mle_ms=11.912|monotonic_ms=10|clock_delta_ms=1.912
|clock_suspect=0
PMLE_LIVE_REPLAY_TIC|tic=4877|mle_ms=8.932|monotonic_ms=10|clock_delta_ms=1.068|
clock_suspect=0
PMLE_LIVE_REPLAY_TIC|tic=4878|mle_ms=9.687|monotonic_ms=10|clock_delta_ms=.313|c
lock_suspect=0
PMLE_LIVE_REPLAY_TIC|tic=4879|mle_ms=8.34|monotonic_ms=10|clock_delta_ms=1.66|cl
ock_suspect=0
PMLE_LIVE_REPLAY_TIC|tic=4880|mle_ms=8.304|monotonic_ms=10|clock_delta_ms=1.696|
clock_suspect=0
PMLE_LIVE_REPLAY_TIC|tic=4881|mle_ms=8.916|monotonic_ms=10|clock_delta_ms=1.084|
clock_suspect=0
PMLE_LIVE_REPLAY_TIC|tic=4882|mle_ms=10.269|monotonic_ms=10|clock_delta_ms=.269|
clock_suspect=0
PMLE_LIVE_REPLAY_TIC|tic=4883|mle_ms=10.077|monotonic_ms=10|clock_delta_ms=.077|
clock_suspect=0
PMLE_LIVE_REPLAY_TIC|tic=4884|mle_ms=10.172|monotonic_ms=10|clock_delta_ms=.172|
clock_suspect=0
PMLE_LIVE_REPLAY_TIC|tic=4885|mle_ms=9.237|monotonic_ms=10|clock_delta_ms=.763|c
lock_suspect=0
PMLE_LIVE_REPLAY_TIC|tic=4886|mle_ms=10.13|monotonic_ms=10|clock_delta_ms=.13|cl
ock_suspect=0
PMLE_LIVE_REPLAY_TIC|tic=4887|mle_ms=8.771|monotonic_ms=10|clock_delta_ms=1.229|
clock_suspect=0
PMLE_LIVE_REPLAY_TIC|tic=4888|mle_ms=9.642|monotonic_ms=10|clock_delta_ms=.358|c
lock_suspect=0
PMLE_LIVE_REPLAY_TIC|tic=4889|mle_ms=9.263|monotonic_ms=10|clock_delta_ms=.737|c
lock_suspect=0
PMLE_LIVE_REPLAY_TIC|tic=4890|mle_ms=10.423|monotonic_ms=10|clock_delta_ms=.423|
clock_suspect=0
PMLE_LIVE_REPLAY_TIC|tic=4891|mle_ms=10.56|monotonic_ms=10|clock_delta_ms=.56|cl
ock_suspect=0
PMLE_LIVE_REPLAY_TIC|tic=4892|mle_ms=12.019|monotonic_ms=10|clock_delta_ms=2.019
|clock_suspect=0
PMLE_LIVE_REPLAY_TIC|tic=4893|mle_ms=10.382|monotonic_ms=10|clock_delta_ms=.382|
clock_suspect=0
PMLE_LIVE_REPLAY_TIC|tic=4894|mle_ms=11.501|monotonic_ms=10|clock_delta_ms=1.501
|clock_suspect=0
PMLE_LIVE_REPLAY_TIC|tic=4895|mle_ms=10.26|monotonic_ms=10|clock_delta_ms=.26|cl
ock_suspect=0
PMLE_LIVE_REPLAY_TIC|tic=4896|mle_ms=11.502|monotonic_ms=10|clock_delta_ms=1.502
|clock_suspect=0
PMLE_LIVE_REPLAY_TIC|tic=4897|mle_ms=9.565|monotonic_ms=10|clock_delta_ms=.435|c
lock_suspect=0
PMLE_LIVE_REPLAY_TIC|tic=4898|mle_ms=9.34|monotonic_ms=10|clock_delta_ms=.66|clo
ck_suspect=0
PMLE_LIVE_REPLAY_TIC|tic=4899|mle_ms=7.682|monotonic_ms=10|clock_delta_ms=2.318|
clock_suspect=0
PMLE_LIVE_REPLAY_TIC|tic=4900|mle_ms=8.465|monotonic_ms=10|clock_delta_ms=1.535|
clock_suspect=0
PMLE_LIVE_REPLAY_TIC|tic=4901|mle_ms=9.49|monotonic_ms=10|clock_delta_ms=.51|clo
ck_suspect=0
PMLE_LIVE_REPLAY_TIC|tic=4902|mle_ms=10.615|monotonic_ms=10|clock_delta_ms=.615|
clock_suspect=0
PMLE_LIVE_REPLAY_TIC|tic=4903|mle_ms=10.399|monotonic_ms=10|clock_delta_ms=.399|
clock_suspect=0
PMLE_LIVE_REPLAY_TIC|tic=4904|mle_ms=11.347|monotonic_ms=10|clock_delta_ms=1.347
|clock_suspect=0
PMLE_LIVE_REPLAY_TIC|tic=4905|mle_ms=10.674|monotonic_ms=10|clock_delta_ms=.674|
clock_suspect=0
PMLE_LIVE_REPLAY_TIC|tic=4906|mle_ms=12.536|monotonic_ms=20|clock_delta_ms=7.464
|clock_suspect=0
PMLE_LIVE_REPLAY_TIC|tic=4907|mle_ms=16.02|monotonic_ms=10|clock_delta_ms=6.02|c
lock_suspect=0
PMLE_LIVE_REPLAY_TIC|tic=4908|mle_ms=12.07|monotonic_ms=10|clock_delta_ms=2.07|c
lock_suspect=0
PMLE_LIVE_REPLAY_TIC|tic=4909|mle_ms=11.571|monotonic_ms=20|clock_delta_ms=8.429
|clock_suspect=0
PMLE_LIVE_REPLAY_TIC|tic=4910|mle_ms=10.543|monotonic_ms=10|clock_delta_ms=.543|
clock_suspect=0
PMLE_LIVE_REPLAY_TIC|tic=4911|mle_ms=9.505|monotonic_ms=10|clock_delta_ms=.495|c
lock_suspect=0
PMLE_LIVE_REPLAY_TIC|tic=4912|mle_ms=10.847|monotonic_ms=10|clock_delta_ms=.847|
clock_suspect=0
PMLE_LIVE_REPLAY_TIC|tic=4913|mle_ms=10.666|monotonic_ms=10|clock_delta_ms=.666|
clock_suspect=0
PMLE_LIVE_REPLAY_TIC|tic=4914|mle_ms=12.827|monotonic_ms=10|clock_delta_ms=2.827
|clock_suspect=0
PMLE_LIVE_REPLAY_TIC|tic=4915|mle_ms=11.304|monotonic_ms=10|clock_delta_ms=1.304
|clock_suspect=0
PMLE_LIVE_REPLAY_TIC|tic=4916|mle_ms=11.451|monotonic_ms=10|clock_delta_ms=1.451
|clock_suspect=0
PMLE_LIVE_REPLAY_TIC|tic=4917|mle_ms=8.7|monotonic_ms=10|clock_delta_ms=1.3|cloc
k_suspect=0
PMLE_LIVE_REPLAY_TIC|tic=4918|mle_ms=9.06|monotonic_ms=10|clock_delta_ms=.94|clo
ck_suspect=0
PMLE_LIVE_REPLAY_TIC|tic=4919|mle_ms=8.222|monotonic_ms=10|clock_delta_ms=1.778|
clock_suspect=0
PMLE_LIVE_REPLAY_TIC|tic=4920|mle_ms=8.525|monotonic_ms=10|clock_delta_ms=1.475|
clock_suspect=0
PMLE_LIVE_REPLAY_TIC|tic=4921|mle_ms=8.259|monotonic_ms=10|clock_delta_ms=1.741|
clock_suspect=0
PMLE_LIVE_REPLAY_TIC|tic=4922|mle_ms=8.638|monotonic_ms=10|clock_delta_ms=1.362|
clock_suspect=0
PMLE_LIVE_REPLAY_TIC|tic=4923|mle_ms=8.756|monotonic_ms=0|clock_delta_ms=8.756|c
lock_suspect=0
PMLE_LIVE_REPLAY_TIC|tic=4924|mle_ms=10.934|monotonic_ms=20|clock_delta_ms=9.066
|clock_suspect=0
PMLE_LIVE_REPLAY_TIC|tic=4925|mle_ms=10.83|monotonic_ms=10|clock_delta_ms=.83|cl
ock_suspect=0
PMLE_LIVE_REPLAY_TIC|tic=4926|mle_ms=11.83|monotonic_ms=10|clock_delta_ms=1.83|c
lock_suspect=0
PMLE_LIVE_REPLAY_TIC|tic=4927|mle_ms=9.648|monotonic_ms=10|clock_delta_ms=.352|c
lock_suspect=0
PMLE_LIVE_REPLAY_TIC|tic=4928|mle_ms=9.367|monotonic_ms=10|clock_delta_ms=.633|c
lock_suspect=0
PMLE_LIVE_REPLAY_TIC|tic=4929|mle_ms=9.475|monotonic_ms=10|clock_delta_ms=.525|c
lock_suspect=0
PMLE_LIVE_REPLAY_TIC|tic=4930|mle_ms=9.726|monotonic_ms=10|clock_delta_ms=.274|c
lock_suspect=0
PMLE_LIVE_REPLAY_TIC|tic=4931|mle_ms=9.372|monotonic_ms=10|clock_delta_ms=.628|c
lock_suspect=0
PMLE_LIVE_REPLAY_TIC|tic=4932|mle_ms=9.637|monotonic_ms=10|clock_delta_ms=.363|c
lock_suspect=0
PMLE_LIVE_REPLAY_TIC|tic=4933|mle_ms=9.841|monotonic_ms=10|clock_delta_ms=.159|c
lock_suspect=0
PMLE_LIVE_REPLAY_TIC|tic=4934|mle_ms=12.361|monotonic_ms=10|clock_delta_ms=2.361
|clock_suspect=0
PMLE_LIVE_REPLAY_TIC|tic=4935|mle_ms=10.132|monotonic_ms=10|clock_delta_ms=.132|
clock_suspect=0
PMLE_LIVE_REPLAY_TIC|tic=4936|mle_ms=11.935|monotonic_ms=10|clock_delta_ms=1.935
|clock_suspect=0
PMLE_LIVE_REPLAY_TIC|tic=4937|mle_ms=9.732|monotonic_ms=10|clock_delta_ms=.268|c
lock_suspect=0
PMLE_LIVE_REPLAY_TIC|tic=4938|mle_ms=10.592|monotonic_ms=10|clock_delta_ms=.592|
clock_suspect=0
PMLE_LIVE_REPLAY_TIC|tic=4939|mle_ms=9.851|monotonic_ms=10|clock_delta_ms=.149|c
lock_suspect=0
PMLE_LIVE_REPLAY_TIC|tic=4940|mle_ms=9.382|monotonic_ms=10|clock_delta_ms=.618|c
lock_suspect=0
PMLE_LIVE_REPLAY_TIC|tic=4941|mle_ms=8.6|monotonic_ms=10|clock_delta_ms=1.4|cloc
k_suspect=0
PMLE_LIVE_REPLAY_TIC|tic=4942|mle_ms=8.522|monotonic_ms=10|clock_delta_ms=1.478|
clock_suspect=0
PMLE_LIVE_REPLAY_TIC|tic=4943|mle_ms=8.42|monotonic_ms=10|clock_delta_ms=1.58|cl
ock_suspect=0
PMLE_LIVE_REPLAY_TIC|tic=4944|mle_ms=11.481|monotonic_ms=10|clock_delta_ms=1.481
|clock_suspect=0
PMLE_LIVE_REPLAY_TIC|tic=4945|mle_ms=10.149|monotonic_ms=10|clock_delta_ms=.149|
clock_suspect=0
PMLE_LIVE_REPLAY_TIC|tic=4946|mle_ms=10.668|monotonic_ms=10|clock_delta_ms=.668|
clock_suspect=0
PMLE_LIVE_REPLAY_TIC|tic=4947|mle_ms=8.343|monotonic_ms=10|clock_delta_ms=1.657|
clock_suspect=0
PMLE_LIVE_REPLAY_TIC|tic=4948|mle_ms=9.214|monotonic_ms=10|clock_delta_ms=.786|c
lock_suspect=0
PMLE_LIVE_REPLAY_TIC|tic=4949|mle_ms=9.147|monotonic_ms=10|clock_delta_ms=.853|c
lock_suspect=0
PMLE_LIVE_REPLAY_TIC|tic=4950|mle_ms=10.058|monotonic_ms=10|clock_delta_ms=.058|
clock_suspect=0
PMLE_LIVE_REPLAY_TIC|tic=4951|mle_ms=9.649|monotonic_ms=10|clock_delta_ms=.351|c
lock_suspect=0
PMLE_LIVE_REPLAY_TIC|tic=4952|mle_ms=8.727|monotonic_ms=0|clock_delta_ms=8.727|c
lock_suspect=0
PMLE_LIVE_REPLAY_TIC|tic=4953|mle_ms=8.312|monotonic_ms=10|clock_delta_ms=1.688|
clock_suspect=0
PMLE_LIVE_REPLAY_TIC|tic=4954|mle_ms=11.629|monotonic_ms=10|clock_delta_ms=1.629
|clock_suspect=0
PMLE_LIVE_REPLAY_TIC|tic=4955|mle_ms=11.153|monotonic_ms=20|clock_delta_ms=8.847
|clock_suspect=0
PMLE_LIVE_REPLAY_TIC|tic=4956|mle_ms=12.146|monotonic_ms=10|clock_delta_ms=2.146
|clock_suspect=0
PMLE_LIVE_REPLAY_TIC|tic=4957|mle_ms=10.176|monotonic_ms=10|clock_delta_ms=.176|
clock_suspect=0
PMLE_LIVE_REPLAY_TIC|tic=4958|mle_ms=9.211|monotonic_ms=10|clock_delta_ms=.789|c
lock_suspect=0
PMLE_LIVE_REPLAY_TIC|tic=4959|mle_ms=8.98|monotonic_ms=10|clock_delta_ms=1.02|cl
ock_suspect=0
PMLE_LIVE_REPLAY_TIC|tic=4960|mle_ms=9.832|monotonic_ms=10|clock_delta_ms=.168|c
lock_suspect=0
PMLE_LIVE_REPLAY_TIC|tic=4961|mle_ms=9.146|monotonic_ms=10|clock_delta_ms=.854|c
lock_suspect=0
PMLE_LIVE_REPLAY_TIC|tic=4962|mle_ms=9.04|monotonic_ms=0|clock_delta_ms=9.04|clo
ck_suspect=0
PMLE_LIVE_REPLAY_TIC|tic=4963|mle_ms=8.609|monotonic_ms=10|clock_delta_ms=1.391|
clock_suspect=0
PMLE_LIVE_REPLAY_TIC|tic=4964|mle_ms=9.82|monotonic_ms=10|clock_delta_ms=.18|clo
ck_suspect=0
PMLE_LIVE_REPLAY_TIC|tic=4965|mle_ms=8.346|monotonic_ms=10|clock_delta_ms=1.654|
clock_suspect=0
PMLE_LIVE_REPLAY_TIC|tic=4966|mle_ms=10.55|monotonic_ms=10|clock_delta_ms=.55|cl
ock_suspect=0
PMLE_LIVE_REPLAY_TIC|tic=4967|mle_ms=9.454|monotonic_ms=10|clock_delta_ms=.546|c
lock_suspect=0
PMLE_LIVE_REPLAY_TIC|tic=4968|mle_ms=10.819|monotonic_ms=10|clock_delta_ms=.819|
clock_suspect=0
PMLE_LIVE_REPLAY_TIC|tic=4969|mle_ms=10.409|monotonic_ms=10|clock_delta_ms=.409|
clock_suspect=0
PMLE_LIVE_REPLAY_TIC|tic=4970|mle_ms=9.938|monotonic_ms=10|clock_delta_ms=.062|c
lock_suspect=0
PMLE_LIVE_REPLAY_TIC|tic=4971|mle_ms=9.315|monotonic_ms=10|clock_delta_ms=.685|c
lock_suspect=0
PMLE_LIVE_REPLAY_TIC|tic=4972|mle_ms=9.923|monotonic_ms=10|clock_delta_ms=.077|c
lock_suspect=0
PMLE_LIVE_REPLAY_TIC|tic=4973|mle_ms=9.42|monotonic_ms=10|clock_delta_ms=.58|clo
ck_suspect=0
PMLE_LIVE_REPLAY_TIC|tic=4974|mle_ms=11.393|monotonic_ms=10|clock_delta_ms=1.393
|clock_suspect=0
PMLE_LIVE_REPLAY_TIC|tic=4975|mle_ms=10.711|monotonic_ms=10|clock_delta_ms=.711|
clock_suspect=0
PMLE_LIVE_REPLAY_TIC|tic=4976|mle_ms=11.802|monotonic_ms=20|clock_delta_ms=8.198
|clock_suspect=0
PMLE_LIVE_REPLAY_TIC|tic=4977|mle_ms=9.203|monotonic_ms=10|clock_delta_ms=.797|c
lock_suspect=0
PMLE_LIVE_REPLAY_TIC|tic=4978|mle_ms=9.865|monotonic_ms=10|clock_delta_ms=.135|c
lock_suspect=0
PMLE_LIVE_REPLAY_TIC|tic=4979|mle_ms=9.896|monotonic_ms=10|clock_delta_ms=.104|c
lock_suspect=0
PMLE_LIVE_REPLAY_TIC|tic=4980|mle_ms=10.198|monotonic_ms=10|clock_delta_ms=.198|
clock_suspect=0
PMLE_LIVE_REPLAY_TIC|tic=4981|mle_ms=10.278|monotonic_ms=10|clock_delta_ms=.278|
clock_suspect=0
PMLE_LIVE_REPLAY_TIC|tic=4982|mle_ms=9.395|monotonic_ms=10|clock_delta_ms=.605|c
lock_suspect=0
PMLE_LIVE_REPLAY_TIC|tic=4983|mle_ms=8.134|monotonic_ms=0|clock_delta_ms=8.134|c
lock_suspect=0
PMLE_LIVE_REPLAY_TIC|tic=4984|mle_ms=10.456|monotonic_ms=10|clock_delta_ms=.456|
clock_suspect=0
PMLE_LIVE_REPLAY_TIC|tic=4985|mle_ms=9.761|monotonic_ms=10|clock_delta_ms=.239|c
lock_suspect=0
PMLE_LIVE_REPLAY_TIC|tic=4986|mle_ms=12.368|monotonic_ms=20|clock_delta_ms=7.632
|clock_suspect=0
PMLE_LIVE_REPLAY_TIC|tic=4987|mle_ms=9.242|monotonic_ms=10|clock_delta_ms=.758|c
lock_suspect=0
PMLE_LIVE_REPLAY_TIC|tic=4988|mle_ms=9.948|monotonic_ms=10|clock_delta_ms=.052|c
lock_suspect=0
PMLE_LIVE_REPLAY_TIC|tic=4989|mle_ms=13.725|monotonic_ms=10|clock_delta_ms=3.725
|clock_suspect=0
PMLE_LIVE_REPLAY_TIC|tic=4990|mle_ms=10.052|monotonic_ms=10|clock_delta_ms=.052|
clock_suspect=0
PMLE_LIVE_REPLAY_TIC|tic=4991|mle_ms=9.495|monotonic_ms=10|clock_delta_ms=.505|c
lock_suspect=0
PMLE_LIVE_REPLAY_TIC|tic=4992|mle_ms=10.258|monotonic_ms=10|clock_delta_ms=.258|
clock_suspect=0
PMLE_LIVE_REPLAY_TIC|tic=4993|mle_ms=11.032|monotonic_ms=10|clock_delta_ms=1.032
|clock_suspect=0
PMLE_LIVE_REPLAY_TIC|tic=4994|mle_ms=11.584|monotonic_ms=10|clock_delta_ms=1.584
|clock_suspect=0
PMLE_LIVE_REPLAY_TIC|tic=4995|mle_ms=10.983|monotonic_ms=10|clock_delta_ms=.983|
clock_suspect=0
PMLE_LIVE_REPLAY_TIC|tic=4996|mle_ms=12.112|monotonic_ms=20|clock_delta_ms=7.888
|clock_suspect=0
PMLE_LIVE_REPLAY_TIC|tic=4997|mle_ms=9.782|monotonic_ms=10|clock_delta_ms=.218|c
lock_suspect=0
PMLE_LIVE_REPLAY_TIC|tic=4998|mle_ms=10.201|monotonic_ms=10|clock_delta_ms=.201|
clock_suspect=0
PMLE_LIVE_REPLAY_TIC|tic=4999|mle_ms=9.589|monotonic_ms=10|clock_delta_ms=.411|c
lock_suspect=0
PMLE_LIVE_REPLAY_TIC|tic=5000|mle_ms=9.29|monotonic_ms=10|clock_delta_ms=.71|clo
ck_suspect=0
PMLE_LIVE_REPLAY_TIC|tic=5001|mle_ms=9.194|monotonic_ms=10|clock_delta_ms=.806|c
lock_suspect=0
PMLE_LIVE_REPLAY_TIC|tic=5002|mle_ms=11.679|monotonic_ms=20|clock_delta_ms=8.321
|clock_suspect=0
PMLE_LIVE_REPLAY_TIC|tic=5003|mle_ms=12.17|monotonic_ms=10|clock_delta_ms=2.17|c
lock_suspect=0
PMLE_LIVE_REPLAY_TIC|tic=5004|mle_ms=13.276|monotonic_ms=10|clock_delta_ms=3.276
|clock_suspect=0
PMLE_LIVE_REPLAY_TIC|tic=5005|mle_ms=11.053|monotonic_ms=10|clock_delta_ms=1.053
|clock_suspect=0
PMLE_LIVE_REPLAY_TIC|tic=5006|mle_ms=11.6|monotonic_ms=10|clock_delta_ms=1.6|clo
ck_suspect=0
PMLE_LIVE_REPLAY_TIC|tic=5007|mle_ms=8.728|monotonic_ms=10|clock_delta_ms=1.272|
clock_suspect=0
PMLE_LIVE_REPLAY_TIC|tic=5008|mle_ms=9.995|monotonic_ms=10|clock_delta_ms=.005|c
lock_suspect=0
PMLE_LIVE_REPLAY_TIC|tic=5009|mle_ms=9.764|monotonic_ms=10|clock_delta_ms=.236|c
lock_suspect=0
PMLE_LIVE_REPLAY_TIC|tic=5010|mle_ms=9.624|monotonic_ms=10|clock_delta_ms=.376|c
lock_suspect=0
PMLE_LIVE_REPLAY_TIC|tic=5011|mle_ms=8.948|monotonic_ms=10|clock_delta_ms=1.052|
clock_suspect=0
PMLE_LIVE_REPLAY_TIC|tic=5012|mle_ms=11.034|monotonic_ms=10|clock_delta_ms=1.034
|clock_suspect=0
PMLE_LIVE_REPLAY_TIC|tic=5013|mle_ms=10.583|monotonic_ms=10|clock_delta_ms=.583|
clock_suspect=0
PMLE_LIVE_REPLAY_TIC|tic=5014|mle_ms=11.219|monotonic_ms=10|clock_delta_ms=1.219
|clock_suspect=0
PMLE_LIVE_REPLAY_TIC|tic=5015|mle_ms=10.149|monotonic_ms=10|clock_delta_ms=.149|
clock_suspect=0
PMLE_LIVE_REPLAY_TIC|tic=5016|mle_ms=11.272|monotonic_ms=20|clock_delta_ms=8.728
|clock_suspect=0
PMLE_LIVE_REPLAY_TIC|tic=5017|mle_ms=9.43|monotonic_ms=10|clock_delta_ms=.57|clo
ck_suspect=0
PMLE_LIVE_REPLAY_TIC|tic=5018|mle_ms=9.505|monotonic_ms=10|clock_delta_ms=.495|c
lock_suspect=0
PMLE_LIVE_REPLAY_TIC|tic=5019|mle_ms=8.922|monotonic_ms=0|clock_delta_ms=8.922|c
lock_suspect=0
PMLE_LIVE_REPLAY_TIC|tic=5020|mle_ms=8.163|monotonic_ms=10|clock_delta_ms=1.837|
clock_suspect=0
PMLE_LIVE_REPLAY_TIC|tic=5021|mle_ms=8.187|monotonic_ms=10|clock_delta_ms=1.813|
clock_suspect=0
PMLE_LIVE_REPLAY_TIC|tic=5022|mle_ms=10.213|monotonic_ms=10|clock_delta_ms=.213|
clock_suspect=0
PMLE_LIVE_REPLAY_TIC|tic=5023|mle_ms=10.675|monotonic_ms=10|clock_delta_ms=.675|
clock_suspect=0
PMLE_LIVE_REPLAY_TIC|tic=5024|mle_ms=11.207|monotonic_ms=10|clock_delta_ms=1.207
|clock_suspect=0
PMLE_LIVE_REPLAY_TIC|tic=5025|mle_ms=9.795|monotonic_ms=10|clock_delta_ms=.205|c
lock_suspect=0
PMLE_LIVE_REPLAY_TIC|tic=5026|mle_ms=10.37|monotonic_ms=10|clock_delta_ms=.37|cl
ock_suspect=0
PMLE_LIVE_REPLAY_TIC|tic=5027|mle_ms=8.044|monotonic_ms=10|clock_delta_ms=1.956|
clock_suspect=0
PMLE_LIVE_REPLAY_TIC|tic=5028|mle_ms=8.835|monotonic_ms=10|clock_delta_ms=1.165|
clock_suspect=0
PMLE_LIVE_REPLAY_TIC|tic=5029|mle_ms=9.661|monotonic_ms=10|clock_delta_ms=.339|c
lock_suspect=0
PMLE_LIVE_REPLAY_TIC|tic=5030|mle_ms=8.351|monotonic_ms=10|clock_delta_ms=1.649|
clock_suspect=0
PMLE_LIVE_REPLAY_TIC|tic=5031|mle_ms=7.426|monotonic_ms=10|clock_delta_ms=2.574|
clock_suspect=0
PMLE_LIVE_REPLAY_TIC|tic=5032|mle_ms=9.594|monotonic_ms=10|clock_delta_ms=.406|c
lock_suspect=0
PMLE_LIVE_REPLAY_TIC|tic=5033|mle_ms=10.192|monotonic_ms=10|clock_delta_ms=.192|
clock_suspect=0
PMLE_LIVE_REPLAY_TIC|tic=5034|mle_ms=11.81|monotonic_ms=10|clock_delta_ms=1.81|c
lock_suspect=0
PMLE_LIVE_REPLAY_TIC|tic=5035|mle_ms=10.471|monotonic_ms=10|clock_delta_ms=.471|
clock_suspect=0
PMLE_LIVE_REPLAY_TIC|tic=5036|mle_ms=11.284|monotonic_ms=10|clock_delta_ms=1.284
|clock_suspect=0
PMLE_LIVE_REPLAY_TIC|tic=5037|mle_ms=9.02|monotonic_ms=10|clock_delta_ms=.98|clo
ck_suspect=0
PMLE_LIVE_REPLAY_TIC|tic=5038|mle_ms=9.776|monotonic_ms=10|clock_delta_ms=.224|c
lock_suspect=0
PMLE_LIVE_REPLAY_TIC|tic=5039|mle_ms=9.992|monotonic_ms=10|clock_delta_ms=.008|c
lock_suspect=0
PMLE_LIVE_REPLAY_TIC|tic=5040|mle_ms=10.083|monotonic_ms=10|clock_delta_ms=.083|
clock_suspect=0
PMLE_LIVE_REPLAY_TIC|tic=5041|mle_ms=9.854|monotonic_ms=10|clock_delta_ms=.146|c
lock_suspect=0
PMLE_LIVE_REPLAY_TIC|tic=5042|mle_ms=9.706|monotonic_ms=10|clock_delta_ms=.294|c
lock_suspect=0
PMLE_LIVE_REPLAY_TIC|tic=5043|mle_ms=10.473|monotonic_ms=10|clock_delta_ms=.473|
clock_suspect=0
PMLE_LIVE_REPLAY_TIC|tic=5044|mle_ms=12.097|monotonic_ms=10|clock_delta_ms=2.097
|clock_suspect=0
PMLE_LIVE_REPLAY_TIC|tic=5045|mle_ms=10.046|monotonic_ms=10|clock_delta_ms=.046|
clock_suspect=0
PMLE_LIVE_REPLAY_TIC|tic=5046|mle_ms=11.894|monotonic_ms=10|clock_delta_ms=1.894
|clock_suspect=0
PMLE_LIVE_REPLAY_TIC|tic=5047|mle_ms=9.84|monotonic_ms=10|clock_delta_ms=.16|clo
ck_suspect=0
PMLE_LIVE_REPLAY_TIC|tic=5048|mle_ms=9.63|monotonic_ms=10|clock_delta_ms=.37|clo
ck_suspect=0
PMLE_LIVE_REPLAY_TIC|tic=5049|mle_ms=9.622|monotonic_ms=10|clock_delta_ms=.378|c
lock_suspect=0
PMLE_LIVE_REPLAY_TIC|tic=5050|mle_ms=9.941|monotonic_ms=10|clock_delta_ms=.059|c
lock_suspect=0
PMLE_LIVE_REPLAY_TIC|tic=5051|mle_ms=9.608|monotonic_ms=10|clock_delta_ms=.392|c
lock_suspect=0
PMLE_LIVE_REPLAY_TIC|tic=5052|mle_ms=11.826|monotonic_ms=10|clock_delta_ms=1.826
|clock_suspect=0
PMLE_LIVE_REPLAY_TIC|tic=5053|mle_ms=11.169|monotonic_ms=20|clock_delta_ms=8.831
|clock_suspect=0
PMLE_LIVE_REPLAY_TIC|tic=5054|mle_ms=12.221|monotonic_ms=10|clock_delta_ms=2.221
|clock_suspect=0
PMLE_LIVE_REPLAY_TIC|tic=5055|mle_ms=10.569|monotonic_ms=10|clock_delta_ms=.569|
clock_suspect=0
PMLE_LIVE_REPLAY_TIC|tic=5056|mle_ms=11.836|monotonic_ms=10|clock_delta_ms=1.836
|clock_suspect=0
PMLE_LIVE_REPLAY_TIC|tic=5057|mle_ms=9.318|monotonic_ms=10|clock_delta_ms=.682|c
lock_suspect=0
PMLE_LIVE_REPLAY_TIC|tic=5058|mle_ms=10.678|monotonic_ms=10|clock_delta_ms=.678|
clock_suspect=0
PMLE_LIVE_REPLAY_TIC|tic=5059|mle_ms=9.852|monotonic_ms=10|clock_delta_ms=.148|c
lock_suspect=0
PMLE_LIVE_REPLAY_TIC|tic=5060|mle_ms=8.917|monotonic_ms=10|clock_delta_ms=1.083|
clock_suspect=0
PMLE_LIVE_REPLAY_TIC|tic=5061|mle_ms=7.582|monotonic_ms=10|clock_delta_ms=2.418|
clock_suspect=0
PMLE_LIVE_REPLAY_TIC|tic=5062|mle_ms=9.166|monotonic_ms=10|clock_delta_ms=.834|c
lock_suspect=0
PMLE_LIVE_REPLAY_TIC|tic=5063|mle_ms=9.683|monotonic_ms=10|clock_delta_ms=.317|c
lock_suspect=0
PMLE_LIVE_REPLAY_TIC|tic=5064|mle_ms=12.813|monotonic_ms=10|clock_delta_ms=2.813
|clock_suspect=0
PMLE_LIVE_REPLAY_TIC|tic=5065|mle_ms=10.723|monotonic_ms=10|clock_delta_ms=.723|
clock_suspect=0
PMLE_LIVE_REPLAY_TIC|tic=5066|mle_ms=11.507|monotonic_ms=10|clock_delta_ms=1.507
|clock_suspect=0
PMLE_LIVE_REPLAY_TIC|tic=5067|mle_ms=9.211|monotonic_ms=10|clock_delta_ms=.789|c
lock_suspect=0
PMLE_LIVE_REPLAY_TIC|tic=5068|mle_ms=10.102|monotonic_ms=10|clock_delta_ms=.102|
clock_suspect=0
PMLE_LIVE_REPLAY_TIC|tic=5069|mle_ms=9.39|monotonic_ms=10|clock_delta_ms=.61|clo
ck_suspect=0
PMLE_LIVE_REPLAY_TIC|tic=5070|mle_ms=14.621|monotonic_ms=20|clock_delta_ms=5.379
|clock_suspect=0
PMLE_LIVE_REPLAY_TIC|tic=5071|mle_ms=10.679|monotonic_ms=10|clock_delta_ms=.679|
clock_suspect=0
PMLE_LIVE_REPLAY_TIC|tic=5072|mle_ms=11.11|monotonic_ms=10|clock_delta_ms=1.11|c
lock_suspect=0
PMLE_LIVE_REPLAY_TIC|tic=5073|mle_ms=10.102|monotonic_ms=10|clock_delta_ms=.102|
clock_suspect=0
PMLE_LIVE_REPLAY_TIC|tic=5074|mle_ms=11.43|monotonic_ms=10|clock_delta_ms=1.43|c
lock_suspect=0
PMLE_LIVE_REPLAY_TIC|tic=5075|mle_ms=10.089|monotonic_ms=10|clock_delta_ms=.089|
clock_suspect=0
PMLE_LIVE_REPLAY_TIC|tic=5076|mle_ms=11.538|monotonic_ms=10|clock_delta_ms=1.538
|clock_suspect=0
PMLE_LIVE_REPLAY_TIC|tic=5077|mle_ms=9.377|monotonic_ms=10|clock_delta_ms=.623|c
lock_suspect=0
PMLE_LIVE_REPLAY_TIC|tic=5078|mle_ms=8.942|monotonic_ms=10|clock_delta_ms=1.058|
clock_suspect=0
PMLE_LIVE_REPLAY_TIC|tic=5079|mle_ms=8.849|monotonic_ms=10|clock_delta_ms=1.151|
clock_suspect=0
PMLE_LIVE_REPLAY_TIC|tic=5080|mle_ms=8.902|monotonic_ms=10|clock_delta_ms=1.098|
clock_suspect=0
PMLE_LIVE_REPLAY_TIC|tic=5081|mle_ms=8.795|monotonic_ms=10|clock_delta_ms=1.205|
clock_suspect=0
PMLE_LIVE_REPLAY_TIC|tic=5082|mle_ms=9.317|monotonic_ms=10|clock_delta_ms=.683|c
lock_suspect=0
PMLE_LIVE_REPLAY_TIC|tic=5083|mle_ms=11.895|monotonic_ms=10|clock_delta_ms=1.895
|clock_suspect=0
PMLE_LIVE_REPLAY_TIC|tic=5084|mle_ms=11.192|monotonic_ms=10|clock_delta_ms=1.192
|clock_suspect=0
PMLE_LIVE_REPLAY_TIC|tic=5085|mle_ms=10.155|monotonic_ms=10|clock_delta_ms=.155|
clock_suspect=0
PMLE_LIVE_REPLAY_TIC|tic=5086|mle_ms=11.886|monotonic_ms=10|clock_delta_ms=1.886
|clock_suspect=0
PMLE_LIVE_REPLAY_TIC|tic=5087|mle_ms=9.48|monotonic_ms=10|clock_delta_ms=.52|clo
ck_suspect=0
PMLE_LIVE_REPLAY_TIC|tic=5088|mle_ms=9.812|monotonic_ms=10|clock_delta_ms=.188|c
lock_suspect=0
PMLE_LIVE_REPLAY_TIC|tic=5089|mle_ms=8.361|monotonic_ms=10|clock_delta_ms=1.639|
clock_suspect=0
PMLE_LIVE_REPLAY_TIC|tic=5090|mle_ms=7.601|monotonic_ms=10|clock_delta_ms=2.399|
clock_suspect=0
PMLE_LIVE_REPLAY_TIC|tic=5091|mle_ms=7.987|monotonic_ms=0|clock_delta_ms=7.987|c
lock_suspect=0
PMLE_LIVE_REPLAY_TIC|tic=5092|mle_ms=8.921|monotonic_ms=10|clock_delta_ms=1.079|
clock_suspect=0
PMLE_LIVE_REPLAY_TIC|tic=5093|mle_ms=10.588|monotonic_ms=10|clock_delta_ms=.588|
clock_suspect=0
PMLE_LIVE_REPLAY_TIC|tic=5094|mle_ms=12.182|monotonic_ms=20|clock_delta_ms=7.818
|clock_suspect=0
PMLE_LIVE_REPLAY_TIC|tic=5095|mle_ms=10.756|monotonic_ms=10|clock_delta_ms=.756|
clock_suspect=0
PMLE_LIVE_REPLAY_TIC|tic=5096|mle_ms=10.755|monotonic_ms=10|clock_delta_ms=.755|
clock_suspect=0
PMLE_LIVE_REPLAY_TIC|tic=5097|mle_ms=8.276|monotonic_ms=10|clock_delta_ms=1.724|
clock_suspect=0
PMLE_LIVE_REPLAY_TIC|tic=5098|mle_ms=9.284|monotonic_ms=10|clock_delta_ms=.716|c
lock_suspect=0
PMLE_LIVE_REPLAY_TIC|tic=5099|mle_ms=8.92|monotonic_ms=10|clock_delta_ms=1.08|cl
ock_suspect=0
PMLE_LIVE_REPLAY_TIC|tic=5100|mle_ms=11.642|monotonic_ms=10|clock_delta_ms=1.642
|clock_suspect=0
PMLE_LIVE_REPLAY_TIC|tic=5101|mle_ms=14.076|monotonic_ms=10|clock_delta_ms=4.076
|clock_suspect=0
PMLE_LIVE_REPLAY_TIC|tic=5102|mle_ms=12.407|monotonic_ms=10|clock_delta_ms=2.407
|clock_suspect=0
PMLE_LIVE_REPLAY_TIC|tic=5103|mle_ms=10.987|monotonic_ms=10|clock_delta_ms=.987|
clock_suspect=0
PMLE_LIVE_REPLAY_TIC|tic=5104|mle_ms=13.369|monotonic_ms=10|clock_delta_ms=3.369
|clock_suspect=0
PMLE_LIVE_REPLAY_TIC|tic=5105|mle_ms=12.9|monotonic_ms=10|clock_delta_ms=2.9|clo
ck_suspect=0
PMLE_LIVE_REPLAY_TIC|tic=5106|mle_ms=14.844|monotonic_ms=20|clock_delta_ms=5.156
|clock_suspect=0
PMLE_LIVE_REPLAY_TIC|tic=5107|mle_ms=11.194|monotonic_ms=10|clock_delta_ms=1.194
|clock_suspect=0
PMLE_LIVE_REPLAY_TIC|tic=5108|mle_ms=11.492|monotonic_ms=10|clock_delta_ms=1.492
|clock_suspect=0
PMLE_LIVE_REPLAY_TIC|tic=5109|mle_ms=10.874|monotonic_ms=10|clock_delta_ms=.874|
clock_suspect=0
PMLE_LIVE_REPLAY_TIC|tic=5110|mle_ms=11.258|monotonic_ms=10|clock_delta_ms=1.258
|clock_suspect=0
PMLE_LIVE_REPLAY_TIC|tic=5111|mle_ms=11.985|monotonic_ms=10|clock_delta_ms=1.985
|clock_suspect=0
PMLE_LIVE_REPLAY_TIC|tic=5112|mle_ms=12.2|monotonic_ms=20|clock_delta_ms=7.8|clo
ck_suspect=0
PMLE_LIVE_REPLAY_TIC|tic=5113|mle_ms=12.184|monotonic_ms=10|clock_delta_ms=2.184
|clock_suspect=0
PMLE_LIVE_REPLAY_TIC|tic=5114|mle_ms=11.641|monotonic_ms=10|clock_delta_ms=1.641
|clock_suspect=0
PMLE_LIVE_REPLAY_TIC|tic=5115|mle_ms=10.986|monotonic_ms=10|clock_delta_ms=.986|
clock_suspect=0
PMLE_LIVE_REPLAY_TIC|tic=5116|mle_ms=13.824|monotonic_ms=20|clock_delta_ms=6.176
|clock_suspect=0
PMLE_LIVE_REPLAY_TIC|tic=5117|mle_ms=10.819|monotonic_ms=10|clock_delta_ms=.819|
clock_suspect=0
PMLE_LIVE_REPLAY_TIC|tic=5118|mle_ms=10.876|monotonic_ms=10|clock_delta_ms=.876|
clock_suspect=0
PMLE_LIVE_REPLAY_TIC|tic=5119|mle_ms=11.115|monotonic_ms=10|clock_delta_ms=1.115
|clock_suspect=0
PMLE_LIVE_REPLAY_TIC|tic=5120|mle_ms=10.287|monotonic_ms=10|clock_delta_ms=.287|
clock_suspect=0
PMLE_LIVE_REPLAY_TIC|tic=5121|mle_ms=10.115|monotonic_ms=10|clock_delta_ms=.115|
clock_suspect=0
PMLE_LIVE_REPLAY_TIC|tic=5122|mle_ms=12.441|monotonic_ms=10|clock_delta_ms=2.441
|clock_suspect=0
PMLE_LIVE_REPLAY_TIC|tic=5123|mle_ms=12.657|monotonic_ms=10|clock_delta_ms=2.657
|clock_suspect=0
PMLE_LIVE_REPLAY_TIC|tic=5124|mle_ms=13.562|monotonic_ms=20|clock_delta_ms=6.438
|clock_suspect=0
PMLE_LIVE_REPLAY_TIC|tic=5125|mle_ms=12.168|monotonic_ms=10|clock_delta_ms=2.168
|clock_suspect=0
PMLE_LIVE_REPLAY_TIC|tic=5126|mle_ms=13.082|monotonic_ms=10|clock_delta_ms=3.082
|clock_suspect=0
PMLE_LIVE_REPLAY_TIC|tic=5127|mle_ms=10.329|monotonic_ms=10|clock_delta_ms=.329|
clock_suspect=0
PMLE_LIVE_REPLAY_TIC|tic=5128|mle_ms=12.387|monotonic_ms=20|clock_delta_ms=7.613
|clock_suspect=0
PMLE_LIVE_REPLAY_TIC|tic=5129|mle_ms=12.583|monotonic_ms=10|clock_delta_ms=2.583
|clock_suspect=0
PMLE_LIVE_REPLAY_TIC|tic=5130|mle_ms=11.595|monotonic_ms=10|clock_delta_ms=1.595
|clock_suspect=0
PMLE_LIVE_REPLAY_TIC|tic=5131|mle_ms=10.64|monotonic_ms=10|clock_delta_ms=.64|cl
ock_suspect=0
PMLE_LIVE_REPLAY_TIC|tic=5132|mle_ms=10.962|monotonic_ms=10|clock_delta_ms=.962|
clock_suspect=0
PMLE_LIVE_REPLAY_TIC|tic=5133|mle_ms=10.477|monotonic_ms=10|clock_delta_ms=.477|
clock_suspect=0
PMLE_LIVE_REPLAY_TIC|tic=5134|mle_ms=10.906|monotonic_ms=10|clock_delta_ms=.906|
clock_suspect=0
PMLE_LIVE_REPLAY_TIC|tic=5135|mle_ms=9.998|monotonic_ms=10|clock_delta_ms=.002|c
lock_suspect=0
PMLE_LIVE_REPLAY_TIC|tic=5136|mle_ms=11.789|monotonic_ms=20|clock_delta_ms=8.211
|clock_suspect=0
PMLE_LIVE_REPLAY_TIC|tic=5137|mle_ms=9.007|monotonic_ms=10|clock_delta_ms=.993|c
lock_suspect=0
PMLE_LIVE_REPLAY_TIC|tic=5138|mle_ms=9.511|monotonic_ms=10|clock_delta_ms=.489|c
lock_suspect=0
PMLE_LIVE_REPLAY_TIC|tic=5139|mle_ms=9.855|monotonic_ms=10|clock_delta_ms=.145|c
lock_suspect=0
PMLE_LIVE_REPLAY_TIC|tic=5140|mle_ms=11.422|monotonic_ms=10|clock_delta_ms=1.422
|clock_suspect=0
PMLE_LIVE_REPLAY_TIC|tic=5141|mle_ms=11.417|monotonic_ms=10|clock_delta_ms=1.417
|clock_suspect=0
PMLE_LIVE_REPLAY_TIC|tic=5142|mle_ms=12.494|monotonic_ms=10|clock_delta_ms=2.494
|clock_suspect=0
PMLE_LIVE_REPLAY_TIC|tic=5143|mle_ms=11.527|monotonic_ms=10|clock_delta_ms=1.527
|clock_suspect=0
PMLE_LIVE_REPLAY_TIC|tic=5144|mle_ms=12.119|monotonic_ms=10|clock_delta_ms=2.119
|clock_suspect=0
PMLE_LIVE_REPLAY_TIC|tic=5145|mle_ms=10.23|monotonic_ms=20|clock_delta_ms=9.77|c
lock_suspect=0
PMLE_LIVE_REPLAY_TIC|tic=5146|mle_ms=11.42|monotonic_ms=10|clock_delta_ms=1.42|c
lock_suspect=0
PMLE_LIVE_REPLAY_TIC|tic=5147|mle_ms=9.278|monotonic_ms=10|clock_delta_ms=.722|c
lock_suspect=0
PMLE_LIVE_REPLAY_TIC|tic=5148|mle_ms=11.203|monotonic_ms=10|clock_delta_ms=1.203
|clock_suspect=0
PMLE_LIVE_REPLAY_TIC|tic=5149|mle_ms=10.855|monotonic_ms=10|clock_delta_ms=.855|
clock_suspect=0
PMLE_LIVE_REPLAY_TIC|tic=5150|mle_ms=15.308|monotonic_ms=10|clock_delta_ms=5.308
|clock_suspect=0
PMLE_LIVE_REPLAY_TIC|tic=5151|mle_ms=9.611|monotonic_ms=10|clock_delta_ms=.389|c
lock_suspect=0
PMLE_LIVE_REPLAY_TIC|tic=5152|mle_ms=9.908|monotonic_ms=10|clock_delta_ms=.092|c
lock_suspect=0
PMLE_LIVE_REPLAY_TIC|tic=5153|mle_ms=10.074|monotonic_ms=10|clock_delta_ms=.074|
clock_suspect=0
PMLE_LIVE_REPLAY_TIC|tic=5154|mle_ms=11.4|monotonic_ms=10|clock_delta_ms=1.4|clo
ck_suspect=0
PMLE_LIVE_REPLAY_TIC|tic=5155|mle_ms=9.489|monotonic_ms=10|clock_delta_ms=.511|c
lock_suspect=0
PMLE_LIVE_REPLAY_TIC|tic=5156|mle_ms=9.382|monotonic_ms=10|clock_delta_ms=.618|c
lock_suspect=0
PMLE_LIVE_REPLAY_TIC|tic=5157|mle_ms=8.644|monotonic_ms=10|clock_delta_ms=1.356|
clock_suspect=0
PMLE_LIVE_REPLAY_TIC|tic=5158|mle_ms=10.671|monotonic_ms=10|clock_delta_ms=.671|
clock_suspect=0
PMLE_LIVE_REPLAY_TIC|tic=5159|mle_ms=10.113|monotonic_ms=10|clock_delta_ms=.113|
clock_suspect=0
PMLE_LIVE_REPLAY_TIC|tic=5160|mle_ms=10.041|monotonic_ms=10|clock_delta_ms=.041|
clock_suspect=0
PMLE_LIVE_REPLAY_TIC|tic=5161|mle_ms=9.935|monotonic_ms=10|clock_delta_ms=.065|c
lock_suspect=0
PMLE_LIVE_REPLAY_TIC|tic=5162|mle_ms=10.025|monotonic_ms=10|clock_delta_ms=.025|
clock_suspect=0
PMLE_LIVE_REPLAY_TIC|tic=5163|mle_ms=9.579|monotonic_ms=10|clock_delta_ms=.421|c
lock_suspect=0
PMLE_LIVE_REPLAY_TIC|tic=5164|mle_ms=11.466|monotonic_ms=20|clock_delta_ms=8.534
|clock_suspect=0
PMLE_LIVE_REPLAY_TIC|tic=5165|mle_ms=9.024|monotonic_ms=0|clock_delta_ms=9.024|c
lock_suspect=0
PMLE_LIVE_REPLAY_TIC|tic=5166|mle_ms=9.669|monotonic_ms=10|clock_delta_ms=.331|c
lock_suspect=0
PMLE_LIVE_REPLAY_TIC|tic=5167|mle_ms=8.88|monotonic_ms=10|clock_delta_ms=1.12|cl
ock_suspect=0
PMLE_LIVE_REPLAY_TIC|tic=5168|mle_ms=9.929|monotonic_ms=10|clock_delta_ms=.071|c
lock_suspect=0
PMLE_LIVE_REPLAY_TIC|tic=5169|mle_ms=9.435|monotonic_ms=10|clock_delta_ms=.565|c
lock_suspect=0
PMLE_LIVE_REPLAY_TIC|tic=5170|mle_ms=9.833|monotonic_ms=10|clock_delta_ms=.167|c
lock_suspect=0
PMLE_LIVE_REPLAY_TIC|tic=5171|mle_ms=9.886|monotonic_ms=10|clock_delta_ms=.114|c
lock_suspect=0
PMLE_LIVE_REPLAY_TIC|tic=5172|mle_ms=10.999|monotonic_ms=10|clock_delta_ms=.999|
clock_suspect=0
PMLE_LIVE_REPLAY_TIC|tic=5173|mle_ms=9.05|monotonic_ms=10|clock_delta_ms=.95|clo
ck_suspect=0
PMLE_LIVE_REPLAY_TIC|tic=5174|mle_ms=9.81|monotonic_ms=10|clock_delta_ms=.19|clo
ck_suspect=0
PMLE_LIVE_REPLAY_TIC|tic=5175|mle_ms=7.62|monotonic_ms=10|clock_delta_ms=2.38|cl
ock_suspect=0
PMLE_LIVE_REPLAY_TIC|tic=5176|mle_ms=9.491|monotonic_ms=10|clock_delta_ms=.509|c
lock_suspect=0
PMLE_LIVE_REPLAY_TIC|tic=5177|mle_ms=8.132|monotonic_ms=10|clock_delta_ms=1.868|
clock_suspect=0
PMLE_LIVE_REPLAY_TIC|tic=5178|mle_ms=10.205|monotonic_ms=10|clock_delta_ms=.205|
clock_suspect=0
PMLE_LIVE_REPLAY_TIC|tic=5179|mle_ms=9.885|monotonic_ms=10|clock_delta_ms=.115|c
lock_suspect=0
PMLE_LIVE_REPLAY_TIC|tic=5180|mle_ms=9.965|monotonic_ms=10|clock_delta_ms=.035|c
lock_suspect=0
PMLE_LIVE_REPLAY_TIC|tic=5181|mle_ms=8.801|monotonic_ms=10|clock_delta_ms=1.199|
clock_suspect=0
PMLE_LIVE_REPLAY_TIC|tic=5182|mle_ms=10.47|monotonic_ms=10|clock_delta_ms=.47|cl
ock_suspect=0
PMLE_LIVE_REPLAY_TIC|tic=5183|mle_ms=10.084|monotonic_ms=10|clock_delta_ms=.084|
clock_suspect=0
PMLE_LIVE_REPLAY_TIC|tic=5184|mle_ms=11.558|monotonic_ms=10|clock_delta_ms=1.558
|clock_suspect=0
PMLE_LIVE_REPLAY_TIC|tic=5185|mle_ms=9.517|monotonic_ms=10|clock_delta_ms=.483|c
lock_suspect=0
PMLE_LIVE_REPLAY_TIC|tic=5186|mle_ms=8.924|monotonic_ms=10|clock_delta_ms=1.076|
clock_suspect=0
PMLE_LIVE_REPLAY_TIC|tic=5187|mle_ms=7.131|monotonic_ms=10|clock_delta_ms=2.869|
clock_suspect=0
PMLE_LIVE_REPLAY_TIC|tic=5188|mle_ms=7.788|monotonic_ms=0|clock_delta_ms=7.788|c
lock_suspect=0
PMLE_LIVE_REPLAY_TIC|tic=5189|mle_ms=8.193|monotonic_ms=10|clock_delta_ms=1.807|
clock_suspect=0
PMLE_LIVE_REPLAY_TIC|tic=5190|mle_ms=9.735|monotonic_ms=10|clock_delta_ms=.265|c
lock_suspect=0
PMLE_LIVE_REPLAY_TIC|tic=5191|mle_ms=9.422|monotonic_ms=10|clock_delta_ms=.578|c
lock_suspect=0
PMLE_LIVE_REPLAY_TIC|tic=5192|mle_ms=10.635|monotonic_ms=10|clock_delta_ms=.635|
clock_suspect=0
PMLE_LIVE_REPLAY_TIC|tic=5193|mle_ms=10.215|monotonic_ms=10|clock_delta_ms=.215|
clock_suspect=0
PMLE_LIVE_REPLAY_TIC|tic=5194|mle_ms=10.874|monotonic_ms=10|clock_delta_ms=.874|
clock_suspect=0
PMLE_LIVE_REPLAY_TIC|tic=5195|mle_ms=8.382|monotonic_ms=10|clock_delta_ms=1.618|
clock_suspect=0
PMLE_LIVE_REPLAY_TIC|tic=5196|mle_ms=9.777|monotonic_ms=10|clock_delta_ms=.223|c
lock_suspect=0
PMLE_LIVE_REPLAY_TIC|tic=5197|mle_ms=8.124|monotonic_ms=10|clock_delta_ms=1.876|
clock_suspect=0
PMLE_LIVE_REPLAY_TIC|tic=5198|mle_ms=7.844|monotonic_ms=10|clock_delta_ms=2.156|
clock_suspect=0
PMLE_LIVE_REPLAY_TIC|tic=5199|mle_ms=7.614|monotonic_ms=0|clock_delta_ms=7.614|c
lock_suspect=0
PMLE_LIVE_REPLAY_TIC|tic=5200|mle_ms=8.545|monotonic_ms=10|clock_delta_ms=1.455|
clock_suspect=0
PMLE_LIVE_REPLAY_TIC|tic=5201|mle_ms=9.057|monotonic_ms=10|clock_delta_ms=.943|c
lock_suspect=0
PMLE_LIVE_REPLAY_TIC|tic=5202|mle_ms=10.791|monotonic_ms=10|clock_delta_ms=.791|
clock_suspect=0
PMLE_LIVE_REPLAY_TIC|tic=5203|mle_ms=10.166|monotonic_ms=10|clock_delta_ms=.166|
clock_suspect=0
PMLE_LIVE_REPLAY_TIC|tic=5204|mle_ms=9.273|monotonic_ms=10|clock_delta_ms=.727|c
lock_suspect=0
PMLE_LIVE_REPLAY_TIC|tic=5205|mle_ms=10.199|monotonic_ms=10|clock_delta_ms=.199|
clock_suspect=0
PMLE_LIVE_REPLAY_TIC|tic=5206|mle_ms=11.819|monotonic_ms=20|clock_delta_ms=8.181
|clock_suspect=0
PMLE_LIVE_REPLAY_TIC|tic=5207|mle_ms=10.079|monotonic_ms=10|clock_delta_ms=.079|
clock_suspect=0
PMLE_LIVE_REPLAY_TIC|tic=5208|mle_ms=11.241|monotonic_ms=10|clock_delta_ms=1.241
|clock_suspect=0
PMLE_LIVE_REPLAY_TIC|tic=5209|mle_ms=12.149|monotonic_ms=10|clock_delta_ms=2.149
|clock_suspect=0
PMLE_LIVE_REPLAY_TIC|tic=5210|mle_ms=11.33|monotonic_ms=10|clock_delta_ms=1.33|c
lock_suspect=0
PMLE_LIVE_REPLAY_TIC|tic=5211|mle_ms=9.975|monotonic_ms=10|clock_delta_ms=.025|c
lock_suspect=0
PMLE_LIVE_REPLAY_TIC|tic=5212|mle_ms=10.707|monotonic_ms=10|clock_delta_ms=.707|
clock_suspect=0
PMLE_LIVE_REPLAY_TIC|tic=5213|mle_ms=9.992|monotonic_ms=10|clock_delta_ms=.008|c
lock_suspect=0
PMLE_LIVE_REPLAY_TIC|tic=5214|mle_ms=11.605|monotonic_ms=10|clock_delta_ms=1.605
|clock_suspect=0
PMLE_LIVE_REPLAY_TIC|tic=5215|mle_ms=10.899|monotonic_ms=10|clock_delta_ms=.899|
clock_suspect=0
PMLE_LIVE_REPLAY_TIC|tic=5216|mle_ms=11.803|monotonic_ms=20|clock_delta_ms=8.197
|clock_suspect=0
PMLE_LIVE_REPLAY_TIC|tic=5217|mle_ms=9.499|monotonic_ms=10|clock_delta_ms=.501|c
lock_suspect=0
PMLE_LIVE_REPLAY_TIC|tic=5218|mle_ms=10.913|monotonic_ms=10|clock_delta_ms=.913|
clock_suspect=0
PMLE_LIVE_REPLAY_TIC|tic=5219|mle_ms=10.995|monotonic_ms=10|clock_delta_ms=.995|
clock_suspect=0
PMLE_LIVE_REPLAY_TIC|tic=5220|mle_ms=11.391|monotonic_ms=10|clock_delta_ms=1.391
|clock_suspect=0
PMLE_LIVE_REPLAY_TIC|tic=5221|mle_ms=10.845|monotonic_ms=10|clock_delta_ms=.845|
clock_suspect=0
PMLE_LIVE_REPLAY_TIC|tic=5222|mle_ms=10.487|monotonic_ms=10|clock_delta_ms=.487|
clock_suspect=0
PMLE_LIVE_REPLAY_TIC|tic=5223|mle_ms=10.712|monotonic_ms=10|clock_delta_ms=.712|
clock_suspect=0
PMLE_LIVE_REPLAY_TIC|tic=5224|mle_ms=11.945|monotonic_ms=10|clock_delta_ms=1.945
|clock_suspect=0
PMLE_LIVE_REPLAY_TIC|tic=5225|mle_ms=10.234|monotonic_ms=10|clock_delta_ms=.234|
clock_suspect=0
PMLE_LIVE_REPLAY_TIC|tic=5226|mle_ms=11.958|monotonic_ms=20|clock_delta_ms=8.042
|clock_suspect=0
PMLE_LIVE_REPLAY_TIC|tic=5227|mle_ms=11.353|monotonic_ms=10|clock_delta_ms=1.353
|clock_suspect=0
PMLE_LIVE_REPLAY_TIC|tic=5228|mle_ms=14.813|monotonic_ms=10|clock_delta_ms=4.813
|clock_suspect=0
PMLE_LIVE_REPLAY_TIC|tic=5229|mle_ms=9.698|monotonic_ms=10|clock_delta_ms=.302|c
lock_suspect=0
PMLE_LIVE_REPLAY_TIC|tic=5230|mle_ms=9.768|monotonic_ms=10|clock_delta_ms=.232|c
lock_suspect=0
PMLE_LIVE_REPLAY_TIC|tic=5231|mle_ms=9.119|monotonic_ms=10|clock_delta_ms=.881|c
lock_suspect=0
PMLE_LIVE_REPLAY_TIC|tic=5232|mle_ms=10.574|monotonic_ms=10|clock_delta_ms=.574|
clock_suspect=0
PMLE_LIVE_REPLAY_TIC|tic=5233|mle_ms=11.269|monotonic_ms=10|clock_delta_ms=1.269
|clock_suspect=0
PMLE_LIVE_REPLAY_TIC|tic=5234|mle_ms=12.051|monotonic_ms=20|clock_delta_ms=7.949
|clock_suspect=0
PMLE_LIVE_REPLAY_TIC|tic=5235|mle_ms=10.476|monotonic_ms=10|clock_delta_ms=.476|
clock_suspect=0
PMLE_LIVE_REPLAY_TIC|tic=5236|mle_ms=13.192|monotonic_ms=10|clock_delta_ms=3.192
|clock_suspect=0
PMLE_LIVE_REPLAY_TIC|tic=5237|mle_ms=10.657|monotonic_ms=10|clock_delta_ms=.657|
clock_suspect=0
PMLE_LIVE_REPLAY_TIC|tic=5238|mle_ms=10.864|monotonic_ms=10|clock_delta_ms=.864|
clock_suspect=0
PMLE_LIVE_REPLAY_TIC|tic=5239|mle_ms=10.656|monotonic_ms=10|clock_delta_ms=.656|
clock_suspect=0
PMLE_LIVE_REPLAY_TIC|tic=5240|mle_ms=10.174|monotonic_ms=10|clock_delta_ms=.174|
clock_suspect=0
PMLE_LIVE_REPLAY_TIC|tic=5241|mle_ms=9.849|monotonic_ms=10|clock_delta_ms=.151|c
lock_suspect=0
PMLE_LIVE_REPLAY_TIC|tic=5242|mle_ms=11.151|monotonic_ms=10|clock_delta_ms=1.151
|clock_suspect=0
PMLE_LIVE_REPLAY_TIC|tic=5243|mle_ms=10.082|monotonic_ms=10|clock_delta_ms=.082|
clock_suspect=0
PMLE_LIVE_REPLAY_TIC|tic=5244|mle_ms=10.424|monotonic_ms=10|clock_delta_ms=.424|
clock_suspect=0
PMLE_LIVE_REPLAY_TIC|tic=5245|mle_ms=11.27|monotonic_ms=20|clock_delta_ms=8.73|c
lock_suspect=0
PMLE_LIVE_REPLAY_TIC|tic=5246|mle_ms=11.208|monotonic_ms=10|clock_delta_ms=1.208
|clock_suspect=0
PMLE_LIVE_REPLAY_TIC|tic=5247|mle_ms=9.517|monotonic_ms=10|clock_delta_ms=.483|c
lock_suspect=0
PMLE_LIVE_REPLAY_TIC|tic=5248|mle_ms=10.469|monotonic_ms=10|clock_delta_ms=.469|
clock_suspect=0
PMLE_LIVE_REPLAY_TIC|tic=5249|mle_ms=9.891|monotonic_ms=10|clock_delta_ms=.109|c
lock_suspect=0
PMLE_LIVE_REPLAY_TIC|tic=5250|mle_ms=10.691|monotonic_ms=10|clock_delta_ms=.691|
clock_suspect=0
PMLE_LIVE_REPLAY_CLOCK|tics=5250|disagreement_limit_ms=30|suspects=2|maximum_sus
pects=26|verdict=PASS
PMLE_LIVE_REPLAY_TICKER|stream=live-dm-2026-07-23|tics=5250|p50_ms=37.427|p95_ms
=148.188|p99_ms=203.904|max_ms=408.969|throughput_tps=19.333|monotonic_centiseco
nds=27176|monotonic_tps=19.319
PMLE_LIVE_REPLAY_WINDOW|through_tic=100|tics=100|wall_ms=7895.45|monotonic_centi
seconds=790|monotonic_tps=12.658|memory=iwadBytes=28795076|frameBytes=64000|thin
kers=247|mobjs=238|killMonsters=29|livingMonsters=29|awakeMonsters=9|movingMonst
ers=0|vertexes=1196|segs=2057|sectors=182|subsectors=682|nodes=681|lines=1175|si
des=1829|blockmapInts=3764|blocklinks=864|rejectBytes=4141
PMLE_LIVE_REPLAY_WINDOW|through_tic=200|tics=100|wall_ms=10920.778|monotonic_cen
tiseconds=1102|monotonic_tps=9.074|memory=iwadBytes=28795076|frameBytes=64000|th
inkers=254|mobjs=243|killMonsters=29|livingMonsters=28|awakeMonsters=20|movingMo
nsters=2|vertexes=1196|segs=2057|sectors=182|subsectors=682|nodes=681|lines=1175
|sides=1829|blockmapInts=3764|blocklinks=864|rejectBytes=4141
PMLE_LIVE_REPLAY_WINDOW|through_tic=300|tics=100|wall_ms=13849.305|monotonic_cen
tiseconds=1385|monotonic_tps=7.22|memory=iwadBytes=28795076|frameBytes=64000|thi
nkers=253|mobjs=243|killMonsters=29|livingMonsters=28|awakeMonsters=20|movingMon
sters=1|vertexes=1196|segs=2057|sectors=182|subsectors=682|nodes=681|lines=1175|
sides=1829|blockmapInts=3764|blocklinks=864|rejectBytes=4141
PMLE_LIVE_REPLAY_WINDOW|through_tic=400|tics=100|wall_ms=13410.871|monotonic_cen
tiseconds=1341|monotonic_tps=7.457|memory=iwadBytes=28795076|frameBytes=64000|th
inkers=250|mobjs=240|killMonsters=29|livingMonsters=28|awakeMonsters=20|movingMo
nsters=0|vertexes=1196|segs=2057|sectors=182|subsectors=682|nodes=681|lines=1175
|sides=1829|blockmapInts=3764|blocklinks=864|rejectBytes=4141
PMLE_LIVE_REPLAY_WINDOW|through_tic=500|tics=100|wall_ms=12858.426|monotonic_cen
tiseconds=1286|monotonic_tps=7.776|memory=iwadBytes=28795076|frameBytes=64000|th
inkers=248|mobjs=239|killMonsters=29|livingMonsters=28|awakeMonsters=20|movingMo
nsters=0|vertexes=1196|segs=2057|sectors=182|subsectors=682|nodes=681|lines=1175
|sides=1829|blockmapInts=3764|blocklinks=864|rejectBytes=4141
PMLE_LIVE_REPLAY_WINDOW|through_tic=600|tics=100|wall_ms=10849.457|monotonic_cen
tiseconds=1085|monotonic_tps=9.217|memory=iwadBytes=28795076|frameBytes=64000|th
inkers=247|mobjs=238|killMonsters=29|livingMonsters=28|awakeMonsters=20|movingMo
nsters=0|vertexes=1196|segs=2057|sectors=182|subsectors=682|nodes=681|lines=1175
|sides=1829|blockmapInts=3764|blocklinks=864|rejectBytes=4141
PMLE_LIVE_REPLAY_WINDOW|through_tic=700|tics=100|wall_ms=11759.717|monotonic_cen
tiseconds=1175|monotonic_tps=8.511|memory=iwadBytes=28795076|frameBytes=64000|th
inkers=249|mobjs=239|killMonsters=29|livingMonsters=28|awakeMonsters=20|movingMo
nsters=0|vertexes=1196|segs=2057|sectors=182|subsectors=682|nodes=681|lines=1175
|sides=1829|blockmapInts=3764|blocklinks=864|rejectBytes=4141
PMLE_LIVE_REPLAY_WINDOW|through_tic=800|tics=100|wall_ms=6434.994|monotonic_cent
iseconds=643|monotonic_tps=15.552|memory=iwadBytes=28795076|frameBytes=64000|thi
nkers=240|mobjs=231|killMonsters=29|livingMonsters=28|awakeMonsters=20|movingMon
sters=2|vertexes=1196|segs=2057|sectors=182|subsectors=682|nodes=681|lines=1175|
sides=1829|blockmapInts=3764|blocklinks=864|rejectBytes=4141
PMLE_LIVE_REPLAY_WINDOW|through_tic=900|tics=100|wall_ms=6349.923|monotonic_cent
iseconds=635|monotonic_tps=15.748|memory=iwadBytes=28795076|frameBytes=64000|thi
nkers=241|mobjs=232|killMonsters=29|livingMonsters=27|awakeMonsters=19|movingMon
sters=0|vertexes=1196|segs=2057|sectors=182|subsectors=682|nodes=681|lines=1175|
sides=1829|blockmapInts=3764|blocklinks=864|rejectBytes=4141
PMLE_LIVE_REPLAY_WINDOW|through_tic=1000|tics=100|wall_ms=5847.54|monotonic_cent
iseconds=584|monotonic_tps=17.123|memory=iwadBytes=28795076|frameBytes=64000|thi
nkers=241|mobjs=231|killMonsters=29|livingMonsters=26|awakeMonsters=18|movingMon
sters=0|vertexes=1196|segs=2057|sectors=182|subsectors=682|nodes=681|lines=1175|
sides=1829|blockmapInts=3764|blocklinks=864|rejectBytes=4141
PMLE_LIVE_REPLAY_WINDOW|through_tic=1100|tics=100|wall_ms=5435.604|monotonic_cen
tiseconds=544|monotonic_tps=18.382|memory=iwadBytes=28795076|frameBytes=64000|th
inkers=238|mobjs=228|killMonsters=29|livingMonsters=24|awakeMonsters=18|movingMo
nsters=0|vertexes=1196|segs=2057|sectors=182|subsectors=682|nodes=681|lines=1175
|sides=1829|blockmapInts=3764|blocklinks=864|rejectBytes=4141
PMLE_LIVE_REPLAY_WINDOW|through_tic=1200|tics=100|wall_ms=4679.711|monotonic_cen
tiseconds=468|monotonic_tps=21.368|memory=iwadBytes=28795076|frameBytes=64000|th
inkers=244|mobjs=234|killMonsters=29|livingMonsters=21|awakeMonsters=15|movingMo
nsters=0|vertexes=1196|segs=2057|sectors=182|subsectors=682|nodes=681|lines=1175
|sides=1829|blockmapInts=3764|blocklinks=864|rejectBytes=4141
PMLE_LIVE_REPLAY_WINDOW|through_tic=1300|tics=100|wall_ms=3039.404|monotonic_cen
tiseconds=304|monotonic_tps=32.895|memory=iwadBytes=28795076|frameBytes=64000|th
inkers=237|mobjs=227|killMonsters=29|livingMonsters=21|awakeMonsters=15|movingMo
nsters=0|vertexes=1196|segs=2057|sectors=182|subsectors=682|nodes=681|lines=1175
|sides=1829|blockmapInts=3764|blocklinks=864|rejectBytes=4141
PMLE_LIVE_REPLAY_WINDOW|through_tic=1400|tics=100|wall_ms=2356.765|monotonic_cen
tiseconds=236|monotonic_tps=42.373|memory=iwadBytes=28795076|frameBytes=64000|th
inkers=237|mobjs=227|killMonsters=29|livingMonsters=21|awakeMonsters=15|movingMo
nsters=0|vertexes=1196|segs=2057|sectors=182|subsectors=682|nodes=681|lines=1175
|sides=1829|blockmapInts=3764|blocklinks=864|rejectBytes=4141
PMLE_LIVE_REPLAY_WINDOW|through_tic=1500|tics=100|wall_ms=4245.962|monotonic_cen
tiseconds=424|monotonic_tps=23.585|memory=iwadBytes=28795076|frameBytes=64000|th
inkers=235|mobjs=226|killMonsters=29|livingMonsters=21|awakeMonsters=15|movingMo
nsters=0|vertexes=1196|segs=2057|sectors=182|subsectors=682|nodes=681|lines=1175
|sides=1829|blockmapInts=3764|blocklinks=864|rejectBytes=4141
PMLE_LIVE_REPLAY_WINDOW|through_tic=1600|tics=100|wall_ms=4742.904|monotonic_cen
tiseconds=475|monotonic_tps=21.053|memory=iwadBytes=28795076|frameBytes=64000|th
inkers=239|mobjs=229|killMonsters=29|livingMonsters=21|awakeMonsters=15|movingMo
nsters=0|vertexes=1196|segs=2057|sectors=182|subsectors=682|nodes=681|lines=1175
|sides=1829|blockmapInts=3764|blocklinks=864|rejectBytes=4141
PMLE_LIVE_REPLAY_WINDOW|through_tic=1700|tics=100|wall_ms=8456.127|monotonic_cen
tiseconds=845|monotonic_tps=11.834|memory=iwadBytes=28795076|frameBytes=64000|th
inkers=239|mobjs=229|killMonsters=29|livingMonsters=19|awakeMonsters=17|movingMo
nsters=0|vertexes=1196|segs=2057|sectors=182|subsectors=682|nodes=681|lines=1175
|sides=1829|blockmapInts=3764|blocklinks=864|rejectBytes=4141
PMLE_LIVE_REPLAY_WINDOW|through_tic=1800|tics=100|wall_ms=5232.479|monotonic_cen
tiseconds=523|monotonic_tps=19.12|memory=iwadBytes=28795076|frameBytes=64000|thi
nkers=242|mobjs=232|killMonsters=29|livingMonsters=18|awakeMonsters=16|movingMon
sters=1|vertexes=1196|segs=2057|sectors=182|subsectors=682|nodes=681|lines=1175|
sides=1829|blockmapInts=3764|blocklinks=864|rejectBytes=4141
PMLE_LIVE_REPLAY_WINDOW|through_tic=1900|tics=100|wall_ms=6266.832|monotonic_cen
tiseconds=627|monotonic_tps=15.949|memory=iwadBytes=28795076|frameBytes=64000|th
inkers=235|mobjs=226|killMonsters=29|livingMonsters=18|awakeMonsters=16|movingMo
nsters=1|vertexes=1196|segs=2057|sectors=182|subsectors=682|nodes=681|lines=1175
|sides=1829|blockmapInts=3764|blocklinks=864|rejectBytes=4141
PMLE_LIVE_REPLAY_WINDOW|through_tic=2000|tics=100|wall_ms=5909.451|monotonic_cen
tiseconds=591|monotonic_tps=16.92|memory=iwadBytes=28795076|frameBytes=64000|thi
nkers=234|mobjs=225|killMonsters=29|livingMonsters=17|awakeMonsters=15|movingMon
sters=0|vertexes=1196|segs=2057|sectors=182|subsectors=682|nodes=681|lines=1175|
sides=1829|blockmapInts=3764|blocklinks=864|rejectBytes=4141
PMLE_LIVE_REPLAY_WINDOW|through_tic=2100|tics=100|wall_ms=5276.932|monotonic_cen
tiseconds=528|monotonic_tps=18.939|memory=iwadBytes=28795076|frameBytes=64000|th
inkers=234|mobjs=225|killMonsters=29|livingMonsters=17|awakeMonsters=15|movingMo
nsters=0|vertexes=1196|segs=2057|sectors=182|subsectors=682|nodes=681|lines=1175
|sides=1829|blockmapInts=3764|blocklinks=864|rejectBytes=4141
PMLE_LIVE_REPLAY_WINDOW|through_tic=2200|tics=100|wall_ms=5331.101|monotonic_cen
tiseconds=533|monotonic_tps=18.762|memory=iwadBytes=28795076|frameBytes=64000|th
inkers=234|mobjs=225|killMonsters=29|livingMonsters=17|awakeMonsters=15|movingMo
nsters=0|vertexes=1196|segs=2057|sectors=182|subsectors=682|nodes=681|lines=1175
|sides=1829|blockmapInts=3764|blocklinks=864|rejectBytes=4141
PMLE_LIVE_REPLAY_WINDOW|through_tic=2300|tics=100|wall_ms=4390.555|monotonic_cen
tiseconds=440|monotonic_tps=22.727|memory=iwadBytes=28795076|frameBytes=64000|th
inkers=234|mobjs=225|killMonsters=29|livingMonsters=17|awakeMonsters=15|movingMo
nsters=0|vertexes=1196|segs=2057|sectors=182|subsectors=682|nodes=681|lines=1175
|sides=1829|blockmapInts=3764|blocklinks=864|rejectBytes=4141
PMLE_LIVE_REPLAY_WINDOW|through_tic=2400|tics=100|wall_ms=5808.184|monotonic_cen
tiseconds=580|monotonic_tps=17.241|memory=iwadBytes=28795076|frameBytes=64000|th
inkers=235|mobjs=225|killMonsters=29|livingMonsters=17|awakeMonsters=15|movingMo
nsters=0|vertexes=1196|segs=2057|sectors=182|subsectors=682|nodes=681|lines=1175
|sides=1829|blockmapInts=3764|blocklinks=864|rejectBytes=4141
PMLE_LIVE_REPLAY_WINDOW|through_tic=2500|tics=100|wall_ms=5143.958|monotonic_cen
tiseconds=515|monotonic_tps=19.417|memory=iwadBytes=28795076|frameBytes=64000|th
inkers=237|mobjs=227|killMonsters=29|livingMonsters=17|awakeMonsters=15|movingMo
nsters=0|vertexes=1196|segs=2057|sectors=182|subsectors=682|nodes=681|lines=1175
|sides=1829|blockmapInts=3764|blocklinks=864|rejectBytes=4141
PMLE_LIVE_REPLAY_WINDOW|through_tic=2600|tics=100|wall_ms=4297.63|monotonic_cent
iseconds=430|monotonic_tps=23.256|memory=iwadBytes=28795076|frameBytes=64000|thi
nkers=238|mobjs=228|killMonsters=29|livingMonsters=17|awakeMonsters=15|movingMon
sters=0|vertexes=1196|segs=2057|sectors=182|subsectors=682|nodes=681|lines=1175|
sides=1829|blockmapInts=3764|blocklinks=864|rejectBytes=4141
PMLE_LIVE_REPLAY_WINDOW|through_tic=2700|tics=100|wall_ms=6996.152|monotonic_cen
tiseconds=699|monotonic_tps=14.306|memory=iwadBytes=28795076|frameBytes=64000|th
inkers=236|mobjs=227|killMonsters=29|livingMonsters=17|awakeMonsters=15|movingMo
nsters=0|vertexes=1196|segs=2057|sectors=182|subsectors=682|nodes=681|lines=1175
|sides=1829|blockmapInts=3764|blocklinks=864|rejectBytes=4141
PMLE_LIVE_REPLAY_WINDOW|through_tic=2800|tics=100|wall_ms=6611.344|monotonic_cen
tiseconds=661|monotonic_tps=15.129|memory=iwadBytes=28795076|frameBytes=64000|th
inkers=234|mobjs=225|killMonsters=29|livingMonsters=17|awakeMonsters=15|movingMo
nsters=0|vertexes=1196|segs=2057|sectors=182|subsectors=682|nodes=681|lines=1175
|sides=1829|blockmapInts=3764|blocklinks=864|rejectBytes=4141
PMLE_LIVE_REPLAY_WINDOW|through_tic=2900|tics=100|wall_ms=5926.209|monotonic_cen
tiseconds=593|monotonic_tps=16.863|memory=iwadBytes=28795076|frameBytes=64000|th
inkers=234|mobjs=225|killMonsters=29|livingMonsters=17|awakeMonsters=15|movingMo
nsters=0|vertexes=1196|segs=2057|sectors=182|subsectors=682|nodes=681|lines=1175
|sides=1829|blockmapInts=3764|blocklinks=864|rejectBytes=4141
PMLE_LIVE_REPLAY_WINDOW|through_tic=3000|tics=100|wall_ms=6954.36|monotonic_cent
iseconds=696|monotonic_tps=14.368|memory=iwadBytes=28795076|frameBytes=64000|thi
nkers=234|mobjs=225|killMonsters=29|livingMonsters=17|awakeMonsters=15|movingMon
sters=0|vertexes=1196|segs=2057|sectors=182|subsectors=682|nodes=681|lines=1175|
sides=1829|blockmapInts=3764|blocklinks=864|rejectBytes=4141
PMLE_LIVE_REPLAY_WINDOW|through_tic=3100|tics=100|wall_ms=5919.799|monotonic_cen
tiseconds=592|monotonic_tps=16.892|memory=iwadBytes=28795076|frameBytes=64000|th
inkers=234|mobjs=225|killMonsters=29|livingMonsters=17|awakeMonsters=15|movingMo
nsters=0|vertexes=1196|segs=2057|sectors=182|subsectors=682|nodes=681|lines=1175
|sides=1829|blockmapInts=3764|blocklinks=864|rejectBytes=4141
PMLE_LIVE_REPLAY_WINDOW|through_tic=3200|tics=100|wall_ms=4630.674|monotonic_cen
tiseconds=463|monotonic_tps=21.598|memory=iwadBytes=28795076|frameBytes=64000|th
inkers=236|mobjs=226|killMonsters=29|livingMonsters=17|awakeMonsters=15|movingMo
nsters=0|vertexes=1196|segs=2057|sectors=182|subsectors=682|nodes=681|lines=1175
|sides=1829|blockmapInts=3764|blocklinks=864|rejectBytes=4141
PMLE_LIVE_REPLAY_WINDOW|through_tic=3300|tics=100|wall_ms=5735.12|monotonic_cent
iseconds=574|monotonic_tps=17.422|memory=iwadBytes=28795076|frameBytes=64000|thi
nkers=236|mobjs=226|killMonsters=29|livingMonsters=17|awakeMonsters=15|movingMon
sters=0|vertexes=1196|segs=2057|sectors=182|subsectors=682|nodes=681|lines=1175|
sides=1829|blockmapInts=3764|blocklinks=864|rejectBytes=4141
PMLE_LIVE_REPLAY_WINDOW|through_tic=3400|tics=100|wall_ms=3849.828|monotonic_cen
tiseconds=385|monotonic_tps=25.974|memory=iwadBytes=28795076|frameBytes=64000|th
inkers=235|mobjs=225|killMonsters=29|livingMonsters=17|awakeMonsters=15|movingMo
nsters=0|vertexes=1196|segs=2057|sectors=182|subsectors=682|nodes=681|lines=1175
|sides=1829|blockmapInts=3764|blocklinks=864|rejectBytes=4141
PMLE_LIVE_REPLAY_WINDOW|through_tic=3500|tics=100|wall_ms=7626.501|monotonic_cen
tiseconds=773|monotonic_tps=12.937|memory=iwadBytes=28795076|frameBytes=64000|th
inkers=240|mobjs=231|killMonsters=29|livingMonsters=17|awakeMonsters=15|movingMo
nsters=0|vertexes=1196|segs=2057|sectors=182|subsectors=682|nodes=681|lines=1175
|sides=1829|blockmapInts=3764|blocklinks=864|rejectBytes=4141
PMLE_LIVE_REPLAY_WINDOW|through_tic=3600|tics=100|wall_ms=5107.903|monotonic_cen
tiseconds=510|monotonic_tps=19.608|memory=iwadBytes=28795076|frameBytes=64000|th
inkers=234|mobjs=225|killMonsters=29|livingMonsters=17|awakeMonsters=15|movingMo
nsters=0|vertexes=1196|segs=2057|sectors=182|subsectors=682|nodes=681|lines=1175
|sides=1829|blockmapInts=3764|blocklinks=864|rejectBytes=4141
PMLE_LIVE_REPLAY_WINDOW|through_tic=3700|tics=100|wall_ms=4052.968|monotonic_cen
tiseconds=405|monotonic_tps=24.691|memory=iwadBytes=28795076|frameBytes=64000|th
inkers=234|mobjs=225|killMonsters=29|livingMonsters=17|awakeMonsters=15|movingMo
nsters=0|vertexes=1196|segs=2057|sectors=182|subsectors=682|nodes=681|lines=1175
|sides=1829|blockmapInts=3764|blocklinks=864|rejectBytes=4141
PMLE_LIVE_REPLAY_WINDOW|through_tic=3800|tics=100|wall_ms=3978.025|monotonic_cen
tiseconds=398|monotonic_tps=25.126|memory=iwadBytes=28795076|frameBytes=64000|th
inkers=234|mobjs=225|killMonsters=29|livingMonsters=17|awakeMonsters=15|movingMo
nsters=0|vertexes=1196|segs=2057|sectors=182|subsectors=682|nodes=681|lines=1175
|sides=1829|blockmapInts=3764|blocklinks=864|rejectBytes=4141
PMLE_LIVE_REPLAY_WINDOW|through_tic=3900|tics=100|wall_ms=3446.501|monotonic_cen
tiseconds=344|monotonic_tps=29.07|memory=iwadBytes=28795076|frameBytes=64000|thi
nkers=235|mobjs=226|killMonsters=29|livingMonsters=17|awakeMonsters=15|movingMon
sters=0|vertexes=1196|segs=2057|sectors=182|subsectors=682|nodes=681|lines=1175|
sides=1829|blockmapInts=3764|blocklinks=864|rejectBytes=4141
PMLE_LIVE_REPLAY_WINDOW|through_tic=4000|tics=100|wall_ms=3356.811|monotonic_cen
tiseconds=336|monotonic_tps=29.762|memory=iwadBytes=28795076|frameBytes=64000|th
inkers=236|mobjs=227|killMonsters=29|livingMonsters=17|awakeMonsters=15|movingMo
nsters=0|vertexes=1196|segs=2057|sectors=182|subsectors=682|nodes=681|lines=1175
|sides=1829|blockmapInts=3764|blocklinks=864|rejectBytes=4141
PMLE_LIVE_REPLAY_WINDOW|through_tic=4100|tics=100|wall_ms=3088.749|monotonic_cen
tiseconds=309|monotonic_tps=32.362|memory=iwadBytes=28795076|frameBytes=64000|th
inkers=236|mobjs=227|killMonsters=29|livingMonsters=17|awakeMonsters=15|movingMo
nsters=0|vertexes=1196|segs=2057|sectors=182|subsectors=682|nodes=681|lines=1175
|sides=1829|blockmapInts=3764|blocklinks=864|rejectBytes=4141
PMLE_LIVE_REPLAY_WINDOW|through_tic=4200|tics=100|wall_ms=1434.674|monotonic_cen
tiseconds=144|monotonic_tps=69.444|memory=iwadBytes=28795076|frameBytes=64000|th
inkers=234|mobjs=225|killMonsters=29|livingMonsters=17|awakeMonsters=15|movingMo
nsters=0|vertexes=1196|segs=2057|sectors=182|subsectors=682|nodes=681|lines=1175
|sides=1829|blockmapInts=3764|blocklinks=864|rejectBytes=4141
PMLE_LIVE_REPLAY_WINDOW|through_tic=4300|tics=100|wall_ms=1041.834|monotonic_cen
tiseconds=104|monotonic_tps=96.154|memory=iwadBytes=28795076|frameBytes=64000|th
inkers=234|mobjs=225|killMonsters=29|livingMonsters=17|awakeMonsters=15|movingMo
nsters=0|vertexes=1196|segs=2057|sectors=182|subsectors=682|nodes=681|lines=1175
|sides=1829|blockmapInts=3764|blocklinks=864|rejectBytes=4141
PMLE_LIVE_REPLAY_WINDOW|through_tic=4400|tics=100|wall_ms=1037.123|monotonic_cen
tiseconds=104|monotonic_tps=96.154|memory=iwadBytes=28795076|frameBytes=64000|th
inkers=234|mobjs=225|killMonsters=29|livingMonsters=17|awakeMonsters=15|movingMo
nsters=0|vertexes=1196|segs=2057|sectors=182|subsectors=682|nodes=681|lines=1175
|sides=1829|blockmapInts=3764|blocklinks=864|rejectBytes=4141
PMLE_LIVE_REPLAY_WINDOW|through_tic=4500|tics=100|wall_ms=1025.908|monotonic_cen
tiseconds=103|monotonic_tps=97.087|memory=iwadBytes=28795076|frameBytes=64000|th
inkers=234|mobjs=225|killMonsters=29|livingMonsters=17|awakeMonsters=15|movingMo
nsters=0|vertexes=1196|segs=2057|sectors=182|subsectors=682|nodes=681|lines=1175
|sides=1829|blockmapInts=3764|blocklinks=864|rejectBytes=4141
PMLE_LIVE_REPLAY_WINDOW|through_tic=4600|tics=100|wall_ms=1022.153|monotonic_cen
tiseconds=102|monotonic_tps=98.039|memory=iwadBytes=28795076|frameBytes=64000|th
inkers=234|mobjs=225|killMonsters=29|livingMonsters=17|awakeMonsters=15|movingMo
nsters=0|vertexes=1196|segs=2057|sectors=182|subsectors=682|nodes=681|lines=1175
|sides=1829|blockmapInts=3764|blocklinks=864|rejectBytes=4141
PMLE_LIVE_REPLAY_WINDOW|through_tic=4700|tics=100|wall_ms=1080.236|monotonic_cen
tiseconds=108|monotonic_tps=92.593|memory=iwadBytes=28795076|frameBytes=64000|th
inkers=234|mobjs=225|killMonsters=29|livingMonsters=17|awakeMonsters=15|movingMo
nsters=0|vertexes=1196|segs=2057|sectors=182|subsectors=682|nodes=681|lines=1175
|sides=1829|blockmapInts=3764|blocklinks=864|rejectBytes=4141
PMLE_LIVE_REPLAY_WINDOW|through_tic=4800|tics=100|wall_ms=1043.895|monotonic_cen
tiseconds=104|monotonic_tps=96.154|memory=iwadBytes=28795076|frameBytes=64000|th
inkers=234|mobjs=225|killMonsters=29|livingMonsters=17|awakeMonsters=15|movingMo
nsters=0|vertexes=1196|segs=2057|sectors=182|subsectors=682|nodes=681|lines=1175
|sides=1829|blockmapInts=3764|blocklinks=864|rejectBytes=4141
PMLE_LIVE_REPLAY_WINDOW|through_tic=4900|tics=100|wall_ms=1028.82|monotonic_cent
iseconds=103|monotonic_tps=97.087|memory=iwadBytes=28795076|frameBytes=64000|thi
nkers=234|mobjs=225|killMonsters=29|livingMonsters=17|awakeMonsters=15|movingMon
sters=0|vertexes=1196|segs=2057|sectors=182|subsectors=682|nodes=681|lines=1175|
sides=1829|blockmapInts=3764|blocklinks=864|rejectBytes=4141
PMLE_LIVE_REPLAY_WINDOW|through_tic=5000|tics=100|wall_ms=1024.847|monotonic_cen
tiseconds=103|monotonic_tps=97.087|memory=iwadBytes=28795076|frameBytes=64000|th
inkers=234|mobjs=225|killMonsters=29|livingMonsters=17|awakeMonsters=15|movingMo
nsters=0|vertexes=1196|segs=2057|sectors=182|subsectors=682|nodes=681|lines=1175
|sides=1829|blockmapInts=3764|blocklinks=864|rejectBytes=4141
PMLE_LIVE_REPLAY_WINDOW|through_tic=5100|tics=100|wall_ms=1022.717|monotonic_cen
tiseconds=103|monotonic_tps=97.087|memory=iwadBytes=28795076|frameBytes=64000|th
inkers=234|mobjs=225|killMonsters=29|livingMonsters=17|awakeMonsters=15|movingMo
nsters=0|vertexes=1196|segs=2057|sectors=182|subsectors=682|nodes=681|lines=1175
|sides=1829|blockmapInts=3764|blocklinks=864|rejectBytes=4141
PMLE_LIVE_REPLAY_WINDOW|through_tic=5200|tics=100|wall_ms=1065.751|monotonic_cen
tiseconds=106|monotonic_tps=94.34|memory=iwadBytes=28795076|frameBytes=64000|thi
nkers=234|mobjs=225|killMonsters=29|livingMonsters=17|awakeMonsters=15|movingMon
sters=0|vertexes=1196|segs=2057|sectors=182|subsectors=682|nodes=681|lines=1175|
sides=1829|blockmapInts=3764|blocklinks=864|rejectBytes=4141
PMLE_LIVE_REPLAY_WINDOW|through_tic=5250|tics=50|wall_ms=544.617|monotonic_centi
seconds=55|monotonic_tps=90.909|memory=iwadBytes=28795076|frameBytes=64000|think
ers=234|mobjs=225|killMonsters=29|livingMonsters=17|awakeMonsters=15|movingMonst
ers=0|vertexes=1196|segs=2057|sectors=182|subsectors=682|nodes=681|lines=1175|si
des=1829|blockmapInts=3764|blocklinks=864|rejectBytes=4141
PMLE_LIVE_REPLAY_MEMORY|iwadBytes=28795076|frameBytes=64000|thinkers=234|mobjs=2
25|killMonsters=29|livingMonsters=17|awakeMonsters=15|movingMonsters=0|vertexes=
1196|segs=2057|sectors=182|subsectors=682|nodes=681|lines=1175|sides=1829|blockm
apInts=3764|blocklinks=864|rejectBytes=4141
P_GetNodesVersion: using normal BSP nodes
Max size 65990
PMLE_LIVE_REPLAY_WARM_PREFIX|after_full_tics=5250|tics=500|p50_ms=109.338|p95_ms
=204.222|p99_ms=267.479|max_ms=289.78|throughput_tps=8.822|monotonic_centisecond
s=5667|monotonic_tps=8.823
