PMLE_HOST_QUIESCENCE|PASS|docker_builds=0|compiles=0|verifiers=0
PMLE_DECPS_ARTIFACT|sha256=5ec18cbe4cff7192d384e81d1010e0133d357d44ff17fa65821e1489c4fd1ee3|bytes=1081335|phase=interpreter

Session altered.


Session altered.


Session altered.


Session altered.

PMLE_ENVIRONMENT|cpu_count=2|resource_plan=DEFAULT_PLAN|cpu_managed=ON|pdb_cpu_count=2|pdb_utilization_limit=50|pdb_running_sessions_limit=2|pdb_plan=DEFAULT_CDB_PLAN

Session altered.


Session altered.


Session altered.


Session altered.

6 command-line variables
M_LoadDefaults: Load system defaults.
M_Random: Using DelegateRandom.
-iwad specified. Will be used with priority
ITicker: Using nanosecond accuracy timer.
FreeDoom: Phase 1	   v1.9
W_Init: Init WADfiles.
	added freedoom1.wad (zipped: false network: true)
VI_Init: set palettes.
Palette: 3584 colors
VI_Init: set colormaps.
Colormaps: 35
V_Init: allocate screens.
AM_Init: Init Automap colors -
===========================================================================
Copyright © 2001-2017 Contributors to the Freedoom project.
All rights reserved.
See: https://github.com/freedoom/freedoom/blob/master/COPYING.adoc
===========================================================================
Tables.InitTables: Init trigonometric LUTs.
M_Init: Init miscellaneous info.
R_Init: Init DOOM refresh daemon -
P_Init: Init Playloop state.
false NUKAGE1 NUKAGE3 8
false FWATER1 FWATER4 8
false SWATER1 SWATER4 8
false LAVA1 LAVA4 8
false BLOOD1 BLOOD3 8
false RROCK05 RROCK08 8
false SLIME01 SLIME04 8
false SLIME05 SLIME08 8
false SLIME09 SLIME12 8
I_Init: Setting up machine state.
D_CheckNetGame: Checking network game status.
startskill sk_medium  deathmatch: false  startmap: 1  startepisode: 1
player 1 of 1 (1 nodes)
S_Init: Setting up sound.
M_Random: Switching to DoomRandom (new instance)
P_GetNodesVersion: using normal BSP nodes
PMLE_LIVE_REPLAY_INIT|stream=live-dm-2026-07-23|wall_ms=41060.411
PMLE_LIVE_REPLAY_TIC|tic=1|mle_ms=65.044
PMLE_LIVE_REPLAY_TIC|tic=2|mle_ms=33.194
PMLE_LIVE_REPLAY_TIC|tic=3|mle_ms=20.221
PMLE_LIVE_REPLAY_TIC|tic=4|mle_ms=43.995
PMLE_LIVE_REPLAY_TIC|tic=5|mle_ms=16.44
PMLE_LIVE_REPLAY_TIC|tic=6|mle_ms=27.056
PMLE_LIVE_REPLAY_TIC|tic=7|mle_ms=98.802
PMLE_LIVE_REPLAY_TIC|tic=8|mle_ms=33.359
PMLE_LIVE_REPLAY_TIC|tic=9|mle_ms=58.432
PMLE_LIVE_REPLAY_TIC|tic=10|mle_ms=135.414
PMLE_LIVE_REPLAY_TIC|tic=11|mle_ms=53.415
PMLE_LIVE_REPLAY_TIC|tic=12|mle_ms=29.094
PMLE_LIVE_REPLAY_TIC|tic=13|mle_ms=87.33
PMLE_LIVE_REPLAY_TIC|tic=14|mle_ms=85.533
PMLE_LIVE_REPLAY_TIC|tic=15|mle_ms=81.769
PMLE_LIVE_REPLAY_TIC|tic=16|mle_ms=83.981
PMLE_LIVE_REPLAY_TIC|tic=17|mle_ms=46.041
PMLE_LIVE_REPLAY_TIC|tic=18|mle_ms=67.167
PMLE_LIVE_REPLAY_TIC|tic=19|mle_ms=75.213
PMLE_LIVE_REPLAY_TIC|tic=20|mle_ms=43.316
PMLE_LIVE_REPLAY_TIC|tic=21|mle_ms=142.494
PMLE_LIVE_REPLAY_TIC|tic=22|mle_ms=105.236
PMLE_LIVE_REPLAY_TIC|tic=23|mle_ms=54.545
PMLE_LIVE_REPLAY_TIC|tic=24|mle_ms=79.537
PMLE_LIVE_REPLAY_TIC|tic=25|mle_ms=61.711
PMLE_LIVE_REPLAY_TIC|tic=26|mle_ms=55.206
PMLE_LIVE_REPLAY_TIC|tic=27|mle_ms=78.173
PMLE_LIVE_REPLAY_TIC|tic=28|mle_ms=101.164
PMLE_LIVE_REPLAY_TIC|tic=29|mle_ms=28.069
PMLE_LIVE_REPLAY_TIC|tic=30|mle_ms=53.137
PMLE_LIVE_REPLAY_TIC|tic=31|mle_ms=108.318
PMLE_LIVE_REPLAY_TIC|tic=32|mle_ms=30.114
PMLE_LIVE_REPLAY_TIC|tic=33|mle_ms=74.874
PMLE_LIVE_REPLAY_TIC|tic=34|mle_ms=90.814
PMLE_LIVE_REPLAY_TIC|tic=35|mle_ms=30.471
PMLE_LIVE_REPLAY_TIC|tic=36|mle_ms=66.493
PMLE_LIVE_REPLAY_TIC|tic=37|mle_ms=92.214
PMLE_LIVE_REPLAY_TIC|tic=38|mle_ms=49.164
PMLE_LIVE_REPLAY_TIC|tic=39|mle_ms=40.197
PMLE_LIVE_REPLAY_TIC|tic=40|mle_ms=122.574
PMLE_LIVE_REPLAY_TIC|tic=41|mle_ms=58.255
PMLE_LIVE_REPLAY_TIC|tic=42|mle_ms=46.339
PMLE_LIVE_REPLAY_TIC|tic=43|mle_ms=110.832
PMLE_LIVE_REPLAY_TIC|tic=44|mle_ms=52.251
PMLE_LIVE_REPLAY_TIC|tic=45|mle_ms=49.911
PMLE_LIVE_REPLAY_TIC|tic=46|mle_ms=107.891
PMLE_LIVE_REPLAY_TIC|tic=47|mle_ms=59.133
PMLE_LIVE_REPLAY_TIC|tic=48|mle_ms=84.952
PMLE_LIVE_REPLAY_TIC|tic=49|mle_ms=105.119
PMLE_LIVE_REPLAY_TIC|tic=50|mle_ms=52.228
PMLE_LIVE_REPLAY_TIC|tic=51|mle_ms=103.485
PMLE_LIVE_REPLAY_TIC|tic=52|mle_ms=86.912
PMLE_LIVE_REPLAY_TIC|tic=53|mle_ms=38.22
PMLE_LIVE_REPLAY_TIC|tic=54|mle_ms=59.764
PMLE_LIVE_REPLAY_TIC|tic=55|mle_ms=98.473
PMLE_LIVE_REPLAY_TIC|tic=56|mle_ms=55.087
PMLE_LIVE_REPLAY_TIC|tic=57|mle_ms=58.965
PMLE_LIVE_REPLAY_TIC|tic=58|mle_ms=106.548
PMLE_LIVE_REPLAY_TIC|tic=59|mle_ms=23.505
PMLE_LIVE_REPLAY_TIC|tic=60|mle_ms=175.875
PMLE_LIVE_REPLAY_TIC|tic=61|mle_ms=132.272
PMLE_LIVE_REPLAY_TIC|tic=62|mle_ms=34.645
PMLE_LIVE_REPLAY_TIC|tic=63|mle_ms=89.535
PMLE_LIVE_REPLAY_TIC|tic=64|mle_ms=135.208
PMLE_LIVE_REPLAY_TIC|tic=65|mle_ms=23.701
PMLE_LIVE_REPLAY_TIC|tic=66|mle_ms=88.966
PMLE_LIVE_REPLAY_TIC|tic=67|mle_ms=102.311
PMLE_LIVE_REPLAY_TIC|tic=68|mle_ms=41.709
PMLE_LIVE_REPLAY_TIC|tic=69|mle_ms=49.753
PMLE_LIVE_REPLAY_TIC|tic=70|mle_ms=97.996
PMLE_LIVE_REPLAY_TIC|tic=71|mle_ms=76.371
PMLE_LIVE_REPLAY_TIC|tic=72|mle_ms=47.421
PMLE_LIVE_REPLAY_TIC|tic=73|mle_ms=124.528
PMLE_LIVE_REPLAY_TIC|tic=74|mle_ms=42.412
PMLE_LIVE_REPLAY_TIC|tic=75|mle_ms=60.548
PMLE_LIVE_REPLAY_TIC|tic=76|mle_ms=106.579
PMLE_LIVE_REPLAY_TIC|tic=77|mle_ms=50.942
PMLE_LIVE_REPLAY_TIC|tic=78|mle_ms=51.942
PMLE_LIVE_REPLAY_TIC|tic=79|mle_ms=93.651
PMLE_LIVE_REPLAY_TIC|tic=80|mle_ms=25.775
PMLE_LIVE_REPLAY_TIC|tic=81|mle_ms=97.284
PMLE_LIVE_REPLAY_TIC|tic=82|mle_ms=112.061
PMLE_LIVE_REPLAY_TIC|tic=83|mle_ms=56.374
PMLE_LIVE_REPLAY_TIC|tic=84|mle_ms=60.168
PMLE_LIVE_REPLAY_TIC|tic=85|mle_ms=88.114
PMLE_LIVE_REPLAY_TIC|tic=86|mle_ms=50.345
PMLE_LIVE_REPLAY_TIC|tic=87|mle_ms=83.572
PMLE_LIVE_REPLAY_TIC|tic=88|mle_ms=116.342
PMLE_LIVE_REPLAY_TIC|tic=89|mle_ms=40.324
PMLE_LIVE_REPLAY_TIC|tic=90|mle_ms=66.001
PMLE_LIVE_REPLAY_TIC|tic=91|mle_ms=151.298
PMLE_LIVE_REPLAY_TIC|tic=92|mle_ms=44.723
PMLE_LIVE_REPLAY_TIC|tic=93|mle_ms=57.633
PMLE_LIVE_REPLAY_TIC|tic=94|mle_ms=105.804
PMLE_LIVE_REPLAY_TIC|tic=95|mle_ms=28.858
PMLE_LIVE_REPLAY_TIC|tic=96|mle_ms=74.922
PMLE_LIVE_REPLAY_TIC|tic=97|mle_ms=112.926
PMLE_LIVE_REPLAY_TIC|tic=98|mle_ms=47.748
PMLE_LIVE_REPLAY_TIC|tic=99|mle_ms=33.988
PMLE_LIVE_REPLAY_TIC|tic=100|mle_ms=94.098
PMLE_LIVE_REPLAY_TIC|tic=101|mle_ms=61.447
PMLE_LIVE_REPLAY_TIC|tic=102|mle_ms=55.472
PMLE_LIVE_REPLAY_TIC|tic=103|mle_ms=104.057
PMLE_LIVE_REPLAY_TIC|tic=104|mle_ms=43.057
PMLE_LIVE_REPLAY_TIC|tic=105|mle_ms=30.582
PMLE_LIVE_REPLAY_TIC|tic=106|mle_ms=158.256
PMLE_LIVE_REPLAY_TIC|tic=107|mle_ms=49.183
PMLE_LIVE_REPLAY_TIC|tic=108|mle_ms=64.273
PMLE_LIVE_REPLAY_TIC|tic=109|mle_ms=103.483
PMLE_LIVE_REPLAY_TIC|tic=110|mle_ms=36.742
PMLE_LIVE_REPLAY_TIC|tic=111|mle_ms=184.001
PMLE_LIVE_REPLAY_TIC|tic=112|mle_ms=100.977
PMLE_LIVE_REPLAY_TIC|tic=113|mle_ms=45.805
PMLE_LIVE_REPLAY_TIC|tic=114|mle_ms=86.173
PMLE_LIVE_REPLAY_TIC|tic=115|mle_ms=100.227
PMLE_LIVE_REPLAY_TIC|tic=116|mle_ms=54.111
PMLE_LIVE_REPLAY_TIC|tic=117|mle_ms=92.662
PMLE_LIVE_REPLAY_TIC|tic=118|mle_ms=139.571
PMLE_LIVE_REPLAY_TIC|tic=119|mle_ms=31.33
PMLE_LIVE_REPLAY_TIC|tic=120|mle_ms=61.394
PMLE_LIVE_REPLAY_TIC|tic=121|mle_ms=142.249
PMLE_LIVE_REPLAY_TIC|tic=122|mle_ms=30.84
PMLE_LIVE_REPLAY_TIC|tic=123|mle_ms=77.812
PMLE_LIVE_REPLAY_TIC|tic=124|mle_ms=129.269
PMLE_LIVE_REPLAY_TIC|tic=125|mle_ms=32.726
PMLE_LIVE_REPLAY_TIC|tic=126|mle_ms=76.014
PMLE_LIVE_REPLAY_TIC|tic=127|mle_ms=124.435
PMLE_LIVE_REPLAY_TIC|tic=128|mle_ms=44.74
PMLE_LIVE_REPLAY_TIC|tic=129|mle_ms=74.252
PMLE_LIVE_REPLAY_TIC|tic=130|mle_ms=191.586
PMLE_LIVE_REPLAY_TIC|tic=131|mle_ms=91.186
PMLE_LIVE_REPLAY_TIC|tic=132|mle_ms=51.675
PMLE_LIVE_REPLAY_TIC|tic=133|mle_ms=124.287
PMLE_LIVE_REPLAY_TIC|tic=134|mle_ms=133.808
PMLE_LIVE_REPLAY_TIC|tic=135|mle_ms=55.759
PMLE_LIVE_REPLAY_TIC|tic=136|mle_ms=104.137
PMLE_LIVE_REPLAY_TIC|tic=137|mle_ms=113.921
PMLE_LIVE_REPLAY_TIC|tic=138|mle_ms=83.944
PMLE_LIVE_REPLAY_TIC|tic=139|mle_ms=122.97
PMLE_LIVE_REPLAY_TIC|tic=140|mle_ms=59.029
PMLE_LIVE_REPLAY_TIC|tic=141|mle_ms=97.15
PMLE_LIVE_REPLAY_TIC|tic=142|mle_ms=99.195
PMLE_LIVE_REPLAY_TIC|tic=143|mle_ms=98.699
PMLE_LIVE_REPLAY_TIC|tic=144|mle_ms=57.759
PMLE_LIVE_REPLAY_TIC|tic=145|mle_ms=114.863
PMLE_LIVE_REPLAY_TIC|tic=146|mle_ms=101.869
PMLE_LIVE_REPLAY_TIC|tic=147|mle_ms=76.408
PMLE_LIVE_REPLAY_TIC|tic=148|mle_ms=94.278
PMLE_LIVE_REPLAY_TIC|tic=149|mle_ms=162.977
PMLE_LIVE_REPLAY_TIC|tic=150|mle_ms=76.092
PMLE_LIVE_REPLAY_TIC|tic=151|mle_ms=112.556
PMLE_LIVE_REPLAY_TIC|tic=152|mle_ms=59.635
PMLE_LIVE_REPLAY_TIC|tic=153|mle_ms=148.06
PMLE_LIVE_REPLAY_TIC|tic=154|mle_ms=130.716
PMLE_LIVE_REPLAY_TIC|tic=155|mle_ms=67.327
PMLE_LIVE_REPLAY_TIC|tic=156|mle_ms=76.226
PMLE_LIVE_REPLAY_TIC|tic=157|mle_ms=122.228
PMLE_LIVE_REPLAY_TIC|tic=158|mle_ms=66.45
PMLE_LIVE_REPLAY_TIC|tic=159|mle_ms=192.277
PMLE_LIVE_REPLAY_TIC|tic=160|mle_ms=82.598
PMLE_LIVE_REPLAY_TIC|tic=161|mle_ms=86.388
PMLE_LIVE_REPLAY_TIC|tic=162|mle_ms=92.645
PMLE_LIVE_REPLAY_TIC|tic=163|mle_ms=136.423
PMLE_LIVE_REPLAY_TIC|tic=164|mle_ms=60.784
PMLE_LIVE_REPLAY_TIC|tic=165|mle_ms=50.813
PMLE_LIVE_REPLAY_TIC|tic=166|mle_ms=118.31
PMLE_LIVE_REPLAY_TIC|tic=167|mle_ms=66.194
PMLE_LIVE_REPLAY_TIC|tic=168|mle_ms=170.454
PMLE_LIVE_REPLAY_TIC|tic=169|mle_ms=134.671
PMLE_LIVE_REPLAY_TIC|tic=170|mle_ms=102.735
PMLE_LIVE_REPLAY_TIC|tic=171|mle_ms=118.255
PMLE_LIVE_REPLAY_TIC|tic=172|mle_ms=211.101
PMLE_LIVE_REPLAY_TIC|tic=173|mle_ms=102.229
PMLE_LIVE_REPLAY_TIC|tic=174|mle_ms=147.707
PMLE_LIVE_REPLAY_TIC|tic=175|mle_ms=132.452
PMLE_LIVE_REPLAY_TIC|tic=176|mle_ms=115.605
PMLE_LIVE_REPLAY_TIC|tic=177|mle_ms=123.348
PMLE_LIVE_REPLAY_TIC|tic=178|mle_ms=162.137
PMLE_LIVE_REPLAY_TIC|tic=179|mle_ms=121.279
PMLE_LIVE_REPLAY_TIC|tic=180|mle_ms=103.097
PMLE_LIVE_REPLAY_TIC|tic=181|mle_ms=153.295
PMLE_LIVE_REPLAY_TIC|tic=182|mle_ms=129.03
PMLE_LIVE_REPLAY_TIC|tic=183|mle_ms=150.506
PMLE_LIVE_REPLAY_TIC|tic=184|mle_ms=139.987
PMLE_LIVE_REPLAY_TIC|tic=185|mle_ms=259.255
PMLE_LIVE_REPLAY_TIC|tic=186|mle_ms=144.07
PMLE_LIVE_REPLAY_TIC|tic=187|mle_ms=240.593
PMLE_LIVE_REPLAY_TIC|tic=188|mle_ms=136.855
PMLE_LIVE_REPLAY_TIC|tic=189|mle_ms=198.863
PMLE_LIVE_REPLAY_TIC|tic=190|mle_ms=139.847
PMLE_LIVE_REPLAY_TIC|tic=191|mle_ms=195.146
PMLE_LIVE_REPLAY_TIC|tic=192|mle_ms=-33.132
PMLE_LIVE_REPLAY_TIC|tic=193|mle_ms=128.228
PMLE_LIVE_REPLAY_TIC|tic=194|mle_ms=147.869
PMLE_LIVE_REPLAY_TIC|tic=195|mle_ms=96.23
PMLE_LIVE_REPLAY_TIC|tic=196|mle_ms=138.282
PMLE_LIVE_REPLAY_TIC|tic=197|mle_ms=149.138
PMLE_LIVE_REPLAY_TIC|tic=198|mle_ms=132.422
PMLE_LIVE_REPLAY_TIC|tic=199|mle_ms=126.843
PMLE_LIVE_REPLAY_TIC|tic=200|mle_ms=124.977
PMLE_LIVE_REPLAY_TIC|tic=201|mle_ms=147.177
PMLE_LIVE_REPLAY_TIC|tic=202|mle_ms=125.084
PMLE_LIVE_REPLAY_TIC|tic=203|mle_ms=136.772
PMLE_LIVE_REPLAY_TIC|tic=204|mle_ms=94.408
PMLE_LIVE_REPLAY_TIC|tic=205|mle_ms=141.658
PMLE_LIVE_REPLAY_TIC|tic=206|mle_ms=337.626
PMLE_LIVE_REPLAY_TIC|tic=207|mle_ms=151.215
PMLE_LIVE_REPLAY_TIC|tic=208|mle_ms=340.791
PMLE_LIVE_REPLAY_TIC|tic=209|mle_ms=163.942
PMLE_LIVE_REPLAY_TIC|tic=210|mle_ms=183.949
PMLE_LIVE_REPLAY_TIC|tic=211|mle_ms=156.438
PMLE_LIVE_REPLAY_TIC|tic=212|mle_ms=171.667
PMLE_LIVE_REPLAY_TIC|tic=213|mle_ms=107.739
PMLE_LIVE_REPLAY_TIC|tic=214|mle_ms=140.23
PMLE_LIVE_REPLAY_TIC|tic=215|mle_ms=141.863
PMLE_LIVE_REPLAY_TIC|tic=216|mle_ms=100.131
PMLE_LIVE_REPLAY_TIC|tic=217|mle_ms=122.065
PMLE_LIVE_REPLAY_TIC|tic=218|mle_ms=142.842
PMLE_LIVE_REPLAY_TIC|tic=219|mle_ms=80.553
PMLE_LIVE_REPLAY_TIC|tic=220|mle_ms=129.841
PMLE_LIVE_REPLAY_TIC|tic=221|mle_ms=165.42
PMLE_LIVE_REPLAY_TIC|tic=222|mle_ms=106.058
PMLE_LIVE_REPLAY_TIC|tic=223|mle_ms=142.052
PMLE_LIVE_REPLAY_TIC|tic=224|mle_ms=113.521
PMLE_LIVE_REPLAY_TIC|tic=225|mle_ms=178.222
PMLE_LIVE_REPLAY_TIC|tic=226|mle_ms=160.091
PMLE_LIVE_REPLAY_TIC|tic=227|mle_ms=117.113
PMLE_LIVE_REPLAY_TIC|tic=228|mle_ms=92.109
PMLE_LIVE_REPLAY_TIC|tic=229|mle_ms=203.495
PMLE_LIVE_REPLAY_TIC|tic=230|mle_ms=180.469
PMLE_LIVE_REPLAY_TIC|tic=231|mle_ms=123.379
PMLE_LIVE_REPLAY_TIC|tic=232|mle_ms=108.705
PMLE_LIVE_REPLAY_TIC|tic=233|mle_ms=139.671
PMLE_LIVE_REPLAY_TIC|tic=234|mle_ms=81.768
PMLE_LIVE_REPLAY_TIC|tic=235|mle_ms=117.695
PMLE_LIVE_REPLAY_TIC|tic=236|mle_ms=286.603
PMLE_LIVE_REPLAY_TIC|tic=237|mle_ms=93.484
PMLE_LIVE_REPLAY_TIC|tic=238|mle_ms=128.482
PMLE_LIVE_REPLAY_TIC|tic=239|mle_ms=105.999
PMLE_LIVE_REPLAY_TIC|tic=240|mle_ms=56.493
PMLE_LIVE_REPLAY_TIC|tic=241|mle_ms=150.659
PMLE_LIVE_REPLAY_TIC|tic=242|mle_ms=108.26
PMLE_LIVE_REPLAY_TIC|tic=243|mle_ms=123.477
PMLE_LIVE_REPLAY_TIC|tic=244|mle_ms=285.418
PMLE_LIVE_REPLAY_TIC|tic=245|mle_ms=267.007
PMLE_LIVE_REPLAY_TIC|tic=246|mle_ms=103.841
PMLE_LIVE_REPLAY_TIC|tic=247|mle_ms=162.289
PMLE_LIVE_REPLAY_TIC|tic=248|mle_ms=132.184
PMLE_LIVE_REPLAY_TIC|tic=249|mle_ms=91.584
PMLE_LIVE_REPLAY_TIC|tic=250|mle_ms=139.978
PMLE_LIVE_REPLAY_TIC|tic=251|mle_ms=162.432
PMLE_LIVE_REPLAY_TIC|tic=252|mle_ms=49.739
PMLE_LIVE_REPLAY_TIC|tic=253|mle_ms=152.07
PMLE_LIVE_REPLAY_TIC|tic=254|mle_ms=117.87
PMLE_LIVE_REPLAY_TIC|tic=255|mle_ms=75.469
PMLE_LIVE_REPLAY_TIC|tic=256|mle_ms=127.691
PMLE_LIVE_REPLAY_TIC|tic=257|mle_ms=117.913
PMLE_LIVE_REPLAY_TIC|tic=258|mle_ms=69.02
PMLE_LIVE_REPLAY_TIC|tic=259|mle_ms=126.766
PMLE_LIVE_REPLAY_TIC|tic=260|mle_ms=119.197
PMLE_LIVE_REPLAY_TIC|tic=261|mle_ms=144.834
PMLE_LIVE_REPLAY_TIC|tic=262|mle_ms=151.883
PMLE_LIVE_REPLAY_TIC|tic=263|mle_ms=121.482
PMLE_LIVE_REPLAY_TIC|tic=264|mle_ms=168.215
PMLE_LIVE_REPLAY_TIC|tic=265|mle_ms=142.422
PMLE_LIVE_REPLAY_TIC|tic=266|mle_ms=130.541
PMLE_LIVE_REPLAY_TIC|tic=267|mle_ms=249.706
PMLE_LIVE_REPLAY_TIC|tic=268|mle_ms=183.393
PMLE_LIVE_REPLAY_TIC|tic=269|mle_ms=113.677
PMLE_LIVE_REPLAY_TIC|tic=270|mle_ms=73.685
PMLE_LIVE_REPLAY_TIC|tic=271|mle_ms=193.974
PMLE_LIVE_REPLAY_TIC|tic=272|mle_ms=116.765
PMLE_LIVE_REPLAY_TIC|tic=273|mle_ms=131.44
PMLE_LIVE_REPLAY_TIC|tic=274|mle_ms=117.721
PMLE_LIVE_REPLAY_TIC|tic=275|mle_ms=88.644
PMLE_LIVE_REPLAY_TIC|tic=276|mle_ms=92.539
PMLE_LIVE_REPLAY_TIC|tic=277|mle_ms=173.098
PMLE_LIVE_REPLAY_TIC|tic=278|mle_ms=92.862
PMLE_LIVE_REPLAY_TIC|tic=279|mle_ms=149.57
PMLE_LIVE_REPLAY_TIC|tic=280|mle_ms=106.724
PMLE_LIVE_REPLAY_TIC|tic=281|mle_ms=140.701
PMLE_LIVE_REPLAY_TIC|tic=282|mle_ms=77.456
PMLE_LIVE_REPLAY_TIC|tic=283|mle_ms=241.5
PMLE_LIVE_REPLAY_TIC|tic=284|mle_ms=80.772
PMLE_LIVE_REPLAY_TIC|tic=285|mle_ms=83.514
PMLE_LIVE_REPLAY_TIC|tic=286|mle_ms=160.413
PMLE_LIVE_REPLAY_TIC|tic=287|mle_ms=195.964
PMLE_LIVE_REPLAY_TIC|tic=288|mle_ms=100.045
PMLE_LIVE_REPLAY_TIC|tic=289|mle_ms=157.165
PMLE_LIVE_REPLAY_TIC|tic=290|mle_ms=106.631
PMLE_LIVE_REPLAY_TIC|tic=291|mle_ms=123.487
PMLE_LIVE_REPLAY_TIC|tic=292|mle_ms=128.014
PMLE_LIVE_REPLAY_TIC|tic=293|mle_ms=269.072
PMLE_LIVE_REPLAY_TIC|tic=294|mle_ms=100.223
PMLE_LIVE_REPLAY_TIC|tic=295|mle_ms=123.523
PMLE_LIVE_REPLAY_TIC|tic=296|mle_ms=100.403
PMLE_LIVE_REPLAY_TIC|tic=297|mle_ms=241.046
PMLE_LIVE_REPLAY_TIC|tic=298|mle_ms=131.609
PMLE_LIVE_REPLAY_TIC|tic=299|mle_ms=106.664
PMLE_LIVE_REPLAY_TIC|tic=300|mle_ms=96.873
PMLE_LIVE_REPLAY_TIC|tic=301|mle_ms=227.578
PMLE_LIVE_REPLAY_TIC|tic=302|mle_ms=85.892
PMLE_LIVE_REPLAY_TIC|tic=303|mle_ms=179.275
PMLE_LIVE_REPLAY_TIC|tic=304|mle_ms=90.322
PMLE_LIVE_REPLAY_TIC|tic=305|mle_ms=81.788
PMLE_LIVE_REPLAY_TIC|tic=306|mle_ms=95.57
PMLE_LIVE_REPLAY_TIC|tic=307|mle_ms=251.923
PMLE_LIVE_REPLAY_TIC|tic=308|mle_ms=78.027
PMLE_LIVE_REPLAY_TIC|tic=309|mle_ms=69.834
PMLE_LIVE_REPLAY_TIC|tic=310|mle_ms=133.959
PMLE_LIVE_REPLAY_TIC|tic=311|mle_ms=162.286
PMLE_LIVE_REPLAY_TIC|tic=312|mle_ms=60.211
PMLE_LIVE_REPLAY_TIC|tic=313|mle_ms=155.518
PMLE_LIVE_REPLAY_TIC|tic=314|mle_ms=121.22
PMLE_LIVE_REPLAY_TIC|tic=315|mle_ms=69.439
PMLE_LIVE_REPLAY_TIC|tic=316|mle_ms=232.647
PMLE_LIVE_REPLAY_TIC|tic=317|mle_ms=80.635
PMLE_LIVE_REPLAY_TIC|tic=318|mle_ms=64.277
PMLE_LIVE_REPLAY_TIC|tic=319|mle_ms=107.433
PMLE_LIVE_REPLAY_TIC|tic=320|mle_ms=145.493
PMLE_LIVE_REPLAY_TIC|tic=321|mle_ms=104.906
PMLE_LIVE_REPLAY_TIC|tic=322|mle_ms=152.483
PMLE_LIVE_REPLAY_TIC|tic=323|mle_ms=152.55
PMLE_LIVE_REPLAY_TIC|tic=324|mle_ms=85.888
PMLE_LIVE_REPLAY_TIC|tic=325|mle_ms=116.419
PMLE_LIVE_REPLAY_TIC|tic=326|mle_ms=129.49
PMLE_LIVE_REPLAY_TIC|tic=327|mle_ms=53.631
PMLE_LIVE_REPLAY_TIC|tic=328|mle_ms=149.667
PMLE_LIVE_REPLAY_TIC|tic=329|mle_ms=158.365
PMLE_LIVE_REPLAY_TIC|tic=330|mle_ms=93.754
PMLE_LIVE_REPLAY_TIC|tic=331|mle_ms=201.411
PMLE_LIVE_REPLAY_TIC|tic=332|mle_ms=110.083
PMLE_LIVE_REPLAY_TIC|tic=333|mle_ms=67.014
PMLE_LIVE_REPLAY_TIC|tic=334|mle_ms=150.4
PMLE_LIVE_REPLAY_TIC|tic=335|mle_ms=221.264
PMLE_LIVE_REPLAY_TIC|tic=336|mle_ms=102.773
PMLE_LIVE_REPLAY_TIC|tic=337|mle_ms=135.834
PMLE_LIVE_REPLAY_TIC|tic=338|mle_ms=118.912
PMLE_LIVE_REPLAY_TIC|tic=339|mle_ms=131.57
PMLE_LIVE_REPLAY_TIC|tic=340|mle_ms=31.149
PMLE_LIVE_REPLAY_TIC|tic=341|mle_ms=164.03
PMLE_LIVE_REPLAY_TIC|tic=342|mle_ms=80.582
PMLE_LIVE_REPLAY_TIC|tic=343|mle_ms=142.581
PMLE_LIVE_REPLAY_TIC|tic=344|mle_ms=111.698
PMLE_LIVE_REPLAY_TIC|tic=345|mle_ms=88.756
PMLE_LIVE_REPLAY_TIC|tic=346|mle_ms=207.509
PMLE_LIVE_REPLAY_TIC|tic=347|mle_ms=128.961
PMLE_LIVE_REPLAY_TIC|tic=348|mle_ms=75.253
PMLE_LIVE_REPLAY_TIC|tic=349|mle_ms=130.385
PMLE_LIVE_REPLAY_TIC|tic=350|mle_ms=148.554
PMLE_LIVE_REPLAY_TIC|tic=351|mle_ms=106.849
PMLE_LIVE_REPLAY_TIC|tic=352|mle_ms=143.499
PMLE_LIVE_REPLAY_TIC|tic=353|mle_ms=164.533
PMLE_LIVE_REPLAY_TIC|tic=354|mle_ms=82.035
PMLE_LIVE_REPLAY_TIC|tic=355|mle_ms=249.671
PMLE_LIVE_REPLAY_TIC|tic=356|mle_ms=129.787
PMLE_LIVE_REPLAY_TIC|tic=357|mle_ms=78.862
PMLE_LIVE_REPLAY_TIC|tic=358|mle_ms=176.408
PMLE_LIVE_REPLAY_TIC|tic=359|mle_ms=174.186
PMLE_LIVE_REPLAY_TIC|tic=360|mle_ms=75.293
PMLE_LIVE_REPLAY_TIC|tic=361|mle_ms=177.875
PMLE_LIVE_REPLAY_TIC|tic=362|mle_ms=138.828
PMLE_LIVE_REPLAY_TIC|tic=363|mle_ms=84.055
PMLE_LIVE_REPLAY_TIC|tic=364|mle_ms=126.878
PMLE_LIVE_REPLAY_TIC|tic=365|mle_ms=125.932
PMLE_LIVE_REPLAY_TIC|tic=366|mle_ms=109.854
PMLE_LIVE_REPLAY_TIC|tic=367|mle_ms=140.245
PMLE_LIVE_REPLAY_TIC|tic=368|mle_ms=122.992
PMLE_LIVE_REPLAY_TIC|tic=369|mle_ms=86.472
PMLE_LIVE_REPLAY_TIC|tic=370|mle_ms=181.292
PMLE_LIVE_REPLAY_TIC|tic=371|mle_ms=149.136
PMLE_LIVE_REPLAY_TIC|tic=372|mle_ms=65.803
PMLE_LIVE_REPLAY_TIC|tic=373|mle_ms=165.695
PMLE_LIVE_REPLAY_TIC|tic=374|mle_ms=282.151
PMLE_LIVE_REPLAY_TIC|tic=375|mle_ms=61.704
PMLE_LIVE_REPLAY_TIC|tic=376|mle_ms=162.919
PMLE_LIVE_REPLAY_TIC|tic=377|mle_ms=109.174
PMLE_LIVE_REPLAY_TIC|tic=378|mle_ms=126.851
PMLE_LIVE_REPLAY_TIC|tic=379|mle_ms=151.376
PMLE_LIVE_REPLAY_TIC|tic=380|mle_ms=138.058
PMLE_LIVE_REPLAY_TIC|tic=381|mle_ms=61.34
PMLE_LIVE_REPLAY_TIC|tic=382|mle_ms=159.688
PMLE_LIVE_REPLAY_TIC|tic=383|mle_ms=133.614
PMLE_LIVE_REPLAY_TIC|tic=384|mle_ms=84.877
PMLE_LIVE_REPLAY_TIC|tic=385|mle_ms=150.433
PMLE_LIVE_REPLAY_TIC|tic=386|mle_ms=184.189
PMLE_LIVE_REPLAY_TIC|tic=387|mle_ms=94.845
PMLE_LIVE_REPLAY_TIC|tic=388|mle_ms=250.504
PMLE_LIVE_REPLAY_TIC|tic=389|mle_ms=134.547
PMLE_LIVE_REPLAY_TIC|tic=390|mle_ms=93.797
PMLE_LIVE_REPLAY_TIC|tic=391|mle_ms=183.488
PMLE_LIVE_REPLAY_TIC|tic=392|mle_ms=162.521
PMLE_LIVE_REPLAY_TIC|tic=393|mle_ms=107.852
PMLE_LIVE_REPLAY_TIC|tic=394|mle_ms=188.4
PMLE_LIVE_REPLAY_TIC|tic=395|mle_ms=181.401
PMLE_LIVE_REPLAY_TIC|tic=396|mle_ms=121.923
PMLE_LIVE_REPLAY_TIC|tic=397|mle_ms=165.617
PMLE_LIVE_REPLAY_TIC|tic=398|mle_ms=207.265
PMLE_LIVE_REPLAY_TIC|tic=399|mle_ms=94.146
PMLE_LIVE_REPLAY_TIC|tic=400|mle_ms=143.855
PMLE_LIVE_REPLAY_TIC|tic=401|mle_ms=152.413
PMLE_LIVE_REPLAY_TIC|tic=402|mle_ms=202.718
PMLE_LIVE_REPLAY_TIC|tic=403|mle_ms=187.02
PMLE_LIVE_REPLAY_TIC|tic=404|mle_ms=137.81
PMLE_LIVE_REPLAY_TIC|tic=405|mle_ms=98.748
PMLE_LIVE_REPLAY_TIC|tic=406|mle_ms=280.687
PMLE_LIVE_REPLAY_TIC|tic=407|mle_ms=176.76
PMLE_LIVE_REPLAY_TIC|tic=408|mle_ms=121.285
PMLE_LIVE_REPLAY_TIC|tic=409|mle_ms=140.753
PMLE_LIVE_REPLAY_TIC|tic=410|mle_ms=166.371
PMLE_LIVE_REPLAY_TIC|tic=411|mle_ms=144.883
PMLE_LIVE_REPLAY_TIC|tic=412|mle_ms=139.749
PMLE_LIVE_REPLAY_TIC|tic=413|mle_ms=164.92
PMLE_LIVE_REPLAY_TIC|tic=414|mle_ms=103.399
PMLE_LIVE_REPLAY_TIC|tic=415|mle_ms=121.877
PMLE_LIVE_REPLAY_TIC|tic=416|mle_ms=197.341
PMLE_LIVE_REPLAY_TIC|tic=417|mle_ms=91.995
PMLE_LIVE_REPLAY_TIC|tic=418|mle_ms=152.848
PMLE_LIVE_REPLAY_TIC|tic=419|mle_ms=143.757
PMLE_LIVE_REPLAY_TIC|tic=420|mle_ms=103.079
PMLE_LIVE_REPLAY_TIC|tic=421|mle_ms=133.891
PMLE_LIVE_REPLAY_TIC|tic=422|mle_ms=147.475
PMLE_LIVE_REPLAY_TIC|tic=423|mle_ms=105.435
PMLE_LIVE_REPLAY_TIC|tic=424|mle_ms=150.996
PMLE_LIVE_REPLAY_TIC|tic=425|mle_ms=241.206
PMLE_LIVE_REPLAY_TIC|tic=426|mle_ms=142.404
PMLE_LIVE_REPLAY_TIC|tic=427|mle_ms=151.549
PMLE_LIVE_REPLAY_TIC|tic=428|mle_ms=127.74
PMLE_LIVE_REPLAY_TIC|tic=429|mle_ms=140.292
PMLE_LIVE_REPLAY_TIC|tic=430|mle_ms=165.821
PMLE_LIVE_REPLAY_TIC|tic=431|mle_ms=119.423
PMLE_LIVE_REPLAY_TIC|tic=432|mle_ms=79.355
PMLE_LIVE_REPLAY_TIC|tic=433|mle_ms=137.822
PMLE_LIVE_REPLAY_TIC|tic=434|mle_ms=149.975
PMLE_LIVE_REPLAY_TIC|tic=435|mle_ms=86.89
PMLE_LIVE_REPLAY_TIC|tic=436|mle_ms=152.608
PMLE_LIVE_REPLAY_TIC|tic=437|mle_ms=106.516
PMLE_LIVE_REPLAY_TIC|tic=438|mle_ms=120.911
PMLE_LIVE_REPLAY_TIC|tic=439|mle_ms=132.538
PMLE_LIVE_REPLAY_TIC|tic=440|mle_ms=105.359
PMLE_LIVE_REPLAY_TIC|tic=441|mle_ms=72.904
PMLE_LIVE_REPLAY_TIC|tic=442|mle_ms=127.05
PMLE_LIVE_REPLAY_TIC|tic=443|mle_ms=93.758
PMLE_LIVE_REPLAY_TIC|tic=444|mle_ms=68.377
PMLE_LIVE_REPLAY_TIC|tic=445|mle_ms=216.653
PMLE_LIVE_REPLAY_TIC|tic=446|mle_ms=206.222
PMLE_LIVE_REPLAY_TIC|tic=447|mle_ms=77.536
PMLE_LIVE_REPLAY_TIC|tic=448|mle_ms=128.694
PMLE_LIVE_REPLAY_TIC|tic=449|mle_ms=152.909
PMLE_LIVE_REPLAY_TIC|tic=450|mle_ms=86.154
PMLE_LIVE_REPLAY_TIC|tic=451|mle_ms=127.859
PMLE_LIVE_REPLAY_TIC|tic=452|mle_ms=97.137
PMLE_LIVE_REPLAY_TIC|tic=453|mle_ms=78.808
PMLE_LIVE_REPLAY_TIC|tic=454|mle_ms=153.934
PMLE_LIVE_REPLAY_TIC|tic=455|mle_ms=94.901
PMLE_LIVE_REPLAY_TIC|tic=456|mle_ms=110.26
PMLE_LIVE_REPLAY_TIC|tic=457|mle_ms=117.375
PMLE_LIVE_REPLAY_TIC|tic=458|mle_ms=135.721
PMLE_LIVE_REPLAY_TIC|tic=459|mle_ms=86.393
PMLE_LIVE_REPLAY_TIC|tic=460|mle_ms=143.304
PMLE_LIVE_REPLAY_TIC|tic=461|mle_ms=88.646
PMLE_LIVE_REPLAY_TIC|tic=462|mle_ms=85.994
PMLE_LIVE_REPLAY_TIC|tic=463|mle_ms=113.976
PMLE_LIVE_REPLAY_TIC|tic=464|mle_ms=94.22
PMLE_LIVE_REPLAY_TIC|tic=465|mle_ms=177.801
PMLE_LIVE_REPLAY_TIC|tic=466|mle_ms=151.863
PMLE_LIVE_REPLAY_TIC|tic=467|mle_ms=71.936
PMLE_LIVE_REPLAY_TIC|tic=468|mle_ms=75.542
PMLE_LIVE_REPLAY_TIC|tic=469|mle_ms=184.997
PMLE_LIVE_REPLAY_TIC|tic=470|mle_ms=131.644
PMLE_LIVE_REPLAY_TIC|tic=471|mle_ms=77.124
PMLE_LIVE_REPLAY_TIC|tic=472|mle_ms=134.94
PMLE_LIVE_REPLAY_TIC|tic=473|mle_ms=112.833
PMLE_LIVE_REPLAY_TIC|tic=474|mle_ms=204.156
PMLE_LIVE_REPLAY_TIC|tic=475|mle_ms=118.837
PMLE_LIVE_REPLAY_TIC|tic=476|mle_ms=132.687
PMLE_LIVE_REPLAY_TIC|tic=477|mle_ms=82.204
PMLE_LIVE_REPLAY_TIC|tic=478|mle_ms=118.19
PMLE_LIVE_REPLAY_TIC|tic=479|mle_ms=188.407
PMLE_LIVE_REPLAY_TIC|tic=480|mle_ms=76.58
PMLE_LIVE_REPLAY_TIC|tic=481|mle_ms=119.067
PMLE_LIVE_REPLAY_TIC|tic=482|mle_ms=90.445
PMLE_LIVE_REPLAY_TIC|tic=483|mle_ms=135.585
PMLE_LIVE_REPLAY_TIC|tic=484|mle_ms=116.858
PMLE_LIVE_REPLAY_TIC|tic=485|mle_ms=104.274
PMLE_LIVE_REPLAY_TIC|tic=486|mle_ms=121.276
PMLE_LIVE_REPLAY_TIC|tic=487|mle_ms=103.059
PMLE_LIVE_REPLAY_TIC|tic=488|mle_ms=75.08
PMLE_LIVE_REPLAY_TIC|tic=489|mle_ms=84.411
PMLE_LIVE_REPLAY_TIC|tic=490|mle_ms=153.458
PMLE_LIVE_REPLAY_TIC|tic=491|mle_ms=74.78
PMLE_LIVE_REPLAY_TIC|tic=492|mle_ms=-34.442
PMLE_LIVE_REPLAY_TIC|tic=493|mle_ms=135.51
PMLE_LIVE_REPLAY_TIC|tic=494|mle_ms=132.576
PMLE_LIVE_REPLAY_TIC|tic=495|mle_ms=90.112
PMLE_LIVE_REPLAY_TIC|tic=496|mle_ms=137.65
PMLE_LIVE_REPLAY_TIC|tic=497|mle_ms=84.639
PMLE_LIVE_REPLAY_TIC|tic=498|mle_ms=206.924
PMLE_LIVE_REPLAY_TIC|tic=499|mle_ms=89.767
PMLE_LIVE_REPLAY_TIC|tic=500|mle_ms=122.256
PMLE_LIVE_REPLAY_TIC|tic=501|mle_ms=87.874
PMLE_LIVE_REPLAY_TIC|tic=502|mle_ms=159.24
PMLE_LIVE_REPLAY_TIC|tic=503|mle_ms=92.74
PMLE_LIVE_REPLAY_TIC|tic=504|mle_ms=64.561
PMLE_LIVE_REPLAY_TIC|tic=505|mle_ms=82.566
PMLE_LIVE_REPLAY_TIC|tic=506|mle_ms=131.255
PMLE_LIVE_REPLAY_TIC|tic=507|mle_ms=70.573
PMLE_LIVE_REPLAY_TIC|tic=508|mle_ms=110.637
PMLE_LIVE_REPLAY_TIC|tic=509|mle_ms=71.493
PMLE_LIVE_REPLAY_TIC|tic=510|mle_ms=94.248
PMLE_LIVE_REPLAY_TIC|tic=511|mle_ms=111.418
PMLE_LIVE_REPLAY_TIC|tic=512|mle_ms=108.606
PMLE_LIVE_REPLAY_TIC|tic=513|mle_ms=70.471
PMLE_LIVE_REPLAY_TIC|tic=514|mle_ms=108.794
PMLE_LIVE_REPLAY_TIC|tic=515|mle_ms=84.563
PMLE_LIVE_REPLAY_TIC|tic=516|mle_ms=112.459
PMLE_LIVE_REPLAY_TIC|tic=517|mle_ms=92.513
PMLE_LIVE_REPLAY_TIC|tic=518|mle_ms=102.794
PMLE_LIVE_REPLAY_TIC|tic=519|mle_ms=182.546
PMLE_LIVE_REPLAY_TIC|tic=520|mle_ms=120.403
PMLE_LIVE_REPLAY_TIC|tic=521|mle_ms=93.575
PMLE_LIVE_REPLAY_TIC|tic=522|mle_ms=162
PMLE_LIVE_REPLAY_TIC|tic=523|mle_ms=161.13
PMLE_LIVE_REPLAY_TIC|tic=524|mle_ms=102.18
PMLE_LIVE_REPLAY_TIC|tic=525|mle_ms=58.465
PMLE_LIVE_REPLAY_TIC|tic=526|mle_ms=150.729
PMLE_LIVE_REPLAY_TIC|tic=527|mle_ms=88.492
PMLE_LIVE_REPLAY_TIC|tic=528|mle_ms=79.726
PMLE_LIVE_REPLAY_TIC|tic=529|mle_ms=95.964
PMLE_LIVE_REPLAY_TIC|tic=530|mle_ms=102.713
PMLE_LIVE_REPLAY_TIC|tic=531|mle_ms=73.36
PMLE_LIVE_REPLAY_TIC|tic=532|mle_ms=142.079
PMLE_LIVE_REPLAY_TIC|tic=533|mle_ms=125.932
PMLE_LIVE_REPLAY_TIC|tic=534|mle_ms=79.291
PMLE_LIVE_REPLAY_TIC|tic=535|mle_ms=78.378
PMLE_LIVE_REPLAY_TIC|tic=536|mle_ms=87.364
PMLE_LIVE_REPLAY_TIC|tic=537|mle_ms=94.281
PMLE_LIVE_REPLAY_TIC|tic=538|mle_ms=115.648
PMLE_LIVE_REPLAY_TIC|tic=539|mle_ms=72.635
PMLE_LIVE_REPLAY_TIC|tic=540|mle_ms=91.546
PMLE_LIVE_REPLAY_TIC|tic=541|mle_ms=211.518
PMLE_LIVE_REPLAY_TIC|tic=542|mle_ms=96.728
PMLE_LIVE_REPLAY_TIC|tic=543|mle_ms=115.237
PMLE_LIVE_REPLAY_TIC|tic=544|mle_ms=121.427
PMLE_LIVE_REPLAY_TIC|tic=545|mle_ms=144.294
PMLE_LIVE_REPLAY_TIC|tic=546|mle_ms=109.179
PMLE_LIVE_REPLAY_TIC|tic=547|mle_ms=103.024
PMLE_LIVE_REPLAY_TIC|tic=548|mle_ms=80.664
PMLE_LIVE_REPLAY_TIC|tic=549|mle_ms=70.061
PMLE_LIVE_REPLAY_TIC|tic=550|mle_ms=147.51
PMLE_LIVE_REPLAY_TIC|tic=551|mle_ms=64.336
PMLE_LIVE_REPLAY_TIC|tic=552|mle_ms=83.739
PMLE_LIVE_REPLAY_TIC|tic=553|mle_ms=98.288
PMLE_LIVE_REPLAY_TIC|tic=554|mle_ms=92.43
PMLE_LIVE_REPLAY_TIC|tic=555|mle_ms=73.586
PMLE_LIVE_REPLAY_TIC|tic=556|mle_ms=150.149
PMLE_LIVE_REPLAY_TIC|tic=557|mle_ms=83.066
PMLE_LIVE_REPLAY_TIC|tic=558|mle_ms=149.096
PMLE_LIVE_REPLAY_TIC|tic=559|mle_ms=88.216
PMLE_LIVE_REPLAY_TIC|tic=560|mle_ms=207.56
PMLE_LIVE_REPLAY_TIC|tic=561|mle_ms=90.664
PMLE_LIVE_REPLAY_TIC|tic=562|mle_ms=108.31
PMLE_LIVE_REPLAY_TIC|tic=563|mle_ms=74.844
PMLE_LIVE_REPLAY_TIC|tic=564|mle_ms=179.165
PMLE_LIVE_REPLAY_TIC|tic=565|mle_ms=79.126
PMLE_LIVE_REPLAY_TIC|tic=566|mle_ms=151.01
PMLE_LIVE_REPLAY_TIC|tic=567|mle_ms=115.825
PMLE_LIVE_REPLAY_TIC|tic=568|mle_ms=110.074
PMLE_LIVE_REPLAY_TIC|tic=569|mle_ms=97.82
PMLE_LIVE_REPLAY_TIC|tic=570|mle_ms=109.09
PMLE_LIVE_REPLAY_TIC|tic=571|mle_ms=117.359
PMLE_LIVE_REPLAY_TIC|tic=572|mle_ms=76.443
PMLE_LIVE_REPLAY_TIC|tic=573|mle_ms=99.752
PMLE_LIVE_REPLAY_TIC|tic=574|mle_ms=124.433
PMLE_LIVE_REPLAY_TIC|tic=575|mle_ms=68.975
PMLE_LIVE_REPLAY_TIC|tic=576|mle_ms=111.437
PMLE_LIVE_REPLAY_TIC|tic=577|mle_ms=105.947
PMLE_LIVE_REPLAY_TIC|tic=578|mle_ms=98.775
PMLE_LIVE_REPLAY_TIC|tic=579|mle_ms=223.892
PMLE_LIVE_REPLAY_TIC|tic=580|mle_ms=112.544
PMLE_LIVE_REPLAY_TIC|tic=581|mle_ms=69.046
PMLE_LIVE_REPLAY_TIC|tic=582|mle_ms=136.303
PMLE_LIVE_REPLAY_TIC|tic=583|mle_ms=177.542
PMLE_LIVE_REPLAY_TIC|tic=584|mle_ms=77.504
PMLE_LIVE_REPLAY_TIC|tic=585|mle_ms=126.897
PMLE_LIVE_REPLAY_TIC|tic=586|mle_ms=152.055
PMLE_LIVE_REPLAY_TIC|tic=587|mle_ms=65.661
PMLE_LIVE_REPLAY_TIC|tic=588|mle_ms=93.563
PMLE_LIVE_REPLAY_TIC|tic=589|mle_ms=98.321
PMLE_LIVE_REPLAY_TIC|tic=590|mle_ms=106.377
PMLE_LIVE_REPLAY_TIC|tic=591|mle_ms=144.17
PMLE_LIVE_REPLAY_TIC|tic=592|mle_ms=127.519
PMLE_LIVE_REPLAY_TIC|tic=593|mle_ms=80.072
PMLE_LIVE_REPLAY_TIC|tic=594|mle_ms=102.919
PMLE_LIVE_REPLAY_TIC|tic=595|mle_ms=107.478
PMLE_LIVE_REPLAY_TIC|tic=596|mle_ms=100.127
PMLE_LIVE_REPLAY_TIC|tic=597|mle_ms=88.778
PMLE_LIVE_REPLAY_TIC|tic=598|mle_ms=99.465
PMLE_LIVE_REPLAY_TIC|tic=599|mle_ms=164.419
PMLE_LIVE_REPLAY_TIC|tic=600|mle_ms=124.898
PMLE_LIVE_REPLAY_TIC|tic=601|mle_ms=113.412
PMLE_LIVE_REPLAY_TIC|tic=602|mle_ms=72.121
PMLE_LIVE_REPLAY_TIC|tic=603|mle_ms=192.819
PMLE_LIVE_REPLAY_TIC|tic=604|mle_ms=151.129
PMLE_LIVE_REPLAY_TIC|tic=605|mle_ms=69.227
PMLE_LIVE_REPLAY_TIC|tic=606|mle_ms=121.051
PMLE_LIVE_REPLAY_TIC|tic=607|mle_ms=105.995
PMLE_LIVE_REPLAY_TIC|tic=608|mle_ms=106.567
PMLE_LIVE_REPLAY_TIC|tic=609|mle_ms=135.173
PMLE_LIVE_REPLAY_TIC|tic=610|mle_ms=108.54
PMLE_LIVE_REPLAY_TIC|tic=611|mle_ms=77.87
PMLE_LIVE_REPLAY_TIC|tic=612|mle_ms=91.305
PMLE_LIVE_REPLAY_TIC|tic=613|mle_ms=110.677
PMLE_LIVE_REPLAY_TIC|tic=614|mle_ms=100.237
PMLE_LIVE_REPLAY_TIC|tic=615|mle_ms=87.499
PMLE_LIVE_REPLAY_TIC|tic=616|mle_ms=140.231
PMLE_LIVE_REPLAY_TIC|tic=617|mle_ms=83.466
PMLE_LIVE_REPLAY_TIC|tic=618|mle_ms=217.19
PMLE_LIVE_REPLAY_TIC|tic=619|mle_ms=109.682
PMLE_LIVE_REPLAY_TIC|tic=620|mle_ms=88.826
PMLE_LIVE_REPLAY_TIC|tic=621|mle_ms=84.087
PMLE_LIVE_REPLAY_TIC|tic=622|mle_ms=159.927
PMLE_LIVE_REPLAY_TIC|tic=623|mle_ms=94.539
PMLE_LIVE_REPLAY_TIC|tic=624|mle_ms=116.704
PMLE_LIVE_REPLAY_TIC|tic=625|mle_ms=78.292
PMLE_LIVE_REPLAY_TIC|tic=626|mle_ms=128.73
PMLE_LIVE_REPLAY_TIC|tic=627|mle_ms=117.535
PMLE_LIVE_REPLAY_TIC|tic=628|mle_ms=124.887
PMLE_LIVE_REPLAY_TIC|tic=629|mle_ms=109.838
PMLE_LIVE_REPLAY_TIC|tic=630|mle_ms=120.016
PMLE_LIVE_REPLAY_TIC|tic=631|mle_ms=94.263
PMLE_LIVE_REPLAY_TIC|tic=632|mle_ms=84.608
PMLE_LIVE_REPLAY_TIC|tic=633|mle_ms=101.615
PMLE_LIVE_REPLAY_TIC|tic=634|mle_ms=122.911
PMLE_LIVE_REPLAY_TIC|tic=635|mle_ms=108.605
PMLE_LIVE_REPLAY_TIC|tic=636|mle_ms=109.773
PMLE_LIVE_REPLAY_TIC|tic=637|mle_ms=199.297
PMLE_LIVE_REPLAY_TIC|tic=638|mle_ms=110.399
PMLE_LIVE_REPLAY_TIC|tic=639|mle_ms=99.274
PMLE_LIVE_REPLAY_TIC|tic=640|mle_ms=107.551
PMLE_LIVE_REPLAY_TIC|tic=641|mle_ms=141.337
PMLE_LIVE_REPLAY_TIC|tic=642|mle_ms=109.188
PMLE_LIVE_REPLAY_TIC|tic=643|mle_ms=93.686
PMLE_LIVE_REPLAY_TIC|tic=644|mle_ms=132.092
PMLE_LIVE_REPLAY_TIC|tic=645|mle_ms=49.582
PMLE_LIVE_REPLAY_TIC|tic=646|mle_ms=116.373
PMLE_LIVE_REPLAY_TIC|tic=647|mle_ms=93.21
PMLE_LIVE_REPLAY_TIC|tic=648|mle_ms=96.249
PMLE_LIVE_REPLAY_TIC|tic=649|mle_ms=118.365
PMLE_LIVE_REPLAY_TIC|tic=650|mle_ms=111.007
PMLE_LIVE_REPLAY_TIC|tic=651|mle_ms=55.29
PMLE_LIVE_REPLAY_TIC|tic=652|mle_ms=128
PMLE_LIVE_REPLAY_TIC|tic=653|mle_ms=125.629
PMLE_LIVE_REPLAY_TIC|tic=654|mle_ms=168.31
PMLE_LIVE_REPLAY_TIC|tic=655|mle_ms=107.853
PMLE_LIVE_REPLAY_TIC|tic=656|mle_ms=162.232
PMLE_LIVE_REPLAY_TIC|tic=657|mle_ms=85.797
PMLE_LIVE_REPLAY_TIC|tic=658|mle_ms=129.382
PMLE_LIVE_REPLAY_TIC|tic=659|mle_ms=81.776
PMLE_LIVE_REPLAY_TIC|tic=660|mle_ms=175.531
PMLE_LIVE_REPLAY_TIC|tic=661|mle_ms=108.064
PMLE_LIVE_REPLAY_TIC|tic=662|mle_ms=112.963
PMLE_LIVE_REPLAY_TIC|tic=663|mle_ms=55.942
PMLE_LIVE_REPLAY_TIC|tic=664|mle_ms=161.52
PMLE_LIVE_REPLAY_TIC|tic=665|mle_ms=90.642
PMLE_LIVE_REPLAY_TIC|tic=666|mle_ms=127.856
PMLE_LIVE_REPLAY_TIC|tic=667|mle_ms=152.944
PMLE_LIVE_REPLAY_TIC|tic=668|mle_ms=146.576
PMLE_LIVE_REPLAY_TIC|tic=669|mle_ms=58.861
PMLE_LIVE_REPLAY_TIC|tic=670|mle_ms=147.936
PMLE_LIVE_REPLAY_TIC|tic=671|mle_ms=18.026
PMLE_LIVE_REPLAY_TIC|tic=672|mle_ms=72.111
PMLE_LIVE_REPLAY_TIC|tic=673|mle_ms=95.304
PMLE_LIVE_REPLAY_TIC|tic=674|mle_ms=112.615
PMLE_LIVE_REPLAY_TIC|tic=675|mle_ms=80.441
PMLE_LIVE_REPLAY_TIC|tic=676|mle_ms=111.708
PMLE_LIVE_REPLAY_TIC|tic=677|mle_ms=161.383
PMLE_LIVE_REPLAY_TIC|tic=678|mle_ms=107.326
PMLE_LIVE_REPLAY_TIC|tic=679|mle_ms=126.306
PMLE_LIVE_REPLAY_TIC|tic=680|mle_ms=187.63
PMLE_LIVE_REPLAY_TIC|tic=681|mle_ms=84.198
PMLE_LIVE_REPLAY_TIC|tic=682|mle_ms=263.372
PMLE_LIVE_REPLAY_TIC|tic=683|mle_ms=123.354
PMLE_LIVE_REPLAY_TIC|tic=684|mle_ms=101.674
PMLE_LIVE_REPLAY_TIC|tic=685|mle_ms=131.103
PMLE_LIVE_REPLAY_TIC|tic=686|mle_ms=319.38
PMLE_LIVE_REPLAY_TIC|tic=687|mle_ms=81.614
PMLE_LIVE_REPLAY_TIC|tic=688|mle_ms=104.161
PMLE_LIVE_REPLAY_TIC|tic=689|mle_ms=179.799
PMLE_LIVE_REPLAY_TIC|tic=690|mle_ms=87.038
PMLE_LIVE_REPLAY_TIC|tic=691|mle_ms=92.71
PMLE_LIVE_REPLAY_TIC|tic=692|mle_ms=127.779
PMLE_LIVE_REPLAY_TIC|tic=693|mle_ms=58.265
PMLE_LIVE_REPLAY_TIC|tic=694|mle_ms=116.677
PMLE_LIVE_REPLAY_TIC|tic=695|mle_ms=95.977
PMLE_LIVE_REPLAY_TIC|tic=696|mle_ms=202.226
PMLE_LIVE_REPLAY_TIC|tic=697|mle_ms=110.16
PMLE_LIVE_REPLAY_TIC|tic=698|mle_ms=123.23
PMLE_LIVE_REPLAY_TIC|tic=699|mle_ms=45.846
PMLE_LIVE_REPLAY_TIC|tic=700|mle_ms=158.541
PMLE_LIVE_REPLAY_TIC|tic=701|mle_ms=124.513
PMLE_LIVE_REPLAY_TIC|tic=702|mle_ms=77.797
PMLE_LIVE_REPLAY_TIC|tic=703|mle_ms=55.481
PMLE_LIVE_REPLAY_TIC|tic=704|mle_ms=87.818
PMLE_LIVE_REPLAY_TIC|tic=705|mle_ms=36.172
PMLE_LIVE_REPLAY_TIC|tic=706|mle_ms=68.314
PMLE_LIVE_REPLAY_TIC|tic=707|mle_ms=207.093
PMLE_LIVE_REPLAY_TIC|tic=708|mle_ms=108.705
PMLE_LIVE_REPLAY_TIC|tic=709|mle_ms=52.72
PMLE_LIVE_REPLAY_TIC|tic=710|mle_ms=91.157
PMLE_LIVE_REPLAY_TIC|tic=711|mle_ms=108.314
PMLE_LIVE_REPLAY_TIC|tic=712|mle_ms=52.008
PMLE_LIVE_REPLAY_TIC|tic=713|mle_ms=79.152
PMLE_LIVE_REPLAY_TIC|tic=714|mle_ms=67.881
PMLE_LIVE_REPLAY_TIC|tic=715|mle_ms=51.368
PMLE_LIVE_REPLAY_TIC|tic=716|mle_ms=111.646
PMLE_LIVE_REPLAY_TIC|tic=717|mle_ms=66.8
PMLE_LIVE_REPLAY_TIC|tic=718|mle_ms=52.56
PMLE_LIVE_REPLAY_TIC|tic=719|mle_ms=55.757
PMLE_LIVE_REPLAY_TIC|tic=720|mle_ms=72.065
PMLE_LIVE_REPLAY_TIC|tic=721|mle_ms=50.987
PMLE_LIVE_REPLAY_TIC|tic=722|mle_ms=91.338
PMLE_LIVE_REPLAY_TIC|tic=723|mle_ms=76.844
PMLE_LIVE_REPLAY_TIC|tic=724|mle_ms=52.567
PMLE_LIVE_REPLAY_TIC|tic=725|mle_ms=60.084
PMLE_LIVE_REPLAY_TIC|tic=726|mle_ms=80.684
PMLE_LIVE_REPLAY_TIC|tic=727|mle_ms=47.14
PMLE_LIVE_REPLAY_TIC|tic=728|mle_ms=87.148
PMLE_LIVE_REPLAY_TIC|tic=729|mle_ms=61.206
PMLE_LIVE_REPLAY_TIC|tic=730|mle_ms=54.407
PMLE_LIVE_REPLAY_TIC|tic=731|mle_ms=58.649
PMLE_LIVE_REPLAY_TIC|tic=732|mle_ms=66.473
PMLE_LIVE_REPLAY_TIC|tic=733|mle_ms=48.085
PMLE_LIVE_REPLAY_TIC|tic=734|mle_ms=99.649
PMLE_LIVE_REPLAY_TIC|tic=735|mle_ms=46.842
PMLE_LIVE_REPLAY_TIC|tic=736|mle_ms=71.031
PMLE_LIVE_REPLAY_TIC|tic=737|mle_ms=73.415
PMLE_LIVE_REPLAY_TIC|tic=738|mle_ms=55.045
PMLE_LIVE_REPLAY_TIC|tic=739|mle_ms=30.982
PMLE_LIVE_REPLAY_TIC|tic=740|mle_ms=54.274
PMLE_LIVE_REPLAY_TIC|tic=741|mle_ms=44.851
PMLE_LIVE_REPLAY_TIC|tic=742|mle_ms=39.415
PMLE_LIVE_REPLAY_TIC|tic=743|mle_ms=62.407
PMLE_LIVE_REPLAY_TIC|tic=744|mle_ms=45.91
PMLE_LIVE_REPLAY_TIC|tic=745|mle_ms=25.637
PMLE_LIVE_REPLAY_TIC|tic=746|mle_ms=79.495
PMLE_LIVE_REPLAY_TIC|tic=747|mle_ms=55.204
PMLE_LIVE_REPLAY_TIC|tic=748|mle_ms=42.507
PMLE_LIVE_REPLAY_TIC|tic=749|mle_ms=53.633
PMLE_LIVE_REPLAY_TIC|tic=750|mle_ms=63.853
PMLE_LIVE_REPLAY_TIC|tic=751|mle_ms=52.985
PMLE_LIVE_REPLAY_TIC|tic=752|mle_ms=66.155
PMLE_LIVE_REPLAY_TIC|tic=753|mle_ms=65.857
PMLE_LIVE_REPLAY_TIC|tic=754|mle_ms=55.5
PMLE_LIVE_REPLAY_TIC|tic=755|mle_ms=60.658
PMLE_LIVE_REPLAY_TIC|tic=756|mle_ms=76.347
PMLE_LIVE_REPLAY_TIC|tic=757|mle_ms=45.855
PMLE_LIVE_REPLAY_TIC|tic=758|mle_ms=52.925
PMLE_LIVE_REPLAY_TIC|tic=759|mle_ms=38.584
PMLE_LIVE_REPLAY_TIC|tic=760|mle_ms=59.45
PMLE_LIVE_REPLAY_TIC|tic=761|mle_ms=49.565
PMLE_LIVE_REPLAY_TIC|tic=762|mle_ms=51.996
PMLE_LIVE_REPLAY_TIC|tic=763|mle_ms=74.241
PMLE_LIVE_REPLAY_TIC|tic=764|mle_ms=68.181
PMLE_LIVE_REPLAY_TIC|tic=765|mle_ms=49.794
PMLE_LIVE_REPLAY_TIC|tic=766|mle_ms=76.032
PMLE_LIVE_REPLAY_TIC|tic=767|mle_ms=63.285
PMLE_LIVE_REPLAY_TIC|tic=768|mle_ms=55.277
PMLE_LIVE_REPLAY_TIC|tic=769|mle_ms=49.14
PMLE_LIVE_REPLAY_TIC|tic=770|mle_ms=78.958
PMLE_LIVE_REPLAY_TIC|tic=771|mle_ms=65.912
PMLE_LIVE_REPLAY_TIC|tic=772|mle_ms=69.459
PMLE_LIVE_REPLAY_TIC|tic=773|mle_ms=79.759
PMLE_LIVE_REPLAY_TIC|tic=774|mle_ms=55.466
PMLE_LIVE_REPLAY_TIC|tic=775|mle_ms=48.83
PMLE_LIVE_REPLAY_TIC|tic=776|mle_ms=86.072
PMLE_LIVE_REPLAY_TIC|tic=777|mle_ms=78.759
PMLE_LIVE_REPLAY_TIC|tic=778|mle_ms=50.463
PMLE_LIVE_REPLAY_TIC|tic=779|mle_ms=65.283
PMLE_LIVE_REPLAY_TIC|tic=780|mle_ms=69.682
PMLE_LIVE_REPLAY_TIC|tic=781|mle_ms=49.628
PMLE_LIVE_REPLAY_TIC|tic=782|mle_ms=54.813
PMLE_LIVE_REPLAY_TIC|tic=783|mle_ms=56.363
PMLE_LIVE_REPLAY_TIC|tic=784|mle_ms=55.221
PMLE_LIVE_REPLAY_TIC|tic=785|mle_ms=63.528
PMLE_LIVE_REPLAY_TIC|tic=786|mle_ms=76.419
PMLE_LIVE_REPLAY_TIC|tic=787|mle_ms=63.752
PMLE_LIVE_REPLAY_TIC|tic=788|mle_ms=84.465
PMLE_LIVE_REPLAY_TIC|tic=789|mle_ms=55.699
PMLE_LIVE_REPLAY_TIC|tic=790|mle_ms=61.651
PMLE_LIVE_REPLAY_TIC|tic=791|mle_ms=59.664
PMLE_LIVE_REPLAY_TIC|tic=792|mle_ms=56.974
PMLE_LIVE_REPLAY_TIC|tic=793|mle_ms=57.477
PMLE_LIVE_REPLAY_TIC|tic=794|mle_ms=80.156
PMLE_LIVE_REPLAY_TIC|tic=795|mle_ms=51.684
PMLE_LIVE_REPLAY_TIC|tic=796|mle_ms=63.546
PMLE_LIVE_REPLAY_TIC|tic=797|mle_ms=56.703
PMLE_LIVE_REPLAY_TIC|tic=798|mle_ms=44.574
PMLE_LIVE_REPLAY_TIC|tic=799|mle_ms=43.996
PMLE_LIVE_REPLAY_TIC|tic=800|mle_ms=71.855
PMLE_LIVE_REPLAY_TIC|tic=801|mle_ms=49.1
PMLE_LIVE_REPLAY_TIC|tic=802|mle_ms=37.155
PMLE_LIVE_REPLAY_TIC|tic=803|mle_ms=48.403
PMLE_LIVE_REPLAY_TIC|tic=804|mle_ms=63.269
PMLE_LIVE_REPLAY_TIC|tic=805|mle_ms=41.218
PMLE_LIVE_REPLAY_TIC|tic=806|mle_ms=67.742
PMLE_LIVE_REPLAY_TIC|tic=807|mle_ms=53.16
PMLE_LIVE_REPLAY_TIC|tic=808|mle_ms=35.8
PMLE_LIVE_REPLAY_TIC|tic=809|mle_ms=42.39
PMLE_LIVE_REPLAY_TIC|tic=810|mle_ms=49.482
PMLE_LIVE_REPLAY_TIC|tic=811|mle_ms=39.876
PMLE_LIVE_REPLAY_TIC|tic=812|mle_ms=57.733
PMLE_LIVE_REPLAY_TIC|tic=813|mle_ms=41.924
PMLE_LIVE_REPLAY_TIC|tic=814|mle_ms=41.933
PMLE_LIVE_REPLAY_TIC|tic=815|mle_ms=49.604
PMLE_LIVE_REPLAY_TIC|tic=816|mle_ms=64.037
PMLE_LIVE_REPLAY_TIC|tic=817|mle_ms=38.482
PMLE_LIVE_REPLAY_TIC|tic=818|mle_ms=54.575
PMLE_LIVE_REPLAY_TIC|tic=819|mle_ms=40.365
PMLE_LIVE_REPLAY_TIC|tic=820|mle_ms=34.914
PMLE_LIVE_REPLAY_TIC|tic=821|mle_ms=57.017
PMLE_LIVE_REPLAY_TIC|tic=822|mle_ms=40.688
PMLE_LIVE_REPLAY_TIC|tic=823|mle_ms=34.236
PMLE_LIVE_REPLAY_TIC|tic=824|mle_ms=41.416
PMLE_LIVE_REPLAY_TIC|tic=825|mle_ms=45.133
PMLE_LIVE_REPLAY_TIC|tic=826|mle_ms=52.156
PMLE_LIVE_REPLAY_TIC|tic=827|mle_ms=38.342
PMLE_LIVE_REPLAY_TIC|tic=828|mle_ms=43.388
PMLE_LIVE_REPLAY_TIC|tic=829|mle_ms=42.233
PMLE_LIVE_REPLAY_TIC|tic=830|mle_ms=41.576
PMLE_LIVE_REPLAY_TIC|tic=831|mle_ms=42.307
PMLE_LIVE_REPLAY_TIC|tic=832|mle_ms=32.564
PMLE_LIVE_REPLAY_TIC|tic=833|mle_ms=44.025
PMLE_LIVE_REPLAY_TIC|tic=834|mle_ms=50.637
PMLE_LIVE_REPLAY_TIC|tic=835|mle_ms=41.725
PMLE_LIVE_REPLAY_TIC|tic=836|mle_ms=55.448
PMLE_LIVE_REPLAY_TIC|tic=837|mle_ms=61.318
PMLE_LIVE_REPLAY_TIC|tic=838|mle_ms=48.211
PMLE_LIVE_REPLAY_TIC|tic=839|mle_ms=41.637
PMLE_LIVE_REPLAY_TIC|tic=840|mle_ms=66.51
PMLE_LIVE_REPLAY_TIC|tic=841|mle_ms=87.153
PMLE_LIVE_REPLAY_TIC|tic=842|mle_ms=68.117
PMLE_LIVE_REPLAY_TIC|tic=843|mle_ms=115.238
PMLE_LIVE_REPLAY_TIC|tic=844|mle_ms=73.751
PMLE_LIVE_REPLAY_TIC|tic=845|mle_ms=64.603
PMLE_LIVE_REPLAY_TIC|tic=846|mle_ms=140.316
PMLE_LIVE_REPLAY_TIC|tic=847|mle_ms=54.817
PMLE_LIVE_REPLAY_TIC|tic=848|mle_ms=69.152
PMLE_LIVE_REPLAY_TIC|tic=849|mle_ms=82.564
PMLE_LIVE_REPLAY_TIC|tic=850|mle_ms=43.885
PMLE_LIVE_REPLAY_TIC|tic=851|mle_ms=91.547
PMLE_LIVE_REPLAY_TIC|tic=852|mle_ms=106.319
PMLE_LIVE_REPLAY_TIC|tic=853|mle_ms=96.743
PMLE_LIVE_REPLAY_TIC|tic=854|mle_ms=54.686
PMLE_LIVE_REPLAY_TIC|tic=855|mle_ms=67.767
PMLE_LIVE_REPLAY_TIC|tic=856|mle_ms=71.177
PMLE_LIVE_REPLAY_TIC|tic=857|mle_ms=75.04
PMLE_LIVE_REPLAY_TIC|tic=858|mle_ms=80.358
PMLE_LIVE_REPLAY_TIC|tic=859|mle_ms=46.39
PMLE_LIVE_REPLAY_TIC|tic=860|mle_ms=61.79
PMLE_LIVE_REPLAY_TIC|tic=861|mle_ms=109.666
PMLE_LIVE_REPLAY_TIC|tic=862|mle_ms=46.178
PMLE_LIVE_REPLAY_TIC|tic=863|mle_ms=134.506
PMLE_LIVE_REPLAY_TIC|tic=864|mle_ms=86.273
PMLE_LIVE_REPLAY_TIC|tic=865|mle_ms=50.108
PMLE_LIVE_REPLAY_TIC|tic=866|mle_ms=84.352
PMLE_LIVE_REPLAY_TIC|tic=867|mle_ms=78.331
PMLE_LIVE_REPLAY_TIC|tic=868|mle_ms=40.085
PMLE_LIVE_REPLAY_TIC|tic=869|mle_ms=52.819
PMLE_LIVE_REPLAY_TIC|tic=870|mle_ms=85.419
PMLE_LIVE_REPLAY_TIC|tic=871|mle_ms=69.691
PMLE_LIVE_REPLAY_TIC|tic=872|mle_ms=54.818
PMLE_LIVE_REPLAY_TIC|tic=873|mle_ms=171.65
PMLE_LIVE_REPLAY_TIC|tic=874|mle_ms=40.295
PMLE_LIVE_REPLAY_TIC|tic=875|mle_ms=50.188
PMLE_LIVE_REPLAY_TIC|tic=876|mle_ms=129.353
PMLE_LIVE_REPLAY_TIC|tic=877|mle_ms=47.854
PMLE_LIVE_REPLAY_TIC|tic=878|mle_ms=51.818
PMLE_LIVE_REPLAY_TIC|tic=879|mle_ms=79.623
PMLE_LIVE_REPLAY_TIC|tic=880|mle_ms=38.014
PMLE_LIVE_REPLAY_TIC|tic=881|mle_ms=89.099
PMLE_LIVE_REPLAY_TIC|tic=882|mle_ms=91.245
PMLE_LIVE_REPLAY_TIC|tic=883|mle_ms=108.119
PMLE_LIVE_REPLAY_TIC|tic=884|mle_ms=60.935
PMLE_LIVE_REPLAY_TIC|tic=885|mle_ms=75.158
PMLE_LIVE_REPLAY_TIC|tic=886|mle_ms=63.056
PMLE_LIVE_REPLAY_TIC|tic=887|mle_ms=56.871
PMLE_LIVE_REPLAY_TIC|tic=888|mle_ms=74.338
PMLE_LIVE_REPLAY_TIC|tic=889|mle_ms=33.601
PMLE_LIVE_REPLAY_TIC|tic=890|mle_ms=56.695
PMLE_LIVE_REPLAY_TIC|tic=891|mle_ms=110.229
PMLE_LIVE_REPLAY_TIC|tic=892|mle_ms=32.685
PMLE_LIVE_REPLAY_TIC|tic=893|mle_ms=83.994
PMLE_LIVE_REPLAY_TIC|tic=894|mle_ms=49.863
PMLE_LIVE_REPLAY_TIC|tic=895|mle_ms=29.134
PMLE_LIVE_REPLAY_TIC|tic=896|mle_ms=79.992
PMLE_LIVE_REPLAY_TIC|tic=897|mle_ms=52.594
PMLE_LIVE_REPLAY_TIC|tic=898|mle_ms=32.152
PMLE_LIVE_REPLAY_TIC|tic=899|mle_ms=31.292
PMLE_LIVE_REPLAY_TIC|tic=900|mle_ms=57.691
PMLE_LIVE_REPLAY_TIC|tic=901|mle_ms=77.044
PMLE_LIVE_REPLAY_TIC|tic=902|mle_ms=32.381
PMLE_LIVE_REPLAY_TIC|tic=903|mle_ms=63.913
PMLE_LIVE_REPLAY_TIC|tic=904|mle_ms=37.741
PMLE_LIVE_REPLAY_TIC|tic=905|mle_ms=30.066
PMLE_LIVE_REPLAY_TIC|tic=906|mle_ms=85.744
PMLE_LIVE_REPLAY_TIC|tic=907|mle_ms=48.685
PMLE_LIVE_REPLAY_TIC|tic=908|mle_ms=41.806
PMLE_LIVE_REPLAY_TIC|tic=909|mle_ms=50.276
PMLE_LIVE_REPLAY_TIC|tic=910|mle_ms=47.793
PMLE_LIVE_REPLAY_TIC|tic=911|mle_ms=84.481
PMLE_LIVE_REPLAY_TIC|tic=912|mle_ms=59.176
PMLE_LIVE_REPLAY_TIC|tic=913|mle_ms=52.96
PMLE_LIVE_REPLAY_TIC|tic=914|mle_ms=47.706
PMLE_LIVE_REPLAY_TIC|tic=915|mle_ms=49.079
PMLE_LIVE_REPLAY_TIC|tic=916|mle_ms=97.626
PMLE_LIVE_REPLAY_TIC|tic=917|mle_ms=38.096
PMLE_LIVE_REPLAY_TIC|tic=918|mle_ms=71.187
PMLE_LIVE_REPLAY_TIC|tic=919|mle_ms=71.88
PMLE_LIVE_REPLAY_TIC|tic=920|mle_ms=40.834
PMLE_LIVE_REPLAY_TIC|tic=921|mle_ms=72.928
PMLE_LIVE_REPLAY_TIC|tic=922|mle_ms=69.824
PMLE_LIVE_REPLAY_TIC|tic=923|mle_ms=55.978
PMLE_LIVE_REPLAY_TIC|tic=924|mle_ms=59.665
PMLE_LIVE_REPLAY_TIC|tic=925|mle_ms=99.552
PMLE_LIVE_REPLAY_TIC|tic=926|mle_ms=89.27
PMLE_LIVE_REPLAY_TIC|tic=927|mle_ms=59.353
PMLE_LIVE_REPLAY_TIC|tic=928|mle_ms=123.585
PMLE_LIVE_REPLAY_TIC|tic=929|mle_ms=36.407
PMLE_LIVE_REPLAY_TIC|tic=930|mle_ms=42.791
PMLE_LIVE_REPLAY_TIC|tic=931|mle_ms=83.36
PMLE_LIVE_REPLAY_TIC|tic=932|mle_ms=35.672
PMLE_LIVE_REPLAY_TIC|tic=933|mle_ms=58.29
PMLE_LIVE_REPLAY_TIC|tic=934|mle_ms=113.879
PMLE_LIVE_REPLAY_TIC|tic=935|mle_ms=34.637
PMLE_LIVE_REPLAY_TIC|tic=936|mle_ms=82.5
PMLE_LIVE_REPLAY_TIC|tic=937|mle_ms=88.306
PMLE_LIVE_REPLAY_TIC|tic=938|mle_ms=45.823
PMLE_LIVE_REPLAY_TIC|tic=939|mle_ms=33.136
PMLE_LIVE_REPLAY_TIC|tic=940|mle_ms=107.276
PMLE_LIVE_REPLAY_TIC|tic=941|mle_ms=40.717
PMLE_LIVE_REPLAY_TIC|tic=942|mle_ms=37.877
PMLE_LIVE_REPLAY_TIC|tic=943|mle_ms=94.613
PMLE_LIVE_REPLAY_TIC|tic=944|mle_ms=39.794
PMLE_LIVE_REPLAY_TIC|tic=945|mle_ms=42.432
PMLE_LIVE_REPLAY_TIC|tic=946|mle_ms=139.732
PMLE_LIVE_REPLAY_TIC|tic=947|mle_ms=39.782
PMLE_LIVE_REPLAY_TIC|tic=948|mle_ms=51.003
PMLE_LIVE_REPLAY_TIC|tic=949|mle_ms=117.679
PMLE_LIVE_REPLAY_TIC|tic=950|mle_ms=49.669
PMLE_LIVE_REPLAY_TIC|tic=951|mle_ms=37.85
PMLE_LIVE_REPLAY_TIC|tic=952|mle_ms=138.308
PMLE_LIVE_REPLAY_TIC|tic=953|mle_ms=59.19
PMLE_LIVE_REPLAY_TIC|tic=954|mle_ms=44.282
PMLE_LIVE_REPLAY_TIC|tic=955|mle_ms=52.068
PMLE_LIVE_REPLAY_TIC|tic=956|mle_ms=93.609
PMLE_LIVE_REPLAY_TIC|tic=957|mle_ms=-52.475
PMLE_LIVE_REPLAY_TIC|tic=958|mle_ms=64.38
PMLE_LIVE_REPLAY_TIC|tic=959|mle_ms=65.406
PMLE_LIVE_REPLAY_TIC|tic=960|mle_ms=80.377
PMLE_LIVE_REPLAY_TIC|tic=961|mle_ms=89.2
PMLE_LIVE_REPLAY_TIC|tic=962|mle_ms=52.049
PMLE_LIVE_REPLAY_TIC|tic=963|mle_ms=60.733
PMLE_LIVE_REPLAY_TIC|tic=964|mle_ms=56.66
PMLE_LIVE_REPLAY_TIC|tic=965|mle_ms=39.597
PMLE_LIVE_REPLAY_TIC|tic=966|mle_ms=75.296
PMLE_LIVE_REPLAY_TIC|tic=967|mle_ms=56.572
PMLE_LIVE_REPLAY_TIC|tic=968|mle_ms=41.651
PMLE_LIVE_REPLAY_TIC|tic=969|mle_ms=70.365
PMLE_LIVE_REPLAY_TIC|tic=970|mle_ms=89.525
PMLE_LIVE_REPLAY_TIC|tic=971|mle_ms=47.223
PMLE_LIVE_REPLAY_TIC|tic=972|mle_ms=39.995
PMLE_LIVE_REPLAY_TIC|tic=973|mle_ms=64.008
PMLE_LIVE_REPLAY_TIC|tic=974|mle_ms=38.598
PMLE_LIVE_REPLAY_TIC|tic=975|mle_ms=39.559
PMLE_LIVE_REPLAY_TIC|tic=976|mle_ms=116.652
PMLE_LIVE_REPLAY_TIC|tic=977|mle_ms=36.545
PMLE_LIVE_REPLAY_TIC|tic=978|mle_ms=45.931
PMLE_LIVE_REPLAY_TIC|tic=979|mle_ms=56.093
PMLE_LIVE_REPLAY_TIC|tic=980|mle_ms=39.984
PMLE_LIVE_REPLAY_TIC|tic=981|mle_ms=69.75
PMLE_LIVE_REPLAY_TIC|tic=982|mle_ms=65.124
PMLE_LIVE_REPLAY_TIC|tic=983|mle_ms=45.895
PMLE_LIVE_REPLAY_TIC|tic=984|mle_ms=54.293
PMLE_LIVE_REPLAY_TIC|tic=985|mle_ms=41.491
PMLE_LIVE_REPLAY_TIC|tic=986|mle_ms=70.351
PMLE_LIVE_REPLAY_TIC|tic=987|mle_ms=61.456
PMLE_LIVE_REPLAY_TIC|tic=988|mle_ms=49.041
PMLE_LIVE_REPLAY_TIC|tic=989|mle_ms=30.906
PMLE_LIVE_REPLAY_TIC|tic=990|mle_ms=65.924
PMLE_LIVE_REPLAY_TIC|tic=991|mle_ms=52.86
PMLE_LIVE_REPLAY_TIC|tic=992|mle_ms=31.299
PMLE_LIVE_REPLAY_TIC|tic=993|mle_ms=60.195
PMLE_LIVE_REPLAY_TIC|tic=994|mle_ms=46.85
PMLE_LIVE_REPLAY_TIC|tic=995|mle_ms=26.804
PMLE_LIVE_REPLAY_TIC|tic=996|mle_ms=84.104
PMLE_LIVE_REPLAY_TIC|tic=997|mle_ms=47.32
PMLE_LIVE_REPLAY_TIC|tic=998|mle_ms=25.481
PMLE_LIVE_REPLAY_TIC|tic=999|mle_ms=55.757
PMLE_LIVE_REPLAY_TIC|tic=1000|mle_ms=55.557
PMLE_LIVE_REPLAY_TIC|tic=1001|mle_ms=34.1
PMLE_LIVE_REPLAY_TIC|tic=1002|mle_ms=46.461
PMLE_LIVE_REPLAY_TIC|tic=1003|mle_ms=51.059
PMLE_LIVE_REPLAY_TIC|tic=1004|mle_ms=224.059
PMLE_LIVE_REPLAY_TIC|tic=1005|mle_ms=47.914
PMLE_LIVE_REPLAY_TIC|tic=1006|mle_ms=108.713
PMLE_LIVE_REPLAY_TIC|tic=1007|mle_ms=318.815
PMLE_LIVE_REPLAY_TIC|tic=1008|mle_ms=72.366
PMLE_LIVE_REPLAY_TIC|tic=1009|mle_ms=58.842
PMLE_LIVE_REPLAY_TIC|tic=1010|mle_ms=75.396
PMLE_LIVE_REPLAY_TIC|tic=1011|mle_ms=61.85
PMLE_LIVE_REPLAY_TIC|tic=1012|mle_ms=37.831
PMLE_LIVE_REPLAY_TIC|tic=1013|mle_ms=56.319
PMLE_LIVE_REPLAY_TIC|tic=1014|mle_ms=76.305
PMLE_LIVE_REPLAY_TIC|tic=1015|mle_ms=53.356
PMLE_LIVE_REPLAY_TIC|tic=1016|mle_ms=73.288
PMLE_LIVE_REPLAY_TIC|tic=1017|mle_ms=64.537
PMLE_LIVE_REPLAY_TIC|tic=1018|mle_ms=55.289
PMLE_LIVE_REPLAY_TIC|tic=1019|mle_ms=33.413
PMLE_LIVE_REPLAY_TIC|tic=1020|mle_ms=44.006
PMLE_LIVE_REPLAY_TIC|tic=1021|mle_ms=50.116
PMLE_LIVE_REPLAY_TIC|tic=1022|mle_ms=52.456
PMLE_LIVE_REPLAY_TIC|tic=1023|mle_ms=56.301
PMLE_LIVE_REPLAY_TIC|tic=1024|mle_ms=47.726
PMLE_LIVE_REPLAY_TIC|tic=1025|mle_ms=37.679
PMLE_LIVE_REPLAY_TIC|tic=1026|mle_ms=85.719
PMLE_LIVE_REPLAY_TIC|tic=1027|mle_ms=74.145
PMLE_LIVE_REPLAY_TIC|tic=1028|mle_ms=43.368
PMLE_LIVE_REPLAY_TIC|tic=1029|mle_ms=46.322
PMLE_LIVE_REPLAY_TIC|tic=1030|mle_ms=45.413
PMLE_LIVE_REPLAY_TIC|tic=1031|mle_ms=47.267
PMLE_LIVE_REPLAY_TIC|tic=1032|mle_ms=46.001
PMLE_LIVE_REPLAY_TIC|tic=1033|mle_ms=61.311
PMLE_LIVE_REPLAY_TIC|tic=1034|mle_ms=52.768
PMLE_LIVE_REPLAY_TIC|tic=1035|mle_ms=41.172
PMLE_LIVE_REPLAY_TIC|tic=1036|mle_ms=46.914
PMLE_LIVE_REPLAY_TIC|tic=1037|mle_ms=54.205
PMLE_LIVE_REPLAY_TIC|tic=1038|mle_ms=57.948
PMLE_LIVE_REPLAY_TIC|tic=1039|mle_ms=57.291
PMLE_LIVE_REPLAY_TIC|tic=1040|mle_ms=40.905
PMLE_LIVE_REPLAY_TIC|tic=1041|mle_ms=50.501
PMLE_LIVE_REPLAY_TIC|tic=1042|mle_ms=61.106
PMLE_LIVE_REPLAY_TIC|tic=1043|mle_ms=38.007
PMLE_LIVE_REPLAY_TIC|tic=1044|mle_ms=62.887
PMLE_LIVE_REPLAY_TIC|tic=1045|mle_ms=36.534
PMLE_LIVE_REPLAY_TIC|tic=1046|mle_ms=50.87
PMLE_LIVE_REPLAY_TIC|tic=1047|mle_ms=64.312
PMLE_LIVE_REPLAY_TIC|tic=1048|mle_ms=103.669
PMLE_LIVE_REPLAY_TIC|tic=1049|mle_ms=37.362
PMLE_LIVE_REPLAY_TIC|tic=1050|mle_ms=55.228
PMLE_LIVE_REPLAY_TIC|tic=1051|mle_ms=51.311
PMLE_LIVE_REPLAY_TIC|tic=1052|mle_ms=35.488
PMLE_LIVE_REPLAY_TIC|tic=1053|mle_ms=253.721
PMLE_LIVE_REPLAY_TIC|tic=1054|mle_ms=41.206
PMLE_LIVE_REPLAY_TIC|tic=1055|mle_ms=32.587
PMLE_LIVE_REPLAY_TIC|tic=1056|mle_ms=177.278
PMLE_LIVE_REPLAY_TIC|tic=1057|mle_ms=42.852
PMLE_LIVE_REPLAY_TIC|tic=1058|mle_ms=51.372
PMLE_LIVE_REPLAY_TIC|tic=1059|mle_ms=38.407
PMLE_LIVE_REPLAY_TIC|tic=1060|mle_ms=42.511
PMLE_LIVE_REPLAY_TIC|tic=1061|mle_ms=49.501
PMLE_LIVE_REPLAY_TIC|tic=1062|mle_ms=34.206
PMLE_LIVE_REPLAY_TIC|tic=1063|mle_ms=50.459
PMLE_LIVE_REPLAY_TIC|tic=1064|mle_ms=39.959
PMLE_LIVE_REPLAY_TIC|tic=1065|mle_ms=32.717
PMLE_LIVE_REPLAY_TIC|tic=1066|mle_ms=40.473
PMLE_LIVE_REPLAY_TIC|tic=1067|mle_ms=41.729
PMLE_LIVE_REPLAY_TIC|tic=1068|mle_ms=37.203
PMLE_LIVE_REPLAY_TIC|tic=1069|mle_ms=34.757
PMLE_LIVE_REPLAY_TIC|tic=1070|mle_ms=32.046
PMLE_LIVE_REPLAY_TIC|tic=1071|mle_ms=38.492
PMLE_LIVE_REPLAY_TIC|tic=1072|mle_ms=35.265
PMLE_LIVE_REPLAY_TIC|tic=1073|mle_ms=38.053
PMLE_LIVE_REPLAY_TIC|tic=1074|mle_ms=56.81
PMLE_LIVE_REPLAY_TIC|tic=1075|mle_ms=42.943
PMLE_LIVE_REPLAY_TIC|tic=1076|mle_ms=56.249
PMLE_LIVE_REPLAY_TIC|tic=1077|mle_ms=39.886
PMLE_LIVE_REPLAY_TIC|tic=1078|mle_ms=42.691
PMLE_LIVE_REPLAY_TIC|tic=1079|mle_ms=33.247
PMLE_LIVE_REPLAY_TIC|tic=1080|mle_ms=30.804
PMLE_LIVE_REPLAY_TIC|tic=1081|mle_ms=52.534
PMLE_LIVE_REPLAY_TIC|tic=1082|mle_ms=25.907
PMLE_LIVE_REPLAY_TIC|tic=1083|mle_ms=23.961
PMLE_LIVE_REPLAY_TIC|tic=1084|mle_ms=72.589
PMLE_LIVE_REPLAY_TIC|tic=1085|mle_ms=30.395
PMLE_LIVE_REPLAY_TIC|tic=1086|mle_ms=34.916
PMLE_LIVE_REPLAY_TIC|tic=1087|mle_ms=47.792
PMLE_LIVE_REPLAY_TIC|tic=1088|mle_ms=38.949
PMLE_LIVE_REPLAY_TIC|tic=1089|mle_ms=32.623
PMLE_LIVE_REPLAY_TIC|tic=1090|mle_ms=48.062
PMLE_LIVE_REPLAY_TIC|tic=1091|mle_ms=48.842
PMLE_LIVE_REPLAY_TIC|tic=1092|mle_ms=27.93
PMLE_LIVE_REPLAY_TIC|tic=1093|mle_ms=39.89
PMLE_LIVE_REPLAY_TIC|tic=1094|mle_ms=42.226
PMLE_LIVE_REPLAY_TIC|tic=1095|mle_ms=32.76
PMLE_LIVE_REPLAY_TIC|tic=1096|mle_ms=39.957
PMLE_LIVE_REPLAY_TIC|tic=1097|mle_ms=40.313
PMLE_LIVE_REPLAY_TIC|tic=1098|mle_ms=33.707
PMLE_LIVE_REPLAY_TIC|tic=1099|mle_ms=42.961
PMLE_LIVE_REPLAY_TIC|tic=1100|mle_ms=27.094
PMLE_LIVE_REPLAY_TIC|tic=1101|mle_ms=50.285
PMLE_LIVE_REPLAY_TIC|tic=1102|mle_ms=60.965
PMLE_LIVE_REPLAY_TIC|tic=1103|mle_ms=40.124
PMLE_LIVE_REPLAY_TIC|tic=1104|mle_ms=50.908
PMLE_LIVE_REPLAY_TIC|tic=1105|mle_ms=55.641
PMLE_LIVE_REPLAY_TIC|tic=1106|mle_ms=56.207
PMLE_LIVE_REPLAY_TIC|tic=1107|mle_ms=51.669
PMLE_LIVE_REPLAY_TIC|tic=1108|mle_ms=65.528
PMLE_LIVE_REPLAY_TIC|tic=1109|mle_ms=48.796
PMLE_LIVE_REPLAY_TIC|tic=1110|mle_ms=44.963
PMLE_LIVE_REPLAY_TIC|tic=1111|mle_ms=131.049
PMLE_LIVE_REPLAY_TIC|tic=1112|mle_ms=64.31
PMLE_LIVE_REPLAY_TIC|tic=1113|mle_ms=58.16
PMLE_LIVE_REPLAY_TIC|tic=1114|mle_ms=98.975
PMLE_LIVE_REPLAY_TIC|tic=1115|mle_ms=36.331
PMLE_LIVE_REPLAY_TIC|tic=1116|mle_ms=43.342
PMLE_LIVE_REPLAY_TIC|tic=1117|mle_ms=51.011
PMLE_LIVE_REPLAY_TIC|tic=1118|mle_ms=31.171
PMLE_LIVE_REPLAY_TIC|tic=1119|mle_ms=33.997
PMLE_LIVE_REPLAY_TIC|tic=1120|mle_ms=35.268
PMLE_LIVE_REPLAY_TIC|tic=1121|mle_ms=35.09
PMLE_LIVE_REPLAY_TIC|tic=1122|mle_ms=32.747
PMLE_LIVE_REPLAY_TIC|tic=1123|mle_ms=40.152
PMLE_LIVE_REPLAY_TIC|tic=1124|mle_ms=40.107
PMLE_LIVE_REPLAY_TIC|tic=1125|mle_ms=29.592
PMLE_LIVE_REPLAY_TIC|tic=1126|mle_ms=36.941
PMLE_LIVE_REPLAY_TIC|tic=1127|mle_ms=33.997
PMLE_LIVE_REPLAY_TIC|tic=1128|mle_ms=36.428
PMLE_LIVE_REPLAY_TIC|tic=1129|mle_ms=49.116
PMLE_LIVE_REPLAY_TIC|tic=1130|mle_ms=32.013
PMLE_LIVE_REPLAY_TIC|tic=1131|mle_ms=40.74
PMLE_LIVE_REPLAY_TIC|tic=1132|mle_ms=53.426
PMLE_LIVE_REPLAY_TIC|tic=1133|mle_ms=26.046
PMLE_LIVE_REPLAY_TIC|tic=1134|mle_ms=51.274
PMLE_LIVE_REPLAY_TIC|tic=1135|mle_ms=25.942
PMLE_LIVE_REPLAY_TIC|tic=1136|mle_ms=22.726
PMLE_LIVE_REPLAY_TIC|tic=1137|mle_ms=35.239
PMLE_LIVE_REPLAY_TIC|tic=1138|mle_ms=28.916
PMLE_LIVE_REPLAY_TIC|tic=1139|mle_ms=18.735
PMLE_LIVE_REPLAY_TIC|tic=1140|mle_ms=28.056
PMLE_LIVE_REPLAY_TIC|tic=1141|mle_ms=34.84
PMLE_LIVE_REPLAY_TIC|tic=1142|mle_ms=15.361
PMLE_LIVE_REPLAY_TIC|tic=1143|mle_ms=29.63
PMLE_LIVE_REPLAY_TIC|tic=1144|mle_ms=30.625
PMLE_LIVE_REPLAY_TIC|tic=1145|mle_ms=10.779
PMLE_LIVE_REPLAY_TIC|tic=1146|mle_ms=220.855
PMLE_LIVE_REPLAY_TIC|tic=1147|mle_ms=24.692
PMLE_LIVE_REPLAY_TIC|tic=1148|mle_ms=15.219
PMLE_LIVE_REPLAY_TIC|tic=1149|mle_ms=216.092
PMLE_LIVE_REPLAY_TIC|tic=1150|mle_ms=27.875
PMLE_LIVE_REPLAY_TIC|tic=1151|mle_ms=28.511
PMLE_LIVE_REPLAY_TIC|tic=1152|mle_ms=19.89
PMLE_LIVE_REPLAY_TIC|tic=1153|mle_ms=39.406
PMLE_LIVE_REPLAY_TIC|tic=1154|mle_ms=28.295
PMLE_LIVE_REPLAY_TIC|tic=1155|mle_ms=23.06
PMLE_LIVE_REPLAY_TIC|tic=1156|mle_ms=44.915
PMLE_LIVE_REPLAY_TIC|tic=1157|mle_ms=33.981
PMLE_LIVE_REPLAY_TIC|tic=1158|mle_ms=36.256
PMLE_LIVE_REPLAY_TIC|tic=1159|mle_ms=27.462
PMLE_LIVE_REPLAY_TIC|tic=1160|mle_ms=27.375
PMLE_LIVE_REPLAY_TIC|tic=1161|mle_ms=48.372
PMLE_LIVE_REPLAY_TIC|tic=1162|mle_ms=26.212
PMLE_LIVE_REPLAY_TIC|tic=1163|mle_ms=27.166
PMLE_LIVE_REPLAY_TIC|tic=1164|mle_ms=42.639
PMLE_LIVE_REPLAY_TIC|tic=1165|mle_ms=31.135
PMLE_LIVE_REPLAY_TIC|tic=1166|mle_ms=33.553
PMLE_LIVE_REPLAY_TIC|tic=1167|mle_ms=34.367
PMLE_LIVE_REPLAY_TIC|tic=1168|mle_ms=30.408
PMLE_LIVE_REPLAY_TIC|tic=1169|mle_ms=32.148
PMLE_LIVE_REPLAY_TIC|tic=1170|mle_ms=48.433
PMLE_LIVE_REPLAY_TIC|tic=1171|mle_ms=48.193
PMLE_LIVE_REPLAY_TIC|tic=1172|mle_ms=31.654
PMLE_LIVE_REPLAY_TIC|tic=1173|mle_ms=34.846
PMLE_LIVE_REPLAY_TIC|tic=1174|mle_ms=35.748
PMLE_LIVE_REPLAY_TIC|tic=1175|mle_ms=45.354
PMLE_LIVE_REPLAY_TIC|tic=1176|mle_ms=39.834
PMLE_LIVE_REPLAY_TIC|tic=1177|mle_ms=37.426
PMLE_LIVE_REPLAY_TIC|tic=1178|mle_ms=37.848
PMLE_LIVE_REPLAY_TIC|tic=1179|mle_ms=40.271
PMLE_LIVE_REPLAY_TIC|tic=1180|mle_ms=43.126
PMLE_LIVE_REPLAY_TIC|tic=1181|mle_ms=39.515
PMLE_LIVE_REPLAY_TIC|tic=1182|mle_ms=40.23
PMLE_LIVE_REPLAY_TIC|tic=1183|mle_ms=41.363
PMLE_LIVE_REPLAY_TIC|tic=1184|mle_ms=51.642
PMLE_LIVE_REPLAY_TIC|tic=1185|mle_ms=33.784
PMLE_LIVE_REPLAY_TIC|tic=1186|mle_ms=35.739
PMLE_LIVE_REPLAY_TIC|tic=1187|mle_ms=37.689
PMLE_LIVE_REPLAY_TIC|tic=1188|mle_ms=35.259
PMLE_LIVE_REPLAY_TIC|tic=1189|mle_ms=33.486
PMLE_LIVE_REPLAY_TIC|tic=1190|mle_ms=31.46
PMLE_LIVE_REPLAY_TIC|tic=1191|mle_ms=49.385
PMLE_LIVE_REPLAY_TIC|tic=1192|mle_ms=37.27
PMLE_LIVE_REPLAY_TIC|tic=1193|mle_ms=239.62
PMLE_LIVE_REPLAY_TIC|tic=1194|mle_ms=49.789
PMLE_LIVE_REPLAY_TIC|tic=1195|mle_ms=49.052
PMLE_LIVE_REPLAY_TIC|tic=1196|mle_ms=201.514
PMLE_LIVE_REPLAY_TIC|tic=1197|mle_ms=39.153
PMLE_LIVE_REPLAY_TIC|tic=1198|mle_ms=63.231
PMLE_LIVE_REPLAY_TIC|tic=1199|mle_ms=33.94
PMLE_LIVE_REPLAY_TIC|tic=1200|mle_ms=45.381
PMLE_LIVE_REPLAY_TIC|tic=1201|mle_ms=53.854
PMLE_LIVE_REPLAY_TIC|tic=1202|mle_ms=48.758
PMLE_LIVE_REPLAY_TIC|tic=1203|mle_ms=46.13
PMLE_LIVE_REPLAY_TIC|tic=1204|mle_ms=74.793
PMLE_LIVE_REPLAY_TIC|tic=1205|mle_ms=33.405
PMLE_LIVE_REPLAY_TIC|tic=1206|mle_ms=74.283
PMLE_LIVE_REPLAY_TIC|tic=1207|mle_ms=71.004
PMLE_LIVE_REPLAY_TIC|tic=1208|mle_ms=29.505
PMLE_LIVE_REPLAY_TIC|tic=1209|mle_ms=48.315
PMLE_LIVE_REPLAY_TIC|tic=1210|mle_ms=53.117
PMLE_LIVE_REPLAY_TIC|tic=1211|mle_ms=41.688
PMLE_LIVE_REPLAY_TIC|tic=1212|mle_ms=29.125
PMLE_LIVE_REPLAY_TIC|tic=1213|mle_ms=67.216
PMLE_LIVE_REPLAY_TIC|tic=1214|mle_ms=37.473
PMLE_LIVE_REPLAY_TIC|tic=1215|mle_ms=24.557
PMLE_LIVE_REPLAY_TIC|tic=1216|mle_ms=70.715
PMLE_LIVE_REPLAY_TIC|tic=1217|mle_ms=25.505
PMLE_LIVE_REPLAY_TIC|tic=1218|mle_ms=25.531
PMLE_LIVE_REPLAY_TIC|tic=1219|mle_ms=32.128
PMLE_LIVE_REPLAY_TIC|tic=1220|mle_ms=19.554
PMLE_LIVE_REPLAY_TIC|tic=1221|mle_ms=27.624
PMLE_LIVE_REPLAY_TIC|tic=1222|mle_ms=32.892
PMLE_LIVE_REPLAY_TIC|tic=1223|mle_ms=40.325
PMLE_LIVE_REPLAY_TIC|tic=1224|mle_ms=33.609
PMLE_LIVE_REPLAY_TIC|tic=1225|mle_ms=76.805
PMLE_LIVE_REPLAY_TIC|tic=1226|mle_ms=46.639
PMLE_LIVE_REPLAY_TIC|tic=1227|mle_ms=30.387
PMLE_LIVE_REPLAY_TIC|tic=1228|mle_ms=38.884
PMLE_LIVE_REPLAY_TIC|tic=1229|mle_ms=25.308
PMLE_LIVE_REPLAY_TIC|tic=1230|mle_ms=25.845
PMLE_LIVE_REPLAY_TIC|tic=1231|mle_ms=47.515
PMLE_LIVE_REPLAY_TIC|tic=1232|mle_ms=26.096
PMLE_LIVE_REPLAY_TIC|tic=1233|mle_ms=47.964
PMLE_LIVE_REPLAY_TIC|tic=1234|mle_ms=43.91
PMLE_LIVE_REPLAY_TIC|tic=1235|mle_ms=24.481
PMLE_LIVE_REPLAY_TIC|tic=1236|mle_ms=59.549
PMLE_LIVE_REPLAY_TIC|tic=1237|mle_ms=41.992
PMLE_LIVE_REPLAY_TIC|tic=1238|mle_ms=28.996
PMLE_LIVE_REPLAY_TIC|tic=1239|mle_ms=25.367
PMLE_LIVE_REPLAY_TIC|tic=1240|mle_ms=23.238
PMLE_LIVE_REPLAY_TIC|tic=1241|mle_ms=26.797
PMLE_LIVE_REPLAY_TIC|tic=1242|mle_ms=18.235
PMLE_LIVE_REPLAY_TIC|tic=1243|mle_ms=38.716
PMLE_LIVE_REPLAY_TIC|tic=1244|mle_ms=20.693
PMLE_LIVE_REPLAY_TIC|tic=1245|mle_ms=10.716
PMLE_LIVE_REPLAY_TIC|tic=1246|mle_ms=51.086
PMLE_LIVE_REPLAY_TIC|tic=1247|mle_ms=14.669
PMLE_LIVE_REPLAY_TIC|tic=1248|mle_ms=11.716
PMLE_LIVE_REPLAY_TIC|tic=1249|mle_ms=26.778
PMLE_LIVE_REPLAY_TIC|tic=1250|mle_ms=10.493
PMLE_LIVE_REPLAY_TIC|tic=1251|mle_ms=20.458
PMLE_LIVE_REPLAY_TIC|tic=1252|mle_ms=29.069
PMLE_LIVE_REPLAY_TIC|tic=1253|mle_ms=26.184
PMLE_LIVE_REPLAY_TIC|tic=1254|mle_ms=21.322
PMLE_LIVE_REPLAY_TIC|tic=1255|mle_ms=19.165
PMLE_LIVE_REPLAY_TIC|tic=1256|mle_ms=38.774
PMLE_LIVE_REPLAY_TIC|tic=1257|mle_ms=25.848
PMLE_LIVE_REPLAY_TIC|tic=1258|mle_ms=23.886
PMLE_LIVE_REPLAY_TIC|tic=1259|mle_ms=12.936
PMLE_LIVE_REPLAY_TIC|tic=1260|mle_ms=10.489
PMLE_LIVE_REPLAY_TIC|tic=1261|mle_ms=34.271
PMLE_LIVE_REPLAY_TIC|tic=1262|mle_ms=10.062
PMLE_LIVE_REPLAY_TIC|tic=1263|mle_ms=27.755
PMLE_LIVE_REPLAY_TIC|tic=1264|mle_ms=46.98
PMLE_LIVE_REPLAY_TIC|tic=1265|mle_ms=10.26
PMLE_LIVE_REPLAY_TIC|tic=1266|mle_ms=43.303
PMLE_LIVE_REPLAY_TIC|tic=1267|mle_ms=25.75
PMLE_LIVE_REPLAY_TIC|tic=1268|mle_ms=13.18
PMLE_LIVE_REPLAY_TIC|tic=1269|mle_ms=11.201
PMLE_LIVE_REPLAY_TIC|tic=1270|mle_ms=15.201
PMLE_LIVE_REPLAY_TIC|tic=1271|mle_ms=19.82
PMLE_LIVE_REPLAY_TIC|tic=1272|mle_ms=11.83
PMLE_LIVE_REPLAY_TIC|tic=1273|mle_ms=34.75
PMLE_LIVE_REPLAY_TIC|tic=1274|mle_ms=17.419
PMLE_LIVE_REPLAY_TIC|tic=1275|mle_ms=8.102
PMLE_LIVE_REPLAY_TIC|tic=1276|mle_ms=46.786
PMLE_LIVE_REPLAY_TIC|tic=1277|mle_ms=16.805
PMLE_LIVE_REPLAY_TIC|tic=1278|mle_ms=11.768
PMLE_LIVE_REPLAY_TIC|tic=1279|mle_ms=21.558
PMLE_LIVE_REPLAY_TIC|tic=1280|mle_ms=8.743
PMLE_LIVE_REPLAY_TIC|tic=1281|mle_ms=17.557
PMLE_LIVE_REPLAY_TIC|tic=1282|mle_ms=36.577
PMLE_LIVE_REPLAY_TIC|tic=1283|mle_ms=24.428
PMLE_LIVE_REPLAY_TIC|tic=1284|mle_ms=18.552
PMLE_LIVE_REPLAY_TIC|tic=1285|mle_ms=35.141
PMLE_LIVE_REPLAY_TIC|tic=1286|mle_ms=36.362
PMLE_LIVE_REPLAY_TIC|tic=1287|mle_ms=18.277
PMLE_LIVE_REPLAY_TIC|tic=1288|mle_ms=42.932
PMLE_LIVE_REPLAY_TIC|tic=1289|mle_ms=12.502
PMLE_LIVE_REPLAY_TIC|tic=1290|mle_ms=10.501
PMLE_LIVE_REPLAY_TIC|tic=1291|mle_ms=28.139
PMLE_LIVE_REPLAY_TIC|tic=1292|mle_ms=11.517
PMLE_LIVE_REPLAY_TIC|tic=1293|mle_ms=27.32
PMLE_LIVE_REPLAY_TIC|tic=1294|mle_ms=36.737
PMLE_LIVE_REPLAY_TIC|tic=1295|mle_ms=8.25
PMLE_LIVE_REPLAY_TIC|tic=1296|mle_ms=36.258
PMLE_LIVE_REPLAY_TIC|tic=1297|mle_ms=26.137
PMLE_LIVE_REPLAY_TIC|tic=1298|mle_ms=13.697
PMLE_LIVE_REPLAY_TIC|tic=1299|mle_ms=11.898
PMLE_LIVE_REPLAY_TIC|tic=1300|mle_ms=17.783
PMLE_LIVE_REPLAY_TIC|tic=1301|mle_ms=17.354
PMLE_LIVE_REPLAY_TIC|tic=1302|mle_ms=11.743
PMLE_LIVE_REPLAY_TIC|tic=1303|mle_ms=39.493
PMLE_LIVE_REPLAY_TIC|tic=1304|mle_ms=17.765
PMLE_LIVE_REPLAY_TIC|tic=1305|mle_ms=8.082
PMLE_LIVE_REPLAY_TIC|tic=1306|mle_ms=50.75
PMLE_LIVE_REPLAY_TIC|tic=1307|mle_ms=18.913
PMLE_LIVE_REPLAY_TIC|tic=1308|mle_ms=15.616
PMLE_LIVE_REPLAY_TIC|tic=1309|mle_ms=23.882
PMLE_LIVE_REPLAY_TIC|tic=1310|mle_ms=10.707
PMLE_LIVE_REPLAY_TIC|tic=1311|mle_ms=19.782
PMLE_LIVE_REPLAY_TIC|tic=1312|mle_ms=23.874
PMLE_LIVE_REPLAY_TIC|tic=1313|mle_ms=24.04
PMLE_LIVE_REPLAY_TIC|tic=1314|mle_ms=17.491
PMLE_LIVE_REPLAY_TIC|tic=1315|mle_ms=22.528
PMLE_LIVE_REPLAY_TIC|tic=1316|mle_ms=39.192
PMLE_LIVE_REPLAY_TIC|tic=1317|mle_ms=14.998
PMLE_LIVE_REPLAY_TIC|tic=1318|mle_ms=38.877
PMLE_LIVE_REPLAY_TIC|tic=1319|mle_ms=10.398
PMLE_LIVE_REPLAY_TIC|tic=1320|mle_ms=10.361
PMLE_LIVE_REPLAY_TIC|tic=1321|mle_ms=46.132
PMLE_LIVE_REPLAY_TIC|tic=1322|mle_ms=9.848
PMLE_LIVE_REPLAY_TIC|tic=1323|mle_ms=24.526
PMLE_LIVE_REPLAY_TIC|tic=1324|mle_ms=30.376
PMLE_LIVE_REPLAY_TIC|tic=1325|mle_ms=10.373
PMLE_LIVE_REPLAY_TIC|tic=1326|mle_ms=36.907
PMLE_LIVE_REPLAY_TIC|tic=1327|mle_ms=24.278
PMLE_LIVE_REPLAY_TIC|tic=1328|mle_ms=12.629
PMLE_LIVE_REPLAY_TIC|tic=1329|mle_ms=11.72
PMLE_LIVE_REPLAY_TIC|tic=1330|mle_ms=41.08
PMLE_LIVE_REPLAY_TIC|tic=1331|mle_ms=20.754
PMLE_LIVE_REPLAY_TIC|tic=1332|mle_ms=12.202
PMLE_LIVE_REPLAY_TIC|tic=1333|mle_ms=50.539
PMLE_LIVE_REPLAY_TIC|tic=1334|mle_ms=18.066
PMLE_LIVE_REPLAY_TIC|tic=1335|mle_ms=8.291
PMLE_LIVE_REPLAY_TIC|tic=1336|mle_ms=61.398
PMLE_LIVE_REPLAY_TIC|tic=1337|mle_ms=17.259
PMLE_LIVE_REPLAY_TIC|tic=1338|mle_ms=14.156
PMLE_LIVE_REPLAY_TIC|tic=1339|mle_ms=21.244
PMLE_LIVE_REPLAY_TIC|tic=1340|mle_ms=8.648
PMLE_LIVE_REPLAY_TIC|tic=1341|mle_ms=18.492
PMLE_LIVE_REPLAY_TIC|tic=1342|mle_ms=21.971
PMLE_LIVE_REPLAY_TIC|tic=1343|mle_ms=25.451
PMLE_LIVE_REPLAY_TIC|tic=1344|mle_ms=17.506
PMLE_LIVE_REPLAY_TIC|tic=1345|mle_ms=17.268
PMLE_LIVE_REPLAY_TIC|tic=1346|mle_ms=41.353
PMLE_LIVE_REPLAY_TIC|tic=1347|mle_ms=15.4
PMLE_LIVE_REPLAY_TIC|tic=1348|mle_ms=38.759
PMLE_LIVE_REPLAY_TIC|tic=1349|mle_ms=10.5
PMLE_LIVE_REPLAY_TIC|tic=1350|mle_ms=9.176
PMLE_LIVE_REPLAY_TIC|tic=1351|mle_ms=24.104
PMLE_LIVE_REPLAY_TIC|tic=1352|mle_ms=10.872
PMLE_LIVE_REPLAY_TIC|tic=1353|mle_ms=29.026
PMLE_LIVE_REPLAY_TIC|tic=1354|mle_ms=40.009
PMLE_LIVE_REPLAY_TIC|tic=1355|mle_ms=12.405
PMLE_LIVE_REPLAY_TIC|tic=1356|mle_ms=43.47
PMLE_LIVE_REPLAY_TIC|tic=1357|mle_ms=25.196
PMLE_LIVE_REPLAY_TIC|tic=1358|mle_ms=13.002
PMLE_LIVE_REPLAY_TIC|tic=1359|mle_ms=11.891
PMLE_LIVE_REPLAY_TIC|tic=1360|mle_ms=18.879
PMLE_LIVE_REPLAY_TIC|tic=1361|mle_ms=19.829
PMLE_LIVE_REPLAY_TIC|tic=1362|mle_ms=12.059
PMLE_LIVE_REPLAY_TIC|tic=1363|mle_ms=32.203
PMLE_LIVE_REPLAY_TIC|tic=1364|mle_ms=18.238
PMLE_LIVE_REPLAY_TIC|tic=1365|mle_ms=10.089
PMLE_LIVE_REPLAY_TIC|tic=1366|mle_ms=57.774
PMLE_LIVE_REPLAY_TIC|tic=1367|mle_ms=15.162
PMLE_LIVE_REPLAY_TIC|tic=1368|mle_ms=14.421
PMLE_LIVE_REPLAY_TIC|tic=1369|mle_ms=22.847
PMLE_LIVE_REPLAY_TIC|tic=1370|mle_ms=10.069
PMLE_LIVE_REPLAY_TIC|tic=1371|mle_ms=19.279
PMLE_LIVE_REPLAY_TIC|tic=1372|mle_ms=18.908
PMLE_LIVE_REPLAY_TIC|tic=1373|mle_ms=25.693
PMLE_LIVE_REPLAY_TIC|tic=1374|mle_ms=22.669
PMLE_LIVE_REPLAY_TIC|tic=1375|mle_ms=21.23
PMLE_LIVE_REPLAY_TIC|tic=1376|mle_ms=47.042
PMLE_LIVE_REPLAY_TIC|tic=1377|mle_ms=18.328
PMLE_LIVE_REPLAY_TIC|tic=1378|mle_ms=25.46
PMLE_LIVE_REPLAY_TIC|tic=1379|mle_ms=13.765
PMLE_LIVE_REPLAY_TIC|tic=1380|mle_ms=10.978
PMLE_LIVE_REPLAY_TIC|tic=1381|mle_ms=34.593
PMLE_LIVE_REPLAY_TIC|tic=1382|mle_ms=12.458
PMLE_LIVE_REPLAY_TIC|tic=1383|mle_ms=29.235
PMLE_LIVE_REPLAY_TIC|tic=1384|mle_ms=35.521
PMLE_LIVE_REPLAY_TIC|tic=1385|mle_ms=10.002
PMLE_LIVE_REPLAY_TIC|tic=1386|mle_ms=41.969
PMLE_LIVE_REPLAY_TIC|tic=1387|mle_ms=23.89
PMLE_LIVE_REPLAY_TIC|tic=1388|mle_ms=12.699
PMLE_LIVE_REPLAY_TIC|tic=1389|mle_ms=10.657
PMLE_LIVE_REPLAY_TIC|tic=1390|mle_ms=33.106
PMLE_LIVE_REPLAY_TIC|tic=1391|mle_ms=20.423
PMLE_LIVE_REPLAY_TIC|tic=1392|mle_ms=11.705
PMLE_LIVE_REPLAY_TIC|tic=1393|mle_ms=45.075
PMLE_LIVE_REPLAY_TIC|tic=1394|mle_ms=26.232
PMLE_LIVE_REPLAY_TIC|tic=1395|mle_ms=16.242
PMLE_LIVE_REPLAY_TIC|tic=1396|mle_ms=64.037
PMLE_LIVE_REPLAY_TIC|tic=1397|mle_ms=23.218
PMLE_LIVE_REPLAY_TIC|tic=1398|mle_ms=19.427
PMLE_LIVE_REPLAY_TIC|tic=1399|mle_ms=40.813
PMLE_LIVE_REPLAY_TIC|tic=1400|mle_ms=15.793
PMLE_LIVE_REPLAY_TIC|tic=1401|mle_ms=22.787
PMLE_LIVE_REPLAY_TIC|tic=1402|mle_ms=24.94
PMLE_LIVE_REPLAY_TIC|tic=1403|mle_ms=33.519
PMLE_LIVE_REPLAY_TIC|tic=1404|mle_ms=27.068
PMLE_LIVE_REPLAY_TIC|tic=1405|mle_ms=23.183
PMLE_LIVE_REPLAY_TIC|tic=1406|mle_ms=45.705
PMLE_LIVE_REPLAY_TIC|tic=1407|mle_ms=22.319
PMLE_LIVE_REPLAY_TIC|tic=1408|mle_ms=28.188
PMLE_LIVE_REPLAY_TIC|tic=1409|mle_ms=14.793
PMLE_LIVE_REPLAY_TIC|tic=1410|mle_ms=13.586
PMLE_LIVE_REPLAY_TIC|tic=1411|mle_ms=44.244
PMLE_LIVE_REPLAY_TIC|tic=1412|mle_ms=18.072
PMLE_LIVE_REPLAY_TIC|tic=1413|mle_ms=35.878
PMLE_LIVE_REPLAY_TIC|tic=1414|mle_ms=36.339
PMLE_LIVE_REPLAY_TIC|tic=1415|mle_ms=15.744
PMLE_LIVE_REPLAY_TIC|tic=1416|mle_ms=40.763
PMLE_LIVE_REPLAY_TIC|tic=1417|mle_ms=31.029
PMLE_LIVE_REPLAY_TIC|tic=1418|mle_ms=19.251
PMLE_LIVE_REPLAY_TIC|tic=1419|mle_ms=17.203
PMLE_LIVE_REPLAY_TIC|tic=1420|mle_ms=24.257
PMLE_LIVE_REPLAY_TIC|tic=1421|mle_ms=22.608
PMLE_LIVE_REPLAY_TIC|tic=1422|mle_ms=16.932
PMLE_LIVE_REPLAY_TIC|tic=1423|mle_ms=42.514
PMLE_LIVE_REPLAY_TIC|tic=1424|mle_ms=27.621
PMLE_LIVE_REPLAY_TIC|tic=1425|mle_ms=18.294
PMLE_LIVE_REPLAY_TIC|tic=1426|mle_ms=62.208
PMLE_LIVE_REPLAY_TIC|tic=1427|mle_ms=31.618
PMLE_LIVE_REPLAY_TIC|tic=1428|mle_ms=28.901
PMLE_LIVE_REPLAY_TIC|tic=1429|mle_ms=37.821
PMLE_LIVE_REPLAY_TIC|tic=1430|mle_ms=24.909
PMLE_LIVE_REPLAY_TIC|tic=1431|mle_ms=34.549
PMLE_LIVE_REPLAY_TIC|tic=1432|mle_ms=84.836
PMLE_LIVE_REPLAY_TIC|tic=1433|mle_ms=33.275
PMLE_LIVE_REPLAY_TIC|tic=1434|mle_ms=26.122
PMLE_LIVE_REPLAY_TIC|tic=1435|mle_ms=86.603
PMLE_LIVE_REPLAY_TIC|tic=1436|mle_ms=38.559
PMLE_LIVE_REPLAY_TIC|tic=1437|mle_ms=19.105
PMLE_LIVE_REPLAY_TIC|tic=1438|mle_ms=119.839
PMLE_LIVE_REPLAY_TIC|tic=1439|mle_ms=21.912
PMLE_LIVE_REPLAY_TIC|tic=1440|mle_ms=21.047
PMLE_LIVE_REPLAY_TIC|tic=1441|mle_ms=120.673
PMLE_LIVE_REPLAY_TIC|tic=1442|mle_ms=21.044
PMLE_LIVE_REPLAY_TIC|tic=1443|mle_ms=38.06
PMLE_LIVE_REPLAY_TIC|tic=1444|mle_ms=161.633
PMLE_LIVE_REPLAY_TIC|tic=1445|mle_ms=18.218
PMLE_LIVE_REPLAY_TIC|tic=1446|mle_ms=48.024
PMLE_LIVE_REPLAY_TIC|tic=1447|mle_ms=104.486
PMLE_LIVE_REPLAY_TIC|tic=1448|mle_ms=21.228
PMLE_LIVE_REPLAY_TIC|tic=1449|mle_ms=20.678
PMLE_LIVE_REPLAY_TIC|tic=1450|mle_ms=14.934
PMLE_LIVE_REPLAY_TIC|tic=1451|mle_ms=24.929
PMLE_LIVE_REPLAY_TIC|tic=1452|mle_ms=18.82
PMLE_LIVE_REPLAY_TIC|tic=1453|mle_ms=113.242
PMLE_LIVE_REPLAY_TIC|tic=1454|mle_ms=28.088
PMLE_LIVE_REPLAY_TIC|tic=1455|mle_ms=15.543
PMLE_LIVE_REPLAY_TIC|tic=1456|mle_ms=111.054
PMLE_LIVE_REPLAY_TIC|tic=1457|mle_ms=20.227
PMLE_LIVE_REPLAY_TIC|tic=1458|mle_ms=18.043
PMLE_LIVE_REPLAY_TIC|tic=1459|mle_ms=105.024
PMLE_LIVE_REPLAY_TIC|tic=1460|mle_ms=12.655
PMLE_LIVE_REPLAY_TIC|tic=1461|mle_ms=22.952
PMLE_LIVE_REPLAY_TIC|tic=1462|mle_ms=95.485
PMLE_LIVE_REPLAY_TIC|tic=1463|mle_ms=26.526
PMLE_LIVE_REPLAY_TIC|tic=1464|mle_ms=23.878
PMLE_LIVE_REPLAY_TIC|tic=1465|mle_ms=94.139
PMLE_LIVE_REPLAY_TIC|tic=1466|mle_ms=41.794
PMLE_LIVE_REPLAY_TIC|tic=1467|mle_ms=21.111
PMLE_LIVE_REPLAY_TIC|tic=1468|mle_ms=89.022
PMLE_LIVE_REPLAY_TIC|tic=1469|mle_ms=14.863
PMLE_LIVE_REPLAY_TIC|tic=1470|mle_ms=12.33
PMLE_LIVE_REPLAY_TIC|tic=1471|mle_ms=115.728
PMLE_LIVE_REPLAY_TIC|tic=1472|mle_ms=14.79
PMLE_LIVE_REPLAY_TIC|tic=1473|mle_ms=31.146
PMLE_LIVE_REPLAY_TIC|tic=1474|mle_ms=96.502
PMLE_LIVE_REPLAY_TIC|tic=1475|mle_ms=10.999
PMLE_LIVE_REPLAY_TIC|tic=1476|mle_ms=36.162
PMLE_LIVE_REPLAY_TIC|tic=1477|mle_ms=82.87
PMLE_LIVE_REPLAY_TIC|tic=1478|mle_ms=17.2
PMLE_LIVE_REPLAY_TIC|tic=1479|mle_ms=15.921
PMLE_LIVE_REPLAY_TIC|tic=1480|mle_ms=76.138
PMLE_LIVE_REPLAY_TIC|tic=1481|mle_ms=51.932
PMLE_LIVE_REPLAY_TIC|tic=1482|mle_ms=13.482
PMLE_LIVE_REPLAY_TIC|tic=1483|mle_ms=106
PMLE_LIVE_REPLAY_TIC|tic=1484|mle_ms=23.741
PMLE_LIVE_REPLAY_TIC|tic=1485|mle_ms=14.334
PMLE_LIVE_REPLAY_TIC|tic=1486|mle_ms=134.273
PMLE_LIVE_REPLAY_TIC|tic=1487|mle_ms=20.226
PMLE_LIVE_REPLAY_TIC|tic=1488|mle_ms=16.714
PMLE_LIVE_REPLAY_TIC|tic=1489|mle_ms=79.407
PMLE_LIVE_REPLAY_TIC|tic=1490|mle_ms=12.13
PMLE_LIVE_REPLAY_TIC|tic=1491|mle_ms=44.905
PMLE_LIVE_REPLAY_TIC|tic=1492|mle_ms=50.83
PMLE_LIVE_REPLAY_TIC|tic=1493|mle_ms=53.741
PMLE_LIVE_REPLAY_TIC|tic=1494|mle_ms=19.822
PMLE_LIVE_REPLAY_TIC|tic=1495|mle_ms=60.777
PMLE_LIVE_REPLAY_TIC|tic=1496|mle_ms=38.49
PMLE_LIVE_REPLAY_TIC|tic=1497|mle_ms=19.116
PMLE_LIVE_REPLAY_TIC|tic=1498|mle_ms=46.451
PMLE_LIVE_REPLAY_TIC|tic=1499|mle_ms=13.304
PMLE_LIVE_REPLAY_TIC|tic=1500|mle_ms=11.01
PMLE_LIVE_REPLAY_TIC|tic=1501|mle_ms=83.519
PMLE_LIVE_REPLAY_TIC|tic=1502|mle_ms=13.204
PMLE_LIVE_REPLAY_TIC|tic=1503|mle_ms=59.288
PMLE_LIVE_REPLAY_TIC|tic=1504|mle_ms=45.259
PMLE_LIVE_REPLAY_TIC|tic=1505|mle_ms=17.873
PMLE_LIVE_REPLAY_TIC|tic=1506|mle_ms=48.275
PMLE_LIVE_REPLAY_TIC|tic=1507|mle_ms=59.401
PMLE_LIVE_REPLAY_TIC|tic=1508|mle_ms=16.955
PMLE_LIVE_REPLAY_TIC|tic=1509|mle_ms=15.613
PMLE_LIVE_REPLAY_TIC|tic=1510|mle_ms=51.131
PMLE_LIVE_REPLAY_TIC|tic=1511|mle_ms=55.39
PMLE_LIVE_REPLAY_TIC|tic=1512|mle_ms=15.045
PMLE_LIVE_REPLAY_TIC|tic=1513|mle_ms=126.16
PMLE_LIVE_REPLAY_TIC|tic=1514|mle_ms=63.663
PMLE_LIVE_REPLAY_TIC|tic=1515|mle_ms=12.603
PMLE_LIVE_REPLAY_TIC|tic=1516|mle_ms=70.923
PMLE_LIVE_REPLAY_TIC|tic=1517|mle_ms=60.895
PMLE_LIVE_REPLAY_TIC|tic=1518|mle_ms=17.314
PMLE_LIVE_REPLAY_TIC|tic=1519|mle_ms=59.514
PMLE_LIVE_REPLAY_TIC|tic=1520|mle_ms=46.96
PMLE_LIVE_REPLAY_TIC|tic=1521|mle_ms=47.868
PMLE_LIVE_REPLAY_TIC|tic=1522|mle_ms=40.255
PMLE_LIVE_REPLAY_TIC|tic=1523|mle_ms=114.586
PMLE_LIVE_REPLAY_TIC|tic=1524|mle_ms=28.516
PMLE_LIVE_REPLAY_TIC|tic=1525|mle_ms=41.852
PMLE_LIVE_REPLAY_TIC|tic=1526|mle_ms=73.331
PMLE_LIVE_REPLAY_TIC|tic=1527|mle_ms=18.989
PMLE_LIVE_REPLAY_TIC|tic=1528|mle_ms=56.85
PMLE_LIVE_REPLAY_TIC|tic=1529|mle_ms=51.647
PMLE_LIVE_REPLAY_TIC|tic=1530|mle_ms=14.631
PMLE_LIVE_REPLAY_TIC|tic=1531|mle_ms=73.874
PMLE_LIVE_REPLAY_TIC|tic=1532|mle_ms=45.605
PMLE_LIVE_REPLAY_TIC|tic=1533|mle_ms=52.505
PMLE_LIVE_REPLAY_TIC|tic=1534|mle_ms=29.904
PMLE_LIVE_REPLAY_TIC|tic=1535|mle_ms=42.176
PMLE_LIVE_REPLAY_TIC|tic=1536|mle_ms=40.567
PMLE_LIVE_REPLAY_TIC|tic=1537|mle_ms=21.823
PMLE_LIVE_REPLAY_TIC|tic=1538|mle_ms=48.243
PMLE_LIVE_REPLAY_TIC|tic=1539|mle_ms=14.363
PMLE_LIVE_REPLAY_TIC|tic=1540|mle_ms=14.405
PMLE_LIVE_REPLAY_TIC|tic=1541|mle_ms=80.108
PMLE_LIVE_REPLAY_TIC|tic=1542|mle_ms=13.516
PMLE_LIVE_REPLAY_TIC|tic=1543|mle_ms=51.306
PMLE_LIVE_REPLAY_TIC|tic=1544|mle_ms=54.09
PMLE_LIVE_REPLAY_TIC|tic=1545|mle_ms=14.06
PMLE_LIVE_REPLAY_TIC|tic=1546|mle_ms=45.886
PMLE_LIVE_REPLAY_TIC|tic=1547|mle_ms=62.759
PMLE_LIVE_REPLAY_TIC|tic=1548|mle_ms=22.007
PMLE_LIVE_REPLAY_TIC|tic=1549|mle_ms=20.411
PMLE_LIVE_REPLAY_TIC|tic=1550|mle_ms=44.43
PMLE_LIVE_REPLAY_TIC|tic=1551|mle_ms=52.393
PMLE_LIVE_REPLAY_TIC|tic=1552|mle_ms=19.284
PMLE_LIVE_REPLAY_TIC|tic=1553|mle_ms=86.748
PMLE_LIVE_REPLAY_TIC|tic=1554|mle_ms=35.748
PMLE_LIVE_REPLAY_TIC|tic=1555|mle_ms=22.786
PMLE_LIVE_REPLAY_TIC|tic=1556|mle_ms=125.154
PMLE_LIVE_REPLAY_TIC|tic=1557|mle_ms=31.776
PMLE_LIVE_REPLAY_TIC|tic=1558|mle_ms=26.171
PMLE_LIVE_REPLAY_TIC|tic=1559|mle_ms=102.177
PMLE_LIVE_REPLAY_TIC|tic=1560|mle_ms=24.391
PMLE_LIVE_REPLAY_TIC|tic=1561|mle_ms=61.564
PMLE_LIVE_REPLAY_TIC|tic=1562|mle_ms=107.176
PMLE_LIVE_REPLAY_TIC|tic=1563|mle_ms=52.803
PMLE_LIVE_REPLAY_TIC|tic=1564|mle_ms=33.891
PMLE_LIVE_REPLAY_TIC|tic=1565|mle_ms=76.704
PMLE_LIVE_REPLAY_TIC|tic=1566|mle_ms=54.167
PMLE_LIVE_REPLAY_TIC|tic=1567|mle_ms=23.937
PMLE_LIVE_REPLAY_TIC|tic=1568|mle_ms=82.311
PMLE_LIVE_REPLAY_TIC|tic=1569|mle_ms=25.054
PMLE_LIVE_REPLAY_TIC|tic=1570|mle_ms=20.747
PMLE_LIVE_REPLAY_TIC|tic=1571|mle_ms=107.745
PMLE_LIVE_REPLAY_TIC|tic=1572|mle_ms=21.78
PMLE_LIVE_REPLAY_TIC|tic=1573|mle_ms=56.983
PMLE_LIVE_REPLAY_TIC|tic=1574|mle_ms=75.785
PMLE_LIVE_REPLAY_TIC|tic=1575|mle_ms=21.134
PMLE_LIVE_REPLAY_TIC|tic=1576|mle_ms=41.771
PMLE_LIVE_REPLAY_TIC|tic=1577|mle_ms=59.881
PMLE_LIVE_REPLAY_TIC|tic=1578|mle_ms=20.236
PMLE_LIVE_REPLAY_TIC|tic=1579|mle_ms=18.596
PMLE_LIVE_REPLAY_TIC|tic=1580|mle_ms=51.689
PMLE_LIVE_REPLAY_TIC|tic=1581|mle_ms=46.205
PMLE_LIVE_REPLAY_TIC|tic=1582|mle_ms=17.126
PMLE_LIVE_REPLAY_TIC|tic=1583|mle_ms=68.125
PMLE_LIVE_REPLAY_TIC|tic=1584|mle_ms=29.883
PMLE_LIVE_REPLAY_TIC|tic=1585|mle_ms=19.358
PMLE_LIVE_REPLAY_TIC|tic=1586|mle_ms=73.024
PMLE_LIVE_REPLAY_TIC|tic=1587|mle_ms=51.38
PMLE_LIVE_REPLAY_TIC|tic=1588|mle_ms=28.111
PMLE_LIVE_REPLAY_TIC|tic=1589|mle_ms=66.642
PMLE_LIVE_REPLAY_TIC|tic=1590|mle_ms=23.037
PMLE_LIVE_REPLAY_TIC|tic=1591|mle_ms=51.859
PMLE_LIVE_REPLAY_TIC|tic=1592|mle_ms=54.507
PMLE_LIVE_REPLAY_TIC|tic=1593|mle_ms=41.607
PMLE_LIVE_REPLAY_TIC|tic=1594|mle_ms=35.156
PMLE_LIVE_REPLAY_TIC|tic=1595|mle_ms=51.977
PMLE_LIVE_REPLAY_TIC|tic=1596|mle_ms=100.559
PMLE_LIVE_REPLAY_TIC|tic=1597|mle_ms=53.173
PMLE_LIVE_REPLAY_TIC|tic=1598|mle_ms=82.693
PMLE_LIVE_REPLAY_TIC|tic=1599|mle_ms=95.567
PMLE_LIVE_REPLAY_TIC|tic=1600|mle_ms=36.979
PMLE_LIVE_REPLAY_TIC|tic=1601|mle_ms=97.539
PMLE_LIVE_REPLAY_TIC|tic=1602|mle_ms=86.647
PMLE_LIVE_REPLAY_TIC|tic=1603|mle_ms=57.685
PMLE_LIVE_REPLAY_TIC|tic=1604|mle_ms=107.993
PMLE_LIVE_REPLAY_TIC|tic=1605|mle_ms=102.077
PMLE_LIVE_REPLAY_TIC|tic=1606|mle_ms=70.791
PMLE_LIVE_REPLAY_TIC|tic=1607|mle_ms=115.838
PMLE_LIVE_REPLAY_TIC|tic=1608|mle_ms=110.455
PMLE_LIVE_REPLAY_TIC|tic=1609|mle_ms=44.158
PMLE_LIVE_REPLAY_TIC|tic=1610|mle_ms=102.623
PMLE_LIVE_REPLAY_TIC|tic=1611|mle_ms=147.871
PMLE_LIVE_REPLAY_TIC|tic=1612|mle_ms=54.697
PMLE_LIVE_REPLAY_TIC|tic=1613|mle_ms=111.119
PMLE_LIVE_REPLAY_TIC|tic=1614|mle_ms=114.822
PMLE_LIVE_REPLAY_TIC|tic=1615|mle_ms=42.984
PMLE_LIVE_REPLAY_TIC|tic=1616|mle_ms=99.649
PMLE_LIVE_REPLAY_TIC|tic=1617|mle_ms=103.231
PMLE_LIVE_REPLAY_TIC|tic=1618|mle_ms=45.58
PMLE_LIVE_REPLAY_TIC|tic=1619|mle_ms=91.897
PMLE_LIVE_REPLAY_TIC|tic=1620|mle_ms=93.297
PMLE_LIVE_REPLAY_TIC|tic=1621|mle_ms=85.938
PMLE_LIVE_REPLAY_TIC|tic=1622|mle_ms=131.872
PMLE_LIVE_REPLAY_TIC|tic=1623|mle_ms=121.993
PMLE_LIVE_REPLAY_TIC|tic=1624|mle_ms=48.812
PMLE_LIVE_REPLAY_TIC|tic=1625|mle_ms=79.461
PMLE_LIVE_REPLAY_TIC|tic=1626|mle_ms=110.835
PMLE_LIVE_REPLAY_TIC|tic=1627|mle_ms=57.25
PMLE_LIVE_REPLAY_TIC|tic=1628|mle_ms=96.208
PMLE_LIVE_REPLAY_TIC|tic=1629|mle_ms=88.916
PMLE_LIVE_REPLAY_TIC|tic=1630|mle_ms=34.484
PMLE_LIVE_REPLAY_TIC|tic=1631|mle_ms=110.043
PMLE_LIVE_REPLAY_TIC|tic=1632|mle_ms=95.43
PMLE_LIVE_REPLAY_TIC|tic=1633|mle_ms=60.433
PMLE_LIVE_REPLAY_TIC|tic=1634|mle_ms=113.303
PMLE_LIVE_REPLAY_TIC|tic=1635|mle_ms=109.393
PMLE_LIVE_REPLAY_TIC|tic=1636|mle_ms=61.956
PMLE_LIVE_REPLAY_TIC|tic=1637|mle_ms=109.482
PMLE_LIVE_REPLAY_TIC|tic=1638|mle_ms=105.688
PMLE_LIVE_REPLAY_TIC|tic=1639|mle_ms=38.211
PMLE_LIVE_REPLAY_TIC|tic=1640|mle_ms=105.185
PMLE_LIVE_REPLAY_TIC|tic=1641|mle_ms=120.681
PMLE_LIVE_REPLAY_TIC|tic=1642|mle_ms=41.12
PMLE_LIVE_REPLAY_TIC|tic=1643|mle_ms=93.376
PMLE_LIVE_REPLAY_TIC|tic=1644|mle_ms=103.63
PMLE_LIVE_REPLAY_TIC|tic=1645|mle_ms=269.184
PMLE_LIVE_REPLAY_TIC|tic=1646|mle_ms=125.423
PMLE_LIVE_REPLAY_TIC|tic=1647|mle_ms=137.561
PMLE_LIVE_REPLAY_TIC|tic=1648|mle_ms=148.17
PMLE_LIVE_REPLAY_TIC|tic=1649|mle_ms=90.29
PMLE_LIVE_REPLAY_TIC|tic=1650|mle_ms=114.65
PMLE_LIVE_REPLAY_TIC|tic=1651|mle_ms=79.277
PMLE_LIVE_REPLAY_TIC|tic=1652|mle_ms=87.183
PMLE_LIVE_REPLAY_TIC|tic=1653|mle_ms=132.433
PMLE_LIVE_REPLAY_TIC|tic=1654|mle_ms=49.376
PMLE_LIVE_REPLAY_TIC|tic=1655|mle_ms=85.087
PMLE_LIVE_REPLAY_TIC|tic=1656|mle_ms=144.598
PMLE_LIVE_REPLAY_TIC|tic=1657|mle_ms=40.301
PMLE_LIVE_REPLAY_TIC|tic=1658|mle_ms=82.809
PMLE_LIVE_REPLAY_TIC|tic=1659|mle_ms=110.094
PMLE_LIVE_REPLAY_TIC|tic=1660|mle_ms=21.728
PMLE_LIVE_REPLAY_TIC|tic=1661|mle_ms=105.166
PMLE_LIVE_REPLAY_TIC|tic=1662|mle_ms=105.288
PMLE_LIVE_REPLAY_TIC|tic=1663|mle_ms=42.485
PMLE_LIVE_REPLAY_TIC|tic=1664|mle_ms=113.375
PMLE_LIVE_REPLAY_TIC|tic=1665|mle_ms=126.524
PMLE_LIVE_REPLAY_TIC|tic=1666|mle_ms=39.358
PMLE_LIVE_REPLAY_TIC|tic=1667|mle_ms=75.715
PMLE_LIVE_REPLAY_TIC|tic=1668|mle_ms=105.682
PMLE_LIVE_REPLAY_TIC|tic=1669|mle_ms=29.73
PMLE_LIVE_REPLAY_TIC|tic=1670|mle_ms=86.655
PMLE_LIVE_REPLAY_TIC|tic=1671|mle_ms=100.854
PMLE_LIVE_REPLAY_TIC|tic=1672|mle_ms=25.967
PMLE_LIVE_REPLAY_TIC|tic=1673|mle_ms=98.768
PMLE_LIVE_REPLAY_TIC|tic=1674|mle_ms=108.375
PMLE_LIVE_REPLAY_TIC|tic=1675|mle_ms=26.713
PMLE_LIVE_REPLAY_TIC|tic=1676|mle_ms=99.432
PMLE_LIVE_REPLAY_TIC|tic=1677|mle_ms=94.596
PMLE_LIVE_REPLAY_TIC|tic=1678|mle_ms=19.763
PMLE_LIVE_REPLAY_TIC|tic=1679|mle_ms=71.375
PMLE_LIVE_REPLAY_TIC|tic=1680|mle_ms=102.779
PMLE_LIVE_REPLAY_TIC|tic=1681|mle_ms=21.304
PMLE_LIVE_REPLAY_TIC|tic=1682|mle_ms=80.648
PMLE_LIVE_REPLAY_TIC|tic=1683|mle_ms=114.13
PMLE_LIVE_REPLAY_TIC|tic=1684|mle_ms=24.415
PMLE_LIVE_REPLAY_TIC|tic=1685|mle_ms=82.708
PMLE_LIVE_REPLAY_TIC|tic=1686|mle_ms=115.67
PMLE_LIVE_REPLAY_TIC|tic=1687|mle_ms=21.955
PMLE_LIVE_REPLAY_TIC|tic=1688|mle_ms=73.574
PMLE_LIVE_REPLAY_TIC|tic=1689|mle_ms=98.393
PMLE_LIVE_REPLAY_TIC|tic=1690|mle_ms=23.493
PMLE_LIVE_REPLAY_TIC|tic=1691|mle_ms=75.981
PMLE_LIVE_REPLAY_TIC|tic=1692|mle_ms=94.072
PMLE_LIVE_REPLAY_TIC|tic=1693|mle_ms=23.084
PMLE_LIVE_REPLAY_TIC|tic=1694|mle_ms=91.004
PMLE_LIVE_REPLAY_TIC|tic=1695|mle_ms=96.757
PMLE_LIVE_REPLAY_TIC|tic=1696|mle_ms=43.961
PMLE_LIVE_REPLAY_TIC|tic=1697|mle_ms=79.04
PMLE_LIVE_REPLAY_TIC|tic=1698|mle_ms=127.678
PMLE_LIVE_REPLAY_TIC|tic=1699|mle_ms=25.677
PMLE_LIVE_REPLAY_TIC|tic=1700|mle_ms=94.471
PMLE_LIVE_REPLAY_TIC|tic=1701|mle_ms=108.957
PMLE_LIVE_REPLAY_TIC|tic=1702|mle_ms=21.336
PMLE_LIVE_REPLAY_TIC|tic=1703|mle_ms=94.068
PMLE_LIVE_REPLAY_TIC|tic=1704|mle_ms=97.214
PMLE_LIVE_REPLAY_TIC|tic=1705|mle_ms=19.001
PMLE_LIVE_REPLAY_TIC|tic=1706|mle_ms=107.96
PMLE_LIVE_REPLAY_TIC|tic=1707|mle_ms=90.694
PMLE_LIVE_REPLAY_TIC|tic=1708|mle_ms=14.182
PMLE_LIVE_REPLAY_TIC|tic=1709|mle_ms=70.936
PMLE_LIVE_REPLAY_TIC|tic=1710|mle_ms=104.685
PMLE_LIVE_REPLAY_TIC|tic=1711|mle_ms=16.231
PMLE_LIVE_REPLAY_TIC|tic=1712|mle_ms=20.99
PMLE_LIVE_REPLAY_TIC|tic=1713|mle_ms=103.465
PMLE_LIVE_REPLAY_TIC|tic=1714|mle_ms=19.507
PMLE_LIVE_REPLAY_TIC|tic=1715|mle_ms=21.422
PMLE_LIVE_REPLAY_TIC|tic=1716|mle_ms=121.009
PMLE_LIVE_REPLAY_TIC|tic=1717|mle_ms=14.46
PMLE_LIVE_REPLAY_TIC|tic=1718|mle_ms=64.417
PMLE_LIVE_REPLAY_TIC|tic=1719|mle_ms=92.807
PMLE_LIVE_REPLAY_TIC|tic=1720|mle_ms=12.641
PMLE_LIVE_REPLAY_TIC|tic=1721|mle_ms=78.463
PMLE_LIVE_REPLAY_TIC|tic=1722|mle_ms=92.448
PMLE_LIVE_REPLAY_TIC|tic=1723|mle_ms=33.056
PMLE_LIVE_REPLAY_TIC|tic=1724|mle_ms=87.727
PMLE_LIVE_REPLAY_TIC|tic=1725|mle_ms=28.788
PMLE_LIVE_REPLAY_TIC|tic=1726|mle_ms=46.842
PMLE_LIVE_REPLAY_TIC|tic=1727|mle_ms=57.365
PMLE_LIVE_REPLAY_TIC|tic=1728|mle_ms=30.78
PMLE_LIVE_REPLAY_TIC|tic=1729|mle_ms=14.258
PMLE_LIVE_REPLAY_TIC|tic=1730|mle_ms=91.396
PMLE_LIVE_REPLAY_TIC|tic=1731|mle_ms=29.77
PMLE_LIVE_REPLAY_TIC|tic=1732|mle_ms=14.125
PMLE_LIVE_REPLAY_TIC|tic=1733|mle_ms=75.677
PMLE_LIVE_REPLAY_TIC|tic=1734|mle_ms=43.87
PMLE_LIVE_REPLAY_TIC|tic=1735|mle_ms=15.122
PMLE_LIVE_REPLAY_TIC|tic=1736|mle_ms=108.852
PMLE_LIVE_REPLAY_TIC|tic=1737|mle_ms=31.795
PMLE_LIVE_REPLAY_TIC|tic=1738|mle_ms=10.927
PMLE_LIVE_REPLAY_TIC|tic=1739|mle_ms=77.132
PMLE_LIVE_REPLAY_TIC|tic=1740|mle_ms=32.536
PMLE_LIVE_REPLAY_TIC|tic=1741|mle_ms=14.152
PMLE_LIVE_REPLAY_TIC|tic=1742|mle_ms=20.077
PMLE_LIVE_REPLAY_TIC|tic=1743|mle_ms=41.094
PMLE_LIVE_REPLAY_TIC|tic=1744|mle_ms=14.688
PMLE_LIVE_REPLAY_TIC|tic=1745|mle_ms=14.676
PMLE_LIVE_REPLAY_TIC|tic=1746|mle_ms=63.656
PMLE_LIVE_REPLAY_TIC|tic=1747|mle_ms=16.838
PMLE_LIVE_REPLAY_TIC|tic=1748|mle_ms=20.443
PMLE_LIVE_REPLAY_TIC|tic=1749|mle_ms=34.101
PMLE_LIVE_REPLAY_TIC|tic=1750|mle_ms=12.235
PMLE_LIVE_REPLAY_TIC|tic=1751|mle_ms=16.893
PMLE_LIVE_REPLAY_TIC|tic=1752|mle_ms=84.328
PMLE_LIVE_REPLAY_TIC|tic=1753|mle_ms=22.449
PMLE_LIVE_REPLAY_TIC|tic=1754|mle_ms=20.625
PMLE_LIVE_REPLAY_TIC|tic=1755|mle_ms=109.283
PMLE_LIVE_REPLAY_TIC|tic=1756|mle_ms=46.693
PMLE_LIVE_REPLAY_TIC|tic=1757|mle_ms=15.46
PMLE_LIVE_REPLAY_TIC|tic=1758|mle_ms=71.28
PMLE_LIVE_REPLAY_TIC|tic=1759|mle_ms=12.288
PMLE_LIVE_REPLAY_TIC|tic=1760|mle_ms=53.149
PMLE_LIVE_REPLAY_TIC|tic=1761|mle_ms=70.345
PMLE_LIVE_REPLAY_TIC|tic=1762|mle_ms=53.596
PMLE_LIVE_REPLAY_TIC|tic=1763|mle_ms=71.169
PMLE_LIVE_REPLAY_TIC|tic=1764|mle_ms=80.354
PMLE_LIVE_REPLAY_TIC|tic=1765|mle_ms=17.215
PMLE_LIVE_REPLAY_TIC|tic=1766|mle_ms=98.595
PMLE_LIVE_REPLAY_TIC|tic=1767|mle_ms=71.903
PMLE_LIVE_REPLAY_TIC|tic=1768|mle_ms=16.086
PMLE_LIVE_REPLAY_TIC|tic=1769|mle_ms=80.782
PMLE_LIVE_REPLAY_TIC|tic=1770|mle_ms=76.277
PMLE_LIVE_REPLAY_TIC|tic=1771|mle_ms=16.701
PMLE_LIVE_REPLAY_TIC|tic=1772|mle_ms=55.805
PMLE_LIVE_REPLAY_TIC|tic=1773|mle_ms=80.852
PMLE_LIVE_REPLAY_TIC|tic=1774|mle_ms=15.359
PMLE_LIVE_REPLAY_TIC|tic=1775|mle_ms=67.977
PMLE_LIVE_REPLAY_TIC|tic=1776|mle_ms=132.817
PMLE_LIVE_REPLAY_TIC|tic=1777|mle_ms=14.561
PMLE_LIVE_REPLAY_TIC|tic=1778|mle_ms=71.059
PMLE_LIVE_REPLAY_TIC|tic=1779|mle_ms=74.434
PMLE_LIVE_REPLAY_TIC|tic=1780|mle_ms=12.026
PMLE_LIVE_REPLAY_TIC|tic=1781|mle_ms=53.288
PMLE_LIVE_REPLAY_TIC|tic=1782|mle_ms=83.596
PMLE_LIVE_REPLAY_TIC|tic=1783|mle_ms=42.452
PMLE_LIVE_REPLAY_TIC|tic=1784|mle_ms=22.363
PMLE_LIVE_REPLAY_TIC|tic=1785|mle_ms=77.692
PMLE_LIVE_REPLAY_TIC|tic=1786|mle_ms=155.985
PMLE_LIVE_REPLAY_TIC|tic=1787|mle_ms=17.432
PMLE_LIVE_REPLAY_TIC|tic=1788|mle_ms=76.117
PMLE_LIVE_REPLAY_TIC|tic=1789|mle_ms=15.55
PMLE_LIVE_REPLAY_TIC|tic=1790|mle_ms=78.275
PMLE_LIVE_REPLAY_TIC|tic=1791|mle_ms=70.005
PMLE_LIVE_REPLAY_TIC|tic=1792|mle_ms=15.084
PMLE_LIVE_REPLAY_TIC|tic=1793|mle_ms=85.825
PMLE_LIVE_REPLAY_TIC|tic=1794|mle_ms=89.61
PMLE_LIVE_REPLAY_TIC|tic=1795|mle_ms=13.792
PMLE_LIVE_REPLAY_TIC|tic=1796|mle_ms=147.659
PMLE_LIVE_REPLAY_TIC|tic=1797|mle_ms=85.521
PMLE_LIVE_REPLAY_TIC|tic=1798|mle_ms=17.143
PMLE_LIVE_REPLAY_TIC|tic=1799|mle_ms=103.974
PMLE_LIVE_REPLAY_TIC|tic=1800|mle_ms=114.125
PMLE_LIVE_REPLAY_TIC|tic=1801|mle_ms=13.382
PMLE_LIVE_REPLAY_TIC|tic=1802|mle_ms=65.319
PMLE_LIVE_REPLAY_TIC|tic=1803|mle_ms=87.805
PMLE_LIVE_REPLAY_TIC|tic=1804|mle_ms=21.041
PMLE_LIVE_REPLAY_TIC|tic=1805|mle_ms=65.665
PMLE_LIVE_REPLAY_TIC|tic=1806|mle_ms=101.987
PMLE_LIVE_REPLAY_TIC|tic=1807|mle_ms=14.014
PMLE_LIVE_REPLAY_TIC|tic=1808|mle_ms=64.745
PMLE_LIVE_REPLAY_TIC|tic=1809|mle_ms=74.795
PMLE_LIVE_REPLAY_TIC|tic=1810|mle_ms=20.669
PMLE_LIVE_REPLAY_TIC|tic=1811|mle_ms=78.914
PMLE_LIVE_REPLAY_TIC|tic=1812|mle_ms=80.455
PMLE_LIVE_REPLAY_TIC|tic=1813|mle_ms=27.85
PMLE_LIVE_REPLAY_TIC|tic=1814|mle_ms=73.37
PMLE_LIVE_REPLAY_TIC|tic=1815|mle_ms=91.791
PMLE_LIVE_REPLAY_TIC|tic=1816|mle_ms=49.508
PMLE_LIVE_REPLAY_TIC|tic=1817|mle_ms=62.573
PMLE_LIVE_REPLAY_TIC|tic=1818|mle_ms=109.919
PMLE_LIVE_REPLAY_TIC|tic=1819|mle_ms=25.096
PMLE_LIVE_REPLAY_TIC|tic=1820|mle_ms=78.909
PMLE_LIVE_REPLAY_TIC|tic=1821|mle_ms=96.562
PMLE_LIVE_REPLAY_TIC|tic=1822|mle_ms=21.494
PMLE_LIVE_REPLAY_TIC|tic=1823|mle_ms=75.271
PMLE_LIVE_REPLAY_TIC|tic=1824|mle_ms=83.116
PMLE_LIVE_REPLAY_TIC|tic=1825|mle_ms=23.128
PMLE_LIVE_REPLAY_TIC|tic=1826|mle_ms=112.073
PMLE_LIVE_REPLAY_TIC|tic=1827|mle_ms=80.542
PMLE_LIVE_REPLAY_TIC|tic=1828|mle_ms=18.373
PMLE_LIVE_REPLAY_TIC|tic=1829|mle_ms=70.529
PMLE_LIVE_REPLAY_TIC|tic=1830|mle_ms=75.384
PMLE_LIVE_REPLAY_TIC|tic=1831|mle_ms=22.924
PMLE_LIVE_REPLAY_TIC|tic=1832|mle_ms=92.759
PMLE_LIVE_REPLAY_TIC|tic=1833|mle_ms=90.153
PMLE_LIVE_REPLAY_TIC|tic=1834|mle_ms=27.532
PMLE_LIVE_REPLAY_TIC|tic=1835|mle_ms=69.503
PMLE_LIVE_REPLAY_TIC|tic=1836|mle_ms=109.95
PMLE_LIVE_REPLAY_TIC|tic=1837|mle_ms=19.898
PMLE_LIVE_REPLAY_TIC|tic=1838|mle_ms=59.421
PMLE_LIVE_REPLAY_TIC|tic=1839|mle_ms=76.361
PMLE_LIVE_REPLAY_TIC|tic=1840|mle_ms=19.122
PMLE_LIVE_REPLAY_TIC|tic=1841|mle_ms=76.213
PMLE_LIVE_REPLAY_TIC|tic=1842|mle_ms=108.377
PMLE_LIVE_REPLAY_TIC|tic=1843|mle_ms=32.862
PMLE_LIVE_REPLAY_TIC|tic=1844|mle_ms=81.676
PMLE_LIVE_REPLAY_TIC|tic=1845|mle_ms=88.811
PMLE_LIVE_REPLAY_TIC|tic=1846|mle_ms=48.867
PMLE_LIVE_REPLAY_TIC|tic=1847|mle_ms=71.133
PMLE_LIVE_REPLAY_TIC|tic=1848|mle_ms=109.377
PMLE_LIVE_REPLAY_TIC|tic=1849|mle_ms=22.131
PMLE_LIVE_REPLAY_TIC|tic=1850|mle_ms=107.047
PMLE_LIVE_REPLAY_TIC|tic=1851|mle_ms=79.148
PMLE_LIVE_REPLAY_TIC|tic=1852|mle_ms=24.514
PMLE_LIVE_REPLAY_TIC|tic=1853|mle_ms=81.924
PMLE_LIVE_REPLAY_TIC|tic=1854|mle_ms=111.273
PMLE_LIVE_REPLAY_TIC|tic=1855|mle_ms=23.514
PMLE_LIVE_REPLAY_TIC|tic=1856|mle_ms=118.795
PMLE_LIVE_REPLAY_TIC|tic=1857|mle_ms=95.31
PMLE_LIVE_REPLAY_TIC|tic=1858|mle_ms=21.955
PMLE_LIVE_REPLAY_TIC|tic=1859|mle_ms=71.542
PMLE_LIVE_REPLAY_TIC|tic=1860|mle_ms=86.822
PMLE_LIVE_REPLAY_TIC|tic=1861|mle_ms=18.671
PMLE_LIVE_REPLAY_TIC|tic=1862|mle_ms=71.605
PMLE_LIVE_REPLAY_TIC|tic=1863|mle_ms=84.453
PMLE_LIVE_REPLAY_TIC|tic=1864|mle_ms=27.108
PMLE_LIVE_REPLAY_TIC|tic=1865|mle_ms=77.547
PMLE_LIVE_REPLAY_TIC|tic=1866|mle_ms=96.743
PMLE_LIVE_REPLAY_TIC|tic=1867|mle_ms=20.753
PMLE_LIVE_REPLAY_TIC|tic=1868|mle_ms=95.462
PMLE_LIVE_REPLAY_TIC|tic=1869|mle_ms=80.945
PMLE_LIVE_REPLAY_TIC|tic=1870|mle_ms=24.157
PMLE_LIVE_REPLAY_TIC|tic=1871|mle_ms=81.996
PMLE_LIVE_REPLAY_TIC|tic=1872|mle_ms=85.007
PMLE_LIVE_REPLAY_TIC|tic=1873|mle_ms=23.823
PMLE_LIVE_REPLAY_TIC|tic=1874|mle_ms=109.126
PMLE_LIVE_REPLAY_TIC|tic=1875|mle_ms=86.113
PMLE_LIVE_REPLAY_TIC|tic=1876|mle_ms=30.894
PMLE_LIVE_REPLAY_TIC|tic=1877|mle_ms=93.825
PMLE_LIVE_REPLAY_TIC|tic=1878|mle_ms=80.447
PMLE_LIVE_REPLAY_TIC|tic=1879|mle_ms=15.03
PMLE_LIVE_REPLAY_TIC|tic=1880|mle_ms=87.77
PMLE_LIVE_REPLAY_TIC|tic=1881|mle_ms=77.051
PMLE_LIVE_REPLAY_TIC|tic=1882|mle_ms=110.563
PMLE_LIVE_REPLAY_TIC|tic=1883|mle_ms=76.434
PMLE_LIVE_REPLAY_TIC|tic=1884|mle_ms=70.87
PMLE_LIVE_REPLAY_TIC|tic=1885|mle_ms=12.499
PMLE_LIVE_REPLAY_TIC|tic=1886|mle_ms=93.518
PMLE_LIVE_REPLAY_TIC|tic=1887|mle_ms=68.633
PMLE_LIVE_REPLAY_TIC|tic=1888|mle_ms=15.459
PMLE_LIVE_REPLAY_TIC|tic=1889|mle_ms=20.016
PMLE_LIVE_REPLAY_TIC|tic=1890|mle_ms=67.475
PMLE_LIVE_REPLAY_TIC|tic=1891|mle_ms=13.554
PMLE_LIVE_REPLAY_TIC|tic=1892|mle_ms=16.158
PMLE_LIVE_REPLAY_TIC|tic=1893|mle_ms=80.268
PMLE_LIVE_REPLAY_TIC|tic=1894|mle_ms=16.525
PMLE_LIVE_REPLAY_TIC|tic=1895|mle_ms=39.921
PMLE_LIVE_REPLAY_TIC|tic=1896|mle_ms=87.7
PMLE_LIVE_REPLAY_TIC|tic=1897|mle_ms=14.677
PMLE_LIVE_REPLAY_TIC|tic=1898|mle_ms=53.7
PMLE_LIVE_REPLAY_TIC|tic=1899|mle_ms=71.23
PMLE_LIVE_REPLAY_TIC|tic=1900|mle_ms=22.194
PMLE_LIVE_REPLAY_TIC|tic=1901|mle_ms=67.519
PMLE_LIVE_REPLAY_TIC|tic=1902|mle_ms=92.406
PMLE_LIVE_REPLAY_TIC|tic=1903|mle_ms=25.273
PMLE_LIVE_REPLAY_TIC|tic=1904|mle_ms=78.207
PMLE_LIVE_REPLAY_TIC|tic=1905|mle_ms=81.998
PMLE_LIVE_REPLAY_TIC|tic=1906|mle_ms=49.623
PMLE_LIVE_REPLAY_TIC|tic=1907|mle_ms=132.955
PMLE_LIVE_REPLAY_TIC|tic=1908|mle_ms=76.117
PMLE_LIVE_REPLAY_TIC|tic=1909|mle_ms=30.425
PMLE_LIVE_REPLAY_TIC|tic=1910|mle_ms=143.075
PMLE_LIVE_REPLAY_TIC|tic=1911|mle_ms=88.556
PMLE_LIVE_REPLAY_TIC|tic=1912|mle_ms=39.708
PMLE_LIVE_REPLAY_TIC|tic=1913|mle_ms=153.152
PMLE_LIVE_REPLAY_TIC|tic=1914|mle_ms=37.957
PMLE_LIVE_REPLAY_TIC|tic=1915|mle_ms=27.982
PMLE_LIVE_REPLAY_TIC|tic=1916|mle_ms=174.444
PMLE_LIVE_REPLAY_TIC|tic=1917|mle_ms=38.411
PMLE_LIVE_REPLAY_TIC|tic=1918|mle_ms=35.533
PMLE_LIVE_REPLAY_TIC|tic=1919|mle_ms=92.023
PMLE_LIVE_REPLAY_TIC|tic=1920|mle_ms=86.487
PMLE_LIVE_REPLAY_TIC|tic=1921|mle_ms=31.194
PMLE_LIVE_REPLAY_TIC|tic=1922|mle_ms=92.068
PMLE_LIVE_REPLAY_TIC|tic=1923|mle_ms=117.738
PMLE_LIVE_REPLAY_TIC|tic=1924|mle_ms=32.776
PMLE_LIVE_REPLAY_TIC|tic=1925|mle_ms=85.365
PMLE_LIVE_REPLAY_TIC|tic=1926|mle_ms=103.223
PMLE_LIVE_REPLAY_TIC|tic=1927|mle_ms=14.291
PMLE_LIVE_REPLAY_TIC|tic=1928|mle_ms=70.346
PMLE_LIVE_REPLAY_TIC|tic=1929|mle_ms=75.373
PMLE_LIVE_REPLAY_TIC|tic=1930|mle_ms=17.943
PMLE_LIVE_REPLAY_TIC|tic=1931|mle_ms=71.507
PMLE_LIVE_REPLAY_TIC|tic=1932|mle_ms=82.403
PMLE_LIVE_REPLAY_TIC|tic=1933|mle_ms=26.76
PMLE_LIVE_REPLAY_TIC|tic=1934|mle_ms=96.081
PMLE_LIVE_REPLAY_TIC|tic=1935|mle_ms=75.545
PMLE_LIVE_REPLAY_TIC|tic=1936|mle_ms=42.72
PMLE_LIVE_REPLAY_TIC|tic=1937|mle_ms=73.884
PMLE_LIVE_REPLAY_TIC|tic=1938|mle_ms=79.371
PMLE_LIVE_REPLAY_TIC|tic=1939|mle_ms=16.188
PMLE_LIVE_REPLAY_TIC|tic=1940|mle_ms=63.167
PMLE_LIVE_REPLAY_TIC|tic=1941|mle_ms=116.956
PMLE_LIVE_REPLAY_TIC|tic=1942|mle_ms=19.823
PMLE_LIVE_REPLAY_TIC|tic=1943|mle_ms=87.103
PMLE_LIVE_REPLAY_TIC|tic=1944|mle_ms=86.236
PMLE_LIVE_REPLAY_TIC|tic=1945|mle_ms=14.981
PMLE_LIVE_REPLAY_TIC|tic=1946|mle_ms=96.381
PMLE_LIVE_REPLAY_TIC|tic=1947|mle_ms=79.196
PMLE_LIVE_REPLAY_TIC|tic=1948|mle_ms=10.435
PMLE_LIVE_REPLAY_TIC|tic=1949|mle_ms=81.721
PMLE_LIVE_REPLAY_TIC|tic=1950|mle_ms=82.218
PMLE_LIVE_REPLAY_TIC|tic=1951|mle_ms=10.309
PMLE_LIVE_REPLAY_TIC|tic=1952|mle_ms=71.172
PMLE_LIVE_REPLAY_TIC|tic=1953|mle_ms=80.854
PMLE_LIVE_REPLAY_TIC|tic=1954|mle_ms=14.55
PMLE_LIVE_REPLAY_TIC|tic=1955|mle_ms=82.844
PMLE_LIVE_REPLAY_TIC|tic=1956|mle_ms=96.404
PMLE_LIVE_REPLAY_TIC|tic=1957|mle_ms=9.451
PMLE_LIVE_REPLAY_TIC|tic=1958|mle_ms=68.28
PMLE_LIVE_REPLAY_TIC|tic=1959|mle_ms=73.636
PMLE_LIVE_REPLAY_TIC|tic=1960|mle_ms=8.154
PMLE_LIVE_REPLAY_TIC|tic=1961|mle_ms=67.013
PMLE_LIVE_REPLAY_TIC|tic=1962|mle_ms=81.968
PMLE_LIVE_REPLAY_TIC|tic=1963|mle_ms=23.166
PMLE_LIVE_REPLAY_TIC|tic=1964|mle_ms=93.427
PMLE_LIVE_REPLAY_TIC|tic=1965|mle_ms=86.481
PMLE_LIVE_REPLAY_TIC|tic=1966|mle_ms=38.5
PMLE_LIVE_REPLAY_TIC|tic=1967|mle_ms=93.518
PMLE_LIVE_REPLAY_TIC|tic=1968|mle_ms=64.144
PMLE_LIVE_REPLAY_TIC|tic=1969|mle_ms=9.178
PMLE_LIVE_REPLAY_TIC|tic=1970|mle_ms=68.788
PMLE_LIVE_REPLAY_TIC|tic=1971|mle_ms=61.973
PMLE_LIVE_REPLAY_TIC|tic=1972|mle_ms=9.307
PMLE_LIVE_REPLAY_TIC|tic=1973|mle_ms=77.862
PMLE_LIVE_REPLAY_TIC|tic=1974|mle_ms=67.418
PMLE_LIVE_REPLAY_TIC|tic=1975|mle_ms=9.108
PMLE_LIVE_REPLAY_TIC|tic=1976|mle_ms=94.252
PMLE_LIVE_REPLAY_TIC|tic=1977|mle_ms=86.267
PMLE_LIVE_REPLAY_TIC|tic=1978|mle_ms=10.214
PMLE_LIVE_REPLAY_TIC|tic=1979|mle_ms=63.674
PMLE_LIVE_REPLAY_TIC|tic=1980|mle_ms=62.513
PMLE_LIVE_REPLAY_TIC|tic=1981|mle_ms=9.375
PMLE_LIVE_REPLAY_TIC|tic=1982|mle_ms=87.668
PMLE_LIVE_REPLAY_TIC|tic=1983|mle_ms=67.73
PMLE_LIVE_REPLAY_TIC|tic=1984|mle_ms=14.344
PMLE_LIVE_REPLAY_TIC|tic=1985|mle_ms=73.199
PMLE_LIVE_REPLAY_TIC|tic=1986|mle_ms=93.525
PMLE_LIVE_REPLAY_TIC|tic=1987|mle_ms=8.304
PMLE_LIVE_REPLAY_TIC|tic=1988|mle_ms=64.618
PMLE_LIVE_REPLAY_TIC|tic=1989|mle_ms=59.395
PMLE_LIVE_REPLAY_TIC|tic=1990|mle_ms=8.848
PMLE_LIVE_REPLAY_TIC|tic=1991|mle_ms=84.178
PMLE_LIVE_REPLAY_TIC|tic=1992|mle_ms=62.885
PMLE_LIVE_REPLAY_TIC|tic=1993|mle_ms=17.132
PMLE_LIVE_REPLAY_TIC|tic=1994|mle_ms=64.442
PMLE_LIVE_REPLAY_TIC|tic=1995|mle_ms=68.504
PMLE_LIVE_REPLAY_TIC|tic=1996|mle_ms=32.576
PMLE_LIVE_REPLAY_TIC|tic=1997|mle_ms=64.037
PMLE_LIVE_REPLAY_TIC|tic=1998|mle_ms=68.541
PMLE_LIVE_REPLAY_TIC|tic=1999|mle_ms=10.599
PMLE_LIVE_REPLAY_TIC|tic=2000|mle_ms=68.646
PMLE_LIVE_REPLAY_TIC|tic=2001|mle_ms=76.851
PMLE_LIVE_REPLAY_TIC|tic=2002|mle_ms=12.911
PMLE_LIVE_REPLAY_TIC|tic=2003|mle_ms=79.555
PMLE_LIVE_REPLAY_TIC|tic=2004|mle_ms=88.366
PMLE_LIVE_REPLAY_TIC|tic=2005|mle_ms=10.544
PMLE_LIVE_REPLAY_TIC|tic=2006|mle_ms=82.181
PMLE_LIVE_REPLAY_TIC|tic=2007|mle_ms=83.279
PMLE_LIVE_REPLAY_TIC|tic=2008|mle_ms=9.468
PMLE_LIVE_REPLAY_TIC|tic=2009|mle_ms=62.164
PMLE_LIVE_REPLAY_TIC|tic=2010|mle_ms=72.895
PMLE_LIVE_REPLAY_TIC|tic=2011|mle_ms=9.341
PMLE_LIVE_REPLAY_TIC|tic=2012|mle_ms=61.542
PMLE_LIVE_REPLAY_TIC|tic=2013|mle_ms=74.511
PMLE_LIVE_REPLAY_TIC|tic=2014|mle_ms=13.64
PMLE_LIVE_REPLAY_TIC|tic=2015|mle_ms=74.404
PMLE_LIVE_REPLAY_TIC|tic=2016|mle_ms=87.446
PMLE_LIVE_REPLAY_TIC|tic=2017|mle_ms=8.707
PMLE_LIVE_REPLAY_TIC|tic=2018|mle_ms=92.295
PMLE_LIVE_REPLAY_TIC|tic=2019|mle_ms=72.584
PMLE_LIVE_REPLAY_TIC|tic=2020|mle_ms=10.059
PMLE_LIVE_REPLAY_TIC|tic=2021|mle_ms=59.254
PMLE_LIVE_REPLAY_TIC|tic=2022|mle_ms=69.339
PMLE_LIVE_REPLAY_TIC|tic=2023|mle_ms=24.122
PMLE_LIVE_REPLAY_TIC|tic=2024|mle_ms=84.674
PMLE_LIVE_REPLAY_TIC|tic=2025|mle_ms=68.306
PMLE_LIVE_REPLAY_TIC|tic=2026|mle_ms=30.155
PMLE_LIVE_REPLAY_TIC|tic=2027|mle_ms=61.355
PMLE_LIVE_REPLAY_TIC|tic=2028|mle_ms=59.84
PMLE_LIVE_REPLAY_TIC|tic=2029|mle_ms=10.055
PMLE_LIVE_REPLAY_TIC|tic=2030|mle_ms=59.892
PMLE_LIVE_REPLAY_TIC|tic=2031|mle_ms=62.017
PMLE_LIVE_REPLAY_TIC|tic=2032|mle_ms=9.597
PMLE_LIVE_REPLAY_TIC|tic=2033|mle_ms=66.03
PMLE_LIVE_REPLAY_TIC|tic=2034|mle_ms=64.579
PMLE_LIVE_REPLAY_TIC|tic=2035|mle_ms=9.512
PMLE_LIVE_REPLAY_TIC|tic=2036|mle_ms=80.916
PMLE_LIVE_REPLAY_TIC|tic=2037|mle_ms=59.693
PMLE_LIVE_REPLAY_TIC|tic=2038|mle_ms=8.298
PMLE_LIVE_REPLAY_TIC|tic=2039|mle_ms=74.6
PMLE_LIVE_REPLAY_TIC|tic=2040|mle_ms=86.695
PMLE_LIVE_REPLAY_TIC|tic=2041|mle_ms=11.563
PMLE_LIVE_REPLAY_TIC|tic=2042|mle_ms=75.197
PMLE_LIVE_REPLAY_TIC|tic=2043|mle_ms=81.096
PMLE_LIVE_REPLAY_TIC|tic=2044|mle_ms=14.583
PMLE_LIVE_REPLAY_TIC|tic=2045|mle_ms=67.777
PMLE_LIVE_REPLAY_TIC|tic=2046|mle_ms=88.295
PMLE_LIVE_REPLAY_TIC|tic=2047|mle_ms=10.227
PMLE_LIVE_REPLAY_TIC|tic=2048|mle_ms=60.244
PMLE_LIVE_REPLAY_TIC|tic=2049|mle_ms=64.351
PMLE_LIVE_REPLAY_TIC|tic=2050|mle_ms=8.246
PMLE_LIVE_REPLAY_TIC|tic=2051|mle_ms=64.505
PMLE_LIVE_REPLAY_TIC|tic=2052|mle_ms=70.444
PMLE_LIVE_REPLAY_TIC|tic=2053|mle_ms=20.535
PMLE_LIVE_REPLAY_TIC|tic=2054|mle_ms=64.76
PMLE_LIVE_REPLAY_TIC|tic=2055|mle_ms=59.353
PMLE_LIVE_REPLAY_TIC|tic=2056|mle_ms=29.784
PMLE_LIVE_REPLAY_TIC|tic=2057|mle_ms=63.481
PMLE_LIVE_REPLAY_TIC|tic=2058|mle_ms=61.592
PMLE_LIVE_REPLAY_TIC|tic=2059|mle_ms=8.818
PMLE_LIVE_REPLAY_TIC|tic=2060|mle_ms=86.321
PMLE_LIVE_REPLAY_TIC|tic=2061|mle_ms=68.929
PMLE_LIVE_REPLAY_TIC|tic=2062|mle_ms=10.505
PMLE_LIVE_REPLAY_TIC|tic=2063|mle_ms=88.227
PMLE_LIVE_REPLAY_TIC|tic=2064|mle_ms=90.593
PMLE_LIVE_REPLAY_TIC|tic=2065|mle_ms=11.922
PMLE_LIVE_REPLAY_TIC|tic=2066|mle_ms=134.936
PMLE_LIVE_REPLAY_TIC|tic=2067|mle_ms=93.025
PMLE_LIVE_REPLAY_TIC|tic=2068|mle_ms=11.986
PMLE_LIVE_REPLAY_TIC|tic=2069|mle_ms=82.565
PMLE_LIVE_REPLAY_TIC|tic=2070|mle_ms=64.366
PMLE_LIVE_REPLAY_TIC|tic=2071|mle_ms=9.181
PMLE_LIVE_REPLAY_TIC|tic=2072|mle_ms=76.727
PMLE_LIVE_REPLAY_TIC|tic=2073|mle_ms=66.624
PMLE_LIVE_REPLAY_TIC|tic=2074|mle_ms=12.981
PMLE_LIVE_REPLAY_TIC|tic=2075|mle_ms=57.862
PMLE_LIVE_REPLAY_TIC|tic=2076|mle_ms=80.693
PMLE_LIVE_REPLAY_TIC|tic=2077|mle_ms=16.278
PMLE_LIVE_REPLAY_TIC|tic=2078|mle_ms=64.664
PMLE_LIVE_REPLAY_TIC|tic=2079|mle_ms=61.62
PMLE_LIVE_REPLAY_TIC|tic=2080|mle_ms=9.371
PMLE_LIVE_REPLAY_TIC|tic=2081|mle_ms=59.849
PMLE_LIVE_REPLAY_TIC|tic=2082|mle_ms=71.048
PMLE_LIVE_REPLAY_TIC|tic=2083|mle_ms=24.567
PMLE_LIVE_REPLAY_TIC|tic=2084|mle_ms=80.344
PMLE_LIVE_REPLAY_TIC|tic=2085|mle_ms=61.091
PMLE_LIVE_REPLAY_TIC|tic=2086|mle_ms=28.142
PMLE_LIVE_REPLAY_TIC|tic=2087|mle_ms=57.646
PMLE_LIVE_REPLAY_TIC|tic=2088|mle_ms=67.393
PMLE_LIVE_REPLAY_TIC|tic=2089|mle_ms=10.907
PMLE_LIVE_REPLAY_TIC|tic=2090|mle_ms=67.584
PMLE_LIVE_REPLAY_TIC|tic=2091|mle_ms=55.628
PMLE_LIVE_REPLAY_TIC|tic=2092|mle_ms=11.988
PMLE_LIVE_REPLAY_TIC|tic=2093|mle_ms=70.115
PMLE_LIVE_REPLAY_TIC|tic=2094|mle_ms=90.71
PMLE_LIVE_REPLAY_TIC|tic=2095|mle_ms=8.527
PMLE_LIVE_REPLAY_TIC|tic=2096|mle_ms=93.152
PMLE_LIVE_REPLAY_TIC|tic=2097|mle_ms=61.341
PMLE_LIVE_REPLAY_TIC|tic=2098|mle_ms=9.383
PMLE_LIVE_REPLAY_TIC|tic=2099|mle_ms=63.857
PMLE_LIVE_REPLAY_TIC|tic=2100|mle_ms=65.398
PMLE_LIVE_REPLAY_TIC|tic=2101|mle_ms=9.301
PMLE_LIVE_REPLAY_TIC|tic=2102|mle_ms=92.047
PMLE_LIVE_REPLAY_TIC|tic=2103|mle_ms=73.326
PMLE_LIVE_REPLAY_TIC|tic=2104|mle_ms=12.288
PMLE_LIVE_REPLAY_TIC|tic=2105|mle_ms=85.857
PMLE_LIVE_REPLAY_TIC|tic=2106|mle_ms=113.135
PMLE_LIVE_REPLAY_TIC|tic=2107|mle_ms=10.513
PMLE_LIVE_REPLAY_TIC|tic=2108|mle_ms=81.616
PMLE_LIVE_REPLAY_TIC|tic=2109|mle_ms=79.63
PMLE_LIVE_REPLAY_TIC|tic=2110|mle_ms=10.767
PMLE_LIVE_REPLAY_TIC|tic=2111|mle_ms=70.306
PMLE_LIVE_REPLAY_TIC|tic=2112|mle_ms=68.385
PMLE_LIVE_REPLAY_TIC|tic=2113|mle_ms=21.428
PMLE_LIVE_REPLAY_TIC|tic=2114|mle_ms=77.084
PMLE_LIVE_REPLAY_TIC|tic=2115|mle_ms=68.427
PMLE_LIVE_REPLAY_TIC|tic=2116|mle_ms=31.173
PMLE_LIVE_REPLAY_TIC|tic=2117|mle_ms=64.261
PMLE_LIVE_REPLAY_TIC|tic=2118|mle_ms=60.119
PMLE_LIVE_REPLAY_TIC|tic=2119|mle_ms=-111.402
PMLE_LIVE_REPLAY_TIC|tic=2120|mle_ms=64.767
PMLE_LIVE_REPLAY_TIC|tic=2121|mle_ms=62.042
PMLE_LIVE_REPLAY_TIC|tic=2122|mle_ms=9.593
PMLE_LIVE_REPLAY_TIC|tic=2123|mle_ms=68.915
PMLE_LIVE_REPLAY_TIC|tic=2124|mle_ms=67.245
PMLE_LIVE_REPLAY_TIC|tic=2125|mle_ms=10.568
PMLE_LIVE_REPLAY_TIC|tic=2126|mle_ms=91.63
PMLE_LIVE_REPLAY_TIC|tic=2127|mle_ms=59.381
PMLE_LIVE_REPLAY_TIC|tic=2128|mle_ms=8.745
PMLE_LIVE_REPLAY_TIC|tic=2129|mle_ms=60.207
PMLE_LIVE_REPLAY_TIC|tic=2130|mle_ms=67.164
PMLE_LIVE_REPLAY_TIC|tic=2131|mle_ms=10.287
PMLE_LIVE_REPLAY_TIC|tic=2132|mle_ms=68.029
PMLE_LIVE_REPLAY_TIC|tic=2133|mle_ms=75.983
PMLE_LIVE_REPLAY_TIC|tic=2134|mle_ms=15.824
PMLE_LIVE_REPLAY_TIC|tic=2135|mle_ms=65.223
PMLE_LIVE_REPLAY_TIC|tic=2136|mle_ms=103.608
PMLE_LIVE_REPLAY_TIC|tic=2137|mle_ms=10.496
PMLE_LIVE_REPLAY_TIC|tic=2138|mle_ms=62.66
PMLE_LIVE_REPLAY_TIC|tic=2139|mle_ms=60.711
PMLE_LIVE_REPLAY_TIC|tic=2140|mle_ms=9.44
PMLE_LIVE_REPLAY_TIC|tic=2141|mle_ms=81.814
PMLE_LIVE_REPLAY_TIC|tic=2142|mle_ms=68.018
PMLE_LIVE_REPLAY_TIC|tic=2143|mle_ms=21.437
PMLE_LIVE_REPLAY_TIC|tic=2144|mle_ms=70.576
PMLE_LIVE_REPLAY_TIC|tic=2145|mle_ms=99.551
PMLE_LIVE_REPLAY_TIC|tic=2146|mle_ms=28.101
PMLE_LIVE_REPLAY_TIC|tic=2147|mle_ms=71.971
PMLE_LIVE_REPLAY_TIC|tic=2148|mle_ms=70.777
PMLE_LIVE_REPLAY_TIC|tic=2149|mle_ms=10.907
PMLE_LIVE_REPLAY_TIC|tic=2150|mle_ms=81.257
PMLE_LIVE_REPLAY_TIC|tic=2151|mle_ms=92.144
PMLE_LIVE_REPLAY_TIC|tic=2152|mle_ms=12.77
PMLE_LIVE_REPLAY_TIC|tic=2153|mle_ms=94.456
PMLE_LIVE_REPLAY_TIC|tic=2154|mle_ms=108.788
PMLE_LIVE_REPLAY_TIC|tic=2155|mle_ms=9.893
PMLE_LIVE_REPLAY_TIC|tic=2156|mle_ms=119.719
PMLE_LIVE_REPLAY_TIC|tic=2157|mle_ms=67.961
PMLE_LIVE_REPLAY_TIC|tic=2158|mle_ms=8.629
PMLE_LIVE_REPLAY_TIC|tic=2159|mle_ms=70.069
PMLE_LIVE_REPLAY_TIC|tic=2160|mle_ms=70.358
PMLE_LIVE_REPLAY_TIC|tic=2161|mle_ms=10.775
PMLE_LIVE_REPLAY_TIC|tic=2162|mle_ms=88.317
PMLE_LIVE_REPLAY_TIC|tic=2163|mle_ms=103.803
PMLE_LIVE_REPLAY_TIC|tic=2164|mle_ms=16.769
PMLE_LIVE_REPLAY_TIC|tic=2165|mle_ms=84.587
PMLE_LIVE_REPLAY_TIC|tic=2166|mle_ms=114.45
PMLE_LIVE_REPLAY_TIC|tic=2167|mle_ms=10.78
PMLE_LIVE_REPLAY_TIC|tic=2168|mle_ms=71.224
PMLE_LIVE_REPLAY_TIC|tic=2169|mle_ms=112.648
PMLE_LIVE_REPLAY_TIC|tic=2170|mle_ms=9.694
PMLE_LIVE_REPLAY_TIC|tic=2171|mle_ms=61.501
PMLE_LIVE_REPLAY_TIC|tic=2172|mle_ms=73.712
PMLE_LIVE_REPLAY_TIC|tic=2173|mle_ms=17.918
PMLE_LIVE_REPLAY_TIC|tic=2174|mle_ms=67.645
PMLE_LIVE_REPLAY_TIC|tic=2175|mle_ms=68.206
PMLE_LIVE_REPLAY_TIC|tic=2176|mle_ms=30.563
PMLE_LIVE_REPLAY_TIC|tic=2177|mle_ms=59.537
PMLE_LIVE_REPLAY_TIC|tic=2178|mle_ms=113.011
PMLE_LIVE_REPLAY_TIC|tic=2179|mle_ms=11.083
PMLE_LIVE_REPLAY_TIC|tic=2180|mle_ms=66.546
PMLE_LIVE_REPLAY_TIC|tic=2181|mle_ms=71.315
PMLE_LIVE_REPLAY_TIC|tic=2182|mle_ms=9.665
PMLE_LIVE_REPLAY_TIC|tic=2183|mle_ms=68.572
PMLE_LIVE_REPLAY_TIC|tic=2184|mle_ms=74.837
PMLE_LIVE_REPLAY_TIC|tic=2185|mle_ms=10.589
PMLE_LIVE_REPLAY_TIC|tic=2186|mle_ms=83.209
PMLE_LIVE_REPLAY_TIC|tic=2187|mle_ms=74.695
PMLE_LIVE_REPLAY_TIC|tic=2188|mle_ms=10.258
PMLE_LIVE_REPLAY_TIC|tic=2189|mle_ms=84.891
PMLE_LIVE_REPLAY_TIC|tic=2190|mle_ms=70.616
PMLE_LIVE_REPLAY_TIC|tic=2191|mle_ms=9.042
PMLE_LIVE_REPLAY_TIC|tic=2192|mle_ms=95.358
PMLE_LIVE_REPLAY_TIC|tic=2193|mle_ms=77.599
PMLE_LIVE_REPLAY_TIC|tic=2194|mle_ms=14.504
PMLE_LIVE_REPLAY_TIC|tic=2195|mle_ms=61.372
PMLE_LIVE_REPLAY_TIC|tic=2196|mle_ms=99.984
PMLE_LIVE_REPLAY_TIC|tic=2197|mle_ms=10.038
PMLE_LIVE_REPLAY_TIC|tic=2198|mle_ms=86.931
PMLE_LIVE_REPLAY_TIC|tic=2199|mle_ms=102.393
PMLE_LIVE_REPLAY_TIC|tic=2200|mle_ms=9.981
PMLE_LIVE_REPLAY_TIC|tic=2201|mle_ms=75.391
PMLE_LIVE_REPLAY_TIC|tic=2202|mle_ms=85.277
PMLE_LIVE_REPLAY_TIC|tic=2203|mle_ms=18.669
PMLE_LIVE_REPLAY_TIC|tic=2204|mle_ms=67.189
PMLE_LIVE_REPLAY_TIC|tic=2205|mle_ms=89.654
PMLE_LIVE_REPLAY_TIC|tic=2206|mle_ms=27.762
PMLE_LIVE_REPLAY_TIC|tic=2207|mle_ms=84.943
PMLE_LIVE_REPLAY_TIC|tic=2208|mle_ms=64.83
PMLE_LIVE_REPLAY_TIC|tic=2209|mle_ms=8.719
PMLE_LIVE_REPLAY_TIC|tic=2210|mle_ms=57.673
PMLE_LIVE_REPLAY_TIC|tic=2211|mle_ms=58.226
PMLE_LIVE_REPLAY_TIC|tic=2212|mle_ms=9.597
PMLE_LIVE_REPLAY_TIC|tic=2213|mle_ms=92.501
PMLE_LIVE_REPLAY_TIC|tic=2214|mle_ms=67.769
PMLE_LIVE_REPLAY_TIC|tic=2215|mle_ms=8.817
PMLE_LIVE_REPLAY_TIC|tic=2216|mle_ms=78.817
PMLE_LIVE_REPLAY_TIC|tic=2217|mle_ms=59.864
PMLE_LIVE_REPLAY_TIC|tic=2218|mle_ms=8.254
PMLE_LIVE_REPLAY_TIC|tic=2219|mle_ms=67.551
PMLE_LIVE_REPLAY_TIC|tic=2220|mle_ms=60.076
PMLE_LIVE_REPLAY_TIC|tic=2221|mle_ms=9.988
PMLE_LIVE_REPLAY_TIC|tic=2222|mle_ms=63.813
PMLE_LIVE_REPLAY_TIC|tic=2223|mle_ms=74.962
PMLE_LIVE_REPLAY_TIC|tic=2224|mle_ms=15.129
PMLE_LIVE_REPLAY_TIC|tic=2225|mle_ms=73.023
PMLE_LIVE_REPLAY_TIC|tic=2226|mle_ms=103.922
PMLE_LIVE_REPLAY_TIC|tic=2227|mle_ms=8.14
PMLE_LIVE_REPLAY_TIC|tic=2228|mle_ms=62.349
PMLE_LIVE_REPLAY_TIC|tic=2229|mle_ms=64.284
PMLE_LIVE_REPLAY_TIC|tic=2230|mle_ms=12.48
PMLE_LIVE_REPLAY_TIC|tic=2231|mle_ms=65.746
PMLE_LIVE_REPLAY_TIC|tic=2232|mle_ms=94.239
PMLE_LIVE_REPLAY_TIC|tic=2233|mle_ms=23.068
PMLE_LIVE_REPLAY_TIC|tic=2234|mle_ms=77.878
PMLE_LIVE_REPLAY_TIC|tic=2235|mle_ms=62.632
PMLE_LIVE_REPLAY_TIC|tic=2236|mle_ms=31.767
PMLE_LIVE_REPLAY_TIC|tic=2237|mle_ms=70.933
PMLE_LIVE_REPLAY_TIC|tic=2238|mle_ms=78.057
PMLE_LIVE_REPLAY_TIC|tic=2239|mle_ms=12.029
PMLE_LIVE_REPLAY_TIC|tic=2240|mle_ms=16.687
PMLE_LIVE_REPLAY_TIC|tic=2241|mle_ms=62.013
PMLE_LIVE_REPLAY_TIC|tic=2242|mle_ms=12.423
PMLE_LIVE_REPLAY_TIC|tic=2243|mle_ms=29.616
PMLE_LIVE_REPLAY_TIC|tic=2244|mle_ms=81.594
PMLE_LIVE_REPLAY_TIC|tic=2245|mle_ms=14.493
PMLE_LIVE_REPLAY_TIC|tic=2246|mle_ms=44.884
PMLE_LIVE_REPLAY_TIC|tic=2247|mle_ms=65.509
PMLE_LIVE_REPLAY_TIC|tic=2248|mle_ms=11.837
PMLE_LIVE_REPLAY_TIC|tic=2249|mle_ms=16.041
PMLE_LIVE_REPLAY_TIC|tic=2250|mle_ms=59.653
PMLE_LIVE_REPLAY_TIC|tic=2251|mle_ms=13.136
PMLE_LIVE_REPLAY_TIC|tic=2252|mle_ms=18.739
PMLE_LIVE_REPLAY_TIC|tic=2253|mle_ms=70.796
PMLE_LIVE_REPLAY_TIC|tic=2254|mle_ms=17.494
PMLE_LIVE_REPLAY_TIC|tic=2255|mle_ms=19.529
PMLE_LIVE_REPLAY_TIC|tic=2256|mle_ms=94.787
PMLE_LIVE_REPLAY_TIC|tic=2257|mle_ms=12.735
PMLE_LIVE_REPLAY_TIC|tic=2258|mle_ms=17.255
PMLE_LIVE_REPLAY_TIC|tic=2259|mle_ms=77.566
PMLE_LIVE_REPLAY_TIC|tic=2260|mle_ms=12.153
PMLE_LIVE_REPLAY_TIC|tic=2261|mle_ms=17.652
PMLE_LIVE_REPLAY_TIC|tic=2262|mle_ms=74.869
PMLE_LIVE_REPLAY_TIC|tic=2263|mle_ms=21.033
PMLE_LIVE_REPLAY_TIC|tic=2264|mle_ms=23.595
PMLE_LIVE_REPLAY_TIC|tic=2265|mle_ms=84.912
PMLE_LIVE_REPLAY_TIC|tic=2266|mle_ms=57.588
PMLE_LIVE_REPLAY_TIC|tic=2267|mle_ms=93.109
PMLE_LIVE_REPLAY_TIC|tic=2268|mle_ms=23.481
PMLE_LIVE_REPLAY_TIC|tic=2269|mle_ms=15.324
PMLE_LIVE_REPLAY_TIC|tic=2270|mle_ms=88.639
PMLE_LIVE_REPLAY_TIC|tic=2271|mle_ms=20.85
PMLE_LIVE_REPLAY_TIC|tic=2272|mle_ms=17.026
PMLE_LIVE_REPLAY_TIC|tic=2273|mle_ms=102.024
PMLE_LIVE_REPLAY_TIC|tic=2274|mle_ms=24.185
PMLE_LIVE_REPLAY_TIC|tic=2275|mle_ms=13.246
PMLE_LIVE_REPLAY_TIC|tic=2276|mle_ms=110.09
PMLE_LIVE_REPLAY_TIC|tic=2277|mle_ms=16.193
PMLE_LIVE_REPLAY_TIC|tic=2278|mle_ms=12.742
PMLE_LIVE_REPLAY_TIC|tic=2279|mle_ms=71.862
PMLE_LIVE_REPLAY_TIC|tic=2280|mle_ms=15.168
PMLE_LIVE_REPLAY_TIC|tic=2281|mle_ms=11.657
PMLE_LIVE_REPLAY_TIC|tic=2282|mle_ms=66.643
PMLE_LIVE_REPLAY_TIC|tic=2283|mle_ms=22.776
PMLE_LIVE_REPLAY_TIC|tic=2284|mle_ms=15.435
PMLE_LIVE_REPLAY_TIC|tic=2285|mle_ms=69.81
PMLE_LIVE_REPLAY_TIC|tic=2286|mle_ms=47.206
PMLE_LIVE_REPLAY_TIC|tic=2287|mle_ms=11.473
PMLE_LIVE_REPLAY_TIC|tic=2288|mle_ms=68.742
PMLE_LIVE_REPLAY_TIC|tic=2289|mle_ms=13.787
PMLE_LIVE_REPLAY_TIC|tic=2290|mle_ms=11.052
PMLE_LIVE_REPLAY_TIC|tic=2291|mle_ms=15.166
PMLE_LIVE_REPLAY_TIC|tic=2292|mle_ms=18.013
PMLE_LIVE_REPLAY_TIC|tic=2293|mle_ms=21.921
PMLE_LIVE_REPLAY_TIC|tic=2294|mle_ms=22.912
PMLE_LIVE_REPLAY_TIC|tic=2295|mle_ms=16.031
PMLE_LIVE_REPLAY_TIC|tic=2296|mle_ms=49.006
PMLE_LIVE_REPLAY_TIC|tic=2297|mle_ms=19.019
PMLE_LIVE_REPLAY_TIC|tic=2298|mle_ms=18.282
PMLE_LIVE_REPLAY_TIC|tic=2299|mle_ms=14.543
PMLE_LIVE_REPLAY_TIC|tic=2300|mle_ms=73.031
PMLE_LIVE_REPLAY_TIC|tic=2301|mle_ms=16.474
PMLE_LIVE_REPLAY_TIC|tic=2302|mle_ms=13.04
PMLE_LIVE_REPLAY_TIC|tic=2303|mle_ms=73.251
PMLE_LIVE_REPLAY_TIC|tic=2304|mle_ms=67.367
PMLE_LIVE_REPLAY_TIC|tic=2305|mle_ms=11.868
PMLE_LIVE_REPLAY_TIC|tic=2306|mle_ms=102.308
PMLE_LIVE_REPLAY_TIC|tic=2307|mle_ms=65.42
PMLE_LIVE_REPLAY_TIC|tic=2308|mle_ms=11.799
PMLE_LIVE_REPLAY_TIC|tic=2309|mle_ms=83.731
PMLE_LIVE_REPLAY_TIC|tic=2310|mle_ms=61.682
PMLE_LIVE_REPLAY_TIC|tic=2311|mle_ms=13.528
PMLE_LIVE_REPLAY_TIC|tic=2312|mle_ms=67.465
PMLE_LIVE_REPLAY_TIC|tic=2313|mle_ms=84.624
PMLE_LIVE_REPLAY_TIC|tic=2314|mle_ms=17.315
PMLE_LIVE_REPLAY_TIC|tic=2315|mle_ms=81.048
PMLE_LIVE_REPLAY_TIC|tic=2316|mle_ms=116.848
PMLE_LIVE_REPLAY_TIC|tic=2317|mle_ms=14.357
PMLE_LIVE_REPLAY_TIC|tic=2318|mle_ms=115.039
PMLE_LIVE_REPLAY_TIC|tic=2319|mle_ms=64.302
PMLE_LIVE_REPLAY_TIC|tic=2320|mle_ms=11.131
PMLE_LIVE_REPLAY_TIC|tic=2321|mle_ms=60.536
PMLE_LIVE_REPLAY_TIC|tic=2322|mle_ms=61.214
PMLE_LIVE_REPLAY_TIC|tic=2323|mle_ms=22.848
PMLE_LIVE_REPLAY_TIC|tic=2324|mle_ms=85.876
PMLE_LIVE_REPLAY_TIC|tic=2325|mle_ms=66.204
PMLE_LIVE_REPLAY_TIC|tic=2326|mle_ms=43.413
PMLE_LIVE_REPLAY_TIC|tic=2327|mle_ms=67.33
PMLE_LIVE_REPLAY_TIC|tic=2328|mle_ms=62.168
PMLE_LIVE_REPLAY_TIC|tic=2329|mle_ms=11.109
PMLE_LIVE_REPLAY_TIC|tic=2330|mle_ms=75.5
PMLE_LIVE_REPLAY_TIC|tic=2331|mle_ms=73.727
PMLE_LIVE_REPLAY_TIC|tic=2332|mle_ms=12.777
PMLE_LIVE_REPLAY_TIC|tic=2333|mle_ms=73.141
PMLE_LIVE_REPLAY_TIC|tic=2334|mle_ms=83.161
PMLE_LIVE_REPLAY_TIC|tic=2335|mle_ms=12.417
PMLE_LIVE_REPLAY_TIC|tic=2336|mle_ms=104.135
PMLE_LIVE_REPLAY_TIC|tic=2337|mle_ms=67.79
PMLE_LIVE_REPLAY_TIC|tic=2338|mle_ms=10.989
PMLE_LIVE_REPLAY_TIC|tic=2339|mle_ms=64.551
PMLE_LIVE_REPLAY_TIC|tic=2340|mle_ms=61.012
PMLE_LIVE_REPLAY_TIC|tic=2341|mle_ms=11.057
PMLE_LIVE_REPLAY_TIC|tic=2342|mle_ms=65.092
PMLE_LIVE_REPLAY_TIC|tic=2343|mle_ms=73.268
PMLE_LIVE_REPLAY_TIC|tic=2344|mle_ms=15.39
PMLE_LIVE_REPLAY_TIC|tic=2345|mle_ms=15.897
PMLE_LIVE_REPLAY_TIC|tic=2346|mle_ms=79.854
PMLE_LIVE_REPLAY_TIC|tic=2347|mle_ms=12.211
PMLE_LIVE_REPLAY_TIC|tic=2348|mle_ms=16.501
PMLE_LIVE_REPLAY_TIC|tic=2349|mle_ms=65.152
PMLE_LIVE_REPLAY_TIC|tic=2350|mle_ms=11.477
PMLE_LIVE_REPLAY_TIC|tic=2351|mle_ms=66.358
PMLE_LIVE_REPLAY_TIC|tic=2352|mle_ms=62.741
PMLE_LIVE_REPLAY_TIC|tic=2353|mle_ms=20.409
PMLE_LIVE_REPLAY_TIC|tic=2354|mle_ms=103.227
PMLE_LIVE_REPLAY_TIC|tic=2355|mle_ms=77.263
PMLE_LIVE_REPLAY_TIC|tic=2356|mle_ms=32.256
PMLE_LIVE_REPLAY_TIC|tic=2357|mle_ms=72.96
PMLE_LIVE_REPLAY_TIC|tic=2358|mle_ms=59.982
PMLE_LIVE_REPLAY_TIC|tic=2359|mle_ms=30.172
PMLE_LIVE_REPLAY_TIC|tic=2360|mle_ms=83.939
PMLE_LIVE_REPLAY_TIC|tic=2361|mle_ms=80.311
PMLE_LIVE_REPLAY_TIC|tic=2362|mle_ms=13.475
PMLE_LIVE_REPLAY_TIC|tic=2363|mle_ms=81.541
PMLE_LIVE_REPLAY_TIC|tic=2364|mle_ms=66.999
PMLE_LIVE_REPLAY_TIC|tic=2365|mle_ms=26.113
PMLE_LIVE_REPLAY_TIC|tic=2366|mle_ms=91.82
PMLE_LIVE_REPLAY_TIC|tic=2367|mle_ms=71.099
PMLE_LIVE_REPLAY_TIC|tic=2368|mle_ms=21.014
PMLE_LIVE_REPLAY_TIC|tic=2369|mle_ms=79.007
PMLE_LIVE_REPLAY_TIC|tic=2370|mle_ms=79.76
PMLE_LIVE_REPLAY_TIC|tic=2371|mle_ms=22.739
PMLE_LIVE_REPLAY_TIC|tic=2372|mle_ms=89.252
PMLE_LIVE_REPLAY_TIC|tic=2373|mle_ms=90.013
PMLE_LIVE_REPLAY_TIC|tic=2374|mle_ms=26.9
PMLE_LIVE_REPLAY_TIC|tic=2375|mle_ms=74.449
PMLE_LIVE_REPLAY_TIC|tic=2376|mle_ms=109.2
PMLE_LIVE_REPLAY_TIC|tic=2377|mle_ms=28.667
PMLE_LIVE_REPLAY_TIC|tic=2378|mle_ms=90.376
PMLE_LIVE_REPLAY_TIC|tic=2379|mle_ms=94.019
PMLE_LIVE_REPLAY_TIC|tic=2380|mle_ms=28.765
PMLE_LIVE_REPLAY_TIC|tic=2381|mle_ms=83.388
PMLE_LIVE_REPLAY_TIC|tic=2382|mle_ms=75.804
PMLE_LIVE_REPLAY_TIC|tic=2383|mle_ms=30.812
PMLE_LIVE_REPLAY_TIC|tic=2384|mle_ms=89.474
PMLE_LIVE_REPLAY_TIC|tic=2385|mle_ms=77.623
PMLE_LIVE_REPLAY_TIC|tic=2386|mle_ms=37.918
PMLE_LIVE_REPLAY_TIC|tic=2387|mle_ms=81.429
PMLE_LIVE_REPLAY_TIC|tic=2388|mle_ms=105.867
PMLE_LIVE_REPLAY_TIC|tic=2389|mle_ms=20.015
PMLE_LIVE_REPLAY_TIC|tic=2390|mle_ms=70.278
PMLE_LIVE_REPLAY_TIC|tic=2391|mle_ms=83.101
PMLE_LIVE_REPLAY_TIC|tic=2392|mle_ms=25.251
PMLE_LIVE_REPLAY_TIC|tic=2393|mle_ms=92.465
PMLE_LIVE_REPLAY_TIC|tic=2394|mle_ms=79.125
PMLE_LIVE_REPLAY_TIC|tic=2395|mle_ms=22.845
PMLE_LIVE_REPLAY_TIC|tic=2396|mle_ms=86.411
PMLE_LIVE_REPLAY_TIC|tic=2397|mle_ms=80.199
PMLE_LIVE_REPLAY_TIC|tic=2398|mle_ms=21.223
PMLE_LIVE_REPLAY_TIC|tic=2399|mle_ms=67.922
PMLE_LIVE_REPLAY_TIC|tic=2400|mle_ms=85.065
PMLE_LIVE_REPLAY_TIC|tic=2401|mle_ms=21.384
PMLE_LIVE_REPLAY_TIC|tic=2402|mle_ms=85.627
PMLE_LIVE_REPLAY_TIC|tic=2403|mle_ms=90.562
PMLE_LIVE_REPLAY_TIC|tic=2404|mle_ms=25.095
PMLE_LIVE_REPLAY_TIC|tic=2405|mle_ms=76.241
PMLE_LIVE_REPLAY_TIC|tic=2406|mle_ms=88.319
PMLE_LIVE_REPLAY_TIC|tic=2407|mle_ms=19.792
PMLE_LIVE_REPLAY_TIC|tic=2408|mle_ms=77.907
PMLE_LIVE_REPLAY_TIC|tic=2409|mle_ms=78.695
PMLE_LIVE_REPLAY_TIC|tic=2410|mle_ms=30.959
PMLE_LIVE_REPLAY_TIC|tic=2411|mle_ms=89.229
PMLE_LIVE_REPLAY_TIC|tic=2412|mle_ms=87.093
PMLE_LIVE_REPLAY_TIC|tic=2413|mle_ms=31.247
PMLE_LIVE_REPLAY_TIC|tic=2414|mle_ms=78.145
PMLE_LIVE_REPLAY_TIC|tic=2415|mle_ms=79.414
PMLE_LIVE_REPLAY_TIC|tic=2416|mle_ms=34.53
PMLE_LIVE_REPLAY_TIC|tic=2417|mle_ms=77.586
PMLE_LIVE_REPLAY_TIC|tic=2418|mle_ms=89.378
PMLE_LIVE_REPLAY_TIC|tic=2419|mle_ms=29.045
PMLE_LIVE_REPLAY_TIC|tic=2420|mle_ms=81.201
PMLE_LIVE_REPLAY_TIC|tic=2421|mle_ms=120.243
PMLE_LIVE_REPLAY_TIC|tic=2422|mle_ms=23.926
PMLE_LIVE_REPLAY_TIC|tic=2423|mle_ms=83.787
PMLE_LIVE_REPLAY_TIC|tic=2424|mle_ms=93.459
PMLE_LIVE_REPLAY_TIC|tic=2425|mle_ms=25.413
PMLE_LIVE_REPLAY_TIC|tic=2426|mle_ms=111.362
PMLE_LIVE_REPLAY_TIC|tic=2427|mle_ms=70.954
PMLE_LIVE_REPLAY_TIC|tic=2428|mle_ms=11.499
PMLE_LIVE_REPLAY_TIC|tic=2429|mle_ms=88.365
PMLE_LIVE_REPLAY_TIC|tic=2430|mle_ms=60.748
PMLE_LIVE_REPLAY_TIC|tic=2431|mle_ms=48.049
PMLE_LIVE_REPLAY_TIC|tic=2432|mle_ms=93.03
PMLE_LIVE_REPLAY_TIC|tic=2433|mle_ms=88.844
PMLE_LIVE_REPLAY_TIC|tic=2434|mle_ms=18.522
PMLE_LIVE_REPLAY_TIC|tic=2435|mle_ms=83.701
PMLE_LIVE_REPLAY_TIC|tic=2436|mle_ms=64.483
PMLE_LIVE_REPLAY_TIC|tic=2437|mle_ms=12.038
PMLE_LIVE_REPLAY_TIC|tic=2438|mle_ms=53.095
PMLE_LIVE_REPLAY_TIC|tic=2439|mle_ms=42.262
PMLE_LIVE_REPLAY_TIC|tic=2440|mle_ms=9.779
PMLE_LIVE_REPLAY_TIC|tic=2441|mle_ms=67.913
PMLE_LIVE_REPLAY_TIC|tic=2442|mle_ms=47.114
PMLE_LIVE_REPLAY_TIC|tic=2443|mle_ms=55.269
PMLE_LIVE_REPLAY_TIC|tic=2444|mle_ms=54.376
PMLE_LIVE_REPLAY_TIC|tic=2445|mle_ms=70.382
PMLE_LIVE_REPLAY_TIC|tic=2446|mle_ms=28.708
PMLE_LIVE_REPLAY_TIC|tic=2447|mle_ms=43.597
PMLE_LIVE_REPLAY_TIC|tic=2448|mle_ms=41.652
PMLE_LIVE_REPLAY_TIC|tic=2449|mle_ms=12.79
PMLE_LIVE_REPLAY_TIC|tic=2450|mle_ms=35.91
PMLE_LIVE_REPLAY_TIC|tic=2451|mle_ms=273.474
PMLE_LIVE_REPLAY_TIC|tic=2452|mle_ms=14.27
PMLE_LIVE_REPLAY_TIC|tic=2453|mle_ms=73.176
PMLE_LIVE_REPLAY_TIC|tic=2454|mle_ms=47.614
PMLE_LIVE_REPLAY_TIC|tic=2455|mle_ms=15.337
PMLE_LIVE_REPLAY_TIC|tic=2456|mle_ms=63.607
PMLE_LIVE_REPLAY_TIC|tic=2457|mle_ms=36.142
PMLE_LIVE_REPLAY_TIC|tic=2458|mle_ms=13.839
PMLE_LIVE_REPLAY_TIC|tic=2459|mle_ms=52.474
PMLE_LIVE_REPLAY_TIC|tic=2460|mle_ms=40.344
PMLE_LIVE_REPLAY_TIC|tic=2461|mle_ms=53.57
PMLE_LIVE_REPLAY_TIC|tic=2462|mle_ms=42.622
PMLE_LIVE_REPLAY_TIC|tic=2463|mle_ms=82.538
PMLE_LIVE_REPLAY_TIC|tic=2464|mle_ms=28.679
PMLE_LIVE_REPLAY_TIC|tic=2465|mle_ms=43.028
PMLE_LIVE_REPLAY_TIC|tic=2466|mle_ms=95.777
PMLE_LIVE_REPLAY_TIC|tic=2467|mle_ms=14.194
PMLE_LIVE_REPLAY_TIC|tic=2468|mle_ms=46.25
PMLE_LIVE_REPLAY_TIC|tic=2469|mle_ms=49.104
PMLE_LIVE_REPLAY_TIC|tic=2470|mle_ms=17.276
PMLE_LIVE_REPLAY_TIC|tic=2471|mle_ms=87.186
PMLE_LIVE_REPLAY_TIC|tic=2472|mle_ms=45.933
PMLE_LIVE_REPLAY_TIC|tic=2473|mle_ms=56.186
PMLE_LIVE_REPLAY_TIC|tic=2474|mle_ms=54.841
PMLE_LIVE_REPLAY_TIC|tic=2475|mle_ms=39.352
PMLE_LIVE_REPLAY_TIC|tic=2476|mle_ms=46.246
PMLE_LIVE_REPLAY_TIC|tic=2477|mle_ms=34.488
PMLE_LIVE_REPLAY_TIC|tic=2478|mle_ms=42.17
PMLE_LIVE_REPLAY_TIC|tic=2479|mle_ms=19.061
PMLE_LIVE_REPLAY_TIC|tic=2480|mle_ms=39.114
PMLE_LIVE_REPLAY_TIC|tic=2481|mle_ms=79.982
PMLE_LIVE_REPLAY_TIC|tic=2482|mle_ms=17.699
PMLE_LIVE_REPLAY_TIC|tic=2483|mle_ms=58.919
PMLE_LIVE_REPLAY_TIC|tic=2484|mle_ms=47.655
PMLE_LIVE_REPLAY_TIC|tic=2485|mle_ms=14.023
PMLE_LIVE_REPLAY_TIC|tic=2486|mle_ms=41.818
PMLE_LIVE_REPLAY_TIC|tic=2487|mle_ms=54.625
PMLE_LIVE_REPLAY_TIC|tic=2488|mle_ms=12.462
PMLE_LIVE_REPLAY_TIC|tic=2489|mle_ms=12.611
PMLE_LIVE_REPLAY_TIC|tic=2490|mle_ms=36.543
PMLE_LIVE_REPLAY_TIC|tic=2491|mle_ms=43.261
PMLE_LIVE_REPLAY_TIC|tic=2492|mle_ms=12.339
PMLE_LIVE_REPLAY_TIC|tic=2493|mle_ms=75.213
PMLE_LIVE_REPLAY_TIC|tic=2494|mle_ms=29.904
PMLE_LIVE_REPLAY_TIC|tic=2495|mle_ms=17.063
PMLE_LIVE_REPLAY_TIC|tic=2496|mle_ms=103.274
PMLE_LIVE_REPLAY_TIC|tic=2497|mle_ms=18.011
PMLE_LIVE_REPLAY_TIC|tic=2498|mle_ms=16.722
PMLE_LIVE_REPLAY_TIC|tic=2499|mle_ms=45.94
PMLE_LIVE_REPLAY_TIC|tic=2500|mle_ms=16.014
PMLE_LIVE_REPLAY_TIC|tic=2501|mle_ms=41.678
PMLE_LIVE_REPLAY_TIC|tic=2502|mle_ms=42.806
PMLE_LIVE_REPLAY_TIC|tic=2503|mle_ms=49.621
PMLE_LIVE_REPLAY_TIC|tic=2504|mle_ms=21.27
PMLE_LIVE_REPLAY_TIC|tic=2505|mle_ms=61.866
PMLE_LIVE_REPLAY_TIC|tic=2506|mle_ms=35.752
PMLE_LIVE_REPLAY_TIC|tic=2507|mle_ms=11.388
PMLE_LIVE_REPLAY_TIC|tic=2508|mle_ms=68.976
PMLE_LIVE_REPLAY_TIC|tic=2509|mle_ms=16.331
PMLE_LIVE_REPLAY_TIC|tic=2510|mle_ms=13.555
PMLE_LIVE_REPLAY_TIC|tic=2511|mle_ms=96.1
PMLE_LIVE_REPLAY_TIC|tic=2512|mle_ms=13.211
PMLE_LIVE_REPLAY_TIC|tic=2513|mle_ms=46.509
PMLE_LIVE_REPLAY_TIC|tic=2514|mle_ms=91.361
PMLE_LIVE_REPLAY_TIC|tic=2515|mle_ms=11.344
PMLE_LIVE_REPLAY_TIC|tic=2516|mle_ms=37.877
PMLE_LIVE_REPLAY_TIC|tic=2517|mle_ms=64.79
PMLE_LIVE_REPLAY_TIC|tic=2518|mle_ms=12.682
PMLE_LIVE_REPLAY_TIC|tic=2519|mle_ms=14.163
PMLE_LIVE_REPLAY_TIC|tic=2520|mle_ms=82.679
PMLE_LIVE_REPLAY_TIC|tic=2521|mle_ms=55.75
PMLE_LIVE_REPLAY_TIC|tic=2522|mle_ms=14.1
PMLE_LIVE_REPLAY_TIC|tic=2523|mle_ms=101.901
PMLE_LIVE_REPLAY_TIC|tic=2524|mle_ms=23.366
PMLE_LIVE_REPLAY_TIC|tic=2525|mle_ms=13.532
PMLE_LIVE_REPLAY_TIC|tic=2526|mle_ms=109.357
PMLE_LIVE_REPLAY_TIC|tic=2527|mle_ms=10.573
PMLE_LIVE_REPLAY_TIC|tic=2528|mle_ms=11.444
PMLE_LIVE_REPLAY_TIC|tic=2529|mle_ms=67.354
PMLE_LIVE_REPLAY_TIC|tic=2530|mle_ms=10.83
PMLE_LIVE_REPLAY_TIC|tic=2531|mle_ms=44.192
PMLE_LIVE_REPLAY_TIC|tic=2532|mle_ms=86.01
PMLE_LIVE_REPLAY_TIC|tic=2533|mle_ms=49.529
PMLE_LIVE_REPLAY_TIC|tic=2534|mle_ms=20.079
PMLE_LIVE_REPLAY_TIC|tic=2535|mle_ms=74.499
PMLE_LIVE_REPLAY_TIC|tic=2536|mle_ms=37.501
PMLE_LIVE_REPLAY_TIC|tic=2537|mle_ms=11.508
PMLE_LIVE_REPLAY_TIC|tic=2538|mle_ms=81.494
PMLE_LIVE_REPLAY_TIC|tic=2539|mle_ms=14.362
PMLE_LIVE_REPLAY_TIC|tic=2540|mle_ms=11.567
PMLE_LIVE_REPLAY_TIC|tic=2541|mle_ms=144.317
PMLE_LIVE_REPLAY_TIC|tic=2542|mle_ms=13.487
PMLE_LIVE_REPLAY_TIC|tic=2543|mle_ms=50.357
PMLE_LIVE_REPLAY_TIC|tic=2544|mle_ms=64.346
PMLE_LIVE_REPLAY_TIC|tic=2545|mle_ms=10.975
PMLE_LIVE_REPLAY_TIC|tic=2546|mle_ms=40.02
PMLE_LIVE_REPLAY_TIC|tic=2547|mle_ms=33.214
PMLE_LIVE_REPLAY_TIC|tic=2548|mle_ms=10.015
PMLE_LIVE_REPLAY_TIC|tic=2549|mle_ms=12.675
PMLE_LIVE_REPLAY_TIC|tic=2550|mle_ms=35.929
PMLE_LIVE_REPLAY_TIC|tic=2551|mle_ms=41.992
PMLE_LIVE_REPLAY_TIC|tic=2552|mle_ms=10.898
PMLE_LIVE_REPLAY_TIC|tic=2553|mle_ms=70.458
PMLE_LIVE_REPLAY_TIC|tic=2554|mle_ms=20.099
PMLE_LIVE_REPLAY_TIC|tic=2555|mle_ms=10.213
PMLE_LIVE_REPLAY_TIC|tic=2556|mle_ms=65.472
PMLE_LIVE_REPLAY_TIC|tic=2557|mle_ms=13.553
PMLE_LIVE_REPLAY_TIC|tic=2558|mle_ms=13.542
PMLE_LIVE_REPLAY_TIC|tic=2559|mle_ms=43.444
PMLE_LIVE_REPLAY_TIC|tic=2560|mle_ms=19.157
PMLE_LIVE_REPLAY_TIC|tic=2561|mle_ms=48.339
PMLE_LIVE_REPLAY_TIC|tic=2562|mle_ms=39.193
PMLE_LIVE_REPLAY_TIC|tic=2563|mle_ms=49.867
PMLE_LIVE_REPLAY_TIC|tic=2564|mle_ms=24.562
PMLE_LIVE_REPLAY_TIC|tic=2565|mle_ms=42.936
PMLE_LIVE_REPLAY_TIC|tic=2566|mle_ms=50.036
PMLE_LIVE_REPLAY_TIC|tic=2567|mle_ms=13.682
PMLE_LIVE_REPLAY_TIC|tic=2568|mle_ms=38.069
PMLE_LIVE_REPLAY_TIC|tic=2569|mle_ms=47.805
PMLE_LIVE_REPLAY_TIC|tic=2570|mle_ms=17.182
PMLE_LIVE_REPLAY_TIC|tic=2571|mle_ms=54.095
PMLE_LIVE_REPLAY_TIC|tic=2572|mle_ms=60.833
PMLE_LIVE_REPLAY_TIC|tic=2573|mle_ms=52.567
PMLE_LIVE_REPLAY_TIC|tic=2574|mle_ms=23.102
PMLE_LIVE_REPLAY_TIC|tic=2575|mle_ms=41.066
PMLE_LIVE_REPLAY_TIC|tic=2576|mle_ms=39.148
PMLE_LIVE_REPLAY_TIC|tic=2577|mle_ms=12.745
PMLE_LIVE_REPLAY_TIC|tic=2578|mle_ms=62.84
PMLE_LIVE_REPLAY_TIC|tic=2579|mle_ms=25.024
PMLE_LIVE_REPLAY_TIC|tic=2580|mle_ms=21.784
PMLE_LIVE_REPLAY_TIC|tic=2581|mle_ms=78.958
PMLE_LIVE_REPLAY_TIC|tic=2582|mle_ms=23.48
PMLE_LIVE_REPLAY_TIC|tic=2583|mle_ms=64.086
PMLE_LIVE_REPLAY_TIC|tic=2584|mle_ms=74.038
PMLE_LIVE_REPLAY_TIC|tic=2585|mle_ms=28.149
PMLE_LIVE_REPLAY_TIC|tic=2586|mle_ms=54.737
PMLE_LIVE_REPLAY_TIC|tic=2587|mle_ms=54.37
PMLE_LIVE_REPLAY_TIC|tic=2588|mle_ms=23.808
PMLE_LIVE_REPLAY_TIC|tic=2589|mle_ms=27.348
PMLE_LIVE_REPLAY_TIC|tic=2590|mle_ms=56.303
PMLE_LIVE_REPLAY_TIC|tic=2591|mle_ms=58.657
PMLE_LIVE_REPLAY_TIC|tic=2592|mle_ms=30.175
PMLE_LIVE_REPLAY_TIC|tic=2593|mle_ms=145.429
PMLE_LIVE_REPLAY_TIC|tic=2594|mle_ms=47.823
PMLE_LIVE_REPLAY_TIC|tic=2595|mle_ms=35.063
PMLE_LIVE_REPLAY_TIC|tic=2596|mle_ms=116.022
PMLE_LIVE_REPLAY_TIC|tic=2597|mle_ms=30.77
PMLE_LIVE_REPLAY_TIC|tic=2598|mle_ms=32.536
PMLE_LIVE_REPLAY_TIC|tic=2599|mle_ms=127.054
PMLE_LIVE_REPLAY_TIC|tic=2600|mle_ms=31.921
PMLE_LIVE_REPLAY_TIC|tic=2601|mle_ms=65.868
PMLE_LIVE_REPLAY_TIC|tic=2602|mle_ms=133.483
PMLE_LIVE_REPLAY_TIC|tic=2603|mle_ms=42.768
PMLE_LIVE_REPLAY_TIC|tic=2604|mle_ms=44.826
PMLE_LIVE_REPLAY_TIC|tic=2605|mle_ms=115.955
PMLE_LIVE_REPLAY_TIC|tic=2606|mle_ms=43.596
PMLE_LIVE_REPLAY_TIC|tic=2607|mle_ms=34.392
PMLE_LIVE_REPLAY_TIC|tic=2608|mle_ms=138.527
PMLE_LIVE_REPLAY_TIC|tic=2609|mle_ms=35.015
PMLE_LIVE_REPLAY_TIC|tic=2610|mle_ms=36.558
PMLE_LIVE_REPLAY_TIC|tic=2611|mle_ms=160.451
PMLE_LIVE_REPLAY_TIC|tic=2612|mle_ms=33.317
PMLE_LIVE_REPLAY_TIC|tic=2613|mle_ms=60.054
PMLE_LIVE_REPLAY_TIC|tic=2614|mle_ms=217.628
PMLE_LIVE_REPLAY_TIC|tic=2615|mle_ms=43.734
PMLE_LIVE_REPLAY_TIC|tic=2616|mle_ms=58.019
PMLE_LIVE_REPLAY_TIC|tic=2617|mle_ms=140.56
PMLE_LIVE_REPLAY_TIC|tic=2618|mle_ms=31.594
PMLE_LIVE_REPLAY_TIC|tic=2619|mle_ms=32.45
PMLE_LIVE_REPLAY_TIC|tic=2620|mle_ms=148.517
PMLE_LIVE_REPLAY_TIC|tic=2621|mle_ms=62.082
PMLE_LIVE_REPLAY_TIC|tic=2622|mle_ms=36.41
PMLE_LIVE_REPLAY_TIC|tic=2623|mle_ms=170.45
PMLE_LIVE_REPLAY_TIC|tic=2624|mle_ms=44.447
PMLE_LIVE_REPLAY_TIC|tic=2625|mle_ms=32.227
PMLE_LIVE_REPLAY_TIC|tic=2626|mle_ms=175.001
PMLE_LIVE_REPLAY_TIC|tic=2627|mle_ms=29.695
PMLE_LIVE_REPLAY_TIC|tic=2628|mle_ms=29.222
PMLE_LIVE_REPLAY_TIC|tic=2629|mle_ms=153.314
PMLE_LIVE_REPLAY_TIC|tic=2630|mle_ms=30.569
PMLE_LIVE_REPLAY_TIC|tic=2631|mle_ms=57.687
PMLE_LIVE_REPLAY_TIC|tic=2632|mle_ms=192.973
PMLE_LIVE_REPLAY_TIC|tic=2633|mle_ms=45.53
PMLE_LIVE_REPLAY_TIC|tic=2634|mle_ms=49.112
PMLE_LIVE_REPLAY_TIC|tic=2635|mle_ms=164.478
PMLE_LIVE_REPLAY_TIC|tic=2636|mle_ms=44.704
PMLE_LIVE_REPLAY_TIC|tic=2637|mle_ms=28.518
PMLE_LIVE_REPLAY_TIC|tic=2638|mle_ms=145.686
PMLE_LIVE_REPLAY_TIC|tic=2639|mle_ms=31.574
PMLE_LIVE_REPLAY_TIC|tic=2640|mle_ms=25.064
PMLE_LIVE_REPLAY_TIC|tic=2641|mle_ms=169.26
PMLE_LIVE_REPLAY_TIC|tic=2642|mle_ms=16.799
PMLE_LIVE_REPLAY_TIC|tic=2643|mle_ms=27.981
PMLE_LIVE_REPLAY_TIC|tic=2644|mle_ms=148.264
PMLE_LIVE_REPLAY_TIC|tic=2645|mle_ms=19.093
PMLE_LIVE_REPLAY_TIC|tic=2646|mle_ms=35.678
PMLE_LIVE_REPLAY_TIC|tic=2647|mle_ms=132.124
PMLE_LIVE_REPLAY_TIC|tic=2648|mle_ms=20.992
PMLE_LIVE_REPLAY_TIC|tic=2649|mle_ms=22.274
PMLE_LIVE_REPLAY_TIC|tic=2650|mle_ms=149.619
PMLE_LIVE_REPLAY_TIC|tic=2651|mle_ms=44.871
PMLE_LIVE_REPLAY_TIC|tic=2652|mle_ms=17.228
PMLE_LIVE_REPLAY_TIC|tic=2653|mle_ms=151.729
PMLE_LIVE_REPLAY_TIC|tic=2654|mle_ms=26.023
PMLE_LIVE_REPLAY_TIC|tic=2655|mle_ms=14.339
PMLE_LIVE_REPLAY_TIC|tic=2656|mle_ms=154.839
PMLE_LIVE_REPLAY_TIC|tic=2657|mle_ms=15.576
PMLE_LIVE_REPLAY_TIC|tic=2658|mle_ms=17.668
PMLE_LIVE_REPLAY_TIC|tic=2659|mle_ms=129.481
PMLE_LIVE_REPLAY_TIC|tic=2660|mle_ms=14.899
PMLE_LIVE_REPLAY_TIC|tic=2661|mle_ms=47.126
PMLE_LIVE_REPLAY_TIC|tic=2662|mle_ms=129.709
PMLE_LIVE_REPLAY_TIC|tic=2663|mle_ms=25.673
PMLE_LIVE_REPLAY_TIC|tic=2664|mle_ms=25.272
PMLE_LIVE_REPLAY_TIC|tic=2665|mle_ms=125.387
PMLE_LIVE_REPLAY_TIC|tic=2666|mle_ms=26.145
PMLE_LIVE_REPLAY_TIC|tic=2667|mle_ms=11.717
PMLE_LIVE_REPLAY_TIC|tic=2668|mle_ms=145.819
PMLE_LIVE_REPLAY_TIC|tic=2669|mle_ms=21.155
PMLE_LIVE_REPLAY_TIC|tic=2670|mle_ms=16.034
PMLE_LIVE_REPLAY_TIC|tic=2671|mle_ms=193.868
PMLE_LIVE_REPLAY_TIC|tic=2672|mle_ms=19.719
PMLE_LIVE_REPLAY_TIC|tic=2673|mle_ms=34.702
PMLE_LIVE_REPLAY_TIC|tic=2674|mle_ms=135.983
PMLE_LIVE_REPLAY_TIC|tic=2675|mle_ms=13.753
PMLE_LIVE_REPLAY_TIC|tic=2676|mle_ms=29.298
PMLE_LIVE_REPLAY_TIC|tic=2677|mle_ms=147.185
PMLE_LIVE_REPLAY_TIC|tic=2678|mle_ms=16.66
PMLE_LIVE_REPLAY_TIC|tic=2679|mle_ms=18.489
PMLE_LIVE_REPLAY_TIC|tic=2680|mle_ms=136.926
PMLE_LIVE_REPLAY_TIC|tic=2681|mle_ms=46.27
PMLE_LIVE_REPLAY_TIC|tic=2682|mle_ms=14.163
PMLE_LIVE_REPLAY_TIC|tic=2683|mle_ms=133.214
PMLE_LIVE_REPLAY_TIC|tic=2684|mle_ms=26.274
PMLE_LIVE_REPLAY_TIC|tic=2685|mle_ms=16.272
PMLE_LIVE_REPLAY_TIC|tic=2686|mle_ms=139.618
PMLE_LIVE_REPLAY_TIC|tic=2687|mle_ms=12.72
PMLE_LIVE_REPLAY_TIC|tic=2688|mle_ms=14.342
PMLE_LIVE_REPLAY_TIC|tic=2689|mle_ms=132.584
PMLE_LIVE_REPLAY_TIC|tic=2690|mle_ms=10.725
PMLE_LIVE_REPLAY_TIC|tic=2691|mle_ms=40.148
PMLE_LIVE_REPLAY_TIC|tic=2692|mle_ms=138.528
PMLE_LIVE_REPLAY_TIC|tic=2693|mle_ms=32.574
PMLE_LIVE_REPLAY_TIC|tic=2694|mle_ms=25.729
PMLE_LIVE_REPLAY_TIC|tic=2695|mle_ms=134.672
PMLE_LIVE_REPLAY_TIC|tic=2696|mle_ms=27.931
PMLE_LIVE_REPLAY_TIC|tic=2697|mle_ms=18.3
PMLE_LIVE_REPLAY_TIC|tic=2698|mle_ms=148.598
PMLE_LIVE_REPLAY_TIC|tic=2699|mle_ms=16.788
PMLE_LIVE_REPLAY_TIC|tic=2700|mle_ms=14.862
PMLE_LIVE_REPLAY_TIC|tic=2701|mle_ms=175.411
PMLE_LIVE_REPLAY_TIC|tic=2702|mle_ms=12.832
PMLE_LIVE_REPLAY_TIC|tic=2703|mle_ms=26.147
PMLE_LIVE_REPLAY_TIC|tic=2704|mle_ms=136.433
PMLE_LIVE_REPLAY_TIC|tic=2705|mle_ms=12.766
PMLE_LIVE_REPLAY_TIC|tic=2706|mle_ms=31.3
PMLE_LIVE_REPLAY_TIC|tic=2707|mle_ms=136.317
PMLE_LIVE_REPLAY_TIC|tic=2708|mle_ms=13.914
PMLE_LIVE_REPLAY_TIC|tic=2709|mle_ms=18.291
PMLE_LIVE_REPLAY_TIC|tic=2710|mle_ms=185.512
PMLE_LIVE_REPLAY_TIC|tic=2711|mle_ms=56.862
PMLE_LIVE_REPLAY_TIC|tic=2712|mle_ms=17.969
PMLE_LIVE_REPLAY_TIC|tic=2713|mle_ms=154.75
PMLE_LIVE_REPLAY_TIC|tic=2714|mle_ms=24.368
PMLE_LIVE_REPLAY_TIC|tic=2715|mle_ms=15.416
PMLE_LIVE_REPLAY_TIC|tic=2716|mle_ms=147.508
PMLE_LIVE_REPLAY_TIC|tic=2717|mle_ms=12.288
PMLE_LIVE_REPLAY_TIC|tic=2718|mle_ms=12.43
PMLE_LIVE_REPLAY_TIC|tic=2719|mle_ms=123.749
PMLE_LIVE_REPLAY_TIC|tic=2720|mle_ms=12.996
PMLE_LIVE_REPLAY_TIC|tic=2721|mle_ms=44.318
PMLE_LIVE_REPLAY_TIC|tic=2722|mle_ms=123.871
PMLE_LIVE_REPLAY_TIC|tic=2723|mle_ms=27.611
PMLE_LIVE_REPLAY_TIC|tic=2724|mle_ms=25.045
PMLE_LIVE_REPLAY_TIC|tic=2725|mle_ms=139.295
PMLE_LIVE_REPLAY_TIC|tic=2726|mle_ms=23.928
PMLE_LIVE_REPLAY_TIC|tic=2727|mle_ms=8.979
PMLE_LIVE_REPLAY_TIC|tic=2728|mle_ms=154.238
PMLE_LIVE_REPLAY_TIC|tic=2729|mle_ms=11.461
PMLE_LIVE_REPLAY_TIC|tic=2730|mle_ms=10.3
PMLE_LIVE_REPLAY_TIC|tic=2731|mle_ms=150.737
PMLE_LIVE_REPLAY_TIC|tic=2732|mle_ms=13.565
PMLE_LIVE_REPLAY_TIC|tic=2733|mle_ms=28.561
PMLE_LIVE_REPLAY_TIC|tic=2734|mle_ms=152.267
PMLE_LIVE_REPLAY_TIC|tic=2735|mle_ms=11.416
PMLE_LIVE_REPLAY_TIC|tic=2736|mle_ms=27.084
PMLE_LIVE_REPLAY_TIC|tic=2737|mle_ms=119.269
PMLE_LIVE_REPLAY_TIC|tic=2738|mle_ms=10.038
PMLE_LIVE_REPLAY_TIC|tic=2739|mle_ms=11.245
PMLE_LIVE_REPLAY_TIC|tic=2740|mle_ms=125.14
PMLE_LIVE_REPLAY_TIC|tic=2741|mle_ms=48.354
PMLE_LIVE_REPLAY_TIC|tic=2742|mle_ms=15.378
PMLE_LIVE_REPLAY_TIC|tic=2743|mle_ms=157.579
PMLE_LIVE_REPLAY_TIC|tic=2744|mle_ms=21.928
PMLE_LIVE_REPLAY_TIC|tic=2745|mle_ms=9.848
PMLE_LIVE_REPLAY_TIC|tic=2746|mle_ms=131.374
PMLE_LIVE_REPLAY_TIC|tic=2747|mle_ms=11.446
PMLE_LIVE_REPLAY_TIC|tic=2748|mle_ms=12.589
PMLE_LIVE_REPLAY_TIC|tic=2749|mle_ms=152.001
PMLE_LIVE_REPLAY_TIC|tic=2750|mle_ms=11.609
PMLE_LIVE_REPLAY_TIC|tic=2751|mle_ms=48.093
PMLE_LIVE_REPLAY_TIC|tic=2752|mle_ms=188.574
PMLE_LIVE_REPLAY_TIC|tic=2753|mle_ms=32.02
PMLE_LIVE_REPLAY_TIC|tic=2754|mle_ms=26.746
PMLE_LIVE_REPLAY_TIC|tic=2755|mle_ms=188.91
PMLE_LIVE_REPLAY_TIC|tic=2756|mle_ms=32.38
PMLE_LIVE_REPLAY_TIC|tic=2757|mle_ms=10.755
PMLE_LIVE_REPLAY_TIC|tic=2758|mle_ms=202.943
PMLE_LIVE_REPLAY_TIC|tic=2759|mle_ms=12.804
PMLE_LIVE_REPLAY_TIC|tic=2760|mle_ms=10.572
PMLE_LIVE_REPLAY_TIC|tic=2761|mle_ms=178.156
PMLE_LIVE_REPLAY_TIC|tic=2762|mle_ms=11.981
PMLE_LIVE_REPLAY_TIC|tic=2763|mle_ms=28.045
PMLE_LIVE_REPLAY_TIC|tic=2764|mle_ms=157.183
PMLE_LIVE_REPLAY_TIC|tic=2765|mle_ms=9.529
PMLE_LIVE_REPLAY_TIC|tic=2766|mle_ms=24.284
PMLE_LIVE_REPLAY_TIC|tic=2767|mle_ms=130.665
PMLE_LIVE_REPLAY_TIC|tic=2768|mle_ms=8.007
PMLE_LIVE_REPLAY_TIC|tic=2769|mle_ms=10.982
PMLE_LIVE_REPLAY_TIC|tic=2770|mle_ms=133.842
PMLE_LIVE_REPLAY_TIC|tic=2771|mle_ms=39.298
PMLE_LIVE_REPLAY_TIC|tic=2772|mle_ms=10.214
PMLE_LIVE_REPLAY_TIC|tic=2773|mle_ms=164.284
PMLE_LIVE_REPLAY_TIC|tic=2774|mle_ms=17.382
PMLE_LIVE_REPLAY_TIC|tic=2775|mle_ms=8.074
PMLE_LIVE_REPLAY_TIC|tic=2776|mle_ms=135.31
PMLE_LIVE_REPLAY_TIC|tic=2777|mle_ms=9.154
PMLE_LIVE_REPLAY_TIC|tic=2778|mle_ms=11.085
PMLE_LIVE_REPLAY_TIC|tic=2779|mle_ms=158.205
PMLE_LIVE_REPLAY_TIC|tic=2780|mle_ms=9.59
PMLE_LIVE_REPLAY_TIC|tic=2781|mle_ms=45.245
PMLE_LIVE_REPLAY_TIC|tic=2782|mle_ms=117.094
PMLE_LIVE_REPLAY_TIC|tic=2783|mle_ms=22.043
PMLE_LIVE_REPLAY_TIC|tic=2784|mle_ms=18.021
PMLE_LIVE_REPLAY_TIC|tic=2785|mle_ms=121.813
PMLE_LIVE_REPLAY_TIC|tic=2786|mle_ms=23.107
PMLE_LIVE_REPLAY_TIC|tic=2787|mle_ms=8.597
PMLE_LIVE_REPLAY_TIC|tic=2788|mle_ms=152.752
PMLE_LIVE_REPLAY_TIC|tic=2789|mle_ms=12.513
PMLE_LIVE_REPLAY_TIC|tic=2790|mle_ms=10.539
PMLE_LIVE_REPLAY_TIC|tic=2791|mle_ms=164.504
PMLE_LIVE_REPLAY_TIC|tic=2792|mle_ms=11.125
PMLE_LIVE_REPLAY_TIC|tic=2793|mle_ms=24.974
PMLE_LIVE_REPLAY_TIC|tic=2794|mle_ms=128.649
PMLE_LIVE_REPLAY_TIC|tic=2795|mle_ms=8.477
PMLE_LIVE_REPLAY_TIC|tic=2796|mle_ms=21.742
PMLE_LIVE_REPLAY_TIC|tic=2797|mle_ms=161.966
PMLE_LIVE_REPLAY_TIC|tic=2798|mle_ms=9.278
PMLE_LIVE_REPLAY_TIC|tic=2799|mle_ms=11.353
PMLE_LIVE_REPLAY_TIC|tic=2800|mle_ms=173.985
PMLE_LIVE_REPLAY_TIC|tic=2801|mle_ms=40.7
PMLE_LIVE_REPLAY_TIC|tic=2802|mle_ms=12.475
PMLE_LIVE_REPLAY_TIC|tic=2803|mle_ms=184.572
PMLE_LIVE_REPLAY_TIC|tic=2804|mle_ms=23.833
PMLE_LIVE_REPLAY_TIC|tic=2805|mle_ms=10.257
PMLE_LIVE_REPLAY_TIC|tic=2806|mle_ms=151.661
PMLE_LIVE_REPLAY_TIC|tic=2807|mle_ms=9.103
PMLE_LIVE_REPLAY_TIC|tic=2808|mle_ms=10.419
PMLE_LIVE_REPLAY_TIC|tic=2809|mle_ms=154.283
PMLE_LIVE_REPLAY_TIC|tic=2810|mle_ms=7.859
PMLE_LIVE_REPLAY_TIC|tic=2811|mle_ms=38.061
PMLE_LIVE_REPLAY_TIC|tic=2812|mle_ms=143.588
PMLE_LIVE_REPLAY_TIC|tic=2813|mle_ms=21.922
PMLE_LIVE_REPLAY_TIC|tic=2814|mle_ms=18.042
PMLE_LIVE_REPLAY_TIC|tic=2815|mle_ms=119.129
PMLE_LIVE_REPLAY_TIC|tic=2816|mle_ms=24.436
PMLE_LIVE_REPLAY_TIC|tic=2817|mle_ms=8.842
PMLE_LIVE_REPLAY_TIC|tic=2818|mle_ms=121.243
PMLE_LIVE_REPLAY_TIC|tic=2819|mle_ms=10.641
PMLE_LIVE_REPLAY_TIC|tic=2820|mle_ms=9.277
PMLE_LIVE_REPLAY_TIC|tic=2821|mle_ms=150.062
PMLE_LIVE_REPLAY_TIC|tic=2822|mle_ms=10.408
PMLE_LIVE_REPLAY_TIC|tic=2823|mle_ms=24.608
PMLE_LIVE_REPLAY_TIC|tic=2824|mle_ms=141.925
PMLE_LIVE_REPLAY_TIC|tic=2825|mle_ms=8.749
PMLE_LIVE_REPLAY_TIC|tic=2826|mle_ms=25.243
PMLE_LIVE_REPLAY_TIC|tic=2827|mle_ms=150.194
PMLE_LIVE_REPLAY_TIC|tic=2828|mle_ms=9.001
PMLE_LIVE_REPLAY_TIC|tic=2829|mle_ms=9.907
PMLE_LIVE_REPLAY_TIC|tic=2830|mle_ms=133.422
PMLE_LIVE_REPLAY_TIC|tic=2831|mle_ms=38.264
PMLE_LIVE_REPLAY_TIC|tic=2832|mle_ms=9.738
PMLE_LIVE_REPLAY_TIC|tic=2833|mle_ms=137.724
PMLE_LIVE_REPLAY_TIC|tic=2834|mle_ms=18.928
PMLE_LIVE_REPLAY_TIC|tic=2835|mle_ms=8.086
PMLE_LIVE_REPLAY_TIC|tic=2836|mle_ms=129.377
PMLE_LIVE_REPLAY_TIC|tic=2837|mle_ms=8.153
PMLE_LIVE_REPLAY_TIC|tic=2838|mle_ms=10.05
PMLE_LIVE_REPLAY_TIC|tic=2839|mle_ms=144.911
PMLE_LIVE_REPLAY_TIC|tic=2840|mle_ms=8.725
PMLE_LIVE_REPLAY_TIC|tic=2841|mle_ms=44.956
PMLE_LIVE_REPLAY_TIC|tic=2842|mle_ms=131.603
PMLE_LIVE_REPLAY_TIC|tic=2843|mle_ms=27.915
PMLE_LIVE_REPLAY_TIC|tic=2844|mle_ms=25.091
PMLE_LIVE_REPLAY_TIC|tic=2845|mle_ms=158.636
PMLE_LIVE_REPLAY_TIC|tic=2846|mle_ms=21.618
PMLE_LIVE_REPLAY_TIC|tic=2847|mle_ms=7.56
PMLE_LIVE_REPLAY_TIC|tic=2848|mle_ms=118.179
PMLE_LIVE_REPLAY_TIC|tic=2849|mle_ms=11.975
PMLE_LIVE_REPLAY_TIC|tic=2850|mle_ms=10.327
PMLE_LIVE_REPLAY_TIC|tic=2851|mle_ms=157.67
PMLE_LIVE_REPLAY_TIC|tic=2852|mle_ms=11.254
PMLE_LIVE_REPLAY_TIC|tic=2853|mle_ms=26.482
PMLE_LIVE_REPLAY_TIC|tic=2854|mle_ms=131.585
PMLE_LIVE_REPLAY_TIC|tic=2855|mle_ms=8.095
PMLE_LIVE_REPLAY_TIC|tic=2856|mle_ms=22.291
PMLE_LIVE_REPLAY_TIC|tic=2857|mle_ms=119.025
PMLE_LIVE_REPLAY_TIC|tic=2858|mle_ms=11.008
PMLE_LIVE_REPLAY_TIC|tic=2859|mle_ms=12.808
PMLE_LIVE_REPLAY_TIC|tic=2860|mle_ms=126.675
PMLE_LIVE_REPLAY_TIC|tic=2861|mle_ms=44.158
PMLE_LIVE_REPLAY_TIC|tic=2862|mle_ms=12.939
PMLE_LIVE_REPLAY_TIC|tic=2863|mle_ms=189.483
PMLE_LIVE_REPLAY_TIC|tic=2864|mle_ms=21.41
PMLE_LIVE_REPLAY_TIC|tic=2865|mle_ms=9.74
PMLE_LIVE_REPLAY_TIC|tic=2866|mle_ms=128.219
PMLE_LIVE_REPLAY_TIC|tic=2867|mle_ms=8.287
PMLE_LIVE_REPLAY_TIC|tic=2868|mle_ms=8.888
PMLE_LIVE_REPLAY_TIC|tic=2869|mle_ms=131.909
PMLE_LIVE_REPLAY_TIC|tic=2870|mle_ms=9.062
PMLE_LIVE_REPLAY_TIC|tic=2871|mle_ms=47.323
PMLE_LIVE_REPLAY_TIC|tic=2872|mle_ms=144.732
PMLE_LIVE_REPLAY_TIC|tic=2873|mle_ms=23.882
PMLE_LIVE_REPLAY_TIC|tic=2874|mle_ms=19.601
PMLE_LIVE_REPLAY_TIC|tic=2875|mle_ms=128.544
PMLE_LIVE_REPLAY_TIC|tic=2876|mle_ms=23.81
PMLE_LIVE_REPLAY_TIC|tic=2877|mle_ms=8.296
PMLE_LIVE_REPLAY_TIC|tic=2878|mle_ms=137.066
PMLE_LIVE_REPLAY_TIC|tic=2879|mle_ms=11.98
PMLE_LIVE_REPLAY_TIC|tic=2880|mle_ms=9.116
PMLE_LIVE_REPLAY_TIC|tic=2881|mle_ms=159.344
PMLE_LIVE_REPLAY_TIC|tic=2882|mle_ms=10.15
PMLE_LIVE_REPLAY_TIC|tic=2883|mle_ms=26.331
PMLE_LIVE_REPLAY_TIC|tic=2884|mle_ms=165.785
PMLE_LIVE_REPLAY_TIC|tic=2885|mle_ms=8.612
PMLE_LIVE_REPLAY_TIC|tic=2886|mle_ms=25.831
PMLE_LIVE_REPLAY_TIC|tic=2887|mle_ms=122.373
PMLE_LIVE_REPLAY_TIC|tic=2888|mle_ms=10.885
PMLE_LIVE_REPLAY_TIC|tic=2889|mle_ms=12.433
PMLE_LIVE_REPLAY_TIC|tic=2890|mle_ms=122.949
PMLE_LIVE_REPLAY_TIC|tic=2891|mle_ms=40.311
PMLE_LIVE_REPLAY_TIC|tic=2892|mle_ms=10.225
PMLE_LIVE_REPLAY_TIC|tic=2893|mle_ms=125.734
PMLE_LIVE_REPLAY_TIC|tic=2894|mle_ms=19.968
PMLE_LIVE_REPLAY_TIC|tic=2895|mle_ms=9.353
PMLE_LIVE_REPLAY_TIC|tic=2896|mle_ms=128.019
PMLE_LIVE_REPLAY_TIC|tic=2897|mle_ms=8.3
PMLE_LIVE_REPLAY_TIC|tic=2898|mle_ms=8.604
PMLE_LIVE_REPLAY_TIC|tic=2899|mle_ms=130.472
PMLE_LIVE_REPLAY_TIC|tic=2900|mle_ms=8.968
PMLE_LIVE_REPLAY_TIC|tic=2901|mle_ms=38.796
PMLE_LIVE_REPLAY_TIC|tic=2902|mle_ms=113.998
PMLE_LIVE_REPLAY_TIC|tic=2903|mle_ms=22.372
PMLE_LIVE_REPLAY_TIC|tic=2904|mle_ms=21.877
PMLE_LIVE_REPLAY_TIC|tic=2905|mle_ms=119.557
PMLE_LIVE_REPLAY_TIC|tic=2906|mle_ms=27.552
PMLE_LIVE_REPLAY_TIC|tic=2907|mle_ms=10.131
PMLE_LIVE_REPLAY_TIC|tic=2908|mle_ms=122.298
PMLE_LIVE_REPLAY_TIC|tic=2909|mle_ms=10.726
PMLE_LIVE_REPLAY_TIC|tic=2910|mle_ms=9.113
PMLE_LIVE_REPLAY_TIC|tic=2911|mle_ms=151.027
PMLE_LIVE_REPLAY_TIC|tic=2912|mle_ms=9.019
PMLE_LIVE_REPLAY_TIC|tic=2913|mle_ms=22.088
PMLE_LIVE_REPLAY_TIC|tic=2914|mle_ms=124.435
PMLE_LIVE_REPLAY_TIC|tic=2915|mle_ms=9.358
PMLE_LIVE_REPLAY_TIC|tic=2916|mle_ms=27.938
PMLE_LIVE_REPLAY_TIC|tic=2917|mle_ms=152.298
PMLE_LIVE_REPLAY_TIC|tic=2918|mle_ms=8.076
PMLE_LIVE_REPLAY_TIC|tic=2919|mle_ms=10.901
PMLE_LIVE_REPLAY_TIC|tic=2920|mle_ms=150.615
PMLE_LIVE_REPLAY_TIC|tic=2921|mle_ms=38.901
PMLE_LIVE_REPLAY_TIC|tic=2922|mle_ms=10.497
PMLE_LIVE_REPLAY_TIC|tic=2923|mle_ms=159.934
PMLE_LIVE_REPLAY_TIC|tic=2924|mle_ms=20.544
PMLE_LIVE_REPLAY_TIC|tic=2925|mle_ms=9.198
PMLE_LIVE_REPLAY_TIC|tic=2926|mle_ms=152.624
PMLE_LIVE_REPLAY_TIC|tic=2927|mle_ms=9.599
PMLE_LIVE_REPLAY_TIC|tic=2928|mle_ms=9.864
PMLE_LIVE_REPLAY_TIC|tic=2929|mle_ms=129.323
PMLE_LIVE_REPLAY_TIC|tic=2930|mle_ms=8.493
PMLE_LIVE_REPLAY_TIC|tic=2931|mle_ms=38.714
PMLE_LIVE_REPLAY_TIC|tic=2932|mle_ms=119.661
PMLE_LIVE_REPLAY_TIC|tic=2933|mle_ms=22.785
PMLE_LIVE_REPLAY_TIC|tic=2934|mle_ms=23.326
PMLE_LIVE_REPLAY_TIC|tic=2935|mle_ms=170.015
PMLE_LIVE_REPLAY_TIC|tic=2936|mle_ms=28.77
PMLE_LIVE_REPLAY_TIC|tic=2937|mle_ms=9.889
PMLE_LIVE_REPLAY_TIC|tic=2938|mle_ms=148.797
PMLE_LIVE_REPLAY_TIC|tic=2939|mle_ms=11.783
PMLE_LIVE_REPLAY_TIC|tic=2940|mle_ms=10.559
PMLE_LIVE_REPLAY_TIC|tic=2941|mle_ms=181.033
PMLE_LIVE_REPLAY_TIC|tic=2942|mle_ms=9.474
PMLE_LIVE_REPLAY_TIC|tic=2943|mle_ms=23.324
PMLE_LIVE_REPLAY_TIC|tic=2944|mle_ms=154.068
PMLE_LIVE_REPLAY_TIC|tic=2945|mle_ms=8.671
PMLE_LIVE_REPLAY_TIC|tic=2946|mle_ms=22.919
PMLE_LIVE_REPLAY_TIC|tic=2947|mle_ms=142.684
PMLE_LIVE_REPLAY_TIC|tic=2948|mle_ms=9.907
PMLE_LIVE_REPLAY_TIC|tic=2949|mle_ms=12.902
PMLE_LIVE_REPLAY_TIC|tic=2950|mle_ms=124.603
PMLE_LIVE_REPLAY_TIC|tic=2951|mle_ms=39.196
PMLE_LIVE_REPLAY_TIC|tic=2952|mle_ms=11.133
PMLE_LIVE_REPLAY_TIC|tic=2953|mle_ms=130.645
PMLE_LIVE_REPLAY_TIC|tic=2954|mle_ms=17.583
PMLE_LIVE_REPLAY_TIC|tic=2955|mle_ms=8.409
PMLE_LIVE_REPLAY_TIC|tic=2956|mle_ms=128.535
PMLE_LIVE_REPLAY_TIC|tic=2957|mle_ms=9.4
PMLE_LIVE_REPLAY_TIC|tic=2958|mle_ms=10.265
PMLE_LIVE_REPLAY_TIC|tic=2959|mle_ms=126.894
PMLE_LIVE_REPLAY_TIC|tic=2960|mle_ms=8.04
PMLE_LIVE_REPLAY_TIC|tic=2961|mle_ms=37.288
PMLE_LIVE_REPLAY_TIC|tic=2962|mle_ms=133.479
PMLE_LIVE_REPLAY_TIC|tic=2963|mle_ms=22.656
PMLE_LIVE_REPLAY_TIC|tic=2964|mle_ms=18.092
PMLE_LIVE_REPLAY_TIC|tic=2965|mle_ms=113.416
PMLE_LIVE_REPLAY_TIC|tic=2966|mle_ms=22.273
PMLE_LIVE_REPLAY_TIC|tic=2967|mle_ms=8.748
PMLE_LIVE_REPLAY_TIC|tic=2968|mle_ms=120.88
PMLE_LIVE_REPLAY_TIC|tic=2969|mle_ms=11.079
PMLE_LIVE_REPLAY_TIC|tic=2970|mle_ms=10.384
PMLE_LIVE_REPLAY_TIC|tic=2971|mle_ms=174.819
PMLE_LIVE_REPLAY_TIC|tic=2972|mle_ms=11.929
PMLE_LIVE_REPLAY_TIC|tic=2973|mle_ms=27.281
PMLE_LIVE_REPLAY_TIC|tic=2974|mle_ms=133.05
PMLE_LIVE_REPLAY_TIC|tic=2975|mle_ms=9.151
PMLE_LIVE_REPLAY_TIC|tic=2976|mle_ms=24.067
PMLE_LIVE_REPLAY_TIC|tic=2977|mle_ms=140.714
PMLE_LIVE_REPLAY_TIC|tic=2978|mle_ms=9.467
PMLE_LIVE_REPLAY_TIC|tic=2979|mle_ms=11.127
PMLE_LIVE_REPLAY_TIC|tic=2980|mle_ms=168.85
PMLE_LIVE_REPLAY_TIC|tic=2981|mle_ms=41.833
PMLE_LIVE_REPLAY_TIC|tic=2982|mle_ms=11.989
PMLE_LIVE_REPLAY_TIC|tic=2983|mle_ms=131.152
PMLE_LIVE_REPLAY_TIC|tic=2984|mle_ms=20.775
PMLE_LIVE_REPLAY_TIC|tic=2985|mle_ms=8.314
PMLE_LIVE_REPLAY_TIC|tic=2986|mle_ms=156.131
PMLE_LIVE_REPLAY_TIC|tic=2987|mle_ms=7.72
PMLE_LIVE_REPLAY_TIC|tic=2988|mle_ms=8.757
PMLE_LIVE_REPLAY_TIC|tic=2989|mle_ms=120.123
PMLE_LIVE_REPLAY_TIC|tic=2990|mle_ms=7.973
PMLE_LIVE_REPLAY_TIC|tic=2991|mle_ms=39.152
PMLE_LIVE_REPLAY_TIC|tic=2992|mle_ms=126.414
PMLE_LIVE_REPLAY_TIC|tic=2993|mle_ms=28.304
PMLE_LIVE_REPLAY_TIC|tic=2994|mle_ms=22.739
PMLE_LIVE_REPLAY_TIC|tic=2995|mle_ms=143.132
PMLE_LIVE_REPLAY_TIC|tic=2996|mle_ms=22.131
PMLE_LIVE_REPLAY_TIC|tic=2997|mle_ms=7.609
PMLE_LIVE_REPLAY_TIC|tic=2998|mle_ms=145.405
PMLE_LIVE_REPLAY_TIC|tic=2999|mle_ms=11.199
PMLE_LIVE_REPLAY_TIC|tic=3000|mle_ms=9.666
PMLE_LIVE_REPLAY_TIC|tic=3001|mle_ms=172.017
PMLE_LIVE_REPLAY_TIC|tic=3002|mle_ms=9.496
PMLE_LIVE_REPLAY_TIC|tic=3003|mle_ms=27.178
PMLE_LIVE_REPLAY_TIC|tic=3004|mle_ms=135.955
PMLE_LIVE_REPLAY_TIC|tic=3005|mle_ms=8.523
PMLE_LIVE_REPLAY_TIC|tic=3006|mle_ms=23.874
PMLE_LIVE_REPLAY_TIC|tic=3007|mle_ms=121.342
PMLE_LIVE_REPLAY_TIC|tic=3008|mle_ms=7.937
PMLE_LIVE_REPLAY_TIC|tic=3009|mle_ms=10.626
PMLE_LIVE_REPLAY_TIC|tic=3010|mle_ms=155.874
PMLE_LIVE_REPLAY_TIC|tic=3011|mle_ms=38.241
PMLE_LIVE_REPLAY_TIC|tic=3012|mle_ms=9.645
PMLE_LIVE_REPLAY_TIC|tic=3013|mle_ms=137.505
PMLE_LIVE_REPLAY_TIC|tic=3014|mle_ms=23.908
PMLE_LIVE_REPLAY_TIC|tic=3015|mle_ms=9.201
PMLE_LIVE_REPLAY_TIC|tic=3016|mle_ms=165.431
PMLE_LIVE_REPLAY_TIC|tic=3017|mle_ms=9.179
PMLE_LIVE_REPLAY_TIC|tic=3018|mle_ms=10.463
PMLE_LIVE_REPLAY_TIC|tic=3019|mle_ms=134.326
PMLE_LIVE_REPLAY_TIC|tic=3020|mle_ms=8.377
PMLE_LIVE_REPLAY_TIC|tic=3021|mle_ms=38.667
PMLE_LIVE_REPLAY_TIC|tic=3022|mle_ms=118.959
PMLE_LIVE_REPLAY_TIC|tic=3023|mle_ms=26.241
PMLE_LIVE_REPLAY_TIC|tic=3024|mle_ms=19.164
PMLE_LIVE_REPLAY_TIC|tic=3025|mle_ms=115.015
PMLE_LIVE_REPLAY_TIC|tic=3026|mle_ms=25.577
PMLE_LIVE_REPLAY_TIC|tic=3027|mle_ms=10.966
PMLE_LIVE_REPLAY_TIC|tic=3028|mle_ms=183.037
PMLE_LIVE_REPLAY_TIC|tic=3029|mle_ms=13.529
PMLE_LIVE_REPLAY_TIC|tic=3030|mle_ms=12.18
PMLE_LIVE_REPLAY_TIC|tic=3031|mle_ms=180.9
PMLE_LIVE_REPLAY_TIC|tic=3032|mle_ms=9.963
PMLE_LIVE_REPLAY_TIC|tic=3033|mle_ms=25.858
PMLE_LIVE_REPLAY_TIC|tic=3034|mle_ms=128.636
PMLE_LIVE_REPLAY_TIC|tic=3035|mle_ms=10.74
PMLE_LIVE_REPLAY_TIC|tic=3036|mle_ms=31.307
PMLE_LIVE_REPLAY_TIC|tic=3037|mle_ms=125.106
PMLE_LIVE_REPLAY_TIC|tic=3038|mle_ms=7.962
PMLE_LIVE_REPLAY_TIC|tic=3039|mle_ms=9.761
PMLE_LIVE_REPLAY_TIC|tic=3040|mle_ms=113.857
PMLE_LIVE_REPLAY_TIC|tic=3041|mle_ms=42.018
PMLE_LIVE_REPLAY_TIC|tic=3042|mle_ms=9.5
PMLE_LIVE_REPLAY_TIC|tic=3043|mle_ms=135.055
PMLE_LIVE_REPLAY_TIC|tic=3044|mle_ms=22.275
PMLE_LIVE_REPLAY_TIC|tic=3045|mle_ms=9.909
PMLE_LIVE_REPLAY_TIC|tic=3046|mle_ms=130.468
PMLE_LIVE_REPLAY_TIC|tic=3047|mle_ms=7.516
PMLE_LIVE_REPLAY_TIC|tic=3048|mle_ms=8.503
PMLE_LIVE_REPLAY_TIC|tic=3049|mle_ms=118.02
PMLE_LIVE_REPLAY_TIC|tic=3050|mle_ms=8.152
PMLE_LIVE_REPLAY_TIC|tic=3051|mle_ms=38.675
PMLE_LIVE_REPLAY_TIC|tic=3052|mle_ms=121.357
PMLE_LIVE_REPLAY_TIC|tic=3053|mle_ms=21.895
PMLE_LIVE_REPLAY_TIC|tic=3054|mle_ms=20.704
PMLE_LIVE_REPLAY_TIC|tic=3055|mle_ms=120.131
PMLE_LIVE_REPLAY_TIC|tic=3056|mle_ms=20.31
PMLE_LIVE_REPLAY_TIC|tic=3057|mle_ms=7.216
PMLE_LIVE_REPLAY_TIC|tic=3058|mle_ms=149.317
PMLE_LIVE_REPLAY_TIC|tic=3059|mle_ms=11.132
PMLE_LIVE_REPLAY_TIC|tic=3060|mle_ms=8.774
PMLE_LIVE_REPLAY_TIC|tic=3061|mle_ms=177.914
PMLE_LIVE_REPLAY_TIC|tic=3062|mle_ms=12.38
PMLE_LIVE_REPLAY_TIC|tic=3063|mle_ms=31.467
PMLE_LIVE_REPLAY_TIC|tic=3064|mle_ms=147.045
PMLE_LIVE_REPLAY_TIC|tic=3065|mle_ms=13.328
PMLE_LIVE_REPLAY_TIC|tic=3066|mle_ms=28.311
PMLE_LIVE_REPLAY_TIC|tic=3067|mle_ms=121.093
PMLE_LIVE_REPLAY_TIC|tic=3068|mle_ms=10.914
PMLE_LIVE_REPLAY_TIC|tic=3069|mle_ms=12.396
PMLE_LIVE_REPLAY_TIC|tic=3070|mle_ms=121.196
PMLE_LIVE_REPLAY_TIC|tic=3071|mle_ms=44.593
PMLE_LIVE_REPLAY_TIC|tic=3072|mle_ms=12.342
PMLE_LIVE_REPLAY_TIC|tic=3073|mle_ms=208.586
PMLE_LIVE_REPLAY_TIC|tic=3074|mle_ms=24.971
PMLE_LIVE_REPLAY_TIC|tic=3075|mle_ms=14.694
PMLE_LIVE_REPLAY_TIC|tic=3076|mle_ms=157.308
PMLE_LIVE_REPLAY_TIC|tic=3077|mle_ms=13.717
PMLE_LIVE_REPLAY_TIC|tic=3078|mle_ms=15.936
PMLE_LIVE_REPLAY_TIC|tic=3079|mle_ms=133.903
PMLE_LIVE_REPLAY_TIC|tic=3080|mle_ms=12.539
PMLE_LIVE_REPLAY_TIC|tic=3081|mle_ms=43.516
PMLE_LIVE_REPLAY_TIC|tic=3082|mle_ms=118.356
PMLE_LIVE_REPLAY_TIC|tic=3083|mle_ms=28.042
PMLE_LIVE_REPLAY_TIC|tic=3084|mle_ms=21.743
PMLE_LIVE_REPLAY_TIC|tic=3085|mle_ms=123.326
PMLE_LIVE_REPLAY_TIC|tic=3086|mle_ms=29.915
PMLE_LIVE_REPLAY_TIC|tic=3087|mle_ms=13.368
PMLE_LIVE_REPLAY_TIC|tic=3088|mle_ms=108.003
PMLE_LIVE_REPLAY_TIC|tic=3089|mle_ms=15.308
PMLE_LIVE_REPLAY_TIC|tic=3090|mle_ms=14.358
PMLE_LIVE_REPLAY_TIC|tic=3091|mle_ms=132.338
PMLE_LIVE_REPLAY_TIC|tic=3092|mle_ms=12.797
PMLE_LIVE_REPLAY_TIC|tic=3093|mle_ms=27.561
PMLE_LIVE_REPLAY_TIC|tic=3094|mle_ms=107.812
PMLE_LIVE_REPLAY_TIC|tic=3095|mle_ms=12.292
PMLE_LIVE_REPLAY_TIC|tic=3096|mle_ms=29.554
PMLE_LIVE_REPLAY_TIC|tic=3097|mle_ms=78.76
PMLE_LIVE_REPLAY_TIC|tic=3098|mle_ms=13.798
PMLE_LIVE_REPLAY_TIC|tic=3099|mle_ms=13.987
PMLE_LIVE_REPLAY_TIC|tic=3100|mle_ms=66.518
PMLE_LIVE_REPLAY_TIC|tic=3101|mle_ms=40.536
PMLE_LIVE_REPLAY_TIC|tic=3102|mle_ms=11.584
PMLE_LIVE_REPLAY_TIC|tic=3103|mle_ms=90.437
PMLE_LIVE_REPLAY_TIC|tic=3104|mle_ms=17.339
PMLE_LIVE_REPLAY_TIC|tic=3105|mle_ms=9.64
PMLE_LIVE_REPLAY_TIC|tic=3106|mle_ms=51.215
PMLE_LIVE_REPLAY_TIC|tic=3107|mle_ms=11.059
PMLE_LIVE_REPLAY_TIC|tic=3108|mle_ms=11.274
PMLE_LIVE_REPLAY_TIC|tic=3109|mle_ms=37.073
PMLE_LIVE_REPLAY_TIC|tic=3110|mle_ms=11.819
PMLE_LIVE_REPLAY_TIC|tic=3111|mle_ms=45.235
PMLE_LIVE_REPLAY_TIC|tic=3112|mle_ms=65.432
PMLE_LIVE_REPLAY_TIC|tic=3113|mle_ms=46.752
PMLE_LIVE_REPLAY_TIC|tic=3114|mle_ms=18.016
PMLE_LIVE_REPLAY_TIC|tic=3115|mle_ms=32.314
PMLE_LIVE_REPLAY_TIC|tic=3116|mle_ms=38.683
PMLE_LIVE_REPLAY_TIC|tic=3117|mle_ms=9.335
PMLE_LIVE_REPLAY_TIC|tic=3118|mle_ms=32.936
PMLE_LIVE_REPLAY_TIC|tic=3119|mle_ms=18.345
PMLE_LIVE_REPLAY_TIC|tic=3120|mle_ms=16.857
PMLE_LIVE_REPLAY_TIC|tic=3121|mle_ms=76.155
PMLE_LIVE_REPLAY_TIC|tic=3122|mle_ms=15.216
PMLE_LIVE_REPLAY_TIC|tic=3123|mle_ms=78.271
PMLE_LIVE_REPLAY_TIC|tic=3124|mle_ms=48.114
PMLE_LIVE_REPLAY_TIC|tic=3125|mle_ms=21.303
PMLE_LIVE_REPLAY_TIC|tic=3126|mle_ms=46.802
PMLE_LIVE_REPLAY_TIC|tic=3127|mle_ms=26.958
PMLE_LIVE_REPLAY_TIC|tic=3128|mle_ms=60.076
PMLE_LIVE_REPLAY_TIC|tic=3129|mle_ms=15.086
PMLE_LIVE_REPLAY_TIC|tic=3130|mle_ms=41.782
PMLE_LIVE_REPLAY_TIC|tic=3131|mle_ms=70.64
PMLE_LIVE_REPLAY_TIC|tic=3132|mle_ms=18.084
PMLE_LIVE_REPLAY_TIC|tic=3133|mle_ms=101.08
PMLE_LIVE_REPLAY_TIC|tic=3134|mle_ms=61.61
PMLE_LIVE_REPLAY_TIC|tic=3135|mle_ms=16.675
PMLE_LIVE_REPLAY_TIC|tic=3136|mle_ms=87.866
PMLE_LIVE_REPLAY_TIC|tic=3137|mle_ms=81.87
PMLE_LIVE_REPLAY_TIC|tic=3138|mle_ms=18.784
PMLE_LIVE_REPLAY_TIC|tic=3139|mle_ms=53.84
PMLE_LIVE_REPLAY_TIC|tic=3140|mle_ms=37.384
PMLE_LIVE_REPLAY_TIC|tic=3141|mle_ms=45.96
PMLE_LIVE_REPLAY_TIC|tic=3142|mle_ms=40.772
PMLE_LIVE_REPLAY_TIC|tic=3143|mle_ms=84.587
PMLE_LIVE_REPLAY_TIC|tic=3144|mle_ms=21.635
PMLE_LIVE_REPLAY_TIC|tic=3145|mle_ms=73.693
PMLE_LIVE_REPLAY_TIC|tic=3146|mle_ms=83.952
PMLE_LIVE_REPLAY_TIC|tic=3147|mle_ms=13.527
PMLE_LIVE_REPLAY_TIC|tic=3148|mle_ms=39.756
PMLE_LIVE_REPLAY_TIC|tic=3149|mle_ms=56.719
PMLE_LIVE_REPLAY_TIC|tic=3150|mle_ms=15.497
PMLE_LIVE_REPLAY_TIC|tic=3151|mle_ms=79.074
PMLE_LIVE_REPLAY_TIC|tic=3152|mle_ms=50.098
PMLE_LIVE_REPLAY_TIC|tic=3153|mle_ms=27.536
PMLE_LIVE_REPLAY_TIC|tic=3154|mle_ms=45.928
PMLE_LIVE_REPLAY_TIC|tic=3155|mle_ms=50.928
PMLE_LIVE_REPLAY_TIC|tic=3156|mle_ms=38.573
PMLE_LIVE_REPLAY_TIC|tic=3157|mle_ms=40.166
PMLE_LIVE_REPLAY_TIC|tic=3158|mle_ms=32.6
PMLE_LIVE_REPLAY_TIC|tic=3159|mle_ms=14.175
PMLE_LIVE_REPLAY_TIC|tic=3160|mle_ms=39.654
PMLE_LIVE_REPLAY_TIC|tic=3161|mle_ms=74.284
PMLE_LIVE_REPLAY_TIC|tic=3162|mle_ms=16.844
PMLE_LIVE_REPLAY_TIC|tic=3163|mle_ms=62.572
PMLE_LIVE_REPLAY_TIC|tic=3164|mle_ms=47.765
PMLE_LIVE_REPLAY_TIC|tic=3165|mle_ms=16.565
PMLE_LIVE_REPLAY_TIC|tic=3166|mle_ms=66.104
PMLE_LIVE_REPLAY_TIC|tic=3167|mle_ms=38.843
PMLE_LIVE_REPLAY_TIC|tic=3168|mle_ms=17.964
PMLE_LIVE_REPLAY_TIC|tic=3169|mle_ms=52.657
PMLE_LIVE_REPLAY_TIC|tic=3170|mle_ms=41.336
PMLE_LIVE_REPLAY_TIC|tic=3171|mle_ms=49.566
PMLE_LIVE_REPLAY_TIC|tic=3172|mle_ms=47.11
PMLE_LIVE_REPLAY_TIC|tic=3173|mle_ms=70.883
PMLE_LIVE_REPLAY_TIC|tic=3174|mle_ms=34.095
PMLE_LIVE_REPLAY_TIC|tic=3175|mle_ms=75.513
PMLE_LIVE_REPLAY_TIC|tic=3176|mle_ms=57.811
PMLE_LIVE_REPLAY_TIC|tic=3177|mle_ms=13.261
PMLE_LIVE_REPLAY_TIC|tic=3178|mle_ms=51.294
PMLE_LIVE_REPLAY_TIC|tic=3179|mle_ms=48.531
PMLE_LIVE_REPLAY_TIC|tic=3180|mle_ms=18.688
PMLE_LIVE_REPLAY_TIC|tic=3181|mle_ms=92.707
PMLE_LIVE_REPLAY_TIC|tic=3182|mle_ms=41.583
PMLE_LIVE_REPLAY_TIC|tic=3183|mle_ms=35.734
PMLE_LIVE_REPLAY_TIC|tic=3184|mle_ms=62.276
PMLE_LIVE_REPLAY_TIC|tic=3185|mle_ms=52.699
PMLE_LIVE_REPLAY_TIC|tic=3186|mle_ms=30.876
PMLE_LIVE_REPLAY_TIC|tic=3187|mle_ms=55.119
PMLE_LIVE_REPLAY_TIC|tic=3188|mle_ms=49.366
PMLE_LIVE_REPLAY_TIC|tic=3189|mle_ms=20.581
PMLE_LIVE_REPLAY_TIC|tic=3190|mle_ms=52.525
PMLE_LIVE_REPLAY_TIC|tic=3191|mle_ms=84.989
PMLE_LIVE_REPLAY_TIC|tic=3192|mle_ms=18.601
PMLE_LIVE_REPLAY_TIC|tic=3193|mle_ms=72.642
PMLE_LIVE_REPLAY_TIC|tic=3194|mle_ms=114.327
PMLE_LIVE_REPLAY_TIC|tic=3195|mle_ms=32.686
PMLE_LIVE_REPLAY_TIC|tic=3196|mle_ms=86.458
PMLE_LIVE_REPLAY_TIC|tic=3197|mle_ms=70.944
PMLE_LIVE_REPLAY_TIC|tic=3198|mle_ms=38.366
PMLE_LIVE_REPLAY_TIC|tic=3199|mle_ms=90.119
PMLE_LIVE_REPLAY_TIC|tic=3200|mle_ms=62.306
PMLE_LIVE_REPLAY_TIC|tic=3201|mle_ms=76.459
PMLE_LIVE_REPLAY_TIC|tic=3202|mle_ms=69.32
PMLE_LIVE_REPLAY_TIC|tic=3203|mle_ms=91.4
PMLE_LIVE_REPLAY_TIC|tic=3204|mle_ms=47.496
PMLE_LIVE_REPLAY_TIC|tic=3205|mle_ms=71.096
PMLE_LIVE_REPLAY_TIC|tic=3206|mle_ms=92.2
PMLE_LIVE_REPLAY_TIC|tic=3207|mle_ms=-79.27
PMLE_LIVE_REPLAY_TIC|tic=3208|mle_ms=73.99
PMLE_LIVE_REPLAY_TIC|tic=3209|mle_ms=70.633
PMLE_LIVE_REPLAY_TIC|tic=3210|mle_ms=42.706
PMLE_LIVE_REPLAY_TIC|tic=3211|mle_ms=132.931
PMLE_LIVE_REPLAY_TIC|tic=3212|mle_ms=77.896
PMLE_LIVE_REPLAY_TIC|tic=3213|mle_ms=33.517
PMLE_LIVE_REPLAY_TIC|tic=3214|mle_ms=67.601
PMLE_LIVE_REPLAY_TIC|tic=3215|mle_ms=49.136
PMLE_LIVE_REPLAY_TIC|tic=3216|mle_ms=34.18
PMLE_LIVE_REPLAY_TIC|tic=3217|mle_ms=72.443
PMLE_LIVE_REPLAY_TIC|tic=3218|mle_ms=54.89
PMLE_LIVE_REPLAY_TIC|tic=3219|mle_ms=49.707
PMLE_LIVE_REPLAY_TIC|tic=3220|mle_ms=82.536
PMLE_LIVE_REPLAY_TIC|tic=3221|mle_ms=115.119
PMLE_LIVE_REPLAY_TIC|tic=3222|mle_ms=35.107
PMLE_LIVE_REPLAY_TIC|tic=3223|mle_ms=92.113
PMLE_LIVE_REPLAY_TIC|tic=3224|mle_ms=102.662
PMLE_LIVE_REPLAY_TIC|tic=3225|mle_ms=34.58
PMLE_LIVE_REPLAY_TIC|tic=3226|mle_ms=176.13
PMLE_LIVE_REPLAY_TIC|tic=3227|mle_ms=77.274
PMLE_LIVE_REPLAY_TIC|tic=3228|mle_ms=38.317
PMLE_LIVE_REPLAY_TIC|tic=3229|mle_ms=86.905
PMLE_LIVE_REPLAY_TIC|tic=3230|mle_ms=108.929
PMLE_LIVE_REPLAY_TIC|tic=3231|mle_ms=91.197
PMLE_LIVE_REPLAY_TIC|tic=3232|mle_ms=102.272
PMLE_LIVE_REPLAY_TIC|tic=3233|mle_ms=100.125
PMLE_LIVE_REPLAY_TIC|tic=3234|mle_ms=48.323
PMLE_LIVE_REPLAY_TIC|tic=3235|mle_ms=81.082
PMLE_LIVE_REPLAY_TIC|tic=3236|mle_ms=95.942
PMLE_LIVE_REPLAY_TIC|tic=3237|mle_ms=42.093
PMLE_LIVE_REPLAY_TIC|tic=3238|mle_ms=75.506
PMLE_LIVE_REPLAY_TIC|tic=3239|mle_ms=91.499
PMLE_LIVE_REPLAY_TIC|tic=3240|mle_ms=36.364
PMLE_LIVE_REPLAY_TIC|tic=3241|mle_ms=138.12
PMLE_LIVE_REPLAY_TIC|tic=3242|mle_ms=76.085
PMLE_LIVE_REPLAY_TIC|tic=3243|mle_ms=70.101
PMLE_LIVE_REPLAY_TIC|tic=3244|mle_ms=100.905
PMLE_LIVE_REPLAY_TIC|tic=3245|mle_ms=96.262
PMLE_LIVE_REPLAY_TIC|tic=3246|mle_ms=53.247
PMLE_LIVE_REPLAY_TIC|tic=3247|mle_ms=74.785
PMLE_LIVE_REPLAY_TIC|tic=3248|mle_ms=80.122
PMLE_LIVE_REPLAY_TIC|tic=3249|mle_ms=37.08
PMLE_LIVE_REPLAY_TIC|tic=3250|mle_ms=92.013
PMLE_LIVE_REPLAY_TIC|tic=3251|mle_ms=128.825
PMLE_LIVE_REPLAY_TIC|tic=3252|mle_ms=43.348
PMLE_LIVE_REPLAY_TIC|tic=3253|mle_ms=90.98
PMLE_LIVE_REPLAY_TIC|tic=3254|mle_ms=83.373
PMLE_LIVE_REPLAY_TIC|tic=3255|mle_ms=36.053
PMLE_LIVE_REPLAY_TIC|tic=3256|mle_ms=74.824
PMLE_LIVE_REPLAY_TIC|tic=3257|mle_ms=45.147
PMLE_LIVE_REPLAY_TIC|tic=3258|mle_ms=43.918
PMLE_LIVE_REPLAY_TIC|tic=3259|mle_ms=84.982
PMLE_LIVE_REPLAY_TIC|tic=3260|mle_ms=50.549
PMLE_LIVE_REPLAY_TIC|tic=3261|mle_ms=77.384
PMLE_LIVE_REPLAY_TIC|tic=3262|mle_ms=76.186
PMLE_LIVE_REPLAY_TIC|tic=3263|mle_ms=51.841
PMLE_LIVE_REPLAY_TIC|tic=3264|mle_ms=44.97
PMLE_LIVE_REPLAY_TIC|tic=3265|mle_ms=73.787
PMLE_LIVE_REPLAY_TIC|tic=3266|mle_ms=46.084
PMLE_LIVE_REPLAY_TIC|tic=3267|mle_ms=36.728
PMLE_LIVE_REPLAY_TIC|tic=3268|mle_ms=93.99
PMLE_LIVE_REPLAY_TIC|tic=3269|mle_ms=37.302
PMLE_LIVE_REPLAY_TIC|tic=3270|mle_ms=31.421
PMLE_LIVE_REPLAY_TIC|tic=3271|mle_ms=112.458
PMLE_LIVE_REPLAY_TIC|tic=3272|mle_ms=82.673
PMLE_LIVE_REPLAY_TIC|tic=3273|mle_ms=35.635
PMLE_LIVE_REPLAY_TIC|tic=3274|mle_ms=69.418
PMLE_LIVE_REPLAY_TIC|tic=3275|mle_ms=38.378
PMLE_LIVE_REPLAY_TIC|tic=3276|mle_ms=35.331
PMLE_LIVE_REPLAY_TIC|tic=3277|mle_ms=65.082
PMLE_LIVE_REPLAY_TIC|tic=3278|mle_ms=18.592
PMLE_LIVE_REPLAY_TIC|tic=3279|mle_ms=13.213
PMLE_LIVE_REPLAY_TIC|tic=3280|mle_ms=51.183
PMLE_LIVE_REPLAY_TIC|tic=3281|mle_ms=58.568
PMLE_LIVE_REPLAY_TIC|tic=3282|mle_ms=12.511
PMLE_LIVE_REPLAY_TIC|tic=3283|mle_ms=67.557
PMLE_LIVE_REPLAY_TIC|tic=3284|mle_ms=22.562
PMLE_LIVE_REPLAY_TIC|tic=3285|mle_ms=11.827
PMLE_LIVE_REPLAY_TIC|tic=3286|mle_ms=52.342
PMLE_LIVE_REPLAY_TIC|tic=3287|mle_ms=18.003
PMLE_LIVE_REPLAY_TIC|tic=3288|mle_ms=14.256
PMLE_LIVE_REPLAY_TIC|tic=3289|mle_ms=72.892
PMLE_LIVE_REPLAY_TIC|tic=3290|mle_ms=20.171
PMLE_LIVE_REPLAY_TIC|tic=3291|mle_ms=52.992
PMLE_LIVE_REPLAY_TIC|tic=3292|mle_ms=44.52
PMLE_LIVE_REPLAY_TIC|tic=3293|mle_ms=23.543
PMLE_LIVE_REPLAY_TIC|tic=3294|mle_ms=10.722
PMLE_LIVE_REPLAY_TIC|tic=3295|mle_ms=46.102
PMLE_LIVE_REPLAY_TIC|tic=3296|mle_ms=17.773
PMLE_LIVE_REPLAY_TIC|tic=3297|mle_ms=9.68
PMLE_LIVE_REPLAY_TIC|tic=3298|mle_ms=51.883
PMLE_LIVE_REPLAY_TIC|tic=3299|mle_ms=12.238
PMLE_LIVE_REPLAY_TIC|tic=3300|mle_ms=9.034
PMLE_LIVE_REPLAY_TIC|tic=3301|mle_ms=86.893
PMLE_LIVE_REPLAY_TIC|tic=3302|mle_ms=14.241
PMLE_LIVE_REPLAY_TIC|tic=3303|mle_ms=18.333
PMLE_LIVE_REPLAY_TIC|tic=3304|mle_ms=68.711
PMLE_LIVE_REPLAY_TIC|tic=3305|mle_ms=12.509
PMLE_LIVE_REPLAY_TIC|tic=3306|mle_ms=10.74
PMLE_LIVE_REPLAY_TIC|tic=3307|mle_ms=46.999
PMLE_LIVE_REPLAY_TIC|tic=3308|mle_ms=13.057
PMLE_LIVE_REPLAY_TIC|tic=3309|mle_ms=8.992
PMLE_LIVE_REPLAY_TIC|tic=3310|mle_ms=48.501
PMLE_LIVE_REPLAY_TIC|tic=3311|mle_ms=90.884
PMLE_LIVE_REPLAY_TIC|tic=3312|mle_ms=12.055
PMLE_LIVE_REPLAY_TIC|tic=3313|mle_ms=78.877
PMLE_LIVE_REPLAY_TIC|tic=3314|mle_ms=47.416
PMLE_LIVE_REPLAY_TIC|tic=3315|mle_ms=8.773
PMLE_LIVE_REPLAY_TIC|tic=3316|mle_ms=74.43
PMLE_LIVE_REPLAY_TIC|tic=3317|mle_ms=45.453
PMLE_LIVE_REPLAY_TIC|tic=3318|mle_ms=9.264
PMLE_LIVE_REPLAY_TIC|tic=3319|mle_ms=44.063
PMLE_LIVE_REPLAY_TIC|tic=3320|mle_ms=40.643
PMLE_LIVE_REPLAY_TIC|tic=3321|mle_ms=55.202
PMLE_LIVE_REPLAY_TIC|tic=3322|mle_ms=58.515
PMLE_LIVE_REPLAY_TIC|tic=3323|mle_ms=58.331
PMLE_LIVE_REPLAY_TIC|tic=3324|mle_ms=13.461
PMLE_LIVE_REPLAY_TIC|tic=3325|mle_ms=58.911
PMLE_LIVE_REPLAY_TIC|tic=3326|mle_ms=73.568
PMLE_LIVE_REPLAY_TIC|tic=3327|mle_ms=10.812
PMLE_LIVE_REPLAY_TIC|tic=3328|mle_ms=16.347
PMLE_LIVE_REPLAY_TIC|tic=3329|mle_ms=49.941
PMLE_LIVE_REPLAY_TIC|tic=3330|mle_ms=11.399
PMLE_LIVE_REPLAY_TIC|tic=3331|mle_ms=60.576
PMLE_LIVE_REPLAY_TIC|tic=3332|mle_ms=51.147
PMLE_LIVE_REPLAY_TIC|tic=3333|mle_ms=25.707
PMLE_LIVE_REPLAY_TIC|tic=3334|mle_ms=26.742
PMLE_LIVE_REPLAY_TIC|tic=3335|mle_ms=70.619
PMLE_LIVE_REPLAY_TIC|tic=3336|mle_ms=15.883
PMLE_LIVE_REPLAY_TIC|tic=3337|mle_ms=16.383
PMLE_LIVE_REPLAY_TIC|tic=3338|mle_ms=56.086
PMLE_LIVE_REPLAY_TIC|tic=3339|mle_ms=10.352
PMLE_LIVE_REPLAY_TIC|tic=3340|mle_ms=15.669
PMLE_LIVE_REPLAY_TIC|tic=3341|mle_ms=100.601
PMLE_LIVE_REPLAY_TIC|tic=3342|mle_ms=15.885
PMLE_LIVE_REPLAY_TIC|tic=3343|mle_ms=31.329
PMLE_LIVE_REPLAY_TIC|tic=3344|mle_ms=48.91
PMLE_LIVE_REPLAY_TIC|tic=3345|mle_ms=9.842
PMLE_LIVE_REPLAY_TIC|tic=3346|mle_ms=56.371
PMLE_LIVE_REPLAY_TIC|tic=3347|mle_ms=64.437
PMLE_LIVE_REPLAY_TIC|tic=3348|mle_ms=10.24
PMLE_LIVE_REPLAY_TIC|tic=3349|mle_ms=56.416
PMLE_LIVE_REPLAY_TIC|tic=3350|mle_ms=62.579
PMLE_LIVE_REPLAY_TIC|tic=3351|mle_ms=46.011
PMLE_LIVE_REPLAY_TIC|tic=3352|mle_ms=51.212
PMLE_LIVE_REPLAY_TIC|tic=3353|mle_ms=87.171
PMLE_LIVE_REPLAY_TIC|tic=3354|mle_ms=14.307
PMLE_LIVE_REPLAY_TIC|tic=3355|mle_ms=57.237
PMLE_LIVE_REPLAY_TIC|tic=3356|mle_ms=44.41
PMLE_LIVE_REPLAY_TIC|tic=3357|mle_ms=9.362
PMLE_LIVE_REPLAY_TIC|tic=3358|mle_ms=69.098
PMLE_LIVE_REPLAY_TIC|tic=3359|mle_ms=51.711
PMLE_LIVE_REPLAY_TIC|tic=3360|mle_ms=10.863
PMLE_LIVE_REPLAY_TIC|tic=3361|mle_ms=87.041
PMLE_LIVE_REPLAY_TIC|tic=3362|mle_ms=39.875
PMLE_LIVE_REPLAY_TIC|tic=3363|mle_ms=18.147
PMLE_LIVE_REPLAY_TIC|tic=3364|mle_ms=74.47
PMLE_LIVE_REPLAY_TIC|tic=3365|mle_ms=46.989
PMLE_LIVE_REPLAY_TIC|tic=3366|mle_ms=12.986
PMLE_LIVE_REPLAY_TIC|tic=3367|mle_ms=57.595
PMLE_LIVE_REPLAY_TIC|tic=3368|mle_ms=38.971
PMLE_LIVE_REPLAY_TIC|tic=3369|mle_ms=8.527
PMLE_LIVE_REPLAY_TIC|tic=3370|mle_ms=46.713
PMLE_LIVE_REPLAY_TIC|tic=3371|mle_ms=77.124
PMLE_LIVE_REPLAY_TIC|tic=3372|mle_ms=10.3
PMLE_LIVE_REPLAY_TIC|tic=3373|mle_ms=71.848
PMLE_LIVE_REPLAY_TIC|tic=3374|mle_ms=57.203
PMLE_LIVE_REPLAY_TIC|tic=3375|mle_ms=7.877
PMLE_LIVE_REPLAY_TIC|tic=3376|mle_ms=55.202
PMLE_LIVE_REPLAY_TIC|tic=3377|mle_ms=45.446
PMLE_LIVE_REPLAY_TIC|tic=3378|mle_ms=10.527
PMLE_LIVE_REPLAY_TIC|tic=3379|mle_ms=54.888
PMLE_LIVE_REPLAY_TIC|tic=3380|mle_ms=44.031
PMLE_LIVE_REPLAY_TIC|tic=3381|mle_ms=44.673
PMLE_LIVE_REPLAY_TIC|tic=3382|mle_ms=15.977
PMLE_LIVE_REPLAY_TIC|tic=3383|mle_ms=56.099
PMLE_LIVE_REPLAY_TIC|tic=3384|mle_ms=12.345
PMLE_LIVE_REPLAY_TIC|tic=3385|mle_ms=19.399
PMLE_LIVE_REPLAY_TIC|tic=3386|mle_ms=47.654
PMLE_LIVE_REPLAY_TIC|tic=3387|mle_ms=15.758
PMLE_LIVE_REPLAY_TIC|tic=3388|mle_ms=23.512
PMLE_LIVE_REPLAY_TIC|tic=3389|mle_ms=46.573
PMLE_LIVE_REPLAY_TIC|tic=3390|mle_ms=13.874
PMLE_LIVE_REPLAY_TIC|tic=3391|mle_ms=61.238
PMLE_LIVE_REPLAY_TIC|tic=3392|mle_ms=27.028
PMLE_LIVE_REPLAY_TIC|tic=3393|mle_ms=28.096
PMLE_LIVE_REPLAY_TIC|tic=3394|mle_ms=25.061
PMLE_LIVE_REPLAY_TIC|tic=3395|mle_ms=28.654
PMLE_LIVE_REPLAY_TIC|tic=3396|mle_ms=20.335
PMLE_LIVE_REPLAY_TIC|tic=3397|mle_ms=21.495
PMLE_LIVE_REPLAY_TIC|tic=3398|mle_ms=52.834
PMLE_LIVE_REPLAY_TIC|tic=3399|mle_ms=15.368
PMLE_LIVE_REPLAY_TIC|tic=3400|mle_ms=22.144
PMLE_LIVE_REPLAY_TIC|tic=3401|mle_ms=86.319
PMLE_LIVE_REPLAY_TIC|tic=3402|mle_ms=18.205
PMLE_LIVE_REPLAY_TIC|tic=3403|mle_ms=33.476
PMLE_LIVE_REPLAY_TIC|tic=3404|mle_ms=52.024
PMLE_LIVE_REPLAY_TIC|tic=3405|mle_ms=19.411
PMLE_LIVE_REPLAY_TIC|tic=3406|mle_ms=72.53
PMLE_LIVE_REPLAY_TIC|tic=3407|mle_ms=54.515
PMLE_LIVE_REPLAY_TIC|tic=3408|mle_ms=14.601
PMLE_LIVE_REPLAY_TIC|tic=3409|mle_ms=62.667
PMLE_LIVE_REPLAY_TIC|tic=3410|mle_ms=41.721
PMLE_LIVE_REPLAY_TIC|tic=3411|mle_ms=47.912
PMLE_LIVE_REPLAY_TIC|tic=3412|mle_ms=51.457
PMLE_LIVE_REPLAY_TIC|tic=3413|mle_ms=63.013
PMLE_LIVE_REPLAY_TIC|tic=3414|mle_ms=23.829
PMLE_LIVE_REPLAY_TIC|tic=3415|mle_ms=59.235
PMLE_LIVE_REPLAY_TIC|tic=3416|mle_ms=78.418
PMLE_LIVE_REPLAY_TIC|tic=3417|mle_ms=13.255
PMLE_LIVE_REPLAY_TIC|tic=3418|mle_ms=86.203
PMLE_LIVE_REPLAY_TIC|tic=3419|mle_ms=90.863
PMLE_LIVE_REPLAY_TIC|tic=3420|mle_ms=28.746
PMLE_LIVE_REPLAY_TIC|tic=3421|mle_ms=103.49
PMLE_LIVE_REPLAY_TIC|tic=3422|mle_ms=58.931
PMLE_LIVE_REPLAY_TIC|tic=3423|mle_ms=32.243
PMLE_LIVE_REPLAY_TIC|tic=3424|mle_ms=80.685
PMLE_LIVE_REPLAY_TIC|tic=3425|mle_ms=55.592
PMLE_LIVE_REPLAY_TIC|tic=3426|mle_ms=30.481
PMLE_LIVE_REPLAY_TIC|tic=3427|mle_ms=54.39
PMLE_LIVE_REPLAY_TIC|tic=3428|mle_ms=71.267
PMLE_LIVE_REPLAY_TIC|tic=3429|mle_ms=34.97
PMLE_LIVE_REPLAY_TIC|tic=3430|mle_ms=72.723
PMLE_LIVE_REPLAY_TIC|tic=3431|mle_ms=79.516
PMLE_LIVE_REPLAY_TIC|tic=3432|mle_ms=31.971
PMLE_LIVE_REPLAY_TIC|tic=3433|mle_ms=100.663
PMLE_LIVE_REPLAY_TIC|tic=3434|mle_ms=75.327
PMLE_LIVE_REPLAY_TIC|tic=3435|mle_ms=30.323
PMLE_LIVE_REPLAY_TIC|tic=3436|mle_ms=90.048
PMLE_LIVE_REPLAY_TIC|tic=3437|mle_ms=73.291
PMLE_LIVE_REPLAY_TIC|tic=3438|mle_ms=31.406
PMLE_LIVE_REPLAY_TIC|tic=3439|mle_ms=74.97
PMLE_LIVE_REPLAY_TIC|tic=3440|mle_ms=75.329
PMLE_LIVE_REPLAY_TIC|tic=3441|mle_ms=45.504
PMLE_LIVE_REPLAY_TIC|tic=3442|mle_ms=69.364
PMLE_LIVE_REPLAY_TIC|tic=3443|mle_ms=87.323
PMLE_LIVE_REPLAY_TIC|tic=3444|mle_ms=41.634
PMLE_LIVE_REPLAY_TIC|tic=3445|mle_ms=73.442
PMLE_LIVE_REPLAY_TIC|tic=3446|mle_ms=83.766
PMLE_LIVE_REPLAY_TIC|tic=3447|mle_ms=27.309
PMLE_LIVE_REPLAY_TIC|tic=3448|mle_ms=79.376
PMLE_LIVE_REPLAY_TIC|tic=3449|mle_ms=92.123
PMLE_LIVE_REPLAY_TIC|tic=3450|mle_ms=36.87
PMLE_LIVE_REPLAY_TIC|tic=3451|mle_ms=101.023
PMLE_LIVE_REPLAY_TIC|tic=3452|mle_ms=87.802
PMLE_LIVE_REPLAY_TIC|tic=3453|mle_ms=64.79
PMLE_LIVE_REPLAY_TIC|tic=3454|mle_ms=94.825
PMLE_LIVE_REPLAY_TIC|tic=3455|mle_ms=84.418
PMLE_LIVE_REPLAY_TIC|tic=3456|mle_ms=48.772
PMLE_LIVE_REPLAY_TIC|tic=3457|mle_ms=69.664
PMLE_LIVE_REPLAY_TIC|tic=3458|mle_ms=68.683
PMLE_LIVE_REPLAY_TIC|tic=3459|mle_ms=29.673
PMLE_LIVE_REPLAY_TIC|tic=3460|mle_ms=287.247
PMLE_LIVE_REPLAY_TIC|tic=3461|mle_ms=99.792
PMLE_LIVE_REPLAY_TIC|tic=3462|mle_ms=29.064
PMLE_LIVE_REPLAY_TIC|tic=3463|mle_ms=280.439
PMLE_LIVE_REPLAY_TIC|tic=3464|mle_ms=114.447
PMLE_LIVE_REPLAY_TIC|tic=3465|mle_ms=32.952
PMLE_LIVE_REPLAY_TIC|tic=3466|mle_ms=272.515
PMLE_LIVE_REPLAY_TIC|tic=3467|mle_ms=78.761
PMLE_LIVE_REPLAY_TIC|tic=3468|mle_ms=41.162
PMLE_LIVE_REPLAY_TIC|tic=3469|mle_ms=279.313
PMLE_LIVE_REPLAY_TIC|tic=3470|mle_ms=97.3
PMLE_LIVE_REPLAY_TIC|tic=3471|mle_ms=49.471
PMLE_LIVE_REPLAY_TIC|tic=3472|mle_ms=286.483
PMLE_LIVE_REPLAY_TIC|tic=3473|mle_ms=104.007
PMLE_LIVE_REPLAY_TIC|tic=3474|mle_ms=54.248
PMLE_LIVE_REPLAY_TIC|tic=3475|mle_ms=276.322
PMLE_LIVE_REPLAY_TIC|tic=3476|mle_ms=128.753
PMLE_LIVE_REPLAY_TIC|tic=3477|mle_ms=49.489
PMLE_LIVE_REPLAY_TIC|tic=3478|mle_ms=90.031
PMLE_LIVE_REPLAY_TIC|tic=3479|mle_ms=99.096
PMLE_LIVE_REPLAY_TIC|tic=3480|mle_ms=49.84
PMLE_LIVE_REPLAY_TIC|tic=3481|mle_ms=102.242
PMLE_LIVE_REPLAY_TIC|tic=3482|mle_ms=98.15
PMLE_LIVE_REPLAY_TIC|tic=3483|mle_ms=67.792
PMLE_LIVE_REPLAY_TIC|tic=3484|mle_ms=114.283
PMLE_LIVE_REPLAY_TIC|tic=3485|mle_ms=109.567
PMLE_LIVE_REPLAY_TIC|tic=3486|mle_ms=65.294
PMLE_LIVE_REPLAY_TIC|tic=3487|mle_ms=76.254
PMLE_LIVE_REPLAY_TIC|tic=3488|mle_ms=78.21
PMLE_LIVE_REPLAY_TIC|tic=3489|mle_ms=43.503
PMLE_LIVE_REPLAY_TIC|tic=3490|mle_ms=103.337
PMLE_LIVE_REPLAY_TIC|tic=3491|mle_ms=84.563
PMLE_LIVE_REPLAY_TIC|tic=3492|mle_ms=40.213
PMLE_LIVE_REPLAY_TIC|tic=3493|mle_ms=92.896
PMLE_LIVE_REPLAY_TIC|tic=3494|mle_ms=86.722
PMLE_LIVE_REPLAY_TIC|tic=3495|mle_ms=39.322
PMLE_LIVE_REPLAY_TIC|tic=3496|mle_ms=97.909
PMLE_LIVE_REPLAY_TIC|tic=3497|mle_ms=64.858
PMLE_LIVE_REPLAY_TIC|tic=3498|mle_ms=39.019
PMLE_LIVE_REPLAY_TIC|tic=3499|mle_ms=85.678
PMLE_LIVE_REPLAY_TIC|tic=3500|mle_ms=77.197
PMLE_LIVE_REPLAY_TIC|tic=3501|mle_ms=63.884
PMLE_LIVE_REPLAY_TIC|tic=3502|mle_ms=99.871
PMLE_LIVE_REPLAY_TIC|tic=3503|mle_ms=119.866
PMLE_LIVE_REPLAY_TIC|tic=3504|mle_ms=65.821
PMLE_LIVE_REPLAY_TIC|tic=3505|mle_ms=126.352
PMLE_LIVE_REPLAY_TIC|tic=3506|mle_ms=117.091
PMLE_LIVE_REPLAY_TIC|tic=3507|mle_ms=54.438
PMLE_LIVE_REPLAY_TIC|tic=3508|mle_ms=81.911
PMLE_LIVE_REPLAY_TIC|tic=3509|mle_ms=83.424
PMLE_LIVE_REPLAY_TIC|tic=3510|mle_ms=52.587
PMLE_LIVE_REPLAY_TIC|tic=3511|mle_ms=103.728
PMLE_LIVE_REPLAY_TIC|tic=3512|mle_ms=91.441
PMLE_LIVE_REPLAY_TIC|tic=3513|mle_ms=57.981
PMLE_LIVE_REPLAY_TIC|tic=3514|mle_ms=83.306
PMLE_LIVE_REPLAY_TIC|tic=3515|mle_ms=67.471
PMLE_LIVE_REPLAY_TIC|tic=3516|mle_ms=67.024
PMLE_LIVE_REPLAY_TIC|tic=3517|mle_ms=82.859
PMLE_LIVE_REPLAY_TIC|tic=3518|mle_ms=99.015
PMLE_LIVE_REPLAY_TIC|tic=3519|mle_ms=36
PMLE_LIVE_REPLAY_TIC|tic=3520|mle_ms=69.887
PMLE_LIVE_REPLAY_TIC|tic=3521|mle_ms=82.585
PMLE_LIVE_REPLAY_TIC|tic=3522|mle_ms=32.102
PMLE_LIVE_REPLAY_TIC|tic=3523|mle_ms=81.372
PMLE_LIVE_REPLAY_TIC|tic=3524|mle_ms=91.551
PMLE_LIVE_REPLAY_TIC|tic=3525|mle_ms=19.448
PMLE_LIVE_REPLAY_TIC|tic=3526|mle_ms=81.549
PMLE_LIVE_REPLAY_TIC|tic=3527|mle_ms=43.35
PMLE_LIVE_REPLAY_TIC|tic=3528|mle_ms=11.263
PMLE_LIVE_REPLAY_TIC|tic=3529|mle_ms=73.106
PMLE_LIVE_REPLAY_TIC|tic=3530|mle_ms=40.885
PMLE_LIVE_REPLAY_TIC|tic=3531|mle_ms=24.569
PMLE_LIVE_REPLAY_TIC|tic=3532|mle_ms=61.245
PMLE_LIVE_REPLAY_TIC|tic=3533|mle_ms=84.626
PMLE_LIVE_REPLAY_TIC|tic=3534|mle_ms=26.562
PMLE_LIVE_REPLAY_TIC|tic=3535|mle_ms=71.461
PMLE_LIVE_REPLAY_TIC|tic=3536|mle_ms=-39.368
PMLE_LIVE_REPLAY_TIC|tic=3537|mle_ms=10.16
PMLE_LIVE_REPLAY_TIC|tic=3538|mle_ms=46.363
PMLE_LIVE_REPLAY_TIC|tic=3539|mle_ms=49.073
PMLE_LIVE_REPLAY_TIC|tic=3540|mle_ms=10.531
PMLE_LIVE_REPLAY_TIC|tic=3541|mle_ms=74.259
PMLE_LIVE_REPLAY_TIC|tic=3542|mle_ms=45.475
PMLE_LIVE_REPLAY_TIC|tic=3543|mle_ms=26.762
PMLE_LIVE_REPLAY_TIC|tic=3544|mle_ms=69.892
PMLE_LIVE_REPLAY_TIC|tic=3545|mle_ms=51.306
PMLE_LIVE_REPLAY_TIC|tic=3546|mle_ms=34.336
PMLE_LIVE_REPLAY_TIC|tic=3547|mle_ms=60.954
PMLE_LIVE_REPLAY_TIC|tic=3548|mle_ms=49.207
PMLE_LIVE_REPLAY_TIC|tic=3549|mle_ms=13.959
PMLE_LIVE_REPLAY_TIC|tic=3550|mle_ms=52.63
PMLE_LIVE_REPLAY_TIC|tic=3551|mle_ms=67.967
PMLE_LIVE_REPLAY_TIC|tic=3552|mle_ms=15.039
PMLE_LIVE_REPLAY_TIC|tic=3553|mle_ms=70.983
PMLE_LIVE_REPLAY_TIC|tic=3554|mle_ms=82.033
PMLE_LIVE_REPLAY_TIC|tic=3555|mle_ms=13.639
PMLE_LIVE_REPLAY_TIC|tic=3556|mle_ms=76.602
PMLE_LIVE_REPLAY_TIC|tic=3557|mle_ms=58.142
PMLE_LIVE_REPLAY_TIC|tic=3558|mle_ms=15.312
PMLE_LIVE_REPLAY_TIC|tic=3559|mle_ms=43.14
PMLE_LIVE_REPLAY_TIC|tic=3560|mle_ms=54.353
PMLE_LIVE_REPLAY_TIC|tic=3561|mle_ms=24.593
PMLE_LIVE_REPLAY_TIC|tic=3562|mle_ms=39.584
PMLE_LIVE_REPLAY_TIC|tic=3563|mle_ms=65.917
PMLE_LIVE_REPLAY_TIC|tic=3564|mle_ms=20.346
PMLE_LIVE_REPLAY_TIC|tic=3565|mle_ms=36.493
PMLE_LIVE_REPLAY_TIC|tic=3566|mle_ms=105.226
PMLE_LIVE_REPLAY_TIC|tic=3567|mle_ms=12.028
PMLE_LIVE_REPLAY_TIC|tic=3568|mle_ms=34.701
PMLE_LIVE_REPLAY_TIC|tic=3569|mle_ms=45.307
PMLE_LIVE_REPLAY_TIC|tic=3570|mle_ms=10.952
PMLE_LIVE_REPLAY_TIC|tic=3571|mle_ms=43.359
PMLE_LIVE_REPLAY_TIC|tic=3572|mle_ms=46.73
PMLE_LIVE_REPLAY_TIC|tic=3573|mle_ms=27.777
PMLE_LIVE_REPLAY_TIC|tic=3574|mle_ms=66.907
PMLE_LIVE_REPLAY_TIC|tic=3575|mle_ms=57.476
PMLE_LIVE_REPLAY_TIC|tic=3576|mle_ms=40.484
PMLE_LIVE_REPLAY_TIC|tic=3577|mle_ms=69.493
PMLE_LIVE_REPLAY_TIC|tic=3578|mle_ms=53.214
PMLE_LIVE_REPLAY_TIC|tic=3579|mle_ms=11.48
PMLE_LIVE_REPLAY_TIC|tic=3580|mle_ms=29.285
PMLE_LIVE_REPLAY_TIC|tic=3581|mle_ms=54.303
PMLE_LIVE_REPLAY_TIC|tic=3582|mle_ms=9.814
PMLE_LIVE_REPLAY_TIC|tic=3583|mle_ms=48.351
PMLE_LIVE_REPLAY_TIC|tic=3584|mle_ms=57.453
PMLE_LIVE_REPLAY_TIC|tic=3585|mle_ms=8.534
PMLE_LIVE_REPLAY_TIC|tic=3586|mle_ms=58.122
PMLE_LIVE_REPLAY_TIC|tic=3587|mle_ms=40.102
PMLE_LIVE_REPLAY_TIC|tic=3588|mle_ms=8.759
PMLE_LIVE_REPLAY_TIC|tic=3589|mle_ms=35.221
PMLE_LIVE_REPLAY_TIC|tic=3590|mle_ms=52.026
PMLE_LIVE_REPLAY_TIC|tic=3591|mle_ms=24.885
PMLE_LIVE_REPLAY_TIC|tic=3592|mle_ms=49.567
PMLE_LIVE_REPLAY_TIC|tic=3593|mle_ms=78.826
PMLE_LIVE_REPLAY_TIC|tic=3594|mle_ms=17.797
PMLE_LIVE_REPLAY_TIC|tic=3595|mle_ms=33.895
PMLE_LIVE_REPLAY_TIC|tic=3596|mle_ms=66.594
PMLE_LIVE_REPLAY_TIC|tic=3597|mle_ms=9.182
PMLE_LIVE_REPLAY_TIC|tic=3598|mle_ms=55.911
PMLE_LIVE_REPLAY_TIC|tic=3599|mle_ms=46.063
PMLE_LIVE_REPLAY_TIC|tic=3600|mle_ms=8.888
PMLE_LIVE_REPLAY_TIC|tic=3601|mle_ms=45.049
PMLE_LIVE_REPLAY_TIC|tic=3602|mle_ms=51.016
PMLE_LIVE_REPLAY_TIC|tic=3603|mle_ms=25.5
PMLE_LIVE_REPLAY_TIC|tic=3604|mle_ms=72.749
PMLE_LIVE_REPLAY_TIC|tic=3605|mle_ms=39.938
PMLE_LIVE_REPLAY_TIC|tic=3606|mle_ms=34.662
PMLE_LIVE_REPLAY_TIC|tic=3607|mle_ms=35.117
PMLE_LIVE_REPLAY_TIC|tic=3608|mle_ms=40.938
PMLE_LIVE_REPLAY_TIC|tic=3609|mle_ms=10.609
PMLE_LIVE_REPLAY_TIC|tic=3610|mle_ms=34.205
PMLE_LIVE_REPLAY_TIC|tic=3611|mle_ms=69.284
PMLE_LIVE_REPLAY_TIC|tic=3612|mle_ms=12.866
PMLE_LIVE_REPLAY_TIC|tic=3613|mle_ms=59.12
PMLE_LIVE_REPLAY_TIC|tic=3614|mle_ms=65.826
PMLE_LIVE_REPLAY_TIC|tic=3615|mle_ms=11.465
PMLE_LIVE_REPLAY_TIC|tic=3616|mle_ms=71.808
PMLE_LIVE_REPLAY_TIC|tic=3617|mle_ms=49.637
PMLE_LIVE_REPLAY_TIC|tic=3618|mle_ms=11.729
PMLE_LIVE_REPLAY_TIC|tic=3619|mle_ms=45.205
PMLE_LIVE_REPLAY_TIC|tic=3620|mle_ms=76.184
PMLE_LIVE_REPLAY_TIC|tic=3621|mle_ms=23.25
PMLE_LIVE_REPLAY_TIC|tic=3622|mle_ms=40.637
PMLE_LIVE_REPLAY_TIC|tic=3623|mle_ms=62.692
PMLE_LIVE_REPLAY_TIC|tic=3624|mle_ms=20.104
PMLE_LIVE_REPLAY_TIC|tic=3625|mle_ms=35.11
PMLE_LIVE_REPLAY_TIC|tic=3626|mle_ms=81.263
PMLE_LIVE_REPLAY_TIC|tic=3627|mle_ms=9.717
PMLE_LIVE_REPLAY_TIC|tic=3628|mle_ms=58.502
PMLE_LIVE_REPLAY_TIC|tic=3629|mle_ms=53.475
PMLE_LIVE_REPLAY_TIC|tic=3630|mle_ms=9.854
PMLE_LIVE_REPLAY_TIC|tic=3631|mle_ms=48.944
PMLE_LIVE_REPLAY_TIC|tic=3632|mle_ms=45.297
PMLE_LIVE_REPLAY_TIC|tic=3633|mle_ms=25.939
PMLE_LIVE_REPLAY_TIC|tic=3634|mle_ms=41.221
PMLE_LIVE_REPLAY_TIC|tic=3635|mle_ms=43.974
PMLE_LIVE_REPLAY_TIC|tic=3636|mle_ms=37.738
PMLE_LIVE_REPLAY_TIC|tic=3637|mle_ms=29.647
PMLE_LIVE_REPLAY_TIC|tic=3638|mle_ms=44.908
PMLE_LIVE_REPLAY_TIC|tic=3639|mle_ms=10.636
PMLE_LIVE_REPLAY_TIC|tic=3640|mle_ms=34.208
PMLE_LIVE_REPLAY_TIC|tic=3641|mle_ms=64.593
PMLE_LIVE_REPLAY_TIC|tic=3642|mle_ms=10.86
PMLE_LIVE_REPLAY_TIC|tic=3643|mle_ms=49.846
PMLE_LIVE_REPLAY_TIC|tic=3644|mle_ms=56.718
PMLE_LIVE_REPLAY_TIC|tic=3645|mle_ms=8.413
PMLE_LIVE_REPLAY_TIC|tic=3646|mle_ms=57.224
PMLE_LIVE_REPLAY_TIC|tic=3647|mle_ms=49.483
PMLE_LIVE_REPLAY_TIC|tic=3648|mle_ms=10.526
PMLE_LIVE_REPLAY_TIC|tic=3649|mle_ms=42.285
PMLE_LIVE_REPLAY_TIC|tic=3650|mle_ms=42.532
PMLE_LIVE_REPLAY_TIC|tic=3651|mle_ms=20.118
PMLE_LIVE_REPLAY_TIC|tic=3652|mle_ms=51.026
PMLE_LIVE_REPLAY_TIC|tic=3653|mle_ms=76.765
PMLE_LIVE_REPLAY_TIC|tic=3654|mle_ms=22.23
PMLE_LIVE_REPLAY_TIC|tic=3655|mle_ms=54.559
PMLE_LIVE_REPLAY_TIC|tic=3656|mle_ms=79.339
PMLE_LIVE_REPLAY_TIC|tic=3657|mle_ms=8.136
PMLE_LIVE_REPLAY_TIC|tic=3658|mle_ms=56.08
PMLE_LIVE_REPLAY_TIC|tic=3659|mle_ms=60.438
PMLE_LIVE_REPLAY_TIC|tic=3660|mle_ms=8.644
PMLE_LIVE_REPLAY_TIC|tic=3661|mle_ms=59.4
PMLE_LIVE_REPLAY_TIC|tic=3662|mle_ms=44.392
PMLE_LIVE_REPLAY_TIC|tic=3663|mle_ms=26.4
PMLE_LIVE_REPLAY_TIC|tic=3664|mle_ms=64.214
PMLE_LIVE_REPLAY_TIC|tic=3665|mle_ms=65.835
PMLE_LIVE_REPLAY_TIC|tic=3666|mle_ms=31.617
PMLE_LIVE_REPLAY_TIC|tic=3667|mle_ms=39.09
PMLE_LIVE_REPLAY_TIC|tic=3668|mle_ms=58.568
PMLE_LIVE_REPLAY_TIC|tic=3669|mle_ms=9.97
PMLE_LIVE_REPLAY_TIC|tic=3670|mle_ms=35.798
PMLE_LIVE_REPLAY_TIC|tic=3671|mle_ms=53.051
PMLE_LIVE_REPLAY_TIC|tic=3672|mle_ms=9.836
PMLE_LIVE_REPLAY_TIC|tic=3673|mle_ms=49.037
PMLE_LIVE_REPLAY_TIC|tic=3674|mle_ms=51.448
PMLE_LIVE_REPLAY_TIC|tic=3675|mle_ms=8.227
PMLE_LIVE_REPLAY_TIC|tic=3676|mle_ms=54.115
PMLE_LIVE_REPLAY_TIC|tic=3677|mle_ms=51.118
PMLE_LIVE_REPLAY_TIC|tic=3678|mle_ms=10.901
PMLE_LIVE_REPLAY_TIC|tic=3679|mle_ms=36.811
PMLE_LIVE_REPLAY_TIC|tic=3680|mle_ms=44.593
PMLE_LIVE_REPLAY_TIC|tic=3681|mle_ms=21.398
PMLE_LIVE_REPLAY_TIC|tic=3682|mle_ms=50.009
PMLE_LIVE_REPLAY_TIC|tic=3683|mle_ms=59.996
PMLE_LIVE_REPLAY_TIC|tic=3684|mle_ms=20.664
PMLE_LIVE_REPLAY_TIC|tic=3685|mle_ms=32.727
PMLE_LIVE_REPLAY_TIC|tic=3686|mle_ms=71.89
PMLE_LIVE_REPLAY_TIC|tic=3687|mle_ms=8.746
PMLE_LIVE_REPLAY_TIC|tic=3688|mle_ms=30.82
PMLE_LIVE_REPLAY_TIC|tic=3689|mle_ms=53.366
PMLE_LIVE_REPLAY_TIC|tic=3690|mle_ms=9.984
PMLE_LIVE_REPLAY_TIC|tic=3691|mle_ms=54.371
PMLE_LIVE_REPLAY_TIC|tic=3692|mle_ms=54.101
PMLE_LIVE_REPLAY_TIC|tic=3693|mle_ms=24.323
PMLE_LIVE_REPLAY_TIC|tic=3694|mle_ms=43.09
PMLE_LIVE_REPLAY_TIC|tic=3695|mle_ms=46.866
PMLE_LIVE_REPLAY_TIC|tic=3696|mle_ms=31.822
PMLE_LIVE_REPLAY_TIC|tic=3697|mle_ms=36.834
PMLE_LIVE_REPLAY_TIC|tic=3698|mle_ms=47.786
PMLE_LIVE_REPLAY_TIC|tic=3699|mle_ms=9.54
PMLE_LIVE_REPLAY_TIC|tic=3700|mle_ms=33.406
PMLE_LIVE_REPLAY_TIC|tic=3701|mle_ms=55.728
PMLE_LIVE_REPLAY_TIC|tic=3702|mle_ms=9.905
PMLE_LIVE_REPLAY_TIC|tic=3703|mle_ms=62.467
PMLE_LIVE_REPLAY_TIC|tic=3704|mle_ms=81.445
PMLE_LIVE_REPLAY_TIC|tic=3705|mle_ms=9.965
PMLE_LIVE_REPLAY_TIC|tic=3706|mle_ms=75.78
PMLE_LIVE_REPLAY_TIC|tic=3707|mle_ms=47.681
PMLE_LIVE_REPLAY_TIC|tic=3708|mle_ms=10.997
PMLE_LIVE_REPLAY_TIC|tic=3709|mle_ms=56.276
PMLE_LIVE_REPLAY_TIC|tic=3710|mle_ms=44.669
PMLE_LIVE_REPLAY_TIC|tic=3711|mle_ms=22.664
PMLE_LIVE_REPLAY_TIC|tic=3712|mle_ms=55.532
PMLE_LIVE_REPLAY_TIC|tic=3713|mle_ms=67.563
PMLE_LIVE_REPLAY_TIC|tic=3714|mle_ms=18.928
PMLE_LIVE_REPLAY_TIC|tic=3715|mle_ms=50.004
PMLE_LIVE_REPLAY_TIC|tic=3716|mle_ms=71.086
PMLE_LIVE_REPLAY_TIC|tic=3717|mle_ms=8.114
PMLE_LIVE_REPLAY_TIC|tic=3718|mle_ms=64.926
PMLE_LIVE_REPLAY_TIC|tic=3719|mle_ms=51.303
PMLE_LIVE_REPLAY_TIC|tic=3720|mle_ms=8.38
PMLE_LIVE_REPLAY_TIC|tic=3721|mle_ms=59.926
PMLE_LIVE_REPLAY_TIC|tic=3722|mle_ms=45.439
PMLE_LIVE_REPLAY_TIC|tic=3723|mle_ms=28.061
PMLE_LIVE_REPLAY_TIC|tic=3724|mle_ms=65.707
PMLE_LIVE_REPLAY_TIC|tic=3725|mle_ms=54.577
PMLE_LIVE_REPLAY_TIC|tic=3726|mle_ms=39.048
PMLE_LIVE_REPLAY_TIC|tic=3727|mle_ms=60.48
PMLE_LIVE_REPLAY_TIC|tic=3728|mle_ms=52.597
PMLE_LIVE_REPLAY_TIC|tic=3729|mle_ms=13.814
PMLE_LIVE_REPLAY_TIC|tic=3730|mle_ms=65.52
PMLE_LIVE_REPLAY_TIC|tic=3731|mle_ms=87.391
PMLE_LIVE_REPLAY_TIC|tic=3732|mle_ms=10.111
PMLE_LIVE_REPLAY_TIC|tic=3733|mle_ms=73.285
PMLE_LIVE_REPLAY_TIC|tic=3734|mle_ms=55.809
PMLE_LIVE_REPLAY_TIC|tic=3735|mle_ms=8.111
PMLE_LIVE_REPLAY_TIC|tic=3736|mle_ms=71.288
PMLE_LIVE_REPLAY_TIC|tic=3737|mle_ms=50.207
PMLE_LIVE_REPLAY_TIC|tic=3738|mle_ms=10.601
PMLE_LIVE_REPLAY_TIC|tic=3739|mle_ms=60.061
PMLE_LIVE_REPLAY_TIC|tic=3740|mle_ms=44.69
PMLE_LIVE_REPLAY_TIC|tic=3741|mle_ms=20.399
PMLE_LIVE_REPLAY_TIC|tic=3742|mle_ms=46.674
PMLE_LIVE_REPLAY_TIC|tic=3743|mle_ms=77.189
PMLE_LIVE_REPLAY_TIC|tic=3744|mle_ms=25.623
PMLE_LIVE_REPLAY_TIC|tic=3745|mle_ms=42.13
PMLE_LIVE_REPLAY_TIC|tic=3746|mle_ms=80.864
PMLE_LIVE_REPLAY_TIC|tic=3747|mle_ms=10.992
PMLE_LIVE_REPLAY_TIC|tic=3748|mle_ms=44.541
PMLE_LIVE_REPLAY_TIC|tic=3749|mle_ms=66.328
PMLE_LIVE_REPLAY_TIC|tic=3750|mle_ms=10.194
PMLE_LIVE_REPLAY_TIC|tic=3751|mle_ms=46.527
PMLE_LIVE_REPLAY_TIC|tic=3752|mle_ms=34.905
PMLE_LIVE_REPLAY_TIC|tic=3753|mle_ms=23.571
PMLE_LIVE_REPLAY_TIC|tic=3754|mle_ms=37.621
PMLE_LIVE_REPLAY_TIC|tic=3755|mle_ms=41.778
PMLE_LIVE_REPLAY_TIC|tic=3756|mle_ms=31.351
PMLE_LIVE_REPLAY_TIC|tic=3757|mle_ms=33.366
PMLE_LIVE_REPLAY_TIC|tic=3758|mle_ms=48.405
PMLE_LIVE_REPLAY_TIC|tic=3759|mle_ms=9.643
PMLE_LIVE_REPLAY_TIC|tic=3760|mle_ms=29.502
PMLE_LIVE_REPLAY_TIC|tic=3761|mle_ms=67.133
PMLE_LIVE_REPLAY_TIC|tic=3762|mle_ms=11.214
PMLE_LIVE_REPLAY_TIC|tic=3763|mle_ms=52.404
PMLE_LIVE_REPLAY_TIC|tic=3764|mle_ms=61.001
PMLE_LIVE_REPLAY_TIC|tic=3765|mle_ms=9.283
PMLE_LIVE_REPLAY_TIC|tic=3766|mle_ms=56.892
PMLE_LIVE_REPLAY_TIC|tic=3767|mle_ms=45.544
PMLE_LIVE_REPLAY_TIC|tic=3768|mle_ms=10.107
PMLE_LIVE_REPLAY_TIC|tic=3769|mle_ms=33.778
PMLE_LIVE_REPLAY_TIC|tic=3770|mle_ms=43.842
PMLE_LIVE_REPLAY_TIC|tic=3771|mle_ms=21.776
PMLE_LIVE_REPLAY_TIC|tic=3772|mle_ms=42.081
PMLE_LIVE_REPLAY_TIC|tic=3773|mle_ms=69.025
PMLE_LIVE_REPLAY_TIC|tic=3774|mle_ms=22.762
PMLE_LIVE_REPLAY_TIC|tic=3775|mle_ms=38.991
PMLE_LIVE_REPLAY_TIC|tic=3776|mle_ms=70.138
PMLE_LIVE_REPLAY_TIC|tic=3777|mle_ms=8.82
PMLE_LIVE_REPLAY_TIC|tic=3778|mle_ms=34.704
PMLE_LIVE_REPLAY_TIC|tic=3779|mle_ms=47.595
PMLE_LIVE_REPLAY_TIC|tic=3780|mle_ms=9.235
PMLE_LIVE_REPLAY_TIC|tic=3781|mle_ms=63.507
PMLE_LIVE_REPLAY_TIC|tic=3782|mle_ms=59.456
PMLE_LIVE_REPLAY_TIC|tic=3783|mle_ms=26.053
PMLE_LIVE_REPLAY_TIC|tic=3784|mle_ms=39.615
PMLE_LIVE_REPLAY_TIC|tic=3785|mle_ms=43.288
PMLE_LIVE_REPLAY_TIC|tic=3786|mle_ms=37.381
PMLE_LIVE_REPLAY_TIC|tic=3787|mle_ms=37.091
PMLE_LIVE_REPLAY_TIC|tic=3788|mle_ms=51.212
PMLE_LIVE_REPLAY_TIC|tic=3789|mle_ms=11.308
PMLE_LIVE_REPLAY_TIC|tic=3790|mle_ms=29.65
PMLE_LIVE_REPLAY_TIC|tic=3791|mle_ms=61.146
PMLE_LIVE_REPLAY_TIC|tic=3792|mle_ms=9.937
PMLE_LIVE_REPLAY_TIC|tic=3793|mle_ms=43.719
PMLE_LIVE_REPLAY_TIC|tic=3794|mle_ms=57.038
PMLE_LIVE_REPLAY_TIC|tic=3795|mle_ms=8.406
PMLE_LIVE_REPLAY_TIC|tic=3796|mle_ms=54.675
PMLE_LIVE_REPLAY_TIC|tic=3797|mle_ms=52.195
PMLE_LIVE_REPLAY_TIC|tic=3798|mle_ms=9
PMLE_LIVE_REPLAY_TIC|tic=3799|mle_ms=34.121
PMLE_LIVE_REPLAY_TIC|tic=3800|mle_ms=47.574
PMLE_LIVE_REPLAY_TIC|tic=3801|mle_ms=23.485
PMLE_LIVE_REPLAY_TIC|tic=3802|mle_ms=38.222
PMLE_LIVE_REPLAY_TIC|tic=3803|mle_ms=72.829
PMLE_LIVE_REPLAY_TIC|tic=3804|mle_ms=19.135
PMLE_LIVE_REPLAY_TIC|tic=3805|mle_ms=40.157
PMLE_LIVE_REPLAY_TIC|tic=3806|mle_ms=82.802
PMLE_LIVE_REPLAY_TIC|tic=3807|mle_ms=8.765
PMLE_LIVE_REPLAY_TIC|tic=3808|mle_ms=36.006
PMLE_LIVE_REPLAY_TIC|tic=3809|mle_ms=49.965
PMLE_LIVE_REPLAY_TIC|tic=3810|mle_ms=10.216
PMLE_LIVE_REPLAY_TIC|tic=3811|mle_ms=43.614
PMLE_LIVE_REPLAY_TIC|tic=3812|mle_ms=50.334
PMLE_LIVE_REPLAY_TIC|tic=3813|mle_ms=30.237
PMLE_LIVE_REPLAY_TIC|tic=3814|mle_ms=73.787
PMLE_LIVE_REPLAY_TIC|tic=3815|mle_ms=33.122
PMLE_LIVE_REPLAY_TIC|tic=3816|mle_ms=31.588
PMLE_LIVE_REPLAY_TIC|tic=3817|mle_ms=31.518
PMLE_LIVE_REPLAY_TIC|tic=3818|mle_ms=31.676
PMLE_LIVE_REPLAY_TIC|tic=3819|mle_ms=9.729
PMLE_LIVE_REPLAY_TIC|tic=3820|mle_ms=29.43
PMLE_LIVE_REPLAY_TIC|tic=3821|mle_ms=58.089
PMLE_LIVE_REPLAY_TIC|tic=3822|mle_ms=10.479
PMLE_LIVE_REPLAY_TIC|tic=3823|mle_ms=47.061
PMLE_LIVE_REPLAY_TIC|tic=3824|mle_ms=43.797
PMLE_LIVE_REPLAY_TIC|tic=3825|mle_ms=8.288
PMLE_LIVE_REPLAY_TIC|tic=3826|mle_ms=53.657
PMLE_LIVE_REPLAY_TIC|tic=3827|mle_ms=32.006
PMLE_LIVE_REPLAY_TIC|tic=3828|mle_ms=10.815
PMLE_LIVE_REPLAY_TIC|tic=3829|mle_ms=37.69
PMLE_LIVE_REPLAY_TIC|tic=3830|mle_ms=10.321
PMLE_LIVE_REPLAY_TIC|tic=3831|mle_ms=26.172
PMLE_LIVE_REPLAY_TIC|tic=3832|mle_ms=35.577
PMLE_LIVE_REPLAY_TIC|tic=3833|mle_ms=36.623
PMLE_LIVE_REPLAY_TIC|tic=3834|mle_ms=20.804
PMLE_LIVE_REPLAY_TIC|tic=3835|mle_ms=32.543
PMLE_LIVE_REPLAY_TIC|tic=3836|mle_ms=36.602
PMLE_LIVE_REPLAY_TIC|tic=3837|mle_ms=7.992
PMLE_LIVE_REPLAY_TIC|tic=3838|mle_ms=31.428
PMLE_LIVE_REPLAY_TIC|tic=3839|mle_ms=10.365
PMLE_LIVE_REPLAY_TIC|tic=3840|mle_ms=8.449
PMLE_LIVE_REPLAY_TIC|tic=3841|mle_ms=44.886
PMLE_LIVE_REPLAY_TIC|tic=3842|mle_ms=10.21
PMLE_LIVE_REPLAY_TIC|tic=3843|mle_ms=34.25
PMLE_LIVE_REPLAY_TIC|tic=3844|mle_ms=43.167
PMLE_LIVE_REPLAY_TIC|tic=3845|mle_ms=17.896
PMLE_LIVE_REPLAY_TIC|tic=3846|mle_ms=47.564
PMLE_LIVE_REPLAY_TIC|tic=3847|mle_ms=48.771
PMLE_LIVE_REPLAY_TIC|tic=3848|mle_ms=15.154
PMLE_LIVE_REPLAY_TIC|tic=3849|mle_ms=20.297
PMLE_LIVE_REPLAY_TIC|tic=3850|mle_ms=44.329
PMLE_LIVE_REPLAY_TIC|tic=3851|mle_ms=26.236
PMLE_LIVE_REPLAY_TIC|tic=3852|mle_ms=40.627
PMLE_LIVE_REPLAY_TIC|tic=3853|mle_ms=49.989
PMLE_LIVE_REPLAY_TIC|tic=3854|mle_ms=23.575
PMLE_LIVE_REPLAY_TIC|tic=3855|mle_ms=35.17
PMLE_LIVE_REPLAY_TIC|tic=3856|mle_ms=57.544
PMLE_LIVE_REPLAY_TIC|tic=3857|mle_ms=12.338
PMLE_LIVE_REPLAY_TIC|tic=3858|mle_ms=72.832
PMLE_LIVE_REPLAY_TIC|tic=3859|mle_ms=56.857
PMLE_LIVE_REPLAY_TIC|tic=3860|mle_ms=12.685
PMLE_LIVE_REPLAY_TIC|tic=3861|mle_ms=54.255
PMLE_LIVE_REPLAY_TIC|tic=3862|mle_ms=34.096
PMLE_LIVE_REPLAY_TIC|tic=3863|mle_ms=25.89
PMLE_LIVE_REPLAY_TIC|tic=3864|mle_ms=68.306
PMLE_LIVE_REPLAY_TIC|tic=3865|mle_ms=31.015
PMLE_LIVE_REPLAY_TIC|tic=3866|mle_ms=36.606
PMLE_LIVE_REPLAY_TIC|tic=3867|mle_ms=32.549
PMLE_LIVE_REPLAY_TIC|tic=3868|mle_ms=29.201
PMLE_LIVE_REPLAY_TIC|tic=3869|mle_ms=12.793
PMLE_LIVE_REPLAY_TIC|tic=3870|mle_ms=34.175
PMLE_LIVE_REPLAY_TIC|tic=3871|mle_ms=42.42
PMLE_LIVE_REPLAY_TIC|tic=3872|mle_ms=10.796
PMLE_LIVE_REPLAY_TIC|tic=3873|mle_ms=50.518
PMLE_LIVE_REPLAY_TIC|tic=3874|mle_ms=48.438
PMLE_LIVE_REPLAY_TIC|tic=3875|mle_ms=12.297
PMLE_LIVE_REPLAY_TIC|tic=3876|mle_ms=63.572
PMLE_LIVE_REPLAY_TIC|tic=3877|mle_ms=49.309
PMLE_LIVE_REPLAY_TIC|tic=3878|mle_ms=12.606
PMLE_LIVE_REPLAY_TIC|tic=3879|mle_ms=37.094
PMLE_LIVE_REPLAY_TIC|tic=3880|mle_ms=31.004
PMLE_LIVE_REPLAY_TIC|tic=3881|mle_ms=23.292
PMLE_LIVE_REPLAY_TIC|tic=3882|mle_ms=33.066
PMLE_LIVE_REPLAY_TIC|tic=3883|mle_ms=46.494
PMLE_LIVE_REPLAY_TIC|tic=3884|mle_ms=20.843
PMLE_LIVE_REPLAY_TIC|tic=3885|mle_ms=35.902
PMLE_LIVE_REPLAY_TIC|tic=3886|mle_ms=60.418
PMLE_LIVE_REPLAY_TIC|tic=3887|mle_ms=11.571
PMLE_LIVE_REPLAY_TIC|tic=3888|mle_ms=36.042
PMLE_LIVE_REPLAY_TIC|tic=3889|mle_ms=42.016
PMLE_LIVE_REPLAY_TIC|tic=3890|mle_ms=11.882
PMLE_LIVE_REPLAY_TIC|tic=3891|mle_ms=50.746
PMLE_LIVE_REPLAY_TIC|tic=3892|mle_ms=43.822
PMLE_LIVE_REPLAY_TIC|tic=3893|mle_ms=33.83
PMLE_LIVE_REPLAY_TIC|tic=3894|mle_ms=52.841
PMLE_LIVE_REPLAY_TIC|tic=3895|mle_ms=56.495
PMLE_LIVE_REPLAY_TIC|tic=3896|mle_ms=43.844
PMLE_LIVE_REPLAY_TIC|tic=3897|mle_ms=37.519
PMLE_LIVE_REPLAY_TIC|tic=3898|mle_ms=44.02
PMLE_LIVE_REPLAY_TIC|tic=3899|mle_ms=16.242
PMLE_LIVE_REPLAY_TIC|tic=3900|mle_ms=42.424
PMLE_LIVE_REPLAY_TIC|tic=3901|mle_ms=56.575
PMLE_LIVE_REPLAY_TIC|tic=3902|mle_ms=12.314
PMLE_LIVE_REPLAY_TIC|tic=3903|mle_ms=47.743
PMLE_LIVE_REPLAY_TIC|tic=3904|mle_ms=44.782
PMLE_LIVE_REPLAY_TIC|tic=3905|mle_ms=10.108
PMLE_LIVE_REPLAY_TIC|tic=3906|mle_ms=56.101
PMLE_LIVE_REPLAY_TIC|tic=3907|mle_ms=39.225
PMLE_LIVE_REPLAY_TIC|tic=3908|mle_ms=10.211
PMLE_LIVE_REPLAY_TIC|tic=3909|mle_ms=31.984
PMLE_LIVE_REPLAY_TIC|tic=3910|mle_ms=48.38
PMLE_LIVE_REPLAY_TIC|tic=3911|mle_ms=25.7
PMLE_LIVE_REPLAY_TIC|tic=3912|mle_ms=31.467
PMLE_LIVE_REPLAY_TIC|tic=3913|mle_ms=57.482
PMLE_LIVE_REPLAY_TIC|tic=3914|mle_ms=24.153
PMLE_LIVE_REPLAY_TIC|tic=3915|mle_ms=12.749
PMLE_LIVE_REPLAY_TIC|tic=3916|mle_ms=69.031
PMLE_LIVE_REPLAY_TIC|tic=3917|mle_ms=9.793
PMLE_LIVE_REPLAY_TIC|tic=3918|mle_ms=11.011
PMLE_LIVE_REPLAY_TIC|tic=3919|mle_ms=33.544
PMLE_LIVE_REPLAY_TIC|tic=3920|mle_ms=12.245
PMLE_LIVE_REPLAY_TIC|tic=3921|mle_ms=24.343
PMLE_LIVE_REPLAY_TIC|tic=3922|mle_ms=35.785
PMLE_LIVE_REPLAY_TIC|tic=3923|mle_ms=24.966
PMLE_LIVE_REPLAY_TIC|tic=3924|mle_ms=19.712
PMLE_LIVE_REPLAY_TIC|tic=3925|mle_ms=30.93
PMLE_LIVE_REPLAY_TIC|tic=3926|mle_ms=32.417
PMLE_LIVE_REPLAY_TIC|tic=3927|mle_ms=9.114
PMLE_LIVE_REPLAY_TIC|tic=3928|mle_ms=37.908
PMLE_LIVE_REPLAY_TIC|tic=3929|mle_ms=17.676
PMLE_LIVE_REPLAY_TIC|tic=3930|mle_ms=14.233
PMLE_LIVE_REPLAY_TIC|tic=3931|mle_ms=66.244
PMLE_LIVE_REPLAY_TIC|tic=3932|mle_ms=16.438
PMLE_LIVE_REPLAY_TIC|tic=3933|mle_ms=36.573
PMLE_LIVE_REPLAY_TIC|tic=3934|mle_ms=54.749
PMLE_LIVE_REPLAY_TIC|tic=3935|mle_ms=15.525
PMLE_LIVE_REPLAY_TIC|tic=3936|mle_ms=37.578
PMLE_LIVE_REPLAY_TIC|tic=3937|mle_ms=58.709
PMLE_LIVE_REPLAY_TIC|tic=3938|mle_ms=14.276
PMLE_LIVE_REPLAY_TIC|tic=3939|mle_ms=14.553
PMLE_LIVE_REPLAY_TIC|tic=3940|mle_ms=56.632
PMLE_LIVE_REPLAY_TIC|tic=3941|mle_ms=24.197
PMLE_LIVE_REPLAY_TIC|tic=3942|mle_ms=16.399
PMLE_LIVE_REPLAY_TIC|tic=3943|mle_ms=78.435
PMLE_LIVE_REPLAY_TIC|tic=3944|mle_ms=20.339
PMLE_LIVE_REPLAY_TIC|tic=3945|mle_ms=11.475
PMLE_LIVE_REPLAY_TIC|tic=3946|mle_ms=104.844
PMLE_LIVE_REPLAY_TIC|tic=3947|mle_ms=12.176
PMLE_LIVE_REPLAY_TIC|tic=3948|mle_ms=12.999
PMLE_LIVE_REPLAY_TIC|tic=3949|mle_ms=61.126
PMLE_LIVE_REPLAY_TIC|tic=3950|mle_ms=11.558
PMLE_LIVE_REPLAY_TIC|tic=3951|mle_ms=22.917
PMLE_LIVE_REPLAY_TIC|tic=3952|mle_ms=58.345
PMLE_LIVE_REPLAY_TIC|tic=3953|mle_ms=28.514
PMLE_LIVE_REPLAY_TIC|tic=3954|mle_ms=19.331
PMLE_LIVE_REPLAY_TIC|tic=3955|mle_ms=59.795
PMLE_LIVE_REPLAY_TIC|tic=3956|mle_ms=36.508
PMLE_LIVE_REPLAY_TIC|tic=3957|mle_ms=18.192
PMLE_LIVE_REPLAY_TIC|tic=3958|mle_ms=62.374
PMLE_LIVE_REPLAY_TIC|tic=3959|mle_ms=13.899
PMLE_LIVE_REPLAY_TIC|tic=3960|mle_ms=12.767
PMLE_LIVE_REPLAY_TIC|tic=3961|mle_ms=77.489
PMLE_LIVE_REPLAY_TIC|tic=3962|mle_ms=13.386
PMLE_LIVE_REPLAY_TIC|tic=3963|mle_ms=31.969
PMLE_LIVE_REPLAY_TIC|tic=3964|mle_ms=50.502
PMLE_LIVE_REPLAY_TIC|tic=3965|mle_ms=12.47
PMLE_LIVE_REPLAY_TIC|tic=3966|mle_ms=37.001
PMLE_LIVE_REPLAY_TIC|tic=3967|mle_ms=37.317
PMLE_LIVE_REPLAY_TIC|tic=3968|mle_ms=9.449
PMLE_LIVE_REPLAY_TIC|tic=3969|mle_ms=12.038
PMLE_LIVE_REPLAY_TIC|tic=3970|mle_ms=39.381
PMLE_LIVE_REPLAY_TIC|tic=3971|mle_ms=25.335
PMLE_LIVE_REPLAY_TIC|tic=3972|mle_ms=12.858
PMLE_LIVE_REPLAY_TIC|tic=3973|mle_ms=58.564
PMLE_LIVE_REPLAY_TIC|tic=3974|mle_ms=21.547
PMLE_LIVE_REPLAY_TIC|tic=3975|mle_ms=10.791
PMLE_LIVE_REPLAY_TIC|tic=3976|mle_ms=63.587
PMLE_LIVE_REPLAY_TIC|tic=3977|mle_ms=16.027
PMLE_LIVE_REPLAY_TIC|tic=3978|mle_ms=15.604
PMLE_LIVE_REPLAY_TIC|tic=3979|mle_ms=47.079
PMLE_LIVE_REPLAY_TIC|tic=3980|mle_ms=14.79
PMLE_LIVE_REPLAY_TIC|tic=3981|mle_ms=26.532
PMLE_LIVE_REPLAY_TIC|tic=3982|mle_ms=41.035
PMLE_LIVE_REPLAY_TIC|tic=3983|mle_ms=39.629
PMLE_LIVE_REPLAY_TIC|tic=3984|mle_ms=25.419
PMLE_LIVE_REPLAY_TIC|tic=3985|mle_ms=35.483
PMLE_LIVE_REPLAY_TIC|tic=3986|mle_ms=66.465
PMLE_LIVE_REPLAY_TIC|tic=3987|mle_ms=14.039
PMLE_LIVE_REPLAY_TIC|tic=3988|mle_ms=34.561
PMLE_LIVE_REPLAY_TIC|tic=3989|mle_ms=39.787
PMLE_LIVE_REPLAY_TIC|tic=3990|mle_ms=13.378
PMLE_LIVE_REPLAY_TIC|tic=3991|mle_ms=46.071
PMLE_LIVE_REPLAY_TIC|tic=3992|mle_ms=41.794
PMLE_LIVE_REPLAY_TIC|tic=3993|mle_ms=34.568
PMLE_LIVE_REPLAY_TIC|tic=3994|mle_ms=49.146
PMLE_LIVE_REPLAY_TIC|tic=3995|mle_ms=55.307
PMLE_LIVE_REPLAY_TIC|tic=3996|mle_ms=40.146
PMLE_LIVE_REPLAY_TIC|tic=3997|mle_ms=34.158
PMLE_LIVE_REPLAY_TIC|tic=3998|mle_ms=42.523
PMLE_LIVE_REPLAY_TIC|tic=3999|mle_ms=15.647
PMLE_LIVE_REPLAY_TIC|tic=4000|mle_ms=45.265
PMLE_LIVE_REPLAY_TIC|tic=4001|mle_ms=46.469
PMLE_LIVE_REPLAY_TIC|tic=4002|mle_ms=15.39
PMLE_LIVE_REPLAY_TIC|tic=4003|mle_ms=55.679
PMLE_LIVE_REPLAY_TIC|tic=4004|mle_ms=21.899
PMLE_LIVE_REPLAY_TIC|tic=4005|mle_ms=13.081
PMLE_LIVE_REPLAY_TIC|tic=4006|mle_ms=73.001
PMLE_LIVE_REPLAY_TIC|tic=4007|mle_ms=14.893
PMLE_LIVE_REPLAY_TIC|tic=4008|mle_ms=16.11
PMLE_LIVE_REPLAY_TIC|tic=4009|mle_ms=42.135
PMLE_LIVE_REPLAY_TIC|tic=4010|mle_ms=13.649
PMLE_LIVE_REPLAY_TIC|tic=4011|mle_ms=25.098
PMLE_LIVE_REPLAY_TIC|tic=4012|mle_ms=34.947
PMLE_LIVE_REPLAY_TIC|tic=4013|mle_ms=32.526
PMLE_LIVE_REPLAY_TIC|tic=4014|mle_ms=26.589
PMLE_LIVE_REPLAY_TIC|tic=4015|mle_ms=42.449
PMLE_LIVE_REPLAY_TIC|tic=4016|mle_ms=35.289
PMLE_LIVE_REPLAY_TIC|tic=4017|mle_ms=20.308
PMLE_LIVE_REPLAY_TIC|tic=4018|mle_ms=38.558
PMLE_LIVE_REPLAY_TIC|tic=4019|mle_ms=16.234
PMLE_LIVE_REPLAY_TIC|tic=4020|mle_ms=23.015
PMLE_LIVE_REPLAY_TIC|tic=4021|mle_ms=57.713
PMLE_LIVE_REPLAY_TIC|tic=4022|mle_ms=19.898
PMLE_LIVE_REPLAY_TIC|tic=4023|mle_ms=41.398
PMLE_LIVE_REPLAY_TIC|tic=4024|mle_ms=47.552
PMLE_LIVE_REPLAY_TIC|tic=4025|mle_ms=14.331
PMLE_LIVE_REPLAY_TIC|tic=4026|mle_ms=62.458
PMLE_LIVE_REPLAY_TIC|tic=4027|mle_ms=35.724
PMLE_LIVE_REPLAY_TIC|tic=4028|mle_ms=13.699
PMLE_LIVE_REPLAY_TIC|tic=4029|mle_ms=39.398
PMLE_LIVE_REPLAY_TIC|tic=4030|mle_ms=37.203
PMLE_LIVE_REPLAY_TIC|tic=4031|mle_ms=28.226
PMLE_LIVE_REPLAY_TIC|tic=4032|mle_ms=38.567
PMLE_LIVE_REPLAY_TIC|tic=4033|mle_ms=54.105
PMLE_LIVE_REPLAY_TIC|tic=4034|mle_ms=22.885
PMLE_LIVE_REPLAY_TIC|tic=4035|mle_ms=38.196
PMLE_LIVE_REPLAY_TIC|tic=4036|mle_ms=82.02
PMLE_LIVE_REPLAY_TIC|tic=4037|mle_ms=18.424
PMLE_LIVE_REPLAY_TIC|tic=4038|mle_ms=44.433
PMLE_LIVE_REPLAY_TIC|tic=4039|mle_ms=37.367
PMLE_LIVE_REPLAY_TIC|tic=4040|mle_ms=16.2
PMLE_LIVE_REPLAY_TIC|tic=4041|mle_ms=58.188
PMLE_LIVE_REPLAY_TIC|tic=4042|mle_ms=40.304
PMLE_LIVE_REPLAY_TIC|tic=4043|mle_ms=35.412
PMLE_LIVE_REPLAY_TIC|tic=4044|mle_ms=52.866
PMLE_LIVE_REPLAY_TIC|tic=4045|mle_ms=36.023
PMLE_LIVE_REPLAY_TIC|tic=4046|mle_ms=42.066
PMLE_LIVE_REPLAY_TIC|tic=4047|mle_ms=63.56
PMLE_LIVE_REPLAY_TIC|tic=4048|mle_ms=46.829
PMLE_LIVE_REPLAY_TIC|tic=4049|mle_ms=19.963
PMLE_LIVE_REPLAY_TIC|tic=4050|mle_ms=71.647
PMLE_LIVE_REPLAY_TIC|tic=4051|mle_ms=59.52
PMLE_LIVE_REPLAY_TIC|tic=4052|mle_ms=18.205
PMLE_LIVE_REPLAY_TIC|tic=4053|mle_ms=91.997
PMLE_LIVE_REPLAY_TIC|tic=4054|mle_ms=59.867
PMLE_LIVE_REPLAY_TIC|tic=4055|mle_ms=17.574
PMLE_LIVE_REPLAY_TIC|tic=4056|mle_ms=83.184
PMLE_LIVE_REPLAY_TIC|tic=4057|mle_ms=42.317
PMLE_LIVE_REPLAY_TIC|tic=4058|mle_ms=16.783
PMLE_LIVE_REPLAY_TIC|tic=4059|mle_ms=76.616
PMLE_LIVE_REPLAY_TIC|tic=4060|mle_ms=35.67
PMLE_LIVE_REPLAY_TIC|tic=4061|mle_ms=30.519
PMLE_LIVE_REPLAY_TIC|tic=4062|mle_ms=-52.031
PMLE_LIVE_REPLAY_TIC|tic=4063|mle_ms=59.575
PMLE_LIVE_REPLAY_TIC|tic=4064|mle_ms=15.106
PMLE_LIVE_REPLAY_TIC|tic=4065|mle_ms=14.087
PMLE_LIVE_REPLAY_TIC|tic=4066|mle_ms=16.739
PMLE_LIVE_REPLAY_TIC|tic=4067|mle_ms=16.48
PMLE_LIVE_REPLAY_TIC|tic=4068|mle_ms=16.931
PMLE_LIVE_REPLAY_TIC|tic=4069|mle_ms=16.063
PMLE_LIVE_REPLAY_TIC|tic=4070|mle_ms=15.087
PMLE_LIVE_REPLAY_TIC|tic=4071|mle_ms=13.993
PMLE_LIVE_REPLAY_TIC|tic=4072|mle_ms=16.087
PMLE_LIVE_REPLAY_TIC|tic=4073|mle_ms=17.634
PMLE_LIVE_REPLAY_TIC|tic=4074|mle_ms=18.689
PMLE_LIVE_REPLAY_TIC|tic=4075|mle_ms=18.02
PMLE_LIVE_REPLAY_TIC|tic=4076|mle_ms=18.988
PMLE_LIVE_REPLAY_TIC|tic=4077|mle_ms=15.075
PMLE_LIVE_REPLAY_TIC|tic=4078|mle_ms=15.728
PMLE_LIVE_REPLAY_TIC|tic=4079|mle_ms=23.983
PMLE_LIVE_REPLAY_TIC|tic=4080|mle_ms=18.005
PMLE_LIVE_REPLAY_TIC|tic=4081|mle_ms=17.114
PMLE_LIVE_REPLAY_TIC|tic=4082|mle_ms=18.213
PMLE_LIVE_REPLAY_TIC|tic=4083|mle_ms=18.526
PMLE_LIVE_REPLAY_TIC|tic=4084|mle_ms=20.76
PMLE_LIVE_REPLAY_TIC|tic=4085|mle_ms=18.736
PMLE_LIVE_REPLAY_TIC|tic=4086|mle_ms=19.505
PMLE_LIVE_REPLAY_TIC|tic=4087|mle_ms=16.007
PMLE_LIVE_REPLAY_TIC|tic=4088|mle_ms=16.612
PMLE_LIVE_REPLAY_TIC|tic=4089|mle_ms=17.836
PMLE_LIVE_REPLAY_TIC|tic=4090|mle_ms=17.559
PMLE_LIVE_REPLAY_TIC|tic=4091|mle_ms=16.815
PMLE_LIVE_REPLAY_TIC|tic=4092|mle_ms=17.08
PMLE_LIVE_REPLAY_TIC|tic=4093|mle_ms=16.825
PMLE_LIVE_REPLAY_TIC|tic=4094|mle_ms=18.662
PMLE_LIVE_REPLAY_TIC|tic=4095|mle_ms=18.846
PMLE_LIVE_REPLAY_TIC|tic=4096|mle_ms=19.533
PMLE_LIVE_REPLAY_TIC|tic=4097|mle_ms=16.458
PMLE_LIVE_REPLAY_TIC|tic=4098|mle_ms=16.771
PMLE_LIVE_REPLAY_TIC|tic=4099|mle_ms=16.301
PMLE_LIVE_REPLAY_TIC|tic=4100|mle_ms=14.368
PMLE_LIVE_REPLAY_TIC|tic=4101|mle_ms=16.317
PMLE_LIVE_REPLAY_TIC|tic=4102|mle_ms=18.687
PMLE_LIVE_REPLAY_TIC|tic=4103|mle_ms=16.239
PMLE_LIVE_REPLAY_TIC|tic=4104|mle_ms=17.19
PMLE_LIVE_REPLAY_TIC|tic=4105|mle_ms=15.142
PMLE_LIVE_REPLAY_TIC|tic=4106|mle_ms=17.391
PMLE_LIVE_REPLAY_TIC|tic=4107|mle_ms=14.349
PMLE_LIVE_REPLAY_TIC|tic=4108|mle_ms=15.124
PMLE_LIVE_REPLAY_TIC|tic=4109|mle_ms=13.454
PMLE_LIVE_REPLAY_TIC|tic=4110|mle_ms=15.166
PMLE_LIVE_REPLAY_TIC|tic=4111|mle_ms=13.204
PMLE_LIVE_REPLAY_TIC|tic=4112|mle_ms=12.884
PMLE_LIVE_REPLAY_TIC|tic=4113|mle_ms=14.392
PMLE_LIVE_REPLAY_TIC|tic=4114|mle_ms=15.663
PMLE_LIVE_REPLAY_TIC|tic=4115|mle_ms=14.68
PMLE_LIVE_REPLAY_TIC|tic=4116|mle_ms=14.79
PMLE_LIVE_REPLAY_TIC|tic=4117|mle_ms=13.1
PMLE_LIVE_REPLAY_TIC|tic=4118|mle_ms=16.755
PMLE_LIVE_REPLAY_TIC|tic=4119|mle_ms=16.087
PMLE_LIVE_REPLAY_TIC|tic=4120|mle_ms=17.245
PMLE_LIVE_REPLAY_TIC|tic=4121|mle_ms=18.766
PMLE_LIVE_REPLAY_TIC|tic=4122|mle_ms=21.046
PMLE_LIVE_REPLAY_TIC|tic=4123|mle_ms=21.351
PMLE_LIVE_REPLAY_TIC|tic=4124|mle_ms=20.073
PMLE_LIVE_REPLAY_TIC|tic=4125|mle_ms=19.241
PMLE_LIVE_REPLAY_TIC|tic=4126|mle_ms=21.081
PMLE_LIVE_REPLAY_TIC|tic=4127|mle_ms=17.913
PMLE_LIVE_REPLAY_TIC|tic=4128|mle_ms=18.845
PMLE_LIVE_REPLAY_TIC|tic=4129|mle_ms=16.206
PMLE_LIVE_REPLAY_TIC|tic=4130|mle_ms=17.614
PMLE_LIVE_REPLAY_TIC|tic=4131|mle_ms=18.072
PMLE_LIVE_REPLAY_TIC|tic=4132|mle_ms=16.118
PMLE_LIVE_REPLAY_TIC|tic=4133|mle_ms=13.951
PMLE_LIVE_REPLAY_TIC|tic=4134|mle_ms=14.934
PMLE_LIVE_REPLAY_TIC|tic=4135|mle_ms=12.519
PMLE_LIVE_REPLAY_TIC|tic=4136|mle_ms=13.731
PMLE_LIVE_REPLAY_TIC|tic=4137|mle_ms=11.763
PMLE_LIVE_REPLAY_TIC|tic=4138|mle_ms=12.063
PMLE_LIVE_REPLAY_TIC|tic=4139|mle_ms=11.722
PMLE_LIVE_REPLAY_TIC|tic=4140|mle_ms=12.758
PMLE_LIVE_REPLAY_TIC|tic=4141|mle_ms=12.558
PMLE_LIVE_REPLAY_TIC|tic=4142|mle_ms=12.805
PMLE_LIVE_REPLAY_TIC|tic=4143|mle_ms=12.012
PMLE_LIVE_REPLAY_TIC|tic=4144|mle_ms=14.122
PMLE_LIVE_REPLAY_TIC|tic=4145|mle_ms=13.63
PMLE_LIVE_REPLAY_TIC|tic=4146|mle_ms=14.795
PMLE_LIVE_REPLAY_TIC|tic=4147|mle_ms=12.373
PMLE_LIVE_REPLAY_TIC|tic=4148|mle_ms=12.136
PMLE_LIVE_REPLAY_TIC|tic=4149|mle_ms=11.598
PMLE_LIVE_REPLAY_TIC|tic=4150|mle_ms=11.942
PMLE_LIVE_REPLAY_TIC|tic=4151|mle_ms=11.442
PMLE_LIVE_REPLAY_TIC|tic=4152|mle_ms=12.724
PMLE_LIVE_REPLAY_TIC|tic=4153|mle_ms=13.367
PMLE_LIVE_REPLAY_TIC|tic=4154|mle_ms=14.135
PMLE_LIVE_REPLAY_TIC|tic=4155|mle_ms=12.11
PMLE_LIVE_REPLAY_TIC|tic=4156|mle_ms=14.416
PMLE_LIVE_REPLAY_TIC|tic=4157|mle_ms=14.325
PMLE_LIVE_REPLAY_TIC|tic=4158|mle_ms=14.68
PMLE_LIVE_REPLAY_TIC|tic=4159|mle_ms=13.263
PMLE_LIVE_REPLAY_TIC|tic=4160|mle_ms=12.878
PMLE_LIVE_REPLAY_TIC|tic=4161|mle_ms=13.778
PMLE_LIVE_REPLAY_TIC|tic=4162|mle_ms=15.532
PMLE_LIVE_REPLAY_TIC|tic=4163|mle_ms=15.265
PMLE_LIVE_REPLAY_TIC|tic=4164|mle_ms=16.43
PMLE_LIVE_REPLAY_TIC|tic=4165|mle_ms=14.289
PMLE_LIVE_REPLAY_TIC|tic=4166|mle_ms=15.154
PMLE_LIVE_REPLAY_TIC|tic=4167|mle_ms=17.096
PMLE_LIVE_REPLAY_TIC|tic=4168|mle_ms=15.034
PMLE_LIVE_REPLAY_TIC|tic=4169|mle_ms=13.928
PMLE_LIVE_REPLAY_TIC|tic=4170|mle_ms=11.936
PMLE_LIVE_REPLAY_TIC|tic=4171|mle_ms=11.821
PMLE_LIVE_REPLAY_TIC|tic=4172|mle_ms=11.299
PMLE_LIVE_REPLAY_TIC|tic=4173|mle_ms=10.239
PMLE_LIVE_REPLAY_TIC|tic=4174|mle_ms=12.453
PMLE_LIVE_REPLAY_TIC|tic=4175|mle_ms=11.519
PMLE_LIVE_REPLAY_TIC|tic=4176|mle_ms=13.175
PMLE_LIVE_REPLAY_TIC|tic=4177|mle_ms=10.987
PMLE_LIVE_REPLAY_TIC|tic=4178|mle_ms=10.634
PMLE_LIVE_REPLAY_TIC|tic=4179|mle_ms=9.615
PMLE_LIVE_REPLAY_TIC|tic=4180|mle_ms=10.548
PMLE_LIVE_REPLAY_TIC|tic=4181|mle_ms=10.422
PMLE_LIVE_REPLAY_TIC|tic=4182|mle_ms=10.889
PMLE_LIVE_REPLAY_TIC|tic=4183|mle_ms=10.424
PMLE_LIVE_REPLAY_TIC|tic=4184|mle_ms=11.747
PMLE_LIVE_REPLAY_TIC|tic=4185|mle_ms=10.79
PMLE_LIVE_REPLAY_TIC|tic=4186|mle_ms=13.468
PMLE_LIVE_REPLAY_TIC|tic=4187|mle_ms=10.798
PMLE_LIVE_REPLAY_TIC|tic=4188|mle_ms=11.263
PMLE_LIVE_REPLAY_TIC|tic=4189|mle_ms=10.908
PMLE_LIVE_REPLAY_TIC|tic=4190|mle_ms=10.952
PMLE_LIVE_REPLAY_TIC|tic=4191|mle_ms=9.813
PMLE_LIVE_REPLAY_TIC|tic=4192|mle_ms=11.257
PMLE_LIVE_REPLAY_TIC|tic=4193|mle_ms=11.29
PMLE_LIVE_REPLAY_TIC|tic=4194|mle_ms=12.594
PMLE_LIVE_REPLAY_TIC|tic=4195|mle_ms=11.203
PMLE_LIVE_REPLAY_TIC|tic=4196|mle_ms=11.767
PMLE_LIVE_REPLAY_TIC|tic=4197|mle_ms=8.968
PMLE_LIVE_REPLAY_TIC|tic=4198|mle_ms=10.271
PMLE_LIVE_REPLAY_TIC|tic=4199|mle_ms=10.364
PMLE_LIVE_REPLAY_TIC|tic=4200|mle_ms=10.653
PMLE_LIVE_REPLAY_TIC|tic=4201|mle_ms=9.838
PMLE_LIVE_REPLAY_TIC|tic=4202|mle_ms=9.173
PMLE_LIVE_REPLAY_TIC|tic=4203|mle_ms=8.458
PMLE_LIVE_REPLAY_TIC|tic=4204|mle_ms=9.962
PMLE_LIVE_REPLAY_TIC|tic=4205|mle_ms=8.314
PMLE_LIVE_REPLAY_TIC|tic=4206|mle_ms=10.104
PMLE_LIVE_REPLAY_TIC|tic=4207|mle_ms=8.462
PMLE_LIVE_REPLAY_TIC|tic=4208|mle_ms=10.058
PMLE_LIVE_REPLAY_TIC|tic=4209|mle_ms=10.113
PMLE_LIVE_REPLAY_TIC|tic=4210|mle_ms=10.895
PMLE_LIVE_REPLAY_TIC|tic=4211|mle_ms=10.517
PMLE_LIVE_REPLAY_TIC|tic=4212|mle_ms=11.584
PMLE_LIVE_REPLAY_TIC|tic=4213|mle_ms=11.16
PMLE_LIVE_REPLAY_TIC|tic=4214|mle_ms=10.612
PMLE_LIVE_REPLAY_TIC|tic=4215|mle_ms=9.852
PMLE_LIVE_REPLAY_TIC|tic=4216|mle_ms=11.929
PMLE_LIVE_REPLAY_TIC|tic=4217|mle_ms=9.294
PMLE_LIVE_REPLAY_TIC|tic=4218|mle_ms=10.859
PMLE_LIVE_REPLAY_TIC|tic=4219|mle_ms=11.329
PMLE_LIVE_REPLAY_TIC|tic=4220|mle_ms=10.087
PMLE_LIVE_REPLAY_TIC|tic=4221|mle_ms=9.867
PMLE_LIVE_REPLAY_TIC|tic=4222|mle_ms=11.279
PMLE_LIVE_REPLAY_TIC|tic=4223|mle_ms=10.788
PMLE_LIVE_REPLAY_TIC|tic=4224|mle_ms=12.003
PMLE_LIVE_REPLAY_TIC|tic=4225|mle_ms=10.678
PMLE_LIVE_REPLAY_TIC|tic=4226|mle_ms=10.66
PMLE_LIVE_REPLAY_TIC|tic=4227|mle_ms=7.815
PMLE_LIVE_REPLAY_TIC|tic=4228|mle_ms=9.441
PMLE_LIVE_REPLAY_TIC|tic=4229|mle_ms=10.46
PMLE_LIVE_REPLAY_TIC|tic=4230|mle_ms=10.507
PMLE_LIVE_REPLAY_TIC|tic=4231|mle_ms=10.543
PMLE_LIVE_REPLAY_TIC|tic=4232|mle_ms=10.976
PMLE_LIVE_REPLAY_TIC|tic=4233|mle_ms=9.567
PMLE_LIVE_REPLAY_TIC|tic=4234|mle_ms=10.213
PMLE_LIVE_REPLAY_TIC|tic=4235|mle_ms=9.959
PMLE_LIVE_REPLAY_TIC|tic=4236|mle_ms=11.121
PMLE_LIVE_REPLAY_TIC|tic=4237|mle_ms=8.171
PMLE_LIVE_REPLAY_TIC|tic=4238|mle_ms=9.156
PMLE_LIVE_REPLAY_TIC|tic=4239|mle_ms=9.942
PMLE_LIVE_REPLAY_TIC|tic=4240|mle_ms=10.324
PMLE_LIVE_REPLAY_TIC|tic=4241|mle_ms=10.323
PMLE_LIVE_REPLAY_TIC|tic=4242|mle_ms=11.529
PMLE_LIVE_REPLAY_TIC|tic=4243|mle_ms=10.659
PMLE_LIVE_REPLAY_TIC|tic=4244|mle_ms=9.643
PMLE_LIVE_REPLAY_TIC|tic=4245|mle_ms=9.256
PMLE_LIVE_REPLAY_TIC|tic=4246|mle_ms=10.831
PMLE_LIVE_REPLAY_TIC|tic=4247|mle_ms=7.51
PMLE_LIVE_REPLAY_TIC|tic=4248|mle_ms=9.348
PMLE_LIVE_REPLAY_TIC|tic=4249|mle_ms=9.814
PMLE_LIVE_REPLAY_TIC|tic=4250|mle_ms=9.552
PMLE_LIVE_REPLAY_TIC|tic=4251|mle_ms=9.183
PMLE_LIVE_REPLAY_TIC|tic=4252|mle_ms=10.455
PMLE_LIVE_REPLAY_TIC|tic=4253|mle_ms=9.948
PMLE_LIVE_REPLAY_TIC|tic=4254|mle_ms=10.6
PMLE_LIVE_REPLAY_TIC|tic=4255|mle_ms=9.413
PMLE_LIVE_REPLAY_TIC|tic=4256|mle_ms=10.948
PMLE_LIVE_REPLAY_TIC|tic=4257|mle_ms=7.463
PMLE_LIVE_REPLAY_TIC|tic=4258|mle_ms=8.151
PMLE_LIVE_REPLAY_TIC|tic=4259|mle_ms=9.447
PMLE_LIVE_REPLAY_TIC|tic=4260|mle_ms=10.717
PMLE_LIVE_REPLAY_TIC|tic=4261|mle_ms=10.862
PMLE_LIVE_REPLAY_TIC|tic=4262|mle_ms=10.448
PMLE_LIVE_REPLAY_TIC|tic=4263|mle_ms=10.86
PMLE_LIVE_REPLAY_TIC|tic=4264|mle_ms=12.679
PMLE_LIVE_REPLAY_TIC|tic=4265|mle_ms=18.717
PMLE_LIVE_REPLAY_TIC|tic=4266|mle_ms=13.273
PMLE_LIVE_REPLAY_TIC|tic=4267|mle_ms=10.331
PMLE_LIVE_REPLAY_TIC|tic=4268|mle_ms=10.658
PMLE_LIVE_REPLAY_TIC|tic=4269|mle_ms=10.285
PMLE_LIVE_REPLAY_TIC|tic=4270|mle_ms=10.273
PMLE_LIVE_REPLAY_TIC|tic=4271|mle_ms=10.997
PMLE_LIVE_REPLAY_TIC|tic=4272|mle_ms=11.531
PMLE_LIVE_REPLAY_TIC|tic=4273|mle_ms=11.102
PMLE_LIVE_REPLAY_TIC|tic=4274|mle_ms=11.393
PMLE_LIVE_REPLAY_TIC|tic=4275|mle_ms=9.153
PMLE_LIVE_REPLAY_TIC|tic=4276|mle_ms=10.246
PMLE_LIVE_REPLAY_TIC|tic=4277|mle_ms=8.181
PMLE_LIVE_REPLAY_TIC|tic=4278|mle_ms=9.326
PMLE_LIVE_REPLAY_TIC|tic=4279|mle_ms=10.562
PMLE_LIVE_REPLAY_TIC|tic=4280|mle_ms=10.061
PMLE_LIVE_REPLAY_TIC|tic=4281|mle_ms=9.928
PMLE_LIVE_REPLAY_TIC|tic=4282|mle_ms=10.846
PMLE_LIVE_REPLAY_TIC|tic=4283|mle_ms=10.478
PMLE_LIVE_REPLAY_TIC|tic=4284|mle_ms=11.637
PMLE_LIVE_REPLAY_TIC|tic=4285|mle_ms=9.932
PMLE_LIVE_REPLAY_TIC|tic=4286|mle_ms=9.315
PMLE_LIVE_REPLAY_TIC|tic=4287|mle_ms=7.411
PMLE_LIVE_REPLAY_TIC|tic=4288|mle_ms=8.713
PMLE_LIVE_REPLAY_TIC|tic=4289|mle_ms=8.76
PMLE_LIVE_REPLAY_TIC|tic=4290|mle_ms=9.993
PMLE_LIVE_REPLAY_TIC|tic=4291|mle_ms=10.474
PMLE_LIVE_REPLAY_TIC|tic=4292|mle_ms=10.276
PMLE_LIVE_REPLAY_TIC|tic=4293|mle_ms=10.662
PMLE_LIVE_REPLAY_TIC|tic=4294|mle_ms=10.086
PMLE_LIVE_REPLAY_TIC|tic=4295|mle_ms=9.157
PMLE_LIVE_REPLAY_TIC|tic=4296|mle_ms=10.647
PMLE_LIVE_REPLAY_TIC|tic=4297|mle_ms=8.391
PMLE_LIVE_REPLAY_TIC|tic=4298|mle_ms=8.494
PMLE_LIVE_REPLAY_TIC|tic=4299|mle_ms=8.544
PMLE_LIVE_REPLAY_TIC|tic=4300|mle_ms=10.234
PMLE_LIVE_REPLAY_TIC|tic=4301|mle_ms=10.415
PMLE_LIVE_REPLAY_TIC|tic=4302|mle_ms=11.006
PMLE_LIVE_REPLAY_TIC|tic=4303|mle_ms=11.056
PMLE_LIVE_REPLAY_TIC|tic=4304|mle_ms=10.914
PMLE_LIVE_REPLAY_TIC|tic=4305|mle_ms=8.545
PMLE_LIVE_REPLAY_TIC|tic=4306|mle_ms=9.83
PMLE_LIVE_REPLAY_TIC|tic=4307|mle_ms=8.073
PMLE_LIVE_REPLAY_TIC|tic=4308|mle_ms=10.359
PMLE_LIVE_REPLAY_TIC|tic=4309|mle_ms=10.736
PMLE_LIVE_REPLAY_TIC|tic=4310|mle_ms=11.154
PMLE_LIVE_REPLAY_TIC|tic=4311|mle_ms=10.345
PMLE_LIVE_REPLAY_TIC|tic=4312|mle_ms=11.385
PMLE_LIVE_REPLAY_TIC|tic=4313|mle_ms=11.532
PMLE_LIVE_REPLAY_TIC|tic=4314|mle_ms=12.565
PMLE_LIVE_REPLAY_TIC|tic=4315|mle_ms=11.045
PMLE_LIVE_REPLAY_TIC|tic=4316|mle_ms=11.304
PMLE_LIVE_REPLAY_TIC|tic=4317|mle_ms=9.047
PMLE_LIVE_REPLAY_TIC|tic=4318|mle_ms=10.722
PMLE_LIVE_REPLAY_TIC|tic=4319|mle_ms=9.98
PMLE_LIVE_REPLAY_TIC|tic=4320|mle_ms=10.616
PMLE_LIVE_REPLAY_TIC|tic=4321|mle_ms=10.096
PMLE_LIVE_REPLAY_TIC|tic=4322|mle_ms=10.17
PMLE_LIVE_REPLAY_TIC|tic=4323|mle_ms=10.004
PMLE_LIVE_REPLAY_TIC|tic=4324|mle_ms=10.878
PMLE_LIVE_REPLAY_TIC|tic=4325|mle_ms=8.631
PMLE_LIVE_REPLAY_TIC|tic=4326|mle_ms=11.472
PMLE_LIVE_REPLAY_TIC|tic=4327|mle_ms=10.605
PMLE_LIVE_REPLAY_TIC|tic=4328|mle_ms=9.831
PMLE_LIVE_REPLAY_TIC|tic=4329|mle_ms=9.697
PMLE_LIVE_REPLAY_TIC|tic=4330|mle_ms=10.067
PMLE_LIVE_REPLAY_TIC|tic=4331|mle_ms=9.794
PMLE_LIVE_REPLAY_TIC|tic=4332|mle_ms=10.884
PMLE_LIVE_REPLAY_TIC|tic=4333|mle_ms=9.483
PMLE_LIVE_REPLAY_TIC|tic=4334|mle_ms=9.621
PMLE_LIVE_REPLAY_TIC|tic=4335|mle_ms=9.162
PMLE_LIVE_REPLAY_TIC|tic=4336|mle_ms=11.327
PMLE_LIVE_REPLAY_TIC|tic=4337|mle_ms=10.217
PMLE_LIVE_REPLAY_TIC|tic=4338|mle_ms=10.968
PMLE_LIVE_REPLAY_TIC|tic=4339|mle_ms=10.269
PMLE_LIVE_REPLAY_TIC|tic=4340|mle_ms=9.767
PMLE_LIVE_REPLAY_TIC|tic=4341|mle_ms=9.59
PMLE_LIVE_REPLAY_TIC|tic=4342|mle_ms=10.745
PMLE_LIVE_REPLAY_TIC|tic=4343|mle_ms=9.338
PMLE_LIVE_REPLAY_TIC|tic=4344|mle_ms=10.223
PMLE_LIVE_REPLAY_TIC|tic=4345|mle_ms=10.461
PMLE_LIVE_REPLAY_TIC|tic=4346|mle_ms=11.57
PMLE_LIVE_REPLAY_TIC|tic=4347|mle_ms=9.249
PMLE_LIVE_REPLAY_TIC|tic=4348|mle_ms=10.016
PMLE_LIVE_REPLAY_TIC|tic=4349|mle_ms=10.112
PMLE_LIVE_REPLAY_TIC|tic=4350|mle_ms=10.782
PMLE_LIVE_REPLAY_TIC|tic=4351|mle_ms=10.301
PMLE_LIVE_REPLAY_TIC|tic=4352|mle_ms=10.952
PMLE_LIVE_REPLAY_TIC|tic=4353|mle_ms=9.965
PMLE_LIVE_REPLAY_TIC|tic=4354|mle_ms=11.001
PMLE_LIVE_REPLAY_TIC|tic=4355|mle_ms=10.206
PMLE_LIVE_REPLAY_TIC|tic=4356|mle_ms=10.826
PMLE_LIVE_REPLAY_TIC|tic=4357|mle_ms=9.705
PMLE_LIVE_REPLAY_TIC|tic=4358|mle_ms=10.963
PMLE_LIVE_REPLAY_TIC|tic=4359|mle_ms=9.65
PMLE_LIVE_REPLAY_TIC|tic=4360|mle_ms=10.967
PMLE_LIVE_REPLAY_TIC|tic=4361|mle_ms=18.355
PMLE_LIVE_REPLAY_TIC|tic=4362|mle_ms=12.186
PMLE_LIVE_REPLAY_TIC|tic=4363|mle_ms=11.968
PMLE_LIVE_REPLAY_TIC|tic=4364|mle_ms=12.099
PMLE_LIVE_REPLAY_TIC|tic=4365|mle_ms=10.581
PMLE_LIVE_REPLAY_TIC|tic=4366|mle_ms=12.495
PMLE_LIVE_REPLAY_TIC|tic=4367|mle_ms=9.783
PMLE_LIVE_REPLAY_TIC|tic=4368|mle_ms=10.831
PMLE_LIVE_REPLAY_TIC|tic=4369|mle_ms=10.597
PMLE_LIVE_REPLAY_TIC|tic=4370|mle_ms=9.322
PMLE_LIVE_REPLAY_TIC|tic=4371|mle_ms=8.962
PMLE_LIVE_REPLAY_TIC|tic=4372|mle_ms=10.124
PMLE_LIVE_REPLAY_TIC|tic=4373|mle_ms=8.939
PMLE_LIVE_REPLAY_TIC|tic=4374|mle_ms=10.742
PMLE_LIVE_REPLAY_TIC|tic=4375|mle_ms=9.648
PMLE_LIVE_REPLAY_TIC|tic=4376|mle_ms=10.714
PMLE_LIVE_REPLAY_TIC|tic=4377|mle_ms=8.305
PMLE_LIVE_REPLAY_TIC|tic=4378|mle_ms=8.333
PMLE_LIVE_REPLAY_TIC|tic=4379|mle_ms=8.159
PMLE_LIVE_REPLAY_TIC|tic=4380|mle_ms=9.026
PMLE_LIVE_REPLAY_TIC|tic=4381|mle_ms=9.319
PMLE_LIVE_REPLAY_TIC|tic=4382|mle_ms=10.404
PMLE_LIVE_REPLAY_TIC|tic=4383|mle_ms=8.519
PMLE_LIVE_REPLAY_TIC|tic=4384|mle_ms=10.111
PMLE_LIVE_REPLAY_TIC|tic=4385|mle_ms=10.035
PMLE_LIVE_REPLAY_TIC|tic=4386|mle_ms=12.691
PMLE_LIVE_REPLAY_TIC|tic=4387|mle_ms=10.159
PMLE_LIVE_REPLAY_TIC|tic=4388|mle_ms=9.898
PMLE_LIVE_REPLAY_TIC|tic=4389|mle_ms=8.88
PMLE_LIVE_REPLAY_TIC|tic=4390|mle_ms=9.797
PMLE_LIVE_REPLAY_TIC|tic=4391|mle_ms=9.365
PMLE_LIVE_REPLAY_TIC|tic=4392|mle_ms=10.905
PMLE_LIVE_REPLAY_TIC|tic=4393|mle_ms=9.458
PMLE_LIVE_REPLAY_TIC|tic=4394|mle_ms=9.052
PMLE_LIVE_REPLAY_TIC|tic=4395|mle_ms=9.511
PMLE_LIVE_REPLAY_TIC|tic=4396|mle_ms=10.031
PMLE_LIVE_REPLAY_TIC|tic=4397|mle_ms=9.162
PMLE_LIVE_REPLAY_TIC|tic=4398|mle_ms=10.147
PMLE_LIVE_REPLAY_TIC|tic=4399|mle_ms=10.095
PMLE_LIVE_REPLAY_TIC|tic=4400|mle_ms=9.935
PMLE_LIVE_REPLAY_TIC|tic=4401|mle_ms=8.046
PMLE_LIVE_REPLAY_TIC|tic=4402|mle_ms=9.384
PMLE_LIVE_REPLAY_TIC|tic=4403|mle_ms=10.927
PMLE_LIVE_REPLAY_TIC|tic=4404|mle_ms=12.416
PMLE_LIVE_REPLAY_TIC|tic=4405|mle_ms=11.998
PMLE_LIVE_REPLAY_TIC|tic=4406|mle_ms=12.053
PMLE_LIVE_REPLAY_TIC|tic=4407|mle_ms=10.631
PMLE_LIVE_REPLAY_TIC|tic=4408|mle_ms=11.745
PMLE_LIVE_REPLAY_TIC|tic=4409|mle_ms=11.002
PMLE_LIVE_REPLAY_TIC|tic=4410|mle_ms=10.606
PMLE_LIVE_REPLAY_TIC|tic=4411|mle_ms=10.646
PMLE_LIVE_REPLAY_TIC|tic=4412|mle_ms=11.325
PMLE_LIVE_REPLAY_TIC|tic=4413|mle_ms=10.854
PMLE_LIVE_REPLAY_TIC|tic=4414|mle_ms=11.88
PMLE_LIVE_REPLAY_TIC|tic=4415|mle_ms=10.139
PMLE_LIVE_REPLAY_TIC|tic=4416|mle_ms=11.757
PMLE_LIVE_REPLAY_TIC|tic=4417|mle_ms=10.146
PMLE_LIVE_REPLAY_TIC|tic=4418|mle_ms=9.438
PMLE_LIVE_REPLAY_TIC|tic=4419|mle_ms=9.296
PMLE_LIVE_REPLAY_TIC|tic=4420|mle_ms=9.875
PMLE_LIVE_REPLAY_TIC|tic=4421|mle_ms=9.747
PMLE_LIVE_REPLAY_TIC|tic=4422|mle_ms=12.051
PMLE_LIVE_REPLAY_TIC|tic=4423|mle_ms=12.088
PMLE_LIVE_REPLAY_TIC|tic=4424|mle_ms=11.37
PMLE_LIVE_REPLAY_TIC|tic=4425|mle_ms=9.913
PMLE_LIVE_REPLAY_TIC|tic=4426|mle_ms=11.646
PMLE_LIVE_REPLAY_TIC|tic=4427|mle_ms=9.384
PMLE_LIVE_REPLAY_TIC|tic=4428|mle_ms=10.617
PMLE_LIVE_REPLAY_TIC|tic=4429|mle_ms=9.495
PMLE_LIVE_REPLAY_TIC|tic=4430|mle_ms=8.132
PMLE_LIVE_REPLAY_TIC|tic=4431|mle_ms=8.867
PMLE_LIVE_REPLAY_TIC|tic=4432|mle_ms=11.555
PMLE_LIVE_REPLAY_TIC|tic=4433|mle_ms=10.992
PMLE_LIVE_REPLAY_TIC|tic=4434|mle_ms=11.725
PMLE_LIVE_REPLAY_TIC|tic=4435|mle_ms=10.929
PMLE_LIVE_REPLAY_TIC|tic=4436|mle_ms=11.506
PMLE_LIVE_REPLAY_TIC|tic=4437|mle_ms=8.579
PMLE_LIVE_REPLAY_TIC|tic=4438|mle_ms=8.755
PMLE_LIVE_REPLAY_TIC|tic=4439|mle_ms=8.573
PMLE_LIVE_REPLAY_TIC|tic=4440|mle_ms=9.441
PMLE_LIVE_REPLAY_TIC|tic=4441|mle_ms=9.799
PMLE_LIVE_REPLAY_TIC|tic=4442|mle_ms=11.123
PMLE_LIVE_REPLAY_TIC|tic=4443|mle_ms=10.85
PMLE_LIVE_REPLAY_TIC|tic=4444|mle_ms=12.794
PMLE_LIVE_REPLAY_TIC|tic=4445|mle_ms=10.813
PMLE_LIVE_REPLAY_TIC|tic=4446|mle_ms=12.942
PMLE_LIVE_REPLAY_TIC|tic=4447|mle_ms=11.598
PMLE_LIVE_REPLAY_TIC|tic=4448|mle_ms=10.609
PMLE_LIVE_REPLAY_TIC|tic=4449|mle_ms=10.834
PMLE_LIVE_REPLAY_TIC|tic=4450|mle_ms=11.019
PMLE_LIVE_REPLAY_TIC|tic=4451|mle_ms=11.104
PMLE_LIVE_REPLAY_TIC|tic=4452|mle_ms=13.393
PMLE_LIVE_REPLAY_TIC|tic=4453|mle_ms=13.169
PMLE_LIVE_REPLAY_TIC|tic=4454|mle_ms=13.301
PMLE_LIVE_REPLAY_TIC|tic=4455|mle_ms=12.147
PMLE_LIVE_REPLAY_TIC|tic=4456|mle_ms=14.516
PMLE_LIVE_REPLAY_TIC|tic=4457|mle_ms=17.664
PMLE_LIVE_REPLAY_TIC|tic=4458|mle_ms=12.468
PMLE_LIVE_REPLAY_TIC|tic=4459|mle_ms=11.889
PMLE_LIVE_REPLAY_TIC|tic=4460|mle_ms=10.16
PMLE_LIVE_REPLAY_TIC|tic=4461|mle_ms=8.667
PMLE_LIVE_REPLAY_TIC|tic=4462|mle_ms=11.232
PMLE_LIVE_REPLAY_TIC|tic=4463|mle_ms=11.655
PMLE_LIVE_REPLAY_TIC|tic=4464|mle_ms=13.935
PMLE_LIVE_REPLAY_TIC|tic=4465|mle_ms=12.342
PMLE_LIVE_REPLAY_TIC|tic=4466|mle_ms=12.253
PMLE_LIVE_REPLAY_TIC|tic=4467|mle_ms=10.085
PMLE_LIVE_REPLAY_TIC|tic=4468|mle_ms=11.496
PMLE_LIVE_REPLAY_TIC|tic=4469|mle_ms=11.228
PMLE_LIVE_REPLAY_TIC|tic=4470|mle_ms=11.649
PMLE_LIVE_REPLAY_TIC|tic=4471|mle_ms=12.186
PMLE_LIVE_REPLAY_TIC|tic=4472|mle_ms=12.678
PMLE_LIVE_REPLAY_TIC|tic=4473|mle_ms=12.003
PMLE_LIVE_REPLAY_TIC|tic=4474|mle_ms=14.429
PMLE_LIVE_REPLAY_TIC|tic=4475|mle_ms=12.764
PMLE_LIVE_REPLAY_TIC|tic=4476|mle_ms=12.798
PMLE_LIVE_REPLAY_TIC|tic=4477|mle_ms=10.703
PMLE_LIVE_REPLAY_TIC|tic=4478|mle_ms=10.231
PMLE_LIVE_REPLAY_TIC|tic=4479|mle_ms=9.655
PMLE_LIVE_REPLAY_TIC|tic=4480|mle_ms=9.775
PMLE_LIVE_REPLAY_TIC|tic=4481|mle_ms=10.001
PMLE_LIVE_REPLAY_TIC|tic=4482|mle_ms=11.077
PMLE_LIVE_REPLAY_TIC|tic=4483|mle_ms=11.618
PMLE_LIVE_REPLAY_TIC|tic=4484|mle_ms=12.609
PMLE_LIVE_REPLAY_TIC|tic=4485|mle_ms=10.102
PMLE_LIVE_REPLAY_TIC|tic=4486|mle_ms=11.206
PMLE_LIVE_REPLAY_TIC|tic=4487|mle_ms=9.251
PMLE_LIVE_REPLAY_TIC|tic=4488|mle_ms=10.126
PMLE_LIVE_REPLAY_TIC|tic=4489|mle_ms=10.113
PMLE_LIVE_REPLAY_TIC|tic=4490|mle_ms=8.27
PMLE_LIVE_REPLAY_TIC|tic=4491|mle_ms=8.231
PMLE_LIVE_REPLAY_TIC|tic=4492|mle_ms=9.632
PMLE_LIVE_REPLAY_TIC|tic=4493|mle_ms=11.007
PMLE_LIVE_REPLAY_TIC|tic=4494|mle_ms=12.468
PMLE_LIVE_REPLAY_TIC|tic=4495|mle_ms=11.367
PMLE_LIVE_REPLAY_TIC|tic=4496|mle_ms=12.165
PMLE_LIVE_REPLAY_TIC|tic=4497|mle_ms=10.454
PMLE_LIVE_REPLAY_TIC|tic=4498|mle_ms=10.848
PMLE_LIVE_REPLAY_TIC|tic=4499|mle_ms=10.858
PMLE_LIVE_REPLAY_TIC|tic=4500|mle_ms=11.212
PMLE_LIVE_REPLAY_TIC|tic=4501|mle_ms=11.088
PMLE_LIVE_REPLAY_TIC|tic=4502|mle_ms=11.366
PMLE_LIVE_REPLAY_TIC|tic=4503|mle_ms=10.131
PMLE_LIVE_REPLAY_TIC|tic=4504|mle_ms=11.375
PMLE_LIVE_REPLAY_TIC|tic=4505|mle_ms=10.216
PMLE_LIVE_REPLAY_TIC|tic=4506|mle_ms=11.341
PMLE_LIVE_REPLAY_TIC|tic=4507|mle_ms=8.301
PMLE_LIVE_REPLAY_TIC|tic=4508|mle_ms=8.736
PMLE_LIVE_REPLAY_TIC|tic=4509|mle_ms=9.779
PMLE_LIVE_REPLAY_TIC|tic=4510|mle_ms=10.088
PMLE_LIVE_REPLAY_TIC|tic=4511|mle_ms=9.671
PMLE_LIVE_REPLAY_TIC|tic=4512|mle_ms=11.653
PMLE_LIVE_REPLAY_TIC|tic=4513|mle_ms=10.787
PMLE_LIVE_REPLAY_TIC|tic=4514|mle_ms=9.591
PMLE_LIVE_REPLAY_TIC|tic=4515|mle_ms=8.749
PMLE_LIVE_REPLAY_TIC|tic=4516|mle_ms=10.819
PMLE_LIVE_REPLAY_TIC|tic=4517|mle_ms=8.011
PMLE_LIVE_REPLAY_TIC|tic=4518|mle_ms=8.357
PMLE_LIVE_REPLAY_TIC|tic=4519|mle_ms=9.829
PMLE_LIVE_REPLAY_TIC|tic=4520|mle_ms=9.817
PMLE_LIVE_REPLAY_TIC|tic=4521|mle_ms=9.285
PMLE_LIVE_REPLAY_TIC|tic=4522|mle_ms=10.836
PMLE_LIVE_REPLAY_TIC|tic=4523|mle_ms=10.723
PMLE_LIVE_REPLAY_TIC|tic=4524|mle_ms=10.908
PMLE_LIVE_REPLAY_TIC|tic=4525|mle_ms=9.18
PMLE_LIVE_REPLAY_TIC|tic=4526|mle_ms=10.708
PMLE_LIVE_REPLAY_TIC|tic=4527|mle_ms=7.595
PMLE_LIVE_REPLAY_TIC|tic=4528|mle_ms=7.742
PMLE_LIVE_REPLAY_TIC|tic=4529|mle_ms=8.985
PMLE_LIVE_REPLAY_TIC|tic=4530|mle_ms=9.642
PMLE_LIVE_REPLAY_TIC|tic=4531|mle_ms=9.152
PMLE_LIVE_REPLAY_TIC|tic=4532|mle_ms=8.994
PMLE_LIVE_REPLAY_TIC|tic=4533|mle_ms=9.563
PMLE_LIVE_REPLAY_TIC|tic=4534|mle_ms=10.413
PMLE_LIVE_REPLAY_TIC|tic=4535|mle_ms=9.659
PMLE_LIVE_REPLAY_TIC|tic=4536|mle_ms=11.333
PMLE_LIVE_REPLAY_TIC|tic=4537|mle_ms=9.164
PMLE_LIVE_REPLAY_TIC|tic=4538|mle_ms=8.255
PMLE_LIVE_REPLAY_TIC|tic=4539|mle_ms=7.9
PMLE_LIVE_REPLAY_TIC|tic=4540|mle_ms=9.791
PMLE_LIVE_REPLAY_TIC|tic=4541|mle_ms=9.377
PMLE_LIVE_REPLAY_TIC|tic=4542|mle_ms=11.313
PMLE_LIVE_REPLAY_TIC|tic=4543|mle_ms=10.684
PMLE_LIVE_REPLAY_TIC|tic=4544|mle_ms=11.37
PMLE_LIVE_REPLAY_TIC|tic=4545|mle_ms=10.047
PMLE_LIVE_REPLAY_TIC|tic=4546|mle_ms=12.51
PMLE_LIVE_REPLAY_TIC|tic=4547|mle_ms=10.624
PMLE_LIVE_REPLAY_TIC|tic=4548|mle_ms=11.459
PMLE_LIVE_REPLAY_TIC|tic=4549|mle_ms=10.584
PMLE_LIVE_REPLAY_TIC|tic=4550|mle_ms=10.312
PMLE_LIVE_REPLAY_TIC|tic=4551|mle_ms=16.349
PMLE_LIVE_REPLAY_TIC|tic=4552|mle_ms=11.666
PMLE_LIVE_REPLAY_TIC|tic=4553|mle_ms=11.15
PMLE_LIVE_REPLAY_TIC|tic=4554|mle_ms=12.405
PMLE_LIVE_REPLAY_TIC|tic=4555|mle_ms=10.354
PMLE_LIVE_REPLAY_TIC|tic=4556|mle_ms=11.77
PMLE_LIVE_REPLAY_TIC|tic=4557|mle_ms=8.526
PMLE_LIVE_REPLAY_TIC|tic=4558|mle_ms=9.004
PMLE_LIVE_REPLAY_TIC|tic=4559|mle_ms=10.039
PMLE_LIVE_REPLAY_TIC|tic=4560|mle_ms=10.726
PMLE_LIVE_REPLAY_TIC|tic=4561|mle_ms=10.666
PMLE_LIVE_REPLAY_TIC|tic=4562|mle_ms=11.017
PMLE_LIVE_REPLAY_TIC|tic=4563|mle_ms=10.502
PMLE_LIVE_REPLAY_TIC|tic=4564|mle_ms=11.39
PMLE_LIVE_REPLAY_TIC|tic=4565|mle_ms=9.089
PMLE_LIVE_REPLAY_TIC|tic=4566|mle_ms=10.097
PMLE_LIVE_REPLAY_TIC|tic=4567|mle_ms=8.537
PMLE_LIVE_REPLAY_TIC|tic=4568|mle_ms=7.981
PMLE_LIVE_REPLAY_TIC|tic=4569|mle_ms=7.578
PMLE_LIVE_REPLAY_TIC|tic=4570|mle_ms=8.714
PMLE_LIVE_REPLAY_TIC|tic=4571|mle_ms=9.365
PMLE_LIVE_REPLAY_TIC|tic=4572|mle_ms=10.365
PMLE_LIVE_REPLAY_TIC|tic=4573|mle_ms=10.988
PMLE_LIVE_REPLAY_TIC|tic=4574|mle_ms=11.77
PMLE_LIVE_REPLAY_TIC|tic=4575|mle_ms=9.453
PMLE_LIVE_REPLAY_TIC|tic=4576|mle_ms=10.777
PMLE_LIVE_REPLAY_TIC|tic=4577|mle_ms=8.986
PMLE_LIVE_REPLAY_TIC|tic=4578|mle_ms=10.033
PMLE_LIVE_REPLAY_TIC|tic=4579|mle_ms=8.678
PMLE_LIVE_REPLAY_TIC|tic=4580|mle_ms=9.809
PMLE_LIVE_REPLAY_TIC|tic=4581|mle_ms=10.395
PMLE_LIVE_REPLAY_TIC|tic=4582|mle_ms=10.761
PMLE_LIVE_REPLAY_TIC|tic=4583|mle_ms=11.114
PMLE_LIVE_REPLAY_TIC|tic=4584|mle_ms=12.12
PMLE_LIVE_REPLAY_TIC|tic=4585|mle_ms=10.504
PMLE_LIVE_REPLAY_TIC|tic=4586|mle_ms=11.522
PMLE_LIVE_REPLAY_TIC|tic=4587|mle_ms=8.73
PMLE_LIVE_REPLAY_TIC|tic=4588|mle_ms=8.731
PMLE_LIVE_REPLAY_TIC|tic=4589|mle_ms=8.037
PMLE_LIVE_REPLAY_TIC|tic=4590|mle_ms=9.393
PMLE_LIVE_REPLAY_TIC|tic=4591|mle_ms=10.249
PMLE_LIVE_REPLAY_TIC|tic=4592|mle_ms=11.002
PMLE_LIVE_REPLAY_TIC|tic=4593|mle_ms=10.197
PMLE_LIVE_REPLAY_TIC|tic=4594|mle_ms=13.046
PMLE_LIVE_REPLAY_TIC|tic=4595|mle_ms=11.379
PMLE_LIVE_REPLAY_TIC|tic=4596|mle_ms=13.27
PMLE_LIVE_REPLAY_TIC|tic=4597|mle_ms=9.993
PMLE_LIVE_REPLAY_TIC|tic=4598|mle_ms=9.492
PMLE_LIVE_REPLAY_TIC|tic=4599|mle_ms=9.759
PMLE_LIVE_REPLAY_TIC|tic=4600|mle_ms=10.988
PMLE_LIVE_REPLAY_TIC|tic=4601|mle_ms=11.188
PMLE_LIVE_REPLAY_TIC|tic=4602|mle_ms=11.581
PMLE_LIVE_REPLAY_TIC|tic=4603|mle_ms=11.702
PMLE_LIVE_REPLAY_TIC|tic=4604|mle_ms=12.631
PMLE_LIVE_REPLAY_TIC|tic=4605|mle_ms=10.246
PMLE_LIVE_REPLAY_TIC|tic=4606|mle_ms=11.672
PMLE_LIVE_REPLAY_TIC|tic=4607|mle_ms=9.519
PMLE_LIVE_REPLAY_TIC|tic=4608|mle_ms=10.573
PMLE_LIVE_REPLAY_TIC|tic=4609|mle_ms=10.733
PMLE_LIVE_REPLAY_TIC|tic=4610|mle_ms=9.927
PMLE_LIVE_REPLAY_TIC|tic=4611|mle_ms=9.274
PMLE_LIVE_REPLAY_TIC|tic=4612|mle_ms=10.298
PMLE_LIVE_REPLAY_TIC|tic=4613|mle_ms=9.539
PMLE_LIVE_REPLAY_TIC|tic=4614|mle_ms=9.878
PMLE_LIVE_REPLAY_TIC|tic=4615|mle_ms=8.496
PMLE_LIVE_REPLAY_TIC|tic=4616|mle_ms=10.205
PMLE_LIVE_REPLAY_TIC|tic=4617|mle_ms=8.799
PMLE_LIVE_REPLAY_TIC|tic=4618|mle_ms=9.786
PMLE_LIVE_REPLAY_TIC|tic=4619|mle_ms=10.446
PMLE_LIVE_REPLAY_TIC|tic=4620|mle_ms=10.761
PMLE_LIVE_REPLAY_TIC|tic=4621|mle_ms=10.486
PMLE_LIVE_REPLAY_TIC|tic=4622|mle_ms=10.681
PMLE_LIVE_REPLAY_TIC|tic=4623|mle_ms=10.266
PMLE_LIVE_REPLAY_TIC|tic=4624|mle_ms=11.394
PMLE_LIVE_REPLAY_TIC|tic=4625|mle_ms=11.419
PMLE_LIVE_REPLAY_TIC|tic=4626|mle_ms=12.799
PMLE_LIVE_REPLAY_TIC|tic=4627|mle_ms=10.56
PMLE_LIVE_REPLAY_TIC|tic=4628|mle_ms=10.59
PMLE_LIVE_REPLAY_TIC|tic=4629|mle_ms=9.772
PMLE_LIVE_REPLAY_TIC|tic=4630|mle_ms=10.103
PMLE_LIVE_REPLAY_TIC|tic=4631|mle_ms=9.823
PMLE_LIVE_REPLAY_TIC|tic=4632|mle_ms=11.04
PMLE_LIVE_REPLAY_TIC|tic=4633|mle_ms=10.437
PMLE_LIVE_REPLAY_TIC|tic=4634|mle_ms=9.892
PMLE_LIVE_REPLAY_TIC|tic=4635|mle_ms=9.303
PMLE_LIVE_REPLAY_TIC|tic=4636|mle_ms=11.903
PMLE_LIVE_REPLAY_TIC|tic=4637|mle_ms=9.498
PMLE_LIVE_REPLAY_TIC|tic=4638|mle_ms=10.187
PMLE_LIVE_REPLAY_TIC|tic=4639|mle_ms=10.766
PMLE_LIVE_REPLAY_TIC|tic=4640|mle_ms=10.597
PMLE_LIVE_REPLAY_TIC|tic=4641|mle_ms=10.403
PMLE_LIVE_REPLAY_TIC|tic=4642|mle_ms=11.652
PMLE_LIVE_REPLAY_TIC|tic=4643|mle_ms=10.879
PMLE_LIVE_REPLAY_TIC|tic=4644|mle_ms=18.461
PMLE_LIVE_REPLAY_TIC|tic=4645|mle_ms=11.885
PMLE_LIVE_REPLAY_TIC|tic=4646|mle_ms=12.384
PMLE_LIVE_REPLAY_TIC|tic=4647|mle_ms=9.425
PMLE_LIVE_REPLAY_TIC|tic=4648|mle_ms=9.914
PMLE_LIVE_REPLAY_TIC|tic=4649|mle_ms=9.267
PMLE_LIVE_REPLAY_TIC|tic=4650|mle_ms=10.334
PMLE_LIVE_REPLAY_TIC|tic=4651|mle_ms=10.1
PMLE_LIVE_REPLAY_TIC|tic=4652|mle_ms=9.618
PMLE_LIVE_REPLAY_TIC|tic=4653|mle_ms=8.888
PMLE_LIVE_REPLAY_TIC|tic=4654|mle_ms=11.371
PMLE_LIVE_REPLAY_TIC|tic=4655|mle_ms=10.247
PMLE_LIVE_REPLAY_TIC|tic=4656|mle_ms=12.001
PMLE_LIVE_REPLAY_TIC|tic=4657|mle_ms=9.981
PMLE_LIVE_REPLAY_TIC|tic=4658|mle_ms=9.818
PMLE_LIVE_REPLAY_TIC|tic=4659|mle_ms=9.574
PMLE_LIVE_REPLAY_TIC|tic=4660|mle_ms=10.656
PMLE_LIVE_REPLAY_TIC|tic=4661|mle_ms=10.813
PMLE_LIVE_REPLAY_TIC|tic=4662|mle_ms=13.155
PMLE_LIVE_REPLAY_TIC|tic=4663|mle_ms=14.355
PMLE_LIVE_REPLAY_TIC|tic=4664|mle_ms=13.573
PMLE_LIVE_REPLAY_TIC|tic=4665|mle_ms=10.533
PMLE_LIVE_REPLAY_TIC|tic=4666|mle_ms=12.586
PMLE_LIVE_REPLAY_TIC|tic=4667|mle_ms=10.764
PMLE_LIVE_REPLAY_TIC|tic=4668|mle_ms=11.322
PMLE_LIVE_REPLAY_TIC|tic=4669|mle_ms=10.53
PMLE_LIVE_REPLAY_TIC|tic=4670|mle_ms=9.239
PMLE_LIVE_REPLAY_TIC|tic=4671|mle_ms=7.925
PMLE_LIVE_REPLAY_TIC|tic=4672|mle_ms=10.049
PMLE_LIVE_REPLAY_TIC|tic=4673|mle_ms=10.721
PMLE_LIVE_REPLAY_TIC|tic=4674|mle_ms=12.023
PMLE_LIVE_REPLAY_TIC|tic=4675|mle_ms=11.092
PMLE_LIVE_REPLAY_TIC|tic=4676|mle_ms=10.924
PMLE_LIVE_REPLAY_TIC|tic=4677|mle_ms=8.194
PMLE_LIVE_REPLAY_TIC|tic=4678|mle_ms=8.115
PMLE_LIVE_REPLAY_TIC|tic=4679|mle_ms=8.93
PMLE_LIVE_REPLAY_TIC|tic=4680|mle_ms=8.654
PMLE_LIVE_REPLAY_TIC|tic=4681|mle_ms=8.805
PMLE_LIVE_REPLAY_TIC|tic=4682|mle_ms=9.151
PMLE_LIVE_REPLAY_TIC|tic=4683|mle_ms=9.429
PMLE_LIVE_REPLAY_TIC|tic=4684|mle_ms=10.951
PMLE_LIVE_REPLAY_TIC|tic=4685|mle_ms=10.606
PMLE_LIVE_REPLAY_TIC|tic=4686|mle_ms=12.907
PMLE_LIVE_REPLAY_TIC|tic=4687|mle_ms=10.466
PMLE_LIVE_REPLAY_TIC|tic=4688|mle_ms=10.422
PMLE_LIVE_REPLAY_TIC|tic=4689|mle_ms=10.097
PMLE_LIVE_REPLAY_TIC|tic=4690|mle_ms=9.994
PMLE_LIVE_REPLAY_TIC|tic=4691|mle_ms=10.358
PMLE_LIVE_REPLAY_TIC|tic=4692|mle_ms=11.583
PMLE_LIVE_REPLAY_TIC|tic=4693|mle_ms=11.296
PMLE_LIVE_REPLAY_TIC|tic=4694|mle_ms=12.353
PMLE_LIVE_REPLAY_TIC|tic=4695|mle_ms=10.095
PMLE_LIVE_REPLAY_TIC|tic=4696|mle_ms=11.455
PMLE_LIVE_REPLAY_TIC|tic=4697|mle_ms=9.646
PMLE_LIVE_REPLAY_TIC|tic=4698|mle_ms=10.738
PMLE_LIVE_REPLAY_TIC|tic=4699|mle_ms=10.341
PMLE_LIVE_REPLAY_TIC|tic=4700|mle_ms=9.156
PMLE_LIVE_REPLAY_TIC|tic=4701|mle_ms=9.962
PMLE_LIVE_REPLAY_TIC|tic=4702|mle_ms=11.501
PMLE_LIVE_REPLAY_TIC|tic=4703|mle_ms=11.2
PMLE_LIVE_REPLAY_TIC|tic=4704|mle_ms=12.969
PMLE_LIVE_REPLAY_TIC|tic=4705|mle_ms=11.729
PMLE_LIVE_REPLAY_TIC|tic=4706|mle_ms=11.468
PMLE_LIVE_REPLAY_TIC|tic=4707|mle_ms=8.926
PMLE_LIVE_REPLAY_TIC|tic=4708|mle_ms=10.74
PMLE_LIVE_REPLAY_TIC|tic=4709|mle_ms=10.754
PMLE_LIVE_REPLAY_TIC|tic=4710|mle_ms=11.841
PMLE_LIVE_REPLAY_TIC|tic=4711|mle_ms=11.242
PMLE_LIVE_REPLAY_TIC|tic=4712|mle_ms=10.889
PMLE_LIVE_REPLAY_TIC|tic=4713|mle_ms=10.93
PMLE_LIVE_REPLAY_TIC|tic=4714|mle_ms=12.449
PMLE_LIVE_REPLAY_TIC|tic=4715|mle_ms=10.616
PMLE_LIVE_REPLAY_TIC|tic=4716|mle_ms=11.818
PMLE_LIVE_REPLAY_TIC|tic=4717|mle_ms=10.507
PMLE_LIVE_REPLAY_TIC|tic=4718|mle_ms=10.363
PMLE_LIVE_REPLAY_TIC|tic=4719|mle_ms=10.026
PMLE_LIVE_REPLAY_TIC|tic=4720|mle_ms=9.79
PMLE_LIVE_REPLAY_TIC|tic=4721|mle_ms=10.256
PMLE_LIVE_REPLAY_TIC|tic=4722|mle_ms=11.3
PMLE_LIVE_REPLAY_TIC|tic=4723|mle_ms=11.736
PMLE_LIVE_REPLAY_TIC|tic=4724|mle_ms=11.58
PMLE_LIVE_REPLAY_TIC|tic=4725|mle_ms=8.741
PMLE_LIVE_REPLAY_TIC|tic=4726|mle_ms=10.6
PMLE_LIVE_REPLAY_TIC|tic=4727|mle_ms=9.684
PMLE_LIVE_REPLAY_TIC|tic=4728|mle_ms=10.081
PMLE_LIVE_REPLAY_TIC|tic=4729|mle_ms=10.971
PMLE_LIVE_REPLAY_TIC|tic=4730|mle_ms=10.163
PMLE_LIVE_REPLAY_TIC|tic=4731|mle_ms=10.238
PMLE_LIVE_REPLAY_TIC|tic=4732|mle_ms=12.018
PMLE_LIVE_REPLAY_TIC|tic=4733|mle_ms=12.08
PMLE_LIVE_REPLAY_TIC|tic=4734|mle_ms=12.54
PMLE_LIVE_REPLAY_TIC|tic=4735|mle_ms=11.473
PMLE_LIVE_REPLAY_TIC|tic=4736|mle_ms=17.883
PMLE_LIVE_REPLAY_TIC|tic=4737|mle_ms=10.213
PMLE_LIVE_REPLAY_TIC|tic=4738|mle_ms=10.04
PMLE_LIVE_REPLAY_TIC|tic=4739|mle_ms=10.253
PMLE_LIVE_REPLAY_TIC|tic=4740|mle_ms=10.64
PMLE_LIVE_REPLAY_TIC|tic=4741|mle_ms=10.409
PMLE_LIVE_REPLAY_TIC|tic=4742|mle_ms=11.197
PMLE_LIVE_REPLAY_TIC|tic=4743|mle_ms=10.162
PMLE_LIVE_REPLAY_TIC|tic=4744|mle_ms=11.466
PMLE_LIVE_REPLAY_TIC|tic=4745|mle_ms=10.424
PMLE_LIVE_REPLAY_TIC|tic=4746|mle_ms=11.554
PMLE_LIVE_REPLAY_TIC|tic=4747|mle_ms=10.095
PMLE_LIVE_REPLAY_TIC|tic=4748|mle_ms=10.018
PMLE_LIVE_REPLAY_TIC|tic=4749|mle_ms=9.732
PMLE_LIVE_REPLAY_TIC|tic=4750|mle_ms=10.289
PMLE_LIVE_REPLAY_TIC|tic=4751|mle_ms=9.726
PMLE_LIVE_REPLAY_TIC|tic=4752|mle_ms=10.999
PMLE_LIVE_REPLAY_TIC|tic=4753|mle_ms=11.639
PMLE_LIVE_REPLAY_TIC|tic=4754|mle_ms=11.884
PMLE_LIVE_REPLAY_TIC|tic=4755|mle_ms=10.684
PMLE_LIVE_REPLAY_TIC|tic=4756|mle_ms=11.558
PMLE_LIVE_REPLAY_TIC|tic=4757|mle_ms=9.005
PMLE_LIVE_REPLAY_TIC|tic=4758|mle_ms=10.572
PMLE_LIVE_REPLAY_TIC|tic=4759|mle_ms=9.941
PMLE_LIVE_REPLAY_TIC|tic=4760|mle_ms=8.92
PMLE_LIVE_REPLAY_TIC|tic=4761|mle_ms=8.684
PMLE_LIVE_REPLAY_TIC|tic=4762|mle_ms=9.157
PMLE_LIVE_REPLAY_TIC|tic=4763|mle_ms=9.667
PMLE_LIVE_REPLAY_TIC|tic=4764|mle_ms=12.148
PMLE_LIVE_REPLAY_TIC|tic=4765|mle_ms=10.899
PMLE_LIVE_REPLAY_TIC|tic=4766|mle_ms=11.754
PMLE_LIVE_REPLAY_TIC|tic=4767|mle_ms=8.702
PMLE_LIVE_REPLAY_TIC|tic=4768|mle_ms=8.333
PMLE_LIVE_REPLAY_TIC|tic=4769|mle_ms=9.174
PMLE_LIVE_REPLAY_TIC|tic=4770|mle_ms=9.643
PMLE_LIVE_REPLAY_TIC|tic=4771|mle_ms=8.242
PMLE_LIVE_REPLAY_TIC|tic=4772|mle_ms=9.006
PMLE_LIVE_REPLAY_TIC|tic=4773|mle_ms=9.485
PMLE_LIVE_REPLAY_TIC|tic=4774|mle_ms=11.804
PMLE_LIVE_REPLAY_TIC|tic=4775|mle_ms=10.129
PMLE_LIVE_REPLAY_TIC|tic=4776|mle_ms=12.308
PMLE_LIVE_REPLAY_TIC|tic=4777|mle_ms=10.35
PMLE_LIVE_REPLAY_TIC|tic=4778|mle_ms=11.239
PMLE_LIVE_REPLAY_TIC|tic=4779|mle_ms=10.192
PMLE_LIVE_REPLAY_TIC|tic=4780|mle_ms=10.603
PMLE_LIVE_REPLAY_TIC|tic=4781|mle_ms=10.476
PMLE_LIVE_REPLAY_TIC|tic=4782|mle_ms=12.159
PMLE_LIVE_REPLAY_TIC|tic=4783|mle_ms=11.354
PMLE_LIVE_REPLAY_TIC|tic=4784|mle_ms=12.074
PMLE_LIVE_REPLAY_TIC|tic=4785|mle_ms=10.18
PMLE_LIVE_REPLAY_TIC|tic=4786|mle_ms=11.569
PMLE_LIVE_REPLAY_TIC|tic=4787|mle_ms=9.45
PMLE_LIVE_REPLAY_TIC|tic=4788|mle_ms=10.69
PMLE_LIVE_REPLAY_TIC|tic=4789|mle_ms=9.798
PMLE_LIVE_REPLAY_TIC|tic=4790|mle_ms=9.219
PMLE_LIVE_REPLAY_TIC|tic=4791|mle_ms=8.581
PMLE_LIVE_REPLAY_TIC|tic=4792|mle_ms=11.489
PMLE_LIVE_REPLAY_TIC|tic=4793|mle_ms=10.845
PMLE_LIVE_REPLAY_TIC|tic=4794|mle_ms=12.564
PMLE_LIVE_REPLAY_TIC|tic=4795|mle_ms=11.331
PMLE_LIVE_REPLAY_TIC|tic=4796|mle_ms=11.68
PMLE_LIVE_REPLAY_TIC|tic=4797|mle_ms=9.184
PMLE_LIVE_REPLAY_TIC|tic=4798|mle_ms=9.889
PMLE_LIVE_REPLAY_TIC|tic=4799|mle_ms=9.081
PMLE_LIVE_REPLAY_TIC|tic=4800|mle_ms=9.063
PMLE_LIVE_REPLAY_TIC|tic=4801|mle_ms=10.573
PMLE_LIVE_REPLAY_TIC|tic=4802|mle_ms=10.502
PMLE_LIVE_REPLAY_TIC|tic=4803|mle_ms=10.245
PMLE_LIVE_REPLAY_TIC|tic=4804|mle_ms=11.196
PMLE_LIVE_REPLAY_TIC|tic=4805|mle_ms=9.643
PMLE_LIVE_REPLAY_TIC|tic=4806|mle_ms=11.55
PMLE_LIVE_REPLAY_TIC|tic=4807|mle_ms=8.43
PMLE_LIVE_REPLAY_TIC|tic=4808|mle_ms=8.072
PMLE_LIVE_REPLAY_TIC|tic=4809|mle_ms=8.008
PMLE_LIVE_REPLAY_TIC|tic=4810|mle_ms=9.884
PMLE_LIVE_REPLAY_TIC|tic=4811|mle_ms=10.408
PMLE_LIVE_REPLAY_TIC|tic=4812|mle_ms=10.871
PMLE_LIVE_REPLAY_TIC|tic=4813|mle_ms=10.762
PMLE_LIVE_REPLAY_TIC|tic=4814|mle_ms=11.435
PMLE_LIVE_REPLAY_TIC|tic=4815|mle_ms=9.392
PMLE_LIVE_REPLAY_TIC|tic=4816|mle_ms=11.285
PMLE_LIVE_REPLAY_TIC|tic=4817|mle_ms=8.888
PMLE_LIVE_REPLAY_TIC|tic=4818|mle_ms=9.525
PMLE_LIVE_REPLAY_TIC|tic=4819|mle_ms=9.243
PMLE_LIVE_REPLAY_TIC|tic=4820|mle_ms=9.061
PMLE_LIVE_REPLAY_TIC|tic=4821|mle_ms=9.715
PMLE_LIVE_REPLAY_TIC|tic=4822|mle_ms=11.538
PMLE_LIVE_REPLAY_TIC|tic=4823|mle_ms=11.636
PMLE_LIVE_REPLAY_TIC|tic=4824|mle_ms=11.765
PMLE_LIVE_REPLAY_TIC|tic=4825|mle_ms=10.377
PMLE_LIVE_REPLAY_TIC|tic=4826|mle_ms=11.239
PMLE_LIVE_REPLAY_TIC|tic=4827|mle_ms=15.761
PMLE_LIVE_REPLAY_TIC|tic=4828|mle_ms=10.962
PMLE_LIVE_REPLAY_TIC|tic=4829|mle_ms=10.573
PMLE_LIVE_REPLAY_TIC|tic=4830|mle_ms=11.321
PMLE_LIVE_REPLAY_TIC|tic=4831|mle_ms=10.814
PMLE_LIVE_REPLAY_TIC|tic=4832|mle_ms=10.767
PMLE_LIVE_REPLAY_TIC|tic=4833|mle_ms=11.011
PMLE_LIVE_REPLAY_TIC|tic=4834|mle_ms=12.324
PMLE_LIVE_REPLAY_TIC|tic=4835|mle_ms=10.102
PMLE_LIVE_REPLAY_TIC|tic=4836|mle_ms=11.616
PMLE_LIVE_REPLAY_TIC|tic=4837|mle_ms=10.494
PMLE_LIVE_REPLAY_TIC|tic=4838|mle_ms=10.177
PMLE_LIVE_REPLAY_TIC|tic=4839|mle_ms=10.203
PMLE_LIVE_REPLAY_TIC|tic=4840|mle_ms=9.576
PMLE_LIVE_REPLAY_TIC|tic=4841|mle_ms=9.647
PMLE_LIVE_REPLAY_TIC|tic=4842|mle_ms=11.01
PMLE_LIVE_REPLAY_TIC|tic=4843|mle_ms=11.04
PMLE_LIVE_REPLAY_TIC|tic=4844|mle_ms=11.267
PMLE_LIVE_REPLAY_TIC|tic=4845|mle_ms=8.24
PMLE_LIVE_REPLAY_TIC|tic=4846|mle_ms=9.132
PMLE_LIVE_REPLAY_TIC|tic=4847|mle_ms=8.49
PMLE_LIVE_REPLAY_TIC|tic=4848|mle_ms=10.125
PMLE_LIVE_REPLAY_TIC|tic=4849|mle_ms=10.326
PMLE_LIVE_REPLAY_TIC|tic=4850|mle_ms=9.127
PMLE_LIVE_REPLAY_TIC|tic=4851|mle_ms=7.897
PMLE_LIVE_REPLAY_TIC|tic=4852|mle_ms=8.675
PMLE_LIVE_REPLAY_TIC|tic=4853|mle_ms=8.824
PMLE_LIVE_REPLAY_TIC|tic=4854|mle_ms=9.803
PMLE_LIVE_REPLAY_TIC|tic=4855|mle_ms=9.024
PMLE_LIVE_REPLAY_TIC|tic=4856|mle_ms=9.284
PMLE_LIVE_REPLAY_TIC|tic=4857|mle_ms=7.575
PMLE_LIVE_REPLAY_TIC|tic=4858|mle_ms=9.513
PMLE_LIVE_REPLAY_TIC|tic=4859|mle_ms=9.576
PMLE_LIVE_REPLAY_TIC|tic=4860|mle_ms=10.567
PMLE_LIVE_REPLAY_TIC|tic=4861|mle_ms=9.962
PMLE_LIVE_REPLAY_TIC|tic=4862|mle_ms=10.596
PMLE_LIVE_REPLAY_TIC|tic=4863|mle_ms=10.4
PMLE_LIVE_REPLAY_TIC|tic=4864|mle_ms=11.502
PMLE_LIVE_REPLAY_TIC|tic=4865|mle_ms=10.583
PMLE_LIVE_REPLAY_TIC|tic=4866|mle_ms=11.797
PMLE_LIVE_REPLAY_TIC|tic=4867|mle_ms=9.924
PMLE_LIVE_REPLAY_TIC|tic=4868|mle_ms=10.699
PMLE_LIVE_REPLAY_TIC|tic=4869|mle_ms=9.561
PMLE_LIVE_REPLAY_TIC|tic=4870|mle_ms=10.672
PMLE_LIVE_REPLAY_TIC|tic=4871|mle_ms=9.952
PMLE_LIVE_REPLAY_TIC|tic=4872|mle_ms=11.303
PMLE_LIVE_REPLAY_TIC|tic=4873|mle_ms=12.344
PMLE_LIVE_REPLAY_TIC|tic=4874|mle_ms=12.379
PMLE_LIVE_REPLAY_TIC|tic=4875|mle_ms=10.837
PMLE_LIVE_REPLAY_TIC|tic=4876|mle_ms=12.026
PMLE_LIVE_REPLAY_TIC|tic=4877|mle_ms=9.963
PMLE_LIVE_REPLAY_TIC|tic=4878|mle_ms=11.138
PMLE_LIVE_REPLAY_TIC|tic=4879|mle_ms=11.151
PMLE_LIVE_REPLAY_TIC|tic=4880|mle_ms=10.412
PMLE_LIVE_REPLAY_TIC|tic=4881|mle_ms=9.657
PMLE_LIVE_REPLAY_TIC|tic=4882|mle_ms=10.708
PMLE_LIVE_REPLAY_TIC|tic=4883|mle_ms=11.118
PMLE_LIVE_REPLAY_TIC|tic=4884|mle_ms=13.689
PMLE_LIVE_REPLAY_TIC|tic=4885|mle_ms=9.071
PMLE_LIVE_REPLAY_TIC|tic=4886|mle_ms=9.469
PMLE_LIVE_REPLAY_TIC|tic=4887|mle_ms=7.817
PMLE_LIVE_REPLAY_TIC|tic=4888|mle_ms=9.244
PMLE_LIVE_REPLAY_TIC|tic=4889|mle_ms=10.173
PMLE_LIVE_REPLAY_TIC|tic=4890|mle_ms=10.782
PMLE_LIVE_REPLAY_TIC|tic=4891|mle_ms=10.504
PMLE_LIVE_REPLAY_TIC|tic=4892|mle_ms=10.28
PMLE_LIVE_REPLAY_TIC|tic=4893|mle_ms=8.842
PMLE_LIVE_REPLAY_TIC|tic=4894|mle_ms=9.734
PMLE_LIVE_REPLAY_TIC|tic=4895|mle_ms=8.294
PMLE_LIVE_REPLAY_TIC|tic=4896|mle_ms=10.016
PMLE_LIVE_REPLAY_TIC|tic=4897|mle_ms=8.83
PMLE_LIVE_REPLAY_TIC|tic=4898|mle_ms=9.409
PMLE_LIVE_REPLAY_TIC|tic=4899|mle_ms=10.245
PMLE_LIVE_REPLAY_TIC|tic=4900|mle_ms=10.276
PMLE_LIVE_REPLAY_TIC|tic=4901|mle_ms=10.213
PMLE_LIVE_REPLAY_TIC|tic=4902|mle_ms=11.404
PMLE_LIVE_REPLAY_TIC|tic=4903|mle_ms=11.117
PMLE_LIVE_REPLAY_TIC|tic=4904|mle_ms=10.897
PMLE_LIVE_REPLAY_TIC|tic=4905|mle_ms=9.676
PMLE_LIVE_REPLAY_TIC|tic=4906|mle_ms=12.198
PMLE_LIVE_REPLAY_TIC|tic=4907|mle_ms=9.791
PMLE_LIVE_REPLAY_TIC|tic=4908|mle_ms=10.567
PMLE_LIVE_REPLAY_TIC|tic=4909|mle_ms=10.564
PMLE_LIVE_REPLAY_TIC|tic=4910|mle_ms=10.061
PMLE_LIVE_REPLAY_TIC|tic=4911|mle_ms=9.912
PMLE_LIVE_REPLAY_TIC|tic=4912|mle_ms=11.578
PMLE_LIVE_REPLAY_TIC|tic=4913|mle_ms=10.498
PMLE_LIVE_REPLAY_TIC|tic=4914|mle_ms=10.555
PMLE_LIVE_REPLAY_TIC|tic=4915|mle_ms=9.721
PMLE_LIVE_REPLAY_TIC|tic=4916|mle_ms=11.341
PMLE_LIVE_REPLAY_TIC|tic=4917|mle_ms=15.731
PMLE_LIVE_REPLAY_TIC|tic=4918|mle_ms=10.811
PMLE_LIVE_REPLAY_TIC|tic=4919|mle_ms=11.423
PMLE_LIVE_REPLAY_TIC|tic=4920|mle_ms=11.299
PMLE_LIVE_REPLAY_TIC|tic=4921|mle_ms=11.085
PMLE_LIVE_REPLAY_TIC|tic=4922|mle_ms=10.982
PMLE_LIVE_REPLAY_TIC|tic=4923|mle_ms=10.726
PMLE_LIVE_REPLAY_TIC|tic=4924|mle_ms=12.099
PMLE_LIVE_REPLAY_TIC|tic=4925|mle_ms=11.007
PMLE_LIVE_REPLAY_TIC|tic=4926|mle_ms=12.216
PMLE_LIVE_REPLAY_TIC|tic=4927|mle_ms=10.512
PMLE_LIVE_REPLAY_TIC|tic=4928|mle_ms=9.324
PMLE_LIVE_REPLAY_TIC|tic=4929|mle_ms=9.567
PMLE_LIVE_REPLAY_TIC|tic=4930|mle_ms=10.138
PMLE_LIVE_REPLAY_TIC|tic=4931|mle_ms=10.164
PMLE_LIVE_REPLAY_TIC|tic=4932|mle_ms=11.383
PMLE_LIVE_REPLAY_TIC|tic=4933|mle_ms=10.64
PMLE_LIVE_REPLAY_TIC|tic=4934|mle_ms=11.722
PMLE_LIVE_REPLAY_TIC|tic=4935|mle_ms=10.835
PMLE_LIVE_REPLAY_TIC|tic=4936|mle_ms=11.959
PMLE_LIVE_REPLAY_TIC|tic=4937|mle_ms=9.443
PMLE_LIVE_REPLAY_TIC|tic=4938|mle_ms=10.42
PMLE_LIVE_REPLAY_TIC|tic=4939|mle_ms=9.913
PMLE_LIVE_REPLAY_TIC|tic=4940|mle_ms=10.06
PMLE_LIVE_REPLAY_TIC|tic=4941|mle_ms=9.537
PMLE_LIVE_REPLAY_TIC|tic=4942|mle_ms=10.626
PMLE_LIVE_REPLAY_TIC|tic=4943|mle_ms=10.445
PMLE_LIVE_REPLAY_TIC|tic=4944|mle_ms=12.065
PMLE_LIVE_REPLAY_TIC|tic=4945|mle_ms=11.213
PMLE_LIVE_REPLAY_TIC|tic=4946|mle_ms=12.952
PMLE_LIVE_REPLAY_TIC|tic=4947|mle_ms=9.62
PMLE_LIVE_REPLAY_TIC|tic=4948|mle_ms=10.276
PMLE_LIVE_REPLAY_TIC|tic=4949|mle_ms=10.732
PMLE_LIVE_REPLAY_TIC|tic=4950|mle_ms=11.917
PMLE_LIVE_REPLAY_TIC|tic=4951|mle_ms=11.925
PMLE_LIVE_REPLAY_TIC|tic=4952|mle_ms=12.281
PMLE_LIVE_REPLAY_TIC|tic=4953|mle_ms=11.859
PMLE_LIVE_REPLAY_TIC|tic=4954|mle_ms=12.652
PMLE_LIVE_REPLAY_TIC|tic=4955|mle_ms=12.191
PMLE_LIVE_REPLAY_TIC|tic=4956|mle_ms=13.797
PMLE_LIVE_REPLAY_TIC|tic=4957|mle_ms=11.657
PMLE_LIVE_REPLAY_TIC|tic=4958|mle_ms=11.307
PMLE_LIVE_REPLAY_TIC|tic=4959|mle_ms=11.765
PMLE_LIVE_REPLAY_TIC|tic=4960|mle_ms=11.717
PMLE_LIVE_REPLAY_TIC|tic=4961|mle_ms=11.709
PMLE_LIVE_REPLAY_TIC|tic=4962|mle_ms=12.425
PMLE_LIVE_REPLAY_TIC|tic=4963|mle_ms=12.622
PMLE_LIVE_REPLAY_TIC|tic=4964|mle_ms=12.549
PMLE_LIVE_REPLAY_TIC|tic=4965|mle_ms=10.974
PMLE_LIVE_REPLAY_TIC|tic=4966|mle_ms=13.038
PMLE_LIVE_REPLAY_TIC|tic=4967|mle_ms=10.967
PMLE_LIVE_REPLAY_TIC|tic=4968|mle_ms=11.804
PMLE_LIVE_REPLAY_TIC|tic=4969|mle_ms=11.791
PMLE_LIVE_REPLAY_TIC|tic=4970|mle_ms=11.005
PMLE_LIVE_REPLAY_TIC|tic=4971|mle_ms=10.441
PMLE_LIVE_REPLAY_TIC|tic=4972|mle_ms=11.785
PMLE_LIVE_REPLAY_TIC|tic=4973|mle_ms=12.588
PMLE_LIVE_REPLAY_TIC|tic=4974|mle_ms=14.13
PMLE_LIVE_REPLAY_TIC|tic=4975|mle_ms=13.468
PMLE_LIVE_REPLAY_TIC|tic=4976|mle_ms=12.523
PMLE_LIVE_REPLAY_TIC|tic=4977|mle_ms=9.684
PMLE_LIVE_REPLAY_TIC|tic=4978|mle_ms=10.711
PMLE_LIVE_REPLAY_TIC|tic=4979|mle_ms=9.709
PMLE_LIVE_REPLAY_TIC|tic=4980|mle_ms=9.633
PMLE_LIVE_REPLAY_TIC|tic=4981|mle_ms=8.809
PMLE_LIVE_REPLAY_TIC|tic=4982|mle_ms=9.81
PMLE_LIVE_REPLAY_TIC|tic=4983|mle_ms=8.614
PMLE_LIVE_REPLAY_TIC|tic=4984|mle_ms=9.386
PMLE_LIVE_REPLAY_TIC|tic=4985|mle_ms=8.896
PMLE_LIVE_REPLAY_TIC|tic=4986|mle_ms=11.122
PMLE_LIVE_REPLAY_TIC|tic=4987|mle_ms=10.412
PMLE_LIVE_REPLAY_TIC|tic=4988|mle_ms=9.791
PMLE_LIVE_REPLAY_TIC|tic=4989|mle_ms=9.921
PMLE_LIVE_REPLAY_TIC|tic=4990|mle_ms=10.019
PMLE_LIVE_REPLAY_TIC|tic=4991|mle_ms=9.59
PMLE_LIVE_REPLAY_TIC|tic=4992|mle_ms=11.17
PMLE_LIVE_REPLAY_TIC|tic=4993|mle_ms=9.972
PMLE_LIVE_REPLAY_TIC|tic=4994|mle_ms=9.874
PMLE_LIVE_REPLAY_TIC|tic=4995|mle_ms=8.426
PMLE_LIVE_REPLAY_TIC|tic=4996|mle_ms=10.244
PMLE_LIVE_REPLAY_TIC|tic=4997|mle_ms=8.653
PMLE_LIVE_REPLAY_TIC|tic=4998|mle_ms=9.936
PMLE_LIVE_REPLAY_TIC|tic=4999|mle_ms=11.131
PMLE_LIVE_REPLAY_TIC|tic=5000|mle_ms=10.194
PMLE_LIVE_REPLAY_TIC|tic=5001|mle_ms=9.527
PMLE_LIVE_REPLAY_TIC|tic=5002|mle_ms=11.079
PMLE_LIVE_REPLAY_TIC|tic=5003|mle_ms=11.624
PMLE_LIVE_REPLAY_TIC|tic=5004|mle_ms=11.814
PMLE_LIVE_REPLAY_TIC|tic=5005|mle_ms=17.464
PMLE_LIVE_REPLAY_TIC|tic=5006|mle_ms=12.692
PMLE_LIVE_REPLAY_TIC|tic=5007|mle_ms=10.059
PMLE_LIVE_REPLAY_TIC|tic=5008|mle_ms=10.739
PMLE_LIVE_REPLAY_TIC|tic=5009|mle_ms=10.702
PMLE_LIVE_REPLAY_TIC|tic=5010|mle_ms=11.576
PMLE_LIVE_REPLAY_TIC|tic=5011|mle_ms=10.923
PMLE_LIVE_REPLAY_TIC|tic=5012|mle_ms=10.686
PMLE_LIVE_REPLAY_TIC|tic=5013|mle_ms=11.124
PMLE_LIVE_REPLAY_TIC|tic=5014|mle_ms=12.027
PMLE_LIVE_REPLAY_TIC|tic=5015|mle_ms=10.62
PMLE_LIVE_REPLAY_TIC|tic=5016|mle_ms=11.965
PMLE_LIVE_REPLAY_TIC|tic=5017|mle_ms=9.599
PMLE_LIVE_REPLAY_TIC|tic=5018|mle_ms=9.949
PMLE_LIVE_REPLAY_TIC|tic=5019|mle_ms=9.787
PMLE_LIVE_REPLAY_TIC|tic=5020|mle_ms=9.815
PMLE_LIVE_REPLAY_TIC|tic=5021|mle_ms=10.009
PMLE_LIVE_REPLAY_TIC|tic=5022|mle_ms=13.194
PMLE_LIVE_REPLAY_TIC|tic=5023|mle_ms=11.714
PMLE_LIVE_REPLAY_TIC|tic=5024|mle_ms=12.32
PMLE_LIVE_REPLAY_TIC|tic=5025|mle_ms=10.537
PMLE_LIVE_REPLAY_TIC|tic=5026|mle_ms=11.132
PMLE_LIVE_REPLAY_TIC|tic=5027|mle_ms=9.169
PMLE_LIVE_REPLAY_TIC|tic=5028|mle_ms=9.933
PMLE_LIVE_REPLAY_TIC|tic=5029|mle_ms=9.827
PMLE_LIVE_REPLAY_TIC|tic=5030|mle_ms=7.947
PMLE_LIVE_REPLAY_TIC|tic=5031|mle_ms=8.148
PMLE_LIVE_REPLAY_TIC|tic=5032|mle_ms=9.612
PMLE_LIVE_REPLAY_TIC|tic=5033|mle_ms=11.019
PMLE_LIVE_REPLAY_TIC|tic=5034|mle_ms=12.211
PMLE_LIVE_REPLAY_TIC|tic=5035|mle_ms=12.234
PMLE_LIVE_REPLAY_TIC|tic=5036|mle_ms=12.884
PMLE_LIVE_REPLAY_TIC|tic=5037|mle_ms=10.087
PMLE_LIVE_REPLAY_TIC|tic=5038|mle_ms=10.555
PMLE_LIVE_REPLAY_TIC|tic=5039|mle_ms=8.949
PMLE_LIVE_REPLAY_TIC|tic=5040|mle_ms=9.012
PMLE_LIVE_REPLAY_TIC|tic=5041|mle_ms=10.093
PMLE_LIVE_REPLAY_TIC|tic=5042|mle_ms=11.148
PMLE_LIVE_REPLAY_TIC|tic=5043|mle_ms=11.453
PMLE_LIVE_REPLAY_TIC|tic=5044|mle_ms=13.372
PMLE_LIVE_REPLAY_TIC|tic=5045|mle_ms=12.091
PMLE_LIVE_REPLAY_TIC|tic=5046|mle_ms=12.862
PMLE_LIVE_REPLAY_TIC|tic=5047|mle_ms=10.371
PMLE_LIVE_REPLAY_TIC|tic=5048|mle_ms=10.119
PMLE_LIVE_REPLAY_TIC|tic=5049|mle_ms=10.655
PMLE_LIVE_REPLAY_TIC|tic=5050|mle_ms=10.424
PMLE_LIVE_REPLAY_TIC|tic=5051|mle_ms=10.004
PMLE_LIVE_REPLAY_TIC|tic=5052|mle_ms=12.173
PMLE_LIVE_REPLAY_TIC|tic=5053|mle_ms=11.641
PMLE_LIVE_REPLAY_TIC|tic=5054|mle_ms=11.908
PMLE_LIVE_REPLAY_TIC|tic=5055|mle_ms=11.212
PMLE_LIVE_REPLAY_TIC|tic=5056|mle_ms=12.046
PMLE_LIVE_REPLAY_TIC|tic=5057|mle_ms=9.864
PMLE_LIVE_REPLAY_TIC|tic=5058|mle_ms=11.157
PMLE_LIVE_REPLAY_TIC|tic=5059|mle_ms=10.571
PMLE_LIVE_REPLAY_TIC|tic=5060|mle_ms=9.92
PMLE_LIVE_REPLAY_TIC|tic=5061|mle_ms=9.713
PMLE_LIVE_REPLAY_TIC|tic=5062|mle_ms=11.01
PMLE_LIVE_REPLAY_TIC|tic=5063|mle_ms=10.642
PMLE_LIVE_REPLAY_TIC|tic=5064|mle_ms=12.756
PMLE_LIVE_REPLAY_TIC|tic=5065|mle_ms=10.36
PMLE_LIVE_REPLAY_TIC|tic=5066|mle_ms=11.131
PMLE_LIVE_REPLAY_TIC|tic=5067|mle_ms=10.087
PMLE_LIVE_REPLAY_TIC|tic=5068|mle_ms=9.993
PMLE_LIVE_REPLAY_TIC|tic=5069|mle_ms=11.005
PMLE_LIVE_REPLAY_TIC|tic=5070|mle_ms=11.135
PMLE_LIVE_REPLAY_TIC|tic=5071|mle_ms=10.683
PMLE_LIVE_REPLAY_TIC|tic=5072|mle_ms=11.295
PMLE_LIVE_REPLAY_TIC|tic=5073|mle_ms=10.846
PMLE_LIVE_REPLAY_TIC|tic=5074|mle_ms=11.635
PMLE_LIVE_REPLAY_TIC|tic=5075|mle_ms=10.603
PMLE_LIVE_REPLAY_TIC|tic=5076|mle_ms=12.092
PMLE_LIVE_REPLAY_TIC|tic=5077|mle_ms=10.391
PMLE_LIVE_REPLAY_TIC|tic=5078|mle_ms=10.73
PMLE_LIVE_REPLAY_TIC|tic=5079|mle_ms=10.284
PMLE_LIVE_REPLAY_TIC|tic=5080|mle_ms=10.559
PMLE_LIVE_REPLAY_TIC|tic=5081|mle_ms=10.923
PMLE_LIVE_REPLAY_TIC|tic=5082|mle_ms=10.915
PMLE_LIVE_REPLAY_TIC|tic=5083|mle_ms=11.408
PMLE_LIVE_REPLAY_TIC|tic=5084|mle_ms=11.604
PMLE_LIVE_REPLAY_TIC|tic=5085|mle_ms=9.859
PMLE_LIVE_REPLAY_TIC|tic=5086|mle_ms=12.627
PMLE_LIVE_REPLAY_TIC|tic=5087|mle_ms=10.122
PMLE_LIVE_REPLAY_TIC|tic=5088|mle_ms=11.008
PMLE_LIVE_REPLAY_TIC|tic=5089|mle_ms=10.449
PMLE_LIVE_REPLAY_TIC|tic=5090|mle_ms=10.348
PMLE_LIVE_REPLAY_TIC|tic=5091|mle_ms=9.865
PMLE_LIVE_REPLAY_TIC|tic=5092|mle_ms=11.312
PMLE_LIVE_REPLAY_TIC|tic=5093|mle_ms=16.317
PMLE_LIVE_REPLAY_TIC|tic=5094|mle_ms=13.015
PMLE_LIVE_REPLAY_TIC|tic=5095|mle_ms=10.887
PMLE_LIVE_REPLAY_TIC|tic=5096|mle_ms=13.154
PMLE_LIVE_REPLAY_TIC|tic=5097|mle_ms=10.614
PMLE_LIVE_REPLAY_TIC|tic=5098|mle_ms=11.006
PMLE_LIVE_REPLAY_TIC|tic=5099|mle_ms=11.712
PMLE_LIVE_REPLAY_TIC|tic=5100|mle_ms=11.45
PMLE_LIVE_REPLAY_TIC|tic=5101|mle_ms=10.829
PMLE_LIVE_REPLAY_TIC|tic=5102|mle_ms=11.421
PMLE_LIVE_REPLAY_TIC|tic=5103|mle_ms=10.395
PMLE_LIVE_REPLAY_TIC|tic=5104|mle_ms=12.181
PMLE_LIVE_REPLAY_TIC|tic=5105|mle_ms=10.686
PMLE_LIVE_REPLAY_TIC|tic=5106|mle_ms=12.189
PMLE_LIVE_REPLAY_TIC|tic=5107|mle_ms=10.037
PMLE_LIVE_REPLAY_TIC|tic=5108|mle_ms=10.334
PMLE_LIVE_REPLAY_TIC|tic=5109|mle_ms=9.378
PMLE_LIVE_REPLAY_TIC|tic=5110|mle_ms=9.543
PMLE_LIVE_REPLAY_TIC|tic=5111|mle_ms=10.403
PMLE_LIVE_REPLAY_TIC|tic=5112|mle_ms=12.409
PMLE_LIVE_REPLAY_TIC|tic=5113|mle_ms=13.169
PMLE_LIVE_REPLAY_TIC|tic=5114|mle_ms=12.839
PMLE_LIVE_REPLAY_TIC|tic=5115|mle_ms=10.451
PMLE_LIVE_REPLAY_TIC|tic=5116|mle_ms=12.456
PMLE_LIVE_REPLAY_TIC|tic=5117|mle_ms=9.81
PMLE_LIVE_REPLAY_TIC|tic=5118|mle_ms=10.427
PMLE_LIVE_REPLAY_TIC|tic=5119|mle_ms=10.858
PMLE_LIVE_REPLAY_TIC|tic=5120|mle_ms=11.072
PMLE_LIVE_REPLAY_TIC|tic=5121|mle_ms=10.67
PMLE_LIVE_REPLAY_TIC|tic=5122|mle_ms=15.071
PMLE_LIVE_REPLAY_TIC|tic=5123|mle_ms=11.661
PMLE_LIVE_REPLAY_TIC|tic=5124|mle_ms=13.023
PMLE_LIVE_REPLAY_TIC|tic=5125|mle_ms=11.407
PMLE_LIVE_REPLAY_TIC|tic=5126|mle_ms=11.338
PMLE_LIVE_REPLAY_TIC|tic=5127|mle_ms=8.715
PMLE_LIVE_REPLAY_TIC|tic=5128|mle_ms=10.086
PMLE_LIVE_REPLAY_TIC|tic=5129|mle_ms=10.857
PMLE_LIVE_REPLAY_TIC|tic=5130|mle_ms=10.87
PMLE_LIVE_REPLAY_TIC|tic=5131|mle_ms=10.936
PMLE_LIVE_REPLAY_TIC|tic=5132|mle_ms=10.218
PMLE_LIVE_REPLAY_TIC|tic=5133|mle_ms=10.183
PMLE_LIVE_REPLAY_TIC|tic=5134|mle_ms=11.598
PMLE_LIVE_REPLAY_TIC|tic=5135|mle_ms=9.855
PMLE_LIVE_REPLAY_TIC|tic=5136|mle_ms=11.828
PMLE_LIVE_REPLAY_TIC|tic=5137|mle_ms=9.839
PMLE_LIVE_REPLAY_TIC|tic=5138|mle_ms=8.721
PMLE_LIVE_REPLAY_TIC|tic=5139|mle_ms=9.497
PMLE_LIVE_REPLAY_TIC|tic=5140|mle_ms=9.878
PMLE_LIVE_REPLAY_TIC|tic=5141|mle_ms=10.099
PMLE_LIVE_REPLAY_TIC|tic=5142|mle_ms=11.771
PMLE_LIVE_REPLAY_TIC|tic=5143|mle_ms=11.637
PMLE_LIVE_REPLAY_TIC|tic=5144|mle_ms=11.612
PMLE_LIVE_REPLAY_TIC|tic=5145|mle_ms=10.472
PMLE_LIVE_REPLAY_TIC|tic=5146|mle_ms=11.411
PMLE_LIVE_REPLAY_TIC|tic=5147|mle_ms=9.474
PMLE_LIVE_REPLAY_TIC|tic=5148|mle_ms=11.249
PMLE_LIVE_REPLAY_TIC|tic=5149|mle_ms=10.664
PMLE_LIVE_REPLAY_TIC|tic=5150|mle_ms=10.665
PMLE_LIVE_REPLAY_TIC|tic=5151|mle_ms=9.859
PMLE_LIVE_REPLAY_TIC|tic=5152|mle_ms=10.703
PMLE_LIVE_REPLAY_TIC|tic=5153|mle_ms=10.568
PMLE_LIVE_REPLAY_TIC|tic=5154|mle_ms=10.401
PMLE_LIVE_REPLAY_TIC|tic=5155|mle_ms=9.341
PMLE_LIVE_REPLAY_TIC|tic=5156|mle_ms=10.899
PMLE_LIVE_REPLAY_TIC|tic=5157|mle_ms=9.144
PMLE_LIVE_REPLAY_TIC|tic=5158|mle_ms=10.223
PMLE_LIVE_REPLAY_TIC|tic=5159|mle_ms=10.065
PMLE_LIVE_REPLAY_TIC|tic=5160|mle_ms=10.105
PMLE_LIVE_REPLAY_TIC|tic=5161|mle_ms=9.931
PMLE_LIVE_REPLAY_TIC|tic=5162|mle_ms=10.03
PMLE_LIVE_REPLAY_TIC|tic=5163|mle_ms=9.608
PMLE_LIVE_REPLAY_TIC|tic=5164|mle_ms=9.925
PMLE_LIVE_REPLAY_TIC|tic=5165|mle_ms=9.643
PMLE_LIVE_REPLAY_TIC|tic=5166|mle_ms=12.511
PMLE_LIVE_REPLAY_TIC|tic=5167|mle_ms=10.244
PMLE_LIVE_REPLAY_TIC|tic=5168|mle_ms=10.085
PMLE_LIVE_REPLAY_TIC|tic=5169|mle_ms=9.686
PMLE_LIVE_REPLAY_TIC|tic=5170|mle_ms=9.859
PMLE_LIVE_REPLAY_TIC|tic=5171|mle_ms=9.919
PMLE_LIVE_REPLAY_TIC|tic=5172|mle_ms=10.722
PMLE_LIVE_REPLAY_TIC|tic=5173|mle_ms=9.994
PMLE_LIVE_REPLAY_TIC|tic=5174|mle_ms=9.077
PMLE_LIVE_REPLAY_TIC|tic=5175|mle_ms=8.854
PMLE_LIVE_REPLAY_TIC|tic=5176|mle_ms=11.47
PMLE_LIVE_REPLAY_TIC|tic=5177|mle_ms=9.578
PMLE_LIVE_REPLAY_TIC|tic=5178|mle_ms=10.386
PMLE_LIVE_REPLAY_TIC|tic=5179|mle_ms=9.877
PMLE_LIVE_REPLAY_TIC|tic=5180|mle_ms=15.566
PMLE_LIVE_REPLAY_TIC|tic=5181|mle_ms=9.696
PMLE_LIVE_REPLAY_TIC|tic=5182|mle_ms=11.09
PMLE_LIVE_REPLAY_TIC|tic=5183|mle_ms=10.474
PMLE_LIVE_REPLAY_TIC|tic=5184|mle_ms=12.019
PMLE_LIVE_REPLAY_TIC|tic=5185|mle_ms=11.612
PMLE_LIVE_REPLAY_TIC|tic=5186|mle_ms=11.827
PMLE_LIVE_REPLAY_TIC|tic=5187|mle_ms=9.118
PMLE_LIVE_REPLAY_TIC|tic=5188|mle_ms=10.056
PMLE_LIVE_REPLAY_TIC|tic=5189|mle_ms=10.243
PMLE_LIVE_REPLAY_TIC|tic=5190|mle_ms=11.536
PMLE_LIVE_REPLAY_TIC|tic=5191|mle_ms=10.943
PMLE_LIVE_REPLAY_TIC|tic=5192|mle_ms=11.264
PMLE_LIVE_REPLAY_TIC|tic=5193|mle_ms=11.195
PMLE_LIVE_REPLAY_TIC|tic=5194|mle_ms=12.649
PMLE_LIVE_REPLAY_TIC|tic=5195|mle_ms=10.652
PMLE_LIVE_REPLAY_TIC|tic=5196|mle_ms=12.563
PMLE_LIVE_REPLAY_TIC|tic=5197|mle_ms=10.772
PMLE_LIVE_REPLAY_TIC|tic=5198|mle_ms=10.472
PMLE_LIVE_REPLAY_TIC|tic=5199|mle_ms=9.471
PMLE_LIVE_REPLAY_TIC|tic=5200|mle_ms=10.263
PMLE_LIVE_REPLAY_TIC|tic=5201|mle_ms=10.584
PMLE_LIVE_REPLAY_TIC|tic=5202|mle_ms=11.263
PMLE_LIVE_REPLAY_TIC|tic=5203|mle_ms=11.263
PMLE_LIVE_REPLAY_TIC|tic=5204|mle_ms=11.754
PMLE_LIVE_REPLAY_TIC|tic=5205|mle_ms=9.648
PMLE_LIVE_REPLAY_TIC|tic=5206|mle_ms=11.522
PMLE_LIVE_REPLAY_TIC|tic=5207|mle_ms=9.573
PMLE_LIVE_REPLAY_TIC|tic=5208|mle_ms=9.813
PMLE_LIVE_REPLAY_TIC|tic=5209|mle_ms=9.851
PMLE_LIVE_REPLAY_TIC|tic=5210|mle_ms=8.414
PMLE_LIVE_REPLAY_TIC|tic=5211|mle_ms=8.704
PMLE_LIVE_REPLAY_TIC|tic=5212|mle_ms=10.189
PMLE_LIVE_REPLAY_TIC|tic=5213|mle_ms=11.076
PMLE_LIVE_REPLAY_TIC|tic=5214|mle_ms=12.152
PMLE_LIVE_REPLAY_TIC|tic=5215|mle_ms=10.256
PMLE_LIVE_REPLAY_TIC|tic=5216|mle_ms=10.948
PMLE_LIVE_REPLAY_TIC|tic=5217|mle_ms=8.534
PMLE_LIVE_REPLAY_TIC|tic=5218|mle_ms=9.2
PMLE_LIVE_REPLAY_TIC|tic=5219|mle_ms=8.644
PMLE_LIVE_REPLAY_TIC|tic=5220|mle_ms=9.399
PMLE_LIVE_REPLAY_TIC|tic=5221|mle_ms=11.097
PMLE_LIVE_REPLAY_TIC|tic=5222|mle_ms=11.346
PMLE_LIVE_REPLAY_TIC|tic=5223|mle_ms=10.363
PMLE_LIVE_REPLAY_TIC|tic=5224|mle_ms=11.332
PMLE_LIVE_REPLAY_TIC|tic=5225|mle_ms=9.777
PMLE_LIVE_REPLAY_TIC|tic=5226|mle_ms=11.922
PMLE_LIVE_REPLAY_TIC|tic=5227|mle_ms=10.038
PMLE_LIVE_REPLAY_TIC|tic=5228|mle_ms=8.585
PMLE_LIVE_REPLAY_TIC|tic=5229|mle_ms=8.018
PMLE_LIVE_REPLAY_TIC|tic=5230|mle_ms=8.164
PMLE_LIVE_REPLAY_TIC|tic=5231|mle_ms=9.42
PMLE_LIVE_REPLAY_TIC|tic=5232|mle_ms=11.161
PMLE_LIVE_REPLAY_TIC|tic=5233|mle_ms=11.329
PMLE_LIVE_REPLAY_TIC|tic=5234|mle_ms=12.907
PMLE_LIVE_REPLAY_TIC|tic=5235|mle_ms=10.579
PMLE_LIVE_REPLAY_TIC|tic=5236|mle_ms=12.862
PMLE_LIVE_REPLAY_TIC|tic=5237|mle_ms=10.504
PMLE_LIVE_REPLAY_TIC|tic=5238|mle_ms=11.114
PMLE_LIVE_REPLAY_TIC|tic=5239|mle_ms=10.616
PMLE_LIVE_REPLAY_TIC|tic=5240|mle_ms=10.795
PMLE_LIVE_REPLAY_TIC|tic=5241|mle_ms=10.777
PMLE_LIVE_REPLAY_TIC|tic=5242|mle_ms=11.041
PMLE_LIVE_REPLAY_TIC|tic=5243|mle_ms=10.761
PMLE_LIVE_REPLAY_TIC|tic=5244|mle_ms=12.085
PMLE_LIVE_REPLAY_TIC|tic=5245|mle_ms=11.583
PMLE_LIVE_REPLAY_TIC|tic=5246|mle_ms=11.436
PMLE_LIVE_REPLAY_TIC|tic=5247|mle_ms=8.675
PMLE_LIVE_REPLAY_TIC|tic=5248|mle_ms=9.16
PMLE_LIVE_REPLAY_TIC|tic=5249|mle_ms=9.837
PMLE_LIVE_REPLAY_TIC|tic=5250|mle_ms=10.714
PMLE_LIVE_REPLAY_TICKER|stream=live-dm-2026-07-23|tics=5250|p50_ms=37.831|p95_ms
=143.588|p99_ms=202.718|max_ms=340.791|throughput_tps=19.406
PMLE_LIVE_REPLAY_WINDOW|through_tic=100|tics=100|wall_ms=7212.371|memory=iwadByt
es=28795076|frameBytes=64000|thinkers=247|mobjs=238|killMonsters=29|livingMonste
rs=29|awakeMonsters=9|movingMonsters=0|vertexes=1196|segs=2057|sectors=182|subse
ctors=682|nodes=681|lines=1175|sides=1829|blockmapInts=3764|blocklinks=864|rejec
tBytes=4141
PMLE_LIVE_REPLAY_WINDOW|through_tic=200|tics=100|wall_ms=10766.772|memory=iwadBy
tes=28795076|frameBytes=64000|thinkers=254|mobjs=243|killMonsters=29|livingMonst
ers=28|awakeMonsters=20|movingMonsters=2|vertexes=1196|segs=2057|sectors=182|sub
sectors=682|nodes=681|lines=1175|sides=1829|blockmapInts=3764|blocklinks=864|rej
ectBytes=4141
PMLE_LIVE_REPLAY_WINDOW|through_tic=300|tics=100|wall_ms=14013.35|memory=iwadByt
es=28795076|frameBytes=64000|thinkers=253|mobjs=243|killMonsters=29|livingMonste
rs=28|awakeMonsters=20|movingMonsters=1|vertexes=1196|segs=2057|sectors=182|subs
ectors=682|nodes=681|lines=1175|sides=1829|blockmapInts=3764|blocklinks=864|reje
ctBytes=4141
PMLE_LIVE_REPLAY_WINDOW|through_tic=400|tics=100|wall_ms=13237.557|memory=iwadBy
tes=28795076|frameBytes=64000|thinkers=250|mobjs=240|killMonsters=29|livingMonst
ers=28|awakeMonsters=20|movingMonsters=0|vertexes=1196|segs=2057|sectors=182|sub
sectors=682|nodes=681|lines=1175|sides=1829|blockmapInts=3764|blocklinks=864|rej
ectBytes=4141
PMLE_LIVE_REPLAY_WINDOW|through_tic=500|tics=100|wall_ms=12674.093|memory=iwadBy
tes=28795076|frameBytes=64000|thinkers=248|mobjs=239|killMonsters=29|livingMonst
ers=28|awakeMonsters=20|movingMonsters=0|vertexes=1196|segs=2057|sectors=182|sub
sectors=682|nodes=681|lines=1175|sides=1829|blockmapInts=3764|blocklinks=864|rej
ectBytes=4141
PMLE_LIVE_REPLAY_WINDOW|through_tic=600|tics=100|wall_ms=10909.894|memory=iwadBy
tes=28795076|frameBytes=64000|thinkers=247|mobjs=238|killMonsters=29|livingMonst
ers=28|awakeMonsters=20|movingMonsters=0|vertexes=1196|segs=2057|sectors=182|sub
sectors=682|nodes=681|lines=1175|sides=1829|blockmapInts=3764|blocklinks=864|rej
ectBytes=4141
PMLE_LIVE_REPLAY_WINDOW|through_tic=700|tics=100|wall_ms=11685.549|memory=iwadBy
tes=28795076|frameBytes=64000|thinkers=249|mobjs=239|killMonsters=29|livingMonst
ers=28|awakeMonsters=20|movingMonsters=0|vertexes=1196|segs=2057|sectors=182|sub
sectors=682|nodes=681|lines=1175|sides=1829|blockmapInts=3764|blocklinks=864|rej
ectBytes=4141
PMLE_LIVE_REPLAY_WINDOW|through_tic=800|tics=100|wall_ms=6481.849|memory=iwadByt
es=28795076|frameBytes=64000|thinkers=240|mobjs=231|killMonsters=29|livingMonste
rs=28|awakeMonsters=20|movingMonsters=2|vertexes=1196|segs=2057|sectors=182|subs
ectors=682|nodes=681|lines=1175|sides=1829|blockmapInts=3764|blocklinks=864|reje
ctBytes=4141
PMLE_LIVE_REPLAY_WINDOW|through_tic=900|tics=100|wall_ms=6198.852|memory=iwadByt
es=28795076|frameBytes=64000|thinkers=241|mobjs=232|killMonsters=29|livingMonste
rs=27|awakeMonsters=19|movingMonsters=0|vertexes=1196|segs=2057|sectors=182|subs
ectors=682|nodes=681|lines=1175|sides=1829|blockmapInts=3764|blocklinks=864|reje
ctBytes=4141
PMLE_LIVE_REPLAY_WINDOW|through_tic=1000|tics=100|wall_ms=5959.271|memory=iwadBy
tes=28795076|frameBytes=64000|thinkers=241|mobjs=231|killMonsters=29|livingMonst
ers=26|awakeMonsters=18|movingMonsters=0|vertexes=1196|segs=2057|sectors=182|sub
sectors=682|nodes=681|lines=1175|sides=1829|blockmapInts=3764|blocklinks=864|rej
ectBytes=4141
PMLE_LIVE_REPLAY_WINDOW|through_tic=1100|tics=100|wall_ms=5563.172|memory=iwadBy
tes=28795076|frameBytes=64000|thinkers=238|mobjs=228|killMonsters=29|livingMonst
ers=24|awakeMonsters=18|movingMonsters=0|vertexes=1196|segs=2057|sectors=182|sub
sectors=682|nodes=681|lines=1175|sides=1829|blockmapInts=3764|blocklinks=864|rej
ectBytes=4141
PMLE_LIVE_REPLAY_WINDOW|through_tic=1200|tics=100|wall_ms=4684.27|memory=iwadByt
es=28795076|frameBytes=64000|thinkers=244|mobjs=234|killMonsters=29|livingMonste
rs=21|awakeMonsters=15|movingMonsters=0|vertexes=1196|segs=2057|sectors=182|subs
ectors=682|nodes=681|lines=1175|sides=1829|blockmapInts=3764|blocklinks=864|reje
ctBytes=4141
PMLE_LIVE_REPLAY_WINDOW|through_tic=1300|tics=100|wall_ms=3023.667|memory=iwadBy
tes=28795076|frameBytes=64000|thinkers=237|mobjs=227|killMonsters=29|livingMonst
ers=21|awakeMonsters=15|movingMonsters=0|vertexes=1196|segs=2057|sectors=182|sub
sectors=682|nodes=681|lines=1175|sides=1829|blockmapInts=3764|blocklinks=864|rej
ectBytes=4141
PMLE_LIVE_REPLAY_WINDOW|through_tic=1400|tics=100|wall_ms=2329.899|memory=iwadBy
tes=28795076|frameBytes=64000|thinkers=237|mobjs=227|killMonsters=29|livingMonst
ers=21|awakeMonsters=15|movingMonsters=0|vertexes=1196|segs=2057|sectors=182|sub
sectors=682|nodes=681|lines=1175|sides=1829|blockmapInts=3764|blocklinks=864|rej
ectBytes=4141
PMLE_LIVE_REPLAY_WINDOW|through_tic=1500|tics=100|wall_ms=4150.789|memory=iwadBy
tes=28795076|frameBytes=64000|thinkers=235|mobjs=226|killMonsters=29|livingMonst
ers=21|awakeMonsters=15|movingMonsters=0|vertexes=1196|segs=2057|sectors=182|sub
sectors=682|nodes=681|lines=1175|sides=1829|blockmapInts=3764|blocklinks=864|rej
ectBytes=4141
PMLE_LIVE_REPLAY_WINDOW|through_tic=1600|tics=100|wall_ms=4793.41|memory=iwadByt
es=28795076|frameBytes=64000|thinkers=239|mobjs=229|killMonsters=29|livingMonste
rs=21|awakeMonsters=15|movingMonsters=0|vertexes=1196|segs=2057|sectors=182|subs
ectors=682|nodes=681|lines=1175|sides=1829|blockmapInts=3764|blocklinks=864|reje
ctBytes=4141
PMLE_LIVE_REPLAY_WINDOW|through_tic=1700|tics=100|wall_ms=8634.888|memory=iwadBy
tes=28795076|frameBytes=64000|thinkers=239|mobjs=229|killMonsters=29|livingMonst
ers=19|awakeMonsters=17|movingMonsters=0|vertexes=1196|segs=2057|sectors=182|sub
sectors=682|nodes=681|lines=1175|sides=1829|blockmapInts=3764|blocklinks=864|rej
ectBytes=4141
PMLE_LIVE_REPLAY_WINDOW|through_tic=1800|tics=100|wall_ms=5471.07|memory=iwadByt
es=28795076|frameBytes=64000|thinkers=242|mobjs=232|killMonsters=29|livingMonste
rs=18|awakeMonsters=16|movingMonsters=1|vertexes=1196|segs=2057|sectors=182|subs
ectors=682|nodes=681|lines=1175|sides=1829|blockmapInts=3764|blocklinks=864|reje
ctBytes=4141
PMLE_LIVE_REPLAY_WINDOW|through_tic=1900|tics=100|wall_ms=6238.979|memory=iwadBy
tes=28795076|frameBytes=64000|thinkers=235|mobjs=226|killMonsters=29|livingMonst
ers=18|awakeMonsters=16|movingMonsters=1|vertexes=1196|segs=2057|sectors=182|sub
sectors=682|nodes=681|lines=1175|sides=1829|blockmapInts=3764|blocklinks=864|rej
ectBytes=4141
PMLE_LIVE_REPLAY_WINDOW|through_tic=2000|tics=100|wall_ms=6213.353|memory=iwadBy
tes=28795076|frameBytes=64000|thinkers=234|mobjs=225|killMonsters=29|livingMonst
ers=17|awakeMonsters=15|movingMonsters=0|vertexes=1196|segs=2057|sectors=182|sub
sectors=682|nodes=681|lines=1175|sides=1829|blockmapInts=3764|blocklinks=864|rej
ectBytes=4141
PMLE_LIVE_REPLAY_WINDOW|through_tic=2100|tics=100|wall_ms=5320.141|memory=iwadBy
tes=28795076|frameBytes=64000|thinkers=234|mobjs=225|killMonsters=29|livingMonst
ers=17|awakeMonsters=15|movingMonsters=0|vertexes=1196|segs=2057|sectors=182|sub
sectors=682|nodes=681|lines=1175|sides=1829|blockmapInts=3764|blocklinks=864|rej
ectBytes=4141
PMLE_LIVE_REPLAY_WINDOW|through_tic=2200|tics=100|wall_ms=5554.162|memory=iwadBy
tes=28795076|frameBytes=64000|thinkers=234|mobjs=225|killMonsters=29|livingMonst
ers=17|awakeMonsters=15|movingMonsters=0|vertexes=1196|segs=2057|sectors=182|sub
sectors=682|nodes=681|lines=1175|sides=1829|blockmapInts=3764|blocklinks=864|rej
ectBytes=4141
PMLE_LIVE_REPLAY_WINDOW|through_tic=2300|tics=100|wall_ms=4380.233|memory=iwadBy
tes=28795076|frameBytes=64000|thinkers=234|mobjs=225|killMonsters=29|livingMonst
ers=17|awakeMonsters=15|movingMonsters=0|vertexes=1196|segs=2057|sectors=182|sub
sectors=682|nodes=681|lines=1175|sides=1829|blockmapInts=3764|blocklinks=864|rej
ectBytes=4141
PMLE_LIVE_REPLAY_WINDOW|through_tic=2400|tics=100|wall_ms=5775.027|memory=iwadBy
tes=28795076|frameBytes=64000|thinkers=235|mobjs=225|killMonsters=29|livingMonst
ers=17|awakeMonsters=15|movingMonsters=0|vertexes=1196|segs=2057|sectors=182|sub
sectors=682|nodes=681|lines=1175|sides=1829|blockmapInts=3764|blocklinks=864|rej
ectBytes=4141
PMLE_LIVE_REPLAY_WINDOW|through_tic=2500|tics=100|wall_ms=5260.245|memory=iwadBy
tes=28795076|frameBytes=64000|thinkers=237|mobjs=227|killMonsters=29|livingMonst
ers=17|awakeMonsters=15|movingMonsters=0|vertexes=1196|segs=2057|sectors=182|sub
sectors=682|nodes=681|lines=1175|sides=1829|blockmapInts=3764|blocklinks=864|rej
ectBytes=4141
PMLE_LIVE_REPLAY_WINDOW|through_tic=2600|tics=100|wall_ms=4318.48|memory=iwadByt
es=28795076|frameBytes=64000|thinkers=238|mobjs=228|killMonsters=29|livingMonste
rs=17|awakeMonsters=15|movingMonsters=0|vertexes=1196|segs=2057|sectors=182|subs
ectors=682|nodes=681|lines=1175|sides=1829|blockmapInts=3764|blocklinks=864|reje
ctBytes=4141
PMLE_LIVE_REPLAY_WINDOW|through_tic=2700|tics=100|wall_ms=6965.944|memory=iwadBy
tes=28795076|frameBytes=64000|thinkers=236|mobjs=227|killMonsters=29|livingMonst
ers=17|awakeMonsters=15|movingMonsters=0|vertexes=1196|segs=2057|sectors=182|sub
sectors=682|nodes=681|lines=1175|sides=1829|blockmapInts=3764|blocklinks=864|rej
ectBytes=4141
PMLE_LIVE_REPLAY_WINDOW|through_tic=2800|tics=100|wall_ms=6380.684|memory=iwadBy
tes=28795076|frameBytes=64000|thinkers=234|mobjs=225|killMonsters=29|livingMonst
ers=17|awakeMonsters=15|movingMonsters=0|vertexes=1196|segs=2057|sectors=182|sub
sectors=682|nodes=681|lines=1175|sides=1829|blockmapInts=3764|blocklinks=864|rej
ectBytes=4141
PMLE_LIVE_REPLAY_WINDOW|through_tic=2900|tics=100|wall_ms=5761.336|memory=iwadBy
tes=28795076|frameBytes=64000|thinkers=234|mobjs=225|killMonsters=29|livingMonst
ers=17|awakeMonsters=15|movingMonsters=0|vertexes=1196|segs=2057|sectors=182|sub
sectors=682|nodes=681|lines=1175|sides=1829|blockmapInts=3764|blocklinks=864|rej
ectBytes=4141
PMLE_LIVE_REPLAY_WINDOW|through_tic=3000|tics=100|wall_ms=5759.895|memory=iwadBy
tes=28795076|frameBytes=64000|thinkers=234|mobjs=225|killMonsters=29|livingMonst
ers=17|awakeMonsters=15|movingMonsters=0|vertexes=1196|segs=2057|sectors=182|sub
sectors=682|nodes=681|lines=1175|sides=1829|blockmapInts=3764|blocklinks=864|rej
ectBytes=4141
PMLE_LIVE_REPLAY_WINDOW|through_tic=3100|tics=100|wall_ms=5769.233|memory=iwadBy
tes=28795076|frameBytes=64000|thinkers=234|mobjs=225|killMonsters=29|livingMonst
ers=17|awakeMonsters=15|movingMonsters=0|vertexes=1196|segs=2057|sectors=182|sub
sectors=682|nodes=681|lines=1175|sides=1829|blockmapInts=3764|blocklinks=864|rej
ectBytes=4141
PMLE_LIVE_REPLAY_WINDOW|through_tic=3200|tics=100|wall_ms=4560.461|memory=iwadBy
tes=28795076|frameBytes=64000|thinkers=236|mobjs=226|killMonsters=29|livingMonst
ers=17|awakeMonsters=15|movingMonsters=0|vertexes=1196|segs=2057|sectors=182|sub
sectors=682|nodes=681|lines=1175|sides=1829|blockmapInts=3764|blocklinks=864|rej
ectBytes=4141
PMLE_LIVE_REPLAY_WINDOW|through_tic=3300|tics=100|wall_ms=6069.27|memory=iwadByt
es=28795076|frameBytes=64000|thinkers=236|mobjs=226|killMonsters=29|livingMonste
rs=17|awakeMonsters=15|movingMonsters=0|vertexes=1196|segs=2057|sectors=182|subs
ectors=682|nodes=681|lines=1175|sides=1829|blockmapInts=3764|blocklinks=864|reje
ctBytes=4141
PMLE_LIVE_REPLAY_WINDOW|through_tic=3400|tics=100|wall_ms=3904.39|memory=iwadByt
es=28795076|frameBytes=64000|thinkers=235|mobjs=225|killMonsters=29|livingMonste
rs=17|awakeMonsters=15|movingMonsters=0|vertexes=1196|segs=2057|sectors=182|subs
ectors=682|nodes=681|lines=1175|sides=1829|blockmapInts=3764|blocklinks=864|reje
ctBytes=4141
PMLE_LIVE_REPLAY_WINDOW|through_tic=3500|tics=100|wall_ms=7915.964|memory=iwadBy
tes=28795076|frameBytes=64000|thinkers=240|mobjs=231|killMonsters=29|livingMonst
ers=17|awakeMonsters=15|movingMonsters=0|vertexes=1196|segs=2057|sectors=182|sub
sectors=682|nodes=681|lines=1175|sides=1829|blockmapInts=3764|blocklinks=864|rej
ectBytes=4141
PMLE_LIVE_REPLAY_WINDOW|through_tic=3600|tics=100|wall_ms=5113.811|memory=iwadBy
tes=28795076|frameBytes=64000|thinkers=234|mobjs=225|killMonsters=29|livingMonst
ers=17|awakeMonsters=15|movingMonsters=0|vertexes=1196|segs=2057|sectors=182|sub
sectors=682|nodes=681|lines=1175|sides=1829|blockmapInts=3764|blocklinks=864|rej
ectBytes=4141
PMLE_LIVE_REPLAY_WINDOW|through_tic=3700|tics=100|wall_ms=4001.612|memory=iwadBy
tes=28795076|frameBytes=64000|thinkers=234|mobjs=225|killMonsters=29|livingMonst
ers=17|awakeMonsters=15|movingMonsters=0|vertexes=1196|segs=2057|sectors=182|sub
sectors=682|nodes=681|lines=1175|sides=1829|blockmapInts=3764|blocklinks=864|rej
ectBytes=4141
PMLE_LIVE_REPLAY_WINDOW|through_tic=3800|tics=100|wall_ms=4130.173|memory=iwadBy
tes=28795076|frameBytes=64000|thinkers=234|mobjs=225|killMonsters=29|livingMonst
ers=17|awakeMonsters=15|movingMonsters=0|vertexes=1196|segs=2057|sectors=182|sub
sectors=682|nodes=681|lines=1175|sides=1829|blockmapInts=3764|blocklinks=864|rej
ectBytes=4141
PMLE_LIVE_REPLAY_WINDOW|through_tic=3900|tics=100|wall_ms=3486.1|memory=iwadByte
s=28795076|frameBytes=64000|thinkers=235|mobjs=226|killMonsters=29|livingMonster
s=17|awakeMonsters=15|movingMonsters=0|vertexes=1196|segs=2057|sectors=182|subse
ctors=682|nodes=681|lines=1175|sides=1829|blockmapInts=3764|blocklinks=864|rejec
tBytes=4141
PMLE_LIVE_REPLAY_WINDOW|through_tic=4000|tics=100|wall_ms=3303.01|memory=iwadByt
es=28795076|frameBytes=64000|thinkers=236|mobjs=227|killMonsters=29|livingMonste
rs=17|awakeMonsters=15|movingMonsters=0|vertexes=1196|segs=2057|sectors=182|subs
ectors=682|nodes=681|lines=1175|sides=1829|blockmapInts=3764|blocklinks=864|reje
ctBytes=4141
PMLE_LIVE_REPLAY_WINDOW|through_tic=4100|tics=100|wall_ms=3008.392|memory=iwadBy
tes=28795076|frameBytes=64000|thinkers=236|mobjs=227|killMonsters=29|livingMonst
ers=17|awakeMonsters=15|movingMonsters=0|vertexes=1196|segs=2057|sectors=182|sub
sectors=682|nodes=681|lines=1175|sides=1829|blockmapInts=3764|blocklinks=864|rej
ectBytes=4141
PMLE_LIVE_REPLAY_WINDOW|through_tic=4200|tics=100|wall_ms=1385.817|memory=iwadBy
tes=28795076|frameBytes=64000|thinkers=234|mobjs=225|killMonsters=29|livingMonst
ers=17|awakeMonsters=15|movingMonsters=0|vertexes=1196|segs=2057|sectors=182|sub
sectors=682|nodes=681|lines=1175|sides=1829|blockmapInts=3764|blocklinks=864|rej
ectBytes=4141
PMLE_LIVE_REPLAY_WINDOW|through_tic=4300|tics=100|wall_ms=1021.679|memory=iwadBy
tes=28795076|frameBytes=64000|thinkers=234|mobjs=225|killMonsters=29|livingMonst
ers=17|awakeMonsters=15|movingMonsters=0|vertexes=1196|segs=2057|sectors=182|sub
sectors=682|nodes=681|lines=1175|sides=1829|blockmapInts=3764|blocklinks=864|rej
ectBytes=4141
PMLE_LIVE_REPLAY_WINDOW|through_tic=4400|tics=100|wall_ms=1034.878|memory=iwadBy
tes=28795076|frameBytes=64000|thinkers=234|mobjs=225|killMonsters=29|livingMonst
ers=17|awakeMonsters=15|movingMonsters=0|vertexes=1196|segs=2057|sectors=182|sub
sectors=682|nodes=681|lines=1175|sides=1829|blockmapInts=3764|blocklinks=864|rej
ectBytes=4141
PMLE_LIVE_REPLAY_WINDOW|through_tic=4500|tics=100|wall_ms=1112.328|memory=iwadBy
tes=28795076|frameBytes=64000|thinkers=234|mobjs=225|killMonsters=29|livingMonst
ers=17|awakeMonsters=15|movingMonsters=0|vertexes=1196|segs=2057|sectors=182|sub
sectors=682|nodes=681|lines=1175|sides=1829|blockmapInts=3764|blocklinks=864|rej
ectBytes=4141
PMLE_LIVE_REPLAY_WINDOW|through_tic=4600|tics=100|wall_ms=1021.642|memory=iwadBy
tes=28795076|frameBytes=64000|thinkers=234|mobjs=225|killMonsters=29|livingMonst
ers=17|awakeMonsters=15|movingMonsters=0|vertexes=1196|segs=2057|sectors=182|sub
sectors=682|nodes=681|lines=1175|sides=1829|blockmapInts=3764|blocklinks=864|rej
ectBytes=4141
PMLE_LIVE_REPLAY_WINDOW|through_tic=4700|tics=100|wall_ms=1064.961|memory=iwadBy
tes=28795076|frameBytes=64000|thinkers=234|mobjs=225|killMonsters=29|livingMonst
ers=17|awakeMonsters=15|movingMonsters=0|vertexes=1196|segs=2057|sectors=182|sub
sectors=682|nodes=681|lines=1175|sides=1829|blockmapInts=3764|blocklinks=864|rej
ectBytes=4141
PMLE_LIVE_REPLAY_WINDOW|through_tic=4800|tics=100|wall_ms=1070.777|memory=iwadBy
tes=28795076|frameBytes=64000|thinkers=234|mobjs=225|killMonsters=29|livingMonst
ers=17|awakeMonsters=15|movingMonsters=0|vertexes=1196|segs=2057|sectors=182|sub
sectors=682|nodes=681|lines=1175|sides=1829|blockmapInts=3764|blocklinks=864|rej
ectBytes=4141
PMLE_LIVE_REPLAY_WINDOW|through_tic=4900|tics=100|wall_ms=1030.152|memory=iwadBy
tes=28795076|frameBytes=64000|thinkers=234|mobjs=225|killMonsters=29|livingMonst
ers=17|awakeMonsters=15|movingMonsters=0|vertexes=1196|segs=2057|sectors=182|sub
sectors=682|nodes=681|lines=1175|sides=1829|blockmapInts=3764|blocklinks=864|rej
ectBytes=4141
PMLE_LIVE_REPLAY_WINDOW|through_tic=5000|tics=100|wall_ms=1099.08|memory=iwadByt
es=28795076|frameBytes=64000|thinkers=234|mobjs=225|killMonsters=29|livingMonste
rs=17|awakeMonsters=15|movingMonsters=0|vertexes=1196|segs=2057|sectors=182|subs
ectors=682|nodes=681|lines=1175|sides=1829|blockmapInts=3764|blocklinks=864|reje
ctBytes=4141
PMLE_LIVE_REPLAY_WINDOW|through_tic=5100|tics=100|wall_ms=1108.825|memory=iwadBy
tes=28795076|frameBytes=64000|thinkers=234|mobjs=225|killMonsters=29|livingMonst
ers=17|awakeMonsters=15|movingMonsters=0|vertexes=1196|segs=2057|sectors=182|sub
sectors=682|nodes=681|lines=1175|sides=1829|blockmapInts=3764|blocklinks=864|rej
ectBytes=4141
PMLE_LIVE_REPLAY_WINDOW|through_tic=5200|tics=100|wall_ms=1078.179|memory=iwadBy
tes=28795076|frameBytes=64000|thinkers=234|mobjs=225|killMonsters=29|livingMonst
ers=17|awakeMonsters=15|movingMonsters=0|vertexes=1196|segs=2057|sectors=182|sub
sectors=682|nodes=681|lines=1175|sides=1829|blockmapInts=3764|blocklinks=864|rej
ectBytes=4141
PMLE_LIVE_REPLAY_WINDOW|through_tic=5250|tics=50|wall_ms=523.933|memory=iwadByte
s=28795076|frameBytes=64000|thinkers=234|mobjs=225|killMonsters=29|livingMonster
s=17|awakeMonsters=15|movingMonsters=0|vertexes=1196|segs=2057|sectors=182|subse
ctors=682|nodes=681|lines=1175|sides=1829|blockmapInts=3764|blocklinks=864|rejec
tBytes=4141
PMLE_LIVE_REPLAY_MEMORY|iwadBytes=28795076|frameBytes=64000|thinkers=234|mobjs=2
25|killMonsters=29|livingMonsters=17|awakeMonsters=15|movingMonsters=0|vertexes=
1196|segs=2057|sectors=182|subsectors=682|nodes=681|lines=1175|sides=1829|blockm
apInts=3764|blocklinks=864|rejectBytes=4141
P_GetNodesVersion: using normal BSP nodes
Max size 65990
PMLE_LIVE_REPLAY_WARM_PREFIX|after_full_tics=5250|tics=500|p50_ms=112.179|p95_ms
=208.097|p99_ms=269.886|max_ms=302.127|throughput_tps=8.551
