PMLE_HOST_QUIESCENCE|PASS|docker_builds=0|compiles=0|verifiers=0
PMLE_DECPS_ARTIFACT|sha256=c3d490fde9dd0cfea303419a049535f5a31b1684a1e752fa0389e4a50dfeefd8|bytes=1081185|phase=interpreter

Session altered.


Session altered.


Session altered.


Session altered.

PMLE_ENVIRONMENT|cpu_count=2|resource_plan=DEFAULT_PLAN|cpu_managed=ON|pdb_cpu_count=2|pdb_utilization_limit=50|pdb_running_sessions_limit=2|pdb_plan=DEFAULT_CDB_PLAN

Session altered.


Session altered.


Session altered.


Session altered.

6 command-line variables
M_LoadDefaults: Load system defaults.
M_Random: Using DelegateRandom.
-iwad specified. Will be used with priority
ITicker: Using nanosecond accuracy timer.
FreeDoom: Phase 1	   v1.9
W_Init: Init WADfiles.
	added freedoom1.wad (zipped: false network: true)
VI_Init: set palettes.
Palette: 3584 colors
VI_Init: set colormaps.
Colormaps: 35
V_Init: allocate screens.
AM_Init: Init Automap colors -
===========================================================================
Copyright © 2001-2017 Contributors to the Freedoom project.
All rights reserved.
See: https://github.com/freedoom/freedoom/blob/master/COPYING.adoc
===========================================================================
Tables.InitTables: Init trigonometric LUTs.
M_Init: Init miscellaneous info.
R_Init: Init DOOM refresh daemon -
P_Init: Init Playloop state.
false NUKAGE1 NUKAGE3 8
false FWATER1 FWATER4 8
false SWATER1 SWATER4 8
false LAVA1 LAVA4 8
false BLOOD1 BLOOD3 8
false RROCK05 RROCK08 8
false SLIME01 SLIME04 8
false SLIME05 SLIME08 8
false SLIME09 SLIME12 8
I_Init: Setting up machine state.
D_CheckNetGame: Checking network game status.
startskill sk_medium  deathmatch: false  startmap: 1  startepisode: 1
player 1 of 1 (1 nodes)
S_Init: Setting up sound.
M_Random: Switching to DoomRandom (new instance)
P_GetNodesVersion: using normal BSP nodes
PMLE_LIVE_REPLAY_INIT|stream=live-dm-2026-07-23|wall_ms=40793.927
PMLE_LIVE_REPLAY_TIC|tic=1|mle_ms=50.048|monotonic_ms=50|clock_delta_ms=.048|clo
ck_suspect=0
PMLE_LIVE_REPLAY_TIC|tic=2|mle_ms=32.094|monotonic_ms=30|clock_delta_ms=2.094|cl
ock_suspect=0
PMLE_LIVE_REPLAY_TIC|tic=3|mle_ms=19.558|monotonic_ms=20|clock_delta_ms=.442|clo
ck_suspect=0
PMLE_LIVE_REPLAY_TIC|tic=4|mle_ms=41.543|monotonic_ms=40|clock_delta_ms=1.543|cl
ock_suspect=0
PMLE_LIVE_REPLAY_TIC|tic=5|mle_ms=15.878|monotonic_ms=20|clock_delta_ms=4.122|cl
ock_suspect=0
PMLE_LIVE_REPLAY_TIC|tic=6|mle_ms=28.713|monotonic_ms=30|clock_delta_ms=1.287|cl
ock_suspect=0
PMLE_LIVE_REPLAY_TIC|tic=7|mle_ms=103.098|monotonic_ms=100|clock_delta_ms=3.098|
clock_suspect=0
PMLE_LIVE_REPLAY_TIC|tic=8|mle_ms=34.196|monotonic_ms=40|clock_delta_ms=5.804|cl
ock_suspect=0
PMLE_LIVE_REPLAY_TIC|tic=9|mle_ms=66.669|monotonic_ms=60|clock_delta_ms=6.669|cl
ock_suspect=0
PMLE_LIVE_REPLAY_TIC|tic=10|mle_ms=124.148|monotonic_ms=130|clock_delta_ms=5.852
|clock_suspect=0
PMLE_LIVE_REPLAY_TIC|tic=11|mle_ms=50.273|monotonic_ms=50|clock_delta_ms=.273|cl
ock_suspect=0
PMLE_LIVE_REPLAY_TIC|tic=12|mle_ms=34.235|monotonic_ms=30|clock_delta_ms=4.235|c
lock_suspect=0
PMLE_LIVE_REPLAY_TIC|tic=13|mle_ms=79.146|monotonic_ms=80|clock_delta_ms=.854|cl
ock_suspect=0
PMLE_LIVE_REPLAY_TIC|tic=14|mle_ms=77.344|monotonic_ms=80|clock_delta_ms=2.656|c
lock_suspect=0
PMLE_LIVE_REPLAY_TIC|tic=15|mle_ms=80.673|monotonic_ms=80|clock_delta_ms=.673|cl
ock_suspect=0
PMLE_LIVE_REPLAY_TIC|tic=16|mle_ms=86.966|monotonic_ms=90|clock_delta_ms=3.034|c
lock_suspect=0
PMLE_LIVE_REPLAY_TIC|tic=17|mle_ms=45.175|monotonic_ms=40|clock_delta_ms=5.175|c
lock_suspect=0
PMLE_LIVE_REPLAY_TIC|tic=18|mle_ms=54.907|monotonic_ms=60|clock_delta_ms=5.093|c
lock_suspect=0
PMLE_LIVE_REPLAY_TIC|tic=19|mle_ms=68.355|monotonic_ms=60|clock_delta_ms=8.355|c
lock_suspect=0
PMLE_LIVE_REPLAY_TIC|tic=20|mle_ms=44.803|monotonic_ms=50|clock_delta_ms=5.197|c
lock_suspect=0
PMLE_LIVE_REPLAY_TIC|tic=21|mle_ms=158.374|monotonic_ms=160|clock_delta_ms=1.626
|clock_suspect=0
PMLE_LIVE_REPLAY_TIC|tic=22|mle_ms=73.229|monotonic_ms=70|clock_delta_ms=3.229|c
lock_suspect=0
PMLE_LIVE_REPLAY_TIC|tic=23|mle_ms=49.538|monotonic_ms=50|clock_delta_ms=.462|cl
ock_suspect=0
PMLE_LIVE_REPLAY_TIC|tic=24|mle_ms=72.415|monotonic_ms=70|clock_delta_ms=2.415|c
lock_suspect=0
PMLE_LIVE_REPLAY_TIC|tic=25|mle_ms=61.089|monotonic_ms=60|clock_delta_ms=1.089|c
lock_suspect=0
PMLE_LIVE_REPLAY_TIC|tic=26|mle_ms=54.344|monotonic_ms=60|clock_delta_ms=5.656|c
lock_suspect=0
PMLE_LIVE_REPLAY_TIC|tic=27|mle_ms=71.211|monotonic_ms=70|clock_delta_ms=1.211|c
lock_suspect=0
PMLE_LIVE_REPLAY_TIC|tic=28|mle_ms=95.035|monotonic_ms=100|clock_delta_ms=4.965|
clock_suspect=0
PMLE_LIVE_REPLAY_TIC|tic=29|mle_ms=31.815|monotonic_ms=30|clock_delta_ms=1.815|c
lock_suspect=0
PMLE_LIVE_REPLAY_TIC|tic=30|mle_ms=54.68|monotonic_ms=50|clock_delta_ms=4.68|clo
ck_suspect=0
PMLE_LIVE_REPLAY_TIC|tic=31|mle_ms=102.408|monotonic_ms=100|clock_delta_ms=2.408
|clock_suspect=0
PMLE_LIVE_REPLAY_TIC|tic=32|mle_ms=34.22|monotonic_ms=40|clock_delta_ms=5.78|clo
ck_suspect=0
PMLE_LIVE_REPLAY_TIC|tic=33|mle_ms=77.394|monotonic_ms=80|clock_delta_ms=2.606|c
lock_suspect=0
PMLE_LIVE_REPLAY_TIC|tic=34|mle_ms=87.941|monotonic_ms=80|clock_delta_ms=7.941|c
lock_suspect=0
PMLE_LIVE_REPLAY_TIC|tic=35|mle_ms=27.503|monotonic_ms=30|clock_delta_ms=2.497|c
lock_suspect=0
PMLE_LIVE_REPLAY_TIC|tic=36|mle_ms=55.399|monotonic_ms=60|clock_delta_ms=4.601|c
lock_suspect=0
PMLE_LIVE_REPLAY_TIC|tic=37|mle_ms=117.979|monotonic_ms=120|clock_delta_ms=2.021
|clock_suspect=0
PMLE_LIVE_REPLAY_TIC|tic=38|mle_ms=51.432|monotonic_ms=50|clock_delta_ms=1.432|c
lock_suspect=0
PMLE_LIVE_REPLAY_TIC|tic=39|mle_ms=40.465|monotonic_ms=40|clock_delta_ms=.465|cl
ock_suspect=0
PMLE_LIVE_REPLAY_TIC|tic=40|mle_ms=130.135|monotonic_ms=130|clock_delta_ms=.135|
clock_suspect=0
PMLE_LIVE_REPLAY_TIC|tic=41|mle_ms=61.578|monotonic_ms=60|clock_delta_ms=1.578|c
lock_suspect=0
PMLE_LIVE_REPLAY_TIC|tic=42|mle_ms=47.287|monotonic_ms=50|clock_delta_ms=2.713|c
lock_suspect=0
PMLE_LIVE_REPLAY_TIC|tic=43|mle_ms=108.503|monotonic_ms=110|clock_delta_ms=1.497
|clock_suspect=0
PMLE_LIVE_REPLAY_TIC|tic=44|mle_ms=52.174|monotonic_ms=50|clock_delta_ms=2.174|c
lock_suspect=0
PMLE_LIVE_REPLAY_TIC|tic=45|mle_ms=49.277|monotonic_ms=50|clock_delta_ms=.723|cl
ock_suspect=0
PMLE_LIVE_REPLAY_TIC|tic=46|mle_ms=105.569|monotonic_ms=100|clock_delta_ms=5.569
|clock_suspect=0
PMLE_LIVE_REPLAY_TIC|tic=47|mle_ms=46.216|monotonic_ms=50|clock_delta_ms=3.784|c
lock_suspect=0
PMLE_LIVE_REPLAY_TIC|tic=48|mle_ms=66.747|monotonic_ms=70|clock_delta_ms=3.253|c
lock_suspect=0
PMLE_LIVE_REPLAY_TIC|tic=49|mle_ms=76.496|monotonic_ms=70|clock_delta_ms=6.496|c
lock_suspect=0
PMLE_LIVE_REPLAY_TIC|tic=50|mle_ms=39.523|monotonic_ms=40|clock_delta_ms=.477|cl
ock_suspect=0
PMLE_LIVE_REPLAY_TIC|tic=51|mle_ms=92.067|monotonic_ms=90|clock_delta_ms=2.067|c
lock_suspect=0
PMLE_LIVE_REPLAY_TIC|tic=52|mle_ms=84.365|monotonic_ms=90|clock_delta_ms=5.635|c
lock_suspect=0
PMLE_LIVE_REPLAY_TIC|tic=53|mle_ms=41.972|monotonic_ms=40|clock_delta_ms=1.972|c
lock_suspect=0
PMLE_LIVE_REPLAY_TIC|tic=54|mle_ms=62.018|monotonic_ms=60|clock_delta_ms=2.018|c
lock_suspect=0
PMLE_LIVE_REPLAY_TIC|tic=55|mle_ms=92.702|monotonic_ms=100|clock_delta_ms=7.298|
clock_suspect=0
PMLE_LIVE_REPLAY_TIC|tic=56|mle_ms=46.301|monotonic_ms=40|clock_delta_ms=6.301|c
lock_suspect=0
PMLE_LIVE_REPLAY_TIC|tic=57|mle_ms=54.828|monotonic_ms=60|clock_delta_ms=5.172|c
lock_suspect=0
PMLE_LIVE_REPLAY_TIC|tic=58|mle_ms=107.944|monotonic_ms=100|clock_delta_ms=7.944
|clock_suspect=0
PMLE_LIVE_REPLAY_TIC|tic=59|mle_ms=22.671|monotonic_ms=30|clock_delta_ms=7.329|c
lock_suspect=0
PMLE_LIVE_REPLAY_TIC|tic=60|mle_ms=168.215|monotonic_ms=170|clock_delta_ms=1.785
|clock_suspect=0
PMLE_LIVE_REPLAY_TIC|tic=61|mle_ms=137.397|monotonic_ms=130|clock_delta_ms=7.397
|clock_suspect=0
PMLE_LIVE_REPLAY_TIC|tic=62|mle_ms=40.433|monotonic_ms=40|clock_delta_ms=.433|cl
ock_suspect=0
PMLE_LIVE_REPLAY_TIC|tic=63|mle_ms=71.001|monotonic_ms=70|clock_delta_ms=1.001|c
lock_suspect=0
PMLE_LIVE_REPLAY_TIC|tic=64|mle_ms=141.909|monotonic_ms=150|clock_delta_ms=8.091
|clock_suspect=0
PMLE_LIVE_REPLAY_TIC|tic=65|mle_ms=28.639|monotonic_ms=30|clock_delta_ms=1.361|c
lock_suspect=0
PMLE_LIVE_REPLAY_TIC|tic=66|mle_ms=96.309|monotonic_ms=90|clock_delta_ms=6.309|c
lock_suspect=0
PMLE_LIVE_REPLAY_TIC|tic=67|mle_ms=109.095|monotonic_ms=110|clock_delta_ms=.905|
clock_suspect=0
PMLE_LIVE_REPLAY_TIC|tic=68|mle_ms=39.004|monotonic_ms=40|clock_delta_ms=.996|cl
ock_suspect=0
PMLE_LIVE_REPLAY_TIC|tic=69|mle_ms=43.391|monotonic_ms=40|clock_delta_ms=3.391|c
lock_suspect=0
PMLE_LIVE_REPLAY_TIC|tic=70|mle_ms=87.314|monotonic_ms=90|clock_delta_ms=2.686|c
lock_suspect=0
PMLE_LIVE_REPLAY_TIC|tic=71|mle_ms=60.241|monotonic_ms=60|clock_delta_ms=.241|cl
ock_suspect=0
PMLE_LIVE_REPLAY_TIC|tic=72|mle_ms=39.485|monotonic_ms=40|clock_delta_ms=.515|cl
ock_suspect=0
PMLE_LIVE_REPLAY_TIC|tic=73|mle_ms=120.806|monotonic_ms=120|clock_delta_ms=.806|
clock_suspect=0
PMLE_LIVE_REPLAY_TIC|tic=74|mle_ms=40.309|monotonic_ms=40|clock_delta_ms=.309|cl
ock_suspect=0
PMLE_LIVE_REPLAY_TIC|tic=75|mle_ms=49.348|monotonic_ms=50|clock_delta_ms=.652|cl
ock_suspect=0
PMLE_LIVE_REPLAY_TIC|tic=76|mle_ms=103.341|monotonic_ms=110|clock_delta_ms=6.659
|clock_suspect=0
PMLE_LIVE_REPLAY_TIC|tic=77|mle_ms=53.52|monotonic_ms=50|clock_delta_ms=3.52|clo
ck_suspect=0
PMLE_LIVE_REPLAY_TIC|tic=78|mle_ms=55.946|monotonic_ms=50|clock_delta_ms=5.946|c
lock_suspect=0
PMLE_LIVE_REPLAY_TIC|tic=79|mle_ms=114.054|monotonic_ms=120|clock_delta_ms=5.946
|clock_suspect=0
PMLE_LIVE_REPLAY_TIC|tic=80|mle_ms=27.015|monotonic_ms=30|clock_delta_ms=2.985|c
lock_suspect=0
PMLE_LIVE_REPLAY_TIC|tic=81|mle_ms=102.359|monotonic_ms=100|clock_delta_ms=2.359
|clock_suspect=0
PMLE_LIVE_REPLAY_TIC|tic=82|mle_ms=114.428|monotonic_ms=110|clock_delta_ms=4.428
|clock_suspect=0
PMLE_LIVE_REPLAY_TIC|tic=83|mle_ms=52.14|monotonic_ms=60|clock_delta_ms=7.86|clo
ck_suspect=0
PMLE_LIVE_REPLAY_TIC|tic=84|mle_ms=68.173|monotonic_ms=60|clock_delta_ms=8.173|c
lock_suspect=0
PMLE_LIVE_REPLAY_TIC|tic=85|mle_ms=92.32|monotonic_ms=100|clock_delta_ms=7.68|cl
ock_suspect=0
PMLE_LIVE_REPLAY_TIC|tic=86|mle_ms=46.826|monotonic_ms=40|clock_delta_ms=6.826|c
lock_suspect=0
PMLE_LIVE_REPLAY_TIC|tic=87|mle_ms=71.014|monotonic_ms=70|clock_delta_ms=1.014|c
lock_suspect=0
PMLE_LIVE_REPLAY_TIC|tic=88|mle_ms=100.502|monotonic_ms=100|clock_delta_ms=.502|
clock_suspect=0
PMLE_LIVE_REPLAY_TIC|tic=89|mle_ms=30.517|monotonic_ms=40|clock_delta_ms=9.483|c
lock_suspect=0
PMLE_LIVE_REPLAY_TIC|tic=90|mle_ms=66.748|monotonic_ms=60|clock_delta_ms=6.748|c
lock_suspect=0
PMLE_LIVE_REPLAY_TIC|tic=91|mle_ms=163.576|monotonic_ms=170|clock_delta_ms=6.424
|clock_suspect=0
PMLE_LIVE_REPLAY_TIC|tic=92|mle_ms=41.291|monotonic_ms=40|clock_delta_ms=1.291|c
lock_suspect=0
PMLE_LIVE_REPLAY_TIC|tic=93|mle_ms=55.657|monotonic_ms=50|clock_delta_ms=5.657|c
lock_suspect=0
PMLE_LIVE_REPLAY_TIC|tic=94|mle_ms=102.956|monotonic_ms=110|clock_delta_ms=7.044
|clock_suspect=0
PMLE_LIVE_REPLAY_TIC|tic=95|mle_ms=29.302|monotonic_ms=30|clock_delta_ms=.698|cl
ock_suspect=0
PMLE_LIVE_REPLAY_TIC|tic=96|mle_ms=72.328|monotonic_ms=70|clock_delta_ms=2.328|c
lock_suspect=0
PMLE_LIVE_REPLAY_TIC|tic=97|mle_ms=123.255|monotonic_ms=120|clock_delta_ms=3.255
|clock_suspect=0
PMLE_LIVE_REPLAY_TIC|tic=98|mle_ms=45.115|monotonic_ms=50|clock_delta_ms=4.885|c
lock_suspect=0
PMLE_LIVE_REPLAY_TIC|tic=99|mle_ms=33.651|monotonic_ms=30|clock_delta_ms=3.651|c
lock_suspect=0
PMLE_LIVE_REPLAY_TIC|tic=100|mle_ms=94.797|monotonic_ms=90|clock_delta_ms=4.797|
clock_suspect=0
PMLE_LIVE_REPLAY_TIC|tic=101|mle_ms=58.528|monotonic_ms=60|clock_delta_ms=1.472|
clock_suspect=0
PMLE_LIVE_REPLAY_TIC|tic=102|mle_ms=41.505|monotonic_ms=40|clock_delta_ms=1.505|
clock_suspect=0
PMLE_LIVE_REPLAY_TIC|tic=103|mle_ms=98.932|monotonic_ms=100|clock_delta_ms=1.068
|clock_suspect=0
PMLE_LIVE_REPLAY_TIC|tic=104|mle_ms=43.028|monotonic_ms=50|clock_delta_ms=6.972|
clock_suspect=0
PMLE_LIVE_REPLAY_TIC|tic=105|mle_ms=30.019|monotonic_ms=30|clock_delta_ms=.019|c
lock_suspect=0
PMLE_LIVE_REPLAY_TIC|tic=106|mle_ms=107.45|monotonic_ms=100|clock_delta_ms=7.45|
clock_suspect=0
PMLE_LIVE_REPLAY_TIC|tic=107|mle_ms=37.029|monotonic_ms=40|clock_delta_ms=2.971|
clock_suspect=0
PMLE_LIVE_REPLAY_TIC|tic=108|mle_ms=56.43|monotonic_ms=60|clock_delta_ms=3.57|cl
ock_suspect=0
PMLE_LIVE_REPLAY_TIC|tic=109|mle_ms=86.543|monotonic_ms=80|clock_delta_ms=6.543|
clock_suspect=0
PMLE_LIVE_REPLAY_TIC|tic=110|mle_ms=29.625|monotonic_ms=30|clock_delta_ms=.375|c
lock_suspect=0
PMLE_LIVE_REPLAY_TIC|tic=111|mle_ms=172.637|monotonic_ms=180|clock_delta_ms=7.36
3|clock_suspect=0
PMLE_LIVE_REPLAY_TIC|tic=112|mle_ms=110.161|monotonic_ms=110|clock_delta_ms=.161
|clock_suspect=0
PMLE_LIVE_REPLAY_TIC|tic=113|mle_ms=45.985|monotonic_ms=40|clock_delta_ms=5.985|
clock_suspect=0
PMLE_LIVE_REPLAY_TIC|tic=114|mle_ms=76.106|monotonic_ms=80|clock_delta_ms=3.894|
clock_suspect=0
PMLE_LIVE_REPLAY_TIC|tic=115|mle_ms=95.173|monotonic_ms=90|clock_delta_ms=5.173|
clock_suspect=0
PMLE_LIVE_REPLAY_TIC|tic=116|mle_ms=47.974|monotonic_ms=50|clock_delta_ms=2.026|
clock_suspect=0
PMLE_LIVE_REPLAY_TIC|tic=117|mle_ms=76.426|monotonic_ms=80|clock_delta_ms=3.574|
clock_suspect=0
PMLE_LIVE_REPLAY_TIC|tic=118|mle_ms=118.893|monotonic_ms=120|clock_delta_ms=1.10
7|clock_suspect=0
PMLE_LIVE_REPLAY_TIC|tic=119|mle_ms=22.58|monotonic_ms=20|clock_delta_ms=2.58|cl
ock_suspect=0
PMLE_LIVE_REPLAY_TIC|tic=120|mle_ms=77.585|monotonic_ms=80|clock_delta_ms=2.415|
clock_suspect=0
PMLE_LIVE_REPLAY_TIC|tic=121|mle_ms=125.156|monotonic_ms=120|clock_delta_ms=5.15
6|clock_suspect=0
PMLE_LIVE_REPLAY_TIC|tic=122|mle_ms=31.688|monotonic_ms=30|clock_delta_ms=1.688|
clock_suspect=0
PMLE_LIVE_REPLAY_TIC|tic=123|mle_ms=81.151|monotonic_ms=90|clock_delta_ms=8.849|
clock_suspect=0
PMLE_LIVE_REPLAY_TIC|tic=124|mle_ms=137.465|monotonic_ms=130|clock_delta_ms=7.46
5|clock_suspect=0
PMLE_LIVE_REPLAY_TIC|tic=125|mle_ms=31.428|monotonic_ms=30|clock_delta_ms=1.428|
clock_suspect=0
PMLE_LIVE_REPLAY_TIC|tic=126|mle_ms=68.362|monotonic_ms=70|clock_delta_ms=1.638|
clock_suspect=0
PMLE_LIVE_REPLAY_TIC|tic=127|mle_ms=110.248|monotonic_ms=110|clock_delta_ms=.248
|clock_suspect=0
PMLE_LIVE_REPLAY_TIC|tic=128|mle_ms=44.275|monotonic_ms=50|clock_delta_ms=5.725|
clock_suspect=0
PMLE_LIVE_REPLAY_TIC|tic=129|mle_ms=80.51|monotonic_ms=80|clock_delta_ms=.51|clo
ck_suspect=0
PMLE_LIVE_REPLAY_TIC|tic=130|mle_ms=221.987|monotonic_ms=220|clock_delta_ms=1.98
7|clock_suspect=0
PMLE_LIVE_REPLAY_TIC|tic=131|mle_ms=99.105|monotonic_ms=100|clock_delta_ms=.895|
clock_suspect=0
PMLE_LIVE_REPLAY_TIC|tic=132|mle_ms=58.052|monotonic_ms=60|clock_delta_ms=1.948|
clock_suspect=0
PMLE_LIVE_REPLAY_TIC|tic=133|mle_ms=157.464|monotonic_ms=160|clock_delta_ms=2.53
6|clock_suspect=0
PMLE_LIVE_REPLAY_TIC|tic=134|mle_ms=173.868|monotonic_ms=170|clock_delta_ms=3.86
8|clock_suspect=0
PMLE_LIVE_REPLAY_TIC|tic=135|mle_ms=62.18|monotonic_ms=60|clock_delta_ms=2.18|cl
ock_suspect=0
PMLE_LIVE_REPLAY_TIC|tic=136|mle_ms=101.375|monotonic_ms=100|clock_delta_ms=1.37
5|clock_suspect=0
PMLE_LIVE_REPLAY_TIC|tic=137|mle_ms=102.126|monotonic_ms=110|clock_delta_ms=7.87
4|clock_suspect=0
PMLE_LIVE_REPLAY_TIC|tic=138|mle_ms=80.462|monotonic_ms=80|clock_delta_ms=.462|c
lock_suspect=0
PMLE_LIVE_REPLAY_TIC|tic=139|mle_ms=121.855|monotonic_ms=120|clock_delta_ms=1.85
5|clock_suspect=0
PMLE_LIVE_REPLAY_TIC|tic=140|mle_ms=60.397|monotonic_ms=60|clock_delta_ms=.397|c
lock_suspect=0
PMLE_LIVE_REPLAY_TIC|tic=141|mle_ms=91.146|monotonic_ms=90|clock_delta_ms=1.146|
clock_suspect=0
PMLE_LIVE_REPLAY_TIC|tic=142|mle_ms=91.496|monotonic_ms=90|clock_delta_ms=1.496|
clock_suspect=0
PMLE_LIVE_REPLAY_TIC|tic=143|mle_ms=100.533|monotonic_ms=100|clock_delta_ms=.533
|clock_suspect=0
PMLE_LIVE_REPLAY_TIC|tic=144|mle_ms=59.993|monotonic_ms=60|clock_delta_ms=.007|c
lock_suspect=0
PMLE_LIVE_REPLAY_TIC|tic=145|mle_ms=97.565|monotonic_ms=100|clock_delta_ms=2.435
|clock_suspect=0
PMLE_LIVE_REPLAY_TIC|tic=146|mle_ms=89.676|monotonic_ms=90|clock_delta_ms=.324|c
lock_suspect=0
PMLE_LIVE_REPLAY_TIC|tic=147|mle_ms=63.761|monotonic_ms=60|clock_delta_ms=3.761|
clock_suspect=0
PMLE_LIVE_REPLAY_TIC|tic=148|mle_ms=79.795|monotonic_ms=80|clock_delta_ms=.205|c
lock_suspect=0
PMLE_LIVE_REPLAY_TIC|tic=149|mle_ms=160.937|monotonic_ms=160|clock_delta_ms=.937
|clock_suspect=0
PMLE_LIVE_REPLAY_TIC|tic=150|mle_ms=112.625|monotonic_ms=120|clock_delta_ms=7.37
5|clock_suspect=0
PMLE_LIVE_REPLAY_TIC|tic=151|mle_ms=158.421|monotonic_ms=160|clock_delta_ms=1.57
9|clock_suspect=0
PMLE_LIVE_REPLAY_TIC|tic=152|mle_ms=59.812|monotonic_ms=50|clock_delta_ms=9.812|
clock_suspect=0
PMLE_LIVE_REPLAY_TIC|tic=153|mle_ms=142.322|monotonic_ms=150|clock_delta_ms=7.67
8|clock_suspect=0
PMLE_LIVE_REPLAY_TIC|tic=154|mle_ms=125.681|monotonic_ms=120|clock_delta_ms=5.68
1|clock_suspect=0
PMLE_LIVE_REPLAY_TIC|tic=155|mle_ms=70.957|monotonic_ms=70|clock_delta_ms=.957|c
lock_suspect=0
PMLE_LIVE_REPLAY_TIC|tic=156|mle_ms=67.154|monotonic_ms=70|clock_delta_ms=2.846|
clock_suspect=0
PMLE_LIVE_REPLAY_TIC|tic=157|mle_ms=140.533|monotonic_ms=140|clock_delta_ms=.533
|clock_suspect=0
PMLE_LIVE_REPLAY_TIC|tic=158|mle_ms=67.728|monotonic_ms=70|clock_delta_ms=2.272|
clock_suspect=0
PMLE_LIVE_REPLAY_TIC|tic=159|mle_ms=196.769|monotonic_ms=200|clock_delta_ms=3.23
1|clock_suspect=0
PMLE_LIVE_REPLAY_TIC|tic=160|mle_ms=85.756|monotonic_ms=80|clock_delta_ms=5.756|
clock_suspect=0
PMLE_LIVE_REPLAY_TIC|tic=161|mle_ms=90.946|monotonic_ms=90|clock_delta_ms=.946|c
lock_suspect=0
PMLE_LIVE_REPLAY_TIC|tic=162|mle_ms=83.2|monotonic_ms=90|clock_delta_ms=6.8|cloc
k_suspect=0
PMLE_LIVE_REPLAY_TIC|tic=163|mle_ms=144.602|monotonic_ms=140|clock_delta_ms=4.60
2|clock_suspect=0
PMLE_LIVE_REPLAY_TIC|tic=164|mle_ms=65.876|monotonic_ms=70|clock_delta_ms=4.124|
clock_suspect=0
PMLE_LIVE_REPLAY_TIC|tic=165|mle_ms=56.466|monotonic_ms=50|clock_delta_ms=6.466|
clock_suspect=0
PMLE_LIVE_REPLAY_TIC|tic=166|mle_ms=118.633|monotonic_ms=120|clock_delta_ms=1.36
7|clock_suspect=0
PMLE_LIVE_REPLAY_TIC|tic=167|mle_ms=59.059|monotonic_ms=60|clock_delta_ms=.941|c
lock_suspect=0
PMLE_LIVE_REPLAY_TIC|tic=168|mle_ms=167.139|monotonic_ms=170|clock_delta_ms=2.86
1|clock_suspect=0
PMLE_LIVE_REPLAY_TIC|tic=169|mle_ms=141.8|monotonic_ms=140|clock_delta_ms=1.8|cl
ock_suspect=0
PMLE_LIVE_REPLAY_TIC|tic=170|mle_ms=115.906|monotonic_ms=120|clock_delta_ms=4.09
4|clock_suspect=0
PMLE_LIVE_REPLAY_TIC|tic=171|mle_ms=129.31|monotonic_ms=130|clock_delta_ms=.69|c
lock_suspect=0
PMLE_LIVE_REPLAY_TIC|tic=172|mle_ms=182.005|monotonic_ms=180|clock_delta_ms=2.00
5|clock_suspect=0
PMLE_LIVE_REPLAY_TIC|tic=173|mle_ms=82.49|monotonic_ms=80|clock_delta_ms=2.49|cl
ock_suspect=0
PMLE_LIVE_REPLAY_TIC|tic=174|mle_ms=107.037|monotonic_ms=110|clock_delta_ms=2.96
3|clock_suspect=0
PMLE_LIVE_REPLAY_TIC|tic=175|mle_ms=106.139|monotonic_ms=100|clock_delta_ms=6.13
9|clock_suspect=0
PMLE_LIVE_REPLAY_TIC|tic=176|mle_ms=94.873|monotonic_ms=100|clock_delta_ms=5.127
|clock_suspect=0
PMLE_LIVE_REPLAY_TIC|tic=177|mle_ms=106.429|monotonic_ms=110|clock_delta_ms=3.57
1|clock_suspect=0
PMLE_LIVE_REPLAY_TIC|tic=178|mle_ms=144.266|monotonic_ms=140|clock_delta_ms=4.26
6|clock_suspect=0
PMLE_LIVE_REPLAY_TIC|tic=179|mle_ms=85.56|monotonic_ms=90|clock_delta_ms=4.44|cl
ock_suspect=0
PMLE_LIVE_REPLAY_TIC|tic=180|mle_ms=100.575|monotonic_ms=100|clock_delta_ms=.575
|clock_suspect=0
PMLE_LIVE_REPLAY_TIC|tic=181|mle_ms=170.125|monotonic_ms=170|clock_delta_ms=.125
|clock_suspect=0
PMLE_LIVE_REPLAY_TIC|tic=182|mle_ms=143.543|monotonic_ms=140|clock_delta_ms=3.54
3|clock_suspect=0
PMLE_LIVE_REPLAY_TIC|tic=183|mle_ms=171.057|monotonic_ms=170|clock_delta_ms=1.05
7|clock_suspect=0
PMLE_LIVE_REPLAY_TIC|tic=184|mle_ms=176.445|monotonic_ms=180|clock_delta_ms=3.55
5|clock_suspect=0
PMLE_LIVE_REPLAY_TIC|tic=185|mle_ms=265.866|monotonic_ms=260|clock_delta_ms=5.86
6|clock_suspect=0
PMLE_LIVE_REPLAY_TIC|tic=186|mle_ms=145.809|monotonic_ms=150|clock_delta_ms=4.19
1|clock_suspect=0
PMLE_LIVE_REPLAY_TIC|tic=187|mle_ms=272.242|monotonic_ms=270|clock_delta_ms=2.24
2|clock_suspect=0
PMLE_LIVE_REPLAY_TIC|tic=188|mle_ms=114.663|monotonic_ms=120|clock_delta_ms=5.33
7|clock_suspect=0
PMLE_LIVE_REPLAY_TIC|tic=189|mle_ms=200.719|monotonic_ms=200|clock_delta_ms=.719
|clock_suspect=0
PMLE_LIVE_REPLAY_TIC|tic=190|mle_ms=150.925|monotonic_ms=150|clock_delta_ms=.925
|clock_suspect=0
PMLE_LIVE_REPLAY_TIC|tic=191|mle_ms=178.697|monotonic_ms=180|clock_delta_ms=1.30
3|clock_suspect=0
PMLE_LIVE_REPLAY_TIC|tic=192|mle_ms=90.694|monotonic_ms=90|clock_delta_ms=.694|c
lock_suspect=0
PMLE_LIVE_REPLAY_TIC|tic=193|mle_ms=153.694|monotonic_ms=150|clock_delta_ms=3.69
4|clock_suspect=0
PMLE_LIVE_REPLAY_TIC|tic=194|mle_ms=152.134|monotonic_ms=150|clock_delta_ms=2.13
4|clock_suspect=0
PMLE_LIVE_REPLAY_TIC|tic=195|mle_ms=93.8|monotonic_ms=100|clock_delta_ms=6.2|clo
ck_suspect=0
PMLE_LIVE_REPLAY_TIC|tic=196|mle_ms=130.905|monotonic_ms=130|clock_delta_ms=.905
|clock_suspect=0
PMLE_LIVE_REPLAY_TIC|tic=197|mle_ms=155.242|monotonic_ms=150|clock_delta_ms=5.24
2|clock_suspect=0
PMLE_LIVE_REPLAY_TIC|tic=198|mle_ms=114.748|monotonic_ms=120|clock_delta_ms=5.25
2|clock_suspect=0
PMLE_LIVE_REPLAY_TIC|tic=199|mle_ms=111.267|monotonic_ms=110|clock_delta_ms=1.26
7|clock_suspect=0
PMLE_LIVE_REPLAY_TIC|tic=200|mle_ms=115.255|monotonic_ms=120|clock_delta_ms=4.74
5|clock_suspect=0
PMLE_LIVE_REPLAY_TIC|tic=201|mle_ms=164.354|monotonic_ms=170|clock_delta_ms=5.64
6|clock_suspect=0
PMLE_LIVE_REPLAY_TIC|tic=202|mle_ms=142.374|monotonic_ms=140|clock_delta_ms=2.37
4|clock_suspect=0
PMLE_LIVE_REPLAY_TIC|tic=203|mle_ms=141.807|monotonic_ms=140|clock_delta_ms=1.80
7|clock_suspect=0
PMLE_LIVE_REPLAY_TIC|tic=204|mle_ms=105.365|monotonic_ms=100|clock_delta_ms=5.36
5|clock_suspect=0
PMLE_LIVE_REPLAY_TIC|tic=205|mle_ms=123.951|monotonic_ms=130|clock_delta_ms=6.04
9|clock_suspect=0
PMLE_LIVE_REPLAY_TIC|tic=206|mle_ms=279.483|monotonic_ms=280|clock_delta_ms=.517
|clock_suspect=0
PMLE_LIVE_REPLAY_TIC|tic=207|mle_ms=120.466|monotonic_ms=120|clock_delta_ms=.466
|clock_suspect=0
PMLE_LIVE_REPLAY_TIC|tic=208|mle_ms=274.125|monotonic_ms=270|clock_delta_ms=4.12
5|clock_suspect=0
PMLE_LIVE_REPLAY_TIC|tic=209|mle_ms=125.603|monotonic_ms=130|clock_delta_ms=4.39
7|clock_suspect=0
PMLE_LIVE_REPLAY_TIC|tic=210|mle_ms=178.021|monotonic_ms=180|clock_delta_ms=1.97
9|clock_suspect=0
PMLE_LIVE_REPLAY_TIC|tic=211|mle_ms=150.369|monotonic_ms=150|clock_delta_ms=.369
|clock_suspect=0
PMLE_LIVE_REPLAY_TIC|tic=212|mle_ms=178.003|monotonic_ms=180|clock_delta_ms=1.99
7|clock_suspect=0
PMLE_LIVE_REPLAY_TIC|tic=213|mle_ms=106.528|monotonic_ms=100|clock_delta_ms=6.52
8|clock_suspect=0
PMLE_LIVE_REPLAY_TIC|tic=214|mle_ms=255.399|monotonic_ms=260|clock_delta_ms=4.60
1|clock_suspect=0
PMLE_LIVE_REPLAY_TIC|tic=215|mle_ms=130.042|monotonic_ms=130|clock_delta_ms=.042
|clock_suspect=0
PMLE_LIVE_REPLAY_TIC|tic=216|mle_ms=111.224|monotonic_ms=110|clock_delta_ms=1.22
4|clock_suspect=0
PMLE_LIVE_REPLAY_TIC|tic=217|mle_ms=130.559|monotonic_ms=130|clock_delta_ms=.559
|clock_suspect=0
PMLE_LIVE_REPLAY_TIC|tic=218|mle_ms=166.153|monotonic_ms=170|clock_delta_ms=3.84
7|clock_suspect=0
PMLE_LIVE_REPLAY_TIC|tic=219|mle_ms=68.167|monotonic_ms=60|clock_delta_ms=8.167|
clock_suspect=0
PMLE_LIVE_REPLAY_TIC|tic=220|mle_ms=140.664|monotonic_ms=140|clock_delta_ms=.664
|clock_suspect=0
PMLE_LIVE_REPLAY_TIC|tic=221|mle_ms=144.81|monotonic_ms=150|clock_delta_ms=5.19|
clock_suspect=0
PMLE_LIVE_REPLAY_TIC|tic=222|mle_ms=91.899|monotonic_ms=90|clock_delta_ms=1.899|
clock_suspect=0
PMLE_LIVE_REPLAY_TIC|tic=223|mle_ms=136.111|monotonic_ms=140|clock_delta_ms=3.88
9|clock_suspect=0
PMLE_LIVE_REPLAY_TIC|tic=224|mle_ms=123.615|monotonic_ms=120|clock_delta_ms=3.61
5|clock_suspect=0
PMLE_LIVE_REPLAY_TIC|tic=225|mle_ms=231.722|monotonic_ms=230|clock_delta_ms=1.72
2|clock_suspect=0
PMLE_LIVE_REPLAY_TIC|tic=226|mle_ms=168.946|monotonic_ms=170|clock_delta_ms=1.05
4|clock_suspect=0
PMLE_LIVE_REPLAY_TIC|tic=227|mle_ms=131.451|monotonic_ms=130|clock_delta_ms=1.45
1|clock_suspect=0
PMLE_LIVE_REPLAY_TIC|tic=228|mle_ms=86.142|monotonic_ms=90|clock_delta_ms=3.858|
clock_suspect=0
PMLE_LIVE_REPLAY_TIC|tic=229|mle_ms=200.589|monotonic_ms=200|clock_delta_ms=.589
|clock_suspect=0
PMLE_LIVE_REPLAY_TIC|tic=230|mle_ms=187.937|monotonic_ms=190|clock_delta_ms=2.06
3|clock_suspect=0
PMLE_LIVE_REPLAY_TIC|tic=231|mle_ms=104.49|monotonic_ms=100|clock_delta_ms=4.49|
clock_suspect=0
PMLE_LIVE_REPLAY_TIC|tic=232|mle_ms=102.496|monotonic_ms=110|clock_delta_ms=7.50
4|clock_suspect=0
PMLE_LIVE_REPLAY_TIC|tic=233|mle_ms=138.601|monotonic_ms=130|clock_delta_ms=8.60
1|clock_suspect=0
PMLE_LIVE_REPLAY_TIC|tic=234|mle_ms=87.91|monotonic_ms=90|clock_delta_ms=2.09|cl
ock_suspect=0
PMLE_LIVE_REPLAY_TIC|tic=235|mle_ms=111.002|monotonic_ms=110|clock_delta_ms=1.00
2|clock_suspect=0
PMLE_LIVE_REPLAY_TIC|tic=236|mle_ms=142.853|monotonic_ms=150|clock_delta_ms=7.14
7|clock_suspect=0
PMLE_LIVE_REPLAY_TIC|tic=237|mle_ms=81.567|monotonic_ms=80|clock_delta_ms=1.567|
clock_suspect=0
PMLE_LIVE_REPLAY_TIC|tic=238|mle_ms=143.243|monotonic_ms=140|clock_delta_ms=3.24
3|clock_suspect=0
PMLE_LIVE_REPLAY_TIC|tic=239|mle_ms=107.483|monotonic_ms=110|clock_delta_ms=2.51
7|clock_suspect=0
PMLE_LIVE_REPLAY_TIC|tic=240|mle_ms=47.588|monotonic_ms=50|clock_delta_ms=2.412|
clock_suspect=0
PMLE_LIVE_REPLAY_TIC|tic=241|mle_ms=177.775|monotonic_ms=170|clock_delta_ms=7.77
5|clock_suspect=0
PMLE_LIVE_REPLAY_TIC|tic=242|mle_ms=102.959|monotonic_ms=110|clock_delta_ms=7.04
1|clock_suspect=0
PMLE_LIVE_REPLAY_TIC|tic=243|mle_ms=122.867|monotonic_ms=120|clock_delta_ms=2.86
7|clock_suspect=0
PMLE_LIVE_REPLAY_TIC|tic=244|mle_ms=272.402|monotonic_ms=270|clock_delta_ms=2.40
2|clock_suspect=0
PMLE_LIVE_REPLAY_TIC|tic=245|mle_ms=221.824|monotonic_ms=230|clock_delta_ms=8.17
6|clock_suspect=0
PMLE_LIVE_REPLAY_TIC|tic=246|mle_ms=81.747|monotonic_ms=80|clock_delta_ms=1.747|
clock_suspect=0
PMLE_LIVE_REPLAY_TIC|tic=247|mle_ms=127.099|monotonic_ms=120|clock_delta_ms=7.09
9|clock_suspect=0
PMLE_LIVE_REPLAY_TIC|tic=248|mle_ms=127.361|monotonic_ms=130|clock_delta_ms=2.63
9|clock_suspect=0
PMLE_LIVE_REPLAY_TIC|tic=249|mle_ms=104.99|monotonic_ms=110|clock_delta_ms=5.01|
clock_suspect=0
PMLE_LIVE_REPLAY_TIC|tic=250|mle_ms=130.985|monotonic_ms=130|clock_delta_ms=.985
|clock_suspect=0
PMLE_LIVE_REPLAY_TIC|tic=251|mle_ms=176.307|monotonic_ms=170|clock_delta_ms=6.30
7|clock_suspect=0
PMLE_LIVE_REPLAY_TIC|tic=252|mle_ms=53.335|monotonic_ms=60|clock_delta_ms=6.665|
clock_suspect=0
PMLE_LIVE_REPLAY_TIC|tic=253|mle_ms=167.443|monotonic_ms=160|clock_delta_ms=7.44
3|clock_suspect=0
PMLE_LIVE_REPLAY_TIC|tic=254|mle_ms=103.368|monotonic_ms=110|clock_delta_ms=6.63
2|clock_suspect=0
PMLE_LIVE_REPLAY_TIC|tic=255|mle_ms=67.188|monotonic_ms=70|clock_delta_ms=2.812|
clock_suspect=0
PMLE_LIVE_REPLAY_TIC|tic=256|mle_ms=120.948|monotonic_ms=120|clock_delta_ms=.948
|clock_suspect=0
PMLE_LIVE_REPLAY_TIC|tic=257|mle_ms=145.959|monotonic_ms=140|clock_delta_ms=5.95
9|clock_suspect=0
PMLE_LIVE_REPLAY_TIC|tic=258|mle_ms=89.291|monotonic_ms=90|clock_delta_ms=.709|c
lock_suspect=0
PMLE_LIVE_REPLAY_TIC|tic=259|mle_ms=129.553|monotonic_ms=130|clock_delta_ms=.447
|clock_suspect=0
PMLE_LIVE_REPLAY_TIC|tic=260|mle_ms=116.823|monotonic_ms=120|clock_delta_ms=3.17
7|clock_suspect=0
PMLE_LIVE_REPLAY_TIC|tic=261|mle_ms=131.286|monotonic_ms=130|clock_delta_ms=1.28
6|clock_suspect=0
PMLE_LIVE_REPLAY_TIC|tic=262|mle_ms=147.192|monotonic_ms=150|clock_delta_ms=2.80
8|clock_suspect=0
PMLE_LIVE_REPLAY_TIC|tic=263|mle_ms=130.066|monotonic_ms=130|clock_delta_ms=.066
|clock_suspect=0
PMLE_LIVE_REPLAY_TIC|tic=264|mle_ms=183.809|monotonic_ms=180|clock_delta_ms=3.80
9|clock_suspect=0
PMLE_LIVE_REPLAY_TIC|tic=265|mle_ms=158.267|monotonic_ms=160|clock_delta_ms=1.73
3|clock_suspect=0
PMLE_LIVE_REPLAY_TIC|tic=266|mle_ms=138.119|monotonic_ms=140|clock_delta_ms=1.88
1|clock_suspect=0
PMLE_LIVE_REPLAY_TIC|tic=267|mle_ms=255.734|monotonic_ms=250|clock_delta_ms=5.73
4|clock_suspect=0
PMLE_LIVE_REPLAY_TIC|tic=268|mle_ms=176.402|monotonic_ms=180|clock_delta_ms=3.59
8|clock_suspect=0
PMLE_LIVE_REPLAY_TIC|tic=269|mle_ms=96.648|monotonic_ms=100|clock_delta_ms=3.352
|clock_suspect=0
PMLE_LIVE_REPLAY_TIC|tic=270|mle_ms=82.767|monotonic_ms=80|clock_delta_ms=2.767|
clock_suspect=0
PMLE_LIVE_REPLAY_TIC|tic=271|mle_ms=196.468|monotonic_ms=200|clock_delta_ms=3.53
2|clock_suspect=0
PMLE_LIVE_REPLAY_TIC|tic=272|mle_ms=115.48|monotonic_ms=110|clock_delta_ms=5.48|
clock_suspect=0
PMLE_LIVE_REPLAY_TIC|tic=273|mle_ms=119.196|monotonic_ms=120|clock_delta_ms=.804
|clock_suspect=0
PMLE_LIVE_REPLAY_TIC|tic=274|mle_ms=115.851|monotonic_ms=120|clock_delta_ms=4.14
9|clock_suspect=0
PMLE_LIVE_REPLAY_TIC|tic=275|mle_ms=85.866|monotonic_ms=80|clock_delta_ms=5.866|
clock_suspect=0
PMLE_LIVE_REPLAY_TIC|tic=276|mle_ms=94.131|monotonic_ms=100|clock_delta_ms=5.869
|clock_suspect=0
PMLE_LIVE_REPLAY_TIC|tic=277|mle_ms=154.337|monotonic_ms=150|clock_delta_ms=4.33
7|clock_suspect=0
PMLE_LIVE_REPLAY_TIC|tic=278|mle_ms=91.906|monotonic_ms=90|clock_delta_ms=1.906|
clock_suspect=0
PMLE_LIVE_REPLAY_TIC|tic=279|mle_ms=159.24|monotonic_ms=160|clock_delta_ms=.76|c
lock_suspect=0
PMLE_LIVE_REPLAY_TIC|tic=280|mle_ms=116.861|monotonic_ms=120|clock_delta_ms=3.13
9|clock_suspect=0
PMLE_LIVE_REPLAY_TIC|tic=281|mle_ms=122.249|monotonic_ms=120|clock_delta_ms=2.24
9|clock_suspect=0
PMLE_LIVE_REPLAY_TIC|tic=282|mle_ms=74.071|monotonic_ms=80|clock_delta_ms=5.929|
clock_suspect=0
PMLE_LIVE_REPLAY_TIC|tic=283|mle_ms=237.715|monotonic_ms=230|clock_delta_ms=7.71
5|clock_suspect=0
PMLE_LIVE_REPLAY_TIC|tic=284|mle_ms=93.288|monotonic_ms=100|clock_delta_ms=6.712
|clock_suspect=0
PMLE_LIVE_REPLAY_TIC|tic=285|mle_ms=74.557|monotonic_ms=70|clock_delta_ms=4.557|
clock_suspect=0
PMLE_LIVE_REPLAY_TIC|tic=286|mle_ms=182.112|monotonic_ms=180|clock_delta_ms=2.11
2|clock_suspect=0
PMLE_LIVE_REPLAY_TIC|tic=287|mle_ms=185.853|monotonic_ms=190|clock_delta_ms=4.14
7|clock_suspect=0
PMLE_LIVE_REPLAY_TIC|tic=288|mle_ms=88.39|monotonic_ms=90|clock_delta_ms=1.61|cl
ock_suspect=0
PMLE_LIVE_REPLAY_TIC|tic=289|mle_ms=129.09|monotonic_ms=130|clock_delta_ms=.91|c
lock_suspect=0
PMLE_LIVE_REPLAY_TIC|tic=290|mle_ms=109.395|monotonic_ms=110|clock_delta_ms=.605
|clock_suspect=0
PMLE_LIVE_REPLAY_TIC|tic=291|mle_ms=120.036|monotonic_ms=120|clock_delta_ms=.036
|clock_suspect=0
PMLE_LIVE_REPLAY_TIC|tic=292|mle_ms=120.959|monotonic_ms=120|clock_delta_ms=.959
|clock_suspect=0
PMLE_LIVE_REPLAY_TIC|tic=293|mle_ms=254.283|monotonic_ms=250|clock_delta_ms=4.28
3|clock_suspect=0
PMLE_LIVE_REPLAY_TIC|tic=294|mle_ms=102.537|monotonic_ms=110|clock_delta_ms=7.46
3|clock_suspect=0
PMLE_LIVE_REPLAY_TIC|tic=295|mle_ms=135.996|monotonic_ms=130|clock_delta_ms=5.99
6|clock_suspect=0
PMLE_LIVE_REPLAY_TIC|tic=296|mle_ms=100.023|monotonic_ms=100|clock_delta_ms=.023
|clock_suspect=0
PMLE_LIVE_REPLAY_TIC|tic=297|mle_ms=278.215|monotonic_ms=280|clock_delta_ms=1.78
5|clock_suspect=0
PMLE_LIVE_REPLAY_TIC|tic=298|mle_ms=161.273|monotonic_ms=160|clock_delta_ms=1.27
3|clock_suspect=0
PMLE_LIVE_REPLAY_TIC|tic=299|mle_ms=94.517|monotonic_ms=100|clock_delta_ms=5.483
|clock_suspect=0
PMLE_LIVE_REPLAY_TIC|tic=300|mle_ms=97.425|monotonic_ms=90|clock_delta_ms=7.425|
clock_suspect=0
PMLE_LIVE_REPLAY_TIC|tic=301|mle_ms=256.169|monotonic_ms=250|clock_delta_ms=6.16
9|clock_suspect=0
PMLE_LIVE_REPLAY_TIC|tic=302|mle_ms=82.648|monotonic_ms=90|clock_delta_ms=7.352|
clock_suspect=0
PMLE_LIVE_REPLAY_TIC|tic=303|mle_ms=195.663|monotonic_ms=190|clock_delta_ms=5.66
3|clock_suspect=0
PMLE_LIVE_REPLAY_TIC|tic=304|mle_ms=85.88|monotonic_ms=90|clock_delta_ms=4.12|cl
ock_suspect=0
PMLE_LIVE_REPLAY_TIC|tic=305|mle_ms=92.769|monotonic_ms=90|clock_delta_ms=2.769|
clock_suspect=0
PMLE_LIVE_REPLAY_TIC|tic=306|mle_ms=98.684|monotonic_ms=100|clock_delta_ms=1.316
|clock_suspect=0
PMLE_LIVE_REPLAY_TIC|tic=307|mle_ms=236.94|monotonic_ms=240|clock_delta_ms=3.06|
clock_suspect=0
PMLE_LIVE_REPLAY_TIC|tic=308|mle_ms=79.688|monotonic_ms=80|clock_delta_ms=.312|c
lock_suspect=0
PMLE_LIVE_REPLAY_TIC|tic=309|mle_ms=83.206|monotonic_ms=80|clock_delta_ms=3.206|
clock_suspect=0
PMLE_LIVE_REPLAY_TIC|tic=310|mle_ms=128.672|monotonic_ms=130|clock_delta_ms=1.32
8|clock_suspect=0
PMLE_LIVE_REPLAY_TIC|tic=311|mle_ms=146.471|monotonic_ms=140|clock_delta_ms=6.47
1|clock_suspect=0
PMLE_LIVE_REPLAY_TIC|tic=312|mle_ms=48.941|monotonic_ms=50|clock_delta_ms=1.059|
clock_suspect=0
PMLE_LIVE_REPLAY_TIC|tic=313|mle_ms=148.447|monotonic_ms=150|clock_delta_ms=1.55
3|clock_suspect=0
PMLE_LIVE_REPLAY_TIC|tic=314|mle_ms=109.268|monotonic_ms=110|clock_delta_ms=.732
|clock_suspect=0
PMLE_LIVE_REPLAY_TIC|tic=315|mle_ms=50.734|monotonic_ms=50|clock_delta_ms=.734|c
lock_suspect=0
PMLE_LIVE_REPLAY_TIC|tic=316|mle_ms=228.785|monotonic_ms=230|clock_delta_ms=1.21
5|clock_suspect=0
PMLE_LIVE_REPLAY_TIC|tic=317|mle_ms=88.275|monotonic_ms=90|clock_delta_ms=1.725|
clock_suspect=0
PMLE_LIVE_REPLAY_TIC|tic=318|mle_ms=74.459|monotonic_ms=70|clock_delta_ms=4.459|
clock_suspect=0
PMLE_LIVE_REPLAY_TIC|tic=319|mle_ms=107.042|monotonic_ms=110|clock_delta_ms=2.95
8|clock_suspect=0
PMLE_LIVE_REPLAY_TIC|tic=320|mle_ms=143.837|monotonic_ms=140|clock_delta_ms=3.83
7|clock_suspect=0
PMLE_LIVE_REPLAY_TIC|tic=321|mle_ms=98.548|monotonic_ms=100|clock_delta_ms=1.452
|clock_suspect=0
PMLE_LIVE_REPLAY_TIC|tic=322|mle_ms=154.048|monotonic_ms=160|clock_delta_ms=5.95
2|clock_suspect=0
PMLE_LIVE_REPLAY_TIC|tic=323|mle_ms=119.144|monotonic_ms=120|clock_delta_ms=.856
|clock_suspect=0
PMLE_LIVE_REPLAY_TIC|tic=324|mle_ms=70.547|monotonic_ms=70|clock_delta_ms=.547|c
lock_suspect=0
PMLE_LIVE_REPLAY_TIC|tic=325|mle_ms=90.953|monotonic_ms=90|clock_delta_ms=.953|c
lock_suspect=0
PMLE_LIVE_REPLAY_TIC|tic=326|mle_ms=125.813|monotonic_ms=120|clock_delta_ms=5.81
3|clock_suspect=0
PMLE_LIVE_REPLAY_TIC|tic=327|mle_ms=63.401|monotonic_ms=70|clock_delta_ms=6.599|
clock_suspect=0
PMLE_LIVE_REPLAY_TIC|tic=328|mle_ms=140.369|monotonic_ms=140|clock_delta_ms=.369
|clock_suspect=0
PMLE_LIVE_REPLAY_TIC|tic=329|mle_ms=127.407|monotonic_ms=130|clock_delta_ms=2.59
3|clock_suspect=0
PMLE_LIVE_REPLAY_TIC|tic=330|mle_ms=70.656|monotonic_ms=70|clock_delta_ms=.656|c
lock_suspect=0
PMLE_LIVE_REPLAY_TIC|tic=331|mle_ms=154.417|monotonic_ms=150|clock_delta_ms=4.41
7|clock_suspect=0
PMLE_LIVE_REPLAY_TIC|tic=332|mle_ms=98.278|monotonic_ms=100|clock_delta_ms=1.722
|clock_suspect=0
PMLE_LIVE_REPLAY_TIC|tic=333|mle_ms=64.422|monotonic_ms=60|clock_delta_ms=4.422|
clock_suspect=0
PMLE_LIVE_REPLAY_TIC|tic=334|mle_ms=145.786|monotonic_ms=150|clock_delta_ms=4.21
4|clock_suspect=0
PMLE_LIVE_REPLAY_TIC|tic=335|mle_ms=248.709|monotonic_ms=250|clock_delta_ms=1.29
1|clock_suspect=0
PMLE_LIVE_REPLAY_TIC|tic=336|mle_ms=93.956|monotonic_ms=90|clock_delta_ms=3.956|
clock_suspect=0
PMLE_LIVE_REPLAY_TIC|tic=337|mle_ms=136.051|monotonic_ms=140|clock_delta_ms=3.94
9|clock_suspect=0
PMLE_LIVE_REPLAY_TIC|tic=338|mle_ms=113.146|monotonic_ms=110|clock_delta_ms=3.14
6|clock_suspect=0
PMLE_LIVE_REPLAY_TIC|tic=339|mle_ms=133.662|monotonic_ms=140|clock_delta_ms=6.33
8|clock_suspect=0
PMLE_LIVE_REPLAY_TIC|tic=340|mle_ms=183.73|monotonic_ms=180|clock_delta_ms=3.73|
clock_suspect=0
PMLE_LIVE_REPLAY_TIC|tic=341|mle_ms=225.583|monotonic_ms=220|clock_delta_ms=5.58
3|clock_suspect=0
PMLE_LIVE_REPLAY_TIC|tic=342|mle_ms=84.476|monotonic_ms=90|clock_delta_ms=5.524|
clock_suspect=0
PMLE_LIVE_REPLAY_TIC|tic=343|mle_ms=142.719|monotonic_ms=140|clock_delta_ms=2.71
9|clock_suspect=0
PMLE_LIVE_REPLAY_TIC|tic=344|mle_ms=100.514|monotonic_ms=100|clock_delta_ms=.514
|clock_suspect=0
PMLE_LIVE_REPLAY_TIC|tic=345|mle_ms=69.415|monotonic_ms=70|clock_delta_ms=.585|c
lock_suspect=0
PMLE_LIVE_REPLAY_TIC|tic=346|mle_ms=175.926|monotonic_ms=180|clock_delta_ms=4.07
4|clock_suspect=0
PMLE_LIVE_REPLAY_TIC|tic=347|mle_ms=122.481|monotonic_ms=120|clock_delta_ms=2.48
1|clock_suspect=0
PMLE_LIVE_REPLAY_TIC|tic=348|mle_ms=72.244|monotonic_ms=70|clock_delta_ms=2.244|
clock_suspect=0
PMLE_LIVE_REPLAY_TIC|tic=349|mle_ms=119.324|monotonic_ms=120|clock_delta_ms=.676
|clock_suspect=0
PMLE_LIVE_REPLAY_TIC|tic=350|mle_ms=136.919|monotonic_ms=140|clock_delta_ms=3.08
1|clock_suspect=0
PMLE_LIVE_REPLAY_TIC|tic=351|mle_ms=110.169|monotonic_ms=110|clock_delta_ms=.169
|clock_suspect=0
PMLE_LIVE_REPLAY_TIC|tic=352|mle_ms=130.744|monotonic_ms=130|clock_delta_ms=.744
|clock_suspect=0
PMLE_LIVE_REPLAY_TIC|tic=353|mle_ms=157.128|monotonic_ms=160|clock_delta_ms=2.87
2|clock_suspect=0
PMLE_LIVE_REPLAY_TIC|tic=354|mle_ms=69.578|monotonic_ms=70|clock_delta_ms=.422|c
lock_suspect=0
PMLE_LIVE_REPLAY_TIC|tic=355|mle_ms=263.23|monotonic_ms=260|clock_delta_ms=3.23|
clock_suspect=0
PMLE_LIVE_REPLAY_TIC|tic=356|mle_ms=136.637|monotonic_ms=140|clock_delta_ms=3.36
3|clock_suspect=0
PMLE_LIVE_REPLAY_TIC|tic=357|mle_ms=81.127|monotonic_ms=80|clock_delta_ms=1.127|
clock_suspect=0
PMLE_LIVE_REPLAY_TIC|tic=358|mle_ms=167.612|monotonic_ms=170|clock_delta_ms=2.38
8|clock_suspect=0
PMLE_LIVE_REPLAY_TIC|tic=359|mle_ms=158.747|monotonic_ms=160|clock_delta_ms=1.25
3|clock_suspect=0
PMLE_LIVE_REPLAY_TIC|tic=360|mle_ms=65.522|monotonic_ms=60|clock_delta_ms=5.522|
clock_suspect=0
PMLE_LIVE_REPLAY_TIC|tic=361|mle_ms=169.344|monotonic_ms=170|clock_delta_ms=.656
|clock_suspect=0
PMLE_LIVE_REPLAY_TIC|tic=362|mle_ms=132.158|monotonic_ms=130|clock_delta_ms=2.15
8|clock_suspect=0
PMLE_LIVE_REPLAY_TIC|tic=363|mle_ms=75.769|monotonic_ms=80|clock_delta_ms=4.231|
clock_suspect=0
PMLE_LIVE_REPLAY_TIC|tic=364|mle_ms=120.369|monotonic_ms=120|clock_delta_ms=.369
|clock_suspect=0
PMLE_LIVE_REPLAY_TIC|tic=365|mle_ms=124.254|monotonic_ms=120|clock_delta_ms=4.25
4|clock_suspect=0
PMLE_LIVE_REPLAY_TIC|tic=366|mle_ms=113.849|monotonic_ms=120|clock_delta_ms=6.15
1|clock_suspect=0
PMLE_LIVE_REPLAY_TIC|tic=367|mle_ms=124.302|monotonic_ms=120|clock_delta_ms=4.30
2|clock_suspect=0
PMLE_LIVE_REPLAY_TIC|tic=368|mle_ms=113.798|monotonic_ms=120|clock_delta_ms=6.20
2|clock_suspect=0
PMLE_LIVE_REPLAY_TIC|tic=369|mle_ms=67.45|monotonic_ms=60|clock_delta_ms=7.45|cl
ock_suspect=0
PMLE_LIVE_REPLAY_TIC|tic=370|mle_ms=153.831|monotonic_ms=160|clock_delta_ms=6.16
9|clock_suspect=0
PMLE_LIVE_REPLAY_TIC|tic=371|mle_ms=115.985|monotonic_ms=110|clock_delta_ms=5.98
5|clock_suspect=0
PMLE_LIVE_REPLAY_TIC|tic=372|mle_ms=52.626|monotonic_ms=60|clock_delta_ms=7.374|
clock_suspect=0
PMLE_LIVE_REPLAY_TIC|tic=373|mle_ms=145.696|monotonic_ms=140|clock_delta_ms=5.69
6|clock_suspect=0
PMLE_LIVE_REPLAY_TIC|tic=374|mle_ms=268.764|monotonic_ms=270|clock_delta_ms=1.23
6|clock_suspect=0
PMLE_LIVE_REPLAY_TIC|tic=375|mle_ms=60.698|monotonic_ms=60|clock_delta_ms=.698|c
lock_suspect=0
PMLE_LIVE_REPLAY_TIC|tic=376|mle_ms=166.112|monotonic_ms=170|clock_delta_ms=3.88
8|clock_suspect=0
PMLE_LIVE_REPLAY_TIC|tic=377|mle_ms=104.185|monotonic_ms=100|clock_delta_ms=4.18
5|clock_suspect=0
PMLE_LIVE_REPLAY_TIC|tic=378|mle_ms=139.421|monotonic_ms=140|clock_delta_ms=.579
|clock_suspect=0
PMLE_LIVE_REPLAY_TIC|tic=379|mle_ms=188.846|monotonic_ms=190|clock_delta_ms=1.15
4|clock_suspect=0
PMLE_LIVE_REPLAY_TIC|tic=380|mle_ms=150.707|monotonic_ms=150|clock_delta_ms=.707
|clock_suspect=0
PMLE_LIVE_REPLAY_TIC|tic=381|mle_ms=88.806|monotonic_ms=90|clock_delta_ms=1.194|
clock_suspect=0
PMLE_LIVE_REPLAY_TIC|tic=382|mle_ms=191.36|monotonic_ms=190|clock_delta_ms=1.36|
clock_suspect=0
PMLE_LIVE_REPLAY_TIC|tic=383|mle_ms=171.796|monotonic_ms=170|clock_delta_ms=1.79
6|clock_suspect=0
PMLE_LIVE_REPLAY_TIC|tic=384|mle_ms=75.39|monotonic_ms=80|clock_delta_ms=4.61|cl
ock_suspect=0
PMLE_LIVE_REPLAY_TIC|tic=385|mle_ms=151.853|monotonic_ms=150|clock_delta_ms=1.85
3|clock_suspect=0
PMLE_LIVE_REPLAY_TIC|tic=386|mle_ms=187.9|monotonic_ms=190|clock_delta_ms=2.1|cl
ock_suspect=0
PMLE_LIVE_REPLAY_TIC|tic=387|mle_ms=94.674|monotonic_ms=90|clock_delta_ms=4.674|
clock_suspect=0
PMLE_LIVE_REPLAY_TIC|tic=388|mle_ms=260.643|monotonic_ms=260|clock_delta_ms=.643
|clock_suspect=0
PMLE_LIVE_REPLAY_TIC|tic=389|mle_ms=136.821|monotonic_ms=140|clock_delta_ms=3.17
9|clock_suspect=0
PMLE_LIVE_REPLAY_TIC|tic=390|mle_ms=98.618|monotonic_ms=100|clock_delta_ms=1.382
|clock_suspect=0
PMLE_LIVE_REPLAY_TIC|tic=391|mle_ms=169.083|monotonic_ms=170|clock_delta_ms=.917
|clock_suspect=0
PMLE_LIVE_REPLAY_TIC|tic=392|mle_ms=164.981|monotonic_ms=160|clock_delta_ms=4.98
1|clock_suspect=0
PMLE_LIVE_REPLAY_TIC|tic=393|mle_ms=97.057|monotonic_ms=100|clock_delta_ms=2.943
|clock_suspect=0
PMLE_LIVE_REPLAY_TIC|tic=394|mle_ms=171.547|monotonic_ms=170|clock_delta_ms=1.54
7|clock_suspect=0
PMLE_LIVE_REPLAY_TIC|tic=395|mle_ms=164.419|monotonic_ms=170|clock_delta_ms=5.58
1|clock_suspect=0
PMLE_LIVE_REPLAY_TIC|tic=396|mle_ms=111.747|monotonic_ms=110|clock_delta_ms=1.74
7|clock_suspect=0
PMLE_LIVE_REPLAY_TIC|tic=397|mle_ms=178.288|monotonic_ms=180|clock_delta_ms=1.71
2|clock_suspect=0
PMLE_LIVE_REPLAY_TIC|tic=398|mle_ms=216.376|monotonic_ms=210|clock_delta_ms=6.37
6|clock_suspect=0
PMLE_LIVE_REPLAY_TIC|tic=399|mle_ms=83.643|monotonic_ms=90|clock_delta_ms=6.357|
clock_suspect=0
PMLE_LIVE_REPLAY_TIC|tic=400|mle_ms=151.511|monotonic_ms=150|clock_delta_ms=1.51
1|clock_suspect=0
PMLE_LIVE_REPLAY_TIC|tic=401|mle_ms=152.164|monotonic_ms=150|clock_delta_ms=2.16
4|clock_suspect=0
PMLE_LIVE_REPLAY_TIC|tic=402|mle_ms=197.315|monotonic_ms=200|clock_delta_ms=2.68
5|clock_suspect=0
PMLE_LIVE_REPLAY_TIC|tic=403|mle_ms=170.195|monotonic_ms=170|clock_delta_ms=.195
|clock_suspect=0
PMLE_LIVE_REPLAY_TIC|tic=404|mle_ms=153.196|monotonic_ms=150|clock_delta_ms=3.19
6|clock_suspect=0
PMLE_LIVE_REPLAY_TIC|tic=405|mle_ms=98.64|monotonic_ms=100|clock_delta_ms=1.36|c
lock_suspect=0
PMLE_LIVE_REPLAY_TIC|tic=406|mle_ms=230.847|monotonic_ms=230|clock_delta_ms=.847
|clock_suspect=0
PMLE_LIVE_REPLAY_TIC|tic=407|mle_ms=147.472|monotonic_ms=150|clock_delta_ms=2.52
8|clock_suspect=0
PMLE_LIVE_REPLAY_TIC|tic=408|mle_ms=97.112|monotonic_ms=100|clock_delta_ms=2.888
|clock_suspect=0
PMLE_LIVE_REPLAY_TIC|tic=409|mle_ms=130.137|monotonic_ms=130|clock_delta_ms=.137
|clock_suspect=0
PMLE_LIVE_REPLAY_TIC|tic=410|mle_ms=160.099|monotonic_ms=160|clock_delta_ms=.099
|clock_suspect=0
PMLE_LIVE_REPLAY_TIC|tic=411|mle_ms=145.904|monotonic_ms=140|clock_delta_ms=5.90
4|clock_suspect=0
PMLE_LIVE_REPLAY_TIC|tic=412|mle_ms=138.403|monotonic_ms=140|clock_delta_ms=1.59
7|clock_suspect=0
PMLE_LIVE_REPLAY_TIC|tic=413|mle_ms=146.439|monotonic_ms=150|clock_delta_ms=3.56
1|clock_suspect=0
PMLE_LIVE_REPLAY_TIC|tic=414|mle_ms=113.334|monotonic_ms=110|clock_delta_ms=3.33
4|clock_suspect=0
PMLE_LIVE_REPLAY_TIC|tic=415|mle_ms=138.069|monotonic_ms=140|clock_delta_ms=1.93
1|clock_suspect=0
PMLE_LIVE_REPLAY_TIC|tic=416|mle_ms=187.097|monotonic_ms=190|clock_delta_ms=2.90
3|clock_suspect=0
PMLE_LIVE_REPLAY_TIC|tic=417|mle_ms=80.938|monotonic_ms=80|clock_delta_ms=.938|c
lock_suspect=0
PMLE_LIVE_REPLAY_TIC|tic=418|mle_ms=197.55|monotonic_ms=190|clock_delta_ms=7.55|
clock_suspect=0
PMLE_LIVE_REPLAY_TIC|tic=419|mle_ms=175.34|monotonic_ms=180|clock_delta_ms=4.66|
clock_suspect=0
PMLE_LIVE_REPLAY_TIC|tic=420|mle_ms=99.519|monotonic_ms=100|clock_delta_ms=.481|
clock_suspect=0
PMLE_LIVE_REPLAY_TIC|tic=421|mle_ms=162.83|monotonic_ms=160|clock_delta_ms=2.83|
clock_suspect=0
PMLE_LIVE_REPLAY_TIC|tic=422|mle_ms=181.594|monotonic_ms=180|clock_delta_ms=1.59
4|clock_suspect=0
PMLE_LIVE_REPLAY_TIC|tic=423|mle_ms=110.973|monotonic_ms=120|clock_delta_ms=9.02
7|clock_suspect=0
PMLE_LIVE_REPLAY_TIC|tic=424|mle_ms=142.933|monotonic_ms=140|clock_delta_ms=2.93
3|clock_suspect=0
PMLE_LIVE_REPLAY_TIC|tic=425|mle_ms=249.729|monotonic_ms=250|clock_delta_ms=.271
|clock_suspect=0
PMLE_LIVE_REPLAY_TIC|tic=426|mle_ms=148.682|monotonic_ms=150|clock_delta_ms=1.31
8|clock_suspect=0
PMLE_LIVE_REPLAY_TIC|tic=427|mle_ms=165.652|monotonic_ms=160|clock_delta_ms=5.65
2|clock_suspect=0
PMLE_LIVE_REPLAY_TIC|tic=428|mle_ms=128.264|monotonic_ms=130|clock_delta_ms=1.73
6|clock_suspect=0
PMLE_LIVE_REPLAY_TIC|tic=429|mle_ms=140.228|monotonic_ms=140|clock_delta_ms=.228
|clock_suspect=0
PMLE_LIVE_REPLAY_TIC|tic=430|mle_ms=151.808|monotonic_ms=150|clock_delta_ms=1.80
8|clock_suspect=0
PMLE_LIVE_REPLAY_TIC|tic=431|mle_ms=123.748|monotonic_ms=130|clock_delta_ms=6.25
2|clock_suspect=0
PMLE_LIVE_REPLAY_TIC|tic=432|mle_ms=81.901|monotonic_ms=80|clock_delta_ms=1.901|
clock_suspect=0
PMLE_LIVE_REPLAY_TIC|tic=433|mle_ms=134.303|monotonic_ms=130|clock_delta_ms=4.30
3|clock_suspect=0
PMLE_LIVE_REPLAY_TIC|tic=434|mle_ms=157.459|monotonic_ms=160|clock_delta_ms=2.54
1|clock_suspect=0
PMLE_LIVE_REPLAY_TIC|tic=435|mle_ms=91.488|monotonic_ms=90|clock_delta_ms=1.488|
clock_suspect=0
PMLE_LIVE_REPLAY_TIC|tic=436|mle_ms=152.201|monotonic_ms=160|clock_delta_ms=7.79
9|clock_suspect=0
PMLE_LIVE_REPLAY_TIC|tic=437|mle_ms=99.49|monotonic_ms=90|clock_delta_ms=9.49|cl
ock_suspect=0
PMLE_LIVE_REPLAY_TIC|tic=438|mle_ms=108.629|monotonic_ms=110|clock_delta_ms=1.37
1|clock_suspect=0
PMLE_LIVE_REPLAY_TIC|tic=439|mle_ms=126.449|monotonic_ms=130|clock_delta_ms=3.55
1|clock_suspect=0
PMLE_LIVE_REPLAY_TIC|tic=440|mle_ms=102.36|monotonic_ms=100|clock_delta_ms=2.36|
clock_suspect=0
PMLE_LIVE_REPLAY_TIC|tic=441|mle_ms=74.55|monotonic_ms=80|clock_delta_ms=5.45|cl
ock_suspect=0
PMLE_LIVE_REPLAY_TIC|tic=442|mle_ms=123.735|monotonic_ms=120|clock_delta_ms=3.73
5|clock_suspect=0
PMLE_LIVE_REPLAY_TIC|tic=443|mle_ms=91.358|monotonic_ms=90|clock_delta_ms=1.358|
clock_suspect=0
PMLE_LIVE_REPLAY_TIC|tic=444|mle_ms=61.902|monotonic_ms=60|clock_delta_ms=1.902|
clock_suspect=0
PMLE_LIVE_REPLAY_TIC|tic=445|mle_ms=208.509|monotonic_ms=210|clock_delta_ms=1.49
1|clock_suspect=0
PMLE_LIVE_REPLAY_TIC|tic=446|mle_ms=161.121|monotonic_ms=160|clock_delta_ms=1.12
1|clock_suspect=0
PMLE_LIVE_REPLAY_TIC|tic=447|mle_ms=62.129|monotonic_ms=70|clock_delta_ms=7.871|
clock_suspect=0
PMLE_LIVE_REPLAY_TIC|tic=448|mle_ms=113.107|monotonic_ms=110|clock_delta_ms=3.10
7|clock_suspect=0
PMLE_LIVE_REPLAY_TIC|tic=449|mle_ms=139.035|monotonic_ms=140|clock_delta_ms=.965
|clock_suspect=0
PMLE_LIVE_REPLAY_TIC|tic=450|mle_ms=74.229|monotonic_ms=70|clock_delta_ms=4.229|
clock_suspect=0
PMLE_LIVE_REPLAY_TIC|tic=451|mle_ms=115.119|monotonic_ms=120|clock_delta_ms=4.88
1|clock_suspect=0
PMLE_LIVE_REPLAY_TIC|tic=452|mle_ms=109.912|monotonic_ms=110|clock_delta_ms=.088
|clock_suspect=0
PMLE_LIVE_REPLAY_TIC|tic=453|mle_ms=94.591|monotonic_ms=90|clock_delta_ms=4.591|
clock_suspect=0
PMLE_LIVE_REPLAY_TIC|tic=454|mle_ms=170.206|monotonic_ms=170|clock_delta_ms=.206
|clock_suspect=0
PMLE_LIVE_REPLAY_TIC|tic=455|mle_ms=95.222|monotonic_ms=100|clock_delta_ms=4.778
|clock_suspect=0
PMLE_LIVE_REPLAY_TIC|tic=456|mle_ms=93.252|monotonic_ms=90|clock_delta_ms=3.252|
clock_suspect=0
PMLE_LIVE_REPLAY_TIC|tic=457|mle_ms=118.685|monotonic_ms=120|clock_delta_ms=1.31
5|clock_suspect=0
PMLE_LIVE_REPLAY_TIC|tic=458|mle_ms=130.842|monotonic_ms=130|clock_delta_ms=.842
|clock_suspect=0
PMLE_LIVE_REPLAY_TIC|tic=459|mle_ms=74.862|monotonic_ms=80|clock_delta_ms=5.138|
clock_suspect=0
PMLE_LIVE_REPLAY_TIC|tic=460|mle_ms=154.297|monotonic_ms=150|clock_delta_ms=4.29
7|clock_suspect=0
PMLE_LIVE_REPLAY_TIC|tic=461|mle_ms=119.363|monotonic_ms=120|clock_delta_ms=.637
|clock_suspect=0
PMLE_LIVE_REPLAY_TIC|tic=462|mle_ms=114.101|monotonic_ms=110|clock_delta_ms=4.10
1|clock_suspect=0
PMLE_LIVE_REPLAY_TIC|tic=463|mle_ms=131.982|monotonic_ms=140|clock_delta_ms=8.01
8|clock_suspect=0
PMLE_LIVE_REPLAY_TIC|tic=464|mle_ms=95.16|monotonic_ms=90|clock_delta_ms=5.16|cl
ock_suspect=0
PMLE_LIVE_REPLAY_TIC|tic=465|mle_ms=172.738|monotonic_ms=170|clock_delta_ms=2.73
8|clock_suspect=0
PMLE_LIVE_REPLAY_TIC|tic=466|mle_ms=156.257|monotonic_ms=160|clock_delta_ms=3.74
3|clock_suspect=0
PMLE_LIVE_REPLAY_TIC|tic=467|mle_ms=69.168|monotonic_ms=70|clock_delta_ms=.832|c
lock_suspect=0
PMLE_LIVE_REPLAY_TIC|tic=468|mle_ms=74.538|monotonic_ms=70|clock_delta_ms=4.538|
clock_suspect=0
PMLE_LIVE_REPLAY_TIC|tic=469|mle_ms=160.709|monotonic_ms=170|clock_delta_ms=9.29
1|clock_suspect=0
PMLE_LIVE_REPLAY_TIC|tic=470|mle_ms=135.441|monotonic_ms=130|clock_delta_ms=5.44
1|clock_suspect=0
PMLE_LIVE_REPLAY_TIC|tic=471|mle_ms=64.244|monotonic_ms=70|clock_delta_ms=5.756|
clock_suspect=0
PMLE_LIVE_REPLAY_TIC|tic=472|mle_ms=121.857|monotonic_ms=120|clock_delta_ms=1.85
7|clock_suspect=0
PMLE_LIVE_REPLAY_TIC|tic=473|mle_ms=99.454|monotonic_ms=100|clock_delta_ms=.546|
clock_suspect=0
PMLE_LIVE_REPLAY_TIC|tic=474|mle_ms=179.793|monotonic_ms=180|clock_delta_ms=.207
|clock_suspect=0
PMLE_LIVE_REPLAY_TIC|tic=475|mle_ms=114.969|monotonic_ms=110|clock_delta_ms=4.96
9|clock_suspect=0
PMLE_LIVE_REPLAY_TIC|tic=476|mle_ms=129.186|monotonic_ms=130|clock_delta_ms=.814
|clock_suspect=0
PMLE_LIVE_REPLAY_TIC|tic=477|mle_ms=74.522|monotonic_ms=80|clock_delta_ms=5.478|
clock_suspect=0
PMLE_LIVE_REPLAY_TIC|tic=478|mle_ms=128.62|monotonic_ms=120|clock_delta_ms=8.62|
clock_suspect=0
PMLE_LIVE_REPLAY_TIC|tic=479|mle_ms=197.507|monotonic_ms=200|clock_delta_ms=2.49
3|clock_suspect=0
PMLE_LIVE_REPLAY_TIC|tic=480|mle_ms=71.424|monotonic_ms=70|clock_delta_ms=1.424|
clock_suspect=0
PMLE_LIVE_REPLAY_TIC|tic=481|mle_ms=111.247|monotonic_ms=110|clock_delta_ms=1.24
7|clock_suspect=0
PMLE_LIVE_REPLAY_TIC|tic=482|mle_ms=100.75|monotonic_ms=110|clock_delta_ms=9.25|
clock_suspect=0
PMLE_LIVE_REPLAY_TIC|tic=483|mle_ms=145.802|monotonic_ms=140|clock_delta_ms=5.80
2|clock_suspect=0
PMLE_LIVE_REPLAY_TIC|tic=484|mle_ms=129.312|monotonic_ms=130|clock_delta_ms=.688
|clock_suspect=0
PMLE_LIVE_REPLAY_TIC|tic=485|mle_ms=90.731|monotonic_ms=90|clock_delta_ms=.731|c
lock_suspect=0
PMLE_LIVE_REPLAY_TIC|tic=486|mle_ms=118.688|monotonic_ms=120|clock_delta_ms=1.31
2|clock_suspect=0
PMLE_LIVE_REPLAY_TIC|tic=487|mle_ms=98.95|monotonic_ms=100|clock_delta_ms=1.05|c
lock_suspect=0
PMLE_LIVE_REPLAY_TIC|tic=488|mle_ms=71.562|monotonic_ms=70|clock_delta_ms=1.562|
clock_suspect=0
PMLE_LIVE_REPLAY_TIC|tic=489|mle_ms=67.816|monotonic_ms=70|clock_delta_ms=2.184|
clock_suspect=0
PMLE_LIVE_REPLAY_TIC|tic=490|mle_ms=122.891|monotonic_ms=120|clock_delta_ms=2.89
1|clock_suspect=0
PMLE_LIVE_REPLAY_TIC|tic=491|mle_ms=77.916|monotonic_ms=80|clock_delta_ms=2.084|
clock_suspect=0
PMLE_LIVE_REPLAY_TIC|tic=492|mle_ms=81.966|monotonic_ms=80|clock_delta_ms=1.966|
clock_suspect=0
PMLE_LIVE_REPLAY_TIC|tic=493|mle_ms=109.798|monotonic_ms=110|clock_delta_ms=.202
|clock_suspect=0
PMLE_LIVE_REPLAY_TIC|tic=494|mle_ms=103.441|monotonic_ms=110|clock_delta_ms=6.55
9|clock_suspect=0
PMLE_LIVE_REPLAY_TIC|tic=495|mle_ms=70.085|monotonic_ms=70|clock_delta_ms=.085|c
lock_suspect=0
PMLE_LIVE_REPLAY_TIC|tic=496|mle_ms=135.304|monotonic_ms=130|clock_delta_ms=5.30
4|clock_suspect=0
PMLE_LIVE_REPLAY_TIC|tic=497|mle_ms=88.058|monotonic_ms=90|clock_delta_ms=1.942|
clock_suspect=0
PMLE_LIVE_REPLAY_TIC|tic=498|mle_ms=211.375|monotonic_ms=210|clock_delta_ms=1.37
5|clock_suspect=0
PMLE_LIVE_REPLAY_TIC|tic=499|mle_ms=93.507|monotonic_ms=90|clock_delta_ms=3.507|
clock_suspect=0
PMLE_LIVE_REPLAY_TIC|tic=500|mle_ms=109.098|monotonic_ms=110|clock_delta_ms=.902
|clock_suspect=0
PMLE_LIVE_REPLAY_TIC|tic=501|mle_ms=91.5|monotonic_ms=90|clock_delta_ms=1.5|cloc
k_suspect=0
PMLE_LIVE_REPLAY_TIC|tic=502|mle_ms=152.225|monotonic_ms=150|clock_delta_ms=2.22
5|clock_suspect=0
PMLE_LIVE_REPLAY_TIC|tic=503|mle_ms=82.287|monotonic_ms=80|clock_delta_ms=2.287|
clock_suspect=0
PMLE_LIVE_REPLAY_TIC|tic=504|mle_ms=61.695|monotonic_ms=60|clock_delta_ms=1.695|
clock_suspect=0
PMLE_LIVE_REPLAY_TIC|tic=505|mle_ms=81.114|monotonic_ms=80|clock_delta_ms=1.114|
clock_suspect=0
PMLE_LIVE_REPLAY_TIC|tic=506|mle_ms=123.279|monotonic_ms=130|clock_delta_ms=6.72
1|clock_suspect=0
PMLE_LIVE_REPLAY_TIC|tic=507|mle_ms=63.183|monotonic_ms=60|clock_delta_ms=3.183|
clock_suspect=0
PMLE_LIVE_REPLAY_TIC|tic=508|mle_ms=108.657|monotonic_ms=110|clock_delta_ms=1.34
3|clock_suspect=0
PMLE_LIVE_REPLAY_TIC|tic=509|mle_ms=89.557|monotonic_ms=90|clock_delta_ms=.443|c
lock_suspect=0
PMLE_LIVE_REPLAY_TIC|tic=510|mle_ms=108.111|monotonic_ms=110|clock_delta_ms=1.88
9|clock_suspect=0
PMLE_LIVE_REPLAY_TIC|tic=511|mle_ms=135.382|monotonic_ms=130|clock_delta_ms=5.38
2|clock_suspect=0
PMLE_LIVE_REPLAY_TIC|tic=512|mle_ms=123.389|monotonic_ms=130|clock_delta_ms=6.61
1|clock_suspect=0
PMLE_LIVE_REPLAY_TIC|tic=513|mle_ms=62.481|monotonic_ms=60|clock_delta_ms=2.481|
clock_suspect=0
PMLE_LIVE_REPLAY_TIC|tic=514|mle_ms=103.61|monotonic_ms=100|clock_delta_ms=3.61|
clock_suspect=0
PMLE_LIVE_REPLAY_TIC|tic=515|mle_ms=83.907|monotonic_ms=90|clock_delta_ms=6.093|
clock_suspect=0
PMLE_LIVE_REPLAY_TIC|tic=516|mle_ms=120.328|monotonic_ms=120|clock_delta_ms=.328
|clock_suspect=0
PMLE_LIVE_REPLAY_TIC|tic=517|mle_ms=86.928|monotonic_ms=80|clock_delta_ms=6.928|
clock_suspect=0
PMLE_LIVE_REPLAY_TIC|tic=518|mle_ms=100.744|monotonic_ms=110|clock_delta_ms=9.25
6|clock_suspect=0
PMLE_LIVE_REPLAY_TIC|tic=519|mle_ms=164.856|monotonic_ms=160|clock_delta_ms=4.85
6|clock_suspect=0
PMLE_LIVE_REPLAY_TIC|tic=520|mle_ms=109.376|monotonic_ms=110|clock_delta_ms=.624
|clock_suspect=0
PMLE_LIVE_REPLAY_TIC|tic=521|mle_ms=90.62|monotonic_ms=90|clock_delta_ms=.62|clo
ck_suspect=0
PMLE_LIVE_REPLAY_TIC|tic=522|mle_ms=146.978|monotonic_ms=150|clock_delta_ms=3.02
2|clock_suspect=0
PMLE_LIVE_REPLAY_TIC|tic=523|mle_ms=152.535|monotonic_ms=150|clock_delta_ms=2.53
5|clock_suspect=0
PMLE_LIVE_REPLAY_TIC|tic=524|mle_ms=110.588|monotonic_ms=110|clock_delta_ms=.588
|clock_suspect=0
PMLE_LIVE_REPLAY_TIC|tic=525|mle_ms=59.379|monotonic_ms=60|clock_delta_ms=.621|c
lock_suspect=0
PMLE_LIVE_REPLAY_TIC|tic=526|mle_ms=134.161|monotonic_ms=130|clock_delta_ms=4.16
1|clock_suspect=0
PMLE_LIVE_REPLAY_TIC|tic=527|mle_ms=86.847|monotonic_ms=90|clock_delta_ms=3.153|
clock_suspect=0
PMLE_LIVE_REPLAY_TIC|tic=528|mle_ms=71.85|monotonic_ms=70|clock_delta_ms=1.85|cl
ock_suspect=0
PMLE_LIVE_REPLAY_TIC|tic=529|mle_ms=86.369|monotonic_ms=90|clock_delta_ms=3.631|
clock_suspect=0
PMLE_LIVE_REPLAY_TIC|tic=530|mle_ms=116.316|monotonic_ms=120|clock_delta_ms=3.68
4|clock_suspect=0
PMLE_LIVE_REPLAY_TIC|tic=531|mle_ms=79.466|monotonic_ms=80|clock_delta_ms=.534|c
lock_suspect=0
PMLE_LIVE_REPLAY_TIC|tic=532|mle_ms=123.366|monotonic_ms=120|clock_delta_ms=3.36
6|clock_suspect=0
PMLE_LIVE_REPLAY_TIC|tic=533|mle_ms=102.247|monotonic_ms=100|clock_delta_ms=2.24
7|clock_suspect=0
PMLE_LIVE_REPLAY_TIC|tic=534|mle_ms=75.506|monotonic_ms=80|clock_delta_ms=4.494|
clock_suspect=0
PMLE_LIVE_REPLAY_TIC|tic=535|mle_ms=79.284|monotonic_ms=80|clock_delta_ms=.716|c
lock_suspect=0
PMLE_LIVE_REPLAY_TIC|tic=536|mle_ms=81.262|monotonic_ms=80|clock_delta_ms=1.262|
clock_suspect=0
PMLE_LIVE_REPLAY_TIC|tic=537|mle_ms=77.473|monotonic_ms=70|clock_delta_ms=7.473|
clock_suspect=0
PMLE_LIVE_REPLAY_TIC|tic=538|mle_ms=108.226|monotonic_ms=110|clock_delta_ms=1.77
4|clock_suspect=0
PMLE_LIVE_REPLAY_TIC|tic=539|mle_ms=79.054|monotonic_ms=80|clock_delta_ms=.946|c
lock_suspect=0
PMLE_LIVE_REPLAY_TIC|tic=540|mle_ms=81.124|monotonic_ms=80|clock_delta_ms=1.124|
clock_suspect=0
PMLE_LIVE_REPLAY_TIC|tic=541|mle_ms=198.749|monotonic_ms=200|clock_delta_ms=1.25
1|clock_suspect=0
PMLE_LIVE_REPLAY_TIC|tic=542|mle_ms=75.087|monotonic_ms=80|clock_delta_ms=4.913|
clock_suspect=0
PMLE_LIVE_REPLAY_TIC|tic=543|mle_ms=94.384|monotonic_ms=90|clock_delta_ms=4.384|
clock_suspect=0
PMLE_LIVE_REPLAY_TIC|tic=544|mle_ms=93.785|monotonic_ms=100|clock_delta_ms=6.215
|clock_suspect=0
PMLE_LIVE_REPLAY_TIC|tic=545|mle_ms=147.578|monotonic_ms=140|clock_delta_ms=7.57
8|clock_suspect=0
PMLE_LIVE_REPLAY_TIC|tic=546|mle_ms=115.169|monotonic_ms=120|clock_delta_ms=4.83
1|clock_suspect=0
PMLE_LIVE_REPLAY_TIC|tic=547|mle_ms=125.048|monotonic_ms=120|clock_delta_ms=5.04
8|clock_suspect=0
PMLE_LIVE_REPLAY_TIC|tic=548|mle_ms=96.195|monotonic_ms=100|clock_delta_ms=3.805
|clock_suspect=0
PMLE_LIVE_REPLAY_TIC|tic=549|mle_ms=78.688|monotonic_ms=80|clock_delta_ms=1.312|
clock_suspect=0
PMLE_LIVE_REPLAY_TIC|tic=550|mle_ms=152.157|monotonic_ms=150|clock_delta_ms=2.15
7|clock_suspect=0
PMLE_LIVE_REPLAY_TIC|tic=551|mle_ms=61.33|monotonic_ms=60|clock_delta_ms=1.33|cl
ock_suspect=0
PMLE_LIVE_REPLAY_TIC|tic=552|mle_ms=97.583|monotonic_ms=100|clock_delta_ms=2.417
|clock_suspect=0
PMLE_LIVE_REPLAY_TIC|tic=553|mle_ms=101.858|monotonic_ms=100|clock_delta_ms=1.85
8|clock_suspect=0
PMLE_LIVE_REPLAY_TIC|tic=554|mle_ms=105.255|monotonic_ms=110|clock_delta_ms=4.74
5|clock_suspect=0
PMLE_LIVE_REPLAY_TIC|tic=555|mle_ms=65.118|monotonic_ms=60|clock_delta_ms=5.118|
clock_suspect=0
PMLE_LIVE_REPLAY_TIC|tic=556|mle_ms=124.855|monotonic_ms=130|clock_delta_ms=5.14
5|clock_suspect=0
PMLE_LIVE_REPLAY_TIC|tic=557|mle_ms=89.436|monotonic_ms=90|clock_delta_ms=.564|c
lock_suspect=0
PMLE_LIVE_REPLAY_TIC|tic=558|mle_ms=136.724|monotonic_ms=130|clock_delta_ms=6.72
4|clock_suspect=0
PMLE_LIVE_REPLAY_TIC|tic=559|mle_ms=92.816|monotonic_ms=100|clock_delta_ms=7.184
|clock_suspect=0
PMLE_LIVE_REPLAY_TIC|tic=560|mle_ms=230.005|monotonic_ms=230|clock_delta_ms=.005
|clock_suspect=0
PMLE_LIVE_REPLAY_TIC|tic=561|mle_ms=107.63|monotonic_ms=100|clock_delta_ms=7.63|
clock_suspect=0
PMLE_LIVE_REPLAY_TIC|tic=562|mle_ms=130.234|monotonic_ms=140|clock_delta_ms=9.76
6|clock_suspect=0
PMLE_LIVE_REPLAY_TIC|tic=563|mle_ms=87.143|monotonic_ms=80|clock_delta_ms=7.143|
clock_suspect=0
PMLE_LIVE_REPLAY_TIC|tic=564|mle_ms=177.134|monotonic_ms=180|clock_delta_ms=2.86
6|clock_suspect=0
PMLE_LIVE_REPLAY_TIC|tic=565|mle_ms=76.995|monotonic_ms=80|clock_delta_ms=3.005|
clock_suspect=0
PMLE_LIVE_REPLAY_TIC|tic=566|mle_ms=99.314|monotonic_ms=100|clock_delta_ms=.686|
clock_suspect=0
PMLE_LIVE_REPLAY_TIC|tic=567|mle_ms=90.92|monotonic_ms=90|clock_delta_ms=.92|clo
ck_suspect=0
PMLE_LIVE_REPLAY_TIC|tic=568|mle_ms=101.823|monotonic_ms=100|clock_delta_ms=1.82
3|clock_suspect=0
PMLE_LIVE_REPLAY_TIC|tic=569|mle_ms=82.325|monotonic_ms=80|clock_delta_ms=2.325|
clock_suspect=0
PMLE_LIVE_REPLAY_TIC|tic=570|mle_ms=111.246|monotonic_ms=110|clock_delta_ms=1.24
6|clock_suspect=0
PMLE_LIVE_REPLAY_TIC|tic=571|mle_ms=102.936|monotonic_ms=110|clock_delta_ms=7.06
4|clock_suspect=0
PMLE_LIVE_REPLAY_TIC|tic=572|mle_ms=72.766|monotonic_ms=70|clock_delta_ms=2.766|
clock_suspect=0
PMLE_LIVE_REPLAY_TIC|tic=573|mle_ms=108.269|monotonic_ms=110|clock_delta_ms=1.73
1|clock_suspect=0
PMLE_LIVE_REPLAY_TIC|tic=574|mle_ms=123.118|monotonic_ms=120|clock_delta_ms=3.11
8|clock_suspect=0
PMLE_LIVE_REPLAY_TIC|tic=575|mle_ms=69.489|monotonic_ms=70|clock_delta_ms=.511|c
lock_suspect=0
PMLE_LIVE_REPLAY_TIC|tic=576|mle_ms=113.348|monotonic_ms=110|clock_delta_ms=3.34
8|clock_suspect=0
PMLE_LIVE_REPLAY_TIC|tic=577|mle_ms=116.475|monotonic_ms=120|clock_delta_ms=3.52
5|clock_suspect=0
PMLE_LIVE_REPLAY_TIC|tic=578|mle_ms=97.08|monotonic_ms=100|clock_delta_ms=2.92|c
lock_suspect=0
PMLE_LIVE_REPLAY_TIC|tic=579|mle_ms=215.899|monotonic_ms=210|clock_delta_ms=5.89
9|clock_suspect=0
PMLE_LIVE_REPLAY_TIC|tic=580|mle_ms=111.613|monotonic_ms=110|clock_delta_ms=1.61
3|clock_suspect=0
PMLE_LIVE_REPLAY_TIC|tic=581|mle_ms=78.095|monotonic_ms=80|clock_delta_ms=1.905|
clock_suspect=0
PMLE_LIVE_REPLAY_TIC|tic=582|mle_ms=115.014|monotonic_ms=120|clock_delta_ms=4.98
6|clock_suspect=0
PMLE_LIVE_REPLAY_TIC|tic=583|mle_ms=176.354|monotonic_ms=170|clock_delta_ms=6.35
4|clock_suspect=0
PMLE_LIVE_REPLAY_TIC|tic=584|mle_ms=71.875|monotonic_ms=80|clock_delta_ms=8.125|
clock_suspect=0
PMLE_LIVE_REPLAY_TIC|tic=585|mle_ms=138.757|monotonic_ms=130|clock_delta_ms=8.75
7|clock_suspect=0
PMLE_LIVE_REPLAY_TIC|tic=586|mle_ms=132.569|monotonic_ms=140|clock_delta_ms=7.43
1|clock_suspect=0
PMLE_LIVE_REPLAY_TIC|tic=587|mle_ms=60.337|monotonic_ms=60|clock_delta_ms=.337|c
lock_suspect=0
PMLE_LIVE_REPLAY_TIC|tic=588|mle_ms=93.103|monotonic_ms=90|clock_delta_ms=3.103|
clock_suspect=0
PMLE_LIVE_REPLAY_TIC|tic=589|mle_ms=94.606|monotonic_ms=100|clock_delta_ms=5.394
|clock_suspect=0
PMLE_LIVE_REPLAY_TIC|tic=590|mle_ms=84.899|monotonic_ms=80|clock_delta_ms=4.899|
clock_suspect=0
PMLE_LIVE_REPLAY_TIC|tic=591|mle_ms=98.964|monotonic_ms=100|clock_delta_ms=1.036
|clock_suspect=0
PMLE_LIVE_REPLAY_TIC|tic=592|mle_ms=109.233|monotonic_ms=110|clock_delta_ms=.767
|clock_suspect=0
PMLE_LIVE_REPLAY_TIC|tic=593|mle_ms=66.902|monotonic_ms=70|clock_delta_ms=3.098|
clock_suspect=0
PMLE_LIVE_REPLAY_TIC|tic=594|mle_ms=109.348|monotonic_ms=110|clock_delta_ms=.652
|clock_suspect=0
PMLE_LIVE_REPLAY_TIC|tic=595|mle_ms=116.586|monotonic_ms=110|clock_delta_ms=6.58
6|clock_suspect=0
PMLE_LIVE_REPLAY_TIC|tic=596|mle_ms=96.28|monotonic_ms=100|clock_delta_ms=3.72|c
lock_suspect=0
PMLE_LIVE_REPLAY_TIC|tic=597|mle_ms=89.783|monotonic_ms=90|clock_delta_ms=.217|c
lock_suspect=0
PMLE_LIVE_REPLAY_TIC|tic=598|mle_ms=95.576|monotonic_ms=90|clock_delta_ms=5.576|
clock_suspect=0
PMLE_LIVE_REPLAY_TIC|tic=599|mle_ms=162.947|monotonic_ms=170|clock_delta_ms=7.05
3|clock_suspect=0
PMLE_LIVE_REPLAY_TIC|tic=600|mle_ms=131.107|monotonic_ms=130|clock_delta_ms=1.10
7|clock_suspect=0
PMLE_LIVE_REPLAY_TIC|tic=601|mle_ms=110.769|monotonic_ms=110|clock_delta_ms=.769
|clock_suspect=0
PMLE_LIVE_REPLAY_TIC|tic=602|mle_ms=66.674|monotonic_ms=70|clock_delta_ms=3.326|
clock_suspect=0
PMLE_LIVE_REPLAY_TIC|tic=603|mle_ms=192.329|monotonic_ms=190|clock_delta_ms=2.32
9|clock_suspect=0
PMLE_LIVE_REPLAY_TIC|tic=604|mle_ms=157.64|monotonic_ms=160|clock_delta_ms=2.36|
clock_suspect=0
PMLE_LIVE_REPLAY_TIC|tic=605|mle_ms=75.96|monotonic_ms=70|clock_delta_ms=5.96|cl
ock_suspect=0
PMLE_LIVE_REPLAY_TIC|tic=606|mle_ms=138.483|monotonic_ms=140|clock_delta_ms=1.51
7|clock_suspect=0
PMLE_LIVE_REPLAY_TIC|tic=607|mle_ms=102.936|monotonic_ms=110|clock_delta_ms=7.06
4|clock_suspect=0
PMLE_LIVE_REPLAY_TIC|tic=608|mle_ms=126.636|monotonic_ms=120|clock_delta_ms=6.63
6|clock_suspect=0
PMLE_LIVE_REPLAY_TIC|tic=609|mle_ms=159.259|monotonic_ms=160|clock_delta_ms=.741
|clock_suspect=0
PMLE_LIVE_REPLAY_TIC|tic=610|mle_ms=119.579|monotonic_ms=120|clock_delta_ms=.421
|clock_suspect=0
PMLE_LIVE_REPLAY_TIC|tic=611|mle_ms=74.061|monotonic_ms=80|clock_delta_ms=5.939|
clock_suspect=0
PMLE_LIVE_REPLAY_TIC|tic=612|mle_ms=96.983|monotonic_ms=90|clock_delta_ms=6.983|
clock_suspect=0
PMLE_LIVE_REPLAY_TIC|tic=613|mle_ms=112.599|monotonic_ms=120|clock_delta_ms=7.40
1|clock_suspect=0
PMLE_LIVE_REPLAY_TIC|tic=614|mle_ms=115.223|monotonic_ms=110|clock_delta_ms=5.22
3|clock_suspect=0
PMLE_LIVE_REPLAY_TIC|tic=615|mle_ms=87.622|monotonic_ms=90|clock_delta_ms=2.378|
clock_suspect=0
PMLE_LIVE_REPLAY_TIC|tic=616|mle_ms=145.056|monotonic_ms=140|clock_delta_ms=5.05
6|clock_suspect=0
PMLE_LIVE_REPLAY_TIC|tic=617|mle_ms=81.506|monotonic_ms=90|clock_delta_ms=8.494|
clock_suspect=0
PMLE_LIVE_REPLAY_TIC|tic=618|mle_ms=200.999|monotonic_ms=200|clock_delta_ms=.999
|clock_suspect=0
PMLE_LIVE_REPLAY_TIC|tic=619|mle_ms=106.256|monotonic_ms=100|clock_delta_ms=6.25
6|clock_suspect=0
PMLE_LIVE_REPLAY_TIC|tic=620|mle_ms=84.645|monotonic_ms=90|clock_delta_ms=5.355|
clock_suspect=0
PMLE_LIVE_REPLAY_TIC|tic=621|mle_ms=87.991|monotonic_ms=90|clock_delta_ms=2.009|
clock_suspect=0
PMLE_LIVE_REPLAY_TIC|tic=622|mle_ms=139.334|monotonic_ms=140|clock_delta_ms=.666
|clock_suspect=0
PMLE_LIVE_REPLAY_TIC|tic=623|mle_ms=81.798|monotonic_ms=80|clock_delta_ms=1.798|
clock_suspect=0
PMLE_LIVE_REPLAY_TIC|tic=624|mle_ms=117.064|monotonic_ms=110|clock_delta_ms=7.06
4|clock_suspect=0
PMLE_LIVE_REPLAY_TIC|tic=625|mle_ms=71.767|monotonic_ms=80|clock_delta_ms=8.233|
clock_suspect=0
PMLE_LIVE_REPLAY_TIC|tic=626|mle_ms=120.342|monotonic_ms=120|clock_delta_ms=.342
|clock_suspect=0
PMLE_LIVE_REPLAY_TIC|tic=627|mle_ms=98.869|monotonic_ms=100|clock_delta_ms=1.131
|clock_suspect=0
PMLE_LIVE_REPLAY_TIC|tic=628|mle_ms=107.198|monotonic_ms=100|clock_delta_ms=7.19
8|clock_suspect=0
PMLE_LIVE_REPLAY_TIC|tic=629|mle_ms=98.41|monotonic_ms=100|clock_delta_ms=1.59|c
lock_suspect=0
PMLE_LIVE_REPLAY_TIC|tic=630|mle_ms=117.547|monotonic_ms=120|clock_delta_ms=2.45
3|clock_suspect=0
PMLE_LIVE_REPLAY_TIC|tic=631|mle_ms=91.776|monotonic_ms=90|clock_delta_ms=1.776|
clock_suspect=0
PMLE_LIVE_REPLAY_TIC|tic=632|mle_ms=115.468|monotonic_ms=120|clock_delta_ms=4.53
2|clock_suspect=0
PMLE_LIVE_REPLAY_TIC|tic=633|mle_ms=121.595|monotonic_ms=120|clock_delta_ms=1.59
5|clock_suspect=0
PMLE_LIVE_REPLAY_TIC|tic=634|mle_ms=120.644|monotonic_ms=120|clock_delta_ms=.644
|clock_suspect=0
PMLE_LIVE_REPLAY_TIC|tic=635|mle_ms=107.392|monotonic_ms=110|clock_delta_ms=2.60
8|clock_suspect=0
PMLE_LIVE_REPLAY_TIC|tic=636|mle_ms=99.383|monotonic_ms=100|clock_delta_ms=.617|
clock_suspect=0
PMLE_LIVE_REPLAY_TIC|tic=637|mle_ms=195.491|monotonic_ms=190|clock_delta_ms=5.49
1|clock_suspect=0
PMLE_LIVE_REPLAY_TIC|tic=638|mle_ms=94.556|monotonic_ms=100|clock_delta_ms=5.444
|clock_suspect=0
PMLE_LIVE_REPLAY_TIC|tic=639|mle_ms=106.341|monotonic_ms=100|clock_delta_ms=6.34
1|clock_suspect=0
PMLE_LIVE_REPLAY_TIC|tic=640|mle_ms=93.623|monotonic_ms=100|clock_delta_ms=6.377
|clock_suspect=0
PMLE_LIVE_REPLAY_TIC|tic=641|mle_ms=117.755|monotonic_ms=110|clock_delta_ms=7.75
5|clock_suspect=0
PMLE_LIVE_REPLAY_TIC|tic=642|mle_ms=105.115|monotonic_ms=110|clock_delta_ms=4.88
5|clock_suspect=0
PMLE_LIVE_REPLAY_TIC|tic=643|mle_ms=93.977|monotonic_ms=90|clock_delta_ms=3.977|
clock_suspect=0
PMLE_LIVE_REPLAY_TIC|tic=644|mle_ms=114.401|monotonic_ms=120|clock_delta_ms=5.59
9|clock_suspect=0
PMLE_LIVE_REPLAY_TIC|tic=645|mle_ms=54.783|monotonic_ms=50|clock_delta_ms=4.783|
clock_suspect=0
PMLE_LIVE_REPLAY_TIC|tic=646|mle_ms=109.983|monotonic_ms=110|clock_delta_ms=.017
|clock_suspect=0
PMLE_LIVE_REPLAY_TIC|tic=647|mle_ms=88.152|monotonic_ms=90|clock_delta_ms=1.848|
clock_suspect=0
PMLE_LIVE_REPLAY_TIC|tic=648|mle_ms=78.39|monotonic_ms=80|clock_delta_ms=1.61|cl
ock_suspect=0
PMLE_LIVE_REPLAY_TIC|tic=649|mle_ms=107.787|monotonic_ms=110|clock_delta_ms=2.21
3|clock_suspect=0
PMLE_LIVE_REPLAY_TIC|tic=650|mle_ms=113.407|monotonic_ms=110|clock_delta_ms=3.40
7|clock_suspect=0
PMLE_LIVE_REPLAY_TIC|tic=651|mle_ms=58.014|monotonic_ms=60|clock_delta_ms=1.986|
clock_suspect=0
PMLE_LIVE_REPLAY_TIC|tic=652|mle_ms=122.612|monotonic_ms=120|clock_delta_ms=2.61
2|clock_suspect=0
PMLE_LIVE_REPLAY_TIC|tic=653|mle_ms=113.691|monotonic_ms=120|clock_delta_ms=6.30
9|clock_suspect=0
PMLE_LIVE_REPLAY_TIC|tic=654|mle_ms=159.74|monotonic_ms=150|clock_delta_ms=9.74|
clock_suspect=0
PMLE_LIVE_REPLAY_TIC|tic=655|mle_ms=101.6|monotonic_ms=110|clock_delta_ms=8.4|cl
ock_suspect=0
PMLE_LIVE_REPLAY_TIC|tic=656|mle_ms=121.189|monotonic_ms=120|clock_delta_ms=1.18
9|clock_suspect=0
PMLE_LIVE_REPLAY_TIC|tic=657|mle_ms=77.779|monotonic_ms=80|clock_delta_ms=2.221|
clock_suspect=0
PMLE_LIVE_REPLAY_TIC|tic=658|mle_ms=180.886|monotonic_ms=180|clock_delta_ms=.886
|clock_suspect=0
PMLE_LIVE_REPLAY_TIC|tic=659|mle_ms=105.734|monotonic_ms=100|clock_delta_ms=5.73
4|clock_suspect=0
PMLE_LIVE_REPLAY_TIC|tic=660|mle_ms=184.136|monotonic_ms=190|clock_delta_ms=5.86
4|clock_suspect=0
PMLE_LIVE_REPLAY_TIC|tic=661|mle_ms=96.527|monotonic_ms=90|clock_delta_ms=6.527|
clock_suspect=0
PMLE_LIVE_REPLAY_TIC|tic=662|mle_ms=114.258|monotonic_ms=120|clock_delta_ms=5.74
2|clock_suspect=0
PMLE_LIVE_REPLAY_TIC|tic=663|mle_ms=50.891|monotonic_ms=50|clock_delta_ms=.891|c
lock_suspect=0
PMLE_LIVE_REPLAY_TIC|tic=664|mle_ms=149.572|monotonic_ms=150|clock_delta_ms=.428
|clock_suspect=0
PMLE_LIVE_REPLAY_TIC|tic=665|mle_ms=88.797|monotonic_ms=90|clock_delta_ms=1.203|
clock_suspect=0
PMLE_LIVE_REPLAY_TIC|tic=666|mle_ms=83.422|monotonic_ms=80|clock_delta_ms=3.422|
clock_suspect=0
PMLE_LIVE_REPLAY_TIC|tic=667|mle_ms=125.208|monotonic_ms=130|clock_delta_ms=4.79
2|clock_suspect=0
PMLE_LIVE_REPLAY_TIC|tic=668|mle_ms=149.88|monotonic_ms=150|clock_delta_ms=.12|c
lock_suspect=0
PMLE_LIVE_REPLAY_TIC|tic=669|mle_ms=57.347|monotonic_ms=50|clock_delta_ms=7.347|
clock_suspect=0
PMLE_LIVE_REPLAY_TIC|tic=670|mle_ms=136.78|monotonic_ms=140|clock_delta_ms=3.22|
clock_suspect=0
PMLE_LIVE_REPLAY_TIC|tic=671|mle_ms=131.871|monotonic_ms=130|clock_delta_ms=1.87
1|clock_suspect=0
PMLE_LIVE_REPLAY_TIC|tic=672|mle_ms=76.067|monotonic_ms=80|clock_delta_ms=3.933|
clock_suspect=0
PMLE_LIVE_REPLAY_TIC|tic=673|mle_ms=91.108|monotonic_ms=90|clock_delta_ms=1.108|
clock_suspect=0
PMLE_LIVE_REPLAY_TIC|tic=674|mle_ms=121.452|monotonic_ms=120|clock_delta_ms=1.45
2|clock_suspect=0
PMLE_LIVE_REPLAY_TIC|tic=675|mle_ms=80.004|monotonic_ms=80|clock_delta_ms=.004|c
lock_suspect=0
PMLE_LIVE_REPLAY_TIC|tic=676|mle_ms=129.275|monotonic_ms=130|clock_delta_ms=.725
|clock_suspect=0
PMLE_LIVE_REPLAY_TIC|tic=677|mle_ms=168.233|monotonic_ms=170|clock_delta_ms=1.76
7|clock_suspect=0
PMLE_LIVE_REPLAY_TIC|tic=678|mle_ms=96.599|monotonic_ms=100|clock_delta_ms=3.401
|clock_suspect=0
PMLE_LIVE_REPLAY_TIC|tic=679|mle_ms=102.232|monotonic_ms=100|clock_delta_ms=2.23
2|clock_suspect=0
PMLE_LIVE_REPLAY_TIC|tic=680|mle_ms=162.198|monotonic_ms=160|clock_delta_ms=2.19
8|clock_suspect=0
PMLE_LIVE_REPLAY_TIC|tic=681|mle_ms=77.385|monotonic_ms=80|clock_delta_ms=2.615|
clock_suspect=0
PMLE_LIVE_REPLAY_TIC|tic=682|mle_ms=253.578|monotonic_ms=250|clock_delta_ms=3.57
8|clock_suspect=0
PMLE_LIVE_REPLAY_TIC|tic=683|mle_ms=120.737|monotonic_ms=120|clock_delta_ms=.737
|clock_suspect=0
PMLE_LIVE_REPLAY_TIC|tic=684|mle_ms=79.706|monotonic_ms=80|clock_delta_ms=.294|c
lock_suspect=0
PMLE_LIVE_REPLAY_TIC|tic=685|mle_ms=104.816|monotonic_ms=110|clock_delta_ms=5.18
4|clock_suspect=0
PMLE_LIVE_REPLAY_TIC|tic=686|mle_ms=280.254|monotonic_ms=280|clock_delta_ms=.254
|clock_suspect=0
PMLE_LIVE_REPLAY_TIC|tic=687|mle_ms=86.089|monotonic_ms=80|clock_delta_ms=6.089|
clock_suspect=0
PMLE_LIVE_REPLAY_TIC|tic=688|mle_ms=140.045|monotonic_ms=140|clock_delta_ms=.045
|clock_suspect=0
PMLE_LIVE_REPLAY_TIC|tic=689|mle_ms=185.899|monotonic_ms=190|clock_delta_ms=4.10
1|clock_suspect=0
PMLE_LIVE_REPLAY_TIC|tic=690|mle_ms=90.976|monotonic_ms=90|clock_delta_ms=.976|c
lock_suspect=0
PMLE_LIVE_REPLAY_TIC|tic=691|mle_ms=105.565|monotonic_ms=110|clock_delta_ms=4.43
5|clock_suspect=0
PMLE_LIVE_REPLAY_TIC|tic=692|mle_ms=125.542|monotonic_ms=120|clock_delta_ms=5.54
2|clock_suspect=0
PMLE_LIVE_REPLAY_TIC|tic=693|mle_ms=45.504|monotonic_ms=50|clock_delta_ms=4.496|
clock_suspect=0
PMLE_LIVE_REPLAY_TIC|tic=694|mle_ms=118.103|monotonic_ms=120|clock_delta_ms=1.89
7|clock_suspect=0
PMLE_LIVE_REPLAY_TIC|tic=695|mle_ms=110.662|monotonic_ms=110|clock_delta_ms=.662
|clock_suspect=0
PMLE_LIVE_REPLAY_TIC|tic=696|mle_ms=205.849|monotonic_ms=200|clock_delta_ms=5.84
9|clock_suspect=0
PMLE_LIVE_REPLAY_TIC|tic=697|mle_ms=106.141|monotonic_ms=110|clock_delta_ms=3.85
9|clock_suspect=0
PMLE_LIVE_REPLAY_TIC|tic=698|mle_ms=135.656|monotonic_ms=130|clock_delta_ms=5.65
6|clock_suspect=0
PMLE_LIVE_REPLAY_TIC|tic=699|mle_ms=49.787|monotonic_ms=50|clock_delta_ms=.213|c
lock_suspect=0
PMLE_LIVE_REPLAY_TIC|tic=700|mle_ms=164.904|monotonic_ms=170|clock_delta_ms=5.09
6|clock_suspect=0
PMLE_LIVE_REPLAY_TIC|tic=701|mle_ms=137.065|monotonic_ms=140|clock_delta_ms=2.93
5|clock_suspect=0
PMLE_LIVE_REPLAY_TIC|tic=702|mle_ms=85.339|monotonic_ms=80|clock_delta_ms=5.339|
clock_suspect=0
PMLE_LIVE_REPLAY_TIC|tic=703|mle_ms=63.692|monotonic_ms=60|clock_delta_ms=3.692|
clock_suspect=0
PMLE_LIVE_REPLAY_TIC|tic=704|mle_ms=117.638|monotonic_ms=120|clock_delta_ms=2.36
2|clock_suspect=0
PMLE_LIVE_REPLAY_TIC|tic=705|mle_ms=47.481|monotonic_ms=50|clock_delta_ms=2.519|
clock_suspect=0
PMLE_LIVE_REPLAY_TIC|tic=706|mle_ms=75.261|monotonic_ms=70|clock_delta_ms=5.261|
clock_suspect=0
PMLE_LIVE_REPLAY_TIC|tic=707|mle_ms=193.853|monotonic_ms=200|clock_delta_ms=6.14
7|clock_suspect=0
PMLE_LIVE_REPLAY_TIC|tic=708|mle_ms=101.224|monotonic_ms=100|clock_delta_ms=1.22
4|clock_suspect=0
PMLE_LIVE_REPLAY_TIC|tic=709|mle_ms=49.266|monotonic_ms=50|clock_delta_ms=.734|c
lock_suspect=0
PMLE_LIVE_REPLAY_TIC|tic=710|mle_ms=100.492|monotonic_ms=100|clock_delta_ms=.492
|clock_suspect=0
PMLE_LIVE_REPLAY_TIC|tic=711|mle_ms=103.629|monotonic_ms=100|clock_delta_ms=3.62
9|clock_suspect=0
PMLE_LIVE_REPLAY_TIC|tic=712|mle_ms=51.806|monotonic_ms=60|clock_delta_ms=8.194|
clock_suspect=0
PMLE_LIVE_REPLAY_TIC|tic=713|mle_ms=66.43|monotonic_ms=60|clock_delta_ms=6.43|cl
ock_suspect=0
PMLE_LIVE_REPLAY_TIC|tic=714|mle_ms=60.213|monotonic_ms=60|clock_delta_ms=.213|c
lock_suspect=0
PMLE_LIVE_REPLAY_TIC|tic=715|mle_ms=36.84|monotonic_ms=40|clock_delta_ms=3.16|cl
ock_suspect=0
PMLE_LIVE_REPLAY_TIC|tic=716|mle_ms=100.343|monotonic_ms=100|clock_delta_ms=.343
|clock_suspect=0
PMLE_LIVE_REPLAY_TIC|tic=717|mle_ms=58.031|monotonic_ms=60|clock_delta_ms=1.969|
clock_suspect=0
PMLE_LIVE_REPLAY_TIC|tic=718|mle_ms=47.707|monotonic_ms=50|clock_delta_ms=2.293|
clock_suspect=0
PMLE_LIVE_REPLAY_TIC|tic=719|mle_ms=59.2|monotonic_ms=60|clock_delta_ms=.8|clock
_suspect=0
PMLE_LIVE_REPLAY_TIC|tic=720|mle_ms=70.435|monotonic_ms=70|clock_delta_ms=.435|c
lock_suspect=0
PMLE_LIVE_REPLAY_TIC|tic=721|mle_ms=43.111|monotonic_ms=40|clock_delta_ms=3.111|
clock_suspect=0
PMLE_LIVE_REPLAY_TIC|tic=722|mle_ms=79.626|monotonic_ms=80|clock_delta_ms=.374|c
lock_suspect=0
PMLE_LIVE_REPLAY_TIC|tic=723|mle_ms=78.853|monotonic_ms=80|clock_delta_ms=1.147|
clock_suspect=0
PMLE_LIVE_REPLAY_TIC|tic=724|mle_ms=52.882|monotonic_ms=50|clock_delta_ms=2.882|
clock_suspect=0
PMLE_LIVE_REPLAY_TIC|tic=725|mle_ms=54.006|monotonic_ms=50|clock_delta_ms=4.006|
clock_suspect=0
PMLE_LIVE_REPLAY_TIC|tic=726|mle_ms=78.409|monotonic_ms=80|clock_delta_ms=1.591|
clock_suspect=0
PMLE_LIVE_REPLAY_TIC|tic=727|mle_ms=49.888|monotonic_ms=50|clock_delta_ms=.112|c
lock_suspect=0
PMLE_LIVE_REPLAY_TIC|tic=728|mle_ms=72.597|monotonic_ms=80|clock_delta_ms=7.403|
clock_suspect=0
PMLE_LIVE_REPLAY_TIC|tic=729|mle_ms=52.548|monotonic_ms=50|clock_delta_ms=2.548|
clock_suspect=0
PMLE_LIVE_REPLAY_TIC|tic=730|mle_ms=56.817|monotonic_ms=60|clock_delta_ms=3.183|
clock_suspect=0
PMLE_LIVE_REPLAY_TIC|tic=731|mle_ms=54.681|monotonic_ms=50|clock_delta_ms=4.681|
clock_suspect=0
PMLE_LIVE_REPLAY_TIC|tic=732|mle_ms=73.361|monotonic_ms=70|clock_delta_ms=3.361|
clock_suspect=0
PMLE_LIVE_REPLAY_TIC|tic=733|mle_ms=39.586|monotonic_ms=40|clock_delta_ms=.414|c
lock_suspect=0
PMLE_LIVE_REPLAY_TIC|tic=734|mle_ms=93.606|monotonic_ms=100|clock_delta_ms=6.394
|clock_suspect=0
PMLE_LIVE_REPLAY_TIC|tic=735|mle_ms=52.31|monotonic_ms=50|clock_delta_ms=2.31|cl
ock_suspect=0
PMLE_LIVE_REPLAY_TIC|tic=736|mle_ms=56.594|monotonic_ms=60|clock_delta_ms=3.406|
clock_suspect=0
PMLE_LIVE_REPLAY_TIC|tic=737|mle_ms=78.331|monotonic_ms=70|clock_delta_ms=8.331|
clock_suspect=0
PMLE_LIVE_REPLAY_TIC|tic=738|mle_ms=64.222|monotonic_ms=70|clock_delta_ms=5.778|
clock_suspect=0
PMLE_LIVE_REPLAY_TIC|tic=739|mle_ms=38.26|monotonic_ms=40|clock_delta_ms=1.74|cl
ock_suspect=0
PMLE_LIVE_REPLAY_TIC|tic=740|mle_ms=72.861|monotonic_ms=70|clock_delta_ms=2.861|
clock_suspect=0
PMLE_LIVE_REPLAY_TIC|tic=741|mle_ms=46.759|monotonic_ms=50|clock_delta_ms=3.241|
clock_suspect=0
PMLE_LIVE_REPLAY_TIC|tic=742|mle_ms=42.126|monotonic_ms=40|clock_delta_ms=2.126|
clock_suspect=0
PMLE_LIVE_REPLAY_TIC|tic=743|mle_ms=65.748|monotonic_ms=60|clock_delta_ms=5.748|
clock_suspect=0
PMLE_LIVE_REPLAY_TIC|tic=744|mle_ms=49.911|monotonic_ms=50|clock_delta_ms=.089|c
lock_suspect=0
PMLE_LIVE_REPLAY_TIC|tic=745|mle_ms=28.757|monotonic_ms=30|clock_delta_ms=1.243|
clock_suspect=0
PMLE_LIVE_REPLAY_TIC|tic=746|mle_ms=67.452|monotonic_ms=70|clock_delta_ms=2.548|
clock_suspect=0
PMLE_LIVE_REPLAY_TIC|tic=747|mle_ms=42.571|monotonic_ms=40|clock_delta_ms=2.571|
clock_suspect=0
PMLE_LIVE_REPLAY_TIC|tic=748|mle_ms=38.23|monotonic_ms=40|clock_delta_ms=1.77|cl
ock_suspect=0
PMLE_LIVE_REPLAY_TIC|tic=749|mle_ms=52.883|monotonic_ms=50|clock_delta_ms=2.883|
clock_suspect=0
PMLE_LIVE_REPLAY_TIC|tic=750|mle_ms=54.725|monotonic_ms=60|clock_delta_ms=5.275|
clock_suspect=0
PMLE_LIVE_REPLAY_TIC|tic=751|mle_ms=41.845|monotonic_ms=40|clock_delta_ms=1.845|
clock_suspect=0
PMLE_LIVE_REPLAY_TIC|tic=752|mle_ms=50.043|monotonic_ms=50|clock_delta_ms=.043|c
lock_suspect=0
PMLE_LIVE_REPLAY_TIC|tic=753|mle_ms=51.707|monotonic_ms=50|clock_delta_ms=1.707|
clock_suspect=0
PMLE_LIVE_REPLAY_TIC|tic=754|mle_ms=46.188|monotonic_ms=50|clock_delta_ms=3.812|
clock_suspect=0
PMLE_LIVE_REPLAY_TIC|tic=755|mle_ms=48.937|monotonic_ms=50|clock_delta_ms=1.063|
clock_suspect=0
PMLE_LIVE_REPLAY_TIC|tic=756|mle_ms=61.462|monotonic_ms=60|clock_delta_ms=1.462|
clock_suspect=0
PMLE_LIVE_REPLAY_TIC|tic=757|mle_ms=39.386|monotonic_ms=40|clock_delta_ms=.614|c
lock_suspect=0
PMLE_LIVE_REPLAY_TIC|tic=758|mle_ms=51.68|monotonic_ms=50|clock_delta_ms=1.68|cl
ock_suspect=0
PMLE_LIVE_REPLAY_TIC|tic=759|mle_ms=42.862|monotonic_ms=40|clock_delta_ms=2.862|
clock_suspect=0
PMLE_LIVE_REPLAY_TIC|tic=760|mle_ms=66.77|monotonic_ms=70|clock_delta_ms=3.23|cl
ock_suspect=0
PMLE_LIVE_REPLAY_TIC|tic=761|mle_ms=52.532|monotonic_ms=50|clock_delta_ms=2.532|
clock_suspect=0
PMLE_LIVE_REPLAY_TIC|tic=762|mle_ms=44.341|monotonic_ms=50|clock_delta_ms=5.659|
clock_suspect=0
PMLE_LIVE_REPLAY_TIC|tic=763|mle_ms=73.764|monotonic_ms=70|clock_delta_ms=3.764|
clock_suspect=0
PMLE_LIVE_REPLAY_TIC|tic=764|mle_ms=63.106|monotonic_ms=70|clock_delta_ms=6.894|
clock_suspect=0
PMLE_LIVE_REPLAY_TIC|tic=765|mle_ms=47.002|monotonic_ms=40|clock_delta_ms=7.002|
clock_suspect=0
PMLE_LIVE_REPLAY_TIC|tic=766|mle_ms=70.994|monotonic_ms=70|clock_delta_ms=.994|c
lock_suspect=0
PMLE_LIVE_REPLAY_TIC|tic=767|mle_ms=65.867|monotonic_ms=70|clock_delta_ms=4.133|
clock_suspect=0
PMLE_LIVE_REPLAY_TIC|tic=768|mle_ms=63.285|monotonic_ms=60|clock_delta_ms=3.285|
clock_suspect=0
PMLE_LIVE_REPLAY_TIC|tic=769|mle_ms=50.758|monotonic_ms=50|clock_delta_ms=.758|c
lock_suspect=0
PMLE_LIVE_REPLAY_TIC|tic=770|mle_ms=65.571|monotonic_ms=70|clock_delta_ms=4.429|
clock_suspect=0
PMLE_LIVE_REPLAY_TIC|tic=771|mle_ms=57.178|monotonic_ms=60|clock_delta_ms=2.822|
clock_suspect=0
PMLE_LIVE_REPLAY_TIC|tic=772|mle_ms=60.99|monotonic_ms=60|clock_delta_ms=.99|clo
ck_suspect=0
PMLE_LIVE_REPLAY_TIC|tic=773|mle_ms=84.884|monotonic_ms=80|clock_delta_ms=4.884|
clock_suspect=0
PMLE_LIVE_REPLAY_TIC|tic=774|mle_ms=53.724|monotonic_ms=60|clock_delta_ms=6.276|
clock_suspect=0
PMLE_LIVE_REPLAY_TIC|tic=775|mle_ms=49.631|monotonic_ms=50|clock_delta_ms=.369|c
lock_suspect=0
PMLE_LIVE_REPLAY_TIC|tic=776|mle_ms=81.697|monotonic_ms=80|clock_delta_ms=1.697|
clock_suspect=0
PMLE_LIVE_REPLAY_TIC|tic=777|mle_ms=77.689|monotonic_ms=80|clock_delta_ms=2.311|
clock_suspect=0
PMLE_LIVE_REPLAY_TIC|tic=778|mle_ms=49.654|monotonic_ms=50|clock_delta_ms=.346|c
lock_suspect=0
PMLE_LIVE_REPLAY_TIC|tic=779|mle_ms=53.686|monotonic_ms=50|clock_delta_ms=3.686|
clock_suspect=0
PMLE_LIVE_REPLAY_TIC|tic=780|mle_ms=59.198|monotonic_ms=60|clock_delta_ms=.802|c
lock_suspect=0
PMLE_LIVE_REPLAY_TIC|tic=781|mle_ms=50.705|monotonic_ms=50|clock_delta_ms=.705|c
lock_suspect=0
PMLE_LIVE_REPLAY_TIC|tic=782|mle_ms=51.201|monotonic_ms=50|clock_delta_ms=1.201|
clock_suspect=0
PMLE_LIVE_REPLAY_TIC|tic=783|mle_ms=59.479|monotonic_ms=60|clock_delta_ms=.521|c
lock_suspect=0
PMLE_LIVE_REPLAY_TIC|tic=784|mle_ms=50.231|monotonic_ms=50|clock_delta_ms=.231|c
lock_suspect=0
PMLE_LIVE_REPLAY_TIC|tic=785|mle_ms=69.093|monotonic_ms=70|clock_delta_ms=.907|c
lock_suspect=0
PMLE_LIVE_REPLAY_TIC|tic=786|mle_ms=85.284|monotonic_ms=80|clock_delta_ms=5.284|
clock_suspect=0
PMLE_LIVE_REPLAY_TIC|tic=787|mle_ms=63.588|monotonic_ms=70|clock_delta_ms=6.412|
clock_suspect=0
PMLE_LIVE_REPLAY_TIC|tic=788|mle_ms=96.858|monotonic_ms=100|clock_delta_ms=3.142
|clock_suspect=0
PMLE_LIVE_REPLAY_TIC|tic=789|mle_ms=70.963|monotonic_ms=70|clock_delta_ms=.963|c
lock_suspect=0
PMLE_LIVE_REPLAY_TIC|tic=790|mle_ms=71.428|monotonic_ms=70|clock_delta_ms=1.428|
clock_suspect=0
PMLE_LIVE_REPLAY_TIC|tic=791|mle_ms=75.585|monotonic_ms=70|clock_delta_ms=5.585|
clock_suspect=0
PMLE_LIVE_REPLAY_TIC|tic=792|mle_ms=55.9|monotonic_ms=60|clock_delta_ms=4.1|cloc
k_suspect=0
PMLE_LIVE_REPLAY_TIC|tic=793|mle_ms=59.473|monotonic_ms=60|clock_delta_ms=.527|c
lock_suspect=0
PMLE_LIVE_REPLAY_TIC|tic=794|mle_ms=78.197|monotonic_ms=80|clock_delta_ms=1.803|
clock_suspect=0
PMLE_LIVE_REPLAY_TIC|tic=795|mle_ms=45.225|monotonic_ms=40|clock_delta_ms=5.225|
clock_suspect=0
PMLE_LIVE_REPLAY_TIC|tic=796|mle_ms=58.862|monotonic_ms=60|clock_delta_ms=1.138|
clock_suspect=0
PMLE_LIVE_REPLAY_TIC|tic=797|mle_ms=50.556|monotonic_ms=50|clock_delta_ms=.556|c
lock_suspect=0
PMLE_LIVE_REPLAY_TIC|tic=798|mle_ms=39.919|monotonic_ms=40|clock_delta_ms=.081|c
lock_suspect=0
PMLE_LIVE_REPLAY_TIC|tic=799|mle_ms=37.275|monotonic_ms=40|clock_delta_ms=2.725|
clock_suspect=0
PMLE_LIVE_REPLAY_TIC|tic=800|mle_ms=67.021|monotonic_ms=70|clock_delta_ms=2.979|
clock_suspect=0
PMLE_LIVE_REPLAY_TIC|tic=801|mle_ms=47.464|monotonic_ms=50|clock_delta_ms=2.536|
clock_suspect=0
PMLE_LIVE_REPLAY_TIC|tic=802|mle_ms=36.807|monotonic_ms=30|clock_delta_ms=6.807|
clock_suspect=0
PMLE_LIVE_REPLAY_TIC|tic=803|mle_ms=46.736|monotonic_ms=50|clock_delta_ms=3.264|
clock_suspect=0
PMLE_LIVE_REPLAY_TIC|tic=804|mle_ms=47.228|monotonic_ms=50|clock_delta_ms=2.772|
clock_suspect=0
PMLE_LIVE_REPLAY_TIC|tic=805|mle_ms=31.076|monotonic_ms=30|clock_delta_ms=1.076|
clock_suspect=0
PMLE_LIVE_REPLAY_TIC|tic=806|mle_ms=64.405|monotonic_ms=60|clock_delta_ms=4.405|
clock_suspect=0
PMLE_LIVE_REPLAY_TIC|tic=807|mle_ms=50.346|monotonic_ms=50|clock_delta_ms=.346|c
lock_suspect=0
PMLE_LIVE_REPLAY_TIC|tic=808|mle_ms=36.03|monotonic_ms=40|clock_delta_ms=3.97|cl
ock_suspect=0
PMLE_LIVE_REPLAY_TIC|tic=809|mle_ms=40.316|monotonic_ms=40|clock_delta_ms=.316|c
lock_suspect=0
PMLE_LIVE_REPLAY_TIC|tic=810|mle_ms=42.59|monotonic_ms=40|clock_delta_ms=2.59|cl
ock_suspect=0
PMLE_LIVE_REPLAY_TIC|tic=811|mle_ms=35.198|monotonic_ms=40|clock_delta_ms=4.802|
clock_suspect=0
PMLE_LIVE_REPLAY_TIC|tic=812|mle_ms=51.966|monotonic_ms=50|clock_delta_ms=1.966|
clock_suspect=0
PMLE_LIVE_REPLAY_TIC|tic=813|mle_ms=44.852|monotonic_ms=40|clock_delta_ms=4.852|
clock_suspect=0
PMLE_LIVE_REPLAY_TIC|tic=814|mle_ms=36.564|monotonic_ms=40|clock_delta_ms=3.436|
clock_suspect=0
PMLE_LIVE_REPLAY_TIC|tic=815|mle_ms=42.189|monotonic_ms=40|clock_delta_ms=2.189|
clock_suspect=0
PMLE_LIVE_REPLAY_TIC|tic=816|mle_ms=53.7|monotonic_ms=60|clock_delta_ms=6.3|cloc
k_suspect=0
PMLE_LIVE_REPLAY_TIC|tic=817|mle_ms=35.142|monotonic_ms=30|clock_delta_ms=5.142|
clock_suspect=0
PMLE_LIVE_REPLAY_TIC|tic=818|mle_ms=50.559|monotonic_ms=50|clock_delta_ms=.559|c
lock_suspect=0
PMLE_LIVE_REPLAY_TIC|tic=819|mle_ms=38.946|monotonic_ms=40|clock_delta_ms=1.054|
clock_suspect=0
PMLE_LIVE_REPLAY_TIC|tic=820|mle_ms=34.279|monotonic_ms=40|clock_delta_ms=5.721|
clock_suspect=0
PMLE_LIVE_REPLAY_TIC|tic=821|mle_ms=55.779|monotonic_ms=50|clock_delta_ms=5.779|
clock_suspect=0
PMLE_LIVE_REPLAY_TIC|tic=822|mle_ms=46.155|monotonic_ms=50|clock_delta_ms=3.845|
clock_suspect=0
PMLE_LIVE_REPLAY_TIC|tic=823|mle_ms=40.922|monotonic_ms=40|clock_delta_ms=.922|c
lock_suspect=0
PMLE_LIVE_REPLAY_TIC|tic=824|mle_ms=42.629|monotonic_ms=40|clock_delta_ms=2.629|
clock_suspect=0
PMLE_LIVE_REPLAY_TIC|tic=825|mle_ms=43.538|monotonic_ms=50|clock_delta_ms=6.462|
clock_suspect=0
PMLE_LIVE_REPLAY_TIC|tic=826|mle_ms=45.323|monotonic_ms=40|clock_delta_ms=5.323|
clock_suspect=0
PMLE_LIVE_REPLAY_TIC|tic=827|mle_ms=33.706|monotonic_ms=40|clock_delta_ms=6.294|
clock_suspect=0
PMLE_LIVE_REPLAY_TIC|tic=828|mle_ms=49.622|monotonic_ms=40|clock_delta_ms=9.622|
clock_suspect=0
PMLE_LIVE_REPLAY_TIC|tic=829|mle_ms=31.904|monotonic_ms=40|clock_delta_ms=8.096|
clock_suspect=0
PMLE_LIVE_REPLAY_TIC|tic=830|mle_ms=47.48|monotonic_ms=40|clock_delta_ms=7.48|cl
ock_suspect=0
PMLE_LIVE_REPLAY_TIC|tic=831|mle_ms=47.363|monotonic_ms=50|clock_delta_ms=2.637|
clock_suspect=0
PMLE_LIVE_REPLAY_TIC|tic=832|mle_ms=36.559|monotonic_ms=40|clock_delta_ms=3.441|
clock_suspect=0
PMLE_LIVE_REPLAY_TIC|tic=833|mle_ms=46.969|monotonic_ms=50|clock_delta_ms=3.031|
clock_suspect=0
PMLE_LIVE_REPLAY_TIC|tic=834|mle_ms=50.629|monotonic_ms=50|clock_delta_ms=.629|c
lock_suspect=0
PMLE_LIVE_REPLAY_TIC|tic=835|mle_ms=43.577|monotonic_ms=40|clock_delta_ms=3.577|
clock_suspect=0
PMLE_LIVE_REPLAY_TIC|tic=836|mle_ms=61.651|monotonic_ms=60|clock_delta_ms=1.651|
clock_suspect=0
PMLE_LIVE_REPLAY_TIC|tic=837|mle_ms=60.252|monotonic_ms=60|clock_delta_ms=.252|c
lock_suspect=0
PMLE_LIVE_REPLAY_TIC|tic=838|mle_ms=49.55|monotonic_ms=50|clock_delta_ms=.45|clo
ck_suspect=0
PMLE_LIVE_REPLAY_TIC|tic=839|mle_ms=38.715|monotonic_ms=40|clock_delta_ms=1.285|
clock_suspect=0
PMLE_LIVE_REPLAY_TIC|tic=840|mle_ms=73.19|monotonic_ms=70|clock_delta_ms=3.19|cl
ock_suspect=0
PMLE_LIVE_REPLAY_TIC|tic=841|mle_ms=88.715|monotonic_ms=90|clock_delta_ms=1.285|
clock_suspect=0
PMLE_LIVE_REPLAY_TIC|tic=842|mle_ms=67.82|monotonic_ms=70|clock_delta_ms=2.18|cl
ock_suspect=0
PMLE_LIVE_REPLAY_TIC|tic=843|mle_ms=128.138|monotonic_ms=130|clock_delta_ms=1.86
2|clock_suspect=0
PMLE_LIVE_REPLAY_TIC|tic=844|mle_ms=54.564|monotonic_ms=50|clock_delta_ms=4.564|
clock_suspect=0
PMLE_LIVE_REPLAY_TIC|tic=845|mle_ms=47.156|monotonic_ms=50|clock_delta_ms=2.844|
clock_suspect=0
PMLE_LIVE_REPLAY_TIC|tic=846|mle_ms=112.306|monotonic_ms=110|clock_delta_ms=2.30
6|clock_suspect=0
PMLE_LIVE_REPLAY_TIC|tic=847|mle_ms=42.522|monotonic_ms=50|clock_delta_ms=7.478|
clock_suspect=0
PMLE_LIVE_REPLAY_TIC|tic=848|mle_ms=53.487|monotonic_ms=50|clock_delta_ms=3.487|
clock_suspect=0
PMLE_LIVE_REPLAY_TIC|tic=849|mle_ms=81.854|monotonic_ms=80|clock_delta_ms=1.854|
clock_suspect=0
PMLE_LIVE_REPLAY_TIC|tic=850|mle_ms=45.38|monotonic_ms=50|clock_delta_ms=4.62|cl
ock_suspect=0
PMLE_LIVE_REPLAY_TIC|tic=851|mle_ms=81.515|monotonic_ms=80|clock_delta_ms=1.515|
clock_suspect=0
PMLE_LIVE_REPLAY_TIC|tic=852|mle_ms=107.882|monotonic_ms=110|clock_delta_ms=2.11
8|clock_suspect=0
PMLE_LIVE_REPLAY_TIC|tic=853|mle_ms=95.665|monotonic_ms=90|clock_delta_ms=5.665|
clock_suspect=0
PMLE_LIVE_REPLAY_TIC|tic=854|mle_ms=54.702|monotonic_ms=60|clock_delta_ms=5.298|
clock_suspect=0
PMLE_LIVE_REPLAY_TIC|tic=855|mle_ms=69.982|monotonic_ms=70|clock_delta_ms=.018|c
lock_suspect=0
PMLE_LIVE_REPLAY_TIC|tic=856|mle_ms=80.045|monotonic_ms=80|clock_delta_ms=.045|c
lock_suspect=0
PMLE_LIVE_REPLAY_TIC|tic=857|mle_ms=68.62|monotonic_ms=70|clock_delta_ms=1.38|cl
ock_suspect=0
PMLE_LIVE_REPLAY_TIC|tic=858|mle_ms=74.953|monotonic_ms=70|clock_delta_ms=4.953|
clock_suspect=0
PMLE_LIVE_REPLAY_TIC|tic=859|mle_ms=41.894|monotonic_ms=40|clock_delta_ms=1.894|
clock_suspect=0
PMLE_LIVE_REPLAY_TIC|tic=860|mle_ms=63.079|monotonic_ms=70|clock_delta_ms=6.921|
clock_suspect=0
PMLE_LIVE_REPLAY_TIC|tic=861|mle_ms=102.066|monotonic_ms=100|clock_delta_ms=2.06
6|clock_suspect=0
PMLE_LIVE_REPLAY_TIC|tic=862|mle_ms=39.821|monotonic_ms=40|clock_delta_ms=.179|c
lock_suspect=0
PMLE_LIVE_REPLAY_TIC|tic=863|mle_ms=131.39|monotonic_ms=130|clock_delta_ms=1.39|
clock_suspect=0
PMLE_LIVE_REPLAY_TIC|tic=864|mle_ms=73.267|monotonic_ms=70|clock_delta_ms=3.267|
clock_suspect=0
PMLE_LIVE_REPLAY_TIC|tic=865|mle_ms=49.4|monotonic_ms=50|clock_delta_ms=.6|clock
_suspect=0
PMLE_LIVE_REPLAY_TIC|tic=866|mle_ms=80.593|monotonic_ms=80|clock_delta_ms=.593|c
lock_suspect=0
PMLE_LIVE_REPLAY_TIC|tic=867|mle_ms=77.53|monotonic_ms=80|clock_delta_ms=2.47|cl
ock_suspect=0
PMLE_LIVE_REPLAY_TIC|tic=868|mle_ms=39.19|monotonic_ms=40|clock_delta_ms=.81|clo
ck_suspect=0
PMLE_LIVE_REPLAY_TIC|tic=869|mle_ms=49.913|monotonic_ms=50|clock_delta_ms=.087|c
lock_suspect=0
PMLE_LIVE_REPLAY_TIC|tic=870|mle_ms=99.97|monotonic_ms=100|clock_delta_ms=.03|cl
ock_suspect=0
PMLE_LIVE_REPLAY_TIC|tic=871|mle_ms=66.761|monotonic_ms=70|clock_delta_ms=3.239|
clock_suspect=0
PMLE_LIVE_REPLAY_TIC|tic=872|mle_ms=53.858|monotonic_ms=50|clock_delta_ms=3.858|
clock_suspect=0
PMLE_LIVE_REPLAY_TIC|tic=873|mle_ms=169.99|monotonic_ms=170|clock_delta_ms=.01|c
lock_suspect=0
PMLE_LIVE_REPLAY_TIC|tic=874|mle_ms=39.971|monotonic_ms=40|clock_delta_ms=.029|c
lock_suspect=0
PMLE_LIVE_REPLAY_TIC|tic=875|mle_ms=45.975|monotonic_ms=50|clock_delta_ms=4.025|
clock_suspect=0
PMLE_LIVE_REPLAY_TIC|tic=876|mle_ms=110.978|monotonic_ms=110|clock_delta_ms=.978
|clock_suspect=0
PMLE_LIVE_REPLAY_TIC|tic=877|mle_ms=48.882|monotonic_ms=50|clock_delta_ms=1.118|
clock_suspect=0
PMLE_LIVE_REPLAY_TIC|tic=878|mle_ms=60.977|monotonic_ms=60|clock_delta_ms=.977|c
lock_suspect=0
PMLE_LIVE_REPLAY_TIC|tic=879|mle_ms=90.76|monotonic_ms=90|clock_delta_ms=.76|clo
ck_suspect=0
PMLE_LIVE_REPLAY_TIC|tic=880|mle_ms=49.269|monotonic_ms=50|clock_delta_ms=.731|c
lock_suspect=0
PMLE_LIVE_REPLAY_TIC|tic=881|mle_ms=101.857|monotonic_ms=100|clock_delta_ms=1.85
7|clock_suspect=0
PMLE_LIVE_REPLAY_TIC|tic=882|mle_ms=82.8|monotonic_ms=80|clock_delta_ms=2.8|cloc
k_suspect=0
PMLE_LIVE_REPLAY_TIC|tic=883|mle_ms=102.822|monotonic_ms=110|clock_delta_ms=7.17
8|clock_suspect=0
PMLE_LIVE_REPLAY_TIC|tic=884|mle_ms=60.4|monotonic_ms=60|clock_delta_ms=.4|clock
_suspect=0
PMLE_LIVE_REPLAY_TIC|tic=885|mle_ms=71.983|monotonic_ms=70|clock_delta_ms=1.983|
clock_suspect=0
PMLE_LIVE_REPLAY_TIC|tic=886|mle_ms=64.558|monotonic_ms=60|clock_delta_ms=4.558|
clock_suspect=0
PMLE_LIVE_REPLAY_TIC|tic=887|mle_ms=55.071|monotonic_ms=60|clock_delta_ms=4.929|
clock_suspect=0
PMLE_LIVE_REPLAY_TIC|tic=888|mle_ms=76.79|monotonic_ms=70|clock_delta_ms=6.79|cl
ock_suspect=0
PMLE_LIVE_REPLAY_TIC|tic=889|mle_ms=28.56|monotonic_ms=30|clock_delta_ms=1.44|cl
ock_suspect=0
PMLE_LIVE_REPLAY_TIC|tic=890|mle_ms=54.301|monotonic_ms=60|clock_delta_ms=5.699|
clock_suspect=0
PMLE_LIVE_REPLAY_TIC|tic=891|mle_ms=102.959|monotonic_ms=100|clock_delta_ms=2.95
9|clock_suspect=0
PMLE_LIVE_REPLAY_TIC|tic=892|mle_ms=28.566|monotonic_ms=30|clock_delta_ms=1.434|
clock_suspect=0
PMLE_LIVE_REPLAY_TIC|tic=893|mle_ms=79.056|monotonic_ms=80|clock_delta_ms=.944|c
lock_suspect=0
PMLE_LIVE_REPLAY_TIC|tic=894|mle_ms=47.711|monotonic_ms=50|clock_delta_ms=2.289|
clock_suspect=0
PMLE_LIVE_REPLAY_TIC|tic=895|mle_ms=29.342|monotonic_ms=30|clock_delta_ms=.658|c
lock_suspect=0
PMLE_LIVE_REPLAY_TIC|tic=896|mle_ms=77.227|monotonic_ms=70|clock_delta_ms=7.227|
clock_suspect=0
PMLE_LIVE_REPLAY_TIC|tic=897|mle_ms=51.057|monotonic_ms=50|clock_delta_ms=1.057|
clock_suspect=0
PMLE_LIVE_REPLAY_TIC|tic=898|mle_ms=31.02|monotonic_ms=40|clock_delta_ms=8.98|cl
ock_suspect=0
PMLE_LIVE_REPLAY_TIC|tic=899|mle_ms=32.418|monotonic_ms=30|clock_delta_ms=2.418|
clock_suspect=0
PMLE_LIVE_REPLAY_TIC|tic=900|mle_ms=62.137|monotonic_ms=60|clock_delta_ms=2.137|
clock_suspect=0
PMLE_LIVE_REPLAY_TIC|tic=901|mle_ms=74.253|monotonic_ms=70|clock_delta_ms=4.253|
clock_suspect=0
PMLE_LIVE_REPLAY_TIC|tic=902|mle_ms=31.966|monotonic_ms=40|clock_delta_ms=8.034|
clock_suspect=0
PMLE_LIVE_REPLAY_TIC|tic=903|mle_ms=63.947|monotonic_ms=60|clock_delta_ms=3.947|
clock_suspect=0
PMLE_LIVE_REPLAY_TIC|tic=904|mle_ms=37.454|monotonic_ms=40|clock_delta_ms=2.546|
clock_suspect=0
PMLE_LIVE_REPLAY_TIC|tic=905|mle_ms=33.003|monotonic_ms=30|clock_delta_ms=3.003|
clock_suspect=0
PMLE_LIVE_REPLAY_TIC|tic=906|mle_ms=77.357|monotonic_ms=80|clock_delta_ms=2.643|
clock_suspect=0
PMLE_LIVE_REPLAY_TIC|tic=907|mle_ms=46.051|monotonic_ms=40|clock_delta_ms=6.051|
clock_suspect=0
PMLE_LIVE_REPLAY_TIC|tic=908|mle_ms=49.833|monotonic_ms=50|clock_delta_ms=.167|c
lock_suspect=0
PMLE_LIVE_REPLAY_TIC|tic=909|mle_ms=60.367|monotonic_ms=60|clock_delta_ms=.367|c
lock_suspect=0
PMLE_LIVE_REPLAY_TIC|tic=910|mle_ms=46.588|monotonic_ms=50|clock_delta_ms=3.412|
clock_suspect=0
PMLE_LIVE_REPLAY_TIC|tic=911|mle_ms=80.676|monotonic_ms=80|clock_delta_ms=.676|c
lock_suspect=0
PMLE_LIVE_REPLAY_TIC|tic=912|mle_ms=71.587|monotonic_ms=70|clock_delta_ms=1.587|
clock_suspect=0
PMLE_LIVE_REPLAY_TIC|tic=913|mle_ms=59.863|monotonic_ms=60|clock_delta_ms=.137|c
lock_suspect=0
PMLE_LIVE_REPLAY_TIC|tic=914|mle_ms=56.921|monotonic_ms=60|clock_delta_ms=3.079|
clock_suspect=0
PMLE_LIVE_REPLAY_TIC|tic=915|mle_ms=50.514|monotonic_ms=50|clock_delta_ms=.514|c
lock_suspect=0
PMLE_LIVE_REPLAY_TIC|tic=916|mle_ms=117.504|monotonic_ms=120|clock_delta_ms=2.49
6|clock_suspect=0
PMLE_LIVE_REPLAY_TIC|tic=917|mle_ms=39.974|monotonic_ms=40|clock_delta_ms=.026|c
lock_suspect=0
PMLE_LIVE_REPLAY_TIC|tic=918|mle_ms=61.343|monotonic_ms=60|clock_delta_ms=1.343|
clock_suspect=0
PMLE_LIVE_REPLAY_TIC|tic=919|mle_ms=69.486|monotonic_ms=70|clock_delta_ms=.514|c
lock_suspect=0
PMLE_LIVE_REPLAY_TIC|tic=920|mle_ms=45.78|monotonic_ms=50|clock_delta_ms=4.22|cl
ock_suspect=0
PMLE_LIVE_REPLAY_TIC|tic=921|mle_ms=72.498|monotonic_ms=70|clock_delta_ms=2.498|
clock_suspect=0
PMLE_LIVE_REPLAY_TIC|tic=922|mle_ms=62.878|monotonic_ms=60|clock_delta_ms=2.878|
clock_suspect=0
PMLE_LIVE_REPLAY_TIC|tic=923|mle_ms=49.528|monotonic_ms=50|clock_delta_ms=.472|c
lock_suspect=0
PMLE_LIVE_REPLAY_TIC|tic=924|mle_ms=45.285|monotonic_ms=50|clock_delta_ms=4.715|
clock_suspect=0
PMLE_LIVE_REPLAY_TIC|tic=925|mle_ms=87.143|monotonic_ms=80|clock_delta_ms=7.143|
clock_suspect=0
PMLE_LIVE_REPLAY_TIC|tic=926|mle_ms=74.249|monotonic_ms=80|clock_delta_ms=5.751|
clock_suspect=0
PMLE_LIVE_REPLAY_TIC|tic=927|mle_ms=37.484|monotonic_ms=30|clock_delta_ms=7.484|
clock_suspect=0
PMLE_LIVE_REPLAY_TIC|tic=928|mle_ms=81.767|monotonic_ms=90|clock_delta_ms=8.233|
clock_suspect=0
PMLE_LIVE_REPLAY_TIC|tic=929|mle_ms=29.226|monotonic_ms=30|clock_delta_ms=.774|c
lock_suspect=0
PMLE_LIVE_REPLAY_TIC|tic=930|mle_ms=38.822|monotonic_ms=30|clock_delta_ms=8.822|
clock_suspect=0
PMLE_LIVE_REPLAY_TIC|tic=931|mle_ms=74.118|monotonic_ms=80|clock_delta_ms=5.882|
clock_suspect=0
PMLE_LIVE_REPLAY_TIC|tic=932|mle_ms=31.743|monotonic_ms=30|clock_delta_ms=1.743|
clock_suspect=0
PMLE_LIVE_REPLAY_TIC|tic=933|mle_ms=43.917|monotonic_ms=40|clock_delta_ms=3.917|
clock_suspect=0
PMLE_LIVE_REPLAY_TIC|tic=934|mle_ms=105.032|monotonic_ms=110|clock_delta_ms=4.96
8|clock_suspect=0
PMLE_LIVE_REPLAY_TIC|tic=935|mle_ms=31.552|monotonic_ms=30|clock_delta_ms=1.552|
clock_suspect=0
PMLE_LIVE_REPLAY_TIC|tic=936|mle_ms=72.802|monotonic_ms=70|clock_delta_ms=2.802|
clock_suspect=0
PMLE_LIVE_REPLAY_TIC|tic=937|mle_ms=74.266|monotonic_ms=80|clock_delta_ms=5.734|
clock_suspect=0
PMLE_LIVE_REPLAY_TIC|tic=938|mle_ms=40.76|monotonic_ms=40|clock_delta_ms=.76|clo
ck_suspect=0
PMLE_LIVE_REPLAY_TIC|tic=939|mle_ms=34.606|monotonic_ms=30|clock_delta_ms=4.606|
clock_suspect=0
PMLE_LIVE_REPLAY_TIC|tic=940|mle_ms=95.268|monotonic_ms=100|clock_delta_ms=4.732
|clock_suspect=0
PMLE_LIVE_REPLAY_TIC|tic=941|mle_ms=32.937|monotonic_ms=30|clock_delta_ms=2.937|
clock_suspect=0
PMLE_LIVE_REPLAY_TIC|tic=942|mle_ms=34.681|monotonic_ms=40|clock_delta_ms=5.319|
clock_suspect=0
PMLE_LIVE_REPLAY_TIC|tic=943|mle_ms=96.792|monotonic_ms=90|clock_delta_ms=6.792|
clock_suspect=0
PMLE_LIVE_REPLAY_TIC|tic=944|mle_ms=42.555|monotonic_ms=50|clock_delta_ms=7.445|
clock_suspect=0
PMLE_LIVE_REPLAY_TIC|tic=945|mle_ms=48.775|monotonic_ms=50|clock_delta_ms=1.225|
clock_suspect=0
PMLE_LIVE_REPLAY_TIC|tic=946|mle_ms=158.079|monotonic_ms=150|clock_delta_ms=8.07
9|clock_suspect=0
PMLE_LIVE_REPLAY_TIC|tic=947|mle_ms=37.338|monotonic_ms=40|clock_delta_ms=2.662|
clock_suspect=0
PMLE_LIVE_REPLAY_TIC|tic=948|mle_ms=47.376|monotonic_ms=50|clock_delta_ms=2.624|
clock_suspect=0
PMLE_LIVE_REPLAY_TIC|tic=949|mle_ms=120.124|monotonic_ms=120|clock_delta_ms=.124
|clock_suspect=0
PMLE_LIVE_REPLAY_TIC|tic=950|mle_ms=57.942|monotonic_ms=60|clock_delta_ms=2.058|
clock_suspect=0
PMLE_LIVE_REPLAY_TIC|tic=951|mle_ms=40.182|monotonic_ms=40|clock_delta_ms=.182|c
lock_suspect=0
PMLE_LIVE_REPLAY_TIC|tic=952|mle_ms=145.364|monotonic_ms=140|clock_delta_ms=5.36
4|clock_suspect=0
PMLE_LIVE_REPLAY_TIC|tic=953|mle_ms=56.769|monotonic_ms=60|clock_delta_ms=3.231|
clock_suspect=0
PMLE_LIVE_REPLAY_TIC|tic=954|mle_ms=40.42|monotonic_ms=40|clock_delta_ms=.42|clo
ck_suspect=0
PMLE_LIVE_REPLAY_TIC|tic=955|mle_ms=46.596|monotonic_ms=50|clock_delta_ms=3.404|
clock_suspect=0
PMLE_LIVE_REPLAY_TIC|tic=956|mle_ms=94.866|monotonic_ms=90|clock_delta_ms=4.866|
clock_suspect=0
PMLE_LIVE_REPLAY_TIC|tic=957|mle_ms=64.805|monotonic_ms=70|clock_delta_ms=5.195|
clock_suspect=0
PMLE_LIVE_REPLAY_TIC|tic=958|mle_ms=63.812|monotonic_ms=60|clock_delta_ms=3.812|
clock_suspect=0
PMLE_LIVE_REPLAY_TIC|tic=959|mle_ms=59.964|monotonic_ms=60|clock_delta_ms=.036|c
lock_suspect=0
PMLE_LIVE_REPLAY_TIC|tic=960|mle_ms=71.024|monotonic_ms=70|clock_delta_ms=1.024|
clock_suspect=0
PMLE_LIVE_REPLAY_TIC|tic=961|mle_ms=79.39|monotonic_ms=80|clock_delta_ms=.61|clo
ck_suspect=0
PMLE_LIVE_REPLAY_TIC|tic=962|mle_ms=46.397|monotonic_ms=50|clock_delta_ms=3.603|
clock_suspect=0
PMLE_LIVE_REPLAY_TIC|tic=963|mle_ms=65.809|monotonic_ms=60|clock_delta_ms=5.809|
clock_suspect=0
PMLE_LIVE_REPLAY_TIC|tic=964|mle_ms=76.045|monotonic_ms=80|clock_delta_ms=3.955|
clock_suspect=0
PMLE_LIVE_REPLAY_TIC|tic=965|mle_ms=42.544|monotonic_ms=40|clock_delta_ms=2.544|
clock_suspect=0
PMLE_LIVE_REPLAY_TIC|tic=966|mle_ms=90.457|monotonic_ms=90|clock_delta_ms=.457|c
lock_suspect=0
PMLE_LIVE_REPLAY_TIC|tic=967|mle_ms=71.845|monotonic_ms=70|clock_delta_ms=1.845|
clock_suspect=0
PMLE_LIVE_REPLAY_TIC|tic=968|mle_ms=40.092|monotonic_ms=50|clock_delta_ms=9.908|
clock_suspect=0
PMLE_LIVE_REPLAY_TIC|tic=969|mle_ms=66.036|monotonic_ms=60|clock_delta_ms=6.036|
clock_suspect=0
PMLE_LIVE_REPLAY_TIC|tic=970|mle_ms=81.928|monotonic_ms=80|clock_delta_ms=1.928|
clock_suspect=0
PMLE_LIVE_REPLAY_TIC|tic=971|mle_ms=46.679|monotonic_ms=50|clock_delta_ms=3.321|
clock_suspect=0
PMLE_LIVE_REPLAY_TIC|tic=972|mle_ms=48.174|monotonic_ms=50|clock_delta_ms=1.826|
clock_suspect=0
PMLE_LIVE_REPLAY_TIC|tic=973|mle_ms=62.421|monotonic_ms=60|clock_delta_ms=2.421|
clock_suspect=0
PMLE_LIVE_REPLAY_TIC|tic=974|mle_ms=41.155|monotonic_ms=40|clock_delta_ms=1.155|
clock_suspect=0
PMLE_LIVE_REPLAY_TIC|tic=975|mle_ms=38.539|monotonic_ms=40|clock_delta_ms=1.461|
clock_suspect=0
PMLE_LIVE_REPLAY_TIC|tic=976|mle_ms=81.914|monotonic_ms=80|clock_delta_ms=1.914|
clock_suspect=0
PMLE_LIVE_REPLAY_TIC|tic=977|mle_ms=28.514|monotonic_ms=30|clock_delta_ms=1.486|
clock_suspect=0
PMLE_LIVE_REPLAY_TIC|tic=978|mle_ms=42.835|monotonic_ms=40|clock_delta_ms=2.835|
clock_suspect=0
PMLE_LIVE_REPLAY_TIC|tic=979|mle_ms=46.028|monotonic_ms=50|clock_delta_ms=3.972|
clock_suspect=0
PMLE_LIVE_REPLAY_TIC|tic=980|mle_ms=31.606|monotonic_ms=30|clock_delta_ms=1.606|
clock_suspect=0
PMLE_LIVE_REPLAY_TIC|tic=981|mle_ms=48.568|monotonic_ms=50|clock_delta_ms=1.432|
clock_suspect=0
PMLE_LIVE_REPLAY_TIC|tic=982|mle_ms=57.006|monotonic_ms=60|clock_delta_ms=2.994|
clock_suspect=0
PMLE_LIVE_REPLAY_TIC|tic=983|mle_ms=40.388|monotonic_ms=40|clock_delta_ms=.388|c
lock_suspect=0
PMLE_LIVE_REPLAY_TIC|tic=984|mle_ms=43.459|monotonic_ms=40|clock_delta_ms=3.459|
clock_suspect=0
PMLE_LIVE_REPLAY_TIC|tic=985|mle_ms=41.267|monotonic_ms=40|clock_delta_ms=1.267|
clock_suspect=0
PMLE_LIVE_REPLAY_TIC|tic=986|mle_ms=61.651|monotonic_ms=60|clock_delta_ms=1.651|
clock_suspect=0
PMLE_LIVE_REPLAY_TIC|tic=987|mle_ms=64.538|monotonic_ms=70|clock_delta_ms=5.462|
clock_suspect=0
PMLE_LIVE_REPLAY_TIC|tic=988|mle_ms=46.346|monotonic_ms=50|clock_delta_ms=3.654|
clock_suspect=0
PMLE_LIVE_REPLAY_TIC|tic=989|mle_ms=31.623|monotonic_ms=30|clock_delta_ms=1.623|
clock_suspect=0
PMLE_LIVE_REPLAY_TIC|tic=990|mle_ms=66.93|monotonic_ms=60|clock_delta_ms=6.93|cl
ock_suspect=0
PMLE_LIVE_REPLAY_TIC|tic=991|mle_ms=51.602|monotonic_ms=60|clock_delta_ms=8.398|
clock_suspect=0
PMLE_LIVE_REPLAY_TIC|tic=992|mle_ms=35.872|monotonic_ms=30|clock_delta_ms=5.872|
clock_suspect=0
PMLE_LIVE_REPLAY_TIC|tic=993|mle_ms=76.673|monotonic_ms=80|clock_delta_ms=3.327|
clock_suspect=0
PMLE_LIVE_REPLAY_TIC|tic=994|mle_ms=44.217|monotonic_ms=40|clock_delta_ms=4.217|
clock_suspect=0
PMLE_LIVE_REPLAY_TIC|tic=995|mle_ms=33.638|monotonic_ms=40|clock_delta_ms=6.362|
clock_suspect=0
PMLE_LIVE_REPLAY_TIC|tic=996|mle_ms=87.653|monotonic_ms=80|clock_delta_ms=7.653|
clock_suspect=0
PMLE_LIVE_REPLAY_TIC|tic=997|mle_ms=48.002|monotonic_ms=50|clock_delta_ms=1.998|
clock_suspect=0
PMLE_LIVE_REPLAY_TIC|tic=998|mle_ms=27.009|monotonic_ms=30|clock_delta_ms=2.991|
clock_suspect=0
PMLE_LIVE_REPLAY_TIC|tic=999|mle_ms=44.541|monotonic_ms=40|clock_delta_ms=4.541|
clock_suspect=0
PMLE_LIVE_REPLAY_TIC|tic=1000|mle_ms=45.564|monotonic_ms=50|clock_delta_ms=4.436
|clock_suspect=0
PMLE_LIVE_REPLAY_TIC|tic=1001|mle_ms=29.829|monotonic_ms=30|clock_delta_ms=.171|
clock_suspect=0
PMLE_LIVE_REPLAY_TIC|tic=1002|mle_ms=41.604|monotonic_ms=40|clock_delta_ms=1.604
|clock_suspect=0
PMLE_LIVE_REPLAY_TIC|tic=1003|mle_ms=56.715|monotonic_ms=60|clock_delta_ms=3.285
|clock_suspect=0
PMLE_LIVE_REPLAY_TIC|tic=1004|mle_ms=229.259|monotonic_ms=230|clock_delta_ms=.74
1|clock_suspect=0
PMLE_LIVE_REPLAY_TIC|tic=1005|mle_ms=43.599|monotonic_ms=40|clock_delta_ms=3.599
|clock_suspect=0
PMLE_LIVE_REPLAY_TIC|tic=1006|mle_ms=95.548|monotonic_ms=90|clock_delta_ms=5.548
|clock_suspect=0
PMLE_LIVE_REPLAY_TIC|tic=1007|mle_ms=305.41|monotonic_ms=310|clock_delta_ms=4.59
|clock_suspect=0
PMLE_LIVE_REPLAY_TIC|tic=1008|mle_ms=52.856|monotonic_ms=50|clock_delta_ms=2.856
|clock_suspect=0
PMLE_LIVE_REPLAY_TIC|tic=1009|mle_ms=42.584|monotonic_ms=50|clock_delta_ms=7.416
|clock_suspect=0
PMLE_LIVE_REPLAY_TIC|tic=1010|mle_ms=55.381|monotonic_ms=50|clock_delta_ms=5.381
|clock_suspect=0
PMLE_LIVE_REPLAY_TIC|tic=1011|mle_ms=52.952|monotonic_ms=50|clock_delta_ms=2.952
|clock_suspect=0
PMLE_LIVE_REPLAY_TIC|tic=1012|mle_ms=34.667|monotonic_ms=40|clock_delta_ms=5.333
|clock_suspect=0
PMLE_LIVE_REPLAY_TIC|tic=1013|mle_ms=56.395|monotonic_ms=60|clock_delta_ms=3.605
|clock_suspect=0
PMLE_LIVE_REPLAY_TIC|tic=1014|mle_ms=67.952|monotonic_ms=60|clock_delta_ms=7.952
|clock_suspect=0
PMLE_LIVE_REPLAY_TIC|tic=1015|mle_ms=49.85|monotonic_ms=50|clock_delta_ms=.15|cl
ock_suspect=0
PMLE_LIVE_REPLAY_TIC|tic=1016|mle_ms=62.863|monotonic_ms=70|clock_delta_ms=7.137
|clock_suspect=0
PMLE_LIVE_REPLAY_TIC|tic=1017|mle_ms=56.945|monotonic_ms=50|clock_delta_ms=6.945
|clock_suspect=0
PMLE_LIVE_REPLAY_TIC|tic=1018|mle_ms=52.286|monotonic_ms=60|clock_delta_ms=7.714
|clock_suspect=0
PMLE_LIVE_REPLAY_TIC|tic=1019|mle_ms=39.533|monotonic_ms=40|clock_delta_ms=.467|
clock_suspect=0
PMLE_LIVE_REPLAY_TIC|tic=1020|mle_ms=44.122|monotonic_ms=40|clock_delta_ms=4.122
|clock_suspect=0
PMLE_LIVE_REPLAY_TIC|tic=1021|mle_ms=50.666|monotonic_ms=50|clock_delta_ms=.666|
clock_suspect=0
PMLE_LIVE_REPLAY_TIC|tic=1022|mle_ms=52.354|monotonic_ms=50|clock_delta_ms=2.354
|clock_suspect=0
PMLE_LIVE_REPLAY_TIC|tic=1023|mle_ms=67.429|monotonic_ms=70|clock_delta_ms=2.571
|clock_suspect=0
PMLE_LIVE_REPLAY_TIC|tic=1024|mle_ms=43.902|monotonic_ms=40|clock_delta_ms=3.902
|clock_suspect=0
PMLE_LIVE_REPLAY_TIC|tic=1025|mle_ms=35.644|monotonic_ms=40|clock_delta_ms=4.356
|clock_suspect=0
PMLE_LIVE_REPLAY_TIC|tic=1026|mle_ms=84.211|monotonic_ms=80|clock_delta_ms=4.211
|clock_suspect=0
PMLE_LIVE_REPLAY_TIC|tic=1027|mle_ms=67.629|monotonic_ms=70|clock_delta_ms=2.371
|clock_suspect=0
PMLE_LIVE_REPLAY_TIC|tic=1028|mle_ms=37.771|monotonic_ms=40|clock_delta_ms=2.229
|clock_suspect=0
PMLE_LIVE_REPLAY_TIC|tic=1029|mle_ms=42.364|monotonic_ms=40|clock_delta_ms=2.364
|clock_suspect=0
PMLE_LIVE_REPLAY_TIC|tic=1030|mle_ms=44.601|monotonic_ms=50|clock_delta_ms=5.399
|clock_suspect=0
PMLE_LIVE_REPLAY_TIC|tic=1031|mle_ms=43.821|monotonic_ms=40|clock_delta_ms=3.821
|clock_suspect=0
PMLE_LIVE_REPLAY_TIC|tic=1032|mle_ms=50.41|monotonic_ms=50|clock_delta_ms=.41|cl
ock_suspect=0
PMLE_LIVE_REPLAY_TIC|tic=1033|mle_ms=68.652|monotonic_ms=70|clock_delta_ms=1.348
|clock_suspect=0
PMLE_LIVE_REPLAY_TIC|tic=1034|mle_ms=58.434|monotonic_ms=60|clock_delta_ms=1.566
|clock_suspect=0
PMLE_LIVE_REPLAY_TIC|tic=1035|mle_ms=47.561|monotonic_ms=50|clock_delta_ms=2.439
|clock_suspect=0
PMLE_LIVE_REPLAY_TIC|tic=1036|mle_ms=44.133|monotonic_ms=40|clock_delta_ms=4.133
|clock_suspect=0
PMLE_LIVE_REPLAY_TIC|tic=1037|mle_ms=49.063|monotonic_ms=50|clock_delta_ms=.937|
clock_suspect=0
PMLE_LIVE_REPLAY_TIC|tic=1038|mle_ms=62.335|monotonic_ms=60|clock_delta_ms=2.335
|clock_suspect=0
PMLE_LIVE_REPLAY_TIC|tic=1039|mle_ms=55.063|monotonic_ms=60|clock_delta_ms=4.937
|clock_suspect=0
PMLE_LIVE_REPLAY_TIC|tic=1040|mle_ms=41.037|monotonic_ms=40|clock_delta_ms=1.037
|clock_suspect=0
PMLE_LIVE_REPLAY_TIC|tic=1041|mle_ms=60.759|monotonic_ms=60|clock_delta_ms=.759|
clock_suspect=0
PMLE_LIVE_REPLAY_TIC|tic=1042|mle_ms=64.124|monotonic_ms=60|clock_delta_ms=4.124
|clock_suspect=0
PMLE_LIVE_REPLAY_TIC|tic=1043|mle_ms=41.881|monotonic_ms=50|clock_delta_ms=8.119
|clock_suspect=0
PMLE_LIVE_REPLAY_TIC|tic=1044|mle_ms=55.787|monotonic_ms=50|clock_delta_ms=5.787
|clock_suspect=0
PMLE_LIVE_REPLAY_TIC|tic=1045|mle_ms=30.371|monotonic_ms=30|clock_delta_ms=.371|
clock_suspect=0
PMLE_LIVE_REPLAY_TIC|tic=1046|mle_ms=40.358|monotonic_ms=40|clock_delta_ms=.358|
clock_suspect=0
PMLE_LIVE_REPLAY_TIC|tic=1047|mle_ms=52.522|monotonic_ms=50|clock_delta_ms=2.522
|clock_suspect=0
PMLE_LIVE_REPLAY_TIC|tic=1048|mle_ms=98.842|monotonic_ms=100|clock_delta_ms=1.15
8|clock_suspect=0
PMLE_LIVE_REPLAY_TIC|tic=1049|mle_ms=39.335|monotonic_ms=40|clock_delta_ms=.665|
clock_suspect=0
PMLE_LIVE_REPLAY_TIC|tic=1050|mle_ms=49.349|monotonic_ms=50|clock_delta_ms=.651|
clock_suspect=0
PMLE_LIVE_REPLAY_TIC|tic=1051|mle_ms=51.498|monotonic_ms=50|clock_delta_ms=1.498
|clock_suspect=0
PMLE_LIVE_REPLAY_TIC|tic=1052|mle_ms=34.005|monotonic_ms=40|clock_delta_ms=5.995
|clock_suspect=0
PMLE_LIVE_REPLAY_TIC|tic=1053|mle_ms=246.046|monotonic_ms=240|clock_delta_ms=6.0
46|clock_suspect=0
PMLE_LIVE_REPLAY_TIC|tic=1054|mle_ms=45.635|monotonic_ms=50|clock_delta_ms=4.365
|clock_suspect=0
PMLE_LIVE_REPLAY_TIC|tic=1055|mle_ms=37.999|monotonic_ms=40|clock_delta_ms=2.001
|clock_suspect=0
PMLE_LIVE_REPLAY_TIC|tic=1056|mle_ms=210.159|monotonic_ms=210|clock_delta_ms=.15
9|clock_suspect=0
PMLE_LIVE_REPLAY_TIC|tic=1057|mle_ms=53.453|monotonic_ms=50|clock_delta_ms=3.453
|clock_suspect=0
PMLE_LIVE_REPLAY_TIC|tic=1058|mle_ms=57.742|monotonic_ms=60|clock_delta_ms=2.258
|clock_suspect=0
PMLE_LIVE_REPLAY_TIC|tic=1059|mle_ms=41.477|monotonic_ms=40|clock_delta_ms=1.477
|clock_suspect=0
PMLE_LIVE_REPLAY_TIC|tic=1060|mle_ms=43.791|monotonic_ms=50|clock_delta_ms=6.209
|clock_suspect=0
PMLE_LIVE_REPLAY_TIC|tic=1061|mle_ms=46.24|monotonic_ms=40|clock_delta_ms=6.24|c
lock_suspect=0
PMLE_LIVE_REPLAY_TIC|tic=1062|mle_ms=32.99|monotonic_ms=30|clock_delta_ms=2.99|c
lock_suspect=0
PMLE_LIVE_REPLAY_TIC|tic=1063|mle_ms=52.308|monotonic_ms=60|clock_delta_ms=7.692
|clock_suspect=0
PMLE_LIVE_REPLAY_TIC|tic=1064|mle_ms=37.425|monotonic_ms=30|clock_delta_ms=7.425
|clock_suspect=0
PMLE_LIVE_REPLAY_TIC|tic=1065|mle_ms=33.457|monotonic_ms=40|clock_delta_ms=6.543
|clock_suspect=0
PMLE_LIVE_REPLAY_TIC|tic=1066|mle_ms=36.535|monotonic_ms=30|clock_delta_ms=6.535
|clock_suspect=0
PMLE_LIVE_REPLAY_TIC|tic=1067|mle_ms=33.619|monotonic_ms=40|clock_delta_ms=6.381
|clock_suspect=0
PMLE_LIVE_REPLAY_TIC|tic=1068|mle_ms=35.861|monotonic_ms=30|clock_delta_ms=5.861
|clock_suspect=0
PMLE_LIVE_REPLAY_TIC|tic=1069|mle_ms=30.034|monotonic_ms=30|clock_delta_ms=.034|
clock_suspect=0
PMLE_LIVE_REPLAY_TIC|tic=1070|mle_ms=29.467|monotonic_ms=30|clock_delta_ms=.533|
clock_suspect=0
PMLE_LIVE_REPLAY_TIC|tic=1071|mle_ms=40.356|monotonic_ms=40|clock_delta_ms=.356|
clock_suspect=0
PMLE_LIVE_REPLAY_TIC|tic=1072|mle_ms=35.05|monotonic_ms=40|clock_delta_ms=4.95|c
lock_suspect=0
PMLE_LIVE_REPLAY_TIC|tic=1073|mle_ms=31.822|monotonic_ms=30|clock_delta_ms=1.822
|clock_suspect=0
PMLE_LIVE_REPLAY_TIC|tic=1074|mle_ms=38.335|monotonic_ms=40|clock_delta_ms=1.665
|clock_suspect=0
PMLE_LIVE_REPLAY_TIC|tic=1075|mle_ms=27.953|monotonic_ms=30|clock_delta_ms=2.047
|clock_suspect=0
PMLE_LIVE_REPLAY_TIC|tic=1076|mle_ms=41.582|monotonic_ms=40|clock_delta_ms=1.582
|clock_suspect=0
PMLE_LIVE_REPLAY_TIC|tic=1077|mle_ms=36.309|monotonic_ms=40|clock_delta_ms=3.691
|clock_suspect=0
PMLE_LIVE_REPLAY_TIC|tic=1078|mle_ms=37.486|monotonic_ms=30|clock_delta_ms=7.486
|clock_suspect=0
PMLE_LIVE_REPLAY_TIC|tic=1079|mle_ms=34.211|monotonic_ms=40|clock_delta_ms=5.789
|clock_suspect=0
PMLE_LIVE_REPLAY_TIC|tic=1080|mle_ms=35.896|monotonic_ms=30|clock_delta_ms=5.896
|clock_suspect=0
PMLE_LIVE_REPLAY_TIC|tic=1081|mle_ms=54|monotonic_ms=60|clock_delta_ms=6|clock_s
uspect=0
PMLE_LIVE_REPLAY_TIC|tic=1082|mle_ms=30.39|monotonic_ms=30|clock_delta_ms=.39|cl
ock_suspect=0
PMLE_LIVE_REPLAY_TIC|tic=1083|mle_ms=29.685|monotonic_ms=30|clock_delta_ms=.315|
clock_suspect=0
PMLE_LIVE_REPLAY_TIC|tic=1084|mle_ms=60.568|monotonic_ms=60|clock_delta_ms=.568|
clock_suspect=0
PMLE_LIVE_REPLAY_TIC|tic=1085|mle_ms=26.921|monotonic_ms=30|clock_delta_ms=3.079
|clock_suspect=0
PMLE_LIVE_REPLAY_TIC|tic=1086|mle_ms=29.871|monotonic_ms=30|clock_delta_ms=.129|
clock_suspect=0
PMLE_LIVE_REPLAY_TIC|tic=1087|mle_ms=38.276|monotonic_ms=30|clock_delta_ms=8.276
|clock_suspect=0
PMLE_LIVE_REPLAY_TIC|tic=1088|mle_ms=44.546|monotonic_ms=50|clock_delta_ms=5.454
|clock_suspect=0
PMLE_LIVE_REPLAY_TIC|tic=1089|mle_ms=43.042|monotonic_ms=40|clock_delta_ms=3.042
|clock_suspect=0
PMLE_LIVE_REPLAY_TIC|tic=1090|mle_ms=58.195|monotonic_ms=60|clock_delta_ms=1.805
|clock_suspect=0
PMLE_LIVE_REPLAY_TIC|tic=1091|mle_ms=62.431|monotonic_ms=60|clock_delta_ms=2.431
|clock_suspect=0
PMLE_LIVE_REPLAY_TIC|tic=1092|mle_ms=34.956|monotonic_ms=40|clock_delta_ms=5.044
|clock_suspect=0
PMLE_LIVE_REPLAY_TIC|tic=1093|mle_ms=37.61|monotonic_ms=40|clock_delta_ms=2.39|c
lock_suspect=0
PMLE_LIVE_REPLAY_TIC|tic=1094|mle_ms=33.874|monotonic_ms=30|clock_delta_ms=3.874
|clock_suspect=0
PMLE_LIVE_REPLAY_TIC|tic=1095|mle_ms=30.505|monotonic_ms=30|clock_delta_ms=.505|
clock_suspect=0
PMLE_LIVE_REPLAY_TIC|tic=1096|mle_ms=41.011|monotonic_ms=40|clock_delta_ms=1.011
|clock_suspect=0
PMLE_LIVE_REPLAY_TIC|tic=1097|mle_ms=32.831|monotonic_ms=30|clock_delta_ms=2.831
|clock_suspect=0
PMLE_LIVE_REPLAY_TIC|tic=1098|mle_ms=30.908|monotonic_ms=30|clock_delta_ms=.908|
clock_suspect=0
PMLE_LIVE_REPLAY_TIC|tic=1099|mle_ms=37.039|monotonic_ms=40|clock_delta_ms=2.961
|clock_suspect=0
PMLE_LIVE_REPLAY_TIC|tic=1100|mle_ms=23.8|monotonic_ms=30|clock_delta_ms=6.2|clo
ck_suspect=0
PMLE_LIVE_REPLAY_TIC|tic=1101|mle_ms=52.931|monotonic_ms=50|clock_delta_ms=2.931
|clock_suspect=0
PMLE_LIVE_REPLAY_TIC|tic=1102|mle_ms=54.746|monotonic_ms=60|clock_delta_ms=5.254
|clock_suspect=0
PMLE_LIVE_REPLAY_TIC|tic=1103|mle_ms=39.131|monotonic_ms=30|clock_delta_ms=9.131
|clock_suspect=0
PMLE_LIVE_REPLAY_TIC|tic=1104|mle_ms=57.924|monotonic_ms=60|clock_delta_ms=2.076
|clock_suspect=0
PMLE_LIVE_REPLAY_TIC|tic=1105|mle_ms=57.888|monotonic_ms=60|clock_delta_ms=2.112
|clock_suspect=0
PMLE_LIVE_REPLAY_TIC|tic=1106|mle_ms=50.673|monotonic_ms=50|clock_delta_ms=.673|
clock_suspect=0
PMLE_LIVE_REPLAY_TIC|tic=1107|mle_ms=53.518|monotonic_ms=50|clock_delta_ms=3.518
|clock_suspect=0
PMLE_LIVE_REPLAY_TIC|tic=1108|mle_ms=63.877|monotonic_ms=70|clock_delta_ms=6.123
|clock_suspect=0
PMLE_LIVE_REPLAY_TIC|tic=1109|mle_ms=45.714|monotonic_ms=40|clock_delta_ms=5.714
|clock_suspect=0
PMLE_LIVE_REPLAY_TIC|tic=1110|mle_ms=39.223|monotonic_ms=40|clock_delta_ms=.777|
clock_suspect=0
PMLE_LIVE_REPLAY_TIC|tic=1111|mle_ms=106.69|monotonic_ms=110|clock_delta_ms=3.31
|clock_suspect=0
PMLE_LIVE_REPLAY_TIC|tic=1112|mle_ms=48.732|monotonic_ms=50|clock_delta_ms=1.268
|clock_suspect=0
PMLE_LIVE_REPLAY_TIC|tic=1113|mle_ms=33.926|monotonic_ms=30|clock_delta_ms=3.926
|clock_suspect=0
PMLE_LIVE_REPLAY_TIC|tic=1114|mle_ms=83.183|monotonic_ms=90|clock_delta_ms=6.817
|clock_suspect=0
PMLE_LIVE_REPLAY_TIC|tic=1115|mle_ms=29.15|monotonic_ms=30|clock_delta_ms=.85|cl
ock_suspect=0
PMLE_LIVE_REPLAY_TIC|tic=1116|mle_ms=36.537|monotonic_ms=30|clock_delta_ms=6.537
|clock_suspect=0
PMLE_LIVE_REPLAY_TIC|tic=1117|mle_ms=47.8|monotonic_ms=50|clock_delta_ms=2.2|clo
ck_suspect=0
PMLE_LIVE_REPLAY_TIC|tic=1118|mle_ms=30.385|monotonic_ms=30|clock_delta_ms=.385|
clock_suspect=0
PMLE_LIVE_REPLAY_TIC|tic=1119|mle_ms=30.829|monotonic_ms=30|clock_delta_ms=.829|
clock_suspect=0
PMLE_LIVE_REPLAY_TIC|tic=1120|mle_ms=41.081|monotonic_ms=40|clock_delta_ms=1.081
|clock_suspect=0
PMLE_LIVE_REPLAY_TIC|tic=1121|mle_ms=42.067|monotonic_ms=50|clock_delta_ms=7.933
|clock_suspect=0
PMLE_LIVE_REPLAY_TIC|tic=1122|mle_ms=35.58|monotonic_ms=30|clock_delta_ms=5.58|c
lock_suspect=0
PMLE_LIVE_REPLAY_TIC|tic=1123|mle_ms=37.922|monotonic_ms=40|clock_delta_ms=2.078
|clock_suspect=0
PMLE_LIVE_REPLAY_TIC|tic=1124|mle_ms=38.817|monotonic_ms=40|clock_delta_ms=1.183
|clock_suspect=0
PMLE_LIVE_REPLAY_TIC|tic=1125|mle_ms=28.95|monotonic_ms=30|clock_delta_ms=1.05|c
lock_suspect=0
PMLE_LIVE_REPLAY_TIC|tic=1126|mle_ms=37.218|monotonic_ms=30|clock_delta_ms=7.218
|clock_suspect=0
PMLE_LIVE_REPLAY_TIC|tic=1127|mle_ms=32.012|monotonic_ms=40|clock_delta_ms=7.988
|clock_suspect=0
PMLE_LIVE_REPLAY_TIC|tic=1128|mle_ms=32.052|monotonic_ms=30|clock_delta_ms=2.052
|clock_suspect=0
PMLE_LIVE_REPLAY_TIC|tic=1129|mle_ms=41.467|monotonic_ms=40|clock_delta_ms=1.467
|clock_suspect=0
PMLE_LIVE_REPLAY_TIC|tic=1130|mle_ms=28.389|monotonic_ms=30|clock_delta_ms=1.611
|clock_suspect=0
PMLE_LIVE_REPLAY_TIC|tic=1131|mle_ms=35.917|monotonic_ms=30|clock_delta_ms=5.917
|clock_suspect=0
PMLE_LIVE_REPLAY_TIC|tic=1132|mle_ms=46.931|monotonic_ms=50|clock_delta_ms=3.069
|clock_suspect=0
PMLE_LIVE_REPLAY_TIC|tic=1133|mle_ms=27.95|monotonic_ms=30|clock_delta_ms=2.05|c
lock_suspect=0
PMLE_LIVE_REPLAY_TIC|tic=1134|mle_ms=47.348|monotonic_ms=50|clock_delta_ms=2.652
|clock_suspect=0
PMLE_LIVE_REPLAY_TIC|tic=1135|mle_ms=21.692|monotonic_ms=20|clock_delta_ms=1.692
|clock_suspect=0
PMLE_LIVE_REPLAY_TIC|tic=1136|mle_ms=20.916|monotonic_ms=20|clock_delta_ms=.916|
clock_suspect=0
PMLE_LIVE_REPLAY_TIC|tic=1137|mle_ms=35.274|monotonic_ms=30|clock_delta_ms=5.274
|clock_suspect=0
PMLE_LIVE_REPLAY_TIC|tic=1138|mle_ms=23.133|monotonic_ms=30|clock_delta_ms=6.867
|clock_suspect=0
PMLE_LIVE_REPLAY_TIC|tic=1139|mle_ms=15.821|monotonic_ms=10|clock_delta_ms=5.821
|clock_suspect=0
PMLE_LIVE_REPLAY_TIC|tic=1140|mle_ms=31.101|monotonic_ms=40|clock_delta_ms=8.899
|clock_suspect=0
PMLE_LIVE_REPLAY_TIC|tic=1141|mle_ms=37.206|monotonic_ms=30|clock_delta_ms=7.206
|clock_suspect=0
PMLE_LIVE_REPLAY_TIC|tic=1142|mle_ms=14.62|monotonic_ms=20|clock_delta_ms=5.38|c
lock_suspect=0
PMLE_LIVE_REPLAY_TIC|tic=1143|mle_ms=26.203|monotonic_ms=20|clock_delta_ms=6.203
|clock_suspect=0
PMLE_LIVE_REPLAY_TIC|tic=1144|mle_ms=28.738|monotonic_ms=30|clock_delta_ms=1.262
|clock_suspect=0
PMLE_LIVE_REPLAY_TIC|tic=1145|mle_ms=9.256|monotonic_ms=10|clock_delta_ms=.744|c
lock_suspect=0
PMLE_LIVE_REPLAY_TIC|tic=1146|mle_ms=225.754|monotonic_ms=230|clock_delta_ms=4.2
46|clock_suspect=0
PMLE_LIVE_REPLAY_TIC|tic=1147|mle_ms=22.407|monotonic_ms=20|clock_delta_ms=2.407
|clock_suspect=0
PMLE_LIVE_REPLAY_TIC|tic=1148|mle_ms=15.934|monotonic_ms=20|clock_delta_ms=4.066
|clock_suspect=0
PMLE_LIVE_REPLAY_TIC|tic=1149|mle_ms=214.843|monotonic_ms=210|clock_delta_ms=4.8
43|clock_suspect=0
PMLE_LIVE_REPLAY_TIC|tic=1150|mle_ms=22.831|monotonic_ms=20|clock_delta_ms=2.831
|clock_suspect=0
PMLE_LIVE_REPLAY_TIC|tic=1151|mle_ms=22.387|monotonic_ms=30|clock_delta_ms=7.613
|clock_suspect=0
PMLE_LIVE_REPLAY_TIC|tic=1152|mle_ms=17.117|monotonic_ms=10|clock_delta_ms=7.117
|clock_suspect=0
PMLE_LIVE_REPLAY_TIC|tic=1153|mle_ms=36.41|monotonic_ms=40|clock_delta_ms=3.59|c
lock_suspect=0
PMLE_LIVE_REPLAY_TIC|tic=1154|mle_ms=31.865|monotonic_ms=30|clock_delta_ms=1.865
|clock_suspect=0
PMLE_LIVE_REPLAY_TIC|tic=1155|mle_ms=19.34|monotonic_ms=20|clock_delta_ms=.66|cl
ock_suspect=0
PMLE_LIVE_REPLAY_TIC|tic=1156|mle_ms=39.195|monotonic_ms=40|clock_delta_ms=.805|
clock_suspect=0
PMLE_LIVE_REPLAY_TIC|tic=1157|mle_ms=37.096|monotonic_ms=40|clock_delta_ms=2.904
|clock_suspect=0
PMLE_LIVE_REPLAY_TIC|tic=1158|mle_ms=33.465|monotonic_ms=30|clock_delta_ms=3.465
|clock_suspect=0
PMLE_LIVE_REPLAY_TIC|tic=1159|mle_ms=24.296|monotonic_ms=30|clock_delta_ms=5.704
|clock_suspect=0
PMLE_LIVE_REPLAY_TIC|tic=1160|mle_ms=26.752|monotonic_ms=20|clock_delta_ms=6.752
|clock_suspect=0
PMLE_LIVE_REPLAY_TIC|tic=1161|mle_ms=44.439|monotonic_ms=50|clock_delta_ms=5.561
|clock_suspect=0
PMLE_LIVE_REPLAY_TIC|tic=1162|mle_ms=25.283|monotonic_ms=20|clock_delta_ms=5.283
|clock_suspect=0
PMLE_LIVE_REPLAY_TIC|tic=1163|mle_ms=30.951|monotonic_ms=30|clock_delta_ms=.951|
clock_suspect=0
PMLE_LIVE_REPLAY_TIC|tic=1164|mle_ms=41.673|monotonic_ms=50|clock_delta_ms=8.327
|clock_suspect=0
PMLE_LIVE_REPLAY_TIC|tic=1165|mle_ms=27.397|monotonic_ms=20|clock_delta_ms=7.397
|clock_suspect=0
PMLE_LIVE_REPLAY_TIC|tic=1166|mle_ms=34.573|monotonic_ms=40|clock_delta_ms=5.427
|clock_suspect=0
PMLE_LIVE_REPLAY_TIC|tic=1167|mle_ms=36.405|monotonic_ms=30|clock_delta_ms=6.405
|clock_suspect=0
PMLE_LIVE_REPLAY_TIC|tic=1168|mle_ms=30.136|monotonic_ms=30|clock_delta_ms=.136|
clock_suspect=0
PMLE_LIVE_REPLAY_TIC|tic=1169|mle_ms=29.546|monotonic_ms=30|clock_delta_ms=.454|
clock_suspect=0
PMLE_LIVE_REPLAY_TIC|tic=1170|mle_ms=42.9|monotonic_ms=50|clock_delta_ms=7.1|clo
ck_suspect=0
PMLE_LIVE_REPLAY_TIC|tic=1171|mle_ms=47.5|monotonic_ms=40|clock_delta_ms=7.5|clo
ck_suspect=0
PMLE_LIVE_REPLAY_TIC|tic=1172|mle_ms=26.755|monotonic_ms=30|clock_delta_ms=3.245
|clock_suspect=0
PMLE_LIVE_REPLAY_TIC|tic=1173|mle_ms=30.665|monotonic_ms=30|clock_delta_ms=.665|
clock_suspect=0
PMLE_LIVE_REPLAY_TIC|tic=1174|mle_ms=34.213|monotonic_ms=40|clock_delta_ms=5.787
|clock_suspect=0
PMLE_LIVE_REPLAY_TIC|tic=1175|mle_ms=37.158|monotonic_ms=30|clock_delta_ms=7.158
|clock_suspect=0
PMLE_LIVE_REPLAY_TIC|tic=1176|mle_ms=37.447|monotonic_ms=40|clock_delta_ms=2.553
|clock_suspect=0
PMLE_LIVE_REPLAY_TIC|tic=1177|mle_ms=39.63|monotonic_ms=40|clock_delta_ms=.37|cl
ock_suspect=0
PMLE_LIVE_REPLAY_TIC|tic=1178|mle_ms=37.748|monotonic_ms=40|clock_delta_ms=2.252
|clock_suspect=0
PMLE_LIVE_REPLAY_TIC|tic=1179|mle_ms=39.505|monotonic_ms=40|clock_delta_ms=.495|
clock_suspect=0
PMLE_LIVE_REPLAY_TIC|tic=1180|mle_ms=28.233|monotonic_ms=30|clock_delta_ms=1.767
|clock_suspect=0
PMLE_LIVE_REPLAY_TIC|tic=1181|mle_ms=39.792|monotonic_ms=40|clock_delta_ms=.208|
clock_suspect=0
PMLE_LIVE_REPLAY_TIC|tic=1182|mle_ms=47.884|monotonic_ms=40|clock_delta_ms=7.884
|clock_suspect=0
PMLE_LIVE_REPLAY_TIC|tic=1183|mle_ms=52.643|monotonic_ms=60|clock_delta_ms=7.357
|clock_suspect=0
PMLE_LIVE_REPLAY_TIC|tic=1184|mle_ms=68.088|monotonic_ms=60|clock_delta_ms=8.088
|clock_suspect=0
PMLE_LIVE_REPLAY_TIC|tic=1185|mle_ms=43.6|monotonic_ms=50|clock_delta_ms=6.4|clo
ck_suspect=0
PMLE_LIVE_REPLAY_TIC|tic=1186|mle_ms=45.662|monotonic_ms=40|clock_delta_ms=5.662
|clock_suspect=0
PMLE_LIVE_REPLAY_TIC|tic=1187|mle_ms=46.883|monotonic_ms=50|clock_delta_ms=3.117
|clock_suspect=0
PMLE_LIVE_REPLAY_TIC|tic=1188|mle_ms=48.33|monotonic_ms=50|clock_delta_ms=1.67|c
lock_suspect=0
PMLE_LIVE_REPLAY_TIC|tic=1189|mle_ms=43.706|monotonic_ms=40|clock_delta_ms=3.706
|clock_suspect=0
PMLE_LIVE_REPLAY_TIC|tic=1190|mle_ms=34.715|monotonic_ms=40|clock_delta_ms=5.285
|clock_suspect=0
PMLE_LIVE_REPLAY_TIC|tic=1191|mle_ms=45.553|monotonic_ms=40|clock_delta_ms=5.553
|clock_suspect=0
PMLE_LIVE_REPLAY_TIC|tic=1192|mle_ms=33.632|monotonic_ms=40|clock_delta_ms=6.368
|clock_suspect=0
PMLE_LIVE_REPLAY_TIC|tic=1193|mle_ms=234.456|monotonic_ms=230|clock_delta_ms=4.4
56|clock_suspect=0
PMLE_LIVE_REPLAY_TIC|tic=1194|mle_ms=52.091|monotonic_ms=50|clock_delta_ms=2.091
|clock_suspect=0
PMLE_LIVE_REPLAY_TIC|tic=1195|mle_ms=48.212|monotonic_ms=50|clock_delta_ms=1.788
|clock_suspect=0
PMLE_LIVE_REPLAY_TIC|tic=1196|mle_ms=206.094|monotonic_ms=210|clock_delta_ms=3.9
06|clock_suspect=0
PMLE_LIVE_REPLAY_TIC|tic=1197|mle_ms=41.133|monotonic_ms=40|clock_delta_ms=1.133
|clock_suspect=0
PMLE_LIVE_REPLAY_TIC|tic=1198|mle_ms=71.795|monotonic_ms=70|clock_delta_ms=1.795
|clock_suspect=0
PMLE_LIVE_REPLAY_TIC|tic=1199|mle_ms=32.675|monotonic_ms=30|clock_delta_ms=2.675
|clock_suspect=0
PMLE_LIVE_REPLAY_TIC|tic=1200|mle_ms=49.952|monotonic_ms=50|clock_delta_ms=.048|
clock_suspect=0
PMLE_LIVE_REPLAY_TIC|tic=1201|mle_ms=56.774|monotonic_ms=60|clock_delta_ms=3.226
|clock_suspect=0
PMLE_LIVE_REPLAY_TIC|tic=1202|mle_ms=57.34|monotonic_ms=50|clock_delta_ms=7.34|c
lock_suspect=0
PMLE_LIVE_REPLAY_TIC|tic=1203|mle_ms=52.099|monotonic_ms=60|clock_delta_ms=7.901
|clock_suspect=0
PMLE_LIVE_REPLAY_TIC|tic=1204|mle_ms=80.794|monotonic_ms=80|clock_delta_ms=.794|
clock_suspect=0
PMLE_LIVE_REPLAY_TIC|tic=1205|mle_ms=32.496|monotonic_ms=30|clock_delta_ms=2.496
|clock_suspect=0
PMLE_LIVE_REPLAY_TIC|tic=1206|mle_ms=82.7|monotonic_ms=80|clock_delta_ms=2.7|clo
ck_suspect=0
PMLE_LIVE_REPLAY_TIC|tic=1207|mle_ms=72.52|monotonic_ms=70|clock_delta_ms=2.52|c
lock_suspect=0
PMLE_LIVE_REPLAY_TIC|tic=1208|mle_ms=29.895|monotonic_ms=30|clock_delta_ms=.105|
clock_suspect=0
PMLE_LIVE_REPLAY_TIC|tic=1209|mle_ms=42.2|monotonic_ms=50|clock_delta_ms=7.8|clo
ck_suspect=0
PMLE_LIVE_REPLAY_TIC|tic=1210|mle_ms=55.826|monotonic_ms=50|clock_delta_ms=5.826
|clock_suspect=0
PMLE_LIVE_REPLAY_TIC|tic=1211|mle_ms=46.218|monotonic_ms=50|clock_delta_ms=3.782
|clock_suspect=0
PMLE_LIVE_REPLAY_TIC|tic=1212|mle_ms=33.868|monotonic_ms=30|clock_delta_ms=3.868
|clock_suspect=0
PMLE_LIVE_REPLAY_TIC|tic=1213|mle_ms=71.507|monotonic_ms=70|clock_delta_ms=1.507
|clock_suspect=0
PMLE_LIVE_REPLAY_TIC|tic=1214|mle_ms=35.427|monotonic_ms=40|clock_delta_ms=4.573
|clock_suspect=0
PMLE_LIVE_REPLAY_TIC|tic=1215|mle_ms=26.271|monotonic_ms=30|clock_delta_ms=3.729
|clock_suspect=0
PMLE_LIVE_REPLAY_TIC|tic=1216|mle_ms=66.749|monotonic_ms=60|clock_delta_ms=6.749
|clock_suspect=0
PMLE_LIVE_REPLAY_TIC|tic=1217|mle_ms=26.259|monotonic_ms=30|clock_delta_ms=3.741
|clock_suspect=0
PMLE_LIVE_REPLAY_TIC|tic=1218|mle_ms=27.493|monotonic_ms=30|clock_delta_ms=2.507
|clock_suspect=0
PMLE_LIVE_REPLAY_TIC|tic=1219|mle_ms=36.008|monotonic_ms=30|clock_delta_ms=6.008
|clock_suspect=0
PMLE_LIVE_REPLAY_TIC|tic=1220|mle_ms=22.394|monotonic_ms=20|clock_delta_ms=2.394
|clock_suspect=0
PMLE_LIVE_REPLAY_TIC|tic=1221|mle_ms=32.57|monotonic_ms=40|clock_delta_ms=7.43|c
lock_suspect=0
PMLE_LIVE_REPLAY_TIC|tic=1222|mle_ms=36.724|monotonic_ms=30|clock_delta_ms=6.724
|clock_suspect=0
PMLE_LIVE_REPLAY_TIC|tic=1223|mle_ms=40.15|monotonic_ms=40|clock_delta_ms=.15|cl
ock_suspect=0
PMLE_LIVE_REPLAY_TIC|tic=1224|mle_ms=35.016|monotonic_ms=40|clock_delta_ms=4.984
|clock_suspect=0
PMLE_LIVE_REPLAY_TIC|tic=1225|mle_ms=74.232|monotonic_ms=70|clock_delta_ms=4.232
|clock_suspect=0
PMLE_LIVE_REPLAY_TIC|tic=1226|mle_ms=48.048|monotonic_ms=50|clock_delta_ms=1.952
|clock_suspect=0
PMLE_LIVE_REPLAY_TIC|tic=1227|mle_ms=30.304|monotonic_ms=30|clock_delta_ms=.304|
clock_suspect=0
PMLE_LIVE_REPLAY_TIC|tic=1228|mle_ms=37.163|monotonic_ms=40|clock_delta_ms=2.837
|clock_suspect=0
PMLE_LIVE_REPLAY_TIC|tic=1229|mle_ms=25.345|monotonic_ms=30|clock_delta_ms=4.655
|clock_suspect=0
PMLE_LIVE_REPLAY_TIC|tic=1230|mle_ms=22.278|monotonic_ms=20|clock_delta_ms=2.278
|clock_suspect=0
PMLE_LIVE_REPLAY_TIC|tic=1231|mle_ms=39.42|monotonic_ms=40|clock_delta_ms=.58|cl
ock_suspect=0
PMLE_LIVE_REPLAY_TIC|tic=1232|mle_ms=24.326|monotonic_ms=20|clock_delta_ms=4.326
|clock_suspect=0
PMLE_LIVE_REPLAY_TIC|tic=1233|mle_ms=39.208|monotonic_ms=40|clock_delta_ms=.792|
clock_suspect=0
PMLE_LIVE_REPLAY_TIC|tic=1234|mle_ms=41.579|monotonic_ms=40|clock_delta_ms=1.579
|clock_suspect=0
PMLE_LIVE_REPLAY_TIC|tic=1235|mle_ms=25.468|monotonic_ms=30|clock_delta_ms=4.532
|clock_suspect=0
PMLE_LIVE_REPLAY_TIC|tic=1236|mle_ms=67.16|monotonic_ms=70|clock_delta_ms=2.84|c
lock_suspect=0
PMLE_LIVE_REPLAY_TIC|tic=1237|mle_ms=40.385|monotonic_ms=40|clock_delta_ms=.385|
clock_suspect=0
PMLE_LIVE_REPLAY_TIC|tic=1238|mle_ms=24.911|monotonic_ms=20|clock_delta_ms=4.911
|clock_suspect=0
PMLE_LIVE_REPLAY_TIC|tic=1239|mle_ms=23.233|monotonic_ms=20|clock_delta_ms=3.233
|clock_suspect=0
PMLE_LIVE_REPLAY_TIC|tic=1240|mle_ms=23.953|monotonic_ms=30|clock_delta_ms=6.047
|clock_suspect=0
PMLE_LIVE_REPLAY_TIC|tic=1241|mle_ms=26.237|monotonic_ms=20|clock_delta_ms=6.237
|clock_suspect=0
PMLE_LIVE_REPLAY_TIC|tic=1242|mle_ms=16.396|monotonic_ms=20|clock_delta_ms=3.604
|clock_suspect=0
PMLE_LIVE_REPLAY_TIC|tic=1243|mle_ms=36.714|monotonic_ms=40|clock_delta_ms=3.286
|clock_suspect=0
PMLE_LIVE_REPLAY_TIC|tic=1244|mle_ms=19.815|monotonic_ms=20|clock_delta_ms=.185|
clock_suspect=0
PMLE_LIVE_REPLAY_TIC|tic=1245|mle_ms=8.32|monotonic_ms=10|clock_delta_ms=1.68|cl
ock_suspect=0
PMLE_LIVE_REPLAY_TIC|tic=1246|mle_ms=44.381|monotonic_ms=40|clock_delta_ms=4.381
|clock_suspect=0
PMLE_LIVE_REPLAY_TIC|tic=1247|mle_ms=15.984|monotonic_ms=20|clock_delta_ms=4.016
|clock_suspect=0
PMLE_LIVE_REPLAY_TIC|tic=1248|mle_ms=13.467|monotonic_ms=10|clock_delta_ms=3.467
|clock_suspect=0
PMLE_LIVE_REPLAY_TIC|tic=1249|mle_ms=28.246|monotonic_ms=30|clock_delta_ms=1.754
|clock_suspect=0
PMLE_LIVE_REPLAY_TIC|tic=1250|mle_ms=9.411|monotonic_ms=10|clock_delta_ms=.589|c
lock_suspect=0
PMLE_LIVE_REPLAY_TIC|tic=1251|mle_ms=17.996|monotonic_ms=20|clock_delta_ms=2.004
|clock_suspect=0
PMLE_LIVE_REPLAY_TIC|tic=1252|mle_ms=23.706|monotonic_ms=20|clock_delta_ms=3.706
|clock_suspect=0
PMLE_LIVE_REPLAY_TIC|tic=1253|mle_ms=25.561|monotonic_ms=30|clock_delta_ms=4.439
|clock_suspect=0
PMLE_LIVE_REPLAY_TIC|tic=1254|mle_ms=17.083|monotonic_ms=10|clock_delta_ms=7.083
|clock_suspect=0
PMLE_LIVE_REPLAY_TIC|tic=1255|mle_ms=15.252|monotonic_ms=20|clock_delta_ms=4.748
|clock_suspect=0
PMLE_LIVE_REPLAY_TIC|tic=1256|mle_ms=33.311|monotonic_ms=30|clock_delta_ms=3.311
|clock_suspect=0
PMLE_LIVE_REPLAY_TIC|tic=1257|mle_ms=15.398|monotonic_ms=20|clock_delta_ms=4.602
|clock_suspect=0
PMLE_LIVE_REPLAY_TIC|tic=1258|mle_ms=23.058|monotonic_ms=20|clock_delta_ms=3.058
|clock_suspect=0
PMLE_LIVE_REPLAY_TIC|tic=1259|mle_ms=12.146|monotonic_ms=10|clock_delta_ms=2.146
|clock_suspect=0
PMLE_LIVE_REPLAY_TIC|tic=1260|mle_ms=10.264|monotonic_ms=10|clock_delta_ms=.264|
clock_suspect=0
PMLE_LIVE_REPLAY_TIC|tic=1261|mle_ms=35.535|monotonic_ms=40|clock_delta_ms=4.465
|clock_suspect=0
PMLE_LIVE_REPLAY_TIC|tic=1262|mle_ms=10.887|monotonic_ms=10|clock_delta_ms=.887|
clock_suspect=0
PMLE_LIVE_REPLAY_TIC|tic=1263|mle_ms=34.157|monotonic_ms=30|clock_delta_ms=4.157
|clock_suspect=0
PMLE_LIVE_REPLAY_TIC|tic=1264|mle_ms=43.313|monotonic_ms=50|clock_delta_ms=6.687
|clock_suspect=0
PMLE_LIVE_REPLAY_TIC|tic=1265|mle_ms=9.838|monotonic_ms=10|clock_delta_ms=.162|c
lock_suspect=0
PMLE_LIVE_REPLAY_TIC|tic=1266|mle_ms=41.286|monotonic_ms=40|clock_delta_ms=1.286
|clock_suspect=0
PMLE_LIVE_REPLAY_TIC|tic=1267|mle_ms=25.693|monotonic_ms=20|clock_delta_ms=5.693
|clock_suspect=0
PMLE_LIVE_REPLAY_TIC|tic=1268|mle_ms=12.907|monotonic_ms=20|clock_delta_ms=7.093
|clock_suspect=0
PMLE_LIVE_REPLAY_TIC|tic=1269|mle_ms=10.528|monotonic_ms=10|clock_delta_ms=.528|
clock_suspect=0
PMLE_LIVE_REPLAY_TIC|tic=1270|mle_ms=15.178|monotonic_ms=10|clock_delta_ms=5.178
|clock_suspect=0
PMLE_LIVE_REPLAY_TIC|tic=1271|mle_ms=19.083|monotonic_ms=20|clock_delta_ms=.917|
clock_suspect=0
PMLE_LIVE_REPLAY_TIC|tic=1272|mle_ms=11.235|monotonic_ms=10|clock_delta_ms=1.235
|clock_suspect=0
PMLE_LIVE_REPLAY_TIC|tic=1273|mle_ms=33.576|monotonic_ms=40|clock_delta_ms=6.424
|clock_suspect=0
PMLE_LIVE_REPLAY_TIC|tic=1274|mle_ms=16.154|monotonic_ms=10|clock_delta_ms=6.154
|clock_suspect=0
PMLE_LIVE_REPLAY_TIC|tic=1275|mle_ms=7.752|monotonic_ms=10|clock_delta_ms=2.248|
clock_suspect=0
PMLE_LIVE_REPLAY_TIC|tic=1276|mle_ms=42.716|monotonic_ms=40|clock_delta_ms=2.716
|clock_suspect=0
PMLE_LIVE_REPLAY_TIC|tic=1277|mle_ms=15.029|monotonic_ms=20|clock_delta_ms=4.971
|clock_suspect=0
PMLE_LIVE_REPLAY_TIC|tic=1278|mle_ms=11.865|monotonic_ms=10|clock_delta_ms=1.865
|clock_suspect=0
PMLE_LIVE_REPLAY_TIC|tic=1279|mle_ms=18.825|monotonic_ms=20|clock_delta_ms=1.175
|clock_suspect=0
PMLE_LIVE_REPLAY_TIC|tic=1280|mle_ms=7.545|monotonic_ms=10|clock_delta_ms=2.455|
clock_suspect=0
PMLE_LIVE_REPLAY_TIC|tic=1281|mle_ms=16.046|monotonic_ms=10|clock_delta_ms=6.046
|clock_suspect=0
PMLE_LIVE_REPLAY_TIC|tic=1282|mle_ms=39.522|monotonic_ms=40|clock_delta_ms=.478|
clock_suspect=0
PMLE_LIVE_REPLAY_TIC|tic=1283|mle_ms=29.546|monotonic_ms=30|clock_delta_ms=.454|
clock_suspect=0
PMLE_LIVE_REPLAY_TIC|tic=1284|mle_ms=20.8|monotonic_ms=20|clock_delta_ms=.8|cloc
k_suspect=0
PMLE_LIVE_REPLAY_TIC|tic=1285|mle_ms=36.692|monotonic_ms=40|clock_delta_ms=3.308
|clock_suspect=0
PMLE_LIVE_REPLAY_TIC|tic=1286|mle_ms=39.86|monotonic_ms=40|clock_delta_ms=.14|cl
ock_suspect=0
PMLE_LIVE_REPLAY_TIC|tic=1287|mle_ms=15.903|monotonic_ms=20|clock_delta_ms=4.097
|clock_suspect=0
PMLE_LIVE_REPLAY_TIC|tic=1288|mle_ms=36.292|monotonic_ms=30|clock_delta_ms=6.292
|clock_suspect=0
PMLE_LIVE_REPLAY_TIC|tic=1289|mle_ms=10.68|monotonic_ms=10|clock_delta_ms=.68|cl
ock_suspect=0
PMLE_LIVE_REPLAY_TIC|tic=1290|mle_ms=10.171|monotonic_ms=10|clock_delta_ms=.171|
clock_suspect=0
PMLE_LIVE_REPLAY_TIC|tic=1291|mle_ms=29.024|monotonic_ms=30|clock_delta_ms=.976|
clock_suspect=0
PMLE_LIVE_REPLAY_TIC|tic=1292|mle_ms=10.638|monotonic_ms=10|clock_delta_ms=.638|
clock_suspect=0
PMLE_LIVE_REPLAY_TIC|tic=1293|mle_ms=24.292|monotonic_ms=30|clock_delta_ms=5.708
|clock_suspect=0
PMLE_LIVE_REPLAY_TIC|tic=1294|mle_ms=37.95|monotonic_ms=40|clock_delta_ms=2.05|c
lock_suspect=0
PMLE_LIVE_REPLAY_TIC|tic=1295|mle_ms=8.016|monotonic_ms=0|clock_delta_ms=8.016|c
lock_suspect=0
PMLE_LIVE_REPLAY_TIC|tic=1296|mle_ms=37.683|monotonic_ms=40|clock_delta_ms=2.317
|clock_suspect=0
PMLE_LIVE_REPLAY_TIC|tic=1297|mle_ms=23.402|monotonic_ms=20|clock_delta_ms=3.402
|clock_suspect=0
PMLE_LIVE_REPLAY_TIC|tic=1298|mle_ms=13.871|monotonic_ms=20|clock_delta_ms=6.129
|clock_suspect=0
PMLE_LIVE_REPLAY_TIC|tic=1299|mle_ms=11.237|monotonic_ms=10|clock_delta_ms=1.237
|clock_suspect=0
PMLE_LIVE_REPLAY_TIC|tic=1300|mle_ms=18.214|monotonic_ms=20|clock_delta_ms=1.786
|clock_suspect=0
PMLE_LIVE_REPLAY_TIC|tic=1301|mle_ms=15.532|monotonic_ms=10|clock_delta_ms=5.532
|clock_suspect=0
PMLE_LIVE_REPLAY_TIC|tic=1302|mle_ms=9.324|monotonic_ms=10|clock_delta_ms=.676|c
lock_suspect=0
PMLE_LIVE_REPLAY_TIC|tic=1303|mle_ms=37.196|monotonic_ms=40|clock_delta_ms=2.804
|clock_suspect=0
PMLE_LIVE_REPLAY_TIC|tic=1304|mle_ms=17.288|monotonic_ms=20|clock_delta_ms=2.712
|clock_suspect=0
PMLE_LIVE_REPLAY_TIC|tic=1305|mle_ms=7.706|monotonic_ms=0|clock_delta_ms=7.706|c
lock_suspect=0
PMLE_LIVE_REPLAY_TIC|tic=1306|mle_ms=42.601|monotonic_ms=50|clock_delta_ms=7.399
|clock_suspect=0
PMLE_LIVE_REPLAY_TIC|tic=1307|mle_ms=13.952|monotonic_ms=10|clock_delta_ms=3.952
|clock_suspect=0
PMLE_LIVE_REPLAY_TIC|tic=1308|mle_ms=12.296|monotonic_ms=10|clock_delta_ms=2.296
|clock_suspect=0
PMLE_LIVE_REPLAY_TIC|tic=1309|mle_ms=21.121|monotonic_ms=30|clock_delta_ms=8.879
|clock_suspect=0
PMLE_LIVE_REPLAY_TIC|tic=1310|mle_ms=9.471|monotonic_ms=0|clock_delta_ms=9.471|c
lock_suspect=0
PMLE_LIVE_REPLAY_TIC|tic=1311|mle_ms=17.565|monotonic_ms=20|clock_delta_ms=2.435
|clock_suspect=0
PMLE_LIVE_REPLAY_TIC|tic=1312|mle_ms=23.055|monotonic_ms=30|clock_delta_ms=6.945
|clock_suspect=0
PMLE_LIVE_REPLAY_TIC|tic=1313|mle_ms=24.321|monotonic_ms=20|clock_delta_ms=4.321
|clock_suspect=0
PMLE_LIVE_REPLAY_TIC|tic=1314|mle_ms=20.089|monotonic_ms=20|clock_delta_ms=.089|
clock_suspect=0
PMLE_LIVE_REPLAY_TIC|tic=1315|mle_ms=25.523|monotonic_ms=30|clock_delta_ms=4.477
|clock_suspect=0
PMLE_LIVE_REPLAY_TIC|tic=1316|mle_ms=35.976|monotonic_ms=30|clock_delta_ms=5.976
|clock_suspect=0
PMLE_LIVE_REPLAY_TIC|tic=1317|mle_ms=15.165|monotonic_ms=20|clock_delta_ms=4.835
|clock_suspect=0
PMLE_LIVE_REPLAY_TIC|tic=1318|mle_ms=39.633|monotonic_ms=40|clock_delta_ms=.367|
clock_suspect=0
PMLE_LIVE_REPLAY_TIC|tic=1319|mle_ms=9.784|monotonic_ms=10|clock_delta_ms=.216|c
lock_suspect=0
PMLE_LIVE_REPLAY_TIC|tic=1320|mle_ms=8.177|monotonic_ms=0|clock_delta_ms=8.177|c
lock_suspect=0
PMLE_LIVE_REPLAY_TIC|tic=1321|mle_ms=42.83|monotonic_ms=50|clock_delta_ms=7.17|c
lock_suspect=0
PMLE_LIVE_REPLAY_TIC|tic=1322|mle_ms=10.668|monotonic_ms=10|clock_delta_ms=.668|
clock_suspect=0
PMLE_LIVE_REPLAY_TIC|tic=1323|mle_ms=30.504|monotonic_ms=30|clock_delta_ms=.504|
clock_suspect=0
PMLE_LIVE_REPLAY_TIC|tic=1324|mle_ms=32.836|monotonic_ms=30|clock_delta_ms=2.836
|clock_suspect=0
PMLE_LIVE_REPLAY_TIC|tic=1325|mle_ms=10.65|monotonic_ms=10|clock_delta_ms=.65|cl
ock_suspect=0
PMLE_LIVE_REPLAY_TIC|tic=1326|mle_ms=44.947|monotonic_ms=50|clock_delta_ms=5.053
|clock_suspect=0
PMLE_LIVE_REPLAY_TIC|tic=1327|mle_ms=29.033|monotonic_ms=30|clock_delta_ms=.967|
clock_suspect=0
PMLE_LIVE_REPLAY_TIC|tic=1328|mle_ms=13.588|monotonic_ms=10|clock_delta_ms=3.588
|clock_suspect=0
PMLE_LIVE_REPLAY_TIC|tic=1329|mle_ms=12.105|monotonic_ms=10|clock_delta_ms=2.105
|clock_suspect=0
PMLE_LIVE_REPLAY_TIC|tic=1330|mle_ms=37.103|monotonic_ms=40|clock_delta_ms=2.897
|clock_suspect=0
PMLE_LIVE_REPLAY_TIC|tic=1331|mle_ms=19.121|monotonic_ms=20|clock_delta_ms=.879|
clock_suspect=0
PMLE_LIVE_REPLAY_TIC|tic=1332|mle_ms=10.829|monotonic_ms=10|clock_delta_ms=.829|
clock_suspect=0
PMLE_LIVE_REPLAY_TIC|tic=1333|mle_ms=45.081|monotonic_ms=40|clock_delta_ms=5.081
|clock_suspect=0
PMLE_LIVE_REPLAY_TIC|tic=1334|mle_ms=21.191|monotonic_ms=30|clock_delta_ms=8.809
|clock_suspect=0
PMLE_LIVE_REPLAY_TIC|tic=1335|mle_ms=9.327|monotonic_ms=10|clock_delta_ms=.673|c
lock_suspect=0
PMLE_LIVE_REPLAY_TIC|tic=1336|mle_ms=59.114|monotonic_ms=50|clock_delta_ms=9.114
|clock_suspect=0
PMLE_LIVE_REPLAY_TIC|tic=1337|mle_ms=17.918|monotonic_ms=20|clock_delta_ms=2.082
|clock_suspect=0
PMLE_LIVE_REPLAY_TIC|tic=1338|mle_ms=13.474|monotonic_ms=20|clock_delta_ms=6.526
|clock_suspect=0
PMLE_LIVE_REPLAY_TIC|tic=1339|mle_ms=29.078|monotonic_ms=30|clock_delta_ms=.922|
clock_suspect=0
PMLE_LIVE_REPLAY_TIC|tic=1340|mle_ms=9.143|monotonic_ms=0|clock_delta_ms=9.143|c
lock_suspect=0
PMLE_LIVE_REPLAY_TIC|tic=1341|mle_ms=18.672|monotonic_ms=20|clock_delta_ms=1.328
|clock_suspect=0
PMLE_LIVE_REPLAY_TIC|tic=1342|mle_ms=23.462|monotonic_ms=30|clock_delta_ms=6.538
|clock_suspect=0
PMLE_LIVE_REPLAY_TIC|tic=1343|mle_ms=28.782|monotonic_ms=30|clock_delta_ms=1.218
|clock_suspect=0
PMLE_LIVE_REPLAY_TIC|tic=1344|mle_ms=19.71|monotonic_ms=20|clock_delta_ms=.29|cl
ock_suspect=0
PMLE_LIVE_REPLAY_TIC|tic=1345|mle_ms=19.09|monotonic_ms=20|clock_delta_ms=.91|cl
ock_suspect=0
PMLE_LIVE_REPLAY_TIC|tic=1346|mle_ms=40.434|monotonic_ms=40|clock_delta_ms=.434|
clock_suspect=0
PMLE_LIVE_REPLAY_TIC|tic=1347|mle_ms=17.74|monotonic_ms=10|clock_delta_ms=7.74|c
lock_suspect=0
PMLE_LIVE_REPLAY_TIC|tic=1348|mle_ms=50.408|monotonic_ms=50|clock_delta_ms=.408|
clock_suspect=0
PMLE_LIVE_REPLAY_TIC|tic=1349|mle_ms=12.829|monotonic_ms=20|clock_delta_ms=7.171
|clock_suspect=0
PMLE_LIVE_REPLAY_TIC|tic=1350|mle_ms=11.176|monotonic_ms=10|clock_delta_ms=1.176
|clock_suspect=0
PMLE_LIVE_REPLAY_TIC|tic=1351|mle_ms=31.349|monotonic_ms=30|clock_delta_ms=1.349
|clock_suspect=0
PMLE_LIVE_REPLAY_TIC|tic=1352|mle_ms=11.665|monotonic_ms=10|clock_delta_ms=1.665
|clock_suspect=0
PMLE_LIVE_REPLAY_TIC|tic=1353|mle_ms=30.933|monotonic_ms=30|clock_delta_ms=.933|
clock_suspect=0
PMLE_LIVE_REPLAY_TIC|tic=1354|mle_ms=37.435|monotonic_ms=40|clock_delta_ms=2.565
|clock_suspect=0
PMLE_LIVE_REPLAY_TIC|tic=1355|mle_ms=10.853|monotonic_ms=10|clock_delta_ms=.853|
clock_suspect=0
PMLE_LIVE_REPLAY_TIC|tic=1356|mle_ms=45.677|monotonic_ms=50|clock_delta_ms=4.323
|clock_suspect=0
PMLE_LIVE_REPLAY_TIC|tic=1357|mle_ms=27.95|monotonic_ms=20|clock_delta_ms=7.95|c
lock_suspect=0
PMLE_LIVE_REPLAY_TIC|tic=1358|mle_ms=14.138|monotonic_ms=20|clock_delta_ms=5.862
|clock_suspect=0
PMLE_LIVE_REPLAY_TIC|tic=1359|mle_ms=11.79|monotonic_ms=10|clock_delta_ms=1.79|c
lock_suspect=0
PMLE_LIVE_REPLAY_TIC|tic=1360|mle_ms=19.671|monotonic_ms=20|clock_delta_ms=.329|
clock_suspect=0
PMLE_LIVE_REPLAY_TIC|tic=1361|mle_ms=21.775|monotonic_ms=20|clock_delta_ms=1.775
|clock_suspect=0
PMLE_LIVE_REPLAY_TIC|tic=1362|mle_ms=12.442|monotonic_ms=10|clock_delta_ms=2.442
|clock_suspect=0
PMLE_LIVE_REPLAY_TIC|tic=1363|mle_ms=44.106|monotonic_ms=50|clock_delta_ms=5.894
|clock_suspect=0
PMLE_LIVE_REPLAY_TIC|tic=1364|mle_ms=20.576|monotonic_ms=20|clock_delta_ms=.576|
clock_suspect=0
PMLE_LIVE_REPLAY_TIC|tic=1365|mle_ms=9.699|monotonic_ms=10|clock_delta_ms=.301|c
lock_suspect=0
PMLE_LIVE_REPLAY_TIC|tic=1366|mle_ms=53.419|monotonic_ms=50|clock_delta_ms=3.419
|clock_suspect=0
PMLE_LIVE_REPLAY_TIC|tic=1367|mle_ms=30.273|monotonic_ms=30|clock_delta_ms=.273|
clock_suspect=0
PMLE_LIVE_REPLAY_TIC|tic=1368|mle_ms=19.163|monotonic_ms=20|clock_delta_ms=.837|
clock_suspect=0
PMLE_LIVE_REPLAY_TIC|tic=1369|mle_ms=27.651|monotonic_ms=30|clock_delta_ms=2.349
|clock_suspect=0
PMLE_LIVE_REPLAY_TIC|tic=1370|mle_ms=13.725|monotonic_ms=10|clock_delta_ms=3.725
|clock_suspect=0
PMLE_LIVE_REPLAY_TIC|tic=1371|mle_ms=27.542|monotonic_ms=30|clock_delta_ms=2.458
|clock_suspect=0
PMLE_LIVE_REPLAY_TIC|tic=1372|mle_ms=21.762|monotonic_ms=20|clock_delta_ms=1.762
|clock_suspect=0
PMLE_LIVE_REPLAY_TIC|tic=1373|mle_ms=29.955|monotonic_ms=30|clock_delta_ms=.045|
clock_suspect=0
PMLE_LIVE_REPLAY_TIC|tic=1374|mle_ms=20.62|monotonic_ms=20|clock_delta_ms=.62|cl
ock_suspect=0
PMLE_LIVE_REPLAY_TIC|tic=1375|mle_ms=21.688|monotonic_ms=30|clock_delta_ms=8.312
|clock_suspect=0
PMLE_LIVE_REPLAY_TIC|tic=1376|mle_ms=46.068|monotonic_ms=40|clock_delta_ms=6.068
|clock_suspect=0
PMLE_LIVE_REPLAY_TIC|tic=1377|mle_ms=17.263|monotonic_ms=20|clock_delta_ms=2.737
|clock_suspect=0
PMLE_LIVE_REPLAY_TIC|tic=1378|mle_ms=21.614|monotonic_ms=20|clock_delta_ms=1.614
|clock_suspect=0
PMLE_LIVE_REPLAY_TIC|tic=1379|mle_ms=12.795|monotonic_ms=10|clock_delta_ms=2.795
|clock_suspect=0
PMLE_LIVE_REPLAY_TIC|tic=1380|mle_ms=10.257|monotonic_ms=10|clock_delta_ms=.257|
clock_suspect=0
PMLE_LIVE_REPLAY_TIC|tic=1381|mle_ms=32.462|monotonic_ms=40|clock_delta_ms=7.538
|clock_suspect=0
PMLE_LIVE_REPLAY_TIC|tic=1382|mle_ms=9.424|monotonic_ms=10|clock_delta_ms=.576|c
lock_suspect=0
PMLE_LIVE_REPLAY_TIC|tic=1383|mle_ms=25.443|monotonic_ms=20|clock_delta_ms=5.443
|clock_suspect=0
PMLE_LIVE_REPLAY_TIC|tic=1384|mle_ms=33.92|monotonic_ms=40|clock_delta_ms=6.08|c
lock_suspect=0
PMLE_LIVE_REPLAY_TIC|tic=1385|mle_ms=9.361|monotonic_ms=10|clock_delta_ms=.639|c
lock_suspect=0
PMLE_LIVE_REPLAY_TIC|tic=1386|mle_ms=36.932|monotonic_ms=30|clock_delta_ms=6.932
|clock_suspect=0
PMLE_LIVE_REPLAY_TIC|tic=1387|mle_ms=28.171|monotonic_ms=30|clock_delta_ms=1.829
|clock_suspect=0
PMLE_LIVE_REPLAY_TIC|tic=1388|mle_ms=17.302|monotonic_ms=20|clock_delta_ms=2.698
|clock_suspect=0
PMLE_LIVE_REPLAY_TIC|tic=1389|mle_ms=13.956|monotonic_ms=10|clock_delta_ms=3.956
|clock_suspect=0
PMLE_LIVE_REPLAY_TIC|tic=1390|mle_ms=36.175|monotonic_ms=40|clock_delta_ms=3.825
|clock_suspect=0
PMLE_LIVE_REPLAY_TIC|tic=1391|mle_ms=21.658|monotonic_ms=20|clock_delta_ms=1.658
|clock_suspect=0
PMLE_LIVE_REPLAY_TIC|tic=1392|mle_ms=12.587|monotonic_ms=10|clock_delta_ms=2.587
|clock_suspect=0
PMLE_LIVE_REPLAY_TIC|tic=1393|mle_ms=46.595|monotonic_ms=50|clock_delta_ms=3.405
|clock_suspect=0
PMLE_LIVE_REPLAY_TIC|tic=1394|mle_ms=28.43|monotonic_ms=30|clock_delta_ms=1.57|c
lock_suspect=0
PMLE_LIVE_REPLAY_TIC|tic=1395|mle_ms=15.721|monotonic_ms=10|clock_delta_ms=5.721
|clock_suspect=0
PMLE_LIVE_REPLAY_TIC|tic=1396|mle_ms=64.542|monotonic_ms=70|clock_delta_ms=5.458
|clock_suspect=0
PMLE_LIVE_REPLAY_TIC|tic=1397|mle_ms=23.842|monotonic_ms=20|clock_delta_ms=3.842
|clock_suspect=0
PMLE_LIVE_REPLAY_TIC|tic=1398|mle_ms=19.498|monotonic_ms=20|clock_delta_ms=.502|
clock_suspect=0
PMLE_LIVE_REPLAY_TIC|tic=1399|mle_ms=42.388|monotonic_ms=40|clock_delta_ms=2.388
|clock_suspect=0
PMLE_LIVE_REPLAY_TIC|tic=1400|mle_ms=12.778|monotonic_ms=20|clock_delta_ms=7.222
|clock_suspect=0
PMLE_LIVE_REPLAY_TIC|tic=1401|mle_ms=20.834|monotonic_ms=20|clock_delta_ms=.834|
clock_suspect=0
PMLE_LIVE_REPLAY_TIC|tic=1402|mle_ms=27.886|monotonic_ms=30|clock_delta_ms=2.114
|clock_suspect=0
PMLE_LIVE_REPLAY_TIC|tic=1403|mle_ms=31.752|monotonic_ms=30|clock_delta_ms=1.752
|clock_suspect=0
PMLE_LIVE_REPLAY_TIC|tic=1404|mle_ms=21.943|monotonic_ms=20|clock_delta_ms=1.943
|clock_suspect=0
PMLE_LIVE_REPLAY_TIC|tic=1405|mle_ms=25.679|monotonic_ms=30|clock_delta_ms=4.321
|clock_suspect=0
PMLE_LIVE_REPLAY_TIC|tic=1406|mle_ms=48.424|monotonic_ms=40|clock_delta_ms=8.424
|clock_suspect=0
PMLE_LIVE_REPLAY_TIC|tic=1407|mle_ms=23.048|monotonic_ms=30|clock_delta_ms=6.952
|clock_suspect=0
PMLE_LIVE_REPLAY_TIC|tic=1408|mle_ms=32.048|monotonic_ms=30|clock_delta_ms=2.048
|clock_suspect=0
PMLE_LIVE_REPLAY_TIC|tic=1409|mle_ms=18.299|monotonic_ms=20|clock_delta_ms=1.701
|clock_suspect=0
PMLE_LIVE_REPLAY_TIC|tic=1410|mle_ms=17.544|monotonic_ms=20|clock_delta_ms=2.456
|clock_suspect=0
PMLE_LIVE_REPLAY_TIC|tic=1411|mle_ms=44.564|monotonic_ms=40|clock_delta_ms=4.564
|clock_suspect=0
PMLE_LIVE_REPLAY_TIC|tic=1412|mle_ms=17.299|monotonic_ms=20|clock_delta_ms=2.701
|clock_suspect=0
PMLE_LIVE_REPLAY_TIC|tic=1413|mle_ms=35.649|monotonic_ms=30|clock_delta_ms=5.649
|clock_suspect=0
PMLE_LIVE_REPLAY_TIC|tic=1414|mle_ms=41.961|monotonic_ms=50|clock_delta_ms=8.039
|clock_suspect=0
PMLE_LIVE_REPLAY_TIC|tic=1415|mle_ms=16.791|monotonic_ms=10|clock_delta_ms=6.791
|clock_suspect=0
PMLE_LIVE_REPLAY_TIC|tic=1416|mle_ms=45.363|monotonic_ms=50|clock_delta_ms=4.637
|clock_suspect=0
PMLE_LIVE_REPLAY_TIC|tic=1417|mle_ms=29.02|monotonic_ms=30|clock_delta_ms=.98|cl
ock_suspect=0
PMLE_LIVE_REPLAY_TIC|tic=1418|mle_ms=19.543|monotonic_ms=20|clock_delta_ms=.457|
clock_suspect=0
PMLE_LIVE_REPLAY_TIC|tic=1419|mle_ms=16.976|monotonic_ms=10|clock_delta_ms=6.976
|clock_suspect=0
PMLE_LIVE_REPLAY_TIC|tic=1420|mle_ms=22.397|monotonic_ms=30|clock_delta_ms=7.603
|clock_suspect=0
PMLE_LIVE_REPLAY_TIC|tic=1421|mle_ms=21.441|monotonic_ms=20|clock_delta_ms=1.441
|clock_suspect=0
PMLE_LIVE_REPLAY_TIC|tic=1422|mle_ms=15.702|monotonic_ms=10|clock_delta_ms=5.702
|clock_suspect=0
PMLE_LIVE_REPLAY_TIC|tic=1423|mle_ms=46.208|monotonic_ms=50|clock_delta_ms=3.792
|clock_suspect=0
PMLE_LIVE_REPLAY_TIC|tic=1424|mle_ms=31.924|monotonic_ms=30|clock_delta_ms=1.924
|clock_suspect=0
PMLE_LIVE_REPLAY_TIC|tic=1425|mle_ms=20.807|monotonic_ms=20|clock_delta_ms=.807|
clock_suspect=0
PMLE_LIVE_REPLAY_TIC|tic=1426|mle_ms=63.096|monotonic_ms=70|clock_delta_ms=6.904
|clock_suspect=0
PMLE_LIVE_REPLAY_TIC|tic=1427|mle_ms=27.034|monotonic_ms=20|clock_delta_ms=7.034
|clock_suspect=0
PMLE_LIVE_REPLAY_TIC|tic=1428|mle_ms=23.886|monotonic_ms=30|clock_delta_ms=6.114
|clock_suspect=0
PMLE_LIVE_REPLAY_TIC|tic=1429|mle_ms=32.566|monotonic_ms=30|clock_delta_ms=2.566
|clock_suspect=0
PMLE_LIVE_REPLAY_TIC|tic=1430|mle_ms=20.713|monotonic_ms=20|clock_delta_ms=.713|
clock_suspect=0
PMLE_LIVE_REPLAY_TIC|tic=1431|mle_ms=42.522|monotonic_ms=40|clock_delta_ms=2.522
|clock_suspect=0
PMLE_LIVE_REPLAY_TIC|tic=1432|mle_ms=85.148|monotonic_ms=90|clock_delta_ms=4.852
|clock_suspect=0
PMLE_LIVE_REPLAY_TIC|tic=1433|mle_ms=28.908|monotonic_ms=30|clock_delta_ms=1.092
|clock_suspect=0
PMLE_LIVE_REPLAY_TIC|tic=1434|mle_ms=29.743|monotonic_ms=30|clock_delta_ms=.257|
clock_suspect=0
PMLE_LIVE_REPLAY_TIC|tic=1435|mle_ms=101.801|monotonic_ms=100|clock_delta_ms=1.8
01|clock_suspect=0
PMLE_LIVE_REPLAY_TIC|tic=1436|mle_ms=43.599|monotonic_ms=40|clock_delta_ms=3.599
|clock_suspect=0
PMLE_LIVE_REPLAY_TIC|tic=1437|mle_ms=17.87|monotonic_ms=20|clock_delta_ms=2.13|c
lock_suspect=0
PMLE_LIVE_REPLAY_TIC|tic=1438|mle_ms=111.242|monotonic_ms=110|clock_delta_ms=1.2
42|clock_suspect=0
PMLE_LIVE_REPLAY_TIC|tic=1439|mle_ms=19.489|monotonic_ms=20|clock_delta_ms=.511|
clock_suspect=0
PMLE_LIVE_REPLAY_TIC|tic=1440|mle_ms=17.171|monotonic_ms=20|clock_delta_ms=2.829
|clock_suspect=0
PMLE_LIVE_REPLAY_TIC|tic=1441|mle_ms=96.874|monotonic_ms=100|clock_delta_ms=3.12
6|clock_suspect=0
PMLE_LIVE_REPLAY_TIC|tic=1442|mle_ms=16.963|monotonic_ms=10|clock_delta_ms=6.963
|clock_suspect=0
PMLE_LIVE_REPLAY_TIC|tic=1443|mle_ms=31.555|monotonic_ms=30|clock_delta_ms=1.555
|clock_suspect=0
PMLE_LIVE_REPLAY_TIC|tic=1444|mle_ms=129.22|monotonic_ms=130|clock_delta_ms=.78|
clock_suspect=0
PMLE_LIVE_REPLAY_TIC|tic=1445|mle_ms=17.547|monotonic_ms=20|clock_delta_ms=2.453
|clock_suspect=0
PMLE_LIVE_REPLAY_TIC|tic=1446|mle_ms=45.173|monotonic_ms=50|clock_delta_ms=4.827
|clock_suspect=0
PMLE_LIVE_REPLAY_TIC|tic=1447|mle_ms=97.566|monotonic_ms=90|clock_delta_ms=7.566
|clock_suspect=0
PMLE_LIVE_REPLAY_TIC|tic=1448|mle_ms=18.635|monotonic_ms=20|clock_delta_ms=1.365
|clock_suspect=0
PMLE_LIVE_REPLAY_TIC|tic=1449|mle_ms=18.747|monotonic_ms=20|clock_delta_ms=1.253
|clock_suspect=0
PMLE_LIVE_REPLAY_TIC|tic=1450|mle_ms=127.576|monotonic_ms=130|clock_delta_ms=2.4
24|clock_suspect=0
PMLE_LIVE_REPLAY_TIC|tic=1451|mle_ms=25.879|monotonic_ms=30|clock_delta_ms=4.121
|clock_suspect=0
PMLE_LIVE_REPLAY_TIC|tic=1452|mle_ms=16.639|monotonic_ms=10|clock_delta_ms=6.639
|clock_suspect=0
PMLE_LIVE_REPLAY_TIC|tic=1453|mle_ms=104.815|monotonic_ms=110|clock_delta_ms=5.1
85|clock_suspect=0
PMLE_LIVE_REPLAY_TIC|tic=1454|mle_ms=27.537|monotonic_ms=20|clock_delta_ms=7.537
|clock_suspect=0
PMLE_LIVE_REPLAY_TIC|tic=1455|mle_ms=17.182|monotonic_ms=20|clock_delta_ms=2.818
|clock_suspect=0
PMLE_LIVE_REPLAY_TIC|tic=1456|mle_ms=105.188|monotonic_ms=110|clock_delta_ms=4.8
12|clock_suspect=0
PMLE_LIVE_REPLAY_TIC|tic=1457|mle_ms=15.908|monotonic_ms=10|clock_delta_ms=5.908
|clock_suspect=0
PMLE_LIVE_REPLAY_TIC|tic=1458|mle_ms=13.306|monotonic_ms=20|clock_delta_ms=6.694
|clock_suspect=0
PMLE_LIVE_REPLAY_TIC|tic=1459|mle_ms=89.113|monotonic_ms=90|clock_delta_ms=.887|
clock_suspect=0
PMLE_LIVE_REPLAY_TIC|tic=1460|mle_ms=10.245|monotonic_ms=10|clock_delta_ms=.245|
clock_suspect=0
PMLE_LIVE_REPLAY_TIC|tic=1461|mle_ms=20.869|monotonic_ms=20|clock_delta_ms=.869|
clock_suspect=0
PMLE_LIVE_REPLAY_TIC|tic=1462|mle_ms=91.3|monotonic_ms=90|clock_delta_ms=1.3|clo
ck_suspect=0
PMLE_LIVE_REPLAY_TIC|tic=1463|mle_ms=25.91|monotonic_ms=20|clock_delta_ms=5.91|c
lock_suspect=0
PMLE_LIVE_REPLAY_TIC|tic=1464|mle_ms=28.373|monotonic_ms=30|clock_delta_ms=1.627
|clock_suspect=0
PMLE_LIVE_REPLAY_TIC|tic=1465|mle_ms=96.373|monotonic_ms=100|clock_delta_ms=3.62
7|clock_suspect=0
PMLE_LIVE_REPLAY_TIC|tic=1466|mle_ms=41.742|monotonic_ms=40|clock_delta_ms=1.742
|clock_suspect=0
PMLE_LIVE_REPLAY_TIC|tic=1467|mle_ms=16.268|monotonic_ms=20|clock_delta_ms=3.732
|clock_suspect=0
PMLE_LIVE_REPLAY_TIC|tic=1468|mle_ms=73.139|monotonic_ms=70|clock_delta_ms=3.139
|clock_suspect=0
PMLE_LIVE_REPLAY_TIC|tic=1469|mle_ms=12.169|monotonic_ms=10|clock_delta_ms=2.169
|clock_suspect=0
PMLE_LIVE_REPLAY_TIC|tic=1470|mle_ms=11.551|monotonic_ms=10|clock_delta_ms=1.551
|clock_suspect=0
PMLE_LIVE_REPLAY_TIC|tic=1471|mle_ms=99.158|monotonic_ms=100|clock_delta_ms=.842
|clock_suspect=0
PMLE_LIVE_REPLAY_TIC|tic=1472|mle_ms=11.597|monotonic_ms=20|clock_delta_ms=8.403
|clock_suspect=0
PMLE_LIVE_REPLAY_TIC|tic=1473|mle_ms=25.363|monotonic_ms=20|clock_delta_ms=5.363
|clock_suspect=0
PMLE_LIVE_REPLAY_TIC|tic=1474|mle_ms=89.649|monotonic_ms=90|clock_delta_ms=.351|
clock_suspect=0
PMLE_LIVE_REPLAY_TIC|tic=1475|mle_ms=11.593|monotonic_ms=10|clock_delta_ms=1.593
|clock_suspect=0
PMLE_LIVE_REPLAY_TIC|tic=1476|mle_ms=36.073|monotonic_ms=40|clock_delta_ms=3.927
|clock_suspect=0
PMLE_LIVE_REPLAY_TIC|tic=1477|mle_ms=75.853|monotonic_ms=70|clock_delta_ms=5.853
|clock_suspect=0
PMLE_LIVE_REPLAY_TIC|tic=1478|mle_ms=15.554|monotonic_ms=20|clock_delta_ms=4.446
|clock_suspect=0
PMLE_LIVE_REPLAY_TIC|tic=1479|mle_ms=14.057|monotonic_ms=10|clock_delta_ms=4.057
|clock_suspect=0
PMLE_LIVE_REPLAY_TIC|tic=1480|mle_ms=65.289|monotonic_ms=70|clock_delta_ms=4.711
|clock_suspect=0
PMLE_LIVE_REPLAY_TIC|tic=1481|mle_ms=47.756|monotonic_ms=50|clock_delta_ms=2.244
|clock_suspect=0
PMLE_LIVE_REPLAY_TIC|tic=1482|mle_ms=11.445|monotonic_ms=10|clock_delta_ms=1.445
|clock_suspect=0
PMLE_LIVE_REPLAY_TIC|tic=1483|mle_ms=101.827|monotonic_ms=100|clock_delta_ms=1.8
27|clock_suspect=0
PMLE_LIVE_REPLAY_TIC|tic=1484|mle_ms=21.618|monotonic_ms=20|clock_delta_ms=1.618
|clock_suspect=0
PMLE_LIVE_REPLAY_TIC|tic=1485|mle_ms=11.57|monotonic_ms=10|clock_delta_ms=1.57|c
lock_suspect=0
PMLE_LIVE_REPLAY_TIC|tic=1486|mle_ms=118.964|monotonic_ms=120|clock_delta_ms=1.0
36|clock_suspect=0
PMLE_LIVE_REPLAY_TIC|tic=1487|mle_ms=16.16|monotonic_ms=20|clock_delta_ms=3.84|c
lock_suspect=0
PMLE_LIVE_REPLAY_TIC|tic=1488|mle_ms=13.175|monotonic_ms=10|clock_delta_ms=3.175
|clock_suspect=0
PMLE_LIVE_REPLAY_TIC|tic=1489|mle_ms=73.604|monotonic_ms=80|clock_delta_ms=6.396
|clock_suspect=0
PMLE_LIVE_REPLAY_TIC|tic=1490|mle_ms=11.813|monotonic_ms=10|clock_delta_ms=1.813
|clock_suspect=0
PMLE_LIVE_REPLAY_TIC|tic=1491|mle_ms=45.22|monotonic_ms=40|clock_delta_ms=5.22|c
lock_suspect=0
PMLE_LIVE_REPLAY_TIC|tic=1492|mle_ms=50.158|monotonic_ms=50|clock_delta_ms=.158|
clock_suspect=0
PMLE_LIVE_REPLAY_TIC|tic=1493|mle_ms=51.672|monotonic_ms=60|clock_delta_ms=8.328
|clock_suspect=0
PMLE_LIVE_REPLAY_TIC|tic=1494|mle_ms=22.774|monotonic_ms=20|clock_delta_ms=2.774
|clock_suspect=0
PMLE_LIVE_REPLAY_TIC|tic=1495|mle_ms=56.17|monotonic_ms=50|clock_delta_ms=6.17|c
lock_suspect=0
PMLE_LIVE_REPLAY_TIC|tic=1496|mle_ms=37.256|monotonic_ms=40|clock_delta_ms=2.744
|clock_suspect=0
PMLE_LIVE_REPLAY_TIC|tic=1497|mle_ms=15.646|monotonic_ms=20|clock_delta_ms=4.354
|clock_suspect=0
PMLE_LIVE_REPLAY_TIC|tic=1498|mle_ms=38.42|monotonic_ms=40|clock_delta_ms=1.58|c
lock_suspect=0
PMLE_LIVE_REPLAY_TIC|tic=1499|mle_ms=11.996|monotonic_ms=10|clock_delta_ms=1.996
|clock_suspect=0
PMLE_LIVE_REPLAY_TIC|tic=1500|mle_ms=11.325|monotonic_ms=10|clock_delta_ms=1.325
|clock_suspect=0
PMLE_LIVE_REPLAY_TIC|tic=1501|mle_ms=88.562|monotonic_ms=90|clock_delta_ms=1.438
|clock_suspect=0
PMLE_LIVE_REPLAY_TIC|tic=1502|mle_ms=21.233|monotonic_ms=20|clock_delta_ms=1.233
|clock_suspect=0
PMLE_LIVE_REPLAY_TIC|tic=1503|mle_ms=71.598|monotonic_ms=70|clock_delta_ms=1.598
|clock_suspect=0
PMLE_LIVE_REPLAY_TIC|tic=1504|mle_ms=57.995|monotonic_ms=60|clock_delta_ms=2.005
|clock_suspect=0
PMLE_LIVE_REPLAY_TIC|tic=1505|mle_ms=20.142|monotonic_ms=20|clock_delta_ms=.142|
clock_suspect=0
PMLE_LIVE_REPLAY_TIC|tic=1506|mle_ms=57.899|monotonic_ms=60|clock_delta_ms=2.101
|clock_suspect=0
PMLE_LIVE_REPLAY_TIC|tic=1507|mle_ms=90.165|monotonic_ms=90|clock_delta_ms=.165|
clock_suspect=0
PMLE_LIVE_REPLAY_TIC|tic=1508|mle_ms=27.328|monotonic_ms=30|clock_delta_ms=2.672
|clock_suspect=0
PMLE_LIVE_REPLAY_TIC|tic=1509|mle_ms=20.143|monotonic_ms=20|clock_delta_ms=.143|
clock_suspect=0
PMLE_LIVE_REPLAY_TIC|tic=1510|mle_ms=57.42|monotonic_ms=60|clock_delta_ms=2.58|c
lock_suspect=0
PMLE_LIVE_REPLAY_TIC|tic=1511|mle_ms=53.661|monotonic_ms=50|clock_delta_ms=3.661
|clock_suspect=0
PMLE_LIVE_REPLAY_TIC|tic=1512|mle_ms=17.674|monotonic_ms=20|clock_delta_ms=2.326
|clock_suspect=0
PMLE_LIVE_REPLAY_TIC|tic=1513|mle_ms=127.442|monotonic_ms=120|clock_delta_ms=7.4
42|clock_suspect=0
PMLE_LIVE_REPLAY_TIC|tic=1514|mle_ms=58.2|monotonic_ms=60|clock_delta_ms=1.8|clo
ck_suspect=0
PMLE_LIVE_REPLAY_TIC|tic=1515|mle_ms=14.243|monotonic_ms=20|clock_delta_ms=5.757
|clock_suspect=0
PMLE_LIVE_REPLAY_TIC|tic=1516|mle_ms=66.136|monotonic_ms=60|clock_delta_ms=6.136
|clock_suspect=0
PMLE_LIVE_REPLAY_TIC|tic=1517|mle_ms=64.102|monotonic_ms=70|clock_delta_ms=5.898
|clock_suspect=0
PMLE_LIVE_REPLAY_TIC|tic=1518|mle_ms=17.186|monotonic_ms=10|clock_delta_ms=7.186
|clock_suspect=0
PMLE_LIVE_REPLAY_TIC|tic=1519|mle_ms=53.152|monotonic_ms=60|clock_delta_ms=6.848
|clock_suspect=0
PMLE_LIVE_REPLAY_TIC|tic=1520|mle_ms=38.895|monotonic_ms=40|clock_delta_ms=1.105
|clock_suspect=0
PMLE_LIVE_REPLAY_TIC|tic=1521|mle_ms=42.85|monotonic_ms=40|clock_delta_ms=2.85|c
lock_suspect=0
PMLE_LIVE_REPLAY_TIC|tic=1522|mle_ms=48.827|monotonic_ms=50|clock_delta_ms=1.173
|clock_suspect=0
PMLE_LIVE_REPLAY_TIC|tic=1523|mle_ms=105.821|monotonic_ms=100|clock_delta_ms=5.8
21|clock_suspect=0
PMLE_LIVE_REPLAY_TIC|tic=1524|mle_ms=26.774|monotonic_ms=30|clock_delta_ms=3.226
|clock_suspect=0
PMLE_LIVE_REPLAY_TIC|tic=1525|mle_ms=44.546|monotonic_ms=50|clock_delta_ms=5.454
|clock_suspect=0
PMLE_LIVE_REPLAY_TIC|tic=1526|mle_ms=73.256|monotonic_ms=70|clock_delta_ms=3.256
|clock_suspect=0
PMLE_LIVE_REPLAY_TIC|tic=1527|mle_ms=18.944|monotonic_ms=20|clock_delta_ms=1.056
|clock_suspect=0
PMLE_LIVE_REPLAY_TIC|tic=1528|mle_ms=61.909|monotonic_ms=60|clock_delta_ms=1.909
|clock_suspect=0
PMLE_LIVE_REPLAY_TIC|tic=1529|mle_ms=44.795|monotonic_ms=50|clock_delta_ms=5.205
|clock_suspect=0
PMLE_LIVE_REPLAY_TIC|tic=1530|mle_ms=14.974|monotonic_ms=10|clock_delta_ms=4.974
|clock_suspect=0
PMLE_LIVE_REPLAY_TIC|tic=1531|mle_ms=75.425|monotonic_ms=80|clock_delta_ms=4.575
|clock_suspect=0
PMLE_LIVE_REPLAY_TIC|tic=1532|mle_ms=50.733|monotonic_ms=50|clock_delta_ms=.733|
clock_suspect=0
PMLE_LIVE_REPLAY_TIC|tic=1533|mle_ms=50.41|monotonic_ms=50|clock_delta_ms=.41|cl
ock_suspect=0
PMLE_LIVE_REPLAY_TIC|tic=1534|mle_ms=26.938|monotonic_ms=20|clock_delta_ms=6.938
|clock_suspect=0
PMLE_LIVE_REPLAY_TIC|tic=1535|mle_ms=38.681|monotonic_ms=40|clock_delta_ms=1.319
|clock_suspect=0
PMLE_LIVE_REPLAY_TIC|tic=1536|mle_ms=43.163|monotonic_ms=50|clock_delta_ms=6.837
|clock_suspect=0
PMLE_LIVE_REPLAY_TIC|tic=1537|mle_ms=19.547|monotonic_ms=20|clock_delta_ms=.453|
clock_suspect=0
PMLE_LIVE_REPLAY_TIC|tic=1538|mle_ms=47.41|monotonic_ms=40|clock_delta_ms=7.41|c
lock_suspect=0
PMLE_LIVE_REPLAY_TIC|tic=1539|mle_ms=16.024|monotonic_ms=20|clock_delta_ms=3.976
|clock_suspect=0
PMLE_LIVE_REPLAY_TIC|tic=1540|mle_ms=13.715|monotonic_ms=10|clock_delta_ms=3.715
|clock_suspect=0
PMLE_LIVE_REPLAY_TIC|tic=1541|mle_ms=72.946|monotonic_ms=80|clock_delta_ms=7.054
|clock_suspect=0
PMLE_LIVE_REPLAY_TIC|tic=1542|mle_ms=13.765|monotonic_ms=10|clock_delta_ms=3.765
|clock_suspect=0
PMLE_LIVE_REPLAY_TIC|tic=1543|mle_ms=46.005|monotonic_ms=50|clock_delta_ms=3.995
|clock_suspect=0
PMLE_LIVE_REPLAY_TIC|tic=1544|mle_ms=58.549|monotonic_ms=50|clock_delta_ms=8.549
|clock_suspect=0
PMLE_LIVE_REPLAY_TIC|tic=1545|mle_ms=17.979|monotonic_ms=20|clock_delta_ms=2.021
|clock_suspect=0
PMLE_LIVE_REPLAY_TIC|tic=1546|mle_ms=45.99|monotonic_ms=50|clock_delta_ms=4.01|c
lock_suspect=0
PMLE_LIVE_REPLAY_TIC|tic=1547|mle_ms=59.246|monotonic_ms=60|clock_delta_ms=.754|
clock_suspect=0
PMLE_LIVE_REPLAY_TIC|tic=1548|mle_ms=19.955|monotonic_ms=20|clock_delta_ms=.045|
clock_suspect=0
PMLE_LIVE_REPLAY_TIC|tic=1549|mle_ms=18.224|monotonic_ms=20|clock_delta_ms=1.776
|clock_suspect=0
PMLE_LIVE_REPLAY_TIC|tic=1550|mle_ms=44.296|monotonic_ms=40|clock_delta_ms=4.296
|clock_suspect=0
PMLE_LIVE_REPLAY_TIC|tic=1551|mle_ms=52.951|monotonic_ms=50|clock_delta_ms=2.951
|clock_suspect=0
PMLE_LIVE_REPLAY_TIC|tic=1552|mle_ms=16.563|monotonic_ms=20|clock_delta_ms=3.437
|clock_suspect=0
PMLE_LIVE_REPLAY_TIC|tic=1553|mle_ms=87.834|monotonic_ms=90|clock_delta_ms=2.166
|clock_suspect=0
PMLE_LIVE_REPLAY_TIC|tic=1554|mle_ms=30.293|monotonic_ms=30|clock_delta_ms=.293|
clock_suspect=0
PMLE_LIVE_REPLAY_TIC|tic=1555|mle_ms=18.787|monotonic_ms=20|clock_delta_ms=1.213
|clock_suspect=0
PMLE_LIVE_REPLAY_TIC|tic=1556|mle_ms=94.821|monotonic_ms=90|clock_delta_ms=4.821
|clock_suspect=0
PMLE_LIVE_REPLAY_TIC|tic=1557|mle_ms=23.931|monotonic_ms=30|clock_delta_ms=6.069
|clock_suspect=0
PMLE_LIVE_REPLAY_TIC|tic=1558|mle_ms=28.148|monotonic_ms=20|clock_delta_ms=8.148
|clock_suspect=0
PMLE_LIVE_REPLAY_TIC|tic=1559|mle_ms=85.466|monotonic_ms=90|clock_delta_ms=4.534
|clock_suspect=0
PMLE_LIVE_REPLAY_TIC|tic=1560|mle_ms=19.653|monotonic_ms=20|clock_delta_ms=.347|
clock_suspect=0
PMLE_LIVE_REPLAY_TIC|tic=1561|mle_ms=50.544|monotonic_ms=50|clock_delta_ms=.544|
clock_suspect=0
PMLE_LIVE_REPLAY_TIC|tic=1562|mle_ms=97.879|monotonic_ms=100|clock_delta_ms=2.12
1|clock_suspect=0
PMLE_LIVE_REPLAY_TIC|tic=1563|mle_ms=49.664|monotonic_ms=50|clock_delta_ms=.336|
clock_suspect=0
PMLE_LIVE_REPLAY_TIC|tic=1564|mle_ms=28.524|monotonic_ms=30|clock_delta_ms=1.476
|clock_suspect=0
PMLE_LIVE_REPLAY_TIC|tic=1565|mle_ms=73.076|monotonic_ms=70|clock_delta_ms=3.076
|clock_suspect=0
PMLE_LIVE_REPLAY_TIC|tic=1566|mle_ms=47.72|monotonic_ms=50|clock_delta_ms=2.28|c
lock_suspect=0
PMLE_LIVE_REPLAY_TIC|tic=1567|mle_ms=28.039|monotonic_ms=30|clock_delta_ms=1.961
|clock_suspect=0
PMLE_LIVE_REPLAY_TIC|tic=1568|mle_ms=78.034|monotonic_ms=70|clock_delta_ms=8.034
|clock_suspect=0
PMLE_LIVE_REPLAY_TIC|tic=1569|mle_ms=20.274|monotonic_ms=20|clock_delta_ms=.274|
clock_suspect=0
PMLE_LIVE_REPLAY_TIC|tic=1570|mle_ms=17.462|monotonic_ms=20|clock_delta_ms=2.538
|clock_suspect=0
PMLE_LIVE_REPLAY_TIC|tic=1571|mle_ms=95.802|monotonic_ms=100|clock_delta_ms=4.19
8|clock_suspect=0
PMLE_LIVE_REPLAY_TIC|tic=1572|mle_ms=16.303|monotonic_ms=10|clock_delta_ms=6.303
|clock_suspect=0
PMLE_LIVE_REPLAY_TIC|tic=1573|mle_ms=47.595|monotonic_ms=50|clock_delta_ms=2.405
|clock_suspect=0
PMLE_LIVE_REPLAY_TIC|tic=1574|mle_ms=59.745|monotonic_ms=60|clock_delta_ms=.255|
clock_suspect=0
PMLE_LIVE_REPLAY_TIC|tic=1575|mle_ms=14.769|monotonic_ms=20|clock_delta_ms=5.231
|clock_suspect=0
PMLE_LIVE_REPLAY_TIC|tic=1576|mle_ms=31.706|monotonic_ms=30|clock_delta_ms=1.706
|clock_suspect=0
PMLE_LIVE_REPLAY_TIC|tic=1577|mle_ms=51.341|monotonic_ms=50|clock_delta_ms=1.341
|clock_suspect=0
PMLE_LIVE_REPLAY_TIC|tic=1578|mle_ms=18.974|monotonic_ms=20|clock_delta_ms=1.026
|clock_suspect=0
PMLE_LIVE_REPLAY_TIC|tic=1579|mle_ms=22.558|monotonic_ms=20|clock_delta_ms=2.558
|clock_suspect=0
PMLE_LIVE_REPLAY_TIC|tic=1580|mle_ms=54.971|monotonic_ms=60|clock_delta_ms=5.029
|clock_suspect=0
PMLE_LIVE_REPLAY_TIC|tic=1581|mle_ms=45.932|monotonic_ms=40|clock_delta_ms=5.932
|clock_suspect=0
PMLE_LIVE_REPLAY_TIC|tic=1582|mle_ms=16.441|monotonic_ms=20|clock_delta_ms=3.559
|clock_suspect=0
PMLE_LIVE_REPLAY_TIC|tic=1583|mle_ms=62.904|monotonic_ms=60|clock_delta_ms=2.904
|clock_suspect=0
PMLE_LIVE_REPLAY_TIC|tic=1584|mle_ms=30.638|monotonic_ms=30|clock_delta_ms=.638|
clock_suspect=0
PMLE_LIVE_REPLAY_TIC|tic=1585|mle_ms=18.028|monotonic_ms=20|clock_delta_ms=1.972
|clock_suspect=0
PMLE_LIVE_REPLAY_TIC|tic=1586|mle_ms=69.398|monotonic_ms=70|clock_delta_ms=.602|
clock_suspect=0
PMLE_LIVE_REPLAY_TIC|tic=1587|mle_ms=50.759|monotonic_ms=50|clock_delta_ms=.759|
clock_suspect=0
PMLE_LIVE_REPLAY_TIC|tic=1588|mle_ms=24.882|monotonic_ms=30|clock_delta_ms=5.118
|clock_suspect=0
PMLE_LIVE_REPLAY_TIC|tic=1589|mle_ms=53.709|monotonic_ms=50|clock_delta_ms=3.709
|clock_suspect=0
PMLE_LIVE_REPLAY_TIC|tic=1590|mle_ms=18.05|monotonic_ms=20|clock_delta_ms=1.95|c
lock_suspect=0
PMLE_LIVE_REPLAY_TIC|tic=1591|mle_ms=58.152|monotonic_ms=60|clock_delta_ms=1.848
|clock_suspect=0
PMLE_LIVE_REPLAY_TIC|tic=1592|mle_ms=63.13|monotonic_ms=60|clock_delta_ms=3.13|c
lock_suspect=0
PMLE_LIVE_REPLAY_TIC|tic=1593|mle_ms=44.948|monotonic_ms=40|clock_delta_ms=4.948
|clock_suspect=0
PMLE_LIVE_REPLAY_TIC|tic=1594|mle_ms=31.03|monotonic_ms=40|clock_delta_ms=8.97|c
lock_suspect=0
PMLE_LIVE_REPLAY_TIC|tic=1595|mle_ms=53.442|monotonic_ms=50|clock_delta_ms=3.442
|clock_suspect=0
PMLE_LIVE_REPLAY_TIC|tic=1596|mle_ms=93.712|monotonic_ms=90|clock_delta_ms=3.712
|clock_suspect=0
PMLE_LIVE_REPLAY_TIC|tic=1597|mle_ms=52.376|monotonic_ms=60|clock_delta_ms=7.624
|clock_suspect=0
PMLE_LIVE_REPLAY_TIC|tic=1598|mle_ms=68.349|monotonic_ms=60|clock_delta_ms=8.349
|clock_suspect=0
PMLE_LIVE_REPLAY_TIC|tic=1599|mle_ms=81.724|monotonic_ms=90|clock_delta_ms=8.276
|clock_suspect=0
PMLE_LIVE_REPLAY_TIC|tic=1600|mle_ms=35.437|monotonic_ms=30|clock_delta_ms=5.437
|clock_suspect=0
PMLE_LIVE_REPLAY_TIC|tic=1601|mle_ms=98.058|monotonic_ms=100|clock_delta_ms=1.94
2|clock_suspect=0
PMLE_LIVE_REPLAY_TIC|tic=1602|mle_ms=85.113|monotonic_ms=80|clock_delta_ms=5.113
|clock_suspect=0
PMLE_LIVE_REPLAY_TIC|tic=1603|mle_ms=48.029|monotonic_ms=50|clock_delta_ms=1.971
|clock_suspect=0
PMLE_LIVE_REPLAY_TIC|tic=1604|mle_ms=75.223|monotonic_ms=70|clock_delta_ms=5.223
|clock_suspect=0
PMLE_LIVE_REPLAY_TIC|tic=1605|mle_ms=89.833|monotonic_ms=90|clock_delta_ms=.167|
clock_suspect=0
PMLE_LIVE_REPLAY_TIC|tic=1606|mle_ms=79.188|monotonic_ms=80|clock_delta_ms=.812|
clock_suspect=0
PMLE_LIVE_REPLAY_TIC|tic=1607|mle_ms=109.225|monotonic_ms=110|clock_delta_ms=.77
5|clock_suspect=0
PMLE_LIVE_REPLAY_TIC|tic=1608|mle_ms=108.631|monotonic_ms=110|clock_delta_ms=1.3
69|clock_suspect=0
PMLE_LIVE_REPLAY_TIC|tic=1609|mle_ms=46.537|monotonic_ms=50|clock_delta_ms=3.463
|clock_suspect=0
PMLE_LIVE_REPLAY_TIC|tic=1610|mle_ms=102.326|monotonic_ms=100|clock_delta_ms=2.3
26|clock_suspect=0
PMLE_LIVE_REPLAY_TIC|tic=1611|mle_ms=157.816|monotonic_ms=160|clock_delta_ms=2.1
84|clock_suspect=0
PMLE_LIVE_REPLAY_TIC|tic=1612|mle_ms=53.166|monotonic_ms=50|clock_delta_ms=3.166
|clock_suspect=0
PMLE_LIVE_REPLAY_TIC|tic=1613|mle_ms=133.238|monotonic_ms=130|clock_delta_ms=3.2
38|clock_suspect=0
PMLE_LIVE_REPLAY_TIC|tic=1614|mle_ms=135.912|monotonic_ms=140|clock_delta_ms=4.0
88|clock_suspect=0
PMLE_LIVE_REPLAY_TIC|tic=1615|mle_ms=44.118|monotonic_ms=40|clock_delta_ms=4.118
|clock_suspect=0
PMLE_LIVE_REPLAY_TIC|tic=1616|mle_ms=109.443|monotonic_ms=100|clock_delta_ms=9.4
43|clock_suspect=0
PMLE_LIVE_REPLAY_TIC|tic=1617|mle_ms=.809|monotonic_ms=110|clock_delta_ms=109.19
1|clock_suspect=1
PMLE_LIVE_REPLAY_TIC|tic=1618|mle_ms=37.686|monotonic_ms=30|clock_delta_ms=7.686
|clock_suspect=0
PMLE_LIVE_REPLAY_TIC|tic=1619|mle_ms=79.96|monotonic_ms=80|clock_delta_ms=.04|cl
ock_suspect=0
PMLE_LIVE_REPLAY_TIC|tic=1620|mle_ms=82.11|monotonic_ms=90|clock_delta_ms=7.89|c
lock_suspect=0
PMLE_LIVE_REPLAY_TIC|tic=1621|mle_ms=63.481|monotonic_ms=60|clock_delta_ms=3.481
|clock_suspect=0
PMLE_LIVE_REPLAY_TIC|tic=1622|mle_ms=113.265|monotonic_ms=110|clock_delta_ms=3.2
65|clock_suspect=0
PMLE_LIVE_REPLAY_TIC|tic=1623|mle_ms=125.72|monotonic_ms=130|clock_delta_ms=4.28
|clock_suspect=0
PMLE_LIVE_REPLAY_TIC|tic=1624|mle_ms=44.906|monotonic_ms=40|clock_delta_ms=4.906
|clock_suspect=0
PMLE_LIVE_REPLAY_TIC|tic=1625|mle_ms=76.782|monotonic_ms=80|clock_delta_ms=3.218
|clock_suspect=0
PMLE_LIVE_REPLAY_TIC|tic=1626|mle_ms=99.374|monotonic_ms=100|clock_delta_ms=.626
|clock_suspect=0
PMLE_LIVE_REPLAY_TIC|tic=1627|mle_ms=41.398|monotonic_ms=40|clock_delta_ms=1.398
|clock_suspect=0
PMLE_LIVE_REPLAY_TIC|tic=1628|mle_ms=89.433|monotonic_ms=90|clock_delta_ms=.567|
clock_suspect=0
PMLE_LIVE_REPLAY_TIC|tic=1629|mle_ms=103.874|monotonic_ms=110|clock_delta_ms=6.1
26|clock_suspect=0
PMLE_LIVE_REPLAY_TIC|tic=1630|mle_ms=37.132|monotonic_ms=30|clock_delta_ms=7.132
|clock_suspect=0
PMLE_LIVE_REPLAY_TIC|tic=1631|mle_ms=108.52|monotonic_ms=110|clock_delta_ms=1.48
|clock_suspect=0
PMLE_LIVE_REPLAY_TIC|tic=1632|mle_ms=84.666|monotonic_ms=90|clock_delta_ms=5.334
|clock_suspect=0
PMLE_LIVE_REPLAY_TIC|tic=1633|mle_ms=50.863|monotonic_ms=50|clock_delta_ms=.863|
clock_suspect=0
PMLE_LIVE_REPLAY_TIC|tic=1634|mle_ms=103.265|monotonic_ms=100|clock_delta_ms=3.2
65|clock_suspect=0
PMLE_LIVE_REPLAY_TIC|tic=1635|mle_ms=90.217|monotonic_ms=90|clock_delta_ms=.217|
clock_suspect=0
PMLE_LIVE_REPLAY_TIC|tic=1636|mle_ms=51.021|monotonic_ms=50|clock_delta_ms=1.021
|clock_suspect=0
PMLE_LIVE_REPLAY_TIC|tic=1637|mle_ms=89.38|monotonic_ms=90|clock_delta_ms=.62|cl
ock_suspect=0
PMLE_LIVE_REPLAY_TIC|tic=1638|mle_ms=80.711|monotonic_ms=80|clock_delta_ms=.711|
clock_suspect=0
PMLE_LIVE_REPLAY_TIC|tic=1639|mle_ms=40.314|monotonic_ms=40|clock_delta_ms=.314|
clock_suspect=0
PMLE_LIVE_REPLAY_TIC|tic=1640|mle_ms=86.619|monotonic_ms=90|clock_delta_ms=3.381
|clock_suspect=0
PMLE_LIVE_REPLAY_TIC|tic=1641|mle_ms=135.905|monotonic_ms=140|clock_delta_ms=4.0
95|clock_suspect=0
PMLE_LIVE_REPLAY_TIC|tic=1642|mle_ms=40.77|monotonic_ms=40|clock_delta_ms=.77|cl
ock_suspect=0
PMLE_LIVE_REPLAY_TIC|tic=1643|mle_ms=91.219|monotonic_ms=90|clock_delta_ms=1.219
|clock_suspect=0
PMLE_LIVE_REPLAY_TIC|tic=1644|mle_ms=98.019|monotonic_ms=100|clock_delta_ms=1.98
1|clock_suspect=0
PMLE_LIVE_REPLAY_TIC|tic=1645|mle_ms=270.423|monotonic_ms=270|clock_delta_ms=.42
3|clock_suspect=0
PMLE_LIVE_REPLAY_TIC|tic=1646|mle_ms=112.815|monotonic_ms=110|clock_delta_ms=2.8
15|clock_suspect=0
PMLE_LIVE_REPLAY_TIC|tic=1647|mle_ms=118.237|monotonic_ms=120|clock_delta_ms=1.7
63|clock_suspect=0
PMLE_LIVE_REPLAY_TIC|tic=1648|mle_ms=142.576|monotonic_ms=140|clock_delta_ms=2.5
76|clock_suspect=0
PMLE_LIVE_REPLAY_TIC|tic=1649|mle_ms=89.147|monotonic_ms=90|clock_delta_ms=.853|
clock_suspect=0
PMLE_LIVE_REPLAY_TIC|tic=1650|mle_ms=112.778|monotonic_ms=110|clock_delta_ms=2.7
78|clock_suspect=0
PMLE_LIVE_REPLAY_TIC|tic=1651|mle_ms=69.348|monotonic_ms=70|clock_delta_ms=.652|
clock_suspect=0
PMLE_LIVE_REPLAY_TIC|tic=1652|mle_ms=86.672|monotonic_ms=90|clock_delta_ms=3.328
|clock_suspect=0
PMLE_LIVE_REPLAY_TIC|tic=1653|mle_ms=129.754|monotonic_ms=130|clock_delta_ms=.24
6|clock_suspect=0
PMLE_LIVE_REPLAY_TIC|tic=1654|mle_ms=50.022|monotonic_ms=50|clock_delta_ms=.022|
clock_suspect=0
PMLE_LIVE_REPLAY_TIC|tic=1655|mle_ms=102.64|monotonic_ms=100|clock_delta_ms=2.64
|clock_suspect=0
PMLE_LIVE_REPLAY_TIC|tic=1656|mle_ms=131.685|monotonic_ms=130|clock_delta_ms=1.6
85|clock_suspect=0
PMLE_LIVE_REPLAY_TIC|tic=1657|mle_ms=40.874|monotonic_ms=40|clock_delta_ms=.874|
clock_suspect=0
PMLE_LIVE_REPLAY_TIC|tic=1658|mle_ms=87.165|monotonic_ms=90|clock_delta_ms=2.835
|clock_suspect=0
PMLE_LIVE_REPLAY_TIC|tic=1659|mle_ms=115.403|monotonic_ms=120|clock_delta_ms=4.5
97|clock_suspect=0
PMLE_LIVE_REPLAY_TIC|tic=1660|mle_ms=20.202|monotonic_ms=20|clock_delta_ms=.202|
clock_suspect=0
PMLE_LIVE_REPLAY_TIC|tic=1661|mle_ms=110.044|monotonic_ms=110|clock_delta_ms=.04
4|clock_suspect=0
PMLE_LIVE_REPLAY_TIC|tic=1662|mle_ms=97.295|monotonic_ms=90|clock_delta_ms=7.295
|clock_suspect=0
PMLE_LIVE_REPLAY_TIC|tic=1663|mle_ms=40.953|monotonic_ms=50|clock_delta_ms=9.047
|clock_suspect=0
PMLE_LIVE_REPLAY_TIC|tic=1664|mle_ms=113.098|monotonic_ms=110|clock_delta_ms=3.0
98|clock_suspect=0
PMLE_LIVE_REPLAY_TIC|tic=1665|mle_ms=139.69|monotonic_ms=140|clock_delta_ms=.31|
clock_suspect=0
PMLE_LIVE_REPLAY_TIC|tic=1666|mle_ms=47.574|monotonic_ms=50|clock_delta_ms=2.426
|clock_suspect=0
PMLE_LIVE_REPLAY_TIC|tic=1667|mle_ms=78.192|monotonic_ms=70|clock_delta_ms=8.192
|clock_suspect=0
PMLE_LIVE_REPLAY_TIC|tic=1668|mle_ms=98.901|monotonic_ms=100|clock_delta_ms=1.09
9|clock_suspect=0
PMLE_LIVE_REPLAY_TIC|tic=1669|mle_ms=27.26|monotonic_ms=30|clock_delta_ms=2.74|c
lock_suspect=0
PMLE_LIVE_REPLAY_TIC|tic=1670|mle_ms=70.79|monotonic_ms=70|clock_delta_ms=.79|cl
ock_suspect=0
PMLE_LIVE_REPLAY_TIC|tic=1671|mle_ms=116.724|monotonic_ms=120|clock_delta_ms=3.2
76|clock_suspect=0
PMLE_LIVE_REPLAY_TIC|tic=1672|mle_ms=32.117|monotonic_ms=30|clock_delta_ms=2.117
|clock_suspect=0
PMLE_LIVE_REPLAY_TIC|tic=1673|mle_ms=119.156|monotonic_ms=120|clock_delta_ms=.84
4|clock_suspect=0
PMLE_LIVE_REPLAY_TIC|tic=1674|mle_ms=128.287|monotonic_ms=130|clock_delta_ms=1.7
13|clock_suspect=0
PMLE_LIVE_REPLAY_TIC|tic=1675|mle_ms=25.444|monotonic_ms=20|clock_delta_ms=5.444
|clock_suspect=0
PMLE_LIVE_REPLAY_TIC|tic=1676|mle_ms=85.989|monotonic_ms=90|clock_delta_ms=4.011
|clock_suspect=0
PMLE_LIVE_REPLAY_TIC|tic=1677|mle_ms=96.935|monotonic_ms=100|clock_delta_ms=3.06
5|clock_suspect=0
PMLE_LIVE_REPLAY_TIC|tic=1678|mle_ms=24.147|monotonic_ms=20|clock_delta_ms=4.147
|clock_suspect=0
PMLE_LIVE_REPLAY_TIC|tic=1679|mle_ms=78.013|monotonic_ms=80|clock_delta_ms=1.987
|clock_suspect=0
PMLE_LIVE_REPLAY_TIC|tic=1680|mle_ms=106.764|monotonic_ms=110|clock_delta_ms=3.2
36|clock_suspect=0
PMLE_LIVE_REPLAY_TIC|tic=1681|mle_ms=24.662|monotonic_ms=20|clock_delta_ms=4.662
|clock_suspect=0
PMLE_LIVE_REPLAY_TIC|tic=1682|mle_ms=84.874|monotonic_ms=90|clock_delta_ms=5.126
|clock_suspect=0
PMLE_LIVE_REPLAY_TIC|tic=1683|mle_ms=123.014|monotonic_ms=120|clock_delta_ms=3.0
14|clock_suspect=0
PMLE_LIVE_REPLAY_TIC|tic=1684|mle_ms=25.304|monotonic_ms=20|clock_delta_ms=5.304
|clock_suspect=0
PMLE_LIVE_REPLAY_TIC|tic=1685|mle_ms=87.477|monotonic_ms=90|clock_delta_ms=2.523
|clock_suspect=0
PMLE_LIVE_REPLAY_TIC|tic=1686|mle_ms=136.776|monotonic_ms=140|clock_delta_ms=3.2
24|clock_suspect=0
PMLE_LIVE_REPLAY_TIC|tic=1687|mle_ms=24.438|monotonic_ms=20|clock_delta_ms=4.438
|clock_suspect=0
PMLE_LIVE_REPLAY_TIC|tic=1688|mle_ms=72.151|monotonic_ms=80|clock_delta_ms=7.849
|clock_suspect=0
PMLE_LIVE_REPLAY_TIC|tic=1689|mle_ms=87.604|monotonic_ms=80|clock_delta_ms=7.604
|clock_suspect=0
PMLE_LIVE_REPLAY_TIC|tic=1690|mle_ms=22.39|monotonic_ms=30|clock_delta_ms=7.61|c
lock_suspect=0
PMLE_LIVE_REPLAY_TIC|tic=1691|mle_ms=71.118|monotonic_ms=70|clock_delta_ms=1.118
|clock_suspect=0
PMLE_LIVE_REPLAY_TIC|tic=1692|mle_ms=92.373|monotonic_ms=90|clock_delta_ms=2.373
|clock_suspect=0
PMLE_LIVE_REPLAY_TIC|tic=1693|mle_ms=25.764|monotonic_ms=20|clock_delta_ms=5.764
|clock_suspect=0
PMLE_LIVE_REPLAY_TIC|tic=1694|mle_ms=93.291|monotonic_ms=100|clock_delta_ms=6.70
9|clock_suspect=0
PMLE_LIVE_REPLAY_TIC|tic=1695|mle_ms=107.629|monotonic_ms=110|clock_delta_ms=2.3
71|clock_suspect=0
PMLE_LIVE_REPLAY_TIC|tic=1696|mle_ms=46.731|monotonic_ms=40|clock_delta_ms=6.731
|clock_suspect=0
PMLE_LIVE_REPLAY_TIC|tic=1697|mle_ms=66.403|monotonic_ms=70|clock_delta_ms=3.597
|clock_suspect=0
PMLE_LIVE_REPLAY_TIC|tic=1698|mle_ms=104.14|monotonic_ms=100|clock_delta_ms=4.14
|clock_suspect=0
PMLE_LIVE_REPLAY_TIC|tic=1699|mle_ms=19.778|monotonic_ms=20|clock_delta_ms=.222|
clock_suspect=0
PMLE_LIVE_REPLAY_TIC|tic=1700|mle_ms=68.265|monotonic_ms=70|clock_delta_ms=1.735
|clock_suspect=0
PMLE_LIVE_REPLAY_TIC|tic=1701|mle_ms=89.372|monotonic_ms=80|clock_delta_ms=9.372
|clock_suspect=0
PMLE_LIVE_REPLAY_TIC|tic=1702|mle_ms=16.167|monotonic_ms=20|clock_delta_ms=3.833
|clock_suspect=0
PMLE_LIVE_REPLAY_TIC|tic=1703|mle_ms=79.699|monotonic_ms=80|clock_delta_ms=.301|
clock_suspect=0
PMLE_LIVE_REPLAY_TIC|tic=1704|mle_ms=95.184|monotonic_ms=100|clock_delta_ms=4.81
6|clock_suspect=0
PMLE_LIVE_REPLAY_TIC|tic=1705|mle_ms=14.43|monotonic_ms=10|clock_delta_ms=4.43|c
lock_suspect=0
PMLE_LIVE_REPLAY_TIC|tic=1706|mle_ms=93.711|monotonic_ms=90|clock_delta_ms=3.711
|clock_suspect=0
PMLE_LIVE_REPLAY_TIC|tic=1707|mle_ms=74.536|monotonic_ms=80|clock_delta_ms=5.464
|clock_suspect=0
PMLE_LIVE_REPLAY_TIC|tic=1708|mle_ms=12.122|monotonic_ms=10|clock_delta_ms=2.122
|clock_suspect=0
PMLE_LIVE_REPLAY_TIC|tic=1709|mle_ms=66.15|monotonic_ms=70|clock_delta_ms=3.85|c
lock_suspect=0
PMLE_LIVE_REPLAY_TIC|tic=1710|mle_ms=80.686|monotonic_ms=80|clock_delta_ms=.686|
clock_suspect=0
PMLE_LIVE_REPLAY_TIC|tic=1711|mle_ms=12.299|monotonic_ms=10|clock_delta_ms=2.299
|clock_suspect=0
PMLE_LIVE_REPLAY_TIC|tic=1712|mle_ms=15.737|monotonic_ms=20|clock_delta_ms=4.263
|clock_suspect=0
PMLE_LIVE_REPLAY_TIC|tic=1713|mle_ms=80.427|monotonic_ms=80|clock_delta_ms=.427|
clock_suspect=0
PMLE_LIVE_REPLAY_TIC|tic=1714|mle_ms=16.195|monotonic_ms=10|clock_delta_ms=6.195
|clock_suspect=0
PMLE_LIVE_REPLAY_TIC|tic=1715|mle_ms=16.532|monotonic_ms=20|clock_delta_ms=3.468
|clock_suspect=0
PMLE_LIVE_REPLAY_TIC|tic=1716|mle_ms=103.777|monotonic_ms=100|clock_delta_ms=3.7
77|clock_suspect=0
PMLE_LIVE_REPLAY_TIC|tic=1717|mle_ms=11.835|monotonic_ms=20|clock_delta_ms=8.165
|clock_suspect=0
PMLE_LIVE_REPLAY_TIC|tic=1718|mle_ms=60.001|monotonic_ms=60|clock_delta_ms=.001|
clock_suspect=0
PMLE_LIVE_REPLAY_TIC|tic=1719|mle_ms=102.89|monotonic_ms=100|clock_delta_ms=2.89
|clock_suspect=0
PMLE_LIVE_REPLAY_TIC|tic=1720|mle_ms=12.03|monotonic_ms=10|clock_delta_ms=2.03|c
lock_suspect=0
PMLE_LIVE_REPLAY_TIC|tic=1721|mle_ms=75.102|monotonic_ms=80|clock_delta_ms=4.898
|clock_suspect=0
PMLE_LIVE_REPLAY_TIC|tic=1722|mle_ms=102.668|monotonic_ms=100|clock_delta_ms=2.6
68|clock_suspect=0
PMLE_LIVE_REPLAY_TIC|tic=1723|mle_ms=23.76|monotonic_ms=20|clock_delta_ms=3.76|c
lock_suspect=0
PMLE_LIVE_REPLAY_TIC|tic=1724|mle_ms=87.38|monotonic_ms=90|clock_delta_ms=2.62|c
lock_suspect=0
PMLE_LIVE_REPLAY_TIC|tic=1725|mle_ms=26.443|monotonic_ms=30|clock_delta_ms=3.557
|clock_suspect=0
PMLE_LIVE_REPLAY_TIC|tic=1726|mle_ms=44.007|monotonic_ms=40|clock_delta_ms=4.007
|clock_suspect=0
PMLE_LIVE_REPLAY_TIC|tic=1727|mle_ms=59.062|monotonic_ms=60|clock_delta_ms=.938|
clock_suspect=0
PMLE_LIVE_REPLAY_TIC|tic=1728|mle_ms=34.506|monotonic_ms=30|clock_delta_ms=4.506
|clock_suspect=0
PMLE_LIVE_REPLAY_TIC|tic=1729|mle_ms=13.428|monotonic_ms=20|clock_delta_ms=6.572
|clock_suspect=0
PMLE_LIVE_REPLAY_TIC|tic=1730|mle_ms=74.235|monotonic_ms=70|clock_delta_ms=4.235
|clock_suspect=0
PMLE_LIVE_REPLAY_TIC|tic=1731|mle_ms=27.312|monotonic_ms=30|clock_delta_ms=2.688
|clock_suspect=0
PMLE_LIVE_REPLAY_TIC|tic=1732|mle_ms=10.946|monotonic_ms=10|clock_delta_ms=.946|
clock_suspect=0
PMLE_LIVE_REPLAY_TIC|tic=1733|mle_ms=64.513|monotonic_ms=60|clock_delta_ms=4.513
|clock_suspect=0
PMLE_LIVE_REPLAY_TIC|tic=1734|mle_ms=34.616|monotonic_ms=30|clock_delta_ms=4.616
|clock_suspect=0
PMLE_LIVE_REPLAY_TIC|tic=1735|mle_ms=10.96|monotonic_ms=10|clock_delta_ms=.96|cl
ock_suspect=0
PMLE_LIVE_REPLAY_TIC|tic=1736|mle_ms=88.66|monotonic_ms=90|clock_delta_ms=1.34|c
lock_suspect=0
PMLE_LIVE_REPLAY_TIC|tic=1737|mle_ms=29.051|monotonic_ms=30|clock_delta_ms=.949|
clock_suspect=0
PMLE_LIVE_REPLAY_TIC|tic=1738|mle_ms=11.375|monotonic_ms=10|clock_delta_ms=1.375
|clock_suspect=0
PMLE_LIVE_REPLAY_TIC|tic=1739|mle_ms=62.4|monotonic_ms=60|clock_delta_ms=2.4|clo
ck_suspect=0
PMLE_LIVE_REPLAY_TIC|tic=1740|mle_ms=26.348|monotonic_ms=30|clock_delta_ms=3.652
|clock_suspect=0
PMLE_LIVE_REPLAY_TIC|tic=1741|mle_ms=12.03|monotonic_ms=10|clock_delta_ms=2.03|c
lock_suspect=0
PMLE_LIVE_REPLAY_TIC|tic=1742|mle_ms=19.116|monotonic_ms=20|clock_delta_ms=.884|
clock_suspect=0
PMLE_LIVE_REPLAY_TIC|tic=1743|mle_ms=44.583|monotonic_ms=40|clock_delta_ms=4.583
|clock_suspect=0
PMLE_LIVE_REPLAY_TIC|tic=1744|mle_ms=16.701|monotonic_ms=20|clock_delta_ms=3.299
|clock_suspect=0
PMLE_LIVE_REPLAY_TIC|tic=1745|mle_ms=15.515|monotonic_ms=20|clock_delta_ms=4.485
|clock_suspect=0
PMLE_LIVE_REPLAY_TIC|tic=1746|mle_ms=60.633|monotonic_ms=60|clock_delta_ms=.633|
clock_suspect=0
PMLE_LIVE_REPLAY_TIC|tic=1747|mle_ms=9.688|monotonic_ms=10|clock_delta_ms=.312|c
lock_suspect=0
PMLE_LIVE_REPLAY_TIC|tic=1748|mle_ms=15.031|monotonic_ms=10|clock_delta_ms=5.031
|clock_suspect=0
PMLE_LIVE_REPLAY_TIC|tic=1749|mle_ms=30.79|monotonic_ms=30|clock_delta_ms=.79|cl
ock_suspect=0
PMLE_LIVE_REPLAY_TIC|tic=1750|mle_ms=11.602|monotonic_ms=20|clock_delta_ms=8.398
|clock_suspect=0
PMLE_LIVE_REPLAY_TIC|tic=1751|mle_ms=15.99|monotonic_ms=10|clock_delta_ms=5.99|c
lock_suspect=0
PMLE_LIVE_REPLAY_TIC|tic=1752|mle_ms=71.633|monotonic_ms=70|clock_delta_ms=1.633
|clock_suspect=0
PMLE_LIVE_REPLAY_TIC|tic=1753|mle_ms=20.732|monotonic_ms=20|clock_delta_ms=.732|
clock_suspect=0
PMLE_LIVE_REPLAY_TIC|tic=1754|mle_ms=19.393|monotonic_ms=20|clock_delta_ms=.607|
clock_suspect=0
PMLE_LIVE_REPLAY_TIC|tic=1755|mle_ms=98.963|monotonic_ms=100|clock_delta_ms=1.03
7|clock_suspect=0
PMLE_LIVE_REPLAY_TIC|tic=1756|mle_ms=50.769|monotonic_ms=50|clock_delta_ms=.769|
clock_suspect=0
PMLE_LIVE_REPLAY_TIC|tic=1757|mle_ms=19.685|monotonic_ms=20|clock_delta_ms=.315|
clock_suspect=0
PMLE_LIVE_REPLAY_TIC|tic=1758|mle_ms=70.818|monotonic_ms=70|clock_delta_ms=.818|
clock_suspect=0
PMLE_LIVE_REPLAY_TIC|tic=1759|mle_ms=12.652|monotonic_ms=20|clock_delta_ms=7.348
|clock_suspect=0
PMLE_LIVE_REPLAY_TIC|tic=1760|mle_ms=55.099|monotonic_ms=50|clock_delta_ms=5.099
|clock_suspect=0
PMLE_LIVE_REPLAY_TIC|tic=1761|mle_ms=67.635|monotonic_ms=70|clock_delta_ms=2.365
|clock_suspect=0
PMLE_LIVE_REPLAY_TIC|tic=1762|mle_ms=49.986|monotonic_ms=50|clock_delta_ms=.014|
clock_suspect=0
PMLE_LIVE_REPLAY_TIC|tic=1763|mle_ms=79.478|monotonic_ms=80|clock_delta_ms=.522|
clock_suspect=0
PMLE_LIVE_REPLAY_TIC|tic=1764|mle_ms=87.764|monotonic_ms=90|clock_delta_ms=2.236
|clock_suspect=0
PMLE_LIVE_REPLAY_TIC|tic=1765|mle_ms=15.296|monotonic_ms=10|clock_delta_ms=5.296
|clock_suspect=0
PMLE_LIVE_REPLAY_TIC|tic=1766|mle_ms=104.069|monotonic_ms=110|clock_delta_ms=5.9
31|clock_suspect=0
PMLE_LIVE_REPLAY_TIC|tic=1767|mle_ms=67.644|monotonic_ms=60|clock_delta_ms=7.644
|clock_suspect=0
PMLE_LIVE_REPLAY_TIC|tic=1768|mle_ms=11.552|monotonic_ms=20|clock_delta_ms=8.448
|clock_suspect=0
PMLE_LIVE_REPLAY_TIC|tic=1769|mle_ms=72.581|monotonic_ms=70|clock_delta_ms=2.581
|clock_suspect=0
PMLE_LIVE_REPLAY_TIC|tic=1770|mle_ms=77.661|monotonic_ms=80|clock_delta_ms=2.339
|clock_suspect=0
PMLE_LIVE_REPLAY_TIC|tic=1771|mle_ms=18.846|monotonic_ms=20|clock_delta_ms=1.154
|clock_suspect=0
PMLE_LIVE_REPLAY_TIC|tic=1772|mle_ms=66.757|monotonic_ms=60|clock_delta_ms=6.757
|clock_suspect=0
PMLE_LIVE_REPLAY_TIC|tic=1773|mle_ms=85.54|monotonic_ms=90|clock_delta_ms=4.46|c
lock_suspect=0
PMLE_LIVE_REPLAY_TIC|tic=1774|mle_ms=19.429|monotonic_ms=20|clock_delta_ms=.571|
clock_suspect=0
PMLE_LIVE_REPLAY_TIC|tic=1775|mle_ms=85.191|monotonic_ms=80|clock_delta_ms=5.191
|clock_suspect=0
PMLE_LIVE_REPLAY_TIC|tic=1776|mle_ms=118.111|monotonic_ms=120|clock_delta_ms=1.8
89|clock_suspect=0
PMLE_LIVE_REPLAY_TIC|tic=1777|mle_ms=9.677|monotonic_ms=10|clock_delta_ms=.323|c
lock_suspect=0
PMLE_LIVE_REPLAY_TIC|tic=1778|mle_ms=59.18|monotonic_ms=60|clock_delta_ms=.82|cl
ock_suspect=0
PMLE_LIVE_REPLAY_TIC|tic=1779|mle_ms=60.367|monotonic_ms=60|clock_delta_ms=.367|
clock_suspect=0
PMLE_LIVE_REPLAY_TIC|tic=1780|mle_ms=11.87|monotonic_ms=10|clock_delta_ms=1.87|c
lock_suspect=0
PMLE_LIVE_REPLAY_TIC|tic=1781|mle_ms=46.202|monotonic_ms=50|clock_delta_ms=3.798
|clock_suspect=0
PMLE_LIVE_REPLAY_TIC|tic=1782|mle_ms=67.949|monotonic_ms=70|clock_delta_ms=2.051
|clock_suspect=0
PMLE_LIVE_REPLAY_TIC|tic=1783|mle_ms=179.87|monotonic_ms=180|clock_delta_ms=.13|
clock_suspect=0
PMLE_LIVE_REPLAY_TIC|tic=1784|mle_ms=23.373|monotonic_ms=20|clock_delta_ms=3.373
|clock_suspect=0
PMLE_LIVE_REPLAY_TIC|tic=1785|mle_ms=64.438|monotonic_ms=60|clock_delta_ms=4.438
|clock_suspect=0
PMLE_LIVE_REPLAY_TIC|tic=1786|mle_ms=152.219|monotonic_ms=160|clock_delta_ms=7.7
81|clock_suspect=0
PMLE_LIVE_REPLAY_TIC|tic=1787|mle_ms=15.534|monotonic_ms=10|clock_delta_ms=5.534
|clock_suspect=0
PMLE_LIVE_REPLAY_TIC|tic=1788|mle_ms=67.003|monotonic_ms=70|clock_delta_ms=2.997
|clock_suspect=0
PMLE_LIVE_REPLAY_TIC|tic=1789|mle_ms=12.202|monotonic_ms=10|clock_delta_ms=2.202
|clock_suspect=0
PMLE_LIVE_REPLAY_TIC|tic=1790|mle_ms=63.671|monotonic_ms=70|clock_delta_ms=6.329
|clock_suspect=0
PMLE_LIVE_REPLAY_TIC|tic=1791|mle_ms=69.964|monotonic_ms=70|clock_delta_ms=.036|
clock_suspect=0
PMLE_LIVE_REPLAY_TIC|tic=1792|mle_ms=13.552|monotonic_ms=10|clock_delta_ms=3.552
|clock_suspect=0
PMLE_LIVE_REPLAY_TIC|tic=1793|mle_ms=69.869|monotonic_ms=70|clock_delta_ms=.131|
clock_suspect=0
PMLE_LIVE_REPLAY_TIC|tic=1794|mle_ms=73.033|monotonic_ms=70|clock_delta_ms=3.033
|clock_suspect=0
PMLE_LIVE_REPLAY_TIC|tic=1795|mle_ms=12.49|monotonic_ms=10|clock_delta_ms=2.49|c
lock_suspect=0
PMLE_LIVE_REPLAY_TIC|tic=1796|mle_ms=117.733|monotonic_ms=120|clock_delta_ms=2.2
67|clock_suspect=0
PMLE_LIVE_REPLAY_TIC|tic=1797|mle_ms=67.788|monotonic_ms=70|clock_delta_ms=2.212
|clock_suspect=0
PMLE_LIVE_REPLAY_TIC|tic=1798|mle_ms=11.822|monotonic_ms=10|clock_delta_ms=1.822
|clock_suspect=0
PMLE_LIVE_REPLAY_TIC|tic=1799|mle_ms=90.667|monotonic_ms=90|clock_delta_ms=.667|
clock_suspect=0
PMLE_LIVE_REPLAY_TIC|tic=1800|mle_ms=99.316|monotonic_ms=100|clock_delta_ms=.684
|clock_suspect=0
PMLE_LIVE_REPLAY_TIC|tic=1801|mle_ms=15.176|monotonic_ms=20|clock_delta_ms=4.824
|clock_suspect=0
PMLE_LIVE_REPLAY_TIC|tic=1802|mle_ms=66.713|monotonic_ms=60|clock_delta_ms=6.713
|clock_suspect=0
PMLE_LIVE_REPLAY_TIC|tic=1803|mle_ms=81.221|monotonic_ms=80|clock_delta_ms=1.221
|clock_suspect=0
PMLE_LIVE_REPLAY_TIC|tic=1804|mle_ms=15.92|monotonic_ms=20|clock_delta_ms=4.08|c
lock_suspect=0
PMLE_LIVE_REPLAY_TIC|tic=1805|mle_ms=58.604|monotonic_ms=60|clock_delta_ms=1.396
|clock_suspect=0
PMLE_LIVE_REPLAY_TIC|tic=1806|mle_ms=99.795|monotonic_ms=100|clock_delta_ms=.205
|clock_suspect=0
PMLE_LIVE_REPLAY_TIC|tic=1807|mle_ms=15.502|monotonic_ms=10|clock_delta_ms=5.502
|clock_suspect=0
PMLE_LIVE_REPLAY_TIC|tic=1808|mle_ms=61.902|monotonic_ms=70|clock_delta_ms=8.098
|clock_suspect=0
PMLE_LIVE_REPLAY_TIC|tic=1809|mle_ms=68.155|monotonic_ms=60|clock_delta_ms=8.155
|clock_suspect=0
PMLE_LIVE_REPLAY_TIC|tic=1810|mle_ms=18.068|monotonic_ms=20|clock_delta_ms=1.932
|clock_suspect=0
PMLE_LIVE_REPLAY_TIC|tic=1811|mle_ms=69.739|monotonic_ms=70|clock_delta_ms=.261|
clock_suspect=0
PMLE_LIVE_REPLAY_TIC|tic=1812|mle_ms=76.436|monotonic_ms=80|clock_delta_ms=3.564
|clock_suspect=0
PMLE_LIVE_REPLAY_TIC|tic=1813|mle_ms=29.296|monotonic_ms=30|clock_delta_ms=.704|
clock_suspect=0
PMLE_LIVE_REPLAY_TIC|tic=1814|mle_ms=64.64|monotonic_ms=60|clock_delta_ms=4.64|c
lock_suspect=0
PMLE_LIVE_REPLAY_TIC|tic=1815|mle_ms=98.461|monotonic_ms=100|clock_delta_ms=1.53
9|clock_suspect=0
PMLE_LIVE_REPLAY_TIC|tic=1816|mle_ms=57.869|monotonic_ms=60|clock_delta_ms=2.131
|clock_suspect=0
PMLE_LIVE_REPLAY_TIC|tic=1817|mle_ms=62.487|monotonic_ms=60|clock_delta_ms=2.487
|clock_suspect=0
PMLE_LIVE_REPLAY_TIC|tic=1818|mle_ms=100.906|monotonic_ms=100|clock_delta_ms=.90
6|clock_suspect=0
PMLE_LIVE_REPLAY_TIC|tic=1819|mle_ms=20.522|monotonic_ms=20|clock_delta_ms=.522|
clock_suspect=0
PMLE_LIVE_REPLAY_TIC|tic=1820|mle_ms=72.553|monotonic_ms=80|clock_delta_ms=7.447
|clock_suspect=0
PMLE_LIVE_REPLAY_TIC|tic=1821|mle_ms=90.286|monotonic_ms=90|clock_delta_ms=.286|
clock_suspect=0
PMLE_LIVE_REPLAY_TIC|tic=1822|mle_ms=20.124|monotonic_ms=20|clock_delta_ms=.124|
clock_suspect=0
PMLE_LIVE_REPLAY_TIC|tic=1823|mle_ms=65.583|monotonic_ms=60|clock_delta_ms=5.583
|clock_suspect=0
PMLE_LIVE_REPLAY_TIC|tic=1824|mle_ms=78.824|monotonic_ms=80|clock_delta_ms=1.176
|clock_suspect=0
PMLE_LIVE_REPLAY_TIC|tic=1825|mle_ms=17.533|monotonic_ms=20|clock_delta_ms=2.467
|clock_suspect=0
PMLE_LIVE_REPLAY_TIC|tic=1826|mle_ms=100.298|monotonic_ms=100|clock_delta_ms=.29
8|clock_suspect=0
PMLE_LIVE_REPLAY_TIC|tic=1827|mle_ms=72.581|monotonic_ms=70|clock_delta_ms=2.581
|clock_suspect=0
PMLE_LIVE_REPLAY_TIC|tic=1828|mle_ms=17.637|monotonic_ms=20|clock_delta_ms=2.363
|clock_suspect=0
PMLE_LIVE_REPLAY_TIC|tic=1829|mle_ms=66.596|monotonic_ms=70|clock_delta_ms=3.404
|clock_suspect=0
PMLE_LIVE_REPLAY_TIC|tic=1830|mle_ms=75.176|monotonic_ms=70|clock_delta_ms=5.176
|clock_suspect=0
PMLE_LIVE_REPLAY_TIC|tic=1831|mle_ms=21.517|monotonic_ms=20|clock_delta_ms=1.517
|clock_suspect=0
PMLE_LIVE_REPLAY_TIC|tic=1832|mle_ms=100.481|monotonic_ms=100|clock_delta_ms=.48
1|clock_suspect=0
PMLE_LIVE_REPLAY_TIC|tic=1833|mle_ms=93.58|monotonic_ms=100|clock_delta_ms=6.42|
clock_suspect=0
PMLE_LIVE_REPLAY_TIC|tic=1834|mle_ms=27.329|monotonic_ms=20|clock_delta_ms=7.329
|clock_suspect=0
PMLE_LIVE_REPLAY_TIC|tic=1835|mle_ms=65.78|monotonic_ms=70|clock_delta_ms=4.22|c
lock_suspect=0
PMLE_LIVE_REPLAY_TIC|tic=1836|mle_ms=104.127|monotonic_ms=100|clock_delta_ms=4.1
27|clock_suspect=0
PMLE_LIVE_REPLAY_TIC|tic=1837|mle_ms=19.196|monotonic_ms=20|clock_delta_ms=.804|
clock_suspect=0
PMLE_LIVE_REPLAY_TIC|tic=1838|mle_ms=62.531|monotonic_ms=70|clock_delta_ms=7.469
|clock_suspect=0
PMLE_LIVE_REPLAY_TIC|tic=1839|mle_ms=77.43|monotonic_ms=70|clock_delta_ms=7.43|c
lock_suspect=0
PMLE_LIVE_REPLAY_TIC|tic=1840|mle_ms=26.003|monotonic_ms=30|clock_delta_ms=3.997
|clock_suspect=0
PMLE_LIVE_REPLAY_TIC|tic=1841|mle_ms=83.695|monotonic_ms=80|clock_delta_ms=3.695
|clock_suspect=0
PMLE_LIVE_REPLAY_TIC|tic=1842|mle_ms=120.434|monotonic_ms=120|clock_delta_ms=.43
4|clock_suspect=0
PMLE_LIVE_REPLAY_TIC|tic=1843|mle_ms=34.306|monotonic_ms=40|clock_delta_ms=5.694
|clock_suspect=0
PMLE_LIVE_REPLAY_TIC|tic=1844|mle_ms=88.043|monotonic_ms=90|clock_delta_ms=1.957
|clock_suspect=0
PMLE_LIVE_REPLAY_TIC|tic=1845|mle_ms=81.171|monotonic_ms=80|clock_delta_ms=1.171
|clock_suspect=0
PMLE_LIVE_REPLAY_TIC|tic=1846|mle_ms=44.974|monotonic_ms=40|clock_delta_ms=4.974
|clock_suspect=0
PMLE_LIVE_REPLAY_TIC|tic=1847|mle_ms=82.241|monotonic_ms=90|clock_delta_ms=7.759
|clock_suspect=0
PMLE_LIVE_REPLAY_TIC|tic=1848|mle_ms=106.065|monotonic_ms=100|clock_delta_ms=6.0
65|clock_suspect=0
PMLE_LIVE_REPLAY_TIC|tic=1849|mle_ms=18.358|monotonic_ms=20|clock_delta_ms=1.642
|clock_suspect=0
PMLE_LIVE_REPLAY_TIC|tic=1850|mle_ms=93.378|monotonic_ms=90|clock_delta_ms=3.378
|clock_suspect=0
PMLE_LIVE_REPLAY_TIC|tic=1851|mle_ms=75.013|monotonic_ms=80|clock_delta_ms=4.987
|clock_suspect=0
PMLE_LIVE_REPLAY_TIC|tic=1852|mle_ms=19.751|monotonic_ms=20|clock_delta_ms=.249|
clock_suspect=0
PMLE_LIVE_REPLAY_TIC|tic=1853|mle_ms=76.825|monotonic_ms=70|clock_delta_ms=6.825
|clock_suspect=0
PMLE_LIVE_REPLAY_TIC|tic=1854|mle_ms=120.522|monotonic_ms=130|clock_delta_ms=9.4
78|clock_suspect=0
PMLE_LIVE_REPLAY_TIC|tic=1855|mle_ms=21.901|monotonic_ms=20|clock_delta_ms=1.901
|clock_suspect=0
PMLE_LIVE_REPLAY_TIC|tic=1856|mle_ms=135.718|monotonic_ms=130|clock_delta_ms=5.7
18|clock_suspect=0
PMLE_LIVE_REPLAY_TIC|tic=1857|mle_ms=102.996|monotonic_ms=110|clock_delta_ms=7.0
04|clock_suspect=0
PMLE_LIVE_REPLAY_TIC|tic=1858|mle_ms=22.494|monotonic_ms=20|clock_delta_ms=2.494
|clock_suspect=0
PMLE_LIVE_REPLAY_TIC|tic=1859|mle_ms=90.612|monotonic_ms=90|clock_delta_ms=.612|
clock_suspect=0
PMLE_LIVE_REPLAY_TIC|tic=1860|mle_ms=111.723|monotonic_ms=110|clock_delta_ms=1.7
23|clock_suspect=0
PMLE_LIVE_REPLAY_TIC|tic=1861|mle_ms=21.687|monotonic_ms=20|clock_delta_ms=1.687
|clock_suspect=0
PMLE_LIVE_REPLAY_TIC|tic=1862|mle_ms=71.644|monotonic_ms=80|clock_delta_ms=8.356
|clock_suspect=0
PMLE_LIVE_REPLAY_TIC|tic=1863|mle_ms=77.897|monotonic_ms=70|clock_delta_ms=7.897
|clock_suspect=0
PMLE_LIVE_REPLAY_TIC|tic=1864|mle_ms=22.095|monotonic_ms=30|clock_delta_ms=7.905
|clock_suspect=0
PMLE_LIVE_REPLAY_TIC|tic=1865|mle_ms=68.945|monotonic_ms=60|clock_delta_ms=8.945
|clock_suspect=0
PMLE_LIVE_REPLAY_TIC|tic=1866|mle_ms=96.046|monotonic_ms=100|clock_delta_ms=3.95
4|clock_suspect=0
PMLE_LIVE_REPLAY_TIC|tic=1867|mle_ms=21.62|monotonic_ms=20|clock_delta_ms=1.62|c
lock_suspect=0
PMLE_LIVE_REPLAY_TIC|tic=1868|mle_ms=102.349|monotonic_ms=100|clock_delta_ms=2.3
49|clock_suspect=0
PMLE_LIVE_REPLAY_TIC|tic=1869|mle_ms=79.5|monotonic_ms=80|clock_delta_ms=.5|cloc
k_suspect=0
PMLE_LIVE_REPLAY_TIC|tic=1870|mle_ms=20.232|monotonic_ms=20|clock_delta_ms=.232|
clock_suspect=0
PMLE_LIVE_REPLAY_TIC|tic=1871|mle_ms=72.647|monotonic_ms=80|clock_delta_ms=7.353
|clock_suspect=0
PMLE_LIVE_REPLAY_TIC|tic=1872|mle_ms=76.476|monotonic_ms=70|clock_delta_ms=6.476
|clock_suspect=0
PMLE_LIVE_REPLAY_TIC|tic=1873|mle_ms=19.648|monotonic_ms=20|clock_delta_ms=.352|
clock_suspect=0
PMLE_LIVE_REPLAY_TIC|tic=1874|mle_ms=101.085|monotonic_ms=100|clock_delta_ms=1.0
85|clock_suspect=0
PMLE_LIVE_REPLAY_TIC|tic=1875|mle_ms=82.933|monotonic_ms=90|clock_delta_ms=7.067
|clock_suspect=0
PMLE_LIVE_REPLAY_TIC|tic=1876|mle_ms=32.677|monotonic_ms=30|clock_delta_ms=2.677
|clock_suspect=0
PMLE_LIVE_REPLAY_TIC|tic=1877|mle_ms=83.045|monotonic_ms=80|clock_delta_ms=3.045
|clock_suspect=0
PMLE_LIVE_REPLAY_TIC|tic=1878|mle_ms=58.67|monotonic_ms=60|clock_delta_ms=1.33|c
lock_suspect=0
PMLE_LIVE_REPLAY_TIC|tic=1879|mle_ms=10.497|monotonic_ms=10|clock_delta_ms=.497|
clock_suspect=0
PMLE_LIVE_REPLAY_TIC|tic=1880|mle_ms=63.658|monotonic_ms=70|clock_delta_ms=6.342
|clock_suspect=0
PMLE_LIVE_REPLAY_TIC|tic=1881|mle_ms=57.948|monotonic_ms=50|clock_delta_ms=7.948
|clock_suspect=0
PMLE_LIVE_REPLAY_TIC|tic=1882|mle_ms=89.637|monotonic_ms=90|clock_delta_ms=.363|
clock_suspect=0
PMLE_LIVE_REPLAY_TIC|tic=1883|mle_ms=78.746|monotonic_ms=80|clock_delta_ms=1.254
|clock_suspect=0
PMLE_LIVE_REPLAY_TIC|tic=1884|mle_ms=76.693|monotonic_ms=80|clock_delta_ms=3.307
|clock_suspect=0
PMLE_LIVE_REPLAY_TIC|tic=1885|mle_ms=11.913|monotonic_ms=10|clock_delta_ms=1.913
|clock_suspect=0
PMLE_LIVE_REPLAY_TIC|tic=1886|mle_ms=90.253|monotonic_ms=90|clock_delta_ms=.253|
clock_suspect=0
PMLE_LIVE_REPLAY_TIC|tic=1887|mle_ms=71.792|monotonic_ms=70|clock_delta_ms=1.792
|clock_suspect=0
PMLE_LIVE_REPLAY_TIC|tic=1888|mle_ms=11.973|monotonic_ms=20|clock_delta_ms=8.027
|clock_suspect=0
PMLE_LIVE_REPLAY_TIC|tic=1889|mle_ms=18.658|monotonic_ms=10|clock_delta_ms=8.658
|clock_suspect=0
PMLE_LIVE_REPLAY_TIC|tic=1890|mle_ms=72.224|monotonic_ms=80|clock_delta_ms=7.776
|clock_suspect=0
PMLE_LIVE_REPLAY_TIC|tic=1891|mle_ms=12.316|monotonic_ms=10|clock_delta_ms=2.316
|clock_suspect=0
PMLE_LIVE_REPLAY_TIC|tic=1892|mle_ms=16.486|monotonic_ms=20|clock_delta_ms=3.514
|clock_suspect=0
PMLE_LIVE_REPLAY_TIC|tic=1893|mle_ms=91.987|monotonic_ms=90|clock_delta_ms=1.987
|clock_suspect=0
PMLE_LIVE_REPLAY_TIC|tic=1894|mle_ms=15.631|monotonic_ms=10|clock_delta_ms=5.631
|clock_suspect=0
PMLE_LIVE_REPLAY_TIC|tic=1895|mle_ms=43.796|monotonic_ms=50|clock_delta_ms=6.204
|clock_suspect=0
PMLE_LIVE_REPLAY_TIC|tic=1896|mle_ms=89.504|monotonic_ms=90|clock_delta_ms=.496|
clock_suspect=0
PMLE_LIVE_REPLAY_TIC|tic=1897|mle_ms=16.739|monotonic_ms=10|clock_delta_ms=6.739
|clock_suspect=0
PMLE_LIVE_REPLAY_TIC|tic=1898|mle_ms=58.254|monotonic_ms=60|clock_delta_ms=1.746
|clock_suspect=0
PMLE_LIVE_REPLAY_TIC|tic=1899|mle_ms=76.694|monotonic_ms=80|clock_delta_ms=3.306
|clock_suspect=0
PMLE_LIVE_REPLAY_TIC|tic=1900|mle_ms=19.381|monotonic_ms=20|clock_delta_ms=.619|
clock_suspect=0
PMLE_LIVE_REPLAY_TIC|tic=1901|mle_ms=58.833|monotonic_ms=60|clock_delta_ms=1.167
|clock_suspect=0
PMLE_LIVE_REPLAY_TIC|tic=1902|mle_ms=82.19|monotonic_ms=80|clock_delta_ms=2.19|c
lock_suspect=0
PMLE_LIVE_REPLAY_TIC|tic=1903|mle_ms=27.678|monotonic_ms=30|clock_delta_ms=2.322
|clock_suspect=0
PMLE_LIVE_REPLAY_TIC|tic=1904|mle_ms=74.591|monotonic_ms=70|clock_delta_ms=4.591
|clock_suspect=0
PMLE_LIVE_REPLAY_TIC|tic=1905|mle_ms=71.085|monotonic_ms=70|clock_delta_ms=1.085
|clock_suspect=0
PMLE_LIVE_REPLAY_TIC|tic=1906|mle_ms=41.428|monotonic_ms=40|clock_delta_ms=1.428
|clock_suspect=0
PMLE_LIVE_REPLAY_TIC|tic=1907|mle_ms=120.072|monotonic_ms=120|clock_delta_ms=.07
2|clock_suspect=0
PMLE_LIVE_REPLAY_TIC|tic=1908|mle_ms=76.781|monotonic_ms=80|clock_delta_ms=3.219
|clock_suspect=0
PMLE_LIVE_REPLAY_TIC|tic=1909|mle_ms=26.663|monotonic_ms=30|clock_delta_ms=3.337
|clock_suspect=0
PMLE_LIVE_REPLAY_TIC|tic=1910|mle_ms=133.087|monotonic_ms=130|clock_delta_ms=3.0
87|clock_suspect=0
PMLE_LIVE_REPLAY_TIC|tic=1911|mle_ms=117.318|monotonic_ms=120|clock_delta_ms=2.6
82|clock_suspect=0
PMLE_LIVE_REPLAY_TIC|tic=1912|mle_ms=43.017|monotonic_ms=40|clock_delta_ms=3.017
|clock_suspect=0
PMLE_LIVE_REPLAY_TIC|tic=1913|mle_ms=153.209|monotonic_ms=150|clock_delta_ms=3.2
09|clock_suspect=0
PMLE_LIVE_REPLAY_TIC|tic=1914|mle_ms=41.358|monotonic_ms=50|clock_delta_ms=8.642
|clock_suspect=0
PMLE_LIVE_REPLAY_TIC|tic=1915|mle_ms=29.924|monotonic_ms=30|clock_delta_ms=.076|
clock_suspect=0
PMLE_LIVE_REPLAY_TIC|tic=1916|mle_ms=171.024|monotonic_ms=170|clock_delta_ms=1.0
24|clock_suspect=0
PMLE_LIVE_REPLAY_TIC|tic=1917|mle_ms=40.408|monotonic_ms=40|clock_delta_ms=.408|
clock_suspect=0
PMLE_LIVE_REPLAY_TIC|tic=1918|mle_ms=34.727|monotonic_ms=30|clock_delta_ms=4.727
|clock_suspect=0
PMLE_LIVE_REPLAY_TIC|tic=1919|mle_ms=81.253|monotonic_ms=80|clock_delta_ms=1.253
|clock_suspect=0
PMLE_LIVE_REPLAY_TIC|tic=1920|mle_ms=84.847|monotonic_ms=90|clock_delta_ms=5.153
|clock_suspect=0
PMLE_LIVE_REPLAY_TIC|tic=1921|mle_ms=27.844|monotonic_ms=30|clock_delta_ms=2.156
|clock_suspect=0
PMLE_LIVE_REPLAY_TIC|tic=1922|mle_ms=77.733|monotonic_ms=70|clock_delta_ms=7.733
|clock_suspect=0
PMLE_LIVE_REPLAY_TIC|tic=1923|mle_ms=102.62|monotonic_ms=110|clock_delta_ms=7.38
|clock_suspect=0
PMLE_LIVE_REPLAY_TIC|tic=1924|mle_ms=35.414|monotonic_ms=30|clock_delta_ms=5.414
|clock_suspect=0
PMLE_LIVE_REPLAY_TIC|tic=1925|mle_ms=101.783|monotonic_ms=100|clock_delta_ms=1.7
83|clock_suspect=0
PMLE_LIVE_REPLAY_TIC|tic=1926|mle_ms=110.094|monotonic_ms=110|clock_delta_ms=.09
4|clock_suspect=0
PMLE_LIVE_REPLAY_TIC|tic=1927|mle_ms=16.286|monotonic_ms=20|clock_delta_ms=3.714
|clock_suspect=0
PMLE_LIVE_REPLAY_TIC|tic=1928|mle_ms=66.275|monotonic_ms=70|clock_delta_ms=3.725
|clock_suspect=0
PMLE_LIVE_REPLAY_TIC|tic=1929|mle_ms=70.537|monotonic_ms=70|clock_delta_ms=.537|
clock_suspect=0
PMLE_LIVE_REPLAY_TIC|tic=1930|mle_ms=16.303|monotonic_ms=10|clock_delta_ms=6.303
|clock_suspect=0
PMLE_LIVE_REPLAY_TIC|tic=1931|mle_ms=63.046|monotonic_ms=70|clock_delta_ms=6.954
|clock_suspect=0
PMLE_LIVE_REPLAY_TIC|tic=1932|mle_ms=93.686|monotonic_ms=90|clock_delta_ms=3.686
|clock_suspect=0
PMLE_LIVE_REPLAY_TIC|tic=1933|mle_ms=27.58|monotonic_ms=30|clock_delta_ms=2.42|c
lock_suspect=0
PMLE_LIVE_REPLAY_TIC|tic=1934|mle_ms=83.839|monotonic_ms=80|clock_delta_ms=3.839
|clock_suspect=0
PMLE_LIVE_REPLAY_TIC|tic=1935|mle_ms=71.887|monotonic_ms=70|clock_delta_ms=1.887
|clock_suspect=0
PMLE_LIVE_REPLAY_TIC|tic=1936|mle_ms=33.267|monotonic_ms=40|clock_delta_ms=6.733
|clock_suspect=0
PMLE_LIVE_REPLAY_TIC|tic=1937|mle_ms=64.701|monotonic_ms=60|clock_delta_ms=4.701
|clock_suspect=0
PMLE_LIVE_REPLAY_TIC|tic=1938|mle_ms=75.571|monotonic_ms=80|clock_delta_ms=4.429
|clock_suspect=0
PMLE_LIVE_REPLAY_TIC|tic=1939|mle_ms=13.96|monotonic_ms=10|clock_delta_ms=3.96|c
lock_suspect=0
PMLE_LIVE_REPLAY_TIC|tic=1940|mle_ms=70.219|monotonic_ms=70|clock_delta_ms=.219|
clock_suspect=0
PMLE_LIVE_REPLAY_TIC|tic=1941|mle_ms=135.537|monotonic_ms=140|clock_delta_ms=4.4
63|clock_suspect=0
PMLE_LIVE_REPLAY_TIC|tic=1942|mle_ms=24.216|monotonic_ms=20|clock_delta_ms=4.216
|clock_suspect=0
PMLE_LIVE_REPLAY_TIC|tic=1943|mle_ms=102.388|monotonic_ms=100|clock_delta_ms=2.3
88|clock_suspect=0
PMLE_LIVE_REPLAY_TIC|tic=1944|mle_ms=95.449|monotonic_ms=100|clock_delta_ms=4.55
1|clock_suspect=0
PMLE_LIVE_REPLAY_TIC|tic=1945|mle_ms=16.004|monotonic_ms=20|clock_delta_ms=3.996
|clock_suspect=0
PMLE_LIVE_REPLAY_TIC|tic=1946|mle_ms=98.13|monotonic_ms=90|clock_delta_ms=8.13|c
lock_suspect=0
PMLE_LIVE_REPLAY_TIC|tic=1947|mle_ms=72.064|monotonic_ms=80|clock_delta_ms=7.936
|clock_suspect=0
PMLE_LIVE_REPLAY_TIC|tic=1948|mle_ms=7.654|monotonic_ms=0|clock_delta_ms=7.654|c
lock_suspect=0
PMLE_LIVE_REPLAY_TIC|tic=1949|mle_ms=65.61|monotonic_ms=70|clock_delta_ms=4.39|c
lock_suspect=0
PMLE_LIVE_REPLAY_TIC|tic=1950|mle_ms=66.834|monotonic_ms=70|clock_delta_ms=3.166
|clock_suspect=0
PMLE_LIVE_REPLAY_TIC|tic=1951|mle_ms=8.806|monotonic_ms=10|clock_delta_ms=1.194|
clock_suspect=0
PMLE_LIVE_REPLAY_TIC|tic=1952|mle_ms=70.477|monotonic_ms=70|clock_delta_ms=.477|
clock_suspect=0
PMLE_LIVE_REPLAY_TIC|tic=1953|mle_ms=74.833|monotonic_ms=70|clock_delta_ms=4.833
|clock_suspect=0
PMLE_LIVE_REPLAY_TIC|tic=1954|mle_ms=12.172|monotonic_ms=10|clock_delta_ms=2.172
|clock_suspect=0
PMLE_LIVE_REPLAY_TIC|tic=1955|mle_ms=70.085|monotonic_ms=70|clock_delta_ms=.085|
clock_suspect=0
PMLE_LIVE_REPLAY_TIC|tic=1956|mle_ms=90.543|monotonic_ms=90|clock_delta_ms=.543|
clock_suspect=0
PMLE_LIVE_REPLAY_TIC|tic=1957|mle_ms=8.619|monotonic_ms=10|clock_delta_ms=1.381|
clock_suspect=0
PMLE_LIVE_REPLAY_TIC|tic=1958|mle_ms=68.209|monotonic_ms=70|clock_delta_ms=1.791
|clock_suspect=0
PMLE_LIVE_REPLAY_TIC|tic=1959|mle_ms=67.578|monotonic_ms=70|clock_delta_ms=2.422
|clock_suspect=0
PMLE_LIVE_REPLAY_TIC|tic=1960|mle_ms=7.612|monotonic_ms=10|clock_delta_ms=2.388|
clock_suspect=0
PMLE_LIVE_REPLAY_TIC|tic=1961|mle_ms=68.002|monotonic_ms=70|clock_delta_ms=1.998
|clock_suspect=0
PMLE_LIVE_REPLAY_TIC|tic=1962|mle_ms=67.859|monotonic_ms=60|clock_delta_ms=7.859
|clock_suspect=0
PMLE_LIVE_REPLAY_TIC|tic=1963|mle_ms=18.737|monotonic_ms=20|clock_delta_ms=1.263
|clock_suspect=0
PMLE_LIVE_REPLAY_TIC|tic=1964|mle_ms=71.483|monotonic_ms=70|clock_delta_ms=1.483
|clock_suspect=0
PMLE_LIVE_REPLAY_TIC|tic=1965|mle_ms=76.862|monotonic_ms=80|clock_delta_ms=3.138
|clock_suspect=0
PMLE_LIVE_REPLAY_TIC|tic=1966|mle_ms=35.421|monotonic_ms=40|clock_delta_ms=4.579
|clock_suspect=0
PMLE_LIVE_REPLAY_TIC|tic=1967|mle_ms=73.69|monotonic_ms=70|clock_delta_ms=3.69|c
lock_suspect=0
PMLE_LIVE_REPLAY_TIC|tic=1968|mle_ms=59.31|monotonic_ms=60|clock_delta_ms=.69|cl
ock_suspect=0
PMLE_LIVE_REPLAY_TIC|tic=1969|mle_ms=8.316|monotonic_ms=10|clock_delta_ms=1.684|
clock_suspect=0
PMLE_LIVE_REPLAY_TIC|tic=1970|mle_ms=67.158|monotonic_ms=60|clock_delta_ms=7.158
|clock_suspect=0
PMLE_LIVE_REPLAY_TIC|tic=1971|mle_ms=58.993|monotonic_ms=60|clock_delta_ms=1.007
|clock_suspect=0
PMLE_LIVE_REPLAY_TIC|tic=1972|mle_ms=8.529|monotonic_ms=10|clock_delta_ms=1.471|
clock_suspect=0
PMLE_LIVE_REPLAY_TIC|tic=1973|mle_ms=76.552|monotonic_ms=80|clock_delta_ms=3.448
|clock_suspect=0
PMLE_LIVE_REPLAY_TIC|tic=1974|mle_ms=64.683|monotonic_ms=60|clock_delta_ms=4.683
|clock_suspect=0
PMLE_LIVE_REPLAY_TIC|tic=1975|mle_ms=8.85|monotonic_ms=10|clock_delta_ms=1.15|cl
ock_suspect=0
PMLE_LIVE_REPLAY_TIC|tic=1976|mle_ms=96.523|monotonic_ms=100|clock_delta_ms=3.47
7|clock_suspect=0
PMLE_LIVE_REPLAY_TIC|tic=1977|mle_ms=86.208|monotonic_ms=90|clock_delta_ms=3.792
|clock_suspect=0
PMLE_LIVE_REPLAY_TIC|tic=1978|mle_ms=9.49|monotonic_ms=10|clock_delta_ms=.51|clo
ck_suspect=0
PMLE_LIVE_REPLAY_TIC|tic=1979|mle_ms=62.219|monotonic_ms=60|clock_delta_ms=2.219
|clock_suspect=0
PMLE_LIVE_REPLAY_TIC|tic=1980|mle_ms=60.534|monotonic_ms=60|clock_delta_ms=.534|
clock_suspect=0
PMLE_LIVE_REPLAY_TIC|tic=1981|mle_ms=8.045|monotonic_ms=10|clock_delta_ms=1.955|
clock_suspect=0
PMLE_LIVE_REPLAY_TIC|tic=1982|mle_ms=88.011|monotonic_ms=80|clock_delta_ms=8.011
|clock_suspect=0
PMLE_LIVE_REPLAY_TIC|tic=1983|mle_ms=67.263|monotonic_ms=70|clock_delta_ms=2.737
|clock_suspect=0
PMLE_LIVE_REPLAY_TIC|tic=1984|mle_ms=12.725|monotonic_ms=10|clock_delta_ms=2.725
|clock_suspect=0
PMLE_LIVE_REPLAY_TIC|tic=1985|mle_ms=60.751|monotonic_ms=70|clock_delta_ms=9.249
|clock_suspect=0
PMLE_LIVE_REPLAY_TIC|tic=1986|mle_ms=84.225|monotonic_ms=80|clock_delta_ms=4.225
|clock_suspect=0
PMLE_LIVE_REPLAY_TIC|tic=1987|mle_ms=7.91|monotonic_ms=10|clock_delta_ms=2.09|cl
ock_suspect=0
PMLE_LIVE_REPLAY_TIC|tic=1988|mle_ms=59.227|monotonic_ms=60|clock_delta_ms=.773|
clock_suspect=0
PMLE_LIVE_REPLAY_TIC|tic=1989|mle_ms=59.247|monotonic_ms=60|clock_delta_ms=.753|
clock_suspect=0
PMLE_LIVE_REPLAY_TIC|tic=1990|mle_ms=8.604|monotonic_ms=0|clock_delta_ms=8.604|c
lock_suspect=0
PMLE_LIVE_REPLAY_TIC|tic=1991|mle_ms=76.612|monotonic_ms=80|clock_delta_ms=3.388
|clock_suspect=0
PMLE_LIVE_REPLAY_TIC|tic=1992|mle_ms=61.508|monotonic_ms=60|clock_delta_ms=1.508
|clock_suspect=0
PMLE_LIVE_REPLAY_TIC|tic=1993|mle_ms=16.388|monotonic_ms=20|clock_delta_ms=3.612
|clock_suspect=0
PMLE_LIVE_REPLAY_TIC|tic=1994|mle_ms=63.458|monotonic_ms=60|clock_delta_ms=3.458
|clock_suspect=0
PMLE_LIVE_REPLAY_TIC|tic=1995|mle_ms=59.566|monotonic_ms=60|clock_delta_ms=.434|
clock_suspect=0
PMLE_LIVE_REPLAY_TIC|tic=1996|mle_ms=33.995|monotonic_ms=40|clock_delta_ms=6.005
|clock_suspect=0
PMLE_LIVE_REPLAY_TIC|tic=1997|mle_ms=62.354|monotonic_ms=60|clock_delta_ms=2.354
|clock_suspect=0
PMLE_LIVE_REPLAY_TIC|tic=1998|mle_ms=57.299|monotonic_ms=60|clock_delta_ms=2.701
|clock_suspect=0
PMLE_LIVE_REPLAY_TIC|tic=1999|mle_ms=8.355|monotonic_ms=10|clock_delta_ms=1.645|
clock_suspect=0
PMLE_LIVE_REPLAY_TIC|tic=2000|mle_ms=58.49|monotonic_ms=50|clock_delta_ms=8.49|c
lock_suspect=0
PMLE_LIVE_REPLAY_TIC|tic=2001|mle_ms=74.984|monotonic_ms=80|clock_delta_ms=5.016
|clock_suspect=0
PMLE_LIVE_REPLAY_TIC|tic=2002|mle_ms=10.195|monotonic_ms=10|clock_delta_ms=.195|
clock_suspect=0
PMLE_LIVE_REPLAY_TIC|tic=2003|mle_ms=80.355|monotonic_ms=80|clock_delta_ms=.355|
clock_suspect=0
PMLE_LIVE_REPLAY_TIC|tic=2004|mle_ms=83.282|monotonic_ms=80|clock_delta_ms=3.282
|clock_suspect=0
PMLE_LIVE_REPLAY_TIC|tic=2005|mle_ms=10.258|monotonic_ms=10|clock_delta_ms=.258|
clock_suspect=0
PMLE_LIVE_REPLAY_TIC|tic=2006|mle_ms=89.101|monotonic_ms=90|clock_delta_ms=.899|
clock_suspect=0
PMLE_LIVE_REPLAY_TIC|tic=2007|mle_ms=106.626|monotonic_ms=110|clock_delta_ms=3.3
74|clock_suspect=0
PMLE_LIVE_REPLAY_TIC|tic=2008|mle_ms=9.447|monotonic_ms=10|clock_delta_ms=.553|c
lock_suspect=0
PMLE_LIVE_REPLAY_TIC|tic=2009|mle_ms=67.719|monotonic_ms=70|clock_delta_ms=2.281
|clock_suspect=0
PMLE_LIVE_REPLAY_TIC|tic=2010|mle_ms=79.557|monotonic_ms=80|clock_delta_ms=.443|
clock_suspect=0
PMLE_LIVE_REPLAY_TIC|tic=2011|mle_ms=10.415|monotonic_ms=10|clock_delta_ms=.415|
clock_suspect=0
PMLE_LIVE_REPLAY_TIC|tic=2012|mle_ms=58.925|monotonic_ms=60|clock_delta_ms=1.075
|clock_suspect=0
PMLE_LIVE_REPLAY_TIC|tic=2013|mle_ms=69.35|monotonic_ms=70|clock_delta_ms=.65|cl
ock_suspect=0
PMLE_LIVE_REPLAY_TIC|tic=2014|mle_ms=15.119|monotonic_ms=10|clock_delta_ms=5.119
|clock_suspect=0
PMLE_LIVE_REPLAY_TIC|tic=2015|mle_ms=72.325|monotonic_ms=70|clock_delta_ms=2.325
|clock_suspect=0
PMLE_LIVE_REPLAY_TIC|tic=2016|mle_ms=77.984|monotonic_ms=80|clock_delta_ms=2.016
|clock_suspect=0
PMLE_LIVE_REPLAY_TIC|tic=2017|mle_ms=7.539|monotonic_ms=10|clock_delta_ms=2.461|
clock_suspect=0
PMLE_LIVE_REPLAY_TIC|tic=2018|mle_ms=89.294|monotonic_ms=90|clock_delta_ms=.706|
clock_suspect=0
PMLE_LIVE_REPLAY_TIC|tic=2019|mle_ms=69.778|monotonic_ms=70|clock_delta_ms=.222|
clock_suspect=0
PMLE_LIVE_REPLAY_TIC|tic=2020|mle_ms=8.799|monotonic_ms=10|clock_delta_ms=1.201|
clock_suspect=0
PMLE_LIVE_REPLAY_TIC|tic=2021|mle_ms=58.043|monotonic_ms=60|clock_delta_ms=1.957
|clock_suspect=0
PMLE_LIVE_REPLAY_TIC|tic=2022|mle_ms=64.277|monotonic_ms=60|clock_delta_ms=4.277
|clock_suspect=0
PMLE_LIVE_REPLAY_TIC|tic=2023|mle_ms=18.051|monotonic_ms=20|clock_delta_ms=1.949
|clock_suspect=0
PMLE_LIVE_REPLAY_TIC|tic=2024|mle_ms=73.056|monotonic_ms=70|clock_delta_ms=3.056
|clock_suspect=0
PMLE_LIVE_REPLAY_TIC|tic=2025|mle_ms=60.993|monotonic_ms=60|clock_delta_ms=.993|
clock_suspect=0
PMLE_LIVE_REPLAY_TIC|tic=2026|mle_ms=27.527|monotonic_ms=30|clock_delta_ms=2.473
|clock_suspect=0
PMLE_LIVE_REPLAY_TIC|tic=2027|mle_ms=54.737|monotonic_ms=50|clock_delta_ms=4.737
|clock_suspect=0
PMLE_LIVE_REPLAY_TIC|tic=2028|mle_ms=65.06|monotonic_ms=70|clock_delta_ms=4.94|c
lock_suspect=0
PMLE_LIVE_REPLAY_TIC|tic=2029|mle_ms=8.912|monotonic_ms=10|clock_delta_ms=1.088|
clock_suspect=0
PMLE_LIVE_REPLAY_TIC|tic=2030|mle_ms=59.667|monotonic_ms=60|clock_delta_ms=.333|
clock_suspect=0
PMLE_LIVE_REPLAY_TIC|tic=2031|mle_ms=57.853|monotonic_ms=60|clock_delta_ms=2.147
|clock_suspect=0
PMLE_LIVE_REPLAY_TIC|tic=2032|mle_ms=10.521|monotonic_ms=10|clock_delta_ms=.521|
clock_suspect=0
PMLE_LIVE_REPLAY_TIC|tic=2033|mle_ms=66.112|monotonic_ms=60|clock_delta_ms=6.112
|clock_suspect=0
PMLE_LIVE_REPLAY_TIC|tic=2034|mle_ms=74.942|monotonic_ms=80|clock_delta_ms=5.058
|clock_suspect=0
PMLE_LIVE_REPLAY_TIC|tic=2035|mle_ms=10.341|monotonic_ms=10|clock_delta_ms=.341|
clock_suspect=0
PMLE_LIVE_REPLAY_TIC|tic=2036|mle_ms=93.712|monotonic_ms=90|clock_delta_ms=3.712
|clock_suspect=0
PMLE_LIVE_REPLAY_TIC|tic=2037|mle_ms=58.233|monotonic_ms=60|clock_delta_ms=1.767
|clock_suspect=0
PMLE_LIVE_REPLAY_TIC|tic=2038|mle_ms=8.374|monotonic_ms=10|clock_delta_ms=1.626|
clock_suspect=0
PMLE_LIVE_REPLAY_TIC|tic=2039|mle_ms=73.198|monotonic_ms=70|clock_delta_ms=3.198
|clock_suspect=0
PMLE_LIVE_REPLAY_TIC|tic=2040|mle_ms=83.981|monotonic_ms=90|clock_delta_ms=6.019
|clock_suspect=0
PMLE_LIVE_REPLAY_TIC|tic=2041|mle_ms=8.077|monotonic_ms=0|clock_delta_ms=8.077|c
lock_suspect=0
PMLE_LIVE_REPLAY_TIC|tic=2042|mle_ms=61.528|monotonic_ms=70|clock_delta_ms=8.472
|clock_suspect=0
PMLE_LIVE_REPLAY_TIC|tic=2043|mle_ms=85.495|monotonic_ms=80|clock_delta_ms=5.495
|clock_suspect=0
PMLE_LIVE_REPLAY_TIC|tic=2044|mle_ms=16.09|monotonic_ms=20|clock_delta_ms=3.91|c
lock_suspect=0
PMLE_LIVE_REPLAY_TIC|tic=2045|mle_ms=71.957|monotonic_ms=70|clock_delta_ms=1.957
|clock_suspect=0
PMLE_LIVE_REPLAY_TIC|tic=2046|mle_ms=97.901|monotonic_ms=100|clock_delta_ms=2.09
9|clock_suspect=0
PMLE_LIVE_REPLAY_TIC|tic=2047|mle_ms=10.172|monotonic_ms=10|clock_delta_ms=.172|
clock_suspect=0
PMLE_LIVE_REPLAY_TIC|tic=2048|mle_ms=76.799|monotonic_ms=80|clock_delta_ms=3.201
|clock_suspect=0
PMLE_LIVE_REPLAY_TIC|tic=2049|mle_ms=71.274|monotonic_ms=70|clock_delta_ms=1.274
|clock_suspect=0
PMLE_LIVE_REPLAY_TIC|tic=2050|mle_ms=9.084|monotonic_ms=10|clock_delta_ms=.916|c
lock_suspect=0
PMLE_LIVE_REPLAY_TIC|tic=2051|mle_ms=60.002|monotonic_ms=60|clock_delta_ms=.002|
clock_suspect=0
PMLE_LIVE_REPLAY_TIC|tic=2052|mle_ms=62.919|monotonic_ms=60|clock_delta_ms=2.919
|clock_suspect=0
PMLE_LIVE_REPLAY_TIC|tic=2053|mle_ms=22.8|monotonic_ms=20|clock_delta_ms=2.8|clo
ck_suspect=0
PMLE_LIVE_REPLAY_TIC|tic=2054|mle_ms=71.85|monotonic_ms=70|clock_delta_ms=1.85|c
lock_suspect=0
PMLE_LIVE_REPLAY_TIC|tic=2055|mle_ms=60.145|monotonic_ms=60|clock_delta_ms=.145|
clock_suspect=0
PMLE_LIVE_REPLAY_TIC|tic=2056|mle_ms=28.119|monotonic_ms=30|clock_delta_ms=1.881
|clock_suspect=0
PMLE_LIVE_REPLAY_TIC|tic=2057|mle_ms=58.087|monotonic_ms=60|clock_delta_ms=1.913
|clock_suspect=0
PMLE_LIVE_REPLAY_TIC|tic=2058|mle_ms=59.848|monotonic_ms=60|clock_delta_ms=.152|
clock_suspect=0
PMLE_LIVE_REPLAY_TIC|tic=2059|mle_ms=8.397|monotonic_ms=10|clock_delta_ms=1.603|
clock_suspect=0
PMLE_LIVE_REPLAY_TIC|tic=2060|mle_ms=74.306|monotonic_ms=70|clock_delta_ms=4.306
|clock_suspect=0
PMLE_LIVE_REPLAY_TIC|tic=2061|mle_ms=58.075|monotonic_ms=60|clock_delta_ms=1.925
|clock_suspect=0
PMLE_LIVE_REPLAY_TIC|tic=2062|mle_ms=9.261|monotonic_ms=10|clock_delta_ms=.739|c
lock_suspect=0
PMLE_LIVE_REPLAY_TIC|tic=2063|mle_ms=71.872|monotonic_ms=70|clock_delta_ms=1.872
|clock_suspect=0
PMLE_LIVE_REPLAY_TIC|tic=2064|mle_ms=69.227|monotonic_ms=70|clock_delta_ms=.773|
clock_suspect=0
PMLE_LIVE_REPLAY_TIC|tic=2065|mle_ms=8.217|monotonic_ms=10|clock_delta_ms=1.783|
clock_suspect=0
PMLE_LIVE_REPLAY_TIC|tic=2066|mle_ms=100.738|monotonic_ms=100|clock_delta_ms=.73
8|clock_suspect=0
PMLE_LIVE_REPLAY_TIC|tic=2067|mle_ms=67.749|monotonic_ms=70|clock_delta_ms=2.251
|clock_suspect=0
PMLE_LIVE_REPLAY_TIC|tic=2068|mle_ms=7.905|monotonic_ms=10|clock_delta_ms=2.095|
clock_suspect=0
PMLE_LIVE_REPLAY_TIC|tic=2069|mle_ms=66.237|monotonic_ms=60|clock_delta_ms=6.237
|clock_suspect=0
PMLE_LIVE_REPLAY_TIC|tic=2070|mle_ms=56.7|monotonic_ms=60|clock_delta_ms=3.3|clo
ck_suspect=0
PMLE_LIVE_REPLAY_TIC|tic=2071|mle_ms=8.802|monotonic_ms=10|clock_delta_ms=1.198|
clock_suspect=0
PMLE_LIVE_REPLAY_TIC|tic=2072|mle_ms=87.309|monotonic_ms=90|clock_delta_ms=2.691
|clock_suspect=0
PMLE_LIVE_REPLAY_TIC|tic=2073|mle_ms=77.998|monotonic_ms=70|clock_delta_ms=7.998
|clock_suspect=0
PMLE_LIVE_REPLAY_TIC|tic=2074|mle_ms=13.8|monotonic_ms=20|clock_delta_ms=6.2|clo
ck_suspect=0
PMLE_LIVE_REPLAY_TIC|tic=2075|mle_ms=63.39|monotonic_ms=60|clock_delta_ms=3.39|c
lock_suspect=0
PMLE_LIVE_REPLAY_TIC|tic=2076|mle_ms=76.289|monotonic_ms=80|clock_delta_ms=3.711
|clock_suspect=0
PMLE_LIVE_REPLAY_TIC|tic=2077|mle_ms=9.094|monotonic_ms=10|clock_delta_ms=.906|c
lock_suspect=0
PMLE_LIVE_REPLAY_TIC|tic=2078|mle_ms=59.102|monotonic_ms=60|clock_delta_ms=.898|
clock_suspect=0
PMLE_LIVE_REPLAY_TIC|tic=2079|mle_ms=59.752|monotonic_ms=60|clock_delta_ms=.248|
clock_suspect=0
PMLE_LIVE_REPLAY_TIC|tic=2080|mle_ms=7.241|monotonic_ms=0|clock_delta_ms=7.241|c
lock_suspect=0
PMLE_LIVE_REPLAY_TIC|tic=2081|mle_ms=58.001|monotonic_ms=60|clock_delta_ms=1.999
|clock_suspect=0
PMLE_LIVE_REPLAY_TIC|tic=2082|mle_ms=60.566|monotonic_ms=60|clock_delta_ms=.566|
clock_suspect=0
PMLE_LIVE_REPLAY_TIC|tic=2083|mle_ms=20.497|monotonic_ms=20|clock_delta_ms=.497|
clock_suspect=0
PMLE_LIVE_REPLAY_TIC|tic=2084|mle_ms=72.472|monotonic_ms=70|clock_delta_ms=2.472
|clock_suspect=0
PMLE_LIVE_REPLAY_TIC|tic=2085|mle_ms=62.161|monotonic_ms=70|clock_delta_ms=7.839
|clock_suspect=0
PMLE_LIVE_REPLAY_TIC|tic=2086|mle_ms=26.422|monotonic_ms=20|clock_delta_ms=6.422
|clock_suspect=0
PMLE_LIVE_REPLAY_TIC|tic=2087|mle_ms=57.723|monotonic_ms=60|clock_delta_ms=2.277
|clock_suspect=0
PMLE_LIVE_REPLAY_TIC|tic=2088|mle_ms=54.278|monotonic_ms=60|clock_delta_ms=5.722
|clock_suspect=0
PMLE_LIVE_REPLAY_TIC|tic=2089|mle_ms=8.183|monotonic_ms=0|clock_delta_ms=8.183|c
lock_suspect=0
PMLE_LIVE_REPLAY_TIC|tic=2090|mle_ms=55.965|monotonic_ms=60|clock_delta_ms=4.035
|clock_suspect=0
PMLE_LIVE_REPLAY_TIC|tic=2091|mle_ms=54.229|monotonic_ms=50|clock_delta_ms=4.229
|clock_suspect=0
PMLE_LIVE_REPLAY_TIC|tic=2092|mle_ms=8.506|monotonic_ms=10|clock_delta_ms=1.494|
clock_suspect=0
PMLE_LIVE_REPLAY_TIC|tic=2093|mle_ms=72.256|monotonic_ms=80|clock_delta_ms=7.744
|clock_suspect=0
PMLE_LIVE_REPLAY_TIC|tic=2094|mle_ms=97.037|monotonic_ms=90|clock_delta_ms=7.037
|clock_suspect=0
PMLE_LIVE_REPLAY_TIC|tic=2095|mle_ms=8.029|monotonic_ms=10|clock_delta_ms=1.971|
clock_suspect=0
PMLE_LIVE_REPLAY_TIC|tic=2096|mle_ms=88.626|monotonic_ms=90|clock_delta_ms=1.374
|clock_suspect=0
PMLE_LIVE_REPLAY_TIC|tic=2097|mle_ms=62.493|monotonic_ms=60|clock_delta_ms=2.493
|clock_suspect=0
PMLE_LIVE_REPLAY_TIC|tic=2098|mle_ms=9.611|monotonic_ms=10|clock_delta_ms=.389|c
lock_suspect=0
PMLE_LIVE_REPLAY_TIC|tic=2099|mle_ms=58.988|monotonic_ms=60|clock_delta_ms=1.012
|clock_suspect=0
PMLE_LIVE_REPLAY_TIC|tic=2100|mle_ms=60.588|monotonic_ms=60|clock_delta_ms=.588|
clock_suspect=0
PMLE_LIVE_REPLAY_TIC|tic=2101|mle_ms=8.372|monotonic_ms=10|clock_delta_ms=1.628|
clock_suspect=0
PMLE_LIVE_REPLAY_TIC|tic=2102|mle_ms=85.134|monotonic_ms=80|clock_delta_ms=5.134
|clock_suspect=0
PMLE_LIVE_REPLAY_TIC|tic=2103|mle_ms=82.336|monotonic_ms=90|clock_delta_ms=7.664
|clock_suspect=0
PMLE_LIVE_REPLAY_TIC|tic=2104|mle_ms=14.37|monotonic_ms=10|clock_delta_ms=4.37|c
lock_suspect=0
PMLE_LIVE_REPLAY_TIC|tic=2105|mle_ms=71.919|monotonic_ms=70|clock_delta_ms=1.919
|clock_suspect=0
PMLE_LIVE_REPLAY_TIC|tic=2106|mle_ms=103.232|monotonic_ms=110|clock_delta_ms=6.7
68|clock_suspect=0
PMLE_LIVE_REPLAY_TIC|tic=2107|mle_ms=14.207|monotonic_ms=10|clock_delta_ms=4.207
|clock_suspect=0
PMLE_LIVE_REPLAY_TIC|tic=2108|mle_ms=72.543|monotonic_ms=70|clock_delta_ms=2.543
|clock_suspect=0
PMLE_LIVE_REPLAY_TIC|tic=2109|mle_ms=59.584|monotonic_ms=60|clock_delta_ms=.416|
clock_suspect=0
PMLE_LIVE_REPLAY_TIC|tic=2110|mle_ms=7.352|monotonic_ms=10|clock_delta_ms=2.648|
clock_suspect=0
PMLE_LIVE_REPLAY_TIC|tic=2111|mle_ms=56.674|monotonic_ms=60|clock_delta_ms=3.326
|clock_suspect=0
PMLE_LIVE_REPLAY_TIC|tic=2112|mle_ms=59.54|monotonic_ms=60|clock_delta_ms=.46|cl
ock_suspect=0
PMLE_LIVE_REPLAY_TIC|tic=2113|mle_ms=21.64|monotonic_ms=20|clock_delta_ms=1.64|c
lock_suspect=0
PMLE_LIVE_REPLAY_TIC|tic=2114|mle_ms=66.319|monotonic_ms=60|clock_delta_ms=6.319
|clock_suspect=0
PMLE_LIVE_REPLAY_TIC|tic=2115|mle_ms=65.944|monotonic_ms=70|clock_delta_ms=4.056
|clock_suspect=0
PMLE_LIVE_REPLAY_TIC|tic=2116|mle_ms=30.732|monotonic_ms=30|clock_delta_ms=.732|
clock_suspect=0
PMLE_LIVE_REPLAY_TIC|tic=2117|mle_ms=71.427|monotonic_ms=70|clock_delta_ms=1.427
|clock_suspect=0
PMLE_LIVE_REPLAY_TIC|tic=2118|mle_ms=71.913|monotonic_ms=70|clock_delta_ms=1.913
|clock_suspect=0
PMLE_LIVE_REPLAY_TIC|tic=2119|mle_ms=8.6|monotonic_ms=10|clock_delta_ms=1.4|cloc
k_suspect=0
PMLE_LIVE_REPLAY_TIC|tic=2120|mle_ms=58.053|monotonic_ms=60|clock_delta_ms=1.947
|clock_suspect=0
PMLE_LIVE_REPLAY_TIC|tic=2121|mle_ms=63.4|monotonic_ms=60|clock_delta_ms=3.4|clo
ck_suspect=0
PMLE_LIVE_REPLAY_TIC|tic=2122|mle_ms=8.914|monotonic_ms=10|clock_delta_ms=1.086|
clock_suspect=0
PMLE_LIVE_REPLAY_TIC|tic=2123|mle_ms=79.65|monotonic_ms=80|clock_delta_ms=.35|cl
ock_suspect=0
PMLE_LIVE_REPLAY_TIC|tic=2124|mle_ms=64.093|monotonic_ms=70|clock_delta_ms=5.907
|clock_suspect=0
PMLE_LIVE_REPLAY_TIC|tic=2125|mle_ms=9.997|monotonic_ms=10|clock_delta_ms=.003|c
lock_suspect=0
PMLE_LIVE_REPLAY_TIC|tic=2126|mle_ms=84.508|monotonic_ms=80|clock_delta_ms=4.508
|clock_suspect=0
PMLE_LIVE_REPLAY_TIC|tic=2127|mle_ms=62.953|monotonic_ms=60|clock_delta_ms=2.953
|clock_suspect=0
PMLE_LIVE_REPLAY_TIC|tic=2128|mle_ms=9.426|monotonic_ms=10|clock_delta_ms=.574|c
lock_suspect=0
PMLE_LIVE_REPLAY_TIC|tic=2129|mle_ms=59.611|monotonic_ms=60|clock_delta_ms=.389|
clock_suspect=0
PMLE_LIVE_REPLAY_TIC|tic=2130|mle_ms=58.791|monotonic_ms=60|clock_delta_ms=1.209
|clock_suspect=0
PMLE_LIVE_REPLAY_TIC|tic=2131|mle_ms=9.631|monotonic_ms=10|clock_delta_ms=.369|c
lock_suspect=0
PMLE_LIVE_REPLAY_TIC|tic=2132|mle_ms=58.732|monotonic_ms=60|clock_delta_ms=1.268
|clock_suspect=0
PMLE_LIVE_REPLAY_TIC|tic=2133|mle_ms=76.352|monotonic_ms=80|clock_delta_ms=3.648
|clock_suspect=0
PMLE_LIVE_REPLAY_TIC|tic=2134|mle_ms=12.974|monotonic_ms=10|clock_delta_ms=2.974
|clock_suspect=0
PMLE_LIVE_REPLAY_TIC|tic=2135|mle_ms=58.235|monotonic_ms=60|clock_delta_ms=1.765
|clock_suspect=0
PMLE_LIVE_REPLAY_TIC|tic=2136|mle_ms=76.667|monotonic_ms=80|clock_delta_ms=3.333
|clock_suspect=0
PMLE_LIVE_REPLAY_TIC|tic=2137|mle_ms=8.896|monotonic_ms=0|clock_delta_ms=8.896|c
lock_suspect=0
PMLE_LIVE_REPLAY_TIC|tic=2138|mle_ms=70.525|monotonic_ms=80|clock_delta_ms=9.475
|clock_suspect=0
PMLE_LIVE_REPLAY_TIC|tic=2139|mle_ms=66.26|monotonic_ms=60|clock_delta_ms=6.26|c
lock_suspect=0
PMLE_LIVE_REPLAY_TIC|tic=2140|mle_ms=7.998|monotonic_ms=10|clock_delta_ms=2.002|
clock_suspect=0
PMLE_LIVE_REPLAY_TIC|tic=2141|mle_ms=58.18|monotonic_ms=60|clock_delta_ms=1.82|c
lock_suspect=0
PMLE_LIVE_REPLAY_TIC|tic=2142|mle_ms=58.668|monotonic_ms=60|clock_delta_ms=1.332
|clock_suspect=0
PMLE_LIVE_REPLAY_TIC|tic=2143|mle_ms=16.791|monotonic_ms=10|clock_delta_ms=6.791
|clock_suspect=0
PMLE_LIVE_REPLAY_TIC|tic=2144|mle_ms=78.482|monotonic_ms=80|clock_delta_ms=1.518
|clock_suspect=0
PMLE_LIVE_REPLAY_TIC|tic=2145|mle_ms=82.52|monotonic_ms=80|clock_delta_ms=2.52|c
lock_suspect=0
PMLE_LIVE_REPLAY_TIC|tic=2146|mle_ms=26.458|monotonic_ms=30|clock_delta_ms=3.542
|clock_suspect=0
PMLE_LIVE_REPLAY_TIC|tic=2147|mle_ms=79.661|monotonic_ms=80|clock_delta_ms=.339|
clock_suspect=0
PMLE_LIVE_REPLAY_TIC|tic=2148|mle_ms=82.423|monotonic_ms=80|clock_delta_ms=2.423
|clock_suspect=0
PMLE_LIVE_REPLAY_TIC|tic=2149|mle_ms=10.975|monotonic_ms=10|clock_delta_ms=.975|
clock_suspect=0
PMLE_LIVE_REPLAY_TIC|tic=2150|mle_ms=90.365|monotonic_ms=100|clock_delta_ms=9.63
5|clock_suspect=0
PMLE_LIVE_REPLAY_TIC|tic=2151|mle_ms=86.522|monotonic_ms=80|clock_delta_ms=6.522
|clock_suspect=0
PMLE_LIVE_REPLAY_TIC|tic=2152|mle_ms=13.437|monotonic_ms=20|clock_delta_ms=6.563
|clock_suspect=0
PMLE_LIVE_REPLAY_TIC|tic=2153|mle_ms=99.113|monotonic_ms=90|clock_delta_ms=9.113
|clock_suspect=0
PMLE_LIVE_REPLAY_TIC|tic=2154|mle_ms=113.253|monotonic_ms=120|clock_delta_ms=6.7
47|clock_suspect=0
PMLE_LIVE_REPLAY_TIC|tic=2155|mle_ms=8.653|monotonic_ms=10|clock_delta_ms=1.347|
clock_suspect=0
PMLE_LIVE_REPLAY_TIC|tic=2156|mle_ms=111.097|monotonic_ms=110|clock_delta_ms=1.0
97|clock_suspect=0
PMLE_LIVE_REPLAY_TIC|tic=2157|mle_ms=69.637|monotonic_ms=70|clock_delta_ms=.363|
clock_suspect=0
PMLE_LIVE_REPLAY_TIC|tic=2158|mle_ms=8.853|monotonic_ms=10|clock_delta_ms=1.147|
clock_suspect=0
PMLE_LIVE_REPLAY_TIC|tic=2159|mle_ms=74.347|monotonic_ms=70|clock_delta_ms=4.347
|clock_suspect=0
PMLE_LIVE_REPLAY_TIC|tic=2160|mle_ms=69.923|monotonic_ms=70|clock_delta_ms=.077|
clock_suspect=0
PMLE_LIVE_REPLAY_TIC|tic=2161|mle_ms=8.785|monotonic_ms=10|clock_delta_ms=1.215|
clock_suspect=0
PMLE_LIVE_REPLAY_TIC|tic=2162|mle_ms=69.645|monotonic_ms=70|clock_delta_ms=.355|
clock_suspect=0
PMLE_LIVE_REPLAY_TIC|tic=2163|mle_ms=77.858|monotonic_ms=80|clock_delta_ms=2.142
|clock_suspect=0
PMLE_LIVE_REPLAY_TIC|tic=2164|mle_ms=14.297|monotonic_ms=10|clock_delta_ms=4.297
|clock_suspect=0
PMLE_LIVE_REPLAY_TIC|tic=2165|mle_ms=65.002|monotonic_ms=70|clock_delta_ms=4.998
|clock_suspect=0
PMLE_LIVE_REPLAY_TIC|tic=2166|mle_ms=84.408|monotonic_ms=80|clock_delta_ms=4.408
|clock_suspect=0
PMLE_LIVE_REPLAY_TIC|tic=2167|mle_ms=8.031|monotonic_ms=10|clock_delta_ms=1.969|
clock_suspect=0
PMLE_LIVE_REPLAY_TIC|tic=2168|mle_ms=67.151|monotonic_ms=70|clock_delta_ms=2.849
|clock_suspect=0
PMLE_LIVE_REPLAY_TIC|tic=2169|mle_ms=101.365|monotonic_ms=100|clock_delta_ms=1.3
65|clock_suspect=0
PMLE_LIVE_REPLAY_TIC|tic=2170|mle_ms=8.699|monotonic_ms=10|clock_delta_ms=1.301|
clock_suspect=0
PMLE_LIVE_REPLAY_TIC|tic=2171|mle_ms=60.687|monotonic_ms=60|clock_delta_ms=.687|
clock_suspect=0
PMLE_LIVE_REPLAY_TIC|tic=2172|mle_ms=67.28|monotonic_ms=60|clock_delta_ms=7.28|c
lock_suspect=0
PMLE_LIVE_REPLAY_TIC|tic=2173|mle_ms=18.29|monotonic_ms=20|clock_delta_ms=1.71|c
lock_suspect=0
PMLE_LIVE_REPLAY_TIC|tic=2174|mle_ms=62.881|monotonic_ms=70|clock_delta_ms=7.119
|clock_suspect=0
PMLE_LIVE_REPLAY_TIC|tic=2175|mle_ms=74.765|monotonic_ms=70|clock_delta_ms=4.765
|clock_suspect=0
PMLE_LIVE_REPLAY_TIC|tic=2176|mle_ms=27.545|monotonic_ms=30|clock_delta_ms=2.455
|clock_suspect=0
PMLE_LIVE_REPLAY_TIC|tic=2177|mle_ms=60.394|monotonic_ms=60|clock_delta_ms=.394|
clock_suspect=0
PMLE_LIVE_REPLAY_TIC|tic=2178|mle_ms=103.113|monotonic_ms=100|clock_delta_ms=3.1
13|clock_suspect=0
PMLE_LIVE_REPLAY_TIC|tic=2179|mle_ms=9.417|monotonic_ms=10|clock_delta_ms=.583|c
lock_suspect=0
PMLE_LIVE_REPLAY_TIC|tic=2180|mle_ms=60.657|monotonic_ms=60|clock_delta_ms=.657|
clock_suspect=0
PMLE_LIVE_REPLAY_TIC|tic=2181|mle_ms=70.342|monotonic_ms=70|clock_delta_ms=.342|
clock_suspect=0
PMLE_LIVE_REPLAY_TIC|tic=2182|mle_ms=8.952|monotonic_ms=10|clock_delta_ms=1.048|
clock_suspect=0
PMLE_LIVE_REPLAY_TIC|tic=2183|mle_ms=76.689|monotonic_ms=80|clock_delta_ms=3.311
|clock_suspect=0
PMLE_LIVE_REPLAY_TIC|tic=2184|mle_ms=74.721|monotonic_ms=70|clock_delta_ms=4.721
|clock_suspect=0
PMLE_LIVE_REPLAY_TIC|tic=2185|mle_ms=8.411|monotonic_ms=10|clock_delta_ms=1.589|
clock_suspect=0
PMLE_LIVE_REPLAY_TIC|tic=2186|mle_ms=78.323|monotonic_ms=80|clock_delta_ms=1.677
|clock_suspect=0
PMLE_LIVE_REPLAY_TIC|tic=2187|mle_ms=74.31|monotonic_ms=80|clock_delta_ms=5.69|c
lock_suspect=0
PMLE_LIVE_REPLAY_TIC|tic=2188|mle_ms=9.634|monotonic_ms=0|clock_delta_ms=9.634|c
lock_suspect=0
PMLE_LIVE_REPLAY_TIC|tic=2189|mle_ms=95.693|monotonic_ms=100|clock_delta_ms=4.30
7|clock_suspect=0
PMLE_LIVE_REPLAY_TIC|tic=2190|mle_ms=67.813|monotonic_ms=70|clock_delta_ms=2.187
|clock_suspect=0
PMLE_LIVE_REPLAY_TIC|tic=2191|mle_ms=9.52|monotonic_ms=10|clock_delta_ms=.48|clo
ck_suspect=0
PMLE_LIVE_REPLAY_TIC|tic=2192|mle_ms=98.573|monotonic_ms=100|clock_delta_ms=1.42
7|clock_suspect=0
PMLE_LIVE_REPLAY_TIC|tic=2193|mle_ms=78.916|monotonic_ms=80|clock_delta_ms=1.084
|clock_suspect=0
PMLE_LIVE_REPLAY_TIC|tic=2194|mle_ms=14.149|monotonic_ms=10|clock_delta_ms=4.149
|clock_suspect=0
PMLE_LIVE_REPLAY_TIC|tic=2195|mle_ms=60.727|monotonic_ms=60|clock_delta_ms=.727|
clock_suspect=0
PMLE_LIVE_REPLAY_TIC|tic=2196|mle_ms=93.366|monotonic_ms=90|clock_delta_ms=3.366
|clock_suspect=0
PMLE_LIVE_REPLAY_TIC|tic=2197|mle_ms=8.38|monotonic_ms=10|clock_delta_ms=1.62|cl
ock_suspect=0
PMLE_LIVE_REPLAY_TIC|tic=2198|mle_ms=85.816|monotonic_ms=90|clock_delta_ms=4.184
|clock_suspect=0
PMLE_LIVE_REPLAY_TIC|tic=2199|mle_ms=95.051|monotonic_ms=90|clock_delta_ms=5.051
|clock_suspect=0
PMLE_LIVE_REPLAY_TIC|tic=2200|mle_ms=9.586|monotonic_ms=10|clock_delta_ms=.414|c
lock_suspect=0
PMLE_LIVE_REPLAY_TIC|tic=2201|mle_ms=76.712|monotonic_ms=70|clock_delta_ms=6.712
|clock_suspect=0
PMLE_LIVE_REPLAY_TIC|tic=2202|mle_ms=87.864|monotonic_ms=90|clock_delta_ms=2.136
|clock_suspect=0
PMLE_LIVE_REPLAY_TIC|tic=2203|mle_ms=16.746|monotonic_ms=20|clock_delta_ms=3.254
|clock_suspect=0
PMLE_LIVE_REPLAY_TIC|tic=2204|mle_ms=92.913|monotonic_ms=90|clock_delta_ms=2.913
|clock_suspect=0
PMLE_LIVE_REPLAY_TIC|tic=2205|mle_ms=105.322|monotonic_ms=110|clock_delta_ms=4.6
78|clock_suspect=0
PMLE_LIVE_REPLAY_TIC|tic=2206|mle_ms=35.684|monotonic_ms=30|clock_delta_ms=5.684
|clock_suspect=0
PMLE_LIVE_REPLAY_TIC|tic=2207|mle_ms=98.654|monotonic_ms=100|clock_delta_ms=1.34
6|clock_suspect=0
PMLE_LIVE_REPLAY_TIC|tic=2208|mle_ms=67.189|monotonic_ms=70|clock_delta_ms=2.811
|clock_suspect=0
PMLE_LIVE_REPLAY_TIC|tic=2209|mle_ms=10.002|monotonic_ms=10|clock_delta_ms=.002|
clock_suspect=0
PMLE_LIVE_REPLAY_TIC|tic=2210|mle_ms=66.557|monotonic_ms=60|clock_delta_ms=6.557
|clock_suspect=0
PMLE_LIVE_REPLAY_TIC|tic=2211|mle_ms=60.275|monotonic_ms=60|clock_delta_ms=.275|
clock_suspect=0
PMLE_LIVE_REPLAY_TIC|tic=2212|mle_ms=12.437|monotonic_ms=20|clock_delta_ms=7.563
|clock_suspect=0
PMLE_LIVE_REPLAY_TIC|tic=2213|mle_ms=94.134|monotonic_ms=90|clock_delta_ms=4.134
|clock_suspect=0
PMLE_LIVE_REPLAY_TIC|tic=2214|mle_ms=69.897|monotonic_ms=70|clock_delta_ms=.103|
clock_suspect=0
PMLE_LIVE_REPLAY_TIC|tic=2215|mle_ms=7.94|monotonic_ms=10|clock_delta_ms=2.06|cl
ock_suspect=0
PMLE_LIVE_REPLAY_TIC|tic=2216|mle_ms=81.72|monotonic_ms=80|clock_delta_ms=1.72|c
lock_suspect=0
PMLE_LIVE_REPLAY_TIC|tic=2217|mle_ms=61.955|monotonic_ms=60|clock_delta_ms=1.955
|clock_suspect=0
PMLE_LIVE_REPLAY_TIC|tic=2218|mle_ms=9.321|monotonic_ms=10|clock_delta_ms=.679|c
lock_suspect=0
PMLE_LIVE_REPLAY_TIC|tic=2219|mle_ms=63.438|monotonic_ms=70|clock_delta_ms=6.562
|clock_suspect=0
PMLE_LIVE_REPLAY_TIC|tic=2220|mle_ms=64.334|monotonic_ms=60|clock_delta_ms=4.334
|clock_suspect=0
PMLE_LIVE_REPLAY_TIC|tic=2221|mle_ms=8.145|monotonic_ms=10|clock_delta_ms=1.855|
clock_suspect=0
PMLE_LIVE_REPLAY_TIC|tic=2222|mle_ms=66.033|monotonic_ms=60|clock_delta_ms=6.033
|clock_suspect=0
PMLE_LIVE_REPLAY_TIC|tic=2223|mle_ms=76.459|monotonic_ms=80|clock_delta_ms=3.541
|clock_suspect=0
PMLE_LIVE_REPLAY_TIC|tic=2224|mle_ms=14.331|monotonic_ms=20|clock_delta_ms=5.669
|clock_suspect=0
PMLE_LIVE_REPLAY_TIC|tic=2225|mle_ms=62.007|monotonic_ms=60|clock_delta_ms=2.007
|clock_suspect=0
PMLE_LIVE_REPLAY_TIC|tic=2226|mle_ms=93.318|monotonic_ms=90|clock_delta_ms=3.318
|clock_suspect=0
PMLE_LIVE_REPLAY_TIC|tic=2227|mle_ms=9.651|monotonic_ms=10|clock_delta_ms=.349|c
lock_suspect=0
PMLE_LIVE_REPLAY_TIC|tic=2228|mle_ms=62.27|monotonic_ms=60|clock_delta_ms=2.27|c
lock_suspect=0
PMLE_LIVE_REPLAY_TIC|tic=2229|mle_ms=58.425|monotonic_ms=60|clock_delta_ms=1.575
|clock_suspect=0
PMLE_LIVE_REPLAY_TIC|tic=2230|mle_ms=10.594|monotonic_ms=10|clock_delta_ms=.594|
clock_suspect=0
PMLE_LIVE_REPLAY_TIC|tic=2231|mle_ms=60.718|monotonic_ms=60|clock_delta_ms=.718|
clock_suspect=0
PMLE_LIVE_REPLAY_TIC|tic=2232|mle_ms=102.237|monotonic_ms=110|clock_delta_ms=7.7
63|clock_suspect=0
PMLE_LIVE_REPLAY_TIC|tic=2233|mle_ms=22.995|monotonic_ms=20|clock_delta_ms=2.995
|clock_suspect=0
PMLE_LIVE_REPLAY_TIC|tic=2234|mle_ms=71.316|monotonic_ms=70|clock_delta_ms=1.316
|clock_suspect=0
PMLE_LIVE_REPLAY_TIC|tic=2235|mle_ms=64.092|monotonic_ms=60|clock_delta_ms=4.092
|clock_suspect=0
PMLE_LIVE_REPLAY_TIC|tic=2236|mle_ms=32.074|monotonic_ms=40|clock_delta_ms=7.926
|clock_suspect=0
PMLE_LIVE_REPLAY_TIC|tic=2237|mle_ms=66.513|monotonic_ms=60|clock_delta_ms=6.513
|clock_suspect=0
PMLE_LIVE_REPLAY_TIC|tic=2238|mle_ms=81.683|monotonic_ms=80|clock_delta_ms=1.683
|clock_suspect=0
PMLE_LIVE_REPLAY_TIC|tic=2239|mle_ms=12.878|monotonic_ms=20|clock_delta_ms=7.122
|clock_suspect=0
PMLE_LIVE_REPLAY_TIC|tic=2240|mle_ms=17.147|monotonic_ms=10|clock_delta_ms=7.147
|clock_suspect=0
PMLE_LIVE_REPLAY_TIC|tic=2241|mle_ms=68.655|monotonic_ms=70|clock_delta_ms=1.345
|clock_suspect=0
PMLE_LIVE_REPLAY_TIC|tic=2242|mle_ms=14.21|monotonic_ms=20|clock_delta_ms=5.79|c
lock_suspect=0
PMLE_LIVE_REPLAY_TIC|tic=2243|mle_ms=27.656|monotonic_ms=30|clock_delta_ms=2.344
|clock_suspect=0
PMLE_LIVE_REPLAY_TIC|tic=2244|mle_ms=75.288|monotonic_ms=70|clock_delta_ms=5.288
|clock_suspect=0
PMLE_LIVE_REPLAY_TIC|tic=2245|mle_ms=13.975|monotonic_ms=20|clock_delta_ms=6.025
|clock_suspect=0
PMLE_LIVE_REPLAY_TIC|tic=2246|mle_ms=50.623|monotonic_ms=50|clock_delta_ms=.623|
clock_suspect=0
PMLE_LIVE_REPLAY_TIC|tic=2247|mle_ms=75.538|monotonic_ms=70|clock_delta_ms=5.538
|clock_suspect=0
PMLE_LIVE_REPLAY_TIC|tic=2248|mle_ms=14.432|monotonic_ms=20|clock_delta_ms=5.568
|clock_suspect=0
PMLE_LIVE_REPLAY_TIC|tic=2249|mle_ms=22.407|monotonic_ms=20|clock_delta_ms=2.407
|clock_suspect=0
PMLE_LIVE_REPLAY_TIC|tic=2250|mle_ms=72.507|monotonic_ms=70|clock_delta_ms=2.507
|clock_suspect=0
PMLE_LIVE_REPLAY_TIC|tic=2251|mle_ms=15.956|monotonic_ms=20|clock_delta_ms=4.044
|clock_suspect=0
PMLE_LIVE_REPLAY_TIC|tic=2252|mle_ms=22.81|monotonic_ms=20|clock_delta_ms=2.81|c
lock_suspect=0
PMLE_LIVE_REPLAY_TIC|tic=2253|mle_ms=92.388|monotonic_ms=90|clock_delta_ms=2.388
|clock_suspect=0
PMLE_LIVE_REPLAY_TIC|tic=2254|mle_ms=20.199|monotonic_ms=20|clock_delta_ms=.199|
clock_suspect=0
PMLE_LIVE_REPLAY_TIC|tic=2255|mle_ms=20.004|monotonic_ms=20|clock_delta_ms=.004|
clock_suspect=0
PMLE_LIVE_REPLAY_TIC|tic=2256|mle_ms=92.218|monotonic_ms=100|clock_delta_ms=7.78
2|clock_suspect=0
PMLE_LIVE_REPLAY_TIC|tic=2257|mle_ms=10.236|monotonic_ms=10|clock_delta_ms=.236|
clock_suspect=0
PMLE_LIVE_REPLAY_TIC|tic=2258|mle_ms=15.671|monotonic_ms=10|clock_delta_ms=5.671
|clock_suspect=0
PMLE_LIVE_REPLAY_TIC|tic=2259|mle_ms=61.2|monotonic_ms=60|clock_delta_ms=1.2|clo
ck_suspect=0
PMLE_LIVE_REPLAY_TIC|tic=2260|mle_ms=11.702|monotonic_ms=10|clock_delta_ms=1.702
|clock_suspect=0
PMLE_LIVE_REPLAY_TIC|tic=2261|mle_ms=17.741|monotonic_ms=20|clock_delta_ms=2.259
|clock_suspect=0
PMLE_LIVE_REPLAY_TIC|tic=2262|mle_ms=67.216|monotonic_ms=70|clock_delta_ms=2.784
|clock_suspect=0
PMLE_LIVE_REPLAY_TIC|tic=2263|mle_ms=21.673|monotonic_ms=20|clock_delta_ms=1.673
|clock_suspect=0
PMLE_LIVE_REPLAY_TIC|tic=2264|mle_ms=25.843|monotonic_ms=30|clock_delta_ms=4.157
|clock_suspect=0
PMLE_LIVE_REPLAY_TIC|tic=2265|mle_ms=66.628|monotonic_ms=60|clock_delta_ms=6.628
|clock_suspect=0
PMLE_LIVE_REPLAY_TIC|tic=2266|mle_ms=44.41|monotonic_ms=50|clock_delta_ms=5.59|c
lock_suspect=0
PMLE_LIVE_REPLAY_TIC|tic=2267|mle_ms=73.495|monotonic_ms=70|clock_delta_ms=3.495
|clock_suspect=0
PMLE_LIVE_REPLAY_TIC|tic=2268|mle_ms=18.804|monotonic_ms=20|clock_delta_ms=1.196
|clock_suspect=0
PMLE_LIVE_REPLAY_TIC|tic=2269|mle_ms=13.638|monotonic_ms=10|clock_delta_ms=3.638
|clock_suspect=0
PMLE_LIVE_REPLAY_TIC|tic=2270|mle_ms=89.926|monotonic_ms=90|clock_delta_ms=.074|
clock_suspect=0
PMLE_LIVE_REPLAY_TIC|tic=2271|mle_ms=19.295|monotonic_ms=20|clock_delta_ms=.705|
clock_suspect=0
PMLE_LIVE_REPLAY_TIC|tic=2272|mle_ms=14.694|monotonic_ms=20|clock_delta_ms=5.306
|clock_suspect=0
PMLE_LIVE_REPLAY_TIC|tic=2273|mle_ms=88.056|monotonic_ms=90|clock_delta_ms=1.944
|clock_suspect=0
PMLE_LIVE_REPLAY_TIC|tic=2274|mle_ms=22.423|monotonic_ms=20|clock_delta_ms=2.423
|clock_suspect=0
PMLE_LIVE_REPLAY_TIC|tic=2275|mle_ms=12.004|monotonic_ms=10|clock_delta_ms=2.004
|clock_suspect=0
PMLE_LIVE_REPLAY_TIC|tic=2276|mle_ms=109.079|monotonic_ms=110|clock_delta_ms=.92
1|clock_suspect=0
PMLE_LIVE_REPLAY_TIC|tic=2277|mle_ms=14.98|monotonic_ms=20|clock_delta_ms=5.02|c
lock_suspect=0
PMLE_LIVE_REPLAY_TIC|tic=2278|mle_ms=11.952|monotonic_ms=10|clock_delta_ms=1.952
|clock_suspect=0
PMLE_LIVE_REPLAY_TIC|tic=2279|mle_ms=73.377|monotonic_ms=70|clock_delta_ms=3.377
|clock_suspect=0
PMLE_LIVE_REPLAY_TIC|tic=2280|mle_ms=16.247|monotonic_ms=20|clock_delta_ms=3.753
|clock_suspect=0
PMLE_LIVE_REPLAY_TIC|tic=2281|mle_ms=13.454|monotonic_ms=10|clock_delta_ms=3.454
|clock_suspect=0
PMLE_LIVE_REPLAY_TIC|tic=2282|mle_ms=73.981|monotonic_ms=80|clock_delta_ms=6.019
|clock_suspect=0
PMLE_LIVE_REPLAY_TIC|tic=2283|mle_ms=23.674|monotonic_ms=20|clock_delta_ms=3.674
|clock_suspect=0
PMLE_LIVE_REPLAY_TIC|tic=2284|mle_ms=17.606|monotonic_ms=20|clock_delta_ms=2.394
|clock_suspect=0
PMLE_LIVE_REPLAY_TIC|tic=2285|mle_ms=66.804|monotonic_ms=60|clock_delta_ms=6.804
|clock_suspect=0
PMLE_LIVE_REPLAY_TIC|tic=2286|mle_ms=50.423|monotonic_ms=50|clock_delta_ms=.423|
clock_suspect=0
PMLE_LIVE_REPLAY_TIC|tic=2287|mle_ms=12.801|monotonic_ms=20|clock_delta_ms=7.199
|clock_suspect=0
PMLE_LIVE_REPLAY_TIC|tic=2288|mle_ms=78.836|monotonic_ms=80|clock_delta_ms=1.164
|clock_suspect=0
PMLE_LIVE_REPLAY_TIC|tic=2289|mle_ms=16.345|monotonic_ms=10|clock_delta_ms=6.345
|clock_suspect=0
PMLE_LIVE_REPLAY_TIC|tic=2290|mle_ms=12.419|monotonic_ms=10|clock_delta_ms=2.419
|clock_suspect=0
PMLE_LIVE_REPLAY_TIC|tic=2291|mle_ms=17.119|monotonic_ms=20|clock_delta_ms=2.881
|clock_suspect=0
PMLE_LIVE_REPLAY_TIC|tic=2292|mle_ms=18.278|monotonic_ms=20|clock_delta_ms=1.722
|clock_suspect=0
PMLE_LIVE_REPLAY_TIC|tic=2293|mle_ms=25.765|monotonic_ms=30|clock_delta_ms=4.235
|clock_suspect=0
PMLE_LIVE_REPLAY_TIC|tic=2294|mle_ms=24.84|monotonic_ms=20|clock_delta_ms=4.84|c
lock_suspect=0
PMLE_LIVE_REPLAY_TIC|tic=2295|mle_ms=16.761|monotonic_ms=20|clock_delta_ms=3.239
|clock_suspect=0
PMLE_LIVE_REPLAY_TIC|tic=2296|mle_ms=46.628|monotonic_ms=40|clock_delta_ms=6.628
|clock_suspect=0
PMLE_LIVE_REPLAY_TIC|tic=2297|mle_ms=17.187|monotonic_ms=20|clock_delta_ms=2.813
|clock_suspect=0
PMLE_LIVE_REPLAY_TIC|tic=2298|mle_ms=16.333|monotonic_ms=20|clock_delta_ms=3.667
|clock_suspect=0
PMLE_LIVE_REPLAY_TIC|tic=2299|mle_ms=12.343|monotonic_ms=10|clock_delta_ms=2.343
|clock_suspect=0
PMLE_LIVE_REPLAY_TIC|tic=2300|mle_ms=65.904|monotonic_ms=70|clock_delta_ms=4.096
|clock_suspect=0
PMLE_LIVE_REPLAY_TIC|tic=2301|mle_ms=15.618|monotonic_ms=10|clock_delta_ms=5.618
|clock_suspect=0
PMLE_LIVE_REPLAY_TIC|tic=2302|mle_ms=13.164|monotonic_ms=20|clock_delta_ms=6.836
|clock_suspect=0
PMLE_LIVE_REPLAY_TIC|tic=2303|mle_ms=71.843|monotonic_ms=70|clock_delta_ms=1.843
|clock_suspect=0
PMLE_LIVE_REPLAY_TIC|tic=2304|mle_ms=65.433|monotonic_ms=60|clock_delta_ms=5.433
|clock_suspect=0
PMLE_LIVE_REPLAY_TIC|tic=2305|mle_ms=10.827|monotonic_ms=20|clock_delta_ms=9.173
|clock_suspect=0
PMLE_LIVE_REPLAY_TIC|tic=2306|mle_ms=104.981|monotonic_ms=100|clock_delta_ms=4.9
81|clock_suspect=0
PMLE_LIVE_REPLAY_TIC|tic=2307|mle_ms=68.834|monotonic_ms=70|clock_delta_ms=1.166
|clock_suspect=0
PMLE_LIVE_REPLAY_TIC|tic=2308|mle_ms=11.071|monotonic_ms=10|clock_delta_ms=1.071
|clock_suspect=0
PMLE_LIVE_REPLAY_TIC|tic=2309|mle_ms=74.979|monotonic_ms=80|clock_delta_ms=5.021
|clock_suspect=0
PMLE_LIVE_REPLAY_TIC|tic=2310|mle_ms=65.021|monotonic_ms=60|clock_delta_ms=5.021
|clock_suspect=0
PMLE_LIVE_REPLAY_TIC|tic=2311|mle_ms=14.29|monotonic_ms=10|clock_delta_ms=4.29|c
lock_suspect=0
PMLE_LIVE_REPLAY_TIC|tic=2312|mle_ms=75.705|monotonic_ms=70|clock_delta_ms=5.705
|clock_suspect=0
PMLE_LIVE_REPLAY_TIC|tic=2313|mle_ms=81.907|monotonic_ms=80|clock_delta_ms=1.907
|clock_suspect=0
PMLE_LIVE_REPLAY_TIC|tic=2314|mle_ms=18.065|monotonic_ms=20|clock_delta_ms=1.935
|clock_suspect=0
PMLE_LIVE_REPLAY_TIC|tic=2315|mle_ms=63.938|monotonic_ms=60|clock_delta_ms=3.938
|clock_suspect=0
PMLE_LIVE_REPLAY_TIC|tic=2316|mle_ms=96.34|monotonic_ms=100|clock_delta_ms=3.66|
clock_suspect=0
PMLE_LIVE_REPLAY_TIC|tic=2317|mle_ms=12.215|monotonic_ms=10|clock_delta_ms=2.215
|clock_suspect=0
PMLE_LIVE_REPLAY_TIC|tic=2318|mle_ms=110.158|monotonic_ms=110|clock_delta_ms=.15
8|clock_suspect=0
PMLE_LIVE_REPLAY_TIC|tic=2319|mle_ms=66.885|monotonic_ms=70|clock_delta_ms=3.115
|clock_suspect=0
PMLE_LIVE_REPLAY_TIC|tic=2320|mle_ms=12.183|monotonic_ms=10|clock_delta_ms=2.183
|clock_suspect=0
PMLE_LIVE_REPLAY_TIC|tic=2321|mle_ms=77.869|monotonic_ms=80|clock_delta_ms=2.131
|clock_suspect=0
PMLE_LIVE_REPLAY_TIC|tic=2322|mle_ms=76.23|monotonic_ms=80|clock_delta_ms=3.77|c
lock_suspect=0
PMLE_LIVE_REPLAY_TIC|tic=2323|mle_ms=25.082|monotonic_ms=20|clock_delta_ms=5.082
|clock_suspect=0
PMLE_LIVE_REPLAY_TIC|tic=2324|mle_ms=101.975|monotonic_ms=100|clock_delta_ms=1.9
75|clock_suspect=0
PMLE_LIVE_REPLAY_TIC|tic=2325|mle_ms=60.878|monotonic_ms=70|clock_delta_ms=9.122
|clock_suspect=0
PMLE_LIVE_REPLAY_TIC|tic=2326|mle_ms=45.31|monotonic_ms=40|clock_delta_ms=5.31|c
lock_suspect=0
PMLE_LIVE_REPLAY_TIC|tic=2327|mle_ms=70.517|monotonic_ms=70|clock_delta_ms=.517|
clock_suspect=0
PMLE_LIVE_REPLAY_TIC|tic=2328|mle_ms=59.968|monotonic_ms=60|clock_delta_ms=.032|
clock_suspect=0
PMLE_LIVE_REPLAY_TIC|tic=2329|mle_ms=10.683|monotonic_ms=10|clock_delta_ms=.683|
clock_suspect=0
PMLE_LIVE_REPLAY_TIC|tic=2330|mle_ms=75.591|monotonic_ms=80|clock_delta_ms=4.409
|clock_suspect=0
PMLE_LIVE_REPLAY_TIC|tic=2331|mle_ms=75.589|monotonic_ms=70|clock_delta_ms=5.589
|clock_suspect=0
PMLE_LIVE_REPLAY_TIC|tic=2332|mle_ms=11.362|monotonic_ms=20|clock_delta_ms=8.638
|clock_suspect=0
PMLE_LIVE_REPLAY_TIC|tic=2333|mle_ms=80.328|monotonic_ms=80|clock_delta_ms=.328|
clock_suspect=0
PMLE_LIVE_REPLAY_TIC|tic=2334|mle_ms=67.487|monotonic_ms=60|clock_delta_ms=7.487
|clock_suspect=0
PMLE_LIVE_REPLAY_TIC|tic=2335|mle_ms=11.053|monotonic_ms=10|clock_delta_ms=1.053
|clock_suspect=0
PMLE_LIVE_REPLAY_TIC|tic=2336|mle_ms=88.905|monotonic_ms=90|clock_delta_ms=1.095
|clock_suspect=0
PMLE_LIVE_REPLAY_TIC|tic=2337|mle_ms=56.842|monotonic_ms=60|clock_delta_ms=3.158
|clock_suspect=0
PMLE_LIVE_REPLAY_TIC|tic=2338|mle_ms=11.652|monotonic_ms=10|clock_delta_ms=1.652
|clock_suspect=0
PMLE_LIVE_REPLAY_TIC|tic=2339|mle_ms=62.96|monotonic_ms=60|clock_delta_ms=2.96|c
lock_suspect=0
PMLE_LIVE_REPLAY_TIC|tic=2340|mle_ms=59.186|monotonic_ms=60|clock_delta_ms=.814|
clock_suspect=0
PMLE_LIVE_REPLAY_TIC|tic=2341|mle_ms=10.333|monotonic_ms=10|clock_delta_ms=.333|
clock_suspect=0
PMLE_LIVE_REPLAY_TIC|tic=2342|mle_ms=59.282|monotonic_ms=60|clock_delta_ms=.718|
clock_suspect=0
PMLE_LIVE_REPLAY_TIC|tic=2343|mle_ms=75.197|monotonic_ms=80|clock_delta_ms=4.803
|clock_suspect=0
PMLE_LIVE_REPLAY_TIC|tic=2344|mle_ms=14.806|monotonic_ms=10|clock_delta_ms=4.806
|clock_suspect=0
PMLE_LIVE_REPLAY_TIC|tic=2345|mle_ms=14.494|monotonic_ms=20|clock_delta_ms=5.506
|clock_suspect=0
PMLE_LIVE_REPLAY_TIC|tic=2346|mle_ms=75.326|monotonic_ms=70|clock_delta_ms=5.326
|clock_suspect=0
PMLE_LIVE_REPLAY_TIC|tic=2347|mle_ms=12.43|monotonic_ms=20|clock_delta_ms=7.57|c
lock_suspect=0
PMLE_LIVE_REPLAY_TIC|tic=2348|mle_ms=17.23|monotonic_ms=10|clock_delta_ms=7.23|c
lock_suspect=0
PMLE_LIVE_REPLAY_TIC|tic=2349|mle_ms=67.798|monotonic_ms=70|clock_delta_ms=2.202
|clock_suspect=0
PMLE_LIVE_REPLAY_TIC|tic=2350|mle_ms=13.16|monotonic_ms=10|clock_delta_ms=3.16|c
lock_suspect=0
PMLE_LIVE_REPLAY_TIC|tic=2351|mle_ms=73.239|monotonic_ms=80|clock_delta_ms=6.761
|clock_suspect=0
PMLE_LIVE_REPLAY_TIC|tic=2352|mle_ms=62.879|monotonic_ms=60|clock_delta_ms=2.879
|clock_suspect=0
PMLE_LIVE_REPLAY_TIC|tic=2353|mle_ms=26.826|monotonic_ms=30|clock_delta_ms=3.174
|clock_suspect=0
PMLE_LIVE_REPLAY_TIC|tic=2354|mle_ms=115.171|monotonic_ms=110|clock_delta_ms=5.1
71|clock_suspect=0
PMLE_LIVE_REPLAY_TIC|tic=2355|mle_ms=64.642|monotonic_ms=70|clock_delta_ms=5.358
|clock_suspect=0
PMLE_LIVE_REPLAY_TIC|tic=2356|mle_ms=26.633|monotonic_ms=20|clock_delta_ms=6.633
|clock_suspect=0
PMLE_LIVE_REPLAY_TIC|tic=2357|mle_ms=68.49|monotonic_ms=70|clock_delta_ms=1.51|c
lock_suspect=0
PMLE_LIVE_REPLAY_TIC|tic=2358|mle_ms=59.961|monotonic_ms=60|clock_delta_ms=.039|
clock_suspect=0
PMLE_LIVE_REPLAY_TIC|tic=2359|mle_ms=28.824|monotonic_ms=30|clock_delta_ms=1.176
|clock_suspect=0
PMLE_LIVE_REPLAY_TIC|tic=2360|mle_ms=80.43|monotonic_ms=80|clock_delta_ms=.43|cl
ock_suspect=0
PMLE_LIVE_REPLAY_TIC|tic=2361|mle_ms=78.883|monotonic_ms=80|clock_delta_ms=1.117
|clock_suspect=0
PMLE_LIVE_REPLAY_TIC|tic=2362|mle_ms=12.815|monotonic_ms=10|clock_delta_ms=2.815
|clock_suspect=0
PMLE_LIVE_REPLAY_TIC|tic=2363|mle_ms=91.231|monotonic_ms=100|clock_delta_ms=8.76
9|clock_suspect=0
PMLE_LIVE_REPLAY_TIC|tic=2364|mle_ms=83.409|monotonic_ms=80|clock_delta_ms=3.409
|clock_suspect=0
PMLE_LIVE_REPLAY_TIC|tic=2365|mle_ms=34.653|monotonic_ms=30|clock_delta_ms=4.653
|clock_suspect=0
PMLE_LIVE_REPLAY_TIC|tic=2366|mle_ms=109.431|monotonic_ms=110|clock_delta_ms=.56
9|clock_suspect=0
PMLE_LIVE_REPLAY_TIC|tic=2367|mle_ms=91.1|monotonic_ms=90|clock_delta_ms=1.1|clo
ck_suspect=0
PMLE_LIVE_REPLAY_TIC|tic=2368|mle_ms=27.699|monotonic_ms=30|clock_delta_ms=2.301
|clock_suspect=0
PMLE_LIVE_REPLAY_TIC|tic=2369|mle_ms=83.775|monotonic_ms=90|clock_delta_ms=6.225
|clock_suspect=0
PMLE_LIVE_REPLAY_TIC|tic=2370|mle_ms=79.104|monotonic_ms=80|clock_delta_ms=.896|
clock_suspect=0
PMLE_LIVE_REPLAY_TIC|tic=2371|mle_ms=19.985|monotonic_ms=20|clock_delta_ms=.015|
clock_suspect=0
PMLE_LIVE_REPLAY_TIC|tic=2372|mle_ms=77.196|monotonic_ms=70|clock_delta_ms=7.196
|clock_suspect=0
PMLE_LIVE_REPLAY_TIC|tic=2373|mle_ms=85.66|monotonic_ms=90|clock_delta_ms=4.34|c
lock_suspect=0
PMLE_LIVE_REPLAY_TIC|tic=2374|mle_ms=24.402|monotonic_ms=20|clock_delta_ms=4.402
|clock_suspect=0
PMLE_LIVE_REPLAY_TIC|tic=2375|mle_ms=82.732|monotonic_ms=90|clock_delta_ms=7.268
|clock_suspect=0
PMLE_LIVE_REPLAY_TIC|tic=2376|mle_ms=87.445|monotonic_ms=80|clock_delta_ms=7.445
|clock_suspect=0
PMLE_LIVE_REPLAY_TIC|tic=2377|mle_ms=19.509|monotonic_ms=20|clock_delta_ms=.491|
clock_suspect=0
PMLE_LIVE_REPLAY_TIC|tic=2378|mle_ms=81.604|monotonic_ms=80|clock_delta_ms=1.604
|clock_suspect=0
PMLE_LIVE_REPLAY_TIC|tic=2379|mle_ms=72.294|monotonic_ms=80|clock_delta_ms=7.706
|clock_suspect=0
PMLE_LIVE_REPLAY_TIC|tic=2380|mle_ms=19.353|monotonic_ms=20|clock_delta_ms=.647|
clock_suspect=0
PMLE_LIVE_REPLAY_TIC|tic=2381|mle_ms=77.617|monotonic_ms=70|clock_delta_ms=7.617
|clock_suspect=0
PMLE_LIVE_REPLAY_TIC|tic=2382|mle_ms=75.391|monotonic_ms=80|clock_delta_ms=4.609
|clock_suspect=0
PMLE_LIVE_REPLAY_TIC|tic=2383|mle_ms=30.429|monotonic_ms=30|clock_delta_ms=.429|
clock_suspect=0
PMLE_LIVE_REPLAY_TIC|tic=2384|mle_ms=90.812|monotonic_ms=90|clock_delta_ms=.812|
clock_suspect=0
PMLE_LIVE_REPLAY_TIC|tic=2385|mle_ms=76.07|monotonic_ms=80|clock_delta_ms=3.93|c
lock_suspect=0
PMLE_LIVE_REPLAY_TIC|tic=2386|mle_ms=42.272|monotonic_ms=40|clock_delta_ms=2.272
|clock_suspect=0
PMLE_LIVE_REPLAY_TIC|tic=2387|mle_ms=75.88|monotonic_ms=80|clock_delta_ms=4.12|c
lock_suspect=0
PMLE_LIVE_REPLAY_TIC|tic=2388|mle_ms=97.13|monotonic_ms=90|clock_delta_ms=7.13|c
lock_suspect=0
PMLE_LIVE_REPLAY_TIC|tic=2389|mle_ms=21.257|monotonic_ms=20|clock_delta_ms=1.257
|clock_suspect=0
PMLE_LIVE_REPLAY_TIC|tic=2390|mle_ms=67.385|monotonic_ms=70|clock_delta_ms=2.615
|clock_suspect=0
PMLE_LIVE_REPLAY_TIC|tic=2391|mle_ms=72.295|monotonic_ms=70|clock_delta_ms=2.295
|clock_suspect=0
PMLE_LIVE_REPLAY_TIC|tic=2392|mle_ms=21.518|monotonic_ms=30|clock_delta_ms=8.482
|clock_suspect=0
PMLE_LIVE_REPLAY_TIC|tic=2393|mle_ms=78.853|monotonic_ms=70|clock_delta_ms=8.853
|clock_suspect=0
PMLE_LIVE_REPLAY_TIC|tic=2394|mle_ms=89.03|monotonic_ms=90|clock_delta_ms=.97|cl
ock_suspect=0
PMLE_LIVE_REPLAY_TIC|tic=2395|mle_ms=21.002|monotonic_ms=20|clock_delta_ms=1.002
|clock_suspect=0
PMLE_LIVE_REPLAY_TIC|tic=2396|mle_ms=89.14|monotonic_ms=90|clock_delta_ms=.86|cl
ock_suspect=0
PMLE_LIVE_REPLAY_TIC|tic=2397|mle_ms=92.231|monotonic_ms=100|clock_delta_ms=7.76
9|clock_suspect=0
PMLE_LIVE_REPLAY_TIC|tic=2398|mle_ms=24.18|monotonic_ms=20|clock_delta_ms=4.18|c
lock_suspect=0
PMLE_LIVE_REPLAY_TIC|tic=2399|mle_ms=83.552|monotonic_ms=80|clock_delta_ms=3.552
|clock_suspect=0
PMLE_LIVE_REPLAY_TIC|tic=2400|mle_ms=97.476|monotonic_ms=100|clock_delta_ms=2.52
4|clock_suspect=0
PMLE_LIVE_REPLAY_TIC|tic=2401|mle_ms=24.039|monotonic_ms=20|clock_delta_ms=4.039
|clock_suspect=0
PMLE_LIVE_REPLAY_TIC|tic=2402|mle_ms=84.218|monotonic_ms=90|clock_delta_ms=5.782
|clock_suspect=0
PMLE_LIVE_REPLAY_TIC|tic=2403|mle_ms=86.659|monotonic_ms=90|clock_delta_ms=3.341
|clock_suspect=0
PMLE_LIVE_REPLAY_TIC|tic=2404|mle_ms=24.874|monotonic_ms=20|clock_delta_ms=4.874
|clock_suspect=0
PMLE_LIVE_REPLAY_TIC|tic=2405|mle_ms=72.067|monotonic_ms=70|clock_delta_ms=2.067
|clock_suspect=0
PMLE_LIVE_REPLAY_TIC|tic=2406|mle_ms=91.945|monotonic_ms=90|clock_delta_ms=1.945
|clock_suspect=0
PMLE_LIVE_REPLAY_TIC|tic=2407|mle_ms=19.989|monotonic_ms=20|clock_delta_ms=.011|
clock_suspect=0
PMLE_LIVE_REPLAY_TIC|tic=2408|mle_ms=80.332|monotonic_ms=90|clock_delta_ms=9.668
|clock_suspect=0
PMLE_LIVE_REPLAY_TIC|tic=2409|mle_ms=96.113|monotonic_ms=90|clock_delta_ms=6.113
|clock_suspect=0
PMLE_LIVE_REPLAY_TIC|tic=2410|mle_ms=29.166|monotonic_ms=30|clock_delta_ms=.834|
clock_suspect=0
PMLE_LIVE_REPLAY_TIC|tic=2411|mle_ms=77.166|monotonic_ms=80|clock_delta_ms=2.834
|clock_suspect=0
PMLE_LIVE_REPLAY_TIC|tic=2412|mle_ms=87.869|monotonic_ms=90|clock_delta_ms=2.131
|clock_suspect=0
PMLE_LIVE_REPLAY_TIC|tic=2413|mle_ms=33.038|monotonic_ms=30|clock_delta_ms=3.038
|clock_suspect=0
PMLE_LIVE_REPLAY_TIC|tic=2414|mle_ms=76.643|monotonic_ms=80|clock_delta_ms=3.357
|clock_suspect=0
PMLE_LIVE_REPLAY_TIC|tic=2415|mle_ms=77.967|monotonic_ms=70|clock_delta_ms=7.967
|clock_suspect=0
PMLE_LIVE_REPLAY_TIC|tic=2416|mle_ms=34.998|monotonic_ms=40|clock_delta_ms=5.002
|clock_suspect=0
PMLE_LIVE_REPLAY_TIC|tic=2417|mle_ms=81.463|monotonic_ms=80|clock_delta_ms=1.463
|clock_suspect=0
PMLE_LIVE_REPLAY_TIC|tic=2418|mle_ms=75.712|monotonic_ms=80|clock_delta_ms=4.288
|clock_suspect=0
PMLE_LIVE_REPLAY_TIC|tic=2419|mle_ms=24.22|monotonic_ms=20|clock_delta_ms=4.22|c
lock_suspect=0
PMLE_LIVE_REPLAY_TIC|tic=2420|mle_ms=72.747|monotonic_ms=70|clock_delta_ms=2.747
|clock_suspect=0
PMLE_LIVE_REPLAY_TIC|tic=2421|mle_ms=101.815|monotonic_ms=110|clock_delta_ms=8.1
85|clock_suspect=0
PMLE_LIVE_REPLAY_TIC|tic=2422|mle_ms=22.741|monotonic_ms=20|clock_delta_ms=2.741
|clock_suspect=0
PMLE_LIVE_REPLAY_TIC|tic=2423|mle_ms=84.808|monotonic_ms=80|clock_delta_ms=4.808
|clock_suspect=0
PMLE_LIVE_REPLAY_TIC|tic=2424|mle_ms=94.382|monotonic_ms=100|clock_delta_ms=5.61
8|clock_suspect=0
PMLE_LIVE_REPLAY_TIC|tic=2425|mle_ms=23.377|monotonic_ms=20|clock_delta_ms=3.377
|clock_suspect=0
PMLE_LIVE_REPLAY_TIC|tic=2426|mle_ms=107.349|monotonic_ms=110|clock_delta_ms=2.6
51|clock_suspect=0
PMLE_LIVE_REPLAY_TIC|tic=2427|mle_ms=68.748|monotonic_ms=70|clock_delta_ms=1.252
|clock_suspect=0
PMLE_LIVE_REPLAY_TIC|tic=2428|mle_ms=11.441|monotonic_ms=10|clock_delta_ms=1.441
|clock_suspect=0
PMLE_LIVE_REPLAY_TIC|tic=2429|mle_ms=82.72|monotonic_ms=80|clock_delta_ms=2.72|c
lock_suspect=0
PMLE_LIVE_REPLAY_TIC|tic=2430|mle_ms=56.048|monotonic_ms=60|clock_delta_ms=3.952
|clock_suspect=0
PMLE_LIVE_REPLAY_TIC|tic=2431|mle_ms=42.957|monotonic_ms=40|clock_delta_ms=2.957
|clock_suspect=0
PMLE_LIVE_REPLAY_TIC|tic=2432|mle_ms=95.031|monotonic_ms=100|clock_delta_ms=4.96
9|clock_suspect=0
PMLE_LIVE_REPLAY_TIC|tic=2433|mle_ms=89.68|monotonic_ms=90|clock_delta_ms=.32|cl
ock_suspect=0
PMLE_LIVE_REPLAY_TIC|tic=2434|mle_ms=21.307|monotonic_ms=20|clock_delta_ms=1.307
|clock_suspect=0
PMLE_LIVE_REPLAY_TIC|tic=2435|mle_ms=66.205|monotonic_ms=60|clock_delta_ms=6.205
|clock_suspect=0
PMLE_LIVE_REPLAY_TIC|tic=2436|mle_ms=57.773|monotonic_ms=60|clock_delta_ms=2.227
|clock_suspect=0
PMLE_LIVE_REPLAY_TIC|tic=2437|mle_ms=9.653|monotonic_ms=10|clock_delta_ms=.347|c
lock_suspect=0
PMLE_LIVE_REPLAY_TIC|tic=2438|mle_ms=51.681|monotonic_ms=50|clock_delta_ms=1.681
|clock_suspect=0
PMLE_LIVE_REPLAY_TIC|tic=2439|mle_ms=38.757|monotonic_ms=40|clock_delta_ms=1.243
|clock_suspect=0
PMLE_LIVE_REPLAY_TIC|tic=2440|mle_ms=10.335|monotonic_ms=10|clock_delta_ms=.335|
clock_suspect=0
PMLE_LIVE_REPLAY_TIC|tic=2441|mle_ms=67.234|monotonic_ms=70|clock_delta_ms=2.766
|clock_suspect=0
PMLE_LIVE_REPLAY_TIC|tic=2442|mle_ms=36.632|monotonic_ms=40|clock_delta_ms=3.368
|clock_suspect=0
PMLE_LIVE_REPLAY_TIC|tic=2443|mle_ms=46.645|monotonic_ms=40|clock_delta_ms=6.645
|clock_suspect=0
PMLE_LIVE_REPLAY_TIC|tic=2444|mle_ms=42.713|monotonic_ms=50|clock_delta_ms=7.287
|clock_suspect=0
PMLE_LIVE_REPLAY_TIC|tic=2445|mle_ms=56.411|monotonic_ms=50|clock_delta_ms=6.411
|clock_suspect=0
PMLE_LIVE_REPLAY_TIC|tic=2446|mle_ms=22.872|monotonic_ms=20|clock_delta_ms=2.872
|clock_suspect=0
PMLE_LIVE_REPLAY_TIC|tic=2447|mle_ms=33.879|monotonic_ms=40|clock_delta_ms=6.121
|clock_suspect=0
PMLE_LIVE_REPLAY_TIC|tic=2448|mle_ms=37.338|monotonic_ms=40|clock_delta_ms=2.662
|clock_suspect=0
PMLE_LIVE_REPLAY_TIC|tic=2449|mle_ms=12.81|monotonic_ms=10|clock_delta_ms=2.81|c
lock_suspect=0
PMLE_LIVE_REPLAY_TIC|tic=2450|mle_ms=33.089|monotonic_ms=30|clock_delta_ms=3.089
|clock_suspect=0
PMLE_LIVE_REPLAY_TIC|tic=2451|mle_ms=265.755|monotonic_ms=270|clock_delta_ms=4.2
45|clock_suspect=0
PMLE_LIVE_REPLAY_TIC|tic=2452|mle_ms=17.524|monotonic_ms=20|clock_delta_ms=2.476
|clock_suspect=0
PMLE_LIVE_REPLAY_TIC|tic=2453|mle_ms=96.76|monotonic_ms=90|clock_delta_ms=6.76|c
lock_suspect=0
PMLE_LIVE_REPLAY_TIC|tic=2454|mle_ms=57.671|monotonic_ms=60|clock_delta_ms=2.329
|clock_suspect=0
PMLE_LIVE_REPLAY_TIC|tic=2455|mle_ms=16.129|monotonic_ms=20|clock_delta_ms=3.871
|clock_suspect=0
PMLE_LIVE_REPLAY_TIC|tic=2456|mle_ms=78.736|monotonic_ms=70|clock_delta_ms=8.736
|clock_suspect=0
PMLE_LIVE_REPLAY_TIC|tic=2457|mle_ms=47.093|monotonic_ms=50|clock_delta_ms=2.907
|clock_suspect=0
PMLE_LIVE_REPLAY_TIC|tic=2458|mle_ms=14.287|monotonic_ms=20|clock_delta_ms=5.713
|clock_suspect=0
PMLE_LIVE_REPLAY_TIC|tic=2459|mle_ms=56.377|monotonic_ms=50|clock_delta_ms=6.377
|clock_suspect=0
PMLE_LIVE_REPLAY_TIC|tic=2460|mle_ms=37.765|monotonic_ms=40|clock_delta_ms=2.235
|clock_suspect=0
PMLE_LIVE_REPLAY_TIC|tic=2461|mle_ms=50.998|monotonic_ms=50|clock_delta_ms=.998|
clock_suspect=0
PMLE_LIVE_REPLAY_TIC|tic=2462|mle_ms=43.618|monotonic_ms=50|clock_delta_ms=6.382
|clock_suspect=0
PMLE_LIVE_REPLAY_TIC|tic=2463|mle_ms=70.692|monotonic_ms=70|clock_delta_ms=.692|
clock_suspect=0
PMLE_LIVE_REPLAY_TIC|tic=2464|mle_ms=21.577|monotonic_ms=20|clock_delta_ms=1.577
|clock_suspect=0
PMLE_LIVE_REPLAY_TIC|tic=2465|mle_ms=35.204|monotonic_ms=30|clock_delta_ms=5.204
|clock_suspect=0
PMLE_LIVE_REPLAY_TIC|tic=2466|mle_ms=81.566|monotonic_ms=80|clock_delta_ms=1.566
|clock_suspect=0
PMLE_LIVE_REPLAY_TIC|tic=2467|mle_ms=12.943|monotonic_ms=20|clock_delta_ms=7.057
|clock_suspect=0
PMLE_LIVE_REPLAY_TIC|tic=2468|mle_ms=44.232|monotonic_ms=40|clock_delta_ms=4.232
|clock_suspect=0
PMLE_LIVE_REPLAY_TIC|tic=2469|mle_ms=40.596|monotonic_ms=40|clock_delta_ms=.596|
clock_suspect=0
PMLE_LIVE_REPLAY_TIC|tic=2470|mle_ms=11.943|monotonic_ms=10|clock_delta_ms=1.943
|clock_suspect=0
PMLE_LIVE_REPLAY_TIC|tic=2471|mle_ms=70.252|monotonic_ms=80|clock_delta_ms=9.748
|clock_suspect=0
PMLE_LIVE_REPLAY_TIC|tic=2472|mle_ms=36.744|monotonic_ms=30|clock_delta_ms=6.744
|clock_suspect=0
PMLE_LIVE_REPLAY_TIC|tic=2473|mle_ms=56.744|monotonic_ms=60|clock_delta_ms=3.256
|clock_suspect=0
PMLE_LIVE_REPLAY_TIC|tic=2474|mle_ms=54.223|monotonic_ms=50|clock_delta_ms=4.223
|clock_suspect=0
PMLE_LIVE_REPLAY_TIC|tic=2475|mle_ms=43.481|monotonic_ms=50|clock_delta_ms=6.519
|clock_suspect=0
PMLE_LIVE_REPLAY_TIC|tic=2476|mle_ms=49.507|monotonic_ms=50|clock_delta_ms=.493|
clock_suspect=0
PMLE_LIVE_REPLAY_TIC|tic=2477|mle_ms=47.272|monotonic_ms=40|clock_delta_ms=7.272
|clock_suspect=0
PMLE_LIVE_REPLAY_TIC|tic=2478|mle_ms=49.708|monotonic_ms=50|clock_delta_ms=.292|
clock_suspect=0
PMLE_LIVE_REPLAY_TIC|tic=2479|mle_ms=18.947|monotonic_ms=20|clock_delta_ms=1.053
|clock_suspect=0
PMLE_LIVE_REPLAY_TIC|tic=2480|mle_ms=37.921|monotonic_ms=40|clock_delta_ms=2.079
|clock_suspect=0
PMLE_LIVE_REPLAY_TIC|tic=2481|mle_ms=71.235|monotonic_ms=70|clock_delta_ms=1.235
|clock_suspect=0
PMLE_LIVE_REPLAY_TIC|tic=2482|mle_ms=16.255|monotonic_ms=20|clock_delta_ms=3.745
|clock_suspect=0
PMLE_LIVE_REPLAY_TIC|tic=2483|mle_ms=47.529|monotonic_ms=50|clock_delta_ms=2.471
|clock_suspect=0
PMLE_LIVE_REPLAY_TIC|tic=2484|mle_ms=57.009|monotonic_ms=50|clock_delta_ms=7.009
|clock_suspect=0
PMLE_LIVE_REPLAY_TIC|tic=2485|mle_ms=17.054|monotonic_ms=20|clock_delta_ms=2.946
|clock_suspect=0
PMLE_LIVE_REPLAY_TIC|tic=2486|mle_ms=40.749|monotonic_ms=40|clock_delta_ms=.749|
clock_suspect=0
PMLE_LIVE_REPLAY_TIC|tic=2487|mle_ms=58.181|monotonic_ms=60|clock_delta_ms=1.819
|clock_suspect=0
PMLE_LIVE_REPLAY_TIC|tic=2488|mle_ms=10.985|monotonic_ms=10|clock_delta_ms=.985|
clock_suspect=0
PMLE_LIVE_REPLAY_TIC|tic=2489|mle_ms=11.978|monotonic_ms=10|clock_delta_ms=1.978
|clock_suspect=0
PMLE_LIVE_REPLAY_TIC|tic=2490|mle_ms=35.231|monotonic_ms=40|clock_delta_ms=4.769
|clock_suspect=0
PMLE_LIVE_REPLAY_TIC|tic=2491|mle_ms=42.012|monotonic_ms=40|clock_delta_ms=2.012
|clock_suspect=0
PMLE_LIVE_REPLAY_TIC|tic=2492|mle_ms=12.163|monotonic_ms=10|clock_delta_ms=2.163
|clock_suspect=0
PMLE_LIVE_REPLAY_TIC|tic=2493|mle_ms=69.876|monotonic_ms=70|clock_delta_ms=.124|
clock_suspect=0
PMLE_LIVE_REPLAY_TIC|tic=2494|mle_ms=25.442|monotonic_ms=30|clock_delta_ms=4.558
|clock_suspect=0
PMLE_LIVE_REPLAY_TIC|tic=2495|mle_ms=13.843|monotonic_ms=10|clock_delta_ms=3.843
|clock_suspect=0
PMLE_LIVE_REPLAY_TIC|tic=2496|mle_ms=83.835|monotonic_ms=90|clock_delta_ms=6.165
|clock_suspect=0
PMLE_LIVE_REPLAY_TIC|tic=2497|mle_ms=15.501|monotonic_ms=10|clock_delta_ms=5.501
|clock_suspect=0
PMLE_LIVE_REPLAY_TIC|tic=2498|mle_ms=15.318|monotonic_ms=20|clock_delta_ms=4.682
|clock_suspect=0
PMLE_LIVE_REPLAY_TIC|tic=2499|mle_ms=47.864|monotonic_ms=40|clock_delta_ms=7.864
|clock_suspect=0
PMLE_LIVE_REPLAY_TIC|tic=2500|mle_ms=15.723|monotonic_ms=20|clock_delta_ms=4.277
|clock_suspect=0
PMLE_LIVE_REPLAY_TIC|tic=2501|mle_ms=44.299|monotonic_ms=50|clock_delta_ms=5.701
|clock_suspect=0
PMLE_LIVE_REPLAY_TIC|tic=2502|mle_ms=40.475|monotonic_ms=40|clock_delta_ms=.475|
clock_suspect=0
PMLE_LIVE_REPLAY_TIC|tic=2503|mle_ms=53.59|monotonic_ms=50|clock_delta_ms=3.59|c
lock_suspect=0
PMLE_LIVE_REPLAY_TIC|tic=2504|mle_ms=25.466|monotonic_ms=30|clock_delta_ms=4.534
|clock_suspect=0
PMLE_LIVE_REPLAY_TIC|tic=2505|mle_ms=66.979|monotonic_ms=60|clock_delta_ms=6.979
|clock_suspect=0
PMLE_LIVE_REPLAY_TIC|tic=2506|mle_ms=38.398|monotonic_ms=40|clock_delta_ms=1.602
|clock_suspect=0
PMLE_LIVE_REPLAY_TIC|tic=2507|mle_ms=10.067|monotonic_ms=10|clock_delta_ms=.067|
clock_suspect=0
PMLE_LIVE_REPLAY_TIC|tic=2508|mle_ms=59.501|monotonic_ms=60|clock_delta_ms=.499|
clock_suspect=0
PMLE_LIVE_REPLAY_TIC|tic=2509|mle_ms=15.395|monotonic_ms=20|clock_delta_ms=4.605
|clock_suspect=0
PMLE_LIVE_REPLAY_TIC|tic=2510|mle_ms=14.47|monotonic_ms=10|clock_delta_ms=4.47|c
lock_suspect=0
PMLE_LIVE_REPLAY_TIC|tic=2511|mle_ms=113.898|monotonic_ms=110|clock_delta_ms=3.8
98|clock_suspect=0
PMLE_LIVE_REPLAY_TIC|tic=2512|mle_ms=14.178|monotonic_ms=20|clock_delta_ms=5.822
|clock_suspect=0
PMLE_LIVE_REPLAY_TIC|tic=2513|mle_ms=56.825|monotonic_ms=60|clock_delta_ms=3.175
|clock_suspect=0
PMLE_LIVE_REPLAY_TIC|tic=2514|mle_ms=89.295|monotonic_ms=80|clock_delta_ms=9.295
|clock_suspect=0
PMLE_LIVE_REPLAY_TIC|tic=2515|mle_ms=12.332|monotonic_ms=20|clock_delta_ms=7.668
|clock_suspect=0
PMLE_LIVE_REPLAY_TIC|tic=2516|mle_ms=39.22|monotonic_ms=40|clock_delta_ms=.78|cl
ock_suspect=0
PMLE_LIVE_REPLAY_TIC|tic=2517|mle_ms=55.298|monotonic_ms=50|clock_delta_ms=5.298
|clock_suspect=0
PMLE_LIVE_REPLAY_TIC|tic=2518|mle_ms=11.602|monotonic_ms=10|clock_delta_ms=1.602
|clock_suspect=0
PMLE_LIVE_REPLAY_TIC|tic=2519|mle_ms=14.507|monotonic_ms=20|clock_delta_ms=5.493
|clock_suspect=0
PMLE_LIVE_REPLAY_TIC|tic=2520|mle_ms=67.439|monotonic_ms=70|clock_delta_ms=2.561
|clock_suspect=0
PMLE_LIVE_REPLAY_TIC|tic=2521|mle_ms=40.564|monotonic_ms=40|clock_delta_ms=.564|
clock_suspect=0
PMLE_LIVE_REPLAY_TIC|tic=2522|mle_ms=11.217|monotonic_ms=10|clock_delta_ms=1.217
|clock_suspect=0
PMLE_LIVE_REPLAY_TIC|tic=2523|mle_ms=111.185|monotonic_ms=110|clock_delta_ms=1.1
85|clock_suspect=0
PMLE_LIVE_REPLAY_TIC|tic=2524|mle_ms=19.206|monotonic_ms=20|clock_delta_ms=.794|
clock_suspect=0
PMLE_LIVE_REPLAY_TIC|tic=2525|mle_ms=9.722|monotonic_ms=10|clock_delta_ms=.278|c
lock_suspect=0
PMLE_LIVE_REPLAY_TIC|tic=2526|mle_ms=100.808|monotonic_ms=100|clock_delta_ms=.80
8|clock_suspect=0
PMLE_LIVE_REPLAY_TIC|tic=2527|mle_ms=10.151|monotonic_ms=10|clock_delta_ms=.151|
clock_suspect=0
PMLE_LIVE_REPLAY_TIC|tic=2528|mle_ms=9.739|monotonic_ms=10|clock_delta_ms=.261|c
lock_suspect=0
PMLE_LIVE_REPLAY_TIC|tic=2529|mle_ms=66.347|monotonic_ms=70|clock_delta_ms=3.653
|clock_suspect=0
PMLE_LIVE_REPLAY_TIC|tic=2530|mle_ms=9.867|monotonic_ms=10|clock_delta_ms=.133|c
lock_suspect=0
PMLE_LIVE_REPLAY_TIC|tic=2531|mle_ms=45.255|monotonic_ms=40|clock_delta_ms=5.255
|clock_suspect=0
PMLE_LIVE_REPLAY_TIC|tic=2532|mle_ms=80.413|monotonic_ms=80|clock_delta_ms=.413|
clock_suspect=0
PMLE_LIVE_REPLAY_TIC|tic=2533|mle_ms=46.2|monotonic_ms=50|clock_delta_ms=3.8|clo
ck_suspect=0
PMLE_LIVE_REPLAY_TIC|tic=2534|mle_ms=19.282|monotonic_ms=20|clock_delta_ms=.718|
clock_suspect=0
PMLE_LIVE_REPLAY_TIC|tic=2535|mle_ms=76.287|monotonic_ms=70|clock_delta_ms=6.287
|clock_suspect=0
PMLE_LIVE_REPLAY_TIC|tic=2536|mle_ms=38.903|monotonic_ms=40|clock_delta_ms=1.097
|clock_suspect=0
PMLE_LIVE_REPLAY_TIC|tic=2537|mle_ms=9.061|monotonic_ms=10|clock_delta_ms=.939|c
lock_suspect=0
PMLE_LIVE_REPLAY_TIC|tic=2538|mle_ms=79.733|monotonic_ms=80|clock_delta_ms=.267|
clock_suspect=0
PMLE_LIVE_REPLAY_TIC|tic=2539|mle_ms=13.908|monotonic_ms=20|clock_delta_ms=6.092
|clock_suspect=0
PMLE_LIVE_REPLAY_TIC|tic=2540|mle_ms=14.959|monotonic_ms=10|clock_delta_ms=4.959
|clock_suspect=0
PMLE_LIVE_REPLAY_TIC|tic=2541|mle_ms=140.189|monotonic_ms=140|clock_delta_ms=.18
9|clock_suspect=0
PMLE_LIVE_REPLAY_TIC|tic=2542|mle_ms=10.632|monotonic_ms=10|clock_delta_ms=.632|
clock_suspect=0
PMLE_LIVE_REPLAY_TIC|tic=2543|mle_ms=48.389|monotonic_ms=50|clock_delta_ms=1.611
|clock_suspect=0
PMLE_LIVE_REPLAY_TIC|tic=2544|mle_ms=69.021|monotonic_ms=70|clock_delta_ms=.979|
clock_suspect=0
PMLE_LIVE_REPLAY_TIC|tic=2545|mle_ms=13.209|monotonic_ms=10|clock_delta_ms=3.209
|clock_suspect=0
PMLE_LIVE_REPLAY_TIC|tic=2546|mle_ms=43.331|monotonic_ms=50|clock_delta_ms=6.669
|clock_suspect=0
PMLE_LIVE_REPLAY_TIC|tic=2547|mle_ms=33.742|monotonic_ms=30|clock_delta_ms=3.742
|clock_suspect=0
PMLE_LIVE_REPLAY_TIC|tic=2548|mle_ms=10.416|monotonic_ms=10|clock_delta_ms=.416|
clock_suspect=0
PMLE_LIVE_REPLAY_TIC|tic=2549|mle_ms=12.969|monotonic_ms=10|clock_delta_ms=2.969
|clock_suspect=0
PMLE_LIVE_REPLAY_TIC|tic=2550|mle_ms=34.8|monotonic_ms=40|clock_delta_ms=5.2|clo
ck_suspect=0
PMLE_LIVE_REPLAY_TIC|tic=2551|mle_ms=40.248|monotonic_ms=40|clock_delta_ms=.248|
clock_suspect=0
PMLE_LIVE_REPLAY_TIC|tic=2552|mle_ms=11.682|monotonic_ms=10|clock_delta_ms=1.682
|clock_suspect=0
PMLE_LIVE_REPLAY_TIC|tic=2553|mle_ms=70.899|monotonic_ms=70|clock_delta_ms=.899|
clock_suspect=0
PMLE_LIVE_REPLAY_TIC|tic=2554|mle_ms=21.744|monotonic_ms=20|clock_delta_ms=1.744
|clock_suspect=0
PMLE_LIVE_REPLAY_TIC|tic=2555|mle_ms=11.403|monotonic_ms=10|clock_delta_ms=1.403
|clock_suspect=0
PMLE_LIVE_REPLAY_TIC|tic=2556|mle_ms=62.139|monotonic_ms=70|clock_delta_ms=7.861
|clock_suspect=0
PMLE_LIVE_REPLAY_TIC|tic=2557|mle_ms=9.841|monotonic_ms=10|clock_delta_ms=.159|c
lock_suspect=0
PMLE_LIVE_REPLAY_TIC|tic=2558|mle_ms=10.456|monotonic_ms=10|clock_delta_ms=.456|
clock_suspect=0
PMLE_LIVE_REPLAY_TIC|tic=2559|mle_ms=40.943|monotonic_ms=40|clock_delta_ms=.943|
clock_suspect=0
PMLE_LIVE_REPLAY_TIC|tic=2560|mle_ms=15.742|monotonic_ms=10|clock_delta_ms=5.742
|clock_suspect=0
PMLE_LIVE_REPLAY_TIC|tic=2561|mle_ms=45.072|monotonic_ms=50|clock_delta_ms=4.928
|clock_suspect=0
PMLE_LIVE_REPLAY_TIC|tic=2562|mle_ms=43.609|monotonic_ms=40|clock_delta_ms=3.609
|clock_suspect=0
PMLE_LIVE_REPLAY_TIC|tic=2563|mle_ms=48.011|monotonic_ms=50|clock_delta_ms=1.989
|clock_suspect=0
PMLE_LIVE_REPLAY_TIC|tic=2564|mle_ms=22.298|monotonic_ms=20|clock_delta_ms=2.298
|clock_suspect=0
PMLE_LIVE_REPLAY_TIC|tic=2565|mle_ms=37.064|monotonic_ms=40|clock_delta_ms=2.936
|clock_suspect=0
PMLE_LIVE_REPLAY_TIC|tic=2566|mle_ms=49.8|monotonic_ms=50|clock_delta_ms=.2|cloc
k_suspect=0
PMLE_LIVE_REPLAY_TIC|tic=2567|mle_ms=13.372|monotonic_ms=10|clock_delta_ms=3.372
|clock_suspect=0
PMLE_LIVE_REPLAY_TIC|tic=2568|mle_ms=41.434|monotonic_ms=40|clock_delta_ms=1.434
|clock_suspect=0
PMLE_LIVE_REPLAY_TIC|tic=2569|mle_ms=43.874|monotonic_ms=50|clock_delta_ms=6.126
|clock_suspect=0
PMLE_LIVE_REPLAY_TIC|tic=2570|mle_ms=15.202|monotonic_ms=10|clock_delta_ms=5.202
|clock_suspect=0
PMLE_LIVE_REPLAY_TIC|tic=2571|mle_ms=50.252|monotonic_ms=50|clock_delta_ms=.252|
clock_suspect=0
PMLE_LIVE_REPLAY_TIC|tic=2572|mle_ms=48.382|monotonic_ms=50|clock_delta_ms=1.618
|clock_suspect=0
PMLE_LIVE_REPLAY_TIC|tic=2573|mle_ms=49.093|monotonic_ms=50|clock_delta_ms=.907|
clock_suspect=0
PMLE_LIVE_REPLAY_TIC|tic=2574|mle_ms=22.671|monotonic_ms=20|clock_delta_ms=2.671
|clock_suspect=0
PMLE_LIVE_REPLAY_TIC|tic=2575|mle_ms=47.233|monotonic_ms=50|clock_delta_ms=2.767
|clock_suspect=0
PMLE_LIVE_REPLAY_TIC|tic=2576|mle_ms=45.808|monotonic_ms=50|clock_delta_ms=4.192
|clock_suspect=0
PMLE_LIVE_REPLAY_TIC|tic=2577|mle_ms=17.425|monotonic_ms=20|clock_delta_ms=2.575
|clock_suspect=0
PMLE_LIVE_REPLAY_TIC|tic=2578|mle_ms=68.407|monotonic_ms=60|clock_delta_ms=8.407
|clock_suspect=0
PMLE_LIVE_REPLAY_TIC|tic=2579|mle_ms=25.279|monotonic_ms=30|clock_delta_ms=4.721
|clock_suspect=0
PMLE_LIVE_REPLAY_TIC|tic=2580|mle_ms=21.676|monotonic_ms=20|clock_delta_ms=1.676
|clock_suspect=0
PMLE_LIVE_REPLAY_TIC|tic=2581|mle_ms=76.222|monotonic_ms=80|clock_delta_ms=3.778
|clock_suspect=0
PMLE_LIVE_REPLAY_TIC|tic=2582|mle_ms=24.138|monotonic_ms=20|clock_delta_ms=4.138
|clock_suspect=0
PMLE_LIVE_REPLAY_TIC|tic=2583|mle_ms=65.649|monotonic_ms=70|clock_delta_ms=4.351
|clock_suspect=0
PMLE_LIVE_REPLAY_TIC|tic=2584|mle_ms=76.981|monotonic_ms=70|clock_delta_ms=6.981
|clock_suspect=0
PMLE_LIVE_REPLAY_TIC|tic=2585|mle_ms=32.458|monotonic_ms=40|clock_delta_ms=7.542
|clock_suspect=0
PMLE_LIVE_REPLAY_TIC|tic=2586|mle_ms=68.285|monotonic_ms=70|clock_delta_ms=1.715
|clock_suspect=0
PMLE_LIVE_REPLAY_TIC|tic=2587|mle_ms=59.28|monotonic_ms=50|clock_delta_ms=9.28|c
lock_suspect=0
PMLE_LIVE_REPLAY_TIC|tic=2588|mle_ms=31.538|monotonic_ms=40|clock_delta_ms=8.462
|clock_suspect=0
PMLE_LIVE_REPLAY_TIC|tic=2589|mle_ms=34.591|monotonic_ms=30|clock_delta_ms=4.591
|clock_suspect=0
PMLE_LIVE_REPLAY_TIC|tic=2590|mle_ms=69.283|monotonic_ms=70|clock_delta_ms=.717|
clock_suspect=0
PMLE_LIVE_REPLAY_TIC|tic=2591|mle_ms=63.776|monotonic_ms=60|clock_delta_ms=3.776
|clock_suspect=0
PMLE_LIVE_REPLAY_TIC|tic=2592|mle_ms=29.442|monotonic_ms=30|clock_delta_ms=.558|
clock_suspect=0
PMLE_LIVE_REPLAY_TIC|tic=2593|mle_ms=113.293|monotonic_ms=120|clock_delta_ms=6.7
07|clock_suspect=0
PMLE_LIVE_REPLAY_TIC|tic=2594|mle_ms=35.258|monotonic_ms=30|clock_delta_ms=5.258
|clock_suspect=0
PMLE_LIVE_REPLAY_TIC|tic=2595|mle_ms=29.873|monotonic_ms=30|clock_delta_ms=.127|
clock_suspect=0
PMLE_LIVE_REPLAY_TIC|tic=2596|mle_ms=100.785|monotonic_ms=100|clock_delta_ms=.78
5|clock_suspect=0
PMLE_LIVE_REPLAY_TIC|tic=2597|mle_ms=26.841|monotonic_ms=30|clock_delta_ms=3.159
|clock_suspect=0
PMLE_LIVE_REPLAY_TIC|tic=2598|mle_ms=26.893|monotonic_ms=30|clock_delta_ms=3.107
|clock_suspect=0
PMLE_LIVE_REPLAY_TIC|tic=2599|mle_ms=98.131|monotonic_ms=100|clock_delta_ms=1.86
9|clock_suspect=0
PMLE_LIVE_REPLAY_TIC|tic=2600|mle_ms=27.303|monotonic_ms=20|clock_delta_ms=7.303
|clock_suspect=0
PMLE_LIVE_REPLAY_TIC|tic=2601|mle_ms=61.803|monotonic_ms=60|clock_delta_ms=1.803
|clock_suspect=0
PMLE_LIVE_REPLAY_TIC|tic=2602|mle_ms=133.17|monotonic_ms=130|clock_delta_ms=3.17
|clock_suspect=0
PMLE_LIVE_REPLAY_TIC|tic=2603|mle_ms=49.099|monotonic_ms=50|clock_delta_ms=.901|
clock_suspect=0
PMLE_LIVE_REPLAY_TIC|tic=2604|mle_ms=48.068|monotonic_ms=50|clock_delta_ms=1.932
|clock_suspect=0
PMLE_LIVE_REPLAY_TIC|tic=2605|mle_ms=127.558|monotonic_ms=130|clock_delta_ms=2.4
42|clock_suspect=0
PMLE_LIVE_REPLAY_TIC|tic=2606|mle_ms=42.485|monotonic_ms=40|clock_delta_ms=2.485
|clock_suspect=0
PMLE_LIVE_REPLAY_TIC|tic=2607|mle_ms=35.666|monotonic_ms=30|clock_delta_ms=5.666
|clock_suspect=0
PMLE_LIVE_REPLAY_TIC|tic=2608|mle_ms=132.157|monotonic_ms=140|clock_delta_ms=7.8
43|clock_suspect=0
PMLE_LIVE_REPLAY_TIC|tic=2609|mle_ms=37.669|monotonic_ms=30|clock_delta_ms=7.669
|clock_suspect=0
PMLE_LIVE_REPLAY_TIC|tic=2610|mle_ms=47.581|monotonic_ms=50|clock_delta_ms=2.419
|clock_suspect=0
PMLE_LIVE_REPLAY_TIC|tic=2611|mle_ms=177.594|monotonic_ms=180|clock_delta_ms=2.4
06|clock_suspect=0
PMLE_LIVE_REPLAY_TIC|tic=2612|mle_ms=36.433|monotonic_ms=40|clock_delta_ms=3.567
|clock_suspect=0
PMLE_LIVE_REPLAY_TIC|tic=2613|mle_ms=62.888|monotonic_ms=60|clock_delta_ms=2.888
|clock_suspect=0
PMLE_LIVE_REPLAY_TIC|tic=2614|mle_ms=207.551|monotonic_ms=210|clock_delta_ms=2.4
49|clock_suspect=0
PMLE_LIVE_REPLAY_TIC|tic=2615|mle_ms=48.577|monotonic_ms=40|clock_delta_ms=8.577
|clock_suspect=0
PMLE_LIVE_REPLAY_TIC|tic=2616|mle_ms=59.279|monotonic_ms=60|clock_delta_ms=.721|
clock_suspect=0
PMLE_LIVE_REPLAY_TIC|tic=2617|mle_ms=134.444|monotonic_ms=140|clock_delta_ms=5.5
56|clock_suspect=0
PMLE_LIVE_REPLAY_TIC|tic=2618|mle_ms=31.233|monotonic_ms=30|clock_delta_ms=1.233
|clock_suspect=0
PMLE_LIVE_REPLAY_TIC|tic=2619|mle_ms=33.541|monotonic_ms=30|clock_delta_ms=3.541
|clock_suspect=0
PMLE_LIVE_REPLAY_TIC|tic=2620|mle_ms=132.451|monotonic_ms=140|clock_delta_ms=7.5
49|clock_suspect=0
PMLE_LIVE_REPLAY_TIC|tic=2621|mle_ms=64.59|monotonic_ms=60|clock_delta_ms=4.59|c
lock_suspect=0
PMLE_LIVE_REPLAY_TIC|tic=2622|mle_ms=36.884|monotonic_ms=40|clock_delta_ms=3.116
|clock_suspect=0
PMLE_LIVE_REPLAY_TIC|tic=2623|mle_ms=155.802|monotonic_ms=150|clock_delta_ms=5.8
02|clock_suspect=0
PMLE_LIVE_REPLAY_TIC|tic=2624|mle_ms=40.974|monotonic_ms=40|clock_delta_ms=.974|
clock_suspect=0
PMLE_LIVE_REPLAY_TIC|tic=2625|mle_ms=27.221|monotonic_ms=30|clock_delta_ms=2.779
|clock_suspect=0
PMLE_LIVE_REPLAY_TIC|tic=2626|mle_ms=155.08|monotonic_ms=160|clock_delta_ms=4.92
|clock_suspect=0
PMLE_LIVE_REPLAY_TIC|tic=2627|mle_ms=27.391|monotonic_ms=20|clock_delta_ms=7.391
|clock_suspect=0
PMLE_LIVE_REPLAY_TIC|tic=2628|mle_ms=32.968|monotonic_ms=40|clock_delta_ms=7.032
|clock_suspect=0
PMLE_LIVE_REPLAY_TIC|tic=2629|mle_ms=147.212|monotonic_ms=140|clock_delta_ms=7.2
12|clock_suspect=0
PMLE_LIVE_REPLAY_TIC|tic=2630|mle_ms=29.85|monotonic_ms=30|clock_delta_ms=.15|cl
ock_suspect=0
PMLE_LIVE_REPLAY_TIC|tic=2631|mle_ms=61.085|monotonic_ms=70|clock_delta_ms=8.915
|clock_suspect=0
PMLE_LIVE_REPLAY_TIC|tic=2632|mle_ms=204.104|monotonic_ms=200|clock_delta_ms=4.1
04|clock_suspect=0
PMLE_LIVE_REPLAY_TIC|tic=2633|mle_ms=42.46|monotonic_ms=40|clock_delta_ms=2.46|c
lock_suspect=0
PMLE_LIVE_REPLAY_TIC|tic=2634|mle_ms=49.377|monotonic_ms=50|clock_delta_ms=.623|
clock_suspect=0
PMLE_LIVE_REPLAY_TIC|tic=2635|mle_ms=164.599|monotonic_ms=170|clock_delta_ms=5.4
01|clock_suspect=0
PMLE_LIVE_REPLAY_TIC|tic=2636|mle_ms=44.651|monotonic_ms=40|clock_delta_ms=4.651
|clock_suspect=0
PMLE_LIVE_REPLAY_TIC|tic=2637|mle_ms=28.025|monotonic_ms=30|clock_delta_ms=1.975
|clock_suspect=0
PMLE_LIVE_REPLAY_TIC|tic=2638|mle_ms=132.641|monotonic_ms=130|clock_delta_ms=2.6
41|clock_suspect=0
PMLE_LIVE_REPLAY_TIC|tic=2639|mle_ms=31.072|monotonic_ms=30|clock_delta_ms=1.072
|clock_suspect=0
PMLE_LIVE_REPLAY_TIC|tic=2640|mle_ms=25.238|monotonic_ms=30|clock_delta_ms=4.762
|clock_suspect=0
PMLE_LIVE_REPLAY_TIC|tic=2641|mle_ms=162.905|monotonic_ms=160|clock_delta_ms=2.9
05|clock_suspect=0
PMLE_LIVE_REPLAY_TIC|tic=2642|mle_ms=15.752|monotonic_ms=20|clock_delta_ms=4.248
|clock_suspect=0
PMLE_LIVE_REPLAY_TIC|tic=2643|mle_ms=26.08|monotonic_ms=20|clock_delta_ms=6.08|c
lock_suspect=0
PMLE_LIVE_REPLAY_TIC|tic=2644|mle_ms=141.637|monotonic_ms=150|clock_delta_ms=8.3
63|clock_suspect=0
PMLE_LIVE_REPLAY_TIC|tic=2645|mle_ms=16.533|monotonic_ms=10|clock_delta_ms=6.533
|clock_suspect=0
PMLE_LIVE_REPLAY_TIC|tic=2646|mle_ms=30.322|monotonic_ms=30|clock_delta_ms=.322|
clock_suspect=0
PMLE_LIVE_REPLAY_TIC|tic=2647|mle_ms=116.404|monotonic_ms=120|clock_delta_ms=3.5
96|clock_suspect=0
PMLE_LIVE_REPLAY_TIC|tic=2648|mle_ms=14.89|monotonic_ms=10|clock_delta_ms=4.89|c
lock_suspect=0
PMLE_LIVE_REPLAY_TIC|tic=2649|mle_ms=19.022|monotonic_ms=20|clock_delta_ms=.978|
clock_suspect=0
PMLE_LIVE_REPLAY_TIC|tic=2650|mle_ms=135.615|monotonic_ms=140|clock_delta_ms=4.3
85|clock_suspect=0
PMLE_LIVE_REPLAY_TIC|tic=2651|mle_ms=43.984|monotonic_ms=40|clock_delta_ms=3.984
|clock_suspect=0
PMLE_LIVE_REPLAY_TIC|tic=2652|mle_ms=15.242|monotonic_ms=20|clock_delta_ms=4.758
|clock_suspect=0
PMLE_LIVE_REPLAY_TIC|tic=2653|mle_ms=131.98|monotonic_ms=130|clock_delta_ms=1.98
|clock_suspect=0
PMLE_LIVE_REPLAY_TIC|tic=2654|mle_ms=25.134|monotonic_ms=30|clock_delta_ms=4.866
|clock_suspect=0
PMLE_LIVE_REPLAY_TIC|tic=2655|mle_ms=12.874|monotonic_ms=10|clock_delta_ms=2.874
|clock_suspect=0
PMLE_LIVE_REPLAY_TIC|tic=2656|mle_ms=144.815|monotonic_ms=140|clock_delta_ms=4.8
15|clock_suspect=0
PMLE_LIVE_REPLAY_TIC|tic=2657|mle_ms=16.287|monotonic_ms=20|clock_delta_ms=3.713
|clock_suspect=0
PMLE_LIVE_REPLAY_TIC|tic=2658|mle_ms=18.16|monotonic_ms=20|clock_delta_ms=1.84|c
lock_suspect=0
PMLE_LIVE_REPLAY_TIC|tic=2659|mle_ms=123.319|monotonic_ms=120|clock_delta_ms=3.3
19|clock_suspect=0
PMLE_LIVE_REPLAY_TIC|tic=2660|mle_ms=15.864|monotonic_ms=20|clock_delta_ms=4.136
|clock_suspect=0
PMLE_LIVE_REPLAY_TIC|tic=2661|mle_ms=46.422|monotonic_ms=40|clock_delta_ms=6.422
|clock_suspect=0
PMLE_LIVE_REPLAY_TIC|tic=2662|mle_ms=153.198|monotonic_ms=160|clock_delta_ms=6.8
02|clock_suspect=0
PMLE_LIVE_REPLAY_TIC|tic=2663|mle_ms=29.361|monotonic_ms=30|clock_delta_ms=.639|
clock_suspect=0
PMLE_LIVE_REPLAY_TIC|tic=2664|mle_ms=26.436|monotonic_ms=20|clock_delta_ms=6.436
|clock_suspect=0
PMLE_LIVE_REPLAY_TIC|tic=2665|mle_ms=153.6|monotonic_ms=160|clock_delta_ms=6.4|c
lock_suspect=0
PMLE_LIVE_REPLAY_TIC|tic=2666|mle_ms=30.737|monotonic_ms=30|clock_delta_ms=.737|
clock_suspect=0
PMLE_LIVE_REPLAY_TIC|tic=2667|mle_ms=12.236|monotonic_ms=10|clock_delta_ms=2.236
|clock_suspect=0
PMLE_LIVE_REPLAY_TIC|tic=2668|mle_ms=116.014|monotonic_ms=120|clock_delta_ms=3.9
86|clock_suspect=0
PMLE_LIVE_REPLAY_TIC|tic=2669|mle_ms=13.105|monotonic_ms=10|clock_delta_ms=3.105
|clock_suspect=0
PMLE_LIVE_REPLAY_TIC|tic=2670|mle_ms=12.162|monotonic_ms=10|clock_delta_ms=2.162
|clock_suspect=0
PMLE_LIVE_REPLAY_TIC|tic=2671|mle_ms=148.156|monotonic_ms=150|clock_delta_ms=1.8
44|clock_suspect=0
PMLE_LIVE_REPLAY_TIC|tic=2672|mle_ms=12.206|monotonic_ms=10|clock_delta_ms=2.206
|clock_suspect=0
PMLE_LIVE_REPLAY_TIC|tic=2673|mle_ms=26.007|monotonic_ms=30|clock_delta_ms=3.993
|clock_suspect=0
PMLE_LIVE_REPLAY_TIC|tic=2674|mle_ms=134.343|monotonic_ms=130|clock_delta_ms=4.3
43|clock_suspect=0
PMLE_LIVE_REPLAY_TIC|tic=2675|mle_ms=16.366|monotonic_ms=20|clock_delta_ms=3.634
|clock_suspect=0
PMLE_LIVE_REPLAY_TIC|tic=2676|mle_ms=29.906|monotonic_ms=30|clock_delta_ms=.094|
clock_suspect=0
PMLE_LIVE_REPLAY_TIC|tic=2677|mle_ms=119.961|monotonic_ms=120|clock_delta_ms=.03
9|clock_suspect=0
PMLE_LIVE_REPLAY_TIC|tic=2678|mle_ms=12.909|monotonic_ms=10|clock_delta_ms=2.909
|clock_suspect=0
PMLE_LIVE_REPLAY_TIC|tic=2679|mle_ms=15.919|monotonic_ms=20|clock_delta_ms=4.081
|clock_suspect=0
PMLE_LIVE_REPLAY_TIC|tic=2680|mle_ms=118.124|monotonic_ms=120|clock_delta_ms=1.8
76|clock_suspect=0
PMLE_LIVE_REPLAY_TIC|tic=2681|mle_ms=40.939|monotonic_ms=40|clock_delta_ms=.939|
clock_suspect=0
PMLE_LIVE_REPLAY_TIC|tic=2682|mle_ms=13.392|monotonic_ms=10|clock_delta_ms=3.392
|clock_suspect=0
PMLE_LIVE_REPLAY_TIC|tic=2683|mle_ms=157.559|monotonic_ms=160|clock_delta_ms=2.4
41|clock_suspect=0
PMLE_LIVE_REPLAY_TIC|tic=2684|mle_ms=24.212|monotonic_ms=20|clock_delta_ms=4.212
|clock_suspect=0
PMLE_LIVE_REPLAY_TIC|tic=2685|mle_ms=12.68|monotonic_ms=10|clock_delta_ms=2.68|c
lock_suspect=0
PMLE_LIVE_REPLAY_TIC|tic=2686|mle_ms=132.568|monotonic_ms=140|clock_delta_ms=7.4
32|clock_suspect=0
PMLE_LIVE_REPLAY_TIC|tic=2687|mle_ms=13.261|monotonic_ms=10|clock_delta_ms=3.261
|clock_suspect=0
PMLE_LIVE_REPLAY_TIC|tic=2688|mle_ms=14.143|monotonic_ms=20|clock_delta_ms=5.857
|clock_suspect=0
PMLE_LIVE_REPLAY_TIC|tic=2689|mle_ms=122.817|monotonic_ms=120|clock_delta_ms=2.8
17|clock_suspect=0
PMLE_LIVE_REPLAY_TIC|tic=2690|mle_ms=11.318|monotonic_ms=10|clock_delta_ms=1.318
|clock_suspect=0
PMLE_LIVE_REPLAY_TIC|tic=2691|mle_ms=48.055|monotonic_ms=50|clock_delta_ms=1.945
|clock_suspect=0
PMLE_LIVE_REPLAY_TIC|tic=2692|mle_ms=134.329|monotonic_ms=130|clock_delta_ms=4.3
29|clock_suspect=0
PMLE_LIVE_REPLAY_TIC|tic=2693|mle_ms=28.525|monotonic_ms=30|clock_delta_ms=1.475
|clock_suspect=0
PMLE_LIVE_REPLAY_TIC|tic=2694|mle_ms=28.348|monotonic_ms=30|clock_delta_ms=1.652
|clock_suspect=0
PMLE_LIVE_REPLAY_TIC|tic=2695|mle_ms=141.133|monotonic_ms=140|clock_delta_ms=1.1
33|clock_suspect=0
PMLE_LIVE_REPLAY_TIC|tic=2696|mle_ms=23.486|monotonic_ms=20|clock_delta_ms=3.486
|clock_suspect=0
PMLE_LIVE_REPLAY_TIC|tic=2697|mle_ms=9.764|monotonic_ms=10|clock_delta_ms=.236|c
lock_suspect=0
PMLE_LIVE_REPLAY_TIC|tic=2698|mle_ms=118.476|monotonic_ms=120|clock_delta_ms=1.5
24|clock_suspect=0
PMLE_LIVE_REPLAY_TIC|tic=2699|mle_ms=14.534|monotonic_ms=20|clock_delta_ms=5.466
|clock_suspect=0
PMLE_LIVE_REPLAY_TIC|tic=2700|mle_ms=15.43|monotonic_ms=10|clock_delta_ms=5.43|c
lock_suspect=0
PMLE_LIVE_REPLAY_TIC|tic=2701|mle_ms=158.19|monotonic_ms=160|clock_delta_ms=1.81
|clock_suspect=0
PMLE_LIVE_REPLAY_TIC|tic=2702|mle_ms=13.669|monotonic_ms=20|clock_delta_ms=6.331
|clock_suspect=0
PMLE_LIVE_REPLAY_TIC|tic=2703|mle_ms=28.167|monotonic_ms=30|clock_delta_ms=1.833
|clock_suspect=0
PMLE_LIVE_REPLAY_TIC|tic=2704|mle_ms=135.453|monotonic_ms=130|clock_delta_ms=5.4
53|clock_suspect=0
PMLE_LIVE_REPLAY_TIC|tic=2705|mle_ms=11.724|monotonic_ms=10|clock_delta_ms=1.724
|clock_suspect=0
PMLE_LIVE_REPLAY_TIC|tic=2706|mle_ms=32.427|monotonic_ms=30|clock_delta_ms=2.427
|clock_suspect=0
PMLE_LIVE_REPLAY_TIC|tic=2707|mle_ms=153.46|monotonic_ms=150|clock_delta_ms=3.46
|clock_suspect=0
PMLE_LIVE_REPLAY_TIC|tic=2708|mle_ms=11.92|monotonic_ms=10|clock_delta_ms=1.92|c
lock_suspect=0
PMLE_LIVE_REPLAY_TIC|tic=2709|mle_ms=13.192|monotonic_ms=10|clock_delta_ms=3.192
|clock_suspect=0
PMLE_LIVE_REPLAY_TIC|tic=2710|mle_ms=154.128|monotonic_ms=160|clock_delta_ms=5.8
72|clock_suspect=0
PMLE_LIVE_REPLAY_TIC|tic=2711|mle_ms=40.315|monotonic_ms=40|clock_delta_ms=.315|
clock_suspect=0
PMLE_LIVE_REPLAY_TIC|tic=2712|mle_ms=15.034|monotonic_ms=10|clock_delta_ms=5.034
|clock_suspect=0
PMLE_LIVE_REPLAY_TIC|tic=2713|mle_ms=143.064|monotonic_ms=150|clock_delta_ms=6.9
36|clock_suspect=0
PMLE_LIVE_REPLAY_TIC|tic=2714|mle_ms=22.626|monotonic_ms=20|clock_delta_ms=2.626
|clock_suspect=0
PMLE_LIVE_REPLAY_TIC|tic=2715|mle_ms=13.861|monotonic_ms=10|clock_delta_ms=3.861
|clock_suspect=0
PMLE_LIVE_REPLAY_TIC|tic=2716|mle_ms=155.002|monotonic_ms=160|clock_delta_ms=4.9
98|clock_suspect=0
PMLE_LIVE_REPLAY_TIC|tic=2717|mle_ms=13.299|monotonic_ms=10|clock_delta_ms=3.299
|clock_suspect=0
PMLE_LIVE_REPLAY_TIC|tic=2718|mle_ms=14.384|monotonic_ms=20|clock_delta_ms=5.616
|clock_suspect=0
PMLE_LIVE_REPLAY_TIC|tic=2719|mle_ms=124.65|monotonic_ms=120|clock_delta_ms=4.65
|clock_suspect=0
PMLE_LIVE_REPLAY_TIC|tic=2720|mle_ms=13.783|monotonic_ms=10|clock_delta_ms=3.783
|clock_suspect=0
PMLE_LIVE_REPLAY_TIC|tic=2721|mle_ms=47.267|monotonic_ms=50|clock_delta_ms=2.733
|clock_suspect=0
PMLE_LIVE_REPLAY_TIC|tic=2722|mle_ms=117.338|monotonic_ms=120|clock_delta_ms=2.6
62|clock_suspect=0
PMLE_LIVE_REPLAY_TIC|tic=2723|mle_ms=25.823|monotonic_ms=30|clock_delta_ms=4.177
|clock_suspect=0
PMLE_LIVE_REPLAY_TIC|tic=2724|mle_ms=25.122|monotonic_ms=20|clock_delta_ms=5.122
|clock_suspect=0
PMLE_LIVE_REPLAY_TIC|tic=2725|mle_ms=127.345|monotonic_ms=130|clock_delta_ms=2.6
55|clock_suspect=0
PMLE_LIVE_REPLAY_TIC|tic=2726|mle_ms=22.436|monotonic_ms=20|clock_delta_ms=2.436
|clock_suspect=0
PMLE_LIVE_REPLAY_TIC|tic=2727|mle_ms=8.741|monotonic_ms=10|clock_delta_ms=1.259|
clock_suspect=0
PMLE_LIVE_REPLAY_TIC|tic=2728|mle_ms=153.187|monotonic_ms=150|clock_delta_ms=3.1
87|clock_suspect=0
PMLE_LIVE_REPLAY_TIC|tic=2729|mle_ms=11.841|monotonic_ms=10|clock_delta_ms=1.841
|clock_suspect=0
PMLE_LIVE_REPLAY_TIC|tic=2730|mle_ms=9.506|monotonic_ms=10|clock_delta_ms=.494|c
lock_suspect=0
PMLE_LIVE_REPLAY_TIC|tic=2731|mle_ms=151.544|monotonic_ms=160|clock_delta_ms=8.4
56|clock_suspect=0
PMLE_LIVE_REPLAY_TIC|tic=2732|mle_ms=13.613|monotonic_ms=10|clock_delta_ms=3.613
|clock_suspect=0
PMLE_LIVE_REPLAY_TIC|tic=2733|mle_ms=28.14|monotonic_ms=30|clock_delta_ms=1.86|c
lock_suspect=0
PMLE_LIVE_REPLAY_TIC|tic=2734|mle_ms=145.341|monotonic_ms=140|clock_delta_ms=5.3
41|clock_suspect=0
PMLE_LIVE_REPLAY_TIC|tic=2735|mle_ms=10.936|monotonic_ms=10|clock_delta_ms=.936|
clock_suspect=0
PMLE_LIVE_REPLAY_TIC|tic=2736|mle_ms=25.923|monotonic_ms=30|clock_delta_ms=4.077
|clock_suspect=0
PMLE_LIVE_REPLAY_TIC|tic=2737|mle_ms=115.466|monotonic_ms=120|clock_delta_ms=4.5
34|clock_suspect=0
PMLE_LIVE_REPLAY_TIC|tic=2738|mle_ms=9.592|monotonic_ms=10|clock_delta_ms=.408|c
lock_suspect=0
PMLE_LIVE_REPLAY_TIC|tic=2739|mle_ms=10.517|monotonic_ms=10|clock_delta_ms=.517|
clock_suspect=0
PMLE_LIVE_REPLAY_TIC|tic=2740|mle_ms=119.346|monotonic_ms=120|clock_delta_ms=.65
4|clock_suspect=0
PMLE_LIVE_REPLAY_TIC|tic=2741|mle_ms=48.494|monotonic_ms=40|clock_delta_ms=8.494
|clock_suspect=0
PMLE_LIVE_REPLAY_TIC|tic=2742|mle_ms=11.793|monotonic_ms=20|clock_delta_ms=8.207
|clock_suspect=0
PMLE_LIVE_REPLAY_TIC|tic=2743|mle_ms=144.051|monotonic_ms=140|clock_delta_ms=4.0
51|clock_suspect=0
PMLE_LIVE_REPLAY_TIC|tic=2744|mle_ms=22.056|monotonic_ms=20|clock_delta_ms=2.056
|clock_suspect=0
PMLE_LIVE_REPLAY_TIC|tic=2745|mle_ms=10.981|monotonic_ms=10|clock_delta_ms=.981|
clock_suspect=0
PMLE_LIVE_REPLAY_TIC|tic=2746|mle_ms=137.502|monotonic_ms=140|clock_delta_ms=2.4
98|clock_suspect=0
PMLE_LIVE_REPLAY_TIC|tic=2747|mle_ms=9.349|monotonic_ms=10|clock_delta_ms=.651|c
lock_suspect=0
PMLE_LIVE_REPLAY_TIC|tic=2748|mle_ms=10.185|monotonic_ms=10|clock_delta_ms=.185|
clock_suspect=0
PMLE_LIVE_REPLAY_TIC|tic=2749|mle_ms=168.875|monotonic_ms=170|clock_delta_ms=1.1
25|clock_suspect=0
PMLE_LIVE_REPLAY_TIC|tic=2750|mle_ms=12.115|monotonic_ms=10|clock_delta_ms=2.115
|clock_suspect=0
PMLE_LIVE_REPLAY_TIC|tic=2751|mle_ms=53.692|monotonic_ms=60|clock_delta_ms=6.308
|clock_suspect=0
PMLE_LIVE_REPLAY_TIC|tic=2752|mle_ms=219.797|monotonic_ms=220|clock_delta_ms=.20
3|clock_suspect=0
PMLE_LIVE_REPLAY_TIC|tic=2753|mle_ms=29.924|monotonic_ms=30|clock_delta_ms=.076|
clock_suspect=0
PMLE_LIVE_REPLAY_TIC|tic=2754|mle_ms=27.007|monotonic_ms=20|clock_delta_ms=7.007
|clock_suspect=0
PMLE_LIVE_REPLAY_TIC|tic=2755|mle_ms=174.921|monotonic_ms=180|clock_delta_ms=5.0
79|clock_suspect=0
PMLE_LIVE_REPLAY_TIC|tic=2756|mle_ms=27.05|monotonic_ms=20|clock_delta_ms=7.05|c
lock_suspect=0
PMLE_LIVE_REPLAY_TIC|tic=2757|mle_ms=8.73|monotonic_ms=10|clock_delta_ms=1.27|cl
ock_suspect=0
PMLE_LIVE_REPLAY_TIC|tic=2758|mle_ms=175.967|monotonic_ms=180|clock_delta_ms=4.0
33|clock_suspect=0
PMLE_LIVE_REPLAY_TIC|tic=2759|mle_ms=10.419|monotonic_ms=10|clock_delta_ms=.419|
clock_suspect=0
PMLE_LIVE_REPLAY_TIC|tic=2760|mle_ms=9.834|monotonic_ms=10|clock_delta_ms=.166|c
lock_suspect=0
PMLE_LIVE_REPLAY_TIC|tic=2761|mle_ms=173.842|monotonic_ms=170|clock_delta_ms=3.8
42|clock_suspect=0
PMLE_LIVE_REPLAY_TIC|tic=2762|mle_ms=9.088|monotonic_ms=10|clock_delta_ms=.912|c
lock_suspect=0
PMLE_LIVE_REPLAY_TIC|tic=2763|mle_ms=26.302|monotonic_ms=30|clock_delta_ms=3.698
|clock_suspect=0
PMLE_LIVE_REPLAY_TIC|tic=2764|mle_ms=167.919|monotonic_ms=170|clock_delta_ms=2.0
81|clock_suspect=0
PMLE_LIVE_REPLAY_TIC|tic=2765|mle_ms=7.92|monotonic_ms=10|clock_delta_ms=2.08|cl
ock_suspect=0
PMLE_LIVE_REPLAY_TIC|tic=2766|mle_ms=22.116|monotonic_ms=20|clock_delta_ms=2.116
|clock_suspect=0
PMLE_LIVE_REPLAY_TIC|tic=2767|mle_ms=137.023|monotonic_ms=130|clock_delta_ms=7.0
23|clock_suspect=0
PMLE_LIVE_REPLAY_TIC|tic=2768|mle_ms=7.685|monotonic_ms=10|clock_delta_ms=2.315|
clock_suspect=0
PMLE_LIVE_REPLAY_TIC|tic=2769|mle_ms=11.742|monotonic_ms=10|clock_delta_ms=1.742
|clock_suspect=0
PMLE_LIVE_REPLAY_TIC|tic=2770|mle_ms=131.676|monotonic_ms=130|clock_delta_ms=1.6
76|clock_suspect=0
PMLE_LIVE_REPLAY_TIC|tic=2771|mle_ms=43.712|monotonic_ms=40|clock_delta_ms=3.712
|clock_suspect=0
PMLE_LIVE_REPLAY_TIC|tic=2772|mle_ms=10.564|monotonic_ms=10|clock_delta_ms=.564|
clock_suspect=0
PMLE_LIVE_REPLAY_TIC|tic=2773|mle_ms=166.911|monotonic_ms=170|clock_delta_ms=3.0
89|clock_suspect=0
PMLE_LIVE_REPLAY_TIC|tic=2774|mle_ms=20.006|monotonic_ms=20|clock_delta_ms=.006|
clock_suspect=0
PMLE_LIVE_REPLAY_TIC|tic=2775|mle_ms=9.336|monotonic_ms=10|clock_delta_ms=.664|c
lock_suspect=0
PMLE_LIVE_REPLAY_TIC|tic=2776|mle_ms=134.61|monotonic_ms=130|clock_delta_ms=4.61
|clock_suspect=0
PMLE_LIVE_REPLAY_TIC|tic=2777|mle_ms=7.122|monotonic_ms=10|clock_delta_ms=2.878|
clock_suspect=0
PMLE_LIVE_REPLAY_TIC|tic=2778|mle_ms=7.823|monotonic_ms=10|clock_delta_ms=2.177|
clock_suspect=0
PMLE_LIVE_REPLAY_TIC|tic=2779|mle_ms=143.592|monotonic_ms=140|clock_delta_ms=3.5
92|clock_suspect=0
PMLE_LIVE_REPLAY_TIC|tic=2780|mle_ms=9.04|monotonic_ms=10|clock_delta_ms=.96|clo
ck_suspect=0
PMLE_LIVE_REPLAY_TIC|tic=2781|mle_ms=41.337|monotonic_ms=40|clock_delta_ms=1.337
|clock_suspect=0
PMLE_LIVE_REPLAY_TIC|tic=2782|mle_ms=118.035|monotonic_ms=120|clock_delta_ms=1.9
65|clock_suspect=0
PMLE_LIVE_REPLAY_TIC|tic=2783|mle_ms=25.077|monotonic_ms=30|clock_delta_ms=4.923
|clock_suspect=0
PMLE_LIVE_REPLAY_TIC|tic=2784|mle_ms=21.173|monotonic_ms=20|clock_delta_ms=1.173
|clock_suspect=0
PMLE_LIVE_REPLAY_TIC|tic=2785|mle_ms=125.273|monotonic_ms=120|clock_delta_ms=5.2
73|clock_suspect=0
PMLE_LIVE_REPLAY_TIC|tic=2786|mle_ms=47.756|monotonic_ms=50|clock_delta_ms=2.244
|clock_suspect=0
PMLE_LIVE_REPLAY_TIC|tic=2787|mle_ms=8.846|monotonic_ms=10|clock_delta_ms=1.154|
clock_suspect=0
PMLE_LIVE_REPLAY_TIC|tic=2788|mle_ms=160.071|monotonic_ms=160|clock_delta_ms=.07
1|clock_suspect=0
PMLE_LIVE_REPLAY_TIC|tic=2789|mle_ms=11.478|monotonic_ms=10|clock_delta_ms=1.478
|clock_suspect=0
PMLE_LIVE_REPLAY_TIC|tic=2790|mle_ms=9.699|monotonic_ms=10|clock_delta_ms=.301|c
lock_suspect=0
PMLE_LIVE_REPLAY_TIC|tic=2791|mle_ms=152.163|monotonic_ms=150|clock_delta_ms=2.1
63|clock_suspect=0
PMLE_LIVE_REPLAY_TIC|tic=2792|mle_ms=10.363|monotonic_ms=10|clock_delta_ms=.363|
clock_suspect=0
PMLE_LIVE_REPLAY_TIC|tic=2793|mle_ms=25.118|monotonic_ms=30|clock_delta_ms=4.882
|clock_suspect=0
PMLE_LIVE_REPLAY_TIC|tic=2794|mle_ms=135.453|monotonic_ms=140|clock_delta_ms=4.5
47|clock_suspect=0
PMLE_LIVE_REPLAY_TIC|tic=2795|mle_ms=8.74|monotonic_ms=0|clock_delta_ms=8.74|clo
ck_suspect=0
PMLE_LIVE_REPLAY_TIC|tic=2796|mle_ms=25.452|monotonic_ms=30|clock_delta_ms=4.548
|clock_suspect=0
PMLE_LIVE_REPLAY_TIC|tic=2797|mle_ms=167.643|monotonic_ms=170|clock_delta_ms=2.3
57|clock_suspect=0
PMLE_LIVE_REPLAY_TIC|tic=2798|mle_ms=9.162|monotonic_ms=10|clock_delta_ms=.838|c
lock_suspect=0
PMLE_LIVE_REPLAY_TIC|tic=2799|mle_ms=14.256|monotonic_ms=10|clock_delta_ms=4.256
|clock_suspect=0
PMLE_LIVE_REPLAY_TIC|tic=2800|mle_ms=163.91|monotonic_ms=170|clock_delta_ms=6.09
|clock_suspect=0
PMLE_LIVE_REPLAY_TIC|tic=2801|mle_ms=35.375|monotonic_ms=40|clock_delta_ms=4.625
|clock_suspect=0
PMLE_LIVE_REPLAY_TIC|tic=2802|mle_ms=10.464|monotonic_ms=10|clock_delta_ms=.464|
clock_suspect=0
PMLE_LIVE_REPLAY_TIC|tic=2803|mle_ms=169.782|monotonic_ms=170|clock_delta_ms=.21
8|clock_suspect=0
PMLE_LIVE_REPLAY_TIC|tic=2804|mle_ms=18.656|monotonic_ms=20|clock_delta_ms=1.344
|clock_suspect=0
PMLE_LIVE_REPLAY_TIC|tic=2805|mle_ms=9.164|monotonic_ms=10|clock_delta_ms=.836|c
lock_suspect=0
PMLE_LIVE_REPLAY_TIC|tic=2806|mle_ms=148.524|monotonic_ms=150|clock_delta_ms=1.4
76|clock_suspect=0
PMLE_LIVE_REPLAY_TIC|tic=2807|mle_ms=9.125|monotonic_ms=0|clock_delta_ms=9.125|c
lock_suspect=0
PMLE_LIVE_REPLAY_TIC|tic=2808|mle_ms=10.169|monotonic_ms=10|clock_delta_ms=.169|
clock_suspect=0
PMLE_LIVE_REPLAY_TIC|tic=2809|mle_ms=167.525|monotonic_ms=170|clock_delta_ms=2.4
75|clock_suspect=0
PMLE_LIVE_REPLAY_TIC|tic=2810|mle_ms=9.576|monotonic_ms=10|clock_delta_ms=.424|c
lock_suspect=0
PMLE_LIVE_REPLAY_TIC|tic=2811|mle_ms=44.574|monotonic_ms=50|clock_delta_ms=5.426
|clock_suspect=0
PMLE_LIVE_REPLAY_TIC|tic=2812|mle_ms=163.867|monotonic_ms=160|clock_delta_ms=3.8
67|clock_suspect=0
PMLE_LIVE_REPLAY_TIC|tic=2813|mle_ms=31.764|monotonic_ms=30|clock_delta_ms=1.764
|clock_suspect=0
PMLE_LIVE_REPLAY_TIC|tic=2814|mle_ms=27.422|monotonic_ms=30|clock_delta_ms=2.578
|clock_suspect=0
PMLE_LIVE_REPLAY_TIC|tic=2815|mle_ms=157.27|monotonic_ms=160|clock_delta_ms=2.73
|clock_suspect=0
PMLE_LIVE_REPLAY_TIC|tic=2816|mle_ms=23.703|monotonic_ms=20|clock_delta_ms=3.703
|clock_suspect=0
PMLE_LIVE_REPLAY_TIC|tic=2817|mle_ms=8.853|monotonic_ms=10|clock_delta_ms=1.147|
clock_suspect=0
PMLE_LIVE_REPLAY_TIC|tic=2818|mle_ms=136.483|monotonic_ms=140|clock_delta_ms=3.5
17|clock_suspect=0
PMLE_LIVE_REPLAY_TIC|tic=2819|mle_ms=11.737|monotonic_ms=10|clock_delta_ms=1.737
|clock_suspect=0
PMLE_LIVE_REPLAY_TIC|tic=2820|mle_ms=9.869|monotonic_ms=10|clock_delta_ms=.131|c
lock_suspect=0
PMLE_LIVE_REPLAY_TIC|tic=2821|mle_ms=146.37|monotonic_ms=140|clock_delta_ms=6.37
|clock_suspect=0
PMLE_LIVE_REPLAY_TIC|tic=2822|mle_ms=9.857|monotonic_ms=0|clock_delta_ms=9.857|c
lock_suspect=0
PMLE_LIVE_REPLAY_TIC|tic=2823|mle_ms=28.311|monotonic_ms=30|clock_delta_ms=1.689
|clock_suspect=0
PMLE_LIVE_REPLAY_TIC|tic=2824|mle_ms=143.236|monotonic_ms=150|clock_delta_ms=6.7
64|clock_suspect=0
PMLE_LIVE_REPLAY_TIC|tic=2825|mle_ms=8|monotonic_ms=0|clock_delta_ms=8|clock_sus
pect=0
PMLE_LIVE_REPLAY_TIC|tic=2826|mle_ms=23.869|monotonic_ms=30|clock_delta_ms=6.131
|clock_suspect=0
PMLE_LIVE_REPLAY_TIC|tic=2827|mle_ms=151.517|monotonic_ms=150|clock_delta_ms=1.5
17|clock_suspect=0
PMLE_LIVE_REPLAY_TIC|tic=2828|mle_ms=8.853|monotonic_ms=10|clock_delta_ms=1.147|
clock_suspect=0
PMLE_LIVE_REPLAY_TIC|tic=2829|mle_ms=10.409|monotonic_ms=10|clock_delta_ms=.409|
clock_suspect=0
PMLE_LIVE_REPLAY_TIC|tic=2830|mle_ms=120.477|monotonic_ms=120|clock_delta_ms=.47
7|clock_suspect=0
PMLE_LIVE_REPLAY_TIC|tic=2831|mle_ms=38.299|monotonic_ms=40|clock_delta_ms=1.701
|clock_suspect=0
PMLE_LIVE_REPLAY_TIC|tic=2832|mle_ms=9.329|monotonic_ms=10|clock_delta_ms=.671|c
lock_suspect=0
PMLE_LIVE_REPLAY_TIC|tic=2833|mle_ms=131.323|monotonic_ms=130|clock_delta_ms=1.3
23|clock_suspect=0
PMLE_LIVE_REPLAY_TIC|tic=2834|mle_ms=17.043|monotonic_ms=20|clock_delta_ms=2.957
|clock_suspect=0
PMLE_LIVE_REPLAY_TIC|tic=2835|mle_ms=8.49|monotonic_ms=0|clock_delta_ms=8.49|clo
ck_suspect=0
PMLE_LIVE_REPLAY_TIC|tic=2836|mle_ms=160.299|monotonic_ms=170|clock_delta_ms=9.7
01|clock_suspect=0
PMLE_LIVE_REPLAY_TIC|tic=2837|mle_ms=11.153|monotonic_ms=10|clock_delta_ms=1.153
|clock_suspect=0
PMLE_LIVE_REPLAY_TIC|tic=2838|mle_ms=11.535|monotonic_ms=10|clock_delta_ms=1.535
|clock_suspect=0
PMLE_LIVE_REPLAY_TIC|tic=2839|mle_ms=159.925|monotonic_ms=160|clock_delta_ms=.07
5|clock_suspect=0
PMLE_LIVE_REPLAY_TIC|tic=2840|mle_ms=10.14|monotonic_ms=10|clock_delta_ms=.14|cl
ock_suspect=0
PMLE_LIVE_REPLAY_TIC|tic=2841|mle_ms=49.442|monotonic_ms=50|clock_delta_ms=.558|
clock_suspect=0
PMLE_LIVE_REPLAY_TIC|tic=2842|mle_ms=190.83|monotonic_ms=190|clock_delta_ms=.83|
clock_suspect=0
PMLE_LIVE_REPLAY_TIC|tic=2843|mle_ms=24.883|monotonic_ms=20|clock_delta_ms=4.883
|clock_suspect=0
PMLE_LIVE_REPLAY_TIC|tic=2844|mle_ms=19.597|monotonic_ms=20|clock_delta_ms=.403|
clock_suspect=0
PMLE_LIVE_REPLAY_TIC|tic=2845|mle_ms=132.396|monotonic_ms=140|clock_delta_ms=7.6
04|clock_suspect=0
PMLE_LIVE_REPLAY_TIC|tic=2846|mle_ms=27.163|monotonic_ms=20|clock_delta_ms=7.163
|clock_suspect=0
PMLE_LIVE_REPLAY_TIC|tic=2847|mle_ms=8.564|monotonic_ms=10|clock_delta_ms=1.436|
clock_suspect=0
PMLE_LIVE_REPLAY_TIC|tic=2848|mle_ms=138.095|monotonic_ms=140|clock_delta_ms=1.9
05|clock_suspect=0
PMLE_LIVE_REPLAY_TIC|tic=2849|mle_ms=9.402|monotonic_ms=10|clock_delta_ms=.598|c
lock_suspect=0
PMLE_LIVE_REPLAY_TIC|tic=2850|mle_ms=8.416|monotonic_ms=10|clock_delta_ms=1.584|
clock_suspect=0
PMLE_LIVE_REPLAY_TIC|tic=2851|mle_ms=161.454|monotonic_ms=160|clock_delta_ms=1.4
54|clock_suspect=0
PMLE_LIVE_REPLAY_TIC|tic=2852|mle_ms=11.418|monotonic_ms=10|clock_delta_ms=1.418
|clock_suspect=0
PMLE_LIVE_REPLAY_TIC|tic=2853|mle_ms=25.34|monotonic_ms=30|clock_delta_ms=4.66|c
lock_suspect=0
PMLE_LIVE_REPLAY_TIC|tic=2854|mle_ms=133.498|monotonic_ms=130|clock_delta_ms=3.4
98|clock_suspect=0
PMLE_LIVE_REPLAY_TIC|tic=2855|mle_ms=9.3|monotonic_ms=10|clock_delta_ms=.7|clock
_suspect=0
PMLE_LIVE_REPLAY_TIC|tic=2856|mle_ms=32.124|monotonic_ms=30|clock_delta_ms=2.124
|clock_suspect=0
PMLE_LIVE_REPLAY_TIC|tic=2857|mle_ms=145.93|monotonic_ms=150|clock_delta_ms=4.07
|clock_suspect=0
PMLE_LIVE_REPLAY_TIC|tic=2858|mle_ms=9.28|monotonic_ms=10|clock_delta_ms=.72|clo
ck_suspect=0
PMLE_LIVE_REPLAY_TIC|tic=2859|mle_ms=12.518|monotonic_ms=10|clock_delta_ms=2.518
|clock_suspect=0
PMLE_LIVE_REPLAY_TIC|tic=2860|mle_ms=123.818|monotonic_ms=120|clock_delta_ms=3.8
18|clock_suspect=0
PMLE_LIVE_REPLAY_TIC|tic=2861|mle_ms=37.881|monotonic_ms=40|clock_delta_ms=2.119
|clock_suspect=0
PMLE_LIVE_REPLAY_TIC|tic=2862|mle_ms=9.949|monotonic_ms=10|clock_delta_ms=.051|c
lock_suspect=0
PMLE_LIVE_REPLAY_TIC|tic=2863|mle_ms=152.243|monotonic_ms=150|clock_delta_ms=2.2
43|clock_suspect=0
PMLE_LIVE_REPLAY_TIC|tic=2864|mle_ms=16.51|monotonic_ms=20|clock_delta_ms=3.49|c
lock_suspect=0
PMLE_LIVE_REPLAY_TIC|tic=2865|mle_ms=7.947|monotonic_ms=10|clock_delta_ms=2.053|
clock_suspect=0
PMLE_LIVE_REPLAY_TIC|tic=2866|mle_ms=126.236|monotonic_ms=120|clock_delta_ms=6.2
36|clock_suspect=0
PMLE_LIVE_REPLAY_TIC|tic=2867|mle_ms=7.651|monotonic_ms=10|clock_delta_ms=2.349|
clock_suspect=0
PMLE_LIVE_REPLAY_TIC|tic=2868|mle_ms=8.229|monotonic_ms=10|clock_delta_ms=1.771|
clock_suspect=0
PMLE_LIVE_REPLAY_TIC|tic=2869|mle_ms=146.087|monotonic_ms=150|clock_delta_ms=3.9
13|clock_suspect=0
PMLE_LIVE_REPLAY_TIC|tic=2870|mle_ms=9.002|monotonic_ms=10|clock_delta_ms=.998|c
lock_suspect=0
PMLE_LIVE_REPLAY_TIC|tic=2871|mle_ms=39.656|monotonic_ms=40|clock_delta_ms=.344|
clock_suspect=0
PMLE_LIVE_REPLAY_TIC|tic=2872|mle_ms=133.391|monotonic_ms=130|clock_delta_ms=3.3
91|clock_suspect=0
PMLE_LIVE_REPLAY_TIC|tic=2873|mle_ms=25.187|monotonic_ms=20|clock_delta_ms=5.187
|clock_suspect=0
PMLE_LIVE_REPLAY_TIC|tic=2874|mle_ms=20.474|monotonic_ms=20|clock_delta_ms=.474|
clock_suspect=0
PMLE_LIVE_REPLAY_TIC|tic=2875|mle_ms=122.739|monotonic_ms=130|clock_delta_ms=7.2
61|clock_suspect=0
PMLE_LIVE_REPLAY_TIC|tic=2876|mle_ms=21.241|monotonic_ms=20|clock_delta_ms=1.241
|clock_suspect=0
PMLE_LIVE_REPLAY_TIC|tic=2877|mle_ms=6.735|monotonic_ms=10|clock_delta_ms=3.265|
clock_suspect=0
PMLE_LIVE_REPLAY_TIC|tic=2878|mle_ms=130.32|monotonic_ms=130|clock_delta_ms=.32|
clock_suspect=0
PMLE_LIVE_REPLAY_TIC|tic=2879|mle_ms=10.572|monotonic_ms=10|clock_delta_ms=.572|
clock_suspect=0
PMLE_LIVE_REPLAY_TIC|tic=2880|mle_ms=9.27|monotonic_ms=10|clock_delta_ms=.73|clo
ck_suspect=0
PMLE_LIVE_REPLAY_TIC|tic=2881|mle_ms=158.893|monotonic_ms=160|clock_delta_ms=1.1
07|clock_suspect=0
PMLE_LIVE_REPLAY_TIC|tic=2882|mle_ms=8.561|monotonic_ms=0|clock_delta_ms=8.561|c
lock_suspect=0
PMLE_LIVE_REPLAY_TIC|tic=2883|mle_ms=21.202|monotonic_ms=30|clock_delta_ms=8.798
|clock_suspect=0
PMLE_LIVE_REPLAY_TIC|tic=2884|mle_ms=158.889|monotonic_ms=150|clock_delta_ms=8.8
89|clock_suspect=0
PMLE_LIVE_REPLAY_TIC|tic=2885|mle_ms=7.909|monotonic_ms=10|clock_delta_ms=2.091|
clock_suspect=0
PMLE_LIVE_REPLAY_TIC|tic=2886|mle_ms=21.44|monotonic_ms=20|clock_delta_ms=1.44|c
lock_suspect=0
PMLE_LIVE_REPLAY_TIC|tic=2887|mle_ms=125.162|monotonic_ms=130|clock_delta_ms=4.8
38|clock_suspect=0
PMLE_LIVE_REPLAY_TIC|tic=2888|mle_ms=8.66|monotonic_ms=10|clock_delta_ms=1.34|cl
ock_suspect=0
PMLE_LIVE_REPLAY_TIC|tic=2889|mle_ms=10.6|monotonic_ms=10|clock_delta_ms=.6|cloc
k_suspect=0
PMLE_LIVE_REPLAY_TIC|tic=2890|mle_ms=113.183|monotonic_ms=110|clock_delta_ms=3.1
83|clock_suspect=0
PMLE_LIVE_REPLAY_TIC|tic=2891|mle_ms=37.237|monotonic_ms=40|clock_delta_ms=2.763
|clock_suspect=0
PMLE_LIVE_REPLAY_TIC|tic=2892|mle_ms=8.998|monotonic_ms=10|clock_delta_ms=1.002|
clock_suspect=0
PMLE_LIVE_REPLAY_TIC|tic=2893|mle_ms=125.945|monotonic_ms=120|clock_delta_ms=5.9
45|clock_suspect=0
PMLE_LIVE_REPLAY_TIC|tic=2894|mle_ms=16.978|monotonic_ms=20|clock_delta_ms=3.022
|clock_suspect=0
PMLE_LIVE_REPLAY_TIC|tic=2895|mle_ms=7.933|monotonic_ms=10|clock_delta_ms=2.067|
clock_suspect=0
PMLE_LIVE_REPLAY_TIC|tic=2896|mle_ms=134.393|monotonic_ms=130|clock_delta_ms=4.3
93|clock_suspect=0
PMLE_LIVE_REPLAY_TIC|tic=2897|mle_ms=12.245|monotonic_ms=20|clock_delta_ms=7.755
|clock_suspect=0
PMLE_LIVE_REPLAY_TIC|tic=2898|mle_ms=9.332|monotonic_ms=10|clock_delta_ms=.668|c
lock_suspect=0
PMLE_LIVE_REPLAY_TIC|tic=2899|mle_ms=135.898|monotonic_ms=130|clock_delta_ms=5.8
98|clock_suspect=0
PMLE_LIVE_REPLAY_TIC|tic=2900|mle_ms=8.295|monotonic_ms=10|clock_delta_ms=1.705|
clock_suspect=0
PMLE_LIVE_REPLAY_TIC|tic=2901|mle_ms=36.052|monotonic_ms=30|clock_delta_ms=6.052
|clock_suspect=0
PMLE_LIVE_REPLAY_TIC|tic=2902|mle_ms=118.143|monotonic_ms=120|clock_delta_ms=1.8
57|clock_suspect=0
PMLE_LIVE_REPLAY_TIC|tic=2903|mle_ms=23.362|monotonic_ms=30|clock_delta_ms=6.638
|clock_suspect=0
PMLE_LIVE_REPLAY_TIC|tic=2904|mle_ms=18.895|monotonic_ms=20|clock_delta_ms=1.105
|clock_suspect=0
PMLE_LIVE_REPLAY_TIC|tic=2905|mle_ms=118.711|monotonic_ms=110|clock_delta_ms=8.7
11|clock_suspect=0
PMLE_LIVE_REPLAY_TIC|tic=2906|mle_ms=20.515|monotonic_ms=20|clock_delta_ms=.515|
clock_suspect=0
PMLE_LIVE_REPLAY_TIC|tic=2907|mle_ms=7.342|monotonic_ms=10|clock_delta_ms=2.658|
clock_suspect=0
PMLE_LIVE_REPLAY_TIC|tic=2908|mle_ms=109.747|monotonic_ms=110|clock_delta_ms=.25
3|clock_suspect=0
PMLE_LIVE_REPLAY_TIC|tic=2909|mle_ms=9.149|monotonic_ms=10|clock_delta_ms=.851|c
lock_suspect=0
PMLE_LIVE_REPLAY_TIC|tic=2910|mle_ms=8.182|monotonic_ms=10|clock_delta_ms=1.818|
clock_suspect=0
PMLE_LIVE_REPLAY_TIC|tic=2911|mle_ms=141.223|monotonic_ms=140|clock_delta_ms=1.2
23|clock_suspect=0
PMLE_LIVE_REPLAY_TIC|tic=2912|mle_ms=8.439|monotonic_ms=10|clock_delta_ms=1.561|
clock_suspect=0
PMLE_LIVE_REPLAY_TIC|tic=2913|mle_ms=20.476|monotonic_ms=20|clock_delta_ms=.476|
clock_suspect=0
PMLE_LIVE_REPLAY_TIC|tic=2914|mle_ms=120.493|monotonic_ms=120|clock_delta_ms=.49
3|clock_suspect=0
PMLE_LIVE_REPLAY_TIC|tic=2915|mle_ms=9.29|monotonic_ms=10|clock_delta_ms=.71|clo
ck_suspect=0
PMLE_LIVE_REPLAY_TIC|tic=2916|mle_ms=26.925|monotonic_ms=30|clock_delta_ms=3.075
|clock_suspect=0
PMLE_LIVE_REPLAY_TIC|tic=2917|mle_ms=141.637|monotonic_ms=140|clock_delta_ms=1.6
37|clock_suspect=0
PMLE_LIVE_REPLAY_TIC|tic=2918|mle_ms=7.306|monotonic_ms=10|clock_delta_ms=2.694|
clock_suspect=0
PMLE_LIVE_REPLAY_TIC|tic=2919|mle_ms=9.154|monotonic_ms=10|clock_delta_ms=.846|c
lock_suspect=0
PMLE_LIVE_REPLAY_TIC|tic=2920|mle_ms=137.754|monotonic_ms=130|clock_delta_ms=7.7
54|clock_suspect=0
PMLE_LIVE_REPLAY_TIC|tic=2921|mle_ms=46.535|monotonic_ms=50|clock_delta_ms=3.465
|clock_suspect=0
PMLE_LIVE_REPLAY_TIC|tic=2922|mle_ms=10.573|monotonic_ms=10|clock_delta_ms=.573|
clock_suspect=0
PMLE_LIVE_REPLAY_TIC|tic=2923|mle_ms=163.355|monotonic_ms=160|clock_delta_ms=3.3
55|clock_suspect=0
PMLE_LIVE_REPLAY_TIC|tic=2924|mle_ms=20.725|monotonic_ms=20|clock_delta_ms=.725|
clock_suspect=0
PMLE_LIVE_REPLAY_TIC|tic=2925|mle_ms=8.975|monotonic_ms=10|clock_delta_ms=1.025|
clock_suspect=0
PMLE_LIVE_REPLAY_TIC|tic=2926|mle_ms=138.198|monotonic_ms=140|clock_delta_ms=1.8
02|clock_suspect=0
PMLE_LIVE_REPLAY_TIC|tic=2927|mle_ms=9.378|monotonic_ms=10|clock_delta_ms=.622|c
lock_suspect=0
PMLE_LIVE_REPLAY_TIC|tic=2928|mle_ms=9.66|monotonic_ms=10|clock_delta_ms=.34|clo
ck_suspect=0
PMLE_LIVE_REPLAY_TIC|tic=2929|mle_ms=140.505|monotonic_ms=140|clock_delta_ms=.50
5|clock_suspect=0
PMLE_LIVE_REPLAY_TIC|tic=2930|mle_ms=9.434|monotonic_ms=10|clock_delta_ms=.566|c
lock_suspect=0
PMLE_LIVE_REPLAY_TIC|tic=2931|mle_ms=46.687|monotonic_ms=50|clock_delta_ms=3.313
|clock_suspect=0
PMLE_LIVE_REPLAY_TIC|tic=2932|mle_ms=147.335|monotonic_ms=150|clock_delta_ms=2.6
65|clock_suspect=0
PMLE_LIVE_REPLAY_TIC|tic=2933|mle_ms=29.479|monotonic_ms=20|clock_delta_ms=9.479
|clock_suspect=0
PMLE_LIVE_REPLAY_TIC|tic=2934|mle_ms=26.952|monotonic_ms=30|clock_delta_ms=3.048
|clock_suspect=0
PMLE_LIVE_REPLAY_TIC|tic=2935|mle_ms=179.92|monotonic_ms=180|clock_delta_ms=.08|
clock_suspect=0
PMLE_LIVE_REPLAY_TIC|tic=2936|mle_ms=26.109|monotonic_ms=30|clock_delta_ms=3.891
|clock_suspect=0
PMLE_LIVE_REPLAY_TIC|tic=2937|mle_ms=8.364|monotonic_ms=10|clock_delta_ms=1.636|
clock_suspect=0
PMLE_LIVE_REPLAY_TIC|tic=2938|mle_ms=114.74|monotonic_ms=110|clock_delta_ms=4.74
|clock_suspect=0
PMLE_LIVE_REPLAY_TIC|tic=2939|mle_ms=9.461|monotonic_ms=10|clock_delta_ms=.539|c
lock_suspect=0
PMLE_LIVE_REPLAY_TIC|tic=2940|mle_ms=8.344|monotonic_ms=10|clock_delta_ms=1.656|
clock_suspect=0
PMLE_LIVE_REPLAY_TIC|tic=2941|mle_ms=164.597|monotonic_ms=160|clock_delta_ms=4.5
97|clock_suspect=0
PMLE_LIVE_REPLAY_TIC|tic=2942|mle_ms=8.878|monotonic_ms=10|clock_delta_ms=1.122|
clock_suspect=0
PMLE_LIVE_REPLAY_TIC|tic=2943|mle_ms=20.749|monotonic_ms=20|clock_delta_ms=.749|
clock_suspect=0
PMLE_LIVE_REPLAY_TIC|tic=2944|mle_ms=161.11|monotonic_ms=170|clock_delta_ms=8.89
|clock_suspect=0
PMLE_LIVE_REPLAY_TIC|tic=2945|mle_ms=13.531|monotonic_ms=10|clock_delta_ms=3.531
|clock_suspect=0
PMLE_LIVE_REPLAY_TIC|tic=2946|mle_ms=26.457|monotonic_ms=30|clock_delta_ms=3.543
|clock_suspect=0
PMLE_LIVE_REPLAY_TIC|tic=2947|mle_ms=157.072|monotonic_ms=150|clock_delta_ms=7.0
72|clock_suspect=0
PMLE_LIVE_REPLAY_TIC|tic=2948|mle_ms=9.717|monotonic_ms=10|clock_delta_ms=.283|c
lock_suspect=0
PMLE_LIVE_REPLAY_TIC|tic=2949|mle_ms=11.369|monotonic_ms=10|clock_delta_ms=1.369
|clock_suspect=0
PMLE_LIVE_REPLAY_TIC|tic=2950|mle_ms=119.129|monotonic_ms=120|clock_delta_ms=.87
1|clock_suspect=0
PMLE_LIVE_REPLAY_TIC|tic=2951|mle_ms=39.203|monotonic_ms=40|clock_delta_ms=.797|
clock_suspect=0
PMLE_LIVE_REPLAY_TIC|tic=2952|mle_ms=9.043|monotonic_ms=10|clock_delta_ms=.957|c
lock_suspect=0
PMLE_LIVE_REPLAY_TIC|tic=2953|mle_ms=126.148|monotonic_ms=130|clock_delta_ms=3.8
52|clock_suspect=0
PMLE_LIVE_REPLAY_TIC|tic=2954|mle_ms=18.104|monotonic_ms=20|clock_delta_ms=1.896
|clock_suspect=0
PMLE_LIVE_REPLAY_TIC|tic=2955|mle_ms=7.156|monotonic_ms=0|clock_delta_ms=7.156|c
lock_suspect=0
PMLE_LIVE_REPLAY_TIC|tic=2956|mle_ms=126.846|monotonic_ms=130|clock_delta_ms=3.1
54|clock_suspect=0
PMLE_LIVE_REPLAY_TIC|tic=2957|mle_ms=7.863|monotonic_ms=10|clock_delta_ms=2.137|
clock_suspect=0
PMLE_LIVE_REPLAY_TIC|tic=2958|mle_ms=8.706|monotonic_ms=10|clock_delta_ms=1.294|
clock_suspect=0
PMLE_LIVE_REPLAY_TIC|tic=2959|mle_ms=113.3|monotonic_ms=110|clock_delta_ms=3.3|c
lock_suspect=0
PMLE_LIVE_REPLAY_TIC|tic=2960|mle_ms=7.753|monotonic_ms=10|clock_delta_ms=2.247|
clock_suspect=0
PMLE_LIVE_REPLAY_TIC|tic=2961|mle_ms=35.861|monotonic_ms=30|clock_delta_ms=5.861
|clock_suspect=0
PMLE_LIVE_REPLAY_TIC|tic=2962|mle_ms=113.751|monotonic_ms=120|clock_delta_ms=6.2
49|clock_suspect=0
PMLE_LIVE_REPLAY_TIC|tic=2963|mle_ms=23.095|monotonic_ms=20|clock_delta_ms=3.095
|clock_suspect=0
PMLE_LIVE_REPLAY_TIC|tic=2964|mle_ms=20.744|monotonic_ms=20|clock_delta_ms=.744|
clock_suspect=0
PMLE_LIVE_REPLAY_TIC|tic=2965|mle_ms=112.378|monotonic_ms=110|clock_delta_ms=2.3
78|clock_suspect=0
PMLE_LIVE_REPLAY_TIC|tic=2966|mle_ms=21.036|monotonic_ms=30|clock_delta_ms=8.964
|clock_suspect=0
PMLE_LIVE_REPLAY_TIC|tic=2967|mle_ms=7.864|monotonic_ms=0|clock_delta_ms=7.864|c
lock_suspect=0
PMLE_LIVE_REPLAY_TIC|tic=2968|mle_ms=130.666|monotonic_ms=130|clock_delta_ms=.66
6|clock_suspect=0
PMLE_LIVE_REPLAY_TIC|tic=2969|mle_ms=11.076|monotonic_ms=10|clock_delta_ms=1.076
|clock_suspect=0
PMLE_LIVE_REPLAY_TIC|tic=2970|mle_ms=9.549|monotonic_ms=10|clock_delta_ms=.451|c
lock_suspect=0
PMLE_LIVE_REPLAY_TIC|tic=2971|mle_ms=147.985|monotonic_ms=150|clock_delta_ms=2.0
15|clock_suspect=0
PMLE_LIVE_REPLAY_TIC|tic=2972|mle_ms=8.329|monotonic_ms=10|clock_delta_ms=1.671|
clock_suspect=0
PMLE_LIVE_REPLAY_TIC|tic=2973|mle_ms=22.599|monotonic_ms=20|clock_delta_ms=2.599
|clock_suspect=0
PMLE_LIVE_REPLAY_TIC|tic=2974|mle_ms=122.527|monotonic_ms=130|clock_delta_ms=7.4
73|clock_suspect=0
PMLE_LIVE_REPLAY_TIC|tic=2975|mle_ms=9.05|monotonic_ms=10|clock_delta_ms=.95|clo
ck_suspect=0
PMLE_LIVE_REPLAY_TIC|tic=2976|mle_ms=24.317|monotonic_ms=20|clock_delta_ms=4.317
|clock_suspect=0
PMLE_LIVE_REPLAY_TIC|tic=2977|mle_ms=120.553|monotonic_ms=120|clock_delta_ms=.55
3|clock_suspect=0
PMLE_LIVE_REPLAY_TIC|tic=2978|mle_ms=8.237|monotonic_ms=10|clock_delta_ms=1.763|
clock_suspect=0
PMLE_LIVE_REPLAY_TIC|tic=2979|mle_ms=11.117|monotonic_ms=10|clock_delta_ms=1.117
|clock_suspect=0
PMLE_LIVE_REPLAY_TIC|tic=2980|mle_ms=162.74|monotonic_ms=160|clock_delta_ms=2.74
|clock_suspect=0
PMLE_LIVE_REPLAY_TIC|tic=2981|mle_ms=39.072|monotonic_ms=40|clock_delta_ms=.928|
clock_suspect=0
PMLE_LIVE_REPLAY_TIC|tic=2982|mle_ms=10.414|monotonic_ms=10|clock_delta_ms=.414|
clock_suspect=0
PMLE_LIVE_REPLAY_TIC|tic=2983|mle_ms=127.119|monotonic_ms=130|clock_delta_ms=2.8
81|clock_suspect=0
PMLE_LIVE_REPLAY_TIC|tic=2984|mle_ms=17.505|monotonic_ms=20|clock_delta_ms=2.495
|clock_suspect=0
PMLE_LIVE_REPLAY_TIC|tic=2985|mle_ms=7.245|monotonic_ms=0|clock_delta_ms=7.245|c
lock_suspect=0
PMLE_LIVE_REPLAY_TIC|tic=2986|mle_ms=181.994|monotonic_ms=190|clock_delta_ms=8.0
06|clock_suspect=0
PMLE_LIVE_REPLAY_TIC|tic=2987|mle_ms=7.636|monotonic_ms=0|clock_delta_ms=7.636|c
lock_suspect=0
PMLE_LIVE_REPLAY_TIC|tic=2988|mle_ms=8.026|monotonic_ms=10|clock_delta_ms=1.974|
clock_suspect=0
PMLE_LIVE_REPLAY_TIC|tic=2989|mle_ms=120.191|monotonic_ms=120|clock_delta_ms=.19
1|clock_suspect=0
PMLE_LIVE_REPLAY_TIC|tic=2990|mle_ms=8.073|monotonic_ms=10|clock_delta_ms=1.927|
clock_suspect=0
PMLE_LIVE_REPLAY_TIC|tic=2991|mle_ms=41.085|monotonic_ms=40|clock_delta_ms=1.085
|clock_suspect=0
PMLE_LIVE_REPLAY_TIC|tic=2992|mle_ms=121.03|monotonic_ms=120|clock_delta_ms=1.03
|clock_suspect=0
PMLE_LIVE_REPLAY_TIC|tic=2993|mle_ms=24.875|monotonic_ms=30|clock_delta_ms=5.125
|clock_suspect=0
PMLE_LIVE_REPLAY_TIC|tic=2994|mle_ms=22.317|monotonic_ms=20|clock_delta_ms=2.317
|clock_suspect=0
PMLE_LIVE_REPLAY_TIC|tic=2995|mle_ms=137.89|monotonic_ms=140|clock_delta_ms=2.11
|clock_suspect=0
PMLE_LIVE_REPLAY_TIC|tic=2996|mle_ms=20.697|monotonic_ms=20|clock_delta_ms=.697|
clock_suspect=0
PMLE_LIVE_REPLAY_TIC|tic=2997|mle_ms=6.966|monotonic_ms=10|clock_delta_ms=3.034|
clock_suspect=0
PMLE_LIVE_REPLAY_TIC|tic=2998|mle_ms=138.538|monotonic_ms=130|clock_delta_ms=8.5
38|clock_suspect=0
PMLE_LIVE_REPLAY_TIC|tic=2999|mle_ms=10.847|monotonic_ms=20|clock_delta_ms=9.153
|clock_suspect=0
PMLE_LIVE_REPLAY_TIC|tic=3000|mle_ms=10.201|monotonic_ms=10|clock_delta_ms=.201|
clock_suspect=0
PMLE_LIVE_REPLAY_TIC|tic=3001|mle_ms=157.269|monotonic_ms=150|clock_delta_ms=7.2
69|clock_suspect=0
PMLE_LIVE_REPLAY_TIC|tic=3002|mle_ms=11.396|monotonic_ms=20|clock_delta_ms=8.604
|clock_suspect=0
PMLE_LIVE_REPLAY_TIC|tic=3003|mle_ms=26.038|monotonic_ms=20|clock_delta_ms=6.038
|clock_suspect=0
PMLE_LIVE_REPLAY_TIC|tic=3004|mle_ms=128.498|monotonic_ms=130|clock_delta_ms=1.5
02|clock_suspect=0
PMLE_LIVE_REPLAY_TIC|tic=3005|mle_ms=8.407|monotonic_ms=10|clock_delta_ms=1.593|
clock_suspect=0
PMLE_LIVE_REPLAY_TIC|tic=3006|mle_ms=26.306|monotonic_ms=20|clock_delta_ms=6.306
|clock_suspect=0
PMLE_LIVE_REPLAY_TIC|tic=3007|mle_ms=154.572|monotonic_ms=160|clock_delta_ms=5.4
28|clock_suspect=0
PMLE_LIVE_REPLAY_TIC|tic=3008|mle_ms=10.165|monotonic_ms=10|clock_delta_ms=.165|
clock_suspect=0
PMLE_LIVE_REPLAY_TIC|tic=3009|mle_ms=11.901|monotonic_ms=10|clock_delta_ms=1.901
|clock_suspect=0
PMLE_LIVE_REPLAY_TIC|tic=3010|mle_ms=171.788|monotonic_ms=170|clock_delta_ms=1.7
88|clock_suspect=0
PMLE_LIVE_REPLAY_TIC|tic=3011|mle_ms=41.436|monotonic_ms=50|clock_delta_ms=8.564
|clock_suspect=0
PMLE_LIVE_REPLAY_TIC|tic=3012|mle_ms=9.641|monotonic_ms=0|clock_delta_ms=9.641|c
lock_suspect=0
PMLE_LIVE_REPLAY_TIC|tic=3013|mle_ms=142.08|monotonic_ms=150|clock_delta_ms=7.92
|clock_suspect=0
PMLE_LIVE_REPLAY_TIC|tic=3014|mle_ms=19.1|monotonic_ms=20|clock_delta_ms=.9|cloc
k_suspect=0
PMLE_LIVE_REPLAY_TIC|tic=3015|mle_ms=8.429|monotonic_ms=0|clock_delta_ms=8.429|c
lock_suspect=0
PMLE_LIVE_REPLAY_TIC|tic=3016|mle_ms=152.631|monotonic_ms=160|clock_delta_ms=7.3
69|clock_suspect=0
PMLE_LIVE_REPLAY_TIC|tic=3017|mle_ms=7.833|monotonic_ms=10|clock_delta_ms=2.167|
clock_suspect=0
PMLE_LIVE_REPLAY_TIC|tic=3018|mle_ms=8.956|monotonic_ms=0|clock_delta_ms=8.956|c
lock_suspect=0
PMLE_LIVE_REPLAY_TIC|tic=3019|mle_ms=122.239|monotonic_ms=130|clock_delta_ms=7.7
61|clock_suspect=0
PMLE_LIVE_REPLAY_TIC|tic=3020|mle_ms=8.032|monotonic_ms=0|clock_delta_ms=8.032|c
lock_suspect=0
PMLE_LIVE_REPLAY_TIC|tic=3021|mle_ms=39.179|monotonic_ms=40|clock_delta_ms=.821|
clock_suspect=0
PMLE_LIVE_REPLAY_TIC|tic=3022|mle_ms=113.01|monotonic_ms=120|clock_delta_ms=6.99
|clock_suspect=0
PMLE_LIVE_REPLAY_TIC|tic=3023|mle_ms=27.776|monotonic_ms=30|clock_delta_ms=2.224
|clock_suspect=0
PMLE_LIVE_REPLAY_TIC|tic=3024|mle_ms=23.091|monotonic_ms=20|clock_delta_ms=3.091
|clock_suspect=0
PMLE_LIVE_REPLAY_TIC|tic=3025|mle_ms=139.573|monotonic_ms=140|clock_delta_ms=.42
7|clock_suspect=0
PMLE_LIVE_REPLAY_TIC|tic=3026|mle_ms=28.801|monotonic_ms=30|clock_delta_ms=1.199
|clock_suspect=0
PMLE_LIVE_REPLAY_TIC|tic=3027|mle_ms=9.642|monotonic_ms=10|clock_delta_ms=.358|c
lock_suspect=0
PMLE_LIVE_REPLAY_TIC|tic=3028|mle_ms=182.669|monotonic_ms=180|clock_delta_ms=2.6
69|clock_suspect=0
PMLE_LIVE_REPLAY_TIC|tic=3029|mle_ms=12.581|monotonic_ms=10|clock_delta_ms=2.581
|clock_suspect=0
PMLE_LIVE_REPLAY_TIC|tic=3030|mle_ms=11.626|monotonic_ms=10|clock_delta_ms=1.626
|clock_suspect=0
PMLE_LIVE_REPLAY_TIC|tic=3031|mle_ms=162.919|monotonic_ms=170|clock_delta_ms=7.0
81|clock_suspect=0
PMLE_LIVE_REPLAY_TIC|tic=3032|mle_ms=9.354|monotonic_ms=10|clock_delta_ms=.646|c
lock_suspect=0
PMLE_LIVE_REPLAY_TIC|tic=3033|mle_ms=21.007|monotonic_ms=20|clock_delta_ms=1.007
|clock_suspect=0
PMLE_LIVE_REPLAY_TIC|tic=3034|mle_ms=157.763|monotonic_ms=160|clock_delta_ms=2.2
37|clock_suspect=0
PMLE_LIVE_REPLAY_TIC|tic=3035|mle_ms=11.9|monotonic_ms=10|clock_delta_ms=1.9|clo
ck_suspect=0
PMLE_LIVE_REPLAY_TIC|tic=3036|mle_ms=27.792|monotonic_ms=20|clock_delta_ms=7.792
|clock_suspect=0
PMLE_LIVE_REPLAY_TIC|tic=3037|mle_ms=125.205|monotonic_ms=130|clock_delta_ms=4.7
95|clock_suspect=0
PMLE_LIVE_REPLAY_TIC|tic=3038|mle_ms=8.517|monotonic_ms=10|clock_delta_ms=1.483|
clock_suspect=0
PMLE_LIVE_REPLAY_TIC|tic=3039|mle_ms=10.68|monotonic_ms=10|clock_delta_ms=.68|cl
ock_suspect=0
PMLE_LIVE_REPLAY_TIC|tic=3040|mle_ms=124.219|monotonic_ms=120|clock_delta_ms=4.2
19|clock_suspect=0
PMLE_LIVE_REPLAY_TIC|tic=3041|mle_ms=43.151|monotonic_ms=50|clock_delta_ms=6.849
|clock_suspect=0
PMLE_LIVE_REPLAY_TIC|tic=3042|mle_ms=8.653|monotonic_ms=10|clock_delta_ms=1.347|
clock_suspect=0
PMLE_LIVE_REPLAY_TIC|tic=3043|mle_ms=136.32|monotonic_ms=130|clock_delta_ms=6.32
|clock_suspect=0
PMLE_LIVE_REPLAY_TIC|tic=3044|mle_ms=22.324|monotonic_ms=20|clock_delta_ms=2.324
|clock_suspect=0
PMLE_LIVE_REPLAY_TIC|tic=3045|mle_ms=11.408|monotonic_ms=20|clock_delta_ms=8.592
|clock_suspect=0
PMLE_LIVE_REPLAY_TIC|tic=3046|mle_ms=145.162|monotonic_ms=140|clock_delta_ms=5.1
62|clock_suspect=0
PMLE_LIVE_REPLAY_TIC|tic=3047|mle_ms=7.774|monotonic_ms=10|clock_delta_ms=2.226|
clock_suspect=0
PMLE_LIVE_REPLAY_TIC|tic=3048|mle_ms=9.817|monotonic_ms=10|clock_delta_ms=.183|c
lock_suspect=0
PMLE_LIVE_REPLAY_TIC|tic=3049|mle_ms=129.682|monotonic_ms=130|clock_delta_ms=.31
8|clock_suspect=0
PMLE_LIVE_REPLAY_TIC|tic=3050|mle_ms=8.613|monotonic_ms=10|clock_delta_ms=1.387|
clock_suspect=0
PMLE_LIVE_REPLAY_TIC|tic=3051|mle_ms=36.555|monotonic_ms=30|clock_delta_ms=6.555
|clock_suspect=0
PMLE_LIVE_REPLAY_TIC|tic=3052|mle_ms=125.966|monotonic_ms=130|clock_delta_ms=4.0
34|clock_suspect=0
PMLE_LIVE_REPLAY_TIC|tic=3053|mle_ms=25.638|monotonic_ms=30|clock_delta_ms=4.362
|clock_suspect=0
PMLE_LIVE_REPLAY_TIC|tic=3054|mle_ms=20.108|monotonic_ms=20|clock_delta_ms=.108|
clock_suspect=0
PMLE_LIVE_REPLAY_TIC|tic=3055|mle_ms=124.811|monotonic_ms=120|clock_delta_ms=4.8
11|clock_suspect=0
PMLE_LIVE_REPLAY_TIC|tic=3056|mle_ms=22.055|monotonic_ms=20|clock_delta_ms=2.055
|clock_suspect=0
PMLE_LIVE_REPLAY_TIC|tic=3057|mle_ms=7.565|monotonic_ms=10|clock_delta_ms=2.435|
clock_suspect=0
PMLE_LIVE_REPLAY_TIC|tic=3058|mle_ms=154.448|monotonic_ms=160|clock_delta_ms=5.5
52|clock_suspect=0
PMLE_LIVE_REPLAY_TIC|tic=3059|mle_ms=11.251|monotonic_ms=10|clock_delta_ms=1.251
|clock_suspect=0
PMLE_LIVE_REPLAY_TIC|tic=3060|mle_ms=9.453|monotonic_ms=10|clock_delta_ms=.547|c
lock_suspect=0
PMLE_LIVE_REPLAY_TIC|tic=3061|mle_ms=185.762|monotonic_ms=180|clock_delta_ms=5.7
62|clock_suspect=0
PMLE_LIVE_REPLAY_TIC|tic=3062|mle_ms=8.538|monotonic_ms=10|clock_delta_ms=1.462|
clock_suspect=0
PMLE_LIVE_REPLAY_TIC|tic=3063|mle_ms=31.451|monotonic_ms=30|clock_delta_ms=1.451
|clock_suspect=0
PMLE_LIVE_REPLAY_TIC|tic=3064|mle_ms=151.557|monotonic_ms=150|clock_delta_ms=1.5
57|clock_suspect=0
PMLE_LIVE_REPLAY_TIC|tic=3065|mle_ms=13.094|monotonic_ms=20|clock_delta_ms=6.906
|clock_suspect=0
PMLE_LIVE_REPLAY_TIC|tic=3066|mle_ms=29.221|monotonic_ms=30|clock_delta_ms=.779|
clock_suspect=0
PMLE_LIVE_REPLAY_TIC|tic=3067|mle_ms=129.761|monotonic_ms=130|clock_delta_ms=.23
9|clock_suspect=0
PMLE_LIVE_REPLAY_TIC|tic=3068|mle_ms=11.725|monotonic_ms=10|clock_delta_ms=1.725
|clock_suspect=0
PMLE_LIVE_REPLAY_TIC|tic=3069|mle_ms=12.892|monotonic_ms=10|clock_delta_ms=2.892
|clock_suspect=0
PMLE_LIVE_REPLAY_TIC|tic=3070|mle_ms=138.916|monotonic_ms=140|clock_delta_ms=1.0
84|clock_suspect=0
PMLE_LIVE_REPLAY_TIC|tic=3071|mle_ms=45|monotonic_ms=50|clock_delta_ms=5|clock_s
uspect=0
PMLE_LIVE_REPLAY_TIC|tic=3072|mle_ms=12.827|monotonic_ms=10|clock_delta_ms=2.827
|clock_suspect=0
PMLE_LIVE_REPLAY_TIC|tic=3073|mle_ms=164.501|monotonic_ms=160|clock_delta_ms=4.5
01|clock_suspect=0
PMLE_LIVE_REPLAY_TIC|tic=3074|mle_ms=22.097|monotonic_ms=30|clock_delta_ms=7.903
|clock_suspect=0
PMLE_LIVE_REPLAY_TIC|tic=3075|mle_ms=11.356|monotonic_ms=10|clock_delta_ms=1.356
|clock_suspect=0
PMLE_LIVE_REPLAY_TIC|tic=3076|mle_ms=131.253|monotonic_ms=130|clock_delta_ms=1.2
53|clock_suspect=0
PMLE_LIVE_REPLAY_TIC|tic=3077|mle_ms=13.105|monotonic_ms=10|clock_delta_ms=3.105
|clock_suspect=0
PMLE_LIVE_REPLAY_TIC|tic=3078|mle_ms=15.114|monotonic_ms=20|clock_delta_ms=4.886
|clock_suspect=0
PMLE_LIVE_REPLAY_TIC|tic=3079|mle_ms=123.048|monotonic_ms=120|clock_delta_ms=3.0
48|clock_suspect=0
PMLE_LIVE_REPLAY_TIC|tic=3080|mle_ms=10.353|monotonic_ms=10|clock_delta_ms=.353|
clock_suspect=0
PMLE_LIVE_REPLAY_TIC|tic=3081|mle_ms=41.239|monotonic_ms=40|clock_delta_ms=1.239
|clock_suspect=0
PMLE_LIVE_REPLAY_TIC|tic=3082|mle_ms=110.613|monotonic_ms=110|clock_delta_ms=.61
3|clock_suspect=0
PMLE_LIVE_REPLAY_TIC|tic=3083|mle_ms=24.658|monotonic_ms=30|clock_delta_ms=5.342
|clock_suspect=0
PMLE_LIVE_REPLAY_TIC|tic=3084|mle_ms=21.767|monotonic_ms=20|clock_delta_ms=1.767
|clock_suspect=0
PMLE_LIVE_REPLAY_TIC|tic=3085|mle_ms=113.536|monotonic_ms=110|clock_delta_ms=3.5
36|clock_suspect=0
PMLE_LIVE_REPLAY_TIC|tic=3086|mle_ms=25.93|monotonic_ms=30|clock_delta_ms=4.07|c
lock_suspect=0
PMLE_LIVE_REPLAY_TIC|tic=3087|mle_ms=13.599|monotonic_ms=10|clock_delta_ms=3.599
|clock_suspect=0
PMLE_LIVE_REPLAY_TIC|tic=3088|mle_ms=111.195|monotonic_ms=110|clock_delta_ms=1.1
95|clock_suspect=0
PMLE_LIVE_REPLAY_TIC|tic=3089|mle_ms=12.899|monotonic_ms=20|clock_delta_ms=7.101
|clock_suspect=0
PMLE_LIVE_REPLAY_TIC|tic=3090|mle_ms=11.163|monotonic_ms=10|clock_delta_ms=1.163
|clock_suspect=0
PMLE_LIVE_REPLAY_TIC|tic=3091|mle_ms=122.509|monotonic_ms=120|clock_delta_ms=2.5
09|clock_suspect=0
PMLE_LIVE_REPLAY_TIC|tic=3092|mle_ms=11.825|monotonic_ms=10|clock_delta_ms=1.825
|clock_suspect=0
PMLE_LIVE_REPLAY_TIC|tic=3093|mle_ms=26.124|monotonic_ms=30|clock_delta_ms=3.876
|clock_suspect=0
PMLE_LIVE_REPLAY_TIC|tic=3094|mle_ms=112.329|monotonic_ms=110|clock_delta_ms=2.3
29|clock_suspect=0
PMLE_LIVE_REPLAY_TIC|tic=3095|mle_ms=13.084|monotonic_ms=10|clock_delta_ms=3.084
|clock_suspect=0
PMLE_LIVE_REPLAY_TIC|tic=3096|mle_ms=28.981|monotonic_ms=30|clock_delta_ms=1.019
|clock_suspect=0
PMLE_LIVE_REPLAY_TIC|tic=3097|mle_ms=71.441|monotonic_ms=70|clock_delta_ms=1.441
|clock_suspect=0
PMLE_LIVE_REPLAY_TIC|tic=3098|mle_ms=11.244|monotonic_ms=20|clock_delta_ms=8.756
|clock_suspect=0
PMLE_LIVE_REPLAY_TIC|tic=3099|mle_ms=13.563|monotonic_ms=10|clock_delta_ms=3.563
|clock_suspect=0
PMLE_LIVE_REPLAY_TIC|tic=3100|mle_ms=62.323|monotonic_ms=60|clock_delta_ms=2.323
|clock_suspect=0
PMLE_LIVE_REPLAY_TIC|tic=3101|mle_ms=39.098|monotonic_ms=40|clock_delta_ms=.902|
clock_suspect=0
PMLE_LIVE_REPLAY_TIC|tic=3102|mle_ms=10.908|monotonic_ms=10|clock_delta_ms=.908|
clock_suspect=0
PMLE_LIVE_REPLAY_TIC|tic=3103|mle_ms=91.94|monotonic_ms=90|clock_delta_ms=1.94|c
lock_suspect=0
PMLE_LIVE_REPLAY_TIC|tic=3104|mle_ms=17.024|monotonic_ms=20|clock_delta_ms=2.976
|clock_suspect=0
PMLE_LIVE_REPLAY_TIC|tic=3105|mle_ms=10.261|monotonic_ms=10|clock_delta_ms=.261|
clock_suspect=0
PMLE_LIVE_REPLAY_TIC|tic=3106|mle_ms=57.362|monotonic_ms=60|clock_delta_ms=2.638
|clock_suspect=0
PMLE_LIVE_REPLAY_TIC|tic=3107|mle_ms=9.646|monotonic_ms=10|clock_delta_ms=.354|c
lock_suspect=0
PMLE_LIVE_REPLAY_TIC|tic=3108|mle_ms=10.018|monotonic_ms=10|clock_delta_ms=.018|
clock_suspect=0
PMLE_LIVE_REPLAY_TIC|tic=3109|mle_ms=39.996|monotonic_ms=40|clock_delta_ms=.004|
clock_suspect=0
PMLE_LIVE_REPLAY_TIC|tic=3110|mle_ms=12.376|monotonic_ms=10|clock_delta_ms=2.376
|clock_suspect=0
PMLE_LIVE_REPLAY_TIC|tic=3111|mle_ms=44.185|monotonic_ms=50|clock_delta_ms=5.815
|clock_suspect=0
PMLE_LIVE_REPLAY_TIC|tic=3112|mle_ms=78.812|monotonic_ms=70|clock_delta_ms=8.812
|clock_suspect=0
PMLE_LIVE_REPLAY_TIC|tic=3113|mle_ms=58.02|monotonic_ms=60|clock_delta_ms=1.98|c
lock_suspect=0
PMLE_LIVE_REPLAY_TIC|tic=3114|mle_ms=21.836|monotonic_ms=20|clock_delta_ms=1.836
|clock_suspect=0
PMLE_LIVE_REPLAY_TIC|tic=3115|mle_ms=35.862|monotonic_ms=40|clock_delta_ms=4.138
|clock_suspect=0
PMLE_LIVE_REPLAY_TIC|tic=3116|mle_ms=39.019|monotonic_ms=40|clock_delta_ms=.981|
clock_suspect=0
PMLE_LIVE_REPLAY_TIC|tic=3117|mle_ms=11.501|monotonic_ms=10|clock_delta_ms=1.501
|clock_suspect=0
PMLE_LIVE_REPLAY_TIC|tic=3118|mle_ms=36.406|monotonic_ms=40|clock_delta_ms=3.594
|clock_suspect=0
PMLE_LIVE_REPLAY_TIC|tic=3119|mle_ms=17.101|monotonic_ms=10|clock_delta_ms=7.101
|clock_suspect=0
PMLE_LIVE_REPLAY_TIC|tic=3120|mle_ms=17.497|monotonic_ms=20|clock_delta_ms=2.503
|clock_suspect=0
PMLE_LIVE_REPLAY_TIC|tic=3121|mle_ms=87.035|monotonic_ms=90|clock_delta_ms=2.965
|clock_suspect=0
PMLE_LIVE_REPLAY_TIC|tic=3122|mle_ms=14.94|monotonic_ms=10|clock_delta_ms=4.94|c
lock_suspect=0
PMLE_LIVE_REPLAY_TIC|tic=3123|mle_ms=78.219|monotonic_ms=80|clock_delta_ms=1.781
|clock_suspect=0
PMLE_LIVE_REPLAY_TIC|tic=3124|mle_ms=53.22|monotonic_ms=60|clock_delta_ms=6.78|c
lock_suspect=0
PMLE_LIVE_REPLAY_TIC|tic=3125|mle_ms=19.412|monotonic_ms=20|clock_delta_ms=.588|
clock_suspect=0
PMLE_LIVE_REPLAY_TIC|tic=3126|mle_ms=43.408|monotonic_ms=40|clock_delta_ms=3.408
|clock_suspect=0
PMLE_LIVE_REPLAY_TIC|tic=3127|mle_ms=24.569|monotonic_ms=20|clock_delta_ms=4.569
|clock_suspect=0
PMLE_LIVE_REPLAY_TIC|tic=3128|mle_ms=63.2|monotonic_ms=70|clock_delta_ms=6.8|clo
ck_suspect=0
PMLE_LIVE_REPLAY_TIC|tic=3129|mle_ms=14.326|monotonic_ms=10|clock_delta_ms=4.326
|clock_suspect=0
PMLE_LIVE_REPLAY_TIC|tic=3130|mle_ms=45.803|monotonic_ms=50|clock_delta_ms=4.197
|clock_suspect=0
PMLE_LIVE_REPLAY_TIC|tic=3131|mle_ms=90.195|monotonic_ms=90|clock_delta_ms=.195|
clock_suspect=0
PMLE_LIVE_REPLAY_TIC|tic=3132|mle_ms=19.742|monotonic_ms=20|clock_delta_ms=.258|
clock_suspect=0
PMLE_LIVE_REPLAY_TIC|tic=3133|mle_ms=103.246|monotonic_ms=100|clock_delta_ms=3.2
46|clock_suspect=0
PMLE_LIVE_REPLAY_TIC|tic=3134|mle_ms=63.662|monotonic_ms=60|clock_delta_ms=3.662
|clock_suspect=0
PMLE_LIVE_REPLAY_TIC|tic=3135|mle_ms=15.429|monotonic_ms=20|clock_delta_ms=4.571
|clock_suspect=0
PMLE_LIVE_REPLAY_TIC|tic=3136|mle_ms=85.635|monotonic_ms=90|clock_delta_ms=4.365
|clock_suspect=0
PMLE_LIVE_REPLAY_TIC|tic=3137|mle_ms=61.171|monotonic_ms=60|clock_delta_ms=1.171
|clock_suspect=0
PMLE_LIVE_REPLAY_TIC|tic=3138|mle_ms=12.213|monotonic_ms=10|clock_delta_ms=2.213
|clock_suspect=0
PMLE_LIVE_REPLAY_TIC|tic=3139|mle_ms=46.73|monotonic_ms=50|clock_delta_ms=3.27|c
lock_suspect=0
PMLE_LIVE_REPLAY_TIC|tic=3140|mle_ms=37.132|monotonic_ms=30|clock_delta_ms=7.132
|clock_suspect=0
PMLE_LIVE_REPLAY_TIC|tic=3141|mle_ms=48.965|monotonic_ms=50|clock_delta_ms=1.035
|clock_suspect=0
PMLE_LIVE_REPLAY_TIC|tic=3142|mle_ms=49.961|monotonic_ms=50|clock_delta_ms=.039|
clock_suspect=0
PMLE_LIVE_REPLAY_TIC|tic=3143|mle_ms=80.302|monotonic_ms=80|clock_delta_ms=.302|
clock_suspect=0
PMLE_LIVE_REPLAY_TIC|tic=3144|mle_ms=22.005|monotonic_ms=30|clock_delta_ms=7.995
|clock_suspect=0
PMLE_LIVE_REPLAY_TIC|tic=3145|mle_ms=74.677|monotonic_ms=70|clock_delta_ms=4.677
|clock_suspect=0
PMLE_LIVE_REPLAY_TIC|tic=3146|mle_ms=78.753|monotonic_ms=80|clock_delta_ms=1.247
|clock_suspect=0
PMLE_LIVE_REPLAY_TIC|tic=3147|mle_ms=10.937|monotonic_ms=10|clock_delta_ms=.937|
clock_suspect=0
PMLE_LIVE_REPLAY_TIC|tic=3148|mle_ms=37.055|monotonic_ms=40|clock_delta_ms=2.945
|clock_suspect=0
PMLE_LIVE_REPLAY_TIC|tic=3149|mle_ms=42.243|monotonic_ms=40|clock_delta_ms=2.243
|clock_suspect=0
PMLE_LIVE_REPLAY_TIC|tic=3150|mle_ms=13.411|monotonic_ms=10|clock_delta_ms=3.411
|clock_suspect=0
PMLE_LIVE_REPLAY_TIC|tic=3151|mle_ms=74.586|monotonic_ms=80|clock_delta_ms=5.414
|clock_suspect=0
PMLE_LIVE_REPLAY_TIC|tic=3152|mle_ms=49.074|monotonic_ms=50|clock_delta_ms=.926|
clock_suspect=0
PMLE_LIVE_REPLAY_TIC|tic=3153|mle_ms=25.615|monotonic_ms=20|clock_delta_ms=5.615
|clock_suspect=0
PMLE_LIVE_REPLAY_TIC|tic=3154|mle_ms=47.982|monotonic_ms=50|clock_delta_ms=2.018
|clock_suspect=0
PMLE_LIVE_REPLAY_TIC|tic=3155|mle_ms=43.578|monotonic_ms=40|clock_delta_ms=3.578
|clock_suspect=0
PMLE_LIVE_REPLAY_TIC|tic=3156|mle_ms=38.027|monotonic_ms=40|clock_delta_ms=1.973
|clock_suspect=0
PMLE_LIVE_REPLAY_TIC|tic=3157|mle_ms=41.186|monotonic_ms=40|clock_delta_ms=1.186
|clock_suspect=0
PMLE_LIVE_REPLAY_TIC|tic=3158|mle_ms=33.449|monotonic_ms=40|clock_delta_ms=6.551
|clock_suspect=0
PMLE_LIVE_REPLAY_TIC|tic=3159|mle_ms=15.279|monotonic_ms=10|clock_delta_ms=5.279
|clock_suspect=0
PMLE_LIVE_REPLAY_TIC|tic=3160|mle_ms=39.689|monotonic_ms=40|clock_delta_ms=.311|
clock_suspect=0
PMLE_LIVE_REPLAY_TIC|tic=3161|mle_ms=74.987|monotonic_ms=80|clock_delta_ms=5.013
|clock_suspect=0
PMLE_LIVE_REPLAY_TIC|tic=3162|mle_ms=17.81|monotonic_ms=20|clock_delta_ms=2.19|c
lock_suspect=0
PMLE_LIVE_REPLAY_TIC|tic=3163|mle_ms=57.524|monotonic_ms=50|clock_delta_ms=7.524
|clock_suspect=0
PMLE_LIVE_REPLAY_TIC|tic=3164|mle_ms=45.366|monotonic_ms=50|clock_delta_ms=4.634
|clock_suspect=0
PMLE_LIVE_REPLAY_TIC|tic=3165|mle_ms=13.543|monotonic_ms=10|clock_delta_ms=3.543
|clock_suspect=0
PMLE_LIVE_REPLAY_TIC|tic=3166|mle_ms=61.292|monotonic_ms=60|clock_delta_ms=1.292
|clock_suspect=0
PMLE_LIVE_REPLAY_TIC|tic=3167|mle_ms=38.581|monotonic_ms=40|clock_delta_ms=1.419
|clock_suspect=0
PMLE_LIVE_REPLAY_TIC|tic=3168|mle_ms=13.714|monotonic_ms=20|clock_delta_ms=6.286
|clock_suspect=0
PMLE_LIVE_REPLAY_TIC|tic=3169|mle_ms=54.04|monotonic_ms=50|clock_delta_ms=4.04|c
lock_suspect=0
PMLE_LIVE_REPLAY_TIC|tic=3170|mle_ms=40.589|monotonic_ms=40|clock_delta_ms=.589|
clock_suspect=0
PMLE_LIVE_REPLAY_TIC|tic=3171|mle_ms=50.587|monotonic_ms=50|clock_delta_ms=.587|
clock_suspect=0
PMLE_LIVE_REPLAY_TIC|tic=3172|mle_ms=40.831|monotonic_ms=40|clock_delta_ms=.831|
clock_suspect=0
PMLE_LIVE_REPLAY_TIC|tic=3173|mle_ms=47.953|monotonic_ms=50|clock_delta_ms=2.047
|clock_suspect=0
PMLE_LIVE_REPLAY_TIC|tic=3174|mle_ms=25.915|monotonic_ms=30|clock_delta_ms=4.085
|clock_suspect=0
PMLE_LIVE_REPLAY_TIC|tic=3175|mle_ms=68.567|monotonic_ms=60|clock_delta_ms=8.567
|clock_suspect=0
PMLE_LIVE_REPLAY_TIC|tic=3176|mle_ms=57.899|monotonic_ms=60|clock_delta_ms=2.101
|clock_suspect=0
PMLE_LIVE_REPLAY_TIC|tic=3177|mle_ms=13.057|monotonic_ms=20|clock_delta_ms=6.943
|clock_suspect=0
PMLE_LIVE_REPLAY_TIC|tic=3178|mle_ms=46.798|monotonic_ms=40|clock_delta_ms=6.798
|clock_suspect=0
PMLE_LIVE_REPLAY_TIC|tic=3179|mle_ms=38.974|monotonic_ms=40|clock_delta_ms=1.026
|clock_suspect=0
PMLE_LIVE_REPLAY_TIC|tic=3180|mle_ms=15.222|monotonic_ms=20|clock_delta_ms=4.778
|clock_suspect=0
PMLE_LIVE_REPLAY_TIC|tic=3181|mle_ms=90.154|monotonic_ms=90|clock_delta_ms=.154|
clock_suspect=0
PMLE_LIVE_REPLAY_TIC|tic=3182|mle_ms=37.1|monotonic_ms=30|clock_delta_ms=7.1|clo
ck_suspect=0
PMLE_LIVE_REPLAY_TIC|tic=3183|mle_ms=37.385|monotonic_ms=40|clock_delta_ms=2.615
|clock_suspect=0
PMLE_LIVE_REPLAY_TIC|tic=3184|mle_ms=59.638|monotonic_ms=60|clock_delta_ms=.362|
clock_suspect=0
PMLE_LIVE_REPLAY_TIC|tic=3185|mle_ms=50.336|monotonic_ms=50|clock_delta_ms=.336|
clock_suspect=0
PMLE_LIVE_REPLAY_TIC|tic=3186|mle_ms=29.579|monotonic_ms=30|clock_delta_ms=.421|
clock_suspect=0
PMLE_LIVE_REPLAY_TIC|tic=3187|mle_ms=50.486|monotonic_ms=50|clock_delta_ms=.486|
clock_suspect=0
PMLE_LIVE_REPLAY_TIC|tic=3188|mle_ms=53.184|monotonic_ms=60|clock_delta_ms=6.816
|clock_suspect=0
PMLE_LIVE_REPLAY_TIC|tic=3189|mle_ms=19.584|monotonic_ms=10|clock_delta_ms=9.584
|clock_suspect=0
PMLE_LIVE_REPLAY_TIC|tic=3190|mle_ms=55.445|monotonic_ms=60|clock_delta_ms=4.555
|clock_suspect=0
PMLE_LIVE_REPLAY_TIC|tic=3191|mle_ms=93.93|monotonic_ms=90|clock_delta_ms=3.93|c
lock_suspect=0
PMLE_LIVE_REPLAY_TIC|tic=3192|mle_ms=21.623|monotonic_ms=30|clock_delta_ms=8.377
|clock_suspect=0
PMLE_LIVE_REPLAY_TIC|tic=3193|mle_ms=76.107|monotonic_ms=70|clock_delta_ms=6.107
|clock_suspect=0
PMLE_LIVE_REPLAY_TIC|tic=3194|mle_ms=116.771|monotonic_ms=120|clock_delta_ms=3.2
29|clock_suspect=0
PMLE_LIVE_REPLAY_TIC|tic=3195|mle_ms=32.326|monotonic_ms=30|clock_delta_ms=2.326
|clock_suspect=0
PMLE_LIVE_REPLAY_TIC|tic=3196|mle_ms=88.082|monotonic_ms=90|clock_delta_ms=1.918
|clock_suspect=0
PMLE_LIVE_REPLAY_TIC|tic=3197|mle_ms=61.341|monotonic_ms=60|clock_delta_ms=1.341
|clock_suspect=0
PMLE_LIVE_REPLAY_TIC|tic=3198|mle_ms=31.828|monotonic_ms=30|clock_delta_ms=1.828
|clock_suspect=0
PMLE_LIVE_REPLAY_TIC|tic=3199|mle_ms=89.706|monotonic_ms=90|clock_delta_ms=.294|
clock_suspect=0
PMLE_LIVE_REPLAY_TIC|tic=3200|mle_ms=70.716|monotonic_ms=70|clock_delta_ms=.716|
clock_suspect=0
PMLE_LIVE_REPLAY_TIC|tic=3201|mle_ms=71.516|monotonic_ms=70|clock_delta_ms=1.516
|clock_suspect=0
PMLE_LIVE_REPLAY_TIC|tic=3202|mle_ms=68.319|monotonic_ms=70|clock_delta_ms=1.681
|clock_suspect=0
PMLE_LIVE_REPLAY_TIC|tic=3203|mle_ms=89.877|monotonic_ms=90|clock_delta_ms=.123|
clock_suspect=0
PMLE_LIVE_REPLAY_TIC|tic=3204|mle_ms=44.766|monotonic_ms=50|clock_delta_ms=5.234
|clock_suspect=0
PMLE_LIVE_REPLAY_TIC|tic=3205|mle_ms=65.496|monotonic_ms=60|clock_delta_ms=5.496
|clock_suspect=0
PMLE_LIVE_REPLAY_TIC|tic=3206|mle_ms=110.139|monotonic_ms=110|clock_delta_ms=.13
9|clock_suspect=0
PMLE_LIVE_REPLAY_TIC|tic=3207|mle_ms=35.886|monotonic_ms=40|clock_delta_ms=4.114
|clock_suspect=0
PMLE_LIVE_REPLAY_TIC|tic=3208|mle_ms=66.33|monotonic_ms=60|clock_delta_ms=6.33|c
lock_suspect=0
PMLE_LIVE_REPLAY_TIC|tic=3209|mle_ms=67.976|monotonic_ms=70|clock_delta_ms=2.024
|clock_suspect=0
PMLE_LIVE_REPLAY_TIC|tic=3210|mle_ms=32.356|monotonic_ms=40|clock_delta_ms=7.644
|clock_suspect=0
PMLE_LIVE_REPLAY_TIC|tic=3211|mle_ms=111.05|monotonic_ms=110|clock_delta_ms=1.05
|clock_suspect=0
PMLE_LIVE_REPLAY_TIC|tic=3212|mle_ms=69.067|monotonic_ms=70|clock_delta_ms=.933|
clock_suspect=0
PMLE_LIVE_REPLAY_TIC|tic=3213|mle_ms=38.881|monotonic_ms=30|clock_delta_ms=8.881
|clock_suspect=0
PMLE_LIVE_REPLAY_TIC|tic=3214|mle_ms=63.233|monotonic_ms=70|clock_delta_ms=6.767
|clock_suspect=0
PMLE_LIVE_REPLAY_TIC|tic=3215|mle_ms=54.894|monotonic_ms=50|clock_delta_ms=4.894
|clock_suspect=0
PMLE_LIVE_REPLAY_TIC|tic=3216|mle_ms=29.536|monotonic_ms=30|clock_delta_ms=.464|
clock_suspect=0
PMLE_LIVE_REPLAY_TIC|tic=3217|mle_ms=71.226|monotonic_ms=70|clock_delta_ms=1.226
|clock_suspect=0
PMLE_LIVE_REPLAY_TIC|tic=3218|mle_ms=44.76|monotonic_ms=50|clock_delta_ms=5.24|c
lock_suspect=0
PMLE_LIVE_REPLAY_TIC|tic=3219|mle_ms=43.174|monotonic_ms=40|clock_delta_ms=3.174
|clock_suspect=0
PMLE_LIVE_REPLAY_TIC|tic=3220|mle_ms=84.65|monotonic_ms=90|clock_delta_ms=5.35|c
lock_suspect=0
PMLE_LIVE_REPLAY_TIC|tic=3221|mle_ms=114.085|monotonic_ms=110|clock_delta_ms=4.0
85|clock_suspect=0
PMLE_LIVE_REPLAY_TIC|tic=3222|mle_ms=34.787|monotonic_ms=40|clock_delta_ms=5.213
|clock_suspect=0
PMLE_LIVE_REPLAY_TIC|tic=3223|mle_ms=95.45|monotonic_ms=90|clock_delta_ms=5.45|c
lock_suspect=0
PMLE_LIVE_REPLAY_TIC|tic=3224|mle_ms=87.297|monotonic_ms=90|clock_delta_ms=2.703
|clock_suspect=0
PMLE_LIVE_REPLAY_TIC|tic=3225|mle_ms=28.064|monotonic_ms=30|clock_delta_ms=1.936
|clock_suspect=0
PMLE_LIVE_REPLAY_TIC|tic=3226|mle_ms=88.681|monotonic_ms=90|clock_delta_ms=1.319
|clock_suspect=0
PMLE_LIVE_REPLAY_TIC|tic=3227|mle_ms=67.292|monotonic_ms=60|clock_delta_ms=7.292
|clock_suspect=0
PMLE_LIVE_REPLAY_TIC|tic=3228|mle_ms=28.157|monotonic_ms=30|clock_delta_ms=1.843
|clock_suspect=0
PMLE_LIVE_REPLAY_TIC|tic=3229|mle_ms=81.286|monotonic_ms=80|clock_delta_ms=1.286
|clock_suspect=0
PMLE_LIVE_REPLAY_TIC|tic=3230|mle_ms=100.207|monotonic_ms=100|clock_delta_ms=.20
7|clock_suspect=0
PMLE_LIVE_REPLAY_TIC|tic=3231|mle_ms=89.167|monotonic_ms=90|clock_delta_ms=.833|
clock_suspect=0
PMLE_LIVE_REPLAY_TIC|tic=3232|mle_ms=90.668|monotonic_ms=90|clock_delta_ms=.668|
clock_suspect=0
PMLE_LIVE_REPLAY_TIC|tic=3233|mle_ms=101.858|monotonic_ms=100|clock_delta_ms=1.8
58|clock_suspect=0
PMLE_LIVE_REPLAY_TIC|tic=3234|mle_ms=53.222|monotonic_ms=60|clock_delta_ms=6.778
|clock_suspect=0
PMLE_LIVE_REPLAY_TIC|tic=3235|mle_ms=80.725|monotonic_ms=80|clock_delta_ms=.725|
clock_suspect=0
PMLE_LIVE_REPLAY_TIC|tic=3236|mle_ms=89.211|monotonic_ms=90|clock_delta_ms=.789|
clock_suspect=0
PMLE_LIVE_REPLAY_TIC|tic=3237|mle_ms=31.766|monotonic_ms=30|clock_delta_ms=1.766
|clock_suspect=0
PMLE_LIVE_REPLAY_TIC|tic=3238|mle_ms=68.688|monotonic_ms=70|clock_delta_ms=1.312
|clock_suspect=0
PMLE_LIVE_REPLAY_TIC|tic=3239|mle_ms=74.405|monotonic_ms=70|clock_delta_ms=4.405
|clock_suspect=0
PMLE_LIVE_REPLAY_TIC|tic=3240|mle_ms=28.632|monotonic_ms=30|clock_delta_ms=1.368
|clock_suspect=0
PMLE_LIVE_REPLAY_TIC|tic=3241|mle_ms=111.69|monotonic_ms=110|clock_delta_ms=1.69
|clock_suspect=0
PMLE_LIVE_REPLAY_TIC|tic=3242|mle_ms=68.573|monotonic_ms=70|clock_delta_ms=1.427
|clock_suspect=0
PMLE_LIVE_REPLAY_TIC|tic=3243|mle_ms=52.489|monotonic_ms=50|clock_delta_ms=2.489
|clock_suspect=0
PMLE_LIVE_REPLAY_TIC|tic=3244|mle_ms=79.979|monotonic_ms=80|clock_delta_ms=.021|
clock_suspect=0
PMLE_LIVE_REPLAY_TIC|tic=3245|mle_ms=81.806|monotonic_ms=90|clock_delta_ms=8.194
|clock_suspect=0
PMLE_LIVE_REPLAY_TIC|tic=3246|mle_ms=41.805|monotonic_ms=40|clock_delta_ms=1.805
|clock_suspect=0
PMLE_LIVE_REPLAY_TIC|tic=3247|mle_ms=68.155|monotonic_ms=70|clock_delta_ms=1.845
|clock_suspect=0
PMLE_LIVE_REPLAY_TIC|tic=3248|mle_ms=65.953|monotonic_ms=60|clock_delta_ms=5.953
|clock_suspect=0
PMLE_LIVE_REPLAY_TIC|tic=3249|mle_ms=34.896|monotonic_ms=40|clock_delta_ms=5.104
|clock_suspect=0
PMLE_LIVE_REPLAY_TIC|tic=3250|mle_ms=91.143|monotonic_ms=90|clock_delta_ms=1.143
|clock_suspect=0
PMLE_LIVE_REPLAY_TIC|tic=3251|mle_ms=106.684|monotonic_ms=110|clock_delta_ms=3.3
16|clock_suspect=0
PMLE_LIVE_REPLAY_TIC|tic=3252|mle_ms=34.262|monotonic_ms=30|clock_delta_ms=4.262
|clock_suspect=0
PMLE_LIVE_REPLAY_TIC|tic=3253|mle_ms=83.274|monotonic_ms=80|clock_delta_ms=3.274
|clock_suspect=0
PMLE_LIVE_REPLAY_TIC|tic=3254|mle_ms=72.562|monotonic_ms=80|clock_delta_ms=7.438
|clock_suspect=0
PMLE_LIVE_REPLAY_TIC|tic=3255|mle_ms=35.896|monotonic_ms=30|clock_delta_ms=5.896
|clock_suspect=0
PMLE_LIVE_REPLAY_TIC|tic=3256|mle_ms=74.601|monotonic_ms=80|clock_delta_ms=5.399
|clock_suspect=0
PMLE_LIVE_REPLAY_TIC|tic=3257|mle_ms=54.068|monotonic_ms=50|clock_delta_ms=4.068
|clock_suspect=0
PMLE_LIVE_REPLAY_TIC|tic=3258|mle_ms=43.63|monotonic_ms=40|clock_delta_ms=3.63|c
lock_suspect=0
PMLE_LIVE_REPLAY_TIC|tic=3259|mle_ms=76.015|monotonic_ms=80|clock_delta_ms=3.985
|clock_suspect=0
PMLE_LIVE_REPLAY_TIC|tic=3260|mle_ms=43.417|monotonic_ms=40|clock_delta_ms=3.417
|clock_suspect=0
PMLE_LIVE_REPLAY_TIC|tic=3261|mle_ms=71.875|monotonic_ms=80|clock_delta_ms=8.125
|clock_suspect=0
PMLE_LIVE_REPLAY_TIC|tic=3262|mle_ms=78.784|monotonic_ms=70|clock_delta_ms=8.784
|clock_suspect=0
PMLE_LIVE_REPLAY_TIC|tic=3263|mle_ms=52.384|monotonic_ms=60|clock_delta_ms=7.616
|clock_suspect=0
PMLE_LIVE_REPLAY_TIC|tic=3264|mle_ms=38.08|monotonic_ms=40|clock_delta_ms=1.92|c
lock_suspect=0
PMLE_LIVE_REPLAY_TIC|tic=3265|mle_ms=74.194|monotonic_ms=70|clock_delta_ms=4.194
|clock_suspect=0
PMLE_LIVE_REPLAY_TIC|tic=3266|mle_ms=43.785|monotonic_ms=40|clock_delta_ms=3.785
|clock_suspect=0
PMLE_LIVE_REPLAY_TIC|tic=3267|mle_ms=35.108|monotonic_ms=40|clock_delta_ms=4.892
|clock_suspect=0
PMLE_LIVE_REPLAY_TIC|tic=3268|mle_ms=85.903|monotonic_ms=80|clock_delta_ms=5.903
|clock_suspect=0
PMLE_LIVE_REPLAY_TIC|tic=3269|mle_ms=35.64|monotonic_ms=40|clock_delta_ms=4.36|c
lock_suspect=0
PMLE_LIVE_REPLAY_TIC|tic=3270|mle_ms=35.215|monotonic_ms=40|clock_delta_ms=4.785
|clock_suspect=0
PMLE_LIVE_REPLAY_TIC|tic=3271|mle_ms=106.944|monotonic_ms=100|clock_delta_ms=6.9
44|clock_suspect=0
PMLE_LIVE_REPLAY_TIC|tic=3272|mle_ms=75.031|monotonic_ms=80|clock_delta_ms=4.969
|clock_suspect=0
PMLE_LIVE_REPLAY_TIC|tic=3273|mle_ms=37.303|monotonic_ms=40|clock_delta_ms=2.697
|clock_suspect=0
PMLE_LIVE_REPLAY_TIC|tic=3274|mle_ms=71.355|monotonic_ms=70|clock_delta_ms=1.355
|clock_suspect=0
PMLE_LIVE_REPLAY_TIC|tic=3275|mle_ms=37.204|monotonic_ms=30|clock_delta_ms=7.204
|clock_suspect=0
PMLE_LIVE_REPLAY_TIC|tic=3276|mle_ms=29.219|monotonic_ms=30|clock_delta_ms=.781|
clock_suspect=0
PMLE_LIVE_REPLAY_TIC|tic=3277|mle_ms=61.894|monotonic_ms=70|clock_delta_ms=8.106
|clock_suspect=0
PMLE_LIVE_REPLAY_TIC|tic=3278|mle_ms=16.115|monotonic_ms=10|clock_delta_ms=6.115
|clock_suspect=0
PMLE_LIVE_REPLAY_TIC|tic=3279|mle_ms=9.713|monotonic_ms=10|clock_delta_ms=.287|c
lock_suspect=0
PMLE_LIVE_REPLAY_TIC|tic=3280|mle_ms=49.868|monotonic_ms=50|clock_delta_ms=.132|
clock_suspect=0
PMLE_LIVE_REPLAY_TIC|tic=3281|mle_ms=58.261|monotonic_ms=60|clock_delta_ms=1.739
|clock_suspect=0
PMLE_LIVE_REPLAY_TIC|tic=3282|mle_ms=12.392|monotonic_ms=10|clock_delta_ms=2.392
|clock_suspect=0
PMLE_LIVE_REPLAY_TIC|tic=3283|mle_ms=67.073|monotonic_ms=70|clock_delta_ms=2.927
|clock_suspect=0
PMLE_LIVE_REPLAY_TIC|tic=3284|mle_ms=19.182|monotonic_ms=20|clock_delta_ms=.818|
clock_suspect=0
PMLE_LIVE_REPLAY_TIC|tic=3285|mle_ms=9.947|monotonic_ms=10|clock_delta_ms=.053|c
lock_suspect=0
PMLE_LIVE_REPLAY_TIC|tic=3286|mle_ms=53.206|monotonic_ms=50|clock_delta_ms=3.206
|clock_suspect=0
PMLE_LIVE_REPLAY_TIC|tic=3287|mle_ms=15.886|monotonic_ms=20|clock_delta_ms=4.114
|clock_suspect=0
PMLE_LIVE_REPLAY_TIC|tic=3288|mle_ms=11.809|monotonic_ms=10|clock_delta_ms=1.809
|clock_suspect=0
PMLE_LIVE_REPLAY_TIC|tic=3289|mle_ms=63.64|monotonic_ms=60|clock_delta_ms=3.64|c
lock_suspect=0
PMLE_LIVE_REPLAY_TIC|tic=3290|mle_ms=18.277|monotonic_ms=20|clock_delta_ms=1.723
|clock_suspect=0
PMLE_LIVE_REPLAY_TIC|tic=3291|mle_ms=45.844|monotonic_ms=50|clock_delta_ms=4.156
|clock_suspect=0
PMLE_LIVE_REPLAY_TIC|tic=3292|mle_ms=48.998|monotonic_ms=50|clock_delta_ms=1.002
|clock_suspect=0
PMLE_LIVE_REPLAY_TIC|tic=3293|mle_ms=21.878|monotonic_ms=20|clock_delta_ms=1.878
|clock_suspect=0
PMLE_LIVE_REPLAY_TIC|tic=3294|mle_ms=10.568|monotonic_ms=10|clock_delta_ms=.568|
clock_suspect=0
PMLE_LIVE_REPLAY_TIC|tic=3295|mle_ms=44.891|monotonic_ms=40|clock_delta_ms=4.891
|clock_suspect=0
PMLE_LIVE_REPLAY_TIC|tic=3296|mle_ms=15.683|monotonic_ms=20|clock_delta_ms=4.317
|clock_suspect=0
PMLE_LIVE_REPLAY_TIC|tic=3297|mle_ms=8.785|monotonic_ms=10|clock_delta_ms=1.215|
clock_suspect=0
PMLE_LIVE_REPLAY_TIC|tic=3298|mle_ms=44.087|monotonic_ms=40|clock_delta_ms=4.087
|clock_suspect=0
PMLE_LIVE_REPLAY_TIC|tic=3299|mle_ms=12.984|monotonic_ms=20|clock_delta_ms=7.016
|clock_suspect=0
PMLE_LIVE_REPLAY_TIC|tic=3300|mle_ms=9.828|monotonic_ms=10|clock_delta_ms=.172|c
lock_suspect=0
PMLE_LIVE_REPLAY_TIC|tic=3301|mle_ms=86.681|monotonic_ms=80|clock_delta_ms=6.681
|clock_suspect=0
PMLE_LIVE_REPLAY_TIC|tic=3302|mle_ms=12.629|monotonic_ms=20|clock_delta_ms=7.371
|clock_suspect=0
PMLE_LIVE_REPLAY_TIC|tic=3303|mle_ms=17.039|monotonic_ms=10|clock_delta_ms=7.039
|clock_suspect=0
PMLE_LIVE_REPLAY_TIC|tic=3304|mle_ms=90.114|monotonic_ms=90|clock_delta_ms=.114|
clock_suspect=0
PMLE_LIVE_REPLAY_TIC|tic=3305|mle_ms=15.371|monotonic_ms=20|clock_delta_ms=4.629
|clock_suspect=0
PMLE_LIVE_REPLAY_TIC|tic=3306|mle_ms=13.448|monotonic_ms=10|clock_delta_ms=3.448
|clock_suspect=0
PMLE_LIVE_REPLAY_TIC|tic=3307|mle_ms=59.734|monotonic_ms=60|clock_delta_ms=.266|
clock_suspect=0
PMLE_LIVE_REPLAY_TIC|tic=3308|mle_ms=14.451|monotonic_ms=20|clock_delta_ms=5.549
|clock_suspect=0
PMLE_LIVE_REPLAY_TIC|tic=3309|mle_ms=9.15|monotonic_ms=10|clock_delta_ms=.85|clo
ck_suspect=0
PMLE_LIVE_REPLAY_TIC|tic=3310|mle_ms=61.349|monotonic_ms=60|clock_delta_ms=1.349
|clock_suspect=0
PMLE_LIVE_REPLAY_TIC|tic=3311|mle_ms=82.651|monotonic_ms=80|clock_delta_ms=2.651
|clock_suspect=0
PMLE_LIVE_REPLAY_TIC|tic=3312|mle_ms=11.049|monotonic_ms=10|clock_delta_ms=1.049
|clock_suspect=0
PMLE_LIVE_REPLAY_TIC|tic=3313|mle_ms=72.279|monotonic_ms=70|clock_delta_ms=2.279
|clock_suspect=0
PMLE_LIVE_REPLAY_TIC|tic=3314|mle_ms=54.096|monotonic_ms=60|clock_delta_ms=5.904
|clock_suspect=0
PMLE_LIVE_REPLAY_TIC|tic=3315|mle_ms=9.749|monotonic_ms=10|clock_delta_ms=.251|c
lock_suspect=0
PMLE_LIVE_REPLAY_TIC|tic=3316|mle_ms=67.375|monotonic_ms=70|clock_delta_ms=2.625
|clock_suspect=0
PMLE_LIVE_REPLAY_TIC|tic=3317|mle_ms=48.43|monotonic_ms=40|clock_delta_ms=8.43|c
lock_suspect=0
PMLE_LIVE_REPLAY_TIC|tic=3318|mle_ms=10.717|monotonic_ms=20|clock_delta_ms=9.283
|clock_suspect=0
PMLE_LIVE_REPLAY_TIC|tic=3319|mle_ms=52.22|monotonic_ms=50|clock_delta_ms=2.22|c
lock_suspect=0
PMLE_LIVE_REPLAY_TIC|tic=3320|mle_ms=44.046|monotonic_ms=40|clock_delta_ms=4.046
|clock_suspect=0
PMLE_LIVE_REPLAY_TIC|tic=3321|mle_ms=47.778|monotonic_ms=50|clock_delta_ms=2.222
|clock_suspect=0
PMLE_LIVE_REPLAY_TIC|tic=3322|mle_ms=53.446|monotonic_ms=50|clock_delta_ms=3.446
|clock_suspect=0
PMLE_LIVE_REPLAY_TIC|tic=3323|mle_ms=57.105|monotonic_ms=60|clock_delta_ms=2.895
|clock_suspect=0
PMLE_LIVE_REPLAY_TIC|tic=3324|mle_ms=12.265|monotonic_ms=10|clock_delta_ms=2.265
|clock_suspect=0
PMLE_LIVE_REPLAY_TIC|tic=3325|mle_ms=47.989|monotonic_ms=50|clock_delta_ms=2.011
|clock_suspect=0
PMLE_LIVE_REPLAY_TIC|tic=3326|mle_ms=59.34|monotonic_ms=60|clock_delta_ms=.66|cl
ock_suspect=0
PMLE_LIVE_REPLAY_TIC|tic=3327|mle_ms=8.881|monotonic_ms=10|clock_delta_ms=1.119|
clock_suspect=0
PMLE_LIVE_REPLAY_TIC|tic=3328|mle_ms=12.884|monotonic_ms=10|clock_delta_ms=2.884
|clock_suspect=0
PMLE_LIVE_REPLAY_TIC|tic=3329|mle_ms=48.838|monotonic_ms=50|clock_delta_ms=1.162
|clock_suspect=0
PMLE_LIVE_REPLAY_TIC|tic=3330|mle_ms=10.928|monotonic_ms=10|clock_delta_ms=.928|
clock_suspect=0
PMLE_LIVE_REPLAY_TIC|tic=3331|mle_ms=57.227|monotonic_ms=60|clock_delta_ms=2.773
|clock_suspect=0
PMLE_LIVE_REPLAY_TIC|tic=3332|mle_ms=45.53|monotonic_ms=50|clock_delta_ms=4.47|c
lock_suspect=0
PMLE_LIVE_REPLAY_TIC|tic=3333|mle_ms=19.559|monotonic_ms=10|clock_delta_ms=9.559
|clock_suspect=0
PMLE_LIVE_REPLAY_TIC|tic=3334|mle_ms=14.962|monotonic_ms=20|clock_delta_ms=5.038
|clock_suspect=0
PMLE_LIVE_REPLAY_TIC|tic=3335|mle_ms=40.204|monotonic_ms=40|clock_delta_ms=.204|
clock_suspect=0
PMLE_LIVE_REPLAY_TIC|tic=3336|mle_ms=12.131|monotonic_ms=10|clock_delta_ms=2.131
|clock_suspect=0
PMLE_LIVE_REPLAY_TIC|tic=3337|mle_ms=13.249|monotonic_ms=20|clock_delta_ms=6.751
|clock_suspect=0
PMLE_LIVE_REPLAY_TIC|tic=3338|mle_ms=36.847|monotonic_ms=30|clock_delta_ms=6.847
|clock_suspect=0
PMLE_LIVE_REPLAY_TIC|tic=3339|mle_ms=7.676|monotonic_ms=10|clock_delta_ms=2.324|
clock_suspect=0
PMLE_LIVE_REPLAY_TIC|tic=3340|mle_ms=11.844|monotonic_ms=10|clock_delta_ms=1.844
|clock_suspect=0
PMLE_LIVE_REPLAY_TIC|tic=3341|mle_ms=75.791|monotonic_ms=80|clock_delta_ms=4.209
|clock_suspect=0
PMLE_LIVE_REPLAY_TIC|tic=3342|mle_ms=8.986|monotonic_ms=10|clock_delta_ms=1.014|
clock_suspect=0
PMLE_LIVE_REPLAY_TIC|tic=3343|mle_ms=22.675|monotonic_ms=20|clock_delta_ms=2.675
|clock_suspect=0
PMLE_LIVE_REPLAY_TIC|tic=3344|mle_ms=49.588|monotonic_ms=50|clock_delta_ms=.412|
clock_suspect=0
PMLE_LIVE_REPLAY_TIC|tic=3345|mle_ms=8.225|monotonic_ms=10|clock_delta_ms=1.775|
clock_suspect=0
PMLE_LIVE_REPLAY_TIC|tic=3346|mle_ms=53.303|monotonic_ms=50|clock_delta_ms=3.303
|clock_suspect=0
PMLE_LIVE_REPLAY_TIC|tic=3347|mle_ms=62.981|monotonic_ms=60|clock_delta_ms=2.981
|clock_suspect=0
PMLE_LIVE_REPLAY_TIC|tic=3348|mle_ms=11.242|monotonic_ms=20|clock_delta_ms=8.758
|clock_suspect=0
PMLE_LIVE_REPLAY_TIC|tic=3349|mle_ms=60.721|monotonic_ms=60|clock_delta_ms=.721|
clock_suspect=0
PMLE_LIVE_REPLAY_TIC|tic=3350|mle_ms=67.698|monotonic_ms=60|clock_delta_ms=7.698
|clock_suspect=0
PMLE_LIVE_REPLAY_TIC|tic=3351|mle_ms=58.155|monotonic_ms=60|clock_delta_ms=1.845
|clock_suspect=0
PMLE_LIVE_REPLAY_TIC|tic=3352|mle_ms=65.748|monotonic_ms=70|clock_delta_ms=4.252
|clock_suspect=0
PMLE_LIVE_REPLAY_TIC|tic=3353|mle_ms=71.938|monotonic_ms=70|clock_delta_ms=1.938
|clock_suspect=0
PMLE_LIVE_REPLAY_TIC|tic=3354|mle_ms=11.524|monotonic_ms=10|clock_delta_ms=1.524
|clock_suspect=0
PMLE_LIVE_REPLAY_TIC|tic=3355|mle_ms=46.695|monotonic_ms=50|clock_delta_ms=3.305
|clock_suspect=0
PMLE_LIVE_REPLAY_TIC|tic=3356|mle_ms=44.816|monotonic_ms=40|clock_delta_ms=4.816
|clock_suspect=0
PMLE_LIVE_REPLAY_TIC|tic=3357|mle_ms=9.555|monotonic_ms=10|clock_delta_ms=.445|c
lock_suspect=0
PMLE_LIVE_REPLAY_TIC|tic=3358|mle_ms=65.725|monotonic_ms=70|clock_delta_ms=4.275
|clock_suspect=0
PMLE_LIVE_REPLAY_TIC|tic=3359|mle_ms=42.271|monotonic_ms=40|clock_delta_ms=2.271
|clock_suspect=0
PMLE_LIVE_REPLAY_TIC|tic=3360|mle_ms=9.682|monotonic_ms=10|clock_delta_ms=.318|c
lock_suspect=0
PMLE_LIVE_REPLAY_TIC|tic=3361|mle_ms=81.571|monotonic_ms=80|clock_delta_ms=1.571
|clock_suspect=0
PMLE_LIVE_REPLAY_TIC|tic=3362|mle_ms=38.784|monotonic_ms=40|clock_delta_ms=1.216
|clock_suspect=0
PMLE_LIVE_REPLAY_TIC|tic=3363|mle_ms=16.843|monotonic_ms=20|clock_delta_ms=3.157
|clock_suspect=0
PMLE_LIVE_REPLAY_TIC|tic=3364|mle_ms=64.62|monotonic_ms=60|clock_delta_ms=4.62|c
lock_suspect=0
PMLE_LIVE_REPLAY_TIC|tic=3365|mle_ms=40.162|monotonic_ms=40|clock_delta_ms=.162|
clock_suspect=0
PMLE_LIVE_REPLAY_TIC|tic=3366|mle_ms=10.028|monotonic_ms=10|clock_delta_ms=.028|
clock_suspect=0
PMLE_LIVE_REPLAY_TIC|tic=3367|mle_ms=57.819|monotonic_ms=60|clock_delta_ms=2.181
|clock_suspect=0
PMLE_LIVE_REPLAY_TIC|tic=3368|mle_ms=37.236|monotonic_ms=40|clock_delta_ms=2.764
|clock_suspect=0
PMLE_LIVE_REPLAY_TIC|tic=3369|mle_ms=7.735|monotonic_ms=10|clock_delta_ms=2.265|
clock_suspect=0
PMLE_LIVE_REPLAY_TIC|tic=3370|mle_ms=57.584|monotonic_ms=50|clock_delta_ms=7.584
|clock_suspect=0
PMLE_LIVE_REPLAY_TIC|tic=3371|mle_ms=80.834|monotonic_ms=90|clock_delta_ms=9.166
|clock_suspect=0
PMLE_LIVE_REPLAY_TIC|tic=3372|mle_ms=9.266|monotonic_ms=0|clock_delta_ms=9.266|c
lock_suspect=0
PMLE_LIVE_REPLAY_TIC|tic=3373|mle_ms=71.581|monotonic_ms=80|clock_delta_ms=8.419
|clock_suspect=0
PMLE_LIVE_REPLAY_TIC|tic=3374|mle_ms=65.201|monotonic_ms=60|clock_delta_ms=5.201
|clock_suspect=0
PMLE_LIVE_REPLAY_TIC|tic=3375|mle_ms=8.691|monotonic_ms=10|clock_delta_ms=1.309|
clock_suspect=0
PMLE_LIVE_REPLAY_TIC|tic=3376|mle_ms=52.015|monotonic_ms=50|clock_delta_ms=2.015
|clock_suspect=0
PMLE_LIVE_REPLAY_TIC|tic=3377|mle_ms=43.424|monotonic_ms=50|clock_delta_ms=6.576
|clock_suspect=0
PMLE_LIVE_REPLAY_TIC|tic=3378|mle_ms=8.626|monotonic_ms=0|clock_delta_ms=8.626|c
lock_suspect=0
PMLE_LIVE_REPLAY_TIC|tic=3379|mle_ms=47.666|monotonic_ms=50|clock_delta_ms=2.334
|clock_suspect=0
PMLE_LIVE_REPLAY_TIC|tic=3380|mle_ms=37.573|monotonic_ms=40|clock_delta_ms=2.427
|clock_suspect=0
PMLE_LIVE_REPLAY_TIC|tic=3381|mle_ms=50.169|monotonic_ms=50|clock_delta_ms=.169|
clock_suspect=0
PMLE_LIVE_REPLAY_TIC|tic=3382|mle_ms=17.664|monotonic_ms=20|clock_delta_ms=2.336
|clock_suspect=0
PMLE_LIVE_REPLAY_TIC|tic=3383|mle_ms=52.718|monotonic_ms=50|clock_delta_ms=2.718
|clock_suspect=0
PMLE_LIVE_REPLAY_TIC|tic=3384|mle_ms=12.22|monotonic_ms=10|clock_delta_ms=2.22|c
lock_suspect=0
PMLE_LIVE_REPLAY_TIC|tic=3385|mle_ms=25.763|monotonic_ms=30|clock_delta_ms=4.237
|clock_suspect=0
PMLE_LIVE_REPLAY_TIC|tic=3386|mle_ms=62.963|monotonic_ms=60|clock_delta_ms=2.963
|clock_suspect=0
PMLE_LIVE_REPLAY_TIC|tic=3387|mle_ms=17.161|monotonic_ms=20|clock_delta_ms=2.839
|clock_suspect=0
PMLE_LIVE_REPLAY_TIC|tic=3388|mle_ms=24.298|monotonic_ms=20|clock_delta_ms=4.298
|clock_suspect=0
PMLE_LIVE_REPLAY_TIC|tic=3389|mle_ms=52.913|monotonic_ms=60|clock_delta_ms=7.087
|clock_suspect=0
PMLE_LIVE_REPLAY_TIC|tic=3390|mle_ms=16.58|monotonic_ms=10|clock_delta_ms=6.58|c
lock_suspect=0
PMLE_LIVE_REPLAY_TIC|tic=3391|mle_ms=59.419|monotonic_ms=60|clock_delta_ms=.581|
clock_suspect=0
PMLE_LIVE_REPLAY_TIC|tic=3392|mle_ms=20.929|monotonic_ms=20|clock_delta_ms=.929|
clock_suspect=0
PMLE_LIVE_REPLAY_TIC|tic=3393|mle_ms=23.742|monotonic_ms=30|clock_delta_ms=6.258
|clock_suspect=0
PMLE_LIVE_REPLAY_TIC|tic=3394|mle_ms=24.075|monotonic_ms=20|clock_delta_ms=4.075
|clock_suspect=0
PMLE_LIVE_REPLAY_TIC|tic=3395|mle_ms=21.452|monotonic_ms=20|clock_delta_ms=1.452
|clock_suspect=0
PMLE_LIVE_REPLAY_TIC|tic=3396|mle_ms=18.383|monotonic_ms=20|clock_delta_ms=1.617
|clock_suspect=0
PMLE_LIVE_REPLAY_TIC|tic=3397|mle_ms=21.124|monotonic_ms=20|clock_delta_ms=1.124
|clock_suspect=0
PMLE_LIVE_REPLAY_TIC|tic=3398|mle_ms=58.291|monotonic_ms=60|clock_delta_ms=1.709
|clock_suspect=0
PMLE_LIVE_REPLAY_TIC|tic=3399|mle_ms=14.715|monotonic_ms=20|clock_delta_ms=5.285
|clock_suspect=0
PMLE_LIVE_REPLAY_TIC|tic=3400|mle_ms=23.719|monotonic_ms=20|clock_delta_ms=3.719
|clock_suspect=0
PMLE_LIVE_REPLAY_TIC|tic=3401|mle_ms=82.368|monotonic_ms=80|clock_delta_ms=2.368
|clock_suspect=0
PMLE_LIVE_REPLAY_TIC|tic=3402|mle_ms=16.882|monotonic_ms=20|clock_delta_ms=3.118
|clock_suspect=0
PMLE_LIVE_REPLAY_TIC|tic=3403|mle_ms=29.602|monotonic_ms=30|clock_delta_ms=.398|
clock_suspect=0
PMLE_LIVE_REPLAY_TIC|tic=3404|mle_ms=49.989|monotonic_ms=50|clock_delta_ms=.011|
clock_suspect=0
PMLE_LIVE_REPLAY_TIC|tic=3405|mle_ms=17.684|monotonic_ms=20|clock_delta_ms=2.316
|clock_suspect=0
PMLE_LIVE_REPLAY_TIC|tic=3406|mle_ms=57.196|monotonic_ms=60|clock_delta_ms=2.804
|clock_suspect=0
PMLE_LIVE_REPLAY_TIC|tic=3407|mle_ms=50.525|monotonic_ms=50|clock_delta_ms=.525|
clock_suspect=0
PMLE_LIVE_REPLAY_TIC|tic=3408|mle_ms=13.305|monotonic_ms=10|clock_delta_ms=3.305
|clock_suspect=0
PMLE_LIVE_REPLAY_TIC|tic=3409|mle_ms=55.556|monotonic_ms=60|clock_delta_ms=4.444
|clock_suspect=0
PMLE_LIVE_REPLAY_TIC|tic=3410|mle_ms=50.73|monotonic_ms=50|clock_delta_ms=.73|cl
ock_suspect=0
PMLE_LIVE_REPLAY_TIC|tic=3411|mle_ms=53.828|monotonic_ms=50|clock_delta_ms=3.828
|clock_suspect=0
PMLE_LIVE_REPLAY_TIC|tic=3412|mle_ms=52.168|monotonic_ms=50|clock_delta_ms=2.168
|clock_suspect=0
PMLE_LIVE_REPLAY_TIC|tic=3413|mle_ms=60.216|monotonic_ms=60|clock_delta_ms=.216|
clock_suspect=0
PMLE_LIVE_REPLAY_TIC|tic=3414|mle_ms=24.743|monotonic_ms=30|clock_delta_ms=5.257
|clock_suspect=0
PMLE_LIVE_REPLAY_TIC|tic=3415|mle_ms=52.16|monotonic_ms=50|clock_delta_ms=2.16|c
lock_suspect=0
PMLE_LIVE_REPLAY_TIC|tic=3416|mle_ms=63.094|monotonic_ms=60|clock_delta_ms=3.094
|clock_suspect=0
PMLE_LIVE_REPLAY_TIC|tic=3417|mle_ms=11.245|monotonic_ms=10|clock_delta_ms=1.245
|clock_suspect=0
PMLE_LIVE_REPLAY_TIC|tic=3418|mle_ms=54.056|monotonic_ms=60|clock_delta_ms=5.944
|clock_suspect=0
PMLE_LIVE_REPLAY_TIC|tic=3419|mle_ms=51.147|monotonic_ms=50|clock_delta_ms=1.147
|clock_suspect=0
PMLE_LIVE_REPLAY_TIC|tic=3420|mle_ms=11.595|monotonic_ms=10|clock_delta_ms=1.595
|clock_suspect=0
PMLE_LIVE_REPLAY_TIC|tic=3421|mle_ms=99.613|monotonic_ms=100|clock_delta_ms=.387
|clock_suspect=0
PMLE_LIVE_REPLAY_TIC|tic=3422|mle_ms=47.024|monotonic_ms=50|clock_delta_ms=2.976
|clock_suspect=0
PMLE_LIVE_REPLAY_TIC|tic=3423|mle_ms=30.217|monotonic_ms=30|clock_delta_ms=.217|
clock_suspect=0
PMLE_LIVE_REPLAY_TIC|tic=3424|mle_ms=64.929|monotonic_ms=60|clock_delta_ms=4.929
|clock_suspect=0
PMLE_LIVE_REPLAY_TIC|tic=3425|mle_ms=47.132|monotonic_ms=50|clock_delta_ms=2.868
|clock_suspect=0
PMLE_LIVE_REPLAY_TIC|tic=3426|mle_ms=27.931|monotonic_ms=30|clock_delta_ms=2.069
|clock_suspect=0
PMLE_LIVE_REPLAY_TIC|tic=3427|mle_ms=55.981|monotonic_ms=60|clock_delta_ms=4.019
|clock_suspect=0
PMLE_LIVE_REPLAY_TIC|tic=3428|mle_ms=73.348|monotonic_ms=70|clock_delta_ms=3.348
|clock_suspect=0
PMLE_LIVE_REPLAY_TIC|tic=3429|mle_ms=29.402|monotonic_ms=30|clock_delta_ms=.598|
clock_suspect=0
PMLE_LIVE_REPLAY_TIC|tic=3430|mle_ms=73.818|monotonic_ms=70|clock_delta_ms=3.818
|clock_suspect=0
PMLE_LIVE_REPLAY_TIC|tic=3431|mle_ms=80.387|monotonic_ms=80|clock_delta_ms=.387|
clock_suspect=0
PMLE_LIVE_REPLAY_TIC|tic=3432|mle_ms=32.863|monotonic_ms=40|clock_delta_ms=7.137
|clock_suspect=0
PMLE_LIVE_REPLAY_TIC|tic=3433|mle_ms=84.753|monotonic_ms=80|clock_delta_ms=4.753
|clock_suspect=0
PMLE_LIVE_REPLAY_TIC|tic=3434|mle_ms=74.96|monotonic_ms=80|clock_delta_ms=5.04|c
lock_suspect=0
PMLE_LIVE_REPLAY_TIC|tic=3435|mle_ms=30.304|monotonic_ms=30|clock_delta_ms=.304|
clock_suspect=0
PMLE_LIVE_REPLAY_TIC|tic=3436|mle_ms=93.804|monotonic_ms=90|clock_delta_ms=3.804
|clock_suspect=0
PMLE_LIVE_REPLAY_TIC|tic=3437|mle_ms=76.122|monotonic_ms=80|clock_delta_ms=3.878
|clock_suspect=0
PMLE_LIVE_REPLAY_TIC|tic=3438|mle_ms=34.284|monotonic_ms=30|clock_delta_ms=4.284
|clock_suspect=0
PMLE_LIVE_REPLAY_TIC|tic=3439|mle_ms=78.088|monotonic_ms=80|clock_delta_ms=1.912
|clock_suspect=0
PMLE_LIVE_REPLAY_TIC|tic=3440|mle_ms=66.66|monotonic_ms=70|clock_delta_ms=3.34|c
lock_suspect=0
PMLE_LIVE_REPLAY_TIC|tic=3441|mle_ms=39.056|monotonic_ms=30|clock_delta_ms=9.056
|clock_suspect=0
PMLE_LIVE_REPLAY_TIC|tic=3442|mle_ms=66.048|monotonic_ms=70|clock_delta_ms=3.952
|clock_suspect=0
PMLE_LIVE_REPLAY_TIC|tic=3443|mle_ms=89.668|monotonic_ms=90|clock_delta_ms=.332|
clock_suspect=0
PMLE_LIVE_REPLAY_TIC|tic=3444|mle_ms=44.156|monotonic_ms=40|clock_delta_ms=4.156
|clock_suspect=0
PMLE_LIVE_REPLAY_TIC|tic=3445|mle_ms=80.503|monotonic_ms=80|clock_delta_ms=.503|
clock_suspect=0
PMLE_LIVE_REPLAY_TIC|tic=3446|mle_ms=89.862|monotonic_ms=90|clock_delta_ms=.138|
clock_suspect=0
PMLE_LIVE_REPLAY_TIC|tic=3447|mle_ms=30.63|monotonic_ms=40|clock_delta_ms=9.37|c
lock_suspect=0
PMLE_LIVE_REPLAY_TIC|tic=3448|mle_ms=77.193|monotonic_ms=70|clock_delta_ms=7.193
|clock_suspect=0
PMLE_LIVE_REPLAY_TIC|tic=3449|mle_ms=100.983|monotonic_ms=100|clock_delta_ms=.98
3|clock_suspect=0
PMLE_LIVE_REPLAY_TIC|tic=3450|mle_ms=34.788|monotonic_ms=40|clock_delta_ms=5.212
|clock_suspect=0
PMLE_LIVE_REPLAY_TIC|tic=3451|mle_ms=89.579|monotonic_ms=90|clock_delta_ms=.421|
clock_suspect=0
PMLE_LIVE_REPLAY_TIC|tic=3452|mle_ms=61.262|monotonic_ms=60|clock_delta_ms=1.262
|clock_suspect=0
PMLE_LIVE_REPLAY_TIC|tic=3453|mle_ms=55.878|monotonic_ms=60|clock_delta_ms=4.122
|clock_suspect=0
PMLE_LIVE_REPLAY_TIC|tic=3454|mle_ms=83.277|monotonic_ms=80|clock_delta_ms=3.277
|clock_suspect=0
PMLE_LIVE_REPLAY_TIC|tic=3455|mle_ms=71.35|monotonic_ms=70|clock_delta_ms=1.35|c
lock_suspect=0
PMLE_LIVE_REPLAY_TIC|tic=3456|mle_ms=64.726|monotonic_ms=70|clock_delta_ms=5.274
|clock_suspect=0
PMLE_LIVE_REPLAY_TIC|tic=3457|mle_ms=75.111|monotonic_ms=70|clock_delta_ms=5.111
|clock_suspect=0
PMLE_LIVE_REPLAY_TIC|tic=3458|mle_ms=75.513|monotonic_ms=80|clock_delta_ms=4.487
|clock_suspect=0
PMLE_LIVE_REPLAY_TIC|tic=3459|mle_ms=33.647|monotonic_ms=30|clock_delta_ms=3.647
|clock_suspect=0
PMLE_LIVE_REPLAY_TIC|tic=3460|mle_ms=323.153|monotonic_ms=320|clock_delta_ms=3.1
53|clock_suspect=0
PMLE_LIVE_REPLAY_TIC|tic=3461|mle_ms=82.785|monotonic_ms=90|clock_delta_ms=7.215
|clock_suspect=0
PMLE_LIVE_REPLAY_TIC|tic=3462|mle_ms=29.503|monotonic_ms=30|clock_delta_ms=.497|
clock_suspect=0
PMLE_LIVE_REPLAY_TIC|tic=3463|mle_ms=286.678|monotonic_ms=280|clock_delta_ms=6.6
78|clock_suspect=0
PMLE_LIVE_REPLAY_TIC|tic=3464|mle_ms=99.472|monotonic_ms=100|clock_delta_ms=.528
|clock_suspect=0
PMLE_LIVE_REPLAY_TIC|tic=3465|mle_ms=30.991|monotonic_ms=30|clock_delta_ms=.991|
clock_suspect=0
PMLE_LIVE_REPLAY_TIC|tic=3466|mle_ms=292.405|monotonic_ms=300|clock_delta_ms=7.5
95|clock_suspect=0
PMLE_LIVE_REPLAY_TIC|tic=3467|mle_ms=78.554|monotonic_ms=70|clock_delta_ms=8.554
|clock_suspect=0
PMLE_LIVE_REPLAY_TIC|tic=3468|mle_ms=39.226|monotonic_ms=40|clock_delta_ms=.774|
clock_suspect=0
PMLE_LIVE_REPLAY_TIC|tic=3469|mle_ms=288.755|monotonic_ms=290|clock_delta_ms=1.2
45|clock_suspect=0
PMLE_LIVE_REPLAY_TIC|tic=3470|mle_ms=116.204|monotonic_ms=120|clock_delta_ms=3.7
96|clock_suspect=0
PMLE_LIVE_REPLAY_TIC|tic=3471|mle_ms=49.756|monotonic_ms=50|clock_delta_ms=.244|
clock_suspect=0
PMLE_LIVE_REPLAY_TIC|tic=3472|mle_ms=267.235|monotonic_ms=270|clock_delta_ms=2.7
65|clock_suspect=0
PMLE_LIVE_REPLAY_TIC|tic=3473|mle_ms=111.953|monotonic_ms=110|clock_delta_ms=1.9
53|clock_suspect=0
PMLE_LIVE_REPLAY_TIC|tic=3474|mle_ms=62.292|monotonic_ms=60|clock_delta_ms=2.292
|clock_suspect=0
PMLE_LIVE_REPLAY_TIC|tic=3475|mle_ms=276.596|monotonic_ms=280|clock_delta_ms=3.4
04|clock_suspect=0
PMLE_LIVE_REPLAY_TIC|tic=3476|mle_ms=127.262|monotonic_ms=120|clock_delta_ms=7.2
62|clock_suspect=0
PMLE_LIVE_REPLAY_TIC|tic=3477|mle_ms=53.346|monotonic_ms=60|clock_delta_ms=6.654
|clock_suspect=0
PMLE_LIVE_REPLAY_TIC|tic=3478|mle_ms=94.958|monotonic_ms=90|clock_delta_ms=4.958
|clock_suspect=0
PMLE_LIVE_REPLAY_TIC|tic=3479|mle_ms=99.873|monotonic_ms=100|clock_delta_ms=.127
|clock_suspect=0
PMLE_LIVE_REPLAY_TIC|tic=3480|mle_ms=55.787|monotonic_ms=60|clock_delta_ms=4.213
|clock_suspect=0
PMLE_LIVE_REPLAY_TIC|tic=3481|mle_ms=123.125|monotonic_ms=120|clock_delta_ms=3.1
25|clock_suspect=0
PMLE_LIVE_REPLAY_TIC|tic=3482|mle_ms=95.26|monotonic_ms=100|clock_delta_ms=4.74|
clock_suspect=0
PMLE_LIVE_REPLAY_TIC|tic=3483|mle_ms=69.522|monotonic_ms=70|clock_delta_ms=.478|
clock_suspect=0
PMLE_LIVE_REPLAY_TIC|tic=3484|mle_ms=119.493|monotonic_ms=120|clock_delta_ms=.50
7|clock_suspect=0
PMLE_LIVE_REPLAY_TIC|tic=3485|mle_ms=90.641|monotonic_ms=90|clock_delta_ms=.641|
clock_suspect=0
PMLE_LIVE_REPLAY_TIC|tic=3486|mle_ms=74.943|monotonic_ms=70|clock_delta_ms=4.943
|clock_suspect=0
PMLE_LIVE_REPLAY_TIC|tic=3487|mle_ms=74.348|monotonic_ms=80|clock_delta_ms=5.652
|clock_suspect=0
PMLE_LIVE_REPLAY_TIC|tic=3488|mle_ms=82.124|monotonic_ms=80|clock_delta_ms=2.124
|clock_suspect=0
PMLE_LIVE_REPLAY_TIC|tic=3489|mle_ms=46.058|monotonic_ms=40|clock_delta_ms=6.058
|clock_suspect=0
PMLE_LIVE_REPLAY_TIC|tic=3490|mle_ms=98.077|monotonic_ms=100|clock_delta_ms=1.92
3|clock_suspect=0
PMLE_LIVE_REPLAY_TIC|tic=3491|mle_ms=80.078|monotonic_ms=80|clock_delta_ms=.078|
clock_suspect=0
PMLE_LIVE_REPLAY_TIC|tic=3492|mle_ms=33.18|monotonic_ms=40|clock_delta_ms=6.82|c
lock_suspect=0
PMLE_LIVE_REPLAY_TIC|tic=3493|mle_ms=86.837|monotonic_ms=80|clock_delta_ms=6.837
|clock_suspect=0
PMLE_LIVE_REPLAY_TIC|tic=3494|mle_ms=78.638|monotonic_ms=80|clock_delta_ms=1.362
|clock_suspect=0
PMLE_LIVE_REPLAY_TIC|tic=3495|mle_ms=33.288|monotonic_ms=40|clock_delta_ms=6.712
|clock_suspect=0
PMLE_LIVE_REPLAY_TIC|tic=3496|mle_ms=99.131|monotonic_ms=90|clock_delta_ms=9.131
|clock_suspect=0
PMLE_LIVE_REPLAY_TIC|tic=3497|mle_ms=66.668|monotonic_ms=70|clock_delta_ms=3.332
|clock_suspect=0
PMLE_LIVE_REPLAY_TIC|tic=3498|mle_ms=31.328|monotonic_ms=30|clock_delta_ms=1.328
|clock_suspect=0
PMLE_LIVE_REPLAY_TIC|tic=3499|mle_ms=71.523|monotonic_ms=70|clock_delta_ms=1.523
|clock_suspect=0
PMLE_LIVE_REPLAY_TIC|tic=3500|mle_ms=69.325|monotonic_ms=70|clock_delta_ms=.675|
clock_suspect=0
PMLE_LIVE_REPLAY_TIC|tic=3501|mle_ms=48.411|monotonic_ms=50|clock_delta_ms=1.589
|clock_suspect=0
PMLE_LIVE_REPLAY_TIC|tic=3502|mle_ms=74.221|monotonic_ms=70|clock_delta_ms=4.221
|clock_suspect=0
PMLE_LIVE_REPLAY_TIC|tic=3503|mle_ms=102.243|monotonic_ms=110|clock_delta_ms=7.7
57|clock_suspect=0
PMLE_LIVE_REPLAY_TIC|tic=3504|mle_ms=53.567|monotonic_ms=50|clock_delta_ms=3.567
|clock_suspect=0
PMLE_LIVE_REPLAY_TIC|tic=3505|mle_ms=92.429|monotonic_ms=90|clock_delta_ms=2.429
|clock_suspect=0
PMLE_LIVE_REPLAY_TIC|tic=3506|mle_ms=87.127|monotonic_ms=90|clock_delta_ms=2.873
|clock_suspect=0
PMLE_LIVE_REPLAY_TIC|tic=3507|mle_ms=41.838|monotonic_ms=40|clock_delta_ms=1.838
|clock_suspect=0
PMLE_LIVE_REPLAY_TIC|tic=3508|mle_ms=77.009|monotonic_ms=80|clock_delta_ms=2.991
|clock_suspect=0
PMLE_LIVE_REPLAY_TIC|tic=3509|mle_ms=85.695|monotonic_ms=80|clock_delta_ms=5.695
|clock_suspect=0
PMLE_LIVE_REPLAY_TIC|tic=3510|mle_ms=50.873|monotonic_ms=60|clock_delta_ms=9.127
|clock_suspect=0
PMLE_LIVE_REPLAY_TIC|tic=3511|mle_ms=96.071|monotonic_ms=90|clock_delta_ms=6.071
|clock_suspect=0
PMLE_LIVE_REPLAY_TIC|tic=3512|mle_ms=96.52|monotonic_ms=100|clock_delta_ms=3.48|
clock_suspect=0
PMLE_LIVE_REPLAY_TIC|tic=3513|mle_ms=68.971|monotonic_ms=70|clock_delta_ms=1.029
|clock_suspect=0
PMLE_LIVE_REPLAY_TIC|tic=3514|mle_ms=107.301|monotonic_ms=100|clock_delta_ms=7.3
01|clock_suspect=0
PMLE_LIVE_REPLAY_TIC|tic=3515|mle_ms=92.312|monotonic_ms=100|clock_delta_ms=7.68
8|clock_suspect=0
PMLE_LIVE_REPLAY_TIC|tic=3516|mle_ms=76.979|monotonic_ms=70|clock_delta_ms=6.979
|clock_suspect=0
PMLE_LIVE_REPLAY_TIC|tic=3517|mle_ms=74.703|monotonic_ms=80|clock_delta_ms=5.297
|clock_suspect=0
PMLE_LIVE_REPLAY_TIC|tic=3518|mle_ms=83.788|monotonic_ms=80|clock_delta_ms=3.788
|clock_suspect=0
PMLE_LIVE_REPLAY_TIC|tic=3519|mle_ms=38.297|monotonic_ms=40|clock_delta_ms=1.703
|clock_suspect=0
PMLE_LIVE_REPLAY_TIC|tic=3520|mle_ms=62.7|monotonic_ms=60|clock_delta_ms=2.7|clo
ck_suspect=0
PMLE_LIVE_REPLAY_TIC|tic=3521|mle_ms=73.321|monotonic_ms=80|clock_delta_ms=6.679
|clock_suspect=0
PMLE_LIVE_REPLAY_TIC|tic=3522|mle_ms=26.802|monotonic_ms=20|clock_delta_ms=6.802
|clock_suspect=0
PMLE_LIVE_REPLAY_TIC|tic=3523|mle_ms=80.019|monotonic_ms=80|clock_delta_ms=.019|
clock_suspect=0
PMLE_LIVE_REPLAY_TIC|tic=3524|mle_ms=79.151|monotonic_ms=80|clock_delta_ms=.849|
clock_suspect=0
PMLE_LIVE_REPLAY_TIC|tic=3525|mle_ms=15.866|monotonic_ms=20|clock_delta_ms=4.134
|clock_suspect=0
PMLE_LIVE_REPLAY_TIC|tic=3526|mle_ms=71.707|monotonic_ms=70|clock_delta_ms=1.707
|clock_suspect=0
PMLE_LIVE_REPLAY_TIC|tic=3527|mle_ms=43.952|monotonic_ms=50|clock_delta_ms=6.048
|clock_suspect=0
PMLE_LIVE_REPLAY_TIC|tic=3528|mle_ms=11.049|monotonic_ms=10|clock_delta_ms=1.049
|clock_suspect=0
PMLE_LIVE_REPLAY_TIC|tic=3529|mle_ms=62.299|monotonic_ms=60|clock_delta_ms=2.299
|clock_suspect=0
PMLE_LIVE_REPLAY_TIC|tic=3530|mle_ms=38.817|monotonic_ms=40|clock_delta_ms=1.183
|clock_suspect=0
PMLE_LIVE_REPLAY_TIC|tic=3531|mle_ms=21.945|monotonic_ms=20|clock_delta_ms=1.945
|clock_suspect=0
PMLE_LIVE_REPLAY_TIC|tic=3532|mle_ms=52.206|monotonic_ms=50|clock_delta_ms=2.206
|clock_suspect=0
PMLE_LIVE_REPLAY_TIC|tic=3533|mle_ms=77.683|monotonic_ms=80|clock_delta_ms=2.317
|clock_suspect=0
PMLE_LIVE_REPLAY_TIC|tic=3534|mle_ms=24.696|monotonic_ms=20|clock_delta_ms=4.696
|clock_suspect=0
PMLE_LIVE_REPLAY_TIC|tic=3535|mle_ms=65.749|monotonic_ms=70|clock_delta_ms=4.251
|clock_suspect=0
PMLE_LIVE_REPLAY_TIC|tic=3536|mle_ms=74.925|monotonic_ms=80|clock_delta_ms=5.075
|clock_suspect=0
PMLE_LIVE_REPLAY_TIC|tic=3537|mle_ms=9.176|monotonic_ms=0|clock_delta_ms=9.176|c
lock_suspect=0
PMLE_LIVE_REPLAY_TIC|tic=3538|mle_ms=46.063|monotonic_ms=50|clock_delta_ms=3.937
|clock_suspect=0
PMLE_LIVE_REPLAY_TIC|tic=3539|mle_ms=48.494|monotonic_ms=50|clock_delta_ms=1.506
|clock_suspect=0
PMLE_LIVE_REPLAY_TIC|tic=3540|mle_ms=10.171|monotonic_ms=10|clock_delta_ms=.171|
clock_suspect=0
PMLE_LIVE_REPLAY_TIC|tic=3541|mle_ms=74.529|monotonic_ms=70|clock_delta_ms=4.529
|clock_suspect=0
PMLE_LIVE_REPLAY_TIC|tic=3542|mle_ms=47.747|monotonic_ms=50|clock_delta_ms=2.253
|clock_suspect=0
PMLE_LIVE_REPLAY_TIC|tic=3543|mle_ms=27.157|monotonic_ms=30|clock_delta_ms=2.843
|clock_suspect=0
PMLE_LIVE_REPLAY_TIC|tic=3544|mle_ms=64.45|monotonic_ms=60|clock_delta_ms=4.45|c
lock_suspect=0
PMLE_LIVE_REPLAY_TIC|tic=3545|mle_ms=53.764|monotonic_ms=60|clock_delta_ms=6.236
|clock_suspect=0
PMLE_LIVE_REPLAY_TIC|tic=3546|mle_ms=39.714|monotonic_ms=40|clock_delta_ms=.286|
clock_suspect=0
PMLE_LIVE_REPLAY_TIC|tic=3547|mle_ms=65.524|monotonic_ms=60|clock_delta_ms=5.524
|clock_suspect=0
PMLE_LIVE_REPLAY_TIC|tic=3548|mle_ms=50.891|monotonic_ms=50|clock_delta_ms=.891|
clock_suspect=0
PMLE_LIVE_REPLAY_TIC|tic=3549|mle_ms=14.544|monotonic_ms=20|clock_delta_ms=5.456
|clock_suspect=0
PMLE_LIVE_REPLAY_TIC|tic=3550|mle_ms=52.76|monotonic_ms=50|clock_delta_ms=2.76|c
lock_suspect=0
PMLE_LIVE_REPLAY_TIC|tic=3551|mle_ms=71.655|monotonic_ms=70|clock_delta_ms=1.655
|clock_suspect=0
PMLE_LIVE_REPLAY_TIC|tic=3552|mle_ms=13.619|monotonic_ms=20|clock_delta_ms=6.381
|clock_suspect=0
PMLE_LIVE_REPLAY_TIC|tic=3553|mle_ms=60.937|monotonic_ms=60|clock_delta_ms=.937|
clock_suspect=0
PMLE_LIVE_REPLAY_TIC|tic=3554|mle_ms=57.488|monotonic_ms=60|clock_delta_ms=2.512
|clock_suspect=0
PMLE_LIVE_REPLAY_TIC|tic=3555|mle_ms=14.169|monotonic_ms=10|clock_delta_ms=4.169
|clock_suspect=0
PMLE_LIVE_REPLAY_TIC|tic=3556|mle_ms=66.108|monotonic_ms=70|clock_delta_ms=3.892
|clock_suspect=0
PMLE_LIVE_REPLAY_TIC|tic=3557|mle_ms=47.848|monotonic_ms=40|clock_delta_ms=7.848
|clock_suspect=0
PMLE_LIVE_REPLAY_TIC|tic=3558|mle_ms=10.599|monotonic_ms=10|clock_delta_ms=.599|
clock_suspect=0
PMLE_LIVE_REPLAY_TIC|tic=3559|mle_ms=34.604|monotonic_ms=40|clock_delta_ms=5.396
|clock_suspect=0
PMLE_LIVE_REPLAY_TIC|tic=3560|mle_ms=44.12|monotonic_ms=40|clock_delta_ms=4.12|c
lock_suspect=0
PMLE_LIVE_REPLAY_TIC|tic=3561|mle_ms=22.911|monotonic_ms=30|clock_delta_ms=7.089
|clock_suspect=0
PMLE_LIVE_REPLAY_TIC|tic=3562|mle_ms=34.354|monotonic_ms=30|clock_delta_ms=4.354
|clock_suspect=0
PMLE_LIVE_REPLAY_TIC|tic=3563|mle_ms=68.889|monotonic_ms=70|clock_delta_ms=1.111
|clock_suspect=0
PMLE_LIVE_REPLAY_TIC|tic=3564|mle_ms=19.183|monotonic_ms=20|clock_delta_ms=.817|
clock_suspect=0
PMLE_LIVE_REPLAY_TIC|tic=3565|mle_ms=38.579|monotonic_ms=40|clock_delta_ms=1.421
|clock_suspect=0
PMLE_LIVE_REPLAY_TIC|tic=3566|mle_ms=118.153|monotonic_ms=120|clock_delta_ms=1.8
47|clock_suspect=0
PMLE_LIVE_REPLAY_TIC|tic=3567|mle_ms=12.13|monotonic_ms=10|clock_delta_ms=2.13|c
lock_suspect=0
PMLE_LIVE_REPLAY_TIC|tic=3568|mle_ms=37.971|monotonic_ms=40|clock_delta_ms=2.029
|clock_suspect=0
PMLE_LIVE_REPLAY_TIC|tic=3569|mle_ms=50.207|monotonic_ms=50|clock_delta_ms=.207|
clock_suspect=0
PMLE_LIVE_REPLAY_TIC|tic=3570|mle_ms=12.148|monotonic_ms=10|clock_delta_ms=2.148
|clock_suspect=0
PMLE_LIVE_REPLAY_TIC|tic=3571|mle_ms=44.166|monotonic_ms=40|clock_delta_ms=4.166
|clock_suspect=0
PMLE_LIVE_REPLAY_TIC|tic=3572|mle_ms=51.515|monotonic_ms=50|clock_delta_ms=1.515
|clock_suspect=0
PMLE_LIVE_REPLAY_TIC|tic=3573|mle_ms=27.903|monotonic_ms=30|clock_delta_ms=2.097
|clock_suspect=0
PMLE_LIVE_REPLAY_TIC|tic=3574|mle_ms=61.177|monotonic_ms=60|clock_delta_ms=1.177
|clock_suspect=0
PMLE_LIVE_REPLAY_TIC|tic=3575|mle_ms=45.508|monotonic_ms=50|clock_delta_ms=4.492
|clock_suspect=0
PMLE_LIVE_REPLAY_TIC|tic=3576|mle_ms=32.949|monotonic_ms=30|clock_delta_ms=2.949
|clock_suspect=0
PMLE_LIVE_REPLAY_TIC|tic=3577|mle_ms=52.184|monotonic_ms=50|clock_delta_ms=2.184
|clock_suspect=0
PMLE_LIVE_REPLAY_TIC|tic=3578|mle_ms=44.287|monotonic_ms=50|clock_delta_ms=5.713
|clock_suspect=0
PMLE_LIVE_REPLAY_TIC|tic=3579|mle_ms=11.467|monotonic_ms=10|clock_delta_ms=1.467
|clock_suspect=0
PMLE_LIVE_REPLAY_TIC|tic=3580|mle_ms=35.413|monotonic_ms=40|clock_delta_ms=4.587
|clock_suspect=0
PMLE_LIVE_REPLAY_TIC|tic=3581|mle_ms=54.329|monotonic_ms=50|clock_delta_ms=4.329
|clock_suspect=0
PMLE_LIVE_REPLAY_TIC|tic=3582|mle_ms=10.969|monotonic_ms=10|clock_delta_ms=.969|
clock_suspect=0
PMLE_LIVE_REPLAY_TIC|tic=3583|mle_ms=56.184|monotonic_ms=60|clock_delta_ms=3.816
|clock_suspect=0
PMLE_LIVE_REPLAY_TIC|tic=3584|mle_ms=55.078|monotonic_ms=50|clock_delta_ms=5.078
|clock_suspect=0
PMLE_LIVE_REPLAY_TIC|tic=3585|mle_ms=8.994|monotonic_ms=10|clock_delta_ms=1.006|
clock_suspect=0
PMLE_LIVE_REPLAY_TIC|tic=3586|mle_ms=58.177|monotonic_ms=60|clock_delta_ms=1.823
|clock_suspect=0
PMLE_LIVE_REPLAY_TIC|tic=3587|mle_ms=41.361|monotonic_ms=40|clock_delta_ms=1.361
|clock_suspect=0
PMLE_LIVE_REPLAY_TIC|tic=3588|mle_ms=9.765|monotonic_ms=10|clock_delta_ms=.235|c
lock_suspect=0
PMLE_LIVE_REPLAY_TIC|tic=3589|mle_ms=38.091|monotonic_ms=40|clock_delta_ms=1.909
|clock_suspect=0
PMLE_LIVE_REPLAY_TIC|tic=3590|mle_ms=52.375|monotonic_ms=50|clock_delta_ms=2.375
|clock_suspect=0
PMLE_LIVE_REPLAY_TIC|tic=3591|mle_ms=22.084|monotonic_ms=20|clock_delta_ms=2.084
|clock_suspect=0
PMLE_LIVE_REPLAY_TIC|tic=3592|mle_ms=32.89|monotonic_ms=40|clock_delta_ms=7.11|c
lock_suspect=0
PMLE_LIVE_REPLAY_TIC|tic=3593|mle_ms=73.356|monotonic_ms=70|clock_delta_ms=3.356
|clock_suspect=0
PMLE_LIVE_REPLAY_TIC|tic=3594|mle_ms=19.87|monotonic_ms=20|clock_delta_ms=.13|cl
ock_suspect=0
PMLE_LIVE_REPLAY_TIC|tic=3595|mle_ms=32.99|monotonic_ms=30|clock_delta_ms=2.99|c
lock_suspect=0
PMLE_LIVE_REPLAY_TIC|tic=3596|mle_ms=64.115|monotonic_ms=70|clock_delta_ms=5.885
|clock_suspect=0
PMLE_LIVE_REPLAY_TIC|tic=3597|mle_ms=7.061|monotonic_ms=10|clock_delta_ms=2.939|
clock_suspect=0
PMLE_LIVE_REPLAY_TIC|tic=3598|mle_ms=58.533|monotonic_ms=50|clock_delta_ms=8.533
|clock_suspect=0
PMLE_LIVE_REPLAY_TIC|tic=3599|mle_ms=41.867|monotonic_ms=50|clock_delta_ms=8.133
|clock_suspect=0
PMLE_LIVE_REPLAY_TIC|tic=3600|mle_ms=8.051|monotonic_ms=0|clock_delta_ms=8.051|c
lock_suspect=0
PMLE_LIVE_REPLAY_TIC|tic=3601|mle_ms=54.189|monotonic_ms=60|clock_delta_ms=5.811
|clock_suspect=0
PMLE_LIVE_REPLAY_TIC|tic=3602|mle_ms=60.714|monotonic_ms=60|clock_delta_ms=.714|
clock_suspect=0
PMLE_LIVE_REPLAY_TIC|tic=3603|mle_ms=28.771|monotonic_ms=20|clock_delta_ms=8.771
|clock_suspect=0
PMLE_LIVE_REPLAY_TIC|tic=3604|mle_ms=78.409|monotonic_ms=80|clock_delta_ms=1.591
|clock_suspect=0
PMLE_LIVE_REPLAY_TIC|tic=3605|mle_ms=45.52|monotonic_ms=50|clock_delta_ms=4.48|c
lock_suspect=0
PMLE_LIVE_REPLAY_TIC|tic=3606|mle_ms=32.346|monotonic_ms=30|clock_delta_ms=2.346
|clock_suspect=0
PMLE_LIVE_REPLAY_TIC|tic=3607|mle_ms=36.463|monotonic_ms=40|clock_delta_ms=3.537
|clock_suspect=0
PMLE_LIVE_REPLAY_TIC|tic=3608|mle_ms=39.945|monotonic_ms=40|clock_delta_ms=.055|
clock_suspect=0
PMLE_LIVE_REPLAY_TIC|tic=3609|mle_ms=9.225|monotonic_ms=10|clock_delta_ms=.775|c
lock_suspect=0
PMLE_LIVE_REPLAY_TIC|tic=3610|mle_ms=32.484|monotonic_ms=30|clock_delta_ms=2.484
|clock_suspect=0
PMLE_LIVE_REPLAY_TIC|tic=3611|mle_ms=73.31|monotonic_ms=70|clock_delta_ms=3.31|c
lock_suspect=0
PMLE_LIVE_REPLAY_TIC|tic=3612|mle_ms=9.983|monotonic_ms=10|clock_delta_ms=.017|c
lock_suspect=0
PMLE_LIVE_REPLAY_TIC|tic=3613|mle_ms=47.441|monotonic_ms=50|clock_delta_ms=2.559
|clock_suspect=0
PMLE_LIVE_REPLAY_TIC|tic=3614|mle_ms=45.034|monotonic_ms=50|clock_delta_ms=4.966
|clock_suspect=0
PMLE_LIVE_REPLAY_TIC|tic=3615|mle_ms=7.84|monotonic_ms=0|clock_delta_ms=7.84|clo
ck_suspect=0
PMLE_LIVE_REPLAY_TIC|tic=3616|mle_ms=51.534|monotonic_ms=60|clock_delta_ms=8.466
|clock_suspect=0
PMLE_LIVE_REPLAY_TIC|tic=3617|mle_ms=42.476|monotonic_ms=40|clock_delta_ms=2.476
|clock_suspect=0
PMLE_LIVE_REPLAY_TIC|tic=3618|mle_ms=10.438|monotonic_ms=10|clock_delta_ms=.438|
clock_suspect=0
PMLE_LIVE_REPLAY_TIC|tic=3619|mle_ms=39.653|monotonic_ms=40|clock_delta_ms=.347|
clock_suspect=0
PMLE_LIVE_REPLAY_TIC|tic=3620|mle_ms=61.289|monotonic_ms=60|clock_delta_ms=1.289
|clock_suspect=0
PMLE_LIVE_REPLAY_TIC|tic=3621|mle_ms=20.882|monotonic_ms=20|clock_delta_ms=.882|
clock_suspect=0
PMLE_LIVE_REPLAY_TIC|tic=3622|mle_ms=38.992|monotonic_ms=40|clock_delta_ms=1.008
|clock_suspect=0
PMLE_LIVE_REPLAY_TIC|tic=3623|mle_ms=60.884|monotonic_ms=60|clock_delta_ms=.884|
clock_suspect=0
PMLE_LIVE_REPLAY_TIC|tic=3624|mle_ms=17.011|monotonic_ms=20|clock_delta_ms=2.989
|clock_suspect=0
PMLE_LIVE_REPLAY_TIC|tic=3625|mle_ms=30.678|monotonic_ms=30|clock_delta_ms=.678|
clock_suspect=0
PMLE_LIVE_REPLAY_TIC|tic=3626|mle_ms=66.383|monotonic_ms=60|clock_delta_ms=6.383
|clock_suspect=0
PMLE_LIVE_REPLAY_TIC|tic=3627|mle_ms=7.908|monotonic_ms=10|clock_delta_ms=2.092|
clock_suspect=0
PMLE_LIVE_REPLAY_TIC|tic=3628|mle_ms=54.529|monotonic_ms=60|clock_delta_ms=5.471
|clock_suspect=0
PMLE_LIVE_REPLAY_TIC|tic=3629|mle_ms=58.5|monotonic_ms=60|clock_delta_ms=1.5|clo
ck_suspect=0
PMLE_LIVE_REPLAY_TIC|tic=3630|mle_ms=9.76|monotonic_ms=10|clock_delta_ms=.24|clo
ck_suspect=0
PMLE_LIVE_REPLAY_TIC|tic=3631|mle_ms=49.205|monotonic_ms=50|clock_delta_ms=.795|
clock_suspect=0
PMLE_LIVE_REPLAY_TIC|tic=3632|mle_ms=47.183|monotonic_ms=40|clock_delta_ms=7.183
|clock_suspect=0
PMLE_LIVE_REPLAY_TIC|tic=3633|mle_ms=27.317|monotonic_ms=30|clock_delta_ms=2.683
|clock_suspect=0
PMLE_LIVE_REPLAY_TIC|tic=3634|mle_ms=47.096|monotonic_ms=50|clock_delta_ms=2.904
|clock_suspect=0
PMLE_LIVE_REPLAY_TIC|tic=3635|mle_ms=59.78|monotonic_ms=60|clock_delta_ms=.22|cl
ock_suspect=0
PMLE_LIVE_REPLAY_TIC|tic=3636|mle_ms=43.271|monotonic_ms=40|clock_delta_ms=3.271
|clock_suspect=0
PMLE_LIVE_REPLAY_TIC|tic=3637|mle_ms=37.557|monotonic_ms=40|clock_delta_ms=2.443
|clock_suspect=0
PMLE_LIVE_REPLAY_TIC|tic=3638|mle_ms=55.187|monotonic_ms=50|clock_delta_ms=5.187
|clock_suspect=0
PMLE_LIVE_REPLAY_TIC|tic=3639|mle_ms=12.486|monotonic_ms=20|clock_delta_ms=7.514
|clock_suspect=0
PMLE_LIVE_REPLAY_TIC|tic=3640|mle_ms=38.316|monotonic_ms=30|clock_delta_ms=8.316
|clock_suspect=0
PMLE_LIVE_REPLAY_TIC|tic=3641|mle_ms=77.016|monotonic_ms=80|clock_delta_ms=2.984
|clock_suspect=0
PMLE_LIVE_REPLAY_TIC|tic=3642|mle_ms=11.668|monotonic_ms=10|clock_delta_ms=1.668
|clock_suspect=0
PMLE_LIVE_REPLAY_TIC|tic=3643|mle_ms=57.224|monotonic_ms=60|clock_delta_ms=2.776
|clock_suspect=0
PMLE_LIVE_REPLAY_TIC|tic=3644|mle_ms=57.997|monotonic_ms=60|clock_delta_ms=2.003
|clock_suspect=0
PMLE_LIVE_REPLAY_TIC|tic=3645|mle_ms=8.37|monotonic_ms=10|clock_delta_ms=1.63|cl
ock_suspect=0
PMLE_LIVE_REPLAY_TIC|tic=3646|mle_ms=56.19|monotonic_ms=50|clock_delta_ms=6.19|c
lock_suspect=0
PMLE_LIVE_REPLAY_TIC|tic=3647|mle_ms=46.607|monotonic_ms=50|clock_delta_ms=3.393
|clock_suspect=0
PMLE_LIVE_REPLAY_TIC|tic=3648|mle_ms=7.821|monotonic_ms=10|clock_delta_ms=2.179|
clock_suspect=0
PMLE_LIVE_REPLAY_TIC|tic=3649|mle_ms=35.932|monotonic_ms=30|clock_delta_ms=5.932
|clock_suspect=0
PMLE_LIVE_REPLAY_TIC|tic=3650|mle_ms=44.053|monotonic_ms=50|clock_delta_ms=5.947
|clock_suspect=0
PMLE_LIVE_REPLAY_TIC|tic=3651|mle_ms=21.921|monotonic_ms=20|clock_delta_ms=1.921
|clock_suspect=0
PMLE_LIVE_REPLAY_TIC|tic=3652|mle_ms=47.482|monotonic_ms=50|clock_delta_ms=2.518
|clock_suspect=0
PMLE_LIVE_REPLAY_TIC|tic=3653|mle_ms=62.407|monotonic_ms=60|clock_delta_ms=2.407
|clock_suspect=0
PMLE_LIVE_REPLAY_TIC|tic=3654|mle_ms=18.683|monotonic_ms=20|clock_delta_ms=1.317
|clock_suspect=0
PMLE_LIVE_REPLAY_TIC|tic=3655|mle_ms=48.829|monotonic_ms=50|clock_delta_ms=1.171
|clock_suspect=0
PMLE_LIVE_REPLAY_TIC|tic=3656|mle_ms=76.589|monotonic_ms=70|clock_delta_ms=6.589
|clock_suspect=0
PMLE_LIVE_REPLAY_TIC|tic=3657|mle_ms=7.706|monotonic_ms=10|clock_delta_ms=2.294|
clock_suspect=0
PMLE_LIVE_REPLAY_TIC|tic=3658|mle_ms=51.761|monotonic_ms=50|clock_delta_ms=1.761
|clock_suspect=0
PMLE_LIVE_REPLAY_TIC|tic=3659|mle_ms=62.208|monotonic_ms=70|clock_delta_ms=7.792
|clock_suspect=0
PMLE_LIVE_REPLAY_TIC|tic=3660|mle_ms=10.021|monotonic_ms=10|clock_delta_ms=.021|
clock_suspect=0
PMLE_LIVE_REPLAY_TIC|tic=3661|mle_ms=60.727|monotonic_ms=60|clock_delta_ms=.727|
clock_suspect=0
PMLE_LIVE_REPLAY_TIC|tic=3662|mle_ms=43.49|monotonic_ms=40|clock_delta_ms=3.49|c
lock_suspect=0
PMLE_LIVE_REPLAY_TIC|tic=3663|mle_ms=26.849|monotonic_ms=30|clock_delta_ms=3.151
|clock_suspect=0
PMLE_LIVE_REPLAY_TIC|tic=3664|mle_ms=54.63|monotonic_ms=50|clock_delta_ms=4.63|c
lock_suspect=0
PMLE_LIVE_REPLAY_TIC|tic=3665|mle_ms=60.848|monotonic_ms=60|clock_delta_ms=.848|
clock_suspect=0
PMLE_LIVE_REPLAY_TIC|tic=3666|mle_ms=32.258|monotonic_ms=40|clock_delta_ms=7.742
|clock_suspect=0
PMLE_LIVE_REPLAY_TIC|tic=3667|mle_ms=44.191|monotonic_ms=40|clock_delta_ms=4.191
|clock_suspect=0
PMLE_LIVE_REPLAY_TIC|tic=3668|mle_ms=61.666|monotonic_ms=60|clock_delta_ms=1.666
|clock_suspect=0
PMLE_LIVE_REPLAY_TIC|tic=3669|mle_ms=9.484|monotonic_ms=10|clock_delta_ms=.516|c
lock_suspect=0
PMLE_LIVE_REPLAY_TIC|tic=3670|mle_ms=35.108|monotonic_ms=40|clock_delta_ms=4.892
|clock_suspect=0
PMLE_LIVE_REPLAY_TIC|tic=3671|mle_ms=53.667|monotonic_ms=50|clock_delta_ms=3.667
|clock_suspect=0
PMLE_LIVE_REPLAY_TIC|tic=3672|mle_ms=9.616|monotonic_ms=10|clock_delta_ms=.384|c
lock_suspect=0
PMLE_LIVE_REPLAY_TIC|tic=3673|mle_ms=51.634|monotonic_ms=50|clock_delta_ms=1.634
|clock_suspect=0
PMLE_LIVE_REPLAY_TIC|tic=3674|mle_ms=50.396|monotonic_ms=50|clock_delta_ms=.396|
clock_suspect=0
PMLE_LIVE_REPLAY_TIC|tic=3675|mle_ms=8.268|monotonic_ms=10|clock_delta_ms=1.732|
clock_suspect=0
PMLE_LIVE_REPLAY_TIC|tic=3676|mle_ms=54.34|monotonic_ms=50|clock_delta_ms=4.34|c
lock_suspect=0
PMLE_LIVE_REPLAY_TIC|tic=3677|mle_ms=47.176|monotonic_ms=50|clock_delta_ms=2.824
|clock_suspect=0
PMLE_LIVE_REPLAY_TIC|tic=3678|mle_ms=10.251|monotonic_ms=10|clock_delta_ms=.251|
clock_suspect=0
PMLE_LIVE_REPLAY_TIC|tic=3679|mle_ms=38.088|monotonic_ms=40|clock_delta_ms=1.912
|clock_suspect=0
PMLE_LIVE_REPLAY_TIC|tic=3680|mle_ms=53.08|monotonic_ms=50|clock_delta_ms=3.08|c
lock_suspect=0
PMLE_LIVE_REPLAY_TIC|tic=3681|mle_ms=23.148|monotonic_ms=30|clock_delta_ms=6.852
|clock_suspect=0
PMLE_LIVE_REPLAY_TIC|tic=3682|mle_ms=53.64|monotonic_ms=50|clock_delta_ms=3.64|c
lock_suspect=0
PMLE_LIVE_REPLAY_TIC|tic=3683|mle_ms=65.772|monotonic_ms=70|clock_delta_ms=4.228
|clock_suspect=0
PMLE_LIVE_REPLAY_TIC|tic=3684|mle_ms=19.139|monotonic_ms=20|clock_delta_ms=.861|
clock_suspect=0
PMLE_LIVE_REPLAY_TIC|tic=3685|mle_ms=34.771|monotonic_ms=30|clock_delta_ms=4.771
|clock_suspect=0
PMLE_LIVE_REPLAY_TIC|tic=3686|mle_ms=70.045|monotonic_ms=70|clock_delta_ms=.045|
clock_suspect=0
PMLE_LIVE_REPLAY_TIC|tic=3687|mle_ms=8.823|monotonic_ms=10|clock_delta_ms=1.177|
clock_suspect=0
PMLE_LIVE_REPLAY_TIC|tic=3688|mle_ms=33.858|monotonic_ms=30|clock_delta_ms=3.858
|clock_suspect=0
PMLE_LIVE_REPLAY_TIC|tic=3689|mle_ms=52.523|monotonic_ms=60|clock_delta_ms=7.477
|clock_suspect=0
PMLE_LIVE_REPLAY_TIC|tic=3690|mle_ms=9.74|monotonic_ms=10|clock_delta_ms=.26|clo
ck_suspect=0
PMLE_LIVE_REPLAY_TIC|tic=3691|mle_ms=48.665|monotonic_ms=40|clock_delta_ms=8.665
|clock_suspect=0
PMLE_LIVE_REPLAY_TIC|tic=3692|mle_ms=43.969|monotonic_ms=50|clock_delta_ms=6.031
|clock_suspect=0
PMLE_LIVE_REPLAY_TIC|tic=3693|mle_ms=28.34|monotonic_ms=30|clock_delta_ms=1.66|c
lock_suspect=0
PMLE_LIVE_REPLAY_TIC|tic=3694|mle_ms=55.462|monotonic_ms=50|clock_delta_ms=5.462
|clock_suspect=0
PMLE_LIVE_REPLAY_TIC|tic=3695|mle_ms=55.478|monotonic_ms=60|clock_delta_ms=4.522
|clock_suspect=0
PMLE_LIVE_REPLAY_TIC|tic=3696|mle_ms=32.431|monotonic_ms=30|clock_delta_ms=2.431
|clock_suspect=0
PMLE_LIVE_REPLAY_TIC|tic=3697|mle_ms=34.572|monotonic_ms=40|clock_delta_ms=5.428
|clock_suspect=0
PMLE_LIVE_REPLAY_TIC|tic=3698|mle_ms=53.973|monotonic_ms=50|clock_delta_ms=3.973
|clock_suspect=0
PMLE_LIVE_REPLAY_TIC|tic=3699|mle_ms=11.072|monotonic_ms=10|clock_delta_ms=1.072
|clock_suspect=0
PMLE_LIVE_REPLAY_TIC|tic=3700|mle_ms=42.219|monotonic_ms=40|clock_delta_ms=2.219
|clock_suspect=0
PMLE_LIVE_REPLAY_TIC|tic=3701|mle_ms=60.635|monotonic_ms=60|clock_delta_ms=.635|
clock_suspect=0
PMLE_LIVE_REPLAY_TIC|tic=3702|mle_ms=11.53|monotonic_ms=10|clock_delta_ms=1.53|c
lock_suspect=0
PMLE_LIVE_REPLAY_TIC|tic=3703|mle_ms=56.066|monotonic_ms=60|clock_delta_ms=3.934
|clock_suspect=0
PMLE_LIVE_REPLAY_TIC|tic=3704|mle_ms=73.412|monotonic_ms=70|clock_delta_ms=3.412
|clock_suspect=0
PMLE_LIVE_REPLAY_TIC|tic=3705|mle_ms=9.725|monotonic_ms=10|clock_delta_ms=.275|c
lock_suspect=0
PMLE_LIVE_REPLAY_TIC|tic=3706|mle_ms=90.761|monotonic_ms=90|clock_delta_ms=.761|
clock_suspect=0
PMLE_LIVE_REPLAY_TIC|tic=3707|mle_ms=50.612|monotonic_ms=50|clock_delta_ms=.612|
clock_suspect=0
PMLE_LIVE_REPLAY_TIC|tic=3708|mle_ms=11.181|monotonic_ms=10|clock_delta_ms=1.181
|clock_suspect=0
PMLE_LIVE_REPLAY_TIC|tic=3709|mle_ms=60.508|monotonic_ms=60|clock_delta_ms=.508|
clock_suspect=0
PMLE_LIVE_REPLAY_TIC|tic=3710|mle_ms=50.782|monotonic_ms=50|clock_delta_ms=.782|
clock_suspect=0
PMLE_LIVE_REPLAY_TIC|tic=3711|mle_ms=22.02|monotonic_ms=30|clock_delta_ms=7.98|c
lock_suspect=0
PMLE_LIVE_REPLAY_TIC|tic=3712|mle_ms=49.421|monotonic_ms=50|clock_delta_ms=.579|
clock_suspect=0
PMLE_LIVE_REPLAY_TIC|tic=3713|mle_ms=57.538|monotonic_ms=50|clock_delta_ms=7.538
|clock_suspect=0
PMLE_LIVE_REPLAY_TIC|tic=3714|mle_ms=17.055|monotonic_ms=20|clock_delta_ms=2.945
|clock_suspect=0
PMLE_LIVE_REPLAY_TIC|tic=3715|mle_ms=46.968|monotonic_ms=50|clock_delta_ms=3.032
|clock_suspect=0
PMLE_LIVE_REPLAY_TIC|tic=3716|mle_ms=76.782|monotonic_ms=70|clock_delta_ms=6.782
|clock_suspect=0
PMLE_LIVE_REPLAY_TIC|tic=3717|mle_ms=7.132|monotonic_ms=10|clock_delta_ms=2.868|
clock_suspect=0
PMLE_LIVE_REPLAY_TIC|tic=3718|mle_ms=63.942|monotonic_ms=70|clock_delta_ms=6.058
|clock_suspect=0
PMLE_LIVE_REPLAY_TIC|tic=3719|mle_ms=47.749|monotonic_ms=40|clock_delta_ms=7.749
|clock_suspect=0
PMLE_LIVE_REPLAY_TIC|tic=3720|mle_ms=9.349|monotonic_ms=10|clock_delta_ms=.651|c
lock_suspect=0
PMLE_LIVE_REPLAY_TIC|tic=3721|mle_ms=64.192|monotonic_ms=70|clock_delta_ms=5.808
|clock_suspect=0
PMLE_LIVE_REPLAY_TIC|tic=3722|mle_ms=43.21|monotonic_ms=40|clock_delta_ms=3.21|c
lock_suspect=0
PMLE_LIVE_REPLAY_TIC|tic=3723|mle_ms=26.06|monotonic_ms=30|clock_delta_ms=3.94|c
lock_suspect=0
PMLE_LIVE_REPLAY_TIC|tic=3724|mle_ms=56.048|monotonic_ms=50|clock_delta_ms=6.048
|clock_suspect=0
PMLE_LIVE_REPLAY_TIC|tic=3725|mle_ms=43.913|monotonic_ms=50|clock_delta_ms=6.087
|clock_suspect=0
PMLE_LIVE_REPLAY_TIC|tic=3726|mle_ms=30.894|monotonic_ms=30|clock_delta_ms=.894|
clock_suspect=0
PMLE_LIVE_REPLAY_TIC|tic=3727|mle_ms=48.868|monotonic_ms=50|clock_delta_ms=1.132
|clock_suspect=0
PMLE_LIVE_REPLAY_TIC|tic=3728|mle_ms=53.115|monotonic_ms=50|clock_delta_ms=3.115
|clock_suspect=0
PMLE_LIVE_REPLAY_TIC|tic=3729|mle_ms=10.459|monotonic_ms=10|clock_delta_ms=.459|
clock_suspect=0
PMLE_LIVE_REPLAY_TIC|tic=3730|mle_ms=50.847|monotonic_ms=50|clock_delta_ms=.847|
clock_suspect=0
PMLE_LIVE_REPLAY_TIC|tic=3731|mle_ms=68.054|monotonic_ms=70|clock_delta_ms=1.946
|clock_suspect=0
PMLE_LIVE_REPLAY_TIC|tic=3732|mle_ms=9.566|monotonic_ms=10|clock_delta_ms=.434|c
lock_suspect=0
PMLE_LIVE_REPLAY_TIC|tic=3733|mle_ms=59.531|monotonic_ms=60|clock_delta_ms=.469|
clock_suspect=0
PMLE_LIVE_REPLAY_TIC|tic=3734|mle_ms=52.876|monotonic_ms=50|clock_delta_ms=2.876
|clock_suspect=0
PMLE_LIVE_REPLAY_TIC|tic=3735|mle_ms=9.333|monotonic_ms=10|clock_delta_ms=.667|c
lock_suspect=0
PMLE_LIVE_REPLAY_TIC|tic=3736|mle_ms=58.553|monotonic_ms=60|clock_delta_ms=1.447
|clock_suspect=0
PMLE_LIVE_REPLAY_TIC|tic=3737|mle_ms=43.431|monotonic_ms=40|clock_delta_ms=3.431
|clock_suspect=0
PMLE_LIVE_REPLAY_TIC|tic=3738|mle_ms=9.167|monotonic_ms=10|clock_delta_ms=.833|c
lock_suspect=0
PMLE_LIVE_REPLAY_TIC|tic=3739|mle_ms=64.948|monotonic_ms=70|clock_delta_ms=5.052
|clock_suspect=0
PMLE_LIVE_REPLAY_TIC|tic=3740|mle_ms=53.652|monotonic_ms=50|clock_delta_ms=3.652
|clock_suspect=0
PMLE_LIVE_REPLAY_TIC|tic=3741|mle_ms=21.592|monotonic_ms=20|clock_delta_ms=1.592
|clock_suspect=0
PMLE_LIVE_REPLAY_TIC|tic=3742|mle_ms=35.092|monotonic_ms=40|clock_delta_ms=4.908
|clock_suspect=0
PMLE_LIVE_REPLAY_TIC|tic=3743|mle_ms=58.812|monotonic_ms=60|clock_delta_ms=1.188
|clock_suspect=0
PMLE_LIVE_REPLAY_TIC|tic=3744|mle_ms=17.238|monotonic_ms=10|clock_delta_ms=7.238
|clock_suspect=0
PMLE_LIVE_REPLAY_TIC|tic=3745|mle_ms=32.28|monotonic_ms=40|clock_delta_ms=7.72|c
lock_suspect=0
PMLE_LIVE_REPLAY_TIC|tic=3746|mle_ms=65.548|monotonic_ms=60|clock_delta_ms=5.548
|clock_suspect=0
PMLE_LIVE_REPLAY_TIC|tic=3747|mle_ms=7.108|monotonic_ms=10|clock_delta_ms=2.892|
clock_suspect=0
PMLE_LIVE_REPLAY_TIC|tic=3748|mle_ms=33|monotonic_ms=30|clock_delta_ms=3|clock_s
uspect=0
PMLE_LIVE_REPLAY_TIC|tic=3749|mle_ms=48.487|monotonic_ms=50|clock_delta_ms=1.513
|clock_suspect=0
PMLE_LIVE_REPLAY_TIC|tic=3750|mle_ms=8.092|monotonic_ms=10|clock_delta_ms=1.908|
clock_suspect=0
PMLE_LIVE_REPLAY_TIC|tic=3751|mle_ms=43.191|monotonic_ms=40|clock_delta_ms=3.191
|clock_suspect=0
PMLE_LIVE_REPLAY_TIC|tic=3752|mle_ms=36.661|monotonic_ms=40|clock_delta_ms=3.339
|clock_suspect=0
PMLE_LIVE_REPLAY_TIC|tic=3753|mle_ms=26.685|monotonic_ms=30|clock_delta_ms=3.315
|clock_suspect=0
PMLE_LIVE_REPLAY_TIC|tic=3754|mle_ms=49.046|monotonic_ms=50|clock_delta_ms=.954|
clock_suspect=0
PMLE_LIVE_REPLAY_TIC|tic=3755|mle_ms=51.369|monotonic_ms=50|clock_delta_ms=1.369
|clock_suspect=0
PMLE_LIVE_REPLAY_TIC|tic=3756|mle_ms=34.371|monotonic_ms=30|clock_delta_ms=4.371
|clock_suspect=0
PMLE_LIVE_REPLAY_TIC|tic=3757|mle_ms=27.945|monotonic_ms=30|clock_delta_ms=2.055
|clock_suspect=0
PMLE_LIVE_REPLAY_TIC|tic=3758|mle_ms=46.555|monotonic_ms=50|clock_delta_ms=3.445
|clock_suspect=0
PMLE_LIVE_REPLAY_TIC|tic=3759|mle_ms=10.761|monotonic_ms=10|clock_delta_ms=.761|
clock_suspect=0
PMLE_LIVE_REPLAY_TIC|tic=3760|mle_ms=32.344|monotonic_ms=30|clock_delta_ms=2.344
|clock_suspect=0
PMLE_LIVE_REPLAY_TIC|tic=3761|mle_ms=61.817|monotonic_ms=60|clock_delta_ms=1.817
|clock_suspect=0
PMLE_LIVE_REPLAY_TIC|tic=3762|mle_ms=9.282|monotonic_ms=10|clock_delta_ms=.718|c
lock_suspect=0
PMLE_LIVE_REPLAY_TIC|tic=3763|mle_ms=45.806|monotonic_ms=50|clock_delta_ms=4.194
|clock_suspect=0
PMLE_LIVE_REPLAY_TIC|tic=3764|mle_ms=58.312|monotonic_ms=50|clock_delta_ms=8.312
|clock_suspect=0
PMLE_LIVE_REPLAY_TIC|tic=3765|mle_ms=8.95|monotonic_ms=10|clock_delta_ms=1.05|cl
ock_suspect=0
PMLE_LIVE_REPLAY_TIC|tic=3766|mle_ms=55.875|monotonic_ms=60|clock_delta_ms=4.125
|clock_suspect=0
PMLE_LIVE_REPLAY_TIC|tic=3767|mle_ms=58.999|monotonic_ms=60|clock_delta_ms=1.001
|clock_suspect=0
PMLE_LIVE_REPLAY_TIC|tic=3768|mle_ms=10.538|monotonic_ms=10|clock_delta_ms=.538|
clock_suspect=0
PMLE_LIVE_REPLAY_TIC|tic=3769|mle_ms=40.192|monotonic_ms=40|clock_delta_ms=.192|
clock_suspect=0
PMLE_LIVE_REPLAY_TIC|tic=3770|mle_ms=57.375|monotonic_ms=60|clock_delta_ms=2.625
|clock_suspect=0
PMLE_LIVE_REPLAY_TIC|tic=3771|mle_ms=21.774|monotonic_ms=20|clock_delta_ms=1.774
|clock_suspect=0
PMLE_LIVE_REPLAY_TIC|tic=3772|mle_ms=36.822|monotonic_ms=40|clock_delta_ms=3.178
|clock_suspect=0
PMLE_LIVE_REPLAY_TIC|tic=3773|mle_ms=74.312|monotonic_ms=70|clock_delta_ms=4.312
|clock_suspect=0
PMLE_LIVE_REPLAY_TIC|tic=3774|mle_ms=21.563|monotonic_ms=20|clock_delta_ms=1.563
|clock_suspect=0
PMLE_LIVE_REPLAY_TIC|tic=3775|mle_ms=42.582|monotonic_ms=40|clock_delta_ms=2.582
|clock_suspect=0
PMLE_LIVE_REPLAY_TIC|tic=3776|mle_ms=79.472|monotonic_ms=80|clock_delta_ms=.528|
clock_suspect=0
PMLE_LIVE_REPLAY_TIC|tic=3777|mle_ms=8.017|monotonic_ms=10|clock_delta_ms=1.983|
clock_suspect=0
PMLE_LIVE_REPLAY_TIC|tic=3778|mle_ms=29.357|monotonic_ms=30|clock_delta_ms=.643|
clock_suspect=0
PMLE_LIVE_REPLAY_TIC|tic=3779|mle_ms=51.893|monotonic_ms=50|clock_delta_ms=1.893
|clock_suspect=0
PMLE_LIVE_REPLAY_TIC|tic=3780|mle_ms=10.107|monotonic_ms=10|clock_delta_ms=.107|
clock_suspect=0
PMLE_LIVE_REPLAY_TIC|tic=3781|mle_ms=59.299|monotonic_ms=60|clock_delta_ms=.701|
clock_suspect=0
PMLE_LIVE_REPLAY_TIC|tic=3782|mle_ms=59.42|monotonic_ms=60|clock_delta_ms=.58|cl
ock_suspect=0
PMLE_LIVE_REPLAY_TIC|tic=3783|mle_ms=22.564|monotonic_ms=30|clock_delta_ms=7.436
|clock_suspect=0
PMLE_LIVE_REPLAY_TIC|tic=3784|mle_ms=40.522|monotonic_ms=40|clock_delta_ms=.522|
clock_suspect=0
PMLE_LIVE_REPLAY_TIC|tic=3785|mle_ms=42.547|monotonic_ms=40|clock_delta_ms=2.547
|clock_suspect=0
PMLE_LIVE_REPLAY_TIC|tic=3786|mle_ms=30.131|monotonic_ms=30|clock_delta_ms=.131|
clock_suspect=0
PMLE_LIVE_REPLAY_TIC|tic=3787|mle_ms=32.909|monotonic_ms=30|clock_delta_ms=2.909
|clock_suspect=0
PMLE_LIVE_REPLAY_TIC|tic=3788|mle_ms=42.823|monotonic_ms=40|clock_delta_ms=2.823
|clock_suspect=0
PMLE_LIVE_REPLAY_TIC|tic=3789|mle_ms=9.133|monotonic_ms=10|clock_delta_ms=.867|c
lock_suspect=0
PMLE_LIVE_REPLAY_TIC|tic=3790|mle_ms=30.465|monotonic_ms=30|clock_delta_ms=.465|
clock_suspect=0
PMLE_LIVE_REPLAY_TIC|tic=3791|mle_ms=59.468|monotonic_ms=60|clock_delta_ms=.532|
clock_suspect=0
PMLE_LIVE_REPLAY_TIC|tic=3792|mle_ms=9.07|monotonic_ms=10|clock_delta_ms=.93|clo
ck_suspect=0
PMLE_LIVE_REPLAY_TIC|tic=3793|mle_ms=50.487|monotonic_ms=50|clock_delta_ms=.487|
clock_suspect=0
PMLE_LIVE_REPLAY_TIC|tic=3794|mle_ms=62.712|monotonic_ms=70|clock_delta_ms=7.288
|clock_suspect=0
PMLE_LIVE_REPLAY_TIC|tic=3795|mle_ms=7.517|monotonic_ms=0|clock_delta_ms=7.517|c
lock_suspect=0
PMLE_LIVE_REPLAY_TIC|tic=3796|mle_ms=59.243|monotonic_ms=60|clock_delta_ms=.757|
clock_suspect=0
PMLE_LIVE_REPLAY_TIC|tic=3797|mle_ms=45.352|monotonic_ms=50|clock_delta_ms=4.648
|clock_suspect=0
PMLE_LIVE_REPLAY_TIC|tic=3798|mle_ms=8.189|monotonic_ms=10|clock_delta_ms=1.811|
clock_suspect=0
PMLE_LIVE_REPLAY_TIC|tic=3799|mle_ms=42.82|monotonic_ms=40|clock_delta_ms=2.82|c
lock_suspect=0
PMLE_LIVE_REPLAY_TIC|tic=3800|mle_ms=52.811|monotonic_ms=50|clock_delta_ms=2.811
|clock_suspect=0
PMLE_LIVE_REPLAY_TIC|tic=3801|mle_ms=18.583|monotonic_ms=20|clock_delta_ms=1.417
|clock_suspect=0
PMLE_LIVE_REPLAY_TIC|tic=3802|mle_ms=32.109|monotonic_ms=30|clock_delta_ms=2.109
|clock_suspect=0
PMLE_LIVE_REPLAY_TIC|tic=3803|mle_ms=72.796|monotonic_ms=80|clock_delta_ms=7.204
|clock_suspect=0
PMLE_LIVE_REPLAY_TIC|tic=3804|mle_ms=20.403|monotonic_ms=20|clock_delta_ms=.403|
clock_suspect=0
PMLE_LIVE_REPLAY_TIC|tic=3805|mle_ms=38.748|monotonic_ms=40|clock_delta_ms=1.252
|clock_suspect=0
PMLE_LIVE_REPLAY_TIC|tic=3806|mle_ms=78.709|monotonic_ms=80|clock_delta_ms=1.291
|clock_suspect=0
PMLE_LIVE_REPLAY_TIC|tic=3807|mle_ms=9.362|monotonic_ms=0|clock_delta_ms=9.362|c
lock_suspect=0
PMLE_LIVE_REPLAY_TIC|tic=3808|mle_ms=38.348|monotonic_ms=40|clock_delta_ms=1.652
|clock_suspect=0
PMLE_LIVE_REPLAY_TIC|tic=3809|mle_ms=53.363|monotonic_ms=60|clock_delta_ms=6.637
|clock_suspect=0
PMLE_LIVE_REPLAY_TIC|tic=3810|mle_ms=9.652|monotonic_ms=10|clock_delta_ms=.348|c
lock_suspect=0
PMLE_LIVE_REPLAY_TIC|tic=3811|mle_ms=54.689|monotonic_ms=50|clock_delta_ms=4.689
|clock_suspect=0
PMLE_LIVE_REPLAY_TIC|tic=3812|mle_ms=52.254|monotonic_ms=50|clock_delta_ms=2.254
|clock_suspect=0
PMLE_LIVE_REPLAY_TIC|tic=3813|mle_ms=28.749|monotonic_ms=30|clock_delta_ms=1.251
|clock_suspect=0
PMLE_LIVE_REPLAY_TIC|tic=3814|mle_ms=75.666|monotonic_ms=80|clock_delta_ms=4.334
|clock_suspect=0
PMLE_LIVE_REPLAY_TIC|tic=3815|mle_ms=38.293|monotonic_ms=40|clock_delta_ms=1.707
|clock_suspect=0
PMLE_LIVE_REPLAY_TIC|tic=3816|mle_ms=32.985|monotonic_ms=30|clock_delta_ms=2.985
|clock_suspect=0
PMLE_LIVE_REPLAY_TIC|tic=3817|mle_ms=32.068|monotonic_ms=30|clock_delta_ms=2.068
|clock_suspect=0
PMLE_LIVE_REPLAY_TIC|tic=3818|mle_ms=38.763|monotonic_ms=40|clock_delta_ms=1.237
|clock_suspect=0
PMLE_LIVE_REPLAY_TIC|tic=3819|mle_ms=11|monotonic_ms=10|clock_delta_ms=1|clock_s
uspect=0
PMLE_LIVE_REPLAY_TIC|tic=3820|mle_ms=30.921|monotonic_ms=30|clock_delta_ms=.921|
clock_suspect=0
PMLE_LIVE_REPLAY_TIC|tic=3821|mle_ms=61.432|monotonic_ms=60|clock_delta_ms=1.432
|clock_suspect=0
PMLE_LIVE_REPLAY_TIC|tic=3822|mle_ms=11.19|monotonic_ms=20|clock_delta_ms=8.81|c
lock_suspect=0
PMLE_LIVE_REPLAY_TIC|tic=3823|mle_ms=43.345|monotonic_ms=40|clock_delta_ms=3.345
|clock_suspect=0
PMLE_LIVE_REPLAY_TIC|tic=3824|mle_ms=43.025|monotonic_ms=40|clock_delta_ms=3.025
|clock_suspect=0
PMLE_LIVE_REPLAY_TIC|tic=3825|mle_ms=8.468|monotonic_ms=10|clock_delta_ms=1.532|
clock_suspect=0
PMLE_LIVE_REPLAY_TIC|tic=3826|mle_ms=50.82|monotonic_ms=50|clock_delta_ms=.82|cl
ock_suspect=0
PMLE_LIVE_REPLAY_TIC|tic=3827|mle_ms=29.394|monotonic_ms=30|clock_delta_ms=.606|
clock_suspect=0
PMLE_LIVE_REPLAY_TIC|tic=3828|mle_ms=8.38|monotonic_ms=10|clock_delta_ms=1.62|cl
ock_suspect=0
PMLE_LIVE_REPLAY_TIC|tic=3829|mle_ms=29.456|monotonic_ms=30|clock_delta_ms=.544|
clock_suspect=0
PMLE_LIVE_REPLAY_TIC|tic=3830|mle_ms=7.518|monotonic_ms=10|clock_delta_ms=2.482|
clock_suspect=0
PMLE_LIVE_REPLAY_TIC|tic=3831|mle_ms=18.748|monotonic_ms=20|clock_delta_ms=1.252
|clock_suspect=0
PMLE_LIVE_REPLAY_TIC|tic=3832|mle_ms=33.378|monotonic_ms=30|clock_delta_ms=3.378
|clock_suspect=0
PMLE_LIVE_REPLAY_TIC|tic=3833|mle_ms=25.961|monotonic_ms=20|clock_delta_ms=5.961
|clock_suspect=0
PMLE_LIVE_REPLAY_TIC|tic=3834|mle_ms=17.487|monotonic_ms=20|clock_delta_ms=2.513
|clock_suspect=0
PMLE_LIVE_REPLAY_TIC|tic=3835|mle_ms=36.271|monotonic_ms=40|clock_delta_ms=3.729
|clock_suspect=0
PMLE_LIVE_REPLAY_TIC|tic=3836|mle_ms=38.928|monotonic_ms=40|clock_delta_ms=1.072
|clock_suspect=0
PMLE_LIVE_REPLAY_TIC|tic=3837|mle_ms=9.292|monotonic_ms=10|clock_delta_ms=.708|c
lock_suspect=0
PMLE_LIVE_REPLAY_TIC|tic=3838|mle_ms=36.767|monotonic_ms=30|clock_delta_ms=6.767
|clock_suspect=0
PMLE_LIVE_REPLAY_TIC|tic=3839|mle_ms=11.329|monotonic_ms=20|clock_delta_ms=8.671
|clock_suspect=0
PMLE_LIVE_REPLAY_TIC|tic=3840|mle_ms=9.525|monotonic_ms=0|clock_delta_ms=9.525|c
lock_suspect=0
PMLE_LIVE_REPLAY_TIC|tic=3841|mle_ms=43.207|monotonic_ms=50|clock_delta_ms=6.793
|clock_suspect=0
PMLE_LIVE_REPLAY_TIC|tic=3842|mle_ms=8.779|monotonic_ms=10|clock_delta_ms=1.221|
clock_suspect=0
PMLE_LIVE_REPLAY_TIC|tic=3843|mle_ms=34.338|monotonic_ms=30|clock_delta_ms=4.338
|clock_suspect=0
PMLE_LIVE_REPLAY_TIC|tic=3844|mle_ms=49.266|monotonic_ms=50|clock_delta_ms=.734|
clock_suspect=0
PMLE_LIVE_REPLAY_TIC|tic=3845|mle_ms=12.693|monotonic_ms=10|clock_delta_ms=2.693
|clock_suspect=0
PMLE_LIVE_REPLAY_TIC|tic=3846|mle_ms=40.359|monotonic_ms=40|clock_delta_ms=.359|
clock_suspect=0
PMLE_LIVE_REPLAY_TIC|tic=3847|mle_ms=34.273|monotonic_ms=40|clock_delta_ms=5.727
|clock_suspect=0
PMLE_LIVE_REPLAY_TIC|tic=3848|mle_ms=10.249|monotonic_ms=10|clock_delta_ms=.249|
clock_suspect=0
PMLE_LIVE_REPLAY_TIC|tic=3849|mle_ms=15.88|monotonic_ms=10|clock_delta_ms=5.88|c
lock_suspect=0
PMLE_LIVE_REPLAY_TIC|tic=3850|mle_ms=46.005|monotonic_ms=50|clock_delta_ms=3.995
|clock_suspect=0
PMLE_LIVE_REPLAY_TIC|tic=3851|mle_ms=29.377|monotonic_ms=30|clock_delta_ms=.623|
clock_suspect=0
PMLE_LIVE_REPLAY_TIC|tic=3852|mle_ms=37.294|monotonic_ms=40|clock_delta_ms=2.706
|clock_suspect=0
PMLE_LIVE_REPLAY_TIC|tic=3853|mle_ms=56.073|monotonic_ms=50|clock_delta_ms=6.073
|clock_suspect=0
PMLE_LIVE_REPLAY_TIC|tic=3854|mle_ms=21.647|monotonic_ms=30|clock_delta_ms=8.353
|clock_suspect=0
PMLE_LIVE_REPLAY_TIC|tic=3855|mle_ms=39.123|monotonic_ms=30|clock_delta_ms=9.123
|clock_suspect=0
PMLE_LIVE_REPLAY_TIC|tic=3856|mle_ms=59.259|monotonic_ms=60|clock_delta_ms=.741|
clock_suspect=0
PMLE_LIVE_REPLAY_TIC|tic=3857|mle_ms=9.607|monotonic_ms=10|clock_delta_ms=.393|c
lock_suspect=0
PMLE_LIVE_REPLAY_TIC|tic=3858|mle_ms=68.863|monotonic_ms=70|clock_delta_ms=1.137
|clock_suspect=0
PMLE_LIVE_REPLAY_TIC|tic=3859|mle_ms=49.934|monotonic_ms=50|clock_delta_ms=.066|
clock_suspect=0
PMLE_LIVE_REPLAY_TIC|tic=3860|mle_ms=11.266|monotonic_ms=10|clock_delta_ms=1.266
|clock_suspect=0
PMLE_LIVE_REPLAY_TIC|tic=3861|mle_ms=45.734|monotonic_ms=50|clock_delta_ms=4.266
|clock_suspect=0
PMLE_LIVE_REPLAY_TIC|tic=3862|mle_ms=32.363|monotonic_ms=30|clock_delta_ms=2.363
|clock_suspect=0
PMLE_LIVE_REPLAY_TIC|tic=3863|mle_ms=30.199|monotonic_ms=30|clock_delta_ms=.199|
clock_suspect=0
PMLE_LIVE_REPLAY_TIC|tic=3864|mle_ms=94.855|monotonic_ms=100|clock_delta_ms=5.14
5|clock_suspect=0
PMLE_LIVE_REPLAY_TIC|tic=3865|mle_ms=44.621|monotonic_ms=40|clock_delta_ms=4.621
|clock_suspect=0
PMLE_LIVE_REPLAY_TIC|tic=3866|mle_ms=43.736|monotonic_ms=50|clock_delta_ms=6.264
|clock_suspect=0
PMLE_LIVE_REPLAY_TIC|tic=3867|mle_ms=39.669|monotonic_ms=40|clock_delta_ms=.331|
clock_suspect=0
PMLE_LIVE_REPLAY_TIC|tic=3868|mle_ms=34.566|monotonic_ms=30|clock_delta_ms=4.566
|clock_suspect=0
PMLE_LIVE_REPLAY_TIC|tic=3869|mle_ms=12.416|monotonic_ms=10|clock_delta_ms=2.416
|clock_suspect=0
PMLE_LIVE_REPLAY_TIC|tic=3870|mle_ms=36.645|monotonic_ms=40|clock_delta_ms=3.355
|clock_suspect=0
PMLE_LIVE_REPLAY_TIC|tic=3871|mle_ms=47.825|monotonic_ms=50|clock_delta_ms=2.175
|clock_suspect=0
PMLE_LIVE_REPLAY_TIC|tic=3872|mle_ms=11.77|monotonic_ms=10|clock_delta_ms=1.77|c
lock_suspect=0
PMLE_LIVE_REPLAY_TIC|tic=3873|mle_ms=55.945|monotonic_ms=60|clock_delta_ms=4.055
|clock_suspect=0
PMLE_LIVE_REPLAY_TIC|tic=3874|mle_ms=48.336|monotonic_ms=40|clock_delta_ms=8.336
|clock_suspect=0
PMLE_LIVE_REPLAY_TIC|tic=3875|mle_ms=11.283|monotonic_ms=20|clock_delta_ms=8.717
|clock_suspect=0
PMLE_LIVE_REPLAY_TIC|tic=3876|mle_ms=63.193|monotonic_ms=60|clock_delta_ms=3.193
|clock_suspect=0
PMLE_LIVE_REPLAY_TIC|tic=3877|mle_ms=47.869|monotonic_ms=50|clock_delta_ms=2.131
|clock_suspect=0
PMLE_LIVE_REPLAY_TIC|tic=3878|mle_ms=12.303|monotonic_ms=10|clock_delta_ms=2.303
|clock_suspect=0
PMLE_LIVE_REPLAY_TIC|tic=3879|mle_ms=38.131|monotonic_ms=40|clock_delta_ms=1.869
|clock_suspect=0
PMLE_LIVE_REPLAY_TIC|tic=3880|mle_ms=32.02|monotonic_ms=30|clock_delta_ms=2.02|c
lock_suspect=0
PMLE_LIVE_REPLAY_TIC|tic=3881|mle_ms=23.347|monotonic_ms=20|clock_delta_ms=3.347
|clock_suspect=0
PMLE_LIVE_REPLAY_TIC|tic=3882|mle_ms=32.708|monotonic_ms=40|clock_delta_ms=7.292
|clock_suspect=0
PMLE_LIVE_REPLAY_TIC|tic=3883|mle_ms=43.532|monotonic_ms=40|clock_delta_ms=3.532
|clock_suspect=0
PMLE_LIVE_REPLAY_TIC|tic=3884|mle_ms=18.812|monotonic_ms=20|clock_delta_ms=1.188
|clock_suspect=0
PMLE_LIVE_REPLAY_TIC|tic=3885|mle_ms=31.181|monotonic_ms=30|clock_delta_ms=1.181
|clock_suspect=0
PMLE_LIVE_REPLAY_TIC|tic=3886|mle_ms=55.689|monotonic_ms=60|clock_delta_ms=4.311
|clock_suspect=0
PMLE_LIVE_REPLAY_TIC|tic=3887|mle_ms=10.222|monotonic_ms=10|clock_delta_ms=.222|
clock_suspect=0
PMLE_LIVE_REPLAY_TIC|tic=3888|mle_ms=30.74|monotonic_ms=30|clock_delta_ms=.74|cl
ock_suspect=0
PMLE_LIVE_REPLAY_TIC|tic=3889|mle_ms=35.298|monotonic_ms=30|clock_delta_ms=5.298
|clock_suspect=0
PMLE_LIVE_REPLAY_TIC|tic=3890|mle_ms=9.032|monotonic_ms=10|clock_delta_ms=.968|c
lock_suspect=0
PMLE_LIVE_REPLAY_TIC|tic=3891|mle_ms=43.824|monotonic_ms=40|clock_delta_ms=3.824
|clock_suspect=0
PMLE_LIVE_REPLAY_TIC|tic=3892|mle_ms=38.363|monotonic_ms=40|clock_delta_ms=1.637
|clock_suspect=0
PMLE_LIVE_REPLAY_TIC|tic=3893|mle_ms=25.759|monotonic_ms=30|clock_delta_ms=4.241
|clock_suspect=0
PMLE_LIVE_REPLAY_TIC|tic=3894|mle_ms=47.945|monotonic_ms=50|clock_delta_ms=2.055
|clock_suspect=0
PMLE_LIVE_REPLAY_TIC|tic=3895|mle_ms=38.594|monotonic_ms=40|clock_delta_ms=1.406
|clock_suspect=0
PMLE_LIVE_REPLAY_TIC|tic=3896|mle_ms=31.964|monotonic_ms=30|clock_delta_ms=1.964
|clock_suspect=0
PMLE_LIVE_REPLAY_TIC|tic=3897|mle_ms=33.076|monotonic_ms=30|clock_delta_ms=3.076
|clock_suspect=0
PMLE_LIVE_REPLAY_TIC|tic=3898|mle_ms=34.285|monotonic_ms=40|clock_delta_ms=5.715
|clock_suspect=0
PMLE_LIVE_REPLAY_TIC|tic=3899|mle_ms=11.343|monotonic_ms=10|clock_delta_ms=1.343
|clock_suspect=0
PMLE_LIVE_REPLAY_TIC|tic=3900|mle_ms=29.959|monotonic_ms=30|clock_delta_ms=.041|
clock_suspect=0
PMLE_LIVE_REPLAY_TIC|tic=3901|mle_ms=45.242|monotonic_ms=40|clock_delta_ms=5.242
|clock_suspect=0
PMLE_LIVE_REPLAY_TIC|tic=3902|mle_ms=9.955|monotonic_ms=10|clock_delta_ms=.045|c
lock_suspect=0
PMLE_LIVE_REPLAY_TIC|tic=3903|mle_ms=44.576|monotonic_ms=50|clock_delta_ms=5.424
|clock_suspect=0
PMLE_LIVE_REPLAY_TIC|tic=3904|mle_ms=46.935|monotonic_ms=40|clock_delta_ms=6.935
|clock_suspect=0
PMLE_LIVE_REPLAY_TIC|tic=3905|mle_ms=11.081|monotonic_ms=10|clock_delta_ms=1.081
|clock_suspect=0
PMLE_LIVE_REPLAY_TIC|tic=3906|mle_ms=60.573|monotonic_ms=60|clock_delta_ms=.573|
clock_suspect=0
PMLE_LIVE_REPLAY_TIC|tic=3907|mle_ms=37.954|monotonic_ms=40|clock_delta_ms=2.046
|clock_suspect=0
PMLE_LIVE_REPLAY_TIC|tic=3908|mle_ms=12.433|monotonic_ms=10|clock_delta_ms=2.433
|clock_suspect=0
PMLE_LIVE_REPLAY_TIC|tic=3909|mle_ms=40.699|monotonic_ms=50|clock_delta_ms=9.301
|clock_suspect=0
PMLE_LIVE_REPLAY_TIC|tic=3910|mle_ms=49.954|monotonic_ms=50|clock_delta_ms=.046|
clock_suspect=0
PMLE_LIVE_REPLAY_TIC|tic=3911|mle_ms=21.411|monotonic_ms=20|clock_delta_ms=1.411
|clock_suspect=0
PMLE_LIVE_REPLAY_TIC|tic=3912|mle_ms=28.784|monotonic_ms=30|clock_delta_ms=1.216
|clock_suspect=0
PMLE_LIVE_REPLAY_TIC|tic=3913|mle_ms=52.126|monotonic_ms=50|clock_delta_ms=2.126
|clock_suspect=0
PMLE_LIVE_REPLAY_TIC|tic=3914|mle_ms=21.413|monotonic_ms=20|clock_delta_ms=1.413
|clock_suspect=0
PMLE_LIVE_REPLAY_TIC|tic=3915|mle_ms=11.876|monotonic_ms=10|clock_delta_ms=1.876
|clock_suspect=0
PMLE_LIVE_REPLAY_TIC|tic=3916|mle_ms=65.557|monotonic_ms=70|clock_delta_ms=4.443
|clock_suspect=0
PMLE_LIVE_REPLAY_TIC|tic=3917|mle_ms=10.798|monotonic_ms=10|clock_delta_ms=.798|
clock_suspect=0
PMLE_LIVE_REPLAY_TIC|tic=3918|mle_ms=11.385|monotonic_ms=10|clock_delta_ms=1.385
|clock_suspect=0
PMLE_LIVE_REPLAY_TIC|tic=3919|mle_ms=33.343|monotonic_ms=30|clock_delta_ms=3.343
|clock_suspect=0
PMLE_LIVE_REPLAY_TIC|tic=3920|mle_ms=9.535|monotonic_ms=10|clock_delta_ms=.465|c
lock_suspect=0
PMLE_LIVE_REPLAY_TIC|tic=3921|mle_ms=26.105|monotonic_ms=30|clock_delta_ms=3.895
|clock_suspect=0
PMLE_LIVE_REPLAY_TIC|tic=3922|mle_ms=43.749|monotonic_ms=40|clock_delta_ms=3.749
|clock_suspect=0
PMLE_LIVE_REPLAY_TIC|tic=3923|mle_ms=32.596|monotonic_ms=40|clock_delta_ms=7.404
|clock_suspect=0
PMLE_LIVE_REPLAY_TIC|tic=3924|mle_ms=26.445|monotonic_ms=20|clock_delta_ms=6.445
|clock_suspect=0
PMLE_LIVE_REPLAY_TIC|tic=3925|mle_ms=45.645|monotonic_ms=50|clock_delta_ms=4.355
|clock_suspect=0
PMLE_LIVE_REPLAY_TIC|tic=3926|mle_ms=43.427|monotonic_ms=40|clock_delta_ms=3.427
|clock_suspect=0
PMLE_LIVE_REPLAY_TIC|tic=3927|mle_ms=11.494|monotonic_ms=10|clock_delta_ms=1.494
|clock_suspect=0
PMLE_LIVE_REPLAY_TIC|tic=3928|mle_ms=45.209|monotonic_ms=50|clock_delta_ms=4.791
|clock_suspect=0
PMLE_LIVE_REPLAY_TIC|tic=3929|mle_ms=18.524|monotonic_ms=20|clock_delta_ms=1.476
|clock_suspect=0
PMLE_LIVE_REPLAY_TIC|tic=3930|mle_ms=16.301|monotonic_ms=10|clock_delta_ms=6.301
|clock_suspect=0
PMLE_LIVE_REPLAY_TIC|tic=3931|mle_ms=82.401|monotonic_ms=90|clock_delta_ms=7.599
|clock_suspect=0
PMLE_LIVE_REPLAY_TIC|tic=3932|mle_ms=15.835|monotonic_ms=10|clock_delta_ms=5.835
|clock_suspect=0
PMLE_LIVE_REPLAY_TIC|tic=3933|mle_ms=32.421|monotonic_ms=30|clock_delta_ms=2.421
|clock_suspect=0
PMLE_LIVE_REPLAY_TIC|tic=3934|mle_ms=50.71|monotonic_ms=60|clock_delta_ms=9.29|c
lock_suspect=0
PMLE_LIVE_REPLAY_TIC|tic=3935|mle_ms=12.447|monotonic_ms=10|clock_delta_ms=2.447
|clock_suspect=0
PMLE_LIVE_REPLAY_TIC|tic=3936|mle_ms=36.23|monotonic_ms=30|clock_delta_ms=6.23|c
lock_suspect=0
PMLE_LIVE_REPLAY_TIC|tic=3937|mle_ms=57.506|monotonic_ms=60|clock_delta_ms=2.494
|clock_suspect=0
PMLE_LIVE_REPLAY_TIC|tic=3938|mle_ms=10.989|monotonic_ms=10|clock_delta_ms=.989|
clock_suspect=0
PMLE_LIVE_REPLAY_TIC|tic=3939|mle_ms=13.795|monotonic_ms=20|clock_delta_ms=6.205
|clock_suspect=0
PMLE_LIVE_REPLAY_TIC|tic=3940|mle_ms=69.897|monotonic_ms=70|clock_delta_ms=.103|
clock_suspect=0
PMLE_LIVE_REPLAY_TIC|tic=3941|mle_ms=28.264|monotonic_ms=20|clock_delta_ms=8.264
|clock_suspect=0
PMLE_LIVE_REPLAY_TIC|tic=3942|mle_ms=18.281|monotonic_ms=20|clock_delta_ms=1.719
|clock_suspect=0
PMLE_LIVE_REPLAY_TIC|tic=3943|mle_ms=87.002|monotonic_ms=90|clock_delta_ms=2.998
|clock_suspect=0
PMLE_LIVE_REPLAY_TIC|tic=3944|mle_ms=20.834|monotonic_ms=20|clock_delta_ms=.834|
clock_suspect=0
PMLE_LIVE_REPLAY_TIC|tic=3945|mle_ms=13.475|monotonic_ms=10|clock_delta_ms=3.475
|clock_suspect=0
PMLE_LIVE_REPLAY_TIC|tic=3946|mle_ms=108.499|monotonic_ms=110|clock_delta_ms=1.5
01|clock_suspect=0
PMLE_LIVE_REPLAY_TIC|tic=3947|mle_ms=12.031|monotonic_ms=20|clock_delta_ms=7.969
|clock_suspect=0
PMLE_LIVE_REPLAY_TIC|tic=3948|mle_ms=12.408|monotonic_ms=10|clock_delta_ms=2.408
|clock_suspect=0
PMLE_LIVE_REPLAY_TIC|tic=3949|mle_ms=55.933|monotonic_ms=50|clock_delta_ms=5.933
|clock_suspect=0
PMLE_LIVE_REPLAY_TIC|tic=3950|mle_ms=11.695|monotonic_ms=20|clock_delta_ms=8.305
|clock_suspect=0
PMLE_LIVE_REPLAY_TIC|tic=3951|mle_ms=25.309|monotonic_ms=20|clock_delta_ms=5.309
|clock_suspect=0
PMLE_LIVE_REPLAY_TIC|tic=3952|mle_ms=56.471|monotonic_ms=60|clock_delta_ms=3.529
|clock_suspect=0
PMLE_LIVE_REPLAY_TIC|tic=3953|mle_ms=30.617|monotonic_ms=30|clock_delta_ms=.617|
clock_suspect=0
PMLE_LIVE_REPLAY_TIC|tic=3954|mle_ms=21.904|monotonic_ms=20|clock_delta_ms=1.904
|clock_suspect=0
PMLE_LIVE_REPLAY_TIC|tic=3955|mle_ms=53.69|monotonic_ms=50|clock_delta_ms=3.69|c
lock_suspect=0
PMLE_LIVE_REPLAY_TIC|tic=3956|mle_ms=33.634|monotonic_ms=40|clock_delta_ms=6.366
|clock_suspect=0
PMLE_LIVE_REPLAY_TIC|tic=3957|mle_ms=9.416|monotonic_ms=10|clock_delta_ms=.584|c
lock_suspect=0
PMLE_LIVE_REPLAY_TIC|tic=3958|mle_ms=50.037|monotonic_ms=50|clock_delta_ms=.037|
clock_suspect=0
PMLE_LIVE_REPLAY_TIC|tic=3959|mle_ms=12.802|monotonic_ms=10|clock_delta_ms=2.802
|clock_suspect=0
PMLE_LIVE_REPLAY_TIC|tic=3960|mle_ms=11.447|monotonic_ms=10|clock_delta_ms=1.447
|clock_suspect=0
PMLE_LIVE_REPLAY_TIC|tic=3961|mle_ms=67.585|monotonic_ms=70|clock_delta_ms=2.415
|clock_suspect=0
PMLE_LIVE_REPLAY_TIC|tic=3962|mle_ms=11.992|monotonic_ms=10|clock_delta_ms=1.992
|clock_suspect=0
PMLE_LIVE_REPLAY_TIC|tic=3963|mle_ms=27.869|monotonic_ms=30|clock_delta_ms=2.131
|clock_suspect=0
PMLE_LIVE_REPLAY_TIC|tic=3964|mle_ms=44.613|monotonic_ms=40|clock_delta_ms=4.613
|clock_suspect=0
PMLE_LIVE_REPLAY_TIC|tic=3965|mle_ms=10.002|monotonic_ms=10|clock_delta_ms=.002|
clock_suspect=0
PMLE_LIVE_REPLAY_TIC|tic=3966|mle_ms=40.231|monotonic_ms=40|clock_delta_ms=.231|
clock_suspect=0
PMLE_LIVE_REPLAY_TIC|tic=3967|mle_ms=38.408|monotonic_ms=40|clock_delta_ms=1.592
|clock_suspect=0
PMLE_LIVE_REPLAY_TIC|tic=3968|mle_ms=10.82|monotonic_ms=10|clock_delta_ms=.82|cl
ock_suspect=0
PMLE_LIVE_REPLAY_TIC|tic=3969|mle_ms=13.898|monotonic_ms=20|clock_delta_ms=6.102
|clock_suspect=0
PMLE_LIVE_REPLAY_TIC|tic=3970|mle_ms=44.063|monotonic_ms=40|clock_delta_ms=4.063
|clock_suspect=0
PMLE_LIVE_REPLAY_TIC|tic=3971|mle_ms=28.82|monotonic_ms=30|clock_delta_ms=1.18|c
lock_suspect=0
PMLE_LIVE_REPLAY_TIC|tic=3972|mle_ms=12.828|monotonic_ms=10|clock_delta_ms=2.828
|clock_suspect=0
PMLE_LIVE_REPLAY_TIC|tic=3973|mle_ms=60.816|monotonic_ms=60|clock_delta_ms=.816|
clock_suspect=0
PMLE_LIVE_REPLAY_TIC|tic=3974|mle_ms=19.864|monotonic_ms=20|clock_delta_ms=.136|
clock_suspect=0
PMLE_LIVE_REPLAY_TIC|tic=3975|mle_ms=8.937|monotonic_ms=10|clock_delta_ms=1.063|
clock_suspect=0
PMLE_LIVE_REPLAY_TIC|tic=3976|mle_ms=60.382|monotonic_ms=60|clock_delta_ms=.382|
clock_suspect=0
PMLE_LIVE_REPLAY_TIC|tic=3977|mle_ms=15.484|monotonic_ms=20|clock_delta_ms=4.516
|clock_suspect=0
PMLE_LIVE_REPLAY_TIC|tic=3978|mle_ms=12.336|monotonic_ms=10|clock_delta_ms=2.336
|clock_suspect=0
PMLE_LIVE_REPLAY_TIC|tic=3979|mle_ms=39.789|monotonic_ms=40|clock_delta_ms=.211|
clock_suspect=0
PMLE_LIVE_REPLAY_TIC|tic=3980|mle_ms=13.055|monotonic_ms=20|clock_delta_ms=6.945
|clock_suspect=0
PMLE_LIVE_REPLAY_TIC|tic=3981|mle_ms=27.428|monotonic_ms=20|clock_delta_ms=7.428
|clock_suspect=0
PMLE_LIVE_REPLAY_TIC|tic=3982|mle_ms=42.007|monotonic_ms=40|clock_delta_ms=2.007
|clock_suspect=0
PMLE_LIVE_REPLAY_TIC|tic=3983|mle_ms=35.783|monotonic_ms=40|clock_delta_ms=4.217
|clock_suspect=0
PMLE_LIVE_REPLAY_TIC|tic=3984|mle_ms=26.022|monotonic_ms=30|clock_delta_ms=3.978
|clock_suspect=0
PMLE_LIVE_REPLAY_TIC|tic=3985|mle_ms=35.363|monotonic_ms=30|clock_delta_ms=5.363
|clock_suspect=0
PMLE_LIVE_REPLAY_TIC|tic=3986|mle_ms=61.673|monotonic_ms=60|clock_delta_ms=1.673
|clock_suspect=0
PMLE_LIVE_REPLAY_TIC|tic=3987|mle_ms=12.643|monotonic_ms=20|clock_delta_ms=7.357
|clock_suspect=0
PMLE_LIVE_REPLAY_TIC|tic=3988|mle_ms=36.093|monotonic_ms=30|clock_delta_ms=6.093
|clock_suspect=0
PMLE_LIVE_REPLAY_TIC|tic=3989|mle_ms=34.89|monotonic_ms=40|clock_delta_ms=5.11|c
lock_suspect=0
PMLE_LIVE_REPLAY_TIC|tic=3990|mle_ms=14.095|monotonic_ms=10|clock_delta_ms=4.095
|clock_suspect=0
PMLE_LIVE_REPLAY_TIC|tic=3991|mle_ms=46.139|monotonic_ms=50|clock_delta_ms=3.861
|clock_suspect=0
PMLE_LIVE_REPLAY_TIC|tic=3992|mle_ms=37.07|monotonic_ms=40|clock_delta_ms=2.93|c
lock_suspect=0
PMLE_LIVE_REPLAY_TIC|tic=3993|mle_ms=28.971|monotonic_ms=20|clock_delta_ms=8.971
|clock_suspect=0
PMLE_LIVE_REPLAY_TIC|tic=3994|mle_ms=50.691|monotonic_ms=60|clock_delta_ms=9.309
|clock_suspect=0
PMLE_LIVE_REPLAY_TIC|tic=3995|mle_ms=61.552|monotonic_ms=60|clock_delta_ms=1.552
|clock_suspect=0
PMLE_LIVE_REPLAY_TIC|tic=3996|mle_ms=35.934|monotonic_ms=30|clock_delta_ms=5.934
|clock_suspect=0
PMLE_LIVE_REPLAY_TIC|tic=3997|mle_ms=37.849|monotonic_ms=40|clock_delta_ms=2.151
|clock_suspect=0
PMLE_LIVE_REPLAY_TIC|tic=3998|mle_ms=39.993|monotonic_ms=40|clock_delta_ms=.007|
clock_suspect=0
PMLE_LIVE_REPLAY_TIC|tic=3999|mle_ms=15.804|monotonic_ms=20|clock_delta_ms=4.196
|clock_suspect=0
PMLE_LIVE_REPLAY_TIC|tic=4000|mle_ms=41.561|monotonic_ms=40|clock_delta_ms=1.561
|clock_suspect=0
PMLE_LIVE_REPLAY_TIC|tic=4001|mle_ms=49.125|monotonic_ms=50|clock_delta_ms=.875|
clock_suspect=0
PMLE_LIVE_REPLAY_TIC|tic=4002|mle_ms=16.16|monotonic_ms=20|clock_delta_ms=3.84|c
lock_suspect=0
PMLE_LIVE_REPLAY_TIC|tic=4003|mle_ms=53.256|monotonic_ms=50|clock_delta_ms=3.256
|clock_suspect=0
PMLE_LIVE_REPLAY_TIC|tic=4004|mle_ms=21.254|monotonic_ms=20|clock_delta_ms=1.254
|clock_suspect=0
PMLE_LIVE_REPLAY_TIC|tic=4005|mle_ms=14.824|monotonic_ms=20|clock_delta_ms=5.176
|clock_suspect=0
PMLE_LIVE_REPLAY_TIC|tic=4006|mle_ms=60.046|monotonic_ms=60|clock_delta_ms=.046|
clock_suspect=0
PMLE_LIVE_REPLAY_TIC|tic=4007|mle_ms=10.753|monotonic_ms=10|clock_delta_ms=.753|
clock_suspect=0
PMLE_LIVE_REPLAY_TIC|tic=4008|mle_ms=14.654|monotonic_ms=10|clock_delta_ms=4.654
|clock_suspect=0
PMLE_LIVE_REPLAY_TIC|tic=4009|mle_ms=36.158|monotonic_ms=40|clock_delta_ms=3.842
|clock_suspect=0
PMLE_LIVE_REPLAY_TIC|tic=4010|mle_ms=11.398|monotonic_ms=10|clock_delta_ms=1.398
|clock_suspect=0
PMLE_LIVE_REPLAY_TIC|tic=4011|mle_ms=22.17|monotonic_ms=20|clock_delta_ms=2.17|c
lock_suspect=0
PMLE_LIVE_REPLAY_TIC|tic=4012|mle_ms=33.274|monotonic_ms=30|clock_delta_ms=3.274
|clock_suspect=0
PMLE_LIVE_REPLAY_TIC|tic=4013|mle_ms=31.912|monotonic_ms=40|clock_delta_ms=8.088
|clock_suspect=0
PMLE_LIVE_REPLAY_TIC|tic=4014|mle_ms=23.616|monotonic_ms=20|clock_delta_ms=3.616
|clock_suspect=0
PMLE_LIVE_REPLAY_TIC|tic=4015|mle_ms=35.963|monotonic_ms=40|clock_delta_ms=4.037
|clock_suspect=0
PMLE_LIVE_REPLAY_TIC|tic=4016|mle_ms=40.715|monotonic_ms=40|clock_delta_ms=.715|
clock_suspect=0
PMLE_LIVE_REPLAY_TIC|tic=4017|mle_ms=20.498|monotonic_ms=20|clock_delta_ms=.498|
clock_suspect=0
PMLE_LIVE_REPLAY_TIC|tic=4018|mle_ms=35.946|monotonic_ms=30|clock_delta_ms=5.946
|clock_suspect=0
PMLE_LIVE_REPLAY_TIC|tic=4019|mle_ms=19.339|monotonic_ms=20|clock_delta_ms=.661|
clock_suspect=0
PMLE_LIVE_REPLAY_TIC|tic=4020|mle_ms=16.582|monotonic_ms=20|clock_delta_ms=3.418
|clock_suspect=0
PMLE_LIVE_REPLAY_TIC|tic=4021|mle_ms=48.859|monotonic_ms=50|clock_delta_ms=1.141
|clock_suspect=0
PMLE_LIVE_REPLAY_TIC|tic=4022|mle_ms=14.608|monotonic_ms=10|clock_delta_ms=4.608
|clock_suspect=0
PMLE_LIVE_REPLAY_TIC|tic=4023|mle_ms=37.308|monotonic_ms=40|clock_delta_ms=2.692
|clock_suspect=0
PMLE_LIVE_REPLAY_TIC|tic=4024|mle_ms=43.988|monotonic_ms=40|clock_delta_ms=3.988
|clock_suspect=0
PMLE_LIVE_REPLAY_TIC|tic=4025|mle_ms=13.437|monotonic_ms=20|clock_delta_ms=6.563
|clock_suspect=0
PMLE_LIVE_REPLAY_TIC|tic=4026|mle_ms=60.745|monotonic_ms=60|clock_delta_ms=.745|
clock_suspect=0
PMLE_LIVE_REPLAY_TIC|tic=4027|mle_ms=35.67|monotonic_ms=40|clock_delta_ms=4.33|c
lock_suspect=0
PMLE_LIVE_REPLAY_TIC|tic=4028|mle_ms=14.039|monotonic_ms=10|clock_delta_ms=4.039
|clock_suspect=0
PMLE_LIVE_REPLAY_TIC|tic=4029|mle_ms=39.152|monotonic_ms=40|clock_delta_ms=.848|
clock_suspect=0
PMLE_LIVE_REPLAY_TIC|tic=4030|mle_ms=35.131|monotonic_ms=30|clock_delta_ms=5.131
|clock_suspect=0
PMLE_LIVE_REPLAY_TIC|tic=4031|mle_ms=26.357|monotonic_ms=30|clock_delta_ms=3.643
|clock_suspect=0
PMLE_LIVE_REPLAY_TIC|tic=4032|mle_ms=46.486|monotonic_ms=50|clock_delta_ms=3.514
|clock_suspect=0
PMLE_LIVE_REPLAY_TIC|tic=4033|mle_ms=57.907|monotonic_ms=50|clock_delta_ms=7.907
|clock_suspect=0
PMLE_LIVE_REPLAY_TIC|tic=4034|mle_ms=25.156|monotonic_ms=30|clock_delta_ms=4.844
|clock_suspect=0
PMLE_LIVE_REPLAY_TIC|tic=4035|mle_ms=37.669|monotonic_ms=40|clock_delta_ms=2.331
|clock_suspect=0
PMLE_LIVE_REPLAY_TIC|tic=4036|mle_ms=69.359|monotonic_ms=70|clock_delta_ms=.641|
clock_suspect=0
PMLE_LIVE_REPLAY_TIC|tic=4037|mle_ms=16.733|monotonic_ms=10|clock_delta_ms=6.733
|clock_suspect=0
PMLE_LIVE_REPLAY_TIC|tic=4038|mle_ms=38.594|monotonic_ms=40|clock_delta_ms=1.406
|clock_suspect=0
PMLE_LIVE_REPLAY_TIC|tic=4039|mle_ms=36.894|monotonic_ms=40|clock_delta_ms=3.106
|clock_suspect=0
PMLE_LIVE_REPLAY_TIC|tic=4040|mle_ms=16.678|monotonic_ms=20|clock_delta_ms=3.322
|clock_suspect=0
PMLE_LIVE_REPLAY_TIC|tic=4041|mle_ms=53.513|monotonic_ms=50|clock_delta_ms=3.513
|clock_suspect=0
PMLE_LIVE_REPLAY_TIC|tic=4042|mle_ms=39.629|monotonic_ms=40|clock_delta_ms=.371|
clock_suspect=0
PMLE_LIVE_REPLAY_TIC|tic=4043|mle_ms=32.623|monotonic_ms=30|clock_delta_ms=2.623
|clock_suspect=0
PMLE_LIVE_REPLAY_TIC|tic=4044|mle_ms=55.553|monotonic_ms=60|clock_delta_ms=4.447
|clock_suspect=0
PMLE_LIVE_REPLAY_TIC|tic=4045|mle_ms=42.397|monotonic_ms=40|clock_delta_ms=2.397
|clock_suspect=0
PMLE_LIVE_REPLAY_TIC|tic=4046|mle_ms=37.328|monotonic_ms=40|clock_delta_ms=2.672
|clock_suspect=0
PMLE_LIVE_REPLAY_TIC|tic=4047|mle_ms=51.729|monotonic_ms=50|clock_delta_ms=1.729
|clock_suspect=0
PMLE_LIVE_REPLAY_TIC|tic=4048|mle_ms=34.371|monotonic_ms=30|clock_delta_ms=4.371
|clock_suspect=0
PMLE_LIVE_REPLAY_TIC|tic=4049|mle_ms=14.032|monotonic_ms=20|clock_delta_ms=5.968
|clock_suspect=0
PMLE_LIVE_REPLAY_TIC|tic=4050|mle_ms=50.985|monotonic_ms=50|clock_delta_ms=.985|
clock_suspect=0
PMLE_LIVE_REPLAY_TIC|tic=4051|mle_ms=42.885|monotonic_ms=40|clock_delta_ms=2.885
|clock_suspect=0
PMLE_LIVE_REPLAY_TIC|tic=4052|mle_ms=14.19|monotonic_ms=20|clock_delta_ms=5.81|c
lock_suspect=0
PMLE_LIVE_REPLAY_TIC|tic=4053|mle_ms=67.485|monotonic_ms=60|clock_delta_ms=7.485
|clock_suspect=0
PMLE_LIVE_REPLAY_TIC|tic=4054|mle_ms=43.224|monotonic_ms=50|clock_delta_ms=6.776
|clock_suspect=0
PMLE_LIVE_REPLAY_TIC|tic=4055|mle_ms=15.111|monotonic_ms=10|clock_delta_ms=5.111
|clock_suspect=0
PMLE_LIVE_REPLAY_TIC|tic=4056|mle_ms=77.564|monotonic_ms=80|clock_delta_ms=2.436
|clock_suspect=0
PMLE_LIVE_REPLAY_TIC|tic=4057|mle_ms=40.589|monotonic_ms=40|clock_delta_ms=.589|
clock_suspect=0
PMLE_LIVE_REPLAY_TIC|tic=4058|mle_ms=14.858|monotonic_ms=20|clock_delta_ms=5.142
|clock_suspect=0
PMLE_LIVE_REPLAY_TIC|tic=4059|mle_ms=83.978|monotonic_ms=80|clock_delta_ms=3.978
|clock_suspect=0
PMLE_LIVE_REPLAY_TIC|tic=4060|mle_ms=49.133|monotonic_ms=50|clock_delta_ms=.867|
clock_suspect=0
PMLE_LIVE_REPLAY_TIC|tic=4061|mle_ms=34.381|monotonic_ms=30|clock_delta_ms=4.381
|clock_suspect=0
PMLE_LIVE_REPLAY_TIC|tic=4062|mle_ms=78.813|monotonic_ms=80|clock_delta_ms=1.187
|clock_suspect=0
PMLE_LIVE_REPLAY_TIC|tic=4063|mle_ms=55.271|monotonic_ms=60|clock_delta_ms=4.729
|clock_suspect=0
PMLE_LIVE_REPLAY_TIC|tic=4064|mle_ms=16.783|monotonic_ms=10|clock_delta_ms=6.783
|clock_suspect=0
PMLE_LIVE_REPLAY_TIC|tic=4065|mle_ms=16.198|monotonic_ms=20|clock_delta_ms=3.802
|clock_suspect=0
PMLE_LIVE_REPLAY_TIC|tic=4066|mle_ms=17.593|monotonic_ms=20|clock_delta_ms=2.407
|clock_suspect=0
PMLE_LIVE_REPLAY_TIC|tic=4067|mle_ms=14.992|monotonic_ms=10|clock_delta_ms=4.992
|clock_suspect=0
PMLE_LIVE_REPLAY_TIC|tic=4068|mle_ms=15.977|monotonic_ms=20|clock_delta_ms=4.023
|clock_suspect=0
PMLE_LIVE_REPLAY_TIC|tic=4069|mle_ms=13.862|monotonic_ms=10|clock_delta_ms=3.862
|clock_suspect=0
PMLE_LIVE_REPLAY_TIC|tic=4070|mle_ms=16.014|monotonic_ms=20|clock_delta_ms=3.986
|clock_suspect=0
PMLE_LIVE_REPLAY_TIC|tic=4071|mle_ms=17.902|monotonic_ms=20|clock_delta_ms=2.098
|clock_suspect=0
PMLE_LIVE_REPLAY_TIC|tic=4072|mle_ms=19.62|monotonic_ms=20|clock_delta_ms=.38|cl
ock_suspect=0
PMLE_LIVE_REPLAY_TIC|tic=4073|mle_ms=17.289|monotonic_ms=10|clock_delta_ms=7.289
|clock_suspect=0
PMLE_LIVE_REPLAY_TIC|tic=4074|mle_ms=18.058|monotonic_ms=20|clock_delta_ms=1.942
|clock_suspect=0
PMLE_LIVE_REPLAY_TIC|tic=4075|mle_ms=16.802|monotonic_ms=20|clock_delta_ms=3.198
|clock_suspect=0
PMLE_LIVE_REPLAY_TIC|tic=4076|mle_ms=17.494|monotonic_ms=20|clock_delta_ms=2.506
|clock_suspect=0
PMLE_LIVE_REPLAY_TIC|tic=4077|mle_ms=14.661|monotonic_ms=10|clock_delta_ms=4.661
|clock_suspect=0
PMLE_LIVE_REPLAY_TIC|tic=4078|mle_ms=16.62|monotonic_ms=20|clock_delta_ms=3.38|c
lock_suspect=0
PMLE_LIVE_REPLAY_TIC|tic=4079|mle_ms=16.058|monotonic_ms=10|clock_delta_ms=6.058
|clock_suspect=0
PMLE_LIVE_REPLAY_TIC|tic=4080|mle_ms=16.463|monotonic_ms=20|clock_delta_ms=3.537
|clock_suspect=0
PMLE_LIVE_REPLAY_TIC|tic=4081|mle_ms=15.908|monotonic_ms=20|clock_delta_ms=4.092
|clock_suspect=0
PMLE_LIVE_REPLAY_TIC|tic=4082|mle_ms=18.252|monotonic_ms=20|clock_delta_ms=1.748
|clock_suspect=0
PMLE_LIVE_REPLAY_TIC|tic=4083|mle_ms=15.881|monotonic_ms=10|clock_delta_ms=5.881
|clock_suspect=0
PMLE_LIVE_REPLAY_TIC|tic=4084|mle_ms=20.125|monotonic_ms=20|clock_delta_ms=.125|
clock_suspect=0
PMLE_LIVE_REPLAY_TIC|tic=4085|mle_ms=19.74|monotonic_ms=20|clock_delta_ms=.26|cl
ock_suspect=0
PMLE_LIVE_REPLAY_TIC|tic=4086|mle_ms=21.265|monotonic_ms=20|clock_delta_ms=1.265
|clock_suspect=0
PMLE_LIVE_REPLAY_TIC|tic=4087|mle_ms=19.6|monotonic_ms=20|clock_delta_ms=.4|cloc
k_suspect=0
PMLE_LIVE_REPLAY_TIC|tic=4088|mle_ms=19.678|monotonic_ms=20|clock_delta_ms=.322|
clock_suspect=0
PMLE_LIVE_REPLAY_TIC|tic=4089|mle_ms=20.571|monotonic_ms=20|clock_delta_ms=.571|
clock_suspect=0
PMLE_LIVE_REPLAY_TIC|tic=4090|mle_ms=21.968|monotonic_ms=30|clock_delta_ms=8.032
|clock_suspect=0
PMLE_LIVE_REPLAY_TIC|tic=4091|mle_ms=22.031|monotonic_ms=20|clock_delta_ms=2.031
|clock_suspect=0
PMLE_LIVE_REPLAY_TIC|tic=4092|mle_ms=26.613|monotonic_ms=20|clock_delta_ms=6.613
|clock_suspect=0
PMLE_LIVE_REPLAY_TIC|tic=4093|mle_ms=23.548|monotonic_ms=30|clock_delta_ms=6.452
|clock_suspect=0
PMLE_LIVE_REPLAY_TIC|tic=4094|mle_ms=23.818|monotonic_ms=20|clock_delta_ms=3.818
|clock_suspect=0
PMLE_LIVE_REPLAY_TIC|tic=4095|mle_ms=19.94|monotonic_ms=20|clock_delta_ms=.06|cl
ock_suspect=0
PMLE_LIVE_REPLAY_TIC|tic=4096|mle_ms=19.338|monotonic_ms=20|clock_delta_ms=.662|
clock_suspect=0
PMLE_LIVE_REPLAY_TIC|tic=4097|mle_ms=17.258|monotonic_ms=20|clock_delta_ms=2.742
|clock_suspect=0
PMLE_LIVE_REPLAY_TIC|tic=4098|mle_ms=20.1|monotonic_ms=20|clock_delta_ms=.1|cloc
k_suspect=0
PMLE_LIVE_REPLAY_TIC|tic=4099|mle_ms=18.444|monotonic_ms=20|clock_delta_ms=1.556
|clock_suspect=0
PMLE_LIVE_REPLAY_TIC|tic=4100|mle_ms=19.268|monotonic_ms=20|clock_delta_ms=.732|
clock_suspect=0
PMLE_LIVE_REPLAY_TIC|tic=4101|mle_ms=17.836|monotonic_ms=20|clock_delta_ms=2.164
|clock_suspect=0
PMLE_LIVE_REPLAY_TIC|tic=4102|mle_ms=17.494|monotonic_ms=20|clock_delta_ms=2.506
|clock_suspect=0
PMLE_LIVE_REPLAY_TIC|tic=4103|mle_ms=14.603|monotonic_ms=10|clock_delta_ms=4.603
|clock_suspect=0
PMLE_LIVE_REPLAY_TIC|tic=4104|mle_ms=16.478|monotonic_ms=20|clock_delta_ms=3.522
|clock_suspect=0
PMLE_LIVE_REPLAY_TIC|tic=4105|mle_ms=14.602|monotonic_ms=10|clock_delta_ms=4.602
|clock_suspect=0
PMLE_LIVE_REPLAY_TIC|tic=4106|mle_ms=15.587|monotonic_ms=20|clock_delta_ms=4.413
|clock_suspect=0
PMLE_LIVE_REPLAY_TIC|tic=4107|mle_ms=12.301|monotonic_ms=10|clock_delta_ms=2.301
|clock_suspect=0
PMLE_LIVE_REPLAY_TIC|tic=4108|mle_ms=12.993|monotonic_ms=20|clock_delta_ms=7.007
|clock_suspect=0
PMLE_LIVE_REPLAY_TIC|tic=4109|mle_ms=13.875|monotonic_ms=10|clock_delta_ms=3.875
|clock_suspect=0
PMLE_LIVE_REPLAY_TIC|tic=4110|mle_ms=15.279|monotonic_ms=10|clock_delta_ms=5.279
|clock_suspect=0
PMLE_LIVE_REPLAY_TIC|tic=4111|mle_ms=15.002|monotonic_ms=20|clock_delta_ms=4.998
|clock_suspect=0
PMLE_LIVE_REPLAY_TIC|tic=4112|mle_ms=13.886|monotonic_ms=10|clock_delta_ms=3.886
|clock_suspect=0
PMLE_LIVE_REPLAY_TIC|tic=4113|mle_ms=14.199|monotonic_ms=20|clock_delta_ms=5.801
|clock_suspect=0
PMLE_LIVE_REPLAY_TIC|tic=4114|mle_ms=14.521|monotonic_ms=10|clock_delta_ms=4.521
|clock_suspect=0
PMLE_LIVE_REPLAY_TIC|tic=4115|mle_ms=12.056|monotonic_ms=10|clock_delta_ms=2.056
|clock_suspect=0
PMLE_LIVE_REPLAY_TIC|tic=4116|mle_ms=14.115|monotonic_ms=20|clock_delta_ms=5.885
|clock_suspect=0
PMLE_LIVE_REPLAY_TIC|tic=4117|mle_ms=13.763|monotonic_ms=10|clock_delta_ms=3.763
|clock_suspect=0
PMLE_LIVE_REPLAY_TIC|tic=4118|mle_ms=16.99|monotonic_ms=20|clock_delta_ms=3.01|c
lock_suspect=0
PMLE_LIVE_REPLAY_TIC|tic=4119|mle_ms=16.57|monotonic_ms=20|clock_delta_ms=3.43|c
lock_suspect=0
PMLE_LIVE_REPLAY_TIC|tic=4120|mle_ms=18.049|monotonic_ms=10|clock_delta_ms=8.049
|clock_suspect=0
PMLE_LIVE_REPLAY_TIC|tic=4121|mle_ms=16.589|monotonic_ms=20|clock_delta_ms=3.411
|clock_suspect=0
PMLE_LIVE_REPLAY_TIC|tic=4122|mle_ms=17.447|monotonic_ms=20|clock_delta_ms=2.553
|clock_suspect=0
PMLE_LIVE_REPLAY_TIC|tic=4123|mle_ms=17.899|monotonic_ms=20|clock_delta_ms=2.101
|clock_suspect=0
PMLE_LIVE_REPLAY_TIC|tic=4124|mle_ms=19.581|monotonic_ms=20|clock_delta_ms=.419|
clock_suspect=0
PMLE_LIVE_REPLAY_TIC|tic=4125|mle_ms=17.561|monotonic_ms=10|clock_delta_ms=7.561
|clock_suspect=0
PMLE_LIVE_REPLAY_TIC|tic=4126|mle_ms=20.652|monotonic_ms=20|clock_delta_ms=.652|
clock_suspect=0
PMLE_LIVE_REPLAY_TIC|tic=4127|mle_ms=18.546|monotonic_ms=20|clock_delta_ms=1.454
|clock_suspect=0
PMLE_LIVE_REPLAY_TIC|tic=4128|mle_ms=20.121|monotonic_ms=20|clock_delta_ms=.121|
clock_suspect=0
PMLE_LIVE_REPLAY_TIC|tic=4129|mle_ms=22.618|monotonic_ms=30|clock_delta_ms=7.382
|clock_suspect=0
PMLE_LIVE_REPLAY_TIC|tic=4130|mle_ms=18.764|monotonic_ms=20|clock_delta_ms=1.236
|clock_suspect=0
PMLE_LIVE_REPLAY_TIC|tic=4131|mle_ms=19.284|monotonic_ms=10|clock_delta_ms=9.284
|clock_suspect=0
PMLE_LIVE_REPLAY_TIC|tic=4132|mle_ms=15.04|monotonic_ms=20|clock_delta_ms=4.96|c
lock_suspect=0
PMLE_LIVE_REPLAY_TIC|tic=4133|mle_ms=11.229|monotonic_ms=10|clock_delta_ms=1.229
|clock_suspect=0
PMLE_LIVE_REPLAY_TIC|tic=4134|mle_ms=12.82|monotonic_ms=10|clock_delta_ms=2.82|c
lock_suspect=0
PMLE_LIVE_REPLAY_TIC|tic=4135|mle_ms=11.694|monotonic_ms=20|clock_delta_ms=8.306
|clock_suspect=0
PMLE_LIVE_REPLAY_TIC|tic=4136|mle_ms=11.214|monotonic_ms=10|clock_delta_ms=1.214
|clock_suspect=0
PMLE_LIVE_REPLAY_TIC|tic=4137|mle_ms=9.039|monotonic_ms=10|clock_delta_ms=.961|c
lock_suspect=0
PMLE_LIVE_REPLAY_TIC|tic=4138|mle_ms=11.476|monotonic_ms=10|clock_delta_ms=1.476
|clock_suspect=0
PMLE_LIVE_REPLAY_TIC|tic=4139|mle_ms=11.837|monotonic_ms=10|clock_delta_ms=1.837
|clock_suspect=0
PMLE_LIVE_REPLAY_TIC|tic=4140|mle_ms=11.525|monotonic_ms=10|clock_delta_ms=1.525
|clock_suspect=0
PMLE_LIVE_REPLAY_TIC|tic=4141|mle_ms=11.695|monotonic_ms=10|clock_delta_ms=1.695
|clock_suspect=0
PMLE_LIVE_REPLAY_TIC|tic=4142|mle_ms=11.829|monotonic_ms=10|clock_delta_ms=1.829
|clock_suspect=0
PMLE_LIVE_REPLAY_TIC|tic=4143|mle_ms=11.321|monotonic_ms=20|clock_delta_ms=8.679
|clock_suspect=0
PMLE_LIVE_REPLAY_TIC|tic=4144|mle_ms=14.16|monotonic_ms=10|clock_delta_ms=4.16|c
lock_suspect=0
PMLE_LIVE_REPLAY_TIC|tic=4145|mle_ms=12.282|monotonic_ms=10|clock_delta_ms=2.282
|clock_suspect=0
PMLE_LIVE_REPLAY_TIC|tic=4146|mle_ms=14.203|monotonic_ms=20|clock_delta_ms=5.797
|clock_suspect=0
PMLE_LIVE_REPLAY_TIC|tic=4147|mle_ms=12.189|monotonic_ms=10|clock_delta_ms=2.189
|clock_suspect=0
PMLE_LIVE_REPLAY_TIC|tic=4148|mle_ms=11.707|monotonic_ms=10|clock_delta_ms=1.707
|clock_suspect=0
PMLE_LIVE_REPLAY_TIC|tic=4149|mle_ms=11.267|monotonic_ms=10|clock_delta_ms=1.267
|clock_suspect=0
PMLE_LIVE_REPLAY_TIC|tic=4150|mle_ms=11.667|monotonic_ms=10|clock_delta_ms=1.667
|clock_suspect=0
PMLE_LIVE_REPLAY_TIC|tic=4151|mle_ms=11.203|monotonic_ms=20|clock_delta_ms=8.797
|clock_suspect=0
PMLE_LIVE_REPLAY_TIC|tic=4152|mle_ms=12.385|monotonic_ms=10|clock_delta_ms=2.385
|clock_suspect=0
PMLE_LIVE_REPLAY_TIC|tic=4153|mle_ms=12.152|monotonic_ms=10|clock_delta_ms=2.152
|clock_suspect=0
PMLE_LIVE_REPLAY_TIC|tic=4154|mle_ms=12.671|monotonic_ms=10|clock_delta_ms=2.671
|clock_suspect=0
PMLE_LIVE_REPLAY_TIC|tic=4155|mle_ms=11.2|monotonic_ms=10|clock_delta_ms=1.2|clo
ck_suspect=0
PMLE_LIVE_REPLAY_TIC|tic=4156|mle_ms=13.685|monotonic_ms=20|clock_delta_ms=6.315
|clock_suspect=0
PMLE_LIVE_REPLAY_TIC|tic=4157|mle_ms=13.605|monotonic_ms=10|clock_delta_ms=3.605
|clock_suspect=0
PMLE_LIVE_REPLAY_TIC|tic=4158|mle_ms=13.906|monotonic_ms=20|clock_delta_ms=6.094
|clock_suspect=0
PMLE_LIVE_REPLAY_TIC|tic=4159|mle_ms=13.347|monotonic_ms=10|clock_delta_ms=3.347
|clock_suspect=0
PMLE_LIVE_REPLAY_TIC|tic=4160|mle_ms=12.978|monotonic_ms=10|clock_delta_ms=2.978
|clock_suspect=0
PMLE_LIVE_REPLAY_TIC|tic=4161|mle_ms=11.995|monotonic_ms=10|clock_delta_ms=1.995
|clock_suspect=0
PMLE_LIVE_REPLAY_TIC|tic=4162|mle_ms=12.88|monotonic_ms=20|clock_delta_ms=7.12|c
lock_suspect=0
PMLE_LIVE_REPLAY_TIC|tic=4163|mle_ms=13.325|monotonic_ms=10|clock_delta_ms=3.325
|clock_suspect=0
PMLE_LIVE_REPLAY_TIC|tic=4164|mle_ms=17.035|monotonic_ms=20|clock_delta_ms=2.965
|clock_suspect=0
PMLE_LIVE_REPLAY_TIC|tic=4165|mle_ms=15.158|monotonic_ms=10|clock_delta_ms=5.158
|clock_suspect=0
PMLE_LIVE_REPLAY_TIC|tic=4166|mle_ms=15.557|monotonic_ms=20|clock_delta_ms=4.443
|clock_suspect=0
PMLE_LIVE_REPLAY_TIC|tic=4167|mle_ms=12.22|monotonic_ms=10|clock_delta_ms=2.22|c
lock_suspect=0
PMLE_LIVE_REPLAY_TIC|tic=4168|mle_ms=16.463|monotonic_ms=20|clock_delta_ms=3.537
|clock_suspect=0
PMLE_LIVE_REPLAY_TIC|tic=4169|mle_ms=11.513|monotonic_ms=10|clock_delta_ms=1.513
|clock_suspect=0
PMLE_LIVE_REPLAY_TIC|tic=4170|mle_ms=10.251|monotonic_ms=10|clock_delta_ms=.251|
clock_suspect=0
PMLE_LIVE_REPLAY_TIC|tic=4171|mle_ms=9.872|monotonic_ms=10|clock_delta_ms=.128|c
lock_suspect=0
PMLE_LIVE_REPLAY_TIC|tic=4172|mle_ms=9.99|monotonic_ms=10|clock_delta_ms=.01|clo
ck_suspect=0
PMLE_LIVE_REPLAY_TIC|tic=4173|mle_ms=9.416|monotonic_ms=10|clock_delta_ms=.584|c
lock_suspect=0
PMLE_LIVE_REPLAY_TIC|tic=4174|mle_ms=11.51|monotonic_ms=10|clock_delta_ms=1.51|c
lock_suspect=0
PMLE_LIVE_REPLAY_TIC|tic=4175|mle_ms=8.24|monotonic_ms=10|clock_delta_ms=1.76|cl
ock_suspect=0
PMLE_LIVE_REPLAY_TIC|tic=4176|mle_ms=10.701|monotonic_ms=10|clock_delta_ms=.701|
clock_suspect=0
PMLE_LIVE_REPLAY_TIC|tic=4177|mle_ms=9.11|monotonic_ms=10|clock_delta_ms=.89|clo
ck_suspect=0
PMLE_LIVE_REPLAY_TIC|tic=4178|mle_ms=9.161|monotonic_ms=10|clock_delta_ms=.839|c
lock_suspect=0
PMLE_LIVE_REPLAY_TIC|tic=4179|mle_ms=8.301|monotonic_ms=10|clock_delta_ms=1.699|
clock_suspect=0
PMLE_LIVE_REPLAY_TIC|tic=4180|mle_ms=7.879|monotonic_ms=0|clock_delta_ms=7.879|c
lock_suspect=0
PMLE_LIVE_REPLAY_TIC|tic=4181|mle_ms=8.602|monotonic_ms=10|clock_delta_ms=1.398|
clock_suspect=0
PMLE_LIVE_REPLAY_TIC|tic=4182|mle_ms=10.459|monotonic_ms=10|clock_delta_ms=.459|
clock_suspect=0
PMLE_LIVE_REPLAY_TIC|tic=4183|mle_ms=10.165|monotonic_ms=10|clock_delta_ms=.165|
clock_suspect=0
PMLE_LIVE_REPLAY_TIC|tic=4184|mle_ms=11.031|monotonic_ms=10|clock_delta_ms=1.031
|clock_suspect=0
PMLE_LIVE_REPLAY_TIC|tic=4185|mle_ms=8.936|monotonic_ms=10|clock_delta_ms=1.064|
clock_suspect=0
PMLE_LIVE_REPLAY_TIC|tic=4186|mle_ms=9.692|monotonic_ms=10|clock_delta_ms=.308|c
lock_suspect=0
PMLE_LIVE_REPLAY_TIC|tic=4187|mle_ms=7.456|monotonic_ms=10|clock_delta_ms=2.544|
clock_suspect=0
PMLE_LIVE_REPLAY_TIC|tic=4188|mle_ms=9.382|monotonic_ms=10|clock_delta_ms=.618|c
lock_suspect=0
PMLE_LIVE_REPLAY_TIC|tic=4189|mle_ms=9.15|monotonic_ms=10|clock_delta_ms=.85|clo
ck_suspect=0
PMLE_LIVE_REPLAY_TIC|tic=4190|mle_ms=7.742|monotonic_ms=10|clock_delta_ms=2.258|
clock_suspect=0
PMLE_LIVE_REPLAY_TIC|tic=4191|mle_ms=7.842|monotonic_ms=10|clock_delta_ms=2.158|
clock_suspect=0
PMLE_LIVE_REPLAY_TIC|tic=4192|mle_ms=9.478|monotonic_ms=0|clock_delta_ms=9.478|c
lock_suspect=0
PMLE_LIVE_REPLAY_TIC|tic=4193|mle_ms=9.56|monotonic_ms=10|clock_delta_ms=.44|clo
ck_suspect=0
PMLE_LIVE_REPLAY_TIC|tic=4194|mle_ms=12.016|monotonic_ms=20|clock_delta_ms=7.984
|clock_suspect=0
PMLE_LIVE_REPLAY_TIC|tic=4195|mle_ms=9.702|monotonic_ms=10|clock_delta_ms=.298|c
lock_suspect=0
PMLE_LIVE_REPLAY_TIC|tic=4196|mle_ms=10.482|monotonic_ms=10|clock_delta_ms=.482|
clock_suspect=0
PMLE_LIVE_REPLAY_TIC|tic=4197|mle_ms=8.341|monotonic_ms=10|clock_delta_ms=1.659|
clock_suspect=0
PMLE_LIVE_REPLAY_TIC|tic=4198|mle_ms=9.343|monotonic_ms=0|clock_delta_ms=9.343|c
lock_suspect=0
PMLE_LIVE_REPLAY_TIC|tic=4199|mle_ms=8.853|monotonic_ms=10|clock_delta_ms=1.147|
clock_suspect=0
PMLE_LIVE_REPLAY_TIC|tic=4200|mle_ms=7.962|monotonic_ms=10|clock_delta_ms=2.038|
clock_suspect=0
PMLE_LIVE_REPLAY_TIC|tic=4201|mle_ms=9.88|monotonic_ms=10|clock_delta_ms=.12|clo
ck_suspect=0
PMLE_LIVE_REPLAY_TIC|tic=4202|mle_ms=9.985|monotonic_ms=10|clock_delta_ms=.015|c
lock_suspect=0
PMLE_LIVE_REPLAY_TIC|tic=4203|mle_ms=9.385|monotonic_ms=10|clock_delta_ms=.615|c
lock_suspect=0
PMLE_LIVE_REPLAY_TIC|tic=4204|mle_ms=10.573|monotonic_ms=10|clock_delta_ms=.573|
clock_suspect=0
PMLE_LIVE_REPLAY_TIC|tic=4205|mle_ms=9.378|monotonic_ms=10|clock_delta_ms=.622|c
lock_suspect=0
PMLE_LIVE_REPLAY_TIC|tic=4206|mle_ms=11.01|monotonic_ms=10|clock_delta_ms=1.01|c
lock_suspect=0
PMLE_LIVE_REPLAY_TIC|tic=4207|mle_ms=9.11|monotonic_ms=10|clock_delta_ms=.89|clo
ck_suspect=0
PMLE_LIVE_REPLAY_TIC|tic=4208|mle_ms=8.597|monotonic_ms=10|clock_delta_ms=1.403|
clock_suspect=0
PMLE_LIVE_REPLAY_TIC|tic=4209|mle_ms=7.229|monotonic_ms=10|clock_delta_ms=2.771|
clock_suspect=0
PMLE_LIVE_REPLAY_TIC|tic=4210|mle_ms=10.049|monotonic_ms=10|clock_delta_ms=.049|
clock_suspect=0
PMLE_LIVE_REPLAY_TIC|tic=4211|mle_ms=9.908|monotonic_ms=10|clock_delta_ms=.092|c
lock_suspect=0
PMLE_LIVE_REPLAY_TIC|tic=4212|mle_ms=12.192|monotonic_ms=10|clock_delta_ms=2.192
|clock_suspect=0
PMLE_LIVE_REPLAY_TIC|tic=4213|mle_ms=11.388|monotonic_ms=10|clock_delta_ms=1.388
|clock_suspect=0
PMLE_LIVE_REPLAY_TIC|tic=4214|mle_ms=11.381|monotonic_ms=10|clock_delta_ms=1.381
|clock_suspect=0
PMLE_LIVE_REPLAY_TIC|tic=4215|mle_ms=9.689|monotonic_ms=10|clock_delta_ms=.311|c
lock_suspect=0
PMLE_LIVE_REPLAY_TIC|tic=4216|mle_ms=10.859|monotonic_ms=10|clock_delta_ms=.859|
clock_suspect=0
PMLE_LIVE_REPLAY_TIC|tic=4217|mle_ms=9.128|monotonic_ms=10|clock_delta_ms=.872|c
lock_suspect=0
PMLE_LIVE_REPLAY_TIC|tic=4218|mle_ms=9.363|monotonic_ms=10|clock_delta_ms=.637|c
lock_suspect=0
PMLE_LIVE_REPLAY_TIC|tic=4219|mle_ms=9.25|monotonic_ms=10|clock_delta_ms=.75|clo
ck_suspect=0
PMLE_LIVE_REPLAY_TIC|tic=4220|mle_ms=7.776|monotonic_ms=10|clock_delta_ms=2.224|
clock_suspect=0
PMLE_LIVE_REPLAY_TIC|tic=4221|mle_ms=8.316|monotonic_ms=10|clock_delta_ms=1.684|
clock_suspect=0
PMLE_LIVE_REPLAY_TIC|tic=4222|mle_ms=9.974|monotonic_ms=10|clock_delta_ms=.026|c
lock_suspect=0
PMLE_LIVE_REPLAY_TIC|tic=4223|mle_ms=10.573|monotonic_ms=10|clock_delta_ms=.573|
clock_suspect=0
PMLE_LIVE_REPLAY_TIC|tic=4224|mle_ms=11.279|monotonic_ms=10|clock_delta_ms=1.279
|clock_suspect=0
PMLE_LIVE_REPLAY_TIC|tic=4225|mle_ms=9.991|monotonic_ms=10|clock_delta_ms=.009|c
lock_suspect=0
PMLE_LIVE_REPLAY_TIC|tic=4226|mle_ms=10.525|monotonic_ms=10|clock_delta_ms=.525|
clock_suspect=0
PMLE_LIVE_REPLAY_TIC|tic=4227|mle_ms=8.239|monotonic_ms=10|clock_delta_ms=1.761|
clock_suspect=0
PMLE_LIVE_REPLAY_TIC|tic=4228|mle_ms=8.798|monotonic_ms=10|clock_delta_ms=1.202|
clock_suspect=0
PMLE_LIVE_REPLAY_TIC|tic=4229|mle_ms=8.396|monotonic_ms=0|clock_delta_ms=8.396|c
lock_suspect=0
PMLE_LIVE_REPLAY_TIC|tic=4230|mle_ms=7.846|monotonic_ms=10|clock_delta_ms=2.154|
clock_suspect=0
PMLE_LIVE_REPLAY_TIC|tic=4231|mle_ms=8.408|monotonic_ms=10|clock_delta_ms=1.592|
clock_suspect=0
PMLE_LIVE_REPLAY_TIC|tic=4232|mle_ms=9.736|monotonic_ms=10|clock_delta_ms=.264|c
lock_suspect=0
PMLE_LIVE_REPLAY_TIC|tic=4233|mle_ms=9.625|monotonic_ms=10|clock_delta_ms=.375|c
lock_suspect=0
PMLE_LIVE_REPLAY_TIC|tic=4234|mle_ms=11.389|monotonic_ms=10|clock_delta_ms=1.389
|clock_suspect=0
PMLE_LIVE_REPLAY_TIC|tic=4235|mle_ms=10.457|monotonic_ms=10|clock_delta_ms=.457|
clock_suspect=0
PMLE_LIVE_REPLAY_TIC|tic=4236|mle_ms=11.814|monotonic_ms=10|clock_delta_ms=1.814
|clock_suspect=0
PMLE_LIVE_REPLAY_TIC|tic=4237|mle_ms=9.061|monotonic_ms=10|clock_delta_ms=.939|c
lock_suspect=0
PMLE_LIVE_REPLAY_TIC|tic=4238|mle_ms=9.038|monotonic_ms=10|clock_delta_ms=.962|c
lock_suspect=0
PMLE_LIVE_REPLAY_TIC|tic=4239|mle_ms=8.83|monotonic_ms=10|clock_delta_ms=1.17|cl
ock_suspect=0
PMLE_LIVE_REPLAY_TIC|tic=4240|mle_ms=9.723|monotonic_ms=10|clock_delta_ms=.277|c
lock_suspect=0
PMLE_LIVE_REPLAY_TIC|tic=4241|mle_ms=9.281|monotonic_ms=10|clock_delta_ms=.719|c
lock_suspect=0
PMLE_LIVE_REPLAY_TIC|tic=4242|mle_ms=11.3|monotonic_ms=10|clock_delta_ms=1.3|clo
ck_suspect=0
PMLE_LIVE_REPLAY_TIC|tic=4243|mle_ms=11.912|monotonic_ms=10|clock_delta_ms=1.912
|clock_suspect=0
PMLE_LIVE_REPLAY_TIC|tic=4244|mle_ms=11.337|monotonic_ms=20|clock_delta_ms=8.663
|clock_suspect=0
PMLE_LIVE_REPLAY_TIC|tic=4245|mle_ms=10.48|monotonic_ms=10|clock_delta_ms=.48|cl
ock_suspect=0
PMLE_LIVE_REPLAY_TIC|tic=4246|mle_ms=13.066|monotonic_ms=10|clock_delta_ms=3.066
|clock_suspect=0
PMLE_LIVE_REPLAY_TIC|tic=4247|mle_ms=9.595|monotonic_ms=10|clock_delta_ms=.405|c
lock_suspect=0
PMLE_LIVE_REPLAY_TIC|tic=4248|mle_ms=10.167|monotonic_ms=10|clock_delta_ms=.167|
clock_suspect=0
PMLE_LIVE_REPLAY_TIC|tic=4249|mle_ms=10.237|monotonic_ms=10|clock_delta_ms=.237|
clock_suspect=0
PMLE_LIVE_REPLAY_TIC|tic=4250|mle_ms=10.074|monotonic_ms=10|clock_delta_ms=.074|
clock_suspect=0
PMLE_LIVE_REPLAY_TIC|tic=4251|mle_ms=9.379|monotonic_ms=10|clock_delta_ms=.621|c
lock_suspect=0
PMLE_LIVE_REPLAY_TIC|tic=4252|mle_ms=10.488|monotonic_ms=10|clock_delta_ms=.488|
clock_suspect=0
PMLE_LIVE_REPLAY_TIC|tic=4253|mle_ms=13.481|monotonic_ms=10|clock_delta_ms=3.481
|clock_suspect=0
PMLE_LIVE_REPLAY_TIC|tic=4254|mle_ms=11.475|monotonic_ms=10|clock_delta_ms=1.475
|clock_suspect=0
PMLE_LIVE_REPLAY_TIC|tic=4255|mle_ms=9.331|monotonic_ms=10|clock_delta_ms=.669|c
lock_suspect=0
PMLE_LIVE_REPLAY_TIC|tic=4256|mle_ms=10.268|monotonic_ms=10|clock_delta_ms=.268|
clock_suspect=0
PMLE_LIVE_REPLAY_TIC|tic=4257|mle_ms=8.133|monotonic_ms=10|clock_delta_ms=1.867|
clock_suspect=0
PMLE_LIVE_REPLAY_TIC|tic=4258|mle_ms=8.117|monotonic_ms=10|clock_delta_ms=1.883|
clock_suspect=0
PMLE_LIVE_REPLAY_TIC|tic=4259|mle_ms=8.301|monotonic_ms=10|clock_delta_ms=1.699|
clock_suspect=0
PMLE_LIVE_REPLAY_TIC|tic=4260|mle_ms=10.157|monotonic_ms=10|clock_delta_ms=.157|
clock_suspect=0
PMLE_LIVE_REPLAY_TIC|tic=4261|mle_ms=10.676|monotonic_ms=10|clock_delta_ms=.676|
clock_suspect=0
PMLE_LIVE_REPLAY_TIC|tic=4262|mle_ms=11.549|monotonic_ms=10|clock_delta_ms=1.549
|clock_suspect=0
PMLE_LIVE_REPLAY_TIC|tic=4263|mle_ms=10.156|monotonic_ms=10|clock_delta_ms=.156|
clock_suspect=0
PMLE_LIVE_REPLAY_TIC|tic=4264|mle_ms=10.994|monotonic_ms=10|clock_delta_ms=.994|
clock_suspect=0
PMLE_LIVE_REPLAY_TIC|tic=4265|mle_ms=9.42|monotonic_ms=10|clock_delta_ms=.58|clo
ck_suspect=0
PMLE_LIVE_REPLAY_TIC|tic=4266|mle_ms=11.665|monotonic_ms=10|clock_delta_ms=1.665
|clock_suspect=0
PMLE_LIVE_REPLAY_TIC|tic=4267|mle_ms=9.494|monotonic_ms=10|clock_delta_ms=.506|c
lock_suspect=0
PMLE_LIVE_REPLAY_TIC|tic=4268|mle_ms=8.992|monotonic_ms=10|clock_delta_ms=1.008|
clock_suspect=0
PMLE_LIVE_REPLAY_TIC|tic=4269|mle_ms=8.347|monotonic_ms=10|clock_delta_ms=1.653|
clock_suspect=0
PMLE_LIVE_REPLAY_TIC|tic=4270|mle_ms=8.052|monotonic_ms=10|clock_delta_ms=1.948|
clock_suspect=0
PMLE_LIVE_REPLAY_TIC|tic=4271|mle_ms=8.952|monotonic_ms=10|clock_delta_ms=1.048|
clock_suspect=0
PMLE_LIVE_REPLAY_TIC|tic=4272|mle_ms=10.496|monotonic_ms=10|clock_delta_ms=.496|
clock_suspect=0
PMLE_LIVE_REPLAY_TIC|tic=4273|mle_ms=10.211|monotonic_ms=10|clock_delta_ms=.211|
clock_suspect=0
PMLE_LIVE_REPLAY_TIC|tic=4274|mle_ms=10.346|monotonic_ms=10|clock_delta_ms=.346|
clock_suspect=0
PMLE_LIVE_REPLAY_TIC|tic=4275|mle_ms=8.89|monotonic_ms=10|clock_delta_ms=1.11|cl
ock_suspect=0
PMLE_LIVE_REPLAY_TIC|tic=4276|mle_ms=10.691|monotonic_ms=10|clock_delta_ms=.691|
clock_suspect=0
PMLE_LIVE_REPLAY_TIC|tic=4277|mle_ms=8.753|monotonic_ms=10|clock_delta_ms=1.247|
clock_suspect=0
PMLE_LIVE_REPLAY_TIC|tic=4278|mle_ms=9.206|monotonic_ms=10|clock_delta_ms=.794|c
lock_suspect=0
PMLE_LIVE_REPLAY_TIC|tic=4279|mle_ms=8.399|monotonic_ms=10|clock_delta_ms=1.601|
clock_suspect=0
PMLE_LIVE_REPLAY_TIC|tic=4280|mle_ms=7.507|monotonic_ms=0|clock_delta_ms=7.507|c
lock_suspect=0
PMLE_LIVE_REPLAY_TIC|tic=4281|mle_ms=8.684|monotonic_ms=10|clock_delta_ms=1.316|
clock_suspect=0
PMLE_LIVE_REPLAY_TIC|tic=4282|mle_ms=9.965|monotonic_ms=10|clock_delta_ms=.035|c
lock_suspect=0
PMLE_LIVE_REPLAY_TIC|tic=4283|mle_ms=10.67|monotonic_ms=10|clock_delta_ms=.67|cl
ock_suspect=0
PMLE_LIVE_REPLAY_TIC|tic=4284|mle_ms=11.32|monotonic_ms=10|clock_delta_ms=1.32|c
lock_suspect=0
PMLE_LIVE_REPLAY_TIC|tic=4285|mle_ms=10.111|monotonic_ms=20|clock_delta_ms=9.889
|clock_suspect=0
PMLE_LIVE_REPLAY_TIC|tic=4286|mle_ms=10.615|monotonic_ms=10|clock_delta_ms=.615|
clock_suspect=0
PMLE_LIVE_REPLAY_TIC|tic=4287|mle_ms=8.133|monotonic_ms=0|clock_delta_ms=8.133|c
lock_suspect=0
PMLE_LIVE_REPLAY_TIC|tic=4288|mle_ms=9.026|monotonic_ms=10|clock_delta_ms=.974|c
lock_suspect=0
PMLE_LIVE_REPLAY_TIC|tic=4289|mle_ms=9.079|monotonic_ms=10|clock_delta_ms=.921|c
lock_suspect=0
PMLE_LIVE_REPLAY_TIC|tic=4290|mle_ms=9.258|monotonic_ms=10|clock_delta_ms=.742|c
lock_suspect=0
PMLE_LIVE_REPLAY_TIC|tic=4291|mle_ms=8.399|monotonic_ms=10|clock_delta_ms=1.601|
clock_suspect=0
PMLE_LIVE_REPLAY_TIC|tic=4292|mle_ms=8.573|monotonic_ms=10|clock_delta_ms=1.427|
clock_suspect=0
PMLE_LIVE_REPLAY_TIC|tic=4293|mle_ms=9.031|monotonic_ms=10|clock_delta_ms=.969|c
lock_suspect=0
PMLE_LIVE_REPLAY_TIC|tic=4294|mle_ms=10.644|monotonic_ms=10|clock_delta_ms=.644|
clock_suspect=0
PMLE_LIVE_REPLAY_TIC|tic=4295|mle_ms=12.618|monotonic_ms=10|clock_delta_ms=2.618
|clock_suspect=0
PMLE_LIVE_REPLAY_TIC|tic=4296|mle_ms=11.56|monotonic_ms=10|clock_delta_ms=1.56|c
lock_suspect=0
PMLE_LIVE_REPLAY_TIC|tic=4297|mle_ms=8.773|monotonic_ms=10|clock_delta_ms=1.227|
clock_suspect=0
PMLE_LIVE_REPLAY_TIC|tic=4298|mle_ms=8.04|monotonic_ms=10|clock_delta_ms=1.96|cl
ock_suspect=0
PMLE_LIVE_REPLAY_TIC|tic=4299|mle_ms=8.416|monotonic_ms=10|clock_delta_ms=1.584|
clock_suspect=0
PMLE_LIVE_REPLAY_TIC|tic=4300|mle_ms=8.647|monotonic_ms=10|clock_delta_ms=1.353|
clock_suspect=0
PMLE_LIVE_REPLAY_TIC|tic=4301|mle_ms=8.377|monotonic_ms=0|clock_delta_ms=8.377|c
lock_suspect=0
PMLE_LIVE_REPLAY_TIC|tic=4302|mle_ms=11.376|monotonic_ms=20|clock_delta_ms=8.624
|clock_suspect=0
PMLE_LIVE_REPLAY_TIC|tic=4303|mle_ms=10.65|monotonic_ms=10|clock_delta_ms=.65|cl
ock_suspect=0
PMLE_LIVE_REPLAY_TIC|tic=4304|mle_ms=10.799|monotonic_ms=10|clock_delta_ms=.799|
clock_suspect=0
PMLE_LIVE_REPLAY_TIC|tic=4305|mle_ms=9.591|monotonic_ms=10|clock_delta_ms=.409|c
lock_suspect=0
PMLE_LIVE_REPLAY_TIC|tic=4306|mle_ms=10.224|monotonic_ms=10|clock_delta_ms=.224|
clock_suspect=0
PMLE_LIVE_REPLAY_TIC|tic=4307|mle_ms=7.352|monotonic_ms=0|clock_delta_ms=7.352|c
lock_suspect=0
PMLE_LIVE_REPLAY_TIC|tic=4308|mle_ms=8.501|monotonic_ms=10|clock_delta_ms=1.499|
clock_suspect=0
PMLE_LIVE_REPLAY_TIC|tic=4309|mle_ms=9.343|monotonic_ms=10|clock_delta_ms=.657|c
lock_suspect=0
PMLE_LIVE_REPLAY_TIC|tic=4310|mle_ms=9.146|monotonic_ms=10|clock_delta_ms=.854|c
lock_suspect=0
PMLE_LIVE_REPLAY_TIC|tic=4311|mle_ms=9.767|monotonic_ms=10|clock_delta_ms=.233|c
lock_suspect=0
PMLE_LIVE_REPLAY_TIC|tic=4312|mle_ms=11.012|monotonic_ms=10|clock_delta_ms=1.012
|clock_suspect=0
PMLE_LIVE_REPLAY_TIC|tic=4313|mle_ms=11.083|monotonic_ms=10|clock_delta_ms=1.083
|clock_suspect=0
PMLE_LIVE_REPLAY_TIC|tic=4314|mle_ms=11.636|monotonic_ms=20|clock_delta_ms=8.364
|clock_suspect=0
PMLE_LIVE_REPLAY_TIC|tic=4315|mle_ms=10.542|monotonic_ms=10|clock_delta_ms=.542|
clock_suspect=0
PMLE_LIVE_REPLAY_TIC|tic=4316|mle_ms=11.021|monotonic_ms=10|clock_delta_ms=1.021
|clock_suspect=0
PMLE_LIVE_REPLAY_TIC|tic=4317|mle_ms=8.32|monotonic_ms=10|clock_delta_ms=1.68|cl
ock_suspect=0
PMLE_LIVE_REPLAY_TIC|tic=4318|mle_ms=9.6|monotonic_ms=10|clock_delta_ms=.4|clock
_suspect=0
PMLE_LIVE_REPLAY_TIC|tic=4319|mle_ms=8.635|monotonic_ms=0|clock_delta_ms=8.635|c
lock_suspect=0
PMLE_LIVE_REPLAY_TIC|tic=4320|mle_ms=9.518|monotonic_ms=10|clock_delta_ms=.482|c
lock_suspect=0
PMLE_LIVE_REPLAY_TIC|tic=4321|mle_ms=11.743|monotonic_ms=20|clock_delta_ms=8.257
|clock_suspect=0
PMLE_LIVE_REPLAY_TIC|tic=4322|mle_ms=12.787|monotonic_ms=10|clock_delta_ms=2.787
|clock_suspect=0
PMLE_LIVE_REPLAY_TIC|tic=4323|mle_ms=17.397|monotonic_ms=20|clock_delta_ms=2.603
|clock_suspect=0
PMLE_LIVE_REPLAY_TIC|tic=4324|mle_ms=10.212|monotonic_ms=10|clock_delta_ms=.212|
clock_suspect=0
PMLE_LIVE_REPLAY_TIC|tic=4325|mle_ms=11.929|monotonic_ms=10|clock_delta_ms=1.929
|clock_suspect=0
PMLE_LIVE_REPLAY_TIC|tic=4326|mle_ms=10.901|monotonic_ms=10|clock_delta_ms=.901|
clock_suspect=0
PMLE_LIVE_REPLAY_TIC|tic=4327|mle_ms=10.541|monotonic_ms=10|clock_delta_ms=.541|
clock_suspect=0
PMLE_LIVE_REPLAY_TIC|tic=4328|mle_ms=10.169|monotonic_ms=10|clock_delta_ms=.169|
clock_suspect=0
PMLE_LIVE_REPLAY_TIC|tic=4329|mle_ms=9.716|monotonic_ms=10|clock_delta_ms=.284|c
lock_suspect=0
PMLE_LIVE_REPLAY_TIC|tic=4330|mle_ms=10.213|monotonic_ms=10|clock_delta_ms=.213|
clock_suspect=0
PMLE_LIVE_REPLAY_TIC|tic=4331|mle_ms=9.751|monotonic_ms=10|clock_delta_ms=.249|c
lock_suspect=0
PMLE_LIVE_REPLAY_TIC|tic=4332|mle_ms=11.11|monotonic_ms=10|clock_delta_ms=1.11|c
lock_suspect=0
PMLE_LIVE_REPLAY_TIC|tic=4333|mle_ms=13.743|monotonic_ms=10|clock_delta_ms=3.743
|clock_suspect=0
PMLE_LIVE_REPLAY_TIC|tic=4334|mle_ms=12.09|monotonic_ms=20|clock_delta_ms=7.91|c
lock_suspect=0
PMLE_LIVE_REPLAY_TIC|tic=4335|mle_ms=10.254|monotonic_ms=10|clock_delta_ms=.254|
clock_suspect=0
PMLE_LIVE_REPLAY_TIC|tic=4336|mle_ms=14.461|monotonic_ms=10|clock_delta_ms=4.461
|clock_suspect=0
PMLE_LIVE_REPLAY_TIC|tic=4337|mle_ms=9.257|monotonic_ms=10|clock_delta_ms=.743|c
lock_suspect=0
PMLE_LIVE_REPLAY_TIC|tic=4338|mle_ms=10.069|monotonic_ms=10|clock_delta_ms=.069|
clock_suspect=0
PMLE_LIVE_REPLAY_TIC|tic=4339|mle_ms=10.894|monotonic_ms=10|clock_delta_ms=.894|
clock_suspect=0
PMLE_LIVE_REPLAY_TIC|tic=4340|mle_ms=9.384|monotonic_ms=10|clock_delta_ms=.616|c
lock_suspect=0
PMLE_LIVE_REPLAY_TIC|tic=4341|mle_ms=9.413|monotonic_ms=10|clock_delta_ms=.587|c
lock_suspect=0
PMLE_LIVE_REPLAY_TIC|tic=4342|mle_ms=10.165|monotonic_ms=10|clock_delta_ms=.165|
clock_suspect=0
PMLE_LIVE_REPLAY_TIC|tic=4343|mle_ms=10.12|monotonic_ms=10|clock_delta_ms=.12|cl
ock_suspect=0
PMLE_LIVE_REPLAY_TIC|tic=4344|mle_ms=11.583|monotonic_ms=10|clock_delta_ms=1.583
|clock_suspect=0
PMLE_LIVE_REPLAY_TIC|tic=4345|mle_ms=10.279|monotonic_ms=10|clock_delta_ms=.279|
clock_suspect=0
PMLE_LIVE_REPLAY_TIC|tic=4346|mle_ms=10.55|monotonic_ms=10|clock_delta_ms=.55|cl
ock_suspect=0
PMLE_LIVE_REPLAY_TIC|tic=4347|mle_ms=8.193|monotonic_ms=10|clock_delta_ms=1.807|
clock_suspect=0
PMLE_LIVE_REPLAY_TIC|tic=4348|mle_ms=10.578|monotonic_ms=10|clock_delta_ms=.578|
clock_suspect=0
PMLE_LIVE_REPLAY_TIC|tic=4349|mle_ms=11.768|monotonic_ms=20|clock_delta_ms=8.232
|clock_suspect=0
PMLE_LIVE_REPLAY_TIC|tic=4350|mle_ms=12.158|monotonic_ms=10|clock_delta_ms=2.158
|clock_suspect=0
PMLE_LIVE_REPLAY_TIC|tic=4351|mle_ms=10.503|monotonic_ms=10|clock_delta_ms=.503|
clock_suspect=0
PMLE_LIVE_REPLAY_TIC|tic=4352|mle_ms=9.781|monotonic_ms=10|clock_delta_ms=.219|c
lock_suspect=0
PMLE_LIVE_REPLAY_TIC|tic=4353|mle_ms=10.712|monotonic_ms=10|clock_delta_ms=.712|
clock_suspect=0
PMLE_LIVE_REPLAY_TIC|tic=4354|mle_ms=11.648|monotonic_ms=10|clock_delta_ms=1.648
|clock_suspect=0
PMLE_LIVE_REPLAY_TIC|tic=4355|mle_ms=10.306|monotonic_ms=10|clock_delta_ms=.306|
clock_suspect=0
PMLE_LIVE_REPLAY_TIC|tic=4356|mle_ms=9.843|monotonic_ms=10|clock_delta_ms=.157|c
lock_suspect=0
PMLE_LIVE_REPLAY_TIC|tic=4357|mle_ms=8.872|monotonic_ms=10|clock_delta_ms=1.128|
clock_suspect=0
PMLE_LIVE_REPLAY_TIC|tic=4358|mle_ms=9.693|monotonic_ms=10|clock_delta_ms=.307|c
lock_suspect=0
PMLE_LIVE_REPLAY_TIC|tic=4359|mle_ms=9.713|monotonic_ms=10|clock_delta_ms=.287|c
lock_suspect=0
PMLE_LIVE_REPLAY_TIC|tic=4360|mle_ms=10.107|monotonic_ms=10|clock_delta_ms=.107|
clock_suspect=0
PMLE_LIVE_REPLAY_TIC|tic=4361|mle_ms=9.863|monotonic_ms=10|clock_delta_ms=.137|c
lock_suspect=0
PMLE_LIVE_REPLAY_TIC|tic=4362|mle_ms=10.619|monotonic_ms=10|clock_delta_ms=.619|
clock_suspect=0
PMLE_LIVE_REPLAY_TIC|tic=4363|mle_ms=10.559|monotonic_ms=10|clock_delta_ms=.559|
clock_suspect=0
PMLE_LIVE_REPLAY_TIC|tic=4364|mle_ms=10.921|monotonic_ms=10|clock_delta_ms=.921|
clock_suspect=0
PMLE_LIVE_REPLAY_TIC|tic=4365|mle_ms=9.349|monotonic_ms=10|clock_delta_ms=.651|c
lock_suspect=0
PMLE_LIVE_REPLAY_TIC|tic=4366|mle_ms=11.18|monotonic_ms=10|clock_delta_ms=1.18|c
lock_suspect=0
PMLE_LIVE_REPLAY_TIC|tic=4367|mle_ms=8.829|monotonic_ms=10|clock_delta_ms=1.171|
clock_suspect=0
PMLE_LIVE_REPLAY_TIC|tic=4368|mle_ms=9.797|monotonic_ms=10|clock_delta_ms=.203|c
lock_suspect=0
PMLE_LIVE_REPLAY_TIC|tic=4369|mle_ms=9.892|monotonic_ms=10|clock_delta_ms=.108|c
lock_suspect=0
PMLE_LIVE_REPLAY_TIC|tic=4370|mle_ms=9.407|monotonic_ms=10|clock_delta_ms=.593|c
lock_suspect=0
PMLE_LIVE_REPLAY_TIC|tic=4371|mle_ms=8.218|monotonic_ms=10|clock_delta_ms=1.782|
clock_suspect=0
PMLE_LIVE_REPLAY_TIC|tic=4372|mle_ms=9.651|monotonic_ms=10|clock_delta_ms=.349|c
lock_suspect=0
PMLE_LIVE_REPLAY_TIC|tic=4373|mle_ms=9.836|monotonic_ms=10|clock_delta_ms=.164|c
lock_suspect=0
PMLE_LIVE_REPLAY_TIC|tic=4374|mle_ms=10.073|monotonic_ms=10|clock_delta_ms=.073|
clock_suspect=0
PMLE_LIVE_REPLAY_TIC|tic=4375|mle_ms=8.401|monotonic_ms=10|clock_delta_ms=1.599|
clock_suspect=0
PMLE_LIVE_REPLAY_TIC|tic=4376|mle_ms=9.085|monotonic_ms=10|clock_delta_ms=.915|c
lock_suspect=0
PMLE_LIVE_REPLAY_TIC|tic=4377|mle_ms=10.752|monotonic_ms=10|clock_delta_ms=.752|
clock_suspect=0
PMLE_LIVE_REPLAY_TIC|tic=4378|mle_ms=9.43|monotonic_ms=10|clock_delta_ms=.57|clo
ck_suspect=0
PMLE_LIVE_REPLAY_TIC|tic=4379|mle_ms=9.63|monotonic_ms=10|clock_delta_ms=.37|clo
ck_suspect=0
PMLE_LIVE_REPLAY_TIC|tic=4380|mle_ms=10.113|monotonic_ms=10|clock_delta_ms=.113|
clock_suspect=0
PMLE_LIVE_REPLAY_TIC|tic=4381|mle_ms=9.535|monotonic_ms=10|clock_delta_ms=.465|c
lock_suspect=0
PMLE_LIVE_REPLAY_TIC|tic=4382|mle_ms=10.085|monotonic_ms=10|clock_delta_ms=.085|
clock_suspect=0
PMLE_LIVE_REPLAY_TIC|tic=4383|mle_ms=9.199|monotonic_ms=10|clock_delta_ms=.801|c
lock_suspect=0
PMLE_LIVE_REPLAY_TIC|tic=4384|mle_ms=10.65|monotonic_ms=10|clock_delta_ms=.65|cl
ock_suspect=0
PMLE_LIVE_REPLAY_TIC|tic=4385|mle_ms=9.822|monotonic_ms=10|clock_delta_ms=.178|c
lock_suspect=0
PMLE_LIVE_REPLAY_TIC|tic=4386|mle_ms=11.601|monotonic_ms=10|clock_delta_ms=1.601
|clock_suspect=0
PMLE_LIVE_REPLAY_TIC|tic=4387|mle_ms=9.873|monotonic_ms=10|clock_delta_ms=.127|c
lock_suspect=0
PMLE_LIVE_REPLAY_TIC|tic=4388|mle_ms=9.217|monotonic_ms=10|clock_delta_ms=.783|c
lock_suspect=0
PMLE_LIVE_REPLAY_TIC|tic=4389|mle_ms=9.214|monotonic_ms=10|clock_delta_ms=.786|c
lock_suspect=0
PMLE_LIVE_REPLAY_TIC|tic=4390|mle_ms=9.293|monotonic_ms=10|clock_delta_ms=.707|c
lock_suspect=0
PMLE_LIVE_REPLAY_TIC|tic=4391|mle_ms=9.261|monotonic_ms=10|clock_delta_ms=.739|c
lock_suspect=0
PMLE_LIVE_REPLAY_TIC|tic=4392|mle_ms=10.486|monotonic_ms=10|clock_delta_ms=.486|
clock_suspect=0
PMLE_LIVE_REPLAY_TIC|tic=4393|mle_ms=10.045|monotonic_ms=10|clock_delta_ms=.045|
clock_suspect=0
PMLE_LIVE_REPLAY_TIC|tic=4394|mle_ms=8.792|monotonic_ms=0|clock_delta_ms=8.792|c
lock_suspect=0
PMLE_LIVE_REPLAY_TIC|tic=4395|mle_ms=7.251|monotonic_ms=10|clock_delta_ms=2.749|
clock_suspect=0
PMLE_LIVE_REPLAY_TIC|tic=4396|mle_ms=8.826|monotonic_ms=10|clock_delta_ms=1.174|
clock_suspect=0
PMLE_LIVE_REPLAY_TIC|tic=4397|mle_ms=7.57|monotonic_ms=10|clock_delta_ms=2.43|cl
ock_suspect=0
PMLE_LIVE_REPLAY_TIC|tic=4398|mle_ms=9.397|monotonic_ms=10|clock_delta_ms=.603|c
lock_suspect=0
PMLE_LIVE_REPLAY_TIC|tic=4399|mle_ms=9.566|monotonic_ms=10|clock_delta_ms=.434|c
lock_suspect=0
PMLE_LIVE_REPLAY_TIC|tic=4400|mle_ms=9.751|monotonic_ms=10|clock_delta_ms=.249|c
lock_suspect=0
PMLE_LIVE_REPLAY_TIC|tic=4401|mle_ms=8.619|monotonic_ms=10|clock_delta_ms=1.381|
clock_suspect=0
PMLE_LIVE_REPLAY_TIC|tic=4402|mle_ms=8.592|monotonic_ms=10|clock_delta_ms=1.408|
clock_suspect=0
PMLE_LIVE_REPLAY_TIC|tic=4403|mle_ms=8.284|monotonic_ms=0|clock_delta_ms=8.284|c
lock_suspect=0
PMLE_LIVE_REPLAY_TIC|tic=4404|mle_ms=10.007|monotonic_ms=10|clock_delta_ms=.007|
clock_suspect=0
PMLE_LIVE_REPLAY_TIC|tic=4405|mle_ms=9.71|monotonic_ms=10|clock_delta_ms=.29|clo
ck_suspect=0
PMLE_LIVE_REPLAY_TIC|tic=4406|mle_ms=11.697|monotonic_ms=20|clock_delta_ms=8.303
|clock_suspect=0
PMLE_LIVE_REPLAY_TIC|tic=4407|mle_ms=9.413|monotonic_ms=10|clock_delta_ms=.587|c
lock_suspect=0
PMLE_LIVE_REPLAY_TIC|tic=4408|mle_ms=10.772|monotonic_ms=10|clock_delta_ms=.772|
clock_suspect=0
PMLE_LIVE_REPLAY_TIC|tic=4409|mle_ms=9.635|monotonic_ms=10|clock_delta_ms=.365|c
lock_suspect=0
PMLE_LIVE_REPLAY_TIC|tic=4410|mle_ms=9.99|monotonic_ms=10|clock_delta_ms=.01|clo
ck_suspect=0
PMLE_LIVE_REPLAY_TIC|tic=4411|mle_ms=10.419|monotonic_ms=10|clock_delta_ms=.419|
clock_suspect=0
PMLE_LIVE_REPLAY_TIC|tic=4412|mle_ms=9.726|monotonic_ms=10|clock_delta_ms=.274|c
lock_suspect=0
PMLE_LIVE_REPLAY_TIC|tic=4413|mle_ms=9.354|monotonic_ms=10|clock_delta_ms=.646|c
lock_suspect=0
PMLE_LIVE_REPLAY_TIC|tic=4414|mle_ms=11.228|monotonic_ms=10|clock_delta_ms=1.228
|clock_suspect=0
PMLE_LIVE_REPLAY_TIC|tic=4415|mle_ms=10.043|monotonic_ms=10|clock_delta_ms=.043|
clock_suspect=0
PMLE_LIVE_REPLAY_TIC|tic=4416|mle_ms=11.57|monotonic_ms=10|clock_delta_ms=1.57|c
lock_suspect=0
PMLE_LIVE_REPLAY_TIC|tic=4417|mle_ms=9.647|monotonic_ms=10|clock_delta_ms=.353|c
lock_suspect=0
PMLE_LIVE_REPLAY_TIC|tic=4418|mle_ms=12.504|monotonic_ms=10|clock_delta_ms=2.504
|clock_suspect=0
PMLE_LIVE_REPLAY_TIC|tic=4419|mle_ms=9.018|monotonic_ms=10|clock_delta_ms=.982|c
lock_suspect=0
PMLE_LIVE_REPLAY_TIC|tic=4420|mle_ms=8.924|monotonic_ms=10|clock_delta_ms=1.076|
clock_suspect=0
PMLE_LIVE_REPLAY_TIC|tic=4421|mle_ms=9.048|monotonic_ms=10|clock_delta_ms=.952|c
lock_suspect=0
PMLE_LIVE_REPLAY_TIC|tic=4422|mle_ms=10.257|monotonic_ms=10|clock_delta_ms=.257|
clock_suspect=0
PMLE_LIVE_REPLAY_TIC|tic=4423|mle_ms=10.197|monotonic_ms=10|clock_delta_ms=.197|
clock_suspect=0
PMLE_LIVE_REPLAY_TIC|tic=4424|mle_ms=10.922|monotonic_ms=10|clock_delta_ms=.922|
clock_suspect=0
PMLE_LIVE_REPLAY_TIC|tic=4425|mle_ms=9.467|monotonic_ms=10|clock_delta_ms=.533|c
lock_suspect=0
PMLE_LIVE_REPLAY_TIC|tic=4426|mle_ms=11.968|monotonic_ms=10|clock_delta_ms=1.968
|clock_suspect=0
PMLE_LIVE_REPLAY_TIC|tic=4427|mle_ms=9.156|monotonic_ms=10|clock_delta_ms=.844|c
lock_suspect=0
PMLE_LIVE_REPLAY_TIC|tic=4428|mle_ms=10.197|monotonic_ms=10|clock_delta_ms=.197|
clock_suspect=0
PMLE_LIVE_REPLAY_TIC|tic=4429|mle_ms=9.709|monotonic_ms=10|clock_delta_ms=.291|c
lock_suspect=0
PMLE_LIVE_REPLAY_TIC|tic=4430|mle_ms=8.688|monotonic_ms=10|clock_delta_ms=1.312|
clock_suspect=0
PMLE_LIVE_REPLAY_TIC|tic=4431|mle_ms=8.41|monotonic_ms=10|clock_delta_ms=1.59|cl
ock_suspect=0
PMLE_LIVE_REPLAY_TIC|tic=4432|mle_ms=9.734|monotonic_ms=10|clock_delta_ms=.266|c
lock_suspect=0
PMLE_LIVE_REPLAY_TIC|tic=4433|mle_ms=9.403|monotonic_ms=10|clock_delta_ms=.597|c
lock_suspect=0
PMLE_LIVE_REPLAY_TIC|tic=4434|mle_ms=9.573|monotonic_ms=10|clock_delta_ms=.427|c
lock_suspect=0
PMLE_LIVE_REPLAY_TIC|tic=4435|mle_ms=9.488|monotonic_ms=10|clock_delta_ms=.512|c
lock_suspect=0
PMLE_LIVE_REPLAY_TIC|tic=4436|mle_ms=11.544|monotonic_ms=10|clock_delta_ms=1.544
|clock_suspect=0
PMLE_LIVE_REPLAY_TIC|tic=4437|mle_ms=8.504|monotonic_ms=10|clock_delta_ms=1.496|
clock_suspect=0
PMLE_LIVE_REPLAY_TIC|tic=4438|mle_ms=9.574|monotonic_ms=10|clock_delta_ms=.426|c
lock_suspect=0
PMLE_LIVE_REPLAY_TIC|tic=4439|mle_ms=9.302|monotonic_ms=10|clock_delta_ms=.698|c
lock_suspect=0
PMLE_LIVE_REPLAY_TIC|tic=4440|mle_ms=9.297|monotonic_ms=10|clock_delta_ms=.703|c
lock_suspect=0
PMLE_LIVE_REPLAY_TIC|tic=4441|mle_ms=8.445|monotonic_ms=0|clock_delta_ms=8.445|c
lock_suspect=0
PMLE_LIVE_REPLAY_TIC|tic=4442|mle_ms=8.54|monotonic_ms=10|clock_delta_ms=1.46|cl
ock_suspect=0
PMLE_LIVE_REPLAY_TIC|tic=4443|mle_ms=7.941|monotonic_ms=10|clock_delta_ms=2.059|
clock_suspect=0
PMLE_LIVE_REPLAY_TIC|tic=4444|mle_ms=8.929|monotonic_ms=10|clock_delta_ms=1.071|
clock_suspect=0
PMLE_LIVE_REPLAY_TIC|tic=4445|mle_ms=8.027|monotonic_ms=10|clock_delta_ms=1.973|
clock_suspect=0
PMLE_LIVE_REPLAY_TIC|tic=4446|mle_ms=9.88|monotonic_ms=10|clock_delta_ms=.12|clo
ck_suspect=0
PMLE_LIVE_REPLAY_TIC|tic=4447|mle_ms=9.242|monotonic_ms=10|clock_delta_ms=.758|c
lock_suspect=0
PMLE_LIVE_REPLAY_TIC|tic=4448|mle_ms=9.206|monotonic_ms=10|clock_delta_ms=.794|c
lock_suspect=0
PMLE_LIVE_REPLAY_TIC|tic=4449|mle_ms=8.934|monotonic_ms=10|clock_delta_ms=1.066|
clock_suspect=0
PMLE_LIVE_REPLAY_TIC|tic=4450|mle_ms=9.745|monotonic_ms=10|clock_delta_ms=.255|c
lock_suspect=0
PMLE_LIVE_REPLAY_TIC|tic=4451|mle_ms=8.913|monotonic_ms=0|clock_delta_ms=8.913|c
lock_suspect=0
PMLE_LIVE_REPLAY_TIC|tic=4452|mle_ms=9.543|monotonic_ms=10|clock_delta_ms=.457|c
lock_suspect=0
PMLE_LIVE_REPLAY_TIC|tic=4453|mle_ms=8.778|monotonic_ms=10|clock_delta_ms=1.222|
clock_suspect=0
PMLE_LIVE_REPLAY_TIC|tic=4454|mle_ms=9.52|monotonic_ms=10|clock_delta_ms=.48|clo
ck_suspect=0
PMLE_LIVE_REPLAY_TIC|tic=4455|mle_ms=8.927|monotonic_ms=10|clock_delta_ms=1.073|
clock_suspect=0
PMLE_LIVE_REPLAY_TIC|tic=4456|mle_ms=9.394|monotonic_ms=10|clock_delta_ms=.606|c
lock_suspect=0
PMLE_LIVE_REPLAY_TIC|tic=4457|mle_ms=7.646|monotonic_ms=10|clock_delta_ms=2.354|
clock_suspect=0
PMLE_LIVE_REPLAY_TIC|tic=4458|mle_ms=9.02|monotonic_ms=10|clock_delta_ms=.98|clo
ck_suspect=0
PMLE_LIVE_REPLAY_TIC|tic=4459|mle_ms=13.749|monotonic_ms=10|clock_delta_ms=3.749
|clock_suspect=0
PMLE_LIVE_REPLAY_TIC|tic=4460|mle_ms=9.458|monotonic_ms=10|clock_delta_ms=.542|c
lock_suspect=0
PMLE_LIVE_REPLAY_TIC|tic=4461|mle_ms=9.574|monotonic_ms=10|clock_delta_ms=.426|c
lock_suspect=0
PMLE_LIVE_REPLAY_TIC|tic=4462|mle_ms=10.115|monotonic_ms=10|clock_delta_ms=.115|
clock_suspect=0
PMLE_LIVE_REPLAY_TIC|tic=4463|mle_ms=10.496|monotonic_ms=10|clock_delta_ms=.496|
clock_suspect=0
PMLE_LIVE_REPLAY_TIC|tic=4464|mle_ms=11.495|monotonic_ms=10|clock_delta_ms=1.495
|clock_suspect=0
PMLE_LIVE_REPLAY_TIC|tic=4465|mle_ms=9.43|monotonic_ms=10|clock_delta_ms=.57|clo
ck_suspect=0
PMLE_LIVE_REPLAY_TIC|tic=4466|mle_ms=10.504|monotonic_ms=10|clock_delta_ms=.504|
clock_suspect=0
PMLE_LIVE_REPLAY_TIC|tic=4467|mle_ms=8.537|monotonic_ms=10|clock_delta_ms=1.463|
clock_suspect=0
PMLE_LIVE_REPLAY_TIC|tic=4468|mle_ms=9.62|monotonic_ms=10|clock_delta_ms=.38|clo
ck_suspect=0
PMLE_LIVE_REPLAY_TIC|tic=4469|mle_ms=9.264|monotonic_ms=10|clock_delta_ms=.736|c
lock_suspect=0
PMLE_LIVE_REPLAY_TIC|tic=4470|mle_ms=9.559|monotonic_ms=10|clock_delta_ms=.441|c
lock_suspect=0
PMLE_LIVE_REPLAY_TIC|tic=4471|mle_ms=9.548|monotonic_ms=10|clock_delta_ms=.452|c
lock_suspect=0
PMLE_LIVE_REPLAY_TIC|tic=4472|mle_ms=9.361|monotonic_ms=10|clock_delta_ms=.639|c
lock_suspect=0
PMLE_LIVE_REPLAY_TIC|tic=4473|mle_ms=9.079|monotonic_ms=10|clock_delta_ms=.921|c
lock_suspect=0
PMLE_LIVE_REPLAY_TIC|tic=4474|mle_ms=10.601|monotonic_ms=10|clock_delta_ms=.601|
clock_suspect=0
PMLE_LIVE_REPLAY_TIC|tic=4475|mle_ms=8.917|monotonic_ms=10|clock_delta_ms=1.083|
clock_suspect=0
PMLE_LIVE_REPLAY_TIC|tic=4476|mle_ms=9.419|monotonic_ms=10|clock_delta_ms=.581|c
lock_suspect=0
PMLE_LIVE_REPLAY_TIC|tic=4477|mle_ms=7.753|monotonic_ms=10|clock_delta_ms=2.247|
clock_suspect=0
PMLE_LIVE_REPLAY_TIC|tic=4478|mle_ms=8.828|monotonic_ms=0|clock_delta_ms=8.828|c
lock_suspect=0
PMLE_LIVE_REPLAY_TIC|tic=4479|mle_ms=7.564|monotonic_ms=10|clock_delta_ms=2.436|
clock_suspect=0
PMLE_LIVE_REPLAY_TIC|tic=4480|mle_ms=7.664|monotonic_ms=10|clock_delta_ms=2.336|
clock_suspect=0
PMLE_LIVE_REPLAY_TIC|tic=4481|mle_ms=8.448|monotonic_ms=10|clock_delta_ms=1.552|
clock_suspect=0
PMLE_LIVE_REPLAY_TIC|tic=4482|mle_ms=9.078|monotonic_ms=10|clock_delta_ms=.922|c
lock_suspect=0
PMLE_LIVE_REPLAY_TIC|tic=4483|mle_ms=9.194|monotonic_ms=10|clock_delta_ms=.806|c
lock_suspect=0
PMLE_LIVE_REPLAY_TIC|tic=4484|mle_ms=9.791|monotonic_ms=10|clock_delta_ms=.209|c
lock_suspect=0
PMLE_LIVE_REPLAY_TIC|tic=4485|mle_ms=8.247|monotonic_ms=10|clock_delta_ms=1.753|
clock_suspect=0
PMLE_LIVE_REPLAY_TIC|tic=4486|mle_ms=9.779|monotonic_ms=0|clock_delta_ms=9.779|c
lock_suspect=0
PMLE_LIVE_REPLAY_TIC|tic=4487|mle_ms=7.414|monotonic_ms=0|clock_delta_ms=7.414|c
lock_suspect=0
PMLE_LIVE_REPLAY_TIC|tic=4488|mle_ms=8.144|monotonic_ms=10|clock_delta_ms=1.856|
clock_suspect=0
PMLE_LIVE_REPLAY_TIC|tic=4489|mle_ms=8.136|monotonic_ms=10|clock_delta_ms=1.864|
clock_suspect=0
PMLE_LIVE_REPLAY_TIC|tic=4490|mle_ms=9.499|monotonic_ms=10|clock_delta_ms=.501|c
lock_suspect=0
PMLE_LIVE_REPLAY_TIC|tic=4491|mle_ms=8.493|monotonic_ms=10|clock_delta_ms=1.507|
clock_suspect=0
PMLE_LIVE_REPLAY_TIC|tic=4492|mle_ms=10.612|monotonic_ms=10|clock_delta_ms=.612|
clock_suspect=0
PMLE_LIVE_REPLAY_TIC|tic=4493|mle_ms=10.277|monotonic_ms=10|clock_delta_ms=.277|
clock_suspect=0
PMLE_LIVE_REPLAY_TIC|tic=4494|mle_ms=11.369|monotonic_ms=10|clock_delta_ms=1.369
|clock_suspect=0
PMLE_LIVE_REPLAY_TIC|tic=4495|mle_ms=10.095|monotonic_ms=10|clock_delta_ms=.095|
clock_suspect=0
PMLE_LIVE_REPLAY_TIC|tic=4496|mle_ms=10.871|monotonic_ms=10|clock_delta_ms=.871|
clock_suspect=0
PMLE_LIVE_REPLAY_TIC|tic=4497|mle_ms=8.688|monotonic_ms=10|clock_delta_ms=1.312|
clock_suspect=0
PMLE_LIVE_REPLAY_TIC|tic=4498|mle_ms=9.141|monotonic_ms=10|clock_delta_ms=.859|c
lock_suspect=0
PMLE_LIVE_REPLAY_TIC|tic=4499|mle_ms=8.49|monotonic_ms=10|clock_delta_ms=1.51|cl
ock_suspect=0
PMLE_LIVE_REPLAY_TIC|tic=4500|mle_ms=125.87|monotonic_ms=120|clock_delta_ms=5.87
|clock_suspect=0
PMLE_LIVE_REPLAY_TIC|tic=4501|mle_ms=10.35|monotonic_ms=10|clock_delta_ms=.35|cl
ock_suspect=0
PMLE_LIVE_REPLAY_TIC|tic=4502|mle_ms=10.925|monotonic_ms=10|clock_delta_ms=.925|
clock_suspect=0
PMLE_LIVE_REPLAY_TIC|tic=4503|mle_ms=10.963|monotonic_ms=10|clock_delta_ms=.963|
clock_suspect=0
PMLE_LIVE_REPLAY_TIC|tic=4504|mle_ms=11.708|monotonic_ms=10|clock_delta_ms=1.708
|clock_suspect=0
PMLE_LIVE_REPLAY_TIC|tic=4505|mle_ms=9.901|monotonic_ms=10|clock_delta_ms=.099|c
lock_suspect=0
PMLE_LIVE_REPLAY_TIC|tic=4506|mle_ms=12.399|monotonic_ms=10|clock_delta_ms=2.399
|clock_suspect=0
PMLE_LIVE_REPLAY_TIC|tic=4507|mle_ms=10.164|monotonic_ms=10|clock_delta_ms=.164|
clock_suspect=0
PMLE_LIVE_REPLAY_TIC|tic=4508|mle_ms=9.651|monotonic_ms=10|clock_delta_ms=.349|c
lock_suspect=0
PMLE_LIVE_REPLAY_TIC|tic=4509|mle_ms=9.384|monotonic_ms=10|clock_delta_ms=.616|c
lock_suspect=0
PMLE_LIVE_REPLAY_TIC|tic=4510|mle_ms=9.81|monotonic_ms=10|clock_delta_ms=.19|clo
ck_suspect=0
PMLE_LIVE_REPLAY_TIC|tic=4511|mle_ms=9.309|monotonic_ms=10|clock_delta_ms=.691|c
lock_suspect=0
PMLE_LIVE_REPLAY_TIC|tic=4512|mle_ms=10.518|monotonic_ms=10|clock_delta_ms=.518|
clock_suspect=0
PMLE_LIVE_REPLAY_TIC|tic=4513|mle_ms=11.085|monotonic_ms=10|clock_delta_ms=1.085
|clock_suspect=0
PMLE_LIVE_REPLAY_TIC|tic=4514|mle_ms=10.904|monotonic_ms=10|clock_delta_ms=.904|
clock_suspect=0
PMLE_LIVE_REPLAY_TIC|tic=4515|mle_ms=9.061|monotonic_ms=10|clock_delta_ms=.939|c
lock_suspect=0
PMLE_LIVE_REPLAY_TIC|tic=4516|mle_ms=10.583|monotonic_ms=10|clock_delta_ms=.583|
clock_suspect=0
PMLE_LIVE_REPLAY_TIC|tic=4517|mle_ms=9.202|monotonic_ms=10|clock_delta_ms=.798|c
lock_suspect=0
PMLE_LIVE_REPLAY_TIC|tic=4518|mle_ms=10.038|monotonic_ms=10|clock_delta_ms=.038|
clock_suspect=0
PMLE_LIVE_REPLAY_TIC|tic=4519|mle_ms=9.967|monotonic_ms=10|clock_delta_ms=.033|c
lock_suspect=0
PMLE_LIVE_REPLAY_TIC|tic=4520|mle_ms=9.735|monotonic_ms=10|clock_delta_ms=.265|c
lock_suspect=0
PMLE_LIVE_REPLAY_TIC|tic=4521|mle_ms=9.071|monotonic_ms=10|clock_delta_ms=.929|c
lock_suspect=0
PMLE_LIVE_REPLAY_TIC|tic=4522|mle_ms=10.092|monotonic_ms=10|clock_delta_ms=.092|
clock_suspect=0
PMLE_LIVE_REPLAY_TIC|tic=4523|mle_ms=10.357|monotonic_ms=10|clock_delta_ms=.357|
clock_suspect=0
PMLE_LIVE_REPLAY_TIC|tic=4524|mle_ms=11.591|monotonic_ms=20|clock_delta_ms=8.409
|clock_suspect=0
PMLE_LIVE_REPLAY_TIC|tic=4525|mle_ms=9.867|monotonic_ms=0|clock_delta_ms=9.867|c
lock_suspect=0
PMLE_LIVE_REPLAY_TIC|tic=4526|mle_ms=9.374|monotonic_ms=10|clock_delta_ms=.626|c
lock_suspect=0
PMLE_LIVE_REPLAY_TIC|tic=4527|mle_ms=8.133|monotonic_ms=10|clock_delta_ms=1.867|
clock_suspect=0
PMLE_LIVE_REPLAY_TIC|tic=4528|mle_ms=9.395|monotonic_ms=10|clock_delta_ms=.605|c
lock_suspect=0
PMLE_LIVE_REPLAY_TIC|tic=4529|mle_ms=10.041|monotonic_ms=10|clock_delta_ms=.041|
clock_suspect=0
PMLE_LIVE_REPLAY_TIC|tic=4530|mle_ms=9.763|monotonic_ms=10|clock_delta_ms=.237|c
lock_suspect=0
PMLE_LIVE_REPLAY_TIC|tic=4531|mle_ms=9.842|monotonic_ms=10|clock_delta_ms=.158|c
lock_suspect=0
PMLE_LIVE_REPLAY_TIC|tic=4532|mle_ms=10.07|monotonic_ms=10|clock_delta_ms=.07|cl
ock_suspect=0
PMLE_LIVE_REPLAY_TIC|tic=4533|mle_ms=9.177|monotonic_ms=10|clock_delta_ms=.823|c
lock_suspect=0
PMLE_LIVE_REPLAY_TIC|tic=4534|mle_ms=10.811|monotonic_ms=10|clock_delta_ms=.811|
clock_suspect=0
PMLE_LIVE_REPLAY_TIC|tic=4535|mle_ms=9.634|monotonic_ms=10|clock_delta_ms=.366|c
lock_suspect=0
PMLE_LIVE_REPLAY_TIC|tic=4536|mle_ms=11.003|monotonic_ms=10|clock_delta_ms=1.003
|clock_suspect=0
PMLE_LIVE_REPLAY_TIC|tic=4537|mle_ms=9.762|monotonic_ms=10|clock_delta_ms=.238|c
lock_suspect=0
PMLE_LIVE_REPLAY_TIC|tic=4538|mle_ms=9.348|monotonic_ms=10|clock_delta_ms=.652|c
lock_suspect=0
PMLE_LIVE_REPLAY_TIC|tic=4539|mle_ms=23.579|monotonic_ms=30|clock_delta_ms=6.421
|clock_suspect=0
PMLE_LIVE_REPLAY_TIC|tic=4540|mle_ms=10.051|monotonic_ms=10|clock_delta_ms=.051|
clock_suspect=0
PMLE_LIVE_REPLAY_TIC|tic=4541|mle_ms=9.634|monotonic_ms=10|clock_delta_ms=.366|c
lock_suspect=0
PMLE_LIVE_REPLAY_TIC|tic=4542|mle_ms=11.324|monotonic_ms=10|clock_delta_ms=1.324
|clock_suspect=0
PMLE_LIVE_REPLAY_TIC|tic=4543|mle_ms=11.245|monotonic_ms=10|clock_delta_ms=1.245
|clock_suspect=0
PMLE_LIVE_REPLAY_TIC|tic=4544|mle_ms=12.05|monotonic_ms=10|clock_delta_ms=2.05|c
lock_suspect=0
PMLE_LIVE_REPLAY_TIC|tic=4545|mle_ms=9.86|monotonic_ms=10|clock_delta_ms=.14|clo
ck_suspect=0
PMLE_LIVE_REPLAY_TIC|tic=4546|mle_ms=11.98|monotonic_ms=10|clock_delta_ms=1.98|c
lock_suspect=0
PMLE_LIVE_REPLAY_TIC|tic=4547|mle_ms=9.759|monotonic_ms=10|clock_delta_ms=.241|c
lock_suspect=0
PMLE_LIVE_REPLAY_TIC|tic=4548|mle_ms=9.883|monotonic_ms=10|clock_delta_ms=.117|c
lock_suspect=0
PMLE_LIVE_REPLAY_TIC|tic=4549|mle_ms=9.75|monotonic_ms=10|clock_delta_ms=.25|clo
ck_suspect=0
PMLE_LIVE_REPLAY_TIC|tic=4550|mle_ms=9.44|monotonic_ms=10|clock_delta_ms=.56|clo
ck_suspect=0
PMLE_LIVE_REPLAY_TIC|tic=4551|mle_ms=8.472|monotonic_ms=10|clock_delta_ms=1.528|
clock_suspect=0
PMLE_LIVE_REPLAY_TIC|tic=4552|mle_ms=10.104|monotonic_ms=10|clock_delta_ms=.104|
clock_suspect=0
PMLE_LIVE_REPLAY_TIC|tic=4553|mle_ms=9.971|monotonic_ms=10|clock_delta_ms=.029|c
lock_suspect=0
PMLE_LIVE_REPLAY_TIC|tic=4554|mle_ms=12.121|monotonic_ms=10|clock_delta_ms=2.121
|clock_suspect=0
PMLE_LIVE_REPLAY_TIC|tic=4555|mle_ms=11.316|monotonic_ms=10|clock_delta_ms=1.316
|clock_suspect=0
PMLE_LIVE_REPLAY_TIC|tic=4556|mle_ms=11.547|monotonic_ms=20|clock_delta_ms=8.453
|clock_suspect=0
PMLE_LIVE_REPLAY_TIC|tic=4557|mle_ms=8.615|monotonic_ms=10|clock_delta_ms=1.385|
clock_suspect=0
PMLE_LIVE_REPLAY_TIC|tic=4558|mle_ms=10.214|monotonic_ms=10|clock_delta_ms=.214|
clock_suspect=0
PMLE_LIVE_REPLAY_TIC|tic=4559|mle_ms=10.098|monotonic_ms=10|clock_delta_ms=.098|
clock_suspect=0
PMLE_LIVE_REPLAY_TIC|tic=4560|mle_ms=10.641|monotonic_ms=10|clock_delta_ms=.641|
clock_suspect=0
PMLE_LIVE_REPLAY_TIC|tic=4561|mle_ms=10.998|monotonic_ms=10|clock_delta_ms=.998|
clock_suspect=0
PMLE_LIVE_REPLAY_TIC|tic=4562|mle_ms=11.161|monotonic_ms=10|clock_delta_ms=1.161
|clock_suspect=0
PMLE_LIVE_REPLAY_TIC|tic=4563|mle_ms=11.205|monotonic_ms=10|clock_delta_ms=1.205
|clock_suspect=0
PMLE_LIVE_REPLAY_TIC|tic=4564|mle_ms=11.888|monotonic_ms=10|clock_delta_ms=1.888
|clock_suspect=0
PMLE_LIVE_REPLAY_TIC|tic=4565|mle_ms=11.337|monotonic_ms=10|clock_delta_ms=1.337
|clock_suspect=0
PMLE_LIVE_REPLAY_TIC|tic=4566|mle_ms=12.68|monotonic_ms=20|clock_delta_ms=7.32|c
lock_suspect=0
PMLE_LIVE_REPLAY_TIC|tic=4567|mle_ms=11.549|monotonic_ms=10|clock_delta_ms=1.549
|clock_suspect=0
PMLE_LIVE_REPLAY_TIC|tic=4568|mle_ms=10.646|monotonic_ms=10|clock_delta_ms=.646|
clock_suspect=0
PMLE_LIVE_REPLAY_TIC|tic=4569|mle_ms=10.205|monotonic_ms=10|clock_delta_ms=.205|
clock_suspect=0
PMLE_LIVE_REPLAY_TIC|tic=4570|mle_ms=11.008|monotonic_ms=10|clock_delta_ms=1.008
|clock_suspect=0
PMLE_LIVE_REPLAY_TIC|tic=4571|mle_ms=9.803|monotonic_ms=10|clock_delta_ms=.197|c
lock_suspect=0
PMLE_LIVE_REPLAY_TIC|tic=4572|mle_ms=12.069|monotonic_ms=10|clock_delta_ms=2.069
|clock_suspect=0
PMLE_LIVE_REPLAY_TIC|tic=4573|mle_ms=12.81|monotonic_ms=10|clock_delta_ms=2.81|c
lock_suspect=0
PMLE_LIVE_REPLAY_TIC|tic=4574|mle_ms=12.042|monotonic_ms=20|clock_delta_ms=7.958
|clock_suspect=0
PMLE_LIVE_REPLAY_TIC|tic=4575|mle_ms=9.659|monotonic_ms=10|clock_delta_ms=.341|c
lock_suspect=0
PMLE_LIVE_REPLAY_TIC|tic=4576|mle_ms=11.807|monotonic_ms=10|clock_delta_ms=1.807
|clock_suspect=0
PMLE_LIVE_REPLAY_TIC|tic=4577|mle_ms=9.584|monotonic_ms=10|clock_delta_ms=.416|c
lock_suspect=0
PMLE_LIVE_REPLAY_TIC|tic=4578|mle_ms=10.604|monotonic_ms=10|clock_delta_ms=.604|
clock_suspect=0
PMLE_LIVE_REPLAY_TIC|tic=4579|mle_ms=14.029|monotonic_ms=10|clock_delta_ms=4.029
|clock_suspect=0
PMLE_LIVE_REPLAY_TIC|tic=4580|mle_ms=10.392|monotonic_ms=10|clock_delta_ms=.392|
clock_suspect=0
PMLE_LIVE_REPLAY_TIC|tic=4581|mle_ms=10.223|monotonic_ms=10|clock_delta_ms=.223|
clock_suspect=0
PMLE_LIVE_REPLAY_TIC|tic=4582|mle_ms=11.702|monotonic_ms=20|clock_delta_ms=8.298
|clock_suspect=0
PMLE_LIVE_REPLAY_TIC|tic=4583|mle_ms=11.494|monotonic_ms=10|clock_delta_ms=1.494
|clock_suspect=0
PMLE_LIVE_REPLAY_TIC|tic=4584|mle_ms=12.444|monotonic_ms=10|clock_delta_ms=2.444
|clock_suspect=0
PMLE_LIVE_REPLAY_TIC|tic=4585|mle_ms=11.559|monotonic_ms=10|clock_delta_ms=1.559
|clock_suspect=0
PMLE_LIVE_REPLAY_TIC|tic=4586|mle_ms=13.054|monotonic_ms=10|clock_delta_ms=3.054
|clock_suspect=0
PMLE_LIVE_REPLAY_TIC|tic=4587|mle_ms=11.15|monotonic_ms=20|clock_delta_ms=8.85|c
lock_suspect=0
PMLE_LIVE_REPLAY_TIC|tic=4588|mle_ms=11.125|monotonic_ms=10|clock_delta_ms=1.125
|clock_suspect=0
PMLE_LIVE_REPLAY_TIC|tic=4589|mle_ms=9.708|monotonic_ms=10|clock_delta_ms=.292|c
lock_suspect=0
PMLE_LIVE_REPLAY_TIC|tic=4590|mle_ms=10.64|monotonic_ms=10|clock_delta_ms=.64|cl
ock_suspect=0
PMLE_LIVE_REPLAY_TIC|tic=4591|mle_ms=10.018|monotonic_ms=10|clock_delta_ms=.018|
clock_suspect=0
PMLE_LIVE_REPLAY_TIC|tic=4592|mle_ms=9.573|monotonic_ms=10|clock_delta_ms=.427|c
lock_suspect=0
PMLE_LIVE_REPLAY_TIC|tic=4593|mle_ms=8.574|monotonic_ms=10|clock_delta_ms=1.426|
clock_suspect=0
PMLE_LIVE_REPLAY_TIC|tic=4594|mle_ms=9.035|monotonic_ms=10|clock_delta_ms=.965|c
lock_suspect=0
PMLE_LIVE_REPLAY_TIC|tic=4595|mle_ms=8.263|monotonic_ms=0|clock_delta_ms=8.263|c
lock_suspect=0
PMLE_LIVE_REPLAY_TIC|tic=4596|mle_ms=9.384|monotonic_ms=10|clock_delta_ms=.616|c
lock_suspect=0
PMLE_LIVE_REPLAY_TIC|tic=4597|mle_ms=7.812|monotonic_ms=10|clock_delta_ms=2.188|
clock_suspect=0
PMLE_LIVE_REPLAY_TIC|tic=4598|mle_ms=8.668|monotonic_ms=10|clock_delta_ms=1.332|
clock_suspect=0
PMLE_LIVE_REPLAY_TIC|tic=4599|mle_ms=8.922|monotonic_ms=10|clock_delta_ms=1.078|
clock_suspect=0
PMLE_LIVE_REPLAY_TIC|tic=4600|mle_ms=9.656|monotonic_ms=10|clock_delta_ms=.344|c
lock_suspect=0
PMLE_LIVE_REPLAY_TIC|tic=4601|mle_ms=9.24|monotonic_ms=10|clock_delta_ms=.76|clo
ck_suspect=0
PMLE_LIVE_REPLAY_TIC|tic=4602|mle_ms=9.663|monotonic_ms=10|clock_delta_ms=.337|c
lock_suspect=0
PMLE_LIVE_REPLAY_TIC|tic=4603|mle_ms=10.571|monotonic_ms=10|clock_delta_ms=.571|
clock_suspect=0
PMLE_LIVE_REPLAY_TIC|tic=4604|mle_ms=9.993|monotonic_ms=10|clock_delta_ms=.007|c
lock_suspect=0
PMLE_LIVE_REPLAY_TIC|tic=4605|mle_ms=7.708|monotonic_ms=10|clock_delta_ms=2.292|
clock_suspect=0
PMLE_LIVE_REPLAY_TIC|tic=4606|mle_ms=10.032|monotonic_ms=10|clock_delta_ms=.032|
clock_suspect=0
PMLE_LIVE_REPLAY_TIC|tic=4607|mle_ms=8.887|monotonic_ms=10|clock_delta_ms=1.113|
clock_suspect=0
PMLE_LIVE_REPLAY_TIC|tic=4608|mle_ms=9.729|monotonic_ms=10|clock_delta_ms=.271|c
lock_suspect=0
PMLE_LIVE_REPLAY_TIC|tic=4609|mle_ms=9.695|monotonic_ms=10|clock_delta_ms=.305|c
lock_suspect=0
PMLE_LIVE_REPLAY_TIC|tic=4610|mle_ms=13.217|monotonic_ms=10|clock_delta_ms=3.217
|clock_suspect=0
PMLE_LIVE_REPLAY_TIC|tic=4611|mle_ms=10.98|monotonic_ms=10|clock_delta_ms=.98|cl
ock_suspect=0
PMLE_LIVE_REPLAY_TIC|tic=4612|mle_ms=10.361|monotonic_ms=10|clock_delta_ms=.361|
clock_suspect=0
PMLE_LIVE_REPLAY_TIC|tic=4613|mle_ms=10.153|monotonic_ms=10|clock_delta_ms=.153|
clock_suspect=0
PMLE_LIVE_REPLAY_TIC|tic=4614|mle_ms=12.041|monotonic_ms=10|clock_delta_ms=2.041
|clock_suspect=0
PMLE_LIVE_REPLAY_TIC|tic=4615|mle_ms=10.36|monotonic_ms=10|clock_delta_ms=.36|cl
ock_suspect=0
PMLE_LIVE_REPLAY_TIC|tic=4616|mle_ms=10.646|monotonic_ms=10|clock_delta_ms=.646|
clock_suspect=0
PMLE_LIVE_REPLAY_TIC|tic=4617|mle_ms=12.038|monotonic_ms=20|clock_delta_ms=7.962
|clock_suspect=0
PMLE_LIVE_REPLAY_TIC|tic=4618|mle_ms=9.735|monotonic_ms=10|clock_delta_ms=.265|c
lock_suspect=0
PMLE_LIVE_REPLAY_TIC|tic=4619|mle_ms=10.079|monotonic_ms=10|clock_delta_ms=.079|
clock_suspect=0
PMLE_LIVE_REPLAY_TIC|tic=4620|mle_ms=10.723|monotonic_ms=10|clock_delta_ms=.723|
clock_suspect=0
PMLE_LIVE_REPLAY_TIC|tic=4621|mle_ms=10.298|monotonic_ms=10|clock_delta_ms=.298|
clock_suspect=0
PMLE_LIVE_REPLAY_TIC|tic=4622|mle_ms=10.171|monotonic_ms=10|clock_delta_ms=.171|
clock_suspect=0
PMLE_LIVE_REPLAY_TIC|tic=4623|mle_ms=10.057|monotonic_ms=10|clock_delta_ms=.057|
clock_suspect=0
PMLE_LIVE_REPLAY_TIC|tic=4624|mle_ms=11.569|monotonic_ms=10|clock_delta_ms=1.569
|clock_suspect=0
PMLE_LIVE_REPLAY_TIC|tic=4625|mle_ms=10.009|monotonic_ms=10|clock_delta_ms=.009|
clock_suspect=0
PMLE_LIVE_REPLAY_TIC|tic=4626|mle_ms=12.193|monotonic_ms=10|clock_delta_ms=2.193
|clock_suspect=0
PMLE_LIVE_REPLAY_TIC|tic=4627|mle_ms=10.119|monotonic_ms=10|clock_delta_ms=.119|
clock_suspect=0
PMLE_LIVE_REPLAY_TIC|tic=4628|mle_ms=9.469|monotonic_ms=10|clock_delta_ms=.531|c
lock_suspect=0
PMLE_LIVE_REPLAY_TIC|tic=4629|mle_ms=9.386|monotonic_ms=10|clock_delta_ms=.614|c
lock_suspect=0
PMLE_LIVE_REPLAY_TIC|tic=4630|mle_ms=9.74|monotonic_ms=10|clock_delta_ms=.26|clo
ck_suspect=0
PMLE_LIVE_REPLAY_TIC|tic=4631|mle_ms=9.277|monotonic_ms=10|clock_delta_ms=.723|c
lock_suspect=0
PMLE_LIVE_REPLAY_TIC|tic=4632|mle_ms=10.618|monotonic_ms=10|clock_delta_ms=.618|
clock_suspect=0
PMLE_LIVE_REPLAY_TIC|tic=4633|mle_ms=10.14|monotonic_ms=10|clock_delta_ms=.14|cl
ock_suspect=0
PMLE_LIVE_REPLAY_TIC|tic=4634|mle_ms=11.045|monotonic_ms=10|clock_delta_ms=1.045
|clock_suspect=0
PMLE_LIVE_REPLAY_TIC|tic=4635|mle_ms=9.736|monotonic_ms=10|clock_delta_ms=.264|c
lock_suspect=0
PMLE_LIVE_REPLAY_TIC|tic=4636|mle_ms=11.628|monotonic_ms=10|clock_delta_ms=1.628
|clock_suspect=0
PMLE_LIVE_REPLAY_TIC|tic=4637|mle_ms=9.865|monotonic_ms=10|clock_delta_ms=.135|c
lock_suspect=0
PMLE_LIVE_REPLAY_TIC|tic=4638|mle_ms=11.553|monotonic_ms=20|clock_delta_ms=8.447
|clock_suspect=0
PMLE_LIVE_REPLAY_TIC|tic=4639|mle_ms=10.058|monotonic_ms=10|clock_delta_ms=.058|
clock_suspect=0
PMLE_LIVE_REPLAY_TIC|tic=4640|mle_ms=9.963|monotonic_ms=10|clock_delta_ms=.037|c
lock_suspect=0
PMLE_LIVE_REPLAY_TIC|tic=4641|mle_ms=9.173|monotonic_ms=10|clock_delta_ms=.827|c
lock_suspect=0
PMLE_LIVE_REPLAY_TIC|tic=4642|mle_ms=10.333|monotonic_ms=10|clock_delta_ms=.333|
clock_suspect=0
PMLE_LIVE_REPLAY_TIC|tic=4643|mle_ms=10.207|monotonic_ms=10|clock_delta_ms=.207|
clock_suspect=0
PMLE_LIVE_REPLAY_TIC|tic=4644|mle_ms=10.829|monotonic_ms=10|clock_delta_ms=.829|
clock_suspect=0
PMLE_LIVE_REPLAY_TIC|tic=4645|mle_ms=9.627|monotonic_ms=10|clock_delta_ms=.373|c
lock_suspect=0
PMLE_LIVE_REPLAY_TIC|tic=4646|mle_ms=11.757|monotonic_ms=10|clock_delta_ms=1.757
|clock_suspect=0
PMLE_LIVE_REPLAY_TIC|tic=4647|mle_ms=8.32|monotonic_ms=10|clock_delta_ms=1.68|cl
ock_suspect=0
PMLE_LIVE_REPLAY_TIC|tic=4648|mle_ms=10.125|monotonic_ms=10|clock_delta_ms=.125|
clock_suspect=0
PMLE_LIVE_REPLAY_TIC|tic=4649|mle_ms=9.987|monotonic_ms=10|clock_delta_ms=.013|c
lock_suspect=0
PMLE_LIVE_REPLAY_TIC|tic=4650|mle_ms=10.085|monotonic_ms=10|clock_delta_ms=.085|
clock_suspect=0
PMLE_LIVE_REPLAY_TIC|tic=4651|mle_ms=10.064|monotonic_ms=10|clock_delta_ms=.064|
clock_suspect=0
PMLE_LIVE_REPLAY_TIC|tic=4652|mle_ms=10.288|monotonic_ms=10|clock_delta_ms=.288|
clock_suspect=0
PMLE_LIVE_REPLAY_TIC|tic=4653|mle_ms=9.559|monotonic_ms=10|clock_delta_ms=.441|c
lock_suspect=0
PMLE_LIVE_REPLAY_TIC|tic=4654|mle_ms=10.201|monotonic_ms=10|clock_delta_ms=.201|
clock_suspect=0
PMLE_LIVE_REPLAY_TIC|tic=4655|mle_ms=8.975|monotonic_ms=10|clock_delta_ms=1.025|
clock_suspect=0
PMLE_LIVE_REPLAY_TIC|tic=4656|mle_ms=12.241|monotonic_ms=10|clock_delta_ms=2.241
|clock_suspect=0
PMLE_LIVE_REPLAY_TIC|tic=4657|mle_ms=9.282|monotonic_ms=10|clock_delta_ms=.718|c
lock_suspect=0
PMLE_LIVE_REPLAY_TIC|tic=4658|mle_ms=9.922|monotonic_ms=10|clock_delta_ms=.078|c
lock_suspect=0
PMLE_LIVE_REPLAY_TIC|tic=4659|mle_ms=9.08|monotonic_ms=10|clock_delta_ms=.92|clo
ck_suspect=0
PMLE_LIVE_REPLAY_TIC|tic=4660|mle_ms=9.939|monotonic_ms=10|clock_delta_ms=.061|c
lock_suspect=0
PMLE_LIVE_REPLAY_TIC|tic=4661|mle_ms=9.327|monotonic_ms=10|clock_delta_ms=.673|c
lock_suspect=0
PMLE_LIVE_REPLAY_TIC|tic=4662|mle_ms=10.104|monotonic_ms=10|clock_delta_ms=.104|
clock_suspect=0
PMLE_LIVE_REPLAY_TIC|tic=4663|mle_ms=10.24|monotonic_ms=10|clock_delta_ms=.24|cl
ock_suspect=0
PMLE_LIVE_REPLAY_TIC|tic=4664|mle_ms=10.374|monotonic_ms=10|clock_delta_ms=.374|
clock_suspect=0
PMLE_LIVE_REPLAY_TIC|tic=4665|mle_ms=8.503|monotonic_ms=10|clock_delta_ms=1.497|
clock_suspect=0
PMLE_LIVE_REPLAY_TIC|tic=4666|mle_ms=9.238|monotonic_ms=10|clock_delta_ms=.762|c
lock_suspect=0
PMLE_LIVE_REPLAY_TIC|tic=4667|mle_ms=8.077|monotonic_ms=0|clock_delta_ms=8.077|c
lock_suspect=0
PMLE_LIVE_REPLAY_TIC|tic=4668|mle_ms=9.878|monotonic_ms=10|clock_delta_ms=.122|c
lock_suspect=0
PMLE_LIVE_REPLAY_TIC|tic=4669|mle_ms=9.653|monotonic_ms=10|clock_delta_ms=.347|c
lock_suspect=0
PMLE_LIVE_REPLAY_TIC|tic=4670|mle_ms=9.52|monotonic_ms=10|clock_delta_ms=.48|clo
ck_suspect=0
PMLE_LIVE_REPLAY_TIC|tic=4671|mle_ms=8.715|monotonic_ms=10|clock_delta_ms=1.285|
clock_suspect=0
PMLE_LIVE_REPLAY_TIC|tic=4672|mle_ms=9.902|monotonic_ms=10|clock_delta_ms=.098|c
lock_suspect=0
PMLE_LIVE_REPLAY_TIC|tic=4673|mle_ms=9.227|monotonic_ms=10|clock_delta_ms=.773|c
lock_suspect=0
PMLE_LIVE_REPLAY_TIC|tic=4674|mle_ms=10.3|monotonic_ms=10|clock_delta_ms=.3|cloc
k_suspect=0
PMLE_LIVE_REPLAY_TIC|tic=4675|mle_ms=8.65|monotonic_ms=10|clock_delta_ms=1.35|cl
ock_suspect=0
PMLE_LIVE_REPLAY_TIC|tic=4676|mle_ms=8.583|monotonic_ms=10|clock_delta_ms=1.417|
clock_suspect=0
PMLE_LIVE_REPLAY_TIC|tic=4677|mle_ms=7.465|monotonic_ms=10|clock_delta_ms=2.535|
clock_suspect=0
PMLE_LIVE_REPLAY_TIC|tic=4678|mle_ms=8.13|monotonic_ms=0|clock_delta_ms=8.13|clo
ck_suspect=0
PMLE_LIVE_REPLAY_TIC|tic=4679|mle_ms=10.037|monotonic_ms=10|clock_delta_ms=.037|
clock_suspect=0
PMLE_LIVE_REPLAY_TIC|tic=4680|mle_ms=9.969|monotonic_ms=10|clock_delta_ms=.031|c
lock_suspect=0
PMLE_LIVE_REPLAY_TIC|tic=4681|mle_ms=9.98|monotonic_ms=10|clock_delta_ms=.02|clo
ck_suspect=0
PMLE_LIVE_REPLAY_TIC|tic=4682|mle_ms=9.918|monotonic_ms=10|clock_delta_ms=.082|c
lock_suspect=0
PMLE_LIVE_REPLAY_TIC|tic=4683|mle_ms=9.208|monotonic_ms=0|clock_delta_ms=9.208|c
lock_suspect=0
PMLE_LIVE_REPLAY_TIC|tic=4684|mle_ms=10.469|monotonic_ms=10|clock_delta_ms=.469|
clock_suspect=0
PMLE_LIVE_REPLAY_TIC|tic=4685|mle_ms=9.466|monotonic_ms=10|clock_delta_ms=.534|c
lock_suspect=0
PMLE_LIVE_REPLAY_TIC|tic=4686|mle_ms=11.547|monotonic_ms=20|clock_delta_ms=8.453
|clock_suspect=0
PMLE_LIVE_REPLAY_TIC|tic=4687|mle_ms=10.473|monotonic_ms=10|clock_delta_ms=.473|
clock_suspect=0
PMLE_LIVE_REPLAY_TIC|tic=4688|mle_ms=9.974|monotonic_ms=10|clock_delta_ms=.026|c
lock_suspect=0
PMLE_LIVE_REPLAY_TIC|tic=4689|mle_ms=9.978|monotonic_ms=10|clock_delta_ms=.022|c
lock_suspect=0
PMLE_LIVE_REPLAY_TIC|tic=4690|mle_ms=9.925|monotonic_ms=10|clock_delta_ms=.075|c
lock_suspect=0
PMLE_LIVE_REPLAY_TIC|tic=4691|mle_ms=9.683|monotonic_ms=10|clock_delta_ms=.317|c
lock_suspect=0
PMLE_LIVE_REPLAY_TIC|tic=4692|mle_ms=11.935|monotonic_ms=10|clock_delta_ms=1.935
|clock_suspect=0
PMLE_LIVE_REPLAY_TIC|tic=4693|mle_ms=10.465|monotonic_ms=10|clock_delta_ms=.465|
clock_suspect=0
PMLE_LIVE_REPLAY_TIC|tic=4694|mle_ms=10.53|monotonic_ms=10|clock_delta_ms=.53|cl
ock_suspect=0
PMLE_LIVE_REPLAY_TIC|tic=4695|mle_ms=11.329|monotonic_ms=10|clock_delta_ms=1.329
|clock_suspect=0
PMLE_LIVE_REPLAY_TIC|tic=4696|mle_ms=10.362|monotonic_ms=10|clock_delta_ms=.362|
clock_suspect=0
PMLE_LIVE_REPLAY_TIC|tic=4697|mle_ms=8.813|monotonic_ms=10|clock_delta_ms=1.187|
clock_suspect=0
PMLE_LIVE_REPLAY_TIC|tic=4698|mle_ms=9.374|monotonic_ms=10|clock_delta_ms=.626|c
lock_suspect=0
PMLE_LIVE_REPLAY_TIC|tic=4699|mle_ms=10.008|monotonic_ms=10|clock_delta_ms=.008|
clock_suspect=0
PMLE_LIVE_REPLAY_TIC|tic=4700|mle_ms=9.986|monotonic_ms=10|clock_delta_ms=.014|c
lock_suspect=0
PMLE_LIVE_REPLAY_TIC|tic=4701|mle_ms=8.528|monotonic_ms=10|clock_delta_ms=1.472|
clock_suspect=0
PMLE_LIVE_REPLAY_TIC|tic=4702|mle_ms=10.386|monotonic_ms=10|clock_delta_ms=.386|
clock_suspect=0
PMLE_LIVE_REPLAY_TIC|tic=4703|mle_ms=9.729|monotonic_ms=10|clock_delta_ms=.271|c
lock_suspect=0
PMLE_LIVE_REPLAY_TIC|tic=4704|mle_ms=10.162|monotonic_ms=10|clock_delta_ms=.162|
clock_suspect=0
PMLE_LIVE_REPLAY_TIC|tic=4705|mle_ms=8.413|monotonic_ms=10|clock_delta_ms=1.587|
clock_suspect=0
PMLE_LIVE_REPLAY_TIC|tic=4706|mle_ms=9.315|monotonic_ms=10|clock_delta_ms=.685|c
lock_suspect=0
PMLE_LIVE_REPLAY_TIC|tic=4707|mle_ms=9.122|monotonic_ms=10|clock_delta_ms=.878|c
lock_suspect=0
PMLE_LIVE_REPLAY_TIC|tic=4708|mle_ms=9.703|monotonic_ms=10|clock_delta_ms=.297|c
lock_suspect=0
PMLE_LIVE_REPLAY_TIC|tic=4709|mle_ms=9.449|monotonic_ms=10|clock_delta_ms=.551|c
lock_suspect=0
PMLE_LIVE_REPLAY_TIC|tic=4710|mle_ms=9.733|monotonic_ms=10|clock_delta_ms=.267|c
lock_suspect=0
PMLE_LIVE_REPLAY_TIC|tic=4711|mle_ms=10.127|monotonic_ms=10|clock_delta_ms=.127|
clock_suspect=0
PMLE_LIVE_REPLAY_TIC|tic=4712|mle_ms=9.737|monotonic_ms=10|clock_delta_ms=.263|c
lock_suspect=0
PMLE_LIVE_REPLAY_TIC|tic=4713|mle_ms=8.275|monotonic_ms=10|clock_delta_ms=1.725|
clock_suspect=0
PMLE_LIVE_REPLAY_TIC|tic=4714|mle_ms=9.163|monotonic_ms=0|clock_delta_ms=9.163|c
lock_suspect=0
PMLE_LIVE_REPLAY_TIC|tic=4715|mle_ms=9.087|monotonic_ms=10|clock_delta_ms=.913|c
lock_suspect=0
PMLE_LIVE_REPLAY_TIC|tic=4716|mle_ms=10.933|monotonic_ms=10|clock_delta_ms=.933|
clock_suspect=0
PMLE_LIVE_REPLAY_TIC|tic=4717|mle_ms=8.652|monotonic_ms=10|clock_delta_ms=1.348|
clock_suspect=0
PMLE_LIVE_REPLAY_TIC|tic=4718|mle_ms=8.606|monotonic_ms=10|clock_delta_ms=1.394|
clock_suspect=0
PMLE_LIVE_REPLAY_TIC|tic=4719|mle_ms=8.672|monotonic_ms=10|clock_delta_ms=1.328|
clock_suspect=0
PMLE_LIVE_REPLAY_TIC|tic=4720|mle_ms=8.733|monotonic_ms=10|clock_delta_ms=1.267|
clock_suspect=0
PMLE_LIVE_REPLAY_TIC|tic=4721|mle_ms=8.441|monotonic_ms=10|clock_delta_ms=1.559|
clock_suspect=0
PMLE_LIVE_REPLAY_TIC|tic=4722|mle_ms=9.894|monotonic_ms=10|clock_delta_ms=.106|c
lock_suspect=0
PMLE_LIVE_REPLAY_TIC|tic=4723|mle_ms=10.546|monotonic_ms=10|clock_delta_ms=.546|
clock_suspect=0
PMLE_LIVE_REPLAY_TIC|tic=4724|mle_ms=10.479|monotonic_ms=10|clock_delta_ms=.479|
clock_suspect=0
PMLE_LIVE_REPLAY_TIC|tic=4725|mle_ms=9.138|monotonic_ms=10|clock_delta_ms=.862|c
lock_suspect=0
PMLE_LIVE_REPLAY_TIC|tic=4726|mle_ms=11.971|monotonic_ms=10|clock_delta_ms=1.971
|clock_suspect=0
PMLE_LIVE_REPLAY_TIC|tic=4727|mle_ms=9.356|monotonic_ms=10|clock_delta_ms=.644|c
lock_suspect=0
PMLE_LIVE_REPLAY_TIC|tic=4728|mle_ms=10.577|monotonic_ms=10|clock_delta_ms=.577|
clock_suspect=0
PMLE_LIVE_REPLAY_TIC|tic=4729|mle_ms=10.991|monotonic_ms=10|clock_delta_ms=.991|
clock_suspect=0
PMLE_LIVE_REPLAY_TIC|tic=4730|mle_ms=10.013|monotonic_ms=10|clock_delta_ms=.013|
clock_suspect=0
PMLE_LIVE_REPLAY_TIC|tic=4731|mle_ms=9.389|monotonic_ms=10|clock_delta_ms=.611|c
lock_suspect=0
PMLE_LIVE_REPLAY_TIC|tic=4732|mle_ms=10.324|monotonic_ms=10|clock_delta_ms=.324|
clock_suspect=0
PMLE_LIVE_REPLAY_TIC|tic=4733|mle_ms=12.524|monotonic_ms=10|clock_delta_ms=2.524
|clock_suspect=0
PMLE_LIVE_REPLAY_TIC|tic=4734|mle_ms=11.827|monotonic_ms=20|clock_delta_ms=8.173
|clock_suspect=0
PMLE_LIVE_REPLAY_TIC|tic=4735|mle_ms=10.356|monotonic_ms=10|clock_delta_ms=.356|
clock_suspect=0
PMLE_LIVE_REPLAY_TIC|tic=4736|mle_ms=10.884|monotonic_ms=10|clock_delta_ms=.884|
clock_suspect=0
PMLE_LIVE_REPLAY_TIC|tic=4737|mle_ms=9.553|monotonic_ms=10|clock_delta_ms=.447|c
lock_suspect=0
PMLE_LIVE_REPLAY_TIC|tic=4738|mle_ms=10.446|monotonic_ms=10|clock_delta_ms=.446|
clock_suspect=0
PMLE_LIVE_REPLAY_TIC|tic=4739|mle_ms=9.94|monotonic_ms=10|clock_delta_ms=.06|clo
ck_suspect=0
PMLE_LIVE_REPLAY_TIC|tic=4740|mle_ms=10.027|monotonic_ms=10|clock_delta_ms=.027|
clock_suspect=0
PMLE_LIVE_REPLAY_TIC|tic=4741|mle_ms=9.578|monotonic_ms=10|clock_delta_ms=.422|c
lock_suspect=0
PMLE_LIVE_REPLAY_TIC|tic=4742|mle_ms=9.62|monotonic_ms=10|clock_delta_ms=.38|clo
ck_suspect=0
PMLE_LIVE_REPLAY_TIC|tic=4743|mle_ms=9.595|monotonic_ms=10|clock_delta_ms=.405|c
lock_suspect=0
PMLE_LIVE_REPLAY_TIC|tic=4744|mle_ms=10.577|monotonic_ms=10|clock_delta_ms=.577|
clock_suspect=0
PMLE_LIVE_REPLAY_TIC|tic=4745|mle_ms=7.891|monotonic_ms=10|clock_delta_ms=2.109|
clock_suspect=0
PMLE_LIVE_REPLAY_TIC|tic=4746|mle_ms=10.172|monotonic_ms=10|clock_delta_ms=.172|
clock_suspect=0
PMLE_LIVE_REPLAY_TIC|tic=4747|mle_ms=9.789|monotonic_ms=10|clock_delta_ms=.211|c
lock_suspect=0
PMLE_LIVE_REPLAY_TIC|tic=4748|mle_ms=9.407|monotonic_ms=10|clock_delta_ms=.593|c
lock_suspect=0
PMLE_LIVE_REPLAY_TIC|tic=4749|mle_ms=9.211|monotonic_ms=0|clock_delta_ms=9.211|c
lock_suspect=0
PMLE_LIVE_REPLAY_TIC|tic=4750|mle_ms=9.274|monotonic_ms=10|clock_delta_ms=.726|c
lock_suspect=0
PMLE_LIVE_REPLAY_TIC|tic=4751|mle_ms=8.754|monotonic_ms=10|clock_delta_ms=1.246|
clock_suspect=0
PMLE_LIVE_REPLAY_TIC|tic=4752|mle_ms=8.959|monotonic_ms=10|clock_delta_ms=1.041|
clock_suspect=0
PMLE_LIVE_REPLAY_TIC|tic=4753|mle_ms=9.061|monotonic_ms=10|clock_delta_ms=.939|c
lock_suspect=0
PMLE_LIVE_REPLAY_TIC|tic=4754|mle_ms=8.947|monotonic_ms=10|clock_delta_ms=1.053|
clock_suspect=0
PMLE_LIVE_REPLAY_TIC|tic=4755|mle_ms=7.584|monotonic_ms=10|clock_delta_ms=2.416|
clock_suspect=0
PMLE_LIVE_REPLAY_TIC|tic=4756|mle_ms=8.865|monotonic_ms=10|clock_delta_ms=1.135|
clock_suspect=0
PMLE_LIVE_REPLAY_TIC|tic=4757|mle_ms=7.753|monotonic_ms=0|clock_delta_ms=7.753|c
lock_suspect=0
PMLE_LIVE_REPLAY_TIC|tic=4758|mle_ms=8.479|monotonic_ms=10|clock_delta_ms=1.521|
clock_suspect=0
PMLE_LIVE_REPLAY_TIC|tic=4759|mle_ms=9.752|monotonic_ms=10|clock_delta_ms=.248|c
lock_suspect=0
PMLE_LIVE_REPLAY_TIC|tic=4760|mle_ms=9.014|monotonic_ms=10|clock_delta_ms=.986|c
lock_suspect=0
PMLE_LIVE_REPLAY_TIC|tic=4761|mle_ms=8.915|monotonic_ms=10|clock_delta_ms=1.085|
clock_suspect=0
PMLE_LIVE_REPLAY_TIC|tic=4762|mle_ms=10.3|monotonic_ms=10|clock_delta_ms=.3|cloc
k_suspect=0
PMLE_LIVE_REPLAY_TIC|tic=4763|mle_ms=9.639|monotonic_ms=10|clock_delta_ms=.361|c
lock_suspect=0
PMLE_LIVE_REPLAY_TIC|tic=4764|mle_ms=9.928|monotonic_ms=10|clock_delta_ms=.072|c
lock_suspect=0
PMLE_LIVE_REPLAY_TIC|tic=4765|mle_ms=8.862|monotonic_ms=10|clock_delta_ms=1.138|
clock_suspect=0
PMLE_LIVE_REPLAY_TIC|tic=4766|mle_ms=9.044|monotonic_ms=10|clock_delta_ms=.956|c
lock_suspect=0
PMLE_LIVE_REPLAY_TIC|tic=4767|mle_ms=6.814|monotonic_ms=10|clock_delta_ms=3.186|
clock_suspect=0
PMLE_LIVE_REPLAY_TIC|tic=4768|mle_ms=7.514|monotonic_ms=0|clock_delta_ms=7.514|c
lock_suspect=0
PMLE_LIVE_REPLAY_TIC|tic=4769|mle_ms=8.206|monotonic_ms=10|clock_delta_ms=1.794|
clock_suspect=0
PMLE_LIVE_REPLAY_TIC|tic=4770|mle_ms=8.923|monotonic_ms=10|clock_delta_ms=1.077|
clock_suspect=0
PMLE_LIVE_REPLAY_TIC|tic=4771|mle_ms=11.975|monotonic_ms=10|clock_delta_ms=1.975
|clock_suspect=0
PMLE_LIVE_REPLAY_TIC|tic=4772|mle_ms=9.63|monotonic_ms=10|clock_delta_ms=.37|clo
ck_suspect=0
PMLE_LIVE_REPLAY_TIC|tic=4773|mle_ms=9.474|monotonic_ms=10|clock_delta_ms=.526|c
lock_suspect=0
PMLE_LIVE_REPLAY_TIC|tic=4774|mle_ms=10.809|monotonic_ms=10|clock_delta_ms=.809|
clock_suspect=0
PMLE_LIVE_REPLAY_TIC|tic=4775|mle_ms=9.87|monotonic_ms=10|clock_delta_ms=.13|clo
ck_suspect=0
PMLE_LIVE_REPLAY_TIC|tic=4776|mle_ms=11.063|monotonic_ms=10|clock_delta_ms=1.063
|clock_suspect=0
PMLE_LIVE_REPLAY_TIC|tic=4777|mle_ms=8.76|monotonic_ms=10|clock_delta_ms=1.24|cl
ock_suspect=0
PMLE_LIVE_REPLAY_TIC|tic=4778|mle_ms=9.674|monotonic_ms=10|clock_delta_ms=.326|c
lock_suspect=0
PMLE_LIVE_REPLAY_TIC|tic=4779|mle_ms=8.986|monotonic_ms=10|clock_delta_ms=1.014|
clock_suspect=0
PMLE_LIVE_REPLAY_TIC|tic=4780|mle_ms=9.833|monotonic_ms=10|clock_delta_ms=.167|c
lock_suspect=0
PMLE_LIVE_REPLAY_TIC|tic=4781|mle_ms=10.047|monotonic_ms=10|clock_delta_ms=.047|
clock_suspect=0
PMLE_LIVE_REPLAY_TIC|tic=4782|mle_ms=10.51|monotonic_ms=10|clock_delta_ms=.51|cl
ock_suspect=0
PMLE_LIVE_REPLAY_TIC|tic=4783|mle_ms=10.372|monotonic_ms=10|clock_delta_ms=.372|
clock_suspect=0
PMLE_LIVE_REPLAY_TIC|tic=4784|mle_ms=10.744|monotonic_ms=10|clock_delta_ms=.744|
clock_suspect=0
PMLE_LIVE_REPLAY_TIC|tic=4785|mle_ms=8.801|monotonic_ms=10|clock_delta_ms=1.199|
clock_suspect=0
PMLE_LIVE_REPLAY_TIC|tic=4786|mle_ms=10.963|monotonic_ms=10|clock_delta_ms=.963|
clock_suspect=0
PMLE_LIVE_REPLAY_TIC|tic=4787|mle_ms=9.241|monotonic_ms=10|clock_delta_ms=.759|c
lock_suspect=0
PMLE_LIVE_REPLAY_TIC|tic=4788|mle_ms=10.477|monotonic_ms=10|clock_delta_ms=.477|
clock_suspect=0
PMLE_LIVE_REPLAY_TIC|tic=4789|mle_ms=11.62|monotonic_ms=20|clock_delta_ms=8.38|c
lock_suspect=0
PMLE_LIVE_REPLAY_TIC|tic=4790|mle_ms=9.472|monotonic_ms=0|clock_delta_ms=9.472|c
lock_suspect=0
PMLE_LIVE_REPLAY_TIC|tic=4791|mle_ms=9.732|monotonic_ms=10|clock_delta_ms=.268|c
lock_suspect=0
PMLE_LIVE_REPLAY_TIC|tic=4792|mle_ms=10.483|monotonic_ms=20|clock_delta_ms=9.517
|clock_suspect=0
PMLE_LIVE_REPLAY_TIC|tic=4793|mle_ms=10.683|monotonic_ms=10|clock_delta_ms=.683|
clock_suspect=0
PMLE_LIVE_REPLAY_TIC|tic=4794|mle_ms=11.511|monotonic_ms=10|clock_delta_ms=1.511
|clock_suspect=0
PMLE_LIVE_REPLAY_TIC|tic=4795|mle_ms=10.147|monotonic_ms=10|clock_delta_ms=.147|
clock_suspect=0
PMLE_LIVE_REPLAY_TIC|tic=4796|mle_ms=10.252|monotonic_ms=10|clock_delta_ms=.252|
clock_suspect=0
PMLE_LIVE_REPLAY_TIC|tic=4797|mle_ms=7.806|monotonic_ms=10|clock_delta_ms=2.194|
clock_suspect=0
PMLE_LIVE_REPLAY_TIC|tic=4798|mle_ms=7.964|monotonic_ms=0|clock_delta_ms=7.964|c
lock_suspect=0
PMLE_LIVE_REPLAY_TIC|tic=4799|mle_ms=8.927|monotonic_ms=10|clock_delta_ms=1.073|
clock_suspect=0
PMLE_LIVE_REPLAY_TIC|tic=4800|mle_ms=10.304|monotonic_ms=10|clock_delta_ms=.304|
clock_suspect=0
PMLE_LIVE_REPLAY_TIC|tic=4801|mle_ms=8.506|monotonic_ms=10|clock_delta_ms=1.494|
clock_suspect=0
PMLE_LIVE_REPLAY_TIC|tic=4802|mle_ms=8.636|monotonic_ms=10|clock_delta_ms=1.364|
clock_suspect=0
PMLE_LIVE_REPLAY_TIC|tic=4803|mle_ms=9.568|monotonic_ms=10|clock_delta_ms=.432|c
lock_suspect=0
PMLE_LIVE_REPLAY_TIC|tic=4804|mle_ms=10.592|monotonic_ms=10|clock_delta_ms=.592|
clock_suspect=0
PMLE_LIVE_REPLAY_TIC|tic=4805|mle_ms=8.644|monotonic_ms=10|clock_delta_ms=1.356|
clock_suspect=0
PMLE_LIVE_REPLAY_TIC|tic=4806|mle_ms=9.257|monotonic_ms=10|clock_delta_ms=.743|c
lock_suspect=0
PMLE_LIVE_REPLAY_TIC|tic=4807|mle_ms=8.995|monotonic_ms=10|clock_delta_ms=1.005|
clock_suspect=0
PMLE_LIVE_REPLAY_TIC|tic=4808|mle_ms=11.656|monotonic_ms=10|clock_delta_ms=1.656
|clock_suspect=0
PMLE_LIVE_REPLAY_TIC|tic=4809|mle_ms=8.691|monotonic_ms=10|clock_delta_ms=1.309|
clock_suspect=0
PMLE_LIVE_REPLAY_TIC|tic=4810|mle_ms=9.481|monotonic_ms=10|clock_delta_ms=.519|c
lock_suspect=0
PMLE_LIVE_REPLAY_TIC|tic=4811|mle_ms=9.833|monotonic_ms=10|clock_delta_ms=.167|c
lock_suspect=0
PMLE_LIVE_REPLAY_TIC|tic=4812|mle_ms=10.418|monotonic_ms=10|clock_delta_ms=.418|
clock_suspect=0
PMLE_LIVE_REPLAY_TIC|tic=4813|mle_ms=10.728|monotonic_ms=10|clock_delta_ms=.728|
clock_suspect=0
PMLE_LIVE_REPLAY_TIC|tic=4814|mle_ms=11.036|monotonic_ms=10|clock_delta_ms=1.036
|clock_suspect=0
PMLE_LIVE_REPLAY_TIC|tic=4815|mle_ms=8.621|monotonic_ms=10|clock_delta_ms=1.379|
clock_suspect=0
PMLE_LIVE_REPLAY_TIC|tic=4816|mle_ms=9.284|monotonic_ms=10|clock_delta_ms=.716|c
lock_suspect=0
PMLE_LIVE_REPLAY_TIC|tic=4817|mle_ms=7.257|monotonic_ms=10|clock_delta_ms=2.743|
clock_suspect=0
PMLE_LIVE_REPLAY_TIC|tic=4818|mle_ms=8.039|monotonic_ms=0|clock_delta_ms=8.039|c
lock_suspect=0
PMLE_LIVE_REPLAY_TIC|tic=4819|mle_ms=8.243|monotonic_ms=10|clock_delta_ms=1.757|
clock_suspect=0
PMLE_LIVE_REPLAY_TIC|tic=4820|mle_ms=8.346|monotonic_ms=10|clock_delta_ms=1.654|
clock_suspect=0
PMLE_LIVE_REPLAY_TIC|tic=4821|mle_ms=8.816|monotonic_ms=10|clock_delta_ms=1.184|
clock_suspect=0
PMLE_LIVE_REPLAY_TIC|tic=4822|mle_ms=10.467|monotonic_ms=10|clock_delta_ms=.467|
clock_suspect=0
PMLE_LIVE_REPLAY_TIC|tic=4823|mle_ms=10.05|monotonic_ms=10|clock_delta_ms=.05|cl
ock_suspect=0
PMLE_LIVE_REPLAY_TIC|tic=4824|mle_ms=10.644|monotonic_ms=10|clock_delta_ms=.644|
clock_suspect=0
PMLE_LIVE_REPLAY_TIC|tic=4825|mle_ms=8.217|monotonic_ms=10|clock_delta_ms=1.783|
clock_suspect=0
PMLE_LIVE_REPLAY_TIC|tic=4826|mle_ms=9.001|monotonic_ms=10|clock_delta_ms=.999|c
lock_suspect=0
PMLE_LIVE_REPLAY_TIC|tic=4827|mle_ms=7.086|monotonic_ms=10|clock_delta_ms=2.914|
clock_suspect=0
PMLE_LIVE_REPLAY_TIC|tic=4828|mle_ms=8.048|monotonic_ms=0|clock_delta_ms=8.048|c
lock_suspect=0
PMLE_LIVE_REPLAY_TIC|tic=4829|mle_ms=7.907|monotonic_ms=10|clock_delta_ms=2.093|
clock_suspect=0
PMLE_LIVE_REPLAY_TIC|tic=4830|mle_ms=8.767|monotonic_ms=10|clock_delta_ms=1.233|
clock_suspect=0
PMLE_LIVE_REPLAY_TIC|tic=4831|mle_ms=9.618|monotonic_ms=10|clock_delta_ms=.382|c
lock_suspect=0
PMLE_LIVE_REPLAY_TIC|tic=4832|mle_ms=10.052|monotonic_ms=10|clock_delta_ms=.052|
clock_suspect=0
PMLE_LIVE_REPLAY_TIC|tic=4833|mle_ms=9.34|monotonic_ms=10|clock_delta_ms=.66|clo
ck_suspect=0
PMLE_LIVE_REPLAY_TIC|tic=4834|mle_ms=11.167|monotonic_ms=10|clock_delta_ms=1.167
|clock_suspect=0
PMLE_LIVE_REPLAY_TIC|tic=4835|mle_ms=9.554|monotonic_ms=10|clock_delta_ms=.446|c
lock_suspect=0
PMLE_LIVE_REPLAY_TIC|tic=4836|mle_ms=11.369|monotonic_ms=10|clock_delta_ms=1.369
|clock_suspect=0
PMLE_LIVE_REPLAY_TIC|tic=4837|mle_ms=9.064|monotonic_ms=10|clock_delta_ms=.936|c
lock_suspect=0
PMLE_LIVE_REPLAY_TIC|tic=4838|mle_ms=9.639|monotonic_ms=10|clock_delta_ms=.361|c
lock_suspect=0
PMLE_LIVE_REPLAY_TIC|tic=4839|mle_ms=8.931|monotonic_ms=10|clock_delta_ms=1.069|
clock_suspect=0
PMLE_LIVE_REPLAY_TIC|tic=4840|mle_ms=10.204|monotonic_ms=10|clock_delta_ms=.204|
clock_suspect=0
PMLE_LIVE_REPLAY_TIC|tic=4841|mle_ms=11.012|monotonic_ms=10|clock_delta_ms=1.012
|clock_suspect=0
PMLE_LIVE_REPLAY_TIC|tic=4842|mle_ms=10.979|monotonic_ms=10|clock_delta_ms=.979|
clock_suspect=0
PMLE_LIVE_REPLAY_TIC|tic=4843|mle_ms=10.521|monotonic_ms=10|clock_delta_ms=.521|
clock_suspect=0
PMLE_LIVE_REPLAY_TIC|tic=4844|mle_ms=11.079|monotonic_ms=10|clock_delta_ms=1.079
|clock_suspect=0
PMLE_LIVE_REPLAY_TIC|tic=4845|mle_ms=8.791|monotonic_ms=10|clock_delta_ms=1.209|
clock_suspect=0
PMLE_LIVE_REPLAY_TIC|tic=4846|mle_ms=12.714|monotonic_ms=20|clock_delta_ms=7.286
|clock_suspect=0
PMLE_LIVE_REPLAY_TIC|tic=4847|mle_ms=9.169|monotonic_ms=10|clock_delta_ms=.831|c
lock_suspect=0
PMLE_LIVE_REPLAY_TIC|tic=4848|mle_ms=10.258|monotonic_ms=10|clock_delta_ms=.258|
clock_suspect=0
PMLE_LIVE_REPLAY_TIC|tic=4849|mle_ms=10.318|monotonic_ms=10|clock_delta_ms=.318|
clock_suspect=0
PMLE_LIVE_REPLAY_TIC|tic=4850|mle_ms=9.497|monotonic_ms=10|clock_delta_ms=.503|c
lock_suspect=0
PMLE_LIVE_REPLAY_TIC|tic=4851|mle_ms=9.519|monotonic_ms=10|clock_delta_ms=.481|c
lock_suspect=0
PMLE_LIVE_REPLAY_TIC|tic=4852|mle_ms=10.377|monotonic_ms=10|clock_delta_ms=.377|
clock_suspect=0
PMLE_LIVE_REPLAY_TIC|tic=4853|mle_ms=9.862|monotonic_ms=10|clock_delta_ms=.138|c
lock_suspect=0
PMLE_LIVE_REPLAY_TIC|tic=4854|mle_ms=9.904|monotonic_ms=10|clock_delta_ms=.096|c
lock_suspect=0
PMLE_LIVE_REPLAY_TIC|tic=4855|mle_ms=8.363|monotonic_ms=0|clock_delta_ms=8.363|c
lock_suspect=0
PMLE_LIVE_REPLAY_TIC|tic=4856|mle_ms=10.17|monotonic_ms=10|clock_delta_ms=.17|cl
ock_suspect=0
PMLE_LIVE_REPLAY_TIC|tic=4857|mle_ms=8.22|monotonic_ms=10|clock_delta_ms=1.78|cl
ock_suspect=0
PMLE_LIVE_REPLAY_TIC|tic=4858|mle_ms=9.681|monotonic_ms=10|clock_delta_ms=.319|c
lock_suspect=0
PMLE_LIVE_REPLAY_TIC|tic=4859|mle_ms=8.988|monotonic_ms=10|clock_delta_ms=1.012|
clock_suspect=0
PMLE_LIVE_REPLAY_TIC|tic=4860|mle_ms=9.656|monotonic_ms=10|clock_delta_ms=.344|c
lock_suspect=0
PMLE_LIVE_REPLAY_TIC|tic=4861|mle_ms=9.33|monotonic_ms=10|clock_delta_ms=.67|clo
ck_suspect=0
PMLE_LIVE_REPLAY_TIC|tic=4862|mle_ms=9.499|monotonic_ms=10|clock_delta_ms=.501|c
lock_suspect=0
PMLE_LIVE_REPLAY_TIC|tic=4863|mle_ms=9.558|monotonic_ms=10|clock_delta_ms=.442|c
lock_suspect=0
PMLE_LIVE_REPLAY_TIC|tic=4864|mle_ms=9.442|monotonic_ms=10|clock_delta_ms=.558|c
lock_suspect=0
PMLE_LIVE_REPLAY_TIC|tic=4865|mle_ms=8.326|monotonic_ms=10|clock_delta_ms=1.674|
clock_suspect=0
PMLE_LIVE_REPLAY_TIC|tic=4866|mle_ms=10.628|monotonic_ms=10|clock_delta_ms=.628|
clock_suspect=0
PMLE_LIVE_REPLAY_TIC|tic=4867|mle_ms=8.423|monotonic_ms=10|clock_delta_ms=1.577|
clock_suspect=0
PMLE_LIVE_REPLAY_TIC|tic=4868|mle_ms=8.251|monotonic_ms=10|clock_delta_ms=1.749|
clock_suspect=0
PMLE_LIVE_REPLAY_TIC|tic=4869|mle_ms=8.917|monotonic_ms=0|clock_delta_ms=8.917|c
lock_suspect=0
PMLE_LIVE_REPLAY_TIC|tic=4870|mle_ms=9.824|monotonic_ms=10|clock_delta_ms=.176|c
lock_suspect=0
PMLE_LIVE_REPLAY_TIC|tic=4871|mle_ms=9.135|monotonic_ms=10|clock_delta_ms=.865|c
lock_suspect=0
PMLE_LIVE_REPLAY_TIC|tic=4872|mle_ms=10.38|monotonic_ms=10|clock_delta_ms=.38|cl
ock_suspect=0
PMLE_LIVE_REPLAY_TIC|tic=4873|mle_ms=9.526|monotonic_ms=10|clock_delta_ms=.474|c
lock_suspect=0
PMLE_LIVE_REPLAY_TIC|tic=4874|mle_ms=9.234|monotonic_ms=10|clock_delta_ms=.766|c
lock_suspect=0
PMLE_LIVE_REPLAY_TIC|tic=4875|mle_ms=7.662|monotonic_ms=10|clock_delta_ms=2.338|
clock_suspect=0
PMLE_LIVE_REPLAY_TIC|tic=4876|mle_ms=9.012|monotonic_ms=10|clock_delta_ms=.988|c
lock_suspect=0
PMLE_LIVE_REPLAY_TIC|tic=4877|mle_ms=7.55|monotonic_ms=10|clock_delta_ms=2.45|cl
ock_suspect=0
PMLE_LIVE_REPLAY_TIC|tic=4878|mle_ms=9.4|monotonic_ms=10|clock_delta_ms=.6|clock
_suspect=0
PMLE_LIVE_REPLAY_TIC|tic=4879|mle_ms=9.39|monotonic_ms=10|clock_delta_ms=.61|clo
ck_suspect=0
PMLE_LIVE_REPLAY_TIC|tic=4880|mle_ms=9.466|monotonic_ms=10|clock_delta_ms=.534|c
lock_suspect=0
PMLE_LIVE_REPLAY_TIC|tic=4881|mle_ms=9.495|monotonic_ms=10|clock_delta_ms=.505|c
lock_suspect=0
PMLE_LIVE_REPLAY_TIC|tic=4882|mle_ms=9.927|monotonic_ms=10|clock_delta_ms=.073|c
lock_suspect=0
PMLE_LIVE_REPLAY_TIC|tic=4883|mle_ms=12.235|monotonic_ms=10|clock_delta_ms=2.235
|clock_suspect=0
PMLE_LIVE_REPLAY_TIC|tic=4884|mle_ms=11.112|monotonic_ms=10|clock_delta_ms=1.112
|clock_suspect=0
PMLE_LIVE_REPLAY_TIC|tic=4885|mle_ms=9.702|monotonic_ms=10|clock_delta_ms=.298|c
lock_suspect=0
PMLE_LIVE_REPLAY_TIC|tic=4886|mle_ms=10.05|monotonic_ms=10|clock_delta_ms=.05|cl
ock_suspect=0
PMLE_LIVE_REPLAY_TIC|tic=4887|mle_ms=7.639|monotonic_ms=10|clock_delta_ms=2.361|
clock_suspect=0
PMLE_LIVE_REPLAY_TIC|tic=4888|mle_ms=9.286|monotonic_ms=10|clock_delta_ms=.714|c
lock_suspect=0
PMLE_LIVE_REPLAY_TIC|tic=4889|mle_ms=9.56|monotonic_ms=10|clock_delta_ms=.44|clo
ck_suspect=0
PMLE_LIVE_REPLAY_TIC|tic=4890|mle_ms=11.11|monotonic_ms=10|clock_delta_ms=1.11|c
lock_suspect=0
PMLE_LIVE_REPLAY_TIC|tic=4891|mle_ms=10.202|monotonic_ms=10|clock_delta_ms=.202|
clock_suspect=0
PMLE_LIVE_REPLAY_TIC|tic=4892|mle_ms=10.331|monotonic_ms=10|clock_delta_ms=.331|
clock_suspect=0
PMLE_LIVE_REPLAY_TIC|tic=4893|mle_ms=9.474|monotonic_ms=10|clock_delta_ms=.526|c
lock_suspect=0
PMLE_LIVE_REPLAY_TIC|tic=4894|mle_ms=10.281|monotonic_ms=10|clock_delta_ms=.281|
clock_suspect=0
PMLE_LIVE_REPLAY_TIC|tic=4895|mle_ms=9.447|monotonic_ms=10|clock_delta_ms=.553|c
lock_suspect=0
PMLE_LIVE_REPLAY_TIC|tic=4896|mle_ms=10.983|monotonic_ms=10|clock_delta_ms=.983|
clock_suspect=0
PMLE_LIVE_REPLAY_TIC|tic=4897|mle_ms=8.033|monotonic_ms=10|clock_delta_ms=1.967|
clock_suspect=0
PMLE_LIVE_REPLAY_TIC|tic=4898|mle_ms=7.831|monotonic_ms=0|clock_delta_ms=7.831|c
lock_suspect=0
PMLE_LIVE_REPLAY_TIC|tic=4899|mle_ms=8.077|monotonic_ms=10|clock_delta_ms=1.923|
clock_suspect=0
PMLE_LIVE_REPLAY_TIC|tic=4900|mle_ms=9.998|monotonic_ms=10|clock_delta_ms=.002|c
lock_suspect=0
PMLE_LIVE_REPLAY_TIC|tic=4901|mle_ms=9.127|monotonic_ms=10|clock_delta_ms=.873|c
lock_suspect=0
PMLE_LIVE_REPLAY_TIC|tic=4902|mle_ms=10.097|monotonic_ms=10|clock_delta_ms=.097|
clock_suspect=0
PMLE_LIVE_REPLAY_TIC|tic=4903|mle_ms=10.237|monotonic_ms=10|clock_delta_ms=.237|
clock_suspect=0
PMLE_LIVE_REPLAY_TIC|tic=4904|mle_ms=9.304|monotonic_ms=10|clock_delta_ms=.696|c
lock_suspect=0
PMLE_LIVE_REPLAY_TIC|tic=4905|mle_ms=7.68|monotonic_ms=10|clock_delta_ms=2.32|cl
ock_suspect=0
PMLE_LIVE_REPLAY_TIC|tic=4906|mle_ms=10.317|monotonic_ms=10|clock_delta_ms=.317|
clock_suspect=0
PMLE_LIVE_REPLAY_TIC|tic=4907|mle_ms=8.39|monotonic_ms=10|clock_delta_ms=1.61|cl
ock_suspect=0
PMLE_LIVE_REPLAY_TIC|tic=4908|mle_ms=10.082|monotonic_ms=10|clock_delta_ms=.082|
clock_suspect=0
PMLE_LIVE_REPLAY_TIC|tic=4909|mle_ms=9.586|monotonic_ms=10|clock_delta_ms=.414|c
lock_suspect=0
PMLE_LIVE_REPLAY_TIC|tic=4910|mle_ms=9.48|monotonic_ms=10|clock_delta_ms=.52|clo
ck_suspect=0
PMLE_LIVE_REPLAY_TIC|tic=4911|mle_ms=8.557|monotonic_ms=10|clock_delta_ms=1.443|
clock_suspect=0
PMLE_LIVE_REPLAY_TIC|tic=4912|mle_ms=9.794|monotonic_ms=10|clock_delta_ms=.206|c
lock_suspect=0
PMLE_LIVE_REPLAY_TIC|tic=4913|mle_ms=8.246|monotonic_ms=10|clock_delta_ms=1.754|
clock_suspect=0
PMLE_LIVE_REPLAY_TIC|tic=4914|mle_ms=9.253|monotonic_ms=0|clock_delta_ms=9.253|c
lock_suspect=0
PMLE_LIVE_REPLAY_TIC|tic=4915|mle_ms=8.492|monotonic_ms=10|clock_delta_ms=1.508|
clock_suspect=0
PMLE_LIVE_REPLAY_TIC|tic=4916|mle_ms=8.645|monotonic_ms=10|clock_delta_ms=1.355|
clock_suspect=0
PMLE_LIVE_REPLAY_TIC|tic=4917|mle_ms=7.547|monotonic_ms=10|clock_delta_ms=2.453|
clock_suspect=0
PMLE_LIVE_REPLAY_TIC|tic=4918|mle_ms=7.715|monotonic_ms=10|clock_delta_ms=2.285|
clock_suspect=0
PMLE_LIVE_REPLAY_TIC|tic=4919|mle_ms=7.723|monotonic_ms=10|clock_delta_ms=2.277|
clock_suspect=0
PMLE_LIVE_REPLAY_TIC|tic=4920|mle_ms=11.395|monotonic_ms=10|clock_delta_ms=1.395
|clock_suspect=0
PMLE_LIVE_REPLAY_TIC|tic=4921|mle_ms=9.985|monotonic_ms=10|clock_delta_ms=.015|c
lock_suspect=0
PMLE_LIVE_REPLAY_TIC|tic=4922|mle_ms=10.269|monotonic_ms=10|clock_delta_ms=.269|
clock_suspect=0
PMLE_LIVE_REPLAY_TIC|tic=4923|mle_ms=9.451|monotonic_ms=10|clock_delta_ms=.549|c
lock_suspect=0
PMLE_LIVE_REPLAY_TIC|tic=4924|mle_ms=10.09|monotonic_ms=10|clock_delta_ms=.09|cl
ock_suspect=0
PMLE_LIVE_REPLAY_TIC|tic=4925|mle_ms=9.382|monotonic_ms=10|clock_delta_ms=.618|c
lock_suspect=0
PMLE_LIVE_REPLAY_TIC|tic=4926|mle_ms=10.305|monotonic_ms=10|clock_delta_ms=.305|
clock_suspect=0
PMLE_LIVE_REPLAY_TIC|tic=4927|mle_ms=7.701|monotonic_ms=0|clock_delta_ms=7.701|c
lock_suspect=0
PMLE_LIVE_REPLAY_TIC|tic=4928|mle_ms=7.188|monotonic_ms=10|clock_delta_ms=2.812|
clock_suspect=0
PMLE_LIVE_REPLAY_TIC|tic=4929|mle_ms=8.298|monotonic_ms=10|clock_delta_ms=1.702|
clock_suspect=0
PMLE_LIVE_REPLAY_TIC|tic=4930|mle_ms=9.095|monotonic_ms=10|clock_delta_ms=.905|c
lock_suspect=0
PMLE_LIVE_REPLAY_TIC|tic=4931|mle_ms=9.831|monotonic_ms=10|clock_delta_ms=.169|c
lock_suspect=0
PMLE_LIVE_REPLAY_TIC|tic=4932|mle_ms=10.492|monotonic_ms=10|clock_delta_ms=.492|
clock_suspect=0
PMLE_LIVE_REPLAY_TIC|tic=4933|mle_ms=10.551|monotonic_ms=10|clock_delta_ms=.551|
clock_suspect=0
PMLE_LIVE_REPLAY_TIC|tic=4934|mle_ms=10.048|monotonic_ms=10|clock_delta_ms=.048|
clock_suspect=0
PMLE_LIVE_REPLAY_TIC|tic=4935|mle_ms=7.764|monotonic_ms=10|clock_delta_ms=2.236|
clock_suspect=0
PMLE_LIVE_REPLAY_TIC|tic=4936|mle_ms=9.505|monotonic_ms=10|clock_delta_ms=.495|c
lock_suspect=0
PMLE_LIVE_REPLAY_TIC|tic=4937|mle_ms=7.869|monotonic_ms=10|clock_delta_ms=2.131|
clock_suspect=0
PMLE_LIVE_REPLAY_TIC|tic=4938|mle_ms=8.619|monotonic_ms=0|clock_delta_ms=8.619|c
lock_suspect=0
PMLE_LIVE_REPLAY_TIC|tic=4939|mle_ms=7.977|monotonic_ms=10|clock_delta_ms=2.023|
clock_suspect=0
PMLE_LIVE_REPLAY_TIC|tic=4940|mle_ms=7.603|monotonic_ms=10|clock_delta_ms=2.397|
clock_suspect=0
PMLE_LIVE_REPLAY_TIC|tic=4941|mle_ms=8.394|monotonic_ms=10|clock_delta_ms=1.606|
clock_suspect=0
PMLE_LIVE_REPLAY_TIC|tic=4942|mle_ms=10.632|monotonic_ms=10|clock_delta_ms=.632|
clock_suspect=0
PMLE_LIVE_REPLAY_TIC|tic=4943|mle_ms=11.176|monotonic_ms=10|clock_delta_ms=1.176
|clock_suspect=0
PMLE_LIVE_REPLAY_TIC|tic=4944|mle_ms=12.097|monotonic_ms=10|clock_delta_ms=2.097
|clock_suspect=0
PMLE_LIVE_REPLAY_TIC|tic=4945|mle_ms=10.282|monotonic_ms=10|clock_delta_ms=.282|
clock_suspect=0
PMLE_LIVE_REPLAY_TIC|tic=4946|mle_ms=11.087|monotonic_ms=10|clock_delta_ms=1.087
|clock_suspect=0
PMLE_LIVE_REPLAY_TIC|tic=4947|mle_ms=8.716|monotonic_ms=10|clock_delta_ms=1.284|
clock_suspect=0
PMLE_LIVE_REPLAY_TIC|tic=4948|mle_ms=9.073|monotonic_ms=10|clock_delta_ms=.927|c
lock_suspect=0
PMLE_LIVE_REPLAY_TIC|tic=4949|mle_ms=9.233|monotonic_ms=10|clock_delta_ms=.767|c
lock_suspect=0
PMLE_LIVE_REPLAY_TIC|tic=4950|mle_ms=9.421|monotonic_ms=10|clock_delta_ms=.579|c
lock_suspect=0
PMLE_LIVE_REPLAY_TIC|tic=4951|mle_ms=10.292|monotonic_ms=10|clock_delta_ms=.292|
clock_suspect=0
PMLE_LIVE_REPLAY_TIC|tic=4952|mle_ms=9.995|monotonic_ms=10|clock_delta_ms=.005|c
lock_suspect=0
PMLE_LIVE_REPLAY_TIC|tic=4953|mle_ms=9.471|monotonic_ms=10|clock_delta_ms=.529|c
lock_suspect=0
PMLE_LIVE_REPLAY_TIC|tic=4954|mle_ms=10.54|monotonic_ms=10|clock_delta_ms=.54|cl
ock_suspect=0
PMLE_LIVE_REPLAY_TIC|tic=4955|mle_ms=9.26|monotonic_ms=10|clock_delta_ms=.74|clo
ck_suspect=0
PMLE_LIVE_REPLAY_TIC|tic=4956|mle_ms=11.818|monotonic_ms=10|clock_delta_ms=1.818
|clock_suspect=0
PMLE_LIVE_REPLAY_TIC|tic=4957|mle_ms=9.137|monotonic_ms=10|clock_delta_ms=.863|c
lock_suspect=0
PMLE_LIVE_REPLAY_TIC|tic=4958|mle_ms=8.893|monotonic_ms=10|clock_delta_ms=1.107|
clock_suspect=0
PMLE_LIVE_REPLAY_TIC|tic=4959|mle_ms=7.237|monotonic_ms=10|clock_delta_ms=2.763|
clock_suspect=0
PMLE_LIVE_REPLAY_TIC|tic=4960|mle_ms=7.671|monotonic_ms=10|clock_delta_ms=2.329|
clock_suspect=0
PMLE_LIVE_REPLAY_TIC|tic=4961|mle_ms=9.19|monotonic_ms=10|clock_delta_ms=.81|clo
ck_suspect=0
PMLE_LIVE_REPLAY_TIC|tic=4962|mle_ms=9.907|monotonic_ms=10|clock_delta_ms=.093|c
lock_suspect=0
PMLE_LIVE_REPLAY_TIC|tic=4963|mle_ms=10.502|monotonic_ms=10|clock_delta_ms=.502|
clock_suspect=0
PMLE_LIVE_REPLAY_TIC|tic=4964|mle_ms=10.513|monotonic_ms=10|clock_delta_ms=.513|
clock_suspect=0
PMLE_LIVE_REPLAY_TIC|tic=4965|mle_ms=8.976|monotonic_ms=10|clock_delta_ms=1.024|
clock_suspect=0
PMLE_LIVE_REPLAY_TIC|tic=4966|mle_ms=10.74|monotonic_ms=10|clock_delta_ms=.74|cl
ock_suspect=0
PMLE_LIVE_REPLAY_TIC|tic=4967|mle_ms=8.685|monotonic_ms=10|clock_delta_ms=1.315|
clock_suspect=0
PMLE_LIVE_REPLAY_TIC|tic=4968|mle_ms=9.784|monotonic_ms=10|clock_delta_ms=.216|c
lock_suspect=0
PMLE_LIVE_REPLAY_TIC|tic=4969|mle_ms=8.587|monotonic_ms=0|clock_delta_ms=8.587|c
lock_suspect=0
PMLE_LIVE_REPLAY_TIC|tic=4970|mle_ms=7.857|monotonic_ms=10|clock_delta_ms=2.143|
clock_suspect=0
PMLE_LIVE_REPLAY_TIC|tic=4971|mle_ms=7.383|monotonic_ms=10|clock_delta_ms=2.617|
clock_suspect=0
PMLE_LIVE_REPLAY_TIC|tic=4972|mle_ms=9.705|monotonic_ms=10|clock_delta_ms=.295|c
lock_suspect=0
PMLE_LIVE_REPLAY_TIC|tic=4973|mle_ms=9.122|monotonic_ms=10|clock_delta_ms=.878|c
lock_suspect=0
PMLE_LIVE_REPLAY_TIC|tic=4974|mle_ms=11.851|monotonic_ms=10|clock_delta_ms=1.851
|clock_suspect=0
PMLE_LIVE_REPLAY_TIC|tic=4975|mle_ms=10.033|monotonic_ms=10|clock_delta_ms=.033|
clock_suspect=0
PMLE_LIVE_REPLAY_TIC|tic=4976|mle_ms=10.497|monotonic_ms=10|clock_delta_ms=.497|
clock_suspect=0
PMLE_LIVE_REPLAY_TIC|tic=4977|mle_ms=8.45|monotonic_ms=10|clock_delta_ms=1.55|cl
ock_suspect=0
PMLE_LIVE_REPLAY_TIC|tic=4978|mle_ms=8.912|monotonic_ms=10|clock_delta_ms=1.088|
clock_suspect=0
PMLE_LIVE_REPLAY_TIC|tic=4979|mle_ms=9.346|monotonic_ms=10|clock_delta_ms=.654|c
lock_suspect=0
PMLE_LIVE_REPLAY_TIC|tic=4980|mle_ms=9.385|monotonic_ms=10|clock_delta_ms=.615|c
lock_suspect=0
PMLE_LIVE_REPLAY_TIC|tic=4981|mle_ms=8.207|monotonic_ms=10|clock_delta_ms=1.793|
clock_suspect=0
PMLE_LIVE_REPLAY_TIC|tic=4982|mle_ms=8.631|monotonic_ms=0|clock_delta_ms=8.631|c
lock_suspect=0
PMLE_LIVE_REPLAY_TIC|tic=4983|mle_ms=9.988|monotonic_ms=10|clock_delta_ms=.012|c
lock_suspect=0
PMLE_LIVE_REPLAY_TIC|tic=4984|mle_ms=11.63|monotonic_ms=20|clock_delta_ms=8.37|c
lock_suspect=0
PMLE_LIVE_REPLAY_TIC|tic=4985|mle_ms=10.099|monotonic_ms=10|clock_delta_ms=.099|
clock_suspect=0
PMLE_LIVE_REPLAY_TIC|tic=4986|mle_ms=11.403|monotonic_ms=10|clock_delta_ms=1.403
|clock_suspect=0
PMLE_LIVE_REPLAY_TIC|tic=4987|mle_ms=9.473|monotonic_ms=10|clock_delta_ms=.527|c
lock_suspect=0
PMLE_LIVE_REPLAY_TIC|tic=4988|mle_ms=9.205|monotonic_ms=10|clock_delta_ms=.795|c
lock_suspect=0
PMLE_LIVE_REPLAY_TIC|tic=4989|mle_ms=8.506|monotonic_ms=10|clock_delta_ms=1.494|
clock_suspect=0
PMLE_LIVE_REPLAY_TIC|tic=4990|mle_ms=8.546|monotonic_ms=0|clock_delta_ms=8.546|c
lock_suspect=0
PMLE_LIVE_REPLAY_TIC|tic=4991|mle_ms=10.441|monotonic_ms=10|clock_delta_ms=.441|
clock_suspect=0
PMLE_LIVE_REPLAY_TIC|tic=4992|mle_ms=10.63|monotonic_ms=20|clock_delta_ms=9.37|c
lock_suspect=0
PMLE_LIVE_REPLAY_TIC|tic=4993|mle_ms=14.491|monotonic_ms=10|clock_delta_ms=4.491
|clock_suspect=0
PMLE_LIVE_REPLAY_TIC|tic=4994|mle_ms=11.772|monotonic_ms=10|clock_delta_ms=1.772
|clock_suspect=0
PMLE_LIVE_REPLAY_TIC|tic=4995|mle_ms=9.562|monotonic_ms=10|clock_delta_ms=.438|c
lock_suspect=0
PMLE_LIVE_REPLAY_TIC|tic=4996|mle_ms=11.033|monotonic_ms=10|clock_delta_ms=1.033
|clock_suspect=0
PMLE_LIVE_REPLAY_TIC|tic=4997|mle_ms=9.03|monotonic_ms=10|clock_delta_ms=.97|clo
ck_suspect=0
PMLE_LIVE_REPLAY_TIC|tic=4998|mle_ms=9.864|monotonic_ms=10|clock_delta_ms=.136|c
lock_suspect=0
PMLE_LIVE_REPLAY_TIC|tic=4999|mle_ms=9.169|monotonic_ms=10|clock_delta_ms=.831|c
lock_suspect=0
PMLE_LIVE_REPLAY_TIC|tic=5000|mle_ms=7.482|monotonic_ms=10|clock_delta_ms=2.518|
clock_suspect=0
PMLE_LIVE_REPLAY_TIC|tic=5001|mle_ms=8.41|monotonic_ms=0|clock_delta_ms=8.41|clo
ck_suspect=0
PMLE_LIVE_REPLAY_TIC|tic=5002|mle_ms=10.292|monotonic_ms=20|clock_delta_ms=9.708
|clock_suspect=0
PMLE_LIVE_REPLAY_TIC|tic=5003|mle_ms=9.622|monotonic_ms=0|clock_delta_ms=9.622|c
lock_suspect=0
PMLE_LIVE_REPLAY_TIC|tic=5004|mle_ms=10.518|monotonic_ms=20|clock_delta_ms=9.482
|clock_suspect=0
PMLE_LIVE_REPLAY_TIC|tic=5005|mle_ms=9.533|monotonic_ms=0|clock_delta_ms=9.533|c
lock_suspect=0
PMLE_LIVE_REPLAY_TIC|tic=5006|mle_ms=10.91|monotonic_ms=20|clock_delta_ms=9.09|c
lock_suspect=0
PMLE_LIVE_REPLAY_TIC|tic=5007|mle_ms=8.412|monotonic_ms=0|clock_delta_ms=8.412|c
lock_suspect=0
PMLE_LIVE_REPLAY_TIC|tic=5008|mle_ms=8.88|monotonic_ms=10|clock_delta_ms=1.12|cl
ock_suspect=0
PMLE_LIVE_REPLAY_TIC|tic=5009|mle_ms=7.911|monotonic_ms=10|clock_delta_ms=2.089|
clock_suspect=0
PMLE_LIVE_REPLAY_TIC|tic=5010|mle_ms=8.413|monotonic_ms=10|clock_delta_ms=1.587|
clock_suspect=0
PMLE_LIVE_REPLAY_TIC|tic=5011|mle_ms=8.65|monotonic_ms=10|clock_delta_ms=1.35|cl
ock_suspect=0
PMLE_LIVE_REPLAY_TIC|tic=5012|mle_ms=9.744|monotonic_ms=10|clock_delta_ms=.256|c
lock_suspect=0
PMLE_LIVE_REPLAY_TIC|tic=5013|mle_ms=10.061|monotonic_ms=10|clock_delta_ms=.061|
clock_suspect=0
PMLE_LIVE_REPLAY_TIC|tic=5014|mle_ms=10.054|monotonic_ms=10|clock_delta_ms=.054|
clock_suspect=0
PMLE_LIVE_REPLAY_TIC|tic=5015|mle_ms=9.316|monotonic_ms=10|clock_delta_ms=.684|c
lock_suspect=0
PMLE_LIVE_REPLAY_TIC|tic=5016|mle_ms=11.304|monotonic_ms=10|clock_delta_ms=1.304
|clock_suspect=0
PMLE_LIVE_REPLAY_TIC|tic=5017|mle_ms=9.412|monotonic_ms=10|clock_delta_ms=.588|c
lock_suspect=0
PMLE_LIVE_REPLAY_TIC|tic=5018|mle_ms=9.134|monotonic_ms=10|clock_delta_ms=.866|c
lock_suspect=0
PMLE_LIVE_REPLAY_TIC|tic=5019|mle_ms=7.941|monotonic_ms=10|clock_delta_ms=2.059|
clock_suspect=0
PMLE_LIVE_REPLAY_TIC|tic=5020|mle_ms=7.648|monotonic_ms=0|clock_delta_ms=7.648|c
lock_suspect=0
PMLE_LIVE_REPLAY_TIC|tic=5021|mle_ms=8.019|monotonic_ms=10|clock_delta_ms=1.981|
clock_suspect=0
PMLE_LIVE_REPLAY_TIC|tic=5022|mle_ms=10.556|monotonic_ms=10|clock_delta_ms=.556|
clock_suspect=0
PMLE_LIVE_REPLAY_TIC|tic=5023|mle_ms=10.587|monotonic_ms=10|clock_delta_ms=.587|
clock_suspect=0
PMLE_LIVE_REPLAY_TIC|tic=5024|mle_ms=10.616|monotonic_ms=10|clock_delta_ms=.616|
clock_suspect=0
PMLE_LIVE_REPLAY_TIC|tic=5025|mle_ms=9.005|monotonic_ms=10|clock_delta_ms=.995|c
lock_suspect=0
PMLE_LIVE_REPLAY_TIC|tic=5026|mle_ms=10.73|monotonic_ms=10|clock_delta_ms=.73|cl
ock_suspect=0
PMLE_LIVE_REPLAY_TIC|tic=5027|mle_ms=8.566|monotonic_ms=10|clock_delta_ms=1.434|
clock_suspect=0
PMLE_LIVE_REPLAY_TIC|tic=5028|mle_ms=12.094|monotonic_ms=10|clock_delta_ms=2.094
|clock_suspect=0
PMLE_LIVE_REPLAY_TIC|tic=5029|mle_ms=9.248|monotonic_ms=10|clock_delta_ms=.752|c
lock_suspect=0
PMLE_LIVE_REPLAY_TIC|tic=5030|mle_ms=7.793|monotonic_ms=10|clock_delta_ms=2.207|
clock_suspect=0
PMLE_LIVE_REPLAY_TIC|tic=5031|mle_ms=7.588|monotonic_ms=10|clock_delta_ms=2.412|
clock_suspect=0
PMLE_LIVE_REPLAY_TIC|tic=5032|mle_ms=9.435|monotonic_ms=10|clock_delta_ms=.565|c
lock_suspect=0
PMLE_LIVE_REPLAY_TIC|tic=5033|mle_ms=9.898|monotonic_ms=10|clock_delta_ms=.102|c
lock_suspect=0
PMLE_LIVE_REPLAY_TIC|tic=5034|mle_ms=11.306|monotonic_ms=10|clock_delta_ms=1.306
|clock_suspect=0
PMLE_LIVE_REPLAY_TIC|tic=5035|mle_ms=9.762|monotonic_ms=10|clock_delta_ms=.238|c
lock_suspect=0
PMLE_LIVE_REPLAY_TIC|tic=5036|mle_ms=10.533|monotonic_ms=10|clock_delta_ms=.533|
clock_suspect=0
PMLE_LIVE_REPLAY_TIC|tic=5037|mle_ms=8.509|monotonic_ms=10|clock_delta_ms=1.491|
clock_suspect=0
PMLE_LIVE_REPLAY_TIC|tic=5038|mle_ms=9.561|monotonic_ms=10|clock_delta_ms=.439|c
lock_suspect=0
PMLE_LIVE_REPLAY_TIC|tic=5039|mle_ms=9.249|monotonic_ms=10|clock_delta_ms=.751|c
lock_suspect=0
PMLE_LIVE_REPLAY_TIC|tic=5040|mle_ms=9.191|monotonic_ms=10|clock_delta_ms=.809|c
lock_suspect=0
PMLE_LIVE_REPLAY_TIC|tic=5041|mle_ms=9.75|monotonic_ms=10|clock_delta_ms=.25|clo
ck_suspect=0
PMLE_LIVE_REPLAY_TIC|tic=5042|mle_ms=10.391|monotonic_ms=10|clock_delta_ms=.391|
clock_suspect=0
PMLE_LIVE_REPLAY_TIC|tic=5043|mle_ms=10.333|monotonic_ms=10|clock_delta_ms=.333|
clock_suspect=0
PMLE_LIVE_REPLAY_TIC|tic=5044|mle_ms=12.486|monotonic_ms=10|clock_delta_ms=2.486
|clock_suspect=0
PMLE_LIVE_REPLAY_TIC|tic=5045|mle_ms=10.224|monotonic_ms=10|clock_delta_ms=.224|
clock_suspect=0
PMLE_LIVE_REPLAY_TIC|tic=5046|mle_ms=11.37|monotonic_ms=10|clock_delta_ms=1.37|c
lock_suspect=0
PMLE_LIVE_REPLAY_TIC|tic=5047|mle_ms=9.317|monotonic_ms=10|clock_delta_ms=.683|c
lock_suspect=0
PMLE_LIVE_REPLAY_TIC|tic=5048|mle_ms=8.696|monotonic_ms=10|clock_delta_ms=1.304|
clock_suspect=0
PMLE_LIVE_REPLAY_TIC|tic=5049|mle_ms=7.482|monotonic_ms=10|clock_delta_ms=2.518|
clock_suspect=0
PMLE_LIVE_REPLAY_TIC|tic=5050|mle_ms=8.08|monotonic_ms=10|clock_delta_ms=1.92|cl
ock_suspect=0
PMLE_LIVE_REPLAY_TIC|tic=5051|mle_ms=8.694|monotonic_ms=10|clock_delta_ms=1.306|
clock_suspect=0
PMLE_LIVE_REPLAY_TIC|tic=5052|mle_ms=9.091|monotonic_ms=0|clock_delta_ms=9.091|c
lock_suspect=0
PMLE_LIVE_REPLAY_TIC|tic=5053|mle_ms=8.915|monotonic_ms=10|clock_delta_ms=1.085|
clock_suspect=0
PMLE_LIVE_REPLAY_TIC|tic=5054|mle_ms=10.154|monotonic_ms=10|clock_delta_ms=.154|
clock_suspect=0
PMLE_LIVE_REPLAY_TIC|tic=5055|mle_ms=9.281|monotonic_ms=10|clock_delta_ms=.719|c
lock_suspect=0
PMLE_LIVE_REPLAY_TIC|tic=5056|mle_ms=11.235|monotonic_ms=10|clock_delta_ms=1.235
|clock_suspect=0
PMLE_LIVE_REPLAY_TIC|tic=5057|mle_ms=8.924|monotonic_ms=10|clock_delta_ms=1.076|
clock_suspect=0
PMLE_LIVE_REPLAY_TIC|tic=5058|mle_ms=10.291|monotonic_ms=10|clock_delta_ms=.291|
clock_suspect=0
PMLE_LIVE_REPLAY_TIC|tic=5059|mle_ms=9.763|monotonic_ms=10|clock_delta_ms=.237|c
lock_suspect=0
PMLE_LIVE_REPLAY_TIC|tic=5060|mle_ms=9.201|monotonic_ms=10|clock_delta_ms=.799|c
lock_suspect=0
PMLE_LIVE_REPLAY_TIC|tic=5061|mle_ms=9.064|monotonic_ms=10|clock_delta_ms=.936|c
lock_suspect=0
PMLE_LIVE_REPLAY_TIC|tic=5062|mle_ms=9.758|monotonic_ms=10|clock_delta_ms=.242|c
lock_suspect=0
PMLE_LIVE_REPLAY_TIC|tic=5063|mle_ms=8.523|monotonic_ms=10|clock_delta_ms=1.477|
clock_suspect=0
PMLE_LIVE_REPLAY_TIC|tic=5064|mle_ms=12.652|monotonic_ms=10|clock_delta_ms=2.652
|clock_suspect=0
PMLE_LIVE_REPLAY_TIC|tic=5065|mle_ms=10.847|monotonic_ms=10|clock_delta_ms=.847|
clock_suspect=0
PMLE_LIVE_REPLAY_TIC|tic=5066|mle_ms=11.723|monotonic_ms=20|clock_delta_ms=8.277
|clock_suspect=0
PMLE_LIVE_REPLAY_TIC|tic=5067|mle_ms=8.836|monotonic_ms=10|clock_delta_ms=1.164|
clock_suspect=0
PMLE_LIVE_REPLAY_TIC|tic=5068|mle_ms=9.777|monotonic_ms=10|clock_delta_ms=.223|c
lock_suspect=0
PMLE_LIVE_REPLAY_TIC|tic=5069|mle_ms=9.542|monotonic_ms=0|clock_delta_ms=9.542|c
lock_suspect=0
PMLE_LIVE_REPLAY_TIC|tic=5070|mle_ms=10.25|monotonic_ms=20|clock_delta_ms=9.75|c
lock_suspect=0
PMLE_LIVE_REPLAY_TIC|tic=5071|mle_ms=9.879|monotonic_ms=10|clock_delta_ms=.121|c
lock_suspect=0
PMLE_LIVE_REPLAY_TIC|tic=5072|mle_ms=9.96|monotonic_ms=10|clock_delta_ms=.04|clo
ck_suspect=0
PMLE_LIVE_REPLAY_TIC|tic=5073|mle_ms=9.891|monotonic_ms=10|clock_delta_ms=.109|c
lock_suspect=0
PMLE_LIVE_REPLAY_TIC|tic=5074|mle_ms=11.95|monotonic_ms=10|clock_delta_ms=1.95|c
lock_suspect=0
PMLE_LIVE_REPLAY_TIC|tic=5075|mle_ms=10.096|monotonic_ms=10|clock_delta_ms=.096|
clock_suspect=0
PMLE_LIVE_REPLAY_TIC|tic=5076|mle_ms=11.842|monotonic_ms=10|clock_delta_ms=1.842
|clock_suspect=0
PMLE_LIVE_REPLAY_TIC|tic=5077|mle_ms=9.283|monotonic_ms=10|clock_delta_ms=.717|c
lock_suspect=0
PMLE_LIVE_REPLAY_TIC|tic=5078|mle_ms=8.919|monotonic_ms=10|clock_delta_ms=1.081|
clock_suspect=0
PMLE_LIVE_REPLAY_TIC|tic=5079|mle_ms=8.857|monotonic_ms=10|clock_delta_ms=1.143|
clock_suspect=0
PMLE_LIVE_REPLAY_TIC|tic=5080|mle_ms=8.885|monotonic_ms=10|clock_delta_ms=1.115|
clock_suspect=0
PMLE_LIVE_REPLAY_TIC|tic=5081|mle_ms=9.051|monotonic_ms=0|clock_delta_ms=9.051|c
lock_suspect=0
PMLE_LIVE_REPLAY_TIC|tic=5082|mle_ms=10.569|monotonic_ms=20|clock_delta_ms=9.431
|clock_suspect=0
PMLE_LIVE_REPLAY_TIC|tic=5083|mle_ms=11.024|monotonic_ms=10|clock_delta_ms=1.024
|clock_suspect=0
PMLE_LIVE_REPLAY_TIC|tic=5084|mle_ms=11.627|monotonic_ms=10|clock_delta_ms=1.627
|clock_suspect=0
PMLE_LIVE_REPLAY_TIC|tic=5085|mle_ms=9.641|monotonic_ms=10|clock_delta_ms=.359|c
lock_suspect=0
PMLE_LIVE_REPLAY_TIC|tic=5086|mle_ms=11.503|monotonic_ms=10|clock_delta_ms=1.503
|clock_suspect=0
PMLE_LIVE_REPLAY_TIC|tic=5087|mle_ms=8.856|monotonic_ms=10|clock_delta_ms=1.144|
clock_suspect=0
PMLE_LIVE_REPLAY_TIC|tic=5088|mle_ms=9.39|monotonic_ms=10|clock_delta_ms=.61|clo
ck_suspect=0
PMLE_LIVE_REPLAY_TIC|tic=5089|mle_ms=9.387|monotonic_ms=10|clock_delta_ms=.613|c
lock_suspect=0
PMLE_LIVE_REPLAY_TIC|tic=5090|mle_ms=8.69|monotonic_ms=10|clock_delta_ms=1.31|cl
ock_suspect=0
PMLE_LIVE_REPLAY_TIC|tic=5091|mle_ms=8.543|monotonic_ms=0|clock_delta_ms=8.543|c
lock_suspect=0
PMLE_LIVE_REPLAY_TIC|tic=5092|mle_ms=10.914|monotonic_ms=20|clock_delta_ms=9.086
|clock_suspect=0
PMLE_LIVE_REPLAY_TIC|tic=5093|mle_ms=11.607|monotonic_ms=10|clock_delta_ms=1.607
|clock_suspect=0
PMLE_LIVE_REPLAY_TIC|tic=5094|mle_ms=13.355|monotonic_ms=10|clock_delta_ms=3.355
|clock_suspect=0
PMLE_LIVE_REPLAY_TIC|tic=5095|mle_ms=11.649|monotonic_ms=10|clock_delta_ms=1.649
|clock_suspect=0
PMLE_LIVE_REPLAY_TIC|tic=5096|mle_ms=12.711|monotonic_ms=20|clock_delta_ms=7.289
|clock_suspect=0
PMLE_LIVE_REPLAY_TIC|tic=5097|mle_ms=8.871|monotonic_ms=0|clock_delta_ms=8.871|c
lock_suspect=0
PMLE_LIVE_REPLAY_TIC|tic=5098|mle_ms=9.561|monotonic_ms=10|clock_delta_ms=.439|c
lock_suspect=0
PMLE_LIVE_REPLAY_TIC|tic=5099|mle_ms=12.982|monotonic_ms=20|clock_delta_ms=7.018
|clock_suspect=0
PMLE_LIVE_REPLAY_TIC|tic=5100|mle_ms=11.043|monotonic_ms=10|clock_delta_ms=1.043
|clock_suspect=0
PMLE_LIVE_REPLAY_TIC|tic=5101|mle_ms=11.385|monotonic_ms=10|clock_delta_ms=1.385
|clock_suspect=0
PMLE_LIVE_REPLAY_TIC|tic=5102|mle_ms=11.584|monotonic_ms=10|clock_delta_ms=1.584
|clock_suspect=0
PMLE_LIVE_REPLAY_TIC|tic=5103|mle_ms=11.785|monotonic_ms=10|clock_delta_ms=1.785
|clock_suspect=0
PMLE_LIVE_REPLAY_TIC|tic=5104|mle_ms=12.373|monotonic_ms=10|clock_delta_ms=2.373
|clock_suspect=0
PMLE_LIVE_REPLAY_TIC|tic=5105|mle_ms=10.879|monotonic_ms=20|clock_delta_ms=9.121
|clock_suspect=0
PMLE_LIVE_REPLAY_TIC|tic=5106|mle_ms=11.597|monotonic_ms=10|clock_delta_ms=1.597
|clock_suspect=0
PMLE_LIVE_REPLAY_TIC|tic=5107|mle_ms=8.853|monotonic_ms=10|clock_delta_ms=1.147|
clock_suspect=0
PMLE_LIVE_REPLAY_TIC|tic=5108|mle_ms=8.652|monotonic_ms=0|clock_delta_ms=8.652|c
lock_suspect=0
PMLE_LIVE_REPLAY_TIC|tic=5109|mle_ms=9.972|monotonic_ms=10|clock_delta_ms=.028|c
lock_suspect=0
PMLE_LIVE_REPLAY_TIC|tic=5110|mle_ms=11.551|monotonic_ms=20|clock_delta_ms=8.449
|clock_suspect=0
PMLE_LIVE_REPLAY_TIC|tic=5111|mle_ms=10.254|monotonic_ms=10|clock_delta_ms=.254|
clock_suspect=0
PMLE_LIVE_REPLAY_TIC|tic=5112|mle_ms=11.711|monotonic_ms=10|clock_delta_ms=1.711
|clock_suspect=0
PMLE_LIVE_REPLAY_TIC|tic=5113|mle_ms=11.165|monotonic_ms=10|clock_delta_ms=1.165
|clock_suspect=0
PMLE_LIVE_REPLAY_TIC|tic=5114|mle_ms=11.733|monotonic_ms=10|clock_delta_ms=1.733
|clock_suspect=0
PMLE_LIVE_REPLAY_TIC|tic=5115|mle_ms=10.151|monotonic_ms=10|clock_delta_ms=.151|
clock_suspect=0
PMLE_LIVE_REPLAY_TIC|tic=5116|mle_ms=11.883|monotonic_ms=10|clock_delta_ms=1.883
|clock_suspect=0
PMLE_LIVE_REPLAY_TIC|tic=5117|mle_ms=10.016|monotonic_ms=10|clock_delta_ms=.016|
clock_suspect=0
PMLE_LIVE_REPLAY_TIC|tic=5118|mle_ms=11.818|monotonic_ms=20|clock_delta_ms=8.182
|clock_suspect=0
PMLE_LIVE_REPLAY_TIC|tic=5119|mle_ms=10.882|monotonic_ms=10|clock_delta_ms=.882|
clock_suspect=0
PMLE_LIVE_REPLAY_TIC|tic=5120|mle_ms=11.076|monotonic_ms=10|clock_delta_ms=1.076
|clock_suspect=0
PMLE_LIVE_REPLAY_TIC|tic=5121|mle_ms=10.519|monotonic_ms=10|clock_delta_ms=.519|
clock_suspect=0
PMLE_LIVE_REPLAY_TIC|tic=5122|mle_ms=12.192|monotonic_ms=10|clock_delta_ms=2.192
|clock_suspect=0
PMLE_LIVE_REPLAY_TIC|tic=5123|mle_ms=13.749|monotonic_ms=10|clock_delta_ms=3.749
|clock_suspect=0
PMLE_LIVE_REPLAY_TIC|tic=5124|mle_ms=12.634|monotonic_ms=20|clock_delta_ms=7.366
|clock_suspect=0
PMLE_LIVE_REPLAY_TIC|tic=5125|mle_ms=10.162|monotonic_ms=10|clock_delta_ms=.162|
clock_suspect=0
PMLE_LIVE_REPLAY_TIC|tic=5126|mle_ms=10.667|monotonic_ms=10|clock_delta_ms=.667|
clock_suspect=0
PMLE_LIVE_REPLAY_TIC|tic=5127|mle_ms=11.445|monotonic_ms=10|clock_delta_ms=1.445
|clock_suspect=0
PMLE_LIVE_REPLAY_TIC|tic=5128|mle_ms=9.832|monotonic_ms=10|clock_delta_ms=.168|c
lock_suspect=0
PMLE_LIVE_REPLAY_TIC|tic=5129|mle_ms=9.505|monotonic_ms=10|clock_delta_ms=.495|c
lock_suspect=0
PMLE_LIVE_REPLAY_TIC|tic=5130|mle_ms=9.666|monotonic_ms=10|clock_delta_ms=.334|c
lock_suspect=0
PMLE_LIVE_REPLAY_TIC|tic=5131|mle_ms=9.618|monotonic_ms=10|clock_delta_ms=.382|c
lock_suspect=0
PMLE_LIVE_REPLAY_TIC|tic=5132|mle_ms=9.844|monotonic_ms=10|clock_delta_ms=.156|c
lock_suspect=0
PMLE_LIVE_REPLAY_TIC|tic=5133|mle_ms=9.444|monotonic_ms=10|clock_delta_ms=.556|c
lock_suspect=0
PMLE_LIVE_REPLAY_TIC|tic=5134|mle_ms=13.719|monotonic_ms=10|clock_delta_ms=3.719
|clock_suspect=0
PMLE_LIVE_REPLAY_TIC|tic=5135|mle_ms=10.403|monotonic_ms=10|clock_delta_ms=.403|
clock_suspect=0
PMLE_LIVE_REPLAY_TIC|tic=5136|mle_ms=19.315|monotonic_ms=20|clock_delta_ms=.685|
clock_suspect=0
PMLE_LIVE_REPLAY_TIC|tic=5137|mle_ms=12.947|monotonic_ms=20|clock_delta_ms=7.053
|clock_suspect=0
PMLE_LIVE_REPLAY_TIC|tic=5138|mle_ms=10.73|monotonic_ms=10|clock_delta_ms=.73|cl
ock_suspect=0
PMLE_LIVE_REPLAY_TIC|tic=5139|mle_ms=10.673|monotonic_ms=10|clock_delta_ms=.673|
clock_suspect=0
PMLE_LIVE_REPLAY_TIC|tic=5140|mle_ms=10.909|monotonic_ms=10|clock_delta_ms=.909|
clock_suspect=0
PMLE_LIVE_REPLAY_TIC|tic=5141|mle_ms=11.096|monotonic_ms=10|clock_delta_ms=1.096
|clock_suspect=0
PMLE_LIVE_REPLAY_TIC|tic=5142|mle_ms=12.88|monotonic_ms=10|clock_delta_ms=2.88|c
lock_suspect=0
PMLE_LIVE_REPLAY_TIC|tic=5143|mle_ms=12.088|monotonic_ms=10|clock_delta_ms=2.088
|clock_suspect=0
PMLE_LIVE_REPLAY_TIC|tic=5144|mle_ms=13.573|monotonic_ms=20|clock_delta_ms=6.427
|clock_suspect=0
PMLE_LIVE_REPLAY_TIC|tic=5145|mle_ms=12.102|monotonic_ms=10|clock_delta_ms=2.102
|clock_suspect=0
PMLE_LIVE_REPLAY_TIC|tic=5146|mle_ms=12.167|monotonic_ms=10|clock_delta_ms=2.167
|clock_suspect=0
PMLE_LIVE_REPLAY_TIC|tic=5147|mle_ms=9.226|monotonic_ms=10|clock_delta_ms=.774|c
lock_suspect=0
PMLE_LIVE_REPLAY_TIC|tic=5148|mle_ms=9.816|monotonic_ms=10|clock_delta_ms=.184|c
lock_suspect=0
PMLE_LIVE_REPLAY_TIC|tic=5149|mle_ms=10.082|monotonic_ms=10|clock_delta_ms=.082|
clock_suspect=0
PMLE_LIVE_REPLAY_TIC|tic=5150|mle_ms=10.102|monotonic_ms=10|clock_delta_ms=.102|
clock_suspect=0
PMLE_LIVE_REPLAY_TIC|tic=5151|mle_ms=9.31|monotonic_ms=10|clock_delta_ms=.69|clo
ck_suspect=0
PMLE_LIVE_REPLAY_TIC|tic=5152|mle_ms=10.856|monotonic_ms=10|clock_delta_ms=.856|
clock_suspect=0
PMLE_LIVE_REPLAY_TIC|tic=5153|mle_ms=10.562|monotonic_ms=10|clock_delta_ms=.562|
clock_suspect=0
PMLE_LIVE_REPLAY_TIC|tic=5154|mle_ms=11.819|monotonic_ms=10|clock_delta_ms=1.819
|clock_suspect=0
PMLE_LIVE_REPLAY_TIC|tic=5155|mle_ms=10.257|monotonic_ms=10|clock_delta_ms=.257|
clock_suspect=0
PMLE_LIVE_REPLAY_TIC|tic=5156|mle_ms=11.18|monotonic_ms=20|clock_delta_ms=8.82|c
lock_suspect=0
PMLE_LIVE_REPLAY_TIC|tic=5157|mle_ms=8.325|monotonic_ms=0|clock_delta_ms=8.325|c
lock_suspect=0
PMLE_LIVE_REPLAY_TIC|tic=5158|mle_ms=8.968|monotonic_ms=10|clock_delta_ms=1.032|
clock_suspect=0
PMLE_LIVE_REPLAY_TIC|tic=5159|mle_ms=9.288|monotonic_ms=10|clock_delta_ms=.712|c
lock_suspect=0
PMLE_LIVE_REPLAY_TIC|tic=5160|mle_ms=10.354|monotonic_ms=10|clock_delta_ms=.354|
clock_suspect=0
PMLE_LIVE_REPLAY_TIC|tic=5161|mle_ms=9.942|monotonic_ms=10|clock_delta_ms=.058|c
lock_suspect=0
PMLE_LIVE_REPLAY_TIC|tic=5162|mle_ms=10.89|monotonic_ms=10|clock_delta_ms=.89|cl
ock_suspect=0
PMLE_LIVE_REPLAY_TIC|tic=5163|mle_ms=10.012|monotonic_ms=10|clock_delta_ms=.012|
clock_suspect=0
PMLE_LIVE_REPLAY_TIC|tic=5164|mle_ms=11.423|monotonic_ms=20|clock_delta_ms=8.577
|clock_suspect=0
PMLE_LIVE_REPLAY_TIC|tic=5165|mle_ms=9.703|monotonic_ms=10|clock_delta_ms=.297|c
lock_suspect=0
PMLE_LIVE_REPLAY_TIC|tic=5166|mle_ms=10.659|monotonic_ms=10|clock_delta_ms=.659|
clock_suspect=0
PMLE_LIVE_REPLAY_TIC|tic=5167|mle_ms=7.796|monotonic_ms=0|clock_delta_ms=7.796|c
lock_suspect=0
PMLE_LIVE_REPLAY_TIC|tic=5168|mle_ms=8.081|monotonic_ms=10|clock_delta_ms=1.919|
clock_suspect=0
PMLE_LIVE_REPLAY_TIC|tic=5169|mle_ms=9.692|monotonic_ms=10|clock_delta_ms=.308|c
lock_suspect=0
PMLE_LIVE_REPLAY_TIC|tic=5170|mle_ms=8.17|monotonic_ms=10|clock_delta_ms=1.83|cl
ock_suspect=0
PMLE_LIVE_REPLAY_TIC|tic=5171|mle_ms=8.013|monotonic_ms=10|clock_delta_ms=1.987|
clock_suspect=0
PMLE_LIVE_REPLAY_TIC|tic=5172|mle_ms=10.193|monotonic_ms=10|clock_delta_ms=.193|
clock_suspect=0
PMLE_LIVE_REPLAY_TIC|tic=5173|mle_ms=10.737|monotonic_ms=10|clock_delta_ms=.737|
clock_suspect=0
PMLE_LIVE_REPLAY_TIC|tic=5174|mle_ms=11.15|monotonic_ms=10|clock_delta_ms=1.15|c
lock_suspect=0
PMLE_LIVE_REPLAY_TIC|tic=5175|mle_ms=9.518|monotonic_ms=10|clock_delta_ms=.482|c
lock_suspect=0
PMLE_LIVE_REPLAY_TIC|tic=5176|mle_ms=10.41|monotonic_ms=10|clock_delta_ms=.41|cl
ock_suspect=0
PMLE_LIVE_REPLAY_TIC|tic=5177|mle_ms=8.733|monotonic_ms=10|clock_delta_ms=1.267|
clock_suspect=0
PMLE_LIVE_REPLAY_TIC|tic=5178|mle_ms=9.67|monotonic_ms=10|clock_delta_ms=.33|clo
ck_suspect=0
PMLE_LIVE_REPLAY_TIC|tic=5179|mle_ms=9.268|monotonic_ms=10|clock_delta_ms=.732|c
lock_suspect=0
PMLE_LIVE_REPLAY_TIC|tic=5180|mle_ms=8.429|monotonic_ms=10|clock_delta_ms=1.571|
clock_suspect=0
PMLE_LIVE_REPLAY_TIC|tic=5181|mle_ms=9.416|monotonic_ms=10|clock_delta_ms=.584|c
lock_suspect=0
PMLE_LIVE_REPLAY_TIC|tic=5182|mle_ms=10.017|monotonic_ms=10|clock_delta_ms=.017|
clock_suspect=0
PMLE_LIVE_REPLAY_TIC|tic=5183|mle_ms=11.466|monotonic_ms=10|clock_delta_ms=1.466
|clock_suspect=0
PMLE_LIVE_REPLAY_TIC|tic=5184|mle_ms=12.283|monotonic_ms=10|clock_delta_ms=2.283
|clock_suspect=0
PMLE_LIVE_REPLAY_TIC|tic=5185|mle_ms=10.706|monotonic_ms=10|clock_delta_ms=.706|
clock_suspect=0
PMLE_LIVE_REPLAY_TIC|tic=5186|mle_ms=10.638|monotonic_ms=10|clock_delta_ms=.638|
clock_suspect=0
PMLE_LIVE_REPLAY_TIC|tic=5187|mle_ms=9.092|monotonic_ms=10|clock_delta_ms=.908|c
lock_suspect=0
PMLE_LIVE_REPLAY_TIC|tic=5188|mle_ms=9.907|monotonic_ms=10|clock_delta_ms=.093|c
lock_suspect=0
PMLE_LIVE_REPLAY_TIC|tic=5189|mle_ms=9.165|monotonic_ms=10|clock_delta_ms=.835|c
lock_suspect=0
PMLE_LIVE_REPLAY_TIC|tic=5190|mle_ms=9.097|monotonic_ms=10|clock_delta_ms=.903|c
lock_suspect=0
PMLE_LIVE_REPLAY_TIC|tic=5191|mle_ms=9.493|monotonic_ms=10|clock_delta_ms=.507|c
lock_suspect=0
PMLE_LIVE_REPLAY_TIC|tic=5192|mle_ms=11.448|monotonic_ms=10|clock_delta_ms=1.448
|clock_suspect=0
PMLE_LIVE_REPLAY_TIC|tic=5193|mle_ms=9.678|monotonic_ms=10|clock_delta_ms=.322|c
lock_suspect=0
PMLE_LIVE_REPLAY_TIC|tic=5194|mle_ms=12.143|monotonic_ms=10|clock_delta_ms=2.143
|clock_suspect=0
PMLE_LIVE_REPLAY_TIC|tic=5195|mle_ms=10.512|monotonic_ms=10|clock_delta_ms=.512|
clock_suspect=0
PMLE_LIVE_REPLAY_TIC|tic=5196|mle_ms=11.974|monotonic_ms=20|clock_delta_ms=8.026
|clock_suspect=0
PMLE_LIVE_REPLAY_TIC|tic=5197|mle_ms=9.537|monotonic_ms=10|clock_delta_ms=.463|c
lock_suspect=0
PMLE_LIVE_REPLAY_TIC|tic=5198|mle_ms=10.259|monotonic_ms=10|clock_delta_ms=.259|
clock_suspect=0
PMLE_LIVE_REPLAY_TIC|tic=5199|mle_ms=8.838|monotonic_ms=0|clock_delta_ms=8.838|c
lock_suspect=0
PMLE_LIVE_REPLAY_TIC|tic=5200|mle_ms=8.702|monotonic_ms=10|clock_delta_ms=1.298|
clock_suspect=0
PMLE_LIVE_REPLAY_TIC|tic=5201|mle_ms=8.989|monotonic_ms=10|clock_delta_ms=1.011|
clock_suspect=0
PMLE_LIVE_REPLAY_TIC|tic=5202|mle_ms=11.182|monotonic_ms=10|clock_delta_ms=1.182
|clock_suspect=0
PMLE_LIVE_REPLAY_TIC|tic=5203|mle_ms=13.171|monotonic_ms=20|clock_delta_ms=6.829
|clock_suspect=0
PMLE_LIVE_REPLAY_TIC|tic=5204|mle_ms=10.565|monotonic_ms=10|clock_delta_ms=.565|
clock_suspect=0
PMLE_LIVE_REPLAY_TIC|tic=5205|mle_ms=8.186|monotonic_ms=0|clock_delta_ms=8.186|c
lock_suspect=0
PMLE_LIVE_REPLAY_TIC|tic=5206|mle_ms=9.415|monotonic_ms=10|clock_delta_ms=.585|c
lock_suspect=0
PMLE_LIVE_REPLAY_TIC|tic=5207|mle_ms=7.198|monotonic_ms=10|clock_delta_ms=2.802|
clock_suspect=0
PMLE_LIVE_REPLAY_TIC|tic=5208|mle_ms=7.937|monotonic_ms=10|clock_delta_ms=2.063|
clock_suspect=0
PMLE_LIVE_REPLAY_TIC|tic=5209|mle_ms=7.949|monotonic_ms=10|clock_delta_ms=2.051|
clock_suspect=0
PMLE_LIVE_REPLAY_TIC|tic=5210|mle_ms=8.158|monotonic_ms=10|clock_delta_ms=1.842|
clock_suspect=0
PMLE_LIVE_REPLAY_TIC|tic=5211|mle_ms=8.2|monotonic_ms=0|clock_delta_ms=8.2|clock
_suspect=0
PMLE_LIVE_REPLAY_TIC|tic=5212|mle_ms=9.551|monotonic_ms=10|clock_delta_ms=.449|c
lock_suspect=0
PMLE_LIVE_REPLAY_TIC|tic=5213|mle_ms=10.411|monotonic_ms=10|clock_delta_ms=.411|
clock_suspect=0
PMLE_LIVE_REPLAY_TIC|tic=5214|mle_ms=11.529|monotonic_ms=20|clock_delta_ms=8.471
|clock_suspect=0
PMLE_LIVE_REPLAY_TIC|tic=5215|mle_ms=9.751|monotonic_ms=10|clock_delta_ms=.249|c
lock_suspect=0
PMLE_LIVE_REPLAY_TIC|tic=5216|mle_ms=8.872|monotonic_ms=0|clock_delta_ms=8.872|c
lock_suspect=0
PMLE_LIVE_REPLAY_TIC|tic=5217|mle_ms=7.241|monotonic_ms=10|clock_delta_ms=2.759|
clock_suspect=0
PMLE_LIVE_REPLAY_TIC|tic=5218|mle_ms=7.728|monotonic_ms=10|clock_delta_ms=2.272|
clock_suspect=0
PMLE_LIVE_REPLAY_TIC|tic=5219|mle_ms=7.995|monotonic_ms=10|clock_delta_ms=2.005|
clock_suspect=0
PMLE_LIVE_REPLAY_TIC|tic=5220|mle_ms=9.831|monotonic_ms=10|clock_delta_ms=.169|c
lock_suspect=0
PMLE_LIVE_REPLAY_TIC|tic=5221|mle_ms=10.11|monotonic_ms=10|clock_delta_ms=.11|cl
ock_suspect=0
PMLE_LIVE_REPLAY_TIC|tic=5222|mle_ms=10.315|monotonic_ms=10|clock_delta_ms=.315|
clock_suspect=0
PMLE_LIVE_REPLAY_TIC|tic=5223|mle_ms=10.24|monotonic_ms=10|clock_delta_ms=.24|cl
ock_suspect=0
PMLE_LIVE_REPLAY_TIC|tic=5224|mle_ms=10.951|monotonic_ms=10|clock_delta_ms=.951|
clock_suspect=0
PMLE_LIVE_REPLAY_TIC|tic=5225|mle_ms=9.541|monotonic_ms=10|clock_delta_ms=.459|c
lock_suspect=0
PMLE_LIVE_REPLAY_TIC|tic=5226|mle_ms=11.251|monotonic_ms=10|clock_delta_ms=1.251
|clock_suspect=0
PMLE_LIVE_REPLAY_TIC|tic=5227|mle_ms=9.945|monotonic_ms=10|clock_delta_ms=.055|c
lock_suspect=0
PMLE_LIVE_REPLAY_TIC|tic=5228|mle_ms=9.736|monotonic_ms=10|clock_delta_ms=.264|c
lock_suspect=0
PMLE_LIVE_REPLAY_TIC|tic=5229|mle_ms=10.475|monotonic_ms=10|clock_delta_ms=.475|
clock_suspect=0
PMLE_LIVE_REPLAY_TIC|tic=5230|mle_ms=10.581|monotonic_ms=10|clock_delta_ms=.581|
clock_suspect=0
PMLE_LIVE_REPLAY_TIC|tic=5231|mle_ms=10.573|monotonic_ms=10|clock_delta_ms=.573|
clock_suspect=0
PMLE_LIVE_REPLAY_TIC|tic=5232|mle_ms=11.837|monotonic_ms=10|clock_delta_ms=1.837
|clock_suspect=0
PMLE_LIVE_REPLAY_TIC|tic=5233|mle_ms=11.392|monotonic_ms=20|clock_delta_ms=8.608
|clock_suspect=0
PMLE_LIVE_REPLAY_TIC|tic=5234|mle_ms=11.948|monotonic_ms=10|clock_delta_ms=1.948
|clock_suspect=0
PMLE_LIVE_REPLAY_TIC|tic=5235|mle_ms=9.46|monotonic_ms=10|clock_delta_ms=.54|clo
ck_suspect=0
PMLE_LIVE_REPLAY_TIC|tic=5236|mle_ms=11.044|monotonic_ms=10|clock_delta_ms=1.044
|clock_suspect=0
PMLE_LIVE_REPLAY_TIC|tic=5237|mle_ms=11.404|monotonic_ms=10|clock_delta_ms=1.404
|clock_suspect=0
PMLE_LIVE_REPLAY_TIC|tic=5238|mle_ms=9.641|monotonic_ms=10|clock_delta_ms=.359|c
lock_suspect=0
PMLE_LIVE_REPLAY_TIC|tic=5239|mle_ms=9.44|monotonic_ms=10|clock_delta_ms=.56|clo
ck_suspect=0
PMLE_LIVE_REPLAY_TIC|tic=5240|mle_ms=9.451|monotonic_ms=10|clock_delta_ms=.549|c
lock_suspect=0
PMLE_LIVE_REPLAY_TIC|tic=5241|mle_ms=9.129|monotonic_ms=10|clock_delta_ms=.871|c
lock_suspect=0
PMLE_LIVE_REPLAY_TIC|tic=5242|mle_ms=10.527|monotonic_ms=10|clock_delta_ms=.527|
clock_suspect=0
PMLE_LIVE_REPLAY_TIC|tic=5243|mle_ms=10.061|monotonic_ms=10|clock_delta_ms=.061|
clock_suspect=0
PMLE_LIVE_REPLAY_TIC|tic=5244|mle_ms=10.916|monotonic_ms=10|clock_delta_ms=.916|
clock_suspect=0
PMLE_LIVE_REPLAY_TIC|tic=5245|mle_ms=9.832|monotonic_ms=10|clock_delta_ms=.168|c
lock_suspect=0
PMLE_LIVE_REPLAY_TIC|tic=5246|mle_ms=10.886|monotonic_ms=10|clock_delta_ms=.886|
clock_suspect=0
PMLE_LIVE_REPLAY_TIC|tic=5247|mle_ms=8.555|monotonic_ms=10|clock_delta_ms=1.445|
clock_suspect=0
PMLE_LIVE_REPLAY_TIC|tic=5248|mle_ms=8.597|monotonic_ms=10|clock_delta_ms=1.403|
clock_suspect=0
PMLE_LIVE_REPLAY_TIC|tic=5249|mle_ms=7.91|monotonic_ms=10|clock_delta_ms=2.09|cl
ock_suspect=0
PMLE_LIVE_REPLAY_TIC|tic=5250|mle_ms=8.49|monotonic_ms=0|clock_delta_ms=8.49|clo
ck_suspect=0
PMLE_LIVE_REPLAY_CLOCK|tics=5250|disagreement_limit_ms=30|suspects=1|maximum_sus
pects=26|verdict=PASS
PMLE_LIVE_REPLAY_TICKER|stream=live-dm-2026-07-23|tics=5250|p50_ms=37.103|p95_ms
=142.08|p99_ms=200.589|max_ms=323.153|throughput_tps=19.849|monotonic_centisecon
ds=26459|monotonic_tps=19.842
PMLE_LIVE_REPLAY_WINDOW|through_tic=100|tics=100|wall_ms=6990.136|monotonic_cent
iseconds=698|monotonic_tps=14.327|memory=iwadBytes=28795076|frameBytes=64000|thi
nkers=247|mobjs=238|killMonsters=29|livingMonsters=29|awakeMonsters=9|movingMons
ters=0|vertexes=1196|segs=2057|sectors=182|subsectors=682|nodes=681|lines=1175|s
ides=1829|blockmapInts=3764|blocklinks=864|rejectBytes=4141
PMLE_LIVE_REPLAY_WINDOW|through_tic=200|tics=100|wall_ms=10742.616|monotonic_cen
tiseconds=1075|monotonic_tps=9.302|memory=iwadBytes=28795076|frameBytes=64000|th
inkers=254|mobjs=243|killMonsters=29|livingMonsters=28|awakeMonsters=20|movingMo
nsters=2|vertexes=1196|segs=2057|sectors=182|subsectors=682|nodes=681|lines=1175
|sides=1829|blockmapInts=3764|blocklinks=864|rejectBytes=4141
PMLE_LIVE_REPLAY_WINDOW|through_tic=300|tics=100|wall_ms=13823.161|monotonic_cen
tiseconds=1382|monotonic_tps=7.236|memory=iwadBytes=28795076|frameBytes=64000|th
inkers=253|mobjs=243|killMonsters=29|livingMonsters=28|awakeMonsters=20|movingMo
nsters=1|vertexes=1196|segs=2057|sectors=182|subsectors=682|nodes=681|lines=1175
|sides=1829|blockmapInts=3764|blocklinks=864|rejectBytes=4141
PMLE_LIVE_REPLAY_WINDOW|through_tic=400|tics=100|wall_ms=13072.712|monotonic_cen
tiseconds=1307|monotonic_tps=7.651|memory=iwadBytes=28795076|frameBytes=64000|th
inkers=250|mobjs=240|killMonsters=29|livingMonsters=28|awakeMonsters=20|movingMo
nsters=0|vertexes=1196|segs=2057|sectors=182|subsectors=682|nodes=681|lines=1175
|sides=1829|blockmapInts=3764|blocklinks=864|rejectBytes=4141
PMLE_LIVE_REPLAY_WINDOW|through_tic=500|tics=100|wall_ms=12545.009|monotonic_cen
tiseconds=1254|monotonic_tps=7.974|memory=iwadBytes=28795076|frameBytes=64000|th
inkers=248|mobjs=239|killMonsters=29|livingMonsters=28|awakeMonsters=20|movingMo
nsters=0|vertexes=1196|segs=2057|sectors=182|subsectors=682|nodes=681|lines=1175
|sides=1829|blockmapInts=3764|blocklinks=864|rejectBytes=4141
PMLE_LIVE_REPLAY_WINDOW|through_tic=600|tics=100|wall_ms=10603.13|monotonic_cent
iseconds=1061|monotonic_tps=9.425|memory=iwadBytes=28795076|frameBytes=64000|thi
nkers=247|mobjs=238|killMonsters=29|livingMonsters=28|awakeMonsters=20|movingMon
sters=0|vertexes=1196|segs=2057|sectors=182|subsectors=682|nodes=681|lines=1175|
sides=1829|blockmapInts=3764|blocklinks=864|rejectBytes=4141
PMLE_LIVE_REPLAY_WINDOW|through_tic=700|tics=100|wall_ms=11558.184|monotonic_cen
tiseconds=1156|monotonic_tps=8.651|memory=iwadBytes=28795076|frameBytes=64000|th
inkers=249|mobjs=239|killMonsters=29|livingMonsters=28|awakeMonsters=20|movingMo
nsters=0|vertexes=1196|segs=2057|sectors=182|subsectors=682|nodes=681|lines=1175
|sides=1829|blockmapInts=3764|blocklinks=864|rejectBytes=4141
PMLE_LIVE_REPLAY_WINDOW|through_tic=800|tics=100|wall_ms=6329.211|monotonic_cent
iseconds=633|monotonic_tps=15.798|memory=iwadBytes=28795076|frameBytes=64000|thi
nkers=240|mobjs=231|killMonsters=29|livingMonsters=28|awakeMonsters=20|movingMon
sters=2|vertexes=1196|segs=2057|sectors=182|subsectors=682|nodes=681|lines=1175|
sides=1829|blockmapInts=3764|blocklinks=864|rejectBytes=4141
PMLE_LIVE_REPLAY_WINDOW|through_tic=900|tics=100|wall_ms=6001.387|monotonic_cent
iseconds=600|monotonic_tps=16.667|memory=iwadBytes=28795076|frameBytes=64000|thi
nkers=241|mobjs=232|killMonsters=29|livingMonsters=27|awakeMonsters=19|movingMon
sters=0|vertexes=1196|segs=2057|sectors=182|subsectors=682|nodes=681|lines=1175|
sides=1829|blockmapInts=3764|blocklinks=864|rejectBytes=4141
PMLE_LIVE_REPLAY_WINDOW|through_tic=1000|tics=100|wall_ms=5850.887|monotonic_cen
tiseconds=585|monotonic_tps=17.094|memory=iwadBytes=28795076|frameBytes=64000|th
inkers=241|mobjs=231|killMonsters=29|livingMonsters=26|awakeMonsters=18|movingMo
nsters=0|vertexes=1196|segs=2057|sectors=182|subsectors=682|nodes=681|lines=1175
|sides=1829|blockmapInts=3764|blocklinks=864|rejectBytes=4141
PMLE_LIVE_REPLAY_WINDOW|through_tic=1100|tics=100|wall_ms=5388.701|monotonic_cen
tiseconds=539|monotonic_tps=18.553|memory=iwadBytes=28795076|frameBytes=64000|th
inkers=238|mobjs=228|killMonsters=29|livingMonsters=24|awakeMonsters=18|movingMo
nsters=0|vertexes=1196|segs=2057|sectors=182|subsectors=682|nodes=681|lines=1175
|sides=1829|blockmapInts=3764|blocklinks=864|rejectBytes=4141
PMLE_LIVE_REPLAY_WINDOW|through_tic=1200|tics=100|wall_ms=4567.663|monotonic_cen
tiseconds=456|monotonic_tps=21.93|memory=iwadBytes=28795076|frameBytes=64000|thi
nkers=244|mobjs=234|killMonsters=29|livingMonsters=21|awakeMonsters=15|movingMon
sters=0|vertexes=1196|segs=2057|sectors=182|subsectors=682|nodes=681|lines=1175|
sides=1829|blockmapInts=3764|blocklinks=864|rejectBytes=4141
PMLE_LIVE_REPLAY_WINDOW|through_tic=1300|tics=100|wall_ms=3000.115|monotonic_cen
tiseconds=300|monotonic_tps=33.333|memory=iwadBytes=28795076|frameBytes=64000|th
inkers=237|mobjs=227|killMonsters=29|livingMonsters=21|awakeMonsters=15|movingMo
nsters=0|vertexes=1196|segs=2057|sectors=182|subsectors=682|nodes=681|lines=1175
|sides=1829|blockmapInts=3764|blocklinks=864|rejectBytes=4141
PMLE_LIVE_REPLAY_WINDOW|through_tic=1400|tics=100|wall_ms=2410.556|monotonic_cen
tiseconds=241|monotonic_tps=41.494|memory=iwadBytes=28795076|frameBytes=64000|th
inkers=237|mobjs=227|killMonsters=29|livingMonsters=21|awakeMonsters=15|movingMo
nsters=0|vertexes=1196|segs=2057|sectors=182|subsectors=682|nodes=681|lines=1175
|sides=1829|blockmapInts=3764|blocklinks=864|rejectBytes=4141
PMLE_LIVE_REPLAY_WINDOW|through_tic=1500|tics=100|wall_ms=4022.389|monotonic_cen
tiseconds=402|monotonic_tps=24.876|memory=iwadBytes=28795076|frameBytes=64000|th
inkers=235|mobjs=226|killMonsters=29|livingMonsters=21|awakeMonsters=15|movingMo
nsters=0|vertexes=1196|segs=2057|sectors=182|subsectors=682|nodes=681|lines=1175
|sides=1829|blockmapInts=3764|blocklinks=864|rejectBytes=4141
PMLE_LIVE_REPLAY_WINDOW|through_tic=1600|tics=100|wall_ms=4629.709|monotonic_cen
tiseconds=463|monotonic_tps=21.598|memory=iwadBytes=28795076|frameBytes=64000|th
inkers=239|mobjs=229|killMonsters=29|livingMonsters=21|awakeMonsters=15|movingMo
nsters=0|vertexes=1196|segs=2057|sectors=182|subsectors=682|nodes=681|lines=1175
|sides=1829|blockmapInts=3764|blocklinks=864|rejectBytes=4141
PMLE_LIVE_REPLAY_WINDOW|through_tic=1700|tics=100|wall_ms=8333.097|monotonic_cen
tiseconds=843|monotonic_tps=11.862|memory=iwadBytes=28795076|frameBytes=64000|th
inkers=239|mobjs=229|killMonsters=29|livingMonsters=19|awakeMonsters=17|movingMo
nsters=0|vertexes=1196|segs=2057|sectors=182|subsectors=682|nodes=681|lines=1175
|sides=1829|blockmapInts=3764|blocklinks=864|rejectBytes=4141
PMLE_LIVE_REPLAY_WINDOW|through_tic=1800|tics=100|wall_ms=5127.674|monotonic_cen
tiseconds=513|monotonic_tps=19.493|memory=iwadBytes=28795076|frameBytes=64000|th
inkers=242|mobjs=232|killMonsters=29|livingMonsters=18|awakeMonsters=16|movingMo
nsters=1|vertexes=1196|segs=2057|sectors=182|subsectors=682|nodes=681|lines=1175
|sides=1829|blockmapInts=3764|blocklinks=864|rejectBytes=4141
PMLE_LIVE_REPLAY_WINDOW|through_tic=1900|tics=100|wall_ms=6099.289|monotonic_cen
tiseconds=610|monotonic_tps=16.393|memory=iwadBytes=28795076|frameBytes=64000|th
inkers=235|mobjs=226|killMonsters=29|livingMonsters=18|awakeMonsters=16|movingMo
nsters=1|vertexes=1196|segs=2057|sectors=182|subsectors=682|nodes=681|lines=1175
|sides=1829|blockmapInts=3764|blocklinks=864|rejectBytes=4141
PMLE_LIVE_REPLAY_WINDOW|through_tic=2000|tics=100|wall_ms=5936.945|monotonic_cen
tiseconds=593|monotonic_tps=16.863|memory=iwadBytes=28795076|frameBytes=64000|th
inkers=234|mobjs=225|killMonsters=29|livingMonsters=17|awakeMonsters=15|movingMo
nsters=0|vertexes=1196|segs=2057|sectors=182|subsectors=682|nodes=681|lines=1175
|sides=1829|blockmapInts=3764|blocklinks=864|rejectBytes=4141
PMLE_LIVE_REPLAY_WINDOW|through_tic=2100|tics=100|wall_ms=5117.031|monotonic_cen
tiseconds=512|monotonic_tps=19.531|memory=iwadBytes=28795076|frameBytes=64000|th
inkers=234|mobjs=225|killMonsters=29|livingMonsters=17|awakeMonsters=15|movingMo
nsters=0|vertexes=1196|segs=2057|sectors=182|subsectors=682|nodes=681|lines=1175
|sides=1829|blockmapInts=3764|blocklinks=864|rejectBytes=4141
PMLE_LIVE_REPLAY_WINDOW|through_tic=2200|tics=100|wall_ms=5394.321|monotonic_cen
tiseconds=539|monotonic_tps=18.553|memory=iwadBytes=28795076|frameBytes=64000|th
inkers=234|mobjs=225|killMonsters=29|livingMonsters=17|awakeMonsters=15|movingMo
nsters=0|vertexes=1196|segs=2057|sectors=182|subsectors=682|nodes=681|lines=1175
|sides=1829|blockmapInts=3764|blocklinks=864|rejectBytes=4141
PMLE_LIVE_REPLAY_WINDOW|through_tic=2300|tics=100|wall_ms=4431.397|monotonic_cen
tiseconds=443|monotonic_tps=22.573|memory=iwadBytes=28795076|frameBytes=64000|th
inkers=234|mobjs=225|killMonsters=29|livingMonsters=17|awakeMonsters=15|movingMo
nsters=0|vertexes=1196|segs=2057|sectors=182|subsectors=682|nodes=681|lines=1175
|sides=1829|blockmapInts=3764|blocklinks=864|rejectBytes=4141
PMLE_LIVE_REPLAY_WINDOW|through_tic=2400|tics=100|wall_ms=5743.71|monotonic_cent
iseconds=574|monotonic_tps=17.422|memory=iwadBytes=28795076|frameBytes=64000|thi
nkers=235|mobjs=225|killMonsters=29|livingMonsters=17|awakeMonsters=15|movingMon
sters=0|vertexes=1196|segs=2057|sectors=182|subsectors=682|nodes=681|lines=1175|
sides=1829|blockmapInts=3764|blocklinks=864|rejectBytes=4141
PMLE_LIVE_REPLAY_WINDOW|through_tic=2500|tics=100|wall_ms=5059.64|monotonic_cent
iseconds=506|monotonic_tps=19.763|memory=iwadBytes=28795076|frameBytes=64000|thi
nkers=237|mobjs=227|killMonsters=29|livingMonsters=17|awakeMonsters=15|movingMon
sters=0|vertexes=1196|segs=2057|sectors=182|subsectors=682|nodes=681|lines=1175|
sides=1829|blockmapInts=3764|blocklinks=864|rejectBytes=4141
PMLE_LIVE_REPLAY_WINDOW|through_tic=2600|tics=100|wall_ms=4222.218|monotonic_cen
tiseconds=422|monotonic_tps=23.697|memory=iwadBytes=28795076|frameBytes=64000|th
inkers=238|mobjs=228|killMonsters=29|livingMonsters=17|awakeMonsters=15|movingMo
nsters=0|vertexes=1196|segs=2057|sectors=182|subsectors=682|nodes=681|lines=1175
|sides=1829|blockmapInts=3764|blocklinks=864|rejectBytes=4141
PMLE_LIVE_REPLAY_WINDOW|through_tic=2700|tics=100|wall_ms=6707.577|monotonic_cen
tiseconds=671|monotonic_tps=14.903|memory=iwadBytes=28795076|frameBytes=64000|th
inkers=236|mobjs=227|killMonsters=29|livingMonsters=17|awakeMonsters=15|movingMo
nsters=0|vertexes=1196|segs=2057|sectors=182|subsectors=682|nodes=681|lines=1175
|sides=1829|blockmapInts=3764|blocklinks=864|rejectBytes=4141
PMLE_LIVE_REPLAY_WINDOW|through_tic=2800|tics=100|wall_ms=6300.588|monotonic_cen
tiseconds=631|monotonic_tps=15.848|memory=iwadBytes=28795076|frameBytes=64000|th
inkers=234|mobjs=225|killMonsters=29|livingMonsters=17|awakeMonsters=15|movingMo
nsters=0|vertexes=1196|segs=2057|sectors=182|subsectors=682|nodes=681|lines=1175
|sides=1829|blockmapInts=3764|blocklinks=864|rejectBytes=4141
PMLE_LIVE_REPLAY_WINDOW|through_tic=2900|tics=100|wall_ms=5866.741|monotonic_cen
tiseconds=587|monotonic_tps=17.036|memory=iwadBytes=28795076|frameBytes=64000|th
inkers=234|mobjs=225|killMonsters=29|livingMonsters=17|awakeMonsters=15|movingMo
nsters=0|vertexes=1196|segs=2057|sectors=182|subsectors=682|nodes=681|lines=1175
|sides=1829|blockmapInts=3764|blocklinks=864|rejectBytes=4141
PMLE_LIVE_REPLAY_WINDOW|through_tic=3000|tics=100|wall_ms=5597.388|monotonic_cen
tiseconds=560|monotonic_tps=17.857|memory=iwadBytes=28795076|frameBytes=64000|th
inkers=234|mobjs=225|killMonsters=29|livingMonsters=17|awakeMonsters=15|movingMo
nsters=0|vertexes=1196|segs=2057|sectors=182|subsectors=682|nodes=681|lines=1175
|sides=1829|blockmapInts=3764|blocklinks=864|rejectBytes=4141
PMLE_LIVE_REPLAY_WINDOW|through_tic=3100|tics=100|wall_ms=5765.537|monotonic_cen
tiseconds=576|monotonic_tps=17.361|memory=iwadBytes=28795076|frameBytes=64000|th
inkers=234|mobjs=225|killMonsters=29|livingMonsters=17|awakeMonsters=15|movingMo
nsters=0|vertexes=1196|segs=2057|sectors=182|subsectors=682|nodes=681|lines=1175
|sides=1829|blockmapInts=3764|blocklinks=864|rejectBytes=4141
PMLE_LIVE_REPLAY_WINDOW|through_tic=3200|tics=100|wall_ms=4502.061|monotonic_cen
tiseconds=450|monotonic_tps=22.222|memory=iwadBytes=28795076|frameBytes=64000|th
inkers=236|mobjs=226|killMonsters=29|livingMonsters=17|awakeMonsters=15|movingMo
nsters=0|vertexes=1196|segs=2057|sectors=182|subsectors=682|nodes=681|lines=1175
|sides=1829|blockmapInts=3764|blocklinks=864|rejectBytes=4141
PMLE_LIVE_REPLAY_WINDOW|through_tic=3300|tics=100|wall_ms=5664.27|monotonic_cent
iseconds=567|monotonic_tps=17.637|memory=iwadBytes=28795076|frameBytes=64000|thi
nkers=236|mobjs=226|killMonsters=29|livingMonsters=17|awakeMonsters=15|movingMon
sters=0|vertexes=1196|segs=2057|sectors=182|subsectors=682|nodes=681|lines=1175|
sides=1829|blockmapInts=3764|blocklinks=864|rejectBytes=4141
PMLE_LIVE_REPLAY_WINDOW|through_tic=3400|tics=100|wall_ms=3763.223|monotonic_cen
tiseconds=376|monotonic_tps=26.596|memory=iwadBytes=28795076|frameBytes=64000|th
inkers=235|mobjs=225|killMonsters=29|livingMonsters=17|awakeMonsters=15|movingMo
nsters=0|vertexes=1196|segs=2057|sectors=182|subsectors=682|nodes=681|lines=1175
|sides=1829|blockmapInts=3764|blocklinks=864|rejectBytes=4141
PMLE_LIVE_REPLAY_WINDOW|through_tic=3500|tics=100|wall_ms=7721.578|monotonic_cen
tiseconds=772|monotonic_tps=12.953|memory=iwadBytes=28795076|frameBytes=64000|th
inkers=240|mobjs=231|killMonsters=29|livingMonsters=17|awakeMonsters=15|movingMo
nsters=0|vertexes=1196|segs=2057|sectors=182|subsectors=682|nodes=681|lines=1175
|sides=1829|blockmapInts=3764|blocklinks=864|rejectBytes=4141
PMLE_LIVE_REPLAY_WINDOW|through_tic=3600|tics=100|wall_ms=4933.068|monotonic_cen
tiseconds=493|monotonic_tps=20.284|memory=iwadBytes=28795076|frameBytes=64000|th
inkers=234|mobjs=225|killMonsters=29|livingMonsters=17|awakeMonsters=15|movingMo
nsters=0|vertexes=1196|segs=2057|sectors=182|subsectors=682|nodes=681|lines=1175
|sides=1829|blockmapInts=3764|blocklinks=864|rejectBytes=4141
PMLE_LIVE_REPLAY_WINDOW|through_tic=3700|tics=100|wall_ms=3992.12|monotonic_cent
iseconds=399|monotonic_tps=25.063|memory=iwadBytes=28795076|frameBytes=64000|thi
nkers=234|mobjs=225|killMonsters=29|livingMonsters=17|awakeMonsters=15|movingMon
sters=0|vertexes=1196|segs=2057|sectors=182|subsectors=682|nodes=681|lines=1175|
sides=1829|blockmapInts=3764|blocklinks=864|rejectBytes=4141
PMLE_LIVE_REPLAY_WINDOW|through_tic=3800|tics=100|wall_ms=3975.166|monotonic_cen
tiseconds=397|monotonic_tps=25.189|memory=iwadBytes=28795076|frameBytes=64000|th
inkers=234|mobjs=225|killMonsters=29|livingMonsters=17|awakeMonsters=15|movingMo
nsters=0|vertexes=1196|segs=2057|sectors=182|subsectors=682|nodes=681|lines=1175
|sides=1829|blockmapInts=3764|blocklinks=864|rejectBytes=4141
PMLE_LIVE_REPLAY_WINDOW|through_tic=3900|tics=100|wall_ms=3393.42|monotonic_cent
iseconds=340|monotonic_tps=29.412|memory=iwadBytes=28795076|frameBytes=64000|thi
nkers=235|mobjs=226|killMonsters=29|livingMonsters=17|awakeMonsters=15|movingMon
sters=0|vertexes=1196|segs=2057|sectors=182|subsectors=682|nodes=681|lines=1175|
sides=1829|blockmapInts=3764|blocklinks=864|rejectBytes=4141
PMLE_LIVE_REPLAY_WINDOW|through_tic=4000|tics=100|wall_ms=3303.366|monotonic_cen
tiseconds=330|monotonic_tps=30.303|memory=iwadBytes=28795076|frameBytes=64000|th
inkers=236|mobjs=227|killMonsters=29|livingMonsters=17|awakeMonsters=15|movingMo
nsters=0|vertexes=1196|segs=2057|sectors=182|subsectors=682|nodes=681|lines=1175
|sides=1829|blockmapInts=3764|blocklinks=864|rejectBytes=4141
PMLE_LIVE_REPLAY_WINDOW|through_tic=4100|tics=100|wall_ms=3005.969|monotonic_cen
tiseconds=301|monotonic_tps=33.223|memory=iwadBytes=28795076|frameBytes=64000|th
inkers=236|mobjs=227|killMonsters=29|livingMonsters=17|awakeMonsters=15|movingMo
nsters=0|vertexes=1196|segs=2057|sectors=182|subsectors=682|nodes=681|lines=1175
|sides=1829|blockmapInts=3764|blocklinks=864|rejectBytes=4141
PMLE_LIVE_REPLAY_WINDOW|through_tic=4200|tics=100|wall_ms=1289.939|monotonic_cen
tiseconds=129|monotonic_tps=77.519|memory=iwadBytes=28795076|frameBytes=64000|th
inkers=234|mobjs=225|killMonsters=29|livingMonsters=17|awakeMonsters=15|movingMo
nsters=0|vertexes=1196|segs=2057|sectors=182|subsectors=682|nodes=681|lines=1175
|sides=1829|blockmapInts=3764|blocklinks=864|rejectBytes=4141
PMLE_LIVE_REPLAY_WINDOW|through_tic=4300|tics=100|wall_ms=987.276|monotonic_cent
iseconds=99|monotonic_tps=101.01|memory=iwadBytes=28795076|frameBytes=64000|thin
kers=234|mobjs=225|killMonsters=29|livingMonsters=17|awakeMonsters=15|movingMons
ters=0|vertexes=1196|segs=2057|sectors=182|subsectors=682|nodes=681|lines=1175|s
ides=1829|blockmapInts=3764|blocklinks=864|rejectBytes=4141
PMLE_LIVE_REPLAY_WINDOW|through_tic=4400|tics=100|wall_ms=1022.583|monotonic_cen
tiseconds=102|monotonic_tps=98.039|memory=iwadBytes=28795076|frameBytes=64000|th
inkers=234|mobjs=225|killMonsters=29|livingMonsters=17|awakeMonsters=15|movingMo
nsters=0|vertexes=1196|segs=2057|sectors=182|subsectors=682|nodes=681|lines=1175
|sides=1829|blockmapInts=3764|blocklinks=864|rejectBytes=4141
PMLE_LIVE_REPLAY_WINDOW|through_tic=4500|tics=100|wall_ms=1074.408|monotonic_cen
tiseconds=107|monotonic_tps=93.458|memory=iwadBytes=28795076|frameBytes=64000|th
inkers=234|mobjs=225|killMonsters=29|livingMonsters=17|awakeMonsters=15|movingMo
nsters=0|vertexes=1196|segs=2057|sectors=182|subsectors=682|nodes=681|lines=1175
|sides=1829|blockmapInts=3764|blocklinks=864|rejectBytes=4141
PMLE_LIVE_REPLAY_WINDOW|through_tic=4600|tics=100|wall_ms=1062.272|monotonic_cen
tiseconds=106|monotonic_tps=94.34|memory=iwadBytes=28795076|frameBytes=64000|thi
nkers=234|mobjs=225|killMonsters=29|livingMonsters=17|awakeMonsters=15|movingMon
sters=0|vertexes=1196|segs=2057|sectors=182|subsectors=682|nodes=681|lines=1175|
sides=1829|blockmapInts=3764|blocklinks=864|rejectBytes=4141
PMLE_LIVE_REPLAY_WINDOW|through_tic=4700|tics=100|wall_ms=1010.425|monotonic_cen
tiseconds=101|monotonic_tps=99.01|memory=iwadBytes=28795076|frameBytes=64000|thi
nkers=234|mobjs=225|killMonsters=29|livingMonsters=17|awakeMonsters=15|movingMon
sters=0|vertexes=1196|segs=2057|sectors=182|subsectors=682|nodes=681|lines=1175|
sides=1829|blockmapInts=3764|blocklinks=864|rejectBytes=4141
PMLE_LIVE_REPLAY_WINDOW|through_tic=4800|tics=100|wall_ms=972.243|monotonic_cent
iseconds=97|monotonic_tps=103.093|memory=iwadBytes=28795076|frameBytes=64000|thi
nkers=234|mobjs=225|killMonsters=29|livingMonsters=17|awakeMonsters=15|movingMon
sters=0|vertexes=1196|segs=2057|sectors=182|subsectors=682|nodes=681|lines=1175|
sides=1829|blockmapInts=3764|blocklinks=864|rejectBytes=4141
PMLE_LIVE_REPLAY_WINDOW|through_tic=4900|tics=100|wall_ms=958.78|monotonic_centi
seconds=96|monotonic_tps=104.167|memory=iwadBytes=28795076|frameBytes=64000|thin
kers=234|mobjs=225|killMonsters=29|livingMonsters=17|awakeMonsters=15|movingMons
ters=0|vertexes=1196|segs=2057|sectors=182|subsectors=682|nodes=681|lines=1175|s
ides=1829|blockmapInts=3764|blocklinks=864|rejectBytes=4141
PMLE_LIVE_REPLAY_WINDOW|through_tic=5000|tics=100|wall_ms=954.568|monotonic_cent
iseconds=96|monotonic_tps=104.167|memory=iwadBytes=28795076|frameBytes=64000|thi
nkers=234|mobjs=225|killMonsters=29|livingMonsters=17|awakeMonsters=15|movingMon
sters=0|vertexes=1196|segs=2057|sectors=182|subsectors=682|nodes=681|lines=1175|
sides=1829|blockmapInts=3764|blocklinks=864|rejectBytes=4141
PMLE_LIVE_REPLAY_WINDOW|through_tic=5100|tics=100|wall_ms=992.291|monotonic_cent
iseconds=99|monotonic_tps=101.01|memory=iwadBytes=28795076|frameBytes=64000|thin
kers=234|mobjs=225|killMonsters=29|livingMonsters=17|awakeMonsters=15|movingMons
ters=0|vertexes=1196|segs=2057|sectors=182|subsectors=682|nodes=681|lines=1175|s
ides=1829|blockmapInts=3764|blocklinks=864|rejectBytes=4141
PMLE_LIVE_REPLAY_WINDOW|through_tic=5200|tics=100|wall_ms=1066.711|monotonic_cen
tiseconds=106|monotonic_tps=94.34|memory=iwadBytes=28795076|frameBytes=64000|thi
nkers=234|mobjs=225|killMonsters=29|livingMonsters=17|awakeMonsters=15|movingMon
sters=0|vertexes=1196|segs=2057|sectors=182|subsectors=682|nodes=681|lines=1175|
sides=1829|blockmapInts=3764|blocklinks=864|rejectBytes=4141
PMLE_LIVE_REPLAY_WINDOW|through_tic=5250|tics=50|wall_ms=492.829|monotonic_centi
seconds=49|monotonic_tps=102.041|memory=iwadBytes=28795076|frameBytes=64000|thin
kers=234|mobjs=225|killMonsters=29|livingMonsters=17|awakeMonsters=15|movingMons
ters=0|vertexes=1196|segs=2057|sectors=182|subsectors=682|nodes=681|lines=1175|s
ides=1829|blockmapInts=3764|blocklinks=864|rejectBytes=4141
PMLE_LIVE_REPLAY_MEMORY|iwadBytes=28795076|frameBytes=64000|thinkers=234|mobjs=2
25|killMonsters=29|livingMonsters=17|awakeMonsters=15|movingMonsters=0|vertexes=
1196|segs=2057|sectors=182|subsectors=682|nodes=681|lines=1175|sides=1829|blockm
apInts=3764|blocklinks=864|rejectBytes=4141
P_GetNodesVersion: using normal BSP nodes
Max size 65990
PMLE_LIVE_REPLAY_WARM_PREFIX|after_full_tics=5250|tics=500|p50_ms=109.5|p95_ms=1
96.378|p99_ms=264.389|max_ms=300.933|throughput_tps=8.716|monotonic_centiseconds
=5737|monotonic_tps=8.715
